43186
82739
74676
33274
89358
30228
88621
41914
72061
27780
51494
66499
84499
77412
50749
17184
23795
22959
20142
52607
90995
31827
51135
1410
70807
56791
17673
20246
63373
83189
70023
40751
61861
93034
73972
58477
55739
27417
18259
22528
91527
54265
45464
38945
30508
2642
76975
88867
63516
61906
56974
71439
12461
67108
57630
88710
8667
10602
37868
58105
2160
77974
84316
76146
6087
90515
6416
42259
78839
12310
8852
31179
69047
61501
70212
19243
6698
82825
31701
94217
47380
36543
4691
9957
14712
13992
43228
51174
77137
28593
14379
37312
74642
44689
83680
13122
86555
47783
83124
86217
9785
77396
25138
13333
2870
3186
41520
72483
43782
94525
35910
54170
58749
33098
1180
56889
56197
80653
73694
62708
61867
63070
87812
17866
16301
17354
74850
79713
77863
16481
18463
41516
49860
81564
16123
71542
20197
83722
90375
66624
25275
10727
8699
83645
76835
37103
30170
7492
92275
25804
66123
5620
83551
36536
61154
31328
41487
55925
47946
71471
65788
94827
58754
60031
64161
15687
20907
7533
81461
19533
9615
79825
83966
65326
13367
3317
42751
92100
34143
46364
86170
4324
39072
48172
64131
12953
80853
26501
35991
57601
69333
41423
15345
54430
89266
36840
40503
78877
86482
5326
93628
67305
86850
12035
90403
12779
20797
45582
73051
55789
89759
40688
524
27517
14362
79724
61677
83775
15707
89617
67105
41458
86307
15822
68866
38251
132
79658
46873
18722
28083
21630
60326
10159
21454
31325
45414
89981
24758
84615
4752
32353
26914
9615
89586
42010
24913
17692
51341
7286
60382
78751
73661
25703
76008
63676
33367
81466
43129
40304
65832
54387
89669
30872
39080
92813
69867
47340
26944
80133
53308
21523
86860
37355
71053
48589
53489
72790
800
33096
77844
25392
62080
65687
28495
35898
15433
19588
90373
71684
41324
84489
10560
82407
56849
19096
15428
55752
24592
49538
62039
45713
45042
62049
72355
12886
18019
21245
26964
73260
87356
94105
56525
80096
17809
35831
34443
27821
90340
77587
52321
11701
37451
22350
69340
79164
23111
84305
64332
68081
1842
49457
11132
54321
72870
42777
87350
53274
63060
10329
64166
65529
14111
2731
29045
28074
40460
22730
68692
63491
50085
32207
39478
69508
58459
80283
54166
47231
3994
58050
27027
6058
83646
75301
95652
53094
51688
44386
92400
40850
43028
11442
76037
11633
65032
18333
68541
44891
11041
46251
21995
69844
42127
34428
42231
3983
39141
60304
19004
23927
5127
330
36177
34173
75480
21983
63868
46516
523
7224
88314
91276
13485
55429
46046
68945
94157
11820
73041
38422
48471
76400
51336
23957
9453
21464
75408
6389
76094
74675
87481
27322
82131
70833
4904
83802
71667
31871
18798
8968
67677
39724
94337
3671
63297
22090
18567
48160
88690
81899
56028
4434
84202
81942
29648
27373
45980
16368
41047
95869
86308
25727
67098
82637
2515
95260
19326
89085
41218
71568
63574
16912
4509
90234
27081
56679
47528
60154
59009
63696
23272
9297
8901
2724
36002
22532
50757
24720
38976
62494
66297
92243
63442
20760
92873
19490
37154
50044
85953
35027
82807
84523
78056
56000
740
51709
42214
83286
50455
72926
27854
25827
41869
83899
3816
4577
35063
69183
32866
575
86801
35352
66934
22110
56722
5497
48106
91397
624
54509
16264
81679
71843
21631
68827
81519
73577
82041
91817
53395
27102
10660
34548
28554
92040
82012
75604
83621
70282
53843
81597
52647
41847
32804
49278
43431
50327
4410
30331
44785
26749
92153
5416
17085
63083
59970
63991
18700
7717
72718
11708
20988
18371
7106
86445
31611
12710
84080
47552
58217
87655
9291
14890
71358
73069
1011
82162
93921
37647
88521
57278
5863
10398
27975
63210
54179
41998
91193
16562
87515
13416
69287
84773
250
64869
29408
16779
90501
77700
80170
60440
84678
16966
42979
92476
66442
53782
69055
66416
72497
56307
39397
45014
66470
93620
26468
30847
48485
31606
1418
27369
36187
22828
47456
85044
44760
86650
21199
66728
58918
58693
46968
26324
77811
64083
20219
76904
62734
21906
23131
38188
58499
77047
10433
27199
38022
22853
82871
6730
96003
75025
83209
91220
43045
80009
4308
71538
38268
4358
71346
35595
6897
81810
3379
39244
312
53953
3255
37832
31155
68760
53943
89038
91250
58389
70870
62654
83852
85192
11488
88037
22103
32463
89867
40980
7743
28892
77146
33462
93774
26655
95718
74598
24482
25585
8781
31722
2015
75083
20304
79022
74228
38827
37300
16978
10451
75143
20663
11241
6305
68247
70117
82875
36535
69489
74413
84750
2164
60952
24166
54025
24714
85733
18237
67493
92845
61113
27246
11526
81341
3963
83112
53414
9201
766
27701
48541
64265
4064
62063
36118
56398
36849
9468
83625
85459
83637
82825
37213
58881
7790
50508
66933
73408
32893
51835
50420
75941
63007
73824
36907
10534
52144
22601
27401
29747
86798
83561
30929
63358
73718
30764
25116
95167
22402
2818
24405
61039
66498
54544
63588
67702
51743
79802
39682
16539
43824
33299
26225
34654
74383
23050
17131
66835
87020
48229
51911
26611
34707
40214
81552
50711
45016
14160
53870
60465
66641
88836
38038
71880
16739
78786
12040
34114
33029
991
11270
90431
80373
77958
27194
75097
19811
83247
47101
10742
1109
29715
24480
35762
14959
78291
1327
72988
74258
69783
34078
27889
2146
47350
92146
13715
13895
9394
20617
11642
10157
89488
26466
70439
87740
11565
21501
46469
91669
32594
16267
39121
46735
8657
58871
66409
78781
86678
76527
47717
86841
32999
44125
80033
41433
89024
2712
91441
8976
24438
69566
15158
56214
20
92623
67167
68847
43859
48122
38708
18118
44928
58935
23468
52433
79381
79764
37431
73901
74423
28466
58653
80871
8301
87248
93785
28864
63442
63275
42986
42090
79501
42020
19171
61237
24412
69510
19864
32696
46537
85162
3668
84269
37374
70103
18220
20901
83561
4898
88685
5742
46852
28968
43330
21059
83822
83346
18974
37467
70092
5583
2810
13385
21701
93842
62960
55122
66896
20783
38022
87652
6390
71383
15604
33442
15996
72553
16439
41325
28823
92639
21621
60900
65944
65444
7246
94526
4811
10597
29496
36866
73928
13557
92500
9564
66964
40174
16506
70095
7409
84084
43702
77444
69027
2401
28684
72596
5960
12263
76810
19471
88506
91807
58723
13467
24519
7751
42018
32812
95074
74853
55900
5460
24258
56909
15795
36225
55688
76136
16209
10338
93153
64445
2794
76971
16420
85189
33978
79561
30633
32861
8310
23991
54751
82733
39051
9278
54316
19891
90209
87823
14894
86275
8246
44386
42820
43661
6255
49280
65425
82568
22358
24763
17729
49762
84726
4895
58557
79019
44279
62207
86298
66569
46128
33742
49609
67411
31116
30509
34822
65738
16180
25158
89227
22508
23488
26976
5506
5523
55127
34053
15315
14970
38192
2286
21774
86119
80320
5478
29669
34669
49809
51453
91526
25069
34177
27032
35753
77427
53736
3611
60886
54412
45224
29808
94129
58231
44779
74596
23899
32400
65677
69682
18483
150
31269
26014
55433
18131
15703
85867
60556
18313
82537
57327
78358
53291
3810
33977
82136
91751
81886
44596
92540
43771
1777
17747
91977
87114
64413
49090
35709
18895
9775
4403
14621
87726
9629
28157
78117
52799
14790
64721
64243
76351
23529
42609
12745
33350
95326
66739
43176
46451
42019
55768
44028
915
95931
27604
79719
1515
17310
42182
73515
71082
71236
51154
69715
90198
34891
43082
15256
62158
77624
62204
1275
28315
87806
277
19774
66485
19502
14253
38559
89457
31240
52817
73504
62051
7374
59314
41138
9763
14790
41211
45767
22795
78034
52151
60268
71165
66142
61764
42323
63486
29728
51735
89052
9318
67485
86629
69412
22276
31985
33304
17783
89115
80761
84268
42096
78987
65922
1238
34894
3624
1722
67117
93134
50404
23931
85145
51753
78827
77322
34003
8358
9813
22228
54992
40822
18009
80070
54217
66116
21689
32718
73471
51482
37186
85117
8113
59399
54403
17087
49265
50797
17753
33164
14213
52143
19254
35949
22700
9691
54017
28722
70995
75120
80473
45519
11623
42727
90994
1954
59386
68528
10862
20234
62365
1741
22717
76824
52487
8476
45849
89029
68733
49901
6175
67201
88028
59859
82379
59757
71054
22247
91709
26701
14751
70041
51595
51143
38358
95032
56215
81157
9659
65074
32542
87957
12223
60923
93621
45427
62884
76225
29423
54299
35969
63606
37121
65960
51429
57907
30457
57493
61245
50898
21010
79699
66935
54037
62992
53712
83743
81186
2421
37331
58905
55864
56535
1739
75376
85313
48957
64455
38583
33012
62612
42402
34709
76595
32073
53065
69375
36663
22122
34752
63460
9547
66025
15259
59596
62189
73205
57123
11733
37957
9324
12090
87303
34157
18921
89530
14609
1063
46646
487
95598
7113
51255
55395
49604
29760
48136
29411
83103
17404
55038
20871
22800
83495
62930
3003
11665
69472
82921
76004
92987
5317
52419
75161
88412
60844
20852
64382
67492
11387
80892
68741
20998
74606
84614
35963
36240
3215
32243
11975
73967
752
67367
13312
22568
479
15266
42812
83743
85906
2011
47277
29513
81851
85895
20076
10146
82683
138
38498
52550
29341
42801
5232
33369
36721
55980
59224
55115
2298
81585
95793
34896
53789
35837
49076
54187
45211
53650
34166
42564
39672
96005
2619
42264
86856
25103
9748
51628
14916
10450
2463
16241
79338
62548
34100
58712
82999
87569
40484
22989
55221
950
80438
73547
67212
85528
31594
19165
18465
75368
6905
40924
62276
63451
80092
50684
57852
92300
51605
68283
46905
86797
58642
17741
46729
86648
36082
53468
39516
13546
61018
40757
65216
9596
76962
41323
42443
80785
49056
85543
60335
63732
35928
60776
46043
16170
36297
34277
13494
49804
76036
54467
68716
45911
48173
51980
45227
83632
38361
61645
44440
67950
18099
58983
90402
61011
88409
89322
64215
54071
20295
80119
45349
90114
69972
4983
1328
42670
34145
9750
88059
34509
50888
47454
39185
11595
31465
73723
79527
58025
91844
80732
95369
35046
56944
81101
84435
13405
76359
24792
81061
8946
73927
4571
82111
25294
44575
2844
48071
32101
51864
63279
41572
85135
34178
8731
32421
56732
84247
42087
93130
58081
32077
80489
54351
37275
29980
73241
63979
49059
86417
489
23013
27685
45601
523
76541
89770
69350
6053
61341
74872
92535
94488
30743
12699
42272
64417
18812
23980
60014
67003
90027
35965
15792
66230
55142
39880
55471
16419
74648
71547
5043
22681
57970
58549
85277
87585
47719
89305
81245
83194
68168
32778
88407
31393
909
86615
86286
2358
79537
24543
75431
45885
62341
46934
20753
39542
71480
44736
77433
74422
29747
27454
31719
8627
17690
67792
21226
16343
67972
50956
80512
18093
49590
45718
73413
12212
70393
8329
53395
3836
75734
88019
5998
24739
19703
85111
92571
47386
8265
30629
510
37919
7120
4005
66524
47379
26744
85399
87616
56327
75415
40525
11271
37449
58527
32979
36221
6930
47439
56668
67839
1633
72945
90587
67948
76190
78626
61909
69632
72477
70902
62270
59807
36257
47635
70762
497
15127
37669
8889
61030
95928
40148
52663
20301
48205
89769
29903
82080
8418
18131
29633
85947
17039
59534
80123
18081
17558
67090
69886
77920
78604
51805
44686
51639
19512
90982
11464
45774
14651
48415
71938
89021
9323
13994
23668
75137
5604
3802
45
25745
31022
2037
48212
47990
16997
4442
82409
9065
91344
34563
68635
62658
66935
47129
22758
45298
32613
53935
27031
8000
24843
81924
37330
86105
22260
2172
95154
45808
24207
16006
50351
64381
56332
51443
48762
81860
34416
95910
285
25019
66829
52764
56791
10780
69101
46382
84631
613
3395
18545
58742
4311
79777
91039
3743
81385
17566
88547
37442
32497
79575
5326
69075
51725
80301
73374
23562
21129
12603
19512
48904
305
68409
48895
80715
32460
66290
95758
67496
81367
37029
49368
37819
7352
35094
85497
48296
47283
63266
12230
43004
83053
80194
64625
13194
83920
68226
19087
22063
4560
27556
5255
70005
70203
82402
80570
67688
39696
1622
17059
34592
83392
65431
65293
11746
2863
10097
36299
58207
14468
4621
55058
43605
175
59810
26169
25998
60293
27297
79395
50173
40877
46841
66399
13967
68160
60564
36360
91074
46046
12780
42455
81928
13193
36531
72720
87509
43600
24151
353
30476
69455
71738
1557
24476
11921
13142
45947
77602
6674
95358
26164
7481
81217
3721
89792
76136
22514
94785
48480
93380
64094
82663
34685
43553
77082
28788
79992
15854
79142
73361
73519
94096
3417
53928
61895
41941
54721
30693
41747
44826
59028
48652
91604
59129
86539
77104
85732
76357
44490
91223
48013
48711
5522
14347
73996
44466
80393
61230
20772
16898
71864
40056
71454
36087
86780
74844
29019
93171
60917
82934
33989
38957
55316
10418
12314
85639
36943
13946
23788
71462
52710
86813
70984
42059
23558
51441
56125
54639
36950
14869
54752
84846
25931
71792
52913
92614
59129
65737
81323
77843
70473
45421
2413
1869
79785
85883
30821
41223
35648
79194
3486
4489
37706
86950
70201
72381
26963
52820
93156
7857
15
5108
10929
49018
93392
87430
10851
15355
7437
94498
1282
43042
73460
10501
84381
76455
38925
30138
51239
18701
64215
42381
80097
41690
77344
78421
21879
69415
28328
15146
33025
29870
41033
65495
10016
46615
73186
12278
8105
15024
30823
32310
2144
63419
56024
91221
78027
44952
8614
33106
2185
90139
38717
16652
27002
70193
72732
35290
3610
78604
23659
50158
28414
90277
9385
6352
18810
65043
3153
24760
48226
95037
93578
13334
7712
44367
44382
94419
72576
61665
28229
17158
57624
62087
46936
8160
86464
65527
90945
75289
95665
29239
23760
64934
36959
80486
90450
94261
41514
89959
62043
19989
94083
19359
14072
27628
87463
21074
47907
90519
85115
77483
60208
25352
55085
67844
16639
82565
29717
60861
42212
77555
93437
75178
88853
494
84185
74947
42626
5732
89901
85355
78879
93756
94135
37935
70486
69665
4697
91849
6709
73648
17826
12024
48896
78653
67238
3546
73497
43115
73860
44402
36268
58018
44292
58652
5313
92735
81952
20501
61783
52409
3451
10184
60093
87994
55508
92545
21245
84720
64127
40457
76003
58894
23904
25012
61932
26538
25918
78112
93312
24235
32662
75481
91126
53054
89215
19060
85098
42149
37614
82215
76575
56363
39625
13174
11573
91896
57451
5704
44814
44526
12273
75743
59823
78885
60554
42388
33118
65581
80428
39347
62416
72017
36721
55540
13003
91572
37193
66375
34218
65952
92828
1606
54820
10493
7882
3804
79609
49920
49319
84937
42175
86839
48900
86894
21582
81562
33194
49665
46131
73472
21467
63080
29603
67762
71296
14977
43400
95438
85684
13514
54037
62171
53103
34281
85149
75391
15655
31325
44552
44386
63258
27400
40540
48534
39779
84288
56037
15230
20868
33220
47890
73212
767
56961
81012
76555
93707
20596
48003
30652
12433
3114
86147
69252
43879
61154
39600
26768
5168
34422
93481
62039
74412
92327
62075
10854
6401
63273
3171
82904
13036
66188
16564
51023
36485
37
95933
8057
4240
73807
46659
48902
62434
7953
91498
25297
95290
40908
7565
20795
51477
51043
84609
62576
12995
37258
53689
92957
57299
43844
75547
6949
44621
28901
24036
82533
51781
43238
5112
20618
76185
95153
16358
34763
71034
28667
23747
47268
46860
65210
73186
60370
40193
16810
44151
31253
53090
80128
47078
17262
34603
61545
54129
24861
60251
31025
19464
79056
71636
72479
73034
61184
13082
52768
13454
19081
27064
3078
61602
79882
93479
31368
20006
41563
32984
33760
86429
60043
5607
39529
32050
57762
45944
44245
40561
72270
37787
37434
83748
66056
28794
30213
64655
58026
5297
83675
87646
89973
40255
53946
73139
6837
52542
52893
28378
28548
47560
28077
3235
88652
16176
45435
11143
80964
15700
94941
68737
77862
74217
636
70490
81162
46609
79201
58669
72952
38719
1158
63842
94798
51203
46081
14381
89579
31128
56042
75792
73027
40650
35800
49812
81182
80698
56542
65010
5761
61485
46363
18517
60181
3029
53959
15613
94527
69484
46447
40625
85555
40015
50586
9249
44942
13462
69354
32397
50622
21967
72799
23459
69962
88861
83655
71563
54702
10830
32075
70629
40899
43632
89907
7776
3799
66554
91313
9954
65534
46121
75100
31560
24427
95913
26403
37975
66336
80563
9035
88640
64508
47339
38605
35108
47040
5116
76794
74039
64640
5861
19813
71315
48591
72469
32398
68824
25716
10657
1207
62975
77882
3150
84798
78638
41461
4844
11429
47788
85257
10476
57609
23291
24698
51455
11055
66696
60805
61084
25864
18296
28662
21286
69644
63438
13358
67533
77223
68351
10614
49383
72800
78776
43301
16055
72629
16368
22154
88242
7603
21055
79187
66716
44697
55524
79153
43210
27823
36810
25358
1397
15614
23948
46811
1065
32085
17717
69971
39414
29687
72353
89401
20473
30498
31387
46509
11217
61208
76871
94143
65028
67204
64355
25373
7327
14802
79755
42903
33614
39224
76417
56193
54937
74756
81662
12055
95090
74394
3290
40747
69645
75520
60395
35106
61401
83496
6957
83975
86362
34970
4923
10109
56264
11799
94496
47528
78815
76270
76140
88523
7607
52901
24519
16045
40674
55074
35424
15058
33214
63173
57889
16117
855
53019
65038
76851
68171
91512
39900
7123
26633
60505
85354
59671
13878
33178
80625
27318
62504
6618
44675
44480
80709
12645
61720
69171
65389
18513
39336
26405
14408
47162
55160
33443
66649
12268
47130
65212
75936
39318
60984
23319
69295
42300
7335
53739
33603
54183
78232
70565
64379
78643
13892
52183
87196
78637
85176
7635
75077
61244
91523
1853
90424
82667
23222
33971
24213
78035
49099
77459
39740
24495
46973
53161
29154
14647
78936
15398
56056
85685
27878
79720
19255
79349
96103
31471
74094
33558
44586
18017
59542
32683
49778
27865
48137
46283
92642
5068
40076
15516
65273
84527
1951
11795
10905
34641
43863
44834
80728
60983
84793
74458
36090
17543
17285
62731
75623
71353
26851
53587
52359
41706
65940
65784
54703
91627
74979
13094
63719
51223
53559
41651
30124
20709
21455
92640
37448
58437
3299
49660
18320
21939
44577
27801
89649
36777
8829
10191
59328
26007
48787
67147
28424
33499
79613
25054
49503
37205
3502
11959
9835
75701
39954
36365
6169
18973
63101
1399
40088
43814
12617
51751
33753
18580
42805
59780
54871
93790
5739
92383
31581
65339
88319
27682
73033
9300
84273
17621
47856
61111
28070
32906
38109
38981
2126
36732
46448
9638
40334
80017
3361
68231
73761
74801
47467
67613
66961
13145
19683
86463
87323
38670
69738
80108
83726
26749
94904
38455
75806
1814
44559
64830
48924
77516
68739
68463
30603
37217
8622
86341
16645
90313
51300
70385
57505
4446
2007
83407
46975
18191
77242
55112
1328
47763
34419
35773
4634
60443
3802
36395
30078
57992
19317
20712
71472
20453
88240
23564
85392
59579
780
2281
80741
83438
43713
88531
77418
4967
90677
50233
20210
89494
14836
3001
26307
92545
86784
75618
91500
85223
68174
75398
25580
69908
11777
2259
67889
44580
56743
76451
59282
84006
31229
56660
24320
189
50147
69661
37208
91100
42441
24511
45363
13016
46401
17038
51471
47180
73787
27845
41930
51296
80031
42410
18973
51900
41448
67261
24067
85729
78738
92908
38807
16905
88543
78464
57321
42013
47456
9503
45391
77488
53662
92798
81046
39403
12441
42081
24199
43812
95189
43074
15031
55187
64188
3244
16447
57254
1078
15290
33635
79744
6551
14784
28004
42299
16530
8774
42933
48752
62381
82803
47641
10098
88814
61918
44109
72079
62739
52016
48767
34711
37100
5113
73059
67352
37435
17707
71593
40755
81332
32652
77325
37609
89101
33836
90964
77581
46816
19913
3094
1028
38043
53761
32904
74347
85022
59073
96030
91714
20478
39895
64295
1807
30190
20724
26470
95918
64657
63963
67034
39985
90384
23225
4630
43605
61305
31849
49208
20451
30102
10902
59325
28429
47639
89931
59888
9591
68432
36405
41113
83080
64737
65968
88678
32811
60741
21415
24162
15292
90671
51079
8163
72887
21491
45338
12447
10626
82271
64418
65862
32680
45364
49737
51118
7787
58306
56326
59328
61624
62528
25568
44358
36985
954
60156
30319
32667
55442
69492
52155
1186
88861
33329
82193
3955
57160
72561
24013
3110
19598
36735
37714
29743
63152
13104
90222
95252
24232
47859
77461
88550
88853
65871
78978
11638
30651
3739
76968
34615
4657
32918
61607
44792
40197
9480
24826
23501
24627
65493
14891
7338
89221
10862
20285
62340
38460
46247
24839
43833
12149
58731
30931
78782
20960
7368
47267
71859
66903
91542
83161
57394
82669
70965
80330
42575
29347
79191
95562
95922
36241
89692
63432
62886
16187
52170
53898
11011
76251
95256
25745
10834
25431
3723
86374
79442
10938
53462
55867
5043
43766
6634
95466
71017
51160
68054
43442
35407
31487
79327
54333
80706
4717
38729
94493
93036
7004
62324
10855
87025
4325
21645
37196
86469
63455
12363
19425
59162
27690
69855
54584
49489
14913
22673
9722
54424
81139
12188
66626
16674
76450
7910
90657
885
17337
29156
2482
6786
4871
46336
17819
87040
58511
18600
76510
16969
1152
87817
8164
3733
1518
52185
86007
44095
23496
41278
20527
50473
47090
45639
66212
25733
91707
83166
49970
71754
68156
89530
59715
11123
66634
84222
67150
12283
11452
86065
69456
73136
48979
21214
25602
60125
22909
63469
58601
82968
73518
88620
8634
71009
77246
26894
83084
35910
28956
54990
53271
85628
81791
95568
9818
62508
45393
62851
30676
32300
6217
46707
43693
77029
13340
46941
35312
33003
30192
86745
67355
50064
91574
51632
80544
3400
56531
85237
21764
84319
2334
5815
11813
35528
67075
19623
3288
76065
83181
87380
18705
9378
29871
54090
87405
91412
61454
66865
48002
3190
87613
66988
36665
36908
85538
73222
29644
90141
95132
18035
55412
31459
86365
5047
93084
51219
74978
82665
47422
18481
88978
76518
90602
1371
70060
82847
49523
64497
94682
85279
18456
26539
18329
44126
3671
75360
47761
40328
74357
89722
48911
86745
34406
53037
13978
16544
89794
11914
28329
88326
10842
62182
70818
26013
56843
19157
892
46366
58559
14408
34307
91398
80886
69823
94
29252
8783
57924
66602
4063
93647
86147
23929
19347
50142
89185
61595
91770
1381
63488
9606
79208
15000
33344
41973
56801
85490
10684
54904
44149
22781
13423
70309
24999
78355
10759
91083
81878
50746
68591
76498
4114
14066
6709
57294
5824
35724
26418
8818
33058
88341
18738
89695
72980
76257
27566
86235
75413
81783
62745
29123
93745
26058
81077
28337
74285
68821
18941
16767
32986
55684
39495
30727
18080
49465
73176
71886
48641
12178
25329
50216
52903
36775
92015
70902
22435
49013
2632
79848
28427
34860
22278
77700
87232
94578
37947
18768
64391
20346
39091
70378
82695
60426
41811
41449
25952
95836
54439
47078
80841
11599
25394
76090
49740
62348
76346
43449
50321
43194
33442
4
86521
74549
2423
83525
7311
89476
83682
34292
89684
39520
60253
15613
82026
12064
38115
20239
7548
69141
6548
3433
53859
44436
58042
24356
22815
45827
7461
50168
61653
12797
48171
91798
67373
38351
46030
32798
90625
36010
4352
11479
29151
35908
23343
90320
63050
81653
36835
51103
77450
80972
13370
62553
51186
78899
2338
85372
50750
51010
43296
60160
47799
50241
72601
30130
79501
33922
32299
2070
6196
68909
26514
16770
77003
62377
31490
60462
30639
21790
26831
17079
27750
8289
52963
58992
2767
91848
61543
63519
4457
93001
5529
82070
4998
69057
82907
36201
18591
59538
84272
85646
70517
70769
21735
13418
53953
23340
95256
72863
65294
34413
10640
12400
88987
43046
63502
9447
81211
80658
27458
26031
68500
65363
92495
26155
78846
71845
57939
68064
84054
678
81441
66222
35143
94547
10044
54654
88660
20911
18562
57815
9638
66855
11931
47533
84619
22012
50377
31571
19246
54355
71468
48117
73303
29998
57429
58410
78617
64263
47145
35200
9799
61551
24349
77302
87555
79420
93540
37231
65195
58913
83225
3398
5874
75157
67201
26078
64224
31515
59718
5735
988
9207
4643
88442
87457
40153
9403
51821
19565
82061
66806
19553
14680
85153
31363
14843
32196
63203
70828
19611
30476
4985
57035
9853
40695
85803
46163
74798
43041
13321
74608
11653
71887
25020
32082
11914
81120
3357
24464
21219
51536
25470
65785
20374
49087
5933
89000
46161
71805
95394
28133
50012
71917
57512
42251
25190
28096
30932
28192
91229
65669
45597
21657
33152
9028
93407
29639
7758
5201
79451
61996
60154
859
20582
83904
73482
51412
48002
43739
47329
23916
3258
84253
41454
47124
17337
79437
19302
79570
60663
67406
47994
27053
26342
65349
76372
532
92767
66387
90608
69834
12975
53415
1195
29099
15003
77437
5615
60203
72045
10485
89585
18044
21247
62345
26322
81730
4237
75005
53572
67173
2247
77149
28921
83391
65577
477
25047
26299
30784
4748
12845
39383
19494
47655
86602
76872
65683
88083
94525
23228
84010
84256
38805
54613
34883
64529
64148
57893
72679
5439
90848
6285
71198
35935
55007
59004
37134
60371
57904
19481
9412
59838
54444
9146
13369
64920
42031
13700
18923
84130
34788
48271
88723
38908
93478
75456
66286
16114
44246
55659
69118
42551
19807
45030
68819
38889
5434
33064
74829
64954
77106
91773
79271
61458
11898
25176
56581
27558
13686
93532
42067
53643
31434
85600
62014
16286
92851
10425
95823
89419
48540
24310
21105
30985
2684
16721
51737
20024
16154
40107
36772
92134
82697
25852
94452
19747
72985
83752
10139
44004
34363
78633
7559
42646
87606
94186
71149
67513
55703
29532
88024
21660
74029
87921
82359
11190
10421
10403
44145
65939
91302
86731
18782
35267
76535
21511
74535
80800
17001
72622
68281
18108
74609
59341
28346
39150
46604
59212
24272
49986
74482
50154
36960
10611
11139
46250
24632
29218
28178
86481
29810
21764
26153
15596
3454
4101
40012
35029
18164
20132
59950
20656
42137
49968
92063
3979
8734
85259
5649
8462
14120
84447
641
51111
70566
61287
27053
63892
4212
14450
88758
67102
44162
79472
16661
20422
72940
41508
29734
30575
5650
42068
44287
55659
82093
27482
8371
75841
94425
41145
51826
68258
23119
88478
57470
86891
38718
50279
14511
22890
75919
38100
50873
68787
9335
31150
73602
21051
51709
85847
4560
22643
84600
88580
36663
92476
51414
41838
79284
19681
70928
90772
44061
8698
72655
19212
59882
80677
29787
3350
11548
37326
37813
21888
12396
7313
62312
61012
53400
21007
65684
55986
71135
77632
58391
928
44323
88467
38898
72960
37698
45938
62303
22952
17939
31381
82599
16415
78706
31451
18158
17179
65397
5933
8489
56275
92420
12566
61248
76007
87386
92077
56715
37440
40981
32898
46647
37370
17263
65691
64086
53994
38275
71435
83796
33829
74006
16035
79285
34272
16800
91673
85581
33085
86915
93490
79006
48570
74642
76457
72887
10961
54902
29501
73378
65879
77683
56822
65047
93981
77319
54092
48363
91501
13337
16482
8277
16804
52835
9687
44745
29999
68117
18842
86731
85460
77645
875
26612
46331
42293
34460
4831
25559
7907
80861
58782
79246
34075
83638
89191
38249
92773
83058
62352
68240
56550
37533
37068
60539
49744
26932
29297
37528
76467
75115
92508
28978
78967
6207
14952
70679
78536
67895
19030
56555
49792
18072
10440
68439
35940
17396
87893
11903
45569
74528
2921
53528
4843
36709
46867
93215
61869
8203
1894
73512
61002
63911
88512
72460
5403
80771
58869
81807
57330
61862
73229
93054
28253
44194
53550
75267
13760
49362
24663
3275
1050
1269
3013
94053
53708
75626
17690
80403
7395
42474
17803
93931
6597
11788
1670
66951
51879
66420
16871
79527
74243
62918
81462
15049
75209
63382
84329
33849
47455
10987
69523
18517
57945
83613
94351
48376
65514
91909
76774
8684
54938
35206
9056
36029
15625
85603
75766
27124
59482
31197
1028
34495
52883
64150
50328
12084
51058
18667
75111
52604
48676
61323
86747
66276
68770
28376
77463
47018
94981
65589
67085
43293
18833
57303
41547
55907
31156
34891
14229
92937
40216
66712
37990
72875
20843
21837
72760
42581
6281
10185
68605
89499
65499
5524
61447
45005
43447
26900
42738
75672
73547
90926
16054
59122
16660
46821
77596
41904
14782
36976
85462
23699
78135
2410
69176
83327
86637
53887
64311
67294
64985
29496
76550
58407
72443
81453
63987
75845
25518
66830
66316
70024
3424
19562
44076
44950
28370
74076
27936
212
93449
5749
79589
48962
40834
88416
60405
83659
31125
2612
59572
56561
19606
80339
78080
67384
69119
55073
64059
5555
80054
26586
18029
64937
71939
67838
80670
72527
60538
41824
90532
31626
34225
30897
52959
27404
86383
51221
29259
53204
27784
5413
45085
40225
73666
60845
22827
30990
21297
11141
74656
83623
43259
39356
87459
30840
88396
17427
5033
90702
1130
84457
6239
26977
46014
90819
8094
16588
72744
23869
30705
56265
72512
72169
65331
78193
80647
61652
69446
95785
85094
77689
88373
61161
50308
12465
59344
76556
12750
42716
6016
51367
54311
45395
14136
80789
46981
34624
8852
25193
48583
95868
19508
14534
35484
89208
50957
71299
52184
80634
24609
10607
18823
2919
77581
56741
75176
1943
69466
22050
30888
23284
39950
80328
81848
48430
36828
24194
78275
37853
89233
45689
32980
60904
16874
44993
69311
61505
78191
92121
92390
61796
76032
94312
26548
74616
30333
9869
92744
85900
11170
41267
38414
91930
8476
89298
82913
32559
68369
78054
7324
25667
33817
70581
28235
36887
32565
72360
89726
41953
13751
29518
18062
25593
73117
93089
51954
31357
16451
37083
24157
70068
35354
16844
81610
38519
95308
19034
9192
92697
82708
42931
59902
35324
64862
79152
49350
1800
23277
91939
84847
20462
41482
47471
42536
20636
28890
79399
46397
95341
49014
81584
57186
53790
45153
58875
81351
3784
56991
70882
89835
40891
94327
20537
43957
82779
28174
31019
78834
23128
31359
915
26938
77020
21189
71408
54083
68331
16248
22045
47171
30763
88605
89368
71264
1546
16608
2977
49756
86132
55728
57018
35198
90653
9727
15008
40223
79434
21617
33872
63200
32915
17575
2670
67903
45520
1791
91533
89804
22063
54673
70182
84161
71714
35702
61450
75918
83736
26724
82668
13046
16780
72663
75871
65751
85284
31592
19802
46485
64636
69884
28893
90873
9000
30455
58139
78301
26873
2225
82892
38136
81068
87948
21550
33472
23800
95738
75147
5757
77663
48179
92162
48654
87339
54124
89180
70546
66515
16267
64164
16832
75972
40715
44723
58851
14635
75099
93214
37149
75362
70628
61947
53933
57980
83660
57354
59699
72552
13093
22765
83467
11569
57369
46443
21100
66001
879
18037
7228
48526
71657
61754
63432
49100
32780
15165
15295
59297
13462
48835
78267
57037
93714
11015
78397
2744
58122
26753
46797
58529
49162
11221
53469
35351
29773
41480
60198
34357
38051
80159
46775
63209
42484
86697
57894
38807
88684
8522
55866
11079
84656
82287
62792
80253
68520
45045
62216
80515
20671
65478
38501
77467
42101
50411
15402
14251
16116
85275
91146
38060
67675
3134
33835
39187
72024
7584
78071
51276
43365
74713
28394
9018
64177
15330
25487
80118
67345
50245
6860
37535
41141
68574
84502
57078
72348
62750
17445
24115
32806
37534
69066
52904
43256
33212
49707
35829
27053
543
30745
46817
21859
56866
79453
472
6256
66635
33281
55089
15262
78539
94751
37192
27855
88004
79705
24723
27037
38707
66312
41705
76109
3305
82356
14458
736
4348
71281
87949
77320
94113
3292
80978
92245
52757
34574
78999
4260
39979
93793
79684
32433
61670
48260
82957
22281
81403
81226
38710
11241
79067
51014
36467
67331
59873
36252
22705
12706
35580
5446
17122
22686
35948
68485
40624
80127
65322
22488
28091
89704
13726
54470
27444
10746
4544
69789
95143
1275
95885
38805
32417
60226
29248
3900
66206
70874
56701
77511
7860
8274
86471
87452
50357
85578
75103
52268
68076
11878
66746
8846
48388
74525
31072
34594
45760
74987
2916
45753
70042
76315
94093
11898
25166
88838
75960
15914
53556
91427
61381
27201
68052
69972
16265
30996
40916
27872
1616
77322
26987
30463
57917
67653
5852
577
23568
58893
33252
62152
16919
81820
93805
30866
10904
22133
17155
52363
5823
28368
48826
46581
50890
94144
88325
60610
68597
44405
7964
85702
542
1790
3625
87348
82218
10539
26310
85012
15495
52533
5755
86173
3654
48562
19785
44500
29546
32656
11505
74269
49048
50270
82825
35180
7326
70162
27575
7789
2812
44482
46978
88953
32663
21206
63780
27385
28985
32451
75098
49659
57397
22576
35694
66258
71519
58428
89137
3754
51982
43590
1989
86001
70509
60808
68512
91078
54749
27566
22496
15754
39903
10443
8216
26442
92637
24951
12873
63783
22993
80805
87136
42258
57872
201
82093
11495
24059
12064
65811
22881
40745
65326
91800
34490
51574
55377
73542
9420
80877
83720
65554
78021
54285
16298
91512
28432
92280
76522
68294
59405
5336
70058
64726
89334
58839
12033
77611
34838
94793
41120
38748
66985
93348
28064
16670
1179
61267
66040
3391
12287
65826
92857
72520
77773
10168
34595
53789
78495
75910
88469
30633
72249
7721
75249
4159
44792
85982
22671
33362
89568
1255
92890
10821
77308
90789
94131
56869
1537
80366
87975
65574
69306
75519
38389
76910
5584
94359
23204
38253
10139
16405
34311
142
72724
2200
59251
74804
10123
42090
21785
91642
64538
81283
62003
14863
40923
95077
37660
59382
36713
51285
89871
49815
93247
19545
47595
68099
1680
94963
76855
15992
54796
26073
8122
72076
36722
85438
55180
79426
30912
45953
74425
18588
72093
85241
36093
86912
82841
43481
78782
2978
52546
39798
25717
40973
42944
48576
52379
5208
39843
72808
25153
15334
91927
55008
67800
13566
2480
58460
19720
43390
90831
45153
38420
16076
73991
24928
86169
34287
40790
21018
9184
51313
46493
35157
67424
68730
15828
82533
68045
79293
3312
59738
19783
37716
34334
67857
65190
31391
22653
85799
81729
91186
29705
29112
84275
71019
68230
60617
2866
15634
68912
92836
39876
35306
23079
58783
47767
46446
85670
90899
64498
88778
31165
24536
50093
72976
46751
3976
25907
67263
45608
92534
68965
55649
56899
68102
84526
31406
52440
51371
5649
38562
77647
9862
85191
49729
71775
13017
46323
71200
72427
45032
87542
39512
56099
28531
83151
8441
50323
53981
21799
68481
4811
95062
34170
57729
95696
29733
73278
59987
53057
3571
40252
18409
92762
45408
23399
73454
50390
77858
45688
90352
26267
4652
47894
3821
15939
32283
12999
69539
5420
91844
64358
28773
71377
30080
61207
91535
77363
74551
40493
3296
32385
45622
60882
8758
85735
27935
608
28001
86793
64089
67789
19647
90567
8235
21839
79189
39164
24408
15961
68419
8201
20804
29505
73603
40993
49757
9487
43258
41364
39812
1011
55534
13729
21944
15201
51262
88831
93790
87540
56145
48567
42373
80735
830
43182
68105
77568
82600
85853
30129
94506
42841
69577
75207
56248
61411
18681
27215
69411
54198
68034
5405
67944
53908
58730
89577
23763
17498
59656
77580
82727
79626
76243
9535
63279
75472
60396
23358
76273
80054
16637
84808
55135
89949
30843
53412
65560
75950
7692
60074
19811
56535
22776
77134
476
42006
59376
49414
57419
34637
41986
56446
85581
2881
287
34431
54156
31365
24816
95039
5312
60859
4455
39370
91948
77215
35418
73056
6919
80773
38705
92778
58843
65707
14872
43067
20677
66544
56117
59703
61457
91544
78663
49475
52995
20285
15763
27139
69813
15794
22718
57156
66209
38667
56396
69550
14580
2387
18939
75333
5890
6587
70858
36458
4573
73286
64227
53167
81764
5761
64424
76680
63642
95138
2683
6742
43149
69229
79930
62469
16910
67562
18053
19346
48673
37858
48309
52245
6930
92967
74140
22393
60615
29062
39977
80656
78272
42408
94117
21317
77518
89157
88828
10295
74737
53196
13710
13189
85907
16569
48011
13921
2060
70669
85819
79205
42614
80852
90759
35360
74465
5273
61053
26342
70004
80898
29507
27306
90971
65141
48771
38751
2082
54321
20573
89458
6227
55405
67272
72539
68105
69276
21987
57007
62791
69028
9143
1037
44067
82680
89810
94490
61081
44607
43952
21158
22934
23289
18899
30293
11333
64477
7449
60399
54306
17764
12348
1130
35390
45522
2284
42630
486
85082
11152
9063
8006
53785
31530
921
42320
15018
15199
18435
34446
40062
70877
52255
62974
50270
78056
82690
65044
17082
13137
60761
38181
28469
44549
35895
81764
56218
79261
86323
81001
96021
78446
41238
57627
53749
11102
53088
84100
36918
22767
18878
46009
23233
37431
41425
4786
93755
55279
83223
58067
32626
56003
80407
10599
89877
30355
64341
38006
66274
81420
84667
95682
72271
43519
74936
54272
76696
53405
34503
13699
15142
19220
61112
80710
41075
7175
47237
43926
67394
79107
95138
14020
18654
39557
62670
27244
83802
35293
28243
43789
38466
20204
79977
93155
69278
81684
19922
38789
72945
2625
90585
4509
10595
45095
87030
10799
74706
8027
41621
87055
36196
4181
18914
79499
17069
81434
5593
20035
22669
44767
25531
27860
17752
79907
15531
89556
4351
70256
46275
56788
48962
16897
93727
20963
6822
12532
3417
87646
31548
40524
63155
54581
14495
10986
4184
20844
84528
20011
72363
92412
4753
38708
39772
40168
24432
70500
25626
32791
2370
67411
5298
92689
49834
68441
94164
20097
73184
58305
49185
74981
17719
80498
36432
63894
32464
54365
23747
58969
84032
28023
43324
57198
67213
20753
53291
64406
18529
36039
69957
46231
64181
8943
19300
60814
381
62363
13895
95228
44869
36328
7843
90842
74953
68830
5173
30168
32951
87857
23581
78753
36084
27424
82210
29174
17238
79245
27616
77494
43356
89560
26397
4795
38951
25167
81090
59912
79098
70777
87052
12078
18169
36605
4798
8480
31767
31929
11474
58564
32992
73115
72448
58452
69825
69199
60376
78079
72506
5839
7347
55002
968
46222
82511
2860
95794
66160
28042
6159
39094
63389
71924
20797
56980
75997
95951
57633
38924
38957
92866
37759
30830
17301
31798
21996
36365
4144
42709
93910
7266
22651
93933
94
24921
5482
10026
85599
94727
83210
32079
2597
95394
38237
42696
67514
15092
63864
8372
22900
27168
2823
17647
10034
65121
3623
94942
28559
43575
51426
30682
10213
34747
20876
48815
53696
8947
90076
75419
24418
20003
65665
25198
91139
75169
40112
72303
13934
28305
66983
46477
19053
79679
51139
42609
36201
92761
85400
9958
67291
69804
93154
75887
91560
95784
95379
75577
48374
55908
14486
26814
35474
31119
11836
85017
10476
18108
19528
43462
7007
51611
93397
70142
19194
60826
13466
54142
89168
72855
31214
77423
13598
8184
47963
35630
60219
1507
1904
23220
2949
87283
55749
67095
10696
28319
42305
36250
95589
77394
22602
83233
6815
46244
92333
28191
60201
17661
86102
62948
29603
21811
93366
59071
48444
91287
62230
69358
23579
7420
80894
27616
26765
8628
21801
10531
39273
78186
17075
62028
15658
61204
22696
84834
63521
15019
79573
9632
55659
92576
3456
34953
54314
34287
81906
42209
25541
38893
29063
66643
81283
58076
5062
93557
88099
51698
66902
44831
3682
53237
57254
69323
13890
77545
19282
70810
30258
27069
65351
60536
2993
9077
37587
32912
12119
44538
18809
67423
70405
55437
62559
49007
92269
44026
54419
82421
77327
56582
59016
40879
4933
18681
9082
73621
878
45787
39701
34118
86190
81079
62140
60195
7026
39946
21957
85233
84016
54967
26766
40419
18591
3060
50828
58084
43786
34333
25397
36804
44456
55002
31605
68105
83512
65005
32641
28134
63861
82955
89230
42616
63919
4611
57015
65228
14883
19252
88539
78079
27793
25165
62598
31097
66983
41984
70672
93223
53536
58298
46247
31438
81308
78869
68842
70869
68918
88104
89212
54179
49935
21354
60974
11841
15439
19770
39182
1943
84022
42215
32391
54977
72217
9225
33102
25724
88815
76802
76067
30455
54628
47050
3746
11431
12781
50918
15818
94129
70396
19129
7991
23980
82235
17612
11805
9988
20412
41635
21025
48088
41109
50211
4181
39500
53767
61192
39072
4115
93862
42373
66387
82198
53318
52765
71275
89421
17710
33484
56632
32933
87434
60815
35701
71162
30493
51975
1785
74060
6146
39256
11402
65073
54533
41284
38429
90059
47528
2693
77494
50358
22533
16533
45706
70543
22688
11622
43022
15591
55262
75041
56652
82028
19469
34190
66868
92638
55178
77082
6431
4483
64806
60132
5953
16293
51396
2382
71644
53268
77305
55659
39789
11215
22924
56921
75674
62673
22512
8864
8787
55820
66959
86039
30698
9740
84681
37717
30317
30104
90699
41897
7032
30188
59011
5142
61306
87081
7076
7396
43842
93650
11278
82599
94451
85984
2478
45580
49971
29855
53726
78864
3814
12642
4769
65952
24353
58243
74420
68666
18865
33871
7816
39280
90000
92329
18616
29617
382
22970
1781
39139
69316
69874
36459
30686
12209
76366
24492
28262
36646
69600
37965
39633
27537
37231
8381
4534
86789
58714
61574
41166
5052
11045
46698
53926
8592
49499
19594
63301
16092
32744
1236
23531
37833
38284
7228
81614
64281
9028
50
58120
13229
36714
65258
6071
69889
22852
48404
86207
52762
24470
13882
60251
62052
53124
34416
47458
55765
54163
29716
36153
2485
50711
82942
19477
55570
43704
19282
43670
12402
50366
40638
52492
69925
75037
78440
91625
29258
74082
2806
55006
57840
6188
12242
38352
48625
56092
102
72310
56866
88507
27001
83329
93762
35397
16555
94924
51832
77711
81704
38720
81588
32625
37594
75457
60646
54784
42625
24346
54161
81024
17508
52545
37390
26929
48325
28279
90802
61251
3731
6810
57005
26973
30627
24912
81018
28197
77342
32216
135
10638
83213
34392
250
66236
59746
90018
50233
92926
77385
54794
29315
54595
15814
49562
247
82721
74404
30320
32720
8479
92597
36055
15224
82197
75296
57493
95163
34653
10235
67702
94304
95294
14087
85906
65132
51034
76867
83919
10055
18653
4407
67496
52272
95318
35590
55100
57554
52066
47099
45520
86392
26086
4651
30277
81307
23186
42385
67467
15045
64593
94934
59657
22759
46536
20172
56724
47401
25021
36510
38064
92981
50772
78516
19527
84786
5258
9883
61085
7530
64141
49174
83279
56670
34895
61856
6572
11954
61856
4369
65157
52435
77694
51381
77462
53651
52822
61333
1337
188
91384
12702
35380
46828
58092
57139
77906
9308
53370
9792
82690
21265
74235
56129
71656
36400
68790
60725
52379
63129
20219
40461
93038
63999
14967
92185
26824
44194
54660
4113
84849
47175
80903
18493
81969
10045
67712
39534
51513
63297
71819
64966
87142
73347
42674
30408
52321
22307
81042
92340
37121
35492
52453
50122
11411
41973
25457
20907
10308
67049
29858
40880
6238
16255
77911
42567
89477
16079
29401
69878
73201
76496
46558
85114
25612
9907
73317
4534
86241
51411
39843
52042
92321
88036
93974
62382
78473
19689
53864
85068
37125
93834
51833
57416
37709
35513
63307
27312
7286
12782
84516
24946
6198
92086
61988
40740
30917
34009
75919
5843
51098
30418
22101
45990
77113
75883
63616
35654
57841
67954
32195
14665
21968
62328
75125
10037
13918
6052
67140
89377
48355
26743
24597
37717
12159
23617
68166
24793
62968
34066
93208
84389
55095
83459
47101
84888
74660
82199
91435
66108
64909
15114
37256
7232
50338
1204
58313
45639
61935
5978
15695
25232
75045
93525
18874
23069
40317
42859
83499
68800
42766
57680
62621
90159
27156
45649
27119
64233
64221
79913
12711
32945
60689
10665
38232
37528
31372
39190
66118
20617
14521
13984
62785
3930
6316
68132
75790
52644
91903
88768
1655
70474
85590
3167
20414
37108
26492
55292
174
16173
60196
30208
60429
48378
13940
92087
13605
79383
11791
76572
29766
90194
68966
14878
1120
86904
44778
67282
67390
32657
600
18209
91672
88198
59701
25329
21621
3086
64553
47591
44415
52121
91110
48161
73438
4701
15317
47336
77707
85674
33925
52880
85874
29618
9201
71629
73247
80752
70523
80316
21773
16474
29877
92340
74399
81184
64103
95974
612
69167
84528
28020
24614
47665
54040
22047
21164
51526
28566
19089
26538
20242
2251
61019
6509
40779
43159
88881
53127
13016
92397
93107
26174
24660
2495
57082
52265
44281
28347
65786
10078
95304
28416
26738
94843
1327
76461
86424
27210
57965
29772
51102
94986
38137
75062
61916
43975
27886
46841
75969
54849
34451
24299
61728
51386
59685
85117
7966
68978
19792
36290
54498
32480
84085
29541
44489
2950
27140
40657
32843
90981
76322
50187
82061
1368
24402
15986
23760
13653
88089
65714
31200
80796
47794
65623
13656
70553
73016
25274
15081
9730
82350
21773
7365
60527
18433
8464
27571
17020
51001
65824
16160
85046
44122
63924
66988
80215
42758
49939
22722
75579
67570
55852
19950
30257
65438
93374
92125
38167
57655
15730
25401
18531
81819
80292
7222
87349
7689
9421
11505
47234
5806
69538
43758
25881
50170
75409
35851
20963
77615
88756
80254
2067
21456
53021
54763
65
58702
89214
6438
11401
1096
24313
34951
51286
53561
67216
80533
92982
194
72353
48053
69500
84071
31358
3677
83779
71705
91677
78889
53082
81653
34920
39310
25341
20049
15957
87430
51790
77670
59387
31586
6625
1945
85748
59533
76996
64718
14432
31525
94837
24581
55219
80969
95446
2564
72743
64581
72717
4152
36716
16618
95463
21903
59638
4900
1281
31976
59802
5815
79212
66426
57668
33388
72079
6229
74762
82433
37762
33509
59751
94942
36305
53230
23565
47174
9303
69896
56417
65564
55902
83251
74684
73873
26047
18364
58928
50381
75310
24440
54472
63145
83614
74548
39085
72532
35375
45639
36626
22149
40252
49603
85503
25968
42705
53013
38023
6631
26832
5568
37182
10124
82030
7174
95869
55499
86500
64559
12317
87556
5980
3346
44032
18473
75999
24229
10349
28371
39349
12827
34993
3409
31600
4674
90883
9114
71773
17194
35747
20568
82833
28531
37239
28950
74583
75127
49922
91304
48351
71856
10094
4160
17765
33218
16613
34776
71605
94240
88435
72954
31593
51286
6783
5593
68292
28509
2420
8918
93704
51316
88041
5910
12836
42051
92365
80317
1353
2280
75577
46381
28830
62591
5927
81191
47563
66320
41818
28840
64802
77600
833
94957
14978
29116
90755
7599
84936
26263
38945
54474
89035
6184
43216
92889
1307
2440
80153
36656
70960
82499
2612
44177
93830
30552
29528
69580
26717
92801
4648
34982
52701
92829
85540
92801
21635
92426
64610
75613
3873
85064
43084
3639
48056
72306
63219
2598
94829
45202
56449
58160
56512
76229
11722
88491
83142
84756
40292
16466
31484
15420
95319
79479
26513
60589
20949
272
30584
29558
5157
27522
90815
57857
8837
44322
7098
41564
37950
4436
92046
82391
29643
9649
6998
94704
10694
21466
38911
19119
48828
38988
38712
8491
58261
5545
64019
29889
26732
20513
12741
91301
75003
69992
72439
4705
95888
11864
3774
91986
57683
82561
90856
19972
92602
28775
24635
66104
69623
17589
50619
38351
52204
92890
91240
71219
65899
70427
56771
29963
14000
58854
13993
26966
20353
19094
267
67756
3226
21127
22574
17748
74741
90302
38911
86888
65929
84221
45833
89605
47649
2907
33136
47130
51800
49361
72698
83453
19198
75670
96102
23757
14574
47337
71233
67260
29729
4725
60856
58047
39417
78629
95783
67021
79873
5080
89690
8597
2327
95027
33488
87714
75198
86576
29624
53466
9923
94690
88630
11262
73297
87298
41504
95608
58590
95490
49748
14108
66728
67924
79021
59942
42554
24463
50939
24422
22445
47001
88312
69767
25014
57282
87545
30186
84500
88428
49904
32073
75919
27708
60257
64090
12930
8679
43032
22774
75988
88110
40741
90365
41597
36879
93805
63154
24262
39747
77870
19874
26192
2358
49154
87797
61796
55995
71512
14543
84096
47501
81170
9459
77412
35254
7698
93661
35512
48761
47870
68419
29832
90673
44722
70148
82442
15003
20670
77371
14649
79321
55974
61258
84828
83773
37628
65745
23201
23373
76926
37005
37790
96007
64263
95402
10309
14290
60255
51234
69087
51749
95120
39570
35398
45577
67987
51713
12223
67935
20559
69072
68802
32520
58756
15886
71736
30929
82166
27307
39261
7547
44484
61923
16904
56466
61098
79526
17567
80363
38864
14797
71905
742
42988
69997
21782
56848
35867
53121
10301
27044
12530
53536
54007
38578
12765
65473
12133
47826
57304
36352
34833
3879
71776
73358
40430
74785
67444
50933
77979
77101
53315
24648
28079
26514
58543
8352
81489
93121
21515
32881
22939
34226
37768
40206
20127
57837
39261
49465
87318
82835
48565
34368
80319
87855
3402
30567
73623
42727
73767
37487
52948
83464
73473
89589
6065
24515
18141
62263
3851
20462
28326
87695
30416
10622
8969
92627
82375
4532
34750
92556
15268
44639
41217
53729
29266
20109
19670
14412
76719
40152
79506
55498
70251
9719
41335
42997
35932
805
1876
45003
82712
11510
89019
67156
55804
62193
86729
56087
26304
2859
45982
739
70731
32728
61715
13932
25934
67062
65630
29199
3423
34934
85463
51463
17860
86172
16832
55482
74111
66649
20207
23966
77102
62374
74201
28936
43120
38900
61378
43723
4393
38027
95359
81125
83642
45943
83097
58104
37760
76518
11882
34253
65272
71349
3246
41731
51969
44634
46377
65169
9445
5101
44449
56589
35418
67155
30148
56548
33535
24317
34329
39134
65256
50793
72849
67569
95662
94036
63530
17416
79184
10618
87209
4595
13615
53587
29547
91118
58966
41295
66408
11978
10690
7582
73691
49403
20087
9720
6141
26873
42069
10255
7671
52319
89984
62637
43268
91340
49796
19650
60104
8325
30644
93377
72750
88448
28820
2765
42648
92137
24156
18687
3600
70726
89239
14384
54215
60460
83069
15234
54646
22776
28801
36620
9454
53553
72901
32154
35309
9657
27156
21602
34042
78961
84591
19290
25290
50086
15024
30211
94896
90085
93473
29050
24794
85131
17260
33285
18071
59326
48951
56771
60310
88509
54156
81049
81200
42719
89086
53703
73298
68529
14370
9641
91478
16
9507
73657
62596
44773
79021
23556
75822
93308
19668
37942
12675
37647
54757
90076
71696
4517
74084
93506
74265
17527
21938
45193
38601
62853
38732
33787
20104
92348
86125
64616
73227
25200
90479
68282
90470
40713
41305
71126
26354
78898
13361
37132
8072
6608
22100
9404
23673
15172
43341
50450
17411
29550
34040
18686
9366
60042
13303
9478
53799
17082
91022
71793
13648
72159
94158
27277
28294
3152
27852
6592
79096
44669
17769
58033
92958
46726
30964
16129
34528
74771
39516
77732
32922
29538
81811
14743
94556
62814
39843
93190
24132
41391
60666
74488
61022
5758
6886
12388
7937
41248
52580
58473
35217
88127
18482
69360
61130
23326
71198
29014
17923
44088
22592
83553
8498
23298
94408
82149
1890
42628
69497
7827
60292
19512
84257
30397
52641
53881
94557
28498
50345
13229
92815
63407
58391
31863
46017
96106
3004
37650
83225
95144
66484
72986
51558
41338
95570
50438
95914
74586
85192
27937
32709
84317
21616
74448
59506
28887
85194
43887
50837
43638
68607
58374
35694
77062
29344
52172
41820
44026
1118
85624
57824
82314
62534
80541
49417
42161
36171
23707
37232
49000
93147
74480
89259
28293
46984
88899
96005
85047
14196
90428
66415
86123
51267
48542
62204
46207
64941
73369
72578
92737
24323
24466
76726
63367
51282
5688
56051
73524
84681
74271
89559
63606
58906
54253
73660
68881
1730
57851
84563
36734
23253
81352
6754
4891
67805
35197
11721
54581
13758
69134
39332
13753
87458
85797
21402
60473
78895
36390
78435
90113
84845
59733
9395
70765
88140
88012
38120
50626
69455
94998
83071
70344
16129
57954
25805
46644
69506
64604
70384
24779
88688
83129
8331
42434
74277
7908
43627
90135
18139
23585
92484
54694
16871
26577
60825
92479
86250
51979
81369
38276
41459
23445
73031
57314
58662
53550
95588
54277
23491
30887
90980
6238
23825
875
8200
71377
52283
25371
18134
16291
1389
11887
468
80968
52860
88396
67948
91873
32001
83254
21135
4810
38778
35940
10481
2895
5100
49277
14350
8643
39453
81051
62982
18673
46118
60418
38264
79970
71138
68327
64020
15660
55965
13265
75093
10254
9461
19650
80946
33930
33120
42147
38824
63099
28226
1338
87294
6121
51308
67180
50946
29952
21896
72524
36779
26542
86858
50384
25362
76380
736
62941
88944
93314
72318
12700
26907
24934
19037
6970
58522
14528
717
29021
61973
18314
1196
36729
5572
61748
92209
54172
77939
20888
8282
87556
95793
22337
85388
42701
91973
56211
85675
36462
70788
59406
88718
2246
65747
61614
91059
10229
84943
61472
53035
4929
43697
14552
73647
4086
83052
92815
52753
46597
79270
21927
23828
63788
32742
12570
47785
92772
95788
50194
29489
22029
62457
32214
23156
44214
2605
28174
95249
43781
83405
60153
14843
53299
26234
84308
20871
45578
80963
94251
14569
5256
87343
93160
16731
54150
39191
70554
50053
38474
78279
86487
8083
3332
56646
37295
1947
70638
47182
75404
26109
45493
91655
18284
68751
91878
8086
17692
62553
45100
50135
73469
76314
83257
64323
25622
5662
47422
92308
84447
34635
31375
1361
85
49880
68325
69010
32942
32065
95054
41271
80623
69871
54436
10612
80965
94346
13881
37230
58151
84963
33690
92281
87530
44673
63347
88509
47146
80132
47687
51902
71569
75854
1160
9309
21847
2084
52071
34242
64535
76236
450
80606
5428
18838
26156
2281
5957
76293
295
20446
87962
27678
28424
53354
29728
36192
18429
9156
52040
90265
21382
36031
18200
92979
85345
22058
84263
54800
95434
89366
79401
72532
63269
58066
11143
10919
45515
38373
41851
44733
3767
64725
49974
33274
81901
47786
22985
96050
65241
48873
60673
133
23302
61607
44173
11911
47737
34066
35236
16739
81761
61349
64593
93395
87242
74847
32510
15887
88659
18783
30564
20252
36548
64191
21815
92141
87772
36877
69043
9988
83735
55997
66672
93656
92763
82900
20448
54383
49556
21702
72958
31172
95134
44567
20728
77577
56732
68451
43978
42794
23278
13931
3005
733
88619
31275
74556
10729
66250
29255
13057
42274
13393
49431
69572
81166
35667
28145
21626
20147
49842
5176
1229
22455
69326
57375
62199
63935
13679
43371
68640
1861
6004
52260
670
35768
40536
62427
92453
81931
359
40767
55807
66464
35011
4630
3892
31735
67850
34642
1655
86248
16470
59834
5737
77871
90002
91573
31367
83743
55015
33991
95303
16197
15152
9866
83166
42505
5610
85391
39883
4775
2285
88662
70452
31739
62131
82042
67480
90797
37769
48533
49544
92978
92600
77485
72927
42996
28108
60936
25036
33884
20866
42229
65439
51482
48474
58175
90961
69421
44489
14342
53001
67461
62124
78521
11161
67320
92474
71198
61142
84425
27107
187
13092
77
80451
27167
32975
29522
5748
23697
40932
79720
21557
86941
15114
55931
15772
53008
55322
65990
23773
64355
51932
44550
33450
61456
28712
21770
57250
12707
52551
1324
87338
33937
67291
74921
94271
90589
85680
56539
26943
12273
80996
74893
62694
39306
89607
79491
17704
15005
39783
6825
41903
3467
66319
64060
90644
57558
80194
59672
88001
2385
44844
40403
54474
33990
54130
49301
67905
91573
10170
48070
77807
14338
1860
25230
63989
93335
46282
81335
85724
85034
7799
45719
9062
35394
80948
83805
39703
26536
83361
28783
46904
36777
85006
24959
80487
6616
90312
86163
77818
39638
51311
10212
90130
49864
74481
58692
48735
88636
72021
54225
21321
7704
88977
78261
6591
41073
38116
85474
46761
72728
24910
85899
32352
72425
22647
84054
28079
88101
26975
19330
77346
69304
82077
35669
79625
58522
93262
27737
34710
38302
59662
88944
65094
38653
26780
50145
26880
57109
7794
22490
73424
22318
67291
16821
12453
59864
38869
73345
3871
51203
12529
49444
13182
58682
77809
91294
49183
72459
38660
9844
82934
12510
43428
75585
3350
4116
47226
85584
81874
38650
72996
9255
75106
17824
35403
81030
16651
77345
45845
54230
13293
81192
42367
73281
36738
438
82938
75726
76779
9767
52176
1468
38123
8373
30468
10896
9291
38221
92769
45103
39075
83234
44258
96016
34910
72397
20375
50929
58563
53656
31616
37349
43910
22930
8850
72283
45834
44800
71821
93587
55221
49806
71641
21657
63286
93932
50494
7478
45025
94849
25021
87445
55945
15453
82819
89702
84178
45678
34112
11566
94494
12945
78654
46980
59088
26558
4614
21516
18268
60348
24852
25379
32614
89718
65242
5108
58507
65927
29937
27589
7308
11859
49986
40424
29813
74376
65613
63459
29964
74979
63750
41430
2862
12674
31777
84121
4805
65285
45836
15607
67187
95745
87246
73466
67283
90018
45555
102
29378
80338
69668
3827
57426
3717
55454
81101
44868
47791
31935
26802
54220
73370
78447
16088
14371
52107
39014
7263
65858
88547
11825
88582
5619
88283
63423
65374
65283
39924
51541
93859
66553
34360
64210
10764
8716
2022
4170
95581
37746
34576
46125
49780
64206
78908
6793
28374
38068
51315
71974
56056
41245
2900
91280
21161
21313
24025
77104
46833
48600
49521
87075
35970
5681
49172
45329
26003
60917
12699
46390
28397
75653
61185
60657
93180
6467
5955
48158
29816
59011
14624
61221
11369
81461
12514
20081
79039
27426
23211
7761
19956
31613
2992
36909
33685
43711
10322
48393
42125
43718
42906
44613
44111
45204
78002
56049
50506
20395
20140
60910
72619
3731
94379
61551
57475
15593
31003
84477
74241
12746
42897
60092
14061
89982
88802
53472
45494
87738
31844
79251
70338
68648
35837
38042
3062
37840
54992
88687
70702
44652
58539
89551
45114
19800
45430
48091
95434
27580
75646
38426
28054
32090
22626
95457
1194
56459
33
86352
29482
543
73619
21830
81553
51984
37488
59368
10257
54673
91721
59889
64634
24910
41330
2486
39584
36222
12867
67907
4064
89717
4278
5234
12971
33682
9262
45696
51585
40753
41694
79295
414
79502
14971
49620
37557
44267
24186
46904
47318
86645
55996
23901
77814
57479
29241
67463
67761
28330
44415
66206
49643
25977
85563
43456
16384
37520
87829
79786
68916
3712
66241
6585
3029
60522
24038
43610
76556
26288
18297
83306
395
67632
83141
20885
82470
88490
94618
36058
66334
75722
86719
60688
92597
6352
6774
60657
94065
37499
1482
88015
56515
52887
34073
14356
29566
36911
80013
6854
91216
83569
17780
30083
20648
65253
64502
2685
66811
8362
88092
9043
92626
27460
80594
5932
28316
72511
20427
31822
7546
57386
91474
25632
6918
3968
54404
14565
84761
55513
68381
34633
64453
51561
52691
6737
20418
95346
53928
4742
36250
54820
10754
6604
21613
50076
19753
39322
5036
52768
50155
52935
93955
40586
46392
49264
37482
86601
27871
5083
21767
79407
16046
11788
61009
84471
339
91695
15627
93219
61956
77456
24887
21225
91498
90445
53348
65133
62156
63440
28107
90198
35031
49594
14419
89280
44750
42725
48192
12297
1099
67627
67978
24153
40784
89004
15736
645
12669
77689
40893
3362
31247
28736
79567
94014
62962
32435
77137
49664
80202
39316
27896
4485
60812
83340
91867
37988
38782
2681
73114
41724
2316
86700
1581
67362
12375
76376
65915
59194
30059
6251
43740
42403
55136
37018
54885
78318
75190
34698
8010
48706
41095
65997
52038
31022
63206
55949
13000
33794
74180
85506
76876
56040
14342
49415
81414
46566
65800
39214
30620
46991
27197
54500
16864
69244
27010
19203
49492
76016
35243
70743
21800
50385
73963
57914
81193
80803
84028
44406
35900
86979
87080
72852
14447
13582
36709
77319
54904
20503
10702
65742
54072
13420
27526
89262
65553
16385
23502
32921
5777
46057
3677
46730
68427
31551
81840
59886
56226
52238
44538
6249
62509
11347
13434
32073
62215
47018
54141
33552
75441
26006
56566
63325
45876
77089
22868
84470
49856
75944
35387
46837
33048
28221
37867
36951
81634
95603
62427
15444
35194
41923
144
12910
39299
63183
86473
26467
82026
14411
85503
79402
3310
52733
50201
45950
79292
89952
31366
39411
32118
79587
52925
23831
84874
82499
45705
33180
66824
46225
8121
84992
37172
69000
44556
15344
65101
15596
63233
62178
50923
14763
78184
41235
53095
88129
79624
21722
9440
79168
68665
66816
90596
53432
19277
6630
6588
66364
63043
28216
93030
55832
54542
32690
1794
64088
35950
41585
9174
8434
6052
37160
79748
37772
43380
20315
57702
5230
81131
25917
79026
46987
68266
49509
33368
57165
6976
59230
48863
25351
52119
27952
62189
34896
29618
91081
93660
75060
74370
32167
86505
88526
29568
93786
14609
276
8947
6220
57143
49864
64922
35973
25770
55973
72532
520
64826
86822
78384
19461
18136
17066
55051
17304
24190
70580
51498
35012
61274
37590
34422
11745
36044
80930
60965
12505
90773
64312
10770
83214
13748
40878
66923
21113
45178
318
67064
32122
24250
42511
92987
76771
46197
86125
90166
3816
40727
94817
5590
17781
37312
44479
46626
19840
24963
58724
37724
70593
68531
88932
15239
48679
46733
4739
55583
69514
11652
72269
17396
40931
44902
37210
70870
48025
52983
54530
12917
18902
73945
56217
94739
6992
84134
83483
75263
86568
75327
29669
9940
46272
18925
5487
76868
81143
95322
45134
64748
21168
92273
31522
91294
35038
84029
31626
29976
8081
51361
72763
28202
36284
79571
92086
54924
74753
6453
53552
76828
7852
78467
50796
52878
71672
28956
49803
23334
37648
55882
87160
33663
78799
89435
94378
363
4562
41968
40815
45483
12406
31177
8343
84905
41107
65120
86099
50046
41408
95770
64080
53366
35505
36256
95242
66795
94245
49888
18104
82222
62933
12608
28205
77756
54295
46349
35802
63266
27317
54499
61373
6048
26227
48860
95724
11292
2666
47077
93494
23393
19620
57638
12624
10635
82724
80985
50945
58277
42672
94292
975
2125
73905
36445
94579
95887
49944
26434
80403
45476
49240
76861
85935
50829
48623
94771
25888
49087
37192
50784
28267
31192
54733
719
68500
60903
53265
7140
95006
31654
20647
55769
56368
51551
59876
26462
57090
83781
734
10725
53042
64598
10058
11568
28868
93304
88691
64017
44332
77588
58398
44663
22928
76570
19551
35773
37468
48322
67052
93279
65339
89821
44425
49975
91257
31346
31951
60052
37514
35620
79559
68152
63263
81872
54066
77649
86755
94752
51935
94776
15096
55266
4975
18120
44772
63763
19068
27252
5727
39419
65077
11450
79281
12751
5391
48031
67310
40705
84198
95150
28538
52514
55064
72680
71647
22865
76549
67827
74999
57765
65078
46508
77885
93514
92108
92887
72736
11141
9238
58826
88911
83821
24260
61808
85677
89566
85993
77303
64566
87134
81423
13899
16868
34203
91627
24936
37149
30280
39715
23723
91271
69827
79680
94166
78266
40620
62989
62843
27048
66254
10339
21380
10956
84453
71544
59003
90056
58937
32753
28101
42554
3154
22226
59791
91631
43619
11878
41911
11993
66267
7486
22079
16869
17278
79413
49792
1140
29325
83798
14554
15647
5908
44630
30563
37901
66164
86659
66481
2259
34963
14009
93839
60914
92618
88433
36029
21620
74718
8932
73947
74539
953
18863
71464
48389
73704
1888
94485
93943
33773
95117
4960
27033
81740
66748
49407
52948
14820
51609
91661
32055
12042
26518
79877
14149
10618
11098
61359
8518
25538
75898
94093
12459
89214
23211
14092
68238
9899
8053
55041
53259
73634
82986
17321
92588
89456
94895
21875
21913
87041
44060
62071
2926
9403
53181
51035
17789
25715
21151
42110
75041
12096
69367
34203
51466
30715
73437
53162
17620
17524
70503
42316
63294
90644
95663
39910
50756
75677
14058
92772
70553
44274
5106
40891
24645
62020
20303
34988
14823
14894
46859
67636
54852
60893
32304
80480
72206
89
36011
53885
61169
71491
58305
26586
87638
53863
65050
29721
45115
88963
83110
34107
78304
13903
22715
25114
46295
51431
82450
46434
6305
41171
89404
56209
8776
77842
51587
74910
77762
61234
87577
10236
46589
1238
13755
64377
57113
17585
91894
88450
78935
7126
89406
61930
41622
59896
50481
92767
51432
50391
38739
86098
62023
67732
59798
63811
5340
63418
40534
48261
40929
34885
79949
76767
51924
7829
10936
69133
42467
63787
68240
88029
22894
6982
79948
46006
86563
32498
29102
34513
64193
17186
63023
6096
69957
64775
24992
95799
65195
86782
29538
41426
40518
41827
57566
8988
66193
74529
18289
47928
5477
43383
17430
14302
70838
92856
89628
83559
48537
51761
37866
73353
79791
17470
25767
23510
25608
11713
85063
1227
17586
20777
49460
39781
83738
21987
28428
13663
81105
22557
2748
46002
29691
63575
23585
11953
19106
65523
64601
71382
70156
70571
5170
92185
84451
42109
48769
48787
28267
51899
94503
85867
12616
32325
17752
55314
51358
57587
318
46243
64195
77718
80011
72627
43495
6687
56101
70092
12755
24298
70974
56447
62126
22493
84909
22372
40037
67155
51583
46116
62782
30566
89019
91413
28786
7491
32372
37808
92645
25025
74065
94761
57159
27211
18410
2317
34287
25029
52928
58098
93010
60169
33820
15203
89804
32963
94353
76890
83910
21979
33038
28771
32893
4764
23478
90139
59290
10225
18611
8865
31708
14503
13093
71985
48608
27751
18156
73601
54522
50513
72015
28478
83240
83372
91501
85104
82771
88293
46527
95322
14526
72070
29545
34111
93419
9042
7622
92774
33550
74491
56317
60256
90572
39813
32876
88714
22418
2732
81107
53550
55556
26797
10884
41855
66401
85234
88341
875
78175
60023
43069
35634
93737
38898
55633
70210
35979
48466
36354
73217
21838
28393
28715
87968
2056
2820
52920
91425
53096
76002
44880
32835
93747
23892
51216
36187
95716
91344
9641
70777
79456
70485
52326
38353
12183
18117
92635
13336
9781
4122
76541
3531
8070
84856
17599
17276
78366
12581
84097
46975
38449
75115
12113
49502
19485
75972
18366
6274
2253
24664
95860
5545
85834
33549
37537
10040
77009
17500
75831
90625
45311
77079
31804
24334
63444
67997
45873
78207
87302
54827
5284
24913
41398
82318
26502
64917
36003
44184
9374
16300
86269
42531
67496
44971
31419
28694
85604
53185
64544
91002
54991
40990
1145
39813
18998
29004
94803
3190
54289
73959
55153
59987
9078
30622
21286
91597
62111
92240
50715
12031
3882
61426
90329
26492
37365
96041
29786
74451
23278
83399
2541
19981
3829
72912
48815
78611
14684
17716
61607
76173
14282
45900
49588
32891
85952
90670
90627
7075
81840
38885
3271
86327
65102
77841
56267
42029
12161
27178
87567
17557
58078
51663
36832
90208
14200
28010
32272
14157
58249
65423
21410
83997
10835
36860
23099
1626
39695
45771
1891
76774
91471
87059
64697
21923
69899
63348
26369
82761
76994
73888
5338
80773
54768
12700
11115
27729
54059
57678
40827
77977
20938
52861
46833
61227
83653
14275
38645
19599
71867
96053
47861
9049
44723
26363
86371
74048
54666
78852
69276
25167
50846
49365
23094
6053
12567
56182
28824
95702
81170
52889
62209
20801
45178
94836
14777
39323
54675
17222
84558
66513
4838
66748
69634
61387
17326
82710
76125
66119
23611
55277
79153
24951
92439
31342
54784
37183
92818
5913
7716
76214
63454
48619
80965
10844
78587
22051
6030
60305
17727
38198
44836
24436
52055
71460
79255
65334
41706
33274
82319
72899
46615
91413
27473
86435
92500
17585
93498
27222
85271
42205
52228
28558
95725
50126
62816
606
64265
7540
44115
61675
84287
91906
70940
78855
64261
56017
88257
31372
52326
83605
74764
76968
6383
72009
32347
39442
4651
9688
26451
51835
56349
50384
41831
84967
19114
75854
8103
82507
30561
40117
89311
84917
32644
23741
17832
8512
89503
43511
90294
43406
12855
85625
52342
80429
95004
87240
90963
23186
20962
9114
26036
43985
44075
22641
53955
31232
86355
88812
72280
38773
59132
67980
84269
87818
61812
19512
69586
86240
35350
43820
74636
36664
71355
33540
22086
32928
76979
12169
94938
12389
86355
17049
527
6802
66169
3286
17157
25238
26395
87006
45905
39067
293
31517
83816
10563
32690
17087
86857
26824
52142
63088
47652
18308
75384
71354
66310
84314
87097
91454
90567
64508
24521
36734
24899
7946
19286
42058
28734
84484
15572
435
461
49283
45643
36972
91706
31179
90875
26069
41919
3457
44504
28161
43369
61897
62517
40196
77895
11562
60747
59351
27219
41870
48753
47217
58971
48352
14041
92127
74405
7679
33244
63639
12081
4699
6746
75140
19106
10532
46528
37552
88113
37679
89514
70071
3215
85117
78840
26595
88474
22857
73145
65099
57666
23618
80073
54875
17840
17490
90313
49208
78716
6665
80968
72984
10724
70090
17662
63574
12470
50479
71514
6003
67367
14225
31647
39123
87546
2755
13185
7772
17694
70699
70638
72387
84326
12203
77998
68072
25285
17279
91544
81470
22638
13152
47313
94792
44105
81661
31504
11790
56540
42343
27467
82351
52047
12822
88631
85356
77243
16137
87815
46670
50518
90235
3135
58984
30943
39284
1326
73803
95634
40804
91388
74008
76427
73935
50194
17172
41447
3868
42194
41567
49646
3246
25747
90475
58532
52419
82371
37479
48223
87586
1316
24170
37672
67916
63685
95452
37959
31784
68426
88523
37424
86034
60208
35122
20579
90472
73220
13860
30256
82571
43524
80079
20627
22843
45074
57943
81450
4093
46642
85931
28764
18169
19213
34851
92977
26574
27825
69826
48870
54525
61792
27922
7833
15429
39270
11933
82397
88515
94753
64462
35349
10534
44444
36217
41500
94294
62405
16012
63940
69936
82518
37432
63038
35578
77567
21320
7762
6915
169
92819
69825
76053
50393
79824
73387
83488
52789
18152
39586
1903
10071
19002
46382
42033
82050
94929
81788
64200
8305
58964
72155
45658
80589
18943
90154
9678
23028
10961
35116
63310
67175
24563
86156
91662
11882
90362
43639
27373
25916
5000
91862
1784
76387
13276
45245
16992
20081
73973
79294
35631
25332
31525
2429
87352
19971
19222
26528
40994
46194
9179
31670
21004
15208
80696
75364
54883
9838
81046
75319
79499
89981
12092
23575
90786
17237
57776
44224
80380
11198
81023
24134
61267
65311
78758
51347
20436
90693
88886
72682
25226
31408
41081
49662
76520
90920
35576
8360
89803
73955
83744
96104
91475
3968
90696
20475
8769
79518
73916
36834
960
64050
32574
78952
25809
17995
65316
55404
61281
30581
52910
25051
20060
11574
56713
69791
83092
73359
61195
46901
4272
14081
84492
26699
29332
83188
32473
29468
16519
6442
54430
35640
83427
5886
13821
70314
48059
37433
2848
34606
36183
8856
48475
76476
15294
84582
15470
19427
3980
55372
27914
19682
82250
42205
77662
70828
20166
57116
51257
12049
33587
52712
76030
7841
53204
53187
80076
19531
22362
24860
46850
85602
65206
52416
36002
50782
77276
15985
2913
64292
37718
50620
64696
63681
63493
86066
84976
85108
59621
58633
54477
62178
17914
35155
39664
46571
77788
10790
79767
80166
73910
62000
62455
83746
37073
24037
25394
77727
87664
40713
18627
86008
50618
21293
71779
14177
47489
52959
65998
23945
64068
1781
63154
59166
14963
62887
7214
30601
47519
68510
70033
18193
28955
48621
53362
17524
26061
87396
34745
5472
62219
91867
33466
52134
86063
31799
15268
3993
39733
4284
21060
20183
23583
87109
51089
48622
43813
16201
72609
50722
37240
33373
51590
79936
20835
47096
17368
86341
82678
42504
32347
59989
64355
39273
39064
60059
91295
65060
81017
52557
5991
42396
49368
41893
27410
59671
17388
61395
77248
60686
58434
43470
10867
40544
17963
55495
31752
50687
16596
5437
73756
69165
49883
80641
58899
5957
6733
74576
11564
76959
28566
91294
56573
41399
43189
90501
3673
260
78639
60872
37037
73059
23564
40828
76113
41649
22831
89046
28126
25348
46612
19625
17448
55285
8572
21519
92655
86270
79854
82520
18762
26695
63879
61947
67430
12847
57499
7086
60316
78857
17597
24588
54185
14488
80406
57389
95831
54957
80008
86140
80713
11120
29514
7616
74732
26889
84363
54818
46512
14665
93512
94595
95318
14891
72727
16842
8537
51145
53458
79408
21735
27592
20950
36759
7220
40676
46508
62455
59201
28456
53595
5749
83539
86248
42919
26235
55544
84601
24900
1394
58700
63734
69615
47245
13003
82079
54760
35997
53114
42745
56336
58541
79522
93737
33737
81614
73168
46437
8073
76627
51192
40356
24641
11990
24591
57335
25437
24745
38829
2414
32963
65475
30430
90930
2566
19470
40761
30335
63632
75047
12559
33077
81679
80009
20662
72331
20090
3051
13264
8230
5986
11584
40416
47633
70345
5167
40167
61091
9234
5675
40799
39158
11866
44429
11505
37974
43377
70176
42253
75830
17455
25360
21237
2710
7653
48823
92754
40061
94887
55077
1684
69988
95266
18586
94284
8402
68660
9403
58124
44943
23950
49060
16448
4092
24618
84488
91253
35675
31526
18737
57612
40
10458
64458
38496
13902
89766
86219
20149
40951
64529
49400
92525
24469
17717
38783
15426
39502
47844
23147
21108
11291
16235
56296
46383
28990
1044
22914
65302
76477
76020
34395
84545
29559
52256
56957
94493
86478
50308
93869
35078
82756
47566
74834
9269
37451
57330
54310
40768
90949
26859
24421
68355
37802
51522
35012
4206
83737
91378
21149
69298
94682
29916
91529
38549
14193
28769
32086
93047
76787
94258
72552
25509
47692
46560
14359
85366
31923
28969
11661
75710
76171
37027
8435
65334
35754
68157
23073
49955
45941
80345
83896
83917
71584
5206
60443
66247
4531
72945
10201
7578
65979
9191
54309
84200
55894
7036
48687
92256
22307
59463
30942
31720
23132
33637
36934
68097
49556
47851
29106
64902
30524
88402
65680
22768
56775
79547
60864
45088
36270
52207
3348
31596
38709
6620
49186
80527
16805
77523
13050
15247
41228
39625
56229
68698
89155
71571
5324
86927
72698
91030
2935
72921
38654
8592
60099
33517
12511
9533
44734
53513
34662
61228
75271
73475
40553
2548
81327
77024
86470
25658
37972
45856
66882
6116
51626
6999
1441
3773
93261
33407
2158
81868
25423
3340
95381
34064
22595
46814
57947
5812
77374
79970
31146
46488
93898
47950
41049
75343
92452
53626
55200
51175
14413
75177
96100
95723
62686
22387
87472
25628
27732
74804
93827
23732
45930
45770
50168
20675
39252
16549
57182
74197
11683
5248
77245
46039
51208
24414
46051
24094
7655
54542
80453
62689
2693
35436
51082
43547
79352
5688
83664
36679
6335
58198
91058
77434
59499
48681
32257
88589
15354
33863
1345
94857
89820
79372
68975
43694
18687
5113
35409
31348
32190
4150
40328
74059
81281
55620
68440
47097
8506
35097
78003
17023
44277
95671
1031
42344
60763
56988
31819
20349
85303
24445
59119
7698
6110
59407
11740
74974
20690
52273
69340
8769
6114
79437
64056
32881
46156
44772
70027
84830
46124
6391
45897
5596
18352
93308
59235
80739
54495
18067
48819
54100
94785
92671
30025
92340
70007
90036
39445
39573
49885
77512
60053
53878
32046
17481
3769
91826
21833
18741
15368
58809
73200
47419
48288
44963
50330
66299
17676
39449
90853
11326
69977
12890
55483
71972
22923
57302
53482
72795
92985
41306
52539
34907
51394
17446
24651
55699
77353
86437
48100
92567
59335
16464
86914
72101
76177
53828
66222
56138
27516
12296
94663
30435
9884
2234
75306
74176
70621
6151
13792
6295
34295
54522
65757
65819
42636
3693
24485
91316
17008
26890
80538
35842
33019
92285
90415
65694
17385
71352
80986
85364
33271
61037
31414
40859
16021
77144
53705
39467
14251
26634
77401
48312
86415
33846
3353
96042
46863
69103
50896
11463
61129
17181
32468
65327
78566
27701
3303
69295
73740
85316
54780
30538
54464
10534
16428
34133
43970
53171
86548
75429
89288
21404
1821
23859
45317
85197
83806
20097
65931
89060
32141
31282
27569
42169
13677
74534
41472
6373
87380
71349
49975
73377
13622
17029
20660
13851
75505
56397
16009
79405
67556
36006
86878
86583
51079
2383
78586
13842
56415
28850
83388
94143
48924
31903
14005
8781
93567
11511
63614
2988
87208
15131
94482
65330
11310
41085
32543
71120
82992
95859
81908
26060
75872
23494
18114
82582
76737
88640
63898
14588
67828
22995
29277
715
35018
85616
83267
27704
82521
41992
50844
38645
65618
91172
92007
17543
69521
79087
80845
27516
89771
95646
27371
25440
28920
21870
42583
30673
36440
44489
44151
69976
60108
50507
75085
78698
38356
29319
68510
79050
11337
84610
12178
39333
47656
55457
66215
67655
67918
95107
23024
42589
95234
74650
82580
48874
60889
2208
47037
45185
57503
68262
81269
95153
44214
13657
43331
10748
28829
78766
11656
60173
79824
56095
82946
20222
89489
13110
70968
70864
85698
46418
88521
49709
45893
40607
47735
17727
78491
25996
15871
18637
6865
83920
13266
46135
88660
37698
23519
22585
25396
10866
42902
8943
20841
60741
51288
22703
37346
43990
49058
25793
2219
89832
82679
37791
19223
995
19189
81761
48553
7642
60458
74395
58310
49434
20092
22034
22348
22393
1654
29479
71424
16191
77857
49689
32089
41510
87442
72962
89000
29120
42488
90937
52919
84318
67088
12337
31531
18629
11852
66509
20636
19780
47637
14975
29134
12796
25872
63393
57224
43518
12140
5307
3428
38706
43411
34624
39040
51392
49388
74784
14673
66788
52451
77722
51515
29825
2582
91758
26585
72735
52958
12739
38925
3824
69919
89803
62891
80455
30678
18933
44660
42212
1345
93911
4782
67614
37435
88028
64195
23301
91860
9504
41970
62144
39188
48457
59929
33249
17805
8403
7555
8256
2360
84210
84252
49901
37106
35452
42610
35380
29156
74358
29805
8874
49838
85410
36191
39498
12709
1383
20082
22807
79167
25626
34841
63992
3110
29906
4358
78066
69720
60867
4731
33019
81888
50354
66702
50873
36582
42606
61158
74996
47591
71116
46755
37909
36339
83175
71873
90429
63438
94210
49538
2276
44680
61372
27533
20863
61993
51501
12663
49987
41818
17859
87253
2406
60959
88348
82336
20874
60121
21181
17917
16733
13615
78823
68625
43819
9881
77092
33308
55063
8911
91447
71362
3663
42603
86969
13529
39076
30514
34719
73589
27989
72550
64810
52400
31197
67403
56716
17552
21366
92630
41832
23699
81092
23029
24845
10279
79765
38149
87408
25933
40831
18667
70816
70683
19361
64743
89933
82851
39392
69005
7092
75489
40057
67084
9907
71809
66019
68089
66212
7237
40777
1007
81242
46220
54012
21516
90214
27214
13329
54767
31569
83252
52797
92323
11912
73414
24240
61963
42343
94085
1701
4733
77240
27746
89691
39150
38185
30769
11853
59175
48165
9594
14603
43003
6638
9779
35477
38550
65863
65849
64290
91934
31418
22605
77277
37355
92293
16702
73261
6166
15640
35426
95091
31764
31325
30980
26620
76400
21272
25514
58639
71094
75636
73363
40964
73878
25380
43855
47565
71843
74384
69942
42964
80918
27819
87804
6784
59072
59470
1182
47162
52399
76443
11052
4789
21557
73207
14535
37589
45454
25190
31553
86986
14931
8001
37383
67016
14384
52907
47187
10221
65276
50390
33210
78137
74164
62711
29903
1692
92315
37610
93529
93872
10062
23803
36249
419
90569
28981
29451
29286
68823
78421
65815
54548
65843
17500
27596
71079
51892
60987
81207
22089
22501
14543
90810
42422
54235
80795
39941
8264
56068
16683
83449
32601
53012
40284
70989
87380
44581
77675
32095
14175
26826
4652
77162
57026
52500
35432
69479
40159
22102
65886
12080
48033
14064
41431
27542
90558
16465
73642
24331
63551
78601
63575
573
13237
3430
20821
31273
92908
67295
23784
39926
57698
40513
61415
40907
19868
54176
93308
64671
7675
16422
21453
75195
63699
18073
24814
19598
58943
54488
80016
43945
38115
11583
63494
6643
68124
32265
58483
95289
80606
76106
20799
71064
76539
95230
4825
55786
62935
89437
49432
42233
46450
62944
26510
71686
36271
49420
49605
82155
77111
39677
54723
5893
30634
55477
82105
17829
77735
55661
10395
49835
78488
20071
48980
30393
85299
66345
31145
6377
7612
50667
66799
92094
91876
76568
34569
45266
61319
21177
48513
8896
94936
71574
54732
66019
79202
83740
11599
39566
19930
4499
64877
3572
58969
17213
9239
71143
93841
13827
72821
43264
16224
53944
18359
29383
84899
39604
81373
87684
52313
30193
94190
23837
35124
80597
66048
49534
50648
14729
61414
33194
19097
16293
70408
57865
24829
63503
58896
93511
89015
82234
54365
20661
67378
18023
25498
58517
87472
37060
16239
21856
9479
76457
75056
3559
10446
90513
76033
27622
49061
48492
46467
26302
85647
67343
51912
15622
49497
46478
58717
74540
61274
90333
47513
3741
48146
38240
44934
81350
60544
94767
93240
84950
82670
50026
79511
40336
18496
41961
88234
76206
49348
77421
34714
48084
61621
54606
16707
47067
33423
59885
44395
75722
13799
59834
70202
85301
61407
53279
70195
95022
9601
40401
14802
9627
20481
89342
50982
16658
45311
55478
66598
5090
52954
75137
30395
11273
39582
51754
8475
53246
11355
32851
78516
95515
38125
16619
86714
28474
51950
94135
81945
22017
32639
22267
27455
34276
25507
63435
50461
87162
92777
17456
57908
88743
93193
12476
82609
89309
4852
20274
31389
27759
29136
13986
79747
68846
59791
27878
1599
14021
46527
16709
81217
32944
2547
22333
838
84795
90438
55286
637
38760
96027
47475
50985
28415
58962
67458
10068
24628
14986
9476
60956
15208
88567
49587
46331
78326
23451
70854
25415
15412
83173
8901
33330
61679
27775
53917
69393
20525
45081
32489
12785
18674
49444
75508
3700
8035
95599
37500
79821
52254
21384
22938
26356
24974
10702
72461
62370
64791
3060
54577
27384
45266
40337
81573
88104
43386
85978
4061
5860
26454
36160
48904
90217
60315
79856
57345
68176
64425
80788
37634
10481
59494
22305
8405
67480
3012
20592
78007
27511
52945
45145
59528
17009
62783
89446
13802
49227
15558
66764
74833
84686
28780
72096
38510
8712
35810
70183
39826
46928
67484
4641
62315
23162
4950
69053
86013
40309
42384
48965
54728
29989
20850
18004
90421
28047
68034
9124
91456
90830
2101
2826
20519
89305
93945
23976
84260
6148
35396
80751
46456
58019
76839
35340
35742
83508
63635
2121
82431
76449
30181
83318
40915
30291
49341
3258
66471
89558
83881
21076
65756
34138
73129
29449
21258
36725
33179
18471
14822
69857
49826
36730
89611
68913
29796
4072
10346
83498
2715
16425
68464
46567
64742
24130
17581
9241
47986
30419
48670
20813
85656
95812
11973
634
83643
67284
94717
79447
49488
65082
53044
42276
40525
8332
56247
40703
56219
30575
77244
17234
30724
54289
30541
47568
53207
41834
69208
79205
32156
19257
12932
52751
92520
30984
84140
18946
59323
91270
27440
95927
66032
89408
66515
92125
47871
66449
75820
50124
40375
69665
20320
48397
55832
2488
76904
39910
35663
61958
19465
27634
91082
11326
79510
95225
41430
28248
35539
66665
35201
36661
36404
26722
31068
441
84315
58912
56918
90210
11807
71859
62558
34555
69866
75802
144
9698
30592
45934
36520
30191
47061
51142
72420
17130
17050
60819
35957
69573
42608
36156
45134
5425
25397
55731
53401
31631
51995
69250
90070
7161
50390
322
54304
72201
79254
85196
20086
3063
55158
37409
77596
67112
29960
57077
90412
15336
41141
10339
2896
82514
84402
83956
15715
48645
63212
33614
42935
25126
22166
42534
30318
71335
15348
59692
78792
31147
3052
25769
22078
7194
26336
33444
26685
49202
81665
56486
14479
14343
95057
44822
80688
48358
84481
72010
64287
23476
18720
95690
7594
54283
33099
13584
84230
44107
75063
22212
61591
2737
80334
58731
3047
51526
60110
23987
73910
87045
40720
33763
52424
92546
23385
27144
28621
93455
65253
34269
79451
91939
28080
74144
48888
71183
30442
7951
86880
80505
1986
25028
342
6284
53640
63767
23975
88077
49438
65741
91766
83960
82850
43606
5956
78545
86345
21011
57267
74217
4384
62553
86888
38085
34307
57061
12398
78710
59790
31462
47278
58063
25115
48185
42384
83592
31635
86504
33235
68815
88490
12036
35599
41836
11708
70696
95032
36919
20508
13432
79799
15764
67866
48305
13638
47115
385
48856
77525
60617
82784
83762
91649
27719
487
51403
74679
1010
39079
27930
13771
62060
49480
66703
88782
78473
93373
87018
5213
45199
89185
83821
1206
29382
11930
72914
21583
75220
24507
36504
38396
51239
46686
2186
80964
34488
32175
61040
40283
40237
20630
33288
75461
51949
78431
93406
908
28758
8729
79674
35590
79484
78090
49228
24974
37746
28508
56479
41569
13002
10493
24172
82580
30812
73556
91771
31845
89407
47045
54018
47385
33796
9099
64747
9112
90013
46360
45439
69566
22186
63446
65692
88284
4220
78308
48597
54716
47082
77617
19710
3993
60325
73600
70392
67417
16324
20998
43627
88022
54919
37322
21211
15670
78054
2398
32731
32909
42229
77143
66522
18332
25640
92304
26648
28370
75239
36216
78232
90513
70848
51009
16143
32085
83472
38728
69887
76524
4810
89381
75172
3288
81030
45038
51818
45252
15578
88909
44228
44214
64823
69472
76797
22490
79413
95918
26816
44119
41779
1513
11700
53730
56362
27574
4105
48665
69993
38411
73705
29923
35841
26171
23130
62935
21952
81251
91281
45281
8954
45328
86600
90593
56583
93493
50109
320
24900
72797
31832
41400
6470
47576
42664
50655
76678
57233
90043
22481
77441
59805
18137
61028
47369
72413
15061
62410
7887
41856
8581
66253
1304
6437
72423
22199
82302
26495
26870
10050
37977
54631
83765
62900
71226
15264
51932
87396
67853
22986
59599
88225
81835
56489
78258
27963
14878
51044
37804
47745
60691
20569
85944
72866
50282
76633
66537
25316
68186
53390
59542
53267
25943
10416
8682
35907
2775
71886
77191
78605
52602
26343
67216
14955
21524
27430
83886
45204
61175
51353
6018
39509
16204
55327
53436
61999
24
93502
14586
39837
75308
43785
38366
12850
11936
60526
74776
9789
28659
73964
49226
95896
80712
41053
6301
26493
39987
74936
51084
77428
33312
58950
31664
29517
57635
47192
23143
71491
36963
81475
93143
15291
12662
44082
80494
95102
22854
343
50452
76799
12696
56723
12376
62540
51625
91015
92265
43179
79074
90167
83471
64208
37156
64605
61572
32977
54731
79689
22792
71554
19419
9607
49749
52072
37017
76865
91049
29486
62256
25709
25550
87064
93308
52971
56132
14387
77471
73522
9907
63691
3575
65784
87298
24970
26845
46152
65299
80659
46851
50726
81604
77799
31139
36565
39252
87265
48124
83700
72852
56444
6594
11852
39684
27075
94464
3617
92376
81989
33423
84798
65746
51153
95355
90204
82583
41259
52208
48248
12351
52572
87381
50537
2294
13438
69017
83015
26803
20286
31620
72654
47025
46176
94037
78834
18051
38385
84182
43619
23260
82589
58817
24980
92670
29438
33199
75493
37195
22629
34062
66242
7914
72201
81533
83543
54573
71046
56504
60178
69599
9640
29772
46624
38864
71679
11862
89673
95658
62028
17232
89833
63121
49135
32583
13774
74161
37553
85245
89622
7817
94414
45554
19752
94754
67451
3896
14496
45546
38219
9010
86927
60131
88862
22537
58694
21450
48815
40446
9453
18900
6894
87582
62775
65309
10256
92546
52277
92143
27408
91039
49270
81179
8956
91254
64549
93355
52342
89297
54266
46032
60238
44338
95353
64393
65717
91264
7829
31426
88436
92755
49756
52449
1249
52942
37636
53397
35238
71181
59890
30235
39158
20730
81620
59775
74379
41995
45422
41122
82915
81158
43042
72741
74287
20687
51667
72572
41687
14251
54374
64583
17269
5704
61350
63662
94279
4851
34202
59327
21536
30332
63520
77272
16872
575
89926
3444
89071
36832
7285
66191
14028
22315
68288
53126
73199
36090
76245
85474
86829
43297
26589
88420
63197
65463
92739
72178
61310
14760
7484
42160
20110
20035
66241
68263
28563
91639
12160
30495
58436
72647
15505
29647
87875
90408
14329
76913
78252
81941
60022
40126
31212
68909
3735
55351
75644
10339
2571
43157
34132
81155
33635
6203
5731
45397
10477
79854
67286
64336
83119
72883
60547
27596
40497
34714
70427
1876
32384
95429
38600
56864
53051
38191
56486
31133
83077
60705
22225
62290
3767
48753
48197
25202
20946
20054
50872
75669
35241
65539
36213
28005
45773
4192
38986
14433
54969
73809
94131
58044
55399
24961
9395
14398
18809
59237
95997
39049
19464
44560
45267
66526
18974
80015
86612
28873
8393
33831
57632
75756
10416
49809
88153
57628
74175
3635
81522
91592
84619
38098
69323
63399
61239
76234
85091
29447
76075
63831
79055
9054
70214
33209
3402
2518
25582
11339
23685
8265
46472
53784
57800
95091
61702
9116
92792
49550
9121
4713
11129
68846
2526
54639
79340
80326
9986
88636
95511
6813
45779
30222
39426
59418
41160
37237
80803
54113
90875
90532
95388
88569
2199
89182
19442
37958
57880
16984
82399
1142
42628
34811
67208
14872
95247
17845
59611
77434
47671
12621
14767
21778
72461
44511
45839
14252
43816
84847
2354
82467
47500
82641
16680
94690
70218
6928
63747
93428
24769
8333
92104
36698
36847
95603
66443
19557
55567
57535
93694
9359
91678
42278
56685
85736
15753
62645
15485
1569
83243
73581
73923
25603
25312
60488
22594
13829
19631
17289
68325
70934
11857
59650
1623
52440
77797
27934
39079
32469
18659
5859
38742
1033
91111
82643
18732
15995
13449
75828
44818
53887
50577
47040
47325
66048
46614
18851
612
88107
31372
52585
68379
71175
77310
83887
26603
603
36193
71064
74474
71340
56023
17753
93767
83907
18003
8635
46847
2616
28216
71394
16398
38844
8130
54582
54206
24814
49622
9261
51679
86777
11486
82477
32727
41415
37010
51462
54041
44539
16537
18371
9138
56574
33946
93647
96101
35857
88707
55858
83273
65848
18624
49598
52535
91390
68435
93461
73253
48162
445
57666
58473
86141
44329
60477
22791
73956
52646
84745
77792
63221
82822
31203
45689
17851
94670
55920
21008
89944
66811
44399
4016
3482
1322
83805
85132
83025
24459
79428
32353
43335
22980
47122
41993
19496
45354
88591
76419
92098
86165
35878
67785
42347
62612
45697
14185
24032
31298
69298
70078
8246
5851
69535
43757
67875
23195
29008
90750
87629
86922
72888
74667
48315
51811
36922
86119
89084
71728
27466
41686
40325
95777
74842
7553
27876
35592
73797
33112
48750
19465
89876
77926
16099
76725
92984
23761
92558
53158
42987
21205
50073
71694
11417
10486
74260
7766
28135
31914
8105
36693
19816
81151
54273
64836
92969
61275
41558
20197
90242
5137
85302
7307
50433
70230
52927
18351
87152
76912
44867
85770
55827
75576
79771
34268
87701
85516
50667
86016
90188
52844
31259
36756
59290
80101
33582
17004
87073
51644
15333
62039
59792
94948
83996
50810
24411
33269
71435
55767
29276
77652
92014
32959
53099
71273
89073
32673
21800
4221
29891
68083
36070
16143
63629
45239
56608
57946
67600
13867
22963
94258
59788
77
5786
42956
94685
47431
68057
11876
60058
11639
36765
70941
29437
29678
22324
76440
6551
49489
59085
54106
77945
45931
40906
53333
11735
46816
31896
85476
54538
29892
52789
92691
36699
34112
30667
78420
74879
16579
52372
34233
11024
77067
80581
28920
33610
37594
90444
84411
17989
96003
84992
88864
78685
8651
35613
11553
60039
32481
51254
18070
79191
24488
2280
48786
93938
87196
71518
18901
14623
92720
42104
27318
24809
81806
9816
22232
70176
43645
83071
45404
44873
47944
88138
26521
90173
17166
82511
58859
87180
82439
65180
29619
9196
65891
49310
14582
62696
75833
56959
31952
61042
4988
35863
75292
35027
90938
37424
75713
55552
68396
80532
16777
3104
51628
84117
22038
48801
39537
15504
22943
63414
36492
6905
61052
8746
1586
90684
21383
20554
4014
7204
57276
67292
78623
9535
86844
8112
42468
37495
53222
21803
18633
74231
43297
35248
56330
7941
50591
61073
23120
40117
73680
91145
43342
68595
52686
12072
11496
91627
82001
55271
65341
94831
35899
81917
71179
44202
87250
25454
10918
73254
71429
48940
61757
34589
52577
24443
5667
62273
3105
80214
60728
497
69648
33443
34976
86779
40272
49521
71865
52677
69573
91476
36869
29327
51228
56009
78140
42789
25924
44775
46412
25467
87999
92018
2910
81895
21820
33367
51825
78977
72073
44126
65133
29191
66576
6594
229
17454
89316
74916
51774
10510
61379
3058
3171
37373
1698
93582
38720
16034
4698
78536
89242
38447
50765
80374
52169
23413
54091
24045
59869
25861
72957
77276
24664
49635
32566
1279
32855
67939
17047
30604
64921
79837
49210
47299
75881
69446
58743
72383
69782
43336
13046
3430
194
64718
33612
61303
4078
17903
5125
27954
50815
16849
23876
22423
31623
73488
92812
86484
14064
9919
63425
47595
70436
26927
78995
1089
68919
19334
14879
73894
49469
20587
94523
41419
68502
87056
15263
17623
5076
39742
42199
66796
20880
34773
73136
67514
53786
66151
24373
16462
73126
50516
70707
65613
77873
23379
31457
57182
38041
89303
73570
38320
81484
49246
90956
84602
93655
80737
13275
7500
30949
67617
15952
58991
85686
94672
27665
34910
21474
41135
55902
57021
83569
43807
9933
42257
24926
25736
62168
30907
74407
94166
34411
29425
62385
82264
21460
93717
60178
73047
27813
20648
7758
81742
48511
92423
38002
84378
43047
84027
84137
81799
32582
55345
59934
90305
20446
75650
1635
26094
32631
19555
55437
24778
11671
58117
18277
11974
31646
77411
19210
39596
18926
93615
81210
69202
76062
91534
56791
82517
28037
51564
78150
83527
81655
85950
61551
70928
54680
52356
69078
33145
41286
28931
59861
72476
94617
65726
84384
70143
77407
92233
38088
30366
12501
63141
6154
10708
11183
61664
25256
89938
76725
63188
62062
47047
51392
37790
49303
25286
15889
45039
22288
7014
59354
58243
3639
69172
92654
55725
90481
57063
3373
12276
66231
31330
70018
36127
22183
82777
64877
30888
54368
24762
16259
59738
53236
24751
15673
28351
51436
68664
132
18702
83631
64049
14595
23442
42832
44802
75783
22820
79920
42986
14291
20611
39252
72541
11905
66118
3297
34155
60382
28004
78555
10468
26835
28681
86340
64667
44512
87013
54496
41357
43763
47476
54329
47137
8450
87700
76319
92691
51016
31683
5438
57556
42507
60935
28531
70323
85895
15678
73689
68559
5414
83260
46896
35065
151
7260
9648
52776
79542
40466
77287
54615
39273
40599
60178
5564
53037
23665
94630
80020
79678
42647
18626
2513
14735
74813
37315
39269
66520
60148
62633
93872
7879
35798
42181
76705
37348
25614
59835
28287
55796
89968
91231
10028
72897
96039
42999
14226
50186
61105
20692
80442
48594
18551
13764
38708
42976
15094
20525
94780
90514
62413
49542
94767
46156
47674
33064
60501
62062
63497
56958
95923
16232
79646
58266
49146
64967
82242
35840
75399
42677
71215
1205
94497
27815
9479
78491
4000
21424
24664
34414
20933
88556
22336
10099
18099
59418
44297
92429
7048
79036
32461
35088
47246
11719
79674
92894
35907
18111
87952
7701
11423
29734
42986
31611
4552
65285
52040
3132
54441
16502
14256
70454
64920
32834
37971
62903
36207
18861
28957
33800
50415
24513
54025
62471
9892
13005
36274
88044
26283
65321
87857
25276
5882
12954
61145
73161
50432
23591
56644
20274
23024
55486
94753
76784
39548
29475
75273
33314
14031
50285
57477
57286
49339
36186
87358
68606
16546
93038
79066
74245
5163
29179
57708
74597
69295
14688
2785
90415
50566
73223
59772
84639
4808
64859
51254
88154
68271
70067
6941
65365
22018
7913
46602
4616
22668
2449
70628
6584
43237
81860
92804
32242
79610
66024
90055
490
45458
90392
79109
28981
23226
56521
23899
86734
37107
81243
12277
77461
51472
29787
61933
70665
69373
59655
26905
80011
56589
87941
52976
23946
60047
11533
63593
94263
32647
52749
28798
19100
40294
31850
14507
55494
12847
7658
72559
66362
12127
47983
10069
38522
48994
38573
80370
53562
10006
38969
5399
66886
3933
79651
42235
53437
74147
9907
28454
91042
2765
40367
87305
93042
2223
46219
74309
64027
87942
69469
48182
18370
55669
40626
21300
89382
7482
3571
34232
16616
7380
54927
41609
1470
62361
71998
25618
94925
53656
11868
46228
56226
6970
47076
93128
17864
72375
82495
51391
52517
13049
20569
92369
46363
72161
5579
73584
37132
81765
79254
42120
8619
69241
306
56650
10049
93877
63605
24838
17738
71936
2852
94666
34687
59621
76091
87612
14129
38294
80966
29704
84113
85332
65258
2920
27391
72210
79068
66751
72515
7567
8447
60674
59263
5947
86398
73137
27154
22001
78932
360
66430
3202
31521
78516
48357
53435
78157
21709
1155
41304
20665
24190
50342
9874
46751
90988
3910
26737
29422
42320
77559
30494
7052
73171
49
58944
23799
82063
77612
87113
75246
61367
56380
4280
56710
15225
28965
33959
41851
19537
12128
78155
91915
43013
18105
93147
49591
73277
19498
62019
15638
48419
40579
74627
71060
34508
26466
48436
73189
33029
1746
25030
78712
91498
14070
60382
54876
6580
20038
91649
63225
57668
15828
85790
95130
75196
1339
42963
15926
67938
20920
42682
58216
77999
78791
79912
30127
62336
82809
6849
14494
12580
55763
59009
26447
20552
51686
42896
92104
81421
76752
19569
44657
2913
38143
30362
69469
89170
66239
38309
11111
34892
28086
44582
69815
45777
20266
68380
61406
28544
1747
77770
92346
75055
86954
75044
75821
46436
25203
69724
21928
63891
7406
5784
95057
65774
66933
14443
19547
80478
52561
81126
58410
22690
54940
46469
54429
71452
61014
85219
92909
55051
3850
37566
95016
76154
13845
76878
43165
7110
66056
26841
54242
75710
19291
78357
73731
22425
3347
71974
16409
92738
80353
26227
10206
48474
44318
35564
49920
2696
57940
13095
4966
36193
85823
92652
58372
5789
34604
77580
25364
7301
33481
67298
8795
92346
90037
73115
87672
72714
74709
39141
79954
46857
17238
45420
64272
91080
36146
52964
75514
78456
57403
79610
43123
48671
83070
71947
67108
88875
92418
3302
76162
46201
47157
26795
14948
70564
54379
91326
49694
64380
62568
23400
56994
36080
52631
65761
14174
15240
27582
63166
16606
33080
74529
11578
41661
69939
4728
87096
63859
64349
78149
2126
45376
26960
36583
18095
28187
2238
64791
68954
29781
4371
88326
51080
89329
82251
11460
9022
71168
19300
85414
1273
50432
8731
37729
77251
50008
1562
18692
5329
38519
608
59361
6305
85803
29052
9206
73689
14677
34546
63057
41989
43635
24199
36193
10530
38213
56084
66453
74901
87049
35324
45263
69013
86062
27626
86031
33172
56287
86461
81094
15116
76322
43447
69977
55721
50804
96054
2046
24004
27133
83592
59316
74254
78399
2719
83381
71482
56746
79186
26415
29452
27115
6030
70819
7004
43905
88921
12942
6428
19021
60363
3743
42318
49746
33617
50191
2425
56582
15975
72597
20289
3469
21187
61731
38976
3995
71815
21982
62043
89444
73224
2862
42397
52392
86931
80533
58897
61677
66540
70022
36864
61946
66955
94108
66661
48618
9176
50329
54784
1345
72145
1473
39847
40639
59583
89220
48406
647
47559
86957
19056
56970
96060
27193
41456
41367
26019
51069
73276
43878
24853
45907
68424
69224
12453
1949
17408
66200
89250
51062
78260
3109
57613
33636
38548
41340
78061
53150
94173
26203
29190
31245
3801
37860
3382
38606
59741
44229
81730
83374
53690
61797
79247
67867
61807
50751
64478
35586
43943
74347
3286
95434
7183
6330
65971
43680
873
24984
84676
93998
88208
68718
30054
45149
61782
68517
86424
51981
20503
18780
28205
83986
61793
75398
81156
16848
67511
1030
73346
74002
48447
32002
74957
31527
5053
32508
23518
94562
6171
52889
27498
63682
62954
30193
44307
58294
68258
91463
72486
49061
41538
10923
65922
9740
92744
78016
2333
8225
72314
75981
87943
39168
62190
25829
41155
14264
87738
77720
81146
81063
43567
65627
74550
70441
53753
49856
89128
86009
23278
71568
30405
70404
19341
74092
19130
23473
84359
49599
26653
20453
22088
93625
41798
73731
59624
70096
7788
73804
55503
8158
48731
10919
36661
6292
84990
60932
78638
37553
81690
78838
79770
64404
64438
82606
90654
48750
53961
22166
78565
38418
91068
26284
44568
79635
86229
71197
46663
33777
43152
7876
32713
76603
45744
21159
52246
88145
39606
308
51986
59795
32930
79306
39196
34400
13078
38385
92625
48578
59597
73292
62260
11339
23969
4417
71713
82841
1825
54017
9236
59750
38947
75622
57674
71962
22677
7760
89285
71084
4661
38122
4232
31213
36714
88219
62093
39817
88941
33253
65897
46228
17647
50719
58191
38292
15361
9121
67612
41796
63155
92974
30756
50242
44940
48646
52412
17628
8322
47496
12653
89681
73496
14666
38749
7006
70891
82158
14514
66234
21808
12816
18659
50471
74691
44530
54055
16839
92775
5657
48222
31520
83075
81782
16006
66611
67023
43730
52361
81172
89939
6939
72370
8321
42444
47223
64026
26975
71145
86579
30734
91131
58990
56367
72346
1517
41916
31933
58869
35211
69210
17273
31248
28524
2422
46568
78022
54108
24004
89873
14546
90539
69151
32905
19742
91493
35258
56814
93464
83406
16056
72741
9933
56021
11208
798
35137
8554
71476
62764
31831
2189
19217
13035
51019
39952
22784
19296
3368
69686
51103
45058
8290
18261
12579
89928
86718
93529
92739
37135
39694
88343
21348
76626
41879
3798
52390
83026
46472
61002
45122
83194
45994
8204
11161
62288
3942
58444
58009
86942
62240
34239
66264
3343
49429
68346
90443
38708
45894
92051
20465
65351
45548
18752
3877
207
77335
90691
1054
82764
56620
17718
24306
76858
4475
54006
3084
61950
51424
67015
27786
51875
55146
42981
43702
14597
54169
77750
20126
47723
22474
51362
72675
11252
71443
10836
61743
2446
16151
41595
92783
61634
28409
20108
13031
41947
55388
95286
78749
37330
88591
43820
76593
57527
29410
2463
74487
51280
9558
66668
1365
66161
71543
75533
20599
15654
39711
11951
20489
63340
15166
45958
49275
66377
45555
8264
44211
1972
4515
37183
66758
39765
80518
19992
69709
56693
85125
9285
58578
53387
59356
53644
10197
71103
8084
23357
71118
79984
94039
69289
79652
62299
59373
21201
72565
33764
86619
5207
9313
84817
84978
75394
12511
21264
3353
31431
27157
25017
19834
5543
5272
52016
73356
58757
33163
28701
9786
51803
56553
93840
48785
36510
13936
64341
82011
68218
77071
68631
87614
7966
67390
24663
22485
89874
40956
73058
15583
39316
47645
989
25238
44417
2767
95526
1569
56820
91553
65543
21297
52191
22444
24309
26166
35031
73319
6790
66088
78407
54198
2777
67971
63892
24733
75493
78906
14543
86443
79553
50557
33017
11089
58195
20737
17201
43851
46070
34777
31481
86679
57877
62727
15153
82684
75114
86956
50194
5117
20408
36812
49285
36112
66698
1767
60397
17261
24517
16717
84711
21429
19026
69360
70522
89800
1052
84977
47164
35771
23763
91618
67550
95420
82509
74815
6153
38375
83639
13599
90379
13384
63101
43463
14016
63681
79201
76626
95994
54375
93736
95954
71107
52978
54541
46011
56999
78433
24141
44334
77039
80190
46619
59290
80608
86980
94610
61896
17827
17190
21087
6903
58703
89796
5418
45422
47756
8144
18187
58638
18365
38617
63278
45630
51847
3483
95688
28872
84513
90873
29890
58061
55058
38667
8604
33120
49170
35003
35870
2023
78198
88267
7536
28906
70672
16047
44957
51260
15537
13078
80433
86149
69689
63802
61710
18490
52506
79836
89635
14826
79514
5964
91577
59785
55411
65408
26268
35782
40744
59315
50520
69294
2648
17509
30452
28706
4637
77319
35578
32146
34741
3628
1264
72414
51649
16956
59331
71834
79911
7306
33193
89924
74348
12071
58131
93032
92957
4853
26387
13932
45516
38721
88382
38554
26912
23180
67200
59973
14562
51431
37504
49579
41988
80430
73001
37674
94311
69744
22266
32261
28753
95694
54732
26283
95996
54787
16728
18661
20884
68920
63655
51347
29626
58251
60330
95978
48332
75120
39479
73533
61775
37033
34653
62867
16306
83803
62480
42927
48137
13622
91378
54044
51805
72057
70391
5422
66107
77803
95189
86209
61829
49920
8138
42428
52152
93953
84773
25788
43908
51452
14332
20231
38265
59510
68201
17748
16081
42427
56101
51500
64004
63642
59854
10841
72341
35025
35465
5590
4006
39314
73415
72156
86600
45859
24408
3562
53248
50338
41765
39799
8348
77723
89229
54790
40818
94682
32076
75120
28877
18298
88554
25638
3292
67065
4933
35854
19101
61294
44020
91172
76972
13651
31300
35254
67509
17634
5774
85834
61444
94519
49179
30448
2141
51965
33127
12536
23508
53413
71754
94534
35109
87763
40606
9513
38040
35165
84377
58520
33180
19433
93128
70091
17922
86041
60266
47075
17046
33388
36980
72682
44437
36428
74617
67646
47331
66835
95286
79924
70441
40096
37152
85106
9558
52834
5800
49931
47037
73315
46598
43102
74074
54801
8620
78046
95437
8578
85147
67075
27586
63961
86297
89695
6584
28683
24489
68512
86136
92910
47458
51845
47097
75355
24965
50303
27548
63778
56446
48631
57021
76317
62940
23429
54497
76993
51255
25032
9579
42402
95738
43130
42219
46488
85150
18644
26309
2790
67685
53506
43203
44869
16712
26157
8272
29289
45822
93918
78893
59508
27482
94534
76966
16866
43065
96022
69258
21960
63122
51946
66727
44973
85794
81686
13310
36273
15706
8648
54477
51827
87557
45899
34726
74478
81760
36513
17959
1555
48025
406
28291
56824
14321
46294
63770
36247
20489
23653
62592
11296
34042
90754
38063
22537
41493
20388
86053
43738
25620
16115
11842
36069
54042
6736
5211
30884
273
47022
77193
5762
47456
69471
1958
39013
91336
35077
75628
90876
7459
5498
75647
89926
77217
68314
95137
60947
45068
12029
49728
14591
41349
81285
9027
47735
87998
19874
84709
54821
14827
10703
8765
32963
93833
76992
49780
92610
88503
44719
91967
79800
95786
47815
30948
12219
14926
36486
94617
86683
94075
50412
89591
12773
5272
11220
11117
78035
36904
73762
81051
3473
12697
9108
68800
36939
68015
4001
32386
52014
17225
4261
52621
17216
94722
63285
76292
54092
30729
8898
93620
64378
93411
5899
23680
47754
74601
1333
40242
79389
21221
13694
2023
48867
33864
2695
61161
9443
77992
36050
47779
17562
62053
386
12717
78623
51026
61792
86005
69086
64141
48696
78032
26951
10499
75434
91545
94500
7518
92533
17982
9759
6891
39178
63187
41861
79659
26275
73139
9758
76655
15488
44766
42860
50115
83601
67009
23000
39153
80098
9760
43599
29233
11967
40063
51824
64516
72563
94407
60732
47625
40437
63273
93352
58560
15047
61182
50278
24967
17061
12057
14298
70582
74505
42482
47485
69676
91799
19613
84665
79187
21991
17135
17354
29408
27287
45310
17665
58678
30248
13341
36648
2013
30565
61676
30449
73712
60198
17807
1348
47279
39209
23256
31881
84203
17755
23193
10749
54366
50766
56394
71733
63753
81177
73512
79649
2307
62535
54372
6222
49846
9777
23670
77742
8633
26102
90668
75228
39320
29949
88435
70352
5606
38983
58640
42192
67443
49692
68026
55890
68727
44325
43872
79687
55942
82821
91394
79684
57922
89178
60869
52520
39321
90011
95122
6984
28726
74696
63821
17716
71309
51605
89922
88937
37649
38283
24000
54953
48344
25785
74877
91727
6733
14623
46085
74200
4481
38340
71758
487
43417
85122
76901
24780
40096
56394
73953
55684
91598
66206
44351
13360
14263
68472
72996
86393
4426
80949
11303
67277
15342
74693
48365
91893
74276
43260
30971
11749
73380
23847
45707
58923
16837
51422
4543
60787
73118
87821
94471
88891
1315
39787
15868
66218
14206
7051
17716
17702
39102
27488
94745
29644
22709
31527
14244
41049
52001
26109
8673
71246
19527
4197
2185
10567
15259
23897
74404
89867
29186
14625
92286
75619
22201
45558
6429
10514
23995
36736
50487
12772
30520
46661
91334
630
7685
7596
86234
32375
54350
19883
30750
14188
62407
34349
60059
9990
57562
76653
35337
87449
3418
81605
30549
19964
91931
90281
21236
61907
78679
78883
3090
41645
85380
54528
53995
82843
15638
14760
90104
72716
54200
46283
26468
4523
16718
49088
65108
86634
50843
15618
24984
39374
40252
71981
88862
20704
28713
19213
66004
73992
68349
47989
49151
38704
18352
11301
49949
39330
26377
86308
6268
36162
3869
79317
70509
26480
53147
43582
42640
54734
32796
14573
83761
9615
4577
66214
87906
31262
45432
81175
64358
57740
52500
72942
7446
69591
25868
84861
56655
28697
78537
60811
50181
49171
27850
80100
72656
83793
94881
6210
23964
9007
30384
17343
35518
6339
25992
39718
20470
63950
39913
21009
89728
75290
45969
38539
95365
66740
6706
28536
21120
6365
57561
58770
89838
45627
1918
24622
29971
88546
80202
26870
32828
15061
84955
86147
71475
33228
31320
56766
50101
50519
3289
36447
41369
1524
38019
8091
21397
22956
81856
70544
39037
95013
71456
29088
4508
38301
85328
63704
22565
40653
29127
4367
43732
93886
45465
18778
49896
1823
70121
86670
76867
76725
1179
93728
73881
6372
18499
62270
45708
20619
23943
38570
11375
75736
2322
49156
48113
47609
24919
20015
40857
69568
38419
28835
21405
10655
24702
14617
54355
85697
82249
60097
81392
20987
20026
29846
62602
13378
90793
33440
46521
66140
39659
38579
19435
77536
58401
31915
74667
58313
75485
45008
36303
47084
31242
36195
42145
90439
31497
80714
44629
71111
59463
69486
11237
78098
20025
73475
37678
79327
56985
52064
84259
54715
64441
44987
37259
14043
15933
86567
64598
8053
78542
70008
20829
70655
48002
55916
44772
54328
59856
20883
76837
35798
59601
74945
63554
79130
29360
3720
39161
78059
20921
82161
80172
66420
56372
60609
81678
43758
62456
69005
9285
80783
63096
28697
15686
67876
91590
1057
17739
73805
54663
40740
95130
348
84055
13531
35442
74976
18496
27189
75803
67231
3580
23007
38459
45483
42657
2145
35878
10133
63520
9938
57660
43922
50856
11564
44495
33867
50559
84460
75147
30315
11504
92164
73488
57673
20099
34727
22651
2940
86917
94257
24752
16029
88546
90616
15342
29261
66647
80355
80632
18990
79950
95199
59816
78696
64910
65664
34807
80357
57284
64911
93535
73514
36986
19928
3597
37501
74307
13388
53108
71294
32418
88539
55936
52972
14887
27429
24144
63249
52062
8891
72822
32440
94279
82129
20458
20282
68930
25989
60313
10884
42534
94852
91508
36129
19596
50159
75164
86127
83313
75856
90298
16587
3999
7284
72062
73524
65960
82758
46142
86644
84988
13890
74994
85074
87357
35505
42273
75822
21821
92770
11024
87937
70188
5026
70804
70794
45316
3573
66157
65698
25572
5709
96069
61630
26127
83113
13600
81603
19661
12428
83786
86958
5605
5365
6472
91554
13382
33061
9406
8801
63515
62352
27892
18763
74772
47147
54503
6713
31929
3216
15654
89551
56981
87908
4284
65942
23234
13876
27918
25329
12623
53611
86936
10489
32950
13862
42289
31132
54730
6898
7890
68207
13733
63644
57876
70553
58258
93676
9351
94138
10215
14884
68959
15445
74930
89671
62603
6203
49471
2292
76508
94447
77022
61948
52882
15384
78364
53000
24268
94433
25117
34777
38787
14863
21334
6455
85843
94794
81252
53601
18138
87836
67839
36187
41940
35231
92659
28873
85644
87823
45631
49861
23425
75877
35273
55792
19740
62299
10232
21441
81670
52417
19366
80108
58573
70708
59616
13989
7767
8731
54684
61260
93145
48999
90078
95924
93092
23588
88082
41720
50579
53678
60925
69746
42726
8581
66614
69479
65340
20181
25377
37911
33264
83972
80094
73339
55019
30582
48962
24497
26558
62951
95175
16073
43837
51651
1618
61294
94455
56652
20562
20204
88027
87357
59073
25643
17908
19322
92362
54751
5883
25513
8093
90803
56517
91274
37963
62591
12268
28094
82211
6601
38520
28016
87357
25955
32212
69372
42398
90115
52258
52255
92675
55164
28782
74745
47607
23099
19904
46539
81538
18365
9628
76284
87073
72669
17122
35527
48024
10066
85086
82114
16632
64210
22488
8942
29311
31459
37605
26340
7342
26547
41777
12158
40591
39406
68453
17523
55253
10130
32751
56975
52787
24966
15297
67067
50181
47805
33163
35026
77061
66207
72748
10121
89829
17084
92415
55723
17672
73287
43033
30516
39232
62360
8683
36854
29029
68016
60626
20704
19908
28462
88611
267
16466
26543
58754
72400
50238
40976
78523
21115
71258
65350
71510
46325
71337
35662
11489
15462
27883
66607
5605
23010
21187
20074
31385
1506
6763
14850
47128
57420
48346
18947
46236
9131
18192
13412
47245
91559
43538
55167
25059
32016
38818
55572
63376
58864
11020
8276
81472
90366
40161
88188
37733
9662
84082
85645
44507
88866
24630
47198
45409
86192
89864
82574
51252
87926
69502
93171
54932
53913
78885
3315
33253
93582
55866
55419
39899
8054
35053
56634
9930
3472
5732
16805
4254
23949
65335
11257
13265
72654
50409
57145
18144
8795
22004
52184
93172
14023
8526
79692
39587
55540
35354
41519
91786
20935
71262
21207
42959
78021
40264
74436
92171
12870
85603
52026
19774
34210
65625
65719
88609
31820
34221
87442
39531
49528
57809
68849
36254
66935
982
81003
92171
51730
6173
32977
41929
42023
73235
78948
14414
54598
58140
86062
26647
18372
11638
76836
59826
13973
29216
74444
14398
61754
25226
50838
45739
78248
68256
15763
34562
94260
35539
92171
62852
68135
33170
60678
1341
63869
95094
78711
42370
45662
66792
59548
29045
28301
28342
65293
35581
52761
54799
2483
42641
88630
6577
85975
15818
69716
19062
5009
86296
29508
9326
42574
54960
45128
73764
69807
29742
85716
33821
27576
51403
58090
29025
94351
24117
5029
16075
55570
63942
26113
47666
87282
37759
6962
7408
31776
55218
144
43328
56948
55937
75833
69390
89369
72721
28437
27794
62467
44847
56404
92347
39764
23356
38382
8509
33365
81983
56548
53655
79354
33951
77420
3851
24056
66729
12021
90565
37467
56544
64462
21133
60660
33573
33766
83241
89078
44213
21597
55673
38378
7113
69950
64298
79776
32179
79181
26548
16901
70451
1248
12086
63052
4502
53410
5890
9623
23193
59184
34894
52560
6100
69516
89021
44876
22125
95303
60818
7673
53289
27810
90907
49884
62744
30901
77312
80866
82665
48487
92143
33093
6897
75961
61341
82340
56457
32907
34426
61193
7811
30850
51074
19709
26901
21938
30199
76902
12855
46434
66306
26864
6714
34545
23283
35373
41539
1951
52733
61240
57693
36592
23993
6813
41605
33892
21542
68970
48807
37387
55674
22998
17638
82381
94881
73275
61520
32350
54570
58442
63069
34365
2527
42534
52398
31992
81326
25119
83773
26303
43241
59229
78804
19787
27201
1364
52121
72264
53862
6396
44331
50861
93908
59811
81169
68272
64213
56004
47205
18308
42594
94246
79708
78499
92228
73957
33734
20973
61941
17437
15483
58760
70997
82053
24637
29875
33911
17609
92522
45244
47724
25443
87253
56793
2154
53888
26744
43071
64031
8756
22145
22076
15556
16774
78291
78452
20743
90766
24898
4235
53574
92458
59302
7134
6192
74127
3167
19283
6782
20968
84639
58982
10379
13283
75228
18220
27171
34975
56047
85986
36687
39140
80390
33480
81864
87645
45092
71869
40049
14637
11203
80382
43842
60726
72931
75379
80561
68877
69851
7999
22095
59607
85856
93814
86411
14745
66325
66686
83413
71857
13943
76670
3047
83852
26564
17261
49470
16454
45481
54657
4142
64975
56306
64486
6843
33806
54398
40316
55843
44187
47321
61415
30759
70664
59607
77316
89696
2770
19399
83237
23439
80280
29672
86487
58865
47213
18655
72077
30108
78251
63195
6074
37784
61115
14081
83856
62252
45744
74738
64353
10863
90794
71038
11050
46888
54370
24230
60658
61934
8323
34544
84082
72375
21667
59497
25036
70692
79539
53416
91526
90010
22358
78372
62933
16414
22158
64387
38044
53433
55369
81099
89688
38192
42519
16004
87927
53747
37893
3777
61230
29275
48147
76381
70428
84267
78742
46344
65740
59867
4843
74018
44691
24859
47788
44942
93214
8502
46614
86303
75241
24393
62574
30763
34037
83267
89700
84352
90383
42116
49962
35377
28490
23816
34827
27297
81128
33068
47634
78227
17264
64862
38510
93797
12301
90803
50205
88647
80278
56534
79102
48856
80875
53243
77424
47508
1111
27835
75054
87251
53111
3841
50793
20520
91018
21835
62184
60845
57364
18416
26872
54867
40453
36827
85454
31988
31140
42663
7774
49109
32037
64831
30299
82663
7753
36384
10922
85798
91878
14039
92058
69723
19477
33171
36682
43213
28068
52882
19908
41751
52024
71148
715
4683
18849
68272
80743
80541
44322
72641
81452
47372
14308
87873
60013
92728
41076
72279
40426
82842
467
86724
61738
71380
12822
41485
42470
48604
3675
8791
26618
76671
90917
42120
82308
67989
51999
79908
33071
9597
41782
67907
87717
79288
58432
89059
31090
56979
52203
21416
19341
45756
43275
12210
78123
86883
9486
52215
12694
73667
84988
19269
78110
19282
31856
33130
42185
73623
93477
73665
76690
54778
50375
86003
57111
9739
27806
65998
26475
86261
75979
53043
83370
92040
86489
22248
13358
22476
57167
49960
80735
11386
18935
28474
70732
61394
20891
92086
75959
7758
10393
35661
50740
40712
76456
13383
95238
60728
47876
52200
64395
30570
6713
46378
22235
37800
71354
44121
61063
72572
25486
63469
49418
75595
26193
66128
43183
15591
16095
52608
80179
28617
35573
77700
24890
75637
16211
89264
69079
7976
95916
68375
65443
92705
50486
52744
7421
83206
20602
461
15283
10136
69977
15131
13109
25022
67514
32354
26423
92709
29816
25912
79106
24307
5144
18733
55443
87463
75103
43111
46131
63360
90710
35654
16177
72591
32052
49060
87896
9625
71003
32295
29632
17603
90189
68397
35213
71197
78516
72757
78642
80478
20614
94847
79653
38832
24805
75767
44402
89379
5042
68783
26169
15338
85469
24955
50983
1344
81196
71959
88441
864
57129
89385
53679
50278
88455
1368
17100
45197
20760
12875
40046
82975
80743
22581
73277
12665
75546
29418
70355
46558
74422
15233
16744
78660
7899
69874
95104
49099
8923
57679
91382
31051
51981
48297
72455
7850
29519
81422
59913
26137
31952
42668
81356
36468
54022
28459
83148
77326
80260
18697
56910
76615
85546
9454
49068
4114
64589
44195
13346
75581
76602
88539
24844
57324
89467
56402
62964
45631
18218
82860
50814
27113
91293
70397
5116
96054
44439
16809
2702
69265
44033
12873
37318
51963
77214
35301
53244
55015
72032
35504
76614
2424
75577
85259
49735
47556
66508
35686
55753
2901
81954
38084
29564
48642
75456
62414
87253
54351
8541
91203
2181
64656
56313
7158
44098
74906
54947
62330
80763
13897
10975
54357
7328
34589
27296
51916
15367
50097
53832
7483
35657
69353
73619
21371
84342
37794
45915
49947
1834
90256
56568
13319
80693
61496
35637
53697
89377
58094
82946
37914
54752
94098
40243
46490
48025
90177
7972
16418
66778
60781
62142
19005
46932
79816
72278
80357
90631
34799
5028
84701
1532
76578
36193
23088
27724
56956
17885
81872
38659
25095
71706
79408
8308
81585
31758
88700
84456
39372
67219
14810
34571
77173
78301
61066
83491
78129
23145
52176
91717
16604
81571
35779
87632
36886
74133
1285
60245
57163
91438
83605
13959
26871
93235
35994
75845
87215
21765
91297
8646
47209
94822
82754
85331
89186
68903
34590
54941
63082
41369
90058
23950
37084
6346
59201
25405
74664
53912
84198
63462
95161
77445
54028
23320
71412
44152
78778
84997
75131
37760
36837
65912
80202
87382
12986
73429
86746
20574
21010
76845
60199
7308
66653
40759
63705
64575
94260
46402
69770
55256
54711
38640
63622
71642
64718
91079
23200
766
64885
44457
45840
20182
33538
82295
94746
44799
1265
68451
66249
52279
78512
5051
26492
41821
69190
33248
58138
67259
51881
56552
28146
17321
26195
23451
83238
41135
70515
86548
14428
11356
71232
43781
59980
87959
78838
76656
37861
84086
37059
50367
68824
223
77325
45970
86751
25336
89032
62758
70336
15033
79052
10098
13610
59044
50149
88347
9813
29097
29444
4309
66542
71306
18912
80692
31662
22729
15738
19100
32580
21960
90440
68109
15880
59217
57723
26541
55344
62128
8458
92822
73535
65055
79532
70236
77084
94483
794
41681
33540
92277
34830
6224
86952
87260
72329
88091
66122
22260
65146
11169
46295
80524
70064
58155
78998
94666
25110
19669
74852
90833
76013
85198
21470
64556
31226
69165
54357
47985
21479
10690
2954
32927
59999
41591
74702
58384
65768
50548
31940
65424
85185
83598
24648
82839
12101
6597
17205
55725
81476
66279
87492
36475
72920
25550
50576
221
76456
94405
11058
70508
79516
70634
21844
1282
73363
56035
4172
68711
81390
23351
55629
7714
33384
79784
46504
22290
81343
53786
33613
4620
86670
22775
1128
48730
64337
83326
60881
89151
83444
3686
93560
27530
30223
93016
58451
26388
33235
12492
11280
32974
83167
62517
59283
16686
58656
11707
79823
61332
8807
77515
28319
28721
878
87691
33585
45725
22672
58012
237
11167
60792
36837
43447
15571
71117
45641
47242
92397
59394
14950
47311
54568
93094
64749
24265
28933
86362
32257
7919
63953
94714
74829
61912
13226
37455
32352
47228
28968
65973
63213
16628
52805
82793
94569
14419
12634
75636
47748
96113
93825
54580
66851
89806
42020
77431
15169
57969
35270
74131
71027
66880
1569
16099
66099
14772
14064
45845
21342
16733
60390
10279
11533
90537
11453
80450
6957
92508
86725
11436
43251
47794
71240
6711
87764
17907
14877
69375
43884
46170
67152
24349
9956
1891
84313
57394
56992
78482
6801
11432
58122
65433
1077
14960
77870
4228
16836
51507
88575
52377
13545
12942
18644
53945
771
91396
75399
24828
50124
12484
12905
70210
45101
662
51817
44523
51952
10036
79991
2125
25141
70218
82705
93027
14840
14598
53404
26212
93471
58193
45594
64389
46134
70603
1828
22796
11452
14941
3560
52405
5294
91228
24368
75140
80956
79291
89069
95700
7349
47263
95400
81095
51548
67793
80889
81768
41375
29959
33462
55697
67923
94774
95551
65518
45031
68353
82745
58563
1858
95260
40289
13170
65600
95626
71683
67705
84705
2178
90168
20445
32709
18283
55119
55640
8161
61394
72859
71979
33296
30316
53583
23942
78817
87176
49791
51916
89847
71910
45217
20116
35886
18214
29764
1362
51868
18883
54655
63657
80491
26441
89390
71960
83234
48357
95941
19227
64166
64090
68963
28360
62677
12924
76446
4591
85140
70126
22513
41467
51055
71004
36939
48545
15743
81432
18585
14757
83288
70948
59124
69812
1199
4108
1595
83395
65403
37122
66562
54124
73551
7726
50066
32123
49975
88197
95014
90292
2973
84240
20565
48606
63471
89275
52506
58490
3498
15462
38185
25886
15633
54277
47657
20696
23480
79065
41197
57179
31583
2579
61840
12139
44872
47999
43991
13408
81668
45869
66773
57807
47141
8969
73034
23584
81622
62758
16635
1289
37911
31567
17918
79440
47294
49041
88141
69154
9528
36059
35407
30539
24939
19235
11097
60343
41755
90766
62451
24333
84026
47930
31660
10848
68364
27051
81985
13250
89524
23683
92335
75324
49271
40993
58916
56365
55964
58959
34134
49758
41854
69502
58622
58884
78935
7770
70468
1661
51845
95286
50039
71193
2896
69091
69934
25348
77758
26800
79141
63307
14895
70430
52260
4143
35638
30770
27527
40626
87687
67023
55588
23383
7969
88809
2296
12425
64669
62696
7913
4666
31570
64753
47657
45768
67526
41166
92775
51032
13296
44746
15187
6999
86802
23529
45169
45108
39035
64693
73410
30081
15975
29761
83010
4093
37871
89600
58978
43340
65316
36999
8834
57963
22388
90291
44509
40954
43805
73932
65477
78018
91816
91806
88843
54937
82674
22798
40964
499
87949
19805
4843
95065
7440
7774
9955
9302
8803
61262
73112
82868
41507
44839
66712
70918
14730
91076
64764
9203
17876
2010
68400
65778
39403
78441
78383
35197
92740
60241
57228
49323
81246
33946
27412
61762
81181
544
65567
31310
59341
22152
78765
34388
67
47507
89334
34990
84884
77206
31046
94748
4105
57300
41236
42417
51300
86618
69764
80785
13714
26225
63022
45688
85589
81085
76459
37173
82556
89952
50918
41028
23404
20038
56949
94769
58716
70199
43073
72883
83277
35332
93141
10904
1714
42089
70056
45877
45305
14470
80801
84604
44207
83850
26300
70079
88430
92571
64275
90023
90263
57250
32189
23589
84652
54817
56062
49516
81136
81984
65052
61544
26412
27846
93547
62862
26619
78135
40547
52152
64579
54090
14263
93242
54010
33867
59012
26470
6071
83631
61712
13483
21885
28042
15548
34441
24441
69001
37510
52712
45322
50275
16584
52201
75265
31475
5858
86394
61789
83959
78250
20668
73237
78567
53717
15570
48810
89209
75462
32574
89019
17082
87542
79343
84264
4856
79664
65673
82790
53935
6475
2600
95893
6230
17551
87736
80186
53879
12263
23383
44408
95800
82329
37324
69599
81921
74349
15951
34739
84988
44368
84779
29601
9278
73578
48413
14186
10949
31658
50600
92865
15988
39867
49067
88184
27208
59098
26923
71231
53985
30058
73844
74453
86932
51782
81691
36700
76494
2051
76732
30951
70300
19647
77149
35169
77515
87749
60888
82938
79930
16554
71472
60762
30294
16996
94239
43254
89176
35290
51793
10353
2463
72251
5021
77470
92312
22601
92694
924
73195
44171
56200
18815
17998
26856
26809
28154
83271
51521
19231
60363
63659
41307
81293
64812
83804
30895
11333
5547
58331
33980
24576
43888
11747
5513
90701
18037
41713
30418
23643
33965
49931
7931
22712
48899
92409
50044
38593
27685
12885
19458
87840
88976
37285
64822
58565
20146
37536
40261
88734
1972
80651
54098
7644
50535
7933
1076
52632
95874
39840
38326
65304
62869
18090
71049
31933
57426
22439
47891
6559
39842
55537
51445
61077
66965
69659
49046
91911
39585
68028
82083
46800
67554
90662
23897
34846
20444
93952
19504
23461
47267
91469
39104
7749
4251
1425
83393
40132
29223
4018
52877
58120
24024
24658
56843
84829
34597
39527
15731
50771
18217
92610
43223
81993
81782
41969
50992
3528
12036
60903
17190
34390
25683
21420
88675
43045
33386
62255
10558
46232
18471
27003
32223
88179
92361
49883
28758
5333
62611
23913
74482
45661
15337
43223
56499
21307
66014
25101
8361
68614
22880
36015
32890
87766
6144
84558
85986
66333
57687
67536
6648
71850
18880
87388
53619
49418
56974
54750
40533
30038
9116
88444
85933
24117
42960
78673
19518
21669
71988
52911
88189
6018
93325
1025
3017
1221
23220
22201
38097
62318
63673
62406
25199
95534
89382
73788
34110
44592
85185
75935
80942
28926
35040
65042
15632
56426
56779
16680
58987
55749
60434
74754
58885
55352
49235
92879
31985
56574
6767
38867
8603
64996
42113
83130
32763
958
94209
59017
46266
86751
57016
65893
3725
13451
40366
89120
65055
65147
23867
92411
32262
14057
49170
12191
68840
84570
47835
10820
61674
78928
56136
66471
56170
6344
7099
1586
72383
75299
84826
58661
12811
14793
22419
421
53935
86274
959
9735
65491
74172
7194
8328
27748
72005
31693
49232
48252
13625
79875
94182
11412
43061
20644
55099
4930
8963
27595
74740
88975
26047
22583
31821
52098
34084
24366
42981
69766
11965
57211
80791
43990
25331
48559
78505
22431
38469
61777
36029
19840
24561
13837
72575
28240
75178
84281
69833
40007
73168
13205
30773
7947
2735
15783
51813
89535
72856
42004
50962
13310
68167
50233
33922
50462
78370
51748
58095
16986
37606
53077
7456
37216
87963
55853
87122
87378
42893
77754
5467
75737
34158
91122
70904
37732
12800
87225
34125
71697
14890
42476
3731
76030
25155
30841
41834
13507
84590
42325
35561
94118
9979
34121
9734
35638
17879
35283
24618
64600
35659
556
16057
53102
8488
51768
63889
19180
10764
23652
19107
19166
95277
41519
66176
96083
31814
82262
1972
78008
20490
25933
72837
74122
95491
59621
26025
19157
50932
34519
18726
5358
91056
53994
70545
78311
82374
25766
68305
33235
77033
10056
64400
54603
1916
19541
9712
28707
22682
24343
49024
38677
58192
74871
27276
91048
85092
3517
49912
70102
24609
48665
81222
35078
83958
33190
44942
53159
18027
82987
69078
65468
83984
75565
70602
44087
75366
46545
84215
24267
68141
94520
12478
61103
45769
59616
73261
80083
7086
36446
59910
3949
81008
82279
55436
60741
53601
7434
76892
13303
23837
27819
48113
40058
67317
86476
8974
31152
70639
64336
39549
40300
54909
21336
28719
95908
80225
45607
72663
27538
71765
54026
10527
41802
55872
79339
52358
63056
54308
27361
66701
10909
64118
85953
11229
74528
38275
85946
59399
53439
94090
77809
84944
26395
30906
76062
3010
2694
42372
13025
92067
27529
22736
61532
72824
84714
65556
14438
39447
54239
45087
51563
86221
73977
6956
91278
28729
9781
92397
11316
77422
45570
83572
29238
22947
69665
6807
15635
2314
46288
45941
29390
71983
13434
27215
78980
30625
65166
26731
26969
4799
13995
33169
70784
6298
93450
13518
71797
65432
55354
34945
18766
38988
20734
93245
66207
3687
37860
30653
17110
88228
27158
29893
61911
26949
35441
40019
9404
46527
43538
65758
47525
35325
74487
1524
27168
44837
1602
94389
87038
82408
92604
60152
79415
95498
66636
16327
29926
95652
60477
93452
42846
95020
82708
94099
61211
93864
10347
26793
79243
54122
56785
28299
10805
41511
21660
64641
67165
67705
74909
85171
66347
69446
20971
88804
81409
19733
33792
74692
64023
27911
74858
77522
23316
85545
2713
2595
52595
78252
72902
60000
94114
66474
83722
74336
49315
36031
74118
4049
85599
66690
12430
48180
40651
44697
37125
46705
74869
19770
66162
79797
2018
38511
47564
5660
830
10758
85928
84945
79051
34076
80964
23541
29656
25565
65092
90412
44971
71974
6953
42766
30845
78960
52423
42339
31076
94391
55071
58059
32280
37706
76786
77013
66836
32610
38497
47932
27769
7037
95470
20259
18235
48143
85674
44288
69323
42211
85266
28942
35309
78429
26812
63076
77357
72496
83652
55555
58521
43162
52033
89026
41504
38452
14553
93454
62102
40324
44312
64531
11138
11578
4385
33282
80487
18340
31914
44829
89968
11874
42610
60070
15442
75107
75955
75040
1227
56916
27898
93653
45359
82967
64650
42940
92949
68182
18548
25388
69176
80361
66967
77566
20615
63216
56981
25606
67089
10597
49279
62830
51521
71192
22100
55153
62952
92241
28928
6722
90084
26344
59177
419
78072
33262
17349
87567
92074
11853
27065
21575
62815
88657
25759
22124
36888
71541
72954
83861
17386
58985
31396
34760
35417
43779
79665
53494
4279
69107
67627
84903
80669
18570
18124
8481
2206
82795
36354
32369
67475
83225
24195
68227
60421
54566
83363
52389
59342
64929
25470
75261
78258
68565
69483
12931
18738
38491
13401
66004
33134
5903
57605
74197
4682
89567
20097
19543
95010
38550
68801
60243
4083
79484
11516
91738
62664
49480
52753
57587
80041
11925
77682
1151
45546
51007
10723
8993
68412
93428
67824
24884
80992
12802
78940
37360
39266
60940
2816
34778
8230
14904
11967
76373
24455
36803
51371
39062
14292
5771
27668
93338
4239
63715
88716
36502
39372
80863
22407
29792
12775
24625
39513
17785
32992
11880
24924
90823
11006
10968
19613
18521
55532
88564
35007
23920
75131
74699
14689
42397
27559
75273
89063
8553
11245
87127
90447
22577
40739
92791
10718
2306
29079
50008
64892
94160
43877
30091
70143
32034
37226
63779
40495
51923
62531
33515
93966
65511
62915
85720
12194
64761
37067
64031
5569
24271
26142
64603
45853
79421
73465
33260
82530
61309
56734
51726
69905
46471
79374
62109
88416
81655
92916
11255
95361
84438
54251
29724
36195
35069
25697
72701
89531
57894
15002
35620
32540
95100
43540
63174
85891
26991
82178
92502
67766
51388
19318
17023
2935
21242
71259
7903
34812
35883
53355
76668
86009
69105
61474
28345
27961
34383
42868
55388
58289
9137
10466
67335
80342
37255
23175
91806
53226
16126
56027
45636
46374
16439
40025
38461
74840
52931
83315
32713
50717
35275
39827
24704
67770
61288
46993
72234
78258
9120
63053
85955
10202
63689
3354
90406
73555
64232
63612
26991
95051
71066
60039
9342
18025
6020
11187
82814
81582
53103
61026
95834
76273
77667
36949
17088
36109
65
26210
89069
43357
48659
9585
86679
57600
42693
6813
26171
80430
93491
25465
50557
57435
89089
48854
4171
12215
55805
75947
2792
46095
72489
39690
77013
65461
58358
61541
33607
6178
21360
63503
43751
9593
76125
75010
20433
92974
63481
80686
68113
1462
87039
4048
50912
37586
18719
63280
8594
79168
47468
10618
42038
12669
7887
42072
2647
76291
39830
79283
64550
53009
20729
50381
75337
81589
10247
85075
70118
20751
53187
69870
1826
57457
7813
692
46772
55429
68680
73456
25185
71782
83385
72452
32783
43945
76140
49926
61926
72967
36026
7254
62179
43066
89616
88154
11071
31970
85057
33445
14768
69750
94468
22252
70151
35124
10131
75860
84304
88950
25177
71618
40107
52085
32752
33522
32170
22472
11470
54518
80547
72135
51067
9283
63672
77579
58922
70902
31191
69809
59134
53412
85485
80039
34071
32394
67401
32513
37387
61403
7822
47908
46932
77330
66872
6400
84380
34299
50062
81824
37503
36972
17713
72026
1236
68392
17396
48650
65610
38817
85439
5332
54362
21304
16421
26641
57037
25244
57430
32462
49539
91532
26943
8536
95806
84120
79690
87418
17236
42918
47830
47183
29576
23021
52476
41363
92266
81752
46142
10140
63054
78807
30152
57653
10533
52491
32373
78901
82391
75669
40121
64096
13212
88020
24844
39208
80627
83645
6594
4685
8546
33626
34479
64476
2842
9091
57066
73274
14956
27710
16951
23407
67828
64343
92807
49990
34223
79895
67026
44833
52215
90554
17767
22663
54038
94226
31508
70581
5122
7283
75098
88779
37665
93768
41758
86484
84588
40357
89630
21725
67120
36773
55462
28943
83346
14793
1507
50529
89022
82481
71172
201
2231
75266
16022
31000
37380
25185
61884
41563
87694
40350
19556
43228
15818
46727
89906
15707
48075
55557
24623
22389
94000
78179
6563
10146
16169
88201
13820
67286
40138
80791
61302
67276
70198
84300
49344
41974
42568
60812
30914
54845
91218
3466
95255
96020
39859
47975
86108
41359
29841
26827
54109
7561
40660
6486
19633
313
76959
36918
48821
18078
73507
96108
18549
15822
67050
23909
56635
92472
55539
80441
38158
49765
1863
73341
76941
87346
22667
61533
89439
73119
62723
52983
64382
1480
10283
38305
95763
93181
69474
85899
68201
28799
62766
42577
7764
37390
61369
14353
51741
82959
19496
45073
94726
53943
60603
37846
24003
14016
79578
7206
70161
58341
68561
27986
10589
3081
53358
48144
67129
56657
45050
79523
2173
32042
65858
28312
17801
45039
1644
58319
38749
73662
35485
81431
91165
80713
3401
17134
25089
57215
52609
55853
58820
96025
46466
32065
87769
32333
64604
88223
6043
67461
71473
91667
15684
30910
77697
75147
47256
62729
58851
50757
61675
39596
55132
83967
30428
2335
39962
79085
67177
23853
68632
89056
65015
5105
33765
86063
67239
39111
80589
7545
66376
50932
40952
39720
33659
93532
15836
59703
54559
9682
82546
73899
76654
76272
74125
87855
77941
50389
16085
31778
64304
56285
58517
37646
49380
23253
18415
5072
45577
9993
14841
94888
17816
10183
63531
68446
6836
71642
90118
36321
63170
16548
80821
41324
86892
28059
354
32790
3415
24516
36206
21641
67944
73565
3491
53496
70586
23281
72456
24641
136
68229
78389
39263
68850
35102
8770
86621
10594
735
9817
95929
87458
54541
80326
57873
88853
85986
61307
43090
3523
5921
49161
73466
10978
25325
1577
66959
25659
61838
32304
56225
76429
69845
77776
39703
11088
90285
29580
85942
80891
42709
30166
81457
71143
38560
47587
19907
40460
64940
2946
64571
67358
11785
16906
3974
2187
32175
5091
85294
46118
29025
25063
76857
68850
17950
29271
65697
40524
811
2305
54847
72057
27733
2673
10270
74438
71450
74562
46349
66083
68383
39746
49263
40305
10148
58066
16961
19575
14684
11491
13226
84339
76443
29974
89631
62898
92797
61817
13022
2249
89447
36373
42228
47838
65540
32954
72214
93906
26764
49667
12341
69812
68619
47509
58758
41401
18797
57582
46540
72734
40612
2391
13015
19553
74562
41949
7072
83303
57312
68284
23234
18185
95530
71217
21835
73772
68173
95131
94112
53030
17879
6477
25112
75181
89364
59756
58951
43376
15343
8622
67377
7897
38327
22700
70399
46258
15963
20982
3804
10486
52443
79809
79527
72883
34101
38866
70567
56375
54202
87388
13441
3268
81304
22155
24331
13792
83585
9398
47303
57333
88012
43427
40114
70049
3970
78790
77046
79594
52479
88905
81340
52002
26908
86692
89191
62685
90161
24898
81440
92391
12668
32911
63809
52654
74161
86510
42377
91050
60447
23538
3005
29200
89069
84302
8194
50154
37686
47007
85059
65175
53346
70984
58721
40685
74599
3003
45846
57468
85111
17534
90508
67866
47165
92332
76844
1459
35337
78414
14102
68530
51103
64591
33878
1865
37389
24689
7307
8385
5977
5548
47619
37037
93683
81679
55440
5238
87702
36787
21946
48434
124
9889
49330
45797
56899
56730
13375
92949
86860
87612
60374
1655
52850
16119
8849
30392
71616
34567
76577
37216
5731
13232
71585
77198
71083
8188
88722
81391
8826
36373
10511
67703
29225
75536
87550
76514
36293
27064
77692
78960
25749
64622
53041
26012
53257
8042
1019
22539
10918
7016
36540
68186
67078
66664
33507
62886
74240
32875
81596
37859
17836
72662
17831
61908
67716
68982
11099
84023
24578
34840
35383
60234
85452
31964
20555
33226
46979
28351
26618
983
79955
6487
80298
69312
81021
88035
89723
6620
48794
86394
56143
16173
19028
94310
16486
41657
86816
19855
25860
35081
51835
36009
23825
83243
11063
21362
87968
20537
84743
17673
13040
23852
59734
84325
33486
89955
85476
65243
49048
42229
53446
15322
50652
48492
59339
49142
76833
52421
67463
63586
6793
66864
84957
85713
90829
57066
79179
67175
89564
21751
59723
75219
51855
11413
26054
40992
67591
18029
44346
59074
8764
24326
9184
14137
10521
9284
46574
60713
76262
30291
25505
89706
6816
66379
91225
47776
93282
87410
83389
67032
22750
52088
39087
65574
72307
78447
45635
64864
40930
21059
22280
10910
53765
11085
88848
19477
91812
95673
31008
85355
94496
10042
14598
69620
53720
86122
53802
52923
53877
17925
46428
43716
57367
88300
7618
68642
71205
78330
46330
35702
40974
78369
19572
93133
13205
19442
81236
36169
53385
63317
56827
77866
76021
34574
77677
4747
81588
41442
47684
66471
41739
95649
77650
29814
1308
69932
41710
89358
28316
51189
25667
93000
50394
90209
61195
20198
30128
20236
37704
20022
89868
65764
78067
26813
57377
1604
75180
52255
13823
53747
74934
64032
71909
58096
17060
82889
6693
85094
1321
87125
51253
10501
70531
30106
3760
24575
5878
59001
52034
60856
57912
66136
17823
16992
19590
11212
9311
47617
95579
22495
76057
41388
28617
87193
81020
51709
61827
6613
30734
24721
67514
45175
11263
6527
21265
49979
14263
66390
10296
67552
56387
20001
67140
4330
21935
82580
11701
21697
69682
968
18655
45943
61751
33390
66261
91607
5591
50224
45675
52838
34900
90710
14103
43381
22838
44988
58776
19399
58879
28895
37463
94326
54609
64407
79305
24107
8448
76968
42261
60069
9939
33942
40893
88261
36357
69776
87230
26917
52403
35887
19627
56124
90279
19216
20830
52717
95905
90008
74195
32779
57912
3203
62596
74394
35200
4672
7179
37428
92247
37340
18767
10000
74438
56187
94064
29825
42276
10557
92140
70991
15677
78031
90346
41078
67693
18653
39684
20104
65629
77153
66505
56964
61266
3420
41739
20767
13715
93942
63295
51421
55858
51923
27608
6460
39382
20470
81516
12348
56529
23912
64030
33217
67628
75736
33071
67033
49101
40498
89825
28749
32531
17299
76274
54034
72620
55727
87090
61375
41745
11931
54403
54875
71009
94800
72520
18441
80840
72876
51474
56549
11924
18915
54792
72715
45127
12664
17246
80864
632
81515
87778
62120
79659
49171
24208
30488
92253
66750
46443
71167
68071
20758
72074
40052
75952
59198
44014
92230
76222
58186
44250
37211
42314
4987
67638
10006
35979
32210
46681
52856
1814
48365
76259
68143
79779
46745
77513
87735
17788
82244
63886
4832
61891
5939
76931
33995
76628
35347
52579
88727
77574
18686
89545
10210
55729
31455
12308
8361
26662
76718
9420
10884
87277
4616
90489
58795
32683
77402
89205
16641
32314
35970
94412
69941
57601
53007
88730
62007
9848
90999
83315
83615
33220
57688
50960
98
56320
19309
18491
48894
42657
70841
95195
85639
42192
71835
57604
93966
5173
50352
80144
88901
4680
46039
83763
1785
17504
14082
83958
30988
69884
53619
50419
26671
23541
82666
74690
78773
95398
9291
56134
91781
56374
52028
13201
77127
34392
94079
59915
62420
91266
36083
10950
15330
30407
72262
21876
38487
29407
32374
85028
80482
80829
7083
94044
10933
69274
27440
54535
47757
63556
37732
91226
20093
40706
80227
80283
40975
65212
42586
90502
95075
58975
14361
13214
46108
31108
61292
72660
60076
74227
63662
12833
27760
68491
82483
80172
4800
52446
79839
29897
82111
86203
76138
4541
85553
42658
10048
46783
45078
89323
27853
35286
86631
41735
15883
30563
94864
68699
50028
37441
23331
32307
11867
65833
45473
93897
51
94858
22071
61007
59200
57338
34880
67722
54760
52279
79247
9522
14467
12217
27798
79244
18514
39668
16377
84774
22665
23137
60105
34809
6284
8094
45729
56231
46655
85827
20609
78660
56193
4884
64748
92822
24237
29984
86000
36282
40175
6529
23084
18090
84337
17414
64424
15314
90501
35745
13368
52859
92028
73114
48922
65642
51495
39381
1731
10602
41021
40878
76050
68083
34551
95633
41168
76039
4795
73912
81129
78700
9988
79388
18985
82418
42683
29426
27080
19132
82725
42175
63291
47961
76305
26003
88793
7502
56290
50227
89016
4227
73292
71026
44584
77663
38172
1252
23608
85295
46237
91836
49423
3453
12814
93941
11161
72246
70717
95497
55338
75520
10978
20692
94586
27404
24478
13393
6419
17019
1958
15261
25308
79452
91849
29333
12322
2994
42883
45214
76207
45714
25340
30835
49868
147
34564
63859
39875
397
26368
15279
80388
33910
27235
53138
58003
68302
25206
53189
74530
55380
6574
38698
24828
75119
24704
11524
61297
71230
25080
90473
19932
33163
247
82966
74706
74437
42423
32890
46347
46345
68184
44325
65798
70976
44510
43843
23883
36957
63010
3877
89998
92481
21778
58875
28575
52566
52391
89367
86850
73206
13558
91448
37854
14794
7070
12542
53273
25947
32227
6201
31152
29515
90022
10939
61793
20858
62198
55467
52910
78286
86307
76282
43670
8075
18129
55447
5177
7715
66359
46518
60912
84318
76742
27534
51566
59695
52173
32035
6764
55159
39389
26468
55503
2710
65190
62706
54016
12282
47530
23209
38775
91054
17419
34265
88402
73052
76099
48410
58442
61328
51936
2159
3270
8486
93206
95810
5472
80806
93319
50917
90614
1339
50757
30956
89617
61894
67287
32286
26772
94267
32391
65403
51046
77828
28862
53842
35302
54145
87660
12834
50427
31723
51834
35903
8456
29055
74345
64313
92908
71687
95971
475
5442
42461
75813
73787
40658
47913
32030
406
84764
13072
83827
30787
68782
28658
31309
67566
74994
13676
38640
89286
20572
85142
74375
67543
64478
17870
32770
65621
6269
85192
8049
25471
62606
25415
55318
16296
1746
54511
79555
27076
54088
93363
67772
32635
93587
17048
18378
90607
35472
3348
27904
15794
69922
62071
69031
23837
40827
13961
21558
9454
57553
87543
41438
71595
76749
25282
32712
40258
52886
14318
33518
27391
55377
92466
10924
46253
16562
57402
49737
28601
50595
11400
33008
51917
29376
81311
40600
78736
82960
39441
23797
41803
14105
17188
81924
38335
81177
44342
27507
53155
85384
80147
67368
63011
31279
78397
47284
58328
34655
68259
52934
11691
35190
75144
32596
67047
33881
52617
55885
84108
83341
89452
10055
81802
85787
84204
38553
8033
37526
17005
47643
45372
47803
39491
62498
35035
62904
90571
27665
47296
95831
28100
6783
24106
50227
40891
82978
24053
56304
85938
20480
53769
26299
22371
51828
42165
62226
31561
68393
28819
44703
31773
1674
62889
8233
95934
16627
68347
65815
27820
84221
91576
76744
39542
23232
83384
26802
14985
40773
63771
70101
74828
47027
12155
71162
6828
19299
9308
22842
81080
11383
78169
36237
44434
42374
87926
24074
29782
48492
57603
80542
66329
65335
84569
89784
30222
25100
66696
652
2665
24587
73529
66746
76283
80674
69259
47856
4595
14158
45842
71671
19746
38310
3972
58599
50747
47026
22841
67470
43505
58562
55080
20875
51347
67900
78164
55641
27368
94884
85310
68961
30499
13728
67564
43612
70302
78584
79810
71795
60552
42935
59812
2256
26350
4677
36167
67462
34192
67055
5604
9136
42788
90873
22375
52047
501
9490
49252
59746
94875
72710
29765
90812
41338
93417
22382
14813
49404
23868
48181
3375
88048
5723
33943
41686
17134
61198
27533
8518
73891
35006
69296
36461
87173
79376
77696
28385
49087
9030
33307
43775
39915
65764
36024
37658
52511
82894
61554
47500
65529
69243
33251
94961
62743
72992
57178
8769
15404
74288
30491
14362
80784
65451
85932
83895
77103
73255
73531
35721
73308
65440
84121
56829
10643
5614
55084
80839
57383
42027
82715
16466
87525
64133
60184
62428
4387
53341
66275
24663
81467
9510
94029
55221
67128
354
6868
47986
78123
48393
17362
82476
87354
49233
47263
68749
25260
17302
60915
81935
49307
72982
75564
95925
56468
34095
7007
25870
20220
88123
90667
11797
90309
38415
74668
39928
93884
41192
67661
52424
54627
15279
58687
61401
11400
4063
72971
41270
24330
13098
89412
43733
82654
35986
73057
5545
85603
36984
66259
82173
82440
72275
5528
38771
26760
47825
4749
90408
88148
88178
22896
47911
68952
36918
29188
81220
10424
68826
9743
10906
1172
93449
45063
51086
32956
66977
83912
92430
88847
6312
14444
47768
37465
42014
54775
80615
62191
53705
83972
84071
90810
58661
24976
54346
44933
67711
7421
45852
25084
5531
6563
1230
42841
30823
1460
40515
68272
66875
75527
89372
29267
93371
78953
35208
31617
85156
71118
26787
95403
77798
45341
35451
63453
84696
82792
94587
42948
35300
94333
6253
41653
50959
48853
21415
27948
85073
48841
82095
25873
51470
15471
29801
86591
42829
47542
86608
682
48636
73397
67189
67909
2587
21475
60540
26200
91015
40762
21782
35149
77245
68626
54257
11652
63085
44281
49459
34768
16095
41853
91476
10067
44197
37117
66338
54249
67281
25193
12708
60073
15887
43322
26479
26204
38637
71804
93550
13972
91832
50263
11639
7287
75893
6763
78793
87718
7817
85956
8030
17781
81885
46645
59302
65601
84865
32079
82937
21390
61436
21973
65038
36495
78346
33819
53312
67120
21170
58249
62375
70196
2068
27228
51807
13322
64654
69619
38635
86486
27533
20879
55373
33642
62368
73159
20464
25580
60196
58328
68583
34802
60408
26886
93960
32221
16756
37291
31738
81620
6312
13924
7490
27957
26239
94975
17354
42818
37747
89942
36668
92679
2165
54064
52211
6938
78983
59878
3439
64151
14204
14064
34103
75896
17064
36285
34579
13949
73915
55846
87693
90219
74236
12541
72087
63239
92999
7878
76429
19628
73628
92176
3026
53396
78748
10585
25564
89671
48414
66845
28223
74152
77061
78763
31154
32984
84764
66082
49549
82433
11669
91488
82383
46160
95207
55661
13294
7939
37390
39179
45340
2904
58168
4020
27199
75903
49002
37674
16469
60105
62685
69174
74023
18688
7830
94482
70081
14571
43575
76212
83571
41306
31580
42399
11728
91228
90089
73408
67175
45854
90350
93157
56611
8119
70693
1461
17215
64927
50319
39610
40913
1260
31049
38180
3899
58204
6558
26560
86832
62422
66700
56312
33728
14643
55874
51948
318
4798
21421
15406
19183
5760
31561
78629
74052
65241
16400
54631
16103
65877
63218
11628
89701
23293
80792
52192
81975
73273
79894
20112
84735
27276
55575
50831
12763
66779
38091
55239
19763
91811
85369
50791
1566
43831
26297
10234
49571
65721
35472
58342
44460
2010
80147
90752
54853
54866
38129
26495
53375
95605
31387
25216
51029
34819
6165
95687
76320
73315
79355
24206
17599
75191
1850
59450
35119
60600
23519
77736
57169
19556
14899
19880
64718
4033
19845
62314
92740
93127
9955
77770
89780
6386
87186
18694
24329
76917
67248
10060
5506
48975
63293
61458
91132
58300
52203
95973
82164
3301
16396
73377
37074
20829
83418
13735
82489
43975
3091
14579
87239
7934
32472
1454
71427
53652
86445
62206
33338
19548
533
64083
50471
85819
59225
83092
6183
55177
95660
43411
39673
24211
81315
84013
21802
68643
88030
60534
10254
6277
78582
30574
66438
87021
93228
15837
90128
45141
13002
3780
45920
14644
63286
56882
89369
35024
7643
18492
28599
7431
20062
79836
69355
15824
72602
68115
84836
6631
2053
51443
2866
37092
10918
14859
61119
72036
49036
42770
39812
42402
95549
71292
22962
17677
15179
81152
33179
43126
24262
94126
84298
10390
53645
61999
46296
59272
9478
75807
50438
18538
26475
76771
29171
78323
11949
11533
50652
79429
88463
23157
68418
58608
20430
63867
49092
15160
59376
71223
42734
86369
61056
69439
94971
3246
6669
92983
3076
53657
80715
92127
5803
82083
30855
3404
56331
19971
27406
83848
5624
46413
43935
48463
38614
72221
4859
87791
61226
78474
78214
87566
12873
53796
66881
53102
44232
15839
76841
22144
70996
35728
35847
77967
42889
34233
51227
11992
54434
47507
56459
76405
82810
43968
73544
65325
93814
82214
49444
55954
60868
13799
88180
18449
68510
68606
46088
44278
95569
68881
60165
88727
76494
87214
81867
22007
14966
85933
921
86795
86098
55683
57337
71734
92630
52052
29370
88499
11614
66340
32912
29160
6968
64197
1416
73437
2358
31861
24909
70560
59985
57773
7682
76386
91424
16456
11265
56793
19033
31578
37612
3769
63121
95170
60870
38275
24467
40912
85913
52393
94180
31808
11965
14346
31630
26438
94330
28552
81741
59784
37841
36324
81906
56609
16599
1506
88634
54484
14103
29881
94393
17835
39844
33227
52447
56623
58236
56457
76080
12
7963
33622
35522
87086
35452
90523
92418
81058
85828
41733
79135
26663
54419
31484
10453
1935
51210
93889
36758
3021
16165
58212
8380
86288
17950
5614
44522
14402
42929
93582
60278
21904
70145
77856
38553
80732
26831
5029
45971
73798
190
79074
72376
60452
63423
37204
63744
57426
49799
25539
43006
19292
19226
72322
70212
58757
95266
2535
21090
71773
82313
13243
81845
55915
61782
39416
54887
46054
636
41374
14727
48773
55201
41154
60157
49902
25791
19990
76652
67097
34450
36661
85421
83969
28943
89728
42009
32746
9490
15936
33945
62795
76307
95485
4410
31095
64571
10588
20788
78662
46225
24012
61768
33375
62255
77453
61442
80658
38620
57298
42406
18077
43132
4750
85215
82080
54914
80598
55671
52106
90029
95431
46567
43177
81176
28476
69977
74780
40456
72570
7452
89900
51436
34486
86175
94583
71921
58434
87719
79074
26026
58304
48449
88208
37410
28443
89461
82744
3995
92987
68568
54368
12490
87586
47461
44601
8171
15026
75848
83175
11249
75503
67515
73539
40852
54636
37707
31228
45180
78667
43307
9512
21445
51121
18625
42795
51902
76312
77855
13959
11216
4124
63043
85505
11358
73437
26802
36756
36666
68571
23432
3300
75462
77101
90436
65683
18745
9670
11788
8947
12027
5957
12545
33494
35374
18516
80812
95562
49285
5230
86582
17041
89948
8394
48589
19291
83017
88904
43205
79756
53217
37559
33854
32547
37992
81082
59714
49966
69052
43944
48223
46051
13236
4002
61994
69956
39527
78951
16637
95034
33070
84844
43521
30554
74966
23625
59980
47079
13984
68034
85269
72826
26885
68158
71989
81567
27118
86994
357
5149
38197
59911
54207
29940
56862
48824
78412
90900
37081
27583
54684
48625
52886
10795
52058
46416
72641
43171
47481
64372
73975
58933
80618
68590
33620
58708
757
79397
26725
54394
16868
21454
73273
36595
61794
83967
92909
75162
82490
20725
47556
38537
73284
39246
24673
70257
79988
26549
9683
91904
75129
55001
10689
8195
63443
70803
36168
69618
51362
66969
56366
53683
56734
8532
59458
71537
76246
30064
11077
93696
10258
10086
18577
41874
89408
13875
3389
82675
69319
54265
58126
10989
84502
54819
24889
48393
74248
76290
45083
36555
50444
55676
43291
2659
81195
30917
86445
92464
85176
5522
20329
36633
54333
84747
1107
57181
77544
29719
18828
86118
7464
59983
85160
22496
61789
93023
27768
66351
13269
41241
57376
94162
31670
6159
84491
58018
60949
57680
79327
77016
88490
72469
44314
86807
30195
88972
44994
83904
53918
4005
47052
73624
90001
12275
38672
30198
94978
20478
4126
83800
71673
6027
25701
95218
79862
35600
62277
77607
1109
24733
33651
49813
637
1712
18451
61912
72315
45978
7466
77875
67008
16198
7761
1305
77628
93211
53421
95473
11503
89399
11636
6654
80704
21443
5277
27374
13971
57821
43941
18415
19217
87753
11320
23076
63162
82929
29757
81904
72223
17709
27200
71644
57255
34142
25447
51465
55298
4105
52138
52801
82917
93955
71250
9395
17653
34084
3250
83919
6388
72316
15819
16391
93254
81361
21734
71021
94990
71190
65501
62525
31863
1025
26545
72323
96098
92396
10408
86939
40136
34472
56080
7030
32560
66219
86803
45224
57223
70947
6397
27003
881
80682
491
91126
83546
30533
72676
43091
15508
66030
26849
52676
641
24024
15300
20503
89419
6974
23503
60031
50734
90507
61120
12028
69399
47523
5186
88186
84343
57142
7201
26913
31166
62719
22612
44025
31695
54747
88968
22913
92273
20995
80041
87445
62129
76671
90129
10249
22078
29680
32791
22063
88508
73432
92750
2457
31621
76523
54653
47032
90333
40524
94898
59203
63467
51991
46893
20284
23863
67831
23064
80915
58601
94483
87900
91874
91017
67835
60357
78629
59588
34924
92692
27121
31296
91413
56462
16725
4305
87016
56682
62950
2642
43445
91702
57770
41243
60455
62927
88779
52705
20843
46733
33556
53441
22261
89445
78335
53319
62933
40979
65303
60856
59352
1291
54205
84641
67529
80785
66326
73413
83433
56431
13231
15687
48060
85076
69864
20927
26661
2978
46471
9697
55296
81959
3040
21803
53470
84031
51958
77086
75154
22898
42822
5287
69190
49248
61320
80630
8474
92281
38690
87133
22119
27711
45094
83761
86735
16843
49498
51787
13027
29576
47491
85334
61128
43335
38773
38371
50920
15545
32148
49305
45271
20308
76966
26705
51310
47935
7764
86190
20778
15696
23166
17519
86374
70688
22889
5423
53618
526
91853
11898
7515
81203
48588
59046
21259
46420
11025
46334
19720
70449
87032
78773
44127
87958
30597
87038
80776
60878
58741
79086
4007
59606
27399
17022
25106
43
73044
78700
68117
30308
75569
15741
6784
51073
58661
59075
94519
12394
80108
95170
67931
73831
22856
12559
50817
45311
2313
19179
49057
40303
36265
11734
62302
17015
47237
74291
54318
36243
61623
58226
74588
93910
50333
81311
68050
48720
24679
58921
3045
89320
96009
91258
66320
92537
87048
67134
23411
11127
56123
25848
12259
93083
14873
71548
85880
80190
50888
61624
30726
46388
9250
51252
68231
53647
15541
74765
75999
59403
32803
74983
94506
86593
52826
37573
72333
29957
59363
52432
40648
11137
14383
42409
50538
90579
25222
84467
81734
8566
22111
51609
53918
45679
54914
85645
39756
48387
80038
61311
78387
82126
84614
15483
53248
68688
32499
67306
14338
55022
30525
86183
78898
73025
26736
38557
57977
77926
49587
46855
21517
29278
81639
77354
73734
10258
45781
53164
73397
12471
82352
35312
10729
88379
4517
41659
23488
87599
26719
70223
23539
88610
78972
28801
48014
51250
65343
94940
47637
18782
28288
37278
19017
39443
82971
86094
70170
7037
58447
31013
850
44195
5928
31973
44218
93438
16700
87529
39413
5632
30323
70784
48754
53775
80943
82736
66049
84611
41261
54127
42319
9388
63131
71203
13085
79129
22413
21790
71639
63944
25269
75630
39508
14389
13762
33939
3682
9826
79812
31650
14452
30374
74725
16960
31264
21779
17312
14084
37384
61201
8618
94753
49688
91247
70504
15196
77392
462
48179
21296
31007
32695
13489
536
14635
21593
59381
67779
38416
3317
70678
71940
78294
2493
80339
38045
8486
48027
76828
72330
20528
88937
55525
887
4474
87171
42030
91999
64564
26180
85001
54299
22623
40647
13643
16013
67771
46828
93769
68656
28841
6607
16529
75923
38251
27978
83838
82369
40862
28059
44950
20341
4458
26048
76955
85088
49107
48454
24879
62364
63760
83439
33885
74927
20350
4615
69579
54040
61407
62391
30345
10754
3387
29410
42806
38281
85052
43305
77650
65085
17040
25597
61413
26092
91110
88023
39335
88517
81439
55096
25476
12315
49776
95466
50221
78897
49215
46099
28899
60354
16830
36745
79497
65711
46944
35096
42925
57291
88825
50209
17213
67442
94191
2911
76232
44620
20511
1189
57824
12859
61330
79061
81630
53876
52217
39107
87918
91705
54147
13236
19860
52229
35954
23615
75184
40062
4246
85522
31413
15129
88820
71067
67684
71370
88220
94502
63804
28638
5400
93474
32419
18915
8194
13968
66334
37920
83128
28310
63954
82513
4536
80592
8820
24995
86306
34472
63543
52459
79948
84789
8333
18404
44548
85868
31960
75095
70981
70763
47124
33593
56255
12888
37345
58007
67052
80231
24781
87547
72649
69155
67185
43345
88552
75552
84074
70952
14365
25082
61183
59333
79877
18450
59096
35758
77225
43364
95188
92786
3570
64745
87961
14013
11821
60525
2368
51436
57132
70002
25874
13471
13989
88431
28482
37971
36033
83957
65589
48950
44855
94959
65063
22437
72836
78197
72434
71533
37283
74275
7885
4794
82414
73392
95077
55418
85571
40331
37070
41210
68602
72614
77776
69174
88171
48436
70548
45080
53584
36771
63331
61408
38500
90551
3640
83703
48177
14696
26471
4785
1322
44000
27753
7337
67039
44785
14545
8927
79523
16855
59296
9178
76859
21933
78237
42060
74026
9607
16349
80397
69234
66051
26376
8838
21233
48303
85167
39363
866
54485
943
63408
86308
12124
13177
85814
1222
62466
39586
82939
46736
30915
4116
73879
6914
20946
88697
44452
46595
71134
8758
93490
11932
61608
70436
25420
87227
50131
29447
65641
54735
73415
2224
95698
80415
49678
4734
35851
46203
14690
69099
85106
84103
4512
92838
23371
4295
58974
90092
87329
12875
65407
77804
33731
77262
52447
94762
4130
56176
53113
70280
88429
56671
29941
5961
78456
8871
51623
38161
57154
40114
3548
73983
2538
63953
5135
83108
13379
6938
78324
28352
84431
61928
24464
43888
20243
65516
79454
54999
25841
41623
4942
9311
40097
73638
25417
14626
56916
89081
51193
68850
61161
13608
35393
92812
70208
1870
35640
57241
31777
65358
23105
41915
67535
61948
3926
10865
15284
89341
4592
61382
15533
8589
95584
75757
92810
26674
83747
26809
44776
39523
7644
32480
182
41179
39430
46717
11840
14203
78489
31573
67789
34347
59694
24851
63147
7611
92621
32771
13615
54215
55216
76939
64947
51158
76811
41018
83478
30516
57697
8949
32970
56774
79788
12399
89178
93588
68363
15139
85461
29609
57294
59515
49427
26323
5381
95007
39049
31590
69370
85932
84166
4680
6692
86152
51342
46675
57986
78969
23833
82537
55147
95002
5676
36182
31772
36301
63943
16516
45459
36026
47188
16112
20755
61877
50076
6636
24029
34432
67
39802
18485
5518
309
58686
26250
83027
26977
88858
30349
19941
30323
85363
26980
27328
32821
8735
80477
4375
74230
6169
12958
5273
6339
56289
26895
36575
15318
39203
27378
10474
67223
75021
66501
72123
65269
93134
71771
39124
38044
6356
26094
31001
87590
27902
32794
89790
61164
21485
80712
40765
13155
5497
68043
30738
51694
18989
37041
56909
11604
28521
29004
29734
67475
90970
86416
79793
33884
35435
5651
85123
18732
48612
1621
36279
77076
32798
40219
16302
73912
19648
38056
76950
41480
4985
68919
68159
70152
77257
25019
11131
49742
89811
17630
38431
35411
4388
51857
62247
6573
31867
84158
4550
26874
7704
84939
9755
56520
8716
90514
71094
41767
30825
7973
38682
11325
45666
49022
481
93485
57698
76978
54202
38427
51496
87506
65154
6736
51132
49258
8476
34096
83355
30420
84830
64421
11242
36306
59098
91230
2011
93759
48046
8098
59131
44729
46404
60349
79095
67503
14365
24991
34573
59932
70591
88465
7097
28328
19249
94758
57601
16217
70291
60551
41024
68611
58111
42103
8257
29418
66105
319
82592
25078
53728
73121
47853
34598
41028
57867
16994
10894
26990
61498
45067
14572
40392
17289
94638
41774
55374
22078
204
65825
87666
61546
27091
37962
65907
70035
72563
72654
71800
33218
42036
91419
9895
12655
40881
81309
63750
81787
64758
31221
55480
49015
46082
91402
3700
49566
85979
36948
13488
55268
78519
20615
23400
62667
3152
67101
18907
91732
54102
56571
78094
7368
53352
49432
56773
27441
48908
1038
71695
41950
49063
16800
50055
28147
73383
92983
93767
73875
10023
77756
1671
18754
3082
7986
24787
93951
91102
82336
41683
51372
30915
90370
83452
52796
35676
75377
94123
7521
95852
61567
86866
29178
65444
68026
95971
69181
40865
41474
31700
82719
29538
2199
89017
58831
10686
55395
23520
27312
14565
21172
79860
38621
64134
81026
30742
63938
57863
7857
49259
72368
33527
57997
87934
39833
59494
43196
44636
82131
5685
71477
94109
87958
50682
17626
60317
69127
95864
38277
27758
49140
78773
30965
39655
30055
29248
53580
52924
39917
33619
83632
20873
17850
40571
7838
81193
1121
41746
83086
26064
28399
22657
56409
76287
42629
39447
18083
12118
12488
29231
23437
65004
34109
58634
22957
87773
79134
32630
21386
21746
93674
5085
94569
63044
15969
93066
24659
4379
49473
63005
70661
11066
19223
95384
60977
33020
55627
79404
69086
26902
56347
29608
51569
34981
44429
18905
28133
68911
83804
17276
3073
29707
46779
9939
57505
21746
72074
81093
10845
49460
94346
31943
50506
68816
28685
14147
10201
71947
60871
23188
69242
7986
69008
30548
38934
24088
79908
11116
85340
4984
10676
29089
43027
53796
57463
16512
21267
79077
22407
20264
44657
64589
20370
75554
31240
52954
34785
49366
21404
55857
2353
31196
49971
6273
93495
45869
28271
85002
66757
48920
43231
41601
81603
74334
36486
80942
44017
46559
34789
4538
50664
64833
33138
59394
11003
75305
54261
24989
37582
64916
44726
91961
83495
2925
13577
81315
65739
83675
87138
58189
40459
45863
38994
86227
84500
93645
45743
4657
72443
91541
75534
26678
11041
15595
8098
31610
995
37456
5231
95484
50441
36674
38027
7237
90019
92683
47116
84780
94903
31769
79443
18326
88126
12082
66052
69629
20715
47947
55814
26423
55316
18001
70578
36831
62662
36745
86429
79482
36412
46033
24817
20739
19883
84878
59400
24151
37098
32837
37614
63094
83241
40022
84523
76926
29245
68583
54142
29755
81458
50766
45016
56818
14321
72854
21849
1806
53045
72358
36943
67561
43843
84067
73172
70136
46544
9751
959
63417
25651
72405
58403
13039
68933
92782
2560
37389
59695
77965
68778
823
87657
82336
63409
90018
85077
34486
66467
79134
84559
73561
83007
93451
66641
84581
86555
52064
75197
33673
55103
88876
56568
42204
80496
21069
17538
90928
94029
9018
61436
44628
64511
35801
26339
45378
8177
39555
8643
17023
2657
7683
76470
31512
23728
63824
50944
72353
2019
17237
58796
26200
61794
91257
44206
40739
87334
70985
1051
88926
13832
38141
78412
703
2887
46297
13566
42625
69584
17463
76707
6961
88016
52371
41680
82464
33791
84232
37844
53210
50164
93910
11966
11744
88038
10684
17604
27058
11446
94372
89143
32683
87766
20223
6546
91927
67015
61626
39489
93330
50487
12852
42710
60235
6970
29715
38397
81220
25407
85621
87627
70902
85463
43623
33766
57009
3072
5235
72783
36414
83847
76825
15918
72684
81115
26003
32334
27499
46177
59258
10767
83017
54429
91845
44351
15148
24776
35577
46289
95606
34769
23307
63409
82891
35270
28864
42874
53910
49991
14248
36044
75331
24
67063
10165
22766
33058
43474
33468
34332
240
24316
12207
50179
61177
89400
19808
55755
75170
69689
8409
33378
54750
5851
25673
80997
3483
30027
94335
11789
42375
48177
89169
13013
75295
28178
4877
30140
28499
80694
44695
58098
77643
18121
93275
7284
34351
80826
81240
76617
3855
32220
6773
72194
88525
1800
17353
66737
58832
51804
72691
68743
56221
33318
71445
10239
52987
92522
6957
21339
57629
156
58344
1162
62111
71191
62425
42585
72525
12026
30502
80722
53283
53873
84763
50587
40746
44336
24581
43150
38537
16127
31401
30893
23155
86304
82428
45781
88390
40426
84356
85766
90703
91396
53442
25521
65319
34870
75427
83054
64252
14150
62980
24253
15361
9948
90918
26682
74081
85585
28612
14836
91659
31229
30994
22377
66412
86025
30482
51254
74622
32852
63468
25252
64037
83130
32742
53344
53107
67467
17100
55904
37114
67123
57386
50444
85493
85892
7507
36647
20398
38974
14810
22453
38135
33592
6719
60010
28285
12015
12684
77757
40453
67826
67030
12235
62
72977
12883
11638
88783
27938
47646
48683
43866
58329
19538
21799
19244
71064
16706
19022
2187
69252
74881
63127
44658
52921
15723
31212
27303
55847
85580
90922
53853
14530
55618
84233
91219
47498
94928
50213
14148
1358
57205
73546
94992
54600
3960
82936
38596
25055
64051
33791
20077
55164
3430
23536
10577
45430
51944
59473
18543
50400
72446
94815
83452
23483
85703
13572
19662
11164
55081
23421
43680
83368
94121
73475
89653
30651
95973
43971
12954
23072
6160
10219
72277
34662
94701
44166
69091
38056
77660
35576
62963
40062
44467
3359
6417
40898
89019
82355
37243
21555
89807
30690
31055
63688
48500
29956
69127
40335
24
22532
876
73431
20588
54542
21623
44822
69993
55377
48731
5385
26130
19587
67499
34261
13998
30939
88458
27638
89884
27344
50370
77919
90397
41311
2503
76334
24222
39575
7882
19022
46890
43824
45732
15797
43899
85911
2497
47858
74660
54009
71902
55916
18665
22664
32848
73499
57936
55860
85678
20587
5289
48989
57861
60942
31943
39587
93439
38862
9867
31441
10594
92982
78399
88129
13237
32917
54683
66330
31586
62994
48215
4931
77387
82570
59982
47041
87331
2713
55672
85451
78630
27645
36451
61365
45151
8885
34234
93361
62603
33658
45641
84993
54416
2229
91153
19171
18392
30236
47612
15898
94603
41056
73939
65394
52467
30075
2915
64961
61185
55619
62382
29311
9943
16160
18270
11467
33370
93178
35826
3174
34517
37120
40144
55427
6592
71120
46686
76848
94639
17124
4458
44643
21082
17303
67223
92853
56186
74144
57177
25323
60904
7365
60018
1265
12593
51879
41312
39892
69612
62790
13413
81372
53199
23354
33640
63476
63636
95834
75943
25883
54531
6060
85568
59002
53707
44627
55337
10137
23884
16945
69423
88876
30898
95444
22095
12381
27214
20435
71540
52546
63180
77867
46295
13750
40805
17954
28338
91856
4244
34299
53983
79021
79539
45311
78939
71765
24249
47224
7976
88582
39296
90975
89310
61266
66105
89964
77926
15738
44497
1608
18923
36267
77555
39204
36103
39988
41917
68926
94094
93416
24016
54514
72845
70279
60332
80654
2912
34939
26577
20038
6761
66100
66308
3133
58163
41944
39651
95158
58804
5386
24839
10863
82910
14238
72810
59070
72585
64906
4191
44698
61157
37937
78323
70642
53285
89566
67970
13010
3571
58948
77943
80762
15682
22780
89569
57520
70348
20824
72635
45834
15887
44141
27469
56481
67837
54968
81803
4135
3147
93924
90335
58399
44643
50488
11035
32416
85150
71622
8625
74751
52206
46751
94915
92011
32416
84194
89388
61801
5698
60744
84168
70935
84036
84508
59020
86996
51839
68479
5990
35816
79534
48048
19833
76891
76218
69854
1377
43806
76612
30313
6269
47290
56384
28988
6657
20447
22255
71662
47051
17501
84893
93587
85944
35987
89650
35504
83754
61136
92751
35376
83180
49922
24435
37840
72851
85659
82092
27362
73415
30267
90668
28406
31780
78708
67018
17755
29361
1072
63305
83442
26140
15020
82744
67412
47532
18791
7146
70006
77896
24553
80207
79639
53028
62514
74490
48784
32000
4141
67724
53732
39247
35869
10070
13209
16043
84876
23045
28783
10981
31612
73496
24387
1713
21298
19219
63490
35158
71672
20779
65251
82379
16705
40607
54539
29015
26627
37605
49399
47123
10630
75174
5422
67731
26717
80109
84571
95037
27447
1955
44125
52921
28337
11611
38281
16828
62391
88546
40560
11922
23284
53214
47214
82616
2429
31442
421
93465
26603
37075
16058
73778
83224
89523
23329
90918
33673
52529
86752
75008
3467
67118
15877
83547
23265
11371
46535
23248
49466
74051
23843
29909
76936
82161
2835
92981
36335
23452
48025
85088
88579
80967
95200
58175
35682
85218
75590
62714
55401
39627
71691
75257
4922
66597
70123
41734
10424
31193
40838
28995
76471
45460
50926
45523
81780
66308
67763
50975
27215
5706
34302
31651
43885
35506
21223
48693
65560
87544
76929
89189
60338
29235
2509
45824
68520
86861
37759
44950
69522
89305
60492
28414
20371
63679
40584
36041
69425
49533
60755
86217
89285
13730
37923
92448
90511
14684
11280
93085
18860
80696
52232
95350
57442
52832
38106
47627
33248
75555
94967
46420
13900
13838
26262
95515
23179
46491
1923
89198
26048
71016
84935
91554
798
75811
86173
36996
6965
65741
53828
81705
86483
46921
13143
74253
26478
7025
27475
85559
31494
74680
65508
78899
88219
48002
89530
87670
4041
44968
42497
83151
73109
43307
79658
29050
62063
26719
72475
57536
90214
44116
54981
36619
8492
65824
17692
2408
66196
86995
916
39603
20526
9268
83485
46514
27795
95016
77602
72783
56227
82225
13449
83143
12992
79934
34551
37122
42231
76819
40751
21403
59109
53360
24447
33416
18409
2484
32349
43545
57626
94492
84769
82311
11565
41956
79102
20955
42370
28615
19997
22696
73126
52796
84376
24201
73226
77101
9174
16299
558
86655
90225
5935
8334
16549
75677
71151
79111
46677
24592
59718
55042
60077
74040
90924
17381
93717
46913
18756
15573
26966
34262
70043
59823
41754
44852
66062
4606
33286
93336
62633
34886
86405
94325
81571
73675
85246
64175
93281
30684
49294
66017
25053
58152
9769
21808
28601
47531
54365
66543
7833
87772
38088
41785
71196
22050
57984
35230
88140
68297
55648
81294
13977
50669
40283
26845
21933
4461
74464
73744
6780
10719
94209
60461
855
78087
69003
85272
88418
24731
73888
24700
65445
3863
93975
5703
19897
33814
1094
23331
32708
60292
74506
35453
5713
867
76758
31177
1504
9555
12971
73178
62760
62075
76471
15900
89102
69625
56037
89306
37157
54118
19336
62416
11957
2583
77766
85053
60514
33120
1054
77345
46019
95037
18542
34515
41152
58195
8260
56908
2374
47752
20995
77605
20705
71708
71310
21411
18416
32814
45221
34370
53056
67070
41069
71884
81540
2542
80045
38713
3132
34750
90372
11657
10966
15146
34405
56781
32842
25168
13805
79927
53590
92258
24874
64464
4343
18493
17758
17405
71460
32007
11902
11996
91040
29524
51200
4055
54571
10168
32532
57320
95837
91803
75658
21307
42318
90615
19752
60722
30245
52066
38743
36448
70760
3151
59604
2917
54034
42199
62965
14204
6073
38086
94449
16761
55424
10442
39126
29361
93078
5959
30113
93632
48390
82817
55938
53627
2917
22102
65847
92197
5027
43541
51818
71934
85567
25907
89877
77085
87289
83585
35023
48466
80125
53186
21108
72765
1749
9321
410
33331
43150
3042
28442
27192
46193
35018
48658
93198
86578
45383
25643
22692
63154
53639
85829
13888
51706
77572
94738
85806
82723
17903
32447
23129
84200
93365
28221
57147
84006
71746
21022
17212
31077
53920
29053
59378
79753
92723
51930
1416
50451
6175
28231
46490
92380
88192
32463
45571
61869
23781
29795
19318
15952
39639
23388
96087
74105
19112
40879
28518
71471
72909
41599
61254
94042
25791
80210
54812
55148
41559
48571
61547
41051
37112
69731
52320
9688
18873
34628
88267
38785
14053
22972
50418
29018
95870
18614
17027
31200
1762
47676
78414
81671
54737
96005
26062
38693
13500
24782
22249
54235
9756
81293
15442
25949
62839
4335
49035
37980
95838
64868
39090
26223
77162
7009
10031
29922
93699
89288
2512
54334
67533
1721
79684
55041
30603
44977
14721
72798
28600
6161
55878
93264
27330
15474
18246
80515
72412
76044
50290
76471
7684
13773
65008
86817
23064
60603
30803
50926
55603
62257
24357
18600
54723
5934
64426
28079
49660
74799
26009
26173
75
63403
64513
41375
68141
2073
26039
30939
16483
82872
80675
59116
65814
80177
15194
26256
19364
63369
36134
81571
30984
29203
21562
34019
41111
1110
77726
72852
53623
64143
8907
39435
34450
5993
49473
79331
37508
25489
22618
94093
69029
12628
47569
13301
60646
14359
40346
93436
79239
82301
35571
46077
6055
56165
29957
40813
69980
29207
42038
77892
7385
29214
1150
77491
9246
95314
81557
15186
7718
24430
8974
81058
67725
47362
4592
19207
1814
66538
19696
95461
64348
63677
64085
64373
89415
67031
12395
68083
85906
73735
3000
39988
75167
37245
69562
486
54272
9221
11782
6900
3042
11444
13062
6296
39051
5532
73517
18311
81985
89008
50105
92092
78518
35458
71437
23967
26657
77943
30178
43347
24562
10299
55058
41880
20300
6527
10696
25260
9482
51543
43149
81382
35350
4975
57512
46762
27688
50859
14155
20914
43509
39893
44844
55717
4714
11743
21065
59945
68138
65333
64586
23628
84773
20725
95738
8283
48099
34525
68635
20784
23846
17613
89021
37514
16420
79749
12900
39383
40339
32548
13557
35662
42751
42689
87365
14381
546
72521
95393
8353
90402
52863
53665
80943
16087
55508
62556
6391
75612
70765
87497
1374
57922
92929
24895
37083
14032
54242
59324
37640
13903
30134
32247
92435
29299
57834
45399
88089
2799
46228
52290
44119
15897
4780
11750
8332
27013
54600
94185
42637
23932
5501
24832
42242
6743
34477
40076
54007
48258
83303
5574
36793
94808
68797
31372
64088
63781
30504
89415
29614
83510
61894
52724
41403
16836
12955
4184
32052
13630
35823
76680
48770
14759
88483
62273
70716
55288
8698
24949
60672
13670
48419
24733
80679
87955
89421
5513
2231
33595
14952
68945
29251
76297
94353
9311
55618
33265
55054
66251
79739
83325
15824
17259
87194
88637
36165
54300
57352
86104
21430
89681
92172
50759
5952
30021
88933
59153
7824
65650
82261
51642
8490
77476
71710
79430
25774
88194
59178
60192
67932
60457
87391
448
3239
5331
13679
37576
76527
23209
62619
90025
84954
7433
57787
25944
89951
68514
74720
84714
71393
46527
21866
74057
93957
34466
28404
53734
50374
2134
82463
65173
42007
49846
61694
35304
42332
72324
23480
12167
18734
27456
82215
34272
39566
45554
76275
59148
63092
50126
59769
71897
82481
78267
83730
13974
40107
53392
34064
68183
8300
89108
28764
67736
50870
74110
35208
82386
40147
52569
86120
52096
41461
77627
26515
40904
29618
29164
12465
89998
35673
86504
54087
74638
94561
57768
6890
45489
58808
2131
30131
42528
36456
90627
49345
59801
90621
13913
72498
67157
87971
51893
348
19021
64713
66424
25215
33117
94045
24791
20363
42817
76663
49003
4117
67908
8506
88121
83901
6568
13748
31719
94931
63624
85482
40694
11350
22314
30407
3586
54291
4294
79413
59459
45828
58687
85130
67745
19413
807
31216
67854
71530
7567
46029
73141
35794
12709
59142
74149
32979
39068
55005
70376
61230
53458
63171
91153
81971
32967
88329
2952
36959
50604
95445
73334
87413
37454
26263
74289
1565
25556
94321
17479
57639
79115
40653
52342
50301
80858
24794
41907
72002
41820
95240
72001
1436
61588
80019
45344
73951
20653
89487
58029
50143
93446
1063
53837
35954
3500
22308
83313
87197
95477
5556
38003
76967
71492
28992
89778
13201
32404
93179
94153
1771
34081
217
6331
6992
525
8841
27446
56579
37545
69489
49206
25810
88337
32942
39210
84547
25031
52670
73890
3131
80053
52466
1105
37245
49570
27950
59669
85264
22559
21835
16908
30165
92701
87722
58334
2782
29798
17772
68750
77604
21748
63023
31834
81232
22583
66047
39352
743
34307
56251
32294
27345
32083
9696
88548
32452
45638
50907
26850
58685
66555
37044
89505
24193
88051
16898
7365
9945
51386
8119
65349
91471
12897
9108
5114
39589
43351
85604
4296
10631
39055
10574
47975
40973
9661
55617
41144
33925
25858
60176
47808
67541
67659
57493
95736
27788
38748
29172
89846
34817
30501
30468
90250
34449
36747
18615
58495
12773
30919
84021
91840
68841
61884
42887
34453
16816
33492
26320
41648
38461
77344
26375
72643
58476
35961
58715
86362
96020
42804
9457
37102
56732
85077
26361
43951
78947
88239
30900
28122
11419
24902
21523
75535
16740
8034
54024
3747
12906
11549
40384
5669
47611
22392
55694
60930
58927
7453
79886
3183
57295
43877
33117
20055
30016
86404
31726
48326
18708
44317
2161
91150
28774
91229
18324
80233
80936
35928
31105
18260
16321
78654
63946
14680
60599
66767
10249
87267
16779
90640
10296
34138
37077
69931
17199
51370
87894
11834
63388
61229
53335
38139
30803
21143
89566
4488
24711
91375
11743
59746
7593
17328
41369
90561
90570
23192
93771
71536
73754
32226
88361
14025
34604
86756
77780
92545
85782
16589
52356
52610
1956
81108
48168
61902
35338
82707
12059
82740
50690
42530
35185
52448
88731
24180
70245
34014
8008
6415
91850
8603
27108
84869
77185
74148
26292
10813
10324
52599
73660
73450
28370
20976
54951
10246
30139
50939
48657
39076
76531
21977
74295
92453
16054
40335
61929
24361
1400
808
15036
20049
91216
62448
68941
40259
27
33718
65286
21244
81909
38191
17235
25704
85227
55626
30101
45443
58723
39517
48107
78097
14392
5231
79016
79243
29163
28140
69334
56608
87746
43776
22457
64486
80821
16683
59035
28096
2861
62465
12738
84091
12577
38037
49992
94873
85449
28150
13480
39727
89497
31134
79919
26134
66136
12320
72120
76649
10253
41806
67383
67046
13309
7412
81534
79986
56395
59256
28601
74898
67880
71657
11224
35529
68608
1801
60984
31790
75611
18968
39170
82745
39283
34870
20125
74863
16285
45090
72990
884
24474
71882
84686
18262
89726
82896
36656
19743
85959
18995
87619
73889
73967
91668
29729
23338
74139
83794
11683
82701
66338
64907
8644
1372
71362
14790
53239
65281
66639
19947
83348
68940
47060
83781
23489
33086
67770
20596
61645
60245
19896
72662
56101
72454
78488
40224
1715
82545
45809
82348
84238
64395
32873
41386
61347
66589
25034
32286
19449
82140
73608
49905
62935
40802
48387
77078
26999
17146
51615
90701
27565
44956
57415
81565
7967
36725
80509
84036
48619
78794
43604
7394
79718
81701
33184
78707
5713
46209
73122
94541
47942
94714
27752
67426
76953
49477
22147
45093
82863
2097
48337
65214
91855
62528
65135
74308
91068
27099
53124
21709
23876
14770
43520
10017
23014
27500
44679
21866
47979
34470
59764
77879
50642
48627
35278
72586
3362
77804
85284
56253
47767
13880
91800
11478
53090
21604
26684
52568
96067
80120
35227
27760
35535
60305
20008
91639
62346
47754
48059
56572
40443
56500
54947
44871
73197
92875
32910
89924
93384
51300
82162
77100
93000
55889
79569
36577
20162
23535
54316
31111
51679
79272
95496
73978
5209
34377
55561
89954
50717
3708
93035
57779
91352
33579
36691
89537
71772
8342
57298
79158
33693
6470
42974
63556
31397
28233
20363
36051
11232
83399
90940
87694
12237
30056
30713
74160
76031
7675
57877
66938
16252
93152
74807
85872
35634
83919
24533
58364
87646
5472
36861
85584
6614
83506
54449
22946
63043
22989
59928
71630
31196
39030
17316
86892
70276
33659
24806
22581
18748
17675
18448
67545
48981
63685
34811
16356
70444
94835
6746
1290
78579
4909
63084
44094
86011
16148
43897
44758
92064
323
45745
75144
90486
56815
33092
9484
79548
79867
23163
15653
61906
59499
21751
58904
76999
13799
66412
33114
75643
93088
65821
66723
22722
81606
54240
29728
73682
53280
77774
35811
48518
88353
25211
76431
3306
58416
6419
29993
87706
27715
53666
48936
8332
80676
36827
32990
37543
62431
92815
67242
84467
33128
19306
4251
90757
33902
8094
13194
66587
62957
16325
87058
91941
75239
8413
36484
59822
46141
89890
2753
84635
6819
40049
2558
61247
70092
55252
43785
64988
91882
13027
65665
80695
292
1813
59109
16984
59837
89243
67010
51727
74017
12058
37566
90115
75434
6568
53834
53344
70772
30016
29395
66727
21922
2384
17578
47989
20163
44347
73614
65681
16553
31241
69794
21372
23559
12657
26716
41834
49042
80243
73787
68231
94992
37142
26571
56829
93340
75800
62912
39080
79641
77332
85226
5614
62648
53805
83242
1913
25946
22297
6062
78481
65522
6360
20703
70135
54173
65444
30470
24479
79939
91429
26045
49879
5182
21388
44098
26179
31252
45861
12703
60048
54733
57151
95980
93895
22995
46047
58580
54938
5355
51037
11470
32275
14564
228
64856
76317
46181
9643
17393
20111
86861
87958
11076
36990
47599
7165
81717
62512
42876
37037
16133
48743
76220
27943
51160
87785
67654
64383
95096
84087
86014
5873
23043
26223
63797
51274
46952
91823
10460
34270
55622
68883
84102
10441
78957
37025
19237
71647
20911
5825
35872
86502
59451
11191
42185
84705
71203
63236
92706
15367
51499
79319
58631
4455
78087
22021
16598
76054
78084
73827
58541
692
49070
32394
38385
85781
34883
90314
73685
70384
816
77788
12408
21212
70863
67879
84419
55375
92956
82812
84046
46137
89026
71188
15425
73892
39465
42687
25836
161
61363
5839
70738
29268
8080
7959
2671
81944
32179
3167
37006
56940
38463
74840
67704
18181
20932
36216
40086
90475
41647
28963
66542
93629
39647
73105
33802
28548
36320
93800
19442
8862
81975
48698
36903
73205
570
69121
29562
51036
51114
70457
7685
57438
42995
67120
87000
37148
16509
4408
9868
76542
25452
23114
24809
18805
93156
3436
69947
87042
85702
77544
85881
87571
3650
5692
28308
29737
9362
30194
22994
90818
9606
41129
74642
3703
43054
86407
77135
84826
16589
70291
49567
76330
81264
71352
13772
26062
643
58368
1009
88873
73737
59942
65252
21357
66104
75298
50840
17379
81469
90083
63029
254
28064
11122
22157
74995
82399
66880
66922
49147
32692
15718
73910
4555
2785
59623
23144
75092
75934
40421
41184
91653
78293
92425
26359
93880
18376
12059
67639
22541
76798
60187
461
80148
31942
9096
31788
38347
91969
48700
22049
37985
43444
11434
7509
33392
10079
20080
90371
35391
47008
61541
41490
93620
24007
36537
31507
95185
61821
19534
86119
4679
30718
34482
11504
78392
56276
68552
19656
50845
61479
15152
34783
34548
82641
77277
53998
42415
70917
26256
49203
74568
82711
12425
43881
60767
29287
12742
48797
2003
9201
59006
4104
16133
73466
44658
57635
4881
31016
69240
59432
90765
57504
69513
6043
31748
93858
53416
906
34828
52846
25604
32186
35738
66167
18512
8858
40918
29369
85772
2936
12834
28009
35126
17645
1519
21890
90352
67675
9791
15297
86705
43023
30455
47523
57684
87655
80744
49576
41197
47708
58717
82924
37635
64267
45148
70645
30464
37060
25525
51806
82403
24439
40008
60407
47958
28675
49645
77493
35064
16103
11206
76316
81667
69597
5538
44710
70631
2010
1281
67556
20945
232
50053
96096
24431
65441
32287
56388
53690
24750
9320
52588
68614
39513
83741
5288
62625
88967
54127
72101
17251
10333
46926
19699
27840
25861
69760
76282
24262
91649
94133
69861
52148
56082
51382
52007
74476
90091
6274
80341
56150
20245
64553
70752
58709
17427
83099
21727
18948
8076
32204
44753
23618
32994
94687
15138
22717
25184
61521
33909
23743
69816
62978
11362
67096
19473
80163
83975
91904
35337
19077
69233
15775
39572
3600
21363
5532
76367
37251
4867
68039
19953
50547
70343
15908
62669
51446
53176
41758
81168
19992
89901
22875
57683
54561
56051
14642
57074
93120
88904
58607
7499
5254
4848
16270
88617
35427
80617
53870
26247
45689
19270
77879
92820
7037
36951
44937
35264
63023
41281
85479
21316
79847
38402
84868
62737
45411
88532
96044
78285
4285
16890
92151
54939
30868
50883
41587
27414
19108
45408
55038
92435
92135
59927
29660
37584
20385
92174
54708
17290
78615
71420
31171
15969
16275
8001
48608
93760
55445
76532
79410
73471
60176
87786
59435
47329
17859
73399
10409
23384
52990
6187
78419
89792
35296
37108
58167
92211
51343
8355
59425
26496
95401
51638
46781
31162
16014
28677
36283
41202
16313
72697
64205
32800
67709
33291
51210
31167
71344
29534
11811
10662
26140
86284
11022
80237
54225
51180
24160
85632
34484
40250
24111
84723
60059
36302
68475
33008
110
5633
35475
93965
81048
23550
68400
65580
6703
6608
53280
81419
22426
34101
28883
50790
6289
59841
39163
36805
55887
53031
42813
49976
8449
75450
8924
24674
62169
8694
37771
81843
19804
81471
24389
43362
51315
19242
87127
10248
22999
31027
80409
73184
21008
8250
26561
49784
5335
70381
54565
21344
37187
4949
27341
38279
23700
32186
59597
44378
73261
69369
80939
94524
10348
82751
24896
65489
66427
80265
73566
62689
26916
52302
91352
77004
69887
35480
65538
37257
40377
91715
61776
24866
69552
29984
46724
58096
16753
68436
47330
81365
92792
89872
69530
55386
21683
71105
6123
1148
46174
73008
72332
68160
21485
34093
50643
32409
2054
21550
23183
24689
51443
24106
2705
34670
21058
6418
50971
5636
25562
11483
26654
42170
82075
56550
37607
76562
91471
80565
84884
87190
8304
2085
38640
95047
88662
47502
61445
33096
24666
11866
76460
31678
53971
10033
71949
77307
12306
76087
85406
83240
81170
76136
2038
56838
28163
20073
44651
26248
62781
12442
50291
4703
59134
50795
15220
83862
95560
87263
86468
62973
16189
73805
59715
25490
22140
23262
31316
68297
21357
71998
96088
81087
28385
93769
63108
8437
51527
31840
64133
89664
73537
8725
23756
42737
14916
86421
56971
85356
41336
9140
86533
30761
58912
28994
89529
47727
64561
95861
21160
63086
44240
77769
43930
63653
22715
36217
10280
8920
44282
83304
7943
51584
51204
32293
31127
46458
80564
94891
60712
70557
76213
92062
56935
65782
32917
29500
29658
83948
69473
67699
10723
32552
29275
71445
63327
40214
24195
61745
85015
70102
33924
19848
13301
1594
72709
75183
23638
89048
94990
52142
15984
87314
92406
21779
71218
57629
75881
5133
74417
19243
36829
30783
48113
11341
26288
11211
8691
34367
74444
11867
37564
13916
76140
53128
24478
23962
44633
24897
62442
28674
84031
82188
69102
21334
30179
37751
12348
26442
65146
21651
50060
34662
884
35216
66646
21121
72116
45208
87465
80127
13564
37495
75569
81764
42134
76479
79529
4872
33523
29003
49900
54515
67775
60945
59963
86236
36035
2289
72393
93310
12635
37691
40494
84220
31985
78349
60415
88122
15334
57884
72961
8719
68509
49502
86340
28420
85652
18505
52103
26034
32394
5969
62318
20061
5360
26068
87654
31158
4201
36417
84522
32964
72750
1557
84589
73333
75816
80480
50991
47937
32937
53512
75711
81187
93102
21602
49301
22086
26301
29535
46636
63217
61436
27560
48393
6847
71608
18737
94245
51429
60778
81960
15360
58654
91385
70165
40922
27095
59331
50634
93814
55143
84393
88878
65711
92278
88606
85206
25543
93003
10535
45721
74340
51707
45362
45828
94420
26869
29718
25270
88246
24787
54731
16130
10238
44531
32850
43806
229
79821
65360
88199
51291
39007
44227
61760
16021
81742
657
61614
37748
49361
58770
14704
2092
76217
25622
61583
91946
11353
35537
71753
6238
15202
5947
49521
6537
3569
72743
58617
8420
5670
31143
22473
34703
18971
82286
1700
8351
34901
32460
48892
67269
30569
14495
87662
28215
74009
91491
2737
33503
70839
18082
22043
75044
64254
35933
54517
63336
26753
62968
30737
68180
13712
26534
12735
71430
15132
47555
69002
84747
42521
45230
75657
61755
39997
69744
22360
20126
30284
69039
28573
67658
40922
90734
64785
18630
8390
60231
25632
1049
1053
51799
29310
7796
60720
8717
9456
12542
29624
74344
19523
43592
21732
80891
44274
51476
48267
87304
76601
88662
33367
61953
81621
63059
41168
45958
91327
27869
10481
16624
37994
51533
38542
20783
96021
38868
46510
25569
52560
45135
38195
89149
84138
34831
93521
9603
69356
21284
3157
22836
86239
8709
4793
32864
62600
89707
27225
37911
12155
74248
20810
72081
26028
36795
20600
48803
20833
49414
14039
61636
95775
33634
6477
73299
28338
76981
61952
37640
77682
82282
63516
67505
21175
47884
57164
43608
88313
54740
68792
39424
400
29415
55025
49693
11477
72310
2276
28501
20844
42594
57559
23363
22960
28936
87328
77331
70398
83870
37907
55610
41948
91965
27622
34811
4819
73443
83642
28938
29941
17691
45773
25356
37071
68554
74983
4756
10785
13883
36979
45677
70122
88578
81912
69918
32279
36737
46346
17168
80560
79513
13571
21358
11368
95359
51837
30554
49662
72834
55727
51785
80744
93778
16893
59470
50206
66343
1200
91945
3576
44364
86358
7885
68897
19959
55172
10302
4314
61348
50315
12404
4196
39517
77447
89236
4658
52198
80088
72120
88177
17136
56569
33403
48251
22179
90075
75648
28654
52624
46322
92144
36456
78399
22397
24925
25441
14559
47429
25385
43648
24067
3311
48611
57415
47822
42714
49233
57652
62889
75773
29693
14766
6821
74195
10031
19442
22566
40466
61833
81735
76307
67316
26849
92821
1057
84802
79447
55651
85988
22970
48974
35376
41271
72677
88944
37517
7704
22051
72245
6275
40070
89362
15051
76721
27383
38811
49416
35777
18150
47003
83847
56046
2540
12054
12782
32687
61938
32536
5781
28378
40622
88796
22680
49316
89796
18987
43016
81869
46615
81988
24652
85518
80408
80861
93002
95292
34573
53010
38750
2191
42381
42033
89436
87227
62641
17191
34611
86212
56244
61771
59104
64294
22188
7779
61122
94394
93822
54243
18315
7863
35057
65159
29886
62789
24545
82003
53953
28211
16342
17365
33837
47520
635
54047
93831
40255
35879
61846
57590
61616
83582
52539
35423
59900
40125
68360
73045
76419
23646
67318
86434
59688
45682
21398
91419
34131
31904
18209
92465
33741
62201
175
10754
60076
81276
78975
69877
87799
59800
7875
93784
54160
72620
84048
69170
59873
8731
75832
95361
19342
4047
71643
76505
55609
24253
46567
51545
59783
42271
58572
64744
72767
13450
85851
69831
68438
31837
96013
71981
51850
15450
92855
91520
60211
36410
90698
52171
85678
74309
61235
57306
82088
26801
20928
86184
84801
31343
91933
89476
14001
66760
14190
73987
31851
49231
82766
53641
72942
82217
19884
56680
21474
7472
60125
45677
43109
16633
33450
66063
86333
94196
18055
7340
6832
67354
91187
43962
9345
34389
49333
46531
21819
6817
1906
13711
86038
28529
70486
82154
86965
84316
6930
93251
7610
2815
47900
5095
50681
37873
95043
25411
8749
77483
46088
57828
74746
920
46906
52734
96076
32328
47948
28756
74361
67158
76143
20166
43759
12932
68004
90589
991
52214
18316
67298
42489
77872
53990
23469
75
541
18004
29576
25416
9673
54280
35679
95221
52726
51799
86441
37535
17112
61477
20130
58523
8659
19985
89445
16724
49180
33047
57818
24687
5151
80983
34366
13763
78763
32289
12218
64560
2742
41056
86671
83452
54407
91447
70997
32677
39062
7089
63123
22951
12623
69047
62276
1856
10866
43865
80249
51015
9169
44603
64436
40787
78111
25357
86970
83084
56718
86835
9605
18956
66946
22802
90122
24033
74271
19659
44659
52069
76110
61266
13611
40406
66387
4057
66318
59321
24690
42481
68470
83057
94772
49499
43706
58254
47685
23340
82705
11771
93967
27615
73118
35123
30177
6274
37396
89270
36941
44707
43436
66088
54128
37178
23333
90776
54957
80158
85238
68271
12493
66886
13765
43509
34605
24321
71943
60941
72094
18100
9213
12430
59025
52298
28206
20420
1899
9466
75471
57289
26857
51951
3697
34219
95892
57573
82897
88779
17293
23685
91654
88521
72014
4671
62343
62914
65901
50013
7098
1528
44393
71259
16005
92044
65097
1435
85649
42190
35476
42959
66956
63283
53479
10058
87014
79152
39634
63087
43111
43123
95067
30862
56455
15639
70909
951
14570
29693
473
30018
16833
10607
69112
52264
9336
32079
56110
79314
60549
31550
92387
10854
45151
61355
53642
42405
91409
59055
88540
18679
95769
50803
38762
36428
13756
36764
72450
32340
11565
61443
67861
61214
56832
70923
74183
70289
68992
24771
2196
19161
14627
8279
40169
62490
34546
2859
39902
63659
79925
6894
63007
9435
76800
59071
84818
88963
68058
19676
23520
41977
72719
24808
37422
52994
42767
90708
84668
45821
85573
20286
65145
48294
76958
51120
85168
69804
78498
68489
83522
18914
35019
44484
52513
73789
80576
6728
1801
24434
45499
22750
31098
92858
52152
64311
23254
79541
77048
8136
45701
90674
53826
93757
21445
58012
39110
10670
15679
15564
34840
48986
78406
88134
55254
74000
25564
73430
16875
13350
54974
36825
58616
77008
85608
84352
11858
68758
70541
47571
21816
83920
49809
18340
88104
78600
61339
47356
12786
13159
50262
1731
86803
71347
66737
49836
36213
92475
33120
5938
35609
39483
44245
1302
62027
6404
36438
79007
42834
20976
63057
69972
6539
82378
62829
83560
12130
34917
23011
50111
53046
27490
90637
29082
13972
37149
749
90436
23860
19947
4650
17944
1006
41206
81497
46726
17175
18201
21390
47054
62110
69627
90056
48591
17055
47174
69358
66739
19274
63746
68499
94512
69496
53392
83710
68148
94626
53736
59679
7685
640
16469
14460
45451
93721
81112
43336
44127
22372
5791
26962
30690
92522
85560
8817
16069
6600
4333
93101
33017
45188
51826
9930
31832
72608
10701
77851
1800
25382
36821
2062
67399
78519
29911
66139
75383
71486
40427
45747
60571
47869
39475
52469
11784
90251
42093
25689
35421
46450
27178
26162
91962
14430
3176
90933
64864
93380
76887
41964
38893
56503
58259
73377
61317
16716
37447
3523
42979
85396
95419
33599
86601
80613
50822
65509
61833
72204
67580
16281
5664
94901
17887
58858
51380
47961
44356
25117
48452
46786
41839
29590
25940
3956
41336
62959
93537
46697
45368
26291
72706
8558
6962
95174
68154
67189
4971
33419
71147
82541
3460
84581
27367
18624
18829
91139
19853
54643
77778
12813
88034
68620
42455
15927
14371
57086
6155
3755
63327
34074
8527
43572
88492
16066
21913
31628
38909
61009
51318
62800
43240
48573
13455
800
22098
52324
47186
26286
59089
72104
13819
52059
15662
81468
55239
11118
91521
45001
80456
15871
90341
49694
41257
27051
46388
74653
88955
94412
61784
42511
27140
39342
3202
10325
16614
34349
22020
62124
3001
15663
91113
79611
32657
58794
82611
56982
47082
31
49704
64886
48180
61441
63254
2636
93077
48746
59001
23734
41977
78001
44081
18938
73991
28654
85396
49972
2718
18509
51400
31253
79579
82843
79021
47208
89141
61175
27647
80661
85895
14356
64881
79902
36209
25593
45697
52284
95129
54072
94423
89335
79199
57500
64330
90811
15845
86675
70804
16529
53725
1863
30215
63696
47584
38185
70666
36455
31331
60057
9081
85616
911
71218
673
80754
39189
66379
83959
91173
90701
16980
25460
15540
56399
49441
70648
21753
60048
56259
64520
35921
38799
28538
6214
78122
18654
52842
93991
8748
79580
19413
61502
18607
75452
90783
19153
50317
4401
60812
40167
54945
17302
40866
40448
37753
56663
39292
85628
21286
95805
33927
85764
21678
78218
39591
42779
94822
33070
27042
11018
77063
95393
24756
51218
14970
60963
20721
72871
29574
2474
59165
52963
6854
46205
91478
58651
19425
227
51175
84449
74283
60066
58764
48100
56093
85317
8372
28591
40109
70221
84954
76173
72733
6310
44958
28254
16320
2968
31116
43648
71021
88966
13864
18816
49855
17052
11571
83115
48222
21888
45753
24096
56535
88122
7845
91301
14802
40901
50124
56949
42965
57458
71208
53469
30392
11892
47070
50938
862
75016
31291
88427
24742
87400
72802
63848
90247
2158
41983
25815
44399
6571
19966
11568
95401
51050
11765
5920
93939
83157
13697
18893
54639
7980
4918
60833
38278
42145
40659
82397
18965
85491
52774
64339
33459
93240
59338
71193
49641
26188
35948
2946
57675
20435
71946
71430
83098
13714
25965
75297
57937
77735
79758
26523
44652
49889
12731
78505
69660
88684
42110
58250
23690
9170
89450
60808
36761
31595
51617
29050
24644
62834
26337
25034
68636
43671
50239
79211
82758
54380
12558
38600
89320
62587
20475
47009
95047
27797
58857
69166
18610
84508
49775
65016
2841
73221
86930
21689
44758
26527
92128
78510
47589
45666
77885
2861
16176
10512
8843
14445
19852
36583
25435
28978
19912
22837
84180
2548
34391
62691
88997
15933
90463
67883
37957
94466
53517
78544
78308
61611
72460
74961
17221
28468
64325
73237
68730
50906
70566
15473
4780
68016
71613
9514
6192
805
19649
67141
11086
65134
49266
31389
11729
76541
14749
34168
28778
43725
80287
91155
35020
25907
66204
45932
24208
74164
59745
95307
64886
6873
4410
86167
57351
50445
83867
44897
60529
15343
5437
57164
35305
13095
10595
3911
3600
22203
44309
51325
49077
51356
19733
18260
32662
3918
6723
81532
81466
8201
92748
22477
39720
2675
12899
42831
44918
13838
28053
114
42138
71592
59005
40558
75421
46525
63285
94988
27345
62438
11985
88695
14613
51037
76359
25032
15689
48492
90911
95221
76447
81515
13550
62087
82285
44827
33753
75906
75339
11507
94478
41681
583
42632
47140
7448
42288
50761
26209
54171
72684
87166
17375
23864
84996
49974
30772
48972
16997
68981
1345
784
5555
61169
17452
7182
30498
3982
30067
32489
8551
68275
11801
55580
55959
7421
72672
67616
20027
6445
43363
32387
43991
62627
60794
5879
5922
25265
89564
86527
26162
6703
54583
80872
22551
5462
17660
37820
19931
19050
49316
13208
39015
66474
78466
47628
40125
45238
44240
95510
10766
70792
45973
19634
93092
8947
33200
38321
40467
21478
14232
7920
35785
54653
33698
19235
82305
15550
86090
90153
59589
74629
63235
31385
75941
68227
1986
71785
27290
20842
5331
74392
25546
20018
19986
26060
81968
60615
42583
5959
33512
83616
13183
76078
82495
79477
68660
56261
39935
62896
76700
44297
19603
89351
45779
23951
56165
86420
86025
79361
74173
47932
55183
1050
17659
48725
9443
44662
32005
38445
20976
47957
51890
87193
19575
15947
49051
47892
10627
60915
70201
68804
18411
8986
25732
86327
55300
69072
76187
66441
62118
17929
29388
80805
58004
91237
28778
840
21867
63455
3927
19395
54431
23246
87505
39262
15579
23424
23522
88927
62272
15870
25562
4150
62898
40863
91841
20908
41587
27087
3575
39391
67735
44691
70050
86701
1068
15459
70388
63658
42038
61450
88507
22539
52469
15534
34933
42632
60079
39105
15234
19311
94054
41462
44451
11103
53428
65639
8779
82555
86394
50090
1123
83076
70663
73741
35211
93537
41431
32748
55984
64700
27169
67096
66357
45143
63053
33311
2105
89782
21826
13299
62068
75522
3029
50189
87750
71404
5779
81028
7450
59637
93062
52456
86693
6075
16131
2188
34070
26688
30836
74438
31962
1354
75419
93126
61130
31964
26071
7397
78278
80396
23675
47215
21234
11480
25465
20143
38513
30447
22535
37957
73892
62688
77115
82118
20772
64454
51769
54298
48339
25407
89614
43753
35056
71240
24877
44154
43749
83858
47077
82089
44894
13102
4464
62731
1416
93382
13629
1647
57399
35610
47339
49650
81209
14046
77892
65089
74858
70262
1254
43860
59001
73925
61514
12016
87191
82957
48442
14814
3841
19290
74632
86417
19668
10722
27647
81020
45073
24969
21535
8083
18375
17483
94837
56115
88862
14260
4455
54792
77940
21445
57905
78094
78272
14962
56845
82027
49054
67502
957
92544
52234
32028
54011
70338
48206
1304
56814
33378
71964
31210
44194
12402
32836
21639
91230
63194
30282
81523
93960
7136
61027
88347
43317
28933
73073
56001
11247
88774
29921
25763
30843
48568
84599
48267
62922
54721
70268
14430
33135
85437
11232
90779
85122
61635
77782
58432
35208
8744
57098
5668
57067
79256
67073
12810
19166
34721
5565
25680
3379
35648
31136
29145
38308
61871
6164
37426
78252
92726
42726
53059
64803
6763
17082
45942
14432
11741
93641
86081
35480
39368
84014
34015
80731
16294
83435
65528
26050
25831
75074
12381
90491
78782
53070
37935
34450
29299
22181
94719
43751
44705
12422
77704
22983
7405
26865
80959
33109
80853
17958
22752
64111
45784
69101
2927
70341
82697
35719
18577
45399
3736
6076
35754
40222
34323
76759
59700
69539
6926
28350
5367
35445
7436
79866
87334
77361
47830
79003
9257
35805
95490
5703
4896
89884
37534
76815
57984
90220
35698
16668
721
45643
78078
41607
72443
36275
92862
66328
44022
42371
5182
63187
8845
12493
71862
26224
3204
60417
75459
20311
50187
59215
32123
41381
62026
88070
50957
1320
28040
25506
47758
25706
10413
1620
20643
53773
49992
39284
14034
92646
90327
72438
7032
60162
58588
7825
81539
87590
50015
72451
45441
15146
25432
48345
61028
80242
90874
59689
12885
1603
7614
42487
31128
5977
82980
34448
65092
67043
88869
82486
26307
85575
58334
27348
52612
15184
52770
20665
6771
91123
55233
47352
37590
91675
6135
57635
38734
64331
47183
45586
42568
68169
9914
4806
327
31892
81229
17410
87810
73271
77671
11112
70149
5567
29220
88714
79993
40970
35938
48599
43143
54184
60685
89707
16075
1711
6017
61196
40559
65622
68137
41434
43567
88348
71323
68951
6470
84407
67867
61312
1087
16346
28100
49647
36007
25528
3654
57598
51737
85132
4991
7497
70108
3362
49920
1261
48564
76382
20832
27464
59568
19649
51774
95180
96039
41520
81807
83885
24968
37686
73233
65745
83688
82571
2288
27597
53226
77123
83115
17172
45853
2098
23038
81836
83570
39039
78046
24903
13084
27004
34963
76721
16536
27579
84548
92859
60690
67910
63603
49460
8573
92691
57759
68291
73899
20172
14921
36019
61932
67903
25643
24243
55594
69454
49982
89168
78917
7551
47110
57401
83629
32383
86258
54757
29561
43421
88987
64082
33170
73225
42106
47412
41877
22622
91939
47955
24144
87056
75748
92616
10539
85477
23128
55097
16453
46532
18615
72547
22953
74539
95652
50429
77074
24059
89933
80724
55595
10691
66687
5560
51541
94143
44578
38286
77820
11757
11629
82142
82266
37216
50814
36865
89417
17909
61670
6758
79951
22736
69389
50429
75332
67597
84257
24141
52265
94855
16701
22433
63448
4262
20778
27719
16380
34704
41247
72157
36633
70547
5383
51861
4335
2631
90566
26487
2536
72197
19286
15863
50252
86159
3838
16980
12384
42722
81962
12461
81497
18149
80638
86104
33192
6999
36013
83357
1369
69563
66801
62862
48515
7527
64028
47210
73840
37670
56605
34073
40448
13729
95550
87382
32416
89489
2212
732
77136
91158
32925
51895
78893
4066
87448
21820
59999
55056
18776
71084
21823
54571
35229
24141
29891
20600
40594
95004
12633
43129
14253
27728
78783
83944
79946
38393
88596
83971
27702
622
11593
59667
27038
18351
64926
78338
86736
47526
89640
3235
92565
73423
1835
37400
71427
2913
32542
7160
92290
19954
83538
27855
13766
2719
60452
28703
48226
49204
46376
68025
56181
86659
28744
93773
63401
1569
89610
34228
11983
6010
83609
84681
90296
91147
73258
10242
38525
47547
28958
58294
25715
42811
73096
53159
19419
39015
32802
66818
66226
39021
63510
65876
27781
89103
61372
20124
50329
81387
20538
25742
4802
22117
31342
19730
34566
64639
30392
93430
12535
95695
375
26294
32691
17622
119
515
88776
2932
8458
36448
14429
95185
71471
26084
3851
1596
11311
57589
92836
60371
29698
64246
92843
89447
75130
75974
83272
48728
46718
34428
17344
4254
87822
9456
42356
21726
24568
15835
88923
44050
90588
36379
3661
56672
90127
70923
85110
52225
33051
67831
81589
47679
37301
5943
42775
61330
14282
36691
40821
38912
78550
94520
70919
73045
91927
12225
92469
64886
27587
38923
46496
58639
75013
64989
84815
5905
10928
51263
46046
50163
37729
4397
78572
7952
63257
52202
60193
50047
41968
66608
87727
91013
85620
71042
19602
19616
61785
12455
52587
85905
21221
68105
6052
19975
71063
89487
16437
74069
53045
91878
77918
88201
89281
8154
40844
5306
57577
28870
614
39188
59713
6117
80537
953
84850
27441
71517
51749
48947
88899
40870
26225
39479
67017
89179
88610
58496
56260
76254
51643
38253
92682
33374
33313
53708
17725
9760
95161
58804
46016
52117
73422
91884
91524
13958
6279
69976
22477
10832
27160
3086
56786
51510
33336
34432
95274
16639
46632
18067
31878
68519
5287
93246
7114
63700
39229
41688
78005
94365
67025
34592
87839
83848
22904
65400
86453
41728
95467
9055
73688
88641
48194
42327
20269
73557
90032
94006
10074
56566
69900
90959
91156
7766
82039
66184
82866
57782
20247
67417
59571
64289
70974
50749
35541
349
10860
72742
80463
62304
46970
25211
54358
42035
12605
21321
62954
76503
85024
47188
8335
59775
94891
10114
62022
73963
86316
80997
52842
63083
16034
18495
50132
10492
80073
42771
24025
67952
94731
27592
92045
78118
68435
54007
95436
65097
15569
31482
10809
72187
95746
29536
66351
78884
50860
57367
86943
94170
26674
40504
19856
32967
54974
92952
76703
2301
2301
57638
16782
34752
76622
620
72721
94908
75751
24917
8703
27949
77377
86050
44523
62919
46333
13536
8374
44896
47354
34359
19842
44818
31218
32896
21958
12609
4249
73658
26464
23968
88315
25780
40508
72159
58723
31971
13658
70191
5718
24096
20249
64383
80167
62853
23631
35778
43343
94234
82906
39129
16835
73822
50379
88406
46993
36172
45298
67225
87534
52330
63919
31207
85298
34411
27351
84379
44331
84079
39747
94013
40605
5369
87419
74683
31497
52279
22705
33756
13059
45753
77525
9752
59951
34509
18610
51299
94236
14080
13428
85235
8439
49581
4253
93174
90524
62712
2021
69309
46017
28427
55294
48598
54063
87978
94261
56916
30318
72539
7542
56641
41550
89179
7538
41153
31026
26902
73603
87967
66857
78996
24563
26923
71073
82825
10686
69420
8180
31550
29022
70437
18281
12605
52882
6295
53079
12385
51495
32075
52145
1967
56464
35757
59246
72917
17043
39254
21295
8543
93129
14500
2398
45980
90262
29242
75250
92963
48167
2743
70669
28219
47456
24734
38607
30150
11625
31085
29531
32198
7265
70805
81088
11740
51037
17989
38288
23991
55430
87847
12892
72366
57900
93364
5816
86957
10976
14412
3152
30141
2763
20323
496
33542
15762
58597
72634
95380
50834
13933
24531
21963
41584
32360
51467
4969
50106
48989
85693
81287
49035
36917
64724
47846
91105
45930
10767
93933
9167
18465
14254
76404
79459
52785
27955
25856
11421
8786
581
8821
67390
7173
20177
80158
92465
34855
29956
83548
67441
4401
55390
85330
83089
15875
84052
24943
18176
56018
85246
54325
9157
1168
9764
21807
13591
75882
47787
22928
336
52993
68836
63727
93276
74212
60320
95510
73624
93370
56307
90785
20157
10303
37386
68774
69758
52814
43059
78482
61125
33880
37308
50903
18991
13364
75436
28980
25974
9863
93244
94776
22675
89468
63841
79484
27489
46255
50993
77263
80623
7955
7923
64951
63922
66466
363
32577
51708
13825
94092
95187
41250
89318
12839
57902
9556
81307
55176
80961
9110
8334
52314
78148
44969
90079
14965
94430
30399
11627
82159
73120
36819
26229
73442
24839
88932
92424
92290
91296
89645
38713
55970
31098
36275
26451
88137
29703
8892
75308
20847
31030
55258
39287
38010
29549
76003
2288
26184
33620
53680
63823
21622
16854
68630
5575
93053
80644
55443
59719
33822
69409
47434
64170
59138
59417
15351
62696
78865
84470
72669
83021
35155
44107
56520
67444
32901
60010
71217
77541
16296
136
5468
36789
18142
28359
93768
8815
82729
37514
37127
17537
79260
41129
56168
56913
29232
77941
52508
94741
60869
70993
41721
8893
83348
12252
70972
72083
10832
88288
17858
47908
75348
51882
2017
12825
62385
62258
68620
21989
70088
490
56760
44686
43993
18791
89009
33583
70429
33329
57134
28900
3464
52901
59020
51133
59098
29442
94853
64895
21151
52449
22984
39758
73599
91887
46485
43467
56113
84471
84411
64000
36668
27627
29124
74321
27116
51997
7494
15597
87905
70547
50620
37985
43707
35204
84629
81569
87634
67053
22455
87829
72554
62797
83157
47760
40475
45781
57850
72803
85309
75580
11090
56606
15325
42040
92486
44382
58173
44602
72411
47017
33055
38376
55013
61006
81486
78538
42389
94202
25726
22058
67389
36264
88140
93946
6784
58934
74202
28585
87545
90137
47269
20447
4452
41128
87809
91397
32667
62838
72184
65564
36041
83823
14735
22942
12258
80906
27940
16502
75173
17080
44090
1155
94761
92984
68609
4805
75424
28486
49655
21372
31488
84607
27198
61029
67264
91665
64013
15293
2979
22044
19792
53467
26021
48658
27813
17470
84614
69851
27469
57192
9495
2530
45115
56320
94594
69947
142
44595
52448
45838
50352
93501
74585
36186
9201
13642
18406
11185
60908
37647
62358
65843
86630
45967
15643
54995
19434
94209
73936
4032
90619
76728
95129
24442
83636
93896
43665
62385
12112
39600
39819
87998
13424
96116
31267
95673
58721
80731
8851
55034
19962
42980
41189
85064
51129
66258
7915
423
81536
42098
7573
61285
65810
30227
78289
23044
39204
16327
11353
34402
40721
9499
68450
41158
59305
49929
62295
15137
24649
44053
54238
84910
28484
17429
50104
60909
73583
49890
39684
39421
95822
77679
93374
26308
87049
38909
76447
56382
75471
86559
61890
24703
28071
94369
82571
10362
75688
82981
55464
64360
70518
6166
89530
91532
49621
51325
26702
77834
22014
3321
15044
44474
74043
29225
59234
47547
8872
71442
23855
81945
55834
72526
61225
9696
75705
75668
73391
37480
76986
29215
52719
77865
81455
75621
73221
24689
87264
86919
78579
38746
8780
16639
72881
84737
22689
45085
6405
17987
13512
81475
22470
52642
46998
79653
59319
84774
73402
8750
22900
50577
41096
32964
33412
53429
87793
58383
78145
55924
91012
13216
38087
7239
20030
16369
69882
2456
13447
44909
52089
87570
56395
65683
33978
30568
16341
70121
33037
34004
74553
91887
32841
13368
34046
94117
34891
947
10831
79621
89529
7399
44799
39237
6997
45865
19563
37015
79434
80573
30990
46995
3286
60842
22595
47668
73948
19356
62800
14802
1801
31831
78992
65830
23647
89587
53760
47427
74010
25906
60485
57057
45586
24811
48554
7485
35295
85874
70354
26832
13414
95535
48637
20637
32324
366
7821
91901
68751
34838
30827
28036
54339
68865
90928
80163
42720
61949
15691
66606
13654
79797
87803
43494
56789
14429
40996
53476
61159
59927
40741
50974
29155
50973
94221
46658
9722
87550
10711
58530
67881
35560
1677
25588
54270
43911
46174
51492
62769
42525
55404
85736
11951
57514
40150
55304
83218
29047
73140
39544
56598
56211
77663
79866
6680
44758
28034
77419
83917
93346
42584
14438
13543
5956
15912
69100
12443
1477
90292
48866
42282
26494
12784
23506
25426
10674
44692
28215
78224
51175
43490
41975
84040
1635
88152
56213
90592
51827
24781
33731
27999
40243
80012
71102
31721
70019
54970
47252
43161
64971
56090
92856
42255
81804
10057
85557
71460
71134
91143
79721
87362
18289
30881
49018
31503
51445
17031
34365
67651
87946
59390
26018
74139
83319
78624
70386
58863
39827
40371
79856
43459
47144
35849
24438
42482
69521
82212
72296
78600
84913
83214
71454
46946
27632
21597
59431
30337
58811
62789
52274
45814
35022
11761
50105
89743
8631
4759
79613
8166
18960
35118
15661
86128
16007
51713
58419
19526
35879
85430
57468
38914
92096
66793
57063
4447
21756
77643
49274
38637
85714
77267
82377
44597
36449
14173
9020
22570
48479
24746
23069
21004
50889
4735
75296
8699
40110
34182
41790
42079
85220
87613
84908
92411
93256
43007
45204
42089
62266
42352
40788
42219
34887
9853
48069
35826
91144
51423
25117
3785
14815
27522
43908
85652
67376
17402
73248
51172
6575
37441
87424
16068
37930
83642
19157
40140
17656
22610
17926
32967
59549
2819
82522
81341
50304
34800
16882
1923
63019
46734
46285
81009
64732
11640
6946
30587
33457
48483
75661
88225
83681
57052
42476
45058
93494
70689
60986
31251
77686
80710
19951
85080
20956
89654
69956
9862
38777
6627
7719
77928
73593
45609
75149
72603
38057
29714
63183
76130
93530
88343
469
77436
13560
90279
7476
79704
94213
3079
1259
74900
23545
16543
52472
55176
18538
30893
90900
58267
86793
74692
31331
60737
92125
96079
60007
71636
18945
63154
48132
45118
17968
83329
78851
92452
38049
5476
14771
35483
85868
6757
77181
68271
41594
43259
95875
18330
15381
36891
13800
17529
70683
42119
73069
2520
7894
41197
37066
26811
53790
76926
56125
59231
29449
80516
8033
7705
85351
32461
6272
46121
93024
68149
63984
2468
23488
51753
1860
79703
42022
72271
40299
58231
90196
5368
75293
43358
74472
30667
71683
11597
76348
92641
29746
79814
52896
5013
82994
59414
31611
1328
76681
39985
78480
26352
15317
24216
91928
65086
68748
19265
40380
19620
80279
44988
66165
28905
63217
84181
61514
39369
40877
96080
80973
95056
74138
56231
89093
14346
52882
3663
37831
29232
70940
63784
84910
21609
58071
6260
52838
32820
8165
74192
49337
60823
8968
43920
45007
37322
45705
78061
95314
83414
51058
81945
85436
45781
12534
21179
70678
12694
59081
41164
50273
91327
10433
72199
13434
55686
8256
14660
61403
71232
73850
19205
59734
225
93591
69970
47734
89795
9795
11197
24301
82047
52475
16582
80500
91736
84654
68062
90772
42230
77493
90635
75016
43442
31662
61242
43451
33313
16416
49763
48722
21273
77961
52133
26134
73485
5398
90418
57116
24718
70576
13293
53895
47505
40420
63685
71480
39712
35405
88792
88160
3317
68047
9628
59820
3519
13544
49017
70206
18901
6981
5289
22956
87979
88028
64613
19712
24123
47158
5307
58331
93109
921
1658
12603
17930
48189
73270
35527
38301
22557
86599
30516
11037
91605
51058
424
28012
60026
67744
68246
62996
73543
50044
34555
55358
51314
31589
77021
73248
89419
66806
5459
49546
65936
89397
47158
2241
57141
60831
33338
19
66743
3674
71079
37812
75061
93527
72177
15236
6676
89650
44926
12634
90794
16949
30950
25541
26257
5697
92807
67938
53265
10405
7248
64920
25280
44685
18984
82022
52943
29878
36484
41916
89104
27887
72655
41631
6753
7744
82234
65143
59281
95316
76595
93769
84776
83370
55986
74708
92508
87447
83799
35800
33837
86623
84620
22385
1379
91666
37340
65400
55871
82029
63462
25829
36739
88658
37638
69990
91652
94069
72894
48777
60229
10882
74494
10601
18154
13482
13061
4588
84304
27652
79096
13891
5914
93391
41272
24630
38604
53739
47573
75350
9396
17513
79025
93757
36608
68496
75224
26067
51913
63614
71211
44060
75656
42913
4669
94915
88426
54053
92746
68410
14874
21853
51595
94440
16693
4097
41702
62404
28180
13206
14337
84478
74454
22649
48121
82053
17709
34340
10002
2671
77495
89794
12994
1533
52996
52948
52596
20708
29382
1626
89941
81679
34375
24612
30525
60517
83308
94201
40419
21225
83640
17135
44207
71386
50367
38325
92833
38004
49834
10558
53417
59370
94867
82178
90986
77185
76068
11118
74955
8292
87238
84545
85314
52943
59180
70899
62893
12578
90443
28012
43694
41736
45971
56076
84421
47315
51295
76207
39778
78046
69751
16565
46950
5607
33180
37766
66083
29157
95152
64748
55431
26572
37927
68817
91685
60775
48797
40365
90740
51843
84467
12466
42877
39983
38328
61868
86507
6524
31124
81995
36044
81569
14254
33574
44293
80593
49601
39472
59204
71172
95248
57079
87319
31120
5228
19660
12180
75665
30723
21163
48898
52498
67473
58070
43319
53829
54644
83960
91575
69062
28693
47250
74272
76397
45405
57742
93048
5340
31818
86414
31459
80760
48066
15460
15306
9724
83866
23337
43242
7564
40094
28313
11557
65112
76670
16558
62121
85643
39956
69619
32962
67967
85665
4611
23188
14107
90425
55167
5251
27112
64516
21104
80771
5185
47001
81341
81006
36761
73448
62615
75047
13023
59234
2043
15727
44063
88348
11926
89310
57203
65484
37922
67958
47781
17897
1566
22211
46890
92153
19893
46488
36131
54472
59893
81725
95112
32352
27756
82057
892
84245
30633
15938
43233
44450
37553
65443
56250
45584
4016
21829
95316
5574
85887
81958
51779
44486
73565
63957
77461
48735
38580
49686
26961
86160
90962
68765
64720
42121
48490
17976
39739
35820
80369
16742
30837
84026
55258
39010
35091
89364
35255
44063
21436
78048
6688
26868
20350
45659
43311
16692
33656
53444
50877
51557
20058
72102
71229
23935
4627
80955
62192
82116
66273
3276
10779
1203
21632
1733
415
8182
89243
54552
39329
13226
40142
50958
75088
42702
58699
68206
15910
15997
78336
20414
49779
38421
75019
13795
8134
34142
10027
47672
27994
79510
59452
66020
68227
82826
64604
82834
77811
6017
74114
47732
68892
64068
90609
67744
42617
82487
42199
89285
6499
71528
67365
4259
1937
54800
72200
82094
85955
15760
36561
6943
64297
28583
2590
45842
10594
87421
32647
19669
73355
2296
55691
86791
5550
59222
78618
17872
28746
64255
17751
15613
24487
53724
1760
93160
45129
17458
61428
89539
36182
27309
25495
64232
68165
24729
77967
17885
33683
40205
2251
25779
89532
10
16216
44867
49220
83463
57252
7152
42030
89036
43932
90679
50697
15229
95733
40394
52078
89395
5783
20289
57300
64953
50531
35001
44747
58335
32718
67201
4583
87175
34033
90875
72815
19643
41726
86866
11647
65718
1213
28715
68521
9183
13362
78737
87543
67044
90896
84885
3331
33263
88767
81326
45555
79056
8458
79484
16542
62682
5862
3702
34326
20868
77419
54992
2598
37929
19624
24623
30619
86689
354
49045
39591
76574
25083
17641
69182
55789
5651
49884
8828
36184
33461
13948
85731
93878
9581
85599
89623
35693
35389
23701
47558
41397
23225
12403
68578
88924
3760
92058
13158
47321
43027
1228
11185
11583
2545
1625
40504
81979
77617
84088
58278
20295
8434
746
67059
19344
61654
35631
88586
75013
12708
55119
89885
37354
87040
36962
46494
17091
53138
62459
54437
63677
78731
27478
34146
46328
24682
22164
63769
6248
32503
47774
78353
51949
50861
66886
72619
7589
70027
70808
24315
78466
66174
81336
24920
3074
84648
41391
24270
76466
4316
49998
1893
35841
5293
83855
43486
80039
24394
40057
69533
75255
68808
58788
34536
25110
75902
32452
24264
64672
16954
44926
23327
70244
82929
20681
80311
45335
50915
68848
42585
63624
88188
58367
2223
6840
46591
91468
87196
79452
20911
21159
1980
14411
56918
58341
62089
86844
56430
95264
65750
12077
81851
27009
81066
34107
6744
70922
51946
78247
76718
41238
32073
45526
807
25071
75036
6463
49037
7272
57228
42693
37361
65489
12541
92333
66081
75976
33667
49439
92665
38341
24473
9311
70723
39919
16097
74195
86158
49588
50307
10007
51954
5382
65348
70152
94062
23243
21310
1459
27008
58842
87033
27395
3392
63536
11015
33837
74775
68525
73787
54227
18861
39190
55733
51059
31709
85060
40648
91542
10873
64322
71678
95580
78131
91210
13466
6209
18245
55371
13523
72937
77322
2072
381
51007
25712
88623
47080
20551
58853
93101
60219
7322
62804
84791
78721
74993
81521
49375
17318
56426
62039
41408
21686
731
63737
58332
57489
6084
62886
41720
62453
26238
36483
13058
91785
64287
56229
83750
57105
90064
30789
34866
65292
38350
38829
49084
7334
52655
21708
56473
89214
60279
51149
24709
25411
43401
22016
66238
33021
75605
94913
24109
39926
3700
45670
22519
18171
43229
91694
10306
9995
93104
25059
80923
71494
17800
2018
1252
94021
12329
51119
79654
91285
14097
6347
15742
9079
32925
64310
28855
66521
54937
13447
88187
73777
81973
9953
78617
33856
9110
78430
78746
82498
54094
84342
6276
64847
86791
71648
41447
26225
39838
76073
94419
56805
85213
79223
26190
37252
49226
14814
29285
3200
91757
13934
29155
6829
90990
73938
61389
32557
746
19061
41096
67346
63888
94655
42766
59016
19581
82769
18000
81507
51401
53074
47863
53196
78406
58357
13683
47421
69660
10407
81993
73277
75659
47870
85167
80108
67374
80486
20923
17802
23025
26194
63125
73116
91511
57261
90991
71713
18614
92707
4010
18885
61188
66316
15189
84132
55663
80359
86833
54617
88473
61442
88222
68468
7353
33538
12464
5743
71543
68974
54359
29713
20165
29334
66035
8978
90813
73463
73565
64836
54226
69148
78386
77512
46015
24515
90016
62832
69498
20947
73565
57958
77555
39414
40843
44434
16571
43844
45620
15535
6078
28201
73192
90511
69236
12007
35174
8736
17456
33001
49046
6963
76841
94064
56077
92250
24340
54806
84614
59813
64836
75416
73744
30392
91602
44634
93131
77540
17366
6534
69539
62986
74801
9735
88345
82197
20170
16409
48682
61914
87889
94949
11800
45861
68045
15057
24416
9285
56103
70312
33174
88380
11330
16094
55681
6897
9128
61413
59706
78259
30458
42611
15147
52420
32796
91777
22528
661
3077
50984
50553
9113
15465
32267
60781
32599
863
38795
86657
74692
3526
54776
27461
60528
95265
59033
48515
19582
89311
73030
7891
21078
52484
24041
49814
92490
10766
9412
756
82652
85979
85371
68587
33927
15786
46809
56220
19013
28586
66198
3630
95153
44696
79965
23079
67451
94992
4532
35897
5306
69016
3464
86421
80855
73020
7759
10442
19670
7783
69395
94084
67991
34347
51140
37472
67038
35029
53104
66130
20271
1962
47049
70132
2718
78931
52883
14301
80233
60963
44384
88408
7423
30392
33912
57769
78855
43134
26802
52119
671
79748
82748
69968
84837
48143
77391
54470
8425
84434
8118
80201
49926
59833
73125
68266
62102
80331
32282
35318
34780
2904
82040
9118
10918
20565
59430
77380
95190
57387
83594
3203
20069
42978
74116
55089
6633
69720
34731
13643
92625
11871
20733
26675
69698
24971
72252
46631
14942
23473
11401
89139
40888
94242
15305
88430
37942
62980
76428
30620
93539
8167
20126
35516
34328
84812
74024
77004
91609
48691
93590
32758
87854
51695
85254
73077
7326
81585
70204
41778
65255
12616
90893
2570
5361
66859
3536
61089
13406
87860
76222
42797
57865
85625
47691
87062
8630
53723
17237
56846
51595
19290
73707
16147
34060
20873
65697
10918
74925
62474
91596
15592
40726
33099
54422
42612
63499
70982
89048
9979
24785
2971
91236
77153
57527
81237
28449
62021
62778
27126
45365
38378
4449
68981
59060
44236
120
15857
65081
82889
46896
78793
21241
22807
45178
34766
67437
89440
39152
3204
52238
68910
95059
34660
78360
21994
59013
89370
50375
22642
84396
40828
83191
4897
9207
52292
58932
84552
13040
26031
86644
65899
87191
37232
15069
67864
74761
12110
53654
86654
5356
92981
31169
1664
11627
2830
56298
54101
79251
14272
51578
51233
36053
31696
52486
62807
37488
40798
42934
71566
45504
5827
31435
6591
47522
21350
85755
79109
17900
59015
4478
25837
86534
30870
80188
93168
80035
5075
59391
6532
27172
5797
85202
51458
32509
73653
8871
21899
15731
9009
79773
15098
10638
75205
94020
11075
88639
17599
21317
51350
1193
73215
26254
64836
89732
48121
44137
51754
25598
877
45530
48737
48166
83070
67005
60284
53038
13001
67026
1067
38717
37840
66793
25501
12793
36773
84102
67470
91186
44987
77883
48961
34632
22569
70566
63571
93544
51006
67243
38168
52885
23952
78640
16770
89756
68775
10310
69768
41279
10576
47404
65734
69890
13921
11353
6298
62725
89644
27468
45357
53331
89814
45955
70795
48358
69197
7574
55377
5866
59391
84240
63810
73674
90370
22080
54951
49286
28145
65440
52179
66285
65098
34381
95326
30271
76829
83071
80557
67746
40388
54152
55883
10904
34340
45517
57837
33160
35854
19430
73503
86208
18358
91971
76739
69880
54641
74444
22560
53064
42524
78919
35604
63884
79370
21783
25140
57463
5495
18295
48146
12413
85332
67135
33050
55114
82386
38671
61438
37750
52977
58307
43758
73541
93786
43207
60337
60913
43764
21246
55590
14647
33543
39440
67508
49986
45553
60586
61948
86179
80443
35728
24219
18445
53390
90513
73449
85899
818
23719
8475
89710
95862
20472
86313
7412
91721
25091
1491
59551
95022
57713
77112
51608
47931
52620
64536
55929
24512
90798
71768
39453
58075
55341
26513
2619
93984
49412
82336
4425
85773
16474
3583
91723
18062
26900
92031
13650
28766
25530
53711
44312
77271
65745
49712
16018
83798
23661
10999
84382
69562
94298
3879
87653
14674
35555
73147
71269
12168
65509
41131
15086
63253
44376
86563
80398
39486
76580
10688
62883
51602
1771
32097
60897
15823
47618
806
26323
2789
41609
94110
95494
21018
89842
25921
27708
49729
28073
23987
13731
11703
69301
96001
55865
90181
3436
2252
49280
68340
90211
49143
21961
58665
19731
34073
78864
2308
79891
55422
72420
95566
25048
43083
27520
13175
6292
44837
81158
33192
12105
29536
88029
56002
1488
32392
42266
48729
13384
82757
18439
22258
18830
82730
66496
4406
40574
2265
25343
63454
88511
82613
18252
36518
79838
33723
35890
40677
7399
15186
84215
22480
5931
94509
38181
34229
88193
74559
24172
81742
94741
94457
18788
24089
86150
82715
37499
89716
95252
83317
4335
51432
46422
87397
63793
21038
71808
75171
56199
10937
46551
63823
34116
84757
76799
25196
95244
83020
85924
68960
7441
3030
57792
50352
49400
50551
74804
42184
30198
37569
90821
64349
90154
81837
29715
29469
63473
61109
20617
90003
71031
34870
63096
90759
25832
71016
48784
90641
56366
21673
4005
64580
28198
77957
78589
30597
52226
24273
5171
31699
9535
39212
54480
37395
1658
51745
4444
50272
85861
73028
38580
68448
93450
70787
15368
63953
82676
2768
51552
56520
94791
53982
56753
10779
30289
5307
85372
62881
23949
38109
85619
55123
4942
43417
38526
5773
88007
62000
58140
23794
50155
84235
85581
64855
15856
50083
38730
39313
77483
47532
82359
18838
19610
48766
44540
68027
59269
64284
20653
94525
38190
65619
84297
71631
8839
47428
50788
74928
19330
21046
23927
26713
60022
95580
30176
16671
18240
67940
45428
18210
6273
54005
71731
14743
93823
31246
1313
17602
7275
206
4702
18966
22941
93047
95035
19337
57347
10458
51815
93175
987
40467
18877
87084
34120
18346
11428
32455
31370
54059
91911
53831
88375
90428
22628
77662
69591
4452
48216
65160
16723
84313
57044
52809
87339
72494
30101
61139
45062
37265
23014
76659
35501
33132
19201
26840
14590
82559
37494
38903
45954
88966
24249
4080
82826
46046
49553
57672
17301
93292
64968
85554
64746
67202
41613
79784
72437
50961
1350
416
2942
56739
78346
65017
15377
92034
86833
38940
92471
86977
86472
55342
24159
47594
20676
44030
54852
71917
90101
9228
72948
75095
90812
90785
70153
10461
59971
17166
56971
17202
5995
62397
7358
71896
39267
28300
73303
84911
88289
36890
78649
28998
5544
45863
41672
56514
61307
51863
77274
10555
27339
45255
88668
81787
18753
94188
82618
6845
79495
81192
25274
89296
66345
48252
4242
49725
9730
93145
8500
29423
35277
20006
96015
40145
1966
29103
56760
72259
60919
59558
6114
62100
62133
52598
69457
64040
55844
50788
51245
20877
92399
10801
61738
28497
22040
50419
59550
44413
36566
4054
63966
11137
6356
77461
11262
41170
55377
58760
77685
8438
41287
65834
12696
41883
58537
57893
52181
91446
59937
40853
78784
25361
51786
72049
67927
80047
4115
31221
40103
70931
43538
78661
67081
59542
32137
89379
41119
40351
35136
85575
45571
18141
7139
65138
34028
87460
3360
23943
37421
39039
9900
34040
16436
35470
57839
95506
64271
32778
40819
60853
77053
37879
72607
36006
11356
77951
74626
4553
40176
82835
32465
75433
77631
84103
5657
93421
39944
71887
39515
48976
52222
12828
32186
68197
78664
52127
81836
61412
78855
29589
24236
71214
24570
21991
24844
42631
92826
67884
67688
30891
79308
60530
30380
69662
56737
50454
29673
33795
42763
46061
13185
40781
71927
35778
39643
59708
59987
78708
93476
30770
90692
59394
62172
72022
82
78328
79263
10838
18363
27846
35324
60608
74261
53102
57990
89172
64643
91640
46494
90155
49973
4680
64362
54569
92172
31759
10587
21234
18114
34791
92374
2487
56101
29852
77839
10986
47642
70351
73085
87517
66129
75289
43785
16640
58796
91220
40294
69824
13943
22448
51458
37127
41315
86660
36485
48039
12348
77354
80347
39687
13573
56117
77752
8889
8183
31759
71618
51380
47525
45362
4895
20992
37957
6607
93485
82491
37708
92043
57974
66020
45147
93185
84994
71382
491
26021
35243
1443
7415
63825
21174
75990
82113
11480
53320
88743
90314
93994
11498
52922
76253
20057
1099
90569
25636
35947
79442
8234
91244
94772
81809
66468
5619
27457
32400
49220
44197
28657
83362
30761
9897
779
5169
31355
87831
89472
51517
85362
53731
67034
81264
28348
81738
1399
35688
5762
69640
8021
90705
90933
9907
3797
7487
92997
32250
55674
85151
74810
37468
5480
16783
73698
48752
18088
16736
66207
56264
25367
81682
66852
12879
73852
25361
7892
9767
92849
51343
20371
81747
18234
58152
32779
27696
60256
89103
87877
24534
92638
47549
83695
81187
8502
37960
40
62988
33897
67458
14562
5524
31324
53204
34325
76081
21660
24681
95494
55890
46760
32094
20002
48691
71748
34027
2051
88949
28916
54232
25323
36730
31515
17361
22747
15757
67390
15696
37300
22684
9075
74873
28416
93064
92393
82810
57857
7225
20421
12511
40137
52570
24480
63587
51056
61405
5483
65439
4004
69784
88032
83288
2469
61042
90982
71115
84536
90618
73936
71885
52456
56396
76447
36287
10231
22063
23712
8488
67016
49892
17073
40215
82947
20237
50980
9268
9324
29645
5881
37800
40252
86270
73597
42871
63254
63096
67352
10410
31113
67396
12296
60701
76824
16212
77772
54821
38137
34414
89394
36328
64145
40207
58156
90662
51519
56465
81769
44042
50978
22071
14158
86044
83266
85261
92211
13625
86435
90736
56786
22981
62808
91909
70878
28722
68556
74701
63789
2486
67477
90055
91251
65497
39892
51118
62822
70330
1714
61335
18607
28758
61367
18959
68163
61600
77689
18457
39575
10867
94255
47392
21429
88050
35666
15324
37817
6702
30782
33452
11885
79200
29352
87404
1227
65430
46196
17548
12107
27388
87204
84965
4205
34025
61270
19396
85327
61972
20556
78708
13836
10223
30438
49727
33514
4244
47229
76018
31540
54774
62682
52691
92705
69626
2679
69329
22969
66638
66540
55240
94469
78220
53494
11086
59891
53037
3983
70372
37412
74320
43264
23932
30489
86456
40764
30197
7082
49682
80697
83922
45380
12556
23347
13088
27227
12103
88370
7893
44784
68394
16130
21331
1319
33097
66735
71846
23015
77046
19199
88246
13728
60807
5623
18881
75445
14028
34451
79975
39054
56613
45926
24331
16903
73019
21257
89875
64481
83854
92040
9004
76517
63254
20359
34113
27303
49595
12299
57524
5533
73304
1209
79225
65136
53045
9639
60125
8649
65805
32581
8366
92589
41456
16299
68609
26546
21039
85899
21147
86278
27371
6669
13555
89479
62848
89650
76092
19862
42965
92841
35432
46042
41542
83763
43938
6798
36756
49835
89101
16283
46268
73148
9041
9430
71785
84679
94935
90847
59271
18238
76503
76690
24765
67510
30519
90913
39189
83478
6761
5914
18444
62531
5398
32699
43994
63170
12383
86302
103
35957
32245
95330
11229
85051
45221
77216
40136
87711
2855
65967
40722
19214
53138
80757
24731
40740
31494
9598
852
50581
12497
34435
91534
47593
45063
70079
44844
70661
58266
65461
54491
64593
2644
65373
42804
38389
48384
31319
33931
29877
75095
40374
85918
79639
26109
92037
65133
67546
63221
17202
62770
10265
74492
41075
69460
87886
88670
61425
66792
39464
53894
74940
81522
47458
35343
19664
10020
86064
34537
91855
39702
5465
46374
8235
1103
41943
5351
82610
95930
10990
5875
59487
11578
73165
7528
27584
31324
13233
74415
74655
49240
77044
93171
45382
92032
14985
67733
37618
28897
93402
60430
3711
26280
77420
76431
94772
80340
73615
60425
90760
91480
27428
14019
22597
48528
68223
65430
35940
11731
61554
28033
44191
86322
6804
6660
78374
79113
43321
33257
94642
51305
84172
17982
43713
13670
29213
24831
23314
86349
84587
41002
10745
64573
59584
27749
30819
57563
6687
41308
68085
57343
44437
77392
22468
46570
1455
19148
95278
49683
70853
48078
17859
91813
12233
84860
8765
12488
10505
10491
42368
64220
33458
92496
32755
59442
84170
79809
26026
91150
53862
86815
32054
10236
75636
75128
39125
95728
8082
72235
29481
93422
88511
2026
17698
73825
23459
44340
17222
33845
36149
40641
76913
19300
54052
43429
12959
73968
69675
79548
46745
78620
4429
81276
32106
20537
71035
90920
81410
58457
13605
49466
91282
58356
1189
77765
34726
16482
39041
23547
68015
31296
25610
43056
8982
49421
91212
50313
30016
9218
40911
46936
55237
36576
6525
57483
41961
19734
93393
46811
90326
38636
65938
82044
44870
81602
70854
91240
42194
72559
65336
89296
51031
253
49393
74974
3562
86352
87853
58007
2668
46372
66041
60752
50167
41655
22725
11159
93350
2021
24307
95696
85274
33845
59962
29473
87596
93145
48104
40725
18839
40604
14583
16760
59050
86359
56253
65713
67750
37378
12094
52031
82268
49977
38918
40356
81600
10055
35958
30061
33364
48253
53417
28863
3215
83381
94091
56217
31998
62352
14313
37907
17377
9210
21718
66271
70833
61612
76313
93394
25063
56021
72353
34633
34341
63520
89912
79713
54609
62407
80689
19441
72175
73421
522
77973
58324
36137
58536
16126
78150
12080
681
18048
17482
36869
73287
29337
71575
62275
61146
39133
21478
41427
62120
44129
78950
41608
89229
61696
17078
69382
46731
33248
28628
8397
32670
45913
67033
52952
85200
88269
46100
42207
44749
45898
32456
39357
77130
66824
53213
25805
21664
32529
35458
19422
34132
60470
31657
29212
9357
9498
18639
89742
15690
39936
10415
28606
12137
87391
40340
16129
28143
75829
2034
41674
18051
24068
73708
83421
46429
82609
66917
31636
46060
56444
83386
29491
2729
80344
70864
71560
78730
12375
56143
3608
23479
86800
71653
32931
41534
70499
64232
85678
13729
45375
87734
39202
80507
47501
42146
44071
67772
25607
58212
24756
53178
24706
24249
35085
14602
18690
56036
92923
20622
47472
48497
75029
15337
17826
1214
86308
69637
83682
78489
90888
92181
45076
65194
19516
86332
53368
20227
32250
30297
42292
25782
32315
21235
34647
51471
47629
5427
6384
8005
12672
35834
12967
10129
13202
79872
802
54728
77089
23158
9490
75282
84128
34321
37983
35789
42831
84792
31961
66308
90837
67461
61939
71924
23734
14045
10850
640
27212
44053
84600
65450
69960
31743
52121
88602
87709
9755
65480
30173
48587
14104
52242
39466
15218
46098
64355
21698
92818
27738
43118
45085
927
5191
40676
82722
90333
3224
85687
20742
88212
15560
70236
94244
7750
30382
33803
66952
36663
18257
6082
5959
3449
45853
26474
60301
15845
9530
76487
31354
4608
52991
40578
37950
86413
9075
92279
9582
60052
7232
3042
11508
53325
52098
2053
43927
75145
9706
27541
56284
26869
88499
25384
11435
23848
58743
13456
59382
91598
45115
37710
70338
30023
8992
58551
27971
50818
84192
63038
83164
75137
29259
21718
39436
85758
77164
39290
18112
33398
77468
67153
55672
25020
25367
45741
21566
16284
69286
8809
72423
74204
59494
17156
74019
60173
17535
85824
9949
51416
12291
20309
8416
65241
31732
60490
17750
20347
73994
11371
47461
67847
61003
3978
9080
68854
11272
4157
8350
76889
25484
51363
69159
30086
83147
11839
75197
91434
70086
70836
16348
89611
26093
31191
51539
41502
18946
27793
36473
39516
58566
95062
26426
52665
89515
83042
5876
51308
14665
27054
91166
32299
16382
24191
86657
48153
28495
38124
50715
59699
20820
37157
47321
45737
27064
7393
33012
24541
29857
87053
81412
68115
39274
47313
82732
21674
70906
16455
76695
61356
42924
54386
20813
10466
84663
64143
51404
56171
45908
8262
88926
14223
28015
60290
62802
42457
21887
360
86760
74413
50239
48383
31160
81162
64559
48898
63425
50617
80465
68823
7675
22105
2319
72364
45770
2227
71114
89988
67149
23604
18122
42490
78916
4218
65138
14528
55241
20754
70712
32891
64654
1802
75753
584
83205
59127
4129
91032
70529
33189
45590
17110
7805
77887
88044
58421
40773
65845
81445
90406
2822
79396
8987
42310
1123
38495
86853
82208
43084
31057
81356
48559
31627
37216
44394
12797
8479
9649
18946
84269
92867
38610
10934
52959
66837
81760
41636
68665
64015
69182
81543
34032
54330
23562
80651
4910
42765
38055
61341
56199
26509
4548
15788
67035
12465
37977
76032
53852
83217
67662
14005
50977
65440
43909
93196
79628
9346
49371
32098
72987
32368
4432
92909
68951
4997
23227
6022
67327
23115
65776
13094
78890
45135
49963
39960
75705
65468
13951
53511
38540
4538
69237
59392
79741
70919
22021
62067
74678
9328
93954
54970
55418
19301
63855
61660
80300
7475
94463
64456
60443
42747
67373
64977
75046
57796
79765
81267
27744
27942
91568
92422
67804
87962
38297
78536
71963
87878
6053
21742
11478
47640
62123
73849
57055
58150
74249
2749
49984
26877
1779
23251
52271
63757
62860
62302
4970
52942
63111
58279
10733
16778
27166
84789
80624
50286
89354
60359
12790
51700
25887
66802
44430
18607
9318
54358
74269
24192
60353
15381
28562
60263
56415
93068
74594
51375
33514
25090
31277
35680
70267
14547
42863
37989
90652
21824
68138
14429
60757
83013
25911
59887
15086
39237
45837
54162
23660
5683
21229
10018
24182
67066
74523
48426
12165
75887
62858
16141
4992
74862
53414
59244
39406
41882
48428
38406
31482
95557
55126
43803
44459
5854
14112
14084
36801
19001
12738
68984
75395
3116
39217
7935
13665
93150
81943
66873
26338
3882
91558
30942
54465
25197
52340
60727
9395
74766
93277
37933
1668
62159
9091
5450
3883
81808
44933
29745
37594
6622
50854
62282
264
28889
13232
77439
41824
65076
797
10104
76234
87520
41864
88231
64950
18824
70710
75307
68095
45757
31305
26348
53131
86335
62743
26657
75872
65152
4447
83205
40012
19342
71893
1311
12002
57396
23840
66170
21716
60415
29306
42196
19359
59719
62612
4454
92003
76759
532
44922
94209
79106
71759
11989
69226
93388
87252
44739
53722
39549
93638
83694
18431
33022
88241
68896
48086
14073
70028
48795
4340
37838
68904
73384
56437
77987
22152
9998
76039
43357
31223
52797
82825
31110
44253
61519
75844
6603
42147
70874
28059
28494
41669
10973
71390
36416
31245
87515
34997
90659
78682
33717
71329
23565
55903
18043
13680
63289
30751
24570
85459
42682
28743
31348
78342
32849
94643
11156
34710
2926
95383
80134
81427
39965
30403
30873
65144
68421
10555
38909
72026
87833
87368
94004
43802
74583
59073
58826
10972
6222
75256
88439
96033
14681
58024
37603
6177
75246
81822
39033
47982
51589
96087
23002
92344
11604
60453
86769
52134
27696
42077
51632
74731
3467
88887
45578
54882
46150
31591
52152
56955
93592
10739
91872
50929
93228
15183
26007
62562
49739
56266
50843
81500
62735
29838
1571
44762
70433
4070
6630
69525
77775
94785
63574
63310
15386
7156
78323
37744
86165
26720
47072
31193
30437
75282
62914
36414
78910
67657
44205
54533
44562
47382
19705
73614
90720
72375
79324
11393
78090
88578
52056
4591
57845
15791
74670
38324
93375
36803
53978
92844
51793
81945
64199
77923
33139
7201
68962
47045
2563
95712
55066
83387
70278
7377
71421
18038
49930
70689
50118
50753
94070
41363
30839
2841
94945
69762
59458
68012
58171
72280
43293
11984
35397
92807
54897
77163
47105
13601
5784
6137
64488
49297
31024
11364
23360
60126
3122
67929
38745
54715
34822
20021
8631
65243
91777
36230
44766
38528
68627
32695
56659
27128
67110
7865
79042
61274
89844
46439
83148
77611
660
90062
72177
11303
35724
36459
84467
11927
73303
11135
39541
53603
41972
36777
88921
79653
54212
19844
96105
86497
72706
37008
62808
67109
22329
96064
15750
32327
41342
41339
15647
18763
15591
51921
54277
60517
714
80231
59165
961
27235
16153
92699
53754
21749
46836
34644
54711
37740
82864
89684
29426
83133
65728
92462
8273
12739
61002
76679
81725
26838
7226
78960
55416
60070
48623
20585
4026
54422
80500
37516
22602
47195
89322
78849
82330
66316
25123
72351
10764
54759
2176
71286
57580
62462
10583
80727
78304
80951
17390
39013
93774
66247
50547
50005
96000
33677
58661
81750
55041
85026
53528
94194
61046
63193
30325
11084
59619
13474
61395
38785
16907
40766
26913
71398
85979
93524
8779
24970
6320
75369
88770
35028
35547
8286
43815
73594
63824
33918
41390
18557
29610
57667
1821
92237
27610
27568
88412
50474
62235
22694
85541
17924
6488
93159
29599
38580
47223
27780
66000
27686
33018
92146
85452
85535
15221
3469
24040
17447
80348
14605
75066
58281
83683
2650
67778
26308
31068
19858
65204
60693
47051
4565
8843
4408
79773
18193
11750
72244
78412
94302
86434
36041
28482
58409
61664
4488
76087
58835
28153
56739
54265
88610
21200
18425
95419
12810
69495
66540
57659
60863
69307
53527
70780
81491
60996
30963
1500
39398
27282
85
52480
22913
78149
16122
60141
41695
69744
12042
89101
23599
21362
90855
14632
87510
73465
84492
3877
68036
3273
26444
62759
87562
3215
29312
83596
69411
5832
90546
35478
51512
68745
77495
3890
25178
26294
48775
59685
23344
27627
76103
3735
69098
30578
88975
92932
36826
79560
60871
50393
67550
36386
52764
11411
5949
17961
81113
32713
4786
33837
65707
11703
38538
1238
16678
80429
7463
61617
24920
36171
7391
41944
32805
59155
23802
47508
45476
77774
42872
63967
34384
9226
7987
93637
92916
25339
58846
19581
8993
95844
25661
75467
83165
6618
24401
26299
24383
63985
72906
50340
20990
45230
41656
80212
57674
28245
16623
85593
35348
39106
38831
49307
27768
66631
10721
16243
87446
86074
40504
57126
37578
63486
86172
23165
29025
26021
65414
47202
72166
33669
43928
30143
53881
31303
53638
87835
68291
66211
62815
45775
35655
49010
19567
72541
41608
83025
18311
78253
60957
35668
13793
57804
74425
48692
18056
7992
63755
79660
35119
41554
43555
72062
32010
1162
59613
44749
29669
73771
81222
11641
40404
3761
68617
1882
47174
49469
95980
28971
29114
82317
4990
1008
90752
66022
80653
50452
58407
22324
56852
83078
32418
57663
91312
67175
89945
75812
42866
81555
61152
52529
59687
64301
92428
60089
16834
39512
5026
42622
24287
27543
35793
80568
9936
83051
38553
8562
88632
60421
25873
22703
82739
56477
37934
15634
88185
21714
43270
41287
67267
58424
38410
57462
11985
21001
12341
30755
33470
12637
35441
3434
78781
31520
2051
67681
45352
88360
78623
61821
66726
11416
64633
37909
35605
41165
19430
28921
65455
7035
90070
61705
53986
75505
50248
28552
3931
23532
15994
12490
63096
51298
26069
15474
20344
3980
35230
61815
16934
57064
53007
25734
38975
86724
45445
92950
82210
63460
58207
58183
12714
34779
73576
44901
21335
83329
94510
17498
7201
59225
62710
11094
34443
56133
79552
29073
45851
80884
80582
78428
13520
21659
15594
30072
16697
7463
62201
7718
70240
58444
3477
57217
64440
53725
96036
26402
55801
36214
38683
6321
71379
46973
33502
45350
78348
56121
51811
52405
19355
20610
13054
16415
75977
7454
73407
81740
9246
87559
91279
93640
86602
304
93128
7994
2689
12394
80366
43642
56486
64045
32059
41256
4732
31786
70460
72472
20759
85601
35081
74416
64206
11250
67092
35162
78153
90210
72433
29531
68651
27199
12049
79898
71498
87377
7120
83962
76422
21761
89896
37568
18122
14773
15090
43655
26265
46210
56322
92219
75521
4499
7280
7805
47533
85542
70146
73919
81911
45643
56106
40524
38124
49097
83151
40725
59729
43094
53598
14085
94327
40190
65426
86416
5258
59900
56678
46208
85381
82425
72044
31781
90199
84726
21173
43502
90391
76488
18018
59678
95836
43831
19918
51232
35322
91362
35734
8930
16325
47876
25348
85301
24528
22385
51310
33614
47128
33996
33907
75288
10325
55262
78331
66004
31886
86599
80712
5980
89003
75152
71328
5940
45756
73968
91190
41102
56314
60501
17043
49312
5530
60728
63224
95208
10543
95732
44889
57880
40984
42584
11795
90694
38913
43941
52242
79014
57132
61328
39865
17882
92301
228
76821
2599
33619
48766
16670
94799
82827
55493
30345
48471
8155
45860
12574
14093
17725
81161
27268
91070
87617
48446
641
52207
93163
43977
62756
65964
9395
77291
20827
73095
77446
64236
355
79376
88572
57874
69080
7989
7958
14526
80719
73801
32680
35440
38530
30819
54224
62602
58029
50626
81767
43691
92143
27461
31540
71238
11693
39645
29331
74097
44908
1317
9350
94872
14060
68086
90032
94599
72413
74091
75112
93565
18621
83791
12611
15729
67348
91059
3512
95084
91797
77279
65771
49085
80326
63820
25304
44857
53769
64872
51273
39145
82467
2860
56631
26428
81448
66834
44439
11917
48790
18324
51644
26137
44942
42348
77296
69953
27427
83537
61072
60610
86315
51211
46746
37793
31311
24643
50785
11271
67984
90092
23739
43890
67257
93080
19273
90141
23114
93369
41963
14635
76469
57338
87838
54512
57543
40357
77200
78630
67433
945
77346
1878
78032
68700
41211
37871
55841
60298
56250
41811
64639
1028
68254
36305
24862
9459
50842
21371
82447
92740
34310
68112
76754
15876
60707
63847
67120
76385
48525
56729
40367
35380
49864
43438
5835
43987
6769
37505
66115
4772
47781
63168
53084
57437
24970
23109
78957
33745
52418
94266
29342
95307
72759
80881
54502
21132
34380
81261
74402
36712
63905
66817
84211
36338
95670
85876
21874
44449
25241
50867
40201
24107
82229
31773
46348
24718
45495
44896
22694
58748
47244
18610
6008
92604
4117
22066
29798
11556
37382
77459
27697
3822
12903
81467
24037
71637
56539
32346
12758
21203
34411
27842
71423
51205
2258
93027
8310
71684
12001
63054
62971
19392
89281
44700
31377
89786
92030
78645
42975
2818
29544
82287
71932
34073
80656
55057
72103
77722
89359
83401
42799
60820
25136
29797
41009
35568
85120
1775
28987
80805
41325
52843
89109
35058
81337
31476
69326
51225
39468
82412
37124
43054
3843
85443
8292
54566
13335
27722
4025
41932
81888
39209
54072
32638
9410
38260
65679
94480
27801
6683
6341
13909
73997
86478
69712
787
44382
5423
77684
78279
34820
50767
60032
81289
26745
66336
91294
4709
40587
39017
93074
25959
537
84403
57318
8500
53004
27352
75234
90533
44460
82402
85315
37321
95286
70153
72365
57301
49849
9394
27376
83120
57066
70968
78829
13846
16526
80969
60090
39501
70427
15405
43911
23715
63003
21049
89503
5961
83774
90143
70756
63785
2675
23452
57872
30089
40915
87958
73159
17032
5466
77109
76524
89804
40185
16942
29089
36581
42909
29717
2245
13455
35975
87316
70379
50483
51160
85017
68524
41505
17886
87761
36928
65657
5618
5503
20025
54379
78752
35308
62532
67741
78098
77915
27707
59549
89096
21465
10302
14470
16937
18219
92763
86967
71929
70552
32015
65839
40249
32822
58074
84325
64978
71959
25726
14666
91025
86156
22352
35649
85799
26257
22369
15685
47307
14456
72358
91195
70
32073
58595
93534
3454
74070
15354
90296
37136
81568
22710
74608
50069
17998
46930
53463
50411
89334
73564
21248
78865
74599
40926
33986
45755
11254
22295
90422
93452
82839
35853
16146
20640
70235
26907
33145
46197
2387
5261
60921
54743
43693
53760
8789
90633
7143
20397
38792
60362
88761
54511
5613
72234
83305
17739
47615
6724
14302
83640
43323
38033
62813
7603
10997
307
62466
77235
8326
44085
64738
22639
24413
34820
55091
7145
11259
7295
26321
88746
9341
28325
9926
73901
39298
62167
65660
28601
79674
31973
21544
90408
78166
70213
2575
15850
41576
51521
24278
69108
66585
60677
42897
59389
41506
867
18645
93592
83227
33458
82485
44807
9204
22512
4321
64202
9488
45121
59285
5136
59767
28247
38254
88314
49192
27391
32672
9294
44481
95603
56809
54514
73280
62500
29297
55517
59475
95795
85544
46606
46319
19886
34730
87991
19814
31673
77124
85677
18242
88378
60744
26523
42720
85391
50506
17659
63215
29560
50225
73025
41898
44618
2618
84612
28143
69982
41431
47572
84150
90271
17648
4171
40457
39913
14260
74366
73118
47770
20053
78833
67529
45613
92982
92258
67462
64829
38641
70942
32621
21493
47027
18627
27335
94433
95976
65001
39451
16146
16786
15028
15121
58568
51183
25446
64877
65872
69082
8903
30590
50785
17576
81843
58274
40681
54216
75596
25451
23897
75287
85015
39704
35796
32528
43558
13343
58472
31871
46434
11176
81785
56642
81642
83662
32692
39791
70013
89624
14394
29066
73499
45029
86632
32399
62756
32383
64694
60079
40238
45588
34064
79678
80569
76332
36166
40536
14366
43164
52097
34677
5697
81291
37965
12467
83243
84454
15774
28821
55349
70192
39640
34124
14421
38370
93113
69576
96050
15039
9998
42914
68809
65330
68541
62554
90376
67612
60173
2104
68893
7314
21883
66232
26979
15260
68399
90844
66996
51987
29625
78264
52894
8831
9797
22893
83303
72778
20080
44408
4393
21655
5600
74656
95662
17559
37987
22742
6801
24865
21953
58843
10344
39636
62959
86306
48730
72157
2930
45724
73550
79408
34469
35164
55580
3962
85568
71901
37833
12243
49873
90650
86276
14565
79438
26150
80403
77138
31397
84395
63829
9421
6098
65061
51852
10806
49495
54050
24869
42507
6816
32939
72014
28047
14205
58027
16001
87211
29810
14525
37523
76729
87287
42662
15161
55387
72417
31804
32006
91497
47929
47250
79789
14940
6456
68148
4756
70992
31816
23495
5136
29228
67964
62642
2866
54905
12329
25125
6754
23247
52877
82514
50615
60787
20316
74841
51250
95137
2347
610
1997
26841
13925
3941
3667
13565
4321
39792
75790
70105
34591
42488
79688
75648
27700
32592
77402
45128
88999
35722
48560
20138
60523
86089
15788
50354
55657
43756
48400
35482
55952
30324
66638
85794
88987
27019
34090
50003
12890
40301
58276
71209
63046
7771
12416
26196
67338
64
4217
65589
44881
34997
60172
52669
91107
68580
83267
59914
69667
18403
69442
15370
77440
10390
77818
29013
78840
12922
55856
90273
83743
39377
20649
6505
34381
59684
73445
1923
92244
73560
18567
79765
75732
94082
91621
89251
31660
62298
78544
24359
42984
16718
78979
68798
55415
87823
68145
46535
48145
59004
47787
55298
16086
21485
5386
93460
87707
92632
67930
67116
671
77918
11190
31342
39056
83331
14072
93273
79509
3585
12838
56841
16835
47468
9184
22496
29899
15311
21143
30101
78710
52640
93447
66856
71866
66083
80483
61073
95031
1752
70709
31153
60177
93841
66180
70656
89450
73370
66666
75409
56878
71623
1031
36501
50202
19232
74844
42673
8190
82923
57573
46249
40176
3438
93073
42362
61802
54301
36425
74000
90082
42248
90637
24162
70820
46437
45426
22154
49164
14312
88728
82538
25619
42820
25805
73672
41110
90542
37744
55739
38249
7067
68949
48356
88495
72023
39398
70700
18727
21334
30580
64048
95002
25586
37032
40207
48752
42107
27665
87897
62499
85651
19813
959
64135
613
54070
29536
77813
36973
74058
69351
26657
75707
59071
26373
87704
28594
27062
37553
22228
42176
35902
64562
12249
53507
27481
72321
345
71044
29440
23090
85117
29622
4841
33135
45176
29231
65267
62538
49718
73806
78881
80082
76921
42670
83406
30001
71375
21280
87768
4318
95790
69437
84138
59632
8149
36342
46445
47731
11706
41474
12223
4953
48964
10986
67008
71638
69971
5172
35992
55765
84496
66629
4038
19586
90398
80812
43181
59554
69302
77577
25665
31540
80167
66750
90316
59869
46416
8669
10507
56865
78738
10804
63158
62468
37473
34392
93979
78264
13866
93109
61
73912
30121
21316
62781
1096
43285
35040
9494
82696
79317
5266
4505
33972
52499
94006
33331
54279
49970
54610
38042
40481
29050
41155
64417
84286
88095
8162
66649
31863
12942
38503
39415
6234
10035
375
15257
94774
30222
37418
26964
19728
6768
9428
87833
75827
23648
903
4008
34382
67353
45
60699
27462
93355
67829
45334
38632
48495
79212
89062
59067
31160
66473
61908
22387
21785
77338
53759
38011
62253
46319
35463
21797
94821
18707
81668
35161
21439
20593
76520
15729
89976
76
54087
91795
90710
67277
3727
77178
11605
42497
90236
18758
25950
79536
3079
95414
15537
76396
61075
32133
19368
56069
92149
34311
26000
95009
59761
56541
94871
8364
8245
14999
5137
57464
85694
71106
63289
91262
41563
43502
80344
34448
24470
48598
45261
30986
74938
20225
69866
72580
66282
76591
35225
2653
91985
63085
37513
65452
83893
45486
60660
67939
15403
57233
31786
76288
91411
80624
31061
16432
21077
72073
19850
7488
27910
74909
8031
73486
88716
17712
21420
23356
95022
21134
51911
92859
31723
47336
19340
56997
7769
80869
62991
3829
59237
3091
75133
65328
11676
52015
48978
24518
80229
89922
49165
29397
90759
61076
26480
75668
22385
50931
27097
38029
35851
93923
56489
57681
80883
53194
43222
18805
35019
39579
44179
19558
91453
75201
82106
27962
67003
15377
16737
42235
37670
52123
95434
72464
39170
19161
5109
31003
19284
92322
38048
39025
41715
57747
45157
87719
35741
56117
8659
21870
71094
89387
53162
80125
74268
60906
86179
62545
74130
64887
41831
2403
9009
10894
10309
93546
32504
90379
2910
30137
8923
9853
59972
93377
12014
22094
61605
76896
91809
33832
90673
3324
73683
49055
56809
45210
85669
12346
6630
3186
39920
34421
77176
2172
14864
69747
63923
21604
91633
80057
41417
86308
79815
79696
23983
58206
6456
50813
3891
82884
69886
1076
71191
63887
77506
29616
86790
32213
10775
26541
6782
69243
93270
3975
65350
12354
40621
92286
23517
30714
41542
32910
21661
32180
13785
93564
89641
28657
71808
95990
3335
93089
40172
49743
23394
26097
4124
83684
70352
61140
3794
61100
42749
47407
43516
79731
54074
28372
62281
322
86217
53104
92048
6802
81434
6385
88479
94941
63319
32252
53752
36671
41084
10273
14324
94247
46265
58484
62141
43890
59795
94088
19282
34753
76889
33085
26251
80585
9517
50371
79911
37532
52237
85885
71407
18309
57461
75029
38696
7837
7264
60530
57559
18987
8106
35518
42178
69233
38926
56454
93405
11118
1764
21008
87180
30030
54305
41588
28851
88080
4773
59397
10047
71811
345
63776
24678
76169
54495
38126
18582
4021
44652
29866
79933
63115
51502
32834
50629
47552
39917
25956
1247
5659
59310
72234
87868
35933
23266
75514
67308
8225
68964
59408
13828
17809
94510
40950
87240
27177
45344
83259
3082
44583
62371
34762
9652
40231
94041
13969
54767
47085
6225
14583
31357
2671
57903
62893
39261
66643
90882
26003
20024
51362
37362
74186
92606
29099
76689
83424
16627
9458
54566
91836
42097
17854
34873
62822
94545
52179
2452
81903
83397
9868
75167
49180
53427
84353
57543
9535
5132
79685
8927
68856
4793
27392
35753
38874
56998
85240
8208
877
52709
83290
93491
12742
26861
21675
84438
6047
66862
80772
39334
68266
70855
24126
53007
6365
45420
51878
18449
6588
94708
48311
38364
91438
81078
1291
88473
6467
53589
89278
70453
39207
19807
94828
95084
75467
66305
21508
95462
8243
89362
53946
69877
85045
69128
90225
72486
72696
78163
93257
37399
3750
14688
10737
21651
57472
11921
39705
15650
1225
94043
61537
74300
29302
14842
33382
35108
86752
34575
68620
69117
26175
48321
96096
91306
36302
60921
55633
78166
61101
21861
34969
59875
50276
11779
2022
74158
30526
27522
23987
95405
44939
49858
59041
36000
52449
7380
37642
8822
70453
17977
16587
32621
65992
63081
81513
3371
37328
28584
17110
37836
45736
12612
69607
32117
8248
62648
51533
51360
1481
42480
92668
75752
62806
42859
87741
39944
69094
9835
88013
94096
48740
82431
88258
43719
16074
42624
36267
63943
2720
2363
52989
52834
65430
30103
62030
33106
17727
30682
51176
66534
54096
65892
39224
82983
37811
85330
79062
72028
66627
86423
47887
87741
14275
37714
27966
51948
17119
78044
55610
63942
48709
3739
4250
29505
28639
66376
71249
54357
92060
7902
81337
52249
33791
1543
33143
24023
19774
5378
3379
77752
47270
37167
18940
75880
38387
38687
76951
36804
34078
33826
4072
49383
53919
93042
76088
64693
19122
62634
18645
2380
39934
72356
40419
84832
83541
55327
75034
47457
25998
69488
30886
21504
37833
83292
81755
90564
74132
81779
7890
85934
25987
26329
21291
90147
10677
21406
95946
68512
66642
28416
72036
69428
38422
3075
910
6748
72178
31507
62238
66884
66997
63300
63243
57953
35653
38689
60642
48708
51424
88132
81238
4662
65614
86202
54726
89373
83834
27837
85982
29352
55180
47032
90024
63633
14683
28082
28377
10852
22235
77102
45390
61962
86315
31746
63430
64983
78916
30899
23514
42808
82415
90644
85328
4379
89244
47906
41758
20849
13991
15923
62478
93394
49701
46012
60926
66071
49965
69783
4842
91687
86455
14674
68026
22469
30366
37418
66077
25663
69296
59568
24392
11965
33552
60738
1204
3295
94409
94480
53422
52684
27024
2354
25343
89013
19461
58523
92345
54310
30463
90916
22378
38782
73741
35394
55596
25910
62086
92631
12433
60222
42544
18413
34734
66006
33903
41574
15558
42504
36371
7090
26671
4846
62426
14232
52847
36823
81932
23919
57233
4869
701
32297
71169
57646
81516
79776
9829
61351
27895
30495
18378
40355
93448
33513
29470
45906
76180
40054
84952
34329
67238
53938
62984
19547
86760
91375
62376
8551
71253
69780
33854
62432
59756
19093
58768
4733
22726
44145
68869
37476
19050
67773
51463
53024
49662
63650
60803
46623
51374
81318
25576
74974
2106
3689
59645
33950
25754
34880
58102
42122
66063
70906
32487
4713
45651
40282
22758
48875
89693
49034
22101
40683
74365
8753
18065
61494
59556
46174
68344
8996
72263
90400
82453
81740
62169
57832
86832
37907
35660
93538
60745
40609
27810
15570
77250
23563
69057
85323
82935
37731
49243
55936
45182
49636
34775
11141
67074
35202
78932
20516
40053
17237
87693
32424
58222
32867
93052
16393
43001
24471
83103
83602
61323
10731
76083
54017
10111
93471
40111
56513
50201
79250
18911
34934
11267
79672
11037
55675
15617
66081
79062
43561
39870
93437
46175
48329
31969
70246
45663
69866
86996
48620
2118
2414
8378
2143
85348
50680
92298
57548
4312
57682
25104
8720
48191
84852
93326
54331
53916
73647
83542
12994
69799
15416
47785
35445
27324
70945
64964
62952
70169
36548
20557
67219
41562
78278
29827
92340
92714
40388
75336
24627
12234
4614
94344
18310
61567
46739
85551
15350
95459
48142
50039
53682
95708
33250
2030
41712
15099
92088
88350
31670
30238
61027
24904
87274
61279
40248
24221
33754
76378
87767
65978
90224
53650
85079
25127
49457
38584
38618
22322
530
44030
2046
44613
70796
15980
37626
50831
60816
49284
11498
63492
82692
59964
53822
70911
55448
38996
43343
81073
87265
30029
70387
37177
32148
81379
17698
86967
62259
61623
66284
60918
90303
61538
6438
47354
60529
45620
21012
67187
44340
73469
32738
65536
5563
33242
72285
34260
18360
93468
54276
16351
91128
60157
93156
26030
56089
36395
89823
16879
35817
48801
51202
71091
79792
25188
37867
79634
77230
78979
53949
18437
37314
16809
67448
87336
16626
79223
24032
83883
83242
16284
73745
62510
85728
45777
4433
52596
2805
5116
58015
21695
43710
8172
66156
72945
28688
67134
41400
24012
35769
50248
423
14717
79762
77516
4158
85642
14537
425
47054
60660
1023
8897
70868
70078
56990
84911
79337
28847
47730
20052
85466
6815
34076
95113
71841
58254
22555
29171
19695
24589
89110
56045
51767
88125
53162
29477
92921
90450
6129
6014
89889
77494
44471
15944
53578
44516
76332
34177
59315
76358
58145
81635
25737
64953
8105
8287
54401
23166
87891
13061
34208
57942
64087
16944
25804
29052
15520
30420
43379
16748
86896
67616
76621
57769
40425
58522
38382
3360
63660
44645
48117
34532
42116
80633
45551
10044
5983
15415
82957
94881
70913
15979
79108
12684
90258
45886
45409
87292
40096
60141
78955
91193
73853
12728
86778
65071
57195
8027
12351
9135
38299
66459
54085
45436
87850
50309
1430
23954
93392
66631
59829
66238
31232
88612
8987
66745
26905
91000
55826
15965
77705
79062
80463
80954
63142
7908
62082
38686
72670
63422
25115
28236
56754
8334
43310
72893
17629
80861
75450
47316
51688
82295
10438
21557
30453
53371
1241
13690
28647
60985
55410
75731
72021
40567
87260
18802
73658
14818
57792
6288
39696
48390
46537
24474
87707
23206
64533
20609
93322
24969
5664
393
25641
63718
26443
61871
35045
28171
2745
58376
75181
36081
53323
33513
78109
27129
13977
37029
95980
78888
37583
984
20308
36186
61893
68235
36316
44500
79034
34372
19517
37621
88185
59989
37946
78012
17576
76783
90171
90527
37649
93384
60234
59137
94181
59331
87657
49489
511
15127
77561
71861
87598
90971
64617
73388
87029
17537
43238
54649
36896
75350
43745
55459
19736
77836
73313
61951
66581
94287
51072
53084
21400
45114
27326
30656
86960
60349
54180
65749
18021
72365
1275
87507
65330
81713
59170
63672
94621
36562
43506
5503
52298
75851
23152
86304
39054
25930
62782
19639
73290
50741
15433
44502
33863
67651
53238
3190
4147
57999
51264
33196
82557
78584
3605
9341
65391
29229
37172
80603
235
76071
57851
34872
3937
86320
66372
77992
44346
29198
76163
92802
15681
29935
2724
92058
75943
71939
73727
8333
72592
31993
12179
59570
75708
18258
28507
58433
57915
4920
75325
72503
72402
68431
90904
10515
75043
80819
37600
79516
58463
46601
42795
17465
24933
2201
43302
23195
75056
80623
13321
71325
92727
29521
89795
52421
66311
9147
26016
66944
27623
10325
3263
32651
31981
63127
65970
66976
42277
95171
18881
72218
42051
75433
7699
92859
17446
38727
96027
88177
76877
54192
32109
73777
39118
24375
68014
71505
88172
42447
16068
74232
70834
28740
83309
1507
58797
40660
91590
36866
83400
44957
85174
55706
94404
90265
36047
63662
18575
19854
35671
95036
73103
48796
93721
63822
43013
22602
2262
50860
87703
86075
14526
74046
27247
20010
16073
93735
41439
65974
36070
87178
68574
5590
13812
10727
37785
4688
34246
6362
14154
42411
92717
46911
92513
40878
60954
80054
8926
92012
74577
82468
5332
74955
38527
89952
42940
34027
37810
12035
36558
89675
29836
69651
80698
4625
56198
33872
23372
77135
58394
52180
34459
32440
67415
38351
39715
25397
81024
93272
70199
59902
68825
6303
6587
66392
1136
31795
27180
69611
59610
958
14946
51898
81348
54837
88094
7521
69669
14278
46349
30701
87024
34368
3458
39777
34745
54290
46856
3709
75379
19400
24583
44388
11065
78545
79837
16759
9762
19924
47165
25091
12837
55856
86927
37063
44982
34812
14296
22426
21885
68482
14997
18369
20032
9539
65643
76204
73642
65450
12524
86547
78763
64741
18830
8558
74180
19674
64217
95837
6729
68056
42100
74865
28490
53377
30605
80381
34907
20805
82997
9563
86657
41580
65153
92336
45115
68558
52581
56077
59834
30973
48578
45548
28185
51328
52939
68937
85592
4184
91697
1930
958
52730
47666
35367
1958
69929
11585
76595
45319
13506
2121
92185
73638
32425
89334
946
52748
25766
17755
71180
11868
47753
55267
43415
55890
28450
3727
3689
13248
76198
81572
66249
52021
50338
7014
93265
2628
55267
24170
43842
36156
51503
22235
95788
83478
66564
42444
21833
32050
47576
36014
46305
78096
43438
72092
34672
22684
1243
82483
25970
89658
20721
40580
17613
4568
95645
57309
12125
33163
58504
48306
70277
66235
84743
56000
91820
1788
42690
86894
20330
14593
77134
54334
36831
75038
61063
30611
94319
93792
80495
92882
92703
43342
38241
80610
70225
1353
44079
44851
94309
32849
57729
42835
2386
85181
71259
70210
20066
78438
36439
79241
34970
25310
94635
10554
74474
38331
81443
89499
69588
70822
28224
61069
92301
77329
4336
58118
62353
59790
53561
68445
2045
38867
24852
28277
62771
82385
87098
3854
48565
39401
49984
34388
16878
20621
49437
23818
62215
3902
4189
19671
3405
8506
92710
1790
76650
73648
4099
11328
48063
19644
61333
76982
90930
17477
24212
17930
27277
35218
95905
41919
20880
22525
6389
42361
34546
46277
57691
64807
58032
54554
95070
53457
8216
43725
92635
58081
8382
44321
75817
18020
75380
32108
16995
39155
45479
25707
89901
56552
16227
56414
14322
12366
31773
69113
94340
26183
87302
74793
10790
78292
93937
81372
73127
8924
40586
88771
12787
34155
2929
68532
27405
39014
58354
16081
94165
49765
55159
31176
87051
59767
80257
21795
56476
65841
49743
66784
9429
89573
57921
58709
61899
92371
43405
34033
61044
772
27198
62849
55270
75774
68222
90653
78589
20296
27811
11479
15303
86020
62817
71801
5198
37838
71092
86366
90344
55248
20545
80564
41406
51525
16734
80056
52198
38833
37130
43202
40329
28760
41832
76507
45866
56065
3363
23725
55199
28004
19726
24082
66956
44998
54247
39208
14867
30814
88589
67337
68188
87586
2928
7256
90982
92129
70461
7722
89505
74227
93939
28413
49917
51909
26445
74986
77402
36814
90471
20689
36585
8615
84064
70938
14732
10440
35814
80954
62660
41635
10269
51901
41106
57511
3773
92149
42148
22909
79571
44499
74691
46940
33957
26964
52213
46477
92631
54766
14215
89708
75875
33085
92530
19249
5172
19590
45630
94098
92371
76951
26917
44146
58153
81088
43702
72649
21470
84484
36834
41696
23368
24192
51650
39757
26503
69485
49324
51060
5947
25886
87281
38849
18674
70413
85455
50682
81289
64138
90982
93502
92769
67383
72915
44858
29631
67314
16685
12143
76900
2855
92369
62213
60968
85989
858
87765
42275
27109
10407
67728
33313
11406
29976
59659
10289
44018
10904
51996
87418
26710
42305
91604
2927
4560
84871
63499
84957
50532
52532
64713
93862
68598
92150
74151
73036
45694
59423
11039
48453
21698
11900
27185
45973
5946
63039
58231
76344
88181
1795
51828
61585
80739
10247
71128
33497
76522
55624
65248
64201
83434
58655
21970
86877
66641
6938
21631
16924
14553
67533
85235
96091
89029
29680
89045
92617
85788
89056
34709
53326
77965
13183
53377
34965
66775
16185
54922
13263
92509
17051
87765
21612
14590
85055
48620
8552
64023
79144
65056
19152
80675
49005
59262
43446
48253
71012
9776
84886
67430
32277
21706
48368
78673
39871
31833
16113
66784
77139
44968
89784
85512
30282
54702
67378
69518
72184
81850
6516
86196
91930
6299
64103
87598
29844
29636
65440
8392
90252
53029
13988
28906
49037
73292
88778
27866
34912
66649
67897
85134
36632
85468
56838
15426
62344
80038
21624
88826
63878
20414
37665
75226
37034
34759
44400
25626
49671
35186
2574
25045
52626
71719
95826
56880
52891
40729
53388
74345
67456
73421
32292
62296
90913
211
39451
68439
33705
69412
8537
38033
54282
58319
69154
81052
8081
48547
49088
72004
58914
32522
8211
92114
48180
4987
3950
43049
49694
55593
67674
62578
89245
3306
32061
6523
5359
26289
17512
59165
47553
51032
71909
2562
87144
43570
94018
13623
70815
79515
51349
41781
80028
33499
81641
22471
55136
37845
47429
57706
10818
76689
27635
74842
5590
67715
39768
17026
18564
88755
63189
16522
47863
52062
90445
2853
90326
84304
89133
29544
8695
44023
59282
78060
61824
417
9244
2599
46581
78813
27259
10513
1899
26996
4413
45370
48474
82114
63511
29117
31129
17190
37745
32659
79483
75584
57024
15251
597
61976
12176
23465
83131
60465
2339
76955
39043
32953
85761
77979
57265
26975
80411
88384
21750
79208
43753
77126
21458
24782
17191
40654
6506
20098
93620
44416
78066
16225
89155
83484
71784
64139
79336
51180
95761
64134
87231
6687
14958
21579
12475
26270
73433
27712
43484
68566
34994
40455
12737
39285
35128
81131
30852
45866
45526
75369
34079
78248
37522
36343
51665
7731
13625
74016
66952
54038
62652
72093
41903
51752
40798
83616
74245
44102
46888
83722
10729
69900
36517
42037
8299
63458
90002
77652
3813
8552
12970
41024
25238
75295
95863
587
87332
58573
94809
39263
29610
34743
95204
25024
36608
85840
52585
12189
35643
42533
68335
24554
8308
86146
72011
13175
37302
9995
77984
50024
64356
88430
22739
42464
76609
15303
35811
51337
75671
81423
29444
18146
32242
71000
58784
76347
53484
9768
14185
75710
27147
10026
73175
83009
21614
67472
13343
90895
78011
85862
38352
68540
68086
64786
6132
62305
60221
79553
85013
90759
46214
69481
37328
24862
46549
32619
71986
51002
10668
22878
68334
72610
45987
29673
10719
46935
75320
95714
25025
87882
78399
72363
7865
254
63906
22923
87658
63299
28497
77705
92472
35141
77176
4901
47455
45870
15106
30607
82939
31173
4582
77852
63198
47955
78427
73558
68622
19964
93954
27650
34872
4990
1091
73834
54910
23274
73865
19355
27989
14525
86633
30071
70646
45921
46084
54280
71967
75050
69373
51412
38417
69121
67749
83412
92291
26008
50096
34502
79585
37567
44189
72096
72731
63114
25275
33006
13150
58513
28887
309
17877
50314
32777
44614
74598
79583
68626
50939
46200
457
72267
60669
24536
83670
46682
63571
92171
89510
54866
38654
81142
39100
42076
29142
7459
59258
6514
62171
66902
82459
29666
26796
44672
4533
9867
50110
87197
3455
68471
14327
4553
79454
3605
89570
66325
2363
46759
42724
84797
33103
53732
70981
77680
69121
45016
50460
90602
71361
92456
31816
72657
85899
60001
17844
14286
52143
25924
34373
82275
19599
49277
88295
25721
66870
47703
36255
33218
88028
53424
41994
39388
29247
43247
50604
73565
6345
79939
57993
71544
86984
47089
71408
56911
50936
91762
49184
39101
80096
16838
35955
32166
47915
3904
64269
3853
86591
38974
10629
10096
17022
23327
6419
17645
70338
19187
16491
15867
17935
6857
81438
70820
81461
39547
66552
82050
4030
702
22040
32681
8126
11852
54988
33634
56
51262
93687
61315
55989
13907
19016
16796
65210
16143
63162
62763
69738
60772
53071
8717
61938
35533
85045
14111
71374
29995
68192
29042
33820
29269
9153
57602
22971
50900
14535
76298
44241
75117
61370
25486
20941
93937
13705
84290
30042
20170
73887
52892
31362
16615
60210
23074
75304
44884
44869
36587
16200
8191
74903
1894
60013
87720
56261
51825
13652
90690
16362
69968
1198
26968
92032
1697
64689
20192
49391
72209
70376
15694
95535
8098
12894
64403
90008
42956
37020
9473
93730
64964
21359
95073
76936
45016
31767
89712
26205
80778
23555
72174
69066
81750
49128
87661
68687
68627
1279
65631
50053
54744
50917
49035
23331
89882
21256
4765
18508
92600
36712
2347
75817
28389
89724
86816
2818
5318
62694
74110
67853
65719
10543
94735
53669
77674
87521
76154
42376
24612
26560
53817
35003
35099
8600
77665
32401
14320
70570
92345
21893
14751
47999
64872
38690
84702
31842
82985
6916
37841
65567
14364
29031
35407
70330
69781
90733
81486
15137
82803
42620
66478
48023
74759
42983
25733
55426
71781
12398
69726
68876
62501
59250
39377
43302
6787
26701
4507
26603
1336
22401
54202
84068
86001
76312
52976
61142
71220
84850
94337
69266
38808
4718
26881
71059
36868
22098
55134
26791
91715
74139
60495
5301
92361
7909
61569
76970
282
15225
26118
82539
67793
4793
9623
48738
16990
35454
73288
88204
12118
25300
61250
62573
41928
16708
34203
78952
16949
12520
31683
13027
63991
32682
24894
24764
11007
57064
38525
87455
28277
36791
65235
84480
69226
32889
30337
30781
18571
70812
41593
57826
21454
27703
39494
14697
37944
81410
63064
71377
46287
18247
64650
3453
71181
1636
48703
53218
77876
21396
56919
12250
26882
2680
93040
71011
62283
23316
89968
85693
24994
23241
80875
9972
57885
6876
71695
13601
86167
5312
18942
96030
15327
55184
64164
93990
12809
84381
26688
32616
57911
81824
24103
41092
190
27617
54602
87885
69440
35165
24103
10828
4310
10675
1505
78138
95077
71953
78595
82824
7032
31544
21554
59320
41456
76563
34090
4571
72756
82268
41164
71952
5760
8088
81467
76571
16189
19885
94209
57715
50588
71223
5153
27591
19413
28585
9313
14543
93212
12993
52791
40136
27256
94248
1626
57041
87840
95918
14245
59586
35652
24593
29852
42074
27422
70153
12977
68444
3574
81614
53263
36742
39988
94805
77440
66672
28493
25953
14775
33252
80692
3969
49221
95003
25354
21635
81695
9512
88604
44630
93011
83620
84779
3049
11274
15458
6027
64830
6146
51586
72396
64339
88700
39955
41080
13298
22713
73949
67566
20139
78093
27052
76377
74219
80331
36399
16532
78600
45943
46711
41394
47307
12491
84348
10329
23804
16147
67584
36975
20733
58500
28854
2060
8688
59325
26961
50492
61028
5463
76817
606
52100
68032
90296
44650
58348
92896
70141
65494
32734
28658
6409
37529
51144
67097
1334
90415
18718
23447
22432
94755
52022
72132
13895
10137
57229
26875
37541
76201
58351
61314
92652
25386
52806
9942
76164
82768
21788
93358
94552
58500
13690
13324
30629
11043
46039
82021
34393
69181
95227
71332
58389
4561
13624
52404
11300
18837
56967
4656
46789
76966
12692
24852
86277
19487
62887
82523
84512
83018
24520
87997
35167
4325
12033
35808
79737
50312
163
71605
43820
90745
7036
17273
95929
44245
62719
77508
20680
25445
93471
84475
86318
24977
61113
79547
2238
45538
87215
27288
67152
20750
22923
36480
35308
74726
88655
2008
17933
32440
25431
23732
6483
27732
30852
31439
70995
77369
78299
26097
5392
82920
6778
91709
54242
53724
28364
41325
20592
55803
33277
47651
42138
21666
39888
61785
34135
80424
50312
32957
12016
5104
4205
67600
10606
25976
83649
38975
41501
56787
56078
77936
10013
41037
85041
59310
47834
73972
64205
85888
17811
47628
42276
34238
19271
53016
67372
72840
85196
60351
73402
91063
72681
73638
80056
55585
55695
72134
80556
49861
84779
40285
39533
74877
54221
89443
70365
19872
68805
61618
12467
51310
54249
63292
17697
71946
42313
93522
68702
60046
79103
76594
78896
41684
50189
30694
27551
2486
68772
54056
89590
82071
33471
30846
16074
1835
73117
60870
13898
52275
51103
60477
95684
22202
74469
41312
62289
33060
17519
39952
95459
17809
85212
66314
73981
91829
59895
55308
40410
94565
57220
50881
42824
41772
95449
91899
88837
2404
67855
38462
66784
25536
54738
11638
71970
37023
42356
39154
55812
88947
23119
64543
55886
21158
81592
47188
42039
84005
2765
72057
69977
85140
85892
59282
62464
86336
33505
90081
37821
29932
86607
71765
39369
16863
47297
51018
74151
59108
9672
55163
38948
60424
69983
47813
42957
87451
31303
65016
91143
74669
65997
81964
85069
12067
35380
8278
62828
53273
11331
29393
46013
42683
47473
82107
1836
74468
60420
54359
93006
72723
42050
30825
35240
41889
41149
10171
9849
1540
48009
1848
38988
84469
79906
13617
5512
75840
62896
73776
81498
2045
10487
81604
34227
12762
95577
66323
36555
93653
53236
83506
84167
43689
37053
11455
24309
26589
92692
8849
67551
69597
54257
55647
41553
95158
7721
88087
79852
70107
53404
59274
56550
28002
51303
92716
5622
15558
31224
77882
81463
12292
77461
40113
3795
64440
58910
62601
82921
92463
11450
7066
75178
38479
34600
433
59022
39201
19962
52299
10686
50080
15604
30472
84048
35901
35868
96043
61372
14880
53203
73500
69401
55247
95918
13775
21620
49495
78860
60944
27731
67137
66700
28529
31764
45678
62555
31154
19819
82935
95527
25481
63889
35902
54799
17104
25995
5743
8005
46213
34025
43966
22291
84392
13474
22087
92620
43943
86222
95167
36708
88420
67810
62262
80599
95721
69465
67080
90312
27386
4996
30211
38973
69567
13082
84260
40119
33179
79492
86869
14147
22562
91414
83525
92304
17126
7087
81094
93339
66579
47250
45718
70426
42059
11552
39886
95155
22999
22504
93926
39754
76493
48512
77840
14367
84481
95590
51094
79405
60802
43789
91021
17570
32619
59503
21717
67608
75863
4946
25917
12457
72903
87207
38288
12858
50205
83234
79384
91294
35891
84495
34123
66167
25574
27235
19007
43524
87578
80427
85910
43283
8238
38647
36738
88143
57743
56523
92570
50092
82846
81321
82473
63860
75292
51065
25661
74569
79403
63641
76338
82187
24840
633
40109
78330
80062
54711
52525
43663
3036
33115
59196
69331
58454
22899
73690
48138
57610
51556
59999
36869
80553
11107
44891
71059
5886
41603
93120
3678
9896
76060
80372
59082
42076
40375
42139
16390
56615
75440
82636
15879
60473
23088
72551
38652
85036
37780
40313
54678
23361
7073
80763
73042
697
24118
40637
53074
20873
93972
95367
38215
88662
64257
63780
77318
56315
8153
56872
69555
62253
62681
31804
64592
9287
83648
74140
58017
21605
26770
85535
95768
49139
63904
49325
38066
20730
34554
62281
74292
55657
40653
754
44736
87106
15699
27267
78439
30699
27057
7833
11475
5461
29514
46225
10036
9089
12349
51229
92475
63955
56406
63633
24113
19057
82947
17293
9780
41338
20759
30863
46292
23070
78193
69145
55115
18306
62625
86815
79972
92027
70262
12534
76963
59996
49272
28592
17324
51777
26529
89454
59797
87264
33829
35688
27422
57243
85215
32685
57283
10545
66122
25703
30412
87753
77958
60883
19269
3143
54828
66781
87842
70995
34422
17894
75838
52954
10535
67483
88257
53529
63980
66613
71633
89532
79817
24201
41089
7765
69279
80541
54406
46047
78490
2499
49044
42416
40815
19715
63156
41756
76350
57343
5546
36647
56613
25812
27373
47136
70333
84994
10722
26875
77211
15675
70922
66145
71488
88882
88905
3062
53720
93296
8842
75240
91872
52572
21793
9241
13570
87020
68252
8394
42495
15920
66145
25309
31838
91822
36243
82399
12147
56780
11861
69590
75817
71878
30938
36113
76832
65408
91674
28891
87917
74752
30734
86860
83816
36245
74656
53684
51815
72150
3473
8134
75225
42361
94879
16325
23374
31973
25420
86523
74
90204
67854
54680
30822
87861
34130
27925
95014
74054
3823
21755
13593
54084
14914
53000
58323
34816
62320
87422
24390
79391
13056
71126
10192
94486
31797
8719
31066
32733
59162
66513
55944
55334
29435
14974
83028
12655
2135
78754
20631
49773
11522
60535
38583
49963
52730
44551
69307
91071
80476
94961
22128
80164
76977
37185
25373
7528
29336
61095
88698
29221
41067
53789
70771
71193
61621
7136
84888
614
44461
56753
50814
32048
78456
71954
12064
77349
18311
14872
11625
44561
12341
24516
80322
1660
46387
15113
28931
37013
60915
32618
33377
59296
67581
90931
60051
64164
68007
93835
63746
51272
3318
12221
67149
84454
20144
75655
49910
69696
53705
70655
41070
3970
41844
24761
83299
23700
93549
75978
57789
47396
12470
28603
17068
86744
34495
22106
38007
77390
69164
58747
33880
71807
90594
2968
94427
52840
2895
10759
91790
49188
29288
54282
19289
69928
58151
70193
2381
95062
74627
80482
27808
51495
94252
72223
45356
48932
63155
82511
78238
62699
24566
13218
18330
26123
1749
84411
59392
71267
9240
79311
32672
49726
74763
70100
81377
86664
28038
3507
11691
41827
61823
17171
28960
19674
15897
12236
22944
46070
84280
17780
83653
53419
10268
31917
5709
68433
49090
63088
5226
67254
91073
31485
26078
5830
47373
18287
84994
91724
58450
64169
88099
41349
70591
82147
27247
87168
92082
46478
62624
50577
66020
93420
57352
64102
82063
30023
70201
52033
25507
55260
74761
47015
51407
2542
9737
46924
11562
48178
3644
93422
61192
64908
88947
34587
32272
66612
89503
1635
19074
75053
33257
25270
31439
85438
61673
45852
86559
73178
34829
50784
59328
47405
16877
23490
36548
8953
29296
38615
17176
1549
77838
77570
83167
54569
71557
63882
6297
60401
23806
47424
47508
68470
79231
44261
42043
31904
6516
15642
45145
41339
82974
90293
10484
15131
60797
8587
7980
80321
59256
37325
51717
47072
40804
8861
94011
7751
3150
21622
40505
71965
27145
50792
52673
75043
90875
52964
36487
21310
80601
46723
2483
71321
87466
13445
95670
23538
57367
40449
32305
33261
86540
21275
91555
38391
84851
65996
1904
36117
32131
776
56931
17620
35135
15304
15647
21538
33559
34271
71305
7596
14162
37813
90029
78567
13414
92564
37966
70919
53631
30714
70222
70728
47015
61969
8846
37314
32289
42607
16449
12485
29372
71889
48652
37549
21204
17465
6511
36661
11072
10165
76505
79177
39183
89780
42121
55745
80864
46129
66652
6622
30139
40643
10113
9674
52584
65328
85793
74961
29798
95704
89481
41527
30667
87162
86581
61185
6407
82513
20100
11531
40297
93588
4954
95000
62248
49177
53648
91071
37585
2732
70139
35007
93011
84527
67573
82265
91360
21091
17665
92238
48085
92538
66771
84163
52732
82050
54475
54707
45841
68986
20576
91073
23339
17301
20634
61144
28482
60147
39804
63476
8193
82931
23276
78358
14900
59596
70529
60825
79641
75946
3662
45195
42671
49898
10613
7145
54174
53389
23404
94595
43637
47028
6367
8725
17528
17539
6693
76937
13227
34098
52352
26806
11077
63397
42764
86555
31579
19240
34763
91230
72590
22436
85701
8927
69786
66906
29198
11203
54177
3761
5707
49893
3963
17673
47246
92340
18400
24881
32844
20212
443
12781
48094
93811
52581
41976
19136
10847
62391
21553
62747
71984
4832
76714
52175
7556
983
65642
78257
7582
95569
83857
3782
46539
20380
50867
51618
60457
1471
11055
5347
87704
87432
14341
41615
64953
36099
21813
1523
87533
34457
75203
34310
77485
33545
11093
43923
84271
58269
32476
33857
77703
91147
66097
49775
61866
27690
11696
16056
94911
76309
76134
16329
11369
2326
49798
84705
91915
24623
95956
60587
82831
23411
40434
92514
68311
7271
32116
86364
15662
76672
71535
2546
76861
90379
84467
31131
12842
49435
91408
20068
40024
24114
62290
63521
6289
94169
54289
26015
52628
27452
45141
91834
4284
23556
11771
31869
40143
64367
72655
9216
2464
60311
51137
3791
77705
94355
8000
38047
8047
11023
72468
3350
1978
10050
63928
56529
46052
44255
33562
87017
33309
12752
83958
85440
65505
32624
85554
58233
53159
33308
59053
28799
29149
62295
9410
47830
27901
56660
63398
61369
60974
870
19303
37704
23508
23116
88997
20167
55319
46764
75810
13787
42248
56554
22390
57663
56139
26536
35085
61228
87354
92417
91300
76929
17845
64921
16453
85914
72078
34437
24433
21582
81745
8792
95301
82323
44443
16269
86504
45049
9373
70758
17543
82175
52531
17565
19750
83412
37478
11436
9275
32478
4314
44786
5654
10637
38207
71683
57642
16883
65611
58517
29473
12949
68963
79352
82565
25040
151
79632
79588
37183
81868
7503
57365
36746
44849
30667
82339
61299
85845
95759
24759
36167
19286
32313
72647
66878
78579
51258
75097
87146
88195
63915
16468
76261
4023
43448
34351
49502
17528
4433
46950
56691
27552
47258
93430
58424
86947
83812
26850
45529
79189
68684
45277
7446
91918
44501
94902
44112
85554
69416
80284
15896
44068
7152
93069
69950
45327
81979
46212
69569
42156
69643
45907
58008
29247
78941
85418
64836
71922
62055
5433
12325
70426
23933
82307
2549
59347
40800
58407
83992
56500
68512
77048
67926
60277
45849
43402
62032
37847
35830
45343
24153
22638
52647
83460
62399
74865
62871
80667
10376
47015
40032
11238
18707
27841
77323
53077
21304
10103
85133
81691
62718
5468
51713
17846
41270
20103
44979
45160
88696
22477
51773
58182
44688
31790
70859
73237
66137
49080
32078
65322
71836
10459
85281
60299
92797
42245
5478
34546
83628
66133
66087
42536
57619
30645
91205
24559
64790
24800
50670
42981
11632
18190
67679
19852
5142
5326
22938
36397
1056
23869
3709
72141
44493
64146
68595
32909
78667
28886
41956
8795
10126
90650
87357
71096
73251
92597
74548
12415
82084
63149
66789
73167
41922
43008
81345
42693
6136
64148
41619
34214
82291
64203
86356
8497
91570
72221
22506
12616
1577
49068
53412
54525
71108
43864
46548
70920
50759
3510
63214
90967
58815
91313
39977
62617
22417
50013
38884
35245
4793
59130
245
56892
43634
75636
45209
42762
12260
2155
32724
72177
34798
78927
77974
84276
87687
73324
3949
44843
48500
22554
31913
62774
84497
73506
70859
42190
49739
14506
61667
65708
79444
50715
76418
57703
76438
56464
54791
41195
14439
95810
80960
48623
44891
71178
23353
77010
44935
36337
93845
66584
81307
20059
12478
17219
89777
75670
74467
91887
16302
93216
40629
84025
44351
82443
80167
68383
83291
70544
707
68604
95702
13445
40303
12761
75765
39339
78979
74175
6362
46139
95185
94261
48615
60764
30063
1603
35614
5473
81210
46867
34287
37899
79
36680
42151
30829
59172
77928
76092
12771
53572
47111
83926
71227
790
85541
18445
64616
43639
3307
29500
19150
50584
75343
89291
94265
20045
82062
84661
25017
14645
35968
59898
7345
7939
7491
84138
90061
9398
2694
88785
64014
35298
1830
70087
49234
35483
79004
22284
78933
20659
77322
58360
2328
73732
43706
66232
24332
72121
55480
91903
45927
68414
96010
84065
27647
51693
71006
68325
1803
29402
91799
48174
22906
67392
88877
57944
87286
62035
40659
89588
46684
78023
53048
78656
673
68437
74803
52078
86438
49023
3544
48949
70202
90907
6463
15922
71882
30220
11678
67192
83433
2576
7084
1378
63956
6900
18183
53066
82187
21094
1234
38115
30045
38767
78014
85758
65627
47166
66227
44406
53885
95296
50507
30893
95302
69211
39581
14681
92806
76396
69101
73851
23442
2444
49200
50940
95476
76003
2182
9844
55379
9218
22342
72912
40840
28016
18985
79850
16793
59918
58798
869
61845
1442
4324
79696
57148
4655
9935
80326
24354
65155
55025
8746
11230
530
15074
6594
47507
46634
45333
22519
68631
84252
9445
81459
59647
43602
60232
49179
67447
47006
80381
49611
34985
50322
81020
65331
79482
57827
57137
47961
9664
95801
23656
1290
90307
80162
95293
95048
87330
50645
9708
68333
41408
20974
49962
55271
11239
81679
75977
53090
16408
54698
86486
17632
37269
17985
13481
45646
15399
32414
2842
76677
24921
67947
76900
95636
31759
55656
19434
27164
94029
55701
78633
39969
38906
58465
5564
73995
38873
29748
1984
45213
14513
95097
57522
24243
86511
69757
31518
5311
7381
49314
46945
68508
31532
95835
41348
46464
79860
87350
54763
61586
61687
93171
95688
71816
697
24782
55699
55653
63323
19302
77440
48076
63930
54596
74192
90448
73874
1400
28130
3443
19658
39599
74922
62297
37710
11288
89362
40278
72110
29798
22301
60717
89925
84887
47700
31716
32312
74098
91623
41850
26834
53621
92476
80803
69830
61753
86647
59766
21238
79600
24508
87307
46070
24302
17317
18022
82127
6834
47371
78137
95893
45767
45261
30239
38564
64306
72709
88555
38349
51729
84818
63424
86562
1472
87580
5262
31167
23146
62600
14146
2349
60203
11525
46681
48229
73111
39296
31380
40373
39577
75543
89852
31852
54460
9519
73209
71711
33476
14407
59927
25196
86461
59218
95047
1685
28988
82851
20656
82105
54483
29938
84519
19097
87030
78789
59304
15569
40408
14563
24295
91496
16977
28520
43883
8884
54570
61524
22417
61734
75683
58915
7096
23689
95160
42945
29953
92741
72261
86763
78446
21947
68070
30625
24426
29426
33728
32527
26210
91163
43242
17747
9672
8650
7791
75038
95374
41589
38345
48561
47196
10296
81476
23755
78170
82016
12835
88172
20734
7259
74009
80368
77947
19659
91390
82952
33063
52926
70045
67307
5977
35148
37332
95362
31325
86648
76802
52952
68897
47130
62234
63929
2081
46739
79315
94266
32187
5765
68924
89134
79189
38631
52774
36236
41856
26968
73482
60373
70546
39396
79845
2827
44352
43337
54306
56750
54659
55821
38957
7433
8385
62908
39834
66490
44378
75053
1678
83117
61586
89649
41986
29570
37612
73691
27628
45409
77271
43990
75060
84986
3599
69355
66188
80229
22062
69939
89290
19904
8775
27139
56530
82966
93288
40422
61641
11498
63194
55667
13628
51581
15054
12626
58903
52993
32404
9962
23355
66715
72525
32228
81175
51857
11215
27067
58752
55582
58608
29433
16905
26861
90706
27577
33308
70179
70361
30917
1149
49620
34609
1560
9067
13168
46213
49685
33953
21031
86590
87446
86763
17058
23903
53243
86855
34113
64501
18448
15931
86636
53992
65546
56346
90393
78293
3057
95988
89382
53045
85523
79197
67924
7043
46140
18643
75244
88793
64625
7409
39722
47770
84415
91995
71880
77635
20149
20440
20424
6743
3649
19943
25541
63507
42194
37583
31190
33083
11769
43161
15015
20742
80564
55852
24180
56275
34330
93224
92505
73454
11147
70913
33846
34876
66387
18701
37837
32072
11333
3785
95877
49786
58963
17756
44471
49997
35632
72636
74948
34261
45183
59562
24994
66373
41002
93730
66220
41137
2927
41756
9741
40355
64748
93740
11297
8959
11387
93586
25544
71728
91979
45956
59878
66390
86275
71524
16331
64388
49615
32065
47138
52465
11126
89084
91417
64093
15357
95079
90827
69364
55192
41392
38442
36086
44921
30887
63896
95786
20613
40880
36477
18428
25540
9257
76852
74447
4361
45294
49083
32194
43441
37246
53410
41559
11154
53170
78246
16634
86947
45963
62244
47715
30386
58606
32886
9009
93300
92680
70759
68475
32885
22070
85945
69721
25788
62997
7219
31238
5585
45526
17139
43121
51967
70993
50868
70100
62282
32082
862
89084
4603
13022
11201
40867
70857
9588
51075
60126
2635
66300
80308
44033
67849
23922
53218
73058
80644
16568
82028
74645
50015
91105
44846
20070
26585
66793
20876
19589
87224
2466
6383
43438
21296
9972
56242
36163
77527
22167
48455
87729
77998
81509
82482
64055
34415
74679
7829
17264
67967
23396
73781
75830
11079
53313
13947
40654
1931
74723
15972
52635
40946
87145
26955
70559
92016
46512
46917
94658
91675
17686
65635
43011
37463
76927
49080
23777
84877
45235
24043
67905
34261
15694
25898
35355
73589
75956
68456
89455
73189
47407
71459
17011
6488
33116
83206
89821
42514
33988
59225
33450
17258
6208
32995
70766
72290
65723
41959
61484
26197
32043
5595
69658
18226
73708
46574
48610
29986
56211
66018
45265
9830
92968
14910
4683
67341
58277
91579
44773
79564
9791
33992
938
95485
48232
32571
52324
47280
616
13722
92178
92631
21452
15745
17509
44768
28545
93591
29714
47138
22009
10661
73258
5101
6361
5710
17567
60280
2817
92748
1054
86212
10742
44881
72962
22626
31046
77558
87452
75351
9416
6257
35803
7328
79553
2026
6493
15888
21351
74979
14381
13316
31474
28123
23539
19064
34959
1905
45890
23632
79625
6740
87005
81224
20219
4274
92041
91120
46718
88429
27951
5806
62416
21045
2632
6492
22572
46978
18917
60695
39517
75803
25342
66909
83258
76977
30318
90683
48391
37733
17226
21553
2198
83734
35349
24549
91591
95066
40930
37102
60599
53625
21811
35932
61180
92822
6941
22458
92460
16145
33199
4054
45618
75976
5199
19888
60170
77323
89149
42873
90390
36016
26161
53120
89507
85735
54108
26391
25556
39146
69008
13314
89863
20663
72425
66551
69321
9491
20152
39821
38969
88928
89273
62596
82193
52199
63388
3094
70119
72915
34147
34901
38216
30384
17715
19650
47739
12440
44266
30972
55705
6507
32912
53662
12135
66177
34944
56502
1665
23632
2626
3317
12322
396
41838
87321
26894
51618
89754
68385
82306
53271
13814
66294
85744
61869
76937
87458
77978
41083
35289
26915
4954
70050
59611
39603
95210
58315
40688
28756
84169
93935
70003
41739
48537
46497
8235
90815
76544
37089
23307
5070
43449
58437
56640
32676
35641
28775
28804
23815
77600
83146
21296
48806
1496
30794
43504
48550
7952
85662
75181
88673
71628
27754
74524
20610
80951
31855
62120
43119
35419
57677
91677
64494
93158
32948
21758
70964
61056
86244
10024
70634
55989
13015
48739
50259
1111
45055
85091
95433
40599
44032
58949
9276
54348
88880
86091
26108
37977
18871
91065
69607
35285
17991
72177
55883
74326
82144
63843
50916
11859
51983
40802
39958
78329
55157
14783
34415
43750
78178
40199
60740
63525
33065
19388
7004
5550
88654
84919
7457
45129
48050
30439
29992
76915
33365
12361
80176
78937
90374
70191
38952
61629
38022
26617
17293
9609
83991
68414
7419
7176
58193
24376
59772
34807
19098
90552
44926
25539
5124
58575
20827
3491
83794
23984
91266
5518
59678
90458
9798
24576
20902
26574
46611
89266
77314
42194
52975
53506
74717
33611
50195
55364
87708
24634
68680
66785
67384
12789
47389
20651
7453
68740
2662
65906
19647
44075
79328
78482
78817
87799
62051
45730
60968
71593
64023
88769
53609
49363
10728
74695
68410
70468
31649
86580
31186
70690
22346
70091
70496
33282
21501
63261
79655
47105
95125
54526
69320
31044
41478
25909
26545
76201
57567
79713
69111
57924
94942
59137
95776
7712
42711
85563
1517
60168
35913
45494
50699
65895
61760
61097
75598
89023
61011
95339
1481
49559
85580
79740
10638
34936
56032
18092
31186
88254
37781
9724
60754
83737
91077
45477
67882
84768
63336
30478
84041
64072
34769
84213
89432
70911
7195
13421
17482
55395
9719
31632
91762
29377
94917
85590
17465
29597
45618
70705
44877
13824
92249
17530
27162
48497
89935
12388
68603
3072
38730
92673
4781
10690
88509
26149
72876
22678
93530
95789
89515
61155
57949
88784
8344
86075
56421
2723
49296
64081
81885
65791
41083
83754
74723
92880
25992
49752
26322
25732
17674
93261
13181
16789
46285
28322
75466
2693
4980
7615
76957
89103
69659
11207
21329
39496
47064
68073
80810
50205
81352
84259
13580
46836
9209
9083
86888
15114
95752
1478
63795
91025
40284
71393
60132
86978
70296
33754
54621
69698
28867
44486
5403
161
43204
15206
7941
50217
2499
42159
86285
92368
8701
9384
55698
16668
41940
93866
61019
89716
93990
1143
27766
32275
65791
88225
22409
7036
43360
84611
82323
73907
10088
32718
1993
37660
34554
32893
35145
42659
12013
43298
42972
81924
12347
74846
82807
78135
8328
78385
92492
36710
79263
41150
69559
8514
62856
3497
95690
90373
55847
19302
46537
10312
40660
52497
20204
1334
49610
54869
54597
60583
92280
93690
48024
35869
26892
60795
54668
701
72590
15096
49795
76180
39783
71395
95141
45472
92757
82306
79299
13166
4590
14517
20405
28782
26273
67819
55881
60240
55268
72127
21460
80506
76460
8646
58943
52319
46240
43779
92146
39394
17670
80327
8183
1027
9461
30200
49675
14297
56577
63563
79773
13734
27905
43906
93667
10191
66701
19113
25612
39905
69565
28059
31350
77881
45321
661
59479
71721
8685
47337
21240
58178
52310
71868
11730
9107
62018
86732
767
72550
41375
62114
18713
54099
4636
85085
86345
13867
42922
25268
59893
15352
61414
16741
33884
46207
23010
34606
56634
93043
17674
66250
65647
6850
70708
58382
11546
24310
36543
66484
13591
91428
602
34336
8494
63044
95287
55001
22134
24677
45601
55671
61415
82224
75196
39631
6574
33996
4982
46247
9016
53267
11058
81999
37687
75421
34079
5468
72147
94442
34649
65699
75322
52971
32578
57547
67703
9154
4612
16868
91118
70631
85234
22960
90667
58479
67358
13548
74665
91861
60129
59223
20355
47960
75290
91441
22504
79785
13492
36175
48715
21866
2066
44624
31626
92902
89610
77571
10171
84612
11456
26706
25357
20384
41941
90312
84950
75901
15419
71268
78920
72662
55645
26257
26725
42852
59758
15845
95687
54140
25647
32923
69919
59071
82339
16279
17490
22224
44633
51627
16075
45188
4159
67131
53042
12276
29896
95698
83034
30814
84639
23038
16884
78009
80542
69349
94738
2872
19701
70075
32239
2104
62058
83356
85435
12210
61776
91649
75051
10439
54593
72930
68290
33356
88119
39620
20711
68736
34794
88835
62244
14335
92801
41771
46417
61068
18563
34749
50732
64045
41318
39906
1162
19555
79733
14786
18141
42726
58995
31314
1805
77608
93934
33870
86610
78362
21582
31093
48717
77049
58892
46981
78688
51213
70031
27420
72561
4412
22257
92047
94024
2167
78442
22790
91821
30164
17975
30240
85415
9357
30050
72240
15485
72581
52944
27040
69329
57289
89047
26197
21453
39232
80600
17881
64528
55984
73354
95923
80851
86432
3598
35172
68479
23108
11157
83446
512
9632
73484
39482
4277
26652
2734
91602
26559
74980
15329
63967
16320
54623
35749
33570
55844
5686
7047
46096
35705
33079
18560
7607
23357
23380
70628
44378
78961
9460
774
542
84477
61125
15007
42896
32687
37384
66914
25410
43537
94159
4659
45775
13449
49784
42507
5985
90239
28245
63221
84005
31692
74061
25499
92196
60922
57403
2634
74870
30799
41973
53163
84278
15691
5641
4443
73599
72052
50425
16476
89700
52148
72500
82108
32482
25029
87024
91543
43736
25044
81520
57061
46328
43648
34460
34433
40312
4204
81482
12520
27294
90725
35179
32017
44241
1978
38489
15196
59401
47739
43464
64477
2771
44359
21844
91561
28466
51682
29033
12655
54441
35997
13782
91507
29960
37085
45878
57678
62878
9862
49114
50081
48204
59365
34063
22564
50382
55498
65141
68597
83169
83287
62785
84870
53156
17563
34079
71415
79753
85032
1931
94940
8232
89570
60911
50228
39277
71584
94633
82256
925
27563
49824
44679
86605
41397
79375
49204
52809
2821
46020
92560
35009
93705
90873
39628
80246
62416
2886
18488
35668
24960
31712
6117
85694
90954
2169
49837
94666
32991
76989
49865
30239
71638
46906
51319
26731
78543
57763
47747
24815
9458
58715
10744
8088
1455
29023
30329
43503
70661
37745
71032
68378
13396
77861
63456
7141
79845
26911
85643
16790
59398
28396
85409
45019
92470
88471
53117
43133
37593
9418
78112
86667
63920
14471
90564
49694
42541
15712
7073
89259
66856
46030
22367
805
11008
4836
3077
2885
69796
20078
20245
94130
7461
28242
63175
63641
94640
58035
39766
54808
44374
42133
76491
26150
79087
78878
54491
3366
20850
21423
57129
32879
21980
87674
66089
69757
94507
84190
55488
48156
51229
27820
50556
50890
28366
64056
14225
87539
5825
17301
73229
19981
68742
57267
80820
50114
72250
7976
73855
65285
45056
34044
17412
86480
59906
41372
6221
14448
25151
60433
51594
3133
6983
53216
17728
7052
90651
46213
66907
23034
54993
87819
18020
49382
28597
71961
55828
77854
55096
23944
14530
80847
50541
53021
91359
55667
89937
88461
34393
56318
8125
47537
22512
60351
16776
4122
88056
91081
54586
29027
17857
72452
29279
25627
65807
21193
17240
43183
85035
34316
54898
43463
11465
52507
6505
84549
18152
26904
87713
6113
79273
13003
6269
58061
22449
87585
28317
84446
32305
11436
91316
61756
32517
70845
14891
79033
9935
85236
18955
695
24702
4277
75596
79917
4207
73382
19064
49982
56103
35298
39693
29296
17077
28911
10692
59439
16932
65245
27765
75914
48412
35544
52867
33672
93210
34101
65726
73369
35415
20723
36255
28376
3424
9645
96038
64675
64417
51812
750
61753
58065
91729
11770
20808
34091
3534
67945
22449
44660
58055
39767
79401
7940
84288
76545
88048
75677
16904
28348
16678
68778
79757
53573
20069
92584
26313
71082
72396
7590
87213
24806
95224
43583
72762
58037
24487
27722
39050
44488
17842
31235
93768
37096
79653
70294
90035
47100
44705
11497
91403
44678
47940
42207
51042
41931
89112
70762
30232
79208
71207
72261
22041
1925
18045
70332
46022
36698
50395
92216
38511
11191
50564
71002
27335
41153
95061
16761
4910
27228
15506
64151
74607
23484
77417
94028
7948
64297
5323
63109
57967
61973
20418
26652
48806
2279
69598
70471
52060
77449
51506
50306
4851
27643
55644
86035
25285
85476
42963
81872
81479
38117
15300
64768
64945
64512
22488
44945
23465
35496
58662
4874
17423
81477
41400
18131
81062
77759
72958
94860
95598
9353
34969
20050
83347
33721
706
7938
11721
5960
960
56202
52428
4235
36210
5172
46664
6876
49185
24759
93479
88522
8825
21521
82603
90858
90131
47252
30152
94335
94654
83357
82095
93805
54461
4563
83608
79835
45254
66010
88990
90719
14934
36084
68278
19181
83673
87154
37026
25727
68675
66373
4690
12675
43807
11408
8598
17306
13221
82807
82283
75698
87184
29683
76126
2869
89462
11639
26332
45652
69661
74042
45803
58031
3754
84246
37339
84958
71733
39916
93016
35875
64163
87548
53988
13208
87067
23123
30618
31865
55237
88773
34463
84082
92282
61011
1388
18419
90794
71526
13148
38628
90605
61833
85932
31939
1579
31868
29248
135
13923
46442
85382
55765
17302
17752
44103
24488
11328
88570
23570
31037
44233
58751
29204
9750
16347
74355
53288
32121
64247
75229
88891
74767
66149
17379
50531
35703
8118
22485
71727
29675
86640
4503
58488
65139
14813
39140
27518
15434
51107
768
63508
41164
34372
45711
92908
38630
31461
9896
65338
44603
52177
24247
15416
21837
49135
61321
61616
87793
89937
91595
94524
33435
34945
45864
15473
57204
81127
5689
43177
93522
91268
44631
42673
59222
10369
32124
27690
50016
6720
60144
11363
4054
17325
6162
21830
44043
12195
71888
78981
628
8691
4458
33417
48008
27292
4900
79479
70260
30522
82032
80611
95188
12809
93540
53685
21867
16352
90768
58440
53649
33247
4205
90611
13191
57926
43643
86605
21065
22593
16468
1537
42109
74574
43700
32055
83068
46155
11831
62880
4194
39073
40884
71131
22011
2252
59432
85098
36352
51517
78504
69529
43113
47858
65510
68769
13090
74386
18431
93881
83738
92502
85618
90339
42208
28692
72569
37423
15558
69808
75216
29935
2237
22559
54003
56678
94181
15562
78625
25893
86942
53920
12837
49903
47616
21867
72355
32714
54793
79547
91949
43568
60531
11493
48091
96014
44624
63640
87596
61548
37734
15677
52494
29767
56286
21427
70721
67127
54541
67929
29057
2730
52395
60066
66992
53808
43372
93961
78934
46337
44377
56090
69169
87611
24103
13713
5300
64732
63816
12114
92563
13271
76472
70459
93689
89744
7788
60086
80747
32827
6152
34990
86868
17412
69229
36221
83491
34445
11434
58951
6952
3312
4527
13989
27916
47624
70296
68137
45621
34238
69530
61461
84464
42230
76875
18968
35335
41161
18260
3980
55309
48418
80198
33640
87532
2400
10632
15712
82777
58341
91530
85357
24687
83058
37431
60608
61670
60780
18844
71573
38946
16788
6683
16280
72209
95454
77901
16829
95057
89697
5293
28493
34160
50000
38831
54383
73719
53237
14434
84690
72924
15789
7508
26632
64840
31163
50120
93871
75048
81810
21394
78789
19655
62051
73661
82641
81753
13210
469
91455
28627
84935
35944
63628
83746
56882
75612
43463
95178
3811
40667
68473
10310
26733
23853
30259
3253
51794
17530
27633
47012
58786
83644
31313
88332
13284
35146
77976
88428
59420
15535
19221
83217
37120
59771
70140
45633
6583
1167
93804
57864
18332
22791
20603
9046
66950
1834
37040
21028
58834
55787
59155
55814
94639
29877
33215
23931
92255
22284
33295
34439
66539
78823
86291
36438
37324
72025
66302
43665
55289
23457
92039
37948
80681
25871
1739
1434
59016
285
17635
26352
37453
80600
14126
34100
84061
86408
34183
82689
84643
30910
69084
87578
19306
29354
83122
47235
30047
320
67042
43557
14182
20831
74613
78198
6272
25566
67745
45577
91251
425
33775
54602
293
42992
28181
45197
72720
21236
91189
57343
63217
71794
76165
79292
6829
36508
77469
8169
86825
91471
50845
78657
56794
34711
41370
21541
15653
3931
68814
14400
40544
52115
80575
48466
76839
47616
89374
34948
34998
35938
51647
49842
65583
42086
12419
28142
62692
28609
77755
74518
50422
92582
70912
44771
10188
59927
80771
51538
16529
25793
76603
35477
85886
14929
6170
83849
51571
39987
90364
80359
38370
27824
38449
43489
78512
88028
44944
11829
82636
61339
35935
28076
64632
92597
75474
39031
67595
88412
40865
17942
33194
79309
68160
62636
46655
6293
55569
91074
49960
11577
36129
92533
82902
6530
33812
14666
84380
33389
50491
26196
54684
53910
85502
75707
7844
40422
82754
11002
39495
20099
24808
63693
65644
14269
47781
74965
31901
82816
83237
57429
34798
18538
59047
41892
54259
36487
58859
61872
78123
93164
69427
18923
12086
80336
59069
2132
61762
95446
88559
43068
44756
18322
21752
15249
38161
29515
14526
4084
29129
57315
54295
92397
49261
35785
60606
22188
46241
35078
16294
9212
38004
40528
55274
671
18026
31621
38060
41244
23941
75047
49553
16927
26714
47135
45373
78533
63838
72465
10838
73494
24033
69462
81367
24906
6361
89293
66513
35066
44472
83108
66845
65047
55755
13049
51086
41088
28879
16033
65894
33247
25261
63743
52769
21623
22499
25107
18603
82962
30129
43614
87363
59734
84331
93169
66837
80115
86100
93118
61679
90533
76890
4595
76094
38307
61369
64486
15777
93758
60766
2834
39081
91702
25340
27709
94093
86085
61143
66550
22919
33438
37820
24252
70911
86848
60967
77023
10611
29741
44821
75435
62142
80883
74304
40706
83037
6687
67310
9908
24137
47899
22960
80856
80949
32634
10851
35038
62170
14517
36158
32040
48244
67120
38229
92451
25294
5292
66683
56572
13611
41694
44215
82904
29711
83316
17428
16012
86412
28307
93217
41913
36712
88161
18986
91786
68614
11346
76894
13524
68192
79212
77432
71422
35608
85782
2047
19817
55301
80791
59289
29303
2540
91585
92197
83333
55312
20772
65921
1097
66325
67338
81336
20154
39806
7216
33739
51605
57438
139
75613
69266
6822
80593
55943
23524
91738
4330
26234
28213
61704
49629
1183
27719
56896
48046
51542
8594
79040
91215
12442
32305
65237
31843
84355
6321
95659
40583
45642
32961
28156
12692
84913
74735
73860
74602
71054
54284
27447
94492
42910
2811
1999
12445
61911
76629
41474
78756
34545
4842
23515
59510
59981
85480
72198
9776
24590
51523
34936
54417
35514
73511
58080
64977
27528
58609
75516
86503
43978
94945
64844
568
58686
12466
7040
14262
22841
42010
93220
47939
87292
75883
13766
68377
89871
77777
18719
26557
2321
35457
65806
34444
52555
1046
13466
58217
18763
6294
73640
29548
15662
39926
50242
11431
30773
33817
24179
27550
27442
85933
7693
14923
43790
775
52352
77628
82431
93177
6209
13027
25215
93372
82458
14362
81183
3128
70491
88150
28106
84561
35018
22060
29090
4387
57233
83896
39530
76686
82074
84380
75336
61069
82375
14219
48614
25387
49928
83431
81787
1999
16182
44978
8717
9543
40311
2290
922
9287
18257
15733
27641
51995
18102
47795
53008
63698
42530
28258
9677
56626
33352
91965
18473
14774
48258
63606
6371
62838
47603
50064
51822
32244
53765
84981
24147
39812
18281
62879
1114
76758
64721
17948
88506
62175
45641
94193
41794
44317
19060
73693
86750
70053
14847
38538
76991
78778
61236
44493
27577
46517
26589
41681
1316
18452
19177
2488
70584
11560
11915
92559
62235
41503
5075
24571
13416
49363
64236
80107
86817
31193
15970
9035
20968
49049
67995
6505
82074
93788
43715
56251
42981
39738
62267
19183
48893
48570
92729
84214
44277
30205
35771
35265
44154
62729
92591
68137
79547
45529
62832
64791
77593
3843
88132
14792
63700
12143
5398
11733
22951
50412
16588
72245
32024
55600
8209
78800
36001
52837
13944
83539
9090
49594
84033
77482
41956
72836
43609
72622
85440
5906
36958
59847
78524
51949
72655
29848
72290
43103
8771
68565
24168
46570
95473
8585
34498
74506
75079
68490
82209
43778
2053
57637
66713
71994
15705
78663
78592
88225
17255
29691
59313
30605
54019
87153
62944
22597
69675
13194
74585
45396
22942
37975
645
17075
68894
52233
30849
43303
12773
41393
33576
3262
17589
87046
38597
56793
52645
52970
9221
5369
35256
91837
12283
35821
83440
12834
10462
75289
70626
70497
4704
70150
70655
23191
35178
31671
42542
21239
3642
51731
64316
80430
77681
65725
76470
48401
64139
13470
29631
19101
60299
53162
94288
65910
40318
72768
2094
39385
33849
63784
61883
23029
69134
63494
29762
17679
82693
14629
86023
28676
80201
57016
48062
12366
45180
41438
66184
19182
54567
14700
10537
40181
20963
25442
5499
15737
85045
80936
19138
28399
36911
31889
77676
57504
86442
15381
93767
66894
76099
40093
14734
53887
75534
69945
42856
82086
19329
57566
63317
36142
33480
26921
24559
30872
38463
15576
16210
73734
29236
71058
40955
64768
67935
22547
88672
68602
20786
30418
44321
70275
22134
77512
61335
58351
89070
31973
44885
78626
62618
32194
66430
58532
14439
52876
51675
69470
29466
60290
63794
67066
77253
65724
37178
93523
75696
47271
29827
63092
84136
45953
10800
34432
79487
483
37178
33482
6961
39037
53964
19666
83986
56937
56752
23931
54190
53903
19780
24522
16060
58425
48909
54393
35227
16372
33483
73103
53761
34665
47720
80981
48051
36356
25161
31525
87611
25620
89799
81918
15248
50390
59191
55673
54817
77992
12949
54917
13680
20696
80420
59681
11191
21858
65262
72607
41592
19427
95745
65925
80754
83529
63518
42362
83034
26137
8130
30162
40628
80886
63128
66390
93938
29918
37554
55437
75857
75514
45813
91943
37911
50086
75314
29149
49439
60431
69652
57967
8022
23347
8418
76682
43315
47029
63439
58469
13316
91261
7187
30644
64134
20289
67620
77284
75438
69709
41950
39109
58169
79852
55885
81973
89820
25213
22248
67398
24907
13167
61878
9270
29311
2599
41562
16151
95220
90168
91494
43554
22740
69563
80207
81545
14881
50760
6815
61063
93389
22803
20181
36494
39572
47329
73558
48692
4756
71431
2477
8195
9971
57062
57028
32203
79499
36175
3734
36548
89424
54377
13523
8262
29545
54704
86801
71152
86094
87321
38161
63703
44883
72693
57750
41287
4161
30140
10685
83322
68535
60759
39723
95091
77870
84621
74971
84780
33281
30107
41600
3946
25285
32246
31013
94998
38747
52544
43471
47811
55572
56097
16156
94952
27764
23123
92233
82350
95637
36695
53812
59030
93367
11246
59066
87531
37569
58725
53382
45628
58003
89792
17095
56753
47247
60197
51852
14271
18732
38807
35530
12319
33366
82695
1378
24252
83225
18097
65378
70559
81713
69583
44264
84722
91805
61807
85273
29098
88634
4607
1342
51779
66774
73156
52293
52502
44002
47351
8784
43846
17999
3752
61652
30243
18499
81632
68668
50285
90914
74610
91475
64188
38567
54840
23401
82352
62195
8261
5274
86750
85348
52416
42396
12297
65002
34543
87817
58040
36843
25630
61285
20641
29019
37948
54961
60931
11182
75086
41068
50539
72811
80082
11886
48074
87192
64486
93275
35792
51943
38004
73423
29854
52804
79649
12809
41791
84166
35118
1381
61232
94363
44113
63724
24397
55270
68286
54255
67847
48021
61184
12972
38646
5588
95992
77055
23640
89976
54142
47319
40470
30934
40841
17818
87703
69347
54989
7538
10839
78663
13969
31180
87532
12571
47206
68495
94101
9948
20277
55481
90667
43632
12921
34028
25288
30447
23910
58994
9801
93161
86221
95085
38008
11614
43303
42787
16877
22108
70682
21380
15330
29443
52207
81961
83110
68402
55578
40673
81139
18974
79360
38437
31249
62533
6750
91700
33628
25828
11093
29782
58505
71144
68609
32118
46478
44190
44384
46159
83653
75725
69038
25726
60820
357
76409
34433
7395
55059
39958
17877
998
95668
44827
30127
49648
45460
66434
32187
72400
76520
78998
17305
71879
2828
14734
36095
48722
5823
29658
50919
8343
77866
39700
77044
70594
69026
22802
6895
47040
53611
8170
29415
79139
84410
2934
39698
32592
54434
32854
36675
54399
81094
85079
5693
57411
57981
58269
85878
34550
39300
16337
23186
74640
36486
13392
63941
68987
68839
87981
78221
14467
72269
67072
59665
46733
67340
21281
31426
92439
6606
24345
87506
68332
90937
7741
65196
91371
54908
48721
51653
46047
95831
54539
77343
42407
91993
74906
79150
19228
23976
65023
36112
27890
44721
87683
93064
55790
3622
24574
79400
89886
20450
87898
861
55054
77725
21635
4288
86819
93601
40634
2811
94328
65756
4965
72944
80070
35703
63862
24262
19939
46689
51110
77508
8545
95083
22109
67531
7432
29814
43061
19785
74446
79042
32461
72476
26648
46059
34481
23801
4559
62020
39536
87624
41031
72582
68863
45742
42664
2478
7786
86768
89818
27370
75523
83161
35335
2122
7922
88254
13324
67995
2152
73756
95649
89482
5126
17290
27045
60671
16232
20512
86215
91064
15355
90384
45015
9603
4296
90512
1021
36829
21825
3789
39155
34990
27899
27061
19693
17637
27787
74725
2566
72926
77761
78668
32941
35613
28048
27557
17857
57837
56691
93981
26961
88125
8266
19326
79932
94472
55719
35518
40023
76638
28553
81669
70161
55918
18729
39533
48486
4338
60362
16405
86174
35601
45740
45546
52458
65283
39273
23741
94602
30164
83951
57471
44335
4828
33233
28779
44275
68963
72537
40942
29326
75558
58536
44503
85724
6747
20138
64193
33013
45370
15832
94717
42170
62152
38157
58428
52618
86872
65428
88803
28625
22204
1180
80037
36821
51481
36458
6798
49743
70732
71736
91090
40597
5450
72166
35496
17750
76583
5185
41123
19584
81398
45964
74149
66443
84883
31993
33434
2419
4327
89491
88715
42985
51972
21998
69110
63067
49713
20351
27895
56916
12336
42642
65445
89230
55048
78431
59230
2958
35163
26666
10181
91438
72075
44626
36547
5883
15837
40660
47947
16412
4193
78726
79453
3124
21959
15879
32954
71439
15230
27541
61258
3110
5571
11896
5233
73039
92120
41467
94853
71963
44260
73592
11576
62054
71918
88730
48234
43641
68404
46544
17858
35601
82947
89708
70094
6985
64947
1268
87285
17992
4437
26960
40250
8464
20363
6232
21488
42969
17141
64571
23580
27461
4694
72962
80006
36822
88677
40449
84625
68427
84536
51612
31268
58603
31140
19807
78976
81026
61762
32442
23667
53222
71332
52130
24257
78123
44908
772
31035
7767
36918
29745
66805
94475
13944
76322
49126
78791
41496
46389
62821
14970
45409
12837
47320
16938
95826
93289
92375
51613
42407
7127
40790
51185
62944
7246
90846
25704
44162
82516
30652
36364
82438
51381
85301
10279
75680
44184
60390
44087
30053
60243
79143
55800
49003
63052
49015
21001
9309
82131
85718
77871
39765
54598
16169
4138
5204
60341
16827
75255
42623
41641
9521
68634
71107
56900
54755
84273
46109
71766
86152
91178
25282
30203
45164
43305
41119
24776
77895
14441
2743
59769
73523
82450
69527
46293
46284
40930
9574
35559
92446
53198
19960
84985
11227
48367
20074
864
32248
66425
59999
32750
39780
9603
15588
90838
89324
36402
21379
2298
65034
4799
18354
25433
69588
39022
29062
31905
31025
70791
71797
77820
50821
74062
8062
66537
29691
1298
58726
20352
9047
65986
27547
83690
65575
87854
55977
66947
5943
27856
91139
28348
13060
18533
17585
63413
9970
14285
4567
32384
27613
6152
12040
12894
64817
23792
93474
54855
20046
18325
7762
30710
35508
81322
59887
18610
62332
8752
5515
19817
55008
76065
86412
44933
9303
83518
75336
18442
41041
14054
15458
4563
43338
26032
30869
38762
77057
83693
63054
96054
36009
80017
28517
64437
10149
44111
39042
43257
66543
11851
31270
60016
34382
35148
62423
52600
69489
50440
51610
69333
95512
25069
29274
53549
28227
92139
36061
10034
33906
67873
70581
69009
36027
39696
72262
63002
81676
49837
57560
40693
76300
36374
56117
85852
46224
30358
50919
67118
58318
36153
19118
48800
22787
82366
18511
50861
14592
64474
71849
34616
75496
53782
35485
47513
46333
33617
40920
40392
45867
32223
13681
43052
44506
68297
52492
92583
3044
73845
83953
83437
78812
91970
75210
11853
44711
59820
67915
82382
57504
69696
69573
87571
64734
51428
6949
47278
68429
37758
7286
36133
41767
88510
55265
92230
30033
31418
3146
405
94451
45254
301
82305
90617
54903
91103
37820
55590
44523
79766
83346
8556
33637
33987
22697
81494
63494
82904
21129
11038
79417
17317
48003
14955
93750
77728
95836
84865
74746
11611
27915
23274
87333
24748
56354
41737
2410
43963
24009
50365
18045
33217
1142
83330
36485
63134
59497
16345
34234
68166
5063
5670
71156
57923
34999
52818
81331
91796
26781
73328
91886
5025
39260
73910
17795
54202
86104
26857
78661
10726
57683
2955
30672
26317
12994
32882
92876
25749
58234
47329
44899
68010
48205
92910
49717
53927
53745
13760
55630
90360
35223
1479
3441
57293
92833
28279
19421
24353
12262
74641
89589
81911
38884
2261
50516
91748
48879
79147
38244
35206
81640
37769
71025
34747
85474
17904
74012
4437
42585
57693
1807
42449
84568
2883
54989
61719
75350
91305
17148
2129
42460
25246
55076
56729
8645
47368
70809
68729
91727
25388
34202
91437
53058
53430
55949
34564
38218
70971
48410
34606
2288
81655
48767
17205
81064
94771
49502
22009
605
48245
21370
77189
69168
72320
52758
44785
93803
88426
17587
69809
60662
46920
8789
43140
11446
79687
34470
54882
20152
88381
13914
82532
7707
18066
72694
20628
37644
46340
25583
7200
50764
80551
73222
40233
2600
48867
6657
73371
23552
57684
40049
67249
93027
74375
241
48833
15636
42457
90349
46942
13135
82423
19405
53662
21182
95657
92856
41307
77804
31974
53781
28481
35484
3148
11797
37490
18628
88486
39584
28937
57791
5712
77354
92635
41227
13712
11866
34386
23786
50800
17218
58609
34334
6833
13821
38326
90684
60068
15787
78051
22154
52774
47727
73908
30537
50590
60579
46187
61384
41013
20773
39942
3999
2957
22206
83553
75727
81771
26042
91998
51216
54228
12283
93365
20789
80922
74526
38647
5177
85010
90754
63187
94586
1470
63982
44139
51611
3958
78363
1611
81815
74783
85128
67830
69052
67593
38844
5227
84714
40122
79941
35543
54725
67602
73311
73166
82625
45699
64334
49411
21950
24519
38056
70433
61561
69266
10546
91352
70486
91962
68529
6148
5021
88526
55464
51495
14897
63278
52185
6575
62587
45870
36785
38792
15580
45990
54551
58871
53658
48405
38771
49664
366
73706
72769
60694
23720
71128
3300
71792
76865
81380
85789
87933
26210
23888
74617
42481
42068
44925
46437
14217
45361
3353
33738
6084
74639
62329
5329
88870
80569
74983
64337
935
84576
57879
25469
73135
36328
66302
89686
18856
29222
10788
2438
21833
37611
83144
44777
16486
51515
75051
45739
5281
85417
12203
57606
67990
24449
66966
91225
75020
85691
19081
67947
46744
41994
30907
12020
68464
25521
16720
36957
70771
33678
74345
60392
10939
44334
27652
5853
70842
87085
6509
45243
89261
88235
65236
80643
29242
53530
66249
17793
29470
8331
74087
15387
1361
38653
24216
8768
51982
8383
12688
65173
93345
8479
51838
55059
44676
37051
77274
2061
18213
39915
52792
12999
10690
29376
45054
72546
82811
64870
95270
70843
36357
20711
21540
42948
47050
54088
32242
68609
95166
63227
59129
6683
21843
56694
44223
67192
84974
26501
26039
8998
29755
31270
38897
61951
92993
54329
42129
94097
3128
19029
82444
39215
83667
19585
80921
2791
33463
42241
38688
36162
81810
92977
13482
63234
30507
58452
79621
14785
92699
90895
32538
67951
95484
78169
90067
72341
25295
28136
68894
37412
2823
32780
54549
244
1392
41137
6395
77084
52944
13573
80414
469
70177
57789
905
61960
56145
26821
80927
13197
56654
3852
35581
95777
39880
39534
87508
83077
52079
39418
10989
59833
47972
82580
44628
45938
94935
77650
22254
48921
42803
81496
14260
22506
65406
39137
47403
79
7710
82514
25547
52358
95091
91728
93928
19510
35097
65419
2017
5566
82798
92110
31372
8236
41699
73085
89163
834
6327
84270
9402
78401
3106
12720
85825
31353
91251
71911
30727
17088
85475
89275
42484
35924
60946
47547
87318
20440
13812
20507
44880
5659
25732
36608
90620
93059
59842
48601
45170
88700
32472
25069
32113
93326
22732
12294
88309
52158
2513
47637
45862
28100
44440
14077
42057
92724
25299
17159
45442
46425
55025
48354
38877
4012
14623
65362
93228
17567
52938
77593
87872
80991
4097
53829
46562
91991
73413
38610
36276
38547
70237
12338
8491
59301
94544
92047
15570
9677
86479
26031
42874
38718
37114
70292
56522
91841
54879
69438
72154
46135
56095
25478
29361
7238
51302
84310
9891
15528
29125
32552
73208
65083
17464
91212
42351
15173
91104
92423
2695
30578
82925
703
63328
44166
66281
41597
61214
31466
81258
43162
63508
16683
41822
74917
68056
40165
30331
10742
82824
6762
66474
22143
16892
83632
17569
70879
66884
62064
61254
58845
52637
7730
50987
23073
4586
63387
43663
28107
5656
83820
78713
74786
418
67282
6878
74258
77404
13105
92887
39104
63718
73377
79777
67955
64093
15426
74976
49338
8828
46685
46075
51373
34734
71357
37893
53366
18954
27389
77548
62817
29427
64969
50261
48514
23335
36721
72642
7153
79850
45687
55684
57017
93930
23003
83885
84072
37238
88944
11035
19717
28417
72075
85230
58869
90506
46314
95960
10568
93685
11074
19746
3807
32037
226
61260
83161
91173
1840
28819
19648
83377
93719
87796
76718
29509
7045
7582
91840
32582
33441
94578
67091
87694
95768
18111
16235
27681
7199
43288
18611
5564
12095
14318
76225
16053
90835
78058
52932
50136
49375
34797
11961
57146
27539
64438
55337
40552
58313
81301
86019
80083
27865
41639
9139
75017
65433
32037
75168
36271
60928
16451
22582
6038
78527
37205
53982
25363
81993
51220
76739
77414
28921
28047
33225
80627
79092
37634
11711
66830
17274
92773
78406
62918
55024
16980
89369
57710
71179
25383
70182
81653
25431
64026
85110
54211
43328
83292
87440
88349
25689
37786
92990
74572
50348
41039
31519
84010
9847
52720
60932
70965
7102
34090
91486
39887
64701
13000
63159
53079
88161
11340
6614
82908
68677
23369
82840
5610
65659
7958
78411
13714
34772
2525
692
87745
10983
51253
29272
68554
62213
61809
27641
76150
59876
80702
81325
83008
5623
60784
9654
90974
54067
11997
78561
27858
5519
50362
88259
30955
74293
34575
1741
92500
65135
61010
93478
27181
4388
57492
7517
48847
24832
59146
26806
18614
48839
25698
78705
2967
1296
75921
34574
72252
21256
85096
88090
62679
51949
48457
45777
33750
60974
30798
14968
30544
78026
90423
93584
75147
31416
81193
24353
83476
23213
44672
64447
45537
38448
11377
82482
73226
67133
93998
60150
89350
51607
31852
64690
23306
60234
49026
87091
71580
4768
11153
58559
29988
24563
80662
56220
8347
68468
34939
13809
37617
58385
51202
39110
59135
51389
88289
75243
48985
33774
25107
7991
76
36162
59923
952
2101
81920
85973
93601
13972
25910
82625
30265
48183
43225
72394
51379
17997
81684
45030
79916
6947
87481
32904
3189
36911
47859
70772
87838
20529
76444
35723
12159
14461
42252
76935
42681
35899
93231
3160
10147
79124
75620
59648
78751
89978
11613
32634
50566
91543
27398
38118
94407
73363
28785
1410
28022
92805
74080
26502
18738
74422
45264
21426
15209
20293
74037
48132
70234
67667
21936
53850
31129
26202
21817
29904
1660
52567
73638
25366
80687
49584
51347
20292
87016
14250
92736
64189
77471
35522
26317
64395
17353
69778
13161
28504
45107
56775
4018
78168
75679
2163
44886
24532
2596
89518
49095
51581
38729
45232
55215
34660
54476
31884
84003
3770
80631
89751
20180
63155
71673
28276
23911
20462
2696
52786
87880
65674
91101
28173
25581
63903
29174
30807
80521
61952
12621
58960
627
73457
89612
2484
64324
82482
28487
90223
55428
2190
65899
17223
68180
78023
70775
51592
92336
54647
92419
15651
74043
87994
62877
82734
3827
79409
6653
62243
26592
28512
61008
39361
61762
31910
93080
85602
4886
17580
41983
21043
67945
17443
66575
8525
53647
19090
18563
26583
35339
69298
43756
14090
70800
15818
17185
3952
21634
55500
92005
1182
56885
61869
3659
24877
25787
30829
35296
24717
23442
38396
47143
3489
73510
41923
51147
46039
90098
95549
76861
32259
85291
82339
57664
31276
43928
646
28928
30014
90914
89752
76425
24325
95580
68108
24962
27955
94568
36917
8077
65218
78918
76134
76370
21541
82595
53177
27561
35692
4094
44270
30006
83385
16664
44856
22418
74291
53186
29267
65829
64568
56937
35278
13326
48835
22620
89332
33100
75228
34726
85250
73112
51093
1653
60867
89910
88319
57827
47175
8253
92469
71238
84354
67046
57184
12091
63960
16460
7925
69917
4007
93278
57666
12515
54822
27268
58087
31625
80755
35022
94362
79142
62796
72796
83858
1745
11021
66262
81917
89081
86706
67844
17089
53824
55111
81669
52298
10228
13900
79825
80258
70239
84998
73414
38486
45930
70321
41802
31780
47412
80263
6111
43979
2559
18797
43017
40573
32141
68032
55465
49592
73811
52727
34973
36446
49628
43555
48320
69740
4370
61683
79457
87639
42313
95508
68965
65448
65208
10701
56479
58387
19653
61639
27429
52663
69538
71103
5765
14812
31256
90024
94842
93971
54772
42639
66812
15838
49788
40915
39748
94631
80444
23099
2109
14198
18555
16612
73955
58648
42840
25999
87217
58405
92330
70262
68133
37382
64483
73354
85189
32278
68750
90268
51316
51581
21086
88516
94154
43075
66479
14255
34498
85602
88825
11890
87635
22120
4610
76741
25548
27703
70408
24063
17670
47235
43619
751
57892
63162
85969
16758
65150
68443
8179
8504
34409
49643
47245
59377
86055
30668
11683
12286
35041
36948
93423
27810
6711
30205
50347
64382
95441
7503
40282
87160
43232
28372
21283
28344
46447
52324
18620
31539
55530
82292
39407
87883
23003
12221
74672
34707
63693
39826
94262
8984
79761
3368
64743
21047
31216
61120
46119
85263
10576
43906
43703
51450
94790
29385
93790
48987
64528
10625
8172
57091
74698
89017
79011
67917
85076
2163
2273
76955
59622
89163
89495
77142
50919
53954
52743
50302
8465
10738
1494
37703
18856
22579
82729
23926
36344
44280
25311
52242
35056
82681
52124
67505
56987
69939
77916
52222
95386
8985
43783
86242
16567
71308
46222
67862
44847
71740
4986
39333
37741
11962
56227
54076
94067
69322
44066
17756
8146
51969
25323
71978
25318
69029
72474
8343
88243
16135
47495
41175
85148
27689
6515
14605
71670
29893
4406
63178
11726
26716
57676
89129
12245
13002
18994
93192
52174
5762
49196
75125
17560
38788
6842
8840
61735
59023
5544
95466
20882
66641
70681
60362
37937
30654
38402
65778
77120
31931
15525
52228
38178
17150
25636
59845
7264
54565
56618
39643
67086
65744
596
33864
41225
15280
76975
72420
20996
38359
78155
79921
24973
51951
82803
71475
64344
61701
45322
35926
55099
94990
31458
9436
67039
48532
83277
60563
58949
19682
70946
45646
30940
62863
75489
50130
4717
10342
90020
49666
28931
19010
73284
3836
61193
61996
59250
73323
15141
75717
35273
27391
43295
60363
6262
24513
7689
89714
41883
71465
26748
47423
24765
37637
75783
73495
71761
8818
9455
48146
41147
72025
86672
94896
39246
82323
2719
66537
26718
50352
37560
485
52909
29345
13865
50654
11710
51111
56162
85444
2842
50913
92422
18434
51568
92373
43115
15320
61518
8337
29974
79974
41977
18898
17365
20879
41339
6947
56937
39833
50070
74552
27306
93747
84580
66710
60409
14273
45884
12179
26584
91435
51593
25234
29162
6713
44081
91292
15523
12571
56797
45381
26552
54300
66252
18905
11009
22886
4311
85700
7406
75920
86721
72128
57061
86646
21211
91565
21463
20310
41869
72982
39224
41921
27502
44966
42915
1761
33497
95311
14051
83839
14468
70323
65489
36113
40499
25124
23352
50338
47507
70439
25398
94143
88814
32301
63902
79700
94726
92217
15944
86904
10172
32261
70548
32260
71994
26680
11094
42871
16632
46788
87657
31140
13788
62914
49352
19486
64811
84512
46893
62214
82735
81899
6018
33569
35952
82918
40750
51175
65691
52930
87789
71541
24758
45528
61191
82320
25939
69526
34443
4155
57344
55126
23317
90135
27798
77533
82508
5036
94231
91070
90614
21541
45850
79540
49440
19362
47816
38334
40586
79424
85384
81265
66860
36220
96035
91423
41419
63942
6591
82928
72615
68525
41461
92401
91915
33643
73946
57547
68120
68751
76923
79943
64022
63959
83887
87996
81336
89737
20436
30870
31689
32750
20636
23858
52508
46025
35126
67810
14427
94761
23115
47335
43464
61392
44832
7921
39852
1258
57591
80439
58145
80079
89984
68530
39771
41845
46744
67297
60829
83629
30114
57927
22562
20524
21428
40316
29337
94968
72635
36605
13266
35241
35898
68635
44081
410
91966
40129
43414
26185
60172
69316
5182
3890
87325
6757
85618
65921
752
8458
63699
50555
62190
1827
32307
23265
56502
19864
42821
90919
6319
12775
35507
9197
4611
90061
76233
26450
45209
63433
9968
15596
56142
51642
50133
47428
95207
1739
69411
43820
81725
14616
13816
55613
11109
84825
86011
52211
25085
70176
5596
85213
61673
29391
60912
33121
47280
76058
61067
78270
31315
42060
1690
32949
90261
90616
19073
34860
68386
39776
56007
94108
23427
12253
52353
89184
74815
89568
44466
10916
84718
64749
62309
19829
60842
83023
70502
82133
95626
242
32963
13003
85334
33469
62330
56832
89702
78354
40087
28453
58999
58368
69698
81496
58079
65708
62575
70197
84692
32101
16272
52491
93877
36223
24578
42994
69867
40164
35646
39392
89575
70192
39702
94995
69707
78198
32570
84750
86285
48216
47389
23374
49005
93812
80357
64667
33958
863
45582
18343
42009
53472
86513
29185
62546
70517
75870
5612
72639
69506
85011
17960
36366
72819
68279
88217
6963
1065
72355
51757
20105
88786
82647
84201
61889
49867
25772
34882
19647
64496
47037
22842
13894
64550
42969
89026
11280
63536
41089
6289
38589
34945
58300
59599
20369
15321
12674
59144
55916
16631
18094
94834
26357
65783
84628
51829
47123
6294
15502
83129
85686
87380
74564
36415
56774
28847
68122
9088
65867
90193
48653
69569
34502
77767
44898
58484
26135
38511
34421
80687
30993
95837
10082
4257
52743
67603
29561
35793
81684
3298
6264
51009
34108
93617
78277
47206
39816
43060
20347
65079
17964
61118
44874
44595
24422
27769
56676
74496
63891
54751
64616
15613
56561
39911
27537
440
71111
43619
17972
28353
48592
7108
5757
63509
88864
48909
13337
69541
6228
31829
80267
32494
60693
78439
13779
7888
69573
14443
17032
1902
6470
58103
83456
95740
65128
85196
35173
18498
8422
73785
69985
49917
94769
34635
38030
18223
82096
51299
79776
29801
22349
71272
55990
21800
41614
25563
20423
93650
6926
8767
85224
11376
64515
29394
50578
17219
15155
54085
16722
34161
68103
56948
20499
44930
14058
72545
33024
38371
5740
61906
45487
33820
70906
4004
69029
66950
63244
77856
63850
82029
79811
27369
55070
60170
30736
79763
5320
78939
78764
30923
82642
2412
18051
1157
58359
30146
19474
22614
84095
90448
83540
10834
12719
55052
82368
25646
80555
36209
75115
1609
59501
82899
50591
36911
53965
83163
69033
25643
75613
57110
67084
31085
41570
9172
74210
5286
5808
90996
91683
2461
77138
47413
70145
52672
38783
62896
16955
24597
93588
11321
89379
3287
45593
86258
90964
83792
32224
21993
48752
52182
78051
36214
3561
69178
33615
64062
37379
13976
54906
51151
66214
38049
68707
79181
47391
1344
1412
60864
5086
52841
17678
92208
72666
25007
8899
86293
43585
16142
28616
62282
93532
22856
9618
1787
15109
49567
66035
10265
40507
83826
57602
5098
740
55602
68602
83447
81910
94564
65131
88640
73679
50188
91039
57139
28221
65899
32137
44372
27505
37102
31591
84471
92866
45911
12264
2945
5531
38786
87094
64708
64475
35357
62085
23529
75359
2549
5863
77079
27672
61195
26008
39457
40396
79614
82590
90420
11393
43034
40313
39050
65003
62413
24471
40823
74566
1306
64183
81698
53956
20760
57726
41298
80520
43875
85212
76347
40945
59427
38730
72598
72464
11381
61100
35600
30179
40575
92744
51726
9270
27183
49637
9667
16332
74719
10052
84075
14405
28584
16899
74673
15312
88950
16832
35353
57887
30866
19669
87432
61411
52871
72113
33415
10747
50879
13757
35602
57013
17844
68537
26563
10121
74849
61374
86134
87400
29888
78537
40997
9189
50849
45924
8793
30112
31339
19843
13820
38973
64299
28021
12331
17639
39091
25041
90096
94484
41951
29222
46862
29845
28194
56607
59253
67828
72252
48173
46498
55408
3106
78610
6969
67301
61636
78216
40606
82122
79522
18195
41022
42077
85596
25729
20637
76228
37239
4226
47517
34315
66204
68677
51801
49472
21327
2683
46478
34592
85324
22591
12612
23648
87662
32200
25077
85144
70844
30914
5150
61362
76038
52034
55851
29560
4489
27261
34655
59986
66748
90750
65462
47833
90836
21518
43563
85883
65575
32018
9423
5649
10177
5624
60295
69724
90430
24808
17293
63546
88243
78296
86887
77766
52627
32961
52868
26784
44625
74509
75976
84519
70996
41571
79438
79437
47091
87654
60650
67873
58163
37859
88295
66156
63282
43837
34526
44638
53802
91206
11448
49260
12152
42910
92176
1917
86758
57431
53745
1040
7849
87961
6780
16357
12112
89026
18353
27082
30443
60150
91528
40642
16990
82043
34210
48708
27615
74159
76422
47832
93378
44584
51998
44974
40219
55645
58222
56875
28891
15533
8276
62128
74914
44470
55059
48864
30133
47471
35949
64582
7257
63335
66112
56421
10471
88889
83451
42746
26092
7934
18984
88635
93990
24353
75969
33152
8615
37960
23407
16984
93882
2215
57164
61148
54775
1330
92277
6510
41675
41627
7453
38732
58951
43308
54463
40094
69148
80675
51220
45448
34558
11257
15763
34436
28847
57177
56631
74134
65083
7746
4298
47441
75427
4500
72251
58237
6411
13290
44832
20000
11305
16834
77998
89639
78439
93118
80252
46773
66230
3507
10575
35651
17866
61825
37143
76655
24988
76053
48722
46255
64999
40554
78650
82361
44384
88851
67671
86571
9565
49957
34484
78942
80363
16374
28722
91720
36502
90862
92808
26334
54164
7275
35366
74654
92188
20675
84013
7813
91390
78154
30331
51942
30258
93828
45961
49111
44213
39517
5729
83136
82751
76631
14266
11509
67416
83249
39597
65594
32708
81247
22931
40029
28157
95813
65814
84292
87334
81033
68067
83163
75690
90342
74041
65034
38683
79065
50199
62070
28287
1108
61909
90108
677
49756
44631
2855
16446
18614
38321
73477
56754
20091
31347
72162
94667
33866
65464
83782
34525
73781
69282
71028
69562
72622
72389
66967
15335
85661
39850
67141
50833
62144
58144
76525
2337
34723
12751
59553
18878
52560
54147
78017
6465
44172
81248
10912
76661
89419
5521
47461
54468
95087
7125
34526
40831
44635
9034
71658
67399
37399
19668
63907
80436
10336
74699
25207
56071
65381
36680
67318
74432
30584
45226
76581
73515
89247
31909
50294
18316
35042
87188
88604
66336
82555
87593
93789
15871
64805
55189
87699
23065
6313
85786
54405
32919
79364
84018
31197
9768
65870
88901
55607
72751
95059
31806
1731
74584
2248
46311
43398
29669
47626
49732
54064
1028
27969
75629
62042
64658
13562
40072
17061
30563
19181
21957
12376
66930
81621
4039
52401
32193
45668
81755
75445
48824
83611
90255
66666
1496
80146
37114
67060
88689
20909
69319
79329
55349
34748
49740
52474
7364
346
73569
51432
57344
12099
85372
95128
12986
22639
81550
80011
54304
85256
74905
30200
1153
61170
73555
52616
22395
94247
24610
14935
58679
4818
64589
25682
1734
15860
67936
5946
25244
28805
33801
44355
84505
51434
91869
10913
12498
41992
89797
70644
77186
28008
55323
87925
52876
85359
3534
62874
15273
50760
8577
62992
28602
81379
69887
92639
10939
94433
88297
77093
24211
12773
57490
95884
67171
15327
45941
84988
56794
52300
75260
39795
801
7517
41150
47275
78219
73604
64595
93187
8052
21284
67341
17005
54024
25840
8903
55231
80551
91229
63379
57290
9047
38463
47909
26271
44055
77427
5107
5297
56152
39772
40549
15780
19335
49254
84820
29212
87158
72948
73470
29180
68854
24106
22726
52607
90710
87793
68726
55129
14328
12062
66863
26876
72919
81627
47463
39222
32159
94356
22659
95458
19528
45498
46883
23357
25831
61087
2727
26946
76032
77217
29598
21192
65180
15454
40747
15474
8694
449
48359
17555
31645
65825
27403
52675
42942
78430
57518
14109
26756
63380
79604
76751
82020
5368
29506
84346
91104
88050
2789
95242
5414
20311
71717
31776
16467
70793
90753
95233
79633
45098
27569
88950
5835
60515
82735
74490
66445
62479
97
31783
54002
59002
39114
49604
52285
18980
82946
7108
9983
5152
24383
23308
72020
5560
83090
29218
90480
15143
95066
23411
1729
46043
18879
55852
33604
40994
6162
48223
51932
33144
73848
15980
71085
76111
60144
96076
35149
84452
14358
78812
36810
2559
85201
25791
89538
61413
55031
68971
37036
57570
5208
44422
47750
47992
92211
42935
94303
26665
51408
75618
68285
18197
86581
57457
60437
40479
55982
33076
31668
91628
64340
62513
12413
8165
5313
41359
42805
37851
26535
47464
31003
59635
55443
44016
91389
25525
56495
47378
17441
66559
12914
18923
61409
80113
612
89720
87059
19715
24367
91105
70323
92256
7365
83747
36488
65397
51253
17913
36333
49498
62770
37362
2725
43822
54117
89496
15654
82323
3493
75022
46953
17384
59831
16921
24118
31093
44831
3466
31193
58136
17844
1649
19722
29894
6696
79390
26174
32147
45918
79986
43630
50958
16688
6527
69004
11141
38886
17896
34655
81603
95127
80783
27057
16210
38531
64179
51197
17345
77714
17960
75957
23610
54335
11191
50033
93292
36593
66238
23397
82116
90375
47883
3964
87734
57441
52744
79820
71158
82478
45743
74282
32267
91155
41570
43494
67309
34090
79892
4625
76990
66202
72618
65977
92617
69936
6250
53727
95506
77647
19145
94800
1122
67570
15148
75
3858
81302
16591
58599
85449
93499
59196
23233
43174
13855
45162
78916
66014
77440
2655
18264
3572
33794
92674
43463
11766
11334
13633
94302
72661
89806
19462
28537
48343
42189
15384
31771
55393
64938
22390
53031
512
39039
60993
60144
53298
59789
69237
26971
32523
68541
72742
16688
93208
41936
32305
7114
41616
81360
87624
60924
35824
37223
59884
68553
20434
79249
9652
88259
8341
29862
28817
89006
91366
95455
31250
5867
68811
87472
64567
8324
8299
136
30725
74288
28448
20132
76606
8819
59373
37836
28673
16118
32197
75853
33061
32649
79519
2773
32865
77164
62983
2733
45838
58757
44501
93164
66140
1311
12705
75249
87071
55799
30625
92825
11561
9263
38752
9515
88463
34113
70866
42401
75655
51050
41574
53709
50062
25972
5402
13500
92951
15671
44588
26007
48636
16031
76598
52458
89915
81735
58688
57169
15081
86430
64736
28004
57166
48528
22659
74921
30182
11444
22088
65559
85624
46417
15515
61090
14564
26236
81979
5379
85713
31340
56429
74822
21989
23448
79186
19749
24781
9609
48288
13629
54012
76813
66508
8722
85246
56885
22757
49999
61638
74592
43296
2904
76442
63133
78117
21894
19480
93590
49211
29147
67374
37335
626
48336
72320
46608
151
85199
15100
33709
53106
23405
35592
54795
33652
23694
3768
78281
46458
63943
31544
29315
66622
1156
21857
94554
6279
85991
24369
72086
5974
45645
29541
85372
83192
37211
14689
10079
10349
11492
78108
35957
46141
68486
63119
27432
80233
11734
10356
94340
95270
50499
81492
40243
11669
31971
45173
32413
19246
80285
90055
27710
84711
67427
35257
57020
47716
54742
19982
83616
71333
34855
35153
90970
43732
41339
45840
86623
21597
29393
19070
38078
67819
67558
77329
55980
92235
50434
43475
12408
75382
47922
58064
95644
68228
59950
91791
57459
2728
15072
34140
48753
48002
76136
45103
386
78112
6530
32604
54576
18065
26591
32033
38885
78837
27871
79304
29056
60166
13492
67699
67219
89370
53580
81066
47347
58435
5607
28073
58476
29914
54933
67537
31592
54161
5526
93487
13367
26621
10128
1029
69878
37535
43417
77713
14675
9332
77205
35610
78536
87089
67659
87258
54461
11818
38168
11554
26951
72497
56627
12092
95134
17128
27947
80631
6144
16945
7634
52478
2562
45800
3579
38534
3168
39039
71548
50954
67861
66079
14869
42965
48415
31363
84020
44759
77215
73279
67452
72833
93937
81404
60513
42143
34761
20491
88284
8046
7219
19062
86821
95167
42522
52497
37577
19459
31736
34397
44915
86363
8195
52038
82677
29784
54370
63131
78897
57070
48024
47659
67976
48359
15962
47612
17889
30363
24992
3709
85492
73306
15302
1618
67639
27367
44009
5734
45767
78111
30771
49271
66238
49304
22459
91972
65546
92692
5953
25843
85534
55923
23778
90333
87942
3933
73956
66014
7470
33457
38062
77503
20219
71633
82774
17218
14821
19921
51675
34497
59223
52916
32808
73573
4827
78608
31716
40606
72214
73768
18428
64101
57188
94030
74923
51612
74266
44274
38778
91116
67051
69197
8949
45201
70073
36826
65922
34177
60996
88986
3065
26658
16688
27466
87412
218
56532
66005
17469
33385
5287
14824
78689
93106
95207
46899
90268
53636
90419
9024
19543
48786
73420
75143
55010
25851
34040
12385
59888
4114
83452
16186
11877
61804
74577
18375
22468
7672
61831
41428
13362
6811
13048
87895
88692
53929
41746
71712
46345
35538
69333
56474
53938
19597
21509
19306
36281
76503
18457
40401
26233
32372
86270
30144
49208
86195
13576
40722
54975
32123
22155
36791
69370
1141
29234
69307
9022
22087
71277
11319
29878
1714
13475
81798
7810
73743
17518
46257
38459
67224
56880
34425
3377
17892
66831
59963
71847
15538
80480
86785
70420
68715
9322
9650
8238
80768
21124
33545
20249
27431
23927
28828
30639
88881
66712
46726
2133
9476
28740
5191
26334
552
79574
44074
26224
12825
4855
7761
72111
45663
78705
33460
11829
55694
8165
2959
66233
17141
47754
8027
20132
5066
73972
63714
53853
9159
76611
46623
73232
26792
8464
34953
73691
95372
67403
85728
38030
77860
317
23628
88799
7543
53730
35269
18579
46104
61319
87056
93081
42062
27907
70429
13691
22530
50796
36433
78039
83666
64875
39836
23118
36564
74857
20538
82843
23776
32599
29418
86985
71554
52763
19309
32570
18423
1604
87413
55688
24053
80554
51360
21316
26322
18679
19902
70969
23606
75370
16423
56978
43421
6695
93370
68034
25515
47669
90577
8599
5286
57414
95104
81795
72849
93677
37648
93866
60678
73444
80223
79645
86381
93863
7283
43543
74648
89415
54038
84683
42185
57582
52409
49104
60373
71934
12832
7427
15890
19508
55741
67695
50889
45887
80366
91929
91037
69908
77268
26625
21288
86913
9422
54478
88605
42817
44242
41497
92631
95096
84849
74221
4939
91856
83978
2082
34924
59560
48919
88613
94753
39422
71784
24376
3748
9785
91428
85223
52226
32221
51492
69651
22825
75154
45935
87986
49065
26640
3990
55662
13702
37487
81523
9842
3165
60560
61230
81599
91491
75930
7014
59013
63330
82478
19305
82608
94416
76152
46925
89267
53191
91974
24567
78016
3266
23597
13107
8217
77150
88970
93209
77967
46925
59900
67335
82068
11251
62427
91416
91629
50258
40948
43566
88124
11040
33747
42621
51927
91208
70740
74600
1292
38929
43779
68977
74229
82946
75431
67430
40502
65059
23646
2693
8205
68908
92175
31707
26071
88331
13612
81336
19119
12542
35663
12295
82031
69536
62101
17874
51230
46027
63684
42876
55491
84292
44632
51159
48766
80039
47086
89544
27074
21346
43204
58891
22999
53183
521
74832
47754
50214
51392
72831
93591
93064
79625
78083
60513
84321
91108
48584
84459
34759
30649
10535
32383
9922
8031
56295
75723
31975
39627
75118
8108
9454
17464
51745
78903
8078
14332
661
16839
88907
28665
88822
20608
94419
41024
68083
19780
40958
71342
79362
66249
62705
93999
19390
58557
13562
87740
8540
954
46217
36644
1835
73136
54867
42533
34509
38566
51790
82655
76558
69671
55088
42043
18183
65828
62218
49047
47008
21363
62916
16705
49010
928
2696
71958
51200
11787
65986
23338
52984
71943
88593
76927
80613
77065
92868
19397
36436
89018
71241
27422
61610
26847
31450
87013
84124
29469
44196
4478
48546
10414
77118
5688
22498
33013
8171
72277
42955
55959
53218
82283
56842
42662
3606
67481
32114
71516
17985
52434
43132
29213
53859
12381
52633
83493
22940
49755
22986
83158
29640
24243
76715
50143
11644
44003
75073
60721
67544
26576
95161
76356
85637
7227
65160
31812
10415
72707
60745
40370
3578
49905
79783
37600
49477
11634
88388
52686
55292
42660
80748
44321
89587
84395
48556
87064
67059
18498
21019
8375
727
823
88770
42732
55652
45645
96112
3578
71059
64453
76626
14333
82206
79627
81940
50329
10647
93414
77390
46094
78608
77253
43296
32184
66779
61434
42208
43908
6585
90929
27486
19166
96019
67380
80008
57337
33832
9248
3129
77629
45586
22
20599
75198
73486
6374
32367
64596
14274
16712
80952
72588
9286
47445
52378
12987
71548
18182
1530
16872
78079
63944
21905
42872
59432
20420
72864
13113
28300
49223
41748
26747
17953
11574
95946
26503
51330
63290
75349
2327
15062
24348
17859
71898
76225
28126
34817
19650
65168
84312
26805
73970
65141
84902
65350
8412
74642
91153
43912
70730
57988
54159
49659
23683
46510
63551
60153
51935
70464
2922
51659
33884
17149
2619
89883
93096
28594
2167
77371
4804
83981
19881
5210
92174
9526
7410
39535
53091
64632
75206
76582
38048
1526
22530
40132
70325
92579
93320
73325
83760
32345
74422
49390
59782
39359
44802
40236
28439
40916
54479
68563
45999
89158
46559
22018
17807
25462
6876
76150
8570
56922
87074
85295
41972
73366
58406
71931
74027
56789
86035
33020
23670
19835
18786
13136
33678
3759
64160
79193
75467
46893
60455
34665
24004
38571
26730
32495
70055
60552
89114
88573
3491
94204
83533
32455
25933
47864
36219
37886
62536
42213
67873
59493
92485
61650
8506
23506
14317
37895
72223
81660
49504
58292
88769
14249
80827
1777
9435
45247
51440
63767
59873
88602
79727
85812
67051
37456
13242
46801
83368
82180
86754
24979
93202
47865
26005
55322
36741
11266
28638
94223
5903
24469
20331
3057
46926
74904
71252
40133
48500
36661
30152
2317
17858
1446
85073
15909
92796
11483
23422
93218
29465
33764
71537
75039
18101
26597
81471
47173
11802
56539
43887
26980
62142
52196
53710
78429
435
4502
38003
8003
46967
37970
9477
21835
44930
21414
62165
65594
68750
49949
72486
1330
57229
38203
77401
93961
57065
723
57750
19037
7786
48870
12839
79616
95588
3585
68802
22854
52655
2770
86698
34842
58267
20202
16374
9354
57353
56066
29489
91103
51752
77838
49976
16848
62797
72520
21929
80024
48400
20800
71959
31533
44544
49231
36005
66905
22747
56279
15024
45634
676
71177
12189
47300
64881
56850
27979
72524
79620
22614
63386
30109
64476
38135
38219
2984
55937
68113
75483
77584
56940
87470
49023
34364
76227
82346
24400
9154
57570
42890
37936
75167
52717
5420
24954
53842
50482
69219
61700
23064
95673
37628
33118
43159
55919
87312
87070
33441
86360
5092
22330
40683
87162
95025
24376
41529
7742
22471
61644
43191
78618
3571
43380
73986
21170
52927
60667
78812
39244
53657
45982
22367
19716
10733
75073
23997
25937
51624
1195
70898
46686
32042
78771
59847
10092
47939
75529
92273
21869
88348
61181
92394
58068
49465
41790
25580
91914
42274
58627
89276
81739
73673
93054
89270
54941
94937
19165
94999
77055
52026
81284
50006
1339
66800
56369
73070
5963
72187
39199
82363
71854
18868
55566
15846
20066
18369
29074
26010
31594
25941
30017
30556
29583
80736
56292
37656
84121
52749
23747
83470
322
81548
68874
77514
67688
1601
93690
1296
72439
69559
34587
79469
37414
93383
34985
60113
82077
54658
8543
64641
56103
63410
4900
86960
5257
19010
21663
52080
48513
13864
15526
46287
13828
15623
11964
91029
71068
42301
49082
26533
66554
87762
48284
4305
62602
2076
79603
87832
2474
80484
21489
12117
63384
60787
11960
1339
10327
53023
1492
80771
86757
81494
792
55425
80502
71629
81983
51651
31462
46843
12047
65593
46161
38477
705
43692
60960
897
61816
64949
48503
52326
32224
19997
63570
62665
79079
24418
53894
54303
36333
93427
47493
34369
95260
56804
14624
70691
29165
94119
91507
59799
16821
78301
88908
86236
28249
36795
14025
13980
53420
90176
51078
61950
2375
13228
51734
44999
65869
48626
62385
29092
54783
49583
70716
18307
71531
33839
56299
60647
6654
72499
50949
33482
43398
65072
73933
79210
63543
44266
6384
69868
73423
48887
93205
46967
94619
89186
42739
30239
44771
44218
21379
89993
94527
65036
87535
18048
87320
27769
50572
82946
23517
87107
28885
62968
25205
92142
67197
28589
27235
66992
45903
45774
83203
86391
66348
52241
95505
85722
7974
86684
20290
27932
45
32932
32435
78091
68471
1925
2180
17327
68394
32912
73414
74219
15999
41922
78213
46919
79933
8572
53732
40992
16716
74721
83189
86727
61190
91490
22865
7995
49616
66961
60515
4925
84839
83465
89298
18400
62322
38203
91480
24844
33602
60220
79852
15618
67402
92501
12272
66639
85923
41432
10580
81208
28592
63093
68094
69470
33482
68818
51697
11089
46539
26055
81573
56143
89735
86168
58566
49995
90363
52321
7608
54006
49177
82841
39665
6936
62855
57418
10344
90910
64489
29382
24327
30167
53406
17686
54444
49705
20411
18313
80412
92634
90507
77084
36204
22303
62138
15715
72065
33363
13640
83408
31039
14806
70182
9280
53660
15976
28198
73382
10686
25895
80358
52122
10070
81189
22457
54465
88159
13967
60695
93506
82945
33737
32253
32646
34593
10975
74646
36511
93640
23193
83643
61230
16135
8650
25286
3347
64767
71683
86420
40173
54613
63323
23482
30877
92693
7745
35773
82819
51909
58419
8232
26244
40088
10253
62180
50569
20839
14804
77029
56528
63969
55019
26461
9701
15803
38807
52776
83918
48542
57346
11884
28643
89132
59157
34635
66895
57305
35582
61386
66455
72909
29430
9928
10157
56261
31559
25339
61943
77978
31947
9206
46184
40635
85075
61562
27013
30266
74245
73699
50943
52653
89311
40220
18396
9046
85894
82834
64863
9925
13751
59738
77667
14567
7068
86642
34322
62836
46113
61769
31926
29368
49758
85303
53052
82604
56514
71668
66551
95603
15312
68288
40493
81655
8440
18294
23095
91582
88944
487
61076
61767
48753
48786
47835
77885
93761
55118
32423
31829
57421
93976
32301
80490
95058
10952
72545
86539
59652
42798
12831
81448
71021
17593
49957
92870
14366
90530
64752
92114
95542
46302
82364
29065
6637
90217
67239
72917
66500
37523
38937
65123
32300
33384
14883
89419
63369
65214
95695
1889
37547
81609
16196
88810
40673
65844
67817
2061
88851
61532
71298
71483
35695
148
35405
77052
786
2526
18231
94169
65247
3341
41246
29972
22291
42850
27639
50203
86402
41121
82710
82691
38709
10642
20241
43323
3832
9574
78462
57708
8058
13146
85094
93803
3375
8020
62408
66501
42256
51943
56599
21918
17515
18635
40869
10277
54589
87072
55368
71445
95219
2845
57357
47642
18391
67532
55205
90306
56111
62714
1483
9802
28790
79946
92489
79127
66874
20144
66391
69780
10879
66279
33950
67269
23912
15229
15086
84837
16559
22788
71925
27780
65094
44079
72848
10095
81018
7031
11749
22725
26408
40343
65437
44625
81191
70164
16020
92884
86211
94379
23223
29868
66406
25023
90539
61466
64738
72052
2572
82620
12359
32418
53771
6613
72569
84561
86963
45420
52814
74068
74504
61206
67750
18371
655
93135
86435
26393
83473
7798
86776
21141
9545
2294
91166
11201
76872
38952
95256
80710
47272
80590
22785
1126
77672
19068
48815
28508
23999
74221
70945
95432
39883
51694
78170
15469
64240
190
87340
93159
26790
54791
55255
1681
43276
15742
65833
93739
4148
66256
55457
43012
88722
12795
30145
21650
76987
10718
58112
19686
82714
52471
49456
48889
11044
72782
61150
66590
76268
60064
88018
13288
24122
36732
13571
77709
78573
20283
55640
63235
5949
13694
81725
22194
43516
65613
90354
44263
10289
17365
78672
86601
59603
65801
49220
21610
89212
34445
43749
35927
64593
86335
27264
71320
59640
8148
22840
55823
54923
8935
57815
72768
83386
8510
14626
91978
60530
64073
39922
27820
94420
4476
46869
94664
35165
73372
3123
38507
68740
42173
55284
36960
33880
91775
22863
23417
13219
13266
46720
59020
21151
60897
5275
28100
7017
9965
56845
91671
5169
62265
24853
63829
30673
27377
7976
33985
54167
36920
23050
94500
63300
95044
94264
62674
94915
95482
23270
37591
7719
81707
36466
90840
86460
46604
79332
62133
93837
92132
74170
65316
86859
48527
79452
37281
92797
16966
9324
20848
25228
20861
41972
43948
27683
56237
25764
31277
15593
15691
1970
69130
54460
74311
65261
49212
66228
23497
32995
40436
19267
54405
63038
18083
22043
20804
76223
4755
95513
29708
86524
33449
34721
5252
14920
62592
20256
80056
94588
25920
77455
87663
16496
61348
91412
49269
31216
67511
32801
31993
12875
8405
68601
9502
72174
6623
62004
3495
86718
22516
7149
59938
3329
92776
87929
18021
52224
69231
4935
74134
46623
88120
27296
2366
12323
63140
41685
66462
6235
78259
63065
37122
75874
35821
68354
91981
27452
31770
49352
30583
29589
80372
12959
48521
17655
47766
40716
42004
87258
11072
55002
29739
1725
11328
69305
95501
95306
14090
35002
36226
88148
57644
59223
90228
10551
10699
71387
17950
52870
9893
55507
54983
32617
89142
44405
13985
21892
18832
69788
39896
5596
20092
36052
58148
51944
45248
57567
70995
26976
29614
9491
78118
6824
95839
41768
1825
37410
43734
281
73604
44860
14658
23800
12744
35741
5199
78956
78443
3111
3903
30011
80350
12932
47066
33008
78474
22571
84603
355
88400
47540
28952
44528
52968
54733
68630
62242
87713
54920
10242
17607
29768
26901
46728
37772
54773
60224
89748
78078
19630
82727
35222
29845
16462
72935
67391
76957
83430
70756
80438
7383
24574
87975
4947
6984
39656
27021
56107
61037
8628
21864
58470
68482
5517
19676
13522
9671
51852
30694
71367
30174
50449
50123
39326
48129
83536
39393
33289
79333
83976
78995
2080
32657
89034
42541
5590
78521
3926
53994
9725
22869
83326
91122
10756
75512
62616
21159
56167
63541
8163
69914
84653
51811
225
56787
15180
2872
92896
27994
16965
41466
92258
67496
73509
73576
15223
29944
68336
72468
17222
65241
61635
62519
51097
23216
80374
39213
2119
27844
82341
50064
24424
43187
22013
12779
46632
22834
65844
75782
42322
77120
8825
44971
11344
73116
12048
87365
78826
23516
51712
10125
62069
47131
3471
6552
12386
27345
50213
44697
7574
92126
4998
84998
53993
68818
67758
44269
92736
17845
79882
38770
610
5572
58302
28870
59302
79827
46977
94598
35510
59718
83865
54823
20606
12556
86844
78984
19695
15767
88911
80334
66017
11648
27104
43480
95826
36028
22711
30307
33489
16068
46007
48629
90249
60300
93399
68715
61114
83893
62720
15452
78567
78095
2603
61124
45799
94873
38949
94314
14320
30828
87565
80699
4640
27405
4474
78757
74739
1020
25283
25114
7112
65621
60838
83573
25356
6570
53303
6072
92250
68456
13604
2610
23428
82713
31848
25054
77791
1905
72807
66010
6646
63738
35382
776
29889
12341
41145
66857
52218
24714
31223
80187
87687
36157
5065
39916
43306
93240
74701
92307
11572
52256
57762
50748
74855
1301
38718
86569
57268
36338
4004
20666
64633
19472
75210
57129
36234
78490
84444
69084
78239
54804
16030
20264
47699
38767
74796
5864
3825
85740
64607
85861
73912
76462
26970
69969
12549
56825
35110
16168
44489
43707
35138
87892
91360
28206
28180
35032
25788
4644
3015
20326
53602
85875
14668
1900
13237
10572
78880
42751
14977
36147
9743
85160
56585
81689
76697
30684
6254
87803
45767
36652
39763
8062
1857
89959
68901
62288
19
29060
433
36914
12876
2234
6703
87077
31183
38276
70021
33002
6910
82633
20632
43370
65247
39067
44645
33776
72750
4865
35579
77415
14269
31063
14552
22648
57325
69907
53295
2685
90519
3472
84805
83892
8421
91094
35469
4390
38104
37739
55583
61729
55288
35311
75763
793
78860
53163
25293
90385
77212
79618
67332
42826
10967
78631
69078
75181
94178
60826
84641
10597
68777
73184
58780
2406
79809
67940
44375
83873
69117
84157
43360
43062
57702
64524
64588
79302
95056
19355
67686
26319
36592
82992
4639
26704
25378
75177
40558
94280
31002
1224
20565
68432
72234
68859
29113
48475
45046
70224
79567
19039
80793
9503
14172
19865
6713
50505
46430
22437
61402
91282
91524
41522
40876
54772
65921
19465
81822
50186
85337
37745
92368
59346
61105
86042
48264
43970
16205
67944
39543
9841
18934
22336
44236
29952
64891
26999
55873
24700
69821
5638
88156
53921
81037
5721
67017
32170
12558
89856
24165
20916
59093
84873
47199
36884
3367
68424
36834
16109
26938
37202
64036
82554
55700
90770
12855
17769
78718
34959
12318
69815
90434
28179
66593
27957
85267
1971
84650
54656
2723
12579
39716
19474
92273
60539
40585
45614
70764
56440
23599
355
94155
52472
35162
44248
5698
72422
28373
46539
61193
32977
37129
11655
19871
66053
10691
15120
30720
75924
24079
93921
42109
62443
72893
57138
54575
13803
88755
90475
90701
36358
16013
55730
93464
6453
90953
59216
56534
20998
73687
10714
51033
6079
91285
53619
64539
25895
43223
47769
51165
4393
34441
57974
79186
66974
38111
88407
769
28365
77206
78431
95115
73506
34879
21529
72896
67902
40780
16697
24192
89836
78713
88971
59340
80981
48854
48546
71688
62660
31143
41042
2134
50218
1032
71268
94132
48168
17076
82132
2517
52233
76038
50596
6244
25122
73784
65561
15304
35771
6781
75362
27029
92092
38756
23442
21087
62864
61769
41291
25795
82618
91419
58348
7197
78219
19119
95383
69853
69046
40941
80878
6219
82157
9313
91953
12892
50967
61933
74906
12414
9846
37857
48916
70166
13042
78972
23214
36260
1409
13243
43519
77726
70632
86674
26111
88681
10487
41116
72057
86883
48009
72060
14951
55708
24024
9531
84829
40882
66214
46075
93603
11143
21740
19622
57974
22781
17487
70040
33952
42991
13847
24526
61704
59140
1587
86014
2990
51848
54042
8737
81766
43454
80931
46895
79198
39750
59029
46950
9488
21810
82441
16799
9093
31630
19819
51469
5735
52921
78924
13570
50876
59028
61017
77943
44147
61843
50142
71019
52978
72937
33734
25722
92597
61465
33960
40414
46261
43553
89338
7365
2219
7120
15560
55784
4378
67989
95374
48024
53239
28173
19939
91173
78198
46841
35608
19229
76343
74094
35810
47386
67177
52149
74359
42715
71610
65062
2001
19804
14934
95726
5903
61116
87015
9293
39050
18463
14885
91700
88417
30411
41716
34833
42574
81288
45469
35943
33042
37115
76134
53912
21876
73729
33529
83362
70683
4945
23477
12709
27806
7565
12678
6146
42343
84252
75470
19208
24556
81141
66086
95840
91338
15257
84298
19082
39780
92492
67166
22920
76551
39871
89189
26008
59984
66408
78687
8459
22405
58550
91798
93260
43771
31028
1656
94326
87087
63140
82319
28217
84561
74319
29514
26855
61884
25462
71860
92252
62438
60193
51000
38609
14622
34382
40900
89732
73208
95868
5227
40679
93413
68905
36447
37379
9413
20211
22122
54071
67018
267
60990
19349
58043
1590
13893
74374
32220
46239
77825
58663
8131
30024
82116
43183
82116
20713
2939
32120
20666
23738
11210
58699
298
69773
51303
23534
35260
18209
31083
95337
25998
58740
72855
24991
3745
23873
10085
81583
71472
23080
16167
44481
76288
31464
39753
34662
4792
76621
16619
49375
15395
65070
40703
21406
75729
7904
93196
5974
15968
82855
65756
42141
18285
77083
29767
20564
3227
9363
80152
76355
44986
84521
55696
26460
21347
63793
71614
93254
72032
45336
92372
40864
59518
22275
51239
8999
20979
59058
15917
59460
47687
27610
57114
74335
29248
53177
63562
74302
66269
27067
26407
23790
29809
85194
19458
7754
44304
5743
11204
69822
24454
3837
25619
30849
66111
2257
35557
21318
31184
54004
84949
80547
64783
79660
54338
5670
22469
70739
4627
24732
53071
59972
60046
90255
28152
77031
56522
52766
22320
41363
70649
95756
59142
70134
46420
51853
49465
58217
76405
84192
31506
44739
6195
47192
49541
68189
90118
67198
78969
33303
53539
71721
34777
38812
37801
78917
70875
23680
37819
57450
85186
71440
14473
49391
15827
36919
4853
4319
90188
17529
19657
23648
57490
19393
78535
70588
78340
21895
43358
51514
89180
61093
39745
64760
89759
34022
38749
93386
21023
75069
36840
64837
16483
88497
80975
23803
11191
68992
29881
73671
56902
90123
10119
19261
355
7021
10873
7466
84863
10014
36486
24960
95988
41869
70977
23795
31332
59552
3500
2318
89685
85504
24899
25264
91702
21969
30768
10511
58378
58502
47670
35084
40570
42122
39503
88421
27241
68454
41171
60875
47715
50389
16849
50875
16184
201
32905
20832
69751
76284
29240
55514
37110
78038
95810
92483
84281
42031
80130
57339
79838
90678
23120
15022
56481
68145
65406
1836
43210
44773
58858
88834
56829
85744
30507
66170
28819
91817
35860
86522
64841
46321
22033
49551
58702
81988
73456
31832
25319
58538
85499
10864
53108
35856
68938
70949
91692
31914
1983
63010
28694
12926
47740
81205
51586
90633
76272
17787
60382
7621
81092
75683
72411
19970
79737
54526
23962
67472
2674
14627
47897
51758
9090
45610
30470
92271
27786
45483
85479
13514
55711
89524
76086
48588
80435
67388
95547
42705
72415
50939
75353
30525
61013
14013
32242
12028
32616
91952
47750
10607
84036
68225
41835
49364
94128
4104
64959
39697
77430
6352
64867
25837
41554
749
66310
73726
12797
86529
29708
87301
64628
64702
50229
60664
24578
17192
44982
57365
85660
10061
86953
34964
85129
54278
68158
68447
48467
82921
18105
61083
15604
79755
57167
60063
83712
19663
34285
38654
11844
49392
71378
40786
74592
27553
59120
63244
45010
78690
87244
38014
16585
15949
33525
68813
20817
54838
12512
62990
50480
47549
56418
12838
44988
16827
40466
49338
43489
55224
50410
41218
46609
11828
11441
82946
15999
86069
54155
12123
46899
75666
28887
75283
63025
39390
19838
87097
83176
55593
87236
4149
49411
64039
49223
69308
6988
17609
37234
8150
78160
83649
35535
48383
21696
772
25351
85697
21019
62165
91648
77370
9907
63843
73807
47288
45386
95444
5215
72460
67858
83403
93141
20411
8597
76282
51048
78979
45870
58293
94603
41420
2207
56538
80048
56291
66358
65244
30296
34441
91515
91411
71510
10335
93254
74329
86696
39049
92918
52699
639
60184
32112
11787
72679
83590
70465
39303
73575
94203
9817
76619
52264
3750
11890
5282
87764
72375
22893
73373
16547
49616
95234
58047
72156
26482
60622
50016
13818
18603
72799
63992
62118
46594
50768
91654
84256
76098
94507
16380
21681
2689
10032
75371
46783
85476
87251
83372
36287
10116
59617
17270
75499
82884
6016
9956
46391
24516
53241
5141
43944
24465
76635
18802
31923
32594
61009
90395
36339
34025
27169
41310
61677
37886
9912
92207
26701
94012
55639
16997
33074
34282
37823
79572
31440
7962
42750
50955
58980
272
709
60365
10588
21628
22281
63457
18728
68060
36771
264
44595
35005
31003
3831
9721
62930
547
52166
56602
92537
79908
79206
23012
29238
21236
69772
82137
14918
28417
21707
48967
35472
44138
35219
77455
87842
30172
89818
49427
42208
40822
67772
71391
70925
75288
41297
38177
54614
57
39856
64945
49325
81382
50739
15889
53040
35066
85684
6249
24835
197
19501
8039
16055
89174
49401
72596
29616
29411
31016
71539
77441
11864
41394
90712
53067
90730
70143
963
45129
2522
27846
2003
17582
88390
39888
12507
90251
38641
21692
85026
48218
14431
91390
35785
8124
90027
35159
27507
11003
4642
71525
43385
7451
26315
67928
645
19245
71588
95826
75778
5380
10704
95595
19736
75423
77646
16680
15473
29782
44070
91995
1940
935
85752
21184
54860
94585
27492
27932
13850
45773
57849
67488
73043
83429
19596
75985
53430
40782
14703
68108
74408
8446
13424
42273
7975
79217
22073
32920
43848
35875
86839
33928
93462
66931
55716
15666
22163
20822
1374
17883
10226
66175
8181
23536
10656
70152
30493
38871
69602
17466
27513
70062
76040
50156
64860
72570
52939
74756
8403
29003
11056
57987
54290
58697
46786
78861
94843
64245
80741
67634
24218
85115
83006
74859
66230
49831
79709
13694
71051
40208
37552
78958
15452
64392
15160
2804
87369
7590
87970
37209
62501
27924
11878
77724
34702
22532
14985
50073
79339
19672
87155
80350
87644
95090
30615
58619
13704
66707
64807
75826
89975
40927
76363
91951
83048
74938
94419
51433
73780
55818
75867
9764
73951
64801
52403
46674
41156
94358
69006
69096
13190
71714
57240
36063
83455
66656
62564
75458
55875
58906
23526
65211
44535
19337
84483
40343
8577
84978
85709
35086
11799
4738
38837
528
21280
23519
41289
45967
82956
82786
17234
82997
12608
43071
46432
27502
89046
61376
70029
88632
79585
59983
71479
65005
4705
8575
77742
28224
94464
95568
25009
17196
58053
14291
9360
65604
70047
51521
17854
33653
11182
32022
91501
14541
33255
75759
32320
58273
17375
77990
67214
52348
7341
46257
33099
44670
80698
22829
19709
77498
68520
16056
72351
27519
61985
76246
23236
14515
31004
11324
12279
62042
51684
6864
35127
16516
52869
80663
6023
19670
61212
72298
66969
30170
94504
939
9081
84666
91240
38654
95602
34384
67198
61553
18218
11672
2454
82180
10546
36581
33875
585
69678
61572
80471
75062
8094
69496
6811
36225
41574
95034
7381
58318
73345
19498
60050
40000
55734
92729
18777
81137
47706
82445
88756
55319
72458
48742
29263
64539
26014
16783
36565
41985
3600
7584
43687
72751
16455
22048
48969
2919
31709
73020
56419
63868
11525
79918
80483
68455
85964
17261
62333
93529
75107
38704
52927
72883
38200
68298
77547
16348
59154
46056
16124
63922
92946
81198
47845
80026
19391
8281
7361
34914
66177
91246
87443
13223
15600
79185
91886
12758
10829
21043
50338
33512
65068
70730
91245
20786
47143
68877
77515
91745
79683
22443
35801
38966
13152
43626
8707
73832
69661
59601
39691
12142
93622
66919
85394
94070
23007
14990
81296
26294
51020
15422
14893
65792
22259
75508
6624
69165
43160
18117
47624
68874
82668
35247
28361
88207
79935
91378
46644
59003
26016
30984
92397
93868
72767
20207
44606
25467
50797
17570
17933
48038
60225
50347
16579
43317
25424
83349
5647
38990
29499
56135
45570
66645
85353
31746
51154
85739
82446
59147
32218
19621
16808
77500
59996
88522
7266
81668
75544
63291
84738
19031
36545
60150
28532
49231
376
76287
29081
52358
52267
64507
89242
40919
6543
50324
22441
74587
60534
93799
21780
95913
41911
5309
87207
63994
3428
57494
30003
88947
59716
12526
2664
52553
13587
65079
24078
18303
41579
53573
69941
12733
30242
92771
52733
15426
63926
52205
15615
7949
56626
48035
61253
28178
29614
83678
84714
4350
58913
19420
80436
32441
64852
65133
92161
85543
59353
32812
76680
9236
70908
14393
78292
6475
89092
54865
37131
62164
60738
92241
66283
30390
15792
25995
33956
90679
62127
85632
71643
83991
27489
8688
62919
21494
94218
26952
7665
33323
35538
54803
23638
27592
59545
9390
54508
36860
26237
26065
76365
37686
43643
89599
60175
23097
77937
90403
46848
54290
33848
34703
50576
30769
67216
68408
23579
24194
56474
15122
84802
27941
26635
66953
61645
52952
14427
26230
92326
6007
41804
17647
68803
59282
77263
50492
70896
1569
36567
47124
83276
17029
35301
31
62386
74653
13778
20292
79335
48004
76997
38513
1328
46141
71665
47519
59778
48900
73795
16410
3348
14868
45006
45598
21257
15579
19378
76473
66756
91022
32220
65920
80617
27357
82156
13219
71494
87581
17432
3711
50548
28458
20364
19068
76579
19468
37789
67982
57804
48158
56724
45580
4936
59824
42279
86628
77854
19455
31135
29398
54590
16774
38455
5297
50977
89941
48970
62924
69821
90389
56360
53731
54953
77022
46333
88165
84439
91173
18861
63275
38649
77049
92226
13826
12973
32967
37336
54164
7088
85901
19139
90807
25256
44825
89473
24316
13454
85114
19848
80090
73769
7781
14334
27967
4929
34840
42661
86065
65320
56835
67799
42239
76938
82240
79465
12559
62395
82538
84546
67848
22058
92838
2038
27789
43737
80884
52815
50813
52539
30672
12465
35171
12071
33920
55925
59812
93417
50546
32979
5473
34025
5807
79179
3865
37219
81573
75861
80272
74617
47147
16649
41698
66100
34482
27161
73941
55165
12612
23298
76428
51442
52856
26550
4129
89224
16424
54127
94986
14160
45164
22048
32244
29431
5947
80574
19033
70642
84224
16407
11314
4576
30030
76841
95523
29697
72757
66711
80469
59889
94324
87021
90930
75002
60780
69235
27105
66147
40153
11017
2330
52436
40864
12309
76360
90032
39104
41763
15209
10155
89227
56133
69871
81222
648
84295
20254
31177
93160
19795
50259
16267
85678
73221
3767
15562
21689
17228
80259
372
31958
79654
5959
57375
31871
41483
4594
35564
56170
61256
67305
65159
77478
15865
30433
12128
41704
94691
24419
53595
37634
17871
90467
14342
22272
89104
70557
7207
53655
13985
73232
17632
95695
66851
22993
8331
69221
92195
33695
87617
27680
88416
45683
17929
61453
94716
85004
78485
44013
88323
95248
623
32130
60372
71955
54345
2977
36500
4031
11793
52643
57358
2175
20111
70967
2230
59610
23957
87027
50111
11027
54786
10007
72203
40759
56114
64381
71504
23511
63348
30832
95559
3909
86929
23150
73300
63871
72876
78682
54522
59052
94248
39773
43718
13442
81068
94417
67041
28159
63875
18747
54125
48261
39196
8932
67814
68709
30680
62010
47535
59449
6525
79952
79958
35690
32014
42079
68682
19799
10989
47128
43994
1224
71617
54785
37655
18107
9884
18871
85883
38713
44699
93743
45308
3845
27851
41170
92152
50772
73497
31717
22529
13430
43161
9241
12464
43026
65398
45980
16243
60804
59622
73606
26694
37083
12674
33189
52148
7077
84566
33552
84045
35467
58934
26373
25126
50227
35593
85154
51783
23314
48620
68919
12646
78028
48349
40724
79643
46935
73617
29856
94270
64523
54362
12298
64101
62934
74038
29618
27157
73822
34781
72109
7169
47162
58615
3277
37427
23076
10694
91076
23470
66361
52100
13380
69015
93788
10668
31532
57463
55684
65323
26476
6187
43165
36712
94070
16503
49457
27634
72128
85898
77529
17997
43875
25287
57298
55560
57257
90496
6294
80827
77604
10388
60613
70627
21536
67682
46250
62621
83146
59706
44378
68393
55934
8340
34710
46771
16196
64364
27808
88228
27886
16124
92150
30331
4612
66591
63283
83758
56225
24135
35688
2029
27323
68515
21368
50050
58406
33928
68724
67132
52818
79506
32238
44971
63506
67593
91490
55787
14374
49380
38927
57631
4137
90149
42497
30629
93703
87516
80028
79160
39413
4597
57836
14625
60038
5988
91072
41439
6580
61745
21257
32775
18577
66246
81623
30160
34299
68924
49900
9660
42987
36640
74044
40070
84418
4994
24256
45065
46862
6175
23124
45199
74362
28851
38663
74409
62511
79679
158
50549
38272
10845
70549
14928
44309
11510
32604
95813
15484
44599
65925
13908
78659
19701
59243
40205
49799
47041
92089
38134
41295
35829
12723
62141
17911
41334
10327
8394
33898
27522
30736
95680
18934
93817
51367
72403
26168
63846
21534
61629
60903
38790
35260
87121
32282
6286
83951
3076
5381
78513
12409
78338
21342
19614
47743
61044
63057
87997
46088
61302
26380
3776
44176
17119
25359
90499
64711
50159
25539
10713
79593
83045
8517
82820
25685
21494
27187
71194
33894
77161
18791
58033
61114
37555
21051
60155
19001
81476
49747
51004
57107
25676
88765
8446
55176
77603
7580
38009
81990
8747
69906
95218
38688
2361
34400
5290
83721
49666
47320
11775
8944
52106
82751
77812
44590
34583
22128
1436
86096
11303
27849
64049
77019
71208
19768
67348
32487
65751
49507
27671
33691
14842
26798
32379
20967
52236
95714
637
78876
41250
70842
50886
2247
82297
23689
26733
59925
45506
86442
78040
36259
86975
62551
34371
10939
73946
37405
13137
36605
33961
11941
47155
8230
8029
36869
46635
81509
73565
30406
12184
8658
52740
8634
73492
915
14911
13427
9730
9265
31646
52924
56395
76404
32805
13097
35768
54934
3470
90442
76162
91999
9800
43125
6147
37244
464
78278
71527
83470
73334
17676
55284
50562
64365
73579
10292
40961
73754
40874
94289
80137
67245
94733
32722
3026
25594
56318
25722
82644
89489
9141
46884
26976
92850
23611
48841
74321
87233
68379
53599
9482
93130
76453
55241
43542
24808
13161
30410
53853
39838
95573
47007
33504
93737
35932
63556
93097
25899
206
40597
23910
22374
31925
93091
11478
49392
46540
48910
683
52433
34119
54314
89978
66642
8820
41287
66016
16850
45407
53860
61257
65134
57877
9452
504
94161
33368
40866
75539
68413
76654
11067
19692
32653
23012
69733
26735
56851
67049
80038
5747
58274
93871
31992
44555
67750
69937
78736
36316
80355
43756
20682
95943
52196
24488
70106
5822
28872
57813
36869
89910
9969
42312
70775
61324
34794
82869
81743
77600
24227
65794
61730
81191
3629
23465
14419
81423
39604
85783
42284
78996
25114
25351
85554
56310
21601
24207
11063
45519
34820
20006
29558
31883
46344
83167
79873
14783
79899
77345
13176
22070
50881
31456
17860
11179
17633
17014
40965
50703
11692
68016
80437
54472
80531
39332
64196
52256
35750
20442
22315
88482
56121
63868
73920
45207
90247
31114
82820
53650
61293
46326
68207
5950
66824
34301
63749
6791
79474
22187
50027
94946
51075
6148
47382
28369
73971
74071
11552
10354
11931
6724
25085
14014
20922
73768
82101
36234
32492
82922
36587
39155
82865
34734
69351
70323
17457
49896
69685
2387
69560
66746
38154
82203
28887
45896
73441
86422
32742
2145
47405
26850
3468
4986
47672
26308
10650
82791
66559
27930
74758
7100
7647
50609
34356
19421
82503
31228
66814
60278
90958
44637
23129
13244
37985
45554
14874
15300
5845
78358
15077
50012
19860
47386
53594
86568
11366
25987
6838
38807
50206
39768
11352
7477
71180
30229
65028
80404
26160
70067
24272
61385
44775
29333
72796
36072
68489
74657
63725
82097
69144
23935
51715
44474
11450
34312
77082
48373
33258
31615
29405
10126
75605
85170
86748
2177
67488
58278
2109
30181
20388
8100
61473
87965
12119
25000
3949
34455
17295
23889
58766
49990
6856
57223
59844
15664
72022
8760
86291
14437
38816
26139
40272
39441
79262
32814
23630
71186
95899
11466
77528
38350
32853
79471
73147
39790
45503
92601
60748
82221
12011
10748
56022
85666
1481
47072
84046
44986
33396
80067
45786
34784
73996
22050
42313
37892
35604
90493
86567
30010
59819
13805
37441
5766
58193
32377
59274
87715
75027
23354
3307
70372
25247
73822
33186
92136
21048
61022
36576
49974
70795
63683
40121
87910
70370
62002
38616
1165
17335
55870
26306
40198
64367
44815
14722
58624
45959
33708
55587
85355
11460
6599
86395
92508
15111
25778
38875
80518
61070
69265
80895
35148
28129
95830
39183
37496
32886
32484
84223
56757
40851
42146
16398
81887
88644
67098
48391
57448
24722
58070
70066
81446
34853
32114
62171
35020
85083
59976
87847
34879
12895
54002
51854
24601
36863
57331
40365
68551
10613
21789
68491
37027
80871
938
27634
62726
36831
60337
45304
50892
91355
76161
79710
3899
20331
84590
511
19906
25654
86579
21115
89872
86456
77874
39277
5570
71734
87632
21966
39832
85020
74497
10761
77635
58524
45026
35213
3394
51959
445
60730
8553
20116
5616
40648
64640
88534
7241
65022
17093
13567
10168
52218
33955
25797
34147
5988
79500
24929
83252
5756
15656
45433
82738
33519
19140
20857
87311
50388
74252
81156
28438
88495
33281
14339
85435
73056
95938
42777
90327
9341
73056
61592
17163
89200
58855
32381
60666
15565
42845
63110
13650
5944
6883
12970
84770
78248
76272
86674
39930
71631
10138
92689
76079
85818
81762
59006
23058
57271
92739
56932
61130
88325
43625
4000
72644
11605
48785
32514
56931
84307
89543
78805
82830
34712
50615
8621
93345
12132
15838
58796
58344
72166
42770
94694
2962
10436
43203
17721
30521
66454
88149
81015
83098
47391
80683
95324
78726
34251
95954
45088
12013
11036
79783
53958
93194
31002
23926
70093
31103
28500
59409
84864
46539
19666
94585
88546
18848
29171
92999
28285
53035
39652
71727
9287
3804
16832
15871
95427
59331
4728
22855
7375
53102
33968
86778
31811
69141
77593
2868
34980
32262
72769
16624
21432
59332
2345
9132
60092
67207
86341
36766
54766
33733
70626
90427
59633
38192
91441
95698
61630
24985
52806
83712
84696
50165
37227
12816
9325
42926
4760
86519
54614
52020
29308
24869
55152
16847
64488
8131
74189
38873
9133
92340
56379
68036
14988
4760
81885
71661
95827
20366
318
21207
91169
90309
31278
57307
63671
75324
93680
93576
67892
88649
56735
79150
77379
87379
80141
25753
21042
43890
32570
91005
29146
30852
3462
58844
82617
10439
33719
44424
48522
40711
22898
19422
89155
73
2885
31293
27949
69902
21894
57575
59752
24931
58506
91652
84617
8579
3306
44399
31029
8490
33568
59975
83987
6638
92634
3287
3425
50917
12294
78456
69320
65612
56923
8016
77343
30000
85207
42140
2478
14854
65549
516
90827
53490
50448
5997
58990
15955
39489
24599
44960
61157
37819
91334
94303
89401
85213
8123
31145
89374
41182
3292
39990
59120
76394
35554
5273
55681
78292
10203
55745
39895
46114
43773
72466
83085
59510
58
21648
24583
88737
63554
19245
12330
80355
86566
14835
71722
46262
75919
20232
65744
47594
28086
51601
41958
17186
15420
63518
14625
26515
78640
20238
8548
78734
64884
20848
8102
56275
9839
51637
3249
26161
40978
8267
53343
66340
45739
61194
65955
83151
81961
56671
38446
946
66181
6762
84202
21523
74239
57573
27042
50083
25875
5681
77047
697
9721
30724
39533
34088
19550
76296
38750
32033
46135
39791
86299
89778
72321
94400
1487
93988
45168
82715
2238
92097
5725
28493
64604
31572
76427
59708
87466
89587
7720
23300
817
85258
41296
47285
59755
62922
94596
9407
6553
85178
3527
88325
78441
84807
14272
57445
39054
44146
81438
22039
34636
31350
35916
60651
147
2041
36609
36765
8328
87831
55483
84482
77427
70150
28444
73004
93988
12692
81643
79206
17672
76299
92698
92350
5037
8264
18155
35261
58143
72986
44170
87268
53963
54270
93641
63842
17539
19173
71017
60958
66005
27420
74052
3234
17842
37659
43424
68286
50110
15148
25742
544
26025
6640
93003
69060
554
21884
36148
50790
44530
61922
88541
36830
86915
51328
48304
87606
42756
15
72948
30387
42752
3226
61055
60687
344
21178
87382
52507
95847
52602
23108
86877
43351
29576
38652
52
31696
52851
30274
2132
87734
61145
18378
74338
34577
72739
93025
30798
76797
5930
11942
91869
82700
67325
42798
37291
54249
59383
24428
61808
19885
54044
15125
11031
37526
24830
70487
53261
48597
11636
60777
52930
82145
93472
30422
9579
66328
23495
21544
55733
56132
28307
55212
39158
47278
54406
43838
50849
1487
26026
88028
15149
41542
67320
3637
25455
22826
46364
90651
68801
28993
91263
51567
48773
37871
89336
31778
54006
49735
361
36830
89149
30478
41788
34164
65183
92048
53766
52531
63841
3044
53016
89242
8227
85111
68880
23739
66143
18689
16055
4775
96104
28856
49962
82442
84378
41447
34515
9711
50300
26025
77209
64227
47471
63891
81053
27811
31744
70566
22838
58870
31958
24221
38184
93748
24850
27972
9773
46886
9170
76678
59180
31241
53474
83964
47544
25474
26158
7772
4192
20703
76271
89147
21990
65571
78647
13083
41164
96035
46170
11202
88434
60905
77013
21012
84170
65518
38865
39676
27463
54570
74967
64596
60605
35047
74270
56926
4145
44854
82430
42743
19161
63999
27983
5550
67903
29772
75162
19895
93183
28043
67915
70634
56890
79616
51862
7316
81220
90158
17400
61148
68473
78856
68060
16929
23736
25628
9362
2292
7095
71627
78620
13706
87688
88782
45996
39616
34021
70350
62844
19575
34032
68604
27285
25447
2448
43943
19982
37568
56248
33257
61545
38768
95908
5301
54701
60239
89299
56855
88336
79910
59904
40873
80647
13507
76313
82917
27648
10671
87974
58783
6709
67841
59164
2478
49240
6429
21454
68216
73694
49081
88610
45273
37450
12841
82482
10391
8386
44215
19885
453
75599
47445
80873
87084
34246
81492
27780
34984
20486
73949
11677
15899
51085
78310
50751
29774
1493
49073
16982
52476
88432
7209
41885
27112
55162
12693
72363
49196
79365
84561
30609
9725
49810
61191
16831
70537
81897
54680
26610
55196
34203
86766
34338
44540
9360
63572
797
22103
14028
19615
12593
58346
13956
48297
41339
29614
88658
1801
51267
66066
26709
9210
65277
14157
20832
2246
35615
53843
7889
93927
6788
48286
64983
29918
78333
70450
17546
24192
16844
37799
49356
95318
81291
83431
65260
2811
64150
48162
20231
83870
41732
65673
78610
67456
883
29343
45091
71658
55496
48678
93287
87884
20056
54352
34230
67715
50340
93969
42965
29826
35592
65210
28350
26651
70638
77963
11575
84290
34669
13372
85564
37059
75137
10196
91872
85735
90927
38718
44260
71043
40113
81758
23580
36335
72189
84400
33900
94947
61548
4944
95420
75246
55755
52689
31237
32309
88214
66779
68125
31477
6385
95698
88072
51840
90397
71278
2908
7757
27663
64668
72257
6740
18703
34331
88430
11389
84695
88544
49665
33762
68308
71149
34208
92859
27152
66035
41580
19568
64732
20167
93272
31938
5134
80864
80655
26366
20622
13643
64522
75829
79466
57597
2216
24071
23179
77349
50037
55002
89620
71846
25059
50874
58930
57881
64146
70217
2781
75216
3245
15315
18970
79958
10592
68139
73152
37919
94685
72019
14077
18485
93621
12684
56291
8173
29845
33189
82256
53788
60259
76808
21019
13131
34119
7974
40976
82356
32712
91740
34566
69686
20907
60761
16008
14482
61501
80501
10011
52192
68725
16489
60627
35973
4283
14978
29851
32026
22438
768
81058
79685
73360
13415
81789
11352
50215
66791
3481
45048
58110
74032
58777
8120
58381
38372
3930
25346
72317
68007
60217
18114
2799
53629
11503
28180
25272
21405
7889
66135
60697
57292
40767
84118
23526
81323
592
7344
19763
26129
82319
2461
27364
74801
74224
17148
89574
51485
13525
3653
79327
75847
83350
83666
40117
12895
89979
26682
7272
1737
19141
90353
91908
73560
51240
62744
5696
25181
25499
20140
79191
13904
56643
40518
17657
14723
71345
59943
93353
56784
28927
13912
47241
457
81682
787
6669
39659
14495
50805
15895
46678
33852
60930
83954
43456
43742
53691
54881
76694
24011
20453
2229
25996
47360
45863
4665
61375
11954
53136
92003
15535
48409
36788
34064
20964
56272
73072
9411
50933
54019
66318
93832
77872
95891
90302
52642
2482
70847
30071
33776
5666
59006
91451
66169
83274
96076
77579
9934
13064
91642
4544
24050
70715
49502
54840
26006
71105
58588
65879
72038
31975
21441
61210
85619
69715
66205
15957
8363
42453
91508
92281
45625
93631
4619
69320
40626
77531
85629
21047
14357
21371
1115
87689
93727
44965
50461
74376
3853
4553
50042
90196
11727
91768
95036
94788
40222
46653
13734
88509
68008
62292
36354
67988
47881
95350
90804
44852
14052
55057
58158
37775
69325
26788
57456
44045
24785
95051
30678
72204
30057
80661
89281
76808
38944
67681
55843
11704
87617
94889
1693
95973
74352
6447
89327
71079
26889
47312
69219
8071
49036
19541
84088
36329
46352
65892
92602
27697
7933
52586
54255
34313
31508
51558
89281
61581
87949
55434
34712
94987
17711
36626
65985
64057
3648
2230
90387
64297
87965
2474
28408
92091
17076
38240
37209
49870
30812
49062
41627
64143
67864
49645
75230
39820
16924
92567
23623
16077
37111
20022
47568
1311
28507
7111
34482
61147
29319
65590
12127
24533
95935
69259
73557
40997
64085
86342
21792
54978
68598
31221
83617
63087
6262
85349
64315
52542
4945
46278
74846
11628
74763
3525
82871
61582
17762
91742
58157
50799
26610
75126
22316
77690
80709
79567
67955
37646
49186
19311
3282
83589
85134
51143
75355
28478
9935
3478
59395
27051
44868
61739
57889
72046
89794
77513
4345
69436
91000
52107
18852
61879
57491
18971
44469
40458
26447
92968
62838
65834
92454
81152
39258
29451
19600
24467
19109
59859
4297
95097
7133
47142
17826
88563
22843
67775
64370
31194
19066
49935
80952
85414
13536
83205
17107
48140
86493
87480
7025
81007
92955
87626
65171
24799
18030
39991
11542
14894
48685
86873
4864
15384
92320
35957
70366
77352
5596
15381
12222
6784
90086
70897
69709
47432
93222
53405
46775
19444
3943
30030
55898
65293
4099
21053
41043
50441
747
29261
5454
39545
38193
16985
86244
24006
33394
79326
23798
27972
3023
31753
66859
94475
14195
2499
40078
63360
45599
5272
36803
80287
27408
25559
89783
54906
65971
94973
15849
36425
70039
9559
47945
92005
7752
42008
33499
27065
22770
12174
67541
79702
16956
65622
86365
44669
87367
36580
39623
67334
31367
94405
51392
8108
96091
92002
32507
68654
82252
66204
8384
93697
41118
4168
27482
21176
14278
51458
48276
8472
93602
50023
60603
38690
33533
33036
64108
5337
42522
58963
10609
85612
48733
57393
64219
1400
61979
72251
94579
94741
94526
66107
88557
81587
48973
39202
31665
55342
93773
94538
60834
54603
84501
42327
19256
87476
25278
44127
42339
15173
76404
24085
86759
47603
76944
26225
23657
16942
4252
88484
25994
88361
56739
5586
78479
22080
37572
80434
88359
55668
3870
54358
54708
82824
14383
90273
40250
46710
82449
22580
36154
86577
6100
45387
17185
86749
38365
7785
89707
30925
37457
46379
46006
31321
78708
71529
41328
20437
82255
63194
41950
15239
7543
76975
40159
41703
79861
17037
72225
50023
42972
68495
77707
87759
28544
88883
32407
43445
32047
2760
13850
28200
65134
38910
87253
52511
43954
56851
12430
59627
16884
33086
62639
23260
85839
83658
27797
51993
23535
22982
73094
2353
56372
91094
22104
58860
13262
45050
9980
61977
47156
94418
37094
4669
74758
81783
63846
48133
84611
16428
80146
73955
63547
31778
16529
34712
95004
91060
75920
68886
87678
43890
44315
88899
72352
73683
87865
14057
83699
13846
95183
53557
60041
8948
8413
42478
50150
52696
35748
62707
86458
53133
73849
85979
76610
92823
35474
526
74979
13500
22912
70791
73061
1609
63715
65233
69412
58343
90546
27273
1021
87952
24164
19539
25708
34978
81564
56503
52209
45450
8650
68560
62142
27744
79623
9877
41067
62577
36014
40215
3908
80224
92376
63943
54145
51721
25036
46990
92184
79387
57852
27968
79208
45712
11065
50807
83695
66326
15919
56598
60582
40875
28896
67381
73598
17754
64007
48700
55134
71187
38167
3342
71545
66854
57724
42113
34009
22032
63747
71372
87618
7055
45474
78240
19845
27500
26644
57602
33517
2156
43179
65068
8127
35804
37147
33682
28832
54414
60558
10266
75649
4677
21498
73528
12958
45962
53347
22425
80180
68182
28961
22504
92567
45866
85985
92070
68354
12847
12021
67506
28143
43094
63012
87638
89452
19621
74466
46210
1504
48760
77743
35364
13559
56432
1687
35474
20889
63396
38917
73285
81905
22008
72871
57459
45065
86060
87997
87153
8917
92599
92092
80080
4851
22446
10816
8387
15102
79173
35552
82757
56654
90637
60594
62644
92771
80778
10882
65062
80244
41062
68854
55298
21588
58239
40424
6498
53785
47388
69046
28794
2450
86336
78995
56738
24532
11723
53431
8426
23514
82967
81930
15387
85716
10068
7099
51213
24642
13492
2943
47611
73426
24545
61329
37452
13720
68012
28155
80193
81285
23294
82888
53663
52448
18793
65800
18398
57021
80185
47823
40606
93713
30264
83922
77706
32730
44486
53677
61485
25073
91755
94323
24561
7683
65864
20782
74
72928
60899
75623
81568
45286
21305
10632
89531
28267
69293
14385
4639
18942
58709
29950
87898
73862
53790
21131
19861
44254
9807
95322
11755
53423
90059
32918
73782
75762
10273
70520
13993
4896
10508
56649
86052
2226
31534
44069
82321
80800
45442
52920
76003
12836
91823
51069
16079
74222
14832
90488
49603
82096
4900
35614
51691
56443
66125
5961
62619
92337
33098
81434
1217
17406
72666
12345
61313
75295
59251
9456
57703
7493
92661
49882
14573
92072
12496
8922
59625
90909
24412
60885
77940
4410
8040
20996
6094
17062
74997
92973
67158
58729
45087
12322
2628
58394
28272
95645
14031
49582
46681
15127
68393
55482
5703
78208
81259
41805
21759
83253
65769
13579
57687
62278
78699
23954
40625
65116
23959
57878
18687
66025
12171
82609
23608
57974
69635
79801
21203
44122
77676
61645
70413
30141
35335
12452
27160
49746
21508
65441
83743
28405
32168
47025
72593
62455
78208
37518
25771
22004
52686
86861
62367
74737
19936
90148
77393
78843
57856
30243
3396
92959
95920
1897
43680
42490
53699
2521
23254
76372
19992
48245
56128
55618
45344
28565
81739
7181
91206
64956
78665
91146
70060
17840
75323
13673
5492
61670
79345
86128
59118
10494
70225
50001
23871
29380
55517
48725
26834
17492
69592
28605
76282
90493
69286
13301
90183
68598
69232
66009
22259
89609
81232
87539
30976
17707
27263
64723
41554
85158
65676
70473
17995
34110
29180
29524
15035
31025
55421
67336
17025
33152
52219
19824
71783
32099
28273
24218
14271
78233
68037
78454
39628
26846
72639
16010
10641
67731
11559
62485
13473
54132
45034
5362
72400
95789
60425
16425
14262
3112
24787
39546
54278
40631
715
23677
23090
93360
22112
72245
80456
87704
46968
8052
5024
13103
92123
16694
644
15409
78232
67799
69710
72678
85373
79073
34401
15238
49099
94206
2223
39747
85859
80987
65501
39011
42861
52706
55244
80379
11338
59053
86806
20536
76371
46707
67940
10538
48967
27205
23288
20201
15450
64343
42829
45524
39229
3872
57570
7179
7900
85381
32008
66133
47083
69300
89937
30098
38616
52800
89679
3921
77876
90305
95143
63152
28365
63297
12556
81782
61235
55960
25153
12471
4930
89743
52382
46006
87171
37021
91453
42668
56529
50728
29302
72670
50831
54127
62270
40434
74646
78380
84516
12032
10607
34345
68264
28664
36867
94467
3996
6753
70610
49669
33812
73984
15954
70113
38706
14295
22364
6687
36420
64969
43227
91031
31943
19293
87252
94831
26156
48066
81434
50685
69198
49205
14012
90565
94125
64320
47518
54972
14965
16838
55701
67361
54852
10577
10119
82953
64012
81271
73094
40145
56335
57043
66246
94979
32907
17498
54434
40868
61318
88201
35476
383
92866
74717
61399
23102
11335
93659
41058
68818
15969
86313
6021
62286
40744
818
56325
24907
82352
42715
49430
55535
88607
1981
93603
2969
50306
5378
39719
86976
74682
32462
7534
13060
4845
36771
14943
14585
3273
46637
6627
51043
87332
46914
54760
22364
70694
13080
39059
54251
1828
72018
19809
69436
78779
85957
20074
8783
75641
53645
73363
63947
24889
22866
70184
66539
17829
66606
76753
23290
45107
57067
514
63125
71779
47874
30781
51210
70970
74528
62705
15992
79540
18990
1251
48703
84944
3922
9412
24946
4999
21650
92619
54420
63424
5341
73833
66585
57776
47098
55077
31411
84273
4015
20557
53825
36122
53782
70585
24546
29197
20202
63713
33818
91943
40127
56709
21881
42369
31693
6041
66517
63875
58869
20659
14915
65644
37126
37189
52819
36144
76651
19634
89226
61495
56544
56341
22856
48358
32938
19332
74271
12821
8319
13052
65037
70839
6020
58322
95792
44161
28396
81818
83616
45685
91820
64737
59613
2565
85624
89066
64884
77212
48537
31999
18146
74092
67594
92639
74267
5262
52866
63286
69754
60120
39560
6195
15885
78751
9900
17895
32624
91771
92322
9809
47661
52092
24189
23456
61497
37009
55376
37035
38961
86668
13997
53279
54428
39676
35502
4318
82783
19432
64361
2567
52003
55933
92222
30197
18218
91926
32413
12635
24014
76450
23263
3435
6447
91467
80084
16049
18512
90075
58574
11202
75330
58954
36534
69229
84796
74047
63256
24314
27156
86382
38416
55109
10171
84157
4018
51486
22695
42076
19440
28811
47780
61918
50606
3527
30961
11204
19683
44647
8857
95339
5283
44452
14171
2614
72427
24582
88165
17556
85713
48024
25070
1947
35351
55060
54456
77649
58631
37013
41441
15920
54203
88687
24208
39139
36827
92586
75366
9153
22198
22333
80680
34606
19413
10625
70703
19639
36982
51711
45792
62551
48909
12246
76738
65664
84398
82765
33346
34107
30208
41462
52691
52865
78855
79931
74610
12719
62433
23930
21268
71674
58358
88714
53954
94991
85071
30773
61533
76095
60588
40230
37190
21876
25947
30617
32924
62856
76154
84791
7452
83209
47613
75737
81147
57921
40425
60318
60891
62868
53791
90976
94284
48172
62055
26535
12782
89908
85430
45298
23490
9038
45407
22131
37296
11883
76184
78401
68562
8753
53935
91455
1909
54787
83309
49911
58345
95798
71375
52016
21578
3362
90140
39715
60809
62045
57794
39527
59318
62618
16753
61082
58040
46746
24090
82968
27387
17160
28355
7487
78074
22979
56564
4012
5565
11601
75817
65667
85462
70246
81682
48992
80604
17904
10961
90522
11583
3441
43219
28165
36072
25698
30901
87960
75680
26368
60433
67567
60275
18710
72165
56400
25980
59718
55001
42008
75595
17231
5635
93744
55907
68408
25124
74574
56693
4630
88940
54776
37695
95580
26451
50398
10003
73416
273
93042
42686
41174
72821
61575
21323
11583
60973
3747
47197
27604
15721
44447
64823
26890
34359
14403
8062
28625
52470
12147
73923
30016
34855
79448
28705
27576
28723
37775
84026
23306
5134
56559
88112
13420
72911
46867
59341
28480
58641
53993
20759
26578
57671
7006
71702
21278
93872
43605
52658
8970
34853
87756
72403
69883
79680
60874
35922
12838
30357
56782
82190
62479
15440
84181
79387
77831
93314
50859
5357
47273
40339
11575
88360
27809
24794
4003
37022
18567
77122
2532
44927
19084
93034
82541
91007
30032
16261
30156
64793
8497
11023
33543
62901
23195
94602
24182
44134
90317
33512
31307
91421
11671
89437
88048
80082
48748
47594
27296
79476
75247
60658
95823
85067
87162
83018
20878
76358
47441
8861
93728
38887
17298
76970
24982
1059
63686
68437
8568
49567
65294
29221
23882
32947
89141
30937
36118
1817
62733
60203
92014
26904
36502
24119
77489
87118
18113
31274
82266
27287
312
63336
4057
2054
57498
68791
8726
82145
47949
41445
61295
83161
74306
35913
54922
17530
23443
35192
87008
92173
23717
78010
79502
91048
32890
91171
60635
868
83462
22475
52785
59990
57830
13004
606
67277
15675
7079
88532
23977
4328
66614
66911
72096
92410
62653
43315
35950
33075
92608
61220
44551
15883
11850
35646
66020
52601
18215
52930
20477
93439
33
56721
53330
18560
78957
80942
8341
30849
84068
44006
95713
44111
10228
78733
51647
76474
62524
59350
596
52937
39074
51946
78813
12765
39037
48055
22746
41509
85798
76950
4717
5229
6674
33102
15659
21622
41318
40264
45993
2361
80561
28261
15873
7302
58049
94460
93626
43012
61072
68915
26727
57384
91915
63822
63512
71156
49282
888
66481
21316
30714
46213
25811
49785
61857
22380
83936
50682
71933
92549
95507
15701
94578
83544
56975
38125
30528
54516
45095
30059
58070
88825
91453
1387
67205
78067
57526
95991
26569
22569
15056
71814
19658
2156
32026
65169
42550
27117
65514
80674
60783
23131
10642
53861
77283
37828
19603
16107
10645
1716
23833
37288
7935
54259
46804
55569
84580
11632
32812
5548
23225
36137
49125
30479
62431
39264
50437
88490
86237
61213
80117
1469
39189
50946
5497
91949
64407
92686
94293
89575
11683
47907
43417
5426
90389
14982
74425
95581
68180
6450
58093
74984
64959
40595
59852
10552
78249
6075
58037
16738
59447
15173
7229
94636
30275
10632
41685
33998
54305
50811
49590
34136
25070
35442
22607
4630
41523
53263
15364
68691
40287
29942
13793
51555
31185
77526
69695
70296
2874
74618
37633
78822
23117
38135
82774
50087
56651
73318
66224
95539
51111
9297
57577
32886
11781
2426
87533
87682
67511
11765
58357
41769
32363
77363
46475
52063
28649
88644
42252
827
19098
53830
5847
76993
37739
45524
68233
73111
11628
78617
39394
86339
10749
5323
19795
19484
45546
13752
24527
44830
63607
51756
93722
62767
22195
12610
72683
61371
60860
45038
66808
68211
89378
4547
25685
43083
95146
59084
65422
53729
33534
71202
60774
68322
92754
52148
47817
65684
66451
75902
72315
54899
62402
29353
63334
21818
10885
79727
71996
60376
80555
46366
85968
81060
80023
54504
12022
75900
53436
15836
364
80047
11344
81312
51563
91195
57062
31748
70561
22510
78271
4851
32318
70414
28938
64718
54003
83074
8853
21655
3019
58849
76353
86090
10978
68732
67890
46433
6564
53425
28365
86080
24809
27078
6145
10426
10139
66819
72937
49910
70731
62978
44872
20395
60369
3107
59712
79171
78601
3071
58473
12152
48971
44711
37819
82554
36184
53554
78922
48169
80507
82550
43781
79228
27970
2729
43436
82867
3479
59119
76272
59274
33567
24308
52921
23810
54375
52955
49490
44412
23288
47215
40414
21030
22295
84866
56375
62510
50682
68429
1045
70236
61715
66990
43959
54231
95817
11728
22338
19379
10144
26836
71465
5544
41001
5522
62250
67849
86686
29803
10350
21122
74655
81477
54133
26897
72431
74474
94549
46709
11893
29792
18282
66617
31391
64074
84255
55511
51099
70675
38952
33901
41827
23928
84209
84563
27398
21570
90894
75968
20468
92327
46409
66824
4771
25226
74396
77617
32138
68863
80270
17079
60909
3358
14194
8063
62073
546
10614
3598
84761
93750
45175
71792
48742
8651
63584
48608
8081
74075
25437
13664
30528
13498
34841
1929
13225
39234
45977
51718
31190
40685
21584
86421
21590
78440
52262
72157
58485
21010
11218
14641
20966
75000
94515
26967
86435
23152
60097
20631
19259
57133
48576
78801
38265
82352
16668
78423
13844
27166
95301
29517
16054
54069
56595
56593
24359
8712
13682
16104
84785
56944
4588
47856
2631
20333
80246
26624
55343
6986
88215
7564
81917
91123
72260
68838
54473
3625
37526
86209
51624
32941
48652
1428
57789
5586
5857
73364
37285
70765
16398
72967
4743
88552
88480
58295
83140
23966
79504
25180
41473
19654
89976
5796
16631
65475
64099
14612
60142
63593
15622
38367
73538
27179
76587
75856
30306
75725
51452
14496
78444
77606
75455
8470
82972
30241
22169
44110
39421
42936
14541
40429
28663
7039
12338
96092
88558
61826
4320
49865
1395
76995
19548
92161
82858
44615
29210
91244
78147
77262
79489
1494
17123
76629
4648
61830
52853
7912
9755
35234
67764
42321
75883
81449
68091
9226
22221
90542
9647
49972
93182
711
32466
16888
28860
43701
47481
42337
468
7318
46661
71440
68532
19601
32858
91194
26351
71928
82143
56662
12503
89114
8820
55233
15280
24714
64324
38173
1582
13900
51679
2640
57491
94627
22833
9242
79670
59030
19741
6539
75293
95419
16642
42611
92670
75095
8605
92298
41189
62149
67550
71689
84048
16397
59250
2402
44891
31598
4705
44396
76816
84006
37612
11914
82292
74813
17634
95743
8581
19075
60249
72525
46066
94444
79960
34057
87578
43374
3400
30903
65587
24289
10633
40904
21694
71842
91022
93396
22915
80524
57592
63425
15992
30497
13717
32094
14092
95248
1203
73887
33007
11187
12914
57803
9338
79801
13754
79594
86367
33286
24667
36799
19049
43613
55627
9088
23662
58194
29566
72703
47991
67155
83604
54792
16454
6720
14448
67925
38799
47953
86357
8889
42612
72842
58382
78706
57639
43935
48977
4564
11163
36945
14012
78671
72502
13137
82542
29158
82500
45076
21662
87392
89961
52258
56413
31286
31036
18914
1223
64983
81952
56974
90665
66301
76714
85917
18364
56836
61922
69503
3212
83250
75137
36380
62175
36308
26710
10351
50754
22149
83032
94316
74139
58626
60297
16798
21363
29792
24276
62708
18657
91638
12547
59888
41081
28779
47097
90586
71304
94658
12975
81933
71623
20252
85121
21947
53684
20373
58229
95579
69252
18895
90007
35998
85141
2596
30808
56231
82519
11978
60264
73207
44623
18306
67015
5350
76090
60999
8594
86631
28875
12470
58475
16794
6535
52956
57184
3830
86770
30548
4682
82867
19030
11844
54004
59846
312
32902
15977
82634
6377
23973
22655
68019
76539
85227
36541
90601
78581
6395
4138
42034
2102
78716
83726
70358
62773
30
1979
43426
17295
49936
50713
68285
2355
73416
62445
95673
79460
85132
15467
67715
41823
4808
69420
58611
80915
26507
86407
23042
11535
11905
25774
88927
17288
58409
5365
58033
27952
89886
93432
44149
56474
59009
35409
27016
89111
59459
2896
73631
89431
42870
26201
37262
56362
55901
10945
69805
4687
91375
86898
60195
81040
59163
91076
48951
90579
74295
8634
5693
2236
1350
37983
41789
53590
78981
70944
15805
8935
84562
29095
3426
83463
28320
82492
88383
38667
56657
3255
66249
55206
31021
91543
33065
43655
50778
32755
43046
17342
76728
40422
90297
67922
29998
64570
57866
84408
73619
21930
1290
79410
7444
70853
43115
7014
57073
32936
60971
50941
45521
6677
4862
80479
58661
13919
89496
89057
35867
36506
81763
10332
25397
86079
78866
42002
61986
93523
63794
55719
79789
47642
92967
50675
81723
59334
77830
90185
8102
85809
1922
57913
50147
50063
16494
64068
90908
81652
39486
71800
696
93611
69955
81776
84358
40079
34911
84545
20988
48543
90200
30424
65984
68360
54879
11004
22858
44635
1654
71486
21845
15833
40841
86261
2888
61306
32483
25063
81317
57797
42188
45059
66542
79501
2602
16981
48673
42855
8865
46849
82848
31533
13633
22113
58106
36322
6650
6131
61891
17093
69652
47879
32248
50923
80655
1264
81938
1767
34189
43928
62529
35753
93666
91684
47642
56102
73302
2436
66089
76327
27431
42929
64826
37434
64705
36204
44024
46273
12123
56242
14261
81274
42260
675
13528
85842
56711
4818
27363
19828
29449
44552
19740
31058
38900
27789
47924
38972
43988
70808
65991
49940
2298
39305
22663
36738
50415
3334
36544
70477
39230
63189
70936
59753
79959
72104
19833
78356
33580
82909
81682
35286
60597
57275
31593
2093
42562
79480
279
53348
29042
67574
53928
29973
60627
10280
57833
27642
58993
505
80813
40639
20894
63136
17222
87872
27298
47737
79184
92268
9380
64946
9386
60290
95944
54626
77274
52681
19185
57207
87128
89353
61887
11937
84007
89902
53223
37128
24853
28848
31977
19147
59592
9784
63437
87727
21878
29507
46692
72714
11505
56584
49064
4525
10942
67245
18019
77462
63385
3662
34874
55467
25806
42757
1340
45576
17614
33496
7592
19181
16917
14906
83117
36070
11364
77566
18629
87539
6153
88218
46986
88851
25401
93201
76383
84245
31939
37417
68443
9529
31949
21075
84502
36125
2147
82142
28051
46180
33762
75145
77476
66265
75630
83035
69017
83949
79113
84448
12477
85825
33226
91651
42244
65213
28357
49963
22825
43510
13468
14710
52599
33012
95792
16369
83443
86880
28386
17372
55276
24707
9230
45076
51810
15077
75084
86408
87777
58257
77870
40107
73858
78261
17346
31021
41937
93502
96104
86569
67702
89748
17136
89489
25099
33923
30289
9839
47781
28185
197
4024
58283
41133
14630
1709
24510
56957
37312
40844
42741
45262
12252
21524
94083
55405
22173
59469
69306
90281
5717
59526
88073
87705
58140
89451
41780
85359
49604
41817
54365
45068
44997
36229
67121
41784
44924
23088
27148
26809
11792
87546
44606
61044
93574
80980
43407
65831
55226
26193
40442
7724
84407
9290
70579
16606
25020
25866
95187
60810
56025
8075
32351
1030
71301
13613
8834
87868
90753
24590
9155
33211
94980
51976
39628
39838
9457
31776
30065
94873
43273
40846
10207
48602
52064
72334
72473
11348
14360
47650
28447
24998
41135
69468
70208
92610
44297
12703
52940
82126
19664
33089
35777
3324
37147
57004
64361
43514
85072
23816
26722
6564
78958
72742
93508
22160
5666
76508
28084
56845
28649
3786
43112
7468
73808
42593
20842
63841
9189
91161
58695
71353
88930
34377
71594
39952
93134
57257
47198
7663
26502
93207
3313
49644
42761
14804
62350
24641
65735
36888
84037
27723
91751
19448
52368
32291
26391
13343
28236
40238
78948
31461
90190
65618
58535
3795
84613
1372
33900
68769
28349
48348
8012
46508
56700
46594
81138
31568
70527
47289
74253
68460
84426
56365
84972
52638
84621
65347
80452
53983
54719
83099
22264
65472
86610
7608
17536
64923
7434
29289
77090
17471
16376
16419
49284
73268
92733
14594
92375
5495
23513
5170
30246
35539
1267
84180
3892
72789
33026
20593
58307
86643
59653
34913
69368
90548
61400
64727
50068
17197
93241
6806
95753
31007
80021
27236
46573
8999
82494
26339
6687
10593
7338
70829
39171
20522
17340
31423
17030
33949
74642
80721
19684
63530
83177
62360
230
16781
18393
55847
34560
11858
22869
4716
91234
80701
37918
88324
92186
24709
45150
24706
71499
45560
58305
18323
62879
45303
4766
70354
18266
92356
51330
63420
69467
53072
71268
3891
78765
88055
9569
60587
80673
58210
42454
10323
69726
83277
49389
57016
73454
82048
18905
30346
29449
18968
32629
29622
25561
69114
610
1583
17220
28388
3022
1190
30773
80170
3083
81726
70719
37609
62041
21018
60059
85522
39172
58351
5806
80705
36168
18022
83545
39088
1987
91953
67792
63621
74180
703
72715
31131
22096
76585
58326
81679
39469
2250
14911
35280
77233
26066
87248
11524
78310
8477
62764
87518
21627
84530
95584
19532
14802
54037
26473
95843
34800
86451
95372
95532
44918
68683
92576
22228
80242
75796
95013
84459
75907
92080
14763
47171
94031
25389
91444
34218
95192
50379
11619
79914
94183
75399
15163
83919
26158
9855
54054
75606
39281
90469
39320
59651
15877
81032
11545
29444
27374
37067
79715
69070
44380
51391
79697
56444
5521
32013
50574
32263
53610
14740
21276
41105
61313
57300
42364
8571
67977
30928
74319
43330
44743
1253
67993
11621
62211
92327
37992
57702
81254
61961
59660
66409
63009
30299
77081
19463
41371
28822
51637
19801
82914
88275
36211
28980
11107
62150
54201
58558
60282
25710
85324
63895
94637
44594
41726
11869
33446
59958
76544
80959
56795
53366
41720
48647
16665
2952
10463
55408
53608
12094
86794
17547
82502
61084
40507
7359
87929
44923
50155
30758
24048
25031
17235
7748
78118
33226
11949
4191
78567
92035
27463
60355
5065
16911
73776
719
19946
88338
13314
45702
90830
13554
15525
82728
13301
67778
55131
1782
45215
78669
55393
51212
57910
84861
19030
50327
23726
23702
95978
40846
37408
16950
88275
45700
85036
44595
38584
50130
41587
58518
74048
64485
15718
10887
56047
37874
45916
78050
90978
53653
19105
85529
42429
88187
74072
37397
37425
73611
4987
67373
5292
19315
91045
31523
79703
81256
57578
18540
3851
28738
59204
95449
49632
81921
79009
66243
3464
94301
55222
3716
79484
57422
92590
12761
39206
42843
24429
32383
52871
10941
95080
36727
59044
40975
23111
86230
43951
75255
62729
88857
2698
29779
30972
42713
19726
85094
11839
7669
91046
54800
77802
95662
72855
18880
15128
83038
19340
50008
51940
94367
5665
59225
27332
47302
57990
53621
85472
31027
2888
25572
86728
81544
23773
94528
32019
76479
85064
44343
46255
32393
57010
62224
22638
77797
27024
13124
45901
20452
36015
41280
40292
59769
72011
83958
73918
47453
25199
93449
82622
60725
68621
12921
64854
30385
94850
2638
62637
52997
21446
89644
78034
11432
42856
94869
89925
78418
51362
35874
56481
2402
87586
27648
18674
24195
1167
57243
41105
31743
30054
70035
17088
22814
21254
46378
50529
7695
9151
18069
56454
6529
35314
73111
29900
87617
73887
75257
94674
20472
6681
35771
66010
82083
6766
50168
75458
5117
44075
70296
30803
54788
64303
48864
29109
31958
20053
31456
8096
9861
83806
7989
72460
86243
58753
65052
13689
93424
34580
22079
29167
65569
70639
29356
12311
94853
46033
19055
17306
16476
54800
82145
86118
94954
88098
54657
74304
40664
37066
52955
22235
65469
53970
38039
10745
51287
62805
93601
33424
87936
40779
64619
51707
52845
27355
17142
77107
95757
76507
944
33257
21608
19181
61271
31082
63069
94717
74423
72490
49032
18375
16548
91207
89243
9647
27673
79029
8547
42221
22373
62607
5191
75633
48274
10627
41659
88117
95314
89814
25915
63562
64942
39512
57819
32804
85037
4998
1693
73300
47964
44621
85686
1288
86540
43320
79898
79202
53055
81723
19945
79225
41911
41469
53613
35198
24866
47240
50235
66848
84536
20724
35454
62795
53423
62103
76374
29269
44237
59255
11307
26522
29526
15854
47167
95909
17318
30051
51787
81809
72388
62791
52199
3987
51365
49217
58801
60415
94073
62346
24776
46623
9258
74875
54359
6056
5565
65734
3744
4447
17089
58679
60912
65614
91549
68383
43288
92787
47151
26382
31880
95679
65136
73401
77409
20665
91814
31167
92631
28928
87998
27832
67640
27446
52020
57404
62331
81447
66721
979
23286
87152
46579
52342
22175
87148
9579
96081
70871
13964
28003
60266
89497
71925
55843
18301
44403
90681
43371
88037
63345
77620
16529
75163
48083
28639
37658
77932
53205
79452
53709
90201
9964
25458
48502
76438
54972
74617
44131
14738
71095
66632
65781
13506
63539
25674
32851
67697
43844
70641
39664
5184
53800
63866
11658
49443
23993
77417
15165
59872
68730
74415
44394
78066
38383
19065
94335
74583
57126
58073
3826
52775
67866
10116
65046
9637
32694
56908
9948
15094
3383
23072
25178
39707
868
5964
73457
39975
16847
16345
45690
27586
77181
50973
41719
11901
8797
76481
92387
10322
68614
41506
83164
82891
8529
46865
81616
53250
14719
12892
4646
88992
42991
75374
80549
89307
73278
24865
20079
26313
79910
1933
68474
73750
83818
5775
26517
95713
12273
50301
58939
86978
892
36406
1326
49454
34516
32293
46508
48848
6530
82651
54903
29452
8771
94579
14155
57880
23807
45901
55871
55193
70637
18669
20232
25034
75318
58655
61264
40036
22091
81688
75155
44263
91137
90532
13971
11646
352
83228
1540
35432
22890
9176
17989
14903
63446
52690
75486
41815
93439
53227
81846
73944
86087
45510
55778
48855
89460
70183
38751
37029
47678
66372
14556
23964
14653
72809
61688
64767
40077
40818
90122
91016
9641
52022
88725
56775
91764
34607
11332
61120
62895
67722
48247
22279
72106
2472
1517
54838
42647
48919
87368
52201
79451
3869
71861
48503
42436
74157
32189
39456
16933
40911
59133
57945
63457
83728
21882
77410
13660
30208
43058
326
16317
68705
1291
92726
20230
61188
16213
46348
40868
63136
73807
72481
6842
38277
90265
15051
63815
23521
81819
21384
68175
26676
36508
46692
68679
1725
18642
62052
50011
79350
85536
75156
51573
46899
69172
85524
63765
25335
82328
56149
92456
62797
49531
67204
81241
71542
11416
12584
70422
33003
76892
24011
76093
44678
60352
61324
46743
81966
39540
33352
3022
64431
663
38946
19141
93463
95830
11251
18222
57216
20197
61080
36643
11090
45958
37859
93393
6137
37862
67527
47365
54609
9391
34243
49362
83776
86516
46563
69178
54718
19914
12412
6270
8883
10144
86127
13664
72342
9069
64789
84776
89069
65037
69753
24836
67530
78087
7361
28222
89302
51398
65182
61126
62094
44155
91659
67802
27609
14591
2758
5578
6643
5331
51364
52515
93449
80203
9611
70293
89732
27280
38914
22544
58940
72493
1449
63698
71185
83677
30912
62832
58236
73911
48800
6467
69853
13919
10364
2982
51246
16656
92637
1499
1364
10415
65387
66313
3625
36736
95723
49945
59485
19084
16960
69364
83124
50072
64473
91486
37119
17295
85351
52838
75991
12885
10791
50854
49411
40676
90065
82040
87180
36360
85473
23610
53657
87649
45690
49256
10342
55211
95606
25006
19065
4539
54538
50418
41127
54843
25744
54749
8022
7821
94219
29432
61525
54893
94680
51229
7908
92203
52557
57070
3227
46019
52698
37050
94637
40672
69956
43737
22944
91962
19560
18522
76543
24916
46105
89654
92454
47497
55949
86468
63998
61380
8893
20719
49083
7050
92682
62071
50549
32996
48756
31361
41488
15538
23054
30882
47689
83791
28144
82494
28886
73605
59786
27957
53557
48935
21276
10370
42009
10731
76528
50216
71690
71799
77113
2526
6384
35524
43207
1864
47821
1290
63508
62592
64822
53932
27805
85893
60723
19350
22129
55745
6802
31700
94430
24937
50694
6497
4842
91205
45815
17295
6587
95652
92355
92649
47508
44622
62253
32076
15837
5780
87960
6679
81666
50516
73784
82180
91843
52346
29708
31715
65643
62559
48837
541
56621
26970
26854
18981
70821
52732
3560
53980
9968
21434
14753
36361
38178
603
64038
79666
61149
86065
20259
79125
21526
54341
81214
85642
61376
31455
40962
62164
31074
21495
11321
77594
42950
3498
90419
12562
10811
34601
69843
66976
82923
95354
71546
70592
2607
72667
11294
72853
17791
39060
20676
39437
24033
34136
36816
81718
37963
74883
3031
36276
26343
45196
95458
62757
69966
60863
4201
38242
83908
83589
47678
64191
65086
58196
74874
93718
79946
52296
92983
71174
76839
37523
68708
70100
519
32500
30472
77389
81545
47689
32469
1568
68757
74890
60622
64063
62652
10483
72282
22122
10182
95829
91438
73207
94863
93371
31424
772
15140
24030
62989
2051
78388
49000
44207
88379
57872
75244
84883
58793
82483
89220
70356
16343
48528
79261
27933
2701
46393
92372
81424
63784
93653
85677
58936
64205
83488
73093
41438
58560
82530
93177
51320
25614
47026
60622
38092
81668
631
17238
50985
57120
69823
27457
87697
36466
63986
26854
66991
23750
89653
11445
30479
68099
24074
87933
87317
47383
10400
67724
23967
5806
93560
12004
93821
64290
22218
5526
11481
24908
63611
92914
12505
13589
21286
15471
91945
56376
89554
40632
38635
40159
40311
52390
3022
50611
59053
88975
59580
69932
23632
76076
69868
45055
16127
57354
35673
28711
31488
12212
15308
1914
7764
44753
90053
88616
19371
94716
44675
44023
13871
10678
11874
58034
6187
65146
18078
50831
27170
33879
56245
83451
17616
79171
92789
47198
17615
84003
25244
22201
30788
57409
58824
10611
95256
85530
34
13342
14015
27233
61507
10736
32670
86231
33629
78418
82822
56388
54557
36983
56809
8617
20147
28498
29813
64158
75532
89925
19292
7577
76902
73226
47370
22398
4228
83302
83451
63543
90593
70655
34889
50428
82802
47877
18747
3277
11939
90475
35124
34446
90406
3145
65357
47073
37896
46551
29181
25047
17696
50146
69721
24550
40631
33081
79958
53448
43359
88935
66480
13185
44063
87604
5482
63217
56485
55217
12755
37631
76977
90707
89935
81024
33807
90377
91834
93474
29261
16545
84776
75428
70161
90325
68108
86957
64307
47196
46500
16758
55071
25420
84675
7991
80623
30638
52722
32075
11582
80730
50134
72837
14726
43261
19531
46998
77457
80109
66794
9990
28579
75561
68141
46482
71092
34580
67079
41739
66424
56179
8552
84081
51273
86197
51565
90302
49190
74290
37813
11001
75003
3562
78116
57126
65041
44536
80222
93038
81195
81318
82808
48691
82188
5954
8593
84690
41997
59235
10928
25260
67808
38618
92037
77537
2091
76875
53407
80712
4512
14252
81965
13834
12913
85929
4269
37813
48580
84791
28033
50119
82109
96025
34596
92970
34221
45498
73240
87511
10545
35793
48769
91677
80178
35897
35935
26721
44217
12751
79065
86483
65978
56969
18271
42725
93324
16653
65718
8653
82659
86210
47339
40135
24073
84780
72548
81568
74874
67676
42406
95783
43639
91690
55493
50838
70710
51460
21221
51726
1553
45216
65334
46940
60620
1048
4034
49176
15722
13591
69680
39952
15740
94365
21196
85438
10194
31680
5795
14150
58926
11664
36080
2567
19176
42400
95401
35072
87106
4817
57347
16669
19837
1035
1066
11046
16090
3190
6670
74404
29634
78437
19464
49471
3332
52912
66583
44201
51472
78165
3216
20182
40170
73475
25954
55916
92958
42613
42689
33289
12569
46600
43643
53665
87804
20484
37995
82517
15227
68643
61891
29591
86810
35787
26381
35208
1852
23505
72318
36291
69264
28787
63847
10200
26918
66460
31286
73695
40170
44536
92537
74029
71700
41804
29539
71597
24710
23133
27757
13650
22511
90587
26693
80866
61150
27463
88748
85921
77995
2143
49864
67326
15627
87737
9500
7556
41309
37102
63205
83215
40001
89
26163
12305
69805
56326
59702
84862
88593
85503
15745
39320
18222
90263
81688
81264
45582
34472
33181
80709
72185
94586
49311
28076
5039
53233
6166
72576
13117
67458
25184
15773
56007
41147
73452
17238
87544
11682
4384
82737
12491
52605
62004
887
5025
63003
45487
50819
95373
78067
74976
8619
49672
88662
20327
68082
17481
40804
1083
16719
87277
37224
87205
75032
14053
51144
8542
57771
92943
89180
60653
4021
82169
35781
18176
81524
34648
76257
45327
603
80457
74467
76795
3129
79435
26451
23739
492
95081
59576
9803
15753
71283
18804
15645
64510
54345
72992
9796
82218
57435
31738
43289
69205
5619
47063
23494
2458
90656
75335
38257
37852
91765
92692
47145
33086
36187
81683
88893
13826
60727
56050
19683
79934
62426
64482
2028
82222
28402
83579
47696
44637
72044
59752
37252
14044
9526
64797
6381
83380
3478
10082
32079
55030
27150
86234
17523
44487
67590
34574
3380
33923
22742
46882
84226
76429
64027
8417
59911
33419
94617
15678
73330
46157
4124
56409
3075
3199
73510
42858
7796
65084
67939
71666
5390
72289
66278
70512
95699
24761
31919
14145
36087
22759
48612
36575
61859
24524
68706
31990
78676
62807
32876
14185
38690
45879
78105
25765
18239
12189
42640
52049
16369
71148
8423
80964
73373
7877
15486
85768
64172
74270
79516
42075
36355
65853
96058
4684
2457
5423
87618
56360
83468
78730
59913
51528
63965
28866
57120
609
93972
84045
95459
77192
5490
36335
90020
25038
39047
49934
75387
43391
14527
38935
42103
17591
4076
95632
39831
89881
2588
89463
35343
47853
87904
80246
59331
4560
31407
27925
37615
84250
63183
10483
43332
11997
54350
65190
46645
21939
70062
75686
45840
68751
64017
32098
6852
1988
55044
9913
46755
90336
22959
1339
93969
75329
45168
87123
3063
64780
10117
80305
3346
2959
10096
77884
92475
66593
26922
25376
47050
78185
84282
68609
71180
146
4427
3881
26276
61508
16149
58330
87643
80272
5780
51319
82296
15145
84089
93606
71562
64311
52754
64035
71247
83863
85883
68734
46134
78693
3809
67619
71434
91002
92334
52187
54605
21143
36228
44155
20268
84370
992
68711
89236
26600
72076
83424
26824
49728
52840
46697
30294
86459
66322
48993
38422
85142
7373
81041
38999
12124
78082
65684
44602
53914
907
86271
39681
64888
70471
9576
44727
75578
71386
63237
37470
63279
50521
233
22619
12598
68940
13320
27253
49464
42470
36005
94578
80927
78619
56029
52185
11748
15677
80702
78581
25638
77308
1859
22632
55074
95034
29244
58597
66568
67005
69345
73763
48085
13851
65589
19240
66297
44869
92864
31247
76019
47674
14940
58547
2924
67043
51309
58474
27048
77516
17016
562
9737
72331
21049
26465
1645
44748
69212
28984
93194
73680
28950
63807
87940
67397
16161
43268
62814
80986
21532
21881
62915
51205
30091
38543
9858
91631
57011
90319
87420
56750
56961
53950
38400
72473
56169
4130
14583
6981
48035
30083
1963
16806
43113
27969
66360
47551
3899
12315
58229
89044
65695
90503
35233
74544
4174
31466
93514
57912
23670
90519
50044
71246
87309
82215
1669
2097
76546
1274
49581
47388
96069
78149
66892
47108
68342
51593
12367
18432
46722
73920
37647
16399
73373
71473
51908
54057
20973
65139
28148
51746
43104
24632
48300
91821
80889
95567
12835
95315
95299
66640
65540
25822
45587
57465
60241
85766
13967
77346
44349
6620
90475
30994
36890
57509
47138
48954
80439
71697
35252
42491
76301
57622
41633
16240
84626
32786
63220
46475
52761
72011
93582
82931
14222
82239
75053
55033
46773
72390
38687
66048
10756
83718
1959
55884
85247
77532
1899
81014
32887
41023
46079
38108
41392
40789
77455
82923
47461
61331
13124
55709
3350
39478
78313
25803
85627
84228
84452
25133
85051
26969
54658
23203
93553
80679
52707
35010
67661
39085
49801
30477
42062
51661
60574
14378
90328
25859
92955
71503
13649
26368
63331
79690
52798
74993
64355
94142
13065
15960
67701
72246
74715
57185
86452
23331
80046
8066
75247
24371
50051
54702
84143
66019
88564
84423
42358
79465
80104
65294
5390
83773
2215
23807
59069
6407
94864
44734
72422
12124
1216
53403
6286
86181
69977
43568
87891
63845
58365
82267
55867
72164
64065
35702
57129
24022
46286
26070
49608
37017
55079
42062
49814
86691
22467
78782
77498
88781
5323
62011
55689
43659
90664
55201
12194
653
8645
62109
31995
24721
11591
55577
85807
26339
76984
78752
51616
9438
56257
69121
72647
17278
85523
88446
85694
82000
70253
76704
40967
34630
19910
16661
95095
52196
38525
93284
8848
1973
41850
79407
30794
95585
46062
53303
51406
28057
89017
90042
8539
60713
44576
39588
75104
70548
12003
87143
8123
31293
89689
70141
52970
74984
54437
556
40803
83138
32703
36320
25997
59261
85813
87714
80298
31299
7799
55709
72590
43174
12237
39410
60979
88433
21461
82218
67235
83957
25689
49705
44232
91286
86811
77073
3828
25178
70676
63629
32149
84641
52024
51205
10502
33352
39586
69365
46042
39942
16998
34865
94518
57928
26259
30852
93919
62544
83377
40518
1769
16847
95259
30799
91348
57805
26852
30126
57586
18013
29113
58945
87622
69240
75402
76336
94142
52963
74535
49367
26503
30045
48132
40239
62110
55987
52011
7240
59808
93931
18593
647
14360
68719
75019
80890
64858
5079
46928
95514
43325
29214
18878
982
5232
9199
18124
18061
65908
37598
35717
20296
23306
85176
78699
63846
82504
38849
73374
86330
31023
91123
42332
37626
84931
49444
82272
51519
46170
37082
63806
16783
42116
66705
80681
42529
37520
10301
24655
74840
43558
19412
93864
84613
49089
29137
34648
18669
48310
66075
74870
12016
11221
68245
15806
42215
38966
49627
73941
44690
92484
8765
27407
18917
64880
62192
86165
72205
65166
87057
84108
94534
60967
53421
56180
70902
30473
74335
88018
94796
14814
60262
13720
52266
54784
73061
20813
46164
70306
3180
35088
62677
30458
26372
28066
93506
68892
14880
53414
84891
70548
26174
2375
66521
14073
53638
94331
89937
87561
30970
87318
75374
7069
62842
74044
31255
33727
63066
25015
16812
8697
12664
30175
66332
28762
43022
80760
96059
20665
10778
70020
76090
30291
40450
1468
6856
46632
36331
70811
5416
1936
61295
34538
13447
40105
41030
13980
30236
57292
5154
39512
36170
60764
87064
41845
59196
82163
10944
63076
47605
10800
12487
95078
9665
94916
11721
69289
18247
35018
85367
41483
60274
45660
94781
23091
30267
38093
41905
78287
27598
6889
639
47332
15650
74227
93697
64051
48369
87341
79763
84389
71772
90735
57311
91206
17544
60742
6064
84133
68860
43882
8564
89517
33562
34715
85084
5849
20318
66651
41682
46606
61181
84494
39095
58294
75054
81488
24863
58868
28780
20853
72133
54042
24007
60540
52463
49625
22313
76893
46194
16949
9424
48234
73744
85299
82451
45381
51972
52250
86782
92643
51212
38667
71944
33974
37390
56697
85181
87725
38275
25430
26141
41991
54802
86733
11790
78832
44673
66726
42300
83792
80481
15134
113
27309
45852
83268
51024
55407
15473
12851
87884
87795
75568
40974
64963
36350
70224
42034
10755
29735
82042
33482
5268
93686
75375
76474
68262
61494
47734
5346
58018
68622
39006
46163
61107
240
80443
20352
87112
94365
17147
51734
61685
57142
3419
41336
88786
75326
49203
62811
68975
1854
16404
4169
34129
33860
5925
36817
69726
70281
6206
48950
28254
85262
60989
40442
87469
35740
59880
94317
51429
47302
36760
41605
61859
32118
70440
14225
43646
65205
61321
73516
74580
72189
47970
79874
91272
89407
36510
84220
89848
15672
697
66057
53064
56975
75847
90939
80107
61262
42914
8158
72116
41129
59738
36269
40278
46538
95224
22701
32061
5855
82234
44849
55943
20781
82679
35979
47196
24783
69863
18587
42488
94348
88164
16485
14580
48488
43910
39006
47350
71770
29766
87453
55795
56740
64111
58685
41656
44743
9331
56911
23136
26056
54536
43062
88862
70109
41658
9249
82759
75106
24451
78142
69991
85008
16219
72996
30643
72369
26844
7671
87176
77439
29418
39604
90831
7120
83848
53214
19390
64512
32831
94740
54143
45483
18810
420
17193
43021
61264
64283
74038
55585
92491
87824
35369
90792
44939
66273
66426
67415
73969
57473
85236
34263
3599
15079
27182
28416
81821
86348
90827
14911
46207
80141
18347
18045
51330
68941
90851
87539
32181
40974
69340
28164
89439
69156
79018
39609
49209
94091
78144
9110
89301
34453
39938
62264
7323
69592
87375
61953
76748
33490
72196
69558
13328
17974
50161
51988
17872
2295
41065
75547
39676
21737
72326
57988
94288
68563
52720
77787
61373
91534
82024
58640
64098
65420
62236
23987
80138
74855
31488
74458
53528
67262
28053
71306
74767
26859
62297
50162
43835
55709
54904
3385
72849
85327
31754
89228
16220
59496
64239
10587
89240
78605
85957
86486
4846
83175
57625
66650
79285
68075
8516
74982
26114
53541
38887
91865
92343
94847
81340
8621
32914
91916
32371
89661
83727
6838
17988
12035
54266
68827
14615
9856
26348
22438
62516
12716
66645
11795
64651
11566
21712
13614
71154
42300
67141
63742
13488
26915
245
550
15395
39275
59333
56445
30560
19681
28421
50726
57050
60389
66614
41714
86154
72224
13573
11189
88319
68622
72493
40861
6406
74767
50524
8619
62290
30187
94820
80508
8483
54035
23622
64481
19161
17860
67142
35515
86952
52279
79314
87596
1139
95853
2326
43144
41518
2301
45604
80946
10360
91801
12316
38915
115
4711
92185
45878
76805
38669
16092
52020
94273
39971
96037
14945
11078
78206
23717
51646
19730
42466
89548
44871
85707
66578
50668
52434
8831
62299
53800
65755
11205
45747
21757
47620
78183
62791
10337
7506
37109
41234
29727
64442
23398
7974
73151
6987
9343
32744
11357
55390
22727
68142
89216
48247
57724
37410
95193
13104
25235
6613
94382
30080
8802
18662
88564
3038
92325
45633
90983
6120
24681
86725
48338
14694
89841
92873
1066
69942
68261
41677
85212
58206
64758
53574
64990
45776
63644
76394
48336
86872
12159
49651
85660
41574
1614
93731
11155
1033
42662
56051
37612
47584
27887
6903
59461
90463
19277
44992
40886
91064
916
34779
21409
6663
88001
63680
92635
6046
75992
10152
25163
84224
11042
76162
64405
24281
39813
87843
85015
17728
55931
76632
34141
36999
30867
94486
39642
75791
27178
79101
79072
6138
79
55005
32662
71894
28972
24923
29174
94858
67965
35453
84953
64424
27347
64015
2030
45339
9954
60823
89408
13298
65760
25192
89592
42529
58077
9537
32365
74421
81007
7972
88358
56614
36767
32600
76867
23649
13030
73509
79672
37975
67084
63359
43139
29018
2365
51395
33447
12406
36229
34428
82545
49130
80579
56794
82872
10389
75771
41576
36004
37534
89157
4838
26709
12489
5380
42211
33376
18239
76288
60403
20377
26278
83736
46576
46876
24542
754
13318
49425
19089
56464
64320
69965
16696
91912
65662
10514
55812
77643
75802
23020
23608
92201
65740
11318
47221
57884
32704
41475
11563
50936
89930
39368
9201
64858
34245
14357
54052
15173
17975
25027
41112
24916
28846
21618
24479
79502
7013
49180
49274
89775
12071
59097
55914
33765
20849
72035
36058
8004
37235
79908
36303
11543
53646
61714
58292
81384
68576
9230
22344
25712
57312
50092
94498
78184
3775
59303
93649
55479
70290
75128
35393
95115
80912
11567
1804
23281
3916
13464
44995
8635
2234
6150
18080
72098
5879
88177
95776
81256
67454
20487
54210
7842
4890
32145
31306
32584
73230
87777
15634
58377
46270
76732
38693
44841
24951
5194
471
606
5049
49179
15874
26736
65686
81287
66616
23907
4977
64540
76796
3381
20355
13145
25070
16558
14990
1002
20614
31198
63427
1056
82995
47524
16728
88240
43645
47771
12002
90258
35618
47529
5361
64260
30793
92736
17395
16183
71665
70588
27297
63259
83741
94845
70294
57796
2004
72720
85492
36033
94644
9821
60939
3240
76886
61822
50482
1692
74778
12108
31271
68937
29420
60102
63440
57193
18981
71706
59731
94143
10049
49653
57979
8921
35788
76898
26
53386
77114
20791
72116
10638
37658
16322
12810
33219
42345
50742
87289
63463
13028
9869
54572
77619
67512
23840
77535
93997
1412
6130
40928
26913
44968
73417
67663
17116
57405
44710
56569
31828
2145
39329
66988
35521
34925
71694
44730
16789
34052
6444
5796
53083
61797
51977
33240
81739
76991
35323
44980
62034
94393
16594
50155
82811
9301
91313
10669
12685
3382
34699
45313
62093
13129
58425
13170
64652
40297
24203
63594
10807
68270
59930
77710
3846
94583
66158
59378
68726
73016
86225
81853
42170
40786
64620
95956
63543
58597
43631
56754
9085
48311
59098
90300
55753
79881
51530
69531
81658
42879
8781
82346
27765
29262
52305
57366
61411
62188
69
30159
37383
66804
87730
56314
7042
66246
80512
26486
82678
73619
17179
19034
90623
59930
54003
58560
69431
60652
66956
32154
21594
55021
19471
31824
83610
75236
47303
24785
26658
71589
57819
34015
48755
89391
85278
36887
41348
50271
95680
92488
50263
70630
25267
53247
59561
13013
42671
86737
11518
64478
32833
49128
35324
7814
35731
38643
64656
93123
57910
14053
1458
205
43663
30137
59032
46095
48212
67851
5784
64760
23460
28318
50896
19583
76459
31081
85643
46143
19059
54857
8683
75813
63273
77040
44660
54832
80454
17686
31922
16122
18428
34656
75440
12322
72032
68370
69136
55116
55450
62621
1316
47641
41006
19691
41215
95122
61623
33406
46931
40645
15664
47821
13275
81673
70005
65162
32278
15566
345
4031
76940
25212
63044
87254
61384
75254
5647
10524
76532
12906
10255
47470
71527
9269
2678
41454
37447
41174
64127
803
9506
77333
66074
50230
83529
23759
36679
57901
66040
47508
49143
72334
40073
51044
39404
56414
19352
33522
90033
83082
9648
47822
13361
47922
30083
45648
72181
62567
65615
53454
33782
75433
54621
34938
30917
79110
45598
41365
41349
33642
45754
24897
48543
74854
30426
8751
54942
24316
36050
69716
69699
85935
57008
22341
29689
79677
43928
43579
1061
22940
29512
34796
89616
1862
48603
2261
74393
70357
12895
8740
33530
3979
58541
459
72787
78818
11413
38846
72639
15393
13256
35713
48002
46277
66971
53440
61272
13811
77919
66499
41964
1562
5312
73488
60429
84414
73008
58210
51850
16046
28405
72207
27226
7698
40232
36960
37773
51274
20070
64717
89726
22475
21124
61497
63003
36879
8859
23925
10864
37365
91580
56800
21286
64821
18992
77579
55290
93047
76708
75642
30140
41888
93555
45106
76172
3170
34373
78156
44292
49737
11311
42652
30800
86378
47587
37043
2874
57356
39222
44625
72949
53222
25455
30369
72870
44971
17593
69966
37579
1431
72997
26322
65851
93489
42821
42523
88483
87248
76788
47036
63791
69556
41998
70201
17884
95855
48498
85907
70609
91112
82877
67
2731
17242
68766
59165
83039
3730
18948
78080
13097
17732
17053
32861
75968
94435
30774
64644
38735
25053
15441
10990
93084
32704
44265
53380
37800
79413
49171
73612
87053
75662
61349
5765
86026
55469
66139
84401
8738
93331
19989
1433
81356
36544
77886
69449
17295
13346
2365
3791
44511
50776
95207
18773
73780
35439
81804
87702
90874
21406
21083
82477
82246
71091
83237
28459
7536
13227
65800
4278
30075
66785
95682
4263
30539
81886
3911
69522
94001
20736
67827
27640
22496
34455
58930
76019
2262
94081
78687
28644
7779
36518
29509
2771
36955
20343
11782
18206
59073
27603
12187
43294
80546
63841
87962
11165
87550
3481
32400
25104
74118
19868
7974
64849
12313
95870
63618
46450
53238
25516
5063
27862
4385
44356
27142
18432
886
14775
90933
73933
17608
59694
38971
61707
48717
24868
34728
30500
50080
30860
27839
19096
61983
84998
42596
54650
43713
59604
6226
44922
86687
84302
54060
36933
32034
55726
22525
77762
22138
53270
84285
94265
78367
14487
73791
36306
66727
68139
60557
59009
12850
23058
23415
6364
67397
4827
4834
59782
85619
58986
58302
50298
82506
32853
67730
5375
23238
46951
56972
43817
67315
44593
83931
90341
16998
84503
93406
10985
56098
89663
49129
77381
32832
71136
62506
39425
17636
64425
28875
62236
24685
74070
58198
32766
86661
17720
14286
62534
26835
47232
38159
60710
43237
24125
92512
66112
46438
45103
2139
25465
45303
69895
19379
90231
77633
54433
52489
59418
31706
79904
30165
20013
83345
46693
82450
43298
27890
43338
2657
27864
68242
94822
43032
32299
2569
87909
75057
48807
67249
17750
93322
12506
79679
73861
60748
64542
4784
25872
67028
58845
16055
80338
28342
54824
63971
79640
2988
88711
37057
25626
6610
12433
18884
52321
59247
58060
68504
41834
24883
68744
7617
959
17630
41053
74677
56551
8384
7152
88855
66009
9140
54900
44219
38404
19381
72341
27060
34003
54581
23007
59273
44890
14892
94757
11576
12780
66654
11050
959
86833
6750
12894
93173
31945
73102
33483
23380
63534
41696
57767
83086
10871
64268
79375
79795
31828
34671
61206
21267
15732
85526
92841
14710
57988
93829
69572
65879
11620
58486
18816
20528
47556
13865
72014
39330
3861
94028
4208
31957
85531
22376
13853
52231
43790
83835
15986
25994
92985
95812
4369
89797
80658
87154
34965
33316
91892
25052
71137
6504
88337
93658
9540
19181
60202
71386
13696
1585
3270
58319
13596
85634
50611
63588
21629
63128
77041
18393
50232
61679
5238
49963
32806
73699
45426
92033
36700
31640
64479
22205
30452
53040
21303
5250
49853
920
29274
70261
32890
33506
47942
12489
69912
19440
23294
770
6865
36387
89398
86943
7134
77042
94416
2520
30374
36431
49200
16341
85595
69273
44404
53614
13300
13874
50941
33535
73228
81498
41830
67362
85513
28863
23006
8589
31881
49612
92142
46536
71777
21907
1044
95118
6942
39547
28043
51018
81117
62674
68109
34382
83226
75231
66190
55606
27805
91495
77094
71156
68319
69260
37774
62167
18357
59418
8327
23558
814
40281
51123
29097
45250
7440
32170
90755
36077
12706
8864
57713
18493
83273
53840
60134
18787
57707
83784
85142
70968
64891
59903
28688
71957
42498
37019
69020
25843
74
67550
30546
37690
53738
21214
21467
31508
62714
23947
92527
11482
72532
48349
94566
54785
8207
9606
48426
2868
12176
77337
22938
2981
23834
30127
28836
57616
17852
27882
85011
53420
70003
45734
40893
29317
56526
1929
74168
93699
80364
94153
15049
1441
45530
70339
85830
67294
73354
87895
92160
83502
3044
50039
19439
59859
76040
24198
13515
76612
18043
55969
86999
81975
85613
84859
13925
16091
53081
11182
95529
42306
74764
65198
93700
59768
87823
85643
57272
38898
95925
92288
30082
29081
78688
77297
23455
75386
91747
90826
123
73703
89096
74508
6556
81205
86602
86978
71889
24352
19705
94732
56244
80009
27517
55299
61611
46495
34109
2090
66815
10636
73345
13494
58187
52413
68089
43699
52232
59808
14417
4821
87430
19607
68524
73558
94124
36163
79615
52385
87770
23034
6495
12708
67999
91634
45249
23357
27962
74964
49098
45138
46982
76433
56257
26533
63457
7844
94118
60151
24798
8425
64936
94652
8712
45002
5822
46978
6546
93164
65692
47830
220
11386
1975
87464
26033
70077
12537
21434
69832
83082
79119
77985
10453
55745
29986
51300
21715
75750
41216
67759
10815
46185
60285
82702
49300
9267
15145
22369
6365
30701
53422
27582
90686
75766
86692
62056
48395
82130
21518
28671
62698
34209
73377
14603
16404
23030
12542
53939
11420
59605
35360
66057
40482
37685
85005
93773
58399
15004
82868
23334
33814
40306
43425
12442
74307
21385
72715
70888
36418
48441
2887
25543
87947
87324
55429
87099
78313
39449
1777
87664
92127
90249
93389
31253
11666
6671
82930
93346
73854
34773
15637
40509
61924
83572
86801
89946
82760
78493
82271
81376
41644
26684
34032
65453
8719
66555
60352
77144
74092
18710
52899
10424
92565
88008
23195
23910
77089
3511
58498
64310
69536
46401
27834
80134
54037
73507
78892
50067
34700
40918
61534
54069
71152
8545
5643
26905
79013
11492
87138
12352
48613
11923
42137
95069
29485
92046
53380
75596
93567
13073
59870
47571
10980
3073
55635
47924
49525
50134
18822
81162
55618
23516
52795
43206
19667
82592
36646
13366
57116
59527
46428
53218
19182
24104
30778
69130
23649
67528
34052
60049
60479
41162
26021
51060
8967
11248
41189
4841
67277
16679
94019
42944
57146
39380
42300
67572
72006
24976
60751
61446
40739
5032
15398
84409
59170
61468
29253
34723
27877
12230
77545
42013
64519
25901
61609
14020
63232
87065
36400
71965
21913
43094
77634
17714
19815
9562
49504
83896
60758
29738
28151
63386
95568
22393
60298
30921
78077
29812
85429
11341
77695
90057
45809
14218
60307
91973
94741
84755
17685
83854
78796
2025
54259
10963
88574
34406
590
81787
18526
71516
43763
6729
52765
91742
20516
64700
54974
29825
68526
88871
3440
71239
20843
21931
43530
37089
31953
19862
53407
64707
13306
44891
14340
81753
64415
25375
41977
206
14060
80416
37102
51770
74758
47052
74265
95036
69147
58762
69868
20033
93640
69797
80846
26834
79374
75603
72654
27755
33080
3077
46492
4401
68230
85423
58468
79195
74844
18291
3250
93468
27835
79512
27549
78848
84667
3261
90923
90017
90539
36727
42111
9668
71052
40617
89082
76960
1542
28201
4206
88753
82692
60327
42651
76092
24817
22364
43166
70487
8738
92050
37585
31410
95060
13246
26099
11696
49300
24683
67265
29257
17673
73812
51018
46859
59411
90558
19358
65615
9956
12146
29066
52693
87949
38011
18121
59076
19770
85204
33573
64342
53847
2450
50367
10574
65611
32962
5346
25627
73924
3877
55498
91477
10839
35386
11999
26459
34247
10655
79864
82951
55985
30080
94562
82537
20946
9537
13842
15247
85050
89176
57322
63454
70575
85561
94370
70532
11283
93689
92254
16053
91404
55175
31062
47913
58414
94700
25405
69953
78548
1114
43935
37068
79358
31976
58695
88195
11477
31374
38543
56958
83673
53615
10943
46852
26370
26899
46954
9277
68580
24909
39202
94697
68784
96102
53815
64244
90373
94147
71809
11578
6781
34218
23874
87518
27648
67246
8235
36002
9276
5780
765
60547
46160
88646
81524
26450
77885
39386
48736
84565
25009
51814
43518
60837
62208
18626
79275
67921
79712
75754
51015
67284
1953
4366
65465
29239
75960
93773
28924
19824
16145
29684
34737
51280
36247
40211
63676
58682
59677
422
67979
77763
76419
52019
77490
95857
94755
94331
83544
23836
16537
48661
31966
41878
21642
41551
36007
50769
61226
55530
59512
20125
51193
43742
69961
21801
38650
94832
8741
32973
43408
79938
30947
20414
20804
10452
90208
45677
89798
22599
4001
66651
77108
70569
78678
14478
59571
10322
58803
29472
88662
66408
21097
56239
54048
65842
68159
43465
31567
21119
7210
66710
76551
36435
55996
25430
19855
3622
45416
12306
63467
11184
8104
26096
59019
41453
68376
4073
45035
2167
45489
43349
53154
59935
43782
41701
56221
47090
55821
51362
62916
19958
81032
21938
54524
40914
14247
70586
16294
69524
13837
27169
93567
56220
10753
93426
43061
62815
89231
76092
87134
44280
93233
22718
95508
2986
82182
70204
69192
60224
58495
54160
80434
41164
79426
76012
47009
43408
55627
53076
57479
56813
79757
86583
76221
79719
23722
29797
28162
22081
8040
34436
65498
74762
93812
62232
14606
17515
55302
80838
48820
66608
7809
29166
74047
77376
46564
17219
14485
66655
71461
39484
69165
81702
61094
57333
78573
11245
40985
24651
40354
72802
6755
54422
25184
53188
82979
8645
9363
16033
4567
48870
94635
59865
54297
36816
21465
40313
5445
34871
43836
30752
36210
58569
90170
61876
75405
69878
79679
4417
54317
71186
59250
12332
31463
91928
85022
65402
41448
34206
41887
65858
40514
46479
45468
43936
46139
89104
13492
81144
40856
87752
65521
36882
7544
22212
7351
40579
67877
39550
55268
7531
6496
67122
41700
61767
65585
18472
86547
12406
18645
32301
211
81650
86309
4034
85255
51273
33332
92250
87260
89301
15765
79825
32467
58681
23885
140
42802
42564
16598
93738
66397
92036
42867
44698
94510
5895
60033
26738
83116
39887
72607
15590
22804
44948
7486
8040
68582
69031
34895
73925
93999
67566
27034
90886
11459
6745
53097
14867
28791
14755
14846
76986
12554
73756
95181
43048
87207
45116
39908
78594
67774
57098
18961
31051
78525
68122
72382
95462
84332
54771
31363
19673
87357
90041
81980
84437
18707
1380
9640
278
1187
10991
4890
824
26445
36192
86164
10737
31328
61103
55650
56963
68527
75319
86843
20343
63278
1373
67516
58976
92993
46487
47251
15819
15523
48902
2697
90701
66361
81029
83500
84064
88547
75928
63075
54090
90624
43815
75185
49199
21330
17074
79303
66535
9206
56073
31065
28685
16272
10790
23874
67949
66240
38622
43579
93745
36166
67819
7323
33040
43010
94515
76141
35253
77134
43595
39499
5789
2317
77235
65728
40571
56206
45052
34285
86677
77918
92635
61024
53636
37974
2664
23783
69657
58208
10974
2939
21033
40226
65431
61979
35936
56993
70787
95221
50433
58410
62177
75198
19416
29481
9748
10980
58115
22447
39924
36946
55654
18203
9367
12842
92634
20151
47717
34286
81699
57826
42694
17222
66243
82617
82840
38767
12968
3648
17124
44821
68871
227
41624
16308
59095
5573
81291
39165
34186
78942
43961
16497
19578
54315
57457
8060
52845
72051
61843
94623
68404
71604
19260
64240
93904
78236
23151
79586
567
42322
43639
51591
40792
72280
14645
24600
82688
56278
58483
86647
20220
15446
18287
74420
48051
51651
45434
64103
8366
89025
67996
81543
434
68865
36836
46858
43329
4324
84386
15959
30349
66692
9895
10943
80734
62384
92332
24734
61369
78843
64736
95847
5336
46919
90706
16195
623
53190
50993
4321
84208
15984
34012
46788
12129
39638
72455
68029
50227
63783
6170
67333
17612
76374
19368
83284
51096
46904
672
60109
19179
83116
180
58289
53692
24167
35966
44050
13795
50442
68896
69226
91921
25375
2176
72846
69803
52565
4278
8900
90743
73647
5216
14027
54501
8529
11986
80606
57530
14195
48328
64927
92285
52952
64801
23204
9861
75946
1968
72766
22214
30835
87430
78843
63752
69607
18873
79176
93682
73152
41775
83234
34789
52698
2137
25954
74313
92967
13262
54462
41276
78717
82378
66819
67372
93595
16395
7939
73882
92167
3791
46017
86942
55496
53591
50568
47178
12041
3583
88616
27685
5497
61806
31009
12125
33863
482
35559
80780
70259
7011
15581
62669
87604
41181
15497
26962
79808
83733
45916
63747
89780
250
68858
2857
12939
65710
57985
458
48381
28717
38633
84831
42237
25657
9243
66150
27489
94175
670
26758
75261
37294
71945
4016
2704
18802
55767
2795
15251
84452
23932
4310
90661
5439
53661
25182
47402
66111
44985
67546
33126
33616
38201
80173
33182
32285
69401
92652
33631
85398
3820
80411
45322
62186
9135
74959
6616
86754
48748
83355
91015
66601
7678
62218
62566
5699
42235
21566
84393
10077
92178
47954
53874
18036
57109
68017
87021
65457
92007
11849
69324
85740
87159
26122
13250
25223
16954
58742
43549
11993
34965
74425
3110
71119
16499
39870
73421
11477
5213
45688
89709
26828
72059
59492
34069
58864
25094
56140
16403
2287
28559
57501
23517
51052
37033
67166
49166
61165
94152
42503
3484
59592
71258
72348
41029
37149
51262
74998
42648
68389
46227
18191
32041
21174
38675
89793
41487
68447
80856
33110
65920
92163
21966
2410
65540
85432
11164
66586
68422
49069
78786
15393
85405
23419
71601
56689
75813
29431
301
62164
86697
21186
95630
2392
11566
41223
69270
61857
19797
60888
22261
58704
65253
77556
20986
7028
23778
31570
10654
20589
78033
23485
87063
93827
1119
76173
87124
44893
89228
63930
3024
46506
53329
34503
22956
17121
25550
29459
65647
43281
46625
3362
44998
36592
16359
70721
47393
18450
67747
59187
5231
644
74118
21971
28266
72208
18291
3677
23861
35166
15934
79935
14634
23900
79556
13893
29607
37499
13129
50579
53165
88196
55324
24711
64402
55151
27921
45908
7714
64195
29698
52006
80306
11371
38810
4186
63632
40377
12178
40961
69976
65982
88870
70556
72342
80731
30629
24881
91425
42165
30780
89261
43993
19931
49070
5740
93065
45311
4830
17341
78889
73937
86641
64252
4829
71921
53908
87560
88629
93400
71978
87672
1214
79709
93353
27305
73367
62096
80449
78274
38452
58158
54365
18497
4593
59907
48747
15524
56678
65527
94410
60296
3527
60661
75720
78097
48844
87762
38058
22261
298
28575
77434
88173
58637
2727
69123
69469
50715
19112
15501
25509
91950
20190
66789
34299
44942
76266
30792
8433
61525
56307
58515
11042
8759
74721
29801
25617
44361
80603
53910
26329
10043
78880
68103
68081
81656
88695
89094
43515
60718
73459
6045
24820
56118
31038
3009
80771
83475
80870
3378
42536
13323
78892
32945
16474
83294
43305
89778
51769
40712
17980
24271
18940
9155
26303
65478
316
23131
49348
95078
14546
32013
82202
14753
73185
13065
38939
15400
71945
74106
12774
23188
68854
56717
53274
45834
85296
41950
4468
416
81714
78640
68904
78053
92937
52707
21560
17282
64341
88977
40356
47897
56962
9843
81982
25831
57028
20569
57219
43904
39971
31367
86682
59670
31861
6168
11298
11141
8713
62718
17427
67223
34990
22340
33366
10895
93391
57271
46085
35002
79652
94598
68155
37818
17421
23399
84545
23834
51332
55042
6938
87710
22530
6149
65671
45845
16376
59460
96066
88353
84732
60405
95105
79917
63812
18980
75248
77982
33002
3597
94598
77515
5049
4473
8895
82093
58283
16202
58817
36762
68199
401
45935
59935
2840
93406
11074
10791
94980
53559
44234
39749
82461
13177
13364
66387
65724
7762
48489
33011
90079
57570
20730
47951
6306
6419
49190
20210
11376
50711
69758
52171
73076
76048
43973
7466
69797
92457
65238
58176
73772
30581
26184
88652
18304
22465
48147
20313
42761
81219
84116
94299
13637
30516
51875
2380
92204
93887
42259
23456
22831
1749
43923
38077
72773
55392
10399
70192
5005
11562
92869
79540
47469
41527
20049
51572
58057
6702
26753
22996
75246
72273
20609
74800
22397
5292
40791
92258
19280
91237
73355
60224
69205
109
75935
47611
21841
6665
16069
58842
23890
71521
10141
14004
49496
80271
1603
56982
19639
17522
90511
31277
94056
32852
64989
70098
54680
65967
64977
84922
76733
972
72264
49276
67512
56831
46259
5784
9727
21428
33912
10637
53465
12803
50858
36704
84895
6866
65858
94147
71221
37009
32607
1272
27118
30343
74479
36062
74953
10535
40155
21498
82704
5050
72652
88950
82215
8354
61710
39362
35586
17296
36167
84046
56888
50716
7407
80784
46499
80590
63703
67898
6460
48330
16027
77080
83746
74190
62566
47783
95043
21248
3781
65521
59602
68012
65924
40034
86389
18100
47368
29769
53062
22489
57410
51601
92403
5237
5110
92758
87623
71517
12717
38218
62091
39286
77229
78489
1646
77407
51408
51303
16340
46957
52898
47483
66520
3599
7038
17509
90211
35592
50554
53028
50396
30834
65696
81054
32678
57620
21232
95343
51686
65478
10518
25626
56618
3002
55558
85122
84767
91332
16348
73348
42498
49251
14952
67658
9144
41242
79363
9642
51347
74620
14586
77794
60306
74603
30911
81357
66256
71488
79038
3395
29442
3543
23440
76856
67014
71634
38115
53234
29087
83757
69998
22225
33847
88797
85583
92270
32884
33964
75966
67826
59123
36719
31677
26809
87880
33111
34998
20239
51094
4083
77240
12140
78317
24299
22237
7126
45886
77032
65577
69780
35085
21228
51067
82160
66446
40056
79308
35863
42218
76636
27448
17651
89563
37215
71825
67571
95955
37708
9799
90174
73566
51782
67972
42335
75798
78542
13174
44222
30285
46752
20833
95042
45667
19743
28050
80663
25452
94536
22548
41732
46537
34830
65825
76436
71882
72832
49976
24665
65120
9143
2043
70325
41569
93366
80835
42536
11370
93664
18017
91396
67168
66081
32978
20443
52433
55551
74095
62012
68185
93562
61871
31261
80341
75766
12248
28334
43117
90980
71988
71224
2733
69793
19848
1571
25886
38852
94601
58514
17505
16230
21679
33060
13232
76167
32433
53477
37077
67687
76384
58898
30880
42459
59465
3049
8832
67046
11298
53913
26217
64151
40486
70579
44515
60719
46658
93377
15702
71876
226
8393
24182
2252
8418
81266
83844
74377
25290
50845
52862
27515
17831
10482
31896
71026
59185
72923
37844
29544
12221
60814
93320
60440
41042
43957
58774
47282
95533
32284
76289
21651
81952
43616
23442
83953
41171
63262
53804
26465
45844
10084
48480
87598
32934
84552
93428
69233
18582
51673
60132
45928
22488
25122
75793
89754
95883
3489
81395
56336
21659
11393
7473
41755
60275
76459
47030
57730
85417
92080
33417
70308
10843
92676
36409
90324
13949
84767
26370
44005
35938
46249
19999
37938
64236
3515
81892
77303
34084
6643
65339
60186
90222
45319
13567
19954
5723
95829
7897
39951
38613
95652
47586
87509
45446
73354
19489
64770
92315
26050
52519
67052
9458
39739
77349
94600
30983
29506
37527
47663
57944
564
62579
68151
75829
19091
1903
47975
41435
44946
71999
83892
10223
53054
46695
28723
47730
80573
23289
88469
44085
91287
56856
5113
14387
29699
59713
84498
94387
76563
5922
45115
83917
54671
61755
84590
15796
5086
66376
69488
80620
79050
70752
88207
26582
54115
89327
74532
6429
74246
83975
14112
9194
31438
66454
28320
88696
3162
43133
2392
63044
74328
25797
87432
24114
30442
62823
77034
79745
28765
16173
8417
12154
54196
72799
89716
88407
15039
55490
86318
9765
41322
70240
10339
70458
26930
88575
43999
70660
7402
25697
66189
24581
24012
8417
31740
25330
91098
94269
89199
78275
40655
8566
24968
45594
23774
73699
67043
19855
73357
69474
48679
29608
72881
83467
27332
17180
64425
5104
12313
58428
66880
25246
80633
4391
56526
71088
49515
55016
49131
22277
3574
51143
84654
44050
18148
58223
8860
39615
85133
14836
2331
70142
89370
46514
90299
56256
15718
935
67922
22579
56741
40509
9257
64625
48981
9356
91602
58511
24314
13392
2134
81100
58170
13948
529
41017
41139
54141
26197
22558
46227
83607
50931
50760
47721
94523
23128
23789
76399
72356
82259
55412
51587
3823
83333
92077
14789
76196
30238
56018
59212
83614
79073
56753
43261
90711
15802
3631
898
43926
89006
78071
79486
41668
37456
34832
7537
93120
92765
17344
74575
64359
89395
47887
86687
54
79440
17372
2344
26367
62064
60582
10512
5320
2594
72558
2350
35621
94672
275
23963
38750
43026
58525
56294
13784
80456
66374
1227
9630
71626
66188
25563
62811
49956
65859
63562
13716
13987
23085
11406
23602
92598
1434
66119
58805
41185
11925
7054
85918
45019
42846
65827
18111
40557
57751
43037
25149
50220
56403
7652
41954
73058
24504
31461
67156
68518
46156
16943
72885
23509
54353
16448
48906
43413
76421
45411
60088
70002
32873
11538
1862
70399
85256
59515
45178
41871
25881
1631
62645
66511
81034
14431
49580
3786
61852
65857
14798
40388
36164
81518
24750
25274
22650
19341
63780
2113
56242
27452
68099
85066
74370
28660
47444
62206
69151
12014
47459
10098
41492
34553
6649
44036
77744
70974
94883
83873
68016
76416
91389
91502
35490
44072
54683
87630
77837
35989
14270
18502
28892
87618
13072
4903
47335
56542
47905
62660
12253
30231
52884
65723
50745
76902
49360
20363
90106
10371
11937
64746
72178
79250
86093
1125
25316
42709
28874
76322
15623
71325
90395
49347
82708
40930
62005
71829
54907
38597
88814
84262
90877
17974
18557
81964
78232
49977
91324
7787
43642
26101
89715
66089
39455
31488
22180
77932
11921
41712
92633
14861
63283
46472
88696
21207
17877
2027
81103
88006
41862
80781
37266
88959
69871
2057
70353
81921
63357
53145
57056
76769
87180
71459
50163
83856
29644
71916
27153
58706
16017
52962
50921
87828
45524
65027
3049
85949
23914
27891
90306
75811
32556
25621
48406
84117
49644
25864
34204
23435
39212
34320
11484
2582
7708
16113
32190
40513
56768
17627
87151
55077
60099
46208
35718
61391
33848
35771
92695
34459
4544
26588
19496
57708
59432
49009
79133
68744
27371
47753
91922
8223
15988
83181
5590
86455
12907
8214
55792
21493
95570
1070
80442
92811
21184
11780
86313
43998
17361
4690
58826
70062
50272
55003
47015
84448
76792
83154
26897
47509
60642
30581
75610
81460
85340
40479
55235
41718
20569
23500
48546
42093
59277
82158
47505
26961
37147
29906
56610
5440
33447
83570
95473
42249
91812
72148
54766
95251
2697
9881
69394
70815
30845
63620
15898
71419
80360
44255
85751
9075
26872
11165
74925
47997
32851
79759
48999
54359
3545
62552
52177
91087
11678
76990
4170
46694
53244
61711
18639
83479
77804
52839
55157
28554
83790
54542
21268
88870
29226
58370
76682
19682
63815
37624
12719
19754
91384
40617
95254
57287
30990
63562
12101
86825
9275
69280
40720
44218
48638
16004
16642
86131
72446
3786
298
59583
85489
9308
9575
33710
84238
74241
79300
40891
63014
84058
69744
59491
50259
87370
19237
20339
27364
67206
55627
26736
80561
78881
78308
86932
32837
30790
26686
11903
25583
78805
34175
83077
66191
53633
23089
13367
6391
45077
42155
67851
74609
60950
32762
75306
17209
23899
20082
28497
23503
85336
25303
62242
5675
29127
89381
46026
16814
12878
17380
72507
2945
52947
20809
39406
40532
55102
88510
8336
14460
16465
2724
95689
84303
93697
66448
26871
4756
71715
67261
37230
16089
34285
65696
15442
69878
6365
27105
5973
4361
25016
90551
40792
37836
67722
9923
69806
16436
95257
94174
14273
59802
45514
19010
8332
85538
68378
9554
52087
74807
50598
14418
17228
577
49084
65440
54546
62925
92151
43044
90824
53651
75750
10727
44913
90798
3983
33687
5575
94756
36825
84397
9224
79243
33663
42161
88628
28979
8210
79092
18317
59547
57996
71974
12933
28843
87045
83817
30371
24995
22710
47490
19342
64401
27883
2644
83327
57955
7458
62080
8156
61826
40688
90691
49068
39243
7486
11029
44631
84574
67817
15822
64843
90258
44525
47132
53342
17069
7513
10333
33217
60123
4612
76065
51061
30654
83255
47135
37440
38239
81610
55691
72129
68891
70208
57964
41358
68869
54952
51606
57910
65946
82730
22840
71238
20408
48325
13743
9427
65140
81710
67842
85745
19235
46322
39885
88879
8016
80249
70323
50138
67049
54168
93852
51389
58694
51037
44690
62706
39439
21582
8787
64153
11680
84168
89846
48105
11496
43806
2269
872
79194
86377
9327
92899
91270
56708
35425
24024
78015
96116
76437
11821
85405
47717
42609
87451
23893
54717
16496
41051
13896
7495
92651
62014
42505
36965
7442
20498
93006
45980
41413
64200
77695
79785
86809
31539
56487
23022
64603
52747
83028
95422
1893
69979
23119
51528
48436
95274
74597
89519
77750
93373
80315
1296
15645
11676
81830
39119
32718
64742
14191
37635
69414
7380
92468
24019
65819
70902
13093
46979
51862
13582
10705
23387
61931
60492
20829
60593
64451
21340
6624
19456
8039
92079
8793
23031
93946
30639
55498
33347
76327
14427
67979
16980
79448
30077
30762
4138
26551
63687
43692
49917
14822
66856
22631
38460
78558
19144
35669
95361
83935
90301
49508
15477
7254
70962
41066
59688
39526
76114
75555
21809
77003
7537
13860
34866
43649
54523
76415
88940
63254
93412
13981
37765
47895
61093
87528
17430
54708
66924
27697
35257
27281
63198
49978
46463
87040
31997
62707
62684
91637
83739
16490
76796
83189
14282
89098
83770
77681
31290
9632
5226
66421
14545
90082
90054
94993
66972
83542
71670
61485
9088
26505
69334
83824
56999
51815
13234
58390
45131
87540
81447
57362
23470
27793
1782
50850
12293
38958
9131
11099
12962
67605
26265
41428
35793
19427
90156
31816
14448
31213
55585
67065
78145
21860
39145
49899
62485
47425
69825
47361
25190
18249
65757
26522
95082
79731
65651
21845
47422
26348
63287
35921
22423
22481
76669
69965
48027
63120
45311
61989
5318
69111
89746
87230
15725
25667
18914
828
12171
37878
71579
41869
36580
26461
91528
79678
60218
28073
52721
23661
87799
15349
11508
79528
22079
81149
48336
72979
53335
65817
21823
76802
17816
40835
1295
95003
18608
5946
47103
48487
35747
36243
28673
46895
84516
6449
85949
53311
95090
10959
2378
25866
78622
36346
59172
34743
28770
86422
74105
48454
42555
35641
41780
151
61914
60624
35239
75534
51333
1851
17014
21991
80048
75909
87328
2983
66316
46653
69893
20632
90097
95773
49639
68939
65135
43074
33025
19284
92559
25050
54657
51079
58327
4279
85726
52882
84365
72938
82766
82331
10209
27588
544
19911
23006
9076
20099
22122
78772
15892
34942
69160
64247
47160
27483
18749
54940
46353
75739
52831
10706
95468
8281
47734
13062
62799
78202
95780
21353
46672
20482
1420
36449
54404
4854
50847
57957
81504
63804
10820
10700
54830
1612
25003
23239
63206
69018
70255
46183
67577
25823
67446
91421
47947
81850
29477
44930
49536
45043
25972
29573
40394
82311
90724
66359
39637
76055
69932
91296
26854
24625
37805
5990
95112
67029
86195
80743
68319
9835
56083
86683
33983
32681
77615
1359
66765
73456
23076
26293
57749
54739
81557
81233
71073
82687
77178
77903
14557
1235
83089
16586
55556
33939
40482
16311
62018
92285
68908
30917
25586
4060
76874
45630
13910
63385
9345
70307
36488
31787
67457
65572
31890
84085
35078
23046
56520
41076
75717
89183
38669
4282
75546
45243
79538
70462
58487
92516
9339
51768
38433
73135
48049
83502
29243
79862
6295
48214
57848
5526
23823
33505
80161
78796
16609
66905
42272
31421
90589
29972
29026
39460
35611
49926
22774
13142
75332
95305
78167
76935
79925
52565
13902
72357
57292
76062
39619
67724
57335
2085
71125
75371
41994
1682
37576
44306
40029
109
94338
70815
91381
49324
23353
15435
18146
87672
15441
32848
83050
63216
5335
71296
72801
88725
34232
16728
31321
42623
63986
41668
78039
93386
17849
79555
9910
63947
48170
65473
55661
46122
10424
5640
83384
36063
85700
77123
48001
25476
31359
90706
13689
25368
31521
23453
70879
95448
4603
2266
66292
35870
22322
82065
49386
67122
26177
42814
41816
23228
17681
67257
3266
50116
84735
37431
3139
84681
42206
1080
13979
45857
56563
55975
80740
29324
90511
95841
61088
20983
55830
61838
59544
64181
14531
45502
92306
34656
84905
22181
45445
84414
78107
95472
43339
44697
20776
39600
79563
56841
24157
89653
47162
25290
85285
30439
84347
2433
9066
18469
28150
86460
29072
40224
70990
49197
48721
39684
55610
75049
13907
40197
7957
88759
92808
30797
49365
89269
67161
66509
30026
76107
22763
45639
48586
18845
86295
92151
6970
37601
53183
4410
43471
77649
44824
87366
17316
79518
62608
66445
36240
40210
64182
32021
15068
30484
19724
88179
50539
12017
71591
16739
23040
76779
42331
50902
48762
89341
42263
51988
76537
58140
85082
59064
23257
1674
59397
1225
66456
53126
85773
14161
658
62575
78286
23677
68697
92093
18354
58032
5785
50695
74727
74805
78827
43119
53781
45272
56368
79104
40260
13288
2644
1908
76806
68073
22748
10406
19033
83293
73179
5606
49616
38373
63966
9767
35174
39110
54253
45629
71305
55824
90782
4359
60230
42999
13025
67208
70140
46232
62146
67177
24435
72497
13779
88049
30042
46023
47352
84861
69673
72466
16568
51914
91239
81607
64347
91954
76096
52478
60729
33631
39477
93397
44742
75148
47294
29591
63061
24985
12578
57632
92034
33401
12398
56617
35443
89631
9668
10150
38460
19607
34322
93012
17638
11345
35708
15110
66604
22392
3465
3903
49209
58610
19737
26943
75545
49157
90548
33686
49665
86888
7154
59406
58693
55532
89874
6022
69143
36859
60370
17586
20690
62247
75378
29181
78551
23254
95142
27097
93464
29169
7366
85011
53628
9228
19761
10843
65325
87874
31464
39124
31969
84560
76736
64190
15329
35436
55652
69212
72527
10801
26324
31999
61602
18090
46342
95473
13939
80082
5959
9118
19727
29110
60147
14409
79313
87891
69383
49750
95650
71815
36770
5037
92951
51706
11885
60061
11717
59374
51716
27274
35292
71335
94067
1375
4940
69733
87603
93060
46008
76614
17816
447
50656
84785
75303
43868
78909
18841
39586
89434
49108
42183
11882
26420
45563
54227
2724
72431
51940
8972
67237
89261
14624
12360
2083
62695
59760
65654
54493
37828
44410
20402
75079
41392
31636
31556
95204
5787
9159
37464
74728
93399
16699
65633
30584
9110
22494
18513
86879
17441
39823
28416
6972
45573
66261
26031
44031
83302
61299
35623
41300
86794
47933
5136
24755
27336
55984
4495
65506
87930
76522
43648
24790
30139
41866
83415
64874
16988
62578
48643
410
40974
71812
15460
88193
49797
52381
81738
26526
57685
88936
50031
2419
73115
46550
92079
6002
62983
7667
5698
94053
95861
19498
31959
90021
17502
5099
17537
92122
81858
47619
80685
36507
81108
8192
80695
87900
91015
7858
27093
2176
65786
78843
41749
78180
93276
9372
24649
87731
60741
91986
5292
83779
94960
35488
12945
46988
40578
35253
39067
70477
86142
56692
85557
21977
76694
74127
19736
44695
25646
56617
63513
28179
88435
95830
43327
86786
59006
86964
55697
28863
31913
27445
18457
55054
26537
51958
86657
3687
39161
41574
57362
74671
25018
55201
94412
87373
6147
31602
30948
67883
73880
35118
7727
35014
55995
24864
67884
17791
59444
91305
21823
40419
60709
93323
12262
58034
66329
59146
57961
53050
46750
59046
10285
61342
41388
89267
18803
17327
82923
39685
82962
43530
5197
81639
69394
81386
61504
76242
29685
19956
87307
11475
37269
66641
56123
78391
44970
65852
5588
79906
23685
34565
71151
2581
24570
85931
81162
43839
91211
36617
4293
14163
87753
4915
33849
31153
79887
95999
42262
80955
81493
14042
7464
37022
58602
35828
10646
29974
9859
454
11008
88977
40323
71002
49198
63877
7457
56138
44930
74517
28454
57036
59362
28776
88466
64696
17705
3163
88244
48920
92005
39513
24790
25410
33295
30388
42935
73120
18897
59749
61568
92663
11024
58993
87682
71911
54658
21156
11989
1806
43720
63713
87892
20082
35585
11768
76335
26282
78495
12283
49315
65976
22261
46190
9284
71586
35219
29673
46182
53859
24111
40070
5590
78227
29763
72679
71045
47090
76485
77292
25977
30150
20214
13486
20936
68071
48142
68662
39124
13555
10976
53354
23157
56286
3531
72690
75372
49868
34941
10979
13200
88732
53482
66735
23933
61976
8283
5534
82983
28308
89426
75027
57678
88333
63004
37561
68812
18260
59650
66493
47860
27038
50781
68396
95359
6856
62136
19220
54271
47271
49537
36104
25176
58762
6774
55437
86733
37742
43604
51456
62819
96096
1486
48147
72482
60705
39616
11068
77481
5996
67112
51603
66715
25759
87027
88971
39368
42177
31676
38569
45000
74758
87386
29264
30251
45157
84964
18027
48224
45445
57982
58764
87102
69633
11208
94212
88658
87245
86749
12944
80319
96098
65820
70811
89918
82006
91847
1348
74104
18353
88983
93413
86379
85680
8282
83671
695
25862
44571
29802
91748
54432
64613
5561
21784
95370
79448
47
95134
1613
42548
31259
39407
44025
93974
16666
61064
86887
51450
78796
89902
29867
94075
76116
54716
25011
51019
8985
57791
53334
49025
879
9038
16421
51368
25199
92497
77682
67176
66626
93886
6859
18909
83978
70505
80260
19587
89884
3648
22871
85354
81194
66381
87110
57224
38898
53241
93796
89866
18013
91449
91984
80491
83474
9897
61172
82385
8136
48697
50571
91003
15064
88625
76099
33454
12652
83664
75760
54277
17487
6379
28159
79467
3474
81244
79052
51510
53667
96034
47457
59690
59139
46110
28303
59414
14280
24224
93758
86611
55083
84767
50629
1946
62364
45345
41722
28569
71948
48583
47715
83949
72384
9863
33208
31067
74465
51569
34091
24323
8537
71219
8774
84635
13769
93476
95708
17203
30700
82812
91357
72339
67400
61369
35164
51444
83460
37671
67014
59595
63152
17266
58383
71319
70154
2335
9698
84330
19182
26283
45064
83148
36829
14937
64793
64487
59615
11324
36572
80230
39359
38376
3651
56249
25195
76077
30528
29097
30392
61329
86021
72176
17769
26751
22429
73580
85437
6928
17117
31011
19505
76478
20469
21462
67147
57481
20082
29181
54355
12683
61858
47738
38510
16915
9353
83217
75030
67509
73120
15435
83835
69694
63659
84254
55692
18202
929
82671
46465
94077
19449
17659
11514
3989
84815
46835
61689
327
40749
95252
77563
77101
84810
35708
85572
57009
65567
74624
42417
19207
3108
88664
32865
73634
30209
7232
69288
94841
52223
12280
33763
75577
28939
19386
13837
59200
80548
82723
38147
75558
89188
44455
32510
59710
74114
30756
15319
2162
85990
92437
39465
56731
74092
95750
31787
14236
30507
44305
3276
16710
44357
8706
4592
92815
13648
7932
49875
12227
92072
43606
12829
58154
43208
27802
47868
4607
39053
5633
94932
52861
76793
54834
2046
43585
19370
49267
15501
63484
22964
77713
55520
8762
27566
1838
82011
53621
88007
64358
24081
48366
24996
3836
51501
77818
53812
38050
10061
75131
19011
40909
43330
57543
20704
8614
77054
22467
11637
4141
68635
94278
6592
82300
31429
37853
64288
79115
91065
15494
28724
86402
12845
49717
31354
91263
72365
45994
91683
68375
37603
26278
1109
45824
75841
18395
17516
51263
81535
3030
32530
47324
21107
21953
67497
54870
61072
68629
26496
88950
24525
17357
21464
41964
39901
31728
48473
59809
58613
30679
19265
70568
62334
2599
25727
10604
24246
77181
74528
2610
17625
63037
47668
45978
78156
60843
89648
35952
61168
92661
28824
46400
84975
57629
84564
61617
21054
52004
20119
56397
33526
61432
14821
10909
57375
45855
42874
93399
74051
91618
42042
92861
71769
57124
55135
56149
60977
79934
10857
81747
3799
62434
74889
94484
39870
49887
37331
81560
57932
6508
87235
1038
8649
42663
33853
6860
36217
53330
10478
36950
78747
13234
55571
38531
62111
43832
65089
53539
13807
49203
92638
70707
13533
18892
48830
65697
42607
14408
87647
29891
49435
87602
20228
79209
64807
62601
36963
68589
1388
10731
28832
92807
15558
84569
91463
91842
60707
43369
70137
22406
65877
69953
6659
23454
14652
11339
60318
1026
68786
70606
35792
43528
57423
35966
62004
86438
58057
54708
59474
36064
55031
94132
84329
5364
6829
30513
86920
41337
85317
33925
23038
61162
51464
86369
56649
68616
34945
34218
707
51868
55857
78658
41489
62845
3121
84557
42934
46228
94371
88021
48910
79769
30921
90420
95909
14913
22801
76105
87458
44427
41187
23579
59052
67291
77199
8286
18641
19812
92389
93313
52581
14660
80463
26847
40325
8666
50423
95409
37459
56745
41728
3082
86702
84096
13013
83031
52997
19024
79854
22834
45505
271
730
81562
8427
84811
71234
12034
88943
85047
2860
20947
62753
3257
78068
60106
28125
19860
91371
31626
52763
25761
56908
65414
66735
79733
57615
40317
5316
76866
21358
22873
6838
4618
71152
38730
43938
10826
13388
38201
51337
31728
84424
81838
55193
38594
67812
28871
78148
75286
41081
3317
93320
52560
61468
25867
94744
93124
95179
77328
92839
50369
36473
32739
68116
63173
4495
38172
88137
81029
44224
92237
9187
18648
85004
61811
30648
28695
33911
63633
3952
55033
95646
41304
81046
17193
43477
5907
48772
9225
21164
94704
24513
85386
9748
1451
18260
43214
36904
83669
44215
17578
7274
31944
79483
41726
39490
61262
24587
22791
11159
8889
14364
75128
53671
23860
40979
41251
79908
35968
77590
9565
37334
57277
33598
33963
32591
33450
70187
39246
52423
38625
61102
21890
50819
45848
65249
79221
91920
74756
20787
15753
26385
48012
21509
58162
61509
26896
95690
92643
93960
12674
90754
57559
36095
21736
1085
96109
24567
2672
17571
92376
76905
46852
72875
85642
69393
7770
88947
74889
26642
48511
16234
58106
47997
18685
82522
53909
46919
86865
10760
86782
63104
67292
45814
91915
10420
61271
25498
93405
89533
56003
58378
16617
89407
95575
56785
57641
11340
89458
34970
25810
73195
57882
91823
18288
58938
35567
50357
41403
75777
47774
48861
95147
43719
22025
15163
92367
24350
726
60251
41648
22799
84666
82548
66420
76904
64854
90548
43804
69892
47424
74405
65296
35778
69702
15427
86894
13049
14805
28824
37509
1894
80886
43183
70263
77120
58542
24105
83071
39163
93353
21003
5306
4596
66864
21919
52372
90766
91
51497
56877
47388
65738
76449
68675
72051
47255
32801
46601
83751
66519
8517
10947
61851
60313
32311
60424
65283
92631
53330
53008
19026
48614
77068
77430
92814
76402
45810
89402
77951
16212
34405
81557
42193
9865
41068
66315
53708
94537
66046
54123
51459
12870
88094
27262
5942
8574
81947
72239
5078
6189
74325
12580
86038
9654
87028
14184
49241
62669
21599
95340
13084
23933
28349
58060
94897
54649
40674
39815
9513
56350
66418
27015
76677
42659
47376
7346
43844
74
1372
6176
91659
9131
81981
44569
40944
1625
86689
6724
50913
84324
89435
2080
38921
74069
57750
5593
64992
40930
76100
41706
43969
37258
59319
18820
79596
59922
37724
70363
95323
39254
21822
67494
89245
16235
47283
24133
27826
60301
69104
29642
14730
22546
43132
12612
6778
15153
6142
52668
18982
40937
35404
10251
9899
50692
56612
31177
77381
63931
1657
93649
75
87786
67842
74940
69095
86537
23532
22662
27100
59404
27719
74711
52192
90420
85087
61798
59481
15005
80555
80235
94540
51066
9687
74108
69925
9366
68587
37818
51835
58903
30633
6871
63735
58390
35797
17594
49946
83887
89523
18905
20984
59379
12214
37438
32144
56013
58157
76184
58378
61672
73979
13920
20531
67719
58647
77115
55066
60556
6865
32485
15300
68151
18383
64268
27774
69738
94701
10961
19073
67046
8372
90362
22
10400
44815
7937
18115
83155
21375
12267
87887
48959
84284
60617
16422
17215
87537
33563
51226
66179
37833
33648
71096
50872
28764
38432
24377
90175
68525
74870
45471
66961
56370
49765
81037
87324
24531
21696
57243
13623
10522
77123
55890
40730
12084
69539
62620
66475
27746
83798
36439
52546
58062
52800
51635
8939
15509
10433
74711
54844
11267
15568
37484
21176
3061
83336
94950
63921
76427
41197
26127
10854
59406
77222
33139
53972
51017
12760
37019
61008
60043
56975
76632
33633
10647
41911
76604
59942
51985
60576
26781
95334
30408
42985
11344
38346
87502
80908
90745
78405
7876
15664
87929
80271
33768
20927
27
45545
39559
22281
74972
2687
46644
46537
34168
73319
47320
90507
62521
83218
60923
38827
71687
7682
10604
29687
63522
37416
5558
53420
88492
72197
64557
37983
47646
36979
64648
79499
69790
77918
43323
62496
42805
90115
14222
5594
67337
66143
62859
77975
15537
47056
37506
92901
47241
23489
71851
18296
21798
72537
48242
65953
14847
35383
81016
1979
3020
48724
47698
30518
66204
36461
77644
55707
8142
54441
32536
61904
63192
85286
35586
33999
15021
87149
49689
8160
8901
3568
5402
41498
65095
82434
62957
56844
2522
8365
57747
95624
57150
58424
89618
68998
2275
72904
55237
65409
31024
10687
4690
47889
20557
46716
9375
60597
81685
57479
30721
17916
60022
47665
13803
8345
11133
35170
35889
26560
93691
45040
4875
89608
16434
77609
61062
26885
26974
12337
78423
82785
42661
10335
90447
52743
5602
28834
78304
63952
41044
78865
95825
68981
42753
23949
81649
24403
60058
94265
66251
81525
27761
20275
92601
14606
61905
95317
89657
19600
9134
96058
11231
81617
52072
64763
76380
95317
23534
19871
38606
93132
7899
91694
4649
88211
6503
82846
35547
38564
85867
35142
3371
62605
47992
25254
28430
87653
66840
15612
3965
70168
56629
26743
79310
14118
82375
20648
59530
63537
57110
61959
33843
59174
15981
33058
35712
74332
78938
46909
84556
63458
31464
4755
87933
16352
11616
1814
84570
2795
56493
55738
36515
26473
60876
86788
17594
29606
76411
49689
28305
13933
76524
73561
78656
90512
47262
47883
32249
82800
57840
89340
19858
19687
62484
51529
11165
75818
62290
75540
11311
46551
50628
12293
52190
44407
15462
1770
40237
17859
11546
57143
88437
1822
48956
10176
19050
54402
44699
15371
90244
58134
9625
24593
68980
40444
33588
6414
91333
55194
81316
92161
52853
16718
94365
64446
79610
37433
16806
16392
35527
26319
37350
79782
94004
9818
42741
86502
23058
26426
60378
26814
40844
80008
76577
53413
91159
59310
67219
15957
757
503
16687
92381
77697
7308
70943
21620
22532
94479
35701
10229
49612
73259
67674
79312
7765
35806
6490
67390
73039
16929
92003
95382
28612
20354
12454
58567
9879
14394
53740
66093
94440
33443
43685
39739
87374
53200
80145
65699
57420
40215
29612
51405
41779
25053
40894
89912
59927
31928
2493
52164
8634
95771
53018
17176
32244
80078
95865
35356
63967
6805
26162
67153
94518
21565
27879
72604
20286
77451
86061
78119
844
25984
367
44359
20790
5335
34146
73137
95910
24011
63230
79452
44857
85524
18397
43942
85395
69780
95374
76888
76729
59627
66465
1152
72163
60988
11723
18053
75694
68644
54162
17856
51959
69455
22801
95589
79543
18396
81857
30813
13185
34367
19578
40392
38331
5248
24149
15773
76653
72716
87486
14129
93120
89098
77407
78609
3906
59886
47716
20858
78581
69485
38148
47116
35973
14381
83446
51069
27914
81811
12892
41765
66997
48555
91568
47854
57409
65673
76098
42778
88927
30175
78415
53503
22092
51109
29983
37532
38716
42839
65520
86837
41156
57422
83162
8688
72668
69394
81023
85801
9394
84905
81439
86246
23504
64918
66720
45208
86428
93098
9747
68328
72285
28250
652
44910
25801
30690
62157
60670
41720
35723
41796
74932
32243
78209
51031
76509
10764
61400
49407
95699
92748
92712
85746
57588
83258
65468
32334
67440
18978
43665
75672
65789
51550
62628
40305
37519
49524
52757
77744
54235
74255
37508
20861
71107
47516
82522
29475
47887
25570
18354
74016
26867
58581
85660
63675
89017
61423
23942
47896
34489
56123
70561
24420
71537
32881
46902
64705
71848
12378
38413
64403
41454
52752
66792
30020
47394
13928
61053
87332
11605
77251
33196
52176
47364
25417
65326
465
52984
26905
34686
69697
2144
50751
8911
19613
20980
4956
81455
47881
87277
71354
50932
95834
63943
50555
23822
40863
23652
75795
11890
77201
43336
20437
69340
56069
52354
71998
58092
70262
80987
64871
41005
5323
12298
43136
37435
59399
45328
42725
8367
61768
63930
9685
76968
29585
66272
58311
89775
26578
91366
87254
39393
19039
57433
11176
19846
59002
44585
89847
4214
6631
62774
21511
53286
306
91209
80940
15214
28187
69102
74412
47969
57496
43430
94693
85737
85561
38370
31686
65517
6810
86498
51609
83549
77031
32524
66943
66002
71412
24294
85638
44527
58683
51858
1278
92308
50158
56148
74579
65044
15313
55928
32720
71767
63576
3979
87677
38084
74991
84728
84948
74214
2596
80220
30973
1305
85434
12920
7379
3226
88426
57191
95953
83212
95690
87273
25706
68296
43001
76247
57488
75750
20971
49093
46160
71192
61458
72382
33862
81033
81031
73359
76906
85847
90992
87381
6164
82564
5923
61407
50190
15866
33769
39828
30219
7248
77520
32879
78580
46200
33405
54022
3869
32024
10460
71931
34023
16113
67033
33595
69819
65840
4709
37707
77965
96111
59171
24089
29455
33751
55827
22894
79805
27348
80230
83223
34035
69150
43098
37026
20997
89594
21891
13602
63303
95266
56194
32067
55721
1082
22016
34751
43988
51638
28438
21032
68768
83191
48662
3952
43383
21530
28464
36386
49774
17923
10532
2702
34999
75005
84573
10701
61575
11879
75496
34163
90304
9721
45719
34470
83626
65652
36684
30910
90216
49791
33000
92394
47073
18500
28553
94477
15023
59112
80014
9129
66959
54176
38243
72856
21415
81258
7820
29613
44801
14515
87426
17409
94810
7926
45370
1527
55940
64628
21477
86112
44465
85258
27640
68485
2408
18010
560
87152
67874
9120
39930
73602
33933
37861
11913
58374
31835
83693
46586
73711
48243
28910
59513
63249
27384
78676
5944
93056
78314
85518
90353
28531
49412
11792
33515
415
8974
48590
12794
23177
77044
51162
27482
29185
56661
48666
44306
94879
80662
56363
58248
14513
6191
30222
70411
5604
32414
81981
94972
45528
15268
87634
26645
61233
91842
42968
9635
74925
30911
56306
17176
79856
95212
86667
66180
51420
3753
94350
7559
49287
58118
6437
68530
93020
26831
20366
11192
45973
66003
79019
44245
42472
56046
67435
36915
60160
40880
13200
34180
21155
76163
33842
5779
39217
64785
10952
70746
82300
77179
75858
53562
79770
90422
52157
58911
75785
34022
58345
11106
30864
36322
51782
48095
22019
39839
49747
6470
77534
26142
87818
24596
16031
57627
72249
82645
67748
57745
94528
29638
89349
77585
32882
50229
24654
79623
94992
46921
76719
162
74817
92279
83842
86376
39221
91100
63741
76940
57007
391
36150
95928
68154
73939
71800
58912
61262
12828
52859
37372
14152
55555
95107
21443
64526
20915
70552
83035
67734
10555
86426
58039
23628
29078
37873
95186
81013
50733
79897
75240
18960
55528
36883
73692
15502
5674
7509
5321
17243
21676
71951
30270
30177
11230
4225
60814
83435
45248
43156
73674
16026
50686
10145
14461
26676
58954
12124
17853
7238
17116
70210
21319
59389
58435
9762
27693
94474
63760
27645
80386
61197
42164
33360
16338
5698
53604
43345
29484
23651
89193
33528
56144
52335
10277
3831
7056
77731
68430
4247
46701
30980
92834
54511
94801
21929
74623
76749
27012
48902
80177
82364
14331
12946
23886
24316
19636
39459
57626
95514
81046
15481
12760
2584
92900
4377
24842
62793
86539
57760
63826
87585
6133
80259
16083
15411
56136
44600
65804
27431
41175
43230
73170
48666
58844
17679
13169
66968
25703
41545
72587
84647
43411
41762
15025
78771
8367
79560
28848
89308
79675
10106
56480
50406
90008
39084
52138
71391
73323
61505
52360
24249
83544
40315
44772
458
13429
8582
41145
35493
95312
81033
57826
95918
81440
36569
14484
16001
21523
8822
66795
67606
57943
73570
59528
7389
61338
50646
44062
51771
22242
23246
65627
68305
2922
68774
17184
8603
44468
82488
46626
81339
27327
2074
40012
53712
71076
30818
54506
79483
16631
38135
22410
18160
26776
3827
69509
82317
81864
35276
12672
92888
80970
79100
40711
70996
67040
48350
91792
26860
80313
90787
26260
16030
36496
79479
21904
51190
94368
25630
69070
32265
76657
10288
42142
80439
48498
45278
85860
94141
17365
59688
65839
66506
63999
93723
10648
19272
43260
60407
40415
91856
20029
926
26948
37943
29038
847
1465
48463
29009
72818
77930
27556
14426
82005
26061
9432
69198
44226
36311
14469
3378
11495
67293
24603
44682
2124
31412
38396
20869
69934
7500
90248
45771
41154
35954
21323
91739
85819
75468
60583
31897
21118
7052
3006
23006
67662
23383
11275
57756
60066
54120
28247
16087
11685
91386
3616
29537
25275
88465
75142
65092
7747
64354
59946
83557
64116
38611
51531
49633
42937
39796
2791
94423
6637
1868
61416
12601
3728
62068
59682
12498
84044
32281
67700
12450
27066
79862
43964
36257
70351
44323
19142
34769
33364
35742
22943
41103
54532
65618
54294
76778
33027
25715
1722
33448
4247
61323
57892
8271
21841
94227
37524
51676
80298
49633
39952
84376
11601
7016
63603
95506
38905
42703
80009
84107
3773
76897
57075
89653
64924
8530
17206
60207
49667
2956
3176
88175
5287
86615
5331
22739
54022
45279
66236
42698
64275
14923
21831
5520
40254
92401
24473
15907
15998
44625
20321
87192
69603
48442
90760
40769
75353
14518
17805
60527
3752
62858
74937
43193
28079
44461
50391
10257
77646
62477
74876
82496
77031
53454
94663
29754
66169
47700
10943
35012
48632
90094
62136
74419
49768
37437
87037
47531
92020
25729
14263
74299
84559
95386
33549
51743
40948
19884
54697
980
57178
31089
30565
53411
83679
67131
56354
84901
88532
13801
73068
79220
75887
77847
3385
93240
34683
49150
60953
736
72441
6499
40226
49270
83678
87935
10621
64336
18508
38057
34293
77463
78933
46359
43370
19812
95410
34199
80268
47533
13435
82742
83600
77970
51550
31920
79918
12540
85022
72073
22149
43895
30106
70803
6348
54805
87524
67617
92188
53277
14398
17984
19189
29726
41081
41410
79134
5755
12033
75024
36131
18416
28348
2747
14825
38444
22222
62854
43303
84189
21286
67442
30777
33105
11028
6736
72205
54089
45179
52238
87580
95594
22081
76652
77566
35000
24353
32296
37372
21619
71399
92005
8543
72004
13002
14454
59369
83374
52541
94485
55497
91912
47584
61951
832
84093
44023
65230
13025
84184
43274
59050
47256
95209
70567
16126
83410
78542
88233
25062
95921
66965
11903
46153
90005
63867
62153
36892
8034
51003
53921
68765
13686
39730
25281
54825
75018
16970
88632
48984
93350
90498
29057
92830
47459
71400
86284
20087
10168
91382
29295
43094
30598
79093
26354
92157
17331
65178
14996
9686
38708
25418
39560
10112
26327
45629
32941
31724
78265
64969
7262
38671
91328
29671
59050
78566
63881
59822
18613
26011
67016
57120
15846
13752
60397
25649
29183
91089
5598
84682
75520
41384
45172
55969
41015
57396
18083
2051
93501
14951
67344
79899
6152
78427
55981
93789
75178
84024
67784
37849
88183
62026
41054
80100
32646
38284
28471
51556
12228
219
91043
19721
5859
36458
44026
89184
74000
93448
46954
31385
33229
71544
87438
42843
5354
27705
41400
43047
83010
5746
36343
83229
59340
43982
46055
90903
91741
47614
82311
76680
5086
13399
69881
56211
53636
71668
57050
53423
14551
64735
54048
56478
1001
27988
95823
38254
1260
75624
78689
60192
86566
54498
14348
50415
93233
93900
18856
38950
28539
22161
35910
52177
67071
85396
27828
92227
84059
40355
61945
5476
28775
63647
74582
19595
58177
31669
73140
19881
34336
11558
53237
53515
64759
86343
75302
14214
94633
70054
89354
16540
82286
22322
19972
12172
89335
39332
54549
75475
95001
44959
26990
51519
73319
24675
71399
13339
12187
52299
27745
9795
56045
58050
24536
8840
27481
69298
30194
7679
41987
90482
47652
81216
16316
30710
73624
42785
93187
72100
21569
41728
30408
38945
42603
18084
158
47387
10651
16739
76700
49341
46620
64972
49237
65804
41307
9801
72038
4062
66106
1969
12881
38938
54801
41090
60066
16781
29428
40520
34076
26036
75179
57966
83647
45896
29810
43561
44400
9640
34466
85557
25296
84149
80675
30726
60187
46230
19334
89816
1866
31622
95438
2008
44258
50851
22245
82611
62261
52379
69329
82190
32400
10609
29065
73872
55097
32902
31985
6981
53761
27035
60337
25451
14213
33996
59976
76884
38650
8293
83169
25458
69795
88766
42052
40189
94951
42186
55782
26601
91828
86113
78048
84016
28515
57094
43651
15454
90085
82225
66677
76249
62892
35235
86558
6188
63212
21263
93027
86824
21873
91974
83146
26970
44852
63297
42189
22330
13383
37504
94775
1637
48260
31092
71048
344
73471
299
66369
46166
20802
93796
69375
14113
33790
76152
43735
81188
22939
68613
13732
66067
9328
4750
11513
22998
87706
81259
9820
62414
4351
28649
93944
69187
67853
33366
58542
42577
10792
61514
5515
9918
76976
94571
75463
21456
1938
23127
31320
11943
57330
80555
13690
15810
18605
71237
61882
84356
11409
36204
62889
40471
22849
66967
86655
14052
20094
65520
56444
42502
55458
13736
47342
78457
83124
43468
67937
40485
51911
43655
36843
83007
41267
70085
42188
84782
94955
25426
31284
131
30316
40197
12489
19314
35265
9457
57797
51655
40455
89895
23711
9813
31748
21321
44270
87531
35365
58389
90752
91788
54739
29710
11309
88493
63140
20732
29391
12415
22010
80841
67064
8586
3684
84173
83764
75165
24902
49548
52421
57798
43670
57145
28339
33016
68677
706
45557
71318
83071
2051
49224
14756
39986
44372
11502
45063
55957
74657
35474
32231
36871
53921
65015
83991
39943
61801
33487
61390
28899
69375
78175
78862
77863
65647
13145
66657
51658
23962
63162
96022
48898
34969
12316
14886
87580
89391
63763
46904
58810
38579
82623
74248
43744
16951
29779
93811
94485
57907
61146
11046
19956
93709
51579
17748
24446
5321
77965
31287
79378
55332
71191
83483
6165
89976
59494
71140
10482
79178
61572
30858
44944
89400
88456
56196
58495
31190
66024
15567
77088
6132
84533
10864
1452
13011
40333
26643
38419
61048
90022
86380
73824
76231
75313
88083
2276
85605
11779
93838
26206
89101
33805
8630
40302
74448
18948
29315
69898
83241
86328
10014
26070
93654
86707
47412
74069
7106
63142
88358
80306
18005
22340
45914
28020
66771
54047
39689
49447
82589
15646
84514
44685
47208
46772
15808
17701
34156
50933
84125
57625
92132
88226
69289
68913
50824
17309
77127
43016
25658
39660
52976
86673
90308
18114
40658
26162
59526
47507
56198
37063
85522
83039
78110
5780
52191
90192
46002
35836
92807
52329
10174
77297
57881
88
877
2996
21511
87037
26487
93263
18753
86441
29645
91407
7041
70718
53183
39303
5890
76486
2684
65159
71195
24393
33282
86758
26117
14990
54175
18913
59861
86957
82487
32225
19301
85938
6579
88528
51710
75932
90430
10366
46579
2672
65214
43760
76758
83763
36785
40373
27372
22628
89509
82325
60248
323
48016
54038
26294
24605
50546
73734
94441
44707
34775
40662
43214
76843
44653
4897
14921
92404
2845
20572
66380
53055
74484
80142
43993
88338
75427
78270
32521
36927
12762
58695
88081
55264
30736
18474
47857
16287
40365
56537
67084
116
65110
34311
9915
94481
3120
78991
18079
94091
48810
46992
7618
65257
75175
44283
55037
73658
41514
51205
58268
29040
5368
80445
88681
74825
28258
84693
23080
78225
17939
65967
88959
92306
69282
65065
45960
9681
13820
77302
18491
38667
63570
20561
57440
18241
13149
31140
81327
33276
23797
6166
81051
84318
95820
31939
25732
56391
64659
13855
14232
57491
33242
47935
57457
716
94193
64204
60426
53345
89538
37489
47484
87668
3807
86597
14564
90963
32926
34101
32841
68446
64105
11642
49712
74847
23470
62242
40863
24909
67283
31556
5662
66210
10163
88191
65172
44969
43874
73829
88379
56570
37061
27793
64782
15615
60773
82164
67391
65005
22804
78847
90270
90781
68125
18636
43603
7805
45723
16061
68462
33629
73094
4513
66701
55982
10609
94109
30934
14590
18170
47928
19179
67345
56330
86819
34765
31758
89896
69127
81398
75814
39403
62059
48975
31231
60795
45719
65353
90984
91778
31193
64593
9944
2154
34744
43037
18934
26838
90869
42930
14055
7546
90301
64545
64536
95328
15741
46022
9712
11963
75135
32733
1861
10518
6108
4678
71310
74493
49159
20750
51730
48163
45918
62520
19962
23529
86894
29454
23491
11632
40718
60873
15967
85582
84221
95882
94262
48006
48797
26454
35490
9103
9366
76968
81258
18848
28272
37138
60170
48620
54653
71928
33338
84454
25888
41523
57762
66387
1633
42056
39329
20885
49997
11552
76341
48534
47005
40638
13499
12206
51302
63121
90569
78272
14024
70480
72234
50227
59690
81247
86383
30503
72572
54865
58887
75034
76204
16066
62417
23481
95296
62871
29152
44387
57807
42795
89360
67673
66847
11126
24792
63464
23155
28269
14582
18266
63473
78160
72848
44436
64516
2469
29043
55767
76952
80100
41294
10949
7762
4322
93749
15121
22127
84204
27808
49665
74398
50465
50475
50982
10735
41200
52878
95869
93350
95314
47641
93832
56955
8209
4411
52523
81457
82605
40494
94191
92308
27681
12033
88078
45378
54024
29170
70270
64312
5064
75695
43159
26739
63791
87977
43550
32590
15378
2735
64086
19168
2297
65262
25738
58647
63450
87349
41686
39228
70718
84040
76764
55604
41214
10114
95002
12702
22734
42078
89903
28892
21810
12123
30374
6828
317
73355
94179
73050
56825
4477
25611
11567
7682
38493
48232
90687
42755
81973
40774
6805
767
81183
22533
1031
89971
63815
39035
51364
65521
84144
5247
73760
63005
86367
82789
41749
84506
71606
42118
39207
4604
78524
12245
82517
12309
74674
21110
75159
83452
72326
76255
82037
8986
80375
28773
27822
31585
58172
78723
46531
43838
44603
46400
13085
91650
23323
27086
30677
78576
9379
82462
6857
45753
55110
22687
80097
31942
52761
10499
26715
2513
23260
14150
29013
34460
12372
34534
92157
49775
13072
53161
81753
59784
32264
60293
1239
35671
9753
52440
51805
70846
7779
80933
91023
66311
27932
85382
83820
78308
25755
25817
36862
66793
37761
59317
71584
34402
17078
3357
17208
15946
47155
49807
32290
3688
73173
43804
33202
74449
17830
11873
39701
92189
15018
67119
56370
47318
24282
15769
20607
52908
45745
18766
42661
50977
70910
17950
39866
40532
61847
78595
75678
79700
17440
12118
49914
45753
91661
31648
30816
31812
51080
58067
58962
81486
57423
77031
17817
26783
18813
58963
95037
59019
93492
6951
23957
59377
9332
89845
60056
41373
72223
80962
35428
51790
93279
13709
17296
77338
52538
28321
14185
15666
10177
26201
40563
27747
91148
18812
11530
27880
58982
16991
42507
69204
60988
95130
7036
62900
67123
60607
17035
72307
65097
68996
20632
49035
54834
4567
79933
36105
48633
31305
34065
25716
5544
58171
14415
3079
29394
56826
13384
60521
52752
22996
6762
81002
20897
76839
38851
27541
57380
2635
66588
27719
79198
86935
6681
54406
7345
57070
15120
3861
17220
16772
71843
73781
41377
44203
29980
4312
61592
71456
48562
40114
16242
82809
83621
78526
33446
82111
52785
9477
61970
27098
41796
30264
76668
90896
79619
40884
64023
4939
4032
71812
15410
35526
65101
73626
14823
90488
82961
43379
12466
13283
21952
86180
66993
60173
81046
55388
92446
83338
48630
59891
68307
58897
19149
84050
62280
94004
28714
75561
20885
64118
3336
17524
7970
70195
41239
39659
25980
85169
72393
59943
70230
86196
1517
11676
57460
39050
50847
15593
14738
86608
5608
25879
27117
82045
54884
54381
92272
86032
41026
18249
45538
38370
46963
90834
53481
69063
20708
73328
30243
50773
15988
34397
29076
40597
68780
76858
52514
16333
7487
10868
78493
32776
11863
14791
38809
90434
13632
33487
76208
40545
26965
25463
83984
90782
94762
91696
31202
84343
60415
71348
47601
60141
83626
27120
13668
22852
51773
60939
21852
4526
49983
93177
88349
46096
76706
37278
48983
16115
92224
31117
12940
45456
65239
5024
196
47190
13279
57529
4518
69197
13225
10772
38167
19624
35418
90685
67001
62149
90979
35835
65105
34376
89558
27972
54885
88900
1353
69128
87649
53241
38962
78543
70357
18134
33820
81883
12691
48509
68581
1079
93068
31303
23513
51831
93928
16503
12408
65610
32627
12486
87223
55780
48786
15707
43027
47338
62116
95747
48026
26450
8021
43194
35747
81761
4628
27792
71036
51511
91133
24948
19526
14595
74579
9786
88217
85745
65220
73654
6993
73675
48647
29294
10151
46110
42490
4070
20873
60618
22113
54736
39409
26587
17017
94392
79769
55487
65358
52743
91869
81793
41742
38352
20161
15285
96111
24031
77017
93974
83437
63469
39312
63056
58908
168
52168
80866
671
13662
19432
48984
66417
73914
94011
22901
65502
50925
57874
53583
35641
35999
91850
78653
46814
77645
6967
81060
94051
83790
49938
88290
59457
83241
15332
75801
39420
10289
28743
47483
67480
80079
57829
94729
28319
14795
54635
27684
14982
44761
69963
61493
65434
9676
35896
22962
62819
4590
318
54918
52694
61125
29081
72342
10207
50819
38163
3262
80526
72001
75161
24226
57607
52491
50941
51566
7852
59703
84965
8283
21140
51899
79434
31933
12462
45521
57008
83126
22428
86229
38400
48824
77245
30046
88205
33720
57555
1024
64934
19122
81836
83239
81253
53974
18133
12585
90384
64765
77678
78408
58495
44831
11505
34979
78129
86610
79003
44945
49941
42907
33660
35859
94157
6062
92204
54541
27439
27806
32657
48796
54237
2757
26189
1758
24225
80759
27231
92471
34790
38576
14647
18254
31072
91024
19873
63812
32315
89550
13230
53470
65085
8321
73238
9140
71280
33121
11611
75285
28226
52973
8510
50327
81819
3264
65108
33102
95006
51757
68817
7566
48810
66351
90377
78142
1147
27736
94012
75784
74856
80442
80652
74309
80598
47926
82331
91594
67391
51402
2141
43137
29054
56646
90885
7054
12357
10268
23682
68765
57781
43031
1986
25898
60313
57987
6351
76483
74789
42705
31922
25603
34854
87242
68138
94065
30160
72394
37003
3383
29169
34082
85719
14293
92670
16547
12598
36811
5666
71743
53691
92156
7163
13673
34758
36539
66445
94473
19875
64696
53611
69953
78161
26794
63005
11008
95279
51113
88250
49043
5694
90064
8531
67657
81964
18413
48495
52664
44392
32882
7308
11190
38024
68517
93516
14480
26611
92887
34350
75017
95085
13982
69900
75286
41571
3755
71412
33621
13018
55724
54537
28740
76884
57687
61241
39356
74021
60560
8589
74746
93000
46569
59933
9662
6672
79407
23246
55773
30914
4904
18052
26962
23004
2401
33203
16991
39264
92259
45104
72975
76178
45150
22463
89512
53860
63239
40442
74441
74120
67719
34486
87039
1153
35237
64705
89269
7331
56012
34634
93847
59996
21216
80284
6109
82688
60490
90114
4932
63810
61280
57357
14308
41801
26322
24860
1666
86639
59208
27774
35698
71878
6045
83524
76995
83926
31551
74696
80398
46575
80430
59978
50547
92839
86284
31438
12994
13708
64759
54584
66524
81518
62602
18209
43298
32496
33204
45618
43373
55930
75995
80843
73928
19650
49860
35676
44071
12951
69723
83822
17503
40805
69355
21545
84246
80262
95772
51988
40053
82752
9696
14903
84778
60828
35489
21537
9482
78306
33835
35992
89065
24251
45873
22078
74742
50621
57640
80020
56811
66848
9972
16260
77627
23828
90070
60632
58541
16492
36990
38813
24980
32345
9527
80126
2033
66757
82179
71119
24934
59248
91384
65314
69180
32248
37288
85217
45095
81965
45915
52612
64042
87059
79805
35982
78080
29161
37231
8185
9303
86074
41446
71217
22842
46176
60223
51530
51127
46112
22106
33666
45237
55241
15087
24136
77890
785
73932
83691
58329
496
34648
27608
57301
36130
285
60754
2220
47561
64445
42536
51769
31634
450
67428
27694
52256
76812
57535
44562
76725
14139
50431
52067
27163
73240
74316
35118
58002
89074
23719
62691
4179
74284
48670
12210
63687
9334
5524
16923
13093
54047
49219
92782
75813
78789
92404
96099
94048
72718
90056
4400
91256
15150
16326
75224
31376
57565
29772
64778
34127
50723
762
84402
34780
32829
12124
94236
8873
8941
11140
88494
7667
11740
44031
7608
65364
85508
14174
56041
47306
55398
60261
81003
29624
16617
34081
44870
11938
92981
43730
22818
59126
75824
79173
56377
68097
43079
82332
87959
73830
69264
12681
12604
37472
46545
88280
28887
8431
36774
45609
52280
11906
93907
77645
24739
52262
14411
3284
63418
31527
41990
20895
31509
36509
37772
3012
6067
59635
41797
55492
59193
49336
26948
84275
62386
16880
27172
43551
59146
23046
12875
11776
94706
16451
71071
67692
66001
5636
86096
41213
38400
21500
37322
24588
27408
65402
59369
44311
4713
35311
46728
2291
29771
6223
82102
24855
79584
91524
38991
49309
95181
67371
80709
56764
94156
49211
7383
44770
2019
56929
47325
74775
64860
87520
3635
22207
16729
81050
77024
43826
26747
34257
17890
66560
80013
40240
59622
54026
53364
17042
4990
2930
67637
76437
82536
62598
70004
30148
40871
69839
22836
71489
18224
57588
61741
47035
46652
81774
12793
7812
8595
79089
90298
94390
59873
86653
46113
53962
36468
93980
7937
15117
92907
76384
85170
53417
1734
51302
18738
49231
16051
70620
24247
93338
59576
29668
61278
19411
16949
18010
24145
15142
42659
19349
44588
70539
95555
72138
53545
6281
24545
46395
3912
28426
14220
91803
45924
78784
22669
68325
63963
26906
45276
57447
47440
81218
58214
53996
76931
39112
21787
80232
92867
21111
78449
64416
24709
46004
32820
82780
79285
67890
24593
26517
81683
45369
622
29705
12283
22742
25154
70453
33023
50547
46825
81150
11568
18482
69984
77118
91883
33445
72507
37323
55470
8417
93694
31598
7167
2170
76665
13053
727
67421
60890
32638
14157
3112
19795
29802
77282
63142
78050
24116
80400
22848
40002
88442
86336
27019
58738
49804
71031
78873
69736
7273
54404
59734
37990
52843
24566
4103
48531
59534
2383
32822
42642
23397
95738
70045
11733
79256
4628
36135
93144
90274
58630
38786
5569
17495
2600
91811
44867
79837
48038
94149
56822
49194
2318
52681
50211
22531
62193
85210
86951
61577
27440
55958
19683
49235
93261
58139
30190
10947
48622
7075
30663
21633
19008
75288
76348
12611
33936
748
59644
67806
60256
10336
75147
21597
88070
82873
59895
34799
80284
35866
55396
17128
70854
23515
13881
92371
79899
57917
44512
9387
69069
55520
57026
44805
5371
83925
47028
88408
47716
36790
20378
75414
78500
71922
73699
86525
73308
70258
88741
63703
86055
74837
68701
13419
27342
92887
5112
94586
34828
71779
2455
80198
24035
87074
26010
61508
88543
91234
13583
86890
79761
33395
9504
78993
55441
31306
29398
67247
80406
52386
68087
86146
22577
39377
80801
92354
32636
49560
19272
15440
34079
84422
69114
12808
47368
58688
46619
75814
71290
22686
74169
73151
36665
85318
58293
14337
70419
94584
50594
79257
90949
28689
48499
86337
14492
81688
21527
10115
6703
3670
32277
45643
15651
46983
44981
26090
4629
44523
83475
41967
18258
57981
32870
9637
42839
36357
68854
74272
44482
89259
42774
23301
23502
64388
60070
61739
87595
72639
48622
60531
8542
53452
40955
17116
72099
55293
39782
76766
24526
12904
64659
46954
49920
36686
7624
18573
96083
33
4060
51772
46814
95125
23105
52852
38239
48488
53918
16805
55840
29060
20750
5955
83191
10858
43856
33916
83916
94326
72817
6653
41766
53763
60195
50502
55958
7502
69144
3694
61332
24970
77738
77336
32850
46801
14222
55273
24002
70794
42079
64204
38515
22177
91885
35523
93973
77372
33668
19769
51538
57697
58441
34826
57183
51457
13966
19403
54519
46037
55215
44428
24516
9679
91630
63171
73068
92292
17470
51878
30069
80806
47136
39113
6932
42087
19862
2363
86664
65679
63237
72720
17540
5892
3104
64100
52759
91036
31796
33157
40503
47517
78512
17995
88860
40006
25268
78959
84209
71252
12546
81634
42065
94272
93915
10891
82250
40244
84822
35057
91342
76785
59939
58321
54391
17498
42888
51837
1622
76034
447
71005
75842
57867
85119
15772
77245
22021
64766
62202
67329
46529
23141
43058
50646
2989
33035
85467
34426
78492
72903
43421
74020
37265
28873
95471
64094
22008
11271
37682
78832
58498
15374
62492
30523
57267
49957
3465
33820
52017
61968
56897
76465
19769
7453
76138
32355
70345
88765
92956
72327
16028
27033
44136
62261
83227
86271
52444
55710
18639
24174
18217
26104
95178
61691
86120
78201
86587
72595
72205
13119
36066
44484
44054
59686
52961
20335
34932
58727
13857
17502
37032
25808
48730
80633
66537
79873
76483
70736
56080
54587
15237
94243
47395
84967
90188
89509
68716
56536
37349
18687
33950
82643
75205
69292
95173
77044
89202
27133
61445
27078
61505
39213
10121
25130
59934
18609
17559
93141
73722
58674
62968
37705
32897
53679
68754
82822
60142
26418
74289
4386
78696
30995
6818
67370
41123
95589
37145
46697
84738
23332
47927
1988
23397
63523
53943
18434
89902
42950
63005
64305
49601
1951
18479
19783
74404
46695
30488
56197
39862
5518
13255
80549
21084
16712
69219
91256
66670
90672
25303
1314
57052
11481
21355
86007
35925
10641
19191
52188
10935
88632
34732
25556
41287
30043
13916
316
66766
62246
24838
6738
51182
49505
33675
30398
55857
95357
78551
28659
26517
31971
18125
38766
30885
4662
47402
6914
95562
28939
66892
47568
36123
44176
50075
71900
1358
17486
78657
30961
45368
61418
55361
51315
74232
36650
63207
35174
50238
30596
80095
22620
6525
44912
79109
76076
32181
58320
89541
89299
27658
47176
74751
9948
34596
60470
66704
49052
28222
42204
88924
90420
6580
8556
53132
34472
65269
39554
10432
91173
26546
27874
11880
18663
48465
14733
8612
24527
35770
84483
64179
67497
3520
34895
58230
89681
35880
35221
88655
51081
20336
76634
41015
28919
93607
30734
95230
76562
86354
16504
41436
86532
63872
4580
91949
40093
15913
87570
80950
21347
5648
86062
54374
76491
45425
19657
10106
32648
79036
78346
23274
45190
59347
42948
33012
48123
49107
79326
84174
48413
36704
52236
33166
28425
60430
94759
25842
39251
59144
61847
31590
89619
29032
76934
70259
66600
62368
3086
81738
3813
17689
34341
49486
58879
29848
19425
40269
9251
57504
49809
82543
19487
71283
66925
79371
13866
24008
46479
27129
27084
63580
42919
58660
53157
3527
64742
35627
2462
42294
74168
50656
43619
84570
25979
26070
18028
7788
74634
92459
81195
21595
71500
20239
53341
43081
57824
62504
17338
37164
55491
23019
81773
60253
93691
20787
90970
17982
65824
51640
49239
80475
94228
91366
26409
77457
87331
11523
28418
56181
85903
4373
25786
73460
65795
22012
70890
40560
51446
32217
56098
41065
79182
33289
89347
45974
48531
74725
10185
24887
93888
93229
91324
70326
93186
1343
54632
9651
60889
94097
53437
42163
28684
77455
21306
92792
70060
48637
66346
29125
14362
84437
86511
61866
90698
48571
59517
49333
89033
38629
67093
31113
80287
90224
66478
3796
2012
53431
77744
24978
75300
78866
67481
22183
85747
82463
91440
87459
37237
11236
82352
76038
91605
10759
70770
38315
92153
87307
53910
48663
74781
55394
11241
44430
78081
69641
79605
50662
65647
83757
18380
74938
36510
24964
46938
22041
95215
22847
79456
30129
20571
8519
20484
81673
72700
6534
2542
63157
19569
60382
64754
27585
89883
93593
55173
16255
33326
33719
13201
7493
42422
33341
13085
36880
92028
32539
11559
94477
23493
62906
7970
4937
93379
23000
44010
75094
12397
50408
50709
32462
13020
10225
16197
73958
81497
56634
52893
81017
39138
38072
90174
94169
15870
2379
12922
55346
32416
63165
43009
6572
62794
70739
82708
80299
61561
65077
6824
34592
93944
44402
30142
54593
92560
47191
65119
52874
6386
56557
54056
14071
48550
7772
48016
22951
38738
42490
69782
63922
75750
71445
16301
3281
29998
25807
75990
89909
19859
90592
65856
74449
83768
20253
60010
44174
71567
51115
72210
40871
66335
58620
30081
88996
62660
65714
55538
93099
81152
355
49776
86803
55936
51237
95095
39992
48571
32931
54122
71420
3980
11254
78722
42382
15132
52547
69182
75398
8189
54948
50448
63735
4419
16135
47186
35845
8851
20241
46065
32128
18606
95093
14392
52378
83396
41433
61089
8377
53115
53190
39257
63835
46679
87566
58240
69285
95805
40344
5461
56538
48580
26981
1990
21816
94915
32706
75670
68478
19980
28552
88637
19060
66736
89754
18431
35399
72248
43780
70202
64096
78917
26428
40388
7893
20790
36475
16467
69451
64315
21018
2072
18993
12943
38363
94021
69123
11790
73703
64447
50139
22342
4677
23608
46998
48466
40345
33352
83620
76325
94412
81413
57224
47077
65181
65388
66812
78265
45642
52978
15545
72567
54864
60091
61364
22821
54355
49297
57663
37904
20988
94212
72030
76798
39371
19526
83896
32322
44298
35512
93636
69487
85695
40306
88109
91881
88687
77127
16301
27235
24170
77340
41915
87219
47932
94015
31712
48510
49005
33814
74286
29325
8189
50005
26278
23098
32477
10410
63019
79856
21331
51521
52755
59510
73182
16729
82462
32456
25761
85249
32735
70857
83645
68328
63202
5193
9323
78571
77479
43209
61082
502
62334
58043
48621
43623
57586
41833
21651
22992
46399
12898
91484
15731
35586
82046
36593
5411
69872
43463
86345
30233
92320
34931
9621
31963
4043
30325
29806
70038
51831
88394
33531
10913
64347
51357
72151
19004
5097
15605
44799
68238
4505
88513
38758
44600
59662
44288
28857
85350
64111
82726
40465
13539
70256
49829
48777
18098
13361
67787
62461
2540
17516
23404
48511
30879
56426
74014
22984
46765
88339
72542
35072
30420
36238
4297
79060
81434
61954
11097
38545
77382
74917
65395
61692
7687
86456
26467
41645
76473
3177
69835
1037
36377
35352
17350
92614
9445
40471
9712
33454
16268
44169
58103
28574
45619
55633
96077
7467
65821
1813
66556
31332
44170
60840
74279
66953
71708
7677
9003
75301
46524
37585
5781
10687
23305
50598
73486
9660
2377
66306
1595
6737
11690
44893
469
8882
20384
90437
94975
37496
59247
47281
90330
5553
71298
75302
33295
32329
59201
85502
18407
37257
72665
84679
25295
11606
47033
51069
29666
95350
69041
14878
35270
88174
59492
29292
4362
94256
91393
19777
50790
93528
50903
61028
4014
47440
4038
37470
4788
35408
58634
66952
23651
33836
38727
39969
81927
15701
31831
73033
43866
82993
85945
65957
77179
82614
22117
38917
51454
42361
59535
39907
71942
75853
40977
71407
25916
87785
50156
62936
82168
43728
40542
29355
10001
39334
58528
33929
46982
47188
87001
76849
63559
66801
7764
67415
15349
41570
83611
50606
84325
20062
70420
89272
44615
12201
74176
41088
20237
62374
29475
47175
54685
15506
2625
5936
93512
41133
43833
10820
94734
4022
64346
71971
343
35711
64851
49203
75833
45994
74519
78722
36556
24496
29833
80400
55246
26619
26572
50582
87775
19137
4344
51531
38129
19597
9951
13133
78515
32951
81932
31457
69792
16961
94371
17258
16438
88553
42402
32082
21258
17923
86271
85690
82982
35205
32881
16842
57705
75647
37841
41449
81252
10434
17750
35942
88438
78903
83767
14041
94549
60220
19743
61430
62661
6441
81827
63586
48039
14326
50815
55941
33512
7544
70350
36450
59714
76222
7731
59479
95258
84132
33055
9005
92731
33277
33714
8093
12519
2104
46193
35855
78729
33908
73786
69228
35425
94891
17969
39568
2250
8204
59850
82611
78167
29412
35555
11827
38296
46492
23451
5868
93610
26850
89396
20558
26274
34789
37929
81356
37368
36118
2888
57507
11829
18498
90678
40297
62615
82418
12977
11115
75338
5274
32058
58745
94174
29487
62749
54101
7500
27471
45113
28489
19856
10931
70246
37746
79490
17040
56771
46122
45510
16621
42135
12282
45392
55866
85796
4536
54777
59538
25823
1726
11404
47622
24863
91548
26360
86164
4395
32572
42253
84813
37399
12748
40949
45125
79900
57393
69327
33224
82529
49169
22206
88436
9394
65891
20802
12930
79943
48531
53631
11303
87213
90255
60992
41006
31318
47643
32704
42537
77034
11552
12122
11526
72110
33557
39579
12196
66826
25033
41392
85020
24379
36998
68817
39834
50786
12524
81698
79002
22020
74526
41658
5934
35114
582
82817
89866
58857
62351
29678
85608
26134
66500
77251
28959
35962
56619
63096
14771
95377
30956
40260
15584
15733
89899
94068
23593
45681
95000
70513
52162
86998
78512
64030
74210
47962
15797
92962
28449
16014
59156
19701
25472
26494
68727
38154
76400
84841
49887
43736
14070
4997
82484
7901
32058
28746
22877
37882
68076
22227
80944
9432
22177
94115
32938
2300
64502
1631
3131
94436
77172
47800
19361
33311
31070
76684
30445
38323
78831
81321
20372
17481
88783
44195
6490
63104
71117
13486
22145
57296
54445
37248
35111
12189
9616
83618
72982
67099
19794
52856
21846
42737
15550
7311
95466
59560
83102
42123
80671
7261
7224
14144
68502
2434
92295
64179
82464
79062
20695
53361
58628
34258
66925
70385
77802
76143
53677
1864
66434
11195
80925
33189
46788
74463
10176
86914
20401
19778
36274
25265
43384
1542
46699
53314
15317
9906
33135
79472
11261
10743
57717
38477
4490
34702
6478
62071
76870
81533
3862
82144
9064
22389
75313
8193
2867
37423
45901
1348
55725
2158
19337
80033
37615
56115
85712
60626
22999
75883
42553
78866
83762
45925
54689
69506
25776
10919
24062
44205
38355
29945
74005
73904
44212
28117
36781
74542
83494
7249
66111
43425
6102
46939
40438
92533
4182
72428
85287
27727
48731
40191
80927
56413
74291
76593
55349
39527
52538
81468
59586
12759
62910
90825
88712
80825
30519
25646
47376
90570
95293
56476
77066
68671
5679
44593
23427
67355
73955
21592
68568
18456
46125
9107
748
64382
21453
75523
66639
93984
47838
62836
58718
60140
41956
65319
22631
73481
80979
68099
21641
20416
27953
45219
52677
58654
14422
49080
66908
5395
71448
47532
642
25887
91376
95687
14519
26378
39494
2923
70757
31117
35492
60531
14799
41628
40494
88085
85672
85816
15407
90390
38814
3416
26143
54569
40183
84290
63820
18404
56331
86618
95869
11579
72832
12369
65696
57889
74666
37183
13679
89618
86886
85598
57464
47551
64102
88962
69185
48264
58829
46332
523
84636
91385
83796
76954
95255
19402
52042
34490
18556
20063
18177
29382
60803
95968
8776
95099
35856
94392
3152
54630
14477
7649
6725
35675
6170
27961
81654
19123
65677
12864
23618
46386
47411
48288
43038
40293
83854
33139
91374
79188
70815
34326
94846
34116
42683
5849
9912
5923
28104
19500
39717
54838
88246
24756
84900
34402
90158
63712
24678
73820
4252
68701
95397
45420
10235
56065
7714
76480
91527
50772
50399
28015
51439
55196
92297
43326
72808
20564
67141
35001
80516
38299
21705
3323
38253
86728
37267
93620
13017
42839
51547
77663
32636
72101
73991
15703
92026
88997
5531
94390
89827
90900
77245
54496
39181
43001
24136
21062
73058
46126
27093
40235
56634
8602
50741
47273
63721
89232
7489
30303
49597
31878
83933
71188
84804
18217
5702
29737
13659
35430
10700
33889
5605
80924
12785
4135
73898
51510
39388
1856
1152
54680
89338
27127
13817
87446
35058
61215
62315
16569
63128
88097
9026
95971
81366
39717
18067
25778
56545
20827
67063
88303
17001
11223
38942
8968
26108
10944
25105
24454
33526
27722
91611
70626
30112
28565
79699
92119
30060
80124
17535
28218
58789
73068
12279
30523
94567
25872
66600
73439
40357
88563
71655
84904
36672
63369
35480
94121
51959
53104
18937
1502
83322
11635
77780
48234
80531
6349
80279
39387
2023
86006
39947
39492
13036
69451
64960
49041
24441
68128
87468
68903
23099
51817
8213
13881
10848
53073
46627
40457
24765
26040
47286
86610
9320
73965
76855
46570
55367
24824
29041
23524
83594
35217
36588
76301
15547
44176
4663
26363
60369
94257
63833
53010
64456
19573
51427
70583
38849
56266
15310
77159
77904
40728
95237
16050
49223
80239
16395
50336
11417
89613
37863
15982
86237
12891
27513
33451
20170
69561
18643
69375
32803
51699
24185
46292
80970
75841
27892
87051
59354
13478
74955
66635
74951
91980
82596
74337
90770
77808
89637
39702
96033
56253
89638
19739
72950
14133
2719
11919
72439
73814
55942
22262
44327
86715
48860
13854
67383
87798
65878
40122
84227
79848
89819
38727
8161
58992
72889
77108
22182
12781
57652
6920
39232
49511
45276
46293
61006
62486
32379
4264
37766
40012
28058
9131
50553
49883
8489
4357
48441
20178
42593
75397
85450
13219
51451
96085
44798
57885
59459
20981
31140
52094
56278
28817
14087
28526
55944
28715
91829
51707
17326
38994
52235
38888
77267
88250
14548
16375
86489
39942
20335
970
3316
2086
52976
57314
43544
55926
3011
8460
14977
11245
53477
19754
72022
17575
5679
42260
19319
83856
42998
2700
66318
76013
15922
37342
69041
46356
71408
69481
69149
61588
59247
85392
87866
49125
91012
7023
27289
12533
71802
26750
33246
43483
64377
72651
47690
84434
11673
42367
62208
14980
35443
52837
80253
10181
56359
50115
39680
43261
26923
2880
34280
78725
16988
85209
94186
77254
60647
21753
44244
19657
83706
7619
72003
13092
34663
29795
3589
56990
87433
50407
53195
48252
73483
34986
94764
67245
82027
32433
50841
68219
6000
61337
18944
34066
42344
38985
54656
37330
35636
44599
8205
66137
32677
38013
17417
66763
20176
49171
7786
75606
66773
60973
27233
7482
86034
37718
84138
45810
44705
50988
52506
6307
13174
3312
17161
54272
64045
53923
79394
20464
44349
80835
80587
20140
49169
57820
17053
91108
57585
56135
91181
58982
14937
66676
80632
10296
33791
24804
31221
35627
75378
93500
95439
93667
67664
64958
5120
79796
58784
30491
73295
75459
40142
19133
70010
26645
91638
71804
89610
66607
24133
56255
1062
4001
16782
7809
50772
53642
59245
9622
89077
3813
25335
72928
35111
14132
27665
84495
95370
53950
33595
27405
18910
61712
12854
36392
82089
45032
68342
32616
24210
29919
78048
48233
43620
86169
80148
85903
86274
8713
95478
75531
56254
39993
19645
74252
31842
39723
54107
3190
50051
9742
19125
84377
58042
93189
31695
5428
74084
996
87116
78124
57078
68731
48952
51644
25190
65960
86654
43674
30631
25294
90306
34757
19347
36023
28558
11615
13307
91456
67730
27079
77901
71449
90423
53714
31643
7237
94027
17484
31085
83696
19677
78024
83148
62091
73649
24781
6915
25508
2432
63631
46779
86005
6399
10698
40297
13904
78669
12590
35610
74698
26286
15793
34801
76602
39341
47594
5219
2329
80323
29947
31026
13290
51378
53235
37383
76781
14356
53409
84649
49401
62085
34239
87145
88652
36275
21704
64574
4747
51376
31406
30983
95845
43436
95296
70136
90635
21779
59042
25837
55441
89614
88868
87815
7082
61068
15102
48788
45604
92352
61681
39566
42912
41761
39541
40237
17690
29639
3678
40571
75958
4126
42033
200
89563
72304
30832
87039
85004
38988
86095
29
30556
14755
66430
71009
90919
70322
17936
89158
44327
36613
63803
63238
81712
42521
88951
57923
39268
41858
19100
14011
85392
59042
24521
28623
52094
64204
78573
69201
10730
6201
46810
7961
23281
87317
67712
72684
43567
93730
47788
62115
88479
85268
38302
81295
36095
26821
60369
49475
63264
85699
39541
28589
47820
11418
75635
92956
12668
37878
60843
10845
51751
36732
86629
60781
51767
93700
72203
42461
77282
61795
80046
84437
7548
28024
51764
35786
37897
56426
25911
30120
83227
81977
85880
38247
92714
94823
79712
11816
46350
11849
92958
60260
26292
93430
65888
53054
45590
2652
39590
21327
34815
60160
77281
38726
65886
25509
24046
41277
27593
74065
52401
49666
14003
27281
91590
56857
83442
66111
6952
30198
68349
63684
52406
35534
29657
2127
95749
25296
64690
25640
89556
62907
74368
52700
80026
57715
50494
71603
9786
87490
93333
58331
52018
94144
21032
91003
50600
72338
19306
4955
74574
67955
11649
45688
3488
40192
48497
85956
83261
40959
79988
14044
81129
85137
55931
44143
77280
47564
64239
64852
60919
95602
39988
94449
12825
44736
58521
66638
21382
7361
55921
57136
48947
52126
76282
40555
76865
45478
64539
31269
5809
49628
41639
80300
48212
24411
52299
64716
49405
51509
68485
365
77546
32277
72715
94599
38803
36427
76709
35789
16388
69376
36911
18383
3286
25455
88250
89965
28739
33571
51711
72227
95497
69446
41979
40438
28360
2801
90692
73664
2676
44091
34133
92812
94744
25800
22726
75211
25997
60996
59110
71351
54579
95301
44002
50487
15484
48493
19673
37783
23090
971
76184
54111
7771
22710
78521
65986
69700
74171
26663
20963
51394
86514
12308
55908
43051
2028
62941
26687
70524
67456
28776
42114
38979
61940
57929
1208
65846
38874
9275
84855
15834
14784
40703
95573
63083
17170
75680
38782
93183
83457
4932
74769
55489
77451
24323
94509
10076
83574
4313
66906
76500
29180
81558
60778
91889
18165
28935
19096
17975
89869
78057
45358
55865
77054
23668
24208
31359
55542
17900
52627
57717
11142
6232
4825
69181
82698
58552
44528
25907
92721
22221
65615
96030
63358
4737
77623
51381
47633
88329
43805
34584
90829
42601
20327
3096
25500
59532
31556
82800
9948
22942
44690
59389
56756
73798
89085
89193
36368
51452
76534
89394
24404
72671
76723
15189
70915
557
89106
51756
5573
62934
30902
66061
40854
9811
41845
80900
37114
12505
60195
77175
93549
13975
19431
18995
64471
113
83571
18806
6898
967
93671
68722
56168
46847
6042
75178
79644
73812
83763
62336
40822
67624
59941
3048
33855
93109
59366
91777
33985
53614
56779
6832
18356
27970
35020
46820
3640
28977
58146
19881
56585
69069
25059
89721
1858
16811
24335
67823
11202
24800
65897
31156
75037
278
87321
30776
61027
45456
7486
50846
38850
54212
47536
71364
74679
69936
22827
3270
65178
25168
23490
42772
47030
59606
2509
36905
45147
33359
20034
68530
32210
68156
55523
93972
72946
4367
39695
2184
72796
58622
81544
90016
70866
66791
36704
12653
49325
70627
45508
65877
16796
8664
49366
90267
46906
80240
83151
89466
91183
23699
55659
75789
20828
77361
50544
45143
81329
10867
19266
8759
50335
85863
36330
3868
1427
88296
88919
86788
49513
51509
70225
57560
88878
85880
73145
365
8722
35050
80995
74471
42202
18493
79001
62023
84758
55629
72145
54055
65935
33971
81942
14613
21934
82467
65564
25536
53110
23573
79527
87151
50521
64259
84410
45905
28414
85002
79933
35543
42345
35255
41014
58913
31605
73553
5755
15067
49717
87514
1758
72589
19344
84188
1926
45035
47932
75997
48664
53727
438
13026
61757
71767
90008
40953
35994
49388
34042
54074
89330
82584
93887
53610
33840
93584
7924
88765
47442
53469
31426
10543
92544
62078
53087
47586
54229
11448
71009
61231
71283
10176
78043
75438
66331
86373
70725
19275
1613
64005
72682
55860
73463
62758
62429
90432
71177
32872
35390
42478
52577
25875
82222
56031
66346
75662
41074
82246
26021
51301
31907
6671
7183
19815
2682
41015
16577
56468
11510
48673
92333
40712
52556
81814
34267
30022
54657
77386
62797
58622
94934
47086
59359
35476
90411
83817
80644
49012
81213
47290
3971
80347
55594
61424
23412
54016
71917
5176
91450
21728
95130
42217
24118
14790
88761
61215
56487
54766
8134
26528
21897
8799
34992
40886
65162
91468
16761
63963
86524
10172
68792
72237
57663
16236
67463
45850
43117
68903
27996
57830
61972
87228
84188
43548
43019
28210
13541
2707
33282
85559
88823
81616
21768
30905
8367
40500
84340
90527
46634
83998
19037
29528
65271
94226
3791
47631
24231
52222
52469
19854
9624
9756
80775
75846
31877
33958
63027
86225
81618
1562
57511
59754
67033
21651
3454
53414
28832
60145
64100
45568
47198
55060
18188
25968
15182
58008
92134
46622
10444
64242
6415
27342
63033
5091
9609
63996
19980
11002
69756
78480
32174
57664
1360
72106
11631
15442
42695
78932
41198
61371
91215
95959
85329
14724
21489
79719
10937
90969
57174
61870
13113
75224
64263
63298
53846
31085
21382
85032
95743
56772
60594
27789
30527
76142
84546
32425
19337
45074
72024
59976
44998
44865
41763
44465
15445
41322
64438
79150
26174
93962
15367
6251
56967
52740
11892
22880
21070
66091
55790
38362
42365
35363
20048
64841
77740
89889
86516
75027
44302
92831
49420
44342
39757
86801
39648
74568
71712
78881
94163
31064
55918
76324
89443
20291
35418
33537
86676
8513
41724
95647
66610
27638
11402
51976
4028
57646
76076
60106
71150
56828
72647
87281
34647
72240
81488
38975
14092
84329
94199
11456
40883
48539
3920
58819
72385
10146
47903
20943
74446
15526
61297
61270
34028
72506
21915
90667
38735
76865
81425
22140
72065
21054
71630
80797
6572
14851
70099
45928
77407
28522
999
58209
91169
47213
89547
11054
34945
57547
72300
1773
1529
60248
63138
22741
34701
80129
87391
40365
40483
5018
70273
49982
68061
62904
27521
77736
41743
33672
55729
8971
71403
65912
52515
50996
80793
73841
43811
87552
55034
65172
197
79323
29033
46540
15224
85017
42435
396
20972
37060
55397
47546
31305
18722
95911
52358
58975
665
64151
16320
54083
3211
95660
80326
50610
37401
51256
78155
42080
49016
64453
89833
67401
17924
29217
5652
54530
20948
53357
68852
36935
54599
63033
1111
89805
7965
19271
221
38057
11212
12708
48540
37656
18847
53403
32422
56112
42656
59581
77460
43898
21525
52748
8977
36388
71700
21491
94865
37234
4312
67694
81132
33785
79057
27262
57120
48478
24382
1240
59976
39858
74371
31480
65592
49547
60194
77683
57025
85587
9876
1809
10113
8539
28467
5750
84936
13608
65663
88017
82377
43579
71917
65459
92011
87698
31895
86063
20949
75794
78826
6629
32557
92459
31033
53048
91023
87547
75344
53414
68881
53379
69665
11536
1234
19306
9364
36738
63235
15679
57785
47317
63875
5282
55086
68719
24988
46433
61796
3197
54563
91889
50312
54668
65323
55133
72743
38506
43450
70536
76556
7565
37458
64173
56192
11576
81417
40101
21359
44853
23865
88509
23707
93547
83039
2210
64664
49356
87277
36719
71682
27072
18095
40161
33442
83380
55755
95028
71150
47999
41753
7393
5119
79587
8036
11084
72262
14693
3840
87210
35815
75
89500
21766
28393
74027
68780
24732
20329
71883
27133
6950
41034
18307
93286
70199
13069
19564
34141
32637
26699
72059
69326
64679
63786
50020
61976
91565
62315
69293
73410
402
6924
27383
53440
67494
6611
56709
68637
68517
6315
40520
63878
10569
68725
84431
60342
17054
83282
36332
71319
65996
93359
76554
82349
81361
47782
76776
53477
77074
40167
62570
45395
13422
62401
63672
68760
14940
88957
104
20102
51460
6908
43093
25593
87072
86041
34529
71174
46378
9403
32755
94905
54695
61761
79229
82947
83589
55900
15828
10094
386
12405
94281
49313
64234
75336
78361
18922
93944
52744
40569
65398
54742
74784
31966
88866
18055
37632
31316
67387
24294
64121
72236
76484
85450
50484
47049
43883
71750
83221
10084
166
55577
17845
42391
85671
57980
66059
69817
63605
72587
43343
43942
65440
42935
36741
39934
25203
38252
29453
18867
81640
26389
92352
1789
82908
41063
16073
73851
12452
43184
13531
64123
96055
27321
53836
25137
94224
63687
6024
30103
66694
46251
78028
77356
20608
64843
72453
85853
93064
74613
18118
18014
59036
4433
31505
54835
75930
53714
56480
9904
68178
95855
55349
18198
27155
25579
74441
44116
59050
24675
26836
23143
63223
63281
89572
64860
978
8545
38948
20002
82320
34442
57880
94789
52932
32128
74170
7238
7588
92136
67262
44781
22665
8222
47132
12535
67511
40107
53374
23458
82829
21530
14266
49360
35604
76117
23936
3367
20072
56433
81694
81826
60618
34849
42627
64536
56157
4977
291
29316
62420
14210
80681
61755
77576
25299
16068
3954
14303
23687
11226
24691
45970
94101
18772
66884
16503
47946
36628
88404
58956
72396
94796
38509
52536
29585
36213
15644
56556
80337
91187
89365
46758
64768
16218
94082
74219
68974
61477
39287
35790
35896
61904
12412
53054
9758
73779
6487
30420
93664
69704
66044
63881
29159
53712
39259
71349
21888
24913
9387
30602
3606
12610
67235
14775
60954
76004
17989
4652
56816
79362
58990
72566
44248
33393
44518
37409
63475
46855
30543
92966
29495
71585
45006
8564
35665
54384
32602
86643
74839
76929
59069
31932
4201
50637
43924
57748
57360
65610
11851
18306
94515
33241
63689
38261
91689
49992
82868
27706
83229
18670
74749
75809
91958
42245
90552
66317
75724
79828
60191
32895
48638
67206
43813
13390
31631
25643
63835
68060
44827
91659
3184
89089
49656
27572
12964
88174
82352
95775
83861
4643
5591
1657
12648
20022
31189
72588
34038
79960
43871
91305
87849
73970
48653
10972
80134
52738
90555
67675
87522
16027
26460
41341
7438
72036
71394
46038
2121
80397
56240
76694
76045
64752
85713
39249
59697
72734
80389
65062
65681
21725
48828
86048
41193
38887
65524
30358
39946
94435
74184
58965
50398
85574
92346
25078
22284
26784
78758
79181
44009
5074
50878
85805
11756
95731
78175
54054
49971
24130
69097
1667
86671
92252
17289
15782
30891
68380
10431
67408
26231
30311
88893
73147
89830
81844
8799
66874
90311
94838
38884
15766
50219
57108
92546
38140
91444
42449
85764
87911
15219
87177
53642
9535
34048
95938
47079
31536
43883
69883
1660
92461
89914
14758
36439
72463
22225
87307
88192
76380
77358
49801
82452
21229
53142
56886
81254
61211
84071
62981
36612
9255
49663
55141
32059
21396
34019
52756
11073
72250
82411
78734
40658
14901
16823
72120
25465
60330
36184
77949
87526
34158
75793
84190
48580
92014
67400
95420
54620
19226
51864
81689
51238
84087
41288
66238
44750
94927
71840
13667
47648
27686
50517
4047
80100
57539
87490
43008
91763
87584
28596
66841
85817
73313
90349
80506
74707
34487
47787
6254
89359
50222
55962
6296
52718
4751
6227
94299
15384
27206
17517
92874
40622
227
50893
73370
54678
73039
104
81098
52060
37130
37267
29351
22161
49535
75872
32704
58402
14813
8256
58701
74404
42367
46823
19263
69732
74876
223
66734
59753
55468
72422
26981
11788
51306
83274
8411
61305
62216
24693
20753
59336
17394
34756
2873
74116
83666
72776
85461
29685
60611
52471
19023
83068
3642
79677
58631
57896
16406
12103
83024
39038
29864
79583
5776
11280
84995
44810
53612
6913
81928
3818
65848
23857
59366
40549
67675
92179
92394
31535
1022
68550
16058
73044
81252
79757
54927
56237
16381
32508
10898
81495
4697
85920
80578
57080
4573
27772
34073
22905
33470
3470
87647
63686
66374
28710
15925
53415
77774
88584
88093
79608
69225
91539
9969
63946
84706
775
90463
59168
72173
14614
4695
73896
19736
73504
76145
82966
82810
14858
28894
79767
74622
89087
5295
4225
48729
52154
20247
62106
3242
51409
8390
57520
57783
72407
13286
80157
13591
24259
74861
78362
84266
69806
18304
86014
88045
24750
13282
73720
23065
66718
56885
7474
74889
93923
87366
15113
27219
61379
95602
13637
34456
28070
81533
46232
17648
60460
29158
15572
70025
43965
56553
53508
75508
17371
17959
12521
21965
82593
23445
30606
33091
24454
47736
17335
75187
26295
17704
3797
26982
25736
63931
48721
57902
48910
27350
64569
95489
45776
47168
89805
26977
28586
26030
37048
92761
90563
38089
59733
78269
58258
1800
82445
65534
70496
87049
65071
6617
33596
88745
58524
21061
51355
77391
3476
74325
35447
92477
85649
19599
15535
16079
26781
19273
77753
8499
27607
87547
75620
17266
51303
15525
69008
59394
86813
25089
33213
33449
65414
92716
63243
75564
46538
84328
46719
58629
4677
55277
28010
15344
60185
92860
64965
8668
82007
80748
48364
73886
18752
92032
50615
52021
88684
91795
10750
18765
17060
42541
76183
34468
50318
16864
79723
19655
58233
82914
82252
68931
65269
92244
51085
38872
47013
74120
63891
30270
55727
43521
90445
92787
68114
62462
4392
91455
85301
34336
29748
68465
42173
23394
60613
2526
49257
63569
62776
82793
32681
26536
33683
80141
92037
86796
12860
77342
45947
14500
3668
90300
28575
70877
78628
19484
51886
94710
6304
23903
47217
94499
3577
39783
81004
36875
66929
44760
21876
1561
68577
53890
71010
75766
57643
72732
67866
565
29481
6507
71690
96050
54698
25462
38747
64350
95688
90315
59705
22963
76861
16449
58019
32620
29343
77717
58288
22249
88160
48016
3321
34618
10721
96
7151
29594
55990
33309
17976
21785
452
18257
46463
7463
80097
36122
64157
33105
15206
16259
11515
30686
61162
74831
62618
73373
33790
38834
30436
38015
11422
32328
23008
17527
44706
9380
52236
65680
92903
82914
40642
76844
86829
91652
67909
43796
31340
74742
69263
4563
19707
77334
79716
55804
29030
30673
58375
39265
23946
70426
80938
59603
53159
75824
29795
38557
83951
52155
78547
81437
11017
23201
34498
53606
79359
79299
62098
8932
42234
93127
7978
15249
51456
59578
74090
22914
35654
12938
14575
66320
41749
78487
28986
40451
45669
32085
6036
61934
76483
74537
65550
45994
90987
90893
82357
56346
80773
78650
37569
66694
58601
41510
51999
15857
57439
34640
92046
33150
83283
70027
49262
81247
67070
5255
63333
62070
55251
81075
94284
28779
2842
38486
31142
37177
10165
18426
94531
79843
47020
20737
94961
79499
6510
75252
15425
38562
35070
52163
52494
15810
34633
1398
63606
85521
10389
82158
14441
93224
49005
25708
79461
46226
54712
13633
59391
65987
47321
88745
47232
93865
31044
31736
83514
50994
63575
94297
66145
52445
32250
43559
36071
91719
73435
15283
63396
48838
78475
52784
43067
41011
72856
37502
30109
6032
68502
90275
80824
52835
47598
5617
7810
69639
37828
89049
68602
87075
44431
87178
21317
43916
71468
74597
32119
13300
56817
64684
6545
25853
52045
59929
38035
48752
77861
30937
30016
59647
12453
48242
37462
37744
4521
46257
36222
18685
71895
10303
91737
81701
46956
2241
10938
72413
3321
37028
22859
53980
91500
25739
95818
57456
84822
37530
63014
14028
1897
92204
58955
11333
10295
17718
84191
44558
25469
17244
92377
42241
17715
82439
62803
10787
21687
73815
86861
41389
59640
85442
91882
55605
72421
77022
14607
25160
18210
10011
6068
38135
93935
29286
12515
55924
18879
82986
6512
21513
93181
974
28267
94201
72682
25497
64898
47014
56050
60958
208
53018
39719
48624
37058
5988
1875
94162
20615
35903
72198
15380
3762
61555
85983
11984
23879
76674
2442
53470
14332
72827
88030
49241
35417
21860
80615
68367
10175
58156
55937
65073
39882
12622
23758
42825
18349
11789
75422
10603
74901
88381
8732
35994
83196
9459
32054
75334
3778
62979
94414
16662
77997
83401
32797
40041
45605
65462
10086
16885
62158
21628
77088
6388
43809
25813
68198
66621
54132
71336
56847
47637
43101
49801
46534
1008
90071
92153
15432
32115
67144
81067
31146
24234
76738
57878
22203
67247
8672
95300
67138
50296
74207
74852
51896
74843
18401
65289
79893
76725
9301
70358
6381
40371
30727
87450
21639
5372
1568
43455
65542
53438
40717
3355
31243
83726
3149
52300
18766
62790
78666
34142
59879
76461
68620
80134
16059
47558
43215
73481
20784
43122
37190
66343
63006
29880
8983
3792
29651
78784
41989
18657
76769
81618
22379
95079
75350
74419
67240
43163
20788
84240
96061
56437
95118
85543
5186
68200
39268
4091
64377
71305
77178
77358
13534
35247
36695
17077
51170
60742
14838
60468
31545
33275
41395
46836
54994
44185
89443
25486
90677
34074
45666
59156
16020
59324
13794
32611
69976
41173
58712
53438
25994
95879
75623
65057
25394
19231
79818
54368
87505
43009
64580
17272
82132
9716
25982
42703
935
7474
47244
20327
51582
46691
14078
28008
5395
76734
31819
86969
77946
411
76489
18343
64492
59307
40796
69956
72374
41791
12341
72923
39004
1530
72753
90791
50702
83686
20929
25093
88102
22891
30521
88798
17257
18097
33797
49609
43465
34862
14429
11886
80471
43523
35428
56456
24828
33552
55505
35564
63916
50877
50090
71321
75995
32394
35082
58260
81966
34858
55689
54152
86100
91087
19754
20416
4601
6399
23632
27981
37946
25222
65239
39402
40964
7544
47760
49889
18560
79646
55531
52453
75513
7337
78205
50823
57751
91377
11656
86978
46150
14959
11581
74012
27126
87065
3724
48805
13242
37027
5832
59407
79083
36476
52934
71845
87650
47042
93340
94894
51626
18335
40183
43277
48151
29835
81246
62672
36161
4052
81769
51148
65484
29467
24057
39044
15099
77764
43429
24380
33600
7689
7210
37402
93991
22239
56948
48844
35345
76023
83248
20909
76372
23625
55970
59962
611
942
27128
47875
65388
9536
5843
68448
94596
74385
94558
68685
14924
6910
9655
1880
61592
22036
42492
17393
34980
49833
92067
28210
20572
18325
61444
41886
10896
42301
56794
77256
74687
7133
73340
76982
4886
70621
58621
80901
85992
63263
78775
59959
10442
54370
6367
5738
54428
89688
61997
3305
42650
23025
47024
70615
36226
40644
41246
11696
93465
67174
70314
15559
27386
54776
64944
69291
16729
92520
4175
46037
34743
11425
1124
12140
73550
57097
47905
29260
85623
70618
95795
78011
62227
65004
77536
62285
36007
75013
69262
80838
40503
49862
3697
49515
43642
64348
93247
74264
86352
1034
82137
13527
50146
27722
3841
35701
8005
11217
23671
3472
25596
75826
17090
41619
90983
29821
68609
58022
83925
71291
18472
88663
36274
11095
82694
77980
2081
47429
78960
86358
39216
90069
17451
66171
12051
66460
50162
42624
59427
27951
89334
72473
40083
52779
24073
89412
23016
36065
89676
10085
35024
4021
48491
57888
11565
42841
53956
28247
3405
3597
5669
62844
43495
25092
73874
90953
84419
77388
45386
11250
44331
22827
28225
59346
50024
78069
74325
61556
62069
90268
30067
70738
63318
65259
12102
63767
26038
57132
51159
44385
91483
62759
55802
44820
63914
89956
31926
32774
23451
37059
9118
79664
66020
6038
63850
18037
15209
35852
58835
11520
3450
46705
77459
76235
11890
26496
81297
65401
84470
75523
9155
16360
22187
86521
57863
14085
88078
42253
70514
52137
6988
8495
92251
37140
10465
87409
70416
27431
4270
86809
94382
68726
88566
94239
57955
1622
28242
59247
93951
52543
91087
18665
23310
21821
81842
7029
39774
37581
93728
40272
88708
80584
51533
27335
8136
58156
78261
48924
28408
28786
94402
28068
62397
21972
34591
72653
36358
24521
52559
45933
71074
19735
70326
34693
24472
63422
15267
11064
17175
88267
77322
53037
60659
46784
68516
14403
5728
85189
73380
91754
88805
59260
41602
28192
34414
1467
47339
44832
82943
68843
77254
48703
76577
66049
6003
17431
73650
80071
20023
74363
67629
76281
37865
7798
82379
79267
58878
40603
45767
5939
47833
10272
95705
79020
30929
33743
58244
1470
33592
61081
47506
92963
73260
56261
26700
25528
69826
28480
53162
28984
1991
20043
35141
94337
74870
69627
41900
30296
22396
74893
33025
71253
54463
30360
31436
19638
77346
11482
25473
34712
67170
50012
27347
48485
38273
63229
74635
33170
46198
69958
89636
82909
61543
20606
9729
42608
41753
80770
93416
85607
53051
76830
30917
25922
3745
46033
76877
51654
49940
52005
88536
53250
72361
18262
5081
37558
36717
67211
3997
76720
92087
62876
80418
69183
30132
45223
45632
22950
37593
81233
43000
22389
92839
30099
33873
47228
50529
68363
56336
40204
90581
60402
56242
49906
37505
75802
17568
8677
74250
47272
21793
32843
91458
92787
86254
36493
12527
75298
90988
81118
7212
5056
6821
50392
54785
77254
62245
32515
52948
40905
31534
14535
78066
74551
31915
77833
95730
94787
83441
58504
9047
37638
29892
18218
28445
46046
36086
8265
10010
50670
61151
59538
4227
25116
90940
71857
34737
4175
91034
27080
65136
5559
70591
50321
26712
27177
25312
16828
35707
13684
16980
76046
89845
11808
19162
68103
94383
75843
67402
22917
93412
56531
59217
80407
63050
32633
66194
14760
70414
1713
72059
61758
24222
72849
92347
63569
76072
54836
14931
43912
11274
26151
68707
76238
21716
16774
11992
74016
72466
66760
62232
62998
64872
88821
68310
13910
70961
24901
77939
80171
71115
16736
83537
83196
77415
49315
47186
77531
79580
68999
31600
91865
17557
82818
87702
8258
42016
44649
55454
71788
44540
54025
22184
79028
63138
42272
63329
67751
18261
72254
3560
49109
41372
7672
84150
39023
35314
41936
62284
84661
13144
40685
21039
1772
71524
93246
11983
40338
6337
52855
50448
17456
83607
53368
79736
37099
48516
9162
33471
28259
51712
63541
18796
16342
51801
43021
37653
42117
25566
24834
20942
80888
75128
53704
48240
87599
87397
43008
62921
96094
61677
9987
45177
40840
91651
72479
49218
62980
87836
40401
51709
28767
23813
47273
68363
11276
1940
84820
29012
1573
41163
68270
41718
49033
29169
43157
93827
44004
36797
4319
61566
3167
81118
45150
91539
50877
4074
76284
59298
75707
29752
38665
27887
17619
36581
60536
21502
44619
65899
8688
90676
51446
37479
90220
30402
85198
21324
75457
4139
47658
91898
75536
50107
96112
94819
33434
56121
90875
26542
38692
41463
61177
42315
47042
72364
68938
66284
43952
43545
26742
45229
6496
25376
90121
66521
45188
73428
82500
91016
79945
76668
1230
29576
55875
331
37174
12998
56524
18675
17117
66787
90324
20389
26908
20759
60517
18662
32765
8553
85326
38644
78369
8043
60101
178
65223
88608
64525
65945
46597
42709
52341
94241
36643
6452
58317
60798
24851
9126
46091
67251
78898
42611
63162
2870
66708
48716
76194
68617
70469
47647
86911
14754
39803
70270
16226
61241
75534
62282
76402
27743
43436
38960
15515
22094
45834
90613
6863
41921
14088
15115
29108
67859
41451
14678
45701
63474
14294
25061
3881
80413
1740
12881
54072
56272
21134
65344
32741
7551
90179
34484
37088
82843
86168
36810
50240
16302
64825
19494
94222
35242
80950
61526
47574
28056
71362
12861
41726
49706
12471
85463
92139
77725
6292
27614
11287
75555
34028
36395
69880
42893
64400
23858
46143
88593
93009
64491
42554
56037
81346
47526
31548
93294
81894
17596
34185
93518
25803
45264
5984
45844
60851
50518
16701
51073
23873
31330
23876
95286
31098
85184
1505
28572
88166
76381
55734
63490
61818
2250
70666
36675
23818
16360
55360
61310
59605
44103
71852
68117
42401
82663
91757
82288
73102
52151
46733
19479
3005
47876
94351
4235
7146
63251
56948
46559
56808
26896
36337
65187
58440
62049
25058
62833
51193
92983
35201
27978
65115
13079
79987
9410
45058
16305
43232
28033
8487
48345
23298
31978
77770
60099
19667
30150
61509
46275
86753
66506
28473
2727
90996
95544
12373
14952
81855
82772
36872
95845
2396
47805
77244
32020
59993
79034
19184
10221
54408
47325
70522
84141
54669
38432
50857
51103
48745
36852
77978
23691
3981
51670
42386
76962
72764
18328
43656
62124
29614
1462
73618
57042
18218
32677
51545
36914
45055
95433
73544
83589
58873
86623
24848
58279
59786
1891
20957
93155
3287
15838
4677
20159
3011
69063
88201
31646
91357
36407
62400
62624
91085
6180
21499
48723
16105
31185
11707
18030
53709
33250
51890
75318
72287
66720
4114
64193
42434
25478
1690
17321
20249
92347
46481
34301
30674
74214
13950
19923
77387
4397
68270
14431
59557
84046
92695
81450
37204
15047
53944
86056
54402
43384
73028
46072
79960
23801
41470
59580
44357
84086
94566
26935
41950
38445
9990
88300
48227
13606
31160
76026
81517
5107
13259
74784
60924
51438
26805
45703
49371
79445
81764
47896
23891
82604
68585
67632
67831
20602
93346
42423
83354
63224
82296
93256
38922
9919
68242
15546
89560
70002
11602
50355
39760
35740
95367
84525
9546
57525
23208
27080
12797
34594
10943
92693
69013
91140
8596
1209
21178
67389
38542
37980
54680
62371
8335
45219
86520
8612
50282
29931
59488
27358
49325
33149
44365
7292
70645
57883
89937
70225
8656
58020
13110
24402
73531
85803
16390
3869
82116
82333
13560
34761
8482
6860
2880
17731
31833
41604
69298
4339
72882
80179
41604
17690
66112
6961
87613
82937
46451
32547
11950
94524
38480
69535
57458
77725
7803
43049
41259
87944
31867
25093
54734
74759
34660
30604
69336
10583
55592
3230
45339
64246
88513
7786
43527
44417
64929
24668
95014
70523
29813
39171
10019
34234
78694
63196
10707
84264
68419
32407
80967
59914
69884
83225
30240
39961
46516
21572
69826
21742
18432
9793
51000
54740
88394
24986
55648
64990
31157
25437
95486
72450
86177
12360
72873
62561
2503
35786
40283
90129
81428
94540
68019
79414
64909
7421
23653
13604
54574
48644
75341
20868
20758
65204
66796
12228
39519
90144
21491
43358
50433
63163
16289
47306
70387
89457
10723
33300
60250
56286
1253
75105
22381
58818
31914
57432
23257
5944
11969
82159
66379
33289
14846
5844
45418
57372
31569
67897
40439
68975
36481
90001
89453
42877
57242
69867
48578
4856
65647
91002
28695
60105
53887
82125
78194
19974
69354
19449
77613
62428
55850
77722
13770
75702
65617
86068
87066
41412
59109
80241
36755
29152
27295
91666
66944
56331
59020
55917
66638
14953
91335
43951
54737
67790
1294
82214
63672
38550
63695
85487
57052
79672
64660
59944
23248
79155
9855
35834
41169
40371
31873
29174
94730
27413
72536
32858
519
15012
71725
4406
74544
82791
13623
39575
47253
55510
32888
51786
82054
82302
8188
85641
36406
71851
95500
20241
21131
73101
43678
30395
56679
86286
6242
1032
66971
54307
13537
17823
66499
10620
67551
68868
1832
28035
50674
65971
38096
95454
68253
9334
25350
70950
84023
30620
45161
9461
67357
51137
44806
1923
90752
72459
36289
43608
47902
86230
29723
84610
64336
84089
60832
79365
70783
72565
30490
57652
34758
58419
51258
91368
29448
59346
20353
8704
43162
93791
52741
25062
49793
90384
49089
94678
14754
25453
96021
43974
36939
40383
25103
38068
50690
7197
82285
32174
15666
80847
49715
37266
16979
40894
2223
3106
6097
20776
56641
62660
10780
25384
14457
89208
65054
66009
92737
86335
85466
8193
21546
55498
89113
30426
51980
24826
22425
66690
88617
53682
20496
47557
51784
66600
78435
28193
21882
48812
5893
32529
68751
69600
74210
82079
23281
47198
57890
45446
19027
45955
79826
23479
94539
11114
65787
36034
4992
47395
86396
11226
45932
62661
12608
49725
92169
92179
93746
93625
51573
80577
75137
75650
79154
82335
74713
77949
71634
17735
61598
50717
11117
47352
74359
57420
63781
21290
37682
7339
22354
43377
81167
56546
75037
37025
12468
69028
18640
46754
82612
91604
55132
22979
56920
69074
25303
69080
13527
25078
22906
24739
51349
87545
39960
20184
81099
50212
56307
60369
93049
69845
40169
87357
91814
16546
75918
962
17019
85751
30453
12000
30543
56610
54980
19382
5072
27147
68540
13908
1419
51867
51281
13022
19588
21925
95777
19829
31010
63721
15598
63853
53659
93959
93359
93658
81756
38263
67001
27825
34112
68607
4189
58233
77222
21668
4459
15873
45022
75340
81638
18423
85676
87660
23213
12278
18165
75645
3829
44823
74211
16354
91590
16280
22382
33005
68666
5720
31656
38690
9673
92855
37479
2144
60731
19173
79709
34240
20671
92526
78862
69538
34881
70345
3058
51257
24776
78553
10525
30691
92608
90711
44294
88686
18246
12364
62267
52595
70989
92132
44703
40385
29916
42534
4948
22749
60949
1297
94264
95791
54981
47480
34575
3047
48299
77199
25974
65733
29501
77897
26857
48525
67846
95349
85986
22474
90163
6022
11285
54754
46494
92471
74195
4387
48977
80923
9354
18742
28600
26631
23308
12831
89467
36389
87875
90232
62231
1396
54269
5319
46382
41740
10404
5588
7087
26578
31406
70994
40185
25092
12984
67606
9036
11932
34423
9855
75897
64813
26182
8759
73846
58992
93944
79851
63657
35842
38804
4726
90801
72165
75030
67300
2168
14608
94870
757
42693
93065
13864
64599
34226
70884
61497
1936
74797
68324
78724
62590
87662
37776
4291
87503
33248
82367
18087
76321
90326
637
72610
74699
11085
92159
29518
49272
62185
50321
28137
94362
86002
40410
3151
36277
26825
13706
52518
16552
91091
1513
5015
8783
90891
17985
60018
49675
49330
52953
86383
26521
13464
28025
83504
73641
75497
39780
5094
25306
82235
62490
92671
82269
10927
38
88537
62825
28272
31837
35901
6683
14191
20815
91438
55478
93011
72553
30473
87376
37294
78893
5214
74504
43042
74563
84771
81381
41232
16868
77915
12669
41773
70061
24493
322
8316
44813
23462
49584
53545
83076
48279
38471
57395
54604
75798
53248
4769
6066
50823
27853
16960
31962
73922
51102
38539
83739
56698
1680
29528
45267
37008
41883
31759
37385
75006
39168
65803
91020
614
82446
36858
52980
20746
70137
23211
53601
19681
40081
94763
59088
65427
9727
86632
60301
67286
36267
16078
9885
35781
58683
80406
46344
1387
89980
92031
63027
72331
82935
76271
3231
20855
9664
37919
92547
39168
31095
91943
53133
63924
51536
4270
71845
34608
46817
30176
1420
66087
63244
50880
81685
2428
85568
26019
6815
59591
74700
74630
76987
57462
13056
78844
57580
64685
2687
65423
29927
25180
6525
73335
10569
23094
58929
53903
95225
58933
49798
45114
84037
788
57549
27341
44437
36849
14699
6051
28540
2211
85048
32092
40604
87757
89845
10028
61537
74815
74040
50164
52393
91713
70604
64191
66826
61526
73843
14900
91520
10770
54137
59181
28817
17655
11018
56879
10655
43833
43070
6595
51640
45766
33523
68648
32657
75452
66164
6660
68136
23620
24380
34833
70061
75990
20490
6874
47107
67006
67695
16032
47323
61221
485
20501
89986
58438
5759
8589
7190
64966
63081
11567
8435
17297
60714
71261
4816
49279
53460
10915
108
94001
38892
30834
84312
85536
21531
25191
81483
46489
76407
22882
13902
21198
12493
74062
39733
43835
65299
44408
46384
92893
1862
24138
90213
21030
47219
47363
82333
88308
61038
88002
80744
86713
84994
76121
19741
91966
33266
88515
48641
27503
74473
17613
22137
42019
76666
14358
11947
36440
36889
55512
77329
62274
6838
18461
39386
61431
1778
53880
12679
42646
55232
66416
43457
95931
54835
51985
87274
36933
67837
53467
66968
28278
39123
35640
29168
24124
87514
77217
93256
11748
455
31375
72336
65798
18879
37766
55837
30120
93860
23228
54687
34312
65138
2712
64922
78759
24670
49807
68807
12888
32635
8057
32922
29940
71013
12202
88504
94924
87317
83080
29897
43724
23003
29853
79880
82096
65793
9509
7875
16228
47490
80965
51704
12345
18482
3936
83258
33261
55002
93141
54459
34700
64065
89197
28826
41903
34567
59247
7205
73527
7769
74314
60990
7966
13259
22937
39940
90401
29149
59123
41238
24498
1833
1802
55921
51441
1813
81448
78049
6371
93734
18894
56146
32510
85125
23229
6144
15619
67228
10840
15821
7136
80838
73840
34176
9175
62065
53038
94061
49072
58279
92363
70341
729
11933
73087
22019
35409
85534
38395
72331
68350
59214
32325
37390
23853
91839
94718
86608
32146
38901
73275
6271
56574
14691
61910
85415
56713
72644
8667
27206
51075
94740
12157
13516
51476
25286
93493
95502
45789
86295
59140
85559
55927
92333
90488
27246
38198
17147
11352
89904
49845
52464
68425
61049
36100
25063
42452
76650
14336
87607
8740
68846
26479
43094
83634
3438
56956
27917
40370
62270
23885
85620
48616
86041
55183
84100
4617
63295
4251
46216
31767
5256
70778
32654
14616
84096
36902
87074
79185
32607
70196
5074
34758
68757
28563
87046
90206
6897
39743
19727
45784
12944
56264
58132
77341
32416
86032
44600
58061
79772
48295
15761
75937
89742
68529
11523
83255
28051
58279
61125
40428
15476
51700
22723
3695
67787
82971
63965
78460
46840
23239
27439
32
25700
93821
7710
92849
86050
33357
32647
39144
1660
56578
27807
89640
58966
38440
79986
25340
92847
95282
51026
67629
23262
10550
82987
27791
47167
31383
92797
30133
94844
13803
56477
28732
23344
925
41495
35122
87175
93277
58063
6840
84137
91607
75737
31749
65226
28118
54465
39859
30300
66694
20622
22968
58028
20000
11480
40285
33854
49661
32376
90948
45625
71857
81392
67590
87072
93106
77906
1566
15219
11481
999
16601
49594
67445
58278
13395
56635
56009
8131
89449
64196
67238
69009
49274
57902
23500
83186
1563
94022
8036
65344
35074
72191
19119
70110
62309
44229
68178
55717
36355
5099
7714
15909
6050
93748
36737
73474
60904
34171
83830
53038
10630
52288
30965
60643
69126
54509
82613
34164
65770
70095
64106
13632
14828
7755
18156
88932
74027
65830
14450
20784
60687
33942
40915
39372
55920
44858
45990
21498
28157
9105
55869
64395
50909
26959
50617
20649
18928
15639
86650
21436
9348
41158
70246
41741
40196
94919
55667
828
81493
33881
91815
69843
57493
94120
53857
77072
23787
55439
95792
40165
95635
92723
46594
89126
60116
78246
54661
51161
60570
13213
79416
50363
20377
85724
67985
79578
46391
16519
9382
20420
12887
69014
39542
38680
49643
49462
14054
6812
39184
74198
72241
3250
64420
33000
8288
53432
21398
47405
31759
86144
51634
41295
87148
64401
61032
44418
91996
72981
94450
8964
93125
25798
35039
5737
27052
46696
34766
65369
56456
27392
65178
27492
33606
16936
36889
56909
21864
70092
73228
17634
89051
18790
28105
92307
67578
49277
26445
85595
82357
35088
74730
12058
198
6474
92206
77944
58859
2582
65359
44024
10951
28753
26860
35054
40073
72834
19768
90569
27383
25656
14491
27694
91559
38592
31234
85601
23158
36459
3729
89315
95855
42535
4967
370
48182
85677
69657
66379
37064
43477
27585
44216
61720
475
24238
3937
4581
64774
47272
90836
19880
23670
14737
38431
54906
31230
50588
36056
39728
93400
18067
20404
38745
41375
67555
2701
94245
24976
69575
15600
17923
82239
46705
5896
76827
35530
57223
4804
51832
49626
60295
23097
69341
42267
24033
61431
5322
21542
7296
40145
82507
19735
24826
55862
67509
89200
83761
65930
72876
37234
94170
95397
42665
66580
88011
19801
39259
74690
40973
93152
60817
95904
13691
74322
47905
62223
66805
80148
5315
7147
71023
30954
35865
3648
67864
51522
93077
74446
39791
77429
121
25456
47781
47406
83010
43652
67337
57211
50236
942
1267
6503
72839
81345
57797
16765
2158
27015
80111
41641
17274
23114
6184
29371
75090
35299
94982
16389
4826
87552
13915
50213
10854
71377
60829
28554
89325
86429
51104
14077
62160
33730
30710
57
36859
55820
17600
21025
86807
22453
12742
33897
48822
78280
53676
80670
20975
13469
68437
24824
64483
49888
68118
70410
34183
74636
12405
79763
9340
29388
4467
27148
71542
16279
79877
66687
14717
4333
76453
71512
1098
62972
47019
10367
73820
76684
56333
84480
84519
24581
37551
21879
55869
94455
4721
34421
83280
65545
71009
76605
28937
56928
21408
26755
38073
28367
84951
59027
16150
19673
61728
31062
9731
5433
9296
27477
7882
83290
85530
10864
64904
28408
18159
45597
57707
67321
21109
51934
11750
11442
47277
60994
17882
10224
63835
11727
30601
70703
33316
58265
37057
45425
95818
53428
40317
28406
5343
47391
63644
29781
67248
29042
75217
91268
55988
50459
57144
17903
12599
75364
15127
12997
29176
80325
34047
79497
87132
29235
55883
36563
27379
21040
77659
16963
7242
53336
95145
11285
19124
2295
67975
74480
60597
14807
64563
12616
41909
11710
83484
54427
58523
84155
82722
80786
41279
29545
94208
21140
81838
34657
67585
17481
36595
77063
20482
21880
35606
176
49443
77237
3431
1635
13040
61618
3436
42490
1078
332
52318
19753
44349
64771
19269
93257
3630
875
56160
72927
63082
18964
57942
5750
56259
39028
17484
65324
73914
90716
13821
55520
83502
69907
90684
45049
32284
25861
67105
80007
85845
18080
54034
68863
12950
62391
92388
60312
1982
17748
20204
72146
31996
53790
35045
67201
4199
69924
8542
44417
29130
82127
31784
59776
62281
78886
68651
44422
4085
29996
95994
7127
13107
19067
9348
42978
83913
22478
10372
80029
46407
93790
54342
18889
26138
4947
86949
77403
20369
47425
40177
83803
27606
8404
42433
42475
54935
55601
18659
80103
23961
22819
7897
49937
47815
30707
5117
57547
83566
22257
16067
59835
23887
6070
57908
13338
43777
44106
62876
6517
37006
48396
87685
81628
44553
85005
86553
19947
24820
14800
42172
63953
82292
52567
74568
14789
31323
22180
93365
16686
68242
23814
51868
93291
89965
13554
41466
69997
79071
33828
37796
92102
59771
75892
7571
73080
8955
57068
50081
50155
47897
62894
90280
52271
90180
36403
37766
1442
94821
80876
71140
74691
70350
79230
15358
15988
12301
74083
73474
81432
17769
26734
13051
45708
13475
17291
77192
20850
20046
73238
12794
95652
20489
38678
21857
70664
61045
10463
95244
31178
33169
95239
95200
32475
60668
23876
3652
47867
84062
39664
29085
16878
72752
96114
95063
84343
10273
89564
28605
44120
78392
17155
75576
24576
9374
70133
14988
10776
13515
71544
95325
94650
10242
27855
47573
35420
72860
66538
61143
93331
47287
88137
71963
84893
78707
67411
14560
37175
23469
89120
49412
77127
85633
26435
79696
78658
86588
10929
72502
3862
50773
70001
25734
65787
55335
26503
72508
81543
92015
77635
45281
79360
77104
35191
25588
29390
11178
38579
73809
58852
93153
29757
87527
75177
36557
73243
83805
15400
50163
25445
39249
30475
60515
34950
83882
95460
84984
8074
63155
56026
78579
54611
2043
90303
21858
68720
27223
55418
56712
3849
23695
16474
9625
82230
74613
70687
86618
13441
25943
57513
41703
84864
11711
7428
67590
10887
33627
65971
45344
41166
70889
56354
90360
925
60046
84921
77234
63248
88434
58247
2496
82577
1691
15498
12855
50528
70706
10249
47672
27135
55950
50724
2799
26404
12842
93610
38218
75668
52137
40973
94249
95683
38754
64724
55203
26917
48633
53680
33280
27466
89085
85573
2023
44438
28417
33135
68877
38943
79296
26215
19153
70291
26007
58640
83614
59751
88130
84598
94509
27726
2169
14640
87278
39414
21095
81052
1748
77629
36669
70776
12834
36488
62359
50836
70946
55100
52834
78144
75646
63628
69673
95143
29035
93391
71078
12368
23558
4820
56764
52398
56707
34135
48120
22838
79012
63198
80560
71619
6596
51961
78579
969
64207
19364
86136
75266
39580
14665
27710
17394
48337
46574
307
10273
75398
8096
66614
56926
34583
7788
46495
80784
29451
64121
5700
26850
50347
72122
18950
1407
72607
95048
69272
71475
78751
23707
23072
88914
54429
39486
50807
82643
47907
88431
85547
78997
81131
91358
10890
69712
80807
89390
1507
45739
36557
1741
48243
6874
5171
63001
75841
7897
2622
50611
86421
93620
89442
32760
28651
69447
56624
8099
47756
37570
16327
62480
94083
16261
7180
42474
19656
25974
40748
15946
73694
79235
66521
43246
2129
61698
17138
32883
24214
51955
32703
93489
50852
52603
46687
28043
25002
43782
37821
15039
49516
34213
47387
72232
21787
23967
87245
935
13505
16565
74035
63228
63994
55036
76009
92180
53788
43366
50665
6524
17637
38588
15199
27161
67889
66284
17144
22806
63112
67003
68983
55879
48462
59850
83282
41143
26393
48155
76702
26259
40818
15553
90845
66755
61916
47563
38598
26915
51761
74229
46175
63908
15898
2958
53685
64238
37739
75629
15325
19415
52689
49858
78171
52430
79397
1981
79348
27429
40143
88329
61586
18178
67795
7095
8635
49829
41973
15053
17943
36573
17524
12631
4644
30834
12139
42367
2328
43074
16392
82116
35832
14030
76190
43805
49512
84033
78241
78936
7789
36585
23055
33252
11494
17612
5117
69294
47061
78593
46198
46423
33985
75827
87148
8101
16185
17730
26537
58486
934
39978
57837
61337
89499
42807
15839
35941
13647
76076
79056
51538
15334
28353
64317
17277
69700
11692
64107
82076
51439
69164
26615
6288
83786
79590
21465
27100
56363
47689
45631
18204
64262
53386
22065
95570
43982
22159
65287
50921
52033
2523
50075
8971
57895
63726
16779
12632
21825
29100
7735
69273
9883
36844
40158
7546
65984
32190
48893
88008
92049
728
65628
86994
81814
84903
13468
8706
55242
71730
66085
9196
38602
18890
92318
18390
71680
52680
34374
16938
90184
94315
40456
78500
19370
24103
31100
15353
24184
81546
21778
68406
94660
9655
62600
80525
90583
1735
74253
4537
35816
37028
53150
24584
45528
60862
56831
40730
25888
80130
55406
21486
75654
95581
94767
20843
26978
59745
79613
47503
18969
12856
226
39309
90183
8744
34198
88535
73233
45360
65525
23732
70663
8027
55243
89554
56859
90771
82450
35467
82526
19133
14338
25729
2262
3713
26698
80083
75993
89648
61242
94136
46892
58782
39046
62673
46421
16313
40751
82892
60215
27365
11133
41948
28027
73845
92008
2324
10277
63564
18232
27485
2537
94355
42384
26858
54527
2234
39623
79621
64195
14870
62500
43603
85571
44734
39497
34920
29591
53953
24637
4281
47759
134
58404
28909
4521
62260
46323
65324
62060
86825
47127
74936
13969
95617
75983
31794
26098
24436
21187
60178
10430
59902
73257
37156
8993
81160
52747
62347
72652
58261
17755
24031
33027
67147
38334
75163
31590
74965
72546
50022
46261
69725
88159
48846
90714
94299
80565
71548
38490
94392
8716
37417
4735
80225
45138
46894
25100
27393
87521
75223
41577
81232
58215
21672
58625
46667
57544
3613
37566
54459
91085
2120
15840
81747
80531
87956
94824
43083
19313
94481
94416
62605
15586
45073
93598
89138
51023
85648
85489
23952
87198
87172
2463
94053
94774
22721
45593
36226
63534
57764
27168
5057
23796
11748
69811
69304
85899
34888
81440
86562
88812
84053
26814
57106
2040
66521
75770
26132
49663
73603
42509
95006
70569
19864
84235
44972
29782
90886
53204
82033
54788
62516
43374
60120
12489
44776
16701
40689
74569
92067
95538
39620
60832
55318
75804
63131
68341
41747
19304
47807
50121
8225
33079
3687
49835
13077
1908
93407
65355
3876
39212
31408
75966
30190
19016
62257
28544
5011
88455
80556
3685
28645
77859
58241
90466
19188
72952
17267
43976
68639
17541
59561
26569
92576
72830
22555
2204
39789
68945
35065
90273
77317
13246
68987
57129
5319
33159
26833
79782
83229
94941
60375
18094
73896
22057
24602
78773
92593
51764
90615
28472
44276
23594
58097
5797
88205
57607
52926
34631
46938
171
70918
67655
33185
2301
91164
84893
88112
5211
32594
2780
9821
9832
41943
44854
41241
74169
81837
92351
11626
76187
53527
17464
51967
59535
88393
45228
30310
29314
85520
89741
42597
45697
57501
87539
61747
25202
66245
75849
48522
15383
86247
26841
82339
74235
95420
56503
29313
80253
16227
6163
96026
56601
67702
43995
49815
21776
22054
68338
59023
29066
44204
94748
32009
48009
49020
80076
54674
15712
83938
76308
83325
51816
28993
53059
72919
67002
24079
28239
87940
80754
76951
28045
52593
3654
29149
46209
24346
42031
91654
31218
9150
24444
54558
76668
33639
86931
88331
63020
33307
31298
1426
53538
15964
62443
29927
79979
3370
46925
48669
7683
35735
93479
75768
94950
32072
40639
17136
52506
68464
60737
18064
54806
76440
18050
23373
48482
95217
42448
65456
69282
57923
42159
12981
76087
54171
74942
19222
83227
41877
76615
55416
16060
36690
39283
28805
94234
25269
60520
31430
46648
27911
60668
20363
49070
85189
29540
60474
3855
19187
2922
59544
25164
19518
34880
28621
88413
31483
18798
60111
88048
16557
20433
36071
73890
11612
11594
36150
41993
76642
18331
46046
31611
30067
63278
37139
44311
11134
39854
63704
62943
62160
46770
32180
52310
50776
56110
77844
38286
16689
4146
6423
91856
20139
77093
52791
35117
55085
14122
63484
73078
16745
92853
16629
60366
91557
15367
46716
63798
51164
69504
20289
20850
19975
44050
42470
42322
48183
42534
63844
34054
17959
72180
82726
64803
77741
86745
64178
76521
55315
25833
1799
9873
66086
63485
61892
85922
25273
9882
64870
25750
52622
6326
28924
57656
10435
3072
69233
77628
56665
30328
69024
3131
25919
83747
40009
63763
15133
32946
15705
53484
64863
43036
22202
82966
25904
4677
49294
32990
7195
31741
57822
60864
88411
42128
24447
24090
13579
5088
42150
65121
8665
63068
51430
61287
39045
89792
67967
47328
11929
33348
33884
49260
7418
30151
78301
43115
62522
51643
64465
4632
33248
17632
53947
53941
42920
26410
83604
15316
24907
86663
76387
67582
7286
45954
74005
88955
82916
14133
67120
19471
64528
83899
70523
39184
68525
2645
67325
85051
4984
11386
20447
65575
56406
6420
19328
12004
49502
55605
29615
82691
79944
13729
88440
67788
17170
724
78089
41685
83549
63690
88987
19758
42107
3420
95268
14092
54428
32242
87249
84816
35506
40309
39707
43705
16136
53812
27334
4130
74798
41076
23502
49769
86635
95269
53108
4761
66410
63656
53693
10480
88715
15813
17504
44834
1533
69311
42444
25207
56683
89484
8591
82014
89464
86360
19231
13323
73852
39534
73128
74043
38501
72242
49798
74119
16454
93969
38555
26826
56863
88632
45447
19989
49467
86511
17290
22943
36978
40059
92172
12502
43592
71490
116
70957
13142
50258
32702
95623
27283
81940
28440
39896
79680
14802
11929
64730
86261
58905
93824
43728
27368
10312
30105
31206
66613
44126
79616
9773
85674
14428
13638
53915
50533
76695
10869
61455
1468
37007
30396
46642
75516
81377
16386
92817
86968
30784
93119
79676
59502
44203
22847
4057
77613
61102
11693
17289
78893
85203
42016
29971
55255
4736
26103
17330
65892
64765
67664
60122
36155
31741
58189
57882
83506
80857
54043
91365
65483
67935
66551
47302
32174
73917
82323
71778
35631
2549
94806
94019
90809
27574
91409
90564
45456
47714
84570
79405
22656
79896
89448
83914
18489
67882
38743
34883
83056
60061
10070
39439
74139
27984
93252
88287
22416
46976
42818
28796
82674
81133
56022
50426
3767
66600
82212
49174
79454
18305
50477
82147
71631
68831
2901
90080
64475
50530
56106
51735
57171
84641
28794
48947
94576
18864
94972
83363
83170
93422
69895
95435
15786
33538
70612
9088
11426
8173
74824
92554
76255
42388
17279
44286
51752
25539
65169
90699
38617
75019
50768
32605
68738
36480
61021
12107
40430
18267
81798
60980
56491
35695
87602
93647
67327
1722
4269
86056
68522
10866
40473
82862
60743
44927
57478
94608
82652
24735
57145
3
39363
80850
40081
18071
22922
4389
70213
33101
30043
23989
90035
71811
74956
12397
8947
66577
13418
66482
49884
34087
56990
44704
31700
76973
64923
88747
76338
80213
93925
28980
10204
17776
16172
13531
84972
22357
38527
62192
39104
45197
16498
30463
64992
91830
75930
30620
49916
25910
66806
2168
82885
94743
20428
60144
46078
12587
54084
4764
5206
78975
23940
16491
11543
38848
40351
19415
54493
84599
32887
6733
71090
10060
66421
47097
79414
92926
90166
47189
41405
54948
10846
82330
42862
68439
36866
52603
91486
51399
72911
9730
33201
34376
68575
68939
93392
51254
71765
23202
71461
78416
22426
27548
47854
13816
67770
24169
11012
54407
24525
60003
85388
33596
69655
90073
47346
87803
43995
67638
57371
62137
54178
4241
76504
15397
47846
76595
83901
56865
66843
47807
24368
18577
55805
81149
91982
24143
37636
18964
87768
22208
52733
73604
63680
75965
2165
39849
38557
79600
33122
37179
58386
82620
91729
62744
62297
72159
31227
43647
9736
83572
41548
56534
29076
64498
77426
36068
3268
91403
35815
872
8441
54143
20856
84050
44386
1311
16419
87559
35722
40807
15880
19882
12221
41376
89152
27240
50435
41121
34871
52595
45563
86250
47709
31162
17288
92393
61387
95391
32627
231
14574
77105
31533
41224
47754
16986
5799
81594
75136
1475
76633
49639
76411
72798
37420
85460
31450
39890
30698
9807
37869
30663
52437
76450
77803
9023
43721
81085
37455
30709
78591
49818
19515
55034
675
24062
3023
11953
92011
43838
3408
2594
85486
21913
83451
37905
62944
56406
36789
26493
25269
72220
51742
21372
26578
1885
54439
4056
3370
86883
355
25219
62471
32690
34856
57577
18196
39398
18885
49878
36611
47168
71390
11543
21930
43800
26271
9229
50554
16258
6055
51583
67480
65646
8250
12743
26394
45266
24826
29174
23175
19034
19240
21746
7055
90599
46147
5932
2307
83704
48750
67024
51863
12184
87200
14275
92530
53254
80690
46714
62670
51630
72441
59777
24313
60793
18287
28523
75048
49541
4005
70362
25552
64823
84644
89618
80345
60381
67654
2145
51267
69149
45496
82264
26458
55562
65031
88549
11523
75531
43341
77966
49576
16459
66719
62972
646
16529
36730
74559
202
92313
31852
36790
94546
7612
46893
90978
16308
34687
71344
6920
52613
94681
86039
33840
51533
24680
67531
17487
22785
45586
35982
94015
33956
51908
29364
60558
44504
45832
56210
26972
56898
82463
19535
73481
62810
54606
29811
69675
87748
45412
25993
87947
3641
84666
13735
29861
53193
18000
72315
44073
37182
43913
7560
95801
92404
285
44780
25184
44652
5934
50460
51332
3879
72642
19667
78555
47101
89444
81420
5332
66683
71142
37506
89300
28213
41899
44849
66517
76174
55006
70398
27207
82827
20901
34220
58817
27188
66252
89435
32619
22997
82175
29476
62782
49157
89349
22309
6666
89858
16310
9899
31397
71166
18256
71911
38343
88819
19182
79534
69830
94400
24759
92202
26775
91846
94493
67728
17139
65265
51100
84406
89254
56259
71884
43997
26160
58940
74593
79245
20719
12176
18321
72017
34520
90494
42081
67602
6560
51113
19094
93085
72094
47022
56887
27564
7229
24281
14699
53894
68835
45066
74720
20104
32532
88144
906
86099
37104
77238
61137
14057
79502
13223
41845
49699
4892
8639
16836
23493
64539
72629
4055
86806
73887
3454
36760
10604
43503
72884
52975
15391
67511
88428
34457
14637
93248
61333
85767
3608
4807
83961
75820
77041
62197
56988
21045
1820
85741
91806
1392
13674
73250
83792
37948
80933
1234
55401
52612
87769
60101
42891
62060
43555
11603
48421
21719
2999
63262
40013
54056
66027
46147
48739
47137
373
1788
25958
88807
64521
79307
80939
86376
60106
33034
11586
14311
19868
93032
9653
56261
7725
45605
20445
84695
35723
33414
25978
51476
31270
33421
56765
12067
70462
50570
54957
25015
70607
80823
15452
41344
94590
39342
15883
30751
59195
51321
50085
54791
76451
64227
60044
34644
711
42816
83803
18385
65715
4404
67475
79012
52490
5970
5558
70736
35885
95739
68825
87219
36813
15496
55446
60938
55345
87289
66919
53483
70343
18753
82823
43354
3712
38304
46406
77721
91786
1628
76017
61391
43241
36041
91821
44937
72203
37221
15162
70757
16557
60425
66429
23149
54724
53735
4050
45960
10857
1418
19496
16115
86773
7334
49030
57223
84785
58497
979
45006
498
91845
2162
75731
38900
89075
53754
28059
88161
38568
31384
993
70387
51612
61792
39197
44652
14434
17057
53794
82681
80162
70294
58722
16100
71677
9013
58580
58409
41799
52193
17913
8381
60947
80627
39829
76080
661
39501
39383
67002
45902
1589
90994
53253
63743
79671
43123
81377
43356
46979
7058
74668
42880
51489
56662
65314
54744
94756
38609
66686
1148
7461
92971
86065
57099
12447
95946
21816
95569
70052
86574
66210
71481
49451
44508
88826
3350
16680
37839
89401
77282
60998
16874
71357
13186
66082
41240
40991
91366
20780
84742
1580
23419
26476
95226
65429
5682
71434
94303
31793
18108
63340
65349
21184
53961
43140
94157
78356
95016
64129
67688
18266
32401
44092
58232
58412
62865
4326
88687
54390
28772
53726
75821
24493
5981
37552
28169
27391
49411
78104
72553
81053
14379
17315
43909
19000
23251
32251
44039
46610
37152
94232
1536
4703
52853
42645
29656
12205
60259
27785
95231
84422
79256
87654
92214
36954
66325
2287
9067
4361
12831
24186
89099
1387
89436
20112
27957
26435
15073
65881
51066
91715
47883
6840
95335
91199
39861
40426
9919
25198
44956
29186
53793
80004
23254
11571
59130
81006
42961
21111
52390
72410
22298
83090
52416
87552
16947
33169
58795
70122
94350
82738
86205
42486
69120
44154
41680
61487
72567
30833
16306
11004
17985
46051
90078
15120
61239
93452
18182
66557
52365
21336
14790
79599
41011
28334
9108
21077
69472
41980
27321
74257
36304
83491
42237
34215
23683
3373
39241
53862
92429
25588
13538
35912
90993
79518
7855
45439
15565
91615
30227
80280
5410
42110
58806
78540
87907
73421
32099
35695
68427
66831
25320
25057
50882
19462
16766
27954
82803
41561
10583
13430
78609
4048
17818
21236
45845
41012
92018
60036
49408
1443
1059
41224
4424
11232
57828
79844
27177
12297
11601
71996
84314
950
90609
79779
61689
57832
47383
38915
10323
59668
43305
64572
4756
8216
29593
2231
25103
67481
70660
91911
510
71392
4265
90822
76325
4300
1005
75147
14015
489
15975
41557
33825
24266
95222
58085
81665
66545
60946
43978
94798
28040
85054
57906
45249
51539
56814
81274
67555
78090
85392
62788
58824
75169
8799
93316
76339
42214
65232
3311
95021
25453
18238
62496
21855
18345
18087
26106
58220
44649
38934
93639
33225
63906
57219
57153
76209
17445
10844
94142
33424
6950
85909
13548
94313
49704
75031
48600
33706
18607
77993
86590
44461
67766
9711
45053
43343
26921
81358
15929
53672
52626
58852
45059
45766
91019
27356
3369
47656
63227
26697
60019
12272
57790
81635
55036
66530
1502
76295
33485
74685
22341
74728
20329
32799
63194
59002
88781
56249
26029
61395
44274
14340
63343
58663
89472
73155
51479
68149
79199
77019
72898
36525
82393
19477
74082
13790
41748
48998
39028
1713
57872
89037
31920
93305
8030
51047
29609
59891
4013
48539
60328
61476
39173
88054
31402
19436
14874
85490
31168
42758
65414
79227
46938
17656
70187
94678
26123
7994
58439
2051
44683
27278
55798
72976
65113
18563
88731
7984
54485
75033
49486
79454
9534
12488
18704
6678
67749
49784
27693
43275
46786
71000
3429
91497
41571
49348
49097
27663
95748
74267
71265
18361
62017
25691
26361
21266
32149
41900
93282
5638
13789
62943
33292
83870
63045
31038
10732
32441
51021
92150
18928
30733
65372
20758
82613
5433
13669
45634
50755
74495
87481
74071
33072
9083
76156
48539
6220
4908
82549
84913
55981
44902
8427
62923
4804
61347
48168
77541
55058
83493
95853
68045
8113
62577
80986
42181
35541
10554
66895
2838
61247
49682
47654
53967
41698
95960
63500
82629
40810
2558
36359
17607
47984
77079
28785
90502
91424
10715
51969
5480
33350
49498
58902
19103
80131
61188
53733
20893
38772
14064
62247
29972
22065
27411
36216
9901
10013
22536
16089
11725
67570
65916
24289
11063
53580
33061
70849
83407
64970
63822
40677
46962
17051
4268
58073
3354
4329
6143
495
11018
58447
73464
70056
42031
79912
75545
28135
44861
44030
21853
30775
45368
85278
43843
59513
68988
31181
30699
39630
77740
40823
76627
41874
2631
11163
15043
21577
28949
88568
4090
23743
37623
59556
6037
87854
2331
63423
86913
23207
82741
88223
64891
32062
51988
94880
95939
15818
21419
2997
5263
59467
24798
94467
68532
13573
14751
73422
42853
85466
90571
72198
4206
83386
35649
3710
63007
16511
77165
46630
18566
8226
10608
67863
21189
13478
7591
88335
5818
15409
84418
88275
57147
72701
41748
89987
50597
59036
39670
17594
70984
39049
52952
85586
29745
18290
84107
22741
11184
4625
11458
96096
28535
46942
92670
17922
65170
39952
22062
62267
40402
57234
94221
60297
6984
70358
51780
4746
44153
40052
90311
52151
53241
35231
40335
10125
71172
89401
12965
37392
80173
1283
41551
74199
62187
83889
28558
42583
8694
80299
63936
10597
92983
91538
58719
84599
18722
17285
60262
3667
68901
70943
75164
29173
41745
23639
75718
20775
32903
67881
79410
74494
39725
12526
10467
977
78440
51179
89467
94126
34098
72165
14166
47046
10515
5266
18484
9761
36665
43631
7448
87938
31160
13673
40363
90536
85463
15328
86056
65043
12172
23556
50455
2547
21380
34548
68236
75939
86036
85639
12717
95790
66965
9106
88169
23661
16323
66827
80682
55887
52969
38771
44959
15732
73553
50180
85016
59147
78589
17200
56322
94291
92811
50091
30408
81943
24493
39133
66142
44545
73081
57967
35536
28199
89899
79643
6503
72697
16976
42452
26608
86380
7635
1829
48370
33865
93986
80459
85041
39971
50025
84822
78927
24494
87336
35219
15285
83132
54310
50912
62910
22630
78457
22957
67232
27001
23171
94176
29703
5963
10250
64616
37147
69238
93659
31690
87555
64294
52942
14658
84480
47895
38817
86053
52840
61247
72580
4193
63565
61536
75915
95920
32044
116
3328
51075
5332
65796
49369
12982
84174
11279
84585
28427
40352
46720
29420
33776
64994
21012
36889
78796
14248
67503
71295
49775
71190
85970
62486
56587
94267
46791
75485
66948
45959
86177
22721
8944
36914
18146
48808
18825
73971
51787
76994
37458
16354
58729
65809
75399
84223
90886
55366
26697
57420
83427
56023
2463
37353
61939
25418
64349
87307
3696
50655
55791
21840
5962
32801
3892
74424
62209
60054
93565
70136
26470
48746
9532
10026
16770
40211
51241
82280
37330
12279
4276
85130
57309
88461
37577
3145
24135
47560
68011
77624
90708
84826
32804
52585
75857
54244
91120
85390
58934
76208
95986
94927
49127
39198
48691
29002
66173
43505
62985
66260
7737
83434
25934
76547
81037
16029
92229
96045
65110
38027
76583
8879
77952
78174
61132
58412
56882
61928
60943
64363
88717
58895
55449
89386
90812
80732
2370
44960
93430
40042
71339
88706
71518
2395
9089
63203
38883
57568
73262
46292
56460
90415
8932
42844
41583
75164
33282
58694
42580
65391
25664
11504
83359
78623
67095
29689
21337
15040
91899
32819
74493
93260
68245
89218
21857
4363
12611
6351
85058
91131
12987
38301
70536
16151
63063
41881
61390
44943
47051
79554
91172
90034
5893
60667
60575
20274
19222
64678
80229
69810
46301
23238
68791
66554
45022
70030
35220
74884
37441
94183
52846
92797
7496
66247
22333
84833
52190
1175
20496
89817
50546
44838
77729
62506
18549
7861
26436
81343
57962
79684
47461
9287
41131
74136
37848
83415
53847
17626
30532
686
996
83445
65867
2061
17454
18507
41399
89947
55088
61360
90786
62682
23705
29597
42805
93475
64415
44246
17997
94286
25572
37709
30287
82049
10248
81035
92953
80103
61382
19284
32851
27110
55165
29151
74348
67377
88428
13414
28086
47731
16418
91430
19894
62686
86359
11454
28267
91971
47418
1509
41481
55456
45174
79608
26445
12464
76300
93332
47140
15569
50271
44486
79796
70616
49594
32368
11025
12311
43673
33486
15341
45656
62575
55565
36386
43056
84475
82207
27892
43305
26102
54736
63604
75062
46085
4048
28902
11080
73708
18873
30184
45992
63438
61147
19030
32719
6697
59820
25062
12645
32638
59314
55547
95247
6337
95604
28844
81459
1736
31353
94713
81328
67579
14526
44383
53559
76361
75586
1444
67691
44368
12506
21760
31968
44267
26065
17007
65698
68521
62700
53918
40648
13678
59030
50387
19017
89507
34084
80725
84461
78986
62133
76542
27575
58261
39546
53148
54349
27863
18272
40219
83870
15209
52714
66937
77972
8351
29759
89926
89700
85277
55377
78719
35351
36474
65200
69064
5860
9436
15391
43439
48665
20174
10913
46089
45379
53791
24389
77987
55494
80766
72919
92140
50991
87439
66662
49415
14751
52547
27657
9875
3026
2907
34501
77478
43201
50864
82234
90255
18066
30390
49533
2470
14910
10967
82269
38416
84229
18991
75737
74817
35287
80794
55820
92845
71226
4571
37319
95672
39897
88577
169
84073
66249
43896
71099
85439
73586
45980
94617
59429
26987
55736
32927
42153
26924
50456
68585
62733
69728
39975
21348
6624
70813
30970
71689
43851
13122
66404
14893
19052
76810
67857
81056
35076
33257
34110
25817
5868
92139
67698
2825
22190
84450
11221
80716
57604
70875
38350
81475
20069
10995
75541
78391
55478
14011
42767
92294
41893
64662
92458
78545
26399
28718
83408
41688
53928
79583
40219
75716
3491
66812
30319
76838
77480
43250
90140
27872
84775
65625
23543
42692
94675
84032
71070
25171
36453
43041
6405
60380
73407
52139
17803
55986
77038
418
22608
74816
73082
20183
21716
22658
9832
40974
6523
31389
15598
23578
55426
47210
49826
69030
23132
37907
35309
24383
17790
41646
53067
30768
9747
32382
45820
24275
70077
49531
25698
50876
1622
63840
45844
45872
45646
81941
39024
57961
17891
9158
29940
83263
5752
8085
70324
46444
42638
75231
87266
65493
3696
68868
75483
30967
87215
85894
79024
95380
69722
9936
17088
52089
76300
45846
68730
85724
32708
9067
3223
58579
77320
38232
32100
87941
27658
76313
11423
47208
75508
31253
8050
19629
90941
3043
34319
14523
66797
32645
90402
61469
902
79060
30740
77442
68117
38650
32463
4448
29937
91392
38868
84715
58715
30167
18998
87311
70047
10507
58782
87614
83217
86593
71583
1057
72455
38689
82989
85851
27421
91116
28085
91449
69523
82183
72578
197
69998
69101
39934
22254
84144
8356
91036
83372
79105
68891
79738
69858
8606
18438
44284
92868
17552
61935
83954
76802
76346
31069
3883
30718
54367
87961
27957
90830
92982
57895
72481
41953
75406
43169
18467
30752
95686
5377
11118
90271
75395
8014
85380
85821
8464
22632
47090
78167
51829
66259
62265
43806
84960
46980
83880
82036
1256
56490
17141
2526
49720
16231
94938
73954
67328
87594
16141
86973
74654
74161
47532
50234
34626
67370
32642
30924
19859
16118
59528
17642
34543
90614
23936
42950
25384
53293
48840
47349
49613
57239
46474
22363
87238
1965
69160
10830
6566
52112
85772
87987
89270
61775
55369
91038
33468
75275
82711
25612
89659
89529
89612
25717
4855
32948
65987
89193
26355
13880
51833
17294
5372
69071
78722
57068
9809
72532
55388
46139
42423
84116
46381
60202
25895
63747
7595
40795
41167
5554
92834
14497
91003
6922
75905
59219
25018
49351
53558
18552
27236
66878
4602
13638
6302
10181
95581
86777
57206
86183
41486
76511
28493
89352
21193
39444
1201
42718
93412
44036
60215
72563
21423
69822
25061
30695
23830
1555
38310
16336
75134
39499
1876
39255
8541
86059
10576
30428
29110
79458
91691
47490
81354
93064
22981
13167
7613
77025
87288
61450
15921
83969
82740
89471
3432
77482
68201
9413
39802
31812
87427
51324
13053
70029
18802
38180
45045
68620
53104
80486
83944
66121
34365
64063
48641
5925
91734
74683
37157
914
58149
10554
7222
28653
45960
52428
48561
38547
72059
19175
13604
19534
51548
55459
48745
26847
39390
89172
39601
23594
47420
61252
37028
31284
13934
11730
69986
79889
54318
48860
31738
21614
12146
90680
39521
71049
49640
7942
64304
57138
49865
1296
27207
32491
30126
47349
56658
53625
62372
35880
78758
32811
40005
14660
70177
66656
32011
19853
68138
76933
39556
61896
85612
67975
26276
61156
30713
74481
88477
15829
80254
40701
28505
61192
61529
88581
85541
37793
62979
68726
70930
51923
60912
63995
23121
89429
16022
21446
67677
44114
9109
57648
55516
15269
90433
28757
72375
7581
55254
90778
91377
67895
51964
85593
73198
68892
82353
34146
7135
75380
89168
37042
91223
91387
38338
80444
67677
40144
84347
85594
58634
73846
49045
83491
17242
57399
51278
50397
49379
12118
90107
61006
82872
29098
24037
42359
95497
11346
55581
59340
53495
31560
75324
64601
3164
86447
7964
15679
84967
33859
36596
55068
85942
57134
52850
35086
59169
83985
40741
16570
68308
90523
65272
61265
26226
51134
21962
95627
73357
78945
14734
55774
13775
46709
49964
66810
850
87851
49099
17254
67650
61754
8136
8497
22496
3676
90328
64050
58818
76185
93630
81947
95565
21110
24170
25668
48482
4049
17739
64725
91800
37767
34541
22153
14731
5519
1976
25172
49480
83004
57001
61425
91558
76456
23466
94982
16611
39738
9384
51399
48888
93546
53841
79728
77917
74132
66395
64485
38325
31595
85976
65330
46222
14367
22809
52740
35456
13776
44554
88628
80432
70790
48929
8917
13000
53474
42426
54300
39425
41614
42876
31095
17016
84181
22911
62662
9332
10069
23262
68026
5917
26036
78897
86995
43947
32948
79990
65462
19748
64320
48503
94586
42084
46832
53016
4182
90677
29967
40142
80032
86525
12228
58893
80172
80
1205
59228
25354
16359
57469
94325
4848
84136
60475
34777
36831
25956
55113
86758
86164
56980
75814
46618
24584
35780
20221
1558
85470
92859
58579
64180
19500
95683
43764
61775
82684
22450
5699
87460
51949
25949
12774
49083
21716
86285
48749
76852
42962
95452
83067
65040
60410
52996
10140
93631
16245
86033
43952
61393
18169
17797
50714
77128
81832
50007
59297
8658
50531
31310
20490
73817
87010
25358
53657
31821
17886
2254
77491
14904
49531
15051
2862
28112
15686
4095
13739
45216
89641
50701
65277
29009
50505
53116
88966
87304
36706
17233
66497
29164
17992
95747
39165
24935
36463
57479
65369
86450
15949
56662
79324
48973
47460
15651
23799
22979
84360
66891
89919
13190
16410
26731
20052
7651
63578
84741
91791
45693
94526
51607
13262
81863
25151
19401
49167
85767
26396
17315
12188
44178
22718
42429
88254
56188
76820
1193
47305
9532
19020
41976
54650
94217
6975
4868
74304
26878
29030
43049
17852
85234
29934
88736
42207
85526
3397
71707
63663
12432
27965
48694
56360
28866
14542
18898
64617
23357
2318
32676
8453
22472
44541
39681
17356
58766
26189
26595
24204
42240
2186
92129
94547
74057
80592
55278
86653
87177
3002
50996
52474
7072
28732
78405
59042
31494
7827
92626
85164
77595
6469
63689
69395
40025
66182
22763
8800
33718
68652
40310
49085
76202
18540
38081
79933
42648
80793
43597
44715
54920
83486
71017
75116
4057
41873
82272
38381
66072
41224
76445
42133
35168
89068
28716
15921
2869
82702
52310
30065
89455
39853
76193
25328
43646
86527
35077
87017
63728
37549
14289
15642
67175
77309
26943
36682
39693
9764
85453
38328
68841
46529
1980
55680
31836
48779
40953
55164
68532
59782
76981
90720
77260
86181
70512
40485
35113
24418
57579
8637
49111
15110
37977
77865
61893
1748
57325
19533
43279
68134
4919
22103
92778
63836
83279
55602
20186
15820
92584
55795
27701
15412
61883
86547
93704
6634
3250
1050
8388
94780
69703
54640
37282
28792
1342
3739
21210
50322
92194
60065
28376
87068
29017
30421
67841
42133
38609
45758
37311
6046
92189
80951
9437
50108
16342
10625
71987
37150
54533
49365
4505
66824
16905
41994
60178
40881
82865
46560
76306
54798
1609
12747
72254
12794
23252
65048
38521
90302
61148
69956
21134
66300
19962
77291
62206
58079
85731
42784
69283
4364
82481
23947
30925
70815
87628
91208
69180
70686
8885
30231
26514
56113
87963
79584
27278
22387
79862
67201
18577
24687
75283
14480
13190
70983
87220
82211
66698
64463
6827
35334
93899
79965
47834
45624
94834
35719
39831
16334
95964
53157
21429
14026
46502
8523
59095
86737
49771
2969
75110
40135
72529
54350
63694
7421
6529
15470
29472
12
38173
68624
48105
54110
40850
43869
73211
25952
76988
1302
48585
68016
55721
36996
39391
51790
67124
44088
81218
55202
17108
30194
1694
95199
89329
86832
35920
43058
12021
56139
68601
7769
59313
37996
4035
51279
33032
82366
80852
81250
95942
35091
26133
76547
1090
95108
20260
70873
21880
90012
68622
44323
66370
71521
56570
76281
62789
71366
95325
9811
43367
64663
55910
532
58915
58979
13279
39756
92021
49722
64174
23495
5638
50101
1328
5307
40249
27662
83943
77616
34430
31093
24009
11441
74303
71397
41462
77385
94641
85111
94869
16057
83252
64899
24992
13191
55735
50246
65387
50411
26590
24953
13504
26268
35207
7226
46067
46912
41541
57496
66616
15907
15384
66046
50021
84918
69302
49602
56542
80222
80690
43936
70063
9471
34132
87221
60608
4319
60198
43100
82510
57419
19969
61870
8880
70189
89269
15208
4588
16289
64711
123
58699
5533
88277
32037
60403
3559
49193
12705
35590
95220
21866
32017
74864
61200
27766
52678
20843
28604
41783
46862
24800
36194
51980
92021
96103
12104
26641
5862
71500
27595
83070
24579
48134
87829
29368
16552
13302
6468
58298
4768
36936
45354
53651
78312
31991
40207
67087
54675
16454
46651
78652
64728
42952
78859
43283
15582
60165
89777
37016
4934
25308
15362
50985
83998
72586
38722
95322
35891
69510
78600
27976
76443
29651
65919
6296
28878
57598
24489
15286
70890
59720
72536
48336
26717
64116
13505
5541
30362
12207
83693
78973
3197
20314
69759
94495
77054
30138
13255
72579
34122
74304
86811
80811
64232
5275
60283
80684
37142
16571
55036
31594
41007
78246
75563
13952
12865
13105
12683
20193
16152
34841
72449
4184
34160
87845
92118
69079
89778
57275
55726
28308
71295
47519
16213
48402
18269
93859
93977
24426
94913
29453
92671
73046
90833
67083
16626
58313
76021
46301
43305
30419
95808
83245
44244
43644
83557
69367
53459
17525
33781
55907
14767
59774
69536
39310
52322
57234
43963
20076
3525
74694
85207
55665
76319
95117
45467
94784
19631
91591
6398
71580
71914
14094
89870
80889
78234
70786
4270
57649
92200
64523
5327
49772
17616
94704
68691
74794
16642
74268
88969
17592
71659
25985
56978
9430
18766
9076
19722
28821
64343
5265
94691
1724
67638
41290
91476
39970
83368
41464
50522
23387
92626
70077
90314
44067
14749
21046
77675
91829
7247
65672
28675
4046
443
2963
42060
38017
25384
49509
18463
72462
595
2673
21688
3758
40088
32253
92133
10382
49079
19828
94528
26102
82622
58287
38939
88493
32163
71533
40605
83281
94418
20613
19960
33003
3243
38065
1518
73132
89203
8567
95087
27983
90806
33512
26733
36611
26096
88384
31770
82234
41824
14235
94564
42177
49228
38214
54413
68840
22137
30689
11924
6631
94242
68578
67484
82127
18217
71485
21825
22474
92105
3225
92604
29146
20604
4663
30266
21890
46083
75398
24673
50862
80486
24811
64319
77594
22229
30632
55886
5416
48385
86014
75203
87537
85403
89108
91871
85328
15449
16718
66708
13357
88990
20280
23328
34709
67913
7521
23466
39552
25431
4509
37744
8938
68128
10145
21306
92986
65853
69911
52941
79061
21559
12549
41673
35112
91253
2409
42411
34258
86467
26192
47559
41185
60438
62414
82137
25430
65025
72586
5056
6806
87040
74200
1478
33184
46972
26407
27893
52923
84054
16567
89358
41150
21585
87389
10542
60580
56052
16026
41330
53032
81245
24421
46323
71993
78540
66277
17570
57909
74533
7092
78426
17920
33251
28546
44747
27763
42209
95288
55876
53348
20547
56497
40382
6065
60718
60693
42952
52926
57023
34321
28036
40571
23059
41429
55426
58314
71870
9696
26974
26742
57107
22940
61968
42523
41949
76322
29346
37361
82097
81436
39958
78621
41778
14736
33720
6190
28842
19938
32996
25513
71145
61720
57437
24624
20577
41985
63887
17067
15370
88654
78677
40322
24222
63969
88054
30
60709
93284
29151
19496
5269
41785
41391
78089
5013
88346
6557
48365
34797
40967
59127
31193
4914
59952
25897
92761
79074
65863
31492
25533
64933
67648
49310
57183
49236
95390
95490
79137
44393
40892
63047
94527
37132
54393
48983
54197
66875
30376
63324
50450
64786
56275
45288
21603
68300
38118
66988
23533
65717
54633
8814
30018
89656
59723
6948
73666
76787
60807
68124
26801
40880
86410
68481
46977
26759
63007
52450
93249
92223
51760
44532
20712
21330
68671
19633
81485
65846
90659
68241
45431
85215
253
54547
30783
89792
66463
34055
57559
60546
34816
13894
43366
78735
22117
39290
77326
67204
53501
54766
280
69101
7443
93778
80390
76960
81793
24000
11226
2908
83373
19964
67948
21094
53684
39556
58281
78275
57305
71252
85640
36976
59933
24117
28615
38195
68463
66593
95445
21248
59264
52159
75138
22267
73481
83178
88212
95322
74795
17495
16756
73785
75733
21561
69711
14529
23945
58164
64019
70789
68706
36817
65155
36538
59225
48651
82397
79691
20644
40831
3600
51803
79403
17411
84214
77829
56747
74934
75962
30419
63288
32913
75005
50788
45575
76771
6064
53794
31247
27089
46371
44944
28043
15039
83079
1607
63099
88499
65667
30766
71825
53493
33978
35797
28433
17561
80498
44935
72379
64973
90399
45465
4011
79397
18245
44325
67250
68646
33554
17144
63837
15810
24577
91657
51340
67215
55549
32508
64063
1963
29429
59159
76387
58753
70933
4076
12180
2648
38627
5095
80622
83203
75199
15904
8312
38123
59142
17537
42133
33024
28644
45146
58266
56277
10704
3846
52361
88375
19416
32081
88776
21845
59717
42605
36477
8529
54060
27185
45954
65765
81217
24293
66347
92148
94938
36935
78148
22021
12764
94061
90730
41641
46220
8052
27903
9806
58973
6826
39408
85835
21341
27107
12782
19286
12254
89407
95099
69073
1861
10183
3555
35369
10229
90669
80809
29414
28695
18651
72796
30674
38514
64758
46609
48167
92750
61714
66946
49757
92793
11933
44110
63083
4870
27163
28217
68375
72883
27367
47225
24230
38257
69381
90478
14287
55376
60363
44883
560
46650
74547
5688
49761
56816
65560
56638
87593
52827
71915
7701
19589
15431
54025
46067
10560
32375
64395
19947
48448
46935
70515
20133
57687
41686
55974
22914
46690
68430
37345
30601
93292
33699
30988
42198
55388
66524
22225
84365
72585
9530
72095
29876
60928
27460
45790
86703
9727
14598
76982
38865
56746
72931
16692
65789
1314
25222
66361
90402
91049
88645
89321
63573
9947
9937
77314
75825
23319
44198
49234
26300
40891
64240
17930
59662
13402
21252
59486
2545
94957
74290
32033
94487
12522
83233
7455
79946
83400
86003
95602
68063
29011
72264
85086
54318
40234
20832
67685
13562
32582
10233
90973
9709
90209
64735
57466
32876
15765
39238
34413
6711
36603
22429
17039
73433
55243
28219
61290
9250
57677
8447
93941
59018
54031
8183
83751
56729
20592
83330
78111
875
73932
71951
63153
45272
18811
38195
52675
28546
72606
64475
47626
10147
18746
49316
82840
91254
19766
89950
56819
47667
75221
92440
54293
53620
45347
86704
74550
63593
48905
80314
56029
445
32593
6715
22735
82734
65059
20269
57881
72074
78976
47497
4301
20592
87108
11201
93086
23382
2593
36363
72226
53493
41399
84455
83049
13607
92189
59254
28878
14878
58034
20084
21829
36538
92901
34703
58893
81209
18465
32371
43802
15459
81035
7360
94045
67279
48322
52134
35208
3303
21257
81955
20144
77956
31487
9056
38007
57688
68827
24248
74499
51344
66799
31874
13033
74250
44724
23870
54985
34827
51379
38926
92620
199
83811
85597
86045
5456
12877
54158
14732
26051
60438
65151
39039
88304
22870
43448
55978
12904
86548
21959
16539
29667
18287
30397
18322
94021
38738
55558
27160
61621
4200
62615
11611
47686
20448
93949
76593
29947
27812
78779
4110
66169
51004
5027
58548
57700
89220
93649
30667
94519
22710
87873
25534
45959
75300
57281
18483
86736
62050
67662
48628
72495
85710
9525
65977
58098
79698
67638
80232
61685
81925
88882
73399
13589
15804
36155
47729
843
76144
66517
41830
9334
35354
84020
77469
19966
13678
86696
7618
49932
88984
2532
14571
42735
62645
53948
56346
60428
5689
72966
81244
58074
7281
41539
4443
50855
44839
85881
67769
39671
67296
67907
35721
23986
46079
5130
52973
27767
71904
75483
12752
43544
21119
28001
23385
37330
40968
21538
10169
32053
9455
64518
95994
84975
34176
30314
55301
29390
83022
11632
40864
86155
89244
77163
3825
47020
26347
67667
29199
3057
21062
40979
72694
64877
3546
43159
22263
80949
77014
27912
93133
40713
33975
13573
60237
74333
76782
54884
35850
47071
63439
46661
66841
47384
84613
15656
87374
8381
14261
10816
1642
80258
50133
39252
75867
61477
83389
31730
16601
18324
23817
4698
70032
10508
92704
54566
93709
51787
85020
7082
50726
42456
75131
47846
7370
5724
88378
3427
14814
810
46307
30682
84553
33235
40992
4010
79941
94698
63467
72868
1533
78536
68494
54882
71427
84712
70893
7957
6094
42789
61015
95381
11589
55054
85131
52054
58370
55222
4937
40668
12705
33
58729
52815
23811
70110
26510
91253
19471
53658
46861
24232
63644
82198
87629
64888
79728
3043
63256
37946
39471
93114
27393
15975
54915
87179
15147
24129
69537
90918
41691
60346
92812
22219
77598
14260
70594
69791
23463
80069
32443
64358
6640
44405
64540
30142
88439
14510
45079
40116
1013
59909
32430
65879
19633
35353
66332
58513
42164
29614
49052
60071
1311
35935
23442
44208
66334
32619
45684
35295
8842
77875
10683
91636
23673
11825
32692
7774
14586
92452
24758
66679
59333
43272
22061
88350
36139
16764
70747
70284
83759
93348
74467
48574
14250
83680
90986
54925
28926
29571
79423
63749
9132
35270
6625
48006
43898
57837
96085
24047
64239
86322
4372
95148
37870
79343
15137
29017
74386
48373
9578
90217
78217
65559
18009
42762
6674
62366
26545
64875
58527
22682
89702
69733
5388
86426
6074
53683
90456
53448
32208
76739
46060
45647
10066
93425
79527
35628
4875
94075
21773
10821
74764
75533
78436
51024
12376
41314
71834
26465
17695
22379
78585
11658
20208
514
32871
77973
7285
49830
71953
81303
34518
67371
15050
48768
30596
39943
76782
63447
10275
53591
807
78226
44797
95957
95102
68901
4074
86045
68149
26470
52380
34338
201
60842
24776
64882
26243
34093
47970
78003
14714
86229
22320
93853
71843
80529
33638
42008
77792
78889
37314
58512
21732
66700
65782
90632
94438
34123
12554
9909
12636
33848
5856
48083
29780
89619
24585
52154
26855
30323
90963
16485
42008
6001
10117
31943
8386
89189
40534
3429
70713
84579
94918
28507
85793
9676
37822
20029
68609
62316
94896
10356
69677
36350
6802
48800
14841
31871
93071
69515
43233
74698
51635
28952
21452
25428
48143
15834
90433
13544
95210
46038
65346
47070
38822
52515
30914
10708
74654
5903
59389
6328
17090
1035
58369
75669
17710
38230
21998
64947
63233
84618
11729
38062
86296
84360
24320
11891
1788
19007
58674
83781
79846
19428
74089
78554
57916
83408
48239
50209
82041
24487
17280
93608
81851
48692
13068
24247
64263
89293
47244
20664
89781
92989
89369
50873
65112
80862
79554
81340
57423
47165
41373
2890
81695
22529
249
11782
89231
69901
77566
75106
710
28711
88541
65173
51113
83199
17722
21680
8827
61875
91469
29198
66193
22007
61651
11953
21676
93801
20595
6887
57926
79301
43823
16779
60565
2322
95372
91902
66538
28936
14870
41381
37620
47800
59609
2025
6738
60375
21649
62107
32856
6698
32810
21308
36289
23485
78036
80729
37133
81700
12305
51082
94317
63188
38055
88397
48666
51643
79819
61679
83414
17329
38355
6795
76510
70042
64298
40782
69902
20024
24041
5508
38700
19159
84512
92033
22018
16599
54201
50556
50393
36794
48237
75024
41339
63537
92811
40761
57294
54811
86687
10318
7609
95624
26249
55232
6631
63923
60260
32985
25886
92198
37291
34696
59030
95283
11141
32773
44723
35778
63546
9343
24725
58366
18769
4902
78568
9864
91609
54709
89043
5818
91784
80210
79184
59879
18082
37262
77441
94422
10900
63460
54423
36477
50146
87394
3943
67123
36059
89103
55188
57592
54550
35723
12245
49295
30952
83200
6583
3610
64457
38809
39705
73896
40153
4980
34711
79653
51108
45080
4119
13567
84883
20639
66825
27798
88900
91584
29966
586
1233
96012
25156
35707
69370
70362
13717
95890
70602
94619
68788
3342
22791
11676
71031
84423
78887
44955
92809
59979
69084
39305
89697
94582
39268
91070
31050
77647
29455
30444
24410
40337
66125
3700
89407
26020
66848
12125
38676
89189
46986
28241
66703
20486
58912
64840
10945
81984
70125
42398
65477
14509
80969
45516
71773
19872
36708
35493
74401
82945
60352
16632
91044
66471
51417
13990
71536
21965
30145
46135
41376
43802
12576
35209
21314
21716
48175
31107
90340
84351
57409
46830
36000
35735
3936
3803
14356
13944
91785
64487
91830
26077
96066
33713
71066
94072
83187
69272
56312
34236
45981
37911
82935
11607
70976
95057
19011
95853
17277
52627
90548
58051
66985
59493
21551
81537
43524
90608
25779
24294
86884
12545
29186
68568
9581
9137
41508
42826
52108
52526
11489
51551
67527
95456
26717
34090
31117
50984
41659
32757
66611
88941
84475
5389
85079
29118
31935
59983
59270
2365
65572
52247
86513
10354
43580
67928
42560
65777
71866
18754
63720
3241
38252
81881
36441
42816
27433
64724
79628
44818
33281
90872
24523
89326
39694
60645
7675
147
20119
88660
88326
37412
50201
55010
15699
4119
61956
41448
38999
73280
34533
34156
8505
79592
76134
90883
53160
50924
65990
42130
37579
69332
3608
21727
27766
45646
37514
28312
36166
49531
85984
58274
65488
30359
57158
43854
56040
43266
22746
57587
7429
50377
81024
48488
90688
93561
869
48742
87504
1569
87778
33352
2632
394
3529
15043
21261
17924
38939
42230
81753
93734
35837
20886
34414
93673
4856
81233
40858
41503
66491
45336
73216
58124
32820
83864
20156
76144
48846
53899
46018
64974
20682
82818
36783
31804
32205
43681
6920
70499
73528
60132
42991
33062
93941
94068
15483
94366
9140
51333
15946
60609
47739
31227
18724
8723
18791
26268
17101
67571
15322
87347
58186
39387
44104
30712
32621
65148
55501
48419
38471
83613
78691
62465
38855
85829
39154
167
7943
1465
59509
9442
85661
71312
37199
95760
35448
29284
66417
63013
21087
66073
54763
21043
94743
40692
16152
40811
68134
91312
79259
48392
69976
78585
74200
40169
37107
91823
81260
46130
66235
95945
88497
82490
93503
1981
47967
34893
19757
26181
14950
82638
78052
89477
69928
93644
17883
73261
73537
30644
66852
86367
72265
20931
49893
41858
6773
592
85669
91099
10403
49087
11917
78932
54611
34716
15291
39412
9003
61388
38218
8799
7905
21259
49597
53333
48758
20440
22220
93520
71326
35317
27993
74099
8715
61333
25399
90570
58347
89466
8250
91593
65139
88655
83880
32864
54088
68939
37402
38838
51828
63222
30945
11174
52180
30181
31075
35293
26529
68056
78259
28891
26060
42712
82769
32513
75316
41430
4221
75831
25651
78586
19691
39300
55513
5956
62162
87332
4357
68429
18834
58884
20697
45326
40607
87446
19423
46946
48084
93236
82668
95027
23571
66360
49613
8755
36039
89915
67183
19804
3326
22465
95022
16071
48992
19960
74472
17011
7746
54707
10954
66670
29561
45796
82563
65699
94786
53892
62716
77300
81717
527
67294
35447
31825
10712
21472
2422
9861
10204
52393
86713
93084
84169
26455
46807
25007
1144
6469
81111
90387
80831
81284
43861
75463
12000
63941
61954
66966
5009
81566
6449
78197
22254
53525
73206
32633
2024
7932
86520
40193
44557
12330
60363
72733
95720
21970
5553
65911
81808
57719
54034
39183
18777
84304
80417
27398
64968
64392
42464
80708
27856
59233
24547
65065
72711
25864
63840
3477
19095
75636
32424
44341
14876
4779
37026
81085
12736
17709
20514
81973
11827
18810
74331
62179
56807
52855
1910
72661
5965
49583
76845
49984
62991
5298
53854
52063
90722
79631
24628
72045
79508
22000
728
27130
26146
2413
1784
54981
3235
81389
60241
95241
23646
91124
61995
46822
10158
71453
2963
87450
83010
67711
37796
68534
69485
4820
33627
29772
39094
58234
55207
79360
92790
49245
84925
6899
66968
21412
43246
39425
12785
27746
41474
14299
20888
16431
74361
51674
3967
85563
53920
86196
16876
7404
10062
27655
30968
23030
54064
79869
86599
51764
93100
66202
10631
76970
93828
79115
82263
53635
1750
13761
35206
54731
42389
28067
31709
93343
18187
10395
38963
3941
50069
77122
94795
754
56108
55070
39366
63667
69302
94392
890
2291
39115
80464
34430
26541
85332
56718
31756
68359
15192
50491
87462
7527
18716
16055
32976
27287
58623
60077
36425
45995
17271
82951
72096
34172
70296
30923
88747
65561
53809
79596
72474
93957
79377
31395
18533
76310
51588
24162
19167
73228
79561
13775
94843
42619
11930
32368
95581
18961
57528
62492
29912
45639
6736
14813
43907
9258
78538
28720
16551
73177
13000
38102
39969
56178
36974
57091
41108
46323
20544
18527
34099
11975
6129
91575
46373
23515
71197
50246
37247
6125
63885
53280
63687
68069
17817
15151
51321
829
79254
30747
1322
46622
66256
1823
20446
170
19666
64188
79291
75275
60437
40838
79939
80305
1003
1188
13604
7428
75660
1215
21376
8855
74459
84630
34463
45441
83794
27444
66827
74970
77584
81697
7706
49668
10662
35557
28699
87494
53635
22747
33468
1770
35653
16976
49768
43684
90724
34204
29170
17520
26104
51405
57218
33423
84649
25639
11083
62217
49599
20245
45529
30136
26885
5122
60538
2562
66424
86299
66914
77794
93852
45954
94808
58388
67552
78652
31663
45036
89239
85764
52795
19427
36876
84860
19267
31689
1278
81521
79565
35819
84529
16200
23065
77666
58952
52343
16864
47720
62660
93598
26771
55932
49222
34714
63812
63572
51950
94733
76888
67213
94982
90180
73020
28092
64581
95680
88456
2584
78967
70716
64024
12792
1076
93641
89326
49451
65194
18648
19001
54506
93127
88661
69852
47640
27929
8642
89541
92270
55566
85308
12970
54849
10185
43623
27149
34755
77158
41325
90537
71990
95601
1427
7395
52478
70871
48661
77133
36809
18653
51967
90386
51744
85185
46708
51842
67003
13150
29510
29192
76405
82197
57703
22416
72355
32579
86325
48904
14605
41773
87377
52099
68583
25680
71443
536
35601
17762
64994
9206
10835
63274
93194
83988
55924
82721
78743
40691
93463
10543
82081
69094
83155
73937
62320
27317
36523
1273
36245
56315
20753
93492
60837
36464
497
27044
13070
67486
39018
92525
64831
73279
38231
13303
77544
36650
9530
71505
15896
13427
73701
74944
26499
66949
64753
89774
445
72129
71229
66782
30024
35892
20462
67712
597
79053
9454
79574
81132
38444
6216
40358
90792
75020
82032
50302
32267
74904
2504
35715
32345
77608
77763
14746
45339
59812
7295
17547
86207
83889
78772
65309
40
60621
53497
27539
39906
37637
64917
89263
77614
81636
58192
88179
65033
29642
57779
83803
36011
9840
45307
45885
10689
51717
78131
42507
87354
8270
72072
50500
90917
93829
8207
23932
28297
60864
63929
52797
44516
69138
23447
20481
14443
11646
15711
28212
57152
44633
40540
59274
53085
13698
12590
92077
55647
34693
12973
39827
6721
65991
93415
69526
7649
39749
20681
42858
51387
65244
35023
86385
51468
75200
63228
23674
20827
47772
51241
17435
10312
39925
4935
45611
22276
73788
96046
70348
9118
86729
76957
11058
91325
72527
77296
58083
14440
7390
88660
44828
68558
56778
47112
11114
54639
74446
71066
74083
75260
56623
13860
93705
17288
11036
73619
81336
348
74201
695
55589
51734
24362
29143
4907
32766
2316
73664
80824
61128
37505
58451
55024
38733
69906
56780
6317
20331
38551
51835
40338
43097
89841
30616
35914
54217
77033
90033
22767
76461
51397
39990
74524
13562
39887
12551
85905
38875
67487
79974
35130
40412
19468
59345
64194
73203
80405
10497
28954
24005
12455
1194
88781
68209
65739
30338
17282
5667
81425
66909
55681
43806
64872
40610
82133
3875
12175
72314
91119
45122
13763
22067
50202
27228
74392
19153
57961
49681
62838
9657
48261
2430
81800
61430
15420
86509
9348
11530
24984
57115
46714
3435
6773
54630
54959
44776
58562
44008
36519
18490
11887
58578
54708
5035
80307
93873
79680
27128
82372
2008
85767
40749
80333
30677
51044
41484
21667
74361
43078
10448
88901
14308
13170
63793
36584
80120
54542
76632
18227
20540
28490
53319
69107
28933
55245
93825
1130
43621
21850
48654
83129
77103
69435
26526
60407
3378
10305
55122
46716
81095
81118
37757
23685
93082
62275
25505
57036
27784
64141
52253
37401
22704
16101
43246
2700
68130
53957
7241
733
12536
81197
76410
19203
32840
61779
27769
67467
22958
81116
15591
50567
1365
25140
88910
17831
77435
3868
4513
2281
88953
36489
9425
3385
3347
43408
90438
8082
48401
49897
28809
55540
91804
73205
2430
20316
93441
18321
79913
41485
51059
28283
55782
95690
39954
94894
126
95125
10205
12897
48686
14733
88362
46455
50954
1114
22544
10638
27977
23664
38391
85487
26490
84612
41002
47582
81872
39028
70215
70964
54528
88714
90270
70630
88204
49266
28037
43812
49790
34361
22311
52749
65984
36539
25277
31992
88317
27225
36614
75704
21556
60708
14110
36866
54492
489
3478
90627
33233
39293
20566
16932
87731
61038
72957
48610
69068
87167
48731
62077
75054
68753
66094
14648
44587
73705
2524
75434
75743
59538
50890
33834
58842
85720
3335
80386
7230
67486
53800
91901
55276
91512
10452
64893
73664
34777
35212
51629
30387
21938
2849
85511
96103
31507
71977
72442
93324
7820
90816
67218
89315
18536
67526
73544
84895
60625
58336
31395
51354
76468
62698
79468
89599
93121
5866
55261
42055
21994
61719
91508
8223
33741
30004
4322
91364
58717
48274
23758
86024
55730
3129
84902
16158
9824
24356
83710
72380
79482
17556
35808
85887
27392
90462
442
94759
7765
8766
15798
56886
81199
64637
53690
79813
57886
90630
26360
65476
94907
8016
76534
40431
24387
64418
68861
52501
15846
67837
70657
38710
69010
73357
56784
73997
26456
81824
2285
77523
56615
6553
80623
45587
33361
13339
73073
94519
77765
27408
53565
28609
89289
80875
9610
34749
69622
77229
82977
71139
20553
63218
92549
36104
38384
75116
59162
49839
65638
22450
6441
28425
93029
39153
18195
39445
39839
86129
74338
37406
34669
42169
5445
93303
36209
29049
31030
91814
83042
38047
12776
36685
46350
10069
12331
17615
69978
37380
26416
43115
2133
36852
54200
76891
4161
72294
28148
39294
66593
89279
85232
68554
7587
32105
78095
13975
12467
4333
12727
38922
69077
21813
53422
16177
74642
4466
70574
56262
64954
62823
88390
63426
86378
61317
41765
62286
11616
45298
14322
46675
22951
4105
5287
18984
45642
86271
56471
32432
58573
11516
90280
22516
27424
48186
43222
81456
17695
13428
78609
92615
88136
51929
56845
8160
2825
18198
41161
17227
51340
82548
22542
65316
69629
8864
13042
3443
85227
54580
45315
91286
26006
62483
94477
43334
83581
80616
79639
20118
23825
56779
12853
68100
58529
79260
57903
20553
25918
7794
53174
77466
50260
10016
7747
5216
17712
20473
60998
57539
9482
64160
51168
2514
63182
24589
66467
75075
7557
31865
71179
14176
14664
50169
70580
48153
68348
93043
48439
51552
53290
606
64
39550
49801
42339
58523
38773
28289
21797
80048
92731
45444
64308
31207
38596
43935
29679
54053
66976
16212
95344
79843
24675
4245
2354
27011
17214
73054
75785
13639
70531
81742
12466
26582
93232
65257
25790
22829
82601
64595
28828
72723
353
43657
19923
1587
88206
67006
22004
56624
19375
28041
62892
81105
26718
69778
23209
68858
13934
22014
94204
86375
75562
76910
70693
17124
8600
92419
26423
21648
54781
66052
14469
46389
38195
95162
44309
44706
38878
77846
78197
69352
82157
13958
32266
84987
44200
53383
42306
44220
35986
94742
27565
81125
23815
63661
21042
82532
22029
22320
16801
86466
67076
56957
74382
92410
39169
43953
43208
48652
18191
15217
17311
38558
48234
25295
4964
78467
93375
43905
6555
53216
49678
39423
12465
13107
71284
9267
13900
15301
61482
87000
81876
46294
86865
74909
34522
64835
79754
13000
26611
88661
36068
84502
84665
94072
74758
29131
94674
1859
57530
79475
86978
27858
19744
26052
71620
37425
41386
24126
21930
47507
9
22946
76749
50347
90495
7779
17315
40967
78585
52455
87030
57666
45515
28055
30681
40981
29207
66706
44787
48854
65432
88996
33043
66347
88362
27391
6508
6846
77715
31516
92808
2405
83459
82156
80179
8904
51512
70051
26786
53804
22158
66519
44257
21790
37756
88588
58008
42812
20659
2937
46200
81739
91739
88648
24826
27281
48279
24206
67108
48993
78554
54632
48660
71716
83159
33361
10994
51806
88451
78647
31815
20576
61599
87534
22622
16750
89998
68918
5552
63066
6160
82043
48422
83335
36889
47365
58947
33236
14580
50069
62883
24991
53343
23885
29318
68968
88799
27937
6046
46862
38129
46151
34745
95633
35604
17103
7401
28898
40361
27588
17041
53174
48368
82697
82818
37033
94642
70280
91211
63928
42754
77154
9031
42275
35906
63045
72626
22326
56023
80043
31466
78162
64721
81016
11292
83027
76782
33954
89300
41068
47871
75599
68895
59730
51397
32127
26227
29209
22693
50709
59671
30659
15926
43059
37872
12577
85937
21829
14504
74357
4232
32082
75182
75336
29981
77237
78425
76490
54865
95578
47362
13901
83030
69799
38484
75836
55516
71664
3976
59439
37309
12169
25539
32477
94478
65960
59176
83471
67897
82782
18487
53519
38799
23403
43345
29477
36838
76377
41398
90175
20113
47672
38229
92149
41067
93101
88558
79599
77689
77877
13676
41890
32721
30445
34140
85953
86680
55302
60575
57777
37392
8942
80583
68823
54939
22962
10091
691
55412
24350
50803
477
12241
61841
55412
37243
64428
82439
46353
51055
65636
14683
7361
94669
63616
85808
13029
45586
28554
78023
13639
39234
53526
47014
52271
6116
79697
20622
94666
77446
92824
4639
38750
63297
17277
57394
88069
33098
32316
44214
38475
35755
15016
81611
66571
22330
40213
1486
37153
4245
45927
11236
29552
76053
88773
55232
37725
48405
9770
48066
42458
76018
90740
3615
78956
69295
40411
62980
41389
77938
52497
69917
95482
13088
87098
68868
54780
62050
34804
63355
25818
56092
27449
53583
9527
25534
56548
44450
80512
56247
86022
15993
87325
17337
92096
61264
25142
13606
87666
27880
66809
12568
1236
10373
74401
53366
36199
28614
69670
58772
91504
39522
73140
50248
8318
42905
2307
47222
37323
50023
15098
73876
33061
88812
86223
82088
62319
50530
74425
3443
71996
79627
7072
16218
21226
94180
17704
69059
48619
48062
26286
64518
86463
52212
23436
93913
25108
76068
25153
84473
1205
21608
15846
692
28559
83607
71964
58500
87833
90972
2861
39262
66359
56969
6318
90035
20086
52827
93513
59095
62711
44724
61345
88148
62125
29408
3734
88657
5792
95960
58899
74493
71546
21209
47487
22684
24077
25481
54909
89505
55478
2721
68050
43446
85992
38994
22672
64972
17243
30403
93472
6926
67788
827
11074
95743
87103
175
87120
61474
89598
33797
53074
31197
80118
90245
14418
87915
30576
48692
14207
68402
21338
84314
5723
87354
95327
16947
90929
90171
64898
90793
12442
82694
42789
29845
34848
9636
50967
39484
5120
77069
44978
17417
76271
68291
32675
78194
84179
43170
86304
7185
13216
39103
19813
30022
27272
33344
17958
81933
25248
28405
46551
37260
95044
39802
5091
27872
2789
93515
21286
2187
50501
73398
54954
42138
88514
6949
54207
37948
9583
22705
15570
84623
35505
21429
19255
18057
26208
72393
46335
54122
34039
85888
29140
18937
23285
47119
39226
78302
35543
78615
55157
80093
62844
12709
75699
68270
66697
85838
3657
38361
76838
90257
85571
152
11587
61828
12290
6068
88546
83212
25949
81679
71420
14380
15586
53231
88681
43144
162
42343
32497
21722
52046
43560
76262
76865
50166
89810
28808
59678
15551
72074
90739
63465
74202
61688
71131
14936
50533
23359
63109
17775
89987
65794
45914
83888
67101
85587
63209
92751
36379
48506
5089
58940
54336
56343
64714
81332
3905
22696
57927
31131
17547
58353
65319
25647
90466
32410
95262
70069
57550
680
4156
62392
68491
61831
93293
36175
43264
2238
16269
54310
53371
57381
5837
10693
1390
65784
55616
37780
46794
66034
2037
86057
31882
13587
39320
31085
31245
31269
74659
49704
88248
83844
78644
82014
89969
70382
83653
10559
720
88751
40205
37521
31490
54400
73308
44072
52879
52701
47610
56974
10484
61724
69937
87280
75604
78791
218
1907
41315
43139
91816
74186
29881
12267
60114
65891
33812
22355
57984
52314
51812
90140
45854
15435
14320
90717
3404
26152
25808
46434
76270
14530
33376
82753
72539
78176
16666
76858
10718
8503
49896
24902
56621
68716
86408
1468
58741
26023
24504
12016
52657
85111
60910
48555
37950
10605
75690
24282
46446
10424
54179
38849
84105
85492
86351
92222
29823
33012
51764
46284
57546
8708
74250
6645
71012
66678
16490
90759
93703
47382
43753
17367
20578
54615
36974
47751
30161
60492
12515
44604
92905
51888
91878
74389
64546
55012
26930
84345
75907
20582
87274
13803
27039
83553
36992
44566
70273
43799
84574
9453
25882
63817
45351
45984
49109
23383
71640
90318
85084
77506
62147
82077
12013
62138
5481
68463
2708
95207
1561
83319
63912
5311
15066
29330
59232
92745
49776
24600
1834
79974
18770
5201
2957
25098
69313
361
93753
79909
20051
41559
18849
38321
19042
20167
12553
68562
90945
7068
43848
59522
86712
90221
25490
14802
22336
28069
20203
81356
74414
71428
32431
82269
52976
1425
88004
18120
39299
17745
4923
83491
10269
37047
16391
42895
13634
72606
6083
51105
92161
62106
7491
51383
87913
5634
71206
80823
7659
36326
32506
20060
78831
95941
57737
62737
87062
12536
29750
77457
54815
47938
42853
22915
74697
92233
84075
35518
91568
88321
21737
19022
48272
72049
13385
48381
79735
7904
37390
62839
48947
80582
67486
35744
47715
4025
41292
29364
2344
93892
40564
713
7680
40280
22525
57788
88481
18658
1236
18576
85524
32208
83294
27923
15316
91456
34836
62600
81946
78028
6285
17152
53927
83656
91606
86575
31895
43379
71334
27154
53685
33873
86887
86977
36391
41020
20892
45571
25005
93288
29118
79010
9112
42105
77283
32033
63402
58402
78962
55779
69443
31380
19024
71382
88093
59393
32797
51278
25529
7827
15431
43237
50142
56338
82845
66242
83601
8575
76918
72537
14172
29913
82367
29309
16260
46853
84768
29435
92725
42439
30408
22823
25866
89609
94228
40204
64462
7014
90370
40510
27348
17750
41403
3447
82096
70984
49861
26617
64408
10176
37047
39354
70355
10446
42564
13128
47353
62404
86964
68409
86725
4757
51419
1738
3873
12905
66928
7537
35643
13213
39661
88312
66729
81663
29431
28401
4968
66684
38495
10409
15471
53060
72155
11543
95408
17189
68655
4845
34007
57751
17780
65473
117
61372
28067
88554
75025
18069
85248
78420
27538
87948
87343
36010
89980
2338
87536
75720
9348
390
61812
58999
80691
72570
66144
69315
34441
91696
3917
16342
93949
10227
7729
27128
88420
19095
37698
69473
47776
63343
79660
56156
65780
61417
60083
8538
70173
45215
13562
60642
35905
43774
67238
70293
51180
78484
59170
72765
31567
82754
63157
42327
57459
90914
54616
41225
33387
23664
1875
44015
2682
58007
47452
88584
56424
29230
82495
8005
31494
25465
46930
49576
32747
93423
12610
93734
47909
82504
26168
28448
78110
21371
68984
73743
73967
48463
71697
63528
38185
21110
95602
58103
80193
985
42585
21505
38746
40695
82447
13853
34689
56413
27780
78733
21554
11335
10970
63689
56862
21495
30767
3533
59246
31757
62162
87587
16421
27290
3663
68679
28895
24099
62459
18159
28047
19856
53518
92113
77721
19870
55341
67359
63899
76672
44738
26399
41058
70136
82891
82461
20414
9749
70496
44669
52907
49705
56429
26926
89000
61205
83281
55068
28691
3654
67461
63884
82567
70194
77411
16810
23512
53060
40040
30673
28542
50894
74805
90042
22142
33545
27593
51710
51271
51514
22528
10061
23886
55209
51758
42355
28430
35209
70570
83159
19128
24860
73514
37624
33249
42045
89392
62168
87256
26899
41290
83805
67684
7540
50407
21857
42270
44109
52709
17875
13321
30258
84647
85665
93697
22067
46713
71522
52342
13968
58237
40564
88966
60613
68837
66393
45092
52678
63647
81473
9262
74036
92249
91403
26085
64613
94388
82039
46009
76448
85204
88508
58907
13624
28888
25808
64106
68460
84917
90800
31982
93401
84570
77936
42226
40017
95025
86140
53268
72776
94542
29208
50320
77848
48765
837
16343
79214
46923
65719
62740
32206
2641
8510
89961
43537
61611
75487
5943
58002
55474
9583
36493
77194
5652
55399
29541
50983
11250
33032
64213
38914
80815
85510
22104
39441
60746
3062
62108
3626
41418
11044
84680
1287
78330
77777
89297
39893
45704
37413
76642
21142
20640
59442
14409
9198
37398
46411
73692
82287
59101
68541
84064
2953
47016
55050
86690
52274
65416
14690
78484
45489
84836
2214
89290
87392
24865
63192
42297
92420
67073
50673
20871
17640
54147
85676
19210
12219
2891
60180
42752
46327
75606
19587
26850
72137
76456
82034
17187
36641
29601
33856
49267
38673
89870
69111
14758
87778
92639
88033
74054
48429
73899
21970
22489
37422
90657
62521
88512
30258
42118
46232
61449
10894
4294
89859
60593
28169
38294
91422
51080
50322
37986
8369
5239
17818
15493
60623
41311
90047
67119
66561
91856
85499
92584
44821
62448
36191
25287
89270
56307
22191
68858
138
23897
90411
87519
36453
27257
20095
55226
27922
2197
52546
83268
39585
47689
66580
85962
76524
75406
67085
83242
30288
25844
59374
38211
58960
58403
68606
5336
29059
34426
16305
74395
2309
86900
685
2948
35851
32470
45239
58489
14803
45728
26931
84943
53413
3004
7524
38120
72345
54347
25717
86547
41034
61808
8921
8727
83983
37978
63885
65686
30519
24498
90240
7490
85130
60131
44627
34782
42935
1701
54817
63819
82279
68451
32540
8701
35924
25576
95741
41241
11494
79513
75898
85777
51526
63705
28152
39631
95456
11648
52785
27659
30175
53150
88294
21721
15551
73391
19675
66377
68292
1761
76435
54682
34013
35547
65376
44646
8553
37370
83679
30950
28449
45769
79270
24318
89053
85402
71534
25534
68688
7797
31622
76451
77998
17919
53063
95042
36845
63083
32256
44216
86151
32870
80547
54149
47287
90447
45500
63244
16593
14
73816
63213
10991
89400
1949
83848
25654
46893
28299
92950
56704
81900
41136
71097
30243
73836
35517
27597
80505
89789
45264
44657
29790
51221
83012
26393
22006
40051
63490
67429
28983
40910
43693
33331
67091
35422
1622
76684
92659
5810
42147
45078
19321
70334
