10000 3 28
30 581743530
29 134510156
30 547540962
32 413795373
30 164027730
31 587216195
29 221402546
29 362802965
32 673858556
29 284318279
32 547923960
30 563531156
31 294178689
32 568498860
29 940100239
29 804057018
29 838495520
31 344017106
29 206376649
29 744707286
29 666684035
32 416064530
30 532437023
32 910690028
29 242990383
29 970562047
29 799238145
31 88229220
29 441601816
30 272484170
29 303070314
29 359266942
32 755508269
29 671714595
29 892852812
29 623960493
31 929316904
32 776682758
32 519970548
31 143979906
29 681643244
32 364822881
30 221263179
32 953052133
32 734895849
29 755857192
29 981851069
32 442041214
29 212530793
30 124498910
31 234217551
31 724782913
29 476975520
29 222968643
29 519063841
29 112941051
30 968895580
30 6118494
32 291876091
32 412388534
30 322274816
29 116232907
32 126461226
29 857432884
31 619028708
29 991651864
29 747849311
31 702632424
31 708623574
30 484564751
29 419925403
29 438360706
32 453156251
31 472917054
29 417984053
30 821466605
30 49464810
29 825180098
29 649501149
29 42823093
31 672906561
31 959162070
32 949524244
29 595347680
29 453997303
32 49451516
29 740837162
29 429254120
29 655078135
32 766389542
29 192951879
29 375513657
29 579189874
29 600595744
31 744204121
29 136547230
29 215119734
29 619120645
31 526123146
30 572711282
29 782824211
29 390898280
29 242707407
29 335344154
29 396909325
31 165001191
29 69006651
29 268093102
29 927281025
29 440945898
29 427054247
29 659148485
32 211804509
29 395584819
29 479425411
29 10656683
29 341586797
29 574514991
29 394220185
29 947538313
29 550249315
29 859940868
30 279570120
31 600905861
31 1768320
29 566288152
29 498770733
31 195888364
29 671065475
29 142489367
31 359046537
32 262046946
32 301881471
29 39221546
29 252922855
32 68537940
30 829680142
32 698387126
29 824825657
30 803003377
31 838655673
29 41789276
29 650342522
32 28762472
32 409665506
31 449472290
30 436061317
29 221064236
29 316485705
29 734725825
29 186146047
31 328766649
29 203618791
31 476434643
29 588721533
32 616887382
29 261715434
29 950797732
32 896585358
31 942686506
29 812138048
29 775426222
29 632704514
29 38896991
30 727876684
29 397102938
29 548827238
29 92464516
30 518856158
32 183515142
29 849700474
30 48571652
30 177447523
30 689961643
31 795048618
29 833775828
29 225360744
30 394696328
29 786780158
32 958538302
29 99689384
32 275936890
31 25542646
30 352430029
30 58341904
30 243761327
29 313316463
29 440488923
30 58500363
29 601768831
32 290052560
29 128901510
31 455662772
29 886711326
31 50181370
30 831579669
31 902133642
31 333098263
30 611429499
32 559239568
32 989605106
31 750255729
31 529183939
29 965344788
29 679489022
29 12238098
30 329057371
29 37349989
32 342094020
31 18588581
29 985484958
32 556434840
29 535574053
31 710882152
29 239686851
32 10487323
32 433615811
32 146291082
29 587426801
29 310145120
31 237522341
29 550121221
30 430119471
31 917475144
31 301464091
29 276738546
29 355593509
32 157043915
29 732518944
29 472450798
32 671567826
29 525922193
29 809094484
29 476207271
29 948995392
31 671081029
29 509286076
29 165239169
31 874719647
32 477420667
32 256970399
29 223858112
30 555406446
30 539049249
31 502204441
29 948016961
30 380007907
29 184604514
29 773648201
29 64122839
29 622036556
29 41751924
29 640362218
30 263889433
31 470784191
31 704191435
29 616448970
32 982746721
30 342076761
29 848879292
30 893400383
29 211710636
30 908364685
32 339885555
30 192742248
31 989270514
29 193176891
29 496643343
32 844834689
29 269089521
30 481661900
31 823564756
29 749968263
31 352203106
29 315911784
30 723997418
29 788374148
32 509790864
31 944226583
32 692796696
29 550991763
32 904227883
29 138315900
29 134391561
29 511738682
29 68352528
31 26080656
29 518458387
29 986396905
32 576004551
29 814453325
29 556065592
29 921603385
29 178730973
31 904056209
32 753475652
31 789520354
30 930779798
29 55355074
29 444957030
29 317119167
32 125135330
31 578481969
29 750206029
29 517623543
31 165141908
29 312340426
32 280671634
30 251034743
29 696363150
29 800055987
32 169471928
29 927703722
30 234211880
31 557670460
31 122393328
29 685561279
29 275038203
31 523150453
31 112726807
30 408860961
31 322613201
32 685957139
29 744537755
29 261363561
31 559917787
31 574513997
29 56997148
29 34829123
30 932677249
32 564181399
29 840166283
29 198924837
29 245576680
29 347584954
29 157028075
29 494363628
31 931268942
29 178725208
30 684394735
32 905898153
29 63342335
29 934658086
29 357509516
30 797912360
29 502814894
29 347775678
29 179383998
29 384672445
29 337087492
31 163790262
32 143150385
30 231338964
29 308253138
30 763965707
29 681602003
32 474458277
29 377484653
29 336678643
32 194290520
32 94921012
31 113858381
29 415791080
29 704628754
29 611694936
29 740528080
32 142583751
29 424531074
30 488897470
29 383690415
31 125545875
32 799585453
29 785682644
32 801705762
32 451139055
29 561936836
30 204614192
32 311902509
32 549009958
29 820500270
32 714350559
29 402950089
29 90925315
30 933877233
29 505837201
29 992277221
29 855693679
29 122660751
29 284138962
32 580785007
29 542116723
32 817733675
29 245763064
29 465497365
32 219990879
29 321757440
29 538119234
31 10983204
29 851586357
29 760146616
29 16503488
30 501410769
29 334095267
29 816923642
29 490349574
32 275831316
32 960994880
32 621961976
29 760983126
29 164927169
32 498994355
31 274167861
30 852945278
32 913595055
31 529489430
31 939773971
29 302158420
29 494209175
30 102424468
30 702646459
31 703130852
30 459096086
29 618815446
30 482232058
29 491935354
29 246790017
29 478989922
29 554601743
30 774612592
29 701047085
29 48338969
29 370323914
31 688062825
29 373228063
29 633391316
29 931035979
29 516543945
31 340555992
32 450854995
29 491014532
31 705910373
31 881814884
29 87829106
29 363522473
29 305460959
32 696079849
31 78902142
30 495661909
32 173063652
29 185985202
29 527890769
30 856688519
30 183602010
30 61168902
32 616035466
29 566129725
31 296106754
30 572343638
31 781312278
32 318319043
31 904802906
29 379504900
29 537593495
30 764193824
32 265357632
29 571590791
31 776553762
32 260769587
31 551637015
29 333480501
29 752353008
29 954927035
29 543801843
32 646011489
32 703462856
29 7196865
30 882967891
29 736929813
30 140915568
32 215211330
30 955249996
30 240987289
31 303778857
32 453230366
29 134699385
32 42239471
29 120127746
32 823060941
31 102265841
30 227374912
32 780529127
31 211249860
29 94579232
30 982100508
30 851657968
29 845542424
32 576170654
30 342118225
29 130362786
32 167914665
29 303824128
29 834818853
29 468187914
29 833474336
29 501425855
30 487887509
29 81620246
31 676632099
29 201554479
29 142665248
29 794258426
29 757164304
30 598746886
29 643528839
30 36926785
29 796638203
29 506192841
29 739358497
30 538229670
31 551165493
30 350426521
29 131528276
29 774451789
29 211934779
31 368750560
31 792660047
29 536321055
31 847464848
29 967391536
31 167270095
30 694168094
31 216608261
31 105652219
29 779254316
29 607178296
29 414424628
29 389987355
29 33790356
29 773322081
29 994190100
31 198451848
30 608654714
29 402522331
31 124778184
29 244666541
32 796603443
29 670837400
29 393143202
29 685778181
29 691105974
29 75583805
29 755141480
29 348189379
32 933266791
31 568243814
32 264503149
29 794641486
30 277060401
32 864111876
29 699979355
29 808478443
31 703326295
29 737982350
31 131566198
29 21686455
29 8617970
29 140138831
29 857582610
29 103870220
31 871048196
32 173653072
29 172270024
30 942512850
29 801212262
29 393097681
31 488770672
31 434825813
32 923734874
29 567124613
29 335914147
29 872183122
29 229520020
30 397727659
32 548144547
32 225363430
29 799562777
29 103375902
32 541811931
29 820504004
30 213619274
32 997830512
30 351818474
29 876809689
29 433632956
29 604390977
30 498308274
29 964322921
29 409282659
30 333463915
32 921746176
31 447192916
29 775145597
32 883410197
31 105390651
31 707425738
29 165939024
29 65614433
29 358095035
29 319017846
29 697925422
32 588188791
30 759269744
31 83334441
29 405805625
30 865126240
30 949259453
31 183814395
29 159882039
29 241822980
29 857485860
32 122475743
29 812964255
29 575276931
30 566167383
30 643060348
31 274449449
29 397817176
32 880145255
31 341150164
32 956255727
29 230167444
29 600228462
29 564742614
29 765989949
29 512239337
31 727616759
29 736743075
31 16974392
32 134190292
30 475192497
30 622107257
29 316671844
31 989610422
30 561246374
29 398607855
29 393942768
29 508519547
32 973478608
31 302966642
29 842975548
31 479449754
29 890634409
32 992272158
32 247098599
29 722247250
29 775994113
32 337968472
29 951402162
31 418589813
32 502789868
31 842763911
29 171027004
31 379219069
30 563537881
29 114417634
29 552476360
29 259047853
29 484030709
29 168360601
29 529589623
29 715343634
32 665916070
32 661876904
30 138601866
29 652172134
32 578948024
32 291393606
29 849462944
29 671646295
29 309982658
30 902071074
29 703277261
30 400919886
29 206589086
30 127011853
29 230169470
29 689385722
30 995467736
32 107195524
29 252483688
29 916682276
31 839171553
29 684906066
31 925233527
29 200809715
29 546574595
31 735495026
29 500583181
29 436256128
29 228972020
32 37946620
32 22983960
31 713217714
29 509707803
31 638775363
32 128415788
31 443919211
29 479040729
30 565287472
32 937616747
31 27268886
29 714782165
29 815450556
29 428829868
29 67814660
29 116271984
30 368748286
30 289472674
32 995841419
31 503391324
29 977059558
30 589891450
29 736860466
29 224878130
29 915823007
29 348638472
30 897457931
30 754456145
30 101461180
32 755671208
29 77525930
29 558015512
29 994715185
29 454056114
29 200284521
32 164926625
29 53940955
29 932759367
31 41105514
31 10868465
29 618341147
32 928424197
29 806458313
29 521816776
32 706021055
31 764867641
29 665184888
29 90917762
30 346252904
30 920384023
29 729522759
29 517820028
30 928579118
32 21617753
30 304973113
31 78630507
29 977604055
29 425582194
29 768928373
30 988900801
32 865456419
30 911839812
29 978702546
29 421992609
32 570304453
32 412316212
32 198676660
31 266231098
29 631464881
30 700091363
30 532001253
29 371843802
31 891327545
30 740841221
31 148011912
32 553951608
29 19300503
30 436467550
29 681042759
31 365600595
29 274503937
31 745397370
29 78032160
29 926931418
30 301132147
32 988698276
29 150299829
29 536176569
32 420206070
29 278740374
31 892756310
32 333721955
29 127605881
29 96095267
31 935380277
29 460620313
29 432225350
31 173516754
29 841396601
32 56103478
29 400239857
29 95650165
32 212456109
29 764220858
31 395361910
29 172281766
29 864554044
32 838775134
32 286381726
29 678732028
29 586393777
30 644369239
32 910753552
32 702186688
29 167944330
31 623987173
30 785474675
30 621005627
29 687608471
29 139299962
29 244565856
29 57313256
29 285685625
29 379561886
29 55949173
29 17064014
29 529003311
31 657978439
29 59004234
29 657566017
29 210932856
29 785368589
29 589026102
29 407256925
31 154364140
32 971236192
32 781211297
29 427546197
29 24597269
32 576427759
29 327252549
31 461250858
29 374592567
29 752584007
29 404033451
29 210227764
29 156032654
29 985689896
30 387953924
29 217582699
30 542889722
29 559614822
31 362292524
29 688189906
29 608441160
30 113044500
31 817172119
31 564594309
29 263437883
29 603919951
29 324207206
30 104734418
32 274517065
29 186623672
29 283913220
30 996620975
29 742298175
29 915273103
29 668432924
29 259058249
31 512666406
31 269725405
32 125695222
30 822897301
29 236768502
29 632944499
32 833323522
31 32836478
32 10173909
29 415396342
29 523168396
29 706003564
29 844730866
29 241026554
32 768410004
29 484068721
30 76294300
30 776389890
29 185514629
31 281210492
29 475723838
30 830212824
31 350710278
29 114981471
29 183635064
30 670878352
29 432303638
30 236441820
31 633666340
30 209449891
29 417499788
29 33980310
29 538303915
29 166464406
30 24867934
29 488583129
31 771420203
31 115087421
29 996185184
30 643123322
31 538005139
29 657534098
29 496241293
29 312106385
29 276891847
29 651849506
29 632443260
29 516725164
29 466274134
32 121468438
29 388837672
29 541087763
29 431820700
29 93590681
32 906575258
30 177376958
30 756844617
29 653580733
32 25439162
29 989198316
31 558060288
31 564185275
32 870084634
30 27059001
29 8809594
30 213911804
30 145002630
31 612320638
29 354171330
30 915761845
29 417088326
30 660795860
32 85630593
29 526018725
29 105029165
32 515332169
29 723124865
31 42602476
30 222712359
29 696651137
29 926447223
32 689087212
29 393086131
31 819407929
29 933554435
29 543247104
31 186632854
29 663676469
29 2765284
29 11631721
29 947410310
29 744979694
32 374314667
29 683839481
29 492683294
30 403067175
29 337837241
29 389782034
29 560473966
31 583827288
29 537090833
32 948611629
30 907319411
29 224243449
29 9988188
29 277995147
29 77292575
29 973053029
32 785688628
30 541060118
30 506561329
30 15943664
31 559648898
29 574246967
29 680401743
29 883437725
29 274700999
29 317681402
29 278118831
31 519986107
31 794105651
31 139912201
29 118871295
29 283491386
29 314121442
32 666682084
29 292726681
30 774500835
30 87641381
29 117229370
29 104755816
31 124801992
29 165442554
29 862027684
29 508567928
31 97653738
29 567446404
30 664777795
30 51396588
29 578802599
29 459420025
29 53483938
29 923152734
29 493117669
30 361354090
29 25351873
32 95740452
29 888571784
30 47211881
32 199247865
31 559513544
31 751838249
32 534812372
29 666074207
29 374611039
32 664002466
31 156331928
30 674539314
30 505188551
31 591609127
29 64260347
29 67708790
29 131834085
31 340782522
29 997036445
30 442313842
29 279430806
32 364924173
32 551174849
32 902160684
29 18995805
29 778077748
30 667140474
29 748371848
29 202770059
31 706686297
29 315695420
29 427449058
29 403386307
30 6880434
29 442378756
31 803681930
32 637784812
29 321517507
32 516864011
29 845489704
29 493310628
29 358647302
32 105335521
31 729329975
29 118565681
29 537023200
29 657565254
32 612075715
30 695178526
29 635196606
32 362152838
29 325440614
31 392757470
30 627236644
30 193936837
31 254251030
29 842703469
30 883863603
29 559862543
30 67686782
29 871484114
30 176721096
29 925067355
32 714186645
29 205312082
31 904480342
29 648819125
29 115695292
29 518461974
29 288587842
29 382817592
29 652900567
30 488996635
31 687622754
29 519014737
32 746926263
29 777846669
30 524083024
32 979719097
29 547630105
31 232871597
31 442248034
29 94672330
31 985960195
29 816785373
30 286861642
29 840649847
30 35032280
29 205701536
31 586799331
30 320424099
29 599599809
29 866059652
30 341569863
29 154531685
31 437844008
29 582005889
31 88722514
29 997616218
29 926432866
32 681692188
30 344557659
29 429992498
29 448993174
30 153027220
30 233753792
29 769214046
29 266055443
29 465752335
31 615035192
29 967372503
30 244787433
29 329429036
29 257631322
29 5186533
29 112687118
30 449321139
32 676108398
29 176259755
29 367205494
29 986431729
32 658448920
30 282454624
29 814794530
32 32329999
31 745395759
31 1946193
30 439650706
32 478674814
29 89255762
31 751501914
31 462402362
31 941531475
32 965433921
32 691594712
29 262499485
30 455235041
29 689894303
30 540402865
31 261703375
31 900928582
30 169464259
32 287347486
32 380723434
30 432670158
31 254386425
31 678172315
29 20422555
29 988468616
30 23911926
31 530884705
29 677451092
32 821906617
29 981571067
31 617228270
29 441964585
30 236215866
29 459503301
29 714772406
29 686131241
31 154359273
30 220324222
29 846893040
29 224582730
30 511272572
29 894642923
29 546634700
30 625025936
30 838298655
29 466308677
29 510189681
29 509137247
29 81691610
29 360913919
29 89927570
32 427158648
29 263259621
29 328935388
31 4713338
29 894098043
30 357574873
29 591134991
29 261064963
32 268173801
31 979779119
30 480854997
29 419048366
29 895012099
29 517300103
32 693573793
30 106032334
32 137271658
29 198529768
29 931828409
31 878445788
30 819543618
31 327648282
31 799693557
32 310959380
30 114015788
30 262221321
31 323120817
29 553514769
29 828582652
29 932908291
32 315585573
32 352900011
30 999911922
31 297361887
29 268035600
29 391469052
31 674220646
32 166910705
29 277475963
29 515746743
32 28723808
30 947569560
30 842795170
29 159385903
32 74144770
30 345860186
31 988721502
31 83094142
30 796927663
30 675245746
29 610241257
31 379435316
29 288600988
29 246453046
29 483305045
29 324305087
32 259866402
30 984852553
30 259311621
31 357408453
29 540718939
32 366002464
30 14609243
32 473569094
29 303790495
29 987149783
29 304317431
29 803667843
31 601243433
29 394278509
32 352355739
29 965840497
29 814679100
31 94998114
29 604657220
30 444568064
29 482824058
29 218944121
29 871769561
30 651608768
29 602354594
31 98921284
29 236173325
29 408607655
29 593053255
31 955469549
30 139688412
30 305406250
30 763990281
30 947400121
31 650563209
31 564991052
29 774821225
29 677561100
32 806610544
30 582009587
31 526669599
29 896515931
31 188038006
29 468379180
29 518714572
29 685690639
29 658101473
32 648686434
32 856732102
29 449785819
31 981332501
29 42465388
32 30004850
29 676209028
29 537891658
29 383966050
31 663058915
30 381634360
29 88597151
31 725778695
31 104685488
29 997833516
30 806016988
31 298776400
29 574822680
31 885430645
29 729659881
29 558047075
32 391093505
29 955028113
29 254755672
32 478559183
31 975524266
31 840304673
32 506476377
29 749085127
29 927947390
29 514506497
30 814128551
29 19586180
30 431721599
29 845278243
30 723786844
32 838644403
30 779602297
29 850212498
29 548931300
29 650143941
29 778871001
32 45751685
29 212583637
29 313193617
30 949334015
29 533664423
30 506702985
31 901558581
31 672348993
29 751755579
30 511907795
29 705227692
30 28721780
29 355580220
30 234586661
29 484949239
32 177185787
29 714904089
29 572720863
29 801603445
29 579514911
29 339302231
29 776405364
29 181698250
32 73003111
29 305838819
29 130772976
30 350787275
29 781681995
29 71681924
29 468936904
30 500830212
29 816892502
29 867183758
29 973203069
29 963700361
29 948384570
31 450865538
29 910999589
29 913051349
32 199035034
29 349232179
29 728246169
31 795904966
31 649814485
32 985869384
30 144120860
29 889123048
29 35889550
32 165858671
29 749802200
30 414080404
32 453543829
32 42144509
29 406754848
31 829706743
32 26619811
29 323289250
29 97505521
32 654537499
29 197040896
31 286440084
29 754275100
29 979212693
30 625020138
29 520055785
32 10693975
29 323055507
31 632679708
32 363700304
29 945304987
29 320693409
31 648177863
29 445533782
32 518692797
30 287769249
31 549615706
29 565136248
29 56686457
29 529521897
32 12816789
29 572866722
32 927296064
29 264033278
32 98152573
31 525949507
32 113340660
32 847730795
29 766896097
29 458136262
29 665970464
30 336220163
32 455442069
29 868440595
30 105966054
29 866703605
32 569617023
32 563445342
30 687964029
29 347807871
30 472930858
32 278633947
29 141779686
32 636578630
31 782091096
29 924534564
29 590697603
29 586985133
32 999830284
29 893564891
32 155486326
32 306719805
29 719879782
30 961113283
29 278942068
29 908584076
29 518280935
32 339425816
29 574631429
29 725079492
29 7722154
29 375963672
29 638513955
29 799905449
31 358919199
29 902833744
29 224714385
29 2605915
32 220832407
29 999385780
29 981402776
29 700449562
30 497412332
32 210471344
32 663518941
29 64474352
29 518656355
29 541523064
31 767480079
29 347146545
32 815581987
29 60123123
29 586118808
30 124206860
29 373410380
29 184458217
29 138762194
29 134989250
32 294030881
29 222348354
29 55816335
30 593394750
31 644154104
29 893520131
31 927548120
31 277123632
32 85147635
30 138237380
29 542653480
29 665641809
29 348059382
32 214936270
29 461997275
29 634689206
29 299501744
29 944312623
29 680450967
29 336549624
31 745481703
31 976857978
31 205647387
29 307393014
31 146835561
31 392930742
29 491545259
29 706411473
32 667407185
29 74979711
31 317395651
29 770924241
32 292072669
29 269193113
29 294269759
29 418424787
29 257443997
31 672415610
29 200794986
32 57328218
32 26972144
29 262251001
29 444027577
30 592184512
32 414056553
29 413497889
29 586164426
31 670567702
29 795062354
32 272592642
32 375794600
31 399745738
31 57994551
29 951311971
29 222846402
32 865553384
30 392659489
30 192415971
31 880505372
32 301405097
30 486180313
31 887828111
32 88043131
29 687045099
32 642406414
29 219394887
31 301976135
30 499676183
32 718472051
30 161650015
32 568237359
30 299441182
29 397363033
30 16051338
29 923717902
29 717155697
31 995360741
29 385456609
32 285956452
29 564207962
29 236781289
29 12533195
30 320892235
29 490522763
32 799771114
32 10789207
29 733284778
29 970038822
29 117292440
30 543603829
29 53832951
30 17954383
29 683513069
29 49519505
29 534178625
31 390570867
31 683566922
32 963301344
31 358490870
29 610926806
29 244044458
29 981595063
29 383942705
29 751425223
29 993253325
32 45703488
29 292310264
29 33128547
29 867132977
31 209805562
29 644184682
29 978549991
32 104365557
29 182346856
32 62899355
29 317828456
29 872898460
31 909484613
31 910008837
31 543820887
29 636120466
29 216981999
31 230757808
29 387609489
32 55010375
29 563200617
29 368956084
32 815085203
29 795886938
29 727663676
29 562215508
29 68319687
29 712706267
29 570813274
29 899460831
29 248443222
30 365923270
29 813865341
29 413992585
30 831118072
31 471731335
32 348010764
29 522286001
31 466362071
29 576093658
29 981159155
32 280686178
29 512425275
29 956701885
30 521352482
29 611357956
32 743127824
31 140943223
29 756407740
29 135926221
30 789789399
32 855251577
31 50838923
32 343209453
29 940927179
29 137311825
29 765108438
29 462627210
29 109199393
29 447071756
29 58701970
29 413725422
29 87141111
31 699333557
32 127867441
29 806720963
29 939413208
29 528950350
30 196949421
30 2728073
32 182497
29 611471705
31 102480680
30 555904109
29 780795948
32 210615250
30 415401085
29 627141347
29 510199816
32 98966218
29 147818365
29 837204007
32 796466924
29 656226058
30 88347725
29 369917716
31 589605106
29 250332979
32 921192949
29 616962471
29 862486143
29 231845930
32 275713354
29 313185634
31 295058002
29 145541864
29 804810750
32 104485391
32 949829389
29 8649161
29 539787421
31 670708664
29 749545606
30 30146498
29 589045187
29 210810717
32 339813303
31 769347028
30 525371325
29 602668550
32 619036335
29 280384309
29 620322513
29 364941745
29 318364399
32 96662191
29 773847356
31 870788847
29 616088644
29 362605633
32 231370589
29 234489360
29 870703828
32 906080288
29 795867551
29 200293719
29 358614010
29 544913888
29 786639200
29 948018702
29 676883083
30 990283495
29 179434006
29 617839052
32 585136609
32 804433375
32 678367683
30 102536344
29 988693086
29 884188468
32 972243504
29 893922313
32 396500535
30 932312438
30 304133227
29 141084094
30 973447803
31 159331517
29 840052437
29 880108423
32 678633072
32 239896459
32 48224747
31 608257845
29 621887254
29 142251148
29 358835517
30 318816671
32 617583132
29 825810621
29 241257972
29 275806179
31 71737636
30 583826780
31 632719584
29 675784072
32 746873101
30 413406132
32 852439015
29 372812074
29 736216807
29 234292741
29 545142088
29 667594682
31 286766921
31 545392311
31 447481627
29 274371724
29 20702902
30 924212580
29 532007816
32 896456487
30 511210610
29 149487704
29 789699007
29 960646248
29 527637433
31 732573392
30 825460187
32 780153660
30 329484151
32 731952654
31 265927651
29 58695165
29 613714746
30 469589900
29 588648436
31 282668624
29 126411016
29 521068709
29 840651237
31 684248084
29 618760383
29 340004606
29 19515315
29 632807186
31 362714268
31 719790957
30 994883477
29 281648079
29 476302327
32 858159792
29 854597371
29 177687465
30 293639482
29 378117936
29 374366267
30 527142080
32 444816733
29 297696276
30 878983834
29 66971532
29 869377635
29 684789694
31 166954994
29 311186751
29 834898330
29 211675207
32 214659057
32 583568441
32 334459460
31 806612103
32 769708344
29 815558163
29 958011766
31 447748730
29 571951765
29 805195992
29 383009285
31 303085432
32 390622257
29 315706077
31 914037998
29 836634264
29 347576752
32 756578573
29 845527761
29 552444167
29 642256062
31 62692729
31 495666686
31 158674144
29 302680563
30 180869712
29 695201719
31 6757766
32 208955526
29 36157622
29 150743779
29 208499216
31 327478757
29 454689418
29 854555550
30 533667410
29 862849440
29 608299408
32 659939783
30 427557600
30 443974587
29 61971114
29 356544829
31 692728897
32 966205811
29 345235745
31 317088809
29 638507340
32 269151430
29 786693227
30 77253114
31 808685598
32 383822281
29 878414751
29 478457
32 924895496
29 723836359
31 462088779
30 969760647
29 344769277
29 290719170
30 227538652
32 347910383
29 482918546
32 539323252
29 498799318
29 998818468
30 808876832
32 98652226
32 233440663
30 715441300
29 63539254
29 906719571
31 718023231
29 183787330
29 905665698
29 497221760
32 63181926
30 245554990
32 828399480
31 348455832
30 895561068
29 660206985
32 697061942
31 948443908
30 158386432
29 26538477
29 503673529
31 51826077
29 631841988
29 284104413
29 662873310
32 494613084
29 100754233
32 516122684
32 906627479
32 975054525
30 554468658
29 265878297
30 715500836
29 590017824
29 652872135
31 775831392
32 436695331
29 770930079
31 386086040
29 142786719
29 830573100
29 90304729
32 177937457
29 394878072
30 227217489
32 286164153
32 276148005
29 329088177
29 200621254
29 257328090
32 800549698
32 12236056
29 391577415
29 625053819
29 479130426
29 445614467
32 792033930
31 631873515
31 845466212
29 182848410
31 669869776
29 844237778
31 673965602
29 904236156
32 902267436
31 756182518
30 35357703
29 963564428
29 853434761
29 75715660
29 16789444
30 426199322
29 730806517
31 344032190
29 406382256
31 345054428
29 374490163
30 50298630
29 308989633
31 13041087
29 395586750
32 790797939
32 539872829
31 119582428
30 316111830
31 323330167
29 460191127
29 315401986
30 229246229
30 21700276
31 478590487
29 335362546
29 702435961
29 738690364
30 83442636
30 506242034
29 508706692
31 779913190
29 711239468
30 870245188
32 187119653
29 231182490
29 487547521
31 774207402
32 247075208
29 281497791
32 849838995
29 453471812
29 149431516
29 364199153
31 591468876
30 896588855
29 517002526
30 123943918
30 485022040
29 17313646
29 365921005
32 243184767
29 248580718
30 383101984
30 538374121
30 840355440
31 152371668
32 354220299
29 411189603
29 441881828
29 548218656
30 412387243
32 727287071
29 403370257
31 906747146
29 878013400
29 96655657
29 543480839
29 182072512
29 549759277
32 569281799
29 285179401
29 871237992
30 778178773
31 611772514
29 311850766
30 72812899
30 713100590
29 324938365
29 70997387
30 786203236
31 347174513
29 814572545
31 7388461
30 230802308
29 877616992
31 963861335
29 739300579
29 572785624
31 487786877
31 595183696
31 469621374
29 991416621
29 81537972
30 593294442
32 811254432
32 92018475
29 832117813
30 649228441
31 380768494
30 960462759
32 164447434
32 624126671
31 396006160
32 820904652
30 323561652
29 978133474
29 702916398
30 397481791
31 55132593
29 486007848
31 434568707
30 622935784
32 384252191
29 695667773
29 497121603
29 321726437
32 159859711
29 939831536
30 723521694
29 348904142
29 224108096
29 950095213
29 331547219
29 759892152
30 232791665
29 326571529
31 31454311
30 455396141
29 258582090
29 220974171
31 327616218
29 385416036
30 56159270
30 629191852
30 167307736
31 272846494
29 4993107
30 110617914
31 212945874
29 876184306
32 3584021
31 909997017
29 531063495
32 958897803
30 294680231
29 324717913
29 984283455
29 529806252
29 40828531
29 51938432
30 955765284
29 278323896
29 332883420
32 410549336
32 709649110
29 25759877
30 84461776
32 309208522
29 638030034
29 602876468
31 335953354
29 962150708
29 742446013
30 160903938
29 829770780
32 41540375
29 971863726
30 922847376
31 905563712
31 212495761
32 51667984
29 882155408
29 865070371
29 512103005
29 920134437
29 101864083
32 126092772
29 456045681
32 872240938
29 14731571
32 973149677
30 636419497
29 74012709
32 566710910
29 813347051
29 68927337
29 346452001
29 8290633
31 183922467
30 714462993
29 537931379
29 684838358
29 640902124
32 877393123
29 776318598
29 683560735
29 483642753
31 95337666
29 231513610
30 331519539
30 564098089
30 721028691
31 785924646
32 919419268
30 766992833
31 698149180
32 502707972
32 348552136
29 75110669
32 615270763
31 181684205
30 966424004
30 357650006
31 653018195
32 189447260
29 44645118
31 7148975
29 619703045
32 567802495
29 805101112
29 708401898
31 248546887
31 665796426
30 77659065
29 456425632
29 749153440
29 298004445
29 444634972
29 667871279
29 395418381
29 652038327
29 21717346
29 265855266
32 917852742
32 581592302
32 377756410
29 716585009
29 462279494
32 55032989
29 34829755
32 42226911
31 780945045
29 217403405
29 134249564
29 813805889
30 177067675
29 256360040
31 847667113
30 207926713
29 71047097
29 955868846
31 196870084
29 515763466
29 501729898
29 473112923
29 618893750
32 891941796
31 750024187
32 507055216
30 556576843
29 620720684
29 912867359
31 90293649
31 882490137
30 197105556
29 937879638
29 336327653
29 884808724
29 294733776
29 615686622
30 952705794
32 735847746
31 740194056
30 953937088
29 69604930
29 990866377
32 254582697
29 175808064
29 531939448
31 767530628
29 903980926
29 737919062
32 214591395
29 338144750
32 954041018
32 206169970
31 361996471
29 340303712
29 266296786
31 810688736
29 378200317
29 33194509
29 740008819
29 175670227
29 333420446
29 34608309
29 526090703
29 13919200
29 78782143
32 178784971
31 85542524
29 954856352
29 982124686
31 578374311
30 708976853
29 712834181
31 709169285
29 853771410
29 724158387
31 624609257
29 215928012
31 708338296
29 184590319
30 615891664
31 362537304
30 644213415
29 353470807
32 631317620
29 487821106
31 704608724
29 956781689
32 338006648
29 445029657
29 948163915
29 29293577
29 242009605
29 571664756
29 392138838
31 482815460
29 392020337
32 129911167
30 236931795
31 993366918
29 138292437
29 897680395
32 351985813
30 865738614
30 110511741
31 855692155
29 586382949
32 377636453
29 562684961
29 261405521
31 374849004
29 78433875
30 741291422
29 68387149
29 845387503
31 103819711
29 13952038
31 210717175
29 884308893
30 771153709
32 458557365
29 593445630
32 855031953
31 410276900
29 547182467
32 482774707
29 217401201
29 775482677
29 46411772
29 753272845
30 133711865
31 712990850
30 252811119
32 973055718
29 232735822
29 336405414
30 487349139
31 476025652
30 776547174
32 511067406
29 201166472
31 393586107
29 561360575
29 211669591
29 569238580
29 232833343
29 222458155
29 590829253
32 624584904
29 17985400
32 680858861
29 509429382
29 496758217
32 232498282
32 830779690
29 539824358
32 964315062
29 48119264
30 787038539
29 226627552
29 24958995
31 649110559
29 454114065
30 393777946
29 718332968
29 679930151
30 834100361
30 225924932
29 319141910
29 796916126
29 789433974
29 809017323
29 11348572
29 876994488
30 174133646
32 251558089
30 68923995
31 252989089
31 907840893
32 638390338
29 205554713
29 805635704
30 191612526
30 865535204
30 435353683
32 846781805
31 397472839
29 807972796
29 398237614
31 496671843
29 949321464
29 227548527
29 584165275
29 277619731
29 994178218
29 832731742
31 477684152
29 212557988
31 771807093
29 969619928
30 370710128
32 771811166
31 712801846
30 233860706
32 804667745
30 905000111
30 877569063
29 40236611
29 147578615
31 575922228
31 772623776
31 415878904
29 736346314
31 625072315
32 566526775
29 408699157
31 143276139
31 64365735
29 764495438
29 335342284
32 119760949
30 821695762
29 272864616
30 801542954
31 330064742
31 986064366
31 668187136
31 543536079
31 511560961
30 713256130
29 560274765
31 473663335
29 198651614
30 165332245
29 958292358
29 565331363
29 645559609
30 216215111
30 276138542
32 637132639
31 867489397
29 41313357
29 455753893
29 204879550
32 241303716
29 480351396
31 805355106
29 378404526
30 58626044
31 743377885
29 970244049
30 580770158
32 268397506
31 803358282
29 132861690
29 282237154
29 820645679
29 642859202
32 78781231
31 523290011
31 713132393
29 2512691
29 264823592
29 90321478
29 463401557
32 607873321
29 814622917
29 73648236
32 767054988
32 711614535
29 255479505
29 874972033
29 711999956
29 85661408
29 915996942
32 984522720
29 287751402
31 752123980
29 317319040
29 479414442
29 136370099
30 411719683
29 900397405
29 997260332
29 222738462
29 794045183
32 23744340
30 745344995
30 736456281
30 131390
29 80088647
30 777197725
29 854612766
30 301435662
31 560930386
30 449021239
29 279158468
29 680923215
32 842664901
30 101489964
32 390306523
30 59754948
29 611700896
30 208869094
32 65124639
29 50531351
32 566720403
29 913037090
30 372956815
29 486049747
29 735445731
30 542964363
29 249771813
29 718789289
29 724857907
29 255255926
29 358053409
31 823759864
32 75611739
29 820387453
30 756716435
29 841292979
31 774054555
30 138482879
30 477084773
29 733646522
32 399376923
29 259911248
29 869775036
29 605938982
29 298240928
29 773660084
32 357838201
31 790194658
29 851204801
30 499069104
31 812451269
31 220467612
30 552691963
31 755606992
29 806289028
31 382947658
29 560402839
29 36988102
29 851557263
30 652404295
29 642837069
32 772321286
31 117796731
29 966934472
30 440443662
31 935931588
29 696411830
29 643529587
31 61530929
29 96103861
32 335581752
29 235097833
29 815014518
29 329292737
29 468853546
32 980635271
29 865736867
29 790643727
29 917616785
29 62526995
29 207395146
29 522991958
29 787025642
31 456782086
32 427951822
31 312012274
29 661316229
31 824784980
29 652235376
29 635048588
29 823085297
31 515921556
29 103460326
29 873509407
30 316799468
29 153631631
29 992626956
31 179194868
32 772348815
29 2472514
29 155283876
29 912284661
31 10309043
29 241960633
30 914508093
31 418081981
29 186357242
32 296175212
29 244787771
29 73379488
31 225396402
29 913938235
31 914713554
30 838768528
31 482397280
29 115949391
29 644212857
31 732446219
30 352883162
29 630382788
29 256846273
29 587512523
31 563168717
29 546615928
31 616335964
29 800046202
32 988882098
29 206447525
32 388594204
30 378094081
32 646870023
32 712763797
29 140638852
29 98478315
29 486502358
32 374756727
29 193877425
32 243834676
29 383948762
29 190127582
29 729172326
29 234145959
30 847991649
29 64243080
29 90973348
32 3949925
29 9713953
29 972033218
29 953217419
29 197180818
31 625041243
29 414918986
29 108651834
32 646084332
32 992470302
31 874419883
30 142029276
30 843688443
29 409396820
31 635818494
29 769056401
29 898562924
29 414368009
30 515631235
31 31040536
32 393390154
29 117909072
29 414078173
30 142190520
32 79492076
29 300121026
30 912446900
30 96393893
32 248709283
30 614908570
30 941455725
29 688794701
30 833926644
29 848843346
29 447240842
32 900088518
29 834842836
32 79399000
29 842817890
30 965646318
29 397038911
30 610633639
32 878368288
31 109546163
31 509379637
29 571577035
30 97760938
29 458899908
29 621709390
29 767979875
29 901202713
29 218850226
29 538760496
29 422079475
30 879324055
31 5435923
32 245666480
30 931065128
29 920152602
29 653232705
29 234068011
29 948954796
30 304982828
29 848110757
31 107142726
29 971716041
29 474275523
31 330352673
31 174178579
31 68792495
32 925587377
32 62111606
31 399565319
29 618233050
29 531132691
32 634744399
30 659498251
30 987019089
29 10898243
31 911006467
29 443376123
31 850291434
29 132176595
29 933436542
31 552776564
29 115723013
32 212342271
31 868144168
29 48871531
30 745620885
29 871373314
29 52724084
29 839252703
29 48081702
30 89405532
29 220624589
29 509909023
29 142731215
29 69049799
29 21577152
30 860672810
29 813483310
32 915304904
29 861325485
31 767573060
29 782908340
29 536640734
31 113421005
29 126999468
30 414850569
31 7394171
29 364542585
29 17807189
32 9699017
31 654581366
30 59417865
31 98741507
29 945618187
31 312813160
30 262903285
32 292586685
29 466475232
30 748434736
29 918104678
29 770480549
32 139923897
30 4391882
30 96182239
29 330139207
29 655130618
30 350505416
29 470194563
29 828560426
32 61419013
32 188484359
29 186873799
32 941561775
29 249872703
29 130285317
29 129825495
29 455751355
29 837509659
32 436313737
29 245604639
29 623879883
29 703369866
31 761961091
31 692534634
29 400731327
32 592786790
29 343497857
32 566096677
29 858183728
32 876101669
31 374143338
29 458355780
29 36170587
32 952772540
29 242686519
32 638180925
30 462851886
29 230121899
31 827317837
29 987403200
29 413160762
30 622022199
29 112805495
30 870039546
31 445342482
30 545816606
32 849789732
31 104181657
30 621369207
29 873355700
31 734794717
30 994020672
29 387982494
31 119322482
30 217131743
31 267754975
32 272773046
29 680071499
32 824349968
29 726966088
29 282329640
30 342285697
31 245110300
29 859885263
29 215254092
29 406920402
30 282627723
31 477049465
29 675547855
30 47389222
30 819658996
31 611129907
30 216496643
29 359231737
29 740268550
29 404948343
32 460050965
30 65084763
31 392955596
32 445120127
32 109673927
29 130795667
32 841611346
29 777526566
29 626936553
30 554746560
29 544102746
29 846302919
29 457681155
29 617865551
31 373986883
29 943374476
31 572362467
31 351935911
29 573346239
29 527083679
30 696489927
31 355026645
29 269505304
29 742799379
30 262311802
29 721489609
32 7427577
29 738607045
32 350934849
30 41479420
29 200222213
29 577992965
29 928532083
32 309159335
29 853202112
29 353752909
29 692799786
29 977292202
30 925151307
29 649651040
32 563153377
30 118699089
29 817440379
29 621266528
29 285936945
29 49951565
32 695326723
31 696792595
30 542828971
31 885211614
29 150794609
29 482048880
29 70441481
30 409594792
30 624618627
31 367413298
29 53761305
29 983406503
29 437640714
29 266808215
30 785693760
32 354091171
29 325768852
32 648263784
30 806038134
31 502816680
30 30164874
32 708047127
29 783819650
29 523444843
32 237269005
32 736315663
29 183251673
32 883768588
29 470417420
29 949087396
31 951382932
29 341613855
30 597119220
30 508627872
29 518472
29 948497062
29 832613732
29 287702555
30 527269505
32 97177360
30 296003945
29 894060265
29 945820797
31 366444075
31 782069128
29 328720206
29 274878493
29 662601869
29 171567039
30 654521628
29 447442097
31 731114410
29 424409025
29 1059741
29 324995822
29 620065844
30 501641495
32 789854720
29 173497371
30 769790283
32 106812141
29 978444079
32 248040127
31 568465094
29 566940794
30 715090147
31 126399710
29 91263333
30 970325272
31 407621476
29 523507777
29 272364574
29 871931041
29 651111641
30 960263713
29 30194112
31 262044953
31 303326182
32 495711835
32 266028162
29 355475099
29 988729459
30 934496837
30 76189998
29 641905151
29 207775788
32 290713374
29 296336033
29 151896528
29 627454541
29 703728884
32 300285516
32 717148875
30 562953432
29 653195862
29 553864067
30 271197059
29 746266692
31 995876518
29 717690173
29 994517251
32 941975137
32 76110056
29 312009955
29 933054617
30 556008121
29 431685000
31 342042359
29 248016118
31 104781845
29 947965852
29 33985243
30 828021851
29 656414667
32 675302641
32 955314868
30 809108596
29 837024241
29 520879546
29 694380441
29 261886873
29 975423018
29 216764525
30 717062967
29 470573970
31 907659120
31 220062275
29 696438513
29 384335565
29 982040745
29 990424461
32 991911600
29 75159062
29 395377389
29 939147384
32 973255299
32 394429286
29 179112329
31 400235054
32 320194476
29 214476444
29 746223753
29 129042963
31 698728152
29 14728077
31 184054940
31 997786226
29 467047702
31 379455655
29 544742875
31 921623632
29 184500912
29 996295256
29 8979344
29 430722660
29 553644090
32 133976750
29 585446706
32 196809215
29 785273716
29 1297037
29 959479517
29 841960467
29 911110875
31 716728187
31 751701838
29 786404277
31 143486476
29 203472565
29 114625196
29 190206172
30 766928528
29 607058059
32 416814222
29 780853980
32 218432695
29 210873846
30 626548945
29 30221526
32 599989013
30 130934400
32 874649718
31 822148485
32 55079183
32 901031554
29 831409145
29 228702141
31 928063109
29 245981747
32 987824383
29 722094391
31 528093690
29 525625089
29 368645943
32 262794089
32 184869940
31 655562774
29 894543246
32 912619646
29 477598110
30 612816163
29 329157315
32 914937451
30 538930260
29 458689982
32 969039001
29 572426981
30 694556839
30 369957389
30 384312629
32 714748617
29 546974073
30 463759876
32 98056152
31 211047512
32 703452865
29 543987852
30 808201039
29 807837242
29 52105520
29 400521040
29 522467990
30 757190844
32 698579279
29 517664669
29 948857478
30 241756656
32 842256757
31 291233486
32 403381418
29 75847448
29 270326779
29 257618947
29 873618511
29 341789872
30 80390435
29 973567905
29 485026101
29 95437793
31 240697087
29 260859263
31 128245722
31 984321094
29 761169583
30 661442018
32 185893466
30 683712220
29 838128991
32 771645585
29 891860811
29 136789234
32 57810301
31 889877653
29 8374394
29 852471874
29 156299030
32 701045599
31 671128560
32 964516816
30 374778251
29 688007866
29 689982260
30 969993974
29 679528138
29 254368674
31 362711429
29 104982972
31 871911527
29 737701277
30 837483080
29 13240416
29 993749244
29 580062592
32 25650633
29 273679785
31 467461283
32 588124030
31 688558236
29 78283701
31 439562335
31 122020024
29 400883099
29 199480343
29 668499361
29 319949658
32 146410722
31 806020020
31 726880263
29 64233970
32 511620635
29 900673188
29 579364268
29 13883823
29 349994301
29 420204799
29 233180164
31 301624815
29 667655669
29 792864330
29 115421685
29 328098881
31 827226777
31 538002437
30 757069545
29 495686615
29 920316664
29 190855459
29 143582145
32 142664628
31 163455443
29 541869916
29 52032945
32 30853740
30 612786038
29 753251465
29 144649450
30 572444601
30 491388455
30 370720601
32 163628383
29 585742166
29 889435877
32 122982291
30 731876655
29 168897044
31 52875490
29 896241430
29 519988289
29 340841256
31 926725083
29 999095513
31 61248970
31 328935880
30 753287830
31 54703904
31 991986237
29 794731055
29 439772433
29 293427562
29 166723168
30 489520062
30 347692014
29 31580771
31 598553656
29 641293420
30 352045292
31 190771238
31 367212320
32 8679871
29 371589433
29 127399359
29 810422248
29 572741476
32 399722990
31 408751046
29 440515470
29 640672683
29 5755059
30 649627561
29 924390043
29 488564239
29 635582403
29 534424172
29 761123274
31 662315219
32 502334699
29 37189519
31 543356176
29 184863159
30 842587335
30 995328660
29 636623674
31 695989563
29 942722569
29 976829619
29 396932862
30 723329220
29 792551697
30 934497086
29 528412157
32 749107312
29 407880953
29 41140382
29 307906836
29 404319691
32 813728552
29 580684408
31 861304785
31 390457698
29 69236581
29 620338644
29 922992093
29 133520865
29 61786479
31 99539137
32 37871104
29 507226211
32 952812534
29 503621941
31 640924452
29 940001065
29 550949337
29 222258051
31 269934729
29 222296077
32 793298925
29 120994957
29 819814132
30 972749338
29 545646065
32 731859347
29 132287709
32 982143009
32 797497005
29 628501195
31 557285661
32 82896763
32 490466646
29 512848663
32 106724641
30 37379422
31 567574692
29 372965004
32 36407451
32 37640958
29 151162971
29 181022879
29 258654250
31 25302312
32 600707599
29 412024234
31 910572001
29 967953002
32 687821785
29 118697207
31 639820796
31 726826506
29 223820034
29 3578310
31 483206808
29 601300735
29 531531136
32 964018127
29 895380374
29 459393829
29 849329108
29 636290957
31 620548407
31 16910819
32 85036312
32 877487422
30 656120068
29 637546400
29 497747114
32 356236541
30 431526324
29 353392877
29 560236351
31 128412705
30 98865952
29 228328593
31 705242232
31 56117329
32 234895982
29 796234671
29 194733637
29 161257411
32 512050120
30 130116315
29 140931308
29 901145356
29 897587116
29 806237784
30 276858383
32 535406162
30 87545517
29 784256165
29 611416394
29 779564109
32 243709194
30 87330980
31 961578733
29 650532765
31 225491886
29 955004312
30 788574263
30 223817286
30 655350021
32 690598027
31 83448227
31 735217275
30 799444192
29 254638654
30 939487572
30 314407300
32 124295437
31 230072431
32 337118289
29 292982958
30 520439020
29 335453590
32 724632205
30 240014064
32 241746765
29 475719802
29 445231006
29 534860018
31 711818241
29 195612214
29 107179566
29 941080252
29 745032559
32 709486153
30 726019726
29 500766055
29 509528078
29 172911310
31 740679136
31 898569218
29 398838813
31 952568447
29 985774338
32 923990625
32 356449192
29 40292366
29 167719786
29 21199012
29 14753514
29 350428690
29 290748333
31 982785630
29 695827475
32 438765335
29 902666206
30 550878019
29 400848645
29 522439838
32 659953123
29 42299194
29 666860703
29 223086506
30 367459161
30 559678932
32 550829195
32 733245076
29 42986802
29 676877497
31 864290593
30 555851055
30 227528269
30 473281421
29 46571879
29 391580263
32 17242503
29 520341762
30 717107825
29 487175219
29 163732413
29 626609143
31 514759153
29 360690905
31 586665185
29 54120183
29 584904057
31 793904456
29 904611676
29 999979237
31 816959144
31 897322287
29 643762975
32 988074907
29 522567351
32 192470720
29 872841396
29 467327
32 252261884
31 569525646
29 420418302
29 595327456
29 520347350
32 73093916
31 546617667
31 379943960
29 473548809
29 962364893
29 386273416
30 173178047
30 458434377
32 861721639
29 460066014
30 463021892
32 555858094
32 907233854
32 967732053
30 643135667
29 572875063
29 303351241
29 70396931
32 674974911
29 533700654
30 577587053
29 145464875
30 51184078
29 186619899
32 451271830
31 37461461
31 284085277
29 354438867
29 847932382
31 388185364
29 646723176
29 976093880
31 455716856
32 806101997
32 676101321
29 719336109
29 468220182
31 368525434
29 797820722
31 906730920
29 587433888
29 863950016
31 487174473
29 551994153
29 933904008
29 728213929
31 659804452
30 388625281
30 275275798
29 530263072
29 831499445
29 434366133
32 913896685
29 388661920
30 743640809
30 13846226
32 300911098
30 573158607
30 29667380
29 203797735
32 957566706
31 473781886
29 622574447
32 819947844
29 870823750
29 218197361
29 343019764
31 739126978
32 957400752
29 726703240
29 111782484
29 431180537
31 236503836
29 500997795
29 637251857
31 459806996
30 804763589
29 542738755
29 18560437
29 721851225
32 408113132
29 581282408
29 175648719
30 589998771
29 530984070
32 443272843
31 755001865
29 942935252
32 121977476
29 165816209
32 333288728
30 881808899
30 570748681
29 75529235
29 788279378
32 760181817
32 903258197
29 513324688
30 425461045
30 679036547
29 78086936
29 206384525
32 515547700
31 138275429
32 98915626
29 163480789
32 614260652
29 584527894
32 470152918
29 779523164
32 818501197
29 385581724
30 521291515
29 7019178
31 657576945
31 522799489
29 88925856
32 709592871
31 211215704
29 30951814
32 125071468
32 751445105
29 347475674
29 253142255
29 119355144
29 990679787
29 95514689
29 67155452
29 238930932
31 66254018
29 57389830
32 604438890
29 281106540
31 75477252
32 67205882
32 323475783
30 578128996
31 127833259
29 572547976
30 691025754
30 868389822
30 887881479
29 884957969
29 345481397
31 110097899
29 547089777
29 262509186
31 29496365
32 460712951
29 76835114
32 502872044
30 771173757
29 862975968
29 464670432
30 173694106
30 694406241
30 282316155
29 88957609
30 2828174
32 611048023
30 889694610
29 568833183
29 967504295
31 896519788
31 880834000
29 126929880
31 709649315
29 460066171
29 840829358
31 417066573
31 854919618
29 642050088
32 477453472
29 233645458
29 288079575
29 738931636
30 545207360
29 111222611
30 125125385
29 159355827
30 66667029
29 975187445
29 776995157
32 164503331
29 101320781
29 129026600
30 411223290
29 474988925
31 494171513
29 652799789
29 416531193
29 788128602
29 272513644
30 251516083
32 558662841
29 19758027
29 759050313
29 965888484
30 498864507
30 105654572
30 989962125
29 991146424
30 470718873
30 953599294
29 133216349
32 605210137
29 429450469
30 450754570
31 106959885
30 734213958
30 280269797
29 194629300
30 901124515
29 659481237
30 262232218
30 446946344
29 55138188
30 330399698
29 173802274
29 791047175
30 225717576
32 426190805
32 332414801
32 139675254
31 320373337
29 323090905
29 638864622
32 503938351
29 73274165
29 277106819
30 977617624
30 735708363
30 822673392
29 703857520
29 271194671
31 745374435
31 157586897
31 945830327
29 608855456
31 441158583
29 558039861
31 814969985
32 259524011
30 87089268
30 560929116
29 18036416
31 780499207
29 681237990
30 920243254
29 697520337
31 780598812
32 145055473
29 158751856
31 921672597
32 872098997
30 477307337
32 33881030
31 392860493
29 92074556
29 141472383
29 604670510
29 386612191
29 841842210
32 867533624
30 920764029
30 23475462
29 98310202
31 116925013
31 269084184
30 948584532
32 85548974
29 253149359
29 984452311
29 377752309
30 689907372
31 484220376
29 856490496
32 814481243
32 883025735
30 586392285
29 758181465
30 233979964
29 245683616
31 778179449
32 966293665
31 42824614
32 143032768
30 46956367
31 72990575
30 357382884
29 953987331
29 183270540
29 841022847
32 240185259
30 731999036
32 33416004
29 78329484
29 646846466
30 359771801
31 191926725
32 293118629
29 350580034
29 15254489
29 276691427
30 22609742
31 595764130
32 130749092
29 928950929
30 650548334
32 156548307
30 891752561
32 395866923
29 311751587
31 529236119
30 986160266
29 31296264
31 460410121
30 409838402
29 6226563
31 63795615
29 809545241
29 50099449
30 158172082
30 532418022
29 409904414
29 176473589
29 395609084
29 52895290
30 591917581
29 451599860
30 79988927
32 974908821
29 17281686
31 116996348
29 729979478
29 116534567
32 858669629
29 918278200
29 247870286
29 78187882
29 737293583
29 427387851
31 940999242
32 957597129
29 363017457
31 734095329
30 574921165
32 31201941
29 330358718
29 47317568
31 50952097
29 3455098
29 177019410
29 2247101
32 735328134
29 264894732
30 210554977
29 975735212
32 780662466
29 818647959
29 985813310
30 845788248
32 89725054
31 27693302
31 321595155
29 798229810
30 387284219
32 149649282
30 656911956
31 455088810
30 309000768
29 832791473
30 240749019
29 186945129
29 734748470
29 210516154
29 893527541
29 901100894
32 226388372
31 403254835
30 474540412
29 415922322
30 942420557
31 171885850
30 562076382
31 408956738
29 579792494
31 284729004
30 946028094
30 422147530
29 90565185
29 748878004
32 345993255
29 782544439
29 273272213
32 18428280
29 803381493
30 866492332
30 920973965
29 725842477
29 14205565
29 583470843
31 822482865
29 230997791
29 475088872
29 403720123
29 482891916
29 522578689
29 21515798
29 786396367
30 608476787
30 961616733
32 962150334
30 629132796
29 773609189
31 295325228
29 898513992
29 464921497
31 882451430
32 999574409
29 78906502
32 400718195
29 18456641
29 787554258
29 745966512
29 256035183
31 766409774
29 900311072
29 453210220
29 394762329
29 35908344
30 117822814
29 408554676
30 181496134
30 77097437
29 177706136
29 829091385
29 415964046
30 512808111
29 564825335
29 647577923
30 791660530
29 707865596
32 146811926
31 184202222
31 832187921
29 385817383
29 503189103
30 501354216
31 999522626
31 80447819
31 259321783
29 322256811
32 817486677
29 229265047
29 496220836
29 664497766
29 137295782
29 668580527
29 577206638
29 318171936
29 82474420
30 609761247
29 966901801
29 511925915
32 767088122
29 793211115
29 734002835
31 254549198
29 938239742
32 106507766
29 984912135
32 886152826
31 733122722
29 345445484
29 781268794
29 306730164
29 400667125
30 769509771
29 545753515
29 349104308
31 932801530
29 510815709
29 442248446
30 795863604
29 874897797
29 543215169
29 607497725
30 380221528
30 19005004
30 84674548
32 492185178
29 949534864
29 839288613
31 593676998
29 684855345
32 554623092
31 580525163
29 308269251
32 28132368
29 189478538
29 105055889
32 411745402
32 549699458
32 896396368
31 13105456
29 688680001
29 117299031
31 587978613
29 325859023
29 741811005
29 36865699
32 107922055
29 400626567
29 248870386
29 893709240
29 779031085
32 436799863
29 652619468
30 373847826
30 675302246
30 294429432
29 676287762
29 259671664
29 834603196
29 284581121
29 601080290
31 486476514
30 16444913
31 813221456
30 708464172
29 268166761
31 589188290
31 830461011
29 236392929
31 601230919
30 376201801
31 557628999
29 522315962
29 368840091
32 560491171
32 742626761
29 354695689
29 343090090
29 477340005
29 788224361
29 12957441
29 308356187
31 878700089
29 914580011
29 772907383
29 150137000
29 148529108
32 653444008
30 230794605
29 105667649
30 365769588
29 421684351
32 446467753
29 184788008
29 554322150
32 886006218
29 401848511
29 721269721
32 665012305
29 512549346
31 205417400
29 103317445
31 896360873
32 113080107
29 827739630
29 540614240
29 520135355
29 621200016
29 525253879
29 576438156
29 849032437
29 132279552
29 717544506
31 684955412
31 825369042
29 933276276
29 833629949
29 380151065
29 202905592
30 622257233
29 793410841
29 603539211
29 667424005
29 344873857
29 218282148
30 542704398
29 669028460
30 36148066
29 220382663
29 384044896
29 709764905
29 293324095
30 894704593
30 290581703
29 335967062
29 726832674
29 495181320
29 9425790
29 525874110
29 919786155
30 532812442
30 246892382
29 305338070
30 774555421
29 684708919
31 148030363
30 381022725
30 191411045
29 494094050
30 933010494
32 591691859
30 9192601
29 75359688
31 535210930
29 650736850
29 727797267
29 213375371
29 392641475
31 918626354
29 118576387
30 691797917
31 795127585
29 672650633
29 526469566
29 937131751
32 788263386
29 114962127
31 765463437
29 771415201
32 261935979
29 688918351
30 792808795
30 424032951
29 7088680
30 467702018
29 931354460
29 593293475
31 972712481
32 204992246
29 746418907
32 826182757
31 43906949
30 722392639
32 890989628
29 243548817
29 46398408
29 621308075
30 520648495
30 951165823
29 48065409
32 849884449
30 544749713
30 707501429
29 980878720
29 502724530
32 792636019
29 449722406
29 120915
32 842006735
29 872453133
32 18657956
30 376768496
29 134156547
29 140067232
32 241052274
29 21782471
29 886780550
30 121872064
29 500588851
29 240595305
31 321092752
29 383082859
29 742211273
29 446751623
31 301196194
30 256103173
29 437811890
32 834623567
29 353525938
32 946365625
32 656744383
32 193218883
32 203037469
29 802193937
32 875230427
30 170801389
32 68920138
29 99139013
32 814361849
29 170798293
30 855521558
30 102848070
29 295229034
31 874354653
29 87890890
32 765579190
29 475113566
29 919186465
29 473063122
31 499144431
29 106785963
29 695700731
29 323750422
29 915570953
29 179377456
32 202946007
32 295727047
32 32555336
30 794793565
31 269292550
32 758727651
29 434691480
29 527272407
29 438117077
30 494298211
29 112571312
30 546523241
29 61943675
29 998147776
30 665708079
29 59378482
29 957818734
29 152271528
29 838148230
29 714400412
29 102814051
30 3127468
29 706827270
29 976513297
30 928296795
31 323752696
29 157113635
32 160346971
31 319306766
29 677803949
31 983794602
31 422615293
29 883885463
30 451675392
32 352623877
29 583048268
31 584766198
29 239969534
29 841405647
32 820227549
31 226043277
29 382091586
32 679112102
30 260818158
29 512780112
31 883583039
29 471551527
32 803395409
29 814104723
29 35254021
29 586222991
32 519822163
32 787988081
32 625014416
30 334469477
32 827869206
32 166742767
31 877305923
29 665992567
30 595799272
31 326015546
31 75030239
29 887693634
30 888866464
31 997673741
29 209789754
29 49739299
30 983672297
30 793156957
31 271602858
32 543393509
29 628775204
30 497614874
31 376843960
29 120871709
29 386077663
29 328734665
29 336703088
29 321619800
29 53136826
29 601602747
32 554994
29 159550380
32 504267521
29 141820152
29 352556895
29 367694250
29 669549017
29 530461953
29 986644009
29 731879424
29 451167678
29 362631468
29 346855523
29 713158811
31 795180931
32 478748670
29 696601321
29 726138786
29 726658690
32 775305605
29 412760427
30 247004838
29 509882194
29 65485001
29 969003055
31 978499751
29 426099621
30 44338140
31 204209612
31 73993356
32 468932066
29 218876705
29 896240656
31 824041511
29 986089392
29 834163226
31 10353182
31 991015539
30 984191973
29 496166475
31 194645779
30 613775244
29 330395879
31 394526632
29 928153309
29 1409514
32 287683196
29 664094804
29 936124169
30 101126354
29 273723329
29 197826008
29 326255544
32 943782750
29 190124168
29 443872725
29 185425078
32 303034540
30 739969028
32 452144017
29 331422867
29 538175150
32 520638867
32 65722206
32 528352800
29 262570809
32 898904054
32 59328717
30 967852586
32 118277939
31 243303167
29 903053769
32 501164906
31 590736228
29 776943805
32 268599266
29 990764645
32 376629627
32 377425692
29 484296863
29 256961216
32 896440737
31 723116946
29 67940796
31 928244743
29 546833167
30 397387709
29 525733825
29 118073772
32 885398585
29 923637589
29 791024680
32 33946896
31 301622406
31 886134215
29 486762774
31 63685598
32 633684482
29 368619926
29 441795573
32 967239201
32 947904803
30 415478821
29 619721156
29 780228941
31 206698510
32 95704525
32 892120892
29 762214087
31 525630441
29 214747261
30 166661215
32 312458674
29 169179670
31 763796758
31 903817064
29 334382400
29 880215357
30 799517161
29 952027538
32 793753816
29 295629168
32 47677002
32 571856951
29 205974213
29 68193788
32 517126042
29 134920896
30 613394642
29 521327629
29 587407809
31 898285388
31 159148589
29 15621678
31 456329165
29 112916109
29 614468960
31 161228637
32 561583676
29 530563399
30 841338108
29 37538456
32 55787779
29 47358185
29 575370993
30 492838083
32 779808784
29 430952569
32 71748208
29 500542326
29 435691624
29 675692051
29 959124192
29 150034918
30 319590064
31 791772104
32 12381611
29 60321803
32 12596326
31 18304244
32 78252454
31 324925624
32 12503101
30 779838417
30 791830324
30 598383711
29 766270221
30 508341592
29 997310481
30 165610970
31 137822704
30 575928974
31 680709133
29 158556435
29 182101299
29 926461688
29 125090722
29 963326890
29 291783764
29 651398728
31 608196202
29 312626088
29 89034985
29 753414464
30 812666542
31 50331202
29 490637260
29 304095215
30 791907808
30 313615149
29 798963544
30 418803503
29 135848163
31 332581607
32 529205571
29 288592878
29 505654920
29 251942336
31 750892457
31 640096813
32 435497627
29 679079879
30 116832732
29 536141028
32 742020240
29 900379185
31 474221351
31 605965840
31 151434142
31 767005576
30 828917794
29 946275044
29 706324453
31 617782143
32 880378626
32 242367651
29 53896040
30 277696380
31 453239879
32 621529289
32 349360348
29 498955390
29 823258896
30 453473738
32 923994032
32 389519072
31 909150190
31 580914471
29 457833238
29 496139357
29 519794817
29 551975566
30 291425393
30 220085422
29 295389148
29 95707921
29 804707424
31 59526932
29 326195828
29 848159706
31 205904781
29 226052331
29 364003853
29 630673834
31 776954277
29 280077213
29 143010753
29 606484180
31 929619363
32 174776167
29 133000822
29 571115123
32 601144700
29 300817625
29 746254176
31 68936671
30 934294128
30 966520614
29 346714380
29 393666695
32 777014396
32 86129266
32 26041240
29 723536059
31 918996266
29 149498588
29 349016372
29 853551742
29 602340382
31 369376306
29 518389738
29 32314845
29 543851587
30 437743422
32 478522429
30 796792650
29 94880874
29 11645
29 234812673
30 981006118
31 832732724
30 792235120
32 595125071
29 728369621
29 940817559
29 651908985
32 800304361
29 534610789
29 559578974
32 151428657
31 829778547
29 204832746
29 461128979
29 394504252
29 358284625
32 925101863
30 968028059
32 581469661
31 761645097
29 269444147
30 306036043
29 952942027
31 86770897
29 555676179
29 366650697
31 871844654
29 716057606
29 28847495
31 834787156
32 783355866
29 319884351
30 559905951
30 414961168
29 625786546
31 900219718
30 50562759
32 448359999
29 527291078
29 673502003
30 739465385
29 741366532
31 168180870
32 531841907
29 177950955
29 488080437
30 697134536
29 562282315
30 378437712
29 229347208
30 633589383
31 562429332
29 143393990
29 374838934
29 338448448
31 652780008
32 728692500
30 664439571
32 182907590
30 944621866
29 680775621
29 266854730
29 862729507
32 828288474
31 205722769
32 251507801
32 995123896
29 648296780
30 73814533
29 371737671
29 131989899
32 89770049
29 357756834
32 585863565
32 157635081
29 283058949
29 65955817
32 53272485
29 488895080
32 250608040
29 358883049
29 570648260
30 264448485
29 26527047
29 837631072
29 847156498
29 905463842
29 78843539
29 224792577
29 517365214
32 535374620
29 388963523
29 450201962
30 68132932
29 989176821
30 164693172
29 687181134
32 417829209
29 86558406
29 654857022
32 647541551
29 905025853
29 220669942
30 274982543
29 218378289
29 230705066
30 683985028
31 417016045
29 9735420
29 616342967
29 520874380
29 554772903
29 770984657
32 394143472
30 527473363
32 554579831
31 201373888
29 861841452
30 122728594
32 107922178
30 159117172
29 225515993
30 332293471
29 194339887
29 556464977
29 761466905
29 567279560
29 296352836
30 241038495
32 506963741
29 751158029
32 62895355
30 190014312
32 837221385
30 883254584
30 269300247
30 300084011
32 156322219
31 652318972
32 817583819
29 483368479
30 333301667
30 207311297
29 33696418
29 993860913
29 373156787
29 346261322
29 950175834
29 126583489
32 879997207
30 277797762
31 855676003
29 603191372
29 553480247
31 490391210
32 946179488
29 254596413
30 224430374
29 229234221
32 69149834
29 236308666
30 283929071
30 477016214
31 367498948
31 750691454
29 938095313
29 91371705
29 562058486
29 467636022
30 678917722
29 589617929
29 331457128
30 268555462
32 873047839
29 195470571
32 891983808
29 191752447
31 972877952
32 352398754
32 990916302
29 42181221
29 976437115
31 642840198
29 770609247
29 531013764
29 962331453
29 679321210
30 533696588
29 877510257
29 125619947
32 266453829
30 694446474
29 378885114
31 563993912
31 56051556
31 183665207
30 397644016
31 377748021
29 968768415
30 10969075
30 437949165
30 58775668
31 84707319
31 571755498
29 996089726
29 512956324
32 59283979
29 471046884
30 240342608
31 816768937
30 398649588
29 878958683
29 78945718
30 685216582
32 923991241
29 474570778
29 909712264
30 572319336
30 991352015
29 244342945
29 250482185
30 448396514
29 477131599
29 423517115
31 992229465
32 196089683
29 150851151
30 372554508
30 234008318
29 671622153
32 863130195
29 195871655
32 387511360
29 112133263
29 146903105
29 960747453
29 618659025
29 384252065
29 341753077
32 301679519
29 939581805
32 955036478
29 538339537
29 447422632
30 495712494
32 363249538
31 521559331
31 724557984
29 756521127
29 586208870
32 70753822
29 931361
29 386097717
32 829965098
30 986199558
30 755009432
29 314817339
29 49357098
29 878473700
31 757697831
32 60405774
31 105059394
30 409738883
32 939669927
31 349779520
31 785538249
31 462930817
29 184920624
30 355936221
29 194565732
31 71256683
30 225238564
30 474245258
29 747456709
29 491128462
29 351317337
30 94352994
32 649093021
31 357552762
29 810902929
29 591839965
32 232412863
30 388633222
29 416045179
30 256684216
29 889452503
31 510110428
30 431389499
29 354480154
29 34632281
30 345509010
29 873798316
30 186451845
32 830007986
31 194281370
30 783137608
31 348316179
30 119276589
32 597489274
29 773012663
29 74291392
30 948661127
32 257362114
31 88470532
29 595998634
31 531063335
32 472392087
31 367637758
30 615924576
30 885082475
29 646435086
29 120136305
31 178800906
32 678061740
29 585930067
31 545983906
32 122865314
29 898743871
29 793057999
29 875781923
29 124356214
29 631663244
31 652224199
29 29211393
29 691440772
29 112550904
29 585526420
29 303158129
29 788305044
29 513029044
32 81159851
29 679192837
30 726147217
29 48678699
29 589301760
29 106076186
31 590548754
31 192684632
32 572648729
30 181590455
29 112762602
29 911855150
29 133583965
29 171991712
31 48865831
30 49526285
29 834381299
31 443859821
29 196024911
29 748391637
32 644600542
29 898618831
29 35566849
29 872002575
29 672289189
32 234250381
29 401652760
30 367453960
29 1582229
32 757118334
32 200265564
30 873854847
29 911108515
31 539246499
30 5718791
29 271333039
29 622762215
29 869119352
30 642092954
31 929417151
29 461551998
29 587203164
29 92263879
31 535111735
32 985027497
31 265747701
31 903804226
29 907339487
31 279786152
32 396691072
31 259592027
29 764718698
31 39589415
30 923374778
29 930276807
32 364750775
32 961684885
29 924384022
31 841317275
29 372365383
31 526287501
32 157226400
30 967810005
32 813544775
29 156288217
32 486752422
32 527133933
29 696210031
29 90110569
32 66653622
31 934459736
32 119040578
30 502652672
29 728132976
29 955556584
30 593769090
29 518102453
32 324770781
32 505912257
29 260413663
29 961270460
31 562854952
32 825926637
29 636744375
29 547966350
29 57840966
32 99332181
32 58457989
29 239502632
29 585314060
29 333035666
29 309095515
31 593923921
29 923220264
29 839120365
29 616699276
31 679141310
32 146192004
29 612219463
29 259389282
31 622052093
32 578815420
32 481767297
29 735299800
31 756441255
32 713245732
32 838034349
30 315577438
29 769461997
29 705012291
29 5406179
31 489790609
29 833744252
32 640827101
29 573241524
30 935451015
31 49443943
32 959809532
31 77856621
29 250130239
29 261880119
32 652735231
32 137770939
31 476595843
32 194059799
32 189473073
29 334792625
29 816868836
30 718943918
32 975653823
29 145646312
29 3571405
29 190429615
29 44583887
29 440421079
31 86221905
32 312727179
32 948323009
32 796260230
30 529823517
29 406688150
29 366715467
30 618827524
29 945503616
29 921203017
29 113868720
32 276066477
29 729272879
31 757174330
29 190948724
32 745398263
29 531752399
29 589532384
32 312957425
29 539334563
29 359993255
29 609158724
29 96284175
31 280321556
29 319773977
31 810713796
30 632402337
29 270619338
29 292985266
32 94098958
29 2485881
32 891643352
31 710069060
29 938557164
32 840792611
32 565651914
29 287439838
30 497371410
29 593880052
32 254911752
29 979666
30 266029407
32 301217175
32 557641479
29 949507418
30 159601604
31 614785264
29 418768890
29 931884372
29 453389537
31 804061543
29 132161198
29 22345886
29 809628368
30 572514612
31 802080205
29 3967865
29 442487380
29 652990742
29 308853749
29 251211857
29 642839938
29 865039182
32 985453471
29 19434043
30 200169459
29 328234384
30 764931244
30 167191006
32 540555794
29 442261672
30 101049995
29 534741355
30 883666853
29 865761065
30 699817177
29 29136696
29 976529451
32 436300680
32 665266513
29 604949784
31 322367836
29 615755086
29 574157313
32 968325358
29 352008234
31 151489975
32 984571989
30 100602133
31 967470276
29 357910769
31 619792471
29 155306880
29 242732145
29 27192138
29 386243832
31 972503932
32 831566720
29 151870108
32 411486342
29 300663518
30 30262434
29 287102098
30 752591238
31 741980227
31 975214828
32 286294432
29 207498710
30 912878409
29 920456115
29 765838320
29 623473975
32 943357272
29 232273493
32 835314234
32 598047867
30 271028701
29 261867860
30 237498573
30 841820781
31 952649282
32 348697365
31 334520202
29 962303656
29 677627687
29 530352343
29 318104766
29 941453948
30 897105840
31 921018440
30 306186197
31 770805902
29 834443539
29 94938505
29 70811484
32 545539911
29 549581451
29 261328617
29 661352314
29 166022852
32 20744903
29 54746373
29 669583244
31 197949655
29 744453218
29 166813259
29 291345936
29 550285487
32 26057574
30 569394189
29 188742039
29 659114936
30 525493240
29 984603166
29 526638873
29 247870370
29 298701823
31 223001363
29 196300727
30 444766615
29 359755663
31 790753981
29 796591190
32 119867896
32 882033106
29 476137887
29 671626836
29 578116095
30 562865057
29 623424009
29 172337568
29 288690310
32 253840396
29 388582955
29 721658697
29 244372076
30 844721698
32 398537415
32 837376504
31 821485562
29 581288166
32 309520619
29 482217430
32 134731645
29 956885572
31 664594533
31 636962592
29 687165524
30 116830492
31 827182291
30 891931352
32 66488904
31 6352108
30 644394000
32 571269646
29 685858118
29 25709085
31 677362416
29 802362259
31 195175196
32 66432825
30 863949592
30 896694326
29 759083951
30 112451669
29 384234962
30 957048144
32 451118743
30 949047941
30 821803117
29 65296769
31 210709705
29 996720911
30 294573794
30 686313457
29 80476524
29 7474903
31 82564935
30 525126861
29 565570633
29 342532064
31 571972947
29 825286940
29 653619330
29 801985804
32 860004512
29 484841393
29 978982621
29 592195770
29 211838986
30 279510944
29 701425411
31 549116737
30 715387158
29 748914178
31 263074876
31 516319047
32 439393455
31 920540157
29 414593637
31 866872232
30 192171412
32 882367071
31 146873233
29 228052483
31 159833876
32 835878601
30 379932157
29 854793403
31 386166545
31 86178247
29 342558057
29 147154900
29 187580993
29 697152605
29 993526170
30 812085165
29 391340639
29 596910536
29 769748514
32 786375722
30 977858267
29 415625266
29 56836714
29 960538909
31 342489791
30 594904884
29 758140495
32 291114371
31 35617430
32 620910253
30 343878605
29 990604353
29 260993160
29 679413957
29 889400293
29 353372515
29 95375155
29 957999550
31 652871395
29 730783528
30 189935407
31 798956660
29 760913834
32 158646963
30 982479312
32 515417274
32 519249135
31 516643576
29 771207881
29 142801246
31 282007868
29 733773897
29 483844514
29 377389386
29 480247305
31 875289366
31 820111803
30 422124225
32 72220154
29 137197810
29 111208307
29 161881692
31 348505963
29 736999460
31 722085186
31 209547564
32 84585644
32 800769426
31 228631870
32 158424543
31 228264287
29 253444299
29 106640056
31 930877010
29 521638845
30 204264448
29 17174660
29 684669845
29 407772897
31 317145562
30 550899617
32 10138897
29 622415339
29 655418891
29 911049241
29 281827809
29 942857887
32 632628369
32 459679856
32 973495790
32 911998932
32 179161125
29 217689216
30 161025985
29 94173232
29 395125615
32 238534470
32 261377816
30 80987673
29 923468182
30 879637744
29 162413195
29 262784953
30 61443039
31 988226360
30 43767093
32 844202258
29 501054435
29 744247294
31 994228292
30 984822342
30 682267889
29 8472944
29 222037520
29 498382647
29 501131318
30 882274897
32 644804503
29 685337346
31 685428813
29 513113307
31 292391377
30 285212940
32 647486991
30 151485128
32 214527919
29 864229630
29 435000084
29 721104717
31 493823283
29 753275217
32 238983763
29 376326420
31 700604883
29 520765981
32 525192486
30 581550319
29 703970247
32 822658515
32 381809367
29 470491149
30 658440441
32 143422445
29 764358006
29 115318865
29 284944213
29 283840427
31 534590329
31 723842117
30 684966785
29 467617758
32 865554930
29 107152106
30 873607980
29 788917485
29 521753076
32 763676544
31 155655324
30 893981348
31 534663666
29 393498789
32 634370411
29 54180745
32 576714644
29 767854265
31 655352165
31 163030362
32 639801466
32 233151966
32 103141819
30 633264635
29 143762448
32 503840368
29 362960674
29 923923559
29 335179352
32 834434327
30 905565103
32 271976728
29 585535696
29 404937376
32 853976475
29 874230745
32 378780393
29 308212564
29 365208091
32 38699793
29 133466425
32 938677340
31 905556545
29 282830827
29 516828734
30 442522245
32 640983007
29 976602192
29 688055113
29 185247521
32 348024192
29 476873628
29 23168626
31 675486124
32 913557281
30 592975355
30 595479425
30 80800409
30 213410047
29 564926185
30 237802080
31 210483127
31 908412493
29 275195238
29 495569311
29 69796503
32 407667747
29 515361479
29 974616172
31 555244196
32 828794198
32 322656241
32 348979600
29 351540279
31 323186370
30 861010297
29 462659775
29 883466520
29 772048864
29 183428801
29 635221139
29 316082270
29 102821957
30 729291589
29 483975141
32 421961737
30 36089271
31 36922892
30 324939091
31 759138302
29 642999133
31 292375402
30 480360040
30 14929203
29 50609738
29 552673102
32 325809587
30 230140774
29 296595660
29 861038345
29 938429653
29 574033700
32 855415250
32 227055106
29 455429121
32 339515122
32 72064721
29 9940195
29 240216587
29 799267975
31 590567838
30 792682640
29 505992210
32 797253575
31 7460645
29 995780402
31 838534703
32 451891972
30 248439031
32 894587322
30 613029069
31 874770657
31 715455729
31 562041885
29 38661050
31 345255838
29 577101425
32 852094676
29 412153613
29 701808462
31 578142454
29 591056772
32 387582532
31 866414062
31 63905972
32 971279676
29 364915955
32 86249108
29 618522976
30 309164508
29 192757498
32 725887081
29 695082707
30 931316977
30 916980846
29 479456591
30 306216507
31 925357855
29 771461738
29 851648056
32 932372067
29 679752838
29 602283586
31 846327425
30 478856124
29 316626838
30 350071167
29 505972972
32 974903004
31 890493754
31 920316622
31 920495006
29 5443507
29 888713728
29 329491683
29 624000051
29 709288460
29 613345964
31 137711266
30 192615391
29 80130700
31 845025056
31 605018437
32 692405080
31 465282031
29 304496700
29 800712135
29 955503829
31 460994640
31 643974159
32 800761302
31 818541105
29 308589205
31 183216139
31 813232096
31 746282077
32 493077236
29 162305100
29 444356851
32 204981789
30 443012540
30 986982633
29 168329144
31 603015733
30 883152503
32 706098597
31 541814842
32 57726894
29 760649945
29 328496163
29 903620665
29 192118487
29 110650977
29 310528605
32 511181170
29 769686157
32 427881181
32 694775952
29 516620627
31 953089015
29 922958541
29 206474514
29 72228189
29 783277979
29 947420992
29 118931312
29 209798063
29 747790798
32 697487824
29 314468893
29 970569566
29 989836734
29 723884938
29 74453431
31 673983917
31 205160714
29 26098269
29 433439722
29 238480485
32 852754394
29 238159734
32 307315404
32 135486040
29 323318414
29 327563189
32 875734156
31 58011095
29 779391713
29 769231740
30 613489985
29 879887761
29 214579072
30 728974494
29 107546677
29 429389622
29 943093797
31 474438679
32 46765596
30 636049340
30 872453958
32 275330054
29 280113364
30 890820842
30 728220575
30 398120380
29 186298877
29 982257559
29 93665660
30 53947367
29 759729931
31 251104904
29 11017834
32 594308515
30 325052341
29 544742604
32 744144040
32 745732832
32 260449339
32 429552005
29 40083766
30 953907893
29 4819755
29 1689150
31 883452755
30 774757475
29 475230371
30 84870367
29 901787091
29 939038927
29 624830791
29 771119818
30 714893886
29 860683299
30 553017682
29 88833982
29 23912481
32 882393687
30 293295902
31 216814971
29 931391600
29 490335372
30 638308005
29 480589104
29 220591094
32 948754881
29 703189448
31 862068555
29 704421661
31 444872678
29 291162008
29 56201806
30 77624436
29 575563547
30 258958525
29 837402851
30 308382176
30 747497935
29 984487431
30 115561563
29 308313082
29 582480189
30 912619911
29 515862431
29 328461802
29 919876095
31 554265702
30 35616968
32 24994942
29 260022077
29 443992830
32 522522573
30 893425941
32 483550889
29 826465546
29 650149843
29 999989062
32 871775551
29 870679730
30 130132853
29 210255977
30 456408027
29 280297919
32 110001136
30 697597292
31 499082866
29 330483436
29 75792252
32 219030032
29 738350307
29 159576875
32 599389714
30 532638335
29 917056573
29 152199053
31 852067046
31 479184011
32 317456759
30 292629053
30 58286887
29 259900193
29 426295446
31 447152141
29 258878149
29 5479120
29 884702713
29 476021225
29 201412161
29 283115680
29 823396933
29 426255737
30 640334591
29 335724532
30 698993049
29 176334006
29 388369496
32 291235559
29 213604994
30 911769517
29 738106545
29 327017763
29 197487719
29 602040713
32 654795996
29 328421573
29 858500551
31 440384463
32 867712597
32 668663537
29 279428560
29 568939276
31 54265730
29 609287169
29 199443248
30 61346581
29 47799422
31 772881987
29 355387847
32 529121472
29 153763530
32 444021192
29 232748735
29 946498291
29 76454939
29 543678589
30 54307693
29 934025745
30 751589622
29 195609133
31 62104310
32 24894635
29 117380583
31 883649540
29 17647082
29 399148621
29 694493311
29 506869624
30 853439977
32 208166276
29 929237748
29 180404291
29 889565994
29 502830780
32 391692724
29 758431572
29 442010410
32 783840631
29 687157815
30 258298030
29 204308777
30 661327796
29 683238922
32 766922362
32 703896027
30 699470593
29 220042269
29 185714768
29 351856484
29 887681151
29 958299410
32 125617175
29 506917626
29 537606216
29 92592168
30 338443946
31 438745184
32 270584684
29 750308110
31 799026765
31 93066401
29 794302357
31 442408284
29 109671593
31 670932579
29 386263149
29 896831254
29 469089522
30 593397632
29 648758658
29 79303310
30 481964061
29 207603232
29 191146796
30 51648894
32 277735635
29 109136868
29 736542951
29 448832408
31 632941667
31 400198233
32 741554759
31 849545771
29 162819505
29 420154241
29 516064140
29 456185239
29 914666987
29 783532464
29 167152913
29 73326144
29 472980836
29 817767958
32 931127065
30 720659678
29 20599126
29 241714827
31 789773011
29 791904211
29 774158077
32 101716816
29 545663163
32 261766146
31 89716954
29 500777553
30 498253838
29 122070335
29 902612344
31 637638880
29 690752989
30 585722329
29 204855742
29 275947418
31 230264930
29 568041617
31 839319489
29 463424359
31 236633227
30 401967210
29 718902261
31 106284151
29 713997840
29 709071214
29 468422299
31 289465435
32 483828723
29 221539085
31 528622319
31 458966642
32 284469296
31 211520855
30 764433276
29 89925180
29 752532917
30 895013636
30 116762621
29 324064036
32 691725122
31 274601096
29 532106303
29 87182687
31 898426409
29 620268031
29 156223317
31 803031527
29 132172239
32 136455390
31 224729359
29 37636178
29 851896124
30 765916301
29 147878200
29 190269130
32 918144248
31 525441064
32 853424623
30 692814705
31 13390587
31 271782741
29 155970153
29 428974306
29 953182505
29 110654788
30 636301768
29 37898368
29 807026279
29 613295300
29 15006614
31 596551176
29 770179762
31 933361253
29 662130155
30 348580378
29 364778534
31 15812962
29 511292356
29 921862963
31 396499977
29 958116450
29 265359996
29 641550773
32 591530065
31 908980683
32 876309527
29 180120419
29 38173918
32 748820104
29 311344449
29 540841146
29 668104308
29 377737101
29 451980987
30 211388374
30 590804465
30 923793722
32 819228140
31 755987261
29 603657988
29 728136561
29 489146386
31 615056315
29 603497660
31 528954435
31 782550911
31 467660035
29 38232590
31 299769990
31 148607075
29 229449589
29 165055811
32 11730069
30 413410451
32 779380869
30 634306171
32 628298602
29 998084368
31 684300790
30 707307223
30 2068048
31 875256430
30 502545556
31 888449160
29 664206613
31 826055006
29 815921131
32 114715329
29 355109012
29 190863755
29 828703723
29 438881498
29 139418609
29 30209284
31 334521424
30 321594476
30 54760681
30 325536148
29 884314306
29 503839567
29 183377769
31 436790912
29 990866523
29 145210296
29 515556980
32 414471740
29 882921186
29 413139902
29 768844761
29 400222311
30 336159019
29 822372733
32 162880086
29 678939019
30 632158941
30 406543367
29 11383221
29 656577489
31 323119575
32 387911423
31 879138877
32 762113899
29 326465555
29 369064951
29 436489406
32 781042547
29 676522642
29 374866108
32 300653847
31 999621717
30 363659155
29 137881155
32 330211112
29 381032432
29 359552427
29 661842937
32 550105856
30 110125738
31 276565847
29 620307228
29 268868297
32 931055533
30 273388179
30 466101097
29 409269978
29 118754127
29 547867165
29 165803937
29 668972591
29 732431115
32 987632024
29 66432635
29 74258317
29 864863530
31 975150665
29 421372099
29 857827758
29 448592986
32 868283394
29 372528798
29 740540700
30 809483931
29 410132547
29 102007253
29 813595203
32 107488807
29 584611281
29 855108030
29 405284151
29 969606806
31 147774008
29 788958687
31 129726197
32 936463555
29 758685537
32 652915492
31 740612301
30 317233763
29 938981783
29 326102461
29 210244748
32 67425382
29 569677784
29 924229330
29 292108597
29 843023983
31 179998359
30 272479646
29 120322383
29 549404280
29 237347730
29 624133926
31 247739535
31 157833836
30 206309420
29 369320216
31 999773226
29 958807087
31 190016153
29 391989763
31 417398347
29 197097778
29 356844482
30 540126734
31 271190679
29 954702009
31 794933373
30 997006027
29 593876289
29 99004404
29 482581733
29 363290336
29 244330959
29 739793713
29 410897659
29 870296398
29 104021067
29 84131472
29 768661485
32 502979075
29 356709380
32 990944191
32 94050573
29 897604803
30 232623478
32 54664133
29 710357899
29 870877370
29 802267911
30 510412455
29 942296239
31 102917478
29 659899717
29 695058458
31 126253817
31 522430849
30 270476018
31 845091804
31 471030829
29 808711367
29 339351835
29 728357326
29 563166839
29 962476047
29 867962528
30 175478511
31 622739483
32 42926233
31 101041163
31 809655119
29 671016062
29 686124602
29 489700963
32 410413147
30 723552433
31 453016166
30 762949578
29 885566626
30 72481700
29 229591139
29 290732613
30 607466512
32 136259051
31 853425480
29 435628168
29 467368033
32 666018254
29 307465015
29 612043359
31 186444231
30 653986225
29 408751714
29 712634617
29 349440302
30 601626800
31 815976130
31 60794565
29 138394012
29 708788471
29 652651183
32 399659212
31 231377872
32 120249748
29 490607229
29 844834065
30 790548337
30 802959251
29 75064718
29 746332867
30 552595982
29 864315486
29 619784854
30 600061132
31 35386802
29 903645681
29 70828305
30 792329657
29 324889412
31 706922987
29 342199797
30 225957724
29 133362568
29 757781475
32 263276441
29 242019231
31 738286722
31 759944835
29 355443180
31 248139198
29 802464597
31 471219736
29 423113140
29 180711615
31 652547150
32 535712234
29 964896564
31 924140611
30 793681379
29 617059535
29 321367781
29 259423492
29 403326454
31 748406128
32 559311172
29 539000979
29 491606201
29 675589230
31 590717774
31 57047447
31 946660079
30 800832110
32 860594535
29 185967366
32 600090228
29 983143258
30 220879161
32 336479274
29 4434785
31 693435913
31 555899980
31 403805923
30 100825988
32 286515869
31 188475187
29 191573960
29 246811698
31 289823804
29 203979011
29 989836524
29 769664711
29 979570875
31 514206853
29 979734293
31 818925458
32 655963749
29 164713618
29 686635158
32 743747274
31 675226927
31 50547568
32 115005128
30 160332869
29 755787475
30 62147971
29 769456231
30 109546849
32 628487858
29 38807038
31 580013327
29 5317054
31 584516437
29 407886445
29 874947536
32 648434779
31 220423458
29 291364612
30 907069373
29 420774008
31 312499690
29 565332473
30 170072154
29 5238203
32 606104646
31 325446977
29 429843005
29 587861000
29 276420345
29 781260069
29 87542677
29 105925920
30 119905335
29 134574952
29 187714146
30 639208440
32 203275304
29 526953420
29 271914994
29 530923687
32 694213633
31 868590926
29 299995919
29 650840964
31 413959477
32 975353386
31 99553092
30 494849351
29 557983105
32 841617446
29 316853612
30 537129952
29 875602746
29 289915547
30 455813974
32 170671262
32 147609836
32 6590834
32 972690857
30 356082247
29 174289416
31 100007911
30 434692283
32 600848803
29 309590056
32 479079284
29 429171603
29 146253503
31 759629000
30 270462220
30 329367369
30 663685093
31 151463672
29 340787787
32 245609990
29 888804226
31 970504194
29 289631534
32 468265298
29 198263886
32 252984193
30 957568145
32 438000683
32 173955040
29 470001840
29 691052065
29 804903782
30 390652818
29 844028510
32 719497676
31 277453776
31 60567185
31 71455370
29 762587131
29 69348134
32 501055374
32 20802338
29 773107181
29 633708012
30 825556241
30 874983809
31 967980352
29 52119318
29 497239490
29 204153355
29 490815966
29 80302144
29 208993243
29 4373544
30 609779765
30 433488450
29 551847803
31 640880652
29 277192660
31 912433718
30 477098079
32 496575468
30 230953264
30 341620107
29 20112683
29 693205850
32 678190736
29 527933977
29 254158
31 607362820
32 542289458
31 621722727
30 174861562
29 528590504
31 653053617
30 85376791
32 638671137
29 815502616
31 22166390
29 82022329
31 135933163
29 781947927
29 477372138
32 707825960
32 655337224
29 220936702
29 445253266
32 885960105
29 630377368
32 482484710
31 839452367
31 187016076
29 609698886
31 624214165
29 936601342
32 756748071
29 452809143
30 140595366
32 975708471
29 427183366
29 890784694
29 179037890
29 240932346
31 811237019
29 181305035
31 212684675
29 590299722
29 873703122
29 235914270
32 264208981
29 473596215
29 390638321
31 338010083
32 996328709
29 807586826
29 957738559
29 566813759
31 767674324
29 579023875
29 492879350
32 667950973
29 227297351
31 612395900
29 975357721
32 813438427
29 873206739
29 130555583
31 862192661
29 443658207
32 986329523
32 575225695
31 685041187
29 559108580
29 634332841
32 900743646
29 438144002
30 37557272
29 562730778
29 542693068
29 671220157
29 212431136
31 940427785
30 315534756
29 117214886
30 590590156
30 248286078
29 365032176
29 523836099
32 773933256
29 670926254
29 89164154
31 86241906
29 152695519
29 952964828
29 218107348
29 166018968
31 962624693
29 8639179
29 838636623
32 141245292
31 456643613
30 917495679
31 1092712
31 595586690
29 685376092
31 403269777
31 845420602
29 156894113
29 325019842
29 13454420
31 556276739
31 605314249
30 248424829
31 699589957
29 628735029
32 197926479
29 282023432
30 389065539
31 524723411
30 653449328
29 916124403
29 802915093
30 362002574
30 838485772
29 297004707
30 537364635
30 159224180
29 474901107
30 411198767
29 999573449
31 374558036
32 719355520
29 664757045
29 121017643
29 947960785
30 356532145
32 880909962
31 184644425
29 498561459
30 317370860
31 632989389
30 775277247
32 673707805
30 496637814
29 166718735
31 933256319
32 814993034
29 140103509
29 399498609
30 773376127
29 464636844
31 926007403
29 581919293
29 503268171
32 642644057
32 257084041
29 313449931
30 813523386
30 838290509
29 196384986
32 945984399
31 69432778
29 379986435
32 103594133
31 916130785
30 5312740
29 479596925
29 679350830
32 630981222
29 428376579
30 38047110
32 90972902
30 32004370
30 201522588
29 924653881
29 794226332
32 543093772
32 371831506
29 509798244
30 482992671
30 681469139
32 605934077
32 428870
30 173720078
31 547979275
31 162400808
29 875436199
29 992016101
29 904439764
32 206041956
29 937327221
32 976763868
31 782022551
30 163550510
30 643405809
29 424844975
29 809393202
31 754694926
30 435915128
29 270390871
32 658498303
32 115597479
29 445593934
32 780517338
32 321936459
29 124367012
31 830501628
29 241115287
32 295947615
30 53340111
29 848305518
31 159418567
32 364042719
29 544988678
31 859958594
29 204901484
32 876634499
32 195904620
29 649281634
29 122501160
29 603683060
29 543993160
29 55030183
29 52072772
31 814411560
32 297382487
30 468813950
31 511512047
32 512357696
29 860245045
30 512724602
29 642632919
29 494986541
32 821872340
30 253419307
29 734514238
30 707422647
32 620806158
30 722528614
30 275627889
31 162856088
29 750080151
32 191163976
32 642834815
29 327506557
31 404284684
31 840632113
29 807717750
29 384184543
29 407123941
30 991567788
29 884210193
30 808332300
31 188698346
29 172240926
29 357725423
29 760878832
29 137812275
32 760257373
30 717702240
29 919901883
29 249555682
29 501418682
32 234233352
31 498439339
29 362732283
29 302176905
29 682819515
30 300199832
29 220687715
29 799248809
29 762703495
29 80132530
30 28429772
30 239197182
31 638053457
29 593371864
32 906889871
29 69547021
29 886239943
31 355795118
29 537506442
30 334375957
29 89528481
29 400770066
32 884602042
29 818312296
31 87003788
29 71234868
31 152108733
29 225984221
31 119157322
29 616843242
29 520608289
29 965280864
30 191571150
29 337921540
29 278128067
29 895974512
30 173979628
29 302193099
31 350937219
32 109141046
31 44543676
29 669242632
29 265157705
30 907357585
30 76645961
29 653898158
29 88808235
29 861739387
32 834127821
30 631100485
29 741267883
31 38075941
29 27273134
29 886011900
29 139925791
29 702168822
30 566069482
29 731002316
30 740809630
31 889592086
30 477999743
29 448718601
29 489843574
31 571453071
31 891156102
29 617783355
31 93164899
29 623050415
29 959609281
30 508895900
30 857326857
29 986035255
32 185042359
29 263980722
32 68337272
29 743524149
31 657926283
29 836862902
30 84522303
29 622111702
30 37994641
32 683561267
29 125105350
29 873878175
29 705093845
31 757843333
29 989325659
29 542425044
29 396224323
30 63368595
32 999067227
32 742088416
32 160050447
29 134583767
29 56438971
29 227799774
31 732671043
30 216579278
29 167700934
29 999627348
32 975440187
29 753265642
31 738739856
30 766467428
31 964872228
30 238813443
31 598916045
30 466352490
30 705146411
29 606823659
29 957736537
32 520477337
32 440103247
32 768033950
31 271762343
32 678560845
29 135049902
32 231904319
29 894326869
29 413253539
30 630612203
32 238063099
29 894128446
29 987483624
31 322422773
29 954173811
29 541927768
30 442530122
29 136001561
29 919461287
29 869202189
31 200131615
29 180847396
32 758148267
29 473323083
32 804543092
32 839310120
29 43278777
29 517617607
29 18155180
29 819383053
31 509057232
31 120065720
29 975022185
32 566730366
31 8241595
30 632917232
29 227022087
30 219524077
29 638345006
29 868640493
29 109311588
29 695085431
30 925759658
31 244016616
29 592986024
30 141886347
29 479967081
29 21855812
29 360325730
30 378372734
29 650881633
29 466690971
31 409842028
30 742629864
32 745488179
29 982512017
29 971479761
29 280241090
32 390488083
31 394626198
29 363336432
32 292206662
29 630126240
32 220789209
29 553509888
29 634140514
30 671220267
32 687545315
29 609290569
29 858991378
29 980210173
32 46071395
31 842604330
29 329401473
31 884781506
32 907354006
32 996836270
32 6037549
29 646541129
29 904783773
29 371601010
32 337166390
29 30507873
30 479008561
30 91417417
29 886029430
29 142289769
29 530517337
29 87874343
30 41742131
32 653285137
32 723052386
32 541529562
29 994594427
32 180543974
32 791466687
30 20127086
29 426406143
31 274975383
29 740718974
32 399464664
31 365370587
29 574035860
31 109394786
29 364592281
32 568005291
29 47998656
32 335651865
31 338973943
31 348574215
29 147153350
31 323142240
32 202144957
29 778548619
29 205177679
29 756423312
29 36630402
29 791494230
29 440852370
29 926363015
32 222207414
29 467948460
31 802859266
32 464320190
29 15178495
32 643526855
32 808762262
29 346815997
32 476093462
29 816213683
30 397473117
31 307116780
30 313960386
31 21247601
29 190646064
29 602367563
32 826985067
29 509091897
29 133047922
29 717905531
31 891516061
31 370840919
29 133727342
30 464612156
29 494680654
31 521886017
32 80450003
31 434196479
30 776033272
30 403736027
29 52847937
32 11770059
29 41420202
31 304230955
29 38837484
30 641890569
30 499996068
29 111020425
32 948869326
29 780329632
30 270934143
32 300619527
29 599941141
30 735149391
31 483438940
29 415608954
29 137104403
29 846729757
31 153170609
29 61674777
29 218281948
32 389313153
32 441652896
29 988471392
29 780609917
29 597181981
29 734901786
29 937143987
29 815976306
29 322816858
29 805745562
32 704975905
29 690691596
32 652026302
30 624603081
29 824364443
30 995573307
29 887671204
29 505416317
29 493939615
31 411776565
32 253361582
29 884268813
29 361808052
29 687249406
31 297880055
32 451424655
30 922983621
29 296202568
32 360043061
32 20190198
32 853947868
31 480097005
29 960246537
29 424050729
29 538720466
30 125891058
32 331297837
29 732291914
29 545466321
32 668376197
32 129391147
30 427002916
30 297412518
30 709183745
32 650031525
30 276993933
30 750181343
32 331848634
30 749288754
29 808333574
32 809350742
29 246982427
31 378230408
29 830770316
29 322757675
29 471245297
32 315781155
30 12477759
32 899238497
29 95644448
32 627026107
31 945356352
32 742345763
31 371780967
31 367287881
32 742962973
29 813253904
32 612749409
29 221695752
29 873364722
29 96622935
30 915902479
29 35004456
31 512224309
29 952083475
32 40375702
29 977046578
29 986905575
29 751583339
29 161577874
32 637224025
29 244048291
29 637304670
31 75549423
29 32338643
30 909906311
32 8985105
30 106247511
29 628092830
30 409504633
29 327257619
29 905077998
29 25450451
30 327506677
32 955216337
30 875207237
29 596793777
29 29802239
29 589113118
31 869892655
31 270410737
29 731321326
29 207895440
29 808868138
32 756522596
30 765967459
29 776392228
30 959090792
30 927703379
29 565244665
29 100343032
32 179168069
29 85745794
29 816852099
32 133106327
30 48279217
29 257099448
32 816888453
29 503384895
31 872532763
29 869959593
30 628207155
29 125414130
31 282748373
29 276907185
31 925151444
32 596238590
29 38301473
31 109085971
29 503431734
30 528645533
30 97201959
31 373287121
29 155070821
29 436012227
29 941565085
30 924896933
31 164181619
29 469623055
30 145589554
29 51137531
31 411198938
30 150395378
29 274423702
29 373754886
29 917804147
30 80814564
29 526232045
30 639665045
29 671909758
29 834265681
29 223820883
30 163076026
29 194332086
32 406310657
29 766981140
31 509972949
29 164259900
29 580467872
30 386966420
29 873528936
29 797669562
29 945816219
31 452252706
29 854242986
29 882942151
29 445725836
32 533549144
30 933925433
32 692775531
29 852268618
31 767885257
29 732781109
29 887732703
32 843575550
31 413005491
30 639651471
29 53087072
30 518930877
32 144674863
29 825715773
32 361195056
29 449937850
29 252212369
29 623525107
30 164408424
29 219148757
30 53415454
29 46165154
29 508006453
31 2737389
29 91723702
30 176534386
30 812552202
29 440279072
31 89760315
29 326621557
29 15814435
29 63753450
29 218774713
29 796413515
30 984447974
32 117939517
30 194441729
29 546608239
31 664931829
29 368253223
31 69595839
29 952211929
32 63162921
30 407635752
30 567275564
31 107964064
29 698379560
30 682588449
29 100472301
29 421081684
32 20565594
30 655716622
31 610416988
30 802217348
29 967998599
32 481333650
29 488222619
31 990019819
29 286270975
32 795389733
29 266070561
29 902985101
29 907804307
31 974952884
30 170104236
32 754970924
31 635804503
29 287171925
29 181243583
29 359397339
29 753532766
30 114783658
30 368468007
31 476319651
30 328882331
30 979994545
29 788503144
31 146447530
29 967822862
30 590290675
31 691566352
29 44561996
29 495553100
31 929680464
29 100954331
30 578121154
30 241795281
29 660774080
29 633962220
32 817895239
29 88637762
29 478388965
32 688849590
30 745439075
31 962745788
29 331854723
29 289109238
29 600313953
29 735034690
29 280403665
29 85118351
29 473076200
29 644184960
29 68227296
31 950772918
29 916843788
29 453383830
29 932260373
29 467000845
30 320702021
29 885775339
31 926298845
31 490963154
29 493808583
32 568139077
29 160747587
29 385181858
29 13907589
29 563857318
29 297943390
30 142222518
30 16372029
32 931293087
30 618184601
29 948183606
30 474249802
31 135904535
30 942274573
31 520558659
29 130421290
29 864664722
30 734420882
29 836608455
29 882694974
31 698653259
29 336021571
29 125167448
32 740988324
30 568780933
29 79653795
29 745057239
32 262811349
31 736509561
29 429756956
32 685735596
30 940770531
31 445111656
31 924802421
29 64452649
29 304319311
30 719824146
29 646506639
32 818548736
30 538107070
29 800495476
31 271288441
29 204477923
29 666122622
31 524734359
31 34899431
30 475096211
31 813275633
32 370634965
32 132233889
29 311615072
29 730008859
31 41353842
30 172941110
30 687442457
32 579011776
29 964439530
29 624290666
32 468134732
31 117095628
32 226590582
29 141197070
29 943492300
32 370637698
29 67406449
32 130454211
30 565238515
29 646293894
30 672416334
29 84879831
29 305757648
29 279623287
31 931408354
30 206726513
30 163447189
30 226348809
31 601526312
29 77259293
29 754859653
32 579184904
32 271073329
29 851666018
29 118516776
29 215158408
32 356888699
29 136081473
32 883074376
29 257250391
29 467869281
29 514665870
30 154809166
31 518498208
29 679554391
30 34603769
29 43540077
29 554600806
29 442287326
32 325647273
32 395592521
30 662566269
29 554543733
32 672253853
29 527468464
30 567948078
29 879726911
31 240000563
30 584605580
30 568945415
29 644275114
29 647330311
31 999414081
31 780305654
30 827082237
29 189235981
31 859147043
29 776235705
29 431065696
29 945742368
29 595178827
32 15855865
29 125988407
29 989832102
29 393494135
29 124487093
29 798628602
29 620503687
29 263430755
29 918111346
32 947564184
32 816403649
29 530243657
29 108971554
32 608341752
29 835623090
31 382006802
30 633829360
31 604493863
30 430448154
29 557170793
29 837708743
31 821161746
29 165273980
29 303652192
29 528042148
29 982872525
29 214448624
29 605497903
29 595518176
29 622269478
31 689078519
31 130127770
32 741375352
32 437829489
29 556987680
29 632225007
32 413259976
30 373598255
32 469569884
29 453785066
30 252916000
30 244602091
29 609656725
29 747466795
30 489411725
29 482362093
29 843336116
29 791220218
30 983822409
31 744055785
31 924090323
32 80624267
31 918537835
32 352736376
29 268589562
30 760422344
29 493023522
32 614235851
29 256657978
30 387476666
32 379629727
31 716558358
29 352506092
31 281182433
32 726101426
29 934625073
32 407399651
32 119855195
31 65629953
31 509322813
29 240860381
29 416996900
29 156005493
29 511213299
30 442263732
32 593902996
30 989256988
30 432501381
31 624193857
30 995977909
31 615652523
29 223545094
31 360211073
29 464294527
31 779133901
29 695176280
31 752668359
29 881428131
29 66584195
30 221445549
29 9622274
29 258042721
32 978520021
31 275353548
29 205924260
29 800130354
29 989967004
30 257859651
31 863442938
30 311448119
31 827824913
29 950501680
29 359711149
29 173879872
32 536647609
32 846605186
29 81590102
31 352130084
31 918572239
29 16998247
30 393333222
31 581604819
30 621119533
29 248542477
30 211035131
31 448882578
29 719903211
29 457691572
29 707618725
32 686470659
29 893508547
30 322210240
29 236087117
30 991607995
29 61017135
31 543041201
29 970861705
29 778408591
29 687230230
29 939775795
29 911529818
32 903847011
32 554041912
32 595581582
29 589061487
29 213137042
29 331923099
30 353454216
29 973580463
29 909858555
29 96659169
32 533154956
30 221605710
29 499539378
31 823178664
29 395636977
29 299519092
30 806677650
29 457704743
29 931334693
29 877143951
30 656333059
31 200138711
31 798551839
31 863147876
29 271709042
29 788973833
31 111597875
32 397353208
31 689446674
29 559576883
30 18888591
29 691932074
32 136864287
29 253456731
31 232412113
31 687369621
29 126860803
30 762835501
29 225970212
29 587896205
32 616188220
29 393972748
29 8469202
29 872467093
29 870666973
30 566640473
29 946254790
29 318074420
29 412471898
30 254743625
29 309352583
29 984357631
29 16961539
32 583433494
29 259023755
31 640791770
32 358525675
30 266873948
29 475609257
29 722931292
29 183798411
29 535085633
29 388492791
29 613612199
32 871169661
32 204678116
31 996989359
29 675970496
29 136798853
29 286252188
32 825345091
29 893673678
30 911413075
29 785834444
29 809697870
29 759273512
31 243799197
29 107363352
30 976009936
29 234440801
31 229982741
31 83092494
29 94235475
31 811622096
29 582745630
32 652538971
29 900970526
29 826198278
29 603253052
32 456082293
29 787191773
30 8318956
32 790961466
30 767103887
32 364496377
30 34434805
29 494956689
32 427191595
30 171275994
29 692040689
29 500242275
30 450442926
29 445621784
30 108309330
29 532131358
29 267313137
32 836077274
29 365404671
31 966296834
29 835535923
29 274951901
30 817842304
29 215443133
29 407253095
29 666236909
29 326586080
29 240127117
29 817663466
31 778635161
32 970732260
29 339639825
30 332315462
32 956521564
29 271873857
31 879040509
29 769067415
31 902365683
32 946062681
32 264981028
29 368317290
29 263655491
32 460420723
30 446536020
31 121635279
29 369399839
29 783537969
29 20114097
30 462328683
31 829822287
29 270729613
32 844457981
31 764572416
29 589592295
30 646597904
30 72559749
29 333104922
30 268759784
29 276898135
31 46270504
29 470379635
30 989251343
29 247487500
30 967721394
29 426387103
29 187916277
30 332121564
29 192147177
29 440118433
29 357548522
29 7093338
32 644625606
29 604627095
29 528012526
29 104236998
31 180963128
29 110791501
32 834708919
32 221644814
29 406011142
29 912430410
29 640155738
30 114920802
30 170050830
29 931673960
29 580810664
31 769010238
30 189582220
32 360342332
30 665302701
30 628367260
30 43887769
32 251727668
32 785523998
32 830941829
29 811588544
30 682230118
29 636984373
29 232865238
30 863797616
32 658043373
29 145069392
29 230798659
30 845831762
29 509969604
29 536521059
29 605373515
32 526220647
29 20983608
29 476489507
31 944949047
29 133351826
30 162808530
29 580456656
29 262798268
31 373932406
29 16621423
29 440700092
31 89572960
29 337186640
32 840883106
29 237820247
32 277985528
29 634641949
30 239140154
29 19802127
30 288668895
29 781328741
32 337178246
29 468275406
30 769416465
32 638567110
29 308606578
32 112655230
29 125774613
29 412120111
30 82075731
30 861016132
29 882237377
30 638924617
29 88511078
31 543446927
32 370284433
29 220332574
31 151487043
31 432843804
29 307020410
30 535892411
29 222701986
29 576661016
32 430185068
31 861082350
29 169073854
29 282098180
29 80459630
29 598733485
29 145052889
29 488878218
32 17088650
29 847101114
29 544118619
30 429540318
29 675639951
31 567315507
30 523223310
29 350822811
29 711655285
29 306436508
31 941854769
29 768105784
31 52011842
32 249320703
30 352029013
30 960055074
32 912943859
29 253793402
30 960203518
29 298158715
29 252210308
29 33047591
29 475200035
31 839256626
29 592272495
29 143092941
29 872487020
32 702564870
30 18079066
29 851969962
29 734393342
30 340240562
31 83932000
32 465930925
29 548286367
32 207158604
29 796243390
31 521789492
29 922328636
29 682157710
32 778571913
31 776678447
29 688449030
30 871412153
29 121061942
29 993476358
32 244786434
29 861520839
29 345426149
30 529998618
29 226984120
32 787607028
29 748914740
30 556781080
32 659145094
29 964945860
29 517827209
29 80297367
32 486247322
30 55732996
32 216583835
29 360472949
31 212152906
31 770362855
29 983322796
31 25736760
29 530312357
29 684275735
31 455800847
29 234357273
29 692250316
29 137188883
29 195800685
31 392558924
29 748024075
30 96414783
31 906504237
31 171847018
29 396000795
32 25168900
29 496863423
29 392591119
29 770671366
32 20183952
29 618519534
29 358472411
30 813608548
31 531652962
32 901891447
31 63309822
32 7136674
29 410964369
29 56442980
29 299651336
29 38730627
30 254738093
31 689136268
29 92632397
29 805262936
32 517671038
29 57970511
32 699725976
32 261341641
31 629900755
29 88491029
30 417759076
29 159881416
29 51155010
29 636458772
31 435616099
32 506730834
29 59000305
32 45443091
32 704073120
30 325581703
29 503370624
30 943724187
29 555697354
30 18223895
29 350152188
30 914170908
30 580872346
29 92221230
29 728666194
29 490045900
29 279862962
30 504396011
30 906610720
29 42235808
29 614120392
32 73699505
30 999810401
29 531046351
29 664608708
29 515771353
32 487330305
31 317136066
29 110045857
32 502327432
32 862830655
30 458263556
29 6147028
29 399137
31 243364162
31 379331397
29 630962165
29 961291907
30 84958595
31 514991880
32 895402266
29 932157445
29 291517604
29 215777923
32 991828537
31 546241941
32 880914831
31 929034527
32 688086165
31 643030922
32 935100785
30 824963119
30 562548705
31 896236315
30 737974272
31 552033080
29 672907806
29 284552656
29 699672208
30 217910812
29 124623007
29 263981004
29 627012884
30 370416285
32 975207638
30 241753439
32 52568972
30 79844452
29 938609975
29 3665558
31 686965085
29 611586752
29 395031842
30 302411096
29 534714781
29 675151964
29 91638001
29 862532087
29 476116232
31 756191328
32 259326688
31 334011244
29 770511438
29 300602227
32 72748864
29 343910535
31 696581085
29 598830993
31 324806892
29 535878553
32 975707260
31 221872786
29 557192538
30 878741277
29 33316532
29 836855306
30 488194453
29 193851099
29 802332658
31 530590967
31 475158267
31 574539906
29 865179455
29 245280585
29 510761513
29 33006456
29 503887344
32 106681137
29 820856399
31 839058214
29 574264525
32 896215612
32 32497482
29 833513879
29 330512208
29 944662545
29 7777860
29 314987242
29 406202944
29 998231452
31 632645707
32 43971908
30 521325289
29 746275204
31 670290041
32 507061352
29 96872494
29 763273577
29 534740626
29 952130404
29 920036045
30 144506144
29 7886513
31 778474336
29 162573680
30 356051418
32 366757162
29 274126585
29 948512277
30 130019262
29 815489911
31 181913300
29 832212210
30 910269589
29 273819533
29 883503543
32 412831958
31 837521532
29 434253973
32 696296204
29 138596886
29 254977513
32 310801568
29 218876785
30 147705369
31 751211310
32 509152966
29 399865641
31 217469274
29 593564293
29 272094500
29 186166338
31 817004193
29 348876551
29 630587432
29 915994007
31 897097475
29 99591290
32 359514202
29 527395519
32 761184036
29 909643381
32 591964100
29 161955746
31 927956889
30 138298031
29 113654435
29 976947374
30 28099660
31 524280825
31 902641456
30 79751839
29 935965233
29 161385929
30 725464359
29 338189218
29 655678928
30 829004012
29 30241185
29 80287844
29 173498455
31 91961854
29 171244263
32 785365572
29 689037101
29 740861757
31 489631649
29 667683967
32 246043069
30 326070358
30 792918143
29 113868354
32 612700892
29 716471691
29 114426938
31 716630434
30 78118681
29 76013296
30 572843673
29 34352371
29 730709403
29 524162135
29 922381390
30 883358151
29 886095684
30 289745218
31 616788608
32 267652919
29 68455361
30 621817114
32 820399311
29 52716754
29 366550718
29 413231422
29 341804618
30 194993572
29 489362716
32 78672007
29 537845206
29 121048812
32 733254614
32 808006731
32 34287213
29 57284371
29 717321071
30 515497649
32 904184878
29 218857987
32 409414002
31 896161229
29 4778981
29 675424125
29 887168525
29 179694479
31 475981603
29 55023668
31 914992938
30 552942517
30 81158563
29 924790416
29 168466887
29 261803774
31 789782217
30 633325704
29 769020696
29 472220610
29 921936611
31 802210540
30 905601963
29 808657139
31 379207932
31 26042275
29 786493085
32 521081081
30 291100011
32 361260164
30 947801865
29 364566276
31 469644256
29 582045224
31 724735005
29 417861384
29 440836793
30 429176084
29 434678451
30 362272713
29 135454398
32 175295852
29 797550689
29 406443876
29 189512154
29 149855367
29 71465729
32 264150659
29 915459855
29 305697968
29 563208253
29 430117684
30 448842913
30 20269188
31 589581321
32 706535297
30 596403803
31 460499154
29 941319820
32 982381861
31 634458374
29 829730651
32 778319010
29 241907111
29 948313811
31 708810140
29 148224578
30 540302405
29 343972007
30 362917461
29 883019124
29 854505186
29 811258243
32 184365694
30 96692680
32 504733354
29 58644490
31 916458533
32 603514386
32 19290362
29 234141093
29 696492981
31 953720361
31 95193638
29 339669917
30 14973257
32 139493115
29 72041277
29 980187531
29 320872737
29 28652576
30 851560393
29 723876364
29 597452246
32 457621023
32 179418532
29 718435195
29 412033577
29 640496356
30 619829540
31 164724858
29 270271546
29 382851573
30 648542307
29 497216535
29 559412797
30 162291138
32 473565984
32 408301158
30 14965772
32 810141833
31 785010911
32 664189223
29 418692484
32 288726371
30 224336643
29 94023525
32 902017502
29 251493992
31 4364388
29 593500777
29 620496149
30 979033609
30 113090025
29 636178380
31 44213808
32 512109951
31 70296780
29 467326868
29 586053497
29 722604879
29 970055384
30 12990842
30 656361531
32 548879001
32 330038505
29 665099502
29 773643812
32 826348233
30 780842951
29 285514187
29 694010963
30 57189889
31 185490051
29 697584879
31 970365129
30 475293529
29 236569584
32 628323252
29 538730902
29 898268204
31 464661106
29 167898391
32 794059348
29 582346741
32 620917284
29 24842873
29 757063506
30 841668382
29 901623594
29 190861245
32 588793663
31 403382841
29 598207237
30 851474789
32 328559495
31 406729417
29 352621998
29 21750279
29 760594151
29 359739027
32 284020543
29 766804196
29 135864489
32 980828834
29 396709727
32 109166906
32 542552261
29 908541311
31 125094645
29 182420475
30 374141811
32 909264470
32 651279076
31 251292317
29 126282649
29 424469153
32 657661257
32 837229267
32 257421554
30 566555945
30 377712070
29 3919440
29 240678698
30 228571764
29 208772970
32 437980733
31 574640398
32 460720465
29 911914085
29 839112655
31 197645041
29 471676889
31 632921265
29 313860356
29 934984900
29 122861757
29 623954926
32 220291861
31 147633361
32 738180010
29 758245837
30 76654935
32 303950387
29 119182339
30 555442707
30 659097562
29 444479135
29 897342427
29 21649855
30 567684606
29 501776418
29 419682033
29 950917717
32 638014232
32 210919309
29 746385217
29 956419014
29 617109717
29 628767693
29 965018046
31 47559692
31 751487525
29 290800545
29 196959605
29 26904979
29 166104816
30 603597305
30 279254
30 714698803
31 94536851
30 702807948
30 769957623
29 753448447
29 540684396
29 130379774
29 277027943
31 252872428
30 977251463
32 42622534
29 877093837
29 206704409
32 390437149
30 563797268
29 349513473
29 54014251
32 116408961
30 222845449
30 742990780
29 683335783
29 268577209
32 292319551
29 792132923
30 69871215
32 892017090
29 246106960
31 970979111
30 92733565
31 312979218
29 829928153
30 577754789
29 347225440
29 560830483
32 125471186
30 417350474
31 98192087
29 465924168
31 806280821
29 446574797
30 148104577
29 158139012
29 490491740
31 451657752
29 105345294
29 480206843
30 47287060
29 456939348
29 871228870
29 543521882
29 315087494
32 201704079
29 909630989
29 650637796
32 405855957
29 604088424
30 228640905
29 44061859
29 398391621
30 771669650
29 191316481
32 777129480
30 580524162
30 101607375
29 769831688
32 748373998
31 817360283
29 313873860
32 710299233
29 287649377
29 989176939
30 466942366
29 224389939
29 801090375
32 188837838
29 443167516
29 108084997
29 54877830
30 545987707
29 268892581
29 983345710
29 505907240
32 826374683
29 518930
29 620144176
30 176890797
29 552707297
29 334508717
29 938514590
29 579837877
32 686386713
29 104112657
31 543982566
30 436796964
31 572457454
31 738017132
29 556435678
31 602839242
29 371899520
29 650514512
29 249583148
30 788485449
32 275205827
30 476235176
29 931876018
29 699989971
29 645901529
32 223684328
31 942551037
32 629962582
30 21430140
32 777644397
31 663317850
29 448243097
29 298629502
32 336574388
30 808982961
29 957409072
29 824673713
32 216435307
29 729386535
32 222473713
30 966711111
29 962541005
29 541938804
32 168431013
31 982321021
29 51305462
30 875162490
29 886173565
29 667281857
30 747492787
29 466161664
29 935555145
30 97641695
32 517996068
29 31384714
29 159718316
31 752444399
31 463527920
31 164531224
29 72420733
32 60005473
31 327491867
32 22423986
32 306675905
29 640329193
29 106917591
31 666645899
30 508847139
29 150195264
29 354090398
29 103460020
31 148992829
30 439839842
31 170454416
31 201593110
29 154322745
29 644386764
29 398424582
29 356930565
30 997040674
29 842061644
31 707238137
29 370033738
32 314862774
32 387171864
29 480188907
29 729258305
31 883141945
29 958830689
29 768350680
30 309031349
30 782591117
30 376570223
30 346115206
29 12477709
31 708506829
29 121389358
31 629200833
32 254213184
30 397403071
30 36409520
29 580806022
29 3411648
29 68175088
30 126179302
29 953531676
29 381761817
32 599215753
29 2253204
29 134031356
30 271851367
30 26157039
30 430554787
32 652609678
29 862359652
29 402471156
29 479751843
29 541682656
29 415933311
32 419542168
29 653943995
32 408735945
29 834863338
29 24867013
30 127927675
32 904995618
29 91647937
29 171264145
32 233094556
31 362805264
29 209081619
30 24915788
32 357768813
30 718206640
30 947385086
29 233902430
29 163413954
30 284916960
32 50194701
32 731997241
29 396109610
29 865295809
29 449590537
30 517078382
31 330849611
31 812756171
29 768529309
29 19069925
29 127312515
29 401072543
29 715899479
32 704733543
29 562752865
32 835951784
29 961616407
29 566245817
29 75009536
29 904168777
29 33644977
29 891445557
29 467265454
29 933297417
30 321709765
32 701380674
31 622130848
29 484202719
29 488699970
29 223648314
30 359569247
29 462986443
32 891789300
29 658219921
30 737226565
29 145927156
29 57958612
30 424110526
30 152598575
32 865985153
29 189631933
29 133544330
29 847395811
31 675547659
29 881873766
29 918143729
32 197015582
32 875167108
31 276261761
29 563795194
29 964476316
29 491596761
29 27697340
30 111819019
29 458939149
29 87755849
29 207766028
29 260227746
29 361376044
29 81859805
29 542733317
32 442094590
31 36986746
32 991621023
31 929434235
30 486091870
29 883495394
29 308485997
32 705692709
29 878192980
30 313094957
29 769795322
29 624560335
29 326727464
29 611244403
31 760732529
31 291472203
32 119770423
31 128484200
30 110547480
29 131406387
29 382895273
29 877143272
29 816559702
29 544260849
31 156502000
29 13527767
31 183707007
29 972906872
29 27617475
30 463206751
29 311756850
31 613932660
29 852059620
32 979036106
32 843485953
29 71008654
29 469712882
32 548594852
29 799281245
32 428357855
29 742749674
29 349226122
29 993175759
30 314183069
31 394487054
29 376438893
29 276710608
32 863831396
29 632826655
29 493163003
31 789761346
30 8896650
29 441673858
29 831948635
29 2884571
29 184003385
29 776407789
32 142375214
32 39868723
29 921932082
29 150393903
31 559811821
32 249526459
31 626580097
29 511175781
29 165124969
29 142847927
31 25871420
31 316500598
31 336614586
31 725259920
29 865217628
31 153859227
30 868882649
29 469439715
32 438812681
29 956183249
32 324395721
29 551986446
29 343424828
29 934050330
29 196965395
30 96994319
30 808551763
29 256205208
31 472488113
29 117053857
29 728422135
30 311431207
29 50531645
32 951486616
31 237962290
32 448699421
31 553453938
30 209228653
31 300859639
32 805820565
30 895348556
31 566696038
29 885179860
31 574578647
29 9277401
29 346757226
31 206494912
29 978092542
29 987241458
31 183946584
31 198127227
30 346304956
29 896986251
30 345563587
30 592922447
30 785506573
31 554153350
29 792390119
29 550167587
30 253763200
30 746473316
29 106754085
30 163111826
29 885497957
29 953639497
30 603255722
29 562734385
29 509460728
30 135625944
29 598991898
29 206074857
29 398804530
30 462644585
32 954093813
31 743416474
32 142232171
29 572658370
31 222944619
30 15331007
29 131813449
29 316440829
32 997961902
29 86405148
29 108347679
32 336802960
30 404657208
29 434453721
32 120301414
29 265418087
29 986380384
29 363588443
31 649824029
32 137076931
29 641411730
29 452635702
29 67083622
29 849290098
29 65523173
32 313918083
29 272158776
30 953623088
29 702503818
29 438078573
29 240638524
29 542765827
29 334885872
29 367812751
30 108510019
32 101638994
32 968806903
30 748313670
29 83367136
29 335254635
30 129338871
30 103251945
29 86548039
30 80028258
31 220826837
30 206116453
29 949149762
29 851240722
31 162260722
32 434677219
29 523321582
30 675931068
31 546584700
31 963173404
29 657173942
29 281240390
29 94832800
29 776937068
30 128502946
29 700619892
29 277065559
30 51539454
29 846306494
29 749522745
32 920655226
30 680137976
29 909621062
29 653057732
29 815121610
32 490605481
31 662094852
29 50679896
31 453677660
29 356906797
32 402880881
29 187459846
32 1303790
31 482072830
31 837380471
32 112300751
31 454261632
29 37764046
30 417079745
29 137850952
29 456157664
32 208400570
31 125494025
29 319138966
29 897870801
31 118775495
31 561721220
32 936021100
31 811339727
32 529978869
32 620225612
29 523081757
32 727491076
29 387814234
32 359212658
30 862245045
30 176490352
30 896471461
32 287580949
32 27535484
29 655427702
29 652848800
29 291970950
29 38518412
29 384847595
32 384315019
29 891712549
29 251756153
30 879837007
32 972000229
30 215724767
31 827413140
29 46624095
29 554643571
31 125314153
30 93050205
29 693423053
31 407335104
29 290190565
29 290724204
31 249030932
32 475572473
30 183882345
30 69075275
31 505148159
31 704526786
30 86423786
29 916835470
29 722152614
29 863049931
29 966261691
29 533252064
32 45017537
32 26640527
29 864468006
30 370354147
29 666505747
29 736836573
29 172925661
29 858342092
32 222376078
29 450762485
29 442492822
29 216161955
32 321516627
30 172184413
29 757379019
29 471236660
32 732188208
32 777639791
29 731915734
30 903908955
31 579538258
30 200950733
31 333649855
32 288380786
31 150825686
31 47139452
29 767425947
29 209549974
29 327193409
29 39872248
29 58033625
31 764195120
29 644596309
29 949794008
30 201212929
30 82960201
29 964847744
29 982735296
29 108672501
29 395809088
29 172616174
32 612234795
29 530622166
29 885135096
29 523238469
29 454678160
29 632153505
32 847085649
29 840402108
29 967289544
32 970127971
29 815482010
31 820606021
29 724230354
29 301721502
30 479234003
29 484296842
31 566381144
31 279289106
32 166504752
29 325952794
29 288860755
29 865467503
30 621634621
29 9935105
29 937505691
32 891369485
29 445581943
29 766702940
32 128486967
29 376720089
30 166082947
29 276402806
30 995926073
31 173530380
29 599934511
29 620992785
31 465324209
31 38186938
31 498194724
29 5139473
31 736992679
29 564699414
29 216561681
29 203911170
31 303403529
31 618752752
31 292330476
29 264109089
29 362711363
31 21467082
30 122875792
30 844258490
30 726308603
29 987295880
30 351592464
31 409831687
29 770557052
31 698408150
31 557560219
31 75679371
32 185322378
29 976612644
29 972801253
29 18374053
29 312825890
31 364631128
32 691724264
29 689917528
31 360510255
29 771445058
29 167478025
29 179473930
29 655549265
29 810753687
29 607718290
30 368694228
29 483725025
32 753751624
29 180995872
31 845106989
29 736912308
29 859939807
29 916324868
31 39285021
29 37474143
29 84911398
29 953859347
32 189744226
29 369461377
32 939527245
29 817637165
29 60456209
29 804410088
29 856869359
29 206156339
29 860364108
32 281598894
32 620960063
30 629398720
29 926977983
29 223057466
32 125993822
31 733986201
29 215927872
31 716440573
31 301448638
32 130774124
32 220467692
29 332791414
29 401562225
31 43903631
30 954582661
30 403901370
29 659577051
29 620484528
31 578262657
30 519209783
30 53560898
29 608689032
29 248556370
32 295712438
32 305832669
29 487409250
29 261088595
29 788354301
30 694950938
29 316425307
32 29460352
29 128741197
30 137156054
29 804939730
32 939110154
30 513026093
30 356182659
30 49535079
29 337692488
30 202001727
29 490919722
31 813261229
32 19335681
31 876548229
32 458859010
30 762757272
29 642896573
32 349238642
30 915565642
32 394322465
29 399591791
30 843908526
32 908950936
30 836469442
29 692013351
29 513295849
32 742229817
30 886954227
30 704415685
29 214608636
30 236967683
31 482475383
31 178482418
29 331943816
29 860574354
31 174804313
30 284219226
31 352631743
29 374285454
30 515643231
29 521021208
29 782122888
30 437141424
31 410845973
30 873235781
29 239103402
32 603336529
29 526268453
29 982199907
30 681538386
32 931803831
29 603989454
29 152051992
29 718978976
32 363775526
31 727659585
29 572043302
29 85602492
29 638034669
29 729019825
29 745454250
32 273509464
29 442325851
32 485791395
31 157233771
32 92303353
29 610662548
31 418532698
29 505669006
32 756253701
29 510593077
32 720949623
29 676535019
32 594999969
29 77980849
32 463368685
31 158293347
29 510399436
32 988650591
29 775176119
30 754531393
29 578955553
29 826792785
29 130321177
32 577402157
30 706093020
29 831641935
29 109049421
29 457683950
31 470885437
32 316838889
30 915324252
30 847129688
29 226616590
29 46570601
29 734174867
32 393507638
29 192790956
29 962936784
30 602034458
29 130782482
31 987956544
29 401927706
32 762810689
30 712361691
29 736914465
31 982952382
32 313529296
31 105009849
29 213386500
31 758444351
29 979653973
31 397312773
29 178871031
29 596347492
31 783273555
29 238148528
29 508282147
32 317367414
32 688539251
30 269428002
30 268559958
31 928833772
31 4541083
31 511970833
29 967864593
31 702226764
30 599099272
32 719188077
29 238753796
29 287805285
30 414637474
29 192665971
31 351641676
29 595896596
29 246887237
29 932724745
30 185225995
29 709482820
29 301412260
29 625207937
29 979496710
29 798579650
32 653336352
29 620397380
29 323043201
29 956693585
29 376628885
29 443732134
29 587542494
32 448904928
29 87874188
32 292041222
29 607779544
29 256603758
32 82543456
29 882585104
32 409550780
32 646905519
30 845388810
29 185338907
32 274625275
29 817436719
29 482484322
29 374705992
31 95887998
29 786336560
29 232805176
30 646799947
29 247547558
29 303474128
31 840714998
32 823672536
30 517475153
31 477379054
30 101782236
30 332735048
29 56422757
29 544482012
29 942088562
29 42082493
31 721787237
29 969902205
30 1286083
29 254033815
29 497010372
29 417584917
32 471346236
29 665814181
29 564606967
29 928542886
29 634226621
31 647686800
29 60195980
31 500336185
29 599478260
29 59721236
30 925884589
30 483597720
32 619694216
30 429432430
32 731704138
32 687814694
32 715491828
29 975963540
32 370812740
29 594216659
30 286475765
30 718100765
29 842234737
31 442572299
31 961300411
29 389384737
30 86911275
29 451296538
29 951748737
30 150948895
29 938796828
29 51636851
32 992119100
32 298287287
32 698029357
30 533512622
29 257937471
29 920236343
29 72307881
29 557063905
29 587886657
29 586494931
29 6916803
31 684076957
29 261593463
31 430204950
29 784134723
29 13937525
30 152764057
31 544988814
29 138911107
29 90442645
29 554024023
29 119060613
29 607901607
32 985620956
29 354031946
29 132388212
29 509988450
29 145855994
31 800656003
30 75320631
29 558035156
29 302915804
29 920808216
29 260853933
32 796246575
29 619027428
29 432026515
29 151389386
31 918433252
29 371106075
29 653543059
29 662632824
29 379020656
30 382857705
30 675661245
29 295614587
32 994836975
31 758776187
29 809897196
31 520694282
30 643218946
31 582837145
29 892597615
29 313217690
30 356961259
29 923095026
29 522632511
29 786180320
29 992772552
30 992961920
29 667001481
31 919585511
29 730774695
31 779145267
29 218857214
32 437697173
32 33203666
32 327731931
31 137148284
29 609994788
32 30201450
31 743292407
30 533159106
31 410490613
31 12523079
30 693712075
29 995138261
31 898407909
29 64798363
29 917905405
32 137623884
29 525777260
29 401812812
30 212242303
31 163692165
30 730833586
30 480586015
29 9755889
29 823948394
31 774787612
31 344037364
31 931458444
29 742253175
29 82069560
29 482719987
29 837954858
29 490365673
29 611291678
32 498446319
32 398767371
29 407724018
29 395078740
30 952043202
32 695405674
29 170546957
31 430718130
31 564315109
29 156216123
31 376516264
29 227430414
30 374066152
29 292301579
30 858992771
29 757406737
31 710063019
31 319999024
29 370161964
29 924257334
29 587956975
29 819313312
29 563904443
31 717903931
29 558684558
29 881516389
29 160764597
29 628632494
29 497038515
29 143227848
31 289524492
31 298236067
29 881361195
30 813853276
29 388316430
32 471626078
32 241061248
30 560732098
29 953623270
32 625283030
29 347578478
29 239601869
29 422453313
29 255972896
29 757585917
31 930841012
29 60629356
31 583304834
30 60266986
31 432124722
31 929802540
29 425652987
29 370674563
29 730777849
32 947348211
29 925598581
29 631374410
29 604597180
31 482082081
29 24412919
29 286070853
31 947001679
29 736541404
29 128443224
32 351823281
31 118637921
32 596368627
29 954120474
29 610111010
29 946420394
29 3432548
29 974379988
29 198899086
29 379074918
30 555544928
29 451550497
32 70087847
29 402306582
30 101445967
31 550559818
29 688206705
29 559020040
29 409469680
29 704838735
31 83200276
29 678937118
30 286469423
32 904653225
32 842461747
29 957037519
31 451277587
29 46917384
29 862611112
31 583721314
29 321563504
29 595309150
29 690401632
32 712059769
31 648498244
29 956580206
32 149644693
29 425088082
31 746082129
31 857372184
32 214895622
32 348789274
31 271090327
32 40158307
30 915357822
30 131635535
32 567671619
32 811157062
30 474065463
29 583223777
29 551342384
31 113764646
29 6404290
29 374721575
29 283536639
29 487119722
32 242341968
29 751357252
29 643613953
29 982849244
30 424489651
31 476703540
29 794347970
29 391308845
30 715346857
30 8933890
29 350135449
30 654964204
30 243002743
29 152350569
32 858837419
31 948481557
32 856914312
30 598805207
30 518293908
32 74529269
29 647105243
32 195105258
30 771269615
31 371599622
31 213416869
29 872359541
30 986163972
29 627397860
30 617859997
32 981999683
30 13772996
30 438040872
31 643140808
29 985956871
32 991235491
30 238342231
31 106203370
32 680195488
29 828055108
29 806502171
29 182517783
32 300396939
32 188326039
31 347937599
32 966333472
29 852358956
32 227390367
31 578324583
29 508034901
30 36959575
29 43689822
29 179926553
30 425821303
29 570679892
31 711623132
30 924815844
31 583782449
31 874523377
29 616901750
31 761516885
30 341862117
29 225188149
29 399842580
32 355778879
31 484145852
32 101879532
32 43367996
29 454661899
29 77045600
29 142033439
30 701622020
29 948713168
29 708021846
29 448955572
32 815536508
30 461312384
32 227108155
29 717372902
30 583337962
30 272153029
31 59407312
29 172904601
29 362911853
31 726312342
29 935328720
29 77890702
32 671329318
30 591609403
29 676594130
31 873260833
30 480660923
31 741907699
29 892244916
29 764405481
32 544490352
29 237770538
30 522071232
30 256026632
30 444859773
32 350052348
29 288260778
29 750185655
30 368768823
29 292516491
29 141540252
29 701933499
29 757813924
30 908634358
30 208501552
29 960318141
29 718648830
30 966864902
29 409648104
32 337585867
29 26895163
29 594606539
32 252391069
30 794597434
32 88284569
31 219637091
29 545450857
29 394877925
29 987103548
32 187356614
29 502980893
30 628311838
30 885244259
29 542390191
29 47274652
32 986305170
29 861025223
29 585341272
31 27567263
29 781083127
31 353562304
29 349951517
31 2333798
31 557236215
29 229234541
29 496029653
29 857689689
30 139319243
32 127622861
31 184169161
29 593202755
29 7428536
29 376621775
32 221059941
29 219233925
31 482964900
31 847054966
29 886289356
32 339118514
29 207999593
29 650535439
31 622904735
29 114231682
31 971867058
29 498898642
29 102807656
32 387772063
30 461423820
29 297327982
29 592732803
30 88893094
30 114302576
31 448939933
32 251063490
29 582111148
29 819162883
29 260320056
31 677431552
30 550307936
29 98462725
29 542044955
32 513117696
29 802956885
32 502592954
30 968087628
30 682025952
29 801716155
29 117962587
29 310987438
30 714480293
31 49929153
29 597484114
32 479565947
31 628309566
29 610782828
29 597272004
29 186603682
29 501277676
32 25286402
29 102307944
29 18310
31 912210057
32 238136824
29 477504083
29 816747522
29 742255385
29 237353070
32 133912280
30 447559528
29 763066454
29 957524218
29 717709679
29 556781941
30 72541206
29 196428307
32 905356988
29 130795071
31 516967887
31 2016054
30 165379401
31 707663905
29 813744696
30 586072569
29 486128301
32 514660368
29 700936478
31 789129385
30 927124866
29 609443941
32 561662705
30 393176908
31 979098126
30 84878992
29 325472455
29 960397892
29 126094026
29 471167968
32 849021551
31 720442223
32 94092993
29 835711421
29 844742025
29 795464248
29 462534519
32 434947938
29 70941549
29 336264738
29 458723093
29 249976239
29 357267457
30 760098303
32 682518428
29 97217597
31 731643865
32 276226080
32 199538172
31 394327461
29 377312790
30 920061786
31 834337815
32 404349213
29 570285329
32 100797796
29 663917594
30 374714557
32 870208470
31 331711109
31 855375793
32 732402401
29 983761036
29 77738535
31 955660015
31 915322782
29 32422654
29 498776637
29 934697181
29 92519328
32 814142169
32 836628186
29 459738416
31 495822706
30 801824393
29 999134165
31 622318064
29 338910020
29 309937153
31 368375040
29 942126417
30 440739169
31 572437746
32 284741860
29 541769105
29 483190501
29 325221674
29 731034150
30 298336309
31 524792606
30 290335668
31 166558679
32 829099903
29 921024198
32 293078807
29 478924018
29 366382526
29 407775528
29 971049210
29 767797731
32 653743625
31 22312787
29 440168156
32 12113828
29 167266361
31 392540898
29 382798369
29 495395518
29 230022945
29 954184351
32 218356076
31 30886251
30 566136126
31 479952416
30 369053339
32 470076087
29 988172577
29 762104302
30 503020064
31 73327743
29 977789553
31 554182588
29 867338697
29 577633631
29 289159043
29 204816392
29 420850572
31 115085367
29 401810196
30 924762490
29 374519106
32 750946389
29 87753527
31 326527783
29 159621742
29 553490068
30 275190044
29 620264566
31 2377878
29 821763148
31 702589417
32 824269328
29 822363526
29 691837771
29 856328089
29 275415137
29 386775643
29 669497607
32 24869643
29 982133828
32 603592180
30 543946806
29 518743683
32 989833027
29 671155173
29 687919066
31 924318063
32 208792489
30 271747244
32 697395732
32 275284252
32 787185841
31 797424399
30 227504377
29 725905419
29 710289367
29 552863951
31 692979774
29 505017537
31 753597224
29 315427204
29 968472120
29 813659948
32 94549334
29 553661907
30 89327980
31 686350292
29 349739406
29 666134961
29 544769880
29 45845737
29 69659901
31 944975650
29 947653232
31 528958462
29 959584157
31 414794592
32 902565094
29 87222299
29 867768825
32 77405681
29 539711417
29 8837884
29 539495209
31 426372446
31 509673855
29 483877109
31 173828676
29 649644280
30 730563554
32 433178428
30 864998936
29 935917926
29 845253859
29 656941759
30 442938175
29 761585910
30 509965332
29 238984174
29 242689897
31 114225220
30 933271383
31 588877000
29 7718473
32 607149425
31 443969869
31 836106960
30 475712423
29 162372709
29 677615125
29 995043565
29 46678566
32 75048352
30 372851227
30 604116400
29 379934938
32 271038482
29 521644694
29 444427718
31 762374226
29 891603005
30 401268796
32 756564470
29 165513298
29 621174739
29 86021404
31 64158053
32 542202742
29 943904638
29 602726660
31 912104792
29 620345354
30 427441174
29 630524341
29 95012511
29 109161201
29 641393826
29 509317111
30 733354632
31 945253176
29 160601903
29 219630747
29 354710936
32 334553451
29 228631518
30 875398005
29 132512403
31 716680274
29 848183398
32 339104897
32 776873608
29 388350672
31 957763400
29 200715094
32 914995299
29 94371970
29 992279443
32 1615001
31 923328819
29 343344420
30 273088525
29 964306599
29 820640643
32 785366394
32 654953586
31 879581727
29 378497407
29 260433102
29 922071051
29 715715160
30 757004574
31 813594042
29 879930081
29 989372865
29 332874548
29 769630596
29 477093973
29 74137055
29 400701471
31 760877738
29 950446865
29 154223238
29 709504003
32 196975289
29 769410276
29 677168272
29 114187009
30 708513751
32 932802099
29 758528403
29 414915935
29 475525470
31 653804178
31 514851733
30 994697739
31 348296743
29 111064415
29 548538724
29 322296660
29 759014362
29 297100904
29 627940082
30 930572480
32 852505085
31 727176105
32 539156969
32 742784126
29 377732922
29 309809163
29 518478978
29 593363778
32 605866944
29 33394739
29 192193926
29 967207202
31 515284166
31 384359550
30 411407580
29 621779589
32 97334304
31 874599496
30 340374719
32 469463657
30 647974839
31 553589906
29 374342039
29 546128445
29 812120551
29 504557794
29 763099200
29 500692797
30 657897248
29 557952041
29 647971977
30 770207225
29 625766907
32 812491472
31 949979646
31 575014376
29 157441188
32 161338762
31 997356852
29 921810427
32 521115756
29 659912130
31 789328020
29 47219653
30 886248032
32 447300981
29 640396398
29 593771327
29 582187962
30 204742775
29 451717332
32 571288661
29 272520785
30 250217871
29 329807634
30 98373022
30 784313749
29 655780921
30 137787552
30 190722207
32 45519346
29 149619262
31 537681694
29 47210532
29 718901073
32 120164120
32 284944119
29 241540668
30 591156166
29 478400302
31 753996172
29 683424123
29 794327063
32 804287667
1 2 3 1 4 3 6 8 9 10 11 7 8 1 11 9 3 18 2 18 2 14 13 12 8 24 8 23 20 22 19 28 31 28 23 12 31 31 31 29 22 21 13 31 9 2 10 45 19 46 32 3 34 30 11 46 33 29 14 41 4 5 33 39 30 56 4 11 26 58 66 31 66 64 34 58 37 71 37 21 29 2 37 47 30 86 63 69 17 84 29 65 8 24 78 7 37 58 68 69 89 10 28 88 81 14 83 99 88 90 90 93 68 85 64 108 33 33 99 20 12 38 50 62 80 50 9 54 88 93 58 56 101 65 4 12 29 28 11 92 39 37 106 82 52 12 88 5 126 74 131 99 138 60 19 42 154 154 48 138 88 18 31 107 37 30 167 78 162 148 85 147 161 54 150 2 70 55 58 16 125 3 83 29 169 100 33 72 55 98 171 176 12 66 18 46 67 125 46 167 178 179 166 130 13 110 135 36 14 20 4 91 143 129 199 76 150 186 64 200 169 106 192 113 64 118 45 175 108 201 111 45 147 221 184 94 93 23 203 212 18 196 23 122 34 176 238 240 162 233 72 198 218 103 4 200 154 118 231 142 77 192 3 204 97 78 89 118 239 129 174 176 75 34 168 34 140 157 232 40 46 66 240 98 57 58 116 206 125 76 65 35 178 34 209 95 223 261 56 115 84 58 112 58 236 156 244 11 208 257 295 84 299 40 153 17 126 154 134 21 235 105 296 145 173 299 246 257 250 297 328 220 75 56 136 163 266 289 204 227 138 105 103 104 331 329 33 332 254 144 288 179 229 38 70 105 337 235 319 134 314 24 206 38 143 322 326 144 68 207 112 32 152 153 115 285 83 71 23 184 99 265 145 210 268 29 169 263 54 156 137 331 144 72 300 288 350 5 303 389 311 148 290 121 326 395 176 138 57 368 200 184 68 140 196 316 280 385 215 191 410 405 172 255 381 143 84 238 26 14 29 237 178 408 231 148 115 45 394 440 58 219 169 383 16 313 322 170 95 140 410 175 222 2 109 74 390 309 289 233 311 6 213 347 161 185 14 283 163 338 332 412 258 49 442 85 97 98 38 223 386 26 247 442 284 73 189 110 75 105 118 301 403 136 67 419 334 345 208 288 128 87 202 29 264 177 40 282 121 93 191 395 95 483 363 408 45 278 309 49 367 520 303 334 32 514 96 88 323 317 33 494 146 391 168 265 394 162 294 362 22 61 331 50 20 98 377 254 92 391 263 211 178 96 126 499 468 168 201 559 181 46 534 395 339 138 152 143 84 464 111 233 87 165 517 403 78 290 114 434 453 359 406 1 418 102 395 429 137 567 431 583 330 393 584 119 218 215 308 285 518 263 249 156 411 310 137 113 523 259 255 142 225 582 333 114 532 601 548 395 347 119 498 86 477 307 310 264 298 239 384 325 379 307 75 327 360 468 532 209 167 49 499 305 99 262 505 448 217 465 258 465 116 647 649 457 113 313 581 658 553 455 554 492 346 263 165 432 164 195 77 221 19 622 646 341 262 68 531 351 239 236 74 297 545 145 522 83 454 438 430 108 29 219 542 601 315 20 237 5 269 23 315 686 266 277 381 100 494 657 418 362 363 612 252 76 658 5 265 372 501 569 471 17 255 496 494 376 699 53 654 398 556 41 613 73 13 630 652 369 35 21 542 323 259 123 672 519 261 199 668 335 31 703 195 587 643 95 697 85 569 747 639 676 739 8 724 695 431 422 75 632 146 440 767 663 519 753 283 242 386 616 410 127 341 145 514 484 322 19 466 780 741 437 530 226 329 726 455 377 578 360 418 265 526 546 180 178 384 278 40 90 296 262 274 566 509 775 780 178 250 130 230 573 170 315 795 619 733 283 135 772 75 83 397 550 495 52 528 791 248 399 541 652 675 805 122 66 734 97 194 521 582 250 349 743 712 718 159 707 722 845 694 823 794 316 589 630 62 790 676 374 567 641 276 299 443 309 182 481 440 21 375 631 628 456 776 228 840 449 373 578 402 806 582 741 194 365 336 702 668 489 35 292 253 182 811 670 420 92 85 492 644 653 464 609 317 784 670 723 326 774 915 298 192 700 115 192 377 117 931 68 201 244 457 654 167 460 523 437 322 267 899 816 590 687 441 139 695 54 600 154 319 238 885 320 882 339 581 949 741 538 37 484 352 221 848 634 489 289 542 864 139 759 2 491 134 24 255 496 917 187 546 599 115 842 277 51 227 635 820 939 508 123 852 947 757 675 260 322 765 547 225 894 160 910 565 86 720 1005 839 367 993 342 756 82 827 916 906 23 108 158 89 496 177 843 446 856 233 47 790 645 117 223 823 915 696 403 649 396 156 58 922 395 238 451 678 1029 320 872 684 178 136 195 794 443 222 494 324 155 908 887 945 801 769 803 842 453 868 1 386 740 607 652 291 102 604 246 1018 847 924 164 589 504 291 666 267 27 158 1049 118 355 697 1055 98 614 968 724 382 871 246 47 648 508 166 830 323 293 524 1036 327 922 637 197 351 193 828 605 315 864 627 675 539 440 257 1116 979 616 840 939 975 971 1074 231 99 510 792 169 327 81 31 806 875 514 176 869 1011 1121 777 498 211 386 478 432 435 1142 497 980 967 616 682 408 1005 985 385 973 287 655 1146 1053 1095 566 144 285 654 358 16 1020 372 1111 703 26 278 1168 606 299 124 842 709 112 750 855 608 786 407 1091 181 64 898 1163 477 379 1162 309 77 177 662 818 116 1120 161 19 1031 1029 812 1035 804 180 159 636 85 272 172 480 946 634 173 108 177 681 813 149 916 1161 697 854 736 66 984 1116 970 1110 416 1189 1095 570 169 1048 1045 99 405 989 1082 520 432 1252 181 464 806 679 1115 1253 554 78 1208 339 1016 47 1148 681 222 136 295 383 944 807 743 977 330 1102 597 967 548 1143 592 42 7 590 405 791 383 541 626 892 692 885 286 1029 343 1232 562 851 874 836 596 242 591 55 661 194 740 1091 234 1013 968 426 26 141 975 931 449 94 826 328 336 320 731 1313 253 1091 916 1029 1070 1032 1207 547 256 620 126 81 980 936 75 912 525 545 797 476 1336 236 168 1054 1070 447 128 686 616 1019 1264 1078 1354 1151 581 747 940 217 1223 159 386 342 1035 586 1093 529 1222 430 1019 865 762 328 1087 95 184 574 1339 1110 285 530 166 508 1027 1315 112 750 46 751 299 282 583 483 398 932 998 674 644 796 422 970 1107 95 700 433 857 1019 332 416 1209 1196 687 389 706 1417 528 499 1243 1383 267 128 1013 1335 659 1100 1222 1376 547 1336 1420 212 850 701 630 454 275 1137 1212 140 1294 1075 627 849 616 1412 1216 386 979 16 781 271 122 348 626 875 374 342 1392 700 453 134 224 44 273 96 1145 1464 1031 221 905 358 1052 484 789 372 1331 123 743 158 1036 348 1479 1388 324 863 872 1241 802 1052 286 598 251 910 1281 835 598 899 1308 578 1292 554 591 307 432 52 915 1242 419 1230 626 446 922 1414 510 54 130 1146 346 1235 454 1049 813 460 1246 1483 462 1319 1490 749 516 144 575 610 1466 1100 1320 156 911 608 29 888 244 30 283 528 1168 76 792 915 479 991 907 1160 790 1229 1025 1499 1118 223 307 81 180 238 1524 200 1436 481 1053 1558 407 1546 1530 1115 1079 562 847 185 500 1565 245 357 250 1536 1407 941 886 1443 998 1013 822 100 1239 37 845 1485 593 1397 385 736 981 758 173 1248 1569 1427 1399 1575 71 595 163 127 945 411 367 1463 822 122 1200 822 1480 944 1585 1407 425 221 1387 479 1217 880 1262 587 181 55 197 36 1143 1248 1171 121 250 971 1018 1482 1237 22 103 1508 1505 833 925 1311 1258 1357 235 4 382 476 27 131 1599 109 44 1278 1059 1427 1 1143 930 1009 798 1630 362 696 472 874 490 759 21 1363 704 967 446 1272 1554 585 1058 1353 1077 1085 1332 876 294 930 950 1185 710 1429 1279 6 1024 209 1164 414 1351 935 1221 57 1566 715 1626 1524 1574 1146 1069 1654 1507 605 1234 233 1538 333 900 1429 1251 555 475 470 822 401 159 323 653 1366 1339 1692 459 1338 54 148 1554 1572 369 1393 1199 1290 555 430 724 59 1066 1343 1175 201 176 728 1027 1213 1540 1504 1611 210 437 56 695 1484 672 543 1261 1312 951 218 1097 1412 1315 874 497 560 295 418 1618 404 1408 347 982 630 704 170 985 1436 718 1091 1612 470 1234 1425 1793 1187 706 950 306 28 471 1642 975 1681 424 1243 1747 1070 1150 1444 1390 843 677 1148 1785 1031 250 898 1470 1340 1241 921 703 480 882 137 1123 440 713 1797 986 439 412 375 61 1647 1697 1019 577 605 1846 678 1527 728 1046 1552 809 691 1768 877 912 783 569 290 1433 603 1065 324 516 1476 1042 561 822 335 1122 830 407 214 1841 1851 1606 1534 1350 1239 444 1270 1790 1612 1677 1389 525 1026 193 679 1494 879 1215 768 1743 274 1451 1820 124 1869 1053 121 418 906 1279 1349 1127 1200 100 1464 1696 793 1885 283 7 1499 643 898 239 929 904 333 1059 1666 400 761 290 943 606 1112 1196 777 1768 1637 1110 137 526 478 363 1267 721 783 1785 450 1802 399 1030 981 82 144 1221 620 1936 1703 1064 557 702 1062 1583 1159 1413 1155 1521 108 717 645 927 95 1582 1160 188 1340 380 875 776 1095 794 623 1363 1003 280 750 423 1447 1873 625 1440 212 360 524 1691 855 1246 793 1297 1498 469 70 1996 1160 1568 885 1592 223 558 1139 889 1934 1649 1291 164 1075 1628 668 223 720 1813 876 1922 1787 197 1451 1767 668 319 1660 1000 2009 1235 401 92 795 285 1393 1695 1030 410 210 886 821 1319 112 1741 1332 663 489 1680 1243 1063 441 1229 1941 1972 98 88 835 1442 1916 1303 1210 1962 1139 1664 1 970 1257 487 708 224 1078 1527 772 1306 104 1573 36 1160 1108 1942 763 576 1152 1007 2046 412 2042 1328 700 135 1968 555 561 1616 1343 1032 1266 1555 281 190 1545 1591 372 1679 975 1365 2079 771 869 1293 267 1414 1120 512 1350 650 1229 865 256 1459 125 636 653 485 1341 809 435 1327 1169 1388 1372 126 402 189 634 1479 1836 1030 1398 1637 1501 1351 2137 1761 868 174 1838 1084 1140 1395 2115 1182 1388 939 1127 471 2089 2051 1125 729 109 203 57 302 1671 1956 217 1259 2011 2141 667 1442 1639 1985 308 70 144 1292 704 866 1888 2055 109 945 1479 2105 2025 1326 804 576 1400 1626 263 805 1888 1149 15 1101 853 2183 1826 178 1676 1653 75 1143 639 1756 1058 145 504 1227 1167 1159 2199 900 1938 1557 1770 633 147 1165 1649 1918 331 116 2079 785 811 58 251 8 1357 593 178 905 1930 1489 2111 403 244 2008 1766 1360 686 1522 29 2074 1885 1859 2134 1836 263 478 2102 720 396 1319 1971 1941 1617 2255 1103 1134 1215 1296 882 1074 1617 734 2212 525 1421 1543 1645 125 1287 343 728 154 2209 835 578 575 329 729 1252 1169 1482 534 31 1667 571 1185 195 1683 463 2281 160 1310 1542 1881 534 1714 1998 2216 1775 1591 2115 838 2248 399 1977 768 630 1902 1719 1737 208 292 203 1829 1937 1311 1432 344 206 1504 2254 650 1814 1405 1680 2126 385 1805 338 913 1954 1618 455 1793 1971 1147 531 1797 221 1472 703 1171 728 1578 885 646 1625 1678 483 2087 2202 290 1597 265 816 1784 2007 1165 976 1537 833 599 62 133 664 671 97 2045 2100 135 1255 444 552 245 688 2305 1198 520 2299 21 321 344 280 1902 652 155 1303 165 1349 774 399 851 1913 2292 246 850 1722 182 81 106 2074 2189 1312 483 855 312 320 2125 1700 145 424 1180 391 1810 1741 417 837 1068 867 768 41 1984 1867 1015 576 277 1502 10 2194 14 1670 2223 144 1711 1634 977 312 1943 405 443 563 516 307 2385 540 2073 1186 1996 432 1823 577 34 1996 978 2393 481 2355 677 630 667 1456 669 730 784 37 2352 2345 1202 1001 995 1385 541 549 17 1029 612 915 1453 1613 1293 885 1765 23 2391 781 1609 1399 947 371 2173 489 475 750 76 662 1787 1026 412 1183 2181 2153 1145 337 2087 1905 56 935 849 982 1059 1274 1893 1345 1487 60 104 2294 1199 1323 1340 494 1083 886 2098 1396 1806 397 617 188 1029 1516 2221 2281 1340 1189 2257 2460 258 1750 1546 1160 526 695 1478 1645 1725 1556 1028 44 1007 843 235 2181 1695 1370 1587 1254 1246 1076 2074 1043 1264 1442 721 2211 832 661 323 1063 2557 898 2020 1385 363 1859 377 1704 2184 1969 27 787 2156 465 79 6 1683 1531 2252 1341 597 923 1947 1979 245 837 2063 1897 2578 330 2453 1119 379 2158 1675 1656 104 581 477 908 1257 1060 1406 1792 255 1148 2160 1207 1806 1205 873 2614 409 1851 961 1874 671 548 239 2023 2563 1791 1753 2077 1290 1456 938 1020 2015 717 392 327 323 1627 514 403 2534 1548 2514 2579 1695 1170 1740 1280 935 1402 998 1302 1538 742 1831 1164 2323 238 514 1395 1753 1398 1331 999 484 974 1251 1516 1248 1799 1071 260 85 1692 1220 1192 1209 657 766 609 136 1140 643 817 592 1198 659 1105 127 2147 1946 2666 36 539 76 171 1972 695 342 1258 1232 1590 1514 2571 1675 168 2382 1485 1993 2709 2348 1115 666 395 380 580 198 2015 2705 134 1373 1667 2459 1813 2384 225 1584 2534 1597 2503 387 914 1750 42 633 828 2505 1571 2509 2688 1514 445 799 1235 1202 1518 997 374 417 2345 188 52 609 658 1879 1097 1352 1991 376 826 1610 830 2143 1487 2706 2758 1232 1220 910 1400 816 2162 310 395 678 1737 2539 1428 651 221 2058 474 1289 880 2465 1275 1522 616 516 729 818 2379 2474 2406 199 2789 1625 569 1004 2467 1672 1481 2609 1778 1863 1280 705 720 2569 1979 778 1616 1212 729 2617 2118 327 1856 1316 1280 1549 1708 947 2265 1966 709 2831 599 2126 2 351 2642 372 2256 2838 725 1710 1810 1447 698 2578 1032 2678 2456 2307 2642 979 289 2643 1550 2481 1074 2086 206 1570 762 1987 2623 589 1131 634 450 2547 2112 2006 2444 2358 1489 2201 607 2722 1946 1110 1224 1804 625 2833 588 2248 485 2712 1461 2194 431 564 337 2726 2144 209 613 523 2738 2576 280 780 1434 922 902 318 1440 1588 326 1848 1112 421 2245 1881 1394 703 1235 1928 741 549 1871 639 159 1173 419 807 1683 1482 303 813 1246 1562 32 1144 1995 2 1354 1010 1768 1700 2136 667 1985 2831 783 2004 2616 122 2840 1516 1067 1453 1632 1371 228 1939 2781 585 891 1305 2580 2933 1513 1533 324 2576 1071 191 625 2168 2405 1364 2286 1340 1880 763 580 126 1429 1334 2420 2812 2135 2787 1327 1470 2233 2601 685 413 405 1526 898 40 2085 899 1393 1838 477 1273 1521 347 236 1121 813 1681 1178 135 2852 2266 1923 2742 2325 2175 2283 402 2008 2913 2021 621 535 1245 1495 224 2951 2694 2529 199 111 2387 10 74 1129 1479 19 249 115 2956 1490 1870 2515 1764 2452 2378 2871 1030 2736 2218 1609 1981 1736 1761 2857 1220 2148 2734 1636 357 1053 1774 299 2115 2470 1574 2122 1475 2936 1848 62 606 214 853 1660 214 2446 708 716 2253 768 240 1847 1688 1529 2161 2724 533 3016 2750 3066 289 1126 592 1685 732 2735 1258 413 1274 1208 2435 2332 2768 1580 1311 755 1558 1181 2135 1688 1785 1216 1592 155 2359 210 2770 2367 2192 1601 490 746 1629 2657 682 970 2309 694 1377 441 1009 2773 1760 32 2019 1788 49 328 2297 782 536 2883 3104 2233 794 755 1205 1851 2078 1663 3091 205 2913 262 2103 2233 2414 2212 1909 627 2676 394 2630 2525 1300 2883 1768 2676 2464 1519 1944 1994 900 1123 2808 529 28 336 147 2401 2311 1752 76 1972 2708 2748 1736 2724 1905 676 3196 1619 369 1087 1333 388 2246 1024 1473 647 2021 2437 2402 315 3059 1070 1905 2008 305 432 3114 2949 1129 2874 1597 2206 1040 65 1179 2264 2895 781 2640 3223 1311 170 2160 1690 674 1880 500 213 2864 777 1115 2887 2616 731 3102 2844 2213 360 665 2914 3109 1777 2670 510 1701 1846 2480 2630 1387 1095 3163 1616 655 401 1133 1335 1669 2594 1391 620 1811 1244 1090 733 2938 2234 810 1296 328 301 1291 1849 1258 271 541 561 2521 2175 1487 2796 1072 2215 3112 2688 3117 1665 912 671 1505 546 1199 1809 421 1782 1218 820 2332 2340 2071 2089 2067 14 2148 1328 571 2199 336 3107 2650 2801 689 2046 1338 2167 1142 607 2204 1634 3160 11 745 484 3173 1602 2081 1691 1960 1568 1297 280 205 587 1519 2755 2672 244 3287 1208 2308 2901 1837 1214 3174 846 277 1134 2744 1135 2312 1540 758 948 2720 2916 3018 76 2332 1497 962 555 3362 1189 1236 3122 2725 2447 2547 914 1847 595 2483 849 1340 3153 3325 3360 1936 3045 499 3326 1967 2990 2987 375 313 501 2988 2071 764 2374 599 560 2817 134 2841 830 1483 329 748 1860 942 766 2619 1245 3063 939 1029 690 1396 259 2589 2998 2118 2170 2811 1336 833 3107 2995 2954 3341 3383 300 2346 1358 996 540 3005 1056 379 195 2821 2954 840 126 3147 1863 3390 610 2961 2455 1969 2443 1148 501 308 178 445 180 2335 2227 1257 2576 272 2571 404 3213 1952 2691 3222 2692 1706 1645 1309 667 836 325 2433 802 1463 685 1141 2558 1507 373 3 687 3353 1365 1089 813 827 2941 2412 480 975 2978 3338 2870 231 1445 2779 590 3336 3170 314 2372 1487 1582 2108 2741 1725 1226 1819 1028 2006 938 1288 798 2477 3192 873 3171 817 2232 2770 1413 256 2887 1418 1080 1917 3135 270 290 1374 290 2210 2009 3209 1442 1986 521 2394 1296 2237 3195 359 3078 1890 1365 313 155 2645 1372 474 2832 389 329 1554 3414 884 409 2267 823 3542 3211 2323 1810 945 417 595 1184 3149 709 1952 1036 2314 1438 921 2012 321 2546 2303 1040 3346 2479 1061 876 826 261 3035 2671 2118 1 3502 1838 171 600 2041 494 1458 1471 1596 282 22 2421 996 1271 2463 371 3385 35 2026 2503 2969 1718 2813 288 188 1575 1844 2705 655 194 3044 2989 1164 1053 3017 2831 270 2613 3174 2988 414 1291 1190 96 2280 3452 1228 581 3459 563 2106 759 1611 1334 310 2035 2870 2441 3478 1916 2541 3435 250 399 949 118 1479 1611 435 2342 3262 3369 1585 3309 975 1349 1127 2649 2220 155 680 2795 1701 3120 3329 808 58 972 3055 1184 3285 1123 2284 1582 1770 2631 2647 3069 1129 3366 315 1142 2401 1195 2414 2805 3527 2355 1392 2932 2744 1669 1615 1563 271 1738 2388 3177 1582 140 2732 2174 711 1663 2101 2517 2519 820 692 3619 2287 759 3298 44 2495 2265 2134 240 1630 2781 1948 2047 428 3412 3349 2292 2702 733 3613 303 1474 812 957 1427 1173 1782 1807 1601 2328 12 2130 1892 2635 2267 2364 1888 504 2546 2135 1998 2380 1005 2331 814 2384 1975 976 2675 3203 955 3559 782 322 3720 3333 2396 3327 282 1793 1151 777 1108 2026 1857 3358 660 1566 3179 2693 1696 1197 3543 581 2978 76 2487 2497 3377 1200 3622 2812 2106 282 777 893 2151 3094 161 1723 3801 3681 2352 3743 1204 3256 445 2766 755 1820 1169 1905 2285 114 2643 3403 856 2863 1237 1356 3814 3632 153 1872 3279 2475 913 870 3701 3765 2161 3239 310 319 3380 3423 1800 2548 3007 128 1230 3587 3737 362 953 834 2245 410 829 1254 2064 1316 1310 1947 1222 250 96 116 3386 2793 1445 1819 424 1581 2306 1143 1183 468 193 422 205 2303 1026 2354 1755 153 510 406 3263 3118 344 317 1925 3821 3739 3577 1649 2920 55 166 1619 3258 68 2773 1287 2650 1181 2732 1146 2549 313 1460 1339 3791 1423 3136 431 1529 2431 3147 3602 2771 1311 1745 3858 3791 3444 2775 458 2242 3441 2189 3776 1793 3474 3162 3492 1966 1655 3426 1366 1866 1806 1666 939 3203 636 470 2614 905 3724 3458 2670 2062 2232 3124 1292 3849 1111 2993 3086 1023 2792 1997 343 600 2809 2841 3889 1869 1865 3803 469 160 2404 3372 470 353 3298 238 233 2769 323 2341 3573 269 2468 1742 2108 1733 1268 2972 821 1720 3379 1498 475 3434 2993 106 3484 2450 1664 1121 1436 3806 3257 713 3454 2285 240 3565 2731 543 3618 2306 3782 1110 2716 135 3968 172 2973 3883 3724 893 259 2175 2151 634 2247 2422 783 2424 485 3436 3333 3498 2144 3194 3774 2748 3561 2226 3955 3292 1389 3585 102 1990 3192 869 833 3053 2333 151 1793 3480 2089 281 794 3968 2483 2901 1020 1359 118 716 3374 2136 861 2466 987 2829 2696 3373 586 1391 933 537 43 1668 2037 1435 3650 1612 3079 3491 820 1215 358 1649 378 2363 961 1528 3230 2637 2225 3723 436 595 3692 469 2054 3231 2097 756 598 349 1684 3115 2133 4105 2482 1392 2628 3478 512 3352 1323 3299 3041 1205 1349 2804 3998 3023 4007 1940 2134 2979 3125 2341 81 1295 719 2256 2456 1157 261 3668 1621 2262 4068 2255 2063 3297 2246 1592 2185 1279 2458 1887 1318 779 1857 429 311 1713 1242 835 871 1448 1223 416 2449 1602 2699 1086 114 1960 3698 3459 1381 753 2790 2366 3024 3366 1144 3114 2607 4104 2968 3184 3340 3880 3466 3433 1978 1611 1814 1455 814 2479 1368 2939 2040 3509 2070 3897 537 2670 2836 978 3250 2809 1654 2269 3763 4025 3429 4092 100 2410 3328 316 888 3355 3294 2448 4007 4193 4158 390 4078 416 1073 3772 3178 638 1790 11 3967 657 3945 712 3892 628 572 4174 899 1232 4172 473 3875 2069 328 3465 2177 4058 348 2 1455 1816 1682 1416 412 614 2402 3185 5 2896 3848 962 1569 2873 978 1396 2684 3087 156 4165 42 1348 4000 1683 3166 3623 202 2567 2296 113 2639 3601 2523 1880 4233 804 4262 3041 2910 2231 1495 533 301 4257 1032 3022 1463 1642 2694 1680 2985 3436 114 2442 2751 2719 452 99 803 3289 2425 1730 3498 3638 2987 314 2990 4279 1128 226 769 370 1287 2540 2017 3086 3621 2699 150 1351 1725 2533 1943 3822 2412 4321 615 3882 2765 3264 3868 3210 1309 354 4202 764 501 1969 2368 914 127 424 636 1195 719 1821 1112 2494 290 70 3003 402 2978 353 4286 3930 3809 4274 2973 227 863 1388 3148 2211 3695 3021 1543 3143 1100 3780 3748 1369 2053 696 2337 4197 1338 110 1198 311 3194 2593 2194 1172 2405 1985 3595 1493 4346 1729 3514 1191 2077 3626 290 2582 2039 2314 4416 1371 4101 1497 4085 1626 500 1902 2403 1509 3929 3352 661 1674 1089 3583 4034 2650 2406 896 1180 82 3392 1691 474 3888 246 2851 4255 2389 3304 3515 3707 3568 2910 3788 71 3720 111 2550 819 4244 2428 3313 2525 2367 4292 1830 596 3428 1748 2414 819 3653 679 2502 2629 3247 4150 4088 3837 1856 834 374 1577 912 1748 4242 3112 1928 554 390 992 1686 548 1285 3288 858 4039 4419 983 2087 2058 2731 3910 2508 1917 3704 4081 4321 3210 1788 3933 3796 4272 842 4106 724 1752 4149 482 4113 2304 241 1741 1437 2214 4355 2842 381 3992 4132 4525 3192 1732 2078 4045 4264 2735 3966 388 144 1348 2596 1200 1496 2361 2162 3290 2300 4286 2937 637 809 2446 252 4068 2601 804 856 3674 1555 2201 3566 2388 3774 816 1537 2247 3166 1305 2420 2606 4143 2477 318 4318 2397 4556 3201 269 639 3081 2511 1545 2473 2390 1889 4355 4008 896 2619 1301 2492 4267 2191 941 1571 1082 866 2203 2920 3723 3558 4441 3176 2000 393 1784 2153 808 115 3213 1251 2608 4011 4412 3352 1646 2550 4111 4224 1528 2608 3069 917 346 435 3695 3228 1901 95 1092 4617 4570 2201 2798 1327 3182 2854 1348 381 1397 1276 2541 3630 3965 1499 4375 560 266 4304 4295 3902 4193 2527 1841 1927 2582 2815 4185 1927 3918 3653 2349 976 3658 3134 4007 1361 4088 1196 2144 4343 2729 1201 1791 3107 935 4224 3039 415 3420 2638 3723 2304 1052 3330 3283 3579 433 4151 428 3587 301 4256 2418 4260 256 3780 2141 264 1217 3619 2123 2480 2178 1038 2557 321 3779 1700 2343 3674 4061 2610 521 1903 2455 3234 4367 537 1140 2650 3119 2404 1147 226 4189 1369 2421 2257 703 1748 2417 286 2847 4171 635 4148 354 1876 1646 4044 3408 2199 1493 4455 2429 1127 508 2483 97 3984 4230 4101 1369 1164 4615 2567 1663 2256 2472 3204 977 4297 390 4414 770 3234 2554 501 2993 1005 1009 604 3206 4592 2908 1603 4184 3905 1551 4756 2724 764 458 4133 3240 3282 649 1943 3610 2678 3620 2683 362 2174 421 3358 4642 243 2031 1390 409 1785 2843 190 2501 2253 1245 635 1911 533 3295 3681 4737 3110 2462 2708 1313 2618 3561 3677 4015 3629 1040 3233 2404 4751 4513 3016 1107 2158 1481 493 4513 665 3294 2942 4156 28 650 3814 4001 3441 918 2787 1207 2874 1893 4120 375 4328 54 3966 4423 4612 641 1075 261 3379 1631 2687 3314 4081 4089 1137 3636 3993 3272 474 626 4737 2720 3515 4866 4144 2925 1483 879 4548 645 665 3218 433 137 927 2533 4421 1757 4414 3175 4435 3097 3397 1970 1484 541 566 3229 4133 632 2012 1293 1524 3970 3321 4171 108 95 3601 561 2670 104 405 3634 4841 1558 37 78 2702 1659 1937 2186 2061 1298 1062 838 3181 3331 376 1356 4531 816 2361 912 732 2757 2268 4897 788 357 2397 1517 2419 1804 1959 852 4409 1663 4785 1125 3380 4803 2070 3568 3035 4446 3900 1303 3342 419 4812 1842 675 642 4146 4025 3821 3378 1569 3266 4558 4037 1678 977 1269 4133 3372 1756 1848 522 2222 3859 638 1434 3274 39 2454 1966 2453 2474 2608 974 2605 1381 2928 4853 483 2852 933 1661 287 2124 2644 2013 444 4342 453 2681 3988 2673 374 4932 1120 3642 1912 2484 3898 1523 2064 940 2771 4459 2462 2908 1267 4633 4929 3746 2461 1830 2018 1589 1303 2991 3120 651 3728 2225 4851 1006 1898 4642 2452 2996 1767 3823 223 2418 5041 2643 129 3413 1438 21 1477 4706 3069 1947 4963 2671 2298 3964 3957 1626 4384 4574 2174 1239 3848 240 2692 4265 2220 4429 1834 4853 118 1313 1424 1796 1173 2094 4902 1324 1198 460 4443 3186 2674 3280 379 3898 3386 2131 4577 3636 2856 631 1982 512 1085 1556 1136 3232 345 1853 2571 1961 2760 1117 2035 695 3536 1779 228 2858 2860 3205 3313 13 912 1271 4483 4733 752 2199 675 2941 249 4014 4765 1254 3980 2665 3460 629 789 2545 259 1143 4959 5035 1491 622 1336 2619 780 4288 1318 2949 259 123 349 975 2459 25 821 671 678 3106 1345 1392 2179 4987 1739 583 960 3358 1912 2664 3139 3755 514 3594 510 418 1853 2442 4286 3934 4908 4094 1836 2088 4316 408 3105 2720 3075 3015 3212 2951 241 3423 241 3336 3651 1531 4034 5073 4194 4195 1328 648 2253 4697 2403 3106 554 1138 1819 1130 1572 1309 1788 1578 1965 1817 2078 896 21 4805 1659 5125 3818 5033 2494 2898 2171 4770 3527 4544 4388 5197 1692 641 1635 2399 3491 2477 2303 4065 581 2804 3466 4089 2817 107 1074 4753 304 4213 4571 4784 590 699 5102 155 2061 168 688 2018 1056 5049 5078 5195 2425 1365 5151 3376 1157 1250 2105 2825 1146 38 149 4018 4929 3234 1697 1332 1482 3162 4844 3238 1544 2213 4057 2889 4091 3694 4361 5106 55 2795 4166 2946 2983 4642 3206 4984 707 5289 397 4442 1093 2923 150 2301 137 4600 1312 3332 5147 3107 150 395 4872 891 1051 4902 1830 1001 1275 4992 704 3326 1343 4363 3794 3892 3954 5011 1285 1446 639 56 282 2544 167 4824 3112 1934 3182 4077 2873 1266 3871 3690 2556 2111 2668 1900 2043 3683 1029 2659 2654 5301 2319 4411 3219 2006 803 883 2595 713 3739 3683 3537 1676 1118 342 3747 2648 1273 3853 4795 700 1005 861 2946 5092 5235 2794 2760 3187 752 5376 4001 3321 579 2019 4138 4192 3242 1939 3593 1880 968 4014 3025 4406 1825 4639 5355 1214 5376 2412 2097 3334 2948 3760 3357 2238 1848 4646 956 2813 4000 2547 53 768 2320 2212 3044 4712 4736 2783 4492 3493 4624 4749 1411 2795 5057 4799 2494 4107 347 4068 193 1220 4191 1972 2066 2237 5166 1092 477 4797 3070 2490 3202 3017 2037 1353 1515 1772 1500 1871 1254 1904 2488 4281 3115 4502 4713 776 2324 1486 2240 2780 3948 1012 419 2663 49 4127 4057 2253 207 4444 4497 1654 4411 2394 4877 3077 612 1887 4860 2677 4680 2100 1809 5467 495 505 3800 734 883 2742 2331 3248 1099 2292 1238 2981 2629 1826 4148 4762 475 2831 4749 1889 54 2792 4223 447 2919 4798 3936 4737 2454 1862 607 3861 4922 3830 259 4565 4002 4519 1485 4526 4720 5481 3359 1613 5085 756 3816 3511 4354 1859 1969 67 4841 335 5483 5165 2421 790 3842 703 4823 493 682 1013 2327 1567 2659 2075 5183 33 4153 3799 3262 2602 5320 1172 5082 1490 486 2589 2339 4140 3585 4575 688 500 4343 5165 4339 3211 2678 4296 2183 4913 611 4165 3691 741 4579 2645 4150 4149 3978 275 4898 2103 2889 1404 3977 5547 241 3462 3768 111 5213 4066 2049 1715 563 5105 529 3751 4558 215 5144 938 1565 1075 1746 5624 4402 1846 1657 4844 1436 722 2485 293 1549 5629 2627 664 842 640 5091 2570 1707 892 3355 1224 1443 4759 4148 4769 2668 4318 1772 5061 4923 205 2163 809 1921 5500 5215 2986 1603 925 403 1955 4797 4541 1765 4172 656 2445 971 3376 3802 2567 3972 4802 1657 4286 5598 611 4204 1693 5350 4044 4105 3455 798 2208 2021 151 1131 1708 5685 3793 5344 2500 3472 2705 1547 1902 2740 4220 3927 3610 3509 3364 833 4109 1160 4887 1971 5610 5664 3830 2421 1753 4553 5655 2813 4622 5015 5509 375 2383 107 4438 2850 981 3580 3525 1426 5618 4987 4261 4730 3284 3288 111 77 5481 5298 4967 1399 3432 4431 278 1308 5364 4630 1912 1258 2266 2963 2386 3955 1641 357 5301 1682 5556 4392 4607 626 20 1615 4803 2895 2185 1397 2975 1772 4759 2710 1914 313 681 689 1419 2937 4492 2738 2087 305 4061 4653 609 5001 3077 307 4794 4514 5220 1937 3502 904 4143 4269 3834 2321 3974 2827 4220 5412 3030 407 2151 2451 2448 847 1295 5727 939 1896 1461 50 2253 2714 4776 4364 2305 5647 2719 1024 3874 5026 3569 5474 3927 2360 5651 235 1098 5038 936 4784 5344 1819 3871 3422 3757 1517 3181 3987 2975 719 3062 1346 4427 1287 1427 1349 2019 4624 2786 1801 1738 2330 3944 3281 2930 1462 2537 5478 5435 2238 120 2885 1805 2733 4857 669 2680 2103 3440 5744 93 5139 1005 3051 824 2441 4004 2727 5178 3107 4248 4779 5665 3875 5404 3545 4935 5585 2021 3480 4459 2266 5765 2395 4845 5487 5031 2104 4345 768 223 5190 4001 4513 3258 1176 803 1275 3706 5720 2908 1711 3793 5198 902 2204 103 5567 946 5151 4923 457 1994 4441 836 5494 1925 1008 5041 4958 2020 4480 435 192 2614 272 962 89 1147 5310 2041 2918 4560 2833 2158 5654 201 5010 5947 3347 221 517 4848 5473 4335 768 3789 2288 3699 2830 1709 425 1790 5753 5526 5141 4132 2350 1515 2568 3548 4376 4239 2289 3883 4907 5356 2693 47 115 1876 73 3370 1381 4275 1772 1386 3682 4996 115 5145 1954 484 2974 5538 3466 67 3468 3312 3631 215 2000 4457 322 5126 2154 4697 3608 2892 547 5868 5400 5792 3295 2780 4955 484 1307 1194 2518 4683 4372 401 103 5918 593 3466 2066 1803 4768 4657 5556 692 1443 4392 1618 3923 3698 4729 1172 1241 575 99 5505 2115 781 4434 2962 1553 1800 5606 3371 705 4957 361 2194 2319 3245 887 4451 2766 4201 532 5809 5015 3653 408 3771 5840 118 2518 641 5906 3801 1845 1961 215 341 2137 5454 3657 757 2265 4863 4451 578 1420 6061 6009 3244 1401 3613 1100 3987 215 4537 98 4048 2455 1365 2128 2829 4743 2493 1027 2268 1393 6069 2991 4075 5713 3753 3239 1072 4671 4600 1028 5281 3168 273 3752 4703 4576 2485 1344 5498 1506 3919 186 1775 4099 1163 764 4543 4915 1537 5350 3720 5799 1650 1459 3298 2524 1322 5935 4224 2699 2745 4102 3704 588 1126 4843 5129 2903 3274 454 1964 90 3092 5742 1607 1705 726 3876 5196 3753 1614 5434 3969 5121 1498 3273 3391 1448 5945 4607 3956 4356 4277 4159 5994 1075 4675 377 6076 5806 3477 1832 6091 5975 4211 2647 3403 5767 2264 3651 5578 2200 4781 5165 299 3708 5466 780 4238 2381 2645 707 2722 2663 2398 903 4483 3378 4914 1266 2208 131 5747 1793 4070 2227 973 4182 2764 1707 1290 4801 1602 1709 2958 3055 1449 829 2461 3690 2010 5477 2327 1837 2276 5296 292 4439 3564 237 4239 321 2739 6057 5244 1135 1628 2434 3476 4812 1593 2151 3418 717 543 3360 3233 1650 3953 550 3518 3176 275 5576 4033 4075 4580 5157 5720 3050 4074 1424 2930 5999 3646 4593 1688 5606 5590 5374 4184 4529 3481 2204 2055 2655 2454 1950 6232 12 1561 6111 4695 5655 1081 544 3379 5134 694 3845 2290 5875 1821 5078 676 4734 4754 1495 6082 2894 1122 1647 5671 5383 4551 4388 4409 3985 4955 2458 2782 5566 2195 3927 4591 2458 5663 4728 729 4023 4999 4368 4708 4765 3496 391 6280 3504 4850 6020 3608 1414 202 1774 4132 4550 2855 3637 4311 5932 5016 2787 4036 4505 1435 1973 2765 4996 750 6357 6324 1451 1039 1206 2614 5979 3938 4742 4901 863 5210 3130 3359 400 6092 1898 1628 1448 4457 3043 403 1813 1051 4687 2871 5070 598 2771 5211 2054 2063 1504 2548 5239 5096 1681 1726 5683 542 5038 4419 1544 2179 1583 885 738 3805 4596 5955 6125 1720 3637 3818 1613 6083 2536 5884 1087 917 4294 4987 5371 2966 5331 3487 5657 2845 5187 4609 913 5295 3674 3286 5273 2728 5409 2958 3402 1276 2977 4197 204 994 3108 5707 5985 2947 2139 3745 1573 225 5794 3555 2547 6416 959 762 1811 1303 6242 2251 2275 5053 876 4997 2639 341 3120 2203 1560 2620 3493 3810 4301 2055 2582 1500 4591 6010 6192 4757 2831 1486 4913 1863 2433 629 4612 2460 5227 3074 554 3572 355 6188 512 4189 5218 746 4320 2122 3658 2119 1603 1390 1657 5395 1047 5304 1153 2098 2623 4158 852 5093 109 4650 2306 2278 1859 1143 6174 2143 1912 6424 69 4121 36 4700 1885 6266 3731 4905 3552 3534 1189 5297 1544 476 1356 2084 4095 549 2115 6245 4299 3879 257 2831 1139 1810 3500 2639 6087 1620 913 2246 1508 1702 2116 164 1012 3036 1869 2256 1440 5874 5037 1199 4814 5735 4654 6545 4479 796 2041 5580 1327 4890 891 4752 5030 1860 4235 888 6237 6154 5555 4463 822 6352 6061 1821 5245 3853 3355 3133 5273 3405 3306 522 5671 1206 4589 1700 219 3504 1667 1111 6273 1175 1794 5372 4362 1088 2923 1033 3150 2505 3679 980 1482 3416 4162 4606 4940 2762 747 5989 6227 5804 446 486 1814 3415 664 828 1002 1679 1182 3517 4969 442 2245 836 2857 2036 5770 1124 4523 1237 3662 2098 1018 1388 5557 1848 221 5041 2565 5722 708 3819 4665 4017 4857 956 5117 1375 5945 3308 1279 3768 3573 271 6485 592 877 2734 6684 3429 93 2534 3060 2947 2477 2986 4244 5840 2592 3070 5431 2797 511 5655 2834 390 4518 2268 5979 4946 4577 5792 383 5852 4971 632 1767 1251 3291 357 4015 3145 3832 2656 3081 4417 4855 699 4422 5324 366 6625 1004 2047 235 2509 1363 2108 3361 5194 4414 3697 317 6273 225 4368 5630 4250 5618 6740 2608 1603 5800 1963 3957 4973 188 6395 4525 544 2570 4973 2243 1691 1926 3736 1243 6117 2532 5933 4336 6264 3435 4536 2023 1963 3298 1417 3251 797 2443 1609 3749 2444 3641 490 6790 1378 1269 1658 6089 960 3502 3073 1722 2169 4175 499 416 5453 6214 3764 1030 1162 4214 2663 6458 6027 3415 4825 5122 4993 1613 1129 3207 3292 1422 3996 3943 5435 1434 3535 2432 480 2251 6221 175 4579 3664 3505 6081 3810 6816 5868 4510 4128 2182 3031 544 2250 357 3845 2792 6215 5238 432 6568 2388 1959 6653 884 6466 3888 3744 1862 5154 1485 3061 4277 6299 4053 4357 4098 835 5711 4803 4978 5424 5977 4484 4303 2402 4846 5271 3838 869 3858 3369 4741 4923 4060 3483 104 4858 6101 3436 6312 163 5000 6315 6792 4077 1021 3098 5867 5140 6824 98 5969 4739 6149 2898 6566 4130 2542 246 478 2045 5648 6179 6526 1450 2989 5310 3428 5103 6796 5411 6078 6215 2258 3186 1248 40 5927 6374 1836 4658 1276 2421 1257 613 6731 5894 5698 1741 732 3460 310 1397 1619 68 3673 3204 387 2191 2674 2438 2224 1776 4993 4636 3269 917 6605 2639 6305 4252 1671 6894 6243 532 6526 6614 6780 2527 2938 6624 4318 4189 3387 6420 513 3750 6171 144 524 1475 1168 644 1572 3082 3757 3760 3050 711 6331 1835 6577 3226 3448 2619 2536 2795 6243 29 3062 646 6911 3934 6411 1348 1688 6688 2608 2377 1785 6495 5757 1612 2690 458 2851 849 2023 3034 4116 5131 2188 413 5083 1775 6114 447 6831 1401 1906 6968 1892 4091 3345 3253 4185 2233 6293 3136 1088 25 5627 1311 6682 1025 375 1636 2429 4228 2819 5153 4277 1064 2195 6289 3879 2556 4092 4196 5817 4956 2397 3539 6479 1696 3927 446 6117 3510 4181 413 3329 5937 6626 2647 4555 3787 360 2096 6398 2065 5509 5335 5677 1430 5548 5577 6491 287 4770 6050 5926 4713 6970 5722 277 4890 2055 1805 1169 3064 397 2521 799 6851 5831 1523 5909 277 2327 911 6560 6617 5677 2950 4387 1913 4625 5914 4877 6496 2272 5398 5586 2653 3916 2432 3465 1503 7040 1328 1237 6640 2916 5053 6520 6092 2066 179 148 4076 3859 5848 4170 3603 2758 264 4857 3085 1757 5180 3521 3059 3550 1365 4569 5976 5674 1313 3225 2330 1306 5011 1531 5288 6023 6024 4470 1064 4749 2048 6448 4220 3374 860 5915 324 2042 2402 4882 5703 3574 1286 1983 4378 2430 5394 5862 2297 3915 5213 3967 2459 5401 2205 4841 2064 7015 6671 1718 4883 1266 2874 1500 3125 637 2015 5660 5176 6515 4327 1475 2788 5350 6759 3162 7120 5480 2072 4945 7213 194 2107 1929 5014 4952 4630 2600 2762 6140 7213 3924 699 2551 3529 2655 204 68 5434 4624 6659 4585 2907 1863 5774 6285 4347 983 5153 4672 2073 2546 4778 2353 7146 1046 3313 2722 6307 1281 506 413 6237 2194 6257 2846 1021 6110 2260 4722 861 752 2973 4189 6032 1531 747 4297 2218 3645 6117 1157 6418 879 3049 1707 4341 1735 1491 773 5058 968 4911 4013 2665 7079 3974 1129 6637 6286 6663 6453 3189 387 3311 2008 5909 3135 812 7241 5653 1606 1331 350 3145 4006 7181 6793 3747 1917 2974 193 5990 2536 747 3637 5801 134 3900 1613 4858 2555 505 4904 6977 4441 5877 5610 5725 2258 4612 143 1554 2187 6370 1830 3932 4060 1333 6553 6314 2390 6828 2500 351 5589 4319 4216 5112 1648 6826 5904 159 5034 289 2492 6927 3644 4453 3927 5550 6175 702 6921 6293 4541 6755 4787 5765 431 3795 5820 5366 7329 630 7084 1184 6333 4123 1319 7015 5263 4701 6573 4082 4658 2171 3584 5453 2468 3897 6754 3 5918 4043 6815 4596 5342 1527 1602 2750 3277 7271 3946 1254 4280 7343 6021 3869 1069 4479 665 3719 3393 5933 7271 3949 442 4226 6947 6358 4330 3467 1816 6297 3934 1714 2397 3157 291 5455 947 3023 2300 2222 2892 4738 1377 5061 4439 4016 3654 6730 2380 6717 6977 943 5333 482 6291 1333 1318 6263 6107 5484 3695 7377 1608 7233 3070 1612 4828 5087 318 4414 5309 828 3187 7028 7023 6547 1092 5805 4606 707 3060 2419 1252 1073 213 6940 2696 3704 1706 7021 208 402 3137 4535 2929 5790 2035 4548 5842 3621 1560 111 6553 1791 213 1034 725 1088 288 5316 3735 3804 7283 2587 4784 4780 4576 6638 5933 3682 760 992 1669 698 6317 7376 5595 594 7449 61 2593 6107 3164 128 1583 4026 4775 138 5754 5521 1851 789 6335 6587 3280 7244 4564 2966 3035 5043 3538 1884 4641 2116 6104 4623 7132 391 749 4776 1233 548 1238 1563 4842 877 368 6450 7455 3476 5546 473 4663 425 5342 5088 5433 3398 488 4499 6139 7106 2460 22 2916 1271 313 4033 673 339 1818 834 5588 4554 1683 5846 3445 4421 6695 6079 1643 6240 3174 4417 8 4588 5879 271 2168 4914 2482 4432 4514 3934 1243 1213 428 3258 4941 2187 5597 1535 5425 7440 414 4491 4018 7295 5018 1771 3630 4914 11 5666 7295 4531 600 5084 5299 3984 865 4574 990 5598 6451 2308 586 5956 2266 5095 653 968 605 6443 4464 4561 2416 4109 7504 5265 268 169 2590 4728 1520 5293 3172 1936 3029 2374 5193 7035 3841 1889 1246 1136 25 960 1719 634 5036 6267 3008 785 4616 4914 946 963 6141 6433 1934 3695 3163 1748 2407 1261 3090 1788 6899 644 5454 2685 6426 2591 107 2092 2748 6797 588 1114 632 5285 2121 3953 1983 4507 4108 2644 709 3475 226 5441 6152 6912 2787 823 4672 4336 7274 4578 7348 7134 1230 345 6706 6457 735 22 3913 1561 4294 651 2008 3134 5344 3263 5124 2867 2268 848 7442 6213 497 489 7440 6760 3601 4443 2034 339 3938 6276 1062 825 7741 4685 693 3776 1419 1158 4991 3324 2401 6927 5167 3698 3257 153 2911 2951 4310 1542 6431 4758 6572 5702 397 5330 7012 7367 7619 3413 2737 1699 4201 6177 7762 6354 1510 2826 5240 2731 5436 6244 7475 978 16 993 7133 111 5066 6296 4039 3957 6041 7371 935 4078 7579 2076 1700 553 1405 5543 2602 5309 2119 5688 4397 777 7691 1269 3079 6396 869 282 380 2804 5541 2268 5317 4845 129 3524 1107 7841 1620 7154 3610 4491 5399 3177 2585 635 5945 681 410 4992 6935 869 6290 245 354 3469 601 5804 3256 3133 6898 4304 1959 448 6055 2614 66 6711 1655 2815 7488 3914 1717 6167 4589 4452 7675 2717 663 2188 3630 5896 4466 2303 7890 703 7752 3763 7657 3987 1272 449 4562 3444 519 1681 1421 1650 3324 1198 3286 5328 3323 7836 5705 6 7816 3071 5602 4910 483 7725 2159 1105 5622 5992 5357 1793 5356 4676 4074 2432 7095 7615 2528 2363 5188 5571 4440 3712 1624 1143 5285 3562 2929 6451 6797 594 3976 3977 5976 6578 7254 5517 4407 6821 7142 5873 2976 5782 6422 6521 7512 2902 7733 7331 1493 6299 3314 3040 70 6270 2794 2164 5918 869 4632 208 6538 2523 795 5273 6833 2666 6447 6344 707 2274 206 1768 5813 1463 7437 7806 7185 5819 2431 7426 7831 2697 4538 6028 1153 2417 5979 4686 6042 4288 4796 2042 5856 220 6895 1786 6053 1593 2060 1816 7565 3338 7465 1062 2554 803 7760 4491 1101 3609 4022 2777 5665 2623 4139 7994 3020 6699 7916 7415 2879 8029 7862 3367 7885 1466 2818 3354 546 7094 2095 7682 462 1461 4361 610 7197 838 799 5201 5050 6393 6250 5687 4018 7670 1915 4776 2991 8021 7175 2386 4585 7437 3560 4587 3986 5313 4890 7562 4484 2406 3042 5542 6710 513 5408 1442 3436 301 407 6228 1730 1903 3545 3327 251 3818 3255 4750 2929 3932 5148 7428 982 1222 42 846 282 5825 85 5171 132 7300 721 7092 3519 5638 5668 1705 6539 6114 3391 3551 7312 6357 7125 4328 1645 629 7772 5375 4811 3220 1250 7519 7483 5465 7856 7762 1300 3285 7759 5161 4998 5669 5365 1034 1495 6677 3602 3369 6646 2732 7885 3524 4298 4574 7259 6066 5978 7550 1562 7997 6042 7337 4376 4274 5284 299 6781 5573 2155 3881 2359 7651 5975 1507 2417 4289 4243 3788 2566 3510 637 5850 3448 5820 5165 1206 248 7372 4594 2970 7134 1383 6531 6441 693 4492 6934 4098 3550 8194 2011 8134 5927 2475 2189 2559 4947 1141 6070 306 5808 3717 2404 4466 2926 7853 5718 7278 3502 6926 6996 740 8042 708 7513 7827 4364 7898 6331 4027 5222 7527 7509 3561 4592 4751 5036 481 322 5892 4146 5348 2290 7324 97 2716 1874 2816 6792 6825 7772 7071 6909 1155 1250 1858 418 5005 2105 5116 7013 84 1913 5579 3836 62 2992 2511 5843 3694 7829 5192 5974 5286 338 3140 3096 5179 294 3347 3095 5308 4526 4774 2784 7368 1620 5427 8010 2504 3456 1972 915 3202 3284 4659 7641 1924 53 3157 5496 3716 6129 6103 5775 1904 2835 6302 3888 7734 7599 7494 4516 8245 3069 4123 3306 8078 6021 4779 2200 7607 572 4112 5580 8058 2793 5469 2744 6760 4674 360 5389 6474 5675 1219 3842 4833 3774 230 5580 1786 893 7695 6205 6764 6483 1536 1350 6886 6108 5831 5922 6108 4524 3672 6203 2177 2000 3893 5677 7984 5295 7000 2520 1384 8235 2231 1901 4886 2745 2449 6834 1954 3669 808 2477 5992 4280 5343 1236 484 731 7007 2285 107 442 180 681 4315 2264 8111 7981 7897 2774 8009 3350 2100 4961 2162 3281 6774 2216 1934 3252 474 1947 6316 4393 3560 6710 2439 5472 4509 7615 4441 2074 1026 869 897 1173 2744 8361 8328 1711 7813 199 3983 5141 1026 2994 2784 1022 240 1007 5930 7522 6365 5848 851 8362 6330 5998 6305 3083 4721 4038 2701 8432 5706 1330 2390 2387 3376 3970 5569 1042 7853 7710 8413 925 8164 475 2904 1189 6699 554 318 4825 2599 4085 6241 1761 474 7927 2199 3539 8238 7935 8140 7781 2739 2128 4810 5706 3594 2425 956 1716 90 4958 4213 6967 8020 2179 2826 7939 5908 7370 659 5938 4977 961 6893 7753 4644 6402 6759 847 3600 899 6226 1919 3468 6704 7816 6342 3102 6530 2779 5683 3236 2579 614 1892 2872 2231 7737 1184 772 8115 2796 4738 3720 2449 2109 3366 3497 6327 3831 6476 108 3812 8239 1221 7155 5010 795 3364 8348 94 1005 2440 823 451 625 3021 942 6249 8260 7056 4727 5189 7118 513 2325 3238 7522 5431 3413 4154 4234 5759 1073 731 7939 1226 5261 6680 4536 1785 2253 2477 2636 3295 6236 8142 212 2152 1841 5201 6684 6049 6099 5243 2203 2783 1862 6300 6935 3992 2846 6481 2763 3034 4408 1362 7211 1570 5523 4351 2139 6758 4462 6966 664 6760 7030 2679 1006 5022 6363 5633 3614 2414 4202 5549 999 6111 3887 7963 4658 2 6824 5364 1044 1254 824 417 6943 6829 7795 1732 5021 5844 8353 6735 2223 5501 816 1481 3013 7112 3496 1825 2152 904 4213 1839 1549 5999 5866 3055 6664 2815 3900 6498 8656 4908 8026 8518 8251 3239 2704 3148 5317 2026 2335 2368 3012 4704 8646 5214 2783 2746 1338 906 2685 4108 3383 7925 6018 2015 2060 5733 3296 1408 7262 6788 8642 2610 6030 6096 163 2552 3202 7977 2230 3304 1150 3867 7504 2701 3569 2749 3261 1496 6500 5623 2791 1635 1424 4296 3324 660 461 629 1752 7742 4813 386 509 6467 267 2304 2215 5969 4502 3039 8357 5675 2522 6999 2491 5643 5385 3254 679 16 2120 4911 1119 1117 1359 5396 1622 4102 4151 1409 5322 5656 5902 4644 1945 2298 7523 4622 3132 3154 361 4447 388 6360 5019 7267 6865 5209 3008 4797 4516 3953 3472 2563 3378 1086 8499 5651 4922 4448 5772 991 5045 7193 2650 1707 2012 3200 4348 6955 411 7855 3574 4273 8499 2501 3993 2913 4622 2415 3522 505 1348 7626 6980 4990 5199 2882 8303 8656 5672 5625 5130 5216 7571 1911 475 4359 4180 7881 5845 5079 4336 564 1184 6596 6650 6747 6868 5893 6147 6281 6578 1650 7955 5952 6561 4422 4617 931 3027 5307 1619 5947 217 8320 2315 2416 7353 4358 4628 3014 2065 4767 4350 647 1931 4940 166 4167 8450 4065 4596 4311 926 351 7047 401 7581 1444 5198 3683 4406 8882 4300 4945 1633 7428 197 4614 8520 2653 6670 3201 7250 4005 631 6101 3284 150 3789 5951 70 3623 2785 6456 7159 7527 4737 3796 2447 2289 5805 3571 1045 5913 3472 2176 1519 8518 1756 5295 611 4838 509 4640 281 8638 2949 1296 5097 4467 4604 255 8129 1847 5971 8074 6306 7479 2388 2526 5233 321 1652 6371 6887 262 7638 6624 7198 7494 6245 699 8430 5088 520 1586 3977 7518 2846 6953 514 1950 2978 2388 3877 784 3608 5679 8769 6135 2795 787 7953 708 6598 2742 1189 2519 7149 721 95 7192 889 4829 8412 379 308 5803 5305 4563 5246 5547 3573 5433 1379 7277 7899 28 3627 7420 8213 6081 4835 1723 8809 4036 1061 3210 395 5433 3864 755 1815 5409 989 7954 3736 3911 7164 3089 7705 1372 7636 5269 8272 2524 6335 230 907 5157 6814 6683 6691 8641 6755 7693 8998 2276 3517 2753 7127 6788 1850 215 2600 4940 1330 6035 573 3 3634 5461 2881 2909 2215 3357 8135 7529 6103 2339 5527 6229 2881 5243 2557 4792 6895 8710 4293 8993 7368 5150 5581 8291 6097 2812 2634 8847 6153 8060 269 6501 2171 2922 5720 2872 666 7354 351 716 5170 8525 4206 6397 2208 8989 5712 2622 4938 4264 5579 8390 6667 8010 3907 6198 1969 4985 3815 8820 470 8889 4182 8422 7706 4820 4682 6076 5556 5997 4234 3849 8045 3855 2126 5962 3624 3767 414 1045 5064 5859 1660 5108 606 8723 182 7598 6663 469 5589 739 7947 1633 1458 7715 7375 1355 6442 8560 75 4110 2874 2181 4961 6875 4947 2830 4177 591 8205 2458 1066 4708 7450 8374 7545 7784 7898 7918 3849 2290 6118 8185 5561 2060 4147 3402 2778 1589 4202 2704 6201 7985 1444 4648 4325 3593 5985 4464 3540 5829 7294 209 7562 180 9180 3326 8721 2226 2436 8680 6856 3022 7946 8876 568 4319 4162 4699 1973 8047 1768 389 3979 6917 9194 8231 5219 7797 2944 800 1709 4962 869 993 5492 119 2270 4888 2093 893 5370 7620 831 4528 236 4923 6184 9206 6804 2811 1370 8534 8676 5182 2727 1681 7763 3857 5784 2332 6955 2178 405 8085 1905 1156 7599 7726 2265 8438 2127 820 7983 8148 738 6189 6821 5718 3587 3607 3757 7142 6473 7195 9262 933 7669 7275 7139 2767 8624 7149 7567 8814 6676 2272 4952 9270 5242 3597 1511 7341 6719 1472 314 4679 6311 9006 6714 693 5278 901 5831 220 8608 8960 4195 7517 3730 4720 5235 7882 7015 1592 8933 2688 2850 3840 6243 9260 1741 1641 2021 6609 8884 6605 8007 3245 2164 7585 72 7918 5438 1802 106 5148 522 1342 7579 5266 5882 8845 3544 2321 1811 5838 7084 4376 1635 3545 578 1156 419 4398 3813 911 685 7809 7757 4281 1803 4535 8027 8669 3296 6276 5740 6646 6864 2685 7993 3786 4544 8368 192 2718 5570 241 2010 4294 6778 7280 7559 5305 5089 6548 8663 1572 5992 5988 2364 1391 5065 3180 7966 7014 1224 6293 4603 8192 8246 7642 3006 7749 6510 7972 2618 8130 3996 9127 5051 4045 848 2051 4318 4366 3353 8022 7075 5709 4471 8897 4862 2073 7405 6754 8906 8603 6634 2759 7745 1340 8031 3042 9159 3353 921 2751 1196 1132 2189 2203 4538 988 2448 6405 2675 7547 8565 1227 6407 9146 6308 7356 8411 5439 1519 1377 6701 4839 6026 4388 3724 2326 3654 5024 2636 9409 1425 8556 1326 983 2575 2620 7614 4031 588 8045 8829 931 4575 5311 3084 8091 1481 2723 14 2190 6662 8973 213 451 9163 9119 4531 9156 9220 3565 7195 8321 4133 2460 2645 5094 7617 3943 3831 5771 7776 9317 757 4159 1773 9516 2681 4598 4291 5525 8368 845 5004 5415 7783 8353 7040 2213 2375 8142 5663 8041 8155 6022 6411 7635 3044 5421 7531 8841 2790 1848 205 4011 3091 3650 2575 1348 7447 7502 2453 6641 7886 7088 7676 8129 5458 818 2922 2657 9164 904 6915 4377 9134 7689 8776 2850 4490 369 4248 7475 6707 627 3389 4341 1999 6199 4063 2987 1631 3663 7531 4551 5655 9042 60 4222 606 1549 4925 2349 4567 707 7491 400 2374 1181 9268 2278 6031 221 7284 3107 1600 6454 913 9016 9358 3326 450 8081 8258 3859 3784 4626 886 9494 3849 171 8954 4918 3744 6648 6275 1471 1251 1498 3451 4548 9170 2109 9418 3443 389 4654 3175 449 2729 8520 6735 4659 3457 4802 4287 216 4104 5018 4472 2477 3216 483 119 7386 1021 7960 9147 8421 6810 3329 4849 3713 2479 2494 8228 6290 8046 4185 6263 7862 6358 7051 5935 1042 3864 1550 156 138 8047 6600 6283 1499 6904 9534 8626 8164 9519 6907 4503 2303 7085 224 3015 135 7784 7705 6830 7161 8951 6295 164 4784 1407 6142 4313 5468 9525 1991 7740 4014 1686 6480 9702 9710 8618 7784 9704 3822 1586 1883 7284 7853 7424 3988 7341 2592 549 7965 4827 8660 7282 3525 4216 9386 165 3075 3878 8601 5748 3802 5002 6252 7819 8901 3265 2785 7883 8641 192 944 5693 4153 3148 7864 2001 7027 8847 3200 6455 1559 7959 5429 1753 1858 129 9012 9647 19 7356 9177 5387 5711 1808 5101 4039 44 6014 3842 1579 8361 2679 3393 5536 6563 5716 4787 1263 306 4835 5532 2431 9290 909 5703 1748 9549 7823 109 6976 5959 563 4956 2110 3833 1203 8543 6649 9040 6847 316 9257 5517 6631 4162 2739 7632 7 7524 7656 6537 7912 578 2224 6959 1590 9004 3979 4177 311 1488 9719 6207 2730 247 6830 4163 2641 9117 2640 3983 8476 2443 3393 3822 8577 8361 8448 1835 268 4028 931 8553 4547 5502 5735 6723 566 9057 148 8151 1942 6832 9354 3135 5176 1207 3815 9123 5060 9626 6252 8599 8751 5887 8064 4046 2340 943 1425 6720 7644 8523 5025 6542 1695 208 4500 1045 9477 7768 3775 3673 7039 8389 9149 2019 3197 5937 1445 2529 9081 9397 873 2024 207 5232 7347 748 5838 2256 8096 1346 2777 1747 651 6114 7097 8411 5367 685 14 6439 1612 6841 7070 9434 6355 6516 3127 2895 8997 8387 6679 5378 6343 300 8133 9596 1462 5032 5473 9815 4230 8755 3965 7732 7335 3531 1528 8741 8839 1283 3169 522 3102 195 4675 8037 7607 4134 4830 5924 1754 2432 8395 1355 693 4238 1259 9444 1373 731 4092 5302 8530 8477 5495 9600 3355 3598 6247 9050 2980 7229 5581 5391 8665 9358 8242 2126
