13931281
0
0
28
1953
0
43800120
0
0
0
979300
3557778
0
0
0
0
0
0
0
0
0
0
6876486
0
0
0
0
0
0
217392217
0
300
0
0
19043706
21
0
0
0
717912606
0
23041866
0
0
0
921397793
0
0
8965495
0
0
0
10050886
0
146070
0
0
0
0
1890540
0
0
1
0
28106253
0
4664985
8778
0
0
16782321
0
0
0
0
1540
0
0
19722340
0
0
0
0
990
0
0
0
0
25031350
2338203
0
104525618
120
0
0
47878005
0
15981031
0
0
0
0
0
28158760
12987156
0
1
40163203
2416701
0
0
0
0
346528
4317391
0
0
36222816
0
0
4704778
0
10948860
7474911
2850
0
0
20287286
0
0
0
0
44147106
0
4335040
0
690900
0
55
0
71631
0
0
0
77815
0
6406410
0
0
256870109
45548740
0
0
0
2216565
0
42278610
0
33403051
0
0
0
0
0
10958221
595
0
0
0
18724140
0
0
21
147113344
0
48083721
23205078
0
0
0
496
0
0
0
0
0
0
0
0
0
0
0
25878
0
0
0
1176
171405
36812490
0
0
0
13820653
0
14706
29272726
0
0
0
23082615
0
0
0
0
0
0
0
0
0
0
0
0
0
0
0
3828
0
889111
2016
0
0
0
0
0
0
25593435
35976403
22777875
0
0
0
0
0
5516181
21770101
0
0
0
1176
0
0
0
2485
0
125467117
0
0
0
0
0
0
0
0
0
0
0
0
543403
410807243
0
0
0
8902090
10
0
0
0
0
0
741
0
435
0
17284260
0
658378
0
3160
0
0
0
0
0
0
36
0
0
0
0
0
0
0
6383001
16322041
0
0
0
820
0
0
26255881
0
0
0
0
0
0
0
0
0
332806670
0
0
151032040
135460
4477528
0
0
0
0
0
0
10326240
5676765
0
0
0
0
0
0
0
2333880
0
42195
19105471
0
0
0
0
0
0
0
0
7199115
36546975
0
30314791
0
0
0
0
48693646
80209258
0
27732628
19062225
0
0
1474903
0
22267801
1176
0
0
0
1694966
0
0
2958528
0
0
7183945
317157606
0
0
0
0
66
0
158103326
13366
0
0
0
0
0
0
0
0
0
0
0
1263255
10953540
0
0
0
0
0
0
13294746
0
0
0
0
1595791
0
0
0
561
0
0
0
0
0
0
17591346
0
0
0
0
0
0
0
2775
0
0
0
0
6725278
0
0
31796325
0
702705
861
2467569
507996128
0
0
1597578
0
0
0
1675365
40297753
0
0
0
0
0
0
11753976
0
11321661
304316639
1540
0
0
0
0
0
21095760
0
12105660
0
0
0
0
0
624171739
0
0
0
0
0
0
0
0
14848525
322003
10095771
0
16020630
0
0
0
9651421
0
15907620
148240
0
0
0
17967015
25593435
17090781
0
0
0
0
0
0
0
7294290
0
0
0
0
5939181
0
0
9850141
48457090
0
0
0
0
1853471
493245724
4241328
1504245
114003
20910
0
699256016
4232595
21193305
0
0
0
1035
0
0
0
0
0
55
0
4937653
1857628
16139721
93868055
0
0
0
1431
3003
0
0
428729208
98346
204480
689725
365060319
1009203620
0
16915836
4099816
715193598
6627743
555985
0
0
0
0
0
0
49307415
162195736
0
0
0
0
0
0
27495
0
0
0
0
0
0
0
0
0
0
5858250
0
250671802
630
0
0
0
0
0
143555877
0
990
706537643
25165965
0
0
32204325
0
388521
0
0
2145
1596
1871145
2080
343244240
0
0
0
0
0
23069028
0
537644984
0
0
13543410
2713285
0
0
0
29219190
29194769
0
0
0
0
5542785
299827806
0
0
5057790
0
20985481
29564205
0
0
903
0
0
14169826
6438666
1043659455
0
0
0
0
0
0
0
0
0
7583565
242264346
0
0
170236
0
0
0
0
5403828
0
0
325
10104760
55
0
0
548374390
0
0
0
0
0
251695
0
273430
0
0
0
148904031
19822956
0
0
276
190353172
39050703
0
0
0
0
0
528
0
0
73153
2536878
0
0
16764945
0
0
2628
0
0
0
0
0
0
0
2628
0
0
0
0
0
0
0
0
0
374545
0
5942628
0
0
0
0
0
17207911
0
0
0
0
4343878
1385280
3504628
0
6317235
460320
37450185
18081091
0
0
0
0
0
0
0
0
1067991
0
47098365
0
0
0
32062542
642985294
0
0
0
0
78
11885250
16840306
0
0
7153653
0
0
0
0
0
0
0
0
0
0
0
0
0
0
0
29938323
32124120
300
36538426
10619136
1943056
10
0
0
0
0
0
820
0
29051253
0
0
0
0
0
1497315
0
0
0
0
17484741
0
0
0
0
0
990
0
0
0
0
0
0
0
0
0
0
0
0
0
0
0
0
4005
28641096
12051595
0
16264956
22014930
0
0
58311
10001628
0
1128
786233140
0
23116600
0
0
0
0
0
99996528
0
2582128
0
741
0
431985
0
0
530965
3523185
8133050
177446288
0
0
0
25665030
0
990
0
0
0
7548555
12708361
0
0
0
0
11904760
762480725
0
0
9127128
0
0
0
1145341
0
0
0
2835771
0
0
0
0
62835
43641153
40028878
4160170
0
0
0
0
0
3952266
0
9528795
0
0
0
0
0
351
0
0
0
0
666071
36046
31446415
0
0
0
276
0
2639253
0
0
0
902120
30509766
11948716
13999986
0
0
0
0
0
243723406
24847725
3109121
0
0
0
1540
0
0
86736
0
0
0
741
0
349030
0
0
55
7260
0
0
0
0
37329120
48585153
105111
0
0
0
0
0
0
1081
0
0
0
0
0
321730003
0
0
0
0
2628
0
0
0
903
0
0
20374536
811074
19741186
32566485
0
0
36718165
0
0
0
0
0
1783216
0
0
8264145
0
0
128773238
3160
0
27874311
0
0
0
43379955
0
0
0
92660099
0
1604736
191108925
0
0
0
18207595
1253736
0
0
12467521
0
49665561
81361687
1115271
0
5825991
0
1953
26459175
0
0
0
0
0
0
7525260
0
0
0
5771503
0
0
8654880
0
0
0
0
0
0
980055635
0
562513069
3127885
0
0
19784394
0
0
0
0
182735473
0
15879430
0
398278
0
0
0
0
0
715806
0
0
0
0
40829166
368511
0
0
753378
374156139
0
0
0
0
0
0
0
0
3565785
0
0
0
30330366
11749128
429886887
0
0
0
55
21723936
39520495
0
0
0
0
528
0
0
28921815
0
0
180539155
0
1551441
0
0
1770
0
43762690
0
0
0
0
0
105
0
0
0
0
0
13920726
0
0
0
2080
12090
40594555
0
0
0
430881112
0
0
0
35511
0
29173341
0
0
0
0
0
36044295
0
0
0
561
0
0
0
0
0
0
7842780
21206328
7405476
11695866
0
3656451
1225395
14437251
10
0
0
300
0
0
0
0
19898586
0
0
515399103
0
0
0
0
491016282
48720049
7259955
0
0
0
0
295634091
0
18754750
10743930
0
0
30564471
74779733
0
219254290
1139885
4981746
0
0
0
699508088
2080
16505385
2556
719973449
0
0
19993326
2087636
484697076
46943205
0
561576892
0
0
0
0
108809873
26685165
0
0
5292631
6641190
0
0
17190316
0
0
0
26466450
0
3570
0
48476781
746659
0
0
0
0
0
0
11203011
0
105
4102680
15
0
0
0
419070
0
1
0
22314540
0
0
0
11968278
210925
220116
0
28061286
0
15
0
0
0
0
0
0
940900349
1773786
13232940
171
10531755
383273
47662966
0
0
0
0
91
4045590
29089378
0
0
6063903
23698170
0
0
0
134017994
465
0
0
0
0
0
782609847
438777070
0
0
8982441
0
0
0
0
35578830
0
0
36036136
0
715806
0
0
31430556
0
0
0
0
0
0
0
0
0
0
32385
0
7910828
0
0
3828
11169901
0
0
1279200
0
0
0
0
7471045
0
5737578
5536128
11397925
0
1583310
1076778
0
1894431
49685496
0
0
0
0
0
28914210
10240075
785631
0
0
0
0
26729016
0
0
295825273
0
0
0
0
0
0
29656551
940506
15193828
0
1148370
537166
0
0
0
0
566580
0
1373653
0
484620
63625742
0
0
44551
0
37035921
2252503
1212903
0
0
0
0
279660658
0
0
0
3355345
0
0
1540
1176
0
0
0
0
577275
0
100228286
0
0
0
0
0
41041
0
415416
0
0
0
0
331705
0
0
266896866
0
0
0
0
0
1675365
0
0
0
0
0
0
0
0
0
0
0
0
0
26992878
0
3935415
0
0
0
0
0
31343326
0
0
0
957036
0
0
3017196
0
0
29872585
0
8207326
0
0
0
0
0
0
462241
496
5041900
9432996
0
0
0
0
2628
0
0
0
0
8982441
0
15598905
0
0
0
0
0
0
16921653
25372126
0
1128
0
34665301
44883075
0
6292378
0
136
0
0
0
399171
36
0
48044503
0
0
0
0
120
12951505
18057045
0
0
43893765
0
26875446
311244609
0
0
0
0
23001153
0
4742830
0
28
40199061
5426865
85577928
0
0
0
0
3697840
130816
0
1540
8300775
0
720900970
0
0
0
23211891
1060696
0
0
0
0
607821935
15210370
0
0
0
0
0
0
9105778
31788351
1708476
0
0
514271998
0
0
0
0
0
0
0
2666895
0
8349741
44109528
0
0
0
0
0
0
0
0
0
0
0
1275
0
4346826
0
18087105
395605
53879663
4881250
0
0
0
3517878
0
0
0
49138741
0
2079780
0
368511
0
0
23437281
1973091
0
13507003
0
3828
0
0
190
0
0
157978186
0
7728346
0
23389380
8505750
21461076
0
1540
247496540
0
11841411
0
0
0
0
0
12022156
520143560
0
0
1540
6630261
4226778
0
885115
0
0
0
0
366431598
17343105
0
0
0
1401975
30004131
0
0
0
18328485
0
0
0
21030855
10776403
13904901
294896715
0
8142630
0
0
9063153
5035551
0
0
0
12164778
0
0
19741186
0
0
0
0
803278
0
231
29372280
10
881128
54614125
405944062
0
0
8759205
44816778
21
0
0
0
74305
31256371
0
22388086
0
6663075
0
0
348924
0
25894806
0
0
0
19111653
15851265
0
158554539
0
28038816
561
305613052
0
0
0
0
0
0
10
47040150
0
0
43365
12997351
0
0
0
635066
0
0
0
37554857
15
24002056
3347578
4859403
2080
0
0
0
0
0
0
0
0
0
42961815
11274126
0
0
17889171
3547493
0
519815032
0
39458286
0
0
0
4850055
0
0
0
0
0
41227740
0
0
0
0
0
28588141
11231430
0
262554624
0
0
0
0
22214445
0
13590291
0
0
1668051
0
0
0
0
0
0
0
0
37268661
1651653
0
11084986
0
0
0
0
3486
273803
0
0
784378
0
1595791
0
0
710201362
0
21664653
553878
14777766
156520
23218705
0
24419566
0
0
0
693253
1378630
0
0
0
78
0
367961703
0
0
29679660
0
0
3219453
21
269011
3486
0
0
170820
0
0
0
0
0
0
0
347713409
0
351
0
0
28391880
20966050
479710
0
0
0
0
30830878
0
0
38669541
0
0
585903
0
0
31940028
0
14810403
15
0
0
0
0
0
703
0
605550
0
0
5436753
0
4335040
12427605
0
0
0
0
0
0
31375081
0
0
0
33158296
0
0
6460215
21375991
0
0
0
0
0
2312325
0
7474911
0
954271
46123210
10623745
8489260
0
0
0
0
8026021
0
0
0
0
0
0
0
29303340
7081966
0
0
0
0
0
0
0
6417153
0
0
0
0
0
0
0
0
0
0
5038725
0
0
0
400065
0
0
89253
8755020
0
0
1027461
0
0
0
0
26277625
6503421
0
0
3828
0
2850
0
0
835278
0
319600
0
0
259560
630
16708913
0
0
0
2049300
0
1540
3486
0
37484811
9647028
0
0
0
0
33272403
0
115908
1041846
0
0
710711299
78
0
1258491
0
0
48064110
0
0
0
128417410
0
116457340
1128
0
0
1148370
0
10298991
0
0
0
3003
0
91
12926070
0
641139602
19528125
0
2149701
0
0
0
0
20024956
3280641
3828
32623003
0
23871
0
4045590
0
0
0
0
276
3804661
0
5163291
358878763
0
0
0
8742471
0
2372931
0
0
30548836
0
2016
0
0
0
0
21291075
0
2485
0
0
0
0
0
0
0
0
660793790
0
0
963966
28474831
0
0
27147396
0
0
38645236
0
0
44835715
0
2080
1248990
0
0
15171786
0
2224995
0
0
0
21421785
0
0
1770
0
0
0
690283678
0
33591306
0
0
0
351541
861
3622086
89278974
0
0
474143555
0
37251396
5925403
0
0
0
0
0
1459486
0
0
0
0
0
31621128
13694761
0
0
2556
0
2710956
49625703
0
171
0
6105765
0
0
0
0
0
0
0
12243826
0
0
0
0
0
0
0
0
1
946
3916
0
0
0
82621
0
261726
0
741
0
1523385
0
1427205
0
0
37910278
0
0
0
0
0
31980003
10136253
0
0
5384121
0
0
0
0
27963981
0
1275
5863600
0
0
0
0
0
0
30775935
0
0
0
741
0
0
55
246587356
0
0
3446625
0
0
944558925
0
42554925
0
2527876
87673652
0
0
0
0
37398276
0
1073845
0
0
0
0
0
0
0
39680686
0
0
0
217941238
0
266085
0
0
0
0
489555
8885220
1596
12647935
533028
0
0
0
0
0
0
17543926
0
0
56817762
0
0
7298110
0
0
0
0
46981971
0
0
2556
0
0
0
1003236
0
0
0
0
406
0
2838153
0
40470
0
24314851
0
0
6787770
0
0
0
0
0
6813586
3133756
0
0
0
0
19515628
0
19434495
0
0
0
672220
0
0
0
0
0
0
1595791
0
0
741
0
0
0
41073516
0
0
0
0
0
0
0
0
49089186
0
0
0
29495040
0
66328793
0
0
0
8034036
0
0
0
0
0
0
0
0
0
0
0
0
0
0
0
3019653
268240346
0
0
5698863
0
1653
210
20901345
0
0
0
4943940
0
1008253852
0
795083469
0
0
0
0
0
0
22953700
2485
1188111
0
278479978
0
0
0
35133153
529022143
0
0
0
914664884
6995670
0
190
1844160
0
0
0
311655
0
779761262
0
25786971
28680
101780004
0
0
0
0
0
27613596
0
0
0
0
0
6442255
0
0
0
26132835
39573856
0
0
1321125
10
0
3111265
49019851
8576011
0
0
2556
75466
0
0
0
0
0
91
0
0
0
0
0
0
210
0
0
0
0
0
0
0
0
0
44990257
0
617716
2145
0
646953
0
0
0
33068778
0
561
1431
40901490
0
30572290
0
0
0
0
0
561
0
0
0
61776
998409505
33784712
15992340
6442255
0
0
27479991
42453505
15
0
0
0
0
154639011
0
0
0
0
45447968
0
0
0
0
43669185
0
16048945
49735351
0
7021
0
0
2288730
0
36735306
0
0
218958468
5894461
0
1642578
40451020
9472128
35984886
14405028
0
0
0
0
368511
0
0
0
0
0
561
34147974
0
0
361675
0
569778
0
0
0
0
31383003
0
0
0
0
0
21
37814556
0
0
42832140
8596731
85113998
3143778
7846741
22562403
277140
9655815
0
47799753
30229200
0
0
13063716
0
3247426
11681361
0
6331461
346528
11508003
0
42508810
10600710
0
0
0
1830
1
4447653
0
0
206403
0
0
0
0
0
0
0
0
91
0
0
37997403
861660740
0
0
0
0
0
0
0
0
8427565
48221110
0
0
0
0
0
4438710
131350607
32068036
0
0
0
0
16915836
35671681
3240
0
1
4247155
3584503
0
0
0
0
0
0
414713270
26488281
8897871
35849278
0
35032635
26574773
0
35786450
0
0
1035
0
0
0
0
0
0
6112756
719400
9699810
3219453
15537525
0
0
7517503
0
0
0
28
0
5374281
0
45692020
0
0
0
44241121
0
10499653
0
26459175
361675
0
41391351
0
0
1830
0
0
0
0
0
0
81317165
741
34798653
3570
24321825
0
0
1668051
0
1326
0
0
0
1027620602
0
0
26284875
0
294528
36046
0
27408650
0
0
23099849
0
0
33142011
0
0
0
0
0
0
35200245
0
0
0
0
14281840
0
0
0
0
275548235
0
0
11768526
36992901
0
0
177310
0
0
1225
0
0
46056
0
0
0
0
0
0
0
3255076
234270
0
12253725
3571128
0
0
51360
25837266
30517578
89006112
1745646
2415
0
120
0
5440051
0
0
0
0
0
6903
20247066
15
12743676
779376
0
0
0
0
10762480
0
46894770
0
36495696
0
0
19422028
5897895
0
513751369
0
0
0
1275
0
0
0
22094628
0
977901
610212893
0
0
0
6932226
0
0
0
22334586
671547035
0
47878005
0
0
30381
80599066
2973141
0
0
0
0
0
4903146
0
10804276
0
0
0
25429146
0
27495
0
3686970
0
0
0
584821
0
0
0
20701395
0
2278
0
10059855
0
0
0
0
0
0
0
163878
22294503
0
486244956
0
28
0
2256750
956680708
0
2263128
0
0
2235555
0
0
0
9655815
0
0
0
0
0
2415
55568997
16643565
0
0
0
0
12829645
1176
0
120
0
433183952
985734912
0
0
0
0
0
5185810
23437281
0
0
40136320
0
4839790
0
3711450
0
0
12002550
177197718
0
4655826
2494261
0
28883800
0
928203
0
0
42490371
0
0
0
171
0
1353835
0
684370886
0
0
0
31988001
33928203
3441376
4489506
0
0
0
12557566
1989015
0
63384782
0
0
2556
0
0
0
0
0
0
0
11758825
0
371091
2775
34756953
0
0
14766895
39263091
0
0
0
0
0
0
0
13973541
18522741
0
4276350
0
0
0
0
0
0
0
0
0
0
799480
0
0
0
13486221
13155885
15649215
1830
11758825
990
39841201
0
0
608856
0
0
1540
0
42830224
0
0
0
0
177781479
0
0
0
0
0
480690
17003196
0
0
0
0
40567528
0
0
0
0
0
21526641
0
48280051
0
0
231
0
0
0
1176
0
4658878
0
0
18492321
7055646
0
0
0
25329403
839751384
0
0
0
29242128
0
0
378015
0
0
43828203
741
0
11613790
0
0
481671
4276350
0
0
48828
0
0
31264278
0
0
0
0
316575050
0
4713985
28008870
0
31122105
0
38671615
0
0
3624778
0
0
0
15166278
0
0
4975435
0
0
0
26488281
219562084
0
0
0
0
7237110
0
0
0
0
10995705
0
0
15
0
0
258452267
0
0
0
0
231
0
0
0
0
0
69152492
2145
0
0
2124891
0
2556
0
0
0
0
200661
0
0
0
0
0
0
31272186
0
10651420
21238903
0
0
0
35764653
46614340
0
0
20920746
1796460
153
0
0
0
11556028
228150
0
11436153
0
17261082
14031753
8390656
0
11417031
0
224796501
1953
11997651
0
7059403
1987021
0
0
77421
17084935
33800845
14930380
0
1431
0
0
0
0
0
569778
1385280
0
0
0
14750596
0
0
0
1878891
0
0
0
3700560
13181545
0
0
0
0
31900078
0
0
0
0
0
631160503
0
0
741
0
140693808
0
0
0
13862745
1275
0
27235890
0
0
0
0
916973413
29687365
0
0
0
0
0
22174470
19690950
0
0
437670766
0
1308153
0
4352725
2556
0
1
0
50647025
0
0
0
0
7815081
37536780
15766920
0
0
0
0
0
15117329
0
0
2080
1222970
147681999
1620900
0
0
0
11763675
0
0
0
0
22341270
0
0
10235550
22187101
1777555
30666196
0
10167795
7626465
0
447931
349968645
45139251
0
0
14244426
0
0
1225
0
0
0
0
0
0
0
0
0
161903118
22441650
0
0
0
0
0
1649836
0
0
0
0
0
0
568237948
0
0
0
0
0
0
0
0
0
42444291
5994453
0
0
0
0
0
1023165
11648171
0
3486
0
0
0
0
0
285439233
43659840
0
11005086
0
0
0
0
0
0
0
8864155
0
0
0
271315481
4400061
19496890
1046312654
3828
0
25095070
0
0
55
20005975
0
3262735
0
21343311
0
0
0
0
0
0
45960078
0
32172231
759572751
0
0
0
0
0
0
32044015
0
0
1188111
0
13310220
0
0
0
0
0
3428271
0
0
0
0
1253736
33354028
8679861
832725205
0
0
0
0
0
0
149673429
0
0
73673
6196960
0
3916
9970345
0
0
0
0
0
3136260
0
0
0
0
0
19378425
0
14588101
351
0
0
0
80679666
42859911
0
6535920
24497
0
0
0
0
5479705
0
7622560
0
0
0
1035
78
0
0
5805528
0
1830
0
3828
0
0
0
0
0
0
5592766
0
179563500
27272805
0
48688923
0
0
0
0
34523895
0
0
6692311
0
0
0
14968656
0
30416100
0
0
0
0
0
435
0
0
25322286
0
0
0
0
0
0
0
0
0
15
1040939386
0
0
0
0
42989628
0
0
0
43743981
8525025
0
0
56616
277885
0
0
0
0
61703282
0
0
0
0
0
705078
0
0
595
0
0
31319655
0
0
4014361
11169901
0
26750955
0
0
260274201
0
0
196037474
0
0
0
15
0
12865128
741
38900610
52357564
10902115
0
0
40594555
0
0
0
21829528
0
35976403
8276346
0
411157608
0
0
0
0
2208151
0
0
0
91
0
0
0
48970356
0
0
0
0
0
435
0
3862810
0
90100
0
0
5007030
0
0
0
0
0
1275
0
0
0
0
0
74279200
0
0
0
0
34848726
0
25080903
0
14593503
0
0
390050
0
0
0
2059435
0
0
0
8333403
41546170
0
0
0
0
0
0
0
36975700
0
0
0
225231683
0
0
608298305
0
0
1846081
0
2425503
0
13757635
0
0
0
0
0
20075616
589155
0
0
0
0
5302396
0
374545
0
0
0
0
0
0
0
835278
0
181918854
0
183921
49089186
0
0
0
0
3438753
360694844
2776546
23643126
0
15587736
0
117450942
875922968
0
0
561
1911990
0
0
0
0
0
0
0
48064110
0
0
0
4486510
0
0
0
0
48337374
0
0
27971460
0
0
0
15182805
14979601
1675365
31176851
287900673
105
0
0
0
0
13517400
0
0
23239153
0
741
0
0
832695
0
3801903
16122681
0
0
0
0
0
250110066
15
0
0
0
0
0
0
0
0
0
30314791
3056628
0
0
0
49605780
0
0
0
2199753
0
1528626
0
0
0
29441301
0
300
16637796
0
0
0
0
3081
0
0
0
0
269745
7657741
0
0
0
43631811
12243826
3051685
0
5639761
0
0
0
496372688
0
0
0
11953605
1353835
0
3430890
0
276
695067866
0
19148766
39867985
1485
0
0
0
0
0
0
0
4174605
32606850
11720061
0
1714026
36538426
0
0
0
26277625
0
14636755
40070551
8847321
0
0
0
13140501
4760155
0
0
0
0
0
36769600
0
0
0
0
0
0
0
0
0
0
0
1853775
0
38830078
0
0
0
15122250
0
8128
0
0
0
0
0
0
0
0
0
0
0
0
0
95665815
12352935
11744281
0
0
0
0
0
0
34923903
0
781719083
0
0
91
0
0
0
0
0
0
10185841
0
0
0
0
0
231
0
3544453
0
0
0
0
0
0
0
0
0
110107620
3339820
10339878
50033389
0
20701395
0
465
810700929
1830
2080
0
0
406
0
0
4686391
0
0
0
17662596
0
0
36
0
0
0
38110815
21506961
0
26017291
0
0
0
0
0
0
0
0
7946091
0
69712
946
1574425
10285380
8952796
0
0
0
0
0
0
0
325
0
0
0
0
0
0
0
12228985
0
0
0
37831951
45577378
5599531
0
0
0
14100705
0
0
0
8515
10376290
2593503
0
0
0
0
6402831
0
0
0
0
0
5112003
634501
0
0
0
0
2390391
0
0
40982931
0
0
0
16350621
0
0
0
0
2080
0
666
0
0
0
403651
0
0
1485
0
0
0
0
0
0
15309811
11264631
0
16465191
0
561
0
0
0
24090
0
300
0
597590770
0
9867903
0
0
0
0
0
0
50432673
5849910
0
0
8801110
476583733
0
37087578
0
0
0
3116256
0
0
0
1891
2850
0
0
0
0
185745
6787770
13027960
185256256
2346
0
109691
0
0
4686391
0
0
0
22926606
1004653
0
2628
0
0
0
11108541
3828
545624713
0
0
693253
1653
8725753
0
0
0
0
16921653
0
2278
0
20221620
5013361
0
0
48172020
7854666
0
35343028
0
0
0
0
0
20752903
854413
0
0
0
0
0
0
0
0
0
0
9242850
0
0
0
0
0
38781
15885066
749070603
0
0
0
13120003
2436528
593505
1702935
39832275
0
0
0
0
43875028
0
0
0
0
0
660675
91
0
0
0
0
80601
0
0
0
7502001
5407116
0
0
1378
0
0
0
0
38504700
0
0
0
24875931
193753
0
0
361675
0
15710815
0
0
0
25194351
0
210
21271503
8370186
16811301
118342513
0
0
38006121
0
0
0
0
0
136
976310600
0
0
3899028
27169506
0
0
32671486
0
0
0
0
0
7237110
15243481
813362550
717003
38206911
0
0
0
0
14074165
0
170236
859114100
12915903
0
0
0
0
14191128
23836060
0
0
0
0
0
0
0
0
3837835
0
34291621
0
0
0
48486628
0
0
0
78509716
0
14680071
32526145
212918841
36052786
266085
0
2145
0
0
9144226
979843124
435130085
0
0
0
28
13351528
0
0
44454694
0
0
46354006
0
10326240
0
0
0
0
21461076
781875
0
0
0
0
3081
0
0
0
0
0
10140756
3692403
0
298838476
0
0
1202025
39033030
0
0
0
367653
274197013
0
162735
82759145
30878011
0
0
0
435
0
11259885
0
21736
0
0
0
34455391
18027010
2804896
31035381
0
524800
0
36315
39841201
337431
0
36863991
0
0
2905255
1081
829249114
31027503
3332071
2975580
0
0
406
0
0
0
2485
0
0
25208550
0
548628
0
647313391
16822900
123497205
0
0
0
0
1127251
0
0
0
0
0
0
0
0
438996598
0
0
0
0
0
0
196251
0
0
0
0
4843828
0
29787621
0
0
0
38460835
0
30666196
24995985
29043631
177251106
0
0
0
21988396
0
0
314028
0
0
11997651
0
17260750
0
122065922
0
0
0
0
0
0
5629690
0
0
29135161
0
31756465
0
0
13548615
0
0
741
0
0
0
0
43603791
0
0
0
0
10706878
0
0
46392528
0
34120459
0
24140826
0
0
0
406
13248378
0
105
26597571
46152028
0
2628
43305471
0
0
0
0
43286860
922761
15387378
741
0
692076
0
0
16764945
0
11236170
0
22167811
0
29756755
0
22341270
0
0
0
0
1
0
79812875
0
17644770
0
0
0
0
0
0
0
24126931
1035
0
390286
0
389960025
4394130
0
0
26190703
136801209
0
0
0
64138518
0
0
42214266
0
0
0
43342705
0
2743653
2628
0
17508403
17319555
0
0
0
0
33903495
0
0
91
0
10476753
0
0
2080
11397925
0
153
0
460043738
0
30112680
0
19210701
2063496
0
0
3587181
0
455535
0
0
0
0
988837993
0
0
0
30283653
0
3584503
0
0
703
3790881
0
0
22919835
5798715
3308878
0
0
0
0
0
0
0
885398
0
0
0
300
2069595
0
40892446
0
0
0
7153653
0
0
17205
0
0
0
0
0
0
0
0
2037171
33150153
0
0
0
0
0
0
0
13284435
0
574078759
0
0
696790
0
0
0
0
0
0
0
18644671
0
0
0
0
0
817281
9316
3160
0
0
0
0
0
130570482
31621128
0
0
20675665
9607536
0
410031704
0
29556516
0
0
0
389084707
34051878
0
0
985405658
0
0
22596003
444177703
0
0
5636403
0
0
0
15
0
0
13749876
5365285
0
28
0
0
0
0
5812345
6984453
0
0
595
0
0
10308070
2776546
60384117
0
0
0
0
13726180
0
2556
0
2145
33296880
0
0
0
0
3451878
0
1081
0
57689363
0
0
38786028
360825
0
0
0
32004000
2016
11550715
0
426020021
0
17549850
27740076
0
0
38531031
35242210
0
429201
60631614
0
0
14652991
0
15470267
1151403
30721041
2261001
0
347737999
0
0
78
0
0
0
441475195
0
1
0
13351528
0
0
25087986
0
30705366
0
0
0
0
553516727
3160
0
0
5035551
0
0
0
0
0
0
17196180
990
0
16099975
0
3766140
0
0
10
32841460
0
0
0
0
36675330
2415
0
2826253
46132815
0
0
0
0
7467180
0
0
0
0
0
0
14952412
0
0
0
0
0
0
0
0
0
30135
0
0
0
0
0
1809753
0
0
284715029
214122098
2390391
0
0
7795326
0
3321
0
0
0
0
0
1004328157
0
0
2717946
0
0
29980896
0
0
0
0
0
0
0
0
0
379602606
0
469979186
31708666
679960505
0
0
0
0
0
0
53847031
47897578
1275
35242210
0
1732591
0
0
0
3066526
0
1084128
0
21763503
0
757065
0
0
0
190
0
0
0
0
0
0
0
12022156
0
0
0
0
99235
0
10883445
0
0
0
0
33747220
0
0
0
0
0
0
0
0
0
0
39342885
0
561
29150430
0
356590
15
0
300
0
0
6648481
7382403
0
0
0
0
0
0
0
228150
0
0
0
0
0
0
35621020
0
44025036
0
46270602
0
966745
0
0
1308153
1
0
12673095
0
0
0
0
1431
435
0
0
0
0
0
0
0
28053795
0
18087105
0
0
0
0
0
8600878
5499586
0
0
8362005
6
0
0
0
0
171
2208151
3854476
0
0
0
0
34225401
0
0
0
923977
25651
23478378
0
22825146
0
0
0
0
0
5016528
0
0
19509381
0
0
0
9956953
1509453
0
0
0
45481953
29180980
23622501
0
5054610
0
3916
0
0
0
0
0
0
0
0
0
0
4282201
0
0
27799696
15750078
16407856
0
0
5727585
0
0
0
0
0
7950078
0
613936057
0
0
0
0
0
0
0
5754528
0
2760075
841091317
0
0
0
0
0
0
0
0
201945129
0
213531
0
542361
0
1743778
2211
0
0
467827299
0
0
529219931
0
0
0
0
0
0
0
3321
0
0
0
0
0
0
0
0
7336365
0
0
0
120
0
0
0
0
561
0
0
0
0
25675941
0
11369296
0
0
0
990
0
0
34308186
0
1
0
7846741
0
21
0
0
0
0
0
0
0
0
40531506
0
8654880
0
0
0
0
0
0
0
0
0
18425485
38241885
0
0
28997920
227934177
0
0
7447870
0
990
0
276
19534375
0
0
0
12140128
27007575
0
0
12125350
0
190472151
0
0
0
0
0
3570
27986421
45
0
14106016
43258951
4646676
43660
0
0
3404745
0
1391946
0
0
6029128
0
0
0
0
0
13027960
0
2775
4915680
0
29646
0
0
473818927
0
0
0
28625961
351
0
104653
0
0
0
0
0
0
0
0
23636250
0
0
12447555
0
23177836
0
776881
0
0
0
0
0
0
0
0
0
0
0
0
0
24166714
0
0
0
3216916
0
0
0
0
0
0
0
4753986
2264007
2628
17020
5250420
44627628
1485
0
0
903
735857892
4956526
2080
2628
0
10554715
27221131
13448627
0
31090555
0
0
34806996
2465310
0
0
0
916440824
0
0
0
0
0
174063321
820
0
0
0
0
5124801
401738493
0
0
0
43165986
0
15212327
36778176
0
7393935
19955403
10743930
0
0
2701
440218219
8042055
36095256
45
0
0
2252503
0
210
0
3828
0
3733278
0
0
12875275
0
0
2029105
6575751
0
0
0
0
0
0
781308414
0
0
0
14222734
0
0
0
1485
0
820
0
0
0
21454525
0
19697226
0
8902090
0
165025
29211546
0
20266161
0
30572290
1945378
9437340
0
0
13586850
25941076
2926
0
0
0
0
0
0
0
1
0
0
0
0
0
0
0
40522503
174936
3796154
0
0
153
0
0
0
0
91
37756842
0
0
1
0
42266654
0
0
0
0
0
22008295
28369278
0
0
0
24475193
0
0
0
0
0
0
22589281
1035
0
296065
0
0
0
0
0
0
598965
2145
0
0
0
0
27261
0
22428253
0
0
0
0
0
0
0
13325703
820
44646525
0
16290
0
4186171
0
0
0
34051878
0
0
0
36137751
0
1790778
0
0
0
0
140715
0
34382778
0
1378
0
0
0
0
748958096
3003
0
351
0
0
0
0
0
0
18364830
0
5144028
419065723
4921953
350703
74691
0
0
3643650
371486588
0
0
31090555
49765276
0
0
0
0
210
0
0
0
47185755
993345
0
0
21219355
0
0
0
0
661825
1830
2278
2922153
1125750
0
0
0
356351901
0
0
14766895
0
0
0
0
0
267104412
0
0
0
0
0
13186680
0
8617476
0
6239609
2575315
0
76138
0
0
33854106
0
0
0
0
0
0
88502973
0
0
0
43893765
397727297
275290895
0
293938475
0
0
0
5384121
0
0
0
0
29803060
0
78
0
0
231
0
0
595686
0
0
0
2850
2926
0
3986076
0
0
0
0
0
0
8986680
0
0
9546265
32132136
0
15326416
0
0
0
0
0
0
1230096
0
0
2023066
0
0
210
0
0
0
38971206
0
0
0
0
31644990
24405591
1969120
11479236
0
0
0
0
0
0
0
28997920
0
276
6438666
0
13825911
0
22068046
596791236
0
0
0
11084986
13846953
0
35545096
0
466095
26106
0
780
0
0
0
0
0
91332658
2701
0
0
0
0
0
1292028
0
236134692
42287806
0
0
276
0
0
0
1142316
0
0
963345690
0
0
14535
4017195
0
0
0
333384280
15160771
0
0
0
0
20862570
0
0
0
0
0
0
0
0
0
1176
0
19359753
15958425
0
17396151
462350084
0
8407050
25543378
0
0
8784336
0
19885971
0
0
737505
594595
0
2926
0
0
25123416
0
0
41328
0
2415
4293915
409112130
11132121
218709667
27277877
0
20361653
81810
0
68359162
0
924120
0
1131760
0
0
44712696
35883156
0
0
0
0
0
0
1035
0
3949455
0
153
4576825
22737396
0
10285380
0
44100136
71574759
0
0
0
0
0
17196180
0
0
0
0
0
183830332
0
0
45
0
0
13063716
1176
0
0
0
0
0
9699810
1113778
3003
0
0
0
91
21362916
0
8288556
0
0
0
0
9092980
0
238395
0
0
1711
0
0
0
0
19322436
5488886
0
0
0
0
17561701
0
19885971
0
0
0
0
0
0
3565785
0
0
1197378
5054610
0
403484112
0
6029128
752661805
0
3708726
2628
0
0
0
0
0
0
36855405
0
0
0
49585861
0
223145168
0
0
0
0
0
0
0
0
0
0
0
0
0
0
36112251
0
0
0
0
380398009
18877440
28452196
1176
43473150
0
0
0
667590
0
0
0
105
11671696
0
0
0
759528
0
0
0
0
0
0
3209311
0
1891
0
3158841
18711903
15941481
0
1130256
824970
15122250
6555
253
4513510
14300217
0
0
0
0
0
2080
0
0
0
0
0
0
0
0
0
2172570
0
2100225
0
0
0
0
0
0
0
0
7587460
0
291466
0
0
346496020
0
0
0
0
0
30768090
0
0
9006432
0
0
0
0
0
0
46710945
0
0
0
0
1953
20406466
13736661
0
0
0
1007488654
0
31541653
0
46142421
12844846
2080
0
1041805817
0
2628
13506346
0
14010571
7282836
0
0
9316
0
4453620
0
0
2415
0
0
0
0
10176816
2809536
0
0
0
0
105
802672173
87990
6895041
0
0
0
0
0
0
16099975
0
0
27740076
0
0
0
0
327853659
0
91
0
0
0
12154915
0
0
0
181858428
0
0
2628
0
254398937
0
0
3081
0
0
0
0
16179516
0
0
0
67161
0
0
10068828
2926
43837566
0
364455274
0
0
0
0
0
0
0
0
0
0
0
0
6481800
0
906072103
0
0
2227105
136
0
27007575
0
0
0
791225785
153
0
0
0
0
49605780
7225701
3570
0
12537528
0
0
940929718
11705541
3081
0
0
187405427
0
0
7381
6857956
0
0
3141271
0
108811
29888046
0
0
488987516
0
0
0
0
0
0
0
0
3957891
0
414505
795258270
41010096
0
0
0
0
0
34865425
0
0
15012460
3977610
0
0
0
2211
0
0
2145
946
0
1106328
0
0
65827148
5522826
0
0
0
0
0
0
0
0
1540
0
0
83028
561
0
23581278
7583565
0
91548461
0
0
939132107
46075200
0
0
8481021
10
0
0
0
496
300
0
0
0
0
0
334931154
42287806
31462278
0
0
0
0
0
0
882456
0
0
0
0
0
0
0
0
31454346
23822253
0
0
0
0
10185841
0
0
18711903
0
0
0
0
4276350
0
0
0
0
0
447662535
31844190
22448350
35225421
3600586
0
1042274156
0
0
13632031
0
10109256
0
0
0
0
0
0
0
5476395
0
276
0
0
67505621
0
2080
470520175
0
0
0
0
0
32606850
2701
23877505
140185
1321125
0
0
990
0
0
0
0
561
0
2552670
0
0
10
0
2308026
2080
0
0
9463425
15941481
0
0
0
0
502503
0
477753
21671236
0
231
0
0
13710466
29646
0
33468471
0
14362120
315123493
0
52235207
0
0
0
0
0
0
0
0
0
620085625
0
0
13002450
0
0
0
595686
0
0
0
1830
0
0
0
0
0
0
176715
20706
0
0
0
0
0
1081
0
161773570
44100136
3460152
249968351
0
0
0
0
0
0
0
32324820
226766609
0
0
0
893116
0
6503421
5218065
701010668
2080
0
0
30314791
0
0
0
21528
0
0
0
38503
0
0
0
1035897698
4191960
0
0
0
0
0
2648451
0
18871296
77077272
0
0
0
0
1951300
1588653
0
22368016
0
0
10194870
0
0
0
0
0
0
0
0
0
45
0
0
0
4171716
21167271
0
3321
75855
159330
0
0
37562778
44467165
0
10015050
0
0
0
0
21579165
17207911
0
0
720999032
0
0
0
0
175033561
628805642
0
8684028
0
0
30728880
0
2001513
0
21988396
0
5266635
0
7463316
0
0
0
1326
0
0
23946660
0
14674653
7066920
20425636
0
0
1973091
0
0
0
33468471
16236451
127006322
0
0
0
0
595
0
171
10818226
0
0
0
25772610
2278045
903
0
6313681
0
0
0
9144226
0
0
383250
0
400960
0
248336931
1085601
758296
0
0
8588440
0
177906
4912545
9472128
2145
0
0
0
47643441
0
0
4005
12915903
0
0
0
7906276
3459765
0
19272736
0
186355
66
0
40982931
0
21245421
0
18840591
18614151
607753
10586901
0
0
10911456
0
0
0
17985003
300
0
0
27221131
0
0
41328
0
1043190946
0
0
0
0
0
0
55
0
0
0
0
52504065
0
0
44684331
0
3486
552826
10240075
0
5099221
0
0
0
0
0
0
41537055
0
1128
4388203
0
0
0
0
0
0
0
33911730
0
13094403
0
3547116
946
380572562
0
0
14588101
0
0
0
27866845
34465753
1540
0
0
0
0
982975637
0
136
280161942
3627471
0
29402946
0
1485226
0
0
0
0
0
0
0
105
17698275
17462993
0
0
0
2509920
0
0
0
26582986
0
0
0
0
0
19716060
0
0
1546161
3486
0
16151086
0
0
0
0
0
0
0
0
0
0
0
46937689
8600878
32236435
14281840
0
0
0
23498940
7279020
0
0
0
13166146
0
7807176
0
0
0
0
718201
7214301
0
0
0
0
22441650
300
1
0
0
0
9221365
5266635
1335795
3828
0
3741
3570
0
480918105
153
0
2869210
859376517
0
0
475800
0
0
8415253
0
0
0
0
3247426
0
0
34957341
1770
0
0
0
0
57137433
0
0
0
0
0
0
0
273430
0
0
0
12125350
2057406
0
1530375
0
0
23191455
0
0
0
465
0
0
784019366
3003
11875501
0
0
0
0
21
11904760
40002040
0
0
31125
0
0
0
0
559186781
0
0
0
0
0
0
1830
0
102863444
3260181
0
2201851
0
0
0
0
0
14028
0
10073316
0
0
0
0
0
148301192
0
0
0
46739946
0
18407278
0
0
0
0
0
0
0
32413326
231
0
2241903
0
0
0
47809531
0
0
0
0
221766729
0
0
41591760
0
0
0
63190
0
0
231
235641
1195831
0
2211
0
50468624
0
262403381
0
51681
0
0
765393572
0
19260321
0
306428273
0
0
0
0
0
0
0
0
0
16962400
0
41655628
70796640
0
0
6018715
0
0
0
3570
2926
0
0
0
0
0
11217216
0
0
0
30854440
0
0
0
0
15182805
0
24503500
19353531
9876790
0
0
210
3446625
0
0
44750530
0
66
467061
0
9951687
84243881
0
0
0
13931281
0
0
14132586
10050886
28906606
0
0
25743900
0
0
0
81030407
0
0
0
47001360
507528
0
171954304
579426
0
0
155725388
289180
0
0
0
0
0
36
10771761
7696926
0
2838153
0
3879505
20862570
17032366
1376970
0
0
0
95266
41683015
0
0
0
0
0
10577700
0
0
0
0
0
0
0
0
333730656
1431
456490
394741698
0
33239781
0
31948021
6988191
12905740
355746
0
0
0
0
0
0
188805
0
37401
0
1081
0
0
0
18938935
0
32598775
0
16139721
213688777
0
989121
0
0
0
0
0
21514877
0
0
0
0
0
0
0
0
28
0
0
0
91
0
21
0
10086786
23960503
0
0
0
0
0
6865365
0
26743641
78
0
28
0
2178828
4772505
78
0
0
0
0
1894431
0
35891628
0
2628
15565410
0
0
0
4628403
0
0
2465310
3828
0
0
0
0
0
0
1395285
0
0
0
0
9067411
0
0
0
0
0
12323130
0
0
0
11517600
0
0
0
0
666
0
0
0
0
0
0
0
0
0
0
460354971
0
0
4560
0
0
0
621395909
0
0
0
3
0
3570
0
0
0
0
1081
0
0
28339156
0
46875403
46797975
0
0
120
0
0
0
0
2293011
1608321
2762425
0
29173341
15343030
2485335
0
1620900
2850
0
0
28535235
613278
533028
0
0
45873831
0
0
0
0
0
0
0
0
17895153
0
34607040
0
0
0
741
0
0
0
0
0
0
0
0
21342866
1275
0
0
0
0
0
2061465
0
0
0
444153
1
980700
0
8822100
0
34565455
0
0
0
0
0
0
0
17945958
528
0
49247850
0
0
932430
45902571
0
11657206
0
0
0
18547095
0
0
12976965
0
0
1431
0
0
0
0
426414986
47848653
8709051
0
0
22475160
0
0
0
0
1547920
7732278
440614935
0
351
0
0
10037440
0
0
0
0
0
0
0
0
0
6098778
0
178503
0
27487405
6943401
2023066
12632851
2775
824117497
0
0
0
8199225
0
0
10472176
40802061
2388205
28031328
0
0
2145
0
0
2850
1622701
0
0
1142316
0
18455850
0
0
0
0
19603191
0
21
1485
5802121
0
0
0
0
0
0
0
21369453
0
0
9454726
0
0
42948221
0
0
0
0
0
3081
8146666
0
0
0
10559310
0
0
557210777
678030
0
46623996
0
1431
18177435
0
231540
1020490588
0
80132123
0
0
0
8142630
0
0
1380291
0
0
0
903
435600385
118341
0
0
0
0
39094903
11383606
0
0
0
0
0
0
1038961
0
20031285
0
0
0
28800255
0
0
0
0
0
48172020
0
0
0
2065528
0
0
0
0
0
0
0
0
17044041
501628654
3160
0
319690582
0
16828701
0
0
0
0
0
0
0
0
0
35553528
0
139128
4549636
23300551
0
0
672220
0
0
0
25102155
1902225
0
47789489
0
4215156
0
0
0
0
0
1073845
0
39094903
39333176
0
1225
0
0
0
0
10326240
28520128
0
276
0
3994551
864262463
30909453
9974811
0
0
990
0
66
34432551
22974031
0
0
91
0
3003
5693625
0
0
0
0
0
0
19247910
0
0
7413175
0
0
0
1026463278
38093356
0
0
0
12673095
3430890
7653828
0
0
28361746
420903
27963981
8256016
469176622
0
0
14351403
0
0
42159153
31240560
21928753
2970703
60031
0
24405591
4652775
21321
18742503
0
331326707
0
0
0
0
36743878
0
0
3327015
8911
27206376
28527681
79149488
0
1478340
0
0
0
0
0
0
0
351
0
1
0
2261001
14388930
2135211
0
0
0
0
0
1176
0
0
0
23001153
0
0
0
0
8830503
11479236
0
0
0
0
0
699256016
0
217470
10408203
0
0
0
0
0
723910478
2316628
0
39077220
0
848253
6317235
0
0
0
9854580
11440936
0
0
0
2850
0
27539331
0
13530
41254986
4573800
0
0
0
179005608
0
0
88831
276
0
0
0
27502236
0
0
0
0
0
0
0
19185915
0
56905084
0
0
32616856
0
0
0
0
0
0
0
29918980
12597690
4868760
0
5707131
0
0
116886
0
0
0
963966
0
0
0
0
1326006
19235503
0
0
0
0
0
11028556
1805950
153
33068778
18938935
0
0
2850
656085
0
18748626
0
1176
20183481
0
0
4720128
0
0
0
0
0
0
0
0
0
2485
423911622
0
91
0
0
741
0
0
5166505
0
0
0
0
0
0
742561696
7440153
197052193
0
58311
438964553
0
0
0
0
0
0
1712175
0
0
0
0
0
0
0
0
0
0
0
0
0
0
35066125
0
0
28
300
0
0
1031690395
38075901
0
16580161
0
0
0
0
0
0
0
0
0
0
0
0
0
0
0
0
0
43296165
0
6843150
0
30159261
0
1876953
0
946
0
0
0
253
628766789
693253
0
0
3470351
0
0
0
0
0
0
1653471
2775
0
0
0
27993903
3568456
32485830
0
190
316388397
0
0
353137768
0
105
35165185
0
5354628
29487360
0
0
0
0
0
41091645
2403528
0
0
22926606
12789153
0
0
375411
0
0
36470070
7353057
4270503
0
0
0
0
20515215
645816
12562578
0
0
0
0
0
0
0
0
0
418655219
0
0
0
0
18045028
864767868
0
0
0
0
20920746
0
0
136
958420
0
0
0
0
466785795
0
0
0
33919966
741
0
6435078
0
0
0
0
0
0
0
0
0
0
946
0
0
0
0
1222266
0
0
43365
0
0
39600550
0
36
227911379
0
0
0
0
35217028
957330656
0
971937576
0
0
0
0
3160
899727727
0
1832655
0
23912070
0
0
0
6211050
10
0
0
0
0
0
0
0
31813743
105
0
0
2893215
191867736
0
0
36598290
428620517
0
0
0
0
2505441
0
0
0
0
0
0
0
0
0
173755
0
0
10902115
13196953
0
18486240
0
0
0
48664045
0
0
0
0
0
0
0
29779903
0
0
0
544155119
0
26125606
0
0
414505
0
0
0
0
26831475
15587736
0
0
534187873
23856778
0
0
0
794063562
4604095
0
45644235
1130256
0
0
45854676
53874001
0
0
0
0
8617476
0
1275
0
0
0
117855
0
0
87484807
0
0
0
0
0
0
0
528
76006286
0
0
0
110508958
0
0
48762750
25700865
0
0
0
4278
0
0
0
0
0
306936
3916
0
0
820
0
0
928240192
193025752
0
0
0
0
78
72419438
0
528
0
8688196
0
0
0
53301
0
0
0
0
70271899
0
8596731
0
0
23546953
0
0
0
1140805
0
0
0
0
55611
0
16718653
7878465
644606244
0
0
34982430
936042223
3160
18785385
0
6158295
4221670
0
0
0
0
925480
2902845
820
35934003
0
8464555
18159351
0
0
0
12328095
253116
0
0
0
0
0
0
0
0
0
0
0
0
0
0
837847425
0
0
0
0
0
0
3209311
4405996
0
0
0
0
0
0
19012861
0
39618351
23995128
0
0
0
0
0
0
0
0
0
0
10339878
5744355
4561710
0
44071966
1154440
0
0
0
56143781
1518153
31185253
0
280709183
628881
2850
71476875
0
169653
404780878
0
0
0
21677820
0
18748626
528
7115878
0
0
472878
0
0
0
0
821121
0
300
0
357435
0
865270
0
13007550
225456
0
741
0
0
0
0
0
0
0
0
0
72795519
0
0
3059101
1075311
0
0
1945378
0
32188478
0
2007006
0
0
0
0
2548153
378798577
22730653
0
0
0
0
0
34370199
1468041
231
0
0
3828
0
0
0
6887616
30541020
0
0
0
276
0
33771871
0
0
0
0
47780200
0
0
0
48828
1953276
2145
0
0
0
214037830
3109612
0
2522501
0
36726735
0
0
0
0
0
0
0
0
237016
1505980
36992901
0
0
0
3741480
0
0
0
30314791
0
19659585
0
0
0
54878799
0
21836136
0
0
0
0
16666651
0
0
1239525
0
0
17955028
2708797
0
0
0
0
0
0
0
0
0
0
0
87153
21141253
0
21
950131
0
487578
490346453
856086
0
1176
0
81117885
1540
0
0
0
0
0
0
16974051
0
0
0
9633855
0
0
0
176715
0
12819516
9912378
0
19148766
0
0
0
41491495
0
0
11005086
276
45
31137886
18239847
16384950
986200114
0
0
0
0
0
721663352
0
0
12663028
0
467406790
17961021
0
0
0
3927003
0
26226903
0
0
0
0
0
0
16128360
0
0
33714366
843009895
0
0
1081
0
10280845
0
0
0
169071
0
45358050
0
0
0
0
45682461
0
39903
31900078
1087075
0
0
0
0
480561142
6182886
0
0
496
0
0
0
105
0
0
0
0
0
0
0
9921285
0
0
22068046
0
37762395
0
0
451725
0
0
0
0
0
0
0
0
0
71631
0
0
0
0
11776859
0
7006896
0
77421
0
0
0
0
10217460
0
29479402
0
0
8199225
120
0
0
73920
0
0
0
0
0
301476
5299140
0
0
24685851
306153
11061456
0
0
0
0
0
0
42269415
32356990
0
0
0
0
3081
0
320187827
0
0
0
0
17967015
0
0
0
0
16871089
7800329
0
0
6999411
3828
375900910
0
0
0
0
0
0
21115
0
0
0
6939675
496
0
0
0
0
28392071
0
1258491
0
0
5479705
41517
0
0
0
46933516
0
0
0
0
0
0
0
0
2229216
0
0
13130250
0
0
21585735
0
544446
406
39796581
0
135460
5410405
2722611
0
380541182
0
0
1953
0
8584296
409060
0
351
0
0
460204465
7858630
9704215
0
0
0
0
0
0
300
0
232903
0
120
0
0
4471545
0
253116
11325
0
0
0
0
0
3376101
6776721
0
3643650
14223111
2278
2556
0
0
253
0
23995128
0
61677689
0
0
4370446
0
6084816
18865153
0
0
41082580
0
0
0
0
16471
0
0
0
0
0
0
0
0
0
32542278
0
0
0
305461878
0
3041811
0
0
0
260214474
0
0
0
0
0
22967253
0
0
0
0
0
0
0
0
615495
0
0
0
25579128
0
0
284635
1128
0
0
2016
0
0
15733245
21017886
0
0
0
0
0
3000025
0
2102275
13715703
45300921
0
0
0
0
0
0
0
0
0
40666671
618828
0
35646346
903
0
0
0
1770
1128
139900182
0
31756465
0
0
144904706
48319365
0
0
0
0
0
0
0
798080402
1166628
37351773
34640326
0
0
0
11890126
0
0
0
0
2372931
0
0
0
0
0
74759583
0
0
0
0
0
63546
0
0
5522826
0
725410
0
1054878
0
0
0
4417878
0
2607186
0
0
34061871
0
0
1644391
0
0
0
0
0
257322182
23773960
0
0
0
0
159011366
605550
0
15638028
22622901
0
0
0
153
0
0
0
9752736
0
0
0
0
0
0
0
0
0
10
49267701
15492961
0
120
0
4610166
0
0
0
0
212878
0
184233832
0
0
968136
0
0
0
0
0
0
395771738
0
0
0
7862595
0
43594453
0
735742133
0
41600881
0
3178981
0
5243941
0
2386020
8022015
0
0
0
16511131
2164240
3
800383210
472878
690900
0
0
0
0
345741994
3552445
2211
0
0
4397095
1169685
0
0
406351
0
5918520
7210503
47975910
0
0
11217216
2609470
0
0
0
0
0
0
1038034534
0
0
1805950
210
0
0
0
0
0
0
42804378
21402153
0
11734590
80200
3249975
23891328
0
0
25536231
0
3211845
0
0
0
0
0
2946378
9651421
2593503
4082653
0
16390675
0
0
0
190
6363528
0
0
0
0
0
0
0
0
1036080
27889246
0
2178828
0
330078
18057045
0
0
0
0
0
0
0
0
5279625
0
0
32260528
0
0
17196180
0
0
0
0
1646205
45139251
0
0
46894770
0
6471003
23089410
1830741
0
1620900
1983036
0
0
0
0
0
0
0
1326
505515
0
0
0
0
28
0
0
1838403
0
21186795
0
579426
1047628
10
0
0
21
7405476
0
0
0
6295926
0
0
244297464
0
351
0
32574556
1035
7894351
12961686
0
15354111
0
0
0
0
30423900
0
561
7634278
0
0
0
0
0
323703793
0
0
93791457
0
16476670
8284485
0
0
0
0
0
0
0
0
0
55
0
0
0
0
1649836
49158570
232903
3472930
0
20323500
44589846
1732591
0
0
0
0
0
0
0
52752206
11909640
0
0
5198700
91
5102415
0
0
0
1711
0
0
2015028
0
0
306936
0
0
0
1
22562403
735078
0
0
0
726499163
0
7517503
0
0
27859380
183640329
0
8394753
21493846
0
0
175141439
0
68927197
0
0
0
990
0
3321
13857480
1024596
3146286
0
45196278
0
42619528
3766140
0
990
0
0
0
0
65341
2145
0
9012135
0
21447975
1433971
0
0
19019028
28595703
192378387
0
174936
957036
11378835
13794378
0
0
33199026
0
3399528
17561701
0
120727697
19760041
0
0
0
0
0
0
0
0
725410
0
0
77547132
0
0
16153555
0
0
48950565
0
0
0
0
0
3782625
0
0
0
5214835
30081646
0
13747146
0
0
0
0
12228985
246753
1813560
0
0
0
0
0
0
0
395717331
0
0
0
15193828
0
217470
0
24482503
0
0
0
0
0
0
47370511
0
0
0
0
0
0
763476160
0
0
33264246
0
0
0
0
0
0
22757424
0
0
0
0
11141560
656532900
2598060
0
55
0
28
0
0
0
0
0
0
0
0
0
48644316
0
0
595
16753366
0
0
0
0
0
28
24496500
2080
891104704
32186122
0
220780
0
19571896
1234806
43332743
0
3123750
32800950
0
0
0
0
1
4555671
377631861
0
0
0
0
0
6420736
0
0
0
10467600
0
0
0
0
13904901
22723911
16043280
26867529
0
0
0
27792240
32640
0
7432440
66
741
0
741
77815
0
0
1116765
0
0
0
0
0
8094276
0
0
13652925
0
1675365
17514321
0
571915
54708822
0
1540
0
0
0
0
0
116633125
0
0
0
97903
0
0
16545628
0
0
0
0
0
3272961
0
0
0
0
0
23218705
0
2145
1041148490
0
0
0
630
0
0
0
0
0
1540
91
22737396
20810926
47458153
2080
0
0
30011878
0
0
32284630
1017810391
250686361
0
4753
0
819237237
0
0
0
0
0
575787033
0
561
37736328
0
0
0
0
0
0
0
234093173
276
0
0
0
0
0
21895653
47098365
0
0
0
0
19353266
0
0
0
0
0
32809050
0
0
37010106
0
0
0
1648020
0
0
27518561
0
0
0
13202091
0
0
17084935
112747387
0
0
0
0
0
0
484620
0
136
0
0
0
0
0
12865128
0
0
0
0
0
0
0
0
372816
0
0
30314791
1586871
0
0
0
0
0
1006071
0
0
0
0
6324346
0
0
91
26140065
0
0
0
6420736
0
0
1066530
351
0
39861821
3
0
0
0
9242850
17044041
1298466
0
7638186
0
0
645774341
0
0
0
0
36137751
0
5331745
0
44911503
0
0
46595031
0
78
4753
0
0
0
0
108811
9783676
2775
435163669
7815081
0
0
0
0
0
0
11976814
108908736
25429146
0
0
40630605
0
17055720
13820653
0
300
194433211
0
1711
0
2301585
0
0
0
0
0
0
0
0
0
0
0
6579378
5111682
0
82401053
59647
5260146
0
20630676
0
3828
3915801
13434336
2227105
7579671
0
0
253
19898586
0
0
22488571
0
0
0
1073845
0
0
0
0
0
387038688
0
0
0
30322578
323610
0
0
0
1317876
0
0
0
0
48792381
0
2456436
2828631
0
190
0
0
38742843
0
1941435
12592671
0
0
6374235
0
0
0
23191455
0
0
0
0
0
10440
3681541
28
3798808
0
0
7085730
622437587
0
994755
0
0
34258503
0
6
0
1
45044286
0
0
0
0
0
0
90525
0
0
0
12992253
0
0
0
396495
0
0
0
8855736
0
0
0
0
0
8142630
0
14501805
0
0
0
28731990
0
0
4809651
0
23601885
0
0
2778903
0
0
10140756
0
0
10262715
0
0
0
0
0
0
1225
0
0
0
114960
160058763
10705420
0
0
0
0
0
1128
0
44081355
0
34128750
0
0
161288227
0
0
0
0
0
0
18243820
12562578
1832655
0
10822878
231
0
0
0
0
0
0
0
46972278
0
595
3081
0
0
15
91
0
0
0
0
0
381501
300700
0
58030221
0
0
15868161
0
0
0
55
0
0
36564076
0
0
224461664
0
0
940929718
0
1176
2701
33345861
0
0
0
0
0
0
0
0
5502903
0
2980461
25265386
15304278
0
0
27502236
772616618
0
29525770
0
0
0
155403
0
0
0
17907120
1225
0
0
0
0
0
0
0
149878
0
25436278
0
0
2427706
0
0
990
0
0
0
24377720
0
0
0
0
0
101926
56616
3081
3
0
13684877
0
0
0
0
0
0
34723611
0
0
0
0
276
0
0
38803645
0
0
0
0
0
0
0
0
364231
0
0
2229216
0
0
6999411
49029753
2850
540280
0
861515781
39369501
0
222834314
0
0
48871441
0
21546330
0
0
0
940506
46643311
0
0
0
0
0
185850721
2370753
0
0
0
0
8551180
0
2080
0
0
0
0
2080
1959210
0
0
0
1304920
0
1176
0
0
0
24594591
0
0
0
12628393
0
353672827
27044335
447931
0
0
0
0
0
6218101
0
78045081
2628
5666661
8805306
0
0
406
10408203
0
0
465
196026766
36299460
732518847
15565410
0
0
35443990
0
0
0
3106278
3321
3
22495278
0
17805528
0
0
0
0
0
0
1431
0
2241903
29425956
39130281
0
0
1542646
0
0
0
7661655
0
10827531
0
0
0
40949309
0
0
0
0
0
0
39103746
0
0
0
0
0
6973245
0
0
0
0
28
10
496
0
880367832
8010003
10
0
0
16776528
0
0
0
0
4851723
36001855
178942630
0
0
3843378
334971
0
0
524214495
0
98404040
0
679381213
0
3749691
12469745
0
0
0
51526185
0
47467896
0
5653203
0
18039021
0
0
41455065
0
46459980
0
0
0
21
15
0
0
0
0
0
0
2850
38601291
0
0
31533711
43547778
16997365
0
0
0
499615169
4373403
15315345
0
714277778
9682200
51724054
16968225
18003000
0
0
0
41591760
0
2073666
0
0
0
0
0
0
7214301
21017886
27000226
1490401
0
8567730
0
9333360
0
0
0
3303735
0
0
1911990
0
0
0
26190703
10902115
0
0
0
630
1891
922761
0
0
1225
0
0
8256016
0
4276350
0
0
0
2764776
0
131328
179032593
0
114481
0
0
0
3446625
0
0
0
645816
35494525
0
42832140
0
0
28497475
0
0
0
252405
38408230
0
1540
0
31043260
0
521061367
0
0
0
0
0
0
0
0
6427905
1070916
159416108
0
0
43660
447931
0
0
0
0
43463826
0
0
30901591
0
10731
0
28286481
0
0
14233780
0
0
0
40549515
0
378
23218705
0
0
0
39139128
0
0
0
0
0
24805446
0
5939181
0
0
0
0
0
0
0
0
0
0
0
0
0
14158957
17955
5849910
0
0
0
0
47594646
0
1321125
0
0
1596
274052138
8184835
49765276
0
975790012
153
0
1140805
0
0
0
0
0
0
21
0
637386442
0
0
2079780
0
0
0
0
0
45451
45806806
3403
6218101
0
0
0
0
0
0
378
716384
10743930
0
0
6973245
2850
0
270732500
0
0
0
35245
0
0
0
1431
676866
0
0
0
0
0
0
0
0
0
397271946
25536231
6597528
0
0
3486
0
185312569
0
1762503
0
3896236
3
120786
0
0
0
0
0
0
44835715
0
100766687
0
16933290
0
0
30009199
0
0
10776403
0
0
0
16230753
0
0
162735
224115
20100970
0
0
0
0
20088291
595
0
0
665442839
23183330
0
1049076
0
0
29028390
0
43678531
0
0
1615503
0
0
0
5295885
2085903
49138741
924120
0
0
0
0
0
0
23941490
0
28346685
10804276
0
0
648091
27509653
46923828
0
0
0
0
0
11198278
1275
1152921
0
23794651
901183470
213848363
0
0
0
34337705
0
0
0
0
3828
0
10399627
0
6909903
897472469
10962903
0
0
0
28294003
409060
8485140
0
0
0
149878
0
0
23014720
16207971
0
372648984
3706003
2850
1540
49455
4582878
0
0
0
7210503
0
13883815
0
0
0
0
0
0
0
118006
0
300
0
0
7603050
14815846
42333801
4607130
0
0
0
0
0
3592540
0
67872341
0
0
0
79851327
0
6335020
4335040
378
0
0
1060696
276
0
1830
0
0
0
0
0
0
26459175
0
0
47887791
0
0
0
0
189420
312445
0
2598060
0
0
28339156
0
0
0
8646
0
7677321
0
0
495510
0
0
44646525
0
1653
26824150
0
0
41245903
0
0
2278
0
0
31412770
0
0
0
5795310
0
0
0
6648481
1275
0
4704778
0
0
0
0
42149971
10939503
0
0
0
0
0
0
11464866
0
0
0
0
30541020
9743905
20985481
0
0
0
0
2080
13846953
0
0
0
13512201
0
0
0
0
992276215
0
0
0
0
21467628
1203576
0
0
0
0
198135
989002985
0
1078556
0
0
0
0
23239153
10153
3355345
0
0
271162955
0
1143828
0
0
0
0
0
0
0
4576825
9921285
0
0
0
0
326318843
0
0
158766
0
0
0
0
0
8534646
0
7779540
0
0
35427153
0
0
903
0
5880735
16678200
0
55
0
0
0
0
0
0
0
0
997578
1087075
68320273
0
0
0
0
0
0
0
0
16471
11633076
93337893
0
1401975
0
0
100128
0
0
453506090
0
0
0
0
0
0
0
0
2139346
0
5727420
36
0
0
0
1830
662864172
0
0
0
0
0
0
0
0
0
0
0
0
0
188200797
0
13279281
0
0
0
0
190
0
0
0
0
0
0
9045
0
0
9127128
3793635
16145403
0
23341528
0
0
0
561
33557758
0
0
246753
0
0
0
0
0
3000025
141778
0
0
0
0
1092981
42389028
0
0
26125606
0
27169506
369370
0
0
0
0
18322431
0
0
0
0
183673535
175550293
0
0
0
1502511
0
0
0
0
1679028
804255449
0
0
0
0
0
3848925
48260400
0
249983391
31740528
236328
0
0
0
0
0
0
0
630
0
386172544
2556
0
29568190
5182590
1987021
0
0
0
0
0
30752403
0
0
4388203
0
0
2534626
0
0
39734155
0
0
39823350
0
0
946
0
0
0
0
435
78
5266635
39006528
0
34840378
305810509
0
0
868838360
18669105
276
0
0
0
0
26002866
0
3171421
0
0
0
0
0
0
703
0
0
0
0
2080
0
0
20894880
1711
0
0
120
0
0
36
0
0
0
0
0
0
444874402
3549780
0
2336041
578350
28354215
0
741
433659320
0
6060421
0
276
2888367
0
0
0
0
0
386434909
0
0
0
0
3239785
3240
0
4371
0
885438649
0
0
6239278
21981765
0
0
22194359
0
0
129424440
0
0
0
0
0
0
0
0
21935376
0
0
0
0
0
0
0
2554930
0
9463425
7436296
0
0
5522826
0
0
0
0
10472176
0
91
6962046
0
639015
0
0
37467496
34727660
0
0
0
27754975
29410615
0
0
0
0
0
0
0
42260221
0
2850
0
3240
20253430
10417919
0
40288776
0
0
0
718201
1485
0
0
4598028
3131253
0
1773786
0
0
18693555
0
0
42915480
0
0
406
9796951
0
26934130
0
0
0
1657110
0
0
22771126
0
0
26546541
0
1485
415875145
0
0
0
78606
1357128
0
401856
0
0
0
0
21889036
0
0
33195863
0
0
0
0
72010
1758750
202465157
118412279
0
3673405
7870528
470935
24126931
31462278
31343403
0
30236976
0
0
18583656
0
124750
15632436
14079471
0
0
0
0
0
0
0
0
38259378
19553131
0
0
0
235326538
0
0
0
10046403
0
26422815
0
1275
48388203
0
0
9480835
0
0
1556730
0
0
0
1915903
0
0
0
721801
0
1540
49823722
0
28906606
741
0
0
0
0
0
454581
0
45
10623745
0
0
0
0
0
0
39121435
78
0
0
180300
0
0
0
0
0
0
0
0
0
0
2642157
0
0
0
0
28294003
0
0
0
0
0
19887802
16282071
473997
0
14148540
0
9398280
0
990
0
0
0
1711
122646127
0
1275
0
0
0
10
0
26648650
0
0
0
0
378
0
631126
1194285
0
0
0
946
0
12328095
0
36
0
506343
0
0
573481403
0
0
32236435
703891
21232386
18461926
2802528
19816660
0
31494016
0
0
0
0
0
0
0
741
780
5022865
13789126
0
72557538
22690216
0
26423946
0
3237240
0
2153850
4088370
0
0
0
0
0
237905222
0
0
540029230
85352254
0
406
0
171
0
1711
0
0
0
0
0
91
0
0
0
0
0
0
0
0
0
0
19647046
0
0
0
17597278
41564403
136
0
0
17419753
0
517671835
0
0
0
0
0
0
0
30768090
30394455
0
0
27702846
0
0
0
21677820
0
0
0
0
1468041
0
0
171146191
0
0
1019110933
0
18865153
0
0
0
0
1275
0
20611410
2850
0
36906936
0
16482411
0
0
1
0
0
0
0
0
300
0
195000
0
1732591
0
7029375
0
1275
0
2496495
990
20843196
8370186
0
7444011
2151775
0
0
0
25343640
0
1231665
2706301
44996841
0
0
2278
0
0
0
0
2278
0
0
0
0
0
0
21908890
0
0
11865756
2678455
0
8489260
0
3486
32252496
53021636
1118260
417874013
0
117605699
0
470936284
0
0
0
0
8353828
0
0
0
13418790
0
0
3081
0
0
2368576
0
0
0
0
0
0
29356953
0
3916
0
1830
0
0
91
0
0
0
0
4778686
0
2303731
0
575743320
0
12154915
0
190
182403213
0
2460871
0
0
0
2556
0
0
8584296
0
1873080
0
0
0
0
0
0
0
0
393586878
0
3835065
0
12056505
0
1540
0
2997576
0
36444453
3003
0
0
22609450
0
322806
0
0
0
42674941
0
0
5108806
311655
0
0
114897694
0
0
0
2775
0
32292666
0
0
0
0
4851
0
2195560
119316
0
0
0
22187791
0
0
46075200
3916
0
0
0
0
0
0
0
439453
0
1815465
0
0
18165378
0
0
2628
0
0
0
0
0
0
0
0
28542790
0
0
12457536
0
38777221
0
48535878
528
15094765
0
377196
0
3507276
29425956
0
4698645
0
0
1999000
0
0
0
31884105
0
0
0
0
0
30275871
11895003
0
2514403
28920975
0
0
0
23464188
0
0
0
0
0
0
0
0
0
162803518
0
24454521
0
3635556
0
46768956
39698505
34142716
0
0
0
55
0
0
0
0
0
0
0
0
0
31153671
0
10
5195476
0
0
0
0
0
0
0
1867278
0
0
0
0
33493020
8166861
0
0
822403
0
0
0
0
0
0
8191128
0
0
0
0
0
0
1378
0
0
0
19911205
0
1431
36315
0
35427153
0
0
0
15348570
9956953
114003
0
0
31125
0
0
0
2096128
10
0
6507028
0
0
0
0
0
0
0
0
0
0
0
0
0
0
0
0
5407116
24531
662421064
0
0
0
0
0
0
8014006
0
0
1420455
0
0
0
27000226
0
435
0
0
6239278
0
22241115
963585114
14919453
0
0
27154765
6684996
0
35175078
0
973159870
0
946
3576475
0
0
588070
0
6791455
0
0
0
0
0
0
13689507
0
0
0
0
4142881
417607708
5565
532220047
0
0
0
0
5387403
0
38469606
0
26956153
0
0
0
0
10
0
0
0
770585265
0
0
0
2556
0
0
0
340801577
0
0
0
0
2745996
0
0
30564471
25514796
881494418
0
0
45797235
23409903
0
6363528
284527467
883912126
0
0
0
49595820
0
24293935
0
5582811
0
30948778
0
215000876
0
0
0
25988445
0
0
1195831
43772046
831977662
32687655
0
0
0
0
0
0
438516
45940905
0
0
0
48132766
0
0
0
0
3041811
36353549
0
1176
0
0
4088370
0
0
44854656
0
0
0
0
20773475
0
0
0
0
0
0
1664400
0
1
424581
0
3829528
0
0
21369453
0
0
622468376
0
0
0
0
45883410
1427205
561
0
28
0
726661439
6328
2628
0
0
0
17390253
300
22765845
0
1013176
4937653
0
0
0
0
0
17538003
153
9024876
0
0
14712600
27829530
0
477753
1596
300
0
0
21869191
0
3640951
9311770
0
25200
0
0
3108771
0
0
0
28301526
23375703
2641551
0
0
0
0
0
456988947
6221628
0
130815083
0
2465310
23988201
4723201
0
39966270
0
0
0
5713890
15387378
0
82215
0
0
2353365
0
3
28263921
0
0
31941839
0
66
0
0
534061
29556516
0
0
0
0
0
0
0
528
23007936
0
0
0
267546
0
0
0
48960460
201799174
41500605
0
0
11797653
0
9705436
0
32857671
17710176
7938120
0
28354215
4065526
0
1770
8634090
0
0
0
809058849
0
0
297324060
0
0
0
73920
9303141
6278196
7490385
0
16020630
0
0
0
1699246
0
990
0
16551381
9515703
0
13351528
570846
152763267
0
2016
0
0
120
0
1540
14281840
0
382332097
32655321
0
47282950
0
0
8030028
0
42333801
0
0
496
0
35528235
561
1
14990550
1431
0
662796
0
0
0
34051878
5247180
0
2775
0
414505
3614016
0
667590
1383616
0
0
0
0
0
91378
0
0
0
25400628
0
0
0
4558690
0
0
0
0
2662278
0
2333880
0
33763653
13569445
0
311374550
0
0
0
652962627
28944636
0
2203950
561
11783085
0
0
18431556
0
0
36786753
22267801
406
29257425
8034036
0
127723701
0
0
43566445
0
0
6442255
9359301
0
0
2775
0
86736
3918600
498064434
0
5673396
153
0
0
2697003
0
0
4477528
0
35587266
0
13710466
95703
8268211
31764435
5302396
0
5980611
24328800
0
0
0
0
0
0
0
0
711517486
13449891
7603050
0
0
16545628
0
45
0
2027091
0
4851
152628
0
0
0
1867278
2701
521731
743590
929566
0
6406410
0
7363203
0
0
203859031
0
230181
4206450
0
0
199518208
0
91
0
0
0
0
0
15822096
25959615
0
0
0
11875501
0
0
4408965
27024077
0
2013021
9664606
0
0
0
0
0
1
0
703
0
0
0
946
0
40928628
340847201
26306631
546510868
496
0
1140805
0
0
294528
0
0
0
28671378
0
521004988
289180
452319581
47946528
2166321
2338203
0
91
0
1081
10172305
2080
0
0
0
0
38918253
0
0
194935
0
0
0
0
0
0
0
0
0
0
1081
0
525897526
0
0
0
0
46622558
0
0
0
0
1830
0
0
0
0
0
2295153
0
28920
0
276
2678455
809628
0
255033
0
0
0
0
0
0
0
426198382
385
0
468996
0
0
0
0
0
0
581025568
48152391
0
0
0
0
28896311
0
0
6824665
0
117860409
30050628
413342404
0
0
0
15823125
24763203
29895778
0
34813232
0
0
16764945
0
0
0
4373403
17049880
0
0
0
13017753
0
0
1202025
0
0
0
17032366
0
0
2415
3143778
0
0
740301293
0
40757698
93522733
0
0
759528
0
11895003
930930
0
2346
11047350
0
1898326
0
0
0
0
0
0
0
4332096
22114575
0
0
0
0
0
1770
0
0
37701586
0
3571128
218130
0
0
0
0
0
0
353677458
190
0
0
0
1176
37988686
12718446
0
4314453
0
0
66066
0
0
35183466
13747146
0
1
0
0
0
276
0
0
2715615
10848217
0
0
0
0
0
0
0
0
0
0
0
780
0
0
0
0
84893
0
0
44156503
80042774
0
1684530
0
0
0
339627584
0
0
0
0
0
0
0
0
46623996
0
0
40468506
0
0
0
0
0
0
21908890
0
0
0
0
0
0
55157398
0
0
674739826
27297338
18547095
0
946
0
0
38294376
0
26060590
0
40738851
0
0
403651
0
0
7584
754606
0
0
0
6255736
0
0
0
0
0
6492588
24040742
5227761
0
528142104
44222310
0
20752903
7838820
465
91
0
8316746
3689686
0
21474181
16190895
0
10623745
45
0
453628
0
0
0
0
0
0
136
240655611
9363628
0
0
0
2092035
0
0
0
0
0
76245
0
31878
0
0
968092807
28224301
0
104747535
0
0
0
327645
0
0
0
203408321
0
901514943
0
52453
0
0
0
0
4875003
0
0
0
21408696
10376290
0
2527876
27479991
300
0
5387403
0
50086
69048311
0
0
33174585
0
0
0
3570
0
0
0
0
0
3283203
0
20301
0
32356990
0
249571
7657741
0
0
0
0
8276346
0
22535541
665617925
0
0
0
0
0
0
0
0
0
0
6381378
0
0
0
0
0
0
55
0
5778
26284875
0
0
0
0
1375311
0
307829601
0
0
0
0
0
78
31812276
51160905
0
0
0
0
1891
11982960
2080
21506961
0
0
0
98346
22281150
0
0
0
0
2750685
0
18021006
157080
0
0
14496420
30244753
10
2145
0
5194361
0
18721
1540
300
2816751
0
32332861
0
20304378
0
965355
0
20759346
0
77815
0
48545731
30462915
0
2080
0
0
0
0
0
16327755
4209351
0
0
0
0
2926
0
0
4601061
0
0
0
0
0
0
739850282
0
0
0
0
8813701
300
0
200697380
37545445
0
11321661
49875078
71631
76132489
0
1747515
0
0
0
0
0
0
14469510
0
3128751
0
0
1492128
0
9677800
0
0
0
0
0
1053426
27643330
0
0
0
0
0
23259610
0
0
0
0
0
0
0
102831
0
0
717003
27876682
0
0
0
13033065
0
0
12372825
0
0
0
5211606
0
0
0
0
528906
0
637885
561270
0
0
0
0
120020277
0
0
3486
0
0
0
0
40901490
0
0
0
0
0
0
0
0
140185
0
0
0
0
3103595
10725396
0
729028
35823880
0
0
0
13689528
0
0
0
0
2701650
0
13815396
38733201
20425636
48457090
0
0
0
0
0
0
117855
0
0
0
0
0
0
92709475
41041
0
0
0
0
0
0
4212253
0
0
0
0
1326
0
14287185
2881200
14313925
0
496
1073845
0
25393501
0
0
39591651
0
3069003
0
0
0
0
0
42003195
0
0
9677800
33911730
0
0
6
0
0
0
0
0
2239786
0
0
20018628
0
0
0
0
0
0
0
3871153
0
0
43884396
0
15204855
5911641
1931595
0
0
0
0
0
12214153
0
0
0
115440
3486
0
91
0
0
0
10731
0
0
48950565
0
0
0
0
0
3403
22261128
0
1711
0
875826
0
0
0
0
63441119
43045281
0
0
0
3160
44845185
0
41911590
253
0
0
0
409060
30260310
7724415
351
0
0
0
319475430
0
0
0
0
406
0
761573292
12487503
0
561
12688203
0
0
41884128
0
0
0
38962378
0
15699606
0
4604095
0
0
237964187
0
49378139
386281685
0
0
0
11924286
376251020
89902620
0
1081
300
22670011
12936241
190
0
21981765
363313274
378
0
0
13155885
67591273
12382776
1081
0
0
0
0
132499557
0
495104840
0
0
0
0
17716128
19772616
0
2080
0
0
0
0
0
0
0
0
741
0
0
0
0
204304304
0
5292631
973710
48762750
31892091
0
0
0
0
0
0
0
0
0
465
0
0
15459580
4008696
2669205
0
0
0
41100711
0
3570
0
84255
0
915981
15643621
0
0
0
0
0
0
0
0
0
0
0
0
0
0
0
0
39151466
0
2516646
515048
45319960
3570
0
0
4290985
12946416
0
190477734
46440703
0
0
0
0
0
726615
0
0
0
16597441
515172518
0
0
0
688170314
0
0
0
0
0
0
0
50721
0
0
0
0
0
0
0
0
140715
23974350
0
0
0
561
0
0
0
0
0
92877467
0
0
0
23007936
0
0
0
0
0
0
0
12946416
0
0
28474831
0
0
0
0
0
0
0
561
15326416
0
0
0
0
0
935028
4631446
0
0
0
15276628
0
908339956
1266436
3746953
0
0
0
229453616
0
2850
0
29710486
0
0
1660753
417241
3189075
0
0
0
2769481
0
0
0
0
0
0
0
175358028
2211
0
0
10757841
25751076
0
0
0
182710
863845
0
24036711
0
0
0
0
5413695
0
0
30595753
0
0
0
0
502503
0
0
1128
16151086
0
6644835
351
0
0
15
13125126
127403016
190
0
0
0
0
3570
0
706266
21520080
0
0
0
0
2145
300
0
0
0
0
0
312445
0
414505
0
15404025
31972006
0
0
0
0
0
0
0
0
13099521
0
142311
0
7744080
0
78
5843071
11455291
0
0
0
34415956
220780
2346
17143440
0
17249001
0
15481830
0
36333550
0
0
0
30299220
0
0
0
1540
0
0
0
630
0
1225
628881
0
0
5466471
0
992032677
0
4631446
0
630
0
0
398278
0
0
6630261
0
0
0
0
1030330
14410396
0
0
5247180
0
187618351
496
0
32963140
0
0
0
0
0
0
0
4570776
0
0
0
8526385
169840571
426597188
621437076
0
0
223359410
8973966
91
3168903
0
10015050
0
0
30753659
3573801
0
0
741
0
0
0
0
0
0
0
632626784
0
1047281680
0
0
0
0
0
0
9489050
0
4843828
19440730
0
0
0
15221403
2429910
0
15969726
0
0
0
32020003
0
0
6228685
0
0
23595015
0
0
0
0
611065
21935376
0
0
0
0
260127086
0
35217028
0
5325216
0
354247750
7890378
0
0
4586623
0
14663820
0
0
890445
0
0
0
0
0
0
0
595
2081820
0
595
0
0
0
0
2286591
0
591328
0
0
12875275
0
0
13166146
31852171
0
0
55
1375311
91806
1431
0
9997156
680361
0
6725278
0
2013021
292995
0
3665278
0
0
0
0
0
0
0
19254115
15442903
19285155
0
0
0
0
958420
0
0
0
0
0
0
0
2623195
0
0
0
0
0
0
0
0
0
0
0
0
0
16939110
0
0
0
0
0
0
34250226
39831544
0
0
0
38503
0
0
0
0
0
0
0
0
15237960
17386004
0
3533811
1540
0
7168791
0
0
0
0
1
247161392
0
0
0
0
25593435
0
26161761
0
0
0
0
0
0
20278896
0
946
0
0
8223540
0
0
0
0
0
0
0
0
0
629339603
0
0
14052951
0
702705
216844705
0
0
0
0
1565565
0
22872466
0
0
0
0
0
0
0
32849565
0
3828
66
0
28671378
40360620
0
0
558515058
0
0
6891328
18649855
0
0
0
0
0
0
20585736
91
905185
356590
44741070
15
0
0
0
0
13289590
255255
0
36190711
4750903
19917516
990
34159245
0
0
4346826
0
9164533
0
14924916
0
0
6912671
0
543859764
0
0
0
0
0
0
0
0
5984070
0
0
0
4385241
0
0
0
0
163795
0
0
0
0
27986421
385003
1601155
0
0
0
0
0
0
0
25715206
1540
0
0
11160450
0
0
18364830
1953276
48083721
0
0
0
0
0
0
0
1485
0
15
435020717
14026456
0
0
18541005
1011235015
0
3700560
0
0
0
0
25414885
990
4065526
0
0
0
0
0
255556116
0
0
0
0
0
0
0
0
0
0
78252548
0
0
17455186
0
0
45
0
0
35801586
0
0
0
0
21651490
0
0
903
0
0
44109528
0
14308575
3828
0
0
0
176542642
0
0
0
6342141
0
0
0
7519352
0
0
0
0
26882778
0
36718165
13815396
521426938
325
0
0
3321
0
10091278
0
0
31844190
0
0
1176
0
0
0
14625936
26707086
0
0
0
0
0
0
0
39662871
0
0
1770
7898325
0
0
0
409965
0
0
0
0
0
9894576
990
0
25844455
0
0
0
0
0
24300906
0
0
159895
0
0
0
0
0
0
0
4928230
0
0
0
0
0
0
0
0
0
0
11783085
0
298799937
0
0
0
0
0
0
0
0
10417330
28
0
0
0
0
0
6303025
0
0
0
0
99549308
8725753
16465191
0
0
29579586
12956595
0
3496690
0
120326768
26255881
0
0
1
349030
0
0
16764945
0
0
32632691
0
19841850
3828
0
0
0
0
5802121
0
0
0
0
276
0
3486
0
0
41801796
0
0
16236451
0
0
0
0
0
200212110
9437340
0
56300571
33763653
9735078
0
0
1340703
0
741
0
0
0
0
0
31208950
40360620
1035
0
3378700
0
16253551
0
0
0
0
415416
0
0
861
0
10
19521876
0
28
55
0
0
0
0
2235555
0
2016
0
0
4229686
22001661
0
707455
0
0
0
1699246
0
933532409
0
0
0
0
0
25080903
2214460
81062359
0
66
0
0
1
1431
0
0
6471003
10
19741186
40297753
0
1999000
2570778
0
0
15138753
0
139302859
540131197
0
0
0
0
1
5266635
3910206
0
693253
0
0
30004131
0
1
0
0
424581
11245653
0
1329265
0
0
0
0
0
0
0
0
20778681
0
0
0
0
0
0
139980695
0
1293636
0
0
0
0
0
0
0
626653505
15
0
0
0
0
0
31351321
0
0
3081
0
0
0
0
15543100
17635971
0
0
0
0
0
0
0
3901821
0
45253341
0
11345466
0
0
0
0
2550411
0
28098756
0
11623431
0
0
0
0
2250381
0
0
0
3247426
1360425
0
3614016
1081185
0
0
0
0
0
0
6706953
0
522753
0
0
50247289
0
0
992635980
10693000
48083721
42416655
0
0
12164778
0
55
315615
41783511
0
0
0
0
22207780
0
276
0
0
0
0
1176
47030451
0
0
0
0
0
0
0
0
0
0
0
1431
22414860
4555671
0
153
0
0
2145
7003153
38006121
3326910
0
554931
23130201
55
0
12527515
0
5062304
0
816003
0
0
39715679
0
0
0
0
0
27391101
0
39520495
0
0
0
0
0
28286481
0
1337430
3438753
0
0
267430021
0
0
41555286
912334691
201930
2826677
0
15387378
0
66066
780
6413571
0
0
0
4290985
0
44071966
48535878
0
702440
57769040
1770
0
905185
0
37268661
0
0
25822891
2429910
0
0
1741911
845650
0
0
0
0
31878
0
0
0
2273778
0
141246
0
1
0
0
0
96245458
0
0
0
0
0
0
2211
0
32825253
0
0
17997000
0
0
97908539
0
0
1949325
0
0
0
13695
0
0
0
0
7025626
0
0
40055725
0
35175078
4383688
990
1929630
0
249344909
0
0
0
0
0
0
0
9823528
0
0
2126953
0
0
0
0
0
0
0
0
362143772
3486
0
10582300
0
433846
27324528
9934653
2189278
0
5150445
2344695
0
0
0
0
561
0
3486120
0
0
0
0
221048243
503047149
0
0
0
0
0
2845305
0
0
0
0
0
1381953
0
27162135
0
0
0
0
0
5970240
2080
0
0
169071
0
0
0
0
293186512
2003001
0
0
0
0
42637995
0
0
23334696
0
0
0
7237110
3321
0
20849653
0
0
0
0
1563796
0
0
0
0
0
0
0
0
0
0
0
7386246
27044335
3234696
1355481
0
1509453
0
4296846
750925
0
0
0
32956226
5302396
0
0
0
0
0
0
0
0
0
0
15845635
16799706
42998901
9067411
0
0
0
0
1
38654028
0
630974494
0
55
0
0
16276365
0
0
19848150
340556442
0
0
313136091
0
0
1136278
0
7548555
230181
20617831
420903
14383566
0
286903
0
43389270
0
0
31422628
0
0
0
13181545
602591326
0
0
0
46665
0
0
17343105
0
0
0
0
685035
0
0
0
0
935028
0
0
1540890
0
0
0
0
0
0
0
0
0
362852357
0
0
0
46360
0
268883
0
0
19415796
0
326976990
0
0
37640826
0
0
0
433002037
0
190
0
15
0
595
2850
0
46392528
0
0
0
3488761
0
0
0
0
0
10
23005
12794211
26510121
75508873
0
33780090
0
0
242556
19080753
0
16770736
3570
0
66
6496210
0
522645230
0
0
0
2080
0
177407237
0
15426235
0
0
0
0
0
0
0
0
0
8142630
44542641
0
0
0
276
55
45682461
0
0
4372327
0
0
0
0
0
0
0
0
0
2299440
0
0
0
11117970
0
0
0
25486230
242844759
0
0
0
1225
39201085
21447975
688760219
0
0
15
0
1017451
0
0
42232645
0
0
215072641
0
0
22028203
0
0
0
0
0
0
1540
741
0
0
0
0
0
0
37380719
15359653
31878
0
40279800
20649951
0
0
239554319
0
0
0
12946416
50086
960809098
9097245
0
276
0
833986
0
820
0
0
0
0
0
0
0
0
34233675
26992878
37346403
0
0
0
8094276
0
0
0
0
26459175
0
0
0
0
2208151
0
0
0
0
0
27317136
0
0
3486
0
0
0
0
8050078
0
15
0
0
514605
0
0
0
36
0
0
0
0
0
31470736
0
0
274170
0
0
0
0
34823685
17799561
4332096
9699810
0
0
6630261
8038045
0
5073705
0
0
0
0
0
32068036
7914231
0
351
0
0
1431
0
0
0
0
8374278
0
5302513
21082771
0
4445205
0
0
13274128
88710066
0
78
38927076
0
0
946
0
18063055
0
0
253
0
0
0
0
0
35730831
0
96409096
0
0
2080
17378460
11768526
0
0
17502486
2566245
42628761
3717052
7606950
0
0
1764381
646095986
0
0
0
6962046
0
0
0
7282648
0
0
0
0
16236451
0
0
3437320
30159261
609608004
2145556
0
25116328
0
48476781
0
21415240
0
0
880758701
1128
0
0
13053495
0
30876
0
0
21
0
33288720
43407903
0
0
0
0
0
1146855
0
0
0
14169826
0
0
10651420
0
0
0
0
0
0
0
0
0
20012301
0
0
41939061
0
0
0
0
0
913276
0
0
0
0
30104920
6799640
0
0
1440753
10394520
0
560785981
0
0
0
0
6342141
0
0
0
0
0
124645890
36666766
0
0
0
206403
1
1225
3298596
51681
0
0
3828
171
0
0
4683330
0
1770
0
0
5880735
595
0
0
0
0
26176230
7482646
561
0
780
0
7451730
2905255
5522826
0
12462528
1035
0
806424919
0
0
0
0
0
147153
0
0
0
3140169
530965
0
12238878
0
0
0
0
0
429063904
7838820
14535
0
22522116
406
0
0
0
0
0
0
0
692482820
0
0
2474200
0
0
0
0
12248775
0
17656653
0
13978828
0
0
0
6995670
0
0
0
44911503
0
0
0
43407903
0
153
346207227
7051890
0
7548555
0
1556730
0
0
0
0
0
0
0
5867025
3
0
0
0
0
0
0
0
0
990528
0
45129750
0
0
14534136
0
0
0
136
25938003
0
4347850
0
0
0
0
0
27128442
41500605
46894770
3389106
36307981
0
0
231
18316378
300
33599503
23974350
0
0
0
0
91
0
0
0
0
0
293761
14739735
0
23725716
0
411778
0
0
383492303
191040320
0
2214460
0
0
3138765
879801
0
0
0
0
0
0
22845420
0
0
0
0
1588653
0
0
0
239086
0
1275
1069453
0
1
0
0
0
0
0
982101
24092211
30548836
0
5118400
0
0
0
23005813
0
574056
0
11753976
0
0
2888406
0
2016
35385078
0
136
24967711
0
0
989964006
0
0
304266453
0
0
80687435
0
0
45960078
30311221
0
0
0
88662086
34142716
0
0
0
0
0
0
0
13910175
0
0
1326
0
0
0
0
0
34716477
9450378
0
0
6958315
0
187084463
0
231
999131831
703
60031
0
0
29150430
0
39325146
740483256
0
0
6999411
21
0
16350621
9774831
1021565364
0
24496500
0
0
14957715
0
0
20998440
0
0
6973245
15834378
0
14544921
0
2850
0
0
0
0
29764726
13731420
78777798
0
741
528
0
0
16471
39183378
0
0
0
0
47584890
0
43473150
0
1431
31764435
0
0
0
0
186102166
45739830
5172936
0
392055
30104920
0
0
120
0
0
0
0
0
83833722
25794153
142845
0
0
0
0
0
103285
0
0
0
0
0
0
0
12323130
0
0
45926588
890445
0
0
44533203
0
231504174
0
0
0
0
16356340
0
26787540
18087105
35267401
3113760
0
0
0
0
0
2403528
484620
7413175
0
2080
0
0
49455
0
4890628
0
0
0
5312170
2850
0
278464830
0
0
0
0
29425956
0
0
0
0
1047628
0
25981236
1079715
0
0
0
0
0
0
18389080
0
2951235
0
0
0
10992635
0
0
0
0
0
0
0
1081
0
32922555
0
21076278
2975580
0
0
0
25493370
0
0
2187186
0
24496500
0
0
0
78
0
15072795
0
0
990
0
226010528
0
120143315
7490385
0
1485226
0
0
0
16724436
0
0
0
0
13873278
33911730
0
0
0
0
0
44374798
0
0
9943570
37147890
0
1
0
0
0
0
1811656
0
0
0
0
22710430
0
0
300
0
21428331
0
0
5656566
0
0
0
0
0
10073316
0
1894431
8596731
0
15
0
0
0
0
0
0
0
597871
0
595
0
36112251
0
26241390
804546
0
47458896
0
0
0
0
4011528
305149825
29303340
0
0
0
0
39165675
0
0
0
0
22885995
0
341537230
0
0
0
0
0
1423828
176479830
0
0
0
0
0
0
0
0
169824524
3515226
1035
0
0
0
5592840
13548
0
1025504776
0
0
220972535
0
0
0
0
1280800
0
0
0
0
0
0
91
25425
0
34208856
2080
89676
0
0
0
0
0
0
0
0
0
3711450
630
32955021
0
0
0
64620
539679641
2286591
0
0
612820188
689725
0
16202278
0
0
0
0
0
218709667
0
0
0
990
0
3083886
0
0
0
0
0
0
44109528
0
0
0
19173528
8296701
0
0
0
0
0
0
0
0
9647028
0
3828
0
100973
8809503
0
940285162
0
0
0
0
0
0
6999411
11860885
0
156681960
0
0
0
0
0
17656653
0
0
0
574190059
0
37216878
0
0
0
0
0
0
19136391
2995128
0
9264360
0
0
26948811
0
0
861
0
0
0
0
3003
43491801
0
0
44250528
0
0
0
0
215566307
0
0
41118846
0
0
0
0
219453
0
0
0
356644502
0
26904780
0
29349291
0
0
0
20202546
34806996
0
0
1540
0
0
492768578
0
0
0
0
5013361
0
0
0
0
409700792
0
0
0
0
1326
0
0
6754650
19701
619494089
18510570
0
44488588
0
5771503
0
0
0
11359761
0
0
0
0
754711416
0
0
0
0
0
0
0
679195
0
0
666
9144226
0
1540
11628253
3160
0
0
543403
0
0
0
2963330
0
0
7626465
0
0
0
0
16190895
0
0
634475748
0
0
0
0
0
14701753
0
0
0
0
0
13377378
7036876
0
17579485
0
0
0
5395081
0
0
0
0
0
0
16362060
0
0
0
0
38962378
0
0
0
2342530
3
0
90525
338301245
820
0
10725396
0
0
897130
0
0
0
0
0
0
35250606
2697003
0
0
9965880
0
0
15
0
136
192461988
0
0
3851700
20959575
14631345
7556328
0
0
0
48516175
0
0
7432440
0
22771126
1081
0
0
0
0
0
7649916
0
0
3828
0
0
0
0
6438666
3828
249571
990
43622470
16707090
0
0
0
15
0
0
6105
4349775
0
23021505
35959440
0
0
8094276
20927215
0
0
17372565
0
0
2447578
0
0
0
0
5075475
96073781
0
0
0
8855736
0
0
0
0
231
0
0
0
0
0
0
0
0
0
0
0
0
0
19086931
0
0
0
0
650268559
0
0
0
493897132
19403335
628881
0
13212370
0
0
0
92945767
0
0
0
54946
6674031
0
43603791
4713985
0
0
0
0
0
0
987715
0
153
0
0
0
0
30697530
0
9832395
0
0
0
0
22723911
190
0
0
0
6663075
0
856086
11407476
0
2080
0
0
33665115
0
0
0
0
0
16202278
0
0
0
14924916
274170
502053162
0
0
379981497
0
7033125
0
0
0
0
0
0
0
210
0
0
11307390
0
0
0
0
0
0
0
22401471
0
0
0
10
0
8329321
0
0
3339820
496
12462528
15546759
528
0
0
2415
0
0
0
443593155
0
95479631
335729305
1953
300
2628
0
967334420
0
0
668746
0
5208378
6088305
3131253
0
0
37664027
0
3486
0
0
0
11909640
37199625
0
0
11288376
575128
0
0
20585736
0
0
15
0
7279590
33994135
0
2016
990
0
900042272
0
0
0
41409550
561
0
0
0
0
0
183891111
0
5536128
0
22764378
0
1176
0
0
0
0
0
0
0
0
0
0
0
0
0
0
0
150863508
0
0
628101384
0
37849350
9350650
0
0
4546620
231
1035
0
0
46152028
0
10181328
0
0
931230
0
8944335
0
0
0
13222653
0
6306576
1478340
35242210
0
0
0
561
0
0
64237615
0
0
26038936
0
0
1560261
0
1825005
877150
0
0
0
0
0
351
0
0
0
0
0
0
43828203
0
0
0
0
0
0
39077220
54615
0
0
0
0
1031766
0
0
0
0
38900610
5273128
0
0
969528
0
346528
0
4105545
589150897
666
0
0
10312611
136
0
21
18865153
30548836
6684996
3570
0
0
0
0
0
38006121
0
0
0
0
1028263495
15
0
0
0
0
0
18033015
3536470
5894461
0
42159153
0
231
1764381
31303828
1679028
0
0
78661518
0
0
20088291
0
0
0
2584401
0
1485
0
0
0
1326
0
0
0
0
24686244
0
0
20444815
168658609
0
14571592
0
0
0
26985531
9876790
0
0
0
0
439721202
20920746
0
0
0
0
37918986
0
0
7767711
1035
0
0
937765
11255140
231
0
40901490
0
0
3465028
0
0
22354641
0
0
3098805
0
0
15348570
1321125
0
0
0
0
9788100
0
24002056
0
327876031
0
0
12582636
1081
0
36325026
0
0
0
3240
0
0
28203
0
0
0
0
0
0
0
0
0
715540276
57298958
0
28959855
227475
1014600
193583111
0
3949455
0
0
0
0
3570
605553563
0
1711
0
0
0
16344903
0
0
0
0
0
0
0
0
0
0
820
0
903
57291
0
13590291
0
0
0
0
0
2926
137465953
0
0
32300703
0
0
0
23863686
0
0
820
0
0
13058605
358281
0
2375110
0
0
1035
0
0
300700
5240703
0
0
0
1830
0
253
0
25751076
0
1851850
0
243253
0
13002450
670339926
0
0
14228445
1431
0
0
17943045
153
1622701
0
710908801
0
136
11221953
0
0
3003
3081
1239525
24819535
0
32124120
37484811
0
0
0
137550
0
1081
0
153
0
0
10467600
3486
0
130148028
0
0
0
637347223
0
0
0
0
0
27658203
15806253
0
1171215
595
86320
0
0
0
0
0
0
2278
0
0
0
0
0
0
0
0
0
2958528
701419485
0
995612738
0
0
0
18370891
33533955
18932781
0
0
0
45006328
43109651
0
0
0
0
40100490
14223111
11151003
0
18718021
5805528
0
6022185
27889246
52761228
3209311
0
19056051
0
0
0
0
0
0
0
0
413831504
7583565
0
0
0
0
0
0
0
6253416
0
0
0
347759479
13585078
0
0
185989560
0
0
0
22114575
10818226
0
0
0
0
65415255
0
920537435
0
3081
0
0
0
0
0
0
8838910
36675330
848985372
0
0
0
5531312
0
0
0
28158760
0
406
0
0
0
14862
0
0
0
0
0
0
0
0
0
0
0
0
1540
0
0
24664776
27730
27028
0
27732628
0
1084128
0
0
16764945
3639029
4878126
814897745
662864172
0
334153
5720653
2080
0
0
6883905
22127878
70125
0
0
406
0
0
68205530
0
0
0
0
36
7123425
47273226
2297621
0
990
435
0
0
0
28369278
1969120
4656676
0
0
0
0
0
0
39130281
0
0
0
0
28
0
17472916
14448000
127220148
0
2415
0
0
0
6554010
0
0
0
0
8118435
0
300
0
132667445
0
0
0
0
0
0
0
0
0
2139249
0
12824580
7134753
0
0
33796531
118463012
3014740
0
0
0
0
2775
250334699
0
0
0
0
34882128
0
33944680
0
780
0
0
18736381
0
0
0
0
0
389436461
0
25464816
2288730
618471460
0
0
3
0
0
0
0
0
0
0
465
0
1403650
0
17985003
0
33804753
36
0
0
24002056
528
45797235
48044503
0
0
0
0
0
0
0
0
0
0
0
0
0
37997403
0
46104003
0
0
0
1
2080
0
0
0
0
0
0
32252496
0
0
0
0
0
0
729028
0
1684530
0
0
0
203841
231
0
0
0
0
11259885
22054761
0
0
0
0
17443371
9432996
0
0
0
435
0
8600878
0
18286128
2278
0
0
0
4601061
0
0
0
5542785
0
0
0
1594005
7902300
0
0
0
7359366
406260019
0
0
0
0
0
7791378
170299484
0
0
0
0
0
0
0
2485
0
896915624
0
3969153
30494145
15404025
2556
16139721
41001
0
0
0
0
5956426
0
0
0
533315781
0
0
0
0
6550390
0
0
0
0
0
0
0
0
0
5083266
1275
3153816
0
0
0
0
5260146
42906216
0
0
0
12298320
0
0
0
0
0
0
0
30381
0
0
0
0
0
741
0
0
39174526
0
0
0
36470070
17137585
425637943
0
0
0
261100903
0
30580110
0
0
0
0
0
15941481
0
10440165
0
26451901
0
0
0
7567995
0
235641
0
496
0
43454503
364231
0
0
0
192761787
0
35045103
0
9739491
0
0
0
0
0
0
0
703612360
0
38927076
71253
1
16898391
0
0
1047581267
41527941
107888387
0
32076045
754606
46797975
23653
32111131
0
21829528
0
0
0
0
23656881
2415
15
49665561
16788115
0
0
70329886
0
6109260
40612578
1617301
0
0
24678825
0
0
0
0
0
16151086
16707090
300
0
0
9515703
0
0
0
2041210
0
6721611
0
0
1669878
741
28952245
0
0
0
0
0
490545
27628461
45
261984953
0
0
0
0
0
0
0
0
0
0
0
0
0
1540
887614363
4958
0
0
889111
0
2500966
35309406
58575378
44175300
0
27866845
66
47244060
0
0
0
0
0
0
0
0
4329153
0
0
0
0
3592540
10517991
0
0
0
15543100
0
0
1368685
6991930
0
0
0
0
883704180
21017886
21625176
0
22307860
0
0
0
0
0
40740004
0
0
0
0
40747394
0
6449436
1176
826255
750707371
0
10508820
0
331705
0
0
8654880
120
0
39165675
0
1951300
0
31264278
0
0
45491491
0
0
0
3570
14577300
49985001
0
456490
2145
0
23898753
405729836
0
0
287661
0
0
0
28233855
780
0
1794565
0
7474911
0
0
0
0
4846941
3051685
9819096
0
0
15293215
0
0
0
91
1133265
0
0
1471470
558508
805815
0
0
0
0
0
189420
0
55861504
0
9726255
0
861
0
255970
0
387346014
0
0
89253
255784604
2180916
990
32421378
0
0
0
0
11934055
0
0
0
0
314672846
0
0
0
0
0
0
0
0
0
0
0
0
0
0
13449891
0
0
0
42934011
0
0
0
0
38200386
2145
38503
0
0
0
0
1316253
0
38093356
34308186
0
0
30948778
0
0
0
0
22441650
0
0
585903
0
0
0
0
0
0
0
0
0
0
0
0
0
0
0
0
0
0
0
0
0
2523381
0
0
0
0
0
0
6
0
0
3213947
0
0
0
8843115
0
0
0
0
0
0
0
0
96113206
0
26750955
0
37950
6784086
0
0
229097067
21644910
0
0
0
0
0
0
0
0
12061416
0
3570
2145
160461
0
0
0
0
0
3264030
0
0
96506004
43192756
0
0
0
0
0
210235323
15498528
5659930
0
0
191890
0
0
0
0
0
15083778
0
0
42214266
996177611
0
0
0
10403641
0
0
0
0
383250
272156077
1266436
0
0
496
0
0
0
0
2199753
0
0
0
741
34673628
0
0
435
0
0
0
0
0
0
0
0
2521135
0
2625486
0
220116
181503
171
30275871
0
0
0
0
45548740
0
0
45291403
0
0
0
40028878
0
0
0
0
0
0
343206
7168791
0
61434505
0
6980716
0
0
0
220116
0
0
3608641
11340703
0
0
4056976
35621020
946
16471
36435916
18730260
0
0
3916
0
246192206
0
0
0
0
0
653796
692076
0
1176
7149695
668263602
432559282
26292126
0
0
21
468431391
7153298
71909550
0
0
31860153
0
0
1711
766941
15548676
2211
11043893
0
0
0
5086455
108174
0
4296846
0
0
1
0
0
421821
0
0
0
0
0
422714166
58545846
0
0
0
0
21
0
0
0
0
0
0
0
9316
213174871
0
0
0
0
5489641
0
0
0
0
660947507
0
0
0
0
145530
0
170820
0
0
0
179412951
0
0
835278
0
0
0
0
0
0
0
8394753
0
0
12377800
0
560211
0
0
0
182106
19378425
0
0
3029491
0
0
0
0
29288031
0
0
46759285
0
0
0
854536686
0
0
496
0
25286716
5214835
805815
0
0
0
0
0
0
136
0
0
0
179700
0
41118846
351
0
0
8431671
15834378
0
41400450
0
0
190
1688203
23706244
0
0
0
0
33591306
0
0
0
27896715
0
1830
0
40186
0
0
0
0
0
0
9730
0
0
617716
0
1
0
32817151
284635
496
0
193851241
0
7922190
1849926
0
341441710
892081516
38311881
42980356
1185030
0
137550
0
14843076
0
0
38014840
416328
0
0
0
351
7367041
300
0
0
0
0
0
32217021
0
1653
321359193
0
0
1684530
0
413430228
0
1431
0
1929630
0
0
0
0
11335941
0
0
21285074
9541896
0
0
0
0
172687694
276
0
0
0
0
1596
21129718
8927425
263920310
55
13752390
0
4720128
0
5887596
1
0
0
0
0
0
9454726
0
0
2318781
1090026
39939453
8385
7716556
46335683
0
0
0
10892778
0
0
42122431
0
210
7509750
0
3828
2483106
19515628
0
2850
0
0
37640826
0
0
0
0
27539331
0
0
30447306
0
105
3081
0
45469847
7801019
0
0
679195
0
0
11080278
24363690
0
31090555
0
23069028
0
0
29326311
40793028
16962400
12243826
0
0
6081328
0
23760171
741
55
214881372
0
0
0
12209211
0
0
0
5146619
0
0
0
0
0
0
0
0
0
0
0
0
0
0
0
0
0
0
0
246753
990
0
8166861
0
0
7822990
0
0
0
0
2080
0
0
0
5977153
1596
0
0
0
0
42711903
0
26183466
10563906
3916
0
3725085
354753009
0
0
2016
5516181
15
0
12880
486731760
0
0
820297
0
0
0
0
0
490685751
3121251
2476425
1540
0
32955021
0
11345466
0
0
945500
0
2320935
0
41418651
9467776
42647230
0
0
3002475
14604310
0
0
1198926
0
31878
0
409965
0
38803645
0
102819613
0
0
2690040
0
0
0
1830
0
0
0
27569025
0
0
0
4074085
13994695
0
386241050
0
0
18027010
0
0
3785376
0
0
0
13999986
0
0
1275
12492501
0
0
0
19306
0
0
8505750
33166440
0
6130251
0
0
1830
15
0
0
0
0
4664985
0
8386560
0
556090462
0
0
0
0
0
171
0
16333470
0
2616328
0
6172341
0
12246
0
112894307
0
957036
946
0
16950753
0
0
0
0
0
4261740
4947085
1001015425
0
5690251
2485
0
229503
0
8839993
0
0
780
0
0
0
0
0
0
0
0
0
419070
378
0
14281840
0
3081
0
257386502
38381941
240471
0
330002892
12224040
222778
0
0
0
0
0
0
0
0
0
0
0
0
0
990
0
1225
0
0
0
0
0
0
0
14233780
0
0
85491
0
16247850
251695
19701
548628
0
0
18969720
55
0
0
207690
0
0
0
11885250
0
0
0
0
0
30089403
517671835
0
957033923
15089271
0
0
0
0
376310089
0
941878
0
0
294011390
413790016
2153850
48113145
0
0
0
0
4337985
0
0
20272528
0
0
0
0
3282739
0
0
0
0
561
846445369
0
0
0
0
0
5051431
0
0
239778
0
0
0
0
229125
0
0
0
78
0
103285
0
0
91
0
0
0
9174186
3957891
24168628
337240653
0
62835
450299859
0
0
5115201
0
0
0
33153
743590
0
0
6995670
0
0
0
0
38786028
0
0
275249803
0
210925
0
1431
0
6539536
0
0
0
45554841
0
0
13120003
0
0
0
647358876
22368016
0
0
277140
0
29772186
0
0
0
1876953
47312128
0
0
0
0
0
0
28211316
0
0
0
0
41920746
7354727
0
35942481
0
0
0
1488675
636756
0
0
0
3257628
0
0
30927924
0
0
0
10702251
0
0
0
12799270
5433456
16287778
44231715
0
0
0
351
0
14952246
1875016
2145
0
528
0
0
0
0
134182423
0
0
0
0
6345703
0
0
0
0
0
0
0
1830741
1275
24510501
25938003
0
11982960
0
0
0
7199115
0
9876790
0
91
0
0
0
0
0
0
0
351
6399253
0
5153655
33182731
0
0
0
0
0
0
0
7467180
0
0
0
2211
163306
0
2210253
0
0
0
3828
0
11633076
2487565
0
3854476
11445720
1
90525
0
0
0
0
0
0
0
0
0
0
0
0
0
104196
0
36
0
0
0
284158207
5671
0
0
2628
15
0
0
0
32792851
0
0
0
5785101
0
71631
0
53628
0
4909411
0
190
0
495427556
1
6592027
0
0
0
0
0
0
20656378
136
38838891
15862528
0
38224396
0
47799753
561
0
37666860
27889246
417241
561
0
600060
0
3403
0
1352190
0
0
0
0
41619126
68635
291166478
0
741
0
200577424
2664586
1478340
24953580
18480160
0
9007890
605090658
3108771
0
0
0
0
40738851
0
6503421
10063986
0
0
300
0
0
0
13642476
0
0
6947128
0
0
19347310
0
0
0
0
0
2211
0
0
2577585
1378
41505580
2229216
0
1035
0
0
0
18650778
0
0
0
5619628
0
0
0
508536
0
0
0
0
1762503
0
3983253
0
9161340
0
0
0
36273903
946
0
38198170
0
0
496873805
0
12905740
0
0
0
0
0
0
0
845650
0
0
20336253
0
51040
2297296
94990615
0
44977870
0
741
0
0
0
0
3829315
1493856
0
367714884
0
0
0
0
0
0
0
189420
861
0
0
0
0
10864791
45998436
0
13699995
0
0
0
0
0
424404
240630971
21193305
3321
45902571
0
0
539342501
34840378
0
21421785
0
0
0
0
0
0
0
0
741
276
0
0
38241885
0
0
0
32131
0
707455
0
0
0
41616
34453
17313670
0
0
0
176276452
15930190
1378
300700
0
143707481
1830
0
903
0
36
20342631
1967136
1933561
0
23396220
7137230
33681528
0
0
5321953
0
0
630
0
38548590
46104003
0
46190466
0
0
0
0
0
0
0
0
0
0
0
0
8759205
0
0
0
7626465
0
26393745
0
1830
130816
0
0
0
45
0
38698003
0
0
0
0
466273616
0
0
0
1770
47185755
0
0
0
0
0
0
0
741
1035
3403
14815846
0
0
0
0
33697945
406
773131070
528
0
300
300
630
0
14303226
0
0
3644069
0
0
2080
0
0
0
0
1
0
0
1953
15404025
0
0
14658405
0
0
30815175
0
8518128
0
0
0
0
2492028
0
0
4122756
276
0
13089286
0
0
0
4429776
0
2295153
0
654419983
0
0
0
0
990
0
29203903
14700685
0
0
0
0
0
0
625220080
0
27966
0
0
0
7763770
0
0
49745325
316627
0
0
45692020
0
0
8082210
48437403
0
2871606
171
0
0
0
0
0
0
9187041
0
0
0
0
0
396693223
0
0
9699810
2145
0
21
300
0
0
11865756
0
0
0
0
0
0
0
0
0
0
0
0
0
0
0
3552445
0
0
0
0
0
0
0
488991694
294928815
0
0
0
0
0
0
0
0
0
24995985
1497315
0
47069253
39894778
47341315
595
229902694
0
0
0
0
33174585
3086795
424127615
0
0
0
0
0
0
0
0
790653
837865
0
0
0
706266
43856295
0
0
0
0
0
0
0
2340366
0
33484836
0
14180475
5643120
10226503
3916
0
0
0
0
0
3916
0
0
0
0
0
29749041
595
0
48172020
36898345
0
0
3924201
0
0
0
0
8642403
0
252405
0
0
0
0
0
0
0
1029976466
0
0
0
0
40333671
0
0
0
0
46334751
0
0
55
14047650
0
0
473851
0
0
17674485
20991960
0
10104760
463203
0
765703
30416100
38259378
0
0
0
0
7003153
13741903
0
0
3272961
28331628
9446031
0
3123750
0
0
0
12323130
22254456
37519453
0
0
19697226
0
0
0
0
0
0
0
0
0
0
0
0
42398236
18522741
19347310
0
0
0
0
28709253
545969849
0
0
0
0
0
0
0
0
0
0
239778
0
0
913938765
0
60843171
0
0
0
0
0
0
0
0
5403828
0
0
0
0
0
40279800
6481800
0
0
0
0
11584891
0
0
0
0
150975
0
0
0
0
0
0
11856637
0
0
0
1400301
79319652
0
0
0
0
0
31367160
0
0
31684780
0
0
0
126931319
36035805
0
0
0
0
42878430
1047821074
0
0
0
0
890445
46585378
0
25801336
0
347361
0
17190316
2678455
897130
0
0
205439895
32188276
0
0
138601
0
27228510
0
153
0
0
0
2968266
0
0
0
0
0
47205186
3486
0
0
0
0
15
15450591
0
0
0
0
0
0
0
0
0
0
6246345
0
0
0
15791
0
0
0
741
0
0
0
10358076
0
1324378
0
0
0
1
0
14180475
25493370
0
48768633
0
14544921
0
0
0
0
0
0
117370
6564876
0
0
0
0
0
4364535
0
0
0
14512578
0
3081
2607186
84195401
0
0
0
4370446
0
0
16528375
0
0
0
595
447931
0
1431
1327635
0
0
19930141
1378
0
0
21408696
0
0
0
14042350
21467628
43147405
0
820
36838236
0
3337236
0
0
131841
35057751
42113253
46691616
362319886
0
0
711028
123616183
0
0
0
13279281
0
0
0
0
0
0
3240
46652970
0
0
7626
0
0
15931
13947121
0
0
0
41756091
35024265
0
0
0
0
97461
16793910
1785105
22771126
0
0
0
0
0
0
0
0
0
0
0
16362060
11061456
6521466
0
68519963
0
0
12814453
8709051
0
0
0
40811095
0
0
1596
14346046
8742471
798670490
0
1562028
0
21447975
99235
0
9730
0
0
0
0
208104756
0
0
0
0
7998000
0
13381698
0
0
0
1628110
0
1646205
0
0
0
0
0
378
0
0
0
0
0
561
0
0
45415215
0
0
2079780
936439138
0
0
0
9225660
0
0
37536780
0
0
0
25743900
0
0
1669878
0
0
0
0
0
0
0
1182251
0
23601885
632052601
0
5010195
409965
0
25571976
0
0
0
0
496
0
0
0
12987156
0
1047870397
0
0
0
0
0
4994380
903
13904901
41182350
0
0
0
210
0
2080
0
0
2769481
12507501
2145
0
665019182
0
0
0
0
3004926
93096
0
0
820
48447246
0
247019402
0
0
0
449545588
0
0
0
0
0
0
0
1431
3224530
0
0
11710380
14496420
0
20107311
0
0
0
11966147
0
0
47946528
0
9217071
0
2505441
6
0
138075
232167718
0
0
2055378
0
0
0
0
38110815
0
12632851
0
0
0
1275
4145760
8276346
23109801
0
0
562154739
0
0
9673401
0
0
300
0
18389080
0
0
1540
0
4834495
0
21855966
40073628
48054306
2145
17366671
12931155
0
3570
0
0
0
0
1611910
0
0
741
903
0
13794378
76018102
0
0
26168995
186296978
0
1544403
34126191
4997541
91
0
253
10181328
55
595
0
0
0
0
0
0
0
10127250
0
0
0
0
0
0
0
0
0
4501500
0
0
7256145
0
7603279
0
47682320
10785690
6189921
0
0
50555918
24391620
0
0
0
17390253
15834378
653150971
0
0
22074690
199826245
7704775
0
0
0
0
0
0
0
0
0
0
0
0
291540482
0
25003056
0
207046
0
0
0
0
0
0
686534789
0
12895581
0
37401
0
0
0
0
0
0
41673885
8746653
2080
0
0
0
27103203
0
0
0
0
614386
0
0
2556
6208028
0
0
0
700336
0
10623745
0
0
0
17231385
0
0
330891
58996
0
47594646
19334871
0
528
0
0
0
3916
0
1385280
0
0
0
0
0
245350
0
9772938
0
0
0
48891216
32896
276
0
0
0
0
0
0
0
0
2145
34665301
36658203
49785231
0
0
15871993
2080
0
0
0
0
0
0
0
0
7321051
0
16759155
0
0
3441376
0
0
2556
8721576
0
0
0
0
0
0
37493470
0
0
32744278
561
482513648
0
0
0
0
0
40140958
0
24840676
0
1035
990
194376
13129089
0
0
0
8142630
66598082
0
0
0
0
45787665
0
684500120
0
0
0
0
0
0
737440976
3163870
8885220
0
2738970
0
46662630
0
0
18225703
12941328
0
1485
0
0
0
0
0
0
0
2211
10674510
43128828
0
19753755
0
36581181
0
30736720
14535
0
3570
55
193964373
0
0
114572229
0
102208086
0
0
0
35301003
0
13372206
31074786
0
19110
11630251
0
17650711
1131760
0
351
0
0
32340903
538267317
0
0
0
0
0
16099975
4447653
7482646
2145
539830058
0
0
18407278
6
2211
0
43365
0
46595031
27665641
0
0
189290118
0
0
0
0
0
151949156
0
0
42315400
128132129
0
0
0
36248355
0
0
17668540
0
0
0
0
0
0
0
1574425
18033015
0
0
0
0
4140003
0
0
0
0
0
0
3810180
0
0
0
0
0
0
0
0
0
0
2850
0
0
0
856636
18057045
0
0
0
0
0
0
0
0
0
0
0
58996
0
28937028
0
7440153
43231051
7716556
0
0
0
0
520710
0
2628
0
0
0
0
37458840
18681328
0
793170
4741660
15359653
990
0
123753
4241328
0
0
0
0
14523355
0
213364124
1444150
0
0
0
0
6943401
15204855
0
0
2850
46575726
1010331
135177086
0
0
0
1583310
41874976
0
7108860
0
417781952
0
0
3632860
707455
751394602
0
0
990
3828
44165901
19974360
0
190928215
0
12550162
0
3073960
4400061
0
0
0
0
9943570
0
0
0
0
0
0
0
898470
0
0
561
703
0
97262135
0
0
0
0
139128
0
0
13768128
0
0
47995503
21928753
0
0
3749691
5921961
0
0
0
0
0
0
0
0
0
0
0
876197465
45
0
32365035
633744820
8239770
741
0
0
0
0
0
0
1124250
0
7408905
0
0
0
0
0
0
0
0
219453
0
741
0
26590278
1176
0
0
12794211
0
0
41600881
0
0
31868136
0
0
0
0
0
0
28527681
147696
0
0
32284630
904076233
11340703
63485302
0
0
43956
706266
0
0
5496270
0
0
0
0
0
0
813637428
0
0
39760903
0
0
0
0
121306621
46344378
0
0
0
0
5137615
0
0
0
0
0
44043805
0
25866028
0
170499992
0
0
0
990
0
154445621
5295885
19285155
4042746
0
0
39536709
0
0
103283192
0
0
0
1237951
0
0
0
0
0
0
36
0
3081
0
268579049
0
705340622
0
0
2662278
0
0
0
6630261
0
0
13232940
0
39662871
14121955
0
0
0
510123709
23540091
0
887778
0
0
0
13155885
0
344098815
671061
43987510
39823350
0
0
0
0
44222310
0
0
0
0
0
0
0
29295569
0
0
0
0
0
0
0
3003
2333880
727210558
0
0
15958425
0
0
37997403
40432528
0
0
0
66761635
1711
12657996
407738166
996752454
0
0
13527801
0
2155273
1439056
0
0
0
0
0
0
291221
946000
0
0
0
0
0
0
0
0
0
19994442
0
0
0
0
29602665
0
1380291
10731
0
0
0
316366471
47516626
424581
0
27889246
0
0
0
0
0
0
828129739
86259182
0
16270660
0
0
1035848337
0
32526145
0
733866
30330366
0
1347958
1485
0
0
0
0
0
0
0
6854253
91
5286126
1653
2139346
0
0
666
2452005
0
0
0
0
31003875
1
0
8142630
0
0
0
0
0
3486
0
0
0
0
0
5633046
0
0
741
0
1485
171
7420878
0
0
0
0
569907110
9717436
0
30027375
0
0
937844955
16111326
29464326
276
0
90468629
0
0
0
0
7665570
11802511
560211
0
780
10892778
8304850
13341195
239086
0
0
32389176
0
0
27199000
657231
0
0
0
0
0
40450515
12233931
0
41354965
3899028
0
973710
0
0
0
7716556
0
0
0
0
0
0
0
0
0
0
0
7874496
0
0
330085
0
0
3039345
0
0
0
0
0
0
9180
0
33011875
0
107197822
0
0
0
11037951
0
0
0
0
0
47341315
0
0
43045281
0
0
0
0
0
0
0
0
346896719
491472089
0
353220
303141528
0
483509467
6182886
0
0
0
0
28
0
0
0
23373604
0
0
0
33930
0
0
20851178
3517878
1581531
0
19816660
0
0
0
0
0
1896378
0
0
497098353
0
0
720046376
0
3885078
0
1658931
0
0
15755691
0
0
253
0
0
0
0
0
485934572
0
4282201
0
0
2788341
11326661
0
0
0
58225691
0
101792436
0
20031285
0
0
1
0
7085730
0
23608756
0
0
1162050
0
18915
0
0
0
0
0
0
0
28174697
0
0
0
17591346
1468041
0
0
783126
0
0
0
0
0
0
465
0
37640826
0
7830903
17859276
0
0
4962825
0
27990124
0
0
1260078
0
0
0
948137786
0
49277628
0
0
306493123
0
0
17955028
0
0
309291
0
4186
0
8734110
0
0
530965
0
0
0
0
2320935
0
0
0
0
0
10
0
0
0
0
20361771
4646676
0
0
0
0
2604903
0
0
22374705
0
0
567640176
496
0
0
433633598
0
502503
2653056
0
0
20740020
6809895
48437403
0
37122036
67264066
0
0
32276595
0
0
0
40873639
9607536
173166
0
13501806
30104920
0
0
39698505
0
708680624
628881
0
0
0
0
0
0
0
0
11175
0
379756
0
0
8329321
0
28822723
8957028
52743184
0
0
428923274
0
3321
0
42767376
0
0
0
0
0
0
48064110
38953551
0
0
0
6717945
0
281506050
0
0
55
0
0
39556065
0
0
0
0
869903151
355746
518671
0
0
630
0
24531
0
43725276
0
0
455535
153
24847725
0
0
0
7025626
0
0
27007575
0
0
0
1176
1395285
0
0
2145
0
0
0
0
0
0
21915510
0
0
30143730
0
3986076
10878780
1176
0
0
7902300
12804330
0
3651753
0
0
676330078
0
0
0
0
0
0
0
41318595
0
1428895
21232386
10
1540
4525536
0
20075616
0
52003
0
0
712221
844350
0
0
0
3237240
835278
0
0
0
0
0
0
0
0
0
0
0
991829097
0
1033203
0
7165005
0
0
0
129529790
19185915
0
808883165
703891
0
0
0
0
0
1353835
0
0
0
0
0
0
0
0
0
137342392
178908571
0
0
0
4157286
3771631
0
1375311
18865153
45692020
0
561332778
0
17472916
0
0
0
0
0
20012301
0
0
0
3360528
0
5891028
19571896
0
0
18274035
0
0
0
24749130
0
6413571
0
0
30948778
40729825
0
0
0
38056883
560091374
1322751
0
205120
0
1540
1022857865
0
0
0
0
17231385
0
0
0
0
0
6123959
0
0
35967921
91
0
0
21730528
0
351
0
26335653
0
0
33558528
0
0
0
0
0
34341328
0
0
0
300
0
45
0
0
0
0
8154741
19254115
0
0
0
0
0
0
0
903
0
0
1275
0
22034841
35764653
5815755
0
9858407
0
0
0
0
0
0
0
820
21141253
0
0
0
0
0
0
0
48772626
39006528
0
0
19515628
97127581
0
2278
13861
0
0
40342653
0
0
3828
1075311
13465455
19898586
0
37208251
0
0
3321
0
1192740
0
0
16626261
0
0
0
0
0
0
0
749700
0
812996089
0
0
2876401
0
3003
3189075
25457680
225456
11080278
0
0
0
0
0
0
6924781
0
23912070
36
0
0
991936
0
0
38373180
0
54352014
484620
0
0
0
0
0
0
15643621
0
0
40432528
0
0
0
6786
0
0
0
0
0
91
0
2505441
831383323
0
0
38627655
0
0
43660
0
36743878
0
0
0
0
0
0
0
741
188191
0
0
250029472
435
21321
0
0
1
0
0
6204003
0
0
0
4549636
1461195
117651154
0
524794074
0
46941591
8721576
0
12829645
852165
0
0
0
1342341
4668040
36101772
0
0
0
1770
0
1081
0
0
0
0
0
0
0
0
0
3727815
5292631
0
0
2267385
0
0
0
0
0
6271111
1540
964466850
0
36001855
0
0
0
18926628
0
7556328
34150980
1225395
68078981
0
528
9212778
3306306
0
25636380
2053351
0
0
0
0
0
0
1819278
0
0
0
0
0
0
0
6732615
0
0
0
0
7763770
0
0
0
300
0
0
42647230
0
26853456
0
0
0
8778
0
0
0
38443296
0
0
0
2900436
0
0
0
752401711
0
276
8394753
0
0
0
561
3160
0
55
1941435
0
14071141
31828231
0
882456
0
0
0
0
0
31692741
10986328
385003
0
0
0
0
32196300
0
0
0
0
0
33427576
0
276
0
0
4766328
990
0
0
0
33566721
0
0
139853357
990
15
0
0
341551
0
0
0
300
0
0
0
0
27966
12683166
0
0
0
0
127260
0
36418845
0
305371
160592667
0
0
0
6161805
165378655
0
36
0
0
0
0
31828231
0
104434183
0
0
45
0
0
390259791
0
0
0
0
0
0
0
0
585450156
0
0
0
13857480
0
577275
0
19185915
0
23370854
22261128
819840
0
168640892
0
0
2850
0
40432528
0
0
31487809
0
0
0
18401211
0
0
0
9863461
15061816
3980431
0
3700560
34324755
0
91
0
0
0
3904615
0
135755315
0
0
0
0
0
0
0
66258240
0
0
561
0
17543926
0
0
803278
13904901
0
829249114
0
215894106
0
0
1544403
946
0
0
0
1225
0
0
0
0
0
334153
0
0
0
0
0
0
0
0
93962013
2145
3402136
0
0
0
9285895
0
1596
0
171
21988396
24189490
0
0
0
1830
3240
0
579426
0
0
0
0
0
0
38794836
190584239
6903
1624503
0
0
0
0
0
36393246
2003001
0
0
0
10934826
8448105
0
0
0
30384910
3848925
569778
0
0
0
166176
0
0
0
0
0
408427550
0
0
0
0
0
2425503
17044041
0
619941
0
0
990
0
561
0
0
0
0
0
0
0
1225
0
0
4975435
1775670
0
13366
0
0
0
0
0
0
47699372
0
2126953
0
0
2237670
3570
0
0
11264631
0
0
5891494
0
0
0
32736186
0
3017196
0
41209581
0
0
0
0
0
0
1275
0
0
794431859
0
0
8717400
0
0
577275
0
5019696
0
0
0
0
0
29326311
0
351
0
13294746
0
0
0
0
0
0
114960
26772903
49297485
1095940
741
2080
5449951
14356761
0
78
0
0
0
45224805
0
0
0
0
50951698
820
0
0
520256202
31892091
0
10731
16608966
33427576
0
0
0
0
0
0
378
0
0
0
0
0
0
23273253
0
374832987
36010341
31908066
0
0
0
0
0
40693731
0
0
0
34142716
0
0
0
693253
13465455
29779903
12145056
0
3247426
0
245970989
0
0
0
0
0
1701090
0
0
14582700
14739735
27457755
18595851
190174018
43856295
4200651
28038816
6204003
0
340725
7946091
654934659
0
0
85905
0
2973141
0
0
0
0
0
0
0
0
6
435
6655776
136
0
0
0
395605
0
5778
21362916
0
0
6739956
0
0
0
0
0
21017886
0
0
0
0
0
0
0
0
0
0
31011750
1919820
0
0
0
0
0
0
0
31932036
0
95703
39698505
0
27539331
24293935
0
34341328
0
0
0
521493
0
0
566185179
105
0
593997066
750938258
0
0
0
0
130189
0
0
0
1431
0
0
0
16574403
0
9277278
4212253
0
72571895
0
0
0
0
0
28422030
0
0
3158841
0
0
0
0
0
0
0
0
12597690
0
19968040
0
0
0
513591
330891
0
0
16471
0
0
18895878
0
4285128
0
0
0
15
0
0
0
0
0
62838143
0
66
0
0
0
588070
0
1770
0
0
146137289
87153
0
0
0
0
0
0
0
0
0
0
0
0
43956233
0
0
0
0
0
0
0
0
0
213305530
0
39130281
20419245
91182738
0
6641190
354903
0
0
0
32461653
0
0
3081
2713285
0
45300921
0
0
0
1260078
0
1859556
0
522729914
0
0
2785980
10467600
0
0
0
0
0
37545445
3403
16551381
0
0
440391
0
0
0
0
129795
0
0
30876
0
253
28990305
0
18926628
0
0
0
0
0
29081751
37701586
653277149
12095821
0
0
0
11151003
0
14996026
0
0
33862335
1211346
0
57291
0
142205162
0
0
0
292252877
0
42214266
368660282
0
0
0
0
5997916
0
0
0
497503
4489506
0
0
0
22107925
0
0
7486515
0
0
33411
0
0
40693731
0
0
7595253
30035125
17871231
0
0
0
158766
0
0
0
10011
0
153181
0
351
0
0
840456
0
0
0
274911
0
2211
0
0
3083886
0
0
78
0
0
0
171
29165703
0
2485
0
0
145530
0
0
0
22656546
1
22501986
0
0
0
741
0
24868878
0
0
613968838
0
0
0
0
0
0
0
0
156809290
37953828
8174946
0
1540
0
0
5328480
2775
40297753
2145
0
3321
0
229329024
0
0
0
0
0
0
0
0
6532305
0
0
0
0
0
0
11919403
0
241532330
5153655
0
79800
11841411
27066403
73670041
82215
0
25279605
49347145
113526
0
0
0
685035
565516
3234696
42030696
0
0
0
18748626
0
0
0
0
78
0
0
0
0
2401336
0
322003
223446
1650855
29333970
10517991
0
0
0
0
0
0
0
0
0
0
2080
525825
2917320
13299903
0
19822956
0
0
0
0
0
0
2145
0
406
2628
496
0
21612025
1059240
2628
0
0
200120314
3823995
0
0
2145
688551
37805860
0
0
0
1717731
0
26241390
44589846
0
0
0
0
0
27732628
0
561
3211845
7168791
1848003
0
0
543470232
0
210
0
0
0
0
0
0
0
0
2206050
0
0
19459441
0
0
0
0
435
23698170
33747220
0
0
2312325
22771126
0
498463950
8965495
351
0
0
0
0
705078
0
0
3024570
0
0
10642191
6239278
0
0
29967681
27088480
0
25651
0
595
0
1007490
1035
2556
2063496
0
0
0
0
0
0
0
4871881
2628
2436528
0
7378561
0
0
0
0
8642403
176871170
48240753
0
0
4405996
0
0
0
0
0
30587931
19848150
7610851
8876791
0
0
0
9441685
0
0
9350650
0
0
0
0
1537381
36641080
1891
0
0
9673401
2525628
0
0
0
0
4388203
0
0
0
0
0
6670
0
0
0
0
16747578
0
720791888
21730528
0
0
3873936
531481262
19879665
28853406
846538
0
0
0
3501981
55
0
0
0
0
0
0
0
0
0
14469510
22421556
11821953
0
0
0
0
0
0
4947085
0
4305645
0
0
0
0
0
2630071
0
21763503
8676040
0
0
22038496
0
0
0
276
26161761
15
0
0
826255
2145
0
0
0
0
128271
4803450
0
0
0
0
15448461
0
0
1604736
0
0
0
0
26707086
78
0
0
1859556
0
0
32485830
0
0
5038725
5169720
0
30736720
0
0
39245370
860474404
39930516
8918976
33648706
1195753
0
0
0
0
0
0
0
34798653
0
136
1431
0
0
0
0
33739005
0
0
882456
0
13926003
0
672220
1275
0
21631753
0
0
300012387
0
0
0
0
359128
0
0
661823795
0
0
0
0
0
0
0
0
0
644680
0
0
0
40073628
19917516
0
0
289941
0
0
0
0
5064153
1038961
0
0
0
0
0
0
0
0
0
24454521
0
0
0
0
4358628
0
6271111
0
2388205
2835771
4279275
0
0
0
4462578
0
0
0
0
0
430349716
0
0
17073246
61139902
0
0
0
0
5230995
0
0
741
0
0
0
0
0
31406775
1558495
0
0
25708035
5629690
290703
13543410
0
0
0
33153
0
0
0
0
445096
741662100
1017451
0
0
0
0
0
11575266
43165986
35284200
0
24300906
0
0
0
0
11113255
0
0
3828
0
12592203
0
0
827541
0
0
0
0
0
0
0
4085511
19804071
0
0
0
3321
612171
4729350
28876200
0
3403
12895581
0
0
0
1087075
12688203
0
0
0
0
0
0
166909737
0
0
25818619
36418845
46325125
0
2336041
0
0
7634278
0
0
29387611
0
0
0
9311770
11924286
0
0
0
22483832
0
0
0
0
0
0
0
0
0
0
0
0
0
0
8642403
0
0
0
0
8982441
0
0
28497475
0
0
0
40838203
0
1081
44939940
0
8881005
16836
0
1677196
0
0
0
119572014
128271
0
239778
0
0
0
0
3412578
22174470
0
0
19829253
0
0
0
0
0
0
0
0
0
990
0
9437340
19578153
38154480
1478340
0
0
0
0
0
0
253
0
0
0
0
0
21618600
0
20746461
0
325
0
0
0
0
0
0
0
0
0
188666048
0
190036
0
0
0
0
0
0
0
16202278
38618866
0
0
0
0
0
0
0
0
0
65341
0
0
0
7393935
78
0
28391880
0
0
2415
0
47214903
0
31193151
0
0
12273535
0
0
45529653
9669003
0
94395
0
0
39121226
0
0
22885995
0
0
0
4279275
0
3828
0
0
0
0
0
0
0
55
1684530
0
0
0
0
13207230
0
0
511902010
0
0
25694756
0
0
0
0
0
0
0
1176
0
33670
1
0
0
14734306
7119651
0
0
0
0
0
0
15537525
38557371
806252126
0
0
0
0
0
0
0
0
0
190
0
2902845
6392100
0
150284245
0
2926
0
0
0
0
0
44062578
0
0
0
143161462
0
0
0
388008020
0
0
46008028
0
0
0
36546975
0
0
667590
0
0
0
337887
0
0
1485
0
253
0
183315
1383616
12647935
1957231
0
0
4608393
0
27007575
0
39600550
7807176
0
0
0
36180271
40711776
0
0
0
0
0
0
0
3403
1631721
0
23643126
0
0
939679430
215046915
3272961
0
0
0
2080
0
5778
0
0
0
3486
0
128271
3570
35481607
20107311
0
0
0
0
0
0
0
176341982
0
0
0
0
30878011
0
21068602
91
0
44015653
0
423139
126253
0
0
0
0
3116256
0
0
0
18261946
0
990
494515
0
0
3916
0
7010640
0
0
0
0
0
0
0
3835056
836061329
0
0
0
0
2500966
0
0
175174272
3828
0
0
5997916
0
416328
0
22643085
0
0
0
0
0
74060091
0
2701
0
0
1021735
370261990
0
0
0
0
0
0
7070680
20393691
2080
0
0
0
0
0
0
0
0
601936595
0
30322578
18135253
234955
0
0
0
0
0
0
6906186
0
0
18443701
11028556
1154440
0
0
1770
0
472878
39156825
406
0
0
0
368511
414989810
0
410871
0
0
28263921
0
37355046
29433628
0
15947128
0
1378
253
136
98946946
106289221
1602945
0
1024596
3581826
741
0
0
0
127802556
0
34474056
0
0
301476
0
0
3486
0
0
0
2850
12647935
360241532
659983247
0
23829156
155917679
0
0
0
0
4459591
372143176
0
0
22865703
0
107416
0
0
0
17009028
0
0
0
0
15834378
1540
0
8439886
0
9854580
0
13889085
36863991
0
18231741
646267901
1368685
6471003
1176
2871606
10481331
0
0
48822021
0
0
523202230
0
0
8284485
0
0
0
0
0
0
3081
0
5552778
0
0
0
0
0
0
0
25564825
0
0
0
0
0
0
0
0
2755378
18213630
0
0
0
0
44722153
0
0
0
0
0
0
0
0
3290895
0
32188276
190
0
0
0
43258951
13366
0
0
0
0
0
0
0
0
0
41001040
0
0
1247410
0
0
0
0
0
0
0
4339209
0
1
0
25614903
0
44646525
0
0
0
154290
0
11397925
10068828
11817091
0
0
34523895
0
0
0
0
0
20285265
780
0
21
0
722614765
14329981
0
20196190
21441426
2926
0
0
10417330
0
0
1
0
0
445096
2145
780625
0
0
0
0
29803060
0
0
0
0
0
0
0
0
0
0
0
0
0
10637578
819840
0
1431
0
0
0
0
0
7206706
0
0
854248000
0
0
0
0
0
8166861
1540
0
0
0
979300
0
874503
16591680
0
0
0
174345
0
0
0
0
0
0
0
0
0
779376
0
2611755
0
0
0
0
0
0
0
0
7910253
0
0
30158185
21278026
3848925
25786971
80983229
820
0
0
0
0
0
0
0
241860
0
0
0
0
0
201295
0
0
7206706
990
19936455
9264360
0
32598775
0
0
0
21915510
0
0
0
690074426
0
406
0
0
0
0
1819278
0
0
35900101
0
39689595
0
0
0
0
0
8130528
0
1375311
1275
162165
0
0
0
3793635
19390878
2485
0
0
0
0
28061286
4414906
2676141
0
35654790
0
253
0
0
0
0
307720
0
0
0
8851528
0
0
0
0
0
0
0
0
0
3570
0
990
1410360
0
0
49000050
0
0
1540
5986899
0
0
12632851
0
0
0
45120250
0
61212247
15643621
0
0
0
0
0
0
0
0
0
6861660
0
0
0
0
171
0
305371
0
1378630
0
0
0
0
0
36761025
0
27904185
19179721
0
26234146
14620528
929566
3862810
23787753
0
3321
0
0
0
0
0
0
8284485
0
1846081
7326680
19496890
0
4732426
31868136
0
2833390
0
10930150
0
303502720
0
0
10731
0
0
314028
0
0
0
531595195
0
1098903
44551
0
23004111
351
780
0
0
0
458536072
0
569778
0
0
0
0
33174585
15643621
0
0
6216
0
0
0
0
16653
2980461
0
0
6532305
182710
17202045
4235505
0
0
0
0
10
0
37762395
0
4984903
0
0
29803060
0
0
0
20444815
0
11335941
3486
0
0
0
0
0
0
0
10019526
435
0
0
0
37675
0
0
0
253
15116751
0
0
19316220
0
0
12258676
0
0
0
903
0
0
0
26024505
0
7782961
0
0
0
0
0
247456
3882291
10463025
0
25151778
719400
630
0
18189496
0
0
267546
16471
39307411
0
0
0
32252496
18982041
8118435
0
0
0
0
20959575
0
0
0
10586901
0
0
8592585
1176
0
0
0
0
42739635
0
0
915981
0
0
0
0
10790335
0
3515226
0
0
0
0
0
203257282
0
1653
0
0
0
0
0
0
0
17343105
3801903
43379955
0
0
0
68682797
10568503
14383566
0
91
2701650
0
0
117370
335790
0
0
5019696
0
0
0
0
0
0
0
0
14010571
48447246
0
0
0
2600340
0
3321
581995172
2211
0
0
0
0
0
0
6921060
0
0
0
15365196
3533811
1891
0
0
0
22926606
0
1085601
0
6406410
0
0
300
0
235641
0
0
595295071
0
0
0
317481208
0
203412877
0
0
351
0
0
0
0
0
0
3730546
3240
741
45348526
6876486
300
0
0
2797795
23245971
0
0
48054306
0
1648020
0
18231741
0
0
0
540058743
600275047
0
0
946
0
0
5299140
2874003
0
0
0
0
0
0
0
45969666
29996385
0
0
3828
520826689
325221
0
29659362
0
0
0
43510456
0
26197941
0
0
0
0
0
865270
151947430
0
0
0
0
0
0
0
0
0
0
19961721
0
0
0
252560495
0
6228685
15969726
6168828
98480649
0
0
719103691
0
0
0
0
0
0
40756906
0
776881
0
0
1599366
6695970
7724415
0
0
0
3423036
0
0
0
517653
0
0
65703
0
788524540
378022948
48034701
0
313236
0
0
0
0
29429262
22643085
24890040
14598906
0
276
0
0
0
0
0
406
0
0
10389920
0
0
0
0
933661
0
0
1081
0
78
34453
420116664
0
0
210
276396
561342829
0
0
0
0
0
171909
0
3571128
0
2145
0
0
8505750
0
0
0
0
788039253
0
19630818
0
0
0
0
0
581055309
924120
30964515
0
0
0
38246030
10840095
0
1035
0
28384345
0
0
55
0
39538278
0
2963682
0
499500
30180236
0
0
0
0
4561710
0
0
2556
7902300
0
42659165
23307378
0
0
0
0
0
0
19578153
0
83845
0
43435860
0
0
299151
0
3181503
0
0
0
28106253
0
0
13783875
314803758
0
0
18021006
0
43152040
0
0
123645150
0
16516878
26648650
0
0
0
0
30462915
0
0
0
102437214
0
0
0
0
0
0
0
0
0
9546265
0
0
0
114900419
2355535
0
35477676
4525536
59468699
0
0
33280561
137621567
0
0
3078921
0
1104841
0
300
0
26161761
9546265
4450636
578515612
0
0
0
0
0
14127270
64891443
1596
21
2595781
0
0
5798715
0
730068848
2871606
31422628
0
0
0
90951
0
0
0
0
0
0
0
0
14095395
153
0
284635
0
381501
0
0
0
0
7040628
1485
0
13994695
0
0
0
0
0
29795340
0
0
0
0
0
11734590
317206
0
276
0
0
0
2869210
0
0
0
0
0
0
0
3689686
0
0
0
0
0
0
0
0
0
0
0
0
0
0
743590
0
561
0
2861685
0
630
2016
0
0
0
0
3657160
2456436
18528828
0
0
0
0
35208636
6557631
5214835
31932036
0
0
40082581
0
0
0
0
35993370
0
8738290
35823880
90525
325
276
486138796
0
0
946
0
0
0
264879892
0
133069439
0
0
4003035
0
218711884
0
0
0
0
24833628
0
0
0
0
11532003
0
0
0
1282401
5771503
0
0
0
0
15017940
0
21447975
0
0
2080
665281
19322436
0
27184251
0
0
0
773146
0
0
0
18718021
14047650
0
1228528
0
0
41902435
0
1090026
32012001
0
0
0
0
0
0
0
0
3486
44920981
0
0
0
0
15604491
0
604319
0
0
47389980
0
0
31932036
0
0
13695
32534211
0
29646
398566411
64529225
41173275
0
0
24601605
0
10176816
944170116
0
741
0
299151
0
627475301
7432440
0
0
0
0
171
0
526851
719400
0
30260310
21
0
0
0
0
7397781
0
12885426
0
0
0
0
0
0
0
465
0
0
105264063
693253
0
84666
0
13002450
0
0
0
839160
0
0
0
276
0
0
28731990
0
0
0
18183465
28248886
0
0
0
0
0
44222310
0
4003035
0
0
0
0
0
0
0
0
0
0
564453
26430085
0
19390878
0
0
0
0
0
9591
293928334
0
0
3306306
0
0
2377290
1371996
13815396
10456679
504365471
8106351
0
2080
0
21004921
0
2176741
0
0
0
66
0
0
0
0
0
0
0
0
0
43631811
2628
1431
0
0
0
0
3828
0
0
0
0
1738180
0
0
0
0
0
0
3
925480
0
2530125
157199913
780
4972281
0
990
0
43903135
496293675
0
0
0
0
0
0
5461440
0
0
0
2160081
797557442
0
47643441
0
0
0
0
0
0
0
30681861
0
0
0
0
0
100128
0
0
0
2850
18915
0
0
28656235
16026291
0
0
487778
25981236
2910078
0
0
0
22021566
0
0
0
0
11084986
2211
0
0
0
0
0
0
0
0
28
0
0
0
0
0
0
1090026
46036810
0
46788301
0
0
0
0
396495
18803778
0
0
533844708
0
134421
1002476
5218065
690900
1009277
0
830989613
25137595
0
0
0
0
0
0
3071481
0
6
0
0
0
0
0
0
36359128
0
0
0
0
0
34515586
30948778
9664606
14496420
0
0
0
20502406
0
0
0
140423315
0
0
14832181
0
0
0
0
71631
0
0
40091535
39041866
0
0
1577976
0
23663760
0
12298320
0
33670
10656036
0
18363033
10
3640951
0
0
2557191
0
27702846
12647935
40522503
0
0
0
0
22181130
0
374257550
0
0
0
0
11924286
0
0
0
0
0
18791515
0
0
15160771
0
1653471
0
0
0
1
36052786
0
0
0
0
0
0
0
6039550
120
0
569581
0
0
326770513
41655628
0
0
28663806
0
0
0
384174133
0
0
0
2671516
0
18395145
0
0
0
0
0
0
0
9143524
0
0
0
0
0
0
903
0
0
0
1088550
0
0
0
0
83845
0
656085
3915801
0
0
0
0
10394520
476530994
0
0
44684331
0
7336365
253
35049378
0
0
0
4119885
0
0
67161
0
49476378
0
17143440
0
7854666
32703828
0
0
0
0
0
15459580
3857253
2416701
0
0
6471003
0
253116
0
0
0
0
0
171
0
2423301
1540
0
40100490
4975435
0
21304128
1059240
0
0
12834711
48683778
0
0
795710847
0
0
0
13899628
3541791
36046
0
0
910575
0
965559688
0
0
38504700
36761025
373680
0
300
0
0
135137723
406
0
0
0
339021
0
0
5559445
0
0
130380163
0
946
2556
0
0
0
0
0
0
0
44722153
5440051
0
0
0
0
0
38513476
0
0
0
39823350
15204855
0
0
0
496
2073666
0
0
14469510
5289378
0
36495696
3034416
439453
0
136
62067490
18632105
16817100
990
0
2541385
0
205120
0
15907620
0
0
741153
0
18322431
0
0
0
0
0
269617574
0
0
0
0
0
3160
990
0
0
0
0
9629466
0
248079259
0
0
155961
0
0
0
9903475
0
0
0
0
0
2534626
20998440
0
0
0
532157524
0
0
67161
177310
0
12507501
43268253
2463090
3611328
1981045
0
635628
0
0
0
0
0
0
0
0
0
0
0
0
0
0
1169685
0
48358695
139502811
32437485
79829285
7467180
0
10693000
0
66795
39582753
0
0
0
1671706
0
0
3404745
0
0
190
0
50086
0
0
0
0
817163032
6947128
0
0
0
0
0
0
53122632
0
0
0
0
0
0
0
0
83028
0
545490
7982010
0
66
376278
8337486
0
0
7112106
0
0
9655815
0
0
0
990
0
0
120786
0
26082253
0
276
3605955
0
0
548628
0
12387753
78606
0
0
43950000
0
0
0
0
0
35049378
0
210
0
0
812265674
0
20894880
0
28876200
0
0
28406953
0
0
9765990
2556
0
14233780
24636690
0
0
0
0
276
0
557073037
0
0
0
0
0
0
0
0
1
0
3160
0
0
0
18027010
6025656
0
0
0
0
0
7263766
0
0
7378561
3061575
13246916
6554010
0
456158820
0
287958750
435
0
0
0
0
0
3321
28
18063055
0
5671
0
0
0
0
0
0
0
853471
0
0
9832395
0
0
0
15755691
0
0
4818960
0
396381686
0
1596
9537528
0
0
38574936
0
0
0
276
0
0
0
820
15
0
413938633
1149886
3828
3916
32131
0
0
0
6271111
0
0
0
36529878
14669236
0
0
0
30548836
0
5727420
153285648
0
44391753
1505980
0
25507653
0
0
2027091
20823831
946
6182886
40279800
0
411778
0
0
0
0
0
0
4180386
0
0
0
0
0
0
0
1202025
11783085
42585700
0
0
0
0
790653
0
0
0
2652217
0
16857721
0
0
11207745
0
0
0
1275
0
0
0
0
0
0
26787540
0
300
0
8534646
0
3003
0
11807370
14718025
0
4959675
4549636
0
109577540
0
0
0
0
0
0
44902026
0
4766328
0
40567528
0
1275
0
0
66
0
0
0
0
0
0
2734291
0
10091278
0
0
222131084
0
0
0
62319204
0
465
0
0
12987156
0
0
0
28573020
0
0
0
822403
22087981
18486240
2973141
0
0
11666865
36401778
259560
3752430
0
33142011
0
0
0
6140760
37701586
26053371
4766328
0
752850836
26802181
959805
20146965
0
0
0
0
0
0
0
0
415360853
694181339
3163870
1619100
0
0
0
15337491
0
0
0
0
39529386
0
519400066
66
0
0
0
0
0
0
0
6232215
0
0
0
0
0
34357905
0
0
513208762
0
0
0
0
6787770
0
4005
18419415
0
0
0
44354071
0
0
16643340
984906
5400541
0
8826301
0
2895621
0
0
0
3280641
0
17271348
0
0
0
0
0
3029491
0
0
510878
3260181
46788301
2019045
0
14881240
1485
0
0
0
48221110
16528375
30128203
344865
823409227
0
1011626777
0
105305231
0
0
0
0
662794454
0
0
1241100
0
1252153
22001661
1770
4671096
9380946
0
23677521
0
0
0
0
0
987886829
0
2648451
879538
0
0
852535010
1888596
0
231
115981348
0
2381653
41418651
0
0
32849565
0
0
0
0
17793595
0
0
0
47001360
10217460
0
28384345
0
0
0
253
13695
0
406
8390656
15
0
0
14658405
21232386
36290940
26597571
18292176
2680770
119316
14415765
0
2653056
1519896
1244253
0
0
0
0
0
0
0
18310326
0
0
23143806
0
18614151
0
0
27339315
0
0
0
1666674
0
0
4625361
25801336
2527876
1028055674
0
0
5734191
0
0
8847321
0
11113255
0
0
45319960
0
0
0
0
754606
0
0
0
663150250
0
11255140
4843828
0
6356395
23794651
0
0
45653790
0
351
0
0
0
0
12090
770585265
131259621
36
3549780
0
0
8559453
30027375
0
0
0
0
282271367
31193151
0
0
8489260
0
0
184050
16287778
0
89532049
0
0
0
39227653
0
0
0
20363359
0
0
13559028
0
0
0
4981746
3342405
0
21480735
0
0
1485
0
1857628
0
3828
0
0
0
35671681
0
2080
0
0
0
0
854308249
8284485
36692461
0
0
14799520
10
33632301
0
1540
34873776
0
946
0
820
0
73480077
23021505
12880
2016
0
0
0
0
0
12900660
10637578
0
0
0
0
16591680
0
136
0
13243231
0
13747146
25758253
0
0
0
0
55945
32135335
2556
0
0
8663203
7210503
0
0
0
0
40639620
0
0
0
5224528
0
0
654248684
0
0
0
630485828
0
0
0
351
0
0
0
101926
0
0
0
0
1176
750925
0
0
30580110
0
0
0
1275
0
0
0
0
18632460
5469778
0
0
153
1
14788641
33919966
0
0
0
0
0
22791376
0
0
3697840
8174946
9872346
36564076
0
0
0
0
3121251
0
0
0
0
0
0
533559325
35925526
0
29333970
0
28573020
73906949
0
0
0
0
3716901
505479243
0
0
467346697
0
0
0
0
2145
20412855
0
155403
1
15515235
5035551
37380981
0
2314476
0
844346736
0
0
0
0
0
3570
0
0
0
0
0
0
0
0
0
8501626
0
0
0
0
0
0
483610516
0
136
246051
1030649854
0
246841353
27613596
0
0
2602621
17901136
455535
0
0
0
0
0
26531970
31129995
0
0
0
0
84996170
0
0
0
0
0
0
31359240
0
0
0
1953
11734590
0
0
0
0
0
4513510
0
528
0
771857665
0
0
0
33272403
0
0
396528155
0
0
16919108
0
12502500
2641551
0
0
725956088
0
359429960
0
2628
0
0
0
47069253
0
0
0
226050588
0
0
38697239
990
0
0
33504277
43352016
0
0
2229216
0
45063271
0
0
0
0
2850
3396921
491536
165600
15166278
13145628
31517830
6456621
465
0
0
26451901
0
193753
0
0
903
158735339
0
276942226
0
8199225
0
32809050
0
8398851
0
903
0
3549780
760761
32437485
0
0
0
0
0
0
628881
0
0
0
10522578
300258381
20553666
6921060
0
0
117565467
0
78572374
0
0
561
0
0
2211
0
0
91
0
13444705
0
0
0
0
3570
9038880
0
530342185
0
16128360
31517830
0
0
0
0
10362628
38777221
4037061
17296021
0
0
0
0
0
5860176
0
31003875
263575654
0
325
0
0
0
33321366
0
0
0
3823995
0
0
0
0
157080
0
7918210
0
0
0
0
2917320
347361
0
0
0
0
741
6049981
0
0
0
0
0
136
0
1019485329
15171786
0
2403528
34565455
0
37950
0
0
0
5877306
0
0
0
27398503
7716556
0
197506
406351
27606165
0
46788301
0
37398276
91
0
2997576
0
0
473590600
45424746
0
0
11909640
0
0
0
0
0
38198170
0
0
136
7830903
4051281
191791498
0
0
0
0
0
0
0
34740280
0
253
0
0
0
9930196
1910035
0
0
0
19617167
0
49089186
2016
0
28271440
672220
0
0
0
0
0
20094630
28
0
0
0
0
4048435
0
0
31232656
703
3823995
0
453628
0
0
0
2080
11739435
0
0
6813586
0
0
0
4349775
57291
0
136
0
0
12767585
0
3983253
194376
0
306692994
0
0
34010628
0
0
0
0
2628
972928750
0
2021055
0
0
0
0
0
0
0
0
0
16139721
0
0
0
0
0
0
7405476
34731945
0
0
0
5137615
9157060
11245653
0
0
0
5795310
3714175
950847835
0
0
0
0
0
0
0
0
72390
39192231
0
17573556
3308878
0
0
1225
42389028
0
0
23725902
0
0
939135
0
0
0
12809391
0
0
0
2191371
0
0
0
2708628
0
0
0
0
0
0
0
91448035
0
0
13403253
0
0
16026291
1711
0
0
15
0
0
0
0
37406925
0
41400450
0
0
142364909
799220046
0
0
3227070
0
0
0
2112540
0
300
10330785
1971105
0
0
0
553909609
1383616
91
0
692210
0
0
0
0
0
0
0
0
0
2080
15515235
10167795
15188316
30027375
17343105
0
0
0
0
518023073
23663760
0
0
0
0
0
25187253
0
151525
0
0
0
0
17319555
849556
0
20113653
693815300
270480
0
0
41001040
19247910
633375
0
2902845
2886003
96141
36
0
0
111110913
0
1439056
0
0
0
23601885
3916
14706
0
0
0
0
0
0
0
0
0
0
5308911
0
0
0
101683534
225118757
0
0
21849355
0
0
0
6739956
0
0
948753
0
45567831
0
17102476
0
639109474
0
0
29595017
2080
23870595
0
0
0
1474903
0
40127361
0
0
0
120
0
0
0
0
0
4005865
0
0
973710
0
0
0
579310254
0
0
0
0
0
946
11350230
0
0
1035
0
19285155
0
16991535
0
0
0
25315170
0
0
0
153
39805503
741
0
0
0
819840
0
5105610
579426
0
0
12184516
0
0
0
1540
0
8431671
759528
4604095
0
0
3595221
0
1007490
0
0
0
0
0
189903197
0
0
836605729
9191328
1610115
0
0
4896885
36
0
0
45291403
0
2985346
0
0
0
358971854
43286860
4516515
16111326
371091
0
0
4122756
0
938640407
0
0
616838022
315916530
0
6478200
196636680
0
2975580
0
0
1008910
46778628
0
0
0
0
0
0
846388895
0
0
0
7244721
0
0
28
0
0
1142316
0
81488162
0
0
0
0
0
9563751
2530125
0
0
0
0
0
36256870
0
6699630
12880
0
1770
0
4011528
0
138587043
0
27184251
0
0
0
0
19590670
37234135
0
0
3370113
36778176
0
0
0
5140821
7146090
0
4850055
0
0
0
0
0
0
11604153
0
279077735
241973272
0
0
0
0
1362075
0
0
0
0
0
0
0
31900078
0
0
0
0
0
4828241
0
0
0
0
0
0
21395611
46943205
0
0
10586901
0
0
9823528
0
0
21520080
5556111
0
0
48205
0
33829425
1275
0
15
55
0
0
0
18395145
10550121
2607186
0
0
18346653
994755
17419753
0
0
0
0
0
0
0
0
52548198
0
0
0
0
1637145
0
0
0
0
0
0
0
0
0
0
0
0
0
3240
561
35504599
400975348
0
0
1275
0
1128
0
1544403
0
8183035
0
0
0
0
0
0
0
0
0
0
0
3321
0
3520531
81088757
0
0
26313885
0
0
386124066
0
0
0
8481021
0
0
2494261
0
0
0
210
0
0
0
0
0
0
0
0
0
0
12382776
0
496
0
181503
3376101
0
0
431148503
0
0
0
0
0
0
0
37096191
946
0
0
0
8999403
2536878
3081403
0
0
18883585
0
145969131
0
0
11188815
0
0
0
0
0
2080
2493992
0
0
56616
0
17260750
0
15753
0
990
24742095
0
5341546
0
0
0
0
0
0
0
190
0
0
0
3941028
0
0
0
0
0
0
0
0
270480
0
0
0
0
2900436
0
0
6189921
21506961
0
0
0
0
0
0
0
1275
0
0
0
973710
0
0
4850055
21981765
0
0
11536806
0
14550315
0
0
0
0
0
0
0
4787965
0
0
29265075
0
0
0
16904205
35401905
45015816
0
0
24323662
703
0
105570
0
0
0
0
0
0
0
0
0
223431543
210
17449278
106030
26956153
0
0
0
0
0
144390008
1260078
0
0
0
0
0
0
0
0
0
0
0
0
5778300
0
34068385
0
622170
0
0
0
2187186
8443995
0
45339003
0
0
741099133
49585861
0
15930190
20849653
253
0
1376970
0
2065528
0
10528653
21349845
0
46056003
646953
22461753
30885870
0
0
0
0
0
5266635
0
0
0
0
0
0
35950960
93649236
216811
0
0
362267793
11089695
8876791
2139346
0
0
723003
0
968136
3386503
0
0
25208550
0
2080
0
2145
0
0
0
0
3321
2485
0
43361328
91
0
0
0
0
192924511
0
11860885
0
0
0
0
0
2244021
0
16422639
0
3240
0
0
0
0
0
0
0
0
14485653
36701028
2570778
0
0
0
517653
0
0
0
0
0
0
0
0
502867046
444663998
0
0
898470
0
31932036
2600340
0
0
33329530
0
7172578
245425385
14707176
103545728
309784
0
28113751
561
9805806
1082656
15051
35790030
0
0
3
39086061
0
0
203704648
0
0
0
574056
1275
0
33710446
3665278
0
7834861
0
4815856
0
0
0
0
0
27769878
0
7970028
0
1233235
0
0
0
0
0
535095
69615208
45
0
0
273430
0
11374065
0
0
0
2383836
0
0
3655
0
0
11604153
1054878
0
0
0
8086231
0
0
0
0
17626953
2694681
14228445
0
0
973034816
0
0
0
0
1326
0
0
0
0
12342996
0
0
6817278
16505385
3570
0
0
829089171
0
0
2463090
2922153
0
0
21500403
14772330
139648773
0
773118373
8843115
0
0
0
0
6641190
8187081
0
685273938
0
3725085
133386
0
0
0
0
0
630003
0
0
0
0
0
0
0
0
427350
0
0
0
0
0
31876120
0
0
0
16219360
0
0
0
44890653
0
0
14903070
0
0
712250323
172666031
1775670
300
1168156
0
0
90864101
300700
24967711
0
7321051
0
7157436
104722714
0
0
0
0
0
35385078
18346653
0
48526026
0
17686378
0
11575266
0
0
0
0
83028
43575780
0
0
37701586
1343980
0
1272810
0
0
0
0
0
20393691
0
36
0
0
0
0
0
5037283
153566485
0
0
0
2715615
31844190
579438
0
20158075
105
0
10536345
0
203203
486013587
0
2434321
875384438
0
0
0
0
0
0
0
0
24259095
378
0
2628
0
372816
0
0
13825911
0
0
2561716
0
902386276
0
0
0
12703801
0
0
0
0
24078330
0
37078966
27762426
7567995
0
0
0
0
0
14864878
0
0
0
903
0
419438488
0
0
103498969
0
46200078
0
0
0
0
36718165
0
38285625
0
0
15138753
0
0
0
0
0
6798828
0
0
0
0
0
0
0
845933610
36
4689453
0
709954287
6463810
26619456
0
0
30027375
0
0
0
40522503
0
0
0
18791387
123259073
0
271953
35149920
2342530
20804475
0
10464415
0
0
0
0
0
0
13084170
0
46585378
1830
0
0
0
3565785
3462396
0
780
0
0
0
3081
0
0
0
31208950
0
4096953
1500778
0
0
0
0
0
99375037
0
3486
26176230
1537381
0
7626
2278
0
0
10226503
0
0
0
0
31161565
92655929
2080
0
0
18425485
0
0
33215325
0
331327354
0
0
0
0
613278
105
0
0
0
10221981
6377806
0
425503
13932354
0
22515405
0
0
16465191
0
8394753
0
0
0
0
2187186
0
0
10444735
2850
0
130225058
300
0
30815175
0
0
0
0
0
0
11924286
225319859
10925475
0
0
0
2607186
0
0
35578830
791911
367257096
1
28233855
0
0
427786321
0
386760
0
0
0
0
0
511566
8555316
0
0
28663806
72010
0
15795010
0
0
0
0
0
0
0
7898325
0
11005086
8646
0
45
0
271216
0
0
0
0
0
0
119857337
0
0
136
45864253
0
0
49168486
378
48486628
0
1028895
0
66
8910531
0
16836
6098778
0
0
0
21402153
0
312445
0
0
0
0
0
14034034
0
0
7791378
0
48181836
8805306
0
0
0
0
47001360
32971260
0
0
0
0
0
0
0
0
0
2593503
0
28823028
0
0
2261001
10906785
28467285
0
0
0
44231715
0
1035
0
0
990
28
0
0
0
0
0
2039190
2080
198765
0
0
0
0
0
35730831
60249
0
0
0
0
27747525
0
0
0
0
0
18171406
0
0
0
0
0
0
0
0
0
0
0
9033375
0
407347528
0
0
0
0
0
0
3412578
0
10041921
0
977901
0
39130281
0
1592220
0
31082670
0
0
0
0
37979970
0
33574915
0
0
0
0
6824665
0
5195476
0
0
3056628
0
0
4223871
32898216
2697003
0
0
0
0
0
1711
0
0
0
0
0
0
0
8370186
0
0
0
0
136
0
0
12467521
1485
0
0
0
0
1230156
0
0
0
0
0
0
0
0
0
0
9320403
0
0
0
0
0
0
935028
0
0
479710
871860
16213665
0
48822021
3352755
0
0
741
0
0
0
29280378
23546953
0
0
0
1176
0
1569106
4753986
0
0
0
0
0
0
0
0
0
8927425
0
0
0
0
0
0
264628
0
0
32825253
0
14884683
0
0
47253781
21043828
13017753
0
0
1975078
0
0
0
421821
1540
9669003
0
0
0
2342530
0
0
0
1209790
0
33313203
0
0
0
0
0
24259095
0
37355046
45
0
300
34076640
0
0
686206
35469253
11517600
0
0
0
0
0
0
0
39440521
0
6151278
0
20920746
14378203
0
1326
0
2881200
0
3160
0
0
0
20100
0
0
0
4142881
140715
0
0
0
0
1095940
140715
0
0
0
0
2639253
21968506
0
3525840
0
47975910
253527802
0
0
0
0
78961359
3160
350527215
0
26270376
0
0
0
0
0
49168486
893116
0
300
0
0
13434336
0
0
3963520
820
2919736
0
0
0
1222266
0
0
0
0
0
30307005
0
33109453
0
0
0
171
0
0
0
940059098
688426
7055646
8390656
1929630
0
31804300
0
0
0
0
0
0
0
0
16799706
18718021
333336
0
0
11445391
0
990
7059403
0
43110255
0
781875
0
0
4273426
189741599
7521381
0
0
0
630
0
37467496
0
0
0
0
21506961
0
0
0
202566
0
1830
9695406
12720
0
1
175151927
0
0
0
0
3821230
0
0
25708035
1635336
0
0
0
47146905
0
0
0
0
295296
91
0
0
6514245
10508820
0
0
0
18231741
14480271
8006001
0
0
0
3433510
18650778
0
0
0
0
9333360
1413721
4775595
0
0
38399466
20177128
0
32614926
0
41575661
0
2692360
0
0
0
0
2129949
3293461
0
2379471
31098441
0
965103
0
45931320
29610360
0
0
0
0
0
0
10440
0
0
750445320
0
259348390
14058253
0
0
0
0
0
0
0
0
0
0
0
0
0
0
13444705
0
0
0
246967521
0
0
16242150
0
0
0
0
0
5321953
0
0
0
733032899
0
0
7970028
14968656
0
0
0
0
0
0
1275
1324378
903
0
0
1509453
0
17973010
0
37945116
0
45272370
0
0
0
0
0
0
0
78
300
18117190
0
0
0
0
0
0
0
0
0
0
24293935
0
1961190
48358695
38549438
0
0
8215431
0
0
0
16447980
0
0
0
0
0
394716
0
860262982
0
0
0
48828
330078
1035
37476153
0
0
47555628
0
0
0
783410853
0
0
0
8300775
0
0
0
0
0
42352206
0
14523355
2227105
0
0
0
28185323
0
17615080
0
198135
0
824970
0
0
0
51712012
0
219478763
1008910
0
1
0
0
0
925665677
0
0
0
1051975
0
0
2926
0
0
0
0
951510
0
2902845
0
0
0
1214461
0
0
30073890
0
8468670
0
0
0
0
0
0
0
0
0
0
0
21004921
3270403
0
0
0
0
0
2655360
2080
1176
0
0
160294465
0
0
0
0
0
20119996
0
0
47863
0
0
23691286
0
0
13109760
0
0
0
0
36307981
0
0
1701090
0
21770101
0
0
0
401880315
2278
13799631
0
0
2715615
0
874635912
0
44253
2907666
0
0
0
0
0
0
780
629579720
0
0
0
2080
0
0
2628
0
574334109
0
0
47917155
0
0
0
0
0
0
0
0
11278875
0
0
0
0
0
25794153
0
0
307757278
0
0
13171278
0
0
1035
4022866
14690910
0
1275
0
3608641
6474601
0
0
36666766
0
0
1154440
0
0
0
8402950
0
13794378
3885078
0
1485
820
0
0
255554647
0
0
18358770
0
30642706
9609781
0
0
0
34076640
0
0
10
210
0
0
0
0
0
0
0
21251940
52596927
0
0
0
0
0
0
1355481
0
0
595
0
9298828
0
0
0
0
0
0
1937496
0
0
0
0
0
10104760
32987503
0
0
1904176
0
0
3470295
990
58455
48309535
231
5532801
0
356766929
0
48230931
0
0
0
0
33215325
0
25308055
22522116
0
317954790
25700865
0
0
0
0
0
0
0
0
0
0
3509925
190
0
305818477
48881328
0
1
0
27420715
0
0
1908081
0
0
0
0
0
0
0
0
0
32413326
45272370
563991600
0
16156770
0
30988128
0
0
0
2120770
0
0
0
28550346
0
0
37216878
2701
0
6216
0
30322578
0
0
3081
0
24904153
0
994755
446273086
542361
0
0
0
0
0
741
0
0
0
0
0
0
300
131405212
1711
0
0
0
0
113083838
0
283128
0
861
0
5483016
0
0
0
3916
0
0
0
0
0
0
0
0
0
11009778
15039870
21618600
154290
6098778
0
0
0
441390971
2831010
0
1540
1
24002056
0
0
0
0
3823995
0
0
1431
0
0
6
0
1205128
22127878
0
25743900
0
0
0
0
2080
0
0
0
0
0
0
0
0
0
3681541
12264706
2145
0
4288056
0
26582986
35942481
35477676
0
23005
0
0
0
317635648
12673095
26393745
2293011
276942226
0
0
0
49950704
0
34515586
104196
0
0
21
2212356
0
0
0
0
0
2080
0
36743878
4028541
1225
0
0
0
48407880
0
17354886
14164503
0
0
91
325
1832655
0
0
0
314092371
5984070
0
0
0
0
0
214474074
1544403
528
0
0
1284003
0
120
8876791
0
0
0
0
25593435
1081
9450378
0
0
69905783
8978203
0
0
0
14582700
276
0
8990920
0
2415
0
36649641
4965976
0
0
0
0
3587181
19006695
0
9182755
0
0
0
0
0
0
0
0
30501955
0
2895621
1540
0
7263766
0
0
0
0
0
48152391
0
0
18531615
0
11763675
8018010
1949325
165819911
3034416
0
8509875
0
0
961191
0
741
0
0
0
0
0
0
1953
0
0
49585861
0
3017196
0
3828
0
0
0
0
0
0
14690910
3240
23718828
406
0
0
3221991
296978201
0
0
1431
0
10280845
0
0
0
0
0
0
4411935
0
0
0
13012651
2080
0
25779790
21128250
0
42628761
0
0
0
0
47011056
1176
6517855
0
0
0
0
19297578
0
13171278
23843043
327645
0
0
0
0
0
25636380
0
91
0
0
800933301
0
0
0
5234230
0
0
210
6445845
391170
15559831
1160526
6769360
595686
0
0
0
0
0
0
0
0
0
0
0
60031
0
6891328
0
0
0
0
9520066
0
0
0
0
0
0
17817465
31272186
623161501
0
0
5410405
1016904917
0
0
0
0
0
0
88410
0
0
0
12422620
46865721
0
0
19678401
0
0
0
1206681
14121955
0
0
47428930
325
0
0
0
0
0
12779040
0
12753775
0
0
0
0
19247910
47536125
0
0
0
27028
0
28441
0
10
0
0
0
10911456
0
0
18437628
0
8684028
190
606651
5863600
9585631
0
0
0
0
1230096
33665115
0
16304905
10540936
2485335
0
15
3059101
990
0
0
38671615
1486950
5852319
0
0
0
171
0
0
0
0
4171716
29533455
0
0
0
0
46286631
1712175
0
14132586
0
0
0
0
0
0
0
0
0
3579150
0
0
0
1691880
0
48535878
0
22982065
4186171
0
6902470
0
0
0
21730528
0
3168903
0
0
2080
8276346
561
0
21945
990
0
0
7603050
14399661
1969120
17325441
18932781
2278
0
0
162576464
1345620
0
0
253116
0
23273253
10
36803910
997610048
18310326
0
0
0
228861886
10874116
0
42481153
0
0
12145056
0
0
0
3
1953
903
0
1777555
0
0
17003196
0
39600550
136
0
0
0
773146
14378203
47633680
0
0
23677521
0
36216
0
0
25003056
2239786
0
0
0
0
0
5740966
0
21579165
0
237407270
0
0
386668817
30548836
0
0
0
0
28001386
0
21089265
0
30104920
15964075
0
0
14313925
108345
0
0
11132121
0
0
0
0
0
0
0
0
99681
42934011
6303025
0
15226921
5393970
33687
0
1176
0
31027503
0
495510149
0
22368016
0
0
147153
11293128
0
0
0
0
0
0
0
0
33670
46952895
0
0
0
7614753
15254526
0
0
0
0
0
28
0
7779540
0
0
0
0
821163560
25959615
0
25679361
12668061
170820
0
0
8014006
0
0
11402700
0
0
924120
0
100215882
19446966
0
8448105
0
35149920
0
0
0
2614041
0
0
15404025
0
1136278
0
565156
0
0
0
2521135
43585116
311936218
0
0
1081
259560
900708
0
0
0
153
0
0
0
0
20177128
0
0
0
0
0
0
19093110
256686
0
0
0
0
0
3570
0
0
0
0
0
0
7878465
21232386
0
0
34250226
2724945
0
0
0
0
0
0
24266061
0
19590670
0
0
0
23220
0
34765291
0
0
0
15260050
0
0
0
9385278
0
0
1275
791911
0
1497315
0
0
0
17597278
0
0
0
0
119972979
0
0
412359991
924120
8292628
0
0
18966007
20432028
3081
0
593505
0
0
91
282376
0
0
2775
0
489189650
0
0
0
0
300
0
0
0
153
0
0
0
0
0
0
25700865
0
0
0
0
0
378885
0
5825991
0
0
0
9524430
3004926
2663695
0
0
0
49247850
0
0
0
1596
22798128
22649815
79800
0
174936
0
0
0
0
43659840
13043278
0
0
528
42486
447207660
0
149331
0
0
22690216
0
0
0
0
0
0
0
0
0
0
0
0
0
0
0
0
0
530954831
0
0
45348526
0
28301526
0
0
0
0
0
0
0
0
0
374545
0
0
0
0
5921961
0
0
0
47321856
0
19365976
0
0
1176
17190316
0
29372280
0
3600586
0
0
3580717
0
0
0
0
1673535
2145
0
0
0
0
0
1431
0
0
0
0
0
0
0
0
0
393222749
0
33755436
0
924679639
62481
3176460
0
0
0
469838592
125250
0
155961
0
0
66
2346
0
0
0
0
1725153
0
6232215
0
0
0
38381941
284635
0
0
9581253
0
0
0
28053795
63758608
35722378
276
0
0
0
25462214
24573555
0
0
0
29472003
0
0
0
801824470
0
0
38715600
0
0
0
12056505
19503
946
497708027
0
0
0
0
0
0
0
0
340038374
0
0
0
0
19347310
1131760
0
0
2278
0
4273783
0
0
8995161
0
216153
212226
0
915058631
0
0
0
26677860
0
0
3003
0
0
28278960
0
0
0
0
0
0
0
0
0
340666486
0
16875145
20202546
136
0
91
191890
0
0
37329120
0
0
0
0
0
0
0
0
946722090
0
3093828
0
1596
6791455
0
635628
0
0
0
0
0
0
0
0
0
0
0
0
0
38566153
45
1770
0
0
1211346
0
0
11623431
0
18413346
48930778
0
0
0
0
0
147153
0
34478650
30478528
0
0
21
0
4267581
16730220
0
2143485
0
0
3882291
0
0
0
0
0
0
0
0
0
1275
5812345
30291436
5198700
14838387
0
43225292
1648020
0
0
895791
0
0
0
6865365
0
0
12607731
0
0
5007030
2222886
0
0
0
34397211
0
0
0
0
14111328
0
0
893480312
0
0
0
0
0
8910531
0
741
585544175
0
0
0
0
45386628
0
2299440
0
0
0
0
0
0
9075930
0
0
0
1830
0
0
0
0
39529386
29387611
0
0
0
0
27956503
26096700
1939465
49805190
0
0
0
0
15
1624503
0
0
0
0
24629671
0
0
27687961
289169545
32890105
35334621
0
0
0
0
0
2898028
0
0
0
0
10874116
4231766
25672195
0
0
0
0
0
0
0
0
47375063
0
0
0
0
11151003
38759610
11846278
0
0
3
0
0
0
2970703
0
11014471
0
308505
33223476
335153402
0
0
0
0
0
2797795
2556
0
0
820
0
0
79305920
9290205
0
1540
5509540
0
0
0
0
0
0
10596106
0
7862595
0
0
0
13176411
0
2080
3828
0
31972006
0
37248143
2643850
1811656
0
0
0
474825
0
0
1275
0
0
0
0
0
153
3622086
16689753
384665510
2080
0
0
6604795
76884089
0
954753641
0
0
0
0
0
495132268
300
1353835
89491053
0
1585090
0
0
21069786
0
648091
0
16892578
300
0
7309576
0
24805446
244344623
6674031
4555671
1762503
0
0
0
0
351
0
1570878
0
0
17955
19540626
0
0
0
0
1993006
0
0
0
4582878
0
0
2139346
0
0
0
317888808
0
4637535
0
276
300
0
0
0
8122465
0
0
0
0
0
0
18650778
13027960
0
0
0
3160
17751861
0
21141253
0
20502406
0
0
4747821
1000214963
20483200
0
0
1710325
0
1275
0
0
2926
5785101
0
4900015
6070870
571263538
0
0
0
1261666
0
29687365
0
0
492913611
0
0
0
0
0
2080
11865756
276
50819667
9255753
0
6025656
0
0
0
0
38980035
0
0
0
12905740
1431
0
3943836
3486
0
0
0
0
0
6317235
0
0
19117836
0
0
0
0
3133756
258121
0
0
0
0
0
0
192510
35217028
0
0
0
325
27919128
36001855
558096
0
21382530
0
0
4613203
741
0
0
0
0
0
0
0
0
0
23849871
0
0
0
22926606
0
0
11628253
0
0
40720800
0
8952796
0
2556
0
595
0
0
2467531
0
22327903
0
18057045
0
0
0
0
6313681
46875403
0
0
568303826
0
0
0
0
1588685
0
946000
0
0
0
0
0
0
0
0
0
0
2013021
0
0
0
0
10948860
0
0
0
110409045
0
68635
0
0
0
0
21343311
0
0
0
0
0
0
6333995
41948220
0
3873936
0
0
0
0
0
708725439
0
0
0
595
0
0
0
0
0
0
0
0
0
2425503
0
15
13038171
11198278
2850
0
1130256
44646525
30974667
0
930949177
300
0
0
0
18735885
1176
0
0
0
0
78
0
0
0
0
533028
0
0
0
0
30097161
5198700
433271864
0
12189453
1985028
0
0
1148370
0
0
0
1431
0
0
20158075
11240911
3828
0
0
0
327088678
0
483956776
0
0
0
0
635502619
0
44025036
23653
0
0
0
0
0
0
29849401
0
0
812547338
0
520710
19829253
2080
45854676
0
36585
0
0
2661745
0
0
0
0
435711
142311
0
5151
0
0
671061
4200651
3828
0
58526266
0
0
0
0
0
0
0
26450912
1485
0
990
0
3938221
1040403
0
0
20901345
0
0
0
0
4931370
415416
10568503
0
0
0
0
0
3828
0
209804357
0
0
0
426218
0
0
0
0
4091230
0
42159153
9850141
0
0
0
0
0
0
0
124251
0
0
3
0
50033389
6880195
0
0
0
0
0
946798561
0
1653
0
0
0
6902470
0
12910821
0
0
0
25329403
0
0
0
0
0
0
0
0
0
0
0
1188111
15006981
1514670
42306201
5795310
0
0
0
100549913
0
30775935
0
0
21
46730278
0
0
0
0
3828
307720
45940905
5946076
21141253
0
0
44137710
0
0
0
0
0
0
3782625
0
0
1275
0
2556
0
0
0
5060971
0
537294711
0
0
0
23341528
2584401
18632460
0
26546541
102562575
746477239
3475566
0
5856332
0
27331921
12090
0
0
0
0
516125460
2203950
152539521
1275
0
0
519690
0
0
2256750
0
0
0
0
33052515
9212778
0
0
0
11914521
0
561
0
0
2023066
0
0
709836
105
0
0
0
21526641
0
0
0
21336778
30319736
0
0
564697465
14957715
3828
47858436
2869210
0
0
0
23808450
41838378
0
379374137
12992253
0
0
0
0
0
6435078
0
0
0
0
78
698945949
1033247597
0
0
368778791
960541123
10559310
0
0
581146759
6507028
282376
0
3533811
19722340
0
125857322
0
241100308
0
0
15100260
0
0
1276003
0
0
0
0
0
11278875
0
0
22101276
0
5984070
0
0
0
0
39192231
0
446149304
0
614386
0
0
0
42149971
0
0
0
1353835
0
0
0
1060696
105617148
0
0
0
0
0
0
780
1127251
0
0
0
0
2556
674707766
9832395
231
11207745
0
0
0
0
31908066
0
2831010
440056387
12627825
0
105
2114596
0
47946528
0
135460
1485
170236
0
0
963966
271240415
0
0
2561716
0
3081
14848525
252791668
0
0
19709781
0
0
0
0
0
0
0
0
80601
31509891
0
0
31764435
0
0
0
267546
197506
0
39743070
0
0
0
11061456
458646884
0
5629690
13522600
14783203
15885066
0
3766140
0
0
0
0
0
0
0
0
0
0
0
0
0
2628
0
0
0
0
0
0
864633
0
0
0
57216766
0
0
0
0
9389611
0
678030526
0
0
14399661
0
4212253
325
3003
0
0
7793437
0
0
0
0
10897446
0
15
0
0
0
41838378
0
7149955
0
0
0
0
0
24106096
0
0
0
0
0
0
0
0
0
0
0
0
0
0
0
4209351
4011528
30876
0
0
0
0
0
0
25329403
20291635
0
0
15215886
0
0
33632301
0
0
0
0
0
0
39060
0
45
0
0
13731571
0
0
0
0
0
0
78
0
15
0
960856917
44949421
3321
2762425
7533021
0
0
0
0
0
10145260
0
27361503
2396955
2445366
35925526
0
0
0
63588463
0
0
0
0
0
0
0
0
2541385
0
25930801
0
0
0
0
0
0
460320
0
0
0
2403528
0
0
21343311
20919030
0
703
0
0
0
0
0
0
0
0
253116
2003001
38548590
0
0
0
17591346
0
135981
0
12017253
0
0
0
31446415
7657741
0
0
13553821
962578
0
0
0
0
0
41555286
0
534061
0
0
45797235
0
9717436
667590
0
0
1953276
0
3081
13883815
0
0
666435
0
5195476
0
28444653
0
0
0
0
2057406
1711
242681210
5486328
0
0
0
0
0
0
0
0
349735919
0
0
0
0
35866215
26824150
0
415411151
0
3686970
3828
15
0
6525078
0
0
0
2299440
0
0
30174796
0
0
11245653
8001
1124250
0
0
37329120
0
0
0
11028556
14047650
24189490
0
0
0
0
4305645
0
0
13861
0
0
0
0
41984866
0
0
0
0
5579470
0
755882579
0
0
27398503
0
0
0
6750975
0
0
0
0
0
0
936637072
0
562330
816003
22267801
0
44835715
0
0
2256750
0
0
190
0
47331585
198135
3386503
0
0
0
0
0
0
0
0
0
0
17751861
6604795
0
0
0
0
0
0
0
27265420
0
0
2757726
35410320
574794223
0
0
38487151
0
0
43828203
439453
0
0
221445
0
0
22194453
0
0
0
814726
33994135
0
42398236
0
0
14031753
49825153
0
0
0
0
0
0
314497649
41300416
0
3227070
0
0
0
0
16863528
0
216391979
0
0
2850
0
0
0
17805528
0
0
69378426
0
180402437
0
0
0
0
0
0
0
34117930
6313681
22791376
0
0
0
15265575
0
0
0
0
0
0
0
202566
0
44253
0
0
0
0
12725041
0
4468555
0
0
0
0
0
0
260662865
23220
385003
1388611
25995655
0
21193305
0
26963496
0
0
0
2278
0
0
0
0
0
0
12512503
928484643
0
0
0
0
109
0
0
3828
0
5344815
0
1380291
0
43184571
470507773
0
17805528
3486
33345861
0
0
0
0
0
0
0
0
62756276
10563906
5744355
0
0
0
0
43809480
0
21321
0
0
125250
0
38724400
3265290
9603153
0
0
0
0
0
0
5683506
13652925
0
0
0
2926
1380291
2241903
15632436
780
0
0
0
0
58280852
0
1176
0
13496610
0
0
6776721
21
0
0
0
10762480
0
7328706
0
0
0
0
18468003
0
0
0
0
442270
0
9320403
0
0
0
613278
0
0
3570
88575
292230
0
0
0
1891
113526
117855
24217320
0
129286
0
0
0
2071630
16089728
0
0
0
40639620
0
0
0
0
42186705
0
262450
0
0
0
0
0
0
0
0
0
0
23478378
54787801
0
16058079
0
1540
0
0
0
23746386
15254526
0
476776
0
0
0
0
276
0
23405069
0
0
1770
0
0
253
0
0
735078
3916
51365049
0
0
0
0
10787314
0
0
39680686
0
0
0
0
0
1615503
34068385
2556
3486
0
0
0
0
0
62659397
0
0
19615716
0
0
0
4806027
0
29957670
191890
64723371
0
0
0
0
0
0
0
1556730
43017450
21737121
0
0
15710815
0
0
0
0
0
0
0
0
5172309
0
0
0
6133753
0
39653965
0
14021160
0
0
0
0
0
0
639015
16764945
823258580
0
0
0
0
0
0
0
0
33484836
0
0
628881
0
22127878
46991665
2809245
2415
0
0
0
0
1485
0
1003994826
28
45596475
561
0
0
0
5846490
347361
0
1431
0
0
0
285390
0
45405685
0
21441426
0
0
5230995
0
0
0
0
0
0
0
0
0
142311
0
26384450
79800
0
0
66
0
8717400
783126
0
0
0
0
915404063
1953
0
0
0
0
0
0
20202546
0
33085045
0
17009028
0
6460215
0
0
0
0
3963520
972315
0
0
0
0
0
0
0
0
0
0
0
0
0
2346
0
0
0
347559590
0
0
0
27036981
43184571
20018628
0
1018878
0
0
12017253
3118753
8006001
8047736
0
0
0
0
35267401
0
4420851
325
0
0
0
0
0
190
4290985
7146090
0
46084800
43417221
0
0
0
0
0
21
2767128
0
0
1408681
0
0
0
0
34060131
0
0
2556
40657653
0
0
0
14750596
0
561
0
0
204115911
0
0
0
0
93131754
0
0
0
0
0
0
16805503
2982903
0
0
0
0
0
0
741
0
0
0
13109760
0
0
0
0
406
1611910
0
0
0
0
232221
0
0
0
0
0
0
108870179
0
903009480
0
0
0
0
0
37718955
0
0
16875145
0
0
0
0
806033193
9225660
0
0
0
18932781
3012285
0
0
0
0
0
10308070
0
2016
16776528
0
0
0
3873936
0
0
0
0
0
0
0
2199753
0
0
0
0
1540
958543160
0
23150610
0
5781700
12880
0
0
0
0
0
40675690
0
43959376
0
854768282
0
0
0
7599151
0
0
0
0
0
851535372
9810235
0
2416701
0
3091341
0
46142421
4157286
0
0
3982968
0
0
6442966
0
0
0
0
44259936
0
0
17496570
0
9555006
0
0
0
0
0
216811
0
0
70125
458826913
0
300
8082210
1326
2145
66
0
0
0
0
0
741
0
0
47278
16834503
0
0
40874361
0
33739005
0
24310
1143828
113402341
0
0
0
0
0
0
0
7010640
0
0
0
0
0
4054128
2628
0
0
462687511
3560446
0
15800631
190
0
0
0
5952975
0
741
0
27494820
741
0
23492085
12880
1530375
0
147494523
0
0
0
0
0
0
0
0
0
0
0
56280
0
0
0
986403661
40549515
0
85491
731218978
1275
0
0
0
0
0
0
0
0
0
19422028
0
0
0
0
0
0
1431
0
2080
0
0
0
453628
24029778
0
0
0
0
0
0
0
0
0
0
1003018058
0
0
0
0
0
0
75426929
40594555
0
0
27302355
0
0
0
0
0
0
6345703
22014930
66711866
0
141558758
42906216
6441
16190895
200854530
0
36290940
0
5318691
0
1711
86864176
169653
0
2080
0
0
0
1151403
40145280
877474066
0
43837566
351
21428331
0
0
0
0
0
0
0
0
0
0
0
3039345
0
0
0
0
5805528
0
0
37199625
0
0
0
0
0
0
496
12095821
0
14095395
482380626
0
10874116
0
32052021
205311574
0
0
36315
6528691
0
0
0
0
0
0
0
0
0
0
0
0
0
0
0
3131253
0
446985
0
476975797
0
0
7583565
0
0
0
0
0
3828
44722153
0
0
186076751
42601065
0
33313203
6906186
0
812175
0
20310751
0
2936676
0
0
266036356
0
0
0
0
0
832695
0
0
0
0
6736179
0
0
0
0
0
0
30314791
0
0
0
0
0
0
550949460
3486
0
30104920
10417330
0
0
848253
0
780280725
0
401050964
5680135
0
0
644668917
0
0
0
696386423
13361865
25857721
14428525
45215295
30674028
0
39086061
0
0
0
0
0
0
0
0
0
323836945
0
0
191271
0
11560836
0
0
0
24636690
2096128
0
0
1915903
0
23348361
0
15225
0
0
0
41273155
0
0
0
44674878
496
0
0
91
0
1596
0
0
0
0
0
0
0
0
0
1
0
0
358282482
0
0
0
0
344550838
12900660
2919736
0
2172570
0
0
21304128
0
0
0
0
0
0
0
6510636
820
0
0
0
0
13449891
0
28181278
0
0
0
0
0
613278
0
0
0
0
0
0
0
0
0
0
0
24119985
0
0
656222697
630
255269227
19936455
11478632
0
0
0
0
48230931
0
0
8717400
44325820
0
0
0
0
0
0
820
0
8223540
0
0
0
12537528
0
25180156
20910
0
0
0
300
0
676866
0
0
0
0
0
0
55
0
0
0
48496476
6154786
0
25909201
0
0
0
10962903
0
13203
0
0
0
0
0
91
0
0
300
0
0
0
25643541
0
2676141
0
14313925
0
0
0
14963185
0
14535
0
215496
0
0
21117
47292675
8567730
3921400
0
1953
44712696
0
0
0
443398813
25923600
7221900
0
0
41418651
0
0
340725
0
18261946
0
0
0
0
0
25686528
0
0
683092
0
5380840
0
0
0
0
0
0
9007890
0
0
0
0
84284892
20189835
9406953
0
0
23273253
0
0
0
0
0
0
0
0
984906
0
0
0
0
0
0
62469053
3143778
0
0
0
667590
415147055
0
0
0
0
0
0
293647361
0
0
0
0
0
19553131
0
0
0
432942
16857721
2755378
0
23218705
239035
0
0
0
15116751
3465028
42195891
0
0
0
630
7681240
0
36915528
0
0
0
0
4382280
0
0
0
0
849806815
0
22649815
29787621
0
42545700
0
0
0
0
990
5506221
0
35739285
0
0
1415403
0
0
0
0
0
0
41984866
7382403
0
0
0
0
0
0
39387250
0
0
9320403
0
0
2492028
0
0
11502354
0
2425503
6
833986
0
0
0
0
0
0
0
1473186
0
0
903
174345
0
0
17668540
0
0
0
561
2338203
0
0
39564960
0
30307005
14191128
444153
0
0
8489260
0
31652509
0
20019256
0
0
0
0
0
0
0
0
360825
37606128
0
457307631
4465566
0
1035
231922268
0
0
912679649
0
0
3285766
8755020
0
3916
0
47936736
0
0
0
95703
153
11841411
0
0
91
0
6843150
42776625
1753128
0
0
0
820
0
0
0
0
36
41010096
1054878
26539255
0
43585116
36333550
15
0
0
0
0
0
0
0
0
0
0
0
0
0
0
0
0
0
0
0
0
78
24925330
0
0
17020695
0
0
0
0
2080
0
0
0
127765
1461195
16568646
0
0
0
0
0
0
66
0
0
0
0
0
4163055
0
0
0
0
0
28361746
6517855
0
0
0
0
406
16051917
0
0
0
7127200
0
8973966
2231328
0
0
0
5942628
0
34716
47692261
70874577
0
0
0
0
0
0
0
452849132
0
0
0
0
300
0
4400061
0
0
34815340
0
0
0
0
0
0
0
0
0
0
27391101
12095821
1653
18147300
0
0
0
0
0
0
0
28
0
0
2096128
0
17757820
39289680
0
0
18528828
0
0
0
0
0
0
0
0
0
0
579426
0
0
0
0
0
2532375
0
0
0
607195159
0
21789901
0
0
2080
20959575
3570
0
0
0
0
0
0
0
53451855
0
0
0
0
0
0
1081
788906052
0
937731567
465
2628
0
2646150
1211346
0
0
0
0
0
0
0
0
0
0
171559014
0
0
0
17396151
0
0
0
34453
0
0
0
0
0
496
0
0
0
0
0
2556
0
153
0
905340
35082876
0
0
0
0
0
0
0
3768885
0
0
971466258
0
12809391
0
0
2710956
0
7696926
1953276
0
1452660
1655290
0
1225
0
0
3342405
0
0
0
0
0
0
0
40991985
18883585
5003866
21128250
18871296
4308580
0
0
21232386
39289680
0
0
0
0
0
0
0
0
1
832015367
1697403
9212778
4560
0
0
0
0
0
0
14480271
320470
23918986
0
0
0
0
23586990
1712175
0
0
0
0
0
0
741
0
15237960
0
3467661
0
1081
0
545490
0
0
171
33829425
362746617
0
0
0
228150
984906
0
0
491536
0
276459635
2081820
9255753
0
16528375
101741794
0
0
0
0
0
0
3
0
0
0
14469510
0
0
0
0
0
0
4056976
415416
33484836
0
0
1563796
0
703
0
0
0
0
0
7681240
0
9024876
106771563
0
31700703
0
0
20177128
0
0
366796
18340596
10185841
0
433756
0
0
0
0
0
3204246
1817371
0
0
45
0
0
17849469
55
0
0
0
0
0
0
0
1128
0
3486
1540
0
0
0
2342530
0
0
0
0
171
8142630
19440730
0
0
0
0
0
33739005
946
561
0
0
0
0
0
0
990
0
0
24338110
0
0
4846941
0
28641096
0
0
2005003
0
18171406
0
0
0
0
0
0
741
0
0
0
6147771
0
561
0
15
0
0
0
0
0
0
0
0
0
36769600
0
5384121
0
25801336
0
0
0
569778
0
0
0
257015134
0
0
0
0
0
0
40793028
0
1275
0
42195891
252115037
0
6
0
0
0
0
0
0
0
55
0
0
3486120
0
561
27184251
239086
0
0
0
38962378
0
0
0
0
0
0
0
666
0
22838661
0
0
0
1268028
38014840
14281840
0
0
109108609
666
0
0
990
104090794
0
0
0
41902435
0
27635895
0
0
5151
0
463365911
0
0
0
741
0
0
0
0
3081
5147236
0
1191196
0
0
136
0
0
528
0
973710
626640
0
0
0
0
2080
0
246076036
18840591
19484403
0
0
146264074
0
561
0
0
0
0
4763241
3570
42887691
0
0
0
0
0
39289680
0
0
0
0
0
0
287685624
0
0
0
595
9255753
33697945
0
5952975
0
30501955
0
6958315
0
0
0
0
0
0
0
0
0
0
5407116
0
0
0
0
0
63571653
1286046
13642476
0
91
0
0
0
0
4226778
0
32526145
0
341297816
0
0
0
930930
0
0
0
3133756
4747821
0
0
0
0
8203275
0
0
4326211
47633680
0
0
0
0
0
0
0
1540
1176
0
0
406
0
0
196251
1596
0
18045028
0
0
0
2774190
0
0
0
0
7294290
6637546
7317225
0
0
0
32655321
0
3211845
0
5483016
19093110
5358069
3547116
0
407617408
0
0
0
3916
365056357
0
4865640
0
0
0
0
0
306261304
857395
0
820
903
253369132
0
0
0
14058253
0
0
0
0
0
0
0
6663075
0
0
0
0
0
0
0
0
448473864
0
0
0
0
0
0
0
378885
0
0
0
0
21493846
0
1771903
0
0
0
642179348
0
0
741
13820653
0
0
0
0
0
0
27235890
0
0
452822888
0
0
0
43175278
0
0
49000050
12204270
19603191
4607130
0
773311290
0
91
0
2600340
0
0
0
0
0
0
938404025
0
4042746
4704778
0
0
29507868
588070
0
605204368
0
0
0
78
0
0
32598775
0
0
820
0
0
0
22737396
1065070
11412253
0
14985075
0
0
0
0
586097695
778368
0
0
0
2850
0
5050
39841201
0
2850
3240
0
818560
15621255
23691286
0
0
0
0
0
0
0
17769741
0
0
0
0
0
0
17384356
0
5299140
0
4163055
0
0
0
0
0
0
0
0
20611410
0
0
40702753
0
35141536
952932806
0
0
0
29610360
0
0
0
0
0
3916
741
6306576
3916
0
186974819
6364095
0
258395754
0
198135
607015392
0
35317810
776146033
866395440
0
0
46360
0
0
0
351
0
8522256
0
0
269925982
863645669
0
1540
326620092
0
0
2080
0
0
0
629788844
0
0
0
19359753
16614730
14723451
18681328
29029247
0
0
0
0
24085270
0
0
0
0
22737396
43566445
0
35950960
0
0
0
0
0
0
0
0
0
0
0
0
25959615
0
0
0
2525628
0
0
0
0
0
0
0
0
0
0
0
40334894
0
0
0
0
0
0
40973878
0
0
0
0
0
16666651
25715206
5942628
0
0
0
0
13109760
584821
0
987402046
1292028
0
4005
5102415
0
0
1035
12002550
0
0
0
7271391
25995655
4928230
44873601
0
253
0
5035551
0
0
0
3941028
425863387
1830
0
0
4884375
2211
2145
0
16362060
0
0
3081
0
0
0
1345620
519955853
7838820
0
0
15051
36538426
1686366
17698275
22201116
0
0
0
0
24189490
1418770
0
0
0
0
0
67161
16562890
579724712
0
25514796
0
0
11383606
630
0
0
0
0
0
0
271281039
0
0
12607731
0
0
2641551
0
0
1442451
0
0
0
0
0
0
0
0
0
16339186
0
0
0
0
0
43566445
0
0
16950753
0
441716773
2080
0
13166146
2415
0
250986
0
0
22737396
0
0
0
0
0
18559278
252163962
0
0
0
0
55
3012285
0
0
0
0
0
1081
0
0
0
0
0
0
1202025
123419
55
5253661
0
0
425115982
0
0
0
0
0
281816700
0
0
0
233945366
1275
0
0
10748566
0
3301165
0
0
0
32316780
10015050
0
0
0
0
561
0
0
0
4259420
0
389236888
0
0
0
738172125
44703240
0
56930058
2931831
0
0
0
0
0
0
0
88079528
0
0
0
0
0
20336253
0
0
37372335
0
52326
0
0
0
1540
2069595
0
0
0
169071
0
0
0
0
2701
0
0
0
0
0
0
20669235
0
38058450
0
0
1770
0
0
793741753
863110685
0
0
31573431
0
551008399
0
39930516
43940625
10190355
0
0
0
0
564453
3828
0
0
0
2415
1130256
1431
0
3541791
474825
0
0
0
0
1155960
0
6352830
704324
0
0
0
665681529
27088480
0
144453
0
550725
0
24064453
3916
302253
0
0
0
0
10930150
0
0
0
0
0
603351
871034512
4522528
0
0
10563906
468028
0
0
1151403
0
3081
0
0
0
0
334971
0
47380245
0
18298225
0
45
0
0
2701
0
0
0
0
0
0
0
419986
0
0
0
0
133903
0
0
0
29280378
0
0
0
0
0
30301989
10118251
31683520
0
0
0
6460215
0
0
0
0
41591760
0
253
0
0
0
0
64296931
2978020
105003165
0
23636250
0
5768106
2850
0
0
18346653
9790582
0
0
4014361
20310751
1010046924
0
0
0
990
0
0
0
8402950
0
703
0
0
0
231
0
0
7010640
262409609
0
0
0
36615403
0
1785105
0
0
0
0
15199341
0
0
0
0
0
990
13842653
0
0
0
0
0
407771033
0
465130
0
0
1945378
4174605
0
0
0
0
0
3003
0
0
47966115
0
0
0
0
0
0
0
0
6510636
7544670
193024353
0
0
2062113
225118757
0
25180156
9450378
0
0
18141276
0
0
0
14496420
0
232953270
2176741
0
0
0
0
0
0
24545521
0
0
0
34756953
0
5299140
41347920
0
0
22281725
417941964
0
0
0
0
0
0
0
0
672913428
0
786885
0
6320790
1268028
0
0
0
738381928
37156510
0
0
0
153
0
0
0
0
55
298053520
0
0
174936
0
2415
0
0
0
628881
14015865
0
0
19496890
0
0
0
41792653
528
0
12936241
0
0
0
0
29942191
3598257
105111
0
0
0
0
0
0
0
1963851
207753322
811254510
30933045
0
1999000
0
0
0
7229503
0
0
16597441
0
0
0
907878
0
0
0
0
0
0
33337695
0
973227376
746031
0
7669486
23137003
0
0
0
0
0
0
32148171
0
0
903
0
0
129864743
0
1454365
0
0
0
60378
3829528
0
0
956957525
0
5522826
0
0
39939453
0
0
1355481
0
0
88563989
0
55
2471976
0
0
2534626
0
0
19900
0
0
0
0
0
0
0
2980461
0
0
0
0
0
0
37692903
0
0
25300941
0
117370
0
107416
0
0
0
0
0
7912272
91
0
25878
3862810
0
0
0
0
0
7842780
0
38443296
0
1660753
13947121
47458153
0
0
0
9268665
0
0
0
6345703
0
0
0
326028
0
16557135
0
0
0
44118921
0
0
0
780
136
0
0
231407093
0
29965411
0
56953
0
0
17650711
0
6
0
0
0
32955021
0
0
0
0
0
24629671
0
558938616
0
0
1431
0
0
0
34432551
0
1042064971
0
36
21402153
0
0
0
630548172
42131610
0
0
0
0
0
0
0
0
0
0
0
0
23760171
0
0
0
0
0
0
0
0
0
0
0
0
0
11628253
0
0
0
5128003
0
0
10127250
0
0
2662278
0
0
0
0
0
0
0
0
820
0
2035153
0
0
23321035
23863686
0
0
0
253
365940
0
0
0
0
0
0
35634708
0
0
4186171
0
13299903
20901345
16637796
0
0
614556129
0
0
0
0
3240
10
0
0
0
13439520
0
15688401
8704878
0
3024570
9316086
0
0
5915080
42767376
0
21506961
17680431
1516411
0
0
4525536
4151521
0
0
1450956
0
0
0
39397127
13968255
0
0
0
44109528
261003
873346883
34208856
0
0
0
0
19701
0
0
419070
11987856
0
0
0
0
2390391
990
15823125
2333880
3846151
0
0
16904205
0
26212420
91
0
1834570
0
0
124127531
3176460
9524430
0
210
0
0
0
47711796
0
0
118763599
0
5572791
0
27643330
45825951
0
0
28376811
19272736
15376285
24728028
0
0
0
0
0
1220703
0
12552555
0
0
35477676
234704426
0
0
98379524
0
0
0
4732426
33280561
1773786
833986
0
0
79104445
0
0
0
2699326
0
22374705
0
0
0
0
0
0
0
0
0
0
0
0
3539130
5356
18459434
0
0
0
0
0
595
0
0
1225
13161015
0
32084055
0
1
0
0
8780145
0
1991010
0
0
0
14356761
0
993345
630003
0
8906310
0
0
678030
0
12733581
0
105359165
0
32119571
0
0
45034795
14143221
0
0
2201851
0
0
0
0
0
39218796
679381213
2143485
28595703
0
0
36044295
0
0
2926
0
0
0
0
0
1282401
5737578
36882537
0
0
0
5115201
990
0
34155170
87153
0
0
32244465
23595015
5995
19565640
4358628
34716
60338399
55
0
465
0
0
1725153
12135767
0
13883815
0
0
2434321
32469711
0
0
0
2258875
0
0
6913621
0
163967744
0
0
0
0
0
6991930
0
152508964
0
0
0
0
136
8370186
0
0
0
0
0
399347351
0
58541230
0
0
0
4317391
79423565
0
0
0
0
0
0
0
3247426
0
36585
0
0
0
0
0
0
0
44438878
0
0
1176
193697612
0
0
65341
0
2080
990
0
0
528
0
0
7183945
0
0
32866212
0
0
1284003
2850
17225515
0
0
0
0
2080
0
0
13522600
0
46643311
0
0
0
0
0
0
2478651
0
276
0
0
0
22381395
0
0
0
0
0
0
0
9075930
0
0
0
32800950
6442255
6035511
0
0
0
0
1362075
46296253
0
0
0
0
0
2627778
0
2489796
16471
0
5166505
16470930
0
0
0
0
29671956
0
2926
78
0
44025036
0
36444453
0
0
151453278
4174605
0
47069253
0
949154568
0
0
0
0
0
4947085
0
0
40234935
14121955
0
2206050
0
31478145
0
0
0
26831722
34965703
0
0
0
0
0
0
1172746
0
276
0
97073652
0
0
19285155
0
0
0
0
11700703
0
0
0
0
0
861
0
0
0
0
0
0
0
0
39476055
0
1365378
0
0
0
0
0
15149760
0
0
0
0
0
0
2126953
0
0
0
198135
0
510751082
0
1830
0
0
1112286
0
0
0
9428653
17692326
2905309
91
0
990
0
0
0
20756643
0
0
0
2953665
0
324120257
0
29135161
0
0
0
1324378
0
0
0
0
611265306
59793610
0
0
0
9876790
0
0
0
0
0
0
0
0
1040780333
0
0
0
0
0
0
0
0
120
0
1485
0
0
35671681
0
0
0
0
0
0
24085270
0
0
0
0
485553656
0
9783676
0
0
0
0
0
0
0
2500966
0
0
0
0
0
1
43575780
0
0
14276496
0
0
0
0
0
5956426
131099707
3009831
7301931
0
19297578
31517830
21369453
0
16851915
0
0
0
0
0
0
21258460
0
0
0
0
8778
0
40639620
6932226
0
0
244591847
0
0
0
41491495
3288330
0
0
0
886871909
0
5243941
42287806
3
0
0
1420455
0
1790778
0
0
0
141688116
7115878
20598571
0
5253661
13978828
23130201
0
0
0
0
0
80990149
754606
0
14865628
0
0
0
18908175
3086370
2346
0
105
0
0
0
0
0
33509391
0
0
460474197
1423828
0
0
0
509545
26758270
0
738720
0
0
0
0
0
49546035
156902138
0
1965153
0
0
0
0
225017293
0
14265811
55
32906328
0
0
0
0
34117930
595
406
0
37953828
0
182327095
0
0
0
0
0
0
11264631
0
0
0
18915
4585906
4039903
0
0
0
0
0
0
0
0
28008870
10683753
0
409257491
19722340
8868366
148508030
0
0
0
0
1128
1127251
1711
0
0
0
9054640
0
0
20720703
0
0
0
0
0
0
0
8936952
0
289978273
0
2650753
0
646953
24266061
0
0
0
4959675
89253
0
0
0
1836486
0
0
0
358281
3673405
3252525
18171406
3916
0
106649245
0
0
0
37363690
0
43659840
24412578
131328
0
0
159982130
600265
0
0
0
1431
9161340
0
1407003
0
0
885188266
5529475
0
408477484
245676603
5801550
16105650
0
0
8251953
0
0
0
0
0
0
2089990
13038171
0
4526579
55
26219661
0
12497500
0
0
0
17973010
0
569332730
0
180901
45
268278
0
0
0
319171972
11350230
0
7093261
8944335
7238513
3265290
0
0
0
20706
0
308685539
0
0
0
2939100
0
10140756
0
0
0
3403
0
2263128
0
0
0
318003
0
0
0
0
0
0
3655
330446091
0
35133153
0
0
3229611
0
0
0
0
0
0
0
0
0
0
0
0
0
0
0
0
6510636
0
3616719
0
0
0
0
0
43856295
0
13299903
0
0
0
0
0
0
43017450
0
0
783431788
6880195
0
2556
5536128
0
0
10262715
1225
441779822
0
8704878
0
29425956
0
0
0
0
0
0
0
37658181
106143846
231
0
2556
0
0
0
0
0
231
19690703
23808450
0
0
0
26926791
10458451
0
0
0
0
55
0
0
883630767
0
3977610
0
0
0
0
0
0
0
1540
0
68683362
0
0
0
435
17787630
0
0
40441521
0
4337985
0
40261851
0
22656546
0
197292495
0
0
19621980
63029150
0
0
0
0
1036235697
0
0
0
86320
0
0
903
15249003
0
3242331
0
0
7428585
0
0
0
0
0
0
0
27302355
0
6342141
1081
0
0
2507680
0
3239785
0
0
0
0
0
0
4747821
435
0
80601
178051273
0
0
26794860
14990550
0
15
0
91
0
0
0
0
14047650
0
0
4488135
0
0
0
0
641788031
278974668
0
0
0
12154915
0
2888406
0
0
205864919
0
40865320
0
0
6703291
1233235
311604035
0
0
31684780
8567730
0
22791
0
0
0
894627226
0
9264360
0
0
0
0
0
0
18577560
551783637
0
0
0
0
3486
31470211
0
0
0
66
0
0
72010
0
0
0
0
0
0
28618395
18662995
1326
0
0
0
7374720
0
30517578
16545628
0
0
0
0
0
0
0
0
0
0
0
886446
0
474296046
0
0
0
11487060
0
35942481
0
300
46662630
5070520
12987156
0
35815416
0
0
0
154604484
42278610
13212370
0
18340596
0
0
0
0
24511997
0
60726
24217320
18443701
0
0
0
36743878
2775
136
0
0
0
44194101
741
0
12462528
0
0
0
3049215
0
42324600
0
463533060
0
0
27874311
0
2401336
0
0
0
399171
0
0
0
0
300065594
0
0
1
3741
0
0
0
0
1035
0
1890540
0
392091478
5080078
489555
49029753
0
18871296
0
0
0
253
672220
0
0
0
0
0
3828
0
29533455
0
10
0
0
0
0
0
0
0
43073121
0
78
420494520
1519283
0
1081
34565455
0
40928628
3078921
0
0
0
43231051
0
0
135981
0
0
0
719400
0
0
0
0
0
0
0
0
0
0
0
163490583
0
0
0
300
0
0
0
0
4345986
0
0
0
32760465
0
990
44542641
300
38706801
15559831
19701
0
0
39015361
3054156
852165
4122756
42748881
0
1743778
12779040
0
0
0
0
727195444
0
10646805
2089990
0
0
0
22347955
0
762633560
0
0
131328
0
0
0
0
18431556
26699778
0
0
0
0
4853170
0
382226
0
0
0
0
659911716
0
0
0
31804300
0
22261128
0
3910206
1953
0
0
0
9872346
0
0
1891
0
176656683
0
0
504510
0
535095
0
0
0
0
33306815
741
0
0
0
0
0
0
0
0
0
25600590
1097421
0
0
40892446
0
0
0
776146033
0
2145
18443701
1275
2543640
0
0
418447019
0
0
0
399171
0
0
0
0
0
0
14728878
0
0
36325026
0
0
0
0
0
0
0
0
32036010
0
2414503
809628
0
0
38303128
0
990
0
276
0
0
19854451
0
4504501
23560680
0
0
0
0
0
0
0
0
0
0
152980168
0
29872585
0
0
0
340242144
1035
223906999
27169506
0
3868371
0
21684405
0
0
3963520
0
36359128
46665
0
0
0
0
0
0
0
0
0
723039978
0
0
0
0
0
0
0
0
34440850
0
0
1014977491
0
0
6175855
0
0
0
9024876
0
6
44297578
0
0
14913991
0
0
6644835
0
0
1830
0
19822956
0
2943951
0
6839451
0
0
0
0
0
0
0
190
0
0
0
0
0
1625128
300
106953
0
0
0
1300078
595
1375311
0
1711
3361069
0
1033203
0
1047621252
0
0
0
0
897130
0
0
1055949
385543662
994755
0
0
298570651
0
0
0
0
0
0
3396921
0
0
21457034
0
1953
0
0
3486
0
0
210
0
0
23512653
2690040
28618395
0
0
0
108811
38716820
0
0
1263255
8199225
0
24826581
0
39621
660381488
4525536
406
537945131
48733128
0
0
41637375
7591356
8625781
0
0
0
0
2288730
14265811
9260056
1461195
1961190
6420736
5653203
1910035
2683086
12148466
0
666336216
276172820
0
0
0
20336253
0
23273253
0
0
0
0
0
0
33624100
0
0
0
0
0
0
0
0
80238803
19028200
0
0
513051
36427380
1929630
0
0
0
14625936
6579378
0
1526878
0
177310
888801218
3708726
324965686
0
0
0
5636403
0
0
48348861
0
0
3916
0
0
0
0
0
406
0
15
66
0
730236
0
7755891
1844160
0
0
0
0
7771653
0
0
0
0
0
0
0
0
10158778
0
820
38698003
0
0
0
0
0
0
0
2922153
0
3611328
0
10948860
3986076
0
0
0
55
3321
990528
0
21076278
0
0
37406925
0
3321
21533203
20888416
0
26780221
0
0
2669205
0
0
0
0
991575920
0
0
0
0
0
0
0
0
41616
3054156
0
0
21842745
42674941
1127251
0
641278
536507483
0
0
0
0
0
0
0
2415
0
0
0
0
0
0
0
58899651
3916
1050525
21395611
0
0
0
0
0
1863415
0
91
10444735
0
0
0
0
18437628
0
0
0
0
1
0
333222099
15817500
0
0
0
0
1
45950491
0
0
3352755
0
2556
2170486
46325125
0
1350546
0
0
820
0
3064050
0
0
0
20056611
0
40540510
75561211
0
0
0
474825
0
0
378046936
0
22535541
0
22803196
0
0
19999650
0
27398503
0
0
0
0
36881166
21666937
0
0
11364528
0
0
0
3
990
231
0
0
0
0
0
0
0
46604685
0
0
828828
0
0
5321953
0
860016
0
74305
15840006
14832181
0
1210028
22254456
4346826
0
0
90749921
0
0
700336
41461843
0
0
0
8118435
27561600
0
0
40100490
0
0
2168403
416367719
28128750
24238203
0
0
43365
37061745
0
2349028
2485
0
3570
0
42039865
9075930
0
0
0
0
38856520
0
37355046
222219697
0
0
0
2530125
0
0
0
0
0
0
0
0
0
0
4613203
358281
26248635
0
0
0
0
0
0
0
0
0
20145378
64620
0
496
0
45424746
0
0
0
0
0
0
6554010
0
0
16407856
666435
0
0
0
561
0
30681861
0
293599836
0
11817091
0
4628403
0
0
0
0
0
0
0
84666
0
6839451
2080
0
0
0
22334586
3321
0
699153
33085045
0
5364450
3916
8026021
1540
0
25471953
0
0
10221981
0
0
0
0
793170
0
0
0
7583565
0
0
0
0
14335335
0
0
1081
0
1495585
0
0
0
2819125
0
0
0
141221393
0
0
0
567942796
0
805893053
0
0
38049726
0
0
0
903
0
0
0
0
0
872480898
467061
36401778
22892761
3376101
0
0
5393970
20050278
0
0
2600340
0
0
0
33665115
0
0
0
0
0
0
2850
835278
5542785
0
2191371
0
33329530
0
32244465
0
0
14143221
0
0
0
0
660657285
3486
1832655
0
0
0
0
44341892
10981803
6420736
0
38513476
0
0
0
0
0
0
0
0
0
0
3916
0
0
0
0
0
0
0
75842762
434821220
0
0
496
0
0
0
13611153
0
42168336
0
0
0
0
671187438
0
4177495
8538778
0
4950
0
39201085
0
0
0
0
990
0
20113653
1653
0
0
0
0
2926
855990027
0
0
0
153
0
27055972
0
0
8805306
0
23912070
253
23801550
0
0
0
0
0
0
0
0
0
0
0
0
0
0
0
0
0
3570
29857128
0
0
20998440
0
0
0
0
518671
25144686
2727280
0
346978723
0
0
0
1253736
0
0
16499640
0
29280378
0
0
31470211
14718025
24363690
0
6060421
0
0
3314025
175891778
0
7878465
0
435
32784753
0
0
0
0
885805985
0
163691976
3326910
1035272268
0
0
1176
0
591055733
0
0
0
178503
0
0
24161676
0
0
0
74474195
0
253
0
0
23912070
0
0
0
0
0
0
0
0
277885
45
0
990
0
8439886
0
561
0
0
0
0
8126496
0
0
0
1977066
0
0
0
105
0
0
0
0
119043859
0
488566
0
0
3681541
31090555
41391351
8805306
0
0
281547765
972909668
11226691
0
0
66
0
0
0
43296165
0
0
8609175
0
44731611
0
0
1236378
0
0
0
1770
36171765
0
0
0
0
279389
0
25700865
5038725
0
0
0
18945090
0
0
9704215
0
71662350
0
15012460
22643085
2821500
0
0
0
155403
0
13952403
0
0
0
0
4005
0
0
44476596
0
1953
0
31692741
0
0
0
0
3616705
0
0
0
0
1343980
0
0
4332096
0
0
0
0
0
0
1091503
0
0
0
2871606
0
0
0
0
2043550
19968040
266815
46056003
0
0
0
0
0
47545876
0
0
0
0
0
0
14335335
0
9925740
886529676
0
0
23314206
0
0
0
946
0
16202278
0
0
18243820
0
0
0
0
2145
0
2628
689725
0
0
0
0
0
0
0
0
0
0
9463425
0
6564876
8390656
34184046
0
0
0
0
0
0
0
0
3749691
44354071
0
990
23177836
0
0
0
5166505
0
0
8102325
0
0
0
0
0
0
12022156
0
167910
0
0
0
0
1807851
0
5836
0
10253656
0
0
0
0
0
695610
0
15638028
0
0
0
28023841
0
0
129286
43463826
10832185
0
0
0
0
12789153
0
0
0
0
9148503
0
0
40109446
0
0
0
2554930
0
0
0
0
0
11783085
0
0
3828
0
0
0
0
0
0
18791515
0
0
2556
0
8999403
0
0
0
0
0
0
0
37571446
0
8256
0
0
0
0
0
0
0
351
4405996
0
0
0
0
12753775
0
300
0
33296880
0
30486336
0
38971206
0
0
2429910
195918420
0
0
0
0
0
0
0
0
309612535
3486
0
0
0
899811
136
0
0
22121226
0
779376
0
0
0
0
21297601
0
0
0
0
2454220
399171
353220
0
7210503
0
0
0
0
24279996
0
12403
0
0
0
552912726
0
0
0
0
0
0
1540
12961686
32971260
0
0
0
2055378
1431
0
0
0
132855843
0
8178990
0
0
0
0
48782503
30876
0
0
0
0
0
0
44363490
0
27095841
0
31897821
2850
0
31932036
0
8654880
0
0
0
0
845650
0
0
0
0
23932821
0
3828
0
1993006
276
1130256
0
0
0
9925740
0
4095
0
0
0
0
528
0
0
41273155
4125628
16270660
0
0
0
74975614
0
2124891
0
0
0
13166146
0
6406410
10794981
0
206403
0
0
0
0
0
0
15293215
1830
6046503
0
0
0
0
2985346
946
0
0
0
0
0
0
739806012
0
0
0
0
0
25300941
920217708
0
0
0
0
616605
0
0
0
0
0
0
39263091
11517600
0
41236821
0
0
0
0
0
0
0
0
0
0
0
0
0
0
18589753
12110581
0
0
40585545
0
0
0
0
7966036
55520696
2089990
0
0
741
0
3049471
0
19330025
930685477
0
0
0
15
0
23608756
0
0
6906186
0
0
0
15
0
11141560
0
5308911
0
47662966
29996385
0
0
0
116886
49615741
0
0
0
300
0
0
13022856
0
0
250002910
0
0
37285723
10212940
0
0
0
0
1961190
4947085
3512575
0
154012531
7244721
0
0
646953
0
0
1485
38408230
276
0
0
0
1343980
0
0
82990625
0
11935
0
697494414
0
0
33166440
0
0
0
0
0
0
0
0
937326728
0
0
0
2905255
0
12347965
0
0
0
0
406
0
0
0
0
0
0
9952491
0
21310656
28294003
0
0
37666860
0
0
0
44253
0
58311
0
741
2715615
0
34060131
25878
288420
0
0
0
0
237032591
0
39854373
0
0
0
4950231
10303530
0
21559461
0
0
0
1069453
0
0
0
23252790
0
0
4604095
0
2543640
0
0
0
4302711
0
0
0
0
861
0
31027503
38698003
908672953
14031753
0
0
0
9863461
24882985
0
3876720
1711
0
12915903
1485226
62060135
0
4531555
0
0
9603153
0
0
201295
301200026
3486
0
0
1437360
0
0
7750
0
0
0
0
0
0
0
0
0
0
0
0
0
3807420
0
196295663
0
0
3828
0
8325240
0
13207230
5717271
47467896
0
1131760
0
0
0
10015050
0
64247295
0
14469510
0
0
17337216
49725378
0
382280855
0
0
113050
0
15
12880350
0
276
0
0
0
0
22242430
31612580
0
20611410
0
31804300
0
0
20656378
0
0
0
1540
0
170017543
0
643545
274186052
0
0
0
0
1770
17949036
0
36
0
0
0
0
0
0
10417330
0
30019626
0
6453028
0
15492961
3719628
0
0
0
5516181
0
0
0
44555771
13294746
0
0
0
0
1653
13862745
0
0
15
15504096
0
0
0
1642578
0
0
0
0
0
186296978
0
6869863
0
20649951
0
0
0
0
12194391
0
653790945
91
0
958066207
4742148
903
8002000
276
1628110
0
18649576
0
0
0
0
0
631126
0
0
0
13207230
0
0
903840
0
33574915
3801903
3081
0
0
14723451
0
2701
0
0
0
0
793170
0
6
597621599
0
31605225
49000050
0
0
0
0
0
0
21690991
0
2035153
37640826
29864856
0
0
385846957
767293111
20630676
0
0
0
385003
0
0
1308153
0
0
14365
0
0
17991001
0
0
45167760
342383449
4862521
0
245123131
967833575
0
0
0
0
0
0
4302711
0
0
561
621367843
4335040
0
1540
44206443
0
0
0
0
0
0
0
0
0
30307005
0
374108333
16322041
0
0
42804378
0
0
9058896
4417878
43212456
0
0
0
45711141
711888085
1295245
3570
0
11924286
9016381
422740
0
0
1863415
0
44278755
0
0
0
32140153
0
41518828
0
0
0
2016
21278026
0
49455
0
0
375411
4438710
0
0
0
0
13043278
0
0
46219305
0
1008293062
0
0
0
0
0
0
14843076
0
0
11608971
5032378
0
45148753
275737453
0
43249650
0
0
0
0
11259885
157641
32324820
0
0
21278026
5189031
0
0
0
41884128
193507872
0
963966
200316887
2926
33870565
0
0
24203403
0
0
0
2073666
12179580
0
0
730668395
0
0
7183945
26565
0
0
0
3486
0
0
2282316
0
0
41328
0
29779903
0
0
367085641
0
0
1
0
0
0
0
3913003
0
0
1
0
0
0
0
0
0
0
14536708
0
277140
0
0
0
0
6637591
1540
0
0
3044278
0
0
15755691
0
0
0
0
0
11763675
0
300
0
0
0
0
0
0
0
0
2258875
0
0
0
0
23691286
0
0
0
0
22141185
0
0
0
0
0
0
173755
0
301476
0
0
0
0
0
0
0
617214585
30876
2080
0
0
4640581
29646
0
0
3828
0
0
47098365
36214305
465130
0
0
0
1732591
0
0
10
1106328
0
0
0
0
0
0
88663689
2415
0
0
0
5256903
0
0
2015028
0
517388216
0
0
0
1468041
0
0
22307860
1306536
0
0
0
0
36461530
0
0
464521427
1779441
0
91
49019851
131328
0
0
11857118
0
0
0
0
0
1635336
11560836
0
0
0
0
0
8264145
0
0
173144367
0
0
0
0
0
0
526851
0
0
0
0
0
0
0
0
31780378
0
0
4215156
0
14148540
0
0
0
1155175
0
0
0
0
0
694431
0
56697204
95469049
0
0
44561520
0
0
0
10757841
0
0
0
0
0
105
0
0
2694681
4108411
0
0
0
8642403
0
595
106953
0
0
0
0
2907666
2850
228716001
0
0
0
0
131841
0
0
0
0
0
0
0
0
0
15370740
1407003
0
0
0
0
0
0
0
0
29903511
0
66
0
0
3486
20304378
625806636
525825
0
44391753
0
0
0
8050078
0
0
0
0
0
0
621055
22368016
6228685
0
0
0
0
435711
0
92864544
0
0
0
0
0
0
9118585
0
0
3496690
5904766
0
12392731
5539456
2145
379051384
123000394
2842920
1225
0
0
6499815
0
0
33760100
0
12372825
0
0
13027960
0
10340383
783362697
0
0
498501
0
0
0
164451
14266368
0
0
820
33599503
0
0
0
25579128
4834495
0
42251028
0
0
0
0
465
11647551
0
0
103095123
412842643
0
258840
0
0
8746653
0
0
0
2734291
638251567
246051
4492503
37432878
0
31643649
0
0
14561106
0
11203011
0
0
0
0
0
0
0
0
0
0
0
0
0
0
0
669090462
0
153
0
0
1030330
40270825
15051
117574969
0
0
0
0
40883403
0
1275
5970240
42878430
4183278
0
0
0
9713028
67753597
780
18994366
68265
0
0
0
0
527878
0
0
0
561
0
0
1301691
534991
0
0
19734903
36333550
0
233586
0
229010873
0
0
0
0
0
0
0
0
45434278
1
0
0
914628
0
406
0
406
0
0
0
0
0
0
0
0
38574936
0
43296165
0
0
0
0
0
0
0
0
8910531
0
6253416
0
0
0
45044286
0
0
229675252
0
1830
0
0
73889600
406
0
0
0
0
0
40756906
0
0
0
545490
9899025
0
0
0
0
4956526
780
0
25995655
0
0
0
0
0
0
351545150
689725
3051685
5959878
0
0
18498403
2881200
0
0
0
0
0
0
0
0
171
0
0
580728020
0
0
0
0
0
3828
0
0
8276346
0
0
0
0
43268253
0
0
0
1592220
44141130
0
0
0
0
0
0
0
592470914
0
0
1830
0
18742503
0
351
10376290
153
0
10902115
0
0
20901345
0
0
0
0
0
28785078
0
0
0
0
144987589
39476055
2807265
32429431
0
3283203
0
42462720
12022156
0
2145
0
10344426
2080
85175589
24405591
2080
0
0
0
0
21922131
0
895622095
0
0
0
9135675
0
0
0
9453
0
0
0
0
0
0
1233235
4890628
0
0
0
0
31430556
0
0
0
0
0
0
0
0
35376666
3081
0
14864878
0
1431
0
0
23259610
0
0
0
0
250876969
43809480
0
12779040
3283203
29104635
148828803
18267990
25457680
0
538446305
903
7787431
0
0
0
0
0
0
24090
18975880
0
0
0
0
12592671
0
17871231
0
0
41010096
0
0
19110
0
0
0
46286631
0
11720061
12140128
0
0
0
11691030
0
0
0
955653
0
177310
0
0
8659041
0
7202910
0
0
0
0
29718195
59685
0
820
0
0
140021293
35950960
0
0
42030696
0
0
1275
275326810
0
1809753
3916
0
282376
0
0
3121251
0
2556
0
0
0
3383901
4720128
9054640
0
675703
399730105
0
0
0
0
0
40531506
0
0
4664985
0
0
0
0
0
0
0
299925
0
346350696
0
0
595
0
1540
0
0
0
46360
0
1017451
14474890
0
0
0
0
0
545466834
0
0
0
2941525
105
0
0
0
0
0
0
0
0
2922153
253675961
1668051
0
0
1770
10181328
0
1937496
0
0
0
0
135957998
0
0
10573101
0
0
0
1146855
0
0
195625
0
2080
0
0
22347955
0
0
3486
0
0
91
0
126756
990
0
2011015
0
48782503
0
0
154196485
7918210
7513626
0
0
0
276396
0
0
0
798804049
0
0
0
0
950131
29610360
0
3039345
0
46248153
0
504510
0
0
0
0
0
0
0
0
0
12333061
3697840
0
374268093
0
0
1059240
33223476
0
907380397
0
40693731
1891
0
0
0
0
0
0
0
54615
0
385003
0
0
0
0
13861
28271440
171849187
3027030
0
0
0
0
0
2926
20012301
741
0
0
0
0
0
0
4290985
0
0
0
4695580
0
0
15
0
9721845
0
0
0
0
3163870
0
0
14365
0
0
253
0
0
0
0
0
0
0
0
0
300
990
2550411
0
19509381
11773378
5619628
0
214840
0
0
0
6850551
1378
0
0
0
0
0
0
0
0
300
0
0
0
0
9664606
0
6130251
0
25507653
11953605
6492606
686898746
0
0
0
0
0
0
0
0
0
37718955
1000195623
0
3239785
0
21814228
35511
3153816
0
23767065
0
26978185
0
0
0
0
300
0
0
1423828
0
0
0
0
0
0
208854983
6182886
0
0
0
0
0
0
0
0
0
190
0
0
0
0
0
0
0
0
0
875445869
0
0
0
0
0
18383016
2600340
0
0
487578
0
0
0
720112636
0
0
0
0
0
41893281
0
0
0
0
0
0
2655360
764787
0
0
11460078
0
28046305
0
0
21474181
3949949
0
2145
0
0
22703691
25507653
23485231
20798025
14761461
0
0
0
1896378
26226903
0
0
0
0
33887028
0
0
0
49208160
657231
0
0
0
1345620
0
0
0
300
0
0
862002063
6077841
0
2627778
0
0
661085681
0
0
0
0
0
0
19879665
0
0
4071231
7229503
0
0
0
0
0
22327903
0
0
2342530
0
0
21050316
0
0
0
0
0
5374281
105
0
0
544306277
0
0
0
0
1157481
0
11188815
703
0
0
2628
0
12612753
18141276
0
0
12885426
0
0
0
0
0
0
327400567
62223295
1770
0
26974730
0
0
0
0
0
0
0
0
0
3654456
0
0
555985
13861
0
23096206
0
0
0
0
4772505
49337211
7104565
0
0
0
936396
0
37242765
0
0
0
0
2080
0
0
0
2507680
0
0
0
0
1260078
0
0
9157060
0
0
0
3
10674510
0
0
0
0
979300
0
15028903
5707131
0
0
0
0
0
0
894453
0
0
0
165182139
0
0
0
91
0
28
205046516
8734110
0
2129016
0
9148503
300
0
1036751960
666
0
0
0
430727411
0
3290895
227730464
1225
668894459
0
0
0
0
91
0
18051036
0
0
0
0
14819449
0
544766317
0
1562028
0
11326420
0
0
5393970
0
0
26205180
0
0
0
0
0
0
0
0
2895621
1830
0
0
0
3321
0
0
0
31597275
0
145236509
0
0
0
310866
0
0
980700
0
231349278
0
0
0
0
30917316
0
3570
0
0
0
598965
0
0
0
0
23553816
0
0
0
0
2496495
11968278
15
0
0
6303025
20285265
2443155
38777221
0
0
0
6367096
0
0
21017886
32132136
0
0
6626620
2407915
0
3081
0
0
0
0
0
0
228725725
0
2685403
7025626
0
4747821
0
0
0
0
0
22600615
0
0
32598775
58311
0
0
0
693791182
0
1057785
588499172
0
2158003
14143221
0
47966115
38346903
0
0
0
869666409
43156695
13817085
34716
35570395
28929421
3409349
4417878
1450956
0
0
0
0
342918
0
1975078
0
0
602253
0
0
0
394692653
0
0
0
8022015
0
0
0
0
0
3924
4477528
1715878
43837566
0
0
0
0
0
0
10
11836545
5970240
276
0
0
0
0
0
0
0
0
0
0
0
6743628
0
264608414
0
0
0
4912545
0
103183451
0
20907811
7176366
0
300
3081
7482646
14799520
0
586986
2864421
2094081
0
0
0
0
0
0
0
0
0
0
0
0
0
492621927
0
0
0
3407355
0
0
0
0
0
0
3635556
14346046
0
0
986310
18994366
0
7424731
0
0
0
19241706
0
0
5991958
0
12071241
1802151
0
13590291
759528
1231665
741
0
19653315
0
12022156
0
0
0
0
0
0
11493615
0
365945261
0
0
0
1
0
741
0
0
0
0
6876486
8978203
46257771
0
0
0
0
4649725
0
55
38847705
0
16099975
0
0
25693696
0
866586
0
171889277
0
0
0
0
2080
147153
0
269011
52650
1660753
351
0
20387305
641278
0
0
0
22690216
0
0
3321
0
0
22114575
0
0
0
0
7716556
28196295
39823350
0
47594646
0
0
276
0
0
0
2080
0
47741106
0
3204246
0
4209351
2662278
0
0
0
46817326
203203
0
35849278
0
0
0
20419245
64980
0
0
990
0
0
0
0
0
0
0
0
0
0
10716135
0
0
148895871
1770
561
0
0
0
0
0
840456
3782625
19409565
0
9480835
2598060
0
0
7759830
0
2080
0
0
0
1143828
427703112
8026021
0
0
710777149
3828
0
0
0
0
2145
28
19578153
136
2512161
0
0
6
1983036
231
39520495
1
0
0
0
2016
0
378
0
0
0
0
736291
0
0
0
0
179042790
16557135
131841
857395
295761583
16350621
3678828
0
0
0
0
0
4335040
31525770
0
0
0
1711
0
22798128
0
41616
0
0
38399466
41792653
0
0
0
1225
0
0
0
1830
0
23842965
0
0
0
0
0
932295
783955033
0
2016
0
0
0
18865153
10730028
7279020
0
316454205
0
0
23116600
0
1830
6018715
11734590
0
161934490
0
0
0
6256953
0
0
13799631
0
14233780
0
0
231
0
0
0
0
0
0
0
101025
0
300
0
0
0
0
0
0
1861485
16649335
0
0
0
989138258
9080191
0
2033136
0
0
78
28046305
0
0
0
0
0
0
0
0
0
13862745
0
0
0
681528
0
0
488566
0
0
0
0
36
0
0
0
0
40441521
190
252467967
588070
0
0
0
0
0
0
55
37320480
0
40558521
0
5384121
0
0
0
0
0
0
0
0
135981
0
0
0
0
0
0
2412306
0
0
0
0
0
19810365
0
881128
637885
2211
30042876
0
409060
11870628
6703291
7003895
0
0
0
0
22750885
0
14620528
208335
0
0
3828
42619528
0
0
0
23307378
0
11691030
22428253
0
10190355
0
6575751
0
0
0
0
0
1540
82215
0
0
0
882866520
0
0
0
0
18865153
753579425
0
15
0
0
0
0
0
0
0
0
2850
0
0
153
0
0
28301526
0
212174760
1565565
0
1431
0
0
31836210
0
66795
779376
0
0
0
0
0
0
9801378
0
0
1261666
0
0
21618600
0
6218101
351
128725272
5198700
0
0
0
0
0
31788351
990672904
5764710
0
10531755
0
0
0
776993121
0
0
0
29043631
0
0
0
0
0
341207923
0
4074085
20830285
8995161
0
253
0
37173753
0
0
0
0
14604310
0
0
0
0
0
33681528
0
25017201
23055445
0
0
0
11631325
0
8990920
4288343
0
0
0
0
153
9735078
33599503
0
0
3081
0
561736828
1396043
903
0
475800
0
0
0
0
0
0
0
79800
0
0
151022799
11710380
0
0
5579470
0
1570878
0
990
7619450
714782132
0
1697403
0
0
0
219453
0
8155570
0
0
0
0
10185841
0
30120441
0
0
2342530
0
0
3597903
18328485
451938386
768180
191565094
0
1
0
0
434778
35781570
0
0
0
0
180365135
0
0
0
0
0
0
0
0
30846585
29641150
0
293277072
741
0
48782503
0
0
0
14292531
0
0
318383832
4400061
0
0
0
0
0
0
0
15
0
3425653
0
0
0
0
0
9872346
0
1176
0
0
0
0
0
596851620
4747821
0
1225
0
223188
29112265
1471470
180901
799480
0
0
0
638719441
0
40333671
1225
701452112
14212446
1422141
0
0
0
0
10716135
137550
0
0
0
0
231
3321
0
820
0
0
0
0
4355676
0
5713890
0
0
0
0
89253
0
0
0
0
0
0
0
0
0
0
0
49287556
0
0
92169837
6313681
0
0
5041900
0
0
14365
0
0
85905
47123598
1125750
0
0
32052021
13741903
662976
0
0
0
0
2278
55
38329390
0
0
5659930
0
20412855
0
92665
30603576
0
375428474
32365035
4903146
0
0
0
0
775635
0
0
0
0
0
7100796
21434878
0
0
0
31533711
0
0
588319540
0
0
0
11033253
0
0
0
0
2823876
0
1275
0
0
0
0
0
773146
0
0
0
0
0
0
1485
0
0
6633903
661825
3128751
0
40118403
0
300
0
190
266085
0
18437628
0
36572628
0
0
0
1485
0
0
300
0
451807161
0
0
0
0
48569546
44883075
0
0
0
0
0
0
0
34832031
0
47575135
18346653
4388203
0
0
0
0
0
48466935
1431
38856520
0
3240
26451901
0
0
0
0
0
0
18785385
0
0
0
0
45262855
1326
0
0
0
45
3472930
0
0
79249575
1
0
0
0
1540
1809753
0
0
0
39479300
0
1081
276
8374278
0
1
0
19229301
0
0
9704215
0
0
0
0
91
0
1311390
0
0
0
0
0
0
0
0
10308070
0
32469711
0
137024091
0
1770
0
28906606
0
0
325
0
0
16724436
105570
37510791
1540
0
0
0
7661655
0
23150610
4355676
0
0
0
0
0
7393935
0
0
0
7248490
32188276
43603791
2425503
0
0
1596
22777875
437580
26897445
0
66774221
1653
14554832
0
0
0
6420736
0
0
316410
0
0
21935376
0
1326006
0
0
0
0
0
0
2019045
1183491
22578
1483503
1770
21
0
0
9745820
0
0
0
0
0
49685496
210
0
1540
0
11193546
0
0
0
0
0
0
0
0
0
9748320
0
0
0
0
0
0
0
34582086
276
0
19503
0
2628
0
0
31129995
44637076
0
0
19453203
0
0
496
0
0
11411876
0
0
528
21017886
2258875
0
0
0
0
239417845
0
0
43493356
0
15409576
0
0
0
2982903
0
0
0
0
1211346
35368255
0
492015354
42915480
0
27889246
0
6769360
0
10
0
55
14335335
17061561
342878507
0
0
0
0
0
0
0
3160
20259795
0
0
946
0
0
0
30143730
1549680
12298320
39192231
0
0
0
15083778
0
0
2584401
1583310
916878432
1848003
0
31852171
2628
28452196
0
0
0
31878
143380
0
27866845
7548555
0
1128
37936405
6674031
44750530
1540
0
0
0
0
0
0
0
2145
0
717003
418155
0
2676141
0
0
0
0
0
0
0
0
10605315
0
0
48535878
0
676866
2033136
566501074
1653471
0
406
12854985
0
5019696
0
11340703
0
15705210
0
0
0
48861555
0
0
559523458
3441376
0
0
0
0
0
0
0
0
0
22194453
0
10472176
0
0
0
0
0
0
0
0
0
0
33288720
0
0
0
0
0
0
0
27569025
0
0
0
13846953
0
247757395
0
0
49000050
0
0
0
15548676
837077443
0
242556
0
0
0
9264360
0
43852519
0
0
31011750
0
0
0
0
0
0
0
1180416
1796460
44797845
23191455
0
291466
0
0
0
25158871
299601653
0
40010985
0
0
0
0
3828
0
0
10688376
0
152194838
36778176
0
325
1035
0
19025196
0
12017253
300
0
0
0
0
0
0
1900275
0
1447551
0
0
1370340
0
0
39957330
0
0
0
0
247324760
0
0
0
0
0
0
554926140
0
0
0
0
17090781
30961289
0
0
0
0
0
0
1
13033065
0
17455186
951190251
43622470
371839535
1284003
0
277140
0
0
0
0
0
0
3457135
20483200
30381
31446415
23348361
0
339664802
0
0
0
0
0
0
0
0
258840
13444705
15061816
0
0
0
0
0
36171765
2080
2775
0
0
0
64277125
0
0
11174628
0
0
0
276
0
0
13007550
0
0
0
0
0
0
0
0
0
0
19086931
0
0
0
0
703
0
0
0
0
91
0
0
42841396
0
142943680
0
0
853471
5150445
1013738339
31900078
48348861
0
1987021
25909201
0
11695866
0
4282201
0
0
0
0
0
0
7886406
0
0
7579671
0
0
1781328
21
0
0
0
0
25779790
0
1053426
0
0
27206376
0
231540
0
0
0
4815856
7575778
133386
0
19012861
46865721
0
12860056
0
0
0
67528
0
0
15028903
351
17603211
0
0
3433510
730236
0
0
0
3486
0
116210087
20056611
0
0
87361461
603338210
97461
0
0
0
0
0
325
0
0
45
0
0
43491801
6084816
0
0
763435469
0
0
0
809628
1112286
0
0
0
0
0
329266
0
0
34907190
5556111
0
0
0
0
0
0
0
77421
0
0
7393935
987722267
0
0
0
761995
0
0
0
0
29556516
19204503
8042055
0
0
396330505
40955775
0
0
24412578
820
5516670
0
14974128
0
0
496
0
0
0
0
0
0
0
358290013
0
0
0
0
0
0
659526
0
0
17895153
0
0
0
1176
0
33820597
555985
0
0
0
2775
0
0
0
42471936
0
35449473
0
351
0
0
0
0
25851645
12135201
6773040
19384651
0
0
15
16764945
0
0
0
31876120
0
0
1830
371292279
499957356
0
49118916
0
9286064
48733128
22791376
20998440
0
0
0
146611
2973141
7214301
0
0
0
13351528
0
7051890
663452277
2775
3952266
31676820
0
0
0
26956153
10771761
0
989121
5233067
0
0
0
0
0
45737535
2080
0
0
7604099
0
7513626
0
0
10024003
4385241
3547116
5214835
28
0
0
0
0
0
0
1300078
34698615
0
0
0
0
45921736
0
0
0
0
0
0
0
0
0
0
0
0
0
0
0
0
3828
0
0
710061187
0
561
0
0
0
1225
0
0
0
0
38891790
1452660
0
7649916
0
0
0
15459580
0
0
27730
300
0
0
0
0
0
0
0
561
0
13392900
1540
1
0
0
26933617
0
0
0
0
7033125
3655
0
378
0
0
0
1
4438710
66
0
26154528
0
0
0
33264246
0
10463025
0
25808520
0
9088716
16880955
45110751
650630398
0
0
8321160
24503500
0
0
8767578
0
0
0
0
0
25407756
13227796
6256953
0
559836380
0
0
0
0
0
8452216
0
0
1275
188805
0
0
25686528
0
2883601
16213665
0
0
0
0
4128501
140319331
0
0
16339186
118789418
0
12403
0
0
17419753
1516411
0
40693731
0
0
9472128
0
444989893
0
10
0
0
0
0
187578
0
0
18994366
0
3
0
0
0
0
0
0
0
0
0
0
0
1770
0
0
0
3403
0
276
0
0
0
0
0
1081
0
0
0
7696926
0
105
0
0
0
202566
231
1770
0
102378
43175278
8443995
0
0
45034795
0
0
206039989
0
9695406
0
0
21063295
0
8822100
0
0
0
0
0
0
0
32437485
0
0
0
4604095
0
0
0
0
26787540
3321
44883075
0
0
0
0
0
0
0
9956953
0
0
0
0
0
0
0
0
0
0
2135211
378
171
664128
0
0
0
0
0
0
0
0
0
0
25073821
0
0
171954304
0
0
0
946
0
0
0
2080
0
0
40333671
0
54381549
477940016
283881
0
0
2080
0
230875462
0
0
0
0
0
0
0
0
34440850
7195321
0
378
0
0
0
3486
0
630
0
38971206
0
0
0
0
0
0
8078190
0
0
252492499
0
367742720
233660652
31740528
0
16322041
0
0
0
0
741
0
0
0
36435916
0
0
0
0
136
13377378
1234806
4640581
0
0
0
0
0
0
210
0
19471920
0
0
0
0
0
0
1309771
452676
0
0
0
0
3146286
17555775
0
33895261
0
0
3
0
0
38882971
26658073
0
6850551
70796640
0
0
0
3278080
22167811
2145
0
0
0
0
2080
0
0
0
0
0
0
0
0
0
0
2211
0
0
0
16436511
0
14329981
0
0
18785385
0
21889036
0
0
0
300
838962285
35705475
0
2416701
34649181
528
0
0
21948625
0
0
27784785
0
0
0
0
28648665
0
0
0
0
19415796
0
25722378
0
2850
0
0
3444000
0
2338203
0
0
0
0
38838891
0
0
2080
647665086
0
0
0
9229956
0
0
0
4420851
0
45348526
0
0
3714175
0
0
8106351
0
0
27095841
0
0
40360620
0
0
35435571
0
0
0
0
264628
0
0
0
0
298378
18760875
0
0
1828828
15023421
0
0
0
0
0
8170903
0
0
0
0
666
276
19111653
0
0
0
0
4818960
0
0
0
0
0
0
0
0
0
0
0
0
0
10
3
0
0
0
0
0
0
25772610
0
0
0
511566
0
0
0
0
0
0
46104003
50365337
0
0
0
0
0
0
4940796
0
15034386
0
715806
2170486
445096
0
0
3441376
44665426
0
0
669421433
3486
1275
724439147
0
1540
0
36949405
0
24140826
0
0
0
4096953
0
0
0
38900610
41655628
0
0
0
0
0
48348861
0
0
32156190
0
0
6787770
0
19409565
8191874
0
0
3003
0
25308055
0
0
8629935
0
0
0
0
0
46894770
0
0
31446415
211116225
12246
0
0
2016
247132390
0
28076271
0
40073628
0
0
3916
0
19428261
0
15
234270
0
22569121
149162864
372456395
0
786316255
0
91
0
0
0
0
760505076
0
12552555
46846360
18932781
0
42971502
0
522569717
0
0
0
0
44344653
1999000
26444628
0
13033065
10172305
78
0
0
0
0
0
0
1400301
0
0
0
0
24189490
0
43156695
0
0
36252013
0
0
0
9485190
0
1081
7381
0
0
1830
0
0
10573101
10651420
0
0
0
0
9187041
0
0
1653
0
15
300
0
1275
0
0
0
0
1275
0
0
0
0
0
2628
0
206915816
0
0
0
0
990
0
0
0
0
0
0
3221991
6140760
0
0
1466328
0
546535
0
0
577704666
0
3123750
0
5683506
0
32896
0
0
0
138437030
0
0
0
0
0
6973245
0
135460
0
0
18982041
0
0
0
0
0
0
0
0
0
0
3407355
0
0
281993227
6
595
1017102187
545490
19772616
11155726
0
0
0
0
0
0
0
0
0
910115507
0
0
10330785
0
0
0
0
33370365
0
0
0
0
0
0
24742095
0
0
0
595
105
0
130106542
1043908690
210
992421530
0
3189075
786885
0
2016
0
0
0
27695403
0
0
0
0
36932715
0
0
0
33020001
1001464584
0
0
0
26735902
7536903
650441648
2104326
15791
0
0
0
0
0
0
15582153
0
2080
0
0
0
0
230860
0
378
0
0
3654456
24629671
200028
0
3828
0
2061465
0
0
0
15890703
0
0
0
0
0
0
0
0
0
0
24791361
0
0
0
0
48181836
300
21343311
0
8448105
120
0
39520495
906757571
0
0
0
0
0
4270503
0
0
0
47819310
0
0
0
19019028
0
946
0
0
1904176
0
32922555
0
0
307439621
23918986
11778231
0
0
0
0
0
653277149
5592840
1711
22980810
0
0
0
42817278
0
0
0
0
0
0
0
0
0
20069280
0
1813560
0
0
0
2318781
0
39948391
6659425
6441
0
1751256
12352935
0
0
0
0
3651753
7074441
0
24706935
10716135
0
9655815
0
0
2386020
0
0
0
672865266
0
0
0
9016846
0
0
0
1931595
11155726
0
0
0
1565565
0
0
0
611065
33829425
0
0
37805860
0
0
2087946
0
0
0
0
0
1275
0
821121
0
12567591
0
0
0
13145628
0
0
0
0
0
0
7003153
0
0
4878126
0
0
24461515
0
0
14712600
0
0
46469620
0
0
0
741
5911641
0
0
24310
26765586
0
0
0
0
0
8876791
136925930
0
171405
741
0
0
142241
0
0
0
0
0
20528078
0
0
0
0
0
336610
406
0
0
0
0
1335795
8317081
16003653
0
1081
18395145
990528
1830
76353555
0
190
1326
0
0
2080
3653059
0
22642204
0
325
31756465
0
0
0
528
20355390
0
0
0
17853300
0
4984903
0
5717271
39751986
8990920
0
0
0
6445845
738720
0
0
3486
0
0
1540
241165
24344528
1949325
0
0
86736
1878891
30408301
27859380
0
0
0
0
0
0
0
0
191277840
16962400
0
0
8838910
0
0
561874
18803778
4723201
0
11695866
0
0
0
2476425
0
0
0
0
0
4059825
0
0
0
2628
24036711
406
0
0
0
0
0
11914521
441989217
0
0
0
0
0
42637995
0
3262735
28618395
0
0
0
46992324
0
0
0
0
0
0
0
0
0
0
10376290
2278
1225
0
941658807
15
0
0
8746653
0
0
0
0
0
4074085
0
35697025
0
35082876
0
7103862
39894778
0
0
0
0
0
2320935
0
0
3916
759402672
7878465
1390278
16145403
0
0
0
35798491
14207833
0
39484394
0
130816
0
0
800745
0
0
0
0
0
0
15381831
0
0
135425914
2628
0
26802181
0
7267578
0
0
0
0
0
3570
0
30135966
0
4628403
497724411
0
51681
18401211
45596475
0
0
0
0
0
49735351
0
486383991
0
17973010
10836840
873404233
0
34840378
0
0
18742503
0
0
6999411
0
0
332857342
17787630
0
0
15565410
3876720
19791486
20056611
103285
0
0
12885426
0
38980035
0
1540
0
0
0
0
0
7918901
0
12885426
3876720
0
0
38224396
0
0
881494418
0
0
9376615
0
0
0
484154300
42195
387640
6281740
0
0
0
0
0
0
0
0
0
465
0
0
0
0
0
0
129304111
150493990
396495
0
32445540
1256905
0
8065991
18718021
0
0
0
0
0
0
0
0
3879505
0
622170
0
0
20259795
512578
0
0
0
741
12462528
5744355
0
0
0
0
0
209628
0
0
555985
3146286
7359366
2120770
0
0
0
0
5829405
0
34573770
2512161
0
3570
0
4450636
9208486
0
0
34349616
0
0
0
821756336
7100796
0
0
0
0
16764945
0
0
0
9127231
0
302253
24398605
0
0
0
0
0
0
0
8618053
45778096
0
0
3828
0
0
0
0
903840
0
55
1521640
2814378
47117778
0
0
49770
0
1418770
0
31597275
0
0
0
0
0
0
0
0
0
0
0
0
944710074
0
7397649
0
0
0
0
0
389403
0
0
22723911
0
0
0
21167271
0
0
0
38381941
0
0
0
1335795
0
0
1148370
2874003
0
0
38980035
0
300215614
237016
0
0
0
61633088
0
613278
0
0
9845703
0
0
0
0
0
0
107010740
0
0
0
45
0
0
0
5331745
0
0
0
1128
0
0
48782503
0
0
540280
0
0
0
0
0
24433545
0
0
50376289
0
157292708
3083886
0
0
2155926
0
0
579360577
0
0
0
0
0
0
216420918
33673321
0
0
0
0
0
0
0
0
1337430
0
0
3448101
6363528
435
0
14496420
0
4831386
0
41527941
21555240
0
0
0
6303025
0
0
0
31692741
0
0
0
0
0
686206
0
0
0
0
0
0
860016
20701395
9890128
0
0
0
0
0
31884105
0
0
0
2618616
0
0
0
0
27184251
24692878
0
117370
0
15481830
139656
937306309
534800172
0
0
0
0
1381411
0
0
30752403
0
0
0
0
0
0
0
34432551
0
19440730
0
0
0
1629915
0
5566116
1385280
0
0
0
0
0
0
0
1581531
5466471
0
0
10958221
2465310
0
0
0
53157311
36992901
0
0
23396220
0
1035
0
0
49496275
0
69524821
0
0
0
0
0
6228685
0
0
0
0
0
3966336
21
0
0
0
0
15621255
2548153
14690910
0
0
0
6140760
163306
0
0
2556
0
0
249432533
0
0
378
14535
0
7716556
0
0
79185059
13279281
0
0
48093528
0
3828
2134003
0
0
0
43660
4122756
1485
0
0
0
16322041
2007006
0
0
0
6295926
0
9234253
0
13351528
719799400
0
0
178815902
0
0
0
300
5124801
0
28278960
13019862
0
0
40754636
14815846
0
791786251
13191816
0
0
0
25579128
31684780
0
86218
0
1995003
74305
0
300
0
0
0
0
0
2951235
0
72011608
0
0
0
0
0
0
0
0
2145
0
43800120
0
39912645
119805
0
0
651165879
0
0
0
0
16290
0
43978131
3113760
2083861
0
0
0
0
0
1225
0
61950724
0
169497093
0
0
2503203
0
0
0
12920986
48090069
0
0
105
0
43342705
0
0
8468670
47895
41136985
0
0
78
634359535
649081991
0
0
0
528
0
0
0
0
0
0
0
1380291
0
0
0
0
0
0
23375703
0
605550
0
0
0
505114023
23457825
0
0
0
31478145
12403
0
0
0
9307455
140723106
39476055
0
0
0
0
0
76460613
0
0
42076551
0
29379945
1417086
0
0
3
563391
7237110
0
0
0
0
20733580
357196018
0
0
0
41001040
0
0
914628
0
0
3081
0
0
0
0
0
0
4585906
0
14491036
38023560
0
0
8070153
0
0
17865253
40396566
0
0
0
78
136
0
4400061
0
0
35747740
0
0
0
0
0
37834400
727095543
0
20637100
3570
0
0
31414701
0
22744140
0
0
20119996
164986542
0
0
0
0
7374720
0
43379955
4094091
34716
0
3828
0
0
0
0
253
0
0
8191128
0
0
0
0
0
6449436
1781328
0
0
0
0
441330
0
0
0
0
0
527878
0
3394315
0
0
0
0
0
0
0
0
6225156
969528
0
0
0
0
41728680
0
0
29733616
0
1396956
0
0
91
0
0
0
0
0
254541
0
0
0
4462578
2104326
0
1304920
0
0
108811
9285895
0
0
0
1427205
0
0
0
0
0
7536903
0
0
0
20869030
0
0
91
3916
0
11551221
0
0
0
0
351
0
0
136
0
20432028
0
0
0
0
4815856
0
0
0
0
0
171608748
0
24415645
0
42287806
339448631
632250
0
0
0
39015361
0
300
0
42425866
0
0
0
0
0
0
0
0
0
0
149331
17901136
0
2628
0
0
0
3160
0
0
0
22366
7626
11802511
6
0
230181
0
0
324415
0
0
0
0
0
225634830
15
1332528
0
0
0
0
310232263
0
0
0
0
41073516
1622701
0
0
3211701
90525
0
0
630
528
0
0
0
0
0
2256102
0
0
0
5348085
0
5592840
414198110
0
0
0
0
0
0
0
105721948
26934130
102176779
0
0
0
0
0
21849355
14701753
0
0
1030214
0
0
0
0
15
0
0
0
0
0
0
2016
14378203
0
9655815
2080
465020409
0
0
9783676
0
0
0
0
25708035
0
830116
14582700
0
0
18852870
25024275
465
0
0
7363203
0
0
46923828
0
0
575363976
0
33747220
1821186
0
0
1383616
6754650
0
512488696
0
990
3790881
0
0
0
263175
0
0
0
0
0
253
0
0
0
27317136
52507261
0
8767578
31240560
146338749
0
0
37640826
0
0
28136251
420013732
0
28641096
0
1633528
43365
0
0
0
0
0
31335486
0
0
0
265835075
293446281
0
0
2047276
0
34184046
0
0
0
0
458271694
0
8605026
7018131
0
300
27117930
0
0
0
0
930930
0
0
34076640
0
0
0
0
19012861
0
0
0
0
21671236
502503
460097270
33739005
0
0
1378
21
0
5250420
9823528
0
0
0
1142316
253
0
0
0
0
25878
0
0
153
0
49770
0
8740382
0
0
0
0
37212516
0
0
0
36
0
0
9337681
0
190
0
0
325
890238984
0
0
29564205
0
0
561
0
369370
0
0
0
4022866
807716140
0
12352935
0
0
496
13632031
3570
0
83373786
0
0
0
0
33011875
25471953
0
0
3326910
0
0
0
46604685
0
2715615
0
0
0
91
0
0
0
0
13377202
12865128
0
33468471
0
4391166
16776528
1662576
0
0
0
38460835
0
20707830
0
14397862
0
3051685
0
0
0
0
0
858872801
0
19513464
0
0
300
0
0
35778
0
0
0
0
0
0
29379945
7256145
0
0
24594591
0
0
0
0
0
0
10024003
0
42896953
6809895
0
0
0
0
0
0
0
26736328
0
0
0
41929903
0
335863620
0
6417153
31327570
0
0
55
15931
0
0
0
440731535
44580403
34002381
0
0
0
0
0
7191528
44850
0
0
831405
0
0
32188276
35908575
0
0
91
0
0
27866845
0
0
0
15155265
0
8650720
310866
2016
1275
42591835
0
0
0
0
0
0
30470721
6409990
0
0
0
0
0
0
0
5634212
598965
0
21006396
0
0
0
0
0
0
0
0
253116
0
0
0
185702075
0
0
0
16985706
33484836
0
0
21089265
0
0
55
753378
6637546
0
0
589155
0
0
20502406
0
0
0
31003875
10235550
0
55
0
14388930
0
0
0
0
0
0
0
19741186
0
0
0
0
49775253
11580078
0
0
0
2845305
0
3570
15964075
737725926
0
11792796
87445812
2250381
2710956
0
0
47672730
2080
0
55611
0
921403
456080888
212878
2701
0
0
0
0
933661
0
0
44420025
0
0
0
153
0
0
0
5443350
0
0
0
0
0
903
0
0
0
35823880
0
0
0
15374407
0
0
0
465
23512653
44231715
0
25087986
0
0
0
14232233
0
3368310
0
0
4320330
0
166811055
38145745
0
23485231
0
0
44759991
3103786
0
0
16236451
0
0
0
4753986
12085986
0
138397270
0
0
0
1786995
0
0
3725085
0
0
1326
1596
595
0
0
17437465
0
0
0
562400998
0
15520806
1540
460320
0
0
840456
0
46228920
0
20707830
16339186
2876401
0
1576200
0
0
176087274
1711
621054938
0
0
0
0
0
0
0
0
0
0
0
0
159809491
0
0
13038171
0
5137615
0
9016381
20611410
0
0
0
0
0
20534436
340061111
1540
0
0
0
0
352380
0
47662966
0
0
0
0
8231653
0
0
13694761
0
0
0
0
0
0
0
0
0
0
11080278
0
0
4812753
0
358281
0
0
0
0
0
0
25180156
0
61425
34848726
0
0
0
0
233586
0
300
0
0
2715615
2850
0
0
0
0
0
0
0
0
150975
0
0
106491
0
0
0
0
0
171
0
0
0
0
24868878
2680770
0
0
136503
66
1771903
0
0
22696953
0
413213037
0
0
0
0
0
0
2611755
0
869221
0
0
1540
0
0
0
49676162
0
0
0
3321
0
0
0
0
0
0
0
0
6060421
835981017
465
5932290
595
0
11326420
0
9372285
0
0
0
23171028
0
0
0
0
0
0
0
2037171
0
38503
0
0
46334751
8411151
17319555
0
21225870
169879092
0
0
0
11841411
0
0
27665641
0
2556
0
0
0
79003
0
0
0
17372565
0
1326
0
0
0
650370
0
0
33755436
0
0
0
0
0
5013361
630
0
0
0
24615636
0
14631345
60726
0
0
0
0
3344991
29974271
0
0
0
406
0
28
593142390
0
36838236
990
0
2469753
13268976
561
0
3081
0
133546297
0
0
0
15638028
0
0
44665426
3796390
45243828
0
0
0
0
799480
912118
0
14010571
0
0
24854775
0
5387403
0
0
0
0
0
72010
0
0
0
0
6090922
0
0
0
22174470
1415403
0
0
22301181
20291635
7950078
87153
105
0
0
120294266
0
0
0
0
0
572985
20062945
0
392262657
29479681
4671096
0
0
0
0
0
0
3003
0
0
0
22361328
0
0
0
1019909052
3828
0
17943045
0
300
0
0
0
0
2878800
0
19136391
38338146
45451
1425516
0
0
0
2145
0
0
0
276
2505441
3757911
2898028
0
0
0
0
6200481
0
0
4988061
0
0
0
0
548374390
0
47156616
28331628
0
0
13999986
0
262812088
0
0
0
0
237046102
0
0
0
434210105
0
11312146
0
0
25743900
0
0
0
8284485
0
475800
762868394
24657753
0
0
0
0
0
6843150
0
0
44062578
5440051
0
0
0
0
31438485
29242128
0
29326311
0
0
0
243228443
0
0
0
4186171
0
0
9446031
0
0
0
0
2454220
7301931
0
633375
0
0
0
0
0
0
0
0
0
0
0
0
17038203
0
0
22481865
0
0
0
0
1250571
0
0
0
0
0
0
0
0
0
0
0
0
0
0
7712628
2016
0
1081
0
0
568711
0
117752304
0
0
0
0
0
0
0
739319293
1030330
0
1830
82620632
0
0
0
0
0
784378
0
100789136
0
41028211
607753
0
153008893
33060646
325
36932715
0
0
0
0
0
0
1176
3034416
0
0
0
0
11657206
0
28595703
24995985
6151278
46856040
28595703
213562454
0
7681240
0
0
2131080
0
502693979
0
0
0
151140270
0
0
378
0
0
0
0
53956
1340703
0
2550411
0
25393501
2346
6232215
0
0
0
0
0
0
214630034
207690
0
0
0
0
227475
0
0
0
300
0
8864155
209180506
0
0
0
28226341
0
1176
0
0
0
0
0
0
0
0
0
7846741
21115251
0
48960460
0
0
42601065
0
0
45
0
604630866
6032601
90149915
0
2943951
0
260941909
0
36
22428253
0
0
0
211008591
0
0
0
326836
0
2016
351
741
0
0
0
0
7413175
14892153
9187041
2859636
0
528
0
11686009
7290471
0
4649725
1026107680
18027010
21855966
0
0
0
0
0
0
0
0
0
0
44155133
0
0
0
0
22241115
0
19058327
0
0
0
47312128
18895878
30205878
17859276
0
9007890
0
0
1176
0
0
0
0
0
0
0
0
2485
0
0
0
0
0
0
6528691
3916
0
0
0
7405476
0
0
0
0
2776546
0
0
0
0
0
12652965
0
21441426
820
944625
48457090
0
921403
0
520710
0
15271101
0
0
0
30478528
0
0
0
0
0
0
1032751596
8313003
0
0
0
3161355
0
0
0
0
0
1558495
15896341
0
0
0
0
1540
42934011
55
1911990
0
34424253
0
16836
0
0
0
0
0
0
0
0
0
261726
0
0
0
8822100
365256902
0
2857245
0
0
0
0
103341786
0
903
0
0
0
0
0
2342530
0
0
0
0
1050349686
15733245
0
0
16350621
0
0
0
0
0
0
20592153
630
0
2281381
0
21789901
1495585
0
67161
1876953
0
561
13058605
0
0
0
23485231
0
0
720437140
0
0
0
0
0
32265672
16939110
25144686
0
2069595
0
0
10850811
0
3570
904001988
300
0
19291366
0
1540
33223476
435
3232153
77976764
0
0
46180855
0
4809651
8918976
0
0
0
0
75078
0
0
0
0
3963520
516464924
1
0
0
0
0
0
0
0
2778903
43689865
0
0
0
0
36495696
0
0
0
0
12602710
0
861
0
0
300
13527801
0
7646005
0
0
22750885
0
0
0
5460
27302355
0
0
0
0
0
0
0
0
27169506
3017196
0
0
0
0
3786777
0
0
27494820
0
0
0
0
23558755
1378
36
125997772
0
0
0
0
0
5965915
0
108419775
11551221
0
1581531
11488821
0
318801
0
2465310
0
0
0
0
0
0
0
11724903
0
0
41354965
0
2440945
4588935
10697625
0
0
0
45
1830
0
0
0
47321856
0
36761025
0
0
0
0
0
0
1275
0
0
741
1660753
0
876185426
0
20272528
91
0
0
1485
35806953
7432440
31098441
0
5410405
3232153
0
0
210
0
0
25052581
0
0
0
494016273
0
33305041
11821953
0
0
0
0
0
4403028
0
0
19509381
0
0
0
0
0
0
42499590
0
6352830
0
0
26106
237016
0
11870628
0
0
6420736
0
830116
0
15309811
79156351
11904760
0
11671696
0
0
14758207
0
0
12743676
50527050
0
703
0
0
313769844
0
274405737
147153
0
0
4003035
0
3741
0
28952245
0
0
0
0
0
8600878
0
36769600
0
3344991
0
27740076
17061561
0
1832655
0
0
0
332570207
0
8872578
22876918
0
0
0
0
814726
19039416
0
9105778
0
15409576
0
0
55
43762690
0
0
6670
0
0
0
0
0
0
0
278443867
0
0
0
0
0
0
64882540
117914073
0
0
0
23653
45063271
4405953
0
0
0
0
0
854778
0
0
0
0
0
0
247456
0
437580
0
0
96557412
0
0
0
0
0
14175150
4088370
0
4011528
0
0
0
0
0
4896885
0
0
0
0
0
2973141
0
5506221
84922256
0
0
0
9524430
20336253
55
0
0
0
0
0
0
3960705
47692261
0
10463025
0
7556328
0
0
29671956
371091
296835
0
0
0
21895653
685035
0
0
0
0
0
0
0
0
0
30291436
0
0
0
0
15072795
0
0
0
0
0
5734191
0
67161
0
8746653
11312146
42214266
595
0
0
0
13941840
0
28248886
0
974228902
16304905
0
740236466
0
0
0
0
0
0
0
3303735
37727641
0
0
0
0
0
3003
0
20894880
0
0
0
402753
3528496
26024505
0
0
10449306
0
13715703
0
0
630
2158003
0
0
15
7340196
1422141
9182755
33435753
0
364231
0
0
1274406
0
0
0
45415215
0
0
0
0
0
595
43753335
0
37346403
0
0
0
0
0
17390253
0
28098756
10231026
3316600
0
0
9870
0
561
0
26796
0
3916
113945411
0
0
0
0
0
0
0
0
630
0
1036080
0
0
0
1794565
37753705
707455
0
0
0
0
0
0
0
0
0
0
197506
0
0
0
0
0
0
0
0
0
0
675703
0
3081
0
0
31256371
0
34134453
19634511
98790
0
0
0
17704225
0
0
0
0
1176
0
26359
0
0
0
0
0
0
17205
0
0
3204246
0
0
0
547622558
0
4348297
6648481
217470
820
0
0
0
0
0
0
0
10665271
0
0
0
8613325
0
0
0
0
0
0
0
206747995
0
641278
10883445
703
0
0
45
0
0
8834706
0
23946660
11982960
0
0
0
0
3584503
0
0
0
20387305
0
0
8518128
0
179385797
0
0
0
0
0
0
0
0
28
0
0
1035
0
22717170
0
0
0
0
0
0
619162273
36171765
27710290
0
0
0
0
93460
0
254482570
0
0
0
7233306
0
0
0
0
21
0
406
0
0
2293011
0
94520185
0
435711
0
0
0
0
8390656
0
0
0
12002550
41164201
0
0
0
0
0
43996890
0
0
3240
15459580
0
0
785631
0
0
81406
0
0
78
241165
0
18902026
0
0
30564471
3153816
0
5070520
0
973304391
0
431985
0
300
0
1268028
0
30572290
0
0
0
0
0
16020630
0
0
849556
0
0
193131
509144633
2452005
6962046
0
0
0
0
0
87153
0
0
0
1540
15
0
0
0
0
0
2179822
0
0
0
0
0
0
0
0
0
0
6637546
7610851
0
0
0
91
263618241
26154528
3209311
300
0
0
706266
0
5670028
55
0
1246228
0
0
0
0
0
226801
1711
283523657
0
0
0
0
6285285
0
0
905185
23252790
0
0
0
0
0
299151
0
10665271
0
430128
0
781875
0
0
0
18111171
39493828
0
0
0
0
0
23341528
0
0
0
0
254541
33394878
0
314453827
0
31346
18516655
0
810901
0
1485
17249001
0
0
0
0
41582640
0
16616109
0
4003035
0
127260
0
0
0
41482386
6492606
0
22221111
11479236
0
45
0
0
0
9844263
0
0
0
0
0
7313400
863542982
0
0
0
0
190
0
5737578
0
0
0
0
11042650
0
0
0
0
0
0
0
0
0
0
0
0
300
0
0
23753278
0
0
0
16834503
0
25059660
26568405
40783996
215389620
144398589
0
0
0
0
27494820
0
0
0
0
14794080
0
0
0
0
0
502901640
43491801
0
0
1
0
951510
0
43213975
0
22068046
0
0
3727815
0
2628
0
1011753
49118916
0
0
22161153
31517830
58311
0
561
1690041
0
134421
276
40279800
0
749346660
15
0
0
0
203910347
0
0
0
0
0
0
0
95294897
1449253
0
0
794430
2500966
59685
0
1542646
391841025
39340
19142578
0
0
0
2016
0
0
13203
0
4180386
0
0
276
0
1431
0
0
0
3971971
0
0
0
0
3280641
8725753
0
31589326
5873878
0
9788740
0
0
14550315
8378371
0
1485
0
0
0
0
6652128
1378
485605
0
12880350
701517629
0
21520080
0
4851
213531
22804881
0
0
0
0
0
12273535
0
0
20572905
0
0
0
0
18730260
0
0
5569453
0
0
0
0
0
0
0
45377101
0
0
0
0
0
0
0
18075078
0
0
227475
0
25916400
0
0
0
0
23132321
0
0
0
19528125
0
0
0
0
0
16603203
0
55
0
0
8851528
0
1711
217619897
0
0
0
2539131
15783771
31868136
42370615
0
0
0
40028878
0
0
898470
44222310
48034701
0
0
0
0
0
0
0
17055720
0
0
0
29795340
0
247535302
0
0
0
0
0
0
0
0
0
0
0
1050525
0
0
0
0
0
0
0
0
8600878
0
0
0
30650932
0
0
561
0
0
0
0
7271391
0
0
8801110
0
0
0
0
5680135
0
0
0
0
57119282
0
0
0
0
0
0
3571128
381501
0
40297753
0
26205180
0
0
0
0
21598878
0
0
0
436645
0
15188316
0
0
27730
0
19968040
0
0
0
0
3673405
0
2850
0
0
30572290
0
33150153
0
0
0
0
0
4355676
0
0
0
0
10153
0
946
28286481
735078
0
0
32062542
0
2710956
0
0
449069559
11484028
0
6906186
0
38601291
0
0
0
181147124
23918986
0
1431
21710755
0
23732605
0
0
0
0
0
0
0
0
0
0
0
0
23191455
0
0
0
0
0
0
0
0
0
741
42257121
0
0
299151
0
711345012
13320541
0
0
9541896
0
28
0
14799520
9393945
0
4361581
0
0
0
387640
820
465
0
449745323
17768598
0
0
712827208
0
0
0
69064145
846433778
0
0
0
0
0
2797795
10118251
0
0
2871606
0
0
6438666
0
0
0
0
928203
761862968
18608050
820
1225
60726
0
177109161
156204781
0
1348903
576246857
0
0
0
0
21737121
0
205120
3321
0
49486326
0
0
0
49650123
0
0
59402198
0
0
44816778
0
0
222778
0
3916
0
0
0
36112251
0
0
0
0
0
0
0
0
0
0
0
0
528
642411
0
38980035
42850653
16782321
0
0
0
0
0
26919453
1100386
21506961
0
38566153
0
19056051
0
11412253
0
5124801
0
0
99791168
55440183
0
672220
0
0
0
0
0
14714719
8038045
0
0
0
21677820
0
1
0
6278196
10122750
0
0
17567628
3579150
69826578
0
0
0
0
0
0
0
0
4753986
0
0
296850559
754606
0
0
105
254477176
0
0
0
0
0
757172780
0
0
0
0
0
0
0
44551
0
13310220
0
33693116
0
0
0
165600
0
0
0
393810374
171
0
36461530
38434528
184528
0
26451901
0
13559028
9380946
0
0
0
16122681
289327121
10846153
13957686
0
5321953
4769416
0
2662278
0
0
0
0
0
82215
33837651
0
0
0
0
0
0
0
0
0
0
0
11570455
94429406
0
0
0
162165
0
0
20476800
2016
0
0
0
0
0
43398586
2440945
0
0
0
0
0
391663910
0
0
0
0
0
166753
0
37191000
0
0
0
40208028
0
0
3840606
0
0
0
10808925
0
19528125
0
0
0
1540
5519503
0
0
239031283
5676765
0
42352206
24440536
0
0
0
0
0
0
0
0
2415
780
514885326
0
0
1368685
0
0
337431
0
976503
0
6207526
0
0
0
22858941
0
1596
7966036
0
0
29043631
0
5539456
0
0
256436472
0
0
0
0
12688203
2346
6478200
0
0
0
0
41555286
0
0
0
306936
34449150
0
0
35393491
679470617
0
0
91412700
0
29326311
0
12228985
0
0
0
66
22428253
0
0
9152781
0
0
0
0
6485401
0
202370734
0
2701
0
0
0
0
0
0
0
0
0
0
0
0
0
2187572
0
0
0
1
125895601
0
0
19471920
28
0
24728028
0
540280
0
0
0
28128750
0
3296028
5911641
0
0
0
0
36018828
0
5292631
0
1553203
40531506
0
0
0
0
48644316
8280415
18583656
0
0
0
22613603
0
165025
0
326836
0
252355171
3184026
35091253
0
0
48614730
3186318
0
0
0
0
0
0
0
0
33525766
0
0
29571895
9978968
0
0
8345655
0
0
0
19949086
27789226
35393491
561
0
0
157002645
0
0
26750955
0
0
0
0
3916
39271953
0
0
0
0
0
41055391
0
0
28975078
0
9472128
1431
0
0
390154949
0
186056915
0
0
33108706
0
0
0
1128
0
0
20464003
0
15338579
45243828
0
0
0
0
0
1653
2898028
0
0
0
0
0
5785101
0
7886406
7279020
0
0
0
0
0
0
0
36581181
20082802
0
0
4329153
0
5768106
46856040
0
0
0
0
0
0
0
0
0
4405996
1035
0
0
0
449207914
0
0
0
0
0
0
0
484140109
0
0
0
0
0
260281
0
0
0
0
0
24664776
4906278
47040150
0
0
0
0
0
0
0
0
0
0
0
0
48457090
0
0
0
0
220355723
0
0
0
0
76164512
0
20489601
0
0
0
1081
0
0
0
1851850
0
0
466095
0
0
0
0
0
4828241
0
0
0
0
0
24545521
0
6271981
0
0
0
3
0
0
11340703
2471976
0
180790254
276
257403
0
1499046
552826
0
0
10
5602878
1275
0
168490
1231665
0
0
0
0
0
20285265
22368016
0
2023066
2584401
0
30416100
821121
1891
0
0
0
595
0
48910995
0
0
0
0
0
400506931
0
0
0
30104920
0
6424320
0
0
687378
0
0
0
0
0
0
13150756
1081
0
227475
0
0
0
2850
0
0
49695465
72622057
0
0
428316281
0
0
0
4522528
0
0
0
0
5966785
0
0
0
91
3196656
0
4613203
41616
0
893480312
0
0
0
0
0
1337430
0
0
0
18595851
0
0
0
0
0
136
3635556
0
0
41920746
32188276
0
5364450
0
0
0
308783066
0
0
0
0
0
0
0
0
1016246166
0
0
0
0
0
0
0
0
0
28143753
0
0
0
0
0
0
0
0
8162820
5172936
639015
224597598
0
11288376
0
1275
0
0
3
25600590
0
7720485
0
23939740
11033253
0
3655
1596
287661
0
0
0
0
0
179979943
0
0
6958315
0
0
0
0
0
0
0
1
20894860
0
64620
0
0
34250226
630
0
16620495
561342829
0
0
0
0
0
6592543
0
0
0
32044015
49426653
0
0
0
17413851
0
522753
0
0
6029128
0
16939110
3659865
25414885
0
14637019
0
4000206
13284435
0
2331720
0
20132685
0
0
1197378
0
8885220
73153
0
0
7290471
2850
0
0
0
0
0
23653
0
0
0
276
9704215
0
4769416
0
18871296
0
22495278
0
0
15249003
528674398
753378
0
0
156520
18274035
0
0
0
1035
0
0
0
0
0
0
13962970
0
0
0
0
0
0
10693000
6725278
0
9961416
0
0
0
0
0
2145
28
42952546
0
0
0
0
19672128
0
903
0
15879430
4564731
0
0
0
0
4000206
1178880
0
396177927
22448350
15845635
0
136
0
0
0
0
0
0
10
37536780
0
0
32405275
369976779
0
3828
0
0
2483106
0
0
0
0
7783485
32044015
0
7759830
0
0
8128
0
0
0
0
0
26277625
32068036
29104635
0
0
0
0
0
0
4994380
0
0
0
0
38408230
0
706266
0
0
15654810
0
5408263
0
10501423
1425516
0
675525654
0
0
3592540
0
0
0
26545107
49168486
0
0
0
0
0
0
1540
0
0
0
0
0
4646676
0
29161
0
0
0
13408431
0
0
0
0
0
0
920864962
0
0
0
0
0
33812976
1029847746
0
279294626
0
276
0
0
8423460
0
0
0
0
0
14464131
0
0
225403104
0
20298006
14864878
0
0
0
0
0
0
820
0
31676820
0
0
24140826
0
17372565
0
0
0
0
741336782
1
0
9402616
0
1851850
26985531
0
0
0
0
0
0
35149920
0
729028
0
0
2516646
12022156
0
0
22663278
0
0
24791361
0
0
41118846
0
6608430
0
33862335
0
0
0
0
0
20285265
76583242
9524430
0
0
0
0
226706931
0
0
25693696
0
28
0
219116117
0
0
0
0
9934653
0
0
0
0
0
905185
0
8923200
0
0
157714240
507528
0
0
0
0
0
0
0
0
0
91
0
990
65063062
0
1431
5539456
0
0
0
0
0
4005
34316470
1275
21043828
0
44363490
0
4137126
0
0
402343154
0
1130256
0
0
0
0
0
0
32817151
0
0
0
195564730
0
0
0
986161341
0
0
0
0
0
0
1033203
0
3321
3342405
52975
131196535
0
0
457446
0
7066920
0
0
46665
3828
0
1431
0
310498454
0
0
0
0
1275
0
0
0
0
0
0
0
0
0
900238369
0
2278
36461530
0
0
13868011
7958055
481983026
4191960
0
0
0
0
0
0
0
0
612911926
0
29772186
0
0
12367851
0
2145
3394315
1079715
0
0
28188786
0
0
0
0
0
2145
0
0
0
7681240
0
8497503
0
0
0
0
0
21115251
0
14255130
0
0
703206614
737505
0
19697226
0
0
0
40470
0
0
0
0
0
0
577284233
0
0
0
3128751
1023933654
14832181
0
0
0
0
0
3611328
19260321
6906186
0
0
14615121
35849278
25010128
0
3403
7579671
0
10393905
22495278
0
0
0
35637903
0
0
4591965
0
0
0
0
56953
0
0
0
120
3054156
0
0
12592671
0
325
0
0
0
0
0
14292531
66842371
0
0
12652965
45486553
3913003
0
0
0
528
0
0
0
0
0
0
219211996
0
48005301
2418900
0
0
47731335
0
26831475
16557135
0
0
3828
0
0
0
0
1253736
0
0
9616305
0
253
0
0
619494089
0
0
33648706
0
15415128
0
12617776
14815846
16003653
0
0
0
4337985
0
0
473544883
11885250
1629915
980055635
0
0
8276346
3076440
15632436
6216
0
0
1684530
2926
39876915
45451
0
0
13377378
0
0
129795
0
1
2724945
2881200
0
0
0
209041968
406
0
11075571
0
5643120
0
127206219
21030855
8481021
1466328
0
0
0
0
378015
0
0
7321051
0
0
0
0
15243481
0
0
471906
0
0
0
0
0
903
0
0
0
0
0
0
0
0
0
0
28982691
0
81003
0
0
0
0
0
0
0
76636
0
0
0
0
6516297
0
0
200028
0
0
0
0
1275
0
0
823863526
20862570
47917155
0
0
783704546
0
0
17967015
0
0
0
20881953
1225
3303735
27287578
0
39449403
299461762
0
0
38058450
0
23123400
0
0
0
0
0
0
0
2133145
1830
0
0
0
0
0
0
182106
0
0
0
0
0
0
0
0
16382435
1473186
0
0
0
8398851
0
37569155
0
3570
7093261
0
0
0
0
0
2312325
1128
47244060
0
0
3571128
465
0
6193440
2129016
0
0
0
0
0
42767376
0
0
276
0
0
0
0
0
41719545
0
0
0
0
0
0
561
0
0
910944282
0
0
0
0
3386503
0
0
0
0
0
0
0
0
0
8530515
0
0
18852870
13238629
0
0
2191371
9952491
0
0
0
0
0
37329120
0
0
93613784
0
0
0
2021055
0
0
0
0
0
29425956
0
2278
13377378
0
0
0
462241
25080903
0
9939111
0
0
0
0
5351356
0
724206
0
0
0
2316628
0
0
0
0
0
0
369537692
0
2357706
325
0
0
0
0
0
0
0
6
17348995
8128
0
350746662
0
0
0
45272370
0
0
0
0
0
0
4959675
0
0
0
253
0
0
0
19161145
0
0
0
0
0
10619136
0
0
0
683876780
412182901
41412226
0
0
0
0
17549850
0
214185
10435596
0
346419641
44778916
0
0
0
0
0
0
19936455
0
210
0
11865756
0
3081
7282836
0
0
594629032
0
0
0
861
0
11019165
0
2485
0
0
0
0
1540
0
0
33739005
0
0
0
853471
0
75608105
0
43008175
0
22366
0
0
0
0
0
0
0
13125126
13815396
2701650
0
0
1306536
0
0
0
0
168490
0
0
0
0
27732628
0
0
10962903
0
0
0
0
1431
0
0
0
5292631
0
0
0
0
0
0
0
0
1326
0
0
0
0
0
253
990
70813486
0
27228510
0
453628
0
0
0
0
889111
0
0
10118251
0
0
0
0
0
0
0
0
195814974
24629671
98087532
0
0
17698275
0
0
17901136
0
0
0
1
2178828
300
0
1275
186355
0
11783085
35233815
0
0
2595781
0
0
0
0
1786995
0
0
10
0
66
0
42067378
33591306
0
7526198
0
0
0
0
0
0
0
648702208
0
0
0
0
7134753
0
0
0
0
6381378
0
0
0
0
0
0
300
35646346
0
30338155
0
1431
529935
0
47770425
0
0
0
43417221
0
0
0
182310462
0
0
5029206
4258821
0
0
0
0
0
494647947
10734661
0
0
38583720
0
0
0
0
0
0
11860885
0
0
196192236
0
1303305
14680071
11836545
0
9682200
0
32695741
0
0
16904205
0
0
421652876
0
0
0
0
0
0
1
44053191
46527481
0
0
0
1540
0
0
781187871
0
12951505
0
0
0
126339262
0
0
0
0
0
459361
0
0
3014740
28
0
0
0
0
0
0
0
0
0
0
5956426
0
66716232
0
0
0
149068644
34420720
0
0
0
0
0
0
0
57156021
4726275
0
158932208
0
561
0
0
4831386
0
10192812
0
572341433
0
47789976
0
26136320
0
194376
0
0
95411
1247410
0
0
0
0
0
0
6303025
0
0
37545445
0
0
0
0
0
0
0
40603566
0
0
1594005
2254626
0
1
4382280
5393970
276
0
12017253
70991438
41966541
274170
0
0
5387403
0
42205078
23457825
0
0
44504895
10711506
0
1734453
0
0
0
293761
0
92648592
0
244833283
0
160944160
0
0
0
0
19974360
0
0
2211
0
4984903
224676242
5802121
0
0
0
0
0
0
0
0
0
339852482
163801502
39165675
11369296
20630676
0
0
0
0
0
3166386
24310
136
1819278
0
0
0
0
0
0
0
2236619
9921285
630
0
13398076
0
5214835
0
0
0
0
252405
0
550218749
0
0
40450515
0
0
0
0
0
38346903
0
26590278
23069028
0
14324628
13720941
7290471
0
9446031
8859945
276
0
0
3828
1038961
0
0
0
0
314134
0
11890126
1081
0
18480160
0
10440
0
45015816
3544453
20387305
0
28
0
24370671
0
0
0
0
0
42499590
435
1239525
0
0
0
29387611
0
0
0
21862578
2449791
0
0
0
0
0
0
0
0
0
0
0
2145
0
273430
27472578
0
17638830
0
0
0
0
40172166
0
0
0
9814665
286146
0
0
0
25686100
0
0
0
16997365
0
8464555
0
0
0
0
36137751
0
0
0
0
1830
8448105
13726180
0
6274653
0
0
0
0
243806356
0
42425866
831872885
15337491
0
9135675
0
0
0
0
0
0
0
0
37701586
17913105
0
13486221
16293486
16782321
0
435711
28
0
0
0
0
0
0
6445845
0
0
0
7815821
101412963
10285380
372816
822311294
13962970
0
0
0
0
0
0
0
0
31082670
597181
1646714
0
0
18988203
42462720
3828
0
0
8830503
0
12708361
0
0
0
0
9528795
45768528
0
0
0
0
0
0
0
34623681
0
528090496
0
0
0
0
0
91135646
0
32663403
15671601
135981
0
861
0
0
0
74691
0
0
570113768
694292379
0
0
20043946
0
0
0
0
0
105
6077841
0
0
0
0
0
311260439
8927425
0
0
1075311
0
8876791
20875491
47897578
9402616
0
0
1037520
0
0
0
0
0
946
780
2556
55
0
0
0
0
0
504510
597492674
10573101
0
0
255255
0
0
192171403
29341630
4340931
41929903
0
0
0
0
2174655
0
2987790
0
17514321
0
18135253
630
0
0
0
0
0
21889036
0
0
0
0
0
10808925
77028
0
4191960
0
0
0
3907410
0
2342530
0
0
0
0
0
0
0
8625781
41582640
0
0
0
0
0
14180475
0
0
0
0
0
37070355
0
0
103106590
0
8638246
3160
0
0
0
0
8571870
0
1376970
0
0
0
0
0
0
0
0
0
0
0
0
0
1176
25443411
0
977901
110327923
0
4975435
174113826
0
87990
0
0
615854335
0
0
426426
0
0
734677898
0
0
8923200
0
0
0
0
3101295
0
0
0
2628
0
0
0
41227740
0
301264713
0
0
0
0
105
18159351
4432753
477252134
675228900
2211
265802281
0
0
0
0
24885555
0
46360
0
0
18492321
0
0
0
15
1225
0
0
0
0
0
19701
0
2368576
413476451
28557903
0
28701676
0
0
0
0
0
30960824
0
0
97903
0
0
45405685
0
0
0
2211
0
0
0
98790
0
0
0
2080
0
0
7482646
33804753
2643850
0
0
0
0
48181836
0
0
0
0
0
371091
19086931
3828
276
4937653
3191601
0
0
5351356
455535
0
0
0
0
0
0
9603153
0
38408230
2415
0
0
0
32640
0
0
0
365085
346528
0
0
1540
0
13053495
0
3370906
0
0
0
926417
0
0
0
0
4701711
0
36
0
6313681
9298828
0
136
0
5035551
1010989677
1
0
2485
0
22287556
21902271
0
589155
27851916
11978065
3428271
0
48417720
0
0
0
0
0
0
0
0
0
0
6324346
0
1295245
0
0
0
0
0
0
25704002
0
0
0
2449791
0
1497315
0
0
0
0
0
2059435
0
0
0
0
0
1631721
820
0
0
0
19260321
0
0
3557778
0
137026
13820653
84829304
0
0
503977437
249242256
3977610
990
0
990
24321825
0
0
0
21232386
0
0
11734590
13109760
0
0
0
0
0
0
31375081
296065
0
207699972
1519896
251695
23103003
0
0
465
0
0
21945
0
0
0
0
0
0
0
0
0
11070865
0
0
355253324
0
0
32825253
10394520
0
11127403
2577585
11865756
8001
3815703
0
6791455
15177295
0
0
0
24307878
0
0
0
0
36632520
19241706
0
435
0
0
1540
661841291
47966059
0
21415240
0
0
0
0
1172746
0
48191653
0
0
0
0
38820759
0
0
0
0
44542641
741
764075169
0
3306306
0
0
42094900
11383606
0
0
0
508051747
0
0
0
0
1540
0
0
20202546
2646150
0
1271215
0
0
0
0
0
0
47672730
2926
5703753
0
2628
0
14864878
0
0
0
0
0
351853236
15481830
946
0
0
703
0
0
741
0
300
0
0
0
28807845
12323130
0
0
35936158
0
0
91
3
0
0
0
0
0
0
0
0
125777
0
0
0
0
0
28091260
529667326
436936642
0
39245370
0
0
0
0
0
0
0
11909640
0
0
7374720
6004845
0
0
1644515
0
0
0
0
0
2080
0
0
814726
0
0
1977066
0
963863102
0
3293461
655536140
0
0
0
7583565
42832140
1706628
0
0
0
0
0
0
622791790
0
0
0
0
0
0
0
0
30783781
546684891
0
0
0
7393935
44731611
0
0
0
0
0
0
16516878
0
24482503
0
1342341
0
1261666
0
0
0
276
0
0
0
10258185
0
0
0
0
15924546
780
0
34175778
30236976
91
0
9264360
238491077
23321035
0
1431
0
13752390
0
0
14979601
20856111
2080
0
0
442270
0
10646805
0
0
2432115
0
0
0
0
0
684798818
0
2342530
0
0
0
0
0
0
0
0
253
0
3589860
0
28
0
0
0
42214266
0
78
0
0
7830903
0
0
300
0
8567730
0
0
0
0
0
1038961
0
1770
2415
17871231
0
0
0
0
0
5380840
0
0
0
0
33020001
0
0
8082210
741
0
98790
0
0
0
0
2926
0
990
48476781
47487385
574056
53956
20604990
820
0
3630165
0
1081
0
0
0
0
0
0
2831010
0
0
0
5459860
0
0
0
0
0
0
4906278
0
0
0
0
18075078
0
0
0
0
0
0
621683330
0
20553666
0
0
0
0
46123210
0
0
22974031
25486230
11075571
4570776
0
20310751
8481021
378
0
110786418
0
0
0
0
0
0
3098805
648397056
10203903
0
15138753
0
6186403
0
0
0
0
0
0
29826226
0
0
0
1606528
41902435
0
0
0
7078203
0
3632860
48654180
0
396157
0
0
702139091
0
0
2926
0
0
0
0
36812490
0
0
0
2342530
0
0
0
0
0
0
1953
0
0
45081390
0
0
232221
0
0
3319176
0
1596
397314255
10385403
0
7529140
0
0
0
0
0
2415
0
0
0
488807481
0
0
0
0
248865
747253
329266
268409977
0
0
0
0
42730390
27517071
0
0
0
36239841
0
0
0
360825
575142026
0
47040150
0
0
0
0
182710
0
0
0
0
0
0
0
0
378
524087710
243598541
11919403
0
0
0
0
0
0
31916055
697594619
496506
759934973
41487564
44325820
0
10568503
13155885
0
0
23082615
0
0
0
0
0
0
0
0
8452216
0
0
0
0
0
0
0
0
0
0
11671696
0
0
66
2418900
0
0
0
0
0
0
4956526
8374278
114338813
27814611
0
0
0
0
0
741
11122686
0
0
0
3081
21723936
43931251
0
7974021
0
3570
1016649476
21710755
0
3227070
0
0
3640951
0
0
0
0
190
0
0
0
0
0
18699670
0
0
33223476
0
0
11841411
0
0
0
0
34275060
0
399445387
46675587
0
0
0
48250576
0
6029128
0
0
0
95266
0
0
0
0
0
12472515
0
0
3632860
0
0
0
0
0
293761
726779459
0
0
0
2241903
13705230
0
0
0
16043280
378
7970028
0
3916
0
0
2231328
0
0
690213241
0
0
43324086
0
537916508
0
0
0
0
0
0
0
0
0
0
0
413821405
0
0
28967466
1743778
9735078
0
0
0
0
25887610
54275386
0
0
0
0
0
0
8126496
47623920
63903
32760465
0
7100796
0
0
0
0
5221296
11445720
35477676
22926606
0
0
0
598965
0
0
0
0
0
35245
0
0
403924436
0
0
0
0
0
1830
10064341
0
6789381
0
12905740
84973412
190
0
22913065
0
0
105
21988396
4054128
0
0
5410405
0
0
0
1894431
0
0
0
10091278
0
0
8333403
0
0
46933516
0
103562432
0
1192740
407253
0
0
0
0
0
91
0
0
2476425
0
20247066
0
2566245
3904615
13325703
0
29097006
6980716
0
0
2211
0
13941840
0
0
0
40405555
0
0
1540
17137585
0
0
0
18336
0
2080
20914278
0
192427677
0
5265130
0
19503
0
12678130
0
0
0
15
0
0
0
5884165
0
7638186
0
990313561
47020753
0
0
19540626
43258951
0
0
21684405
0
21395611
895791
0
0
0
116470608
0
0
0
0
0
1
0
598965
0
0
0
41683015
5344815
0
0
0
0
15431790
2214460
0
2211
0
0
0
0
35722378
2211
0
874503
0
0
0
46142421
0
3191601
0
0
2628
0
0
0
7669486
738036075
44551
0
0
0
0
0
32308741
0
0
0
0
0
0
0
0
0
0
0
886835150
406
5466471
21030855
0
0
0
0
36761025
970456406
2701
3402136
0
33011875
3828
1029045488
0
0
0
9303141
3752430
605550
1352190
0
0
0
0
523776
0
1786995
0
0
48585153
0
0
0
0
0
0
250986
5089645
0
0
0
0
30533205
13361865
0
0
0
31549596
0
0
489613061
0
1447551
0
0
0
69262443
20496003
0
0
0
920779622
0
0
0
11023860
0
0
0
0
0
6991930
0
165067355
34648650
0
35166691
0
0
0
0
2323090
0
0
0
0
0
0
0
0
22784625
0
0
0
0
0
0
18286128
0
666
300
406
406
1540
46865721
35099631
0
0
0
0
0
64768136
0
0
4235505
0
0
0
12502500
630
0
0
0
0
0
3
1326
0
459361
3326910
1109817
0
0
28914210
0
1526878
0
0
14593503
0
0
145087066
0
0
48476781
0
0
0
1953276
0
0
35133153
0
616018025
0
17172730
0
0
0
0
0
1385280
0
15171786
1540
0
0
62236295
0
0
0
5364450
0
1036080
0
0
0
0
0
0
16511131
37580115
0
40892446
31129263
44608735
5670028
42739635
9581253
0
595
0
16863528
0
25779790
1303305
1693720
0
0
0
0
0
0
0
28263921
0
0
24918270
0
0
0
0
0
253
0
57271041
4806550
0
0
0
0
0
0
376278
0
0
0
1275
0
0
104222968
0
8211378
1500778
0
0
0
766941
0
0
0
0
47467896
0
0
27978940
0
0
0
171
0
0
0
0
0
0
0
0
0
561
0
762617076
0
0
0
32316780
0
0
0
0
23130201
0
0
0
0
3
0
0
0
0
0
0
3916
0
5633046
0
0
6
0
4391166
0
22161153
0
0
40504500
0
0
0
0
0
0
0
8128
6274653
19459441
0
11584891
0
0
0
0
0
0
0
0
0
0
741
0
20785128
48044503
153916755
0
300
0
0
0
595144317
30377115
36908143
0
30239576
0
0
0
20598571
27956503
0
0
0
0
0
0
1003236
0
0
0
6521466
0
0
630
0
0
0
1953
20088291
780625
0
0
0
4276350
0
0
300
1861485
0
0
14935845
0
0
0
0
0
0
0
0
0
25966821
699153
31525770
28
0
1516411
0
196251
0
0
0
0
0
0
0
0
0
0
2174655
1540
3081
23321035
0
0
0
543403
578350
0
0
55
49141
0
0
47536125
0
0
9585631
0
3486
0
0
2145
188805
0
0
0
0
0
0
0
39502716
0
0
7033125
0
0
0
0
0
0
45215295
0
0
0
0
0
0
0
22281150
0
0
0
0
0
0
0
0
0
169089486
0
0
0
13642476
990
0
0
0
633146822
9389611
0
0
0
0
11556028
0
168931
497112294
0
0
4812753
0
0
555195150
0
0
431635599
378
0
2211
0
0
23787753
44665426
0
1368685
0
0
213531
0
30369321
0
0
0
0
0
0
0
32800950
0
7689081
0
27398503
0
0
0
0
0
0
0
1502511
0
729028
18237780
0
0
0
990
348195
0
24328800
0
0
0
0
0
0
0
2577585
92235
16071615
0
0
0
8199225
0
0
136
0
0
13007550
24784320
0
5569453
31295916
0
0
28340804
126234596
21506961
310866
15733245
0
0
13033065
0
45
17325441
17301903
0
0
3012285
0
0
637885
17343105
0
15862528
0
0
0
0
2436528
0
0
1048990177
0
911925
36452991
0
1245831
0
0
62145115
0
0
6196960
5302396
21526641
0
0
0
3916
0
0
31878
6225156
0
98203
9229956
0
0
0
10240075
36129250
35722378
0
300
21330246
0
0
0
903
0
0
0
0
0
3630165
0
421243363
0
0
49895055
0
0
43417221
0
0
0
0
7511842
0
0
1275
15
0
0
0
3321
0
15138753
741
32324820
48575296
0
0
0
0
6
0
0
0
0
3520531
0
0
5465078
0
0
120240099
34882128
0
0
28990305
23273253
0
145530
0
0
19968040
0
0
0
0
0
325
0
1673535
0
561
0
0
4459591
37771086
0
0
9992685
2632365
0
0
0
27007575
0
0
0
0
0
9424311
33755436
91
0
28
0
0
3409966
220116
0
0
1225
0
0
0
0
0
1653
0
34048873
49178403
0
742371
0
6036075
0
0
3081
0
0
0
198135
0
0
381501
435
852165
0
20285265
4523955
12592671
0
3444000
0
0
0
0
3638571
0
48103611
0
741
0
0
310866
0
0
1540
0
1245831
0
0
0
0
6942591
0
0
0
0
0
0
0
4552653
0
0
0
12614121
0
1649836
10785690
0
0
0
0
721935701
7359366
0
5880735
0
39139128
24728028
0
0
0
0
0
0
2956096
0
0
0
6011778
0
0
0
0
0
6754650
0
22107925
157241436
603417350
2939100
0
0
0
5710510
0
2628
0
1386945
0
228742187
0
0
0
3657160
0
0
0
0
0
66
0
1225
2027202
903
41920746
0
0
0
0
0
6991930
0
0
24791361
0
0
175528
300
43138116
21
0
0
0
3486
0
0
0
16736005
49660321
0
0
0
0
1770
48752875
0
0
0
0
0
0
0
0
0
0
0
20817378
0
0
27635895
547581
0
0
0
0
0
0
0
2278
0
0
15
0
190
40028878
0
20031285
97903
0
6913621
0
0
1540
0
0
0
0
0
965722692
0
0
18791515
0
0
0
1176
316690654
0
2102275
0
0
13186680
0
0
9050385
17997000
0
0
0
0
0
30580110
34474056
0
0
8134561
1431
568714213
0
0
0
3486
190036
0
0
2968266
46027215
0
0
136
0
0
2353365
0
30120441
0
0
0
0
0
0
0
0
1081
0
0
0
0
0
0
8872578
0
21
0
4975435
325
0
13120003
0
8965495
16580161
2016
0
0
0
542155090
19241706
0
257913403
0
32938786
0
7233306
926520311
6264030
10813575
0
0
0
0
0
0
0
0
0
0
0
0
122265
0
34208856
22649815
0
0
3160
0
1648020
0
0
0
0
66
0
0
0
0
0
0
0
0
0
0
0
17532081
0
0
31509891
0
91
29028390
0
0
0
0
0
674517298
595
26963496
1
0
96382786
0
214185
0
2278
0
11035042
48407880
0
0
0
26802181
0
0
0
0
0
0
0
0
138601
25251171
0
0
0
0
0
0
0
78
0
38891790
1067991
614670492
46065601
0
0
0
19603191
119243941
0
0
0
0
0
9779253
1554966
561
733081219
17919091
0
483181088
0
1540
0
0
0
0
0
0
0
0
0
44109528
15733245
43742462
0
3081
17396151
0
0
0
3224530
435
0
0
0
0
0
14191128
0
0
2902845
0
0
11781
0
0
0
659032209
0
0
0
0
0
0
0
0
0
0
10934826
0
5328480
9127128
140407753
2080
0
0
0
1967571
94816235
0
2850
0
0
0
0
0
30940911
42251028
0
41409550
0
0
0
2757726
0
0
0
0
812175
0
7779504
0
0
0
0
0
0
0
0
0
0
0
32242653
16695531
0
0
0
0
0
0
0
0
26096700
0
0
0
0
318295792
0
33207175
0
0
0
0
0
0
0
11657206
0
0
17704225
0
0
0
14886696
2145
0
12377800
28
8567730
270230407
496419824
0
35773111
0
0
0
528
46182631
17745903
0
0
23842965
0
0
92235
741
0
466932550
0
13135375
0
0
4399476
0
3486
8563591
0
5921961
28068778
9463425
0
0
35832345
0
48064110
0
0
0
30167028
24960645
2470049
0
0
0
0
3486
0
0
0
1830
46431066
26255881
0
0
11773378
0
3570
2666895
7783485
0
171
973710
0
0
8872578
0
6695970
0
30027375
0
2089990
0
0
0
0
2951235
0
465
1063611
0
153
31780378
0
0
0
9704215
5754528
0
25507653
68333
1604736
39015361
0
0
0
741
0
20107311
20714266
25187253
39689595
1738180
0
0
1540
0
0
0
0
28068778
29234481
0
24720996
0
391896052
0
0
20927215
28106253
0
0
8775152
1176
6950856
0
0
8646561
0
276
0
0
45196278
0
0
28
210
2216565
0
0
0
0
14210453
561
0
74305
63340645
36069771
14563510
0
0
0
0
0
4252986
0
0
0
0
0
0
0
2727280
0
16697552
0
1711
17817465
0
19800803
8251953
3204246
28967466
15331953
870540
0
0
9135675
6976980
0
0
0
0
0
1206583
0
0
0
0
0
0
0
0
0
0
0
0
0
28
0
0
0
418113748
0
0
567645
0
24587578
0
0
15
0
0
0
7428585
0
53336446
0
0
0
0
1485
0
0
0
0
0
0
0
0
0
0
0
0
0
41354965
903
2278
0
39351756
0
0
0
0
0
0
0
0
0
0
0
384865376
658378
0
0
0
0
45461466
0
0
0
0
13906030
9686601
0
12066328
8927425
16225056
0
0
613278
121771
0
18632460
0
0
0
0
0
45073147
0
20151726
0
0
0
0
0
0
3465028
0
9459075
0
562644692
0
2145
0
0
0
8040266
0
0
0
0
154366583
2775
0
0
0
1004653
193753
0
0
1891
0
0
0
47282950
0
1176
0
491488393
0
2025078
12542536
311655
0
0
0
5321953
12313203
0
0
234270
36265386
0
0
0
0
0
321284208
0
0
0
584821
10869453
23321035
24356710
561
66
45158256
0
42241836
0
0
0
9316
276
0
3204246
301918007
0
630
0
0
8629935
0
0
0
0
1537381
0
0
929764295
0
0
0
840456
39529386
0
1485
0
0
245674618
0
45931320
0
0
0
0
0
0
7614753
152366234
0
2425503
0
0
0
0
0
0
23171028
149548866
0
0
0
0
0
0
0
0
0
0
6253416
108345
0
406
0
18626356
0
47137195
0
0
3486
0
5460
0
0
0
0
0
0
0
0
0
741
2701
13663378
0
0
0
780
32614926
0
0
0
0
3003
0
0
0
22227778
0
0
0
22101276
25407756
0
0
0
0
0
0
561
0
2206050
742093425
2357706
66
0
0
19571896
0
2485
0
0
0
21
0
2593503
18730260
0
32300703
0
0
0
0
0
0
1485
0
0
16910020
0
0
0
0
0
153
0
0
325321546
218919709
0
0
21251940
0
198765
7121960
0
0
2145
98085931
0
0
0
0
6590265
0
0
0
272691
0
0
0
173232774
0
0
0
405450
0
0
10878
0
0
0
261003
5305653
0
44467165
18165378
31478145
0
5778300
0
0
420903
0
0
9943570
0
11724903
0
0
0
277558968
0
8584296
199865033
0
0
0
2543640
0
0
2087946
11175
0
0
290225392
0
0
0
0
0
0
0
0
19753755
232903
0
19173528
0
0
171
0
0
86562663
0
39387250
153
0
17829406
0
0
1431
0
1011381420
0
0
0
0
0
0
0
0
0
1081
3486
0
0
