0
0
673867115
0
21
0
2055378
0
820995978
0
1871955050
0
0
4250070
20234340
0
15
10
1157598783
1243433618
36
0
0
0
0
2092559742
0
4705518510
0
0
0
0
0
0
0
0
0
5523477894
5565916233
0
0
193385611
0
0
0
1
0
4219359408
45
0
36
1587689419
0
0
0
0
10
0
36
0
0
0
0
0
0
4398704060
8509875
28
0
0
0
0
0
0
0
1
0
1362341680
0
6
1823566630
0
0
0
2988765919
0
45
0
263901
0
0
0
0
1757800272
0
0
0
0
0
15
6710784960
0
0
3
2719125630
0
0
0
0
0
2257012855
0
0
0
0
0
1021904233
0
0
0
0
0
3
0
36
45
0
4551772523
0
0
6794340669
0
2860213133
0
0
0
322338735
0
0
2810212955
0
1759935446
0
21
0
28
11935
1805434089
0
0
0
0
0
0
10
0
1001079882
496518807
66
1431312228
0
5151683220
0
0
0
0
0
0
3832107240
15
1355095742
743109055
36
2616790975
3543178245
0
0
0
0
0
0
0
2443389429
6785600705
0
0
0
0
0
0
0
0
0
45
0
0
0
0
0
0
15
1752053582
0
0
0
0
0
21
0
0
0
21
0
0
15
55
0
2455708300
0
0
1423458043
0
6
0
1378991358
0
0
0
21
0
0
2102728819
0
0
4774159434
0
4007228481
537608444
2671402929
28
691417870
3
0
0
0
146128060
15
220951725
0
34815339
1543429014
0
0
468470724
0
15
0
0
0
0
0
0
0
0
463220682
0
0
0
0
0
1
0
73247356
0
0
3793596950
0
0
0
5450880600
0
0
0
0
0
0
0
45
21
0
0
0
274119404
0
744806309
0
6
0
0
0
1
997860798
0
0
0
0
66
55
0
1071081183
1404579498
0
2911188350
1235616613
0
28
36
0
0
0
1225347745
0
0
0
0
838881259
0
0
0
0
0
0
0
181517931
0
0
3
0
1016937330
28
0
0
0
0
3
0
246051
0
1
358062180
45
0
0
73441140
0
0
0
2082350839
0
0
0
5855080746
2058349035
0
3933534528
0
0
0
0
0
0
0
0
0
0
0
1314690975
0
0
0
2994103026
0
0
0
21
0
2822746780
242429184
0
3
0
0
6
0
0
4739630775
0
1
0
0
0
4048065210
1
66
0
0
0
0
98975415
45
0
0
0
6
0
727386990
0
0
66
0
0
0
0
0
1195727225
179807166
0
3
0
1313921925
6629358165
0
0
0
0
0
10
66
0
0
0
173454625
0
0
2912027760
0
6
3142460958
28
0
0
0
0
10
66
0
3078495801
5327029326
2064191863
0
0
4173918625
157080
6
5107319712
0
0
0
0
0
0
0
104653
3
0
0
0
0
0
0
10
0
0
0
0
0
0
0
0
0
4251388134
6
351541
0
3
0
0
0
0
2157029693
131033766
0
0
0
765989360
0
0
0
6
1720233812
0
0
45
0
0
0
0
0
0
0
0
0
0
710286892
0
0
3094209101
0
742145600
0
0
0
0
0
0
0
21
0
15
0
0
1173434762
66
0
0
0
36
0
0
3
3
0
0
0
0
0
21
0
0
0
0
0
0
0
0
0
0
324806327
6019952356
0
0
0
0
0
6
0
0
66
0
0
0
0
0
0
0
1
0
4394765607
0
0
0
3
3
28
0
3
3541158236
0
0
1
0
1
0
10
0
0
0
0
0
0
0
0
0
0
1
0
0
55
0
0
0
0
3
0
6
1065072766
1132951373
0
0
0
94331980
0
0
0
0
28
15
6249787656
4330407495
21
66
3
1256383125
0
0
0
0
0
4392984456
1732043790
0
0
0
0
0
45
1569932585
0
0
0
0
0
0
6
0
6575808474
1
0
28
99200655
0
1
0
0
0
475722414
6
36984299
0
28
1227873762
66
13585078
0
6617848526
0
0
3
0
0
0
0
66
0
0
0
0
0
0
0
5329403616
0
0
0
0
0
0
2438736
0
0
549610434
0
3
0
0
37614800
998486325
0
1
0
0
0
3342062636
0
0
0
1298333400
0
0
1
0
0
10
10
0
0
0
0
21
0
0
0
0
0
0
0
0
89706309
0
0
3145950171
0
0
6181552389
493215518
0
0
0
0
0
0
1
28
0
45
0
0
0
0
0
0
0
427649634
0
0
0
31533710
0
0
0
0
0
36
0
21
0
0
0
0
36
0
0
0
0
3699849186
15
2484666750
0
0
45
0
181689453
0
0
0
0
0
4108393960
0
0
0
0
0
0
0
0
2025247510
0
0
324118530
6086078562
6098110221
0
0
36
0
0
0
36
0
0
0
0
106879510
0
2499421747
0
0
1
0
0
0
0
28
2177637009
936471000
0
0
559033182
0
0
0
0
28
0
0
0
3087368900
0
0
3
0
0
66
0
0
0
0
0
3
0
0
0
36
3066502131
0
1
0
1346882848
70727671
0
861270253
0
6687634671
0
0
1
0
0
1
0
0
0
0
522986308
45
0
1
55
0
0
15
0
0
21
0
0
0
1405533684
2924251040
0
0
0
1120987572
66
0
3537708625
51262875
0
20714266
0
0
143507208
1293802143
21
0
0
22771126
0
0
0
0
3
0
6
6341125375
0
45
0
0
0
0
0
0
0
0
36
0
0
57840389
887700177
0
0
0
45
3
0
307904510
1219760133
1
0
0
0
10
0
66
2429707159
0
1059127297
0
0
0
5609575
0
0
0
0
0
0
0
0
0
0
0
36
818283282
0
0
5792485095
0
1032010568
0
55
0
0
0
0
0
403095420
0
3346233483
0
0
3982915111
1138002775
5264559900
4720178505
3
0
0
0
0
0
45
0
0
66
0
36
1337453337
10
0
0
0
0
12507501
0
0
15
5536097655
0
0
0
417186054
0
0
3066526
0
0
0
21
0
0
0
135424653
0
1
0
0
615145349
0
0
0
0
0
0
55
0
3
0
0
15
0
0
45
0
45
10
3
3415635216
0
0
0
0
0
0
0
0
0
0
0
0
3962769780
0
0
0
0
0
4372480800
0
0
28
21
0
0
1640241444
3
0
0
0
1
21
0
0
15
0
0
0
0
0
423506846
1
0
45
3758141511
0
0
0
0
4637567250
0
0
0
0
45
0
0
0
21
0
0
2528138242
0
45
0
10
0
0
1
0
2432845099
0
0
0
0
0
0
1469660217
1
36
0
1
0
0
0
0
45
3319943310
0
28
0
1514232990
0
0
0
0
0
1827675564
0
0
0
0
0
0
13408431
0
13084169
0
203243038
6
55
0
1232089617
0
6
173007901
0
0
0
0
0
759817632
0
0
66
45
66
0
0
0
1517206152
0
0
0
0
28
0
0
0
0
0
0
0
36
0
0
1
0
0
0
0
105030771
793991322
0
1
66
0
6
0
0
21
0
0
21
3
1024482742
45
0
1692659808
0
0
0
2920352064
5977672425
0
0
0
0
31462278
353607111
2109673440
0
0
0
377066981
10
0
49138741
0
6
10
0
0
0
10
945189960
0
0
0
0
45
10
342107403
0
0
55
66
0
0
0
1668195435
0
0
21
400798828
0
0
3
6368746185
0
0
2716618869
0
0
0
0
0
508087502
6
0
0
1273181488
0
0
0
0
3643292831
0
0
0
0
0
0
45
0
0
0
0
0
0
0
0
0
5773449651
0
0
0
0
0
10
0
921814432
0
3
0
0
0
0
0
0
2422253967
0
6
45
3442051914
0
2221877755
6133722595
0
0
0
0
182147238
0
10
1613773238
0
0
0
0
45
6
0
0
0
6
0
0
0
1
0
0
0
0
28
0
0
0
0
0
0
0
0
0
2757013868
36
0
0
0
0
21
0
238372689
0
483465059
10
0
22314540
0
0
1554505133
0
0
0
317709028
948192375
0
0
0
66
0
0
28
303675690
0
0
0
0
0
0
66
0
0
0
0
0
0
0
0
0
0
0
0
0
0
0
0
3027937254
0
0
444064698
3
0
0
0
0
0
2487205149
0
2230685800
0
0
980337039
0
0
0
0
0
0
0
0
0
0
0
0
0
0
0
0
0
0
6
0
0
0
36
45
0
0
0
0
0
0
0
0
0
0
0
0
0
0
0
0
0
0
0
4320330
223418085
2596141617
0
0
0
0
0
0
45
0
0
0
0
45
0
0
0
0
3216621518
0
0
0
36
0
45
0
0
0
0
1
0
0
325316278
0
0
14963185
3144601815
6074499687
0
0
0
912178807
4032334285
0
0
1571614052
129259081
0
0
0
0
0
2524015689
0
8538778
66
21
21717345
0
0
0
322948402
5144884596
0
0
1040113217
0
21
0
0
0
2937572889
1
0
4411187573
0
0
0
0
4252586931
0
682706673
0
0
10
0
1
0
336740166
6
0
0
0
45
45
0
0
5385922512
0
45
0
0
130048128
0
0
0
36
0
0
0
0
0
0
1373744708
0
0
2971472559
28
0
0
21
926199265
0
1806455750
24812489
0
0
4565044548
0
0
0
0
66
0
0
1
617778819
0
0
0
3993989955
0
66
0
0
502365732
0
2890926731
10
3
0
464804804
0
0
0
0
0
2206439199
0
0
0
21
1
0
103845666
0
0
0
0
0
66
0
0
0
1
0
0
1
0
0
0
0
0
0
0
4621113288
10
0
0
0
3555985242
0
0
0
0
0
28
0
1
3
444839877
263684127
0
0
0
0
36
1
0
0
0
55
996119274
0
0
0
611712752
0
0
0
55
0
412318671
66
28
0
0
0
0
0
0
0
0
0
204333219
0
0
0
0
21
6850175610
2974711268
1159668692
0
3
0
10
0
0
0
0
0
0
0
504587027
1436399573
0
0
0
0
5149754796
1698366615
0
0
0
0
0
0
0
0
36
0
0
0
0
66
7807175
3
0
0
3
28
0
0
45
676623288
0
0
130677855
0
0
0
0
0
401450265
0
3
2871493617
5138394580
0
0
0
0
0
0
0
0
1
0
1
0
15
0
0
271479951
0
1
0
0
172970697
0
0
3
1366520778
0
0
10
0
0
2007973470
45
0
0
0
0
55
23925903
6658406846
0
0
492744527
45
0
0
0
0
0
4086215556
0
4412220870
45
2269863725
0
0
0
2255132025
0
45
0
110194432
0
1
0
28
0
0
0
0
0
0
21
11127402
356004586
0
66
0
0
0
0
0
0
0
0
0
0
12961686
0
0
0
686332704
0
0
0
0
0
4296846
0
0
0
1113235702
1
1088554469
6
3
0
1
0
0
0
0
820955439
28
45
0
945189978
6390094659
5450358576
0
0
0
0
3044925693
36
1
0
358758291
21
163398002
0
0
0
0
32590701
0
28
3
0
655165700
518983652
0
0
21
21
10
256001877
0
1
0
3
0
1
0
0
0
0
0
0
45462879
66
0
45
0
0
36
0
0
45
3
0
1272979625
28
10
0
45
3
0
0
3148409583
2283629550
559568330
0
0
132543618
0
0
45
519144732
0
590940628
0
737030420
36
0
1
3009754895
0
36
0
1363908103
0
36
0
0
0
0
288948779
6833915529
0
0
2613464225
488671932
0
0
0
0
0
66
3140637857
0
0
28
0
1123877727
0
0
28
0
433136027
0
1927801361
2724068756
3153649026
0
0
0
0
3
0
0
28
0
0
0
0
0
4613041323
0
0
0
0
0
3718022018
0
21
0
66
0
0
2298928492
0
0
0
0
0
0
0
283708110
4056887890
45
0
3
0
0
0
0
0
1
0
0
0
0
0
0
0
0
45
0
422081984
2367236022
0
0
0
0
0
55
0
2970932976
0
1074230748
5096028
0
0
0
6279113950
0
0
36
0
21
0
5262097512
0
5833782070
0
347411610
0
0
6542021250
5295697089
0
0
0
305650450
0
0
0
0
0
1485043223
0
0
0
0
0
0
0
0
0
1817351610
0
0
0
2400240249
0
0
0
119034735
0
0
0
4502577939
0
6
0
0
0
10
0
0
0
0
2158409232
0
0
0
286095160
524507445
77968828
401308605
5084403154
0
66
0
45
0
0
1171449400
6
0
0
0
249146993
0
0
0
21
10
0
147378690
66
477389549
0
1043308354
1
6
0
21
0
0
0
66
0
0
0
0
0
45
0
0
375064965
0
0
0
6320870764
0
0
1712500020
0
1480686556
0
530549024
0
0
0
0
0
0
0
0
0
0
1369920993
0
0
0
36
0
0
0
0
10
0
0
0
0
0
0
0
1
0
0
0
0
0
0
0
2766526884
0
0
0
0
0
0
21
0
0
0
0
0
0
0
769751463
853650519
66
0
0
0
0
0
0
0
0
0
0
0
45
0
751808475
1
71263890
7748015
0
0
6
0
0
0
0
0
0
0
0
0
6023354337
45
0
0
0
0
0
0
0
0
2213087179
0
0
0
0
4268926179
0
305106752
0
1850965740
0
0
471413844
3
0
569379382
0
0
0
0
762275514
0
0
0
21
0
0
291816551
0
0
0
3120381456
0
0
1
326286275
619889654
0
0
0
1
1349271350
45
1
1512802509
0
0
36
0
28557902
10
0
0
45
0
0
4366871730
0
0
0
0
0
0
151841448
21
0
0
0
526842020
0
1540485768
0
66
1
0
3815054880
6212167314
36
3184458905
0
263156211
1326614289
0
0
0
1119047083
0
0
0
1
1780761675
0
0
511440152
0
0
15
0
0
822455400
0
0
0
53194455
0
0
0
0
0
686443877
10
0
0
0
10
0
3006574730
0
15
2075709090
0
0
0
0
0
0
0
145513270
0
990992937
0
21
0
9801378
0
1
0
0
0
0
82606230
0
0
544681514
0
0
0
0
0
0
0
3
3
0
0
0
0
0
0
66
0
0
0
0
0
0
0
0
0
0
546994349
0
0
0
0
0
5188901211
3408861155
0
0
10
36
0
0
5390685
0
0
0
0
0
28
0
0
0
0
0
0
55182765
0
0
0
0
55
0
0
0
0
0
4025332630
0
0
36
45
3545198900
2418636019
0
4633041894
0
0
0
66
0
0
0
0
2147516410
0
0
10
0
0
21
807638124
10
0
0
0
45
45
0
10
1
0
0
3
0
0
0
0
0
0
0
0
0
0
0
0
1019780526
2088098340
0
329435946
1266730583
0
556695027
0
0
0
0
1330996212
0
0
0
0
0
1
0
0
0
606930199
6679079198
0
0
0
225388296
0
0
0
0
0
0
3057033492
3314486026
808200900
0
0
0
3
0
55
0
945668302
0
0
21
28
280880541
0
0
4518724624
0
0
0
0
0
299182481
0
36
0
0
0
0
0
0
0
24078330
0
2202654342
66
21
1268028
0
0
0
15
0
0
10
0
0
0
0
3687043083
0
3553118541
2012919515
0
2796136335
0
0
5261379445
0
15387377
21
808884516
45
0
6209492475
1137001126
5350899459
36
10
0
0
0
0
18577560
67832128
0
0
0
2080221741
0
10
10
0
3
0
0
0
0
15
0
21
0
0
0
0
487703293
1774322229
0
28
0
0
0
1973898690
36
0
0
0
0
0
45
68544486
28
0
3
10
0
0
0
0
21
0
408508235
3
66
1449722753
0
0
0
0
3
0
96431328
0
0
10
0
0
3686969
0
36
29135161
0
0
0
0
0
0
0
45
28
0
0
0
21
3
3
1769738261
0
25315169
3
0
0
0
0
0
0
0
28
594831776
0
36
0
0
36
1448269287
0
1
1257536297
0
0
0
6
0
0
0
0
0
0
3
0
0
0
0
0
0
0
0
0
6
0
0
6
0
0
3783760526
2204911585
0
0
692943377
45
1
0
0
36
30416099
467981120
0
11464866
716216627
0
66
0
5482249050
36
10
0
0
0
0
6
0
28
0
0
0
3
0
0
0
0
1
28
0
6
0
0
1
242556
0
0
0
0
3270504081
2922415916
36
0
0
2017998679
40315710
0
0
2102858490
0
1
28
2259163365
6
2316864550
0
0
0
0
0
0
31796325
3
0
36
0
0
0
0
66
0
0
0
0
0
0
3
0
0
0
0
0
0
3729758860
0
0
0
0
0
10
0
0
0
0
0
0
0
0
0
0
0
0
0
0
0
0
1824170595
15
28
21
0
0
0
0
1612182926
0
0
0
0
5154931908
0
0
5778716220
0
0
0
0
0
0
0
21
2248152979
66
0
0
0
0
0
3
0
3184857910
0
28
4507893621
0
0
0
0
10
2424064000
0
0
3
5303933470
0
0
0
0
0
0
931198569
0
0
80829255
5266714962
0
0
3
21
0
4281964590
0
0
15
0
3166687108
0
0
0
0
0
633733380
0
3
21
0
0
1420684832
45
0
10
0
0
0
0
1
66
0
264902643
0
0
0
0
0
0
0
0
0
2705720667
45
0
0
0
0
0
0
1505166405
0
0
867923613
5100045444
0
0
0
0
6
0
36
0
1
0
0
0
0
21
0
1013197617
0
28
675262854
0
0
0
28
0
15315344
0
118834230
10
160052886
3
45
0
0
0
10
0
3922543833
0
66
0
0
0
0
0
15890703
0
0
0
0
0
0
10
6353406384
6
66
0
0
0
0
1
0
3376488531
0
466055714
10
0
286262618
0
0
0
0
0
0
0
0
0
0
0
5844588720
28
0
0
0
0
0
0
0
0
185464169
0
21
0
0
1100625893
0
45
0
6138596937
0
0
0
181003851
0
0
0
0
0
0
0
1
0
0
6073177089
0
0
0
1
0
0
0
0
45
0
0
0
0
0
36
0
0
0
0
0
0
3
0
0
3685583430
5874141810
0
0
0
0
0
2952615425
66
0
0
0
6281739
0
3
0
0
66
0
6
0
3092478654
0
0
5473086
0
3
0
28
0
28
0
4929003762
0
0
0
0
0
3
0
0
0
288180028
0
0
152329782
0
0
0
0
0
0
0
0
0
2731602705
0
495101757
0
0
0
0
0
0
28
0
0
340644150
0
6518364865
3
0
0
0
0
14026456
0
0
0
0
0
0
0
0
1543428992
3437158406
45
1
0
0
4846941
0
0
779039125
0
503602715
0
0
0
0
0
21
0
0
0
36
0
0
0
707274854
0
0
0
143744487
66
0
6
1153272348
0
0
0
3
0
774390
0
0
1
0
0
6
0
10
1758926988
0
783228810
0
0
2286333595
6
1207394367
0
0
0
21
0
0
0
0
0
0
542208905
0
3
357446943
3
0
0
0
0
0
0
0
55
3566703525
23863686
0
0
0
0
0
1705425975
0
21
0
0
0
0
0
6205147056
0
0
0
0
0
0
0
0
0
6
6788513405
75922000
6
0
0
0
3168597411
0
0
1506977547
0
6
1297925747
0
0
444482019
0
0
5971441641
0
1087714758
0
3
0
0
0
15
386962280
0
0
15
0
0
0
0
0
0
3
0
0
0
2553230064
0
0
0
4428298974
0
0
0
0
2406549370
0
10
0
1
28
0
0
0
121173527
0
0
1876424402
0
0
0
0
0
0
0
0
928266325
695738252
0
0
0
45
2397192625
3179911581
1730730
0
0
0
0
45
0
0
0
6
6
0
0
0
11469654
0
0
0
0
0
0
4487975866
6
6473001045
66
28
0
272016150
3783760491
676402589
66
0
6413064333
0
2753079696
0
0
0
3
3
0
66
5051682834
0
36
0
6
1497877983
0
517052402
0
1744957322
0
0
0
66
0
0
1
0
0
0
0
0
0
0
0
0
0
3211730686
0
0
6
465323270
6178661821
1282401
0
0
0
10
2271615900
0
0
0
0
0
6
2147385309
0
0
0
0
0
0
0
0
0
0
2349791171
10
0
0
0
3086033193
2753031
0
0
0
129516464
0
0
0
0
0
0
0
565807979
0
0
22001660
0
45
0
1730513859
0
0
0
0
2262256444
0
0
0
0
0
0
1
0
0
45
0
284256236
0
21
0
0
0
0
0
0
0
0
0
6172660450
2633746717
5401294035
0
0
0
0
0
0
15
0
6
589875368
43221750
0
0
36
0
0
0
0
250532920
21
0
0
0
0
0
4461865290
0
6
0
0
0
53825500
6548657291
102738945
206684946
10
2272492200
0
0
0
2896251850
0
45
1
10
0
1
10
0
0
0
0
0
0
0
0
0
0
0
2278158744
0
3539896001
0
0
0
3
66
0
0
0
4171908785
0
0
45
0
1
0
0
0
5900292699
0
0
0
0
0
1
0
0
0
2597222592
0
0
49565946
0
0
0
10
4544714770
875397382
0
4162049445
0
0
0
45
0
0
0
28
0
4530805983
459757305
55
1682435000
0
70229025
0
0
0
55
0
0
3200680026
0
0
529995393
21
0
21
0
0
0
4026678634
313663578
0
2910730541
21
0
0
332626528
0
0
0
0
0
0
0
0
0
10
0
31852171
66
269874527
36
0
0
0
0
702431420
0
0
0
3946139496
0
0
0
0
0
1
0
0
0
15
0
0
4458748473
0
0
0
0
1
0
0
0
4550818475
3
0
0
0
0
0
0
21
0
0
4739630775
10
3384546660
0
0
4441012869
0
0
0
0
0
0
406909113
28
0
0
3
177896943
3482159833
0
0
10
0
3
0
3925201458
0
3
1631432853
0
11498410
0
0
1712324454
0
0
0
66
0
0
4309215009
0
659952614
3
0
0
0
0
1
0
3
0
0
728455344
0
21
0
0
0
0
0
0
0
0
0
20875490
1
124133646
0
0
0
0
4739338695
0
994646898
0
326644020
0
6917643810
0
0
0
0
0
0
0
422285390
0
21
0
0
0
1
5963331
0
0
0
0
741914450
4821178074
0
0
0
0
0
0
5572791
0
66
55
66
0
0
0
0
0
0
0
0
3034010217
0
0
0
0
15
0
36
0
1
0
0
0
0
0
1224308358
0
0
1537101732
0
0
0
1737050183
0
66
0
0
10
0
0
0
0
0
28
28
6
0
0
0
0
0
0
0
0
0
0
0
2493345000
0
0
1537101725
3
0
0
3253461400
618517205
0
0
1982075235
3
0
0
0
0
492210979
0
3
0
6356450310
6
0
1475032449
3
0
0
0
0
28
0
0
0
7237109
0
0
0
3960455455
10
3
0
0
0
270734805
0
0
336428830
0
0
0
0
0
5537886595
0
10
66
947626342
3
0
3025058617
596143184
5814894495
0
28
0
6371116455
609127135
6133833354
0
0
55
0
0
2752708691
10
0
0
6
0
0
0
36
0
195436334
3
0
0
3302772147
6319296786
0
0
0
0
0
0
423303153
0
55
0
0
0
0
0
21
0
0
36
4052115231
0
6
0
0
0
10
15
5013959664
0
0
0
0
0
0
0
0
0
1
21
0
89920755
0
0
0
0
0
0
28
0
0
0
0
0
1137430332
164176257
0
735380424
0
879335010
10
0
3933623217
0
28
0
0
0
6
229568878
1751580050
0
0
45
0
0
266077846
0
0
0
0
0
0
0
0
0
0
0
0
0
0
0
0
0
1567524008
0
0
0
0
0
0
19154955
0
0
1
0
70585021
0
0
0
0
351244260
0
5015862516
0
0
28
1201994937
28
0
0
6
0
0
0
0
0
0
1303025710
0
1
0
4762147992
0
0
0
0
0
0
0
55
0
1
188383752
0
0
5168241880
0
0
0
0
0
0
0
0
66
0
6
0
211058782
0
1
0
0
0
0
0
757285893
10
0
782081454
0
0
0
0
0
727882932
0
0
8843114
653284710
0
0
28
0
0
10
1522333428
0
0
0
0
3
0
0
0
0
715195109
0
0
124117889
0
0
0
0
0
10
0
0
0
0
0
0
66
0
0
10
10
45
0
0
3063213846
0
0
0
0
0
0
0
0
0
0
0
5703600544
0
0
0
0
0
981222829
0
1020412897
0
0
0
0
0
1004080057
0
0
0
5390178640
0
0
0
0
219210385
0
0
0
0
0
21
0
0
0
1
0
0
6
0
10
0
2535325230
0
4051575132
0
0
0
0
0
0
0
0
0
45
0
0
36
10
0
45
471413864
0
1442999778
0
0
36
0
3872836035
0
0
0
28
0
0
0
0
5256456712
0
0
0
0
0
0
0
4027665855
3716901
362383580
0
0
0
0
0
64723753
0
0
21
0
27769878
0
10
0
0
0
0
0
509778400
0
758960277
0
1825862207
0
0
45
286071240
0
0
0
0
0
0
45
0
0
0
45
0
45
0
4193219198
0
0
0
10
0
0
0
0
135754003
0
0
0
28
0
0
0
21
15
0
0
66
3
0
0
0
2054629346
28
0
6
0
0
0
0
15
1
2427546675
0
0
53019253
3951738306
287676091
0
36
15
0
0
0
242539300
0
0
0
0
0
0
0
28
0
0
0
21
404743925
45
2402596534
1
1262857893
0
2357956092
123205753
0
0
0
0
0
0
1
28
0
0
45
0
0
0
0
0
0
0
0
0
97154829
0
4011974661
0
0
0
3
21
10
0
926888037
0
0
0
4777286842
0
0
0
45339003
648558099
0
0
1
1
45
4081696755
0
0
0
36
0
6
0
994557679
0
1
0
633448600
1
0
0
0
0
0
0
45
0
0
45
55
21
3
0
5079160800
3342226151
0
45
678132357
2849256780
10
0
6
0
0
0
0
0
0
0
1
66
0
0
0
5470946061
0
0
0
0
0
0
0
28
3
0
0
0
2994799518
0
0
476586500
0
0
0
0
0
0
0
45
46894770
3795687720
587987777
0
66
0
0
28
0
10
1
0
0
21
0
0
526647284
0
4848318090
0
0
382855955
4963118229
2679742226
0
0
45
0
0
0
45
0
4880374140
36
0
340725
0
0
0
2417384272
3334381938
0
0
1219908287
0
0
0
0
66
0
0
128793225
0
66
0
0
0
0
0
0
0
0
0
1166952190
0
3751642121
0
6027525844
0
6
0
0
0
0
0
1
3959743521
28
0
0
3585139458
0
0
0
0
28
0
0
0
10
0
5913770569
0
0
0
151493121
36
0
3349752165
0
3355811840
0
0
0
0
3
0
0
45
10
0
0
0
0
2268583740
0
0
0
16910020
963407439
0
0
0
0
0
36
0
1
0
6681506535
0
193464275
3
0
0
0
0
1016306055
0
0
0
1125822411
542867724
0
0
0
0
6
0
0
10
46200078
0
6
3478989360
178916986
6
491897294
0
28
0
0
0
0
0
0
0
0
0
0
21
1
0
0
0
45
0
0
0
0
0
0
0
0
0
0
3
21
1424792243
1
2098969226
2440945
0
0
0
0
0
3291890325
0
136959525
126460656
0
0
0
0
3
0
5450462983
0
0
0
21
0
0
0
0
0
0
0
28
0
55
0
0
0
0
10
0
644279335
0
223946860
0
0
959723745
0
0
45
5131300815
0
0
0
0
2682671366
0
0
0
0
169270797
0
0
96890160
3134379890
1617240600
0
0
0
0
0
45
0
248160
0
0
0
6
0
0
0
246297909
0
0
0
210135250
0
10
1
0
0
55
36
0
0
0
206136359
0
1
0
0
21
821482308
1565620888
0
1
0
0
6198242085
0
4721830395
0
0
0
0
0
6
10
0
3
0
0
36
1234076034
55
0
0
0
0
0
0
0
0
0
0
459848300
0
0
0
0
0
0
0
0
0
1
0
0
0
0
0
1
0
0
0
0
0
1
1
0
0
0
5754123660
0
0
0
0
0
661515736
0
0
0
0
0
6
38408229
0
0
3
0
0
0
0
45
3
0
426948016
0
0
0
0
0
0
0
45
0
3083362620
0
0
0
0
4579484198
0
81172911
0
0
0
0
336895903
0
562080155
0
6
0
45787664
0
0
0
6328
0
0
1
0
3
208784395
0
0
0
0
0
0
112927906
0
0
0
0
0
0
1
0
0
0
133882056
0
339991916
887573775
0
2367236022
0
0
0
5057313240
6
0
0
0
0
36
199950000
0
0
0
0
0
2612524460
0
0
0
0
0
0
0
10
66
0
0
0
0
0
0
584084930
45
0
2020731342
0
0
0
0
0
0
0
21
0
0
3
2143847934
668627575
0
0
0
5413357260
0
45
0
0
0
31660903
0
0
0
0
0
0
0
0
0
0
664128
0
0
0
0
0
0
0
0
0
0
3
0
0
0
0
311712993
1987304454
666435285
0
0
0
0
5309599659
10
0
2637231615
4260244926
0
0
0
0
3
6
0
1
0
203666653
0
0
0
0
0
0
0
0
0
0
0
0
0
6
0
0
0
0
1
861809883
367625169
0
0
21
0
0
2836664171
0
6481765108
4104678294
704306745
0
0
66
3810950546
0
3
0
0
0
0
0
101880675
0
0
5730547030
0
0
0
4167434105
45
0
28
0
0
0
0
0
0
0
0
27265419
0
31414701
784733533
0
0
0
21
0
0
0
0
0
0
0
0
0
15
0
0
0
0
0
0
0
10
0
36
2712492657
3
28
0
0
0
0
0
0
0
45
224391519
0
0
0
3179512868
1
1111301937
0
0
0
0
0
0
0
0
0
0
0
1163090537
0
0
0
0
187550027
0
0
0
0
0
45
0
153291285
0
0
0
0
0
0
28
1970946714
0
0
0
82272378
0
0
0
0
0
28
0
0
2016728259
0
0
45
0
6
6002299329
0
0
77681879
0
0
0
0
3
0
0
0
66
0
0
992150764
0
334434443
0
0
0
0
0
10
0
1968059655
36
1
84662578
55
0
0
0
0
3920418411
4660613286
1
3724492233
2440524144
2848501945
21
0
0
0
6
0
0
21
0
36
0
66
0
0
0
0
1
0
0
0
9664605
6292568770
28
254736296
0
53462970
0
985968618
0
1
0
0
1843610975
5600576485
0
1525424992
0
0
0
0
55
0
0
0
926586673
0
0
0
0
0
0
4002216733
0
0
0
83443821
1
0
0
0
0
0
0
0
21
0
10
74768105
2650101982
0
272646266
0
21
0
0
594176607
85863959
0
4256461190
3749691
1828703520
0
6845728489
1294310860
0
0
0
844378950
2063292405
2928305620
0
0
0
0
1097765768
10
0
0
5453177895
913276
0
0
45
0
0
0
0
0
0
318011587
21
0
0
0
10
0
1646088747
0
3
0
0
0
0
1
0
0
0
0
55
3
0
1
0
33052515
23286900
0
0
0
3
1
0
0
1991404489
0
0
0
1799310060
441386615
21
0
28
0
0
0
0
1
0
0
230942280
0
0
0
10
0
0
4788142945
6
0
0
0
0
0
5569081887
3
0
0
0
2194564369
1397010508
0
10
0
0
0
1795832394
45
0
0
0
8247891
4650384975
398678202
0
0
0
0
0
38557370
11132121
0
0
598216734
5453700096
0
0
0
66
55
511088391
6
0
45
21
0
0
0
0
0
0
0
66
0
0
0
0
0
0
0
3
36
0
0
4716292845
0
0
0
55
36
0
0
0
0
15
0
0
0
0
0
0
0
0
0
0
0
0
40470
28
0
0
0
0
382745268
0
0
0
0
0
3
0
0
0
0
0
0
4314136695
0
0
66
45
0
562348395
0
0
1
0
55
0
0
0
0
1117722837
0
120831285
627766460
0
0
66
0
31626
0
0
0
45
701906777
0
6124533084
0
0
0
0
1122929742
1
0
0
3
0
10
0
3338548026
0
0
0
0
6244422336
0
0
0
0
0
6
45
0
0
0
36
0
0
0
487640832
3908915556
0
0
0
0
28
0
0
0
0
0
0
0
0
0
0
0
1
0
0
0
1
8584296
3932558910
0
769319922
0
0
36
0
0
3
0
10
0
0
66
36
7221900
372740555
0
0
0
4455443967
0
0
0
0
2408978160
21
1
0
0
0
0
3986753820
0
0
66
0
0
0
0
0
0
45
0
0
0
0
3667747083
3
0
6
0
0
0
0
0
0
0
0
0
0
0
0
21
1171215
3
0
6546711896
0
0
0
10
0
1
0
0
3
0
0
0
0
0
114753674
2344994880
0
0
0
0
0
0
28
0
0
36
0
0
0
0
0
0
3309114583
21
15
0
6
2338698600
0
5841453783
0
10
0
1933953492
1
0
0
0
0
3
0
0
1
2488122125
0
0
6
0
0
6588658973
880761414
0
0
25425
0
0
6
0
0
3
0
0
176748191
0
0
159588045
0
0
0
0
3904849333
0
0
236324670
0
0
0
302469300
3
0
0
0
0
0
0
0
0
0
45
1
45
0
0
0
0
4053195609
0
0
0
0
10
0
0
4663896435
0
0
0
0
0
28
0
0
6151124004
0
0
3
0
0
0
1
3
21
0
0
407051763
3
0
2442340959
0
1
0
0
835525878
6622980
0
333271643
0
0
0
0
0
0
0
968330007
1
0
0
21
0
0
6
0
0
0
5820611520
354911393
1
0
0
0
0
0
6
0
0
0
416002575
1531451493
105480550
0
1
0
2221411179
0
15
2726505080
0
625500762
0
0
0
0
0
0
2850162740
0
0
28
0
0
0
0
3548399358
0
15
446960141
0
0
0
0
0
0
5239245385
0
0
0
0
0
0
0
0
0
36
0
36
66
0
36
6
0
0
0
0
222193740
411457626
10
0
0
0
0
0
0
0
0
0
0
0
0
45
0
0
21
1918746372
0
1
0
0
5802930249
28
0
10
0
0
0
0
4766247729
0
0
36
21
0
0
571034114
1792671
0
23925903
0
2046496270
36
0
0
0
10
3025214210
28535235
3
0
0
0
0
0
0
0
3
0
36
3
0
4625344262
356057945
6
0
0
28
0
0
3
3
0
6
0
0
6
0
36
0
45
0
0
0
0
462825079
0
0
5438671299
0
2627508758
10
0
0
0
1491098717
0
0
0
0
5119252660
0
0
45
4053555759
21
1
0
53277003
0
0
0
15
106558101
0
0
3
45
0
1186405113
535413705
0
3
0
28
2539131
0
0
0
0
0
0
21
0
0
0
0
0
0
0
0
0
0
6
3037828395
0
0
0
0
0
0
0
0
0
0
45
0
0
66
1197292644
0
0
0
0
2535467619
0
0
0
21
10
0
0
3311555608
1076178393
9122856
0
0
5913335559
0
0
566716610
0
0
0
0
142441881
120753570
0
0
0
0
6108053556
936903825
28
0
0
0
0
0
0
0
0
0
0
0
0
2328655854
0
0
0
13041
0
0
0
0
4686233230
0
0
5842210399
554028827
0
36
0
0
4682845421
0
0
6
0
0
0
0
0
6245316375
0
206542647
0
0
0
0
0
0
0
0
0
6
0
36
0
0
0
0
0
3016042601
0
45
0
63737694
15
538100414
41555286
1703966247
2770470667
0
10
0
0
0
0
0
0
0
1
1
28
28
10
1400448411
0
0
36
0
0
91131750
0
36
0
0
162729817
65351025
3
0
0
36
66
66
0
1048339149
0
0
0
1
0
0
0
56599480
0
0
2963768509
0
36
0
10
1
0
0
45
6
0
2087710617
0
66
0
55
0
1
21
0
1
10
0
0
0
36
66
0
0
0
0
0
0
0
0
0
0
0
0
0
1
0
6866572200
0
0
0
0
0
0
0
0
0
0
45
4356877857
45
0
6
0
1467654903
0
0
0
66
0
3627432855
0
0
0
28
0
0
0
2632658193
0
0
1660406723
0
0
0
0
0
0
36
0
3
1107580642
0
0
50516326
0
28
2865812768
3
0
0
0
45
0
0
1
0
0
10
0
5642140833
0
1204742238
2134951804
0
0
3
0
0
0
21
0
0
0
0
3029805236
1
0
0
501478614
0
0
0
0
0
0
0
0
2423298117
0
0
690600009
0
0
0
0
276395315
2829136995
0
1
0
0
0
0
621087369
6
0
0
0
0
0
6
0
436468284
0
0
0
0
0
0
1
0
0
3
0
0
0
45
6236713704
0
0
0
1526878
0
0
45
0
28777491
0
1
0
0
0
0
3328994361
6761391262
0
0
0
0
0
1622135340
3781325156
0
1
0
289093035
0
3
0
0
0
0
2553587370
0
2860213133
0
4667953725
0
2358711576
6920937660
0
0
0
828387453
0
0
0
182988012
0
0
0
0
0
0
0
3
0
0
0
0
0
1941361480
0
0
0
0
0
0
0
0
19678401
0
0
0
0
36
0
979230382
3979791915
5352451335
0
0
0
0
0
5305169476
350608439
0
0
0
273674710
0
3801527600
1006815498
0
1948034535
1
0
6
0
0
0
6
0
0
0
0
0
0
949150662
0
0
2900436
0
1
934005807
0
0
0
0
0
1769738265
4370517216
0
0
0
0
0
0
0
0
0
66
3607868940
307358811
0
1
0
263477480
10
0
204030099
0
306887915
0
0
585281790
0
0
0
396929397
293219436
0
0
0
0
0
0
0
315821277
45
0
1
0
0
0
10
0
0
0
0
0
6
0
0
0
0
0
0
417937401
0
0
0
0
0
0
0
0
0
0
0
0
117855
1
0
0
0
175640653
45
0
5195015301
1276564650
0
0
0
0
3
0
0
0
0
0
0
3421754130
0
1
2677619574
0
0
0
0
0
0
2623957893
0
0
0
3782890626
3
0
0
28
0
0
45
0
0
0
0
0
1492300368
0
1259191833
855014607
0
21
0
0
0
0
0
8995160
0
5941971546
0
0
3676659831
0
5738793366
66
2153484372
0
1459485375
0
0
0
28
0
66
0
0
0
0
2451925342
0
3051796865
0
0
0
2957535559
0
0
0
1
0
3517717458
21
0
3229611
0
0
36
24777280
0
0
0
0
1777778978
0
0
1185431083
0
0
0
78210
8074171
1442570038
0
0
3
0
3
0
0
0
0
0
0
0
0
0
0
401818711
0
2782766493
36
0
0
3155158193
66
0
0
0
2328997119
0
0
0
94002615
21
0
0
28
579377799
0
0
0
0
0
0
2785975314
0
0
0
0
434255184
0
0
0
55
0
1462945158
0
3040869095
0
0
0
0
0
0
3
0
3889575855
15
0
0
0
0
1
4128996465
881097210
579820428
0
15
0
0
0
0
3
0
2735225667
6321208096
0
1
14116641
0
0
3577437955
5058721339
0
16179515
2400794535
6
642808439
3568055040
71347484
0
0
21
6323569504
0
85811550
6325593958
0
0
0
10
0
0
342421365
0
0
0
3456005070
0
0
1565564918
6
0
0
5037319312
0
1931963870
0
1457001168
774663840
0
0
0
0
0
0
0
431254395
258701621
1067058278
0
4535185896
0
0
0
0
128825325
0
0
0
0
28
0
0
0
0
0
0
307086153
0
0
558498328
0
0
0
0
3340918143
0
36
66
0
10
0
0
0
0
0
0
0
0
0
6
2935656964
1483844523
171615598
2162160
0
0
0
10
0
0
0
0
0
0
9398279
0
1539819737
0
0
0
0
0
0
0
45
3494772561
0
998173525
0
0
1423938267
0
0
10
66
0
0
15
0
6856380585
0
0
0
6
0
0
5328577695
4018695681
4597398050
0
0
0
0
0
45
0
179693403
0
0
1827191920
0
0
0
1
0
0
0
0
0
0
4411939059
0
0
798940336
1684465897
5944697196
36
0
0
0
0
0
0
3459747326
28
0
794270275
276042756
0
0
0
0
0
3
0
0
0
0
1640928818
0
0
0
5323210926
66
0
0
0
0
1005155863
0
102724610
0
5428351044
0
0
0
0
1683653378
0
4056887881
0
0
36
0
0
0
15778153
28
0
6
627164235
0
0
0
0
21
36
101752245
0
0
0
2043554379
0
966745
4657524300
0
0
6025655
1
0
1
0
710173825
10
0
536395860
0
2715660743
1
0
0
0
0
0
89011153
1
0
260022607
1
0
0
55
0
1
1
317759435
0
21
0
0
1805373977
0
0
567423807
0
0
0
729028
0
0
0
0
0
0
0
3758748411
1
0
0
1
0
0
0
0
0
0
1890786759
1431740313
10
0
4506374559
0
0
0
0
0
4282890021
0
6
0
0
0
0
69095890
0
0
0
0
0
0
0
0
0
0
0
266862753
0
61610550
0
503983623
0
0
0
1699940580
0
45
0
0
0
0
0
0
6
0
0
45
1
0
4144277340
0
0
1649360889
0
36
0
10
0
0
0
28
0
45
0
0
0
55
0
0
673426629
0
0
1
0
0
0
0
3993185646
0
0
0
3341735583
2421905997
94167225
0
0
14474889
0
0
0
1777838629
983084308
0
0
0
4185987730
0
0
3
2658553811
0
0
0
0
0
0
0
147121281
0
0
0
369145196
21
0
1397592005
45
45
10
0
4023448615
0
4688072810
0
502175565
55
0
0
45
0
0
0
1388565923
0
2238373680
0
536130
66
0
0
36
0
0
393892277
0
0
0
2355415902
0
0
6
4670852823
655274291
862266625
0
0
0
15
1
66
0
0
0
0
0
0
0
2902724685
0
0
0
217872375
227047395
0
0
3
0
0
10
4851765235
0
2732785449
0
0
0
0
0
0
0
3782542743
0
0
0
0
3
1038961
45
36
0
0
0
0
0
6
0
0
0
6
0
0
0
0
36
0
28
3032452493
0
5586826320
0
0
0
0
0
3682750743
0
239356257
0
0
0
0
4533852679
180490497
0
20804475
0
0
0
0
0
45
0
0
4229470323
0
0
3649526850
0
0
5677143801
0
0
0
0
0
6
0
0
0
0
0
0
0
0
0
0
0
1553780379
0
1791699585
0
0
12407671
0
0
0
6878178762
0
0
0
0
28
0
0
0
0
0
0
0
0
21
0
2024802045
0
0
0
0
56953
0
276371795
0
0
66
36
0
0
0
0
0
0
0
0
0
0
66
0
0
0
0
0
0
0
3
2350133946
0
0
6
0
0
0
620417924
0
0
0
0
0
1425539682
0
0
1
1399178547
0
0
1
0
8402950
0
0
45
6535159909
64031586
0
4712991292
0
0
3
6
0
0
0
0
0
2134494447
0
0
0
0
0
0
0
1823325072
38058449
69425436
0
1929229758
0
0
0
0
0
0
36
583572345
0
0
0
0
3
2461107540
1158994582
0
0
2271952900
1164730952
0
0
0
6624983331
0
52239531
28
0
4103228710
0
0
0
837816624
0
0
3017673818
0
1172272407
996654978
45
0
0
0
0
0
0
0
0
0
4388299031
300774591
0
0
6400952019
1320594525
21
0
0
0
0
0
344360646
0
82041645
0
0
36
0
28
45
0
0
0
3346233483
0
66
0
0
0
0
0
0
0
0
0
0
66
5972425212
0
0
0
0
0
0
1053932888
45
3
0
0
0
45
687926777
10
0
0
1
45
0
313914086
0
26401011
28
45
0
3924201
1388611
0
0
0
0
0
0
0
10
10
21
0
1594063388
10
0
0
0
0
0
0
0
0
75565071
0
0
2317613367
0
0
0
0
1853400280
28
0
0
0
0
1
0
0
45
0
0
0
45
0
0
0
0
0
113018095
6
0
167563971
0
0
0
0
6
2572632279
0
3
0
0
0
4366778310
0
0
0
671153202
0
0
0
4886402617
0
0
0
5816080812
359535510
0
2174800140
15
0
7882435
0
0
1964171790
0
6
0
0
0
3
0
0
590012755
6356112060
3429203510
0
2605301014
0
0
0
21
0
0
0
3
0
0
4059770841
0
0
0
7583565
0
0
6606348865
0
0
0
0
0
1
0
0
0
3
0
0
1177992988
0
0
0
1
0
0
0
0
0
0
0
0
0
0
0
3
27665641
10
4294744815
6811720774
0
0
0
0
0
759856626
0
0
0
0
0
21
0
0
0
0
5785100
0
0
0
0
10
0
0
10
0
0
0
0
0
0
0
0
0
0
0
2394562200
0
0
0
0
10
0
0
0
6
0
0
3451267776
55
0
0
0
0
0
0
0
0
0
0
4023538344
0
0
0
0
36
2554930
36
0
0
0
6102271
0
109764335
66
0
0
0
0
0
0
0
0
0
0
38268126
0
0
0
0
369743211
0
0
0
0
6
0
0
0
0
0
0
0
0
562985789
0
10
10
5249999170
0
28
0
0
36
0
0
1
5365599370
0
2617514445
0
0
0
1678087257
3523255586
0
0
0
45
0
10
0
0
18803778
0
0
5369432961
6
0
15
6275080312
0
0
0
0
21
0
0
1763972100
0
0
0
0
0
0
0
4509223040
5029894485
28
0
0
0
0
0
3
0
1101870
0
0
685888182
0
0
1
0
0
0
45
0
0
3
0
0
0
769751463
21
1189475919
0
0
3294568506
45
0
3
0
67669160
0
0
0
0
0
2230418649
0
656505709
28
0
0
6
10
1488042178
0
66
0
0
0
0
0
0
0
3
0
0
0
0
1
0
0
10
21
0
0
45
0
0
1
21
35595703
0
0
0
0
853319995
0
0
1257837218
0
0
45
3121013485
2386403119
0
0
36
0
3
28
13695
3
0
0
0
0
3
15
0
0
0
0
21
28
3
4094808211
6206595360
911239392
0
0
0
36
0
0
0
66
0
6688653
21
45
28
0
0
21
0
0
0
10
0
0
0
36
0
232255128
0
10
0
0
0
0
0
0
0
3299440716
0
0
0
0
0
50667210
33060646
0
0
0
0
0
6
0
0
3204281421
1164972312
0
0
0
0
0
0
0
0
0
55
0
0
2283494404
0
0
0
0
0
1
0
0
3649783158
358222751
0
0
0
0
0
0
3
0
0
9956953
1
10
45
0
0
551867232
0
0
0
0
796423984
0
524021750
0
0
0
271060686
0
0
0
0
0
0
45
6161443491
0
1
27066403
0
3
0
0
0
0
4498118921
369281075
85092535
0
0
236912022
0
0
0
0
0
3870636099
104712153
0
0
2212687990
0
3
0
0
3
0
1061199387
0
0
0
0
0
5288804062
15
3489340481
1901810295
0
0
3
0
4984362210
0
0
0
0
2315095025
3
0
0
1
0
0
0
0
0
0
6
126365252
0
0
448878
356084641
0
3
531298502
0
0
0
0
0
0
1761953175
178198881
6137267379
0
0
0
10
0
0
0
0
0
0
6
341610581
0
0
1
3257899524
66
0
776711990
0
4780610835
0
0
0
66
10
0
2085126717
0
0
0
0
0
4059500520
0
1
0
0
2124118425
0
0
0
3
0
0
10
0
15
0
36
21
55
6
0
36
0
3659615100
0
0
0
483060882
15
0
21
0
0
0
36
6
0
28
0
45
0
55
0
0
0
0
0
0
0
0
0
0
1377836237
0
0
0
10
0
53566425
0
0
21
34565455
0
36
0
0
0
0
21
21
0
0
0
45
0
2710136217
3675545181
0
0
1464514257
0
0
814283187
0
0
21
0
0
3
0
55
0
28
3658160870
0
0
976223388
0
0
26451901
5663725620
0
0
0
0
66
1505605372
0
0
5081479230
6
0
0
0
834585937
0
1710101397
963670848
0
0
28
0
0
0
0
0
0
0
0
66
0
0
0
0
0
0
0
38469606
6
0
0
45
45
3
3410512727
1068167282
3
0
0
45
0
0
0
497086214
0
0
0
0
0
0
0
62736800
0
0
0
2615561265
0
0
0
0
0
0
0
5534519400
0
219566490
0
0
0
0
0
0
36
0
0
0
0
0
0
4256738025
0
0
4479453181
0
0
0
0
0
283517568
346305402
0
0
0
0
0
0
0
0
32180253
0
589978424
0
0
0
0
3
0
0
0
6795141
0
0
0
0
0
0
0
0
0
0
0
0
0
6
0
0
0
0
15
1
0
0
4489681399
0
0
0
10
356084641
2169395509
0
2494686909
0
0
0
0
1
0
0
96403555
0
0
0
0
0
0
0
0
0
0
6
66
1952468799
0
0
3075828518
676255470
0
0
0
0
5358350415
0
0
0
0
0
0
0
0
0
0
0
3866765725
0
2003033535
0
0
0
0
0
0
36
0
0
0
441891835
132657616
0
825947043
496644885
151475714
1701090
0
0
4157671245
0
0
869090580
0
0
0
0
0
0
0
0
0
0
0
45
6
0
2367992935
1950781917
0
0
0
0
0
15
0
5973518187
0
28
214711003
1
0
1127673767
0
113937060
0
0
0
0
0
0
4899262512
4909411
0
0
0
42030696
0
0
0
1
0
0
0
2773746911
2730272424
2886518154
1
0
0
5918556756
0
0
0
3
0
66
0
6
0
0
0
1
36
0
0
0
0
0
0
0
0
0
0
0
0
0
0
0
0
0
0
0
2171899272
0
0
266308571
3
28
0
36
0
0
777421575
2634762900
1495087900
0
0
0
0
0
6
0
4903618930
0
401903776
0
0
0
0
2159394893
0
0
0
0
1348855827
10
0
0
45
0
0
1
3
0
1618435143
5807240290
0
629078184
0
10
0
0
0
0
0
1467546555
0
1520568203
0
0
0
0
372877086
0
0
0
5784307837
0
0
0
0
0
66
11929170
36
0
0
10
0
0
1
0
0
0
227004772
0
0
989969253
0
1625497625
0
0
45
0
0
0
3804928985
0
0
55
0
0
1599601613
0
0
0
0
0
6119751
0
0
645392627
0
0
0
0
0
0
0
0
0
28
0
0
0
6816273595
0
0
0
0
404715472
6635001544
1650222519
10
0
0
0
0
6658753046
6
0
6655776
0
1486242432
0
1184846832
0
0
0
0
0
1455597987
0
66
0
0
6
0
0
28
0
0
0
142155091
326311831
0
0
0
10
227475
0
0
0
4281594408
0
2151122430
0
0
0
28
0
0
0
0
10
0
0
45
0
0
0
0
0
0
0
43893765
6
787707583
0
0
21
5007853015
0
0
316424736
21
0
0
5615933145
0
10
0
1
0
0
28
0
0
0
343783530
0
0
66
0
0
0
0
0
477822240
0
0
0
0
4121094270
6
0
0
6827253312
0
0
0
169344403
2985519592
1
0
3777325858
0
0
0
0
0
0
66
0
106718744
0
0
0
729562698
1
0
6
0
0
0
0
0
5489790870
0
0
1620597818
0
0
0
6
0
0
10
0
0
0
1300168515
5176480330
0
0
4639589911
0
0
0
0
0
0
524021750
45
1429065988
0
0
0
0
0
2462861830
1045136337
72848484
0
0
0
848493412
0
0
0
0
1390278
0
36
0
0
0
0
0
28
44826246
3
6
0
0
0
0
36
3657562146
0
0
0
0
0
0
0
0
0
0
3684255
0
487110077
3920949690
36
0
0
123064516
2892067421
28
0
0
36
0
0
0
0
0
0
0
0
0
0
0
0
6420654495
21
45
0
45272370
3631778141
0
1
0
777697626
2364003174
0
0
0
0
0
0
0
3
0
0
0
0
4975380345
5671391208
0
0
17249000
0
0
0
0
1008910
319627676
0
0
0
0
0
0
2454166764
0
0
1
0
3
0
0
0
0
21
0
0
0
0
0
0
2098191795
0
0
244061371
1734634422
124117890
36
0
6
0
0
366649659
0
2459073349
0
379955960
0
177821511
0
0
0
36
0
3
0
0
0
0
0
0
0
0
21
0
0
0
148169502
4304945600
0
0
0
0
1270407618
0
10808925
55
0
145598580
0
18951245
0
0
661843152
66
221751270
0
0
0
0
0
0
0
0
0
0
194212486
6
0
0
4105584399
0
0
304761016
0
1
0
0
0
0
0
0
0
1
2395323499
0
0
0
0
0
28
0
0
0
0
0
0
0
1064518990
0
0
2540668650
0
0
687778415
36
0
0
3744109835
924564480
0
0
10
0
0
45
0
3000606742
0
0
0
4389423305
680196265
0
1919241954
1624129493
0
0
0
0
1
0
0
0
0
0
4523669358
0
0
6
0
3
0
1
1
0
0
569615627
0
1171933463
0
0
437858027
3531486816
2289106917
0
0
560404980
36
0
876988119
5824172562
0
0
36
0
0
0
0
0
0
1981005019
0
0
0
6
5609046525
0
223650669
0
0
0
1
2590812100
0
0
2068820614
0
0
66
0
0
0
0
21
0
0
0
0
0
0
0
0
0
0
6301771200
3
0
0
0
0
3837975042
3
10
1
913717123
0
3120223461
0
0
0
0
1524651789
0
0
0
0
10
1
36
0
0
0
0
28
0
0
0
1086921985
0
0
0
1
0
0
0
0
0
0
0
36
0
5150160750
260456076
0
4272715406
0
0
501732000
3755714436
66
0
0
6349461660
0
0
0
1705542782
0
4352678232
0
91266805
36
0
1
0
0
0
0
0
5862982975
26743641
0
0
0
0
0
0
1495853553
0
0
2617442113
0
0
0
0
282827436
0
0
0
21
142222545
21
0
0
36
0
0
1
0
21
0
2136781872
0
0
5779361271
0
0
36
0
461244377
15
36
0
0
0
0
69850289
2029322772
0
28
0
0
0
0
0
0
0
0
0
0
0
0
0
55
0
4826973349
0
0
0
10
0
0
0
0
0
10
0
0
0
5704775475
0
0
36
0
0
0
0
0
0
0
0
0
0
0
154660078
0
1
0
0
1700290434
0
55
0
45
0
0
1
4252310289
6
0
0
0
519531474
0
3544272711
6013699560
0
3
0
0
101623896
417937413
0
5283765756
0
3088862091
0
0
0
0
0
3447031955
1202191092
0
0
0
10
0
2328178167
0
0
0
3
0
5003650630
321526760
48526025
0
0
0
0
3
0
0
0
0
3
45
0
1
0
5891062740
0
0
986679243
10
0
0
562330
0
0
2375293344
0
0
0
8134561
0
1720351125
297789809
0
819214002
5484238749
0
130920470
0
0
0
45
0
0
0
0
36
2390342647
0
0
0
0
36
0
122296980
12432590
3384217575
36
0
0
0
0
0
1513682728
0
0
2202322492
0
45
0
0
0
0
36
0
0
45
0
66
6
0
50637015
0
0
1256834310
28
0
0
0
45
0
0
0
0
0
0
0
0
73247356
382358021
10
0
0
4687491845
0
0
0
0
0
3
0
2561168229
0
2081820
0
0
815090497
523568619
0
0
15
0
0
0
0
0
0
0
0
0
2371779465
1
0
0
10
21
28
0
0
0
0
0
0
0
0
0
344334403
0
0
0
0
0
10
0
0
1
0
0
0
142897962
21
0
0
0
0
0
530125620
2370815364
4559504243
0
0
0
10
0
1
0
0
0
473257994
0
0
1
5304139440
0
0
0
460455028
1
0
0
1249375075
2370677647
0
0
28
0
859610913
0
0
0
45
0
0
5179329708
0
0
0
0
0
4752393742
36
2786871143
0
0
6
0
0
0
0
0
0
0
0
0
0
0
0
554494948
547622964
0
0
36
0
0
0
0
0
0
0
0
0
6158557587
0
0
1872199808
0
0
2132142915
3
1094441499
0
2597943367
73198950
0
0
0
213779503
0
0
0
443796527
0
0
0
0
624369432
4757172075
0
894243194
0
0
0
0
0
3
0
11426590
0
0
0
0
2892067395
0
3858591618
0
0
0
0
20566491
0
0
2756122880
0
0
0
0
0
5307847983
5614873369
4271236470
0
0
0
0
13778624
66
1957784019
0
15
0
0
3188450395
0
0
0
45
3
21
2318781
0
0
0
0
0
1530123534
0
0
949063507
0
0
0
0
0
3
0
0
0
0
0
1774322229
0
0
0
0
0
0
0
0
0
0
0
1598809850
0
0
2511384750
0
10
0
0
0
354565134
0
0
0
692645589
0
0
0
0
0
0
1340817217
36
21
36
0
0
0
0
45
45
0
0
0
0
2083835397
5416986
0
0
2577368670
1456677297
0
102652956
6161110470
4813423750
3518052976
0
1555676282
0
3
0
1537323522
0
0
0
0
0
0
3866941608
0
0
0
0
0
0
300284261
0
4806852180
0
0
0
0
0
0
4336924366
0
0
0
0
0
3
0
0
0
3130501491
21
0
28
0
32012001
0
0
1232188897
0
0
366703811
0
0
0
6
1
0
15
0
0
0
0
0
0
0
337831021
0
0
21
0
0
0
3
0
0
64848966
0
36
3953249806
0
0
0
0
3
0
15
20145378
36
0
0
0
1277069963
0
0
16991534
0
1173919257
0
2123466660
3
0
0
0
0
36
0
366378914
0
891665320
0
0
6414083646
0
0
0
1
1425326133
66
0
2106297054
0
648054000
0
0
0
1116588393
0
575266237
0
0
0
0
0
0
233463636
0
0
0
0
842694921
0
0
36
0
0
0
55
5828706420
755963283
0
0
0
0
3224245717
66
0
0
0
28
0
0
0
3711471236
0
572758934
0
1
0
523776
0
0
10
6
0
1
0
725824049
10
10
4865960509
0
0
1059127272
28
0
0
0
0
0
0
0
1196509793
0
0
1
0
0
21
0
0
0
2157095367
0
5307538869
6
0
0
0
0
0
21
0
1309772943
0
0
0
0
0
0
0
3197000667
0
25952410
1282179452
1
691194789
55
6
3
0
0
0
55
0
0
0
2571197869
10
3090119795
0
0
0
0
0
0
28
0
0
940456755
0
0
6
0
0
0
1817291300
0
588365055
0
0
0
0
0
6548199525
5327958312
588605204
0
0
0
21
0
0
0
0
0
0
0
847381525
3742119771
0
0
4923345999
36
22041480
1306192713
0
10
21
0
0
0
0
0
1445955973
0
0
0
248767655
0
0
15
0
0
10
0
0
5240064312
0
0
0
66
2012856070
6855092529
0
0
0
0
0
0
0
0
66
0
0
0
0
0
0
0
0
0
0
0
45
0
0
0
0
3232120164
21
0
0
192953187
10
55
6411705354
880971294
0
4299380064
63039605
0
46604684
28
0
469634627
10
0
21
753011027
0
0
0
0
0
0
98680175
0
0
448755860
0
0
0
0
0
0
1
0
0
0
28
0
0
0
0
1785598914
0
0
367625160
3
0
55
0
10
0
0
66
56716575
0
0
0
6
0
1392573922
0
0
3819948076
0
10
3
15
61001535
4345217198
28
3
0
5609787958
0
0
66
45
0
10
0
0
0
0
0
45
0
4060491741
73186850
0
7229503
0
1543040100
0
3
0
0
0
0
55
0
0
0
0
0
0
0
0
0
0
0
0
0
3
45
0
218519959
0
0
0
0
570324650
0
3
790965648
21
0
0
0
0
0
0
382385675
0
0
6272951970
0
0
0
0
204090703
0
0
0
0
0
28
6
0
2060210139
0
1
260364780
224751798
0
0
4118915658
36
0
0
0
3059849096
0
0
0
0
0
2633238699
0
0
0
0
3047033070
0
0
1341386904
2701161722
0
0
0
334822493
1753770694
45
0
28
0
0
0
0
0
0
6
0
0
0
1667617848
0
0
0
0
0
0
0
0
0
0
0
0
1082218023
1550715892
0
36
66
0
241945003
0
0
5877827610
45
1
4154844882
0
0
0
0
0
0
36
0
0
0
0
0
0
15
0
0
0
0
0
1767775524
0
0
10
0
418718390
4976677225
0
28
0
0
6229679565
0
0
0
0
0
1
0
55
66
0
28
0
5745544761
1837361884
36
0
0
0
6
0
0
0
0
499548615
0
0
45
0
45
0
0
0
28
997101493
1112197838
0
0
1626353000
0
0
45
0
0
1
3
108345
0
28
2278563765
0
0
0
0
0
0
1
0
0
0
0
0
0
10
0
0
1190597997
0
36
21
0
0
0
45
0
3351798722
990191748
0
45
0
0
0
1851939349
0
0
0
1117580975
0
0
0
0
10
0
0
0
0
0
0
36
0
0
0
0
0
0
0
0
28
0
0
0
0
0
2163273955
0
0
45
6
0
0
4090103745
0
66
0
0
6248557879
0
3313427670
0
0
0
3
10
0
0
6871494999
0
0
0
628368954
0
0
0
0
0
0
62128
0
210565981
6
0
0
0
1450045850
0
0
0
1
0
0
10
0
2776503411
0
0
0
0
0
45
6
0
0
0
0
0
0
0
32963139
21
0
0
36
0
6031479151
1
0
0
0
0
95724366
575028818
0
0
5764748955
0
0
0
0
0
0
0
705470702
0
1
0
0
0
0
85837753
0
21
0
0
0
21
0
0
21
0
0
45
0
0
0
0
0
45
6
0
0
113801241
0
1994055940
0
0
1553203
0
66
0
0
21
0
3
0
0
0
0
2955690045
1457271088
0
0
0
0
0
0
6072956691
10
1147181044
0
0
0
66
0
1048018632
0
0
0
66
21
0
0
3
0
0
0
0
5202356961
0
142053937
0
0
3
46807650
0
0
2902038984
0
0
66
0
12854985
0
0
0
0
0
0
45
1849384147
0
15
6
0
2972860350
55
0
0
0
0
0
0
0
0
201954753
0
0
21
0
823429068
3
2534541982
46962585
333271643
0
0
0
1120088112
0
0
0
0
28
28
0
4777775592
0
254420402
3374680890
0
0
26992877
0
0
0
0
0
0
0
21
0
119559916
0
2073969804
0
0
0
138403202
1
0
0
0
0
0
0
1517757054
66
0
0
1
0
15
0
0
0
0
10693000
0
0
0
3
0
0
33829425
0
0
0
0
0
0
0
1487823972
0
0
0
0
0
0
10
5605763604
75061877
36
45
0
0
0
55
0
0
0
0
0
3118643731
0
0
0
0
15
0
36
0
0
36
0
0
0
1340817192
0
1213594008
0
0
0
5506044325
104813480
0
0
0
0
0
0
0
0
3104601765
0
0
0
0
0
36
0
0
0
0
0
0
0
0
0
0
0
0
0
3
0
0
0
0
0
0
0
1888819447
2284440600
0
0
0
0
0
0
0
6725738135
0
0
0
0
0
0
0
0
0
0
0
5906377596
1
0
0
1506757932
0
0
0
0
4431781676
6
0
0
0
0
3787153920
1501656975
36
0
36
440436359
0
21
0
36
0
0
0
0
419905709
0
0
0
0
1120372113
45
0
0
0
0
66
0
1
0
0
45
10
5068180824
0
0
0
0
6611292500
0
226068210
0
0
10
0
0
0
0
31383003
0
45
105742152
21
1161644097
0
188170300
3108542940
656795645
2714702760
10
5449001376
0
731397380
1645973972
0
0
31122105
0
0
0
0
0
0
1151927998
0
0
0
0
0
0
0
66
0
0
21
4073659432
0
0
0
0
0
25607745
0
21
0
0
10
0
6
2305878
0
4760155
936341154
21
0
0
0
3
0
0
0
0
0
0
0
0
0
3
0
1
4284741251
0
6255490833
0
0
0
5392359280
2275526985
0
115770936
21
0
3249832500
0
0
0
0
0
0
1
205120
0
0
3820385156
0
0
0
0
0
0
2931903564
4170904090
0
4806550
0
0
0
0
0
0
0
0
0
0
0
0
0
13238084
3
0
21
0
0
0
0
0
477667665
6428702700
824484507
0
0
0
0
0
0
0
0
0
0
0
21
3
0
0
0
1
0
5590632345
3297247776
0
0
202356900
0
45
0
28
0
6794107530
0
0
0
45
0
0
0
0
0
664283022
0
0
0
0
1954468975
45
0
0
0
0
0
0
0
0
0
0
66
0
0
0
0
0
0
0
0
0
0
0
0
0
0
0
362222067
0
0
0
5125528083
0
0
0
0
0
0
992239857
0
835403247
0
0
0
0
4939036930
0
0
0
0
0
0
0
28
69696720
6476983975
5121883821
0
0
28
1096454178
0
23526370
0
0
0
3
0
0
0
0
36
36
0
66
0
0
0
0
0
0
66
0
0
0
6
0
10
26992877
134997096
0
1
0
0
0
2762425
9385278
268969221
1253026815
3942320395
0
0
0
0
10
4584749375
0
0
0
0
21
0
25878
45
3
0
8571869
5944915275
20489600
55
0
0
2255602159
4160498569
0
0
0
109527399
0
2994180392
0
0
0
154712844
0
1729690330
0
66
0
0
0
0
36
28
0
0
0
0
0
0
3
66
0
45
0
0
21
0
36
2273098997
0
0
0
0
0
28
0
0
55
0
48034700
217267432
0
0
0
15
0
0
376819877
0
0
66
0
0
0
1785240375
45
0
0
0
0
0
0
0
0
0
0
0
2072295595
680823429
0
0
45
0
36
1
0
66
620875931
0
524734209
779591820
36
4411751156
0
0
0
0
0
0
1
0
444273335
0
0
0
0
0
0
5661065149
0
364810565
0
0
421559165
45
10
0
0
0
10
0
0
1074277125
0
45
0
0
0
635336466
0
0
0
3
0
0
1632746934
0
0
0
0
0
0
0
0
0
0
0
0
6578446390
1790921470
0
0
0
36
0
0
6
0
0
0
1
0
0
0
0
0
0
0
0
0
3500041566
21
0
0
1386248179
0
121266951
52106735
0
0
0
0
0
2872706265
0
0
1066530
527004324
0
0
0
6
1949033389
0
0
0
0
0
15
1308135672
0
55287870
76477527
3896899858
0
0
45
1
0
0
5957243236
37044527
0
0
0
0
0
0
0
0
3
0
0
0
0
55
0
290995740
0
5164175961
0
0
527231627
0
0
0
0
0
1
36
0
36
0
0
0
0
3
124054876
0
0
0
0
0
833564862
3916080705
0
637584194
0
750180724
36
387463202
0
0
0
3089176493
0
0
0
6048735021
3
0
66
0
0
0
0
0
0
179390208
0
0
60726
0
0
140876505
4744207870
3877589971
0
45
0
1
0
0
0
55
21
0
0
17366670
0
0
11179355
0
1622704968
28
1198173600
0
2088033747
0
0
0
18376953
0
0
0
0
0
0
0
0
0
2608622529
0
2825301999
0
0
0
6114576360
901234719
0
28
0
1
0
1792956897
10
0
0
0
10
0
0
0
0
6
0
2606311665
0
0
201091485
0
0
0
0
575401905
1561371015
0
0
0
0
6
0
0
0
0
0
1644425216
0
0
10730027
0
1543540126
4658006912
0
0
0
366796
6
2009241130
0
0
0
0
0
0
0
0
0
10
0
0
0
0
0
6
0
0
0
1178284212
3528293996
66
0
0
854683825
0
0
0
0
28
0
6
15
3203560945
21
66
0
55
0
0
0
636549039
0
1
532994904
3
0
45
10
0
0
0
963670848
3
0
0
0
28
2477622415
204515200
0
0
36
496644885
4087481275
0
0
0
0
0
0
165374388
1
0
0
0
0
0
0
0
0
3544356905
0
0
0
719399345
31812275
0
0
0
0
0
0
0
0
0
0
0
0
0
66
0
4680910101
66
0
0
4619767448
0
0
0
10
6444700701
0
0
0
0
0
0
10
0
0
4812148290
0
500813775
0
0
0
1
3
0
45
0
55
0
317835068
0
78669696
0
0
0
0
0
250846401
10
0
0
0
0
0
205264188
6
0
0
0
0
0
0
0
3
0
10
0
0
2827933605
112417514
0
21
0
5373267879
0
72114045
10
0
10
234631943
3581826
0
15
0
0
0
0
28
0
0
0
0
1024075393
0
0
0
5613919696
0
0
775333128
0
6
0
0
0
2487275679
118818820
0
0
0
10
91334370
0
0
0
0
0
10
66
0
0
0
0
10
0
0
0
259225064
0
1914103122
1088507796
83340505
1
0
0
36
0
53483653
0
25087986
0
0
0
0
17366671
0
0
870759040
0
0
0
50403
21
4920270364
0
0
0
0
0
0
21
21
0
2005566075
0
0
0
0
2823949118
10
0
10
0
0
0
0
0
0
0
0
10
3394673958
28
409965
140675150
6
0
4182968809
4984462024
6
0
21
0
0
0
45
71670375
722171000
0
0
66
459272277
0
45
0
0
0
6889442970
0
968418024
55
0
2379016725
2772108534
0
0
2834781420
0
995449884
0
0
0
1750396522
0
0
0
1150344567
0
0
0
0
0
0
165428955
0
0
0
0
0
0
0
0
6
1813856559
3
209786886
0
0
0
1
0
0
0
0
0
66
0
0
5588729181
0
0
1
0
0
0
0
0
0
0
0
45
0
0
0
0
0
6032138158
0
437266363
0
6316036983
0
0
0
0
0
2531196789
0
0
0
0
0
0
0
0
5844480604
0
126508371
0
66
0
2168012470
0
0
66
372658640
0
21
28
0
0
0
0
36
0
4796366617
0
0
0
21
0
0
2249293050
0
0
6064253319
0
0
36
0
0
1
0
0
6
0
0
1889188236
3
0
0
0
0
0
28
3
0
122109377
0
0
0
0
0
0
1
0
6
2370953063
0
0
0
0
0
0
0
45
45
0
0
0
0
10
1
0
0
0
0
0
0
0
95696695
0
0
0
36
0
0
3866414006
0
0
3
10
0
1457163092
0
0
0
0
1
0
0
0
705883930
0
0
0
21
1098890639
0
0
0
0
0
0
4818330825
0
4309122174
6290213158
0
0
36
5848265280
0
5673414915
0
2381224519
3
0
3450353940
0
45
21
0
1947660042
6798188040
4961225400
0
0
0
219964825
828183945
15
1
715081632
0
0
4763123937
0
0
0
0
0
0
0
4443557801
1
0
5237812380
1811929695
2627778
0
0
0
0
6
66
0
258246891
3
0
10421895
0
1551161423
0
648414065
0
0
437532556
0
160052885
0
1764625500
0
45
5410756285
0
0
0
3
66
0
45
619941
6
0
0
21
1406063929
0
7474911
0
0
0
0
0
4872276189
3
1
0
0
0
0
36
0
0
0
0
4402081320
0
51465585
0
0
0
15
0
0
0
0
0
3
0
0
0
0
0
3626070175
6
0
0
5697621060
10
0
0
0
55
0
0
0
0
0
0
0
1
5644584309
268760510
10
0
303256868
66
0
66
0
0
0
977328345
1254178471
74365107
0
0
0
0
0
0
0
0
0
3
1643851785
0
0
3
0
0
0
0
1
1
0
2851748445
0
0
3838588345
265570571
0
0
0
0
0
19136390
10
0
0
0
0
66
984060045
2238039120
0
66
0
0
10
0
0
0
0
0
0
0
6690526260
0
0
0
0
0
5662661344
0
0
0
0
0
383741955
0
2606311665
0
0
0
50868740
0
0
0
0
262468416
0
0
0
10
0
0
0
0
3
0
21
0
24273027
0
1
10
0
0
0
45
0
0
526647284
0
0
0
0
0
0
1
0
21
0
0
28
291092250
45
0
0
15
0
0
3137864554
0
0
0
6734091312
0
368819219
0
0
0
0
0
0
261781520
21
0
1
0
28
6055776312
0
6
512880357
0
0
6915173937
0
0
0
3
36
3796210500
45
695887450
28
0
276724574
209541153
1
0
0
6
0
0
0
0
0
22394778
0
0
0
0
55
0
0
0
0
0
0
0
0
0
1323576972
0
0
0
0
0
0
0
0
0
813113300
6162331591
27606164
0
291840710
0
0
0
3
0
0
0
0
0
1618435165
0
0
4589346887
0
0
0
0
0
0
0
0
0
94830
0
0
3
280312002
0
0
0
0
0
371349377
0
28
0
0
0
0
1
5736865104
0
0
0
0
0
28
5726051539
0
153
6475163034
0
45
0
0
45
0
4082961750
10
1
0
0
0
0
0
0
3
366920495
0
0
0
0
0
0
0
0
0
10
0
6385573500
0
0
1204349553
0
0
6
36
21
0
0
0
0
36
0
0
0
0
28
0
349735128
0
1
0
45
0
0
4199357169
6
0
0
195278203
3058832184
1
0
0
0
0
0
21
0
0
4519104860
0
0
28
33615900
0
28
0
1
0
2262458242
203182558
3931760781
0
10
0
0
0
0
0
0
21
0
10
304193435
0
6790494387
0
6
0
0
0
0
21
0
98063010
0
0
0
0
28
0
36
3
36
0
3
0
0
0
0
0
0
3
141969674
0
0
0
0
0
28
0
4519580254
0
0
0
10
0
3143778
0
0
1
0
0
0
0
0
0
0
0
45
0
0
0
0
28982691
0
10
0
0
0
6378455886
0
0
0
0
0
28
0
66
0
0
0
0
36
66
3
0
0
66
0
0
0
66
0
0
3
0
0
215063427
0
0
0
84519500
0
0
0
4628230100
66
149169628
0
0
206990030
0
6
0
0
0
10
0
3
963231885
0
0
0
0
0
0
0
0
0
0
55
1
0
42758128
241835028
567996659
0
6
0
0
0
2895186455
0
1
0
0
10
3
0
0
55
0
0
0
1
0
3
0
0
0
0
0
0
0
6376197156
0
0
0
0
0
0
6077145315
0
0
0
0
0
0
0
0
15
0
0
1347973000
0
0
0
234870301
0
45
0
0
0
66
6
15
0
0
0
0
3621643233
0
21
0
676034834
0
0
0
0
1462512480
10
0
0
238984447
5798714
0
0
0
0
55
1
0
0
36154755
0
0
0
4301884091
0
0
5367567810
0
2303270250
0
0
0
0
0
0
0
66
0
0
0
0
0
0
0
0
0
6
0
28
0
0
0
0
0
0
0
0
1
64269453
0
0
1223318888
2123922894
0
3
0
0
0
66
0
0
0
0
0
0
10
0
0
0
1470582000
0
0
0
3
0
0
0
0
28
0
0
0
0
0
10
0
0
0
0
0
0
0
572928165
0
3218386325
0
0
838307928
0
0
0
3183900256
4543605
769045350
1328366168
21
0
0
0
0
0
2111687542
0
1
61888375
36
0
0
0
3123147016
3562735068
1501109025
0
0
0
0
0
0
0
6
4753758735
0
0
0
350926278
0
0
0
0
0
0
0
0
0
0
0
522436649
0
21
0
0
21
6
0
0
66
658899450
0
0
0
0
66
465872549
0
0
291116385
1
0
251877780
2644862805
0
2615271967
0
4324546479
957053110
15
21
0
131649650
0
0
0
4137088182
0
0
0
0
0
2047392039
1521285217
2211091714
0
0
3510340145
0
0
10
0
0
0
36
394285315
0
37130652
0
0
0
0
0
36
0
0
0
0
0
0
0
0
0
0
0
0
0
0
28
0
0
0
1991088954
0
0
0
0
0
0
3232039790
0
0
2383985747
0
0
0
10
0
462581735
0
66
333478215
0
0
0
4154389083
0
1
0
0
0
0
0
0
0
0
0
10
805830582
0
0
3540989890
0
0
0
0
0
0
0
0
0
21
10
0
0
36
0
0
16736004
1141535868
0
10
3008591199
0
1646834739
0
0
0
0
0
72933003
45
0
10
0
0
0
66
0
0
3
0
1
1
0
0
0
0
0
0
0
0
230598550
0
0
0
812347277
0
0
997146132
0
3219589862
0
3394426770
0
1476771025
0
0
0
6
10
0
0
45
1
6174549435
0
0
0
5878586599
6
0
0
591869214
0
2960074132
0
0
3765601132
233766252
36
26140064
0
0
5026083894
0
0
0
0
75872721
0
0
1727632343
391818020
10
0
0
3
0
0
1985161519
2449615009
0
66
0
0
10
0
21
0
0
0
0
0
0
6202250934
21128250
585903
3340918108
0
0
2407520709
55
476648249
15
0
0
0
0
0
0
0
0
0
0
0
1730984513
217142370
0
0
28
10
0
0
28
0
0
2318770914
0
36
103629606
0
1
0
66
0
0
130209452
1
0
2034996670
15
1214825983
0
1
0
2106297024
0
908935545
1
1
0
1
2844276717
146384605
2794491410
0
0
66
0
0
0
194646314
0
0
0
36
0
0
0
0
0
6
0
0
0
0
4887687849
2616139917
0
0
0
28
10
1
0
0
0
0
45
0
3
0
0
3323285091
0
6
0
0
0
0
0
0
0
0
0
0
0
217038195
55
0
239750247
45
45
0
0
406310256
0
0
55
0
0
0
1
0
0
0
0
0
66
10
0
0
0
0
0
0
0
848822982
0
0
1692718014
0
0
1
21
0
3
0
66
0
0
0
0
0
0
0
66
0
0
0
0
0
0
0
3
0
0
0
5127857040
0
1
2605012254
1
1223665157
0
0
0
3751815366
3
0
6
0
0
0
45
10
0
0
0
9411291
0
499074600
0
0
0
0
0
0
0
0
0
5774901
0
0
0
3606764733
0
0
0
310341241
0
0
33763653
0
1992351214
3
0
36
0
0
0
0
0
1644884018
0
0
0
0
4343166579
0
45
0
0
66
287436275
0
709118969
1589042104
36
0
0
1865047269
0
0
1
0
0
418110902
0
1
533288810
0
0
0
0
21
0
4101507690
21
0
0
0
0
0
1205128
0
0
10
149290557
0
0
0
1
36
857663233
0
0
0
0
95226900
0
4187451810
0
15
0
0
1
0
0
0
0
0
0
0
0
45
10
0
99088002
0
0
1081
0
0
0
0
0
6
0
0
0
13957685
0
237827145
0
0
0
1996519639
4301234820
5642565730
266908960
0
0
1064703557
66
0
0
0
1
0
460728189
0
0
0
0
45
0
0
0
2885986323
0
0
0
491270164
0
21
0
0
0
0
0
25471953
0
0
0
0
66
0
0
0
1
0
0
66
0
21
0
0
1
375411
0
0
0
2778217601
0
0
0
0
5801314404
1
0
10
0
0
0
0
80384860
0
3149123831
0
1
3
0
4909760835
6
0
4809107583
0
0
0
6714956273
0
6520191849
0
0
3824232195
0
129387741
0
0
1
0
21
2507913247
0
0
0
0
0
0
0
0
4045186386
0
0
0
0
36
36
5931837594
2561454489
45
66
265271061
0
0
0
0
66
0
0
0
0
0
0
0
21
0
36
0
0
66
0
3
0
0
0
6
0
0
0
66
0
363946709
0
6150125826
0
0
0
0
6305251890
2210094364
0
0
0
0
1631947005
0
0
0
0
0
0
0
0
0
0
0
15
0
0
0
0
0
0
0
0
0
48545731
0
1
0
0
0
36
0
2454867379
0
6812304384
0
0
3716383746
0
0
3
0
1111726266
0
269015610
0
0
0
0
0
36
0
0
0
0
0
0
6792708791
2395531117
28
0
10
36
0
0
0
6
6229009875
21
0
0
0
0
0
0
0
0
0
4785207670
0
0
55
0
0
691306315
0
0
0
3944096475
0
0
0
0
0
10
21
0
1152456042
0
0
0
198174186
1425913482
0
10
0
2775907277
0
0
0
0
0
0
0
302739921
0
0
0
0
0
689151374
0
4068876924
0
0
0
0
0
86994644
1
1007668257
45
45
0
0
0
0
0
0
581728992
0
0
28
0
0
6
0
6049981
0
0
0
0
0
0
0
235846615
0
0
0
7142310
458878344
0
0
0
0
0
0
0
55
41254986
36
10
6
0
3083284118
0
0
439338902
0
0
0
0
0
0
0
0
0
55
0
0
0
2640064744
0
1729749147
0
0
2555445759
0
0
66
3
0
4976776962
620946399
21
28
0
66
0
2320405590
23436
279767685
0
139603695
28
0
0
155875995
67587745
0
0
0
0
21
0
1
717125235
0
0
0
0
0
0
0
0
0
0
1
1
0
144066825
0
0
0
1
0
0
0
0
440287974
326644020
0
1948346655
0
0
5674267140
0
10
10
0
0
6407516140
0
55
0
5927154958
0
0
0
0
3
10
0
0
0
0
60946319
21
0
0
0
45
0
1350986169
0
0
0
6
0
66
0
170468874
0
66
5928679341
0
0
0
777382162
12298320
0
1924325697
0
1
0
0
0
0
0
0
0
425692431
28
0
0
0
0
1328366193
0
0
0
0
2108958964
4306059180
10
28
0
0
0
0
0
0
21
0
0
537018377
0
5860384387
55
0
0
6
0
667238694
0
0
21
4011526761
0
0
745076502
10
0
0
0
178992660
0
0
0
21
0
0
45
0
42076551
2952538580
1
0
10
0
5799483406
0
3
0
0
0
0
0
45
0
0
0
3
0
45
5221449079
0
0
6
66
0
0
28
0
0
2365447365
0
0
378413795
0
0
1
0
0
0
0
0
0
0
0
0
10
131098528
0
5020170256
0
1
3175447233
0
21
0
0
36
0
0
0
10
15
0
6204478665
66
4908373594
0
512400075
0
1142778525
0
55
0
0
0
0
0
3418859385
0
0
0
0
30011878
0
596246777
3
175828125
0
0
1
0
0
0
0
0
0
0
1
89358395
1
0
1
0
0
1342267575
0
10
2144437299
0
0
3
0
3
0
0
3
0
180756591
0
2076160105
0
0
0
423972639
0
66
3
0
1569988627
0
0
0
0
0
0
21
0
0
0
0
36
0
0
0
0
0
0
6
3
1
66
0
2251104330
45
0
6
2789634155
0
3
10
0
0
0
0
0
0
0
36
0
0
0
0
45
0
0
0
0
169653
55
6
0
0
0
28
55
6
0
0
6
0
0
0
0
0
0
10
0
0
403748735
0
0
0
0
0
555861152
0
1
0
6517337299
0
55
0
0
0
1972139800
0
0
0
0
377396600
6182775555
0
0
0
0
1
0
0
0
0
0
28
0
0
0
0
260730020
0
0
0
4035657675
0
0
0
0
0
0
2820868680
0
0
0
0
0
0
0
3100978092
0
66
0
0
10
0
0
3
0
0
0
0
2015394780
0
0
45
0
0
0
0
36
1502753225
52885470
0
0
0
0
0
1173725447
0
0
0
0
0
4214859370
0
36
0
4634389647
0
0
0
66
0
6
28
0
3868788621
0
0
0
0
0
118556900
0
0
0
0
6054675837
0
3
6788396874
0
10
0
0
10
1
0
45
6
0
0
0
0
3
0
0
0
21
66
0
10
2599601559
38487151
21
0
0
0
0
4393734390
0
0
0
0
0
0
0
0
0
0
0
0
0
1
1
0
0
28
345674071
0
0
156972618
13894356
0
0
0
0
0
45
45
0
10
0
3
0
0
0
375064965
0
0
0
0
0
0
0
0
0
0
21
0
0
0
0
0
0
5656703364
3228422825
0
24531
0
0
0
0
0
0
0
0
3006187020
1216453147
45
1
0
0
1541262950
413554419
0
0
1348903
0
0
0
21
0
10
0
0
834381654
45
0
21
0
10
3659443980
0
0
0
5962265334
0
0
0
0
10
10
2813587595
1
6260189499
0
0
0
0
0
0
3
0
0
0
547821547
66
5151378687
0
0
0
0
0
55
36
4633523209
0
0
382717601
0
1
0
0
6
0
0
0
0
0
5067476062
0
21271502
0
0
0
0
0
0
0
0
0
0
36
0
0
0
0
0
0
4768688925
0
0
0
0
0
0
0
0
0
393751938
0
0
0
45
0
0
1552331319
105625845
0
5284588155
320057640
0
0
0
45
2728351505
0
0
0
135836403
0
0
45
6
312862595
0
66
2339861400
0
0
766067650
0
0
36
0
0
0
6
0
12056505
2455077622
0
0
66
168223653
245676861
0
45
1308749538
0
3
0
45
6187113114
1682551017
0
0
0
0
0
0
0
0
0
0
0
0
0
4649517041
755341277
52168005
0
0
0
0
1549657946
0
0
0
0
0
4970593329
0
0
0
36
0
0
0
0
28
0
0
0
123519903
0
10
4699021041
0
0
0
0
15
5471782900
0
0
0
6278217474
0
0
6
0
10
0
0
0
3
0
0
2323744842
425225688
0
195080628
0
6752904950
0
0
4122274555
21
21
0
21
0
3
0
1043673825
0
0
3
0
0
0
0
176842218
10
0
0
0
28
28
0
0
0
0
28
0
0
45
138752811
21
0
0
45
0
0
21
0
0
0
0
0
6
0
1556234134
247008651
45
0
3375420321
0
0
66
0
0
0
0
292614326
1
0
0
0
6
4687395021
0
0
0
1
1174016168
0
0
0
0
36
45
0
0
0
0
0
0
0
1912185555
2369989092
587507780
0
0
0
0
0
0
0
0
0
177425703
0
0
0
0
0
0
856172884
0
0
0
375229305
0
0
1070479557
0
0
2373639414
55
0
0
0
0
0
0
804626669
66
0
55
5354628
3748697533
10
0
0
0
0
2614331889
0
714287685
0
66
38478377
0
55
2022575395
0
0
0
0
66
0
2807439768
0
28
0
16054610
0
0
4653278630
4461581932
1973647342
5038725
5879996280
1
0
0
32308740
0
2266832768
0
4139817473
0
0
0
0
45
0
0
0
2194166884
0
0
0
0
21
3366224281
0
28
0
0
0
2155650594
1632575483
0
0
3
4151521
0
0
158001976
0
0
0
0
3471486105
0
0
4421901806
1
0
0
0
0
0
0
0
0
0
6570992786
55
15
21
5953423476
0
3015188304
0
0
0
0
2549444115
0
0
39930516
0
0
0
0
0
0
0
0
0
0
0
1661559475
0
0
0
0
21
0
1004797203
0
0
1981886355
21
0
225515702
3
36
0
2137697185
0
0
0
0
0
0
46710945
0
15
1099125052
36
0
614619309
0
0
0
0
0
2354729589
886352353
0
25457680
2066441322
0
0
28
0
0
0
0
0
0
0
0
385045115
0
0
0
28
0
0
0
0
1313563112
5974939204
0
128040002
0
3
0
36
0
0
0
4368086723
0
1226783808
3296028
0
0
39787660
28
0
0
21
0
0
0
0
0
0
0
0
421559156
6
45
1852913222
0
1410256383
0
0
10
2528707164
36
0
0
0
0
0
0
0
2037677020
0
0
0
0
1646719960
421007638
10
36
0
5318156212
0
2204712370
0
0
0
0
0
0
0
10
0
347596161
633947007
0
0
0
0
393387224
0
0
0
0
0
0
0
0
0
10
0
0
0
1705484400
54616926
0
0
55
4358558240
0
0
0
0
45
470247777
0
4123455033
0
0
95987439
0
0
4410248348
0
0
4142881
0
0
0
0
1975344049
28
0
0
0
0
0
0
0
3284834886
3
0
28
0
0
0
0
28
1
0
5722092708
0
0
1926745890
0
0
0
609895254
763642719
45
21
0
0
0
0
185079180
6
0
4918286565
0
0
0
0
553396525
0
320741127
1
0
0
629787774
0
0
0
0
1
0
4696307034
3419190155
862100523
0
3509586080
0
0
55
1035557267
0
4257660760
0
0
0
1178235693
45
0
36
0
3430031680
45
0
115406028
0
0
0
0
0
36
0
1327747718
0
0
0
0
0
0
0
0
1221934324
0
36
0
0
0
0
0
405000029
0
0
324882785
0
0
0
0
0
0
0
45
1
1
0
0
0
393555525
8341570
0
0
0
0
0
780302757
0
2363934392
0
45
0
0
280193627
0
0
0
0
10
0
3587510820
0
10
0
55
0
66
10
0
6260301415
0
0
0
5613813735
21
0
0
0
1247226512
6835669284
4850189259
21
29725905
2768907726
0
0
45
0
0
0
0
0
936947095
0
0
3
88106174
0
0
0
540070524
0
0
3085876044
0
0
3886842151
0
0
0
0
0
0
0
0
0
36
0
0
0
0
0
3227619330
0
1677971409
0
3
3635870130
3
0
0
3
0
10
0
0
0
3493184310
0
0
179087272
0
0
0
0
0
0
2720305644
1448161650
0
0
0
3
6001532416
0
0
373341465
45
2031935620
0
0
0
0
0
0
0
36
1
0
0
21
0
0
0
0
66
0
0
1423884909
28
0
397352135
0
5614661451
0
0
0
0
1582115598
0
1128148722
10
0
0
0
0
0
16060278
0
0
36
0
0
0
0
5493458905
2134690464
3
0
0
0
0
0
0
3
0
0
0
0
3385287141
877993557
45
6
0
0
3
10
0
0
208008606
0
3209887590
0
1
0
0
0
0
0
0
1238601103
0
0
36
0
10
0
45
66
0
0
5349658137
951155917
0
0
0
0
0
4895303842
113771069
0
0
0
0
0
0
47711796
0
394285320
0
0
0
21
0
0
6412951060
10
0
0
0
45
2599096845
0
3613392510
0
3
0
36
3
55
0
0
36
36
765637143
45
287052780
0
0
0
0
213221575
1906006401
0
0
0
0
0
0
0
1
0
6
0
0
2524370949
0
0
0
0
0
0
10
0
17455185
0
0
0
28
0
10
0
0
0
0
0
0
0
6627746212
15
0
4818919842
0
0
0
0
0
0
0
0
0
4116646908
0
0
55
0
0
790567963
0
0
0
0
0
427620380
4645082260
0
4067974855
0
0
0
10
0
0
0
0
0
21
0
0
0
0
0
2071265667
0
0
0
0
112567509
0
4265508045
3
0
0
813072954
0
3
0
0
0
0
0
0
0
0
4013855988
36
1
601541954
0
0
0
0
0
28
0
0
0
5630886336
0
1
0
0
0
0
0
0
0
0
0
0
0
0
6514026804
0
0
0
688409062
36
0
28
0
0
0
0
0
0
1
0
0
0
0
0
0
0
1050538197
5371194790
0
0
0
0
10
0
3
0
10
0
51020150
0
20585736
10
0
1561650413
0
274423878
0
0
0
0
0
36
190974195
6
0
1776288596
0
1723754942
0
21
0
6
21
0
0
287484231
0
0
0
0
0
57904941
0
0
0
0
36
0
0
0
3
0
0
0
0
1504288647
0
768731652
21
0
0
0
0
0
0
21
1
3046408560
0
0
1
5068482837
0
66
1925256357
0
0
744034599
90848459
3564507951
84285636
28
45
45
4338880414
0
0
0
0
3949604988
1561315137
0
0
0
0
4003035
3573209871
3961523521
2181862701
55
0
4174466857
0
0
0
0
0
0
3
0
66
0
0
0
380949002
4253232544
0
50045010
0
0
2866948493
0
66
5317537435
0
0
0
0
0
1
21
6
0
36
0
0
0
0
0
0
0
28
45
0
0
0
45
2100848604
10
5076540667
0
0
0
0
2289039285
0
21
0
45
5286126
3645085608
0
0
0
0
281212470
1248725322
6179439990
0
1184798178
0
355524445
163307628
0
0
2156372950
2456899823
0
0
0
0
0
0
0
66
0
36
0
21
1008296865
0
55
455823700
0
774309625
0
0
0
537182252
0
66
0
0
0
36
0
21
0
0
0
0
0
45
0
0
0
0
5358971583
0
126756
6
0
0
0
0
0
0
2615995242
0
6399254970
0
0
0
0
5415334440
3
0
0
1012252512
0
1
1270458022
594211100
0
2556875799
0
0
36
10
5661703621
0
10
0
1723989834
0
66
0
0
407337152
0
0
0
0
0
0
0
0
0
0
0
63073296
3087447480
0
0
2014188679
1
0
1999000
0
0
45
28
0
0
1229509663
0
0
2127639522
0
0
4971390975
0
3985950210
1
36
0
0
0
0
0
435848040
1902858859
0
6437323245
0
6
0
0
45
0
1
6650562049
6
0
0
0
0
0
0
0
6
0
3
0
0
0
0
0
0
0
0
0
0
0
0
0
0
16117003
0
6545910935
3
1636177382
0
0
2378809764
0
4102775775
139854449
1497315
0
6746863137
45
0
0
0
0
0
0
0
0
0
45
0
0
398254738
0
0
5804869581
3
0
0
0
0
0
0
21
55004316
0
0
0
0
0
3
10
0
0
0
0
0
0
0
0
0
0
1
0
0
0
21
0
8876790
0
0
0
0
0
0
3
45
6601521994
0
0
0
0
187182226
5592007090
0
3
0
10
0
0
889597269
0
0
45
0
0
45
0
0
0
0
3
0
0
0
0
6693418485
3
0
2556518229
1
0
0
1355512275
0
3
1
0
45
2565464229
0
6
0
0
3
0
0
0
0
0
0
0
0
28
611065
0
1
0
0
0
6
0
0
0
3904849333
0
10
0
36
0
0
0
0
1
2661617270
0
0
2872403079
82670511
0
3
6484839625
289766701
0
0
0
0
0
0
6181885983
0
5170987315
0
0
36
0
5006552109
0
0
3889487656
0
0
2600683232
1
4260521867
5842967106
0
28
0
0
0
36
423448636
151145191
0
0
0
0
0
67030830
413611935
5706911985
0
21
0
0
10
717844994
923446797
0
0
0
0
0
0
3273416283
0
977991648
1244253
490674800
45
0
0
0
0
0
0
0
0
0
0
10
0
0
0
28
0
0
0
0
0
0
1
0
0
0
0
584324204
0
0
0
0
6
0
0
0
0
28
2247482469
0
2877028412
0
0
36
0
459060140
66
0
10
0
0
0
473851
0
0
3
0
3615177951
0
21
0
0
0
0
21
0
0
1
0
0
0
0
309818278
0
66
0
0
0
0
0
3
0
0
0
0
0
0
3
0
0
12278489
5745651958
3
0
0
28
0
0
39502716
0
45
0
21
0
68591328
66
0
0
0
66
10
0
2259499461
0
66
783783007
0
0
0
0
0
273113506
0
3
0
0
0
0
21
4763221540
0
26010078
0
2397677340
0
1201357625
636085257
1
6237942294
66
0
512208020
0
0
0
21
948192375
481135707
4621690098
141548724
0
0
0
21
1080218437
0
1
0
1
0
0
28
0
610873566
0
0
0
0
0
1
0
0
0
2785228894
0
21
0
969034255
0
0
0
0
0
55
3616113393
0
1
0
0
10
0
55
0
0
0
0
0
0
21
0
10
0
970047078
0
0
0
0
45
0
0
66
3
0
0
0
0
711908496
0
0
85405914
0
0
0
21
3076455984
0
0
0
0
0
0
0
167910
0
0
0
28
802982772
0
0
0
0
0
1408238982
6172341
3
24960645
0
1
0
0
5258712690
5581119660
0
141279645
0
6
0
0
0
0
442189170
970884142
0
0
0
0
1
0
0
0
0
0
0
3543094065
2864374480
0
0
0
45
0
27926600
6581199562
21
0
0
0
0
36
0
0
0
0
0
0
0
3
0
0
0
0
0
21
0
28
0
45
1604639569
0
2140706022
0
0
3
5623248180
28
0
0
0
10
0
28
19596930
935865213
0
0
45
2267385
378578886
0
5250101640
371976449
0
325239750
2468901309
0
4993452090
0
0
0
21
1071266307
28
2306257564
0
0
10
2319792549
0
0
0
2370746490
0
21
0
6
3
1317876
0
5824604301
1273837572
0
0
0
0
0
0
0
6482106685
0
0
0
0
0
435493827
0
0
0
36
0
4917393990
0
1894662867
0
0
21
0
0
0
0
0
0
0
1
1362341680
21
365080721
2337946384
0
45
0
0
0
22134531
0
0
0
0
0
0
0
10
3070575759
0
55
0
0
0
0
0
10
0
0
0
0
0
0
350926278
5231570839
21
0
0
66
0
0
0
0
4176477294
0
118049295
0
0
3
0
0
0
0
0
1935881955
0
6588773755
0
0
0
0
36
0
10
30027375
0
0
153781952
0
1229460075
0
0
0
0
0
0
1145553017
0
0
0
0
4479642510
4629673370
0
0
0
0
0
0
0
0
0
0
0
301707320
0
0
2362146975
0
3249832500
0
0
6
0
45
667604069
6
0
94813335
0
0
1
0
0
0
0
2110907779
835403247
0
272691
2616356925
0
0
0
6
0
0
0
6173438220
0
10
15
0
0
664866335
0
6
0
0
372685948
0
0
392658275
0
639120627
0
0
6818608965
0
0
4133723254
45
21
0
0
0
0
0
5213277060
0
0
0
0
281117606
0
0
4041499444
0
0
0
0
0
0
0
0
0
0
6496917000
0
45
0
0
853030839
0
0
705846357
0
0
0
0
97797099
3505733235
0
0
977901
0
0
0
6
21
0
3
0
10
3
0
0
0
0
0
0
0
2590452203
0
0
0
1
0
4764490500
0
0
0
4368273670
0
28
27702846
218290065
0
0
0
0
0
0
0
0
0
0
66
0
0
0
1
0
0
0
0
1447731124
0
0
0
66
0
0
45
1
0
0
45
0
15225
0
45
0
0
21
0
0
0
0
0
10
3
3
0
0
0
0
0
19930140
0
0
3
0
28
3
269804825
6
0
0
0
664137234
0
0
7074440
0
0
0
3
36
0
0
0
0
0
26270376
0
0
0
246753
0
1
0
4741091340
1588816629
0
0
66
0
99271095
0
0
0
0
0
0
0
0
0
6154230041
55
1505111542
0
44693782
0
0
656433260
339105893
15271101
5544413511
0
0
0
28
0
0
3
0
3757911
0
3640561775
2943951
0
0
1464730729
1
0
0
0
0
2663368610
357767875
0
2968775004
0
0
0
0
0
0
45
28
0
0
0
0
0
0
234783615
0
2151122400
0
0
0
0
0
0
0
28
0
0
0
0
0
58195866
732277294
0
0
0
4979570874
19672128
0
1536879933
0
0
0
0
0
0
4427734301
116716281
0
66
28
0
796823157
0
1338332701
0
5558427721
0
5937829734
0
525825
36
1
149169628
0
55
0
2977951689
0
0
0
0
0
0
79903761
1
45
0
520757107
6044006419
3174251993
0
6263211015
0
0
0
867173814
3
6166884087
0
0
465933580
1
3714832100
0
0
0
0
21
0
0
0
0
0
249280946
5029292742
4664985
0
0
1
0
0
1
0
0
2313190117
0
0
0
0
0
0
0
0
0
0
0
0
0
0
0
0
0
0
0
0
0
0
0
0
0
0
808884510
2391103275
0
200130021
837693843
0
28
0
2377637355
2339861421
0
0
0
0
0
0
0
66
6
0
0
0
1146127488
0
381805160
0
0
0
0
0
66
0
0
0
0
10
0
0
0
5322798208
1042851587
0
0
0
4643829323
45
0
0
0
1
0
0
0
129259081
0
6
3
21
0
0
0
0
0
0
0
0
6
0
0
0
0
0
6
404743926
0
0
1372329852
0
0
0
0
0
0
0
114844590
332420217
45
0
0
134734319
0
1
0
0
0
1951906404
3471986105
6794457240
0
0
46827003
0
0
0
0
2638175813
0
0
6
0
66
0
0
0
0
0
0
0
0
0
327360068
0
0
0
0
0
0
45
0
3
0
0
0
0
0
0
1560421177
21
0
223692970
0
5065865430
0
0
0
27949026
0
40612577
0
0
0
0
0
0
279378
0
0
0
2447165784
0
2653961904
0
0
646578759
0
753360333
0
0
0
3
0
0
0
0
1859920539
0
36
0
0
0
1986611051
0
0
10
242187026
0
6365586483
0
66
3
0
0
0
28
0
45
0
0
0
0
0
648990357
0
0
155611261
0
0
0
0
0
616689619
28
0
0
0
36
0
0
0
0
0
0
214234647
476401277
28
0
21
45
0
1038699825
0
0
0
0
0
0
453230777
0
0
0
0
6407516161
0
45
0
0
0
1097906342
61366581
0
0
0
0
0
0
0
0
0
997905472
0
0
0
3316277510
3
0
0
0
0
10
3
0
0
0
0
10
0
0
0
0
0
27836991
0
6
0
45
0
0
0
0
0
66
436645
0
0
0
0
0
0
1401083552
0
0
1628064425
0
0
0
0
21
0
121672200
0
1612182930
1
0
0
0
0
0
0
112702590
3196121166
0
0
794270293
0
5618370940
0
0
0
2028685732
0
0
3325812893
0
3
0
0
800940273
0
3610842645
0
0
0
4429240104
0
4092093790
543395060
0
0
1674323772
0
0
0
6
21
0
0
66
0
2508196515
0
0
0
0
0
0
4507798670
0
1792777232
10
0
0
0
0
1118101088
4885414092
0
0
0
0
0
0
0
36
21
55
66
0
0
0
0
0
0
0
0
0
0
0
28
0
1
0
3845951946
6292905346
5122592326
6017758026
0
0
0
3266865686
0
0
0
0
0
0
5897142835
0
36
0
0
1322496732
66
21
0
0
138736153
0
0
0
0
1
0
0
3352699396
422372580
0
28
45
0
55
2478651
2814487815
0
0
45
0
0
4985160960
1958847900
0
0
0
0
0
0
0
0
0
1
0
4916104867
0
3
0
0
0
0
0
3092400036
0
0
0
759466830
0
2434519495
0
0
0
2421488400
0
0
0
0
0
3141747536
1174597731
141195609
0
0
1294565265
0
0
0
0
0
0
0
0
2025884025
172431732
0
0
36
3
0
0
0
0
0
0
0
36
6121655859
3
0
10
0
6
0
28
6193121526
0
36
0
2925704229
0
0
15
0
495510939
0
0
0
0
0
0
10
24854775
2821920354
0
1
715913879
0
211593306
0
3
36
0
0
0
0
45
66
0
0
10
0
0
0
5302388644
0
0
0
0
0
5430747826
0
0
0
0
10
0
0
0
0
0
0
0
0
10
318364751
3
0
0
66
0
0
0
448606066
0
0
0
0
2283494404
605293800
6
10
6
4446009198
21
0
3
1459053184
0
0
0
0
0
0
969342462
0
0
0
0
3513860151
0
0
1
264741555
0
0
724262769
1546764362
66
2963614530
45
0
0
10
0
36
0
0
335133105
0
1
0
0
45
0
0
0
0
36
0
554328455
36
0
0
36
0
0
0
0
10
0
0
0
0
0
0
0
811742775
2910501650
0
0
0
0
0
0
78719878
0
0
0
15
0
0
0
0
0
3563748090
66
0
0
63602281
0
0
0
0
0
0
2219611842
0
1401295302
0
0
2677765943
0
0
0
71347484
0
0
2244332467
0
0
0
0
0
3442798665
0
1700931947
0
0
0
0
25665030
0
1602940507
1226288523
4324918455
0
0
0
0
0
0
0
439902270
2360497689
0
0
2226479779
0
28
0
153378855
3
0
0
0
0
2089261751
0
0
0
4011528
1083288303
1877588532
2842693065
0
0
1345378125
0
3
2137108747
1
0
0
66
0
0
0
36
0
0
0
0
2854241199
338090996
0
0
0
6435167562
0
644674277
0
37053136
0
2278361246
0
0
0
0
0
0
975163182
2212355415
10
4889467650
0
0
0
0
0
0
2688314465
0
1371996
0
33354028
0
36
0
28
1648786572
36
1792956875
0
6
0
0
4724065765
6
2780677989
45
0
6145690345
0
851585812
1
3
0
1200573498
892594623
0
10
0
1370601518
66
0
0
66
66
0
0
3426388361
3
0
15
0
0
0
0
0
0
0
3
0
0
2431241040
66
0
0
0
45
36
200530348
0
0
0
0
0
36
0
0
0
0
392686297
685628964
0
10
0
5179940391
0
28
0
0
0
0
0
0
0
0
0
491458255
0
0
0
3
452027277
0
47760651
6
0
45
3021403970
3467321165
0
0
0
0
0
0
4146553690
0
6
0
0
0
0
0
0
6
0
0
0
0
0
45
0
0
0
0
0
0
0
36
0
3203400893
0
4052205279
0
0
4689138006
36
0
0
5910073515
172487451
0
1
0
0
0
0
0
0
1045136337
28
10
0
0
36
0
0
0
0
6109711566
28
0
386183726
0
0
0
3219188670
0
0
36
45
383250
38504700
0
0
4670659530
32131
0
0
0
0
10
45
0
0
0
0
1690682169
6
0
0
0
45
0
0
0
0
0
0
55
0
6
0
0
0
1628235639
45
0
200050000
772068150
0
0
0
1
0
0
0
3751988580
0
0
5323726846
0
0
0
0
2542023217
3
0
4008213309
0
0
0
0
0
2886974081
0
66
0
3777238976
717504018
0
0
0
3
0
3
202719180
0
6
0
36
27309745
289718556
2537390667
0
0
0
28
0
3981397980
0
0
0
10
0
0
0
0
0
4151381585
0
0
0
0
0
0
0
0
224455075
45
0
0
0
0
0
0
1
320513221
1021045452
1
0
0
0
5258302459
0
0
307904520
0
0
0
66
0
0
0
0
0
0
0
0
0
0
45
0
0
437502975
0
0
0
0
0
47506878
6249452256
0
0
0
0
0
3
0
0
6594744369
0
3
0
0
0
2553372955
0
0
0
10
28
548053277
0
0
0
0
0
0
0
0
66
0
13043278
0
0
0
0
0
804787125
0
0
10
0
0
0
0
6
0
0
467033202
0
0
0
1338074018
0
0
28
0
0
0
0
0
0
45
287940003
0
4128542125
31201050
36
4205958150
0
0
0
0
0
21
1476716675
0
668810430
0
102152070
0
0
0
0
0
5130895584
10
0
377643888
0
0
0
21
0
21
55
0
1
0
0
0
0
0
21
0
0
0
2553015660
0
0
0
0
0
0
1393629612
0
0
36
0
0
0
0
5289378
0
0
0
0
0
28
0
0
0
0
0
0
0
6
36
0
0
0
0
0
0
0
4436772879
15
0
0
0
0
36
66
1422284442
3619005416
10
0
0
1485588258
66
45
0
3
45
0
666946502
1139959623
868632037
0
0
0
0
0
250278
36
10
0
0
0
150867132
0
0
0
1406647317
1207984113
0
0
0
0
1
3
128680903
0
0
0
0
0
0
5347279360
0
617638210
21
21
37580115
0
0
188985958
0
0
0
36
0
0
679679994
0
0
0
0
0
0
0
0
0
25579128
0
171430386
0
439190702
0
0
0
0
0
0
15
1320543121
10
0
0
0
0
0
0
0
0
28
0
382164480
421181775
0
55
3180230583
0
1
4664572550
0
0
0
0
0
0
0
6
4668243597
0
66
0
0
0
28
0
266239350
3552191292
0
6
0
0
3882291
0
55
0
706673194
0
36
283779575
0
0
0
0
0
3
0
339522711
0
0
0
0
0
0
0
0
3644829500
0
0
0
28
0
0
45
548450640
0
0
0
0
0
21
0
0
0
0
0
0
0
0
0
0
0
0
0
1
6
0
1031647148
0
0
0
0
36
6630394524
0
0
0
0
21
4111748565
45
0
0
0
0
0
0
0
1066134548
0
3236704643
6669143220
45
2080221715
28
3460662405
0
0
378909146
664793410
0
28
0
0
3
0
0
10
941237575
0
156636150
0
1
0
6
0
0
4123909132
4114015965
3270342365
1238352258
28
67645895
0
0
0
0
0
0
0
3
0
0
0
0
0
45
45
153606628
0
3
0
66
0
0
10
1
0
3
25151778
6638803551
0
0
0
0
0
21
0
0
36
0
3489424020
0
0
0
1
3499204968
173156745
0
0
0
0
0
176447505
21069785
0
0
0
0
0
0
0
0
0
0
79401
45
1
3
0
0
0
0
10
0
0
0
36
0
0
0
0
0
0
0
0
0
0
3502803140
10
1245831
0
0
0
3
0
0
28
0
55
0
240626953
66
0
0
0
0
0
0
0
0
31422627
0
10
1502095452
0
0
0
0
66
0
1
0
0
3786457708
5474607775
21
0
0
0
4309122140
0
0
4525381625
0
36
0
0
0
1666001198
4283815586
0
0
0
0
36
0
0
0
0
1313614393
0
0
3
0
0
6699089059
1018877508
0
0
0
0
0
0
0
0
0
0
0
0
0
0
0
0
0
0
0
0
0
0
0
0
0
1
627128799
0
0
0
0
0
66
2076740122
0
1
3767684211
0
36
5012758083
0
0
0
1
21
0
45
0
0
0
0
3
0
0
0
2416410911
6354533679
0
0
0
2599817880
2064513147
26882778
2834329667
0
0
0
1098890612
2008543869
1
0
0
66
0
0
53301
4029012216
2689194417
0
55
0
45
21
3193723071
0
36
0
0
36
5870240436
0
1
15
10
0
0
6575005735
0
5690471155
6
0
0
0
946000
0
0
0
0
66
260341961
21
1572399078
0
0
0
0
6244869358
1029059658
0
0
5209907958
0
6075491730
0
1763140632
0
0
0
0
0
0
0
0
0
0
0
10
0
0
0
0
0
0
0
0
0
36
1020819517
0
0
0
66
0
6
3
0
0
15
0
0
0
0
0
0
5365081425
4835328564
0
6
0
0
0
3
0
3
0
0
0
0
1128481250
3
0
0
28
0
912007965
0
0
0
0
0
36
0
0
0
1566292462
45
0
0
6
5859085330
0
198253828
0
10
10
0
0
0
0
2902845
604737232
0
0
2258491200
0
460788882
0
0
1915031292
0
0
66
252933783
0
0
0
28
286430145
0
6288831
36
0
0
2704911540
2651339754
666508284
0
0
0
3524179025
0
0
0
0
45
0
0
0
0
10
45
0
0
10
0
0
0
0
21
0
0
4716972711
4982664985
36
395887576
1
0
0
0
0
0
0
66
0
0
0
0
1
0
55
0
0
0
21
0
1579135698
21
0
0
3
0
66
3496110345
3958942608
0
0
0
0
0
0
0
0
0
0
0
1
0
0
0
0
0
0
0
0
2479875489
10
0
6
0
4585515450
0
1789066647
0
0
0
10
45
1773190570
3534849285
0
55
0
0
1
0
0
0
0
0
0
0
45
0
0
0
0
0
290802786
0
0
4860141870
1056735375
1
0
0
10
0
0
0
0
0
0
3
3
0
535095
0
0
0
199350527
0
0
2878469865
0
0
0
6
3402588726
15
869257357
3143808844
0
989435364
0
0
0
3
0
0
0
3447530130
0
36
0
78268816
98346
0
0
0
0
1
0
36
0
21
6
807798894
0
1790682084
0
0
0
2995128
0
0
0
1
0
0
3261613716
28
0
0
0
3354173515
0
0
10181328
0
2953230221
6872315637
3054844494
0
0
0
0
21
0
2659064265
15094765
531494105
0
0
0
0
0
0
0
412318685
0
123347071
0
0
799420084
66
66
0
0
0
0
0
0
36
0
0
0
10
0
2706603497
21
0
0
0
0
0
0
0
0
0
0
0
0
0
0
0
0
0
0
21
0
0
0
0
0
230383844
0
0
0
0
0
6473001024
0
0
79373699
0
3
0
0
0
0
0
1
4060311534
0
0
3425726141
0
497054684
15
0
0
0
0
0
0
6
3367865546
0
21
0
0
0
0
0
0
261575628
0
1364273727
0
28
0
0
0
3
0
36
0
0
0
1126819125
0
0
115497201
0
0
0
0
48142578
0
0
0
0
0
0
5441174676
0
0
0
0
0
0
0
0
0
0
3
0
0
373505436
0
6
0
550373232
0
0
0
3306674493
0
0
0
0
0
0
5571298395
69732144
0
0
0
0
0
0
0
0
717920757
0
10
0
0
1
0
0
66
0
0
0
69131161
0
0
1
0
5758200889
0
0
0
0
0
686206
0
86310090
0
0
0
4873757019
0
0
0
0
0
0
0
3136676400
2506001404
0
149965218
0
0
0
0
668700720
3384628940
1
0
0
0
0
58314600
218603592
45
21
1
0
1222675947
0
0
0
0
0
66
0
1
0
0
66
66
28
0
0
1179449593
1938620742
0
0
1
101695190
0
5673734484
0
0
55
0
0
0
0
0
1795652600
0
0
0
3929544211
6
10
0
0
28
0
1991215135
0
443826320
0
0
0
0
2260440697
0
55
0
0
0
2050464735
942148915
0
0
127656231
106339236
1427205
0
1405851822
578391063
45
21
151249525
0
0
0
0
0
0
21
0
0
0
1
0
0
10
0
0
0
89171334
0
0
0
0
0
66
0
1
0
66
0
0
0
0
1899837225
0
0
0
0
1382669970
0
0
0
0
0
36
10
0
2131620565
36
0
0
0
0
45
21
0
0
0
0
0
0
66
66
0
0
0
0
0
0
21
0
5554527255
0
0
834054902
0
2005629417
0
0
0
0
0
0
0
2395738804
2772704250
0
0
0
0
0
0
2853787898
0
66
0
0
609441322
0
5323726846
0
55
0
4508558340
3125202260
36
0
0
0
45
0
4085763585
120786
0
36
1668773078
2284305430
0
0
855800503
0
51821290
428586002
984148792
107670475
0
0
0
0
0
6036092956
0
0
0
0
6421901070
0
0
0
0
0
21
0
0
1
0
209664003
134537405
0
0
0
0
0
745771509
60516501
0
0
0
0
0
2312646009
0
0
1
0
3
806914857
0
0
10
0
0
0
0
0
3656706911
0
3719833086
0
0
0
0
0
0
0
0
68802314
0
0
0
0
3868876620
0
0
5888457936
0
0
976532718
0
28
0
0
0
0
0
0
0
0
0
740220511
21
0
21
36
21
0
0
0
0
0
2394285394
0
0
4110841780
0
0
176034466
13841690
0
4278356198
0
0
3558853151
0
0
0
0
0
0
0
349074250
0
827695635
0
3
0
0
3762564333
0
0
146864091
586034729
0
0
10
3
0
3444209461
0
0
28
3438236340
0
144015903
0
0
0
0
4809499860
10
3895399230
0
0
15
0
0
0
0
0
3059927307
537018368
0
3
134275078
0
0
0
10
15492960
0
0
0
0
0
0
0
5493144465
0
0
2234026710
0
0
0
0
0
0
0
0
0
0
0
21
0
0
0
0
0
0
3411586493
0
2089778910
0
0
3289618818
0
0
0
55
0
0
1
0
0
0
45
1
0
3137151610
92065664
877490757
0
0
0
188131500
0
66
0
28
0
4403488880
0
0
1
454405721
0
0
5650748520
0
0
0
0
0
0
0
0
0
0
0
0
36
0
0
0
0
0
0
0
0
0
0
233586
0
0
0
0
0
0
0
3494688958
0
0
36
0
0
250286741
0
0
0
0
0
45
57186165
0
615811964
521047618
1281774368
0
10
36
0
6
45
10
0
0
0
3534849285
0
879125343
0
36
6
10
0
0
97657300
852246234
0
66
0
0
0
1507142247
0
0
3
352464525
6
0
0
0
0
0
10
1607926980
0
0
224010355
0
11958495
15
0
0
0
6820010379
10
0
0
10
0
0
0
0
0
0
66
0
0
4637535
0
10
0
373095576
0
2519470599
0
0
55
1
0
498948234
0
10
6
0
1
1
0
15
0
0
0
3
0
45
1
0
518307285
0
0
0
0
0
21
0
349973186
2463633879
2346296217
0
605711405
0
0
0
10
0
0
0
0
15
0
0
0
0
0
0
0
0
0
0
0
0
0
0
0
0
66
0
0
0
0
0
4383335210
0
0
10
0
0
0
0
0
0
0
0
0
574621940
0
482905502
80524394
1204398657
1
0
0
0
6430063458
0
0
0
0
290537565
0
0
66
6154562865
0
4857973129
0
2391172399
1
0
0
0
0
0
6
60957360
73987530
0
0
4167251516
3
0
0
0
0
0
53867010
0
0
0
1
3277220275
6917996685
5127958311
0
3
0
1
306021420
0
3
0
0
0
0
1
0
10458450
45
45
534890257
0
0
10
0
1036513200
0
2727760581
10
0
0
28
3
0
21
6860948304
36
6828421887
1700523715
21
0
1480468902
0
1
0
0
0
0
0
0
79701625
0
0
36
0
21
28
0
0
0
0
0
0
0
0
0
0
0
0
6
160213947
45
0
327180980
0
66
0
0
0
0
1546764362
0
0
55
0
0
0
0
0
45
0
36
0
0
0
0
0
0
0
0
1900268770
0
0
0
0
3
0
0
0
0
1310591975
0
774978762
0
0
0
0
610733772
1455004537
0
36
0
256545226
0
0
0
1347453825
1
0
1588873000
0
140222630
55
0
0
495038844
0
0
3156588195
55
0
0
10
0
66
833524020
36
0
1883967030
1
66
0
0
539347745
0
0
0
0
5897895
0
0
0
6
0
3
0
0
0
0
0
0
0
0
719285555
0
0
1037788458
0
0
0
0
2421905997
0
0
1060738767
45
232319790
0
0
55
0
0
0
0
3337159028
66
0
0
0
0
0
21
66
0
0
21
0
2186489250
66
0
0
1
1
0
0
66
0
0
0
3474569831
0
0
3804231141
0
0
0
0
0
6166884108
0
0
5103580920
0
0
0
0
0
0
0
3
0
0
5997588958
21
45
0
0
0
0
2437032199
0
0
0
0
0
0
0
0
45
0
0
21
0
819294945
0
0
0
3
6
0
7591356
321704294
0
28
0
0
0
0
0
10
28
0
0
2687721
2763106263
0
0
0
0
4820981685
0
0
4048065195
0
0
0
28
0
0
0
0
1
0
66
0
1789964000
0
0
0
5891605459
0
0
0
28
0
28
0
1506263938
0
3808157341
0
0
1135332723
0
0
0
10
0
0
6
0
0
1085477093
36
0
192992481
0
0
211408203
93528
16637796
5152393783
0
0
0
1617468120
0
0
0
0
14544921
0
0
45
0
0
0
0
0
66
6
0
0
0
0
0
0
6647794405
0
1810184337
0
0
0
0
0
0
0
0
0
6273512046
0
0
10
0
6
0
0
4151521
1869630665
703106249
0
0
0
15
0
0
1654879205
897290682
0
0
0
0
55
0
14458753
45
0
0
0
6
0
0
0
0
0
0
0
0
28
0
10771761
0
0
2734116350
279200265
0
0
4200823609
0
0
0
0
75798827
0
66
211860820
1735989420
0
6185667106
0
0
0
0
0
0
0
0
0
0
8162820
0
1
10
0
66
0
0
1
36606846
0
4945598749
0
66
0
0
2149286230
0
0
0
4913328819
0
0
0
0
60263730
0
0
0
0
2198872749
0
0
0
21
0
2295065097
0
3
55
0
6471863290
2176317319
0
23953581
66
0
0
0
0
0
0
55
6
0
0
0
3343207314
0
3
0
0
6732615
0
0
0
5622930015
0
0
0
0
0
0
0
0
0
0
0
0
0
0
0
3
0
0
3
0
2090490124
45
0
0
3
3312369483
28
0
10
0
0
0
0
1992793140
0
0
2264611344
0
0
0
3272202743
0
5908442799
0
0
44873601
6141145659
0
45
0
0
4672592749
0
3452514146
66
104451831
1428895
593005140
0
0
0
0
0
0
0
455823700
61311201
0
21
0
0
0
55
8559453
0
0
0
0
0
325265255
3
0
0
0
0
0
0
28
0
0
0
0
0
45
0
4169534166
0
0
0
0
0
0
0
0
0
10
0
3
61100984
21
0
0
0
6681506546
0
3969805945
0
0
0
3849460851
3
0
6329306239
0
0
0
0
45
4830314550
36
1
0
0
3
6631430964
0
0
40190094
0
0
0
0
0
0
3
0
0
0
0
45
0
0
0
0
0
28
0
66
15
0
0
0
0
45
0
0
0
0
0
28
21167271
0
0
0
0
0
426626640
0
0
0
0
0
0
0
0
43501128
0
0
28
1626695235
2727982144
0
0
0
0
0
0
0
0
0
1725810597
0
0
0
66
66
0
10
6
0
411428940
0
0
0
0
0
5627915326
2363453107
1
0
0
404004524
607418084
0
0
0
0
21
45
15
0
0
0
0
10
0
0
0
0
0
0
0
0
0
0
0
0
0
10
0
0
159195246
0
0
0
0
0
0
3
0
0
3
0
0
0
36
0
0
0
0
0
28
10
0
0
200951128
0
10
0
0
0
0
998396952
0
0
0
0
243332830
0
0
0
0
2848200047
0
10
0
45
3
183447435
0
0
0
0
0
0
0
0
0
0
0
0
0
0
0
0
0
1
0
0
0
0
97615378
0
0
0
0
0
0
66
0
0
1304149053
0
0
0
45
0
0
227516446
0
36
0
1
0
0
0
0
1
21
0
0
4404615132
0
0
0
0
0
0
0
1
0
0
0
0
0
0
1
0
375612935
5413461333
0
0
66
0
0
0
21
0
0
0
0
0
0
1069554369
0
0
0
0
0
0
34898834
0
0
0
0
0
6
0
0
0
0
36
158838576
0
0
0
0
0
891031984
0
0
0
0
0
793792069
0
0
0
0
0
0
0
0
42748881
0
0
8280415
0
0
45
3
1
1592313522
10
0
0
28
0
6
0
0
0
10
0
1
0
0
0
0
562918660
0
0
0
0
45
0
0
0
0
1
298717893
0
5655852480
0
0
0
11705541
0
0
0
0
66
0
0
0
0
66
0
0
0
0
0
3431025658
45
749173985
0
0
28
0
1517867225
3
0
0
1
0
0
60121095
0
45
0
0
0
347517066
0
0
36
0
0
0
0
2202787089
0
802702263
0
0
0
28
0
1
0
0
0
0
0
0
1
0
0
0
0
3
628688049
1
0
0
0
0
0
0
0
3370902841
105335355
0
36
1012117515
0
0
0
2599096845
100543290
6
0
0
0
0
0
0
0
6
2301234555
45
0
45
66
0
0
2600322664
0
1078313552
0
0
0
4147464405
0
0
0
28
45
0
0
0
0
0
0
0
0
0
0
0
3
36
28
0
0
0
2903791492
0
0
15
1
0
0
0
0
3
0
0
36
0
1564669767
0
0
158624763
892045420
2729829090
1
66
0
6
5406804000
0
0
0
0
0
0
0
0
1049076
0
0
154466676
0
0
0
0
6
0
0
1
0
0
0
536526902
0
0
3703979370
0
0
0
0
55
0
0
36
0
0
0
3
0
0
0
0
0
0
0
7854666
1269752393
5899749559
3
9717436
0
0
0
21
0
6112254285
0
794389867
2962844721
0
0
3
0
0
0
0
36
0
0
0
3
0
0
5268049290
0
0
132576186
21
6
1451715783
0
0
0
0
0
0
0
3968024055
0
0
0
0
3
0
0
0
10
36
0
0
0
0
1
6
0
3983896938
0
0
0
0
0
2382950094
0
2198806449
3
0
0
0
0
0
0
0
0
0
0
0
0
0
655853643
0
0
3
0
0
1
20746461
21
0
0
0
2261001
0
0
10
0
10
0
6455717940
2662278
0
0
282637190
0
0
0
0
10
0
0
0
36
0
0
685925240
0
0
0
0
3369671326
10
0
0
3
0
1
0
4863297340
0
2838170801
0
592385389
0
0
0
6
0
0
0
0
0
3
0
343180700
0
0
66
10
0
0
0
0
318490941
1
572691225
0
0
0
0
0
4499541780
66
0
0
3
6592562485
0
45
21
45
0
4780415244
0
21
0
0
0
504174134
0
0
1778375331
0
0
0
3966687900
1
45
3712074330
0
0
0
0
0
0
0
0
45
0
0
0
0
28
21
0
0
4468574861
24182535
0
0
0
0
15
0
45
10
0
0
3
15
0
334977786
0
0
0
0
10
0
0
0
0
0
2578661199
0
0
989079523
0
0
0
15
62748003
0
0
6
10
95959730
0
66
6
0
4538234030
6136935012
0
0
0
0
0
2454727242
66
952890
6
3
0
1
242429184
0
0
0
0
0
0
6217964841
0
0
45
0
21
0
0
15
1
0
0
0
0
0
66
0
614864777
0
0
0
0
0
0
91401960
3662438895
0
0
0
31430556
0
0
6
342185880
0
3
0
0
3
0
0
0
1
0
0
5226968824
0
1
0
0
3663038018
0
66
21
0
0
0
366135329
0
6
0
0
0
2525436879
21
0
0
0
0
28
0
28
0
316928066
3
0
0
0
0
0
125159931
0
4600658871
0
6005586765
3
66
0
3
0
0
0
6
2665850661
0
0
3495190591
3682750717
0
0
3
1405374633
0
0
0
0
3
986901372
0
0
45
0
0
261726
28
0
167637204
0
0
0
0
0
527361525
3163663695
0
1
0
55
0
3
0
0
0
0
0
0
3965708166
0
0
138652877
117236322
1
0
0
3638428815
0
0
2963537568
0
0
942583050
0
0
0
0
0
6311879124
0
0
0
0
0
1284053798
0
0
22811635
6
0
0
0
73829476
10
0
444392577
148272807
0
0
4985260842
0
1
10
0
3
0
0
0
0
4319339985
0
97741170
0
754098009
0
0
0
0
0
45
10
1478021259
3
0
0
0
0
0
0
0
0
0
5177904921
27546752
2419192455
36
0
871051170
0
0
0
851627082
0
0
0
0
0
0
3541074045
1933518199
0
0
2113702665
0
3
0
0
3
0
0
0
0
6
0
0
0
0
0
11042649
0
0
1534496873
0
3210608742
0
0
28
6
0
66
0
220993775
1
0
0
66
4241987831
0
0
0
0
0
5482982076
0
0
0
0
0
0
0
0
0
0
6
10
0
348308411
0
0
0
0
0
0
0
0
2287956829
1404049533
0
0
0
2770172940
1852913244
0
0
1254679368
6
6492700036
0
0
0
52556877
21
734115400
45
0
0
0
0
0
0
0
6672261855
2108958979
1031192963
307582003
0
0
0
176823412
201231888
0
0
789017947
0
5392774665
0
0
0
0
0
0
0
6
0
2247281325
0
0
640086309
1640012346
0
2002653822
0
0
1867674397
0
6
1
0
0
0
0
0
3825106800
0
0
0
0
857538988
0
0
0
1540097222
2447585574
0
21
0
0
4092546135
0
10
0
964022074
0
0
3
26111151
0
0
57357404
0
0
0
0
0
10
0
0
0
0
378056252
0
3
0
0
0
36
21
0
0
0
4688653821
0
36
66
815211628
219377931
3938680590
67855424
0
0
3
0
0
45
3
0
0
3175128506
0
5459860
0
55
0
0
0
0
145291581
0
1
0
15
0
0
1916331150
0
1721759215
1804352600
1
3260079333
0
0
0
0
0
0
0
0
772500450
0
0
0
0
0
0
2035570909
0
0
66
0
0
0
6
0
1
0
0
0
0
28
0
0
0
905185
3
0
0
0
0
0
1875199392
0
0
0
3987468238
0
0
0
10
0
28
0
0
0
0
0
742107054
0
3
98694222
0
209766397
0
0
0
0
0
0
0
0
0
0
0
45
0
0
21
0
0
0
1659715277
0
0
0
0
152277423
0
2202388860
0
0
3
0
0
0
66
0
0
0
3
0
4076909530
0
6
0
0
1125015892
5340662859
0
1675307660
0
0
3078103463
0
0
10
0
2633674140
0
0
0
0
0
0
0
144015903
45
0
45
0
0
0
0
0
0
0
0
0
0
0
5013458979
0
3138815251
36
649134481
0
45845100
0
0
0
0
262445502
6
0
24071390
0
0
0
0
0
0
0
0
48103336
28
0
1
0
0
36
36
36
5482563189
0
0
55
0
0
1
0
66
66
0
0
0
1038335232
0
0
21
0
1621394979
0
0
0
66
0
112237650
21
804185439
0
0
0
0
0
0
0
0
45
66
3442051890
0
0
0
0
86902336
0
0
11431370
0
3
66
0
0
10
0
0
608219982
0
0
45
0
0
0
0
0
0
2279711516
0
45
0
0
0
1858518022
0
1033692243
0
0
0
0
0
0
0
0
0
21
0
0
0
0
0
3194202583
0
0
21
0
0
0
0
36
0
0
0
0
2457040040
0
3
0
130225590
0
0
0
0
0
0
0
0
1
0
179674443
0
0
0
0
0
0
28
672839565
2473259910
0
0
5335011
36010340
0
10
0
0
2741590140
0
0
0
633840189
232298229
0
0
0
0
1
0
1174549275
3248703911
808643205
4563802463
0
1376839047
0
0
0
0
0
0
5201948955
0
0
0
3
0
0
0
0
0
0
0
0
5437211274
0
0
0
0
3
0
0
0
0
0
0
0
3587849650
0
66
36
6
0
0
1384195417
10
0
3223362441
45
775254355
10
0
21
0
0
0
0
3619395
0
0
6538475769
19791486
6
0
368032014
0
0
0
0
0
350184870
0
0
0
0
3
0
0
0
21
0
0
0
0
0
0
0
0
0
0
1572399075
0
0
0
0
0
4085673165
2872478874
0
0
0
2731676645
0
45
0
0
0
0
0
1
0
0
288324081
6
0
0
3085169040
0
0
0
6921525930
0
0
0
3681720945
0
413784513
0
0
0
0
0
0
5727121734
0
0
36
0
0
3568646382
362168240
0
1478891295
0
0
0
0
166996950
0
66
15
50707485
0
0
0
0
1820729334
388354514
0
2345885250
0
0
0
0
0
0
0
0
0
6
6147686125
0
0
0
5599518159
0
0
45
0
0
0
0
0
0
10
0
0
0
5147217946
0
0
1345274357
5428663656
0
1374583518
45
0
6
361092500
28
0
0
0
0
0
6864931659
0
0
2412033234
21
1
0
6
0
0
0
6
3
0
0
0
0
6
0
0
0
0
10
122156265
0
0
0
0
0
36
0
0
0
0
491395574
0
0
0
0
0
0
1
1878936923
2260911380
0
0
28
0
498348214
0
0
0
6
0
0
111803581
5025582604
0
0
0
0
0
0
0
0
0
0
21
36
0
0
28
0
0
0
0
641231765
0
0
0
396675860
0
0
453592139
0
0
0
1
18748626
0
6
0
28
1263662100
6
70134246
0
55
694396010
6
0
0
36
0
0
0
0
0
36
0
0
0
0
0
0
5542307641
0
0
0
0
0
0
0
7018130
0
0
0
0
0
0
66
0
0
0
0
0
2642681340
0
6
0
0
0
0
0
0
0
0
5028991860
0
0
0
3
0
0
5806378137
4429522482
0
0
0
0
0
0
0
0
0
155293876
0
1215762677
0
0
0
0
0
0
0
21
6293241910
0
0
0
0
67042410
0
21
45
3
0
657121857
0
0
0
0
942626469
0
5960736660
41865824
2632440499
0
16689752
0
0
81900801
36
0
0
0
0
0
0
0
0
0
0
0
0
0
0
0
0
0
0
0
0
0
0
0
0
3
1176682813
0
0
0
3216140256
0
0
6
0
0
66
0
0
36
0
1306601637
0
0
879335013
0
0
0
1297620068
45
1
0
0
0
6
0
40405555
3
36
0
0
0
0
0
0
0
0
8126495
1
92432406
0
4025422380
467061
262399676
1977544569
0
0
0
10804276
3811823596
3
10
0
0
6
15
0
0
0
0
431988920
4581685647
0
0
0
52495381
0
0
0
45
0
0
0
0
0
0
0
0
3
0
0
1
0
0
0
796104750
36
10
0
0
748167902
0
0
0
0
0
0
512656209
3192444455
0
4193219198
159891900
0
938419500
0
838922240
0
6765345615
0
4551390908
0
0
0
3328341621
0
1034829268
0
0
0
0
0
0
0
86073759
3
1199446716
0
0
1398543800
0
3
10
66845703
0
0
6
0
0
76539378
0
0
0
0
10
3605151231
0
0
0
0
0
110253819
0
45
0
0
2647336220
1
1740706485
0
963539130
551269409
36
1169659133
0
0
2693890080
0
55
0
0
0
0
0
0
0
3
0
5766681855
6
0
1508954577
0
0
39060
0
0
10
0
0
0
0
32276595
0
57132705
0
0
286909025
0
0
0
0
3447696231
0
536657940
3554130195
0
0
66
28
0
158126435
0
10
0
0
4262460560
0
0
0
3536867520
0
0
0
6881580520
1421857798
0
0
0
6265001908
0
0
0
2028940541
0
66
5497547608
0
0
45
106528906
0
0
0
1639382424
55
10
0
0
0
10
0
0
0
0
0
980381325
0
0
6289203715
0
0
45
0
0
0
0
1160632107
0
0
0
0
0
0
45
8654879
0
0
0
6442543762
0
74072706
0
0
0
0
0
0
45
10
2060723665
0
0
66
405996759
0
0
0
0
0
0
5239040637
0
503348835
0
0
0
0
0
0
1
0
0
4540591
2799053574
0
0
0
45
0
66
339314274
2097608829
1
1
0
0
4706197617
0
0
10
0
0
0
0
0
0
0
36
80080839
0
10
0
5301050016
0
0
0
2316728409
0
0
28
0
725214564
3
0
0
0
0
10
0
45
0
45
5052486990
0
0
5995289206
0
3
45
0
0
0
0
0
0
2150728869
0
66
66
0
2957151050
0
0
0
0
0
0
10
0
0
0
0
21
0
66
0
45
1
0
0
0
0
45253341
1809101470
0
0
45
0
0
0
0
4296413232
0
0
0
0
0
0
637762734
0
0
66
1
0
1413763722
0
0
0
0
0
979894294
6
3
0
0
1
0
45
0
1
0
0
6
0
0
0
0
0
0
0
0
21
6913057254
0
0
0
1
0
0
2794192354
0
0
0
0
0
0
0
0
0
0
0
0
0
640945305
36
66
3278110925
38980035
1
0
2187186
0
940196551
28
0
31486080
0
0
0
2724806903
0
87973479
16488152
0
45
0
0
0
0
1
4790589720
0
21
0
0
3
6
66
10
0
0
0
4445537757
0
0
0
0
0
0
0
0
0
0
720423860
0
0
10
0
66
1
0
3
0
0
37519453
0
0
0
45
0
0
0
0
0
5933798325
0
66
1267787807
0
0
0
0
0
0
0
5278935331
0
0
0
66
0
0
1679028
45
0
3937615608
4604592594
4802048934
0
0
0
0
6
0
0
0
0
674050685
0
0
0
0
0
0
0
36
0
0
10
0
0
0
0
0
0
0
0
103370630
0
6608648006
0
0
0
0
1416104343
2034550127
0
353341236
171912153
29610360
0
0
0
36
0
0
0
0
0
10
1244181758
0
0
6134941020
0
0
0
0
0
21
0
0
28
15
66
6
6
0
0
1
0
0
2024165715
0
36
655346685
21
28
0
5636193661
0
2943708049
623874805
55
0
66
0
0
0
3314241810
293534335
0
200370168
0
0
0
6
0
0
0
0
0
0
0
0
0
0
137522820
66
0
643992215
36
66
45
0
0
0
0
0
0
0
28
6859776949
202095457
0
4107940740
0
0
36
670713604
0
650360144
0
683852632
0
1
1911443499
0
0
1
0
0
4459598440
0
45
0
0
0
0
0
0
0
0
0
0
0
28
0
36
0
0
6400046908
0
4650674291
0
10
0
0
0
142560052
0
56376271
3
66
0
0
0
5714179111
66
0
0
15969726
0
0
0
0
435759480
0
0
0
0
0
0
3134459066
0
0
0
0
320817105
0
0
0
28
0
0
2947238690
1
1
0
0
3
0
0
0
0
0
1
36
0
21
10
0
54043606
66
0
0
0
3
418155
0
0
0
0
5354934750
45
0
6150347620
0
0
218519965
0
1845554625
0
0
0
0
36
0
0
429582001
0
0
0
0
0
36
0
44100136
0
0
0
0
0
5846210580
6
6
0
36
0
0
0
0
0
4661385707
55
0
0
5069389020
0
0
0
0
734192019
0
0
0
3
101766510
0
0
0
0
31343403
66
2474596389
0
45481953
1
36
0
142256278
0
0
0
0
0
36
0
0
0
0
21
0
0
0
0
0
0
0
0
0
0
0
0
85327515
0
0
0
0
0
0
1198926
336714215
66
0
0
151998329
0
0
3195081881
0
0
827126118
66
0
0
0
0
0
6843388479
0
0
0
0
21
0
0
0
0
0
0
359133390
1
0
0
206949339
0
0
0
1
968506045
0
66
0
0
0
78419026
0
0
3257738076
1562768368
0
36
0
0
0
0
0
0
0
0
0
1338798357
0
55
0
0
10
715535520
0
0
2540454804
0
6
45
0
0
0
0
0
0
780460783
55
0
0
0
45
0
2032700644
0
331930495
10
0
6
0
0
0
0
0
2405647560
0
0
0
0
0
1931093725
0
0
3167085068
0
45
36
0
0
0
0
36
0
0
0
3827906243
0
0
0
1
0
0
2520677467
0
0
64031585
0
52127155
0
0
0
1087621452
36
0
0
132999895
0
0
0
0
1255330643
0
462125580
36
0
36
0
0
0
0
0
6526474059
1
1
0
0
0
0
3
0
0
0
6271719958
0
36
0
45
0
0
0
36
0
0
718830485
28
0
0
0
0
1415785075
0
0
0
0
0
6
0
0
1780045596
1
0
0
0
0
6297842520
4127270030
0
0
0
0
0
0
0
1267485723
0
0
0
152574245
0
55
0
2727280
0
0
0
28
15
544021604
1
0
28
0
0
0
6
0
3
0
1945788117
71168414
0
0
142037085
0
0
0
0
1
0
3058675781
0
0
0
0
0
36
0
2108894034
0
0
3667490145
0
6
28
0
28
36
0
1106328
0
0
0
0
692236235
1925132269
1478673765
6872777
0
36
0
0
36
3805277896
0
0
10
0
0
0
1215171048
1
5292631
0
0
0
493812450
0
21
0
0
975958269
0
0
526485015
0
333349110
0
37087578
1
22953700
0
0
999961539
36
187685625
0
0
0
0
21
10
0
0
0
1030194121
0
0
0
6
0
6045655714
0
4417482994
0
0
0
6319296765
0
0
5979968775
0
0
0
10131750
136083753
1469714433
0
0
4054636305
0
3
0
0
0
5595285960
0
0
10
3
0
10
4848022710
3238957810
0
0
28
0
0
0
0
0
0
0
2700647261
0
0
0
34982427
0
0
0
0
0
0
0
0
0
0
45
0
28
0
3
0
0
0
0
21
0
0
0
0
1755251597
0
0
0
1
0
0
6
108052350
3
0
774978744
0
0
0
0
0
382330377
0
10
0
0
0
1630690380
0
642700877
0
0
2306936769
0
0
0
0
0
0
0
0
0
2316115794
0
21
0
0
347701635
3
0
36
28
15
0
0
5642034585
0
0
1479217608
6
52700511
36
0
0
1699590732
0
2665339530
1502150251
0
0
0
0
10
2642027076
0
10
0
0
513521127
0
6840347064
0
0
0
0
0
0
2329474890
0
45
0
0
0
0
0
1
0
1787990094
0
36846819
0
1222280400
0
779275978
0
0
0
4839853239
0
0
0
3
0
24454521
0
6
0
0
0
0
0
744150330
5796468219
0
0
0
3
10
449625077
0
0
0
28
0
0
0
0
1497932742
0
0
0
55
3
0
0
0
45
1835119625
0
1130144625
5550101337
0
0
0
0
21
0
6
0
10
0
211243732
0
0
0
0
0
6
4032244458
1248675323
66
10
0
0
0
6558159535
0
4784425074
0
0
6
2714334350
0
0
0
0
0
0
0
0
0
0
0
511280250
0
0
3
0
118080022
0
0
0
0
2518263960
10
55
0
0
0
0
0
0
0
0
10
0
0
1
10
0
547755330
0
728226365
0
1
10
1
66
0
0
0
0
0
5516123050
0
0
0
3
21
0
748554757
0
0
294528575
0
0
0
0
0
1168595312
0
916112607
0
66
246542114
0
0
45
0
0
0
0
0
1
0
0
415483541
0
0
0
10
0
10
0
0
0
0
0
2129662210
1
0
6
0
599254869
0
0
0
0
0
0
2921727875
170284285
0
0
980248482
3
0
0
0
0
21
0
1797091170
802542006
45
3
0
0
0
0
0
0
478286035
0
0
66
0
417186040
561946029
45
0
0
0
0
0
2572488850
0
0
0
0
0
0
5545150660
0
0
0
3
0
0
0
0
1
661952304
0
0
0
0
743610327
0
0
0
98105028
0
0
0
0
0
0
0
0
0
74523736
0
1789365747
0
1
0
458726904
0
1
0
0
66
0
10
0
0
0
66
0
6221533860
0
0
6016112520
2344447044
0
0
0
0
3371888250
0
0
0
0
0
0
0
0
0
0
0
0
55
6
0
21
0
0
0
0
0
0
0
0
0
0
0
4089561120
0
3600227895
5381875560
3204841820
21
0
0
0
0
0
0
70004028
1853582920
10
0
1890171834
1
0
0
21
0
0
0
48132766
2722518917
0
3958586716
0
0
0
0
0
0
0
0
0
0
0
0
1799729982
0
0
0
0
1
0
0
0
1
0
0
2449335039
0
71371378
2372399388
0
514547159
0
277289475
5457564984
0
0
45
0
0
0
3
0
0
0
0
0
0
3120539472
0
0
0
45
21
0
0
0
0
0
4426511050
0
0
0
0
0
0
6
0
0
0
21
0
3
0
564127252
0
0
0
28
0
0
15
663809245
2316524205
0
21
0
0
0
3
0
635372107
0
0
0
0
5165192275
0
0
0
0
0
0
6
0
0
134685077
0
0
0
0
1
828468862
0
3
0
0
21
0
0
0
66
0
36
0
0
0
2304220549
0
0
0
0
0
0
0
0
0
0
0
1
0
0
6
0
1676639250
529214296
0
0
0
0
0
0
0
0
0
0
2103442194
0
0
815130873
0
1
0
21
0
0
0
0
55
0
0
0
0
45
0
1175809765
0
0
0
10
0
0
0
0
1
537575654
5713890
0
0
605502599
0
2480298075
0
0
4416355132
0
0
0
0
6
0
0
173231190
0
0
0
1953281217
10
0
710286892
297545809
0
0
0
0
0
36
0
0
0
0
0
1
45
1411796925
687704240
66
0
0
0
2213419839
0
1959974709
0
0
0
0
5547467712
0
0
0
0
454581
0
0
6
0
2440803610
0
0
6
0
0
0
36
28
1
575605482
0
0
28
6080232630
0
0
0
0
0
0
131373945
5700183312
6559648464
0
6267800648
0
0
0
0
1603336850
0
6658406835
934092250
474766695
0
0
0
68661620
6410459769
0
0
5428559458
0
0
0
21
0
0
1817592772
0
36
0
0
0
0
29980896
5947096285
0
0
0
0
0
0
0
0
0
0
0
0
0
0
0
0
0
0
3179752121
0
28
0
0
0
0
0
0
0
0
3
21
0
28
0
0
0
4629577145
0
0
0
2089132474
1025388252
0
6530930571
0
0
21
21
0
0
36
0
0
0
0
116334630
0
0
1
0
0
0
0
6587396305
0
0
0
0
36
1027653777
0
45
0
45
3
0
0
0
3
0
4206600171
1
0
4456293600
0
0
3
4105856226
1
0
0
0
6
66
0
0
36
66
0
0
0
0
3520905560
0
1
10
232578522
3736011
1
0
0
3
0
2292017359
0
0
0
0
21
3275034768
0
133849340
0
0
3251928936
0
0
0
0
0
0
0
0
0
0
0
66
0
1539098418
0
0
28
0
0
28
4204949344
0
0
1799849975
6051045000
0
0
0
6164330050
6490649014
1207148677
0
137290734
0
0
0
0
0
0
2685895242
0
48782503
0
0
0
0
0
21
0
0
0
0
0
0
0
36
0
0
0
0
0
0
0
66
10
0
1
0
0
10
0
28
0
0
0
0
0
4511312523
0
0
0
0
0
0
55
0
0
0
0
0
0
0
0
0
0
0
55
0
21
0
0
0
0
0
0
0
21
0
0
997578
55
0
0
3201080046
0
159820378
6
0
0
0
0
0
0
26802181
3606849666
0
0
1
0
0
0
1
0
0
3591916858
0
0
0
0
1
0
0
0
0
37234135
0
0
0
4276350
0
6
0
2608622529
0
0
0
0
0
0
0
683815670
10
1402672080
0
0
0
0
6
66
0
0
0
0
0
28
0
0
55
0
0
6
10
0
0
66
0
0
0
0
0
0
788144232
0
0
0
1040204463
0
0
0
0
0
0
0
57915703
188539071
0
28
0
0
0
339076
45205785
0
0
3907410
0
1596605280
0
4199448814
878328807
3
0
0
0
0
2692422261
229376065
4352398295
6671453250
0
1071312613
0
0
0
0
0
0
1
0
45
3624878040
0
5952987010
0
0
66
0
0
0
0
0
0
0
507067914
0
0
0
0
495857265
0
0
0
0
0
0
53132585
0
1
3
0
34002380
0
0
0
1917861
0
1
0
0
0
66
2340956064
0
0
0
276019260
0
2037996240
0
0
0
0
1
0
0
0
0
0
0
0
0
0
0
45
662607405
28
0
0
1689751883
0
0
0
0
66
0
4613233430
0
36
0
10
0
2291746545
0
0
45
0
0
0
6
0
0
0
3
0
0
0
0
0
0
507067934
0
0
10
90100
0
0
1736578690
0
0
0
70739565
0
0
0
0
15
33296880
0
0
1564166343
0
0
0
0
0
0
0
55
0
3
0
0
1
4658779073
0
4286778100
6297730290
3
94002615
0
6
3
0
3
0
140994028
0
0
0
19099289
6387042708
0
696708435
0
0
0
0
856959279
865092807
0
21
0
0
495573902
0
2987915546
0
0
0
0
0
352199070
0
2937956175
0
0
0
0
0
0
0
0
1813560
0
0
315343931
0
0
0
0
0
38504699
0
0
0
346779280
0
0
0
0
0
0
3056628
10
0
21
0
0
0
0
1
0
6042357349
0
0
874309833
0
601923535
0
0
0
0
899811
0
0
0
0
0
3181426992
3537624545
15400
3234773940
0
0
0
0
0
0
251048028
3315381707
0
0
0
0
0
0
0
0
809729400
2821469630
3
66
66
2602702998
0
0
0
0
0
43949999
0
0
36
0
5994453
0
0
0
0
0
3
0
0
0
0
0
0
623592269
0
0
36
5316196896
0
0
4006154271
1067427907
0
0
0
45
0
4297247550
0
103040190
0
922372704
526290345
0
0
0
0
0
3719056845
0
0
0
0
0
0
0
0
6706730770
34698615
0
0
0
0
36
0
0
0
103500078
26226902
0
0
611083319
0
6
6286063809
291309452
0
0
1089021112
6
1171885075
0
17716128
3000451835
0
0
3049375429
0
0
3
0
0
0
3
0
174929160
0
0
959767557
2189002855
0
0
0
0
1394949784
0
15
0
6
0
0
0
0
0
0
0
0
0
0
0
28
0
0
36
925984074
0
1
0
3
0
0
10
3
0
0
0
0
0
0
1
1507416775
0
0
0
291623315
0
0
0
0
0
0
2689854495
52168005
0
292711100
2382052717
0
0
0
0
2971549676
0
0
0
0
214317453
2691541755
0
1404738507
71514819
4525762175
0
4702220740
0
0
0
0
4762733535
0
0
28278959
0
0
0
10
1575709450
0
0
36
5697941331
1247076708
0
66
66
6408082170
0
0
0
0
1681912973
6439933260
3
640444154
0
10
0
0
0
6136602654
0
0
0
21
2092818520
456578870
823916100
0
0
0
0
642449934
0
185926686
6854858350
66
0
0
3516040143
0
0
0
0
0
1
0
0
0
1
0
66
0
0
4269850200
0
0
10
2388821724
0
0
0
0
539216359
0
0
0
3
0
0
36
0
4076728911
45
137241028
0
88544778
0
3167801396
0
3056017074
28
0
0
0
678942824
0
0
1
0
36
0
10
21
0
3130580618
0
0
0
45
0
0
0
0
0
0
2032700674
0
0
0
0
0
4740799185
0
0
0
0
0
228434625
0
0
0
0
0
0
0
0
0
0
5323107745
0
0
0
0
3
0
0
6
0
0
4966506244
0
0
0
196783041
727310709
6
0
152574246
0
0
10
28
0
0
0
0
3
0
0
0
10
0
30862295
0
0
0
0
1088181211
0
0
2811637556
2455988619
10
1935819717
0
0
45
0
0
0
0
0
45
0
0
191756736
3021870375
36
28
0
4099696480
0
0
0
9952490
0
0
10
1655742264
0
499927989
0
0
0
0
0
6
1366468500
1640355975
1174016193
3888341190
736646535
0
1761240910
602652400
0
0
10
1
66
0
21
0
1
0
0
0
0
1753178477
45
1675423413
354245652
0
0
0
0
28
0
147086976
0
0
0
0
28
0
0
0
4750931437
0
0
77781628
6812654562
0
0
0
0
0
1292530743
0
0
0
0
0
0
36
0
0
0
0
0
6
0
0
0
0
0
0
66
0
0
45
0
0
0
0
5202254937
349814474
0
6
0
0
0
0
0
0
0
0
0
55
5238017062
4228090848
0
0
0
0
0
0
0
2891078810
1
0
0
0
0
42030695
0
0
0
6
0
21
0
6
0
0
630142747
21
0
6157336861
0
0
36872577
0
36
0
1
0
0
313889040
0
1
0
0
0
6
0
0
0
0
0
6
0
21
66
0
0
0
0
0
0
5664577075
0
0
0
0
0
0
0
2156307249
0
3
0
0
0
0
0
0
0
0
0
36
0
0
751265682
3
0
0
0
0
0
0
674160819
0
0
0
0
0
0
0
0
0
733962126
0
0
0
0
10
0
0
3517298083
293897884
45
1783328775
0
0
0
0
1
0
6
0
0
0
3622919993
0
0
0
0
0
0
10
0
0
0
0
0
0
0
0
0
267533146
342212040
0
6
0
0
0
0
0
1
0
0
0
0
0
0
36
0
0
0
0
10
28
6597615830
129484278
10
55
0
55
0
0
4206141600
2573493147
45
0
36
1
0
0
0
0
6
3539307000
0
0
415339431
45
0
0
66
0
0
0
0
0
0
0
198672210
0
0
0
63354396
0
0
66
10
0
0
1068583332
2432914884
36
5670028
0
0
0
0
0
0
0
0
0
0
0
66
0
10
0
0
0
18571464
0
0
4729121565
0
28
36
0
66
0
0
0
0
1709867453
0
0
0
2989925749
540037670
0
0
2722223781
1
45
0
55
0
0
0
0
0
0
297155631
0
6
0
0
0
0
0
0
1055770148
45
1
0
0
147464548
0
0
0
59847269
0
6
5520009990
1295379547
5727549840
0
15
73368440
0
0
0
0
0
0
0
0
0
0
0
36
45
4122456156
1
0
0
0
0
3510507726
0
10
0
0
0
0
0
0
36
0
0
21
0
0
43352016
0
350714370
1127531325
0
0
0
0
0
1040432533
36
0
45
0
0
0
3
167307775
0
0
0
0
0
3
0
0
858657499
21
0
0
1758452528
2111167674
0
169071
1296957887
6
0
0
0
6
0
0
66
6798304655
0
0
0
0
0
0
159927669
0
0
3
0
4428110757
0
0
0
0
0
0
45
3017518445
0
0
0
0
36
0
2578230330
1289786640
0
0
0
21
0
6233586951
0
0
0
0
0
21
0
0
0
0
0
0
0
0
0
0
1
0
444124305
0
28
0
2883783504
6310530930
0
2082931690
0
5035813867
0
0
0
11695866
0
0
0
0
0
0
0
0
0
0
0
55
0
28
0
0
45
6843037512
0
0
0
0
0
0
0
0
0
0
10
0
5737079358
804947623
0
6
0
10
15
0
0
0
0
0
466269443
36
0
2355827755
0
0
3533840370
0
0
0
55
0
4391766005
0
0
10
45
1
2063806375
0
82876375
6458672640
0
0
0
0
61244778
0
0
3315951756
0
0
0
0
0
0
0
0
0
10
1774441372
0
0
2722666518
10
0
0
0
0
0
17883190
0
2534626
0
0
7567995
1595757743
0
0
0
66
0
0
5740614780
0
0
10
66
0
0
45
0
0
0
28
0
0
3
15
0
36
0
0
0
0
0
0
0
0
0
1695561
678979674
0
0
4407712974
0
927447843
45
0
0
0
0
0
0
0
0
2313666294
15
0
4184523882
0
774860651
3220231833
6
0
0
3946761390
1617301
6083651599
0
0
0
0
21
0
0
0
66
0
0
0
66
6
0
1047469325
0
1
0
0
28
0
0
1
3
6344842231
2852277120
55
0
3
0
0
0
36
1785240353
66
0
0
0
2987297124
0
0
1490401
0
0
0
278940390
1
21
0
233939265
0
0
0
0
0
0
0
0
121563028
0
0
36
0
0
0
0
0
5045754130
0
1787990072
0
1141488062
0
0
0
0
0
28
0
36
0
0
0
0
0
0
0
0
0
0
6183442776
0
0
45
0
0
0
0
0
0
6
0
3160244215
0
0
0
0
0
763134775
0
0
0
0
1504245
0
10
0
0
0
0
0
0
0
0
0
0
45
10
0
0
0
0
3962324695
0
0
0
0
3661839786
1008656149
6
21
0
3346397100
0
4914320164
0
0
110967752
0
0
0
438272411
3
625217820
0
1
3955078
3
6
1
0
1
0
0
0
45
0
535217382
5446287483
0
6
0
0
0
0
0
0
0
0
0
0
0
0
10
0
5858652336
0
0
0
0
0
0
0
0
0
317809856
0
0
0
0
28
1
0
0
4076728911
1098375012
0
0
55
0
0
28
10
0
0
0
0
0
0
0
608359500
0
144453
0
0
485239127
2005122765
0
0
3
66
0
0
0
0
0
0
0
28
0
0
0
0
0
1069369353
0
0
6626825184
0
0
157717679
3747572015
10
0
624157425
0
55
66
0
0
0
58617378
6336508980
0
0
0
269990703
4760293885
0
0
0
434778
0
0
66
0
0
10
0
3311718384
0
1
0
0
0
45
0
21
0
0
0
0
3848583501
0
308574903
10
0
0
0
0
0
0
0
0
0
1
10
0
869007202
36
0
0
0
0
15
0
0
0
0
0
0
0
0
0
0
0
899811
0
0
0
10
0
45
0
0
0
6
0
3108779516
45
0
6295598089
0
1
45
4648842045
0
0
4660323641
0
0
6
0
45
1029558750
765089400
45
280690961
108479084
1514838375
0
0
0
0
0
10
1
0
0
819618822
55
0
10
0
5282737821
0
0
0
0
0
0
0
4973186010
1540763310
241835022
482097823
4506469461
0
2377085719
2999212489
0
0
0
0
0
0
0
0
4161775706
0
456941544
0
0
45
0
21
0
0
0
3
0
0
0
3246124980
0
0
45
0
0
1
0
3013480151
0
0
0
1
0
31470211
45
3
0
0
0
55
10
2138024130
0
45
1
0
3
36
0
5835834585
0
0
1540652267
21
3334653
66
0
0
1
0
0
0
28
0
0
0
0
0
197120437
0
0
0
1949782675
0
0
1
4945200930
0
10559310
0
0
0
1508570028
281165031
0
0
0
0
0
0
22771126
0
0
0
0
0
493372577
0
0
0
0
0
0
0
0
0
0
0
66
0
0
0
0
0
0
0
15
0
0
0
0
21
0
0
0
0
28
0
3
0
4321106111
0
0
0
0
3
0
5413045131
1508789750
0
0
0
0
335055441
0
28
0
0
0
0
0
0
0
296570835
71538740
0
10
6427115331
0
0
7355529
0
0
0
585863564
0
0
0
0
0
0
0
260068220
3402176306
0
3
0
0
0
21
0
0
0
2355210022
0
0
1669755338
0
0
0
10
21
0
1560477042
15
0
0
45
0
251855336
0
0
0
10
3696237165
501351942
0
0
0
6693649901
3
0
85981941
0
0
0
0
5764748934
0
1239248205
3875652851
0
0
0
0
235803180
0
66
0
0
0
0
0
390754989
0
1993424505
0
0
0
3648672555
0
0
0
0
6250570291
116060227
10
0
0
21
0
0
0
2092301010
15
0
4391484848
0
0
0
0
3
0
0
0
3
0
0
0
0
0
0
0
0
0
0
0
0
0
0
0
0
10
0
15
0
0
2274110514
0
2019332989
0
0
56471878
0
66
10
2701014715
0
10
0
0
765703
0
0
0
1
0
0
0
0
4349040161
0
497503
0
55
0
0
10
45
0
0
0
0
13668605
0
10
0
0
0
0
0
28
0
0
6061280187
0
5590843830
0
3
0
1
1
0
2624827257
1050629852
0
0
0
0
0
0
0
0
3
10
0
0
1537046262
325852156
36
39698504
0
0
0
0
0
0
0
0
6
404260394
182013660
0
2851219845
0
484305002
0
0
0
28
5314547187
0
39218796
0
15
0
0
10
0
0
0
0
0
0
0
0
0
0
0
0
0
45
0
0
0
5901329
0
0
3173933256
0
0
0
45
0
0
0
0
0
0
45
0
0
0
0
0
0
0
0
1046737132
0
4829921404
21
0
0
2455848480
21
0
0
55
15193828
0
0
0
1047011677
3267512335
4953359242
0
3
177538743
0
0
0
0
27280188
28
0
159570180
0
0
0
0
0
0
0
3126783650
115542801
0
45
1
4337017490
0
3
0
0
0
1361089197
3
0
0
0
21
0
10
0
0
0
0
0
0
166047973
0
0
0
0
687889665
0
430227096
45
704569490
216954865
3
0
0
0
66
0
0
0
1219315625
152294878
0
0
0
0
6532305
10
45
0
0
0
0
0
0
45
0
0
10
1
0
0
4810578762
0
0
0
0
434255182
10
10
0
0
0
4070049708
0
0
0
45
1233430272
0
777224448
0
0
0
0
3601755456
0
0
0
0
0
0
3960366456
28
0
0
0
0
0
4703578509
4332175848
0
0
0
992239875
0
0
4057518441
4130995939
0
0
2513015059
0
0
815655852
55
0
0
3
0
45
378413804
0
0
1582678185
0
45
1
5049672715
0
0
1092944853
2690514680
0
0
0
0
0
0
66
0
0
21
3311799795
45
0
0
186640860
901914135
0
0
1158224379
0
0
0
0
0
0
0
0
0
3
10
238503720
6566293448
0
0
0
3
0
0
0
0
0
0
0
0
10
0
315997220
0
0
0
0
0
0
0
5159603670
0
3
1
3
0
0
0
0
643920440
36
0
130193316
36
0
0
0
1031647155
0
0
0
0
67425077
45
0
3801527574
1420205157
5571509514
0
2499633829
0
0
6802386414
0
0
0
6
483682732
6099877333
10
0
0
0
0
0
0
6218101
0
7085730
0
45
0
0
45
0
0
0
4144459391
0
0
0
0
0
0
0
0
21
0
2884239215
0
55
0
45
563556377
0
45
0
0
0
0
0
0
0
1
0
6845962512
0
0
0
0
0
0
0
3720005595
0
0
5290861233
0
0
0
21
0
0
0
0
490298934
0
171152751
0
45
0
0
0
21
4970393911
0
66
886478650
0
0
6537904009
0
0
0
3
0
0
0
0
2810812717
21
0
0
0
0
10
0
0
0
0
0
1
0
0
5334773505
0
0
0
3
21
28
0
0
0
0
0
779236500
0
0
0
0
0
11488821
0
19987002
0
0
0
6
0
0
1071544068
0
0
2256072372
0
0
0
0
45653789
0
0
0
6
0
1636806692
4379684391
0
4995450969
10
10
0
0
3795949101
0
36
0
55
2616284610
0
0
0
6
0
432930024
0
0
0
0
0
0
153291295
5200623025
0
111430056
3
6
0
0
0
2294116680
0
0
0
0
0
857373324
0
6432445131
0
3698214993
5609893860
21
0
0
0
0
0
0
0
518725924
0
0
0
0
0
10
0
0
3589374618
0
0
5192671141
23075821
0
7260
0
596143184
0
0
0
0
592144488
0
1476771003
0
0
0
2186819875
1
0
0
10
0
0
0
33370365
0
0
0
81683371
0
0
45
0
0
0
0
708817725
0
36
45
36
0
1877098350
0
0
66
55
6281915850
0
2372192724
0
1730337368
0
0
0
6840464029
4104315856
0
5694739215
3
0
0
498916645
6041258115
0
0
0
0
0
204575878
0
15851265
66
0
21
0
2229483664
0
0
0
3
0
0
0
0
0
0
0
471906
0
4336365607
0
27206375
0
0
0
0
0
0
0
0
66
0
0
0
1
0
0
0
1587745766
0
0
681709349
2826955992
0
5915837106
0
0
5793238554
0
0
0
1685684988
0
10
0
0
0
0
21
4514732721
0
5593910833
55
0
3026536665
0
6
21
0
0
0
0
0
0
0
0
0
1360202400
66
0
2377361499
0
0
135523415
0
0
36
66
0
0
0
0
66
0
28
5492305962
4465550215
2353151497
1722228684
66
2948620811
2928688275
0
0
0
6034444966
0
0
0
1755666375
0
0
45
0
2113767684
544780515
0
0
4286129970
0
0
1843793169
0
0
0
0
258610643
0
0
0
0
0
0
0
0
21
0
0
0
0
45
0
0
0
14185800
6
0
0
4878694744
521370485
0
55
66
0
4204949344
0
0
0
0
0
0
0
66
28
21
0
0
0
0
0
0
36
0
716254475
20643525
203142246
0
0
0
0
0
0
0
0
0
0
0
1291209150
0
0
0
0
10
6
0
0
0
0
1
45
0
1875015675
0
0
0
0
0
6
0
0
0
0
0
1925194316
437059392
0
0
0
0
0
0
0
0
10
0
76353903
0
0
0
0
0
0
0
55920600
3224486655
0
0
0
6640071125
0
0
3383559408
0
0
0
0
5056810425
0
0
6666256256
10
1
28
21
3855868791
0
0
0
1412806743
469665275
0
0
79689000
0
0
883912032
66
0
0
0
10
0
0
0
1
0
0
3027081326
0
6
0
28
111415128
0
0
0
0
0
0
0
0
0
0
0
0
0
0
0
0
126126902
21
0
0
0
0
0
0
45
0
0
0
0
305749346
0
66
0
0
0
0
36
5886070684
10
0
0
0
0
532635826
0
0
0
0
0
0
0
0
0
0
0
0
0
0
0
3259917840
0
0
0
0
1
1006187355
232449135
0
88904445
0
0
21
0
0
0
0
0
0
0
0
0
0
0
0
3
0
0
1
3522248336
6
298229243
3
0
0
0
0
55
45
0
0
0
0
0
3165732190
0
6313227462
0
6
0
0
66
3495525033
0
0
0
0
53153204
10
1
0
0
0
0
0
0
0
0
0
0
0
1
0
0
1
1
830586888
3933091071
0
0
0
36
0
498821904
0
6
1268039592
0
0
586651110
0
0
64553203
0
0
0
0
0
0
45
21
1
568131465
0
0
0
0
6
4024884039
0
3165095682
103097619
3996224664
0
0
0
805228512
0
0
0
0
0
21
112867800
0
0
0
0
0
0
0
0
1
45
0
0
0
0
0
21
0
0
1588534792
0
0
0
2725323696
1
1338280952
10
0
0
0
45
3852444743
0
0
21
0
1209114894
3
2926163214
0
0
0
45
425955063
0
5009654590
0
3
0
0
0
0
0
0
0
0
0
0
6
424176500
5384573380
0
45
0
0
0
3375666816
6600258116
5904747390
3
0
0
0
0
0
0
6
0
0
3
0
0
0
0
0
55
0
0
0
0
1066503992
0
0
0
1707529135
0
3
55
0
4511882476
0
0
0
0
0
0
0
0
0
0
0
0
3356057618
1
3
10
0
0
0
0
3530730483
21
0
0
21
0
0
1667444598
0
0
0
0
6
5558322264
6516766485
0
0
0
3
66
0
0
0
0
28
0
0
0
0
0
0
0
0
67611005
70300153
0
0
0
1904176
0
0
45
21
0
0
0
0
0
0
0
55751519
1
3213494151
10
0
0
0
0
0
0
45
0
477853154
0
301461725
0
0
0
3358597816
0
0
602097030
0
0
3
0
0
0
0
0
0
0
0
10
0
0
546696710
301731892
0
0
0
1815724185
3
0
4595959847
0
1
2902419919
50085035
0
0
0
954560950
66
0
1692194379
15365196
0
0
3374845236
0
0
0
28
6
0
0
0
3179672340
147224219
4542998815
507418275
0
0
2570480814
0
21
0
10
0
0
6
0
0
0
0
0
55
776830215
79411503
0
45
0
0
3
0
424001757
78857961
0
0
0
0
0
0
448785810
0
0
6043026
6
1421697823
431401250
0
1
0
3
0
0
0
5422830108
0
844831062
21
0
0
0
0
45
28
0
0
0
0
0
0
0
0
0
0
10
0
45
0
2931137859
0
0
0
15
205872486
21
395746896
6324346
1527137742
0
55
45
0
0
28
1493666493
0
0
66
0
0
0
6906356562
0
1170868633
66
0
0
0
0
0
0
0
0
1386090198
0
0
1028469978
0
0
4703966479
0
0
66
3206843645
0
45
0
0
405911263
4492503
0
0
0
55
536592417
4362573915
15
0
0
0
0
0
405911275
0
1899097614
0
28
0
0
64541841
0
0
1
0
0
0
3759962367
0
0
0
0
0
0
0
0
0
0
131974381
0
0
0
28
6
0
1913855640
0
0
1
0
28
0
10
2728720839
2239042815
1
0
0
104196
0
4592700665
0
0
0
62703201
10
0
0
0
0
0
1
4740312360
0
0
0
0
1288161900
0
0
0
0
252237020
0
0
0
0
21
1220896377
0
0
0
0
0
0
2295200622
0
0
95309720
0
0
21
0
6
0
21
45
0
3136517975
6
136199260
0
0
0
0
35671681
0
2256273864
2213087175
0
0
0
0
0
0
0
15
5164175940
0
0
0
499580242
0
0
6
0
20393691
0
0
4799697210
0
0
3468736976
0
0
0
0
0
0
0
0
3
0
0
0
0
599497230
0
0
0
15
5705416365
0
0
0
0
1389461942
487016444
0
15
0
1157839360
0
2988456669
0
0
0
0
1955253
0
0
483620550
0
0
1400607198
85562821
3209567130
0
0
0
1081892383
0
0
0
0
0
1
0
0
0
28
0
0
0
0
1238103438
0
445257560
0
0
1
993086455
0
0
1
0
0
0
1491754103
0
0
0
0
0
0
2927846467
0
0
0
0
0
0
1522057548
0
0
6
0
790329400
3506068146
0
28
0
0
0
0
0
0
0
46296253
0
0
0
0
0
0
1425516
0
0
36
0
0
10
0
0
0
0
636442002
0
0
0
0
0
0
0
0
6
0
2898535555
0
0
0
0
0
0
0
384906375
36
0
0
0
0
0
53421615
0
0
66
0
1521616192
1
260570196
0
0
36
0
0
0
0
0
4950771735
0
66
0
0
0
0
1763437550
605432982
0
0
0
4955847837
0
0
6
5546115
0
0
0
21
5878911916
0
0
0
0
0
3173853618
0
5066771409
573131290
0
0
0
0
55
0
0
36
78682239
0
0
3
0
0
0
0
0
0
0
2805641676
36
0
0
0
0
0
302198814
644746074
0
0
310490740
0
0
0
0
66
1032464958
28
0
0
645608208
0
0
2040039744
66
0
0
0
830953740
320234777
10
0
21
0
0
0
0
0
0
0
0
0
0
0
234955
0
3955295166
2281602548
4175746136
4444671
0
0
0
0
0
0
0
4162505606
0
0
142845
0
0
0
0
596972160
9303140
766224228
0
0
0
0
0
0
0
0
0
30174796
0
0
45
2497866512
0
0
0
0
0
0
3
0
827532900
0
2042084242
0
0
0
0
0
476833520
21
1
0
0
901404549
3
10
36
28
4287333679
0
0
0
0
0
0
0
5048768275
3
28
0
0
0
36
130435476
0
1310694397
66
3
0
0
26111151
0
0
0
1971323424
0
0
1
0
0
0
0
0
0
679643145
66
1031510907
0
0
0
0
0
3
0
0
0
0
5262200100
0
23505796
55
0
0
0
0
6166661974
0
0
0
0
3
0
0
0
0
2356720179
0
0
0
0
0
1883046390
3736011
0
0
0
45
0
0
0
66
0
0
0
3259029700
0
0
0
15
0
0
0
239575104
0
28
0
0
0
0
0
0
0
3
2256676956
45
0
0
0
0
296229960
0
468378920
0
21
0
0
0
0
0
0
6
0
1683131162
0
0
0
0
10
0
0
0
0
2248354117
0
0
0
36
0
0
0
21
130225591
0
21
0
0
0
0
622639115
0
0
0
0
0
0
6
15
3530730492
0
0
0
0
0
0
0
0
0
0
0
0
1
0
298131561
0
0
0
0
0
0
0
686592086
0
0
0
0
0
0
1
0
0
0
6
0
0
442694889
0
0
0
10
10
0
0
0
5153655
36
0
51953721
1
0
0
1302566317
0
45
0
1308647217
0
0
0
1
0
0
0
0
0
0
1
0
10
0
0
0
0
6658060644
0
0
653935529
3
6
0
40136320
0
1347505738
2258961714
0
0
0
4583791823
576182430
0
239487554
0
0
0
0
0
132315778
0
0
5053894387
1664039177
0
1260697763
1
0
0
0
3793335606
1
19006695
0
0
0
0
0
0
0
2201526162
0
0
0
0
2021557884
0
0
589806684
0
1219365033
0
17319555
0
0
5200928989
3565943430
0
0
0
218687235
0
0
66
2981193900
6
0
0
1
0
0
0
0
0
1835483160
0
0
0
0
0
0
1648786594
998307565
0
0
99440252
0
3
341767440
28
6245092875
0
0
0
0
0
3
10
0
0
6
66
21
0
0
1
0
360233058
0
0
0
0
0
0
0
0
0
0
0
0
0
0
0
6
0
0
0
10
0
0
4089741975
0
2021939400
3
0
66
0
45
599912820
10
4900015
3
18147300
0
4425287982
6
0
0
0
173063710
3
0
0
0
42195
112822731
0
3117222316
0
0
0
0
10
0
66
0
0
0
176710597
1113141333
0
292275743
0
0
2119037529
1744071302
1980501510
3
0
0
0
1005469740
1
0
0
0
0
0
0
0
3090512880
0
0
0
6
0
0
0
0
36
145922983
699884990
1
0
0
0
0
0
294091868
34399365
731206158
45
751808455
0
0
29495040
0
0
0
3
0
323965784
0
0
0
442694880
0
55
0
28
86691528
0
0
36
0
0
171060256
0
0
6019732905
0
1
3923075286
0
2740405507
0
0
66
0
0
0
962134890
2615633592
2423298147
0
0
0
0
1215269622
0
0
0
266193191
0
0
0
0
0
0
3877854190
45
0
0
0
3842006301
10
1517481567
0
19578153
6
4619280
673720257
5441487615
0
1362759318
0
0
3
0
0
2016664765
66
0
0
0
0
0
0
0
6
1
0
2462089872
0
0
10
0
390028484
0
0
0
0
3136834776
0
0
0
0
0
0
0
0
28830621
0
0
0
0
0
3
2019523675
0
0
0
0
0
0
0
0
913332409
0
0
2857868993
66
0
0
0
0
0
0
0
0
0
45
0
0
0
0
0
0
0
0
0
0
0
4560650237
0
0
45
6
21
0
0
21
0
0
0
0
10
36
0
6
0
28
0
0
10
0
0
2548016170
0
1135094453
45
237347572
0
0
0
0
0
0
10
0
0
0
0
0
0
0
15699606
1
377863785
0
1
0
0
0
0
6821178334
0
0
4241711510
0
0
0
0
0
694023375
0
0
3
4314453
0
0
0
1891770769
1
36
0
0
0
0
631066100
0
1
3
0
299671921
45
0
0
0
0
0
0
0
0
0
0
0
0
0
21
0
0
0
0
0
1
0
33665115
0
2915921125
0
28
0
0
0
66
0
870884224
0
0
1209360762
0
0
1
87536296
3762304130
6
0
0
45
0
0
0
10
0
0
0
0
0
0
0
0
0
4035118650
0
45
408108164
0
0
2678790600
0
0
0
0
10
0
5691538041
0
0
6
512976444
0
38531031
0
0
28136250
0
0
0
0
1872566997
0
0
28
0
0
0
66
0
0
0
0
1
0
0
1535438817
0
21
0
0
21
0
0
0
66
0
3
0
0
0
0
0
0
0
0
2806840340
0
10
0
36
3812347530
21
5781404149
0
0
3008668796
0
0
0
0
0
36
21
0
1452739750
0
0
0
0
0
0
560840285
0
2234762079
21
0
0
0
66
405768813
1793915123
2576722572
28
0
0
0
0
0
0
0
28
72498861
3631778141
0
0
0
21
3452264861
0
0
4065810379
1
0
0
0
0
0
4950572694
4685361967
0
439813310
5317640562
0
0
0
0
0
199610190
0
36
0
229012101
10
0
114708230
36
0
0
0
19210701
21
0
55
0
0
0
0
0
66
1772654625
1837180030
0
0
0
0
0
0
0
0
4413723980
0
0
3048360285
10
0
28
64439627
0
0
3
0
66
0
3511261890
0
0
0
6504670645
0
0
0
0
4412784519
0
975737397
0
106324652
0
1944291225
0
0
0
0
0
0
55
3
0
0
1300474485
3
1744012260
3496110345
1922713030
0
0
0
3
0
0
0
0
1
5953641694
28
0
0
0
0
34640325
0
0
324093069
36
0
0
0
0
0
0
5087731456
0
129870786
0
0
0
0
0
0
0
1
0
0
36
0
5989596480
0
21
0
0
762158393
0
0
0
2407381945
1793915145
2911646169
0
214503825
0
0
3529806186
184195221
21
0
0
0
0
0
0
55
0
66
0
0
0
379349739
3810601340
0
0
0
0
0
2271646
0
0
0
0
0
0
550605505
0
0
0
0
0
0
233204405
839495797
0
0
0
2519754549
0
0
0
861
0
0
0
0
0
911751732
86388940
1
0
0
5559271245
0
0
4703384511
0
21
0
0
45
66
0
0
0
0
3
0
0
21
1112622350
0
0
0
0
0
0
0
0
0
193582326
0
0
0
0
0
1
0
5609364255
0
0
0
0
0
3
0
5203070989
0
0
0
3
0
0
0
0
3818112795
0
0
0
0
1887221760
66
55
2041125742
0
0
128552595
0
15
0
0
45
1
0
0
0
0
0
28
0
0
66
36
0
0
0
0
0
0
0
1
1126296963
142003377
0
0
0
0
0
0
0
0
0
0
0
0
6496347039
3671687926
0
0
0
5035312092
21
0
1297518208
310341231
0
0
0
0
5743936905
0
0
45
0
0
0
0
0
8329321
354298880
4181322592
0
0
166357920
0
0
218206495
0
0
0
36
21
0
28
36
58001834
0
0
0
1
0
2085191310
10
0
411801950
0
511472126
0
0
189160972
0
0
0
0
21
0
1
2214351390
0
0
0
0
0
0
3681541
0
0
0
6238389105
193720086
0
0
0
6
4305502389
28
0
0
0
0
0
0
0
10
0
6
0
0
0
0
0
0
0
0
0
0
82580526
172728991
0
45
28
15
750064525
1
0
45
3
0
0
0
6575808474
5051481775
36
0
0
0
3
1186356399
10
0
0
0
3
0
356298165
0
0
450795350
42232644
0
3
0
66
0
0
0
0
1923767400
0
0
0
66
55
0
0
0
205061623
0
0
1230402418
1719119560
1302106993
0
0
0
742376777
0
0
66
0
1614966500
0
0
0
0
0
105204765
0
0
416089128
0
0
1
0
0
3117854016
0
0
185849560
1236909447
0
0
0
2342119425
0
0
0
0
0
0
1
0
0
0
0
0
0
0
0
0
0
10
0
0
0
0
0
0
0
45
0
526387680
0
0
1040158834
0
0
66
0
0
0
5509192930
0
4187634831
0
66441628
0
0
0
0
0
0
3541915685
0
1328675472
0
66
0
1
0
10
0
0
0
0
1021045452
409965
0
5855621805
0
0
6571680624
0
0
0
0
10
0
0
0
0
110878385
66
0
36
0
0
0
164901880
0
0
0
0
851131908
3
0
0
0
0
787310718
15
0
0
0
6
0
45
21
0
0
0
0
0
2420305510
3643650
0
0
0
0
0
0
0
73247355
0
1935881940
0
0
0
0
0
0
0
0
0
0
1610593369
0
0
0
0
0
0
0
922072081
10
0
0
59606820
0
4581207005
0
0
0
197975150
31700702
0
0
0
0
0
0
0
1
55
0
0
55
786913955
1441495968
31082670
0
274911
0
0
3776369826
0
0
0
10
3
21
6
1
0
36
0
28
0
0
0
0
0
0
3
55
0
595142229
0
3
550008358
0
0
0
0
0
28
0
1154440
0
6267576714
10
918511209
0
0
0
0
3530562429
0
514868004
0
0
0
0
25436277
0
0
5933689387
0
2027921449
0
0
3
0
1749390797
0
0
0
0
0
346700278
0
3
0
0
2919282245
0
10
6
0
0
0
0
0
0
21
3
0
0
0
0
0
0
0
0
28
0
0
0
0
0
0
0
0
0
0
0
0
0
0
0
0
0
66
0
308500374
0
1901378575
0
0
0
1
0
0
0
0
0
28
0
0
0
1
10
0
0
21
4819116189
0
21
0
0
0
77968828
0
45
0
0
66
0
0
0
0
1
0
0
21
3313916121
96751004
0
6593595964
0
0
0
45
0
0
0
0
0
0
0
0
0
0
6
0
1
0
0
1398702492
0
0
0
0
0
6
0
0
21
4693690661
0
1
0
0
116151661
0
0
0
0
0
6
5575204744
0
0
0
0
1544873902
0
2225478960
0
0
3669717240
6529102083
0
1
216060078
667384824
66
0
0
0
36
45
0
0
0
400459149
0
4522052529
0
0
0
0
721980979
0
0
0
36
1
0
2430474024
611118277
0
0
0
0
45
0
0
3
0
0
0
0
0
45
0
0
0
0
0
1572735542
0
3019538580
0
0
1713612125
0
0
0
0
0
3906528591
0
0
5577950586
0
21
0
0
21
0
0
0
0
1319500
36
0
0
6
0
0
13841691
0
0
0
0
928955835
45
1275251250
55
0
0
0
0
15
0
0
0
0
3217824738
0
36
0
0
5728406121
0
1543651238
0
0
0
1142316
1
0
36
0
1801770407
0
0
0
0
0
0
0
66038778
0
0
0
0
0
0
0
0
0
0
0
36
0
1437471756
0
0
21
316298966
21
0
0
0
0
3
21
0
5181874437
1619345567
45
0
0
0
3
0
0
36
828875967
0
0
1
0
0
0
0
1
0
0
0
0
0
0
0
0
0
36
0
0
0
0
0
0
0
0
0
0
1875076913
0
0
0
0
0
0
0
0
24002055
0
0
0
0
0
94661920
0
3
3
0
0
0
0
1
21
21
0
3
4293447390
0
0
21
0
0
6709626506
0
0
0
3
1770749777
6
0
0
0
0
0
0
0
417590535
0
0
66
0
0
0
2618817000
0
0
4647974275
36
26546540
51994502
0
0
0
0
3
0
0
0
0
1154233060
0
45
0
0
0
0
0
0
0
28
0
0
1246527387
0
23946660
28
0
1389303822
0
0
0
28
0
0
36
1773369229
0
0
0
66
0
1765873285
2548153
0
6561939465
916283830
0
6486092415
12951504
0
0
4217889726
0
4503906540
0
8439885
66
0
0
0
0
0
0
0
0
0
0
0
10
0
2181070053
0
0
1258740197
2328655884
0
0
6
0
0
0
161128173
932536876
1315665453
0
0
0
0
1642934475
0
0
1
0
6001313301
0
0
80460955
0
6
25571975
0
0
0
45
0
0
0
0
23953581
10
0
3
0
0
0
0
0
0
0
0
0
1
0
6
0
0
0
0
0
0
0
10
0
0
0
0
0
0
0
0
0
4169808160
0
23608756
0
0
0
0
523212725
1
36
1965676344
0
0
0
0
28
3
45
0
1898604595
0
6
0
0
0
0
0
0
0
1
5545782541
2931061320
10
0
0
0
0
56089935
50939371
0
0
0
0
1530012897
943251
681081777
0
10
0
0
0
0
0
3021637181
1
0
0
0
0
0
0
0
0
6
0
0
130305
0
0
1
10
0
0
10
63850650
0
0
0
0
0
10
0
0
0
0
0
0
10
0
0
0
0
0
0
66
0
0
0
0
0
28
43912506
0
278657028
0
0
0
0
1267082942
0
0
0
0
0
28
0
1
21
0
0
0
5606081283
66
4025601835
0
0
0
0
146213550
0
28
3
1329706662
55
0
0
0
6198910119
0
0
0
0
0
4524620583
14772330
0
0
6
0
0
3204121316
0
0
0
0
45
0
28
0
0
0
461487369
0
0
0
0
10
0
0
0
0
4788045108
3611097626
0
0
0
21
0
0
0
0
5713858405
0
839290914
1
6
0
6774770937
0
0
0
0
0
0
0
728684399
0
0
0
3
0
0
0
3
8713225
0
0
0
0
0
0
0
0
1
10
359696431
0
0
0
0
0
0
0
0
0
0
0
1
1359993778
0
1202387235
36
0
1528906725
0
213015120
0
310266504
0
0
0
3548483618
119805
0
0
6
21
5684285331
0
0
45
0
0
0
0
0
0
0
1
0
0
0
0
0
0
0
0
0
0
0
0
0
0
0
0
0
0
1
0
66
0
0
0
0
0
0
0
0
961170069
0
0
0
4970992159
0
0
0
0
0
3805190693
275995765
0
245100867
0
0
36
0
0
0
0
0
0
0
0
0
0
0
2460265695
0
812871354
0
0
0
0
239640772
6637996976
0
0
0
0
0
0
0
3
0
249571301
0
0
0
0
45
0
0
0
0
0
0
160787275
36
0
3609483085
0
0
36
96070590
66
0
66
6
0
0
4696694685
0
0
0
0
2972243514
0
0
4473681290
0
0
21
754059192
0
36
21
0
0
0
0
0
0
45
6
0
0
0
0
0
0
0
0
0
0
995226802
0
6
0
0
0
0
3
6649178166
626739289
1460836357
0
0
1
5460490690
0
188461402
0
0
0
0
0
36
0
0
1773428762
774467025
3212051315
4976976499
0
0
0
0
6
5661490800
0
0
0
0
3
0
0
0
6493839621
0
0
0
0
0
0
1948409094
0
0
66
4366778310
0
53721795
2083318965
0
5160213189
1570878
0
172524600
0
0
10
0
0
0
0
0
0
28
0
0
0
0
10
0
0
6268696390
3273173550
0
788620749
3
0
21
0
0
416060266
1
0
1
0
5606226
45
677727335
0
0
283446145
0
6205369861
0
461183614
15
0
0
0
0
0
0
1372696578
0
6
0
3102868466
0
0
0
0
0
0
54512460
0
0
0
0
0
0
0
0
43603791
28
212375745
67855425
0
21
0
0
0
3
4250070
0
55
0
0
0
1
0
1182657292
0
0
10
0
36
6
0
315620240
0
10
2642681314
36
0
1070155701
3581330018
0
0
0
4949975685
4166977674
0
0
0
0
3
0
0
3848144846
1586168323
0
55
0
0
0
0
0
45
1
0
0
0
0
10
6
0
0
0
3
2611801639
0
0
15
0
0
3
0
6
3082027806
0
0
28
0
0
1794154747
10
0
0
0
0
0
0
3
0
0
0
0
66
0
0
0
0
0
0
0
1492409633
3295786256
0
2083835397
120784653
0
2405162040
1
6338873265
0
36
0
0
0
0
0
0
0
21
0
0
63568449
508725232
0
0
0
371512910
0
0
0
0
2006706255
66
0
0
4943709294
0
1
810655224
462368824
6739956
1341024360
1
0
0
36
0
5970240
0
6163219755
0
0
0
0
0
5619325033
0
0
0
0
0
0
0
0
0
0
2775907295
4984861440
66
0
1
0
0
0
0
3357286643
0
1
1265070122
36
2157489480
3706389708
0
163036653
4452518140
0
0
0
36
0
1
0
90754128
0
0
0
0
0
4933572045
66
0
45
6
3065014355
0
0
1729807943
0
2903562874
0
219776089
1550938637
0
0
0
0
0
3
0
21
3148409618
2432426620
0
0
0
0
1
0
0
0
4077993169
0
367977755
0
0
640301004
1
0
0
36
0
0
7878465
0
0
0
0
5875984555
0
5739007614
0
203908915
0
0
621651429
6570992786
6530587710
0
0
0
0
0
0
21
0
244171850
1
0
0
0
6174104958
0
6
6
0
0
0
0
1560261
0
6
0
677616870
0
4471316874
0
36
0
0
0
0
0
0
36
0
0
24384636
0
0
0
2453816449
0
321201
3
0
0
0
852246252
0
0
0
0
0
4638434058
0
0
0
0
66
0
509522982
0
0
28
0
0
0
0
1
0
1942670242
5042540064
2757726
0
2025183882
0
12587652
0
0
0
66
2551372455
0
0
10
0
3311067348
0
21
36
0
0
0
0
0
38750805
2744775165
0
15761305
4523098661
3
1
0
575164485
0
0
0
0
2344695
0
0
0
3159449241
335651085
6466630905
0
601958252
0
0
6819776800
1263762672
0
21
0
0
1
0
6
82452058
0
0
0
3886489515
0
1310950389
3
0
21
0
0
0
66
0
66
5499586
1493502528
0
1362185107
0
0
28
0
0
0
0
0
0
0
0
0
0
0
0
10
0
1
6649639437
1019328973
0
0
0
0
0
0
307334018
0
0
0
28
0
0
13647700
21
0
0
0
0
21
3178981
0
0
0
0
0
0
0
1
610314452
0
28
0
195060876
0
0
0
0
66
0
0
15
0
0
0
0
0
0
0
28
0
45
4083323220
0
0
0
0
1222873782
0
0
0
2309042940
396901210
0
0
6310128
0
73853781
730976727
0
0
0
21
70656328
1389989147
0
0
0
0
0
0
0
0
0
0
0
0
0
0
0
118172251
21
0
4328453348
0
0
10
10
10
0
1
40423536
0
0
0
0
0
0
0
0
1717419500
0
0
28
0
0
0
0
1392785021
4120731108
10
28
0
0
0
857166309
0
0
0
6
5831945934
0
0
6337972533
1869814122
0
0
0
66
0
1959223497
0
0
143354778
0
0
0
0
0
0
979982835
21
3554045867
2331720
36
0
0
6723186795
0
0
0
0
5457147090
0
0
0
0
0
1
0
0
0
10
1
0
21
5000849991
514483002
729180745
166905585
66
0
0
0
583469865
0
0
0
0
3
0
0
0
36
0
2665485581
45
0
0
0
0
0
0
0
66
0
0
0
0
1020819517
0
0
66
0
0
1010813200
3
288828595
21
0
0
0
0
0
1
0
10
0
0
0
55
0
0
0
0
0
1304046909
32485830
0
0
3193962840
3889311270
0
45
0
0
0
0
0
0
0
282779871
1320491724
3234452190
0
45
55
0
0
10
0
183160230
0
6
0
685591925
0
0
1051913775
66
0
1904463180
0
6
1566460375
0
0
0
0
0
0
0
5033806887
0
0
6
0
0
0
0
5601423201
0
0
28
3352126250
0
0
0
0
281259903
0
0
1585436184
743263287
0
0
0
0
0
0
0
0
0
0
0
0
45
0
0
0
0
3590899875
0
0
3
0
0
6536646225
0
45
0
2141425810
0
0
0
1
0
21
3860260866
0
0
3
21
0
0
13387725
0
191169681
0
106091461
0
0
0
0
0
1
0
0
15
2740553574
0
0
1824412187
55
1087388280
0
0
21
4516728435
0
0
0
0
283184301
0
0
3154284441
0
0
0
0
0
6
389386370
0
15
2985210510
0
21
214897543
223608372
0
0
1
1398385142
0
0
0
1
0
0
3381174216
0
21
0
0
0
0
0
0
0
0
4058959929
0
21
0
0
0
0
4673366126
0
3110514491
28
0
0
0
0
0
0
735073632
0
0
0
3
0
6005805937
0
0
0
0
0
0
4239040881
0
0
3
0
0
0
10
0
0
0
0
1619687064
0
0
0
3
0
0
0
0
0
2568511
569379364
45
0
28
0
0
0
0
0
0
0
0
0
0
0
0
482874405
0
0
0
0
0
3
188558487
0
402442620
0
0
0
0
6384950
15565410
6764298762
55
6
0
0
0
530581579
0
4816171374
0
2324972139
3
6078578625
0
0
93096
506972402
10
21
1
0
0
0
0
0
252753886
0
0
0
0
21
10
0
0
0
0
0
0
45
0
0
0
6142586496
0
0
0
0
0
0
0
36
0
0
0
0
0
1138050465
0
0
0
0
0
1
66
0
0
3
0
21
0
0
0
0
0
0
0
0
0
0
10
0
0
0
748554777
0
48181835
0
0
0
0
0
1
509545
0
0
0
0
10
0
21
1
0
0
0
45
28
0
0
36350601
36
3910861005
501573627
0
0
10
0
0
0
0
45
0
0
0
0
55
0
0
1
0
0
0
0
10
1558495
0
0
21
0
407280070
0
0
0
0
0
0
0
1017568825
0
315645369
0
0
0
0
36
2550443904
0
49665561
1046462623
2762288600
0
0
0
0
28
0
0
4209077104
0
0
4605840225
5135961880
28
5613813735
36
0
1804652975
0
0
1
0
1069091892
596592152
3
10
0
55
6401970390
0
0
1101986903
0
118757165
49138741
0
2870205485
2051681647
277242372
0
0
0
0
0
0
0
997816107
0
0
1
4352398329
0
8792721
0
2639120190
0
1839969432
0
0
0
0
160590078
66
0
0
0
0
36
0
0
60153995
0
0
0
1
0
0
0
0
21
6
0
1
36
0
28
45
0
0
10
0
21
0
1
0
0
0
0
1146654195
0
0
1387301447
168553980
0
10
0
36
3
0
0
0
1080915757
0
0
160859013
6627976479
0
0
0
0
3
157344930
0
1
0
5389867159
0
0
998039497
0
0
0
0
803183139
0
0
465475815
0
0
0
0
0
0
1308903002
0
0
0
0
0
0
221309240
0
0
2073390204
0
0
0
44902026
6
0
0
0
543428027
0
6
0
0
0
0
0
0
21
0
0
0
0
0
0
0
0
45
0
0
0
45
0
0
0
0
0
3
0
0
2585847649
0
3280783496
0
55
0
0
0
66
0
0
0
0
0
0
0
0
0
0
0
0
3
15
0
5924215609
0
0
0
15
0
0
21
45
0
2752337711
0
0
6912822087
0
115694866
15
0
0
0
0
0
1573128183
6
782279214
0
0
0
0
5522006529
0
45
0
8082210
36
0
0
6
0
0
28
55403600
0
643418127
0
4325476534
0
0
0
0
0
0
36
0
0
0
0
0
980700
0
10
6
0
0
0
45
0
172450306
0
541155648
0
0
0
0
0
0
0
1
0
0
1
360394127
0
0
0
3
239115645
1
0
415051265
0
10
45
1
0
10
0
4401143055
0
0
0
0
0
0
5022675615
0
390279890
0
0
3
21
0
0
0
0
0
0
1421164613
0
45
10
21
28
0
0
0
0
818768808
5108431515
6
0
0
0
0
0
0
0
0
0
0
0
0
0
0
0
36
0
1637493372
0
0
0
0
0
0
1301290614
79348503
45
0
28
0
0
66
0
0
0
12041778
0
0
2678644185
0
0
0
0
0
0
0
0
0
28
0
0
0
0
0
15309811
4458654075
0
1439509975
0
0
0
1
0
34648649
0
0
765558882
0
0
1
0
0
0
0
0
0
0
0
0
0
0
21
4690978175
4176842846
0
2369162994
0
0
66
0
0
0
0
6
0
0
0
0
0
0
4805479594
0
6179884680
207723153
0
0
894074038
0
0
619044890
0
0
0
0
21
0
0
0
0
730976709
779552334
0
0
3
0
0
0
0
0
0
0
0
0
28
0
0
0
0
5352451335
0
2572417122
0
0
0
0
0
0
0
0
1567356063
6
0
0
0
0
0
0
0
3793248514
0
2471080114
0
0
0
0
0
468287105
0
0
0
0
0
0
0
0
0
0
6
3
0
0
165884002
459575393
0
0
0
0
0
0
0
0
28
2267102110
2019396555
0
0
0
204717492
0
4036466304
1015269385
0
21
0
0
0
6063262215
1997214791
6688444245
0
0
3
0
0
1336677657
0
0
1515058575
0
21
0
812750382
0
0
0
690414199
6
0
15
0
0
0
0
0
11807370
0
0
6
194409621
0
0
0
0
36
0
45
0
0
0
0
0
21
55
0
0
0
0
2415993822
0
940847128
0
86717864
0
45
0
810816294
0
0
0
0
1
0
10
0
891369750
0
1110877674
0
3258222405
0
28
15
0
0
0
0
0
66
0
0
554694777
3
0
0
3984521770
1
0
1
534072902
0
21
0
0
6182886735
227047395
0
0
0
0
2679669018
0
0
0
1249525017
0
0
0
0
0
0
1556401525
0
0
0
0
0
0
0
0
0
0
0
36
0
1
0
266677955
0
0
0
0
45
28
0
0
0
0
0
66
3571265796
0
0
13841690
0
0
0
0
0
0
0
0
0
0
0
0
0
0
0
0
6
0
0
0
0
1340299410
0
0
28
0
0
0
0
3789852346
0
0
66
0
0
3
0
0
0
0
0
0
0
0
0
0
0
0
1704374892
0
0
0
5996384271
0
45
0
334227585
0
0
0
4084498132
0
0
0
36
0
3
0
78243795
0
0
3060709670
0
1
1
0
0
28
0
6
0
0
0
0
0
0
6
1084405707
3490426566
0
0
55
0
1
301756451
0
0
10
0
0
0
0
0
2562241899
0
0
1335437037
0
6179439990
1216453122
1
0
0
0
0
0
0
0
36
0
0
0
302912191
0
21
0
209664000
213717472
0
0
2544590755
0
0
1
0
0
0
0
15
1
0
0
0
0
36
653067867
0
0
0
0
598631898
2778903
0
3715176855
0
28
28
0
153308805
4984462045
0
1244930148
0
10
0
326030880
2754786615
0
1
0
0
0
6
0
0
0
1181052873
0
0
36
0
0
0
5429809900
10
0
0
0
497969440
0
1116541134
0
0
119559915
0
6
109764336
0
3136676400
1
0
0
0
0
0
96848403
0
36
0
0
0
0
0
4131995850
0
0
0
0
0
3
0
0
5817051546
21
0
0
0
0
0
0
0
0
0
0
0
0
0
4484565820
0
0
0
0
15
0
0
1996582800
0
0
45
0
0
0
0
796463901
21
0
82362195
0
0
2028558350
0
5147420850
0
0
0
813153607
0
0
0
0
0
0
1840515450
0
0
0
0
0
0
0
0
0
0
0
0
0
0
10
0
0
3
382192118
0
6
0
0
0
780618825
0
0
0
0
10
0
0
4408276301
0
36
0
0
0
3
19854451
10
0
45
2044769239
0
0
37884160
66
0
0
0
3265895769
0
0
0
28
0
36
0
976886291
0
0
336428827
0
6133501080
114874902
0
0
36
2527924954
21559460
0
0
0
0
6
0
0
0
5986969980
0
1
0
0
0
2464616700
0
5103884016
3919267335
2793893366
0
0
865092795
28
3929898795
0
0
0
0
21
36
0
0
28
3268563368
1252476222
0
3
0
576318224
0
0
3684810771
0
0
0
66
1
0
0
6
226089480
0
0
0
0
0
1
28
0
0
0
0
0
342421365
4769372545
0
45
0
0
0
21
6
36
0
0
0
10
0
0
0
0
3293838020
6
0
21
0
0
0
6876485
0
0
0
0
0
0
0
0
0
654116344
1
0
0
0
0
0
21
155875996
0
0
0
0
0
0
0
4390922580
174573955
0
0
0
0
264028700
0
0
0
45
2771661821
0
45
811944238
2684209779
10
0
0
0
5014760823
0
0
0
0
0
1984972522
0
0
0
0
0
0
0
0
0
3
0
0
36
10
0
0
0
517663575
0
1409672225
0
1427783200
0
0
45
0
1
10
0
0
0
0
36
0
3
0
0
21
1638409131
0
10
1091402532
547258985
0
1
0
0
0
0
0
2283764715
6889912512
0
0
1
0
0
0
1265422275
0
0
0
45
0
0
0
0
0
958628776
6
0
0
0
5395475194
0
0
2798903935
0
0
0
0
0
0
315444393
0
0
0
3443545521
0
0
66
0
358169230
1659196809
0
0
927663198
0
0
0
0
0
0
0
1764803727
0
0
28
21
1372015508
0
0
3595816761
3
0
2426362281
0
0
0
0
0
409965
0
32148170
0
21
0
0
2091460114
0
0
0
0
10
0
0
0
45596475
0
3088076156
0
15
0
0
0
0
3897959320
0
0
0
0
2708628
0
0
0
0
0
0
10
234025795
6
0
0
0
0
0
0
0
6840347064
0
0
5320115921
55
1311206417
675115864
0
1800390015
0
0
0
0
0
0
0
0
0
0
0
0
0
115862253
0
0
232578528
0
0
2133906435
6
0
0
0
1419459118
0
0
0
0
1292937523
3946406016
289790775
2847068060
6845026444
0
0
10
0
1762190633
0
3
0
0
0
0
0
0
1
6
66
0
0
1
0
0
0
0
0
0
0
1
0
0
0
0
0
1
6
82824885
0
6
0
0
0
2992323470
0
0
0
0
0
233831124
4076006571
0
0
0
0
0
1464730722
0
0
6943400
0
21
0
0
0
964812607
0
0
0
119544452
0
0
0
0
0
908423985
10
3174889445
2614404199
0
4620632618
28
0
0
0
0
1119662153
0
0
0
0
0
1
28
3
0
0
1765279043
0
0
0
45
0
0
0
0
45
0
0
0
0
10
16151085
6703291
1910639800
0
0
0
0
0
0
0
0
0
0
10
2633311296
0
21836136
0
0
66
0
10
0
0
0
0
0
0
358463699
66
639585492
1114604477
0
4543952094
0
0
0
10
620523585
0
0
0
0
0
0
0
6
0
0
5472515205
0
0
0
15
21
0
0
3
4535376399
0
50989851
66
0
0
468996
0
0
0
0
0
0
0
0
0
0
36
45
0
0
0
0
0
0
0
0
5863416150
21
0
1
585795085
0
0
0
0
0
21
0
66
0
0
0
0
0
0
0
0
0
0
0
0
0
1
0
0
0
0
0
0
0
0
0
45
0
209295570
0
0
0
66
0
0
0
0
10
0
55
322973820
1300627497
0
0
0
0
1
0
0
0
0
1538044450
0
0
0
0
0
937553250
0
588982680
66
0
45
0
3060474930
0
0
0
26226903
5047662984
0
0
0
0
0
487172484
0
1289177250
5906594950
0
0
0
0
0
4937248099
0
0
566245377
0
0
0
0
0
23870595
0
0
0
564933670
718489257
0
1066319287
0
0
0
6
0
1175955228
3565774566
0
0
0
264258555
0
0
0
759388903
0
0
0
0
140473940
0
1977104367
0
0
0
109746
1616899383
4248622245
0
0
0
900810214
0
10
0
0
1
1011532728
0
10
0
0
0
21
0
272459490
0
0
0
0
3951916141
3
0
0
0
0
0
66
0
0
0
0
0
10
0
0
0
45
0
0
0
0
0
0
301781027
0
10
2825677864
0
0
0
0
0
0
416089127
0
5023477459
0
1555787856
0
0
0
2271144100
28
0
0
2080028215
0
1566404403
36
0
0
0
3175208160
0
0
45
0
3085640367
0
0
6243416574
0
0
0
231867345
2298928522
5624202666
0
0
0
0
0
0
0
0
1010498489
0
0
0
37190999
1023758604
66
0
0
0
45
0
0
0
0
0
0
0
282043124
0
0
10
0
0
141498252
6
3315951721
0
0
0
0
0
0
770065369
0
45
0
0
0
0
0
0
0
0
0
0
0
0
0
0
0
0
0
0
0
113168490
304637586
0
0
0
0
1
1302617333
0
2878849224
0
2176185372
36129250
1
0
6
0
0
0
0
168774375
0
0
0
869716068
0
1738465089
0
0
0
1052051382
0
1
0
2673815618
0
1077060075
0
0
0
4720178505
0
0
0
100189090
0
0
5786028885
0
0
6
0
66
4981566984
2807265
0
56418753
0
0
0
10
0
3
0
6
0
2821845240
0
0
0
0
0
0
0
0
0
0
21
0
0
0
0
0
0
0
6267464775
0
0
0
1415359395
14534136
0
0
0
0
3605745650
215769141
0
36
0
10
0
2186026375
0
0
0
1142730693
0
0
36
21
0
0
0
0
0
0
0
654622821
0
0
0
21
2559951675
6
1026656638
1
0
166449135
0
10
0
0
21
0
66
0
0
1782433065
0
997324785
4266062210
0
0
0
10
1013017545
0
0
0
0
4418422955
0
6
2980807856
724300827
0
0
0
3936195886
0
0
0
0
21
6626710060
0
0
0
4311443315
0
0
0
0
3
0
6
3
0
0
1067474112
4311536209
21
0
0
3
45
2840657589
0
1
0
3
21
1652981243
0
0
0
45
0
0
1875566875
0
0
21
0
0
0
66
17823435
1
0
0
1721172450
1724518350
0
0
0
6519049954
0
3029182502
1989070122
3
0
36
0
0
3
0
0
0
0
0
0
36
0
66
0
10
3
0
0
0
0
0
3728636145
0
145342722
1232834337
79184820
0
11009778
0
3
0
91118250
6
90122024
0
0
0
0
0
0
0
0
2414503
0
0
190603047
0
0
0
1043354012
0
0
5411692585
0
0
0
0
0
0
0
0
0
6
0
0
1
0
0
0
0
0
45
0
15
0
0
0
0
2329065339
68638186
0
0
0
0
0
0
0
21
0
0
0
0
0
0
0
0
0
0
0
10136253
0
0
0
1706535803
6
0
66
1672935218
15
0
0
0
0
0
0
1566404400
0
0
3294243820
0
0
0
0
0
0
0
0
6671915304
0
10
66
21
0
0
0
0
3766140
0
0
6
0
393387224
1932585529
0
0
0
28
0
0
0
0
5714606712
0
0
711342620
0
45
385933643
66
1076688782
0
0
0
0
0
0
0
45
0
38250630
3413486580
0
0
0
2966617857
0
1694755062
0
4027037595
3124016480
0
0
3
0
0
0
0
833034150
0
0
0
1738936845
3
1257486172
0
0
3
0
0
0
0
4646142578
0
0
256115018
0
1743421704
0
0
0
0
2891230875
0
0
0
0
0
0
0
0
5863524441
0
0
0
0
0
0
45
0
0
21
36
5287569985
0
3
36
0
0
0
0
857042100
36
0
2178164997
4042848115
28
6
0
0
0
28
0
0
0
0
0
0
6
0
6306487233
0
0
0
0
0
0
0
3450353975
0
0
21
0
10
0
0
0
0
0
0
3
88132726
28
0
28
36
1822359000
0
2947315466
0
1
0
0
0
0
0
0
103960990
0
45
0
28
437828435
251227310
0
0
0
0
0
3585139475
0
0
0
0
0
4672592730
0
0
0
0
1765516743
0
0
112882825
0
414475221
0
300529376
0
0
0
0
45
0
64292129
0
0
0
0
0
0
3532999760
0
0
0
0
5319703333
0
0
0
0
0
3370492328
0
0
0
0
0
0
0
1
0
0
0
0
36
0
66
52403203
0
0
0
0
2740331486
258406011
15
347569795
0
0
0
154695252
563824987
1317666777
0
0
0
0
0
22341270
3
382966640
0
0
1
4624767189
0
0
0
0
0
0
0
0
0
0
0
0
0
0
0
10
0
0
66
0
0
635193882
3791158416
65259600
0
45
0
993532173
0
21
0
0
0
45758961
4528997530
0
45
92582027
0
0
0
3
0
0
0
21
0
3
277077570
0
0
447887484
0
0
1602544185
0
15
1113235702
0
0
36
0
0
0
0
0
0
10
0
88252254
0
0
0
0
0
1504069275
0
1128528780
0
0
3278596731
10
0
43473150
0
0
0
6
0
0
0
0
0
21
0
0
0
0
0
2167222338
0
0
10
21
1
1400554272
0
0
0
0
1313973213
3149520616
0
66
0
4877410695
0
0
5561485800
0
0
0
0
0
0
743648874
63489545
0
0
5282840610
0
0
0
0
76255075
3
6431651191
0
0
3
0
0
10
0
0
0
0
0
0
0
0
3
1677044634
0
0
0
55
0
0
0
3570082740
0
0
0
0
0
29988639
28
0
0
2704470249
0
21
0
0
0
0
1409884623
0
0
0
0
0
0
21
3
0
0
0
0
0
0
111773675
6
0
0
2117996034
0
0
0
21
0
0
0
0
93660140
21
0
0
288252055
0
66
3
0
10
0
0
0
0
0
66
0
0
36
0
0
15
0
0
0
0
0
0
375612935
0
0
0
0
0
2706677064
21
0
0
1010993058
0
0
4952961120
3
5460386187
4167525435
1598244447
0
0
0
24363690
0
0
0
6
0
0
1491754128
0
0
0
0
0
0
0
5902465509
4997250342
2207900920
4480494398
0
0
0
5992661458
66
0
94043752
0
1789664857
0
0
6
0
0
0
0
0
0
0
0
0
9337680
0
1207394364
392154014
0
0
0
0
0
0
0
0
36
0
0
0
83482581
0
66
21
0
0
113454515
1
0
0
0
6
0
45
0
0
0
893439835
4094989206
0
333245835
1434095787
0
0
0
0
0
0
0
0
0
329230630
2368750029
0
4094898732
0
0
0
949586389
0
0
2742626917
1332528
0
0
36
1
0
0
0
0
28
0
0
87628940
0
0
0
0
0
1994055966
0
0
0
2748332720
270153380
0
0
0
0
3288402208
0
0
66
66
0
0
0
4397095
0
0
0
0
66
0
0
0
0
5105610
10
0
0
0
1581440670
0
0
0
0
0
0
0
0
0
0
0
1000006278
843598347
0
0
0
0
10458451
0
2444927592
83366328
0
439457480
2266496122
15
36
5048466820
0
3796907608
426276191
3539980117
0
0
1689112497
0
1
4890753285
0
0
15
0
230598550
0
0
0
6710089880
0
0
1
0
3
6
36
36
0
0
0
0
0
0
0
0
0
0
0
0
0
0
0
28
0
0
45
0
10376289
21
0
0
3434008491
0
0
0
0
0
10
36
64167453
15
45
0
1259944673
45
3
0
1
0
0
0
0
0
86889153
0
0
28
0
0
21
0
36
0
0
2496241117
216663336
0
0
5232184615
6
0
461517770
0
0
0
3155634801
15
0
0
0
0
1350570350
0
0
0
0
0
3
0
0
5146000480
0
0
0
1
0
0
0
0
0
0
0
2518193022
1202828625
0
3391296510
10
1577113175
0
52906041
0
2217014130
0
28
3
0
1090026
0
0
481104680
3193962835
303306132
5539465351
0
0
0
0
0
0
819092572
0
0
3867733140
1
0
322186410
0
26743640
3170747116
0
669468915
0
0
0
6
0
3
0
0
0
13994695
3537119841
0
3270746715
0
0
0
0
0
0
21
0
0
0
0
0
0
0
0
45
2959997201
0
10
0
1
0
3
28
0
0
72462740
3382078880
0
0
10
2938799435
4706488674
0
0
3405311591
0
45
10
0
0
0
0
505953934
0
0
0
0
15
0
681044850
0
0
0
0
1
0
0
0
36
0
0
0
0
0
0
0
319602393
3810688640
0
1805313888
0
0
0
828753807
733617339
0
6566981040
0
2444508045
0
2487487305
2567613594
0
1457487042
0
3
36
0
28
0
0
0
231329289
11193546
2422602000
0
0
66
66
0
1622192292
0
0
66
0
0
0
3456753368
365675445
1
36
0
190798345
0
0
0
582650315
0
0
0
0
0
28
0
0
920398039
1
0
0
273604528
6
334046628
0
3
10
0
0
0
0
0
0
0
0
0
0
45
0
0
0
0
0
0
0
0
0
0
0
0
99130240
0
0
0
0
0
6
0
0
0
352464515
0
0
45
0
0
0
0
0
0
541056957
166485628
45
388048010
0
0
0
45
404175095
0
0
0
0
0
615882155
0
0
0
208784392
0
562415490
0
6
0
0
0
0
2748332720
10
0
21
48614730
1423084547
1617411244
0
66
0
0
0
0
0
0
0
0
3177200710
4461959756
0
1697434217
1
0
0
0
0
1
0
0
0
0
0
0
0
0
0
28
31098441
0
0
493152714
0
0
1410893732
700296579
4229654270
0
0
0
0
0
0
0
66
0
0
0
0
6723766611
21
0
0
0
0
0
0
2570337423
0
0
1141822550
6
0
418544763
0
0
0
0
0
0
500782127
0
0
4429051882
0
0
0
10
1
6
0
0
0
0
0
2638902266
45
21
0
0
0
0
0
47059551
0
0
0
10
90538696
6601751816
0
0
0
0
0
0
0
6
0
0
0
0
0
1280863188
0
0
66
0
36
66
0
0
0
0
0
0
36
0
0
0
0
0
0
1
0
0
0
62792821
0
0
36
0
0
0
0
0
3
0
0
55
193739767
5943933951
6
45
54731952
3002931243
0
1195873959
0
1044359225
0
1
0
0
36
0
0
2557304880
3517214211
0
0
422343501
0
28
0
59683274
0
45
0
0
109942205
6
0
471413864
0
6
3
73065915
0
0
0
6204144462
4690106490
0
1
3
1
1
0
0
0
267232518
0
1
0
1
0
0
6
0
0
0
0
0
21
0
67413466
6692145829
0
0
0
1079010270
0
28
0
0
714779139
3823620066
0
3015032995
3
0
28
0
6
4636122723
21
0
0
15
0
0
0
0
10
0
15
0
0
0
0
21
0
0
0
0
0
3
0
36
962047177
0
0
0
0
0
131990627
0
36
3194362475
363488193
28
6
3
0
0
0
0
0
0
0
0
0
0
0
1
0
0
0
0
0
2669575905
0
66
0
0
0
0
0
0
0
0
3
10
0
0
36
3411256056
0
241791045
0
0
0
5694739236
0
0
36
0
0
0
0
0
0
464103810
0
34233675
4561605342
3
21
21
0
36
0
1
0
0
0
0
0
0
0
0
0
0
0
3
0
0
0
28
0
1941049961
0
4560172722
21
0
0
0
0
3
66
36
0
0
28
0
45
0
1
3127495380
6
5832269958
0
0
6
0
0
1
157078950
36
10
0
140691925
66
0
0
0
3123542196
0
2845785393
173380131
0
0
0
10
0
0
28
2978491961
153589098
0
0
732239045
0
1265271332
28
0
0
0
0
0
28
0
1075343497
28
2329561
2339519370
2022766200
1
0
0
0
55
4009377333
0
0
0
3
0
5779576296
0
0
0
0
0
0
36
0
28
2649665170
0
0
272132775
314028
0
0
0
0
0
0
0
2662565815
0
0
6
6
0
0
0
0
1981045
0
1715878
10
0
0
0
45
0
153834567
66
0
0
1
39796581
45
0
0
0
0
324500540
36
0
45
0
0
0
0
0
0
0
0
1
0
0
0
0
0
21
107934778
0
0
3344025045
0
0
0
0
3233487125
6
0
45
0
6
0
0
3
1209803427
0
0
316701528
0
45
0
3
1696502097
0
0
3
1914164965
45
0
0
0
21441426
0
0
0
1647006893
0
0
0
36
13068828
3
36
0
0
0
6
55
12819516
0
647046350
0
0
206380086
36
0
0
0
0
0
21
149809394
0
0
28
562330
0
434019438
10
0
0
0
5629825171
781013982
0
251204905
0
45
2367304830
0
0
0
655781199
0
6376987645
0
0
0
0
0
0
0
0
10
36
0
0
62378864
2563888630
1
0
1614852859
0
1706944800
0
390286
0
283255691
0
0
0
0
1
2158869189
0
5710010635
6
28
0
0
0
0
411778
0
0
0
0
0
0
0
0
0
0
0
0
0
10
0
1
0
5187067686
0
0
0
6
0
0
0
0
55
6
0
0
0
0
0
2632365
0
0
0
0
31613176
21
0
0
0
50888916
0
0
0
3428623826
0
4014361
0
0
0
0
0
0
0
251630961
2919817117
0
3064622869
0
0
0
1
0
0
0
6
36
3015110675
0
21
0
0
0
248946131
0
0
0
36
0
24189490
0
902763783
0
0
21
0
0
0
0
0
0
81007356
0
0
0
0
0
181460774
0
0
0
2378189025
0
0
0
4108847181
0
4800383070
0
1779031397
0
0
0
8362005
0
0
0
0
2631279660
0
0
0
2347803535
6771977565
0
21
0
6
0
0
36
0
0
107964165
0
1
0
7127199
10
0
21
36
125571627
66
0
66
0
0
0
0
0
3
0
0
0
0
0
45
1
1084685173
3
0
0
0
0
0
0
0
0
0
0
0
0
0
0
45
0
2331523035
0
0
0
0
0
1
731053202
0
0
0
301707320
0
0
6288530812
4125362316
0
6222760975
0
0
0
0
0
0
0
1
0
0
467338877
1
0
0
0
0
0
10
10897446
2444717844
28
0
0
0
0
0
0
0
0
2914905
622956750
0
0
0
3054156
21
0
0
10
0
0
0
0
496581854
0
0
21
39984153
1
0
10
0
0
844502250
0
0
36
0
0
45
0
0
0
2132795988
0
0
0
0
0
206725611
892890396
1
0
36
0
0
0
5725195455
0
0
0
0
610908514
0
0
909959127
55
0
0
0
0
1
0
0
0
162333170
0
28
0
1
311438403
0
52536375
66
3
2029832434
0
148789875
45596475
5563595289
0
0
0
0
1303280982
800140003
3381914393
0
34940620
3891340045
543460975
0
10
0
0
0
21
0
0
0
0
1017433474
0
36
0
66
0
0
0
0
36
6283709394
45
0
2886290243
0
0
6
10
0
0
20349010
0
0
0
1036968555
690897357
0
0
0
1
0
688928619
0
0
0
0
0
1036831950
0
0
0
0
0
1
32461652
0
0
36
0
0
0
1425699898
0
2550800989
21
0
0
0
0
4271328896
168490
0
0
1
0
0
0
66
0
0
0
1640298698
0
0
0
33566721
0
0
0
0
842120259
0
0
107626456
0
10
0
0
0
0
1
4122756
0
1
3
0
0
0
33706155
0
0
0
0
0
1320183417
0
3
66
21
0
0
0
28
0
0
0
55
0
0
0
0
3
4425193905
0
10
0
0
909319332
0
0
0
5095198812
0
0
0
0
1
0
0
0
0
0
36
0
0
5757449733
0
0
0
792756468
0
6
0
719513142
0
0
0
0
0
2306868844
0
0
0
0
21
0
3487085288
0
0
0
6
45
2279036335
0
0
2490450564
0
0
0
10
0
10
6
0
113710740
0
1
3885607920
0
0
6
0
28
0
0
1314229536
0
0
0
2382535925
0
0
0
120365369
0
925596822
374079618
3841217415
0
0
0
2919205835
158945535
0
146590000
0
707876748
2099681967
0
0
0
28
28
0
0
214069086
0
270246376
0
0
6883105719
0
0
0
3360729099
66
0
0
1
0
87285077
1902797169
0
0
45
123881670
2525650092
0
60472503
644422947
2976948505
19372200
0
0
0
0
0
651550848
0
0
0
0
0
0
0
0
0
2768461219
105669450
0
0
0
0
5454222301
1
45
0
4177391255
0
3
0
0
0
0
1
3
0
55
0
0
0
0
6388851196
0
6
22636355
36
6
10
3
4358838351
36
0
39484940
3295948635
0
0
0
0
0
1053106643
0
830342361
1300933530
2413839385
0
273674710
0
4308580
0
0
137191329
0
6242634387
0
0
36
0
15
408279599
6
45
0
8675694
3663979596
0
0
6
363407319
0
0
2606311665
82824885
0
5196136608
0
0
0
0
0
0
0
0
0
0
0
0
4388486419
1734870054
6
0
0
21
0
0
0
0
0
0
0
0
0
1197145843
0
3714401100
0
0
0
0
2697708295
0
0
0
0
0
0
304045470
3
3
0
0
0
0
0
1969189125
0
0
0
36
0
0
0
0
0
10
6552205520
36
3774197511
480391503
0
2048736030
680270054
1923147135
0
10
0
0
0
0
66
0
0
0
0
6
0
6
0
0
620664522
1409088213
3
0
0
0
0
0
0
0
0
0
0
768849270
0
0
0
429523380
0
0
0
0
0
0
0
5423350812
0
0
0
0
0
0
0
317910714
45
1247410
328435634
0
0
0
0
0
0
819942739
0
0
0
1
0
0
0
2774789724
0
0
1878078822
6040928358
6018714
0
0
5446913685
0
45
254758868
0
1517426502
0
0
0
0
36
0
745423945
0
0
163958886
0
1039383593
0
2251574029
0
1679593840
36
0
0
0
0
6694112723
0
45
0
6843150
5583338562
0
0
284635
2682598118
0
0
0
0
0
4502483044
0
0
0
0
0
0
0
0
0
842653863
3697840
0
0
10
5301564840
0
0
0
0
35925526
28
0
0
0
0
5880104745
0
0
0
0
12758826
0
36
0
0
0
0
66
0
0
0
0
1370968063
0
0
45
0
0
0
849111442
0
0
0
4814503092
0
0
0
0
0
0
3
21
0
0
0
0
1
304933850
0
0
0
0
1743244553
0
0
527653854
0
0
0
21
0
3864831311
0
0
0
3
952072045
21
0
28
21
0
128271
0
0
0
2727391286
0
1444988158
372986318
0
0
3
0
0
0
0
3
0
1582003122
6451741555
6
0
0
0
0
0
5768507689
0
0
0
0
0
409910027
0
6
0
0
0
0
21
10
0
0
0
0
217267435
0
5936522100
0
0
10
0
0
0
0
1
6030051426
19372199
0
36
0
0
45
1687601628
6
0
0
10
1
0
302198820
6
526647284
0
0
0
0
3022570115
0
0
21
0
0
205122385
2846992575
21
0
0
28
719400
10
0
6
3
0
21
0
55
0
263339774
16528374
0
123441328
0
0
0
0
0
0
266031701
66
0
0
4902925764
1017704167
66
0
66
0
21
0
0
0
2736853084
0
0
3241775424
55825460
4449970609
0
0
1225446756
55
10
0
0
803664183
0
0
0
384351674
0
0
0
671446314
36
1415997915
0
3412660410
0
0
177256206
1783448220
0
0
1
0
0
0
491615045
0
10
4718915460
0
0
1
0
0
0
0
0
0
0
0
980514165
1
394032613
10
45
1762962482
88984470
0
0
0
28
36
0
1
0
0
0
0
0
3470295
0
0
179162985
45
0
0
0
0
0
0
10
0
6519963483
0
0
1528022106
0
0
0
0
0
0
21
0
0
0
0
0
4104497061
0
0
0
0
5922474150
0
0
0
546696710
1751461677
0
0
0
8497503
0
0
5663295
0
0
0
0
0
0
6
0
0
0
0
0
6808569712
1
0
0
0
0
0
0
3973014334
0
0
0
0
0
0
0
0
0
6
3
0
0
10
0
0
0
36
0
0
0
0
0
1
0
0
948932827
0
0
55
0
0
3715694070
2010509156
10
0
5274723360
3
13889085
0
0
0
0
1
0
1322393872
0
0
0
0
0
0
4304017765
0
0
21
3
0
0
0
0
0
3
0
0
0
0
35494525
0
0
0
1
0
1974778399
36
0
0
0
0
21
1
0
0
0
0
0
0
207743533
55
1
66
0
0
0
36
6
0
0
1116919188
0
0
0
3
0
28
3
45
0
0
0
331621378
0
38241885
0
0
1682435000
534497859
0
0
0
0
0
0
0
172097625
0
3743244540
0
0
0
0
0
0
0
0
6
0
88106175
55
0
4099334286
0
6191563494
0
0
0
1
747433095
0
0
0
23567545
0
0
0
66
6
0
0
2826279300
0
0
0
0
3935042526
0
0
0
0
0
0
21
430755275
0
0
0
3
36
165356205
0
66
0
15
0
0
0
0
41445960
0
0
805268631
0
0
0
10
0
1309670607
0
14175150
0
10702251
0
0
2806690493
0
0
0
0
0
3
0
3
10
0
5400462562
36
1126439352
36
0
0
0
3
0
0
0
28
0
66
0
0
0
0
419065710
0
0
0
1
5027587914
0
21
0
0
0
0
0
0
21
0
0
0
0
0
1089394500
0
11325
3907854606
45
0
0
1552888582
0
0
0
0
21
0
0
36
6
4500775071
0
0
58293003
0
0
0
0
0
0
66
0
0
0
0
0
0
55
0
18773128
307284445
28
0
66
0
0
0
458787465
0
0
1
0
0
0
0
0
0
3
0
0
845776735
0
23403060
0
5183910687
2978955042
45
21
0
0
1301851848
0
0
0
1674150174
0
45
0
0
0
0
0
3
5642034585
696484482
0
0
0
0
0
0
21
0
0
0
181880128
0
0
0
0
565673420
0
0
10878780
0
0
0
1271668090
2907679401
0
0
0
0
0
0
0
0
0
1
4248714426
0
0
6
0
0
0
0
0
1220797575
10
0
3506403125
0
0
0
977770510
970921
15
0
10
0
0
0
56248920
0
4639108271
0
0
10
0
0
0
36
6
0
21
0
0
1
0
0
6661869251
0
1982704900
0
0
1605772779
0
317053971
1018787227
0
0
0
0
0
0
0
369199541
0
2391725697
843392964
0
0
28
0
0
0
604980699
0
0
0
0
0
0
3
0
185329378
10
0
0
0
1
1
2009621475
0
0
55
0
0
0
4860536274
36
28
0
0
0
6
36
6
0
0
0
0
28
0
0
0
65225330
0
0
0
0
66
0
0
2273638451
0
0
0
4960328967
6
374407929
0
0
0
0
1141392510
0
0
0
2119818822
0
0
0
0
922974115
15
405455526
0
0
0
0
0
1298129578
0
0
0
45
0
0
0
0
0
0
0
0
0
0
0
390615215
0
0
3
0
3383312649
3
0
0
0
45
1521174875
36
21
3830619111
3624878040
45
0
0
0
0
0
1916331165
0
0
0
0
0
0
0
0
1080218412
3429037881
0
0
0
0
0
10
779315439
0
0
36
21
0
0
0
0
0
28
0
28
0
0
5692605006
478471624
0
0
0
0
0
0
0
0
0
0
0
334201730
0
21
0
963495250
0
0
0
0
0
0
45
66
4185530250
45
106033200
66
0
0
0
0
0
0
0
1963171
36
0
0
0
0
0
0
213531
6416575620
0
761338710
0
0
0
0
0
0
3245802725
0
0
0
0
0
0
0
0
0
0
3
0
10
0
0
10
5042138344
0
0
0
0
0
0
465384271
0
45
0
0
0
0
0
66
6058527937
0
0
21
0
0
0
0
0
0
21
0
1793555772
69354753
0
0
0
0
6
4936751229
0
0
36
0
0
1
0
0
12860056
0
0
0
0
0
0
5469900055
0
0
192972835
0
0
4216512175
0
0
0
36
0
0
0
2580241360
10
0
0
4759806030
0
5113385583
6356395
0
0
0
0
0
0
73153
12061416
0
0
0
0
0
2107140867
0
0
0
0
0
21
0
0
0
36
0
0
21
0
0
10
0
0
0
1
0
244392876
0
0
3
0
0
0
0
0
6096564187
0
0
0
66
0
36
0
0
0
0
1
0
0
0
10
2031170680
0
0
2835233243
0
0
21225869
626066804
0
0
0
0
128488464
2582971854
720803495
3208605733
21
0
0
0
0
0
36
1000408812
0
2420375064
0
36
0
0
1003049652
0
0
0
0
0
0
0
90659845
0
28
0
28286480
21
0
55
0
0
0
0
0
510704819
0
10
0
0
0
0
0
0
0
0
0
10
0
0
3331361089
0
906592050
0
0
0
0
0
622674399
1
0
0
0
0
350237810
0
0
0
0
0
3082655904
0
0
0
0
0
179276580
0
0
0
3
0
6
0
0
26772902
36
1406700358
0
0
0
0
1841729058
669103050
0
0
0
0
0
0
0
0
0
0
11231430
634501
0
0
0
0
0
226025690
0
0
0
28
3886313188
2298589497
0
0
0
0
1595870739
0
0
0
0
0
0
0
0
0
0
0
0
0
10
0
87801126
0
0
0
0
0
0
0
10
755963265
0
0
0
570696219
0
0
0
0
751886010
0
0
45
0
4151563860
1502808048
0
0
0
45
0
616605
0
0
21
1
10
0
906208875
0
0
0
0
0
21
0
0
0
0
0
0
1
0
0
1329448809
1
0
0
3
0
0
0
36
0
0
0
0
66
4693109348
446093514
0
0
0
0
0
0
190974196
0
0
0
0
0
0
6
0
0
5865582139
402130619
0
21
0
0
1888512147
0
0
0
0
34341327
0
0
0
0
1
0
0
2007846759
0
0
0
10
0
3886577650
0
0
0
21
0
0
145291580
0
0
21
0
0
53050150
0
4204674208
1
0
28
0
0
0
0
0
0
1249075168
3
0
21
0
0
21
0
0
162441300
0
36
21
21
66
0
6559075790
0
45
0
679421932
0
0
0
589944074
0
0
0
0
66
0
146966940
21
0
0
0
6674803515
0
0
0
0
615110272
0
0
0
0
0
0
0
0
1270407593
0
0
2028876844
10
1136333625
0
0
0
0
0
0
0
45
0
0
0
0
6
0
341218625
0
0
195060873
21
55
0
932536888
0
0
10
0
0
50435945
0
1
399171
0
507577570
1075018868
0
0
0
0
5889977314
0
0
29005535
1845615384
0
131779495
0
4731650524
0
0
0
0
28
0
36
0
0
6298852635
0
0
0
66
0
3587680233
0
371158634
151789173
0
333633196
0
45
138054036
2913401601
0
10
0
66
0
0
0
0
0
0
0
102982776
0
0
0
0
0
0
0
0
0
0
66
0
0
0
1
0
3247172550
0
0
0
0
1
0
0
0
0
10
0
66
0
10499652
6
0
0
2827858400
0
293534332
55
0
0
1545485396
381087027
21
0
552465419
0
36
0
0
332420220
0
0
0
3
0
0
0
45
0
19074576
6312665658
0
0
0
8872578
0
45
0
0
5405972145
0
10
1
0
0
361979870
0
45
0
0
0
10
0
164593293
21
2774715229
0
0
0
0
5231570860
0
1072423800
0
1
0
0
1311923461
0
0
0
0
0
0
0
0
0
0
0
0
0
0
0
0
0
0
0
0
45
0
0
5856487606
832830057
0
0
730288652
0
0
0
0
21
0
0
0
10
0
2433403197
0
1580540948
6508435120
0
0
0
3
0
0
6
25315169
45
0
0
4075464882
0
4273085190
0
55
0
0
0
0
3258060967
0
0
0
1
0
0
0
0
0
6
10
0
0
0
0
649963464
45
0
45
5314031712
3
0
0
0
0
0
1
0
310964390
5029894485
45
0
0
0
0
1562824250
0
0
86717865
0
0
0
3
66
1
0
0
0
0
2033136
0
0
23663760
1
0
0
0
0
0
0
0
0
683482857
0
0
0
0
1577225520
0
0
0
1227328712
0
2578445730
0
0
21
3925024255
0
0
0
0
0
10
0
21
505667700
0
0
1021316589
0
43138116
0
1
0
43342705
0
3
0
0
0
0
0
10
3
0
45
0
0
0
3893445
0
0
45
1
1018877508
0
1
6013699560
0
163958883
30058381
0
13585077
10
0
0
45
0
0
0
6
0
0
0
0
588262129
6
2422114794
0
0
0
0
0
3983253
0
55
0
10
0
0
0
0
0
0
0
0
0
0
0
0
0
0
4957341312
0
0
1089394500
0
28
0
0
2375362239
0
0
0
0
3192444437
0
0
0
0
0
0
10
3
0
4601426301
0
0
0
0
28
0
21
0
174929157
0
0
0
0
66
0
6
0
0
1567300075
21
0
0
3545872533
0
0
0
66
45
0
21
10
0
3854288291
0
0
0
988190175
2989925749
0
0
0
0
1027155135
0
0
0
0
0
0
45
0
0
0
1
425575710
614373910
3459996855
0
0
0
0
70004028
0
0
0
0
2131555257
66199771
0
0
0
0
0
0
21
0
1343200362
0
66
0
3
0
0
0
0
10
0
0
0
0
0
0
21
0
0
0
0
0
0
0
0
0
24777279
0
2229817580
0
10
36
2294116710
0
28
0
4600467053
0
0
0
0
0
0
0
489266100
0
28
0
1433827997
0
0
0
1386564127
0
0
21
36
0
0
0
0
0
176053230
28
0
0
415714194
3200680026
0
0
0
45
0
0
1866818828
1148426760
0
0
10
0
0
0
0
1750574029
0
0
6
0
28
0
0
0
366108269
0
28
0
5094795051
1238302492
0
0
0
0
0
0
45
312512490
5453386785
0
0
0
66
0
0
0
6
0
0
0
0
6
1165937902
1
535151969
10
0
21
15
0
0
0
0
619643205
3
0
0
0
0
0
0
36
1475847282
0
811742775
332781301
21
558565166
0
2150728899
0
3
0
1605092805
6
0
96361903
5694205620
6076483854
0
0
0
820
66
0
0
0
0
0
0
0
0
0
0
0
0
0
0
15
0
2331045054
3
45
3
0
0
97699230
6599913429
0
2494969470
0
4976876751
0
819011607
10
0
28
0
0
2304831529
2509329893
1762309390
0
0
0
36
3178635768
2347803544
45
0
1305579422
45
0
0
0
0
6833681712
0
45
0
0
4133177695
0
4061483083
2367236022
5360938765
0
0
66
0
45
0
0
0
0
0
0
229226166
21
150329124
3458582855
0
454646914
3
0
28
0
1199250822
0
28
70763356
0
0
3120223461
0
36
0
0
0
0
2502816619
0
0
3
3
0
0
0
45
0
0
3
492336489
1
0
66
0
0
0
63017151
28
6
0
0
0
0
45
0
0
1
0
0
556061225
0
0
66
0
0
0
278255835
0
0
278586200
0
4393921841
733310935
0
0
0
0
0
36
0
0
36
0
0
3419934446
6
0
0
1774262637
0
29718195
0
55
0
0
0
0
0
0
0
0
0
10
21
66
0
0
0
3899372169
0
1770021
0
0
3
300186243
0
0
0
0
0
36
21
1839484175
4539853807
0
0
3130264111
0
0
6
0
0
0
0
45
0
0
0
0
0
183984153
4365470059
0
0
0
0
0
21
0
1
0
0
344596878
15
0
0
36
0
3845425708
0
0
6
0
0
0
0
0
0
24784320
0
0
45
0
36
0
3
405256214
15
0
0
0
0
0
0
1799909973
0
0
66
0
0
0
0
0
0
118495314
0
1138623032
0
0
0
0
0
0
168535620
977858973
36
0
0
0
6
0
0
0
0
0
0
0
0
0
0
6
0
0
0
0
0
1723050446
21
55
0
1221983763
0
0
0
0
117481450
0
326081943
0
1040341302
1431419262
0
197140293
0
28
0
0
0
0
3162232056
6
0
0
0
0
0
0
0
131309109
66430101
0
0
10
6732814806
0
0
0
0
5433249337
0
0
0
0
0
0
0
0
0
0
0
0
0
1131571363
0
15
0
0
0
0
0
0
1645744500
0
0
6
0
3839727518
45
0
0
0
0
0
0
36
0
55
10
0
0
0
0
0
0
1783328753
0
0
792915732
36
0
0
0
0
0
0
0
0
0
0
14739735
0
0
0
10
0
0
1044222147
0
681413965
0
0
10
0
0
0
0
0
591456420
0
21304127
0
0
0
0
0
0
0
0
0
0
0
156370769
0
0
1624699478
0
0
0
0
0
0
5205825637
0
3636125958
28
0
4260798773
1813555419
0
0
0
0
0
0
0
0
0
1
155961
0
3511178055
0
0
0
0
0
0
0
631101627
0
0
15
0
0
0
36
0
3510591483
1792671
6122319795
0
0
0
2073583365
30494144
21
10
0
0
0
0
0
0
6
15
0
5084504016
0
23870595
0
0
0
0
1
0
0
0
0
0
0
1044724902
0
6
0
3
0
0
0
443558219
4674429677
6472318380
0
0
98385378
2174536342
0
0
15
0
0
0
5407739937
417241
0
0
0
0
1929664605
106747965
0
2310062370
6616468040
0
34582086
6
55
0
0
0
0
0
0
0
1351142133
1
15
5768106
0
0
0
0
0
0
0
0
0
45
0
0
0
240934175
1282230092
0
0
3
36
0
4988456625
776790799
6579937620
975604857
0
0
0
0
55
0
21
69992196
0
0
0
0
10
0
322364126
3259514125
0
0
0
0
0
0
6354420945
0
0
0
0
0
0
0
0
0
85903277
10
0
0
45
317003600
0
0
0
2398092870
0
0
0
0
0
0
6
0
0
0
0
0
0
0
0
0
0
0
3289862125
0
0
196941778
21
0
0
0
0
0
0
45
0
0
0
6679310344
218519962
45
0
0
6622796450
3
0
934265136
3870900042
0
0
0
6
0
0
0
0
1
4442426615
0
28
171448900
0
44883075
0
0
0
0
21
0
84311605
0
0
0
0
0
0
0
4551867963
0
0
0
0
1021542597
3
0
1
0
0
0
0
45
0
45
278019980
21
0
66
0
0
21
0
0
0
0
0
0
0
0
0
0
0
0
8256
0
0
0
5376274599
0
585521289
200890989
0
0
430168445
530809632
58996
572962005
0
0
0
1085477118
0
28
33028128
28
0
3549915885
36
0
0
0
21
0
0
3
518671
6
0
0
1
4488923321
3
0
61444155
0
0
77010255
0
0
0
0
0
0
0
0
455129514
0
0
0
107876013
4373790101
6
0
0
0
0
0
3996492861
0
0
0
0
346173818
0
0
0
0
0
0
16944931
1
0
0
0
0
0
0
139169585
230662980
0
683482877
0
0
1
0
0
0
0
0
24911210
0
0
1
6694691273
0
36
0
0
6
198612412
0
5403372924
0
3258303130
0
0
45
1403254748
0
0
627872745
5105702781
0
1305732738
994067160
0
722171009
391090527
0
2750557355
0
0
0
4624478651
0
336792071
0
3683608983
0
0
0
15
0
0
0
0
3
240736652
10
0
0
0
0
135474029
0
0
0
0
0
0
0
0
66
1158850125
0
0
0
0
0
28
0
0
0
0
0
0
4677814414
0
4679749112
0
0
0
15
140356635
0
0
0
0
0
0
320943780
6
1
0
0
0
1
2041892539
0
0
0
0
448965574
0
0
0
0
0
0
0
0
3851128158
0
0
0
0
0
0
0
3
21
0
0
358677926
1213298427
0
0
0
6401744062
2595853395
0
0
0
0
0
0
0
0
604319994
45
0
625253202
0
0
0
0
3
14680070
2868993339
0
644351150
0
45
0
6102638937
0
0
0
36
0
606407704
0
0
0
1869630669
0
0
1384090188
0
45
0
0
0
0
1
0
0
710475354
0
0
0
4115195260
3
0
28
0
3
0
0
0
0
2023338681
2564747974
0
0
0
0
0
0
0
0
0
0
10
5409196021
45
0
0
0
15
0
0
0
0
25952409
0
0
0
0
0
21
21
728111879
0
1
28
45
568637225
0
0
66
0
0
0
2946701260
0
10
0
0
0
0
0
0
0
0
0
0
0
0
0
3
0
0
0
0
15
3039345
0
0
0
1010363625
0
1
1
0
0
45
21
28
0
21
0
0
0
0
0
0
0
0
755146932
479028627
0
4490060411
0
0
0
66
0
566851264
0
0
223446
0
21
0
0
0
0
0
1
0
0
0
0
0
33961160
0
0
0
0
0
21
6
0
0
0
0
0
0
3
5709369466
0
0
6
1064934322
0
5702532570
0
0
0
10
0
0
0
15
10
0
0
0
6
0
0
0
1062074910
0
0
36
0
110060866
0
0
0
761885109
8481020
0
0
0
0
3846741318
0
0
0
0
0
0
3674687811
0
5385611175
0
0
0
0
923962557
770104620
0
0
0
0
0
0
0
1875505629
15
0
66
0
0
0
28
0
0
0
0
1
0
0
21
6
0
0
10
0
45
0
0
0
66
0
0
0
9354975
1204104173
1409194395
45
0
0
0
36
0
1
4702026770
0
6
0
1585267272
1
0
0
857000697
55
10
445138202
1
66
0
4535281125
1071081158
0
1027835102
0
895935594
6
0
0
0
0
2514645888
0
0
36
0
0
0
3742638893
0
0
0
0
0
0
0
4610166
1412594100
0
0
3129235560
0
1
0
0
0
3
0
0
3571350310
0
0
0
0
0
2199270675
3
0
0
131503653
45
0
0
373642115
28
0
0
0
6492586083
0
0
0
0
0
0
36
0
0
0
0
0
0
0
66
1587182305
0
21
0
3
0
0
0
6
0
1426874882
0
6643644019
0
0
0
0
0
0
0
10
28
0
1
0
0
0
35612580
0
0
0
6
6
0
0
0
66
727806625
10
0
0
0
3
0
0
1
0
0
0
0
0
36
0
36
0
0
10
0
0
28
0
0
0
0
36
0
2855374655
6440954685
45
331183716
3103892627
45
3
66
0
0
0
0
0
0
36
0
997146150
2680547554
0
0
0
0
10
37918986
0
0
0
0
0
0
536363118
0
0
341375385
3
0
3
0
0
0
0
0
0
31125
0
0
305378541
2683330643
10
56801811
0
695850164
0
0
0
0
0
3
45
0
35730831
0
0
0
0
0
0
0
0
0
1371125133
0
1
66
0
0
0
0
2160315040
121407153
0
0
0
0
364054635
3
99228828
0
0
0
0
2652432159
0
0
0
0
0
0
0
0
0
6
3695549370
0
0
0
2206173489
0
66
0
0
7074440
780381768
0
0
1121697927
1
0
3
0
0
0
2928305646
45
560036757
0
0
0
0
0
0
0
0
0
3833508131
0
2773895858
0
0
0
0
0
72462741
28
0
0
79701625
2342940825
66
45
0
818728324
0
0
0
0
0
0
0
1
1
10
0
0
0
0
0
302961410
0
0
0
0
0
21
0
388577500
0
0
0
4751418837
45
0
0
0
0
0
0
524118875
28
285473564
0
0
1
3
36
0
0
0
0
0
2145223230
0
151719489
0
0
0
0
0
0
0
4186628210
0
6
0
1195831
45
21
10
0
0
0
1012882533
0
36
11169900
0
0
1
0
4366030680
0
0
3
0
1761003503
0
0
0
0
0
773758788
10
0
0
0
0
0
78168755
77844003
36
0
0
66
320614493
0
699361285
0
0
2677839143
0
0
0
10
0
0
2770396256
0
0
21
0
0
0
45
10
0
0
0
0
0
0
36
4854523800
0
21
1411000000
0
0
21
3835522292
1459701475
3
0
0
0
0
3400939056
0
0
428275
21
0
10
1
0
0
0
0
0
0
0
66
0
0
0
0
1
5443782951
0
0
0
0
0
3283132983
22616175
0
0
0
1
0
227196580
0
0
2910883114
0
0
0
0
0
0
5545361262
0
311513274
3
0
0
0
6045765696
0
4077631926
0
0
0
1099171926
0
0
564496790
0
0
0
259042941
0
0
85497425
0
45
515959625
132478503
0
0
0
0
3
36
0
0
165538109
0
189589128
300039246
172097628
0
0
4020578583
0
0
0
0
0
66
136711379
66
0
0
0
181137058
0
1
0
0
0
0
0
0
0
0
0
0
0
0
0
0
0
6
0
0
6
0
0
0
0
0
0
0
0
0
154290
0
0
0
0
0
0
0
0
0
2021049247
2583762545
618693055
0
0
6
0
3
1718533223
0
1711797810
2222677795
5864932294
897333063
0
0
1808139152
0
0
258974660
4250466079
0
0
36
0
78832846
3
0
0
0
0
0
0
10
1
2094824622
0
0
0
874686204
6593021799
0
0
0
2102015535
0
36
0
0
0
0
0
126651569
0
0
0
2025374829
0
13868011
0
4902133600
0
0
4083865479
0
0
0
0
0
0
0
0
0
0
0
0
0
0
0
0
21
0
0
45
0
45
1
0
0
0
0
0
0
0
0
0
0
0
2813962680
1648442061
0
28
21
0
10
0
0
0
0
4074832929
0
4435265791
0
0
0
0
0
364231
0
0
0
0
6
28
0
1192843740
0
3
0
199930006
0
0
0
0
0
0
0
0
3
0
664355925
0
0
0
0
0
5589997914
0
23103003
0
10
2762660242
66
0
0
3
0
0
0
5229832083
0
0
0
0
66
0
0
0
45
890989770
45
0
0
0
0
0
21
0
0
0
0
0
6781174587
0
0
0
134504601
0
45
36
0
1998036499
0
45
10
0
0
1
676880820
0
0
0
0
1752053604
45
45
36
0
0
0
0
0
0
0
0
363542120
0
0
0
0
0
0
0
0
0
0
0
0
0
0
0
6
0
0
0
5593805061
5647878555
0
144916800
562650264
45
0
0
0
1120798157
0
85863960
0
36
0
36
0
2338493430
0
0
0
0
0
66476214
0
0
0
2113247530
0
0
0
36
0
0
36
0
0
1
10
0
0
0
1
6
0
0
2226479779
298913472
0
0
3
0
1
51273001
0
0
1996203669
0
0
1239297977
0
0
0
0
0
36
0
0
0
0
4837984095
0
1
723653925
0
4526333064
0
0
0
0
0
15
2303134479
3
3661839795
0
0
0
6
0
0
5073518242
0
0
0
1
0
21
0
0
19359753
0
0
0
0
0
66
0
0
10
0
4772302990
0
0
1786435645
0
164013216
0
0
0
0
0
0
0
6240734994
0
0
0
0
10
0
55
0
0
21
0
0
0
4845659735
0
214483113
1
36
1
1
1181830625
21
0
0
15
66
0
55
0
45
0
0
0
2270335414
0
0
0
0
0
0
0
0
0
0
0
0
0
0
0
1
0
0
582274874
0
0
0
0
0
0
0
0
0
0
0
0
0
0
0
0
0
0
0
1109652492
24273027
0
66
2924862876
45
0
0
0
466452686
0
0
0
0
0
6807052794
66
4447235184
0
5989049245
0
0
584821
0
581797215
627412155
0
728837089
1442355192
0
0
0
0
0
6
0
18225702
45
28
964856535
10
0
223439224
0
0
455552019
21
0
15
0
0
932666434
0
1
0
0
4184066448
2912333004
0
82349361
0
0
55
0
0
21
6
5288495545
19322436
0
0
11613790
6
0
0
0
0
0
2910654243
0
0
36
0
0
0
21
0
0
0
0
0
55
0
0
0
0
307879705
0
0
0
0
0
4190014598
0
271829586
123315659
3726045965
3
0
0
0
0
0
0
36
4723774165
0
0
0
0
1322239594
0
0
423506841
0
0
0
0
137423330
0
0
389805080
28
21
10
164992692
3497699296
0
36
0
28
6
0
0
0
0
0
0
0
3806150366
0
0
2115653648
0
12303279
0
0
0
45
0
0
0
21
0
55109250
0
0
3633312354
0
0
0
0
0
0
0
1
0
0
0
6443111337
6
10
66
2492356497
1
0
0
0
0
0
0
0
0
15
0
4897184025
0
66
0
152853870
10
21
0
0
0
0
0
1728161417
0
0
0
0
0
0
0
0
1
0
0
0
0
3043287126
0
991349107
1100672818
510864615
0
0
21
549444654
0
0
0
2088550755
6
960863200
0
0
0
0
87271866
2059568284
3
0
15
2037996236
9139950
0
0
0
0
0
3
0
0
2559307704
0
714363298
1
0
0
0
4747422925
0
0
0
0
0
0
0
0
66
0
1845493875
1508515125
0
0
0
0
73853781
0
1
0
36
0
0
333529868
0
2705647131
10
0
0
0
3745148321
0
28
0
45
0
6284830510
0
838922238
0
709156609
0
55
10
0
1024890172
0
36
0
602999607
0
0
6609452785
0
58465891
0
8170902
0
423535959
0
66
1
0
0
0
0
0
0
413065652
0
0
3
0
6
0
645356680
920612594
6338085100
1510438200
0
10
1673108753
1
452809350
0
6
5299814490
0
269224410
5798514160
28
0
36
0
0
261804393
0
45
6
10
3
0
232298235
0
0
548020170
0
5201438970
0
0
123740045
0
6
0
934481293
0
6
0
0
0
0
0
0
0
28
0
0
0
0
0
0
0
0
1759460854
0
0
0
0
0
0
2799727025
0
0
0
0
0
0
0
0
119621778
0
0
4576039583
1624984530
0
28
0
0
0
28
0
138569627
0
0
596903075
1011262863
28747153
0
0
2515709750
36
0
6
0
640981109
0
0
0
3
0
0
0
0
6
0
825337503
3618580011
231652050
0
66
36
5186965812
0
0
0
0
3821609015
1
4564662323
0
21
1
1262003652
0
0
2739369161
1211328807
5376481990
0
3425146716
0
0
0
0
36
0
0
1
0
3
0
0
0
0
326133027
0
0
21
0
2671622225
0
35764653
0
0
21
0
179864061
0
0
0
0
45
0
0
6
0
0
0
0
36
0
0
15
0
0
0
0
0
3
15
7958055
0
6
0
0
0
0
0
1
213800181
0
21
3
616549167
292977320
0
0
0
350661393
632950409
0
0
0
0
10
0
0
0
0
0
494095309
0
0
0
1
0
0
10
3199639974
0
0
0
0
0
28
3
0
0
0
0
0
0
0
4025512083
0
0
6
0
0
0
3204121316
0
0
0
0
0
2864525859
0
0
0
21
0
0
0
0
3
0
28
0
1009734370
295719030
0
1729749147
0
4510837598
0
2168407549
0
66
1
0
780618807
0
0
1003004863
5227684560
21
0
0
1
28
6816273595
3904937706
0
55
0
0
0
0
0
0
0
0
10
0
0
0
0
0
510545034
1
0
0
3042272985
3
0
45
0
1
281734453
0
0
3426388361
0
0
0
0
0
0
0
121641002
0
0
0
0
723501779
0
0
0
3182703391
0
5444826436
0
0
0
0
0
0
0
0
905102328
0
0
0
0
0
28
55
0
4271698644
0
66
0
5810473845
0
0
408156
0
0
0
0
1154665537
0
0
1
0
0
0
0
0
2009938467
5031198480
0
0
15
354405366
0
0
0
0
1887528925
0
0
0
0
0
0
0
0
0
0
0
0
0
0
0
3223362441
6415782660
0
0
680675853
21
10
0
0
0
0
6
0
633235077
0
150346470
55
0
1
45
0
45
0
0
103687200
0
1003363203
0
0
1
0
21
0
0
0
6
0
0
5410405
0
0
0
0
0
0
66
0
0
0
0
0
36
0
0
0
0
0
0
0
0
0
1421697798
0
227921924
0
0
0
10
0
0
4210269945
21
0
0
0
4003111458
233701384
0
0
0
0
0
0
0
5849454975
0
0
3
0
0
0
0
2215349730
45
0
0
6
3066815393
0
5440444471
149083278
261781511
0
0
5823525015
0
1592313500
1
0
0
456216320
0
0
36
0
0
0
0
0
0
142222542
243421074
45
6516423996
0
0
806272243
0
4061573235
0
0
0
0
0
0
6
0
0
0
0
10
0
0
5317331184
540760920
0
0
21
0
45
45
0
972427047
0
5223493110
0
0
0
0
0
0
0
10
0
0
0
2812237478
0
0
0
0
1
0
0
0
28
0
0
1189232062
0
0
0
15
0
6
5638954437
10
0
0
0
0
0
1484770768
0
0
0
975339840
789693408
0
0
45
0
28
0
0
0
45
0
0
28
0
28
0
0
0
0
0
0
0
0
0
10
0
1
0
0
0
36
0
0
4013855988
0
0
0
6
0
0
0
0
2954690592
0
0
36
0
0
0
0
0
0
3
0
6216403687
0
6252582985
0
0
45
0
5212256005
0
0
28
0
0
0
0
0
0
0
0
0
0
1
0
314028
0
0
0
0
2104350339
0
0
465597869
0
0
21
1
0
0
21
1904833467
6
1
0
1596096744
0
0
0
3
21
10
66
36
4520911395
45
0
28
433165446
0
0
0
0
66
0
0
0
0
55
0
6
0
5545887837
0
0
0
0
0
97545527
0
0
0
0
0
0
0
10
0
0
2833275716
0
0
0
348625215
0
21
0
1
6607383424
3995062533
0
0
0
0
0
0
985791000
0
0
0
0
0
0
0
1735635882
3
0
0
0
3213333816
826394182
0
0
0
6
2495817220
0
0
236063856
4262460560
0
6612442434
5640122691
0
4021744434
0
5649579208
0
0
0
0
3680777090
1736519772
0
0
0
0
333943236
0
0
15
1237755132
0
0
0
782041923
0
21
0
0
182032737
0
66
6318509860
0
0
0
0
0
0
0
0
0
21
0
0
0
10
0
0
0
0
0
0
4350812382
0
0
179371270
0
0
36
0
0
0
0
36
0
0
122375190
0
0
0
0
0
0
239225000
0
0
0
0
0
0
2549586900
0
0
0
0
36
0
0
0
0
0
45
0
0
0
0
0
0
28
0
256771781
0
0
3
21
0
0
0
36
4460353970
55
492932880
0
4925231589
0
0
1073118625
0
0
0
0
0
10
0
0
21
0
3
471782403
0
1
0
40657652
45
0
0
0
0
1
0
1
1098468753
0
0
0
0
2247281325
0
4205591273
31988001
0
0
532635838
0
45
0
0
0
614268774
923103025
45
0
0
0
0
0
0
0
0
0
0
0
0
217914126
0
12467521
0
0
1
0
0
0
0
0
0
0
0
6
0
0
66
2034550119
205406045
0
0
0
0
0
3
66
10
28
0
0
0
1313665625
1305068477
5465612562
1
0
2745367940
0
0
0
0
2838547510
3371313431
0
0
0
0
0
0
0
667896425
10
0
7696926
0
0
0
28
45
0
6
0
0
0
28
45
704607029
0
0
0
0
0
0
1
1
0
0
0
0
0
0
828828
0
0
0
2798679510
0
1
0
0
0
10
10
4810774960
0
6154230051
0
0
0
21
0
0
465414774
28
0
45
0
0
0
1
0
53825500
0
0
0
0
0
0
0
4635737561
0
66
0
1178526972
0
0
1
0
36
0
659044644
0
45
0
28
4424441325
0
0
45
0
0
45
0
0
0
0
28
21
0
1845676140
10
0
0
216811
0
2278631242
0
1355481
0
45
6
0
3068538620
3262582986
0
0
0
597940070
0
0
0
55973489
0
0
0
3510675276
28
0
0
0
55
36
0
0
3
90216027
36
0
1
0
3
0
0
0
0
268783695
0
1745548149
0
0
0
0
0
0
3
0
0
0
0
0
0
0
0
0
0
0
0
2216481462
0
0
0
0
0
0
21
0
0
0
6168827
0
37311841
1143687045
45
0
6133833354
0
0
0
0
0
6
3151108176
36
66
0
66
917440027
586137420
0
0
0
0
1
0
36
0
21
0
0
0
0
45
1
0
0
0
0
0
1224506325
2009431309
0
0
21
2831845617
0
0
0
0
0
1
0
1959724309
0
0
0
880971297
1
1969314651
0
0
0
6
2885226656
0
0
0
0
0
0
88199121
0
2582128
25700865
0
0
0
0
0
0
0
1725751869
0
67890378
0
0
1301698773
0
0
2124891
2124891
0
5981390580
17472915
0
0
0
0
0
0
106981878
0
3
0
0
0
36
0
0
0
0
2743367618
0
503063339
0
0
0
45
0
0
74206652
1672530360
0
0
0
21
255413901
0
36
0
28
0
66
0
0
0
45
28
858616059
0
1266227323
10
0
1304813067
3576253868
0
0
0
0
0
0
0
0
15
1302821532
0
0
0
0
657629510
0
0
0
0
0
0
0
0
0
0
0
0
0
1166227657
0
0
0
0
0
28
0
0
3
0
3370906
0
750296952
0
0
0
66
36
0
0
0
3574816245
0
6
75540485
2207568660
1149049863
0
6
299696393
0
0
0
0
6564230855
0
0
3100741865
21
0
2862936605
0
0
0
0
0
0
0
0
1059403437
0
0
0
0
0
0
0
0
0
36
0
0
0
0
10
18730259
0
0
0
1136905755
0
18395145
0
0
0
1
0
0
0
0
10
55
0
0
3
0
309121670
29219190
88464951
55561610
0
0
0
0
21
0
0
331441128
45
0
1
0
0
0
0
0
0
0
0
0
3
0
0
0
1
0
130500087
0
36
0
0
0
0
0
0
0
0
0
0
45
5224515265
0
28
2965924643
0
45
0
0
0
0
55
0
10
0
0
140742253
0
0
0
0
0
0
0
15
469787868
0
0
1022220714
2251708268
3183740696
276630471
0
0
0
0
0
0
0
5064456367
0
1138479875
45
0
0
0
0
0
0
0
3234854385
109616221
0
0
0
55
6405591846
0
0
0
0
0
1
3
0
858864714
190329805
0
0
6
0
66
0
0
0
0
0
0
0
0
0
0
0
0
0
0
0
3
0
0
2657897585
3
3
0
0
0
0
0
21
0
0
5872841208
0
0
0
0
1009329964
6053465451
0
21
2080995805
0
10
3
0
21
0
1
328743255
0
0
0
0
0
0
1104476472
0
0
0
0
0
1
568502319
1
0
0
6
0
855800485
0
0
3070419056
0
0
53638903
6432331708
0
0
21
0
45
1026203528
0
0
0
0
491740479
0
4293447390
21
0
0
0
0
0
0
0
4544714736
417503841
0
10
0
0
0
0
0
0
300504869
4804989429
6018714
0
0
0
4100692620
0
0
0
0
0
0
0
1464730747
0
0
214752447
28
0
1
0
0
0
10
0
0
0
4707167842
0
10
0
4291594280
0
0
37762395
0
0
0
0
0
0
0
10
1238650875
4698536355
2444997550
5413773474
6
0
0
6
0
114526545
0
1
0
45
0
0
21
0
6
4824320812
0
0
0
0
28
0
0
0
0
0
0
0
0
0
0
243332824
36
0
0
0
0
0
0
0
0
0
0
0
0
2244064511
1303127823
3191645450
0
0
1677797600
974677473
988056810
36
0
1412487797
0
0
0
0
1
66
0
0
0
0
0
45
0
0
0
0
21
0
2952308025
0
0
186679503
0
15
1039611573
0
0
0
2834932015
0
5491362735
0
0
0
0
0
0
0
6903183684
0
3
1018742070
5477119387
0
6
0
0
0
0
1569708437
0
0
0
0
66
0
0
0
0
0
1
0
45
4638145086
0
0
0
21
0
0
0
0
0
0
0
0
0
0
3418776695
3637319941
0
0
0
66
0
4308101055
0
1
0
0
2259364995
10
0
0
0
1
0
0
1036968567
21
36
36
0
36
0
45
0
294480036
0
0
0
0
3028170743
6
0
0
0
0
28
0
0
6
0
33969403
0
0
0
0
0
0
579548014
3214215717
0
0
0
0
363056930
0
0
734383649
0
0
0
0
66
0
0
5981390580
1
3502552046
0
2781945926
4550723046
0
5460281685
0
2793145901
55456245
0
0
0
0
45
0
0
66
0
0
28
16863528
66
729486285
0
0
0
0
0
0
309444993
1
0
0
11875501
1
0
873181134
0
0
0
71862066
0
2444228367
0
10
1
3
0
28
45
0
5825683645
118018566
0
0
36
0
0
0
0
10
0
0
198213995
0
0
0
6
281378503
0
0
0
142999416
0
0
0
1
0
0
0
0
0
5907029733
0
0
0
0
0
0
21
0
0
0
0
0
0
0
3
10
0
1949845122
0
737068814
0
3
571372100
0
0
0
0
18626355
0
0
0
0
0
0
0
0
0
0
0
0
0
0
51252750
0
0
0
0
364378500
553878
10
0
0
0
0
0
0
55
1502424333
0
0
5473142955
36
0
1
0
0
3
1596492265
0
0
0
0
1839848124
0
2463774285
0
440584769
0
370450589
3
0
0
5278010608
0
2017363434
45120250
254465520
0
0
0
3
0
0
3201720216
0
6832045105
3
0
235238889
4657524327
0
0
0
36
0
21
0
6
1617524997
0
0
0
0
0
0
2026775272
0
21
0
0
260159445
0
0
0
0
0
0
999335550
0
0
0
0
0
0
0
0
5666918964
0
3613477530
0
0
0
10
2013021
0
0
0
0
0
0
0
0
162693741
0
6
0
0
15
0
2540526085
0
0
0
0
3137547675
0
23055445
0
3410182360
36
6
1144165363
301781018
0
0
0
5032301967
0
0
0
3
36
0
55
3
0
21
0
0
21
0
0
0
6
28
0
0
0
66
0
0
0
0
10
0
0
0
0
0
0
0
6
1
0
0
36
0
0
0
0
21
36
1
0
0
0
0
0
144457503
3
0
0
0
0
0
0
1
0
0
362572046
0
0
0
0
0
0
0
0
0
0
45
0
0
0
3
0
45
0
0
0
2182126917
0
109231584
66
393078740
0
0
19734903
2165839984
0
1950594564
15
0
0
0
0
6
0
0
45
4722802200
0
0
0
3
0
0
0
0
0
73295777
6
0
0
0
0
15
0
66
66
388995777
1
736070895
6210384031
0
0
28
0
0
0
0
64860355
0
0
0
6
10
45
55
1957220859
10
0
0
0
2122424092
0
3
0
0
0
1384879503
0
0
1
0
0
0
0
0
595936025
35460831
0
0
1751284147
0
28
21
0
0
0
0
0
0
0
0
1
32092066
0
0
0
0
0
0
291502585
0
666690849
0
0
4162961826
0
0
0
2363246847
0
935519134
0
0
45
10
21
0
0
1278940572
0
1953281217
0
0
0
426714290
0
0
0
0
0
0
0
0
45
0
0
0
0
4570205760
2173613205
6
0
0
0
0
1135713942
0
0
0
0
61643856
0
0
0
14892153
0
0
28
0
4877015667
0
0
0
0
0
0
0
0
0
0
0
0
0
0
0
2907679383
0
45
0
0
28
0
0
0
163723557
0
0
0
3
10
0
3
0
0
957184378
0
0
0
28
0
6
0
0
0
0
0
0
91212770
0
0
10
0
0
1
433783770
0
137970965
0
256794452
142881060
0
6
0
0
964636905
0
0
0
10
0
0
0
0
536130
3999980358
0
0
0
0
1195336050
3747312296
0
0
0
6919996480
0
0
604007125
0
10
0
0
3
0
0
19987003
1
66
0
6649062837
3377721326
0
0
6913621
0
2463282919
0
0
0
15
0
0
0
0
134488199
1142682912
36
28
5519694801
0
0
0
0
15
0
0
0
1
0
0
39006527
0
15834378
36
4310886176
0
71275830
1283749782
0
0
0
0
0
0
10
0
0
0
0
0
0
0
0
0
2135343889
0
0
0
15531951
0
0
3227699640
21
0
0
292735306
962793015
0
0
0
66
0
0
2341503522
0
0
0
0
6
5962920549
15
0
1
0
0
0
1376970
1691031084
0
0
5561274871
15
4295764359
0
45
0
1756021947
0
36
1989259344
0
0
0
0
0
298717893
3
0
1320954272
0
0
3814880216
0
1677160458
0
0
0
0
0
0
0
0
0
1293090082
10
0
0
0
0
0
0
1283141783
0
0
0
0
0
0
0
0
0
0
0
2874677364
0
1848350394
0
0
0
31613176
0
2144961247
2511313864
0
0
189667023
36
0
6083100105
1
28
396281625
1
0
0
34076640
0
0
267325000
0
0
341088021
0
28
0
6
0
0
0
0
0
0
54826155
397154821
0
0
0
0
11240911
0
0
4268464189
45
0
0
0
3647562121
0
0
21
0
1937562369
1
2781261
0
21
0
23252790
0
45
66
0
0
0
1114085203
0
3399124916
6
0
55
5966961858
0
0
0
0
0
15
10
66
0
1
0
1088461150
0
0
6
4715515905
2738970
0
0
0
0
0
0
0
0
0
0
0
28
0
0
28
45
55
28
28
0
3
0
1250575038
4310793357
560371502
0
0
0
1
0
0
0
1126202042
359508702
0
1260346318
0
0
0
4169077613
0
0
0
0
0
3
21
0
0
0
10
0
0
28
0
3873188046
0
10
3
0
0
3
0
0
0
21
0
0
28
36
0
0
0
0
0
944016411
3
0
0
0
0
0
0
10
0
29718194
118911330
0
0
66
0
0
0
0
499769919
432224098
0
0
0
0
2829964492
0
0
0
0
0
55
1966867834
0
322186419
0
66
0
0
55
0
0
36
0
0
1385458477
0
3
45
0
1
0
0
1185625854
15947128
0
0
3
0
1350102663
78556845
0
0
3616538618
0
0
36
0
0
0
10
0
0
0
0
1
36
130015875
3256527411
0
3
0
4206691895
0
3
23416746
3971142595
0
0
0
191560948
0
0
0
0
0
0
0
0
0
0
0
0
1
3416296434
0
0
0
0
45
45
0
10
21
1
0
1
0
0
21
36
0
0
0
28
718640915
0
0
0
0
35730830
0
0
77028
0
0
0
66
0
226110745
0
1935944164
0
0
456488219
0
0
0
0
3
0
51617879
0
5853133065
698052909
5638635870
0
1
0
0
6429269644
1170288007
0
1
0
0
0
66
6
0
843187624
1774381800
0
6840464029
0
0
0
0
0
0
55
0
21
0
0
84298620
0
0
0
10
0
0
0
21
681524725
0
0
10
0
66
524800
0
1
1846952247
0
0
0
5301873759
0
0
55
0
0
0
0
0
0
0
0
0
0
0
1911072540
0
28
6
2427706
0
0
0
0
0
0
0
427737375
0
4448461271
0
0
0
0
0
0
1465759268
0
0
0
1
0
0
0
1474903
0
0
0
0
55
5046959680
0
0
10
6
0
0
0
0
0
0
0
0
0
130969020
0
0
0
0
0
0
0
45
0
0
0
0
297667800
15
107978860
1
10
6659907111
0
0
0
2658480893
298058310
0
5460072705
3826418895
0
6
0
0
45
233550075
0
5573198631
0
36
0
737952152
0
0
0
0
0
0
0
0
0
0
0
3765254021
0
0
240429555
0
0
0
0
0
0
0
6280010511
66
17325441
28
0
0
45
0
71502860
0
0
0
66
55
0
0
0
5258097360
0
0
0
0
0
0
0
0
331930495
45
0
0
0
0
0
0
0
45
0
0
0
0
10
0
0
0
2850087240
3189648349
0
3807197385
0
0
0
1
0
0
21
1630062247
10
0
13663378
45
10
0
0
0
296351675
0
1
2476073970
3008979064
0
36
0
45
0
0
0
66
0
0
0
0
4849598334
3280641
0
36
0
0
0
0
0
5884877271
0
0
0
287004861
0
0
0
0
28
0
0
660497664
0
0
0
0
28
28
0
0
45
15
0
0
0
7393934
0
285354105
0
0
0
0
0
0
0
0
6486775785
0
0
0
0
6422807746
0
21
3
0
388828441
0
0
0
0
337675068
0
10
28
1
0
408336752
10
0
0
1137048800
3
15598905
0
28
0
1150056805
0
0
0
0
10
0
0
562683810
21
6
28
5155134985
45
15
2938952768
1
0
3
0
114224055
1501711778
0
86073757
199810045
45
0
0
1
0
3225851993
0
4895501739
0
0
0
0
2114027740
0
21
0
488640670
0
0
0
0
0
3
4610544323
0
6857083212
0
6
0
153887196
0
5401709785
0
0
1
991527243
0
206684945
0
0
0
45
4221013104
972691670
0
0
0
90216027
0
0
0
0
0
0
0
0
0
3
850636860
6
3
0
6
0
0
0
5184216159
0
0
0
1837483121
0
0
6
6
0
0
0
876569364
1
57389540
45
0
0
0
0
0
45
0
0
1883721504
0
4246133726
1227477375
873557291
0
0
0
0
0
4042758195
0
1471612598
290127916
0
0
0
0
10
10
0
3924201
6
1958472377
0
0
0
0
0
0
0
119900355
6625213539
136380870
0
0
3584800791
640658889
21
45
0
5985547533
0
0
0
0
30400502
0
0
0
0
0
0
28
1
28
0
0
0
0
0
0
1429279835
0
452177628
0
200190045
0
0
3306306
0
0
0
0
0
0
2429986035
0
0
1748562788
3
0
1
0
0
21
0
66
0
0
28
0
0
0
36
0
0
1
0
1
0
448156891
4020488935
0
0
45
11217216
853650537
0
0
0
0
0
0
1
10
0
0
66
0
0
66
0
0
66
28
0
0
1409672250
0
0
0
3520905560
36
0
0
0
0
0
760285494
1723461384
54543787
1523326803
0
0
128456406
1151592008
0
0
0
28
1
2941406614
10
783070522
151006128
66
0
15
530777050
0
3603877641
6
1619117959
0
0
0
321856496
3100663116
10
2617948592
0
4870993015
36
0
33337694
21
4006243783
0
0
114511410
0
0
0
0
214338157
65556975
0
4531186785
0
58931796
0
0
36
510257464
0
0
0
276089745
0
0
10
1
0
0
3145870850
0
0
0
1271415948
0
0
0
0
6
0
4831002624
0
3169950831
926027127
0
0
36
0
5495136129
0
0
0
1269853182
0
0
0
0
0
3
0
0
0
0
200410210
0
0
0
0
0
1
0
7591355
0
0
0
6387268755
66
206888311
0
6920937660
0
73441140
21
0
0
0
0
21
1
3195241760
21
0
0
0
0
3404981458
0
0
691827000
0
81888003
0
0
1543873500
0
0
0
0
931587027
3599040016
0
0
0
5219712006
0
0
0
0
497717024
0
0
5948186940
66
0
0
2815838454
0
0
0
0
0
3117143358
0
55
0
0
0
0
0
3
1319464132
0
36
10
4148193015
36
0
0
0
0
0
0
0
0
12849915
0
0
0
192325078
0
40729825
240736653
0
1
0
0
0
0
0
0
0
497275415
103226896
0
0
0
2252983495
1715193137
0
1
0
1
0
0
0
0
0
0
0
1891586242
21
0
0
0
0
219818022
2462019700
0
0
0
10
0
0
0
0
1176585780
28
0
0
277878525
0
15
0
0
0
0
0
1
430021800
0
0
4566669068
0
841627877
898222899
0
0
0
0
6688791225
0
547656059
1918436643
0
0
159330
5161025958
0
0
0
45
0
45
36
6
1
0
0
0
1018290753
0
1326923364
14652991
4995450999
28
0
21
0
1
0
0
0
0
0
21
0
2337741217
0
0
36
0
0
0
4804205208
0
36
0
0
10
4862212542
2250634650
0
0
0
0
10
1982201145
0
45
0
0
0
0
3
0
0
0
0
4837605
0
1684640007
0
47351045
0
0
0
0
36
0
36
0
3588357960
21
0
66
0
528108749
3663722790
0
66
1423297978
0
0
0
0
0
0
0
0
5336736262
10
55
0
0
0
0
0
0
0
0
0
0
0
407365681
468195279
0
0
56919115
0
0
28
593039559
0
0
0
28
0
0
0
1882248684
3557081640
66
0
6642376104
0
15
0
36
0
0
0
28
3
0
0
0
10
3762651081
0
6756508069
0
0
36
0
0
3
0
0
0
0
0
680085619
0
89144628
0
972647544
0
0
0
1370444453
28
3711385045
0
0
45
150450531
0
0
0
0
0
0
0
0
0
0
0
0
0
1928422320
0
0
0
0
0
0
0
0
0
0
0
0
0
0
0
3
0
0
0
182338153
6216180684
5279625
66
7571886
56248920
0
0
0
5036014584
0
0
0
0
3065092650
0
0
0
36
18754749
0
0
45
6
0
2379982522
0
6809619985
28
0
0
0
0
0
0
1
0
0
0
1335230320
3059145054
0
0
0
1700173822
63941085
0
0
21
3374845201
0
0
6
0
45
0
0
0
0
475660745
0
66
0
45
36
0
0
0
0
3
0
0
0
0
0
0
1511207770
0
6
0
0
0
0
0
0
0
0
6
0
0
1504672650
0
36
203485048
3
0
0
0
0
0
0
0
0
0
3296598191
5043243051
0
0
0
3
0
0
3260644625
1749864055
3211330001
66
0
66
6
0
0
3
0
6
0
0
3
1046005188
0
0
66
4899361530
3144363941
0
0
0
903613801
960819345
0
161199990
0
0
0
0
0
3
0
0
0
0
21
0
1287806619
0
0
66
0
0
0
0
171578550
0
0
6910117954
605781025
960819345
0
36
0
3
2147123179
0
0
0
0
0
1
0
0
0
0
0
0
0
0
0
0
0
39796580
0
0
0
0
0
0
40738851
0
0
0
408136720
0
0
3
0
0
3675116501
0
0
0
0
0
0
3281431521
0
0
488203127
0
0
21
0
2753031
0
0
1
0
0
936384429
1
21
45
0
0
0
10
0
0
0
1989448575
0
0
0
263431571
10
0
0
558531752
10
0
0
0
0
157025781
0
21
0
0
0
0
0
0
0
0
0
0
0
0
0
0
0
0
0
559802520
0
242583351
45
0
0
4491861132
0
0
17161011
0
2667603367
0
21
0
0
0
3431108531
0
0
3
0
36
4509318040
0
551369027
45
0
0
757402654
0
6
10
0
6
1397962111
0
6
0
727387010
0
0
797342208
258178720
0
0
0
55
66
0
1
0
0
0
0
6
0
4073659408
0
0
1538931978
0
0
0
0
3523339495
0
0
0
6901891239
310866
793314007
0
0
246897528
0
0
0
347042675
28
0
0
10
0
0
0
0
1955531955
0
0
0
39340
3853322533
4357157889
15
0
0
0
66
0
0
4157286
21
0
67715702
21
326644020
2271548482
1
0
28
0
0
0
0
0
0
0
21
0
0
0
0
3728377083
3771938895
45
4796856342
0
28
0
0
0
0
0
4737489094
0
0
28
30322577
0
0
120940127
1184895537
0
0
0
0
21
0
66
0
28
0
28
0
1331563812
2826128935
105582246
0
0
0
0
0
66
480949584
0
0
0
0
0
870133165
0
45
0
0
560371502
57926465
3
0
0
0
45
36
45
4815856
0
0
456186112
0
0
298473528
0
0
78043771
45
45
0
0
0
36
0
21
4475384115
0
0
0
28
0
0
0
0
0
0
0
0
0
0
6207598131
0
0
0
0
0
0
0
0
0
0
0
0
28
0
0
564160844
0
0
243399013
0
0
1
0
0
0
440228627
21
0
0
0
3
0
0
0
3712677490
0
0
0
0
6
0
66
0
0
0
0
0
4819116159
34308185
0
0
0
0
0
567188037
0
0
6
0
0
21
0
0
0
0
0
2894425534
0
0
1
0
205791328
0
0
0
0
0
0
0
0
78431549
45
1298333400
10
0
0
0
3
0
209336488
0
0
28
0
0
3307894408
0
0
0
0
0
0
0
0
0
0
17811496
0
0
28
0
0
1391202123
1
2281940310
0
167234606
0
0
0
0
0
0
0
382634615
45
0
45
1757444538
0
0
0
2677692780
0
0
28
0
0
21
0
2538388090
0
0
4323270
0
1
0
0
0
1117959252
0
0
0
0
0
0
28
0
1669755360
0
248500070
0
0
0
0
37346403
0
21
0
359213796
0
0
0
0
0
0
0
0
0
36
0
0
0
0
1121253
0
0
21
0
0
0
0
0
0
0
0
0
6
0
0
0
0
0
36
0
0
0
0
394790949
0
0
45
0
3
0
0
0
0
0
0
0
0
66
45
401223627
6
0
0
0
0
4782860074
1023170463
0
21
0
0
0
1
45
0
0
0
0
1469877087
0
0
0
0
0
654080193
0
0
0
0
0
0
1
4478601382
62077652
0
0
15
3124253618
55
0
0
0
0
0
168994920
0
0
66
0
0
0
0
0
6321882724
1
11374065
0
0
0
0
0
6
4484565810
2447585589
1
0
0
4196791481
0
0
0
0
0
0
142003372
0
0
0
36
0
993710469
0
1010993058
0
0
0
0
0
28166262
0
0
0
0
3965797255
1
0
0
0
827939763
0
45
0
0
0
0
0
0
0
0
0
0
0
0
5948186919
0
0
0
0
0
124843700
0
0
0
0
55
21
204292788
0
0
0
0
1554951258
0
547656059
1777480848
6003723786
0
0
0
0
0
0
1151927998
45
15
4280854164
0
0
28
0
0
0
3
1305426135
0
0
0
6
1
0
0
0
0
4081877436
0
0
0
0
0
0
0
0
0
0
0
1
0
0
0
546101673
0
4771912242
0
0
0
66
603069084
331672890
0
0
3471319475
0
0
0
66
0
3340754625
0
17728035
0
0
0
0
0
400430840
0
0
0
0
36
0
0
46652970
0
0
0
0
197676785
0
0
0
0
0
1208235
0
0
28
0
98750431
0
0
0
0
0
0
0
2950540935
1632632625
0
0
1619288680
6396426999
0
3
0
0
0
0
0
330617755
327104243
0
0
6
0
0
0
28
0
0
0
0
66
6
0
0
0
0
0
55
0
4609008000
0
0
0
180737575
21
36
0
0
0
0
0
0
0
0
28
0
0
0
0
10
0
0
0
21
0
6471066900
0
0
0
0
0
3
5048466820
0
6
0
0
0
0
0
0
0
0
0
45
0
0
0
240802479
50403
0
0
0
0
0
208069800
0
2126009007
15
0
0
0
0
0
0
272412801
0
0
187976354
0
0
0
1089254469
21
0
0
0
0
0
0
0
4183975005
66
0
0
3051562493
858533200
0
0
2321972695
0
0
0
3371888239
119962305
2086870689
10
0
0
0
66
0
10
45
0
0
0
0
0
0
10
3
1
0
0
3349915833
0
0
0
0
0
0
0
0
10
10
3
636691749
0
0
186370471
0
0
0
1
0
0
6
3
6215400226
0
0
0
1216058565
0
2115393484
1260145475
6
66
0
0
999022629
0
0
0
0
30004131
0
0
193877586
0
2117019879
0
2459704555
4780806400
1
0
1726221875
0
0
0
0
179030500
0
0
0
0
0
0
0
6
6
0
491677740
0
965691375
0
0
0
36
0
0
42952546
0
0
0
45
0
6
1210049409
0
0
642127365
0
0
4669886375
0
848617000
28
0
0
0
0
0
856214268
21
0
0
1744130385
0
0
0
2034550149
0
3876357215
2466653197
0
0
357393470
0
0
2751150717
0
0
1
0
0
45
2947315466
0
0
4390547757
0
0
0
0
27028
0
101737980
0
0
0
0
3
0
45
66
0
0
28
0
6019952356
0
0
0
0
0
0
0
1843671720
0
0
0
55
579990710
947539257
0
0
0
0
0
0
2022638967
0
3
0
0
0
0
0
0
55
1
0
0
0
0
0
0
0
0
21
0
0
0
0
28
262170651
0
0
0
28
0
1007758044
3
0
0
0
0
0
5764709
0
0
21
45
5277907866
0
45
0
0
0
0
0
0
0
45
3
0
0
10
1275554258
0
138320028
0
0
0
0
1452660
3
0
0
21
0
0
599601134
0
0
36
0
0
6
0
0
0
0
0
0
0
0
3041493011
0
0
0
0
7720484
978699382
0
0
0
598458885
0
515766902
0
5064456367
4590975725
0
0
0
0
0
1245229532
0
0
0
0
0
0
6
3
6
0
0
0
4912040220
0
2312373979
0
0
587884884
0
1
0
0
257542850
0
45
0
0
0
10
0
0
0
0
0
0
891707562
2345611272
0
0
1151112143
10
0
0
55
0
0
55
0
70181627
0
0
0
0
0
0
0
0
0
0
0
0
0
0
0
0
0
1729690308
0
3
0
66
0
0
28
0
0
0
0
21
0
0
0
0
45
0
45
0
40783996
28
0
0
603937614
28
0
90229461
66
0
775766349
1
0
0
0
0
0
0
1
251316990
0
0
0
0
0
3
0
0
0
0
0
0
4712700034
0
0
0
28
1
10
0
0
0
0
0
0
0
0
0
0
66
0
0
0
0
0
0
21
0
4188367029
0
6628206750
1338591408
0
0
0
0
0
0
0
66
0
1407761363
5677996285
0
0
0
4196333411
0
2722371356
15
0
5179838587
0
0
0
819659315
0
0
0
637762752
0
0
0
3
3
0
0
52751855
0
0
0
345043315
0
1969502935
0
0
0
0
0
0
0
0
0
0
0
0
0
0
0
0
10
4194043436
0
0
0
0
0
0
0
0
0
0
0
566144424
6240176404
45
0
3159687720
0
0
0
0
10
0
0
0
49218081
15
0
0
0
0
0
0
0
0
0
2069978617
0
167966956
0
0
0
0
4170082095
3300496836
0
0
0
0
10
28
1
45
0
0
69897575
0
0
0
0
0
0
1
0
0
0
0
0
0
0
45
0
0
0
0
0
0
0
0
0
0
0
0
0
0
4328639435
76403341
118787990
0
45
0
0
36
0
0
10
3
6082107420
36
0
0
0
0
0
0
0
28
122860650
3
856503963
0
0
1
0
0
0
944625
28
0
6
0
0
1700465375
0
0
91469575
0
0
1087341646
0
66
0
0
1
1
0
0
0
45
0
0
0
0
4762343149
0
0
15
0
0
0
0
0
0
25607745
0
0
0
0
0
45
0
0
0
1
0
0
6
0
0
66
0
0
3
6
0
0
0
0
0
1569932567
0
613287752
0
0
0
0
3624778
0
0
81811236
0
0
0
87960216
45
10
0
0
0
0
0
66
0
0
0
0
0
0
0
0
0
0
6202473687
0
0
0
0
0
6247216465
0
0
0
5774631733
0
0
10
2311286019
1464784872
0
0
0
0
5276161405
0
0
440050590
0
0
3
0
372385685
0
6243528319
0
0
0
0
0
0
885173829
0
36
0
0
0
0
0
0
1457001143
875020858
0
0
0
1
0
28
66
0
1
0
0
0
0
45
0
6575579126
1
0
0
0
0
0
28
0
0
0
6
0
0
0
0
0
1148283000
45
0
0
0
0
0
28
0
0
0
45
0
36
21
5072309494
1667040383
0
0
3201960290
154846
0
66
0
10
0
0
0
36
0
4396171973
0
0
0
10
0
45
0
556294689
2416410900
0
0
0
1036467682
6
0
0
0
0
281117616
0
0
0
6
0
28
0
0
0
0
122203160
0
6
0
0
1915903
283898706
0
0
343809753
1
0
0
0
21
3
0
0
0
0
0
0
0
0
0
190407855
1
0
0
0
0
0
0
0
0
0
0
0
0
4640581
0
0
0
0
28
0
0
1248025765
21
5617946934
3485248295
0
0
410884096
0
0
45
0
0
0
0
0
4775595
0
0
0
0
0
28
0
0
0
0
0
0
3
0
0
0
163868353
0
0
0
0
0
0
141767540
0
0
10495070
0
0
0
1629320064
28
0
45
0
0
0
0
1710101382
3573801651
0
10
0
0
0
848987806
51030253
558732305
0
684814535
0
0
0
1
6745120823
0
303675690
314917155
0
0
0
2709694500
0
1889925930
0
0
0
0
0
6510603039
0
1077663510
0
0
36
0
4584270573
10
0
0
0
0
10
3
3
3507276
5094694108
0
10
0
706372470
0
45
0
0
0
6
0
0
0
993220162
0
0
6
0
0
45
0
0
1
0
3
0
0
0
0
403606651
0
0
0
0
0
0
0
0
1189817368
0
0
3668432295
0
45
1
0
0
5841021441
2639701434
860191502
0
51445296
0
21
0
0
0
0
421849566
36
0
0
28
0
0
1547320607
0
0
551302614
224645800
0
883659777
0
0
0
580195079
0
0
0
0
0
6
0
1839544812
0
0
0
0
1346156307
0
0
0
0
21
0
0
327334491
0
21
0
0
3913868560
0
5959877
0
45
0
4403488880
0
0
0
0
0
0
422895902
1
0
0
0
0
3
0
0
0
19546878
0
1
0
1
0
0
45
471567384
6652407465
0
0
0
0
0
2258491230
0
0
0
3972301233
0
0
0
851792172
0
0
0
0
1
0
0
1936628694
0
0
0
0
0
0
0
0
0
21
0
0
66
0
0
336766127
590425065
0
220531501
0
10
232880571
5253
0
1139768612
0
0
0
6
0
0
0
0
0
0
0
10767119
0
0
0
0
0
538920864
0
66
0
15
1
21
0
1
0
0
0
66
0
0
0
0
0
0
0
0
88717860
28
2082931686
10
0
0
1
66
6
0
0
0
0
0
0
0
36
0
0
0
0
0
0
0
0
0
961915570
4191021636
0
0
0
0
5457042640
0
0
0
10
0
0
0
0
0
0
1691438197
0
0
0
0
0
0
0
0
0
0
66
0
36
0
6
0
0
0
0
0
0
1804833234
6
4768005342
0
6203921679
6763717212
0
0
0
0
1148666412
0
0
0
0
0
161325702
1316178443
0
2824099399
0
0
0
0
0
36
0
0
0
499864750
0
0
0
0
0
0
0
0
0
0
1692019872
394594277
209745921
0
0
0
0
5757986283
0
0
0
0
0
0
249526624
1
0
0
6679310344
0
3496110380
0
1138098167
0
0
1
3531150667
0
0
0
0
0
805670010
0
0
0
0
66
1904586615
0
0
0
0
0
0
0
0
0
0
5669048395
15
0
3
0
0
1330686638
0
0
0
0
0
28
0
0
0
0
0
0
3886665846
0
0
0
0
10
0
0
6388059951
0
0
0
5994522720
36
0
0
0
0
0
0
3789155921
0
0
0
0
0
1588027540
0
0
21
0
0
0
0
0
0
0
0
0
0
0
0
0
1550827272
0
0
0
0
0
0
0
0
0
0
0
0
0
0
5972315920
0
21
0
0
0
0
0
0
3292458368
0
0
0
0
444631089
0
0
0
0
21
0
0
0
0
0
6274184145
0
652653
0
0
704231684
0
0
3381996601
0
0
3
0
2034231184
0
0
0
1
36
0
3492766365
1117013742
0
0
0
0
624546152
2145616242
0
0
0
0
0
682595825
0
0
1
1
0
0
0
173138136
0
0
0
2924556950
0
0
3209086396
0
730862007
0
0
308500370
6
0
3360729110
0
1
95351144
6
0
36
0
0
0
1716423339
0
0
0
0
0
0
1354054777
0
0
2639846755
1033965072
0
0
0
0
0
0
0
0
0
0
66
0
0
0
10
0
1
0
0
0
1
0
0
2315843590
2816438868
36
0
0
1
0
0
10
0
0
66
0
2511880875
0
0
0
0
0
11388378
0
0
21
3
0
0
4479453181
0
0
723463738
6
0
0
0
0
0
0
0
191874255
0
0
0
0
0
0
0
16219360
195139887
0
0
0
5709476304
0
1032828522
0
400544055
0
0
10
0
0
0
0
0
6
0
0
0
0
0
36
0
0
0
0
0
66
936168082
3
0
0
0
0
0
0
0
0
28
0
0
0
0
0
0
0
2114287842
0
0
0
0
2726948165
3810688605
0
0
0
0
0
4566477906
21
66
21
0
0
0
0
1571277690
548251940
0
0
0
1051822042
0
0
0
66
4637374637
1050675692
0
2280454335
0
0
0
892256625
700596027
0
0
0
66
0
0
10
0
0
0
0
3
0
21
0
0
0
0
0
492901482
0
0
0
0
0
0
21
0
0
0
3832807636
0
0
0
0
0
0
0
543955615
45
0
6
345411183
0
0
0
0
291116385
0
66
0
2151188018
0
0
0
0
0
907571695
0
0
0
1
0
3832296
55
3766382191
0
0
0
0
5401605846
0
0
0
0
244746744
0
0
1
66
0
3748524360
0
0
4837000480
22784625
0
0
0
0
0
23553813
0
0
0
0
491646382
0
0
0
0
17955
0
0
66
0
45
1274695780
0
28
0
0
0
55
1
0
0
5158892631
0
0
0
0
2387715954
21
0
1
0
0
0
166467378
1
1617354347
0
0
0
3
0
0
0
3
0
0
0
0
0
0
1
43165986
0
0
55
51496020
45082260
0
3267916545
272482840
0
0
0
0
0
0
1447462104
0
0
0
45
10
1
0
0
0
81172910
0
0
0
441089550
0
6
0
5013058479
0
0
73138465
0
5414918166
0
0
0
1
0
6532302105
0
0
6
0
0
0
0
0
0
0
21
0
0
0
5815649410
717882885
0
0
0
3070419030
0
0
0
0
0
0
48980252
0
0
1
0
6
116746834
0
0
0
0
0
1784403924
0
13861
0
0
0
0
4966207225
288828594
0
0
0
0
6
1176537271
2578732984
0
0
28
1596887835
107259980
1116210355
5001450039
0
0
3
0
0
0
904634377
0
0
4933870080
0
0
0
0
0
0
0
0
0
0
10
45
0
0
0
0
21
0
3659358430
0
0
28
0
0
0
0
0
0
0
0
0
352066370
0
77844003
0
0
45
0
0
0
5956697460
10841496
15783771
0
3069478766
0
0
0
0
0
0
0
15
3
2588005534
0
0
0
0
0
376278
0
0
574520232
10
0
0
0
6701404280
3
0
21
3
0
0
0
0
3
1456515350
0
5404412529
0
0
466391610
0
889175534
0
0
0
1598979497
0
0
0
0
0
1414774218
0
0
28
0
0
6
0
0
0
58325399
0
0
555394455
0
0
2764518893
36
0
0
0
3731918376
4685361948
0
0
0
0
5695806501
45
156990337
0
0
0
0
0
0
0
215499180
599012577
0
6
6
0
510640900
0
0
4230758070
28
1
0
45
0
0
0
36
21
0
2532193009
0
465130
0
2258961684
0
0
1183435572
6
6
0
0
0
0
0
0
3
6
0
0
0
0
0
0
0
81300376
0
0
45
0
3
3
0
0
0
0
0
0
0
0
0
2945396366
0
0
0
0
0
345726660
6297730290
0
0
0
0
0
0
0
0
0
2359948036
1441495965
926070163
5384121
15
45
0
0
36
160106565
0
0
0
0
0
36
6
0
0
0
0
6
0
0
0
1
0
0
0
0
984148792
0
0
0
29173341
0
0
0
2178164967
0
10
1
0
0
0
0
0
0
0
0
0
264396510
0
6
0
0
0
4788142975
1
0
716860177
0
0
3397063915
0
0
6
0
0
0
0
1
1289583499
0
1
15
0
0
0
36
2087064522
1
0
0
0
2351230989
0
290320646
0
0
0
0
0
0
6
0
5763460521
0
0
21
0
0
0
0
3
1
1
1
6
36
0
0
180015825
0
0
3473569547
0
0
45
0
0
0
0
0
374243760
250891200
0
0
0
77421
0
0
21
0
0
0
0
0
0
0
10
0
3
0
0
1767002622
4852553319
6
0
0
0
21
0
0
0
0
0
0
0
183217653
0
1952718735
0
0
0
3353354520
6
0
0
28
10
0
4894908030
45
861270241
0
4504476015
0
968506063
1
1474000654
0
45
45
21
0
0
0
0
386350502
0
0
0
0
0
0
0
0
0
0
0
0
0
1687485437
0
0
9415630
0
3
0
0
0
0
0
0
0
0
2743653
0
5347072512
382081545
0
0
0
0
0
0
0
0
0
0
1
0
0
0
0
3
45
28
333839880
0
3
0
203001175
0
0
5930857371
0
0
5897360061
0
0
0
409995929
0
3
0
10
66
2343077712
10
15
0
0
0
0
10
0
0
0
0
0
31414700
0
0
0
28
0
0
0
0
0
0
0
36
0
0
6246098751
151667235
0
948105282
3467321130
0
0
0
3017196
3721644665
6
2630771880
0
36
4782077670
0
0
0
2798380256
0
0
66
55
1
0
1688356989
0
0
0
0
0
4321106145
0
0
0
36
0
0
0
0
0
0
1226734275
0
10
0
0
0
620382679
0
0
1865719149
0
0
0
0
0
0
0
0
0
1077942068
0
0
10
36
0
0
523309775
0
0
0
0
0
0
0
115999296
1
0
0
0
10
0
3568984331
0
0
0
6605889098
0
0
0
0
323991240
0
0
0
0
15
0
0
0
0
21
0
500117730
0
0
0
4345403645
0
0
0
0
0
0
432576990
71383326
0
0
0
0
6019842609
41646501
0
3
0
0
5639910276
443111564
0
0
0
0
0
0
0
0
39725240
320893111
0
0
0
0
0
0
1933145074
5666493151
0
246853090
0
3
15
66
0
0
0
8864155
0
0
0
0
0
0
0
0
0
0
0
0
0
0
0
0
0
0
36
0
0
1
0
0
0
0
256386680
0
0
129795
0
120318828
0
174536583
0
0
0
0
0
325010260
0
0
0
1832636605
266585594
0
0
0
0
1420844750
21
1
0
3064309745
0
0
4107124992
0
71466989
0
0
988812684
0
0
0
0
0
0
0
1641730923
0
0
522016506
0
1
0
6
0
0
0
0
2521671626
4144186275
0
0
0
0
1408079750
0
0
0
28
0
0
0
0
952028415
0
4720275667
0
0
0
2036336617
0
55
0
0
1
0
45
0
0
3362614983
0
0
45
1645170835
0
66
0
0
0
0
0
0
1325687280
6
2972706135
0
0
2814487815
0
21
0
3211845
0
0
0
21
5585135160
36
0
0
21
0
0
0
0
55
0
0
0
0
2356239622
28
45
0
0
0
0
1592200655
0
0
3569998206
0
5300638158
0
0
3046720794
1
0
1029558750
0
15
0
0
3
0
28
0
3
4852356292
0
397042100
36598290
0
0
1
0
0
0
0
47108071
36
0
0
0
0
0
0
0
0
0
10
0
0
21
0
0
0
0
66
63997640
0
0
0
0
0
0
3
11807369
6
0
10
0
0
0
0
0
0
0
5160078
0
0
21
0
0
252798845
0
0
0
0
0
1381986430
1114557285
28
0
66
0
3007195092
45
0
28
286501953
0
0
2992478182
0
0
0
0
0
0
10
661879535
4118189590
0
6181997155
0
0
0
0
21
0
0
0
0
0
6
0
0
0
524637018
0
45
2225212110
0
1
6775818611
0
28
0
0
38539809
0
1526364123
0
0
0
0
0
0
418155
45
0
2681353055
0
36
0
0
0
0
4555671
6
2058734000
46360
0
3801876364
10
0
746003230
0
1041710187
0
3
169031691
0
2758127820
0
0
0
4567720382
0
0
0
0
0
28
0
15
0
0
0
0
0
0
1
0
66
2881733367
0
0
0
0
36
3
382081536
0
0
0
0
10
0
0
0
0
5198175637
0
36
0
4733888198
0
0
0
0
1319669622
0
0
0
0
0
0
0
0
0
2644062830
0
0
0
28
0
0
0
0
0
0
0
0
0
10
0
1486896775
6
0
0
66
0
0
0
1910577984
0
45
1
0
89666135
6879117094
0
6
0
0
0
0
55
0
0
0
10
0
0
3219429358
0
0
10
0
0
0
5724874461
0
0
0
10
0
21
0
0
66
530158202
0
3370163940
0
0
0
0
1
0
55
98553780
0
0
0
6
466391608
0
0
0
6
0
0
0
1
0
0
66
0
0
0
0
0
0
0
0
0
1159620558
66
0
1
1
0
0
0
149428828
0
0
0
0
0
45
0
0
0
0
0
837039049
0
0
0
391734044
0
0
6
0
28
45
0
0
0
0
28
0
0
0
0
0
0
0
0
0
406623900
0
3761263268
55
0
0
457637130
0
0
0
0
0
0
0
45
0
0
0
0
0
0
1
0
0
0
66
3783760526
0
0
0
0
0
3
6
0
10
0
0
6
0
0
0
0
1528353800
1
1812050094
0
21
141969675
0
1
290706328
0
41820085
0
0
0
2247884769
0
0
0
699286502
1
0
2755825884
0
0
1
10
1
0
143320915
0
0
0
0
6881932474
0
0
2146402434
10
0
0
0
0
0
0
0
0
0
0
0
0
21
0
0
0
0
509938079
2489533197
10
0
6095239210
432753475
0
0
0
0
0
66
0
0
0
0
0
3938591866
28
0
0
0
0
0
602305277
0
0
0
0
10
0
4322407698
1
10
0
21
988012375
36
0
754292199
0
0
0
0
0
0
1
0
0
55
0
0
0
55
2572847505
4209351
0
0
0
0
0
3
0
0
0
0
6197128740
21
3
515959625
0
0
1
28
3955028376
0
6
28
0
0
0
28
0
21875804
0
0
0
0
0
0
0
0
0
0
2853485704
0
9467776
0
0
0
0
0
66
0
0
0
6
0
0
0
0
0
767712499
1
0
0
0
0
0
0
66
13423971
0
36
0
4742259921
0
1321211282
1
0
0
0
0
4138543710
0
2358505504
0
3
211881405
0
0
441297465
2815163120
10
1204938592
842612823
0
0
0
4291038425
0
548628
28
0
0
3
36
10
0
0
36958502
233010078
0
0
76452795
0
0
3
0
0
2162945100
0
0
0
208866138
0
0
0
0
4925727840
0
21
0
0
0
0
0
6
2730937550
0
3
0
0
0
0
0
0
0
0
1309772943
0
0
2384745355
0
28
0
0
0
66
218185605
0
0
0
0
686443877
0
0
0
0
0
51506174
0
0
0
0
0
0
0
0
0
1653671289
0
0
0
0
45053777
0
6
4490249950
0
0
3115722320
0
0
427211064
0
55
0
0
95240700
0
0
0
0
0
0
4423825
0
1339988781
0
2734855893
0
0
21
1
0
0
1638981625
361845341
0
553463084
2758350647
0
2830039725
0
0
0
0
7409324
0
0
28
0
0
1
0
0
0
0
0
3
6138264534
0
45
0
1842214640
4435171632
0
103687200
0
5725516479
36
0
0
0
0
0
0
0
0
0
899494884
0
5733437920
0
0
1937437870
0
0
0
0
0
0
0
0
0
0
1
0
6
0
0
0
0
0
45
0
0
0
0
0
0
0
1
0
2032254375
0
0
613077615
0
0
0
1
0
0
1
0
0
620171350
0
0
0
6
1428798690
0
0
0
0
0
0
0
21
1263008667
2609417151
793433509
0
288252055
0
0
0
0
0
66
6656099076
0
3620877341
0
3
0
0
36
45
1948346655
0
0
0
15
0
0
0
0
2393455042
0
0
0
0
0
0
0
535479154
0
2007006
0
0
3
0
0
0
0
66
0
408365330
0
5154525745
0
0
0
0
0
0
0
0
0
0
0
66
1836392100
1475466975
0
0
36821071
2787767105
0
0
0
0
0
0
45
0
0
36
0
0
0
0
0
0
0
0
0
0
45
0
1457972979
0
0
0
0
0
297155631
3
0
6
0
6201248616
0
36
0
2566037335
4633330688
0
0
0
0
0
283922525
0
0
0
0
0
0
0
0
0
0
0
0
251945128
0
3566112368
21
0
0
1530621446
0
0
0
0
5712361896
0
8584296
10
0
36
0
0
0
0
0
0
0
45
0
0
0
0
3
0
0
55
0
15
0
45
0
0
64519119
0
0
0
0
1226090437
10
2853485730
36
0
0
0
0
0
28
0
0
0
3
0
266308580
5888892009
0
3
0
0
0
2277618772
0
0
4391484882
141717029
0
219587446
0
0
2226746709
0
0
0
0
0
0
0
0
0
0
6
66
0
0
0
0
1558495
0
3842269246
0
0
0
0
0
0
0
66
0
41164201
0
0
66
0
1
0
0
0
0
0
0
2843975035
0
0
0
45
0
0
45
1622477102
6112033137
0
0
0
89238120
1495197249
3
47858435
0
0
6542250023
0
55
0
10
0
0
66
0
0
0
0
0
0
0
0
28
0
0
0
0
0
1
0
774663838
0
3
0
36
0
2252513604
0
0
151510525
0
0
0
0
0
0
4117735854
3022725618
0
21
0
0
6
0
0
172431735
0
0
0
534203640
0
0
0
0
0
45
416926125
45
0
0
1
3054141054
6
0
0
0
0
5845237458
0
222383504
0
3
1196069592
0
0
1
0
5903552085
0
0
0
5660001165
0
0
55
10
0
99680140
6
0
0
1
0
0
0
0
591903620
0
0
6730494165
0
0
0
0
55
1194309473
0
0
170986275
3874156290
10
414820791
0
0
0
0
0
6636960012
0
45
45
0
0
0
2644499139
21
0
0
0
0
0
0
0
0
6323906908
0
0
561108229
0
0
0
0
0
0
3763518651
0
28
0
0
0
0
4863198717
0
0
0
0
3
0
0
849770904
0
0
0
0
0
0
0
0
0
36
1913793763
0
3
0
0
3
10
0
0
10
0
0
59497686
0
0
0
45
0
0
66
0
1838150022
0
0
0
28
210853377
0
0
1196118502
0
0
0
0
36
36
0
0
0
54303831
0
0
0
36
3
0
0
1570212752
0
66
0
15
1
0
5486647836
4081967814
38084628
6
55
3
5654788965
3451101615
0
2965924635
0
0
0
0
1
0
0
1
0
0
3
28
404374126
0
6
0
0
0
25981236
0
0
0
66
0
28
0
1193429912
298937926
0
0
0
0
0
1247975814
21
0
0
0
15
0
0
0
10
0
0
8394753
4832870419
718982139
0
6899071779
66
0
0
0
0
0
0
0
10
0
0
0
0
0
0
716216627
4068786715
0
0
6
0
0
7811128
0
0
2725766659
262033268
0
0
0
5103378861
0
0
0
0
3168756626
0
1535327988
0
0
0
0
0
0
21
1029513348
0
0
0
0
0
5840697174
0
0
0
0
0
0
66
465506307
0
0
0
0
3
0
129130484
0
0
0
3503054208
0
0
0
10
0
0
2218346115
1
0
0
0
2236701280
0
0
0
0
0
0
0
0
2642463217
0
0
0
0
0
0
0
0
4593275745
0
0
45
0
0
55
0
3
0
0
0
6548886169
66
0
0
21
0
0
0
0
0
10
0
0
0
0
3121961635
55
0
5834646255
0
839536773
0
0
28
0
66
2883403794
29949929
0
0
924607482
21
0
0
0
4896986064
10
0
0
0
45
0
0
920269348
0
0
4016723620
0
4228274784
0
0
0
6771046569
0
21
0
0
0
0
0
0
21
539249219
0
0
66
55
0
0
66
45
0
3
3
0
0
5153815035
0
0
0
0
0
0
0
0
0
0
0
0
0
0
0
2289918969
15
0
0
1443859438
0
596903075
21
0
1160198532
856669525
0
0
0
0
0
2131424659
0
0
1738818900
0
0
0
0
0
100812900
937856392
0
0
0
0
0
0
0
0
0
2266159467
0
97587435
2064448890
2231487409
4059410439
0
0
0
0
0
3894340086
0
0
0
0
0
0
0
0
428937390
0
0
0
0
0
0
0
0
0
0
1991720019
0
0
21
0
0
3177758736
0
0
2888189967
1714080515
0
0
1149097827
726624371
66
0
12512503
0
3447198000
0
0
0
0
28
0
0
0
0
0
0
36
0
0
0
0
36
105611310
0
0
0
0
66
0
0
0
0
0
1631889879
4498688064
0
66
0
0
45
153063753
0
0
0
10
1
0
0
725366913
0
0
0
0
0
0
0
0
0
5191346415
1184262775
0
0
0
5991785649
0
0
0
4390641431
0
0
0
431107566
0
0
28
0
0
0
0
0
0
1373220615
0
0
0
6474935437
0
3406467025
0
10
0
0
0
0
191756736
0
36
0
2890622559
1
0
0
0
0
3881641959
1961665560
0
0
3711126618
45
0
10
0
0
0
0
1
0
0
1047240467
0
0
225367065
0
0
0
0
15
6487345305
6
0
439220320
0
0
15
0
5156556636
5344694289
0
0
2499138915
0
0
0
0
984769989
0
0
0
1
294722778
0
6
0
0
21
5227377831
0
0
0
970928208
0
0
0
0
0
0
3727772640
90808026
0
6
0
66
0
0
24932391
66
0
0
0
0
0
0
2699765385
4105221945
36
4535662125
0
44759991
0
6
0
512432090
0
34457450
6
66
0
0
0
384684443
779394415
36
21
0
30948778
0
1741945772
0
1
2695872296
0
0
0
1135523334
66
0
45
0
4370236774
0
0
0
2496594417
0
3321736268
0
0
0
0
1646203504
0
0
1
6435507930
0
809085648
0
0
0
78256305
15
6819776800
0
10
0
0
45
957972103
0
0
0
0
0
0
6787770
0
0
0
36
0
0
3514698516
3974084083
0
0
0
0
3
0
0
0
3164777451
36
0
0
0
0
0
5827626754
0
0
0
0
0
0
21
0
2388407019
0
0
45
3193403358
0
3
0
36
0
15
0
0
0
6523960833
0
0
0
2232088699
0
0
0
5071403050
3
0
0
832952517
3917231307
0
0
10
0
21
0
0
0
0
0
0
0
0
3063761745
0
0
0
6613247466
2267573490
0
0
0
0
0
0
0
0
0
0
0
0
1
0
1035
0
0
0
3349506583
0
0
0
0
0
1203613488
0
0
0
3674259216
0
0
0
0
3
313638535
0
0
15276628
0
0
0
0
0
0
0
0
0
711946244
0
0
3834821666
55
0
1343563175
0
0
66
0
0
0
870049752
0
1831304934
4540520844
109497801
0
0
117957119
0
15
1591354292
0
0
0
0
0
0
0
129795
0
66
15
6072626049
0
0
0
10
15
0
0
4966306887
0
0
0
0
0
0
55
28
66
0
6442254
0
823023303
45
1352598056
340096239
2228215131
0
0
0
21
0
0
0
0
0
0
0
1982578959
0
0
0
0
0
947147523
0
913546137
0
0
0
5967945081
15
0
0
0
0
0
0
0
0
1
541188549
0
0
0
1673535
0
0
0
759622750
0
0
0
0
3
0
0
0
0
0
350211344
0
0
0
10
0
490925424
0
0
0
0
0
0
0
0
0
0
6
1
0
0
0
0
21
0
0
0
1857116012
0
6
0
28
0
1893247339
0
0
1523602791
3072535209
19528125
0
0
36
0
67343814
21
10
0
29610360
43687877
0
28
0
0
0
0
0
0
6265225785
0
0
0
0
0
0
66
6084644389
0
1307726508
166795980
42195891
0
0
0
0
3681806756
1447354475
0
115330077
3854990711
0
0
0
3
0
3
0
1991530710
3124885995
0
0
0
366893415
0
0
0
0
0
0
0
0
534628647
15
0
21
256499924
55
1
15
0
80270784
6220195350
45
0
0
0
0
105233778
0
253046246
0
699436080
0
0
1
6619804461
0
0
0
0
0
0
0
0
0
21
0
0
0
10
0
0
84506500
1647006893
0
0
0
0
66
0
1474597943
0
10
0
315042650
0
0
45
950807007
6
0
0
45
0
3
21
1889495580
0
277996410
113394270
157717679
0
0
3
0
2299810104
0
0
36
36
0
3822395885
0
0
0
0
3697956990
779376
0
683667752
0
21
5004050754
0
629858775
0
15
0
0
28
0
0
0
0
1687020713
0
4158400751
0
0
0
0
6
0
0
0
21
0
0
0
124251
10
0
0
0
0
0
1
800300007
409337563
0
36
0
0
21
0
1320594507
0
0
0
0
3
0
0
0
0
6216403708
0
0
0
0
0
6920114124
0
0
6
0
1127673789
0
0
10
0
0
21
0
0
3
81990414
1
0
0
0
0
720423840
6868798962
0
0
0
0
0
0
0
0
974765778
0
0
0
0
0
0
2527853820
3
0
0
5745115983
2540526115
0
216247206
2170778989
0
45
0
0
36
0
0
0
0
55
0
0
0
21
1996203669
0
4322779616
3961523521
0
0
3
0
0
3
3
0
0
0
55
0
45
1
0
45
6
66
0
0
0
0
21
0
0
0
66
109690265
0
66
4490534241
45
1
1376471718
15
0
0
0
0
360313589
0
2293303914
1674150174
4244241
10
68450850
1666225
36
4496032496
0
36
0
10
728493514
0
0
0
10
0
0
4779730842
296424726
0
0
0
0
0
0
0
2277078834
1828219718
0
3
0
6796788870
55
401648652
3
0
0
226536252
36
0
0
0
0
0
2636956
696036699
0
3
28
3
36
27405906
0
0
11870628
0
45
0
0
0
249951251
45
0
10
36
1
0
0
0
45
0
0
99680140
0
0
0
45
0
0
0
0
0
10
180072753
0
0
0
45
1070896057
0
0
0
0
5400462583
0
0
0
0
28
1
2069013618
86494127
4059770865
4049684961
0
0
0
76440430
0
0
0
1260798217
0
3083127065
0
0
0
0
0
104625344
3293269893
0
0
0
0
4162779369
10
0
6425641521
0
0
0
0
0
0
0
53277003
0
0
0
0
66
0
0
0
6
0
0
0
0
995226802
0
0
0
0
0
0
0
0
0
10
10
0
0
0
0
0
0
0
0
1826950122
0
0
1310540778
0
0
0
0
0
0
6876067749
308028609
66
66
0
0
0
0
0
0
0
0
0
30689695
0
0
0
0
0
10
0
36
0
10140756
0
0
5806378158
0
10
0
0
0
5451193860
0
0
0
0
0
321653556
0
0
0
0
0
0
103399389
0
1932834219
3287104785
0
0
0
0
368511
0
0
1
0
0
0
17067403
0
6910823329
0
1
3
0
0
0
24349731
0
0
55
585076527
0
0
0
0
0
0
3
1947472839
0
0
6735367950
0
0
4611600675
0
0
0
0
10
0
0
0
0
0
1
0
0
1428959060
0
1
0
0
0
0
6685784364
0
0
2461247874
0
0
0
0
0
0
0
1500506368
0
21
0
0
0
5345624856
3198120266
0
0
0
1
0
365918868
0
6
21
66
3189568479
0
28
0
0
0
45
1
0
0
0
66
0
0
0
11749128
0
0
0
66
3
0
0
0
0
0
0
1229757593
12895580
0
0
1102315578
0
3615518120
0
0
934438050
0
3
6
0
0
4198165875
0
5150465205
5215013083
0
3771765186
0
21
0
0
0
0
0
0
0
0
45
0
0
0
0
1030012550
0
0
0
954997935
0
0
3781412085
0
0
5818669560
0
4732915242
138601
0
0
0
0
45
2643626505
0
0
5253176184
0
36
31375
21
0
0
0
747781127
0
0
0
45
0
0
628688069
0
0
0
0
0
0
0
21
10
0
0
0
0
0
0
0
0
0
0
0
771557382
0
1455597962
0
0
55
0
0
0
0
0
538362870
2830415931
66
0
421907661
66
0
55
0
0
0
6
55
3909180816
2328109956
0
0
0
1832152305
0
10
0
10
0
451035594
0
0
0
3649356018
3177280460
0
1
0
0
0
0
0
0
0
0
21
45
0
0
0
2651485395
0
0
0
28
0
0
576318204
4263014561
0
0
0
0
0
0
0
0
0
0
0
10
2358917605
8750836
0
0
0
0
0
0
157628887
0
0
0
6
0
0
0
0
0
1873485068
41028211
0
263821934
0
126826700
0
1003900830
0
0
5492515579
0
1
92868006
0
0
1
0
45
0
0
4407337386
0
4944405367
0
60406536
4997950144
6
0
0
0
996119292
424234755
0
0
0
1335385357
0
3
5410132165
53091357
1434524260
2057386710
1648843997
0
0
5746402344
0
0
0
0
0
1369920975
0
2467917604
0
0
66
0
15
36
0
0
0
1
0
0
0
4061933757
0
0
10
43641152
2094500997
0
0
3
0
479864709
0
0
21
0
0
0
2463704074
0
0
0
0
6
0
0
0
0
1310489607
1
0
36
0
0
8456327
0
0
0
0
0
0
0
1516655347
0
5961282579
1
0
0
21
994334694
0
0
0
0
0
0
0
286789274
0
0
0
663772809
0
0
0
28
66
159963441
0
0
0
231759684
0
66
0
0
0
66
0
1
3
0
0
0
0
0
55
0
1607813550
0
6197574045
10
0
0
0
5647240905
1036149000
0
0
305848268
0
20438421
539741925
21
0
36
0
0
2144830224
0
45
0
0
36
0
0
0
0
2270537542
66
10
66
0
0
21
3336260445
2787991092
1102456443
0
0
211428763
0
28
487234935
0
0
0
0
5827194945
0
637584174
36
21
0
0
0
0
0
0
0
28
0
0
0
0
0
56344419
0
0
0
0
0
0
10841495
0
0
4048695084
6311654436
0
0
0
1391254869
0
4107759459
111176413
0
0
0
6051815091
0
0
4920369534
28
0
0
0
0
0
0
0
886941882
0
0
0
0
0
1131904404
0
0
0
0
2737667000
1
0
0
121719003
0
21
0
2756865375
0
3
3
0
0
0
0
0
0
15
55
0
0
0
0
0
0
0
0
0
675740702
0
0
0
0
0
0
0
0
6
0
45
0
36
0
860896762
0
0
0
0
167545665
5159908425
6
0
15
0
0
5792808011
0
0
0
0
0
0
473227229
0
0
3
0
0
1422391088
0
303503203
6
0
0
0
0
0
0
0
0
0
21
0
0
0
0
0
36
45
0
0
3
36
0
1487333042
45
0
0
500750460
0
17225515
0
0
0
0
0
0
0
28
0
1083800375
0
0
0
0
36589735
0
2031425664
0
0
0
0
0
0
1318899117
0
0
0
0
0
0
4885018710
102481086
4465172195
0
0
7165005
66
0
0
0
0
0
0
0
243950910
248254903
545341824
15
1231543632
0
0
0
0
0
0
0
28
10
45
0
928180152
0
0
21
0
1
0
0
45
0
347148065
0
0
764502750
0
0
0
0
36
4777091349
0
0
197815995
0
0
0
6
0
0
6495207255
0
1433024852
0
0
0
0
605015504
4588388855
0
0
0
3
0
0
0
0
15
28
0
0
0
0
0
2914623065
1
262101950
1304455475
1927925524
0
0
0
0
0
0
0
66
0
0
0
0
1514232993
0
167948625
0
2135736040
0
0
0
0
0
0
13125125
0
0
3401928845
5117127985
0
0
28
0
0
0
0
0
160446741
0
0
2096378370
6
0
0
554395041
0
0
3607359285
36
0
0
0
6758325
0
66
0
0
0
0
0
0
0
0
0
0
0
1660637237
0
0
0
0
3132559118
0
0
1319772373
827532882
55
0
0
0
18656886
0
0
0
0
0
0
303996143
0
0
657629508
0
0
0
0
10
0
0
0
6329306260
0
0
0
1806455772
0
0
0
0
0
0
0
36
0
6246344
1
24475506
0
10
28
0
0
6078468366
21
0
3
0
0
6
2126204619
3
0
0
0
1
0
0
3
0
155840685
66
0
0
10
0
0
0
0
0
0
10
13058605
0
0
0
0
0
138536335
2156372950
0
0
0
21
0
0
0
66
0
45
722361039
5751227559
28
1255881875
357446950
28
0
0
0
3
167088340
0
0
0
0
0
663845682
3
0
0
36
0
0
10
2657241414
1791819310
140055215
29119895
0
0
0
0
0
10
0
0
0
3711815835
0
1625041517
36
0
10
4799305312
5040732555
0
66
0
0
1718240125
6473569939
55
7696926
3601161366
0
0
3
0
0
0
0
0
0
0
0
0
3
0
0
0
3753807936
0
0
524800
28
36
21
0
28
0
0
0
3
0
0
0
0
0
0
0
55
0
45
3
1907056155
16122681
344780670
0
4979770467
15392926
0
0
1
66
0
0
0
1897002804
0
0
0
0
0
2225879275
2039720349
6
0
0
0
0
0
0
45
0
0
0
586719619
0
10
0
5598142512
0
0
1
0
0
0
3
45
0
10
0
0
1146366875
55
0
23608756
0
0
0
0
677027993
0
0
0
0
0
21
6
3
0
0
0
3089412305
0
75528195
0
0
0
0
0
0
66
55
55
0
0
0
0
0
0
0
0
4926819679
3486751268
0
0
66
0
0
45
6
0
0
36
0
0
0
2132665389
0
0
0
16145403
0
4419081011
0
0
0
0
1291107517
0
10
0
36
0
1239546930
1513847772
21
36
0
0
0
36
0
813798993
0
0
217830628
0
0
66
0
0
0
1803451647
21
3
0
0
0
0
0
1
0
0
0
0
0
0
6151234941
0
0
0
0
0
0
966614475
0
2438428685
0
32896
36
5905616815
0
445048694
0
0
0
0
28
0
0
0
0
0
0
0
0
0
1
0
0
0
0
0
0
0
2986987976
0
0
45
4177495
0
0
0
0
0
0
878789923
0
64620
0
0
5577211260
0
0
58866674
0
0
0
0
21
0
0
0
0
0
3
0
0
0
719171769
3
0
3
5766896665
10122750
1364012559
0
0
0
1517977422
90175735
556294687
64678251
0
0
0
0
0
0
0
0
0
0
0
2334528609
0
0
10
0
0
0
21
0
4469803954
0
28
3
0
0
0
15
2498149264
45
0
0
0
55
3
0
1916888393
0
0
2983665340
0
45
10
0
0
36
3
5779038741
3195481551
0
0
0
0
0
21
3433511268
0
0
0
0
0
6
0
0
66
0
0
0
0
2093465565
0
0
0
0
20752903
6558274062
1
2578876617
0
6
0
6710321573
66
0
0
0
356004585
0
0
0
45
869882902
0
3
76588875
0
0
0
6880407405
66
3
2768237992
1436238807
0
10
6
0
0
1
10
6
0
0
4220645605
0
42554924
0
0
448456325
0
4320083607
0
0
0
0
0
28
0
1
0
28
0
0
0
0
1471504122
36
0
0
0
0
0
0
0
0
0
0
0
6
0
5189919955
1365945775
0
0
0
6
0
801540738
10
0
0
36
0
0
0
0
0
1
1902920580
0
0
6
0
0
0
1809041297
0
0
0
6603015837
1492464274
0
0
0
0
16788115
854477109
28
0
0
0
0
0
0
0
66
0
0
1
1632061263
6165329401
36
0
0
0
538494152
45
0
66
305371
55
0
6342364185
0
1
3686613742
0
0
9208486
10934825
0
0
36
6770813830
0
0
0
0
0
141666518
0
390140205
0
0
6
5912900565
1421324576
0
1687717845
36
5239552483
0
0
0
0
6
0
2751224921
0
0
0
0
0
0
0
0
10
0
1106310213
66
0
0
0
0
19031364
2417662410
55
0
0
0
0
45
0
0
5763997330
454918365
45
3
0
0
0
0
0
0
0
0
0
0
0
0
1
0
1233032967
500180985
1
209234196
0
0
0
0
0
1704199768
66
2076224574
49436596
1
0
0
0
0
0
0
2381431585
0
0
0
0
0
0
3431522736
0
0
0
1
0
45
0
0
0
0
0
0
0
0
3386110026
6
0
0
0
6921996564
345437467
0
10
36
0
0
0
0
0
0
2827031185
0
0
0
0
0
1906932640
5076137595
0
10
0
0
1282939157
0
0
0
0
0
0
0
0
0
0
0
0
0
1
1305068477
0
0
0
0
144049851
0
0
66
0
0
0
0
0
1431847313
26816826
6
45
3255559076
0
0
6
0
0
0
0
28
0
0
0
0
0
1
3
0
45
0
3
1
2112540
0
0
0
0
0
183198511
0
0
0
0
0
657085616
0
0
1992603720
0
0
1
0
0
0
0
0
423565050
3604556861
45
3907942983
10
0
1
402215702
1422604455
0
3
1080450827
0
0
113967253
0
393415260
0
0
0
0
0
0
36
66
0
0
2080415245
0
0
0
0
0
0
0
1351869975
0
0
0
0
0
0
0
0
0
0
0
0
2103247632
45
2376120480
0
0
0
0
0
0
0
0
0
0
0
36
0
0
0
0
0
3
0
0
0
0
0
0
0
0
0
3
0
0
141767540
0
0
0
0
6
455642577
0
247319920
0
0
55
15
0
0
0
0
0
0
0
0
2931367560
3961612563
6607268480
828794520
0
0
0
2125552564
0
0
2648646143
10
0
0
1059495525
3
0
0
0
0
0
0
21
0
0
0
0
0
0
10
1
0
0
2804068818
3
10
0
0
0
0
0
0
4930095985
0
0
0
510576989
0
0
0
0
1
0
0
0
0
3
472458420
0
0
1
0
1
0
10
28
0
0
0
0
0
69449004
0
0
55
1907303197
0
3397393655
0
0
1968938092
0
0
0
1224456838
0
5545993155
0
36
1
0
0
3916788733
0
0
15
573334432
0
0
0
0
45
0
2317613367
0
520176364
0
0
0
3039621429
0
0
158767287
0
0
6
877909750
45
0
66
0
2006516190
0
3
0
0
5343867205
0
0
0
0
0
6313452220
0
41418651
0
1130334803
36
0
191502234
34957341
0
3
0
0
0
0
0
3
0
0
1009734376
3602689160
0
0
0
55
0
0
5514757665
1
0
0
0
45
0
0
3300740580
0
6
36
0
45
0
36
0
0
1597170393
0
0
0
0
0
66
0
1704842022
0
2701749758
0
0
0
2022575395
0
0
0
0
21
2233893055
0
0
0
0
10
55
0
1
0
0
0
0
3433594101
0
6
0
0
21
0
0
0
0
0
2564246685
6
0
10
2794042845
0
3
0
0
0
0
0
2235564375
0
0
0
6299475
0
0
0
0
0
0
0
6
0
4738949299
0
6
0
0
0
0
0
45
21
23492084
0
576386107
21
0
0
0
694731449
0
958015875
0
0
66
3458998715
6251688426
49019851
1084778325
6361525161
0
0
0
0
0
45864252
0
0
1151975972
0
0
0
0
0
0
0
0
4066080910
0
0
0
0
0
0
0
0
45
0
0
1
0
0
843762657
2300691855
45
0
36
171467421
0
0
36
0
21
21
3
0
1447838738
0
0
0
0
0
0
0
2775609250
0
1574811353
21
10
1
0
0
3488588640
2805791495
0
6243975330
3
918854125
0
0
0
3
0
0
10
0
0
0
0
0
2043874074
0
0
10
650432277
461183614
0
0
0
0
5447539965
0
0
15
3
0
0
0
2627001360
66
0
0
0
0
0
0
3
4147100107
0
2112727500
0
10
0
0
21
0
0
0
775569417
0
0
1
150467878
0
0
6
36
201051378
0
640229435
0
0
0
0
1
0
4690590741
28
0
45
0
0
3
6
0
0
0
234047424
620030484
66
0
0
0
4961723491
21
0
0
242759595
66
510257475
99454355
0
0
0
0
2736187290
0
4456199194
0
28
0
0
28
0
36
0
0
0
6
1
21
2176317315
2063420914
0
67483153
0
2512093515
0
0
0
45
0
0
10
0
2359604550
0
0
2096248839
0
0
0
0
0
0
0
120163752
0
0
21
329358945
0
0
10
0
0
45
0
0
0
4250281646
0
28
0
0
0
0
1
0
36
0
0
0
1
45
0
0
3827556261
1195238275
0
0
0
0
1094020448
0
0
0
1795352997
45
3
0
1509613850
40901490
0
0
0
45
0
10711506
0
5891062719
0
0
1907797299
3
0
5893016700
6811370620
3
0
0
3564676785
0
489860649
2651485421
0
0
3
1556457318
5585663620
0
0
6
0
1153992858
0
45
36
0
0
212107903
0
0
1035284253
4417878
0
0
0
0
0
0
0
0
0
55
0
0
0
0
0
0
0
0
0
0
2210227335
0
41382253
271946178
0
405028490
122829300
607278674
0
1156684725
0
0
0
0
0
3464240658
0
0
0
3
0
0
10
0
6216515211
10
2777770370
3
0
0
0
0
45
1031192963
4668436850
0
2722611
0
5479705
164720319
0
0
0
6
4034939007
7958055
781883739
28
6
55
0
0
0
21
3
0
0
0
0
0
29872585
0
0
0
0
1
66
0
0
0
1374740824
0
0
0
0
0
3865590
3770723040
6
0
0
1
0
6
0
0
205203408
0
0
0
0
6
66
0
0
0
3
0
0
0
0
0
0
0
2704690898
0
0
10
66
0
0
776160279
0
379707900
1
0
0
341035785
0
66
0
4434794876
0
218499054
0
4296876698
0
0
0
0
0
0
1
2339656179
0
6
0
3580991461
0
1373653
0
3
0
0
0
0
0
0
0
1
0
0
0
0
0
45
21
1708931925
55
0
0
0
0
0
0
0
3386439232
0
56323191
0
548251926
0
0
6
0
45
6
158019752
0
0
0
0
5757449712
0
0
0
28
0
118572300
0
0
4707361869
0
66
1221094043
0
0
0
0
5630780194
0
0
0
0
0
565807970
0
0
0
0
0
0
159784623
0
3721817181
0
0
0
0
0
0
0
0
3988361313
0
0
4657138277
0
0
0
36
0
2277078834
0
45
0
0
0
427415693
0
1619231763
2711756154
0
501636974
0
0
2346227745
689894084
0
3848934408
1653096222
0
28
0
0
0
2832297180
3
0
0
0
45
0
10
0
1356970557
0
0
0
0
0
1068814492
0
21
0
0
0
0
0
10
0
0
0
45
0
0
0
0
1674208039
0
0
0
36
0
0
0
0
394341485
0
2624464989
0
0
0
0
0
0
0
0
36
0
21
0
0
0
6
0
5626111860
0
0
0
0
0
10
0
0
0
15
0
66
279294795
726586259
0
0
10
1047469332
0
3444458490
0
0
0
0
66
0
1618833440
0
0
1667040383
1665308610
4131814024
0
0
0
639835877
10
0
1
0
0
6041807730
0
0
0
0
3
0
496581854
0
0
0
504650544
0
0
0
1218920622
1555564725
28
1810846284
3290105476
0
1240393525
36
0
0
28
0
0
0
0
20706
0
6
0
0
6
0
1423884927
0
0
0
0
3377392533
0
0
0
0
10399080
3249429375
0
1222266
21
3394673993
0
0
0
19829253
0
6
0
36
6
2086095492
0
0
2387370444
3247575483
215416146
5074525617
0
0
0
0
0
0
0
2923639242
0
0
0
0
0
55
187414480
0
0
949455673
10
0
0
0
0
1
0
0
0
0
0
63230632
0
0
184617717
0
12318166
0
21
28
5610423511
6009752116
6
0
3
0
5297961471
1670448894
21
0
806834532
5040531744
0
0
0
0
0
0
487734513
0
0
0
28
21
0
0
0
1856567574
0
0
0
1496947658
0
1
0
0
1
0
0
0
0
0
0
0
0
0
0
0
0
0
0
0
1532004953
3
0
0
0
10
0
0
0
3420761496
0
66
0
28
0
0
0
0
0
0
6
0
0
10
0
1
0
0
0
0
0
0
0
0
0
0
28
0
28
0
3765687926
0
10
864261099
36
0
0
6
1807357497
0
0
0
2556446754
0
0
0
3
0
6
0
0
0
0
6631546140
36
0
420717513
0
36
21
301535403
0
0
0
0
0
0
0
0
0
0
378606402
0
15
0
2945549845
0
4541950340
36
0
0
0
5086455
0
911709048
21
0
21
1907611992
6
6
0
0
0
0
0
526063265
0
36
154624902
910812519
2938262801
0
0
0
0
0
0
791761318
5764534185
0
0
0
3809291960
0
0
830016393
469205640
0
0
0
0
3
0
0
0
0
0
0
10
0
0
0
0
0
787866339
4242079974
0
0
0
6
0
6027965034
0
21
0
36
0
2634545156
0
0
0
0
0
3
66
0
0
0
0
0
0
5501742687
0
0
3734942761
113258774
0
0
0
0
0
15
1182268236
0
2216565
3
26919452
0
0
9208485
0
0
0
2306800911
0
1294616167
21
5893233850
0
0
0
0
0
0
1969816740
0
15
0
0
0
0
0
0
0
4756196680
66
28
6193439
0
0
0
0
0
0
806392699
36
0
0
1644884040
0
1059863817
0
74792559
162279117
1439027122
21
0
0
0
0
0
0
10
0
0
2998360631
0
0
0
15343030
0
2534897967
0
0
0
0
0
0
2540597397
16099975
0
0
36
0
290248370
66
0
0
646470900
0
0
0
0
0
0
0
66
0
0
0
0
0
0
3053984745
55
0
0
0
218582683
0
0
0
1506593250
0
0
0
0
0
374654250
0
0
10
6
66
0
0
1842032550
66
0
0
0
0
0
0
0
0
0
0
3
66
0
15
0
0
3568456
0
0
0
0
0
0
0
0
0
0
0
0
36
0
2406063729
0
0
0
5923453701
0
0
1502259863
66
0
0
157256242
0
0
0
0
0
0
128376275
0
0
0
0
0
21
10
0
1
1813073625
0
0
0
0
3
0
0
0
0
6
0
0
0
36
0
66
0
0
0
4005
0
0
0
433489289
4804793340
0
1
0
0
3
0
3067050350
0
6
0
0
66
0
0
4233702150
28
254533197
0
21
0
0
0
0
0
0
0
0
0
0
0
0
0
0
569514374
0
66
965779254
0
10
0
6
0
0
10
0
0
0
0
0
0
0
3104522993
1496783538
21
2934354518
0
21
1
0
0
0
0
2580959775
0
21
169878528
0
0
0
0
0
0
75417621
36
0
0
585589732
0
0
3727945368
0
0
0
17372564
0
6
0
0
0
0
0
3
0
0
36
0
0
3
6582576364
0
0
0
0
15
0
0
0
1
0
0
0
0
0
4435171598
0
0
0
0
0
0
28
0
102710277
15
0
0
0
0
0
328845825
0
0
3
1677681747
45
0
0
696671127
6618883974
21
3
0
0
10
0
0
0
0
0
36
0
0
0
1
632772524
0
0
3639964458
0
0
0
21
0
28
257429385
0
0
0
0
36
0
0
10
0
0
3358925658
28
0
0
0
0
0
0
0
0
0
0
0
0
55
0
0
0
295840650
3
555461094
73623045
0
412462280
769241473
634053852
0
169270794
130823399
0
0
4092727056
0
0
0
1820729312
0
28
0
0
0
0
0
0
0
1308289125
0
0
0
0
0
1
0
0
28
0
3
66
0
6
21
0
3
0
1
6
40405555
42490371
0
323889423
0
0
3
21
0
1280407707
0
0
0
0
0
0
0
0
0
0
1
1
0
15
0
0
0
1
0
66
0
0
10
846105813
0
0
692422290
0
788461902
0
253068753
0
106062329
10
0
0
0
887152482
0
66
2896632405
2623450794
0
6
0
0
0
0
2853636810
0
28
0
0
0
0
0
1
223354674
0
0
0
0
0
0
0
10
0
66
0
45
0
0
0
0
0
3489758151
0
0
0
15
28
3781586016
0
0
0
433400946
0
21
0
0
0
0
0
3272930826
2612018475
0
28
0
1
0
0
0
0
0
0
0
0
0
0
1480523299
0
0
0
21
0
0
45
0
55
0
0
0
0
0
0
478286056
6875598679
0
0
10
0
0
2206439229
3035490458
0
0
0
15
0
21
0
0
0
1
0
0
0
0
0
0
6
10
395043871
0
3660641820
0
0
0
0
0
52813503
0
813234264
0
0
0
6
0
0
0
21
425984251
4390735174
0
0
0
0
0
0
0
907656918
2040614664
98792595
0
0
0
2187150581
0
3
0
0
0
70799050
0
0
21
1
0
1
0
0
0
0
0
0
21
0
0
0
0
66
0
0
0
1318077468
62580078
0
0
0
45
0
0
0
0
0
5886
45
0
0
10
0
0
0
0
0
0
240254159
0
13203
0
0
0
0
0
0
45
0
0
0
0
0
0
10
210073752
0
28
0
0
10
5920950565
0
0
17443370
0
0
0
0
0
36
36
0
6262315675
66
3
45
0
55
0
3
0
1053932888
21
29890
0
0
2577225079
0
0
0
0
66
0
2501755474
5276366856
0
0
0
6324694170
0
0
0
0
0
10
36
0
0
1099593957
0
66
0
0
0
36
0
0
0
0
6534245358
0
0
0
0
0
0
0
325239750
5559903909
28
0
4397953736
10
0
0
0
0
0
21
0
0
0
0
0
0
654478107
0
45
0
0
1
1
340513646
0
123221450
0
36
0
0
28
0
0
0
6
0
0
66
0
45
0
0
1807177134
0
0
0
0
3
28
28
0
0
6
0
0
0
0
4574413370
0
36
1145935973
0
0
45
0
0
0
0
0
0
0
4643058375
0
0
0
0
21539766
66
15
0
36
0
0
0
0
0
0
0
6
91158752
0
0
3385369425
0
5285205033
0
0
0
0
45
10
0
0
6
0
0
0
0
0
0
0
0
0
3
0
0
0
0
0
1279294650
5118645565
0
1003049652
0
0
0
0
0
0
0
10
0
0
0
314967350
0
0
0
0
1685801139
0
0
0
0
0
0
1
0
0
0
3
21
0
0
103413770
0
0
0
0
66
0
3
0
45
0
0
0
2984824180
0
21
0
639978955
0
0
28
36
0
0
0
0
10
0
0
370260077
0
0
7775596
0
0
6488826174
10
21
0
5256149119
0
0
21
0
0
0
489359967
0
45
0
0
2319247665
0
0
0
474520220
0
0
0
0
0
2388407049
0
0
164938200
0
11321661
0
0
0
772736307
0
5300741100
0
0
0
0
0
0
3634932180
0
0
0
1
2451925342
0
0
414187356
276559921
0
5676504480
0
6794457251
0
121282524
0
0
0
0
0
0
1
0
0
964285567
0
0
839536761
1
0
0
0
3
0
0
0
721335132
0
1
0
0
0
0
0
1
36
0
0
0
0
0
45
0
0
0
0
6
0
3266461506
0
0
3
0
28
0
0
0
0
6
0
0
1
10
0
0
28
1080218437
0
0
5564017239
0
0
1441657028
0
929731878
3
0
0
6
0
0
294649949
0
0
0
0
0
0
2485371750
0
0
0
0
221077878
0
0
6719824419
0
0
0
0
0
0
0
0
0
0
0
0
45
0
10
21
0
36
0
0
0
0
28
0
0
0
0
0
0
1417381900
0
45
1330896
36
3966420683
13033064
0
0
2734116342
1
2902191381
0
0
470861327
1049850738
0
2309178855
651875775
0
0
0
0
45
0
0
21
0
0
0
0
1
0
6172882671
10
0
0
0
502873040
45
0
66
0
0
0
0
28
0
0
1979809269
3488003993
10
0
2185100772
0
21
4204582496
0
0
0
0
329204960
0
0
0
0
0
0
206888311
0
0
0
0
6
0
0
0
55
1340610087
1806936664
0
0
0
0
0
0
6207526
0
3894075330
0
6
3356303405
0
0
0
0
104451831
0
4365096309
0
381749886
0
0
21
0
6669489710
21
0
0
1041253767
0
0
0
0
21
45
0
0
0
0
0
0
0
921385125
3362532976
0
21
0
0
0
6
524442690
0
0
0
10
66
0
0
0
0
0
0
332910296
0
0
0
0
0
0
6557815960
3892310550
0
0
0
198871593
66
0
0
0
0
0
6553922750
0
0
0
0
66
975869928
0
41655627
28
0
0
21
88731181
0
0
0
0
0
0
0
0
0
0
0
0
66
0
0
0
0
987479014
0
0
3
0
65579878
0
65786184
28
10
0
0
3
0
0
0
1741709704
4220461820
28
6
55
2164721265
3227070
0
28
10
10
4644311198
0
0
15
0
0
0
0
46643311
0
0
0
66
10
5695166130
36
1482700712
3
0
0
808522575
0
0
566110766
0
0
392238026
0
0
0
0
0
441327192
0
6135273312
0
0
28
0
0
0
0
0
0
36
0
1298944937
0
0
21
1
0
0
3
10
0
0
0
0
0
28
1387617537
0
0
0
0
0
0
0
1
0
0
0
0
0
35722377
0
0
4254339382
0
0
0
66
6
0
0
2765262492
0
6
0
5715141262
0
45
0
0
0
0
0
0
1837907500
0
1
0
0
0
0
0
0
0
0
45
0
0
0
1991215165
2375155497
2550015399
45
0
36
0
36
0
0
0
1941735397
0
0
45
2364415725
0
0
0
1131618948
45
3
0
0
0
1223813573
0
6
0
5517593631
0
0
3
0
3
45
0
0
32566485
0
2913706943
4765661940
0
0
115892699
4331058964
0
0
15
2059439895
2032318099
0
0
0
0
0
36
0
28
0
0
3
0
0
0
0
5752943679
0
22569120
0
0
0
0
0
0
706334904
28
5494402312
0
28
0
0
0
6
981931749
0
0
0
0
0
36
0
0
0
0
0
0
0
0
0
0
15
0
686555039
155523063
0
0
4119551044
774860658
0
10
0
0
0
0
0
0
0
0
115330078
2767642790
0
0
0
0
0
0
0
0
0
0
0
1126059668
188558490
0
503031618
3
0
0
200210052
0
0
0
0
0
1
6
0
0
349867368
2949696007
59340
0
0
0
3
0
0
0
149930586
0
0
6
1466679852
10
0
6093031200
0
756079938
0
0
10
0
0
1
0
0
0
0
2492921327
0
1512252507
0
0
1407443037
0
0
0
0
1
0
0
510225539
0
0
0
6146244711
0
21
3
0
0
3038374071
0
0
1076920817
0
0
0
0
0
59018680
0
36
21
6
6251241139
251092842
0
1404261504
0
11321660
36
1453710157
0
1
0
0
5633858130
28
3
0
0
0
0
0
36
0
375558111
10
337181495
0
0
1
0
10
21
1553613125
0
0
0
36
0
0
0
182319060
0
0
0
45
45
0
0
0
2672499459
0
0
0
0
0
0
0
10
6
4692915604
0
0
0
3357040785
28
3795252105
4498308654
6
1565173247
20508810
0
0
17366670
0
0
1691961700
0
0
66
619115245
6
0
379212020
36
0
2410110
4892039119
0
0
0
0
6303342994
0
0
0
0
0
0
0
0
6
66
40396565
0
0
0
0
3
0
45
0
0
0
0
0
0
0
0
1884519522
0
0
0
2874980670
0
0
1077942081
0
10
2964615491
0
0
0
0
4321570941
0
0
0
655600154
0
0
2034231184
0
0
0
0
0
0
0
0
0
0
6583006
783307987
0
66
0
0
0
1
0
0
0
0
0
760909552
0
0
0
6
3
0
0
2469182365
0
0
0
6
1155386482
2296284760
0
0
4733207124
0
66
2292017355
0
21
0
0
21
0
0
0
0
0
847463862
0
0
0
0
0
1824774638
3737536066
0
10
6
0
1052280722
4196425023
0
0
0
2161892884
0
0
0
0
0
0
2305714272
0
0
0
0
0
89331661
0
0
323177176
2792622717
0
0
0
0
0
0
0
0
0
0
1
0
3
0
6335495829
3804492790
3
0
0
2519825539
0
1
0
5872949586
1
0
36
0
21
0
0
0
0
0
0
6144803466
32640
0
0
0
0
0
10
3533756301
1014053080
0
0
0
29119895
2828986554
0
0
0
0
1088227875
0
0
5457773937
21
0
0
1
6
28
0
6018306550
0
0
0
55
5965104859
24946515
0
0
0
0
0
0
3
2177900995
0
0
21
6
0
6043236825
0
0
6850877919
0
0
0
6
0
3
0
0
0
0
0
0
0
0
0
0
2396638740
0
0
0
1
0
3
0
0
0
3
0
0
0
3
2665923654
0
0
15559831
1
0
0
0
0
2690441325
0
0
95932025
0
0
5468122110
6
6411931858
0
28
2278968822
45
0
1039976418
617040864
0
55
0
10
0
0
0
0
0
1548544698
10
0
10
55
2863769030
0
66
36
0
2125748170
0
0
0
0
626279135
0
0
0
0
0
0
0
0
0
0
1606169475
0
0
0
0
0
0
0
21
0
0
36
0
2578732984
0
0
4971889555
6
1
33985890
3
0
10
2884315140
900555574
0
0
3098301111
0
0
0
66
0
0
0
0
3
0
1
3
0
0
0
0
2226212865
0
0
0
0
0
0
0
2564103445
0
1269752415
21
0
0
0
0
0
3
0
0
28
25543377
0
0
0
0
0
6
0
125968128
0
0
0
0
0
40755
0
0
0
21
10
0
0
0
0
1
1214382375
0
0
0
36
0
0
0
0
21
36
0
666362270
28
0
0
45
36
6548313954
0
0
3733732884
0
0
0
0
21
21
0
2630191620
6710321573
0
21
0
1
0
0
0
0
1314631
0
0
0
0
0
21
0
0
0
0
0
446003890
0
0
4198440759
0
0
3
0
0
0
0
0
0
6791310174
0
0
0
0
0
593900879
3226253618
21
36
2176449240
0
0
0
36
0
0
0
0
0
58975230
1219118125
3250154990
0
6
45
0
5860176
0
165319833
0
0
0
0
45
38742003
0
6706730781
0
45
21
10
1
0
0
0
1061061208
0
0
0
46517835
0
0
0
3
10
1
0
0
0
0
0
0
562281344
10
28
0
45
0
0
0
10
0
0
0
1424471972
31288005
51364180
28
0
28
5800668129
4644985892
0
0
0
0
66
0
125250
0
0
0
0
495983259
3081242715
0
0
0
0
0
0
0
0
10
1459917627
0
0
0
6
0
28
0
0
0
20998440
0
45
0
0
0
0
0
2790703
0
0
1861140527
0
0
0
0
1097765795
0
0
0
129050144
0
0
0
0
3358679775
0
74691
0
0
2132795980
0
0
3
0
0
1
0
0
3757361318
0
4740701842
45
0
0
0
0
28
0
0
0
150467878
0
4975480069
1
0
0
0
35950960
1
0
0
0
0
0
6536531887
0
0
0
3
0
0
0
4707847029
10
0
2515780705
1623673599
6
0
0
45
21
457002027
0
0
0
0
4965210690
0
0
0
66
0
0
66
36
0
0
0
0
5173733458
0
0
53504340
10
1
0
0
122766615
0
45
0
0
0
55
0
0
0
0
730900240
0
4519104870
0
0
0
1224456838
1
0
0
0
0
0
0
55
0
0
28
0
5850536640
28
0
36
0
0
0
0
0
0
0
0
0
0
0
0
0
0
45
0
0
36
0
0
0
0
0
0
0
3
3498368436
2470869247
0
3765253986
0
0
0
0
0
0
0
10
4797150189
1
66
0
0
0
0
0
0
0
0
0
0
0
14084777
0
3
0
0
2649956364
3106414395
0
10
0
315394170
542702964
0
6438798394
2012348484
0
0
0
10
0
0
666289239
0
45
0
0
0
0
0
0
0
0
0
0
45
0
0
4871782629
0
2935733589
0
0
0
0
0
0
279554835
0
0
0
0
366081210
0
0
0
10
0
0
0
0
0
0
0
75491328
0
0
0
0
0
1
0
0
0
0
0
269758378
45
21
0
0
0
0
0
0
0
36
0
6
0
0
0
0
0
0
3556912960
0
0
0
1
0
0
0
0
0
481290824
0
55
15
0
0
1
0
0
0
2401002450
0
0
21
0
0
0
0
0
447259165
28
0
0
0
0
0
21
983749525
0
0
66
53225403
0
0
0
0
3
249347946
0
0
0
0
0
51699196
0
28
0
3232924245
0
0
0
0
491897294
3504226141
0
0
0
102968425
0
0
0
0
0
66
2400725272
0
1
10
0
36
0
1123308873
6
0
0
0
45
0
0
1
3176460
1920915132
0
0
0
0
0
0
0
21
73829476
0
2389374750
4880176549
0
0
0
0
0
0
3824494566
0
0
66
0
66
66
28
0
0
3066267177
0
0
0
1336781043
0
0
0
1725634368
0
0
5416895610
0
0
0
0
66
8514001
0
0
0
235087080
0
0
36
3
0
0
88026546
0
0
0
55
0
36
0
0
0
734881932
50949464
45
0
0
0
1
0
66
0
0
28
4876818144
0
203101932
4896885
0
45
0
0
2154731475
0
0
55
0
0
0
0
55
0
0
0
1951469095
21
6
0
1
0
0
0
0
0
860191482
0
0
0
0
11802510
0
0
0
10
0
0
2380534494
10
0
0
140222631
0
0
779315439
0
0
0
28
45
0
0
1991656931
0
0
0
553529625
0
73344216
0
0
0
0
0
193936662
21
0
0
0
0
0
0
0
0
0
5137786330
934005807
0
15
0
0
66
0
0
0
0
0
0
1
0
2347940595
0
28
0
0
0
2653524815
1
0
0
36
0
0
0
0
0
569683114
2199403305
0
0
0
793234344
28
66
0
4743136458
0
0
0
66
45
0
0
0
378826565
0
0
55
15795009
0
0
0
0
0
0
1
0
0
0
3242902817
0
0
3290105476
66
0
970179204
0
0
0
0
0
2019269469
51648366
0
45
0
0
0
0
0
0
0
1
0
516988089
2100848604
1787152999
0
0
0
66
0
0
0
0
0
0
21
0
0
0
0
27261
0
30658365
0
1
36
0
0
0
0
6
761533848
0
10
0
0
135721049
778723359
0
45
5588517736
0
0
312237555
0
66
0
250958396
553496335
0
2330976775
0
1750100675
0
0
66
0
1
0
0
0
0
0
461578515
0
0
0
427240295
0
45
45
0
0
0
0
0
0
0
0
45
1133427438
0
0
0
0
1034692792
0
57175471
0
3037126917
0
0
6
0
0
1
0
0
0
0
0
66
0
0
0
0
0
1
0
183562380
0
0
0
1153176272
1
0
0
0
0
10
0
0
0
0
0
66
0
0
0
0
0
0
0
28
0
1190207627
0
0
1077431407
21
0
1
0
0
0
28
0
0
36
0
0
0
3103786
0
0
0
7355530
0
0
0
0
2203849239
0
2858851892
0
6
0
0
0
0
0
0
0
28
0
0
0
55
643848667
4377157809
0
0
0
0
0
21
0
5031900676
0
0
0
35840811
0
10
45
1205724168
2228749202
0
0
0
3613137483
0
3974173266
0
0
0
1
0
0
0
2972629055
0
1790801760
16207971
0
0
0
0
0
0
3
0
10
0
0
0
0
0
0
0
0
0
0
0
0
1612977975
197676783
3
0
1014098124
0
3
0
0
0
1763556349
0
0
0
0
6448674916
2630771888
0
0
0
0
0
66
0
0
0
0
59323278
21
0
0
0
0
0
0
0
0
732889734
2313326184
5742543630
1
0
0
0
6817207695
0
242913851
0
565639785
1
0
0
0
0
0
0
0
0
10
0
0
0
0
5191244499
0
222826605
0
0
0
0
53122278
0
0
0
0
0
26415545
4727371164
0
45
0
0
0
0
0
1152312018
0
0
0
134750735
74352914
0
2310266289
1679709774
0
2028749415
0
2423507004
0
0
0
0
0
10
0
4110388401
0
0
0
0
0
1
0
0
0
0
0
3
0
3562397426
5730439995
6
0
0
0
0
0
0
0
0
0
21
0
0
0
0
0
0
0
55
2708811200
6
0
0
0
0
21
10
0
0
364432502
15039870
0
0
0
0
0
15
0
1650854524
0
0
0
0
0
0
0
0
694955100
0
0
45
0
817757458
66
0
0
0
0
0
0
0
0
0
0
6
0
0
0
1285371725
0
0
0
0
36
0
0
0
736070881
0
0
0
0
0
652309137
1
0
0
0
0
0
0
0
0
0
0
1201847875
0
0
0
4494231007
111161505
0
0
0
1
105829425
0
0
6
0
0
0
0
2585128554
0
0
3
0
0
0
3165573068
0
0
0
0
0
130338584
0
0
21
0
0
0
0
4252955823
339900
700596007
15
1
0
6
0
28
0
398226516
2193570720
0
5203377025
0
0
3571941936
0
0
3
28
33854106
4644985865
0
522468972
5296726305
432900594
0
0
1
1
0
0
0
2138351100
0
0
0
66
0
1418766543
0
28
0
898816398
36
0
21
0
0
0
0
173976528
0
189005403
0
0
0
4826973330
0
0
0
3
0
0
0
0
0
6
0
0
0
0
473811915
0
1522554125
0
0
3151108146
1
2964538464
1
0
0
3
0
0
45
1716247550
0
3
0
0
0
0
0
10
0
0
476339524
3374680925
3488171040
0
10
35925525
0
0
6583609060
0
1
0
0
36
1284966159
0
0
0
0
0
0
1
0
0
2487205149
5174954200
1
0
80867403
0
0
6
0
2518476900
0
0
0
45
0
0
0
0
3191485626
0
0
45
36
0
0
1458729063
45
0
0
0
66
1
0
1088974418
7263766
0
0
0
36
0
0
0
45
5592535854
1203613513
3602179836
4212105381
45
0
0
0
10
0
0
0
0
28
15
0
0
0
0
0
0
0
0
1451123125
0
3236060980
1046599873
45663345
10
0
0
0
6377326471
0
0
19709780
429347555
0
0
66
0
0
0
0
0
0
0
10
0
0
0
826760113
0
66
0
1521340377
0
0
3
0
6871612230
0
0
2632150254
0
0
0
0
0
0
0
0
0
0
0
0
0
0
3939213165
0
4008481908
10
0
0
0
0
0
0
0
0
3927859992
4200640256
0
1317102147
0
0
0
0
0
10
0
0
0
496865505
0
0
0
1871404403
0
6736992948
0
0
0
0
0
6377552346
6149016811
0
6
0
0
0
0
332497578
0
0
234285481
0
0
680011880
6444019509
0
0
4427452029
45
786834612
0
0
280359350
315318828
0
2968466790
6351377505
985080685
801821032
28
0
0
36
0
0
6440273733
66
1
0
0
0
0
15
0
0
35452410
1281571875
0
641195954
0
91726740
2478819249
0
45
0
0
0
3659957336
0
0
21
1
0
0
0
0
0
5628127515
10
0
0
162657666
0
0
45
0
90888903
0
0
0
0
2315979675
0
3
143880166
2730494141
0
6
0
0
0
45
0
1388197083
385128380
45
0
0
0
0
0
0
66
0
0
45
0
0
0
0
28
0
1139195775
0
0
36
0
235390747
2631352204
0
0
0
0
1
887910860
0
0
0
0
0
45
0
45
3
1040843122
15
45
0
0
0
0
6
21
45
0
6
0
0
0
45
0
0
21
0
36
0
0
0
0
10
0
0
0
6
0
2993406615
0
0
3
299011285
0
2280927075
0
0
0
0
45
0
0
0
1
0
0
0
0
0
3529218060
0
45
0
795306897
0
6431651191
0
36
0
0
55
0
0
225685629
2444018627
66
0
0
0
0
0
0
36
0
0
0
0
0
0
189160975
10
0
2117475420
0
349153525
0
85811550
0
0
0
4815680664
0
45
387184877
0
4068696507
0
66
0
45
0
0
291768246
2124248762
302272568
0
0
0
28
759739687
6744307804
0
0
0
1260095273
0
0
0
0
0
0
0
0
0
0
0
1423828
0
0
4277523716
28
0
21
0
0
0
66
1061567975
0
0
1
0
1
1647638282
0
0
0
0
0
10
6
0
0
0
2241117769
0
3
0
0
0
0
0
2596934310
0
0
0
5335496584
0
0
0
548086385
0
0
0
0
21
0
0
1381092843
0
0
0
0
0
0
0
185676085
1
3664407626
1297467267
10
1082450650
0
0
66
4340091507
0
0
0
786715608
6655776
0
0
1528851453
2523021094
0
0
1821876038
0
45
10
0
0
0
0
0
0
0
0
0
0
0
10
5410028124
679716884
0
0
0
0
0
0
0
0
0
0
0
0
0
3985682358
0
1
0
5807132520
4597398060
0
3147933503
0
0
3483912556
1992666879
21
0
0
0
2038826260
0
1
0
0
0
0
0
0
0
0
0
45
0
0
0
0
989435349
0
695626349
0
0
0
5566232760
0
0
2618672229
0
28
0
0
0
0
0
0
0
2609706129
0
0
10
247520125
1
0
6819893589
0
0
0
0
3
10
5408571949
1190744394
0
0
0
21
0
35561961
0
0
36
28
3405641670
378358776
1
0
0
0
0
28
421036670
0
0
0
0
0
3201960290
0
6
0
0
0
0
949717132
0
0
0
0
0
0
0
45
0
0
0
0
0
0
0
0
30128202
0
0
1115690693
3911657010
3276815525
346528
0
0
0
0
0
0
0
0
0
0
0
0
0
0
0
0
0
6
0
0
0
0
2256341040
0
6644796785
179939932
2472767644
0
36
103903320
0
0
0
0
1565341125
345752955
0
0
0
0
0
1
609546069
0
0
21
0
0
21
1731867203
0
0
0
0
0
0
0
0
107333226
21
0
0
28
0
0
10
4118643375
0
0
15
0
36
0
0
5363942055
0
0
0
486080609
0
5290346908
0
0
0
0
0
0
0
0
0
15
0
0
0
0
0
0
0
0
0
3
0
0
133800261
0
29173341
0
3702172131
0
0
0
0
0
960556364
0
0
727654011
0
0
10
1360619667
0
0
0
10
0
0
582001882
0
0
0
0
885173847
0
28
3332503952
50335560
0
10
10
0
0
0
0
2195757025
0
0
0
0
0
0
0
5336632950
0
0
921900327
0
45
0
313563403
0
0
0
795466420
0
21
0
0
0
0
0
0
0
0
0
45
0
0
0
1345948783
6
896867107
0
1711
0
0
0
45
0
0
0
0
45
0
0
0
0
0
6
0
0
691343519
10
0
0
10
1733751027
21
0
0
45
0
0
0
0
10
15
27956502
0
626951734
0
1
0
0
1
0
3
0
0
0
5925195304
0
0
0
0
4099424833
55
36
21
0
0
0
28
0
45
0
0
1
0
0
10
0
0
10
36
0
0
0
0
21
0
0
3
0
0
0
0
6
0
28
36
0
0
0
0
0
0
92024961
36
174536586
36
0
0
0
5833890108
0
0
66
52188435
0
0
0
0
1518308037
10
0
0
0
2938416094
0
0
0
10
0
0
0
0
0
0
3305536076
0
0
1245079823
0
0
0
0
0
0
0
6340562310
0
0
0
4373696573
0
0
0
2458933122
0
5157064416
0
3641329781
2922798160
0
0
0
0
0
0
55
1
0
0
0
1807778357
0
82786277
66
0
0
1902365397
0
1
10
0
0
21
0
0
0
0
0
0
0
0
157824260
0
0
0
0
1
82208252
0
0
0
0
0
0
0
0
0
0
66
0
2643117561
5050778235
0
0
3585478176
507227154
0
0
0
0
45
0
2666434815
0
0
0
0
3572449118
690971710
3
3865886405
0
0
6
0
0
0
0
27154764
55
0
0
0
0
0
0
0
0
3
0
3127099976
0
0
0
0
28
0
0
3068616960
0
66
0
3200519976
0
0
0
45
0
0
0
0
0
7819035
0
0
1
109746
0
0
0
0
117496785
0
1362075
0
0
0
1
0
15
21
1
0
0
3
4442897925
4761562425
0
10
2731602731
0
852741732
0
0
28
3929100966
0
0
0
0
1812230678
0
0
1
1
0
1
0
0
10725395
0
0
0
0
1185723250
0
0
0
0
3593018790
0
1746493623
3320839711
0
0
1033192150
0
726052670
0
0
0
1
101495628
0
0
1641616322
36
1432489572
0
5241292875
66
3
3646451891
0
0
0
0
0
0
0
1
0
0
0
0
0
0
3460828770
0
0
0
0
0
0
0
3
0
0
0
0
0
0
0
82850627
0
21
0
0
0
0
1857055090
0
0
0
0
0
75442186
45
0
0
0
0
0
0
0
0
0
0
0
0
21
0
0
1
577643054
0
0
0
3237589701
0
0
45
0
0
0
45
0
0
0
0
0
0
0
0
28
0
2096766893
21
0
0
0
0
0
0
28
36
0
111698931
0
0
1184944218
5607457905
6
441119243
0
105683991
1179352433
0
55
0
0
13017753
103946571
1810906465
0
0
3713883984
45
0
0
0
0
0
55
0
0
0
36
0
2488827592
0
793353846
0
10
0
0
835157994
3
0
21
0
0
0
0
0
0
28
0
0
0
0
0
0
0
0
10
0
0
189550182
0
0
3
0
2890926705
0
0
0
0
3
0
0
0
0
0
6
0
0
0
0
206562972
0
0
0
0
0
0
0
0
0
0
0
0
0
3
3
21
3591577836
1
0
0
0
0
0
0
0
0
3601076517
0
0
0
0
0
0
0
28
0
0
0
1750988225
0
0
12976965
1819040080
0
563254265
0
0
6
0
0
28
0
15610078
0
0
251608527
0
1034738258
0
2149482940
1
0
1
0
0
0
0
36
0
0
0
0
0
0
6255155280
1223170527
98006999
6420314541
10
0
313187868
0
45
0
0
0
0
3
28
36
0
0
45
0
0
0
6
1618378250
0
3004093792
0
0
0
3
66
0
3460246445
0
66
0
36
0
0
0
0
0
0
2381653
190505437
21
0
2141687592
0
1453494458
0
45
0
21
259931390
0
655346685
0
220342528
0
0
0
0
0
0
0
0
0
1744012264
0
0
0
0
0
0
0
3
0
0
0
6677345637
0
0
15
1
0
378744002
0
66
4485228773
0
0
0
628262607
8288556
0
0
21
0
0
3
2675205210
1
0
1080450827
0
0
0
0
6
0
0
0
5260661406
0
0
0
0
28
0
0
0
6766392549
0
0
0
475074885
0
48466935
0
0
0
1
28
425079902
0
1344652008
0
0
0
0
0
0
6
0
0
0
0
0
0
0
36
6422921064
0
0
0
0
66
0
36
0
0
0
0
0
0
0
21
0
41019153
2063742107
0
3
0
0
0
26408278
0
0
0
66
67820481
0
0
0
48980253
0
0
0
28
0
0
0
6
0
66
0
0
0
21
0
3836836164
0
55
0
0
0
0
10
0
0
0
1683769459
2128030935
0
5690471176
0
28
0
0
0
3616538583
1387775565
0
0
0
0
0
0
0
0
132983586
0
0
3027859461
0
0
5267536075
0
5701678225
0
1357022653
0
40190095
3
160285559
45
0
0
0
232966899
53039850
0
0
0
21
0
0
0
219453
0
0
0
0
55
1290345372
0
0
0
0
0
3
0
0
0
0
0
0
95945872
257202540
0
6
1598753325
0
0
4441389821
2508621492
0
0
0
45
0
45
0
0
0
4789708809
0
0
0
0
0
0
0
298864566
0
4969396905
0
0
7168791
0
0
6082769208
0
0
45
0
0
0
0
1018290735
439576074
0
0
100217402
45
0
1507197153
15
0
0
0
0
0
45
0
2952000693
0
2995263865
0
1450045850
5703753
0
0
21
0
0
2698810236
66
0
1
0
0
0
0
6
0
0
662976
0
15
0
21
0
0
0
66
3
0
0
0
0
0
0
0
0
0
79726877
0
0
0
0
0
0
1
6043456704
4417670951
0
1
0
0
107993555
0
4312929229
3722766283
0
2394562200
0
6
45
0
36932715
0
2543235504
0
0
3
3
0
0
0
0
2228615667
5333534055
28
0
0
0
0
0
0
998754468
0
0
3284267571
0
0
6
2463984894
6
36521331
0
0
1293636
0
0
0
45
0
0
0
238001653
0
0
0
0
0
21
28
2308091617
0
1
10
248277185
334124165
0
0
1
0
0
15
70775252
0
1310847975
0
0
0
0
0
0
0
0
3167005481
0
3881818171
0
0
28
0
6118668708
0
0
0
28
0
0
0
0
0
0
0
0
2171042529
0
21
0
0
0
0
0
0
0
71754210
2936676
0
0
0
4767614710
0
0
169804803
0
0
0
5883033090
0
0
0
713947575
0
0
0
0
0
66
0
0
6816040080
0
185676082
23177836
66
0
0
2121577220
0
0
0
0
0
0
0
0
45
0
0
10
0
0
0
4564089083
28
0
0
3
10
0
0
0
0
0
621475119
0
66
0
4638337715
0
0
21
0
0
0
55
1965676314
0
0
0
0
0
0
2509825804
1638580853
5097924770
809286775
102481086
0
0
0
3760742891
6
0
0
0
0
3451184730
0
1343407692
28
0
0
21
0
5849671321
0
1645973979
0
0
0
0
2988920576
0
4765857229
0
0
0
0
0
0
66
10
0
0
0
0
0
0
0
1168837047
0
0
0
0
0
0
0
0
55
0
0
0
36
0
45
0
0
0
36
0
21
0
0
0
6461173281
0
0
660970260
0
0
0
0
600501837
0
0
0
3
62580072
0
0
0
0
45
0
0
6102271
0
603312195
0
3
0
1263310217
1
10
0
0
0
6268024585
0
1519465473
0
0
1581834378
66
37727640
3311067366
0
0
0
3149599983
3
66
0
45
0
0
0
0
0
0
67436691
21
2450805030
0
6
146692756
0
0
0
3
0
0
0
0
0
45
0
1248475462
0
0
0
0
0
0
36
0
0
10
2853712368
0
10
3
0
0
0
0
23540091
0
0
3
12794211
3159608226
0
0
0
0
2539599540
0
21
0
3863424743
0
1
2683257386
0
55
0
1918312764
0
0
0
0
0
16921653
66
0
6676998965
0
0
0
335055431
158838573
1259292177
0
0
5067677439
36
680233167
0
1
0
0
0
6
0
6
21
895173822
0
1
0
0
0
0
0
0
0
0
0
0
0
45
0
36
0
3
6
6
0
0
0
0
2348283240
0
0
10
1
0
0
10
0
0
0
231436852
115440
0
0
0
0
0
0
4214675721
0
6516309814
5343970587
21
21
0
0
0
0
0
0
1364482652
1850357340
0
0
0
0
3973192638
0
0
0
0
10
1
0
0
0
0
0
0
0
0
0
0
0
0
0
6727013970
3597903
21
10
0
22602726
479523995
55
0
0
0
10
644530635
1
0
3849548619
208641377
0
0
0
3
45
36
0
0
0
6
3222077940
1
0
28
0
6
0
66
21
2118907330
66
0
0
0
815938585
1523934000
6
0
320400
0
0
0
61510686
0
0
1
0
0
5139509739
0
0
0
0
0
1700465375
249303284
10
0
0
0
616605
0
0
0
0
0
0
21
0
1403731602
0
0
0
0
0
0
66
0
957096861
6
1
3
0
0
55
28
0
0
0
66
0
6
55
55
0
0
0
0
28618395
45
226919555
0
0
0
36
0
45
3370656520
0
0
0
0
0
21
0
0
1818256050
0
0
0
0
0
0
45
1025297680
6
0
0
0
0
0
0
0
0
0
45
66
0
0
5862874689
0
0
1077384987
0
165265287
0
0
1078870925
0
0
1761478307
2375637957
0
0
0
0
66
0
0
0
55
0
6617043214
0
0
28
0
0
6
45
0
0
0
0
375914489
823266750
0
15
0
112507499
0
0
0
1
2469604024
0
66
21
3
0
0
45
0
0
0
0
0
3
0
6
0
0
0
0
0
0
185676085
0
0
0
5399839015
0
0
0
0
0
0
0
0
2354249265
0
0
28
4236923410
3
0
0
0
1
0
18243820
0
0
1292028
0
10
0
0
4217063148
0
0
0
1286893272
0
36
0
0
0
0
0
0
66
0
1
36
15
10
0
0
0
0
0
3
0
279058490
0
0
0
0
0
692533915
0
0
2787468409
0
0
2490238868
1
0
0
0
0
1323113955
0
0
0
0
3
28
0
0
0
0
0
66
0
1319926507
0
0
2400448080
0
0
0
0
10
0
0
3
0
4707167812
0
0
0
0
0
0
0
0
0
0
0
28
55
0
0
0
0
0
0
0
0
0
0
55
28
0
0
0
0
532701099
0
0
36
0
0
1077013663
0
0
0
0
0
229268985
252596526
0
0
0
0
0
0
3104995770
0
1
2370195639
0
3527705996
0
0
0
0
0
5853457635
1163572905
0
3619430776
0
21
0
1096266872
0
0
3846151
0
0
0
0
0
0
0
1401083577
0
0
0
45
21
0
0
0
0
0
36
0
17449277
0
0
21
0
6342251580
0
15
1466950692
969826840
21
0
0
291744090
0
4574604698
391174434
0
1214136000
0
229503
0
0
0
0
0
6
0
15
0
0
0
1
0
0
5124414400
159320174
1155530700
0
0
10
0
0
0
0
5285924745
0
162910275
0
0
0
0
0
412950690
3
3336995620
0
0
0
0
0
0
1
0
0
0
6
0
0
21
2132665359
6852165579
0
0
0
0
1
0
36
1
0
0
0
0
0
0
0
5954842080
21
4668146945
0
283446145
0
0
3
0
0
10
45
0
0
0
0
0
264051690
0
0
0
0
1356866361
0
5018166405
45
0
0
0
3
0
0
228969299
0
0
0
109734705
0
0
6
0
0
0
0
0
1615705425
0
0
0
0
6
6
0
0
0
0
0
0
0
0
0
113846505
2770470693
0
0
66
6
0
510672860
0
1041846
0
6673648149
0
0
0
0
0
0
45
0
5161229155
0
0
0
0
0
0
0
0
5125933081
0
0
0
27044334
148600177
0
3
0
4343166579
0
0
0
0
0
0
3
0
10
1
5315887560
10
0
15
0
3
6
28
0
0
0
28
0
0
0
1
0
679753741
0
0
0
0
0
0
0
0
21
5752407364
0
21
5726586645
3556828608
0
4438657035
66
0
0
0
0
0
0
0
0
2196486054
0
0
3027003518
0
0
0
0
0
0
0
36
4071132474
0
0
0
0
5685031699
28
0
0
15
1638695370
0
3517878
0
0
192776427
0
0
0
10
0
0
0
1866941044
0
192462390
0
6
0
4540616105
66
0
0
0
0
0
0
1842639550
28
152102960
0
0
0
0
0
0
0
0
1531064113
0
0
0
0
0
0
0
0
6
5975048541
3210608733
0
45
0
4957142180
0
10
0
0
360313589
0
0
598043819
6
0
28
0
0
0
81453466
0
66
0
2063496
0
1
6
0
0
0
3447530121
0
0
89238119
0
4012870446
66
0
0
3582261036
0
0
0
0
879796375
21
2324563005
0
0
0
0
1112811061
0
36
21
0
15
3436329306
0
0
1259743912
0
199510300
3
0
1
0
0
0
0
0
2660595921
0
45
4102413445
883323475
66
5598142512
0
0
2159132035
0
0
66
485800034
0
0
0
0
325239759
0
0
2527711645
4238304325
0
0
5271334458
36
0
3843378
0
0
0
0
0
0
0
1
0
2042403822
0
647118279
0
0
0
0
0
1613489215
1183922127
0
0
0
36
0
0
1891832280
0
0
1061752315
0
0
0
0
0
0
0
0
0
439368545
0
0
0
0
0
0
0
0
6
0
10
6697584398
0
0
0
0
10
1385458465
3
0
0
0
0
3482410225
0
0
0
0
0
0
45
0
3
0
0
0
0
5440235829
0
0
0
0
0
0
0
0
0
0
2717429745
4898272717
0
10
817191372
4551581700
0
0
0
6
3
0
10
0
282518335
0
0
6
0
3
0
3681549300
4444689165
476679125
0
1
0
1749213357
0
959679934
0
901701796
21
0
0
2400378822
0
0
0
0
0
0
769594525
21
55
0
0
0
1607643450
0
0
44807310
6
0
0
0
0
10
0
3720523181
0
0
0
0
0
0
36
45
0
3463741286
0
66
0
0
0
44864128
1010331
0
1765635594
0
0
0
0
0
0
0
0
0
0
0
4327522973
0
0
497117725
54564680
0
0
66
0
21
0
3855605381
0
21
36
0
0
0
0
0
0
0
0
0
10
115694866
2195425710
0
0
0
0
0
36
0
1293598677
45
0
3115880201
0
0
0
30564471
0
25974027
0
0
0
2801897475
0
0
0
6128960904
734000434
3274306416
3837537018
0
3
267579411
0
708441240
0
0
160661772
975163202
526679719
0
3
10
629787774
0
0
0
0
0
0
0
0
0
0
15
0
0
0
0
0
0
0
11345466
3950404896
0
0
0
1768310709
0
0
0
0
0
0
0
0
4975380315
0
1314383353
0
66
0
0
0
0
6
5807994687
279058500
0
0
0
21
93961
0
6
0
3
0
0
0
0
0
0
2288700960
0
0
3796907643
81849614
762744132
0
5872949586
0
0
2286874629
0
45
66
0
28
84805775
45
0
1427516025
1772535542
0
0
0
0
230577075
0
0
0
21
0
0
83198550
0
1868346728
0
21
41756091
0
45
0
0
10
34415956
0
0
0
0
0
0
66
1010273704
0
649855305
0
0
0
1
0
0
603351
0
0
2812162474
0
0
0
21
10
0
0
0
4155574140
2022003013
0
66
0
0
0
0
0
604528585
45
21
0
0
5538939081
0
0
0
0
0
0
21
0
0
1159716859
66
0
0
0
0
0
0
0
0
0
0
0
0
0
1040615007
6
0
0
0
0
4208526585
0
0
0
3866238100
16689753
0
0
0
1540890
0
0
0
0
0
5531258386
0
0
973706364
0
0
0
0
0
0
0
0
0
0
0
4222758995
0
540169145
0
66
66
0
0
0
1368665030
31137885
0
5522216712
0
2132730699
0
21
0
15448460
0
0
11817090
66
0
3
0
300946310
0
0
0
0
885931368
66
6
0
0
0
0
0
391622081
15
0
814484977
0
0
36
0
0
10
0
0
0
0
0
0
0
0
0
0
4937653
21
0
10
0
0
0
0
36
10
0
0
0
1868224495
1
0
363865766
0
45
0
0
0
0
0
6
1569596378
1547431893
2107270734
6
0
0
0
0
45
54889003
4551009255
6
6524874664
6039059905
0
0
55
0
6207486708
0
0
0
124307028
0
36
0
0
442456877
1
0
3
0
0
0
0
0
0
0
6808453020
0
0
0
0
6385912512
28
0
0
36
0
0
0
0
3
1
66
0
45
0
0
0
0
0
111355425
10
0
0
2648355021
0
0
0
0
1179692423
0
1
0
0
0
0
0
0
0
0
0
0
66
0
15
0
47001359
0
537149455
0
0
0
0
0
0
1
2322926865
969528
45
0
0
0
0
0
0
0
221982985
0
0
1224060966
21
0
0
0
28
0
2744997455
0
3316440358
0
1192208862
0
0
0
0
0
0
3801876364
0
0
661042979
1
45
0
21
0
0
0
0
0
0
0
0
0
0
0
325571402
0
0
0
0
1015810180
1
0
0
3
3
176823415
11155725
766615743
0
0
45
0
21
0
0
0
0
0
0
0
0
597732579
2429637476
527878
3
0
0
0
2190260169
66
0
0
0
4139999460
1
66
0
2424063970
1478184375
0
0
0
21
0
0
0
0
0
0
0
66
0
1
21
0
1672877375
1
0
3046096368
0
0
3027030
55
626456105
2268044889
5073115320
1152504027
1
1438544313
0
0
45
0
0
0
10
0
0
0
0
0
0
3528041979
3455589366
14761461
0
2390757490
0
0
3100269386
0
0
0
2310334279
0
0
1
0
55
0
0
0
6750975
0
0
0
3
0
10
0
0
0
0
0
23677520
4425099795
0
115011361
0
6
0
0
0
0
0
0
0
0
10
1856628488
0
0
0
0
1
0
0
28
0
0
0
6724926296
3606425011
0
0
0
0
0
0
0
5844804976
0
0
0
1131760
859113416
0
0
0
5524213671
0
0
0
0
1093833350
6
0
0
1
0
0
0
0
318003
157575628
45
0
2499280335
0
6619341
784971250
0
0
0
1613489193
0
0
5405452234
0
0
0
0
0
0
0
0
0
0
1181247287
0
0
1951906404
6124201083
0
0
0
0
1
3594375246
0
2449964994
0
21
0
66
0
0
0
0
1
43277555
0
1
0
0
0
0
346331721
0
0
2862709575
0
11193545
0
0
0
0
36
0
6602211439
0
0
0
0
0
0
0
1
3
0
1109982258
1
0
0
55
0
1524044442
0
0
5397656884
36
0
0
916026982
2749889844
0
225048714
3940100790
10
0
0
0
0
0
55
0
0
0
0
0
0
0
0
21
0
0
0
360367280
0
0
0
0
0
0
0
0
0
10
0
0
3
0
0
0
0
0
0
256998456
0
0
0
22940151
0
6880876639
0
0
0
0
181118028
0
0
1
0
3
0
878999553
0
0
5236584225
0
0
3
0
0
45
0
332471790
36
0
1327438569
0
6
6
0
0
0
2290121997
3
6
834218266
0
0
92922525
7021
0
0
0
0
0
0
3
0
1249974997
0
0
0
0
0
0
0
0
188191
10
0
0
0
0
0
3496862961
0
0
0
246542112
0
0
5005751587
3
0
0
0
0
0
3
43631811
10
3389106
0
10
0
1440475947
0
0
0
0
0
2412936210
0
0
791283850
784575057
0
0
28
0
0
0
45
1143591372
21
0
59978628
0
0
0
1
55
6
0
0
0
4617268628
55
0
1092290427
0
0
0
0
0
0
0
102466767
5931510837
2599457350
0
0
0
0
0
0
45
0
0
196878
1741768710
0
0
6
0
0
0
0
0
0
0
0
120536100
3149520616
0
262995645
0
0
0
0
0
0
1583522220
4908571785
0
0
0
1697403
788342775
516313035
3
0
1950781947
0
0
2612307615
10
0
0
0
0
0
0
0
1197194763
0
3096490850
21
0
0
0
0
0
3
0
0
3952266
0
0
0
0
0
0
427678881
0
573706991
0
66
0
3
0
0
0
0
45
0
0
0
0
10
0
861851382
0
0
0
0
1
0
0
0
0
0
36
0
0
0
0
0
65065528
0
0
1222230958
1
339314265
4885611789
0
10
0
4056707754
0
0
0
0
0
11570454
0
0
0
3684295675
6
155382006
1522223073
0
0
10
6108827266
0
0
0
156512275
0
0
1762012560
0
0
0
0
220678535
36
5141334861
0
0
6912704505
0
0
0
55519453
0
0
5542939360
0
0
1
0
6
2762734575
2320814379
0
0
0
0
0
910385782
0
93660141
0
0
0
0
0
0
45
0
0
0
0
6065354664
0
0
0
0
0
3040635117
0
0
0
0
0
0
0
1692718014
0
0
0
0
0
0
0
0
0
135589278
0
0
0
0
3
3243144408
0
1
0
45
0
0
0
0
28
0
0
0
0
0
2800175994
0
0
0
1663116273
0
45
0
66
0
4871486535
1
21
0
4458937374
782991375
0
6
66
0
0
183370822
0
0
3
0
2008734030
1152215982
0
0
55
2000186370
0
0
0
0
0
0
0
0
0
0
0
0
0
5664044895
0
0
0
0
3635784856
0
6
21
0
373095576
0
0
45
4089741975
5431685833
0
6580052337
0
0
0
0
28
0
0
0
0
0
0
0
0
0
45
0
28
6
0
0
0
0
0
28861002
1
0
36
1026792583
0
207417518
0
0
0
0
0
0
6898954314
0
0
0
0
0
0
28
0
1013557755
36
0
0
5929223811
0
3536699346
1517867243
0
0
853567900
0
0
66
0
10
0
45
0
1
55
0
0
0
0
3
0
0
0
0
3785376
1299097875
0
0
0
15
0
1844643402
1
0
52782675
4231585989
0
10
79802661
0
62535336
10883444
1
0
0
0
0
0
0
6
0
110506411
562247810
0
0
15
0
0
0
0
3854815065
0
0
0
15
0
45
0
0
1
113123361
329898141
28
0
740335945
2030087304
3611437568
0
4473302936
0
10
0
0
1
2118061149
0
0
1513957848
2469393190
0
3883316241
0
0
0
1074230773
0
0
0
3
0
0
5785813761
0
10
55
40342652
738797559
10
0
0
21
66
0
0
0
0
718716720
0
0
0
21
6762321594
0
6712986330
0
0
0
0
0
0
803704275
0
0
1
0
0
0
3
0
1
0
0
0
1
0
28
0
0
0
0
0
0
36
2917754209
66
0
36
767830057
0
0
0
28
0
0
0
0
0
4240514257
0
0
0
6
0
1673860864
6354646414
0
0
1070942325
0
1
535413705
0
0
8859945
0
0
0
55
0
0
0
0
1592934318
0
0
0
0
0
0
0
0
4026947875
3
5791085965
4257199380
3785065511
2201924305
0
10
0
617708525
0
0
0
0
10
3
10
0
4315158529
0
0
106222600
55
21
28
0
0
0
0
4204857639
0
0
0
475229034
186834112
0
0
3717159708
0
0
36
0
0
0
0
1271315097
0
10
1926373449
3
0
0
0
0
0
438183605
0
0
0
0
0
0
0
0
0
0
265132877
0
0
6
0
0
3575577320
0
0
1
1
278114320
0
1875811869
0
6
828794526
0
0
0
584871280
0
0
21
0
0
0
0
0
28
0
0
10
0
0
0
0
0
0
0
0
0
0
1
45
0
0
0
154906401
0
0
0
0
0
396028286
55
0
1535549650
66
1
652670384
0
0
0
0
45
21
0
0
0
0
6
3
0
0
0
5120972958
3170110080
55
0
0
0
6
0
0
0
0
1870181033
0
0
36
2843220926
0
0
178973739
0
0
4902727717
0
0
4052475333
66
3
275653
66
0
16741791
0
0
0
0
0
0
0
3
5432832396
2502958122
36
0
0
0
0
0
0
0
0
3
0
0
0
0
45
6
0
418139820
6
45
0
0
0
0
0
0
0
0
0
0
1
0
0
28
2943784805
0
0
923575728
0
0
0
0
0
2361047397
0
21
0
1043673800
0
0
0
0
0
0
0
0
0
0
0
0
0
21
0
46856040
0
0
0
0
0
230860
0
28
0
0
28
0
0
522275019
0
0
45
0
0
0
0
0
0
0
21
0
418024140
45
0
0
5338079409
0
0
3
10
0
0
0
0
0
0
0
3
66
0
0
0
0
0
3402136
0
6
0
0
857083500
0
0
0
45
263270921
0
0
185117660
66
1443322125
0
0
0
0
0
76366261
0
0
0
1
6
21
0
3
0
0
0
514001932
0
0
66
0
0
0
1
0
6695732715
0
0
0
0
907997802
0
0
0
0
21
0
1
0
0
0
29211546
0
0
0
1271718525
0
1221736593
0
0
1639611474
0
45
3443711500
0
0
0
0
0
0
222362410
3210368349
6
0
45
0
6090933940
0
6
0
0
4085040421
31589325
1106921811
0
0
0
0
570189564
5730439995
0
985347007
0
0
5354934750
0
0
0
105945845
0
0
390084345
6024781269
0
0
0
0
0
0
2070815184
0
0
0
0
0
0
0
0
0
0
0
1565508984
6
0
0
0
0
0
0
0
0
0
4875336849
1
5857678137
0
0
4181231136
0
631563569
0
0
0
0
976532715
0
0
0
0
0
28
0
0
478069580
0
0
5361175
0
0
1750041513
0
0
0
2956228242
0
2229216
1
1
1
0
0
99680140
0
0
0
0
21
0
0
0
0
0
0
21
0
0
0
1404261504
0
0
1
0
0
0
0
1
0
3627943950
2898002610
6104296233
1
0
0
0
0
0
0
1792417995
0
0
131860679
0
10
0
0
0
0
45
66
0
0
3063057279
0
0
0
0
0
1
0
0
60637578
0
0
5854539691
0
2521103530
0
0
3949516111
0
185175387
0
0
0
0
0
0
501890393
2077642485
0
4892434766
0
0
21
45
0
3111855450
0
0
0
1059863817
0
0
0
6829941184
217601091
2618382780
36
0
45
274166233
0
0
0
5372127619
0
21
0
45
0
0
3890634351
0
0
256409335
6
76245
0
0
0
0
0
0
1695561
0
0
0
1010543443
0
0
6
6
607418084
0
0
0
36
0
0
0
209643523
0
0
0
0
953774647
0
0
0
10
148186720
0
0
0
0
1720996436
711908505
10
0
0
0
36
21
2068241764
0
66
6235746
0
0
0
0
0
0
0
0
0
28
0
3
0
0
0
1
0
45
0
0
1709750520
0
0
0
0
0
36
0
0
97391946
383298827
0
0
45
0
10
0
0
0
0
0
0
0
982552270
0
0
55
0
0
10
45
0
10
0
0
3
0
0
0
0
0
0
1032964850
1
4648842045
0
0
0
1941860004
0
32308740
0
0
21
0
45
58931796
929818105
0
0
0
5073115290
0
4842017992
66
0
0
0
0
1
2878621590
0
0
0
21
6
6533102233
45
0
0
21
2964846500
317734236
0
10
0
0
0
0
0
873264733
0
10669890
0
6
0
0
0
0
0
15
0
0
0
0
6
28
10
0
0
21
0
0
2822671670
55
1585323558
0
0
0
0
6622566273
0
0
213862221
1
0
66
3
3
45
3
85105581
0
0
36
0
0
1389830975
0
3
0
0
0
1
0
5142044689
0
0
0
0
0
0
0
0
0
0
0
0
0
0
55
0
3
36
0
5249691766
6445949608
0
36
0
0
3
0
0
0
0
0
0
45
0
0
673683550
0
0
0
1011217903
553463064
6
0
0
0
0
0
5467076416
0
2114547960
0
66
0
0
3278758721
0
55
0
5274312505
0
45
0
63986328
0
0
36
66
0
0
0
0
0
0
0
0
36
4536233570
4014393561
0
28
0
0
10
21
0
0
0
0
6624407790
0
21
1907056140
180490497
0
0
0
0
1199103903
0
0
0
0
0
0
0
0
0
371458395
0
0
0
0
5487904950
168168630
873640897
0
3252896801
0
0
1
0
0
45
0
28
0
4763319174
933789714
0
0
0
0
0
1
0
2292559005
0
0
0
0
3054766338
1
0
0
0
0
0
0
0
0
131147110
629042714
0
0
15
0
0
0
2985828716
1
45
0
6089278480
53400942
2688094493
0
0
0
0
0
0
3406219443
0
2222744439
0
471813120
0
0
3789678234
375311493
0
0
0
98764485
3
2439127062
0
36
0
2194431870
3
2817114355
117129165
0
0
0
5737614958
28
502175585
0
0
0
0
0
3355345
0
0
0
0
0
106777191
0
0
348255630
0
0
0
1241190570
0
0
4046805585
1037287350
0
1321057098
0
3
0
0
45
10
475290675
28
1036740852
0
0
0
0
0
0
397662291
10
0
0
0
1747675853
21
6124975815
0
0
0
0
0
45
8885220
0
0
0
0
0
0
0
1
5534729821
1
0
0
1495251927
0
45
0
0
28
0
0
16522625
6
3
0
0
10
10
0
0
0
0
735955774
0
21
0
3631863342
0
7603050
0
0
0
465750459
0
4494705057
5903878071
28
3366962785
1087075
0
4807930764
6477325405
0
4338880380
1
0
21
0
0
0
0
0
0
21
0
0
142813450
36
0
0
0
0
489860647
66
0
0
0
0
28
0
0
0
6
0
0
0
1
0
1419299278
0
0
4575848252
0
0
0
0
0
0
0
0
0
2270807115
0
0
0
0
3346151676
0
0
0
0
0
0
0
1033283067
69107645
0
0
0
55
0
6368520466
0
4827759417
0
0
0
6
0
0
55
0
0
5503316262
0
0
1
6
0
66
0
0
0
0
95282109
0
367896374
0
1154617479
0
0
0
60153996
66
0
5408883970
0
0
0
79853203
0
0
34773629
0
0
0
11503206
0
0
0
6639033999
66
10
0
0
0
0
0
0
4373977194
0
0
0
1183338273
1491863373
1805674437
0
3
0
45
0
79184819
0
0
28
28
0
1636234609
382219776
3
0
4650481433
21
0
372658649
0
0
0
0
0
28
6804252774
0
0
0
0
0
0
0
1373639902
0
3
0
0
0
3845688840
0
5751334830
0
36
0
0
0
0
0
0
0
0
3
1218426927
0
0
45
0
0
1676060247
0
0
0
0
0
0
0
0
0
0
2754489743
0
0
0
0
4341489098
0
0
21
0
0
0
0
1
1
0
0
0
0
0
143916
0
0
0
0
0
0
4587718338
5489371765
0
0
0
21
0
0
0
0
3764820141
0
0
0
0
0
6
0
0
0
0
0
0
344019555
10
0
0
3
0
0
300553903
0
0
0
66
0
0
0
0
0
962266512
1965613644
0
944842182
0
0
3
6570763500
0
0
0
356084631
0
2492991960
0
0
0
0
0
3
0
36
6
0
0
0
0
10
0
137771699
0
0
0
0
1870364535
6
0
3
21
0
3548399367
0
490988115
217017351
0
0
0
0
1
0
0
2665266519
36
0
0
0
6
0
0
0
0
0
4833656937
363973680
0
0
15
0
0
0
0
0
0
2568975354
0
0
36
0
0
28
0
0
0
0
45
0
0
311238765
0
0
1
645680079
0
1311308863
441119252
0
3
0
0
0
45
0
0
0
907784742
45
0
0
5967180324
0
0
0
0
2007910114
10
834422505
0
0
3251687018
0
0
0
0
0
23014719
3
0
0
3
0
6567897900
0
137174766
0
0
0
0
0
0
6857200320
28
45
6
0
10
3219429375
0
21
0
0
6
0
0
20496003
0
0
744574754
2267438805
0
0
0
213820859
0
0
5776673796
0
59563155
6
0
0
0
0
0
0
0
0
0
0
36
0
0
0
0
0
618833787
0
0
0
0
0
0
21
6340449679
0
0
45
0
362437416
0
1354367032
0
3037438675
3
0
35866215
6442543762
0
28
0
1
0
0
0
1479326393
50205210
1
0
0
8046065
10
6
0
175696884
0
0
0
0
0
429113157
66
990903900
0
179731320
0
0
0
76119290
469787877
0
0
426217791
0
0
36
0
0
826353528
0
0
0
0
0
207825078
0
6395676
0
0
0
0
0
0
0
5527682874
1412806718
1399866325
0
66
1598018283
0
0
0
0
0
0
0
0
10
0
0
0
120784653
645787890
0
694470545
6
10
0
6268024564
1829308320
21
0
0
0
0
0
0
0
0
0
6
0
0
0
0
0
0
0
0
0
0
0
21
59083885
0
55
28
1
0
0
0
2263130967
0
21
0
0
0
0
66
0
0
399978171
3208765985
4439033921
21
0
0
0
10
3
132332046
15
0
0
0
0
174443178
0
1505989518
1545374194
0
21
0
0
0
0
0
0
0
0
0
0
0
0
21
0
4195417380
0
707951985
0
0
0
6
0
0
0
0
6
3855429756
0
0
0
0
3929810140
10
0
2871948356
0
0
1
36
0
1696443870
0
0
0
0
3
0
0
0
0
0
0
45
0
3837011391
0
66
0
0
0
0
0
1
0
10
0
21
1346830944
0
2709326430
0
3
0
0
0
0
0
0
0
21
527426460
1
1
0
0
0
6
0
0
0
4099787055
0
0
1834271568
0
4034130531
339965844
0
0
0
0
45
45
0
0
6512771340
0
15823125
0
0
0
0
3379776391
0
0
45
45
0
106981878
0
0
182605605
3
0
0
0
0
0
0
0
0
360501525
0
0
6501933550
0
0
0
6282027960
0
6
0
45
1515443928
0
0
0
0
0
0
0
0
0
0
1036331098
0
0
0
0
21
0
0
0
1357178929
0
0
0
0
0
0
256431981
0
0
0
0
0
28
0
0
0
0
328948415
3109173786
0
45
0
0
3
0
0
3
1
36
28
1074138060
0
0
0
0
0
0
10
55
3034555550
1595588289
0
36
2710956
0
0
28
0
0
0
3
0
0
0
0
21
0
6
45
0
0
6
0
0
1467546548
0
41518828
2038570872
6
0
0
0
0
0
0
0
0
28
3
0
0
0
55
0
0
0
0
0
0
0
5769152191
0
15
0
0
0
10
130564719
6
0
0
0
1783149593
0
45
0
0
0
0
0
0
0
0
0
66
0
0
194962128
0
0
1213938895
0
0
0
21
1468359308
0
4924536837
0
45
0
0
0
0
28
0
0
0
10
0
0
0
0
0
0
297667800
0
0
5344815
0
1158753842
55
6
0
1703616000
0
36
0
1
0
4399454448
0
0
0
66
0
26941470
1332957525
0
0
0
0
36
0
0
0
0
2860742610
0
0
0
0
0
0
0
5618052955
1388882157
66
28
0
0
0
36
0
0
0
5452133610
3215819475
80905560
86113126
0
0
6534702615
0
0
1
0
0
0
999693252
3
0
0
0
0
0
0
36
2793066
0
0
0
0
0
0
28
1333215675
5556530005
0
66
0
882062980
704982474
28
0
0
0
55
0
0
0
0
1436399573
0
0
15
28
476123490
0
0
0
28
0
0
36
36
4594521815
15
5987298240
0
0
775096863
1
1699246
0
0
0
648522084
0
0
0
0
0
0
1323628423
0
0
1368508083
45
0
1375475019
0
0
0
0
4265138599
0
0
36
66
0
0
0
55
0
0
0
0
0
0
0
0
21
0
0
0
0
0
66
0
0
0
66
0
3156906025
4089470682
0
0
0
37053133
0
0
0
0
0
0
21
0
0
0
0
3901226901
463372882
10
0
0
0
0
5200419075
10
0
2116694574
0
10
6103522789
0
10
0
0
0
3051093750
36
0
0
0
0
0
3662182108
0
28
15
65763246
0
3
0
0
54909960
55
0
0
0
0
0
2777770344
1348336457
45
0
0
0
0
36
1
0
271270278
0
4531091555
50516326
0
0
0
2524726255
0
0
0
0
0
0
0
0
0
303675690
2295945956
0
0
255820880
0
0
21
927490894
0
0
2965462542
0
0
0
0
6
0
0
2555231322
3
0
0
0
839086074
0
1
424963266
6
0
0
0
0
45
10
0
0
0
36
0
0
0
0
444511835
0
0
0
0
6036092935
2212355385
0
28
0
66
0
0
0
6
36
0
0
0
0
3872924045
21
0
0
36
0
0
0
0
0
0
0
0
0
5333740620
0
0
0
6
4918980825
4215318450
0
0
36
0
0
409881395
0
0
28
0
0
0
55
1
0
0
0
0
95075149
0
0
0
1
0
0
0
1642762534
256273480
3154760983
2120014164
0
0
0
21
55
0
55
0
0
0
0
0
0
6618538812
0
0
0
0
500655545
0
2944398655
10
0
0
1060646650
0
10
0
0
0
628723529
5889651733
0
0
0
0
0
0
16425046
1
0
0
3
10
0
0
1125822411
0
0
0
187821271
0
0
0
45
0
0
0
0
0
0
0
0
0
0
234913647
0
0
0
0
0
3
0
0
165010861
0
805910857
0
10
0
0
0
4748494842
6494067529
0
0
0
0
4241343130
0
19328653
0
0
0
0
0
1
0
0
3470569631
3
0
0
0
123001770
0
55
5242419144
0
575435829
0
36
0
55
0
21
0
4785501130
0
3
66
0
0
0
36
42481153
1468955500
0
0
0
28
0
0
0
0
0
0
0
0
0
194035147
0
0
952421187
0
0
0
0
0
0
0
0
1
0
66
0
0
0
2061622542
0
36
4623132375
0
5033405575
0
0
0
172877712
0
0
0
0
0
1
0
0
0
442903182
0
6815573062
5843723820
0
0
0
0
0
0
0
0
0
95876627
0
0
0
66
0
3473319486
0
0
194133659
2813587569
0
0
81849615
0
0
0
0
1234672275
0
0
3760829618
0
0
3196281071
78945895
0
0
0
0
0
0
1281116268
28
0
0
0
45
0
0
0
0
66
0
0
3265249221
6632813010
0
0
5542412925
0
0
289574145
0
0
5748117744
0
45
199690114
0
0
0
0
0
0
1235716038
0
0
0
0
21
0
0
437295936
6409440765
0
0
0
0
0
0
0
0
229997628
45
6310081564
0
0
265063797
28
0
0
0
0
0
0
0
0
0
888121564
0
0
0
0
0
0
0
0
0
36
0
0
871677378
83598914
3014567092
380479890
0
0
0
0
6007340421
0
2223878050
0
0
36
0
0
0
0
0
0
0
0
0
0
0
0
0
0
55
62692003
1608720975
0
0
0
0
45
0
0
0
0
0
378578885
0
36
0
0
0
1469660199
0
1605036147
0
0
0
3
0
0
0
0
1802971219
409938646
0
0
0
36
5214400336
0
6196906083
0
0
0
394650450
0
0
10
0
0
0
0
1
0
0
45
0
0
0
346094895
0
0
0
0
0
0
0
0
0
0
0
0
0
2760505046
0
0
0
10
0
1
0
0
0
10
0
705132660
735572169
0
0
0
1
4476992570
45
21
21
0
2184505845
0
3
20933685
0
0
0
0
3
2237838444
0
726357554
16471
1
0
3114301571
0
36
0
468042309
0
1
0
0
0
0
36
0
0
0
28
66
0
1
0
285163011
1
53908535
0
0
0
0
0
0
2470236580
0
0
45
0
0
0
0
0
0
1
0
0
21
0
36
24749129
0
45
0
4314136695
0
10
1
0
0
5484029311
1
0
0
0
2400794565
0
60813906
0
0
0
0
0
173547765
26089475
2282413230
5836158675
0
0
0
0
0
0
101026005
0
0
0
447199370
0
0
0
0
0
8485140
0
0
2220877975
0
66
0
6
0
1077245733
0
0
142845
10
0
1930720860
0
66
0
0
2637522125
6324694170
0
266539416
10
0
55
0
0
28
0
289959321
3
0
0
0
0
3551095630
0
0
0
0
0
0
0
0
0
0
3143491685
0
0
0
3841480333
0
0
0
0
0
21
0
2489603745
0
0
0
0
0
988145737
0
0
10
28
3
10
5471259876
45
10
633947013
0
0
0
0
0
0
0
0
0
0
0
0
1202289163
0
15
0
1
0
0
0
28
0
4687782323
0
0
3873012056
0
0
10
0
0
0
0
0
0
0
0
0
36
0
45
215769148
0
0
0
0
0
190505437
0
0
0
0
0
1
5174852466
66
0
0
1114793365
36
0
0
1007264265
36
0
6
0
0
36
3302609618
10
0
1
0
2166761499
0
0
0
0
455099362
0
0
0
0
0
0
5631416956
0
156317721
45
0
1831607544
0
0
0
0
0
0
204252366
28
0
0
24454521
0
0
0
0
28
0
436143344
0
1000811427
0
0
0
66
1500889838
0
45
105045265
0
0
2140444300
0
4146371559
0
763212912
0
0
34391070
0
0
0
1797330984
0
28
388103720
0
10
0
0
1918932189
0
0
0
175978177
4634774726
0
0
2497513114
0
6
0
0
0
4480494398
0
0
0
310914506
0
0
3
0
6
200911035
0
0
0
0
21
0
21
1484988750
45
0
28
3
0
0
0
0
0
0
0
0
0
2256811330
0
0
0
0
0
0
6145579500
0
600051402
0
10
0
0
0
3
0
0
0
0
0
1055816100
21
0
0
0
0
0
0
4553680973
0
0
0
0
0
66
6471002
5615615208
0
0
0
0
0
0
0
0
0
0
0
0
0
6501819516
0
2327291172
0
45
0
0
6
620453150
0
581490232
1
0
0
19000530
0
478688210
0
0
0
36
0
0
5460595215
5066268064
0
162279120
0
0
546762831
0
0
0
3
0
6542478800
0
4897381930
28
0
0
29395277
3018606140
0
0
0
0
5691111262
21
0
665486382
0
0
45
0
1512930
0
0
0
0
2845785367
0
0
0
1242386625
0
0
0
28
0
0
10
0
0
0
0
580433553
0
0
0
1496564689
0
2114596
0
0
0
0
45
0
0
3522416166
0
0
0
0
0
1
4145552004
0
0
0
296960635
532407395
0
0
0
0
0
0
5418248806
66
0
3
0
0
0
0
0
3512854245
21
0
0
0
0
0
2523944670
28
0
0
0
710776955
3
192070197
45
0
2575143485
0
3
0
0
0
1
0
0
0
0
0
0
0
1027472418
0
0
0
0
0
1
173640930
0
0
0
0
0
45
0
0
0
3018217655
0
0
10
2661544310
0
0
0
0
4781686483
2417245209
0
200690592
0
5571298416
0
28
0
10
2436403909
0
1210147778
0
5612860110
8767577
2287821540
0
0
0
0
0
320133546
2147909617
10
0
0
0
21
0
0
0
0
0
0
0
0
66
608010753
0
0
18650778
45
0
3621643268
0
0
0
5422517664
0
0
0
0
1833847613
0
366216515
1375947090
2914623039
0
2923256917
0
0
0
0
0
0
259156761
0
0
0
0
0
0
854890572
0
0
0
0
0
0
0
0
0
0
0
0
0
288492210
0
3
3
0
199690120
0
0
0
45
0
3274144536
0
0
0
466330527
0
0
0
3
0
6
0
0
21
1961227099
307309226
6086630212
0
1803571764
0
0
3
923060058
0
0
0
0
0
66
0
0
6
0
0
0
0
1852791473
0
0
0
0
780737367
0
0
45
0
21
0
0
0
4957042599
45
0
0
0
0
0
0
0
0
0
0
0
0
542077200
0
1
0
0
0
0
0
0
0
0
0
0
0
0
0
0
0
21
45
0
3284024436
0
6
587062224
0
0
0
0
0
0
0
2735669460
0
66
0
0
0
5250420
0
0
15
0
45
0
4309307845
0
0
0
0
55
0
0
6738385939
0
36
0
28339155
36
1927552999
6
0
0
0
0
10
0
66
0
0
0
0
0
0
113168489
0
1
0
0
0
0
0
0
0
3767250156
0
0
1263863198
0
3
238088931
0
0
0
0
0
6292232224
6420654474
0
2189466015
72018001
0
0
0
0
1
0
0
0
0
0
0
0
0
0
2065412835
0
1
4235082540
1362759293
0
0
3751642121
3614667789
0
0
0
1262807612
0
0
0
0
0
0
1
0
45
1
0
6
0
0
0
0
0
0
0
0
6
10
220405504
3
36
0
0
0
3845951911
2995960492
0
0
0
0
0
0
0
0
1875199414
5103075780
0
0
4876225599
6474138900
0
0
0
0
532081130
0
0
6117783760
0
0
5318259345
0
36
0
6
0
2353837572
0
0
0
21
6
3831144335
0
0
0
0
0
15
0
0
0
0
0
10
15
0
587404935
915427845
0
0
4308379496
0
28
0
0
0
0
163181145
36
0
0
0
0
0
0
0
66
563391
0
0
0
0
0
0
1
36
0
3
0
36
0
0
944625
36
0
0
5655958837
0
36
1160198507
5721022962
5738579101
0
3868084945
0
0
3168119790
0
0
0
0
0
0
0
0
638262853
2653670505
0
0
0
3
0
2204446764
0
2833652085
0
0
1490279712
0
0
0
0
0
0
67890377
0
45
0
0
0
0
0
0
0
0
0
1352338018
15
0
0
0
0
0
0
1044267847
3
0
6
0
3182783175
0
0
0
605550
0
0
0
0
0
0
0
0
6
0
0
2429358654
0
0
0
0
0
0
0
0
1085430500
0
0
0
0
1123071893
602339980
850760604
2777770370
4545096132
6870205524
0
1
1542929010
103788027
558030525
623804160
0
0
0
10
0
0
0
0
0
21
2159723497
0
0
1203073875
0
0
4144550435
45
1
0
0
0
0
0
45
0
298424655
21
0
0
0
0
0
0
0
1
2156569939
423419535
0
473851
0
0
28
318516180
0
0
0
0
0
0
0
0
0
6
0
0
0
0
0
0
0
0
6
4758049959
3033698661
0
0
0
10
137705309
0
0
0
5837671333
0
4325755546
0
0
0
0
0
0
4261537339
0
0
36
0
55
652995576
6
0
15
0
0
0
432812330
0
0
6
0
0
0
0
1
0
0
0
0
0
38706801
0
0
5270102379
0
0
0
0
0
3
0
0
0
0
0
15
36
0
0
10
0
1754599913
10
0
0
3
0
0
0
14728877
0
10
3
0
45
0
21
0
0
0
6
0
0
0
0
0
0
0
0
0
10
259156751
6596811761
0
0
0
0
21
0
28
0
0
0
0
0
6
0
0
0
0
0
0
0
0
0
0
0
0
6
0
0
1959160900
55551070
421617240
0
36
0
0
0
0
1458189003
0
0
0
6
6
36
0
0
0
0
0
0
0
0
0
0
0
0
0
28
0
3
0
0
0
0
0
0
0
0
0
0
698277114
0
13668606
10
0
0
4137997857
0
0
0
0
0
36
0
0
0
1221983763
0
5843723820
0
0
69472577
1
6
804947625
0
0
1204398657
0
3
0
6243528340
0
0
0
36
45
0
0
0
38408229
6106285260
0
0
45
0
6
0
0
0
0
0
0
1
2649519605
0
10
55
0
0
0
36
0
0
315243495
0
0
0
0
28
385600334
0
0
0
0
0
0
0
1
28
0
0
0
0
0
6851931450
0
0
3
0
0
3362369000
0
0
0
36
1
1955219305
0
45
36
0
0
0
10
0
0
3271312905
0
3948360771
1295125059
0
6135494859
0
0
6
0
0
0
0
0
0
0
0
0
6
710663849
0
0
0
0
0
0
0
0
1174278
1752527178
0
0
0
3
0
0
0
0
28
0
812387571
0
0
0
0
0
0
144015903
2334186939
0
0
0
0
42049035
36
0
0
0
6
0
0
21
1186112837
45
7994001
1565900700
3477905091
0
0
0
0
66
6402762475
0
0
0
0
15
0
1
0
0
0
4539377358
0
162387228
0
5315887560
0
181289361
0
0
21
0
0
324551503
0
0
0
10508819
0
0
45
15
0
2966848955
0
0
0
0
0
0
0
0
0
21
0
1
0
0
4163055
0
0
0
12115503
0
0
0
6492586083
15
2234093584
0
1742299937
21
1796611568
0
6462651160
0
0
0
2112402495
0
0
1306652757
0
0
28
196902090
0
36
0
45
0
0
0
84363555
0
1
0
0
0
0
15
0
646111375
479090514
0
0
0
3185256975
0
0
0
0
0
0
0
99991010
0
6
0
0
248633840
0
0
5376170905
1
0
0
0
0
0
21
0
0
0
0
45
0
0
3441305231
0
0
0
0
0
0
1129051437
0
28
0
5848697890
0
0
0
16310616
0
6
36
0
0
917654217
0
0
903953919
0
0
262262252
0
0
0
21
337285368
14555710
0
0
1890848254
0
0
0
0
0
0
0
0
21
0
0
0
442270
29718195
0
0
6
0
114420627
1
0
0
0
0
556961990
21
0
1644884040
0
1383932349
0
3
0
0
0
2689854521
0
4399829666
36
3635188001
36
15
0
21
28
0
0
0
0
0
2774640735
6458331681
4893918675
0
0
5407116
0
0
0
66
944668308
0
0
0
0
0
0
1384774248
0
0
0
0
0
6436982850
0
0
0
0
0
0
0
0
0
0
0
5129173641
0
0
0
0
3
0
0
0
0
0
0
0
0
0
0
0
0
0
15
21
0
28
1
0
0
1
0
0
0
697081788
0
0
4296846
0
0
2664463490
939026113
0
36
0
694619618
0
0
1884765078
0
0
4266431696
0
0
0
0
0
5649840
0
2691248259
0
0
465323268
1456839228
0
0
0
0
45291403
0
0
0
4843828
0
1
0
0
0
0
0
0
611817689
0
0
0
0
21
0
52249752
394847136
0
1620825574
0
0
0
0
1196509806
0
0
0
0
4333199850
4027665855
3189075
0
6
3954939438
0
28
0
3
2044129824
0
0
0
0
0
0
0
0
0
0
0
45
2604290499
28
15
0
0
225876885
0
0
0
0
0
0
1
0
0
0
82631937
0
0
0
0
0
0
701719432
0
0
0
0
0
0
0
0
0
733732277
0
0
0
0
0
36
55
0
0
0
0
36
0
0
0
875648473
100288203
877951635
0
36
0
82452061
3
6
0
2694036896
1
1479924782
36
2646172090
0
21
0
3400774146
2614838050
0
0
1413125700
0
1
13894356
946000
83767096
0
0
0
521435050
153624156
5152190750
0
0
3
0
45
0
0
0
0
3
0
1
0
1831123358
875146351
45
0
0
1500232473
0
6
0
0
762041277
45
0
0
0
3480490983
0
0
1
66
0
0
1486624100
61410903
0
753826191
10794981
0
45
0
3899372190
0
0
0
11919402
0
438516
0
0
3
6
1
0
112417514
83495503
0
438331635
15
0
0
5803468935
0
0
0
0
72559080
36
0
0
0
1295583128
0
0
2636360181
0
0
0
4701154040
0
972030183
454013890
0
0
0
0
0
0
104004253
252866316
0
0
21
3599888481
10
6114797512
0
0
0
1525314525
0
45
0
0
6624177585
3
0
45
1819100397
663044310
0
1613432409
0
66
299304811
21
2749667382
0
28
131066145
1637607825
66
36
10
0
0
6529787736
0
1559918434
0
0
0
0
2841185261
244061371
0
0
0
0
55
0
21
15
66
0
0
0
96625851
21
1929354015
0
0
0
6923761584
0
0
4804401264
21
3016197936
6
593280680
0
0
3
816180988
0
0
0
0
312162591
1245778542
0
159981327
24238203
0
0
0
0
0
0
5158384740
0
0
0
0
0
0
0
479710
0
4084407726
0
0
0
3672630615
0
3900785286
0
0
0
0
0
0
0
0
603277479
0
570865134
0
0
895791
0
2507842425
1279294650
1
0
0
0
0
0
0
36
45
0
21
0
28
520047354
0
0
0
0
0
0
0
0
0
0
0
0
0
878475
0
0
0
1
0
0
0
45
0
0
0
0
10
0
3
0
0
3
0
1494431775
0
0
1834271568
0
1
0
6624637999
0
1
3745061775
0
0
0
0
486579609
36
0
0
0
0
0
0
2087064522
0
6713218073
0
0
0
0
66
6
0
0
3860436601
0
1166903867
0
0
0
0
0
0
0
4160681010
2991472565
0
6
36
0
0
4597110413
0
0
0
1
2879608095
0
0
0
0
0
1500780263
0
45
28
15
0
1
0
0
2832824049
0
0
0
0
0
0
1
6
45
0
0
0
0
0
0
0
0
0
0
0
10
73920
0
0
0
0
41336777
21
0
0
0
0
0
0
28
28
0
39529385
0
0
10
66
0
3790548905
4958536284
0
0
364486490
0
0
1
0
0
5722092708
0
0
0
4862521
4602385656
21
0
66
45
0
0
0
10
0
0
0
0
0
0
45
45
10
0
0
0
0
1287349908
0
0
0
0
6
1
0
0
5133023115
859735296
0
0
15
0
0
3
0
4072666581
5521060776
6
0
0
0
0
0
1498753872
239443786
344308160
21
4775820712
1937749095
0
1
0
955828482
0
1
0
0
45
0
69661306
0
0
0
0
0
0
0
0
108906661
36
45
0
0
0
0
0
0
0
0
4465361232
0
0
0
985702197
0
0
0
0
3
218227386
0
0
0
1
0
0
0
0
0
0
0
1867246577
3668689266
36
0
1181004297
0
0
1225496250
0
0
0
2786423190
0
2270604956
0
21
0
6
0
0
0
0
0
10
0
0
0
6
2262054655
0
0
21
0
0
0
0
0
523018650
0
0
0
0
0
0
0
0
0
0
0
6
0
4071493396
0
0
0
0
0
0
0
1
0
0
0
55
0
0
0
0
0
0
1025931750
573910239
286406201
0
0
0
0
0
0
0
0
0
4609392050
0
0
0
0
0
15
28
66
0
6
0
0
0
3
3050937527
0
1680861
66
36
0
0
0
0
0
0
496140740
0
0
6
6571680635
3
0
0
3
790289645
0
66
0
0
0
0
0
0
5164989021
0
66
241637130
6
0
209745921
0
28
0
4470276699
0
0
1842457428
6462651139
0
0
0
5979421980
0
0
0
0
170986277
0
10
0
0
66
0
0
0
45
3
0
5066670744
0
2819291585
0
0
0
0
0
0
15
0
0
36
0
116319377
0
0
10
0
55
0
0
1
0
0
0
6
0
0
0
0
3
0
0
474674265
0
747007875
0
0
0
0
3586917941
0
45
0
0
0
0
0
0
614969964
0
0
0
745578399
0
0
0
21
0
0
0
0
2475722125
0
3585308850
0
0
0
418255502
0
0
0
0
0
1
1863642820
45
0
410482868
0
45
0
0
0
0
0
0
0
0
0
0
28
0
0
0
0
0
4555876212
0
0
0
3
0
0
3
5814139650
0
0
28
0
4072847086
0
45
0
0
23218705
36
0
28
1620768617
0
197199867
0
0
4679749085
0
0
0
0
0
0
0
0
0
0
0
0
401053680
2983897090
0
0
0
0
0
23870595
0
0
5571087280
1
0
0
0
0
0
36
0
21
28
0
0
4066982745
0
0
0
0
0
1654649095
0
0
1
0
0
0
0
0
0
0
21
1
0
0
0
0
313989269
0
1641387139
0
0
0
0
0
0
6532305
0
1
0
1820608625
0
0
0
33378534
0
0
0
0
0
0
0
0
6
0
589360257
0
0
221119929
0
0
0
45
0
0
444094502
0
0
0
0
0
0
0
0
1535826750
0
0
0
0
0
0
2268314325
0
0
0
4647395790
0
28
0
730326870
0
15
1
0
5217770890
0
0
0
0
10
0
2969391506
396563193
0
21
10
0
0
0
0
0
0
2069142257
0
3
975649048
15
2666434841
36
0
5076842959
0
0
3
0
0
1143208830
0
0
455431269
0
10
0
0
111504710
0
0
1
0
3
0
6
3285321225
0
166303200
0
3961701576
0
28
632452394
0
0
1
819173505
0
6237495541
0
0
0
0
0
0
0
1608153807
36
795546195
0
6720983764
235672899
3403496250
0
10
0
128632780
0
0
0
0
1
0
0
0
0
0
0
0
509906144
0
45
0
0
36
3
0
0
0
0
0
0
0
0
3
0
0
0
45
0
0
36
0
0
711455766
2620047430
0
0
0
0
0
0
0
162165
0
10
0
0
0
0
28
21
0
0
0
10
0
0
0
0
0
0
3
0
55
0
0
0
0
0
0
2420722954
251743141
0
2736927095
0
4625728965
1589436765
0
0
625288563
3529218095
0
0
0
0
251227320
784535463
229676028
0
0
0
251384253
0
0
0
0
14555710
6
0
1636349018
14079471
4397766199
0
0
2960920545
0
286621643
0
0
0
0
1772297388
0
45
1482755193
0
0
0
1
0
0
0
0
0
0
486860389
5904766
0
28
0
0
0
4663896435
0
0
0
0
0
0
45
45
5607034290
0
706973982
0
591869194
0
0
75688056
1951281675
0
1269198125
640300999
0
0
0
0
0
36
0
0
4933174719
0
28
0
3528496
1
0
0
2250366322
0
5684818461
0
0
0
36
0
0
257656350
0
0
0
123897411
0
0
3299928170
0
0
5284896579
0
0
6
6
3
0
0
0
0
0
0
0
0
0
0
0
45
0
0
1734928959
0
2976331245
0
0
1220995208
0
0
0
1004842014
0
0
0
21
0
0
0
0
21
0
0
0
0
6740707940
274587895
0
0
90256329
0
0
0
66
1
36
3
0
6
0
986323884
29525770
0
0
5785921312
0
0
0
6
0
0
4533757421
0
469849164
0
0
353022296
2534328405
0
0
0
0
0
0
0
0
0
0
0
21
10
28
0
3
10
1778315675
0
15
0
0
2471642550
45
0
5106713346
0
0
0
4393734356
6364006926
0
0
914828904
3317743566
0
0
0
0
0
0
474027444
0
28
0
0
1
0
1
0
6
0
0
0
0
0
0
0
0
0
28
5625793635
0
0
3002698755
2324085747
0
0
0
70193476
0
0
0
6
0
0
6882049794
0
0
0
0
0
1206264393
0
0
0
10
0
0
0
21
0
5744580023
0
0
36
45
25215651
190329805
0
0
0
45
0
0
0
0
0
0
6
6626249574
0
11445720
3
0
0
0
0
0
0
6003942945
0
0
359642787
0
27250652
0
0
0
36
0
3
28
185637546
0
0
0
0
0
2577225109
0
0
66
1151352063
0
0
0
0
0
2445207310
0
55
0
0
0
0
0
0
0
0
0
0
0
0
0
0
0
45
0
0
0
0
3630244191
0
0
0
43753335
0
0
1
0
1156732836
3198120231
0
0
0
10
0
1
588914039
0
1
0
45
1604639572
45
3
0
0
10
0
3
0
0
2714850131
0
28
0
0
0
0
1436131593
0
0
3523003725
0
0
0
0
517341860
0
0
0
3216541276
1
0
0
761572875
0
0
10
219042915
4345683323
0
0
0
0
0
4885315245
0
0
0
0
2540454834
0
45
66
0
0
0
3104916993
0
0
532342134
0
66
0
66
0
0
389023661
0
0
0
1
0
12507501
10
0
21
0
15
3372627340
0
0
0
0
82105705
0
0
0
0
0
0
21
599220250
0
36
0
1799909995
0
0
0
0
297667790
0
0
1314332082
0
823753752
0
6
0
0
0
0
0
0
0
0
0
0
0
0
0
0
0
0
0
5409300033
66
24078330
45
0
2905773251
0
0
1
0
3143333071
0
0
0
0
0
0
0
0
0
0
0
0
0
573097419
6814989312
1
0
66
0
2886290243
0
6
1
2577799467
0
0
0
0
0
791911
0
0
0
0
15610077
1354991650
0
429728576
0
6507027
0
0
21
0
45
0
0
1311513692
0
6831343762
0
118633906
0
11608971
0
3279892483
1606679620
1
3
21
0
0
5949604920
4807930794
3735979975
6761972712
0
0
0
0
2221077889
45
0
9845703
0
1817713337
10
0
0
21
624192775
0
0
36
0
0
0
0
0
0
140759031
0
0
0
0
3
1
10
0
45
36
0
0
0
10
0
4249912894
15907619
0
2231220165
0
6365135140
0
0
4828545519
0
3
105625845
0
55
0
0
21
0
3
0
0
0
0
1351090132
0
0
0
2232155484
504809410
0
0
0
0
0
0
3638258208
0
0
0
0
829853427
0
188811028
0
45
0
0
3365321775
0
14405027
10
257951541
0
1756496064
0
21
3
0
0
0
3
0
0
0
117022051
1
0
21
2807514701
0
0
0
10
1885317705
2802496375
0
0
1185528468
0
0
3678032018
0
0
36
0
10
0
45
0
4181688371
0
0
1
0
3908561890
0
0
3
0
2169000310
264948680
0
318036810
0
28
0
0
0
1
330977856
0
0
0
0
0
0
0
21
0
0
3
0
0
4473965066
0
0
0
0
0
0
0
0
0
45
3
419355279
0
691938590
15
0
0
0
146247750
4828278
1
5474817054
5996165250
0
0
1
55
1527801000
814848262
0
0
3
0
0
0
0
0
0
0
0
1033010325
0
830790682
0
0
0
0
10
36
0
1
28
28
0
0
0
0
0
0
0
0
10037440
0
3371970371
0
1
0
36
0
0
4807244395
0
36
0
0
1
3
0
45
0
0
70063203
3173853583
0
1
702206549
0
0
0
0
0
3
21
0
0
0
0
0
0
0
0
0
0
259794615
36856
0
55
0
0
0
1
3
0
1
0
0
0
246320100
15
0
449085464
0
0
0
6257839935
28
10
0
0
36
0
21
0
0
0
0
0
45
0
0
66
0
0
0
1307163987
0
0
0
0
216434412
0
0
3290673365
0
3
0
0
0
0
45
0
0
0
0
1035511783
0
0
0
0
0
3158256990
435788988
0
0
0
0
5834430208
0
0
0
478286050
0
0
3427961390
0
377121915
0
5801314404
5031198480
0
10
6342476833
0
0
0
3144839768
0
1
0
52485134
6
66
0
0
511056414
0
637905600
3
28
0
0
162387230
0
379680336
0
0
0
2361253532
0
0
0
0
0
4461487446
0
0
122406480
28
1157743137
0
0
0
0
1532503175
0
0
0
4312743456
0
0
0
3
15
0
0
0
0
0
231975020
0
2031616875
0
45
0
0
1
0
0
0
2431938396
0
733081174
0
45
0
0
1384142799
0
0
0
0
2002843689
0
140540995
0
0
0
10
66
0
0
0
0
0
52208870
0
0
148893393
0
31517830
0
0
0
10
0
430813966
0
0
0
1265371968
0
0
36
0
0
0
671336402
0
0
0
595418285
0
0
0
0
0
0
515606327
0
28
28
0
1
0
5334980115
0
45
17296021
0
0
45
0
1501931000
0
18915
0
0
0
0
0
1
0
0
0
0
0
0
1874464578
6612557445
0
0
0
0
5642034585
0
302887578
3
0
3062196401
0
823429050
0
3
0
28
0
0
0
0
826597449
0
10
0
0
28
0
0
0
0
0
4356224449
0
0
0
0
0
8256
0
0
1
0
0
0
0
0
45
15688401
0
3639537858
0
6727825946
0
5118038506
0
0
0
10
37640826
0
162171045
45
0
344544365
0
1411796950
0
0
0
0
0
0
0
0
0
6
381832785
0
4760586640
53215085
0
0
0
5511187533
0
0
0
0
0
0
0
4220829326
0
0
0
0
0
0
0
1116541137
0
0
0
0
0
0
0
0
0
508884732
0
0
0
2350545294
0
0
876234432
3
0
0
10
1
0
0
0
5972315920
0
0
239969278
0
0
0
4266154614
0
0
4232505960
0
0
1764566115
0
0
66
0
1
0
0
45
717125255
0
0
0
66
0
0
0
160930767
0
4374164223
1239198408
0
0
0
21
0
1
0
6
497212344
0
0
0
21
0
0
0
0
36
6
0
0
0
0
0
0
0
0
29779903
0
0
569851917
0
6
1
0
0
0
0
0
0
0
66
28
10
0
0
0
0
0
0
0
1
0
66
0
0
36
0
66
0
0
21
21
0
0
0
0
0
10
0
0
36
0
0
1123024500
805348896
1175179425
0
21
0
0
0
0
3825544175
0
0
0
2774491776
45
10
0
36
0
0
0
0
0
36
6
988857153
0
4778362125
0
0
0
1
0
0
3
0
1580822078
649350702
5731296471
0
86139374
6128296629
0
0
0
0
0
21
0
1301953903
721715007
267163160
0
45
0
0
36
0
66
0
418718376
0
583230778
0
0
0
0
10
0
0
0
0
2257617604
0
21
0
55
0
0
0
0
0
0
0
0
3195881316
449595090
0
0
0
0
0
0
0
0
56397510
0
0
1
115877475
0
6
0
45
6
0
0
0
0
0
47137195
3070419030
5917795181
0
28
0
0
6
0
0
0
0
0
15
0
4093812810
0
0
0
0
0
0
0
0
0
0
0
0
0
0
0
0
21
0
0
658246183
0
0
0
0
0
3962502738
0
6264029
0
0
0
663153568
4462243194
0
0
1
0
0
3852971426
0
0
441030129
0
0
0
0
0
3174570711
0
152941302
598770314
1265170747
0
0
0
21
0
0
0
0
0
0
0
21
1104758500
3115564408
0
0
0
28
0
3
0
0
3620196550
0
1278991173
0
0
0
0
0
35823880
0
15
66
0
0
0
0
0
0
0
0
0
0
0
1728220230
0
94318245
0
0
55
0
36
1688880015
6413857125
0
0
55
0
0
23849871
0
0
4259598829
3966509763
0
206806953
0
0
0
0
3
0
0
0
0
4942317295
0
867215460
0
6464470299
0
21
36
1
0
0
0
1525148807
2188142745
0
1989015
0
4329849132
0
0
3
0
0
0
0
2438219175
0
0
3
1479924807
55
0
21
0
1
76539378
0
45
28
0
36
0
0
45
0
0
1140723727
0
6
0
0
574011902
21
5214502437
10
0
0
241417345
10
0
0
1
0
837161818
0
4749371925
0
0
0
0
5387687065
0
0
0
0
1630975913
0
1203122928
0
0
28
10
6661522959
0
0
0
0
0
0
0
0
10
0
3
0
0
0
4609776143
0
0
3763084871
0
28
1
3
28
0
461791224
1
0
0
21
0
0
0
0
28
0
66
0
0
0
0
676329010
1
0
896147277
0
0
0
0
6
0
1
0
0
0
66
66
0
1812411293
0
1614682372
0
0
45
0
66
0
2516277264
36821070
0
0
0
0
0
3948183046
0
0
283612836
0
0
0
0
0
0
556928624
0
0
0
1622761937
4872671085
0
0
0
2283021342
0
0
0
0
129419915
0
0
0
0
0
0
36
337233425
3
0
0
0
0
0
3
303601761
0
3
0
0
0
177312696
0
0
0
0
1
264212577
0
238219872
0
21
0
0
4710273204
376408193
0
0
0
0
66
0
28
694433277
2430055745
0
0
0
2010128679
0
15
0
0
0
0
0
0
0
0
6534473974
0
0
0
2177702974
0
0
0
3258706805
1
21
0
0
0
4317760073
0
0
0
0
1980249742
182185413
0
0
1
28
0
0
1
0
0
1197439425
494472627
0
0
0
0
91753830
0
66
0
3
1469497575
0
0
0
0
0
0
0
0
21
0
6900598915
0
0
0
0
0
158517912
0
3
0
10
5805839337
0
5862658141
0
0
0
0
0
4243369605
0
0
21
0
0
0
0
0
0
0
0
0
0
0
75774205
0
0
240341850
0
45
1
28
0
0
4574413397
0
21
0
1535715907
0
0
0
0
1013737875
0
3765080466
228691185
0
4999149970
0
0
0
0
45
0
0
0
0
0
0
0
0
0
398932371
1
1
0
0
0
0
920398057
0
0
10
0
0
0
0
0
21
6
0
1182997746
66
0
0
0
0
0
0
0
3313671891
0
0
1
21
0
0
4078264120
0
704456870
0
0
0
0
3249429375
0
0
0
0
1
0
0
0
15199340
0
0
0
0
0
0
1
0
1424738887
0
0
0
10
0
0
0
0
66
0
66
0
0
36
0
0
1122218972
1848958427
1431740288
0
0
0
0
2660450030
3
0
0
0
0
21
3
0
0
0
0
10
0
0
0
0
0
0
280264650
0
55
0
0
28459739
36
1427409162
0
535021113
373150211
0
1
0
293922125
0
0
0
0
36
0
0
0
4740701842
0
0
0
0
0
3
0
0
6
66
0
0
0
0
0
0
1
0
5670219741
0
28
0
6002847169
279554825
0
0
0
3
5905182105
0
0
36
0
0
0
2936883110
0
4808126887
66
0
21
0
66
0
0
1
6
0
217455085
0
0
402499363
3381503158
0
1639210647
10
0
0
0
0
1
0
4914915049
0
0
13176411
0
0
1949595336
0
3
1422924528
0
3
5277907866
0
0
313037730
0
0
0
0
0
0
0
0
66
0
502080495
66
0
3654227269
0
0
0
161020485
0
0
0
0
0
0
0
116716281
0
0
0
10
36
0
0
420903
0
916069803
0
0
0
0
0
3858152393
10
0
0
0
0
0
0
885115
0
0
0
0
45
6227447356
0
0
0
3040011289
0
4902925764
55
0
0
0
4970593299
0
0
0
0
0
0
10
0
6648601586
0
0
0
4560
0
0
0
0
45
21
5871324000
5801960715
0
0
45
0
0
0
0
0
6
0
1
0
0
0
0
0
3
478657249
0
15
0
0
0
0
0
5540517945
0
396647694
395606255
1506318807
0
0
0
3892134061
0
0
0
0
21
1
10
2577440482
0
0
0
0
0
0
0
2259432217
0
2115718689
0
0
0
1
0
0
0
0
0
66
0
66
0
0
2949465600
0
0
0
36
1023034758
0
0
0
0
0
0
45
1633432718
0
0
0
0
0
0
0
5101257483
0
0
0
28
0
0
4921163200
4869907329
5080874379
0
0
0
0
6216961212
0
0
28
412864477
0
0
21
0
3
36
0
1809883502
0
28
0
0
0
1
0
0
0
0
55
0
1467329850
0
287724066
15
0
0
0
45
0
0
1281419994
0
0
0
36
0
66
0
0
0
0
0
21
0
235607772
0
0
0
28
0
0
0
21
6
3
0
0
466055714
0
0
0
0
1864375488
0
0
0
0
0
0
10
0
0
66
0
0
0
0
0
0
0
1380291
0
0
0
0
0
0
0
28
0
0
0
0
95544576
0
45
28
0
0
0
1
45
0
0
0
45
0
335573361
1797570810
1
0
0
0
0
0
0
0
0
28
0
0
91374921
21
377781327
0
0
0
3830093993
0
45
0
1
0
0
0
0
0
45
3500041601
0
0
2121902930
1184262750
3335688671
1670680104
0
0
0
0
0
0
0
0
0
0
0
0
0
2026138638
0
1781239135
0
0
0
260981281
830627660
0
0
566851282
3
0
1002870502
0
0
0
0
0
0
21
0
0
0
0
0
28
20849652
3160959760
0
0
0
6
2465669948
559434504
3
0
10
0
0
0
0
0
2243394600
0
6
0
45
3867557265
926070163
0
0
36
0
0
0
117190395
0
4740993955
36
0
3467904111
0
45
0
0
0
0
0
0
0
0
0
482097825
0
0
0
0
0
0
0
21
0
66
343835975
69507945
0
3150393708
0
729944733
1
3649356018
0
507545727
0
1
0
0
0
0
0
0
0
0
1
0
0
5731831780
273090135
21
4672012752
0
0
21
0
0
1240044872
0
0
0
66291855
0
0
177821508
0
0
0
7259955
21
0
28891400
0
0
0
187453203
0
2397954368
0
0
0
0
0
0
0
0
0
32188275
0
45
0
0
0
36
0
0
5573409786
0
0
0
0
3967667695
0
0
0
101566877
708140140
404032941
0
3747658564
0
3511010493
0
0
66
0
3591069357
0
0
66
6738502029
28
255278300
1783216
0
36
0
66
21
0
0
0
6812654562
594280029
0
2013021
0
1789605045
0
66
0
28
0
0
0
10
0
0
2022257400
15
0
6
1576720062
0
0
4608912017
0
0
1217580
106558101
0
48970356
0
0
544153554
0
2584625243
0
0
21
0
0
599047190
1212953603
0
10
0
15
1
0
36
0
0
0
0
0
0
0
0
29646
0
730288632
6
0
0
0
32332861
0
0
0
777618763
0
0
333090954
0
0
0
0
1
0
5681300244
1697434230
0
0
0
0
0
0
6
478781039
0
0
0
66
0
0
929688757
0
0
595866980
0
0
5271026409
0
0
0
0
0
0
1
0
133702127
0
0
2255870829
0
21
341088021
6
0
0
5891171265
36
0
5424496495
0
210258271
0
0
36
0
5126439330
0
0
0
0
0
552598389
0
0
0
21
0
600016746
8729931
0
0
0
0
0
1185771945
0
0
0
0
66
0
0
0
36
0
0
0
0
45
0
0
1015449624
10
0
3
36
229311820
0
0
0
55
0
0
0
0
0
0
0
0
3509502300
0
0
3
6166773030
0
1228022458
0
0
66
15
0
0
0
2398993242
4469614857
0
3382736868
0
0
2345679761
10
0
0
0
0
0
59584986
0
0
0
3810863208
0
0
0
0
0
0
0
0
0
5366324535
0
1
75025125
0
305032650
1446977907
0
0
495196184
66
113093280
66
5802068458
0
0
0
0
0
0
6
0
10
0
2509046535
0
0
0
0
0
0
0
0
4073208132
0
0
0
0
10
0
15
5545571889
0
6
0
0
0
3599633955
0
237020878
3
21
1271718522
5439297084
0
0
0
70015861
0
1644482547
0
0
0
0
0
1
1
0
0
36
1689810039
0
0
0
0
0
0
0
0
0
0
0
10
55
0
0
0
613883279
0
0
3
0
27465165
0
0
0
3
0
0
55
21
0
55
0
2100330042
66
0
0
0
0
0
0
0
0
1329706637
0
21
0
0
0
45
0
61988545
343731080
0
54512461
0
6
28
0
0
0
3952894140
0
0
0
21
0
572589719
0
0
0
21
55
95254503
3
36
0
1791041147
71622496
477945902
0
1
0
0
0
42297002
0
0
0
0
0
0
0
0
6
0
0
0
15
0
6020391270
0
0
6
0
0
0
15
0
3
66
3
0
2321223159
0
3
0
0
0
0
0
0
0
0
0
1861323563
0
0
19640778
0
0
0
0
0
28
5546835746
36
0
0
0
1756733169
0
3
0
0
0
1261501332
0
0
3
3594120891
15
0
0
0
0
0
0
0
2612235304
0
6
188267307
1
41994029
0
0
32881995
0
0
237565503
0
0
5384677155
0
0
3613902626
0
0
0
21
3
0
0
0
10
0
0
0
0
607383228
0
0
0
0
0
3022647840
0
1077152902
0
0
0
0
0
6
0
322110271
0
0
0
0
3260181
0
0
0
0
3
0
28
2696165992
0
10
1
0
0
55
0
0
0
0
0
10
186447702
0
1194700515
0
47360778
0
3
0
0
32647240
28
0
0
0
66
0
0
0
1033692231
0
729791907
14517966
0
0
0
0
0
0
0
3576592166
0
0
28
0
0
2399062540
28
2004552867
57057903
0
0
3425229483
1147708002
0
0
0
2256139515
0
246875304
0
0
3
1978865495
0
0
0
0
3
0
10
0
6521333844
0
0
0
6
697604625
0
0
714098715
66
0
66
0
0
0
12936241
0
0
0
0
638405757
0
0
0
0
0
4194409790
1271215
1
0
0
0
0
0
4377999930
0
21
0
0
0
0
3986753820
0
0
0
0
45
45
28
0
0
36
0
0
0
0
55
0
0
0
0
0
45
0
0
10
0
5982812512
10
0
0
0
0
4555589823
0
14892152
0
0
0
0
0
0
0
0
0
0
0
0
0
0
60769800
10
0
0
0
0
0
5172817975
0
21
0
0
6074058826
3397476086
0
1675770772
0
6
0
0
0
0
42076551
0
36035804
3742984971
2478889630
0
0
0
10
0
0
1
0
0
0
3
0
0
0
0
0
0
6836838579
15
98652080
388967885
0
0
1716481908
0
0
0
0
0
0
0
439516773
5116723335
0
0
0
1338901850
0
0
0
0
57057903
0
0
55
1899775614
0
0
0
0
0
0
0
0
0
0
66
6
2319179529
0
0
0
0
1
0
466299990
3467487716
0
0
0
1
0
522630614
0
0
28
0
0
0
549146349
0
10
0
0
0
422721425
0
6
0
0
153181
6922702545
0
0
103989828
0
0
0
0
0
165338020
0
2628741276
0
306268874
989301918
0
21
0
6
0
0
1117250070
274166235
0
0
0
5723911449
0
0
0
539150682
10
0
6
0
0
0
0
0
0
0
0
0
0
0
45
70027689
0
4103228710
0
5886287706
0
6
0
2276269122
0
0
0
0
0
0
0
0
0
0
513937827
0
0
0
0
1211279575
0
3832982745
6
1409512959
0
55
1131238392
0
0
941628103
0
0
0
0
0
0
0
0
1627094514
2434798617
28
0
1615364352
166339680
0
0
0
0
0
3
0
0
0
0
0
0
0
0
0
0
46479260
98231135
0
0
1
0
727387010
0
0
0
475044055
0
0
0
0
0
0
0
3
0
4130632365
0
0
0
6
0
15649215
0
0
0
146333275
0
0
0
55
0
0
0
4151521
21
1809402240
0
0
1556234152
0
0
0
732774902
0
0
0
918168375
0
197676786
0
0
0
0
0
6
0
0
0
0
66
0
0
2041509130
0
10
0
0
45
0
0
0
0
0
3
0
66
5522742208
10
1091636174
66
66
1886668872
0
0
0
0
0
0
1656202675
0
0
1667502369
0
0
0
0
0
3686613768
0
0
0
1738936823
0
0
0
656940625
0
6
0
3021170768
5383224396
0
0
0
66
0
4352958110
0
0
0
6
0
0
3392779080
161271817
1255130238
0
0
0
0
0
0
0
0
0
0
0
66
0
10
0
21
0
66
0
0
0
1122740163
0
0
36
66
0
0
0
0
45
0
0
6
0
2022130179
0
0
11469654
0
0
0
0
0
6
2161103890
604598150
0
6
0
0
0
0
10
3149599983
10
0
0
0
0
0
5161229155
45
0
0
1085383933
3
2255266359
42859911
0
15
0
0
0
0
36
0
0
0
0
28
21
0
0
0
0
5438254129
5114295771
0
0
0
0
0
0
0
6908589765
10
0
47278
0
0
15
0
0
2334118614
0
0
1
0
0
0
0
0
0
0
0
0
0
0
0
3042116965
0
0
0
0
524637007
0
0
0
0
0
0
0
45
0
0
0
0
10
0
0
0
0
0
0
0
0
0
0
0
0
0
0
45
0
66
0
0
0
0
0
0
730900240
0
0
0
21
0
0
0
2980461
2125682975
0
0
1211673372
0
0
0
0
21
55
0
0
0
0
45
0
0
3790723046
0
3
36
66
0
3804143880
0
0
0
0
0
21
0
0
0
10
0
36
55
0
0
0
0
0
6
0
3
0
0
0
0
0
0
1895709515
0
3
0
32340902
1
2084287320
561677865
0
0
1312999387
0
0
63275625
0
0
0
0
6
28
209628
0
0
0
0
0
5346555462
765637125
0
66
0
90659845
0
0
0
3
0
6137710549
45
0
0
0
0
0
2040231375
0
0
0
1487660328
0
1086549033
0
66
419152580
0
0
0
28
6
0
0
1156588532
0
36
0
0
0
0
10
15
0
0
0
0
0
0
0
0
1
10
0
0
0
896485975
0
0
0
66
1791998896
6646064920
0
1
0
218645416
0
0
1072238583
0
28
257996967
0
0
3113670213
0
45396156
6
0
0
0
0
0
0
0
0
0
0
0
0
1462891089
0
0
0
6
0
0
0
0
0
0
5943170755
0
1969502905
2148499555
0
0
0
0
45
0
197478001
0
1263762672
0
0
0
0
0
0
0
0
0
0
0
0
45
0
0
0
0
1
0
0
0
3
0
0
0
0
0
0
66
3
1
36
0
0
0
45
529539675
0
0
561443294
0
1333938698
0
0
0
0
6822930454
3
6324469233
15
0
21
0
0
28
0
279554835
0
0
625041045
45
0
0
0
0
0
0
0
952115700
28
0
0
0
0
0
0
0
0
0
0
0
1740883493
0
0
0
0
0
0
5211030850
0
0
0
4860832056
0
0
0
0
0
6265561587
0
0
0
0
0
4591838168
3
0
0
951984774
85340580
0
66
3
0
5779253739
0
0
0
0
0
0
6
0
0
6
0
0
0
0
0
0
0
0
0
0
0
2027157295
4894710145
0
15
0
36
0
0
0
1375632350
0
45
0
0
0
0
45
0
0
0
2245471569
0
2673084393
0
0
0
0
0
1594571622
0
0
0
66
21
10
0
0
0
45
0
0
10
697231152
10
0
0
3
21
1092991607
0
3
0
390615215
0
0
0
2483045649
0
0
0
3
773876790
428176215
0
66
66
849276270
0
162892225
0
4941820200
0
0
0
0
36
10
3
0
0
0
0
2720600720
3
0
15
0
65465400
55
0
0
0
0
3067676920
6
0
0
5329610101
484709659
45
0
0
36
17003196
0
0
66
1
0
0
0
0
0
0
0
0
5512342435
1276413054
0
0
42869169
0
0
0
0
0
28
1
0
0
0
10
0
464743827
0
3
0
5076742164
1249025162
0
1005963082
307755635
28
6198130746
0
0
31996000
10
3027159117
69484366
15
0
1412115768
0
0
1
0
0
936470982
0
22061402
0
0
938679435
0
3765340800
1495585
0
0
239553210
5097621861
0
0
0
66
0
2197656
0
0
0
0
0
0
0
168223652
0
273113506
0
0
1
159534453
0
0
0
0
0
0
21
0
0
0
0
0
45
0
0
0
0
0
0
2722149969
3520569871
0
0
0
45
66
0
1
0
2254393342
0
0
0
0
0
0
0
36
10
0
0
125555780
905442732
45
0
0
0
0
3
0
0
0
0
0
0
0
0
0
3
0
3844724160
0
0
0
3
0
176955078
55
45
4217522382
0
0
3
0
0
0
0
0
0
437000263
0
66
774270273
0
0
0
3673659141
6
0
0
1176876855
0
0
21
0
0
436143324
0
0
0
3
0
805870716
0
1260547127
0
0
36
0
0
21
0
1921101069
0
0
0
10
0
0
0
0
0
1129146453
3
0
724414995
0
0
0
595245741
0
0
0
704044049
0
21
0
0
0
6
2549943955
627837329
0
0
3465028
0
0
28
0
6148129671
0
4658682573
763486423
0
55
53742528
28
239115646
331853202
3
3
3
0
0
0
0
0
0
0
1204889502
3
285879916
0
0
1316332392
0
0
0
0
0
0
0
0
66
0
2869372114
0
0
0
0
0
0
1253327183
0
21
0
0
0
0
0
384490314
0
3143412377
0
2025565740
0
0
0
102066328
0
0
0
0
0
0
0
13820653
0
0
21
45
0
36
0
0
0
0
0
0
0
0
0
0
0
3408943725
0
1007219400
0
0
0
0
0
0
2926698768
1136142918
0
0
0
36726735
0
66
3521492993
1230948150
0
0
36
0
66
0
0
0
1
1002915288
66
0
6
0
0
21
2460871
0
1570878
0
15
150485226
0
10
1144261020
3
0
5190531283
0
1028016493
0
0
0
0
0
752584205
0
0
0
21
0
103860075
0
636049610
0
1677507975
1961289729
0
0
0
0
1
0
10
2029832460
1
0
36
0
0
456699752
0
1
0
36
14974128
0
0
0
0
5032402290
0
0
744150330
0
21
0
0
0
0
45
0
1129479153
0
0
0
66
4666504473
0
0
0
0
0
1205128
0
167070060
0
0
0
0
3
0
364486490
0
1281825025
0
0
15
0
36
0
66
5289009780
55
6467199519
0
0
13621589
0
0
0
3279406546
0
0
0
0
1321931043
0
3
0
0
0
183945789
0
0
0
2122098372
15
5703066534
3
3531150658
6
0
0
3
0
0
0
0
3
1988880909
619537590
0
3
21
0
2348900064
6
0
0
0
0
1395213879
0
0
0
0
0
0
6
10
0
66
1
0
0
0
0
9885681
0
0
0
0
5773664545
45
0
0
2388821724
0
28
270013941
0
0
0
0
0
0
0
0
0
3
1
0
1
0
0
15
241549210
0
4136633358
513232731
0
740682313
0
36
0
525576810
0
0
3
0
0
6790261314
0
510992475
0
0
5286233187
0
0
6321657858
0
0
0
0
0
0
4258860431
3
36
0
10
0
0
3
0
28
0
0
0
0
36
0
0
0
0
0
881601042
0
0
0
0
0
342630753
0
3
0
1366207100
28
0
0
0
0
66
0
2874677390
0
45
0
0
0
0
4779241983
0
0
0
0
0
0
10
0
0
0
4063826760
230426772
0
13491414
45
725595444
0
0
0
0
0
0
0
0
10
28
1066827333
3188131016
66
0
0
0
21108753
0
10
0
0
0
0
0
0
28
0
5753587311
6
852989535
0
16637796
0
0
0
0
0
0
3
0
0
0
0
3
0
0
0
0
0
1088741101
0
0
0
0
0
2732637618
0
0
0
5729904709
3
0
0
0
0
0
0
28
0
0
234761940
1
0
0
0
2154797122
0
0
1248225615
0
0
0
6811720774
0
0
948235923
0
0
0
0
0
0
3252574175
0
0
1064611293
0
36
0
34308186
0
45
0
0
0
0
0
5187067686
36
166795977
21
66
21
0
0
0
0
45
0
0
3470069768
0
0
21
3264117967
5825359825
0
0
0
3
0
0
0
10
0
36
3052500009
0
1335798800
0
45
0
0
4517393805
0
2364828372
0
1
1
0
0
0
3494187396
0
0
0
0
6001970658
0
0
0
28
66
0
0
0
0
0
0
1
0
243253
6
0
1178284225
0
4677427505
0
1
0
0
0
0
0
0
0
0
0
0
0
0
3
41028211
0
0
0
28
190583523
4428204831
0
0
6
15
0
0
837980388
0
0
3
21
0
0
0
3
45
0
0
0
0
0
0
82131336
1
0
32501953
1016441325
1
3
0
0
0
1157261980
0
5456938170
0
0
705883950
0
0
0
36
0
6
0
0
0
0
0
45
503444036
0
0
0
3
10
0
0
1020306
0
0
0
21
1
59421351
0
28
0
0
28
0
0
0
0
0
0
66
0
1
0
0
0
0
1
1
0
0
0
0
0
0
0
6505355014
0
0
0
0
0
45
0
0
0
0
0
1
0
1422391113
0
0
0
0
0
0
0
0
2280724470
0
0
0
45
0
0
0
0
0
3
0
628298055
4032334285
0
21
0
0
0
3
1504782367
0
0
0
0
2502958118
0
0
544318514
0
4572500607
21
0
0
4548052230
3785500545
0
0
0
121142394
118618503
0
0
0
0
841668903
0
0
0
0
0
10
0
0
524896179
2341024489
5915080
0
0
0
0
1
0
0
1958847930
6
36
0
581217444
399525777
0
0
10
3554804676
0
0
0
28
0
0
3752854885
1922217000
10
0
1
0
0
0
0
0
0
1
0
0
0
0
0
0
0
10
0
0
0
1479598380
0
0
0
0
0
0
0
400968720
218227386
0
50818321
0
36
0
0
84207752
0
0
3111265
559033182
1788109695
0
0
0
0
0
0
1
0
2574999960
0
0
10
66
0
0
1302566317
809407492
269154798
6
0
0
0
0
0
2539243201
0
4337576315
0
398480564
0
0
0
53493996
0
45
0
0
0
0
21
0
0
0
0
0
0
0
6
0
2465950863
66
3474153001
0
825703182
0
351562386
0
1702332069
0
4963915305
2356926147
1
0
0
21
0
1
6089719914
0
0
67669161
0
0
0
0
0
882945250
0
0
0
0
5395371336
0
21
0
1957408590
0
0
0
0
0
0
0
2044065885
606233609
0
0
6043126908
0
0
0
0
0
0
0
1931280165
5455580151
3510423935
0
45
36
0
0
4159860057
1
0
0
2556661272
0
0
0
3
6328968733
0
0
0
0
0
2727169695
0
0
12253724
10
201553000
2175525667
131098528
6
0
0
0
0
0
198532698
0
3
0
0
0
66
273430
3
0
0
4315158495
0
1
2127313350
0
0
0
0
1949220693
0
0
0
0
0
0
0
0
0
1484661765
0
0
0
0
0
725785929
0
0
3426885042
0
0
6
3
0
10
1176925358
4107940716
0
124251
122578652
0
0
0
0
10
0
66
0
0
0
0
0
0
6618538812
0
0
0
5260045983
3390308295
12824579
0
0
2913019946
0
0
0
0
0
6811954215
28
0
6
0
0
0
0
6
0
0
2401141045
0
0
0
3241131283
3234773951
0
66
1894293540
16997364
0
0
0
0
0
66
4558071926
0
10
0
2028622050
0
36
4292057520
0
0
0
0
0
0
0
0
0
0
0
6266457159
6
0
6895548264
0
0
0
0
0
0
0
0
0
0
55
0
0
0
0
0
6
2560452574
0
0
21
0
66
0
0
0
0
6
0
34990795
45
3889134870
6
0
0
826353510
0
5821798420
0
36
0
205730470
0
0
0
0
4650288552
0
0
0
0
0
0
0
0
0
0
0
0
5665747959
0
0
6
0
0
0
0
1730730
0
0
0
10
0
0
1
45
0
0
0
0
0
0
0
1008162153
0
0
45
430579170
0
0
0
0
10
1893247339
66
21
0
0
0
0
0
186872778
21
0
0
0
3881113311
36
0
10
0
0
0
1959098304
2850766776
0
0
0
47956321
6
0
0
25974028
102295056
0
0
0
0
1
6
0
0
0
0
1
0
0
816544645
0
33305041
0
0
0
0
0
55
45
0
0
2249963785
0
6
0
0
5127857019
66
1131000577
3823882381
0
0
0
0
36
0
0
0
0
3
0
365945928
0
3
36
0
4606032155
3715349256
66
0
66
6312778021
0
0
66
0
253046246
45
0
0
0
0
0
0
45
28
0
0
6
4972986549
0
3
0
0
0
0
0
0
140423661
0
0
0
3
0
0
3
0
0
2406896235
0
0
0
0
0
0
0
1
0
4679749085
0
6
0
0
45
0
0
5497337874
28
1
21
0
0
45
0
0
1111679100
0
3
0
0
470953374
0
66
0
0
0
0
0
0
0
0
22287826
1
0
0
0
0
0
21
0
0
0
313488270
0
0
0
0
0
21
0
0
0
58487520
0
0
0
0
0
0
0
15
0
0
0
0
0
2143389595
6
0
0
0
0
0
0
0
1610650140
0
15
0
0
0
45
0
0
469205640
0
1825741368
0
0
6
0
1616387625
0
0
0
6101755149
227303181
0
0
0
36
3
0
0
0
0
0
1
0
2334870259
1
0
0
249638340
2800849580
0
72306324
0
2587861617
0
0
0
61222644
133685776
3252654830
6431537775
0
0
0
0
0
1
10
0
0
0
0
0
0
0
0
0
0
0
0
0
608743263
0
0
0
0
45
0
0
0
0
0
0
0
0
6260491
0
0
0
0
0
0
0
6872315637
0
0
202216099
0
3766642570
0
0
0
1
0
5279962875
0
0
0
45
0
0
45
0
0
0
0
0
0
3059849070
36
0
45
0
3
0
36
0
3298547243
0
45
6
0
0
0
0
0
0
0
0
0
0
0
66
55
46846359
161649187
1
0
0
0
0
0
0
5566338271
116548277
0
45
10
45
0
0
0
0
0
45
0
0
1
0
0
0
0
5540202171
0
6
0
0
0
4843494187
1343044850
0
0
2187811990
2033338299
0
0
0
0
0
0
0
184329600
0
6708352310
0
4109391132
5417311939
0
5099540490
4142911796
0
0
0
66
0
0
0
789017944
0
1052556018
0
45
0
0
3369014610
0
0
0
336610421
0
0
0
0
0
0
0
0
66
0
2190061617
66
1486678650
0
0
0
0
0
66
0
0
0
0
0
0
21
1981005004
0
0
0
0
0
0
310590416
3
2921345693
28
0
0
45
0
4345683357
0
0
0
0
0
1
0
0
0
1
0
0
6
0
381059420
0
0
3
775214997
0
0
0
3
0
0
0
0
0
0
0
66
0
0
0
0
219440769
5672669289
0
0
0
0
0
0
0
124654149
21
0
1
0
0
0
0
0
0
0
0
0
0
0
0
0
0
0
292735296
0
0
0
0
1
6
1695046194
0
1038790975
0
10
0
0
0
66
0
4822454700
0
0
6572712476
0
0
4650770735
0
27747525
105045265
0
4977375615
0
20585736
0
1
953032308
21
180965800
0
0
36
0
0
0
0
0
0
21
1
0
486735599
21
0
0
0
0
0
0
0
0
0
0
0
0
0
0
0
4142001615
0
2891154825
0
0
0
45
1681854975
3
1
0
0
5228298108
3
0
3772546943
0
0
0
0
720537740
1
45
15
2774640743
0
0
0
0
0
0
0
0
1
0
6
0
90996795
0
0
36
0
855593640
0
0
0
66
0
0
437088961
21
0
0
4590113363
0
0
0
0
0
3
0
0
0
0
0
0
0
0
0
0
0
0
3575661874
852081120
0
1677797622
3273982730
0
3
66
4539186785
2249896704
3746792850
6140591565
0
0
45
0
0
0
0
4627171845
0
0
3
0
0
0
0
28
10
15
0
1062167092
1708873485
0
0
0
1105087550
0
360716369
1
0
0
0
1532613902
888458760
0
0
92038528
21
223396953
21
0
0
1603903193
0
66
21
0
1828824475
0
0
790653
0
1
522339660
0
5596343865
0
5915619561
0
5518328974
0
0
3
0
5754338236
0
5270821083
3
0
15
3
0
18480160
45
3337812650
4247331806
0
0
0
0
0
0
21
4492240236
21
0
0
594349000
0
0
0
0
21
0
10
0
13104640
4178031145
283128
0
10
0
0
0
3
0
0
10
45
28
0
0
0
66
0
0
412893213
0
0
10
0
0
0
45
0
0
66
5977672404
0
4050044955
4962022324
95266
0
0
3102395799
0
0
0
0
5253073705
0
442843679
3789678260
0
0
0
3
0
0
0
0
0
1440100272
0
2118321484
3605151196
0
0
0
0
0
0
0
1
3108621789
0
28
0
17979006
0
1356658002
0
36
0
0
0
66
28
380838600
28
119853903
2239243545
0
45
882104988
6698741812
0
0
0
0
66
0
10
66
0
0
0
0
1338074040
50576650
0
0
0
17190316
0
0
0
0
55
0
0
0
0
0
237936205
166176
0
36
1284814080
0
568603482
0
1091963250
0
10
0
0
0
0
0
0
726510015
0
0
0
0
0
0
0
0
66
0
0
0
0
485301414
0
3
0
436084263
21
0
0
0
0
0
0
0
0
15935834
0
0
0
936124812
0
0
0
0
0
21
0
0
0
0
28
0
1
0
0
6526816833
0
0
0
0
0
0
1
0
0
0
0
0
0
66
0
0
0
0
0
0
0
0
1647982749
0
15
0
1
21
0
0
0
0
0
0
45
0
0
36
2073132630
0
0
0
0
28
0
0
0
0
0
0
1849262492
0
0
151353901
212169697
0
0
0
0
3870812081
0
0
0
0
0
0
36
0
0
0
0
285139130
0
0
0
0
0
58920937
0
0
0
377146
6
0
0
66
0
0
0
0
0
5570665062
0
4672109390
0
0
135704574
0
0
0
0
0
0
1165744752
3
0
0
3
0
0
10
0
0
0
0
97057278
0
532733760
0
0
45
0
0
0
0
0
1551997038
0
0
0
0
0
0
0
197199870
0
0
0
0
3
0
0
2036017572
0
36
0
0
0
0
1
2779037618
0
0
0
45
1246976824
0
0
0
0
0
55
0
0
874602573
10
4045366290
0
254420403
597836330
112297591
0
0
0
0
0
0
36
786874270
0
0
0
0
0
0
0
3563072691
5102974734
0
0
55
3566788002
0
0
2845559044
0
1589098494
6
0
0
2550229625
0
0
0
0
0
0
0
6
0
0
520628025
0
0
0
21
0
501003684
0
6
0
0
0
0
0
0
0
36
0
0
36
6
0
0
0
0
0
0
5293947687
0
0
154836000
568704674
0
0
3
0
0
0
66
0
45
3346806195
0
1
0
0
21
0
0
0
1
0
0
55
0
3039465500
0
0
10
45
0
0
21
0
0
0
0
0
3
2167354035
0
3887635708
0
0
0
0
0
6
0
1247726007
0
6
2414117319
0
1
45
10
66
0
0
0
0
0
0
1718415994
0
232082739
0
0
45
0
0
0
10
0
0
0
0
0
0
0
10
23259609
36
0
143693625
0
76923406
6
0
0
0
5836914969
0
0
0
0
0
0
0
1
583538193
3
0
0
0
1
21
4399266845
1
0
66
0
28
95240700
0
0
0
3
25550526
4850090739
1227824232
0
0
0
0
0
0
0
15
0
3529722174
0
0
1381776144
0
5219916355
0
0
0
6
5595603300
0
0
10
87351152
2391725697
4091370090
0
0
66
177972408
0
0
3
0
0
0
0
0
0
0
0
0
3
2214551040
0
0
0
129903015
27509652
0
0
3
0
0
0
249548967
4290204720
0
10
45
2132404159
0
0
0
189219331
0
0
0
0
0
6
0
0
0
414446444
28
0
0
6752323890
0
0
0
0
0
0
0
0
4021385676
1422337777
0
836507250
0
66487746
3088783467
0
6
0
0
0
0
0
5078253744
0
0
0
1491863373
0
0
4087752526
0
0
0
16014969
0
0
63850650
0
36
0
4762928764
0
0
0
1044735
0
3030427990
1872689379
6
0
0
0
0
0
0
0
0
0
3000451817
0
420079604
0
21
1
0
0
21
0
7282835
1481013094
0
0
78068760
0
1565565
0
3510926696
0
105902180
0
0
0
0
0
1414614617
0
0
0
0
334615515
36
10
5406284091
108272964
0
10
0
0
0
0
0
0
45
0
0
0
0
458333205
1952718765
21
45
0
0
520498965
0
0
562314879
0
0
0
0
0
0
0
0
0
36
1
10
0
73683729
12214153
0
0
0
0
28
0
139286394
0
236607380
0
0
0
10
0
1884089799
0
28
0
0
0
3283700270
0
0
4871486535
0
423244950
1245578888
0
0
0
0
0
3939390658
0
0
0
104813481
45
28
0
21
37441531
0
0
3219453
163886460
0
121017903
0
6336058690
0
0
788859057
4675106520
0
0
0
726662482
0
0
21
0
0
0
0
0
0
6
0
0
0
0
10
45
514900074
0
3732695993
63129466
0
0
3230030089
0
0
0
0
0
0
0
45
0
1859127747
0
36
0
10
1458621051
0
0
449925002
0
0
123755777
0
0
0
0
0
0
0
0
0
5311351645
181175129
36
37329120
55
0
0
0
0
2841185235
0
0
0
0
0
0
0
0
1079242542
1649073707
0
935043369
0
0
372303828
0
3
0
28
989168460
0
0
0
0
0
21
6363442825
0
0
0
0
0
0
0
0
0
0
21
0
1
45
0
0
6
0
0
0
0
0
0
3550000146
3
0
0
0
0
0
0
0
45
0
3
1563383400
0
0
0
0
4166795061
0
933703288
5332191480
0
0
1340869002
0
0
0
0
0
0
0
1506922623
0
0
1322496720
1898234910
0
2831996160
0
66
0
0
0
851338201
0
0
1573184268
0
6705341044
0
0
0
0
0
0
0
0
0
0
55
0
36
2792323805
0
36
0
0
0
0
0
0
0
2687141367
0
0
0
3145474225
0
0
0
0
6
0
6
0
6
0
0
0
1313563125
0
0
0
0
0
0
0
0
0
0
0
6
0
0
0
28
140658377
0
1210590612
0
0
0
5070093906
0
21
0
6838124919
0
0
0
2878166364
5698581837
0
0
66
0
1642418620
626633100
0
0
66
3
0
1225001232
0
0
1
0
0
3
0
0
0
0
0
70941915
0
0
582820990
0
1
0
0
0
66
0
0
6125750575
0
0
0
0
6
0
45
0
318062031
0
36
0
1
0
0
0
0
3952005045
0
28
15
0
12779040
0
0
0
0
742993405
1
0
0
0
11657206
0
211038239
0
0
0
21
0
0
0
0
6
0
0
6
6096232924
0
3
0
10
4168073232
0
45
1814217960
6
0
0
0
0
36478611
28
0
0
0
0
0
0
0
0
0
0
0
36
363757868
0
0
1132856172
0
0
0
0
0
6
0
0
0
66
0
0
0
0
0
4830511129
0
0
0
0
0
6795739598
0
5886287685
1
3
0
0
0
0
1956157416
0
0
0
0
0
0
0
0
0
0
5331055608
0
0
2307412242
0
0
0
0
55
28
0
0
0
15
2867175639
0
0
0
2043682272
10
0
0
0
0
28
0
0
0
0
0
1123071918
85484350
0
0
0
0
0
45
0
28
45
0
0
0
0
0
0
0
0
1
3
0
36
0
818445108
0
875564760
1622477124
260159455
0
0
0
0
0
0
0
0
0
28
0
0
0
21
10
0
0
0
0
0
0
36
45
0
0
0
0
0
1535438799
45
1194065143
28
0
0
0
161235903
0
0
1112858250
426714288
0
0
258906380
0
0
0
6
5860492650
0
0
0
0
0
642987724
0
0
1728102645
0
0
10
0
0
0
0
0
1
55
0
0
0
0
9921284
0
0
0
0
206888310
0
0
0
4136360514
0
6823748187
0
45
0
0
0
0
29257425
0
42702661
0
6
1117675532
1
0
0
0
0
0
0
10
21
1
36
0
0
0
753748530
0
0
0
433371519
0
0
0
0
103960989
27213753
0
0
0
66
0
0
219713203
0
2295810435
0
0
0
0
0
0
0
0
0
0
0
66
1612126125
36
0
0
0
0
0
0
0
168168630
0
0
0
0
0
0
0
4604688567
0
1
3885431607
0
0
2477763204
545143669
0
0
1109888027
0
0
0
36
0
0
0
0
0
4140003
0
5630992458
59181760
2753599119
0
6767672245
0
0
1743835086
5464148946
6171105015
207234258
0
0
0
0
0
0
0
0
0
0
6
28
0
0
0
1
1859859549
0
0
0
0
0
0
0
0
0
6432558534
551568270
0
267833939
0
0
0
2984128875
0
2161827129
0
0
0
0
0
0
28
0
0
6639840648
2024292970
0
0
0
0
0
45
0
0
0
0
0
0
0
0
0
1312179603
0
3
28
0
36
0
0
0
28
112372530
0
0
21
0
0
0
0
21
1196999028
0
1
0
0
0
0
0
0
4335155000
0
0
0
66
6
10
0
5284896579
1829550289
10
0
0
272109456
3
0
0
0
0
10
0
0
0
21
10
0
0
4614001917
0
2038890117
0
0
0
3
0
0
4258583561
0
0
139570278
0
6
1
1407602183
0
0
21
0
0
0
0
0
0
0
2406341215
0
0
1
1
4586664698
4846447333
0
0
66
0
1212362633
0
0
0
0
3614922861
0
0
0
4776993595
0
6845260455
0
0
0
0
0
0
5757449733
0
0
1732396947
45
389330557
21
66
2383295314
0
0
0
0
0
86783724
0
0
0
3130897136
0
0
45
0
4319432964
0
0
946364262
0
0
6422694408
0
0
0
0
0
0
1638981625
0
28
0
1539135
0
0
0
0
0
0
0
698763015
0
36
0
0
2944014983
0
12527515
0
0
603555395
0
10
282470796
6
0
0
0
0
6
0
0
0
0
0
21
1
0
0
0
0
0
0
0
5112981060
1
0
0
0
0
0
5711720595
0
0
36
0
0
0
0
1
0
0
0
0
0
0
0
0
598147577
0
204480
0
710626129
0
0
0
132283244
0
0
0
45
0
0
539282040
5797652676
362275902
0
0
0
0
0
0
151876306
3
0
1032737625
0
0
0
45
0
0
469144375
0
0
0
0
0
0
0
0
0
735150319
523665682
45
3742379345
0
0
0
0
0
0
0
8775955
2191385497
2832297180
21
0
13642476
0
0
0
0
6
0
36
0
0
0
0
0
0
0
1
3
0
6681044160
0
0
0
0
2425108540
0
0
0
6
0
0
36
0
0
1723226565
66
15
6647563805
0
0
0
4940229664
36
0
0
0
383437277
0
0
0
0
273674710
0
0
0
0
0
0
0
66
157522372
0
0
0
0
66
0
0
0
0
142087653
36
147928600
0
0
45
28
0
0
0
1
0
10
0
3315137441
28
0
6850643812
6
0
0
3
36
28
0
0
99595441
143354778
0
0
10
0
66
0
0
0
94992433
0
5068281474
0
1508515100
0
805268625
0
0
0
0
0
0
0
4536900351
0
0
0
0
0
0
112237653
227367149
0
0
0
2251909569
0
0
491928660
0
0
0
66
0
0
6
0
0
0
55
6491104785
0
1
0
0
0
0
0
0
0
0
0
0
700371441
6
0
3
0
0
0
186892108
0
0
0
0
6
0
157273977
0
0
4923742929
1149481363
0
0
656541965
0
35595703
2279779044
0
6
731435607
0
0
0
0
0
0
66
0
0
0
66
0
28
0
0
0
0
0
94043754
3069086995
0
0
0
28
0
0
0
0
0
0
0
0
0
14196455
0
0
36
36
0
0
0
6
4376128660
0
0
0
0
0
0
10
3140479368
0
0
0
0
66
0
0
0
0
0
0
0
0
0
28
36
0
0
0
0
15
0
0
0
0
0
0
93879253
0
66
0
0
0
21
0
0
2178428985
0
0
0
15
0
0
76626010
0
1604736
0
21
0
10095770
0
0
0
150658760
2318907145
3
0
1
0
0
325775565
0
0
0
0
581422047
6
45
45
10
1906685592
3
0
0
0
10
6381844731
0
0
0
0
0
393106765
0
0
0
1
0
0
2425247814
427942139
0
0
0
0
6563543396
0
0
21
1527635172
0
21
0
0
0
6127853820
706447665
3
0
0
0
0
0
1765516747
0
0
28
0
0
0
6
0
0
21
0
0
0
0
0
45
0
0
0
10
0
0
5414397825
1564166318
0
0
1
0
6911058462
0
0
0
2003350015
21
0
45
10
1
0
0
45
0
1099875345
3072221681
0
0
0
6565032936
0
0
15
456578870
0
0
0
0
0
0
0
0
0
45
28
28
0
0
3
0
0
36
1586055675
0
1467221532
0
217288278
0
0
0
0
0
0
0
0
55
682817514
0
0
0
6381053899
0
0
335754741
0
0
208171810
0
0
0
0
1598244432
0
0
0
21
0
0
4086034779
1
291237035
3951116044
0
1241987865
45
0
3
0
0
0
0
0
0
2959766355
0
0
0
0
0
0
0
0
0
1
0
1
0
0
0
0
0
10
6624522894
31129995
0
45
0
6
0
21
0
0
0
0
0
0
0
0
10
0
66
0
0
0
66
3982915105
0
0
0
0
0
0
0
2713285
21
10
0
0
60274710
0
387351851
0
0
0
0
0
3
3322958958
36
0
0
0
0
0
0
0
36
28
0
5890302925
0
0
0
0
0
4528426507
0
36
6025659465
0
0
0
0
10
0
0
0
0
21
3576761321
0
0
0
0
1
45
3
6196238136
35217027
7846741
3
0
238547403
0
0
0
0
0
990058236
66418575
0
1
21552895
0
1878569132
0
0
0
3674002015
1
619995270
0
0
0
21
0
1
0
9260056
0
0
0
0
21
2683916717
0
1
45319960
0
0
0
45
0
0
0
1
0
0
0
0
36
0
0
0
0
0
0
10
0
0
36
0
0
0
5096309316
0
0
0
0
10
325265265
0
3331524368
0
0
1
0
0
0
0
28
2850
66
404487902
0
579377799
0
36
0
369960798
0
3216060090
0
23457825
3
0
0
0
0
0
0
0
0
66
0
6342026331
0
0
0
2541809344
0
3517885215
1
0
4849204374
0
0
3645171026
0
0
0
0
6
0
0
0
0
0
0
0
0
0
0
0
0
0
0
16031953
0
0
1312025897
4868328439
0
0
1
0
726891253
2749148315
0
3
2746850130
0
0
0
0
1299607625
0
2380672467
21
0
0
0
0
1020458073
0
0
6654599240
0
0
886183947
1361037048
3
0
21
0
0
0
0
10
0
0
45
0
0
0
0
0
36
0
0
0
0
0
0
0
0
0
0
0
0
0
0
0
0
0
0
0
0
656505729
0
3276653618
66
0
0
0
0
0
0
2333230510
0
0
0
280927956
0
0
0
0
0
0
3329157556
10
0
0
0
0
6
0
0
0
0
0
0
0
0
0
3
0
0
0
0
0
0
0
0
1838695733
0
0
0
0
0
0
0
0
0
1723813680
36
0
5359489233
21
0
0
0
0
0
0
0
0
0
0
1
3
0
499896380
301044450
0
5880430083
0
4244290866
15
21
0
0
66
36
0
21
0
2223544635
679827480
2185563519
0
0
0
0
0
0
1
0
0
0
1372172688
0
0
5729797659
0
0
1143447928
45
0
0
0
0
0
0
0
0
0
0
0
1183289625
5320012759
66
0
0
28
0
1529680988
4080431932
45
0
0
0
2337809595
73683730
5879128764
0
0
0
0
0
6
0
6111369801
66
0
10
0
0
0
0
0
3822046155
0
0
1
0
0
0
45
0
0
10
419934680
0
399582312
0
0
3
0
0
21
0
0
0
0
0
0
0
36
0
0
0
3185336791
0
3
0
0
10
428498174
0
0
0
0
0
21
0
0
0
0
0
0
0
0
175528
582445514
0
28
0
0
0
0
5201132991
0
0
0
36
0
0
66
0
0
94579380
268181210
0
1
45
36
0
0
6
5115307186
0
0
0
10
0
2854316780
0
0
0
4950274185
0
0
0
0
0
2680770
90162306
0
11647551
0
2087839854
0
10
0
4724843379
0
1
0
0
427181832
0
0
0
0
0
0
0
10
0
0
5288906931
0
0
587062242
0
539610505
0
21336778
21
0
0
0
3008436086
0
831524587
0
556094554
6
0
0
0
568232615
0
0
0
0
0
0
0
3042975042
563690675
0
0
0
4046895574
0
3
10
1178284237
0
0
0
0
0
21024370
0
0
0
0
1803211403
6
3
0
0
6
0
0
0
0
0
1303995843
0
0
0
0
0
0
0
0
0
398621715
0
0
199396
2360222829
0
0
0
0
0
0
100330694
0
0
5848589715
0
527946264
1492081875
0
10
4840738779
0
0
0
5321044335
28
0
0
1
0
36
0
0
861892918
1887651810
0
36
0
0
0
40531506
0
28
0
0
0
0
0
0
0
6
203202717
0
0
0
1503740217
0
0
510033890
452899655
0
5356280206
0
0
4421431621
0
0
0
3
1
0
0
0
0
0
71287770
0
0
0
0
0
0
0
36
0
0
25357880
0
66
0
0
0
0
0
3403578720
21
0
0
0
0
0
3540064286
1994498055
0
66
2501967655
0
0
393723890
2692569026
10
0
0
0
0
202377021
0
0
445705295
0
0
0
0
1379043897
0
0
1403148822
0
0
0
6163885920
0
0
309743595
0
0
0
2240983857
3620707146
0
102954075
0
0
10
0
0
0
0
1697550772
0
0
10
0
0
0
10
758804425
36
0
0
21
21836135
21
0
0
0
0
0
0
0
0
0
0
1598640234
0
0
0
0
0
28
0
0
10
45
0
0
0
0
0
0
0
0
0
0
36
0
0
0
0
0
0
2500977444
1060047962
0
535904690
0
6
3234934820
258224165
0
0
0
0
0
0
0
0
0
21
45
21
0
2134886475
1753060072
5131206
0
66
0
0
0
0
0
28
0
10
0
0
0
0
646075430
3
0
10
1
0
0
0
945059544
45
1
0
0
0
3344433995
0
0
4172822299
18147300
0
0
0
0
10
75823454
10
551601495
0
0
0
0
0
0
0
0
5693672050
4846545786
0
28
0
0
0
0
1
2935963470
36
45
0
0
0
6333019630
45
0
0
0
879838311
0
0
0
0
0
0
0
0
0
0
112417515
6
6701867359
0
0
0
4218532676
0
0
0
0
21
0
0
0
0
0
0
0
1
0
21
374161680
368113410
0
3
0
0
0
0
0
0
452327982
1117628253
0
359160201
21
0
21
0
0
28
93961
3
0
0
0
0
0
0
0
4100511475
0
0
0
84194775
66
0
0
0
0
0
0
0
0
0
0
1
1194602754
0
0
0
864385816
0
0
0
0
0
0
0
0
0
37718954
0
0
5856162910
3
0
0
0
0
6
0
1
0
0
7478778
6
0
0
66
45
45
0
45
1
0
3
0
0
1219068750
0
0
8382464
0
0
956615655
0
45
0
0
0
1
21
0
0
0
545738202
0
0
0
45
313037731
0
0
0
0
0
0
0
0
3
55
3
0
45
0
0
0
0
0
5898337512
0
0
10
368059136
3
0
36
0
2684136510
0
45
0
3
839823615
58347003
892763637
0
0
0
0
0
0
36
0
5686524645
0
0
0
0
0
1281723762
353766690
5488114462
1402830981
3655082214
5444095986
0
0
0
4580919867
0
0
0
0
0
0
0
0
0
0
0
10
66
0
0
110001527
2432635848
0
0
0
0
83436
2925780732
21
9101511
999559101
45
0
0
0
0
1003363185
0
0
10
697343184
0
828061839
548119494
0
0
0
2884694918
1654706622
0
3
0
0
0
0
0
6805652712
1192501838
0
0
0
0
0
238416366
0
0
0
28
0
0
0
0
0
0
36
0
0
0
0
0
743590
0
5509822759
0
21
6352842774
0
0
0
0
0
0
55
1442140362
0
0
0
0
10
0
131665878
0
3
0
0
0
10
10
10
1
28
0
0
0
0
55
1
14712600
278515401
0
0
401856
0
1734752247
0
1
2828535255
0
2024992974
638370043
0
1865169420
142374372
6
3308057094
0
0
0
0
0
0
10
2573564860
0
0
1341749500
0
0
1
0
10
1135809288
0
0
0
0
0
0
0
3
0
6
55
0
0
0
0
0
0
148962430
0
66
0
0
0
0
0
0
9638245
0
0
0
66
0
3
440584769
0
0
66
42859911
1
0
0
637655615
0
15
0
888964692
0
0
0
1
0
0
385045124
0
0
0
0
0
0
0
0
1
0
0
0
0
0
0
10
529897734
298644579
0
0
6
3
0
203646471
0
0
0
0
93413940
0
0
66
0
28
0
66
0
750684357
97825072
0
0
21
0
0
0
0
668335059
0
4121094246
0
6
0
0
0
0
6
9930196
3
10
5257789719
15
0
0
0
0
0
0
0
221014794
0
0
0
0
1322959638
0
0
0
0
0
313388130
6
0
0
0
6624522905
36
0
0
0
21
0
0
0
66
0
0
0
283922535
0
0
0
136446940
0
0
1213988154
0
0
0
36
0
36
0
66
0
0
0
0
21
0
206095750
0
0
0
0
6638688323
0
0
1
0
0
0
0
0
0
0
3
4186994240
0
28
0
292856291
0
4705518500
0
3
0
45
0
5765930125
0
1
6
524734189
0
5617628961
0
0
0
21
2258087997
0
2641227504
0
0
66
221919772
0
0
0
0
0
0
0
0
0
3
0
0
4164695709
406424304
80359502
3692197233
1
21
185444908
0
0
0
4994551449
0
0
0
0
0
0
217470
0
0
531298502
376271028
0
0
28
0
0
0
4823535054
0
0
0
0
0
0
0
0
27398503
0
0
0
0
0
3384299846
66
1956908044
15
226493680
0
0
0
0
5160078
0
0
0
0
1
3551348493
427415702
0
0
3408283193
1
3
0
0
0
404089796
55
5073216019
0
0
0
0
45
0
0
0
0
1154857767
1625668682
0
0
0
0
0
0
0
2213885596
0
0
0
0
2318158059
0
21428331
0
66
0
1331976688
0
0
0
0
21
0
36
66
0
4410811905
0
0
2685968535
0
0
0
0
0
0
0
0
4023448615
0
0
3
39653965
0
0
0
0
79853202
2823047334
0
45
1078034958
0
0
0
0
0
297814215
0
0
0
0
454466005
0
0
3
0
0
1144500243
0
0
0
0
0
0
0
0
36
0
0
0
370613925
66
21
0
0
0
21
4339253006
0
66
0
1135904613
187588765
28
659044644
0
0
0
0
36
0
0
226323449
0
4806950239
0
66
0
0
17751861
6336283812
0
0
2017553982
1688298876
22831903
0
0
292058196
0
0
0
0
0
0
0
0
0
0
0
0
3
0
0
0
0
0
3504979665
3737536101
0
0
0
0
0
28
0
120769110
28
10
349866
1
0
0
0
0
0
0
0
0
0
55
6920467062
2418900
0
1
0
28
0
0
0
0
0
0
0
0
0
0
80308801
165465335
0
795691
76378619
0
0
3645171026
0
59814452
0
66
0
0
6
1019328973
0
0
0
6
0
3
0
0
0
28
0
3526278200
0
493152694
61388740
36
36
2359123669
0
0
0
0
6
0
0
857207700
0
0
0
3
0
0
0
119606311
0
0
0
0
21
0
0
0
0
0
0
0
0
0
66
0
0
0
0
0
4279003750
0
1
0
0
10
66
3
0
21
0
66
0
0
0
666471774
0
21
0
0
10
4965509619
0
2648451
0
6131064700
0
0
0
3308626486
0
0
28
223523790
0
705545829
123661401
0
242473231
2335075285
0
0
0
0
1847013021
0
0
0
0
0
0
0
36
0
0
0
0
0
3
0
80321475
0
0
0
4739143980
66
15232440
0
0
0
4006959945
964373400
10
0
0
0
0
0
290947503
0
0
0
0
2474200
0
0
3225932316
28
3
0
0
0
0
0
0
0
10
0
0
0
0
0
10
0
0
0
10
6
915984180
0
0
321450690
376874784
3402918743
0
0
0
0
0
0
21
0
0
0
66
0
0
0
0
0
2122619562
0
0
0
0
0
0
0
94318245
0
0
0
987523440
0
0
349999643
45
2351711065
0
36
0
3879615696
0
0
1999806867
236389896
0
0
2823723665
3228904970
0
0
102925378
0
0
0
0
0
0
45
0
0
5491048365
0
0
621087389
212252103
0
0
0
910812537
0
3850689393
0
0
36
21
0
0
0
0
0
55
4524810864
45
730785564
0
6
4956644359
0
0
0
0
2098191789
0
310216676
28
45
0
0
0
45
0
376188720
911068638
0
15
0
36
0
0
360447815
0
4357064520
74084878
0
0
0
0
0
2454447001
0
0
982419298
42952546
0
10
0
0
0
1246926876
45
3
0
0
21
0
0
0
0
0
0
28
0
0
0
1408875900
0
680085625
1611785470
5246413350
0
0
0
1
0
0
0
21
0
0
0
87126599
0
0
0
0
0
0
0
15
0
3889752286
0
0
0
0
0
0
5681300244
0
0
196743363
0
0
0
0
0
0
0
0
0
0
36
1598979519
0
0
3498452107
0
0
0
0
0
0
747471779
0
3611267577
0
0
131438791
6
0
21
0
0
45
0
0
25429146
1703440890
1
0
0
0
0
0
1572006550
66
0
5729476515
0
0
28
487266150
0
0
0
24847725
0
21
0
21
0
0
0
0
0
0
0
0
0
0
21
2214684145
37588784
0
21
2678058695
159480870
0
1
3737017368
0
23629375
0
0
0
0
92541210
0
1
0
0
547490574
0
3318884118
0
0
6323232130
0
0
0
0
0
0
45
0
0
4142365655
0
10
0
896231932
0
0
0
0
0
0
0
0
0
0
0
0
0
0
0
5299917424
21
0
0
0
1
0
0
0
0
0
66
3450852416
0
0
0
0
10
0
6
0
2689341094
0
28
0
6
0
0
0
0
0
2261001
0
0
1178284212
6245763440
0
0
0
0
0
4901836525
10
0
2023275072
0
0
55
0
4607759975
0
0
1291259968
0
0
0
0
0
989123997
0
1
0
657738294
0
0
0
146196447
0
0
3322714430
0
1417086
0
1809522533
0
0
45
0
0
0
0
15
0
49267701
0
25622060
0
0
0
0
3
0
0
0
0
1
2824249736
66
0
0
0
0
3361794993
78243794
0
0
0
0
0
0
127765
1248775297
1425860098
0
0
0
2590236294
0
8366095
0
0
0
0
45
21
0
21
0
0
0
6792475669
3
28
0
45
0
0
0
6
0
0
0
3
0
0
1667155875
0
0
0
0
21
0
0
10
1153416429
3
0
0
1330944606
0
0
0
0
66
0
0
0
0
941878
0
0
36
0
0
0
3565785
5808318045
0
0
10
273744900
0
1
0
0
3318558236
0
0
0
36
0
1
383250
0
36
5884165
0
0
0
0
0
49168486
0
10
0
3304560446
0
0
1
55
0
1815061347
0
0
3
0
0
0
3138894518
0
0
1137573448
0
0
0
0
0
66
1
0
2183646649
2071630
0
10
0
0
0
0
0
0
0
1
473996654
0
0
0
0
246808653
0
20451209
0
0
0
0
0
0
55
0
1207296063
2820718485
0
0
36
0
45
0
0
0
15
0
0
0
0
1511537625
0
66
107011134
3652090344
0
0
0
1037834017
4791470712
0
25529085
2126269830
1309414710
23464675
0
0
0
5176153
0
0
1698658031
0
0
0
0
2447578
0
2554659424
0
0
0
0
0
796104732
0
0
0
0
0
0
0
709533275
0
0
0
6
1
2360222829
2194829349
230426777
0
66
2368405885
0
0
0
0
0
0
66
21
0
0
0
0
45
0
1328623923
0
28
0
0
0
0
0
3
0
0
4002753586
0
0
6
0
0
0
29043631
3887018490
0
0
0
151632405
9217071
0
48526026
3
0
0
66
4686910935
0
0
10
0
0
0
0
0
0
0
3
0
66
1
0
0
0
0
3421423271
0
0
0
0
0
0
0
3466571700
0
0
0
6
36
0
571913089
0
0
0
66
0
36
0
0
0
0
0
0
0
440347325
0
782674829
6
0
2608694790
21
66
15
0
0
0
0
0
343180698
0
0
156459205
0
6
0
0
0
0
0
1
766694060
0
0
0
0
477945902
0
0
36
0
45
45
66
0
0
0
4719401215
0
0
0
3171941731
21
0
392882495
0
1056459558
0
0
1145122268
0
0
0
0
6659099255
0
7930152
0
0
66
0
0
588070
0
0
0
0
1
0
0
0
0
0
0
0
0
1384984762
6
10
0
2306868844
0
3971855583
998218218
0
0
0
0
0
127624273
0
0
0
0
0
0
3541915685
136364355
0
0
0
0
1
5543992305
193562650
0
0
0
0
2990544417
0
0
0
0
0
0
0
1
1732514674
0
0
0
0
118828
0
0
6829356819
28106253
66
0
3002233780
0
0
0
960381030
0
0
0
0
0
0
0
0
0
0
0
0
0
0
0
0
6
627022563
0
0
0
2373639414
0
0
0
4206691929
0
0
1
335599275
1
0
10
0
0
0
0
0
4951766850
2202853494
0
0
0
0
3
66
0
0
0
0
0
0
0
0
0
0
0
359186993
765480618
0
5781296640
0
6
0
0
0
0
68287141
10
0
6
113635349
0
1
0
3871604000
3
2658699624
0
0
0
0
0
0
0
0
0
0
0
28
0
0
0
0
0
0
0
3854288291
105117750
1
0
0
0
1
0
0
1559806725
0
0
10
0
0
10
0
45
0
3
0
0
0
3
0
0
0
0
0
1
3
0
0
0
0
621475139
6
234631950
3
0
10
0
0
3452680341
0
0
106412165
2184638044
0
0
0
0
3261452220
323813076
66
0
0
2130575997
0
0
0
0
10
0
0
1979872195
49267701
36
0
0
0
0
1595192880
3570
6236937075
0
338533200
0
0
0
2400448110
0
0
0
0
0
5881189240
6
0
0
55
3
0
6
3
1600167300
0
0
0
0
1
0
697156449
0
6794340669
330026586
0
2254930584
0
1993298194
0
64371531
28
0
0
0
0
3634250095
1
0
0
0
6
55
91050765
0
0
2871796755
0
0
0
0
0
0
0
0
0
0
0
86191885
0
0
0
0
2657460128
0
0
28
0
0
0
0
0
5708514609
0
0
5470841437
0
0
0
0
1372487000
21
0
0
0
0
0
0
0
4810873029
0
45
0
3347133426
1211624145
0
0
0
0
0
0
0
21
0
0
0
0
15
5754016384
0
0
0
0
0
0
0
36
0
6
10
0
6
0
51232503
0
66
0
0
0
0
0
0
1
0
1637550600
0
0
0
21
0
6
3
0
0
0
1161547698
20856111
389665486
0
796623567
6
0
3
0
0
3042585018
2202853464
66
14037051
28
0
0
4691075036
0
0
0
0
0
0
0
348097305
0
0
0
21
0
1
0
1
0
26787540
0
164974530
0
1
21
0
0
0
0
880509627
21
4607375993
1339212378
0
0
0
0
0
1929664620
0
0
4749371925
0
0
0
0
0
0
0
0
0
0
45
1326099222
0
0
506908699
6
0
0
592798527
0
0
0
0
0
2199138034
21
5082689010
6441
0
45
510704810
0
0
0
6
0
66
6902713690
0
0
289941
0
66
5457460530
0
0
0
21
0
0
0
70882371
2746776011
0
0
3
6
526614830
0
0
0
0
0
0
0
0
151493118
0
0
1
0
28
0
6
66
0
0
0
902253957
0
0
0
3
6445041300
0
0
3
0
3152775518
0
6015015655
0
0
0
66
66
0
0
0
0
6
0
36
0
55
0
28
0
0
0
0
0
91118250
0
0
0
0
0
5816188686
0
0
0
0
0
0
0
39484941
45
6392242780
0
0
2966155721
0
0
28
0
66
0
0
0
0
996297835
0
1
21
750103263
21
0
0
1956032325
1348388412
28
0
0
0
0
0
0
1
0
2090684110
3028715525
0
0
0
0
0
617884260
0
0
0
0
2602414434
4892434755
0
0
0
239815950
575435829
0
0
0
3
0
0
66
6074355
0
0
0
0
0
1389883698
4170812757
21
36
532831687
0
678030
0
0
3735807105
3352945060
66
0
0
0
0
0
1
0
0
4080070566
0
140926865
626640
0
0
475907505
470278445
0
0
0
1189085758
0
36
1
0
68990131
0
0
0
295111355
0
0
0
0
28
0
0
0
239093777
55
0
1378
0
6
0
10
0
0
3515536981
0
0
0
0
1
3641756451
0
5477014746
6763949840
0
741914459
0
357821376
0
0
0
0
0
0
0
66
28
3
0
0
0
0
0
0
0
0
300137240
0
0
461669690
0
4580249877
0
0
10
0
0
0
0
0
0
0
0
6855560899
3
66
0
0
0
0
0
0
0
3
0
2946547725
0
3
4106309331
0
0
0
413842050
0
1515609068
6
45
6528073671
45
0
0
0
0
5142450339
0
0
0
1
0
0
0
0
0
0
28
41710410
0
0
0
14367480
732353855
0
0
0
0
0
0
0
0
0
1444450623
0
0
0
0
0
0
1265019822
0
902636313
0
0
0
421094709
0
1679825693
0
0
0
55624877
0
1
0
0
0
0
0
0
0
0
0
0
0
0
0
0
0
0
1836452704
0
0
0
0
140239377
0
0
0
0
692533915
3957963861
0
0
0
0
0
0
0
0
0
158339910
0
0
0
0
0
0
0
0
21
1272878737
0
55
0
0
0
10
0
6
0
0
682632754
0
10
6
0
4649613473
3
0
1
0
0
10
0
0
48604870
3
0
1943406
0
0
2613608822
0
0
0
0
0
3250396868
0
4408965
0
0
1
0
1118148377
0
0
1879856565
0
6
0
0
0
0
0
2301709470
0
0
959986638
3
492744525
15
0
0
1596605258
10
45
179674445
0
0
0
0
0
36
0
0
0
0
588159252
0
0
946000
0
0
550970607
0
0
0
0
0
66
0
63028378
0
0
0
0
0
0
0
21
0
0
6
0
0
0
0
0
0
0
1778971770
28
21
19272736
0
0
0
28
21
0
1
28
36
0
0
28
0
0
0
0
0
0
0
0
0
1
0
141447789
0
4284556110
0
0
0
0
0
0
0
0
0
10
0
0
0
942148915
0
1036604275
0
0
860315937
0
0
45
66
1123308898
0
0
0
353181743
45
0
50838485
1813675872
5874358570
2668918320
0
1
0
43557110
0
3801963590
0
0
0
0
0
36
0
0
0
0
0
0
0
87990
0
0
0
1571165568
0
21
0
0
104697684
1927180450
904166529
767594968
1217143785
45
0
6412837830
0
5616276
21
0
0
21
0
0
0
0
2285860299
0
0
0
0
1667213612
0
6786882205
1
0
0
0
0
0
0
0
73890246
0
3
0
231802740
0
0
0
1094441477
69342975
0
457909452
0
0
0
0
0
0
0
0
95586051
0
0
0
0
3338956611
0
0
0
0
0
0
0
6
0
0
0
0
0
0
36
0
0
332471788
0
0
1733162222
0
0
0
0
2550515295
0
0
0
0
0
0
0
0
0
0
1
15
0
0
0
0
10
0
0
0
45
1015359495
0
0
4420021176
280406721
0
6474252670
0
0
0
21
1398628
0
0
0
0
216704961
1
0
366135327
0
28
21
1310438412
3
0
0
6
7324877
0
0
0
10
36
1237804884
0
1866452247
0
77931370
0
21
0
28
0
0
0
10
0
0
0
66
4245212275
0
3060709644
0
0
0
0
604319974
0
2172953890
4236002925
0
1817954545
0
4141455510
0
0
45
180395512
0
10
0
1124731303
0
2793893366
0
0
0
1619402499
334486180
0
21
0
0
0
0
0
0
0
36
3
0
0
0
0
0
3049453524
15
883701817
0
0
0
0
10
36
0
10991016
0
0
0
66
0
2994799518
0
0
5236788925
0
307954153
2209296613
4938341226
0
0
5550838864
0
0
0
0
0
0
0
0
0
926199277
0
66
0
3
0
0
0
2975251220
0
1
0
1284509927
0
0
0
0
0
0
55
0
5375652450
0
2941943535
0
0
2343214647
0
0
0
0
53246040
36
0
0
6
0
0
0
0
0
0
2998592925
0
0
66
0
0
739143555
0
0
0
36
0
0
0
0
0
12397710
0
2296759194
0
0
924120
0
0
236607375
6
15
0
0
41445960
97020
0
139286395
0
0
4308658014
21
4165882260
3883668763
3
0
0
1566124533
1995256029
0
0
0
0
579990710
0
0
10
302912191
0
0
0
0
0
0
0
0
0
0
0
0
0
1944665424
10
0
0
874503
0
3
0
0
0
3579383709
0
551435444
31828231
0
0
0
0
55
0
0
0
0
0
1048430721
0
0
0
1
3453345126
0
0
3
0
0
21
0
0
0
0
0
0
0
0
347807125
0
0
0
0
0
0
459151055
962661360
21
21
0
23653
1
0
184137642
5856812290
412002850
0
0
0
0
0
0
0
36
1183338248
6
0
0
0
5898771970
0
0
0
11700702
1093739832
2560237867
0
0
0
21
0
0
0
0
0
0
0
143016325
0
0
334201721
0
1109652474
0
0
0
2206173519
1563159738
0
21
4613425551
0
2504727247
0
0
6
0
0
0
45
56121714
10
20018627
0
0
0
0
0
0
0
55
0
0
6
0
0
0
0
0
0
0
0
0
0
0
0
1
0
0
0
1316742897
10
0
0
993131025
45
0
0
6
21
0
0
0
36
0
0
0
0
0
648486070
0
1
1
36
0
0
0
0
0
10
0
0
3159687720
21
0
0
1
0
0
0
0
0
1
0
0
36
0
0
0
0
1596887835
0
10
1
0
385989217
0
0
36
3
21
0
0
0
0
0
6
32550346
0
14153860
0
0
66
0
0
0
0
0
0
21
6
0
21
6207375286
3397723350
0
0
0
0
0
0
403123805
925123584
0
0
803022847
0
0
0
0
0
0
0
0
0
0
0
0
0
0
0
0
0
0
0
0
0
45
0
507800625
0
5171495784
1
0
1
0
0
2640064744
1652521299
1
0
0
0
0
968065998
1929229780
6
0
0
0
471567404
446003890
52772400
0
4060852215
0
0
0
0
0
0
0
0
10
0
0
312937643
776239100
0
0
0
6
1302464213
3
3
0
0
0
0
0
0
0
815373152
0
0
0
870540
0
1372382239
0
0
0
0
0
3961790560
0
0
0
0
0
0
0
0
35595703
3795687746
0
0
0
4971789867
0
0
0
0
12367850
0
0
1
0
0
1426020282
0
0
0
66
0
0
2451785304
0
6
0
0
1
2387646850
672912954
0
0
0
3
0
0
0
0
5086117587
0
0
55
21
0
0
0
56695275
0
1947847299
1430670258
715081652
0
0
10
4324639456
0
0
0
0
1795352997
840561480
0
4026858132
0
6
45
50586711
0
6
0
0
47565380
0
1
0
0
0
0
0
0
36120749
10
0
4134086930
0
371376621
0
0
0
0
0
0
0
45
619256007
66
0
0
0
2200929021
0
0
0
0
0
0
0
0
0
783941385
0
6635231937
21
55
2865661355
0
0
0
0
0
6107943009
0
0
0
10113752
0
2083861
45
0
0
0
15
2055847482
0
0
0
0
3021015279
0
0
2382121770
0
0
3209006292
0
15
0
0
0
0
0
36
0
0
106558101
0
0
0
0
0
2474948184
0
0
10
433165460
600987114
10
28
66
3
0
0
0
6
45
2907374364
0
0
736454610
0
0
0
0
0
0
0
0
839045127
0
0
0
0
0
3836573361
6
0
0
4914518445
0
0
0
0
45
0
0
0
0
0
0
0
0
0
280904243
6359946087
0
0
0
0
0
0
45
0
0
0
0
0
1
0
0
1206411757
0
0
475321527
0
0
21
0
0
0
0
0
0
0
0
0
0
0
0
0
0
1
2445137387
0
30299219
0
320614503
0
304686955
0
3992202675
0
0
3
1168692025
0
0
0
0
1136715012
0
36
1
758375964
98525703
0
0
45
856086
0
0
0
0
2312033994
768457203
10
2889710243
55
0
15177295
0
6
0
0
0
0
0
0
0
805629849
0
0
0
0
10
0
0
66
0
0
0
0
0
0
0
0
1809943689
0
0
0
0
0
66
0
0
0
0
66
0
45
0
1309465897
0
0
1956157416
30807325
0
0
0
55
0
0
0
0
0
0
0
66
1262908150
0
55
0
0
0
0
0
0
0
0
0
0
3809553807
21
0
0
0
2276876385
0
0
0
0
0
0
29872584
0
0
0
0
0
3
36
0
0
0
0
0
0
0
0
2815838454
0
0
0
36
0
0
10
55
246897525
0
45
171004770
551701132
0
0
6
0
0
45
0
0
45
4188275490
0
284542440
0
0
0
299035740
4101054874
3231557411
36
0
0
0
0
2182523310
0
0
0
0
0
0
0
0
0
0
0
0
0
0
4087300470
0
0
0
66
0
0
1127673767
0
7525259
0
0
21
0
0
0
0
45
362356659
45
0
0
99807255
0
28
0
4070681290
0
0
0
3334790268
0
0
468868752
3059223274
0
0
0
0
6
0
0
0
0
0
0
10
28
0
0
0
0
0
0
55
28
10
0
0
0
519370334
0
0
0
0
0
15
1010408578
0
0
0
0
5689511062
0
0
1
0
0
21
0
0
0
18871295
0
0
0
0
0
2185232989
0
0
19019028
1
0
2139790056
10
1031919732
0
0
0
0
6
0
66
0
180357525
1746198141
2401348945
0
0
0
0
0
0
5391736180
3
0
0
0
0
0
0
0
0
0
45
0
0
0
0
0
0
1755133100
0
28
0
4063646431
0
339076
0
1371858362
45
0
0
0
0
0
608882855
0
3039231594
0
387713780
0
0
633911400
0
0
10
0
0
2331720
616268277
0
0
0
2579092104
0
0
15
0
0
3
21
0
0
0
0
3126250
0
0
6
0
0
0
0
0
0
0
0
0
0
0
0
163506485
0
0
0
0
0
0
2076740107
0
0
0
0
0
0
0
0
0
5423571
0
0
4925430090
10
0
0
72066015
5932164360
111878361
0
0
0
0
0
0
1481781
0
0
0
0
4373322481
0
0
0
0
0
36
0
0
0
0
810574713
3
0
3234854385
0
0
0
0
0
0
0
0
0
0
0
0
10
0
0
21
0
0
0
6
2181136092
0
685110635
21
0
10
0
0
0
21
0
0
0
0
0
0
0
0
163253414
0
0
1932088167
0
6
0
1653498743
0
3
6656099076
871860
0
0
0
0
4505710028
0
5960736639
45
0
0
0
0
0
0
0
0
1328314650
0
0
0
0
0
0
28
0
1097297266
0
0
289550070
1
0
0
5974174041
6
0
6186890658
45
830953740
0
0
2904172542
0
15
0
0
4877311959
0
0
0
0
0
0
0
530451305
0
0
0
0
0
0
0
0
0
0
1
1646260884
0
0
1397380542
10
0
0
28
616900374
5163159726
0
0
0
0
3
94895975
0
0
0
0
549643589
172784752
0
0
0
0
0
0
0
0
0
0
16811301
199091025
0
0
6474480276
0
0
801700902
0
0
0
0
6292456587
5435647200
0
0
55931175
0
0
0
0
0
689077123
0
2187812020
3634761646
0
0
0
15
0
6
401620310
0
0
0
10
244282355
0
0
2540811219
502503
0
0
28
0
0
0
0
0
1
1
3104916993
0
1
0
36
140994028
0
66
0
0
0
6
0
1
36
4177848290
0
0
7370879
0
460030277
0
0
0
1
0
6
0
0
208702662
0
0
0
0
0
36
0
0
0
3
0
0
2514149477
0
0
0
2591459992
0
0
776830233
0
0
36
0
3
0
1562028
0
3
0
0
52168005
0
463068507
0
6
0
0
0
0
0
0
0
0
2463984890
0
1823325072
0
0
0
0
0
0
0
0
0
0
21
0
15
0
1854983567
0
0
36
0
0
0
2893436520
0
0
1177798842
0
1730396178
0
7006896
0
5367464200
0
1
0
10
6031369299
21
0
0
0
0
0
0
28
0
0
45
1572006550
0
10
10
0
0
0
36
2446536219
1
0
0
28
0
36
45
0
0
5248872066
0
0
6
0
0
0
0
861328
0
0
0
0
3
0
0
0
1744839195
0
55
45
0
3
6297056910
1227378257
0
0
2028112506
0
6
0
533028
0
0
0
55
0
787509138
0
0
177105610
0
0
0
0
0
0
0
0
10
0
0
0
0
0
0
5759596083
5906051541
66
0
0
0
28
0
0
0
0
2080
128761128
0
6323007219
1
0
0
6309969225
1230352812
0
0
21
0
0
0
0
0
0
0
0
45
0
98806653
176466288
0
0
0
0
0
0
0
1755844164
78971027
0
0
0
4543856740
1758037428
0
0
0
0
1062581922
1960851370
0
0
45
28
0
0
0
74841495
0
0
0
671263119
1
0
0
15
0
1
0
0
0
0
16453716
0
0
0
0
0
0
0
0
0
661443003
0
0
0
1581778107
6777099198
0
0
0
818323739
0
1788049894
0
0
0
2917525050
4580537013
6
0
0
0
6879351687
0
0
0
0
0
0
1
0
81593924
0
0
0
0
5855838265
0
0
0
0
6728521955
0
0
0
6417595212
0
0
0
0
5802607062
0
0
0
21
0
0
0
0
0
0
2004552897
0
0
0
0
0
0
28
0
0
0
0
45
0
45
0
0
0
0
0
0
348783666
0
0
0
300676493
0
0
0
5103176785
0
0
36
0
0
28
0
15
3
0
0
0
6
0
0
0
114496277
0
0
0
0
28
0
0
0
0
28
3
45
0
36
5744365660
0
204313005
0
45
0
0
0
0
0
0
0
0
28
3291484670
1829550267
0
0
367055964
0
21
0
0
0
0
0
45
1092570882
4581589895
1641788225
0
0
0
0
0
0
0
1604752872
0
5237812359
0
0
0
1891217245
0
28
0
641769030
0
0
0
36
0
318389995
66
0
2053351
0
1
66
0
0
0
45
1098562486
0
0
66
0
2946317438
0
4894017609
0
0
0
0
0
0
0
650288013
0
633769002
0
0
0
0
1
4247155
2878697467
330309243
0
803824539
66
0
5114700304
0
0
0
0
0
495794284
0
4942118424
36
0
0
0
5680134
0
0
0
0
0
3590645608
0
989168478
10
2630409236
0
0
0
0
0
0
0
0
242869774
0
3559949965
0
0
616478920
0
0
0
1171691408
0
3028404189
0
0
0
0
3
0
0
3
0
0
0
0
514322607
28
0
0
0
0
0
0
0
21
0
0
0
66
0
1865596958
0
0
0
2838246117
0
85602070
64088180
28
3614837868
5671497711
36
0
0
6
0
0
45
0
0
28
0
0
0
1001661660
10
0
0
28
0
6521790670
0
2454447010
0
0
671446334
438183605
66
199290627
159106041
0
520015124
0
45
65694453
2092883243
0
3512435195
0
53825500
0
0
0
0
1034237937
0
0
4103772289
45
0
117236328
0
0
66
0
0
0
0
0
0
0
0
0
0
1
0
0
0
0
0
0
953687280
45
0
3680348070
0
0
0
0
207804691
2895947432
0
0
0
15
0
655491527
1
4892731545
3590730386
0
1883107737
0
3
0
0
0
0
0
0
1822540097
0
435759480
10
1338332713
28
0
0
0
0
0
0
0
21
3
0
0
0
0
11217215
0
36
0
0
0
0
0
547358231
0
0
0
0
0
0
0
6050824983
0
1259693693
0
0
6
0
0
0
0
885973444
3761003075
0
0
0
0
0
10
2671841522
0
0
0
0
0
3744216
0
0
0
0
307954152
1
0
15750078
0
0
0
0
0
0
0
1
45
268644610
5663619190
36
656723160
1
0
0
0
15
1
0
3
0
28
0
0
0
0
0
144185671
3
0
1
36
0
0
612552500
0
0
0
1
0
0
717731325
3562988310
0
0
20336253
2786124618
0
0
0
0
0
0
0
0
0
3333075471
222299152
0
133963896
0
0
0
3
0
0
4339811975
1
1
0
0
0
0
0
0
0
0
0
10
6729334011
0
1199936560
3
6
0
5648835150
0
0
0
0
0
0
449205350
6
0
0
0
36
0
0
1
0
0
0
0
1
6310755619
0
0
0
0
0
0
0
0
0
0
1367932644
0
143050152
0
0
0
45
0
0
0
0
0
66
0
0
0
0
0
348519591
251048025
21
0
0
0
1
17644769
0
28
0
0
0
0
3550674270
0
21
0
0
0
0
0
0
0
0
66
0
0
0
6
4933472742
0
0
3468320531
0
0
6
0
0
0
0
0
0
0
0
0
0
0
7564105
6243528319
0
1461755412
0
0
0
0
2523234205
473288740
0
34291620
0
0
0
0
0
6738966410
59029544
0
0
0
0
0
0
0
0
0
0
0
0
0
1325532788
0
0
0
0
633733400
0
2385988654
0
2302930875
3
0
0
0
0
0
0
0
6
0
0
1
2748036170
1248575400
0
0
0
10
21
21
0
36
0
0
1653613758
36
1048384942
0
0
2403428410
0
0
0
0
0
3869228460
0
6
0
0
53981244
0
0
6
0
0
0
3
28
6
0
36
0
0
0
0
2318158089
0
6
6
0
0
0
444422390
0
0
10
0
1
0
10
0
0
6
1
0
0
417532752
0
0
0
2606456094
289766701
0
0
22670010
0
0
0
3752941521
10
0
0
6
1152119975
0
0
0
0
0
0
0
0
0
0
0
0
0
0
3
6
0
1240493117
0
6880876639
0
0
0
0
0
0
10
3320513768
10
0
28
57958761
0
0
0
0
0
45
0
11681360
0
0
0
0
36
3
0
0
0
879670519
0
0
0
0
0
0
0
210422355
0
1
0
272506179
0
1340506528
0
0
66
0
0
1
0
4517583910
0
0
0
0
0
0
0
6
0
0
0
0
0
0
0
0
0
0
0
0
0
0
3779412201
0
5634601180
0
6
5683432375
2695798868
0
0
10
3053828440
0
0
1088647785
0
0
0
0
659589339
0
0
10
21
5299608583
759856615
21
0
0
0
266085
0
45
10
674968908
0
0
0
6252135708
2991472565
81003
0
42416655
0
0
0
0
5415646656
0
0
21
0
0
66
256839770
0
0
0
0
0
0
2123662200
0
5139712512
36342074
0
3
0
3
0
438361224
0
0
0
0
0
0
55
0
0
3624963221
0
1833120954
0
0
35891628
2170976665
66
0
66
0
984459357
1006994982
0
21
3230512345
0
0
0
0
0
0
0
0
0
0
0
55
0
66
0
0
0
0
0
0
0
0
11321660
0
0
21
1186989723
0
2362284444
0
3
0
0
721373121
0
0
0
0
0
3
0
21
0
10934826
0
0
0
0
0
0
45
0
2559450825
0
0
1073257587
0
0
0
0
0
4317481329
0
0
0
0
0
0
0
0
0
0
0
66
0
0
0
0
0
0
0
0
0
0
0
0
155188153
0
0
4537090890
0
1908785785
0
0
1524099652
66
0
0
0
10
0
6
36
0
1691880
0
10878
66
0
0
0
66
0
0
1802310735
559153
0
0
0
3
0
0
557062130
36
3
2561669232
0
0
1607189832
0
0
3
3232441782
0
0
0
3
0
0
0
10
0
0
0
0
0
5420851560
45
0
0
0
0
5867025
4837885759
1
0
3064309745
1489788399
3333973608
0
0
0
0
0
0
0
28
184022519
0
0
66
59443155
0
0
36
0
1331563812
0
10
0
4980469074
0
0
329538627
21
0
0
0
0
769986882
1
0
0
28
1466354929
0
0
1
0
6
0
0
286549820
1292327377
0
0
969034255
0
10
0
0
1980501510
66
0
3049063085
0
0
0
0
0
2070236010
0
2338014765
6448220658
10
0
0
0
0
0
0
0
0
0
0
77370574
66
6071744437
0
0
0
4413160271
0
45
21
3697011056
10
15
0
0
0
0
0
0
0
0
0
0
3672716355
0
0
0
0
0
2504798025
0
0
0
0
0
0
0
0
0
0
0
0
0
6
0
1
0
0
727501439
0
0
0
0
0
0
0
0
0
2914928445
45
66
0
0
15221402
21
36
0
45
0
0
6
233182809
0
0
0
0
2122358970
0
0
105553185
0
128825326
0
0
262468406
0
0
55
0
119050164
0
1
0
0
0
10
66
1728870
0
0
0
0
1104899508
0
0
2936499920
0
0
0
0
0
6
0
0
0
90001235
0
0
0
2347255350
0
0
0
0
0
852493983
0
0
28
0
0
0
541287243
0
0
0
3804841716
0
0
90068330
235369056
0
0
0
0
0
0
3
0
0
0
21
0
0
3185895566
1
5360938765
1
2360772535
0
0
0
0
3
0
0
0
0
0
0
0
2043682272
0
0
0
1546263845
0
0
0
0
0
0
66
6426548440
0
0
0
0
129050144
1628235617
0
21
3
3718108251
0
55572152
0
0
0
6
0
0
2159526304
0
0
0
0
1
0
0
1
0
0
0
0
3
0
0
0
0
21
21
0
0
4755709056
3
0
0
0
2070171649
0
0
0
181937349
0
0
66
525868664
0
198951375
0
2319111424
0
0
0
0
0
0
0
0
0
378881627
0
3
860647801
66
0
0
21
0
0
0
0
0
0
0
0
0
0
0
0
10
0
0
1824533000
1643049140
0
0
0
0
0
1
0
250667235
2275189660
0
0
0
1983586599
0
3
2660158260
55
0
0
0
0
0
0
0
0
606024684
0
0
141582378
0
0
851131896
0
0
0
0
0
0
36
0
21
3127574460
0
0
0
0
138336660
0
0
0
0
0
0
0
0
0
1
0
369960791
1106075055
0
0
0
0
0
0
0
0
0
0
0
0
0
0
6
0
2146598997
1741473608
0
0
0
5047261090
0
2925092331
0
0
0
6047415231
0
4884326800
0
0
0
0
0
2908594549
80625951
0
3
66
0
0
1293496925
0
0
0
0
2432496369
0
0
36
0
0
0
1574137992
0
0
0
5943497812
55
0
2471150445
0
0
45
2667457310
0
530777070
0
0
0
0
3
0
0
0
0
654731381
7842780
0
0
0
0
0
45
0
0
0
1
0
0
5911269480
0
0
3325486671
0
45
0
10
0
0
0
21
0
0
0
0
10
21
0
111594329
0
1
0
548583105
1271869802
0
1764744339
0
28
0
0
0
0
10
1956345070
0
0
0
0
1964861292
0
0
0
0
1764269095
0
0
0
0
0
0
0
0
21
0
0
6
0
3
0
0
0
0
0
3
0
0
0
0
0
0
2383778622
0
0
580263210
0
0
3595221
5988939801
0
0
5731403535
0
0
66
36958502
0
0
0
1348180695
5307332812
3532999760
0
0
0
0
0
22388085
0
5257789719
0
0
0
0
0
440020935
0
0
0
0
28
0
0
36
0
0
21
0
823266732
0
0
0
0
0
0
0
0
0
45
0
0
0
2969930949
0
0
0
0
6
0
2117670624
0
0
0
0
0
4676943925
0
0
45
0
45
0
0
0
21
348308421
0
0
0
0
0
0
0
0
0
0
0
0
0
5761315
0
301167143
0
0
3887283036
0
0
0
0
443885909
0
0
6739956
0
0
0
0
10
0
0
28
1
0
0
0
0
0
0
0
0
66
0
0
0
0
0
36
0
3305861283
0
21
0
0
0
5775061590
1
682669710
0
0
0
0
0
0
5912356845
5012057224
4825204930
9234253
2361597169
0
0
45
0
0
0
6137045821
0
43398586
2088809289
0
0
0
0
0
3677088636
0
3
10
0
66
0
670676997
0
0
0
1
0
0
225367064
0
380562665
0
0
0
0
0
15
10
0
347886253
949760733
0
8734110
45
451576377
0
0
27339315
0
28
0
0
0
0
0
0
0
0
0
29656551
0
0
0
0
66
0
0
0
0
0
1
0
0
0
0
0
0
0
0
0
0
0
0
0
0
0
0
0
0
0
0
0
21
0
4248345732
0
0
0
2623161086
0
0
0
3
66
0
0
435287264
0
0
66
0
21
0
0
0
0
55
36
0
17343104
0
0
28
2197811844
0
3
0
811944250
0
0
2395807995
21
5197054131
0
0
36
0
3
0
0
0
0
0
0
0
0
0
0
0
0
0
45
1721524497
0
0
506590344
0
5795929879
0
0
0
5494087834
10
0
752151
0
0
66
4270497132
0
0
0
0
0
0
0
0
10
36
0
0
1198810092
0
0
353846503
0
0
0
0
0
0
2021812249
0
0
2587430010
187608125
1910887104
0
0
28
0
1235218928
0
55
0
0
0
66
519886134
0
3454924347
0
45
884164323
0
3
0
1644367850
10
0
0
0
0
3012005269
0
0
0
0
0
227175269
1576663929
0
0
0
0
0
0
1
0
36
0
3362943021
0
3
0
0
0
0
0
0
6358367230
1237307382
0
0
0
0
623133252
0
0
0
0
21
0
1389461967
0
21
1138479900
45
279176625
0
0
0
0
1160198532
45
53301
0
0
0
28
21
0
28
10
0
0
0
0
0
0
0
0
0
0
629894270
0
0
0
87100201
0
0
0
6395861484
0
0
1
0
0
0
1655799825
66
0
0
0
45
0
4824910225
28
0
0
0
0
0
0
0
0
0
52669716
0
3968380371
0
0
10
0
1
0
0
540563619
0
0
0
0
0
0
0
0
0
2501684739
0
0
0
0
0
0
1161354909
0
0
10
10
0
0
0
66
0
0
0
4683038976
0
0
826272223
0
3216621483
2696166000
0
0
0
0
0
4885414062
0
0
0
1082124978
0
0
0
0
1
0
0
0
0
0
161110222
10
360958143
0
0
0
0
6857955
0
0
0
0
0
0
0
0
2917754235
821158072
1
0
16834503
0
0
66
28
5466658158
0
824525126
21
0
0
0
0
0
0
2410852605
0
0
10
10
0
3562903860
0
1650394850
0
0
2822521390
3594205675
0
0
0
0
0
0
0
0
0
45
0
36
0
0
0
4800579039
0
935216373
0
0
0
0
0
0
0
0
0
0
81198395
0
2343283075
45
0
55
0
1295990413
4115013795
0
5630780215
0
0
922759317
0
66
0
273861905
28
0
28
2241854274
3
677359200
0
1
0
0
0
10
0
0
0
0
0
0
0
1349583078
92799876
0
0
0
0
0
45
0
0
120070756
0
66
0
0
0
0
0
0
927706272
1785120848
0
0
0
0
0
0
0
0
873014002
6
0
0
0
0
0
0
6406270962
3
0
10
6
940370025
0
0
1779210372
4068065079
0
0
1
5637149245
0
36
0
0
0
1102738188
0
1
0
267787653
0
0
0
2392970769
0
948235905
0
0
0
45
0
0
0
6
0
363003039
0
2012602284
384989625
0
1
773916138
28
0
565269875
6
3
0
0
0
2782468065
0
0
0
1
0
0
0
15
0
0
0
0
0
66
0
0
0
6
0
0
0
0
6446403786
21
0
14437250
0
1274897732
0
0
0
0
0
55
0
0
49287556
0
0
0
174013837
0
1
0
0
0
0
0
28
0
0
0
36
0
5218996816
0
3333565333
0
0
0
5324552370
21
0
3097513976
0
0
3
0
0
0
0
0
0
886604974
66
1991846250
162351189
0
2356514220
0
0
0
2442410850
474643434
0
0
0
0
0
0
0
0
0
0
0
66
0
0
0
0
0
0
0
21
0
0
0
0
0
1121034897
0
0
119590844
6483359211
0
0
1865902410
0
0
56759184
0
0
36
0
15
2386541292
5602799230
0
0
0
115740504
0
0
0
0
0
235586071
55
0
0
4944504810
1598527147
0
0
0
6126749
1624870500
4042488465
21
0
626916324
0
0
0
3
1187964368
11556027
0
0
0
0
0
0
3021637181
0
0
0
0
10
0
0
0
32501953
4177848290
0
21
0
2581318990
0
0
0
5303109546
1702448770
3
0
0
0
0
0
0
0
0
0
5729262424
0
3
0
0
0
0
0
0
0
954560950
10
0
0
0
0
0
10
1354054774
0
5921059386
10
0
0
0
0
0
0
0
0
266839641
0
0
462946785
1324297374
2552372592
0
28
0
0
0
0
0
28
0
0
6717506040
45
0
0
0
6
1
0
1764803734
10
36
0
0
0
0
66
505159002
0
55
0
0
0
0
0
3300984333
0
4965976
36
0
0
0
0
0
0
0
0
817433940
0
0
0
0
0
0
0
0
0
1
0
0
0
5464462566
0
0
0
0
0
0
45
0
0
1301698748
0
0
0
0
0
0
0
1
0
0
0
0
9307455
0
5007752958
0
0
0
0
0
3
0
0
0
0
0
0
0
1177604712
36
21
10
1675539210
2054308815
0
176090760
5006852310
0
0
0
10
6
0
3
0
0
28
0
0
0
0
0
10
0
949107093
0
10
0
0
0
44448306
0
0
0
0
0
66
0
0
45
0
36
0
0
0
0
28
0
0
0
0
5009654611
0
0
0
0
0
0
0
21
194646315
10
464378029
0
0
0
0
10
0
5698581837
1282888528
1
0
0
21
0
0
0
0
0
0
21
0
0
2251238544
0
0
0
0
4050674983
0
0
0
0
0
0
0
0
14485652
6499196989
0
0
45
0
0
4559981696
0
0
0
0
0
104220703
0
5949277695
0
0
0
3018606114
0
0
2110323025
0
125250
10
0
0
0
10
0
1103583684
0
3
15
0
0
0
0
0
66
45
0
0
0
0
35007528
0
0
124480530
0
0
0
66
4282982573
0
0
0
4459031775
0
28
230405308
0
0
0
0
116304126
4309679199
21
3
0
0
15
0
0
0
36
4814306809
0
0
0
0
0
0
0
0
0
21
0
0
0
0
1
0
3
45
0
0
1
0
0
0
0
525025809
0
0
0
28
28
0
0
0
0
0
831279904
250353876
2888406
10
2778068520
0
0
0
0
0
0
0
3
15
0
0
0
0
0
0
0
0
0
0
10
0
1142874117
0
1174278
0
0
0
0
0
0
0
66
0
0
0
0
6
0
0
0
10
0
0
0
45
5001850135
0
0
0
0
0
0
0
0
0
0
10
3
0
26205180
5915837106
0
0
0
0
0
28
0
21
0
0
21
692645589
0
1618605850
0
0
0
0
0
21
0
0
0
6
0
0
0
5895079587
0
0
0
0
1667675622
4579851
0
0
1
0
0
0
0
0
0
0
0
0
1208235
0
0
0
0
0
0
0
4793918337
3031673742
0
0
21
0
1
1565061375
0
4798619529
2860061860
0
0
0
1691903529
0
0
0
3
1
0
0
415887219
0
0
0
6
6248781483
0
0
543955615
0
120691416
0
0
6049614961
0
0
0
0
3
0
0
0
0
332162415
0
0
0
0
3780455571
0
0
0
0
819335437
3
0
15
0
0
0
6050604949
0
0
0
0
24245166
0
15
1925752824
0
0
0
0
4722121935
0
0
0
6
0
0
0
0
0
0
221582816
0
99299278
10
1174452342
0
0
0
0
0
1
45
28
10
0
0
0
45
0
0
0
0
0
0
0
0
359562336
0
0
1265573202
0
0
0
10
0
28
0
0
89184689
0
15
0
0
0
0
0
6071413870
2185232959
0
0
0
4421243574
28
0
1
0
0
3364009290
10
45
0
0
6
0
15
0
0
218499060
0
0
0
0
2416897569
0
45
0
2340366
10
0
0
0
590012775
0
21
0
0
0
1
127736135
5764710
0
0
0
0
3639879136
6
2491862274
0
0
0
28
0
0
6
0
15155265
2928535236
891665332
3
4772596084
0
0
0
36
31438485
0
143880166
0
0
0
36
0
0
0
4786968745
0
28
0
0
66
0
0
0
0
0
45
818283284
4556067125
0
0
0
0
3
0
0
0
0
0
36
0
0
0
39707416
0
0
6193900605
2106232135
1655454542
0
6
0
41354965
0
0
0
0
0
0
0
2246342842
0
261804402
45
0
0
0
0
0
2874374082
0
0
3449251
3
0
28
1
56026405
0
1358898750
0
0
0
0
3891516510
6
0
0
0
1570878
0
45
0
36
0
21
0
0
1
21
1
0
0
0
0
0
4407149615
0
0
0
0
247564620
0
2513298645
0
52382729
0
0
0
0
5180143960
0
0
36
0
0
28
6044886036
0
0
0
6
1
0
0
0
10
2694991226
0
0
0
0
0
0
0
5671071684
55
537641215
0
0
0
0
0
0
0
0
3008513629
0
66
2755603193
1205429522
0
341401505
0
0
0
0
0
6
0
0
0
0
0
0
28
1
0
0
0
0
3
0
249057711
1143113199
0
1
0
3
0
0
692124614
0
0
0
0
0
0
0
0
0
0
0
3073960
66
12839778
0
0
0
0
0
0
0
15
1
0
384407118
0
2023974870
66
0
0
0
0
0
0
0
6
36
3
0
0
0
21
0
21
0
0
0
0
6
0
21
36
36
0
6450264924
0
0
0
0
0
0
0
5282875
0
0
0
758921299
693762604
0
0
0
6
0
0
0
0
0
0
0
0
0
0
1
36
358249528
5479212837
1927056315
21
0
0
805027854
0
0
0
45
0
0
0
0
28
0
0
66
0
0
1180955672
0
2821394485
0
0
0
0
0
0
0
1697375974
1605036125
0
0
0
0
6
0
0
159874021
21
0
0
2974402746
0
0
0
4845659754
0
0
378881627
0
0
55
0
0
0
0
0
0
0
0
0
0
1
280714655
0
0
0
0
0
0
0
1928794989
0
3
0
0
0
10
0
0
1
0
0
0
0
0
536002890
0
0
857787469
0
0
0
0
3247817300
0
6
0
36
279412970
101780777
0
0
0
0
0
0
0
8010003
0
209397877
0
0
3
66
0
0
0
3857098329
0
0
34898834
0
2886138264
0
10
45
0
0
0
55
0
0
0
0
55
0
150363811
0
0
0
0
0
0
3
5373060571
0
626031399
0
0
3
6
0
36
0
0
0
397436706
0
3202360390
0
0
0
3
66
0
0
0
0
0
396929399
1324760573
129580845
0
2134951804
0
1
0
0
0
0
10
0
66
0
0
0
1533887572
0
3328749611
286406201
0
21
837079983
0
0
0
10
2509329897
0
0
0
0
0
0
0
3
5757664329
0
0
3597173745
5015962654
0
0
2955151845
0
0
2590812100
1255681438
0
10
0
0
0
0
0
0
0
0
4942714989
0
45
150676120
6172549341
3483328266
2957151024
6
0
0
0
0
0
0
0
91848680
0
0
0
0
2483327539
0
66
0
0
0
0
0
2883631643
0
0
0
0
0
6
794549313
45
0
21369453
0
0
2013807880
6
0
6581084835
15
0
0
0
5611059079
0
0
0
0
3
714627914
0
0
6486434085
66
0
5949386776
0
0
0
36
0
0
0
0
3990773085
0
0
0
0
0
0
0
0
6
0
976886280
0
0
0
0
0
0
10
0
0
0
0
3
1555508948
0
28
0
0
0
0
0
0
0
3244191515
0
0
488859536
0
0
0
0
307507600
4739241337
0
0
0
439131429
0
0
263064450
2597510920
2827482364
3657476592
0
1
0
0
1
0
0
0
0
10
56556929
5491153140
0
0
21
0
1187574477
0
553729271
0
0
0
0
1695561
0
21
0
0
0
17284260
0
1
45
353128599
0
1
1
0
0
4180042406
0
0
0
0
0
4955150989
0
0
0
175903146
0
0
6
0
4136451435
36
2170844876
0
106485121
0
532733760
0
0
1
0
0
0
1
0
0
37096190
3
0
0
0
0
0
0
0
0
6
6245763450
5949714025
709194288
0
10
718792569
1243583250
0
0
0
0
0
0
477080584
27740076
0
55
0
57507450
0
0
6
0
0
0
1894431
0
1
0
0
0
0
21
0
365215841
0
0
0
1444558122
0
0
0
0
0
0
0
0
0
173138136
0
0
0
0
968594070
0
3165254820
0
28
0
55
6
45
0
1
0
918511229
0
0
45
0
0
0
0
66
0
0
0
1
0
0
6
36
0
21
564664814
0
36
0
3
0
0
464286613
6
0
0
4995650910
249191640
0
66
0
0
1112669523
0
3696839081
2202322492
0
0
0
1729866784
1263410772
0
209009235
0
0
0
0
0
15
6242857864
0
0
0
0
4145643075
0
0
0
15
0
0
36
916026982
0
5713890
10
0
0
165410763
4785696795
0
45
0
0
0
0
0
0
0
0
0
2033136
0
3
878370738
0
0
0
36
1323268262
15
0
0
0
0
0
0
0
0
21
0
0
0
2259163361
0
0
0
3445122483
0
0
0
0
45
0
0
0
0
0
0
0
0
66
6
1064980461
0
0
0
256069755
0
0
97825077
0
0
0
0
0
0
939026095
36
45
0
529930289
0
0
0
0
3
0
0
0
0
0
2941560041
0
0
0
25679361
0
0
540136277
0
0
3380023080
0
36
0
0
0
0
0
0
36
0
5589574980
1687078807
0
0
0
0
0
0
4632079339
66
0
0
2930984730
0
6
0
108641170
0
0
0
620312252
0
0
0
0
0
431783190
28
0
1938184894
0
0
3126625467
0
0
0
126190441
0
0
0
0
20457605
0
28
0
0
0
211881402
0
0
36
0
0
0
0
0
21
0
0
0
0
0
0
0
0
45
6640993073
0
0
0
15
0
3
0
36
0
832462785
0
97587435
0
0
15
0
6
0
0
0
0
0
0
0
0
0
0
0
66
2164589670
19446966
0
6
0
1
0
0
0
6
0
21
3
6244645824
0
0
1896202147
0
275056785
4535852580
0
3107991051
79059025
0
10
689151374
0
0
0
0
0
45
0
0
0
0
0
0
0
0
0
0
0
0
5243443170
1435113497
0
0
0
0
0
0
0
1
0
0
10
0
66
0
0
66
0
0
0
2436264300
0
0
10
5312382381
10
0
0
0
0
205041372
0
6
0
1392890562
0
0
15
0
0
66
0
2565894060
0
0
0
1467546548
0
0
0
0
0
28
0
0
0
0
0
45
17549849
0
0
45
3988450626
0
77881440
3047033070
0
0
36
0
608778150
1437579007
0
0
0
0
0
0
0
0
0
0
623768839
0
0
0
541320
4744694955
45
0
0
0
0
45
55
0
0
0
0
0
0
176992702
0
36
1784642890
0
0
809568420
0
8154741
0
6462764850
0
0
1195042713
0
0
311887790
0
0
0
2171701524
0
1234920747
0
1455490053
3
0
0
0
0
0
0
2793145875
0
0
0
0
437887606
0
0
3770809858
0
2755378
0
0
1560030143
177369195
0
0
0
0
0
0
0
0
66
0
0
0
3
0
2877331834
0
0
1388611
0
6
0
36572628
0
0
0
0
0
0
0
10
1865230493
0
0
0
66
179674445
1238949528
0
0
3
6
0
45
0
0
1237207893
3
1
0
3
3387262268
332471781
0
0
0
0
6681275351
0
10
36
0
6
55298385
1
0
0
0
1887221760
0
0
6
726967514
21
3
0
1577000874
66
0
0
0
235759755
0
0
3
639513965
0
0
0
0
0
0
0
2237503954
0
45
0
0
0
0
3233647980
0
54272571
0
0
0
0
0
0
21
0
0
21
10
0
0
292348287
0
0
28
0
0
0
1086502414
55
2449195056
158464502
0
0
1
0
0
0
0
0
0
55
0
42205078
28
0
0
0
0
0
1807056893
0
0
0
0
3
0
846599505
21
1439456334
0
0
0
0
0
451696575
3183261935
0
0
28
0
0
0
1
132983585
0
0
0
28
0
1996330042
0
0
0
1007219400
0
5711186205
0
1050263181
0
0
10
28
0
0
0
0
0
0
1839544834
0
0
21
0
0
374079627
0
434785806
0
0
0
0
55
0
0
0
0
405142330
0
1485479268
0
0
6
0
0
0
0
0
0
511024444
0
187569396
0
0
0
45
0
0
0
0
0
0
0
0
1
0
0
3
0
0
0
0
381777528
0
0
0
0
0
2368061754
0
0
28
0
0
0
0
0
0
0
0
0
0
0
0
0
0
0
6
0
0
0
0
0
6315362625
0
0
5699222400
0
0
0
0
0
0
3689447940
0
0
0
0
352836320
0
10
66
0
0
36
3079986819
0
0
0
0
0
0
206664614
0
6
204656795
0
1604016470
690785862
0
66
0
0
0
0
66
0
4732915212
6838475760
0
0
424875824
10
0
4656848723
3261532950
0
0
0
0
2918747396
5578373080
36
0
0
0
0
6
0
0
3
0
521499639
21
0
0
0
0
0
604389527
0
0
0
6877357774
0
0
0
10
829201723
28
0
0
0
3271151160
0
0
2582468772
10
45
0
4345683357
0
0
0
0
36
0
0
10
0
661843132
0
36
6398915583
0
4081335357
6716346984
992418070
0
1
1
0
0
0
0
0
0
0
6
0
45
540004795
0
0
4146644757
0
446123384
1490716500
10
0
0
0
0
28
0
6193900584
1
28
3664750033
0
21
0
21
0
0
10
1240194303
0
208498407
0
0
0
0
0
0
0
0
0
127736135
0
0
0
0
0
0
6503421
2183977089
0
942539632
0
0
0
55
0
0
3
246586527
0
0
21
66
0
0
0
0
0
0
0
0
0
0
0
0
0
0
10
0
0
185040703
0
0
30494145
0
15
4551486317
0
0
0
0
0
4155209520
0
15
0
45
0
137738503
0
3890722563
0
0
0
0
0
0
3024591948
0
0
0
28
0
0
2993019755
5390386299
6
0
0
2175657594
12987156
0
0
0
1672877375
66
0
28
0
0
0
0
0
25878
0
868840452
0
0
116823255
0
0
118988451
0
0
12693240
0
1
0
9290205
0
3309033231
6
264787568
0
0
0
0
3
0
6
1957533699
0
0
0
0
0
6
0
0
0
0
0
201295
0
55
21
0
0
0
1794633995
0
0
0
0
4944703669
0
0
686073388
1
0
0
0
10
28
0
6
0
0
156070278
601160474
28
0
0
36
0
0
0
0
0
3
0
217559370
5394644190
0
24328800
0
0
0
0
0
0
0
0
4618614050
2009494674
0
0
0
21
1
0
507528
0
5995836726
0
45
0
0
36
0
2068756320
0
0
6
0
0
0
0
308525217
0
1037469573
0
2576220069
0
6
0
0
0
0
0
1322908175
5997479415
0
0
1967745975
0
0
0
0
0
0
0
992685382
338767435
45
3
0
55
0
0
0
0
0
0
0
0
0
0
0
0
28
294213143
45
0
0
0
3
0
0
1047194727
0
0
0
0
0
1044907752
10
0
0
66
0
0
0
0
311114040
0
0
0
0
0
0
0
10
0
0
0
0
0
0
0
0
0
1238053677
0
0
0
3598700693
0
0
2021112825
0
21
45
0
1278333760
2102923368
0
0
0
0
6
0
0
0
0
0
0
0
0
2730124635
0
0
1071034888
0
0
3
6608073175
3
0
1
1
126253
20170776
0
36
1902427050
229590300
232168926
0
0
15
4423030376
66
0
4088114232
0
66
0
0
0
45
18389080
0
0
0
1181295900
45
3
3
36
3250154990
0
0
92459601
0
876946259
0
0
0
3339820
0
0
0
0
0
0
0
0
0
0
2406341245
6
0
0
5229116179
349470693
0
0
66
1753000860
0
0
21
5450985012
10
0
0
0
1513407633
5396514060
0
3221837118
0
553496355
0
0
0
0
0
3625644390
0
0
0
0
0
0
28
6
21
0
0
0
0
0
339236128
0
0
0
3
0
257906115
45
0
0
0
1
0
0
0
1
0
0
45
0
0
10
0
28
21
0
0
0
0
0
6
0
0
10
0
0
0
0
581592564
387407529
0
0
28
0
207690
0
6
973573980
0
0
0
0
1146654213
671043274
0
0
0
398367636
0
21
0
0
0
162045003
0
0
191541378
65671530
0
0
3
1
0
0
0
4382398974
0
0
0
0
0
0
0
0
6712291114
0
0
21
0
0
0
0
0
15
0
1896756400
0
280264650
0
36
0
0
0
0
0
1359941625
0
4009914636
0
199110990
3031128694
0
0
0
0
0
0
631066100
0
2630989520
0
0
1242187240
0
1863032333
352092916
0
36
0
0
0
0
0
0
0
3
21
0
0
0
0
1
0
0
0
6613592479
0
0
0
0
3303666245
10
0
2133145
6
0
0
15
0
0
0
0
45
0
0
0
0
10
1549379590
542999534
28
3781499085
0
0
0
66
1
0
0
0
0
21
0
0
0
0
6
0
21
0
0
0
28
296229970
0
28
0
3474569796
36
1093459209
0
45
0
0
0
1
895597002
0
0
0
0
0
0
6216738220
0
0
0
0
0
0
0
0
0
0
0
0
0
0
0
0
66
0
0
0
3694002071
0
0
0
0
0
0
0
45
0
1172950392
0
0
233269194
0
2420375094
0
0
1414774218
0
6
0
0
0
0
0
28
1596379232
45
0
4155118359
0
0
0
0
28
0
582718588
0
0
0
0
0
399214881
0
0
0
604598150
0
0
36
1
2592972085
0
0
0
0
2508621492
0
0
0
0
0
0
3
10
0
1
0
3
0
0
487984399
1202338200
0
0
0
28
0
0
0
0
894750752
0
0
0
0
0
0
0
0
0
0
0
21
84909995
4214767557
0
6
0
0
0
15868161
36
1012117533
245942928
21
0
21
0
8128
0
0
0
0
266815
0
0
10
0
0
127704171
0
6
0
0
0
0
0
0
0
998754450
1544040232
6881463204
0
0
0
6
0
0
0
0
0
0
0
4556926283
0
6
428029910
0
0
0
0
10902115
0
0
0
0
0
5914858164
0
0
128889539
90390735
0
45
1
0
0
1123782933
0
0
0
0
0
0
66
0
0
144593515
2336784060
21
856669507
0
0
21
0
0
631919004
0
0
0
0
0
0
21
2890394460
0
0
3937970616
0
0
0
2404399179
45
5913553083
6696079884
0
0
0
0
0
0
0
0
10
861436257
10
0
0
10
3
0
0
0
0
0
36
0
0
0
55
0
6917173324
0
0
0
0
0
0
0
0
0
0
0
0
21
6
3584970140
0
0
0
0
0
0
0
0
0
0
1
0
0
36
0
0
981621583
5357729304
2189796925
0
2612741292
0
0
1
0
1
0
0
5944915275
10
0
0
0
55
0
1
0
0
0
0
0
0
0
4235358611
0
3
0
1
12338027
0
66
284375476
0
164883720
1
10
55
0
28
3
199430405
0
0
0
0
0
3
0
0
2529204967
0
0
1441120113
4211646476
66
608010735
0
0
0
3
0
0
0
31605224
0
3
0
36
0
0
5504785135
0
0
0
1
0
1
0
36
0
6648481
0
0
0
21
2802496401
0
0
0
21
0
0
6
0
0
0
0
6
0
0
0
0
0
0
66
21
0
0
66
0
45
0
0
0
0
21
1
0
5545255971
1013963025
177067971
0
0
0
28
9581252
0
21
0
929947486
0
160912829
0
0
1
5255533981
0
2814037674
12382776
0
0
0
0
0
0
4832378859
0
0
0
0
0
0
0
0
66
0
0
0
0
0
0
0
0
45
0
0
0
6767672256
0
0
0
0
0
0
0
45
0
10
10
0
3565690118
0
0
0
1057287099
0
1478456247
304588221
0
0
0
0
0
4524049826
0
0
1418180650
0
4909067175
3333075471
33862335
0
66
0
0
0
6101313279
0
0
0
266054778
0
0
0
0
0
0
0
0
0
0
0
0
0
0
0
0
0
956265777
0
0
45
66
0
66
0
975106
0
1
0
3884461996
0
0
0
3091613625
0
0
0
0
0
0
0
0
0
0
0
0
55
13595504
2999987060
28
0
0
0
36
0
0
0
271503243
0
0
0
3985950240
0
0
21
0
0
2759762061
4765076217
0
0
0
0
0
1
0
1273686153
0
0
0
0
0
0
0
164847403
0
0
36
0
0
0
0
0
0
0
0
45
0
0
0
0
0
0
0
3
0
0
0
0
0
66
0
126269885
45
3794032485
21
5270205045
0
0
1101095125
0
0
66
0
0
5148537009
0
0
0
0
1327232478
0
0
0
0
0
4210545206
434992259
0
1
0
3
0
0
25765431
45
1592764992
0
0
0
15
0
88000010
0
2357269447
1805133649
1
0
1558969013
0
6
0
0
2234026740
6323007219
4775918475
5583655605
0
0
0
0
0
0
0
6004600446
0
0
2826253
0
0
0
0
0
0
4174649604
2401210314
0
0
0
0
0
0
3
0
3
0
1
36
0
3819598475
0
6
0
2167354035
518146335
6070870
0
0
1
0
0
0
66
55
0
0
3
36
3
55772640
0
0
0
0
0
6
0
0
45
4768298274
10
278420993
1936628709
21
45
0
0
0
10
0
2133449175
0
0
3371970371
1848003
127608300
3
1
381390770
0
179901990
55
3042194967
0
0
978964873
0
0
0
0
0
0
0
0
0
0
237434736
0
0
0
0
0
0
1890294835
0
0
28
0
1
0
3
0
21
696484497
0
2520251470
0
0
5640335110
0
0
36
1
0
3724837471
0
0
0
0
0
0
0
0
2972860376
21
28
0
0
0
0
0
3539307035
1
0
0
0
0
147791028
516795174
0
3459913669
0
0
0
0
3
0
0
0
10
6
5447539965
0
84389536
0
609441307
216372003
0
0
2141556729
6
0
0
0
21
0
0
0
0
0
0
0
21
10
0
3364255342
821239125
0
21
0
0
0
0
0
0
6341688444
45
28
0
179144050
0
0
3
686592095
0
0
1574530783
0
45
0
0
0
0
0
66
3
0
0
3
0
0
0
0
0
0
0
91537212
0
0
10
0
0
0
0
0
0
0
0
0
0
0
0
0
3
0
0
4641902100
0
306962243
217851498
0
0
0
0
1438490700
36
0
0
0
0
0
0
0
21
2719051886
0
45
0
0
0
0
0
0
0
0
45
813153625
10
2110582914
0
0
0
0
0
36
10
0
0
0
0
0
0
0
76415703
0
0
10
0
66
0
0
0
0
2343488463
0
0
0
0
2274043044
0
0
0
0
0
0
401960480
0
0
134324244
0
0
0
28
0
10
0
3464240693
0
0
0
0
0
0
0
0
0
0
0
0
0
28
0
45
0
2294997369
0
0
0
0
0
0
0
0
0
1966616934
0
0
0
0
0
4235818806
0
1724988210
28
0
0
3035490450
0
48575296
0
0
0
0
0
0
5576894421
6895078530
3
0
0
4071222685
0
0
10
399384452
0
0
0
0
0
0
0
859776757
6910353075
118095396
5711613715
55
6051595060
0
28
0
0
0
1743835068
66
5101762533
0
0
0
0
0
0
3
0
6326381325
0
0
0
0
0
1869997580
0
0
0
0
36
45
1
1002915270
3157541768
0
66
0
36
438154002
0
0
72848485
0
0
45
0
0
0
0
0
0
0
1826587440
1076735205
0
0
0
3
0
6
0
0
0
0
0
0
1
0
0
0
0
0
3541663158
0
0
30893729
0
0
0
0
0
1
0
0
0
0
0
0
0
0
0
0
0
0
0
0
118510709
0
55
0
1
0
0
595694385
0
0
36
0
2383571454
0
21
0
1
0
0
0
0
0
0
45
0
0
0
1
45
66
1
1
0
0
0
0
36
1673513721
0
0
0
0
0
0
0
0
10
839618730
1138575337
28
0
0
0
1073674602
28
45
0
0
45
0
0
2084287324
972030183
109054296
0
1
0
36
0
429201
0
662716620
0
5575310340
0
0
4491671535
1144500218
0
0
1186697375
1
1048384942
3
2377775252
0
1255080148
0
67657528
0
0
1831002327
0
0
0
0
31692740
0
1037059650
0
0
1662712583
0
0
0
0
0
2125617795
0
0
0
0
2218079674
0
0
6
0
0
0
0
0
0
66
0
6
0
0
0
0
6
826231572
66
0
0
12051595
0
0
4670369600
45
0
0
0
0
0
0
0
491207475
0
0
0
0
0
0
45
0
0
6
0
0
3
0
248121220
0
0
0
25651
0
0
0
0
0
0
0
0
0
2729829095
2590020372
1904216322
391594104
0
0
0
0
0
1144691600
0
0
28
0
0
0
3271393818
0
0
0
0
0
1759342215
0
0
0
0
967054210
0
0
0
45
0
0
0
0
91550746
0
1
0
4672786073
0
0
347095368
1
0
0
0
36
0
308550051
0
0
6
0
1127531300
0
0
10
15
0
0
3420596106
0
0
0
10
0
479493007
6840814930
27628461
0
66
0
0
310415976
0
0
0
0
0
0
0
6888973444
0
21
931069125
0
0
0
0
0
0
0
0
0
2542522389
45
0
0
0
1
0
0
0
0
0
0
0
1426874907
325979811
0
0
0
6
0
0
0
14026456
45
0
0
4995251092
0
0
0
0
0
0
0
0
0
0
1430991225
0
36
0
10
0
0
4765271434
0
0
3069243716
0
0
0
0
0
0
0
0
0
1243034702
21
286478006
0
0
0
0
0
0
0
0
5589997935
0
15
0
0
0
0
5615297259
4230206135
0
0
0
66
21
964549078
2395392714
0
0
21
0
0
0
370151226
0
553928969
66
0
0
0
0
836302738
0
0
0
66
4563802436
0
0
0
0
0
36
0
6588544170
0
3
0
0
0
6
21
0
28
0
2680401117
5702959746
0
0
0
85314453
0
0
0
3
22401470
0
28
0
0
102810630
0
0
0
0
73429020
3
45
21
0
0
36
2620905
0
0
2234427789
0
0
0
36
0
0
0
0
0
1
0
55
6
6037191720
5037921565
0
0
984636873
0
0
10
6
0
0
0
0
0
0
0
0
36
0
0
1
0
45
0
0
21
1599318840
0
7822989
682743627
0
0
0
1735753712
1195678348
0
0
0
1808259425
21
0
0
0
0
1
0
0
0
15
3
0
0
0
45
28
0
15
21
0
0
0
28
0
10
0
1803271464
5423246686
0
66
0
0
45
0
10
0
0
0
0
0
0
0
0
0
45
0
0
0
0
150901878
0
0
0
1
293074154
28
0
0
0
0
28
0
1
0
0
0
3588866260
66
0
6676767848
0
0
0
1992793136
0
0
5574571189
36
2921422131
1567635993
0
0
66
0
0
0
2315571357
0
0
6383313489
1459485375
0
6623487005
659698325
0
0
0
53173827
0
0
0
328455
0
0
0
0
5320941175
254037070
0
28
95807403
0
36
0
858823287
1
0
21
0
0
0
2476285119
72258231
762744132
0
0
45
0
0
0
0
1
5327132545
0
0
54637831
0
0
1141918127
0
0
1
66
0
0
0
55
0
2590236264
6
0
0
597283182
0
0
0
3
0
0
239290626
0
0
3994526256
282375720
0
348519591
0
0
0
0
0
0
21
0
0
114375250
142070795
10
2650611609
66
28
0
21
36
0
0
0
0
0
0
0
3286050801
0
0
2493627495
0
28
0
0
0
0
0
0
3559190625
0
10
0
0
0
0
0
0
0
0
5430160
0
6561824906
0
0
0
0
715989560
0
3170189706
0
28
0
281497127
0
0
0
45
0
1
4954454130
1302311124
0
1918932219
0
0
0
0
0
0
0
45
6249116865
5890954174
0
3015887244
10
1849566604
0
0
6039550
895131495
0
125825316
0
0
0
6110043195
0
0
3899107233
0
357767874
0
1420098568
0
0
0
0
0
0
28
1770749799
3
0
0
21
0
0
5084503995
0
0
0
0
0
0
0
0
3416379085
0
15
45
0
2541880644
0
3276734536
0
0
0
0
0
0
0
0
0
990458775
0
0
0
0
66
1309977702
0
3022725600
28
0
0
0
0
0
0
0
0
0
6020939935
263592270
0
0
2066634189
6137256
0
3931760781
10
0
0
28
0
21
0
0
55
0
0
0
10
3332095750
0
105291815
0
6324346
0
2926469232
0
1
4037364849
0
0
0
0
45
0
0
1
0
1
0
0
0
0
36
0
6355322866
0
40270824
0
0
66
0
0
0
0
0
0
21
5247642615
0
0
0
0
0
0
0
0
0
0
0
1
0
0
0
0
0
0
0
0
0
0
1
831850856
0
0
0
0
0
1749686584
1075992827
0
124251
2793066
0
0
0
0
0
66
161146128
363029975
0
0
0
0
0
0
6
0
2342530092
0
0
0
1979809239
0
317255445
28
0
45
0
2038954005
6
492744507
2642317824
0
0
4458370785
0
0
864177930
0
170321193
0
0
0
0
1211082717
0
3275034768
0
3472236066
0
0
45
870091467
0
0
21
0
0
3
6196126794
3
0
399158384
0
0
1
0
0
0
28
4689719092
0
0
0
21
3
463738284
0
0
0
0
0
0
3
0
836343650
0
0
36
21
180395515
0
1
0
0
0
1
826841442
0
0
0
40684710
0
6
0
0
0
0
45
0
0
0
0
0
36
0
0
10
21
3
0
0
1539153900
0
0
4375660905
0
2009621467
0
0
6793990973
2304220519
5714713641
0
0
0
21
6
10
0
0
0
0
1846891455
5190836929
0
0
4602769430
0
0
0
2416271880
0
0
0
0
0
0
0
1
3181028158
0
0
0
0
0
30964515
0
36
0
0
3
0
3
4020219910
0
928093983
0
0
0
0
0
0
0
1
665595834
0
0
0
0
0
0
0
0
0
0
0
0
0
0
0
45
0
45
0
0
1084731750
0
0
0
21
0
3609398121
0
0
0
0
36
341819721
0
0
0
0
0
0
0
1242676
0
0
0
0
4860733437
0
50325528
3
0
0
0
318920140
0
0
0
0
0
1278485440
0
0
0
0
0
0
0
0
3
245898576
0
4695241005
0
0
0
0
1976224140
0
45
2013680955
18413346
0
0
0
0
0
0
0
5201925
0
0
0
201295
0
0
0
0
56727226
0
0
6
0
0
3878558730
0
0
0
0
0
0
0
10
4069779045
213015120
0
0
6
0
0
45
0
0
0
0
1
0
5379178437
3
0
28
2150860057
21
0
0
0
0
0
0
341976628
0
0
3028482041
0
55
0
453682502
0
0
130823400
0
0
167124900
0
4322872632
21
0
0
1
0
0
4707361869
0
28
0
0
0
163090830
0
4892335867
127832054
0
0
0
0
0
0
0
0
66
0
0
114768825
0
0
0
0
0
0
36
0
0
0
0
0
0
0
0
0
0
2199734950
0
0
0
0
0
0
0
0
0
0
28
2702926040
0
0
0
68100285
3453677595
3
0
0
0
0
0
0
3116590715
0
0
1145983847
0
10
0
0
0
0
0
3166050515
3689276106
1797091170
0
0
0
0
3
0
1
0
0
1
0
6
10
0
0
0
15
0
0
0
0
3
1
0
28
0
0
10
0
0
0
66
0
1
0
0
0
0
55
0
0
1095940
0
0
292783701
0
3003318717
0
0
4552058792
0
36
0
0
0
3
66
0
6267128901
0
3
0
0
0
1
283541391
0
0
6
0
0
0
0
0
0
0
169068465
151684653
2346022245
0
4619575232
36
0
0
0
0
45
0
0
0
152836383
0
0
0
0
1757325960
0
0
0
0
0
1
0
886446
5275236904
0
0
1
21
36726734
0
0
0
0
18177434
0
0
0
0
0
392042000
1
0
0
0
0
1367305056
1324297377
2196618611
0
0
0
0
0
0
319703541
0
0
0
0
33403051
0
6814172104
0
28
0
3810863243
55
408879906
6
0
0
0
0
0
3938946888
4416637050
0
0
0
0
0
0
28
0
0
0
0
62848866
0
0
0
0
0
0
0
28
0
0
0
4316552134
0
0
0
0
1907550255
55
0
10
0
2680620800
0
0
0
0
0
4968499704
3
0
0
0
3
0
0
0
1
0
0
1813977022
0
0
0
0
0
0
1092944878
239778
0
3
10
10
190505437
0
0
0
0
4564853420
0
0
0
4431593385
0
0
3894604881
158553525
0
0
0
0
0
0
0
0
0
0
6
10
0
36
0
0
0
66
0
66
0
10
0
300897245
2128683370
0
0
1842093247
0
0
0
0
0
0
0
23478377
10
1
4230942011
0
0
0
0
15
0
0
28
0
0
0
15
0
1072562767
0
0
0
0
0
0
0
603659610
0
0
0
0
0
0
0
0
0
0
0
936644106
66
2782318896
0
868757083
0
0
6
0
0
0
0
0
0
0
1
0
294334443
50848570
0
2302998772
0
0
0
0
388884206
0
2062200495
0
453050130
0
97020
0
0
0
0
0
66
0
0
71538741
36
1088694425
0
0
28
0
0
0
0
0
0
0
0
0
0
0
0
0
0
134062125
36
36
0
0
0
0
0
0
0
4888379937
0
3536470
122594311
21
0
1
0
4161137096
1926435520
0
0
2185095
0
36
0
0
0
144508497
0
0
3
0
0
6
0
0
0
0
0
5457147111
0
500655543
0
0
0
0
0
0
0
0
28
10
2319383880
328051305
0
0
21
0
21
0
0
3781325121
0
0
10
55
3034633437
0
21
0
0
0
0
0
0
0
0
0
6207526
3
0
4797835867
0
0
0
363326445
0
0
0
0
0
0
0
0
0
0
2770842893
295257149
0
0
0
0
1403201797
0
0
0
0
0
0
2392578
0
0
6
0
377836295
0
0
21
0
6
0
0
1355772600
0
28
0
0
0
0
0
0
3
5527998333
15
0
45
0
0
0
0
0
0
1105886932
1823083530
0
0
1
0
0
0
2424690667
0
0
137290734
0
0
0
0
0
1
0
0
0
5566232739
0
0
0
0
36
0
539774795
0
0
0
6
0
0
21
0
147687891
224243253
194468778
10
5738257711
0
0
0
0
3226414275
0
1057241133
0
0
0
0
45644232
3
0
0
0
5913553062
0
2817189443
0
21
0
1684175697
28
0
0
0
0
3
0
0
0
0
0
26970839
0
0
0
0
0
0
4378654935
0
2917754235
10
0
0
28
0
66
45
17266626
0
0
0
21
1
0
3150473121
0
4663123823
1910021685
0
0
36444453
6
0
3155475916
0
0
665997235
0
5912356866
10
866882340
0
0
0
56471878
0
0
5682366270
0
0
4653953948
0
0
5287672821
0
0
0
0
1337867125
0
3065875655
0
0
0
0
21
0
206867967
0
3
0
0
0
10
0
0
0
0
0
36
0
0
0
0
0
0
0
1
0
0
0
0
330746339
1686614154
0
0
0
0
0
0
0
0
175472011
0
0
0
0
251608527
0
0
3
0
5681939856
55
5611376887
3713108364
6
0
0
0
5992989895
0
0
0
0
0
0
711983979
0
504650564
0
0
0
1054943208
0
0
0
0
1
10
0
0
0
4471978857
538002002
0
0
0
0
0
66
4312836320
0
0
0
0
928395574
0
0
44968386
1
4188824664
0
0
6380037235
0
0
0
0
6
0
0
0
10
0
1940115480
0
1
0
5275545076
0
0
5063449992
0
4088928075
0
0
0
10
6
0
2549801138
3551769858
21
0
0
3364665518
0
0
6
84259670
2714039640
0
0
0
0
0
0
0
0
0
2396292600
0
0
0
0
0
809125857
0
0
21
0
0
0
6
0
2527285039
0
0
0
0
0
0
0
0
0
45
0
55
0
0
0
293146791
0
0
0
0
3556659960
0
1892016849
0
0
0
1934451064
0
1956219939
10
0
2455357898
2080028215
0
0
0
0
0
0
0
0
0
0
4855410660
0
0
0
6
0
0
0
0
0
0
0
0
0
0
1581440674
0
90525240
0
0
0
0
0
0
0
252034926
0
0
0
0
2417592844
0
0
0
0
1044587775
0
0
0
0
0
1265824742
1
0
10
0
1626010845
0
36
1479816000
3
0
45
0
0
0
0
2252446485
0
0
0
10
0
0
0
10
0
0
0
21
48871441
0
0
1
1
0
15
6
202457503
0
1970570025
0
0
0
0
0
1679014320
0
0
0
0
0
0
1780582644
1
0
45
0
0
0
1054621680
36
0
36
0
0
0
0
2979340992
1
0
21
45
66
0
21
0
5412524901
653899345
0
2510534364
1956219954
0
36
0
0
0
0
0
0
0
0
2272761874
0
0
10
411342888
0
0
4476992570
0
0
0
0
0
0
3378954311
0
0
0
0
0
201452625
0
0
2097349755
0
0
0
0
374517395
15
5477119408
0
0
0
0
0
0
3
0
318801
0
0
0
0
0
545374850
28
0
0
0
0
2609995089
0
0
0
0
0
0
0
0
0
0
66
0
1
0
0
0
985835403
0
0
0
0
0
1284864750
0
1439134397
0
4366311021
13449890
966306720
0
4401518345
0
1799909973
0
590150169
0
0
0
3867645180
1700698653
36
0
0
3297816270
1638809865
1
0
55
0
4928110245
0
3
0
0
1
37225505
36
0
0
0
0
0
646075430
230834841
45
3
0
0
0
6106064241
0
1
0
0
0
787390076
548251940
50687345
6
3578876096
66
0
0
322948405
467675215
0
0
0
0
0
3806586621
0
0
0
3
0
0
55
0
0
1910207139
321577480
0
2996966874
0
0
0
0
1272273318
0
0
0
4474343458
0
0
0
53493996
602791280
0
0
0
0
0
21
0
55
0
0
0
0
0
0
0
0
0
0
0
0
28
0
0
0
4828250712
6
0
0
0
0
0
0
1041208133
0
0
0
36
0
0
1732043768
36
0
0
0
0
0
0
0
0
3
0
0
4671916061
0
0
0
0
0
0
2693890080
5864174208
0
4085311591
0
0
0
127177325
1
0
0
0
0
0
0
190251765
1259844300
3793335606
0
0
327001948
677285589
2748629268
0
0
0
0
206258205
0
0
384379400
3
0
0
0
0
28
0
3
34117930
0
55
0
36
0
0
36
0
0
0
0
0
233528466
0
293582795
748245249
0
0
0
0
1
625960643
3
0
387630236
810011104
7842780
1
0
3038218166
0
0
0
1
0
0
0
0
6365473651
0
1903660950
0
0
0
0
1648786594
45
0
0
0
0
0
0
0
0
0
0
0
0
0
698052929
0
0
45
588090657
0
0
0
0
0
0
0
3
0
0
0
0
175228560
0
0
141128400
0
0
0
0
0
0
0
5480783187
0
0
0
0
3
117205705
0
0
0
0
0
1
4232597966
0
0
0
0
0
0
0
0
1056137792
552000148
0
0
0
0
0
5091969004
66
5947423471
5245491480
32148168
0
0
454194709
0
0
0
0
0
0
3
0
1
115984065
0
0
0
3
1020909888
0
0
0
0
0
0
21
0
1180858500
0
0
0
0
0
0
0
166753
0
21
0
0
36
0
6
0
0
0
0
28
0
0
0
0
3
1
6230795851
0
0
10
6532873620
0
0
0
0
6676421169
0
225685629
0
0
0
45
0
1
0
0
0
2778813965
6
0
0
0
0
6
0
0
2623233492
14750596
0
92854378
21
0
0
0
0
28
1
2969391480
0
723691969
0
0
0
0
0
1569036168
0
0
0
0
0
0
0
26978185
0
0
0
1
0
0
0
0
0
21
0
0
0
161379595
36
0
0
0
0
3
1104758512
0
0
0
0
0
1156780947
0
0
0
1679246100
0
0
0
0
0
0
3
0
0
5771623035
706823595
2742108530
10
0
0
0
0
0
0
2883601
0
0
0
1291361604
0
1
0
0
0
0
36
0
0
0
0
0
0
3
55
485613009
0
0
0
0
3293026425
0
2239912810
0
0
178312170
0
66
0
2169329640
0
0
6
45
0
0
0
1
10
45
0
0
6
1960600869
0
0
132853150
0
0
10
0
0
0
6750464666
1606226171
3
0
0
0
0
786794943
1824472615
432312309
10
0
3
1504178973
0
0
45
0
0
0
0
0
0
21
2692715769
0
0
1118242983
0
0
839618728
28
0
688557474
0
0
832177185
2562671400
0
1656490455
0
0
0
0
504237645
45
0
3939656980
25830078
0
0
0
0
0
0
0
572488202
2490097699
321907251
0
0
0
0
0
0
0
3
21
0
0
36
0
0
10
0
0
0
0
0
0
5127451966
0
0
1
0
0
0
306962247
1
0
0
1
0
6295149255
0
10
0
10
0
1
0
5630780215
0
0
0
0
116014527
116685726
0
3
0
0
66
0
0
0
45
0
1196265238
0
110759285
790528182
0
0
28
6102859915
0
0
36
0
0
21
0
0
0
387268364
4662158158
0
6
0
0
780625
0
0
0
3
788422192
0
2740257437
21
3
0
0
0
0
0
2482059160
1
0
6415895937
0
0
0
0
0
0
0
0
0
0
113379211
2698442906
3576845865
0
66
0
0
0
0
0
6
0
0
6598305071
0
21
3275277570
0
0
0
1358742382
0
6
0
0
0
0
0
4949975715
0
0
0
3697354983
0
0
0
36
0
0
0
66
3
0
496644885
6
0
1
10
0
0
0
0
3494354556
0
1
0
66
0
0
0
0
0
0
0
3
0
0
49565946
10
0
224306784
0
0
0
1716130377
0
0
0
0
681155594
0
237500115
0
0
6301995712
0
0
0
6
0
0
0
0
0
0
0
0
0
0
68228720
21
0
0
0
0
3262583021
0
0
0
36
2757013881
0
0
966790357
0
0
0
0
0
0
1436828418
21
0
0
2705132225
0
0
0
3
0
36
0
0
0
0
0
0
0
0
66
0
0
6
0
6
0
0
0
28
153168753
2582828122
6
0
0
0
0
674124100
3899725440
0
0
0
0
0
0
267394375
2285927892
0
0
0
0
0
0
0
1543706827
0
611328040
0
2024865697
13915450
0
0
0
6282476305
0
0
483278504
21
0
15
0
2070622092
45
0
0
0
1736932324
4362106885
94827106
914016384
6908707312
0
0
0
293946371
0
55
2003983076
6
6251688426
0
1362341673
0
10
0
45
0
0
0
0
0
0
0
0
0
16390675
0
6
0
0
10
0
0
45
0
0
0
2707780809
282542106
0
6
2847294443
0
0
0
0
0
0
10
0
10
0
0
1605036150
524961000
0
503095059
0
0
0
1
0
45
66
385628105
78908202
45
36
3105389800
1
0
5284074156
0
0
0
0
3357942215
243663850
0
0
0
705733662
66
0
0
10
0
0
0
0
0
0
21
66
358281
5151277185
1016711850
0
0
1
0
0
2420862117
0
0
0
0
0
0
2850238241
0
0
0
0
0
735687240
0
0
0
66
3
5452446906
0
1544373673
0
3533420044
0
0
0
456155889
0
0
0
36
6209381014
0
0
1
0
3354746871
21
0
160428827
0
0
0
45
1189232062
15
0
6
6
0
459908956
0
0
1
0
0
0
3
1964986669
0
0
21
0
0
0
0
45
0
0
404260394
0
0
0
55
0
865270
6016990084
4069779045
5127350700
18395145
28
0
0
0
4304110569
0
0
0
1922837055
0
0
0
0
3865534665
1229013828
0
0
0
0
0
0
0
0
0
0
0
0
6496689000
0
0
0
28
0
0
0
0
0
0
170967783
0
0
0
1
3063135549
5304654435
0
0
0
3
0
0
0
0
36
0
6704530448
0
0
0
10
6
0
0
0
0
0
874503
10
0
0
2529204997
66
0
21
970972275
15
834504228
5327235765
0
0
0
125524090
0
28
0
0
0
0
8729930
3562903895
66
0
0
0
13768127
0
0
0
6004490839
0
15
0
0
0
0
0
0
0
639478200
0
0
0
0
0
0
3
0
0
178727870
21
88398456
0
0
0
0
0
0
0
1
0
0
0
0
0
0
0
3063605216
0
0
0
563522785
0
0
25880414
0
0
0
900513120
0
0
5093180083
0
0
0
0
0
0
66
6
0
66
0
0
21
0
0
3140162331
0
0
62434724
0
28
0
348466790
0
0
0
0
0
36
0
0
28
241769055
0
0
16539876
0
5775921415
1908081
0
0
0
66
0
45
10
0
0
0
0
0
21539766
0
0
66
3049375429
5033305212
5141740462
157540124
0
0
9063153
0
21
0
1
0
0
6
0
0
0
0
0
0
0
0
0
0
1068860727
0
0
0
5332811109
0
0
0
0
1792417995
0
0
0
0
3
555194502
0
0
0
0
0
0
0
10
374462651
0
0
0
0
0
3
0
0
0
0
6
0
6
0
0
0
10
0
0
10
2875739005
0
0
0
0
1764625522
4581685647
0
6660945844
0
0
0
0
0
36
167344355
0
0
0
0
0
152644125
0
0
853237385
0
0
10
36
66
0
0
2848124591
0
0
6
0
0
10
0
10
0
0
55
0
0
0
0
2608333645
3
0
0
0
1
0
0
0
0
0
0
0
0
0
312987689
66
0
807999879
0
21
0
408079595
45
0
0
0
0
21
0
0
0
0
0
0
0
0
0
0
0
0
0
18932780
66
0
0
0
36478611
0
0
0
0
636227955
0
2030214753
21
0
0
0
0
0
0
0
0
0
0
5002450234
0
51587403
0
1055264767
0
163306
0
0
6201694069
0
0
2071201331
0
91889346
807396999
0
0
0
646183254
0
0
0
0
589154298
0
309569393
66
3
0
0
141330075
6410459769
0
0
0
39458285
0
0
0
4800579069
0
0
0
0
2057065975
0
1
0
0
6567897900
0
0
0
3103735068
0
0
0
0
0
1
28
0
0
2953921932
4713962217
1628806344
0
0
0
0
0
0
28
28
450765304
0
0
0
1708476
0
1
0
45
0
1093225392
0
3
1211919525
0
0
1974087159
0
1998795145
0
0
0
36
0
0
0
0
0
0
0
0
0
3
28
0
0
28
0
0
0
45
0
0
0
546366075
0
0
1268543262
0
0
0
1711446759
0
0
0
0
0
0
0
0
0
0
0
0
0
3
1478673743
0
0
0
0
66
28
0
28
0
455008840
282565878
2400309535
0
0
0
109409028
0
21
0
0
0
0
28
0
0
0
0
21
0
1353586462
0
0
0
3
0
0
0
0
259840205
0
0
0
238656618
0
45
0
0
0
0
0
3
0
0
0
60549509
0
0
0
0
0
10
0
1095751863
0
0
0
36
0
0
0
0
0
0
23157414
3819336290
0
1315870647
1
0
0
0
0
0
0
0
0
0
0
0
10
45
6646064920
0
1
0
3279082608
0
0
0
0
959679952
0
0
0
0
0
6734903704
0
0
0
2222877816
0
0
0
10
66
0
0
0
0
293098356
45
6
66
0
0
0
28
375338900
0
0
0
0
66
0
66
0
0
0
1
0
6627631091
0
0
21
143507208
0
0
0
287076731
0
0
28
0
0
0
0
1784523383
0
0
3
0
0
1240044872
21
4000695930
0
1619004150
0
89947578
0
0
0
0
0
0
6
0
0
4273177660
0
1603620022
0
0
0
0
0
0
0
10
0
0
0
55
0
0
0
10
0
0
3520737696
15
0
5197767795
0
0
0
0
5425225650
0
71204211
0
0
0
0
0
0
358919028
0
0
1
649062432
0
0
0
0
0
0
0
0
0
129967502
36
1091402557
3
36
37675
45
0
0
0
0
0
0
5105803812
2493203769
142881060
0
1
0
0
0
0
0
0
28
0
541517592
146778411
21
15
0
0
0
0
0
15
0
0
0
0
0
71610527
0
2643481080
173529135
0
321780386
10
0
0
0
0
4670659520
0
0
21
0
0
0
0
0
0
0
5467180962
218896420
0
0
0
0
3
0
0
34051878
3
0
66
36
0
0
0
0
0
0
0
3208125130
369145205
0
0
0
0
45
0
4266524104
36
3653543411
0
0
0
21
5137615
3
0
0
0
28
0
0
0
0
0
0
4329383823
0
36
2392694040
36
0
0
0
0
10
0
6123250
0
0
0
5380423200
0
229140527
3443711509
3849460851
0
0
0
0
6505697233
10
1567132092
0
0
0
0
0
0
0
0
0
0
5816943664
0
0
10
0
0
21
0
1527192990
0
1100719712
0
90821500
0
0
55
0
0
0
15
0
0
5529785985
0
3
1507142250
0
36
6557014331
0
0
0
3629051405
0
4808126887
0
1071914448
0
45
0
45
0
0
0
0
10
0
66
0
0
0
10
0
2002274115
0
0
933098385
21
0
0
0
0
1184116777
36
0
0
0
0
0
6
0
21
0
0
6
0
0
0
0
4620632591
0
3
10145260
0
0
0
1
0
0
1409778422
0
6695385566
0
1
21
0
45
0
0
679127079
0
311837851
0
0
0
0
1
0
0
0
0
10
0
1469714408
0
0
0
0
0
453471669
0
0
6
0
0
0
1043399715
0
0
0
0
674785215
0
274170
0
6331556649
0
0
1
28
0
0
19446966
370069615
1
0
968021997
10
0
0
0
0
2275526981
0
0
6
0
55
0
6
0
0
0
0
0
0
0
66
0
6390207730
0
377479025
0
0
0
0
1358533872
6
10
0
10
21
3
0
1
3216461070
548119494
66
3
0
0
1
3
1770273747
0
0
329384601
0
0
0
1660810140
10
0
0
45
28
318137700
3
0
0
66
0
0
0
2848879376
45
0
0
0
0
21
0
0
0
10
0
408136735
0
0
0
0
0
0
0
0
0
21
0
0
0
0
2449791
0
0
45
1
0
0
0
0
0
586411380
0
0
0
0
0
0
4971391005
0
2589804459
0
0
66
6003942945
0
0
0
0
0
0
0
0
3
0
0
0
1
0
0
0
2877862901
0
0
1661559478
10
0
0
0
243707997
36
0
55
0
0
101296255
1601298930
55
36
0
0
0
0
0
0
28
45
0
0
0
45
0
0
28
0
0
36
0
0
0
0
0
0
0
217017360
0
0
4743623437
0
0
10
0
0
0
28
0
0
45
0
15
0
0
0
0
0
0
4512357480
5719525536
0
0
0
0
0
0
0
0
6973244
1518804034
1
0
28
0
0
221035825
0
0
0
0
10
3
10
0
0
0
0
0
0
0
0
0
0
0
0
0
4558549331
0
0
0
1235268632
0
28
0
0
0
0
45
2179617294
55
0
0
0
0
0
1
1
0
0
0
0
82426380
0
883365522
0
10
0
0
531787557
0
0
0
36
0
0
0
21
0
36
0
0
86678361
0
0
55
4136178573
0
0
0
0
0
0
0
0
0
43875028
0
2872630493
0
36
21
0
263569320
10
0
0
0
0
0
0
0
28
0
0
0
21
0
0
6226219800
0
0
0
4144277306
0
1980753249
3986753820
0
0
0
3191601
0
2774044827
0
0
1392098992
15
814081422
0
0
0
36
10
109024760
45
0
0
0
45
0
0
0
0
21
0
0
769280697
0
1
0
10
388438127
957621963
0
10
26663253
6122541108
0
0
0
21
0
0
0
2439965290
0
3920506939
0
0
0
0
174517903
0
0
0
0
0
1
949150662
0
0
0
0
0
2539385739
0
45
0
720879414
0
0
0
2958528
0
533746107
41136985
0
2184770217
0
1
0
0
0
3
0
1
4708526295
100274040
0
0
6
1492245762
0
21
0
0
2688607775
1
0
10
0
36
0
0
0
0
0
0
0
0
0
0
0
2029195329
66
0
0
36
3
0
0
0
6
4813816224
45
1405321617
0
0
0
0
3
0
0
21
0
3677345875
0
1
4804695312
0
1
0
0
0
0
0
0
55
1
0
511855989
0
0
295937956
0
0
0
0
29695071
0
1713260888
0
0
392070002
0
0
0
0
0
261895941
203606107
73744440
0
1
0
45
0
10
36
45
0
0
0
0
0
5502581920
986310
0
0
1086782125
45
0
0
1104147525
0
0
36
975472362
0
0
0
0
0
561577320
0
0
0
0
0
0
0
0
36
287484231
21
0
3236141430
171522981
0
889217703
44253
0
1
66
0
0
4651542350
859610913
1
0
0
10
0
0
0
0
0
0
0
0
0
10
0
0
5240473831
0
55
0
0
36
0
0
0
0
0
0
0
0
0
2988997867
0
0
0
0
0
0
0
53784006
0
0
0
0
0
0
0
0
2583618758
6
0
4593275753
0
0
0
0
0
3
0
0
917996955
0
36
0
0
0
0
45
0
913845373
45
316701518
0
0
0
0
6469474309
0
3128751
0
10
15
1046782862
518146315
0
0
0
0
0
0
0
0
0
45
0
0
0
4600083348
0
66
3522332250
267371250
10
5659681983
28
0
0
45
0
131228100
5604493083
0
0
55762080
0
0
45
563153565
45
0
0
0
0
0
3
0
0
968946210
0
0
0
0
36906933
0
0
1722874322
7490384
0
0
4275211701
0
0
0
0
0
0
0
0
45
0
0
0
0
0
0
0
5663832030
0
10
0
0
379763019
0
0
559066620
0
0
4458087470
21
0
459787647
0
0
21
0
0
0
4637663558
0
45
0
0
0
0
0
0
431459999
0
0
0
0
0
0
0
0
0
0
0
0
0
0
0
0
3913603141
0
2955459375
251384243
6095680839
0
0
0
0
0
0
0
201071431
0
0
3128751
0
28
0
0
1
0
0
0
0
5148537030
3213814833
1740883518
202055253
3667147575
0
0
36
0
0
188966520
0
0
0
406452801
0
0
6706614965
445018860
0
36
0
0
0
0
28
0
2143485
0
0
0
45
2025311184
0
3828256206
21
0
0
3158733893
3
647154261
0
1
0
1462836977
0
258792615
0
0
4630346973
0
0
0
0
3247172533
0
0
0
6
0
36
0
5000349970
0
0
0
0
0
0
0
0
0
0
0
0
0
0
0
0
683926619
0
0
0
36
3
0
15
0
1
0
4192578180
15
2997818586
0
0
0
0
0
10
0
0
6776051425
0
0
0
0
188947080
0
0
0
0
0
28
36
0
2873161074
0
646686645
0
2386057704
1370915700
3
1187428275
0
4962918940
0
1
0
0
0
5294873826
0
0
1096313722
0
0
6880055490
0
1
0
0
4703869466
0
0
0
0
0
0
4425476105
66
0
0
695700950
0
0
0
1
0
0
0
0
0
0
0
45
0
0
0
0
0
0
834014058
10
0
7282835
10
0
0
0
0
0
0
0
0
0
5523162606
0
0
2546660000
0
2022511764
38128278
0
449145403
0
0
0
0
0
0
45
0
0
0
0
716330174
0
0
0
0
0
0
0
0
10
2788663211
0
0
0
0
21
0
0
4336551864
3
0
36
0
0
0
0
1913175132
21
0
0
0
0
0
3
0
1135142125
0
353580518
0
0
0
21
0
0
0
0
0
0
0
6
55
0
0
0
66
0
1073211264
36
0
0
0
0
0
0
0
0
36
0
6
0
0
6236825410
47526375
0
0
24875928
0
0
0
0
3490342980
0
0
0
1773786
0
0
21
0
0
0
3
0
0
0
0
0
0
0
0
0
10
0
0
0
21
0
0
0
28
5910943311
4783251270
0
0
0
0
0
779394400
66
0
1
0
0
0
21
0
801420627
0
4300863864
3
0
0
0
0
1326305253
0
0
0
0
0
0
5744580033
0
10
0
0
0
0
0
0
0
3
0
0
0
0
0
0
0
0
0
21
0
0
28
0
0
0
0
0
66891961
0
0
0
0
0
0
0
0
0
0
0
0
0
0
0
0
6
0
655672557
0
0
0
0
0
0
0
0
0
0
0
3
3770896701
5882165371
0
0
0
0
0
5815972960
0
0
45
492556170
0
0
0
0
116456690
0
420833551
1
0
0
0
36
4018068145
36
0
0
1349738931
0
66
0
0
0
0
0
0
0
2901277210
0
0
0
0
45
36
15
0
0
1540707777
55
0
45
0
0
0
0
582923439
55
0
0
0
4814993742
0
0
0
0
28
0
45
0
1
5002950369
5257071925
507354584
2594340492
0
386044790
10
0
0
0
0
0
0
0
3984432531
0
0
0
52300877
0
0
596523069
0
36
0
0
0
0
0
0
0
0
2620771395
0
0
0
0
0
3
0
36
0
0
10
10
0
0
0
0
0
0
329230630
0
0
0
0
2680035057
0
46788300
0
0
0
0
152259975
0
0
1456839228
0
0
0
0
29211545
0
0
0
0
0
0
0
66
0
1
0
0
0
0
0
0
0
45
0
0
3
0
0
21
0
1419778800
573842482
0
1164875775
0
0
0
0
0
0
45
0
6592103198
0
0
0
0
0
0
0
6
2041828646
0
0
0
0
0
0
0
66
1
0
0
0
6567210260
0
2591747970
0
0
0
0
0
0
0
1461809470
0
1360984850
1
0
73053827
0
0
0
0
828875967
0
0
0
0
0
0
33887028
0
6192008641
6291447006
0
0
1888020489
0
21
0
0
15
0
28
41055391
28
0
0
0
3
1675307664
0
3
6117783760
0
0
0
10
737568027
0
0
0
0
0
0
1603336872
0
1
0
0
28
0
0
0
0
0
0
0
0
28
271829586
0
1267133283
204131112
3547051615
124843700
445974044
28
0
0
0
0
0
0
0
0
5057514385
6
127880028
0
21975135
30548836
0
0
0
0
77358140
1
200210055
0
0
0
2047008084
0
0
3
0
36
0
0
240451485
0
0
0
0
0
0
10
0
0
0
0
1696968125
0
5408155935
55
920269330
0
0
0
0
1069785619
2871417856
0
0
3
44081354
0
0
0
0
0
0
0
4372854866
0
0
5954296435
0
0
6
0
0
0
18577559
327436845
36
0
0
0
0
0
0
0
0
0
0
28
367083059
0
0
0
0
281046486
0
0
3715607900
396788520
28
6263546784
0
1
45
4492998560
0
66
0
0
4252494708
1
0
0
387379685
0
10
5000949979
2440663905
0
0
45
0
0
0
0
0
10
66
36
0
0
0
0
42989628
0
0
0
0
0
0
0
2584121989
0
0
1464027213
0
10
0
0
0
0
0
0
0
0
0
0
0
4596822758
21
19161145
0
1394051975
0
10
0
3270908476
0
0
77134410
400912071
0
0
0
0
0
0
66
0
21
21
36
0
195891321
0
1398173625
0
0
0
0
0
0
0
0
0
0
36
3
0
0
0
0
0
0
0
0
0
0
3
0
66
28
0
0
0
0
0
0
66
0
6356563062
21
0
0
0
0
0
5340869583
0
2157620867
0
1940613814
28
0
0
5485286104
34084896
0
0
0
0
5134847085
0
0
0
0
0
0
0
0
45
0
0
36
10
0
0
2572775742
0
6
5891388360
0
0
6581773223
0
0
0
1169272233
4845758169
1
0
316122939
45
0
0
0
0
10
0
2185695750
5590632345
0
0
0
0
0
0
0
0
0
0
0
0
0
796344165
1946349630
0
4172913669
0
0
0
0
0
0
0
0
0
36
0
2956612743
0
0
0
0
0
0
3
0
0
0
0
160052883
0
0
0
0
6
0
0
0
0
0
0
0
0
0
3638855359
121438320
0
0
2542664988
0
0
0
45
0
0
987879004
3213494151
0
0
12313203
265363197
0
0
0
0
4815778834
4181048269
0
3
3
0
0
0
204211945
0
0
0
0
0
0
45
145752198
0
0
0
0
45
0
0
3
45
0
6365473630
0
408393895
0
0
0
0
0
0
0
5430435154
0
0
198612414
0
0
1
1423031198
0
0
45
0
0
0
0
679975000
7962045
0
0
312862605
0
0
0
4642576592
2608983724
0
0
2380879494
0
2291543415
0
0
0
0
0
0
0
0
0
1442516307
2532691196
0
0
0
1597679122
6
0
100316529
0
36
0
0
0
66
0
0
0
0
680934153
974191849
0
990280753
0
9415630
0
276771628
0
1908353304
0
0
192246633
0
0
1225397250
0
0
0
0
0
0
0
0
0
529019127
28
0
10
4418516994
0
0
0
0
66
724795700
0
909063479
0
1192746033
3
130758706
0
10
28
0
0
0
0
3249106921
66
0
45
28
0
10
0
10
0
0
0
6805886049
0
5729904709
0
0
0
0
1264868928
0
0
0
0
2499916689
0
1
0
0
0
45
0
0
0
1
0
341114130
10
0
10
0
3736412225
0
0
0
0
0
66
0
0
0
1
0
0
0
0
0
0
0
0
0
0
2447305735
0
0
2957458676
10
1
0
4227263305
0
0
21
36
0
0
0
0
0
2288227419
0
0
0
0
0
0
0
1
0
4710176145
1
0
0
0
0
0
0
0
0
0
0
15
0
3
0
21
0
1
10
0
0
0
0
0
5975157858
0
0
0
3
66
0
0
0
1
0
0
0
0
0
0
0
847834428
1763200030
613988382
0
0
0
3162311618
0
700446305
1856933183
0
0
0
0
0
0
10
0
0
0
0
0
0
0
0
0
0
0
0
0
0
0
0
0
0
3
0
53081055
0
0
0
15
1
0
0
0
1252976742
0
0
0
0
0
0
0
121781418
3530310368
0
0
0
0
0
0
2464265678
6
0
0
1559024852
0
0
28
2823648516
0
0
0
1
0
0
0
345621486
0
345095856
0
21
0
0
276701050
0
0
0
28
0
0
0
0
0
0
0
0
28
0
0
0
3
0
0
0
0
0
0
2926
0
0
6
0
420978626
9225659
0
15795010
0
3
0
65065528
0
0
0
0
0
0
0
0
0
0
0
0
0
0
6149349505
0
0
0
5522006550
0
36
28
0
3415139325
0
36
0
0
36
0
36
21
0
991838988
0
0
0
0
0
0
0
1
0
0
2111232654
0
776948469
4349133425
0
0
0
10
3932610
0
0
233831119
73598778
0
0
1773726570
0
0
55
0
0
3206923731
0
0
0
0
55
0
0
0
0
0
55
3
0
0
0
0
0
703931460
0
28
0
0
6
0
0
0
0
0
10
0
0
0
21
3
45
329512946
0
0
0
1
66
0
0
0
0
0
0
2104674724
0
0
2452555638
0
15
0
6
0
0
1198124673
0
1
0
0
0
0
45
0
0
0
0
0
1
0
0
21
0
0
0
0
0
0
2680181495
0
0
0
0
0
595452774
0
0
282185636
4268187007
0
135786960
0
0
0
0
167820360
21
841135599
28
0
0
0
0
0
21
0
0
0
4555671
0
327334490
0
0
0
0
1
0
1973081961
0
0
0
1039292433
0
0
6
0
0
0
10
0
0
3
0
0
0
0
0
28
0
0
0
66
0
0
0
6551633160
0
0
0
10
3271717341
0
0
0
0
0
0
0
66
0
2185827985
0
0
0
0
0
36
21
0
0
0
28
0
3872571976
0
127960002
0
0
3
1337143013
0
0
0
0
0
0
55
0
0
158517915
21
0
0
0
0
0
6442770810
47770425
0
108420175
516055991
0
6
0
0
575741190
0
0
190485918
0
0
0
0
6631430964
0
0
3
0
239400021
58023378
15
0
2690040
0
0
1
0
10
0
66
0
3
0
0
0
0
0
0
0
0
5101863546
0
0
36
421936715
0
0
68849245
6
0
60055320
1
0
879167257
28
21
0
0
0
0
21
0
21
0
0
0
0
0
0
37875455
0
0
0
0
0
0
0
0
0
0
0
0
715724692
0
45
511472115
0
4037814159
11122685
3539980143
0
0
923661687
0
0
10
0
0
0
0
66
0
1
0
0
0
0
0
0
0
23505796
0
0
0
15
6536874904
0
0
450135000
0
3796384806
0
0
0
0
483900494
1
2483045679
1869211
5714285994
0
0
0
0
36
0
1
45
0
0
0
1895093820
0
0
0
0
0
0
0
0
0
0
3
0
0
10
1445149435
36
0
0
0
0
0
0
0
286146
1
0
42545700
0
1847134584
55
0
0
0
0
0
4033501791
0
0
0
21
0
0
0
2024674759
0
0
2671987717
0
0
10
0
0
0
946451275
0
1937496
0
0
0
0
2604146160
0
654731370
0
0
0
3
21
0
0
0
253828
10
0
15
4299565501
40702753
66
0
0
0
0
0
1
0
0
21
0
0
3585816910
0
15
45
0
1508734825
0
1
0
0
2613391950
0
0
0
0
0
1485261225
472212545
66
6
2420444640
0
0
0
10
6110043195
0
0
0
0
0
36
873139363
0
0
0
0
0
3335280291
0
0
0
10
0
0
21
0
1645342924
3
0
0
0
0
0
16511130
345122118
0
6
0
0
0
2282615925
10
0
0
0
0
4281872034
0
5554421856
5181060049
0
0
1375474997
0
0
0
0
0
0
0
0
0
0
0
0
0
0
28
0
0
0
0
0
0
2626783911
0
66
44278755
0
0
0
0
0
3332748858
0
0
0
0
0
0
0
0
10
0
1921101099
0
0
0
0
0
0
7974021
0
739066660
0
0
2664828500
0
2399893834
0
1163717618
1
0
3
0
0
0
0
21
10
0
0
45
0
0
0
0
6553235820
0
0
0
0
21
0
0
0
6
0
0
36
28
28
45
0
0
158464503
0
0
0
66
349470693
66
0
21
122594311
43473150
0
3044278
1159379753
0
0
3236624186
0
0
0
0
0
0
84597528
3232522170
2370953085
0
0
66811019
1488369510
0
0
2518618841
0
28
6
0
0
0
28
10
0
0
0
0
55
0
441416327
0
0
229997628
0
0
0
2319724435
0
0
272202768
2927310849
0
0
21
0
0
36
0
66
3694088025
0
0
0
0
0
6820360755
0
0
0
10
0
0
3218225833
0
21
0
0
0
0
0
0
28
0
0
0
0
0
276677516
0
0
0
0
0
0
507641295
0
0
0
0
0
0
0
0
0
0
0
1453817997
0
21
45
3
0
0
0
36
0
6470384337
1083521073
90619452
36
0
0
762783190
36
533484779
0
0
0
36
127784091
0
0
4459591
0
21
0
4373883630
0
1001393107
0
0
0
2544876117
0
0
0
0
1
0
0
0
3299440751
3690221085
0
0
0
80689456
4815778804
0
45
6191674774
4737586425
0
5809934865
0
1
21
0
0
0
0
45
0
10
0
0
0
0
3379447568
6
28
66
0
1626467089
0
0
0
0
0
0
10
0
3118722725
0
0
0
0
6
3
0
0
36
0
0
0
0
0
21
0
245765529
0
0
0
55
0
0
0
0
5035551
0
0
0
0
0
0
0
1892693569
0
28
0
0
0
6
0
0
0
0
10
0
0
3
0
0
0
10
0
3694431816
0
0
5847291945
0
0
0
0
0
898604400
6
0
6
6
0
21
3
0
339574820
0
1719823248
0
10
0
3
10
15
0
0
3
6
0
3
0
0
0
0
0
2959458635
0
0
0
0
0
0
0
0
0
0
0
4619479085
0
0
0
0
0
45
457274160
4247792670
0
0
0
0
0
0
0
2171899268
185483430
0
142458757
0
0
0
10
0
0
0
28
21
0
0
0
0
33313202
393948400
0
0
0
0
45
10
0
6035653449
0
0
0
66
0
0
0
36
0
36
0
0
0
0
0
0
0
4161137130
3
3
0
801140391
10
1294972358
0
0
3
0
674087400
0
4339253040
0
0
36
1910948925
0
0
6525103158
0
180414507
3
1265875080
0
0
605189424
0
0
3
68065277
0
1878385272
0
0
0
461669670
6
5610423511
0
0
0
0
1873485050
0
187588762
10
0
0
4614001898
0
0
21
0
209500212
0
6
0
0
0
0
0
0
0
0
0
0
0
510555
0
0
0
0
0
0
62256060
66066
66
416031434
165884002
89091220
0
21
3453594450
0
1260296112
0
36
3084540686
45
21
5421268083
0
0
0
0
4650867207
0
6
0
0
0
1393629587
10
675042395
21
0
0
0
661825
0
0
498190394
0
5897142835
0
3
3170030490
0
39707415
0
0
3
0
0
55
0
0
0
0
0
0
0
0
0
734307000
0
0
45653789
0
45
0
0
0
0
66
0
21
0
0
45
737260799
322389528
45
0
1285118250
0
2532406518
16516878
0
0
0
0
0
0
0
0
0
66
0
0
0
668956732
0
45
0
0
123582781
1
0
0
0
0
0
0
0
28
0
0
0
0
0
0
0
0
0
22670010
0
0
4906293145
0
0
0
0
0
0
0
0
0
6179439990
3193003783
0
334537911
6
1851452498
0
0
1
0
6
69933051
0
28
0
0
21024369
0
0
4365750382
0
612412502
0
0
0
0
55
0
1
0
0
0
0
66
0
0
2094889350
0
0
66
0
0
66
0
0
10
2141883939
0
0
0
0
318087253
15
0
0
0
0
0
0
0
0
3
0
0
0
0
0
0
2634762926
0
1453278800
1
2233157829
10
0
0
1703265789
0
0
171171253
0
0
1
45
0
0
0
0
0
0
760519479
0
10
45
21
0
0
0
36
0
2084997594
0
0
21
1121650538
36
0
0
0
0
0
6
0
0
0
0
15
0
0
3627177333
0
0
0
0
0
0
0
0
3
0
45
4806656062
6152455083
244702503
6422241066
0
0
4478412065
1
62938590
0
0
6
0
0
474951595
0
0
0
0
0
0
0
0
0
21
0
0
0
0
0
0
0
0
0
0
0
66
0
0
840456
0
36
0
0
0
0
0
0
3
0
0
606999882
5096028
0
21
0
0
0
0
238001647
0
0
0
0
0
0
0
28346684
0
0
3237589710
0
820
0
0
12417635
0
0
0
0
4540425550
0
0
0
0
45
0
0
0
45
0
0
0
0
33093179
0
0
0
0
66
0
50195190
0
0
0
0
0
0
47662965
0
0
0
0
0
0
0
0
0
0
0
0
0
0
3
0
0
0
28
55
5781834300
15
0
0
6318734670
0
0
0
0
948584340
0
1710159880
0
28
0
605432982
10
484367229
0
0
45
0
0
1
0
45
0
45
2449055081
0
0
45
0
67855425
3
0
0
0
3429866066
3524346910
0
516377315
0
0
0
0
3
0
0
0
893228496
0
1734634444
0
0
0
3692626908
0
66
1
281758191
4768200640
0
28
0
48516175
45
0
21
0
0
0
0
46209690
0
45
0
0
0
0
0
0
0
0
1012927542
0
0
0
0
0
0
1112197863
0
2512161
0
0
66
0
0
0
0
1
164538870
0
0
0
0
15
2322381622
23375702
2393801018
0
0
6
0
10
0
0
0
0
0
4538043491
45
0
0
0
0
0
0
28
3
0
0
0
0
0
711795314
0
0
0
0
0
0
0
44939939
0
25236959
0
0
2465459304
3944540565
0
0
0
0
0
0
3617474166
0
28
207804688
0
268042281
0
0
10
0
10
0
0
0
1
0
0
0
0
0
6
0
0
0
0
10
931932357
0
0
0
55
3
0
3
0
0
0
90929354
999782665
0
0
0
0
4262368264
0
0
2190127800
178614450
0
0
0
21
71180345
856172880
5958553129
0
0
0
0
0
131455005
439161045
5293433233
0
0
28
0
0
106718744
0
0
1346934750
1
0
0
0
0
4436301860
0
0
0
0
0
3019305471
0
1
0
1
0
0
0
0
1
0
5794530312
0
0
0
0
0
0
0
0
550406416
66
293195210
66
0
6026757300
0
0
179011578
0
0
0
6
21
574452457
10
45
0
0
693501900
606094330
0
45
3
0
0
0
1602091287
0
0
0
0
3681377711
0
6
0
0
6309744550
0
36
0
0
2427128607
28
0
0
0
3
0
0
0
0
863263561
0
3
0
655998510
0
0
0
0
0
1653441259
10
0
3536699311
0
893228490
742371
0
0
0
0
6588314589
28
0
0
0
1
707500535
0
0
16037616
0
0
6
0
0
0
0
243090219
0
6069650865
0
0
0
0
66
0
0
0
1049759107
0
15
0
0
0
0
0
0
0
0
0
0
0
0
0
102667284
3
0
0
45
4944405367
1849749070
2562241884
0
2392071522
5829030333
0
0
6
137091961
1
5406180108
0
0
14615121
45
0
0
0
234523652
0
0
0
10
5971988050
0
431959528
1
0
0
85995054
0
0
0
3672287805
0
233225993
0
0
0
0
0
0
0
0
0
10
0
0
0
0
4373790101
193936665
0
0
6602326350
0
0
0
3
0
5987298240
36
36
0
0
0
45
0
0
66
0
0
21
0
0
0
79147070
0
1286791787
0
0
0
0
0
36
0
0
0
3048438367
5515177780
3
0
42628761
0
0
34565454
6625328661
0
0
4151290476
1
2357887446
0
1
0
0
0
0
0
0
0
0
0
0
10
0
0
0
0
10
0
2833426253
0
0
0
0
0
21
0
0
0
0
45
55
100005153
0
0
0
0
1152840125
0
0
0
262450
0
66
0
0
45
0
2359604550
0
0
0
0
0
0
0
0
0
3
0
5437002715
0
0
0
15
0
0
0
0
0
3
0
33533955
10
0
0
0
0
293292080
0
0
155928970
17137585
0
66
6
0
0
0
4039521765
211182073
2567326960
0
2301098859
0
21
0
1
0
1400301
1303127823
0
0
0
0
0
0
718261850
45
0
66
516891627
0
17061561
0
820023750
0
0
0
0
0
0
0
28
0
21
0
1310643198
1028379248
0
0
0
2007023010
0
28
0
0
499043007
0
0
4006512325
0
0
0
0
1
0
0
0
1890786729
55
6
0
15
0
3323366618
532537920
21
6
2793066
0
6
0
0
3703118760
0
3
2916455715
0
0
45
0
0
0
0
100770305
387518870
0
0
0
21
55
0
0
0
45
0
0
0
0
0
0
0
0
0
0
0
0
0
42471936
0
12497500
10
0
0
0
0
0
0
0
0
0
0
21
10
0
3608293715
427825111
0
0
1057839003
5642671962
0
0
45
2669283635
849193863
0
6
0
0
0
0
437532556
0
0
1
0
10
0
1411690652
0
0
0
0
0
0
0
21
0
66
28
0
0
0
0
0
613883279
0
6023464116
0
0
0
822658202
0
126699321
0
3
21
0
2346159244
66
0
0
0
36
0
0
0
0
0
1203564450
3460662370
0
0
0
6848302962
3360401180
10
0
0
0
0
0
0
0
0
45
66
5897468644
1396481973
795386649
0
0
0
0
0
0
0
0
0
0
0
0
0
0
0
0
0
0
3
0
0
2436543492
28
0
0
0
0
2650975695
0
0
0
55
1602317717
0
378441315
0
10
0
4083955831
0
0
1
0
0
0
0
0
0
0
0
0
0
351668459
0
0
784693917
2469744585
992952745
0
323253451
1714080519
0
6875246887
0
0
0
0
2275729359
0
36
2252580724
0
553330010
1809763193
151614991
324398646
0
1
0
0
0
1909959879
6
3170986021
28
0
0
0
0
0
0
0
36
21
0
0
1684988320
0
0
0
0
2464897568
0
975958269
0
0
0
0
0
0
0
0
0
0
36
0
0
0
0
4226619656
0
0
0
0
2096961174
0
21
0
0
0
36
0
0
3
0
0
0
1
0
41994029
6121987812
0
0
3
0
0
0
0
0
15
3
879041464
21
0
66
0
0
312312528
0
0
0
21
0
0
0
0
0
0
427327980
0
10
1
429025277
0
0
10
1
1385984922
0
0
66
15
6
0
0
0
0
0
10
0
0
4855312087
3806935608
0
0
1110594882
3590391385
0
0
0
0
0
0
0
0
0
0
2053667910
5943170734
0
0
0
0
338247035
0
1
3
0
1128766338
21
0
0
0
0
6
45
1973207600
0
45
0
3882611245
0
5335599906
0
0
0
0
1
0
2121642334
1960600884
2523873622
0
0
0
0
0
0
0
0
0
1
0
0
0
55
0
3
0
57539628
66
0
0
0
0
0
197219730
0
0
0
0
28
28
0
0
0
0
6909765280
66
0
0
0
0
0
21
0
0
0
0
0
4186811223
0
0
0
0
0
0
5678742240
0
0
3126250
0
63941085
0
0
0
0
0
0
1348751950
0
0
0
0
3726909270
0
155029636
656397022
0
13033064
3
0
1051776177
0
0
10
0
0
0
0
0
488953335
0
2211889810
144729591
3180629358
0
0
0
0
0
3421009641
0
0
0
0
0
0
0
0
0
0
0
0
525771357
1810304678
0
0
0
0
0
0
3001768875
0
0
0
0
0
0
0
0
0
0
0
427474165
0
3986039496
0
2352465500
0
0
0
0
0
0
0
3
0
6064804000
0
45
1031056752
1786077000
0
0
0
10
6126304041
45
0
1746139032
0
55
0
0
0
0
0
28
15
0
0
0
0
0
0
0
6
0
0
21
1353690525
0
0
7693003
45
0
66
0
0
45
4299658257
0
0
21
3
0
0
3
21
0
0
0
0
0
1292028
0
0
0
3
3
0
0
0
0
0
3
0
3615603121
270153380
0
0
0
0
0
0
0
0
0
0
247497875
0
0
28
0
0
78908203
0
0
0
0
0
166284965
1
0
2965847617
0
0
0
0
0
0
45
6
0
0
0
747394452
0
0
28
55
3106278
0
45
10
0
1
0
10
0
66
28
0
28
0
2085191325
28
0
2118711
0
0
0
0
0
6
0
0
0
532244230
36
469236294
0
0
0
0
666909980
0
0
0
0
0
0
2468690505
771714538
0
0
3693572281
1896817992
36
1
5684285310
0
44306991
1347713400
5589575001
0
0
0
0
0
24601605
3
0
0
0
0
55
0
0
0
6
0
26824150
0
1471395618
0
13439520
3214055390
0
0
0
3380763096
4594234268
0
36
0
0
15
1
0
0
0
10
0
0
0
0
0
3387591480
1772892803
0
0
0
1
1
0
1067012107
0
0
0
0
0
1539986250
28
2180541731
0
1011397779
0
0
0
4786968745
0
0
21
0
0
21219355
45
0
1
0
0
0
6912351765
0
0
491426904
28
309644045
0
0
0
0
0
0
0
0
0
1677565898
3
2045216936
0
0
737376002
0
15
555127839
0
6
0
0
0
0
1059909858
0
0
0
0
36
66
0
2165116104
0
1376104488
0
0
3804754518
0
0
0
0
0
0
0
0
0
3
0
0
45
0
0
0
3
0
0
0
0
28
6
0
0
6
0
0
0
45
0
0
0
5647028356
0
0
0
0
0
0
0
0
0
0
0
0
1930782975
21
1
0
194942385
0
0
0
0
0
0
857414749
0
360877535
0
0
0
0
0
324602460
0
0
0
0
1
28
1092981
0
0
0
0
0
6
0
0
0
0
725938355
0
0
0
5428455261
310191768
66
0
0
4406586360
0
116594085
0
0
0
0
0
0
6
0
0
0
10
1
5313722439
3379200917
0
0
0
0
2800176020
0
0
0
0
0
0
45
3548567845
0
0
0
0
952857682
0
6
2027348316
0
0
21
0
55
0
6
15
129790216
0
6
0
3
10
0
0
6506609784
341950476
154846
0
15
0
0
0
0
0
6
0
0
0
0
0
40441521
0
0
0
1
0
186273950
0
0
0
0
0
1108145475
0
0
0
0
2775534755
0
0
36
0
0
0
0
0
0
36
137555991
0
10
0
0
4662158148
6
1114274025
0
297911845
0
0
0
0
109690266
0
0
0
0
0
565538895
0
6
0
0
1022672922
21
0
0
3381256450
2786199240
0
0
0
0
0
0
0
10
0
0
0
1309670607
0
0
0
0
0
0
0
0
2426501610
0
0
0
0
0
901064911
0
66
29013152
5329816590
0
306491661
66
0
0
0
0
45
21
0
0
28
3313753335
0
678832280
0
0
0
0
0
21
0
0
0
0
0
0
0
507800643
0
28
3389237936
0
0
4056797805
0
0
0
0
0
0
0
0
0
0
0
1234473488
3
3
0
0
0
1
0
0
0
0
0
0
0
0
0
140055215
6
1737050205
5998465170
0
0
0
0
0
0
0
0
3
35671681
0
0
0
598424309
0
0
0
36
66
0
6
0
1
0
0
0
0
0
0
6
0
0
0
58779902
0
66
0
3963482016
0
0
0
356992560
0
45
0
0
0
0
0
0
0
0
0
0
2168403
93851849
0
0
0
0
0
0
0
0
280098945
0
0
2647700055
10
0
0
0
0
0
0
0
0
202316664
0
0
0
150589332
55
0
6
5467599240
0
0
0
0
55
0
0
1861567632
0
0
0
0
50285406
0
3
429875180
0
0
0
0
5739329025
818202368
0
0
1
0
0
3
0
0
0
0
1652808759
2132991945
10
0
0
21
10
0
0
0
2880063450
0
3
28
1772059250
0
0
0
0
0
6
0
0
0
0
0
0
364756544
3
1038836543
0
6031698816
0
4707264840
0
0
10
0
2346638742
28
0
0
0
0
0
0
0
0
4600754795
10
0
292009861
195554976
0
1
114844590
0
0
0
66
0
0
0
1
689448408
0
0
0
0
0
55
0
45
28
0
5601846583
6659214649
0
0
0
0
3
0
0
921084657
1
0
0
0
0
4201923583
0
0
0
0
0
0
0
445317225
0
0
0
0
0
2689781175
0
0
6280458805
0
971853807
36
3
0
0
3
0
0
0
0
0
1326305253
55
0
0
5339422746
1068305948
1778852453
0
0
1
0
66
0
3
0
0
0
0
0
0
0
0
0
1198761127
118957599
0
0
0
991037457
0
0
102853653
0
0
0
816181000
0
2827407191
0
0
0
0
0
10
0
0
0
3
0
0
0
0
0
0
0
0
0
0
0
0
3853673691
43865661
0
10
0
0
21
236563870
0
0
0
0
0
0
0
3
45
0
0
0
0
0
0
182051821
1184506100
0
0
822009310
120769111
0
0
0
4190014632
6
0
6133501080
4105765632
5897577249
1824593430
0
0
0
3
29702778
0
0
1991278272
45
0
45
53773635
0
45
0
0
2645808386
217830625
0
0
0
36
0
0
0
0
0
6
0
0
0
0
0
155840685
45
0
28
0
0
6
0
0
0
0
0
0
0
0
3853410356
955085362
0
45
0
0
6
58336200
0
0
0
0
6
0
0
0
0
66
0
0
91713196
2304899439
0
36
6
0
0
0
0
0
0
0
0
0
0
28
3520402085
3752075206
3800132600
0
0
0
0
0
1925442534
0
0
0
0
4797253
3
0
0
0
541385964
1
464073324
1
45
2680770
0
6
1
0
10
58336201
1694755062
0
0
0
0
45
0
55
0
0
0
0
0
4697954733
3775761529
0
946494771
1008027435
10
3
0
0
0
0
0
2720895760
0
0
3
0
214193253
0
2111687572
21
0
28
0
0
6795141
0
0
36
0
0
130597040
0
0
0
0
0
0
0
0
0
0
0
0
3974708175
0
0
4465739250
0
0
0
6
0
0
0
156520
0
0
0
0
0
0
0
0
0
0
0
6573515064
0
0
0
66
0
3871153
0
0
45
0
0
0
45
0
0
3567886056
0
0
251294568
0
200570400
0
0
0
0
0
0
21
0
66
0
384129893
0
0
36
137871315
2025056610
1161595897
6391112145
1920605247
0
66
0
0
0
0
0
0
4945598749
2737223045
0
0
0
0
0
0
0
0
0
4008750525
0
1
780658335
0
0
0
0
10
6
66
6
0
0
0
0
0
0
6
0
0
0
0
0
0
0
0
0
0
0
0
0
0
1
0
0
0
45
0
0
2809613205
1
21
0
0
0
2784034854
55
28
0
0
0
0
0
0
0
0
45
6
0
3542420661
0
234133974
1430670283
21
0
3
0
1
0
10
0
0
0
0
0
0
0
0
0
0
0
0
0
0
0
21
0
28
0
0
0
0
28
3311311489
66
0
66
0
5353899936
0
0
0
4921659246
0
21
0
0
0
10
0
0
0
0
0
66
28
2937726190
0
0
0
0
0
0
0
0
0
0
0
0
28
0
0
0
4307729769
0
7505875
0
0
0
0
0
0
0
0
0
0
0
2625551870
0
0
0
0
0
1581103233
6
0
0
0
21
140339880
0
28
0
3
0
0
0
0
0
66
0
0
45
0
1019238672
0
995896132
1
369253890
3
0
45
0
2401002450
0
21
0
1
0
1
856131507
0
493781024
0
0
0
0
0
565438005
0
0
0
2225412219
0
0
0
1
0
3970518783
0
0
120769105
0
1935695304
0
364729533
0
234047429
181689450
0
0
6
0
0
6
0
2018379844
1413338358
1
293776670
0
406395794
0
0
0
66
0
28
0
4995550954
0
87113400
0
0
0
0
0
0
123755778
0
0
0
0
10
0
10
0
0
0
0
0
0
464499959
4241435232
449145385
0
0
0
0
0
36
2199138034
0
28
5446913685
36
0
21
0
192560490
0
0
0
2612524434
5771837916
6
997324776
0
0
0
5065462842
1
0
0
0
0
289333540
0
0
0
21
55
45
0
0
0
0
0
0
0
0
6721447541
2552801325
0
4561127777
0
45
0
1491317188
0
0
1759342215
860232980
0
66
161631210
10
0
0
0
0
234848628
0
0
1
0
1671489443
36
1
45
0
0
0
0
0
626456105
0
0
0
3
0
0
0
0
36
1318642332
0
0
0
0
0
0
0
210689125
6
0
0
1
0
0
0
15
632630234
964900479
0
0
45
1552219875
0
619220835
0
0
55
0
0
0
0
963363544
36
0
0
0
0
0
0
19198306
0
10
0
0
1284966137
258929146
2521671630
0
0
0
105219271
28
55
0
0
0
0
3673830576
0
3565521225
261552756
0
66
0
0
0
0
6
0
0
0
0
0
0
4563229250
0
0
0
2151384800
0
0
0
0
0
0
4701347992
1450422867
0
0
0
0
1
0
0
5004751062
3153816
2340819217
0
0
0
45
0
55
0
5666706045
25758252
239750247
6514825812
817676577
0
3001768875
0
0
0
0
0
0
0
0
0
0
0
0
851668353
0
176278473
0
0
1509723772
0
0
0
201854278
36
3
0
0
0
0
0
28
6643413491
0
0
0
2519115684
0
39006528
0
0
0
0
0
960030456
0
0
1649360867
0
0
0
45
2920199217
3532831643
0
0
65316735
55
0
6173549358
0
605885434
0
36
0
0
0
0
21
3
0
1403095848
0
0
0
0
0
0
0
0
1438008003
0
0
0
0
0
1182511368
0
0
0
0
0
0
1675249758
0
0
1
0
220699539
0
1387828264
0
3
0
36
0
0
0
0
0
0
0
0
0
0
0
0
10
5500064476
0
10
0
0
3975778191
0
28
0
6
533028
0
0
0
0
1142316
0
0
6
55
0
0
0
0
0
0
0
0
339027777
0
0
0
0
12090903
0
45
0
0
0
0
0
1132808573
0
0
0
1
1
0
0
1
1228964250
6352955515
140055216
0
0
948714999
0
0
0
0
0
711531205
3
1740470494
0
0
0
0
0
0
1607246550
5555581300
0
0
0
2956535828
0
1402883962
0
21
0
0
0
0
21
0
0
21
0
4826875095
0
0
806191914
0
0
0
0
0
0
21
0
0
0
0
0
27896714
3
4700572284
0
4942019035
21
3
0
0
0
45
36598290
0
0
7382402
0
0
0
0
4593275736
0
1301494687
0
0
0
0
0
0
45
1979872165
0
6
0
6
3
0
0
36
0
361899146
153483960
10
1
0
0
7846741
1363177002
3255801155
0
45
0
0
1052647783
685925240
0
0
0
0
148927911
0
1372749000
0
6
2004362919
66
0
0
0
0
1453117092
0
0
0
0
0
0
0
6
6477097770
0
0
0
0
0
0
0
0
5334876820
0
0
3
0
0
0
2834555543
10
6
0
0
0
0
0
21
0
0
0
573334432
3
0
879502767
0
1
1
66
53628
0
0
2205907810
0
0
0
0
3705270525
0
0
6744307815
0
2834028505
0
0
0
1
0
0
0
0
0
3
6
0
0
0
0
0
0
0
55
0
0
1
1
0
1238252724
0
0
0
0
10
21
0
0
0
45
0
0
0
0
0
28
2790679950
0
0
0
0
0
2811412577
0
2908442036
0
0
0
3
0
10
0
10
0
0
0
0
0
947582808
0
0
0
6
3517465830
0
372058278
0
0
0
0
1154440
0
2402457875
0
0
0
0
0
0
36
36
0
3950227155
673279859
3
1
0
10
1
0
280667278
0
36
0
0
0
66
0
0
0
0
0
2372931
3
0
0
0
0
0
0
28
55
10
90794550
0
0
0
36
45
0
0
0
0
0
30917316
0
0
0
758882360
0
0
0
0
0
0
0
0
0
1013512750
0
0
0
0
0
0
0
45
0
0
0
0
0
0
0
0
0
0
0
0
0
4426981539
0
6
0
1
0
0
97895027
0
28
0
0
0
0
856172887
0
0
3
0
5328887421
0
55
0
6714956273
0
0
6
1
0
0
0
10
0
393527470
3780455571
0
0
0
4922155305
1
0
0
0
0
0
0
0
0
0
0
0
0
0
10
3
4945897087
0
0
66
0
0
0
0
0
55
0
0
0
0
0
1807177134
0
0
0
1
0
0
0
0
0
0
0
0
0
34498971
0
0
0
469971801
0
3018606114
0
0
0
6
0
6
0
0
0
6078247830
2932516226
0
0
0
1
0
4396172007
0
1
0
3531822999
0
0
0
596778
10
0
0
0
3918559083
66
4453744955
0
0
4357251221
0
45
0
0
0
6855092529
0
0
5740293312
0
0
1
66
28
0
45
0
0
0
0
0
0
0
1
5109139089
0
0
0
0
0
0
0
10
3834033518
0
10
0
0
0
0
1207787498
0
0
0
55
0
135391739
907230903
3
1
0
0
0
0
55
1
0
0
0
0
0
0
0
0
21
28
23870595
0
3799609541
758765487
36
0
0
0
0
0
0
0
0
0
0
18681327
36
902593807
3661411941
0
0
514290555
0
0
0
0
0
0
892679110
0
0
21
0
0
66
0
0
494315402
0
0
140390145
0
0
0
0
0
0
0
0
0
368140545
0
0
1
0
0
0
1
6
0
1214037447
0
0
0
0
6
0
0
0
72776080
0
0
1
16499640
0
0
0
1
0
0
3
0
0
19900
1254679343
0
3266138208
0
0
0
909106117
21
0
0
2550658170
0
0
0
0
0
0
0
0
5723269521
0
26802180
836571
0
0
6
1963983795
0
66
0
66
0
10
867173832
0
0
0
0
5647878576
0
5063953137
0
0
36
6433919700
0
4729705134
0
0
0
66
0
0
0
0
0
0
0
45
1
0
0
0
2187216694
0
0
1066180750
0
21
28
4572883106
1
0
0
0
0
0
1028379261
0
0
0
411199488
0
0
0
0
0
0
0
0
459696660
0
0
0
1056965250
0
0
0
0
10
1390621950
0
0
0
0
0
0
21
0
0
3
1
0
516988089
0
0
0
0
6
0
0
0
735303716
66314886
356004586
0
6
0
0
0
370151226
0
36
0
0
0
0
0
0
3482493651
10
0
0
0
0
1
0
0
0
4523098695
0
0
1087295000
318743366
5937611785
0
0
0
0
0
28
0
181270319
6
0
1367723448
0
0
26802181
0
0
10
28
0
1089487857
0
140239378
0
0
0
0
0
0
55
0
1
0
3
0
0
55
0
0
4078896315
28
0
0
0
0
0
155152917
66
3790897156
0
0
55
31240559
0
3
0
0
0
0
0
0
0
0
0
3
0
0
0
0
0
2177109055
0
0
826255
36
0
0
0
21
28
0
0
4019950909
2500199535
5988283158
1
0
0
0
2411477592
66
0
0
15
0
1
0
0
10
0
0
0
3800742846
0
6802736337
0
0
0
0
0
0
0
0
0
0
130370878
0
0
0
0
0
2081705514
0
0
0
28
0
0
0
2733007268
1
0
0
0
0
0
0
0
0
0
0
0
4420115198
0
0
0
3
0
0
0
0
0
293171005
0
0
0
0
0
0
66
2171042537
2663441569
0
0
0
0
6443338374
5819101095
0
700932960
163235343
0
0
0
0
2480720667
6419974575
0
0
0
0
2017426924
1
0
6
0
0
0
21
0
0
0
0
0
0
0
0
28
0
0
0
0
0
0
45
3
3935042520
0
1
0
0
0
0
2402388580
0
0
0
0
0
0
0
0
0
5183096139
0
6
45
0
0
0
4935459592
0
0
0
2332888935
0
0
900937573
1182900477
36
0
0
407253
0
0
0
0
0
0
0
1514288025
0
2251775380
0
0
0
388661130
0
0
0
0
0
1947410430
437414238
0
0
0
0
0
0
0
0
0
3692540971
0
0
0
2853485730
4835525275
0
36
21
0
22548970
0
76390980
0
0
0
849688455
45
21
0
1074601617
1617013136
0
1
5561591266
0
0
0
1
0
0
0
0
0
0
55
0
0
21
0
0
0
0
0
0
0
2214284872
4317016719
0
2389512979
0
3
3034789268
6
0
0
0
1
0
3236463240
55
1
0
6
2315707479
0
3
0
15
10
0
0
0
28
0
0
4588676246
0
0
0
0
0
0
0
55
21
10
1
0
0
0
542241825
0
0
0
0
10
36
956222043
0
0
0
0
45
0
0
0
475845804
0
6
481508027
0
0
0
0
0
0
0
2414395269
0
0
0
0
0
0
45
0
0
0
0
0
0
10
0
55
21
0
5002150165
36
0
15
0
0
0
0
28
0
0
0
6
0
2133841092
15
66
0
0
95475470
0
0
6
0
0
0
0
2920428489
0
4032154656
0
0
0
0
2145354250
2386264980
0
1733221120
204313005
0
0
10
0
6
6
0
0
0
2990544417
0
6
0
0
0
320260086
0
0
0
0
0
0
21
204211945
1
0
0
813637627
0
0
136843695
0
0
3811474350
0
0
0
0
0
36
0
0
0
0
0
118572300
0
0
0
21
45
0
0
0
0
626031419
688743052
0
66
0
0
0
0
0
0
0
0
0
0
0
21
0
0
21
0
0
3732782396
0
0
0
1
2610573147
0
0
36
1
0
0
0
0
6626019337
245344470
0
3
0
0
0
0
0
6
28
0
72993403
10
6681340
0
0
0
0
2118777120
0
323558641
0
0
688965739
1069924383
0
0
0
28
0
0
3
0
0
0
0
0
0
334900130
1369345272
0
2700720729
0
3
0
0
0
0
45
0
0
0
0
0
228242295
0
21
0
0
0
45
0
0
0
0
66
0
1
10
0
0
0
0
0
6
18492320
0
0
28
5541254835
0
0
0
0
429230335
0
5182383462
0
0
0
0
0
0
0
0
5952114105
3
0
0
0
1263259977
0
1272222875
0
0
0
0
3
0
3024903062
0
0
0
3334136925
1903969450
0
907997802
0
0
0
10
0
0
642665025
2894349476
36
0
0
0
2183316234
0
0
307681211
0
15
58206654
1
0
0
3
0
36
0
0
0
0
0
0
2571986745
28
2307684010
92827125
0
28
36
0
0
0
3
0
0
0
36
6422241045
0
0
21
3
0
6427682226
1666751695
0
0
1138241300
0
0
66
0
0
0
0
0
45
0
4734472050
0
0
153711808
55
0
3
0
0
110372653
0
0
0
2232489595
0
0
0
74939403
6382183665
1
10194869
2547516504
0
21
0
55
0
0
1
0
4924239114
0
0
0
21
3
0
0
119405331
0
0
1
0
0
45
0
0
0
25286715
2306936769
66
0
0
0
0
0
0
0
1757385227
28
0
1161162142
0
3537624545
0
0
0
45
0
0
28
0
0
21
0
3607274381
0
0
0
2731307059
28
28
66
66
5445452575
0
10
0
66453156
0
607662090
0
0
0
0
0
0
0
0
0
311089086
5381253108
3
21
0
1951968885
614479075
0
0
66
0
0
0
6
0
0
0
0
0
0
0
0
0
3330626526
10
362141327
0
28
0
7564105
2641300211
0
0
1
0
0
193208650
4838771080
0
2281602570
0
0
4395328106
6865517544
0
0
0
0
0
0
2839225680
0
116403
12238877
0
45
0
3082027806
0
0
0
6
2485512759
0
0
0
0
66
0
5353486009
0
0
0
55
0
0
0
0
0
0
0
0
0
0
0
1
0
0
1737816507
0
0
0
10
0
1
0
0
45
0
1947535245
0
0
0
0
0
126031623
417619449
0
0
0
4823142154
95254503
0
0
0
0
0
0
10
0
0
45
0
5538623331
10
0
0
0
0
0
1947972147
0
0
0
28
0
0
21
681635500
686184532
0
0
0
0
0
0
0
0
3
0
0
0
939502863
0
0
0
0
0
0
1
0
0
0
10
0
129034074
0
0
36
1
0
36
0
0
0
10
517824456
3
36
0
45
0
0
0
0
0
6
0
6
10
0
0
0
0
21
0
10
5062242444
0
3457252271
0
0
56716575
1
4190655430
0
219063846
1200867525
0
0
0
984592479
3559528080
0
0
0
0
0
684037557
2256878484
10
45
5035211710
0
6
45
0
0
1
66
0
28
462156002
0
1
4270312265
0
0
4729899625
0
0
2449125072
0
0
0
0
0
0
0
0
2909433611
0
0
0
0
0
0
0
0
0
0
90942838
45
3230914260
0
6
0
0
561543827
0
0
0
6
28
0
1172901933
1821186
0
0
6
0
3202440420
0
0
0
28
0
1
0
0
0
28
0
0
3570505250
0
0
1144595929
0
0
0
10
0
0
0
6
45
0
0
0
0
0
0
0
0
0
45
0
0
0
0
0
0
225706881
0
0
5432832396
0
0
0
36
1387880952
5094694108
0
3773676205
0
0
0
0
0
0
0
0
6394956712
21
565976189
0
66
0
0
2274043044
0
0
1
0
0
0
0
0
620946399
0
21
10
10
0
3
0
0
0
0
0
28
6883692379
0
0
0
4692237446
0
6
21
0
0
0
0
0
0
0
0
0
10
0
0
150919248
0
0
0
0
0
0
0
24475506
0
6
0
0
173659563
4369301919
0
0
0
0
232794252
0
0
0
0
954167749
3695033585
0
0
0
0
0
45
0
0
0
0
0
0
28
0
0
0
0
0
0
0
66188265
0
0
0
0
0
787747275
0
45
0
10
254330181
36
0
0
0
0
28
4105856250
0
0
0
0
28
0
2383571484
6881111262
28
863180469
0
0
66
1734281059
14810402
0
0
54470703
493152712
6
0
0
28
0
1469118094
3711298925
0
0
1622932850
0
0
0
0
1572903825
36
0
10
10
0
0
0
256567872
0
0
0
0
0
0
570054492
0
1
0
0
0
0
2376878872
0
0
63534628
0
0
0
0
1
0
0
0
0
0
0
5479705
0
0
0
0
0
283065315
0
1299556643
0
0
0
2376396264
573740872
5535887208
15
0
0
0
0
0
0
0
0
2050977045
0
615811950
0
1
21
148255587
0
45
0
0
0
3
0
0
0
1
0
1064934322
0
0
0
0
0
0
0
966878304
3004713924
0
5392566960
0
701307423
0
0
0
0
6
0
10
0
0
55
0
882105000
0
1
0
0
0
771361000
787191678
0
0
0
0
0
0
0
21
0
0
0
14772329
0
0
0
0
0
0
0
0
3
811098211
3
0
0
0
0
0
0
0
45
0
0
0
0
10
0
0
0
63534628
3
0
0
943581958
0
0
0
0
0
0
0
1
32228406
1066042222
465628365
0
0
3
21
0
66
0
0
0
45
0
0
0
0
0
213924270
24119985
0
0
0
45
0
0
0
0
3
0
10
0
3340999886
0
0
0
21
0
0
0
0
36
0
0
0
6
0
36
0
0
0
0
0
0
0
0
0
871343382
15
28
0
0
0
0
1823083530
0
6
4063916914
5333224236
0
0
0
0
0
0
3
0
0
4394390605
0
140390146
0
1
0
0
3567970565
1
0
0
0
1052280722
3562903884
0
28
3347578
0
0
414590409
0
3
0
1381408197
10
6
3
6
0
66
0
0
0
0
0
0
0
0
0
0
0
1411531275
0
0
849152652
0
0
4301605860
55582695
0
1468901273
20457606
0
136298305
0
566615613
6
0
21
0
0
28
0
0
109305505
0
0
1
0
0
358570800
0
0
0
761260687
10
0
3
0
0
0
0
0
0
36
0
0
0
0
0
0
0
0
0
0
0
0
0
0
0
799900000
28
0
0
0
0
1
1
0
675740688
0
0
45
0
1
0
0
0
0
45
0
3552275606
28
0
3
0
0
0
0
0
0
5458191876
0
0
6
0
4598644725
0
0
0
369688835
0
0
0
0
0
0
27725181
0
58541610
0
0
0
0
0
0
0
0
36
10
574621929
0
0
2958920092
6
0
0
0
4222115723
0
0
0
0
0
0
0
0
6
0
0
0
1
0
1713670668
899028403
0
74304144
0
3
0
0
28
0
0
0
0
0
0
0
0
0
0
0
0
0
0
0
0
0
0
1
203081778
0
0
1260095295
36
0
0
599081804
6166550919
0
0
0
0
0
2704102560
1375311
0
0
0
0
0
0
45
0
6
0
1245079823
0
66
45
0
0
66
0
0
0
45
0
0
0
0
1645515000
0
0
0
0
0
0
0
0
0
0
0
0
6261084708
0
0
0
1180129625
0
0
0
0
1
45
0
0
587953476
0
0
0
0
0
0
0
36
0
0
0
0
6270152091
4371732716
2434589304
1075946460
0
0
0
0
0
5793023296
0
0
6
0
0
0
21
558866007
1392468372
0
0
0
0
0
0
0
0
0
1
654261030
0
0
15
0
0
45
0
0
3
0
0
0
0
0
1564557888
0
0
3245883261
52587640
1526878
0
4644118472
4509697890
6
0
867881950
4970892450
0
4264953848
0
422895902
0
0
0
0
0
66
33821200
0
0
0
45
0
0
1197096909
0
767477416
59814453
0
104524110
0
0
0
0
0
0
0
0
0
0
0
2073454600
0
3
0
0
128440368
3737103786
0
21
0
0
6
2296216992
0
0
0
55
0
0
3
21
10
10
801981222
2366410404
0
0
45
0
0
0
0
0
0
2888646000
0
0
45
0
45
0
0
0
0
0
0
0
0
0
0
0
0
3075593225
0
0
2287483305
0
0
0
0
45
0
3904615
0
0
0
0
0
571642577
0
66
0
2462932005
66
10
0
0
0
0
21
0
0
0
66
3
0
0
0
36
0
0
361388169
0
0
0
0
0
0
0
0
2301505899
0
2554930
168490
0
1301341608
0
0
0
0
0
0
28
19471919
0
0
0
0
0
0
1657872147
0
0
0
0
5324139579
0
0
0
0
3
0
46623996
0
639192132
0
0
0
0
0
0
21
0
0
0
170912313
0
15
0
0
0
0
0
66
0
0
0
0
0
0
0
0
171893608
0
0
3
0
0
24398604
5360731695
0
0
0
0
262537145
1762546875
0
0
0
2830942625
0
80829255
0
6
3
0
0
0
0
0
0
30650535
0
0
0
0
0
0
4716389967
0
0
0
21
0
0
0
0
0
0
0
21
0
0
0
0
0
3036971070
0
1
0
1840212105
0
0
0
0
0
0
0
0
0
1151403
0
0
0
36
3491930620
494755695
1440475972
0
0
0
0
0
66
0
0
527848776
0
0
0
0
0
36
0
0
0
1
2051489479
0
0
382523960
143558040
3
3441305196
0
15
0
824443918
256409335
0
0
0
6
0
0
21
560371482
0
21
5711506836
15
0
0
0
0
2497230428
16436511
0
0
2212155860
0
0
0
2069595
0
6182664355
28
0
0
0
0
0
0
0
4111567200
0
5902248231
0
0
2295878197
0
0
2405721
0
0
131341528
66
0
0
0
0
0
0
0
0
0
501827039
0
0
0
0
1398438052
0
0
0
0
4695531733
0
0
0
0
0
0
0
0
0
0
0
0
0
0
1
1
0
0
0
10
0
0
0
0
0
10
0
0
0
0
847710897
0
28
0
24791361
0
45
0
0
0
0
0
0
0
0
4434229823
0
0
0
15
3
0
5846426845
0
0
1
0
0
0
0
0
0
10
0
0
10
36
28
0
0
0
3
0
0
3
0
1087108500
0
0
4786870869
0
0
0
0
568907045
11426589
0
0
0
0
436527363
0
0
0
0
0
0
0
6
501922085
2014823450
36
0
0
0
4270035057
894327775
66
0
0
0
0
0
596246775
0
0
0
0
0
0
66
4761269670
66
0
21
996163915
10
0
4458559644
443826306
0
21
0
0
3
0
0
0
0
36
0
0
0
0
21
0
21
0
36
0
1
4005975259
0
0
0
0
0
10
2917830600
0
0
0
0
0
0
1
0
1
0
1
2578804800
0
699884990
36
0
15
203767578
0
0
0
1937126610
5175462885
0
0
0
0
0
0
0
0
1027789763
0
0
0
0
0
0
0
1
1
0
0
6310128
0
3792638826
0
0
260045409
21
0
10
0
0
2164721265
10
0
0
0
0
0
0
0
3952093950
1719178197
0
1
5454535636
3
0
2456268999
0
0
0
1
45
0
21
320665144
50125078
0
0
6
0
0
6018715
0
2211956292
0
0
0
763251982
0
0
0
3147378085
0
45
0
3
0
1416583350
3790810113
0
0
28
5132212575
0
0
18111171
0
0
0
0
0
0
0
0
10
0
0
0
0
2913783281
0
0
0
0
0
0
0
3597513031
0
6
0
36
0
0
0
0
0
2211490759
6391790535
0
2346861
24266061
0
2210426795
0
0
1
0
66
0
1156829044
66
0
0
10
0
0
4533186132
0
0
6096453765
0
0
0
0
0
0
3447862310
0
21
0
5947532514
0
0
5764641580
0
0
3829131306
16476670
10
0
0
558398068
1336987902
0
6
66
0
0
1111019063
3
0
0
2765485625
6
0
92201410
0
0
3
1718943633
0
0
0
3
0
0
1784463642
0
0
0
0
0
0
36
0
0
0
0
28
0
0
0
45
0
169915395
0
21
853196065
0
0
0
0
0
0
0
21
0
0
0
0
1
0
0
0
0
0
0
3
1
3
0
18249861
0
0
0
66776345
0
0
1274241400
0
0
1400077983
0
36
0
0
0
45
0
0
0
0
3340019036
0
3128840020
0
0
0
0
0
302002175
0
0
245965100
793154685
0
0
1436185200
0
0
0
0
0
0
0
971368916
0
0
1066226903
0
0
0
0
0
0
0
817312662
0
0
21
304711640
1
0
0
0
0
0
0
0
0
0
0
0
1
0
0
0
45
8742471
0
28
0
0
0
4476708732
0
0
0
2347460904
0
0
0
10
0
0
0
0
3430859985
321552110
1521064587
0
55
0
0
0
0
0
312712536
6532759294
0
10
0
0
0
0
0
1
36
4976976529
66
0
0
1627665025
0
36
85955715
0
1
0
0
494535524
0
0
0
0
0
0
45
0
0
0
0
3
0
0
0
0
0
0
0
6
0
0
814000723
0
66
1378938842
3445205491
0
0
13527800
2770470682
1227972900
0
0
36
5500693783
0
882020994
0
0
0
0
0
0
524086497
0
36
0
0
0
0
21
0
3904407513
955872223
0
466147290
66
0
0
0
0
0
0
0
0
1908847542
0
0
0
0
0
0
0
4104225279
0
0
0
1835967900
3
183639030
0
0
0
21
0
6
36
0
3901050270
0
22845420
0
0
0
0
0
0
36
0
0
15
0
1767240398
0
0
11875500
0
0
0
0
0
0
1
0
0
0
0
0
28
0
0
214711003
0
0
0
0
884500767
0
1017659052
0
6
0
0
0
0
21
0
2810512815
251182490
97629351
2338766992
0
36
0
0
10
0
0
0
813879664
0
0
0
0
0
0
0
0
0
0
0
0
0
0
0
55
0
0
0
0
0
0
0
0
0
6575464448
0
30011877
6147771
0
10
0
88704540
0
0
1560309450
0
1
0
0
2689854495
66
629503888
0
0
0
0
0
3
36
0
0
10
0
3952093929
0
0
10
464166
15
0
400063040
545738202
1
0
0
0
1416636585
0
0
1
0
0
0
10
5832053934
0
0
0
0
1297518208
0
0
0
831157605
0
0
0
5438671320
0
0
55
0
0
4191662559
0
0
1405321617
0
6
0
0
0
0
2436892568
2725914338
383250
1192013523
906719817
0
0
0
0
0
3072613608
0
0
0
0
0
3
0
6
0
45
0
202739315
1530621428
0
0
0
0
3
0
0
267463756
1
635122599
55
28
0
0
6
0
812790700
0
0
0
0
0
0
290151995
0
0
0
36
6
1315255113
0
0
0
28
0
0
0
36
1967306895
0
561476804
0
2134494447
0
0
0
6
3008436086
0
0
36
0
0
673830404
0
45
846064677
0
13041
0
0
45
6643989846
0
0
28
0
0
0
0
0
0
0
36
0
15
0
21
0
6022147086
291623315
0
0
2202057060
21
3240567720
0
0
0
0
0
0
0
1470039750
2983897090
0
130774878
520724855
548628
0
6
1392310062
0
0
0
0
0
0
0
0
0
0
10
0
28
0
0
15
0
3
0
0
0
0
0
0
1768964919
0
5217464410
0
0
0
0
0
0
36
0
0
3889664055
356031260
3
0
0
45
0
0
3685239981
6
4829724837
0
0
0
1
0
0
926841
6663485348
0
0
0
658899441
0
0
0
0
133065140
45
6
0
0
0
0
10
10
0
0
0
1340817217
0
0
0
3535437906
3
10
3
45
0
0
0
0
0
0
0
0
0
0
0
21
0
0
10
0
0
45
36
21
0
0
0
0
0
0
15
165301653
1614966522
0
0
0
0
0
0
0
10
0
0
0
0
0
4030358826
0
0
0
6
0
184617720
0
0
6
66
55
0
1
0
0
45
0
6
0
900852666
0
434078379
0
45
0
5632478271
36
0
0
36
0
1051822039
0
0
0
0
6
0
0
0
21
0
0
0
3
0
0
0
0
4544238056
0
0
0
0
0
0
0
21
0
347728006
0
20253429
0
2470377189
0
0
6
0
0
0
3029883080
0
1830820810
0
0
0
10
0
66
0
0
6
66
0
0
0
0
6666949073
0
0
0
0
6
392518170
28
0
0
139854449
0
0
0
0
45
21
0
5078253774
0
0
0
3
0
6
0
0
870466940
0
0
3
0
2372743792
980204205
0
0
0
0
0
0
126508370
0
0
0
0
0
21
4604496611
0
2259970055
0
0
6564001698
329846770
0
0
4320083583
0
0
6
282399495
0
66
0
356618570
0
0
0
0
0
318970652
0
0
5885636694
0
6
3815579001
0
1511922527
66
6113138812
0
0
21
0
163578828
0
0
0
0
0
3836836155
0
0
1792238379
0
0
0
0
449835012
0
0
66
0
45
1889680020
0
0
311263724
0
0
0
0
3
0
0
2564604761
0
276396
40261851
428439625
0
3630414610
0
0
0
28
0
0
0
0
0
0
0
5110756585
0
0
21
0
0
0
1665020065
314917146
2610862155
0
0
0
0
0
0
3
0
376408193
988234650
1951406607
563220702
36
0
0
0
368249090
4671096
0
0
45
0
0
0
0
0
3570674261
45
0
0
61123096
0
2089714266
352411425
0
16939110
1154040900
6
0
424176500
0
0
0
3791419615
0
1920605243
66
3
0
0
1981697484
1
0
1363020338
0
1
921771513
0
0
0
0
6842920525
0
0
0
9385278
0
0
0
10
163687368
274587889
26685165
2362628164
0
0
0
0
0
120349854
0
3
0
66
0
0
1008341757
0
0
1219365033
0
67494770
0
0
0
0
0
0
0
0
0
66
126253
36
0
0
0
0
0
1
21
28
15
0
0
10
768692424
0
55
0
0
0
0
0
45
0
0
31003874
0
0
0
0
3
0
606790845
4034130540
0
0
1497987465
3
0
0
1666867163
0
0
0
0
0
0
66
1741911
1001706417
0
0
0
0
0
0
21
2659064247
10
28
21
0
6758716925
615811962
0
0
1484225883
0
21
0
0
21
0
0
6
0
0
897375424
0
28
6358592790
28
0
0
0
0
0
0
0
0
3
0
10
0
0
0
21
103816842
0
27569025
0
0
45
0
3805626858
0
0
0
0
0
0
0
0
0
0
0
1
66
0
45
610279515
0
0
0
0
0
0
10
0
0
0
0
944233693
0
3
38067175
0
0
0
6
0
0
0
3094051744
0
0
0
0
22791375
0
0
0
0
0
0
0
21
0
641876534
0
3345742656
0
1485424737
0
0
3
0
0
289766691
0
0
6488370504
0
0
0
3
94318245
3
971853807
0
2160643710
0
0
3
0
0
0
0
0
1570549032
0
0
0
10
10
0
0
0
0
0
0
0
0
0
0
0
36
0
0
2203950
0
0
0
0
399723660
0
0
0
66
697193790
0
0
0
6743262591
0
0
0
0
0
0
0
3
0
0
0
0
0
0
0
0
0
0
0
0
808964973
0
0
0
0
0
0
0
6378681781
563623524
0
0
0
0
0
36
0
0
3
0
0
0
0
0
0
0
21
0
66
21
5928897126
3080065331
0
0
0
0
0
0
6330768981
0
0
0
6
0
0
3
0
0
0
0
1083241782
0
299671921
365864765
0
0
0
0
4046805585
370722834
0
5444930790
0
4696016292
0
10
0
10
66
0
10
0
0
1
0
0
45
0
0
0
0
0
0
6
3136438756
805951023
2209429539
0
45
1
0
0
66
3
0
0
0
0
4993052379
0
0
0
0
0
0
0
0
4407994616
0
0
0
3873188046
15326416
0
0
0
0
2201194389
0
10
0
0
0
0
0
55
0
132641328
865300779
45
0
0
1171207398
0
0
376819868
0
0
0
5387583240
0
0
237892578
0
0
21
0
0
1439992942
0
0
719475210
0
0
0
5204091165
0
0
0
28
0
0
0
0
0
10
10
0
3
0
106062329
0
28
36
0
45
0
0
0
0
4180225309
0
0
0
8755020
0
0
3
0
1
0
0
0
0
0
0
0
4685168364
0
0
0
0
21
0
0
0
21
0
0
0
10
0
0
0
5358868035
0
0
0
0
36
200330136
0
109231590
15
3
0
0
3
0
0
0
6
10
0
0
0
36
0
0
0
0
0
0
0
0
3
853320010
0
0
0
0
0
1002064525
0
0
0
0
0
0
4353238031
0
2601909447
0
0
6419408041
0
0
8439885
0
344833181
0
0
0
0
3283202
0
4860634870
0
0
0
0
0
0
0
2703514268
0
45
2521316560
1739113770
986310
6469815562
0
0
0
0
4478979936
417677238
0
2146926618
2459283772
3
0
45
0
4048335126
0
10
0
0
3
0
6487231399
1228815497
0
5556002946
0
0
45
0
0
10
0
21
0
0
11695866
0
0
0
0
21
0
0
0
0
10
0
0
466605425
0
2209894885
525641655
0
0
314365265
0
6
3650124916
0
0
0
0
1
0
0
0
0
3436412243
831524569
0
0
0
0
0
0
0
0
0
0
0
0
0
0
28
0
0
0
113409329
0
0
0
0
0
813476279
3
111116778
1049896573
0
0
31059021
1044222122
1056827297
0
15
0
0
0
40261850
66
0
66
0
0
495510
0
6755345675
6755113195
949499232
0
0
55
0
484024940
0
0
0
0
0
0
2603929667
0
6
0
2658918416
0
0
66
0
15705210
0
0
3864567560
0
0
0
0
0
1140293887
0
0
0
1159379778
0
0
0
6
0
0
0
28
0
0
2871493617
0
0
0
1252876647
0
0
6614857644
0
0
0
0
106368404
0
0
0
2202919870
0
45
0
0
36
647154255
0
0
0
0
0
0
0
0
594107664
36
0
0
6110595930
0
0
0
225282145
0
0
10
36
10
0
1
0
0
0
21
0
0
0
0
0
0
595142235
0
45
0
0
2776726971
0
0
0
0
0
45
0
0
0
0
0
0
0
0
0
45
0
0
1266881613
0
0
0
1682086995
0
0
0
0
0
0
0
6
0
0
15
15
0
486704379
1921782970
0
0
0
0
0
0
0
0
0
0
4283537940
0
0
0
0
161577273
21
0
0
0
0
45
0
21
0
0
0
0
1
0
462946803
0
1
0
3032997660
0
0
2584840914
0
0
0
0
0
0
10
0
0
36
0
735917409
0
0
0
299843306
0
0
0
0
0
0
0
0
0
0
0
0
0
0
1493939788
0
0
0
0
28
0
0
0
0
57926465
10
0
0
0
53950078
0
0
10
0
1
4877904540
6
0
0
0
3616368525
6805069387
0
613462857
129034070
0
0
0
10
0
36
0
0
0
10
0
664611108
45
3322714395
0
45
6
0
0
0
0
6
1
0
52978071
3
45
0
45
0
952890
204677027
0
0
908978200
0
0
0
0
0
4581589895
556328025
0
0
90081753
0
0
5433666315
0
0
0
66
0
0
0
0
0
5060431467
0
3
371267624
0
0
0
0
0
0
0
1
0
2011714159
0
0
0
0
0
55
593694101
0
36
36
0
2630699352
45
0
0
0
0
0
536363107
28
0
0
0
0
0
0
3429037846
0
66
0
0
3915018783
0
3444624456
0
0
0
21
0
0
6830174937
1
1462187975
6571222065
0
0
3
0
3
0
0
0
0
0
0
0
0
185521950
36
0
5134137712
0
0
0
0
355177875
0
0
156689253
0
0
0
0
0
0
0
0
1010363625
0
227004778
1
0
0
0
0
10
0
0
0
0
28
831483795
40829165
0
0
66
562516108
0
45
691864180
0
5495345821
6550145130
0
599185652
0
0
0
0
0
0
5395579074
0
0
0
0
0
0
10
0
36
0
45
0
206278513
0
1814398674
0
0
0
0
0
0
0
0
2189532215
0
28
0
45
1156492368
0
0
1
0
3
339887627
55
36
0
0
0
0
0
0
6473228608
0
0
1
0
0
2809635
36
0
0
1919241969
0
0
0
0
0
0
0
0
0
36
0
0
0
66
21
3
0
0
0
0
0
3030428016
0
0
0
0
0
591938018
0
0
0
1
0
3
672220
5332191501
120334340
0
0
1168160252
0
0
0
0
0
0
0
0
5240166706
0
0
0
0
829486812
0
0
0
3601755491
330078
0
6
0
709759305
0
0
1464189552
2461739022
0
0
1438168893
0
0
0
0
3
0
0
0
0
267787653
348493190
0
1168788698
2299440
0
0
603729123
0
1537600757
0
0
1824291396
448067079
3
1
36
0
4908472704
589291614
0
0
3550758540
0
45
30838730
45
0
0
0
1998731915
0
0
0
0
2003096855
66
0
0
5716958919
6
4500395607
5278216095
6
0
8911
0
0
0
0
0
0
0
0
2978028864
0
0
718072335
0
55
0
0
3397476086
0
0
1
5108835858
0
0
0
2410088872
0
159445153
0
0
28
0
0
0
4844084770
0
0
0
36
6485978499
0
729333507
0
0
0
0
1332544497
0
521531935
0
6
0
0
0
0
0
4672979430
0
0
0
0
716065245
0
493498215
0
0
0
1
1
0
0
0
0
0
0
0
0
10
0
0
0
0
0
234415378
10
0
10
5959877
21
0
3396899055
3
0
0
0
0
1252376100
0
2983047384
0
0
21
1
0
0
0
0
0
55
36
0
0
0
3627262541
0
0
0
0
572691225
160213950
0
0
0
0
0
0
0
0
15
0
0
2559880092
0
3
0
0
0
0
6523047024
0
0
1
28
0
0
0
0
0
0
998977930
36
198233906
21
0
0
0
6
0
0
2785154285
4969197520
21
1059771738
0
651225984
0
0
0
0
0
0
0
0
0
6
0
115178253
0
93249995
0
45
2277956247
0
0
3865446730
0
0
1
112575
0
0
0
0
0
66
0
0
0
0
0
0
2544376744
0
829568275
0
36
0
1187233328
0
0
0
0
185425653
15
0
0
0
10
1
0
6424961337
0
0
66
55
0
1
0
0
6
1532724640
0
0
0
0
0
0
29942191
0
4642480206
0
0
0
6
0
0
0
0
13336030
0
3
0
0
0
4284093275
0
0
0
4945300390
0
0
55
0
1
6
6388286016
66
0
1
0
0
3385122611
0
1153368403
6210384010
0
0
0
0
10
45
45
0
0
0
0
0
0
0
0
6
508406307
36
0
0
0
0
6730726210
3
0
401082002
2923562801
0
1864436574
2860666944
1675597077
3232602611
904209072
0
0
4107578158
0
0
21
2018125710
0
0
0
0
0
0
2147647481
0
0
45
0
0
0
0
0
0
0
0
188539071
0
0
2422741239
1
0
0
4967901645
0
2207635118
0
0
15
6868212937
0
0
0
0
0
0
0
6
0
0
0
4865171337
0
0
0
2871606
0
0
0
0
36
0
0
0
0
3
1609344983
0
0
28
0
0
0
0
0
0
0
3963125890
0
0
0
0
0
0
203424525
3
0
418197645
0
0
6234480235
0
0
3462396
0
36
28
3
0
28
1189036967
1113235702
0
1774441368
0
147791025
0
3
66
983350357
1
0
0
0
66
0
0
0
45
0
0
0
0
45
0
21
0
45
285390
0
0
0
38241884
36
0
242605372
0
0
0
0
0
0
0
0
0
2765708741
0
0
15
4328639435
28
0
0
3
6866103454
0
1980564447
0
638298584
0
0
0
0
0
45
0
0
0
0
1748030622
736224377
0
0
0
0
0
205872480
0
0
21
0
0
36
74170109
0
0
0
66
0
0
45
10
0
0
1
322364136
0
4026499170
0
0
0
0
1
28
0
0
6
742107074
284017851
0
0
45
3
0
15
0
0
0
0
1
0
0
0
0
0
21
0
0
10
340226655
6191897337
0
0
45
0
619291220
3
0
1650682125
1879243443
1279294650
0
3
0
0
0
569986965
15
10
0
0
0
0
0
0
3270504081
1
0
36
4390922595
0
0
0
386183726
0
0
0
0
0
1999048059
1
947147520
0
0
0
21
0
8889435
0
0
0
0
0
0
0
0
0
2923486335
1
0
1492682813
0
2013998305
0
0
0
0
0
0
0
45
0
36
0
0
0
45
316852551
0
0
0
4149923835
0
0
661261160
0
28
0
0
1
1599827885
0
0
0
0
0
0
0
0
0
45
0
581251559
66
6390094680
15
0
45
0
6
28
66
0
0
0
0
0
0
0
0
0
0
0
0
1
0
827777013
0
3497699331
0
0
1
45
0
0
0
0
0
0
0
0
0
36
0
0
0
0
0
2750854041
0
0
0
153308799
66
0
0
0
6
0
1162222550
1369816308
0
0
6186112020
0
0
0
0
0
0
0
1
1
628049955
0
3
0
0
0
0
161146128
0
0
0
3
0
1385879622
0
0
0
0
0
187860036
10
1745311793
4313022071
5339422746
2935273854
0
0
1
5895296754
3103498710
0
0
0
0
0
0
0
0
0
0
298913475
6298628158
0
0
0
28
0
6555754710
0
0
15
0
0
45
0
0
0
0
0
0
0
0
0
66
0
0
0
0
0
1417701355
0
3
0
3
334072475
2158606359
0
15
0
36
0
0
2667530351
0
271130541
2777397705
0
0
0
1
0
0
0
46286630
0
737721645
0
0
0
5098126710
0
10
607278672
1048568112
1914598134
3
1792717353
2612307585
0
0
4640456925
489860640
0
66
1243633100
0
0
0
0
0
0
0
435110249
45
0
0
1
1023622878
0
0
0
0
1
0
0
1749331647
322338735
0
0
0
0
66
0
0
0
0
36
4309400648
6
0
0
0
4766540667
0
274939515
0
0
3318884107
0
709797002
0
1349375272
0
36
0
502651050
0
4179768110
0
0
28098756
0
0
0
0
0
0
0
15
21
0
4944803136
0
0
6374729175
0
45
1235020122
0
45
0
0
0
1361767550
0
0
0
45
0
0
4882745544
10
0
0
66
6
0
0
6
0
0
3724060743
28
0
0
0
0
0
0
0
0
0
0
0
4811461611
0
0
0
1
36
0
0
36
0
0
0
0
21
0
0
0
4138543676
0
267648810
0
0
0
2327403
2540383524
0
0
0
0
0
0
0
0
0
0
242759595
15
0
0
42887691
0
1522664517
0
0
0
0
0
0
0
914486740
0
3
0
1
0
1103865570
2801822643
10
0
0
0
0
0
0
0
0
0
2252849222
0
0
0
0
21
0
0
2998980145
36
0
0
0
55
561275739
0
0
0
640909488
21
28
0
28
0
0
0
0
0
0
21
0
139236328
0
2566467154
45
0
0
0
45
0
0
0
0
0
0
0
0
284757170
5196136587
10
0
0
0
0
0
0
2423855089
0
0
0
44778916
0
1
0
0
486985215
0
0
35942480
0
0
0
0
0
0
0
0
0
0
0
0
0
0
0
0
5468435865
0
0
0
21
2754267054
0
0
0
5447122434
0
0
0
896740054
0
0
0
0
0
0
0
0
0
0
0
0
1009599574
106266331
4753
0
0
36
0
0
0
0
0
0
0
3504393611
0
0
0
0
0
0
5048265876
181727577
0
0
746698684
0
1123782933
0
0
122062499
0
21
18407278
0
0
259111230
0
1
412318686
0
0
1510713025
4312093356
0
0
0
353128590
45
0
25693695
21
0
36
28
0
0
5644903065
0
0
3
0
0
4005
0
6306150294
0
0
0
0
2011143321
0
0
889259875
0
0
0
6576496586
0
0
0
28
0
0
0
28
0
0
0
0
0
21
0
0
0
0
0
0
0
0
6176994481
0
0
0
0
0
0
0
697641975
0
0
0
0
822739327
0
66
0
32156189
66
0
281758191
0
0
0
5407635940
0
0
495101757
1496509958
1949283105
0
0
0
0
118249125
0
270037170
0
0
0
188966510
0
150485226
0
0
0
731779895
0
0
0
0
0
0
0
0
0
0
0
3
10
0
0
45
0
830546125
10
0
0
21
0
0
0
0
0
0
0
0
0
0
357741125
21
0
848946612
45
15
672582805
0
0
0
0
0
2088421470
0
3863776350
0
0
0
0
401733684
0
2177966990
4437997557
0
0
1848532778
0
4995251092
0
28
0
0
0
21
0
0
0
10
0
0
0
0
152556777
129725775
3187811618
0
586411360
27822070
0
0
5030295687
765558879
0
66
3902817030
0
48990151
0
2774193800
0
0
0
0
4054366155
6
0
66
0
6
0
0
4423970995
0
0
3
36
1
0
1
0
6832161999
3230030115
0
0
48172019
0
0
0
0
0
0
0
585658199
850513125
0
3
45
2051617568
3420513360
0
0
1782492772
0
4890357717
0
0
0
0
0
0
0
0
434196231
0
1428371055
0
0
0
0
0
2123010505
45
10
45
0
0
0
28
381501252
28
0
10
0
0
0
0
0
0
1
0
0
0
0
28
21
1
0
6400725751
45
0
0
4537948257
0
36
97895027
5478061411
0
0
5122895986
0
0
43407902
0
0
0
3
191541378
0
0
0
0
3571434825
0
66
3799347990
0
0
0
0
0
0
18231741
45
0
0
0
0
0
193051422
660025257
0
6297169134
0
45
10
28
10
6224992365
10
21
1199691630
0
0
1661386536
0
3014567118
28
221730210
0
0
45
66
45
6
0
139553571
0
0
36
2426013990
1
0
6
0
0
52331565
0
0
0
10
18541004
1291971522
0
0
0
422052930
0
0
36
0
0
0
0
0
0
0
0
4334689474
0
0
0
8337486
0
0
0
0
0
0
0
266862743
0
0
0
0
0
0
464347574
0
0
6018525996
0
622533234
3
0
1
150693477
0
0
0
3229708625
115816587
0
0
0
0
0
812266662
66
0
6144265
0
0
10
6118447444
0
3053437721
0
0
0
0
0
0
6133944114
0
0
0
0
0
45
0
0
0
0
0
3874860518
0
0
21
0
0
0
0
0
3482159833
0
918254082
0
0
0
0
0
6
0
0
36
3
6
0
0
2908365742
0
0
2648282243
0
0
0
183160230
21
0
0
0
0
5894645265
0
184291201
0
0
0
0
0
0
21
0
0
0
0
0
0
0
281876886
0
0
0
0
0
0
0
0
0
0
0
0
0
3
0
15298746
0
766968174
0
3
0
0
45
21
0
0
79524966
808844307
1630576150
0
4915509940
0
4064728321
1630119323
0
0
0
4023089805
0
0
28
0
6
5157267535
719892539
911410162
3947561040
0
0
0
0
0
0
0
0
6
0
0
949586407
28
0
0
0
1187184622
3
1646547777
0
0
0
36
0
0
4893819712
0
353394395
0
0
55
0
0
0
45
0
0
509044277
0
0
2456198880
585555530
852865635
10
0
4560363698
3431936966
0
36
0
0
0
0
6
0
0
0
0
0
0
0
21
0
45
15
0
2008607235
4462998948
0
494724219
0
0
0
0
0
0
0
0
28
0
596626693
0
6
0
508916655
0
0
5987298261
10
460394339
0
0
0
0
3805277931
0
0
0
0
1647982740
0
0
0
28
45
0
0
0
21
3845162620
202497750
0
0
0
4606992027
0
0
0
0
0
0
0
0
1
0
0
3
0
0
36
183064542
881685025
0
1
0
0
0
0
0
0
0
0
0
811339882
6
0
0
766145937
1
0
0
0
4855312108
2341503492
0
0
0
21
0
0
66
0
1
1
0
0
67529631
0
0
0
0
0
66
1
0
0
0
45
6470839396
0
0
0
0
4729705104
0
0
3054062925
0
0
3
0
1
949324948
3582938216
424581
0
0
10
1378623792
223946860
6899894062
0
36
45
3465073083
523827507
0
0
0
15
36
0
0
1
0
0
1
0
0
0
1
0
0
0
0
0
0
136215765
0
0
0
0
1
148255587
0
10
1120088112
3388085393
0
669542100
0
0
0
0
0
0
0
0
0
0
0
0
0
0
0
37997403
0
2785900654
0
0
3456753368
0
0
0
55
0
10
0
0
0
0
15
6644835
0
0
0
89291566
0
0
0
0
0
0
0
0
36
45
0
0
0
0
0
1
3
0
0
0
0
0
3015576594
73659452
0
0
0
0
0
2611223475
782002375
0
0
0
0
0
0
0
0
15
0
0
0
0
0
1
609092252
0
0
0
0
0
375832235
0
0
3
0
0
1309210007
0
3719628
1
6673301562
0
0
0
0
0
0
21
0
0
0
0
2608044743
0
0
0
0
0
0
0
1
0
0
0
0
183562377
10
0
6088305
0
0
2640864140
0
45
0
0
0
0
0
0
0
0
4340370980
1714026
0
0
0
0
693650866
6538818858
0
0
0
330386364
1862910270
0
0
4940527840
328435625
3
38049726
0
0
21
2441152965
0
0
0
0
1
367706521
0
172784752
0
852906950
0
0
0
0
0
0
680048757
66
6233586930
539216359
0
3197720396
0
3
0
0
0
0
0
0
0
0
66
0
4163418071
0
120955678
45
10
0
0
0
0
0
0
21
21
0
0
0
417388277
3451600110
1
0
0
0
0
66
0
0
3171384251
3
0
0
0
0
66
0
0
10
0
0
0
0
0
0
0
0
0
0
0
1196020683
3193083696
0
63512085
4678878452
0
960293397
0
0
296424716
0
0
0
0
0
170967785
5328480
1
2026775272
0
0
0
0
0
0
45
0
0
2840129992
0
3223603320
0
0
0
0
178085628
0
0
3
0
0
21
3
0
0
0
1640298705
0
10
0
0
0
0
10
28
1943917092
1
0
0
0
0
0
0
0
10
0
0
0
3
0
1
0
0
0
0
0
0
6
0
10
0
1
6140037454
0
3
36
0
0
0
66
0
0
21
0
801981204
4602385656
6
1043902275
0
404032936
0
0
0
0
0
0
0
0
10
0
0
417590549
0
3521576916
64871744
0
0
0
0
1
0
0
0
0
0
0
66
531298502
0
0
0
0
996030007
45
3799783890
0
2358299482
1
0
6
0
517406175
1
0
0
0
45
45
15
0
0
0
315946953
0
21
0
3559612455
0
0
182204505
55
87166206
0
0
0
0
0
0
0
0
4347361580
35494525
36
0
0
3
0
10
0
66
5516438137
0
623945474
0
10
0
2945012595
0
5192874960
0
0
0
0
0
0
0
0
0
0
0
2755825884
4025242905
0
0
0
0
0
36
0
0
0
6884161725
0
0
0
0
0
1
59355960
0
36
21
0
55
0
0
1841668367
0
0
0
0
0
3
0
0
0
0
0
174443171
0
6
0
0
0
28
0
0
0
2031489405
0
0
0
0
0
0
45
10
172970697
1
0
3278272833
0
0
0
21
0
36
0
0
38469606
0
0
66
0
5663295
0
0
0
0
878328822
0
0
0
0
0
0
66
5887589775
28
0
0
0
680712750
1272222875
66
0
0
0
3078103481
1864986180
4807440504
0
0
0
0
6
0
0
0
0
0
0
0
0
66
0
0
891792025
0
0
0
0
0
6
0
0
2301098870
0
0
0
6
0
0
0
0
0
0
0
0
0
0
6
0
45
1
0
0
0
19672128
346700278
0
2608911459
3
695216115
0
710701550
4914121887
0
0
0
6
665267525
0
0
45
0
0
74084878
0
652128554
0
0
28
454315290
0
6491902386
0
1697201163
0
0
0
10
28
55
0
36
0
0
0
1
21
0
0
10
0
6
5028590689
0
0
0
6
0
66
0
45
6
0
0
0
0
1415412612
0
10
0
66
0
0
0
0
0
0
0
380728205
536592419
0
0
0
0
0
1004214517
0
0
172989299
0
4588676273
0
21
0
0
15
0
0
4886798025
0
0
0
0
0
0
1
0
1
0
0
0
0
0
1844521925
45
1271214238
1677681747
0
0
0
0
1209901808
0
0
0
0
0
0
0
0
0
0
0
0
0
0
354698295
0
0
21
0
66
0
0
2764147118
0
0
1
0
3629136565
0
1
617673377
28
0
847175682
0
0
0
0
0
0
0
0
0
0
0
0
0
0
0
0
1955594494
819740294
0
0
10
0
0
3388249995
0
0
0
0
0
0
1354835464
0
570797557
0
0
0
6
118187625
0
0
0
0
0
0
0
0
4411751156
0
0
0
0
45
0
166850775
0
0
0
0
879796357
0
0
0
0
0
2008987557
0
0
0
0
0
0
28
0
0
0
404374140
0
3192843960
0
0
0
3
0
0
0
0
0
0
3158415936
0
0
0
0
3548736345
2483106
0
0
55
0
0
0
0
0
0
0
28
0
21
0
0
4360986081
0
0
66
0
0
0
0
0
0
0
0
66
0
1474543662
0
0
0
0
0
24161676
0
376545393
0
0
0
0
0
0
0
28
0
1819160693
993443019
45
3
0
0
0
6253589485
0
0
0
0
0
3
3950493813
0
0
0
0
6
0
0
0
66
9247150
0
0
0
0
0
0
0
8435778
6818492187
0
0
0
0
0
0
0
0
615531226
0
0
0
0
408022458
0
0
0
0
0
0
0
0
0
0
0
0
1138479900
0
0
84454506
0
4092998481
66
1177216500
0
0
0
66
0
0
889639450
0
0
0
0
0
0
1098843732
36
0
0
0
6
3
15
0
0
0
0
0
0
0
0
0
28
45
0
0
0
0
21
45
0
300431322
0
0
1785539133
0
66
0
1168933748
0
50045009
45
0
0
0
0
0
0
0
0
0
1916269250
0
45
0
0
0
0
0
0
0
0
0
0
0
0
0
0
0
0
0
0
3
0
0
0
0
0
0
0
0
0
0
0
0
3
0
0
21
10
3173136571
1609571947
6704530448
0
1420471647
2286468870
0
10
0
0
5122187439
0
0
0
2183117997
0
66
1319361368
0
0
66
0
3374516583
0
0
0
75552778
0
85995055
2035570909
0
6
0
0
0
0
0
1
15
0
0
0
1
53721795
0
0
0
0
0
3
0
36
0
0
44920980
354059352
0
55
21
0
10
45
21
10
0
494001027
0
0
0
0
0
0
147018375
0
0
0
155858337
0
0
0
6
0
0
0
0
4636796822
10
3519227415
36
0
45
0
0
0
28
0
15
0
0
1426340727
0
0
3
0
0
0
0
0
0
0
0
0
0
1978236429
0
5434187581
0
55
0
1226189478
0
0
1741001508
0
0
45
0
45
0
0
0
0
6
66
0
1
66
0
38539810
6438344505
1293636
0
0
0
3
2458862965
0
0
0
0
775293750
0
0
1531064110
727730324
0
0
0
5927372694
0
56748530
0
0
0
0
0
0
0
0
21
0
21
0
0
1
0
0
906719814
0
1
0
0
0
3976759138
0
0
0
0
0
2594772720
0
3577015061
36
1
0
3458250150
0
0
5762923716
0
0
0
0
0
0
0
0
6
0
0
0
0
6083982520
1073164935
21
0
1
0
0
3
539183538
0
36
0
1013872962
3
0
0
6
0
0
0
0
0
0
6012931887
0
0
341662870
0
0
0
6
0
0
0
0
0
0
0
0
0
0
0
0
2910883129
0
0
0
0
0
0
0
104914855
21
47966114
28
0
1502479150
0
1058621088
0
0
15
0
0
0
0
0
0
0
1957283425
0
939069447
0
2711019767
0
47059551
0
0
0
0
15
0
0
0
0
0
503031620
1
1
0
0
0
0
0
2507680
0
21
0
89625966
0
0
0
0
45
484242759
0
6
6691683075
28
0
0
0
3
5854647900
5887596
0
0
0
0
0
0
4196699865
3090434235
21
4117917331
0
1
0
0
2705867820
45
66
1
0
0
0
45
0
0
6
21
0
0
0
0
0
0
4684587560
1468041
0
0
0
844378950
1
0
0
3298872106
3707939660
0
0
0
2989307171
0
0
0
0
2330089209
0
652309119
21
5689511062
0
6
0
0
0
0
0
0
36
2967388167
0
0
0
5459550199
4823731465
6
3441139310
0
595832459
862848108
0
4952961120
27405905
0
0
0
0
0
3
0
1312640700
0
1361454443
0
0
0
6
0
21
66
0
0
0
0
3
0
0
0
28
0
0
44712696
0
0
0
0
0
0
0
0
0
0
0
0
0
6898954314
0
370205655
45
0
0
0
28
0
3
0
0
0
78193765
0
0
0
0
0
0
344045795
0
0
984104409
0
0
151858878
0
0
5250204111
0
0
0
0
0
446750885
1143113202
169473255
87840885
0
0
0
0
2507984070
0
5084302314
197537623
36
0
0
0
0
0
0
1187330787
0
0
0
0
153501478
6
0
0
0
0
3
0
21
0
0
0
0
0
0
0
4280669073
0
28
0
4940329035
6558274073
1782671899
0
0
0
0
1
0
0
1998542217
0
0
0
0
0
0
373122893
0
2940026185
0
6
15
0
0
0
1058483040
0
0
0
0
0
0
0
15
0
0
6
466147290
206928996
21
0
0
723311594
0
0
0
0
0
0
0
1
0
0
0
0
319703531
0
0
0
1290446997
14015865
66
3705012276
0
0
398311199
0
0
21
0
66
0
638834630
0
36
0
0
0
0
24875930
0
0
0
0
69201730
0
0
0
72282275
0
3
0
0
0
3964817631
0
36
45
0
0
0
0
0
0
0
0
0
0
0
0
0
1842760980
5202254958
0
36
0
0
0
0
339131946
6902831187
0
773326107
0
1
5655746124
770732688
522210402
0
0
0
0
9708621
0
0
0
0
0
290875130
2628233741
0
0
0
0
0
0
0
0
1896817992
2125031007
0
614549190
0
0
0
0
0
6
28
0
0
687378
21
0
36
0
0
0
0
0
0
0
0
4501500
0
0
0
0
0
0
0
0
15699605
216164027
0
0
0
0
0
21
0
1
10
21
0
0
128296171
0
0
0
2545375547
0
116029761
0
0
0
0
1494978534
0
0
45
3357778316
0
0
0
0
739335830
0
0
0
0
0
834177420
0
0
0
0
6070752700
0
45
992106237
4522432905
0
118449136
0
0
0
2494051245
0
744034579
1396904793
6269144280
2139528399
0
0
0
0
0
0
0
0
302518503
4592221502
0
0
0
0
66
0
0
0
0
0
0
0
0
0
0
0
0
599393375
491709119
0
14153859
0
0
0
0
0
497496195
0
66
0
1022899059
0
2647408985
28
0
0
0
21
0
25822890
1265774452
621052145
0
0
525479561
0
115542801
265294095
21
1
0
0
0
10
0
0
28
708027244
1
0
0
0
0
0
28
0
1
0
6
10
0
3
0
0
0
0
6096232945
0
1
0
0
10614528
6
0
0
0
188267310
0
0
0
0
0
0
0
0
0
0
0
0
0
0
0
379845703
4943410962
1682551035
0
0
66
0
0
3
0
1
15
1
66
0
0
28
0
0
0
55
0
3
2661909094
0
0
2597438844
0
0
0
0
0
0
0
0
36
21
21
0
0
0
0
0
1
0
0
55
232384451
21
0
66
52341795
0
0
0
0
0
0
0
1493666493
114617364
0
0
0
0
0
0
2395531143
327641601
0
0
0
3520485960
0
0
0
0
0
0
0
45
912691447
0
0
1735046772
45
0
0
44750530
1495853553
0
66
0
0
0
0
45
0
0
0
0
0
0
0
0
0
0
0
0
0
1899590682
0
10212940
1653383732
0
3
0
0
10
0
0
10
4467913130
0
69543321
2131359399
0
229354652
0
0
11175
3
0
0
0
604911150
6
0
0
0
10
0
0
0
0
0
1292028
36
0
0
5049471726
0
0
0
0
3176642733
10
0
468072905
3033309201
0
746273660
0
1313460628
0
0
1491808747
0
10
0
3620536920
0
0
0
0
1048522293
0
0
0
0
0
0
45
0
21
171023265
0
0
661915899
10
4767614740
0
2397054170
1861994772
0
0
66
0
0
452749176
87496606
0
4399548270
0
0
21
0
0
10
918854143
3
0
66
0
0
1
0
0
132120640
0
0
0
4512262475
10
0
36
0
0
0
0
1
0
140809370
0
6
0
0
0
139069503
0
66
0
21
0
0
0
0
0
0
0
840233500
21
23725716
0
0
345174675
1281774393
0
0
0
0
0
0
21
3281350510
570898944
0
36
0
0
0
45
0
0
0
6
0
0
585384435
0
0
0
0
10
0
0
0
96848402
0
560170653
6860362614
0
0
0
0
340174476
111624211
0
0
0
3596240826
1
0
0
0
0
0
0
0
0
0
0
0
1
55
3
0
0
0
0
0
36
59803516
6074940585
0
21
0
0
0
2194829379
0
0
0
1
55
0
66
0
0
0
4311516
0
28
56812470
1707178500
0
0
3083127065
0
0
0
0
36
0
0
3880056141
0
0
0
0
0
0
0
0
0
4925091
0
0
0
3013402492
0
10
0
0
0
1613886863
0
3
0
322806
0
0
0
0
0
15
0
0
0
0
0
0
0
2731159268
1
0
0
28
2059568284
0
6
0
1589718663
3746619756
0
0
0
0
9903475
0
0
3
0
0
0
0
0
36
0
0
0
1964297175
66
0
1
0
0
10
0
0
116700997
0
23423590
0
28
0
10
0
0
0
0
1184311443
0
397887944
0
1569988602
0
2691321651
28
0
152714026
21
0
0
1
36
0
0
0
0
10
298913474
3
0
711719853
0
0
0
10
4119097185
0
0
0
0
0
3015110675
0
45
5013361
0
36
0
0
0
0
0
3871427976
16020629
0
2977951715
0
0
0
1302770462
0
0
0
0
2587070340
0
2013021
0
0
1629948054
66
0
6
0
0
0
45
0
10
0
0
0
0
29410614
0
0
0
0
293437425
0
0
640837899
0
0
204960381
5175462885
0
946973437
0
707538152
0
0
0
55
0
0
0
0
0
0
45
3
0
0
0
0
0
0
0
0
191287020
0
0
0
21
1
0
2347118319
0
0
0
0
0
28
1
6
0
0
238875150
868923825
163398000
0
0
176259699
0
0
551169800
3
0
0
0
0
0
0
0
0
0
0
0
192717525
0
0
0
1021000245
0
36
0
0
0
0
0
0
2022956992
0
0
0
135523415
66
0
4261537339
1
0
0
36
0
13161015
0
0
3
0
21
0
0
0
0
0
0
0
0
0
0
0
2693523085
2843145518
4197249576
0
0
0
0
6876485
1
0
0
0
0
1
0
1
1160728468
0
0
0
0
1
0
252978770
0
40252878
0
36
36
0
3
2461318020
4698633294
0
0
306813603
36
28
56737878
0
55
0
0
71455034
0
0
4438845486
0
0
0
10
66
55
0
0
1386142872
0
0
0
0
0
0
0
0
3
0
88624641
6
0
0
0
0
441297485
0
397239390
0
0
0
0
24636690
0
989079505
0
1
4390079232
0
0
0
0
0
0
15
0
0
2667019085
0
0
0
0
1
0
1353118210
0
66
28
213324840
10
49237926
0
0
0
0
0
0
0
4336086205
0
0
0
0
0
0
1
2065348579
3
4905896949
0
0
0
0
0
6768253965
45
0
0
0
28
0
36
0
1147181022
0
6406410
0
0
993532173
0
0
0
0
0
0
0
6421561083
0
0
0
0
0
55
10
1407549150
0
3206763560
345490031
0
0
5863632733
0
10
0
91131750
0
0
118957599
0
5859951345
66
0
0
0
0
5498910819
10
0
3904495860
0
0
0
876360042
0
0
0
3047033070
62770409
4605072410
0
6
0
0
0
6579378
0
0
0
0
403067025
0
426159414
0
0
0
0
0
0
0
0
0
0
0
0
6141478161
0
85929495
0
0
0
0
0
0
0
28
0
55
0
66
0
0
0
0
0
0
3
0
0
0
36
833891538
3309033231
10
0
0
44335235
0
0
0
3495943117
0
0
0
3
160124460
3677860450
0
0
0
0
0
0
0
0
21
10
1738583000
0
2651558217
0
0
884374593
66
3
1550047678
28
0
0
45
45
218540865
3799146
0
45845099
6
0
0
45
42518030
28
0
0
0
0
0
3049297361
0
217997637
0
0
531135507
0
0
0
0
0
0
0
10
0
45
0
0
2241903
0
0
2097738372
12328095
0
0
0
1
0
0
6817278
0
36
0
0
0
0
0
408479652
10
0
0
28
45
15
28
0
332678105
28
830057119
0
0
0
0
1
15
0
0
0
0
0
0
45
487703275
1597792179
0
0
0
1239696293
0
108125864
0
0
0
20830285
0
10
0
6079681270
0
0
0
2120144367
66
0
6562626829
594073214
0
30838731
0
1006232227
0
0
0
0
66
0
0
0
66
0
0
0
0
0
228947901
55
0
4417952979
5002350210
0
1
28
0
0
0
0
0
1
3467654245
0
0
1
0
0
0
1
0
0
5220325065
0
66
0
0
610034964
0
0
36
0
0
0
21
28
0
0
0
21
0
0
0
226898247
0
21
0
0
0
3
3479489865
0
663408515
0
6363781291
45
0
3
0
3760135795
21
0
0
0
0
0
0
0
0
0
0
0
0
0
28
1339574677
0
0
3775674606
1793615665
36
2960304975
1
36
0
28
0
0
0
167509056
0
0
251788019
0
0
0
0
0
0
0
0
5789148958
3
0
546432210
0
0
480391505
0
6
50596770
0
0
0
10
0
0
0
1573296437
0
1
0
0
0
0
0
3
1873485072
5619006979
1268795097
0
0
0
1
0
0
0
2716029217
0
0
0
0
36
0
0
0
0
1608494115
0
0
0
0
10
0
0
422808659
1
298766780
712097190
0
0
0
884206357
0
32076044
0
0
320715800
0
0
128120027
0
0
797981254
0
0
0
0
774427687
0
0
0
0
261026976
3
0
0
0
0
0
0
6
0
0
0
0
0
0
0
0
0
28
0
0
191502232
374928026
0
0
0
0
0
4996350630
0
0
0
6
0
0
598631900
0
0
1895894247
0
3
45
0
36
0
0
45
0
0
0
0
0
0
0
0
21
0
28
1467763269
45
0
300
3454674958
0
0
0
0
5033004249
0
0
0
0
0
363919730
0
0
28
0
0
0
4490913333
0
0
3128128111
623839482
10
0
0
45
0
0
0
0
6866923770
3
0
0
0
0
0
0
0
0
0
0
0
0
0
0
0
0
6271111
1
36
0
0
10
0
0
0
2423715870
0
0
0
28
1658735997
0
0
0
0
0
0
0
0
1
2060595270
2354660964
1711739277
0
6876067749
0
0
1038426375
0
0
225154810
0
0
73975366
0
95130320
0
0
1
10
6
0
6
10
0
1725986875
0
198433075
1098468753
0
943234440
0
0
0
0
0
0
789852364
0
0
66
0
0
0
0
10
0
0
0
0
21
0
0
1977230160
55
0
0
3375831186
0
1028469953
0
0
0
1
0
0
0
0
1
0
4712311704
0
0
0
0
0
1872444604
0
0
0
0
0
0
2365309782
0
0
0
255142754
0
0
0
0
0
0
1
1852426250
0
1094460
0
45
0
21
1
0
45
0
0
0
0
125476561
36
0
36
0
0
0
0
0
0
0
0
0
45
0
0
0
0
0
0
0
15
0
0
0
0
5215727979
0
0
66
3
0
0
0
1352598063
0
0
15
1154040897
453562020
0
5320219062
0
0
0
0
0
36
0
2471220717
0
0
0
0
0
0
0
0
0
0
11259884
0
4695337929
0
0
0
0
169841664
0
0
0
6
233139621
0
0
0
128696946
0
0
0
420891576
0
0
0
32300702
0
13741903
503793138
373724120
0
0
0
0
10
561510295
45
0
0
28
0
0
1
0
3
6
0
0
10
45
0
44618181
0
0
0
10
1
11527200
0
0
3
529767504
0
0
0
0
0
0
0
3215979855
0
10
1
0
214731723
0
0
0
0
1
0
0
45
0
1637035569
0
28
0
0
0
535282819
2248890609
0
0
0
0
0
0
0
28
804546420
1985665665
0
0
45
28
0
0
6247551826
1365579927
0
10
4570205760
0
92949795
0
0
271316855
45
0
0
0
1890786759
6150014899
0
0
0
0
0
0
0
0
1031828875
0
1
0
0
0
0
0
45
7502001
0
4868723145
0
0
2404399164
0
0
66
0
45
0
0
1707587552
2771959643
4095170229
149446116
0
2701382246
0
0
0
0
0
0
36
0
0
45
0
0
0
0
2879911635
3149123796
0
21
423244964
45
0
15
0
2134037087
1184214105
681598560
5195476
798740486
0
0
109497801
2385919545
0
1151208108
0
0
36
0
2394492997
0
0
0
0
0
0
0
0
0
0
0
39912645
412950676
0
0
0
66
0
15
0
1471070158
0
0
567188019
0
229633155
28
15
0
0
0
2320473744
0
0
0
0
45
0
5069288329
3796820466
0
0
1
28
0
0
0
18498402
36
0
0
0
0
335443851
4471978823
6
0
2313326184
36
28
0
0
0
196128914
0
0
0
0
3
0
0
10
0
6
11856015
0
0
1
0
0
0
0
0
0
0
0
0
0
0
509545
0
153711811
0
0
0
2172492480
0
0
0
0
0
0
0
0
0
0
21
0
0
55
0
0
0
0
0
1
2104804515
1225001238
10
0
10
0
0
0
0
0
0
0
0
3144998385
45
0
0
45
0
0
0
0
4696694704
0
0
0
0
2368130604
0
4357064520
0
0
36
0
0
0
3861754741
36
0
0
0
0
0
0
6
1
0
0
1681275072
0
0
1573464750
6
0
0
0
0
0
198014947
0
6
3
0
0
45
512688230
36
0
0
66
0
0
0
0
0
4445914935
0
0
0
0
0
1
0
0
0
0
0
0
0
3123305085
0
0
5887047220
0
3
0
1008970566
0
0
475722432
0
0
148393378
6573515064
0
0
0
0
0
0
690711507
0
1030330312
0
0
0
28
0
0
0
10
6
0
36
0
6193121526
0
21
283493756
0
1114462838
0
0
0
0
0
6
0
0
0
66
0
0
45
1747321164
3
0
0
445347069
0
4371452201
0
15
0
45
0
171991
5539465341
5726586624
2357132115
0
517181040
10
45
0
0
15
0
0
0
172840528
4899955470
0
0
0
6073397512
34440850
0
0
0
0
0
34474056
21
0
0
0
0
0
138486400
0
0
0
0
0
0
0
5462790030
21
0
441772940
0
0
21
0
0
0
0
1081659788
36
0
0
0
0
45
83134062
0
0
0
237216865
0
6
10
0
0
6131618364
3
0
10
0
28
0
10
1
3325241989
0
0
0
0
66
0
0
0
0
4968400050
0
0
68182003
0
214338160
0
1026566013
0
0
0
0
11895003
0
1017794382
0
0
446302625
21
5928570450
0
0
0
0
0
6
1392098992
0
0
0
1
0
0
0
6756856810
402272429
0
0
0
0
0
0
3328178455
3002233806
41820085
0
0
0
0
3768378660
15
3
10
21
0
0
0
0
2454219
2055270431
66
1
0
153729344
0
0
839331885
0
66
45
0
0
0
1916083524
0
0
2493768717
0
0
0
0
0
0
0
0
4405647610
0
66
0
0
0
0
3891251826
0
0
0
3270261491
726586259
618622704
4383428875
0
0
328307500
0
0
0
0
0
0
10
0
0
21
0
0
0
0
76403341
0
0
0
0
0
0
0
0
0
6149016790
0
45
0
0
0
0
0
66
2626059120
10
0
0
36
0
0
0
0
0
66
0
5260763959
0
0
0
0
0
1079010257
0
548384400
10
0
0
0
0
0
2971241300
0
0
0
0
0
0
36
367842116
0
0
0
0
0
0
0
0
0
0
0
0
930206275
0
45
0
0
0
0
0
0
0
0
4128501
21
4217522348
39850128
0
0
0
0
0
0
0
0
10449306
48881328
0
66
0
0
0
408051027
0
0
6
66
0
0
0
0
6
0
0
0
0
1
579241665
21
10
0
0
21
3359007656
0
0
0
0
0
10
10
0
0
5649579208
1
0
6132393565
0
0
0
0
0
2299403169
5720809029
0
0
0
0
0
1
3
0
0
1
0
0
0
0
0
0
0
0
2737223019
0
0
0
0
0
0
0
297253152
0
28
0
0
0
0
0
0
1650107622
3
0
0
0
44354071
0
4462432101
0
466819275
0
0
2284453
28
0
21317185
480701521
0
6305588805
0
2114417899
0
0
0
1325069457
0
0
0
0
0
0
4956544794
405484002
4072756857
1146510552
10
3
21625175
0
0
0
0
55
45
0
28
0
0
0
66
0
0
0
0
0
0
0
0
0
0
0
77482576
0
0
66
0
0
0
0
0
3295867445
6
3946228365
100983366
0
10
0
0
0
29518086
3
0
1164200128
0
0
0
0
0
66
10
1856750363
0
4235634725
0
0
0
36
0
0
0
0
0
0
0
10
0
0
0
0
0
0
0
10
936990384
0
0
28
1255831758
0
45
0
1
0
0
0
0
0
0
273861896
1
0
0
0
36
0
0
0
822414843
0
0
1951531565
4459692882
0
0
0
0
0
2751373280
0
78419026
0
0
0
0
0
0
0
0
0
0
290585778
0
0
1662020679
0
0
0
66
0
0
0
110803941
0
0
0
0
45
0
1119283638
0
0
0
0
3941028
0
0
0
28
0
0
0
0
116869115
6022185
0
0
0
0
508597670
0
0
0
0
0
0
0
0
0
0
3703032701
0
0
0
0
0
0
45
1
45
0
15
6
1
0
4201373590
0
0
0
0
0
0
0
0
898470
0
0
0
0
0
0
0
2138612694
1427729763
4069779045
21
36
5181467256
4870894305
268343361
0
1385616400
0
0
0
0
0
1643163773
0
0
138852780
0
741952975
55
0
0
10
0
0
5984562840
0
0
0
0
6037631262
377369118
0
0
0
3
0
0
1700640354
0
0
0
55
21
0
0
448216767
0
824362704
0
0
0
0
0
0
1
0
0
0
0
2102663940
0
0
21
1141870363
0
0
0
66
0
54648285
2326131522
0
0
0
5814139629
894074038
0
9290204
66
0
22021565
0
0
0
45
0
0
4664089598
0
55
1622648000
0
0
0
0
0
0
28
1316691558
0
6204003
0
0
0
0
0
0
45
6162886686
0
0
45
0
0
0
0
0
0
0
0
0
0
5672669310
0
5360110446
45
0
20914278
1
0
0
0
0
6915997179
0
0
0
0
0
0
0
45
45
0
0
36
3
0
726128885
10
0
28
0
0
28
0
510864627
0
0
0
4016185831
2153484372
1
0
0
0
0
6
0
553263477
0
0
0
0
4062654849
0
0
0
0
0
10
0
0
0
0
0
3
0
0
0
0
0
1059357407
0
0
0
0
0
0
0
0
0
0
0
0
1120798182
0
377561459
0
595107729
181918275
0
66
34748615
1898419735
1452524123
0
66
0
0
0
0
0
10
1340454747
0
0
0
10
1
0
10
0
0
0
0
2933282111
0
0
0
0
0
1893924279
0
0
723501779
6210384010
0
0
0
0
0
0
0
0
0
66
0
5942734644
0
0
98947278
0
0
10
4774941190
0
0
0
2326813647
6364796659
0
1
6
3
0
0
0
0
0
0
66
0
3110829958
0
0
0
0
1
0
0
0
0
0
0
0
0
3779412166
0
0
0
0
1485915349
0
15
0
6
0
28
36
0
0
2172162880
0
0
1
0
85641328
1
0
0
0
0
4227723026
1
28
0
0
0
0
985702179
0
36
4711146810
0
45
0
0
0
0
0
2113052530
0
45
1105698797
1827554647
0
0
0
5579006851
0
0
0
0
0
4066261245
0
0
0
0
0
45
0
0
0
0
0
2508763159
1
45
0
5748332187
36
66
0
0
0
0
0
0
21
0
0
818242810
3
608533920
6493953564
1192648377
0
66
3
0
0
0
0
0
45
66
532635820
4820097975
0
0
0
0
6535731549
36
120474003
0
0
2122358970
0
0
1580878314
0
0
0
0
0
177388030
5557900551
0
21
1
6
0
3
0
0
0
1557796638
28
1448915193
0
0
3
0
246076014
0
3852532495
0
5375652450
0
0
0
10
0
0
0
0
0
1
295087061
376710075
993977970
0
0
0
0
0
0
795466438
0
0
0
3222720150
0
530060519
0
452676
15
45
0
0
0
4330035215
0
558096
0
0
36
0
0
6
0
0
0
1
0
159391579
21
3492432055
0
21
0
0
1675481300
0
21
0
21
0
0
0
736109244
0
0
10
0
0
371349377
45
0
0
45
0
55
1376156925
0
0
0
0
0
0
1541651600
0
0
107626455
0
0
0
0
0
0
1715896065
3100033160
0
0
1
4913725375
0
829527543
10
775214997
0
331878965
0
3980594880
2900058525
0
64723752
0
0
0
0
0
0
671079929
0
28
38355660
0
0
1
0
160196047
1919241980
36
1
0
0
0
0
391230368
312087636
0
5065563495
0
66
0
0
0
0
0
21
0
0
0
28
14555709
3
0
0
0
5456729233
545606040
0
0
0
36
5511817476
363353402
0
6253477629
0
0
0
0
4192395075
0
0
2460195575
0
2827256796
0
0
36
0
0
0
1
0
6566178840
0
3231798596
0
10
1080078975
0
10
0
21
0
28
6
1
28
0
0
0
0
22254456
1
0
1
0
0
0
1
0
1916578822
0
1467492390
0
0
66
0
0
0
1202289163
0
36
0
0
0
36
0
0
21
953687298
0
0
3
3
0
478131405
1
0
0
0
0
0
0
0
0
0
0
0
125635025
852204949
0
0
0
116853828
0
0
0
0
3257657393
0
0
0
0
0
0
3
0
0
0
45
0
0
2766006217
0
36
1
3
0
0
0
0
0
0
0
3
0
0
6
0
3604471920
3348197175
1101870
0
5692071511
0
0
0
113183535
0
45
0
0
6
28
0
1
112507499
0
0
0
1987115325
0
0
10
3627858780
0
1
0
0
0
1183095043
0
569778
0
0
0
0
0
0
0
320918445
0
45
0
0
643561625
400261070
10
0
283089115
0
3
0
0
0
0
0
0
0
0
2086612264
0
0
0
0
0
0
0
4535376399
0
36
0
0
3089412279
0
66
0
0
0
3499706925
0
0
106674920
900598017
0
0
0
0
0
0
0
0
0
0
704344275
4369488848
0
0
1095940
0
0
0
3659957336
0
0
0
0
0
0
4023538344
0
806673858
0
0
36
598078404
0
0
15
1
5495660314
0
21
321780395
0
0
0
662825844
0
0
45
0
2448145315
0
3
0
0
0
0
0
0
5075331559
0
0
0
0
0
0
0
0
0
0
3940633431
45
0
0
0
0
0
0
21
0
37191000
0
10
21
0
0
1140484905
266008645
0
0
1
0
0
3111934376
0
0
48950562
0
0
0
3797517630
0
685073614
0
106938000
0
482377327
0
0
334098315
0
0
237303999
0
0
45
0
6827019609
0
0
0
0
0
1
0
1
0
0
0
4225516464
0
6367096
0
0
1
0
0
0
1663173947
0
0
0
0
0
0
0
0
9695406
1
0
10
38198169
0
14853975
0
0
0
0
0
0
2404052464
0
6633043365
0
0
0
0
10
0
0
0
10
0
36
0
1
10
36
0
21
3422250536
6425641500
0
6
0
0
0
45
0
6
3
0
0
0
0
0
0
0
0
0
0
0
705358005
55
2896404095
0
0
0
5728834254
0
0
0
284494731
0
3537372188
0
0
636370629
96667560
0
0
0
0
0
0
0
0
0
0
0
0
1287552857
0
0
1
0
0
3825806591
47370511
1
0
66
1
2854845693
0
36
1474923825
743263289
0
0
0
0
0
0
1
3
0
2737371026
10
36
5217668715
0
0
0
0
0
45
0
0
0
0
36
10
0
0
0
0
0
0
28
0
1495689443
3894869655
0
0
0
6260860905
0
28
690414219
0
0
1874403372
4919774349
0
0
0
0
0
0
0
0
28
0
911580948
0
0
0
0
2072424354
0
6725854105
0
1
0
0
0
3630840710
0
0
0
1155290331
0
0
55
0
0
4147464405
2276808925
0
0
4916005680
0
0
0
66
0
0
0
0
0
4458559620
6741752966
5897903070
55
592936245
0
0
3844110358
0
0
0
185541216
0
0
0
0
0
36
0
0
0
0
0
0
0
0
0
0
45
0
3349834016
0
0
0
1
0
0
1603166972
1555732087
6
0
0
0
0
0
45
0
1
0
28
3211169720
0
0
0
3
0
0
0
0
0
0
3290592205
0
0
0
0
66
0
36
10
0
0
6
0
0
0
21
0
0
0
1252326053
0
0
45
0
45
0
0
0
21
0
10
0
0
0
0
0
0
1
0
0
0
21
0
0
1
0
0
0
0
0
0
0
0
0
6884279064
0
66
0
0
0
0
0
0
10
5657979831
0
0
0
2440035125
0
0
0
0
1392785010
0
3
0
839495779
0
10
12333061
0
6
0
0
335340252
0
0
0
3149203193
0
49546034
0
0
0
1140007347
1648020
99426150
0
1
0
0
0
0
0
0
0
0
0
0
2870811641
0
6
175565691
0
0
151684650
21
0
0
0
5904638740
182166327
0
0
0
0
0
0
10
0
762626982
36
0
0
45
0
0
0
0
0
0
36
66
0
0
2675278342
0
0
1175421852
0
0
477636757
0
0
0
0
0
3870812081
0
0
1
0
45
0
0
0
0
55
4296691295
0
0
0
0
339574829
0
0
28
0
0
0
0
0
0
1410840619
2813962680
0
0
0
6212724649
0
0
0
10
0
0
0
26364690
3082891493
10
0
5131807350
5945678583
0
0
0
0
0
55
0
0
0
0
21
0
0
2703073073
1
0
0
0
0
4097614083
0
0
6
0
0
3168119755
0
0
3512770461
0
0
9988215
0
0
0
0
0
0
6
0
66
0
0
0
3
0
0
1
0
0
0
962266512
0
0
0
2434798647
0
0
0
0
0
0
0
0
0
0
6
3138765
0
957753258
0
0
0
0
0
4926025587
0
0
0
0
6207525
54043605
10
21
0
0
1389830988
0
55
0
0
612062577
0
0
0
0
0
0
0
0
0
0
157256242
0
0
66
4728343599
66
0
45
10
10
55
0
0
0
67227810
0
6
0
0
0
28
0
0
0
5757920
0
0
0
0
1
1
4128451257
0
28
0
0
0
0
0
0
0
0
0
0
0
0
21
0
0
0
0
0
1
0
0
961301607
0
0
0
0
0
0
0
6
0
0
0
0
0
0
0
55
0
0
0
0
0
0
0
0
0
1
0
0
3
45
0
28
0
0
0
0
0
0
0
0
10
0
0
0
0
0
0
0
0
0
45
36
0
0
0
0
66
0
5103075759
0
0
0
457032240
0
0
0
0
21245421
0
0
66
191208790
0
0
0
0
0
0
0
6
0
21
6733278969
0
0
1569932589
0
0
0
0
0
0
36
0
1886238889
66
0
0
0
0
0
1
0
0
0
0
36
0
0
0
15
0
0
0
0
0
0
3224530
0
0
4268279366
10
0
0
0
0
6056939
0
0
0
0
0
0
15
0
0
15
213118332
0
0
541155650
0
28
0
0
5325216
45
0
274822289
45
0
3
0
0
0
748980455
0
4560363698
0
127672210
0
0
0
0
6207932385
1247626122
0
0
0
0
0
6
0
2783064885
0
0
0
0
0
466330529
0
0
0
21
10
0
0
28
0
3034010243
2660960666
0
0
0
0
0
0
0
1017117750
28
0
0
0
0
0
0
0
15
0
0
0
1
0
0
0
1926994204
66
0
1991593818
10
86955077
0
0
45
18767001
64519120
0
0
0
0
0
0
255074991
0
6
3
0
0
0
0
0
0
0
45
1993045659
0
0
0
6
0
0
0
0
0
0
0
670567110
0
0
5104995445
0
0
0
0
0
0
1058897187
0
1217538528
0
0
0
478731
0
0
0
0
0
1422071109
45
45
1796851372
146470169
0
3554720393
0
66
0
6
0
1986611051
0
55
0
0
599289489
0
0
0
0
0
0
562616719
0
0
6
0
0
0
0
530842235
0
0
0
3
31288005
9084453
0
0
0
0
0
408794115
1398628
0
0
0
3486584255
28
0
0
0
0
0
0
1903352445
0
0
0
2690221266
0
0
0
0
0
0
3369589233
0
0
0
15
2593044069
0
45
1014773774
973176888
0
21
0
0
2557233364
0
0
3
513873710
0
0
0
0
45
0
0
280430403
21
0
0
0
0
0
0
0
0
0
1
145121163
0
0
2153746860
0
6
0
10
0
0
0
0
0
0
0
1020232203
3510423900
0
0
0
0
0
951592122
0
3
0
55
0
0
98413435
0
0
0
0
1830034245
0
0
0
0
0
0
0
45
1902427050
0
0
0
0
3
3
55
0
10
565875240
5971660189
0
10
0
21
0
45
0
294868469
0
0
0
1
0
0
55
0
0
0
0
0
641912364
28
0
0
0
0
45
0
0
0
28
21
0
0
0
0
0
3
0
4326406655
0
3
2706603515
0
0
0
0
0
0
285210786
0
0
0
0
0
1
0
0
0
0
0
0
510640882
2575574100
0
345463755
0
0
0
0
45
0
8559453
66
0
157557873
186486328
0
0
0
0
0
0
0
0
1
0
45
0
21
0
0
36
0
45
0
0
4196699865
0
0
66
1982578955
1919551744
0
0
0
0
0
0
0
0
21
0
0
21
0
0
0
0
0
0
0
0
16528374
0
0
0
0
0
299574003
0
0
2481425092
1800253
0
0
0
1317050798
188830451
66
0
0
0
981710184
0
50005000
151928596
0
0
6
1
0
0
0
0
1798050522
0
656143424
0
0
0
0
0
300921775
871051190
10
3361876991
13346361
0
0
0
0
0
158375503
28
0
66
0
70585021
6
0
66
0
0
0
36
0
3064544588
45
137224460
0
0
36
0
28
1117108275
1823566630
0
0
872888632
2563980
1178575497
0
0
0
10
0
725519257
10
0
341218626
2230752609
0
0
6891790840
0
0
6
0
1
0
0
45
0
0
4346895399
0
0
1654361475
0
0
36
66
642270719
0
0
0
0
66
0
0
99948591
0
0
0
0
0
0
0
3
0
0
5839076100
0
0
0
0
5330126331
66
0
0
0
0
0
0
0
0
0
20406465
0
0
0
0
0
0
0
0
0
0
0
0
0
0
1936504255
28
6020720445
15
0
21651490
0
1556289942
1
0
1210984288
1450045872
0
3
0
0
0
931846020
0
0
0
0
744188907
0
0
878119257
0
0
0
0
0
0
0
28
10
0
0
5641822134
0
0
1963294447
0
0
0
0
0
0
3
0
21
0
0
36
0
0
0
0
0
0
0
0
0
0
0
0
1984027507
1095049798
3010530774
0
1
45
0
0
0
0
1620882513
1
76477528
0
0
0
28
0
0
0
6
10
0
0
0
0
0
0
6
5664683535
0
0
0
0
0
0
0
12875275
0
0
0
6
0
0
0
0
0
0
0
0
0
1615250675
0
462064779
80867402
0
66
0
298375805
0
0
0
0
1942046967
0
0
0
0
496046232
2575143489
0
0
21
0
3
269758378
0
0
0
0
200470276
0
0
0
5044649199
0
1
0
1593160122
66
1041071259
5438984187
10
0
0
0
0
0
0
28
0
0
0
0
0
0
0
778128
0
0
0
15
2806240950
79247755
895935612
0
0
0
0
0
0
0
0
688483257
0
0
0
333039326
5834214165
0
1619800875
0
0
1228171135
0
0
0
5118400
0
36
0
3148092198
1
0
0
544846554
0
6084313450
0
0
2087646000
0
0
0
0
878748000
0
0
0
0
66
544054590
0
2340613954
0
0
0
0
3
0
0
36
4176111724
0
6
0
0
66
0
36
0
1
0
0
0
0
0
0
0
0
0
0
0
0
57593278
198014950
0
0
0
0
0
0
0
28
0
0
0
10
3033854450
0
2512161
0
66
2194895634
2421627615
0
0
4928507337
36
0
0
2063163956
0
0
1157887497
0
0
0
0
733425835
0
28
0
1417488362
28
0
6
0
0
5253073684
0
0
0
1394949762
3
36
0
0
470247757
3614072626
0
0
0
0
0
0
10
4045816036
0
0
258656140
0
0
0
0
0
0
0
0
0
13222652
0
3892751685
0
0
1
0
3235578301
1821755335
66
0
55
0
66
0
1842336045
0
72715769
0
1459269273
3
4826580309
0
0
0
0
0
1
0
1462728822
7440153
0
0
15
173138133
0
19734902
3519479141
0
0
0
36
0
3
0
19993325
0
25801335
2188142775
0
0
0
0
16499640
0
85040361
0
338533200
2881277880
0
0
0
0
0
0
0
6
0
0
0
0
0
0
1
2297030304
3481408801
2283697117
15
0
0
0
511664054
1
55
0
0
5262097533
0
933616863
0
44212906
0
153974926
0
155946627
0
0
0
0
0
0
0
0
0
0
0
0
3394262018
3402011296
0
1
0
0
0
0
0
0
803303393
0
0
0
0
980700
3666034333
28
0
0
0
849441132
0
3974708205
1
0
0
0
4156759376
0
0
6226554576
0
1615364352
0
2357200755
0
0
0
0
1
1
45
4823240370
0
0
1
0
0
0
0
1640184169
0
14886696
0
0
0
3064074867
0
0
0
0
0
0
289742618
0
0
0
0
0
3
0
0
0
0
0
0
0
45
0
0
0
0
36
1
2974711242
0
187569395
0
0
0
0
5379489609
0
21
0
45
0
0
1
0
6060069141
0
0
3
0
28
0
305551559
0
0
852576568
0
0
0
0
0
36
66
0
1244253
5058117844
0
157806495
45
0
0
0
5965869483
0
45
0
0
45
10
3178556001
1261652025
0
21
0
4322686645
0
0
0
0
0
0
0
3066423818
21
0
0
0
0
4473681290
0
3965975346
0
2613247359
3306186558
0
0
3959921476
752351444
0
1380041888
0
0
0
0
0
0
0
0
3
0
0
0
2432217349
5655746145
0
0
21658071
4634678448
0
0
0
0
21
0
75294856
0
883785900
21
0
0
36
0
0
36
36
0
0
0
0
0
0
0
0
0
0
1209790
0
0
0
0
66
0
284423175
0
0
0
5608622850
0
0
3
0
0
0
1
1
0
10
0
0
2875966551
0
319956456
0
0
0
332884493
0
0
0
0
66
4862705587
0
0
0
0
0
1262506097
45
0
0
0
0
10
6
2292017359
0
0
0
0
0
0
0
1
0
0
0
0
237783525
1
0
522630612
0
66
0
0
0
2289851265
0
10944181
3028092895
0
0
1
0
0
0
0
0
0
0
0
0
0
0
0
6
15
15
0
0
183921
0
0
1
78056265
0
0
316047511
3
2048608035
44561519
0
36
0
0
15
10
0
0
28
80600550
0
0
22048120
0
0
0
36
0
0
0
0
60066280
6
45
0
0
0
5443991640
0
0
0
0
0
0
701494695
0
0
0
0
0
0
0
1
0
0
0
36
0
0
0
53981244
10
0
0
0
0
363649993
15
0
0
45
0
0
0
0
0
21
0
0
4215318450
3141271
0
600883090
10
1040403
0
125017578
1130049542
0
0
0
81836821
0
0
0
529344452
0
0
0
0
0
0
0
843968067
0
0
1305323962
0
0
0
1
0
0
0
2547088230
0
1992919375
0
0
0
0
0
0
0
103543245
0
45
3
0
6
0
0
28
10
6
0
0
0
1
1
0
3
0
0
0
0
0
0
0
5809180300
1433774454
0
0
618235865
0
0
60230800
0
0
212478805
0
0
104770044
0
0
605550
583264925
0
140473941
6050714976
21
0
0
22101276
0
4061122605
0
0
0
1052831325
0
0
0
0
2446186449
0
0
2659574768
0
978522420
1701923625
6
0
1243982254
0
0
0
0
0
0
0
0
0
0
0
0
0
0
0
0
0
0
0
0
0
6
0
0
45
0
36
0
0
0
3359499455
0
0
88053084
6557701448
0
0
0
619678409
0
0
0
66
28
0
0
0
0
0
66
0
0
0
0
0
0
0
0
0
36
6
55
10
0
0
0
36
0
1688182643
0
0
0
2721559717
0
232406019
0
0
288588300
0
6562054014
0
1
0
0
0
0
0
0
0
1
0
84649565
5838103551
55
0
0
3608888358
0
3631522431
0
0
0
0
205892775
0
3554383096
0
0
236237716
3
0
0
0
778447150
1
0
0
0
2386057704
0
1
1218969972
0
0
0
0
0
0
0
0
0
4555398947
0
0
6
0
0
0
1474054928
3
0
0
3940278363
3558009501
0
0
284924256
36
20075616
0
1696152618
0
4035477996
0
0
10
0
0
933055180
0
0
0
0
0
0
0
0
0
3
0
0
36
166176
0
0
151040887
0
0
0
0
0
0
0
5619431046
0
0
66
28
0
0
0
0
0
0
4769958592
0
0
0
0
0
0
1
0
0
0
296424726
36
10
0
2185034635
0
0
6
0
0
0
0
0
0
0
0
21
0
3593951326
28
2639120190
0
0
0
36
0
3
0
0
0
55435185
0
0
0
0
0
1319926504
0
0
3
1110783383
0
0
3147616143
0
0
142779651
107186758
328410006
45
6
10
0
0
2081705540
0
0
0
0
0
0
0
0
0
3727427301
0
0
0
0
0
0
0
0
6
0
4064998840
0
21
283089115
6
0
0
2212356
0
0
9708621
21
2084222760
0
0
0
0
0
0
392798405
0
0
1918374675
6
0
0
0
750645630
0
0
0
0
0
0
0
0
10
45
0
0
0
0
0
6
3
6057757419
0
0
0
0
479585934
0
0
6
0
3
0
0
28
0
0
0
0
0
0
318793875
0
3
3
0
0
0
587473482
0
0
0
0
0
1
0
0
0
0
0
0
0
36
2896404095
3
0
0
0
0
0
0
0
5558216829
0
45
0
0
0
0
0
0
0
3219188670
0
0
0
0
1
0
0
0
5400150805
0
1
17384356
0
10
0
3
403209002
0
0
0
0
66
0
0
66
1819278
0
99863778
0
0
0
0
2202720715
36
0
0
6
0
0
0
0
0
0
0
55
0
2449125072
3
66
0
0
0
0
2832899335
0
1499629989
1628235635
1
0
270478911
36
1
0
0
0
0
45
3
0
0
0
28
129130484
9872345
0
0
0
0
3
0
21
130370878
674454627
0
2308499298
10
0
0
0
846146938
0
45
0
0
3827118780
0
45
0
1
0
0
0
0
0
0
2989539135
1599488514
0
0
0
0
4145096720
3
0
6337634754
0
45
0
0
6
15
1107062957
0
0
36
5655852501
0
0
0
0
0
0
0
0
0
0
0
0
0
45
0
2367029604
21
0
36
0
0
0
0
3
0
0
3
0
0
0
0
0
45
0
365729534
36
0
0
0
0
603694377
1
45
1705718022
0
2540597393
0
769045368
0
0
0
0
21
10
0
0
45
0
0
995940744
6209715337
0
21
0
21
0
0
0
28
0
0
5455893504
0
0
0
0
21
0
1
28
21
0
55
0
0
912905082
0
0
6
0
0
0
0
49974997
0
0
0
0
6250346676
0
0
0
3243949868
0
0
0
6
0
0
0
0
55
0
0
0
0
0
0
6
272086118
0
0
10
0
0
0
3
0
0
0
92786253
0
0
3
507545729
0
898222905
0
0
28
0
688371939
0
0
66
10
6
0
6
0
0
0
5217157981
0
0
0
28
0
3412329921
0
0
0
0
0
0
0
248990760
0
0
0
541978425
0
738105816
28
0
0
4800187135
0
0
0
3070419030
0
0
0
0
6709047300
1
0
45
6025000833
172506022
0
1
0
66
0
45
0
4664186181
127784091
2546588625
0
0
0
3749043926
0
0
0
0
0
813476259
0
0
0
0
0
0
2495181375
295792003
0
0
1582621915
0
0
0
55
0
0
0
0
0
3942764355
10
188675025
1871526762
0
0
0
0
0
28
66
9191328
55
852165
0
676108368
0
0
0
5682259644
0
0
0
0
265109841
0
67320605
0
0
0
0
1
869257339
36
6
387685934
0
3
0
0
0
288132015
1
0
36
0
0
0
0
6090823590
0
0
0
0
0
0
0
0
0
0
2657665
0
2743441691
1
0
0
0
0
191032828
0
2123466690
0
3687300705
5258302459
4582738661
667750219
3989165166
5784845658
0
0
0
0
0
0
5481306687
4195050982
45
0
0
0
0
0
45
0
0
0
0
0
0
0
879964170
299084653
0
1760410088
4003827310
45
4357531280
0
6
0
0
0
0
0
0
66
0
0
3437904615
0
0
0
0
0
0
3
0
24363690
0
0
0
0
6
0
0
0
21
0
3091341
1332905893
0
0
2511101268
0
0
10
6112696551
0
0
0
1
0
0
2016601242
0
0
0
0
19917515
0
36
45
0
0
0
0
1869936420
2973168818
1105886932
0
21
0
294771340
0
3
3
0
0
0
36
0
10
0
0
15
21
0
4890456615
0
0
0
0
0
0
0
0
0
0
21
15
66
0
45
0
0
0
0
0
0
0
0
6
0
1341386907
0
0
0
0
0
0
0
66
0
59803516
21
0
45
0
0
0
0
0
0
0
0
0
0
0
1101095125
0
0
0
0
0
6
5201030979
1027064500
0
0
0
6619574336
0
0
0
0
0
0
0
21
0
0
54230905
0
0
0
0
0
0
0
0
0
0
0
0
0
1
0
4495842845
0
0
928826529
0
0
0
0
0
0
0
2380120479
0
287652105
3
0
0
2801448368
1
0
4305131181
0
0
0
0
55
0
0
66
802902613
0
3464740101
0
0
5565916212
0
0
45
0
0
21
0
0
533942171
0
0
0
16997364
0
0
0
165600
0
6
0
0
205345242
0
66
0
0
0
0
57743631
0
0
0
0
613813202
0
0
0
0
0
0
0
0
6
0
0
0
0
6
0
0
0
0
290296550
806071473
0
0
0
4832182212
6
0
0
0
0
66
28
0
0
1354054777
69401870
0
0
66
0
0
66
0
0
0
3
0
0
0
0
0
1
3
0
0
1422177750
10
1
0
0
2012982965
0
4601061
702705
0
0
0
0
0
0
1173967712
0
83495502
0
66
2500765275
21
0
0
0
0
0
0
898180533
6
21
0
0
111191328
0
0
0
0
45
66
3
6
0
3
0
0
0
0
0
6673532630
0
66
0
0
0
6
0
0
0
0
0
1491535643
0
3987468208
3
112612528
0
0
66
3
0
21
0
3
0
804907500
45
10
0
48752875
3989969079
0
0
0
0
0
0
5068382155
0
0
6051705054
0
0
5980078137
0
0
3282970920
0
0
36
15643621
36
0
0
0
1
0
0
0
0
3740735750
0
0
0
66
21
36
1124826137
0
0
4272068374
1591749243
0
2861347740
680602044
401082000
0
0
10
0
0
421821
0
0
0
0
0
783307989
0
0
0
709759325
0
0
0
3799086483
491050770
0
0
2366410404
0
127193274
0
2024038494
0
0
0
0
28
0
10
0
0
0
0
0
0
901914153
4317945964
3
55
0
5721236899
4487881149
0
0
0
42324600
5884009374
729142563
6
0
0
0
28
0
0
0
45
0
0
2148499570
0
0
0
0
0
0
0
0
10
1
0
21
0
0
36
1
0
0
0
21
0
3
0
0
0
0
99440252
0
0
0
368601973
3
0
0
0
66
0
4861029234
624758205
0
0
0
0
0
0
36
41710410
815090494
0
0
847422681
28
0
0
0
0
1
0
0
6484384074
0
0
0
0
0
6
3
0
0
235911781
0
0
55
4932678084
0
0
45
0
458726904
3
0
0
66
1
2624102780
909106105
0
0
6
512976464
0
0
0
0
0
0
2853712350
0
0
0
4218624564
0
0
0
0
0
0
0
3
0
0
0
6903
0
0
0
21
0
0
0
188733306
243266643
3455921943
28
0
0
0
3
0
0
3280641
6
14453376
0
0
2440384417
3127969920
0
5675119408
0
0
6
0
0
0
10
0
0
0
10
0
0
1443698242
0
0
21
21
0
0
28
21
28
10
0
0
0
0
1471341353
0
119946816
0
0
3
0
0
0
0
0
0
609022449
0
997771453
36
0
0
0
0
0
0
66
0
0
0
0
0
0
0
0
0
0
0
4430087201
0
0
0
1
124338564
0
0
45
1375842168
0
0
0
0
45
0
0
0
0
1
0
36
1
1068490850
0
956528185
2951693333
48881328
1800630027
6
0
36
5311248600
0
1122503268
6111922596
0
1
0
3
0
0
1
0
0
4707846
0
21
503856619
0
0
725062239
0
0
1
0
0
2056424625
109734705
0
0
0
430549839
78506715
0
0
0
0
0
1
0
0
0
3
0
0
1829429310
0
732200772
0
0
0
0
0
0
1
0
3698558976
0
1437525387
0
0
40423536
0
28
6
28
0
0
0
0
0
1923147165
0
632310126
470738585
0
2353906181
6
1693008927
10
0
0
0
0
0
0
2112727500
0
0
0
0
0
2829061774
0
0
0
0
45
0
0
1
0
0
0
0
0
0
421239825
0
0
0
0
0
0
0
0
0
21
0
21
0
3
1
1384932114
319728818
0
0
45
0
1275655277
0
155117691
1570044638
45
0
0
0
3332912180
343468935
0
0
28
1
109305505
0
0
0
0
0
0
0
10
0
0
0
0
0
0
0
0
36
5697514312
434373074
271503253
6
0
0
3
0
0
0
79260344
0
0
0
0
0
3269614517
0
0
3123858358
904676913
0
93509649
0
0
6
0
0
0
0
0
28
0
0
0
55
0
0
10
2856810656
1
0
0
0
0
0
0
0
0
0
4883239689
0
0
0
105146751
6
0
45
0
0
0
0
0
0
0
0
0
45
0
272016150
0
0
0
0
1
0
0
3
0
0
0
0
6232582062
0
45
2575932940
0
0
10
374490027
5925403
0
1683189182
0
0
0
0
0
0
0
0
0
0
0
2982903
21
0
45
1
0
21
0
0
3808942830
0
0
0
0
0
0
0
0
10
0
0
0
368330510
0
0
0
0
0
0
2705867820
0
0
0
90014652
0
0
0
0
0
0
0
0
0
0
0
0
0
0
4439599280
0
0
0
0
45
45
0
0
0
0
0
0
285186902
0
406167736
0
0
0
0
0
0
0
0
0
0
3
2091395469
0
0
66
3832982745
0
0
413065638
29387610
0
0
0
21895653
3
566110775
0
0
0
0
910471125
36
36
3
0
0
21
0
21
0
0
0
0
66
0
0
0
10
0
66
0
0
456790404
0
21
0
0
0
352464515
36
0
472550653
3304153976
0
66
1
1841486300
5063349330
0
1
0
0
0
66
0
0
0
0
36
0
0
6401178333
2422114764
0
0
28
0
0
1
0
0
0
0
10
0
0
0
0
2457040044
3
0
0
0
0
431548130
0
0
0
0
0
0
0
0
0
0
0
0
0
1
0
0
28
2002147554
28
0
0
623627565
0
0
0
45
45
0
6
0
0
0
0
0
80575165
0
0
0
0
79260344
0
0
0
0
6458331660
0
0
0
0
0
0
0
1
28
0
0
0
0
0
0
0
0
1214431658
1
0
0
0
0
0
0
0
0
0
0
28
0
0
0
0
0
1811656
0
0
0
0
0
0
3
4663316997
0
42693420
3
2226546510
0
0
3850864910
0
21
0
0
1009329964
0
0
0
0
0
0
0
555394446
5311660849
0
15
0
0
0
0
28
0
0
0
0
0
0
0
0
0
10
0
0
0
0
309047091
0
6901538775
0
0
15
0
0
0
0
36
0
66
0
0
0
0
0
0
2292762150
0
0
0
0
10
0
0
5873816625
3746792850
0
0
0
0
0
0
0
6163441806
1
0
0
66
5387790870
0
6
0
0
0
3
0
351429816
1813495194
0
0
0
0
45
0
0
0
0
0
0
0
0
0
28
0
0
97993000
0
0
0
0
0
6
0
0
2497301118
3
0
0
55
0
0
0
0
0
0
0
0
6
0
0
21
21
1
143287056
0
10010574
2340203476
3789939417
0
0
0
0
0
0
0
2345953743
21
0
1
0
0
36
0
0
1
2492028
0
3695119516
0
0
251855345
0
1
0
0
359562335
0
0
0
7673403
834340822
0
0
3909534510
0
0
0
45
0
0
0
0
0
0
5883683958
0
1
28
0
5360835240
0
0
0
4456605
0
822658200
0
0
0
0
0
0
0
55
0
0
1354158840
0
0
21
0
0
0
193739767
0
4388392715
0
6355773840
36
0
0
0
1722404772
55
0
0
10199385
1095611427
36
0
0
6845377462
0
668006075
0
0
3
2674985786
0
0
20830285
1
0
0
0
0
0
0
0
4140818485
67285800
0
15
0
0
0
45
0
0
0
0
2816213689
0
226089480
0
0
0
0
0
0
0
0
0
0
36
3204121281
3
834259125
10
3
36
21
45
0
0
0
0
0
108832881
0
6381505806
4471222285
533452115
0
0
0
1
45
615461067
0
2975251220
0
3
3
0
21
0
0
5967945081
0
0
0
0
4160680976
0
0
21
0
0
0
55
0
0
0
1
45
833279073
0
6
0
0
0
0
0
36
0
0
355417785
0
0
0
0
0
0
0
0
0
791323632
0
6
0
0
0
28
0
0
0
0
0
0
0
0
1
0
0
2343419994
0
15
0
0
0
757636180
0
6
0
21
45
3997029330
0
0
0
4390547723
2557233355
0
0
366649659
0
313588445
6
3278596766
0
0
0
0
3354746906
0
0
0
49905045
0
0
0
4361546458
3830881725
0
0
0
0
0
0
0
0
0
0
0
0
0
0
0
0
0
0
824971887
21
42554925
2389720396
0
0
0
0
45
0
0
0
0
0
45
0
21
3048282204
1
0
0
489109725
36
10
642557455
0
0
0
1452039077
0
0
0
0
0
0
6085857930
0
144066822
10
0
0
36
0
0
3
889512928
0
3711557393
0
0
0
837857577
0
0
0
0
0
0
0
0
0
0
208763958
0
0
36
0
0
45
0
28
0
0
0
28
0
0
482719055
1
66
132934664
66
0
0
0
0
0
3532159215
0
2359261050
28
0
0
0
0
0
10
0
0
0
0
0
0
0
0
4724065756
0
0
0
0
55
0
0
0
0
36
0
0
0
9406953
1885563309
0
0
0
3122988951
21
0
0
0
0
0
511888005
0
0
0
1140723727
0
21
0
0
0
28
0
0
0
0
36
0
0
0
66
0
0
0
0
0
0
0
0
0
0
0
339705135
2047775996
0
0
0
0
873682698
0
2139790050
0
0
0
40154241
6
2508125715
0
45
0
0
0
0
0
0
5672775804
0
66
0
0
0
0
0
0
5717386666
0
197716545
0
0
0
0
416781755
0
0
0
0
0
3094130409
672546149
55572152
0
0
0
0
1065949875
0
0
0
0
0
0
0
0
1684698053
36
0
2608405872
0
0
0
0
0
45
0
0
3
187705000
6503416083
66
0
0
3
0
0
5725302462
0
0
0
679274490
0
4976776962
0
3
0
6
28
0
0
6
0
0
85066445
0
21
1
0
0
0
3106808515
36
0
0
0
15
0
0
0
0
3
0
0
6
0
0
0
0
0
0
0
0
908253507
28
10
2050848984
0
5499749815
0
15
0
0
2026584259
0
0
0
0
0
0
0
0
1937251129
1
829446082
4042218720
1172320803
4705227473
0
0
0
0
1825680923
0
0
0
0
0
0
0
0
2186158590
1
0
6
3197560420
0
0
0
0
66
66
0
0
3176323911
0
3181905606
1200720482
0
66
0
0
192403536
0
0
0
0
45
10
156335402
0
568502319
66
3729499750
1645801872
0
0
0
1
2619685521
0
36
3457135
0
0
0
0
21
0
0
0
0
0
0
3241211796
0
64099502
4961026209
0
0
0
1
28
0
0
6716694698
1989448545
0
0
0
0
15
0
1
0
1
0
0
4384552525
0
0
1043536764
0
36
0
0
0
0
66
0
3
0
0
0
0
4223678074
3
0
0
0
885468400
28
0
1
45
0
0
2782244274
10
0
0
0
2791128245
45
3558346970
0
0
0
5180347512
0
0
0
0
2802870746
0
0
0
0
54941403
0
1622761944
0
0
0
2703293675
0
0
0
28
0
6877005937
0
0
0
0
0
0
1308851851
0
0
0
45
0
3
0
0
21
0
0
45
419297358
0
6036312705
0
0
0
66
0
36
10
0
0
0
45
0
0
5660958744
0
3
0
0
0
0
0
0
0
0
995092945
0
1765516725
0
0
0
0
1
0
0
322872166
0
21
0
5851077510
878957627
0
55
0
0
0
0
0
0
0
0
0
0
34523895
0
0
0
36
0
10920801
4930592490
0
0
377643902
746157744
0
0
1802010533
0
0
0
0
0
9801377
0
45
5810042640
45
0
276324786
0
709646300
0
0
66
0
6
28
0
0
0
0
0
1409778422
0
45
0
5787965391
15
0
0
28
0
0
0
0
3
0
22899528
66
5124616875
0
0
0
400742204
0
0
1719236820
0
0
0
0
0
0
0
5840697195
2298114904
3
0
0
0
0
1
0
6
0
10
0
0
0
0
0
0
0
3053515842
537280589
3915992206
0
0
0
28
0
0
0
15
380893790
0
0
3434174205
0
411773252
0
4663510121
0
21
36
0
0
0
0
0
0
0
0
0
0
265570581
0
0
281259903
0
403067025
0
0
0
2903410467
28
0
0
36
836180062
0
762314566
2746331318
0
0
0
1509453
0
0
36
0
66
0
45
0
0
86652030
0
0
28
0
0
0
0
0
0
0
0
0
0
66
0
3
0
0
0
0
10
3148795
1070155688
0
0
0
45
0
0
967362102
0
0
66
0
20476800
21
0
0
0
0
1327180957
66
0
0
0
0
0
15
1
0
0
1543262325
45
6354082749
0
0
0
0
0
266400893
0
999916819
0
199091032
0
0
0
0
40847241
0
1212510384
1754777633
0
1415252993
45
0
2625551870
0
675667159
0
0
0
0
0
0
0
162964421
0
0
0
0
0
0
49765275
0
36
0
0
0
0
0
160142353
0
28
1767062066
56397510
3
0
0
277572131
0
94139781
0
0
0
0
0
0
543131360
0
1
0
24735061
3
0
0
0
0
0
0
0
36
975914107
0
0
55
0
0
0
2037230190
0
0
343993335
0
10
0
1
0
1357491537
10
0
23974349
5644371810
0
0
62166825
55
45
0
523277410
0
2398508424
2083060779
5504365437
0
55
2254057617
1910763465
0
0
4876818144
0
0
3571012260
0
740990253
0
0
0
0
0
0
0
0
0
0
0
0
0
0
0
3776891292
32542277
0
2097090697
2179155147
0
0
2134559785
4476046399
0
0
0
0
0
0
0
0
0
131276706
1
182643822
0
0
21
0
0
36
0
0
0
0
1
0
642808439
12417636
0
0
279378
6
0
5642671983
0
0
0
0
0
1
0
0
0
28
1161836907
0
2131163535
0
0
50175152
0
0
0
0
0
3928480435
0
0
0
0
0
0
0
14079471
0
15
0
0
0
0
0
0
0
0
0
0
0
5704348221
66
2303731
0
6
0
0
2822371110
0
0
0
0
1
21
0
0
6
0
825215622
0
5168241901
0
3110514456
6281803783
0
991571757
0
21
0
0
0
0
0
6867275349
0
0
147258541
296010946
205284453
1
0
0
0
0
1907735559
10
107128202
0
0
0
0
653646243
0
0
0
22381392
0
99102080
0
0
0
28
0
883996113
0
0
0
2174008820
0
810574695
1
0
0
4486933760
481671
3285159143
0
0
0
3
2409394617
21
0
0
0
3891604708
0
193759455
0
0
299696402
0
0
2916684840
2917983411
28
10
0
0
5035512799
14593503
0
0
1
0
0
0
0
280311993
3
6
0
0
0
0
0
0
0
0
0
0
0
0
0
3986076
0
0
0
0
0
0
0
0
1
45
0
0
10
0
0
0
0
1027336453
0
3
6879468985
1
0
0
0
0
0
0
3
0
0
0
0
0
0
6090713220
2752189326
45
0
0
0
0
45
0
0
0
0
0
0
3153966743
0
0
2039401035
148324473
0
0
1575821724
0
234740278
0
0
62860077
10
0
0
0
159784626
137854710
21
4291501635
234805279
0
0
10
0
0
0
13361865
0
0
1615591740
0
1
0
0
5867748549
0
3
0
0
0
0
1801110165
0
1818738488
0
0
1
0
36
0
0
0
3
6
2842089885
28
28
4320548358
0
1713787779
0
286334405
0
0
63692538
1057785
3236785066
487953179
0
0
0
0
0
0
28
452869557
6510831283
28
3
0
0
0
0
21
0
89157981
0
0
36
0
0
505413320
0
0
0
0
0
2995128
0
0
0
0
6437550201
1
0
0
0
0
0
0
0
15
0
0
0
3199399983
6
0
0
4318038894
746031
0
0
0
0
0
1422124443
0
0
0
6
102495403
0
765480607
36
1334558613
4691946849
66
0
0
0
702281502
0
0
7533020
0
0
0
0
0
10
0
3
0
0
116670450
0
0
897375427
0
0
0
0
2052834822
1
0
0
0
0
66
0
0
0
0
0
0
794708772
0
0
28
76156311
0
0
6
0
0
0
0
0
422430710
0
0
3248381493
28467285
0
0
4639878918
0
784733515
0
0
0
0
3813308094
6
0
0
963758653
0
0
0
421152752
0
0
0
0
1
0
0
0
0
10
0
0
0
28
0
0
0
6
0
0
0
0
1
0
0
0
0
0
0
0
0
0
2213552901
0
5980611
0
6
0
0
0
0
0
10
0
0
45
0
36
0
0
0
0
0
0
45
1
0
0
0
10
245809872
0
55
1
0
0
0
0
0
1
0
0
10
0
36
0
0
0
0
10
403493027
1481230800
0
0
2620047445
0
0
0
0
0
0
958541217
0
317431796
0
21
1418020857
28
0
0
0
0
0
0
1
0
0
0
0
0
0
0
15
0
0
0
21
0
0
0
0
467858754
0
197506
0
0
0
0
0
0
6543393937
0
0
28
39405003
129452095
30988128
0
0
0
0
0
0
0
0
6558732180
0
0
0
10
2896784660
0
0
3458416518
0
0
0
3523171643
0
0
0
0
0
1
3
1308544875
3024903054
0
0
0
0
0
0
0
0
0
0
0
5540517945
0
55
10
0
0
0
0
0
0
0
0
0
1
36
274822280
0
715422050
10
0
0
0
6111701454
0
0
0
0
0
1
0
0
0
0
28
21
66
0
0
0
0
45
0
2735965368
3
0
0
0
3
0
10
10
0
0
0
0
0
0
6
0
3
2592756049
0
0
3
0
3
0
0
48585152
1385353175
0
0
0
0
0
0
0
4262552891
899410075
2718830634
612552500
0
0
493718155
0
28
0
36
45
0
0
6723418725
0
0
1338177505
0
0
313488279
0
0
10
0
28
10
257179857
1115171145
0
0
0
0
0
3
119204520
66
66
66
36
36
45
0
6
0
3270989393
0
0
3
0
0
0
0
0
28
0
1
0
0
15
21
36
0
0
0
4266062244
0
0
0
0
1384142802
0
315946943
0
1
0
0
0
0
0
0
0
0
0
0
55
0
0
0
5616993000
21
419876728
0
0
0
0
0
0
218666322
1
0
3554720393
0
2986524227
36
3299359483
0
0
0
0
0
0
0
0
316047511
0
0
0
0
0
0
6
0
0
0
3
0
0
0
0
0
0
193365942
0
134717905
0
0
0
5707232475
0
0
0
1137859632
0
10
0
0
0
0
351801075
0
0
0
6
1211771832
0
0
1108051322
21
0
1
0
212334528
44325819
0
0
0
1
21
0
1068583307
200490300
0
0
1282635248
1196901173
1
0
0
28
0
0
0
0
0
0
0
1
0
0
0
0
0
0
0
0
0
55
0
45
0
0
1
5954842080
0
0
0
48871441
991936
0
0
55
0
0
0
0
465475815
0
0
0
0
0
0
0
0
993443022
0
10
4296969401
0
0
3
0
0
0
0
0
28
0
0
3132954858
0
6468223146
0
0
0
0
2194431840
0
71730252
10
0
0
0
0
106412166
3030194440
580229124
0
0
0
66
3975421483
0
36
0
0
0
10
1356866368
0
0
4232595
0
42906215
0
0
10
0
0
0
3384958050
0
0
0
0
0
36
0
0
0
0
66
877281325
6336283833
0
2991936680
0
1
0
0
0
0
531918035
0
0
0
76094616
0
0
1
15
0
0
589222946
0
0
21
0
0
0
0
0
0
0
28
121968770
0
3411421255
0
0
0
28
0
36
0
0
0
0
0
0
0
0
28
8256
0
0
0
0
0
1
0
0
66
0
21
0
1
321450690
0
0
0
0
10
2807140046
0
0
0
0
2646681380
0
0
0
0
1957783989
38233139
21
0
0
0
0
0
0
0
0
0
10
0
0
0
1264868953
0
5306405605
0
0
0
0
0
0
0
6
0
0
0
0
0
0
0
0
0
10
0
0
0
0
0
6
0
1
3
0
6
21
0
0
0
0
171152751
0
0
2124313935
6713681571
365432094
0
0
0
1746966467
0
0
0
4806656092
0
0
0
6279674301
0
3303259830
0
6258511194
0
0
0
0
0
940673622
0
0
0
0
28
1083521073
4354544482
0
1708756542
0
0
0
1532115680
0
0
10
3154046155
692013002
4696210119
0
0
6084203139
0
145001935
45034795
0
1073164928
6391677450
0
0
0
0
0
0
0
0
0
0
634481250
0
5367153355
0
1785120870
6886626054
0
0
49895055
0
1
0
0
0
0
2390895804
0
28
45
0
0
4336831223
6
0
45
0
3
0
102152070
0
10
36
792756468
3
36
1077060063
0
0
0
0
3752075206
1554895489
0
2744552888
0
0
45
0
664210127
0
0
0
0
0
0
0
0
1
0
1359159450
0
0
0
840725512
0
0
0
3
553762559
3
3
0
0
52331565
0
6
0
0
0
0
0
0
0
0
0
0
0
121578620
0
0
0
0
0
0
0
0
0
0
0
0
5343350310
0
0
0
0
3243224981
5295902920
0
193818510
0
0
0
36
0
0
0
898095768
10
0
1765873300
0
0
0
0
3708456336
0
0
3917054260
0
4482293200
0
0
1
0
1345118775
0
0
0
28
0
0
0
0
0
0
0
0
30689695
0
0
0
0
0
0
0
21
0
4775820712
0
0
21
0
0
0
0
0
0
0
6
0
0
292856295
0
0
0
0
0
0
0
66
667384835
0
0
0
3840340944
0
0
2699177591
66
6563085110
0
0
0
0
0
0
0
0
0
0
0
4453744955
4097433030
21
0
0
45
1617695612
55
0
0
0
0
0
0
2686774824
0
0
0
0
15
0
10
0
0
0
3
10
0
6
0
488765744
0
10
0
0
0
0
55
0
3
2401279629
0
0
0
36
0
0
0
0
21
1074694338
2937649565
45
66
0
55984070
0
6
0
0
5994960706
0
0
0
0
0
3433014081
0
28
2601909443
0
0
0
3
60516501
0
0
0
10
0
0
0
0
0
0
0
0
0
30697530
0
151406101
2507134260
28
0
0
0
0
0
0
0
0
0
1
0
0
0
0
0
0
0
0
1913298864
0
3
0
0
0
0
0
66
6
4438562816
0
1
71670377
0
3087761810
358303064
0
0
0
1
0
1048980305
0
0
0
2241903
0
0
474212185
0
0
66
0
45
21
0
0
55
0
0
0
0
0
0
0
0
0
5478270756
0
36
0
66
0
0
0
0
0
0
0
0
0
0
0
0
3
6053135361
0
0
2232222300
470309114
5095703583
0
0
0
66
4108575255
66
0
0
0
0
0
0
0
0
4628518736
0
0
10
10
1
1
1059173322
47292675
0
957578200
10
2359879344
0
0
0
0
0
0
1
0
0
45
0
0
344780660
0
0
0
1
15
673500050
0
0
1429921500
421762445
0
0
0
0
1
0
0
0
1688356967
0
0
1
0
0
0
0
1468684500
0
28
0
45
0
0
5227684560
0
0
0
1
0
0
36
66
6200135001
0
0
15
3282160700
0
45979254
0
0
0
66
5015461899
0
276042746
0
0
0
6
0
0
0
2270537542
0
0
0
726510020
0
0
1
0
0
0
0
0
0
0
0
0
0
36
10
0
0
0
0
0
0
0
36
0
0
0
0
162735
0
66
0
0
0
0
0
0
0
0
0
15
0
4146007309
6
940066477
0
5811444079
0
3
19854450
0
0
3327688980
0
0
0
0
0
0
1
0
0
1
0
0
0
8729930
0
28
0
24753
0
0
0
0
0
0
0
0
1
0
0
3
0
4948781775
0
0
0
18153325
0
0
0
4441201360
66
0
0
0
0
0
0
0
0
2442480772
0
0
0
0
0
0
0
3
0
0
10
0
36
3
0
0
0
0
0
21
0
0
0
0
21
0
0
0
0
0
0
0
316978421
0
45
0
63907165
0
0
0
0
0
0
0
0
0
0
0
0
0
0
0
45
0
0
0
0
0
0
0
6
1
98694224
0
0
0
0
0
0
0
0
0
6
3135725983
45
0
0
0
66
2227147134
1269047007
0
0
0
3
0
0
45
2303134509
0
0
0
0
0
21
28
0
0
3
0
3
0
0
0
1148810208
0
0
0
320462576
0
0
55
0
55
0
36
0
45
0
0
0
0
2609272644
66
1398596688
3453345161
0
1769202849
0
4565713406
2312714019
21
0
0
0
0
0
0
0
0
869590935
0
0
0
0
0
0
0
0
0
0
36
0
10
0
0
0
0
0
0
0
0
0
0
66
0
0
46672291
0
0
0
0
0
283589010
0
0
0
1839787460
3296354565
55
0
0
55
0
1
0
2897926479
0
2197656
5529785964
0
0
0
0
0
0
1
0
0
0
0
0
0
0
891792018
0
45
0
0
0
21
0
0
0
0
0
268667790
3
0
0
282138129
0
0
868757083
13926002
1
0
10
5835726550
0
0
1594741022
3425808880
0
0
21
0
0
0
0
201332211
0
0
5766144900
0
1
0
0
1
0
0
0
9498260
0
2922951075
0
0
0
0
0
6
0
2875056525
45
45
0
0
0
28
45
324602460
320411955
10
0
0
599047170
3513776355
0
0
0
0
1793735432
0
0
1397856354
15621255
10
3415635205
10
0
0
0
0
0
0
0
0
55
0
0
0
3
0
0
0
3
66
0
0
561376257
0
0
0
0
0
0
28
0
0
0
0
28
0
10
21
6
0
0
0
28
0
0
0
0
8838910
11316903
0
4330221370
0
45
6
0
0
36
0
3386356946
0
0
0
0
1
0
0
0
431665638
3638684768
0
1
0
0
6
0
28
0
36
0
0
0
1
0
1
3062744209
1590282585
0
0
0
0
0
0
6388525
0
0
3
0
2682378380
0
0
0
0
907827352
28
0
0
3113760
0
3219509636
0
0
0
0
10
6
0
1
0
0
0
0
66
1
0
0
55
0
45
0
0
0
0
0
0
3263390856
702281488
0
0
3538718083
10
0
0
0
2539100685
0
0
1448969007
0
0
0
6462651139
0
0
0
0
0
0
0
438390854
0
0
28
0
0
10
0
1
0
791005419
0
173324270
0
0
0
0
1
0
0
0
0
0
0
0
0
0
3
21
55
0
36
0
1106122067
1137430357
0
28
0
0
0
1
0
0
0
0
0
0
1379726712
1
20457606
0
0
0
3
0
1249375050
0
21
5859518319
0
5300226295
4030358850
0
21
16430778
1944727785
0
0
0
1220896399
66
3
10
0
0
0
0
0
1
0
4608623993
5044749645
0
0
0
0
5279757375
0
0
0
36
242143021
30634878
15
0
0
0
10
0
0
1533721417
3751209026
150277116
0
0
21
0
0
0
0
181060932
0
0
0
0
0
0
145189320
0
5611800645
15
0
126699315
0
0
0
0
0
900300940
0
0
1
0
0
247631379
0
45
36829652
21
0
28754736
0
36
0
0
0
0
3064074867
0
0
0
0
0
0
1
6
0
0
0
5295182550
0
28
449475152
0
0
5812522245
0
0
45
5820611499
200150025
0
0
3358106118
0
0
0
0
2576650785
199091035
3763952456
10
0
0
0
0
0
0
0
0
0
0
45
0
0
0
0
0
28
0
0
0
0
6278777785
5693565339
0
66
0
6
45
0
0
1
3
6184999765
0
0
6064693845
0
0
0
0
0
0
0
3
0
0
0
0
0
0
1
2660231175
0
0
6806586084
0
0
0
895173807
0
0
0
15
366649659
0
1988502495
0
0
1363751422
0
0
0
0
1008341775
0
571777821
0
0
1547264978
0
0
0
0
0
0
600051400
134504600
211943163
0
3187572045
0
10
0
0
1520513082
0
0
0
0
0
0
0
0
0
0
0
0
45
45
0
528954074
0
0
6119774962
0
3
0
3970875241
0
2913630580
0
0
0
0
0
0
45
0
0
0
3481826031
0
0
10
60472502
557796699
66
3
242407170
0
0
0
0
6
4200548632
36
811098205
0
0
0
0
0
0
6646641401
10
0
0
0
45
0
54868047
0
0
0
0
0
15
0
0
0
0
0
6
0
0
0
0
0
66
70229025
0
36
231264761
0
0
0
3
0
0
0
0
0
0
0
0
6
0
0
0
2350202484
4664572550
1604016474
0
0
0
0
1174161567
0
21
0
0
0
66
0
0
0
1
0
0
278373804
0
3
10
0
341035785
0
618446864
0
0
0
66
0
0
0
0
0
0
0
235759752
0
0
0
0
0
0
0
1775037147
0
3136834776
0
0
0
0
0
0
0
28
795267006
0
110937960
204353436
0
0
45
0
0
262079065
45
0
0
0
21
0
0
0
0
0
0
0
1891647750
0
189005400
0
55
0
0
0
2621857481
0
0
0
0
0
0
2109088842
21
0
0
0
0
2481425122
0
45
0
0
251990022
0
170949295
0
66
45
1
21
0
619854444
36
0
0
36
45
10
0
66
0
10
0
0
184617720
558097324
0
0
0
0
0
3765774675
0
331363895
45
2183712735
0
0
0
0
0
36
0
6
0
1
193131
45
2144175334
0
4630443233
0
0
0
0
0
0
0
0
0
0
0
0
3205562405
0
45
66
28
36
45
0
0
0
0
0
5886504690
0
0
0
66
0
3916611750
1135142100
492367889
0
5272772041
0
0
36
0
121875078
36
231114249
0
0
0
501795345
0
0
0
0
45
0
963846444
0
21
284280080
912477837
0
0
687889685
0
0
0
0
0
2088938530
3
0
0
0
365513202
0
0
0
0
0
0
62848866
0
0
45
0
6
0
1900145445
0
0
3
0
0
1
3015265960
0
0
15
0
0
0
0
28
2155781917
0
0
0
0
0
0
5499854715
0
0
0
0
0
0
0
0
0
0
1216009267
1657353945
198114462
0
0
0
1296957912
161289779
0
21
0
0
0
6238277406
55
586993695
0
6
0
0
0
0
808804087
0
0
1116635632
0
0
0
0
21
0
0
45
6
0
3751035760
0
10
0
0
766263357
3
355497770
210771246
0
6369987690
0
0
0
0
0
6267128901
0
241703091
0
10
0
0
0
0
0
66
0
0
21
1051317557
0
45
10
0
0
0
0
1074647974
0
0
0
0
0
3
0
0
0
0
0
1
2813137526
0
2287348030
0
0
0
0
10
21
0
0
183083680
10
0
3
0
0
0
0
4707750025
0
0
0
0
0
0
0
0
0
36
0
0
0
333039326
15
1
0
0
0
0
0
1
3221991
4285019004
0
0
0
2343146190
21
0
0
0
0
0
0
0
0
45
0
0
6
55
3
0
0
0
0
0
0
0
0
5082487386
0
1202387238
0
5195423014
1097156743
0
0
0
0
0
1378886352
0
0
3
0
0
38583719
0
0
0
2191584079
3
66
0
6010081021
1
5636405985
598320507
0
45
55
0
0
0
5814139650
0
0
0
0
454827870
0
0
0
0
0
0
66
0
0
0
0
3472069436
2755454720
0
0
0
0
0
0
0
0
66
36
0
1
0
0
448007210
0
0
2987219829
0
0
0
66
0
0
0
66
0
10
0
0
0
0
0
0
448037135
0
1612069365
155961
0
1
57122016
0
0
0
9088715
0
0
3
0
10
0
0
0
0
2803694393
0
540760920
0
0
0
0
0
1127863759
113138402
0
0
0
0
1182073750
0
6
0
0
2563100967
66
0
0
0
0
0
0
5756162115
0
1965989829
5222573256
0
0
0
0
0
0
0
0
0
0
0
0
0
0
21
3499874270
0
0
0
34982429
66
28
36
0
0
0
0
36
0
0
0
0
97057277
0
0
0
0
293485878
282613425
28
55
0
0
0
0
1522830075
0
0
0
1
0
0
1
6
0
0
0
0
0
0
0
3
10
0
88305405
45
0
0
3159846746
6
0
0
0
0
0
0
4391109986
28
0
759934602
0
45
0
0
0
0
0
7233306
725900252
66
74157931
36
100576
0
0
0
0
1792477869
0
15
0
0
28
0
0
4753953750
0
6399594366
28497475
3
0
0
0
5699222421
0
10
0
0
10
0
0
0
90632916
0
6321770280
28
0
0
11968277
69037125
1537046287
0
0
0
10
10
0
0
0
0
0
3547472751
3
66
0
0
2989616439
0
3
0
0
2297775939
0
0
0
0
0
0
0
0
0
45
874393456
0
0
0
0
0
0
0
1200034542
0
0
1996898800
100576
0
0
0
0
0
0
0
6
15
36
0
28
0
0
55
0
4191021636
1
0
0
0
0
0
0
0
45
0
0
0
3
20349010
4725135012
66
0
5341903137
3
0
0
0
207030723
0
2731972311
0
0
10
0
0
0
0
28016354
0
0
0
0
36
0
0
0
10
0
28
0
0
0
0
0
0
0
0
1
5235970212
0
31145778
0
0
6
0
0
0
0
0
0
0
0
6431991445
0
0
0
0
0
15
0
3974975688
0
0
0
0
0
4257660760
0
0
0
0
66
3
0
0
0
2740997810
0
0
0
0
0
0
0
0
0
0
3496361208
1450422842
0
6
0
6196794735
1202485314
0
0
0
396957561
1403731577
21
0
1
0
0
0
0
0
0
15
0
0
0
0
0
0
0
36
0
6
0
0
0
0
0
3
0
66
15
2825602715
0
0
385378203
0
0
66
0
36
0
3
3806237580
0
5666660
0
4894215480
0
0
45
0
0
0
0
4978872330
0
0
0
0
0
0
0
1384142802
0
0
3
6
0
0
3281755610
0
0
0
0
0
0
10
10
2876194080
1438866187
0
0
0
0
0
45
3438753
0
36
5398176399
3
0
0
1
0
0
0
0
1129431622
0
0
0
3
0
3
5655958837
247297670
0
363542120
0
72836409
0
0
66
0
21
0
0
4371639210
0
0
0
0
446985
0
0
0
1
0
0
21
0
0
4252218069
0
6
1083753843
1473837775
0
0
6246657606
296010936
0
0
0
2832522975
0
0
0
0
0
152382150
0
0
3
0
10
17937054
0
0
21
0
45
0
0
0
0
0
0
0
0
0
99609552
0
0
6
66
0
3
10
0
316550540
0
0
0
0
0
0
2715218571
1
460546074
1
4507798680
419586993
0
0
0
0
0
0
0
0
0
10
0
0
3
1
45
0
0
0
0
883701799
485893550
853650519
21
0
830260865
0
0
0
45
1
0
0
0
10
3
0
0
0
0
0
0
21
0
0
0
0
0
0
0
2157292449
0
0
0
0
0
0
28
28
1936504225
56280745
1
0
10
0
5563173355
0
0
0
66
1
0
0
0
686295673
0
0
0
15
0
0
66
336195405
0
0
28
303182990
0
0
21717344
0
0
754447569
0
0
0
0
0
1
0
0
66
0
0
0
0
10
0
967450072
0
28
0
3
0
277784235
0
0
0
80270784
0
0
0
0
36
2896099643
0
994245525
2594844774
0
0
10
0
0
2355484530
0
0
0
0
4111385815
0
0
0
0
0
21
0
0
0
0
0
0
0
256749130
219629355
0
0
6
0
0
0
0
0
0
81888003
2558020095
0
3
5215013062
0
1420951392
0
393836130
0
0
0
0
188985960
0
0
6
0
0
0
0
0
0
677322394
21
0
0
1403413707
66
0
0
4931089050
0
45
0
0
0
0
0
0
0
1
0
0
0
28
53029550
0
0
0
0
2380879509
0
12382776
0
0
603833373
0
0
0
0
0
0
0
0
0
0
0
0
487578
0
0
6
0
1516214750
21
0
0
0
0
0
3
0
0
0
0
0
0
0
0
0
0
28
720272014
0
0
3
0
0
0
6
0
3
36
36
782397882
0
0
1
0
0
3
0
0
0
0
0
0
0
0
0
3
26626752
1464676623
0
0
0
45
0
1753829919
0
0
0
0
28
36
0
0
21
169473252
0
0
6
0
326030879
21
0
0
0
0
0
0
0
3
0
0
2365584900
408451056
0
0
0
0
0
0
0
0
115984062
1
0
0
0
0
0
4186079195
28
0
0
0
0
0
0
1606736300
82080077
4812933150
1
0
0
0
0
4766443021
0
0
0
36
0
0
0
0
0
0
0
9415630
0
0
0
0
0
858989055
5173326555
3604641733
0
0
0
0
0
0
1208967350
2121642334
0
0
0
0
13590291
0
0
192933545
0
0
0
0
3
0
0
0
0
0
0
0
0
4255903
0
0
0
0
21
0
0
0
66
1048613907
0
0
0
5656566
0
0
4535090682
10
1
646075416
0
3599888481
0
0
0
0
0
0
0
90202596
0
507991874
0
0
0
0
0
0
0
535806479
5260969131
0
0
0
0
433931069
0
0
11028556
0
492901502
0
0
0
0
0
0
0
0
0
0
0
0
21
0
0
0
1538654595
10
0
0
3536278830
3
45
581660777
0
0
6434260035
1370339773
0
0
10
6
0
0
0
0
0
36
0
1035875883
45
1
0
0
0
0
0
0
0
2508338200
0
0
1001572125
0
0
0
0
1269752406
0
0
738028989
0
0
0
0
0
0
0
0
0
6
3377556945
10
181422673
0
0
0
0
0
0
66
3673144860
0
1
0
0
0
0
0
0
561342750
0
21
0
0
0
0
20720703
0
0
0
715838202
0
0
0
0
0
0
0
651839650
1
6
2718461970
0
0
0
0
0
5059727244
0
0
28
0
2989461816
932666434
0
1399760502
0
0
0
0
0
0
0
0
693203994
2702852490
55
0
0
0
0
0
1
0
0
6804602745
548483739
998709775
642951849
0
0
1167338693
0
1508789750
0
0
830953746
0
0
0
0
0
0
0
45
0
0
163271485
0
0
28
0
0
0
0
0
0
0
0
282565875
3
1
0
2945473118
0
0
0
0
0
0
0
0
0
0
0
0
3
0
0
404203528
66
0
2202057045
0
0
3374763069
0
21
10
66
5086823635
3059692615
0
0
0
0
0
206562975
0
442427110
36
325852146
0
1153656592
1
0
312062643
3391710
0
0
0
6444700701
0
0
28
0
0
0
138486402
1151880000
6
0
66
0
1
0
3783586545
0
0
0
2504797995
685073599
21
0
0
0
0
0
0
665121613
0
0
45
0
1011757633
0
0
1
0
0
0
0
5426059006
0
0
0
0
6122319795
0
3
0
0
2996270156
0
3148409618
0
14271153
6253030299
0
0
632381245
45
1
102509721
0
0
0
10
0
0
0
0
0
5706377799
0
0
6
0
1412009508
3
0
6850550
0
496455784
36
0
3265168445
0
3299197020
0
0
0
0
0
0
0
0
0
6
0
0
5110352208
0
0
0
0
55
0
0
0
0
28
0
652778775
0
10
0
2514007680
0
0
0
0
0
3669717275
0
0
4912535836
214711003
0
0
0
8272278
3745840690
0
0
0
0
0
0
0
0
0
0
0
0
0
0
0
45
0
0
0
0
0
0
3
0
0
0
66
64803419
0
1
0
0
0
1644941375
21
0
0
333478225
0
0
55
951766620
0
0
6
3
0
0
0
0
0
0
896994187
0
0
28
0
0
0
6118668687
0
0
36
4933870080
66
57743631
0
0
0
0
0
0
0
0
0
0
0
0
0
2590380243
0
0
0
0
1479979187
1245678720
0
30823026
8211377
0
2345200305
1225545783
3
0
0
369824805
0
0
3912541525
66
0
2119558350
0
0
0
0
2301709440
0
2954767473
28
0
0
0
0
0
1495142583
10
0
0
28
0
0
0
10
0
0
0
0
0
0
0
1
0
0
0
0
1049300940
2231086564
0
288276063
0
0
0
0
2999754686
799700007
0
0
926543625
0
10
0
4888083339
0
0
0
6
2389236465
1029014292
0
0
0
66
0
0
66
3713797791
14010571
0
1
0
0
66
0
1
0
0
0
0
2765113785
3108306399
0
0
0
1
45
0
0
28
182815880
0
0
55
0
0
0
0
0
0
0
0
0
0
65373895
0
0
0
5338699401
24967710
0
0
0
0
151702068
5581542295
28
0
0
0
9071669
6375745437
0
260707195
0
0
0
0
0
0
0
0
0
1
896274270
13392900
0
0
0
3977205063
0
0
0
28
45
10
0
0
51323646
45
3255881850
0
0
0
28
478255107
0
3
1
0
0
0
0
0
0
0
436763787
107655800
0
0
0
262170641
3874156255
0
0
36
0
0
0
0
0
0
0
28
1348180698
26277625
0
0
66
36
0
0
0
2572488850
0
0
4058329257
0
809769631
0
3753548001
0
0
0
0
0
183447429
0
0
0
0
0
0
0
0
0
0
3
0
66
0
0
0
0
0
0
0
0
0
0
0
1
0
0
0
0
0
0
0
4092093766
1
10
0
0
0
0
45
0
0
0
0
0
0
0
2413978380
0
0
0
0
0
0
3919355901
6321657858
0
3
0
0
0
2628668768
0
0
0
0
312387510
0
0
0
2398300647
0
3353354555
6
0
45
0
0
0
0
0
0
0
0
0
0
0
0
0
0
0
0
0
10
0
0
0
0
36
28
0
1
405626402
0
3
0
0
0
1
0
1155626847
0
864760057
0
21
0
0
1
0
0
0
0
0
0
6640301595
0
0
0
0
4554349025
0
0
1164827496
28
0
491395554
0
182280868
0
0
0
3
2922153
0
66
0
0
0
0
21
1
0
570223334
6
0
0
1360306717
1
0
0
0
63873252
63151941
0
0
0
0
0
0
0
155961
0
28
66
21
0
166467380
0
28
0
3
0
0
45
0
0
0
550240550
0
1284864750
0
0
28
0
0
10
1
0
0
2797706975
36
0
0
0
0
66
0
0
0
0
4250650482
0
0
3
0
0
21
10
0
0
0
0
0
0
0
0
6
0
0
0
0
10
0
15
0
8341569
0
45
0
0
0
0
0
0
0
2685748659
10
0
0
481104687
0
0
0
0
2422114764
0
0
0
0
0
0
0
1
0
0
0
45
0
0
0
0
1
0
0
66
10
0
45
0
0
0
0
0
0
1796431742
66
761221668
0
0
0
0
2009621467
5252253720
0
0
0
0
0
0
0
21
5153408937
0
0
0
0
10
0
0
0
0
0
0
880173940
3861491095
0
10
0
3313020690
0
6021927574
0
36
36
2319860634
0
0
236346410
0
0
45
0
0
527134214
0
0
0
0
0
0
0
0
45
0
0
21
3140162366
0
0
6708120651
0
0
609057350
0
0
2062393164
0
0
0
0
0
0
2567685255
0
0
28
0
55762079
0
0
0
0
327590406
822009310
0
0
0
0
242803660
0
0
0
36
1
28
0
0
0
378083748
0
0
0
0
1109558275
0
995316033
158073087
0
0
21
1120940211
0
8868366
21
0
0
0
0
6364006905
0
0
0
0
66
0
0
10
0
0
0
5172004299
0
0
6
0
3496779350
0
0
921299272
0
0
0
0
0
0
0
0
3303015993
0
0
0
0
0
0
0
0
6
0
0
0
0
0
0
10
0
6222314724
0
0
0
0
0
613252730
3042350974
44873601
0
0
599739660
3831144300
0
0
0
0
0
0
0
0
1476934069
2743145405
0
0
37320480
28
0
0
0
0
4275304194
5473038331
0
0
31478145
548417520
66787902
0
0
0
0
0
0
0
0
0
0
0
6
0
0
0
0
6132393586
21
0
831524569
36
0
0
0
45
2672426358
0
0
0
0
0
0
0
8215431
0
0
0
3
21
0
0
3
15
0
0
0
0
0
0
2921651451
0
0
0
0
0
0
5520325230
0
0
0
0
0
0
0
0
0
356912400
1
0
5349658158
0
0
0
0
0
0
0
0
0
929473167
0
0
0
0
0
0
1
0
3
0
0
0
0
0
0
0
0
0
36
0
0
0
0
0
3
0
6774538145
10
0
297741003
0
36
0
1033692243
988145737
0
0
0
0
0
0
0
0
0
0
10
0
0
0
0
0
3761523435
0
0
0
6
0
21
0
0
0
0
1881083088
0
4096256283
0
0
10
0
0
0
4784425044
0
6713913326
0
0
28
6
0
0
0
3340591146
0
0
0
0
0
799780012
0
0
2920122821
0
0
55
0
0
10
2422045179
1220945817
0
6
0
316374425
0
28
1
0
0
36
0
0
0
0
45
0
17781665
2829738799
21
0
55
5163261345
0
0
0
0
6573629725
370750055
0
0
0
0
0
0
6
0
0
0
0
0
0
6
0
1429761060
0
0
0
153063756
0
4260337257
0
0
0
0
284733306
0
0
0
1000900896
78757524
0
0
0
0
6
6
0
0
0
21
4227906935
0
0
0
0
0
0
4375380264
21
0
0
0
0
0
0
0
0
36
0
0
0
5184928962
4616307686
21
0
0
0
0
0
0
0
0
0
0
0
0
0
0
0
0
0
0
6
0
0
174798250
0
0
3
1
898350077
0
0
1
21
534236327
0
21
488922084
0
0
0
0
6160333435
0
0
3
0
0
21
0
0
0
0
0
0
0
0
0
0
0
0
3946672554
0
0
4343539355
10
891411973
0
0
0
0
0
0
3339855540
0
0
0
1014278259
58628206
0
0
0
15
0
3625218630
0
0
3298953368
0
0
0
0
433636525
5990800464
0
1109087238
0
0
1378256225
55
0
0
0
3650295810
0
0
0
0
55
0
0
0
0
0
0
0
0
0
0
0
4832968704
1
45
0
147601971
0
0
0
21
0
0
0
66
0
0
45
0
0
0
10
0
0
0
0
0
0
0
0
130080385
0
21
0
0
639478182
111698930
0
0
646686665
0
0
0
45
0
0
3918205011
6
3382572330
0
0
53122277
0
0
0
0
0
0
0
0
0
0
0
0
2637740000
0
0
10
6
0
0
28
24706934
0
0
2581318998
2236968818
66
0
0
0
1585042046
0
21
0
0
0
0
314821
0
0
0
0
4021026982
5849563158
6826435369
0
0
1
0
0
1961227129
3
10
0
36
0
0
6
0
0
0
0
55
336688275
0
0
0
0
1563663000
0
0
0
102567003
21
0
0
0
0
1723637535
0
0
3
0
0
0
0
0
0
0
0
0
0
0
2353700349
3
0
0
0
21
1653038745
0
66
0
4241895757
36
3718280685
45
0
0
0
1
2406549370
5230036609
4376315735
0
0
0
55
0
3392861455
0
0
0
0
0
0
0
0
0
0
0
0
0
0
28
3
0
0
15
0
0
2333435449
1259191808
0
0
0
0
6043236825
2412449955
21
0
0
1890786729
0
5525054574
278255845
0
0
6
3604811585
136380870
0
0
168847876
0
0
6
0
0
0
2839828538
0
0
0
0
1
3
0
0
0
2290325004
10
30416100
0
0
0
0
0
0
0
0
4421431611
0
0
0
0
1671547262
0
0
0
28
36
0
1
0
6
0
125698439
0
0
6
0
892256636
0
0
0
0
5090556306
0
10
0
0
0
21
3719919375
0
0
0
6074940585
0
158375502
0
3
749754725
36
0
0
0
0
66
0
0
189530712
0
1439509993
36
40919580
0
45
3
0
3839201741
0
0
6210495480
6
36
28
0
0
0
0
28331628
0
0
0
0
0
3
3032841893
10
0
0
2171569743
329769721
0
0
0
0
0
5489476535
0
0
0
0
0
0
0
3074730535
0
0
0
0
0
0
1222923237
0
0
0
0
0
1
0
0
10
0
66
0
0
0
21
0
0
21
6
1286030964
0
0
1557461763
0
0
0
3635556
0
0
0
3
0
0
3
0
0
0
36
0
0
0
45
0
0
0
0
0
3
10
0
0
0
0
549278919
4261168031
0
0
0
0
0
0
6677461200
0
0
0
4128905573
84909996
0
140943654
45
0
0
0
0
119993286
0
0
0
1874770755
0
0
0
6765681
558799144
55
0
0
0
0
0
2124053247
0
36
45
0
0
1
0
0
856048732
1
36
0
6
0
0
10
677911428
10
0
0
0
0
0
0
0
0
0
0
2342940821
0
55
0
0
10
6608533040
0
0
0
21
0
0
1191232427
0
0
2044321617
0
0
3
0
0
4494610245
66
2215882285
36
0
36
0
6597386091
0
0
426655863
5701785033
46807650
2881429731
0
0
0
0
0
21
3557419039
0
0
0
6098662395
4134359723
2978646326
0
45
0
941324352
0
0
227132641
3
0
0
0
0
5695272835
2831017845
0
0
0
21
55
0
0
0
3
0
0
66
14448000
0
1020593589
5475654231
0
0
0
2263332804
66
0
0
0
0
0
0
15
0
0
0
1767240416
0
0
3560446
0
2502604372
0
0
0
55
0
1170142873
6
10
351562385
0
21
0
0
0
0
10
66
0
0
0
0
0
10
0
6
1281825025
4612176918
0
0
0
0
45
0
0
0
13356695
5750262375
0
0
0
0
0
0
0
0
1227180108
28
0
0
6
0
1519245000
0
0
0
0
3618069609
0
15
0
2432705592
0
0
0
2530983350
45
0
0
0
0
0
0
0
1396904793
0
0
309071953
0
53163515
36
0
0
66
0
0
0
6
10
0
6
3
455793527
0
66
0
0
0
0
219587440
21
0
45
0
6
0
0
28
0
0
0
0
0
0
0
2137827930
66
0
3
0
0
1666520750
0
0
6
10
0
0
3799435161
0
45
0
0
0
21
0
0
0
433607061
0
6600258116
0
0
45
0
0
0
0
0
0
0
0
0
4528997530
3
6
45
0
0
0
151423503
0
0
4615635105
0
0
0
0
0
45
36
920698413
0
0
28
0
66
1
2783437956
0
0
0
0
0
0
0
0
0
0
0
10
0
5468122110
1407003
0
0
0
0
21
0
0
0
779157547
0
0
2228081629
0
66
0
0
66
0
0
0
0
52864902
0
0
0
0
3867293416
0
0
1869508372
45
0
0
0
154572153
0
0
0
0
0
0
0
0
0
36
0
0
0
0
0
156547662
0
2098515710
0
0
0
0
0
0
28
0
6
0
0
0
3
0
15
661443005
0
0
0
3305454742
0
0
0
0
6217630296
21
0
0
0
0
2705058671
43165986
0
1150680375
0
0
1612977975
0
0
1191134833
0
0
3162152530
0
0
0
10
0
0
0
0
0
0
0
0
0
0
0
0
0
0
0
0
346647605
0
0
0
45
0
55
0
1
0
0
2378120085
15
0
0
0
36
45
0
0
3884021271
21
21
0
0
1288415675
0
0
0
0
66
36
6
0
0
0
45
2956920341
45
0
0
0
0
0
0
612517499
0
2256206719
0
690562845
2184902439
0
0
236476872
0
66
0
6
743726007
0
10
424526081
0
0
3509837426
3586748546
6
0
66
0
0
0
5515597890
0
0
0
91185760
0
6372019560
0
0
0
0
45
1
1040660628
0
0
2603208084
45
1
10
0
0
0
66
0
0
28
10
0
0
0
0
0
0
231931947
0
481671
21
0
0
293607028
578255025
0
610803675
0
0
194843667
0
0
0
0
0
0
6290773962
0
0
10
0
0
0
0
6339323634
0
0
0
0
0
2707192143
0
348545993
394790949
0
36
0
0
0
3
0
174219105
0
36
0
0
0
0
0
0
0
0
0
0
0
0
0
0
0
0
0
3286375083
25938002
4094446257
264465491
1
3740562726
0
0
36
0
0
0
0
0
66
3
0
510225519
0
0
3130817970
0
55
0
0
0
0
0
0
38724399
0
0
0
0
3352208104
53556075
1717829777
0
775372489
0
0
0
0
0
0
504269402
0
228349135
0
0
4515207851
1
0
1055632311
0
6
657013124
0
0
1950719485
4890852187
0
1017433474
0
0
0
0
0
302862966
0
0
573402179
0
0
106835647
0
5613072036
3
0
1413178863
0
3677088636
0
422285390
0
0
3428706635
0
0
0
0
0
0
0
0
0
2668260816
0
0
36
0
0
0
3560118761
0
155100075
0
0
0
0
0
0
6
58163505
36
11026
0
3
0
0
0
0
842818093
0
219524581
0
0
0
55
0
0
21
66857266
364675520
0
0
0
0
0
0
2546874129
15133251
4125725658
0
0
0
0
0
1292174838
32857670
36
0
21
0
0
0
0
0
0
0
10
45
0
3722076050
565438005
0
0
3520821610
0
1206559098
10
3
36
0
0
0
0
0
21
3190527011
0
0
0
0
0
0
0
0
0
0
0
0
0
0
0
0
0
28
320918435
223692966
0
0
0
36
0
0
0
0
1
0
0
10
45
0
0
45
0
1
0
0
0
2197546654
70027695
0
0
0
0
0
0
0
0
0
0
45
21
10
0
0
0
1
261438405
0
0
6
0
1
0
3
0
0
0
0
0
0
0
6552319995
0
0
19778904
0
0
1370863313
1421911125
45
3
520402170
0
0
0
332420220
0
0
0
0
0
3
0
0
1
3988629225
0
0
6
0
5782264425
0
4853932590
0
3811561660
0
207132478
0
1169030478
0
0
0
0
1883046386
0
0
0
0
0
0
0
0
0
0
1535605068
45
4427828405
1748148857
0
0
0
6
45
0
0
0
0
0
0
0
0
0
0
28
0
33215324
36
0
0
0
0
0
0
0
0
6
519595965
1
0
0
10
0
0
0
0
0
0
0
0
0
0
0
0
0
0
0
0
0
15
4906278
0
36
0
0
1
0
0
0
0
0
0
1
0
0
0
0
1
9437340
174929160
0
28
776869650
0
0
0
0
66
0
351085250
0
0
0
0
0
66
0
4684587560
0
0
0
448306595
250309115
0
66
3
0
0
0
0
0
235499253
0
0
0
3706992450
2002463934
0
0
152504380
3
0
0
0
0
0
0
0
0
0
0
3014740
1
0
1
3
1403307750
0
10
0
21
0
0
0
0
0
0
154712845
0
0
0
1141344725
0
0
0
0
66
0
0
0
36
66
0
0
0
0
0
0
0
0
0
6
1
2259768372
947147523
0
36
257066465
3
0
0
0
465109729
0
0
0
21
0
547722252
36
0
0
532831687
0
2458722740
0
1878507859
129275160
696633800
0
0
0
134471799
0
0
0
0
3
66
0
0
0
0
0
0
0
0
0
0
49975003
0
0
0
0
10
0
0
6
0
0
0
806633674
10
0
0
66
66
0
0
0
5280168421
0
0
0
0
1
0
21
1876914540
0
0
0
0
28868601
2739443154
0
0
0
0
0
0
232190475
1
0
55
0
0
55
1
0
2114547990
0
36
1101799150
0
0
0
3
0
0
36
0
0
0
0
0
66
1615080167
0
1551607065
0
0
66
0
0
28
36
0
66
0
0
537083924
0
0
108258255
0
66
0
28
4590304992
0
0
66
0
298204831
0
0
0
0
0
0
0
0
10
32631081
569716884
28
0
0
6
0
0
0
0
0
0
0
0
0
0
0
0
276207256
0
0
3
0
0
0
6357239616
218540865
0
0
1
0
0
0
0
0
0
0
0
0
0
3551601330
0
0
0
1209655888
0
3
25365003
0
36
3
0
0
423215856
0
0
0
421443013
3616198436
0
0
3793074306
21
0
0
21
1202975772
0
826882108
912691429
0
0
4271975906
0
0
66
0
776593752
0
4359211857
10
0
0
0
0
0
0
0
265017753
470094452
0
0
0
0
15
0
0
0
4358184786
1684465897
85392846
346542301
0
1
0
0
10
0
66
0
3391296536
3864040050
5482982076
0
0
0
1
66
0
3832807636
0
0
10
0
0
0
0
53307974
21
21
0
0
0
0
81824028
0
66
0
0
0
0
0
0
0
0
0
15
13889085
0
0
0
0
55
1
1
45
0
0
0
298009491
0
0
66
4240422141
0
0
0
0
2945933651
0
0
0
0
21
66
0
3
0
66
0
0
0
0
685591934
0
0
0
478162349
6
36
6
0
21
0
0
1
66
0
2361116093
5811983139
866299479
1381197951
0
1
0
0
0
0
170099790
0
0
0
0
6434486895
0
6653214926
0
0
0
0
0
0
0
0
0
0
2366685564
0
0
3
6652407476
0
3544777872
0
0
0
0
0
0
2393109147
0
0
0
0
0
0
0
0
0
0
322643503
0
10
1588534789
0
0
0
0
14843075
0
10
0
858491763
0
0
0
5131604733
0
0
0
0
0
21
0
28
0
1328469282
0
0
0
0
0
0
14615121
0
0
21
0
0
66
0
1529515083
6295598089
0
0
1
0
0
0
0
6
0
0
0
6818725744
0
28
21
0
0
709608625
0
0
497559264
0
0
0
45
0
0
0
0
1
0
0
6771744821
66
0
0
0
124812099
0
0
28
0
6
0
0
0
6
0
5371298436
0
28
0
0
0
0
0
0
0
0
66
0
0
0
0
0
0
0
28
0
0
45
5942298591
0
0
594797274
0
45
0
0
66
0
0
639049124
0
0
21
0
0
3728549825
0
594245565
0
4089651559
0
0
0
0
0
0
4480210449
28
6
0
0
0
3854376055
0
3
0
3622579476
0
0
0
77893921
66
2908670820
0
15
0
0
3011151585
0
0
6
0
45
6796322512
0
0
0
0
0
0
0
0
0
0
0
3
0
0
0
0
146487286
0
0
0
0
197279316
0
0
0
0
3
28
871092920
0
0
0
0
6
937683162
0
0
0
0
37061744
0
0
0
6
0
3
21
4229654270
0
0
0
861328
0
952770363
15
739297377
0
0
0
0
0
0
0
0
0
0
0
45
0
0
584768698
0
0
0
0
92745390
0
0
21
422605127
0
0
914957232
0
66
1970632800
0
2166761529
0
0
3
0
0
0
0
0
0
0
173939223
0
0
0
6
1711388254
0
28
0
0
0
0
45
0
0
0
0
3
737030420
0
1084638597
10
164684026
0
6
0
1
0
0
3796907643
0
0
1079149638
0
0
0
0
0
0
0
45
36
0
629787794
0
15
0
0
0
55
451726652
0
0
1
0
0
0
96153778
10
45
0
0
0
0
0
0
0
0
0
0
1679304053
1879856565
1099593957
2872327293
0
304464826
0
1
0
0
65341
0
0
21
1506318800
6
0
0
0
0
1
0
3
1
0
1803271475
1
0
0
0
0
0
0
0
0
0
1986548022
0
1915093195
28
0
0
0
188344936
0
14544921
0
55
0
45
0
21
0
0
0
0
3
0
0
1082822913
10
0
0
0
298400235
0
3028404215
0
0
0
3748004900
18883585
0
0
0
3
45
0
0
5740186186
6
0
77694345
0
0
2473330242
0
0
0
3450021666
0
3290186595
0
0
0
0
0
0
0
6
0
0
4447423773
1
0
0
0
0
0
0
0
0
28
0
0
0
3
2069721255
1992540607
177501060
153273786
3397640916
0
0
0
0
0
1383301098
0
0
0
0
6
0
4825696125
70870465
36
3
0
10
0
10
0
189822867
45
0
0
0
4304760057
36
36
5800883571
0
0
0
0
0
0
830383125
0
0
0
0
21
4182145641
0
0
6650216062
871886140
27966
0
0
0
299892294
0
0
0
1
0
0
968902189
3
0
2258961714
352331785
539446280
0
0
66
456246527
0
0
3
0
690860205
0
0
6
0
1858213175
0
969958969
0
0
0
21
0
0
0
0
0
1273484275
15
0
0
0
0
0
36
0
374024924
0
0
0
0
0
55
0
0
2791202960
6270152091
0
295014195
314014329
0
15
0
0
0
0
0
0
981134232
6428702700
26437356
0
0
0
0
0
0
0
0
0
0
0
0
0
0
2156898354
0
0
0
0
0
0
0
0
6
0
45
0
0
5051682834
0
10
0
0
0
0
0
0
2598520059
0
0
21
0
647010377
0
1
642091509
0
3097750080
1918622449
0
3909092365
2953076516
0
3
0
0
0
0
10
0
28505024
507991854
0
0
21
0
0
0
0
1729278617
0
0
0
0
46123210
10
0
0
0
0
0
0
3
0
0
0
0
3854551691
197975151
0
0
0
0
0
10
2185166880
0
0
6
0
66
0
28
175191118
0
324042143
0
0
0
36
21
21
0
0
0
0
0
0
0
0
0
0
0
0
0
0
0
0
1004214517
0
2779484933
3553792926
0
0
1218525658
0
0
0
0
5266201833
0
0
286789265
21
0
0
0
0
0
0
6114686925
0
6
52947194
0
0
0
0
124622577
1210639818
1
55
0
1859371643
5771193285
0
0
0
0
0
0
3935397358
0
0
0
0
0
0
1629948045
0
5967617310
0
0
10
0
0
0
0
93086190
183907431
1717731
5477433400
94744495
374928035
66
0
3
6583150085
0
0
0
0
0
0
426276186
24363690
0
4383147985
0
0
21
0
0
0
0
36
0
0
5067336
0
0
0
0
0
0
3206443195
0
768339579
0
1400236712
0
0
0
0
5040230565
0
0
6919525914
0
0
1020306
0
504396420
0
0
0
0
21
0
0
0
3031953
0
0
0
0
0
0
0
0
5714606712
0
0
0
273861906
0
21
0
0
55
0
548152604
0
0
6
0
0
0
0
0
0
0
0
0
1453764053
0
0
717844994
30283653
21
0
66
0
45
0
2643408369
480763515
677285607
0
0
0
0
0
1
0
0
0
5191040733
379756
798141078
3106887368
0
490392902
0
0
0
1
0
630462294
0
0
1870242214
0
0
0
0
0
10
2082608955
0
0
1
0
3
0
45
0
0
0
0
0
35570394
0
0
1622306235
0
0
0
2064513143
398282976
0
0
0
0
0
0
896316627
0
0
0
0
6
0
0
737760077
0
0
0
0
0
5159197344
0
36
0
0
795745650
0
45
0
6
0
6474138879
0
0
36
3176961571
0
0
28
0
0
1933766919
0
0
0
0
10
0
0
85890171
0
10
0
0
0
0
3
0
1377573802
0
0
6462082704
1084638572
0
0
0
0
0
0
0
0
2532264159
0
26161761
36
6013041571
0
0
105538656
772814940
45
0
0
0
0
0
0
0
0
4070861775
0
0
0
2881581560
0
0
1
0
0
1847620860
0
0
0
0
0
0
66
0
0
0
0
0
0
0
0
0
0
0
0
0
0
45
0
0
36
0
0
45
0
0
0
4710370294
0
0
66
36
0
6044116386
0
10
742993425
10
2579451204
0
0
0
0
0
0
0
0
0
36
0
0
0
2681499518
119204520
21
3956184631
0
3
66
0
1
0
0
6
0
6461173281
0
0
0
0
0
3586409733
3
0
0
0
0
0
6
0
0
0
0
0
0
0
0
1
21
0
0
10
0
0
36
66
1615250675
0
0
0
1
0
0
0
0
0
0
21
0
505572300
10
10
0
0
290754552
0
1616387625
3
2724216381
0
0
66
0
0
0
10
0
0
0
0
0
0
0
0
1
1
0
0
0
0
0
10
21
0
0
0
1091542698
0
0
1
0
0
0
21
2178428985
0
0
0
0
0
0
0
57528900
0
282875004
0
0
0
0
0
0
0
0
0
5917142439
0
10
31756465
0
4931089050
0
0
0
0
0
55
13398075
21
0
21
0
448126932
0
0
6127410985
230190690
0
21
6309856887
28
0
0
0
36
0
0
0
0
0
21
0
0
0
45
0
28
0
3
0
0
0
0
0
2887885965
1777003914
4984761592
10
36
560371482
0
0
0
0
0
0
0
0
0
36
3
66
0
1
0
66
36
0
0
0
0
0
0
0
0
28
0
3017984550
0
4312371970
0
0
0
36
4686620465
0
4665538448
0
3
0
0
0
0
113288872
0
0
0
667530990
21
47848652
3
0
45
74304145
36
93865550
0
0
0
66
36
0
0
0
3606679801
0
0
6900598915
0
0
0
0
36
122046876
0
15
0
0
0
0
0
349602902
0
0
0
21
0
10453877
0
3
0
0
0
296351684
0
3
0
0
0
0
0
0
5653619235
263133270
28
0
0
10
0
0
0
0
87324719
0
0
0
0
0
3
0
0
0
0
0
66
0
2045025060
0
1498425390
0
0
2837643435
0
0
6858722815
0
0
0
1440905400
0
0
0
0
0
0
0
0
0
0
0
0
0
0
0
0
0
0
0
0
0
0
0
0
180528498
3
6
0
0
0
0
0
0
0
0
0
0
0
0
0
0
0
0
155403
0
2423994342
0
6123647733
0
0
3058988617
0
28
0
0
0
0
0
0
1
0
0
0
0
0
0
0
0
0
34540515
332265530
0
0
0
0
0
4474911085
45
0
3
0
3
0
0
0
66
4087210057
0
0
0
0
0
0
0
0
0
0
10
0
0
1323731328
0
21
0
0
0
10628355
6
5096612175
6
0
0
0
862183574
121469490
0
3
21
1
0
1
0
0
0
21
0
191560948
0
0
27007575
0
0
66
0
0
0
1804052250
0
1481013097
0
0
1004573073
214048395
0
6539276275
0
6413064312
36
0
0
0
4287611482
0
0
560271054
28
0
333839880
740874770
1
3552781337
0
1
0
0
28
0
1070988618
45
0
0
0
1440690678
522727610
0
0
0
0
0
0
0
0
0
0
2646150
0
0
0
2328109930
0
21
0
3
45
0
0
1353014187
21
1024596
0
1742004819
28
0
3
0
0
0
0
0
50818320
2523731499
0
1763556349
0
204151321
2982506733
0
0
1
3869492361
0
0
2872554696
0
0
652525874
21
0
0
0
154449097
0
45
0
0
0
0
0
0
0
28
115923151
0
3204246
0
0
0
3178874935
0
0
3174570711
0
0
36
0
0
0
0
10
0
0
45
0
0
45
0
0
10
0
0
0
84506500
0
5810042640
55
0
0
0
0
66
0
0
0
0
0
681930914
0
6
154853595
0
0
28
0
4244475125
0
0
215789922
2071844985
0
10
0
298424655
0
6201582699
6734555530
2053475619
0
21
0
0
0
0
0
0
2364071935
0
3
892679128
708177774
0
0
6421787719
0
28
21
0
66
0
0
0
0
0
0
0
0
10
0
21
0
0
0
3
0
15
0
0
59323277
0
0
0
0
0
0
0
36
0
0
0
0
0
0
0
0
0
0
4186
4349319956
0
2838095460
0
0
0
0
0
10
21
66
0
0
0
0
3867821083
0
186293253
1030148742
0
0
0
45
0
0
0
0
1690217005
0
1140771467
0
2118126235
4935062160
0
0
0
0
0
0
0
57571815
0
4755904120
0
0
0
0
0
0
0
0
376957152
0
0
2151384795
0
66
553629429
36
36
0
3
0
1
0
21
4646624546
0
0
0
0
1
3984878856
336714215
0
0
0
482936560
0
21
0
0
0
21
0
0
0
21
0
0
0
0
3
0
2946931570
0
4164421932
0
0
0
0
0
0
0
2138481895
0
0
0
0
0
28
108811
1702935
0
0
0
0
0
0
0
0
0
0
0
36
0
0
0
0
0
0
0
0
0
0
0
10
0
0
250376253
0
0
5308981401
3863336806
0
0
0
0
0
15
0
0
2011777560
0
0
0
0
37363689
0
0
0
28
0
66
0
0
0
0
0
2347460912
0
15
32284630
2152696914
3861051740
0
0
975384007
0
0
0
55
0
0
0
5798714
0
154783212
0
4128542091
0
1025614667
45
0
1
0
66
0
0
6665217087
781725549
0
357206355
0
55
0
0
0
3
0
0
0
0
0
0
0
15
0
122797955
0
0
0
0
0
0
466208379
0
0
0
0
0
0
0
0
4739533444
21
0
0
45
0
0
0
165629090
0
0
10
0
3
0
1153368378
0
0
64008955
128280153
0
0
0
0
315871545
5867315256
0
3
2649155645
488703215
1461106638
45
0
0
0
36
28
0
0
0
1850479002
3347624355
0
1
0
0
0
0
0
0
0
6193789284
3
0
0
0
0
0
3924315483
0
0
6
0
0
579105507
0
66
21
0
0
0
1
0
0
2566323867
522178065
0
6
0
0
4972388181
10
0
0
0
10
0
5644903086
0
0
0
3016353275
0
0
0
55
55
28
0
0
0
0
0
0
0
1665539464
6
0
0
781014002
0
0
5300535196
6
6143473236
66
0
3687214865
0
0
4862521
0
0
0
3
0
0
0
1160632082
3311962568
4704451464
0
66
0
3765601117
1620142405
0
0
0
0
0
10
0
6
0
0
0
0
0
807075573
66
0
0
0
2543663469
1
0
0
0
3
3
4072034869
723197493
0
476802619
0
0
6
0
2416480404
0
1
0
0
0
0
66
10
6373600111
0
0
8847321
0
0
1
0
45
0
0
0
0
0
0
6
0
0
758687560
0
0
0
0
0
0
2817940092
0
0
28
28
0
0
0
6
0
0
0
0
0
0
0
0
0
0
0
3109883500
0
0
0
0
0
0
1
0
0
2385850488
3
0
0
0
0
0
475383192
3744629034
1
0
6890969040
0
0
0
0
10
66
0
2304831544
6313676940
0
0
0
1895894247
3935308671
2547516504
0
66
891749793
0
0
1662481947
0
132039374
0
55
0
0
0
0
839946588
1
0
4103047557
0
0
0
0
0
0
0
0
0
0
55
949150662
0
0
0
0
0
0
0
2929377143
0
0
5684178687
0
0
0
0
0
0
6205592649
0
298155990
0
0
3
0
0
0
0
0
28
0
0
0
2844578415
0
0
0
0
0
1
3
0
0
4911049105
4915509940
0
0
28
0
66
1388460553
5030395990
1
0
0
0
0
0
0
0
0
200150028
0
5989158669
0
605781007
0
1695104419
0
45
373751470
0
0
0
0
3597767541
65751778
1
0
0
0
0
10
0
0
0
0
470922684
0
10
0
0
0
0
3697840
5920950544
285545243
0
0
182147238
0
0
21
1
0
691641027
0
0
21
0
0
0
4909562650
0
0
0
0
6
0
0
0
0
0
0
1161788678
0
0
0
143337845
0
0
1
0
10
0
10
313212905
15
0
0
0
0
0
0
21
0
0
0
0
6459809214
28
3336260410
6
0
0
0
0
0
15
1250875147
239706460
0
1
1
0
0
0
0
0
0
0
0
0
0
0
0
0
0
0
21
66
0
0
0
0
0
0
0
0
0
0
906847557
1
0
0
0
271596461
0
10
0
3827556226
0
1
1244630763
4955150980
0
0
0
0
21
334926011
84558510
0
45
10628355
2206040666
0
21
0
0
0
0
55
0
0
0
0
0
0
0
0
0
41783511
1
0
0
1
0
0
0
6569387934
0
0
0
0
3590645608
0
2059375717
6105732720
0
0
0
0
0
348862905
10001627
0
0
0
1
0
0
434844780
0
0
0
0
0
0
0
118895910
0
0
2729755206
0
0
0
0
10
0
323863975
6294812640
0
0
0
0
285664753
0
6
0
0
0
0
2240783004
2336237184
0
0
0
0
0
0
0
0
0
36
0
0
0
0
0
0
10
0
0
1
0
545308779
23808450
6464811420
3101686905
104408475
0
2654034786
21
6301771179
3
0
0
0
0
0
1
0
28
0
0
0
1245229539
0
0
0
3
0
0
0
0
894285471
0
0
0
6
0
0
317633410
2568511
0
21
0
0
0
0
0
0
1757859543
0
6034444966
0
3116748583
0
21
439783652
0
0
0
36
0
0
0
45
0
45
66
0
0
0
0
0
0
0
3
0
5588623458
0
0
0
0
0
0
3
28
0
0
45
0
0
57754378
0
200570406
36
0
0
0
0
0
0
0
10
2698810210
0
0
0
989613295
0
187298335
265501445
0
0
0
0
0
0
4009825083
3418859380
0
0
2313802330
759155074
0
0
0
0
0
0
0
0
0
2285995500
0
0
66
0
0
0
0
0
0
0
6284830510
1546931225
1033283042
0
0
0
2744182450
0
45
0
28
0
0
0
45
0
45
0
5735901126
0
0
0
0
0
0
0
0
0
0
302616901
0
0
36
0
28
15
0
3
15
538494150
0
1575990150
0
0
1124351907
914700591
0
0
4807538530
0
1145553017
5883683958
0
0
0
0
0
0
402584499
0
0
0
0
0
3
0
1
0
1
3
0
0
21
0
0
0
0
1
0
0
0
0
5327338986
28
0
3165970906
0
0
1
0
259225062
0
0
0
21
15
6
5476596108
0
0
0
0
0
3878030301
1297059750
0
5965869483
4700378348
2680547580
0
0
0
0
808683430
0
0
0
0
0
0
0
6
45
0
0
15
459575382
0
0
0
41774369
66
0
10
0
0
1
0
2310198341
0
0
0
0
0
0
0
382375
0
1
127784090
0
28
47011056
36
0
0
0
10
0
0
21
28
0
0
0
0
0
0
0
0
0
6551976573
66
1
0
0
45
0
0
0
0
18571465
0
0
9255752
0
6
0
0
0
0
0
0
0
0
0
471905280
6
730709091
0
0
0
431371863
0
0
0
0
0
59203521
10
0
0
0
0
0
0
0
3545283105
0
280572516
0
6
0
0
3
0
227281850
0
0
0
256567868
0
0
3946406046
6
0
0
0
28
0
0
0
0
0
0
0
44306991
0
0
933141597
15
21
0
0
0
1
2852201592
0
0
0
0
2973708604
0
21
3062665970
21
3591747345
0
0
0
3976937505
66
0
3355566036
66
0
0
340618050
0
0
3
0
66
0
4280113926
21
0
61999679
0
4407055765
0
0
5186660280
0
0
0
0
0
1227725125
0
0
0
0
3587510844
0
0
0
0
0
0
0
3
0
10
0
0
4172548255
6
0
0
0
0
0
0
0
0
0
0
0
0
0
0
21
0
5171902615
0
203807955
0
0
0
4881362155
0
4611216533
0
0
0
0
2891763215
1
0
0
0
0
6
0
0
35477676
4085511
60935280
110402370
0
3538129215
456760199
0
0
0
2362284474
655382889
0
1
0
0
0
21
6231354021
0
0
732660057
0
0
206888311
6527159574
0
0
0
74389502
0
4778264367
0
0
3
402981854
36
0
0
5274723339
0
0
0
10
0
2823573363
0
152958795
0
45
0
0
21
0
0
393695829
0
0
3
14669236
0
0
0
4293915
0
0
0
0
0
728111877
0
45
0
0
3110435618
0
3
0
1238899732
0
0
3
0
10
0
0
0
176748201
0
0
0
3095074467
0
0
0
0
0
0
128408325
4386893925
0
0
0
28
0
1
0
0
0
0
0
0
0
0
6493953564
0
37927695
0
10
36
7363202
377753840
0
0
1
0
358892236
2128291897
0
586205919
55
0
0
4845364395
73890246
28
0
0
0
0
45
0
0
4526808770
82876374
0
0
0
103557635
0
0
0
1
0
4178213970
21
0
0
0
10
6647217896
1847742417
306590702
3177519576
0
66996100
0
1
0
1943406
0
0
935302872
0
0
0
733464149
0
6
0
112822730
0
0
965295888
6
0
4279096250
0
0
28
0
0
5627490939
0
0
1644391
0
0
0
28
0
0
10
0
55
0
21
0
0
0
1
0
5936086275
2129727444
10
0
0
1146031722
0
0
0
515445775
21
0
0
43557111
0
0
45
28
0
3
0
1307317383
1263712398
10
3814094120
0
0
0
97797105
0
28
0
1
0
0
3
0
0
0
0
3
3099639444
6
0
0
0
0
0
0
0
66
1055448512
0
2493062572
0
0
0
0
0
0
0
0
2971935128
0
0
1410309467
21
0
0
0
0
0
4832673762
55
2702926014
0
0
0
0
986101842
0
37242764
0
76836606
0
0
0
0
0
66
0
0
45
0
0
0
0
1469443338
0
6
0
2501189622
6
6
0
1
0
0
0
0
0
0
2771215092
66
0
21
0
0
0
0
66
0
0
970047060
0
0
2756568339
0
0
0
0
0
0
6
0
0
5380526935
45
0
1
0
45
627624734
0
0
90296641
0
0
1
6016660990
0
0
0
4956743895
0
1
0
0
0
0
0
160805201
0
3
5983140679
98989484
21
0
0
0
0
1385826978
10
0
0
0
3
1853522027
0
0
0
0
0
0
0
0
0
0
0
0
0
0
0
0
0
0
0
0
0
0
6
0
0
0
1
0
0
1
1559806703
0
81721720
110684881
0
0
36
3808855550
0
0
0
15
0
216559266
0
3
0
0
45
0
0
0
10
0
0
10
0
1208524838
45
4721538864
0
0
0
0
0
1
0
0
0
66
0
0
0
0
0
2883403802
0
3
0
0
283327110
0
6
0
0
624263424
0
0
0
0
0
260912736
45
0
0
0
66
45
0
927232513
0
0
45
1
669761679
0
0
0
0
0
0
1591072249
495762815
92405215
0
2474948184
0
3
0
0
28
10
2688387791
0
0
0
924091542
1177895888
2408700492
0
0
0
55
0
0
0
0
6571565991
0
5282875
0
0
0
0
0
0
0
43660
0
0
0
0
0
6
0
6637545
0
0
0
66
0
0
0
45
0
0
6
0
0
1081752813
0
77420346
0
0
0
0
2483116150
0
3511848483
1
3657989766
0
1894724425
0
0
0
0
6320308620
0
0
6135494880
3234532655
21
0
0
0
3
3305210815
28
0
0
0
0
3525942290
0
0
0
0
0
4305224007
0
433459845
0
45
0
0
0
0
0
4235505
0
2592467985
0
0
6800403687
0
0
6
1
0
0
0
0
1041208146
86902336
0
0
6
0
3
0
0
0
0
0
917739902
0
380590245
0
0
308748815
0
0
0
0
0
3
2876269899
36
0
1
0
0
0
0
0
6
0
5631098581
0
815050122
0
0
0
0
3
1032419514
1
0
607731815
0
0
0
1544873877
0
10
1453494458
2864677242
118326030
0
0
0
4652603361
0
10
0
0
1040660625
0
0
0
0
1
1
0
1430830762
0
0
3
1267737475
0
0
6113470534
0
1761181547
0
0
1647293891
0
2475088897
0
0
2534969170
0
2889938289
0
105887627
21
0
0
0
0
0
0
3287672371
2373226059
0
0
0
36
0
3
0
0
0
0
0
3
2145288717
0
0
0
0
127592324
66
0
58758220
0
282898790
4112383374
0
0
0
0
0
0
0
0
177519903
0
0
0
0
0
0
0
31724595
0
1125774972
3276977436
0
0
0
15
0
2236032465
0
0
0
0
0
0
3638514120
0
0
0
1
0
5456311371
0
2674985760
0
0
0
2543520811
0
0
0
55287870
0
0
0
0
66
36
0
1681159077
0
0
0
45
45
0
5288701215
0
0
0
422052930
0
0
0
0
0
45
0
0
0
0
0
0
0
4396547061
0
0
0
23035078
10
10001628
334926011
0
0
6
0
0
0
0
5192059708
4380058755
0
4156941769
0
4741091340
0
0
0
0
0
0
1284205832
0
0
0
0
0
0
0
0
0
85196930
0
0
36
0
28
10
589875368
0
0
402215693
0
4095079729
0
0
0
2995128
0
0
4736223735
645787870
36
0
53773635
0
0
6
10
76440430
0
0
45
0
0
201773906
0
528466284
0
0
3455838806
0
0
604772021
45
0
0
0
3
0
45
0
0
6
55888878
0
0
66
0
2080350720
0
1556736298
0
1233976678
0
3
6
0
0
3062822475
0
45
28
28
2369713731
294625665
24552528
0
0
0
0
2534755564
0
724681482
10
0
155064852
963451335
0
66
0
3
0
2880291141
0
0
0
4816563990
0
0
0
45
0
0
3
0
0
0
0
28
0
481073650
0
4681297152
0
0
1440100275
0
66
1697317688
0
0
0
0
0
0
0
0
0
0
3
0
1060001943
0
0
0
0
0
0
0
0
0
0
0
1
0
0
28
0
3348688158
142492518
3473902971
0
0
0
22960476
0
0
21095760
0
0
0
4653182187
3
0
3
0
0
0
0
0
0
0
0
0
0
0
0
45
0
0
1464616
28
0
2907666
0
0
0
0
0
0
0
0
5405868165
0
1
0
0
0
0
21
0
0
0
4370704232
2304084780
2550729564
45
0
0
0
0
0
0
0
0
0
0
0
0
0
45
0
0
36
0
2704764465
4579005698
0
3
21
322618091
0
55
0
1
5234435337
0
2328451155
258246901
0
45
0
0
4313672231
0
0
0
3
0
0
0
0
0
0
0
0
0
10
0
1770214236
0
0
0
17184453
6385573500
0
20126340
0
0
1
0
45
0
3873892221
1589549526
11948715
0
5035813837
28
118341420
0
0
0
0
0
0
0
0
36
0
0
2147385339
0
0
0
0
0
915855780
0
0
10874115
0
0
0
45
658101059
575876932
0
44457735
0
0
0
2259499440
0
0
0
0
307681211
0
3
1
87153
1336367423
0
6103522789
0
21
6773141411
0
1
0
0
0
0
0
607662076
0
0
74182289
0
0
0
125539935
0
1
6837540204
0
3740216760
0
0
0
6565032936
31446414
0
2560094769
0
0
0
2360428958
0
0
45
953599953
592764075
0
0
0
0
0
1547920
0
6298515921
0
0
0
0
0
0
0
0
608499034
0
0
0
0
0
0
0
1112905403
0
0
1714197622
0
0
0
10
110580756
0
0
0
0
0
0
66
0
0
983084308
2235965592
0
0
36
0
28
0
0
0
0
0
2434240419
0
0
0
0
0
0
45
124228203
0
0
0
0
0
2621350611
0
0
0
0
381584124
0
0
0
0
0
5891496930
0
21
0
3442881645
0
0
1769738265
0
0
0
0
942192342
56153502
0
0
60055319
4779437529
0
0
0
0
0
0
0
0
0
0
0
0
0
0
0
0
6571565980
0
4692334320
46652970
0
0
0
0
0
0
53070752
0
0
0
31748496
0
0
0
0
21
5836590837
0
0
0
0
932191410
0
32316780
0
0
50707485
0
0
0
1
505254365
1920791154
28
4220369946
0
3951116020
3
0
777579309
28
0
8650719
0
0
2115848820
0
0
0
55
0
0
0
0
0
0
0
0
21
308505
0
0
0
0
28
6214954260
0
3554467445
0
0
2262727350
0
21
2870887389
4736515719
2689414434
0
0
2779932294
0
0
0
10
28
28
0
2910730541
6515396583
0
0
0
0
0
0
0
0
21017886
3
2213286772
0
0
0
0
1
0
0
1976412750
55
45
0
1467817443
0
0
46971
0
0
10
0
5347796445
0
0
1779270025
0
4583313098
0
0
1078360017
10
0
0
0
29318653
0
0
601299166
0
0
0
5568343170
0
0
0
1
0
45
0
0
206116056
0
0
0
147207061
10
0
6
0
0
0
1560197727
0
0
0
36
0
0
0
0
6
0
0
0
0
2403012439
1
30697527
0
0
0
28
0
5942080560
0
0
0
4551581700
1516104642
0
0
0
3082577385
0
28
2147628
0
0
0
0
0
6
0
0
0
417041625
0
0
73102186
6450832839
0
0
0
0
0
0
0
0
0
0
0
0
0
28
295475894
562415470
0
0
0
28
0
0
0
0
21
45
0
0
0
1
0
0
0
0
36
0
52259975
1
0
2268246975
0
0
427327980
0
0
0
3
867756967
0
1
564933690
0
0
4111204482
0
0
0
0
0
10
4473113775
510385265
1
55
372358404
0
0
0
66
0
0
1328005413
946103229
0
0
0
0
4405929201
0
0
0
3881113341
0
114163605
0
0
45
45
0
0
4051575132
145240446
0
4635833877
0
1700173800
280383030
1
0
0
1170965418
0
0
2278226215
0
586068945
0
0
0
0
0
5098934554
0
0
0
6
0
0
0
28
5000449944
0
430608530
0
0
0
0
36
0
0
0
3173694240
0
0
0
4403019675
0
1
63444480
741452280
0
0
0
0
792716650
0
0
45
0
4893918675
0
3
0
0
6466517181
0
0
45
0
0
6
0
2718609443
4992952419
0
0
0
1810786104
0
0
6
0
0
45
1
0
6194791020
0
0
45
0
21
0
159409437
67634265
6
10
0
0
0
0
721980999
0
0
0
0
6
480205530
0
0
802742343
0
1683885522
0
0
169344396
0
0
36
0
0
0
4356971171
21
270362621
36
0
0
3
0
0
0
0
0
0
15
0
6
0
409824120
0
0
0
15
0
6
0
1
0
13486221
364702527
0
0
0
0
0
0
4459692858
0
0
0
1135904613
2181796647
0
48299706
0
2259432247
0
0
0
0
0
0
0
0
0
21
2466091299
0
0
1374164072
0
0
0
0
0
36
797102625
0
0
6
0
45
0
0
15
0
3
0
0
10
0
3972568665
0
0
0
0
0
0
5114902608
0
23218705
0
10
41646501
0
0
0
0
2744775176
0
0
0
4937844321
0
0
3
0
0
11165174
0
0
0
1
0
993710487
36
36
0
0
0
1382039022
5427204954
0
3350652546
0
0
125936382
0
6
0
15
0
0
0
0
0
4909959024
0
0
0
0
0
0
0
36
10
0
1
0
0
0
0
0
3714832065
0
0
0
1
0
0
62882505
0
0
4332827450
0
0
0
1284864772
0
6
635799969
311089096
0
28
0
4552917545
0
3832457465
6761740140
231738150
0
0
0
0
0
0
0
0
0
0
0
0
0
0
0
0
6
0
0
0
0
0
0
10
0
1570878
10
6
0
21
0
0
0
0
0
0
0
0
0
0
0
3
446985
0
3446035661
0
0
0
0
21
0
36
0
36
0
0
0
0
15
729753696
190739743
0
0
0
2568903645
1
114571952
1887528925
0
0
0
0
912905064
0
0
0
21
0
0
0
0
28
0
0
0
0
0
66
1
267671953
0
5732474209
5693458650
4223218505
0
1501656997
2208033825
0
55
0
0
403407807
99482564
21
0
0
0
0
0
0
0
1008341757
0
996476400
0
1
0
0
0
3
1
0
0
0
0
0
4412220870
0
804145335
10
172617487
0
66
0
21
0
21
0
0
0
0
0
36
3
0
0
21
0
0
0
5234230
66
66
121142395
0
0
0
715270750
0
3075906951
3
0
0
0
0
0
3626070175
0
0
0
0
15
3125834733
0
0
66
0
0
1
0
0
0
21
0
0
0
10
0
0
0
0
0
0
0
0
0
1605376088
0
0
0
0
45
0
0
36
0
0
3662781245
1
0
28
0
293122578
0
0
0
0
0
66
0
0
144185668
0
0
66
0
0
0
6
0
0
0
0
3363681165
0
0
0
0
0
0
0
0
1784523405
1919675697
0
55
0
0
3
0
0
1092617628
0
0
943251
624263442
0
0
0
0
0
0
0
0
6283821499
346463326
7225701
0
6
0
4637663531
0
0
0
168682528
0
0
0
0
36
0
36
458666327
0
1305732738
0
0
28
0
0
833074968
0
79929046
45
0
0
0
0
0
0
45
886310232
0
0
0
2557590954
45
0
6
0
0
0
4754441305
0
0
0
2591100072
0
0
21
0
0
0
28
0
0
0
3
0
6706499139
0
10
0
0
231221760
453501785
0
0
0
6
2363796897
0
0
0
0
0
1148426769
0
0
0
0
1
0
0
5801098996
908423979
3908119800
66
0
0
10
0
0
0
36
0
306343128
1739172747
0
4392796991
6
2739739240
0
2268853167
0
0
0
1
0
4043927233
5033104579
0
6
0
0
0
0
0
1627265648
0
272436153
0
10
0
0
28
0
1095658238
0
0
66
0
2645517394
26992878
0
45
0
0
0
820752867
0
0
3
0
0
436793345
0
0
0
0
82902126
0
0
546994340
1
1204693152
1
0
0
66
0
0
0
0
3909888220
0
0
2473048946
0
0
0
0
15
3
0
0
324475069
3093029216
0
0
1897433967
6
0
0
36
5331984966
472919614
10
0
0
6
0
0
0
0
4431687530
0
0
0
0
384573510
0
0
0
673867095
0
113409330
2686115124
0
0
0
0
0
0
0
6025220380
1
1143687048
0
0
0
28
45
0
0
0
0
0
0
0
0
0
0
0
0
0
0
0
0
464408525
0
0
6
0
2618961745
0
0
0
528043750
0
0
0
0
5175055914
10
0
0
0
0
0
0
0
10
2032573151
0
0
0
0
0
299843316
0
0
5388621325
0
0
0
0
0
0
0
634659375
4012601721
0
0
0
0
0
0
0
0
0
0
0
0
3
0
2703073091
0
70383180
0
0
0
0
0
0
0
0
2013744432
0
0
0
0
3
0
0
0
0
43342704
1657296350
0
0
4905005469
0
45
21
45
0
0
36
36
0
0
0
0
0
0
183255937
4487881149
15
0
6054675858
0
0
0
833197428
0
0
0
0
0
0
0
0
0
0
437502987
0
4568293850
0
0
0
3
10
0
0
45
36
55
756857850
1
0
1
698463999
0
0
0
10
0
0
0
2220877975
0
0
0
3
0
4527189414
0
6484270194
0
3
0
0
0
0
0
0
6
0
66
0
0
36
3720091886
0
0
0
0
3
0
0
0
0
36
0
0
639764334
0
21
0
361675
265824153
1
6
0
0
0
0
169657410
0
66
36
0
152085520
0
0
16276364
0
0
0
0
0
0
0
0
0
10
0
0
0
0
0
0
0
0
2510250904
0
10
0
0
0
5600682300
0
0
0
0
3162232091
0
0
0
75651150
0
0
0
45
36
6
0
36
0
0
0
1303485208
0
0
0
913289670
0
1374478644
33928203
0
409223135
0
0
854146443
36
3741081714
0
594797294
0
0
6
125730152
21
0
0
0
0
78870520
66
0
0
0
15
0
198074656
0
0
0
0
570865154
0
0
0
1833060398
66857266
0
0
66
1944478335
0
0
0
1395689333
0
0
0
0
0
1454357257
55
0
0
0
21
5175055935
0
1788887177
10
0
0
2988843260
0
0
0
0
0
0
1773845675
0
0
0
0
0
0
2956382055
0
2659793544
0
0
0
3
0
262010386
16840305
0
0
0
0
0
4313022071
0
4376783559
0
10
30120441
0
0
2728942475
66
0
10
0
0
4736418390
0
0
0
0
21
0
45
0
0
65054121
0
0
0
263913822
0
0
0
10
1965174742
10
0
0
0
0
404260394
0
28
0
824850033
0
0
0
0
28
1
734651945
0
66
608324639
0
0
0
0
4145369886
0
0
1047011677
0
0
445257540
0
0
0
6
1309363545
0
3868348816
4451480135
0
0
0
0
10
705057575
4072847110
21
1
3
0
1140819255
0
3282241710
0
0
0
10
519467027
0
0
0
0
525803805
3166209666
0
400204483
0
1483572150
3968647650
2930219145
0
0
6280907115
0
0
0
4071231
0
0
1464622497
1
0
0
3097907513
0
241241589
0
0
0
6694344129
0
0
0
0
0
6
0
6
0
0
0
0
1
0
0
0
0
0
0
28
1238650863
36
1
1
0
0
0
0
0
0
0
0
0
15
0
2538673134
0
3
0
0
0
0
0
0
0
0
0
0
4226778
6
0
1
0
0
0
0
0
1054989117
0
0
0
0
1
0
0
0
0
66
4094536726
0
10
1
0
305971953
1
0
0
0
2241787310
0
0
5749189999
0
0
6343715796
0
45
0
3736930881
0
780500292
0
2648136679
0
0
3341081630
0
0
10
0
0
0
0
0
0
0
0
1458783102
21
276324786
0
0
3
0
0
0
45
0
0
0
0
0
0
15
0
6721795376
0
0
10
0
0
0
0
0
10
0
0
0
0
45
29618056
0
0
1592652135
6450605691
28
0
0
0
0
0
0
1
2067855859
0
0
580808382
0
0
45
0
0
0
1
0
0
10
0
0
227153954
0
1814699884
5747745
0
0
0
775963312
0
0
213965638
0
0
0
0
0
6350137815
21
0
0
0
0
0
354724930
3682836540
0
3916523215
15
0
0
10
1
0
0
0
0
6077035090
0
0
0
3
0
3
0
79487136
0
0
0
41373153
381528866
0
10
0
0
0
0
6
0
0
0
0
949978645
786874284
0
0
626526898
0
10
0
0
6
1
4448555595
0
0
1
0
5835402451
708290700
3110041268
0
55
408593976
1175809743
0
1
0
0
0
0
0
0
0
0
0
0
0
0
1411956367
0
0
5605340074
5216647230
0
21
15
0
0
0
0
0
101509876
5561696712
0
0
0
0
0
0
66
2121121242
0
0
0
2263938399
0
0
3
1003542379
45
0
0
0
21723935
0
0
45
0
6002189764
0
0
844420057
0
0
0
6
0
10
0
0
0
0
0
0
0
523762774
0
0
22730652
0
0
0
0
0
0
10
36
0
160679701
0
0
0
0
1582790688
0
0
0
0
0
0
1676176022
0
0
0
0
0
0
58368610
0
0
0
0
0
0
0
28
0
0
0
1
0
0
0
0
1
0
36
0
0
0
6564803754
4483145350
0
0
5420955705
0
0
15
0
1421697823
2337194259
10
0
0
0
0
15
0
0
0
0
3
0
0
0
0
494535524
0
0
0
0
15
2877104260
0
6
0
45
0
0
0
0
0
0
0
0
0
0
0
1992161845
0
66
0
0
50466080
0
3
0
2010889617
0
3
10
0
0
740759294
0
0
10
1724283422
0
0
0
0
3890105070
0
0
0
204859161
0
1148235053
0
0
0
2813662584
0
21
0
3313753300
0
1
361468827
0
0
0
1
66
0
0
0
0
0
0
0
4374070725
0
0
0
1467709082
0
0
0
0
0
0
0
2393662639
854311759
0
383354195
0
0
0
4238416
0
0
3
0
45
0
0
0
0
0
0
0
0
0
0
4438374415
0
0
61754941
36
0
45
0
28
0
0
0
0
3938059357
0
0
0
0
0
0
0
0
10
509267654
0
0
0
2234561505
4947687514
0
0
1871220879
0
0
170856855
494598405
0
4218440842
5056207014
0
0
0
0
937986307
0
3536362905
0
1
0
0
0
0
0
0
0
0
0
0
0
0
0
45
6
0
0
0
6
1427676327
10
0
0
0
68673339
0
0
0
0
0
0
0
0
0
0
10
3
2986215085
0
0
0
1
3
0
0
0
0
45
0
10
0
0
0
3585986318
0
0
0
10
1
214358865
0
0
6
0
15
0
0
0
3525354486
0
0
0
0
1
0
0
1488587763
0
0
6126750
0
2058349035
656085
6
21
21
1
66
159895
0
0
0
36
0
4438374415
5755840233
4236094969
1113471639
0
0
0
0
0
0
0
55
0
0
0
55
0
38434527
0
45
0
0
0
0
0
11132121
304736318
0
276183753
6302669335
0
1
0
0
0
0
1
271922850
55
21
0
0
721801
243663847
0
0
55
860481867
0
0
0
10
373204859
0
0
0
1005559414
0
1679767735
0
0
21
0
0
0
28
15
10
0
45
55
45
0
0
0
0
0
0
0
2339177395
0
1
874184370
1299199822
0
420804554
0
15
0
0
0
66
0
0
0
0
0
17490655
0
21
0
0
18920476
0
0
66
0
0
0
36
0
0
15
299402685
21
0
2770024060
6
3
1
0
0
0
0
1
21
2292085035
0
0
0
0
0
6
0
678021879
0
0
0
1
0
0
0
2137239504
0
0
336480710
45
6
0
0
0
0
0
0
0
0
0
6402196701
3
0
0
0
16927471
6853687515
0
0
0
0
0
0
0
0
0
0
2592324004
0
1
28
0
2127574290
0
0
4624094000
0
0
0
45
0
5954296456
0
2244466464
0
268019128
0
21
0
0
115163075
0
0
0
0
0
250174893
0
0
0
0
0
0
0
0
458393780
6
0
0
0
0
0
0
0
0
1
0
0
0
0
0
4601042583
0
0
1
0
6692955698
0
0
0
0
0
0
0
0
3089648100
0
0
1
0
28
0
0
0
0
4509982796
0
0
826109625
6
0
0
0
0
0
3
45
0
1012837525
45
0
0
55
0
0
0
2623957893
90686778
694619627
0
0
0
0
0
783783025
3
3
0
2040039714
3401186498
1
0
0
0
0
1
0
0
0
0
0
2089843565
36
0
21
0
344990768
3575408158
0
0
0
6
0
0
0
0
0
24601605
0
36
3446948925
0
0
36
2430822639
978035875
0
10
4349319990
0
21
0
0
2030788279
10
0
0
15
0
0
0
0
0
0
0
52690245
0
21
0
4778655405
0
0
2659647683
0
0
0
0
0
0
0
0
129790215
0
0
0
0
10
0
5196952159
0
0
0
6004052526
0
0
36
0
679532544
0
0
0
28
0
0
0
2222877790
0
0
0
0
2059953355
28
0
33305040
0
0
0
0
0
846064659
0
0
0
3
0
0
1
0
0
211223181
0
0
1418770
0
0
0
10
0
0
0
0
0
0
0
1174646187
0
0
0
3
0
0
0
1432221957
0
0
0
21
0
28
0
0
2959150887
0
0
0
36
0
171319305
0
586959452
4892335837
0
0
0
28
0
2097738342
193012128
1491644862
0
3725786958
0
0
0
5561274850
0
0
1033919598
1
21
1
0
0
0
0
4501723920
0
0
0
0
10
0
0
0
0
6
0
0
0
0
0
10
4728538062
0
0
0
241131774
303035270
0
0
255798271
21
444989027
0
0
29656551
3076299105
0
0
45
10
157540125
1
1
5407115970
0
0
0
0
0
0
0
15
4357904740
434225714
0
0
0
0
0
0
2092883217
66
10
0
21
193424946
0
0
0
3
0
0
3
36
0
0
0
0
0
590253240
10
36
15
0
10
0
3
0
28527681
0
0
3
0
36
0
0
0
0
0
0
0
2771438439
0
3405476611
3108700665
0
3
7922190
0
0
0
2582899965
0
205892775
0
0
3
0
0
21
0
0
0
137804901
0
0
6689832219
36
1464297783
36
2900591685
0
0
0
0
0
0
0
45
21
36
0
0
0
0
3
4131359529
28
0
28
2248622355
0
0
0
45
3031050849
0
1244253
0
0
66
36
0
228285028
6
21
0
0
0
941801697
0
0
18201560
4886995750
0
0
0
0
0
0
72667539
0
0
2295268345
5667983619
494441160
0
11589705
0
269758378
0
0
0
0
6
0
3
0
0
0
0
0
10
0
0
1
21
2013363690
0
0
0
0
0
0
0
0
0
186698823
0
0
0
1852730622
15
0
2151775
0
642629174
0
66
0
0
106353820
0
0
0
0
6
6
0
0
0
0
0
0
45
0
1
0
21
21
0
0
0
157132128
0
0
0
0
0
0
45
0
0
50747775
4834345249
0
0
0
0
0
0
183007146
0
4052205255
9320403
36
0
0
0
0
238198045
0
0
2488686489
2484807724
66
0
0
1
28
0
0
0
0
6031479151
0
0
15
0
0
0
0
66
78657152
242165028
10
0
0
0
28
791911
0
2707044954
3
0
0
0
0
0
0
0
0
21
0
0
1403148797
0
45
0
0
5052889092
0
4005975259
0
0
0
0
0
0
0
0
0
0
0
3798825020
28
0
0
0
0
84766710
0
0
0
0
6210718360
0
0
0
0
0
5171597485
0
0
2388683515
0
0
0
0
0
0
0
0
0
0
0
1
2617442122
0
272179446
0
0
6
0
1
0
0
0
45
0
1
0
887363107
0
82619084
10
0
0
0
45
21
0
6
0
55
45
0
21
0
66
0
2847520835
0
1477912500
0
4937546215
0
0
1
4840050012
0
0
0
0
0
4387081249
12804330
0
36
0
0
0
118095396
0
0
6
0
45
0
36
0
0
0
0
3
0
55
0
0
0
3
0
0
138519690
0
0
0
944407527
0
0
45
10
230040522
0
0
0
0
0
0
45
6154673833
358383368
1416264028
0
0
0
0
36
0
0
89572419
0
21
1043171323
0
0
10
0
6
462581715
6
12452545
1
18914325
0
0
388884206
0
36
0
0
0
1980501506
0
0
0
10
0
0
0
0
0
0
0
0
10
0
0
2552801325
0
45
0
6
0
0
0
6
0
21
2315435239
66
0
45
0
0
0
0
0
3550252944
271107254
0
3730622586
0
0
0
0
0
28
0
0
10
36
3
0
0
0
0
3
45
6
6
0
0
0
1
0
0
55
0
6192231210
0
774978762
55
0
283517577
86968266
6
6013151235
0
0
0
0
0
36
42776624
0
0
0
887152482
0
0
0
0
0
21
0
0
0
2080802299
0
0
1
0
2272559617
1
21
0
0
0
3908561860
3916346208
0
0
1181393133
36
0
4065269320
0
3873936
2389236495
708027262
69401871
0
45
497023135
854642475
3
2026902609
0
0
0
0
0
0
0
0
6
926801910
0
0
0
0
0
0
5094189408
0
0
0
436025212
5443678608
0
0
0
0
0
1
10
0
0
0
0
625854509
3
4103500507
0
0
0
0
1972705072
0
0
229568878
83069605
0
0
0
0
0
0
71037239
0
0
55
0
66
0
2224278247
0
0
0
0
3
0
0
0
0
0
0
0
0
0
0
0
0
0
0
1078081392
0
0
0
0
0
0
4940726679
0
0
0
85105581
0
66
0
0
1033010328
0
0
0
0
0
0
0
5559060337
0
0
0
66
0
0
4423406598
0
0
45
0
432459330
3
0
0
0
0
0
0
0
0
0
1
1
0
10
0
0
10
0
0
0
0
0
21
0
2011777560
0
0
0
0
786913953
2313734319
5892908158
57630
1
0
905187405
0
0
66
0
0
6122209140
45
0
0
71253
0
0
0
0
6
3
0
0
0
0
0
0
0
0
0
15
21
0
0
0
0
1518748938
0
0
55
0
0
0
0
0
0
0
0
0
10276311
10
0
0
0
36
0
734766942
0
1
3048047993
0
0
0
0
0
45
0
0
10
1
0
6733511073
17155153
0
3007893105
21
0
0
0
43212456
45
0
0
36
5209703805
5798298762
0
0
0
420543480
9642636
0
0
1135809263
874226202
524572224
6
0
0
509586849
0
0
0
3
0
0
0
0
0
0
0
6
676954409
0
0
0
0
188034528
0
903783867
1947535249
2913325268
0
0
15
0
0
0
0
0
0
0
0
0
5596872855
0
0
0
131309114
6
36
0
0
0
0
0
0
0
21
0
0
563757830
0
36
0
0
0
0
0
0
0
0
0
1
0
0
0
0
3
0
0
0
45
0
0
0
0
0
10
0
3765080431
0
975958269
4638530375
42637994
4121911365
10
0
0
0
0
5491467534
0
3
2134298409
0
2748555117
0
0
0
0
0
0
1
3895046146
10
0
0
28
0
0
0
0
0
36
0
0
0
0
0
0
0
0
0
1137478053
0
15
0
1734163250
0
0
0
0
0
1465542715
0
45
0
0
0
0
6
0
0
0
0
6
0
0
0
0
0
3
0
2102210055
1817411899
0
0
0
0
0
0
1746789143
0
61466327
1884711
4162870580
1654591569
0
0
0
4076909530
0
196267578
15
0
0
0
444660910
0
0
45
0
627731027
0
1
877909750
1
0
0
0
1084918068
0
10
3
0
0
0
0
0
0
0
0
21
0
0
0
0
1192062375
0
0
0
0
0
1365736713
0
0
0
0
0
66
2657460146
66
21
15
0
0
0
0
0
0
0
500972030
28
0
36
6
0
0
0
0
0
0
4288074507
0
16082955
0
1341853104
0
0
0
0
0
0
36
6798188040
0
45
0
0
0
0
0
0
0
6
0
0
0
3036880
0
0
3270018875
0
691938590
0
0
0
616057650
0
10
5709796908
4978590
0
0
0
0
3
6
144338542
0
0
10
0
21
0
0
0
1
6
0
0
23184645
6779893615
735035290
0
0
0
69696720
0
3
45
36
96792740
0
0
1607586725
0
21
0
0
0
0
0
0
0
21
0
3
0
28
10
6632467496
0
3
0
0
0
0
336714215
2283629535
0
1975078
0
0
3
0
0
28
0
0
0
0
950458197
0
0
0
0
4368554107
2695578564
0
0
143185503
0
0
0
0
1438061632
4274009685
0
6281243358
45
0
0
0
0
0
0
0
130225591
0
10
0
0
0
0
0
338767435
0
0
0
0
0
0
0
0
0
3
0
6
15
0
0
4351092200
0
0
0
0
0
6
0
1
3583446143
0
1293802143
10
0
0
0
0
0
36
0
0
0
0
0
0
1
1
36
0
0
0
0
0
160500485
0
0
3133034051
274681631
559835990
0
0
0
6
0
0
169675831
55
0
0
0
393499430
419731851
0
0
0
0
253631503
0
0
45
0
990547774
0
0
0
0
0
10
0
2022320967
0
34980
3854476
0
0
1466192470
0
0
28
0
6311205009
36
0
0
1016125737
0
0
0
0
0
4434794876
0
0
0
813113298
34449150
140055216
3
0
6726666011
0
28
0
10
0
183179370
66
28
0
3037438701
0
45
0
3577691745
0
3153410810
1
0
8187081
3
36
0
2847445344
43715924
10
21
0
0
0
0
36
3606849666
0
0
0
0
0
0
0
66
0
0
4190106175
2341435090
0
0
0
0
55
0
0
0
62300703
3
6
0
0
0
3141906075
0
0
97853055
0
0
0
0
0
0
0
0
0
0
5413669440
0
0
0
797661696
0
0
163850250
0
45
0
0
36
1845433122
10
0
260341961
269456505
0
0
0
0
0
0
0
3
0
0
3
0
0
6748605698
0
0
1
10
0
1
0
0
0
0
0
0
0
0
0
0
4790198215
0
4362387076
0
0
0
0
0
244569786
0
0
0
66
0
5901487716
0
10
2612452150
0
0
0
0
35099631
0
21
0
0
0
2497371765
0
0
55
0
0
0
0
6
5442739566
0
0
624016107
6405478660
45
0
3131134535
0
0
388159452
1739290707
963966
46354006
0
3894075330
0
0
0
0
1
0
98694225
0
0
0
0
0
3847618458
0
55
3128998268
1332957525
1551161423
0
0
0
664756952
0
36
0
0
4235542720
0
4683426098
0
0
0
3
0
1
0
10
0
1
0
0
0
3258868268
0
0
0
0
0
0
699473482
0
0
954080400
0
0
0
0
229226166
0
0
0
0
0
6
0
0
382689944
0
1032737625
0
0
0
21
0
1
15
0
0
0
0
0
0
0
329179311
0
880509627
4688750667
26444627
0
0
0
0
3383230366
0
0
2812687493
0
0
0
0
0
0
10
0
0
1
45
10
1506483467
0
0
0
0
28
0
0
0
21
0
489547689
0
0
0
0
0
21
0
0
3
0
0
0
0
0
1516104617
0
66
0
0
3703893336
0
45
0
0
1
0
0
0
45
0
1
3
0
0
28
6
0
1865352632
0
5029493299
55
10
1773369207
706898799
0
0
0
0
0
0
0
1
0
0
0
21
0
0
3
21
0
0
0
0
15
221267160
0
0
0
0
0
157451385
1
1291412403
10
304316785
0
0
6154119108
66
0
0
19179721
0
891158632
0
0
10
839905602
0
100585835
0
0
2614476480
0
0
36
0
0
66
0
0
0
0
0
265639724
4713282559
0
0
0
3770636175
0
0
0
0
0
0
0
0
0
0
0
28
28
0
0
0
0
0
0
0
0
55
4620536460
0
66
0
0
0
66
1
3
0
0
0
0
0
1243982232
0
0
28
0
0
6255938230
0
0
0
0
0
1
21
0
28
0
0
0
36
0
3
2207635092
0
0
0
0
0
0
3
0
0
0
0
0
0
10
0
0
3979524263
55
0
0
0
0
0
0
3254913541
0
55
0
0
0
0
0
0
0
0
0
1247376363
0
0
0
3384546665
2678497826
1
6731422380
0
0
52998660
0
0
6
0
0
2210692743
0
0
3
0
0
167252902
55
0
0
0
0
21
0
0
0
0
6826201680
0
45
0
417128285
0
1307982225
45
0
45
426831138
0
1846952247
0
0
1964297175
0
0
1938433959
36
0
0
0
2682744615
1
0
0
0
0
0
0
0
0
0
0
0
0
2102534266
0
6
0
0
1205282250
0
1589436743
0
0
1
0
1
0
0
0
45
0
66
0
0
81632253
0
0
0
4600179276
0
0
1406010878
0
1636005773
21
0
0
0
0
4245765154
0
0
0
15
4163874341
0
0
28
1
0
101353197
0
0
0
0
0
0
2497937185
1049804925
0
0
15873795
0
1786794304
0
0
3292458368
0
1
0
55
0
0
1395478007
0
0
0
0
0
0
66
0
0
0
0
418400127
45
1
0
0
0
0
3
1004662704
0
5844048150
0
0
0
3172578951
6722722980
0
5327648655
28
0
0
0
0
0
0
81964805
10
0
0
0
691380684
10
0
0
55
0
0
0
0
0
0
10
0
0
0
614514132
212911927
0
495951762
3
1
0
36
0
0
0
0
0
0
0
15
93004341
0
1441388583
0
5770333833
704006505
0
51780576
1
0
6
0
0
6539619375
0
10
0
0
0
0
0
0
0
28
0
0
0
0
3560371875
0
0
36
0
0
4203550
1492846733
1714021965
0
0
0
0
0
0
0
0
0
6995670
1
0
21
0
0
0
0
2981811690
0
0
0
1263209713
0
0
0
1259392557
0
0
1189280832
21
0
0
0
36
1882678175
843803737
0
0
0
0
1
0
10
0
0
0
848246245
0
4516158220
0
0
0
0
0
28
0
0
1
0
0
0
0
488953335
66
0
0
0
3665006910
646111377
0
5803253466
0
2365103440
0
0
0
55
0
0
0
0
0
0
0
0
0
0
0
0
0
2580744240
0
0
66
0
0
0
0
3
0
0
0
0
2246745055
0
1
0
4393171959
0
0
45
0
0
0
0
0
0
0
0
0
0
2437800189
0
0
0
0
3416544408
0
0
66
0
0
0
0
3429866066
0
0
4854425275
1
45
0
0
0
0
0
2505647424
66
0
125825316
66
0
0
0
0
0
0
946320757
0
0
10226503
0
0
0
0
66
0
301118060
0
0
21
36
0
6
0
1
21
0
0
0
0
0
0
0
0
1510987850
0
0
1167435332
10
0
55
21
0
0
0
0
0
0
0
21
0
0
2281872769
2224278247
0
0
0
0
0
3654056318
2533118217
0
0
0
0
0
0
0
0
0
3
0
0
2519186635
0
0
0
0
3054688175
0
0
2086483065
0
0
4028742921
2874601548
66
0
0
0
0
0
0
0
766537425
0
0
103083261
15
292995
3
0
0
0
1
1
0
21
1747025599
36
6
0
0
2540240997
0
863138905
209889316
0
0
0
0
0
0
0
0
0
0
0
0
0
0
0
907443886
0
0
0
0
0
0
1
0
0
184137645
45
0
0
0
0
0
0
0
378496335
66
3807459171
0
28
0
190446885
0
0
0
141094801
3315626018
6
1788887195
0
3075985359
0
0
1
6653907065
1816628205
0
0
0
0
0
0
1043308357
0
0
0
0
0
1
0
0
0
0
3361384983
0
0
5582915901
3
0
0
0
21
0
0
36
1456245525
2245873704
0
0
285043616
96528564
0
0
10
0
0
726090772
3582938181
0
0
0
0
0
0
36
0
0
0
2129923272
2740923770
0
0
0
0
6
0
0
5781700
66
45
21
0
0
0
0
0
0
0
1624585495
913631616
2382673990
21
2073666
0
0
0
3
0
0
0
0
45
0
0
0
0
0
0
0
5686951210
1136524323
0
176710599
0
0
0
36
109216810
36
0
0
0
66
37182375
0
0
0
0
0
0
0
49625700
3247897861
390056405
0
1
0
557462724
0
0
0
0
0
0
5538939081
0
0
0
6339999249
36
0
0
0
0
0
0
0
2540526093
0
0
2012792622
5284279761
0
10
15
3221596305
21
0
22374704
0
490674780
0
0
0
0
3
0
0
0
0
0
0
0
3981041050
0
0
0
0
0
0
0
0
0
0
0
3
0
187182225
0
0
0
0
2531125639
0
0
0
0
0
0
0
0
0
0
1328469282
0
0
0
0
0
154642490
0
0
36
0
0
10
0
0
0
0
0
0
28
0
0
0
0
0
0
0
45
3
0
6
0
0
0
978035875
0
45
36
0
0
0
0
0
0
0
15
0
0
1141344750
0
45
0
0
0
0
2267169447
3
0
0
0
1
0
0
10
0
0
19709781
0
852287538
0
1
0
0
45
0
490205015
0
0
0
0
0
1903290717
0
0
21
0
0
36
0
0
480577502
0
0
0
0
5633115108
0
869424147
0
18840591
0
0
0
0
15
2683110857
1
0
0
0
0
0
0
1
0
0
0
1032692178
0
1240343693
0
0
0
28
0
45
2053091154
0
105001785
1108192553
2028813129
297887426
0
432518151
0
0
66
0
0
0
45
21
0
1820789679
10298991
720917405
0
0
416146824
10
0
0
0
0
0
10
0
28
36
0
0
5372127619
15
4835230255
0
4016992513
0
0
1
272086128
0
0
0
2275324575
0
0
0
0
1801590323
0
0
0
36
0
528498795
3
21
0
0
0
0
0
1547920
1635776975
0
0
0
0
0
456911334
13217511
0
0
0
2318702815
0
0
0
45
0
28
0
1
0
0
0
0
4057608549
0
0
50476128
0
21
45
0
0
0
0
0
0
0
0
8738290
0
0
0
0
0
21
0
0
164176257
0
0
0
0
353102025
0
0
0
6
0
0
28
0
0
66
36
1013242633
4706682687
0
528303764
866799051
0
0
0
0
2989384493
0
0
0
0
0
66
1
0
0
36
0
0
0
0
139954815
2755974393
0
28
0
0
1934140074
0
0
2120665339
0
5701785012
0
28
6
0
0
0
0
0
0
0
0
6264330280
21
0
0
0
0
21
36
0
0
0
0
0
0
0
0
0
0
0
0
0
0
15
0
0
0
839208995
380121368
0
0
0
45
0
0
0
0
0
0
0
0
0
0
21
0
308376185
3964372401
0
808120500
0
0
0
0
0
0
16156770
0
0
0
0
0
693911625
0
1393682382
3102395825
10
1574025750
10
0
0
1974024355
0
0
0
0
914828922
0
0
0
0
0
10
0
845530002
0
0
0
10
28
0
45
0
3099954420
0
0
0
0
0
200650527
0
0
0
0
55
0
0
28
0
13994695
0
0
2595781357
0
0
0
0
3
0
1
3393108586
0
0
0
2457180243
0
0
45
3246205555
0
55203778
1
66
15
0
1653613780
0
45960078
0
0
0
0
0
0
0
0
390503421
167307778
45
0
0
8600878
6
0
0
4373509520
0
0
36
0
0
0
2626783911
0
0
0
1904216292
0
0
1424845650
0
0
0
10
0
0
0
3
0
0
0
0
0
0
0
0
0
759528
0
0
0
0
66
227004772
0
0
0
0
0
0
1041116868
0
0
0
1027835127
0
3535942455
79764764
0
0
0
0
0
0
28
0
0
0
0
0
0
2119363059
0
0
3
6
28
0
45
0
668115714
0
0
0
278114314
0
0
0
0
0
21
0
0
0
0
0
0
0
0
3
45
3
5371920333
51475731
14148540
0
0
0
6305588805
0
0
0
0
587816313
254758868
0
0
0
0
1
227132635
0
0
0
4877410695
0
0
0
0
0
0
6
0
453562020
6604795
0
0
0
0
0
0
0
0
0
0
0
2018761105
0
0
55
21
5496918481
0
66
15193828
0
0
15381831
157504625
0
0
6262651441
0
28
1
0
0
0
0
552797874
0
3
1095283803
0
0
0
0
4365002840
0
0
45
0
0
0
0
0
0
0
338663315
4043387656
0
0
0
0
0
417619447
36
66
0
0
390363701
0
0
10
0
0
0
0
0
0
128360253
0
0
66
0
0
0
0
3
0
0
0
0
0
0
45
0
0
0
3
0
10
0
0
0
6
4542236307
944407527
0
0
0
9550634
6
0
0
0
0
0
0
1295990401
10
0
0
2152631295
0
1
0
0
1
0
0
21
0
0
0
66
10
271782954
3607444225
0
0
0
0
3
0
0
0
0
3
0
3
21
21
0
0
0
55
0
0
0
0
3146664105
1982453018
0
0
641697397
0
0
0
2907221842
0
0
0
0
0
0
0
0
0
0
0
45
0
0
21
10
5587249129
0
3
0
1874097225
0
0
55
0
0
45
0
0
0
0
0
0
45
0
0
0
0
0
0
377259245
0
0
3222800460
0
0
0
553429805
0
4773866262
0
6216626694
66
10
0
2454727272
0
0
158874222
0
0
45
0
0
0
21
0
0
0
45
0
0
168994920
3438485118
6367956165
0
0
0
0
6
1086222739
0
0
0
2717946
0
0
0
0
0
0
1489952138
0
0
0
0
0
0
0
0
0
0
0
1
0
0
0
0
0
0
0
0
36
382800614
0
3366388386
3882787488
0
0
0
0
1
0
0
0
6102270
0
0
317557791
0
0
0
0
0
0
1270306807
28
0
0
0
3
2697194145
45
0
5078556087
0
0
0
0
3
0
0
0
0
0
0
0
0
0
0
0
0
0
0
5112071010
0
0
55
4864382259
0
0
3688073660
0
3
0
0
0
0
66
202015047
66
0
0
0
21
39564960
0
0
0
0
0
0
0
0
10
10
0
5547678379
395943869
0
0
0
0
1009195198
0
0
0
0
6
0
5284999389
0
1
15
0
0
0
66
0
1911505329
151702068
0
4951468275
45
690005525
0
45
0
0
0
10
3
0
0
0
0
0
0
0
0
0
55
0
1
0
0
0
0
0
329949515
0
0
0
10
0
0
0
0
0
0
516313030
4824517269
0
6472545910
66
0
903698838
0
0
519209199
6
0
0
0
3540485016
0
0
0
1594232805
3268401630
2604507045
0
0
2896708545
5336219712
0
0
0
6
0
0
21
0
0
0
0
0
0
0
0
670237575
2094630414
0
0
0
0
0
3450769305
0
0
45
3441554102
0
0
0
0
0
6725158245
0
3278110890
0
0
1176003750
0
0
3
0
21
0
0
0
21
0
0
0
113937059
0
3
3
0
0
45
0
10
0
6
0
4531567579
0
0
1
275455655
0
1
2911722480
0
141969675
0
0
5537676114
1
45
0
0
0
0
0
0
0
2677985492
0
2267910220
0
1357387335
0
66
1
0
745037898
0
0
3
0
0
1
353155176
36
0
0
0
0
0
0
0
6
0
0
0
0
3
0
105960403
0
10
0
0
677285589
0
0
0
0
0
0
0
4265877483
0
0
0
0
0
0
137241027
0
0
542077200
0
0
0
0
21
0
36
0
0
0
1723813680
0
0
0
0
0
0
0
0
0
0
0
0
0
1154665537
21
0
0
0
0
422837739
0
0
0
5568976350
0
10
0
0
55
6
3618750165
0
0
0
0
0
0
0
0
10
0
0
390671127
3454591871
0
15
0
0
28
0
0
0
0
0
0
0
3563579238
0
0
0
0
0
0
45
0
0
6
0
0
0
0
0
3995420091
0
0
0
0
686110445
0
0
66
286789275
0
750064545
0
570527289
0
0
0
0
305699891
0
3435417450
0
3778803600
5314856505
0
6
3
0
0
0
5181365437
192364305
0
5924651019
0
0
0
0
0
0
0
0
0
1430586
6
0
0
282803653
3294568506
0
0
0
2140444270
0
0
351350276
6
0
0
5631310830
0
21141253
7210503
0
0
0
0
0
0
0
0
0
10
0
0
0
496865525
0
200170036
0
0
0
0
0
0
0
0
0
66
0
0
0
4485891785
0
3
0
0
45
0
0
0
0
0
0
3
6364796659
0
0
0
0
0
0
0
0
6635923151
638512979
0
0
0
0
0
10208421
28
0
0
0
208620948
0
0
311588163
0
0
0
1451877413
93127128
0
2391310710
0
0
0
334770750
2790306446
0
0
0
36
0
45
0
0
0
0
1110359244
0
0
0
0
21
0
0
349030
0
2123466660
587953465
0
0
0
0
0
0
0
0
0
2461809186
21
0
0
1414295514
10
0
0
0
0
0
0
0
0
2537319460
0
0
4825204900
1019328973
0
379928385
0
36
0
0
0
0
1371858384
0
0
0
0
0
1
0
10
0
0
0
0
0
0
0
342055089
0
0
18571465
0
0
0
66
10
0
0
0
0
10
0
0
0
0
0
3
0
0
0
36
3611328
6133753
0
1
0
0
28
65271025
0
2157358135
0
0
0
21
0
0
0
0
0
0
28
0
0
0
21
0
0
0
0
1
0
0
0
0
3
15
5530942834
0
3656621393
0
0
5506778940
1881573812
0
42637995
1036786413
0
872303775
4307915410
0
21
0
6371680896
10
0
0
0
0
2512235250
0
0
45
256499925
151371299
0
6
2752411905
0
0
10
0
0
0
0
0
0
266747252
0
1
0
1
1392890587
1
0
0
5251023894
0
0
5714820550
0
10
531885399
0
0
387157041
0
0
0
5713110126
0
285473562
0
0
326388465
0
0
3045471962
45
0
6433125690
0
21
0
0
3938946858
0
55
0
0
0
0
6
0
3685840966
0
0
3148965110
1
0
0
0
509842268
0
0
0
6
36
0
0
0
2815688393
21
0
0
0
2437939872
0
4700960111
0
36
766654900
0
1624015530
0
827532900
0
0
0
0
0
0
0
0
8423460
1
0
6397784358
0
0
0
0
0
3496779368
0
0
0
3
0
5915619540
0
0
0
0
0
82631940
2385297879
0
55
0
0
0
45
50657145
242473231
0
4742259921
0
0
0
0
0
0
0
131584753
2358436824
0
446033777
0
0
36
0
0
0
0
3518975757
0
4460826230
0
0
0
176936263
0
0
1135428028
0
0
0
0
21
0
0
0
0
0
0
0
0
0
0
211038237
28868600
0
0
1426340752
0
0
0
0
0
77395461
1
0
888627400
0
0
0
0
0
0
0
0
0
0
0
0
3
1
3715263055
0
292203215
55
0
0
3009289400
0
0
4528616844
0
0
1204447712
0
0
0
0
0
67135075
0
2057258434
0
0
0
1644253157
0
0
0
0
0
3809204676
0
0
45
0
0
0
6432898833
10646805
0
66
0
0
0
76663152
0
0
0
0
0
0
38935897
0
1554449400
2124444326
439635368
0
0
515381564
0
3
344675630
0
0
0
5128971055
0
0
0
2888950050
0
0
0
1315921948
0
0
1
0
0
0
0
0
0
0
0
0
0
0
0
134439002
45
15
45
0
8427564
0
21
0
0
6
0
0
0
6
19697226
6
0
0
0
45
0
45
0
0
0
0
0
0
0
0
29510403
0
0
1634061522
3
0
408336738
36
1330944606
0
239706460
0
0
0
0
2658189205
0
0
0
0
0
0
6347771430
0
0
0
686480910
430960746
0
45
0
10
0
0
3
0
0
0
0
0
0
0
6
0
0
66
0
0
0
0
0
0
0
1288466438
0
2103961110
244614021
0
0
0
494126756
4012601691
21
0
0
66
6
0
0
28
0
0
0
0
0
1833060420
0
0
0
0
906421750
0
0
0
3307081118
36
66
0
4953856887
0
0
1240493124
0
0
0
0
0
2820568242
45
0
0
1
0
3
724224710
0
0
0
0
0
28
0
0
0
0
0
0
0
0
0
0
183945787
201432556
3
0
0
0
0
0
66
66
0
66
0
108155278
0
2198607480
66
1698483180
0
0
0
0
0
10073315
0
0
957036
0
5630780215
0
0
1825499648
1100391325
0
45
0
0
1938433974
0
0
0
5845886211
443409289
0
28
0
0
2622219561
0
0
0
3194122691
0
36
0
36
0
0
0
0
0
0
21
0
0
0
0
3278080
0
3882291
0
2935503717
6
21
0
0
0
0
0
0
0
0
0
0
15
0
0
36
0
1
1458675075
4222575198
0
0
0
0
0
0
0
0
0
1
0
0
0
0
0
0
0
2144371810
0
0
0
0
21
0
0
0
0
0
1130477472
537641235
10
0
0
10
0
0
0
0
21
0
0
0
0
0
0
21
0
36
0
0
2313122130
0
0
0
0
6
0
0
0
3420678783
0
0
0
15
6089278480
648594135
0
0
0
0
0
1
0
55
0
45
0
0
3
0
0
3
28671378
55
0
0
0
2105972544
211038237
0
0
0
3521828656
0
0
0
0
0
1659772892
2152696884
66
10
28
36
0
0
1
0
0
0
0
6
45
0
0
0
0
0
2577009700
0
0
0
0
0
0
0
228370506
2011079904
28
0
0
4531377180
701382316
2265755550
0
0
6027745437
0
0
0
0
0
0
5048165404
0
0
55
0
0
106894131
0
0
0
1
0
0
1
0
10
0
15
0
28
0
66
1
0
3302772165
0
0
3
0
0
0
1
76045277
2699251065
0
7638186
0
6
15
3901580235
0
0
66
725938355
0
439220340
10
0
0
0
0
1
1363726
0
4885908312
0
0
0
0
0
21
1343459524
0
15
2181598479
0
0
3694259901
440169282
0
349497140
36
0
0
28
0
0
0
0
0
0
0
0
0
0
36
0
0
0
0
0
2737223045
3
21
983882617
0
0
66
21
0
0
0
0
0
6505697212
0
0
0
3
0
21
0
0
0
5688017766
0
0
0
3194842035
0
0
0
0
0
0
0
0
55
0
0
0
0
45
0
0
3
0
0
0
0
0
0
0
1
0
0
248160
0
0
0
34582086
0
0
3
2008226979
0
6202028185
480949584
0
5561274871
0
6
0
807035397
0
0
0
0
0
3897694441
0
0
163361849
0
0
0
0
0
3306837105
0
0
0
0
0
0
0
10
1
0
0
0
0
0
0
0
0
0
0
0
0
66
0
0
0
3
0
0
21803106
21
0
0
415195335
0
66
0
0
1345170640
0
4883239689
0
15
0
379349739
0
0
0
0
0
0
0
0
10
0
0
0
0
0
0
0
1443214647
0
0
0
0
808562788
2589012855
0
0
0
0
0
0
0
0
0
0
0
0
2542094546
0
0
0
0
0
940933887
66
0
15
36
0
0
0
36
0
0
0
1546653150
0
28
0
0
111534580
2922033645
6684628059
4065089007
263339775
0
0
3
0
0
0
0
21
0
1941049965
6
10
0
0
0
0
0
0
0
0
2514220380
0
0
0
0
0
45
0
0
0
1
3035334619
0
0
2194365622
0
0
0
0
28
21
0
1566012602
0
0
0
1545263000
0
0
0
0
4945499265
198971326
0
0
0
36
0
0
0
3404745
0
0
1797151100
3428706624
0
0
0
0
0
92296491
1764625518
0
0
0
0
0
0
0
45
0
6648255639
0
0
15
0
0
0
0
0
0
0
1
0
0
1472100927
4188458554
3257334496
1041801478
0
0
0
0
0
2392624864
0
0
259612291
0
0
610000055
5147623779
0
0
36
0
0
15885066
0
1
0
0
0
0
3891163638
2950848225
10
0
0
0
0
6433125690
0
138836116
0
0
0
6891790840
0
0
1657929708
0
21
28
5352658266
6228898260
0
0
1339160600
0
0
28
0
0
266885856
0
0
0
1494978534
0
0
271953
45
2222211105
36
0
0
5229934356
40567528
669578714
0
0
0
0
0
1190354025
0
0
0
0
0
1372958598
0
0
1278940585
0
0
0
0
0
2769875207
0
45
0
0
21
0
0
0
3194128
0
0
732315582
0
0
45
0
0
5273593584
0
0
0
0
0
4475857136
4191937245
955653618
1
3
0
0
0
0
0
0
0
0
0
0
3176961571
0
0
0
0
3
0
5259840829
6
0
0
0
0
0
66
0
0
0
152259972
0
0
5619219021
10
0
0
6278889846
2504868804
0
10
5542939339
66
0
0
0
0
0
0
45
0
21
0
0
0
0
45
102738945
3
1600619904
45
0
0
0
0
0
0
0
0
0
10
0
0
0
0
0
0
0
0
45
21
15
0
21
0
0
0
0
0
0
0
0
0
0
0
0
0
6245316396
165029025
0
1803031269
3255155631
0
0
2777248646
36
0
1
1287755872
0
0
66
0
0
0
0
0
0
36
474859152
0
0
0
4561414286
21
0
0
0
0
0
27405905
0
0
0
1
797422077
0
0
224031528
0
0
0
36
0
6
0
0
0
353367820
0
0
0
0
0
0
143948025
45
3
1947722481
230147785
29028389
0
0
95862780
36
6710616
21
515927502
5137076775
0
0
0
59192640
0
0
0
0
0
0
0
0
0
0
3693830166
0
36
0
368629127
0
10
3086347451
0
1
21
0
0
0
0
0
0
0
0
0
1
0
0
0
1732455788
3
0
0
66
0
0
0
0
0
28
0
0
0
0
66
0
0
0
0
1
0
0
0
72234189
6
36
2500553111
0
0
0
0
334356869
0
0
0
1
0
0
0
36
1913979349
0
0
47253780
0
0
0
21
0
0
1691787190
0
0
6
76316835
0
0
0
1
0
21
0
0
0
0
0
0
0
0
0
0
0
0
0
0
0
1346779022
0
3
0
0
0
3723025185
0
0
0
0
0
0
0
1670969124
0
94827105
0
0
0
3025214199
0
2106037440
0
0
0
0
0
0
0
0
3
0
36
0
0
0
0
0
45
21
0
0
4154480260
0
6
199370493
0
0
0
2353425915
382745275
0
0
4526808804
0
0
0
0
0
3473069486
0
1338643150
15
0
0
10
0
0
0
4349413223
544879565
0
0
0
14233779
0
0
66
0
1891893822
55
1
0
55
36
0
93372945
21
3100348104
10
0
1035238747
0
0
233593299
0
66
0
28
0
2713671275
0
2359054980
28
0
0
21
0
0
0
0
0
0
5526526345
45
0
0
0
0
0
0
3
0
0
0
0
0
0
0
0
1622761937
661115702
0
0
620594064
4369582331
10
0
0
589497615
0
0
368439084
1
0
0
0
0
0
0
4960328937
0
836425429
0
0
0
0
28
30283652
0
3
10
0
0
0
0
21
0
0
0
6
0
0
58325399
0
2916073860
630604340
36
6072295458
21
0
0
818606938
2885454551
0
0
0
36
1
36
0
0
0
0
21
0
0
0
0
0
0
0
0
0
0
6
0
5164175961
140591296
0
0
0
0
3
0
1
0
0
2377430484
0
3145950171
0
10
4595192883
0
0
45
4285111579
0
0
0
0
0
0
0
0
21
0
0
0
0
0
0
0
21
28
0
4767321799
21
15
0
0
10
15
0
0
0
604702473
0
6428589310
6514597519
0
0
0
0
0
0
0
640587300
6491332666
36
0
0
0
45
2568473592
0
0
0
0
0
0
0
0
0
0
0
15
0
0
0
0
0
0
3597004108
3
0
776002707
0
0
0
0
0
0
0
6510374820
0
0
0
0
0
0
0
0
0
395634384
0
97308224
0
665668818
0
0
276207246
0
0
0
0
1
0
36
0
0
0
0
6
0
3
0
0
0
0
0
0
6276984924
0
543526914
0
153735
1072238585
0
0
0
36
9581253
0
123535621
0
0
0
0
0
36
0
0
0
3
5152190760
0
0
0
1
0
0
0
0
0
0
0
0
18087105
3461078355
0
0
0
48221110
0
0
0
115755719
55
243818397
2249158909
0
0
0
0
251316980
0
0
0
0
6905416374
0
0
0
0
0
0
0
0
0
0
0
66
0
0
0
5125831830
0
0
0
4832083935
736569750
0
233679771
0
0
0
0
0
0
2826880800
45
66
0
0
1
0
0
4838967810
3
0
0
183754035
0
0
0
0
21
0
0
0
0
4828250712
0
0
4468953034
0
0
0
10
0
0
3685669286
10
0
66
0
3584885430
0
2073003819
0
28
0
0
28
0
648234020
0
2765485625
0
0
0
0
0
10
6200481
5112677694
1336057250
0
0
4638145113
0
1
0
5430330960
0
1794334459
0
0
0
0
0
0
0
0
0
0
0
28
0
0
0
50165136
0
4463471382
2865434238
448636032
0
0
0
0
0
0
0
0
5994632215
55
0
0
1087947953
3162788801
4933671409
0
0
0
0
0
10
1912309210
86454674
0
4009377333
0
6
1871710308
0
0
0
1562544725
2296623615
0
0
0
0
0
3
3209246660
0
4768688934
0
2307684010
0
0
0
619150454
3
6
45
0
4151837229
0
0
1836486
0
10
0
0
0
0
0
15
0
45
0
0
0
0
2964384491
0
0
0
6414196908
0
0
10
0
0
0
55
0
45
125444880
0
0
3779499108
0
0
0
36
190876491
0
15
0
0
0
0
0
0
1010004037
36
0
0
0
1
10
0
85968828
45
0
0
0
0
0
0
0
0
0
0
0
0
0
1259543142
0
1
36
0
0
0
0
0
6758949456
10
4216328490
0
33068778
2932056743
0
0
21
2659210118
0
0
6
0
0
0
0
21
3
21
0
0
0
0
0
0
0
55
148893393
0
0
0
1805914823
708140158
0
0
0
0
0
1
0
0
0
0
0
2019841451
0
0
0
1803451625
0
0
4995750867
0
3
0
0
10
0
0
0
3018528423
66
6108606180
2585559969
1
0
0
0
7225701
1457703012
0
0
66
0
0
52567130
5678422530
0
0
0
863845394
0
0
0
4611120473
45
0
0
0
551136599
216434415
6
3
0
0
6
0
0
0
0
0
594595
0
0
0
5790870726
1413657350
0
4914121917
0
1
15
0
193051422
1
0
0
2597582967
0
0
0
45
0
0
1374740827
0
45
0
0
0
0
0
0
0
0
409223121
0
36
0
28
0
0
0
0
6526245562
0
0
0
784852389
0
0
0
28
6
10
0
0
0
0
0
0
21
0
0
10
0
0
0
45
146435941
0
0
0
0
417128285
0
1
0
0
594693807
0
0
145530327
28
0
0
0
66
0
0
0
0
55
28
0
0
141818061
36
82529128
0
0
4844281629
0
0
0
0
0
0
0
0
0
0
261392670
36
66
10
0
0
2624247645
0
0
6
21
0
0
0
0
10
4289926823
0
0
0
2299471014
0
2797632191
0
0
0
0
0
66
0
0
10
0
6
0
3
0
0
0
0
45
0
0
0
0
5336116405
0
0
0
0
0
1102879092
0
45
55
55
0
0
0
36
0
0
0
0
4275211725
66
0
0
10326240
225855625
0
0
0
1
10
0
0
0
5718028285
5862008458
0
0
0
0
0
0
0
6437096314
36
0
3163902333
0
0
0
5349347850
0
21
4820588889
0
0
0
503475777
0
0
6
0
0
0
0
0
0
0
0
0
0
0
0
0
0
0
0
910855218
0
0
0
5791085965
0
0
0
0
0
0
0
0
10
0
0
0
0
2427825397
0
1724107260
0
0
45
0
0
45
28
5681726655
0
45
0
2323608529
6
45
0
0
28489926
174013840
0
0
10
0
0
1
0
4779535269
0
1
0
0
1
0
0
0
3
0
0
1288466438
0
1
6
0
292154868
0
36
0
0
0
0
0
0
0
0
45
6
0
705883930
0
0
0
0
0
0
147413035
353474156
0
6783853374
0
0
1
0
0
0
3431439858
6
5433249358
0
0
28
0
3
0
0
0
683889633
0
254330171
0
127288989
4064277516
0
0
66
0
0
2589588525
0
0
66
0
538592607
0
0
0
0
0
0
62848865
39467170
55
20457605
2027603034
0
0
742338231
0
0
4405741470
5872190961
0
0
0
4412878464
0
0
0
251630961
0
0
0
15
0
0
247030877
0
0
4125634845
3
3
0
0
0
0
0
0
0
0
0
0
0
0
0
1459701493
914628
0
0
36
0
0
0
0
5530732485
0
0
0
0
0
0
0
0
0
883827931
2159329171
3
0
0
0
0
45
0
2879683959
0
0
3
0
0
0
925682857
0
0
9664606
0
55
0
2237303242
0
0
4315808850
0
0
0
0
0
3
45
2559236160
10
0
2315163053
21
1435006375
0
45
0
0
0
0
858698940
0
5042841342
0
5576577591
1
0
0
1509174327
0
455008851
0
1
0
0
0
0
0
0
0
0
0
0
0
94827106
0
183773206
0
0
0
0
0
0
66
0
15
0
0
6804019465
2102534275
0
66
0
1216995752
0
10
6
6
6
0
0
0
6
476679105
45
0
0
8086231
0
733081174
1371072767
0
0
0
0
0
0
0
0
0
66
1
97903
0
5296314615
0
0
0
0
0
567019649
1
0
6
0
0
1967055967
0
0
0
66
0
0
0
542077200
0
0
522307357
2821845240
0
10
4876916905
1206411757
45
0
0
1001482632
0
0
2096507845
66
0
0
0
0
0
0
3131213670
0
0
0
0
0
0
0
0
0
175340901
0
1
6528873540
0
0
0
0
0
0
0
0
0
0
0
0
0
0
0
66
0
0
0
550539132
70608785
55
3445786575
6
0
15
0
0
0
0
0
0
0
0
0
0
0
0
6073838370
0
0
0
2773225539
0
0
0
0
0
0
0
0
0
21
0
28
28
0
0
0
4655826
51516324
0
3886136835
0
15
0
45
0
36
0
0
66
15
0
40405554
137439910
3261129170
0
0
6047085306
0
0
0
21
21
1
0
45
0
4547670710
0
0
0
1368403452
0
0
0
0
0
0
1480414481
45
0
0
0
0
0
0
4029281544
0
1937562369
45
0
0
66
66
0
0
6
0
6
0
0
0
406224746
21
0
0
2164787094
1
0
1
0
0
0
0
10
0
45
21
0
0
0
4698536355
0
0
0
0
731129679
0
0
21
0
0
0
0
0
0
0
0
0
0
0
0
543493962
0
3196760775
0
10
0
0
28
0
0
9063152
87774624
0
6
0
1
1084592022
0
0
6
0
0
0
3
36
0
55
0
731779895
55
0
0
0
3936994435
0
0
0
0
80867402
0
0
0
882945250
0
0
0
0
0
3905909875
0
0
0
0
0
6
3
0
1
1
0
0
15
0
0
3
3
0
740028155
0
0
2692935956
0
0
0
1
0
28
0
0
0
0
520660294
0
0
729028019
0
367760750
0
1573913537
0
261164084
3450520113
0
0
0
0
0
1
66
656614440
1349115512
0
0
0
0
0
0
3387015332
0
0
0
0
0
0
0
3
0
3538549865
6
0
0
66
15381831
0
0
0
0
0
0
0
45
36
0
0
0
0
0
21
10
0
10
6699667835
2096831625
0
18219665
3
0
0
0
0
0
0
294528575
0
0
0
0
0
0
0
0
0
0
0
0
3398300416
0
0
2391587374
1
0
0
0
0
0
10
0
0
6870205524
0
0
0
0
3848320305
109645835
0
0
10
0
0
0
3
307581993
0
1792358122
29903510
0
5921494680
0
0
0
0
0
0
0
6
0
3387591471
0
0
5913553062
6
0
3
1107816
0
1923829429
0
0
0
0
0
0
5551892559
0
0
0
0
0
0
0
0
0
0
261873055
3
0
0
0
0
0
0
0
0
5724125440
0
2412727824
178652250
55
45
3
28
0
645177078
0
0
3797081904
1740175487
0
0
0
4332548220
0
21
0
1481394093
0
0
0
1
0
150797660
10
0
28
1617923164
0
0
0
3
36
0
0
0
0
0
40002039
4727565637
0
15
0
0
0
15
0
0
0
0
1
0
0
10
0
0
1207001275
0
0
0
0
36
0
0
66
0
0
15
16482411
0
0
0
0
0
3
0
45
0
0
0
5081983270
0
0
0
0
10
0
2345679735
0
0
0
0
0
0
1734811128
3999264880
0
0
0
0
0
0
0
1074416187
1713202374
0
0
3
0
273113506
45
0
0
45
0
0
0
0
1
76836605
1
0
0
3248784483
3
3690736525
0
0
0
0
0
757441560
0
0
0
1
0
0
0
0
45
0
6
509299569
3
0
0
0
0
0
0
0
10
0
0
10
0
0
0
10
17632891
0
0
0
0
0
0
66
45
0
0
0
0
0
45
0
0
0
0
0
0
6765578271
0
5202356940
0
66
6
45
0
3095074475
2683623663
0
0
0
0
3
28
0
0
0
0
0
0
0
0
6842218624
0
1533444482
0
0
3
66
0
0
0
412749531
0
6
3938148081
1370182723
0
10
112582515
36
3
6
6402196701
0
0
0
0
21
0
6838007974
0
0
0
0
28
0
0
35654790
0
0
0
0
0
0
0
0
0
0
0
0
0
10
6401630910
0
3861051714
0
0
0
0
55
530965
10
0
3
45
0
0
0
1476771010
0
0
0
0
0
10
1903475822
3242500140
28
0
0
0
1819884609
0
0
15
461943207
0
0
0
0
0
0
21330245
0
1219365033
0
0
0
10
0
0
1
339835482
0
0
0
582172482
1
0
0
0
0
3
0
0
0
3
0
0
0
198333486
366054143
45
0
0
2080350746
0
0
562851575
0
1659888125
3240809271
0
0
55962909
0
0
1100391325
0
0
963978185
0
0
0
0
0
615495
0
0
325341786
0
0
0
36
21
3034477620
0
3958586686
0
0
0
10
2576291861
0
0
3
0
0
0
979186128
0
5835186369
0
0
10
0
0
0
883617738
1
0
0
0
0
0
0
1946911164
28
0
0
0
21
0
0
0
0
0
0
28
0
0
36
2094759865
302395528
0
0
570054492
6389755536
3727340960
118695525
1417488384
0
0
0
34275059
0
0
0
0
45139250
0
333245836
0
45
0
1137668822
0
21
0
6
0
0
0
0
0
66
10
0
10
0
28
0
66
804827239
0
248544650
0
0
4291408991
0
0
0
0
0
0
0
0
0
0
0
0
0
0
0
308252025
0
66
0
2783960235
0
0
1
0
0
0
3
0
0
1
0
4612849220
0
5940118461
0
45
2106621589
709307279
0
2899297016
0
0
961213920
0
0
55
0
0
0
0
0
0
0
66
0
0
0
0
6
0
0
0
423681494
291430153
6
0
1392679448
0
6
1001930209
0
0
0
10
1507142250
0
1
0
0
1887344605
5780543958
0
0
10
0
0
0
0
0
0
981311436
0
0
0
0
36
6
0
10
0
904251598
0
0
4498024073
0
3720868209
0
45
0
15249002
0
0
69850290
0
0
10
66
0
0
6
0
0
0
0
0
0
0
21160764
28
0
0
0
0
0
0
0
0
0
0
0
0
0
0
165083532
10
0
0
0
0
0
1
0
0
2325244879
0
0
5307023755
0
21
28
0
960512514
0
5483715109
0
0
0
0
0
0
0
1
863955
0
0
0
863138923
0
0
0
0
0
1191134815
36
0
0
0
4355384391
0
6177994858
0
10024002
0
0
816003
0
0
3
0
0
3
0
0
0
0
0
36
0
0
0
0
74499320
10
10
0
0
1342008522
45
0
0
0
0
5014460404
0
0
0
0
0
0
28
0
0
0
55
0
0
0
8914753
0
0
0
6
0
1
0
66
0
0
28
0
55
1
0
0
4240974698
0
0
0
0
0
0
0
0
0
0
392182011
0
0
36
45
0
2314754814
0
1480414463
0
0
0
0
151197355
1496400561
0
0
0
0
10
0
632239019
4603728962
0
3
0
1345637482
0
0
2462230189
0
209643523
55
1750514837
4369675849
0
0
36
0
0
0
0
1
0
0
1
0
1071590337
0
0
0
1962981117
0
66
0
0
45
0
0
10
1577450186
0
0
0
0
0
28
9752736
0
0
0
0
0
0
1
0
0
0
0
6
0
0
0
2889178110
0
49585860
0
0
21
0
0
0
0
21
0
10
2316524175
0
0
10
0
66
0
342735461
0
0
0
0
1938558475
0
3675202224
45
2876269925
0
0
0
0
0
1743778
0
4370610744
0
5666599587
0
261827280
0
259293368
0
4128087761
55
0
0
2086676895
0
3
0
36
0
0
0
0
0
3066526
4191754086
45
0
2598808459
352783193
0
0
0
0
165265290
0
0
0
0
0
0
0
0
3
0
0
0
45
10
36
0
0
231781209
36
45
21
0
6661638385
1006232227
3
10
3082970016
0
0
0
0
0
0
0
0
21
55
0
0
0
0
36
0
0
0
0
0
0
36
0
1687253089
0
55
0
15
0
0
2628596235
0
0
1
0
3461827191
0
5106713346
0
0
0
0
0
0
314967341
0
0
0
639442420
10
0
0
1112858225
2456339059
0
0
0
0
0
1620085497
4881250
3154046166
876653113
0
0
0
0
0
3
0
0
0
45
0
6
66
0
0
0
0
0
0
0
0
730021154
0
0
153181
0
36
0
0
0
0
0
0
0
10
2747887883
0
0
88039815
0
0
0
28
3588950958
0
907614312
3056628
3375666816
0
0
0
0
4712311704
1
0
0
0
45
0
1993171932
4405647625
66
6632697834
28
0
0
0
0
0
0
0
0
0
1352546052
0
617708505
66
2542308435
0
506749529
5215625866
0
6
15
1144691600
0
0
0
0
0
3
1787870497
4513592545
0
0
0
2521135
0
0
372740555
0
45
0
0
0
0
18364830
0
0
0
0
0
0
28
0
0
3
0
0
0
30925180
0
21
6805186050
0
0
0
0
6
0
21
98399406
3614837833
1
0
0
2175063984
0
0
0
0
0
0
10
4573839491
0
0
0
1
0
45
0
0
1
10
0
0
3
0
0
0
0
55
45
0
0
0
3
0
0
3924581274
0
0
0
153817030
0
1
0
0
6
36
0
0
28
0
1
0
0
1689054375
0
0
0
0
0
0
0
7728346
21
6
0
0
45
0
6
0
417417170
3027392542
1
0
0
903996439
36
0
0
1397644870
0
0
0
0
0
0
0
6
0
0
0
0
0
0
0
21
3
0
0
0
0
336428820
0
977682087
10
0
0
0
0
0
0
0
0
0
0
0
0
0
0
0
23191455
0
0
0
5362284975
0
0
0
5736650896
0
1996203669
0
28
0
0
0
376737515
0
0
3
1437632628
2238641292
0
0
0
0
10
0
0
4071312921
0
0
0
0
1109746713
1
6582576375
0
1
0
0
0
0
0
55
0
3
5133327105
0
0
0
0
3135488445
782951803
15
0
0
0
0
0
1263008667
0
0
45
0
1286030942
0
0
0
45
0
0
3927594120
1
6838007974
0
1023622880
404800830
0
684185521
4600562967
0
0
0
0
0
1
5796791256
0
368873540
0
0
0
0
0
0
0
0
0
0
0
0
0
0
0
0
0
45
0
0
0
0
0
0
2481425113
0
0
0
1069091917
887236744
0
0
0
3
0
0
45
2089067835
0
0
0
0
0
3280459455
0
0
1
0
0
4529473386
8472786
0
0
0
0
404516345
0
6009971364
0
0
0
0
0
1696560369
0
1
0
45
0
0
0
3480073868
0
700745765
0
5243750370
21
0
0
0
28
0
0
0
0
2886746100
21
0
0
4525476771
0
0
0
0
0
0
1
3562988275
0
36
0
237325791
45
0
782121004
28
0
0
0
0
2803020491
0
0
0
0
0
3091613625
0
0
0
0
0
0
0
0
0
10
0
5985656925
4747130605
0
5352451314
0
0
3665691840
66
3
0
0
0
445138182
0
0
0
1042486288
0
0
0
0
0
0
21
5934016204
0
27000226
1782074844
0
0
0
0
0
0
0
0
0
0
981665874
6436755925
0
45
0
45
21
0
0
879922224
414043475
0
0
1824593408
0
0
0
0
0
0
0
0
3
122703944
2737814982
130548561
21
5747045610
0
0
0
0
66
0
0
0
0
0
0
0
0
0
0
0
0
0
0
10
0
0
0
1220451709
0
0
0
0
0
0
0
0
5332914405
0
0
1261099503
3
0
0
0
0
0
0
4268648982
0
0
2263128
0
6452536755
0
1
1
0
0
0
1
0
0
2481213754
6737573337
0
0
0
0
0
0
6454808944
0
0
55
0
0
0
2297030274
0
0
0
0
6901068837
0
12698279
21
0
0
291623322
0
0
0
0
4309957725
0
3
0
0
0
0
0
0
0
0
857249118
0
0
0
25851645
0
3
28
0
0
0
0
0
0
0
0
0
0
0
0
0
0
0
0
0
0
0
0
0
0
0
0
36
2474807445
0
0
0
6
10
3195321701
0
0
0
0
0
36
0
0
0
3724837506
0
0
0
1
3218386290
21
0
0
6
0
0
2300352691
0
21664650
0
0
0
10
28
6
0
3982022646
0
0
0
0
0
0
1
0
1604582904
73647316
0
0
0
0
3
0
0
0
0
0
1129954463
0
0
45
254375280
1943168964
45
36
0
0
21
0
0
0
0
0
0
0
66
0
0
0
0
0
0
390531377
0
1172950392
30066135
45
0
0
0
238525561
0
0
0
0
6094135134
0
0
0
36
0
0
0
0
0
0
10
0
0
0
732774900
0
4777384590
0
0
0
0
1972893484
0
55
0
0
0
0
0
0
0
0
0
0
0
0
6210606930
0
5501742687
0
0
0
3
0
0
0
0
0
0
0
0
45
1617240622
6
0
21
66
6816857400
0
0
0
0
0
0
0
0
0
0
5169563676
0
2234561490
0
36
0
0
0
6
0
769123807
0
0
0
0
0
0
0
0
0
0
0
4907680092
0
0
0
0
0
0
0
10
0
0
0
1
0
36
261987495
0
36
0
668408202
66
0
0
649494840
0
0
36
0
0
6
0
6702214687
0
0
0
1882770
0
0
0
0
4416919011
82452055
0
36
0
6
0
0
1196509793
0
6
0
0
0
28
0
302125061
0
0
0
3
0
0
689151372
0
0
1397380542
288204036
28
0
0
0
4643058402
3
552864357
3506570630
0
0
5638635870
0
0
0
0
6857955
3
0
0
485270278
6
0
0
139687254
0
0
0
1234473513
0
0
0
1031329221
0
1
28
0
0
1059909858
0
4984903
0
0
643920420
1148139212
0
2491226955
0
0
0
3754327857
1
2004362919
0
66
0
0
6874895104
3507408125
773522757
0
0
0
1780164918
223629526
10
45
0
0
308848231
0
0
0
0
0
225345829
0
0
0
0
0
0
0
0
2696606605
0
0
0
28
0
2739221126
0
0
0
21
1430188900
3737881932
0
0
0
0
0
0
0
36
0
0
0
0
0
28
0
15
0
0
0
0
0
0
607348375
6
0
0
0
10
0
0
1
0
0
0
0
0
543230220
0
5478270735
0
36
0
52844340
0
112147776
0
0
0
3
21
0
0
21
0
5727419
0
21
0
0
0
0
10
0
36
0
1080962253
0
0
421472060
0
0
123944639
0
0
0
1530898108
3
0
0
0
0
0
1
21
0
6
0
0
1689693750
45
1701631925
0
1
0
0
0
28
0
0
0
10
0
1
21
1
0
1228121552
0
0
0
0
0
0
0
0
0
3
0
0
0
0
0
5486333580
0
0
0
28
4663993043
15
0
2889102095
66
0
0
0
0
0
0
0
0
10
3179034408
28
0
0
0
527653854
0
408622563
0
0
0
0
85366710
0
0
66
0
0
0
0
0
10
0
0
0
3757621385
0
58066476
0
0
0
0
0
0
0
66
0
0
0
0
0
0
0
0
0
0
0
10
0
0
0
0
0
0
0
0
0
0
0
0
0
0
0
4029371290
55
0
6
0
36
274845735
0
0
1454249412
28
10
0
0
0
36
0
3586748511
0
0
0
0
0
13310220
83547200
0
0
0
0
0
0
0
0
0
0
0
0
1927925554
45
2263128
0
0
0
0
0
0
0
10
0
0
66
45
0
0
6
0
0
0
1144691600
0
0
66
1
0
0
0
0
4699311886
36
0
2243059695
425167380
938462823
1
2285048967
0
0
0
4117554333
0
77432790
0
21
0
0
0
0
2625117101
0
0
0
0
0
28
3
0
0
0
0
66
4684200390
66
0
21
1
0
0
0
0
0
0
0
769437596
0
0
0
0
0
0
170893825
0
0
0
45
0
0
401421944
0
0
0
0
0
0
0
24545521
0
0
0
45
0
45
3
21
1365632188
0
2937726216
0
0
2639628775
0
0
0
0
0
66
0
0
0
0
0
0
0
0
0
1
6
1
0
0
0
0
0
0
0
0
55
48506325
24728027
6
0
0
0
0
0
66
0
0
3
123237149
364810566
0
0
0
0
0
0
0
0
0
1
0
0
2044769269
0
0
0
0
0
0
0
0
0
2241921205
0
0
0
0
0
0
0
0
0
0
45
1111160483
0
1812471507
0
0
4125907335
0
0
0
0
0
0
0
45
0
0
429054556
0
0
0
1212903
0
0
0
0
0
0
0
0
10
10
0
21
69720335
36
0
204757965
0
0
174891750
1
5272874712
5620597255
273440795
4517774019
0
0
0
0
0
0
0
3
0
6
0
0
0
66
0
36
0
207845463
6765680
0
0
0
0
30470721
0
0
0
0
10
11445720
21
2056809417
1190110075
0
0
21
45
0
737875319
0
0
10
0
290658095
0
0
0
2653743368
0
5760454714
0
0
0
0
0
0
10
4643628
45
0
1
0
0
0
167637205
5471887533
0
0
64496403
0
0
0
36
0
0
1433399647
0
915256714
6
0
21
28
1572118698
0
0
0
66
0
317205078
0
28
0
128504496
0
98694225
10
0
0
3800917256
0
0
0
0
0
833564862
4214583934
714060944
0
2853636803
1
15
0
29158066
0
0
0
39618351
0
0
0
0
0
0
663736374
0
0
0
0
0
1356553825
0
0
6
6
0
0
0
0
0
0
0
0
0
0
36
0
2240649147
0
4059951060
0
28
0
4836115342
55
11924286
0
0
265432319
0
0
3
0
0
1
249571311
0
0
0
28
0
0
0
0
0
10
0
0
0
0
0
6
0
0
0
0
1141296948
28
0
0
0
0
0
66
0
6
3341490365
0
683076240
0
10
0
0
0
0
0
0
0
0
0
0
0
0
0
0
1908229717
0
6
5014560519
0
0
0
0
0
0
6101755170
0
0
4995251083
0
0
0
0
0
0
66
0
0
0
0
470707902
1
0
0
1
28
0
1432278
0
0
0
680675855
0
0
0
0
0
0
0
45
0
0
0
1133760768
0
0
0
387574560
4932380145
0
0
0
0
45
0
1738524055
0
45
0
0
0
0
0
0
129018016
0
0
0
66
0
0
1719585
0
0
0
15
145138197
4965011359
0
0
2595565189
0
0
0
0
0
0
0
0
0
0
0
6
0
0
6
0
36
0
0
3
0
66
0
55
11488820
6
0
6
15
2747368973
0
0
2748258555
3
0
5068281504
0
2496594432
0
2199801279
0
0
0
0
55
0
0
199330558
36
36
0
0
5751763819
0
0
0
2302320117
224794206
1
0
0
0
1534164522
0
0
0
45
0
0
6
36
36
0
0
0
6570304973
0
133522310
0
0
66
21
0
0
0
0
0
6007669260
0
0
2565464244
0
15
0
3790881
3
0
4185804711
0
0
202316670
0
55
2805342050
0
0
470677200
0
0
0
0
0
0
0
0
21
0
45
15
0
5629931283
0
0
3
259225064
360555230
0
0
0
960381048
0
1
36
0
0
0
3860788083
0
0
353686905
0
1
6
0
0
0
0
55
10
0
0
0
0
0
0
0
0
4155027165
0
3960277467
45
0
1
1092944866
0
1
4085511
1
0
0
0
6
28
0
0
122265
0
0
0
3998370585
1263863198
45
0
521887257
10
1
0
66
0
0
66
0
28
1
0
0
3159210806
0
15
21
0
0
0
0
0
0
0
1
0
0
0
2408422870
0
0
0
0
0
0
0
930551367
3216541311
0
384601244
1
0
0
5337356176
21
0
21
0
0
1
0
971457060
10
190739745
737606435
0
1
4034400030
0
0
0
0
1506428602
0
6
36
0
3
0
0
119513527
0
0
0
0
0
0
3
0
0
3469070150
0
0
0
0
21
0
0
6534816937
0
5324242791
0
0
0
6
4623228533
0
0
0
0
0
0
0
0
0
0
580535774
0
45
0
45
0
45
0
0
0
0
0
0
0
0
0
0
4772889187
0
745539804
0
3192444455
0
0
0
0
0
2633528989
0
55
0
0
10
0
45
0
0
0
5722199665
0
1752112800
0
0
81810
6
0
0
1
4426793316
0
0
0
36
0
252079830
0
0
0
48516
0
10
0
436852446
1
0
0
0
0
0
0
0
0
0
0
6
40405555
0
69154680
4323337523
0
0
0
0
0
0
0
0
1603053725
0
0
0
0
0
0
0
0
0
0
0
0
0
0
3538886340
0
0
10321696
0
0
0
0
0
2591388000
6
0
2327403
2276673975
45
0
2786871117
888079437
267301871
0
66
182261778
0
0
0
0
1
0
6748024823
0
0
0
0
0
17674484
0
0
0
0
0
0
353128600
175565691
1
0
0
0
3516291720
3286942650
672876269
0
0
0
0
36
6
1116115878
4784871
0
0
0
7579671
0
0
0
0
0
108670653
0
66
0
1
0
0
0
0
758921317
0
0
0
45
1
1128291253
21
88451650
0
0
0
0
0
15
0
0
0
0
0
0
0
0
0
0
0
0
15
10
0
6
958497430
0
0
45
0
0
0
3
0
444273335
0
15
0
252753876
0
1
28
0
0
0
0
51943527
0
0
6
0
0
36
0
0
0
0
1317512750
0
0
1
0
0
0
0
0
0
0
0
0
3
0
0
4640264252
66
1079939572
6
0
1093599500
1
153536526
16316328
0
0
0
0
867965277
0
0
0
3
0
2566467154
0
5753480040
2037357846
0
6
0
0
1400501322
55
36
0
0
0
0
0
28
0
0
0
0
0
0
1
0
43715925
0
0
0
0
0
0
0
0
1
0
0
10930149
0
0
0
0
0
0
0
0
518275089
0
0
0
0
15
0
1
0
0
0
0
5787427425
0
0
0
3046746
10
1400301
38803645
0
0
0
0
0
15
0
1323165397
10
0
0
1009195180
0
0
2662278
3
0
0
5494821651
186467013
0
0
0
0
0
0
5804869581
0
0
36
3252170880
0
4437055448
0
0
0
0
944277150
0
0
21
1486351500
0
0
1921780
6837423264
0
0
0
0
0
554095384
0
374380565
0
0
0
0
0
1279648752
0
0
66
0
0
36
0
0
0
3727599986
0
18159350
0
0
0
0
10
0
3
0
0
0
0
0
45
0
0
2153550000
0
0
1244930148
0
0
0
0
3
45
0
0
2758350639
3
5153815035
228199566
0
0
0
0
0
11407475
0
0
303675690
0
28
55
0
2336237184
4102680
0
0
4516253259
36
0
0
0
0
0
15
0
0
21
0
0
0
0
0
0
0
0
28
0
0
0
0
4909661742
0
4815288114
0
6
0
0
0
0
0
12552554
0
301584519
41146055
0
0
0
0
0
1779806925
0
1
1
0
0
0
0
66
0
0
0
5576471983
165993310
0
1
0
3617474166
121968770
6695154120
36
0
55
0
5892691035
0
0
4738657240
66
920312247
0
2224078137
0
1
195614307
0
0
0
546134704
0
0
1
35427152
83961360
0
1
0
370913456
0
0
21
0
0
511024464
4036106890
2015712265
0
2558020091
0
0
0
0
0
0
0
0
0
0
1245279437
0
0
0
0
619784007
96250872
45
0
0
0
0
0
2483679954
0
0
0
554894640
0
1
0
0
0
28
0
10
0
0
0
1348128765
0
0
66
0
25801336
55
0
0
0
0
21
0
0
398254752
0
0
3746533158
0
0
0
0
0
0
0
1
0
0
0
0
0
0
0
0
0
0
0
0
0
0
0
9067410
0
0
0
4419457065
224561028
0
0
55
0
0
0
6
0
1
0
212829396
0
0
36
74365110
36
5979750075
0
0
2678497826
0
0
3
0
6
0
0
5837887419
0
0
0
4128814701
66
0
0
0
0
0
0
0
4092365170
0
0
0
0
0
0
0
0
0
0
0
0
4662447850
1451015357
66
0
0
0
0
0
0
0
6267128880
0
0
1214333093
0
0
0
438242814
21
0
0
0
2133971749
45
115786152
6
55
0
0
0
0
0
0
0
0
0
5436898448
0
0
0
0
0
0
45
0
182357253
0
0
0
0
0
519660440
0
0
0
0
1201553725
0
0
0
15
28
10892778
28
0
5693625
0
0
1308033375
0
0
0
0
2022575391
0
0
0
0
0
64746510
0
0
3
0
0
0
1404632475
496
0
0
0
0
36
0
0
4639589901
0
3
0
3
0
0
0
0
0
0
0
0
710399970
0
0
3703118725
0
0
0
3
0
0
3
0
0
208539253
1
831320694
0
0
0
0
0
0
0
6
4126634107
0
0
0
1
0
0
0
0
0
0
1726868268
1
0
828631694
0
0
0
4377532041
0
606686360
369797609
0
1336367423
0
0
0
3
0
0
0
0
0
0
1173870803
0
10
0
45
0
1
1
0
0
0
1
0
6054015621
0
0
0
28
36046
0
2552444040
0
899410075
995628370
0
0
0
723844175
3
1
175809376
0
2150794455
0
0
0
0
45
2139593784
0
0
0
6
0
3698559011
0
0
0
0
10
776239098
0
0
0
21
15
0
0
0
0
0
0
45
0
0
0
0
0
0
55
0
0
6767090561
0
0
0
36
10
0
0
0
6
1719585
0
0
0
55
31980002
0
0
0
0
45
0
0
0
0
0
1478347497
1
1352650050
55
6919643554
0
4402175175
6
0
0
2305510554
0
0
0
6
0
10
0
10
0
0
0
0
0
0
0
1
567120680
0
3527285991
0
3
0
797661690
0
0
21
36
5278627081
0
0
3
0
246098205
1
0
0
0
0
0
0
0
15
0
0
0
0
36
0
4226343836
931284882
0
0
0
729677280
0
0
0
0
69025374
0
0
0
2844352140
6
0
10
0
0
0
0
0
0
0
0
3291971501
0
1435649317
0
0
1896386895
0
0
0
0
0
0
0
0
0
1756081188
2053411534
0
0
2674839501
4500110994
4819705254
10
1
0
0
0
0
0
612657509
0
3476320643
0
0
55
28
0
0
0
63545901
5483610405
15
0
0
0
0
71670378
10
0
0
0
0
3
0
0
0
0
0
0
0
1322033907
0
3
0
0
0
0
0
0
10
0
0
6185222208
0
0
1
0
0
36
219273210
10
0
0
387574558
0
0
4434512379
0
4186445220
0
0
5531048031
28
0
1
0
66
6178217154
0
66
0
1
0
0
0
0
0
533844129
0
0
0
0
0
0
635265189
1469389152
666143235
231953491
0
184733031
0
59051278
0
0
0
0
0
0
213159628
0
3987914733
1781119764
0
0
58195866
0
0
1027653752
0
56812469
3
0
0
0
0
1494923850
36
21
1
0
0
0
0
0
0
45
0
0
3520402050
0
0
0
1
0
1
28
626349920
10
0
0
1706628
0
0
21
0
0
0
0
0
0
207967812
45
959855202
0
0
0
0
2641736318
15
0
693017834
478781039
0
1299250779
0
1280458312
0
0
58185078
28
10
5493668565
0
0
0
0
0
144287578
3
0
0
0
0
0
4456860057
0
21
0
0
70134245
66
0
3978453786
0
0
0
1052831313
0
0
1
0
0
6716115198
431136929
0
1869324934
112777670
55
0
45
3
0
0
0
36
45
0
772697013
0
0
0
0
0
0
0
0
0
0
0
28
3
0
36
0
0
0
0
21
0
0
0
0
0
0
0
34308185
0
0
0
0
0
0
0
0
0
4417107000
0
0
0
0
0
1
0
21
3
0
0
0
0
0
0
0
0
0
6
36
15
0
240692764
0
0
0
0
3
0
0
0
0
0
0
0
0
0
0
0
1
0
0
0
21
0
0
697007115
21
0
3202360425
0
0
0
0
0
13408431
0
0
2756419866
1032692175
0
0
6
0
0
167289485
3477237911
21
0
0
0
0
0
10
21
0
1
0
21
0
0
252057378
0
0
66
3985771671
21
335754741
45
45
0
22892761
0
3465406116
45
0
0
0
0
21
0
0
0
0
0
0
2380189504
0
45
4765076187
0
3
3
0
0
5120871735
0
0
0
3
0
0
0
0
0
6
0
0
0
440139594
36
0
392714310
0
36
0
10
0
0
0
1076967249
0
1
0
0
0
680343807
15
1
0
2358299497
0
0
0
0
0
0
1789545219
0
0
13978827
0
28
1638638107
0
10
0
15
0
21
0
0
0
0
0
1
109275936
1253727747
0
0
45
10
0
55
0
0
0
786874270
10
243906740
21
10
0
0
116060229
6281243358
0
4422560121
63748985
0
0
0
45
2260776897
0
0
0
0
0
0
0
38320632
45
3106493217
0
0
103040190
0
66
0
0
0
0
0
0
10
0
0
0
0
0
66
0
0
0
1
21
0
55
0
0
0
0
234913649
21
0
0
0
5568870835
3
0
0
0
0
0
6750697044
0
0
5436481335
10
0
0
66
0
0
4720178475
0
1956407592
0
0
0
4984362210
199750075
0
0
0
4822847542
0
0
0
66545415
0
0
0
0
0
0
1
66
0
0
0
0
0
0
0
0
70620670
0
0
0
0
36
42730390
0
0
0
3
0
0
1265070147
0
0
0
630320244
3974529888
0
0
0
0
3
0
0
3
0
2446676122
0
0
0
1002825699
0
0
6298291429
0
0
0
36
0
0
0
0
809407492
3
0
0
0
0
0
0
0
0
10
21
0
0
0
0
0
0
0
0
6895665700
973353378
0
5898880587
0
6648481
0
3674259181
21
10
0
49357079
0
0
3
0
0
6091795
6
0
0
0
0
0
3
3
0
3205962730
155734773
2890810
0
0
0
1513077527
0
28
0
0
0
0
16259252
507705044
0
6
0
0
0
0
4961623854
0
0
0
3308951915
2922415890
0
0
0
620946399
0
10
6
36
2873312685
0
0
0
3929806
0
0
0
0
0
6
0
0
0
1568083998
0
6
3057346296
0
0
1
0
267255640
0
2218013100
1188403100
0
6601177296
0
1
1
0
0
66
35545093
1788348909
5261379445
0
3
88371865
0
21
0
3361303026
66
0
342971144
0
0
546862055
10
832217982
0
0
2978723510
5174852445
21
0
0
0
12547544
0
0
45
21
0
0
0
3
0
0
0
593797490
0
0
0
0
21
0
45
0
21
0
0
10
1456191533
45
0
36
0
6071413870
0
0
42989627
3303015958
0
0
1167290375
1
0
0
0
0
0
0
0
3618920340
0
0
21
0
0
274798836
0
0
0
0
0
0
1664212250
0
0
0
0
0
695514455
0
0
0
0
0
2281197279
0
1447246894
0
0
45
0
0
0
0
4511977460
0
10
0
0
45
0
0
0
0
0
36
1
0
0
0
0
0
0
6
1218723132
225706881
0
0
0
0
0
0
0
0
0
0
3569406741
0
0
0
0
3
0
83715330
21
0
0
0
0
0
5824712233
0
6
6
11331180
0
1
0
0
579650155
1066873522
0
0
834218278
0
0
0
17621015
0
1
0
0
5557795099
6
0
0
0
0
0
0
0
36
0
2570552545
0
1419405812
0
1634347372
21
0
555927819
0
0
0
305279695
0
0
0
0
0
0
0
0
2572273669
0
0
0
3337976026
0
0
0
0
4519199930
0
0
0
0
0
0
348070920
1271718500
6
0
0
0
0
0
0
0
0
6
0
0
45
0
15
0
0
341349246
0
0
0
1264215183
6
36
0
36
0
0
28
1415403
0
0
0
0
25286716
11851145
0
0
3139132185
0
6
0
45
66
3
36
0
8276345
0
0
0
93824451
0
45
3
0
3
0
45
0
0
0
0
0
0
4782860044
0
0
0
45
0
2053539731
0
66
0
21
4167251550
40470
0
0
0
66
0
0
0
0
0
0
0
0
0
0
0
0
0
0
0
0
0
0
0
0
0
0
0
0
2897774246
0
0
0
0
0
0
0
55
0
0
0
0
0
1817371
0
0
0
0
0
0
0
0
0
6
0
418429041
269897751
0
1497987477
6
0
0
3
0
0
5677889700
36
0
1131333522
0
0
0
0
0
0
78820290
0
0
45
0
4099968160
90915869
36
6
0
1468088385
2137631769
0
252192101
0
152783939
1791400275
0
1
0
0
0
0
667590
0
10
0
0
0
0
0
0
0
803664183
10
0
0
0
0
1029059658
36
0
53669979
0
0
0
0
36
0
36
66
0
0
0
312062652
10
0
3846741283
3138894518
0
0
0
455914285
0
0
36
45
0
0
1
0
0
0
0
4599795600
0
28
0
3
0
344491866
0
497306950
0
4430746159
4497549848
0
45
0
0
21
0
0
28
0
0
0
0
0
55709290
0
84545506
0
0
0
0
1291056677
0
56897778
1488587763
10
0
0
0
318339518
0
0
45
0
45
0
0
0
4523384034
0
6
0
55
0
0
0
0
3
0
6
0
21
6
0
0
6891321234
0
0
41646500
0
15
6
0
36
0
0
0
0
1
0
0
2600034180
4585228175
2268853188
21
0
0
0
0
0
0
0
2463212760
0
0
0
0
0
4457898655
0
0
74072700
28
2426780272
0
5814463137
0
4232045955
0
0
0
0
0
1647695687
0
3
0
0
0
0
284423165
0
0
3114538340
644853813
0
0
0
0
4420021176
0
0
0
6
0
0
0
0
4623132348
15
0
1
0
0
0
0
0
1663346975
1
0
0
0
0
0
0
5835186369
0
0
0
24573555
0
3149917496
0
1583916165
0
1552108442
0
89813502
0
0
28
0
0
0
0
0
337311345
0
0
0
0
0
0
0
0
0
0
3917142771
1600450170
2023275042
0
0
0
0
1287045452
45
0
1
36
0
0
0
0
0
3
0
0
0
0
0
0
0
0
0
10
0
4025871001
0
0
0
3
0
0
0
10
45
1426661233
0
0
28
0
0
0
55
0
0
10
0
0
0
0
0
0
0
0
0
10
5640972370
0
590459409
2172031089
0
1265019835
0
767790870
0
5654363608
21
6438231030
0
28
0
0
0
0
0
3
0
21
0
0
4008213300
0
0
156087946
1
0
0
452267849
0
5466449014
0
0
0
66
3
1573296462
0
990191748
0
5073705
6
0
0
0
0
0
0
1
36
0
0
0
0
1
0
0
445705275
0
0
0
0
0
0
0
0
0
0
10
0
0
0
0
0
0
0
0
0
0
1389567382
0
0
0
0
0
0
0
28
45
0
0
0
0
0
4969995084
4420679351
0
0
0
1
0
0
0
4482293176
0
0
45
0
0
0
0
0
36
0
21
6
4330872825
0
0
0
5405660187
0
0
0
0
2840959095
0
0
2093077329
0
0
0
45
0
0
3
3
0
0
1342941222
0
0
533190839
10
0
0
3
0
2890622559
0
36
66
0
0
0
0
717087384
0
0
1517371406
0
1
0
0
139086181
0
0
0
28
0
6
0
0
0
66
0
45
0
0
1028560687
0
0
0
0
0
0
0
0
0
0
0
0
0
36
139553571
0
0
0
0
0
0
0
0
0
0
0
1491644884
0
0
1666225
322516493
0
0
0
0
45
0
0
0
2055378
4579962723
0
0
3846390476
2589372660
0
0
0
0
0
45
0
0
0
0
0
0
0
0
0
0
2159592039
255007233
0
0
0
0
0
0
0
87840885
3
0
0
0
0
0
0
0
28
0
28
0
1
0
0
296302986
4011616333
0
0
0
194291325
0
0
0
3
36
0
0
4558835813
3
737990570
0
45
0
3
433342065
0
0
66
0
0
0
0
0
0
0
0
66
0
0
3530058290
0
0
3
0
10
0
0
0
0
0
26277625
36
6554495199
0
0
3
177689523
0
0
0
0
5780436415
0
0
1891463229
0
6298291429
761338710
0
0
0
6227893749
0
0
0
0
0
0
6
21
2580816084
899664568
0
0
0
0
0
123095894
0
0
0
10
0
0
2811787517
3
0
28
0
0
0
0
2483327539
0
0
10
0
0
0
0
0
744497577
55
36
10
500275895
21
0
0
0
956090850
0
0
486298870
0
0
4719401215
0
0
0
0
36
0
0
391398230
0
0
0
0
0
0
0
136133250
0
1630804577
0
0
0
0
0
0
0
0
0
0
3
0
1993235070
2255535024
0
0
0
4406210820
28
0
0
0
0
0
1931404440
0
0
0
0
0
0
0
3
0
0
6190673290
0
0
21
0
55
4742065155
0
5908225390
2393109147
3607189408
112357545
290200185
0
0
0
0
0
0
0
45
1
0
0
0
1
0
0
3325160465
0
455370930
0
0
4573743848
0
0
0
0
0
0
36
0
134340636
21
1573352557
0
0
0
0
387546719
0
28
21
0
0
45
0
0
2499280344
0
0
0
0
21
0
0
0
0
0
3
66
2682158651
0
0
0
0
0
0
0
0
1479489603
0
0
0
818081019
0
2141491262
0
0
0
1493229273
0
45
0
0
0
0
0
0
0
0
15
0
459545085
5401917666
0
0
0
0
0
0
1453440564
0
21
0
2753821755
1
0
0
4441672605
21
0
0
0
0
36
21
0
0
66
0
45
4248898781
0
6736180430
0
0
0
0
0
55
0
0
0
0
0
0
0
0
0
0
0
0
0
0
36
0
0
0
36
6735484025
0
21
0
0
15
0
0
0
0
3398218010
0
0
0
0
0
0
0
5628870198
36
7263766
60582528
0
0
3
21
0
66
0
10
0
0
1
3240
0
0
0
66
0
0
1768964930
0
0
36
0
0
1955281809
0
0
10
1740234482
0
0
0
0
0
6522247512
0
0
205852192
0
0
15
63118230
0
28
0
36
0
0
0
0
3
0
1058989228
0
3
3
4324267448
0
257588253
21
0
0
0
0
0
10
0
133816619
21
0
6537789660
0
0
1986232868
0
0
0
4374070725
45
26517402
0
158553525
0
4045905990
4932876765
2150860042
3
0
0
0
0
6
10
2974788401
554062115
0
0
0
28
106733354
3127811750
1
14031753
66
0
0
0
0
0
1861323585
0
1075621768
0
0
36
0
0
0
0
0
0
4189465361
28
0
0
0
0
0
45
0
0
3
3
36
0
0
45
15873795
0
726319438
344990775
0
0
1
0
0
2770917336
1757385249
21
0
0
28
0
0
0
3363681200
0
0
0
0
0
0
0
0
72884701
0
0
0
704381790
0
0
0
0
0
0
0
0
0
0
0
505190788
1
0
10
0
2534626
0
4400767815
3038062239
0
0
3
0
777737079
0
0
0
0
0
0
469787877
0
0
0
0
0
10
731473873
2642390520
0
0
0
0
0
6378342940
0
0
1275857327
0
4582451483
45
4143822145
0
0
0
0
0
0
0
0
2405439444
0
10
10
0
1
1110783408
0
0
0
0
0
0
0
0
0
6
0
0
21
0
0
66
0
0
1
0
0
0
0
0
21
0
15
0
0
0
0
0
0
0
0
0
6567324855
0
0
3204921846
1906562089
0
0
0
0
601368519
0
2723256864
0
330026586
6
0
0
15
0
802021254
36
0
0
2263128
0
10
0
45
3427216191
341558306
0
45
0
0
0
3
0
1807597995
0
0
0
0
0
627766460
508119360
0
0
6110264286
0
10
0
0
88851115
36
0
0
0
0
0
3031362306
0
0
0
0
0
0
0
0
0
0
0
0
0
3
0
0
0
0
0
0
2701308732
0
0
0
36
0
0
0
0
0
0
0
0
6034664664
1
0
1724283447
365161799
0
0
10
6
18298224
0
3529806216
962793015
0
0
1
28
3623856390
3
6
0
0
0
0
0
0
0
0
0
66
993665889
3
95516931
0
0
0
600051402
0
271386743
28
0
0
0
0
0
0
0
4916402314
0
792756468
10
3967845888
0
28
0
0
384462584
0
0
0
0
6
557295784
1
0
0
66
0
0
713645309
6244310583
165701907
28
0
1175082453
0
0
133783903
66
54085197
0
0
0
3
45
1573240368
2854921256
0
0
1
0
0
1
0
10
0
0
45
0
21776700
0
0
0
0
0
0
719702809
66
45
0
0
0
0
3630414610
0
0
0
1487660303
2466793670
0
80740278
66
0
0
0
21
0
0
1213150625
0
4018964670
842325484
0
0
0
0
5009654620
0
0
66
0
0
6
1927180465
0
0
0
132283244
0
55
991936
396591365
0
0
0
0
0
45
0
0
0
5837455230
0
0
0
0
0
3567632675
0
28
0
0
0
14620527
0
0
0
45
0
0
0
5363113462
0
59432252
0
0
0
43026726
0
0
0
0
0
0
0
0
2621423018
3809990268
1
0
0
0
0
2134102410
0
6
0
4525857315
0
10
3
0
45
4354637771
28
0
36
0
0
0
0
0
0
0
0
0
3
0
45
4409215350
0
0
0
0
66
0
0
0
1
0
45
36
0
0
0
21
0
0
0
0
0
82182610
0
1
0
0
3692197242
28
0
1
0
0
0
0
0
0
1
0
0
0
0
0
0
0
0
3
0
36
0
0
0
0
0
0
0
0
0
6363217200
0
0
0
0
0
5085512460
0
36
0
0
10
571507335
0
0
6
0
0
0
2565464255
0
0
21
0
0
0
55
0
0
0
3334653
0
36
1307317383
0
0
0
0
0
0
0
0
0
0
0
0
0
0
0
1084918043
45
45
0
0
0
386739756
0
0
0
245056591
0
0
5404100658
1090421647
148135078
0
0
3055079000
2484737229
0
21
0
0
4368273694
36
10
0
0
0
0
15
0
2741812316
0
4369395366
0
21
1040615007
62356528
45
1
0
0
0
0
36
0
0
0
0
0
0
0
0
4187451834
0
0
17686378
0
0
0
0
0
0
0
0
45
0
1159765038
6520991256
0
2481706911
0
0
0
0
66
68380665
0
0
28
0
0
0
3144681155
15
0
0
0
15
0
549676725
3
5513077470
5791906
0
0
0
6
0
0
0
0
0
0
0
0
0
0
0
28
0
269758368
21343311
0
3183102321
10
1291259968
0
36
21
0
21
1
4366497954
5121681400
1
1885870369
0
0
0
0
0
45
0
0
0
0
21
0
4752003750
0
0
0
0
36
0
2572201914
0
0
0
0
0
0
0
0
10
1174113083
0
0
0
2672353242
0
0
36
0
0
28
5277907866
0
0
0
0
489704159
0
1687717830
0
0
2525365840
0
1
0
0
0
0
4139089599
0
0
100174934
0
10813575
0
0
0
0
0
0
0
1670911308
0
0
0
0
0
45
0
0
1206264375
0
0
0
0
0
0
0
697044432
10
0
32922554
5987954829
0
46904455
1328056950
0
0
0
0
6
0
6645142620
207621253
0
0
3573970775
0
1724283422
0
0
0
0
0
0
0
0
0
1696618605
0
0
0
0
1
0
0
0
0
0
0
3
0
0
2729616
5433562069
0
0
0
0
0
0
0
0
0
0
0
0
0
0
0
5179371
0
0
0
0
0
10
1
705207775
0
1
10
0
0
2223277897
189491777
72078020
1
0
0
0
0
1
0
0
6
0
0
245455246
0
0
867132169
1608947880
0
0
0
0
0
0
0
21
2529702849
0
512400057
1
9212778
419673891
3104601791
0
0
823997307
0
20419245
0
0
0
0
0
0
21
873431907
1
0
148651900
0
0
6172549320
10
0
0
36
0
2530343076
0
10
28
0
0
0
0
66
0
0
0
0
4190747004
36
3252251530
0
0
28
0
3349097393
55
36
0
55
0
0
3
740258997
61899501
0
187550025
0
171967785
45
36
66
0
0
0
737505
0
0
0
3342716685
0
66
0
0
10
45
0
0
0
0
476617354
0
0
0
4746156240
0
0
0
86047521
0
0
45
0
0
0
0
0
0
1237904397
1827796485
2781261
0
0
0
15
0
0
0
6
0
0
45
45
0
0
0
0
1244481102
0
58975230
0
3
45
299255880
0
0
0
3
36
396309780
0
0
0
0
0
0
0
0
6
0
0
0
0
6036532458
28
6076704337
0
0
0
0
25436278
0
0
0
0
0
6135716410
0
0
0
0
0
0
0
0
0
6050054955
15
0
0
21
2067727242
164411911
2950848217
677690517
0
0
0
0
0
0
5521481110
0
572454356
0
0
1747616754
0
0
3149123831
1952218819
0
0
0
2865207114
0
0
0
0
0
0
0
0
0
0
0
0
0
0
0
0
0
190622572
0
0
0
0
0
0
0
0
0
2824324867
6434600337
0
11720061
0
3
6490990825
0
3645170991
0
0
1
6
0
0
0
1330896
0
0
0
0
0
3133825651
0
6238835890
0
58899230
845694498
0
0
36
45
26758269
0
36
59803516
3
0
0
0
0
0
0
0
0
0
0
0
0
0
66
21
0
0
6
0
0
0
0
29173340
0
548086365
36
0
0
0
0
0
2530627647
3466238681
0
2874677390
0
0
0
2097738342
6
10
0
0
66
0
3
0
0
0
0
0
0
0
0
28
0
0
0
0
0
28
0
0
0
0
0
0
1408132843
736070895
0
0
0
0
0
10
0
0
0
5881731525
0
0
21
45
0
0
6
21
0
10
0
0
0
0
0
21
3
0
0
45
4060581882
0
5251126395
0
0
0
6
2101561690
55
4652121083
0
6
0
0
0
0
0
0
0
4490723780
5217055833
21
0
0
1566180525
0
0
0
66
0
0
0
0
2428243506
0
55
0
0
176128296
0
0
0
30416097
0
0
0
28
4236279026
0
1417222177
821522842
0
0
0
0
0
0
2614693449
0
3818466
1
0
0
0
819840
0
0
0
0
0
42943278
0
21
0
2113897725
0
36
0
5447018080
0
21
0
0
0
0
0
0
0
0
6651369398
4764002430
0
0
1
21
0
0
51567089
17026530
0
0
0
0
45
0
0
0
0
45
0
0
0
2777099591
2373226029
0
2015458284
0
0
0
36
0
0
2936959725
55
0
0
0
0
0
0
1188451853
958541217
0
0
0
0
0
0
0
6
95144115
0
6809153187
0
1287502119
0
0
3
0
0
0
3962413686
0
3289375467
45
0
6
573232849
0
0
0
0
0
0
0
0
0
93797056
0
0
28
1
733693956
2501118865
0
0
0
0
0
0
0
1
0
0
0
0
0
0
0
4843395765
2961382310
0
315670501
0
0
0
0
0
1
0
15
0
0
3
0
0
0
467430599
0
0
0
3
0
45
0
0
1
1026883215
0
0
620417924
142526286
0
5918774355
0
0
0
0
36
0
0
3
0
28
211058785
0
858367440
45
0
4414569611
0
0
0
0
0
0
28
21
45701579
21
0
0
0
0
21743714
0
0
0
0
28
0
0
0
6
0
0
0
0
0
0
0
0
0
0
0
0
0
0
121906305
6
0
0
0
0
0
3
0
0
0
664501739
0
5014460374
0
0
0
3580483743
3092006831
1
0
0
0
0
0
1180416
0
0
0
0
0
0
0
45
0
0
10
3176403650
205791327
0
0
0
0
21
0
55
2605806330
3285766
0
0
5547046390
0
0
36
2008480504
0
0
0
0
0
0
0
0
1
1
3
0
0
0
0
0
2780454278
0
0
43203160
6714029194
0
0
0
0
6327056229
0
0
0
1
0
0
3672287805
0
6
0
0
0
10
45
21
0
141548724
0
0
21
6688328587
3167244210
466086245
12987156
0
0
0
0
1
0
0
15
0
10
0
0
0
26677860
15
0
0
10
0
0
0
0
3
0
0
0
0
2630554275
0
0
0
0
0
0
7998000
0
0
0
36
0
6
0
0
0
0
0
6
0
0
0
3
0
263982743
0
45
0
0
0
0
0
0
0
0
6137710549
28
15
0
1
0
0
978610899
2634037061
0
0
0
0
0
0
0
5065563486
0
45
10
0
1
55
0
0
388995777
3
66
0
36
2002020997
0
0
0
0
0
44552080
0
0
0
3474486435
0
4487691670
0
0
0
0
3
0
264419496
0
0
0
0
3
2452065399
1482537375
0
0
0
66
0
66
0
0
0
2244600491
0
1356970532
0
0
6
0
1442999778
939589572
0
422750502
0
0
0
0
0
0
3375584685
1
0
1
21
0
0
21
0
281212460
0
0
0
0
0
0
0
6035873190
66
0
0
5403684795
0
0
0
0
36
0
0
0
0
0
109054293
0
2709473655
0
1
1416370448
255255715
216538454
0
0
0
0
66
0
3624707751
3
3
0
0
0
10
0
66
0
0
0
1758156023
0
0
0
0
0
0
1210049387
0
10
0
6813705150
0
0
0
0
0
0
0
0
0
1782194232
0
2347597945
213469453
0
0
33607700
21
3
0
71084925
0
0
0
0
0
0
0
607906145
3478655745
0
0
0
90189164
425503
0
0
0
0
0
0
0
0
0
0
5169563655
433077150
0
0
0
3966242565
0
0
0
15
0
0
0
0
45
0
1031192963
15
0
0
0
6133168815
939329493
0
45
726052650
0
2202322522
0
0
0
0
0
0
0
0
1
1
326541790
0
0
0
1267284334
0
0
3
0
0
6
0
4343073345
0
0
0
0
66
0
3
0
5630037396
0
1421964453
0
0
0
0
3878911036
0
831076062
21
2162484694
1072609071
0
0
0
0
12056505
0
55
0
21
0
0
0
0
0
3
2667968618
1741886748
0
0
0
208396317
45
36
0
10
1287400625
6
0
0
0
0
0
3233085050
0
0
0
45
0
45
951510
0
0
0
773680110
0
5598565791
0
0
0
4289371110
1
1279092303
1239198433
0
0
0
0
0
55
21
138602925
45
0
3
0
0
0
0
0
0
0
0
45
0
0
6
3
0
12362878
0
0
0
4081154640
0
0
0
66
0
0
0
1
10
1667733375
0
10
0
0
0
1726691967
0
0
0
0
0
0
0
0
0
1645973972
27769877
0
0
1
3
0
2553873236
0
978876360
15
0
0
0
0
1666693952
0
0
0
0
3094209075
0
0
65534076
3449938600
0
0
0
0
2832673510
0
3603707811
0
0
6
0
66
68006950
0
0
0
0
943191025
390112268
0
0
0
0
6006682749
6371455104
375284105
3
0
0
0
0
0
0
0
0
594417939
45
2269122655
0
0
0
118095396
0
6655291440
0
0
0
2545446919
0
0
0
0
370477809
0
0
0
1
0
28
922888182
0
0
0
0
0
0
0
0
0
0
0
3552697050
0
21
5629719039
0
0
0
6
0
0
620981660
0
0
703593827
10
6
0
0
0
66
1089207773
6
0
4113018208
0
1
0
0
0
0
0
0
0
21
0
0
0
55
0
3
0
0
0
0
0
66
189705981
440436359
0
0
1
0
1315101252
10
0
3
0
0
0
0
608185105
3709317636
0
0
0
0
0
292230
0
382855946
36
0
0
0
0
0
0
0
0
21
45
0
4383054350
36
87589227
0
0
0
0
0
2061494149
2949465600
0
6
0
0
0
0
0
0
0
0
0
15
0
0
0
0
0
0
0
0
0
0
591318854
10
28
0
460606755
0
1944977259
0
0
0
0
0
181022875
6
0
0
0
0
0
0
0
0
0
66
45
0
375119744
10
0
0
0
0
6
0
1579360497
196029897
0
0
0
0
0
36
0
0
3
0
0
0
1844461210
0
0
0
2223077854
0
0
4674816443
0
890609904
3
0
45
0
0
10
0
10
0
0
0
0
0
0
0
0
0
0
2341092945
3
0
0
0
0
0
28
45
0
66
0
0
0
554894620
0
0
0
0
0
0
0
3090198384
0
0
10
0
0
0
0
55
84675590
4418704973
0
933314407
0
0
34790310
0
0
5098429644
0
0
3205402233
0
986190645
10
0
21
0
6544652381
0
4893756
0
0
1220896377
0
0
66
497338490
265271061
1
55
0
0
0
0
28
33158296
99102080
6332569485
0
1
0
6
0
0
0
0
0
66
0
0
5083293990
0
0
0
0
0
0
0
6
28
3
86981454
0
0
0
0
0
624581493
0
0
0
10
0
0
0
0
0
0
0
1303434150
36
273604518
36
988723725
1
110818827
0
611922633
215478420
4501249466
0
0
28
0
0
0
321323924
0
4634582198
6
348968561
10
0
0
0
55
0
0
0
0
6
0
68030280
0
0
0
0
0
45
0
0
45
0
0
0
10
0
0
0
0
0
0
6659330066
15
6502617754
0
0
0
0
0
2475933259
0
2165050300
0
0
3
0
0
0
149982540
1
0
0
0
434078379
15958425
0
45
692347865
0
3
0
1
0
0
369906399
1
0
6
0
0
0
0
0
0
0
2365653714
55
0
28
0
1864131264
28
36
0
0
0
21
0
6109490464
0
0
0
0
0
111370350
2154928415
0
0
0
0
0
0
333736520
10
0
0
1922340979
36
0
6
1231841427
0
4674526340
45
0
15
0
10
36
0
0
0
0
0
273581136
0
3486584244
0
2072166840
2448075372
28
244636134
0
0
1943044285
0
0
0
28
0
0
36
0
0
457153182
0
10
0
45
0
36
0
0
0
110209280
10
0
66
4149741596
0
1
0
36
0
1
0
0
5773664566
1
91930020
0
0
1
0
2586279124
1908167970
0
15498528
0
1060600590
3
0
0
0
0
413151870
0
2123988070
0
0
0
0
0
0
0
0
0
0
0
0
0
0
0
0
0
5617522944
0
0
15
0
0
599254889
0
23492085
0
0
55
0
15
0
1
95904324
4701832823
0
0
0
0
3
0
0
45
0
0
0
1439778288
0
0
55
0
0
0
45
233586
0
0
0
0
0
0
0
44797842
0
0
28
0
0
0
0
0
4230114189
0
0
0
0
36
0
0
0
0
0
0
0
0
0
3689362005
0
3
0
451486224
0
36
0
0
5385714939
691603835
0
0
0
1249275102
0
4671819425
0
0
55
0
21
0
3702688475
0
1772297410
0
0
0
28
0
0
1
0
0
528206232
2459283742
0
0
0
0
0
10
1710627780
0
0
0
0
0
0
0
0
4871486535
0
0
0
6856497687
0
10
0
4889566539
1
0
0
0
0
0
0
0
0
0
17728034
3
6
0
28
0
0
784456242
3356139511
0
0
0
6547970648
0
55
0
0
0
2129009625
0
0
10
0
0
0
0
930896505
0
0
0
0
0
0
36
0
0
964900484
0
0
1147372628
0
416550815
0
0
0
3200840045
0
9029125
0
6
0
967933980
2121121268
28
25686528
2163800214
6
6
0
0
0
0
0
0
0
0
10
0
0
0
6
6028623849
5902139583
3
10
2972551950
0
81593924
5547994387
0
0
0
45
0
0
0
0
0
2951001872
0
10
849853377
0
0
580569849
10
0
0
0
0
0
0
0
0
1057930973
1627379747
1738524033
691938579
0
0
1
0
0
0
132592470
0
0
0
0
472950389
4508748225
0
0
0
0
0
0
0
4177495
0
0
15
0
0
0
0
374845889
0
0
0
2221877785
0
0
0
1153752663
1960287799
0
5563700796
0
6
0
0
6
0
0
0
668920175
66
0
1092010005
10
0
366270630
0
0
0
0
0
0
0
0
0
15
21
155100077
0
0
0
0
0
0
0
0
0
122656953
0
0
36
0
0
0
0
752739379
2216148579
1260748002
0
0
0
36
3095153145
0
4683522881
0
0
0
0
0
0
0
0
0
5258917801
0
0
10
0
0
0
0
0
0
0
0
0
0
45
0
0
64473687
15
2127378600
0
0
0
0
0
0
0
3
0
0
0
0
0
0
0
36
0
66
0
5717271
0
0
66
0
0
0
3
15
0
6
2039190
0
0
0
55
0
0
1313973213
0
0
0
0
0
0
1323165400
0
1422071112
0
160231851
0
0
0
0
2760282122
0
4634490
0
0
892848132
0
0
0
0
0
0
4518724624
0
1793675559
0
0
0
0
57475281
0
0
0
0
6
0
78456600
0
0
0
0
0
0
0
21
0
0
2271952930
3
0
5001450039
0
66
0
0
0
1112528032
0
0
0
0
0
0
0
0
2019269454
0
0
0
0
3
0
0
1635834173
0
0
0
0
0
3646708086
0
0
23300550
0
0
0
0
0
0
0
0
1856201979
0
45
0
31788351
578085002
0
21
36
0
5297961471
4259137344
0
0
0
739566549
1898173269
0
0
3
0
0
0
0
0
0
0
0
0
0
0
0
0
6300311812
0
0
690042674
0
0
0
5713216999
0
19397105
3
0
55
1288923350
4117463586
0
0
0
28
15
0
10
0
0
0
0
88784474
5470632234
0
0
0
0
0
5754874620
0
6
0
0
45
0
4182602936
0
0
6
0
0
1720937772
0
0
2486852544
90875415
47049850
15
0
0
28
0
0
4412408715
0
6
0
0
0
0
0
0
0
0
28
6046502
0
0
0
45
43491800
0
0
0
62669610
1906068132
0
0
101524125
0
1
0
0
0
0
0
3
3
0
0
0
0
0
0
0
1616444505
575673325
0
0
10
0
0
0
6
0
6494751340
10
0
3
0
0
0
0
0
0
525706504
0
0
0
0
0
21
507609432
36
0
0
3321410246
66
0
0
66
4278726250
0
0
0
0
0
21
0
4271236470
0
10
66
3
180851668
0
0
0
0
0
0
1
4412032961
1532115687
115147900
0
0
0
259316150
0
1
0
0
0
0
66
1231692500
0
703106249
0
0
0
0
0
0
0
0
0
0
2844352166
0
0
11426590
0
0
66
0
0
0
0
0
36
0
36
0
2053091124
6
0
304119453
6
0
0
0
0
1
0
21
0
37139271
0
1
0
0
0
10
0
0
0
0
0
0
0
0
0
6
2503311867
0
21
0
15
0
0
318844372
0
221351320
1
0
0
0
0
0
36
0
446033768
1609004622
0
28
0
0
28
0
2062264717
1217538503
6
0
3
0
0
1861445614
1
0
0
0
1078220697
2558735410
4970593320
0
1
0
0
0
3
0
491740479
36
21
765637143
3631692915
0
3046486625
8150703
4114106650
10
0
0
0
45
4592317321
9346325
0
0
0
0
2421001314
6499425033
0
0
0
0
1067889977
1
36
5036717116
0
0
0
0
0
0
2127965667
0
0
0
3551095665
0
0
0
0
0
3
1
0
4304110569
0
0
3096018669
379955951
0
28
0
0
0
2948544018
219453
3506068146
525868662
0
0
0
478966704
928740348
0
0
0
628865359
36
1
0
0
0
15
21
3
0
0
4790589720
0
45
0
0
333271650
4966904880
0
0
0
1
3
1044816325
36
0
4500869982
0
2245806684
0
1
0
4696500867
36
0
0
0
0
0
0
6
0
0
3
0
0
10
0
0
4562273958
0
1374216522
0
638048502
1
0
1
0
0
36
0
0
0
0
0
0
55
0
36
0
0
0
3
15
4013766391
1958096874
0
5210724589
1
3841480368
153308805
0
0
0
0
0
0
0
0
0
10
0
0
0
0
3
0
0
0
0
0
0
0
0
0
754991508
0
226876951
354645018
0
0
6
0
0
0
576895513
0
0
1603280241
0
495447980
1
0
0
0
36
0
0
0
0
0
0
0
0
0
0
0
0
0
28
0
0
0
4959731340
0
0
0
0
0
577337189
0
10
0
10
262628811
13043278
0
0
0
0
0
2625986675
0
6059848960
0
0
259999803
36
66
0
0
0
0
0
2152434438
28
4046445759
344596868
0
0
0
0
0
0
4090465555
0
6636729600
1384932107
0
0
1796460
0
0
0
6
55
0
0
0
0
28
0
2052514479
0
0
0
0
10
0
0
0
10
0
0
0
1
0
128953770
0
0
4141910599
1
34723610
0
0
0
0
0
0
0
0
0
441891855
0
0
0
0
0
0
1409300567
45
0
0
0
0
0
0
0
0
409251744
45
0
0
0
11293128
0
0
0
4804107165
0
36
0
0
0
3437655858
0
0
4177482660
36
0
264672518
0
3371395510
0
0
0
0
0
10
3674173458
0
36
0
0
2084674699
0
0
10
0
0
0
3755281071
0
1624756504
0
4985859945
0
0
0
3862369985
3046330504
0
811017654
0
5188391866
816003
21
0
1273787098
0
0
0
0
28
0
0
0
66
2980807838
0
0
3
0
0
0
45
0
71240016
0
10
0
0
0
0
45
6657945249
438035586
1294870602
5857245195
0
0
0
0
36
0
0
0
0
0
0
0
0
0
1
0
0
5896708458
45
0
0
0
544516479
3
0
4220645605
0
6
27442936
0
0
0
66
0
6
0
3908561869
0
1
317356220
0
66
0
4288167115
0
0
166120875
25851644
0
0
1646605185
0
10
0
0
0
0
366676739
1
36
0
0
66
0
921771495
3
0
0
0
0
6
0
857331915
0
0
0
0
0
0
0
560438459
0
6641189
0
0
66
0
0
6
66
3
0
0
1
0
3
36
0
774112857
0
10
6
101609640
0
0
0
0
0
0
21
0
0
0
0
0
0
0
2947008368
0
0
0
1422764493
21822920
1
0
0
177310
80651350
0
0
0
0
3
0
0
0
1
0
5384573380
0
0
0
0
83534275
0
3
0
0
1
0
0
0
0
0
0
0
4998450084
0
0
5225741962
0
0
0
55
0
0
0
6406157791
5617946945
0
0
0
0
0
0
3763171625
0
14952246
0
0
0
0
0
1494486453
0
0
0
0
1782253946
0
0
0
64655506
619431982
0
0
0
1
0
0
3
0
0
0
0
45
0
0
0
0
6282252141
0
0
2094242115
66
0
0
21
0
348942143
0
10
0
10
10
0
0
0
0
0
0
0
0
66
0
0
0
21
0
0
12328095
3
0
55
0
3
36
6
45
1693720
0
0
0
0
0
0
0
510161632
1010318673
0
19334870
0
0
2909052190
55
0
5724660435
0
0
0
0
10
0
10
36
0
0
0
0
0
0
934178679
15
0
0
0
0
0
0
0
3
0
1
0
45
0
66
28
0
28
0
66
0
0
10
0
0
0
0
10
36
0
0
0
0
6
0
36
36
577439135
0
1
0
0
0
0
45
0
0
0
0
0
0
66
0
5176073319
0
0
3346888010
0
0
0
0
0
1191330072
0
55
3
0
0
0
0
0
0
92827124
0
34515586
120411920
0
0
0
0
0
0
0
0
0
0
1
0
0
1
21
36
10
0
0
0
0
0
0
0
0
0
0
0
0
0
45
0
0
0
3
2471853480
0
1
0
2560023199
0
0
0
0
0
0
0
0
6
0
3287429145
0
2841863709
3405311591
0
45
0
0
0
0
0
0
355097925
0
0
0
0
0
0
0
6183998800
62703200
0
0
0
66
0
0
0
0
2453326092
0
0
0
0
1488969707
341819721
0
0
52423680
28
0
0
0
0
0
180737575
45
0
0
50899005
3
925941040
55
0
0
0
0
0
0
1932958570
0
0
93086190
6
0
0
0
1697201163
4613041323
0
0
469144395
0
45
0
190817877
3
5591372560
0
0
0
0
0
0
0
817150930
0
0
0
0
0
10
0
0
0
0
0
3
28
0
0
96292503
0
5234026086
55
3517298118
480949604
6
0
0
31367160
0
0
0
66
0
28
0
1273585212
1154761625
10495071
0
0
0
6007450012
0
0
0
3265330033
0
6
598112988
78682237
0
36
0
0
0
0
81096479
3211089581
0
0
0
0
651117740
0
832544414
28
0
36
3229949706
6604624791
0
0
3
0
0
2793370104
1265824764
0
1328056925
0
21
2465310
6910353075
0
0
0
0
0
6
0
84246690
0
0
10
0
0
0
0
0
2236768164
0
0
0
4475667911
66
0
0
2256945677
0
0
55
0
10
0
47078956
0
0
515959616
1
0
21
0
4964712445
0
565707065
0
0
0
0
0
0
0
0
0
0
0
0
0
48940671
1796251947
0
0
633840209
0
0
56217105
0
10
0
0
0
0
0
4208159649
0
0
0
0
0
0
21
0
102911031
0
0
4270035023
3
0
5751549312
0
0
6549916230
0
0
66
3
21
0
0
0
0
6
0
3818287542
0
0
0
1
0
0
66
0
6176327587
0
5899315086
0
142053939
0
0
0
0
0
0
36
0
0
0
2313870357
0
0
0
0
0
0
0
0
21
6299413845
0
0
0
985657785
0
0
33452110
0
28
0
0
3
0
3987468208
0
0
0
36
0
0
0
0
21
0
21
0
0
0
45
45
28
0
0
2142145749
0
10
0
0
0
1
28
400176180
0
0
42730390
0
0
0
61123096
0
0
0
10
0
0
0
0
28
2373501615
0
28
0
36
380011086
1901131917
0
0
0
0
1676639272
66418575
0
0
0
0
66
2135932084
0
4229378351
0
0
0
0
0
1211722578
0
0
0
0
0
0
0
0
0
0
66
0
0
0
0
0
0
289598211
3
0
2460871
0
36
0
0
0
0
28
45
0
0
3
28
15
0
0
0
1205871492
0
75577365
0
0
0
0
0
45
15
3
0
0
0
0
284614011
0
0
0
0
6
0
0
0
10
37962540
0
0
0
0
0
0
0
652814910
0
0
0
0
0
0
0
0
0
0
0
45
0
0
0
0
0
0
0
2619396004
0
15
0
0
28
1423351307
45
0
0
66
0
82080078
1
12472515
55
99835515
0
0
0
10
0
10
0
0
0
0
0
3
0
0
0
36
0
319577121
0
0
0
10
3
0
0
0
0
28
0
0
0
0
0
6
0
118341
6
1566236468
0
0
0
0
0
612447500
0
0
45
0
6
1636120200
6
21
0
2798006185
1518032529
0
5958225658
0
0
0
706410077
440317650
1961227129
0
0
21
0
0
0
3
1
0
6
19006695
0
0
0
0
0
0
5511817455
0
825621909
0
0
1000319350
0
0
0
0
0
0
3
52444161
0
0
0
0
45
0
0
0
595418285
0
0
0
0
0
0
5446809312
0
0
0
0
0
597144958
288900703
0
0
2249225964
0
0
1548878625
0
0
0
0
0
0
6
0
0
0
3
0
0
0
3988361283
0
0
0
0
0
0
1
1091309115
89184690
0
0
0
3
28294003
0
21
28
0
0
3208445555
0
0
21
0
0
66
642449925
0
20765790
36
0
0
0
0
0
0
0
0
0
0
0
0
0
0
0
0
0
0
45
36
0
5443678587
0
36
0
1382407056
0
0
235846621
0
0
551369027
148290028
4706391624
0
678132357
0
0
49985001
0
0
0
0
66
0
0
5507933380
0
1
0
0
3
0
3
0
0
0
0
0
0
0
0
0
0
0
0
0
0
54690110
0
0
0
1
0
398395877
0
0
0
0
0
45
0
0
3815142266
0
1470907413
264741552
0
816463824
0
0
250398625
0
1
0
36
0
0
36
36
0
3
0
0
3
36
0
0
0
0
0
0
6
0
0
0
0
10
189725460
0
0
0
0
0
0
0
0
0
0
3316358916
23450975
0
1248275589
0
0
4931684889
0
1296448654
4614290117
0
0
67820481
0
0
4725718335
0
0
4020668265
30174796
0
0
0
3491011425
0
0
0
0
0
0
0
0
889681632
0
0
0
0
0
0
3
0
0
0
0
0
66
0
0
0
0
0
0
0
0
10
307036590
0
5923236006
0
0
0
66
0
0
10
0
3231878993
0
66
0
0
0
0
5898228921
36
55
0
0
0
1496127023
0
3
0
0
0
21
0
6
3
0
0
10
0
0
4406680215
0
0
0
36
0
0
0
4893325073
898053384
0
0
263408618
0
0
3
0
3
0
6
6004844
3
0
15
0
0
1764387900
0
36
0
0
0
4471789680
0
0
0
0
0
0
0
0
0
3
0
0
0
395887576
0
0
2345200335
16465191
0
0
10
0
0
0
55
6217853325
0
0
4302711
66
0
0
0
1
0
1374426207
0
0
163560741
0
6253477650
0
0
28
0
0
0
10
0
0
0
6673532630
0
45
0
611065
0
0
0
0
0
0
0
0
66
0
0
21
66
0
0
0
0
1567580018
0
343311696
0
0
0
0
0
0
84078027
0
0
1977293034
0
0
0
36
0
0
0
1012657485
2915997492
1763378163
0
36
0
296741331
0
0
0
0
0
261918828
6
357286546
0
0
0
3559612455
0
0
0
191267461
0
0
0
5646071914
0
0
0
0
0
66
0
0
0
0
0
0
28
0
0
3
0
3
0
0
21526641
0
0
0
0
1
0
0
55
2436892542
0
0
0
0
0
0
0
0
0
66
0
5877827610
0
2465740172
0
588056344
0
0
0
10
6218745481
0
0
15
0
0
0
434726826
0
0
0
195812155
58552431
0
0
0
0
0
45
0
3402258769
21
73756585
0
194370183
0
0
0
21
0
5055704224
2447585559
0
0
0
66
1
1
0
0
3937526896
0
0
0
0
0
0
0
0
0
0
0
45
0
0
0
0
0
0
0
0
0
0
0
0
0
893989449
0
45
21
308798516
0
6
0
2065412820
0
0
0
0
0
55
0
2383157205
0
1275756325
0
0
300455840
0
66
0
0
0
0
0
66
0
4661289153
0
0
0
0
0
0
0
21
0
0
1
1736048344
0
0
0
0
0
1490225093
0
0
0
53194452
0
3
0
0
0
0
916669132
10
18093119
0
0
3788981781
0
0
45
21
0
0
0
0
0
0
0
45
0
3981041020
1496291154
0
0
0
0
0
0
0
0
0
0
44410600
231910410
0
2481213754
0
3636637676
0
4287333655
0
60736730
421588202
0
6168327919
0
0
0
0
0
0
690748695
0
0
0
10
0
2406133129
0
0
0
532831687
0
0
1749627429
3058050079
2484455289
0
0
0
1
0
1581047025
4988956039
0
4386987594
0
0
21
6
0
15
0
10
0
0
0
0
0
0
0
0
0
4724940619
0
0
0
0
0
0
0
6911999034
0
0
0
6200357716
0
0
0
66
4484376435
0
0
0
0
15
0
6161110449
0
0
0
0
0
0
0
0
0
0
45
0
36
0
0
0
66
823686
36
0
66
0
0
0
6247551805
3791680893
0
383797364
0
1990710345
0
0
0
0
36
0
0
0
0
0
0
0
0
0
0
2244020
0
0
0
0
28
0
1
0
0
0
0
0
0
0
0
0
0
0
36
0
0
0
163976992
0
0
15
0
0
0
0
21
0
2594196429
1
0
6
0
0
0
0
3137230821
0
281402216
0
0
0
0
0
0
0
0
0
0
3
3
0
0
0
0
0
0
0
2968852075
6
66
0
0
2349654040
66614652
0
0
10
0
0
0
0
710513035
0
0
0
206827281
0
0
0
0
0
0
4342793751
0
1
6
0
3473152795
0
0
3
0
0
1846344522
0
5403828
0
10
0
0
0
0
0
0
0
727806625
45
0
1
0
0
0
0
0
0
0
0
0
0
0
0
21
0
0
0
0
0
0
0
0
6772443087
0
0
1449345877
143303982
4113743844
2012602284
0
0
0
5285719087
0
3
0
3551769875
426480614
0
3848846671
0
318289055
1
144015903
0
0
0
0
0
0
0
6
871009432
441981025
10
1043947968
0
0
95171706
0
28
202840005
0
0
0
0
0
0
0
4798521594
28
0
0
0
0
3
45
0
0
359964695
0
0
3364993621
721335152
0
0
10
3
0
0
28
0
0
2464125295
0
15
2692422243
0
37053135
0
0
0
0
0
6
0
0
0
0
0
0
0
0
0
0
0
0
3
0
0
2744330619
0
0
0
0
0
0
0
0
2167617397
0
648954350
6
0
0
0
3
0
15
0
0
0
0
0
0
0
21
2523021102
21
0
0
0
0
0
0
0
2225011950
0
0
34051878
21
134603027
0
0
21
0
247053105
45
0
5603010945
28
0
0
2523092160
21
62703200
6
2092495050
3
0
0
0
3
6655176080
0
0
0
0
0
2072617508
0
10
79197404
0
387157041
468960624
869257357
4033591608
0
0
0
10
0
6
0
0
0
728913468
10
0
36
0
0
36
1687427365
0
0
0
1
0
0
1713963420
0
5762064880
0
0
0
0
0
36
0
0
0
0
5707446154
47234340
66
0
465719937
0
0
0
0
0
0
0
0
0
4710273234
0
0
1375107900
1724400891
0
0
463068525
0
0
3
1
0
325341783
0
0
3238394436
0
0
5098227687
0
0
0
10
0
1894724455
10
75774205
0
0
21
21
0
10
0
554494930
0
0
21
0
0
3
0
6
0
4526142775
0
0
15
0
0
1
3
0
326836
0
0
3
0
0
1
3718453193
0
340800775
45
0
0
0
2143127679
0
6465948555
0
0
6
0
0
0
1
0
0
262308050
3616198401
0
0
0
0
0
0
21
0
4393078224
0
0
0
0
0
0
0
94153503
0
3644317206
0
0
0
0
0
45
815978982
1187184625
0
0
0
28
0
2578158522
0
0
0
3
0
0
0
1669813149
0
6
320184165
0
0
0
0
0
20778681
0
0
0
0
0
0
66
3
0
21
0
0
1
0
0
0
8497503
0
0
0
29687365
0
0
0
0
0
0
1394527238
0
0
36
1
0
1396957625
0
0
10
0
0
0
0
0
1
0
0
0
0
0
0
0
0
0
2198806449
469297545
0
0
0
0
0
5668835436
1
0
0
0
0
3
0
1086828725
0
0
1908662199
0
0
1
0
6
0
1017523695
2679669018
0
0
236281185
3
28
21
0
0
15
0
0
0
0
0
0
0
0
45
0
0
0
0
0
2447935399
1064288288
0
0
0
0
0
0
3430890
0
0
1536214732
1624642482
66
4927216779
0
10
0
0
0
0
66
0
0
66
0
3
0
0
0
0
1
0
0
0
85183877
0
0
0
0
0
0
0
0
0
0
0
1280559525
0
0
1650394863
0
0
0
0
6400499466
0
1606679613
0
0
0
0
1
1
0
55
0
0
0
45
0
0
0
0
0
0
0
0
0
0
0
0
0
0
21
0
0
0
1
0
0
0
0
0
0
0
0
0
0
0
0
0
36
0
3
0
0
36
3631352021
256205556
0
21
0
0
0
0
0
1
0
0
0
0
0
66
0
0
464378049
0
0
0
10
45
0
0
0
0
0
0
0
0
0
0
45
36
35494525
21
28
0
0
0
0
0
21
66
66
681303220
69743955
0
0
3
0
3
0
0
0
1
1945351464
0
0
0
6
0
0
0
0
0
0
0
0
55
145325676
5663512761
0
0
0
0
0
36
0
0
0
0
0
10
0
775766334
6
10
0
0
0
0
0
0
0
3566956943
0
0
0
0
1034465352
0
0
0
0
975869910
0
0
3
0
0
0
268528715
45
0
0
0
55
0
49317346
0
3
0
0
0
0
5727656890
0
0
10
2571413035
0
254804025
0
0
0
0
0
285091371
0
0
0
0
2793145883
0
15
0
0
0
0
0
36
0
0
0
0
873682686
0
0
83392155
0
0
66
0
841791993
15
0
0
0
4522337801
1904833467
6356394
0
10
1019554725
0
21
927964737
0
0
21
0
0
0
0
0
36
0
75282584
0
0
0
0
0
0
0
0
0
0
45
0
0
0
3441968920
0
0
3
0
1001393127
21
0
0
4581398475
0
0
21
0
0
0
0
6
0
0
0
0
1
0
0
0
66
15
0
3885343461
0
55
945059547
278680635
0
0
0
0
3
0
0
15
0
0
0
0
0
0
0
0
2107400575
0
0
0
443558219
0
0
2224611717
10
0
5011756867
0
0
0
0
0
68614754
283684290
0
0
55
0
5219916334
0
0
0
0
0
0
0
0
0
5516438137
1617866280
859279237
738336375
7826946
0
10
0
0
0
28
4672302750
0
61034676
36
1043628113
0
3
0
4388018019
0
3
0
0
3988539940
0
0
0
0
0
0
0
0
0
0
611432944
0
36
0
0
0
0
66
0
434579420
0
1609288268
0
0
330617745
0
0
0
0
0
0
642127345
3
527913770
0
3
0
28
0
0
3566027916
173119528
0
0
0
1520347643
0
0
0
0
286166926
0
21
0
0
0
0
55
0
0
1020864684
1
0
0
0
0
28
0
124480531
1
0
0
0
0
0
1
0
3
0
0
0
10
0
21
0
0
0
0
0
0
538822375
10
0
8600878
0
0
0
0
0
0
1311769782
1389461942
0
36
1
133620375
0
0
0
0
0
0
0
11094405
1310489607
0
0
0
1
0
0
0
6
0
0
462308025
0
0
0
0
0
2019142368
0
67161
4825499614
0
0
0
1572959895
0
6805536045
36
3071672974
0
0
2172228792
0
1
0
0
0
0
0
0
0
0
2062585842
0
0
1
0
0
0
0
3350079575
0
0
0
0
0
0
0
6096343344
0
5897360061
275948768
0
3
1790562375
494724239
1175324858
3
0
36
0
6349266
0
0
0
0
0
10
0
6
0
6
1853461164
0
0
0
0
0
0
28
3
0
0
0
0
0
1456893204
0
1
0
0
0
0
2432496339
0
0
95696692
0
0
603902860
0
0
3494270993
0
0
0
0
0
0
4197890985
0
0
55
0
1
0
645105230
4434135685
0
0
0
0
28
0
0
0
1
0
0
0
696036684
0
2393524245
0
45
4631886821
0
0
0
0
2753895969
0
0
0
0
1990710345
6
10
0
0
0
2780305129
6
0
0
0
0
4588197293
0
0
0
0
25087986
844378962
3092321367
0
0
0
0
0
0
0
0
0
36
0
0
0
0
2829663596
0
29656551
0
0
0
28967465
0
0
0
287340377
895791
66
0
0
0
0
0
66
4062654834
4102232295
0
0
3828168740
966306738
0
850760610
0
0
0
0
0
0
0
718072355
28
0
0
0
0
0
28
0
0
0
55
0
0
0
0
21
0
0
66
0
12997351
111280821
45
2432984640
0
0
0
0
3068303606
0
0
10
3
0
0
0
0
597075831
2361665865
1668888630
0
0
0
0
0
0
0
0
0
1297569150
167985282
0
0
0
0
0
0
3
0
0
0
1744543818
28
0
0
4108411
0
0
0
6
0
0
6
0
0
0
0
0
36
0
0
0
0
0
0
1
0
0
0
0
2402319234
0
0
0
66
4667567216
4298174641
524669420
0
0
0
0
1590508194
28
0
0
21
10
21
45
0
0
21
2655929393
0
0
324194906
0
0
0
28
0
0
0
10
0
0
1
36
0
45
6
0
1261666
0
0
0
0
0
0
3
3615433050
0
0
0
0
5608411029
0
0
3
1127626299
0
0
0
4337110659
0
0
0
0
0
0
2120925879
0
0
0
55
0
0
0
0
0
0
0
5479317541
0
397718705
66
0
21
0
0
0
10
10
10
2447235774
0
0
0
0
0
494378289
0
0
0
36
0
0
36
0
185310125
0
0
1052326623
0
205264188
28
6159223500
0
0
0
0
0
0
238765872
0
55
0
142845
278798691
1
6
0
0
0
0
0
0
0
0
0
10
0
0
0
1
0
0
0
1387196107
6283933605
4010541535
343809753
36
1
45
1857603600
66
0
0
0
0
0
0
1
0
0
0
0
0
0
28
0
2172096969
0
0
0
3648501732
6
0
0
0
3
0
0
36
0
4362573881
0
139687255
0
0
0
0
0
265524484
636441982
5274723339
1
0
0
0
0
0
0
0
0
0
1
0
326056415
12926070
0
4832870410
3517549705
0
6618999030
0
0
3
36
0
0
0
0
0
3
0
0
0
0
10
0
0
1777957890
0
0
10
0
0
0
0
10
0
0
6
0
0
3
0
0
6076373635
0
36
28
6
0
45
347174415
0
28
0
5207866587
1412434672
1
0
0
0
0
0
3237026481
0
1258589678
0
0
0
5960627454
0
0
0
0
392826420
0
0
55
0
10
0
0
0
3777126
2801373516
4330593624
10
1404314503
36
0
0
0
0
0
51455440
0
1003676803
2836513530
0
0
0
2533545308
0
0
0
3
0
4996450594
0
5889868779
0
514322627
0
0
0
0
3957963891
0
0
0
45
0
0
1
0
0
0
0
0
45
0
0
0
0
0
0
0
0
0
552432179
0
0
0
0
0
0
0
0
0
0
36
0
21
28
539577672
5627172696
0
0
0
0
0
0
55
0
36
1
6871494999
0
0
0
55
1629776772
2186819905
0
0
0
45
0
45
6144692587
2635561493
0
1330789835
0
0
0
0
3
6018306571
0
0
0
0
3310660461
0
45
0
0
0
2231220195
0
0
0
0
0
2952769092
0
0
3
0
0
0
0
0
0
0
1521174900
1431686802
0
0
0
3786544766
0
0
0
5918012776
0
0
0
0
0
0
10
2451365184
0
15
0
19509380
59443156
15
15
0
0
231501403
0
0
285975570
0
0
0
0
1643049122
6
0
0
1854557225
0
0
3740043783
1235318362
0
0
0
0
0
5742865140
0
0
0
0
0
0
0
0
0
0
0
0
5772804930
6
228755349
0
0
0
0
0
0
0
0
0
0
4562273975
0
719816650
0
2937802842
0
0
0
0
0
0
0
0
0
0
2115588622
0
0
0
0
0
0
0
0
0
21
0
0
0
0
66
0
0
0
0
0
0
0
0
0
0
18099136
3
0
1582790688
0
0
0
0
248032118
2065155772
116685726
0
0
1
0
0
0
66
0
267001386
4935260889
3
0
0
0
1
28
0
0
0
0
2460897054
0
0
0
0
0
36
0
4672206083
36
0
0
0
0
0
0
0
0
3340836366
0
0
0
0
0
66
0
1
1678087272
0
0
2169790714
0
0
546200805
0
0
0
0
45
0
5568343170
0
0
0
5985000462
0
0
0
36
0
0
0
1791579864
620312252
0
0
55
27206375
0
0
36
0
73126371
0
66
0
1285828113
5443469904
0
0
2444088534
0
0
15
0
1
0
0
0
0
0
3181028182
0
0
10
129371655
0
0
0
0
0
0
0
87153003
104654277
0
45082260
0
36
0
0
6323794446
21
0
381252690
0
10
3773849993
0
0
0
0
0
0
0
0
0
0
0
0
5809072512
1
0
6
0
0
6
0
0
0
28
895791
0
0
0
1789425570
0
0
0
0
0
0
0
0
0
0
825215622
0
678979672
0
10
0
0
0
5892365358
45
0
0
0
0
6
6
0
3614667815
10
0
0
0
373259502
0
6
0
0
0
0
0
0
0
0
4094717739
0
0
0
6
0
0
66
0
0
0
1
0
6407402958
0
0
0
0
0
0
28
0
0
1050904932
0
21
0
0
0
0
0
0
0
0
0
0
0
0
0
0
21
0
1047743948
0
2529489480
0
0
0
3040635117
0
0
0
55
15
6470611875
0
1
0
0
0
0
0
0
0
0
2032891930
5572565190
45
0
0
28
0
3404321345
0
0
32663403
0
0
28
4525191390
0
4633619483
0
0
0
0
2545946397
0
70858559
0
36
0
0
0
0
0
1
0
0
0
0
0
0
0
0
2364484522
1323988583
0
1093459227
1
0
1129193988
0
0
0
0
0
0
6535920
6550145130
0
0
0
0
6
0
1473349158
0
0
2799128395
0
1249425063
0
282684743
0
2593503
0
28
0
0
5472201375
0
34010628
2087969095
0
0
0
0
0
0
41765230
0
335029545
0
523050995
0
0
966790363
3
0
0
0
0
0
0
0
0
1
0
6031588962
918168357
0
3
0
10
0
2185960224
0
0
0
0
150155784
0
0
0
6
0
0
354858117
0
0
662935077
0
344964511
0
1
0
0
0
55
105974961
28
0
0
66
0
0
0
0
4639204622
3595223196
298620131
0
0
28
6827253312
1461268827
0
0
0
0
6
0
0
3304560411
0
21
0
0
0
0
45
77308395
0
0
28
3067676946
0
0
10
0
15
0
6
0
0
0
3360975033
0
0
52259976
0
0
5170987294
0
45
0
1057287092
0
45
0
0
0
0
0
0
0
0
66
0
1674613100
21
0
6
0
36
0
325545876
12462528
1666405287
0
0
0
0
0
0
0
0
0
0
0
0
0
0
1
0
0
0
0
0
0
0
4412878430
45
0
0
0
0
0
0
3
3
0
0
2265082435
0
1878569154
21
1566292455
0
0
0
6616007899
0
2029768749
0
0
0
875230020
0
66
721145252
0
0
0
2880594743
0
2426710575
0
171689715
0
45
3694603744
0
0
5364149208
0
0
6
0
0
15
0
0
0
10
0
0
0
0
3470486318
0
1
10
28
0
1605319425
0
0
0
0
0
36
0
1
0
0
1794574089
0
0
0
0
0
0
0
6
2948160042
4724357365
0
0
0
0
0
4388205382
1
0
0
0
0
0
0
0
0
45
3
473811915
28
0
0
10
0
0
0
0
209050128
1
0
0
0
946190230
1247410
10
0
0
0
0
0
0
0
0
0
0
0
0
0
3167323800
21
0
0
0
370613915
0
0
0
0
0
3753894607
776881
1
0
0
2165379300
0
0
2466231790
144457500
0
0
0
0
0
20412855
0
0
0
0
0
0
45
0
0
15
66
0
0
0
0
0
0
0
0
0
1080822768
0
0
404231960
6
0
3
0
10
66
638191400
0
0
0
0
0
4836213660
0
0
0
2565321000
0
0
2804443242
0
0
0
0
6368181895
4593371600
6
0
1
0
162820032
0
0
3905733138
0
0
0
0
0
0
10
0
0
0
6
10
0
3
0
0
0
0
1181150091
0
0
0
1486678628
0
66
0
1
0
0
0
66
0
0
3632971375
313112799
2034231214
0
0
1
0
1
0
0
0
0
892763637
0
66
6613937523
4436867079
0
159713128
0
0
10
91050765
0
2977565855
66
0
5624308725
1431900849
0
0
826922775
0
3812941
0
0
0
0
3746953
0
0
223798746
0
0
0
0
0
0
5998574680
0
22602725
0
186853446
0
45
0
0
0
0
1087075
0
0
0
95061365
193995750
0
0
0
0
0
0
0
0
0
45
10
0
0
0
28
0
0
0
0
3032374590
1
0
0
0
66
1088414490
0
45
0
0
0
0
0
0
0
0
3
0
1725340647
0
0
21
0
0
0
0
0
0
0
4217981607
1
0
0
0
0
21
6
0
0
0
0
0
0
0
0
0
0
66
0
0
0
0
45
0
0
0
21
15
36
0
0
0
0
0
0
25329403
0
0
0
0
0
0
0
66
984060063
0
5179736805
2787617768
192325075
6
327590406
0
0
0
575707257
0
93468628
66
0
0
0
0
0
0
0
0
0
10
5342523351
0
0
0
0
0
0
0
0
0
2728720865
0
0
15
0
0
0
2430404334
10
0
0
0
0
10
0
0
1635262238
0
0
4069688826
362087495
6251576587
0
0
0
4042128807
321983375
3
0
0
0
1
0
0
10
0
0
0
0
10
45
0
0
0
0
21
0
0
0
0
3
21
0
0
5157267535
0
0
2221277872
0
0
0
0
0
0
0
0
890863149
0
3
38346903
0
45
6213950895
28
706447663
438716630
0
269062003
4498498323
1725340632
4057428382
0
0
0
345306059
0
66
0
623910129
848287449
0
0
3
0
45
947800470
28
807236269
0
3331769220
0
0
0
21
10
1
0
98666128
0
0
2529773979
10
1099453275
0
0
95406391
6
0
165629100
0
0
0
0
0
0
0
0
0
97224539
0
0
6
0
36
0
0
0
54199666
15
0
0
0
66
15
0
0
3075906925
0
0
0
0
3
0
3283203
0
0
0
0
0
3
1
28
0
0
0
15
6581773223
0
15
5621657529
0
0
0
0
0
0
0
0
45
0
21
0
0
0
0
0
2314822851
662134224
0
0
3
10
0
0
0
0
0
0
0
0
0
1663404675
0
0
0
0
0
1123119312
10
0
0
0
0
1
0
0
81977610
0
36
0
1698832895
0
0
0
1
0
10
0
0
5195626908
0
0
0
0
0
0
0
0
66
0
0
1522940427
6
0
21
0
10
0
0
6173882694
0
0
0
0
6
0
0
0
0
0
0
0
10
2603135899
0
0
0
0
0
0
1
0
5664044895
6819660012
0
3584885430
0
0
0
21
0
0
0
15
0
45
0
0
5632902825
0
0
0
0
0
3988986525
0
420166565
0
200090007
1959849522
21
0
5165090637
49625703
4389142223
0
0
0
0
0
0
118264509
0
21
0
1
0
15
36
55
6
0
0
0
0
0
0
0
0
0
0
0
14164503
0
0
0
681155574
0
0
0
10
0
0
21
0
0
0
0
3977205033
36
0
4209902899
6293017512
1608267227
586582605
3
196604535
0
36
0
10
1926994234
15
733770565
0
36
0
0
0
0
12392731
0
10
0
0
0
0
0
0
0
1
0
0
0
6
257837976
1653498743
0
0
544450500
0
0
0
0
6
10
0
1304200125
0
2546160474
0
28
4171086759
0
0
0
0
320867768
498442936
0
0
0
1
0
0
0
731703364
52352028
86770550
21
0
55
0
0
36
0
5995070205
0
0
0
0
0
2285657430
0
0
36
0
5343970608
45
0
21
0
0
0
0
0
0
0
2227414104
0
0
10
2406063729
10
4669499786
0
0
0
21
3
0
6
4282334730
0
0
456337134
0
5859193581
0
0
0
6
45
0
0
45
0
145206360
0
0
0
0
10
0
0
0
10
0
0
0
0
0
0
0
122078125
0
0
0
0
0
10
0
1
0
0
0
164575153
35401905
0
0
1701048622
1108380875
0
0
0
0
1
0
0
0
0
6
0
0
0
0
0
0
1216798443
1
0
21
0
45
6312890364
36
0
0
0
148307252
0
0
45
45
0
0
0
45
0
0
0
21
3847793940
0
21
2331591292
0
0
0
10
0
0
0
557997100
0
0
0
0
0
66
0
0
0
0
2353014294
1572791652
1
0
0
192129003
0
1
21
66
21
55
153063756
0
2903181890
0
0
0
0
0
0
0
36
6
0
0
0
0
0
0
0
0
0
0
2055783375
0
5045452795
79474528
0
0
0
0
0
0
28
21
0
1
147756642
1
0
45
775175622
0
0
36
6
0
0
6847717812
0
0
0
0
0
0
0
45
0
1
0
0
0
0
0
0
0
6
66
0
876360024
0
0
0
172728988
66
0
6
6
0
0
0
0
45
15924546
0
0
769241473
1460836350
0
0
7595252
0
3808070040
0
0
10
45
5431894269
0
3
0
255097578
0
0
0
0
0
21
0
512528135
15
0
0
0
45
0
595763420
0
0
0
0
0
0
2263130997
1270155598
0
0
0
10
0
0
0
0
0
0
0
0
0
0
6
0
0
0
0
7509750
0
10
0
3
31082670
1
0
66
3306755790
0
222995520
0
0
0
66
0
10
0
36
0
0
0
639657018
1906438620
0
0
0
0
0
15
1
0
0
0
0
0
0
0
0
0
0
0
0
367028861
22616174
6
56705925
0
0
66
0
0
0
0
0
0
3160880250
0
0
0
0
0
66
0
0
0
0
0
0
1133475075
6596007741
4822945725
0
0
0
0
1
55
0
661515745
0
0
0
0
0
0
0
0
0
0
10
1117959252
399723660
0
1484225858
2649155627
0
36743875
0
0
0
0
4952363937
21
0
0
0
2424342522
0
0
3
0
106894130
0
0
66
0
0
462338433
2836664171
0
6872784595
0
6
0
0
3
3
0
0
0
3
168572341
0
0
3593612217
0
534628649
490643474
3792987243
15
6
0
1074045350
0
0
0
0
10
0
0
3
10
0
0
3706820208
0
36
0
0
3
0
0
0
1
0
0
0
0
0
0
0
493529652
0
45
652164660
3
0
0
54543790
0
0
0
0
0
3818986665
0
15
0
0
45063271
0
306714527
0
281853153
0
3
0
0
0
0
66
0
0
0
28
0
36
2203384508
1
0
0
0
0
3
0
0
0
3363353091
0
0
0
0
0
0
0
760363491
0
4629577145
1332905890
1
0
0
0
0
0
0
0
4622266971
0
0
0
0
0
6620379791
0
0
0
0
0
0
0
0
0
0
0
0
4706488674
813476259
1
0
10
0
0
0
0
0
112792690
0
0
0
0
28
0
0
0
863014282
0
0
36
3
0
28
0
0
0
0
55
0
4538043491
18742503
36
0
0
4739046624
0
0
0
726967494
10
1352442033
10
0
0
0
0
0
0
4025512083
0
0
0
0
0
0
0
0
346436993
0
28
3
0
290513460
93975195
0
2398785444
3898400835
21
0
2175063980
0
0
425546550
1908081
0
477698594
5591478330
0
0
0
0
0
0
0
0
0
0
0
200490300
0
0
0
0
0
0
479895669
0
6
0
4697663940
0
66
0
0
0
6
0
0
57036537
61510686
0
0
190993740
0
0
36
0
0
10
0
3
0
0
0
602930174
0
437355099
1254879750
0
1462620652
0
0
0
6
0
0
2970855893
0
123802979
0
0
0
2279373885
0
0
0
0
0
0
0
0
0
0
0
15
0
3
0
0
0
0
0
0
0
0
0
0
5000249958
0
0
97853055
0
516763005
0
0
0
2959612506
0
36
3
0
0
36
0
7055646
0
0
0
0
123724315
1508350347
0
55
5004851140
0
0
0
0
0
0
282280670
0
0
45
0
0
803704277
3
1372748997
0
0
0
0
0
0
0
0
0
0
0
0
3
0
0
0
0
36
0
0
0
1496674088
0
0
0
0
3696323169
160984593
0
0
45
45
0
0
6
0
4392890723
0
66
0
0
0
0
10
45
28
0
0
10
0
556895250
0
3
0
0
0
0
22428253
28588141
0
5892691035
0
10
2684209779
0
1222379287
21
10
253608981
0
0
2126530684
0
0
0
6
0
0
0
1134771
0
28
0
0
0
0
0
0
0
0
0
0
0
506399399
0
0
0
11335941
0
0
0
0
0
10
55
6568929455
0
1319053200
3
6114355191
36
3352371867
0
0
409223121
0
0
0
0
0
0
0
3
0
66
0
0
0
0
0
0
994825294
376545393
0
0
0
0
223650675
0
0
0
0
0
0
0
0
0
36
0
45
0
0
0
15
0
120893472
0
0
659770969
5307744930
0
0
1407814447
0
0
0
3
0
0
0
28
6906185
0
130855753
0
6
0
4885809460
0
1
0
0
5657554333
0
0
0
0
0
0
0
0
0
0
0
0
0
0
0
24175580
0
0
10
4534566
0
0
0
45
21
0
0
0
5371920312
0
0
0
1
0
0
5324861937
3339365181
0
0
0
6506723860
21
0
0
0
0
0
10
52362261
0
6392582011
0
0
422605113
0
13140500
0
0
0
0
66
0
0
0
0
0
0
1232586060
0
0
3242339118
3
0
0
10
825540658
0
0
45
0
0
702881270
0
0
10
0
0
3115880201
0
1192160032
0
0
0
603312206
0
0
0
0
6056766846
1550437449
55140751
0
0
0
0
0
0
0
0
0
4723385349
0
0
0
0
0
0
0
66
0
0
55
0
0
0
4823633274
45
0
0
0
0
6158113686
138087270
4408965
0
262056161
0
0
0
21
0
10
0
4626498500
0
0
0
0
0
0
0
0
0
278043570
0
0
0
21
0
0
3
1
0
0
2722740311
0
910983267
773758788
182911501
0
3
575198402
0
0
0
0
0
0
45
0
0
0
21
0
0
2856810630
0
0
0
277713525
4083323244
3725182725
1216354475
36
0
5740186186
0
0
0
0
0
21
0
1215220322
0
0
0
0
0
0
0
0
0
0
1984090515
0
0
0
0
0
0
5426059006
2533047040
0
0
0
0
3357368586
0
711116327
0
0
0
0
3475070007
0
0
36856
0
0
2750038167
0
0
63185658
0
3
0
0
0
0
0
0
0
0
0
0
0
0
905953455
0
0
6111480358
21
0
0
0
0
0
0
3827206295
0
0
5082789855
0
10
0
0
6
351270755
0
0
0
10
0
0
0
0
0
0
1220056497
6518821587
0
0
0
0
0
0
0
1
0
0
45
0
0
66
0
0
0
332136641
0
0
3789329995
3
0
638155674
3328994396
0
1
0
0
0
3
0
0
0
0
0
0
0
28
0
0
0
0
1065811337
0
28
1
0
0
36
0
36
10
36
0
0
2187150576
28
0
0
27896715
0
1251925713
0
0
2563387395
0
3546883190
2149701
0
0
0
0
0
21
0
0
0
3
0
1
2347392415
0
1
0
0
0
0
0
0
0
0
1395530837
0
0
0
1
0
165811155
0
0
10
0
0
514835913
0
0
21
0
182758521
2974711268
1734811128
0
904761970
0
28
0
0
10
0
5549363880
818768808
0
0
0
0
0
21
1
0
0
0
36
0
550837826
5956151730
212520035
0
0
0
0
0
15
3416544443
0
0
0
3
0
0
251070426
2435426715
0
0
567794430
21
0
0
0
0
0
0
28
4401706030
0
0
3584503
0
0
21
0
6749186598
50015001
0
4718624019
0
0
0
0
0
0
0
0
0
15
0
66
0
0
0
0
0
0
0
0
0
0
0
0
0
0
0
178614447
0
0
0
0
0
0
0
0
3
0
0
5279449101
0
2652432185
3212692516
0
1
0
15051
66
0
3741687226
15
0
0
0
0
3639879136
0
0
4272622999
0
0
0
0
0
561912525
0
4531281982
1132427842
0
0
0
0
0
4349693064
0
0
4663993016
0
0
0
21
0
0
0
0
0
134127625
0
0
235238895
3
1738406120
0
0
1594006943
0
1113754803
1549602279
2085966335
185676082
0
0
0
0
0
0
3879703783
0
0
379542575
6
21
206095753
0
0
0
21
0
0
0
45
3
10
0
0
0
0
0
0
0
0
0
92038528
36
0
0
0
0
0
0
45
0
0
0
36
0
0
0
21
1
239050039
0
0
0
0
66
0
0
0
120256786
1627208622
0
0
66
0
0
0
0
0
0
0
3
0
0
0
0
227047394
0
0
2626421516
0
0
127765
0
0
0
0
0
0
0
1905944664
0
0
10
282613415
0
2799876686
0
0
0
0
0
5197461945
0
0
0
0
0
0
66
0
0
4581302726
0
66
0
0
0
424351263
0
0
5170173783
3844548818
0
0
0
0
0
0
0
2822671644
3
0
0
0
0
66
0
0
1144069692
0
45
45
0
534138255
0
0
0
0
0
5851293886
6
2513936742
0
1006052793
0
0
0
0
0
0
3657904233
0
0
944798700
0
0
838840317
0
50205210
0
21
0
0
0
0
0
0
0
0
1
1
0
3621983671
6
66
1953656250
0
0
0
0
0
36
0
3
6
0
0
55
0
3751295608
0
0
0
0
3482243286
123708575
0
0
21
66868830
66
0
0
0
0
55
667750219
0
0
2481213754
0
45
0
55
0
0
28
0
36
0
3
0
0
63467011
0
0
28
0
2919129400
0
0
0
0
0
0
0
3572787236
0
0
0
0
0
3
0
0
0
0
0
0
45
0
0
0
0
0
0
0
0
6
0
0
0
0
0
0
0
0
36
456729976
0
0
0
1616273912
0
0
0
0
0
965427708
0
421530129
3
0
0
0
0
6
1
0
0
1192990278
0
0
0
6
0
0
45
0
10
0
0
0
55
0
686629132
0
0
0
2761025169
3
0
0
1715878
330669176
0
0
1487169450
0
0
0
2972551924
0
0
18165377
1009689432
2041636944
0
0
0
0
0
453622259
0
0
225430755
6308396584
1
0
0
0
3441803018
1
45663345
0
0
0
0
0
10
0
45
2132796006
0
0
5314237920
0
3
0
0
0
0
3
0
0
0
0
28
0
0
0
0
1362237300
0
1767062055
0
0
0
0
0
1187087172
5512762437
1239525
0
0
36
0
0
0
0
2095730905
15
0
0
0
0
0
0
0
0
4397297255
0
0
0
0
882456
0
0
0
3587595561
2944014975
66
0
45
0
4961524239
0
0
0
0
0
0
0
66
0
0
0
0
0
5386649049
82131335
0
0
6
0
0
0
0
0
0
0
0
95268305
0
0
28
0
0
0
6
0
3196201118
0
0
0
0
0
0
1418393688
0
0
0
0
0
0
0
0
4176751448
21
0
0
328256253
0
0
1
0
0
0
0
0
0
0
0
0
0
0
0
5661490800
0
0
0
0
0
0
195792366
0
0
0
0
0
157641
0
0
0
3358515893
0
467644652
0
0
5982265608
45
1566684273
0
1253878000
0
2915310251
0
0
0
0
0
5437836996
0
0
0
524248389
0
0
0
0
0
0
55
66
746157764
792995397
0
0
0
0
0
0
0
0
0
17955
0
0
0
55
0
0
32881994
0
4035747540
0
387880877
61233710
1901501910
0
0
1413072520
1419938680
830057137
0
0
0
0
0
1
0
0
115102378
0
0
0
0
0
0
0
0
0
0
6286848712
1773131019
957140607
0
403651
0
0
3140479333
0
63129466
0
0
1
0
0
0
0
0
4367490
0
0
3
0
0
0
20100
3811299768
0
1
0
0
0
0
0
0
0
6430970689
178954820
15
3593273106
0
0
0
0
1966867812
0
0
0
0
66
0
0
0
0
55945
0
0
0
0
36
0
0
64940105
0
0
0
0
0
0
0
6
0
36
6442316760
0
0
36
3297653821
2571341322
0
0
0
36
0
0
0
414417645
0
0
0
0
0
0
28
0
0
0
0
0
0
0
6
0
377533980
21
1064334450
0
0
0
0
2409047572
0
0
0
0
735994160
0
0
0
0
0
0
0
0
0
28
0
4033591608
0
0
0
0
66
0
0
0
6
66
36
3431771271
0
0
0
0
0
0
0
1304506575
4099605930
21
0
36
0
45
0
0
0
0
671629554
0
0
0
0
3
0
0
1599431940
0
0
0
21
2123988070
0
0
0
0
1
2280116649
0
45
0
1133665521
0
1
5442739566
45
0
4370984723
0
0
6259182489
0
0
0
0
0
0
0
20662806
36
28
198194095
0
0
0
74474909
21
1
0
0
0
0
0
0
1000274613
0
0
6
28
403833975
0
0
0
5343453687
0
0
0
0
45
0
0
0
0
6692608599
0
0
0
0
0
134357028
0
0
0
1071266322
10
0
0
619748820
0
0
0
0
5440131541
0
2088292245
0
0
0
0
3586663850
13699995
0
0
0
3
0
0
0
0
1
52259975
10
0
0
28
0
0
0
0
0
0
851049375
0
0
0
0
0
0
36
0
0
0
0
0
162423273
0
10
0
0
0
0
0
0
551236205
5446183116
0
6211164195
36
0
0
0
432665235
10
6
0
0
6
0
4686136419
66
0
0
36
0
0
730632630
0
3
0
0
0
0
0
21
0
0
0
36
0
0
1857969333
0
1826950122
0
0
0
0
0
575843010
0
0
0
0
0
3057502691
489704159
0
0
0
959548525
0
451666539
0
0
109054296
2606311695
0
0
0
0
0
0
2028048822
0
933487215
0
0
0
10
2205243645
0
0
0
0
0
0
0
0
0
0
0
21
0
0
0
0
5043745200
0
0
0
0
66
0
0
0
36
0
0
0
0
0
0
3
0
0
0
45
21
66
0
0
0
0
0
0
0
0
0
55
0
0
3
0
0
21
0
28906606
0
0
0
0
0
627908202
15
6310643274
1
4248898815
36
0
0
15
0
0
0
0
0
0
1
0
0
0
0
36
0
648990377
28
5363734885
0
0
0
312662520
0
45
5817698733
0
0
0
0
1065811359
3
0
0
6
0
0
0
4976577459
2798903961
1
55
45
5605022437
0
1811087014
0
3815404325
0
3
0
2106426843
0
813677967
1897064378
0
0
0
0
0
745385334
28
2459704585
0
0
1
136513025
0
0
0
5120264565
1399548868
45
3
0
0
257656340
0
141111599
0
0
3116511730
0
0
6
3110593330
0
5773234740
1
0
0
37130653
0
0
143998934
0
0
0
0
0
1165455057
127260
0
21
1
0
0
502873020
38276875
0
0
0
0
6773490581
3
0
328897128
0
0
55
0
267972825
0
5829138306
0
0
0
3532411368
0
319273805
6
0
3
5258917801
0
45
0
5312073156
0
0
416204525
0
0
0
0
66
0
0
1164972305
0
1
0
0
1
21
0
0
0
1122751
1686788397
0
0
0
0
1382617402
0
45
714741335
1101095125
127592325
0
0
0
0
0
0
98862891
0
55
1668022151
0
0
0
0
28
0
0
2343420024
0
0
0
0
4819803435
0
0
0
0
0
0
0
0
0
464103810
0
259065693
0
6022915336
0
0
0
624864275
0
143303985
0
0
26168995
0
0
0
0
0
21
0
0
1592220
0
3116195940
0
0
1816929615
21
0
1435810050
0
0
3899372190
120295
0
0
0
0
45
0
0
21
21
2770321820
0
1
3469070115
45
0
0
0
0
0
0
0
2633891874
36435916
10163286
0
0
0
0
0
994914507
3
0
0
0
6207152424
4189831549
0
0
0
0
0
0
1277777625
0
0
363407319
0
477544059
0
2106946119
0
0
45
0
0
1297314432
0
0
0
1628292683
10
0
0
0
0
0
0
0
0
0
1437096438
2420096800
2331386434
0
6
0
0
0
3
3
82773411
0
0
0
5619749091
2249225964
1
0
0
0
6507978783
21
0
0
0
10
0
0
0
0
11642725
67088730
6
0
3
36
0
0
0
0
0
0
0
0
0
1
0
1143926193
0
28
0
45
2473822624
0
249593643
0
0
6408308610
21
2711461610
0
0
5044649169
0
0
0
0
0
17907119
1
860523352
1535937579
0
21
10665271
0
0
0
0
2053475649
0
0
0
0
0
0
15
0
0
0
45
0
0
0
0
0
0
0
36
0
0
0
1
66
236868489
0
0
0
21
0
0
0
0
0
0
45
0
0
2444508066
21
42767375
0
0
0
4294837485
0
0
4567624776
5900184069
0
0
1659254400
0
36
45
0
2689781149
3
0
0
0
0
0
1
21
0
1257085008
0
0
0
6
28
45
1
0
2126008992
4298545505
1683015138
1208869032
0
0
0
0
0
29089378
2278766274
0
177764937
0
0
0
0
0
0
0
0
0
2580600555
10
0
0
996253200
0
0
21
36
0
79663750
709836
0
0
1
1
0
0
45
0
0
0
21
0
3515226
0
0
0
1407336928
0
0
1244082018
0
0
0
1581721884
0
0
0
0
0
0
0
0
1
0
0
0
4386331908
0
6728946
66
0
115011361
45
0
0
36
21
0
4766247759
3071751362
0
0
0
0
3
45
480453500
0
1691729022
0
0
0
1088881083
0
5835942600
5537676114
0
3
0
0
6
0
478162347
112627535
2286468840
0
0
897883875
240363775
4346988606
0
0
0
45
0
0
28
0
3
0
6
0
433106581
0
0
0
0
0
0
2916684866
0
0
0
0
1349427222
0
0
0
0
0
36
1620483979
0
0
0
0
0
0
0
45
0
0
0
0
0
220783590
6882167115
0
1816929593
45
0
0
0
0
0
0
0
28
0
3
0
0
0
0
0
0
66407049
0
0
0
0
0
6736412562
0
4305223992
45
0
0
0
3324181943
0
5124920616
28
0
100486576
0
0
0
0
0
28
288852630
0
0
0
0
0
0
0
0
0
0
0
696596474
0
3
0
0
0
15
0
0
0
0
1484988732
0
0
1
0
2831243589
0
1003945639
66
28
0
3
6
4279651331
0
0
0
21
0
0
0
0
2320541839
0
0
0
0
0
0
0
183907431
0
1
0
906975342
0
0
10596106
0
0
0
0
0
0
0
0
0
0
0
0
0
6278441587
0
0
1
0
1
709194276
0
15
0
3253542101
6
0
0
0
66
4263014561
0
0
0
0
85366710
2022320982
0
0
0
0
0
5539465351
0
0
0
0
0
0
0
10
4990554420
0
0
0
3587595535
0
1
0
0
0
0
0
2220211560
735227030
0
0
0
0
0
0
1477586313
665449920
5456729212
0
6
0
0
0
27725181
0
317104326
0
0
0
0
66
0
4147646526
3
0
0
0
0
0
0
0
0
0
496739419
10
0
0
0
0
0
0
0
0
0
1879427367
0
0
0
0
6
0
458636020
4738949269
0
0
0
15
66
0
0
5034609649
0
0
0
0
0
3
0
0
1553724637
0
0
0
0
1
10
68053610
3982468860
0
0
0
0
0
0
0
0
0
933661
0
21
0
0
0
0
0
3
0
0
0
0
0
0
1
0
0
0
0
0
0
0
0
0
6
66
1
3790113570
0
539676210
21
0
0
0
0
0
44476596
0
6
0
66
0
3825194301
0
0
28
0
0
0
137522819
0
0
0
0
0
1163910600
1
0
0
0
0
1723989834
169878528
1552944312
0
0
1782015144
0
0
66
1
36
0
0
0
6
0
0
10
0
0
0
0
0
0
0
1
0
0
0
66
0
15
0
1
213820857
0
36
1
1406594252
0
0
0
0
0
171763845
65648611
0
6
0
0
47878004
0
0
5599729812
0
0
0
0
45
0
1754777646
0
21
1899220860
3
0
4562273975
15
0
0
6
0
0
0
0
0
0
0
28
0
0
0
3664921295
0
0
2329201872
0
3
0
0
10
0
0
0
0
0
0
0
0
6286512319
0
0
0
0
0
2440244724
472981145
0
50486175
47643441
1795233132
0
0
0
0
0
0
1388618640
0
0
0
0
0
0
0
10
28
0
10
0
0
0
0
0
758298093
0
0
0
6
6632006799
417532738
0
0
0
0
0
0
0
0
0
28
0
415570034
28
0
1772773712
45
0
0
0
21264981
0
3547725485
0
0
0
0
10
18926628
0
0
6
208253433
0
0
1413976428
3
6
406823547
0
817676559
700034632
0
0
0
0
0
0
0
21
0
1
3
47868220
0
6
0
0
0
66
0
0
6
0
0
0
0
0
783822600
36
0
0
0
10
0
732124235
437443830
0
0
612517499
10
4933671379
0
0
0
1285523837
0
0
0
0
6872784595
21
0
0
0
30525391
0
0
5771503
55
6324131814
0
45797235
6
0
0
66
0
5731082325
0
0
0
0
0
6108716733
0
0
0
0
6387946899
0
0
0
1662654939
0
0
0
0
0
3066737050
0
53659620
0
463190256
0
0
0
0
0
0
0
45
0
0
6
0
28
0
0
663736394
0
10
3
3
0
0
0
0
6461173281
16511131
66
4679942576
3559443706
0
66
0
0
0
0
2172294735
0
3456670221
0
18969720
0
0
15
0
0
0
0
10
0
301068988
1
3893369358
1
99962729
0
0
0
0
0
0
0
43856294
45
0
1931342319
0
28
0
0
1561762188
0
0
45
1
0
562330
298326950
0
0
0
0
0
0
0
0
0
0
4998350070
0
0
0
0
0
0
0
0
0
10
912435118
0
0
0
218791
0
3158177540
0
0
0
0
5572881885
111221154
45
524151232
0
0
0
0
69543320
0
0
6717274212
0
866257873
0
0
3
0
1
1281673132
0
1805373977
0
4564280141
0
0
3578283896
0
2398439160
0
0
0
1
0
0
3630244191
0
0
0
0
0
0
0
0
3
5691538020
28
0
0
0
0
3670488315
0
3
0
0
0
0
0
0
0
5706377799
4035388158
768770851
0
2450174997
5694632494
0
10
0
0
0
0
0
576861560
0
0
28
231135750
0
0
16653
532929625
4078173807
0
0
0
4601042600
0
6
0
0
28
74817027
0
0
0
0
0
36
0
0
0
699735330
0
0
0
3
0
537083924
21
1240991275
21
0
0
0
0
0
4363508050
0
0
36
71646434
2396223350
0
3
0
0
0
1
10
0
0
0
0
4678491491
0
0
3774892560
0
0
3749691
6293690655
66
0
0
0
21
0
0
1646433030
0
1
0
106864889
0
0
0
5369951116
0
0
0
0
0
0
45
5701891800
1
0
0
632985989
0
1725516875
0
1224159937
0
0
3
45
0
0
0
21
0
393218945
0
0
55
0
0
0
0
1
0
3095625234
0
0
0
0
0
21
711983977
0
0
0
1482591803
0
0
1159524243
36316503
0
0
1
0
0
0
5226866601
0
602652382
3054766330
1
0
0
0
0
6
27643330
0
0
0
0
0
0
1745666322
1621793622
421588202
0
45
0
28
2235555
0
0
0
0
1
0
0
0
0
0
0
0
0
0
0
0
0
21
15
10
28
6
0
1971105
0
0
0
0
0
0
0
5904747390
4633426952
36
2009875065
0
0
28
0
0
36
28
0
3956095710
0
0
0
0
15
0
0
0
0
0
5928461550
0
0
0
0
0
28
0
0
0
1207001250
0
0
0
0
0
0
0
2505222714
36
1732867864
0
79134490
55
238875153
0
3633738580
717617667
0
21
3538633991
0
0
0
21
36
2790231743
0
0
2920122821
1734634429
4813816194
0
1493283904
0
0
0
0
0
0
738797574
15
0
0
5993537289
1193869652
2327427641
0
0
116548277
0
0
0
0
0
0
0
5349865035
0
0
0
0
1391940700
0
1911443529
36
3
0
0
3
0
470339775
0
5057413812
0
0
0
4238856754
0
3
0
5128768515
21
0
163904564
0
2771810704
3
5727420
0
0
0
0
0
0
0
0
0
0
0
0
0
0
0
0
1264768362
0
3
0
0
0
0
0
0
0
0
10
852204967
956309508
0
0
0
0
0
0
1039930787
0
0
36
0
0
0
0
1
0
5173733437
444452204
2580959775
0
757441578
0
28
0
45
0
2864828629
3385040295
36
0
0
0
0
0
0
0
0
0
0
0
1216354475
0
0
0
0
0
0
0
0
0
36
0
0
28
5970240
0
0
6402422995
0
6000217786
0
0
4528616810
0
6
1
0
0
0
1729690330
0
0
0
0
0
0
21
4566573500
0
0
66
0
36
66
0
0
1814037255
0
0
0
0
45
1472426508
0
0
0
4756391775
0
4070230155
0
0
0
5111969896
0
0
0
3962947863
0
0
0
0
0
0
2427686004
21
1
0
45
0
45
0
0
662207022
3572280065
0
36
0
0
0
372877076
3
0
0
10
0
1
0
0
1811628715
2160840924
6074609910
6
0
0
2252580724
0
0
0
0
0
0
0
0
0
6
0
21
0
0
0
0
0
0
0
0
0
0
0
0
0
0
4986559009
0
3
0
0
294625675
36
353819891
0
5254611289
0
0
0
0
0
0
445138200
5088740241
3587849650
4836607083
0
0
0
0
0
0
0
0
0
0
0
0
966702414
0
66
0
1
0
15
0
6
0
0
0
0
1
0
0
0
0
427708127
0
3360528
0
0
0
0
0
0
0
45
0
0
0
45577378
3497448385
0
6
0
10
0
0
1202730532
0
708968319
10
3201160095
825581292
1677913479
0
1
0
5141334840
0
0
486766791
0
0
0
0
0
4190197685
10
0
0
0
264166595
0
0
0
0
0
0
0
895131513
0
0
0
0
21
0
3579468345
0
0
0
0
28
0
0
3303259812
0
3
0
0
0
668810450
0
0
0
0
0
0
0
0
0
0
28
0
0
0
0
833401548
0
0
0
55
0
36
0
0
0
0
0
10190354
0
45
0
831402247
0
0
66
1
0
52208871
0
0
0
0
0
10
0
3
0
0
0
10
0
321450690
0
45
66
0
0
0
1
0
0
65328165
0
0
4299287335
0
0
36
0
0
0
0
0
0
0
0
0
0
0
0
0
4436961280
0
349153525
2047264060
0
0
0
0
1
0
0
0
0
0
0
3
1015044093
66
0
0
6678270169
0
4398797855
0
0
554661470
0
6
0
1468413500
45
0
0
0
0
10
0
0
0
66
0
4252679145
0
0
0
0
0
0
45
215706835
263179152
8914752
0
0
1836937550
170265828
0
6434146596
0
0
0
0
0
0
0
0
0
1049255117
0
0
28
1
0
0
21
1374426232
808723650
0
0
0
6
0
0
0
0
0
0
3165413916
9912378
0
10
0
0
6496689000
6
0
0
0
0
0
0
0
1
649230
0
0
507004245
0
451486224
0
1
0
0
0
0
0
0
0
0
257792570
4048605099
0
59323278
2640137409
5497652445
0
0
56951128
0
0
0
0
0
3187492236
6
0
0
421472060
0
45
0
0
0
0
1
0
2826504855
0
0
0
5275031475
0
0
0
44902026
4644311225
0
0
0
5080067937
0
0
0
256975775
3018761541
49277628
0
0
0
0
0
4291223706
0
0
0
0
0
0
0
0
0
45
0
0
2657751750
3561046983
0
0
0
208171800
0
0
0
0
3
0
0
0
0
0
0
3
0
0
0
0
66
0
6
0
1233628928
2961382310
0
0
10
1376052027
0
36
0
0
0
36
0
0
0
0
199850028
0
6556785289
0
0
0
1622875900
1617809393
1449668920
0
0
0
0
0
0
1
0
4673946242
0
0
0
1
0
21
0
189900816
1777540472
1541207437
0
0
0
0
0
0
1022311138
0
3816277920
1797330984
6123315735
0
0
0
0
5950804920
0
66
0
0
6601062395
0
130435475
620241789
0
0
0
0
2834555535
36
2607033708
5329919815
1820005272
6
0
1171594593
0
0
0
0
55
0
0
66
0
0
3
4144459391
0
4032244467
0
0
3027030
0
0
0
0
4260798773
0
0
15
0
0
981355752
5808318045
6
1
36
167802037
3
0
0
53008955
1639726005
0
0
3047345310
0
0
0
4033142557
1272122005
0
0
21
4471545
5518749204
10
245255872
0
1
5061538146
3420017115
0
219042915
0
0
0
0
10
0
0
3
0
0
0
0
0
0
0
0
0
0
0
0
0
0
6
0
0
0
0
1
0
10
2330840216
0
0
21
0
0
2517057640
265731928
712399128
0
28
1
1604243025
0
161271820
6
0
1
28
1153080225
0
27710289
0
653140152
1189427145
0
0
4193860275
0
0
6
36
0
0
0
0
0
0
0
0
0
0
0
0
0
1
0
0
0
6630970314
1
36
546002534
0
0
28
6920114124
45
0
0
1
1808740557
0
10
0
0
0
3
1
0
1
0
0
6923055549
0
28
66
0
908083021
0
0
0
21
0
4642094790
0
0
0
0
81211140
66
0
0
0
45
0
0
3169950831
0
0
45
2618165667
0
45
2645808386
0
0
66
0
0
8729931
4495501
0
0
0
0
0
0
0
0
0
0
0
3556322606
36
0
2815238156
3
0
0
0
0
0
15
21
0
0
36
0
6
0
0
0
0
3775587743
0
0
0
0
3306306
82349361
0
1
0
0
0
0
0
1
190856953
0
1
0
63884556
348572406
0
10
0
0
0
0
0
39609449
30925180
0
0
5502896631
0
3
0
0
0
0
0
0
434874285
0
0
0
480050584
0
0
0
5382913116
1098093813
0
0
156972611
1534552297
10
4596055695
0
0
0
0
0
0
3664150770
352411416
0
5257482108
21
0
0
663955005
0
0
6
0
6458899951
0
0
1137573448
1644081125
0
0
6485978520
0
0
0
0
0
10
0
21
0
1447515900
0
16236451
0
0
10
66
0
0
4837393914
0
0
45
0
0
2400240234
0
55
0
3276248868
0
0
0
0
1618662725
0
1
0
3238394471
0
0
0
0
0
0
0
0
0
0
0
0
0
0
3
0
0
1
0
0
0
0
0
0
0
0
6
0
0
0
10
0
0
0
0
0
0
24090
6
0
0
0
5464148946
0
0
10
0
0
0
453531902
0
0
59530416
0
0
0
0
0
87311505
0
0
0
3808419154
1
0
0
0
0
2935580366
0
0
2063099724
0
0
0
0
0
466269452
0
3
66
4943013240
0
21
0
0
0
0
0
689262735
3
0
0
0
0
36
0
268528715
21
45
0
0
10
0
0
0
28
21
0
0
1
0
0
2826204117
6854624175
0
0
0
3335770350
0
0
0
66
93427615
0
0
0
0
1
0
4394578104
0
0
28
6
2448985095
0
0
66
0
0
2435496500
5210622525
0
3
0
0
21
0
112057934
36
0
0
0
5573726505
0
0
0
3
6344954880
0
0
0
1288212658
21
3
0
0
1534940093
0
0
1998099714
1514673274
0
0
0
0
0
45
6
0
0
0
0
0
0
0
0
1698658013
0
0
0
0
0
0
0
5092473615
0
66
0
0
756079938
0
0
0
0
0
105553184
0
0
21
0
437580
0
0
0
5006251887
0
0
0
0
0
0
6
0
0
0
6234033564
0
0
1
0
0
410941445
228648414
0
0
197855775
0
0
0
36
0
55
1799849997
3958942608
0
0
1896694839
0
21
0
0
0
0
0
0
0
0
0
0
0
0
0
0
0
0
0
0
316273825
0
36
0
0
0
671061
0
0
0
0
0
0
0
3704667958
0
601819470
0
0
0
0
1
36
36
0
2957920119
36
0
0
0
0
3
3
0
0
1
0
36
0
0
0
0
0
0
0
28
0
0
0
45
544483479
2635488865
0
0
4809009520
656324562
0
0
3643719651
0
0
0
0
55
152225073
124212441
0
0
0
10
0
28
1172175568
36
0
0
1313460603
0
0
0
0
0
0
0
0
0
0
0
0
0
538067609
387045743
0
0
0
0
28
0
2727317430
0
0
0
0
2405786285
0
2650684419
6
235641
0
0
0
28
0
746737332
1038927708
307532390
0
0
631847925
801060330
163325701
0
0
0
1
239903559
1310950382
0
0
0
3
1025207118
0
6157225890
0
66
0
0
5714820529
5106713325
1824351782
0
1963231785
6
0
3
0
0
21
0
0
0
0
0
0
0
66
0
0
0
0
3
0
1
0
0
0
0
0
3
0
0
0
1461376947
6
1567860000
0
0
0
10
0
3
0
0
0
0
651262094
219901906
0
0
6
0
2006262830
0
0
0
0
0
0
0
1693416285
0
3
0
1227824207
0
0
0
0
45
0
0
0
3635017470
0
889386397
0
687222180
0
0
3714832065
0
0
0
0
0
28
0
6521448070
0
0
6830174937
0
21
0
4203940644
0
6
3505314570
0
0
1
0
0
0
0
0
0
0
4513497500
0
0
5108806
0
133587685
0
6
599497236
0
3684254
0
0
43296165
0
0
0
0
0
66
0
0
21
154959207
10
0
0
0
46479261
3262582986
45
3040323195
4379590824
0
0
0
28
0
0
0
2507680
0
0
0
0
0
0
588090657
1451769642
580808382
6410799462
407023245
0
70027694
118049294
0
0
0
0
0
0
6238612506
0
0
0
0
120831285
0
0
0
0
0
0
45
0
3
0
0
0
0
0
0
1
0
914059143
40225965
0
0
3462409710
0
6
0
0
149152356
0
1
0
52014899
0
0
0
0
36
1030875115
0
0
0
0
0
504174114
0
0
0
0
0
0
0
401506938
0
1
0
0
0
0
0
1435274225
0
0
0
0
0
55
897629614
0
0
0
0
0
0
0
3
0
3336015388
0
0
45
0
0
0
3
0
560538900
3510423900
0
45
4508273469
0
1
28
0
10
0
6
6
1454788764
0
0
0
0
6
59978628
0
0
4588676273
0
0
45
0
0
0
0
66
0
188713875
0
0
10
3830444091
0
0
66
5381045625
0
0
5419081626
10
0
0
0
0
28
3414395556
1026028
364405496
28
0
36
2532121860
3186374507
0
0
0
0
0
0
0
0
0
0
0
0
0
0
0
0
0
0
1802190638
1
3896546766
0
0
0
0
45
0
0
0
0
0
0
28
6
0
0
0
0
0
0
66
0
897290682
2854543451
344754411
0
0
0
0
21
0
0
0
0
0
0
0
0
0
0
0
0
0
215104911
1948346640
0
0
36
0
0
0
0
0
0
0
0
3896236
0
0
0
0
1512087500
0
0
10
0
836507250
0
0
3
0
0
316475051
0
0
0
0
0
0
0
1
0
0
21
6470384358
0
1
21
0
0
2667384244
0
0
0
0
3673316318
83611845
0
914059143
0
0
0
6555983723
4916204025
487953159
0
0
0
0
0
0
4965011380
0
1
0
0
0
0
4315994665
0
0
45
45
4145734098
3606170265
0
55
0
66
0
0
6547398473
0
0
1
0
0
6
0
0
0
0
0
0
0
0
45
0
0
0
1
0
0
46759285
0
642700857
2517412440
0
0
62961030
3
3420265233
0
0
0
0
5960627475
3833683256
0
0
6781058130
0
0
0
0
0
0
0
0
10
6243863581
0
3399619608
0
0
0
1938807579
0
4925529342
0
199250703
0
0
0
0
1
795466420
26897445
36
0
0
0
0
0
0
45
0
0
0
0
0
10
467736384
0
0
0
36
0
0
0
0
0
66
0
0
0
261484146
0
10
1
66
924521479
0
0
0
196307205
0
28
0
0
36
1
6179369
0
200250078
0
0
0
0
0
21
1
2883403820
0
529539675
7305753
10
4849401367
3
0
0
0
0
0
231695100
0
0
322999236
0
1321314106
3
66
0
15
0
6
692161820
0
0
415829538
5106106995
2851975014
0
0
0
0
87549528
0
1
541682154
0
0
0
1
12718446
0
0
118110764
3
0
0
4007586583
0
0
0
0
0
0
0
10412765
3
0
0
15
0
3969153
0
3723284061
0
1
0
0
0
0
0
1248025777
0
0
0
0
390894777
0
0
284137031
0
0
3668004030
45
28
0
49416710
0
0
0
66
0
0
34515586
0
17859276
0
0
0
0
0
0
3
0
0
0
0
0
0
0
0
0
45
0
0
0
5428246849
3
66
906506907
0
0
45
0
0
0
3
0
1
13611153
0
0
0
3
6958314
1
6046503
0
0
0
42702660
0
552299209
0
31780378
45
45
0
0
0
0
0
0
15
0
0
302616891
0
0
0
0
6
0
0
0
0
36
0
0
0
0
0
0
69119402
0
0
0
28
0
0
0
3084619230
56610120
0
0
0
28
0
0
21
21
1
254894331
0
0
0
0
0
6
36
0
21
0
0
0
28
0
36
28
21
0
88318694
0
0
21
1982704870
66
66
0
0
0
0
0
0
0
0
0
189530715
0
0
431342505
0
28
0
0
5385403587
337077627
0
0
66
10
0
15
0
0
0
0
0
0
0
0
0
0
6
1868346728
21
0
0
0
0
0
45
0
0
0
0
0
0
36
0
0
0
4040330757
0
66
0
2895566940
0
0
0
0
0
0
0
0
1702935
3520821619
10
0
0
0
0
0
0
0
0
0
0
0
0
66
189472311
684111554
0
0
2440803625
3
0
0
0
0
28
0
66
0
0
17991001
0
10
0
0
0
0
0
0
45377101
0
0
36
0
0
0
0
0
0
0
5359385701
1910035
0
39502713
0
10
4534328780
0
0
0
0
45
0
0
65820601
0
0
0
0
0
0
0
15
0
3106966170
0
0
1244131900
0
0
0
10
0
0
21
0
0
6468905574
534399777
0
0
0
66
0
0
0
0
3793422708
0
1057057200
269944230
66
0
0
1299403728
1
3890655
0
10
0
0
0
3
3290754491
0
0
0
818647395
0
1
0
1
28
0
0
0
0
0
0
0
2487910494
819092572
0
0
0
0
6082989805
0
0
0
0
0
8460441
0
3
5318775046
0
0
74328527
0
0
0
0
0
3536783415
4643347473
0
10
45
0
0
0
0
0
0
1119425583
0
0
0
1613886885
0
0
0
98961346
0
0
0
0
0
0
0
177896953
48545731
0
80055530
0
3
0
0
0
0
0
1504233822
0
0
3
0
0
0
0
0
6380037214
0
0
36
514771740
0
0
0
0
0
660675
0
0
0
571169280
0
0
0
1
0
0
0
0
0
0
0
0
0
21
217580230
0
0
0
0
0
0
0
0
0
0
6
31629081
0
6
0
3144998350
5985766360
45
0
0
0
0
0
0
0
0
0
0
0
18111171
21
0
3
0
6875246887
980735613
0
0
0
844954383
0
0
39618351
0
0
0
0
15
0
0
0
1259492949
0
10
55
0
0
6
0
720082254
0
0
0
28
28
0
45
0
1590508194
0
0
0
0
6323681964
0
0
24133877
641948195
0
0
0
21
1918374705
0
0
0
0
0
0
0
3
0
0
0
6
390363710
0
0
1
1
4375567357
6812654562
0
0
4874546917
0
0
0
0
0
0
0
0
0
0
0
28
3
0
0
0
0
16620495
0
0
0
0
0
2121837760
0
0
0
0
375475896
0
0
0
36
10
21
2949081572
5932273284
141565550
15
21
0
0
0
55
0
1
6
0
0
1911319872
0
0
0
0
21
0
0
5485600351
0
52076114
0
0
0
0
0
0
36
0
312287526
0
0
0
0
0
0
0
1597566047
6339323634
3363025042
341793584
95724366
0
0
0
5311145514
1
0
0
11009777
2737445000
0
1565005425
36
0
490173684
0
0
0
1
0
1020955075
0
338143012
0
21
110224128
47868220
0
0
3
0
2653087736
0
0
3270403
0
0
0
3799146
0
0
0
45
39627253
120551627
36
365053700
3
0
66
385766975
0
0
0
3
0
28
0
0
0
0
0
6
0
0
55
0
0
0
0
0
0
28
509235720
0
0
0
0
28
0
0
0
0
0
0
0
55
0
2708443190
6
0
45
0
6073287321
0
3
0
0
0
6
0
1408132818
0
0
10
0
0
3962858836
0
0
0
0
0
0
0
0
0
0
1347261
0
0
0
0
827207454
2012411925
0
0
3
6328068684
0
0
0
0
367625169
0
0
4237015464
6
1541040883
0
1
21
727806625
0
0
0
0
0
10
0
0
0
441713493
6423941181
1
0
0
0
2755528938
6
1759876122
3000141955
0
279389340
0
40756906
0
0
0
432224086
0
3109568081
66
0
0
0
610139775
0
21
0
0
0
0
10
42481153
0
36
0
0
0
0
0
412686
15
244039278
0
0
55
0
4207884398
0
0
0
0
6
0
0
0
0
0
0
0
0
0
0
0
0
0
1
0
1
3495943108
150571978
0
0
0
146487283
0
0
0
0
0
0
1
0
0
0
0
0
2477622385
0
0
261895931
36
0
3
0
0
0
3899637096
0
1477531965
2272020309
0
0
0
0
0
0
0
2364140697
0
0
0
0
0
1021361803
0
0
0
0
0
0
0
21
4146280495
5092675458
0
0
0
1536769052
0
0
0
7751952
0
0
43212456
0
0
0
0
36
36
0
1618947238
1083614178
0
0
0
0
0
0
0
0
0
0
0
0
36
306392635
0
45
0
21
0
0
0
95669018
0
0
36
0
0
3
0
0
10
0
0
0
0
0
21
0
0
0
0
0
0
36
45
0
0
0
0
1262857890
0
0
0
0
0
28
0
0
36
547060482
0
0
0
0
0
0
6
677506454
0
36
0
0
0
0
4952563005
0
0
4968200655
0
3006962439
294819903
0
0
0
0
1
45
0
0
0
0
3
298522385
0
1026384775
0
0
1124399303
0
5341903158
491771820
0
0
6189671908
0
0
6
0
0
0
0
2482481917
0
100302366
0
21
0
28
28
354059345
0
0
28
4332268931
45
0
66
103989830
0
0
1
45
0
0
0
0
1090094772
0
0
0
10
0
0
151632405
0
3536783415
294771330
0
0
0
10
0
0
36
5389140426
45
0
5656384296
0
28
0
0
21
0
0
36
0
0
0
0
0
0
0
0
0
10
0
0
0
10
3459580961
0
0
0
0
0
4442238132
0
0
0
0
0
0
1595192880
0
0
474612624
0
1
0
0
0
0
0
0
0
0
0
6
0
0
0
0
45
0
36
0
21
1295939502
0
0
439783632
0
1011847590
0
4913824509
0
63771571
3
0
0
0
0
2517199575
0
0
1
0
0
21
0
36
0
3
0
21
0
0
0
0
0
0
0
2867024190
0
739105125
0
0
0
3948894000
21
1
0
2043490470
0
0
6889208205
0
0
0
0
1047698172
0
0
0
0
0
2205310042
4488070598
36
0
696074015
0
31216851
1456731273
0
0
0
45
0
0
0
0
21
0
5418248785
0
45
0
594624854
0
0
3478155265
0
0
0
0
1
6
0
0
0
221751264
0
0
0
0
0
0
0
0
564026470
414705599
0
0
0
3
21
0
0
451725
0
28
0
55
6
66
0
6150236712
0
1
0
27896714
0
0
0
36
0
0
23918985
0
0
0
0
2839677805
1
0
0
0
45
45
0
66
534007519
202558125
0
0
0
0
0
6911411169
10
0
0
1235069844
0
0
0
0
4417200981
0
0
0
0
0
0
6
0
9642635
0
0
36
0
293607025
529865180
0
0
0
0
0
810373390
1154425272
0
36
0
0
13637253
0
0
0
0
0
0
0
0
36
21
2964615491
0
21
0
0
28
0
0
0
110729520
0
66
0
0
0
0
0
6
0
0
3
0
0
0
1
0
0
0
0
0
0
0
3
0
1
0
10
0
0
0
0
0
0
0
0
0
0
0
0
0
367381161
0
0
0
0
0
66
0
0
0
0
0
0
0
0
260456073
0
0
1873791147
0
0
0
0
0
0
0
2881809311
0
66
0
0
0
6
0
0
3692970666
0
0
0
6219414640
0
0
437769240
0
45
1708522712
1777123143
2441712015
0
0
0
301830164
0
0
0
2268449010
0
86691525
392826420
0
21
3013635402
6398689309
0
761065602
0
0
5603010966
0
0
0
0
33386706
0
0
3582684266
0
0
0
0
3
21
594176627
679532544
0
45
0
45
0
1
0
0
0
0
0
0
0
21356380
3059101
0
1
335495646
0
36
517181040
0
119962305
0
0
0
0
36
5023276992
2371917214
0
0
0
0
1
36
40441520
3
0
0
1
46885086
0
0
0
45
0
0
0
3573209888
3120776496
0
45
0
0
0
0
5663295
0
3483662170
0
0
0
1684523943
21855966
0
0
0
36
0
0
0
0
230019076
0
0
0
0
3
0
500465702
0
4647685050
0
0
0
66
593900859
0
6816507114
4469142132
2527000680
0
291068118
0
0
0
1
128344230
0
0
2376120480
0
0
0
0
0
5828274550
66
63997640
0
6450378505
2753376518
0
306813606
0
0
0
0
28
0
0
0
0
3060240251
66
10
10
175134967
0
0
0
0
5740186165
0
0
0
0
0
0
0
0
0
1
0
0
0
6557586926
0
0
0
40046775
0
0
0
21
0
2861650368
0
36
0
0
0
3190047729
0
0
0
36
0
15
0
0
0
0
0
0
1829066397
0
0
45
0
0
0
0
49406769
0
0
1516269818
150554628
0
4133723220
0
0
0
1
3237267870
0
0
0
0
28
0
0
0
0
0
0
0
3
0
0
0
28
0
2798155800
3001691385
0
0
0
0
5056307575
224455078
0
0
0
0
0
0
0
0
0
0
862474275
0
1185528468
0
3702946643
0
0
0
237827145
43119541
0
45
0
1126581750
0
2460125434
49000050
0
0
0
0
0
0
0
21
0
0
0
0
66
0
0
21
0
0
1645400289
1396006352
333271643
0
3
0
2074613899
0
0
0
0
0
0
0
0
3
1
0
14132585
1785105
66
0
0
3380434190
294747050
3574985393
6
103068902
0
1598866398
0
0
0
28
0
0
0
10
0
0
0
0
28
0
0
0
0
54054003
0
0
3916700226
6
1899159229
0
0
6
45
0
0
0
2123792545
0
0
0
0
0
0
3
0
0
0
0
0
5347796445
45
0
0
2536250995
0
0
0
0
0
0
0
3986575263
0
0
0
0
3
0
0
0
0
2002653822
3399454730
2708222396
0
34980
0
0
0
0
3035880071
0
1000364082
1
0
0
0
0
0
4583696103
2862028
0
1
0
0
0
0
475691569
0
6
1139338952
0
0
36
0
0
0
0
3
1466138322
0
0
15
0
0
0
0
3092635971
0
0
4154403
0
0
0
2998902725
0
0
3129631125
114042753
200870943
1
0
150173114
0
0
160461
0
3
36
0
0
0
28
2151778391
0
0
0
45
28
1
0
0
0
0
66
0
21
0
1
0
0
6658522245
0
0
0
0
0
0
0
21
0
0
419876730
101481381
0
0
5105702781
28
0
0
0
0
1389303825
0
0
1
3756147756
0
0
0
0
0
3019538606
0
0
0
0
0
0
21
0
0
6
0
6
55
2204114809
4610352245
0
0
6
0
0
0
0
0
0
4647877850
0
3262663800
0
0
0
3
0
4459692882
209377416
0
0
0
3787676121
0
0
66
152539308
0
0
10
0
0
3
6
0
0
10
0
10
4039701534
1055402568
0
0
195416564
45
1042851587
1
0
0
6844792437
0
2159066292
0
0
0
0
21
6607843265
0
0
0
0
0
0
10
55
0
0
0
0
36
66
0
94263314
996654978
0
0
0
0
28
321201
0
0
0
0
0
1694405785
0
0
847299174
0
0
0
10
6425301414
0
0
0
0
530614175
0
0
0
6524075061
2322586054
0
0
400912086
0
0
0
36
348757255
2786049966
0
3
0
0
1
3552865615
0
0
4339066691
0
192442768
0
5110756606
0
0
520563510
912178807
0
0
0
0
2042339906
0
0
213118334
0
0
0
0
0
0
0
0
0
0
0
0
1
0
13952403
0
0
0
2788215114
0
0
390307829
36
0
0
0
427708113
0
0
1962229314
0
0
0
0
0
10
0
45
0
493246915
0
0
0
88504860
0
0
5547783735
10
0
28
66
0
0
45
10
0
0
0
0
0
0
10
0
0
21
222974403
2208166734
0
0
772932900
1
0
0
0
0
1
0
0
6
0
21
0
55
15
1374006828
0
0
10
0
0
0
0
0
0
0
0
0
140088691
0
10
4490629010
0
0
0
0
0
0
0
0
0
0
2360016738
0
0
0
0
494472607
0
28
0
0
0
0
0
0
2466793644
10
1
0
141128400
0
10
1
0
55
0
0
55
10
0
0
0
0
0
0
0
0
0
0
0
0
3665691831
3331932518
0
0
0
0
0
243068176
10
0
0
0
6
0
66
0
10
0
0
0
84000240
3585562893
1022356356
0
0
0
0
0
0
0
1
1
0
0
0
0
0
0
0
0
0
66
0
0
4134632559
0
45
55109251
479802752
0
0
0
4741660
548417520
0
0
0
45
0
1704842000
1111160483
0
0
0
6
3133746483
0
0
2581319016
2292220480
4949378742
1035
0
0
6743378723
6329756289
45
1584873122
0
0
0
1816748775
27628461
83974319
2790455829
0
0
0
0
434638371
0
0
0
0
307011810
36
0
10
0
0
0
66
45
3753288110
0
0
1056551490
113469579
0
0
0
3739178967
0
0
0
0
1328263108
0
600848442
0
0
0
1
0
0
0
0
0
0
0
0
28
0
0
0
0
0
0
0
0
0
0
6161110470
28
0
931155414
0
0
0
0
854187777
0
1
0
5960518270
5116116369
0
0
21
0
0
6424734645
0
19898586
0
2578732984
0
0
0
0
0
0
0
3
1202191092
0
0
0
0
0
554028807
0
3
0
0
2551158159
24391619
629432939
0
0
0
0
0
0
6
0
0
0
3
0
0
0
0
6762003
0
0
0
1003094424
0
6907766964
0
0
0
5949525
45
4941223710
1334455281
0
0
0
117083252
0
18730260
1
0
0
2410574880
0
0
0
0
3
1
0
10
21
0
0
1210787430
55
0
0
0
0
0
5244467254
0
0
0
0
0
0
4644407603
0
3
0
1
0
21
0
0
0
55
0
0
0
0
0
509682627
21
0
318389992
0
3844811885
6163996951
0
0
0
0
2246141794
21
3418693988
672986307
0
0
0
6
0
0
0
0
3
0
0
0
0
36
0
0
0
0
66
1
2073583395
0
0
0
0
45
0
36
0
0
0
0
92187830
0
2858700655
6
0
0
0
0
55
0
0
1
66
555961184
0
0
1250625063
0
0
0
0
0
0
0
139586986
6634771166
0
0
0
55
0
1
0
0
0
3
0
0
0
0
0
36
0
2979804165
6
0
28
0
0
0
2796884200
0
913631628
0
0
0
21
0
0
0
0
0
0
0
0
0
115041695
36
0
0
1277625947
1396270562
3
0
45
0
3
0
0
10
0
0
1
0
0
0
0
0
887778
0
3911568531
28
66
0
1150296602
10
0
0
0
0
0
36
0
559153
1365370893
0
28
0
36
2596501917
0
0
0
0
0
536526902
0
0
1266026030
0
0
4377906342
0
1
21
0
0
0
907017933
0
21
4303553904
0
0
0
0
0
0
2244935493
0
6
21
66
0
0
0
10
28
0
28
0
0
0
0
0
0
10
515317355
10
64382878
21
1
0
0
4995550954
0
0
0
810131857
36
1892755080
45
21
0
0
0
28
0
0
0
2306189649
0
0
155258630
6
0
36
10
0
0
0
3386850743
0
6
0
10
0
45
1
6
0
0
0
0
0
66
3
0
0
447468549
0
1
3590645608
0
2820643358
0
0
0
6
0
0
0
0
3460496018
0
0
0
0
0
0
0
0
0
0
0
0
0
0
0
98790
0
0
3559359368
0
45
0
3
0
36
21
0
472120355
0
0
3
1144739473
0
0
0
0
206014551
1775156292
0
86362653
0
566750257
352570732
3
19930141
0
0
0
16344903
6758949445
0
0
3091928182
3
0
0
0
0
0
6578905212
0
0
0
0
0
5925403
28
6
0
0
0
1693998300
0
0
0
0
3997029300
0
0
10
0
6
1
0
6
0
0
0
0
6545110012
0
0
0
0
45
3142143891
0
1545541000
784258189
0
3085090515
0
0
0
0
0
329358945
3
0
41173275
6431424360
21
0
3504309858
0
0
0
66
0
4213941251
0
0
0
21
0
0
0
0
0
426426
0
0
66
5177904921
28
6082328026
0
659480402
0
1977230164
3
0
0
0
219797061
21
0
0
0
0
0
0
0
227004777
0
0
114208941
0
0
1
0
0
0
0
12941328
0
1297925747
0
0
0
0
0
0
0
0
0
0
0
0
121080141
0
2222344440
3205081995
596108653
6
129194775
0
0
0
6
513841632
45
0
2456436
0
0
0
788461902
15
4570492608
0
0
0
1820367270
0
0
15
0
0
0
6344391624
28
21
1822962750
176842220
0
0
0
0
0
0
10
0
0
1052005487
0
21
21
0
0
0
2123140860
229503
0
66
0
0
0
0
0
0
0
0
0
0
0
0
0
10
0
66
0
0
0
6418954794
17502485
25529085
0
0
0
0
0
21
0
0
0
1180712712
55
0
0
0
4932876765
0
1
2987529041
0
0
0
0
0
892129899
0
0
0
0
0
1138909373
1661098331
3
0
0
0
0
0
1
0
0
36
0
0
6
2604723570
0
45
3693744180
0
3
0
1073072298
2708075179
0
0
0
0
0
3
0
66
0
0
0
195990298
0
28
94895976
724224690
435169236
0
3
66
0
0
241505253
6
3
0
0
2349105690
0
0
0
0
0
4927216779
0
0
0
0
0
0
0
0
470585171
0
0
0
0
0
0
0
0
0
0
1
0
0
28
0
6139705012
0
0
66
1992730009
1497002400
0
0
133669425
0
0
0
0
1819703622
0
21
0
0
0
21
0
0
3
0
0
0
10
6221422312
0
0
0
0
0
0
0
0
0
66
0
0
0
0
266562505
0
0
0
0
44053190
0
2352877073
0
0
73114278
10
0
0
441267768
2763849690
0
0
0
3646110305
0
0
3
0
0
0
0
0
0
0
3481826066
2258491230
6
0
36
0
0
0
1467221507
1200867500
0
6
0
0
28
0
569446857
0
1532004953
55
0
460030277
5529260154
0
0
1999996599
0
0
0
0
0
36
0
0
0
0
0
0
4475005655
0
0
0
2735151705
0
208600522
0
0
0
0
0
0
0
0
0
0
21
777224448
0
0
0
66
130920471
10
0
3
0
42767375
66
0
0
6
0
0
45
5147319398
0
0
0
0
0
0
0
45
4341489098
106491
3
0
0
0
0
0
36
45
0
0
0
0
0
193090726
0
45
28
1616728801
0
45
269456495
0
62434725
0
0
0
0
5337769437
0
0
1
0
0
3814006746
0
0
0
0
0
0
0
0
10
0
1010498487
0
28
0
0
0
6
2094177367
1705542782
0
0
0
0
0
0
0
3145791495
0
0
0
0
420253535
0
0
0
8006001
36
0
0
28256403
0
6305251890
0
0
2122424092
0
0
0
0
0
66
0
0
37753705
3
133996635
28
3488505146
5115812910
0
0
0
0
0
0
0
0
0
0
0
0
0
286478016
0
3494020205
793911622
0
1562712462
0
66
0
0
0
1760172757
0
0
163832151
0
10
0
0
309171411
1427783182
0
0
0
21
1
4906986579
0
4175106489
0
0
0
0
0
0
0
1118101088
0
0
0
0
0
0
0
0
0
0
202316670
21
1249525042
2673742491
66
0
0
1
0
10
1152888143
0
0
0
36
0
124401651
0
0
0
0
0
0
0
0
0
0
0
45
0
0
3378132296
956003398
0
2146009320
0
0
0
0
0
0
28
45
0
0
0
59748845
3
0
0
36623961
2997663699
0
0
66
243840486
951504873
0
0
0
0
0
0
0
0
1725281883
0
0
0
0
0
0
0
0
0
66
5677250358
906294019
3194842070
1100156772
270781356
3
0
5017064499
0
4436772845
3
0
45
26060590
923704668
0
0
151075653
0
0
0
0
139253015
1
0
0
0
635586028
0
604041902
5058721369
36
0
9867903
0
0
0
0
74328528
1
0
0
0
0
0
6
0
0
0
0
0
0
0
0
3
36
1
0
0
2015267805
0
0
0
0
1675712858
0
0
143676675
0
0
1984594465
0
592110077
533060205
0
55
66
0
0
36
0
0
10
0
0
0
0
65008502
1
0
555827810
0
0
0
0
0
0
4364535680
1678724590
5102166570
0
21
1709750505
3952266
28
6484839604
0
10
301731885
10
0
0
6651023379
0
6214619796
0
3148330231
66
0
0
0
858450309
1
0
1545485378
0
0
0
0
10
0
0
0
1
0
0
0
0
0
0
124812099
0
481911534
3030583721
0
168443832
28
0
0
3719919340
0
0
4200273630
0
0
0
0
0
0
0
1
0
0
0
8547045
0
0
0
0
70906185
0
0
66
0
36
0
0
0
0
0
2888418005
0
0
0
0
0
0
3
0
0
0
1372382242
474150594
0
1436131593
0
0
45
0
0
6618653865
0
0
0
0
0
0
1039976393
0
0
0
0
0
0
3
36
3843233618
3
0
0
0
28
28
45
0
6
3
0
0
0
0
10
0
15
0
0
0
1056275675
0
10
0
0
2964153482
0
4996950429
0
0
0
2799502541
0
0
0
0
0
0
0
45
1227625997
0
0
0
1
138170376
0
0
0
0
0
0
5632265979
0
3
1732043768
0
0
0
0
0
0
0
0
0
0
3089255070
0
0
21
0
0
0
21
0
0
0
3
4632945642
0
0
0
0
640408351
0
0
0
0
451576357
0
29872585
0
0
0
0
15
0
0
66
0
0
0
0
0
1559304062
0
0
0
0
55
0
1
3253945411
66845703
0
2815988553
0
0
0
0
0
0
0
4264769169
5269486425
0
3
34233674
3738745
0
0
0
0
0
1836331475
0
0
0
0
0
0
0
0
0
0
0
0
0
0
0
0
41309505
0
0
0
28
268042281
4935558945
66
1
0
0
0
909447266
3
0
140071953
0
0
0
1715778904
0
204838917
0
0
0
2126204619
597110382
48960460
0
0
0
3543515010
0
0
0
0
0
0
66
0
0
3795774849
6
0
0
0
0
0
0
0
0
66
0
0
0
0
0
2597150520
0
36
0
0
0
0
0
28
0
45
0
0
152679072
3919444408
0
36
0
1131760
28
3
0
0
0
0
5451820344
0
0
15
891780
45
0
0
3558515682
3304723006
0
0
0
0
0
0
0
0
0
0
0
3
0
0
0
0
0
2936676
0
0
4315623039
3
0
21
0
287148620
0
0
676512935
0
0
0
0
0
0
0
805815
0
10
0
0
36
0
0
1668657559
0
10
55
0
66
0
0
0
0
3
1
9114315
0
0
0
0
6312890364
6
2050528765
0
21
0
0
1835119632
0
1057425075
66
0
0
0
2632585631
0
0
0
0
1129241498
0
0
0
3489424009
3848232540
10
0
454646934
0
10
0
0
1443429557
0
0
0
0
31295915
0
0
4037364834
0
0
0
0
0
0
0
3673405
75098640
0
0
0
21
0
0
331209453
45
47156616
0
0
55
4495937670
66
0
2215482859
6733627110
0
0
3175766046
0
4362667290
0
4252494698
0
0
0
21
103788027
0
0
21
0
21
0
0
1587125942
0
0
0
6685668729
0
0
0
0
36
0
0
1
0
0
5253483711
0
240561139
0
0
10
0
66
0
0
4071132474
103327499
0
0
0
0
2115263367
0
5332707835
0
0
5126844385
0
436734225
0
0
0
0
0
0
2660741816
0
28
0
0
0
0
21
21
0
0
0
10
21
0
0
0
0
0
0
0
5793023275
0
5187169540
5076943725
0
183543217
0
0
28
0
1131523803
0
3283051986
45
0
0
28
0
0
0
0
0
1
1
0
6
0
0
0
0
0
0
0
0
1800089991
1870853837
0
0
0
0
2643850
0
0
0
2387992350
0
0
0
0
1531451493
0
1330996212
0
0
0
0
10
0
0
1429065985
0
1
0
36
0
0
0
0
207825075
0
45
0
0
0
0
0
0
5589892179
3383312660
3885960546
0
0
10
0
0
0
0
838348872
0
0
0
0
36
0
0
0
66
0
0
0
10
3053906607
0
0
36
18754750
0
0
0
0
2011270170
173398752
0
0
0
0
0
3
0
10
0
0
0
1194456098
0
0
0
0
0
0
0
0
0
0
0
0
0
0
0
1
0
0
0
2277146345
0
0
0
0
0
0
0
0
0
0
0
0
0
0
0
0
36
0
0
0
246497700
0
0
0
0
0
36
0
3437738811
0
7946091
0
0
1638981621
0
3
0
0
5872516080
0
1534773903
45
3228262118
0
3798389210
0
0
0
0
0
0
1493229248
1156588557
0
5524529010
1823868578
0
6
3393026243
116762121
0
0
5402437386
381611748
0
0
0
0
0
3
0
3252896790
4893720780
24238203
5428663656
646327080
0
0
663991460
0
0
367923491
45
0
0
0
0
0
0
0
28
0
0
1754422202
0
3105389826
0
6
0
0
0
21
0
0
0
0
0
0
0
0
0
0
0
0
28
0
438864730
0
0
0
5128667236
0
0
3
0
1018651795
0
21
0
0
3
0
0
36
41893280
0
0
0
0
0
1
0
0
0
405512480
1738111314
0
0
0
2131555272
563254265
13868011
1
36
0
0
0
1
4937645589
0
0
468838128
10
36
0
411888036
0
0
0
0
0
0
0
0
189550184
0
0
0
4186719750
0
0
0
0
2509046531
10702250
0
21
0
0
0
0
0
0
0
0
0
0
0
1
0
0
3
0
0
0
0
0
69295877
45
0
0
0
2713008263
0
0
0
2145
0
0
0
0
668261955
0
0
0
0
0
0
0
66
0
0
0
0
0
0
0
0
0
0
0
4387174935
1
1331976663
0
1
0
0
28
3
0
0
0
66
0
0
0
0
0
0
45
3979791921
0
0
45
5960736639
1411478118
1
0
0
0
0
2679595811
6
0
0
4850977215
0
0
0
0
0
0
1
0
0
0
0
841545822
1
358410148
0
2178428985
6
0
0
0
0
0
6220641525
0
0
0
1
0
0
1755607134
48585152
0
66
15
36
0
34790311
0
0
0
36
0
0
550472769
28
0
0
0
0
0
3195321701
45
0
0
0
1071544043
0
0
5808318045
0
0
0
0
10
5500588896
0
0
3927328206
0
0
0
2962228925
0
0
0
0
0
0
0
45
0
21
0
26612160
0
0
0
0
3442798700
0
0
0
0
0
0
0
0
55540530
0
0
0
500117748
0
0
6410686251
224963865
0
0
0
1034056016
0
3069478766
0
0
45
0
0
0
0
0
0
55
0
0
0
1569876558
0
3
67669160
4787262289
0
3013635402
45
1074740697
0
5893559530
631990127
0
6768137630
0
6872315637
0
100585836
1747616754
1616956250
0
0
0
0
0
944450988
0
368574822
0
0
0
45
0
0
307706028
0
45
0
0
21
0
952857682
0
55
0
0
36
0
0
471690245
0
0
0
28
0
0
0
2409394617
0
0
0
0
0
29097005
6708931475
21
0
0
21
0
0
0
0
0
0
0
4184798300
0
0
0
241351435
0
45
45
962398107
21
0
0
0
3
0
510928540
0
6271110
0
0
0
5901487716
0
0
0
0
0
0
0
0
0
0
0
0
404345693
0
609685737
0
290055652
0
0
45
0
0
1448269287
0
0
700970400
0
0
533354129
0
367462485
0
3
0
4190746970
0
1953406254
1
0
0
0
0
0
3
1567580000
0
0
0
0
0
1399601775
0
2086676891
813274612
1113518808
0
0
300872715
0
0
0
4722219117
0
32068036
0
14783203
0
0
45
9459074
0
0
10
424613510
0
10
0
0
10
0
21
10
0
0
1404632500
0
0
0
0
1
36
0
0
0
0
0
0
1433506737
0
28
231540
0
0
0
0
21
1
4204215698
0
586240160
0
0
0
0
0
0
819294957
0
88425051
0
0
0
55814895
0
0
0
1210344572
6133168815
45
0
0
0
55
36
0
60351590
6
0
0
0
0
0
0
0
0
0
55
0
0
0
0
0
45
0
0
0
0
0
3643292831
0
0
0
0
0
0
0
0
0
0
0
0
0
0
0
0
6860714025
0
0
10
0
2984206104
0
0
0
0
0
0
0
0
0
0
0
0
0
0
4255723098
1
0
0
0
1
36
21
0
0
0
0
0
0
0
0
3343779743
1
0
0
0
28
0
0
0
0
0
997056837
0
0
0
0
21
0
0
0
0
0
1
0
0
0
0
0
0
410540184
0
5833782091
156990337
0
0
6
180490500
0
0
4690203323
0
431019465
10
5811875346
0
0
0
10
1378630
0
0
0
0
0
0
432253502
0
0
0
0
0
101737979
0
66
0
0
0
0
3097828792
835689400
3
6652868859
721905000
0
0
28648664
0
0
0
0
0
0
0
3
1
0
6387381759
0
0
0
0
3
0
10
544549500
6396313915
0
5395163560
0
2168473430
0
0
0
10
0
2484807724
0
0
0
0
0
0
0
36
36
0
0
372249245
0
3557081664
0
134849253
0
0
0
0
0
0
0
0
21
0
0
0
1
16094300
5596238049
0
2270200643
0
0
0
0
2916226625
0
0
0
0
0
0
0
1632461224
1469280708
0
0
753360315
0
0
0
3
0
0
0
0
0
0
0
0
0
1984342467
0
1
0
0
0
0
1
21
0
4910256285
43305471
0
1
5386960437
0
0
0
0
0
0
6
0
0
0
0
0
2508125689
0
0
0
0
66499278
3
36
0
10
0
0
475414009
0
15
0
0
0
0
0
0
6
0
0
0
0
10
1
6045655714
0
0
0
0
66
0
0
6788396874
0
1
1243333908
0
1024618543
0
1161740500
0
0
0
6
0
867007258
13831170
28
10
45
162369207
0
0
0
45
0
0
45
4310979030
0
0
0
0
0
2512161
0
0
6
0
0
0
0
0
1
8944335
0
0
1984972522
1837240625
0
0
0
0
0
36
1
3631266800
0
0
0
0
1278384324
66
0
1016802057
291454296
6054015600
4675009805
0
140239377
625500744
0
0
1377416338
0
10
525058200
916112609
36
0
6549687323
621827744
56919115
0
6760112160
0
0
0
0
0
1501218612
0
1571333742
10
6
6298291429
0
0
0
0
0
0
0
0
0
0
0
3806673840
1
0
28
0
0
0
0
132397127
3
0
0
0
0
0
0
0
0
0
0
0
0
66
0
0
0
10
0
687592985
0
0
0
0
4711632165
0
0
0
21
0
158144217
0
0
0
0
0
0
0
3
0
0
0
0
100245720
0
0
272272780
342683100
4239317105
0
0
0
1636921125
0
1129051437
0
10
0
0
0
0
10
3
0
0
1
0
6873839809
0
2231487379
0
0
109868076
21037340
0
0
6
0
0
2192842194
30988128
0
554028827
154132903
0
0
0
0
0
0
0
0
0
163506485
0
0
0
66
0
3
0
1595531799
0
438775855
0
0
0
0
6
0
486985235
2238239865
124812100
0
246475503
1
0
0
0
1106122092
0
0
0
0
0
0
0
0
0
0
0
0
0
0
66
10
6
0
3153728445
0
25200
0
0
5481411390
36
0
705207784
0
10
0
10077804
0
0
0
5164277569
0
1
66
55
5259738285
6
0
0
440376982
1
362949143
0
0
0
0
5719311610
0
1
0
0
0
0
0
4979970064
385878089
0
0
3802312365
5061437512
3
0
3
0
0
0
0
36
0
0
0
1783687100
66
0
0
0
93482301
0
45
0
0
0
0
5633858130
2748851721
1262857868
36
0
0
1
0
0
272296116
0
0
0
0
5974720596
3
0
0
15
0
1151832000
0
6169549776
236368153
0
0
0
0
0
66
0
0
0
0
45
0
0
1
0
0
0
194646315
0
0
158981193
0
2066762742
0
45
0
755263524
6
0
0
55
3
0
610733754
0
0
0
0
0
0
449145405
0
0
0
0
0
0
36
0
0
0
1356137132
0
1
45
28
229290399
4212105415
1322651018
0
0
5640228879
0
0
0
36
6
3
6103854271
1835422572
0
0
0
402272429
0
0
0
594348993
11797652
0
0
0
0
0
5977563085
370368935
0
282946366
8923199
0
55
823753734
23918986
0
592006824
0
0
10
1658966395
0
0
0
0
3814006746
0
1321519740
0
0
0
0
33443930
0
3716125134
10
0
0
0
0
0
4567146896
0
0
3950404926
374545
21
4843002087
0
0
0
23960503
0
66
862100525
1971511800
0
0
0
0
0
6
0
0
0
0
0
66
0
0
0
0
0
0
0
0
0
0
23471526
0
0
0
5887047241
45
0
2948851170
0
0
303897531
0
5262200121
0
0
55109251
0
45
3
0
0
45
0
10
3
0
0
0
0
732009452
0
3
0
10
0
0
0
66
0
0
0
0
0
21
0
194311038
3
0
10
0
0
58649865
0
0
0
0
1
0
3
0
556328045
0
1031692594
0
0
2812987511
10
0
0
3990773115
0
0
3
4179676680
0
0
0
1112103538
0
4941720754
0
0
0
0
0
0
0
319501281
55
28
0
0
0
0
0
19353531
0
0
0
0
10
1
0
171578547
0
0
1304915238
0
1
0
0
0
6
0
2594196455
0
0
0
1466463243
282304441
10
1077942068
45
0
0
0
0
0
0
0
0
0
0
1113094150
481671
0
0
0
0
0
0
0
1
0
0
0
0
0
0
19322436
2568545273
0
0
66
45
10
0
0
0
0
326209653
0
641804877
0
21
0
0
0
0
0
10
6
0
21415239
328974074
330643460
6
10
4787164410
0
0
0
6999411
18455850
0
7183945
0
10
21
888964674
3
0
0
0
28
0
6689253879
3288969915
0
0
0
27450345
45
0
0
0
11455291
0
0
0
0
281971868
28
0
0
0
0
3904054021
0
0
3
0
0
0
36
0
66
318869631
66
0
0
0
3310172250
1092804597
0
0
0
10
21
0
3003861285
0
0
0
0
1792058772
0
156520
0
0
210586500
1788049894
0
0
0
0
0
0
0
1
4408464096
0
0
0
0
0
45
6
0
0
0
36
5318671887
0
45
1081520258
0
0
0
0
0
0
0
21
0
2290121993
748786930
0
0
27966
0
0
0
0
3
0
3328831170
21
36
0
28
0
0
3
0
2540811219
0
0
0
2776546
0
0
0
0
0
190173752
5253483690
0
36
45
1
2065862745
0
0
0
0
10
0
0
0
1029467972
3
2674327535
0
0
5477956740
0
3467237880
0
0
428351814
0
66
0
0
0
36
0
66
0
0
10
0
3
0
0
0
0
0
0
1
0
0
0
6
6
0
0
0
0
0
0
0
2151319205
6
0
0
0
0
0
0
0
0
0
0
0
0
0
4141546545
0
128841378
0
0
0
0
10
0
0
3
0
0
0
6
20869029
98722326
0
0
10
6616237973
0
0
0
0
0
0
2140509729
0
28
0
5967289590
2136847241
6
0
0
28
0
0
0
41628250
0
0
284017851
10
0
0
0
28
0
0
0
1496017622
0
28
0
4689428554
0
36
0
0
0
0
45
0
0
0
3365732025
0
0
0
66
0
2601043839
360528377
0
0
0
0
0
10
0
0
0
0
0
0
4212197175
5826655180
0
0
615145349
0
0
0
0
3
0
66
66
0
0
0
0
4895798592
0
5421476340
1434899220
0
0
0
0
721639044
0
0
102624301
0
6288979431
0
0
0
0
21
0
0
0
212932566
0
0
0
66
0
0
0
0
0
0
0
0
0
1
10
0
0
0
0
0
2343077704
21
0
45
45
0
188034525
3
1804232464
234263834
66
0
0
1848046382
311762932
0
0
0
0
0
0
0
0
174630016
0
1
0
14319275
0
0
45
0
5807886931
0
28
0
2606817079
0
0
0
0
0
0
0
0
1472480750
0
0
0
372440263
0
10
0
0
0
3
6
0
2839150314
0
0
36
8110378
753942675
0
0
0
0
0
2114808124
0
2757385181
0
2719125630
66
5582176225
3049922115
429963135
4928606650
3005179065
6
0
0
0
4941422512
0
0
477296855
0
1
0
55
0
0
0
0
0
3
0
1
0
1780522969
0
0
0
0
28
0
0
0
0
0
28
2234828912
1529072622
0
21
36
1423404680
1
0
36
0
0
0
0
4916699821
0
3
6
0
0
0
0
0
6916820470
0
0
0
4047975208
0
0
0
0
3479740166
0
0
0
2736113289
0
0
0
0
0
0
0
28
0
45
0
0
0
0
0
0
0
5716103515
100401535
508980464
0
0
0
0
0
0
2198939050
0
0
0
150849765
0
0
0
0
0
0
21
0
21
0
0
0
0
0
0
0
925984094
2671037469
1715017455
36
0
0
166430890
0
169510077
0
1
0
0
0
0
0
0
3
0
191404394
0
732851449
0
21
1830276232
0
0
0
0
0
0
0
0
0
55
0
6
2636868500
3
11236169
0
0
0
0
0
0
0
2312510022
0
0
0
0
0
45
1803391590
454581
21
18828316
45
0
6305925708
5102065575
1
10
2537248224
2535467649
0
55
17354885
1
3328260033
596937607
0
45
0
0
0
0
10
0
53877389
0
0
0
0
0
0
6
5340352812
45
0
0
3
0
0
0
0
0
1
0
0
1871955072
0
4112020596
14826735
1474217822
102109195
0
0
0
0
0
154976812
3
0
1369031273
0
10
55
6
0
308177550
0
66
0
1183776125
0
0
0
6
0
7505875
0
0
6
0
0
3853585900
15
0
0
707086794
0
29656551
3200599983
0
36
0
0
6
0
0
0
88159281
0
0
0
1
1
0
0
45
0
6
0
4757854890
0
21
0
5834214165
606129147
0
6
0
0
0
0
5968382074
0
0
1
0
0
0
0
21
0
0
10
15
0
10
0
0
701157607
0
0
0
3
0
0
0
0
0
0
0
6
0
0
0
0
0
10
0
1832999872
0
0
55
0
0
0
0
0
0
0
0
0
0
0
6
0
0
0
0
0
0
0
0
0
268250702
737721665
0
0
0
0
0
0
5972862390
0
45
0
55
66
0
0
0
3
0
0
1428424519
0
0
1
0
0
0
1
113379211
5287672800
0
0
3
0
0
3
0
0
21
1677196
0
0
5658618087
0
0
66
0
0
2745590217
0
0
10
0
0
0
0
82092891
0
0
0
0
416521938
3402753732
2506142967
0
0
38241885
0
6
0
0
0
0
0
0
0
0
0
28
0
0
6598764574
0
0
0
0
680196285
1000229880
0
0
0
6317947779
0
0
0
0
0
0
0
0
0
1911690825
199031173
0
66
0
0
0
0
367381161
0
0
0
0
0
0
0
0
1468142550
0
2425178154
122171896
249191650
0
0
0
515863259
0
1318745043
0
0
0
3
0
1416051132
0
0
0
0
4357811348
0
36
6
0
1223219963
5695806480
953512594
0
993977970
1
0
0
0
2169922497
0
36
0
0
0
45
0
354618396
0
0
0
0
0
15
0
0
0
36
0
4923445260
0
0
0
0
633875814
0
0
0
10
0
1
19760040
12915903
0
36
5016663825
2014379122
0
0
0
0
0
0
0
0
0
0
3603113560
0
0
0
2981657243
0
578799255
66
0
0
0
0
0
0
0
0
0
2099422791
0
0
0
0
0
0
0
15
0
0
0
45
0
2915921125
1
28
0
66
0
6
0
45
3902817060
1442892337
440792585
1394527263
0
0
0
45
0
0
3315218833
0
36
28
3636978792
0
3
0
21
0
0
0
0
0
0
0
157220778
0
1
0
6743030330
0
0
6
6061720626
0
0
0
0
1113094138
0
36
0
0
0
15
0
6
178879155
0
0
0
0
5821690515
0
0
0
0
45
10
0
3
1763734522
0
10
0
0
28
0
0
0
0
955915935
0
82747680
6
1
0
0
6
0
0
0
1263360483
0
0
1802851100
35747740
0
0
1692543443
0
0
0
0
0
0
0
0
15
0
51800930
27147395
0
0
28
0
1232834312
0
0
21
0
45
21
0
0
0
0
0
0
0
0
480205524
0
0
0
15
0
66
0
0
3940722208
0
0
0
0
0
1
0
0
3288483306
55
31280095
0
0
15
0
21
21
45
0
0
28
98245153
0
1908353274
131328
0
0
0
713305314
3237992091
0
0
0
0
78757524
6
0
0
0
0
502334035
3871867956
0
887110380
3
0
0
0
0
2378258022
0
0
0
0
0
1789904168
0
0
0
10006101
0
0
0
0
0
5721771780
0
0
0
0
0
0
0
0
77258664
21
0
0
0
0
1497440172
0
0
0
0
0
0
0
3341408616
0
0
0
0
6
0
0
4130541440
0
0
3
0
0
0
0
0
0
66
0
0
0
0
0
0
0
0
0
0
0
0
0
1899898897
0
2807664570
0
0
9796951
3
0
0
66
0
0
2502038424
6217630275
0
0
0
2000059875
0
0
0
0
0
1637493363
0
0
3548315116
0
0
3718108251
0
423448641
36
1
0
1
570088240
20323500
21
0
0
0
0
0
0
1
0
0
6886039269
0
1518638688
523892264
0
1563215627
36
0
0
1
0
0
0
0
55
342264366
1045776508
0
0
0
0
0
0
0
261095516
0
0
0
21
0
0
0
0
0
0
1765694997
0
0
0
0
66
0
3
0
0
13564235
0
3418032495
0
148582938
889892575
0
21
3
0
1631261515
4219267536
14712600
0
0
0
0
2148958455
1271062987
1
1381145375
0
0
0
66
0
0
0
0
334926011
0
36
89719710
0
0
2426083647
0
6
0
0
1552554223
0
1
36
542208894
0
0
0
0
6
0
0
0
0
0
0
6697352925
1958222050
0
0
45
0
1339315875
45
0
0
0
5648835129
0
0
21
0
0
0
0
0
0
5657554312
1
36
0
4181779823
0
0
0
0
0
0
404886195
0
0
15
0
0
0
0
0
0
0
0
4354544448
1
0
0
66
0
1165648176
0
3
21
0
0
0
0
0
1233132288
0
28
0
0
0
2887354000
215727606
0
0
3284834886
0
21
0
0
0
0
36
0
0
0
0
57991064
0
0
1
10
0
0
0
6
45
0
0
0
0
6
0
0
0
0
0
613007602
0
0
646398969
0
0
0
0
4707361899
0
0
0
0
3986753850
819537834
0
5455475695
2047276
0
0
133407945
2732859405
0
0
10
0
0
0
0
0
1010678305
1
45
0
0
0
0
0
0
0
9546264
0
230340916
36
0
41865825
0
0
4090646430
0
0
0
0
0
0
0
0
0
0
0
21
36
0
0
0
0
0
13533002
0
21
0
3
0
0
6
0
48348861
0
0
0
10
10
21
0
3
0
3
4401799857
0
3
0
66
1
0
2030214775
0
373314140
1
0
219545532
0
0
6
0
486579589
0
0
99186570
1681507030
0
90377290
0
0
0
0
0
0
0
0
0
0
0
0
0
0
0
2405300755
0
0
28
0
0
1525204037
0
4266801232
0
0
15
0
0
0
0
0
0
3307731735
0
0
0
0
0
569683134
0
0
0
0
1
0
0
0
0
0
0
1892755095
21180286
0
0
0
0
0
0
45
0
0
0
0
0
0
0
1
6266233281
0
0
2537604414
0
0
0
15
0
3
0
0
0
0
0
0
0
0
0
0
3
0
0
0
0
0
45
0
0
5512972444
0
0
0
0
0
3
0
0
1076132022
96737095
10
0
0
0
0
0
0
55
90579070
10
0
21
0
0
0
0
0
0
0
0
0
0
0
1044130725
0
0
0
3711298890
0
0
0
1548322107
0
0
0
0
0
0
3
5230138884
0
0
0
0
0
0
0
0
0
0
15
6
21
0
36
0
1292479875
0
0
852948232
236846720
0
0
0
0
0
0
0
0
0
0
0
0
3516627170
0
4820981685
0
0
0
0
0
0
21
0
0
0
21
0
0
21
0
0
0
3
0
2744256560
0
0
115634027
28
0
1
1515774267
0
2667895545
0
0
0
0
0
0
3
184368000
0
0
47584889
0
28
0
4956743925
3476070482
0
0
0
0
0
0
45
0
1
0
0
0
15
0
0
0
0
1370653875
0
0
303306125
21
4488733830
0
0
0
0
4082600296
0
0
21
698015545
0
0
0
0
0
0
0
36
488078125
0
0
0
0
0
0
0
476432145
3
0
6
0
0
0
4866552430
0
0
0
0
260593035
0
1
0
82323696
45
5839184166
0
0
345726650
0
44693785
3542504833
0
0
1
0
0
27829529
0
45
823510215
0
0
3789678225
4373603080
14507190
6252582985
0
4796562474
0
212581887
0
0
0
0
0
0
0
0
134586620
0
2379085682
0
0
2075000404
0
1971260634
0
0
0
0
0
2882037071
36
0
0
0
0
0
0
0
0
0
0
0
0
0
3
0
21
2443529272
0
28
0
0
0
0
0
0
0
940673604
0
0
0
25894805
21
0
0
6613707500
0
581115183
0
0
1
0
0
66
0
85602069
0
0
2917677819
512688230
3
0
0
0
0
0
4259598795
0
21
0
0
1981508592
0
0
21
0
0
0
28
0
406880586
0
0
0
15199341
0
36
0
358329835
0
0
45
21356380
36
0
0
0
0
0
21
108596943
0
0
6
0
6
0
849564807
0
0
508948550
0
0
256686
0
0
431783188
45
0
0
0
3
0
0
930594508
2802528
0
671922790
0
0
0
0
5302396
0
2971626768
0
1263662100
0
0
0
0
0
0
0
0
0
0
5009454429
502334055
66
15
5744472836
3908208210
0
6
0
0
0
0
0
3
0
2323744872
0
0
0
0
0
346305403
10
0
0
0
15
0
0
45
0
0
0
0
0
0
45
0
21
0
0
3
0
0
0
0
21
0
45
0
0
0
667056060
0
0
0
23252789
0
0
0
0
0
1386564127
0
0
0
626880935
0
0
0
0
1
0
0
3
0
0
0
0
66
0
0
0
1
0
3
45
6
0
0
0
185444911
0
884626950
0
0
0
1472914947
0
0
0
0
0
0
0
19037535
10
0
0
0
0
0
0
0
2335211955
0
0
0
0
964724754
0
0
0
5199093361
410253675
15
0
0
10
45
0
0
0
0
0
0
0
0
0
21
0
0
0
0
3
0
0
0
0
3877061617
0
0
0
212994480
0
117420150
2798829143
0
0
162171045
0
0
0
0
55
0
0
0
0
0
1526364123
132104385
0
0
0
0
0
55
88318694
0
0
0
0
3211730721
0
2305306815
0
0
0
0
0
5731938849
4270959232
0
0
0
0
0
0
4484660535
0
0
0
0
0
0
66
151388697
0
0
0
2441712015
303651045
3
0
0
0
0
0
0
2315571342
5198379585
0
0
0
0
0
0
0
0
0
246897531
4939036930
534236307
0
0
0
151284312
0
0
0
0
4998850030
0
0
6024342216
0
0
0
0
9520065
1024890174
4746253699
66
0
0
0
0
0
0
0
1
0
1
0
6267352816
2191517874
0
0
0
0
10
6892377870
21
0
0
0
0
630462274
0
0
0
0
0
10
0
0
21
0
0
0
15
0
66
0
0
5634813495
46875403
3871955990
6748024823
0
36
0
0
45
4507703720
0
0
571845450
48693646
0
0
0
45
0
0
0
0
66
0
45
0
0
0
1
0
0
644028084
0
0
308152725
1
0
0
0
21
0
0
45
739951194
5308672254
0
0
1
4405366024
6359494965
0
0
0
0
0
0
0
0
66
0
0
0
133767546
0
0
0
0
0
0
1207246950
0
0
0
0
1520843948
10
0
0
0
0
0
0
0
5436689884
0
0
29249776
0
0
0
0
184733028
0
0
45
0
66
5005851675
0
45
5265278205
28
0
0
0
0
0
0
0
0
0
0
0
28
0
0
0
45
3013480151
66
0
0
0
0
0
10
0
0
0
0
0
0
0
0
0
28
0
121422735
0
1213101393
1
2252245160
1824895485
0
0
6245428158
5689511062
3702774495
0
0
3965797255
15
1
0
0
0
66
1
0
0
0
0
0
0
66
1
162675700
0
4364255430
1
0
0
15
15
100019296
0
0
0
0
0
0
15
55
2279171334
0
0
0
5880755409
0
0
2561955535
0
0
0
0
10
0
0
0
0
0
0
1592087800
0
47497131
1
66
0
0
0
0
0
0
1
0
0
0
3
55
0
0
0
3525858315
0
458242391
66
0
0
0
0
1768905454
0
0
0
0
28
0
3146286
0
0
3189887991
0
66
952814028
0
0
0
44071966
0
0
0
0
2063420899
1
0
4905896949
0
0
0
0
0
0
382523967
875397400
2318770944
0
0
0
0
1
0
6488256610
0
0
0
6
0
1
0
0
0
10
0
0
0
0
0
0
45
0
0
0
0
0
0
0
0
3250477461
0
0
0
0
0
0
0
0
0
21
1
789733152
0
3350406966
28
0
0
4378654969
966438609
28
3959832483
0
0
3296029808
1
6
3
0
0
0
0
0
0
0
0
36
0
0
0
0
1
0
6311092681
0
0
1
0
3
0
480360489
0
0
0
0
66
3761523470
0
433459831
0
0
0
0
2454937449
0
0
0
6
0
0
3
84389535
42693419
622674384
0
10
0
0
0
1103442725
106747966
0
2981348335
2589444620
0
0
0
0
0
0
2727317404
0
21
6167328346
0
66
794668890
0
0
0
0
0
0
21
0
4486554880
0
0
0
0
66
0
0
3822483320
2942940830
203929107
0
9638245
3360401180
0
0
0
0
0
3
0
3379447568
21
21
0
0
0
0
6847834840
0
5964667986
0
0
0
0
0
0
10
0
0
0
4936353775
21737121
0
0
0
0
104842440
0
0
2198673792
0
0
46827003
0
3
6135937986
0
0
0
0
320007048
86257544
1175130945
0
461456989
1
1
0
0
66
0
4048245169
187414477
354511878
6260301394
0
0
0
0
4722413454
0
0
0
0
6318172600
28
973529869
0
0
0
28
0
3
0
0
527848765
0
66
0
4583983320
0
0
0
0
11165175
68814040
0
0
55
0
0
0
0
0
55
3
0
1
0
45
0
0
0
0
15
0
45
1025886453
0
55
0
66
0
0
0
0
0
1218920597
0
0
0
0
0
0
0
6839996175
0
0
6595318609
45
0
66
164974530
0
0
486860409
6520877034
0
0
0
4574509047
66
0
5463521733
0
0
968506063
0
1199054932
45
0
0
0
0
2296149255
10
10
0
0
0
10
0
15761305
0
1640814227
21
0
0
0
6
0
0
0
0
0
0
0
0
0
2138678095
0
0
1767775524
1239298002
0
936211353
21
0
0
0
0
3
5049773190
0
0
0
0
0
36
0
0
0
28
0
0
121002346
0
0
0
0
0
0
0
892383378
0
4710370264
1
1031874300
0
0
0
0
0
0
0
0
2825527541
1
0
0
0
0
0
0
0
0
0
0
0
0
21
0
45
0
669578714
0
0
1575990138
3361876956
425604897
2790157015
0
0
0
6
0
0
2525628
0
0
0
0
0
0
0
0
0
28
21
0
0
0
1221242303
83909535
0
0
3564592385
2489674294
0
28
0
1
0
0
0
0
0
10
0
36
595452774
0
0
0
0
0
0
0
0
0
339366377
3692455035
21
0
0
0
0
3
0
1292734100
0
0
21
0
0
0
0
0
5019696
45
0
0
1
1
127765
0
0
0
6
0
10
0
0
4332096
10
66
0
54137214
6
1077060050
1050492338
4145278857
0
0
0
149653647
0
0
0
0
0
0
0
21
36
0
0
527718827
170856855
1410575027
0
0
0
1
833238252
1969440144
4160224915
0
65751778
0
10
411629777
3543683355
0
7505874
0
0
0
0
3
21
0
0
0
4003469400
37173753
0
0
1
6622451175
0
0
0
3
1370549162
0
0
0
0
43296165
0
1432489547
5049873717
0
0
45
0
2861726021
0
268343361
0
0
1895832670
0
991037445
0
0
0
819254478
0
0
0
36
363919730
0
2319656292
0
3459331410
0
3544693691
0
0
0
0
0
0
0
0
45
0
10
0
0
0
0
0
0
36
0
10
55
6507180195
739720415
0
28
6
0
0
0
61425
0
0
1550771558
0
6
0
0
0
0
0
10
36
0
0
0
39378375
4765857220
0
0
0
0
0
0
0
66
0
0
0
198472926
0
0
0
0
2737149056
0
5459132229
10
0
0
0
3
0
0
5720274235
0
0
0
0
1735223499
0
0
0
0
0
1205128
0
0
354724920
28
1510108443
0
0
0
0
10
0
6338760649
0
0
0
36
66
0
0
0
0
0
0
0
10
1288618758
0
0
0
36
0
0
0
649350682
10651420
0
942973863
0
0
0
0
28762320
0
0
0
0
10
0
0
0
3
0
2746257180
0
1
0
0
246231335
0
3
0
0
0
3602010116
0
0
36
0
2686115150
0
3118753
6
0
892679110
0
0
28
0
66
0
0
0
0
3962235675
0
0
5752943700
3181187720
0
0
0
66
0
0
0
0
3
0
0
0
0
0
0
0
45
36
0
0
6
0
0
0
957884562
0
0
0
0
801821014
0
0
3
0
0
0
21
722095002
330000894
0
66
3416461746
0
143880163
0
0
45
0
0
0
0
0
0
940153182
0
0
3
4984661745
3
0
0
0
0
0
0
0
0
0
0
0
0
45
0
0
0
0
0
0
0
0
1052510134
0
15
0
0
0
0
0
0
0
0
0
6563085099
0
0
0
0
0
0
2754192861
0
0
0
0
0
836057383
10
0
0
10
0
0
0
6
0
0
66
8515
0
21
0
0
1253277117
0
0
0
3
1
3773415618
0
4364815973
0
0
0
28
2171174350
0
1285675958
0
1585042050
1069415600
0
0
0
0
0
36
0
66
0
0
6
0
0
0
0
0
3
0
0
45
0
0
21
0
0
1646260884
1310233642
0
1115785177
0
0
0
0
0
0
1
0
0
0
15
0
0
0
0
0
5821906305
0
0
0
0
0
0
0
0
0
0
0
0
0
1107674775
55
0
319299084
0
10
0
220489499
0
0
0
0
3
0
1
1
6
0
4744889784
3803882217
0
0
1
0
0
195614310
0
15
36
0
2305306845
853443952
1856080122
773011519
0
0
66
0
0
1062535823
0
0
1
0
0
0
0
0
0
0
66
0
0
15
5227377831
0
0
6
1
0
0
10
0
0
0
6
0
0
0
0
2303731
0
1009240125
0
1137786
1513627682
0
0
0
0
388521
0
0
0
0
673977240
0
0
724795700
0
0
0
0
0
0
6737225105
0
0
3179433108
4165973515
155999615
0
0
6358479999
0
0
3
0
0
1
221393397
0
0
36
3
0
66
0
0
0
0
0
1453494458
0
0
6530359141
0
0
3745321381
0
933876150
5247642636
0
0
4296784030
28
1763556327
0
0
0
0
0
0
0
0
45
1
0
0
55
4131541330
3844987233
0
1
0
1
0
0
0
0
0
84571515
45
0
0
0
2293913505
0
0
0
14185800
0
0
0
0
0
0
0
0
66
1566460350
0
0
0
6
0
10
21
2635634070
0
0
0
15
0
2810737766
21
0
6077696560
45
0
0
0
1249325088
4201006932
0
0
1
0
0
0
45
0
36
0
0
45
0
0
0
4394953114
540169131
0
0
0
0
0
1544429250
0
36
5291787060
0
0
0
10
0
36
45
0
0
1087621474
0
0
0
0
0
21
3240728757
0
0
0
2101561660
0
0
0
0
1812351094
0
1794274550
0
10
0
0
4528807151
0
0
0
0
0
0
674417898
0
10
0
0
10
5132617858
0
45
21
0
0
0
0
0
0
0
0
0
0
0
0
0
333684851
0
0
0
0
1
1292784973
0
0
21
0
1664846928
0
0
378991743
0
45
33125730
0
644674257
494881527
0
0
66
0
0
0
0
155961
0
55
0
0
0
0
0
0
0
0
45
0
55
0
6368181874
36
0
0
356805540
0
28
0
0
0
0
0
0
0
0
0
0
0
5630249604
1373901987
0
0
0
2779708620
0
1
0
0
0
3355484115
6610372616
21
0
3743244540
0
0
0
0
0
0
1235616588
1
0
6
0
66
28
2783960261
0
0
0
4417878
386322705
0
1
895258434
0
45
0
0
0
0
0
0
0
0
0
875481069
0
0
0
470922684
4335341250
1203221012
1
0
0
649747175
0
0
1
0
6
0
0
0
0
366893415
0
1
45
0
0
0
0
0
0
36
286765326
0
85078
0
0
1101870
0
0
0
0
0
0
0
0
0
6
0
28
0
0
23096206
0
0
28
0
4769177214
21
0
0
0
0
22926606
0
45
6103854271
45
0
260456076
0
0
0
21
0
0
21
45
0
0
6
6
66
0
0
3
0
0
5003450559
0
0
0
0
0
0
0
0
4334223905
0
0
652236882
0
0
0
275150601
0
36
36
0
0
0
0
247853979
0
0
6
0
6019184274
0
0
0
0
1
3715090691
0
3
711028
0
1669639763
738989780
21
22261128
0
0
0
0
10
0
0
0
0
66
0
0
0
0
171541503
0
0
449826
2743367600
0
0
1726574438
0
1469768643
0
0
16759154
10
0
0
0
0
0
3493769391
0
1
45
4672012752
0
218415444
0
0
0
3
0
4777091319
5142044689
2918670967
23691286
0
1
0
0
0
6
0
10
0
0
0
0
0
0
834177432
0
0
21
28
6416802210
0
0
10
0
2497795850
1717536739
0
0
0
0
0
0
0
0
0
0
0
0
0
45
0
0
21
0
0
0
1386945
0
546862055
0
10
45
1513077549
0
3
0
36
29548828
21612024
0
3769681025
0
0
5751135
343390321
0
0
0
21
0
0
0
0
36
28
0
0
0
764737371
0
0
0
0
0
0
0
0
0
0
0
10
0
0
0
0
15
0
447588239
0
0
0
0
0
21
0
0
0
0
1
0
0
0
0
0
0
0
1948221825
36
0
0
0
0
0
0
0
70335730
0
4140909455
0
0
0
0
0
0
0
0
7954066
1252175918
2349379872
0
557362557
242556
0
0
2633311296
0
66
3
0
0
0
943886073
0
0
0
1844339739
1370235072
0
0
0
0
0
1285118232
0
0
0
0
0
0
0
1688531322
4661931
0
0
0
0
0
0
0
0
176203375
0
21
0
231781209
45
0
0
0
0
0
0
0
0
0
6591069825
0
0
0
0
0
0
168553979
2943938242
0
45
1730690340
0
0
0
0
0
0
0
0
0
6053795529
887615890
0
5790009789
3241936458
21
0
0
28
0
1179595303
0
0
0
0
1200916533
148272810
2891078784
636334974
0
0
162008999
0
28
0
9195616
6
0
0
0
0
1
0
0
0
4412784485
0
0
0
3308707833
0
5551997934
617357081
0
0
4207425757
0
0
0
0
0
21
1
0
0
0
0
0
0
81109216
0
0
1100016054
0
0
0
3820472568
0
0
0
0
1023441900
6
3
21
0
0
0
0
0
0
45
1
220279555
0
0
0
0
0
21
340905215
3
0
0
0
0
1225793338
0
6
0
0
0
0
0
0
36
0
36
0
2426292594
0
3029491
0
2042595534
0
0
691641027
0
0
0
0
1
4095441735
2858473819
0
0
1762784370
0
234263829
0
0
0
0
21
0
0
28
0
0
760363503
0
0
0
0
66
0
0
0
0
3
0
0
0
0
0
45
10440
0
6198464766
1161740482
0
0
0
66
1030194121
0
3
0
10
0
0
10
5453804514
0
21
3
0
0
0
3
0
0
0
0
0
0
0
0
6
0
0
0
36
0
17431560
0
0
36
0
0
0
249347946
0
0
0
2560881925
0
0
10
0
0
0
0
1
0
0
0
0
5633433540
0
0
0
0
0
0
0
0
0
6324806640
0
0
140239377
66
1837361884
0
0
0
0
5910617109
6847717812
0
0
0
19534375
0
0
0
0
0
0
0
0
0
0
97266378
0
0
893524398
0
0
0
0
5474817075
28
1
2674327535
0
0
4295486307
0
0
0
1
0
0
184137644
1834937882
269247605
21
0
3543430791
0
0
0
0
0
0
0
3445786610
0
0
3
0
0
0
3763431858
0
0
352862894
0
0
0
0
586685364
4229562330
0
848740597
0
0
0
0
0
3154125590
0
0
5880430062
0
4336551830
0
3837624591
0
15
0
0
0
0
0
0
0
0
45
0
3763865693
0
0
0
0
0
0
0
0
591328
0
0
0
4238304325
5934669865
4291872221
1058851168
706823600
3
0
0
0
0
0
0
0
0
0
121422735
0
4840148430
6
0
1163524665
0
28
0
36
0
1988943979
0
0
0
2215349745
6452082361
0
0
0
0
6013480212
0
0
0
0
0
0
0
3
6
0
0
1882064622
0
0
1
6069650886
0
2477200042
0
0
0
0
0
0
1691554502
1268392155
230577075
0
15
236389890
0
0
0
0
28
1
3939390658
153869647
0
485083357
0
2342530122
0
5381045625
0
6414310171
0
0
353220
0
45
0
0
3
0
0
0
0
0
0
4828054179
10
0
0
36
0
0
10
28
0
6441749199
0
0
0
0
0
0
6163441785
0
0
0
0
36658203
66
36
3
0
897587262
315143055
0
0
0
0
0
0
0
21
251630955
0
66
0
0
3898842315
0
6114134026
1487223963
0
3795164958
0
1698541442
75454469
0
0
66
0
0
0
470799934
2217613493
0
0
0
2089649618
0
0
6859308435
0
66
0
0
0
0
0
0
28
6
10
490737455
0
0
1
45
434697340
0
0
2393939379
0
1
0
0
1262807634
36
0
0
0
0
0
5944588158
0
0
0
21
0
0
0
0
0
0
0
0
66
0
107333226
237761721
0
0
85118627
0
0
0
0
45
0
66
0
0
0
2798305427
6
0
0
21975134
0
0
0
66
0
0
0
747162493
0
0
2440803610
1535438817
0
1
785367507
6
0
3
0
0
0
0
0
0
0
0
0
0
0
0
0
0
0
0
0
0
0
0
932968785
0
858036022
0
0
0
3901933615
6
4307265650
0
0
9376614
0
0
28
0
0
0
5897895
325877685
0
0
277831368
0
0
0
0
0
0
3707939625
0
3986396650
0
3
28
2600178435
0
0
0
0
1857628
0
3246124980
146333275
21
0
0
6311879145
1
0
6376761801
0
0
0
2101626522
0
15
0
0
0
0
0
0
0
0
0
0
0
0
10
3
0
0
6
0
2985596891
0
1946911164
0
545506964
0
0
3991398486
11821952
0
0
0
0
10
745501181
6211049
0
0
0
21
0
0
0
0
0
0
1
0
0
10
0
0
0
0
0
0
482594777
6
6074058805
0
0
0
0
0
0
0
0
0
0
939459510
0
0
3
0
0
6409214305
0
0
0
0
0
0
0
302666106
0
0
0
0
422343506
0
0
6799703981
0
15
0
0
0
0
2432705622
0
55
0
0
0
0
0
310241585
0
0
560471939
183255939
0
0
0
0
0
66
0
3526362145
45
0
3
0
0
0
105524125
0
0
55
1702332047
0
0
0
0
0
0
21
0
0
0
491552325
749019159
0
0
11963386
0
1572623393
96486885
69767578
0
0
952333900
0
0
0
45
528141249
3162550170
3
0
0
0
0
0
0
0
1210246198
261278369
45
0
0
0
0
0
3875476744
0
0
0
0
0
0
0
0
0
4470749465
0
28
0
0
1570436925
0
0
0
1578292833
89398506
202437378
0
36
21
3
258587901
6
0
0
0
0
0
0
0
45
0
66
66
0
17609145
0
0
221961909
21
0
0
0
0
972515250
0
0
0
0
816261807
0
66
0
0
0
0
0
0
0
0
0
25308055
0
0
0
0
1406223000
0
0
0
2004932790
0
0
0
0
0
21
0
0
0
0
0
0
0
3
0
5070698094
0
0
66
36
10
0
0
0
1592087778
0
45
0
0
0
1
0
0
21
0
0
0
45
0
0
0
115238970
0
0
0
1045502125
36
0
21
0
0
0
716140932
0
0
0
0
0
0
0
5074525587
0
0
0
10
0
0
0
391230377
0
0
0
66
431812577
0
0
110402369
0
370015196
0
21
0
45
4570014551
4767224154
0
0
22562403
3
66
36
0
327360068
0
983217330
0
5110352208
0
28
0
0
0
0
36
0
1292225700
28
21
0
4984961289
1
0
0
0
0
0
45
3
1042029723
6145246887
0
0
0
0
0
0
0
0
0
0
21
0
28
1282939182
0
0
0
833769027
0
0
0
0
0
0
3827906208
3789504143
0
59530415
66
0
0
1
1
21
3513608696
0
242781629
0
0
149619051
0
0
0
0
5934343051
0
0
1196901198
0
0
0
0
0
0
306615463
724757627
0
0
0
0
0
6393712755
0
0
0
1119520193
318188151
0
2376258385
0
31676820
0
0
0
0
0
0
0
0
0
0
0
0
89211393
1
0
186023116
0
4174284080
6025549708
66
0
0
0
6
6481537374
36
66
0
0
0
0
45
0
0
0
0
0
21
0
0
0
1
45
0
0
0
0
1037378447
0
62972252
0
3451683231
0
0
0
0
66
0
0
2511172125
0
0
0
0
0
0
28
0
1346260102
0
421762431
10
0
0
10
0
4340370980
0
0
0
0
0
0
0
45
3645085608
0
66
575435829
0
0
3
1
0
45
0
0
0
2732637592
0
10
0
0
0
0
0
0
0
0
0
0
0
0
66
3621813450
0
1
0
36
0
0
0
1276463573
36
0
0
0
0
0
150294453
0
4641516698
0
0
0
0
0
0
2644353690
114662795
10
0
1352286012
6
512336054
0
0
0
0
0
55
0
567221718
0
0
1
0
0
0
66
66
45
1735341322
5856920520
0
0
6642030330
45
0
0
0
0
2783587155
0
989613313
0
5489686108
0
36
0
0
0
0
3
0
0
0
0
0
0
0
45
28
0
6750232270
0
5565705199
469205640
611992584
0
0
0
66
0
0
0
0
0
0
0
0
55
21
0
0
21
477296855
0
0
6775236555
0
0
0
0
0
0
0
6
0
0
0
0
0
0
3
0
21
6
0
0
0
166029753
0
0
1
0
21
0
24113040
0
1954781565
0
1050034045
59073014
0
0
5949386755
0
0
0
113831410
0
10
0
0
4200915270
0
0
0
3656963436
0
45
3055078992
0
0
173491877
0
3
0
0
0
0
0
0
0
0
0
103514465
0
0
0
5991347800
36
345227225
66
0
0
0
0
1
91835127
0
0
4196241834
0
0
0
0
6
0
0
6185555880
0
0
0
0
10
0
0
0
0
6
0
0
1111019085
2318158059
66
3382078880
10
0
36
0
0
10
0
5260558812
0
0
4105493784
0
0
0
0
0
10
914486740
0
0
0
0
28
1323371153
0
0
0
0
0
0
55
1621565820
0
0
0
0
1492128
0
0
66
0
0
5334566941
0
0
0
0
2318907115
0
0
0
35730830
0
0
0
0
6
0
0
765480625
0
1
28
0
0
0
6
0
0
4061032482
0
6585674706
1079614250
0
876485640
0
0
0
0
0
168645795
0
36
0
0
0
0
667823330
1
925898022
0
10
0
2995650896
0
0
0
0
0
45
0
0
520305410
0
0
0
0
0
0
0
417301590
0
0
21
0
0
36
0
0
0
0
0
45
6396540126
21
0
4884919867
0
0
0
0
45
0
0
0
0
45
0
21
0
0
10
338715377
21
0
0
1158561310
0
0
0
0
0
853402635
0
0
0
0
0
0
45
0
0
66
327104243
6098993745
0
0
906464328
21375991
45
0
3588103818
0
0
0
0
0
0
10
45
0
5012157345
0
0
0
10
0
0
1206117052
21
0
540366365
28
0
0
0
0
0
46286631
0
0
2949926445
36
0
4488354830
0
0
36
0
36
0
0
0
10
0
3
0
21
0
2065927054
0
0
2587789675
0
0
3118880665
787271037
28
0
28
0
0
192207418
2493839370
0
0
0
0
5964340326
0
0
45
0
6576496575
0
1066365468
0
0
0
2548515915
0
0
0
0
0
603590119
2447165784
0
10
0
0
0
0
0
0
0
28
458272674
0
0
63129466
0
5430539391
0
0
45
0
0
0
0
36
4725815554
0
0
0
0
0
0
3
0
0
0
45
0
0
0
2114222845
0
0
0
0
0
0
0
45
0
0
36
0
0
0
0
0
0
0
70442514
0
0
1098328118
0
3663808391
0
0
0
0
0
0
0
0
0
0
45701579
3089883930
22885995
0
0
0
36
5499330309
0
0
0
0
0
1262807625
0
0
3297653821
0
0
10906785
0
0
36
0
0
0
0
0
0
1
0
0
0
0
0
0
3
0
0
0
145325673
2375362269
0
0
0
66
777658197
3
1111631961
0
0
0
0
0
312937652
0
0
0
0
0
0
6170993920
0
0
0
227751153
0
0
0
0
6206595360
426801935
0
0
0
10
0
0
0
1
0
3
0
0
0
0
0
0
0
0
134209536
1245778567
28
0
0
0
0
0
6923290890
0
0
0
0
0
0
0
4522242698
0
66
0
0
0
0
3189408768
0
2445366
0
0
3114617265
0
316148084
0
0
5618582949
6
0
6
66
0
45
40910534
0
0
87827630
15
0
168572341
0
0
0
0
6
0
1122550650
0
0
0
0
1741911
57582546
21115
15
0
0
0
0
6460036545
0
0
0
0
1042486276
0
0
3
10
4373883664
0
0
0
0
187317687
0
0
0
1472317977
0
400065
0
21
1
0
28
2807140020
25923600
0
0
6
45
1320337575
0
0
0
1786435623
6084816
3766468983
5726265591
0
0
0
1236710483
110997550
0
2095989879
0
3023580930
0
0
0
4486460120
32768559
6072405640
0
0
0
0
0
0
0
1821815675
917225862
0
0
0
1284357875
0
0
0
0
0
0
3449191051
885973462
785248625
1107721818
1643278450
0
0
1909156492
0
0
931802859
36
3
0
0
21
0
0
10
0
6
0
0
0
15
0
0
0
2248018842
0
3
0
0
3
0
0
6
0
0
0
0
1679593855
807638124
55
0
0
354858119
5724981444
25909201
0
0
0
0
0
0
0
610978425
677616890
3347869868
10
0
45
0
21
599566505
0
3
553529627
21
0
0
0
96959775
0
0
0
0
0
0
0
0
0
0
5831405949
66
0
0
2539670809
0
0
0
0
3361794993
0
21
0
0
0
0
0
15
0
5020470855
0
0
0
0
0
0
0
0
3081242715
0
0
36
0
0
0
0
0
0
28
0
0
0
0
0
221772330
0
223080003
45
0
212190297
0
3
0
0
5260558833
0
15
0
281212460
0
0
0
3412990880
0
0
0
45
0
0
0
0
21
36
0
0
6753950921
0
777224448
0
0
4422748220
0
21
0
0
0
0
0
0
1
95337336
0
31900077
21
6
0
398678202
0
66
0
0
0
6
66
28
0
0
0
3
0
0
0
1
0
3
0
349259225
144304565
0
1629148815
0
45
0
0
0
0
0
45
3954405801
0
6
0
1245379250
0
45
0
3
21
0
15
3313264861
0
0
0
0
0
0
0
21
6849356295
0
0
10
66
0
1749509100
0
0
0
0
0
0
0
28
2517341484
1167966943
4602673485
0
0
0
0
51882390
265432320
0
0
0
21
15
17055720
0
0
0
0
21
1
0
87047415
1246577331
0
4016365089
0
0
0
0
6855912187
0
0
2432426590
0
0
378441315
45
0
0
0
2285319385
1130256
0
0
0
0
0
0
0
0
1657641828
0
0
0
422459763
0
551701152
0
0
0
0
0
4271791075
0
0
0
0
0
0
0
0
3610502731
3678289290
0
0
0
0
0
358999410
0
3
0
484367229
0
526549925
617497632
0
0
2724142542
0
0
10
0
21
3979524276
1045776496
1916207335
0
0
0
45
85588985
321780396
0
3
0
0
0
0
45
0
4528331340
15
0
0
0
129854670
10
0
0
0
0
0
2623195
0
0
4326406689
954342513
0
0
0
0
0
0
0
0
476802639
3908915526
0
0
0
0
0
3116748583
50999949
0
45
3
0
66
0
196505397
3
1
0
0
0
0
0
28
21
0
0
455220050
0
0
0
0
0
0
0
1619288658
467338857
3
0
0
0
0
6
0
910812530
0
0
0
5445452554
0
6735600090
0
0
0
3754241181
0
28
0
2595565219
4982265687
36
1
0
0
10
0
0
0
4412878464
109069064
0
0
316777025
0
0
2415924280
45
0
2220478110
28
0
0
0
28
0
0
0
3
0
6
0
0
189180426
0
4303646679
3104365400
68626470
0
0
0
0
0
0
0
477204150
0
0
55
0
1
3
0
0
0
0
0
239334375
0
0
0
0
0
0
0
36
0
0
0
0
0
0
0
3974529888
0
0
0
0
0
5627490939
0
0
107817270
0
66
0
0
66
0
0
0
213056400
0
1844521947
0
46739946
0
0
0
6
0
3
0
0
0
0
10
0
0
0
0
0
0
2440454310
862889632
0
45
0
0
0
0
0
0
2206638518
0
0
3317173416
0
2516135355
3603198450
0
0
6
10
0
59519504
0
0
4198165851
21
0
0
0
0
39600549
15705210
0
3
0
66
0
5111767671
0
0
0
6272055955
0
6171327208
0
45
0
66
0
0
0
1326202223
0
0
0
3
0
0
0
3959209577
0
0
0
0
0
1303536242
0
6
0
0
857746050
0
0
6
0
1515443903
0
0
1092430638
15
66
0
10
0
0
0
0
4016813220
0
730403289
0
0
360689510
800340015
0
0
711795294
0
0
0
0
2454867387
0
0
5966634114
28
0
0
0
0
2947392243
0
0
0
36
36
0
0
28
0
0
21
0
6269480208
0
0
4089380245
4837492305
6
0
2108309574
0
6
0
0
10
0
0
0
0
0
0
0
0
66
0
247987585
0
0
0
0
3
66
425021589
893989460
379074344
45
303380018
0
6474935437
0
976886280
66
0
21
1170287982
0
0
0
0
1
0
3796733325
0
0
0
0
0
0
3
61001534
0
0
0
6
10
1
0
981134232
0
0
3
322313355
5946769108
0
0
0
0
0
0
564530400
621721952
0
0
6
949673568
0
0
0
0
0
2143258650
0
0
0
0
36
5742757969
437917200
0
0
1826527014
0
0
21
0
0
0
0
1
0
3
0
2940562988
0
3035412534
0
167124903
0
0
0
0
21
0
333555705
0
671263099
3703807233
0
0
3
0
0
1
0
0
0
3
0
28
0
0
0
0
0
2139266719
0
0
248232615
0
109971864
4236555204
0
0
0
0
0
0
45
0
6200803137
789812637
0
0
45
0
592488655
0
45
0
0
0
0
0
0
0
0
0
0
4227355220
6
0
215167139
135046395
1
1
0
1
0
0
0
0
0
509427219
0
0
0
0
5435230146
21
3
0
3
0
0
4935857010
0
45
0
0
1946412022
0
1848167997
0
0
0
0
0
0
0
0
28
0
3171702814
0
0
526193019
0
2834706150
0
0
0
404231960
0
0
0
1160526
0
6
2583403104
1630290623
28
0
0
0
0
0
0
0
0
0
0
0
425517377
0
218143828
0
0
0
2173745044
0
45
388633257
0
0
3
0
45
482532644
5076891
10
0
0
0
0
5037520059
0
0
66
6
4148640
0
21
0
0
0
15
90808026
0
0
35629461
5108633695
0
3793509811
0
10
0
3439729143
0
0
0
0
0
0
0
0
0
0
6
10
0
2469885150
4202656985
3
1226239000
3532075140
0
0
0
21
36
0
0
0
1826224824
980425618
0
0
66
0
0
718489277
0
0
0
0
0
0
0
0
909745837
0
0
0
0
0
0
0
0
0
1
0
0
36
0
21
5775813915
0
0
0
786953625
1
191287020
0
92418809
0
0
983572127
0
0
21
0
0
0
0
0
0
0
0
0
6
0
0
0
264879626
1
0
0
0
224963860
0
0
0
0
3
0
2151450385
1
1
0
0
49895054
0
107142841
0
0
6
0
0
0
0
0
0
55
36
21
0
0
0
10
1
0
45
0
1813560
73344215
0
6705688473
0
0
0
0
0
0
0
0
65912421
36
0
0
0
10
0
0
0
66
0
0
28
66
0
3
0
0
2279373915
1018516390
0
0
0
36
0
0
66
0
36
0
0
78469128
0
36
0
0
0
429435461
8654880
10
36
0
0
45
0
1256132500
171078747
0
0
0
0
3
10
2333845324
0
1859737550
0
0
1008880719
0
66
0
66
66
0
0
4386144585
90001235
0
0
0
4016544342
0
0
1
0
856048732
2240113609
5723162512
0
0
0
0
0
66
0
0
0
0
843844818
0
0
0
10
0
0
6
0
1043719488
0
0
0
0
1713319425
0
0
0
0
0
0
5491572345
906038593
4685749166
1169223888
0
6
36
36
28
0
103442535
355791149
4394015619
0
0
0
0
0
0
0
68778853
0
0
0
0
66580029
3
0
0
45
0
0
21
0
0
0
0
0
28
0
36
0
0
0
0
137026
0
0
30182565
5067576735
0
0
0
0
2717429771
0
45
56929785
2329201872
6605544264
727005645
10
0
696409857
0
0
0
0
0
0
36
6039829212
0
0
0
1
0
0
0
36197286
603659610
0
0
0
74413899
0
0
0
4501249476
0
0
6700130854
66
0
15
0
0
0
6
3
10
95378766
28
0
0
0
0
0
0
4018337113
0
244039275
0
0
10
0
0
21
0
6
66
3
1329294138
10
0
11508003
2435356909
0
28
66
0
0
397380333
1282736569
1
0
0
15
0
0
0
0
734728608
0
0
0
0
113318984
0
0
0
0
0
0
0
0
0
17020695
431548130
28
0
768182785
0
0
0
0
0
0
0
0
0
0
4293915
0
21
2982352260
0
0
0
5910943290
0
1984657467
0
0
0
0
0
0
0
6
1
0
0
0
0
45
0
36
0
0
2361597169
6
5237505333
0
0
0
853402638
0
1797211071
0
21
0
0
0
1690449557
0
0
0
0
0
10
0
0
0
0
45
0
66
1494103770
0
0
0
0
0
0
0
0
0
1600223872
0
0
4092908005
452628827
1974024333
0
36
0
0
0
0
6783620426
10
4471978857
0
0
0
0
0
3
0
0
15
1
10
0
0
10
0
0
0
5460072705
790925857
0
991660830
13517400
6616237962
0
0
0
0
0
0
0
0
0
0
0
0
36
0
1789246082
0
0
0
0
2987374446
0
0
1854983589
0
78644610
0
0
0
0
0
0
0
0
0
0
0
21
66
0
127560378
21
1
2272896747
0
0
282660966
0
0
0
1051317579
15
0
0
0
0
3
0
0
0
0
0
36
0
0
0
0
0
0
1
6720520025
66
0
3
0
0
21
45
0
1
0
0
0
0
0
0
0
36
1
0
0
0
1084731747
0
0
0
6768021285
0
0
0
15
0
0
0
3
4347361580
0
0
28
0
0
0
0
66
0
0
45
0
526517454
0
572149857
1
45
0
2346433250
0
0
0
4650384965
0
0
0
1477368900
0
45
0
0
0
0
0
176597821
0
0
0
2508692355
0
0
10
0
634944409
0
1
0
0
0
0
0
0
1288364913
307259645
45
0
292299931
0
0
0
0
7799275
0
0
0
0
4250927094
23822253
575775124
15
66
0
1
0
0
0
2502038394
0
0
0
21
0
0
0
0
974633322
0
0
0
1670737909
3861403215
0
0
0
0
0
0
0
1989890140
0
0
0
0
0
0
0
0
3
0
36
0
0
0
1876301905
15
0
3
0
94661919
0
0
1063227438
0
0
0
0
0
36
6321882724
0
0
6
0
0
1
0
0
0
0
0
55
36
6
0
0
66
3184538676
0
0
0
1
0
0
0
0
3932825001
74939403
0
6207375265
0
6680003850
0
0
45
0
66
0
0
1270558842
0
0
55
0
0
6178995295
345358621
0
1114179594
0
0
28
170801403
0
0
0
3
0
0
36
2522807992
0
0
0
11460078
52239531
0
1777182750
1
0
0
0
0
0
6873839809
0
36
0
0
0
775766349
6005915535
0
0
10
1284003
226344720
1628007370
2502675098
0
0
0
0
0
0
0
0
0
0
0
0
0
0
0
0
21
2680770
0
0
641661555
0
0
0
0
0
2974942670
0
66
0
385489251
0
0
3642609971
0
0
0
0
0
0
10
0
0
0
2814562842
3
21
0
0
0
0
28
0
5274826071
0
4524430320
0
0
45
0
0
82195430
3
70075041
47711796
36
45
5299093833
2726062031
0
1582565660
1
0
384684452
0
0
0
0
0
0
0
0
66938235
0
0
0
0
66
2785154259
1337349888
0
0
0
0
1
826638127
0
6192008641
0
0
3
66
0
1986043794
0
0
0
6253589485
0
0
10
0
0
4251756950
1
1
0
0
0
1069831893
0
0
3
1977607474
21
0
0
0
1364900613
0
5182994346
415829540
1
0
0
0
6
0
66
15050841
352358331
693725375
0
0
0
0
0
0
759528
0
15
1
583401560
901574395
0
0
0
0
0
0
0
0
0
159999216
0
3308463804
0
1062489750
0
0
597421440
0
176673003
0
66
0
1
0
0
15
408879905
0
0
0
0
0
0
0
3
3
36
174331128
0
55
0
2444857665
0
0
0
1
0
0
0
0
0
45
0
0
28
45
0
0
0
0
0
5080773574
2243930515
4009825113
435552854
0
0
0
671409669
205081878
0
0
0
10
0
0
0
2029450189
28
5657341569
0
4662544433
2966001680
2298657270
0
0
0
30783780
1811147199
3193483285
0
0
0
0
234783615
0
4257660760
0
0
21
28
0
1807117011
0
0
0
0
0
0
28
66
0
259498361
3450935493
6276872880
750180724
0
4917989010
0
0
0
1
0
0
0
0
0
0
0
0
3003318743
3574224416
616619382
0
1117959252
3
0
0
0
0
0
6415556130
0
789574188
0
0
0
0
0
22428253
0
0
0
0
0
0
0
0
0
0
0
0
0
0
1076503194
1
0
4762538370
0
0
0
0
3955206225
0
0
0
0
2378395929
1659600072
0
0
0
45
0
2410713745
0
0
0
0
0
0
3
0
0
1
6
0
0
3
0
0
900980022
745578399
0
45
0
0
0
66
3
0
0
0
6
2439476289
0
36
0
0
465109749
3855956643
1
0
0
2030979475
4854523809
0
0
0
1616785652
1
0
0
418544763
0
0
0
0
0
3
0
3
0
0
0
0
0
0
53846253
425779970
56616
0
0
0
0
10
6075932664
0
66
0
0
0
0
4849992250
271619768
0
0
0
0
0
3
0
0
0
0
1225595292
4607279983
45
172376028
0
2891002752
0
0
0
3
0
3898665708
0
0
1150776322
0
0
0
0
0
0
0
0
2324222074
0
3
0
0
6
0
0
0
0
0
0
0
0
0
3935752260
0
0
1
0
0
0
5302697587
0
627199632
0
45
0
0
0
2248421205
0
0
55
1628463887
0
0
0
0
0
0
0
0
4596630993
0
0
652345239
28
10
1
1251325348
0
0
748516083
66
1922651019
0
6705920090
0
0
0
0
0
2272222542
0
0
0
3
0
0
304267440
5626430115
0
15
0
0
0
4557117191
4834050256
0
0
1463432022
0
0
0
3
0
213035761
0
0
66
0
1423724838
0
0
0
0
0
21
3
0
0
11734590
0
0
0
1011127944
0
6
0
28
0
45
0
0
0
0
0
1864558705
0
5740400481
0
0
0
0
6464697733
0
0
0
0
0
0
0
0
0
4421243574
213531
21
0
0
21
0
92310078
0
0
45
3604302111
45
10
0
0
0
0
44212906
2423646247
10
0
2299742254
0
5751763840
1
0
0
0
125952255
0
0
5227991340
0
0
2427476967
0
0
0
66
24728028
0
0
1716071817
0
0
55
0
0
0
0
0
0
0
0
0
28
1363229217
0
16202278
28
0
0
0
6
55
0
47799752
0
3
36
0
0
0
0
0
0
0
0
21
1208131562
0
0
0
0
0
0
390531368
0
0
0
10
0
1
2558520796
945755265
0
55
196862403
0
3301796932
5391009300
28
0
0
15
21
0
21
0
0
6
0
45
66
21
3101608170
0
0
15
0
0
0
0
0
3093107842
440228627
6
0
1162945875
0
0
704757193
0
3
0
1148522625
0
0
0
0
0
0
5541991774
1034510838
0
0
0
36
8522256
45
0
0
0
0
3
0
4986259417
6
0
0
0
0
0
157273977
0
0
0
0
45
1979935118
0
408822714
0
0
0
0
617884260
121797027
0
0
534105585
0
0
0
0
43138115
817636138
0
0
0
0
0
0
1626524124
0
1
0
4442332356
0
0
244702497
72691653
0
0
0
0
0
0
3
0
0
28
0
0
0
0
0
0
0
15
0
4044736666
294504315
0
0
0
0
1
0
142576938
2569333764
0
21
0
0
0
28
0
0
0
0
0
1186210272
45
0
21
0
0
38416992
0
3
3
2479312132
28
1564446013
0
0
1673687290
0
31208950
85131676
0
0
0
0
0
0
0
0
15
4716972720
0
6
0
0
0
3
0
21
3
5401086166
3888605730
10
0
3
10
28
0
0
1216453147
2392209859
3
28
66
1962730495
2214085219
0
0
4834640242
0
3
0
0
0
0
0
0
6
0
0
0
0
0
0
0
0
0
0
1702740525
3751642121
0
166047976
0
0
0
0
74097050
0
2831920901
0
0
21
169071
0
0
0
0
10
0
0
0
0
0
0
21
0
10
0
15
6
0
0
0
2262996444
1
10
36
1182122373
0
15
0
0
0
0
0
0
373970216
677248796
0
0
0
0
0
66
3941876430
0
0
10
66
0
0
0
1
28
0
0
0
1213199908
0
0
541221440
1
1333267313
0
0
0
45
0
0
0
0
0
3
411342888
0
0
45
6
4669499786
66
0
6
0
10
0
0
66
0
43697226
15
0
0
0
0
0
0
0
1
0
0
21
0
1994371725
0
0
0
3
0
0
10
0
0
66
0
45
0
0
0
0
0
0
299280342
0
0
3938221
0
483433944
49247849
0
3
0
45
0
0
24545520
0
0
0
1761893835
0
0
0
6
0
0
66
0
371131389
45
3466988049
0
0
0
0
0
0
0
459575402
3961701576
0
0
0
0
3277787016
4430275494
0
0
0
0
0
0
0
0
0
55
2911493550
0
0
0
0
28
0
331956261
10
0
0
2378189025
0
0
0
0
0
0
1
0
1253527479
0
3818811876
0
21
6
0
0
0
0
0
36
0
0
1120040757
0
0
1
0
0
572962023
138054036
5122288675
0
45
0
0
6
0
0
0
0
0
0
0
0
0
0
0
0
0
0
3
0
0
4805381550
0
28
0
0
0
0
627128799
2354798236
0
153694278
0
0
0
0
214296753
10
0
155135302
0
0
0
0
0
0
0
1086828747
0
0
0
0
1
0
0
0
0
1569596385
0
0
0
3634932171
0
0
0
0
0
223101125
0
21
45
0
755496735
36
0
0
6422581071
0
0
0
15753
4400767815
0
0
0
28
0
1799610015
322745121
0
0
4833362004
0
0
45
28
0
0
0
55
0
0
429288950
0
110714640
0
448878
0
0
0
45
0
0
0
0
0
0
1
10
1
0
0
0
0
0
5035011039
6213282009
0
0
141346890
0
0
0
66
0
0
0
0
0
0
0
0
0
36
0
0
0
0
4165790982
0
6
1085849898
0
0
0
55
0
1
21
0
1721935242
66
0
0
28
0
0
6917643810
0
0
66
2104326
0
6
0
6196349437
0
847710885
6249228640
2462510910
0
0
0
0
10
0
0
0
36
0
0
0
0
0
0
0
0
0
0
0
0
0
0
0
5552314086
2885302602
0
0
0
0
0
0
0
0
6
0
0
0
0
0
0
0
45
0
0
0
0
0
0
0
0
0
3780542525
6248334321
1
0
3268401665
0
0
10
0
3
28
0
0
0
681044850
0
3526446161
10
0
3
1
3
0
738490075
0
0
0
10
0
0
212169700
418168725
0
3
0
0
10
2921192794
0
0
0
10
10
0
0
0
0
0
0
6
0
45
28
0
0
4339998340
0
4307636916
0
0
0
0
0
28
0
0
0
0
1
2646463092
10
0
0
0
0
0
0
0
21
0
913717116
0
0
0
506972402
0
0
0
36
0
2884922799
1258188356
0
0
0
0
0
36
1394474427
0
5668090090
0
0
36
0
0
45
45
5823201276
0
3179034425
0
0
3
0
36
0
141632865
45
0
0
0
0
0
0
291019865
6
0
10
6
0
0
0
5828490483
0
0
45
0
0
0
0
1
0
0
516666579
0
0
0
55
0
5918665534
0
0
0
36
0
45
0
36
0
0
66
334434450
10
10
0
0
5499586
0
0
45
0
0
0
21
0
0
1538987457
28
0
0
0
0
0
3
6
0
228156835
0
3644744121
27966
0
0
0
0
0
10
45
106470528
1178235668
0
0
0
10
0
1847438499
0
0
0
0
0
0
0
0
28
0
36
0
0
0
0
0
0
0
0
0
0
0
55
0
0
0
0
0
0
66
36
0
0
0
0
3832296
0
100614204
0
0
0
0
453020050
0
0
0
0
511728035
1405533687
53794378
6
0
6
0
0
15
0
0
0
66
2824926159
45
0
299280335
0
0
0
0
6
0
28
0
0
0
3073711205
0
0
83172752
3
1392204500
0
0
0
0
0
0
0
0
0
0
36
0
0
0
0
0
0
0
0
0
0
0
0
36
36
0
0
1000856167
0
0
0
0
0
0
0
0
0
0
2682598092
0
0
28
205689903
2233759374
0
0
66
6
1725458112
0
0
0
0
5195423014
45
0
0
0
0
0
0
0
0
0
0
0
0
10
723235527
597870889
36
0
1
0
0
0
0
0
6
6
0
0
10
0
36
2517767231
0
4361826645
36
0
0
0
0
1637607807
46459980
0
0
1237954133
0
0
1048247572
66
0
0
0
6253415
1001079882
0
0
0
0
0
0
0
815777007
0
55
1088507796
0
0
1
15
608359520
0
3
0
4445443431
5758200910
45
385905861
0
0
0
651550850
0
0
10
0
0
4476519489
0
0
1871343243
0
2417662380
0
0
3330626491
0
0
0
0
917782743
28
2092753824
0
66
0
0
2027794050
0
1720351125
11929169
89826906
164140018
2696680059
28
0
924650485
0
660534010
0
0
0
0
142509403
0
0
0
0
0
0
1
0
156123282
0
21
0
0
1236660775
0
0
0
1775752187
509778414
0
55
0
0
0
1140484917
26451901
246364493
0
0
0
906932734
0
0
0
0
339835475
15
0
0
36
0
0
29988639
0
0
0
0
375941909
0
159963441
0
0
0
0
0
3968380371
0
0
0
0
6451173621
0
0
0
0
21
0
0
0
0
0
0
0
272366120
0
0
0
0
0
0
0
1108616325
0
0
36
0
0
2261920164
0
0
3
0
0
51242626
45
0
0
0
66
0
0
0
276136749
0
0
6
9131401
0
4777677840
0
0
0
0
0
1
0
0
0
36
0
0
1607359923
0
0
3
3
372112839
0
0
0
45
6
81568377
0
45
0
0
0
6590955012
163868353
3091692285
0
0
374517386
31051140
2117735704
0
369988002
0
0
0
55
0
6
0
28
0
0
285330206
0
0
0
0
0
1724459607
0
0
0
0
6
0
0
1030239525
15
66
1
533909502
0
36
0
0
648846255
8122465
0
0
0
0
0
0
0
0
36
0
0
10
0
3925024255
488734459
0
0
0
21
0
0
0
0
0
0
0
561878982
1
0
0
0
0
21
111938202
0
6604854656
0
154941605
10
0
8321160
49476378
36154756
0
52936905
0
0
0
429757888
66
6
0
0
2017172880
0
0
0
0
0
0
0
0
0
66
0
0
0
67088736
25059660
0
0
0
2756865370
21
0
36
3655424246
0
1384984737
28
0
0
0
1935633054
0
0
0
0
0
0
0
0
0
4833460294
0
0
0
0
0
0
0
0
28
0
4105221945
0
0
0
0
1887467510
45
0
0
28
0
6766741556
0
0
289838926
0
0
36
0
0
10
21
0
0
86994644
0
8509874
28
0
0
2122619584
0
236346411
0
0
0
0
0
184867606
1687659747
0
1743598872
0
0
14116640
0
0
0
0
0
1550159037
0
0
1002646587
0
66
0
0
4647685050
0
0
0
28
0
11042649
0
787906053
0
0
0
6
0
0
22670011
0
0
0
155981953
0
3
0
0
0
0
0
0
0
10
0
0
3298303545
28
58519971
0
0
0
0
0
3
0
0
0
0
0
0
0
0
0
0
1704374892
0
0
5272463950
10
0
0
0
0
0
28
0
45
2169856620
0
3
0
66
0
0
2089584945
0
0
0
0
21
4129359982
0
0
0
0
0
0
0
3590899840
0
0
6
0
0
0
0
66
89893936
0
0
0
0
0
0
0
0
0
5055603699
0
0
0
115223789
0
233053255
4169168934
0
0
0
1
0
0
0
0
0
102624301
0
2862482606
0
0
3407787801
7540785
45
0
0
0
0
0
0
0
0
1
0
0
0
2390391
666252735
0
10
0
0
10
0
538756724
0
0
0
0
0
66
0
0
3
0
36
0
2803544604
5955060366
0
5290861212
36
1357752102
2324699376
115786152
3255236283
0
0
0
0
0
6
3149917496
0
0
0
0
235586065
0
0
0
6
0
0
3
0
10
2146467954
66
0
0
0
1
0
0
894412362
0
66
0
0
0
3020238039
1097437819
5019168300
0
698239744
4341209589
0
21
45
21
0
0
10
0
0
45
1033373988
45
0
0
1
0
0
0
533452095
0
0
0
4542617531
0
0
0
21
0
0
267417500
0
0
0
0
0
10
0
1724224698
0
0
775884513
0
2971241318
0
159766750
0
0
0
0
0
66
0
0
2444088534
1105134563
3524766731
0
0
36
0
0
0
6753369816
0
0
0
0
0
3573463485
0
0
0
3824494566
0
6349266
0
0
0
0
3167960556
21
1
0
0
0
0
0
0
0
5466344475
0
45
0
6
4825499614
0
0
0
0
0
0
3
0
0
1
0
0
0
1332957500
2474385372
4825401405
0
0
0
0
0
1333009158
15
0
0
1727632350
0
0
3823620031
0
0
0
0
0
0
4139544534
28
0
1
0
36
10
0
1192941432
0
0
0
0
0
0
0
0
0
775293738
451185779
0
15
5509540
0
0
5780543958
0
2391310740
28
2030278497
0
3084619204
961191
0
0
0
0
0
0
0
0
0
0
0
0
1198369443
45
0
0
0
939372819
1062904656
28
4492145450
0
3
0
0
0
1407071673
0
0
162333168
3497197483
0
2832824075
1
1
0
0
0
0
10
0
3
0
0
1538266290
0
0
0
3
0
3
1274493800
0
0
21
6
0
0
0
36
0
10790335
6048955000
0
0
0
0
0
3
10
487141270
1724400873
0
0
103514466
0
0
0
0
11705540
0
0
0
0
0
0
0
0
0
0
46556424
0
636620382
0
0
6
0
0
66
0
0
0
1832999872
45
0
0
0
55
0
20069280
0
3
0
1742831252
10
45
793712382
2746034850
0
0
45
4952762065
66
0
2155913244
0
0
0
2380258470
0
0
0
0
0
0
0
0
0
21
0
974368419
10
3336423783
0
0
45
0
36
0
0
0
1
0
0
3
0
0
0
0
0
706034250
0
0
0
49141
0
0
385822531
0
119498070
21
475599060
0
0
0
0
1
0
0
0
0
227026086
0
0
0
314014330
1404897500
0
3
0
0
0
0
0
0
0
64985699
0
0
0
1314588422
0
0
66
0
0
0
0
0
6
1620313173
0
6705225251
0
24363690
21
2475440697
889049007
0
0
1467979992
10
0
0
0
421646279
3
3983807646
0
0
0
5938810554
0
0
3841129731
6758949445
21
0
2605228808
0
0
278373810
0
10
0
0
0
23822253
0
3
6
0
0
3
0
0
0
0
0
210997150
2254460520
6221310765
0
212878
0
1
21
2992681
1696618605
0
0
0
0
0
0
10
0
45
0
4655304731
10
0
3027159109
1916145459
0
633448600
21
0
0
0
6868212937
0
45
166503876
1
21
0
3436246440
0
28
0
1
0
2680767243
0
0
0
405313155
56684628
0
0
0
0
10
0
0
0
0
98750425
99681
0
0
0
0
0
0
0
0
0
0
0
36
0
0
3450852381
0
3
0
0
0
1
0
923188962
0
0
1501328178
10
0
36
3
0
0
0
0
0
0
0
10
66
295135650
0
0
97350081
0
0
437088960
10
0
0
55
10
0
0
0
0
0
5592324337
0
0
0
0
0
0
0
238198051
0
0
3
0
0
0
10
0
0
0
66
0
1534496898
0
0
811380165
245278026
55
0
0
2124053247
45
0
0
0
772814952
5378244975
36
0
10
0
0
28
128648820
0
21
3372955866
0
0
6488028783
0
0
385794743
6
0
53908536
6006025134
0
0
61977411
4819705254
0
0
0
0
28
3853498145
0
4060311534
0
0
0
0
66
0
0
6
0
429816525
45
0
0
45
0
0
6
0
14772330
0
0
0
0
0
0
1
0
0
0
0
28
0
0
0
374545
0
0
0
0
536952834
0
9863461
21
0
1
0
1602261108
0
0
0
55
0
0
0
2547873384
543823689
0
1
0
2688461092
0
4805087430
0
0
1055632323
0
0
66
50677275
0
0
0
55
0
0
1
21
0
4568293877
0
0
0
10
0
0
0
0
0
1585774080
852081115
0
0
0
0
0
33599502
0
45
0
0
0
0
6
66
0
1
3231316235
0
0
3
0
0
0
795985047
4314043807
0
0
0
1
0
0
6698394574
0
0
0
45
750451910
45
66
0
0
0
131276706
0
0
0
0
0
0
2076804570
6465493710
1
0
0
45
0
0
0
6
0
23739495
0
0
0
0
0
0
0
42076551
0
2571628180
1820608647
0
0
0
0
0
0
0
0
690637194
0
0
45
0
0
5405036340
0
3747658585
0
1349427219
21
0
0
0
6
0
0
0
0
771360988
28
0
0
0
0
0
514515080
0
744343233
0
106528905
0
0
3803010033
0
16730219
0
198765
0
0
0
15
0
3
0
1
21
52127154
282851220
0
0
0
0
0
0
0
0
0
0
0
0
0
0
36
0
0
0
0
28
0
0
0
0
3
0
0
28
0
10
0
0
10
0
0
0
4652989250
21
10
0
3
0
3
519886114
430725910
0
2956096
0
0
0
1193478768
0
0
39621
0
0
1
0
0
15
0
0
0
0
0
66
66
0
0
1264845
0
0
0
0
66
556561565
544615491
3
1511867538
21
0
0
0
0
621933545
0
0
0
6085416636
0
4307451315
1
339470596
0
0
0
0
3022492365
0
36
0
81466230
0
0
3
36
0
1323371178
36
0
0
0
0
0
776633165
28
0
0
953119627
0
0
0
36
0
10
3
55888877
3
0
0
1776407809
0
0
0
0
797541888
6311205030
0
0
371213127
0
0
0
66
0
0
275267915
0
0
2021303535
0
0
0
45
3
66
0
1179643850
0
0
0
0
3
0
0
0
1500232473
0
0
0
6020939914
0
0
0
0
4027306833
0
2020922094
0
0
0
4962420831
0
0
0
0
65900940
0
0
1355304013
0
0
0
21
0
6320083761
0
91320855
3445122518
0
3
3104129018
0
3094445079
0
0
10
0
658427595
0
0
0
0
0
0
0
66
0
5495240985
0
74462706
0
0
558498330
0
0
0
0
0
1
42251028
6
1
0
0
1655512105
66
0
0
0
0
0
0
0
0
0
0
0
1
0
0
10
0
0
10
0
0
0
0
0
0
0
6
0
45
0
2774491776
0
0
0
4749079545
961696275
861353244
0
45
0
28
45
28
0
0
6
0
998754461
0
0
7910252
0
0
0
0
10
395634370
4374257790
590768730
0
28
0
0
0
370178435
10
3
0
28
6
3431357016
1
0
0
3808768236
142104508
66
0
1021994640
0
945711792
0
0
0
0
0
0
0
10
4967801937
0
0
0
0
0
0
0
4617076437
0
0
0
0
0
0
1
0
0
0
135836403
0
767555769
2406341245
0
0
0
0
0
0
0
0
0
0
1839059607
0
28
0
0
0
0
0
1884887873
21
0
1360150243
0
0
5445348216
0
2076095697
0
55
3
21
0
0
0
700371448
21
0
0
0
0
0
0
0
0
1313563137
36
0
1332544497
0
0
0
0
21
0
0
55
0
0
10
0
0
0
0
66
0
0
0
3
45
5591584080
1412753587
0
0
0
75712665
0
0
0
0
0
45
0
0
169638987
0
6
28
2977488668
0
1155722982
0
3806150331
0
1644310521
0
10
0
0
0
0
6181885962
0
2554930
0
0
45
0
0
0
1046645625
0
0
0
0
0
293074145
0
0
0
0
0
0
0
0
0
0
45
0
0
0
0
0
0
21
0
0
0
0
0
55
0
1190597975
0
363326445
328974072
0
236498626
0
0
0
36
2069978647
0
882357033
0
0
0
0
0
0
0
36
0
66
0
0
0
0
0
0
10
0
28
0
0
0
0
2942710676
0
0
0
0
0
10
0
36
0
0
5919862389
0
0
4364909440
331492616
622145172
0
0
45
0
714854745
1
0
909703164
0
0
0
2319860664
4632464330
1
312512499
0
66
1894724425
1
10
1666693952
0
0
2120274634
0
21
0
0
0
3696237200
0
0
6
0
0
0
0
0
4377064221
0
0
21
3769507368
0
0
0
2000059845
0
0
0
0
0
1156396183
0
0
552631632
0
0
4831100890
0
0
3902463640
1486296953
660752107
0
0
0
2221011270
0
0
0
0
0
0
0
6
0
0
0
950894224
38988865
0
3501882480
0
0
0
1131285958
519080307
3372052493
4622747753
0
10
0
0
0
583914030
0
730785564
3205242135
0
0
3
0
0
0
0
0
6
0
0
0
0
0
0
0
10
0
0
0
45
0
0
0
0
0
0
0
55
0
0
0
0
0
0
0
1360098062
45
0
0
0
45
0
0
0
31375080
0
21
0
0
0
0
0
908423997
6
425021575
21
0
0
0
0
0
0
0
0
29934453
0
0
368792051
6
0
0
0
721601052
28
1
6
0
0
0
466177842
0
267001376
0
21
0
0
0
0
0
424992434
0
109438615
0
0
0
0
0
0
3
10
0
21
0
0
55
4049234991
0
852411402
0
0
0
0
0
36
0
0
2657533024
0
0
3
0
28
45
0
0
0
0
0
0
0
0
0
0
0
1505056677
0
0
21
0
0
0
0
0
0
3
0
2729616
245100870
0
0
1
1904216292
0
55
0
0
143676676
0
0
0
0
0
961520857
28
1095471025
0
0
0
0
0
0
21
16655105
0
0
0
5270821062
0
0
3415883175
0
0
0
0
6806936115
0
0
5058922542
0
0
0
0
0
0
0
2633819295
0
0
0
2607755835
0
0
0
1413391500
4884227985
2016918807
2730863620
6
36
4655497716
3
0
3579722146
12915903
0
0
942887022
66
2197811814
1
1723813658
0
0
10
0
0
0
0
66
0
0
0
0
15
646938432
0
0
0
0
0
0
0
0
0
6
0
0
59105627
0
0
368574815
0
0
0
54930921
0
0
0
0
0
0
0
0
55
21
0
0
0
0
3
5230995
0
0
6750348462
424584355
0
2480016342
883407540
36
0
0
0
0
0
3
5435021604
485145672
0
1583465940
0
90390735
45
472366215
0
1
3465406116
10
5471259876
0
0
164538867
21
0
3558768750
0
0
0
45
0
36
0
0
1067612721
2094630414
0
0
0
0
0
0
0
21
2430892365
0
6
0
0
0
21
0
0
0
4112383350
0
0
0
0
0
0
80587860
4223402350
15
0
0
4118824920
28
0
0
0
6802269775
0
0
0
45
0
180737575
36
0
4683813246
0
1455921738
0
0
2927081292
0
0
0
0
10
0
0
0
0
0
708516545
0
0
0
3900873583
0
517792289
2354866842
3
0
0
0
4717846917
0
0
21
0
0
1069369378
0
0
3265734143
0
7081966
0
0
0
0
0
427327994
66
0
0
1
523180377
2852277146
66
55
0
0
0
45
0
0
2160709417
0
0
0
0
0
0
0
694507814
0
0
0
0
2142276660
0
89987817
608115354
0
0
1
0
0
0
1
45
339965850
4335155034
0
3403083740
0
72884701
0
0
0
0
0
3608038833
4218257120
0
6
0
1429065988
5386233900
0
0
0
0
0
996699607
0
0
66
0
0
1940364639
10
0
4514257650
0
0
0
0
0
0
0
0
0
45
0
6
0
4252955823
0
0
0
0
0
0
2441642130
0
0
0
0
0
0
28
1589662277
0
0
0
0
0
0
104914855
0
0
21
0
1157021457
0
0
0
0
1
768065218
0
28
0
6898484464
0
0
5957352390
594659320
0
36
0
0
57261051
0
4418046945
0
1465272039
0
0
0
0
0
0
0
0
0
655708790
0
0
6609797721
66
0
0
2853410186
18425485
0
0
0
0
0
0
0
0
0
5673201874
0
0
0
1
4599316040
1
6671337750
0
36
3963214920
4295208215
0
0
0
3
28
3
0
0
0
165192576
2525436909
0
0
0
66
0
0
0
0
0
0
6
0
0
10
3349915833
0
0
0
0
0
0
0
21
10
0
0
0
0
0
0
0
371104136
0
0
0
0
0
0
0
0
0
0
522048827
0
4922056117
0
5149247376
0
6264554145
0
28
0
0
0
0
0
10
3
44731611
0
54158028
0
0
1269298892
0
0
21
0
0
145786347
0
0
45
10
0
0
10
0
5304963465
0
0
0
0
0
0
6
4641034941
4445443431
0
5961937740
0
3
4570014578
0
0
0
0
46952895
0
0
0
0
6
0
1
0
0
0
4171726098
0
0
3867381368
15
0
215187885
0
21
3791767941
0
0
0
0
10
1
10
0
0
0
45
0
0
0
0
0
45
15
1806816435
0
1162560075
0
0
0
3998460010
0
5046055504
0
0
0
0
0
55
15
0
10
0
45
0
0
66
45
0
0
596730330
3770202020
0
0
4453556198
0
1876056857
0
0
0
0
0
0
1916516880
0
0
0
0
0
0
0
0
0
0
1505056670
786953622
55
2026138647
66
0
0
0
0
66
3
5467912980
0
1027461
3779672995
2741664189
0
0
0
0
0
28
0
0
0
66
1379884283
0
2284508187
0
0
0
55
28
45
0
36
368927865
1210885838
0
66
835771149
3111618818
0
0
0
0
0
45
5118400
0
0
0
10
0
0
0
394509999
0
0
0
506144835
0
189822870
0
2293913501
5603116804
0
0
0
0
66
0
0
0
21
0
36
3
2655929388
0
0
0
0
308326527
0
0
766380804
0
0
1752112800
1871282070
0
0
130419324
0
0
0
0
0
0
0
0
0
0
35116390
0
0
0
0
0
0
0
0
28
6157336861
0
1
45
0
0
0
44476595
0
3
0
0
28
0
0
0
0
0
66
2745071550
1371386978
0
0
0
0
0
0
3
0
0
0
0
0
0
0
735078
0
0
3580060608
3677774685
0
0
152871354
0
0
0
0
0
0
0
0
6
0
0
0
0
0
0
0
1881451147
0
0
0
0
0
0
293703966
1
0
0
0
55
36
0
0
0
0
446601420
3
24210360
0
5330126331
21
0
0
0
0
0
0
0
3843145946
0
0
0
0
0
0
0
5759810719
0
3
0
6634540781
0
31589326
0
139052826
1225446768
0
66
0
1
15851265
0
0
0
45
0
3
0
28
0
0
10
2024674789
36
0
5893559551
0
0
0
1
28
0
0
0
0
1
0
3926441991
0
4587047826
0
3290916746
0
45
0
0
705095107
0
0
4220965
0
0
5008753792
5931075196
0
0
0
0
0
0
10
5904766
257179860
0
0
0
0
0
1
0
55
4452895614
0
0
4151928354
0
0
0
0
0
0
2164918691
0
3
0
21
0
0
0
66
0
692161820
0
0
0
206380085
0
10
0
21
4217155005
36
6671106731
3
66
0
0
0
0
0
2205310042
4696307015
0
0
0
449025527
0
1056597462
6101092371
0
15
0
0
0
0
3
0
966745
0
21
0
0
66
3
0
3
49865091
0
0
0
0
0
0
59160002
0
0
10
0
3
0
0
0
0
0
0
0
0
0
217747146
0
290248371
28
0
0
28
0
276254255
0
0
0
0
0
76997844
0
0
0
55
0
0
500465702
0
210299286
0
0
0
0
743494640
0
0
0
0
0
0
0
0
2070236025
84975165
0
1
0
3493017108
0
0
0
1245229532
133604030
0
36
70347591
1410840612
0
0
0
112222671
0
0
3
0
129371655
0
2503594935
0
0
0
0
0
3
0
1
0
0
0
3
0
28
0
0
0
0
4420585333
0
4555398920
21
5584395358
0
10
0
75466755
2957074120
3
0
0
0
7191528
1
711870777
121126829
0
21
0
1202730529
0
5651067471
0
45
0
0
420717525
5455266776
0
1308954174
3951204915
15
974280150
0
0
0
5284279761
5354106874
0
0
0
0
0
21
0
66
0
45
0
0
36
0
0
0
617216544
923790633
0
0
10
0
2060595270
0
0
1358846640
0
66
0
1
0
28
305823546
0
0
6187113135
0
0
0
3
0
0
34258502
3878646805
0
28
0
91266804
0
0
0
0
0
0
0
2683184125
0
0
10
0
1
0
0
1697084664
0
0
0
45
0
206400400
199190810
0
0
0
0
1028787477
6549229510
0
55
1382722550
0
0
0
0
0
45
3034945080
36
66
0
0
21
0
2263063690
0
0
6225327108
0
93961
1
0
870008038
0
0
0
0
0
49198240
0
0
0
45
0
0
0
0
10
0
118279889
0
0
0
0
0
0
304267436
1
0
11378834
42518031
1
45
0
0
66
0
0
0
0
4804695312
27383699
0
0
0
0
0
0
0
21
36
0
0
0
4634490
0
0
0
0
0
0
0
55
0
66
0
0
0
0
0
21
0
0
0
0
0
3795600583
2306257564
0
0
0
0
81977610
0
0
0
0
0
0
458696613
384739929
0
36
0
1679419962
1059311391
0
2544448110
0
28
0
2255736492
45
0
0
0
0
0
0
0
0
0
0
330052268
45
28
10
0
0
36
45
0
0
0
36
3867293421
0
0
0
0
0
5294462208
2849105831
51360
3611522521
4149468330
0
21
0
0
0
3237267870
0
0
0
0
0
0
0
0
0
0
36
0
21
0
6
0
55
0
0
55
0
0
45
0
0
36
0
66
0
377506502
0
3724751160
0
6299474
0
0
1067520318
0
5793992083
10
1299199822
66
0
0
6
0
1
0
935028
0
0
0
0
6
0
0
436468284
781962828
337207465
0
0
0
0
1467438197
0
3934687659
52321334
3
0
0
160178151
0
0
0
0
0
0
21
2155191025
36
1
0
23191454
916155414
28
0
0
0
1775096708
0
345358620
0
5698368345
0
0
0
0
36
0
0
0
0
0
1039520378
15
0
0
1076735187
0
0
0
0
0
0
0
0
0
0
55
0
0
0
0
0
28
0
0
21
0
580467625
0
0
0
0
36
0
0
0
0
0
0
66
0
0
10
0
259657866
913802619
66
0
2394631404
0
3
0
0
0
0
1
0
0
0
0
3149917461
0
72595225
0
0
0
10
0
0
0
0
0
0
0
0
0
0
2999135048
28
0
0
0
0
0
0
0
0
4245396564
0
6
0
0
0
0
0
0
0
6939675
0
0
0
0
679311349
0
0
0
504523474
0
0
0
255165345
1
0
0
10
0
6730146116
6
136876785
6
66
0
0
0
0
0
1
0
6736644709
6454240854
37467495
0
10
0
0
0
66
334589636
125619175
0
400940393
0
0
0
0
0
0
0
0
329461614
0
3
0
0
1
45
10
2921498544
0
0
0
0
1204349553
35326215
0
1279200
0
0
0
0
0
0
114148495
0
131195691
10
0
3
0
367381161
0
0
0
0
0
3
66199771
0
0
0
0
10
0
3835171980
0
0
0
0
3859470108
3
36
0
0
0
0
0
0
6
0
3
0
0
36
0
56983150
1
0
0
5702959756
323151743
0
0
0
0
6392129733
0
0
0
0
0
0
0
0
0
6518479065
4214767557
0
0
0
0
4070591085
0
0
2920810655
4376315735
0
0
207865852
0
0
0
0
0
4629769596
0
0
0
883912032
0
0
0
5741150545
0
0
116029761
45
0
0
0
10
107993556
0
0
36
0
21
0
0
0
0
0
0
0
0
0
0
0
6
0
0
4964413510
0
2573134447
0
1
0
0
0
0
0
0
0
0
0
0
0
127288990
6
0
0
1
0
987715
0
56961801
66
0
0
1
0
0
0
0
0
0
1960538235
0
3934066732
28
578663169
5026484944
0
0
2232222326
6238500805
0
0
0
15
45
3
0
0
6
0
28
0
713040945
3068225244
0
0
0
21
1
6
0
3406384485
0
783307969
0
10
0
0
0
2370753
23396220
0
0
0
6673763680
0
66
0
0
0
1
1
0
0
0
28
4620728723
0
6
2269728985
1977167276
0
0
0
3
0
0
0
28
0
0
10
2707192143
6003833365
1598074830
66
45
0
0
0
6
0
3347460717
0
0
241923000
0
0
0
0
110001528
0
36
0
0
3
2048416015
12956595
4483713535
10
0
0
0
52454403
0
0
0
0
0
0
0
0
0
0
0
0
1
0
0
0
0
0
4911148242
1
55
0
536690682
0
0
0
0
36
0
0
0
2238507469
0
0
0
0
1174161567
0
0
5649791784
0
0
4359585355
55
3
112222671
0
0
10
0
0
0
0
0
4340277844
1
0
3
0
0
0
0
0
0
127912015
497748555
0
0
0
0
0
0
0
0
0
0
0
0
10
0
0
0
28
3
53153205
36
0
0
0
0
0
0
28
27007574
0
0
66
871426875
0
2914623065
188636173
0
45
0
0
6
305971953
170579682
0
201954752
0
3716728608
1802190660
0
1503630538
0
0
0
0
711870777
0
0
0
0
0
0
0
3
0
0
0
0
0
0
1
0
0
0
0
0
0
3
0
0
2306393397
0
607557501
45
1
0
0
0
0
1
0
0
0
0
0
0
0
0
21
0
0
0
0
0
21
0
0
656505709
0
0
0
0
0
409194527
0
0
0
109986696
1
0
0
0
45
114003
0
0
0
0
0
0
0
0
28
297619003
0
0
0
66
0
45
0
0
0
0
0
0
0
5318671887
0
1
0
0
0
0
66
0
1959035679
0
0
0
0
45
0
0
0
0
16196585
0
0
0
0
45
529019107
0
0
0
0
3
2019714331
0
2988456695
0
0
0
0
5803576650
6311317359
0
0
4445726344
0
0
0
0
0
66
0
0
1202828625
0
0
3
0
10
0
0
0
0
0
36
0
0
0
0
0
0
0
0
0
0
0
0
0
0
0
0
0
2712492675
0
0
28
3
0
0
45
0
0
0
10
0
2176251345
0
0
36
1
0
0
2865207140
0
28
0
21
0
6
0
3409852061
0
66
2032445618
1
75491327
0
0
0
0
0
0
0
0
21
1221538857
0
0
0
0
45
1
0
0
0
0
0
0
0
6
0
0
0
3
0
193169340
10
0
10
0
302223404
4217614225
0
0
38794836
0
0
0
0
65396765
0
0
0
6
0
0
0
0
6
6
0
0
336273210
0
1800690038
28
0
1847560057
0
0
0
0
45
0
0
6801220069
3677174393
0
0
45
0
775884507
0
0
0
0
0
0
0
2699985860
3062431181
1
0
21
262560070
0
532407395
37632149
3154761018
0
0
1122218997
0
21
0
0
0
5903226087
0
130677861
0
0
39263091
3
0
0
0
1
0
28
0
0
0
0
0
0
5300638158
3526026231
0
0
0
0
7355529
0
0
85418985
539544824
1
0
0
6642491364
0
0
0
3992738826
0
4461392975
0
1
0
0
0
0
590253258
0
0
0
0
0
0
2504514889
0
0
0
722893255
1312282037
0
0
10
0
0
0
136133250
15
0
0
0
45
6316149376
0
0
0
2216814369
0
45
0
0
21
0
0
2054437014
0
0
0
0
10
0
6
0
0
0
0
21
0
0
21
0
0
0
0
0
6
45
0
0
66
0
0
15
0
45
0
0
90605990
0
234740278
10
0
0
66
10
20329875
28
0
0
10
0
0
291599175
0
0
3
0
0
0
66
0
0
1372906197
0
15
0
0
0
0
0
0
0
1901871939
0
0
682337190
1
6
0
0
1
75307128
0
0
3
622886139
0
0
0
0
0
0
0
142492521
0
0
0
0
0
0
0
0
0
1864497639
267579401
3243949868
3
0
21
0
0
0
0
0
0
3
0
0
0
0
0
0
0
0
0
0
0
0
0
0
0
0
0
3943208370
0
939676255
0
0
0
36
0
0
3
21
21
0
0
0
0
0
10
10
0
4272900291
0
0
0
0
51516325
0
0
0
0
5943061710
0
0
0
0
0
0
36
0
80829255
21
0
0
0
0
0
66
45
1573913544
0
0
0
0
1014818823
45
0
955435026
21
0
0
3
1573745250
0
0
2432984610
3
0
0
0
468868752
0
0
10
0
0
20438421
0
0
0
2911340935
21
0
0
21
1
226132005
0
0
0
55
0
0
0
161829045
240692760
1747912369
6658060655
0
0
0
10
0
5662022839
21
1
6844792437
1
45
0
66
2618020974
0
0
0
0
0
0
0
6
0
0
0
154308525
0
0
1319875103
0
548483739
0
0
0
3599040016
3
10
0
0
0
0
10
0
0
55
3
44570960
28
0
0
3
0
3
0
0
0
0
0
0
3140558586
0
0
0
0
1
0
0
45
45
0
0
3
5324861937
0
0
0
28
0
0
6
0
28
0
6
0
819659313
0
0
228150
0
0
3559106220
1
0
0
0
0
10
3364419390
0
0
6651830756
0
1451123125
0
28
0
4546144926
969694738
0
0
0
0
0
0
0
0
1588591133
534399775
0
0
1906128
0
0
19690949
0
1
0
0
0
0
0
0
0
0
0
244650
242473225
0
1935010939
861851382
0
36
2720278
0
0
0
0
0
0
0
0
0
232082734
3896193630
0
0
0
0
0
0
0
0
0
0
0
21
7115877
0
0
0
0
0
1
0
822901581
134799990
0
3
5877827610
0
0
0
55
0
0
0
0
4459881735
3010375611
0
0
10
0
0
1810244529
562247790
0
20817378
0
66
0
6571451348
0
0
1094956203
0
689894084
0
0
0
0
0
6
0
0
0
2936806459
0
0
0
0
0
0
0
0
0
0
4548529076
0
0
1158272512
2225679085
122265702
0
28
6
917911278
0
0
0
0
36
21
66
0
0
110120219
0
0
1
0
1
6912234187
698239744
0
0
0
0
0
108811
0
0
2780454285
0
0
0
0
534726752
66
0
0
0
0
0
0
0
0
0
0
1408610500
36
0
0
0
1
0
0
0
0
0
36
151806600
359213806
0
635193882
0
0
0
0
66
0
78444075
0
1570156713
0
0
0
0
0
3546546265
0
0
0
0
28
0
0
91862235
0
2003096850
0
0
0
3569744715
0
0
1711388250
0
0
2080286217
0
45
0
0
28
45
0
0
0
4779730842
0
4267632670
0
0
45
0
0
0
0
4083232851
0
714627914
4621305546
45
0
0
0
0
0
1063181322
0
0
0
0
131292910
0
3876720
1159813175
3100190643
0
0
0
0
0
0
0
0
1
0
0
3
0
0
0
0
0
0
0
0
0
21
0
0
36
3
28
0
0
0
0
0
0
0
0
0
0
66
10
117328221
1574137992
6
0
0
0
21
0
1608947873
1630404828
0
0
3
0
0
0
3
1
15
2032254345
0
6
0
6
1482374004
0
2059889169
1
0
0
0
0
10
0
41019152
0
0
0
0
0
0
0
0
7191528
0
0
0
28
0
5556002925
10
0
45
1449453555
10
0
0
0
0
0
0
0
0
0
0
0
0
2818690893
0
0
0
0
0
0
0
6
605641785
0
0
0
0
0
0
0
0
0
468072905
2795687679
0
0
1013422695
0
0
0
6
0
0
0
0
0
0
0
3733992143
0
1
1
0
0
0
0
0
3
0
0
0
0
0
0
0
0
1885686130
0
0
2492356497
0
0
0
2104804511
0
0
0
1
6
4642962038
0
0
0
0
0
0
0
66
0
0
4748007592
0
0
0
0
2278698776
0
0
0
4569727772
6
0
0
45
4061573211
10
0
66
0
3080300769
0
3313102056
45
0
0
6
1
0
0
0
0
157522375
0
0
2080544265
4443934929
89853715
0
123127277
0
0
0
0
0
0
0
0
0
0
0
0
10
0
0
0
0
5554316437
0
0
1365161875
0
0
0
0
2775236741
3750689345
0
1123166707
0
0
0
10
1
0
0
0
0
0
0
0
0
0
0
0
0
0
0
0
0
0
28
2649592400
0
21
0
0
0
0
225430761
0
0
0
0
0
3
331260930
0
45
0
45
0
0
0
0
0
0
52229310
0
0
5696553646
0
0
0
0
0
0
0
0
0
0
36
0
0
1277272147
21
0
0
0
1655166874
0
0
2401834080
0
0
45
0
0
5788072973
0
0
0
0
0
10
0
66
5893342395
0
1
0
0
0
13408430
0
3180788875
0
1331925075
0
0
0
0
0
0
0
1368089583
30893730
2395392684
0
0
0
0
0
1080869237
0
0
6
0
0
5004250867
0
6
1008880737
0
0
0
0
4615635132
0
0
0
0
0
3
0
0
21
0
1
0
4323270
2321155009
6
36
0
0
21
0
55
6
303306135
0
0
49805190
0
0
2207369340
0
0
0
0
367408278
135276575
45
0
0
0
21
77233805
0
0
0
4854917946
342238193
0
0
2866815
0
1350466414
0
0
0
0
0
0
0
0
0
0
2192179999
0
0
0
0
0
0
0
21
0
0
0
6639610175
1
0
0
1712324454
0
0
0
2488898166
0
0
0
4431593385
0
0
36
0
1185041558
0
0
0
0
3
0
0
45
0
0
2614621120
0
0
0
0
5186965833
0
6
10
0
5580274501
10
0
1
55
0
0
1856445705
0
0
0
10
0
0
0
0
0
0
4077451315
0
236672646
45
15
2143782424
4974283117
0
0
0
0
382164471
66
0
539873349
0
0
0
0
0
0
0
0
0
0
0
0
0
0
0
0
0
29841674
3
315067750
0
5429080458
695439859
0
0
0
0
21
0
1678840457
0
4672109417
0
0
0
0
0
0
1573240343
15
28
4540139640
66
6470725635
0
0
0
0
0
0
6
0
0
1
0
1
6
0
0
0
1062213158
3584716083
0
0
0
21
0
960644025
3
0
0
0
725824035
0
28
0
0
1022627679
0
4457143265
10
0
0
0
2837869417
0
0
0
0
0
6186445716
0
0
45
0
0
0
0
0
0
0
536952814
5724036
21
0
0
0
0
0
0
0
3980594910
0
6
10
0
0
0
66
0
207906633
6542593190
0
0
0
9903475
0
0
0
0
0
34233675
0
0
0
0
3
0
6822112770
28
5314031712
3
0
0
0
3
38303128
0
0
0
2210559780
4416449115
0
225685635
0
0
45
3
0
15
0
1
0
1
0
306887925
0
0
0
0
1124873568
0
6347884084
3467237886
203646471
4168164535
0
0
21
0
0
0
0
0
3888782130
0
0
0
0
0
4837590667
0
0
0
0
0
0
0
0
2335690372
0
3426222765
36
0
0
0
3
1
1
4565522318
440970732
0
0
10
0
5391528516
0
240890275
0
0
0
0
0
0
0
0
0
0
2515426050
0
0
0
0
0
0
0
0
0
4469898470
0
0
0
0
0
0
0
0
0
2648451
0
6520877034
466177844
0
0
0
21
0
1431312228
0
0
0
55
0
927921657
1388987568
2874003
28
0
6
36
0
0
10
36
0
0
2928076039
0
0
0
0
0
3
0
0
0
0
1
3
36
0
0
0
0
344806930
0
0
0
0
0
0
2486358897
0
0
0
0
10
2288836305
6
3779759940
0
10
0
0
0
1266629931
0
0
0
51040356
0
0
2451365184
120675880
0
3910241946
0
21
0
6
45
89251479
0
0
3966776940
0
0
0
0
0
28
1861079539
0
6335833551
0
0
0
6712059398
2008543854
0
0
0
21
0
0
582889281
0
0
0
0
0
0
4711826314
5011056069
0
28
0
0
838717443
0
0
0
0
0
0
0
0
0
0
0
0
21
1839059618
0
0
0
0
0
0
0
0
0
0
0
0
0
0
0
0
0
0
0
6
0
84246690
4116646917
0
0
10
10
1
0
852783050
2682744615
0
0
0
0
0
0
36
6862822680
0
0
0
0
549643589
0
0
0
10
0
0
2044897140
0
0
0
0
0
1
1656202653
0
1
1137334968
0
0
0
0
0
0
0
0
0
28
2109088868
1
21
0
0
0
0
5513392491
0
0
0
0
0
0
2818240390
0
28
0
0
0
0
0
0
0
0
0
0
0
0
0
0
74963890
0
10
2156832660
0
0
3846741318
0
3
10
1479217633
762783190
0
66
0
0
0
695589048
0
36
1
0
55
1
0
4853932590
633375
0
0
21
0
0
1382091572
0
903656325
0
0
0
0
0
6
1372748975
395128215
66
0
0
0
1464893125
21
5421059830
6
45
0
2554659424
0
0
0
0
3
0
1
1154521350
0
0
0
0
1224159937
0
0
0
0
0
45
3
0
0
131471220
66
0
1433024852
0
0
433548180
36
0
1285828110
0
1578742333
0
0
0
0
0
1
5841129525
0
0
0
4250650448
0
0
10
1235815467
0
0
0
0
161235903
0
0
0
0
723007350
0
0
0
0
0
0
0
0
0
0
4211279404
54690110
0
0
0
0
0
172952100
0
0
3
0
0
0
4482198495
0
0
1387090764
28
0
0
98147054
442218920
0
5165700501
123284253
0
1981067949
0
0
6
0
0
1
5086521025
0
0
0
0
0
0
0
0
45
0
1
2990389770
0
898053369
1206608247
127193275
0
1794214650
700558575
0
28
0
2371297405
948410107
0
0
0
1
1326150747
3
0
0
0
161110225
10
0
0
0
1
0
0
0
0
0
0
0
0
0
0
45
0
3
1376104488
0
645680079
0
10
6
0
0
0
0
1
36
0
3
0
6
66
2244935485
0
0
0
0
0
0
0
0
4292150205
6838358812
2355278625
0
0
59366856
0
1
0
0
1544985072
0
75294855
2178363009
6031039833
1043947943
4007228481
0
2404399149
2270537572
36
0
0
0
3
28
120024265
0
0
0
3
1068768258
0
0
0
0
0
21
0
28
232903
0
0
0
0
646039484
0
0
0
99228827
15
0
28
5549679915
0
0
0
0
0
10
0
0
0
1526585130
0
0
2808264060
0
0
0
0
0
0
608429265
0
43435860
347648895
3801265983
883869987
0
0
0
0
0
6
0
0
1
0
40055724
0
0
0
0
0
66
0
0
2058734018
584495144
6
0
0
1349271372
512688230
0
10
0
1
0
0
0
0
0
0
0
1
0
0
0
121173527
0
0
0
0
0
6
0
0
0
10632966
0
3
0
0
0
45
0
0
0
0
3800742846
10
0
0
5398592029
838553607
0
0
0
0
0
4418140946
0
3
0
0
0
0
0
3421175111
0
0
0
255481707
0
0
24113040
0
0
21
3
558531752
0
0
0
0
0
0
0
0
0
21
0
3
0
1
0
0
0
66
0
664756932
0
4333013631
6662100099
0
0
36
0
0
1701398605
0
0
0
4469047590
0
1289634288
2149701
0
0
0
0
0
0
1782373337
10
0
0
0
0
0
1987493592
2242791789
0
2357338110
36
0
0
0
1815422890
0
0
0
0
0
0
0
0
0
21
0
0
0
0
0
0
1
0
1314998658
0
0
0
10
265017743
66
36
0
21
10321696
0
0
0
0
0
0
0
10
0
28226340
66
1
28
1769440788
0
0
0
36
45
0
1193625342
0
0
0
66
0
0
0
0
0
6
28
6
1
0
10
45
0
0
0
0
0
660861169
28
0
0
0
431636270
3403083705
0
0
1
0
0
0
271689695
0
0
0
0
3859382251
0
4319247041
66
0
0
0
5485390845
0
0
0
285449661
0
0
0
0
0
45
0
0
0
36
1
0
22441649
5629719039
0
0
0
136413903
0
0
4365937235
0
0
914230179
0
0
0
338247044
0
0
3
21
0
0
3
0
55
4074742654
0
0
0
0
0
0
0
963407457
0
0
0
0
0
0
0
0
28
0
0
2804742846
511566
0
28
6
0
0
0
21
910641805
0
0
0
8407050
0
0
0
6
0
0
112252635
3687214830
6
0
28
238154394
0
0
10
28
0
0
3617899506
0
0
0
3
0
0
0
36
2506072170
66
0
6459695571
351403304
0
0
0
0
66
0
1
21
45
0
6884396404
3813046083
0
1
0
0
828828
1
0
0
2388061459
0
2300488359
0
0
3035646285
0
21
0
4826776823
0
0
0
0
0
0
0
0
0
1
0
0
0
0
0
0
0
1200034542
0
0
36
169653
2568545291
0
6582002679
28
827329482
0
1429065988
0
4261814271
0
13377377
0
0
1
28
0
0
0
0
0
0
0
0
3452597243
0
0
6
3902198608
1226684718
0
3027314730
0
108950941
0
0
0
36
0
0
0
59486777
0
0
3237240
0
0
0
0
45
105902181
0
7599151
0
0
0
0
21
1
2476496217
0
0
1
0
36
0
0
0
21
0
0
346831943
6
5706591483
0
28
0
2600034206
3981041020
0
3818466
0
0
36
4484849965
0
0
0
36
0
0
0
0
0
0
222615544
66
0
0
0
0
0
0
4597493967
0
0
28
1871404403
0
0
0
294407245
6467768179
45
0
0
0
0
0
0
0
0
0
3
0
0
795267006
0
6
0
45
1
3
0
0
969914940
0
5485181364
0
0
0
0
5435438671
6
0
6
28
0
0
0
6
0
0
0
0
0
2870811615
1372487022
0
66
10
0
0
0
0
0
0
0
0
0
0
2302727310
0
0
0
0
649278627
0
0
0
0
10
45
0
0
0
0
0
101552626
1
0
0
0
0
0
0
5555475891
0
66
28
0
0
0
0
0
0
1
6
0
0
0
0
0
0
0
0
1059403462
0
36
0
0
21
1
0
55
0
0
0
66
4054636305
2073712164
0
0
265340166
6
0
0
0
0
1655857372
0
0
0
0
0
28
275948778
0
0
6873019080
2879076867
0
0
0
3
0
0
0
1950282279
10
0
0
0
126747080
0
0
0
0
1568196003
0
0
0
0
0
0
0
0
0
0
0
0
0
0
0
0
0
4412690551
5104995424
0
0
5850320299
0
4528545
0
6537103587
0
3
0
0
10
0
0
0
0
81862410
0
45
0
3
0
21
0
0
0
0
1259292202
0
0
0
0
0
3384793493
0
0
0
0
0
0
0
3286294046
0
0
0
0
0
0
3620877306
0
0
0
0
0
0
6838709659
0
5185336300
0
2661252454
0
0
0
0
0
45
3092400010
3748957335
156353086
0
0
10
0
0
21
0
63376911
3
0
129935260
21
10
45
1983334665
21
848328624
0
0
33313203
0
5318156233
0
0
0
2990389744
10
191463093
0
0
0
0
21
0
3495274200
3010685967
0
0
6
0
0
0
0
0
0
0
0
510576987
0
1
0
0
53452629
115284520
5966524875
0
0
0
0
1556234145
0
0
0
0
0
0
36
0
0
0
0
0
0
0
66
140055216
0
0
1344444582
0
0
0
337961001
0
0
0
0
0
36
1
0
6703488311
1042166682
5871324000
3
45
0
36
0
1359524437
28
702693795
0
0
6
0
0
0
0
5968819125
0
353979518
0
3647732981
0
45
0
0
856628121
21
10
0
0
44902026
1457972997
0
0
0
5624520825
0
0
0
0
0
1894355092
0
55
3
0
0
0
0
36
0
0
2543806118
0
133456952
0
1074601617
28
10
153308805
15
21
0
0
1
0
0
0
0
0
0
0
0
0
0
0
2419888060
0
1
1615705429
0
28
1864009132
2121186383
0
0
0
1
1992793118
1367984950
0
0
0
0
45
0
1745429980
3
77918886
0
1
0
2234427797
0
0
0
770418621
1163331724
0
0
0
0
45
0
2722149995
0
0
1406859487
0
0
0
0
0
55
6
0
66
0
25003056
55
0
0
0
0
0
0
0
0
392518168
0
0
0
0
2755009325
3
0
0
0
0
0
0
787747275
0
0
0
0
0
0
0
0
0
0
0
0
0
397690500
43045281
0
0
0
21
0
0
60571521
0
0
0
0
0
3156349850
0
0
0
834381674
4475194885
958497421
0
0
0
0
0
45
0
175134970
0
0
0
1
0
0
0
36
0
0
0
45
335573370
0
10
0
0
0
0
0
4885018710
2018443388
0
0
10
0
0
0
779376
0
0
0
4065449661
4973285712
0
67797189
0
21
0
0
0
132690195
0
0
0
0
0
0
0
0
0
0
0
0
0
36
0
0
0
55
3474903285
0
0
0
0
0
0
0
0
0
0
0
0
0
0
0
36
55
0
0
66
0
0
28
0
66
0
0
0
28
36
3128998233
0
0
0
0
10
1146855
0
10
0
0
0
1858578968
0
126619741
0
0
0
0
0
0
0
28
0
0
0
0
15
862349664
0
0
0
3567379268
0
0
0
0
0
0
0
0
0
0
0
2351779638
0
0
67019250
66
0
65031309
0
0
0
0
93386611
0
0
0
6
0
0
5894862445
4997350285
0
0
0
0
0
0
0
36
0
309569393
0
0
0
0
0
1
0
10
0
0
0
2114808094
0
0
0
0
0
332549145
654550470
6101202835
0
36
0
0
0
0
0
0
0
884921412
6588199800
0
0
6897897174
126954144
0
0
0
0
0
0
0
0
0
0
0
0
0
0
689262753
0
0
93783360
1810244529
0
197001322
3422664206
0
55
0
0
0
0
6379924254
0
0
0
34291620
3
6
0
0
0
0
0
0
0
0
2667895545
0
66
0
21
0
0
0
49575903
0
0
21
4785794650
0
1536658193
0
0
0
0
0
0
0
0
0
0
0
0
28
3609992925
45
0
4136451435
0
0
0
0
0
0
0
0
0
0
0
0
0
0
0
5330436060
0
0
0
4506184690
10
0
3869932266
0
0
0
242803663
1412009501
0
36
0
199396
0
0
0
202618512
0
0
0
2346775785
0
0
36
0
0
0
0
0
0
3603453161
3
2985442346
2267385
0
4160316098
0
0
10
0
0
0
0
6061280187
2871114717
0
0
0
0
0
0
0
0
0
576012690
0
0
0
3
0
0
0
0
0
5349554721
1711095744
0
0
0
447648080
1662654924
1
0
0
0
0
45
0
0
0
0
0
0
45
0
3
0
0
0
10
0
0
0
19446966
0
0
0
57904941
0
0
21
0
7478778
3
12834711
0
1398015000
2829964518
0
0
36
0
0
726014550
330000895
0
0
0
121563028
0
0
0
0
0
36
0
0
1100625875
0
0
480763515
0
0
0
0
1407230798
0
0
6008326965
556661651
4270404715
36
0
0
0
0
0
0
0
0
1
0
0
0
187201572
45
0
0
2258020791
15
0
0
1008341757
6274184145
0
0
0
0
0
0
0
0
0
0
0
5303624470
0
0
0
45
0
45
0
1180615525
0
0
0
0
476740878
28
0
0
0
3
0
0
1
0
658064780
0
0
0
26089475
0
0
504047115
0
0
152853870
3594629645
0
0
0
0
1
0
0
21
0
0
519080309
0
0
0
0
28
3
6
0
45
0
28
0
0
0
1477368875
0
3550842811
3433014055
0
6087954295
3256930941
0
66
0
0
0
2181003999
1285321045
0
1
0
0
21
2777397705
0
0
0
0
0
0
0
6
28
0
0
11307389
0
0
0
2879304527
2097997440
0
0
856131507
0
0
0
0
3
0
186698820
0
2044193734
4135178156
4859550339
0
0
0
0
0
0
83443820
0
0
0
0
0
25109241
0
0
0
0
0
0
95130321
57282455
0
1289786652
6169994110
21
8187081
603069082
0
0
0
45
0
0
0
0
1217341147
42564150
0
3952449580
0
0
379756
703969002
0
0
0
0
0
0
28
21
511248275
0
0
0
0
6037851039
0
0
0
107641128
0
55
0
0
21
0
3804405596
0
0
0
6984453
21
0
0
0
45
0
0
0
72534990
0
0
0
0
66
0
0
4127724349
2225679085
0
0
0
6
10
0
0
14346046
3
10
0
0
451576377
1555341645
0
458696615
0
0
0
241860
6
0
4527570006
28
0
3267108185
45
0
4508558306
0
0
0
3140241580
1
0
0
31972005
0
0
3473069451
0
0
0
454466025
0
0
10
5088235836
0
10
0
21
0
2796211143
0
0
0
2193901884
0
0
0
1089021112
2563172565
0
0
0
0
0
0
0
0
36
66
10
0
0
0
1007623383
194547672
66
0
0
45
2061465
66
0
0
0
3106887368
84571515
0
0
0
4050134956
0
0
0
1
0
0
0
0
0
1
0
0
0
10
0
14217778
0
0
0
0
0
0
0
0
0
0
0
6697121445
0
0
1
0
0
1912309240
0
0
0
0
1927739268
36
0
0
0
0
0
0
0
649855305
0
0
0
0
0
0
21
0
0
1808921020
0
0
0
0
0
0
6
239881650
6
15
36
0
0
0
0
0
0
0
2063485155
0
0
0
352225610
0
0
0
0
36
0
0
0
1
28
5542097076
0
0
0
0
809769625
36
36
0
0
0
0
0
0
0
0
0
0
3516794866
0
0
0
0
0
4402738148
0
0
0
0
4324360446
66
66
0
0
0
0
0
3
0
3
0
0
0
0
0
10
3345988065
3
35032635
0
0
0
0
1
970487593
78506715
0
0
0
340304916
0
0
0
0
28
0
141380520
60241776
1
0
20604989
0
0
0
36
0
0
0
0
0
0
0
0
45
0
0
0
5431894269
0
0
5843615733
0
0
0
0
3514363193
0
0
0
0
0
0
0
399751935
55
1828828
0
0
1651486628
140189139
4607567982
0
0
0
0
0
1499246658
88771149
0
1
0
21
1
0
0
0
3
0
5651492725
4409778773
0
0
0
0
2862028632
622780257
0
36
6425074695
0
0
440614454
345017036
3787850231
3141271
0
1533776777
0
10
0
0
0
0
45
6
66
1
0
0
0
0
0
0
28
0
0
0
0
1260446708
0
0
3568477395
0
0
0
0
6
10
0
0
0
0
0
0
0
441178639
45
433136027
0
0
0
21
0
0
0
0
0
0
0
0
0
0
55
0
0
2961998000
0
0
0
828428159
0
0
66
0
0
0
0
0
0
45
41336778
0
0
0
0
0
205852195
0
0
6
0
0
0
0
1
10
0
108022950
114224055
0
87456925
0
84870906
4055086551
0
3775153268
0
28
0
0
45
21
0
648882299
0
978168562
0
0
4462998982
0
5621763585
15
1919427851
0
0
0
0
0
6
21
0
0
0
0
1
0
0
0
0
4340091507
0
0
0
2988224742
0
21
0
0
0
459060149
0
0
0
0
0
122892002
3
2925015819
0
3
386100365
1268291402
6576496586
0
0
0
0
0
0
4082329240
0
0
0
10
0
0
3
146572871
0
132201929
0
0
0
0
2613464232
0
45
0
0
1308153
0
1
0
0
28
0
0
28
0
0
0
0
5311145525
0
0
0
0
0
3
0
0
0
1294972358
0
36
0
0
0
0
0
0
1255480992
0
28
0
0
0
0
0
0
0
0
2427337614
0
1741650662
5877719208
0
0
0
3
0
0
0
0
0
0
3637149395
66
0
0
2710062621
0
0
55
21
28
0
1391571362
1411903227
0
36
0
2780603415
0
0
0
0
0
0
0
4886303730
3
0
0
45
0
1372958598
0
0
0
0
0
894243174
0
0
0
0
0
6
0
0
0
2595349075
0
3
10
0
10
4078535041
3291241268
0
0
0
0
0
0
4039903
0
2058862359
5506254215
0
0
0
0
1152840147
45
6152344156
736339499
378166248
16828700
0
0
0
21
66
1
0
0
3049844040
0
0
0
0
0
0
77981315
0
45
2080866806
1069138158
0
493529652
8349741
64246779
6
0
0
0
0
0
0
0
258929136
193838202
0
0
0
0
98680176
21
0
27576451
0
0
0
3
0
0
0
1
0
66
0
0
6206595360
0
0
0
0
0
0
15
0
0
0
0
0
0
0
0
45
0
0
0
0
4136724306
0
267417500
31288004
0
3
0
0
21
0
0
0
6464015496
583401560
0
0
1
0
1924325667
0
45
19110
0
0
36
0
0
0
0
0
1678492802
0
0
0
0
0
0
0
0
0
66
0
2978491961
0
0
0
0
0
66
0
208029003
0
28
0
0
0
0
0
0
0
0
1077709948
3
6
0
0
0
0
0
0
0
0
6061280208
0
1601751694
0
193602003
10
0
0
0
0
30791627
0
0
6410459769
0
0
855552292
10
55
45
20100
0
0
0
0
21
0
984015682
36
1890540
0
0
1787631293
6
0
50606830
0
0
0
0
0
0
21
45
0
0
0
0
0
10
0
0
28
3
3
15
0
0
162603561
0
3
1
0
0
0
1687717845
0
21
0
21
36
6
21
0
0
0
1
3
0
0
0
0
0
6
0
2862028638
6438665
0
66
0
0
3
0
0
0
0
361675
1
0
3278353806
0
0
0
0
0
66
0
36
0
0
10
0
3
0
4448649954
0
0
15
0
0
0
4008123766
0
0
0
0
0
0
1878891
0
1261852945
0
0
333891560
0
0
0
4101145440
0
0
0
6099325062
0
0
777776517
0
0
0
28
0
10
0
0
0
0
0
0
6
0
1435059941
28
0
2831695104
6
0
0
0
0
4115648856
0
0
0
0
1840576100
69284106
0
21
1401930648
21
6860011212
0
5998355640
0
0
0
15
21
3886489515
3
45
0
11066159
0
0
6863759964
21
0
454646934
0
478688190
36
0
0
1854861772
6821645544
0
0
1528519685
0
0
55
0
1
0
0
0
0
0
1
0
0
0
3
10
0
28
3
0
0
0
0
50105055
0
0
36
0
28
1453171002
0
3475153351
0
0
0
118741755
0
0
0
6
0
0
0
0
0
21
0
0
0
3
0
1554393643
0
0
0
0
2622147143
0
0
0
0
36
0
0
0
0
0
0
0
0
3404321310
0
0
0
2418983784
0
3269048466
0
0
1
2305374717
0
3
0
1014413382
0
1
0
0
0
0
0
13789125
66
0
0
0
21
0
840274494
0
0
0
0
0
0
0
3
0
0
15
3
0
1195873959
3
0
21
0
254623460
1991010
0
0
36
0
0
0
0
0
0
0
1192111185
0
0
0
0
3246044441
0
0
25529085
0
0
3462076821
0
4405929201
0
1
0
0
0
6828421887
0
0
0
0
0
1511262750
0
0
0
0
866299479
0
0
3387509195
0
0
649206540
36
66
542801823
0
0
0
252776360
0
172376028
0
3005644242
322745120
0
0
0
0
0
134553809
3
0
0
0
0
6656329824
0
0
0
0
0
0
0
5113587819
0
45
0
13387724
0
0
0
0
780184248
0
45
28
0
0
0
0
0
4094265250
0
0
0
3
0
0
0
6291446985
2526218704
0
0
0
694806002
1
0
0
3
0
0
0
55973489
66
36
2101496850
0
6
0
0
3
401932113
0
0
45
0
0
4846841160
0
0
0
0
0
895977943
5715248196
0
0
15
0
6
0
0
0
0
10
0
0
3
0
0
0
0
28
0
2450945085
1559080692
0
0
38058449
4685555574
6
0
0
5858544090
28
0
45
0
0
1411690677
36
0
21
236433379
0
1
0
4205958165
2666361789
0
10
0
2286874599
0
1887098889
0
0
0
0
0
6283709394
2939642816
0
0
0
401847060
0
66
6684743696
0
0
0
823834930
0
141851746
0
0
0
0
0
0
0
0
398254752
0
0
129291239
0
0
2325995079
0
4729510587
34424253
0
0
0
0
0
0
149463405
0
0
0
0
0
0
0
0
1399972152
0
0
0
0
0
0
0
0
0
2178828
0
4909265380
0
21
0
0
0
0
0
0
10
973971159
0
0
0
0
0
10
0
0
0
6641338820
36
0
0
45
0
0
4884227964
0
0
0
0
0
3211891016
0
6
0
6
0
0
469358820
0
3
0
0
0
1733397754
0
6
0
0
2155191025
1949532897
0
0
0
0
0
360635795
15
3
0
1513847772
0
0
55
36
0
645816
0
0
0
0
162081009
4953558279
0
0
2306732967
5788718535
0
0
0
1
0
55
0
0
0
0
0
0
3
0
0
28
0
0
0
0
3
0
0
5894753844
0
36855404
0
0
0
0
0
0
0
0
0
0
1
0
0
28
417966325
0
4323337557
1056045900
55
0
0
446213000
0
0
822577077
0
0
47312128
0
0
0
0
45
36
0
884963482
0
0
36
0
0
0
1329758232
1072331177
0
0
0
0
0
0
0
0
0
0
1
0
0
45
0
0
0
728111879
5539781104
0
0
0
646650693
4133996035
10
0
0
0
55
0
3
0
0
0
6
0
1757148093
0
0
0
682632774
2928229118
421704360
2785452805
0
0
0
0
0
0
0
6535919
0
0
45
36
0
0
0
0
0
0
0
0
2236567515
0
0
0
1
0
0
0
0
0
0
0
0
280856850
3750775921
0
3
0
0
0
0
0
0
10
0
0
1210541407
21
0
28
6
0
0
0
0
10
0
0
0
3720609408
3708370215
0
0
0
1
0
0
0
0
0
0
0
10
0
0
2145419739
15
0
7256145
1314127008
0
0
0
0
3942853156
28
0
0
0
0
0
1321931043
0
0
3
0
45
0
0
0
0
6
0
0
0
8126496
0
0
0
0
259247825
4380526745
0
0
0
0
5340972936
10
0
0
0
0
0
1
0
0
0
0
36
0
0
0
10
0
10
0
0
30190335
50035006
2001261739
21128249
0
6
3
0
9633854
0
0
3696667075
28
0
0
0
21
0
3005256618
6
605224235
3
572048379
1181976495
0
0
0
0
43286860
1622932850
1590564595
0
0
4922452965
0
0
2081963650
0
0
0
10
66
0
0
0
0
0
0
0
0
0
0
0
36
0
0
0
0
3967667695
0
0
735610545
2522950074
0
0
0
0
0
0
0
0
0
98343300
4770837655
43082402
0
0
0
0
0
0
0
0
0
45
0
36
0
36
0
21
0
0
0
0
0
6
0
0
775687563
0
0
0
0
0
0
1648671725
0
4035747516
0
0
0
1187184613
0
0
0
0
0
55
0
0
0
0
0
0
0
0
0
0
10
0
0
0
4255630841
0
0
105640380
900513138
2585272365
0
45
0
2309790522
0
0
0
0
45
3096254768
0
15
0
0
0
0
0
0
0
2695358295
0
0
0
0
0
4692915585
6873488062
21
0
3
45
3
1412222057
0
0
0
0
0
0
6333469812
0
0
6
3
0
10
0
0
66
4851
0
0
0
0
0
0
1
45
0
66
0
0
0
0
0
21
0
10
0
36
0
0
45
0
0
0
13999986
263362719
431342505
0
0
796104732
28
1
0
21
0
0
1
813032629
5818777437
0
36
0
0
0
3
2712787283
0
0
1
0
0
0
0
0
0
0
3
21
0
0
0
1517812128
0
0
2586782618
0
0
0
0
36
3
0
0
0
0
0
6
0
0
3280945505
0
546465269
0
0
0
3651235740
0
1
0
0
0
0
1
0
0
0
0
0
0
0
1548210807
0
0
1
0
10
1476499308
0
0
0
0
21
0
944059875
0
1567803978
0
0
0
0
0
0
2557191
0
0
0
0
0
0
0
0
0
15
1360932678
0
13862745
1040158852
0
0
0
1551885588
0
0
0
0
3713453065
45
0
0
0
0
15
0
0
380369561
1197879928
0
0
0
0
3
0
0
5014360230
5322385485
10
0
28
0
447931
0
2625044625
10
0
1042668942
0
0
0
0
0
1133855982
3
2033784717
0
1868591272
587644902
188015133
0
0
3688417171
4001948335
0
0
0
7513626
0
0
0
0
0
0
4629673397
0
0
0
0
0
1225793338
0
0
0
0
754059189
0
15
6
1
33052515
0
45
1063089077
2303473847
0
45
3651406686
0
15127749
0
0
0
4128087780
0
0
0
359240600
216039291
0
179700
0
0
15012460
6
1976349849
498032559
0
0
0
0
45
0
0
0
574384670
0
21
3
0
1
3
0
3812784140
0
1
467400024
66
0
20304377
2809313375
5966784
0
0
6
10
0
103341876
0
0
0
0
0
0
0
0
0
28
1
0
1
0
55
5591795583
0
0
21
864094803
0
66
4804989399
0
0
1571109512
15
0
0
0
1239845678
0
0
0
0
0
0
0
6
0
21
0
1355481
0
0
0
0
0
0
1923085147
0
0
0
0
0
1
0
0
4129723466
55
0
0
2587286135
0
2519399592
0
1268845497
0
2491791709
1
0
0
0
0
0
0
1
0
5581859245
10
0
524054122
0
2212022805
0
0
761963188
0
0
0
0
0
0
0
0
0
0
0
0
0
0
0
0
3
0
1950781947
0
0
0
0
36
1932461190
0
0
0
0
0
0
0
0
0
0
565337124
0
0
1
6920584710
0
0
0
0
6223318785
0
0
0
0
0
0
0
0
656288314
966218799
0
0
0
21
0
0
0
0
0
1783806579
0
10
0
0
0
0
0
36
729524502
0
6416349055
0
2269190022
0
0
0
0
4746838294
0
0
0
0
0
0
0
0
28
0
0
36
0
0
1
1201406668
18693555
0
0
0
0
2386886742
0
6
0
0
0
0
0
66
0
620840700
48388203
10
154941606
1959661704
561342770
0
0
45
0
0
0
10
1090094775
0
3396569400
0
6072956691
1808018905
3
0
0
0
0
0
0
0
0
0
0
0
4939533885
0
0
0
0
45
3093422486
1860347497
0
0
274892628
45
86270680
0
0
0
0
0
55
0
0
1248725322
10
0
0
0
0
0
0
0
0
45
0
0
0
0
0
45
3136260
0
0
0
0
0
1
10
3
0
0
1404473497
1821091419
0
0
0
251810451
0
1
0
0
0
0
0
0
0
0
0
0
0
0
0
707613369
0
0
45
1
10
240824431
0
0
0
1
0
0
0
0
6
1581271963
0
0
1
0
0
45
0
15
2055334549
0
0
3
0
66
2506851022
0
0
0
1260446708
5270410391
0
4124998990
0
391957991
0
0
0
0
1158946437
0
0
0
0
0
0
0
0
0
0
0
2132665359
0
1579529112
0
0
0
3786979870
0
3802573983
0
0
0
0
0
2447305735
0
0
0
0
0
0
0
0
231738156
840274494
0
0
0
2992710285
0
10
0
0
0
0
1350934182
28
0
0
1
0
0
0
10
0
0
0
0
0
1
0
0
5707125658
0
45
0
0
0
0
0
3188929546
0
0
957228132
0
0
0
0
0
0
15
1655397002
0
0
0
2780678004
0
0
0
1238451768
0
0
3902286981
0
0
0
0
0
0
0
3064701185
0
0
0
0
3
1891709289
0
0
537805205
0
0
0
0
0
10
0
0
1388302450
0
0
0
45
0
0
1073072286
0
6911999034
0
66
1805494176
15
0
0
0
10
0
6
0
3253219443
222573348
0
0
0
0
0
0
0
55
481973627
0
0
0
0
2381914700
0
0
815979000
999424983
0
0
0
55
0
0
0
0
29028390
0
0
0
0
28
0
0
0
0
0
0
0
2415854795
184387206
0
4135632910
0
1
22744140
4042848139
0
0
0
66
120194759
0
0
0
0
0
0
0
0
0
0
21
4487596932
2246141794
227132635
0
0
0
0
0
0
66
21
0
10
244547660
102810630
0
0
0
0
1397697753
0
0
0
0
0
0
966570527
6
0
339314274
0
66
0
0
6
5486962101
3
0
0
0
503507501
0
0
0
0
1
0
66
0
1
45
0
0
0
0
0
0
0
0
0
0
0
2080221715
2418775092
0
0
0
0
0
0
0
6080563448
0
0
0
0
0
2177109085
0
21
2912256711
0
0
3
0
0
45
0
0
0
2060659497
2301234525
0
6614167539
6
329410278
0
0
6735251898
0
0
0
0
0
6
0
0
0
0
52916328
0
1
28
0
0
0
3
674858688
652887179
0
237016
0
0
0
0
1
0
0
0
0
0
3
0
0
0
1503849875
0
0
0
3950138241
0
0
3
55
0
0
10
0
0
0
0
0
0
1266076357
0
0
0
0
0
3
0
0
0
0
0
0
0
0
0
0
0
0
10
0
0
3831056766
0
391342266
749909627
0
6020610733
0
0
0
0
0
68298827
0
0
0
0
0
0
3757101225
6
0
0
1334161
66
0
0
0
0
0
0
21
0
0
0
0
28
10
0
0
3108306399
0
0
0
0
0
0
1660925402
0
0
0
426363786
0
6684165565
5170783905
6
0
8215431
0
0
0
0
6592562496
0
0
4393921875
0
66
0
15
0
0
0
0
0
0
55
0
0
0
0
0
3864040050
0
2388476164
109172476
0
0
657665757
45
0
0
6390772974
0
6
0
0
0
0
3
0
0
3592764518
0
0
0
0
0
660061608
0
0
0
9651421
0
0
0
1097531523
1
6
0
0
1
0
1
0
0
6
0
0
0
36
303380018
0
0
0
0
0
0
0
36
0
0
15
0
0
0
0
5393970
6892847512
0
60681636
0
0
0
66
0
0
0
0
0
0
3985325236
0
0
0
6
0
0
0
10
0
3376077661
0
3418445910
285879916
21
0
0
1
0
0
0
0
0
66
6011287083
21
0
0
0
1895155359
0
0
0
0
0
0
0
0
0
3
0
3
0
0
0
450225007
0
0
0
3674773540
10
0
6
0
0
3
45
0
0
1
0
2974634110
0
0
0
3603028706
43809479
0
0
0
0
0
0
28
0
0
0
0
0
2508479829
819942750
0
0
0
3912187695
0
0
0
3682836566
0
36
0
0
0
773640770
0
149446113
0
0
0
0
0
45
3
28
0
3
6511744194
0
0
1
0
0
0
0
0
36
0
0
0
0
0
0
0
0
0
0
0
0
5677356916
0
1
478811984
66
920741313
0
6300087330
0
1198565277
0
490455519
0
0
1892324404
5716852011
28
0
0
0
0
28
0
0
23995128
0
0
660824834
0
0
0
1
3685154130
1466950692
0
66
4076367742
0
0
3335443640
0
0
0
21
0
0
0
0
4516633425
0
0
0
0
0
0
0
1935446430
0
1
0
0
0
0
3
0
0
0
0
0
91523685
31732560
0
0
361603277
0
0
0
6
4813325634
5210010015
6
36
21
0
0
1
36
0
0
0
0
66
155787726
45
0
0
0
0
0
2501118865
0
6446630881
1
0
0
1354314987
5041937505
0
279814996
0
0
21251940
0
0
3
0
3
0
1
4214124894
0
0
0
0
0
10
0
21
0
0
0
0
5118847905
0
0
0
0
0
0
0
0
0
0
0
2788812576
3152378493
10
0
0
0
0
0
0
10
0
0
0
0
0
21
0
0
6736285
0
0
6185110986
0
0
0
3707853510
471598095
2447585589
0
0
0
0
0
0
0
0
14897610
55
1441173822
66
0
6
124338565
0
10609921
0
0
753282684
0
0
0
0
0
0
0
0
3817326331
0
45
54711030
6259853820
426217805
0
0
0
0
0
10
36
0
0
28
0
0
2890850693
699922384
0
0
0
0
45
0
0
0
0
0
0
0
0
0
0
0
0
0
677837789
0
28
10
0
0
0
0
1972516609
0
0
0
0
0
2608839225
36
27221130
1545930182
45
0
0
0
0
0
0
0
0
0
21
0
0
0
0
0
45
1
0
0
4240053807
6
0
5374511958
6
1
0
434962750
7910253
0
0
0
0
1603846560
0
0
0
10
10
0
0
0
0
0
1028333922
0
2888798045
1
0
711946242
0
0
10
0
28
0
0
0
3
0
0
0
0
0
1058207007
0
0
0
0
0
0
0
6443338395
5241804789
10
0
45
0
0
0
0
0
3
0
5805516080
0
0
0
0
36
0
0
0
0
0
0
0
0
3
0
0
339653016
45
875564778
0
0
10
0
0
2569620480
0
0
0
79323310
0
10
0
0
0
0
0
1448538397
0
278137904
0
0
151527933
36
0
0
0
1680405372
0
0
0
0
0
21
887784450
0
0
0
0
66
0
0
0
0
0
0
0
0
0
0
0
0
0
5119353846
0
0
0
0
0
0
0
0
0
0
0
0
0
45
0
0
0
21
10
0
0
0
1
0
0
0
0
0
0
28
0
0
0
3155555393
36
0
0
0
0
0
0
10
0
0
3622409250
10
0
0
310266504
1522609308
1258188363
0
5186762130
0
5346865710
0
0
2291408020
28
0
0
10
0
0
3
0
0
0
0
0
6
452676
6
0
0
0
0
0
0
0
28
0
0
0
4802833000
132820550
39894778
176222148
0
0
498979844
0
240780534
0
0
633448606
0
0
21
2732120124
0
0
0
66
974677473
0
0
0
0
46665
0
1601072550
0
36
0
0
0
0
3224406315
1
3914841810
0
0
0
0
5065764774
36
28
0
5430852045
0
0
0
653284710
0
0
0
66
0
0
0
0
3
0
0
10
0
0
0
105873075
584426765
0
3
0
0
0
523827527
2738407005
0
66
0
0
0
28
0
28
0
2401210344
2301709470
0
5125528083
417186054
0
0
0
0
21
0
863637559
0
0
0
0
0
0
0
0
0
714627914
0
0
0
33362196
0
0
0
6
691826982
0
0
0
5579429385
0
0
21
0
0
6378568812
0
0
0
0
0
0
0
0
0
0
0
0
0
55
10
0
0
639764332
0
0
0
21
0
0
66
0
37493470
4710661480
0
0
0
0
6922702545
0
0
18334540
0
0
234566970
0
0
0
3225289760
6
0
10
1
778289328
0
1
1319772373
0
0
0
10
0
0
0
0
0
15817500
0
0
0
2450805060
0
0
0
0
66
6413743866
1553000018
0
0
0
0
0
0
0
21
0
10
0
0
4304760023
10
5316196875
5864607406
0
0
3884990863
21
0
0
0
0
28
0
0
531559300
6
0
0
0
0
0
0
45
0
21
0
0
36
0
0
0
10
374161680
0
172468877
0
0
0
15896341
0
1861872725
0
0
0
0
0
0
261735760
150988750
13114881
0
0
1412859875
28
2201725240
0
0
0
223333545
0
0
0
21
612342500
5207764530
0
0
0
0
0
0
0
0
192992478
0
4927514562
1
0
0
0
0
0
0
6547398462
0
0
0
0
0
0
4046985516
0
0
395859452
0
6
581081094
0
0
0
4765271434
0
0
0
0
0
0
0
0
0
0
469144395
0
0
0
0
0
0
0
6418841511
0
0
0
0
395240669
0
0
1
0
28
0
0
45
5840264860
0
0
400798827
0
28
133473290
0
620100915
6
0
0
0
0
151075652
0
21
1619345580
1436453197
0
670017920
3762651081
0
0
0
0
0
0
0
1385669043
0
0
15
0
0
21
0
0
0
28
0
47536124
303651046
2100783784
21
0
66
0
0
605328594
0
0
0
0
0
0
0
0
0
66
0
0
0
66
0
0
1542151410
0
36
1
4426800
0
0
3465028
0
0
0
0
0
0
0
1671836385
0
0
0
0
0
0
1405427632
0
28
0
0
0
0
0
6
0
0
0
36
0
10
28
0
4186445201
0
0
0
0
0
0
0
881559052
0
911410144
1219141
37234135
0
897375420
0
0
0
0
0
1
0
0
0
358008660
0
0
0
2316524201
0
0
0
0
0
2156175940
0
0
0
0
0
0
0
2068884939
0
0
28
0
3
0
36
0
0
0
3
0
0
21
18945090
0
0
0
0
0
0
45
0
2809013545
0
11240910
0
0
0
0
10
0
66
0
36
5968382074
0
0
0
1
0
5695379583
0
0
36103753
0
66
0
3496779357
0
45
0
0
0
0
0
5962374534
0
0
0
4558453875
1750100675
1688705642
0
0
15
0
0
923661687
0
0
0
0
0
0
0
0
0
5433770562
0
6486206290
0
0
0
0
0
0
0
0
383215760
5544834712
1
45
45
3635529075
310117059
21
0
0
2136062805
0
0
0
0
0
0
0
0
6
450375077
244945905
3
1
8778
0
0
28
74743650
45
0
0
400600664
0
0
0
0
1
0
15
0
0
0
0
0
0
0
0
0
0
0
0
3103419900
0
984281875
0
21
0
0
0
0
1
0
0
55
0
1361193548
0
0
1358794512
0
0
958234732
0
6616698111
0
0
0
0
1434631367
0
0
21
0
0
0
0
0
0
1906809099
5704455033
675115879
0
367842116
316701528
0
1
5527157164
6109269408
0
11037951
0
0
0
0
66
0
0
0
45
0
3
0
0
0
0
0
0
0
0
208314666
0
54993828
0
0
0
6846898644
0
0
36
0
0
0
0
21
0
0
0
1
0
0
0
0
0
36
0
1996646007
0
3
0
0
1014818823
1950657024
360125693
563892132
0
0
0
0
0
0
45
0
0
28
0
0
0
0
0
149221447
21
2132404144
0
10646805
3
0
0
0
21
0
0
0
3
0
0
499295779
0
45
0
0
36
0
0
15
0
0
0
4837885729
36
0
0
0
0
0
0
5327855085
0
0
0
4306059180
0
0
0
17829406
6258623095
0
3173375566
45
0
3019538606
55
48348860
0
0
4463754834
0
0
295296
0
45
1
0
0
3656963471
0
0
10
45
0
45
0
0
1350102638
145530329
0
0
0
0
0
0
0
21
21
0
0
0
0
0
5946987204
28
0
0
0
0
0
6
0
3
0
0
36
0
5822337939
0
0
66
0
0
5783124765
0
0
1454087625
0
21
28
0
0
0
0
0
0
0
1
0
0
1
0
6
0
0
0
0
0
0
2301845139
0
0
684777507
1362654895
0
0
0
0
0
839454815
0
0
6
0
0
10
288444161
0
0
6
36
1063042989
0
10
0
36
0
36
114133386
122234430
6
0
742569452
0
45
4724648983
45
21
0
0
0
0
0
0
0
0
0
0
0
0
0
0
0
0
0
0
0
1
0
0
28
0
28
0
10545528
0
0
0
15
0
0
943799160
0
0
66
2098176
0
472704377
0
10
0
0
0
0
0
0
36
21
0
0
3101371867
0
682558877
0
0
1
21
0
0
0
0
36
1458945147
0
0
0
0
0
1104993527
3
0
0
0
0
51933335
0
0
0
0
0
0
846722970
0
21
0
0
413094381
0
0
0
350767341
1463594353
0
0
0
0
0
0
0
0
0
409881381
0
0
0
0
0
0
516120235
0
0
0
0
2226012720
0
0
0
0
1763496938
3
0
0
930120009
0
0
0
0
0
0
0
0
0
3988093350
0
0
3
10
0
0
701719452
0
0
4462578
0
932105070
0
6
0
1002825705
0
0
0
0
0
0
0
0
0
0
0
0
1751698427
0
0
0
0
0
0
96278626
0
834953659
0
0
0
3829568876
0
178860241
0
0
2456409180
0
0
0
0
1
0
0
0
0
0
60659605
0
0
0
21
0
158482306
21
0
0
0
0
3
1443160944
0
0
0
0
0
0
0
0
0
0
0
0
0
0
28
0
0
0
0
0
0
1
0
968814168
1274039453
0
635550377
0
1781119764
36
395128215
4188092460
65213910
0
3115406535
0
0
0
21
28
0
337571126
0
0
10
0
0
0
0
0
0
0
1584366483
0
0
0
0
10
0
0
0
0
0
4529949281
0
0
0
0
0
5285410639
0
0
0
0
0
0
5676184833
0
0
0
6
0
39015360
0
0
15
10
66
0
55
6
0
0
0
0
0
0
0
0
0
0
158179791
228199565
16488153
1806936642
198293654
0
0
4929400941
0
0
10
5981171823
0
1749385
0
0
2135997470
0
0
0
45
5064758299
4094091
0
0
0
0
187685624
3
3
0
66
3414478193
0
1942358592
0
711644400
15
0
0
0
0
0
0
0
0
0
0
0
0
0
2593548195
0
0
0
6
0
0
0
0
3161754950
0
0
0
0
0
0
0
0
93906659
66
0
0
0
0
0
45
0
0
0
0
0
0
1866024589
0
0
0
0
0
0
0
0
0
21
10
0
0
0
683704710
0
0
82863498
0
0
0
0
2732267967
0
0
0
412031571
0
0
0
0
21
0
5364450
0
0
0
3
0
10
0
0
66
0
0
0
0
0
0
0
0
3518807959
1483626625
66
0
0
0
1
66
0
0
0
0
1472914947
0
0
0
6
0
0
400770501
0
0
2959689425
0
0
0
0
0
15
0
0
0
0
1
3
1
0
0
0
0
77868960
0
0
4748884630
0
0
0
0
0
6109269387
0
0
0
0
0
66
5171190687
0
2325995109
0
0
0
0
0
0
0
3748784156
0
0
0
0
0
3
0
0
0
45
0
4323616490
0
1
0
0
0
0
0
0
21
0
0
0
2675132049
0
4158765545
0
498442930
36
6
0
2677985510
0
0
0
0
0
1438276140
346528
0
0
36
0
394566185
66
0
1774739247
0
1
66
0
0
45
0
0
0
0
0
2764370162
0
0
0
0
0
0
10
0
0
21
0
0
0
0
0
0
0
0
1398755383
0
28
0
0
0
21
0
0
0
1683595372
0
0
0
1040797472
0
0
0
0
0
0
0
0
0
3447862275
631030560
10
3
0
0
3
0
0
3532495421
0
0
10
0
0
0
0
0
6791659823
3
0
1227626022
1492628200
0
30878011
6
66
0
55
0
0
0
185040703
0
583299089
0
0
0
818560
0
0
517020225
0
0
0
0
2973708612
0
0
0
0
0
10
1
0
0
0
0
0
0
0
0
0
66
1606509571
0
6
834340822
0
0
0
2304356292
0
0
0
18129231
0
0
0
0
0
0
1
0
0
0
0
0
0
43147404
0
0
0
0
45
0
2449125068
0
36
5618476965
2614187272
0
0
0
0
36
0
21
0
0
0
210873916
0
10
0
0
1826708340
36
0
67599378
0
986279488
0
0
0
0
0
0
0
0
0
4871190420
2027921449
0
0
9157060
0
0
3
0
0
168443835
2088292245
0
0
0
3
0
0
0
2106946119
0
0
6725042270
0
0
0
5359903371
1190549203
0
0
4723201
1572651
0
21
0
0
0
1737580719
0
0
0
0
0
0
0
0
0
1
0
28
0
36
0
598666500
0
1
0
3749303679
4417388966
3061335618
0
0
36
0
0
0
0
0
0
0
3176881895
0
2534613173
4310979064
66
0
0
0
0
0
7767710
4234254245
0
0
0
3733473656
516248777
0
0
0
0
0
0
3334136934
0
0
0
0
0
2095213005
0
0
2457040040
0
0
80169453
0
0
135342377
0
10
55
45
0
0
0
634944429
0
0
0
0
0
0
3
0
0
0
0
0
0
0
0
0
10
66
0
0
10
0
305971952
87523064
27680520
40621591
189102628
4270127436
0
1
0
0
0
0
45
21
0
0
3836310611
0
0
120644811
0
2199204354
0
0
0
5905073409
0
8006001
160410913
0
0
10
0
0
45
0
1596944349
0
45
36
0
0
0
0
0
2566245
6
905698059
0
0
6640762569
6070973079
0
0
0
1
0
0
0
0
0
0
949150644
0
0
0
66
66
1587576720
0
0
0
0
0
2544876117
1
36
45
0
0
0
0
3
5112070989
1974841245
1
0
0
0
0
0
0
36
0
0
0
1461593183
10888111
3
0
0
0
0
0
3233889243
45
0
21
0
0
0
21
0
0
0
0
0
3
287244486
0
0
0
0
21
0
11831680
0
504841179
3825019370
749677278
0
0
0
0
66
0
0
0
55
0
0
0
0
0
0
0
0
0
0
0
0
0
0
21
0
45
3120302493
568401185
0
0
116502479
0
0
0
11787940
0
0
0
3
0
10
1
2992246110
0
6309856908
0
6411592135
0
0
0
5719846380
0
3523927131
0
0
430432469
3
0
10
0
2021748630
1
0
0
0
0
0
0
742800695
6
21
0
21
0
45
0
15
1635090699
0
1
0
58077247
0
3
0
45
0
0
21
0
5077145230
0
0
0
0
10
0
3594714435
2085385035
706034252
0
21
3
28
0
66
0
0
1
0
36
0
0
0
0
0
45
0
1501382975
21
0
1
10
0
0
6771162940
0
0
3
135981
3
188908193
0
28
709608607
81415180
0
0
0
0
2174074734
0
36
282874995
0
0
45
0
391902005
0
0
0
10
0
10
0
0
0
0
0
0
1
0
0
0
0
1229410488
293800920
0
0
0
0
0
0
3
0
0
0
6
0
1094301138
0
66
0
0
0
0
0
0
0
0
4355011073
0
0
0
36
849523587
28
0
0
0
0
0
0
0
0
0
45
3771417815
3
0
0
3704323691
0
0
0
0
0
0
0
0
0
0
28
0
0
0
0
4499541761
1
0
10
0
55
929171376
0
0
0
0
1066596385
0
0
28
0
2978955068
0
0
0
0
10
0
1848897639
6
0
0
0
0
0
0
0
0
0
0
0
6528530733
0
0
2428731354
0
0
0
499485420
0
2015013867
0
1289583499
1
0
0
0
0
0
5551787206
0
66
0
2880746524
0
21
0
0
0
0
0
0
36
0
0
0
0
0
0
0
0
10
0
1956532729
0
4585802768
645536345
873891718
0
0
0
6
0
0
0
631066080
0
0
0
0
0
0
0
0
3113749119
10
150537275
0
0
0
1348492257
0
0
0
0
0
0
2461879329
0
10
0
0
0
0
0
3792813050
0
0
0
0
15
0
0
0
0
0
0
5523477915
0
10
10
0
1016260965
0
0
0
55
0
498127265
4072215336
0
0
15
0
0
0
0
0
0
3
6
0
0
45
0
0
55
0
0
0
0
0
0
0
0
379763010
0
1
0
0
0
0
0
0
15
0
10
7906276
0
0
1
0
2952769092
0
0
0
0
0
1
0
0
0
0
1
0
0
0
55
5340042795
0
36
0
0
0
69590503
0
0
0
0
6
0
28
0
0
867903
0
1
0
0
1
0
21
1264064337
0
10
0
0
0
36
6
0
28
0
0
0
0
0
188461405
1049071887
0
1803271464
0
45
0
45
0
0
0
10
299353746
0
17472916
0
758453857
6449924187
0
0
0
0
0
0
0
0
1237804887
0
0
0
0
0
0
1698658020
0
6
0
21
36
0
0
0
720613663
0
10
0
0
28
2828535281
0
45
0
0
0
0
225536941
0
3
0
0
10
36
0
0
3129156450
2694403926
162531435
0
1
21
5685138330
1583803615
0
0
0
0
0
73344215
0
36
0
0
0
10
0
935259610
0
21
366270645
0
0
0
28
0
0
0
0
0
3166607526
6514825812
0
0
3482994408
0
0
0
0
0
190368825
0
0
0
15
0
0
6
0
0
0
1
0
0
0
0
0
0
0
0
270641735
0
0
0
0
0
0
0
0
0
0
45
0
0
0
0
3746619756
1
4860733467
0
0
21
10
0
5252356233
2200862649
0
0
0
985258224
0
0
0
0
0
28
5557689690
0
0
0
0
0
0
0
0
0
55
0
0
0
36
0
1824653817
0
421268850
92011395
0
0
0
6139372579
2474455716
28
0
6
0
0
0
0
0
0
0
0
0
15
0
7986006
0
108921419
0
0
0
0
0
0
5606081283
0
0
0
0
0
0
0
0
0
0
0
0
161955000
0
0
36
0
134619436
0
0
0
0
0
10
0
20933685
0
2356102299
0
0
0
0
0
0
0
0
0
0
0
0
0
18681328
0
2765039420
0
6772675865
0
28
21
0
4349693030
250510536
0
0
0
0
0
28
0
0
0
0
0
0
4282201
0
0
0
0
303306125
672362782
0
252484156
10
66
0
0
0
0
0
0
0
0
2167090674
3041259017
0
6
0
0
1998984799
0
0
0
0
4500016091
0
0
0
0
0
0
193051425
0
0
0
0
0
0
0
28
0
45
0
0
4875731839
0
0
21
6704993646
0
0
0
21
0
0
3
0
21
0
0
0
0
0
0
0
2388821750
0
0
66
0
0
21
66
1768845953
0
0
0
0
36
0
0
0
407337150
0
0
963758653
771203898
10
1179449590
1
2529845118
3
2807289879
0
0
0
0
0
0
0
45
0
0
0
1805554250
0
0
0
0
0
0
28
0
0
0
0
10
0
0
0
0
0
0
0
0
2027284640
28
0
0
0
45
904166529
3
0
0
0
0
0
0
21
0
1
0
0
3
0
0
55
0
0
0
0
0
0
0
3
0
0
0
0
0
0
0
0
45
0
0
0
0
0
0
0
0
0
6
21
2188010470
0
0
6164441085
0
0
0
1329758232
0
3332993799
0
0
10
0
0
0
0
0
0
0
6240958458
0
0
0
0
0
1015900347
0
0
0
6214285341
0
0
0
0
533027574
0
0
1
0
0
28
0
2251238514
1
0
0
3187651907
0
0
0
1014908910
5282018326
45
138203625
16539876
0
0
1079474852
85471275
0
0
0
0
10
0
0
3
0
45
0
0
0
0
0
10
3028948992
36
0
0
3
0
1868163347
0
1
0
0
0
0
0
0
0
110640250
0
49625703
0
0
0
0
0
23293725
0
977637868
44090745
0
0
0
0
0
285975560
0
260068221
0
0
3438070493
6
0
0
0
0
0
15
0
127896020
0
0
36
0
0
45
5462790009
0
0
0
0
66
0
0
0
0
0
0
0
0
0
66
0
0
0
0
0
21
0
0
15
0
0
6375406695
0
0
0
0
0
27007574
0
2021176374
0
0
215706832
0
0
0
1188988224
21
0
0
0
0
4665248660
0
0
0
5668196562
0
0
15
0
0
0
0
0
4003558888
0
0
0
36
0
3855429721
5591372560
0
0
0
0
0
0
0
0
0
0
0
0
0
0
36
1871710330
0
0
3
0
0
46142420
0
36
0
0
0
0
0
0
0
6491446608
0
0
0
0
0
172933503
0
55
238853296
0
0
3
0
0
0
0
0
0
0
1
96862321
0
0
0
0
6
0
0
0
0
0
0
1
0
209684478
1
0
3408861120
1187720663
6225996621
0
1454465117
0
0
0
36
0
0
1618605850
0
0
0
0
21
0
0
0
0
614969982
13377378
696484502
2671622217
0
0
0
0
0
0
0
0
3769073208
0
0
0
0
0
0
1683943533
0
0
0
0
3226173256
4100239801
0
0
0
0
6
0
0
2144175345
0
0
4787360139
0
0
0
0
0
0
0
0
0
0
1160969363
0
0
0
0
558899440
36
0
0
3
487078865
0
0
0
796902982
0
0
0
0
0
293461651
72174104
10
45
0
0
0
0
0
0
0
0
1
21
3
0
0
0
0
0
2890810
0
0
0
1
0
0
1
36
0
0
45
479678848
0
0
3
0
0
1
0
0
1735753734
1564949457
0
96667560
95752041
0
10
0
0
0
996744255
0
0
0
758025513
0
0
0
3144522511
8555316
45
0
0
96029011
0
1126629231
3693314475
36
691641018
0
0
0
0
0
0
552166275
0
0
2560237897
0
0
0
0
45
3778368949
0
0
0
0
270432386
1
0
0
0
0
6
4791079180
0
3052890694
66
0
0
1428584872
1253627625
0
0
0
0
0
0
0
235976944
0
0
0
5469778
0
147275700
1976789967
0
3
66
6
0
0
36
0
0
0
0
0
3
713305325
0
0
0
45
446571534
0
6
1785718435
0
45
0
0
10
0
0
0
58325399
105436981
1500068148
70965741
2961997992
0
0
0
1218476292
6394165110
8638246
0
622674404
0
1479924782
0
0
0
1
0
6
0
0
3098537245
0
0
55
0
1
0
0
55
3244191515
1
0
0
66
3804841751
0
3295461492
0
4535281125
0
0
0
21
0
0
0
0
0
10
0
0
10
0
0
0
0
0
0
0
55
512560152
164756627
4820687079
0
1837483125
0
0
0
0
1
4182328556
0
0
2795430
0
0
220468495
0
2800400531
0
77968828
0
0
0
0
36
0
1
0
0
45
0
666143249
0
0
0
0
0
0
0
90659845
1013963025
33706154
0
0
21
0
0
0
0
104394024
0
0
0
341662860
0
0
0
45
28
5398592050
1540707777
0
0
0
36
21
1
21
0
0
21
1
0
0
0
36
3226333935
4839361324
0
0
1
0
5700930744
0
5768829925
0
0
2661471340
1676639268
0
0
264166595
0
1
818202375
0
163850253
677690505
6349574340
36
3
0
0
657230639
0
36
0
0
0
617849127
0
0
0
0
10
36
2009684895
0
0
0
0
0
850513143
0
0
28
0
148945164
0
0
1
0
0
0
1
1
6577872896
188558487
10
0
0
3
0
267186276
0
0
0
0
1406116962
2642390546
6894256534
0
0
94112339
0
3
0
383250
0
294164637
0
55
10
66
0
6
0
0
0
0
0
36
6
0
0
1
0
0
1
0
0
0
0
0
0
3
0
0
0
0
0
1
0
0
41902435
0
28
36
0
6
0
0
0
0
0
0
234935326
0
0
0
0
0
0
0
0
0
0
6
0
320361328
0
0
0
0
0
5191550208
6211049
0
0
3785587557
116365140
0
10
0
5303212512
0
4545382164
15
0
0
5086420185
21
0
0
10
0
1824714245
0
0
0
0
0
0
0
3
45
5108128305
0
0
28
292565945
0
75454469
0
0
0
10
0
3
679495677
10
0
0
21
0
121391571
0
0
0
0
0
0
0
0
0
0
0
0
3
0
10697625
2926851785
0
3529974231
7305752
36
0
1
0
21
0
6
36
1
3
0
0
66
0
0
81147430
0
0
3310660496
0
171912152
0
0
0
925295650
0
0
0
0
0
0
1
36
0
0
0
45
0
0
45
0
1800450000
0
1257887375
0
0
0
0
45
0
1979054235
0
0
0
0
1
13999986
0
1
0
3063918330
0
233420421
0
358195992
5365806555
6
3
0
0
0
0
0
0
0
0
0
36
0
10
3082655930
0
46296252
55
1551272847
0
0
5902682812
0
0
0
1
0
0
10
0
10
0
0
0
56556930
484896510
0
0
3
0
3717677061
4516633425
0
981887452
2152959384
0
3
2777993981
28
0
0
0
6
1833242070
0
2842089893
0
0
0
0
1962479915
21
0
10
10
0
0
583401558
701045289
0
1013017560
4148557361
87761375
0
0
600605790
0
1884887873
0
0
0
0
5408883991
0
10
0
144389521
0
0
0
0
0
0
0
0
94813334
0
1
10
0
28
0
0
0
0
6440954706
265386231
159052530
0
0
0
0
1520347625
0
0
0
0
0
0
0
0
0
3
106310071
0
0
45
0
0
0
66
66
1612353263
0
0
0
0
0
0
588124955
6533445160
1875138152
0
297789810
1206215258
0
0
0
0
11997650
0
0
124054875
0
0
0
3269614535
15
3743071458
0
0
0
10
0
0
0
1527579895
0
0
0
21
36
0
0
66
0
0
0
0
1092898125
0
10
569176909
66
0
4500964860
328461255
0
0
0
10
55
0
0
0
0
0
0
0
0
0
0
0
0
0
5068482858
0
0
0
0
0
0
0
0
0
0
491301521
0
0
0
0
0
0
0
0
569278132
0
0
0
0
6
0
0
0
0
0
0
0
3933357150
0
0
0
0
0
0
66
0
10
15
0
66
0
0
2280859534
0
0
0
0
0
0
0
0
45
0
0
4701711
0
10
0
0
0
4219818723
0
0
0
0
0
0
0
0
0
45
3
0
0
0
6074830380
0
0
0
0
606756009
0
0
0
0
0
0
0
0
0
0
0
0
0
0
1
0
0
0
0
0
0
0
601437902
0
646147323
0
0
0
0
66
0
0
0
1141249197
36
0
1
10
0
0
0
55
0
0
10
0
0
0
0
1
0
0
36
0
36
95130321
0
0
3
0
0
21
0
0
0
1294209098
0
0
0
10
0
0
0
0
3
0
0
936211341
6
0
0
6
458302949
55
4379965194
0
92052095
0
0
0
0
0
53235721
0
0
0
0
83598914
1
3
0
3
0
3
0
0
0
55
0
3358106118
95710529
3171463858
6
3491930655
0
0
532178999
0
0
0
3
0
0
0
0
0
0
50435946
0
36
0
0
6
0
21
0
28
0
1142061525
690637174
1580428521
0
0
0
0
3
6
0
0
1356970532
0
6
0
0
13460266
0
3
0
0
10
0
0
0
21
1
0
1372120299
597974643
0
0
0
10
0
487734507
0
0
0
2697194171
0
0
0
6396653233
0
2713597605
0
15587735
0
0
21
0
0
0
0
0
0
0
808763850
0
0
0
0
0
1
0
0
0
0
558799164
0
0
1
0
0
9934653
1315460275
0
6
6907296814
0
0
0
0
0
0
0
0
3
0
6463333315
0
0
0
45
3459580961
120008768
66
0
0
0
5859518340
0
21
66
0
0
0
3
0
0
0
1
0
0
36
0
0
0
36
4417389000
0
0
0
0
0
0
1103536682
0
0
6518593224
0
0
0
0
0
0
66
45
0
0
0
3813046092
0
0
0
0
0
0
6330768960
0
560070245
0
0
0
890947575
5220835954
0
3
0
0
0
0
66
0
0
0
1732750140
0
10
0
10
3425891655
0
0
0
1
0
0
0
28
0
6901186320
0
0
0
68837511
0
1
21
0
351801065
99877905
0
0
45
0
0
0
0
0
3
630178236
0
0
0
4450725323
0
0
6
0
0
0
2118256380
1
10
0
0
0
4994851290
0
0
0
0
0
0
0
0
0
66
2977874515
0
1
0
394622370
66
0
0
0
0
1924325697
55
0
2353365
0
84480501
10
0
0
0
0
10
0
0
0
0
55
36
0
0
0
4495501
0
0
0
0
36
0
1
3
0
2466653197
3
0
0
0
0
0
15
0
0
0
0
0
0
15
0
2687721
0
0
0
0
3
0
0
0
0
99496671
0
0
0
0
0
0
0
0
3233165481
21343310
589634969
0
0
0
0
3300009410
0
0
0
0
0
30509765
0
0
0
0
0
0
3
0
0
0
3
0
0
0
0
0
0
0
0
0
0
0
0
0
0
0
5308054050
1078406433
0
0
0
0
0
0
0
0
0
0
0
0
10
0
0
15
0
0
0
689151374
0
0
3
189764418
0
0
0
0
1905944649
28
0
0
0
0
0
0
0
4158036007
0
0
6650446719
0
0
0
0
21
0
4972089024
0
745578419
0
0
21
0
0
0
0
0
15
975207363
0
0
0
0
0
0
0
679790625
0
0
21
0
6
0
0
0
0
0
0
6410459790
1
0
0
0
21
3
0
0
0
0
0
0
21
0
0
4387924339
0
0
0
0
0
1929167664
5771085850
0
0
0
0
3
0
0
0
0
2183448367
10
4224045686
0
1
0
0
595686
0
0
2366204007
36
0
0
0
0
0
0
54763345
55
0
0
0
29180980
0
367570931
0
0
0
0
0
0
6
0
0
0
15
6349266
0
0
0
0
0
1639439685
0
0
0
0
0
0
0
0
3872043955
3
0
0
36
0
0
0
0
0
177105610
456276735
0
45
0
0
0
0
10
0
0
4374631898
0
0
0
1989763950
0
0
0
3216300661
55
0
45
45
0
15
0
45
3
0
0
3718625670
0
0
0
45
0
0
0
0
45
0
0
5663406312
0
0
0
2716618869
36
6
0
0
0
0
3
0
0
0
0
819416397
0
0
0
55994653
1692950760
0
1
0
111012449
0
0
0
0
0
0
0
0
27331920
5758200889
0
0
0
2400240245
0
0
0
1627379747
0
28
0
10
0
6306824139
0
0
175453275
0
2918976611
0
0
6
6910588200
0
0
13752389
0
0
0
0
0
6
0
229997628
1367984943
0
127304945
0
9788100
6
133751180
0
364621507
880215882
0
3
0
0
3726995606
0
0
0
0
0
2421558022
66
3
3600906771
0
3
4830412839
0
319855277
0
3297247811
0
0
0
0
0
4895699640
0
135210789
0
573910239
49675527
45
0
5514127554
792955573
0
0
45
0
0
0
55
0
92541209
0
1002109295
6462537461
0
0
36
0
0
0
0
0
0
0
0
0
4407431307
6
0
0
21
0
10
4332827450
0
0
0
0
0
0
0
0
0
0
6014247909
0
0
3
6
0
0
0
240341850
0
0
17084935
10
0
0
0
0
0
1072794345
0
0
0
66
0
10
0
0
0
0
0
10
0
0
0
0
0
1852426272
0
0
3492097796
0
0
0
0
0
0
0
0
1619743983
1354054774
0
0
1871955072
0
0
0
0
0
1
0
0
0
0
15
0
0
829323898
0
0
0
0
0
0
0
0
0
0
0
0
0
0
1120940223
0
0
0
0
0
0
0
0
0
0
99186570
0
0
6
140715
1208524863
126508371
0
47809530
0
0
10
2596141625
0
21
0
0
3249913121
0
0
0
0
0
0
0
0
4254247106
0
6078578604
10
0
0
256205556
0
0
0
1229261708
751226938
0
0
45
0
21
0
6306374905
0
0
0
0
0
0
21
15
1633204122
0
0
0
1660753
0
0
0
45
0
2068370367
0
0
0
0
4460354004
0
1486896750
0
0
0
0
0
0
0
0
1450799908
28
640623094
0
6
5218690321
0
0
972074275
36
563824969
0
0
0
8780144
0
3181825842
21
0
10
0
0
0
0
0
0
0
0
0
3
29425956
163578825
6865048834
0
0
0
0
0
0
0
0
0
0
6297505812
1549435275
0
664465264
0
0
0
2019396540
0
0
2920122821
0
0
0
0
0
2801672904
0
0
0
0
0
15
0
0
0
0
0
0
5617204983
0
0
1
0
66
0
0
0
0
0
107142840
6
136727915
0
0
0
899811
45
28
691641027
0
0
175696882
1407071670
0
0
0
0
866632525
0
0
3
0
0
0
0
710701530
28
1147564263
0
0
0
0
2600971722
0
0
0
0
190134749
0
0
6333469812
3
754952650
0
0
0
0
0
113921965
0
0
0
0
1324451775
0
443498652
66
6
0
0
0
0
0
0
0
0
0
0
925123584
0
0
0
0
36
1045456398
0
0
0
0
36
45
21
6
1471504110
0
0
0
0
0
0
0
0
0
6
0
0
66
0
0
3289781045
0
0
0
21
1
6
0
2378671815
0
0
4621690125
132559903
297033751
0
0
0
562952214
0
0
0
0
162729820
0
21
66
0
0
0
39139128
512976464
0
0
0
2188407375
1734634444
0
0
0
0
0
36
0
0
0
0
0
1233877323
0
0
17722081
0
3642524618
0
0
3
0
0
96237001
45
0
0
0
0
0
0
0
0
0
3437075495
0
0
10
0
0
0
0
362787506
0
0
46286631
21
0
0
0
0
0
3804318333
0
0
0
0
0
1310387218
0
0
0
0
0
0
0
0
0
0
0
28
0
3
0
0
0
0
2724954540
0
0
0
0
669651905
0
0
0
2335690372
6
1
0
0
5149957750
4630250741
10
131390155
0
0
5369018434
0
0
0
2254393368
0
0
0
0
0
0
0
0
21
2240515234
3
36
5446650
3599379390
263730051
0
0
3
0
0
0
0
0
1
0
0
0
135260128
0
28
0
3333157118
969650700
1042714590
0
0
2343556947
0
0
0
1352233982
0
6
0
0
4567753
1
0
4427734301
45
0
0
10
0
0
6345743451
0
0
0
0
0
0
700184330
0
0
0
0
0
3
0
0
0
0
0
0
0
0
0
2326608999
0
0
0
0
10
0
0
0
0
5409300033
6
0
0
3
228862315
0
0
2383019160
0
10
0
36
0
3918293505
1341853107
0
4573648206
0
0
0
0
0
0
0
0
3
648017997
0
0
385045124
1005514569
21
6
0
759271986
0
0
8357916
6
0
0
0
0
36
1030057945
0
0
0
0
0
0
6
0
0
0
0
0
0
0
0
0
474612624
0
0
0
0
0
0
0
0
0
5360421066
0
0
0
83585984
0
0
0
0
0
0
0
6
0
2047903965
0
0
0
0
0
0
1444020649
0
5616357054
238416366
0
3081556755
37753704
10
0
0
0
3934155441
1308493743
0
0
0
0
0
0
0
0
3184139656
0
884458696
45
28271440
0
0
0
21
0
0
0
0
0
6
28
0
1
0
28
0
0
4297989200
0
66
1283851100
0
1073072286
0
0
45
66
1
0
0
0
66
66
0
0
3675116475
6
0
0
0
0
0
0
10
36
0
3419520915
0
0
0
0
0
0
0
0
1
55
0
2748925868
10
0
0
312737545
0
0
4005527715
0
0
45
1583297122
0
3
1274291871
0
0
0
0
0
0
0
5441070358
0
0
0
0
0
0
0
0
45
45
0
0
0
0
0
5435960001
0
1
4218349005
1323525497
0
