0
15
0
3616705
14375851
212870661
0
6
0
0
0
0
0
0
0
0
0
2416435315
0
0
0
45367575
2496495
0
0
0
0
0
0
0
0
731144532
0
146213550
0
1161403110
0
0
0
854973276
0
0
0
0
15
0
0
375474300
0
0
0
2846657807
250124889
0
0
559367628
6053460
0
0
695850165
0
0
0
0
0
0
0
0
258011380
12920986
0
441706598
0
28
0
0
3
0
0
426515163
0
0
0
0
0
0
0
0
0
329744040
3569208162
0
0
13621590
0
0
0
0
0
36
0
64558131
0
0
0
504205890
0
3788204
6
0
15
162725289
0
0
0
0
718944240
0
0
326388475
50240948
0
0
0
440970753
220006776
0
0
0
975472365
3061189310
0
0
0
1180203408
0
0
0
0
0
552498661
0
715270753
0
0
2887842023
0
0
0
36
0
78118750
0
0
2019045
0
0
0
0
0
3
0
0
0
0
0
0
3056312013
0
0
6
375530715
0
0
98329276
21
935259625
0
0
0
0
0
36
0
0
0
140454742
32873886
28
0
2522942097
0
0
0
49965006
0
1228022461
28406953
0
0
1076503200
0
36
0
3050901870
0
0
0
0
0
0
0
0
0
18009001
0
675262875
0
0
75447765
0
28
0
0
507297159
0
0
476771760
0
0
0
0
0
0
28
0
0
0
0
0
149688253
0
3
3
2061465
18720652
0
0
0
0
0
0
0
0
473827990
0
0
0
0
6
0
111978881
0
218582686
0
0
1156059570
0
0
0
437460744
959805
295767681
0
10
6
0
0
628683191
0
14756028
0
0
663335676
0
0
12746188
0
2328118622
0
0
0
86916621
0
0
0
23082615
286190850
3
3015372647
469481403
0
0
0
0
0
0
1993006
36
0
0
867590340
0
0
0
826312878
0
0
641303391
0
6
0
10
0
468032138
2373135488
0
0
0
10454693
53143763
0
0
0
0
0
0
3
56578203
0
0
0
1854250141
0
0
0
0
2738970
0
0
0
97657300
0
0
0
0
0
0
2822454069
0
10
0
0
0
0
2778801704
0
789494716
290923381
829937142
0
0
0
0
0
0
0
0
451819704
0
43187374
0
14739735
0
0
0
0
6
414244936
1893265142
866772215
0
774663841
0
0
0
0
0
13367035
0
0
575843016
0
0
0
70894278
0
0
0
570551636
21
0
0
0
0
0
550705078
0
0
0
817433961
0
0
0
306241782
99031701
0
0
0
0
0
0
293922135
1
0
0
0
0
0
0
0
0
0
807718528
0
0
876276316
0
0
0
0
0
0
28
0
0
0
0
0
0
0
0
1323860559
97685253
0
6
0
77744215
0
1929630
0
0
0
0
0
0
0
59554905
0
0
102328965
0
1
0
0
0
0
18914325
0
0
0
0
0
3394903740
280667278
0
36
0
366081211
382057239
0
0
0
36
505286155
0
15
28
777991366
0
0
1225001253
0
267718230
0
0
0
329410278
94911102
0
0
0
239662671
0
0
36
0
797142556
0
0
0
0
0
0
0
0
0
15
438537354
2971102832
0
0
0
10
0
0
0
3
10
24812490
0
654369576
1052030062
240419707
0
0
0
10
0
0
0
0
0
1
0
222488965
0
163814050
0
0
0
0
0
846558378
0
0
27851916
0
3
0
0
0
0
0
28
602582970
0
105974961
0
15
0
0
0
0
0
0
0
71672850
0
0
357152901
11509785
2449916837
168333726
0
866840703
0
0
0
0
10529610
0
0
55941753
938636588
0
0
200430231
36
1496775383
0
0
0
2338933429
0
0
0
0
0
7587460
0
0
0
0
0
2604903
3
0
0
45129750
0
146367165
0
0
0
0
318995911
1304680085
10
0
0
0
0
0
0
64997101
0
0
1039546610
0
36
0
0
28
1633528
982596615
0
0
414610824
0
0
0
0
0
0
0
0
0
0
0
0
0
0
0
0
0
0
0
0
0
0
0
0
0
398982763
0
0
28
0
0
0
528921550
1756083006
1731161222
0
0
0
3
40396566
0
0
0
0
0
0
15
0
10
1381774705
0
0
1354908054
522693144
0
0
990458778
709834681
0
0
448129925
0
0
3
0
109705078
0
1320169812
0
74462706
28
0
0
0
127400703
343993335
0
451334232
0
0
0
0
0
335005122
65717380
774112878
0
0
0
144398157
0
0
0
548815015
0
0
0
0
3
0
0
1
0
0
0
0
370777296
0
3
0
28
0
0
53582440
0
0
175659396
565236253
0
1135666311
0
0
28
0
0
0
0
0
296497776
175771875
0
0
0
0
0
29443482
0
0
0
2894789236
1195727253
0
0
0
190300867
0
863794385
305684712
0
198413160
764388639
0
1026531205
3680252186
0
0
0
0
0
388884216
11364528
0
0
10
779433903
0
0
0
186273951
100969155
0
2390391
262335159
0
177519903
0
0
0
0
0
0
0
0
0
34915546
390514814
535843142
0
0
0
0
281402226
0
1164003080
449563092
0
0
0
264626515
0
0
0
0
0
72715770
0
0
0
0
0
640778645
0
0
0
0
0
0
0
0
0
3
0
0
0
0
16065946
145615645
347185833
0
0
0
1
91398483
853471
3224530
0
0
0
0
500131616
0
3219122880
0
0
0
0
0
0
0
0
441620664
0
0
0
788898781
10
0
0
0
0
0
0
137290735
5410405
0
0
0
0
0
74487115
0
64088181
2953634627
2268356438
0
1225437549
0
0
0
0
0
2302236232
0
84584521
0
201512850
0
0
0
0
0
812226360
28
0
0
278631
0
0
0
1223035671
0
0
0
0
0
0
0
3
0
0
0
0
129292888
3
0
421007653
201171711
0
39547171
0
0
0
0
1075389876
1083148696
0
18485331
6
0
0
140390146
36
0
641733225
0
653573935
0
320741128
0
0
0
429099083
0
0
0
394369570
0
0
0
0
0
0
0
0
28
3243583865
0
180300555
0
0
0
0
0
450435105
10
487953180
0
0
0
574384830
0
0
978655161
0
0
771015729
0
0
0
1649593837
3
723121435
7140
10153
837202740
0
0
83353416
0
0
0
28
45042309
0
0
51459226
28
576345723
0
581257508
996253203
541715070
1076245539
876988140
31872963
0
10
0
199830036
15
28354215
0
0
0
0
0
0
0
1
0
923360851
0
0
195037940
1020232206
108155278
770222376
1056689406
0
2065783764
0
0
0
5436753
963564680
1018696953
0
0
0
0
0
0
627412176
0
126253
0
700755001
2759691839
448878
246053836
225260925
37597456
0
0
347754378
0
0
68778856
0
0
0
424555230
0
6
0
0
0
5615344
0
0
0
0
6
0
0
0
0
0
0
0
1946034505
36
0
86195805
1029740271
0
226153278
0
0
0
10
628758991
0
0
10
0
0
0
3503369164
3155188337
0
0
0
0
0
319713
590356341
504358935
0
0
0
0
0
228755355
0
0
0
0
0
747858475
361201931
277140
0
0
0
2205225
0
647982000
0
0
0
134728125
134225920
2852455024
475179762
317230266
0
0
44269345
0
0
0
0
0
0
0
0
253943387
36
0
95222470
0
0
40937676
0
0
0
36
813854259
0
0
0
0
28
0
28
0
36
459593394
0
0
356071082
0
6
0
2911416841
0
0
0
0
0
0
1
0
377324409
0
193169340
0
0
339067894
36
96334140
0
0
0
0
0
0
0
0
7181780
0
1122751
657448191
0
0
0
15
199290630
0
262436892
0
1813237804
10
0
3
178708965
31367160
0
0
28
0
1
0
0
36
589138505
0
0
0
0
706786003
62636028
0
0
0
36
0
0
0
0
0
1828219149
1
0
0
0
0
350105491
0
1095239217
0
0
6
737568028
0
0
0
0
0
0
0
0
0
0
0
0
0
2468971521
0
0
0
0
0
0
0
18822180
0
0
0
0
124086381
10
0
0
0
0
203061628
0
0
0
0
0
0
0
0
0
0
0
232707951
28
12345230
8952796
0
0
51030253
0
705470703
0
0
0
3
0
0
28
0
0
0
0
0
3
0
28
0
0
0
421874364
0
0
0
28
132397128
0
137638936
0
0
0
0
0
350079030
0
0
0
0
0
0
0
0
0
15760290
0
0
787032975
0
0
0
0
0
0
73314066
1
0
0
165920436
0
0
1897069447
0
0
0
337831021
0
188307552
10
0
0
0
0
0
0
3
63765416
0
0
0
0
0
0
0
0
0
0
1214314158
0
0
0
0
0
2720159361
0
343835976
0
0
0
0
1737860660
0
0
0
0
31560352
693147681
0
28
6
28
688260651
6
0
6
0
2739430626
9493903
986022690
42906216
1961907812
0
0
0
0
0
0
0
1250546557
526939416
0
0
1289212527
0
0
0
0
2144412942
893855619
0
0
0
0
0
0
0
0
0
146554947
0
0
6
0
0
5357198
0
0
0
790130628
638672090
0
0
0
0
0
99116160
0
0
0
0
0
552465420
0
0
0
0
0
0
1009329985
299153371
0
0
0
0
0
0
0
0
0
0
274705080
0
2762782
0
0
0
0
0
0
0
446817768
0
0
0
15
0
0
0
201191770
36
1865797082
152102961
0
6
0
0
0
0
583572366
0
0
0
210473696
0
124251
256492257
571906290
6
3554704
0
0
0
0
1924196620
0
0
0
93444980
488453140
300848185
0
0
0
1463632218
0
0
15
0
25109241
0
0
273510966
0
0
0
2747523832
0
425867520
254782109
142796550
25183359
2178424745
6
0
0
6
3598536074
0
6
0
0
0
731932930
304292115
6
0
0
0
0
0
416175675
0
0
0
0
0
3
3211845
0
0
0
1418051568
28
0
0
0
0
0
8738290
0
0
503149430
0
0
0
528419541
10
0
0
0
28
10
551966925
0
3095440984
732124245
0
0
0
0
102137778
0
0
3
0
0
1161258528
0
0
0
0
0
28
1075668153
0
0
0
0
6
0
36
10
0
37849350
0
3
0
0
0
0
0
0
0
3
0
0
0
0
0
0
518307306
0
0
15
0
0
0
0
0
3603270
529135883
0
0
1206313521
0
0
1
8223174
28
1499046
1
263181270
0
0
36
6
0
0
0
0
0
147533253
1488894429
0
0
0
101338966
0
2725856643
0
0
170974644
0
0
0
0
0
1592220
0
28
0
0
0
0
36
108125865
2446586711
0
0
0
0
521241328
0
0
0
1511093082
104788238
103508721
721901459
0
0
163560741
10
190431008
0
0
166726329
0
36
12066328
260272128
0
0
0
207699271
0
0
0
0
0
0
0
0
0
0
0
0
28
0
0
19893620
0
0
0
0
0
0
449895345
6
0
0
0
0
713390164
0
0
3
0
0
0
0
39618351
839577753
0
0
0
0
0
1
0
0
0
0
0
36
0
1231406
6
0
260862126
968355
0
0
0
0
2555318422
3230993312
461644042
6828360
0
3
0
190095751
0
0
1096964
0
0
0
1373304442
0
0
3
3
0
3426517150
82077020
0
40874361
0
217914126
1010113833
0
0
6
0
0
0
271363456
0
3002040
0
0
0
0
0
0
0
1124019991
0
0
0
15
28
899452491
97810825
0
0
0
523382987
0
6
0
15
0
0
0
0
12668615
0
0
0
1
21
0
0
0
413580703
331055046
0
83312614
243950916
39446425
3738833280
1777844391
0
0
0
15
994825315
0
0
0
0
2670099585
0
0
0
0
0
0
0
0
3
435641403
325954278
0
0
6
0
0
0
0
0
0
0
28
0
0
1
0
0
0
0
36172709
28
259258811
0
0
1055427
0
0
0
2820582002
0
27189207
0
6
939546226
0
0
1571675880
0
0
0
0
4403070
266170128
28
0
563455665
0
0
0
5339600
0
2317890692
0
0
0
0
0
0
0
0
0
0
0
0
0
0
0
0
3
2039913758
3538834328
0
547434634
0
28
0
0
0
0
10
0
0
0
0
0
127089055
0
17368107
0
0
15
0
15
0
0
0
0
0
0
15
100926518
0
0
299280345
0
0
0
0
0
0
560270370
0
0
0
406994715
0
244791001
0
0
0
0
938592801
0
0
638655930
0
741046251
0
0
0
0
0
3
0
0
0
0
0
0
0
1091542726
300779574
0
0
0
0
0
168737635
0
41856675
565202631
15
15755691
132244035
0
0
400487451
0
0
0
0
0
28
238234499
0
0
0
0
517148880
0
0
0
0
23940284
0
0
11198278
0
36
1
0
0
0
0
0
0
0
28
3
0
0
110446953
0
399423232
0
28
0
0
0
6
0
12313203
10
0
0
0
1796758975
290682216
0
0
28
0
6
1949847673
0
0
0
0
0
0
298351378
187879420
0
0
0
10
13899628
319428
0
0
0
0
36
514354701
0
0
284357375
0
0
0
1322256804
0
3430582647
1572651
3
0
28
0
2776273257
0
0
0
0
0
0
3
239483780
0
0
0
0
0
0
0
0
3265103025
384055464
0
0
0
0
0
36
44534696
0
0
2055553947
190042050
28
10
0
10
0
0
0
0
0
0
0
1285014061
0
0
237705
0
0
10449387
0
2080058802
0
0
0
0
0
0
143375610
10
0
15
0
0
0
1398838870
0
0
0
0
1496370681
0
308187942
0
0
0
0
3
0
1079056740
389853165
970003035
42924745
0
0
326107491
0
0
36
416057064
0
0
10
0
0
0
666538275
0
0
26838670
173691333
0
0
0
16037616
0
6
0
0
19372200
0
0
2247395348
0
0
1854982584
0
0
903205568
0
0
0
0
0
0
0
0
0
0
0
200895681
15
6048648
0
1108192581
0
10
0
3
3031953
491658857
0
1
3
0
0
0
0
0
6
6
0
15
21
0
0
0
0
1023034761
0
6
0
0
28
0
118810510
3
0
0
0
38574936
0
0
0
15
0
0
0
340931328
3164368467
45228777
332520
0
0
0
0
41082580
0
0
0
0
0
0
10
0
0
2114646832
0
0
15
0
6
0
0
0
0
0
0
2210438572
0
0
0
0
7942105
1636355340
0
0
0
421094710
0
0
197021175
0
44012930
17390253
0
234718611
0
1917015
0
0
3
0
0
38980035
0
36
0
0
1684990076
6
0
10967586
0
0
109157700
0
0
0
0
0
0
0
0
904899027
659080971
2888406
832177206
0
0
0
0
0
134882100
3740730698
0
0
0
0
28
0
195891321
0
652598128
15
667165656
0
74906641
0
0
596419453
0
0
3
1100672821
10
19150729
641338497
875327030
0
0
0
334046628
0
0
0
246986425
0
0
0
909104315
0
0
1932035471
106592259
0
344544375
0
0
0
0
947408685
53328628
382634616
0
0
0
0
0
44816778
0
0
0
0
0
0
25622061
203112263
0
0
815090703
15
0
0
0
3
0
3634183264
115759933
0
0
0
0
0
0
0
735588845
37736328
2049300
0
0
0
0
0
0
0
91713196
0
0
81619476
3341264337
0
28
0
0
1064787477
0
0
626774715
0
0
695439865
0
285927741
1342373369
0
0
0
0
0
6
0
0
0
596005075
36
0
36
0
0
0
0
230905971
0
307805266
0
278940390
0
113093280
0
0
3
0
0
0
0
0
0
0
28
0
0
0
0
0
0
0
0
0
3149411795
0
8588440
0
1095564645
0
0
0
0
0
0
0
0
0
220784200
0
0
0
28
1842240
0
0
0
0
0
221488017
0
2675701551
0
670677000
10
0
0
0
3
0
2385911201
195535200
10
0
0
0
0
0
0
0
267070902
0
0
0
0
1079335491
0
0
0
0
0
0
0
576793630
0
23629375
361064944
0
0
0
0
0
467155461
0
0
0
0
36
3584003753
1
0
0
47710630
0
0
0
0
0
0
0
0
0
0
0
4523955
360743230
0
0
0
1417252285
33305041
189862075
10
36
0
507641316
0
0
0
0
0
0
1
605358047
0
942567645
0
374380566
476308680
0
38717109
0
0
15
0
15
0
28
0
0
0
0
0
1204447740
0
0
0
587884905
0
0
0
3
0
6
0
872382306
0
28
0
0
10
0
0
0
0
0
3280641
861060874
0
0
3
1008072351
135457570
0
0
0
0
0
1551896575
1667715167
395142864
0
0
270478140
0
0
0
0
0
0
285014679
0
0
0
0
0
0
0
0
0
0
0
2734998501
649566946
6
1341927029
0
0
2086841730
0
260570206
0
1270781679
1264123787
0
0
0
0
2445577686
383852778
2228506469
652598128
1669449721
792238915
0
1
0
2809635
249660685
1345665
0
21
10
0
472581396
0
0
0
620725872
0
98335050
2183676052
64144801
0
0
0
0
0
0
750258216
0
0
0
2616328
0
0
0
0
0
0
0
1010331
1293293318
0
0
218875503
0
36
0
0
0
148498724
224709400
0
708102528
0
0
0
0
335236671
0
0
0
10
571879290
0
124622578
478960413
185194635
28
0
0
0
0
0
0
331647135
0
0
0
90929355
3
0
0
0
0
0
2427966797
364648515
0
0
0
1628635719
0
31177356
0
0
0
0
0
0
0
1197488391
0
0
15
0
6
186000616
0
28
0
0
0
3
0
0
1
6
0
0
0
0
0
13982208
0
0
1618009890
291931724
0
0
0
2254277
0
3512267014
0
1264845
0
0
0
0
6
36
0
0
16168141
0
8613325
0
120427440
147614520
854518470
0
36
0
0
0
607795152
0
0
0
6
0
0
0
0
190512759
0
192207421
0
3056499
0
0
0
239118467
2136315122
85682988
1574101760
0
369944979
0
0
0
0
0
0
0
0
890567706
572251365
0
0
0
0
0
0
325036296
150502575
0
372986328
0
0
0
0
1187605292
0
68050167
0
0
0
0
0
0
0
0
0
0
0
21
0
0
52096528
559869453
0
0
0
96078
0
0
0
52867234
428626153
0
0
10
223523796
0
0
0
0
0
0
0
0
0
6
0
0
0
0
0
166066200
0
3
0
0
28
0
861012468
964241655
0
593805981
135013528
28
28
0
64678251
0
0
0
0
0
0
0
1146558441
0
0
65362461
0
0
0
0
10
155117691
0
0
564597606
0
2340157692
19068615
14775165
0
0
282889673
0
0
0
0
0
1067638562
0
90323520
0
0
0
0
0
0
0
367706521
0
1248125703
28
0
0
0
0
0
0
79613271
0
6
581058216
0
1223863075
0
252439215
181914425
1590799935
0
0
979850046
1188695661
0
0
0
655600155
0
0
0
21
0
708516546
0
0
3117919392
0
0
20826
0
793473366
1942110444
0
0
0
1113472785
1
0
0
0
0
0
0
15
0
0
0
0
0
0
0
1731465
0
0
0
0
6
164687908
36
1020703856
0
3523550563
0
36
54951886
0
0
1006366816
0
141868590
335724810
0
155219604
0
36
0
0
0
90821503
6
0
0
0
0
0
0
0
0
10
259101073
0
0
580126953
0
187743753
0
16122681
0
0
0
0
0
0
402300795
0
15
0
0
0
0
0
6
0
8679861
1118432160
0
0
0
0
0
0
15
354911403
813204749
0
208818624
656107200
0
0
646363035
360614200
2016
39130281
0
630639855
0
0
0
10
0
507683079
0
0
0
0
0
223460885
716860180
0
0
272691049
205223670
6
0
0
0
25654
0
0
1201798851
0
0
0
28
3873936
0
0
0
280193628
1172069235
0
0
0
0
1135809291
0
448285088
0
0
0
105306328
0
33320734
0
0
0
0
0
627943641
0
768653236
0
50868510
0
11599336
0
0
0
8034260
0
1296170903
117972480
0
0
0
0
0
0
0
0
0
0
6
0
32857671
36
1574331918
0
0
0
58271410
0
0
0
0
0
0
0
0
0
0
944825261
0
698389251
1069158161
0
0
3
0
3
0
0
795705778
0
2078146385
0
0
2719350253
0
0
0
885678828
0
181041906
0
0
0
0
0
0
0
0
0
0
1159042731
0
286190850
0
0
0
0
10
0
0
0
3
0
0
0
0
0
3282294607
0
28
0
92718153
0
0
0
0
10
0
454074180
0
0
0
2701483750
0
0
10
28
0
0
0
0
3
0
0
10
21
9318600
0
0
10176816
0
6
0
0
0
0
0
0
0
0
0
238547403
0
506972403
11870855
0
10
0
241879015
0
38356539
36
748786951
6
0
0
0
1077103550
36533328
35639
0
85454527
0
1005918231
186960986
0
0
0
21
0
28
0
0
0
37183640
0
225473230
189122076
769829941
488351634
0
0
475167378
0
0
0
0
36
0
0
0
0
1083508134
0
0
0
0
3
0
0
2070227699
0
0
0
45215295
10
0
0
0
0
0
0
221540725
2467284997
0
0
111417783
10850811
0
0
0
1511728381
6
108085906
0
0
80410221
0
0
0
0
30658496
0
0
311655
0
0
6
0
0
0
0
0
0
0
0
0
0
6
0
0
0
0
0
905513503
0
19513133
0
592110078
0
0
326516235
0
0
1889572172
28
0
649422780
13927186
586514125
318591903
0
311230755
2307802693
0
275385246
0
1254476434
1059679666
0
0
0
0
0
2344574132
0
21
0
0
0
28
3439291764
0
1631107969
0
0
391902006
3
0
20100
0
0
0
5764921
3
7610851
0
1062213186
0
0
0
0
15
0
0
28
9058896
0
21
0
0
0
3311220379
0
28
101994903
0
0
1316979341
0
0
0
0
0
0
0
31343403
0
2011078854
0
0
0
36
0
0
0
0
3350048589
140608065
0
0
0
6
0
4631446
154438164
41209581
0
0
0
0
0
0
0
0
0
0
0
0
0
0
686564272
0
1563796
3
0
0
182949756
0
0
0
0
0
0
0
0
1606240985
0
40379745
0
0
0
145649778
0
0
768300400
28
0
1613218376
0
0
0
0
0
6
0
0
15
0
3674508688
0
0
0
0
523587196
0
86665195
50445990
0
0
0
0
0
0
0
0
0
0
2155837733
0
0
2440832144
0
0
0
555094540
0
10
12794211
1676721414
541287253
3557121021
0
0
0
0
0
3
0
0
0
0
15
0
293251462
0
0
0
0
1797866832
378854101
0
275302047
0
0
0
5038725
15
410626153
0
28
660206953
21
0
6
0
84233710
0
12125350
0
0
0
0
0
2144859247
0
77594653
0
0
0
0
0
0
3061640972
0
0
508198619
0
693352941
0
6
0
0
0
0
0
0
348942153
0
0
0
0
44594274
0
2000026022
0
788140
0
40756906
0
0
123156967
0
26582986
0
0
0
0
599189702
0
0
3
0
0
1259398261
0
0
0
0
839004166
0
0
0
511905027
15
28
0
0
344570626
0
0
0
0
1938364442
0
0
0
0
0
0
0
0
0
113078241
0
24615636
0
0
0
0
0
0
0
91989730
2380499599
1425715365
72788145
0
31840746
0
48522978
0
6
0
0
882078604
0
0
0
2398969115
3
0
317910720
1786252503
0
0
0
0
0
0
0
0
0
0
0
3
0
2829955184
21
10
0
0
0
0
0
0
0
0
15
0
0
6
1821975270
0
35917050
1613573076
0
100245720
0
0
6474752
695290695
0
737228094
102738945
0
6
0
0
28
417128286
0
236032655
8918976
0
0
0
0
0
25429146
0
28
0
0
0
0
0
0
303183000
167033503
122921469
15
0
17102476
0
45101253
0
1481656940
593368346
0
1283415623
0
0
0
0
0
3
0
0
0
0
0
3373291474
0
0
0
0
285139140
0
0
1875759135
396198731
0
0
0
0
274166236
0
0
0
0
369271966
0
0
0
0
0
518887005
0
0
0
88238970
0
10
0
972582953
0
5463165
0
0
0
0
0
0
0
0
5856753
0
0
0
10
15
0
2429910
0
0
0
3643590726
0
568300041
423401973
0
0
80824137
852004664
0
1192843746
0
28
0
0
241268699
0
0
0
0
274341007
5680135
0
325545886
0
209089802
0
0
0
3
0
0
14107824
10
683741710
0
0
0
0
361737753
2729906722
0
0
22070391
0
0
223777590
15
1416697989
0
0
1902980623
0
6
0
0
0
2433012672
0
0
0
1053427950
0
0
315921816
0
0
8416931
0
0
0
1
0
0
0
0
1872610159
28
0
9907926
6
0
0
207924682
0
0
0
0
3
0
0
0
0
0
0
0
0
0
36
0
0
0
0
0
181079965
358597590
0
0
1101939985
0
0
0
6
0
0
0
0
0
0
0
0
0
108974247
0
0
28
1540242664
0
0
0
0
0
15271321
0
3425561135
0
1110478410
54597485
814000726
1
3
0
0
0
0
0
0
0
0
1
0
3555611559
999968280
474520221
403365885
368113411
162387231
0
0
0
26176230
877825950
0
28
0
72703711
0
0
0
0
0
0
0
0
0
0
28
0
26451901
0
0
0
0
0
28
0
0
0
415192790
0
0
0
6
0
0
0
0
0
0
0
715160562
2035575763
1556983097
0
0
3189357851
390466193
1111631976
0
112072906
959504721
0
0
0
0
3446625
0
2370381146
318920140
0
0
0
0
0
4907747
0
0
0
0
0
0
0
0
28
0
0
497243880
644506035
0
1148370
0
0
2526593087
37372410
0
1
0
265368213
3
6
0
206298828
0
0
0
0
0
0
2772049033
10
0
0
11856015
0
0
834545085
1007004915
0
0
0
0
0
0
0
0
10
0
0
0
354501201
2095567017
0
6
0
691191306
0
0
0
3
0
0
0
0
15
0
0
0
306009938
890103528
993241572
0
0
0
0
0
6
10
0
0
0
227026086
0
0
0
740643828
0
1004214520
0
0
7048135
2756038532
0
0
385045125
5566788
20560078
0
177906
233244565
0
0
0
0
0
3
0
0
0
0
0
0
0
0
0
93290970
0
0
0
76735371
2959992564
0
0
2404461974
1228869939
0
0
28
3
10
0
0
0
0
683630776
0
0
282844855
0
0
0
0
18575949
659444086
0
7923894
0
0
10
237051331
0
0
0
0
512570564
0
0
15
0
3
6
0
0
0
0
0
0
0
0
416204526
0
0
549146370
52014900
0
0
1880214518
0
0
0
0
0
0
0
0
132869451
259508668
1576859945
0
0
0
1
0
1577506454
0
0
0
206339455
1
28
619678410
39351756
205364219
0
0
958947924
0
2009431484
0
0
0
0
0
0
2102264081
0
0
0
41028211
0
0
0
0
10
0
28
0
0
0
3
0
0
0
0
2731953
5829405
15
6
0
0
0
0
2300760
0
0
6
0
0
1
0
0
3
0
763056645
0
10
919197126
1305182301
279998212
0
0
0
10
681709350
6902470
0
497870330
0
0
0
0
2009065491
0
296428466
2423795
28
116060230
0
0
0
10
28
0
0
956708149
0
0
92650078
0
0
10
3
6
0
722513091
3
0
15
0
0
36
0
0
0
8374278
415607607
0
0
0
28
0
28
134291466
0
0
0
0
0
161595253
1236014340
0
0
0
0
0
4570776
0
0
0
0
0
0
6
0
138569628
10
3
0
28
0
0
973662256
0
36
905017240
3718690343
0
0
294721438
7938120
0
0
0
0
1176012650
0
0
0
0
0
0
0
2126974569
0
408508236
34498971
0
0
2798121239
3
0
1296258783
69029642
97727190
89825082
6
0
28
590626679
0
278413247
0
0
0
38163216
0
0
0
0
0
43912506
0
0
36
28
0
0
0
0
13636840
0
0
0
0
0
3
0
2076136910
297497028
0
6
80226132
28
0
0
0
0
28
0
1896645751
0
1449990882
0
36
0
2905749
0
497653926
0
1
16476670
1140471406
0
22401471
993487600
291961530
0
36
0
0
341749851
0
21
0
2526748
0
0
527101746
878496486
36
0
0
0
0
28
1204322289
0
1029558753
0
0
0
0
23724927
0
0
270432828
0
0
2416086739
68767128
0
0
0
2111655
0
28
44278755
0
0
0
0
0
0
737376003
0
1189280835
0
0
21729110
47716725
0
0
0
0
0
0
0
3
0
4846941
0
2383757792
0
0
10
0
0
0
1
0
0
0
488078146
0
0
0
0
0
0
1754543934
0
28
623556707
0
0
0
0
3
0
2698090136
0
28
177199725
0
10
0
15235771
0
0
142745856
0
0
15
1189817371
0
0
0
0
36
1029935097
0
10
0
0
0
0
160069836
0
0
0
533419453
0
0
0
0
15
0
0
0
143270128
398960628
709146752
0
0
10
1409331519
2049288843
0
3194109827
0
0
0
15198174
0
0
734150001
6
527491440
351615421
3125814339
21
0
0
0
0
0
15
0
0
1104038980
0
0
15
0
580092891
0
28
195892886
0
0
0
0
0
1203867894
0
36
3
0
0
6
1487502281
15
15
80182255
0
26362746
0
0
0
1313958749
310665201
0
707914378
0
0
0
377973765
0
0
2258945560
0
0
331621381
0
957271890
0
0
141919128
0
0
15316830
3
114693085
0
628295952
0
6
4111278
3134813469
0
3289689675
0
0
75440846
0
71478946
401478616
0
0
0
0
1235804733
0
43678531
0
28
74792565
0
0
0
0
0
0
0
3
0
0
0
0
3533444812
0
36
1900947097
0
2221354151
608680583
3
861949119
0
0
0
0
0
0
0
633875815
0
0
0
0
3
0
3
102912273
0
0
0
607853075
0
0
0
0
0
421821
0
28
0
0
0
0
0
15298746
0
0
0
0
0
0
75123153
42882857
0
0
0
0
871301640
3633494191
0
214276051
56239040
0
0
306070911
0
226323450
173175355
21
0
0
242875507
0
0
240605016
0
3
28
0
0
1013737878
0
0
0
211387641
4794156
0
0
3240747722
704609595
3388484714
0
28
491928661
0
0
0
267513957
2187723416
0
0
0
0
0
0
263114961
3832296
0
0
0
28
0
15
510768741
3387960746
0
0
0
0
0
10
0
846863606
0
0
0
887742316
0
663918580
1386924066
2861532012
0
0
0
2108643684
0
0
0
3185070954
0
0
1186198760
515991750
0
85877065
0
0
211113750
0
0
0
1235230824
47516626
0
6703291
0
0
78131250
0
1180178236
3
0
0
15
0
23403061
0
0
305601003
37994248
28932285
0
0
791911
45006328
0
0
0
0
6
0
0
0
0
10
10752114
0
0
0
0
0
0
0
73689177
3
0
0
160647487
0
0
2914538367
0
0
0
15
0
1616663775
934870420
2929367771
0
20177751
27022276
0
0
0
0
0
0
0
77806575
0
3581804465
1151592036
36012205
0
0
17716128
0
37415575
0
0
10
2394766
0
55077760
0
388410256
0
36
0
0
0
0
0
369677902
0
323075490
0
0
1518153
0
8170903
3068832687
36
430667226
627057991
27799696
0
0
139196810
16574594
0
0
0
6950856
0
0
0
0
1285815369
65271025
0
505858528
0
0
0
0
0
0
0
0
0
0
226025691
0
0
0
862906783
0
3
0
2697496775
0
0
0
0
0
204596106
2032335290
0
0
10
51432150
0
36
15
0
829934911
0
727704836
0
6
144453
0
0
0
0
120986790
0
0
453562021
677285610
21
0
34468955
2211
0
0
360420976
0
0
28
17219646
0
0
10
0
0
0
0
0
0
307681221
0
0
0
28
231393828
5131206
23822273
0
0
0
0
0
0
526030830
0
0
0
0
0
902169003
0
826223795
0
0
0
0
0
0
0
0
153981562
0
0
36
0
0
0
0
12957269
0
0
0
0
0
0
28
0
0
36
0
0
0
0
1401464379
0
0
0
1380424237
258150067
10962903
0
0
436248965
60582528
1
0
647889169
0
1955952291
300529386
0
385208071
0
0
0
0
0
0
36
564510894
792437955
3
0
0
0
156359858
227132641
0
0
0
0
0
0
0
0
0
15
0
0
449496925
54432180
0
24373272
0
0
0
0
242385153
15
0
0
91442526
0
22501986
0
0
39278421
445705296
0
0
0
0
0
102581326
381694635
831514080
0
0
0
0
0
0
0
92452296
0
0
1028742120
939362050
0
0
0
877030021
6444831
705846378
0
0
1
0
609476241
0
0
0
1
126158670
0
290551812
136595656
0
0
0
108818128
3
28
349312096
0
0
0
0
14534136
0
0
670677000
0
28
0
0
3
0
0
0
0
962793021
0
0
0
0
983558
0
0
0
0
0
0
0
0
0
0
0
358662097
106912511
36
0
0
0
1392220002
0
0
0
0
0
0
3688380168
0
0
189005403
0
241109820
508310670
113003061
0
0
0
0
10
0
0
0
0
0
0
0
0
0
0
0
448246711
0
0
866632528
0
0
0
0
0
10
0
10
0
14878
0
0
0
0
0
0
0
0
0
131109999
0
0
212529510
0
0
0
0
0
2959725667
181396630
0
0
0
7617500
922967345
0
0
0
3
0
2248286122
249727726
0
0
0
1
0
0
0
533389057
0
0
529530222
0
473650304
0
1
0
556928625
0
10
0
0
58044925
0
0
0
386474285
100918402
47838871
0
583149912
353740101
0
10
0
28
652653
3376802837
1459364358
169915395
10
0
0
0
0
912306970
551568291
10
0
0
0
0
1305908410
0
0
28
0
1445858574
21
2003973472
0
0
0
0
0
410364302
0
0
23822253
0
326716740
15425951
0
0
0
1931828052
0
435670921
0
0
10
2911504989
0
0
492202247
0
227004778
1688554083
0
28
0
546324744
0
1160343051
0
0
1125438564
1379332606
0
0
0
0
625085227
0
639549730
0
0
0
12289641
10
3
2335933313
0
3
0
10
0
0
0
443234998
0
0
0
2857209606
0
36
35823880
2810147934
0
0
0
0
0
0
0
0
1120750840
0
0
0
0
0
0
6
3327921021
0
1
0
0
0
0
0
390615225
0
2421909679
0
0
0
0
0
3569793551
0
0
21
440525403
0
0
615706686
0
0
660303
122360920
0
0
74084878
6
15
0
0
278688884
1346147680
0
694656901
0
0
0
0
46856040
0
837407350
0
0
15
0
10
509842278
0
0
6
676013115
0
0
0
0
0
0
0
0
0
0
0
0
0
0
1895621
0
0
0
952814031
1498361274
260068221
0
0
0
0
1771446568
0
50626953
63343140
1014947759
669598261
0
0
0
0
0
36
0
0
0
28
0
228905106
0
0
498763215
875606628
28
0
125144110
2474550050
0
36
0
26670556
0
0
0
729295336
0
0
2247986438
0
0
0
15
6
1
0
10
0
0
277784235
0
854807878
0
0
2593140
0
302651643
403989324
131906229
0
0
0
0
0
757989032
658970453
0
0
36
0
0
0
0
0
36
0
6
0
0
146710453
0
941541315
1603454157
0
0
28
91006234
0
0
0
0
3
0
0
0
0
24140826
0
0
20159920
10
0
0
0
0
0
0
0
28
0
28
974060851
0
0
706082580
2890810
13869264
0
0
0
0
0
0
0
0
23870595
311203196
2556491012
155321284
0
3578238147
0
0
1358307551
0
220069710
0
643741021
0
619889655
0
0
561641895
0
3
0
0
0
0
0
0
0
0
0
0
0
0
734038770
0
0
3322364204
0
0
134383593
10
913717126
0
1
0
0
6
0
0
0
0
188916756
0
6
0
0
0
0
28
0
12462528
0
0
1405410645
15
0
3535338029
0
0
271135
0
0
0
28
246875310
31995678
97405903
0
353766700
0
0
0
0
0
0
1313661174
0
1026067650
0
61999680
0
42036831
0
0
0
0
356111328
0
0
0
10
2579856
0
0
28
10
1163283495
0
1174750397
0
95724366
488953356
118218376
85863960
28
42701175
0
0
2133490169
0
0
0
621757216
3
0
6
0
0
0
6
901914156
313655265
0
0
0
0
2052297629
0
0
502014538
0
0
0
0
0
0
0
0
0
2852466
3
0
0
28
0
0
0
0
0
0
0
525872754
2020059699
0
0
0
0
68228721
0
28
193307440
1013413590
0
0
0
16425451
28
0
973309260
496077751
0
3081235029
0
0
36
0
0
28
0
0
0
223220799
0
0
0
0
0
253296354
0
0
0
2740381230
0
856180010
0
3
0
0
0
0
0
0
23450976
0
0
1
1
574893186
0
0
1182993172
2375522639
0
1218756531
0
0
0
15
0
3
0
10
0
0
1719585
0
0
0
0
0
0
0
0
0
496067777
0
0
0
0
0
42251028
1812263169
0
0
0
0
0
92214990
0
32883926
0
0
0
0
0
36
1095330610
0
0
21
0
550667822
0
21
0
125429041
10
36
234913650
0
0
0
0
0
0
56727226
0
363767557
0
97215822
0
0
0
320665150
0
541912581
0
0
0
0
0
0
0
36
12880
0
28
0
106228066
0
0
0
656827933
1012522500
0
0
537936400
3
2234457447
0
0
0
504301161
65354851
0
1123713285
0
0
428102275
992328975
744541794
0
0
106336614
0
1950251002
2234447123
575190047
2011015
698277135
453110356
0
63950502
0
1
0
0
0
0
8244
0
28
0
0
0
0
3
0
0
751653378
0
0
0
0
0
11169901
694694175
7830903
503058008
283946365
0
0
0
0
0
0
0
0
0
1448623200
909148761
3
0
1857062088
0
67855007
0
101680930
763328817
28
0
0
0
0
0
0
0
0
0
115938378
0
0
224539836
0
0
0
0
0
3040807956
0
306013155
1
0
0
0
0
0
0
0
0
0
0
0
0
284852646
0
0
0
1460768142
0
28
0
1
0
663554235
19521876
3302674795
0
0
0
0
15627690
0
0
0
1348033637
0
2895621
0
0
0
128240940
0
0
0
0
1076503200
0
1126914075
737568028
370287291
0
0
0
0
62244903
75786516
207581535
0
0
0
0
0
0
18171406
0
3
2331121086
0
0
0
0
0
748477395
678721746
0
1122345911
0
0
53297650
0
0
0
0
0
0
0
0
0
0
0
0
234783615
0
0
518688612
0
0
0
6
0
0
0
103226896
0
3
0
0
1412184042
0
474489415
0
546594366
3
0
0
0
162027001
967573184
1212324644
0
0
0
116884405
0
0
3439000
0
0
52875186
709156630
0
416524762
0
10
0
274981070
55929578
2131651263
1232193542
6
2451210269
0
0
1492456647
36
0
129302892
28
2456491622
36
0
0
0
0
0
0
28
0
0
0
0
0
0
0
0
0
0
10
57443121
0
0
0
0
0
0
0
0
9480835
0
0
0
0
0
331132245
0
0
0
0
21
0
269882907
974391770
3
1269531082
0
0
0
15
0
0
0
1371035957
28
0
0
0
222383505
874164
318162925
2766893024
3366704195
0
0
0
1000035840
0
0
0
0
3067928197
0
2155926
1540
0
1807747305
3
0
129730020
6
15
0
1366957867
425546551
0
0
0
0
0
699136921
199790055
0
499453815
1193967411
0
5919270
6
0
712452665
0
0
618630178
0
45281886
0
6747301
0
0
15
0
0
0
167015226
0
0
0
0
0
0
0
0
0
3324577623
36
614093535
1566788761
0
15
0
422740
2116775256
0
0
9274023
0
0
11302635
0
0
178775624
0
0
0
0
0
0
0
0
114360126
0
0
6
78971028
0
0
0
682411096
228733966
140524230
0
84090996
0
0
0
28
0
0
15359653
8497503
0
0
4996848
25380423
0
2001593
0
0
0
0
0
54122288
0
0
0
0
0
0
3312677170
3
0
0
0
717731328
6
0
15
0
0
0
0
1039860735
0
0
0
404695164
83159856
0
0
182777640
0
2388703391
0
0
0
815575078
106656641
0
0
162729820
0
0
0
1546161
0
27545682
2267996762
0
0
172524600
0
232309675
0
0
0
0
0
0
0
0
0
0
0
0
0
0
0
0
28
310931943
0
0
0
0
0
2286147802
0
0
0
311090307
0
282601350
0
1624749608
0
0
2257675
0
0
0
73223151
0
246364503
0
0
6
28
0
0
0
0
0
0
0
0
3
28
0
0
10
36
0
0
1932474075
0
0
0
0
0
246742005
518049766
0
0
408079596
0
0
1470708696
0
22204775
0
0
1070916
0
588262150
0
0
0
1980282323
636049611
661734010
0
0
1474531089
2655058710
0
39754779
0
0
0
212087310
0
0
0
0
0
0
0
0
518081955
0
0
0
0
0
0
0
16969128
3
0
0
0
0
0
579445903
47803591
897841500
889111
0
0
0
0
0
0
932040609
0
0
0
0
2137083936
0
15
0
0
869340753
0
0
0
0
1116730170
0
0
28
28
955546640
0
0
0
251197624
0
3430820246
0
0
0
526921758
0
0
0
0
0
3634183228
0
0
0
200571104
0
0
0
0
0
2239965851
2593614639
0
3249538818
0
489891951
0
0
0
0
36
0
433931070
0
0
0
0
0
0
67541253
0
0
0
1187135901
0
0
0
113484645
0
0
0
42771168
1649792816
0
106266331
0
0
3
0
0
0
0
1751228603
0
0
0
1892840012
0
302950011
0
6
0
0
0
6
1246354680
2084562019
6
0
0
3
1502511
790329403
0
0
0
0
2783109077
0
0
0
2641388711
0
0
0
0
389163151
0
0
0
0
0
0
0
391230378
0
3583954881
0
0
0
0
0
0
15
0
0
0
0
0
0
0
10
668664165
0
182643828
0
0
0
0
957693276
0
0
0
3691851810
0
0
228733966
0
0
733502451
0
1011128943
0
0
0
0
0
0
0
0
15
0
81325881
0
0
997726785
483838278
0
0
765324126
0
202477626
0
0
1149673176
0
3501981
3
0
0
0
0
0
3
0
0
0
0
1020367725
0
2645082594
0
0
1057609036
0
8042055
10
0
0
0
0
0
0
28
0
0
314117757
0
0
81632253
0
112897212
0
28
4765851
0
0
0
0
0
0
15
0
0
896528340
0
0
0
0
0
0
0
1
720652750
83883628
743417520
0
0
28
0
206867970
0
0
0
36
0
0
0
0
0
162261105
0
0
1094698809
0
0
0
0
0
0
0
0
2691605897
0
15
0
6
15
0
0
0
0
818007825
615987450
15
35074500
0
0
0
0
0
239443786
1
0
0
0
0
0
0
675885882
0
43634700
291116385
10
0
788859060
200730666
0
0
0
0
0
0
0
0
453712626
0
0
3
0
0
336843990
614794645
7952124
0
229543631
0
36
0
282351966
0
836560445
0
773326128
0
0
0
0
513969891
0
0
0
0
0
0
0
0
0
28
0
0
0
28
2114158740
0
0
0
0
4181435
0
36
1035017962
468654420
2042126483
0
0
0
0
0
0
10
1222824331
1951657510
0
0
2963547289
0
0
0
0
0
0
105723189
0
718034460
36
0
0
0
0
0
0
38935900
37873269
36
0
954941744
10
756974595
0
0
0
0
0
0
0
0
0
0
0
0
0
0
10
0
0
0
37146
0
28
0
0
0
0
0
0
0
0
0
0
0
0
0
36
0
9363628
454043910
0
1384400403
0
0
0
0
73574515
232285770
431538449
0
186428395
0
1411746755
0
455129535
801256215
0
0
287990007
0
0
6
95033791
0
0
2829260182
28
0
0
2926150914
578289036
0
0
1
4467725
689597634
46500153
0
0
28
0
0
266170128
126417775
0
10
0
2649718268
99789323
0
26758270
0
0
1559174666
0
2685690689
0
10
0
114878
28
0
806955051
0
314214846
715346400
0
255300906
53956
23794651
314791686
0
15
0
0
0
0
0
389721321
0
113626350
0
0
2073733062
1043582455
0
448606081
2028719332
0
0
0
6
0
0
163913493
63174420
3280984957
663080736
0
0
624901516
1162222578
0
46923828
0
0
110863495
252237030
2739654817
0
886899786
0
0
0
411457641
10
0
0
0
0
0
180395515
0
0
0
1085094090
0
0
1086455805
196189080
1104907395
0
0
0
13289590
0
0
54534483
0
2112469698
0
0
0
0
10
99524886
0
0
0
832598392
0
0
0
0
0
0
0
0
0
36
3
0
0
0
0
0
6
0
0
0
0
0
0
2908819952
0
0
0
364704282
0
0
756
0
15
0
476555628
0
0
0
1143304471
0
0
650092659
47654835
0
2029105
1076406653
0
0
0
2743288512
0
0
0
0
0
1514269071
0
0
0
0
3
470953038
0
1716878255
0
3
0
0
705078
0
0
0
0
0
0
788183956
0
0
28
6
0
0
0
0
0
0
6
169289200
0
0
1239653994
3
28
0
373139476
0
182758521
0
0
0
0
0
304045470
0
6
0
0
10
0
732160162
0
0
1717023883
0
0
0
0
1016982450
36
10
0
28
0
0
0
0
863914535
0
46885086
829649745
0
10
2456306297
0
0
0
0
0
0
28
0
0
653212440
0
0
0
273230376
0
202042462
0
0
28
933573655
0
0
0
0
0
171236124
0
0
2626777939
0
0
0
0
28
0
0
23621598
2460678596
3
6
0
131973975
0
1123440410
0
0
0
4994380
0
840578765
0
0
6
0
0
0
0
0
79595745
0
0
0
0
0
140019921
0
1638271913
106981160
0
0
0
226965374
0
0
0
0
0
0
0
240862824
0
755610797
0
93429050
0
0
0
0
0
801220465
10
6039550
0
0
0
0
0
283493766
0
10
0
4912545
0
0
0
0
0
0
0
0
0
0
0
0
1110832234
0
0
3
0
649783225
0
0
579956653
32581619
0
506837498
1
0
2693948091
0
28
0
0
21
28
0
0
2173691843
0
28
0
28
424526091
428710266
91264849
0
0
49653735
0
3
0
172908285
725965692
905357628
0
419662017
1652379805
0
130387026
6
63084528
0
0
0
0
204393871
0
0
0
0
3
0
0
0
51994503
0
404550
3530679055
0
0
6
15
0
0
116258376
0
0
0
0
28
0
109846074
897277217
0
0
9277278
0
0
0
106310071
0
379492744
35959440
0
8345655
0
0
1109699605
1133617920
0
0
123017455
0
0
748683
0
0
0
0
0
0
3
0
0
1673314570
6
0
28
0
0
0
1054483926
0
0
2607383693
0
0
0
0
0
10
656541966
36
0
15
0
0
0
48950565
18131750
0
601156
0
0
4008696
1119898801
812024850
0
0
0
28
0
0
56642046
0
0
0
0
0
676476153
0
0
1036080
0
281914362
0
0
0
0
0
82298035
0
0
193720086
0
0
0
0
0
0
1271538513
135935316
703634625
0
687143299
0
0
0
335678376
0
0
932492264
0
599601135
0
0
0
0
42430740
0
0
0
0
3
1206220206
0
0
0
0
0
0
0
0
0
0
1175620620
0
28
0
0
246941976
1143974028
0
0
2166322990
0
0
0
0
6
0
0
0
0
0
0
0
0
3
19369293
0
0
155666250
0
0
0
0
0
0
2545896
342399183
0
0
0
545753597
0
0
0
0
432253503
0
2641797
0
15
0
0
0
0
0
162315153
0
2737592447
0
0
0
0
0
0
0
0
0
726052671
28
0
0
0
0
0
1034865640
0
33798380
1099919511
0
0
0
0
1232883996
3641570299
6
0
0
0
0
0
0
0
0
0
0
0
15
21
0
0
92052096
0
0
246227121
0
490518181
259653377
0
0
0
0
256273480
0
0
52618411
0
0
0
46567494
0
0
0
12723490
0
0
0
48338548
0
21
2794408581
0
0
995326620
0
0
0
22161867
0
0
0
0
0
0
0
73283671
0
0
330895061
0
91806
0
0
0
0
0
13522600
96753354
0
0
1008117253
1189403913
0
0
0
0
0
15
0
381225078
0
327694494
0
0
202566
0
100634036
21
0
0
0
0
28
15
0
0
354165805
843898296
595259265
5341546
28
975339861
0
3516428965
0
0
0
237367259
0
0
0
0
0
0
28
0
28
0
0
6
10
0
0
0
10
0
0
0
0
36
0
0
36
0
321780396
671061
357340011
0
12186891
793951476
0
0
0
27621028
12617776
0
0
0
0
2074314812
0
0
0
0
0
225324606
0
0
0
0
0
0
0
33060646
0
0
70763356
0
0
1317198483
847054404
1169465703
0
1220866960
0
0
0
0
586525639
0
0
0
0
0
2073212559
0
27999764
846023545
0
6
6
0
0
0
0
0
15
0
0
0
0
0
0
877379798
0
0
0
0
2442994377
0
0
0
0
36
0
0
0
0
0
10
0
0
0
0
460121280
0
0
103450670
0
10
0
95696695
40441521
1
131795730
113439453
0
10
0
15
0
0
10
0
1154078711
0
0
0
0
2873381576
9278260
0
0
355844503
0
0
0
0
0
6
10
0
39573856
0
0
0
426583206
0
802261596
237391155
6022185
15
0
250018341
186293253
10
0
3
0
21
0
0
492870106
11488821
0
8862816
864136378
0
0
1429388631
3635856957
0
0
0
15
0
0
0
0
0
0
0
239772151
0
659625681
36
0
0
0
0
0
1728870
0
0
1491500
0
0
0
0
0
680454495
1
0
0
0
0
0
0
0
0
459470295
0
1043788894
954183864
0
28
0
78742356
0
0
0
0
0
0
1
24245166
1638238635
0
0
0
445300178
110670003
2944863588
0
0
17525494
1641048970
0
484709680
0
0
137641715
0
0
0
0
0
1057975009
0
0
0
0
0
3395854052
22054761
0
0
1066530
1623235925
8415253
108370670
0
28
18644671
0
0
0
0
0
0
140262096
0
28
1481908413
884676860
730237136
0
0
0
0
36
134882100
1191964725
0
0
0
15
0
0
0
0
0
0
0
0
0
0
0
307532400
0
0
0
0
6
1143700461
0
0
0
0
0
34657974
1
30924209
0
3479100624
0
0
28
0
0
19640778
675653937
86403478
0
0
0
0
0
0
0
311925527
0
0
3015326
2092763297
1070760631
0
0
0
0
0
0
0
44430894
899028406
27643330
0
0
0
52147578
28
0
4541845
0
0
0
801180435
0
0
0
1
0
36
0
10
0
10821872
0
0
0
0
0
0
0
0
2430662927
0
0
10
0
0
0
0
0
0
0
0
0
0
101752245
0
0
0
0
0
0
3
0
352597290
0
0
0
0
507832515
446153256
0
0
939156130
109009995
744494370
0
210210131
0
0
3
0
265409280
28
0
0
0
651875778
374640293
0
0
0
0
0
0
0
0
0
0
0
0
36
0
0
0
109172715
1207885825
367577543
10
0
0
3
0
0
0
0
0
0
0
0
43909950
0
0
0
280760764
0
0
28
0
0
0
0
0
0
6
0
0
0
0
0
0
0
0
0
6
0
0
0
0
0
0
1
788684782
0
66764790
0
0
0
0
300553903
1
10804276
0
43762690
1
0
0
15831187
0
29502280
0
0
593109800
451125703
0
45470351
0
0
0
0
0
0
0
0
0
80144130
0
0
630610762
0
0
0
0
0
0
0
0
0
6
0
0
0
684518500
0
0
0
0
0
0
59312386
1
50425903
348713758
28
0
1
0
0
0
0
0
0
0
597732600
0
0
0
0
28
0
0
0
0
0
0
3732395643
16441984
0
234155620
3
0
0
0
0
466726955
0
0
1607124254
0
0
0
0
2076961972
0
0
0
0
0
0
0
0
0
2877953
0
15
162910275
1051592730
3450360080
10
0
0
0
0
0
94141085
0
19260321
0
4645915
0
0
0
0
0
0
0
0
0
806914878
0
0
36
0
3
882105003
274136729
15
0
0
0
0
0
0
0
0
0
0
6714280
28
1194309501
0
2353804417
0
0
0
0
15
61012581
264229404
0
567221721
0
0
0
0
0
0
0
0
0
0
674594653
565740703
570324651
1
0
247420393
0
0
0
0
0
0
2329852744
0
0
0
0
0
517480475
229704105
0
0
3
552265995
1386346380
0
15
0
0
1191489254
0
17779322
0
15
10262715
370700481
0
0
3
0
1032192330
0
0
0
0
0
20893567
0
0
0
0
585316005
10
0
191032831
6
10
0
1
0
0
233939265
0
0
0
0
28
0
0
590390703
0
0
0
24918270
0
6
0
0
0
0
0
144231500
28
0
0
0
0
1503327496
0
0
0
0
0
0
0
0
571203100
3
0
0
714136528
64678251
0
0
0
1104558
3
0
305279695
0
56036991
258860881
0
10
108731670
0
291199696
0
0
0
0
0
1030421106
1103822331
0
0
0
0
0
0
0
91806
36
0
0
0
0
0
0
0
239420231
0
0
50264780
48230802
0
0
0
0
0
0
0
0
2432796506
24812490
0
0
1065960032
0
0
2040540637
15
0
0
0
0
36
0
0
3
9511341
15
484149403
0
0
0
0
0
0
0
181880128
0
49815171
0
0
4871881
0
403283882
0
0
589841031
28
0
21
0
612587503
0
0
71570097
0
0
0
229505958
0
0
0
28
76935810
1106328
0
155636589
10
0
1481625504
0
0
0
381694635
141683361
0
0
4652417
0
0
0
189550185
0
0
0
0
0
0
0
3361684266
0
0
440797548
0
0
0
0
899749043
0
0
51570948
0
0
0
976311766
0
0
0
0
3294327612
10
580229145
0
87933691
0
262124856
0
0
0
0
0
0
0
0
6
0
0
0
0
9019352
545672130
1059571782
2724334180
0
385160441
0
461187566
0
1206903015
0
0
0
1228238579
44486028
0
0
0
0
0
41591760
0
0
0
46219305
147317065
721411120
0
10
0
36
142796550
0
964756460
356698695
584802900
6
0
0
36
0
0
0
0
28
0
0
0
0
444571471
0
0
15
627057991
0
0
0
10
1863612954
0
0
0
0
0
0
0
0
675505504
0
94961950
0
0
0
0
0
0
0
0
28
0
0
0
567188040
0
2921153617
3134537630
259011709
1508682111
0
0
32405275
0
0
0
0
0
0
0
404875778
0
366953476
0
0
0
0
0
550897384
0
1027053127
0
0
0
0
10
0
830464635
0
0
0
27744724
0
0
775627287
0
0
0
0
0
0
0
0
0
0
74951646
0
6
1311710373
0
36
0
0
0
0
0
0
21284550
0
0
27158585
0
0
242551500
0
0
7552065
36
0
0
0
0
10
0
0
0
0
0
0
0
0
0
0
0
0
0
451366035
0
0
0
3
129403828
283612836
0
0
15
880677496
0
283565205
0
4928230
508565778
0
0
0
490935081
0
44066934
2268035727
10
0
0
882021000
0
0
107920086
0
0
0
1387893391
0
0
0
3034548170
3078921
803664186
0
1233579285
884254824
1599768041
0
0
0
0
0
0
76864255
0
0
0
0
320943780
0
0
1027050343
0
0
0
1
423451401
3488740999
0
0
10
0
0
0
0
0
140608065
0
0
0
1509665265
0
0
862142050
1155651537
0
0
0
0
0
0
0
0
165138051
43725276
0
0
0
0
20776
3
0
0
0
28
425706147
137575101
0
0
0
28
0
986545990
0
116313672
0
0
10
0
199245762
0
0
0
0
0
0
0
0
0
0
0
0
195041125
0
32710993
0
35528840
0
499273686
15
3
0
0
0
741952981
0
0
3
0
10
0
0
621863011
0
3
0
14837734
0
0
0
0
0
0
0
165902220
0
0
41019153
0
1632922149
692459505
1
0
0
0
0
0
179617206
128312190
0
28
0
877825950
0
0
28
15
3
0
0
0
0
9903475
0
0
3
28
0
642557476
0
3
0
0
0
0
693341163
0
283422336
0
0
0
0
0
0
0
0
562683831
0
28
154783215
0
0
0
0
0
0
15
1334515169
0
0
0
0
1127056503
0
0
0
0
0
0
640802100
0
0
0
0
0
0
146964
0
0
0
0
0
0
6
0
0
3
7462677
0
0
135721050
341855493
0
0
0
0
1180858503
0
3513427794
1124918482
0
0
1005912152
0
0
319805292
0
0
0
0
0
21
37001503
917054551
0
0
0
0
0
0
532766403
218687241
0
0
268454083
6
6
0
0
886520778
0
0
12925632
0
0
0
0
160393005
15
0
0
0
0
0
0
2108032360
0
135117405
0
0
0
106600713
602339986
604337767
0
0
7505875
0
0
4810526
15
0
0
0
256885111
364655862
0
0
0
0
0
0
161102222
0
0
0
0
0
3
0
0
28
375701181
0
1093272180
919368640
25686528
0
0
0
0
2449286
0
221561324
0
0
0
0
0
14518036
0
0
0
0
0
117328221
0
0
0
28
0
0
0
165156225
0
0
0
10
3431585717
556604342
306194631
652657061
394285321
0
0
185733901
0
0
0
0
0
0
561914195
0
1314047585
28
0
3
0
36
0
0
0
0
10
0
0
0
670237578
0
702731305
28
0
411170826
0
0
1402687484
15
0
0
0
0
68380385
0
2932956795
0
1160877375
0
2615479587
2109718310
1181366821
192854980
915342291
0
108361281
0
73708011
0
0
0
0
28
0
0
0
0
0
0
0
0
0
524572245
0
0
0
10
0
0
0
0
1
1113330078
0
0
36
2842065
174570043
0
0
0
0
0
15
33928203
0
223446
0
2186091285
1101564453
0
0
0
869299056
0
0
30697530
1749385
0
0
10700011
0
0
0
0
3719138709
15
0
222088350
0
0
21
0
0
0
0
0
283684290
0
412720815
16581298
0
28
0
0
0
0
0
430081001
0
0
6
0
0
1
0
0
40747878
0
0
23488675
0
59214403
3
0
0
28
0
0
0
619526272
13912035
0
0
0
0
0
36
0
0
0
0
0
0
521887278
0
0
0
0
0
0
0
0
1281107001
0
0
692846827
0
0
6
0
1108546625
0
0
335827955
78281328
0
0
0
0
0
0
1853775
28
3470198472
0
0
0
0
3321
0
0
30439503
20682096
0
0
0
0
0
0
50956485
0
0
6
0
1492172722
0
0
0
0
3416632000
0
0
0
0
0
318692881
2016647952
0
28
0
0
1
638798896
360504724
0
0
0
39966270
379074345
0
0
0
0
0
0
0
0
0
0
50630319
0
0
0
126031626
1252451735
0
47224621
700951219
222932170
0
740335960
0
10
0
0
0
0
8501626
0
0
0
0
0
0
3296061516
0
0
909148761
0
20443860
0
28
0
0
0
0
0
261950818
0
36
0
1362281930
0
3
3
0
0
0
0
655962310
1207934976
0
0
0
0
0
0
237140876
0
0
0
0
0
0
1
6
1575720008
0
1777048808
0
0
0
69602301
0
0
0
0
0
0
15
0
1640122575
0
397746910
1736873738
81351390
0
0
271666395
604424296
0
2787513294
28
793831935
0
36
0
3626607039
0
337155528
0
52300878
62316
3380741991
0
0
0
416781756
62233746
736953636
0
724605346
36
0
0
184809925
0
0
0
0
0
0
0
0
363649996
0
591242127
0
0
0
0
491531778
0
0
319656368
0
605467801
2501797094
0
0
0
0
0
0
0
10
28
15
0
497960902
12982060
658175424
0
0
0
0
893550
339418485
0
0
295864975
0
0
0
0
3485221428
0
0
0
0
866586
0
85418985
0
36
0
10
322717506
0
10
0
0
7205705
0
0
279814996
1164730980
0
0
0
0
0
0
0
0
0
0
0
0
36
0
375695166
1
0
10
0
0
0
0
0
0
0
1144859090
0
0
0
0
68164550
577269231
0
0
0
0
2512331684
141027615
0
0
156476895
0
0
0
295232850
0
0
0
106180239
41500605
0
0
0
0
0
0
0
48034701
0
0
479833731
0
0
167802040
35410320
0
0
390922741
513264780
0
0
0
267764511
0
809156571
0
0
0
28
0
3
0
0
2901328942
0
1064888175
0
3
0
0
104654278
0
130661695
14671749
0
6
1172878315
15
0
0
0
0
160742100
0
0
0
13962970
35086380
0
0
0
0
0
976712808
0
279507546
271736328
0
78832846
12632851
28
0
50788081
0
0
0
3
28
0
0
36
748438705
0
0
40703376
0
0
377030815
0
1029068118
188055172
0
0
0
0
714114033
0
948970890
0
0
0
28
0
0
0
0
0
0
0
0
0
1560303185
0
2072060229
0
0
0
0
0
0
0
1238551335
15
1523305560
0
6
0
697948206
0
161577276
0
3009550568
1
7565712
0
0
0
0
0
0
0
0
0
0
0
0
0
0
0
0
0
0
0
0
0
0
0
0
0
0
0
4994380
0
3430890
24033857
0
666836940
0
500054500
0
0
0
0
0
0
0
0
0
0
0
0
0
0
0
0
0
146145156
580903144
0
0
0
15
0
0
36
2473599082
0
0
0
0
2939548968
0
0
0
0
0
0
0
0
133963896
0
3104211446
0
0
0
39590100
0
0
28
0
70537503
0
0
0
0
0
1
0
3429337802
695962086
0
0
0
0
0
22940679
0
0
0
148238371
0
155951543
0
0
0
0
0
200090010
0
0
15
0
0
0
0
0
0
0
0
523148031
11412253
142845
3151796925
0
75368503
0
45701964
456343470
6
10665271
0
0
0
643676333
0
0
0
0
0
0
0
0
0
0
10
0
0
0
0
1530388548
0
223164501
0
0
59563155
0
0
734038770
0
0
1469111961
0
21
0
0
1141535871
0
0
0
0
1017433495
124543653
0
0
0
0
0
0
1572647747
0
0
0
0
0
0
0
2385193370
14598906
0
0
0
191150128
15
0
131990628
39662871
0
0
0
0
0
0
0
373724130
0
3284119076
0
0
10
449055496
0
28
0
0
0
196564878
0
729753706
0
966075644
0
0
0
0
431623199
36
0
1874801810
0
0
0
0
3371631749
0
0
320536030
0
0
0
85445128
3420594594
0
0
0
3
0
0
0
0
0
78256305
0
808442155
0
0
0
10
0
0
0
10
0
15
0
0
0
0
1
0
0
0
0
96348021
0
0
0
15
0
0
0
89104575
0
0
380673028
0
6
0
0
0
0
11274126
789176856
10
0
636656086
42739635
163966977
0
0
0
0
0
345944472
0
0
0
0
0
0
1694027691
397042110
0
0
0
6
0
0
3
0
2063520597
0
0
28
0
0
2123404206
0
0
0
0
0
0
0
0
15
0
0
28
0
315614160
1388018952
361334403
0
354804841
0
0
0
938592801
0
0
0
0
0
1381894
0
0
0
0
0
0
0
0
1220554905
0
0
0
99000
0
3017121847
0
0
2893592752
0
0
733928820
0
1555114728
15
0
48181836
0
0
1174081687
2258053172
23321035
233427295
1042644178
0
0
0
0
0
28
0
0
0
0
7202910
0
26912116
0
0
0
1
0
0
0
0
0
15
0
0
0
0
936461591
1140443877
15
12090
0
0
0
0
0
0
2389621232
0
0
0
10
181575096
474859153
0
0
0
0
0
28
0
0
0
0
0
2394572905
0
0
0
0
0
193169340
0
0
0
0
450945496
0
0
234415378
0
0
0
0
179519889
6
0
0
13041
62289541
315189900
0
0
2043134568
101481381
0
0
0
0
0
0
0
28
9472128
0
42658626
15
1
0
653429325
0
0
794748646
0
0
0
227199226
115635883
0
1
0
58587474
0
0
0
0
15
0
36
0
0
0
10
0
0
262953012
0
1212465405
0
0
2475037484
32710989
0
28
15
0
0
440300466
0
2755061732
363434280
0
0
0
36
0
0
0
35705475
3
0
0
175809376
0
809729403
0
121277983
0
0
0
0
0
0
644680
0
29066500
833068902
268019128
0
0
0
1813723334
0
0
15
28
109638087
0
515643190
0
0
0
0
0
174926465
2895086096
14153895
0
0
142256278
36
0
0
1
0
0
1087310163
921430119
3
0
0
0
0
0
0
223095266
0
0
0
0
0
0
2847616366
0
0
0
0
155223390
0
780947976
0
0
0
0
3582048798
3408332815
1097344128
0
0
0
0
0
6
0
0
0
0
0
0
0
0
3474480527
2627949797
0
194957055
730479810
0
0
137058846
0
0
117665470
0
0
0
0
0
66153753
0
0
0
0
0
0
28
0
1654173364
0
0
0
0
0
0
793672561
47526375
0
0
0
0
0
793792090
975030720
0
0
0
0
0
88797801
0
0
0
969474561
0
717390381
0
3500034159
0
0
499548636
0
0
0
240648891
0
0
0
6
0
0
0
0
0
0
3581310
1062575945
0
0
0
0
0
0
799460091
0
0
78093753
68837511
0
0
0
0
637155753
0
2970301589
0
107964165
0
0
0
1088647791
0
0
0
0
0
0
0
0
3729453146
0
871224893
57164778
0
3
0
304316785
0
955016355
156494586
0
0
289960947
3
0
0
0
0
2330214772
0
36
0
531428901
0
0
0
6
54627455
0
0
1
0
0
0
0
68969156
0
0
209218969
417070521
0
0
0
366622581
0
918168378
1807643160
0
156840515
0
76663153
192556220
0
2717179200
0
0
0
3
0
10
28
0
0
0
1481562655
8308926
765608181
370341720
0
0
0
0
1168208616
0
0
0
0
0
0
0
0
14068860
0
0
0
0
0
10
0
6
0
0
3560871696
0
0
0
798715935
376713660
0
0
0
0
0
0
1420004848
1356111
251608528
0
0
0
0
0
0
1052326242
0
247639966
0
3181339495
0
0
0
0
440347326
28
6
0
0
625147779
0
0
0
0
0
0
16365888
0
0
305947216
0
0
0
552565146
0
509838058
0
1577071878
0
637834186
0
0
0
931495379
0
0
0
0
0
91452752
0
0
0
3
20862570
0
0
0
0
0
0
18852870
317153138
1166758971
0
0
0
0
0
0
28
0
1357555267
51323646
116044995
0
598285936
0
0
0
398282976
14539528
0
678684903
0
0
0
0
0
0
0
0
0
0
1114481586
0
10
0
0
1989486977
28
0
0
0
2626933916
170672050
0
0
0
708623044
723984407
1326006
0
0
0
0
339027780
0
0
3
644351151
0
0
0
0
186255223
0
0
1108709981
6950790
0
0
0
0
0
0
0
124301395
0
1432446714
0
1143755727
0
40387578
0
0
0
0
1018290756
0
3
5364873
0
0
10
0
95088945
6
0
0
1447628929
36
0
0
0
0
1485
0
0
0
68840235
1198252
0
4851
0
0
15
0
0
0
0
0
1618272716
0
0
0
0
3257689121
10
28
0
36
0
0
0
0
0
1715840675
0
357660885
0
35773111
0
0
0
28
116066130
0
0
0
92079235
0
0
0
28
0
0
21
0
356117327
0
0
0
287164995
0
0
0
0
221350023
0
219797061
0
0
0
961170090
0
0
0
0
1062015018
0
0
0
10
0
0
0
0
107844214
0
197140296
0
28
312862605
0
0
129120084
0
0
10
0
36
0
680491386
199270666
0
10
286980903
0
0
0
1124067405
0
654405753
0
15
36
1154905830
0
0
0
11958495
598112991
0
0
0
347875096
1569106
0
1
0
0
2416511636
0
1829440326
0
0
0
0
10
0
2329892225
15
0
61543965
0
0
10
0
689562833
0
0
0
0
0
0
0
0
0
10
0
796304278
0
0
0
0
0
605641806
572860476
50467482
0
0
0
0
0
0
0
0
36
0
0
0
0
0
2267462120
0
0
0
0
0
0
992195331
6522660
0
0
0
0
0
632619629
0
1876322227
0
0
0
0
0
0
0
509745860
0
1021200279
0
0
0
0
0
0
0
0
0
0
213588766
0
0
0
40118403
0
0
0
0
45451
0
0
71228080
0
10
0
15
6
10
1254677739
1001616903
742647181
0
171023265
0
0
15
0
0
289622278
0
0
0
12542536
0
0
0
0
0
0
1106391
0
0
0
149653650
155961652
0
99793128
0
3
0
0
0
0
0
0
3158583470
0
0
745291911
0
9419970
0
0
222995521
0
3150740977
0
0
0
0
0
0
5292631
6
58739610
0
0
67820481
10820451
0
9511341
0
0
0
0
0
38944725
0
0
0
10
0
15
10
770448755
0
0
0
747661574
0
1085943106
0
0
0
0
0
0
0
0
0
547391328
0
1
0
1773981
0
11359761
0
0
0
0
0
33542145
12194391
0
0
994989754
0
3215881815
36
917140206
1528983343
0
0
0
0
0
0
0
36
0
0
0
0
0
811643354
3
36
495983260
0
0
0
367110156
2682422737
0
0
565285487
0
0
0
0
0
0
0
3
0
0
0
0
0
0
0
0
0
674087403
0
945818985
0
0
0
0
0
10
0
903279185
912990546
0
0
0
1220698755
0
0
0
43017450
0
0
0
105147861
0
36
0
0
0
0
36
0
951437069
0
1213298430
0
0
0
33174585
0
0
105132250
0
0
125904646
0
0
0
0
3
1204104201
0
3
0
0
0
0
789396
0
0
0
513696003
0
0
0
0
0
0
0
0
0
0
0
163596916
0
0
0
0
116171873
0
0
636074891
0
0
0
0
0
0
788688660
0
0
15
0
0
1665681879
160855839
0
1488675
0
0
0
1680176863
0
1463515044
484149403
3
0
0
0
0
547358241
278303028
0
19917516
0
3
0
0
3359316317
1193967411
0
0
0
0
1
164411911
0
0
13114881
10
0
2515278902
0
0
0
0
0
881811010
28
0
277996410
0
0
0
0
0
299329278
785982571
578221021
0
0
0
434874286
641709164
442308153
0
0
0
0
92908896
0
0
0
0
0
135079266
992776355
0
0
0
0
0
0
0
0
10
0
0
0
0
15
36675330
0
0
0
0
1852246610
51773449
0
0
28
0
0
550107865
0
0
17955028
1136524326
0
0
304464826
0
0
99538995
0
8517575
0
0
0
0
6
1992255606
54951886
0
0
946668828
0
36
0
0
0
0
0
0
0
0
3
0
3
0
0
0
1830733446
0
0
17472916
0
294015866
0
0
0
28
0
581524356
0
0
0
0
0
0
0
0
0
0
0
347780751
0
0
0
0
37867641
0
0
333555706
10
0
0
0
0
5013361
0
1651716165
1516411
30135
0
0
0
0
888416628
516496719
417041640
6
0
0
0
0
0
0
2725089372
0
15
0
0
265155906
143117821
96223128
0
3031225550
0
397634100
0
6
0
0
0
0
0
269062003
28
0
0
933017807
0
669212820
54147621
15
0
0
0
0
0
0
0
6525078
2079821402
0
28
0
0
15
0
0
0
0
0
2626443179
0
0
0
0
97895028
0
0
0
793971142
1884465017
0
0
0
0
0
0
0
513585225
1088225559
0
0
801333
0
0
0
0
94909753
0
0
789335778
0
0
2199894474
0
0
0
0
55969965
100770306
0
0
247869849
1873080
1300791739
0
0
1169935
6
0
0
0
0
6
0
0
0
107946020
0
0
0
0
0
973485750
0
0
0
0
1617090375
651767460
813762527
0
28
0
888834168
0
0
0
0
15
28
0
0
3122574250
0
0
0
1214776695
41994627
908807661
0
0
0
0
28620468
6
15
736224378
461760
140507466
0
0
36
0
0
0
2045423436
6
0
0
1078577809
0
0
0
0
0
0
145751322
0
0
0
0
716292325
0
0
36
0
0
0
3
0
218603595
0
88300880
0
0
0
0
0
0
1981663708
78019776
0
0
0
644099886
110858814
24377653
987794107
2576345345
0
752558119
0
0
418776716
0
0
0
0
728754687
0
0
0
849523590
59257941
0
1244580886
546193567
0
689262494
0
0
5839653
0
0
770026146
0
0
0
0
0
0
0
0
10
0
0
397319610
0
0
276726393
0
28
26802181
50787148
0
1
0
0
0
0
368764903
138388838
0
1642830222
0
0
0
294091878
0
15
0
0
0
0
303329952
0
0
3
36487153
417850686
613606272
1
1111301940
0
0
262789275
0
0
76849003
0
1037378475
0
0
0
0
0
263293878
0
0
0
0
3328391807
648666171
0
1
0
0
0
914315703
57970
0
36
0
0
0
0
0
0
1509094722
0
6954585
222989151
729090654
167399253
0
349216198
0
0
1106968878
669066490
754373931
0
530695652
0
0
0
0
36
79323310
0
398640621
0
0
0
0
0
0
0
23942033
0
0
0
0
0
36
0
0
0
0
21
0
933746505
1756870128
0
548086386
0
66268828
10
0
122562996
0
0
0
1148091321
36
0
0
1033601311
0
0
0
2882359772
3
0
0
0
445168041
1452199188
448965595
0
28
766849346
0
0
2300152516
1074045378
0
0
86453678
0
181441725
0
7424978
0
0
0
3254799907
0
0
0
0
0
0
36
0
1
287556171
0
0
538297266
0
36
0
0
0
0
998128860
0
0
0
36
0
0
1029967191
0
1057179715
19741186
0
0
974545055
941541315
0
0
0
28542790
136565688
3
0
0
0
367702716
0
0
0
881013276
441475755
0
0
0
1
0
0
0
0
0
424206027
0
0
0
1223368380
0
0
1
0
10
0
0
0
216811
59858211
6
1
0
0
0
0
0
3
92364436
0
0
0
0
0
593728570
1391945826
0
0
0
0
0
21323715
0
0
0
0
69072381
0
502506936
0
961191
1689963762
467663144
0
0
0
0
0
12140128
239634873
0
0
0
6692931
0
28
0
0
6
3294936952
0
44457735
0
0
1
0
0
0
0
377479026
0
0
0
0
81926400
247186495
36
0
28
0
152818903
0
0
0
1136174207
237500115
0
1067797578
0
0
0
109011375
0
0
138220251
0
1074369835
0
0
0
505127220
10
0
0
0
1034920260
0
0
0
0
3
895834617
221351320
0
0
0
36
0
0
0
416233378
0
0
0
0
6
267255640
7978015
21
19974360
1
1115785180
1102137267
0
0
0
0
15
243442280
0
15
0
15
0
10
0
0
0
0
42006302
274016322
3
0
0
272786403
0
0
0
0
0
181579794
256092396
0
6
1
0
0
58747380
0
0
0
36
0
0
0
0
0
0
0
0
114375250
0
0
0
0
0
0
664128
269502936
0
2745417492
917440030
0
0
0
0
0
0
0
0
2879784046
0
0
0
0
0
0
0
3
0
0
83353416
0
0
3297092922
15
0
0
254420403
10
0
0
0
0
0
2538714930
0
0
0
1161403110
1074853112
0
4371
54119676
0
0
0
0
404383247
1109779
0
623274471
0
0
0
0
57410970
0
1059587595
23670640
298449096
856012776
0
0
3
0
916883253
2010704156
0
0
0
0
0
544912578
407641072
0
0
0
0
0
2058725319
0
0
0
10
196372714
726243216
187025625
0
0
0
0
0
0
0
800980300
0
0
0
0
0
0
0
135493475
0
15
6883905
0
0
1957231
0
0
103860078
0
0
1087248396
28
184579291
0
0
0
6
0
22609450
0
28
0
0
36
28
0
973662256
0
0
0
0
0
0
56759185
0
0
0
6
152137846
0
0
0
0
0
0
0
0
162820035
0
0
0
0
0
0
0
363317902
34175778
322592700
89254797
28
0
0
1710500266
48805275
0
0
0
0
805629870
0
0
0
0
0
10
0
0
10
0
28
0
0
2089304186
0
0
172843335
48693646
3
631279278
0
901071594
0
1034813141
0
0
0
0
0
0
0
0
387535269
0
0
0
1210836655
883533666
1
1293146505
0
0
0
255007236
0
0
2491392977
6
0
0
0
0
0
0
0
0
21
0
535521204
0
184080078
0
294577128
0
0
4495372
0
0
0
0
0
0
0
0
0
0
0
0
28
0
6
0
0
0
0
983793903
0
0
26017291
94455640
0
0
0
0
0
0
0
0
0
0
733018887
264488500
0
0
0
6
0
0
0
0
1194367797
0
0
0
2661484252
0
0
0
4134756
0
0
0
0
0
0
0
0
0
0
0
0
15
71486331
15
0
0
0
0
479895690
0
0
0
0
0
0
10
0
0
0
0
10
0
0
0
0
0
0
0
0
0
1417774877
1
496739440
0
0
0
0
0
27036981
2283069782
0
0
0
1372112968
0
0
0
0
0
0
0
0
0
12246
0
0
40504365
0
0
36
0
22094628
8684028
0
0
0
128841378
2854155248
0
0
508119381
0
0
11321661
751304466
1929931467
0
0
0
0
0
0
0
0
125825316
0
0
0
0
0
1009150275
0
0
0
0
340559389
0
10
0
387101400
0
589600630
347780751
36
0
3
19534375
0
0
0
15
0
0
0
0
0
1089896000
0
0
0
0
0
0
10
0
235809489
0
0
0
0
0
0
0
0
0
0
0
0
0
629787795
0
0
0
0
408937101
0
0
0
0
0
0
0
0
21875805
0
0
0
28
629610355
0
142345188
0
0
0
0
0
246364503
807758721
0
0
0
0
72547035
1199887578
0
0
0
1106780676
10
1773060235
212334528
1
148221153
0
0
6
2735929349
0
0
0
0
22366
0
728302695
300186253
683074
0
0
0
0
6
0
0
0
0
0
0
691901400
0
10
1703753327
6
0
0
0
0
0
4766328
0
15
0
0
226472403
6
0
0
0
0
1230201008
0
0
0
2111081467
0
6
0
0
0
0
0
0
0
0
0
487203720
0
0
0
0
0
15
0
279135777
0
0
0
0
113540579
15
0
10
0
0
0
0
2008406790
0
2434301610
3
0
0
0
0
0
0
57314571
0
0
1914172502
0
3517445952
425459035
0
0
76576500
13481028
10
36
146227944
310866
0
0
818404653
0
0
260061402
0
199890015
0
0
0
0
0
533419453
52597896
805268646
0
0
0
0
1
0
10
141250221
974412585
0
0
1514670
0
0
0
0
730823796
2988580725
0
791084976
0
0
36
0
3617172474
3452568739
862889653
910513801
0
0
0
0
37677365
0
0
0
1243338102
0
0
0
0
0
0
0
0
147104128
1928245981
3416105833
0
0
0
0
0
0
0
156158628
0
0
0
0
1036376628
0
283916844
761260690
0
0
6
0
55508916
0
0
28
661909245
0
0
27674397
0
17567628
0
0
0
0
0
0
0
0
0
0
0
0
0
0
263202096
0
0
941280966
0
6
0
0
0
0
0
878661981
0
0
845289370
0
0
0
0
28
3333621626
19355457
864635320
0
0
0
0
0
0
0
0
0
0
0
0
0
10
0
10
0
0
0
0
0
0
0
0
356485051
0
0
23760171
1144915668
0
0
0
0
178111459
3632860
0
0
381643594
0
0
0
0
0
0
3
0
699914142
0
0
82462131
0
0
0
0
0
0
0
0
0
0
0
122073524
1148139240
0
28
0
0
0
0
0
36
0
0
3
0
0
143154211
0
140809371
0
0
10
0
0
0
0
0
0
0
0
0
2356608167
0
0
0
0
0
28
0
0
0
2193465
1719325689
0
2320639657
10
0
623168556
36
0
183869076
908021199
0
73334941
0
5321953
0
0
0
0
639907425
649855326
0
0
588845403
423710605
0
0
0
0
0
0
36
0
0
0
0
0
0
0
0
1121115205
10
2416996892
0
108510594
0
0
0
0
1046031738
0
0
0
162822020
32384534
4940796
0
1055678275
0
0
0
0
0
1034101503
7563387
0
0
0
0
87787875
385961823
0
0
1002691371
0
0
0
0
0
0
6
3110082182
54596025
0
28
15
0
0
0
0
702581355
0
0
0
3
0
0
0
1195873965
0
1765020164
0
0
0
0
0
0
1209705078
0
0
0
362410503
81500432
2127420892
398537028
194546730
28
0
0
0
175284726
0
0
0
0
2063915378
0
0
0
0
43204005
6
0
366655920
0
0
0
0
10
0
0
1517925259
313355292
1
0
0
5276376
0
0
0
144168690
0
0
0
52887365
0
0
0
41400450
0
0
0
0
6
0
15
0
0
0
0
0
0
0
0
0
0
50135091
28
0
0
0
0
0
0
0
0
0
0
0
0
0
0
0
106587300
2193312424
6
2792645029
28
0
6
0
327078676
1
0
0
0
146562585
0
0
0
6
0
366796
3
56100528
1
0
0
0
0
0
0
0
712889920
0
0
0
0
0
0
513424990
0
0
0
6
23560680
0
0
0
3
0
0
177242646
0
0
0
0
0
0
0
0
0
0
740335960
3
0
0
0
112312578
0
0
0
0
0
0
0
0
1764064200
0
0
0
0
0
0
0
2652014439
2029796281
102510211
0
132356718
0
28
10
0
0
456155910
0
1657594641
0
0
0
633751381
0
0
0
0
2538797114
0
0
0
0
509874211
0
0
0
0
22038945
0
4411935
28
6
0
0
0
0
36434905
0
0
0
0
0
0
0
0
0
0
623980801
1195177415
0
959209946
0
0
0
0
6
0
0
0
0
0
1906290722
0
1706483681
556628295
0
225961911
0
206786616
0
0
0
0
3
0
158892051
0
718413465
0
0
591662800
0
0
0
0
0
0
0
28
0
3
0
0
0
148496761
0
0
0
0
0
0
1
0
3745026614
21
0
88225686
0
620030505
0
1601270622
0
0
0
69944878
0
0
0
118231114
0
0
15
0
0
0
10
64735131
28
1156300005
0
570694895
0
0
0
0
0
0
38775
24566545
2246969669
0
510003997
0
0
28
0
0
28
256047008
0
0
850100761
0
3558679499
12206825
0
0
3085545834
0
0
1351515395
0
10
0
0
0
0
0
0
0
0
0
0
0
0
0
0
0
1190012505
0
0
0
0
0
0
0
0
0
337909006
0
0
2656699760
0
0
0
0
3684255
0
15
218143828
0
447049851
0
0
0
0
307954153
0
0
0
0
15
0
1977086090
341568745
0
10756147
0
499264200
0
0
0
199990000
0
16289
0
0
0
0
0
0
0
6
0
345910753
0
0
0
28
3
0
0
0
1198271535
0
0
0
0
0
75241947
80981901
0
0
0
0
0
0
0
0
0
1367560764
1960098724
270409140
0
0
0
0
0
0
36522540
0
0
0
0
0
11841411
0
0
0
3
0
0
1006411680
0
0
0
0
0
0
0
928266328
10
6703444
0
2792041226
0
0
0
15
0
0
0
416550816
1532125
764580960
0
0
0
0
2243536701
0
0
178444386
3640951
0
0
0
0
309354369
0
380479905
0
225320244
0
0
0
15
0
0
472529873
139102860
0
221573474
6
0
0
0
24301788
0
36
0
0
0
0
0
28
0
0
0
0
15
15
0
0
463951491
983434450
10
136380870
929602521
0
0
0
0
870670368
28
0
0
0
0
0
0
0
0
163412091
0
0
0
0
1176100750
0
0
0
0
0
312012719
0
0
0
36
0
42934011
1285606
3
0
0
0
3
0
0
0
0
1
0
0
0
6
0
0
926156241
0
0
0
0
0
36
62962312
0
0
0
0
0
913246953
3
353527345
0
76993629
0
0
0
0
158108653
0
0
15
0
0
0
0
154255830
61899501
130871931
162057831
0
267255640
0
0
0
0
0
28
771332370
726929385
0
0
2063743164
0
0
111167015
0
0
1696666489
0
0
2212506
0
876388728
0
0
416308209
0
0
0
0
0
6
0
28
0
3
0
0
1078824475
0
0
0
0
0
0
0
0
818147861
289477891
3904615
0
425925891
784378
366027096
0
0
0
252648798
0
0
0
1130102759
66038
49955010
78444075
0
0
0
0
0
0
309992946
0
0
565615418
0
28
252439215
0
0
0
0
0
0
0
0
0
25760069
0
615882156
0
15
0
0
0
0
193455128
0
0
0
2104809698
0
0
858201735
0
0
27881778
0
610279516
0
0
10
6
3
0
1245353920
0
1500289748
36
0
0
0
0
82758907
0
0
0
0
0
0
1218984624
0
1110830545
0
0
0
15
0
0
21612025
0
0
0
0
28
0
0
0
0
10
447528403
28
0
0
0
0
0
2124081501
0
24503500
982231757
464631187
65731105
1
0
0
657085626
0
0
0
166923856
28
0
0
28
0
0
2518475357
0
192854980
1486186124
3738284094
0
0
0
0
10
912306970
0
234653616
36
1169188299
0
0
0
3
0
0
0
0
0
75246249
0
0
0
0
0
0
0
1
0
38452065
0
0
0
1349175096
0
0
0
6
0
1760329316
58563253
0
0
0
0
1
0
3368693151
0
0
0
0
0
1951693556
426548994
18915
0
0
0
15
632375331
0
0
0
0
2158492386
0
217642816
0
193976056
9736631
0
0
2722447466
180072753
0
0
0
558197578
203525085
0
0
0
0
0
0
0
0
10
0
0
0
699804062
872554425
118433745
0
0
2444706233
0
15649215
0
0
0
0
273557745
592533272
90794550
0
147687891
15
0
0
0
0
46104003
0
11354995
2755138451
0
0
0
97503630
0
72836415
0
0
1080079003
0
0
0
39662102
0
0
0
0
0
0
1381424831
0
0
21
3160971531
15
0
0
0
0
0
0
1419711202
0
229048736
0
0
1335382465
0
616198065
0
0
0
52978308
0
132478503
331026354
62759206
0
0
0
40666671
0
0
455733145
28
0
0
0
0
0
0
0
36
0
144015906
0
0
0
0
12839778
36
0
0
3
0
0
0
0
0
0
0
148896978
8308926
6
0
0
0
0
0
36
0
480713439
1221538878
0
344639709
0
0
0
0
0
0
395943870
0
28
0
0
0
0
0
741757608
271239408
6
1857616238
992032930
0
0
486642003
0
0
626137578
8940924
10
0
0
0
0
1240244110
0
0
0
0
0
0
23565582
0
0
0
5499788
36
1190167158
0
0
0
3
2267384281
0
0
30468490
0
6
1545833
0
1
0
1836081161
0
867903
57625480
0
28
604938698
16545628
1
0
0
0
0
0
0
0
0
0
0
3181155147
0
0
0
0
0
272235386
0
0
0
0
0
0
0
0
5788503
0
305254986
0
0
0
0
0
0
0
0
0
0
0
28
0
10
1180132100
816791980
70086880
0
0
356939121
0
0
0
171856530
0
0
6
0
0
0
0
166467381
0
6242811
0
1392524300
0
0
0
0
0
0
21
0
20359184
0
0
0
0
0
0
194603453
0
0
99454356
0
3
0
0
1247891133
0
0
0
0
0
0
0
0
0
95589855
0
981665895
627046076
0
1526047232
0
2876058734
0
0
2135272461
551933700
0
0
0
0
1741911
0
135161461
0
58584900
0
0
1827800184
0
0
0
0
0
0
0
0
0
0
0
0
0
0
0
28
0
0
0
0
0
0
2049177958
0
981541746
89438625
0
0
0
0
0
3
1161357909
0
2577697568
596778
0
0
0
3
0
2470977079
0
0
0
3
0
303078005
0
0
0
0
0
0
10
5419901
328241614
10
0
0
223946866
0
0
10
0
0
1062068283
0
892221320
0
0
6
2586419687
28
0
0
2260895372
307978971
0
0
13211897
0
0
0
2034839064
0
0
0
0
0
0
41518828
0
0
0
0
0
0
0
15
0
0
803431860
0
0
0
0
0
28
0
129500371
28
0
110290190
0
0
0
0
0
0
0
3206778
0
165156225
215250126
1286235
0
0
0
1754134253
0
0
0
0
0
0
10
0
0
0
0
0
482408391
36
0
0
0
0
0
0
297570210
21
0
0
0
0
0
0
28
0
147009999
0
0
358880644
0
0
28
0
0
0
1573068735
0
85327516
0
6
61388740
0
10
102651147
501795360
0
1683961115
95268306
889929813
0
1061890570
0
0
0
234468886
28
0
0
1882127126
0
1660422424
15
0
0
0
6
1598168240
2870764545
0
0
0
0
0
0
0
0
0
0
0
0
0
0
0
0
144702587
0
641297137
0
0
0
0
0
0
0
0
1129906953
0
0
55965
6
6
0
0
15
0
0
1027089
0
4561710
0
0
3907376
0
0
0
0
0
1023784942
0
0
75675753
0
0
0
0
0
0
20050278
882819190
0
0
1839336347
0
240692770
15
0
0
143859093
0
55487845
202497750
7282836
0
0
0
0
21981765
0
0
0
28
36
0
0
10804276
3
325979811
1
146030928
0
117190395
120706953
3
0
0
0
0
44476596
15
0
0
0
603659631
1583643464
0
0
884711080
0
0
0
0
0
0
0
0
0
10
0
0
2309332744
0
146658024
0
0
15
0
1810456407
584036512
0
0
0
352013311
0
0
12
0
0
614719177
0
10
0
90538696
0
0
0
0
0
0
0
0
0
0
55005850
3
0
10
23362030
0
0
0
0
94581622
0
0
89374797
0
0
28
0
0
6
0
0
64587295
0
0
0
10
0
333814
104668746
18278139
0
0
0
1802335443
2549436416
1395786200
0
28
0
0
36
0
15
0
0
0
0
2697848301
1446599918
197506
420021636
0
0
404089806
0
0
0
36
0
0
0
924282575
0
28
0
10
489328686
0
0
1275582
0
0
0
0
254330181
0
0
2866815
2171874948
0
1903119614
0
0
624780674
1148152821
0
0
0
6
10
0
326797395
0
0
0
1141076930
1092991635
6
36
0
0
0
0
0
0
0
0
114420855
0
0
0
28
397013931
0
0
581012916
3
0
0
3157391691
0
3
868599224
0
0
0
4302759
0
0
0
0
3
0
936341175
119111895
253338795
0
0
6
0
720196128
0
660752774
92052096
1470802635
0
0
0
40279800
36
3212687639
15
220675024
0
0
0
48573940
0
6
0
0
1641060
1196167416
0
367110156
36
0
1528600180
0
209031057
1
0
1996779434
0
0
0
0
0
0
0
0
0
0
0
937639860
0
0
0
0
0
577711036
0
0
0
1011262878
0
0
21
0
0
0
805004406
0
0
0
0
0
0
3565785
0
0
0
12076155
0
0
1
0
0
0
0
0
10
104509653
0
100929567
10
0
0
0
0
0
0
2255764682
0
1687580984
0
634613890
0
10
100978198
0
28
266980089
286310485
0
826952428
3
0
0
36
0
0
0
0
0
0
36
0
0
67680795
0
10
28
3
460151616
36778176
0
0
0
3171353338
0
0
0
0
0
0
0
0
31863831
398770990
779789286
0
0
0
0
0
0
0
0
0
52529272
182414550
0
671996130
0
3519383359
3145655641
10
10
3
788581041
0
28
0
510557322
0
0
0
0
215926478
315262434
0
0
3359932927
0
3
460066285
45988845
0
0
0
0
0
0
0
5622981
0
0
0
0
0
15
0
6
6
0
0
0
28
0
0
393408779
0
0
216753740
16270083
3029427162
0
0
3740231329
0
0
3
0
0
0
0
47044200
4527141
0
10
0
0
0
360630519
48201471
0
0
0
0
210565981
978524705
0
0
0
0
0
0
396832517
0
0
98346
301370382
0
28
0
0
0
436078560
28
0
0
0
0
0
0
15
265778040
0
0
0
0
0
1031238405
993601426
0
2852289768
0
323667821
0
0
0
698949966
0
0
0
0
1186599970
0
1027563111
21001324
0
0
0
1740141978
342550259
0
0
0
0
0
888290175
0
925553800
0
0
0
0
0
904676916
0
131673864
0
0
0
0
0
0
0
0
133262337
0
0
0
3055639205
0
0
362182962
36
0
0
6084816
0
0
0
0
0
0
46793675
0
0
0
0
0
0
0
0
0
0
0
0
0
0
208866141
0
1027210134
868215285
0
0
0
0
0
0
1249875003
6
0
0
0
15
0
266539416
28
0
0
15304278
0
0
0
0
0
69976140
10
0
0
3
0
3107578389
0
0
0
0
0
0
0
0
0
0
0
0
602860726
87734881
0
0
0
0
1258208456
0
0
0
10
0
0
281449675
372986328
644340226
0
0
0
482576730
0
0
0
223968030
0
0
15
0
0
3
1
3
0
3022281552
0
0
0
0
0
192187815
0
0
0
85083
0
0
0
3308495724
60428521
324653421
0
0
28
0
0
0
28
0
0
0
0
0
0
0
0
36
0
0
0
0
1
3029378000
509545
0
0
3198079
0
734769747
0
0
0
0
0
0
222562530
0
2931312926
296400378
0
61034676
0
14403675
587713470
290851021
717390381
0
372478794
6
0
492242376
944022150
21
0
0
95724195
0
0
299353746
130177180
0
0
0
0
3
0
0
288756496
26584044
0
0
0
0
0
0
707299642
0
0
0
883293305
0
0
36
0
3129010520
231763710
157682161
3171421
0
0
1783735735
0
821904068
10
0
1190402821
0
0
0
0
10
0
0
0
0
0
0
1
0
0
0
0
35756196
0
0
21
559130647
0
0
64042000
654410517
0
726733147
3
0
0
0
0
530822532
103795590
0
1027315345
0
0
0
0
0
6
0
3063448590
0
0
0
0
0
3
0
0
3
0
28
0
6
0
0
0
0
0
6
0
0
0
85236096
0
0
0
0
0
1413135354
376188735
0
0
1230731
0
0
0
0
19366125
0
450225028
0
3173376779
0
0
0
0
0
36
874309836
0
0
0
0
0
0
13295280
28
0
629667936
449064396
6
755652250
0
0
0
0
0
0
710814660
0
157157525
0
3507864079
223481511
0
270870370
0
0
0
0
0
0
3024800175
135704422
3
0
10
0
0
0
0
0
0
0
0
0
0
0
0
0
562583196
30896700
0
0
126645810
206558987
0
0
120024271
2230985172
0
373177540
408416023
0
0
2373442215
0
786398311
905570403
0
45186771
781923285
0
0
1100954350
0
0
0
0
0
0
0
960095154
225189184
0
0
0
0
0
0
94553490
0
0
0
54627378
104581953
0
0
112087878
837387149
0
0
0
3
0
0
0
2189278
0
2105420484
0
0
3
908391287
0
0
311335141
0
0
0
0
0
16482411
0
982596615
0
36
0
24127675
0
0
0
157203046
792915753
0
0
70217175
0
6
0
0
82621440
0
0
0
0
0
0
0
1315675920
0
0
1219513191
0
0
0
0
0
0
0
0
0
221940846
0
0
335790
159696635
0
0
0
0
0
0
509491081
0
312212566
0
0
0
0
0
328230631
267184113
0
0
0
635004695
40747878
21
46382896
0
0
0
0
0
922673403
0
0
0
0
28
0
809970876
6
201254590
0
78795181
0
822252628
14979198
0
0
0
0
3684314922
0
0
0
89518890
0
0
0
0
0
0
0
0
0
0
0
0
36
1020078746
628541542
0
0
0
101040220
559267290
0
0
55867735
0
0
0
0
0
0
0
0
0
0
0
0
0
4376361
1394321157
2308898292
0
139084050
0
3690215094
0
0
672032791
0
0
0
0
136612185
0
0
15
0
0
0
829318917
0
0
10
0
53101665
1968891325
0
0
0
16681613
1374787560
0
0
0
947478335
0
3
0
3219122880
626243745
0
0
0
0
5315430
94455640
224344835
0
821609095
920398060
0
0
0
502069422
0
0
0
0
38529579
114178716
0
39060
0
0
3
0
0
0
1025388255
0
0
0
16097866
0
0
0
0
0
219901906
0
0
0
0
0
0
0
0
0
0
0
0
0
169786378
0
6
0
0
0
0
21
21
0
163767175
0
0
22636356
0
24085270
1141049296
27606165
0
0
0
0
0
0
31836210
0
0
0
1225637665
976763874
1
0
0
0
0
0
0
0
0
0
119142766
0
6
6
0
0
0
5751585
0
86849610
0
0
0
3095190
0
0
0
0
0
0
359884206
3011070119
0
0
0
0
2388582931
0
983394726
28
2070079011
2321905802
10
0
13475836
0
0
0
0
121625406
0
0
0
0
0
0
0
0
16522626
364783555
0
0
0
394931460
0
688075156
1974157834
298717903
121609810
774988080
17745903
0
0
0
0
776436121
0
0
0
649658
434019453
0
0
0
0
3168903
0
2087140134
0
0
0
0
0
746891925
0
0
717228
466544331
0
0
967369905
0
2141720336
21935376
717541903
0
0
0
463610691
0
2003323725
0
0
0
36
0
27259218
0
0
17065965
0
1180073544
0
0
0
90795775
0
0
21
0
28
0
55193271
0
38226
0
3
107538445
0
0
0
348683280
6008380
0
0
0
185164797
0
0
0
0
0
0
1198614241
63320631
28
0
0
10
28
0
0
0
0
0
0
86811075
0
406290151
0
0
0
491301531
1223417845
0
92024961
0
388103730
0
0
0
2059850380
0
6
370205655
0
806853670
0
0
0
465353778
575978770
0
0
0
108243541
0
273840935
0
0
2350557251
0
0
0
3699540
0
658500195
744497578
83663580
0
0
0
0
0
0
21
0
0
1193349515
0
0
0
68404056
3
0
10
20355390
36
184137645
0
0
3402853239
0
0
221982985
0
0
0
0
0
0
0
0
879025061
0
0
0
0
52618411
0
0
0
0
0
0
420253536
0
28
0
0
0
60340605
0
0
1209016551
2462339459
28
507513870
2513490725
0
0
0
0
1504245
278185350
28
0
0
1199887578
803430798
0
0
6
112801689
10132121
0
0
0
0
21
0
0
0
3515218671
24819535
301077018
1427784057
0
6
10
36
0
0
0
321476046
0
1300556160
1339505459
0
0
0
0
0
0
0
0
0
3
3593639757
0
3609564952
581077494
0
0
1596993229
10
0
6
0
0
61433070
0
1211968761
0
0
15
1284000735
0
0
40064778
4744740
0
6
292324110
0
0
28
0
830994528
0
458439037
0
0
0
0
0
0
0
0
0
0
3
0
0
28
0
0
1
0
0
0
0
0
0
739066681
0
28
0
0
0
127784091
0
64656625
3457135
0
0
0
0
0
0
0
6
0
0
0
0
0
0
0
0
10
0
0
0
10
0
0
0
249057721
0
0
649052105
219742245
16115697
0
0
1412040
0
0
0
0
0
0
0
0
606442551
0
0
0
0
0
359535520
0
0
0
0
0
0
0
0
0
0
0
0
0
0
0
0
0
0
0
15
0
316223526
0
0
0
0
0
0
0
0
6
2738426
144848710
0
39909310
0
0
0
1332281280
0
6
0
0
395268786
0
526777111
0
0
0
234826956
0
0
0
3
2514403
0
0
1119094395
0
15
197793887
0
0
0
0
73404786
1802786025
1075846269
3
0
0
3535872027
0
0
0
0
166832511
389627471
0
0
0
0
0
0
15
2227746834
8965495
3539951529
0
0
0
0
1
0
0
0
2308026
0
0
0
790653
36115344
0
0
0
0
28
100444051
0
447229278
4918837
28
394032628
546134725
1996157931
0
0
40883403
0
0
0
0
92554815
0
528889026
625960653
0
0
0
0
0
18852870
51984306
0
0
0
0
0
6
0
0
0
0
733272660
0
0
0
12971871
1046508375
0
59858211
0
0
0
44420025
0
2287490112
0
0
422227270
626739310
10
0
0
18528
0
0
1528246483
647535902
0
0
0
0
0
3145565874
0
0
0
0
0
0
0
0
0
0
0
0
10
589222956
0
0
0
1585886087
3
0
0
0
0
0
0
6
979240481
0
0
17443371
25208490
0
0
0
3337866206
0
0
0
0
1
1232685378
0
282940899
1389903542
0
0
0
0
254127240
0
0
0
0
0
0
0
77204048
0
0
1401649764
0
1502915844
0
0
0
0
6
0
3633937152
0
268528725
878915701
0
75291440
0
3
28
89867121
0
0
0
0
0
0
0
0
0
150017181
0
0
0
0
0
0
0
0
3
0
15
210676113
0
10
0
0
593763030
203364028
162027001
421443028
6
3
0
0
301927668
258246901
0
10
0
0
0
0
0
0
0
383223994
0
0
0
0
0
0
10
0
0
0
0
0
0
28
0
0
0
28780947
0
0
0
0
0
1595166642
0
791005425
0
0
25909201
0
0
7529190
0
0
0
831157606
0
212707593
0
0
0
0
1706628
3907410
0
1103442297
0
2421293278
0
6
0
0
36
1033373991
0
138602925
0
300333286
0
0
1668051
0
543030128
0
102366586
10
0
408508236
0
0
0
340377532
0
0
3
0
1118300322
0
94482045
0
2014660022
0
0
0
0
0
0
6
113009225
0
0
0
319476003
1034103995
61832760
0
3
0
0
0
129919140
0
0
437887621
0
53887771
0
0
0
0
0
0
0
0
0
36
28
0
0
6
0
615752043
0
0
0
0
45234316
28
0
0
0
720783151
0
0
0
0
0
0
0
972515253
0
101797575
373755476
0
0
0
0
0
1984755263
0
0
0
0
6
0
0
0
0
6
0
15
0
0
0
0
0
6
0
795580593
6
0
376490520
0
0
403479801
44436844
0
19640778
322523964
0
0
0
0
1
0
1093729152
0
1339712436
987479020
0
0
0
0
0
660824835
0
0
0
28
0
0
0
0
0
117670
0
1
0
0
2811483230
0
0
0
98483595
0
0
0
0
0
15
0
0
6532155
0
0
252895841
0
0
0
0
0
1190897023
0
280640820
0
0
0
0
0
72619326
0
1931595
0
0
3
0
0
0
0
288348105
90444525
0
1010993061
0
0
28
0
0
898220
0
0
0
0
733684081
0
0
0
28
0
194081498
15
0
0
0
150658761
2952800257
3067697667
0
0
0
0
0
0
28
0
0
0
0
0
0
0
0
1024908399
0
0
3
0
0
0
0
0
0
0
634963577
2925002644
851766546
613745432
6
0
136121707
0
0
74521127
0
0
0
439813311
0
1677066122
0
2617913792
0
6
0
0
36
746003251
28
1605898989
0
0
0
4208085
0
0
0
0
0
0
6337557
1181198710
0
0
0
0
0
0
0
6
349612873
0
0
0
0
623027350
0
452878896
0
3
0
28
0
0
0
7970028
0
0
28
0
0
0
0
0
0
3986076
0
1011757636
0
1146628233
0
748361328
2792983568
502555956
0
0
0
215665296
0
0
628652611
216934035
0
0
0
900470703
0
0
6
0
0
0
0
3
0
377047715
0
0
0
0
0
0
0
446282784
0
0
0
0
0
0
0
0
0
0
198114465
0
0
0
0
0
2307757057
95452679
0
61600157
0
0
0
0
0
598830558
0
0
452448321
0
0
0
0
0
0
0
0
989873297
0
915640079
6
0
0
0
0
0
0
0
0
0
213229904
0
0
0
1595003610
0
0
0
0
0
0
947756883
0
0
0
0
0
0
0
20024956
597185547
0
0
0
0
913886348
1
0
0
35387926
0
0
0
0
29379945
0
289718556
0
0
1
3014740
0
62493829
0
967626036
0
37273098
0
0
0
0
0
13811655
0
0
0
0
0
0
0
35349600
0
0
105669453
0
0
0
0
473719590
0
0
0
629297516
0
121500666
0
0
0
0
19376500
0
3094759646
0
10
106244724
0
0
0
0
6
226801
2212807265
0
0
0
0
3
0
0
0
0
0
0
6
0
0
70004028
67494771
96112180
0
0
0
0
0
462855525
0
36
0
3
0
0
0
860357421
0
3
0
0
10
6
137025735
0
0
24721550
0
0
0
28
3113076
0
0
0
0
0
0
1098328146
10748566
0
0
0
0
0
280975365
0
0
0
0
0
15
0
0
0
0
2759048859
0
81849615
0
0
146051250
0
0
0
1131059728
0
0
0
6
130241730
1225941886
0
0
511536105
0
0
0
0
0
0
0
3
0
0
10
1660422424
313366370
0
0
0
0
0
830994528
15
566139626
0
153624156
0
0
28
11845549
6161805
0
0
0
0
0
89784225
0
0
10
0
369716028
195535200
0
6
618376528
396000153
15
0
0
557128890
0
0
28
358107707
12738434
0
605920266
0
36
442444710
0
0
0
1
28
281270297
0
0
0
1584326037
30147585
0
0
0
575229177
0
0
28
0
0
0
0
0
0
0
0
1770999915
0
0
103721175
0
495447981
0
0
0
281458937
220116
0
0
0
0
0
602789106
0
28
0
0
48930778
0
10
3
0
0
0
0
0
0
0
15
0
3101800474
0
0
0
0
534497860
100266200
0
42776625
0
0
2502191939
0
356240626
0
0
0
0
0
0
0
0
0
0
1428709837
0
0
0
0
0
0
0
0
0
0
0
0
0
0
0
0
0
0
0
0
0
0
709005996
0
0
0
6
698314506
3
221877645
209032813
0
0
592110078
0
6
0
0
0
0
0
0
0
0
0
1004044
67343815
60055320
0
0
0
0
0
0
895427721
0
1369706288
0
0
0
152092161
0
0
28
28
0
0
0
0
163820789
0
0
0
0
0
0
3
0
18687441
0
28
0
0
21050316
0
0
451275903
0
0
10
153735
28
0
974942403
0
0
0
0
0
1083427975
0
0
0
0
0
0
0
952290261
0
402101
0
15
0
0
0
707191131
0
0
823211
0
0
0
0
1439222277
15
52667127
209397880
363811825
12691960
0
0
28
0
0
0
0
0
1
0
0
0
0
0
0
0
1875650111
0
4295120
0
3081827921
6
0
0
3107806073
0
0
3
0
885047628
0
0
2276250787
640964774
882189010
14485653
0
0
0
0
0
0
0
0
0
0
0
0
0
1145840256
499730351
0
346429564
0
2925745319
0
10
0
15
139727178
0
0
0
2136774144
1232883996
0
52259976
183481765
145358541
0
39174526
902984735
0
0
0
0
0
0
0
0
21
0
6
639692796
0
67902031
36
0
837857580
2831092
0
0
0
0
0
1970542
0
0
0
0
0
0
6
0
0
0
0
285037298
15
0
1987120539
0
794828385
0
0
15
0
0
0
0
117818925
0
0
0
0
0
0
10
0
0
0
0
0
0
0
0
0
173854625
15175879
0
301338975
0
0
0
1044816328
0
0
0
0
0
2248788527
0
0
0
3
0
0
2274386203
415887220
0
0
0
6
0
0
0
0
137076051
0
0
0
0
0
0
374626878
787654747
0
1
0
0
0
0
0
2897404
0
0
0
0
0
6
0
15
1
442337896
1193212460
0
0
0
0
0
394341486
0
0
15
15
0
0
15
0
0
1216551801
0
0
0
0
1036080
0
0
0
92514003
0
28
19315098
0
6
0
0
0
0
0
15
0
0
0
0
0
0
0
0
0
0
0
0
238132576
0
67518010
1648020
58874772
0
2089703610
0
36
0
0
0
0
0
36
886693483
0
0
0
598320528
0
56238315
0
0
23430435
854436839
0
0
1
0
1011127965
10181328
0
11426590
28
0
0
0
0
15
0
0
0
0
0
617954590
0
15
0
0
0
2180319374
0
0
227921925
919840386
0
0
0
0
0
0
555314476
10
0
0
19955754
0
10
0
1
0
0
0
0
0
0
10989419
0
89011153
0
0
3
0
0
0
0
23475027
0
293146791
0
184243777
91266805
197716555
0
0
3
794935599
0
0
1448219180
0
0
0
0
0
3552204309
0
981532971
0
0
0
0
0
0
0
320285395
15
21
0
42453505
0
83816888
3
0
0
0
0
0
0
0
6
0
0
0
0
0
0
0
0
0
24045545
4282225
28
1034874765
0
21
0
0
0
0
0
0
0
0
0
0
0
0
0
0
6
0
348387606
15
0
0
188267310
1370340943
0
0
0
0
0
879964176
112739580
0
0
0
0
567930360
6
69496155
0
970487596
0
0
1013176
36
10
543144295
0
0
0
0
10
0
1613644692
0
48486628
0
0
0
0
2143723872
870258340
0
0
0
1052300525
0
0
0
0
21011403
0
0
1135981476
0
0
0
0
695148297
10
0
0
271526556
735879066
0
0
0
0
417892469
0
151056840
1063919256
0
152050641
2796098152
0
1916360447
0
0
1090188165
0
93113481
72378496
0
0
0
0
0
990001191
0
0
0
0
10
0
3
10
0
0
329435946
0
0
0
0
0
0
2379412952
0
0
0
0
0
0
10
0
0
0
0
10
6
0
1243184316
0
28
0
0
0
0
337909006
0
0
3
0
3
0
0
0
0
0
0
0
0
0
0
0
0
0
738336378
0
4692516
0
0
0
0
0
0
130065260
0
0
0
0
0
0
643346385
0
0
0
1480588545
0
0
835362375
0
0
0
0
0
0
6
0
6
28
0
0
0
0
0
893566675
0
0
0
0
0
172153290
1068544292
0
0
0
0
0
0
0
0
0
1675949416
0
0
74218836
0
0
0
0
0
738491579
14843076
0
47565381
2298398461
0
10
0
0
0
0
0
0
0
10
0
0
6
0
441459
0
2598469868
0
0
0
0
80619313
91280316
0
0
0
0
0
0
3
0
39520495
0
147138435
724034431
898108831
0
0
0
0
15
36
0
0
0
0
0
0
502555956
0
0
262684299
0
0
789057675
0
15722028
0
305526840
0
0
0
0
0
0
0
56556930
0
0
0
0
0
0
848076511
1
0
0
0
0
0
0
0
0
0
0
439701302
0
1039429215
0
3416917122
0
0
1200328506
1
28
6
0
0
10091278
0
0
0
36
3
0
531265906
0
0
0
0
0
6
0
0
0
603351
0
0
0
812575034
0
0
97559496
352489374
0
0
0
3611328
97196653
0
0
2138478519
0
529409530
15
3
0
0
0
0
16895522
0
0
0
398461374
0
0
30486474
268134903
151702071
0
737452810
0
6
0
0
1099919511
0
2064188294
0
0
0
643801235
0
0
0
0
71574630
541300431
0
882609105
0
0
596350380
0
0
0
1061752115
674858691
0
0
0
982897742
0
1054024741
0
6
0
0
0
0
0
274353600
0
0
605781028
0
0
31043260
0
0
0
0
0
0
323406028
0
0
0
3
0
825500028
0
0
0
0
0
10
0
0
437976406
3
597974653
0
0
0
301587266
0
0
0
15
0
0
0
867840291
0
0
0
1522764342
0
0
2468623554
0
0
0
0
0
49704450
340181592
122125006
0
0
6
0
0
294617715
0
6
0
0
500972031
605060621
0
0
0
0
1015494711
685131552
0
2282221412
0
0
0
0
0
0
36
0
0
0
0
0
6
56471878
36
0
0
28
0
0
3
1403091
0
0
28
0
0
0
0
0
0
0
0
0
0
0
0
0
0
0
0
3319258783
161901015
0
0
0
0
274473974
0
0
0
0
1838285972
0
0
2800454012
0
10
0
278890284
0
0
0
0
0
0
0
0
0
0
0
28
0
0
0
0
0
0
0
0
0
10
28843940
0
6
0
0
0
2004594592
97489666
10
0
0
0
0
75934326
0
10
1203016419
28
629007246
0
0
0
0
0
0
623309778
0
0
0
0
0
477710545
0
0
0
0
3
0
0
0
460100983
0
0
217954400
0
0
0
135457570
0
0
135474030
279651247
28
0
0
0
0
847175703
0
0
0
51912955
969682175
323660403
0
0
0
0
0
0
874017145
0
0
0
0
0
0
10
0
0
28
0
10
0
1
0
10
0
0
0
0
0
10
0
609222800
385405966
114771631
634553592
0
3
0
0
30462915
0
1662219557
28
0
0
0
0
0
0
787429770
332600736
44949161
0
0
0
0
0
5064153
0
0
202588848
15
0
603071537
318003
1921654506
129398589
36
0
225919396
0
699178148
827541
0
0
0
0
111875047
0
0
0
0
1189800971
0
0
0
0
341260289
2645894972
0
0
0
0
0
158215366
0
0
0
21
0
28
0
6
0
0
0
0
0
0
2077825092
0
14772330
6
1858217119
3
0
2337709472
0
0
0
28
0
0
0
2440977057
0
0
0
1425439884
1501713264
10
6
0
0
0
33784415
1521936074
285506109
1064103778
0
1
0
0
0
28
0
0
401676996
1561109615
0
0
36
6
0
78807735
1132427845
663845703
0
6
190134750
0
0
0
0
0
0
2493105851
0
0
0
0
0
0
0
703
0
3
0
55581
0
0
0
1587187327
0
36
1
0
3
0
0
0
0
2308070792
0
0
0
0
0
0
0
0
0
6
0
1339970
909745667
0
45682461
0
0
0
0
31327570
280690971
0
968869007
284852646
1329399
28
10
0
0
0
37963914
0
0
0
3632559063
49945015
0
28
0
0
0
0
0
6
0
1933197000
6
0
1
0
0
6
1249825006
0
28
0
0
0
3
321653566
6431100
138427260
187013736
138786130
36
1
3043460206
0
0
0
686950646
1162849425
0
162603561
0
0
0
0
0
0
0
0
0
0
810011125
0
0
0
33821200
0
0
101524125
0
0
0
0
3677627502
10
0
0
0
0
0
845612250
0
2987325555
0
15
10
0
103241265
0
0
1043217003
0
0
0
0
0
0
0
33640503
0
0
199197855
0
0
0
0
0
15
0
0
378601637
0
0
0
201066137
0
1010138878
118587700
0
0
364000671
0
0
0
2419727191
0
0
0
233226003
1092524140
0
0
0
0
0
0
1204547906
225176031
0
0
0
0
683977735
6
0
0
0
0
10
0
0
630852960
1555211370
0
0
0
0
0
0
1037651790
0
7063161
1
0
10
0
28
1129621746
15
0
0
0
0
44627628
0
0
0
0
0
0
726957071
6
0
0
0
0
0
0
28
0
3
139061655
1620967125
0
0
400742205
0
3062096675
0
0
0
0
0
0
0
563114997
0
0
0
2235924335
0
0
0
0
0
0
0
489297403
0
15
0
0
455914306
653930142
0
15
0
962485875
0
0
0
0
297448245
0
0
0
0
0
3675993614
28
0
0
0
25893
1
317400297
0
0
0
0
10
0
0
0
0
0
0
0
648091
0
0
1518557
0
0
777285846
532537930
0
0
0
10
6
82876375
0
2190699
0
0
0
632879253
3
15
0
0
0
0
0
3
0
0
0
0
2087947072
3025962947
88723908
28
0
2908985992
0
0
0
10
0
0
0
0
0
3
120875290
0
0
0
0
776807259
6
0
0
0
0
0
0
0
721031325
677478990
3442547690
10
15
0
0
10
1209016551
0
0
84280900
15
0
0
0
0
2723604
497338491
0
3029472081
28
102595650
0
15171786
17734905
0
1026883221
0
78293841
0
0
0
0
0
0
0
0
0
0
0
0
3
657665778
648720742
0
0
435257760
0
0
0
0
0
662348880
0
46392528
0
0
0
21115251
0
354561288
0
0
0
0
0
888796041
0
0
0
935086635
0
104742619
0
0
0
0
0
0
0
0
359750076
0
362491275
0
1175227921
435959767
0
0
0
0
3
0
21
127441460
0
0
0
1656047449
0
0
595378280
0
0
0
0
0
0
0
0
0
933315419
0
0
0
46492752
0
10
0
0
9592397
0
0
0
0
0
36315
0
0
0
0
0
3365945243
1052326626
0
0
0
82426380
233868887
0
0
0
0
6
0
2271701999
0
268650334
0
1486689726
0
0
0
0
0
0
0
0
0
15
0
10
1656663873
0
0
0
0
0
28
0
0
0
1150536465
0
112492500
906081165
0
28
231802746
0
0
6
0
0
0
0
0
0
6
0
226834350
20376499
2329561
0
1294732515
0
0
0
0
0
0
0
0
1
0
1816784844
0
0
0
1093969920
0
0
0
10
6
15
477460579
0
0
0
0
58584900
0
59301495
0
0
0
3
0
0
0
0
0
0
621369378
303600150
0
0
0
0
0
0
0
0
1209459153
548887039
0
28
28
953211
0
0
0
0
2340355145
3
0
0
1795571997
0
0
0
2791092086
0
0
0
0
140005011
0
0
0
0
1103301825
968242015
0
408308176
0
28
0
0
0
0
0
0
31948021
0
0
0
839372878
517309695
0
0
0
0
0
0
0
0
3267949714
0
15
0
0
0
0
0
781765111
0
83339225
114909375
0
0
13973087
159559936
1019780541
2661962975
198794960
0
1613119994
0
0
0
0
0
0
0
0
0
0
10
0
2286309213
0
10
0
88258271
0
619713615
617357091
0
464499960
0
0
4561710
0
28
0
0
0
0
0
0
0
0
114428314
0
0
0
0
0
0
0
0
0
194626585
0
28
0
0
0
0
0
0
108081753
0
0
0
256688229
0
0
0
0
1341927089
0
0
0
1540034161
0
0
1366837113
0
1106921826
282172389
1496718148
0
875188203
347204935
0
0
0
0
0
0
0
0
1182566057
0
15
393808080
36666766
0
0
0
0
0
0
6
0
0
36
1406482015
0
0
0
15
58806433
0
0
92881635
0
0
0
0
2375323672
0
123498387
0
0
0
0
0
0
0
10
0
2804214626
456675027
0
0
0
61075
0
0
1645186247
0
0
0
21
0
0
0
0
2886613750
0
0
0
419011533
993443025
0
0
1084673335
0
3
28
0
0
0
563134373
0
0
0
1194285
0
0
0
0
2350873925
0
87867396
0
0
199071081
0
0
0
0
0
0
0
128552595
0
0
0
0
0
0
0
0
0
0
731453421
0
0
0
0
28
155100078
0
0
21
0
436164396
0
0
0
36
366437034
19728621
0
0
28
0
0
0
227103340
510576990
0
0
572582582
28
0
0
28
0
0
0
0
40033135
0
3248235741
52249753
0
3136733714
0
0
28
553525730
0
0
0
10
1239546945
0
0
15
0
0
0
295605181
0
0
0
0
0
3525537969
344185124
0
0
0
0
0
0
6
0
0
0
0
0
603937635
804834
9899025
380369571
0
0
0
0
288876666
36316503
0
1130484701
0
36548116
0
10
88205880
0
0
3096531297
0
0
0
465687483
0
6
0
0
0
0
0
0
0
122031253
2497252586
0
0
0
0
28
150815028
0
478750096
2587505625
3
28
0
0
0
0
408622578
35199477
0
10
0
0
923403825
20882385
0
0
0
0
269665476
0
0
0
0
0
0
1627021166
23588146
0
0
10
0
0
0
0
0
45596635
0
0
5180760
0
0
0
105524128
36
0
0
91474621
232039653
0
0
0
252194943
0
0
0
19441795
0
0
0
1270869684
153203760
0
536592420
10
420253536
0
658552565
3
0
0
15
0
0
0
0
0
0
0
45129750
28
2388314033
416695146
0
0
3
0
0
0
768342734
2929854293
3
28
0
0
71049160
0
0
16372321
0
507800646
0
472868792
15
28990305
1071405195
866219454
0
0
0
0
0
440557618
736224378
0
767085696
664173681
74548155
0
0
81237793
0
3226539739
0
0
0
1530484589
434520460
72449603
264720635
3
0
0
0
0
1553203
0
10
0
28
0
15
3234696
0
0
28
28625961
0
1290827975
2610357697
0
0
499169406
379521584
0
0
0
0
0
0
0
0
0
0
0
0
0
114902
0
1
9029178
0
0
0
3322224082
0
0
0
62557705
0
594123600
0
0
10
318451
1153992861
0
0
0
0
128019112
0
0
0
0
0
0
0
0
64507761
0
0
0
50767926
0
0
0
0
0
0
8646
1649295391
2460541772
0
10
0
0
0
0
230362380
0
230185868
0
0
266486643
765493442
0
0
0
0
62189128
0
0
0
250278
442070245
6
0
0
0
36
3743178066
0
0
0
314842486
0
251025621
0
0
0
0
2886789308
0
0
0
0
637869903
15
1182038302
0
0
0
0
0
0
0
781053526
0
0
0
0
694358745
534917406
0
0
135457570
6
0
0
0
0
0
0
0
0
2017482401
0
4160170
0
0
6
0
0
1119966563
0
0
0
14042350
0
0
0
0
0
0
1
0
0
0
0
0
0
0
117324090
54272010
0
6
0
756688290
0
896274291
0
0
1806845980
0
729982945
0
0
0
0
0
0
0
164430045
0
0
0
54376806
0
0
0
0
0
0
0
890694321
0
2984337143
440733205
0
0
2085411761
0
0
0
0
338065003
0
0
0
0
0
599147985
0
4171422
0
0
0
0
1041892776
0
0
0
166832511
0
0
524637294
0
0
823631991
0
0
0
0
0
0
0
0
0
1134427528
0
0
315073893
80207445
0
0
0
16875145
0
0
0
0
15
0
0
0
2855604752
0
0
0
0
0
200830861
0
28
0
3486376845
0
2192503980
0
1990116240
36
0
1611021801
40181130
0
6
0
388995778
60906172
0
20927215
0
99031701
0
0
215104911
0
0
227708470
0
0
996047904
0
0
0
0
0
0
354330609
0
0
0
0
1066091291
0
1711310814
0
0
1132427845
0
0
0
0
3194063117
0
0
0
0
0
281686980
0
0
97573465
0
13372206
0
15
0
10
794110878
0
327641601
0
0
0
0
0
0
0
0
0
222868828
0
3454440114
0
451215820
1029095402
0
0
0
0
0
0
0
0
310625601
0
0
0
0
343914651
0
0
0
0
0
177731685
12699533
0
0
865300800
0
679557941
0
0
0
0
0
0
0
10
0
0
0
195812155
0
0
0
2115508454
0
2040994556
0
3
0
0
0
0
0
1567018835
0
0
0
0
0
0
0
0
63975275
0
6
0
0
0
0
0
3293296142
10303025
0
0
36
0
10
0
0
0
0
6
0
566716611
0
0
168553980
0
4825171
0
0
0
0
28076271
6
119737917
0
2076969155
0
0
52198653
1358427207
0
36
0
3740730698
0
2288818313
0
0
0
0
0
0
3740930451
0
0
78820290
65493549
0
0
0
0
0
0
1
36
179958906
113409330
0
0
77526326
1898883302
0
0
0
0
682669725
458718783
0
219084778
0
0
0
0
0
515309891
287986597
0
0
0
0
0
0
0
0
0
1627943370
0
0
0
0
0
0
0
0
3
0
0
0
0
0
6
0
0
28
0
0
10
0
0
0
19868247
0
0
0
0
0
0
0
0
83531775
0
0
0
0
0
0
7471551
0
0
0
0
0
1830980
0
61910628
0
0
196267578
0
0
0
549378378
0
6
0
743225660
3143732580
0
0
0
0
0
28
0
741644841
323634961
0
28
1704259357
11846278
0
0
0
99722503
0
0
1980075810
2202373362
2563637734
0
0
0
664116672
0
36
0
220661244
0
0
0
0
0
0
0
891032005
0
814726
0
3
0
0
82863501
0
0
0
0
28
0
0
0
0
0
977239945
0
15
0
0
393892278
0
0
0
0
0
818930685
0
0
0
0
0
0
0
22828560
0
6
0
0
0
0
169855449
0
0
0
0
2184744856
0
91287297
948183489
0
0
0
0
0
0
0
0
28
0
983616481
0
0
3
0
0
0
7100796
0
325188753
0
0
286262628
2394652979
0
28656235
0
45064404
0
0
0
0
329769721
0
0
0
0
10
0
0
0
15
498143232
0
537018378
0
0
0
0
0
0
755940094
727680140
0
0
6
0
19923828
0
0
0
0
0
0
0
0
0
0
0
0
2458879394
91957141
0
547987065
542840217
0
10
0
0
10
0
0
0
0
0
10
0
0
13765410
0
0
36
0
0
1185187641
0
0
0
367137253
0
1476621
0
0
0
15
710965486
0
15
367191450
0
0
0
0
1086129528
0
0
0
0
0
0
0
0
3
10
353485723
0
0
7818493
0
1776913018
0
0
230137533
0
85353645
0
0
28
0
0
684185536
0
0
0
0
0
0
0
66535506
0
0
0
6
116243128
0
3
138018594
0
0
942667984
0
0
0
0
0
0
280217301
359213806
711870778
0
0
0
0
772398302
0
0
15
1792671
0
0
0
0
1770714
788227025
0
114617370
0
2322259910
15
9649530
0
0
0
3307055
2474492663
0
0
3121251
0
0
43807196
3262350858
0
0
0
977580337
0
46991665
0
141094801
0
950981466
0
0
0
0
685628965
0
0
0
0
0
0
0
0
0
0
0
56855116
0
0
0
0
0
0
0
0
0
0
0
1435662071
0
0
28
0
323506770
0
1586309138
178198290
0
437562153
0
6
3
10
260478900
0
0
0
0
0
0
0
1073906340
0
0
0
10
0
0
0
0
0
233226003
0
508183140
0
438793995
0
0
92500401
0
28
0
0
0
0
311810719
115330078
0
0
0
0
0
0
0
0
0
0
0
0
0
41001040
0
0
0
2480878
0
290287503
441386616
0
0
0
0
407689507
0
0
25272495
0
0
3
0
0
220720555
0
0
82837756
0
0
0
0
0
0
0
0
0
0
10
0
0
0
0
0
0
0
0
10
15
0
0
0
0
0
0
0
3520836767
0
0
0
0
3
0
15
0
0
0
637691328
0
0
0
0
0
0
733349253
0
0
0
0
0
0
0
174648705
0
28
0
0
36846820
672114229
0
0
294722781
0
0
0
0
0
50583697
28
34184046
36
0
94373191
997548111
0
0
475535867
6
15
0
7548555
0
957271890
0
0
0
0
0
0
0
1780082832
0
0
0
1566016571
0
28
0
10
0
0
523859896
0
0
0
0
0
0
0
0
0
21
2999075282
28
0
0
589257285
796304278
0
340905216
625041046
0
6
0
0
0
0
2622176136
0
0
0
6
0
0
0
0
0
6
0
0
0
28
0
28
0
0
0
800140006
3279722394
924005566
0
0
0
0
0
0
0
0
0
0
0
2821586439
0
0
3203392193
492437780
58401028
3
28
0
13284435
134373421
0
0
0
703031253
0
0
0
173682405
0
0
0
1209065725
689798649
202157605
0
28
0
0
1010903130
0
0
0
1363726
0
0
14550315
0
1495139130
0
0
0
0
6
36
1753621408
10
2165477759
0
0
0
0
0
0
0
0
0
0
86652030
747935826
447528403
0
0
0
0
0
0
0
15
973710
615005056
0
230881664
0
0
0
3
1198810095
0
0
0
0
754758378
0
0
0
0
1664483954
243487278
256975785
0
0
0
28
0
838625599
0
36
0
1230271404
28
0
0
0
0
2521261550
0
0
11703
36
0
0
350408601
0
0
0
0
0
0
0
0
28
0
0
0
0
0
293607028
0
0
0
0
0
64156128
6
537936400
0
0
0
0
70822851
540124
243531415
0
0
135912137
3
0
0
0
0
0
0
10
0
0
0
0
0
0
1715468675
29736621
0
0
0
0
3
46914000
0
3
86104334
28
36
0
340936129
726624381
0
0
389031861
1955253
580910655
0
0
438687010
1305770810
458514903
1935166647
0
236147060
0
0
0
1609645733
0
623289860
0
0
0
0
0
0
0
648846276
40216996
0
0
0
0
0
0
155748710
0
654152535
0
0
0
900810235
28
0
0
0
0
1856536206
0
0
0
0
0
0
0
0
0
0
0
72848485
0
0
0
0
0
0
1068999441
0
0
233074845
68649903
0
0
0
0
0
0
1055687696
0
648486091
44170245
112738970
0
0
0
0
0
6
0
0
0
0
2742465834
1527196299
0
0
15
348044536
314554662
0
464652370
0
1603620097
0
0
80524395
0
0
0
0
0
0
253
63444480
93193940
454827880
0
0
0
6
0
28
10
2504901865
0
0
0
0
10
0
0
0
0
0
0
1
0
512208021
321604119
36
716512833
0
0
80791116
528563841
0
0
0
240736653
0
0
0
0
28
73926720
0
873306528
0
0
36
1124589025
0
0
150939654
0
0
542668712
0
5586153
0
0
210668601
0
10
135013528
0
0
0
2891318984
0
0
0
0
0
0
0
0
403955360
0
0
0
0
0
0
949499253
0
380949003
0
570831366
0
0
0
0
1225
0
0
28
0
0
0
0
156176301
0
3
0
0
10
1123057380
0
177162076
169068466
0
0
0
488676585
102223551
1720307666
0
0
2970435089
15
0
0
0
3
0
3
0
455884110
0
4034193
0
0
3711524096
0
0
0
504831918
0
0
1555694612
807758721
205872486
0
3
2329143397
3
189258240
3
3185577986
28
0
0
0
0
0
0
0
0
0
0
0
0
0
0
0
996924208
0
0
0
0
1185804948
43950000
129018016
0
5302396
0
0
0
0
0
36850275
0
0
0
5276376
261873055
0
0
207112128
0
217207682
0
0
0
0
192989745
2717261397
900513141
0
0
15
0
0
0
28
0
0
0
0
0
6
1438116
0
0
0
562650285
0
0
3
0
0
0
0
0
0
126031626
0
72643431
0
0
0
1134665703
0
681928060
0
0
0
1377810
0
0
0
0
0
0
3
0
0
0
2557234178
847077580
0
0
0
0
0
0
0
76057611
0
0
0
837734778
0
62434725
0
0
698426625
1481562655
1819188148
0
0
439398190
0
10
510481128
0
0
0
0
1072447705
0
6541353
496739440
580765280
0
0
0
0
0
0
0
12804330
0
36
0
0
0
6
0
754447590
0
92106378
0
4203087
788303071
0
0
0
0
0
207287525
28
80803828
514483003
0
0
0
0
476679126
0
0
0
0
0
2838300242
0
0
0
0
0
0
0
0
0
0
0
846888700
0
1230600855
54201
0
0
0
0
0
575571556
634516876
6
0
0
0
0
0
0
0
10
0
0
0
0
0
0
0
11467258
0
3531153
0
0
0
0
0
0
0
0
0
0
0
631563570
0
0
0
1675365
43956
0
3
0
0
0
0
0
0
3144925599
0
0
0
30027239
59454060
0
0
36
272697195
2743930027
506782099
630178400
6
179628272
3728854816
2895843377
25222753
0
0
0
0
0
0
0
0
0
43263090
0
0
0
0
0
0
0
0
0
0
36
0
0
2604228994
0
397972569
10
0
0
113635350
0
153186256
0
0
905906695
0
89958164
0
2127646859
49143402
0
22068046
0
0
28535235
1158657591
0
3
0
0
0
0
0
3642309418
8423460
1212658128
2513367922
0
0
0
606447210
0
0
120101751
0
0
0
0
0
0
1637842125
6
0
0
0
3
0
0
0
0
0
0
324653421
0
0
0
0
527371674
0
0
0
0
0
0
28
0
0
0
6
0
448606081
0
0
391538136
0
1676763619
3
0
0
0
0
139336471
0
1
0
8555316
1053915934
0
0
0
0
0
250318452
781646491
10
0
33311286
0
0
0
1248675351
366701061
0
0
2135448
0
39033030
0
6
36
0
3
0
0
1612169105
1209803455
461730466
160927060
0
20737144
61388740
0
0
0
297606
0
36
0
0
0
0
2250381
703218753
175041405
0
0
2088956212
252856877
0
0
0
0
0
0
0
0
0
0
294358716
0
0
3017196
0
362493026
0
779118075
0
0
0
1031465490
0
0
0
6
0
280454086
0
1150728351
0
0
0
0
390056415
0
0
0
6
228413251
28
0
3
4687697
6
0
0
0
1086269355
0
0
1760602400
2179709060
0
841750965
42486
0
0
0
0
10
0
918639816
0
0
0
0
0
0
0
0
0
0
0
218102055
0
0
0
87184065
346358040
240824431
0
0
0
0
0
0
186266370
6
0
28
0
0
0
0
6147771
15
0
0
1314165929
0
1
0
0
946000
0
0
0
224815494
1033328530
0
0
3091263147
15
0
0
0
692720031
0
0
0
10
0
496613370
1550546190
0
6
351774550
10
0
0
53132586
92718153
0
0
0
0
0
0
0
0
278539003
0
163741656
0
1636246015
0
0
1
0
0
0
2705274104
0
325286780
0
10
0
0
0
0
485301435
0
0
0
0
0
0
0
0
0
28
0
0
0
0
6
4187
0
1186015456
10
890694321
1019451763
0
0
0
28
608220003
0
0
861228753
0
0
0
0
0
603334614
0
0
0
0
6
0
0
413595972
0
1732010990
0
39012299
0
174200445
6
0
0
3760653
0
0
0
0
1022175505
0
0
3
0
0
0
2993265482
0
28
564328810
0
0
0
36
891854839
628085403
3
0
0
94167226
0
0
2668819272
0
0
798141081
0
1944509819
3
290995750
0
0
344649385
0
0
0
0
6
0
0
0
0
0
0
0
0
0
0
630852960
37840650
51100995
0
0
0
3019653
1
1421214382
0
0
0
0
0
1920827177
0
260889903
27007575
0
0
0
0
0
79222578
28
28
0
0
0
0
0
0
0
0
146579175
0
0
15
0
0
0
250098970
28
1
848456253
0
688255961
0
15
0
0
2712189583
0
542174649
0
0
0
0
0
1605880854
345332340
0
0
0
94689441
436586475
1738813832
0
1819048861
369677902
1630250435
0
0
6
353128600
0
0
0
0
0
25457680
0
0
2501960461
0
7803831
320153775
0
3
0
0
0
0
0
0
899706990
0
36
0
0
0
0
185233128
348035
0
266331660
0
1159765041
15
1730311997
0
3
0
0
315519760
0
0
15
0
0
0
0
0
2903008743
0
0
0
154501831
0
124469530
0
36
100444051
36
0
630877342
0
0
0
15
0
0
2641528862
0
230040525
96341973
0
0
0
0
0
1
0
101980621
0
0
0
0
36
5590245
0
0
0
0
0
0
0
0
1118260
0
0
36
0
1
28
0
10
22101276
353766700
0
0
0
0
0
699884991
20822359
128310270
3459864974
60044361
515638441
0
0
0
0
0
15
1271917740
0
0
0
249772425
0
0
0
7875
0
2916046380
5526150
1180269994
0
3
773626472
0
0
6539536
28929421
0
0
628333525
0
3657452989
0
0
0
0
0
517663576
0
0
10
0
0
0
0
3723023652
0
0
396280419
0
0
0
0
0
10
0
0
0
2047344096
1959564995
0
21
0
0
0
15
118649380
0
1294055458
621757216
0
0
0
0
455612391
0
0
0
0
94772028
1197341580
0
0
0
0
0
465719940
0
3638762351
0
0
0
307454143
1979919169
6
241979040
0
0
10
1247626128
2401336
6
0
28
36
0
0
3
0
0
0
0
0
0
0
697044453
0
978522441
3
0
0
206014551
175322175
20012301
6
797941326
108759126
0
0
0
0
26641350
0
0
28
0
0
0
0
0
121504949
0
0
6
0
0
0
761846095
0
0
323075490
1161162145
1110423952
922992525
0
0
0
0
29326311
0
0
127416666
0
0
10
0
0
155565622
0
0
0
0
15
0
0
36
1817785949
0
0
0
0
0
36290940
536330376
0
1
0
209152378
91561620
10
0
0
0
842941270
0
0
676954410
0
0
0
806801955
0
102419845
3
423652386
0
0
0
679938126
269990703
0
362895270
0
0
238852221
0
714590110
0
4717056
0
0
0
114178716
0
173491878
211707534
21
6
0
0
0
0
0
7622560
0
0
392373147
4994974
0
2533410082
0
0
3
0
0
0
0
0
0
0
1259193438
0
0
0
28
6
0
0
0
858160306
0
0
0
28
0
0
0
15
0
0
15
0
0
0
0
0
0
0
0
0
972118371
0
28
0
0
0
0
56294162
132055626
32703828
0
0
0
28
691255842
36
0
15
0
0
0
0
1
0
0
0
545258646
0
0
3
0
0
0
0
0
0
580963411
0
0
3
0
1651683689
43856295
0
0
0
0
0
0
0
2747172482
0
0
0
0
1231562042
0
0
6
3658539372
4890814
0
422779581
3
1070618401
10
1192013551
0
0
28
144052798
369580078
0
0
105045265
36
0
0
0
0
0
0
0
18498403
0
1
0
20388633
0
0
0
0
70323870
0
0
203147064
0
0
27080200
3
0
0
0
3
698640222
0
0
0
1
0
0
6
0
428937405
0
0
1083859621
1
0
0
319754116
0
439512690
1329275141
0
0
435169251
0
0
144967878
0
0
0
0
0
0
71335656
0
0
590567307
15
0
0
0
0
515421072
65097435
0
0
663372100
0
0
832666836
0
6
1601924111
0
15
0
0
0
0
15
0
0
0
0
10
0
0
0
0
0
0
0
201851724
0
731167920
0
754616031
0
0
2874003
36
0
0
0
0
0
0
0
0
0
885115
0
0
0
937676534
30278312
0
0
15
0
0
0
0
0
0
0
72776080
239050045
0
229140528
123417605
0
0
0
0
0
0
0
0
1040063182
0
2715615
0
0
0
0
0
0
0
0
10
89800101
1
0
0
0
0
175322175
0
1
0
0
3
531363700
141975246
1017343278
1266478100
0
0
0
0
0
0
910656035
253068753
0
1434734297
0
3
25085187
0
0
28
0
0
0
434035464
0
0
0
2124863072
0
0
0
0
0
850513146
0
2553256172
36984300
0
391202406
0
0
165560375
310665201
43110255
0
0
0
0
0
0
0
21
165319836
2346946862
0
0
34706946
0
0
0
0
0
0
0
0
0
28716831
0
6
0
42186705
0
0
0
0
0
0
0
6481800
3
0
15
14328125
0
762424299
316122179
0
533680785
2283977137
1449617812
0
0
933530445
0
0
206867970
0
537996495
0
10
0
0
0
0
2283625316
570257106
0
0
1699105666
0
0
0
10
0
161397561
28
0
15
326465128
11664461
10
0
0
0
0
0
0
2662663619
0
400883770
0
0
0
0
0
0
36
74457209
0
0
0
0
0
0
0
0
0
0
28
0
0
0
237227363
56995425
0
0
0
0
0
0
0
0
0
0
0
1
0
0
104033100
0
0
768139055
1226239003
0
0
0
0
13063716
0
0
0
439220341
0
0
0
6
0
81198396
0
0
0
0
0
0
10
1113857365
0
114133386
0
0
0
0
164774781
311438403
0
0
461821636
0
0
0
1622808540
0
297789810
731917227
1125328679
0
1051975
129355570
0
0
0
0
0
0
0
6
0
13846953
0
0
0
1209114900
308599746
2347826642
0
21
0
0
0
0
0
156288755
0
0
1008713824
0
0
10
0
705583395
0
0
1167725301
85510503
0
15
749561121
0
63766597
0
3
0
0
2293146842
0
3308965365
0
98876953
0
0
0
1017523716
0
0
0
0
0
0
390000556
121578199
0
0
131811966
0
0
0
0
21
0
0
0
0
0
0
234093698
0
0
0
3281873679
0
0
0
44533203
0
0
1429136275
968286021
0
0
0
0
0
0
0
0
939893046
15
890441394
0
0
0
788978226
0
0
0
0
0
0
0
0
0
0
92397666
0
0
0
0
0
0
0
0
0
0
222911055
0
15
69880041
0
0
0
0
0
0
453695997
0
0
0
0
0
7293264
0
0
0
0
0
430453577
0
0
905242956
563321395
0
0
23936488
0
36
0
624192778
0
0
0
0
0
474646083
0
0
0
0
15
0
0
265801096
195278203
0
0
0
0
0
0
0
132631321
0
6
0
0
22121226
0
0
425319356
183945790
0
0
0
0
0
0
0
0
0
0
0
15
968110003
89238120
15
0
0
67587751
0
0
0
0
4361877
676954410
0
0
0
0
0
0
15
0
0
283684290
28
0
0
0
659493863
332173349
0
6
0
0
0
0
1225635314
1629259222
0
0
0
0
26904780
0
419702878
129219279
0
0
270870557
0
0
22252858
3389150124
0
166777716
0
688551
1161162145
3249771528
0
0
264902653
1173214083
0
28
269108400
0
3
0
0
0
0
5884165
0
0
0
0
0
0
0
0
0
0
397493110
106912950
0
108595856
2140898013
3
0
0
0
0
36
2362051
0
0
10
1343660109
0
0
11164223
0
0
0
0
2479060481
238386533
0
0
0
0
0
0
0
0
0
0
0
0
0
0
0
0
15
10
1677131480
0
8482925
0
160321371
0
0
0
0
27103203
0
771675255
3475296869
0
0
1593569099
0
0
36
0
0
0
583047429
0
1399415571
0
0
0
0
0
0
0
0
36
12975670
0
0
0
225688006
0
0
0
0
0
0
0
0
42049035
36
0
0
0
36
0
917147221
28
0
0
208702665
0
0
0
0
0
0
0
0
238940730
0
9346326
412367979
0
0
0
0
0
2413438655
0
634409441
715232931
0
0
0
0
1194477369
0
1
119374426
0
0
0
2077438852
3284867754
8100
0
0
10
0
509874211
0
0
0
0
0
0
28
0
0
0
0
0
617497653
0
0
0
0
0
0
0
4794156
0
0
0
0
106463224
309022230
650468346
6
0
307135720
0
789772896
0
0
6
0
0
15
2279833133
0
0
731630022
0
0
0
0
0
1097157515
0
0
0
0
0
0
6
9389611
0
1
0
530483878
52944372
0
0
0
0
0
165683706
113048166
0
230061975
28
507991875
0
0
0
296555000
145462096
0
0
0
3
0
1079846628
0
0
0
0
0
693425544
0
36
0
0
5744355
28
0
0
0
0
0
0
0
98357325
0
0
34337915
0
35442011
0
0
3
1154233081
0
0
0
0
0
0
834585940
0
10
0
0
469052506
0
256386690
0
0
0
0
0
0
998991
0
0
104177395
472673487
1704225168
0
257225221
0
0
847216866
0
7942105
30120441
0
0
0
0
2451354423
226574865
17384356
0
0
0
15
0
0
0
0
0
0
3095259289
0
0
0
0
0
0
0
62647221
0
0
0
0
0
227853203
0
0
0
0
0
0
0
0
0
1345620
946432307
510545035
0
0
0
0
0
0
0
0
77333266
0
0
10
0
0
849894606
0
0
0
0
0
0
0
3
357348855
0
0
0
14159181
259475590
64326153
0
0
0
0
0
0
730236
0
21
0
0
0
3
0
246497706
0
0
0
10
0
0
3
0
0
0
0
239085944
0
585655616
0
0
0
0
36
75503616
0
0
64197909
0
0
1830306414
941758300
0
15
0
0
0
0
0
0
0
511566
0
0
0
2985184397
0
169647662
0
0
0
0
0
0
0
0
0
0
1790352130
526903027
87695146
21
0
0
0
0
16322670
0
345910753
0
0
28
262514241
3
0
10
0
19678401
0
0
0
285956704
256137661
0
0
0
0
0
578538191
0
104057460
0
0
0
730709106
0
0
13705230
3
0
0
77457681
36
3
0
0
0
0
36
0
0
0
0
0
0
8398851
0
0
0
3
52988365
0
0
0
0
0
28
66822580
0
0
752002371
0
0
0
0
0
167717517
0
0
756079941
0
360206220
0
6
0
1033283070
0
0
0
1174894194
0
10
0
0
0
0
284836983
0
0
0
0
0
0
0
412784066
0
269572590
499106215
559267290
1573457402
0
0
615671595
36
1020232206
0
1274976246
0
1802648859
0
3469525120
755019816
28
0
0
0
0
0
1008013220
0
36
0
428472980
36
0
0
145922986
0
0
0
0
0
278985531
0
148548466
0
375701207
0
0
0
0
934763183
0
0
372604051
0
0
0
1674824430
0
0
0
0
0
911538253
0
0
0
0
0
0
3
1129303083
0
0
0
0
0
0
0
0
1792671
0
0
0
0
28
0
0
0
3511347689
0
6
0
0
0
10
0
0
0
0
2255997365
0
0
0
150165250
0
0
0
0
271946181
0
0
0
162558045
0
1075992855
0
594171
17096628
0
0
0
14946778
0
1501727679
0
333426576
0
0
57321
0
0
0
225409528
1217242470
0
0
0
0
0
425925891
3125951289
0
0
10
0
3477992850
0
0
0
0
1
0
0
0
0
304045470
77843
0
0
0
0
0
0
2728000405
0
828183951
0
0
10
0
0
442599393
0
0
0
0
3630295776
0
0
0
1884394179
3
0
0
0
0
0
0
2717264304
1077076029
976484454
0
0
0
0
0
1256904666
702881271
0
0
0
173510506
0
0
444025979
0
0
15074935
0
0
0
0
0
0
0
0
0
1026941754
3120382120
1181198710
0
0
0
25109241
0
0
0
19806312
0
1524994913
406566870
36
0
0
0
298471717
0
0
62515939
0
0
0
354804841
1985028
0
0
0
0
0
0
0
2186357514
0
2955809216
0
0
0
0
33755436
0
22688426
0
0
10
0
0
0
2128524234
0
0
0
0
0
210463386
52127155
0
0
15
28173771
0
1256558267
1008998240
0
0
264902653
2025117680
109469980
398933837
0
15
0
0
0
28
0
52433920
0
0
0
362382970
0
341636730
0
0
0
0
0
0
0
0
425148627
0
0
3561310203
60659605
0
0
0
4866210
53259990
28
0
0
0
0
0
1202451669
0
0
0
0
2520278241
52923177
0
596005075
0
0
0
0
0
0
0
0
6
1319647444
3580680639
722703171
0
28
0
0
0
238285365
0
0
1197292645
0
704306746
1362011515
0
0
498471309
0
452387490
0
0
201370488
0
1227517874
0
0
259566720
0
0
0
0
0
28
0
15
901390276
1144930878
0
5970240
0
0
0
956178315
0
1104147528
28
0
0
1303974110
0
1285406658
0
0
3
1
3
0
0
0
5099221
0
0
0
0
0
0
0
0
0
0
0
0
10
247853980
584905503
0
1217637226
0
28
0
0
0
28
0
6
0
110923065
1133379855
0
0
10
66735687
1749349290
106879510
0
0
492256979
10
0
10
1601335985
0
0
0
48398041
2328677873
0
0
0
750800625
0
1174452345
0
0
600810252
0
0
1
0
0
1247977664
0
2295424537
0
0
47331585
0
10
0
133914795
0
0
0
0
10
0
807597955
0
0
0
0
0
15
0
0
0
0
10
0
708780075
0
0
1389546
0
0
345412015
968858190
0
0
36
2188917216
0
43667022
0
0
3
0
4364535
0
0
0
3
0
0
0
0
0
0
0
10
0
36
0
0
0
0
268830078
0
94394766
142003378
111773676
0
0
15
21218372
0
0
0
0
0
0
780383786
0
205879301
139601186
404687025
0
28
274264086
0
28
0
0
706109410
36
0
0
0
0
0
1628899040
935028
3875325
0
0
82445945
0
0
0
213264629
0
0
669212820
3
1390636250
0
131147110
925295671
0
0
0
0
0
0
0
0
28
48093528
0
0
0
0
1135809291
0
0
0
0
0
0
0
0
0
0
641554110
15
0
0
0
0
0
0
2154738769
0
0
0
0
0
0
0
3
2821066071
0
0
0
0
450224396
0
0
0
0
0
0
0
201520791
0
0
0
0
15
10
0
0
188750117
0
0
0
328256253
0
2627014446
36
0
890863155
0
0
965720442
0
3728755113
0
0
999961560
0
1149673176
0
0
0
15
0
0
0
0
0
1
0
32995626
0
0
0
0
3
0
0
0
0
0
3111633833
0
0
0
0
0
15
28
0
0
0
66556953
37258144
208677013
0
0
128440378
0
0
0
0
618142878
0
438776911
73269207
0
0
0
0
0
0
183545810
206705278
0
0
0
0
0
0
0
223862220
0
0
0
1626790587
0
0
0
0
0
0
0
399667128
57248249
0
184631877
28
0
0
0
0
751886031
654702930
1025931753
0
0
0
0
0
0
3
0
0
0
0
0
0
0
1794613514
0
0
2147770287
0
0
0
0
0
0
1650223994
0
634481253
0
195377028
28
0
0
442992495
0
0
0
0
0
6
10
6
0
36
240736653
0
0
0
0
0
83230560
0
0
0
0
208212621
0
0
0
0
0
0
15
0
0
0
0
350423394
0
0
0
540882336
0
0
0
1951110
0
0
0
0
1232536425
25966821
0
28
0
0
58770957
0
0
1355900211
1517734281
0
0
0
0
0
0
0
0
0
0
0
0
0
0
0
269062003
0
0
0
0
369879201
0
0
187356403
0
227000690
0
841874061
0
0
0
39786268
0
0
0
74829261
191091475
0
0
0
3
0
0
0
0
370936326
0
0
0
0
0
0
21
0
0
0
28
0
396816706
0
139837726
0
0
0
0
36149295
294455778
0
0
0
0
52290651
0
0
0
0
0
0
615355821
0
2630071
146555760
0
0
0
213800181
0
746119135
0
0
0
593142903
0
0
0
85366711
0
524280771
1532369836
0
80918281
0
2159395
0
10536750
0
0
0
0
0
0
0
1003632003
0
0
857543094
8374278
2810710548
0
0
0
0
0
0
0
0
0
0
0
0
4579851
0
0
1025849532
1116163128
0
0
859863266
0
1117770121
0
170280895
0
0
13095480
371703745
0
0
0
0
0
0
0
51425011
1692515940
104779891
353607121
0
0
612834169
0
0
0
0
958603398
0
0
19609453
203969503
0
0
610803676
0
0
0
25318830
632701815
0
8084748
0
2700846932
3
6
0
522242721
865270
513905770
2908281347
0
0
363177455
0
0
0
0
0
0
0
0
0
0
13486221
0
2471163152
127046897
0
176825375
15
0
0
589179194
15
2374965521
0
0
703567844
0
0
0
652927304
0
0
0
0
0
0
0
0
0
0
3
0
0
0
0
0
0
0
0
53991636
0
0
0
0
0
0
0
0
0
0
862100526
0
0
10836840
0
0
0
0
0
0
0
0
0
0
119281735
0
505873734
0
515574216
114556816
1
0
291816561
6
1182316878
0
0
21
0
16086449
0
0
7603868
336818035
0
0
0
0
0
0
3
0
0
0
0
0
0
0
6
0
0
165374391
0
71561091
0
888416628
226685278
0
0
7650474
0
4205841
742469108
0
0
0
0
0
0
4637535
0
0
0
0
0
0
0
0
1138762558
0
923786514
400232778
3
40666671
561275760
0
0
533092878
0
613638028
0
26970840
3
207358100
36
0
168704325
0
6
0
0
103730406
2038107589
1215767046
0
0
0
2186816699
0
48358695
109246371
15
0
1236511585
0
4453620
0
515138192
0
0
0
0
393043488
0
0
0
0
0
0
0
28
0
0
0
0
0
0
0
0
0
0
0
0
0
0
0
0
0
208263788
19690950
6
0
19423290
229593380
89652745
0
235694616
570189565
0
426130221
0
28
0
63018326
1605553355
0
0
0
0
87294081
0
779608372
0
0
6
0
75899395
414763201
0
0
0
0
0
0
0
1279784859
30615200
0
0
0
266654871
0
1073211285
0
377204311
0
0
0
0
15
0
0
0
0
0
457512564
0
0
0
1865976528
0
0
394425741
194669266
241000035
28
0
0
1190402821
0
0
0
0
1466797289
1710433455
153789191
613199280
36
0
0
55427215
0
0
0
6
0
0
211788819
0
0
0
104420970
10
939546226
2363162410
0
91794475
541699100
517438365
0
0
0
0
0
10
0
0
0
36
0
0
0
0
0
0
0
0
0
0
0
0
0
36
0
0
0
566413653
317356221
0
966557766
0
0
285808186
0
0
0
0
0
0
867997776
0
4535235
0
0
0
0
0
0
28
0
0
0
0
57625480
834218281
10
0
0
15
0
167966610
0
48920886
0
625217841
0
12402690
0
0
28
0
0
288059288
0
0
0
0
0
0
12971871
2033292441
28
605537400
0
616689640
0
0
0
298595703
0
0
0
1842664172
0
0
15
2112681914
0
0
0
131831210
0
0
0
0
28
0
0
0
0
1237182869
2279777
0
2854286360
32744278
0
0
0
0
170782921
923962578
36
0
15404025
0
0
0
411605565
2373959708
0
0
0
0
773375705
0
589875378
0
183696528
0
0
0
0
467675236
0
0
48181836
872285808
0
0
2556036917
0
0
0
0
515349460
0
202538001
3
245932145
15
0
0
3
0
1744810939
0
0
0
332755503
0
0
0
0
0
870429378
87990
0
649566946
0
0
0
0
0
0
889808205
0
109563795
0
0
0
3661009124
1981638425
1180497060
0
0
0
19659585
846064680
0
0
0
0
0
28
10
0
1628042203
10
950981466
0
0
3430965255
0
0
0
910287861
0
0
198047184
0
3308213951
0
0
233031666
0
0
10
5387595
1
380590255
0
0
0
0
2224995
0
259202296
0
0
0
0
0
95862781
36
28
28
670167786
665048685
0
0
678648061
0
142610716
248968455
46492752
285624570
0
0
0
0
0
0
0
0
144408059
572082225
0
0
1
0
0
0
0
0
1079730639
15337491
370804528
0
0
36
60186906
0
0
19694627
3667829935
0
130309632
0
452531823
0
10
0
0
0
993443025
0
0
894686615
1957245026
0
0
0
0
0
289622278
88850814
7845047
218791821
1110589068
0
36
3
0
54376806
0
0
0
0
0
49247850
0
0
0
236525499
0
0
0
0
0
51417334
3
0
15
0
0
0
0
0
2654301466
178784595
0
0
337415253
0
0
0
8834706
3252378602
0
15
892636878
0
28
0
0
0
0
3
0
725214570
0
0
113198581
0
0
109468206
0
0
0
25873221
1173885828
0
3
0
3588914
11136840
0
0
0
767986836
0
0
0
2260313885
0
36
0
0
0
1005578397
0
0
0
0
0
15
3385775091
0
10
0
0
0
0
0
0
0
0
0
0
10
2101739829
0
606094336
0
0
0
0
10
36
0
245763379
80587860
3
0
0
0
0
0
0
22555686
1043262681
0
220048731
10
6
1195433856
0
567327322
21
564698421
0
0
93027246
0
1201063566
99031701
0
0
274854113
0
0
0
1015961678
0
0
0
2692634487
0
62481
0
673575603
0
15
0
0
0
527978760
0
0
1
0
176426250
279885970
0
0
0
1007417595
0
0
0
0
0
0
0
0
0
0
0
0
0
0
0
0
0
0
1
0
15
0
0
0
0
0
0
0
513328861
0
0
0
1
0
0
0
0
0
0
404601681
86599380
0
0
0
0
10
0
0
0
193364240
3
0
2197662267
0
0
149844155
0
2924949935
88139772
0
0
537444505
0
3
315479781
396394246
0
0
0
2311020242
0
0
0
1924550715
0
0
0
0
0
0
961389325
3
0
0
0
0
0
594797295
10
0
0
0
6
0
6
0
10
974721628
0
3013624303
0
0
28
28
0
517116720
0
3637186391
0
15
0
0
0
0
0
0
0
0
10
0
0
0
158770368
0
0
822536520
0
317048148
28
0
0
104061951
0
1143828
0
6
0
0
0
1885209272
1705034723
10
0
0
1237257640
0
6
384601245
0
0
1217304885
0
0
1
15
3641422485
1721424810
40234935
0
3008292980
0
0
96667560
36
1552561390
0
0
0
84335825
542604153
0
230469715
0
0
0
0
0
0
0
3666494897
3
225075176
519898045
0
0
3
0
3084681151
0
0
0
10
0
0
610453145
0
0
17496570
0
106514310
0
0
21
1270034
585179155
0
0
0
363769403
3737285747
0
0
0
0
22495278
0
0
0
146658501
0
0
0
0
0
0
0
1731059565
6
0
3
3
0
0
0
0
0
0
115749270
3
10
0
1206587364
0
3
768535615
0
419442166
0
0
0
0
28
0
0
0
0
0
0
0
10
0
214391250
28
0
0
0
0
18316378
28
0
0
0
0
648594136
135589278
10
94094150
1096806844
0
0
144831690
0
0
896909481
0
1
1085570310
0
0
0
0
0
0
6
0
0
0
0
0
0
0
0
9979278
0
0
0
167765403
49218081
0
465750460
0
3
0
0
0
3
0
0
0
228001389
0
0
151759900
0
0
0
848933284
3
107399930
0
0
0
0
1
0
6
0
0
10
0
10
0
1558755526
0
0
0
3
0
6
0
509358809
83069605
0
36
677212003
0
0
0
1200524500
260478900
162225078
0
0
138817832
66868830
2424552453
0
0
0
0
0
0
2885472872
0
28
15
0
0
0
0
0
1123925166
264928579
0
317759445
0
15
0
0
0
0
0
232988491
224442759
0
0
0
2769585
0
0
0
0
28
0
0
0
0
0
0
0
0
0
217840
216928575
0
2212356
0
0
0
244768999
203635202
0
0
0
0
0
418747330
0
0
0
746157765
460833783
0
61067826
0
0
0
359830551
0
2447452232
36
346766
0
36
0
0
0
0
0
0
0
0
0
0
0
0
15431790
0
0
0
0
0
247943046
0
0
0
0
0
0
0
0
0
0
0
0
895791
0
0
28
234285481
0
0
0
0
372194378
28
851670663
603174179
83896581
0
0
0
93304630
0
0
0
1177749360
0
0
0
0
407222991
58563253
0
0
0
0
0
0
0
0
0
0
131426331
0
0
28
2353365
0
12377800
0
0
9063153
6
0
0
0
0
3
0
0
0
0
0
0
0
385560681
0
0
0
108037650
0
0
0
216871551
0
872839398
0
0
1068065399
0
10
0
0
0
0
0
0
770065390
639406680
39130281
0
0
0
0
0
0
0
0
1075807305
0
6
0
0
0
0
0
0
1687279715
0
0
0
0
1028016496
0
0
58563253
0
134525968
0
0
3433787496
10
0
234935326
0
0
0
0
3086949332
0
587576340
0
0
36061278
0
0
0
704494416
5323165
0
2834916714
13527801
641124336
618482035
8380952
0
1782241899
0
181213203
15
0
0
394948782
0
379381332
0
8767578
0
0
0
21
91279494
0
356068159
15
431371878
0
0
4241328
33607701
0
0
52259976
0
0
248625
0
0
0
0
0
28
0
0
395296903
28
0
0
0
0
58953530
2208699553
0
0
55593240
601408820
0
0
0
0
0
0
0
0
3
0
1
0
980314431
0
0
0
0
0
0
116914986
0
2985095235
0
0
0
317154705
0
0
0
0
921306164
0
0
793154706
0
15
1116352126
884183914
0
0
0
0
0
2297576539
2892055547
0
0
1904651314
0
0
0
0
70344745
0
0
0
0
842982330
0
0
0
0
0
0
0
0
0
0
3
0
0
867423726
0
2215431703
0
28
0
299925
28
0
0
1014973740
1190354028
433100560
0
1211476476
0
0
0
0
0
0
0
36
1473214860
10
0
234523653
12205131
0
0
0
0
340670253
324785903
0
356794803
0
0
15
531143322
0
0
0
0
0
0
0
0
0
15
0
1134440863
0
0
0
710663850
52587640
0
0
704907378
0
0
71859984
28
41994030
0
0
0
0
0
0
250555305
0
0
0
36
1064103778
0
520563511
0
2205220893
0
1172998830
0
0
611887653
419094676
0
0
0
0
0
0
0
0
36
218415450
10
0
0
958628379
0
0
0
65341
0
0
0
6
0
3
0
0
0
0
28
0
0
10
1172570966
10
3
41091645
0
492017957
0
21
7888629
28
0
0
128159613
0
1705472504
0
0
0
0
0
0
0
0
0
0
345291935
0
2119517990
265639725
0
0
668993331
0
0
1
0
28
0
0
0
0
6
0
3297467951
0
0
0
0
0
0
0
0
0
452749186
0
0
0
28
0
0
28
12008697
0
2548185227
0
181594153
1468267335
0
0
79209991
734303510
0
1001104494
506521
10
0
0
0
0
0
0
198875547
455297489
28
0
0
0
0
0
0
87192615
0
0
0
0
0
0
994311368
0
3
1426026025
0
0
0
0
0
0
0
0
0
3
0
279294795
0
939849690
403316997
0
0
6
0
0
0
88797801
1054346160
0
0
48476781
0
1
3689421150
0
0
2371186938
0
0
0
162045003
0
0
0
0
76502265
0
0
278631
0
1556730
0
0
0
0
3667780496
0
0
9050385
0
0
0
0
0
0
69460791
0
1286301
0
0
0
67552876
0
0
10
0
0
3
0
0
0
567929253
0
0
0
15
0
281022778
1
0
0
0
86336370
0
15
491050791
96018074
0
79484094
0
0
920760944
129881316
0
0
51882391
0
0
0
0
136779864
0
2101225029
0
0
238462445
1
0
0
0
0
0
0
0
3425322236
0
0
242003747
6
0
0
0
0
0
0
0
0
0
10
0
0
0
28
1326597304
0
587494850
21077473
0
0
0
197458128
0
0
476617375
393499431
0
0
2478149784
2576925618
778515085
0
0
121117086
2214845
0
0
0
0
822090426
0
0
0
0
0
0
88053085
470014416
0
12522510
0
0
0
3
0
0
460333653
0
0
0
0
0
0
0
15
0
2373601418
0
195238680
0
0
0
156689253
421965775
0
73441140
0
0
541034198
28
79799456
3378557476
28
21
367031699
0
194823930
0
0
165265290
2790178643
0
0
53452630
0
0
6
0
0
0
369716028
0
0
0
0
32332861
7068384
0
298571266
365026690
137446239
0
0
0
21
853959500
0
2079649199
0
3
1556531858
235494992
0
0
1
0
28
0
495213995
0
0
0
0
7994001
0
0
0
0
0
0
0
0
0
0
0
0
0
0
0
680491386
0
0
11174628
0
0
0
0
1
0
0
0
0
477296856
0
0
0
0
1413995830
0
0
3
0
8203275
0
860025601
0
0
10
0
0
868047924
0
10
512071572
842202361
0
1261659230
0
87470151
0
0
0
165410766
0
0
0
0
0
0
0
0
321823311
0
854394453
0
327056457
0
0
0
0
0
0
2985144621
252405
10127475
3175355262
0
0
0
0
0
0
91767378
154447300
0
608254881
0
0
0
0
111998061
0
0
6
1437426275
5289310
0
486111790
0
0
839086095
0
144525501
0
20821475
84799060
0
1562013060
3
0
1162126155
0
277054030
24231241
453863256
0
0
0
103759215
0
0
0
0
10
0
2596186199
196525225
0
0
0
3
0
0
289085688
0
0
1958220455
0
0
0
0
359991528
0
0
72824686
442486626
0
576216378
0
0
0
0
0
0
859113426
833941141
0
0
397916155
946146750
0
0
2136555508
0
2754838615
728150041
0
0
0
0
6
401988835
0
0
0
0
0
467627820
100090026
0
0
0
336039850
0
0
0
0
0
0
0
36649641
0
0
0
1725322838
0
2613070029
1888720757
0
3
0
0
0
0
0
0
0
3703916989
2125549257
1497286789
0
0
0
0
0
0
347780751
0
6
0
1
1244481105
1616434005
465933601
15
2252503
0
6
0
0
0
36
27156605
916112610
1913820608
36
0
0
311039211
0
0
0
0
3176597753
0
4549149
0
933016760
15
1426333833
0
0
0
0
0
1063108292
3361493861
28
0
171023265
0
10
0
0
2828616809
0
0
0
3
0
0
0
0
0
6
0
10
0
0
0
0
0
0
0
0
20151726
0
404481677
0
0
0
0
0
1440647485
0
1231503514
0
0
0
0
0
939912425
0
0
0
0
0
0
1
0
0
0
0
10028481
0
3015556499
0
0
0
0
0
11369773
0
0
0
0
18917849
3
0
127710895
0
10
0
0
0
895766301
593900880
201211830
428556726
0
0
10
0
0
0
0
0
3
6
404374141
0
0
0
15
0
0
0
6
0
3479293302
0
36
0
0
0
0
2210208251
0
3037562852
0
0
1196754426
0
0
0
0
0
83134065
28
0
801700903
2079714
121719003
3378082783
0
0
0
0
0
0
0
0
0
91347886
0
0
0
684000591
0
0
0
0
0
0
3601622453
0
0
0
901956628
0
0
0
0
0
0
0
0
0
0
0
0
0
3
0
703654522
588129257
0
1890598414
28
28618395
0
933573655
15
0
0
1271215
264667578
269595810
0
0
0
0
0
143744490
0
0
0
32412630
0
0
0
856395174
0
0
67330538
0
2790703
0
0
2261701358
0
0
0
0
38513476
0
0
0
0
1325465051
0
0
0
0
0
0
15400
0
651613481
448606081
0
0
0
1312507476
0
0
0
251048028
0
0
331859289
0
0
0
4031380
0
0
0
0
1
0
772382556
0
0
0
0
0
23360610
0
0
0
0
0
0
0
0
0
10
0
0
28
0
0
0
21
0
0
0
0
10
0
79358854
692437085
1152600078
0
0
10
0
0
0
0
0
3180833055
0
21
0
0
0
370586700
0
0
0
0
0
723108603
0
0
0
0
0
80296128
1022175505
0
33755436
0
813798996
0
0
0
0
0
0
377936126
0
139570278
448007211
0
0
0
0
0
3079607245
0
0
0
389888850
0
0
0
0
0
0
15
480422277
6
0
2033586993
0
2986344152
0
0
0
0
0
376737525
0
0
0
327001951
469979164
0
0
0
0
1399875515
0
0
0
0
104278461
15
0
0
0
0
0
0
0
0
0
0
0
0
0
0
0
0
1132427845
36
0
0
252584264
0
0
0
445048695
3
0
0
0
0
0
88199121
3212317376
553680194
6
0
0
0
644387050
0
0
842941270
912862356
0
0
3
0
0
1251642708
0
145308628
0
0
0
254623461
425218303
0
0
0
0
0
0
2329103922
325545886
0
242614903
0
0
0
0
0
0
613357800
133342615
0
313313028
10
836370524
0
0
0
90175140
0
0
2738426
0
0
6
0
0
1
0
682738487
0
0
0
0
0
0
0
0
0
39903711
0
335350642
74344494
0
0
0
0
36
0
1000856170
36214305
0
0
0
0
0
0
3139110260
0
1656531993
0
15
59175900
3681242970
661624876
91398483
0
0
18532844
0
0
309393305
15
0
676695328
0
0
0
0
15
846064680
0
0
467451282
0
0
0
0
1533552390
0
0
0
0
629381132
764463651
989415
0
0
0
0
0
0
0
406253260
0
0
0
0
0
63929778
0
0
0
0
0
0
0
6
0
0
0
0
0
36
1
0
0
0
0
0
14095395
1483008793
0
2276569137
0
0
28
0
0
867685126
0
0
10
10
6
1748700560
0
0
0
28
0
3554053761
0
0
0
0
208825266
0
0
0
0
0
0
0
0
10
0
0
0
0
0
0
0
0
6
0
378776353
0
0
0
0
0
0
0
0
0
0
0
0
0
0
1038927736
1585658449
0
0
0
0
89051130
0
6
2522299505
28
0
0
0
0
0
28
0
0
0
0
2034387143
1093926925
0
28
0
0
0
0
0
0
21803106
0
0
0
0
1174026795
19168540
275097470
0
24043645
0
962091045
0
991438185
0
0
0
0
0
0
0
0
0
0
0
112522501
8780145
0
28
0
6
0
0
0
101267796
0
3707048626
0
0
0
0
0
0
0
0
6
407222991
135921709
0
0
50767926
0
0
0
0
0
522630615
0
1103062650
171078753
0
0
0
10
0
0
0
0
0
0
0
0
1
54147621
0
130167702
0
0
0
2357679191
0
0
0
0
0
0
0
0
95669903
0
0
0
0
60340605
2051336046
36
0
2240173275
0
0
0
0
668006076
0
0
0
0
0
325407352
0
0
0
0
0
0
28
199650153
45367575
0
0
0
810735778
0
15347997
0
0
0
245566041
0
0
0
69720336
0
22365090
0
0
0
0
498854895
0
10
0
15
0
360018361
0
139503456
0
0
2552266697
0
0
0
0
0
6
0
1065903706
0
0
0
0
0
0
0
0
864874595
801906
0
0
0
0
0
0
0
0
0
0
28
3604030
6
0
0
0
0
682300270
0
122109378
0
0
0
0
0
703891
56005236
871343385
0
0
4027661
0
36
0
0
0
0
0
0
0
0
590390703
0
0
1045714989
28
0
0
0
85903278
15
0
0
0
0
0
125825316
36
1668617157
0
791880706
0
0
0
460181953
785922481
760129545
0
1
967846006
0
0
0
0
10
0
28
1939772285
0
0
182862603
0
0
889175535
1278994781
426414576
0
24756166
10762480
0
0
3339697
0
32563026
0
0
0
0
0
28
178898070
0
6
0
0
0
0
0
0
0
0
0
0
0
0
28
185618278
0
0
0
6
0
1663218325
977682090
10
0
0
227964628
28
6
0
626210137
0
0
10
0
0
11224332
542267058
0
0
981931770
785526066
0
0
0
0
0
10
0
0
0
0
0
892383381
0
3
1206333670
0
0
0
0
0
0
0
0
0
0
260835933
0
0
5460
0
128440378
0
0
931759696
136199260
0
0
3182444926
0
560191843
0
0
0
2405022540
0
214814628
0
0
0
0
0
0
0
10
0
0
0
0
23820
0
0
0
0
6
21
202497750
0
0
0
0
6
0
0
0
0
0
0
54460266
0
28
0
0
0
0
0
0
486817718
0
0
12105660
15
0
36
0
933664804
10
0
10
0
0
508456362
491019453
0
2958882136
0
0
0
0
0
0
0
0
28
0
0
0
830900378
928807492
0
0
83126743
0
0
0
330078
0
3873936
0
0
0
0
0
0
0
0
0
0
0
145700985
680786550
0
0
0
0
0
0
0
4332420
0
0
0
6
0
0
849836609
0
1315230229
0
0
0
0
0
0
0
3379365424
0
2023648127
0
21859430
544483500
0
472950390
0
2145311712
0
0
0
0
0
0
0
3
0
0
0
0
0
30175890
0
0
0
0
1199936566
0
0
15
0
0
0
230658434
396675861
0
0
101952060
0
305670473
2323779642
0
0
5397255
536920065
15
0
360086042
0
0
341237712
209623050
0
221464103
0
0
373551169
0
0
0
0
742453845
6
0
0
0
0
0
210639557
36641080
0
0
0
28
307259655
0
1
0
0
287196561
0
1289215059
3
204663345
10
165756528
726865220
94455640
28
11846278
0
0
757021327
0
180737578
0
0
28
0
936903828
0
404563754
28
1885918471
1
0
0
0
0
0
12936241
0
0
15688401
1013153618
0
343291033
0
0
81274875
0
0
0
2093771927
1931828052
2011335175
0
0
1875016
11476
0
0
7097028
0
3
0
0
0
0
2861794081
550131006
0
0
0
14079471
142813450
0
0
0
0
0
0
28
69449005
2495498006
477086128
0
0
2177538279
0
0
0
1587577267
0
0
57571815
8476903
397761083
28
3
1057763879
0
0
0
95257547
36
33722578
656324565
0
52076115
0
0
0
465811503
0
0
10
0
0
449835015
56450625
28
3
0
32752371
0
3
3
0
473165703
0
0
3
0
11111045
0
0
794190585
0
174667395
565505265
0
0
578833300
0
0
0
1188555409
0
0
594624855
94386424
3582244269
0
0
0
0
0
0
0
0
0
0
1345129072
0
0
0
579275703
681155595
0
952545838
28
0
1448467777
93154425
0
0
0
228584271
0
0
2824225055
0
28
0
0
0
5745249
0
330655575
1180178236
3529854329
0
134767153
909063480
0
0
2484673892
0
0
640201743
132608755
0
0
0
0
87126600
0
28
0
5121522
0
0
0
0
0
2053060718
1312770905
0
0
0
0
784656953
0
0
0
0
0
0
0
0
0
0
0
0
0
87801126
28
2173815
0
36
169149960
0
0
0
28
388605381
0
28
0
0
0
0
0
0
3
10
0
937536356
571613897
706266
0
1640056835
0
0
50193065
0
0
0
0
0
335262565
15
10
21
0
50185171
2790135437
0
0
0
0
0
0
289446759
0
0
1
0
0
1742692117
0
0
300014760
0
1892057671
0
0
554828016
0
0
36
7864998
0
0
0
973397503
0
0
0
3527477720
0
690270480
2535341903
0
0
2526551949
0
15
1300880085
28
0
0
0
0
0
0
0
10
129903021
0
28
0
26802181
440883063
0
3415725291
0
0
128312190
0
2338735997
0
0
10
1
0
0
0
144440506
0
316165210
0
0
0
0
6
0
2761526604
0
0
1078267141
1153329356
495322075
0
0
279859215
554736055
0
87681903
0
0
0
0
2261090320
0
0
964139576
3
0
0
0
763955416
0
0
2253642033
12642906
0
318793875
33476653
0
2552653088
3443794604
0
0
0
0
0
0
589714437
6
0
6
0
0
0
0
0
13408045
0
0
0
1089599303
0
0
30842370
0
0
36
419355280
0
0
323198645
1008656155
572183706
10
0
0
327283320
0
0
28
0
31122105
0
0
192489699
0
0
514994897
0
0
0
36
28
28
2209786023
220084045
1499625750
0
0
0
0
0
1760807965
0
0
0
0
0
0
10
0
0
0
0
0
1236710511
0
0
0
0
0
0
0
0
0
28
0
0
0
308471085
0
0
0
1426672290
390000556
0
281249372
0
0
0
0
0
0
0
0
0
0
0
470669504
520735965
694610047
0
0
0
0
0
544384506
0
0
0
0
0
0
21598878
0
0
0
0
0
0
589978425
0
31043260
83185651
0
0
699323901
6
0
2192958271
0
2098222076
0
874650839
0
0
0
287868015
0
0
0
0
2321158016
914059146
52854621
0
319425450
0
0
0
28
0
0
6
0
0
1
0
0
0
0
0
0
0
462538798
15
0
0
0
0
0
0
0
0
0
69743625
1065850512
0
1753518834
0
0
3324529390
0
0
60241776
0
0
2178043671
0
0
0
0
0
81589533
0
0
706256116
0
0
0
0
0
86044240
0
449985000
0
84103965
0
0
1754271019
0
0
0
2857122401
0
0
208294255
202699045
0
0
0
0
0
943886076
0
0
1027109826
379845703
0
2218671
0
527101746
36
0
0
2629277602
0
0
399195057
15
0
297483922
0
0
0
0
0
0
0
3
0
181593510
1699246
0
0
0
0
205913071
0
977593653
100344861
702356460
0
0
0
0
0
10
0
0
28
0
0
0
0
0
0
9810235
0
0
95779720
0
0
0
0
0
0
0
53609871
0
0
283994028
0
0
181803846
0
0
15
0
0
0
0
3346787687
956044991
0
0
0
1067658945
0
0
0
150745566
0
0
0
0
1252769754
0
0
1031322842
0
0
0
0
512422359
1329332229
28
0
0
0
10
0
196247766
0
0
18105153
0
1723492423
0
21
0
0
774828857
0
0
267446926
146008416
1242635878
0
88100861
0
0
0
1
202457503
54199940
0
775726966
3118740382
1019887820
0
0
0
243951
2451129423
28
0
0
0
0
0
0
270711546
0
0
0
36
36
36
0
1604866562
0
0
0
0
0
967547816
0
0
0
0
0
0
0
0
0
1398285
3465678691
0
0
0
66661067
1262668310
0
115364960
0
0
0
28813232
36
0
0
0
0
0
15
0
151789176
391230378
1192355361
274750861
17602734
0
0
284982005
1231047390
2373243416
0
0
0
357134058
275993442
0
0
1033510380
10
2067181577
0
0
0
0
0
6
0
173585574
0
10285380
0
0
0
0
0
0
0
0
21
0
0
0
3
0
0
0
0
48644316
0
710297165
6
1262239359
0
15
469450761
586068966
0
6
0
0
0
152888841
1447784163
819092575
3389106
210176253
0
3620414229
0
23891328
0
669981315
0
0
996944631
0
0
1721015378
1198075725
3678828
654940
0
0
24857
0
0
126872558
824301396
3
0
3
124440
0
0
0
0
0
36
1009673616
3680748
0
0
0
553833083
36
0
146247753
0
0
0
0
192796066
0
0
0
3
0
0
0
0
0
0
0
0
501990
0
423274060
0
0
0
0
0
0
329706575
0
159377127
0
0
1287
0
0
0
0
12926070
0
0
0
0
0
927089891
55256328
977197909
0
1662019830
0
0
0
0
2716455726
956783915
15
0
28
634677022
0
0
2783549019
0
0
0
0
0
0
0
0
682078645
0
28
0
10
3
776807177
0
259817410
0
0
0
0
0
1203711645
0
0
0
0
0
0
0
0
0
0
0
0
0
0
0
0
0
0
0
10
0
547821550
0
913639828
0
0
3
0
1121520220
3238934858
0
0
0
0
0
0
0
0
0
0
0
0
0
0
1
626314528
0
0
177969074
0
0
0
0
0
0
0
178198881
0
0
200130021
870767235
0
138602925
0
0
0
51780666
0
0
10
0
2543447730
15
0
0
426539028
1803758322
1950287060
0
0
0
735342075
2648289462
0
0
0
0
144219636
0
0
13810140
0
0
387165758
0
0
0
0
3682828412
35993370
0
0
21
0
941931906
0
459295788
0
0
58249821
32946903
0
0
0
0
0
0
28
260981281
0
0
0
0
2088147404
0
0
6
0
0
0
28527681
0
19621980
10
0
0
274962975
40486501
0
174317873
0
0
21
0
0
36
0
0
0
0
15
0
102652956
17662596
0
0
0
0
0
0
0
0
0
0
0
0
0
0
0
1458210203
0
78143751
467400025
0
206125400
0
0
395859453
1084054668
0
0
0
657231
0
0
0
0
0
387198222
0
0
297814215
0
10
36
1031874306
0
0
83071199
0
0
0
0
396963409
0
1330466160
10
104683215
0
10
0
0
3
550871028
1560561224
0
0
0
706388291
0
0
15
642736731
940863754
1790250499
0
0
28
0
0
6
36
0
0
3717943555
0
0
0
0
2436679049
0
49148655
0
369335431
0
0
667092601
1611316833
0
644256447
0
0
323380596
15
28
0
0
0
0
73705973
3
0
1332579398
0
80193968
10
2011143530
2222960030
425955078
0
0
0
6
0
0
326797395
15
36
19401705
101807835
0
0
0
6
0
158882735
0
337430919
15
10
0
893566675
0
2338569365
0
319981753
0
6
0
0
18274035
0
0
0
0
0
7693003
0
458369276
0
0
0
0
0
0
0
334977786
0
1172680659
0
0
51465585
1955085741
0
0
0
0
0
0
0
0
0
0
370995180
0
0
0
0
0
0
192650120
1185479778
2572849673
0
0
3
0
3
0
0
0
6489003
0
0
0
1330896
28861003
0
0
28
0
0
110719754
3700141524
0
0
0
0
10
0
0
0
73034287
0
0
0
15
208314666
0
28
0
0
5067940
0
0
0
0
0
87258655
0
1992770164
46453860
0
0
0
10
25413317
0
0
0
1205773278
0
474307914
0
0
340227879
0
0
0
0
0
1237011957
0
0
0
0
77473165
0
0
6
0
0
0
0
0
260730030
0
28
384379401
146521521
589806685
0
0
0
0
0
0
161193548
0
0
0
0
547391328
0
0
0
0
0
0
0
10
7646005
0
129514161
0
0
0
0
510262149
0
162084
0
3
3
0
0
0
0
0
0
0
0
3434025762
0
14706
15
3598976906
347332546
0
272299695
0
0
536070114
687313213
0
0
0
0
0
2101439954
0
0
0
0
0
0
547788450
0
0
0
0
0
0
38945771
0
1329900360
0
10
0
0
0
0
0
0
2021124077
0
0
0
0
0
0
328486896
15
0
1481342700
642392090
0
3562674643
0
0
10
0
0
0
0
0
253001265
0
10
0
0
0
0
228947901
0
0
28
119348427
6
0
0
1011672367
0
0
0
0
0
707651010
0
0
0
258178726
0
0
0
0
0
2729024001
120256786
0
1139482191
0
0
0
0
0
398005133
0
0
197656879
1
0
0
0
0
26193047
0
368601976
1965678059
1149529326
1017602541
0
0
0
0
472304745
631137156
0
0
0
0
0
0
0
0
0
0
0
0
95199301
28
2316510650
0
0
0
0
0
0
19268786
0
400572360
396653517
0
0
325211561
289068990
0
416319940
0
36
0
0
10
36
0
0
0
0
0
1434858018
0
0
0
0
0
28
0
0
0
0
0
0
0
0
0
0
0
1
0
0
0
0
0
498600831
1195580550
666983026
30692763
0
0
252078413
0
1007340
0
0
0
0
0
0
216746610
0
0
0
0
10
0
0
0
67611006
4674153
0
0
0
0
510768741
2984162572
0
877239441
2517081471
0
3630826
3071481
1506674154
0
0
0
64343094
0
324933778
0
0
28
0
0
0
0
0
0
0
0
0
0
3010398442
185637546
385989220
111487214
0
1412963719
0
0
0
0
0
15
0
0
12865128
0
585556850
0
0
0
73235253
0
0
1215736833
0
191952621
0
0
338559231
0
36
0
23656881
0
28
0
0
0
15
0
0
0
0
0
0
0
670061921
0
1570090930
0
0
0
0
0
0
0
1217834628
0
0
0
0
0
1665150278
0
0
0
28
0
0
0
0
0
0
0
0
0
0
0
0
29816763
33457472
58639035
0
0
0
10
0
122640826
0
0
0
0
0
0
0
84428515
0
0
469879840
0
97064950
0
6
376133878
0
0
0
0
0
312012690
0
594760260
0
1645583663
600293925
0
0
0
0
3316061614
130758706
0
937293456
0
0
0
0
234523653
0
227408466
1920902892
54387235
0
0
0
2422215865
0
18003000
0
36
0
0
0
0
0
1288042644
32453596
0
0
0
1186015456
0
0
3459958638
1418543582
10
0
874686225
884711080
0
0
0
329718360
0
0
0
0
0
0
0
0
0
514130211
1
0
0
0
167106621
100005153
0
0
0
31469982
0
3512653459
6
0
15
0
0
0
1825600742
0
0
0
1551574925
0
0
2580039
1585593461
0
0
0
0
0
289237326
0
0
0
0
174537880
0
1229410491
0
0
0
0
14598906
0
28
3
0
0
243354891
6
0
0
0
0
0
0
0
735035311
0
0
58115547
0
0
358816821
0
0
0
0
7983812
0
0
408003630
0
0
0
0
0
3263470269
28
0
0
0
630639855
0
0
6
28
206441040
0
996048266
0
0
0
0
0
784930035
0
0
0
0
28
0
1109144973
0
0
0
0
54262153
0
0
0
0
28
0
0
0
2126953
0
2663926804
0
0
0
0
0
0
0
1085244166
0
0
0
311663061
0
0
0
0
0
0
0
0
0
0
32949423
0
4088370
0
3
93350530
631705740
0
0
0
0
0
0
88904445
0
363703935
23653
0
0
54616926
0
0
0
0
0
0
0
711003195
303557471
0
158183251
0
0
0
1206804435
0
0
0
3
657777739
1
2695134752
28
315570003
0
0
3
0
0
0
1072701721
0
0
0
79147071
0
351244260
0
0
724453080
0
0
0
0
0
0
0
67669161
524572245
15
0
0
0
600467185
0
665960760
0
0
32176053
0
1793126450
0
0
833074971
20253430
2315646318
325775575
0
0
0
0
0
316455562
0
0
126651910
0
0
0
268621431
0
0
0
0
0
40807218
0
28
970531653
2114032625
1730753580
0
264281545
318591903
0
0
0
0
0
0
0
21
16082956
0
0
0
0
0
15331953
0
0
0
0
0
2150950009
0
0
595219344
0
0
0
0
0
0
1096032790
0
0
1222527628
7202910
1102503403
0
28
0
1
0
0
0
0
0
1146855
0
0
0
340252741
1250650489
0
460276467
969404099
3
0
0
0
250680105
0
0
16747578
0
0
36
0
0
282399495
0
0
0
0
0
0
0
0
0
0
0
0
95700231
71368123
281121672
1027550890
464560921
0
834955237
0
0
0
3755170
0
28
0
3716151669
0
15
0
0
6
479771776
0
141188333
1177070940
0
0
603031355
3512121848
0
1098140680
0
0
2178261596
10
0
0
0
0
0
235966668
0
36
0
0
0
0
0
302813745
0
689519184
28
0
0
0
615636505
0
0
0
3
0
0
0
52076115
0
0
0
0
0
0
0
0
931688622
0
0
1041710190
0
749115431
6
0
762548878
0
27073761
0
0
0
0
0
0
3187468097
0
98567820
0
0
0
0
0
226903990
0
0
0
15
0
0
0
0
979672980
0
0
0
0
3
0
0
0
1103360795
0
0
125074095
28
0
0
15
193101726
21737121
0
0
0
0
38600628
0
0
0
0
0
230138000
6
0
0
0
0
3019323997
0
115725291
0
369036528
354911403
0
0
781567416
10
0
6
32189949
0
0
0
0
0
0
0
0
49745325
0
0
0
0
852122403
0
0
0
0
0
0
2024309324
560404981
0
0
0
6
0
0
0
0
0
0
0
0
0
36
0
0
161642525
0
0
3
0
0
0
16227316
0
0
3568476499
0
616621185
0
2209757
0
0
262778378
0
1770021
0
2321000984
0
0
2579993484
0
0
0
0
16933290
3495784596
55730403
469450761
26904780
0
0
0
0
0
0
0
863180475
0
0
187514993
0
0
2862065641
0
0
57186165
0
15
0
0
0
0
0
0
0
1314586
0
0
0
627784407
544222956
2742344357
1341328950
5911641
1123214106
1254038171
2027091
0
0
0
0
3
0
0
0
0
0
0
0
1
0
0
0
0
0
6
0
0
0
0
240381728
0
1851438459
0
0
15994542
0
639062064
0
727462809
0
0
3239585539
143185503
0
0
0
6
0
0
0
281141328
0
0
0
0
0
0
0
6
0
0
76080373
1503264077
248487930
0
26488281
0
15
0
0
0
0
1661820093
0
472335480
0
0
0
643920441
0
3457135
3
0
0
428849541
28
0
7093261
0
0
0
0
574621950
0
0
0
70953828
252830901
0
3
0
0
550505971
69023115
299006990
0
179683569
3
0
0
523179913
0
0
0
317630055
0
0
0
0
0
0
3
1515762324
156689253
3766140
0
0
0
0
0
1093272180
0
28
0
81555606
0
0
0
0
185560480
1
0
0
6
0
0
0
11715612
1657029513
21
10
1317868394
709382611
0
0
0
0
0
0
0
47966115
0
321805765
0
28
0
0
0
0
0
0
3149971
0
0
0
0
953225985
0
0
0
0
0
6
0
0
469665276
15
413644892
0
0
100353360
28
0
10073316
3
0
0
0
194389903
0
0
0
0
240444692
50959215
0
0
1242336781
0
0
1653874475
3
109394236
238067110
0
899961525
0
623983688
79631738
28
0
3098303484
0
0
0
0
0
0
0
0
0
0
0
0
0
775136251
0
12651159
0
0
0
0
21
0
356004586
0
1557143982
15
0
0
0
0
0
0
0
0
0
0
0
10
0
36
0
0
639015
0
3
1668082035
45053361
0
8518128
0
0
0
0
0
0
0
0
0
0
1
0
2395422131
0
0
0
0
0
0
0
842941270
0
0
0
0
0
0
0
0
0
0
995449890
28
0
0
0
0
0
0
0
0
0
38680410
441356905
0
0
114874903
0
845365521
0
0
0
1300112871
0
0
0
0
1330701938
0
0
0
0
1257021363
21
0
28
10
0
2399129423
0
0
1066919961
278562606
11193290
28
0
0
504714106
0
0
0
0
0
0
10
0
63050835
0
313037731
973703529
3
0
0
0
0
0
0
0
0
779882112
564732028
0
0
0
0
0
0
32052021
31280095
0
0
28
0
0
362706711
0
0
0
0
0
0
72378496
10
0
0
0
0
0
0
528418393
0
1796343681
24735061
56525028
0
0
0
0
823104451
0
901149831
0
0
0
0
28
121036927
28
36
0
36
3
3487051889
0
49118916
0
0
0
1290375
6
0
247896571
0
0
0
0
6
0
0
602166456
0
0
0
0
0
0
901277196
1450052968
0
10
0
0
0
0
6
94138706
0
0
0
10
0
0
156013965
0
0
0
0
0
54564681
0
117726991
0
10
0
28
1216157221
0
10
0
2286074972
0
0
0
0
0
0
0
3615200
1111490526
0
0
0
0
0
399171
0
0
0
0
21965523
0
0
0
168460509
0
1157131929
175509480
547622965
394004556
0
0
0
0
37823253
0
0
253068753
0
0
0
0
74927161
198506926
78719878
56447307
894853110
0
15
167934865
0
0
0
0
36
0
0
0
0
0
0
653646246
0
0
15
0
1090888695
0
28
0
5153109
0
100600020
0
94180950
0
0
0
0
0
0
394510751
755989720
0
0
0
6
1401710898
0
0
0
0
0
0
0
0
0
0
0
3
5112003
0
0
0
1508269935
0
0
0
6
1057287120
0
0
0
28
0
0
15
0
3672182877
355701356
0
703893960
0
0
0
0
0
0
402101
0
0
0
0
6
3
0
782231729
6
0
0
0
3
53194455
36
0
0
1204291149
0
0
0
0
0
1788427431
10
0
0
0
0
0
0
0
0
10
484803091
0
0
0
0
0
3
3548701359
0
0
0
0
613532935
0
166600490
2419137881
0
48551504
0
11117970
0
0
1164693934
0
10
0
15
103716003
0
36
0
0
0
0
0
213097690
15
6
2796314058
0
0
0
0
1196398142
0
0
0
0
0
0
0
6
0
0
0
0
2229674132
0
0
0
366189453
664173681
0
0
0
0
1149259688
0
0
0
712062096
0
0
6
0
151336503
0
50224239
0
2237651891
0
0
0
0
0
1227328740
0
509094000
0
0
0
231759685
0
0
28
21
0
0
0
0
0
0
0
969528
2712853
10
0
3
0
1946550
0
0
1083946102
641709164
0
0
190798345
0
57883420
1178195246
0
0
0
0
0
0
0
0
0
0
1198547805
0
0
193135024
1350764049
0
3
0
3
0
0
0
6525078
36
0
0
0
0
0
4135617
0
0
729004515
0
129470055
10568503
256318761
0
0
0
112537503
0
36
0
0
0
0
0
365047668
0
227939661
379487475
36
0
10
0
0
0
1
0
0
0
0
0
0
740824035
0
0
0
0
0
0
36
256322297
0
603532997
0
0
3462696498
2832656791
0
0
2441517962
0
0
0
3568281399
140449637
0
0
0
0
0
0
82979403
0
0
7275205
0
0
0
15
0
85719871
72450703
0
104842440
0
0
0
1101571506
0
362664543
0
0
0
0
0
0
1216354503
6
0
0
0
0
0
182948937
1
0
0
11909640
0
15
0
0
0
298188717
0
0
0
0
0
0
0
0
0
0
0
0
0
0
2120057032
0
0
0
0
2298515895
0
0
0
0
0
0
0
10077805
0
0
0
0
0
0
0
0
0
28
0
0
0
36
0
0
0
1804382668
0
0
0
6
649819275
507418296
0
0
0
36
0
114950703
0
0
0
0
0
302789136
0
1054738565
15913261
6
0
28
0
0
0
0
0
2270417537
0
0
0
28
0
0
0
0
21
338663325
0
0
0
0
0
0
0
3138975066
0
628623447
0
0
0
0
0
268293569
0
0
0
15
0
0
0
0
0
0
0
9044959
0
230793858
21
625323930
49426653
0
0
0
0
0
0
0
0
24524819
0
1166952205
0
0
0
0
0
0
0
84831825
1
3722356
0
0
0
13538206
1113943600
0
3657288
0
107880
28
3166386
113050
3489802028
835278
0
0
10
0
0
0
970487596
0
0
0
275878305
0
3
0
0
1907717156
0
0
0
0
10
0
0
1837865906
0
0
0
0
0
0
0
3
0
6
0
0
34225401
0
0
0
1813560
10
0
485198730
0
0
3
0
0
0
0
28
0
0
491948240
0
21
0
0
110640250
0
0
0
0
385517028
0
0
0
10
435891174
0
0
0
0
0
220972753
5344815
36
0
16574403
21
265128852
0
0
1643861235
0
0
0
0
0
404711573
1908216562
0
28
0
0
0
0
535315560
703863899
1085453555
0
28
116780535
0
0
0
0
263454535
0
0
10208421
15
0
0
0
15
0
3149640995
0
0
0
21736694
0
0
0
0
259482372
0
0
268830078
36
0
318541420
0
0
0
0
0
0
6
0
0
0
0
0
60066280
68685060
0
0
0
610213092
28
0
0
647141174
0
28
0
10
28
0
0
113952156
153046260
0
111683985
20675665
0
0
0
0
0
140540995
0
0
0
0
0
148000410
0
0
0
0
1734560522
1446417471
13910175
0
0
0
9067411
0
0
674252810
0
0
0
0
0
0
0
0
0
15
0
0
0
506463051
1400241912
0
0
0
0
7088429
6
0
0
0
0
884921415
0
0
0
0
0
898084332
0
0
0
0
0
0
26176230
0
0
803453337
0
0
162537144
0
0
0
0
0
0
0
0
0
0
0
0
0
0
0
447335563
745617036
0
0
802902628
627125587
4496973
0
0
258337815
0
987790128
0
0
0
0
0
0
2387705768
0
0
6
0
696140452
2414503
0
369852003
0
0
0
2726708931
0
0
445507037
0
0
444766251
724148596
0
0
15
21
706626672
0
0
41782550
0
0
36641080
0
0
3020221389
0
0
176299299
0
2216392682
0
0
0
0
1
0
0
579956653
0
0
0
0
0
9475548
0
854102939
21
1146988668
0
0
0
0
0
28
0
0
378276265
52813503
0
0
2644998412
0
28
0
0
3
0
0
0
0
0
0
0
0
0
0
828337631
231716628
0
140384225
0
330730317
0
584802900
0
0
483651651
0
0
0
10
0
0
0
16534125
1068999441
0
0
145348406
0
0
15
0
0
546068628
2730678090
2200199069
0
0
71025321
0
0
0
15
15
0
1
0
0
0
0
0
0
0
28
10697625
0
1067451884
0
0
3
0
0
0
0
0
0
257043801
0
0
0
10
0
33476653
0
653682403
0
0
0
6
0
864094806
0
308276865
0
0
0
1164441411
0
0
0
0
0
0
0
0
15
410339628
28
31193151
0
0
3232944114
0
0
251272153
1160969391
0
1
0
0
0
103456920
576836610
0
0
446990050
1003819020
0
889345329
0
0
0
0
10
0
147310030
2579951996
340860794
278144496
0
0
0
90159026
0
0
91280316
36
269781606
1743174563
106558101
0
0
0
0
0
0
0
0
0
0
0
17910657
0
9708621
0
0
2939017770
0
34332284
0
626562300
0
0
934221925
0
0
0
0
3
0
0
0
0
0
174107130
0
94865418
0
2057540357
582616180
0
0
0
0
0
0
15716421
0
0
0
157646646
0
580978828
0
0
1535727621
0
0
76472475
0
0
67357269
0
0
0
423565065
0
3215557532
0
0
28
0
1091783861
0
0
0
0
28
0
36
28
11831680
0
1212495225
704719653
1152692431
83342607
0
0
0
168774378
0
266953362
518758155
0
2343990587
0
0
357660885
0
0
0
0
0
0
0
0
0
0
348730845
0
0
0
0
3363862180
0
6
0
0
0
0
0
0
413324376
6
0
2110443729
0
0
0
0
0
0
0
0
0
0
0
15
0
6
21
0
15
0
0
0
374815572
0
0
0
4969128
0
0
0
1251528483
0
0
0
3901821
133386
10
1613972660
0
160368204
0
0
1086881270
0
0
0
908759464
0
36
25715206
15
0
209111475
0
2111143578
0
0
0
0
0
0
10
354032745
0
0
0
0
0
18313456
559536164
0
0
0
2379930833
3
83861439
182605605
0
0
1203329745
0
0
0
0
0
0
2028913517
728340861
0
111370350
0
0
0
0
20932925
0
0
0
0
0
12292475
0
0
0
0
10
0
304326605
0
0
0
0
0
0
1990178580
192884101
0
0
0
34453
10
1374665571
0
0
0
664866345
0
0
0
0
0
0
2271779835
0
1151403
0
0
2801491535
0
0
0
2615517
1175324886
0
28
6
0
6016972
0
0
0
986679253
0
284719779
2478897854
0
0
0
0
0
0
1810838554
0
0
1238994138
0
0
0
0
0
285210786
0
0
0
0
0
3
0
0
0
3467263203
0
6
28
3113273699
0
0
1430374511
0
6
0
0
0
0
0
0
0
2179793676
0
524248390
0
0
0
0
0
0
0
0
0
0
0
0
0
510161653
0
6
0
0
0
96264750
0
0
0
0
0
144984906
0
1415132145
0
0
0
0
0
0
0
0
109927378
44268500
942583071
0
0
26831475
2851365092
2707767776
26619322
36
0
0
0
0
856125432
10
0
0
0
0
0
0
0
23485231
0
3
1617403072
0
6
0
0
472827376
0
159254611
12592671
48358695
78131250
74963439
769751466
3
389023671
0
0
0
3
0
0
0
0
0
0
0
0
5724036
0
0
3
0
6
0
0
122625630
0
61741627
0
3
0
0
0
1005783675
718678828
0
0
0
0
1166275956
0
60226845
0
0
1257602302
0
0
0
0
3
0
0
0
3432734010
2738704004
55698735
0
0
0
0
0
0
0
0
0
15
0
0
1749144395
0
0
1991381289
0
0
0
0
0
0
306985172
107831934
146247753
0
0
880845378
0
0
0
0
0
0
0
12209211
0
0
0
0
0
0
0
0
6
313886154
2473656572
0
0
0
0
0
0
549345231
0
623984946
0
0
0
3273272824
0
1036649811
0
810204299
10
0
0
95740174
0
0
0
0
76267425
0
824443921
0
2659971
0
0
0
0
0
0
0
0
0
280525141
232920360
0
0
27966
0
0
996820649
0
0
0
0
0
0
0
0
0
0
0
0
0
0
2140709130
1273985132
0
0
0
0
0
2688895686
732540
797977537
0
0
0
0
0
99841548
1806809907
0
0
0
0
0
0
0
0
0
615215503
957365054
0
0
0
0
0
539023170
0
0
0
0
2853161929
0
269317236
0
0
0
709013905
15
1485226
0
0
0
0
6
273978936
0
0
3160879697
110833716
0
0
1471616962
0
0
0
33961161
0
0
0
0
4887501
15
0
1811882099
0
1473309029
118787991
0
0
0
0
0
928266328
0
0
0
0
56753760
0
0
3
0
0
3
0
0
0
21965523
0
0
0
0
989124003
0
0
0
194212486
0
2752919342
551472843
347675265
0
0
0
0
0
0
37294566
28
0
0
0
0
0
50969656
0
0
0
0
0
0
3
1
2031967227
347373373
0
0
0
36
3
0
0
0
0
0
40181130
28
0
0
153939831
1877454260
0
6828360
0
10
0
1513315941
2043638933
0
0
0
673977255
0
1818839924
3
0
0
0
0
0
234826956
0
0
0
0
0
0
1
0
0
292704040
0
0
0
0
134412375
0
2063149719
0
0
48611420
0
0
0
36306795
271258155
0
0
0
0
28
0
0
0
0
15
0
0
3
0
0
0
83224351
0
0
99538191
0
0
4364535
31359240
0
551565
0
0
0
28
0
0
0
0
0
0
0
0
0
645168383
3
0
28
0
0
0
1263340204
0
0
0
91334370
0
931994009
0
0
0
0
0
0
0
167252905
0
0
278893153
0
0
0
0
0
406224756
241281384
0
1241888203
0
931284903
0
0
3
0
0
0
10976955
0
0
0
0
652309140
0
0
0
0
0
0
0
0
0
0
0
0
0
0
0
0
0
0
0
0
0
0
5443350
0
0
0
2757976836
0
0
0
0
1124921028
0
0
28
0
15
0
2739697535
3110222145
0
0
0
21
0
0
0
0
0
0
0
3
22372780
0
0
851750901
0
0
0
0
203041476
0
1838403
0
0
0
14875000
2114083632
1182012435
1
0
0
0
0
0
0
28
0
28
196792595
0
0
28
5656566
0
0
0
0
36
36
0
28
0
0
495070311
0
492713136
360533312
0
0
0
0
1242187246
0
0
0
0
0
0
0
0
0
3
0
36
0
0
0
0
56270136
0
0
483651651
394397655
0
0
507073925
0
30736720
28
4370446
0
0
0
6
0
0
0
666262931
2278624652
590241
597532534
3657160
0
0
0
0
38460835
1077451972
0
0
0
698034401
28
0
0
402442635
0
33223476
1
69416622
917140206
1560174190
0
0
0
0
0
0
0
0
0
6
290152005
0
0
0
0
0
0
0
390286
0
0
0
697380531
10
0
0
0
0
2552184299
0
0
0
0
112657555
28166265
3150832597
0
36
0
0
28
0
3
0
0
1240094701
0
0
3495494949
0
0
0
0
0
1416391742
0
0
0
0
315896680
0
0
650540485
0
0
0
0
0
1631734252
0
2816751
0
0
0
0
0
66629268
0
0
85700104
10
0
36
0
0
50215231
0
3
0
0
0
0
0
42813631
251967576
0
10
415685361
0
0
259908600
350193191
0
0
0
0
29441301
0
0
196862403
2294720499
36
0
120567156
0
157259799
0
0
2042394778
0
0
93856105
21
0
0
0
0
0
2529096752
0
2359423619
0
204978178
6
0
63850650
136529550
0
0
0
15
0
0
1
0
15277290
0
0
0
0
0
2624936948
10531755
0
0
0
0
0
0
15216654
0
0
0
0
1313690734
3
0
14365
0
78620924
0
3713016531
6
0
0
245010775
1215762705
0
0
0
0
0
0
0
0
28
0
0
0
0
0
0
0
1830138830
0
0
0
0
0
10
10
0
0
0
0
0
0
0
0
0
0
21
4180386
0
0
1115817703
1175227921
0
36
0
0
6
0
0
0
0
0
1
284885370
0
0
0
0
0
793831105
0
41491495
750064546
0
0
0
1115690703
1691407450
0
0
0
0
0
0
677948253
0
121843855
0
3
1089954705
0
0
0
0
0
0
0
0
0
0
457546375
2221574624
0
0
0
36
0
658282470
0
0
2685403
0
0
0
0
0
0
36
34299903
0
0
0
1492298919
0
0
0
0
0
1127436355
245010775
0
0
86546746
52583146
0
0
0
0
0
0
0
0
0
0
0
0
7552037
0
0
0
0
0
15
0
0
0
0
0
66245805
0
0
0
0
0
1
0
1718175062
0
441594621
0
4713985
262132449
0
0
0
0
1797279898
1580785474
0
0
0
0
0
15
0
0
0
0
0
0
0
0
1020704619
0
0
0
32878155
0
0
0
0
6
0
0
0
0
0
0
0
0
0
0
10
0
0
0
1079428416
0
90659845
6
0
0
0
0
0
0
0
0
0
0
0
0
0
0
0
0
36
277289475
3
0
0
0
36
0
0
0
0
0
0
3
36
0
28
10
0
0
166890828
1061383701
0
0
425459035
0
603763875
3
0
15
0
10
0
15
0
0
0
0
0
0
0
0
0
3
0
885380378
0
0
0
45940905
804867381
0
475055244
0
0
3
482377330
137928173
9105778
0
0
0
0
0
216143236
0
1351275264
0
0
0
0
0
0
0
0
1172850510
6
0
0
0
0
0
0
0
0
0
36
0
0
273017238
273584187
0
0
0
28
0
0
71057574
790925878
29150430
0
0
0
0
0
0
387985794
0
15
0
0
10140756
0
0
0
19306
0
450865845
0
0
0
0
0
301928451
0
0
218666328
553910742
0
0
28
0
0
0
591353245
0
10
0
0
0
36964424
0
287508210
0
0
0
0
0
0
556428120
0
3
1076456800
0
0
0
0
0
0
0
0
212705625
0
0
0
0
808522578
0
0
10
1241582294
0
132185670
0
0
36
0
0
0
1044106290
0
0
0
0
0
0
0
925922024
36203505
0
0
0
155096706
0
0
0
28
0
0
298796507
0
0
10
0
0
167423554
0
0
3793635
0
0
6
7839055
0
12228985
0
0
0
0
0
242869780
0
79701625
0
99609555
3
0
0
0
948758580
0
2794667137
13314642
1239198436
0
0
1642703300
0
402499378
0
0
0
0
0
0
1015542
0
186433560
0
0
1157261995
322145597
0
0
0
6
0
748017157
28
0
0
0
0
0
1925703
57571815
0
0
28
0
3088128887
0
0
0
0
0
3
518307306
0
0
0
0
0
0
0
452425891
0
0
0
0
0
0
0
0
0
0
0
0
0
0
0
1318865672
0
1776224000
0
0
365161800
0
11498410
449085465
0
125191576
0
0
1581954364
0
0
823737226
0
0
0
0
0
0
465000604
0
0
0
0
0
1580460873
0
3
27272805
0
0
0
6
0
1718919495
92391621
0
0
0
0
0
0
0
0
0
0
0
63904777
0
67161
0
0
0
0
0
0
0
7225548
0
0
0
0
25550526
0
0
0
327462436
1091916546
0
474645984
836346875
0
0
0
0
0
178831356
10
0
0
0
0
0
0
0
0
0
0
0
0
0
0
0
0
3242374804
0
0
6880915
2056997883
251469481
0
10
10
937527032
3177748153
0
0
1611808485
6
0
0
6
15
0
0
824078503
208110995
0
28
0
0
18559278
0
0
0
0
0
0
28
28
0
0
874351653
0
0
1134379896
0
1527323577
1414947844
665630816
0
0
3
0
189511643
0
1075668153
1691239475
0
0
230856328
10
0
3135589206
0
0
366703821
0
0
0
61116569
0
0
0
0
0
2562132878
0
0
0
0
0
145018965
0
0
914315703
0
1047803098
508597671
0
0
0
1410128525
0
0
6
0
678353361
0
605904440
0
0
0
3
10
0
2289090587
2970613160
181079965
4361581
0
0
0
0
3
0
205878896
0
0
511728036
0
10
3021608454
0
0
0
0
0
1827311502
0
0
0
0
199470351
0
2060955
0
0
10
0
144781155
0
0
0
0
0
0
0
0
13392900
6
0
77146831
10
0
0
7486515
63780951
0
0
0
16848765
0
0
0
0
28
0
0
0
706598028
30455110
0
0
0
0
0
0
0
0
0
0
0
0
364357092
0
0
0
0
0
0
1
0
17364681
0
0
107526167
35305380
814344893
36
0
0
0
68673340
0
0
0
10444735
0
702056656
601715395
0
0
0
0
0
0
0
0
0
0
0
325035756
6
0
15
0
0
0
0
0
0
117037350
0
0
0
0
0
0
0
0
0
28
0
618104529
0
0
1185236328
0
0
0
1401861844
0
0
0
95198567
28
542340645
0
3
0
0
28
59073015
0
0
0
0
418255503
0
0
6
689968378
0
0
0
36
0
0
0
0
59979003
1
714703528
0
0
285846264
35883156
0
0
0
936160429
0
75368503
0
0
0
0
0
442218930
28
253946916
0
0
0
344754411
88038389
123190056
0
792796290
0
0
0
0
6
0
0
0
104422926
0
1003455287
28
0
0
710776956
0
0
0
0
0
478564453
0
93619086
0
197577381
0
0
0
0
441654060
0
0
0
15
0
23103003
6
0
0
0
258877684
0
0
0
0
176109528
0
3
0
0
710663850
0
0
0
0
0
0
0
0
0
0
0
0
0
0
1178478426
0
890758495
0
28
0
0
0
0
0
0
28823028
0
0
0
649427835
0
0
0
0
0
0
11070865
158001976
0
26249538
0
0
3
0
3
3
0
0
0
0
0
0
0
0
866603161
28
494126766
161667171
0
0
991106253
124970145
0
10
1890104753
15
0
0
0
1407094639
1159132557
0
0
27524217
0
0
0
0
0
0
0
0
15
0
556758463
0
70912862
298504091
33308599
0
0
342866391
0
462703410
0
0
0
1791365660
0
6
0
88984470
4361581
143050155
0
15
0
0
0
0
0
295937956
846558378
0
2110485
0
0
0
0
0
0
28
0
53029551
0
0
15
0
863194625
295085996
2897327834
0
0
786619943
0
0
0
10
0
0
0
0
0
28
0
1
0
0
424584370
0
0
0
0
21
0
0
0
0
0
0
0
0
0
268463010
232061829
0
0
0
0
0
0
137954355
94871189
0
0
93096
0
0
264718545
0
0
0
0
0
0
0
0
0
0
0
1370340
0
50838486
1640089488
0
0
0
445040362
0
0
1066088400
3138765
0
10
0
0
1
139971546
0
1
0
0
0
0
0
709495355
15
661300
0
6880195
0
0
0
28
572352861
786913956
0
0
15
0
97836
0
29525084
0
0
10
0
0
0
121641003
0
0
0
232794253
0
1
0
317339035
0
1216694625
0
0
979930562
28
0
461700078
0
0
0
0
0
0
15
0
0
0
97637643
0
0
0
14201785
0
111146595
0
0
0
28
3
0
0
71251953
185868840
0
0
395662515
0
0
15
0
0
0
0
0
0
0
386973714
0
0
0
13957686
0
0
209091025
0
0
0
0
0
0
0
15
0
10606634
0
0
0
0
0
0
28076271
0
0
0
0
0
0
862557345
0
5849473
0
0
0
0
0
0
0
0
0
0
0
0
10
0
0
0
10
0
0
256907778
0
1076486
0
0
0
95323528
0
0
0
0
0
10
195752791
0
270897726
0
0
0
257996970
28
0
0
0
0
0
10
0
181213203
15
0
0
0
1676765201
0
0
0
0
0
0
10
4675476
0
0
0
0
0
0
0
0
0
0
0
0
0
854246118
0
10140756
253316286
0
0
0
0
664720491
0
0
0
0
0
0
0
28
0
0
0
0
2474184410
0
0
2541597570
0
0
0
6
836793595
2472235463
0
0
733119486
0
0
0
0
0
0
0
0
0
0
0
0
1765092930
0
260482866
0
0
0
0
6
0
370151236
0
0
0
0
0
570358425
0
20043946
3
0
1722475168
2539482
0
66662574
0
376380766
489985860
0
0
0
0
0
0
0
0
0
3
161253861
1417836360
0
0
1108380903
2966881740
0
0
28548720
0
491176153
0
6
0
0
0
0
179162985
0
2244542329
0
0
763461392
0
0
1715298515
0
0
0
13825911
0
0
0
0
0
285004861
0
0
1918323620
0
1095190201
3067965
0
0
0
2583880258
0
0
0
0
0
0
28
0
28
120551628
0
0
10
0
0
0
0
3
0
3
0
27081120
0
474612645
0
15
0
0
1653273261
15
0
0
0
0
0
0
10625265
0
63613560
10
0
0
1111207653
0
95954453
1378695855
943625403
0
0
0
0
142471850
212004936
0
0
0
0
0
0
0
252349345
0
0
64587295
652969384
0
10
481643720
0
11705541
113853712
2785980
0
46778628
0
121953153
0
143931061
0
0
6
0
0
0
0
191201773
0
0
3
0
0
77994018
0
0
0
0
415080078
0
3398220
10
436172880
0
0
10
0
0
0
0
0
0
2658551813
0
187730271
0
0
792875931
0
0
0
0
1061337628
0
527913771
0
1
0
0
0
3094895882
0
0
3312583167
24356710
0
0
1241140753
0
0
852700456
0
3
0
28
0
0
0
0
261726
1088036076
0
0
0
1075121090
0
0
15
0
850742049
0
0
0
0
0
189030345
0
0
0
0
0
0
95447836
0
0
0
28
0
1579753
0
3027270480
3
0
0
979564127
10
0
986590410
0
0
28
779015836
0
0
1792575396
1
21
0
16690596
0
6
0
36
0
1432724850
0
0
0
15
541813821
0
727806628
0
517567051
0
23471526
0
0
0
0
0
0
168756006
0
0
5393970
0
0
0
0
0
28
91374921
0
85458201
0
0
1049117721
0
0
57400255
2232825887
0
0
0
2998225875
246765825
10
262674660
36
6
381696
234783615
0
0
2802405417
0
1053749278
0
0
0
0
0
15
297606
0
0
1035600504
0
0
0
3475587548
0
0
0
0
2238115148
0
0
0
0
75774205
0
0
0
0
0
0
739835811
0
1151666226
0
0
0
0
0
0
17692326
0
710210222
0
0
329744040
3
0
0
41692146
0
0
0
1241897206
0
0
0
0
45912153
0
0
0
0
47755656
0
0
0
0
791899235
955129071
63929778
1051770207
63748986
386878836
0
350561201
3337301022
0
8810526
924120
0
0
0
0
0
0
0
381860430
1062628050
0
0
0
28
333336
0
0
0
0
616654521
0
0
0
0
0
3
0
0
3294421245
15
0
0
0
0
0
2170110282
620622056
280801811
0
1226536156
0
0
0
0
28
6
0
0
0
223037760
0
0
0
3330512136
0
0
0
0
6
0
0
0
27309745
0
0
626066805
268853266
28
0
94359453
0
3338763424
54210078
80207445
75172191
0
0
0
2839701318
0
676329031
0
0
0
0
0
250107795
0
0
0
10
2104146942
0
1
0
0
1438850619
0
6
0
3
421123731
0
6
28
0
1108274799
0
3
0
0
0
0
0
929731881
0
6
0
519302562
1260671520
0
10
0
1240493145
0
0
1025692629
642987730
108454764
0
0
2557688380
831302109
0
0
0
0
0
0
0
0
0
15
404402580
0
625856610
257850457
1187282085
0
15
0
0
132169411
0
946708511
0
12452545
0
0
0
2848357037
0
28
0
0
0
0
0
0
1289478924
0
0
870717315
0
0
237216325
0
0
8166861
930292545
0
266978278
0
0
0
0
0
0
0
0
0
0
0
8638246
0
3
0
504597367
19747744
316928076
0
782674830
962627200
3
0
16776528
0
0
0
252686440
155829205
0
0
0
112027996
0
160017105
1378938399
10159401
0
0
3
1629915
0
0
890989791
0
0
0
255669526
21
0
10
0
0
0
0
184820357
880677496
0
0
0
0
0
0
0
487755599
10
0
0
719050010
0
15
0
0
0
0
0
27859380
178463278
608258219
0
0
0
0
0
0
0
0
0
0
124307028
0
3
0
9810235
0
3173468732
0
0
19419423
0
0
0
1
0
10
1217960053
6
0
0
0
0
0
0
0
3
0
0
0
36
0
0
0
0
134705448
333245836
3
3
0
0
0
0
90525
7826946
333810910
12482506
412088986
0
0
0
113364153
0
0
0
68462551
0
0
811017675
0
0
1922119783
15
0
0
0
53540487
45663346
0
0
0
28
0
59978628
1767289405
235771875
0
0
0
10
0
0
38882971
0
0
0
699997236
24524506
0
0
0
36
0
118556901
0
0
0
1545245736
181032128
0
0
0
0
0
1558916100
10
0
0
1711
0
27051690
0
10
0
299577107
459514770
0
452568655
0
0
0
31003875
2703109695
0
0
265155447
6
0
1587609960
0
6
0
1494634055
832340400
7691930
0
6688653
0
0
0
0
2505378117
1242586026
0
0
0
0
0
0
0
0
44253
0
0
0
0
3
0
0
0
0
59606821
0
184156836
0
15
312994047
0
253035692
0
0
0
0
0
918630747
0
0
6
0
0
0
12402615
0
0
0
59149126
0
0
978959872
0
1560754759
4453933
2541033155
0
209909805
0
0
15
0
0
0
0
327721665
0
28
0
0
251076
0
0
563354961
0
0
0
741201811
29893125
10
0
0
0
0
110298378
0
2797134444
0
0
586890930
28
0
0
0
6
771714541
0
1817620192
0
15
0
0
0
0
0
0
1
3
0
0
0
240824431
106864890
21
0
0
0
0
0
0
0
0
0
0
15
0
0
0
0
0
0
0
0
2221969932
0
0
0
0
1246953194
1221724874
0
485486817
0
0
15
0
0
0
0
6
15
0
685332753
1261280613
1
0
0
0
0
0
28
0
0
0
0
3
712221
0
0
0
0
219273211
0
0
0
0
0
6
0
0
366432967
0
0
0
0
0
0
0
1027603210
0
387101400
0
1379908830
0
1255647281
0
0
36
0
988946101
135685614
15
0
0
0
0
0
0
0
1133951253
0
287532190
0
0
0
0
0
28
36
905185
453539487
0
0
0
0
10089255
0
1455903939
0
52998660
0
936427726
173473251
0
0
212437578
0
143680321
0
575300160
590081481
0
0
596831295
0
83749725
0
101855164
3334754409
1369156961
152460960
0
0
36470070
0
0
0
0
0
0
0
2734656889
0
0
0
0
0
0
0
0
17949036
0
0
28
10
0
9691003
0
0
0
0
0
0
0
6
0
0
1105015998
10
0
0
305199528
212808765
394701765
0
0
763596890
0
1097457212
0
0
0
0
0
0
0
62154307
0
0
1304001921
0
0
95496140
0
28
0
0
901149831
0
0
3
994655190
150055000
0
0
0
0
0
0
28
36
0
0
0
0
3
0
0
0
584597721
8244
0
0
0
0
0
0
0
0
0
0
15
0
0
0
3235868951
15
113967253
15
256341403
599393376
0
0
0
144991
0
0
4803450
0
0
0
0
0
0
0
0
0
1324859886
85392846
2695431644
1449976881
0
0
0
0
0
0
543601083
0
0
0
0
0
21
229503
161451465
0
0
0
0
6
0
0
814726
2854688499
0
0
0
1218476295
0
0
0
15
0
0
325687547
0
1594123243
0
631407192
0
0
0
0
196604535
0
369161425
794339331
0
1678704938
81568378
14346046
0
0
604736892
0
0
0
1395829009
0
0
73150560
0
0
0
2181196521
0
0
0
0
317482201
1032283203
0
8494534
0
0
843680503
176393716
849788933
259475590
0
0
0
15
0
0
0
0
398593495
0
0
0
0
26816826
102896685
24650731
0
0
28
364729536
0
130108247
0
0
0
0
15
707350078
617321953
0
0
0
21
0
0
0
167233205
0
1900840301
86770551
0
804495619
0
0
2574729383
0
41625969
0
19426870
1296760491
419629001
0
0
0
0
0
0
0
0
862740171
0
0
0
0
0
0
538133221
0
0
0
0
0
0
0
1
2802312778
7108335
790592822
0
0
0
0
200050003
0
1157411677
1241005683
188655600
1256124044
274259910
0
360501526
0
0
0
0
0
0
0
13378422
0
631183180
3
0
914401230
411056128
0
12572605
0
0
0
0
0
0
0
0
0
0
0
28
0
0
1415101425
0
0
0
0
0
101126531
0
0
10
0
830548516
28
0
0
0
0
0
0
268714153
649783225
0
0
6
36095487
0
3073900661
0
0
2828001377
0
0
684213072
0
0
0
0
0
0
0
0
11095160
0
0
0
0
0
0
3192724821
213338248
0
0
0
402595649
0
43314778
10
36
0
0
0
28
0
0
4022866
57282456
0
0
0
0
16996085
0
0
0
3
28
398278
0
0
0
0
0
0
45988845
0
0
0
0
15
0
0
0
156780986
0
2222691228
3
3
21
0
0
564064713
0
0
0
0
0
814712847
0
10
36
10
3293952704
115816590
0
379695594
0
878689179
0
0
0
0
0
1655767740
65229489
0
0
0
0
0
0
0
0
28
0
780934960
7112106
0
0
2434165157
28
0
0
576151791
0
0
7313400
2786565011
0
0
10
0
0
0
3238981517
0
0
1
0
10
0
0
0
233010078
0
6
0
10
335171280
0
2812006
10
0
15778153
0
1023079995
0
0
0
228391878
6
0
0
0
0
0
0
0
0
0
0
0
137782191
0
0
0
0
0
0
38783255
6
0
2189556437
0
0
1521640
0
0
0
3
0
0
1
0
0
0
0
0
0
0
0
0
0
68006953
17009028
7123425
421787859
0
0
2164262615
0
857395
0
0
0
0
36
0
295416795
3709733605
1
0
0
28
0
0
0
980957071
0
561108250
0
3514153789
0
0
0
89679528
0
3
104057460
662789436
28
420717528
0
15
0
0
0
10
0
29567685
621510396
0
0
0
0
0
0
10
640676982
0
0
0
0
0
10
3
0
0
0
0
1532125
859767001
62189128
483496156
0
0
0
1040843125
0
0
0
0
0
0
1
0
0
0
0
0
0
0
0
0
0
3
0
1086968625
156990340
0
0
0
0
0
134185165
0
0
797981275
3469717492
0
0
368487857
36
0
28
407261769
825418765
0
0
0
15
15
0
34989383
2007638445
0
0
0
0
0
0
0
0
0
0
0
0
0
28
0
0
0
0
0
0
0
0
0
321729661
0
0
0
0
0
0
0
36
0
0
0
0
0
0
0
0
0
0
0
0
0
0
396422403
0
0
863928528
36
13862745
0
0
0
256567878
265086825
0
0
0
0
0
0
175940661
0
5953022
0
0
0
0
0
528693903
0
0
0
0
533283852
0
230891727
168306442
28
0
0
0
0
0
0
0
0
1211470485
0
368674221
286047321
28
0
0
3088857619
0
0
0
0
0
0
74389503
0
0
0
0
419070
2840615046
0
0
171088234
340122321
1203613516
22823294
0
503602716
0
67082272
0
1280170834
882189010
0
0
3
0
0
1
0
122641291
28
0
20024956
0
0
0
896782425
0
0
13384417
0
0
758882361
0
0
0
0
0
3
0
0
0
1141790537
0
0
710890071
128360775
0
0
0
0
0
0
541813821
0
1982656266
0
0
0
0
0
395370076
0
0
0
0
0
0
7525260
0
0
28
0
2466376829
0
0
0
10
1175615805
2518719
485918640
0
1058115003
0
577065378
0
21
0
2519417792
425400696
104700748
0
0
0
0
1243782750
225919396
3367366424
0
0
0
28
0
0
291024929
0
0
0
0
0
0
834906734
2700689604
0
0
0
43257880
0
195466479
0
0
44231715
0
3
279460261
0
332880
0
68696781
0
0
0
0
0
15
0
0
0
0
0
0
0
3672232241
0
0
0
0
0
94428153
0
0
0
0
0
0
0
0
447698348
10
0
0
3235590183
1564913920
0
0
0
0
0
1762384291
0
463300
2933704439
0
2978100401
3
0
0
10933495
0
0
0
0
0
0
834095746
0
2336041
0
0
28
2081820
183558879
595211253
0
0
0
0
0
0
61901580
489547695
0
0
814641681
0
0
0
1234199400
0
0
0
10
0
0
0
0
0
0
0
15
52321335
15
0
1146606328
108719511
0
0
0
0
0
0
0
99186570
17704225
487765761
382634616
0
0
0
0
0
0
0
1430067824
3611328
0
374214184
0
0
201011275
468960625
0
0
13120003
0
122187528
0
0
728798931
29356679
0
0
152836386
0
3071044702
0
0
0
0
969785555
12617776
0
628049961
0
0
0
0
0
0
0
182720286
0
0
0
0
0
0
0
0
0
0
0
0
0
0
1698466668
2885131927
28
0
0
0
28
0
0
2340513173
0
0
0
36
0
1044103932
6
0
10
0
0
0
36
0
2302745549
631456953
0
0
295436743
0
0
0
0
0
0
3
1778118048
0
0
0
0
586719640
0
0
0
161497908
0
0
492727191
0
0
0
0
0
0
0
10
33215325
816138681
0
477945903
0
0
0
564362406
6
0
0
0
0
0
0
150581276
0
0
0
0
0
0
0
0
104033100
77819050
0
0
0
0
0
0
0
0
0
0
3
0
0
103485691
0
0
394688927
0
1932263726
0
0
316600866
0
0
0
1
0
0
847422696
0
0
0
24486462
0
836867475
36
272226111
0
756274386
421501095
0
0
0
0
448216770
267278760
0
11155726
0
89625966
1027880470
0
606527655
19168478
0
0
0
178765686
0
0
0
550174206
0
0
0
0
113600241
962196527
0
322025645
82285206
4620
0
661770390
0
0
0
1288599479
10497597
0
0
0
0
15
24650731
10
0
918854146
31383003
0
1
0
1931595
0
0
0
28
0
0
0
0
17621016
1125958555
0
0
0
0
0
614069039
54955179
1542101718
0
19584411
0
0
0
1
0
0
0
380956827
0
0
0
13890744
0
0
0
50045010
0
102078270
0
0
443260425
0
3
0
28
0
0
0
0
0
0
0
0
0
0
28
0
2642074429
0
3
0
11117970
0
0
0
0
145291581
15
0
28
0
13637253
194389903
0
245739747
0
207967815
133963896
0
0
0
0
0
0
0
0
36
0
0
0
0
0
0
0
0
1809819
0
0
0
0
0
0
0
0
0
4471545
0
0
0
1
0
0
0
268507752
0
0
0
0
0
0
230373229
0
0
0
880357241
15
991749916
0
0
0
25464816
3
28
415458638
0
1469988402
0
0
0
271123545
1468360908
189086317
0
0
0
21915510
0
0
295840650
0
6
159057398
0
0
17205
0
3
0
0
3
0
3
10
0
0
0
707613390
0
0
0
0
0
0
0
0
0
2481418912
404286
6
0
214151860
605850645
0
0
0
0
28815436
825459396
0
0
0
315896680
0
0
0
15160771
0
0
0
556561566
36
0
0
0
35764653
0
541870193
844632261
0
1204149699
0
2055664941
0
0
0
0
10
563888627
0
0
0
317154705
0
0
0
0
0
39903
0
0
0
0
80033067
10
0
10
0
3
0
0
0
0
0
0
2692749482
0
0
1792712485
0
0
0
0
0
0
0
0
0
0
2088805462
102564594
0
1
0
459673268
2438049598
1146268930
4818960
0
0
0
119451696
954271
0
15
0
0
0
0
426889590
0
0
0
2742433188
0
21
0
0
0
0
2687298804
6
0
0
0
0
28
0
0
477296856
0
0
0
0
0
0
0
18231741
102209253
0
0
0
869132278
0
0
0
0
0
264212325
0
36
0
0
0
0
2558084960
0
0
0
2089192232
0
0
91808025
0
0
0
10
0
1801851652
0
0
947452215
0
260526328
0
0
0
0
0
28
0
0
3430104407
0
15
0
0
0
229226166
80473641
0
159713128
15
0
0
0
0
0
15
162820035
920859904
11554965
0
0
0
0
0
157475433
0
0
0
82028836
0
0
0
0
0
0
0
0
0
0
66044
0
488495904
0
965603485
6
13315380
0
0
0
0
2593145450
0
331492626
0
1544122380
0
0
0
0
199570231
0
0
28
2579856
0
0
0
0
28
0
0
0
39657605
0
15
0
0
0
0
351085251
1181927890
0
0
2518610237
28
260410431
0
0
0
676549720
15
915813003
0
0
0
0
0
0
279378
3
0
0
0
2162097791
0
0
0
0
172190403
761885130
0
3
843375219
0
1887759989
0
0
294164640
0
3566720785
1367429112
0
0
0
0
1195328746
1857928
0
0
0
1385280
0
1798456957
0
0
0
0
0
3134950616
0
0
0
0
0
0
0
173579076
0
10
0
0
0
5720280
750568140
0
0
1084727363
0
0
0
0
698962358
0
1296784087
0
0
137622345
0
0
0
36
0
0
0
0
868599224
0
0
0
0
0
511760028
21
0
551136600
0
0
0
0
0
1304888277
1
0
0
0
203426579
0
0
36
3
0
0
0
0
0
0
6
15
0
0
0
0
0
0
902041575
207051075
1208573327
0
0
0
0
14502972
164023989
0
0
0
10
152028008
0
0
10
0
1747813119
388772670
0
0
28
0
0
15
0
0
0
1
0
0
0
363067117
0
0
3
0
0
0
0
0
15
13543523
0
0
225409528
0
0
582458780
0
28
0
0
38531031
0
0
0
0
0
4059825
0
0
0
6
36
0
41252715
15
0
0
266184300
0
0
0
77706811
0
6
0
1288246460
72577854
0
0
0
958672578
8183035
0
0
0
934363595
0
0
0
1263340204
21
43944065
0
0
0
0
971942005
0
0
0
0
0
0
0
15
10
1319500
0
0
0
0
0
0
0
3591094978
0
0
124291261
0
0
0
831810078
0
0
0
392954394
0
0
0
0
0
0
0
1144308880
0
0
2736225905
0
28
238386533
0
0
0
0
26226903
10
6
0
0
1441608395
0
0
0
0
0
158606955
0
0
0
0
372983124
0
0
0
0
0
0
635015703
0
0
0
0
36
2566846888
0
0
0
192796066
0
0
0
0
0
0
0
0
1891
987785593
0
363164725
0
0
0
6
17402050
1247076711
0
0
0
0
0
0
13305061
0
0
0
2005618163
0
5247180
0
0
920339463
22562403
0
263353905
0
252986754
519595966
0
0
0
74963890
587370675
0
0
0
0
2571250397
125881275
1195242649
0
0
0
6
0
0
0
0
0
0
1233051271
0
0
608499055
984906
0
0
0
268262370
494777470
438913558
0
2734432107
6
0
522430
0
0
0
0
0
28
28
3
0
405056985
0
0
1306359240
0
0
0
0
0
0
0
0
2419086154
0
0
0
0
0
0
0
0
577031406
0
710663850
0
0
0
0
0
60011490
0
0
0
28
0
10
3209541245
849909273
901171213
0
0
0
0
60780825
0
77926618
854725185
0
0
0
0
0
0
0
1703247896
0
0
6172341
0
0
0
0
0
0
0
492587578
0
0
0
0
0
0
188480820
0
0
6
736430622
15
0
0
53302820
0
28
0
0
0
0
0
0
0
0
0
0
0
0
1627284982
0
0
0
1781530020
935519140
0
0
0
2034176160
0
0
36
0
0
1
0
0
28
0
28
2530125
76722688
0
0
1019895200
0
0
0
0
0
0
176767003
0
0
0
0
10
0
0
0
0
0
0
417708870
0
2007711614
0
0
96945850
0
791124753
0
0
450345066
0
3
0
3
0
0
10
37727641
0
0
1
0
0
0
0
0
0
0
0
3
0
310839711
204575878
300627460
0
0
0
151516596
1
0
970953937
0
6
0
0
36
0
36
0
0
534086801
482594735
0
2499047838
0
0
0
0
0
166011531
0
503888385
0
0
160213950
0
0
0
15
0
0
313713676
0
0
0
0
0
0
0
0
0
0
0
0
0
973321394
9045
0
0
177388030
0
0
0
0
0
0
0
0
0
0
1
2532998735
0
0
0
1
0
0
0
0
0
0
0
0
0
15
0
0
5343946
1325520917
0
0
35815416
0
0
0
0
0
8066136
0
0
762239001
3
2085493799
1094460
414742697
3375563
0
0
0
0
0
0
11058155
1701801
47415295
754641825
0
3590899271
75760444
0
0
0
6
161175481
0
682269869
0
2110485
0
506176653
0
0
0
2544675
0
21214151
0
0
0
0
59247055
0
15
2247550264
0
0
0
1868937250
5456556
0
0
0
0
699249106
0
0
0
0
0
0
0
0
0
0
402726086
0
0
0
0
0
0
0
952798685
0
4000848
3
0
0
0
0
0
8280415
0
0
0
0
0
0
15621255
0
0
0
28
2294906657
0
2065932204
0
0
0
0
0
1115190309
0
98746531
3980686
29394729
0
0
0
0
210894453
0
0
0
1226352420
10059335
0
0
56716575
0
0
0
0
0
0
868261
42317589
0
0
0
0
0
35340000
0
747594598
0
0
989383976
0
0
524917859
0
0
0
2019729450
0
889639471
551667936
383191342
1146188134
0
0
0
0
0
0
696260586
15
0
0
0
0
0
923876605
0
0
0
127145431
50095045
0
36
1154994474
15
0
41698254
0
9385278
0
0
1239347791
0
36
15
0
0
0
0
112372536
0
0
0
0
0
0
0
0
0
538888035
826201118
346689194
0
0
0
0
1606528
0
415289780
0
3429863747
182624716
0
0
0
0
0
211305403
222594450
0
1023984885
0
0
0
596281311
3
1028780101
0
0
36
174458052
1
750925
0
0
0
0
0
0
0
0
3
967186171
28
0
0
0
726510021
0
0
0
0
0
0
1148067246
0
0
379756
0
0
0
0
3501981
252147196
2593020716
0
0
2318476976
0
0
6
0
6
0
1518974707
2365306255
2918691136
0
4775595
0
9313590
28
0
0
758375985
0
0
225030303
0
0
1
1185973743
2019678708
62128
0
27336134
0
0
36
0
0
0
5340110
0
49785231
0
439753996
6
0
0
0
263500446
0
0
0
0
0
0
3
0
0
0
462368845
0
0
0
0
0
0
10
0
3570769296
6
0
0
0
0
0
0
355670693
0
0
3
0
278964010
10
0
0
595245756
0
0
0
0
0
25151778
501668650
0
0
0
27412780
0
0
0
0
0
746119135
0
0
0
0
0
0
1057655028
0
0
0
495868043
0
0
28
0
0
0
710776956
0
0
28
0
399695401
0
0
0
523600980
0
0
0
0
6
230600
0
0
1
0
0
0
0
482128878
0
0
1177070940
0
3
0
0
3058163108
0
319700164
0
437221977
0
28
567592278
377533981
0
6
0
0
0
263516
0
0
878954703
15
0
0
0
0
0
3
1
0
0
21095760
0
13491415
0
3
0
0
0
190491159
0
0
0
0
28
0
499106215
0
0
296835
0
0
1005604281
2082653006
0
0
0
0
0
0
0
590686366
0
15
0
0
0
0
10
0
0
3402758021
0
0
9221365
0
3321141710
15
0
0
0
202175886
0
421973997
0
19753755
0
15
0
0
0
0
936773970
0
0
0
281781930
0
1680410322
0
0
0
0
36
0
0
0
0
0
0
0
0
0
0
999290865
0
0
0
0
0
0
0
0
0
219001056
0
0
262720503
9524305
7827651
0
0
0
0
0
0
0
0
0
21
0
0
0
10
0
83056716
0
6
0
0
0
28
3
0
0
0
0
0
0
0
0
0
1070680479
0
0
0
6
8650720
547225903
755457885
10086786
638691670
3
0
0
0
0
50536431
0
15
0
0
0
0
21
0
0
984024415
0
25536231
1630250677
0
175505423
933141600
2359026952
31101309
2289716817
0
0
0
0
6
0
0
0
94862330
0
0
0
0
558364653
1762144430
4131375
48476781
15
0
0
0
0
1291238710
157913106
0
0
149878641
2384634972
0
6
0
482971600
0
1
0
0
0
407253
1654471292
473257995
0
3
0
0
3505157494
0
3
184598505
0
1
0
21186795
3562675
0
338975703
3517252827
0
25258278
0
1144213203
0
0
0
6
0
28
0
0
0
0
0
0
379348733
0
0
0
0
0
0
0
0
1462905
30705366
0
0
0
0
0
0
10
0
0
0
0
91806
569413131
0
0
0
28
6
0
0
0
0
0
0
3153003
7649916
0
0
648013872
0
0
981754516
1214658573
0
0
29610360
0
0
0
0
176804610
0
0
0
0
33780090
0
28
345989665
0
1211525700
0
0
1104617503
6
0
91456050
117067951
0
0
0
299925
0
0
0
10
0
10
92541210
0
0
0
0
0
0
28
0
0
611663930
0
0
0
0
0
0
0
0
0
3
723215575
3588844589
140658378
28
0
0
0
0
0
181536985
0
880299820
0
0
197117703
218533040
0
0
0
0
0
0
0
0
0
0
0
2937734127
0
0
2953191059
0
0
1449058189
588673828
0
0
0
0
2789574242
0
177893525
136104870
0
0
194764716
15
0
0
0
956703153
28
0
0
0
0
0
28
0
0
15
1031243519
0
94402447
0
21
131893161
0
0
0
1667542563
0
152848260
28815436
0
0
1313662749
0
0
0
1008171294
944912
3
0
0
0
0
0
0
0
10
0
0
0
0
0
0
0
0
0
0
0
0
0
19007969
0
8739872
0
10
0
0
43904525
10
0
0
0
3
0
0
0
0
28
0
1470865153
0
0
0
1245831
177199725
695247228
0
287920734
0
0
2212500097
0
3
0
794889475
0
0
28
0
24405591
34217560
0
0
0
1303467623
0
0
0
0
0
21
0
0
0
0
0
0
0
170690526
15
2840179911
0
49695465
0
806116385
71374944
0
0
0
0
0
0
10
0
0
374750897
0
553928970
0
0
0
0
0
0
0
0
108765636
0
0
0
6
80511705
3
21
0
36
0
0
0
0
0
0
0
0
107303925
0
0
0
0
0
0
0
0
0
10
18565371
0
3
0
3
0
4495501
0
0
832666836
0
0
0
1813618919
7871670
0
0
1687044405
0
0
1670717836
0
0
0
575679635
10
0
0
159605911
0
837202740
0
0
3267482897
0
0
0
0
1675365
220951731
0
770049
1509760440
54199666
244968045
0
921132619
0
6
1209226181
479961611
0
0
0
0
0
0
757605587
0
0
1
0
0
6
6
0
0
0
0
0
44518109
0
0
0
15
6
0
0
0
0
216222049
0
38891790
0
0
25579128
0
0
0
0
0
0
0
6
0
0
0
0
0
0
0
2644410947
0
0
8617476
224810106
0
0
0
3
0
36
695029686
0
0
738249128
10
804102
15
0
0
0
0
0
3
28
190037260
218687241
225067050
710286895
0
1879608262
0
1
0
0
428015438
0
0
0
1200720510
0
0
912185414
2899218052
0
295591142
0
0
0
0
52188436
0
0
824200300
769672995
0
0
0
303600150
0
0
0
0
0
28
0
0
0
0
0
0
0
0
0
3
0
0
0
44333064
0
182433651
0
57571815
0
635628
0
402005465
0
28
0
0
0
36
0
28
5446650
0
0
0
793094916
0
11628
62703201
0
0
0
0
0
0
78181260
0
0
0
0
0
0
0
0
0
0
0
0
0
0
0
0
0
0
0
0
0
0
0
0
0
0
3384207267
0
0
0
3
0
0
218009771
0
0
0
0
463464235
53732161
0
1
0
649819275
0
0
456095503
0
0
0
0
0
516859476
0
0
0
2839301212
0
0
0
0
0
15
0
6
3
35292601
725171090
0
2399528684
0
0
0
36585
0
0
0
0
0
0
40216996
0
0
0
0
0
932796028
0
3
0
36
1468924425
0
0
0
0
3666297150
28
0
50055015
0
13952403
0
3032749252
0
0
560572386
0
0
372549456
45224292
0
0
10
0
0
6
0
0
0
0
0
0
0
0
0
0
0
138824166
0
24857
0
0
0
0
0
0
869048895
0
0
0
1653708443
0
426772720
0
0
0
10
21
0
0
0
0
0
0
0
0
810695511
10532270
0
2996441503
0
0
0
0
155893653
332446005
0
0
821701458
804225565
1
6
0
0
26024505
0
0
298937926
0
21
15
0
0
9389611
3
504142381
0
0
0
0
0
192462390
10
0
0
0
0
175340901
535805353
0
0
12561
0
6200460
0
266285503
0
0
0
0
0
0
0
0
0
0
0
0
0
2342251506
0
0
0
0
0
0
0
28
0
0
0
0
801780990
0
1178526975
0
13793454
0
0
1417896877
0
0
0
0
1743684923
0
0
32236435
295889301
0
884416653
0
0
8409280
0
3
0
791323653
0
0
2139076707
0
21004921
3
0
0
0
0
0
583538203
0
998056355
0
0
0
0
177878091
279625776
0
0
51872205
0
850306941
0
0
0
0
0
289694485
0
0
0
174051153
10
0
0
451606431
0
0
3
938386510
0
0
0
0
0
0
29926716
0
0
0
2114558143
2648961797
40010985
0
0
3
0
0
0
0
0
0
902764106
0
0
1
6
0
0
6
0
0
915096050
1040934378
0
0
22737396
0
0
0
1928919987
0
0
0
3738733432
0
21
0
288180028
0
0
0
1349654995
1
0
0
0
1584386205
125872911
0
0
84185822
0
0
0
0
0
28
0
0
352969165
0
0
0
0
0
3
0
598888820
511258602
211648049
0
0
0
0
0
0
1051776180
3437950379
982615412
28
41245903
0
3
36
31462278
265593628
0
36
0
2731796955
0
59083885
401361694
3107350862
0
421065690
87271866
0
131841
0
0
0
484300287
1415499768
0
0
0
0
0
0
828468865
0
2584765301
0
87417253
3019952228
0
485145675
760441501
0
1159688778
996654981
0
0
0
0
0
0
151709527
302140119
0
0
163995105
13984116
112394344
0
0
36
0
0
624546153
0
0
0
0
1806948770
0
24335776
0
310690128
0
0
10
102738945
0
0
220578002
0
0
0
109009995
658446128
0
0
0
0
0
0
0
0
0
0
0
0
0
148248765
1197389073
0
0
0
0
3601181470
0
0
631306368
0
0
0
0
460959925
0
0
1
0
15
0
0
0
36
0
28
6
0
365567280
0
16282071
0
28
28
0
708328341
1337324877
0
868239220
0
580725957
0
0
2632556087
0
0
0
0
2024576055
2793678
1
1259253110
0
0
0
307383615
0
0
0
118383741
0
0
0
400960
0
694284216
0
0
0
67053990
1557554429
0
0
0
0
6
0
0
0
0
0
6
0
0
0
0
10
0
0
0
0
0
6
0
0
253181253
0
713368300
288189
0
0
1189209604
281761074
0
0
0
0
227068705
1191232455
0
892594626
506240290
0
0
0
0
10
0
0
557729901
0
0
1032555846
0
708478903
0
0
28
565101771
0
0
0
0
36
0
629397460
272716335
188073315
0
6748812
872637976
38408202
0
0
0
0
6
0
0
0
580019173
0
0
0
0
422394419
0
0
0
0
0
2594601080
0
289446759
0
217704375
869972210
3
2671956246
0
0
0
0
2899965404
1238949531
2814210287
3
0
0
0
0
36
28
0
0
0
0
0
3
0
0
0
0
0
0
0
0
476246953
0
965076211
855221403
1862521821
0
0
0
0
0
0
0
882080508
0
38049726
0
0
0
0
0
0
1380030153
0
10
10
0
0
0
2868971230
0
677333052
663990746
0
0
0
0
0
0
0
0
28
0
0
0
0
0
0
0
0
5279988
0
0
0
939762981
1142731
0
0
383782974
3
0
542098653
1047332028
0
0
6413571
1
0
0
0
0
0
1148474701
0
1
0
3128186546
0
0
2838213323
0
0
352612522
0
133177829
0
0
153448921
61452073
0
0
0
94002616
0
0
0
0
0
378332367
0
0
277219680
0
455763336
0
0
0
0
36
0
0
0
0
0
0
1
0
0
36
3
0
0
3015646434
0
28
3395140274
10
0
0
28
503803612
1
722045818
0
16857721
0
320418798
36
0
0
559110185
0
0
0
28701676
0
130112646
3
3
205293974
0
535276277
0
0
578799276
42721146
580365415
0
0
0
0
35604141
0
0
1
0
250555305
0
0
813072975
0
0
207254620
1928233824
0
1277946155
0
521467365
0
0
28105182
0
109529623
1588293109
0
0
0
0
0
2970174024
0
0
0
0
0
1344678098
12500633
0
3
0
324653421
0
15
0
0
0
195755926
0
0
0
1211346
0
0
2989696761
0
0
0
0
0
0
0
0
0
0
0
0
0
1146079626
1321752081
0
0
34665301
0
1612988840
0
0
0
0
0
0
12110581
3
137831649
0
62927371
0
60681636
2411834117
0
0
0
783505905
0
627089033
0
132429675
0
0
0
234418651
0
0
6151278
0
0
0
0
0
2614435132
0
1
0
0
631954576
15
923360851
0
139148685
0
0
0
0
0
0
349156141
0
0
0
0
3
0
1727833787
0
0
0
6
0
14739735
1179546735
359026206
886057656
0
1111254796
0
0
94620646
0
0
43650496
0
0
0
0
0
346779280
0
0
0
0
0
267651760
780954072
0
834095746
0
0
0
0
0
0
0
0
0
0
274634766
0
0
0
0
0
0
0
0
66730128
0
0
1618685
0
0
0
36
0
0
0
191658831
0
891217571
0
15
0
10
10
0
1462610067
0
0
845242170
0
0
222467871
10
0
216268003
28
0
0
0
21
3
456239018
0
0
0
44555622
0
0
0
0
520563511
0
0
0
0
73885490
0
0
378697495
0
0
0
0
0
37199625
0
710865387
808227515
0
0
0
0
0
6
0
0
0
15111253
0
0
235369056
746003251
0
0
0
0
0
0
36
1720702239
0
0
0
0
826963446
0
0
6
0
28
0
0
0
0
0
0
135347915
0
28
0
0
0
5311845
0
104827960
6
3
0
5407116
1518942863
0
0
10
710756514
0
0
16459453
0
0
0
0
872220261
0
14265811
0
28
0
0
0
3182583111
0
0
103543245
10
3
0
142982505
0
0
0
0
0
1293821909
0
1164344896
30715660
0
0
3118241464
0
0
0
0
51485878
0
0
51940440
0
0
0
0
0
128357616
0
0
247561015
3
0
0
0
604493835
2772660132
0
5609575
0
0
0
0
0
0
0
28
0
0
0
0
0
0
0
3
129050145
75798828
0
3848618
0
10
0
37257547
0
0
0
651406465
0
1
0
0
821575002
0
296643903
0
59432253
88731181
0
0
0
81645031
0
0
0
0
0
21
0
452237775
0
0
0
0
0
0
1468548927
0
0
0
0
0
3378367524
10
0
1
10
0
0
28
2493784616
0
0
0
0
0
0
238764107
0
0
0
0
0
0
1380120851
533125531
0
0
0
0
0
688075156
0
10
0
635906953
0
0
10
0
0
0
0
0
0
0
3
3691901674
0
0
0
21
28
192705360
0
0
842079241
214524541
0
0
0
0
0
15
0
0
75848086
0
0
0
156211650
0
0
602582970
0
0
0
0
0
0
12517506
28
0
0
28
0
0
0
0
0
878276915
0
18816203
0
0
0
0
0
0
0
0
0
0
0
341025715
31940280
0
0
0
2428127827
0
0
0
0
0
0
0
0
0
0
1
6
0
473472546
0
227149970
304983253
0
0
65419641
6
0
0
323803872
0
0
452197404
0
0
0
0
0
0
0
0
3
0
0
0
0
0
0
0
3
0
21794395
0
0
0
0
0
58152720
0
0
0
0
0
0
0
15
0
0
1227038661
0
0
0
0
0
1237058670
0
0
0
0
95945878
0
837775711
15565410
1802360
0
0
0
0
0
18474081
0
0
0
0
540792
0
0
129674307
0
0
0
3315074350
0
0
0
0
0
0
0
0
0
0
0
392854465
0
0
6
0
3427618113
0
0
0
3491403
923885751
2419499384
0
0
21
0
0
0
0
0
0
389749240
0
0
0
0
0
2006019872
2256666414
141212415
97727190
0
732182220
0
0
0
0
0
0
10
1503390762
0
716822316
10
151702071
0
0
0
0
0
887033662
0
0
0
0
2154625067
0
122735278
0
0
17290140
0
0
0
0
0
0
0
0
0
0
0
0
0
15
0
235542660
29621999
0
0
0
0
15
0
0
0
0
0
0
0
3055679987
126111021
0
0
0
0
0
0
36
0
0
0
0
0
0
43575780
15
2053111479
0
0
0
455129535
0
0
0
0
0
0
0
15
0
0
145066211
6
0
0
152655855
3
0
740220526
337355995
0
0
0
2882140428
0
0
0
0
0
0
0
781409278
0
0
5459860
0
452287097
2175518972
0
0
130920471
0
0
478889099
0
0
0
0
754020361
0
198433081
0
86112207
0
0
0
405455526
4079796
0
0
0
0
0
0
10
0
36
6
0
0
0
0
410298054
36
2163815523
0
0
0
494944453
0
36785751
255826220
0
330052278
0
0
0
0
0
3134537630
0
0
0
1455125281
21
990407594
101060523
801861081
0
0
0
641554110
0
0
0
0
112972860
193523301
0
1106254052
0
0
0
0
202940731
293655495
550306900
0
0
0
0
0
0
13196953
699398700
0
95185503
3709484548
244845554
0
0
0
0
1201700800
0
0
455582205
0
3
0
0
0
0
0
0
0
140641606
0
0
0
0
0
0
0
43987510
0
0
0
13883815
3
0
6
28
0
0
256364046
3383901
164991921
60110130
319476003
10
0
2450482682
0
0
0
2563761088
0
0
241549210
0
0
1025012819
0
0
234675280
0
6
2151669636
0
0
0
0
0
0
0
0
4296846
0
0
0
804913369
0
0
0
0
0
0
0
0
0
0
0
0
98231136
2098644900
0
0
0
3
0
315193278
0
0
0
0
0
0
3
0
0
16165347
0
0
0
0
0
0
0
3
0
3
0
0
0
105639336
28
83237253
0
145905903
0
10
0
0
413281870
0
0
0
0
0
0
109971865
36
1545919620
32639160
6
0
1118148405
0
0
0
0
3
0
0
1930572089
333426576
0
645392628
918254085
0
19603555
776987910
0
0
0
0
0
6
933184801
0
0
0
0
15
3049859540
0
0
0
3059747946
0
0
0
986279491
0
1507223736
0
28
853402641
0
1
80179312
0
369199551
0
807678336
3
0
193341520
0
0
0
0
10
920998821
0
630426786
0
0
0
0
0
0
0
0
0
0
6
8534646
0
238458302
0
0
28
0
3
0
28
28
0
6
245189440
0
15
0
0
0
0
17254875
0
485021085
506580328
0
0
0
2676516447
3
0
0
0
0
201452628
0
0
0
648378238
0
0
480391506
0
133228326
0
0
6
10
0
0
0
0
3
0
1075175340
0
0
0
0
0
15
0
0
0
0
27807153
0
0
10
964501229
0
0
0
885763005
1240592766
888688119
65453961
1572939360
0
0
0
0
36
2930922948
0
15
0
10
0
0
0
0
0
0
0
0
2222354813
1034641
0
0
0
0
253246544
0
0
0
36
0
0
0
0
0
0
0
0
0
0
401960481
0
7033677
0
0
1027019181
0
78882754
0
0
0
0
493188
0
0
3139339220
0
0
28
0
0
476864403
0
0
0
0
0
0
0
28
1
536504852
0
0
0
0
1194456126
0
0
0
0
0
1387167333
3
743848522
10
0
0
0
878326630
0
2222886
0
2779457989
0
315896680
0
6
6
0
0
0
208981
0
0
0
860317774
0
0
869370317
0
0
15
0
0
355791150
0
0
123834453
0
1
0
0
0
0
1134808620
0
1121650566
0
0
0
15
0
0
28
430109785
0
0
21
0
0
801371896
6
274377025
0
0
152536230
0
0
8692365
0
6
326380231
2043638933
0
193444615
0
0
1802151
0
1212904378
0
0
0
170321196
0
0
0
0
0
3370922025
0
0
334902267
0
795107503
0
85942605
0
191208790
0
1635336
3
0
0
28
0
432964251
0
348070920
0
0
3
0
3657848119
0
0
0
0
0
0
0
0
0
0
0
0
28
0
0
2707441175
0
15
0
0
0
0
0
268783705
10
689151375
525803806
0
0
0
0
86731035
36112251
2795579993
0
0
0
0
1424700617
0
0
0
0
910172445
63735363
0
0
0
19226290
0
0
0
0
0
28
0
0
155946630
3
0
0
483833207
803343486
10
0
10
0
0
0
0
3060561006
563655985
186524955
0
544446
0
6
0
0
0
465130
36
11862400
36
0
28
0
0
0
2430194271
0
0
0
0
0
0
851504415
0
0
0
0
0
0
0
0
136588499
0
1499783826
0
0
0
0
10
0
0
0
0
0
90949659
0
0
0
0
8778
334588515
30019626
0
0
0
505063653
0
48654180
0
0
0
908267350
0
0
0
0
0
0
0
0
0
0
0
0
243509346
0
560538903
0
0
0
0
15
516827325
1169417341
0
4549149
3708689036
0
0
0
0
0
0
0
0
0
0
0
0
0
0
0
0
0
0
27495
28
0
0
0
0
28
0
0
461117710
0
0
44180001
0
28
0
78008283
55093185
167802040
0
0
0
0
622760011
0
210135250
639993415
0
0
0
0
0
0
355578039
0
1961002398
21
0
64780653
0
0
13320541
0
200826120
0
0
0
0
639437585
0
0
15
0
679132159
0
0
0
0
0
0
0
1902225
0
0
0
0
6
28
213097690
0
0
0
0
0
124255890
3161155132
0
0
0
0
0
28
413266875
2274105817
0
0
0
0
0
0
0
0
0
0
0
2431603301
0
0
165174400
0
586959453
0
0
0
0
939011853
2087089430
15
10
1
0
0
0
0
0
0
0
0
0
0
0
0
0
0
0
0
0
3
0
0
880381419
64757890
0
0
0
278303028
0
3
0
0
0
0
1006007940
589673635
0
0
0
0
0
0
0
15969726
36
0
401591973
79777396
1021949445
0
0
0
0
210853380
0
883491630
0
159346205
0
0
0
19390878
0
0
0
0
448493547
28
565269876
0
0
284982005
1925231072
322394817
0
0
15
0
0
689219592
1
1041996653
139350615
0
0
0
0
650342592
3166573393
0
0
0
0
0
0
0
64985700
0
0
0
0
0
139069503
6
0
0
0
0
0
196743366
0
920637033
0
3
0
28
15
0
0
0
1323920014
403792461
0
0
0
0
0
0
36
0
78519246
36
0
0
0
407765403
0
0
472904320
0
0
0
946320760
1
36
0
0
3558435931
0
10
0
0
1468360908
0
0
143101787
0
15
0
0
0
0
0
1079474880
0
0
0
0
0
0
0
0
0
28
1049713290
0
2893953504
225451995
459015889
761971992
0
28
401365278
0
0
1
0
0
0
28
0
0
28
484551855
0
0
37866753
0
0
136397386
3189819045
15
3
0
807397020
364143363
0
859279240
0
0
0
0
10154290
0
0
0
0
0
0
0
0
0
9067411
0
0
0
0
36
678353361
326260740
0
0
0
1948946153
0
0
993445313
0
25622061
0
0
6
0
253661988
46011645
0
813193956
0
0
0
0
0
3
0
0
124102135
0
0
0
0
1
0
0
0
1692683876
0
0
0
0
1002500025
0
243301892
0
0
199278685
36
0
0
0
0
0
0
1135856953
0
0
3
0
0
415442510
0
243973005
0
0
0
0
0
0
0
0
6
27926601
248611551
0
1438069192
0
0
0
15
0
123092444
0
0
0
0
628085403
1474280256
1529238810
0
0
761205772
0
174405826
28
0
0
0
0
3193094755
412782564
1092458199
0
0
0
0
0
0
0
518595337
44253
0
0
345437470
305527682
0
0
0
0
113439453
1040415
2905255
0
28
0
28
0
0
813621158
0
0
862690835
0
18372578
911111328
0
0
471536695
10
0
0
3412766472
124474440
42989628
6
0
99849646
0
89347387
0
0
0
0
0
36
435139750
0
472519911
265927126
0
0
0
0
745269528
0
0
2521179647
9614
0
0
0
2892372699
157948651
0
21
0
0
0
0
229161936
0
0
0
0
1
0
0
0
0
0
207560125
299628774
0
0
0
2350082232
0
0
0
142138025
0
0
0
5081916
6
0
0
0
0
375147136
39966696
3
0
0
725083090
605885455
0
0
1924769670
0
15520806
0
0
0
3
0
0
0
36
82092891
0
6662169
0
0
0
6
0
0
0
0
41466341
0
0
0
0
1362884814
0
0
0
0
327588648
0
6
10
0
0
0
363829733
414160800
0
453712626
1
0
0
25308055
39573856
0
0
2808546708
1263138830
0
53153205
200028
0
15
0
0
0
0
0
0
3
21
0
6
2762685219
0
184214415
0
6
42379821
0
0
0
0
154185580
0
0
0
0
0
0
26386480
0
0
121360410
0
0
0
1310882525
0
0
0
6
1043079975
717040745
2739268072
523270115
0
0
6
187491930
46488903
99344558
0
343125695
15
0
0
0
0
0
28
3
0
471168253
0
0
0
0
0
0
0
0
135969324
15023421
1212707376
0
0
0
0
0
0
0
0
0
0
0
20639610
0
10
8763391
0
3517784956
0
0
6626620
0
0
0
0
3
0
0
2823357142
23220
0
0
1147899655
104495196
0
0
1241753976
0
3388768691
2663816844
0
0
0
0
0
0
0
0
0
277784235
0
0
0
514066080
36
96084453
0
0
0
548425087
55161756
0
2446321348
0
0
0
36
0
0
2344373
0
46315500
15
0
0
0
0
1383616
0
0
0
0
0
21
3123988650
0
0
0
36
457963602
0
0
328435635
552183
0
26010078
0
12905740
15
0
0
373472293
3
0
0
291719935
330078
0
0
15
2831010
66915096
0
2763586532
0
0
0
0
0
0
0
0
0
158275782
1001568117
0
0
0
0
0
0
0
3173285757
0
0
0
0
0
0
0
0
0
265807287
0
3260112174
81696153
0
79575420
0
466177845
0
0
7301931
0
0
0
203707020
0
0
0
0
514068566
0
10
0
0
0
0
0
49935021
0
608359521
7763770
0
0
0
0
0
0
0
0
0
0
0
28
0
169270800
1937496
815171253
0
0
0
0
0
0
0
99
0
0
0
0
183689935
1489808094
2757805337
0
155241010
0
0
0
410066808
0
0
0
0
0
0
0
245445420
0
271535289
121719003
113349096
36
639265521
0
6
1449959124
21
0
0
1
773211033
0
0
0
262450
0
0
292638528
0
0
0
0
0
745810131
0
94827106
0
0
0
0
0
0
0
2682634351
0
907750644
0
0
606286374
0
15
0
0
0
0
0
0
0
0
0
0
0
0
0
0
0
0
0
0
0
0
0
0
0
1217538531
3575552343
36
0
79147071
0
0
3281171992
0
0
0
0
2380568793
6
64292130
0
2169820203
0
0
0
0
0
0
0
889759354
0
53390611
1088134575
0
0
0
0
0
0
0
3471882092
10
0
0
0
0
0
0
0
0
0
0
15
0
25855473
0
0
0
0
0
0
0
0
0
0
0
0
2917050742
0
339887628
3701929899
0
0
0
0
0
0
10
0
3
93016999
0
0
0
0
0
2932904105
0
0
0
113303140
0
53411280
91469575
1018878
15
0
0
917054551
0
48221110
0
0
36
0
0
0
0
0
0
0
0
0
28
28
0
0
1106122095
0
685600126
0
3122435037
0
41856675
2338529804
2764530494
1054394211
744034600
0
0
0
1517130059
0
465846075
0
10
0
28
1098428698
5737578
0
0
0
0
0
0
51678861
0
0
0
0
117665470
0
242869780
10
0
0
0
2072654941
0
0
0
0
834708511
507775370
205811616
0
657128508
0
0
0
0
2728938682
0
0
0
499043028
0
0
0
0
3
6
0
0
0
0
0
0
393303081
0
19716060
0
0
256336620
0
0
70769474
0
416435370
0
0
467856931
0
0
0
0
0
0
0
0
0
0
172608135
507960001
41041
0
1
0
0
0
0
95282110
0
0
0
1745834115
0
28
0
0
124893860
132355
0
557596315
0
0
0
0
0
246564321
0
3001221962
2518598285
0
0
0
0
0
0
0
111236070
0
0
26540910
0
0
0
459363205
0
1
0
0
0
0
0
6
0
0
0
15
28
27479991
0
0
0
182280871
7767711
0
0
0
0
0
0
6
0
0
0
28
0
331569876
0
0
28
17889171
0
1484329700
0
0
0
0
10
0
253383816
0
0
0
0
600016761
1565015514
0
0
0
56318625
57461495
0
0
107907985
909916470
0
5918814
0
0
0
862617920
2849969919
0
0
446765921
0
0
0
216767431
304810395
28
0
0
1325138163
1204594986
0
0
0
0
658529865
1
642234880
0
0
0
92598
0
1882023519
0
1998977145
1
0
0
1839161296
177312696
0
0
161523351
0
0
0
0
6
132576186
3741280034
0
0
0
105495075
0
2647533189
478281252
0
0
0
0
0
0
0
0
0
0
0
0
0
528889026
0
10
0
0
88923420
0
0
0
0
804947626
0
0
0
6
626760315
1723655792
0
0
0
28
34457451
0
0
0
0
0
2516179966
67291127
0
0
219524581
6
0
0
6
0
0
1077317900
0
0
0
0
21776700
0
0
3051082299
0
0
28
0
0
0
0
0
0
0
0
63185661
0
0
0
119003878
3
10
97531561
1167338721
0
0
264212578
0
3
199210780
410663390
356084641
1112438186
0
28
0
0
0
0
0
0
3368598401
0
3359221701
0
0
0
1125000514
0
327283320
0
0
1169127190
0
36
15
0
129178701
0
0
0
0
0
0
0
0
0
0
0
3
0
0
0
0
0
0
494378290
36
0
0
0
3
28
0
0
0
283089115
0
0
28
0
15
0
0
0
99651903
0
0
0
0
0
0
28
278113602
114677940
0
0
75479041
2029823258
0
3211113083
149204175
444064701
1712560736
112912878
0
0
6
0
0
3580094363
0
47128151
0
0
5003866
0
0
0
0
0
0
0
0
0
6240
0
0
1403880454
498101303
0
0
0
0
392680378
2101028336
0
27309745
66903528
0
0
10
0
0
10
2892758226
0
861726855
0
714088295
0
0
10
107868833
0
0
0
52879176
0
3011522690
0
0
0
32377237
0
0
580981805
0
0
0
0
5942628
0
522787859
0
373583475
0
2674941372
74499321
0
0
0
378688960
0
0
15
413745432
0
0
0
143123579
0
0
0
0
646003540
0
0
15
0
845118828
0
0
0
0
0
0
0
602312217
619784028
190653
0
0
0
0
0
0
0
0
0
0
0
142340628
0
10
0
0
126605955
0
0
0
0
0
2707088492
0
1240976432
351769889
6
322186420
0
0
0
0
0
0
3
0
0
0
0
0
2732351799
164375646
0
0
0
0
0
0
0
10
2719009656
4114281
0
0
0
9007065
2214940
301682766
0
3
0
0
0
0
0
0
568711
0
0
0
0
0
0
0
412778278
0
0
0
0
0
0
0
3
0
74173374
0
1453070494
0
0
6
32004000
0
0
15
0
0
63410691
0
0
0
10
0
0
0
0
0
0
1703888624
3177564145
3019653
0
7506721
1
282789924
0
0
0
0
526039669
0
0
0
2569841988
0
0
0
155135305
3
0
66430
0
0
0
1034556328
0
0
0
0
0
0
2062000173
348650728
0
3
0
0
0
1
0
0
0
380121378
0
26510121
0
823023306
788978226
0
1078870926
0
0
0
895343086
0
476617375
1991162431
1594005
0
0
0
0
0
0
2670985666
28
0
83722134
0
28
0
178123375
0
475785052
0
0
0
15
0
784495855
0
0
0
0
0
4566565
0
0
0
0
0
0
10
0
0
0
0
0
0
1752869075
1845364121
0
0
0
0
81895050
0
622674405
21
0
0
0
1051320906
0
498600831
0
10
6
0
6
15
0
0
0
178403497
2197788674
896568108
0
0
0
0
0
0
10
28
1453910940
0
156476895
0
112432510
0
0
0
0
0
28
0
3
0
0
0
0
6
485702805
36
0
0
0
0
4379320
0
0
535748798
6
88692606
6345504
0
0
0
0
0
201880567
0
0
621087390
0
28
1278594934
0
0
0
0
0
21866858
1373032173
0
0
0
0
3
0
0
0
0
0
0
0
0
0
3486522954
2746273361
0
19603140
0
621682
15
53473311
22247785
0
0
0
0
6
0
0
723730035
0
0
7355530
10
0
2671858322
64610520
0
0
0
0
10
0
293001528
0
64754921
0
10
3
10
0
0
21
0
28
2141464738
0
40692600
0
155138148
0
1
0
0
3
0
0
0
0
100541880
0
0
0
3428859742
3
0
0
0
0
28
408508236
0
0
0
0
0
2366457989
0
0
7286653
0
0
605467801
524961003
0
0
15
1038940486
0
0
0
0
0
138586276
0
183964971
0
0
2232489522
0
0
3971437
1117344628
0
0
0
0
6
0
0
0
0
0
0
0
571455644
243376953
0
3
0
18583656
0
6563524
0
0
0
1858049275
0
9467776
6
0
0
0
0
188558490
0
2889377856
2821196174
28
180794620
338287791
0
0
0
393246990
15
122799633
0
3460345272
47965463
0
0
1123734834
10
39316278
324418185
0
0
0
0
15
6
0
0
0
0
10
1933627822
463738285
36
0
128292868
0
34565455
0
289068990
0
1
0
0
0
0
0
0
0
0
0
1
246675897
0
48901105
0
28
0
0
0
861726855
618095220
1027789791
0
0
28
1629360443
0
0
0
0
0
0
715922098
0
0
6
0
391208892
0
0
0
6204003
461365876
0
326362926
0
109320291
0
0
0
0
0
0
0
0
0
0
0
0
0
122152436
53050150
0
0
0
0
0
0
0
3598095247
0
0
3
0
0
36
0
0
0
0
858491766
0
0
15
0
1660256109
0
0
14985075
0
0
0
0
0
28
0
514034016
28
926220190
0
0
1500574372
390000556
2881200
0
0
333788203
74134333
0
0
0
6
0
0
365172114
0
0
0
16276824
47848653
943408203
0
0
0
0
0
0
0
0
10
0
0
0
0
0
0
0
0
0
0
0
0
0
15
0
0
0
0
28
0
3030506247
82169790
0
0
0
411119622
0
15
0
0
0
0
6
0
0
0
0
0
0
15
0
0
2186663960
3
0
471502479
0
0
1136524326
3
0
357536282
0
0
163852143
0
92712633
591697200
36
0
3
0
0
839331906
0
51186485
0
0
2169326250
29568180
0
0
0
3549625600
10
0
438331636
10
2371862922
15
0
0
36
567289086
0
12248775
0
0
0
0
132347110
0
28
231862681
34815340
3
0
0
0
11904760
0
0
2726112153
1349325051
0
0
0
0
0
0
0
1604637622
3457944153
0
0
0
11383606
0
679864375
28
0
6
10
711795315
6626620
216663336
0
0
0
36
0
209745921
768927720
3
0
0
0
0
36
1139973736
28
0
0
0
1052831328
0
0
0
0
0
418486915
6
51169202
0
6
0
0
0
240736653
33321366
0
0
0
9165955
0
31295916
1078127830
913588885
573626358
1211642440
240040039
792039900
0
36
0
0
0
0
0
10
0
0
0
0
1166540990
0
0
191767652
163981484
0
0
1356501779
0
0
0
0
0
0
14998165
0
2815163586
0
0
0
0
0
0
0
633930964
3
0
0
132120640
6
728188203
0
0
6
15
23684403
0
292880503
80428050
10
0
0
0
192854980
0
6
458280371
0
11122686
0
0
0
10
0
215436903
0
72438666
137954355
0
0
0
15
0
0
0
0
696074352
0
987879025
1221044653
0
0
0
0
36
0
0
0
0
1788945411
0
0
47526375
1
28
0
0
0
1253766515
36
280951660
0
15
15
0
0
0
0
0
253293778
0
0
454827165
3
69956706
0
0
0
477636778
799220190
0
0
0
0
0
0
663809266
323126331
0
0
29493510
895554681
0
0
0
0
0
3
0
0
0
0
0
1047986604
0
0
0
383381895
0
0
0
0
0
0
0
193385611
0
0
15
0
0
10
958322310
223735281
0
0
0
0
0
2540703898
1088737501
0
0
0
444959196
0
0
0
0
0
0
675262875
0
841258671
3
40308125
0
423768828
0
0
0
131508078
0
0
0
0
166741191
0
0
191903855
0
982552285
0
0
36
29211546
0
0
0
0
0
597283203
0
15
10
0
0
70573140
0
0
1061155432
0
493089906
0
0
0
10
0
18876906
0
0
10
0
0
92228571
1756630640
0
0
0
0
0
0
0
0
0
3
0
0
0
519209545
0
6
0
0
0
0
0
0
3354302345
0
0
0
18803778
2957141091
0
0
0
699249106
292664512
2412636470
0
250644855
0
0
0
389916775
0
0
0
3582097661
454165901
0
3
0
306367881
637798470
0
0
0
0
443836941
0
0
1077130382
238525561
0
40121711
0
0
0
0
0
0
0
0
88954844
0
0
2037171
0
36
0
0
1162752976
6
0
0
22555686
0
0
0
0
0
0
36
0
1244281555
0
0
0
1876289661
0
0
0
649197755
441624340
0
423303156
0
0
273207000
0
139656
6
0
57400255
0
0
0
0
0
15
0
1208546578
0
0
0
0
0
6
12293361
0
0
1069600626
1127198940
353022306
6
36
0
0
656288335
0
10
7720485
0
0
0
424426664
0
881908908
0
2110368720
0
0
0
6
0
58249821
0
0
861012468
0
0
0
0
0
36
0
0
0
0
19359753
0
0
1734764016
0
0
0
0
3462218719
0
240429556
435312027
1027835130
0
0
0
0
0
82464903
0
10
0
0
360825
0
0
395043886
0
521305905
0
0
3
0
28
0
0
0
0
0
9594390
0
1
0
0
0
0
0
0
0
0
0
0
166066200
0
0
0
0
0
0
3857253
10
0
0
0
0
2666583656
0
6
1924119173
0
0
0
0
0
0
0
0
0
0
6
0
2332304190
0
197716555
0
737452810
0
0
0
0
0
0
0
216767431
0
0
527199156
0
0
120386129
0
374020372
53431953
802483774
0
888416628
0
0
21
0
0
0
0
0
178104501
103740
0
0
3
0
0
0
0
1677231795
0
915855801
0
0
0
0
0
0
0
0
0
0
0
707406710
0
0
0
77047491
1436157045
0
0
356218086
0
0
581660778
366812155
0
0
0
0
0
0
0
0
0
0
0
0
0
297228771
0
0
404137038
0
0
0
0
0
0
99623670
0
0
0
0
1
0
157679854
1305033911
273581136
0
28
0
21
0
0
607731816
1430098972
0
0
0
0
0
0
0
0
0
0
0
0
1996777817
1082657841
0
15
2279139892
0
0
0
35465625
1952155067
0
0
0
3467409325
338127755
0
0
102681615
1
0
0
0
0
0
524831401
196122828
0
0
28
0
36
56876445
0
0
0
1046533380
0
0
0
1
0
0
737008154
0
0
0
0
0
0
107611785
0
10
0
1351033608
0
0
0
0
0
10
0
0
76403341
458212128
0
0
409623753
615215503
217997640
0
0
0
0
0
0
0
0
0
561476805
0
0
0
0
7199115
0
0
0
0
0
0
0
0
0
0
0
0
0
0
0
785181890
1645814960
0
0
15
0
0
1187831519
46498546
0
0
723197496
0
0
0
0
0
0
0
487796995
15
0
0
45009853
0
0
0
0
0
36
0
0
473257995
0
0
0
0
0
3
0
0
0
0
0
1313987481
28
0
0
0
0
36
555261150
0
0
0
0
35739285
422750503
0
0
56227710
0
0
1239741462
0
0
0
0
0
28
0
499839459
0
43365
0
0
1114756802
28920
0
0
730173049
0
0
0
139586986
726357555
0
0
0
0
213839424
0
0
0
0
0
0
446985
0
0
0
6
1008162156
10
0
0
0
0
1040706253
28
0
0
0
0
0
0
0
0
0
0
0
15
0
0
0
539906230
0
63241881
0
0
0
0
0
0
15
0
0
0
0
0
0
0
12125350
1195634060
36
0
15
0
28
0
0
0
0
0
0
231802746
0
0
0
0
1095705078
6
6
0
36
0
0
0
0
0
3697857365
0
0
0
0
0
0
36
545998892
682928403
0
0
135521183
0
0
0
28
0
0
0
150540
528726421
0
0
0
1854250141
1
0
0
0
0
0
708591835
0
0
567208569
0
0
0
0
0
28739571
0
0
3141216969
0
0
561701472
702225765
288153447
15
0
0
0
0
15
3
752135444
0
0
0
0
0
6
0
0
0
0
28
0
0
3270050415
0
28
0
184996707
0
0
0
15476240
0
0
991660845
0
0
36
0
0
0
783347571
326235196
0
0
0
1017072651
0
0
15
0
0
0
3
0
0
0
0
0
0
0
0
0
0
0
0
1353706260
0
0
0
0
602652403
0
0
0
0
0
774193130
0
0
955347616
0
278067153
0
0
0
0
0
0
0
0
0
0
281544585
0
0
0
3
6
0
0
0
323436646
0
0
1509062598
1978175395
2511812737
0
0
10674510
327769606
0
6
0
0
0
0
1017884640
0
0
0
0
0
0
0
0
511440153
0
0
1660820509
75737278
956134585
0
2428971923
0
0
67692430
0
0
0
0
0
170512035
62323030
0
0
0
590253261
0
0
0
0
0
0
0
7886406
0
1527706449
10
0
3
123836447
0
0
0
0
0
0
15
891285310
0
15
0
492587578
0
0
0
0
3018825935
0
1891812735
1970706680
566783946
305698386
0
0
0
0
0
0
0
0
0
0
0
15
1179838176
0
0
0
495573903
0
2502450495
0
0
0
711418060
0
15
0
15
0
0
3
588296451
0
275338311
0
0
0
439694685
0
0
0
15
0
0
0
0
0
0
0
0
1566243174
1448933878
0
0
675460293
0
0
0
467461176
10
0
0
0
10
0
0
0
0
0
0
0
0
0
0
0
0
28
0
0
0
0
555627780
0
620734995
69505629
360085881
0
0
1073350278
0
0
6
0
0
0
0
0
3587768568
0
0
10
0
251534068
28
0
0
0
0
0
857199183
28
4279275
0
2773650
0
0
0
0
0
0
36
0
0
288276066
0
0
0
0
0
2525334927
0
1723526301
0
0
0
0
0
0
0
0
0
146747396
0
28
0
0
130885975
28
0
0
0
137592729
160088671
0
0
0
0
0
0
0
0
15
0
0
0
0
6
0
742825274
0
754641825
0
0
351191253
0
0
283374721
3207645077
0
0
0
0
0
2634232076
0
0
0
1120868324
0
0
0
3
0
0
0
1293557600
2392256249
15
10771761
0
298326951
52147578
91952215
0
0
0
0
40080
0
17014861
0
0
9559378
310366155
0
0
0
28
0
0
0
0
938932490
59439338
0
0
0
0
12154915
39309132
0
0
0
3
0
1175373370
427350
0
1194339549
3
0
0
14535
0
0
0
0
0
0
0
0
0
0
0
0
0
0
732698340
0
0
0
0
0
2112081391
0
1401464379
3
0
0
0
0
0
1190421875
0
0
0
1603166081
499566131
0
0
0
15
6
0
2276530181
0
0
6
28
44150546
28
0
385378203
0
0
0
75161526
0
0
1256500344
406746
0
0
0
0
0
0
338092581
1104993555
1309079855
0
0
0
307532400
0
0
0
0
0
0
0
0
15
275549550
0
0
0
0
8650720
0
122245894
0
0
977835675
437591736
137757025
0
0
0
0
0
0
0
0
0
282972078
0
0
0
28
10
0
2067478481
0
0
0
0
0
0
0
0
689151375
6
0
0
0
0
71144556
0
0
0
0
0
0
15
26038936
38311881
3460775113
0
15
0
2870940048
0
85995055
137622345
6
917816797
0
0
0
0
21
0
0
127752120
0
604319995
0
0
0
74316336
0
6802516
0
0
0
0
0
1210806303
0
0
21
0
36
16730220
0
0
0
0
147722266
567760753
28
0
0
565130128
0
602270571
34266781
0
90727185
0
0
3
0
0
392854465
0
0
0
1475599
0
0
0
0
0
683125085
19665856
0
28
0
0
0
0
10
3
3035222880
0
0
0
0
0
0
1
0
0
0
19727169
206136360
0
3
0
0
4429776
2270603091
0
0
0
8646561
0
256296120
0
60990490
0
772697016
0
26386480
0
0
0
0
0
3
0
2878644918
3029018549
1210689028
0
0
1
35561961
0
0
0
0
0
0
0
0
0
0
2444460254
10
432665236
0
0
0
834176764
0
0
3
0
0
0
0
636921125
0
0
0
0
0
0
10
0
0
0
489328686
0
0
15
259692849
0
0
7055020
0
286909035
0
0
0
87571
0
471413865
0
0
0
659526
0
0
0
0
0
0
0
0
0
623392060
5476395
0
0
0
0
0
0
0
0
46382896
0
0
0
3139110260
0
28
399440980
3143274751
0
49515327
3164322923
0
0
0
203404365
0
70252731
0
0
0
0
0
1116281692
0
0
656646146
0
15
0
0
0
1165255619
0
0
0
0
1070433315
0
263175
0
0
0
0
0
1321188174
811380186
0
0
0
0
3027670412
0
0
15223629
0
80561725
0
0
0
0
6
0
5469778
0
0
28
0
0
28
0
0
0
0
15
569986966
0
447199371
0
0
386044791
0
824452601
0
0
0
0
0
0
0
2814340232
0
0
0
0
10
0
0
0
0
0
0
37053136
0
15
0
0
768976040
224158551
0
0
0
0
28
1820998376
0
0
760331497
3
252012475
0
0
0
0
0
0
0
2253525750
0
0
0
322973820
0
0
0
0
3214815834
332737690
6
3
0
0
0
0
0
0
2353365
144933825
0
0
7565100
0
0
0
0
581592565
0
124762129
783743436
0
860647816
1204840416
0
0
0
0
1050446530
0
0
0
0
0
0
0
0
0
860689305
15
0
184540866
0
0
15
0
0
1305653739
488423402
0
0
0
0
10
0
266597348
752661801
0
0
1414670472
0
0
0
15
0
0
0
1019869085
0
0
0
0
0
0
2273911217
0
0
0
0
374435295
1
114224055
2008040894
0
0
0
0
0
0
0
0
201930
0
908210890
0
164489772
0
1689929954
0
0
0
0
0
0
0
0
0
0
245420914
0
10
0
0
0
0
0
0
233463636
0
0
0
0
0
598839528
1118655072
43510456
0
0
15
0
36
0
0
359435822
0
0
28
236209791
0
0
0
2900436
0
340774671
10
0
1072238586
0
0
0
0
0
0
0
0
0
0
0
0
0
0
54147621
0
533445378
17437
0
0
0
0
0
60438703
0
0
15
0
0
0
0
0
0
0
0
0
5949525
0
0
0
1733744486
453383004
3619038750
8308926
2060615721
0
540695170
0
0
0
0
0
0
0
0
0
0
0
15
0
0
0
708733635
222172660
1168788726
6
0
0
0
0
0
308202378
0
0
0
0
32861576
427211065
0
1347855825
575130570
0
0
15
808281321
0
1213520345
0
0
0
0
0
2264352797
6
409251745
0
0
2346481697
2549504227
0
0
0
0
47878005
0
0
36
0
0
0
0
0
2439016797
0
98333420
31125
0
0
484893390
600629462
17793595
6
0
0
3289502376
571750557
249392611
0
0
0
195100381
0
0
5292631
10
0
0
533027575
36
88899453
21
0
687739049
3063226632
0
0
2232748553
6
0
0
1
1093702494
0
2002592874
0
0
3
0
0
0
319586400
515349460
0
0
1828209740
0
76663153
0
0
4074085
0
6
2520687701
36
3020759939
6
1007488716
322380137
2390391
0
0
0
0
299209830
0
0
0
0
6
10
0
1234686772
36
0
1
0
10
0
231071253
2584046372
0
265824153
0
0
0
78829074
401138650
0
3
0
0
0
0
2014809785
0
560559198
0
0
0
0
0
962196527
0
0
0
2612598323
0
662316210
3547777214
6
0
742569453
0
0
0
0
0
0
0
120675880
0
0
0
0
0
0
0
0
1809895383
15
0
0
846270370
0
0
69555115
0
1089254475
0
249144334
0
0
79487136
0
0
0
0
0
0
0
0
0
137746042
0
0
2733621117
1438478961
0
0
0
0
192547628
0
0
0
0
0
0
5856825
0
0
0
0
55235305
28
22946925
0
206258205
0
15
6
0
0
0
796106465
0
0
0
0
0
0
11865756
71811449
0
2823876
374982805
0
342526051
3544713986
0
10
0
0
2198707438
6
279554835
470830641
767986836
0
0
0
0
3
366560583
0
3
292971879
0
0
0
10100265
0
0
26769600
0
295597455
0
0
135572811
482092608
0
0
6
6
3035582698
1868831357
0
0
6
0
0
0
0
374189046
1919328644
120815740
0
36
0
0
0
0
0
0
0
28
0
395634385
0
0
36
36
0
0
0
0
0
0
0
6
3337205848
0
852328828
0
0
0
0
28
0
0
0
403493028
0
0
0
327751270
0
0
0
0
307978971
0
0
0
0
0
10
17023049
3
0
0
0
0
0
0
0
0
0
1548681795
1243712349
0
0
0
0
0
0
0
523827528
845915304
0
806951289
0
0
28
535767531
0
3
0
0
0
199410435
0
6
0
0
4165941
102194956
0
0
0
0
903741355
0
1
0
94839467
927288854
0
15
0
206990031
0
0
0
1159620561
0
429347556
0
14390454
301388783
0
0
15
0
0
0
0
0
0
0
565841620
0
0
0
0
1
0
0
0
0
92650078
0
459817975
1468079334
0
0
924110058
43069968
3321140711
28
1314669150
28
0
1181953
0
0
0
0
151527936
0
373914780
0
0
0
55056771
0
0
1017966681
0
15
0
0
0
0
28
0
0
382551630
0
0
0
0
3
0
0
0
0
637405660
170985253
0
0
0
20229099
0
810453930
25839957
2289941483
0
0
0
0
0
0
0
52137366
0
0
21
0
106222600
1729388435
0
0
0
0
0
0
348988307
3
0
0
0
0
0
0
0
0
0
0
0
0
0
0
0
0
0
2468461271
499801536
257697
0
0
217595961
36
1165213675
0
0
28
0
0
0
0
0
2188764403
0
0
0
0
430554963
0
0
0
111607039
0
0
0
0
0
0
221405805
0
0
15
0
28
2162818089
0
0
317129520
0
0
36
0
220605375
1
0
0
224119791
0
0
0
0
0
406167751
28
596903076
0
1587739955
0
0
0
0
0
0
0
0
0
0
0
0
0
0
28
592626378
0
0
0
277572141
0
0
3159778077
0
10
0
0
0
523665703
0
0
0
0
0
0
647838010
0
0
0
36
0
0
0
1950683719
0
0
0
0
0
15
0
0
548179573
0
0
0
2094081
2253835839
0
3
0
0
542933628
0
10
0
0
0
10
105713070
0
0
0
0
0
0
0
8276346
0
4031380
0
0
0
0
0
0
3
0
15
28
731282646
0
0
0
330315770
911666350
13731420
0
0
0
0
0
0
0
0
0
0
532440028
288499832
2568311704
18675216
0
633375
0
0
0
0
0
0
0
134504601
0
0
0
0
0
36
0
15
0
0
28
0
2548060679
0
155373582
2736225905
695062849
18994366
0
1033542606
0
36
0
1562755179
0
3520531
0
0
458019094
601056456
0
0
0
0
1706146786
0
0
0
0
0
0
10
0
0
6
0
51745608
0
0
0
98708275
1
764463651
0
0
0
0
22101276
28
0
0
13812254
0
56578203
0
0
0
67896
0
21
0
0
28
36
1307749207
0
0
0
1897780583
0
0
457062495
44288166
0
0
0
0
0
0
0
0
0
0
0
2126038710
0
868882141
0
6
3
605676610
0
1481311259
2192270080
0
0
0
0
0
0
369090865
477111495
1529845610
32768560
1840388421
0
286525891
0
0
0
100151722
0
36
36
0
0
15
1202877676
0
655664269
0
0
0
0
0
0
0
0
0
0
0
752288807
0
0
0
0
0
0
0
0
0
0
594482563
0
0
0
2770931520
10
0
1188793180
0
28
0
0
29173341
0
774270276
0
0
0
0
28
483931605
10
309171411
0
0
0
0
0
0
36
582513778
539183541
0
0
0
10
0
0
0
0
0
0
0
0
0
15
0
10
761881737
0
377807847
0
0
0
15
0
10
0
0
15
8813701
459454141
246320110
608847960
0
122284971
0
0
277996410
0
6
0
379046481
3
28
15
168555897
1
154010025
0
134455401
0
28
0
0
36
0
0
10
15
104755575
0
751653378
0
10
0
16089524
0
798780465
0
481104690
0
0
108846855
1156107655
0
0
95644328
10653480
0
0
0
0
0
0
35781570
0
0
209295570
38170323
0
0
0
6
0
0
3
0
0
0
36
0
1074694341
0
0
0
0
3
0
3047425265
0
10
0
0
30162435
0
0
36
0
724470994
0
0
0
0
17945291
54575128
0
0
0
0
535937430
0
0
0
0
0
0
10
0
0
1
0
0
1040206047
0
0
0
0
1076085636
0
0
0
28
0
0
0
0
0
0
0
0
0
0
0
0
28
0
60880095
0
0
0
0
0
0
0
15
82670511
0
0
145070061
0
0
0
0
0
0
0
10
0
24370346
0
474770520
0
125492403
7025626
0
256820454
3
0
0
0
1188250074
0
0
20097837
31327570
14636755
0
0
2754700
0
0
1331148869
157059549
1
0
0
0
0
205892778
150190446
21
39185504
0
369716028
0
0
689894085
0
913276
0
2583229282
0
0
0
0
0
0
0
0
3059066498
0
230319453
244283822
0
0
0
0
674528085
36
0
0
0
0
0
1468298372
0
0
0
3
0
0
0
450622869
0
0
3413196537
0
0
399423232
0
1698668205
970443540
0
0
861892921
0
0
0
9152781
0
0
0
280951660
0
0
0
28
0
293139455
0
552604803
0
0
0
0
1083221250
0
0
0
0
282732310
882357036
6
0
0
0
0
0
17907120
0
1069613573
0
28
0
10
0
0
213028279
0
0
0
0
0
27637506
0
0
0
0
5566116
725557371
0
0
0
0
0
0
0
36
0
0
4091230
858617974
58303801
0
0
0
1127081658
1000856170
0
4117015
1229063410
28
0
0
0
145584481
0
0
0
445317246
800840650
0
0
0
0
729028
4131694
941107420
3
0
0
0
200028656
1
0
0
0
0
10
139716719
0
0
0
713695610
0
199958869
0
562013101
0
0
0
0
0
0
5849910
0
0
694543803
0
0
17609145
2341698358
0
1
67262601
121945800
0
0
0
0
1
361549495
0
121002346
0
0
0
986235078
604250466
0
0
169454845
0
0
0
0
0
0
0
0
0
4622586
0
6
0
35982605
0
0
0
2019316683
0
0
0
0
0
0
0
0
0
0
0
0
28883800
0
1781183472
107699826
6
0
6
0
0
0
0
0
0
9290205
0
0
243708003
0
0
0
176785806
0
70758765
0
934113837
0
0
36
0
0
720309990
0
0
0
0
3168963567
0
0
0
0
0
0
1670025
0
400960
0
0
0
0
256839780
3381405711
0
10
253
0
0
0
365405061
200814675
6
0
15
476802640
0
2063733169
250107795
0
0
0
0
0
282328203
322872166
0
1506304820
0
0
0
0
73034287
0
0
0
0
327751270
0
0
0
3000025
0
1
0
0
3
313538361
0
0
0
0
0
160357186
0
1136762721
0
0
0
147722266
0
0
0
0
0
0
28
0
0
0
0
0
28
0
0
0
1948772910
455220051
28
647694036
333891561
0
1189420391
0
10
920097753
0
0
0
0
0
0
0
0
15415128
291526731
41309505
0
0
0
0
0
0
0
0
0
0
0
0
751808476
1
1356231063
0
0
0
3
15
0
0
0
0
270392800
0
0
0
0
0
15
1
0
60802878
0
0
1162174366
0
10
1144021861
0
559052657
36
0
0
0
0
0
0
0
0
500782128
0
0
2722958720
0
1433683034
358784369
0
1460643415
614210840
209208482
0
248410905
0
36
0
24240575
0
0
0
0
0
0
0
14723451
2463189526
0
1290240654
0
0
0
15
0
0
0
0
0
0
0
0
0
0
0
0
0
28
43333013
0
229740330
0
0
0
0
0
0
0
0
80131470
0
3
5870451
0
176181247
28
0
3
0
98708275
0
0
0
0
0
0
633463471
387640
0
0
0
0
809040365
470917659
2384006540
0
0
0
4963959
0
0
0
0
1532817310
0
0
0
0
591122240
0
3
266978278
0
9533161
0
1144748535
0
0
0
0
0
0
0
0
0
0
10
706584485
0
0
0
0
0
431930136
0
7323010
0
0
0
391257654
0
0
0
0
15
0
0
0
0
0
0
0
96584151
6
0
0
0
0
0
894368434
283881
0
0
193271656
220265780
0
15
0
0
0
0
0
52178220
0
0
0
0
0
0
0
995403816
0
0
569446878
33607701
11093412
15
0
0
0
0
0
28868601
0
0
209032813
457909453
0
0
36
28
0
0
0
18037950
0
0
15
0
0
3
0
1398714852
0
0
832695
0
0
36
0
0
21618600
7767711
1479565
36
0
0
33789096
0
0
666641751
0
60182001
0
3
0
0
0
36
0
0
78
0
0
0
337467210
0
0
0
6
0
0
0
21
0
0
0
0
0
0
0
0
0
0
0
0
0
3492936775
0
36
0
77619570
0
36
630995050
0
0
0
0
0
0
665188514
464621886
0
0
0
0
0
959311581
834010380
0
0
77146831
0
0
0
0
0
0
0
12814453
1632361229
0
3377115
0
0
0
0
0
0
0
0
0
0
0
0
0
0
28
0
663904528
0
14512578
0
0
28
0
0
0
365756581
6
0
0
0
1
0
749394
2990235
10240075
0
0
28
113668461
0
0
0
0
1535215880
0
0
0
0
6521466
36
0
0
952464835
0
0
14639701
0
384551679
0
0
25344079
0
0
6
618763431
768065221
0
0
0
0
0
0
0
0
0
0
494287383
458456508
0
341166381
3352316444
132364585
3
0
0
2924605228
3
0
0
1187038450
0
0
0
0
1
0
836711778
0
308901450
336740176
0
1650389205
0
895464255
0
0
0
0
0
0
0
0
0
15
36
0
0
0
0
1098750003
28
0
536899797
0
364459501
0
0
0
0
0
0
732698340
0
0
1901552581
173037477
0
103164843
10
0
0
2292325586
0
0
0
0
0
0
0
0
541484686
0
81068512
0
0
456186115
3
10
0
1051797404
3402519920
3616705
0
849523590
0
0
0
818081025
0
0
196054225
0
0
0
0
0
0
28
0
3215926909
0
46527481
0
0
0
0
0
145871740
0
0
1212559635
103669110
70787151
0
0
0
0
6
0
0
10
699211710
0
10
3039345
0
0
128969830
0
0
0
0
0
437946810
0
0
0
0
3
0
0
281900640
0
0
0
0
126556095
0
0
0
0
0
0
0
0
977505220
90760684
0
1840211823
0
0
0
377680864
0
0
36683895
0
0
2035639307
0
28
0
0
0
0
0
0
0
0
0
556372954
0
0
0
0
0
0
0
1068259753
216642520
1389692527
0
0
0
0
0
2222237
0
0
2620337343
0
0
0
0
2953170
0
0
28
381275735
0
0
0
676071606
82541976
699810166
0
206629758
28
0
0
2227542612
0
19043706
106602957
0
0
3
15
0
311263725
0
0
3605347451
0
0
1769898875
3411573974
285390
11455291
856752315
0
0
0
12149985
1186405116
0
367570941
0
113258775
117651469
15
0
621252932
199530276
0
0
0
0
0
0
28
4831386
0
160769346
0
0
1
0
0
0
0
0
9761571
0
41195154
6
0
860647816
0
0
0
588228274
409753829
0
0
0
0
0
0
0
19534780
4848250
0
0
1
0
6
0
0
0
1637514
0
697404003
101556
293161023
0
0
8419356
0
413380072
0
0
1354488684
1588846359
0
0
0
0
0
8927425
0
0
456306945
451756711
0
0
0
0
0
0
0
0
0
0
0
0
0
0
0
615425986
6
0
0
0
0
0
0
0
1
1183781424
0
0
0
822333735
1153912806
766145940
0
28
1150308576
0
0
464166
0
0
348387606
0
10086786
690178035
0
227175270
141246560
0
26641350
843310846
0
403018937
608359521
0
15
2756733454
0
0
10
15
0
0
15
28
230834841
0
0
0
0
3
0
0
0
0
0
0
0
0
0
0
0
0
556332144
0
0
0
0
0
0
0
0
0
571405915
1475691672
0
963012441
0
0
3190926428
0
647046351
0
0
2483314640
0
0
26707086
0
0
0
0
0
2909170808
0
0
1413535385
0
15
3698353821
0
0
0
29755474
0
993086461
0
80308801
0
0
0
0
0
0
0
3
0
27162135
36
28
0
0
348651621
0
0
0
0
3
0
0
379294653
1018967796
277572141
3023089575
0
0
50536431
279172251
0
0
0
6
0
0
3
1055862081
0
3562918327
527978760
0
0
0
0
0
0
0
662768838
142153438
0
3161715
0
0
0
0
0
0
0
0
0
0
15
0
272949930
0
6670378
0
5397255
0
26428446
70822851
0
57550356
8820188
0
0
0
0
0
0
926245074
0
0
344675640
0
0
337545153
6
0
0
0
0
0
355924540
0
879124190
0
448164982
518854791
0
0
0
0
2677434189
1479018165
0
0
0
0
0
6
0
0
0
0
1183164520
385933653
0
28
0
28
0
0
0
0
146846953
0
43488852
0
0
0
447348916
0
899452491
302594820
0
0
10
0
0
0
55361503
36
0
0
0
0
3
4238416
1014738416
0
0
0
0
0
0
0
3
0
0
0
56876445
20714266
1221341176
605100630
868334498
0
20113653
0
8137395
0
0
3
0
0
0
0
0
0
1596
0
0
1657329625
587495073
0
0
0
0
0
692682810
0
0
0
0
75855
3
0
2028325110
2705020348
0
0
0
0
458302950
0
1706628
413410635
10
0
0
0
0
0
93646455
0
42519649
974324296
10
0
0
42126357
1629492257
0
28
0
0
0
1133916987
0
0
0
0
0
0
398537028
0
3
36
0
1194312232
0
1729463055
0
0
3539130
0
102538360
230877816
15
0
0
0
0
0
0
556094575
0
0
0
0
101213
0
947009814
0
0
0
0
0
110104563
995003745
10
36
0
0
0
2494600938
0
965515596
1
3274113475
0
1771444970
0
0
0
0
0
659843628
0
0
669944710
0
0
0
0
0
3829528
0
0
0
0
0
0
1864178280
446783268
0
0
180785
396312915
0
7673098
10
36
835212377
0
0
36
0
0
0
0
133996635
501868313
1260499224
0
0
294799566
0
0
90889871
230063525
0
856538204
0
0
0
0
0
10
0
0
0
387728106
2624016787
0
0
0
0
0
896983747
0
10
0
1
0
0
0
0
0
2842138429
0
36
0
1105510731
0
0
360689511
0
4753373
0
0
0
0
358704720
0
0
327053100
0
0
0
3128005754
0
894588315
236215980
0
0
0
0
0
0
6
0
0
10
1016306070
0
0
4180386
0
0
0
0
0
1524071010
908807661
0
0
862681953
0
364945636
0
0
2426157251
0
0
0
3
0
0
0
0
0
0
0
0
0
0
234220546
5198700
0
0
0
0
0
0
0
593268911
0
0
19031365
1148810211
28
256818998
427532661
0
0
0
0
0
6105
0
0
0
0
0
3
6
161631210
10
498016075
0
0
110446016
810655245
574343582
0
3275842359
0
0
0
0
0
0
0
1
543296166
0
0
0
101880675
0
2522750612
10
0
0
0
0
209070576
0
15
0
0
0
36
0
0
0
0
0
0
134455401
0
6
0
0
0
6
4326135
0
0
32703828
1038335235
0
0
0
0
0
0
962578
28
2505310535
87443362
289598211
36
255097578
0
0
3
0
721183231
0
0
308202288
0
172840528
974809935
2571830098
9827961
0
0
36
0
10
0
0
145257490
0
0
83540784
886099753
6
0
0
15
11643211
889223656
0
0
0
0
0
0
0
1215510930
0
0
80765695
0
0
0
0
268975
0
0
1039566003
707949505
0
0
0
0
0
667971251
0
0
0
230410031
0
0
0
0
0
0
0
10
3
0
272808
0
47487385
0
0
0
0
0
28
1108239660
0
82285206
0
0
0
0
0
1163305317
18561851
0
0
0
0
1616925736
3
0
0
0
0
0
0
0
0
0
0
0
0
0
0
0
0
79810580
46180855
78106599
2953599015
10
0
2861968634
573740875
0
1061752321
6
0
3
449531529
3
0
2748755982
0
880887351
491458173
3705308816
0
0
0
0
0
0
3
0
0
0
0
0
0
1232535380
15
31868136
0
1219562578
0
0
0
0
0
2483127490
0
0
3
0
0
0
0
0
266926460
3
10
0
0
0
0
0
0
0
6
0
2679389633
0
0
0
0
575718887
0
0
0
28
0
0
0
0
899028406
0
33313203
0
439398190
0
1231791795
1
0
0
0
0
0
741245924
0
858408895
3
0
0
0
329358945
0
0
0
0
0
0
0
0
0
0
0
0
0
0
0
3
0
16653
3
0
0
0
0
0
0
0
15
0
0
614969985
0
15
0
0
432665236
0
95710530
0
2703975
0
0
8231653
31106328
3214380
6
0
557997121
0
0
0
0
1064627599
0
2465257565
0
0
0
0
20669235
15
0
0
0
3728455970
3
0
0
0
0
0
0
894147110
10
166759453
0
0
0
0
0
0
0
0
6
0
0
0
0
0
0
0
0
0
0
0
0
0
0
1105557753
13772193
0
2845795969
0
0
0
0
0
28
0
0
0
6
0
670823506
36
2726508068
0
0
80880121
0
0
0
0
0
0
0
6
0
36027316
0
6
714476701
0
72654483
0
0
0
0
0
1
737908099
2738970
0
0
1051134175
0
0
0
1469299971
82439220
0
0
206156665
0
0
0
0
28
0
82824885
0
7016380
1585560967
2021848669
2333288666
0
0
0
0
0
0
0
0
15
0
0
15
3
337545153
36
0
0
6
0
11666042
0
454426734
0
0
0
17243128
0
0
0
0
0
0
15
0
0
0
0
0
0
3
0
138587827
325433871
0
2470773827
0
0
0
0
0
0
0
0
0
1131571378
147189903
0
0
0
0
0
1134581244
0
0
10
0
0
0
1348215553
0
0
0
0
0
0
15
54439395
0
292348290
10
0
6
0
28
0
74890441
1
44911503
0
10
28
142830351
0
0
3
259722
0
134860950
0
3
916840431
951966272
170026020
0
462338436
0
0
114604974
0
1681248267
0
126874485
6
397183020
15
0
0
0
3525392529
0
0
28
0
0
0
0
0
6
462293261
2322571454
14224979
106045599
0
0
0
0
0
0
0
0
0
1092188385
0
240166486
0
0
274377025
91902903
0
0
0
0
0
0
0
0
0
0
1249500510
0
344990778
332843244
0
0
0
993532176
17073246
0
0
223396953
28
0
0
416781756
709344945
150896313
105742153
0
0
651298186
0
0
0
995271420
272809761
0
0
0
21
0
666289260
0
0
0
1410191340
0
0
0
0
0
0
0
3
3461209886
6
0
36299460
62410316
0
0
15
0
1061429775
936947116
0
0
0
3660218695
1227296176
0
0
0
906030290
0
0
3
0
0
0
0
0
1057609036
351907980
0
0
0
0
0
0
1038244096
0
0
4637535
0
10508820
0
3
0
0
0
773375705
264942766
0
0
28
0
0
293703966
1947223315
0
2595028475
0
15593320
0
36
15
0
0
0
0
0
0
564362406
66360960
0
280525141
0
0
0
108689290
0
1790430511
1112301352
0
10
0
0
0
0
217601091
283298187
0
0
28
0
0
918596953
0
0
1503834079
0
0
645248926
42648714
0
1312921474
575469775
0
0
1880961075
0
64655506
0
182332755
0
0
0
0
3537668681
0
0
3
0
0
0
0
0
113100933
0
0
0
0
448186830
0
3
993393755
2414602007
0
0
27606165
3
0
1134439654
2344695
0
645105240
0
0
0
6
0
0
0
1
2372931
0
0
0
0
0
0
21
0
0
68603038
0
3
0
63780951
726887438
0
0
0
0
0
0
1140802180
0
397760318
0
1879615711
0
224412705
443211
0
0
0
920683815
0
0
659916285
0
425436085
433846
7267578
0
0
0
218762777
0
499043028
2444568547
0
0
0
579055146
0
0
0
0
0
0
0
0
2456427761
28
0
0
0
0
916840431
3540388788
0
0
0
3
2403475
0
75902415
28
245145153
0
0
0
328486896
0
1177848662
0
0
3045712772
0
0
0
0
830360569
0
0
0
2132443599
0
0
0
0
0
0
631634653
0
953468946
317499627
0
0
0
264660479
396535041
0
0
0
6
0
0
0
0
169454845
0
0
3341499376
0
0
0
990122959
0
0
28
0
3
0
131036007
0
0
0
0
402464457
0
8931651
15
0
10
0
0
0
0
0
0
0
0
752961107
0
76712691
0
0
0
209952715
0
0
0
1198614241
0
0
0
1559052
557529528
280134770
0
36
0
887236750
15
0
83029812
36
0
0
78820290
0
0
0
0
0
0
0
118064661
6
224687771
0
0
0
0
0
0
53291274
425575725
0
0
92514003
201794005
0
392211420
0
96918003
10
0
770536396
0
442135623
0
0
0
0
0
0
15
0
0
15
0
0
0
0
2475264851
15
0
0
479118
0
1813272558
0
2770425765
0
3
947261318
0
0
0
101315097
41637375
2701738102
0
0
0
28618395
0
0
0
0
0
0
6
0
863803830
0
552066606
0
0
0
0
150886107
0
0
0
0
0
32385
366730903
0
2061465
2564944245
0
0
0
1563659050
0
0
0
0
0
0
0
0
0
0
0
1712175
1337593620
0
833809866
3
0
0
0
0
0
0
94767969
0
0
881685028
699772755
0
0
460333653
0
378248760
0
773837470
1346986605
403010245
0
0
0
0
232333242
0
0
0
0
82195431
640532319
0
219776095
0
1307750803
0
0
0
1655290
0
0
413048119
1759370197
6
0
7097028
0
0
0
0
0
0
0
0
3
0
0
0
1181254539
3452182557
1185681
0
0
0
269480712
0
0
0
0
0
15
0
0
15
0
0
0
608115375
540161084
0
0
0
0
0
0
1
0
3
0
0
0
15
0
10
0
10
0
0
0
0
812952003
0
0
0
0
0
467033203
10
226470597
0
157291716
0
0
0
0
21
0
56324775
0
0
0
0
0
0
2775145093
0
1113936454
0
0
0
0
7157436
0
0
0
0
0
0
0
105558457
0
35675731
0
0
78694785
0
0
0
0
0
0
0
0
0
0
3274160217
0
0
0
0
68100285
225220047
0
1251008735
0
0
0
0
0
47653203
36
0
0
1261773654
0
0
0
0
608856
15
0
0
6
0
0
0
0
0
0
394313403
0
0
0
0
0
0
1150872276
0
0
449295276
0
0
0
0
0
0
825192378
0
28
0
0
0
0
0
0
435209129
0
0
0
0
0
0
10
0
0
376695880
372194686
0
2620379149
1221268262
0
305774085
0
0
0
0
3708092374
0
0
103025835
0
0
671395017
0
10
0
981488665
0
15
0
6
0
0
0
122604875
0
0
0
0
0
0
15348570
0
0
601156
0
0
15
177288891
0
0
0
0
0
0
3081646598
3239120924
0
153343244
0
0
0
253199916
283589020
0
0
0
0
0
0
3
0
0
0
10
0
87549528
0
43478100
10
0
0
0
0
242187036
2397180782
0
0
0
0
0
0
190050505
15
0
0
0
63695049
0
206481681
0
0
12076155
890398900
1586666438
0
0
0
1084824910
0
3092334
0
10
0
0
0
10
36
0
0
0
28
0
3
28
360018361
0
0
782164052
0
0
80379525
0
0
0
296546478
28
0
0
0
0
0
1696179275
0
10
302509
0
0
0
0
0
0
0
431048841
0
3041033099
3
1
0
906521019
0
1063188160
0
606427117
17889171
0
0
0
0
0
1154617485
0
0
0
0
0
0
0
0
0
0
2833875
0
7982150
28
0
0
0
0
86362653
94084903
0
0
0
3198956439
0
0
0
577779021
28
0
0
0
0
36
0
0
0
774238529
304590
31486080
1087444743
0
654261051
309270885
0
0
290706328
0
285903828
1538929151
0
0
1937902764
0
0
0
0
5791906
877574565
0
0
0
853113471
0
0
1136559588
0
0
0
0
0
1679841400
1229509666
0
13289319
0
0
0
15
0
0
0
1514904087
9918753
0
901784038
595797940
0
0
0
0
9866308
0
0
0
0
1073622524
201799362
15
0
91254910
0
0
334870743
746621403
0
0
3
102466770
2071391280
4794156
0
0
6
0
0
0
36
124243966
15
0
7013391
0
0
391202406
0
0
0
504088
0
28
0
0
497085599
0
0
10
28
0
0
6
0
849670529
0
458316632
0
0
0
0
0
0
3449736693
0
0
0
4965976
0
310465821
0
0
213531
0
10
546574935
0
0
0
0
79524966
0
0
0
2171684697
0
0
3
0
0
0
0
3
0
0
383991443
0
0
27784785
0
0
5425
62858940
0
28
0
28
0
0
0
0
3333434096
6294757
0
0
0
0
0
0
0
0
6
0
0
0
0
0
0
3
0
0
0
0
0
420572503
0
0
0
0
0
6
0
2036349438
0
21
3120065418
575469775
28
6
0
0
0
0
0
6050616
0
0
136367
0
2990235
0
0
0
0
0
0
0
0
3
0
0
0
0
0
0
0
71132628
0
0
0
0
0
0
890694321
36
0
0
0
0
0
10
0
0
310440903
68123628
28
433287276
34961885
0
0
294043375
0
3
0
0
274170
0
0
0
630466974
0
0
0
0
0
6
160088671
0
67158255
0
158464503
0
282019375
0
0
0
427795875
0
654238374
0
0
0
0
0
0
0
1068768261
0
0
891496425
0
876653128
254330181
0
0
0
943277895
0
572236905
72619326
28
0
0
0
0
225643146
0
0
7516415
258997420
0
0
503277629
1223883135
0
117221016
0
0
0
43091686
515680596
0
697516765
0
0
0
0
0
0
0
28
0
0
1870808171
1732724319
0
0
0
0
0
0
847999153
0
0
0
1322761508
0
0
0
0
0
999469695
0
0
0
0
1116904440
1161258528
0
130739706
23090768
28
169381215
0
1044496365
3
199790055
1215445
10
229804641
0
0
0
0
0
0
0
0
0
0
0
0
99172486
15
353533199
0
0
0
0
0
0
0
90902386
6
38865336
0
0
0
0
873264736
0
28346685
0
0
21
1108109914
0
0
0
0
0
0
0
0
0
0
0
0
0
94744495
0
0
0
0
0
0
28
0
0
20253430
0
28
267994620
0
15
0
30377115
0
0
0
771714541
1131143266
0
0
0
177576435
0
0
0
666
43417221
0
0
0
1138954221
0
0
281615778
0
0
0
0
0
176382547
0
0
0
31438485
1320448449
0
0
0
0
0
0
730594425
15
316586358
1559916300
0
22448350
0
0
0
0
0
0
1011262878
411572395
0
28
95378766
0
135885855
0
0
0
0
2695007624
0
0
0
0
0
0
653888402
15056328
0
0
128969830
0
41640031
0
0
0
3340981179
0
0
0
0
0
0
0
0
0
0
0
1156744355
0
0
255504315
0
0
185753175
0
0
1091869815
0
6
0
0
17689250
0
224137378
0
6
3040398206
27036981
0
0
3009147795
43091686
0
3
890483301
0
0
0
0
0
0
298815681
15
28
0
0
171589887
15760920
0
0
0
0
0
6
108936180
0
0
0
0
0
6
0
0
0
0
0
504685059
10
7237110
1114698936
6559350
558130755
1375240788
0
0
0
0
0
0
0
70169781
362518201
0
0
272990381
10
1006174035
111728826
0
1634770361
0
0
0
0
0
0
52025100
280023167
0
31193151
0
28
0
0
3638959364
0
364999671
0
0
15
0
505031871
0
801460666
0
0
0
0
1915395860
516891628
0
0
0
3574575954
377886892
0
0
0
0
179845095
247092852
0
0
0
0
0
0
2057095661
0
0
3
59290605
0
0
0
0
6074355
389498005
0
15
3324435263
0
0
0
0
3
0
719400414
0
0
0
0
0
0
0
0
0
0
0
0
0
735098729
0
3
0
304563540
0
0
0
0
0
0
0
0
1705531311
0
0
347095378
0
0
2888895179
0
0
182376351
1185030
0
100294701
0
965339830
1
4234418
35465625
0
0
0
0
0
0
0
312817882
0
1100386
15
0
0
0
0
770065390
0
48064110
15
50667211
653991935
0
0
208927461
0
0
0
0
0
0
0
6
0
0
0
0
0
46065601
1112356613
0
178514728
0
0
0
0
0
36
0
0
0
0
0
0
1127436355
6
0
1923372948
0
0
0
0
0
10572133
0
0
0
0
0
0
0
0
0
0
11066160
0
0
250555305
28
0
0
281592046
0
0
0
0
2967631814
15
0
0
0
0
28
0
0
36
149186901
0
0
2976179570
0
0
0
0
0
28
1210761796
0
0
0
0
10
0
0
15
0
0
51323646
0
0
34980
0
0
13339906
525886947
0
0
0
0
193853730
10
0
0
0
24933077
0
0
3173310
0
0
0
0
2977699437
0
87179410
0
0
0
2460354535
656102383
0
0
799260171
333080469
765324126
0
28
263390124
325367295
0
0
0
0
0
0
0
0
0
0
0
412117695
10
0
0
0
0
0
28
32120499
14010571
0
0
0
0
0
15
1646444337
1164827511
0
0
983247709
3
1743639
3091124264
0
0
221688096
28
718152516
0
0
0
0
0
0
12328095
0
2568311704
0
0
0
0
2979927522
0
0
0
0
28
812969267
526970727
0
0
362248986
0
0
19930141
1969154837
0
0
2868962112
0
0
34457451
0
0
36
291792403
0
0
181222
912050695
0
0
0
0
580467628
10
28
546040914
0
356645278
0
0
3
0
6
0
15
0
0
640336791
0
0
36375605
0
266608686
0
0
0
120462693
0
0
0
0
0
0
0
14326377
8137304
28
4282201
6
0
2807155687
6
0
1315409388
0
0
0
317704080
311709792
2863070349
0
0
0
0
0
0
0
36
0
0
0
0
0
0
0
0
1016025
3224313994
118556901
556429858
0
0
1785145997
1139892293
392292040
0
0
0
0
3
776042106
36
0
0
643023591
0
0
0
0
0
974324296
0
0
0
102337971
121812636
366243580
59901985
1432261305
221940846
0
3402136
0
309907195
50888916
0
0
1014323320
28
800979293
0
972603460
0
0
445300255
0
0
0
6
0
0
891074220
0
0
0
0
0
0
0
28
0
0
0
1485399219
21
15199341
0
0
0
112462503
0
1130144653
0
524701815
36
2084306073
0
0
10
256115028
28
28
0
0
0
1317868394
0
0
0
0
0
0
0
15138753
0
0
0
0
1898993391
0
0
0
0
0
0
3
0
1865447654
0
0
327846421
3253403070
299133570
0
309246015
0
0
0
0
6025656
79033878
1218229480
0
108287686
42878430
0
0
0
770261625
0
0
2344385932
342604576
976503
1146987591
0
525535791
45434278
0
0
0
815494305
10258185
0
10
0
0
0
450885435
353660310
0
185079180
15
656085
21
1810978563
0
0
0
908537953
0
0
132347355
0
0
0
0
1153551909
0
0
93864485
154009
963966
25952410
0
0
0
101153976
0
0
10
36
307780455
0
0
0
0
0
736384959
0
0
0
0
0
185676249
925295671
0
0
0
0
0
0
755450889
276974786
0
0
0
0
0
0
28
11417031
0
943169556
0
0
0
0
603694378
836630253
743537404
0
31836210
828595993
70338307
0
0
10463025
0
0
0
6
0
0
0
0
0
0
875569135
0
0
0
0
479369166
0
0
0
0
0
0
747259005
0
0
0
0
0
0
0
131292910
0
0
0
99045775
1
0
0
0
1413838077
3444000
516478176
0
0
36
0
0
0
15
0
128168055
0
28
0
0
0
1600813279
0
1
0
0
207295341
0
0
879146154
183802493
0
0
0
0
0
0
6
36
0
3
0
0
15
0
0
162603561
28
0
0
0
0
0
1405196419
0
0
6
0
2953812208
34068385
0
0
44703240
0
0
1485745411
5054610
391659419
0
0
13726918
0
0
0
0
0
74548155
9398280
0
0
0
0
65467193
0
0
2062284768
36
0
91984266
896104945
0
0
0
0
0
0
0
572023925
20579320
17256190
579139561
411888051
0
0
4408965
1318222174
0
1240094701
0
28
0
0
0
0
15
0
1705506921
0
961818146
0
0
0
3
0
0
22366
0
28
0
138020805
1539473765
373471397
134510120
349550020
10
0
0
21595950
0
0
0
4134179
0
0
352469
2192318318
77831526
232858990
0
0
0
0
0
0
0
0
31900078
0
52803226
0
0
0
35823880
0
0
0
0
0
0
0
0
41318595
596143185
0
0
0
0
0
0
0
0
0
1009195201
0
0
6
6
0
0
0
0
0
0
0
0
0
0
0
0
840176635
516979265
0
0
0
3
0
0
313684284
0
0
28
0
640336791
6
0
15
15
0
15
0
0
15
0
0
437384676
770771953
0
36
0
0
1808233419
0
0
28
0
0
0
1017315476
278161491
0
639210491
1
357767875
0
0
0
0
369226725
0
0
0
0
0
192227028
0
645284850
0
0
0
0
314821
0
142712065
0
34848726
0
0
0
0
0
10276311
36231328
0
0
0
449025528
28
0
458091046
0
0
157641
0
0
0
2133145
0
0
3710429391
205041375
0
305097531
0
0
0
0
388243045
0
0
107934778
0
0
0
378662192
1
0
0
1592844064
0
0
1434023142
19011508
0
0
0
0
0
683482878
0
0
51130785
757052416
0
0
1386945
0
0
0
0
0
28
0
0
0
0
106749783
0
0
0
1171546215
0
310672860
0
0
0
0
230705940
219545535
0
0
658863150
0
0
28
28
0
0
0
0
36
0
0
0
0
0
307110936
0
518983653
2640647681
0
0
6
0
0
195549825
0
861635310
0
28
0
0
750761875
383160403
0
0
10
0
1111113370
338871561
525983696
0
36
0
0
1270432353
0
0
0
0
0
9867903
3126223268
0
96848403
10
28
0
0
246752807
0
319754116
0
0
0
0
1048014669
0
0
6
0
0
0
0
512912406
0
0
0
3260346050
0
0
0
0
0
21
0
0
0
673999701
0
0
0
0
0
5292631
192148606
0
50818321
10
0
47620332
0
0
0
0
665001033
0
1130977350
32640
0
2792127275
0
0
0
28
441267778
102080616
674337535
0
0
0
0
0
0
28
0
0
0
0
0
0
0
0
0
0
0
0
795096998
123769254
0
0
0
0
0
28
0
0
24495116
2652703200
0
0
0
0
0
6
0
552826
0
0
0
0
0
0
48630786
0
36992901
142845
0
0
15
10
0
0
0
2961325311
0
0
0
0
0
189062679
299925
0
0
0
28
36
0
39006528
32582628
0
0
0
0
0
39751986
0
21555296
0
6
0
0
0
2714102867
0
79887006
27809274
0
0
0
0
0
0
859237785
0
10
0
6
0
0
0
0
0
0
0
321604176
311987710
0
0
0
71994000
0
0
0
0
0
0
27450339
0
0
0
0
15
0
0
0
209585637
0
58006676
0
0
0
0
10
0
10642191
0
0
0
0
0
0
0
0
1291090278
11084986
47516626
0
0
2443922249
0
0
0
0
0
0
0
506144836
0
238787731
3
1542326281
0
713981949
0
0
0
0
0
15766920
0
0
0
373013641
1086036315
0
0
0
1248175666
0
0
0
0
223929063
0
0
0
0
0
70454385
925201496
10
0
0
0
417640584
6630261
191664090
503919110
0
0
1878020127
211860820
15
0
974233262
0
0
3542429619
0
338212835
0
15
0
0
0
21
0
0
0
0
6
0
0
0
0
6
26539255
0
987328415
0
815251417
0
0
0
0
1027461
0
3
0
0
0
0
0
0
1152792136
476432146
0
15
169717205
2092875355
0
0
0
0
0
0
0
15
1358698818
0
399420827
0
0
0
0
1048384945
108037650
28
1022949075
2650291773
36
0
0
208396320
0
0
0
243862570
1366021119
0
0
1006277091
169528491
0
0
551775
0
0
0
1906330125
28
10
0
0
385128381
0
0
0
0
0
10
356949832
28
21
941801700
0
0
6
0
0
3312865134
0
0
17927657
0
0
90875421
88451650
0
28
0
1570878
0
0
0
0
0
256567878
0
1339951569
0
0
0
0
0
0
36
329923828
0
0
0
124133646
0
0
0
0
0
0
0
28
0
15
3642309418
28
0
1152082569
0
0
0
0
0
126492465
129822441
0
0
49019851
0
0
0
0
0
2129908207
0
0
0
0
0
0
15
0
1215226250
0
0
0
0
477032627
0
0
0
0
0
0
0
0
142842420
0
0
0
0
0
3082779865
0
638734292
70532
6
661006620
0
0
0
21
1262527778
295703184
82091731
185483430
0
0
10
36
0
846270195
0
0
53029551
0
0
0
50721
0
0
0
727539585
0
0
0
6
886644890
0
15537525
0
69673110
6
789055100
10589345
83846670
0
15
162045003
0
0
130483935
564900078
0
6
0
0
0
0
0
0
1310703622
0
0
0
1111443378
0
0
1723899151
0
0
28
0
10
0
0
0
0
0
1179983910
0
0
0
190683948
207315703
0
36
0
78468168
10
379735461
0
1157839381
118753
0
0
1140437161
0
0
0
0
0
0
6402831
2342478817
0
1
1
0
0
114178716
0
184528
0
0
0
3508202625
0
33038575
0
183696528
950065845
0
0
0
0
21
0
0
282589651
105080575
868465326
263747844
0
0
0
6
0
0
0
0
0
0
6
0
18730260
0
0
407541145
0
0
0
71526780
0
0
0
0
0
207234261
0
56649927
0
0
680380716
599324131
163343775
1060445649
44175338
0
0
0
0
0
0
0
0
1694195610
397842471
0
0
0
0
0
0
0
0
0
0
769362740
3
6
0
0
92323666
0
0
15
48205
0
0
0
0
0
0
449055496
226522760
0
149411541
0
0
3330134349
6
2236310431
463521697
216496836
0
0
32308741
890525503
0
3
1124541600
0
910575
0
0
0
400125555
0
0
0
0
0
0
83909535
0
841545825
0
683815671
28
0
0
1837331252
0
0
0
0
0
15
0
3245955468
0
0
0
0
127129485
0
0
0
0
0
0
143507211
0
0
0
1502725890
440792586
0
0
0
0
0
0
0
0
0
0
0
0
195288300
0
0
1186892281
0
0
0
0
0
2632304738
28
0
0
0
0
1649825972
0
0
0
0
0
0
0
0
0
0
0
0
0
0
200376
0
0
0
107435811
0
0
93086190
0
0
0
0
0
0
0
988234653
0
272669628
0
0
0
0
28
3
0
0
0
0
0
11354995
15
0
0
3644132883
0
806352561
0
1571385360
0
580331346
0
0
92446003
382696024
0
0
0
0
0
0
0
0
0
23836060
0
0
0
0
0
184425615
0
0
0
0
0
532668480
0
0
0
342421365
0
0
0
591903621
1
0
0
0
0
0
0
0
10
0
613624190
0
0
0
0
0
0
417140247
0
1157328526
0
0
0
15
15
2380170092
0
118726345
530777071
0
0
0
6
0
218729070
0
0
1161017578
10371240
0
474366201
0
1293321297
0
0
0
1691340260
0
1084673615
0
0
16499640
341855895
10
0
28
0
0
0
0
992159144
799500078
3
0
0
0
10
0
0
0
3350803857
0
0
0
0
0
54878986
0
0
2890836177
0
0
0
2851112514
0
36
28
0
0
0
0
0
36
0
0
15
0
28
0
677874610
0
869635120
851718940
0
133803128
0
1686541395
0
700584000
35908575
0
0
188783531
0
324933778
0
0
878999556
0
0
0
2242713588
650432278
0
0
781844196
0
43607730
0
130325780
0
1950424448
0
0
0
0
0
0
0
0
1602283623
0
0
0
28
0
0
0
0
0
498600831
131633425
15
0
0
0
0
0
0
761273355
0
0
15
0
65866503
3014928789
0
0
0
0
0
0
97642955
21526641
0
0
0
488109390
15
0
0
15
0
1919038716
0
226940860
1089231
15
909575226
0
0
273122109
0
0
46234035
0
0
0
0
0
0
559936380
0
36
0
0
0
0
0
28
0
21717345
0
28
90135451
0
0
3032929172
0
0
0
0
0
0
0
0
0
0
0
0
0
0
2705232690
450795351
55221635
272249445
0
0
2078220733
0
0
279507546
0
0
43903135
0
0
0
0
0
443528436
0
874940633
325443828
1138957128
0
0
0
435806115
0
0
2591226
0
0
0
228798136
0
0
485924725
0
0
0
0
0
3265936
3
0
0
15
0
0
0
3
3462168174
6
327616003
0
7059403
161074326
0
0
0
0
0
0
3
0
0
0
0
0
0
0
2204519072
0
970707891
0
15
0
0
0
0
0
0
0
109760097
0
0
0
247690173
0
0
0
0
0
6
3
0
0
0
0
0
0
0
2463174355
28
15442903
4278
0
0
0
28
0
0
408365331
0
0
36
0
0
76526019
294310191
0
1642670216
0
0
0
151387785
0
0
0
0
0
446455328
0
902084050
1111773435
6
0
0
2807638161
0
0
3
0
2021940
0
544681515
0
0
0
0
36
0
0
0
0
0
10131751
0
440406681
0
0
321298575
0
883785
0
28
0
0
0
1136858086
536821761
0
3
0
0
0
3643442865
0
182719171
0
0
705173159
0
0
0
0
0
0
0
0
654367913
10
0
0
0
0
0
0
0
0
0
736608153
176000692
0
0
0
0
0
0
0
0
0
0
0
0
0
36
0
0
0
2884386454
1132901679
1064749731
0
0
375777405
16678200
0
0
0
0
23045990
32963140
0
20406466
0
0
559710002
644298467
0
0
0
0
0
0
39899016
0
1007129640
0
0
447528403
1247476275
0
0
1177777410
0
0
0
1
0
1600911274
15710815
0
0
0
0
6
0
0
0
0
0
0
0
0
0
0
0
0
970904823
1502500
0
0
0
28
0
0
69077877
8239770
0
0
0
0
6
0
0
0
0
416090310
1116765
0
527848786
0
2085717163
925854996
0
23150610
0
0
0
0
3467503669
0
2175975491
0
28
15
10
0
0
267209403
0
0
0
468758630
0
0
1189671031
834259128
0
11608971
28
0
590218903
10
0
0
36
695477160
0
0
0
0
0
0
0
0
0
946457044
0
35640852
494106242
0
74476248
1628701605
0
0
176222151
0
0
0
517536149
0
0
0
0
0
125825316
0
36
931943925
0
0
0
0
565370751
0
0
0
0
0
71202430
0
0
295338510
0
0
1685536199
0
0
0
0
3
0
0
28
392826435
0
0
28
141616035
23898241
0
0
0
10
0
698389251
3
1304920
0
0
0
859569453
0
225664390
0
54054003
0
0
622462686
704719653
1372336412
49396830
0
0
2054356263
1244181786
64042903
0
1680778489
74127284
0
0
10
0
2126705059
1052464260
0
36
0
0
182013660
0
718220607
491050791
0
0
0
0
0
3488016322
330702073
0
165738321
0
0
1195140495
0
0
0
145410931
975339861
142515331
0
0
0
0
0
0
930872453
0
0
775283523
0
10
0
0
36
0
3
0
0
408165306
85569938
0
201251953
0
0
0
0
0
0
28
3209355300
28
1002915291
1684596956
0
0
0
0
1062097007
0
0
0
0
0
0
15
0
0
194546835
0
0
6
28
10
0
0
0
154406475
0
0
1892057671
0
0
0
0
0
177739050
0
0
0
0
0
0
527329050
0
1650090751
0
0
0
0
0
492074993
0
0
0
1027461
0
0
414027849
2854766384
0
0
85040361
0
113967253
28
0
0
0
0
0
0
0
3403662010
0
1
0
0
838733750
0
0
0
0
550399569
0
41555748
0
0
0
0
6
0
0
190837416
306009938
0
469235844
0
0
0
0
0
390934531
0
3
0
0
0
0
51090886
0
0
177590281
1013647825
254781451
0
278890284
0
0
0
0
0
1926377111
1765017832
8855736
7038157
6
0
0
1032754472
0
0
0
296400378
0
0
36
0
0
291575026
0
0
0
0
349705849
0
3
0
2216304437
2200315492
0
589634970
0
0
0
261552756
6
36
159109239
0
3425131167
0
0
0
50326522
28
0
3740830576
0
564761361
0
0
0
0
0
0
811806107
0
0
0
699361300
0
0
0
0
132103215
0
0
1930455629
0
414509820
0
0
0
0
0
0
128937711
0
0
1
3
0
0
0
0
0
0
3
0
0
0
0
0
1613972660
0
0
1601906901
4366472
0
0
0
0
0
0
0
0
8605195
0
0
0
0
749057865
0
0
0
0
0
193876551
3
329405813
6292378
0
0
0
0
0
0
0
454677090
0
0
0
0
1125548219
0
0
0
753670900
0
0
0
2011802222
0
36
0
96890160
0
0
3
0
0
753360336
6975423
0
0
0
980876229
0
0
0
0
0
15
0
1438036860
0
0
0
0
0
0
1964511512
1
112177731
0
0
6
0
121116800
1761905681
6
0
0
1467829162
2042130986
0
0
112627536
160263867
33288720
0
0
0
0
0
0
0
1034641
0
0
50085036
426948031
0
0
0
0
0
133427325
11455291
0
0
0
0
0
21
0
0
23533230
0
360225500
0
696439154
0
0
0
0
0
0
1845434237
0
0
0
0
0
15
0
0
0
10
15
0
0
0
0
220589882
0
0
0
0
292735306
0
0
0
0
744138658
0
0
0
1410360
0
0
467133736
0
0
518242458
16741791
21
0
0
0
0
0
0
0
0
0
0
86522018
0
0
0
0
0
0
0
0
0
28
0
138802791
338611276
0
0
0
0
52372495
0
0
0
0
3244560422
95460749
98623990
28
0
1593275815
0
0
0
11517600
0
62191374
0
0
0
0
0
0
0
0
0
0
0
431078203
0
0
0
0
0
10078900
525187845
0
0
0
0
0
0
0
15
0
1107785719
0
0
0
0
0
0
3512575
0
0
0
523553240
0
105043681
0
0
15216654
273721503
0
0
0
0
3089084526
0
36
3
0
28
99172486
0
0
0
0
775451271
0
0
0
1452660
0
28
3646942888
0
0
1
0
871510375
0
0
6
0
1690198465
0
0
0
0
0
0
10
0
0
0
39939453
15
0
0
0
0
0
50717556
0
0
0
0
0
0
3
0
0
292147922
0
36
1249825006
0
2632292634
0
0
1847611097
905910895
0
0
518651407
0
0
0
10
0
1710298364
0
3
10
397042110
0
0
0
0
0
6
0
28
15
0
42804378
842970996
2703916311
0
133158879
0
0
0
0
0
0
1997613585
280898277
0
0
0
0
0
0
0
0
0
1116882229
0
1522541331
0
0
0
0
0
3
0
0
0
749057865
38797941
0
0
3425653
1053336151
0
864635320
0
521556085
0
0
0
10
0
89144628
222235903
0
182728571
39511605
0
0
0
0
3
0
10
15
0
6
15
0
0
0
0
0
610838628
0
0
0
0
0
917397195
0
1
1369403372
0
0
280996400
25600590
0
0
0
339550518
277378782
0
389833003
0
456949542
3
0
0
0
0
22301181
0
0
0
0
0
0
0
2353635356
0
412060278
0
10
0
106412166
0
19117836
0
0
0
0
28
8558170
0
21874517
1375241418
0
0
68427451
0
0
0
772697016
0
10
0
0
0
0
0
0
100699336
0
0
0
0
0
0
0
0
0
0
513040528
2201464857
0
0
0
0
0
15
2059763426
0
0
0
0
1511589718
0
0
919797495
0
3
0
0
1630514408
0
10
0
36
0
193863135
0
0
0
0
0
0
0
0
0
0
7309576
0
0
2955853688
0
0
9282725
0
711911991
0
0
0
0
0
0
0
0
0
71500424
0
872094966
0
1133532308
62900224
0
0
546517999
0
0
0
452297926
0
0
0
0
0
0
176825619
15
5751136
0
2229216
0
0
2907666
0
203969503
10
0
0
1414763446
28
0
0
36
0
0
178547383
0
1592526290
0
0
0
0
36
0
0
0
0
0
0
37087578
1381121325
1911603654
0
131407573
0
0
0
0
0
0
0
0
0
0
0
0
0
0
0
0
0
0
28
0
0
0
6
0
159016861
16875145
0
0
0
90579070
0
725151315
0
0
0
0
0
0
0
0
0
0
0
34635267
569780387
3290560
368547675
0
465780981
0
0
0
792796290
945076028
0
0
0
0
0
2841867920
0
0
0
0
0
34299903
0
0
116349885
0
0
0
0
70325095
0
0
1
0
0
75479041
0
674601546
0
0
0
6
0
36
79916403
0
0
0
0
63095761
0
0
3
0
0
0
0
0
2355374075
777461028
0
0
0
0
0
1074047306
10
0
1
1914856847
141027615
0
0
0
0
0
975335349
43641153
0
0
428879431
0
3
0
65184402
0
0
0
2390694
45224805
107882540
434255185
0
0
341793585
0
0
36
713041062
0
0
2768696918
6
0
0
107465130
0
0
0
121576455
803584005
0
0
0
0
0
0
1637742995
0
0
0
0
0
0
0
0
241285528
0
0
0
0
36
968198010
0
1050765022
0
378633921
0
0
16214277
0
0
0
0
5436815
15
0
0
0
0
629688427
0
0
36
0
670164355
0
0
0
0
94923531
0
0
0
0
0
0
27997497
0
895712735
3099936377
0
194160801
3
461122896
0
36
0
355417791
0
0
0
281980418
0
5013361
0
0
0
0
0
0
0
51010050
0
0
34320
0
0
0
0
0
10
0
299892295
307929336
893228511
0
0
28
0
0
0
973016305
34200585
0
0
0
0
10
0
0
0
0
0
1472055493
0
28
0
0
0
0
0
11331243
0
0
0
0
0
10
255007236
0
0
0
2762685219
0
0
0
0
6
10
0
0
3022111
216060078
2585346338
0
6
356670006
0
0
9677800
0
0
0
0
3
0
0
0
0
500149855
0
0
0
1181587578
0
0
1116871953
10
0
0
1056833742
500148700
0
0
183696528
0
0
468378921
91055793
0
107186761
0
10
507322731
0
58999985
97578417
0
0
22401471
0
0
1190671720
0
0
15
0
1
0
1499967491
0
2230676650
0
0
0
0
18280081
0
0
500025
1017974881
0
0
1
0
10
0
0
15
0
0
586788153
284420864
0
0
655747920
0
0
0
0
1313010
1184877192
0
1221624
15
0
401110326
323329735
10
0
0
0
0
0
0
669470105
0
0
0
0
0
0
36
190759278
0
0
1788809230
2099654949
0
88904354
0
0
0
0
0
0
0
7089495
0
0
2234727637
0
1151256120
0
6
0
0
0
0
0
0
202840011
0
0
81803490
872011441
888964695
0
0
0
3
0
0
0
0
0
0
0
0
0
0
0
0
0
0
0
1
0
0
0
0
0
0
0
9731757
0
0
18160065
0
0
2408976712
0
1904797583
6
0
785891349
0
0
0
53731995
0
6
0
1007758065
0
0
0
0
0
0
0
0
0
0
0
732823000
0
2422498454
10
0
0
76049356
294310191
0
0
0
0
0
0
0
437000266
0
2671187192
437837290
10
0
0
0
12865128
0
194113956
0
0
0
0
114617370
0
366135330
0
0
258337815
0
0
513439366
0
0
422880279
0
3686545632
0
0
0
0
0
0
1705742174
2240405132
0
2954876837
0
0
0
0
0
669139653
0
2780460
0
0
0
1
0
1
730135791
0
232556961
0
0
0
0
0
0
745501191
0
0
466330530
1391702133
0
254239975
0
0
0
0
0
10
0
0
0
2473517971
0
0
0
1310407972
0
0
584511007
0
12718446
0
0
0
0
0
0
49988231
3442547690
11846278
0
0
10
0
0
502080516
0
257520165
0
0
0
0
0
0
0
679195
0
0
0
36
311865214
36
10
0
69273999
71311653
112117825
981720789
0
0
0
0
0
6
0
41263259
0
0
0
61862796
0
0
346594956
15
1878869435
0
0
0
0
0
0
529135682
0
0
0
0
1
2665039098
0
0
0
0
0
480360510
28
0
0
0
935900146
1149529326
0
0
10
125049205
0
0
404943111
0
178557753
9004970
11860885
99835515
0
0
0
0
2073249735
0
0
0
1136778164
15
10
6
0
0
0
0
0
15
0
3481992577
165447145
0
0
0
215718091
0
283201989
0
0
0
0
0
0
784733536
0
513013943
0
0
98581861
267945642
10
0
0
0
0
0
0
72224781
2662468517
0
36
0
1075621771
0
0
0
0
0
0
0
0
15
0
0
0
533351220
0
315469521
0
0
0
741153
0
0
0
0
0
0
0
0
0
0
51018075
0
3
0
3141627001
0
0
15
6
10136253
0
0
0
0
0
1194798286
0
0
0
0
0
39805503
730326871
0
3350520280
0
0
10
0
29911245
703993
0
0
0
0
217518399
0
294413142
0
0
0
50957034
0
886226050
0
0
0
0
0
0
661382675
618974520
0
10
0
0
0
0
248812278
4431567
0
0
0
0
0
0
0
0
0
1558594367
792358336
0
28
0
3061575
797539400
261974148
14053
680074191
3
0
3
0
0
4012287
0
0
0
0
0
21975135
376463080
0
0
6
32824090
0
0
3056357207
10
15
3381300
241509734
0
0
0
646206888
0
0
0
414543097
685773641
0
0
3
0
0
0
0
0
0
432518166
0
0
0
0
0
0
0
6
0
0
0
0
0
0
599358753
0
638334315
0
0
15
28
0
494912991
0
0
0
0
0
0
0
2625486
0
0
0
0
0
0
0
0
3339801436
0
15
10
0
0
212878
0
0
0
48122955
0
0
6
0
6
0
2993983983
0
0
3
6
3689520304
3
0
0
4074085
0
0
0
0
0
0
28
0
36
36
3658395
0
0
40306731
0
15
0
0
218500236
28
0
0
300602940
192751619
0
0
0
0
0
0
289453830
448372330
0
0
0
0
0
509635214
580638003
0
881741070
466330530
90875421
28
0
2072381717
298595703
463451778
0
0
0
0
92350845
508714126
96250875
0
0
0
0
0
0
0
10
15
0
0
28
0
36
0
0
0
0
1025745389
6
187550028
2284874707
0
0
264384884
0
0
0
0
75098640
0
633057153
0
0
0
0
0
0
0
0
0
0
0
0
0
0
29933156
28838215
0
0
0
28
0
1509453
0
43813659
8600441
392436846
0
3
11141560
0
1134951546
0
2036420
0
0
36
0
0
17906675
15
0
0
0
0
0
1
0
0
6
0
0
0
0
0
0
0
440792586
0
0
0
0
0
856959300
0
0
0
0
0
0
0
0
0
0
920998821
0
0
0
58996
0
0
6854253
0
0
0
0
15
605279142
0
0
0
0
0
0
0
0
0
3602994614
0
15
10
0
0
0
916840431
0
5000703
541550505
15858105
2788021976
28
10
0
290586960
0
0
0
0
0
0
2121961962
0
0
0
0
0
0
3478089119
0
0
0
0
0
0
0
0
10
56132310
3
548542820
3
0
0
0
0
15910003
0
0
0
0
0
0
0
0
612089397
0
440275
0
0
3
4051503
0
28
0
28
0
432841753
3
0
0
0
0
62261955
0
0
28
0
0
0
0
0
0
0
0
0
68298828
0
10
396329182
884739369
591043771
0
0
0
0
897325839
0
1399906029
15
120955681
0
623945475
739066681
0
1
0
0
0
0
531580010
0
113050
0
0
735035311
0
0
941665325
0
1988295420
0
0
0
0
0
0
273223788
279547779
0
10
0
0
0
0
1430298
0
0
319221482
0
0
0
0
0
0
6
0
0
0
911040820
0
0
582912153
70515845
6
0
0
64670965
0
0
0
0
0
0
0
0
324959271
0
0
0
0
0
0
0
3
28
0
0
0
0
0
0
0
0
0
0
0
0
0
0
0
0
0
551236206
3152024423
0
0
341558316
0
0
36
36470070
0
0
0
0
0
15
2514403
450885435
21
6
28
0
258850749
0
0
0
0
0
0
15
3494529574
864427410
0
1
0
0
0
0
0
10
0
221986893
0
0
0
0
0
0
10
0
1951150166
0
0
1199005965
10
0
458800681
0
0
0
0
0
0
0
36
0
0
0
0
28
0
0
6327903
6
2724945
0
0
2567798315
789582740
0
0
0
232664806
0
0
0
47955909
23177836
0
294258274
0
0
0
0
3
1857028740
0
0
0
0
0
0
1463109680
0
0
585966261
0
0
0
0
10
0
15
28
0
0
108081753
130904290
0
0
6677685
0
0
550322609
0
551818087
0
0
0
702918765
0
2157202739
667424153
0
0
136959525
766392315
0
0
1
10
0
0
0
0
56945914
0
3
0
0
0
0
0
0
0
0
10
2276286962
13083609
0
0
28
0
274733346
0
353685282
0
1787047292
0
518744400
0
682696
0
0
2841780948
0
0
0
0
0
0
30244753
879479708
0
1846242600
0
2402056384
179560725
0
849235078
0
653365670
1
0
277124364
0
0
0
0
0
0
0
0
0
628643922
2254068426
0
0
0
12632851
0
72679596
0
213531445
0
0
0
0
0
0
60780825
0
59541328
40073628
25158871
0
801740946
6
0
1
0
0
0
0
0
0
0
86034403
0
3385870082
0
0
16776528
0
167948628
0
0
0
0
214876815
0
0
613624190
10
157332453
0
0
0
0
2900436
0
704694530
0
0
0
0
0
36
0
0
0
7371474
15
128664861
0
0
231800179
0
142574810
0
0
28
0
0
28
15
0
1534539934
94871332
0
0
28
0
0
0
0
3506607849
0
0
0
0
0
0
0
0
877365105
186389778
0
0
132478856
1343271093
3272852288
0
0
2101338879
0
555561111
928009903
477605871
0
0
0
36046
0
0
0
0
10
0
0
0
493215528
698466002
0
853412211
0
0
0
0
2296393642
0
0
3707148057
0
0
0
0
62848866
0
0
0
0
0
0
0
777894846
0
0
37467162
0
0
0
0
0
0
0
0
338339097
0
0
501776672
0
0
0
0
0
0
0
0
0
0
0
0
27112119
0
0
0
1
0
10
711866792
0
0
0
10
275834009
15
0
0
0
322581922
0
0
0
0
102409516
86848916
0
0
0
0
0
0
0
36
0
1313661174
0
0
0
0
0
0
497874790
0
147136511
15
658193786
0
0
0
271546387
0
0
0
0
0
18889731
0
37551123
0
0
6
595137917
0
28
36
0
0
0
0
0
0
0
0
0
0
0
0
0
121422736
10
0
0
0
61617635
0
6
3316672908
1665832
0
12819516
0
0
0
0
6
0
163886460
0
0
0
89840310
0
0
0
145765247
622904420
2173
306056006
0
0
0
0
158460455
1297333056
32182657
0
0
537697140
0
135918828
0
0
650324080
0
0
0
0
0
0
0
3
0
0
0
0
502619365
0
207193546
0
0
0
0
0
0
1141822578
6
507036090
0
0
0
0
0
0
0
21
0
0
0
0
0
0
0
0
0
0
0
10
0
156927077
0
28
0
0
890235903
0
3
0
0
246560533
0
370015206
0
0
0
0
2675659225
0
450657652
3696070188
52003
0
0
0
0
0
0
0
0
236716161
36
0
0
28
0
0
0
0
0
0
0
0
0
16718013
36
2406653369
1450956
0
1
0
0
0
0
0
0
0
0
0
0
0
0
0
49188321
0
0
1
4815856
0
227091117
0
0
0
6
0
637369956
631142189
0
182871183
0
3
0
0
0
1607549843
0
0
0
0
0
65072145
1
0
0
0
0
0
63782865
0
0
10
0
0
0
0
0
838922241
0
0
0
0
1578870195
0
0
0
0
0
422227270
0
0
0
0
0
0
0
146812680
559066641
380628
0
0
3517398099
754680675
0
0
0
0
125968695
0
122844975
0
119546090
150816107
0
700325615
0
0
893782387
0
0
327116895
0
0
0
0
0
3331406495
0
3024575689
0
0
15
686350288
1193180286
0
0
1161024249
206571059
26345891
10
361468828
0
0
901574416
0
0
0
100041991
2623195
0
0
0
0
0
15
723691990
0
2230859152
28
0
15
0
28
0
0
0
0
0
0
0
0
0
36
3
0
0
0
351156264
10
0
0
0
6
116065614
0
198869324
2800417437
0
0
0
0
0
0
0
0
0
147722266
882987276
0
627046390
28
0
0
4740937
2119743257
0
153310793
0
993730217
1077237503
28
0
0
36
1034374386
3
0
0
747253
1167000516
1494128919
0
38666550
0
0
0
15604491
0
1664250789
38996601
0
0
2743653
0
1036153394
0
109512600
0
0
249817128
668519992
0
0
11237996
0
208947903
656433261
0
0
28
0
0
0
0
3254101776
0
0
0
292493391
3
0
254059611
3
2233134467
0
78
0
180129690
0
9983746
15
151075653
0
4674153
0
0
0
66811020
0
0
0
0
0
0
0
3108771
0
0
0
0
435840223
79298121
1043420790
3177748216
0
0
0
0
0
10
0
0
651189916
3381690
0
231243265
0
0
0
382855956
0
0
499074621
0
0
0
2107444164
0
0
0
0
1135046835
0
15773401
0
0
0
0
0
0
525479571
0
0
0
0
0
0
241087861
0
0
0
0
0
0
128568630
0
0
0
0
95793561
0
3151841021
0
0
0
0
0
548185716
3
17009028
28
12377800
363488203
0
127896021
10
0
12097871
17601071
0
347962174
0
0
0
549743061
208981
0
159064576
27122664
1231245527
145854660
1154281128
47755656
10
0
0
3006994637
0
28
0
0
357607396
0
0
0
0
0
457516125
0
0
0
0
36
0
0
0
0
0
0
0
0
0
0
0
0
0
0
0
0
0
0
0
6
0
0
1768799877
0
1
0
324039439
0
0
0
0
0
0
0
16644720
0
869507551
0
28
99206271
0
0
0
0
999135
22791376
657085418
0
0
0
0
0
1
0
0
0
0
6
324449601
0
0
0
744034600
0
901956628
0
56207748
1457036
0
0
36
0
0
0
0
0
0
1005190169
1176012650
0
0
0
1990371225
0
1721798088
0
0
36
488578170
0
2034139335
0
0
185348631
746679037
1591972350
1131334240
0
0
28
0
0
0
0
0
0
84805776
0
251301582
0
0
161991000
0
355746
0
0
938811731
0
806955051
0
0
3
59475871
0
0
0
0
10
0
28
0
0
0
0
20440695
1713810954
0
0
0
0
0
0
158840679
0
85144725
1404800096
0
0
6832056
0
0
5536128
0
0
0
0
1185966753
0
0
0
0
0
0
0
95088945
0
3334470416
1749041952
0
0
0
0
0
470707903
0
0
0
3
0
3
28
21
15
0
2239709537
1
2543709150
0
0
0
980365507
0
0
36
0
0
0
0
10
430784628
0
0
3619136982
0
0
0
0
0
0
412605
0
0
0
1399722843
3
0
0
0
0
0
3059070489
11580030
10
0
0
0
28
0
72044875
0
0
0
0
678309415
0
0
0
0
0
28
28
0
0
497086215
129661356
0
0
542669019
627553878
0
17538
0
86021286
0
0
197418385
0
0
0
0
0
0
1359299932
0
0
6674031
0
0
15
0
0
46387539
0
0
0
1712290530
0
644171671
0
1853160382
0
581040935
0
0
57904941
0
0
798300903
0
140641606
0
0
0
0
2115810955
0
0
0
636513360
0
0
154308528
0
0
0
643986340
3669781
248121226
0
285330216
0
0
28
0
0
0
0
0
0
0
3
0
42971085
0
0
1
580588202
1432106516
315168171
0
2925966067
0
1924483147
47178716
0
0
0
0
0
0
3
2881580809
0
0
0
3604514064
0
0
0
0
0
8001
0
0
0
0
178803505
608856
0
0
175646327
733642802
6
145420457
0
0
0
0
1223022153
0
0
4777169
0
0
0
0
0
21
36
0
0
0
0
0
84970718
0
0
0
0
17014861
476979101
0
0
0
28
10
0
0
0
15
2347500351
15
0
0
28143753
668498844
0
0
6
15657239
21232386
1126296991
2362606767
15
0
0
0
50175153
0
0
30304438
1116171990
0
0
823429071
0
0
0
0
0
0
0
0
28
22207780
0
0
122794777
0
0
6
0
0
42564151
0
0
0
0
668267848
194902896
0
6
0
0
0
28
281502702
466814519
10
0
0
0
0
0
0
733860975
0
0
0
0
0
137954355
0
407422785
0
0
0
0
0
0
0
0
21
0
6381378
0
0
28
36872578
0
647370153
0
0
0
0
0
0
3016673318
765363250
0
0
0
897926253
0
46712211
0
0
0
28
10
0
0
0
0
372822471
0
0
0
0
0
1679908302
157966425
0
0
0
0
0
0
0
0
0
0
1
1358939619
0
28
0
0
17020
26816826
0
0
0
0
28
0
0
0
0
88039815
1021147439
1171648398
0
6
0
10
0
0
0
0
0
0
0
0
0
1
0
0
0
0
0
1085477121
3388436045
6347832
15
0
0
51790753
568468621
130516246
658790551
0
0
0
0
0
0
0
0
0
0
0
0
0
160912830
435611886
46036810
0
15
0
0
594245575
0
61944015
2016208281
2243652690
829323901
783374209
0
0
36
0
0
0
0
0
2117151022
0
6
0
9743905
0
0
0
0
0
0
0
0
0
0
0
504927524
0
0
0
15
0
0
0
0
28
0
0
0
0
0
0
0
1768250560
0
1691004690
0
0
0
0
52687556
581831328
0
0
0
0
10
0
2023804620
0
149683845
0
0
0
2335012197
1
0
0
0
0
15
308276865
421878628
0
0
0
2267539784
0
139687255
0
0
0
6
0
10
0
79916403
36
0
0
0
1467704307
8101074
0
0
0
28
0
0
0
0
0
0
0
0
1
0
0
0
0
0
0
1106400584
0
1930572089
0
0
74307220
0
28
0
0
286861128
0
0
0
0
0
0
0
0
0
0
3049904692
885678828
0
0
289814850
0
0
0
0
1
0
115938378
0
0
0
0
0
135490491
0
0
82131336
0
0
0
0
25300941
0
0
0
2506209713
0
0
0
0
0
69579648
4200651
0
0
28
0
0
321132669
324143991
0
23964492
903571305
10
0
16534765
0
0
17865253
0
17656653
28
0
378331278
28
70668216
0
0
1087248396
9131401
0
348757255
0
1016396241
0
12159800
0
21
0
0
6285285
0
3
0
0
10
3593933442
0
0
1899666042
0
0
0
0
0
0
0
0
0
0
0
2434568114
6
36
0
6
0
0
0
127424849
0
0
0
0
0
0
944668311
95644328
33085533
3
0
0
0
3
0
0
0
0
0
0
0
1102973028
0
0
0
0
0
0
0
0
0
0
0
0
3
2213625902
729524503
15475995
0
6
0
0
0
0
0
0
905562611
0
0
0
0
3598144241
0
0
0
0
0
0
3082825191
0
0
0
0
15
550174206
0
0
991980560
0
1080915760
0
64051167
0
0
1974546491
0
842489676
1492078103
7775596
0
28
1114644567
0
3319176
0
0
0
0
1082729845
0
0
0
0
0
179579676
28
0
0
87710698
232260872
0
628437443
0
621228376
512080003
0
0
15
0
0
0
0
6
28
0
36
0
0
0
0
1043491086
288708435
0
0
0
0
0
319678255
0
863626380
15
0
0
15
614696705
1018245628
1327090065
0
0
0
0
0
2934318703
0
0
0
980248503
0
0
0
859237785
0
0
880593561
0
7113463
0
560940765
10
0
0
507939926
0
0
10
0
0
3782625
0
0
296790066
0
0
0
0
0
0
0
1
0
635835630
15232440
28
1478453103
0
0
149133659
0
0
0
0
0
0
0
1717731
0
0
0
0
0
36
510465014
0
0
241979040
0
548881278
161020485
0
0
14534136
0
3414436004
0
0
0
0
0
0
0
1150200703
0
0
555329863
0
3378511111
0
0
0
0
0
0
0
0
0
0
2849534207
0
2768868603
0
0
207536327
135177903
0
3136459345
547225903
0
0
221743652
0
0
0
0
0
0
0
991260075
15
3
0
0
0
0
0
0
0
0
0
0
10
0
81721720
696645
54790775
0
0
0
466330530
0
0
10
0
1119662181
0
1762214147
0
552930885
26046153
0
0
0
115011361
0
2288115257
2798473244
0
0
0
0
0
0
55035786
0
0
0
245830285
1039309005
0
478013841
0
0
1194309501
0
0
0
0
0
953556285
0
61276449
976916530
0
0
36
951243153
0
0
0
0
0
0
0
0
46439316
3275561972
0
10
15
473042661
54054003
5808936
0
42370615
0
0
0
2305050797
0
0
10
0
0
753826206
0
1088710598
452109789
36
0
0
1789189125
3478907951
0
6
924478500
0
3
1458958915
15056328
0
0
50305465
28
0
10
0
0
0
0
0
0
28
0
0
28
0
0
752312655
0
0
0
0
0
0
0
10
18731042
2593905698
990725841
15
0
0
0
0
37346403
0
36
0
0
13530
0
0
26536006
0
49516176
0
0
0
3
0
0
4487405
0
2504207208
0
0
0
591181305
0
0
0
0
0
0
0
0
21
0
0
0
0
0
0
0
2014550078
0
0
0
0
0
0
92799876
0
143931061
15
0
0
2242211114
0
148648025
0
0
0
0
3
0
0
0
28
0
0
2798380601
0
0
0
99835515
0
3225473223
2324618125
604250466
0
487490
0
0
0
220678536
0
6590265
0
0
3
0
0
0
0
0
0
0
0
4311516
0
0
6
0
3
28
0
8679861
0
0
0
435346278
36
36
0
0
10
0
74487115
262285156
0
0
0
0
0
0
0
11608971
3128825870
0
0
0
0
0
0
6
0
0
0
0
836507253
0
0
0
0
0
0
0
0
0
86994645
0
0
0
0
4436725
0
0
0
0
0
0
0
6
0
333504051
313388130
28
0
0
0
0
0
0
10
265271061
0
0
0
0
678316528
621904729
0
28
0
36
0
700322690
0
692329706
36
0
28
0
0
0
0
0
0
3
0
0
0
0
576759666
0
0
5077440
3539130
0
36
0
1805950
0
0
0
281473401
935487209
3414579137
0
0
0
0
10
0
0
0
1495739100
2989830654
0
548218115
0
0
0
0
0
0
365030162
0
2703520597
3
0
79084176
3
529832628
15733245
0
0
0
0
932709645
0
0
15
0
189959286
1150392567
0
0
0
0
0
0
0
0
0
0
0
0
0
1020458076
0
775766355
0
0
0
0
1229642868
0
36
0
0
28
0
0
0
1109308269
1612628129
0
0
0
15
0
0
0
1340907800
28
0
0
0
0
1833040131
0
0
0
0
6869071
21
0
0
99609555
0
0
0
0
0
0
452965797
0
0
612762528
0
0
0
0
15
0
10
1753073475
1
1300379478
0
0
0
0
178679502
795973772
763325055
28
0
0
193230
0
0
0
0
79544450
3790881
0
6
25543378
10
0
0
0
0
0
0
2873819108
0
0
0
0
0
3
0
0
350056716
2225050007
10
13366
0
652309140
0
0
3038422204
0
0
200052532
0
0
20384964
0
53898153
0
0
435287265
0
0
486224678
0
362491275
46392528
0
363299490
0
0
0
10
717452550
0
0
0
0
750589202
0
0
0
36
0
0
0
590940631
0
0
0
10
0
0
0
0
0
0
1151916292
0
0
0
275592008
18177435
31664009
0
0
328387280
0
0
0
0
0
86349511
0
0
0
0
0
0
368033205
0
0
0
0
0
0
15
550572336
0
0
0
1218723135
0
0
6
0
0
791602136
0
0
0
0
0
239787107
15
0
1636355361
0
0
0
159445153
0
405450
0
759116130
327641601
970038235
0
0
6
59788935
28
28
850801875
0
0
545640246
0
6
0
496050210
0
15
0
0
0
0
0
1078944554
0
0
0
0
0
1939465
0
28
0
0
0
0
0
0
6
0
0
0
0
756274386
0
0
2345532560
52014900
6
0
30369321
0
0
0
0
0
0
0
834908025
191694327
0
1367741937
0
329231560
0
540037680
0
0
0
1
0
795340110
39939453
0
36
1821869572
4921398
3233872033
0
0
0
0
3
0
0
105248286
0
0
0
0
0
0
10
0
0
0
0
883584527
0
0
0
0
162817668
2709425609
0
0
173510506
3
0
0
0
0
411601086
1051453531
0
0
0
0
0
0
0
922917663
1635133439
4907875
0
43379955
0
0
0
0
0
0
2476198836
0
6644835
631883475
0
204499222
826599389
0
1016170821
0
0
0
0
2669635510
628089561
0
0
28
0
2960961
388912105
53777570
0
0
0
0
0
0
0
788859060
0
318162925
1531730726
0
88689254
0
0
324050529
0
12135201
0
44523766
55900004
0
0
1488430
0
9251451
0
0
0
0
0
0
0
425955078
10
80829255
0
0
1155098080
0
0
0
579625956
0
0
0
0
3
0
0
999290865
0
0
0
0
0
0
1392758973
0
0
2076411023
40558521
0
85925125
506431225
316852551
0
57036540
98876953
0
867421484
0
6
0
0
0
0
0
1157358216
0
2122827029
0
3
0
23746386
0
2434140485
15
6
1211243097
111683985
12884576
0
0
0
77258181
593039580
0
0
629681328
173159175
48560198
1126945938
0
0
0
0
602191992
392882496
3
0
0
263156211
538928381
0
0
0
0
898940529
0
0
28
0
0
10
110387511
189491778
0
0
0
0
0
3
0
46084800
0
0
0
0
0
5243941
0
0
274494165
0
0
0
0
0
6
0
3029157589
36
3
0
37207710
0
0
35612580
0
845488881
550437540
0
0
0
0
0
0
36
229140528
533582778
0
0
0
6
83974320
0
0
0
0
0
0
0
0
0
0
0
28
0
0
45491491
0
704371265
10
0
1342463116
0
0
15
1086549036
511600078
0
0
0
0
0
12722850
0
36881166
0
0
0
0
0
0
0
1139509272
0
0
0
0
0
0
0
125825316
0
0
0
0
10
0
1040523771
10
0
0
112160731
0
0
0
6
0
175228560
0
0
0
0
419513037
0
0
0
0
0
0
0
6
0
0
0
0
503285401
104842440
279933291
2300350097
0
0
21
0
0
36
6
1940347700
0
0
81385698
0
0
0
265294095
0
0
0
36
57389985
0
3
0
0
15
0
590700006
0
0
7098372
0
0
36
0
1062167095
0
422692350
0
19241706
131001391
0
0
0
0
0
0
0
0
0
0
0
52776262
0
41939061
0
0
0
0
0
0
165556306
0
662539497
0
0
0
0
0
10
429611328
0
0
0
0
0
850890
0
0
36
0
0
669688503
13920726
0
0
152766460
644775513
0
0
0
0
0
152574246
0
478781040
0
0
354458625
0
0
483931605
0
1301261097
0
0
442026645
914078156
693390180
0
1078963831
0
0
0
0
0
0
0
36
21
0
0
0
0
3682679618
6
6
0
0
0
15
0
0
269633259
0
0
28
0
410884111
0
0
0
0
0
0
2955329935
0
6
0
0
0
0
0
3
138525847
0
0
0
0
0
3079330
0
15
3
0
15
0
10
0
0
0
0
0
10992781
10
0
6
134521003
808437045
0
2374448282
0
1092524140
0
0
0
273464191
0
596778
0
0
6684996
0
0
1579753
0
0
0
0
28648665
0
249481953
0
0
0
0
0
0
0
0
10
0
0
3
0
0
0
0
0
0
119991861
0
0
0
1057709739
376238550
1
387602403
0
198273741
0
0
0
0
0
2010419815
0
0
0
6
161019965
0
0
0
2249109244
0
0
0
0
177429
6325209
0
0
0
0
15
0
0
339835485
70509063
0
15
22493331
0
0
0
0
0
28
0
0
0
0
36
0
0
1981118279
0
0
0
0
0
0
0
0
0
0
1052326626
1210592415
0
434630889
0
0
15638028
0
3580729497
0
0
0
357689047
0
28
36
6
0
66443352
0
0
0
0
28
0
3
36
0
0
0
365903601
181689453
0
0
0
3
0
0
28
0
0
0
0
0
0
0
0
0
0
0
0
0
0
28
0
0
36
0
0
0
0
0
0
0
0
0
3739232689
36
0
3
0
0
109924397
593486832
10
10
0
28
0
2379254577
1101048201
198206662
0
0
0
0
0
0
417041694
433783785
0
0
151709794
0
0
1824868199
15
187375761
10
117803575
343064820
893693503
0
941214774
0
0
0
10
179958906
0
0
0
0
0
0
2563059311
0
1223095053
0
0
1071456903
0
134955996
1378119871
0
688020967
0
0
0
35663235
0
16997365
0
0
0
0
3032029799
0
10
0
0
509778415
28
0
10
0
0
0
0
0
0
0
0
0
0
127640253
0
0
0
0
560739816
0
0
97588953
1231503514
405170811
0
1
0
0
19297578
0
0
912648726
0
0
0
0
0
0
78632070
0
28
0
0
0
121671920
0
0
73756585
0
0
0
0
0
0
0
28
36
0
0
289488434
441564903
0
0
723437894
1070788454
0
7994001
15
0
0
1100135388
704381811
907188310
0
858665865
164448180
0
0
97043346
800193370
0
0
0
36
0
0
0
21
0
0
6
0
0
0
0
0
15
0
0
0
0
0
71134923
0
0
0
0
0
0
3076069435
3599319793
0
0
680777784
0
36
0
1977739637
0
205791328
0
19690950
0
3
28
0
0
0
405142345
0
0
0
0
0
0
0
0
0
0
0
0
0
0
0
190388341
0
0
0
10
868045931
0
337401551
0
0
3377040084
0
0
0
0
14153860
0
102527061
206465456
0
0
0
0
352949928
0
0
0
0
34769007
0
0
0
3705607052
0
3284633752
0
339716031
0
0
0
0
6
0
294334453
988203704
0
0
0
0
0
1243383778
0
422227270
0
0
477282315
0
10
0
16649335
36112251
0
0
0
326133030
1163765890
569856431
0
58433455
0
0
0
0
1
0
0
29337695
0
793314028
0
1558433131
28
40540510
0
28
0
0
624440130
10
0
0
0
28
0
0
0
0
0
0
0
10
93990614
192840261
0
0
0
10
0
0
0
0
0
0
0
0
122984855
0
0
0
0
15
0
759629582
0
0
0
0
10
28823028
0
0
0
631308092
0
0
0
0
0
3113559
0
0
0
0
0
28
485083378
280038940
0
0
0
15
7486515
0
0
27740076
0
1387988534
0
0
0
0
0
0
0
0
0
0
19222138
6
424496953
0
472919635
0
0
304686955
0
228498753
0
0
0
0
0
0
0
0
0
0
0
0
0
0
0
3
6
0
0
952508481
0
92908896
0
0
25622061
0
834552641
0
0
0
0
0
0
15
21
0
0
5565142
0
10
469965
0
0
470279934
0
0
0
0
0
0
990309501
1029854505
895688272
0
0
0
0
0
0
0
0
2690897754
0
0
0
542402474
0
28
0
0
0
18383016
15
0
0
0
1922406222
0
0
0
0
0
470067483
1128837759
0
760485177
0
1175114181
0
0
10
0
154818406
0
115622535
0
0
0
28
0
0
11589705
661333896
0
0
0
0
2199169
0
0
0
0
0
968902210
811852721
0
0
15
0
0
0
1948016057
16082956
0
0
0
174630016
0
0
0
0
205081878
697156470
0
0
0
2225385197
0
477049716
953818326
0
0
0
142038585
0
0
0
0
0
0
0
25272495
0
0
82402833
0
0
0
0
0
0
0
10
0
1441856407
0
6
181689453
0
0
0
0
0
51943528
181460775
3
0
0
576169430
0
0
328768903
0
0
0
0
0
0
0
0
0
0
0
0
0
0
0
0
1136475417
0
0
0
0
0
0
0
0
0
0
0
0
794429427
0
0
0
0
2117463709
83677311
0
583800786
0
0
0
380976606
0
0
0
0
0
0
2820328794
10
657651822
0
0
611764978
0
0
96179388
0
0
0
446040
0
224264431
81530065
36
0
10
0
2747438214
0
0
0
1199838591
201903765
588399360
177864776
0
0
0
1337235302
0
0
3
0
0
0
0
860979756
0
165138051
0
0
0
0
0
0
0
0
0
0
884921415
0
0
0
0
12752046
0
0
0
0
0
33697945
15
0
2121072179
0
0
0
0
0
3492166071
685879617
0
0
0
0
0
0
0
0
0
0
0
0
6
0
0
0
0
1365417690
0
0
0
0
0
0
1916575318
1633528
0
3
0
1243333911
0
0
0
1062948565
0
0
0
28
28
0
1
0
15
0
0
0
515808660
0
0
1038335235
0
324415
0
974638416
203464878
0
0
0
1220703
277242378
53977182
0
0
578051001
0
0
0
0
0
0
1316683035
487266153
0
1122503271
0
0
0
0
0
0
3433021939
28
0
0
0
0
152451991
0
0
0
0
0
0
162713510
0
0
0
0
107289276
3
0
0
5497902
0
0
294757510
187860036
0
0
78600325
0
0
673353253
0
10
0
0
0
0
0
0
546588501
0
1680813107
0
0
0
0
250098984
767359900
222699960
97099080
0
0
0
0
0
0
0
0
34068385
0
0
1217933335
6692311
462272797
0
0
15
0
323380596
3702476099
0
293607028
0
0
0
3
450775
1651020155
591972436
12036766
0
266423986
0
361361286
1604245225
0
562717378
0
95660300
0
0
96375786
0
49463241
0
0
0
3
275617161
0
0
177838454
3198172017
0
0
0
0
0
0
0
209438811
0
0
0
0
2929279467
0
3045126950
1081851523
0
357057807
6
0
0
0
0
1131951990
51044447
28
0
14674653
36
416435370
68919670
0
0
989101411
0
0
0
1346147732
3785376
0
0
0
0
0
0
60007467
0
0
0
0
0
743603925
0
0
0
0
0
0
0
588399360
28
0
693771154
0
1136337686
0
0
0
0
1272266472
0
128873485
0
215550171
0
0
0
0
0
10
0
0
3611380196
0
0
0
481671
0
0
28
430318080
0
3
1115596230
188306121
0
0
25380
0
3
2242291652
0
534497860
22597479
0
0
0
1419896978
0
0
0
0
0
1514670
0
0
0
0
0
0
0
0
0
0
0
0
3312160191
79121910
0
0
778683916
0
0
0
0
308624590
0
0
0
22061403
0
176795280
28
0
0
0
0
0
0
0
0
22423680
0
0
0
0
0
3243258347
15
382689945
0
0
12512503
0
0
0
165903005
2263128
19716060
0
0
0
6
0
0
0
28
0
0
0
180502384
438793995
0
0
395268786
0
0
408136735
0
0
0
0
2713932628
0
83831826
0
0
0
0
0
0
0
201733741
0
0
0
2325448073
897544896
0
0
0
1
0
1950244222
0
0
0
0
0
0
0
2884507703
0
524313153
0
2897995581
46807172
1002644504
36
0
0
0
0
136982475
0
0
0
0
0
8195751
0
0
0
0
10
0
3466015179
155392538
33493020
0
0
0
0
0
96015153
0
36964215
0
0
0
3
0
0
466957012
1
0
0
0
249615996
5633046
28
0
0
1542518716
0
7424731
23729076
66372481
1
3
27074493
0
538559790
0
0
0
0
0
0
0
0
0
0
0
2904900699
0
24342753
0
0
0
0
0
0
0
0
0
10
0
0
0
0
0
0
0
28
0
317206
0
0
0
644173198
0
527503122
0
3663776372
0
0
1
95130321
0
1975972349
0
0
218123141
0
0
1141010335
0
0
44551
1501998007
0
0
857948473
0
0
0
0
1
1113518836
2317855127
0
0
0
0
0
0
0
0
0
0
0
112657555
0
0
36
0
0
10
974191870
535577356
0
0
1125442846
0
0
657629511
81032815
3
0
0
0
6
962705260
0
0
0
315642928
0
183581541
1003120674
74789580
0
323151753
0
0
0
7556328
0
28
10608357
0
0
0
0
0
10
0
0
450952333
0
517599225
28
55340460
0
0
0
0
0
2531411162
0
0
0
0
6
36
0
10
0
36
0
912905085
0
1122318597
0
0
0
0
0
0
0
829113182
0
0
0
0
218596647
0
0
0
63336744
64329877
0
26260861
0
0
0
72176540
0
0
28
0
0
0
774828935
0
0
28
0
8667366
6
0
0
39174526
0
0
0
0
0
357379647
3352742838
0
91740285
0
0
0
728365403
0
10
986235078
0
32108091
1762351294
85929495
231
0
0
0
0
0
0
101883120
0
0
28
0
0
0
0
10
0
0
28
57325278
0
0
6
0
0
0
0
43763943
0
0
0
0
0
0
0
0
1003408003
0
0
974412585
0
0
0
0
265873857
0
0
306070911
0
100600020
181232241
6
0
0
0
0
0
0
3
0
0
5315430
0
1352295951
0
918690
0
15
0
0
227460156
0
0
0
0
0
1239995100
0
541452115
493634440
0
2989875285
353286903
0
0
0
0
0
6
6
501351945
0
0
0
15
2047186272
0
0
0
0
0
0
0
0
0
0
0
0
0
0
2651930137
0
477353786
18163768
0
1187011945
260844220
476370411
0
28
0
0
608254881
0
0
36
0
0
21
0
0
467583490
0
0
0
0
0
54627378
1
0
0
0
0
560036778
0
0
0
10
2584087972
0
0
0
0
0
6
0
0
0
0
25531250
0
0
0
0
0
5048253
0
0
852700456
0
2003067910
6
417859095
1245628828
1875190673
0
73853781
0
0
0
189254525
0
0
0
0
0
149794098
0
661079341
0
0
336169485
36
0
0
0
0
0
1556113057
0
0
0
0
15
566245378
3191601
0
0
0
0
0
3
0
0
0
264026527
0
0
0
0
0
454466026
0
2126038710
0
0
1491541968
0
0
130839576
0
15
0
0
0
0
0
0
0
1592297679
0
0
0
0
0
1585090
0
0
2369427929
3444655868
0
0
0
44779661
0
1
334693128
0
0
31852171
0
0
0
0
0
0
0
3
980927441
0
0
0
341401515
0
0
318516180
0
735265378
0
0
0
0
0
228691191
15
0
0
0
343390321
0
0
0
0
0
655600155
15
855221403
2863846782
0
0
2064657509
28
0
3525840
0
0
0
0
0
0
17954933
354378204
0
0
8588440
0
0
0
0
0
0
20492
0
0
0
0
0
52040653
0
0
0
0
28
0
2423301
52536375
304859778
0
0
0
0
0
0
1584131235
0
2436235708
21
0
0
0
0
0
993487600
0
0
1771127427
0
0
0
255186293
3
0
28
0
0
0
0
0
0
0
0
0
116121180
36
981286069
0
0
0
0
0
0
402896691
911837160
0
0
0
28
303333792
187491930
2209313382
0
0
0
0
3
728231081
0
0
0
0
0
0
0
1010634135
0
0
0
2268550883
76045278
0
0
0
0
0
0
0
0
0
234955
0
0
0
0
6
0
0
13705567
169071
122892003
0
0
1851192555
0
1166758971
1576535687
0
0
0
0
0
0
0
0
0
0
618552378
0
0
0
0
0
0
0
11325
2517340089
0
0
0
0
0
0
0
869090586
18889731
0
0
15
0
0
0
37337761
0
0
214628121
0
0
0
6
0
39307411
0
0
0
0
0
10
0
0
0
0
0
0
0
0
0
0
744420405
1188890703
943645719
0
0
817312665
0
6748812
0
0
6
0
0
0
0
0
0
28
355529901
0
28
0
56779884
10458162
15
0
0
0
21
108258255
264764566
0
0
0
147138736
2810920158
1153944820
129162628
0
78229410
10
0
0
755944734
0
0
75211005
0
0
10
922719271
10
0
0
0
0
667445538
0
0
2903396522
553890657
0
28
0
1028379276
0
0
0
845509664
957187039
1948772910
6
0
6
0
0
0
15
28
0
175408361
0
1485210720
0
0
0
0
0
0
0
581694886
0
13171278
15
655369647
0
0
0
0
0
0
0
0
362491275
10
0
0
0
0
0
0
0
772657705
631279278
9480835
0
0
0
0
60639492
10
0
0
0
87155077
0
0
195851736
3334281797
0
0
219021985
0
0
0
0
0
0
0
0
0
0
3633838704
0
0
0
896358970
0
1024075396
0
0
0
28
0
366460128
10
0
0
1758785788
1118682429
0
0
513777540
0
0
689411278
28
0
0
601854165
10
15
0
0
0
0
0
0
0
0
0
0
0
0
0
0
0
317687144
0
2095279854
0
0
0
0
0
0
774124368
1056643435
0
0
1
0
0
460181953
0
1560261
1230799305
0
0
28
0
2769341398
0
0
576210588
0
433077165
703960010
0
0
0
0
0
0
0
0
10
0
0
0
6
0
0
0
0
0
0
0
239006316
0
1407339801
452297926
0
0
0
0
0
21330246
0
0
0
0
0
6
1134000936
0
0
15
96403555
0
0
0
0
0
0
0
0
0
308557284
0
0
126476560
0
363347212
34399365
15
0
0
545044636
3648225027
0
0
0
0
0
758614461
0
0
1756288307
0
0
0
0
0
0
0
0
0
0
0
0
0
164411911
0
0
0
251171752
6
0
0
165504128
0
2858519081
0
25380423
482470516
0
0
0
528
370230
0
0
10
0
0
0
0
807347514
516088207
0
0
0
547258986
0
0
0
505750
0
0
0
0
108093
0
0
0
3
1200230515
28
0
0
0
1
33969555
0
0
10
3386868900
10
0
0
0
0
0
0
0
396507177
0
0
0
0
0
0
853030817
0
0
0
3039142602
0
0
0
36
0
28
1244780460
0
195197450
0
0
0
0
21
0
32971260
0
0
3012285
0
0
1110070191
0
0
899399249
0
1049530020
0
0
0
86533590
0
0
62961031
176184606
1733403956
1182851841
21
6
0
913467015
0
0
0
0
0
0
0
260617
0
0
0
0
0
15
0
0
13094403
1964185595
0
1120324780
1
0
0
0
0
0
0
0
0
0
1110371754
0
0
0
0
567524895
0
1128148750
0
867465378
0
0
552232761
0
6
0
10
0
1491688247
0
10
0
0
0
0
0
0
0
0
483651651
0
0
0
0
1535855628
0
6
0
0
0
0
239596995
0
0
1072423828
0
0
0
0
0
10
0
0
0
6
0
428275
0
0
353220
0
121049020
1094806960
99260255
0
0
1
0
627093405
0
0
0
0
0
2557945
0
3
0
0
0
0
408536820
15
0
0
0
0
0
0
151580166
0
1461195
0
0
0
0
0
0
0
0
226894369
0
0
763793897
0
418457985
0
0
74194471
0
0
0
0
0
0
0
0
0
0
0
2108043822
0
374709000
0
0
0
0
0
31788315
0
15
0
23917952
6
0
0
0
0
0
0
3524956497
56185300
2051692563
0
0
260825160
0
0
300480355
0
0
0
0
0
0
0
0
471475278
9165621
3
103399390
0
0
0
0
0
274587895
0
254916910
1066516984
0
0
0
0
0
0
0
28
37208251
48207624
0
1
28
0
28
0
640909503
0
0
0
3
51161670
6
11174121
416724015
21
960074290
199950003
963583050
3
0
0
0
2345018523
0
0
1222478181
28
0
1237442752
1521576
0
400600665
0
0
0
0
0
0
1
0
0
0
0
0
0
0
0
10
384351675
0
207441905
1191068681
0
0
0
65375754
0
0
1033447073
127368780
0
437768322
0
0
0
0
0
0
0
21115
0
0
0
3
10
165671277
2687722079
0
0
0
0
0
0
0
0
684830955
3188021291
0
15
0
0
0
3
0
36
613287753
0
0
234112341
54230905
0
194291328
14550315
447024847
10
0
6
12007450
0
0
225069936
15
28
0
0
0
0
0
0
0
0
0
3748375128
0
0
36
0
0
1055999946
0
61877250
0
0
0
0
3334706217
0
28
0
0
262651740
0
1
0
0
0
0
0
0
0
241219630
0
312162591
0
0
1122455890
0
0
0
0
0
0
0
0
0
0
0
226929839
0
0
563093898
27911656
0
0
0
0
2459325317
0
0
1141965945
0
0
0
0
0
36
0
0
0
0
0
1097288300
0
0
0
2233605887
0
0
0
0
0
0
456820651
843470128
0
0
0
1
0
565606161
6
36
67948653
524183631
15
0
0
0
843066528
1129441467
0
0
0
0
0
2888406
0
0
45960861
0
0
0
0
771015729
0
0
0
0
8134525
0
938289540
1611495
164121903
15
0
0
0
0
0
0
0
66910207
0
0
0
0
0
1147755916
15
0
0
0
0
0
0
574329674
0
0
0
0
130467781
200511187
0
0
28
0
921231520
0
15
0
0
0
63658686
0
0
731435628
1270520445
369036528
0
0
0
0
0
0
0
239379919
0
9385278
0
0
17213778
0
181462619
723425703
186966
0
0
1
0
0
3
0
647010378
0
68673340
105473520
0
0
0
0
0
0
0
571026607
161811055
57198849
0
6
125107938
3
0
0
36513625
139910582
0
2068446644
0
0
0
15
0
0
286861128
0
0
6459299
6950856
0
49057580
0
0
0
104087389
0
0
766577655
0
0
0
1072340679
0
0
0
58221540
0
257270586
0
0
59584986
0
0
0
6
0
0
0
633982636
1102409490
0
15
0
0
95904325
0
0
112117390
187773750
0
1
0
0
10
0
0
2390150022
59106742
0
0
0
0
0
0
36
0
237609100
0
0
760058770
0
1149049891
32720005
0
0
0
33985890
0
729994346
0
153606628
0
297911845
159623778
0
0
126301671
159758748
28
0
0
0
0
509930257
0
0
334826586
0
0
2938398072
0
0
0
0
0
0
0
0
0
0
0
0
0
0
0
0
0
0
0
0
0
0
0
0
0
0
0
0
468409528
10
0
0
12875275
0
0
18181168
0
6
23856593
28
0
0
269745
1
0
0
0
123834453
0
3561358936
400685586
0
119826491
1244481105
1718953052
0
0
0
0
3062774754
0
0
0
0
0
10
0
0
0
1944407624
0
0
0
0
2381923806
0
0
0
225770625
0
0
664319475
0
0
0
0
0
0
0
396675861
0
0
0
0
10
120718605
0
0
0
10
450795351
487515925
0
2792904013
81562590
0
0
195199161
0
0
0
0
0
0
0
0
52618411
0
687963871
0
934870420
15
0
6
0
0
0
1026566016
240267809
6
0
359884206
0
0
0
372685951
0
0
0
100019296
0
0
0
0
36
0
0
0
0
0
42113253
0
0
0
0
249811410
0
1455249954
0
0
0
292692447
0
0
1019554746
0
6
354378753
24398605
162964431
0
2176741
0
0
2084828060
61134153
0
0
2419860841
0
2118353040
0
0
0
0
0
0
3
0
0
0
0
0
0
44081355
0
0
0
3
0
0
0
801340561
0
0
0
0
0
0
0
0
9731911
3
670640376
0
0
811273904
0
0
587336401
1071911272
0
6
549477825
51638203
0
0
0
36
21
0
14212446
10
0
0
0
0
1164441411
14826735
0
0
0
555461115
130082589
0
0
233658153
232600096
1159524246
0
0
0
749096571
0
190076253
0
15
0
0
0
0
10
0
0
0
0
0
267874677
0
0
0
63293431
0
0
0
0
0
3517688058
3516962292
3276029246
0
0
0
23718828
0
0
119096461
0
0
1283941688
32048289
0
509427240
10
0
0
0
0
0
0
0
0
795865356
796344186
0
1108286740
0
0
0
0
0
0
0
54564681
0
0
36
291913203
0
0
0
0
0
0
348500346
0
1782734712
0
0
0
28
0
0
0
10
0
0
0
0
0
0
0
0
0
181536985
0
36
0
0
0
0
0
117634791
0
392518171
0
0
0
0
1087668120
401847075
0
0
0
47419191
0
0
0
0
127627864
0
0
0
0
80080840
0
0
0
166376161
15
0
0
625677434
821036503
0
0
0
0
0
384628980
0
0
0
0
0
270897726
0
3485607027
0
228755355
28
168195674
0
0
0
618482035
0
0
0
0
0
0
0
512496120
0
0
0
0
0
0
0
10240075
200387160
0
0
0
3381073420
496506
0
36
6
0
914187420
1246177926
6
346989996
0
15
70500
0
0
1219642108
0
1039018905
0
0
0
0
0
3282949187
0
257361328
0
0
733352237
0
0
760623845
0
2017812482
28
1509453
0
6
54669646
0
0
0
0
0
0
158256518
0
0
1192404195
0
0
0
15
0
0
0
0
0
0
0
0
28
0
298889025
0
0
0
0
21
2250310
353609949
0
0
0
0
270990840
0
0
191799904
10
3195448734
0
0
545429860
224218600
45420698
28
0
0
0
0
0
0
3300469668
0
0
0
14184480
0
0
682909130
33141851
0
0
0
0
0
0
0
36
0
0
0
94075722
0
0
0
0
21418096
0
6
0
0
0
0
0
3
0
0
0
0
110712177
0
374982805
0
1036695345
0
0
15
0
3068425674
10
900018440
413784528
233852751
0
36
0
0
0
0
3459862624
0
0
143812320
0
95779720
3
0
0
0
0
0
122656953
0
105997427
0
574976481
0
0
196168528
0
0
0
2806902702
0
0
0
0
0
0
0
0
0
1050119920
0
6
0
0
0
0
0
1149337540
0
0
0
0
0
49845120
0
0
237996234
648342045
28
0
0
0
61776
0
0
0
0
0
0
116471953
6
0
0
0
0
0
892974930
0
0
7354017
90659845
0
36
0
0
0
0
664128
36
0
9126380
216725790
0
0
797022775
36
0
0
0
0
0
3
0
0
0
0
28
0
3
0
0
1057231932
0
0
0
0
741153
15
6
0
0
0
0
693948885
0
28
0
0
0
945830571
0
669682752
0
28
0
834218281
0
0
0
0
0
895199642
1
212409047
0
1971174466
0
0
0
0
0
0
0
973529875
0
158981196
1916893670
4183278
0
0
0
0
380603647
0
0
0
0
0
0
206258205
0
0
1590897
0
62714400
190661628
0
0
0
0
10
0
0
0
0
0
0
0
1942392380
1401313535
0
0
0
0
0
0
558498331
0
0
0
0
0
36
0
0
0
0
0
0
75763350
128730987
0
0
758259153
0
0
0
0
0
0
0
0
0
39831764
206156665
0
0
2577697568
0
0
0
0
0
0
0
0
0
277218831
0
328493127
0
1887443681
2251500547
2228170787
0
0
37710270
0
1
819375921
0
0
33141942
0
1337710778
0
2052815501
0
0
1169320620
10
0
6
0
0
0
0
0
0
602617686
0
6
1189910987
0
0
0
0
0
773247475
0
0
894243195
0
0
284040538
0
0
443561568
0
1217735925
0
0
0
0
0
0
0
851668356
6
0
0
6
0
0
260737080
15
0
0
0
0
1883331309
0
832218003
0
3
10
0
18938935
0
811527944
0
0
10
0
54189255
81560117
0
0
0
0
1430036964
0
134521003
0
36
0
25297194
0
0
0
0
43193865
943251
0
0
0
0
0
0
2167957416
0
0
0
0
84272653
1003920902
0
0
0
0
0
0
3
1140139310
0
0
0
0
28
0
0
0
1180518345
0
153378855
0
2145425168
10
335133105
0
0
0
0
0
3
6
0
0
0
0
762939453
551223586
0
0
0
0
0
90144131
0
2949828440
31122105
0
0
0
0
758553866
0
21
0
0
0
301473887
185753175
0
241879015
0
0
0
0
15
0
0
0
0
0
0
877239441
15
350740855
1758308624
0
0
491082130
0
6
1032146895
450345066
0
0
0
0
0
0
0
0
0
1770345600
0
0
0
0
223769869
0
0
0
0
0
0
0
0
0
0
0
677884146
0
15
1
0
36
0
0
0
0
0
0
15
0
15
10
0
0
0
335421919
0
758392428
328794546
0
0
823185600
28
0
0
0
299176440
3315872870
0
0
0
0
957253486
3
0
0
28
0
8411151
0
0
0
0
0
0
0
0
0
0
28
0
0
0
0
386656336
155223390
0
0
28
0
0
1746959958
0
0
747897150
0
0
0
0
0
0
0
0
0
671849496
0
0
0
0
0
0
695589051
0
1096997568
207240608
28
0
6
30058381
0
0
0
1153848741
0
0
0
0
0
0
3103077294
0
0
0
256817116
0
0
2102002694
349417830
0
2115196667
33821200
0
1432508117
882563844
0
221260275
127864036
3782625
133618415
0
0
0
0
0
0
0
36829653
0
4020030
0
3
0
0
0
0
0
1
0
773943398
10
0
2520360131
0
0
0
0
6
0
0
0
28
0
0
106485121
0
0
494232926
1582116818
28
0
0
0
0
0
1618272744
0
6
0
0
0
0
0
492336510
0
0
0
452271268
28
0
318230223
0
0
0
0
179826130
1683190558
84649566
0
71419176
0
0
0
0
0
0
0
0
61255846
0
1069878153
0
0
0
0
0
0
1973106105
0
0
2358471863
0
206298828
0
1944983196
0
1
0
0
0
217309128
0
85366711
0
0
919840386
0
0
0
0
0
0
0
0
3
0
0
0
36
23273834
1034192460
14292531
163913493
0
0
0
0
0
10
0
0
0
0
0
0
0
620764488
36
41555286
136956
0
0
0
318617146
0
0
3387770709
0
0
3
0
0
15
0
0
10
0
0
0
0
881132839
5070520
87103275
0
0
0
1250777604
0
0
0
0
3075077700
0
0
0
0
0
1190012505
0
0
0
0
1
15
3155555214
0
0
0
0
0
129265763
0
0
0
0
0
776081503
0
0
28
0
322003
0
0
25187253
0
0
0
0
0
3085316149
695589051
0
6
0
0
1231295500
0
0
6468520
642536990
0
0
657303153
1998639251
0
28
0
0
0
425779971
0
0
6
534067781
0
3
0
0
206136360
0
0
33256090
0
0
0
0
0
1914359700
0
0
0
0
0
1
0
835362375
0
0
0
0
401563905
0
15
0
0
379652790
0
0
0
516570153
0
0
0
487449773
0
142441881
0
0
0
0
0
0
116577390
16759155
0
0
0
0
6
0
0
0
0
0
6
0
0
0
0
0
0
10
3089548
1121082276
0
741759581
0
28
533256153
997682115
0
0
435635697
0
0
0
0
0
0
0
0
0
0
0
1655190
0
0
764385450
0
0
898011010
402471006
0
3340084559
442605628
0
326950806
0
0
0
0
0
0
0
0
0
0
0
0
36
6
0
43156695
0
0
0
0
500623903
0
0
0
0
670896765
0
6
0
1007754599
10
3
0
0
0
0
0
694992403
0
0
1888720757
0
31624775
290392950
0
0
0
0
3404520434
0
0
0
0
0
0
285243880
0
0
0
0
0
0
0
0
26306631
1097437825
10317153
0
52328328
203658
119962305
0
0
0
0
0
736976359
280690971
0
0
0
0
0
0
1931828052
0
0
0
1989450476
0
0
0
163443405
0
473104180
325928746
0
1
0
0
0
0
1123138713
0
0
28
0
36846820
0
0
0
0
0
0
0
3156061378
0
1195531651
123095895
64179599
3
174623648
1975271072
323610
14593503
731626878
0
0
0
0
0
28
106485121
6
727794085
0
2777004621
0
28
0
0
0
0
0
0
15
3
0
0
0
88265541
0
0
0
295475895
0
0
0
51709365
15
0
0
0
0
0
0
2281480471
0
10
0
0
0
0
0
0
0
0
0
1142682915
0
0
0
10
15
0
0
256975785
867612974
0
0
36
15
0
106324653
28
0
0
0
0
0
0
0
725219150
0
0
0
0
135029961
10
0
0
0
0
0
625642251
342499878
0
0
2258606194
1
0
0
0
0
0
0
0
0
0
0
0
0
0
0
15
0
0
1483008793
0
26126019
0
0
3
69413653
0
0
0
0
0
0
36
0
0
2218304562
0
0
0
386851020
0
0
0
0
0
0
0
0
5693625
28
0
96919905
0
0
1386678
0
78619530
0
1248575406
0
607673973
0
0
0
0
0
0
0
0
536232126
0
0
0
21
0
0
450120499
0
0
0
155117691
0
0
0
0
246009471
0
0
244271050
0
552698128
0
0
0
0
0
0
1865021633
0
0
219964825
10
0
0
0
129135825
455785425
2246593013
0
878203095
0
3862810
0
0
0
529812044
0
21
0
102244782
0
0
0
257384016
0
36
1636516574
178501065
50466081
0
10
0
0
0
0
10
0
0
0
0
0
0
0
0
0
0
300935294
0
0
1
0
2905120767
0
0
2773812272
608054315
1116210376
864136378
0
0
0
0
0
0
36
0
0
0
667530991
0
0
646578780
1162915561
0
0
58141936
0
0
0
2090448197
36
696521826
0
0
0
0
0
15
0
0
32518080
0
0
0
0
0
0
0
0
0
0
0
0
0
726615
2796911964
0
0
0
0
0
0
383096192
0
0
159516591
10
0
0
0
0
0
0
0
10
0
0
0
15
2524664888
63895860
14047650
3
2163505186
0
0
10
0
0
0
0
0
0
0
0
0
120624066
1225050751
0
0
1294526867
0
0
226855650
164761275
0
0
504841200
490500567
0
0
367055965
0
0
0
0
0
0
412491003
0
0
736474872
0
0
0
0
0
0
28
1095892336
0
15
0
0
279082125
0
0
0
362087505
0
563500850
0
392238036
15
3
0
0
0
50677278
0
311996184
0
0
0
0
0
0
0
0
0
0
0
47468400
171004771
983461044
12031965
1021462581
0
0
833257470
0
0
84662578
0
28
0
0
0
15
0
3064040109
0
0
844420060
0
589238652
783446315
0
5185810
6
28
0
28
0
352916028
0
0
0
28
15
0
885259808
0
175041405
0
869827719
0
0
0
656288335
0
0
0
22987590
1769866083
0
0
0
1122345222
238110753
3
0
0
0
0
594073215
0
2861366808
0
35639
0
0
0
0
0
0
893651226
0
15649215
0
0
0
0
533550111
0
0
218310960
36
0
330874950
0
3
0
27083104
0
102237850
0
0
0
353272131
691472334
0
0
0
503190226
0
1066530
433342080
0
0
0
10
0
0
0
3021967465
0
6
284828778
0
0
0
0
564860139
0
387165758
0
0
0
0
0
293433267
0
0
185676085
831818775
0
0
0
15035641
0
0
180923897
0
0
0
0
0
3637580357
0
0
106570540
0
0
0
0
2729821495
0
2235885732
0
0
0
0
0
545176710
133702852
1416170042
0
3
329256291
0
0
0
6
0
0
1562755301
0
0
265386241
0
9850141
0
0
682817535
1233579285
0
0
28
1647238850
0
0
13332960
0
15
2240780987
0
0
2969990034
0
0
3
0
0
0
0
0
0
0
0
0
0
318289065
0
525317491
0
0
80118811
10767120
0
57765126
377146
0
777618766
0
0
2886003
0
0
10
0
723425703
0
1
0
10
15
28
852576571
167820360
0
0
0
10
0
0
0
0
3393904882
0
2775240978
0
334408591
0
2500204580
144849929
0
0
0
0
0
0
0
6
0
0
0
0
15
0
0
0
0
0
208355491
80816541
59646948
0
0
148066236
0
0
0
2730132915
1653109941
0
3
0
10
0
0
0
563657100
233053255
0
0
0
2431120160
6
0
0
0
0
0
0
28
0
0
0
0
0
10
50802109
0
0
553928970
0
667932975
0
0
0
69189966
0
1115272368
0
0
0
0
0
0
28
0
0
0
0
0
0
0
78340008
0
18352711
0
0
3
0
888517778
0
0
0
15
1024960609
0
6
0
0
0
3350047652
0
0
1176003753
70549381
185064804
0
0
0
763642740
0
0
0
0
0
0
15
0
427649635
0
0
0
0
0
0
307598374
0
0
0
3
0
0
3
0
0
0
1801955630
0
0
0
87205821
0
10
0
0
0
0
0
0
0
0
991838991
3
6
3
138129621
0
0
15
0
0
0
49224899
0
0
0
0
0
0
0
42832140
16094301
298669020
1645683030
1287017220
0
0
0
0
0
543749859
28
0
28705735
0
1086595653
0
0
0
0
943929525
0
0
0
10510287
0
0
454074180
0
10
0
3278740511
0
0
0
51180724
0
0
28
0
0
333722170
0
0
0
0
0
0
0
0
0
0
28
0
0
0
811690736
0
191874255
0
362060595
0
0
0
15
0
0
0
0
0
0
0
0
0
0
0
0
0
851266556
0
0
0
10
0
0
0
0
0
0
0
0
0
0
0
0
0
0
1580065663
0
0
0
0
0
0
0
3700340349
0
0
0
3
0
0
1922549416
0
0
0
0
617603085
0
28
0
0
303518660
0
0
0
0
0
0
0
701195076
0
0
0
0
0
0
6
0
0
0
0
0
34698615
0
0
28
3
2152512039
6
0
0
10
0
1834217
0
73320915
0
0
0
144984906
0
22643085
0
0
341569575
0
10
0
3471401033
0
293468400
0
1
0
0
0
3
0
0
0
0
0
0
727005646
0
3177840306
6
0
473473378
0
551800810
481393725
0
0
0
428293278
0
0
170745960
0
0
36
0
0
0
0
0
3
15
57262776
6
0
0
8251953
0
180300
0
0
0
0
0
0
0
0
0
0
0
28
0
0
0
89893936
0
3202652872
236020401
976930503
10
0
0
311421588
0
101795046
0
92119951
272221770
3
0
0
0
0
0
0
0
0
0
0
211215939
0
0
3285710214
0
0
1960097317
2192270080
0
0
500168546
82215
0
28
0
3076250633
0
0
0
0
36
0
47711796
350377488
0
0
0
0
0
0
476776
0
10
0
0
0
0
0
0
0
0
0
0
0
0
0
0
0
720191322
0
0
0
0
0
0
78231286
0
0
0
0
0
0
0
0
0
644359357
0
45243828
1208235
957972106
423418679
233787876
0
0
0
114496278
0
0
0
10
0
201694696
0
0
221707190
0
0
28
0
0
0
0
275085337
0
0
0
197358778
0
0
0
0
0
3480210165
15
127144292
0
0
4411935
0
3624591324
10
0
10
0
21
0
193071075
44212906
0
0
0
0
0
3571128
0
178761634
0
0
0
0
236020401
132657616
0
1248875253
0
2761397884
0
0
368346489
0
0
0
0
0
0
0
3233686266
710513056
0
0
0
0
0
19728621
0
0
0
0
0
0
0
0
0
0
0
0
0
5154892
0
0
0
0
0
269123940
0
677539136
0
468617050
36
0
3
0
0
0
6
0
0
22980810
3508445385
0
0
0
0
0
286868754
0
0
0
0
0
0
28
0
28
0
0
101495628
0
0
28
666
0
69968535
0
0
0
2712853
15
0
729594
28
0
0
0
0
0
0
0
669746142
0
0
433077165
0
1091408496
0
1060876953
0
0
0
0
0
144221700
0
0
29983070
2318781
0
0
0
0
0
0
0
838498816
0
0
0
0
0
0
0
0
0
0
0
0
0
0
128376276
0
3
0
0
28694890
0
0
0
0
149497305
0
0
0
0
0
0
0
0
0
366162391
0
0
28
0
48483250
0
1696380836
0
0
0
0
0
0
6927186
621898128
0
0
0
0
0
21697578
0
0
0
0
0
544615506
0
0
0
36
15
601233
0
0
2118133939
0
0
28
1112247606
0
0
10
929652049
0
0
250615650
0
0
315393075
31700703
367015731
179536785
0
0
0
0
0
0
86494128
702442195
0
0
361253760
64156128
0
497622378
0
0
0
110357796
10
0
215125653
0
0
0
12115503
0
0
0
0
6
1817620192
0
0
0
0
0
0
6
0
28
0
0
439516776
0
0
0
0
10
154284999
3142818699
0
2916565756
0
0
0
28
0
0
0
3476116746
0
639370920
0
0
0
0
6
0
0
0
3
0
60077241
0
0
156229326
0
0
0
0
1179907923
0
2276023760
9537528
0
0
353057730
0
0
0
0
123425616
0
0
526153122
0
0
0
1015629915
0
1580319
0
17384356
0
0
0
0
282035268
258565170
0
0
280761453
0
168040278
194212486
0
0
536494146
3
36180271
0
1992074208
0
0
761455800
0
621898278
0
3
0
0
0
577201276
0
5041900
0
0
0
0
0
0
0
1141049296
0
0
31700579
0
0
0
0
0
0
0
0
0
82571246
4082653
0
1312982251
0
0
0
0
0
0
0
0
0
0
0
0
0
2844436985
0
0
0
36
0
1019780541
28
0
7989800
462034401
0
6
0
0
737184003
0
0
0
28
0
0
3264823157
0
0
0
0
216405420
0
0
132397128
0
0
15
405113880
10
269015610
197676786
0
399667128
710588451
0
0
38225390
0
0
1
0
0
0
531461503
0
0
0
111057156
0
0
2486082747
0
0
0
594422872
28
0
0
0
701906778
3033064244
586538604
1208279061
0
862349685
0
0
0
0
0
0
0
0
0
91618416
0
0
0
120318828
10
0
1209112659
0
0
0
349476517
1650020
0
0
518307306
0
0
36
0
0
0
0
3
0
0
0
36
0
0
0
0
163954
6
0
0
502207278
15
779243697
0
15
15
1486029043
10
0
0
0
335210778
28
0
0
0
0
3199185
0
0
0
234307128
0
0
0
0
0
0
0
0
0
79676376
0
574859278
0
0
0
0
0
0
0
1031742455
0
830301625
28
0
1064749731
0
0
0
0
0
0
0
0
0
221519676
0
0
227201625
0
965355
0
0
0
0
0
6427995
0
0
0
0
0
127960003
701082735
0
0
0
729906528
0
145001935
0
0
0
193582326
0
1111254796
0
13491415
0
0
0
2142623
0
0
2398179210
0
0
0
0
28
0
0
3696219107
0
128424351
28
0
1035522527
0
0
0
0
0
0
15
728875290
174044505
50929278
3
0
0
0
0
0
0
0
53332
2864817994
0
0
15
632691
0
6
0
28
6
265547535
8748
3074398614
0
0
412217793
0
0
0
226768619
0
0
0
10
0
0
0
0
0
6
11724903
0
0
0
0
18608904
0
0
0
0
648846276
741105750
0
0
28
0
0
0
0
0
611038280
0
0
0
0
0
0
641375020
0
1
1241841145
0
0
0
3
0
0
21
0
0
0
0
0
0
219210391
0
0
0
0
706447666
3
0
28
0
0
986101845
0
0
0
0
761656434
0
53624404
195197450
0
0
0
0
0
0
194567401
67111905
180414510
0
895935615
0
0
0
0
271494927
0
0
0
0
1038572938
1692986222
0
0
1924698044
0
0
0
0
10
0
370872268
0
36
0
0
0
0
10
0
0
0
0
2364225
5198700
4355676
2067998459
0
0
0
306615466
0
0
0
0
36
0
7165005
0
245898576
0
0
0
0
0
0
0
10
28
0
903911421
10
0
0
0
0
0
0
0
0
10370271
0
126270
0
0
0
0
1069600626
0
0
0
0
351562386
21
0
0
0
0
0
28
0
498569253
0
10
0
0
0
0
0
0
0
757869778
0
0
65877981
15
0
3
2349028
1063319670
0
0
0
0
0
0
0
319476003
0
0
0
0
0
0
6
0
0
0
832830078
0
0
0
18948144
0
8721576
0
0
97979001
0
270312371
0
0
0
0
319992400
0
0
0
0
99764875
0
0
0
477884070
0
3
0
0
0
2245111764
0
182161092
0
0
0
0
0
208988790
1018742091
892890411
0
28
0
0
0
0
0
0
0
306491661
3
5790633
0
0
0
0
0
0
0
0
1683123551
0
355053172
0
3
0
187874508
0
0
0
0
6
6
0
7089495
0
64689625
0
0
0
0
0
28
3390907518
0
1134771
0
10
0
3
825076200
1732890808
125440407
1886764
10
41400450
0
0
9970345
0
1241888203
0
0
1123057380
83237253
0
0
435465024
0
89818823
0
0
181331603
0
0
0
0
0
0
2140058587
0
6300315
0
28
0
0
0
363393905
0
0
28
0
0
1118574051
0
536756230
0
0
0
0
0
0
0
0
297814215
0
0
10
1083113679
0
0
0
0
373314150
0
0
0
0
3418923224
86349511
0
718754655
3
0
28
15
0
0
0
0
0
483029821
0
0
0
1235765755
0
0
1085057820
0
0
3174066974
0
0
56844453
0
717258274
1326716250
0
0
0
0
568339045
0
0
0
0
0
6
0
10
226472403
15
0
3
0
0
0
0
0
0
58933790
0
3301970985
0
0
0
7298110
0
3
3542526750
0
583286792
1995756752
0
117487781
1745902038
94354798
0
58758301
0
26780221
0
0
0
0
0
0
215956153
0
0
0
0
2520442022
0
3
0
0
543258474
10
603092475
895723975
0
0
0
0
1241439706
380976606
0
0
0
0
0
0
37849350
1971283220
3505979330
0
0
0
0
28564302
418007727
0
0
0
1038517525
252551575
0
0
1141583653
10
0
0
0
0
0
0
0
0
0
0
0
610034985
0
0
2067950
3
0
0
0
429454464
888416628
0
0
0
0
0
3649310088
0
151824025
0
21
0
0
0
0
0
0
0
0
0
0
58400355
2195213408
28
0
1163621161
0
0
0
0
0
0
0
0
1735028047
32900540
28
1133665536
219622692
0
0
0
0
0
0
0
99124881
0
36
0
0
0
0
0
0
0
0
0
0
0
0
0
0
0
0
0
0
15
0
0
0
0
0
0
0
0
223798746
288612071
0
0
0
0
3
0
0
10
0
0
118018566
10
0
3
10
214544450
0
0
0
0
0
0
0
0
488046903
0
0
6
0
0
3220837856
0
0
0
3
0
0
0
0
0
0
177388030
0
0
612716063
0
3
0
0
0
0
0
0
0
0
0
0
0
0
3722824212
0
0
0
198094560
36
0
1175761278
0
1
15
1
0
25200322
0
0
0
362114416
766464581
28
0
380416393
0
0
0
0
2966919697
0
0
6
3
0
0
47643441
28
0
0
0
0
0
0
0
0
0
0
0
0
74719200
0
0
0
0
0
28
0
0
0
338253
28
0
21
2287049108
0
191428835
0
0
0
0
0
0
0
0
679052385
0
0
307259655
0
0
0
52597896
0
0
0
1644490824
0
3380077403
6
13386
148703635
0
0
44583385
0
0
731562184
0
0
0
0
0
0
0
492085506
0
0
0
0
0
0
0
2936620790
0
36
882231015
0
1886347272
0
10
0
0
0
1
0
0
0
0
0
0
0
0
0
121002346
434048916
0
0
0
1304740807
0
0
0
6
15
0
468654420
0
10
0
0
0
0
28
0
0
2036855657
0
0
0
293316310
0
643597503
350575576
739182025
644063995
0
0
0
263907171
0
3
0
0
216767431
110231526
0
0
0
0
0
0
0
0
0
0
0
438390855
0
0
0
0
0
0
0
0
1032519665
0
0
0
0
0
28
0
0
0
0
0
0
74878203
0
765270106
0
1
0
56642046
0
0
4232595
0
291325104
0
827695641
0
0
0
1838403
0
0
36
21
905357628
0
0
3
0
823591405
0
0
0
0
0
0
0
1071912567
0
79003
10
298501697
0
0
0
0
28
0
10
0
694396011
0
0
32291954
10339878
0
0
489416431
243641775
0
0
455702955
0
36
0
0
0
0
15
0
0
0
1407002757
3157988281
72981321
3
0
271130541
0
0
0
655745005
2856860297
0
0
740446248
0
0
6
0
0
28
1866375
17337216
0
0
28
0
0
0
0
0
0
0
0
0
0
0
28
0
506940561
964329486
0
0
10
0
0
0
0
508806183
0
0
1127578816
0
0
51455440
0
0
0
0
0
0
0
0
71811449
0
2966386031
0
0
0
252776370
0
0
0
0
0
0
0
0
0
0
455488819
0
0
0
0
0
0
0
515550564
10208421
1842378677
487328590
28459050
0
0
183658455
0
15
1707698397
10
0
0
0
736340557
0
0
516216646
0
0
806952294
0
0
0
0
0
10
165338020
0
0
0
0
28
0
0
36
0
47895
0
0
0
0
0
0
0
0
585795106
0
0
28
588167619
40082581
0
0
0
0
0
15
21
0
32542278
0
15
1030057966
0
10
3459000523
1545759335
0
0
0
0
0
0
117251641
0
0
178557753
358121882
1092215604
21
0
0
0
160700539
0
0
0
0
0
2939495797
0
0
0
10
0
0
0
472336147
0
512681066
0
0
287172595
0
286860746
0
7603878
0
0
0
0
0
0
1789633588
2115009290
238310120
350846805
0
1118857860
783307990
1199005965
2047707378
321251199
1502241
0
0
0
0
0
699548310
0
0
680712753
0
0
715772049
0
0
0
0
1583221235
3
0
0
0
0
0
36
10
0
1697020115
13453384
0
0
10
0
1633582226
1136888337
3
2809412214
286310485
0
0
0
722186824
36
681737553
853237395
98694225
0
28
0
103098387
79075932
0
556411745
209561628
0
0
0
0
596972181
1
284259299
36
0
0
0
0
0
0
973618128
3
106762578
3
33320734
1214684157
987523461
0
2162410467
0
374380566
0
0
0
68299077
960293400
0
0
0
10
0
263549000
0
119344499
443230651
0
0
0
0
526172186
6
0
0
0
0
3202144460
369444153
2441299684
0
0
0
0
0
0
0
0
0
3249492259
21
1019870866
0
0
0
0
0
0
0
0
0
0
294715457
0
10864791
31090555
57111328
0
0
0
2616660590
0
0
0
0
364594506
0
1912109790
0
3098163684
0
0
0
0
0
28
0
0
3237308930
428524706
10
28
0
905685532
500221887
2106420323
31780789
416340077
0
0
516979244
3
0
0
756780060
548619281
0
0
319577121
0
0
0
26565
877150
0
0
21147756
0
0
0
0
0
0
0
0
0
191835078
0
0
0
219249263
0
0
137406753
922716361
0
0
0
2398700022
0
3656909505
0
0
3614521194
0
43585116
0
272594047
1266292734
36
0
0
0
0
0
2909523069
0
0
0
0
0
0
0
0
0
0
2292129721
974621065
0
2121096791
0
0
0
0
2923805
0
1696649810
0
187453203
0
0
0
2123667558
34783476
0
0
0
0
0
374355784
540070545
36
0
0
0
0
6
0
407365696
171323246
0
0
0
0
0
0
0
0
0
0
0
0
0
0
0
114076811
0
0
0
0
0
0
0
50407500
0
0
42260221
0
0
686543652
0
0
0
1
10
0
990516546
0
0
445041824
72254322
6
10
0
0
0
0
0
0
212779050
0
0
0
0
10
0
0
1691743323
0
0
1925875660
0
0
0
0
10
0
0
3
0
0
0
0
0
0
0
0
0
0
0
0
432488755
0
0
0
0
0
0
1003408003
127960003
0
0
0
0
0
19722340
0
15160771
0
0
29618056
0
15
0
0
0
0
0
228220930
0
0
0
82638863
0
0
0
0
0
0
779907765
0
0
3
1525760672
82180547
0
0
0
256930446
3455301498
0
0
170366214
28
0
0
45245765
0
1185186341
1010993061
405237594
2206792409
0
0
0
0
0
0
3014345949
0
1459486
0
0
1141218376
1213347691
36
0
0
0
967776407
0
0
0
715384225
130111839
3326648330
87933691
1021799868
0
0
0
124448976
0
0
66562680
0
0
0
0
0
0
0
28
0
272739690
0
329230630
0
0
0
1136502996
0
0
617960072
0
0
2994695077
0
0
0
1095424221
3
0
2049598333
815992867
0
73550256
1004748882
0
0
0
0
0
0
0
0
1040064442
0
0
28
0
0
0
123660839
0
6
0
0
1472112116
129999750
21594507
4194856
219398878
41282241
2638619846
0
15
0
0
28
0
0
0
3
0
1056196794
0
0
704044050
516152385
2154511368
0
0
177741081
3379223031
0
0
0
0
426465107
235633895
0
1905332128
0
0
1296378275
0
33223476
10
0
0
2185900403
0
0
0
0
994557700
0
10
0
42802674
0
30947784
0
10
0
1
28
793923366
26978185
0
0
0
6
0
0
0
15
0
142644495
424342539
0
0
0
0
0
36
0
0
0
0
0
0
0
0
63331885
0
0
0
0
0
0
6
1232735031
0
1241389878
0
0
0
0
0
134521003
0
0
15
0
0
0
2045632893
236629135
0
0
1230096
0
0
0
0
3
0
525910205
50114410
0
0
0
0
0
3
36
0
0
15
0
0
0
0
28
754979550
0
0
0
0
6
0
0
18255903
39006528
0
0
0
0
0
0
0
0
0
0
0
0
0
0
0
0
10
0
0
28
0
0
2630922477
0
0
0
8820188
0
0
0
0
0
0
0
3
0
2010163560
0
0
440080278
3091532837
1147803828
0
0
109335078
0
0
0
0
0
28
0
6
0
80310967
5095893
0
0
0
0
0
0
0
7628364
0
0
124492654
0
0
0
166376338
2635405583
0
706334905
178706141
0
0
0
28
0
0
0
0
0
365405061
0
0
0
0
0
101926
98706969
3399375992
0
0
1110640824
0
0
3
0
256228203
0
871200443
0
0
138386566
234069066
0
37499
1933561
0
704419345
1031510910
0
28
0
0
36342075
2309199579
790687261
0
28
385080183
0
0
417417171
0
6
0
0
0
0
0
0
0
0
0
0
0
0
136612185
73517394
0
0
0
142576941
143320933
519376922
2679345
0
249638340
6
0
0
0
0
0
0
28
2361327941
0
201439239
0
73162656
0
699024745
0
0
0
6
0
148651903
0
4878810
0
0
468838131
0
0
21
0
0
0
0
0
0
3620217695
0
0
28
0
0
15
0
0
0
0
10
0
0
0
10
0
0
291816561
0
0
0
1
0
0
141702975
147842742
10
0
977018910
0
0
396020424
28
0
10693409
0
10
1
0
0
537772410
0
0
0
0
0
0
0
28
3
0
0
0
36
0
218227386
0
737406737
0
0
0
0
0
0
0
0
3
0
0
0
10
0
0
3
0
0
0
0
1479325997
2550302246
0
10
0
5048253
0
0
0
15
0
0
0
0
0
0
0
0
0
0
884248431
0
10
0
0
17745903
0
182710
0
14034082
0
676862729
0
0
0
0
0
0
0
0
24797
36
0
0
10
0
0
0
0
218290065
3
0
1458334956
0
0
0
876433144
0
40486501
36
0
6
278154414
0
111444985
0
0
0
0
0
3
29649400
1
0
0
55878983
0
1295878506
0
840807528
1107787444
2025925716
342840205
3482811648
0
0
22039540
2101443932
0
0
0
0
19225895
475044076
0
0
0
28
36
0
0
36
3
0
667165656
0
0
0
0
0
0
0
0
0
0
10
552698128
1078817162
215769151
15
0
0
0
1334368569
540202015
0
0
217705411
0
123158665
0
0
236739109
0
0
0
3
0
303453930
0
0
0
129645253
126170300
1398594575
0
0
487422253
0
0
0
0
48545731
783512352
25841244
11149650
495259128
217697147
0
0
1370793973
0
6
0
0
0
0
0
0
0
0
0
178156473
0
0
0
514012547
0
0
0
28
0
28
0
0
876799739
15
51100995
0
0
50091821
320825335
0
0
15
0
0
0
1008476505
0
13527801
0
0
0
0
0
833401551
23636250
1
0
0
0
0
0
0
1116919216
866382751
0
157641
0
36
1203319153
0
0
0
280525141
32752371
0
0
0
0
3
0
1935854517
2570877809
0
0
0
0
1424577404
1026896032
0
545341825
0
0
296813671
889892578
0
938261483
0
82532135
0
1
0
0
0
0
795030212
0
0
292638528
0
818809278
0
1
0
0
28
0
0
0
0
0
0
0
0
36
0
3120290947
4299778
378015
0
1782079608
0
0
0
0
0
3598731996
0
0
0
0
57668430
10024003
0
7680813
15
0
0
614689453
0
0
300137445
0
0
385368315
11136840
0
0
607329835
180794620
0
0
0
6
0
0
151127805
1
36
0
0
0
0
0
0
0
0
0
0
0
0
0
0
0
15
0
0
0
695700951
0
25733650
28
108877146
201713655
0
0
0
0
0
0
1071349864
0
0
0
790806565
0
0
710125446
0
819780786
0
13248378
0
0
86851695
0
0
1160054028
0
0
0
0
751459528
820201856
0
0
0
0
0
1521038955
0
0
0
15
169308346
0
0
0
0
0
181461467
2967549157
314728739
0
28
0
0
0
0
0
0
241593171
3
0
2307560809
0
28
980478
0
0
6
0
0
0
0
0
0
0
621334126
0
0
0
0
0
0
0
0
0
0
0
0
0
191071926
187298335
0
1299761238
0
0
0
0
0
50863463
0
3
0
0
724795701
0
0
0
1123972578
0
0
108464356
227601780
428033856
28
28
7685160
199990000
0
0
0
21
1
0
0
0
0
0
0
6
0
0
2207817682
0
10
0
243663850
295501191
0
0
80328378
0
0
0
0
237718110
0
11094405
0
28
0
0
9988215
0
0
0
94760065
1411017954
1662850650
2588950
0
0
0
0
0
0
0
0
0
0
0
6
0
0
0
0
0
10
0
0
0
0
1974773631
36
0
0
0
0
2340464322
822698766
0
1340549204
0
0
0
384268503
0
0
513254544
0
0
490988116
1207541796
0
28
355264469
207132481
112921257
3455255969
0
0
2203484633
0
0
969034276
0
0
0
421082730
3
1333622955
0
0
0
0
292580713
0
0
0
369824806
0
0
0
0
0
1110217881
0
0
0
917097378
15
187356403
0
3341971322
21
0
0
0
0
0
0
56546295
3571900
0
0
0
0
1306747092
0
0
204757966
0
28
0
0
10
0
0
0
40849487
0
83172753
85516592
195756750
0
1117484472
470953395
0
0
0
0
168021946
783505905
40640886
0
0
0
0
0
0
1020277378
0
3273879835
0
0
50590223
555737863
0
0
0
0
0
0
0
0
600883111
0
3059612454
0
887995153
0
0
0
0
0
0
0
3
0
58444266
0
0
3554151068
0
0
16048945
0
6
4435731
0
0
1458646761
0
315509880
0
0
0
0
3
0
0
0
0
0
0
0
0
0
0
419528652
3445999101
1059403465
0
1101870
0
187147758
0
10786919
0
28
0
6
311475875
0
0
0
0
0
2895534893
0
0
0
0
28
2678010
0
0
0
0
0
0
0
6939675
0
0
0
0
367203504
153221265
65648611
0
0
0
0
0
3
0
0
119993286
0
0
0
0
0
0
0
36
0
0
0
0
106514310
0
0
0
0
0
0
0
0
0
279814996
0
0
0
0
0
0
1045135411
355684456
0
0
0
0
179826130
0
0
0
0
0
29573235
0
1223923083
0
0
0
0
0
0
199091035
0
0
0
0
34698615
0
0
0
0
0
0
0
36
0
0
0
0
0
0
0
28
10
251534216
0
49148655
0
0
0
0
0
0
0
0
0
0
10
69378310
0
0
0
0
0
0
0
93181726
0
0
0
0
0
60307653
0
218791
259061646
0
0
0
730250436
0
0
0
0
169326003
0
0
0
15
3
0
0
22656546
0
2551580628
0
0
0
0
0
0
0
0
0
0
0
0
0
0
0
0
0
964329486
0
0
6
0
0
0
0
0
0
0
0
0
0
1196754426
28
105916735
240368731
0
0
0
0
0
0
21697578
6
457758153
111133893
0
0
0
3219261859
0
0
0
0
10
1117581003
0
0
126890415
1773024621
0
0
0
1454938485
0
965295891
0
568805856
0
0
0
0
0
0
0
0
0
0
2588211762
0
34890481
15
671310422
0
1256124044
1126961550
0
0
0
0
1046956125
0
0
2787073975
0
396225325
3
336376953
0
0
0
0
0
715232931
0
0
1908081
28
0
0
0
3
0
0
621193128
0
0
229954735
0
1379513206
956076950
0
75079898
0
0
0
0
117948519
0
0
0
0
0
10
0
0
0
0
0
0
291771237
0
0
12507501
0
0
66642576
0
0
0
0
0
714088295
0
0
0
0
0
0
28
164633685
544858544
127944006
278067153
0
0
0
0
0
0
0
0
134242038
0
0
21
0
0
0
0
0
0
0
0
1152306480
0
0
0
0
0
0
0
0
36
0
0
0
18421821
0
60219825
0
0
0
285186903
1029396055
0
0
2361833
2278975445
0
0
0
0
28
0
1967307423
0
0
0
403447896
0
0
28
0
0
0
1159283476
0
0
0
6
0
0
584136017
557353966
0
442248670
0
6
0
0
0
15
925374384
0
0
0
0
0
52505628
0
0
0
223815344
0
0
6
0
0
68287141
0
0
1035557295
0
0
0
0
0
3
6
0
0
1248990
28
213097690
0
0
245809878
0
0
557796700
1520916888
0
0
0
15
0
0
0
0
0
0
0
15
0
0
0
0
980292781
39760903
0
191208790
0
0
0
0
0
36
0
16151086
431019480
0
0
0
0
0
0
0
0
0
6
28
28
0
173193966
0
15
460206319
4186171
970979715
2312904761
682004778
477574965
6
28
0
0
0
0
0
0
0
0
0
0
0
0
1509253328
0
516886248
1198271535
0
0
0
635628
0
0
0
0
0
21
0
34316470
28660640
942143169
147178350
11666865
277572141
13413610
0
0
0
0
0
0
0
0
0
0
0
1015935832
2985006074
0
603868128
0
15
36
0
811380186
182710
6
0
195733005
0
172561753
0
0
0
0
0
0
123174360
0
0
0
3
0
0
3
0
0
0
0
195080628
0
0
0
0
0
125542575
0
0
0
154062681
36
83392155
308557853
0
0
825540661
97126953
35158305
0
0
28014613
0
0
0
15
0
0
0
71610528
0
0
0
33060646
6
15
0
0
0
15
0
0
0
0
0
0
0
51100995
392798406
0
0
0
0
151167419
4794396
10
983838261
0
0
0
0
0
0
0
2454220
0
0
82041645
0
6
290197361
538494153
0
0
217914126
0
0
0
865215
0
0
0
3393334104
0
0
0
77097153
0
0
0
0
547424416
0
0
0
0
0
0
0
0
396788535
0
0
0
0
338013000
0
122357032
0
0
0
0
0
0
0
611827718
1286929346
0
0
0
0
0
259861192
0
0
0
1
0
0
0
0
15
347675265
1115980970
0
0
0
3673419829
0
28
2663295022
10
0
0
0
0
0
0
0
0
1929818951
0
0
0
2006203112
0
0
0
0
0
0
0
0
0
589139552
0
0
1936311
2344495141
0
0
0
3
0
0
0
0
0
967166994
2457601427
0
48537414
0
0
0
0
122109378
2087923391
0
0
0
2118703720
0
0
36
0
0
0
0
0
0
0
0
28
0
0
75025125
1693720
0
0
103198161
0
0
0
755613375
0
0
2760163962
0
0
0
95181750
0
0
0
93236340
0
0
0
0
581047005
146752616
0
0
3235404584
0
0
467449287
101841200
39905123
0
0
0
0
57068586
0
0
0
0
0
567019650
87562761
0
0
1047011680
0
10
0
0
10
0
0
0
0
0
0
3
0
0
0
0
0
0
28
0
0
160276590
0
0
0
0
0
415252971
0
69862110
247898511
0
15
0
0
28
801941176
0
0
0
36
0
0
0
146641767
0
3746425815
2286855496
198014950
0
3486571157
0
0
0
0
0
0
0
618794846
0
0
0
292590145
3
1111212325
3
0
0
119959140
0
56729870
5473332
0
0
0
6
0
0
0
870020343
53956
0
1
312445
0
0
1896859076
0
0
0
3229740834
0
0
35141536
0
613532935
0
0
0
2504805791
0
0
0
0
0
0
0
327692800
0
0
0
98824463
0
15111839
3
3615797619
0
275033331
0
0
0
34482360
82151010
0
0
0
0
0
0
0
411491101
0
0
0
0
3
2880835730
2816247247
374791131
0
0
81964806
10
0
0
0
0
0
0
0
29925
0
0
0
0
0
0
0
0
0
0
164158140
0
377533981
150896313
0
0
3461591806
629645841
0
0
0
0
0
641518290
0
1255320
0
0
0
0
0
0
0
0
0
38590219
0
0
36
0
0
0
0
124338565
0
0
6
0
0
78883080
77482576
10
0
51265335
0
0
15
0
0
93304630
0
28
0
6
0
0
0
0
0
253025706
0
0
0
79966981
0
0
0
2911020349
0
0
0
0
294285930
0
0
0
182288736
0
0
0
0
0
0
6
0
0
10
0
0
1548392622
0
6
0
1342435609
16196586
0
17525494
28
3089478
0
10
15
0
0
6
0
0
0
0
0
94620646
3
0
4604600
2475728059
0
0
0
643274646
0
0
349999653
36
0
6
186621540
0
28
889976955
0
0
0
0
156229326
0
1
0
0
0
0
1890072946
0
0
0
0
0
0
0
0
603763875
0
0
0
594314526
670274191
0
401393611
28
6
28
0
0
0
0
0
0
36
2764874377
41750821
0
713561497
0
0
0
313363095
0
0
0
2846013777
0
0
0
1182997761
3
0
3143093346
0
0
0
6
0
0
567284702
0
0
10
0
15
0
3
0
3214121543
0
0
0
86195805
0
0
0
0
140641606
0
284343510
1683793579
326746266
0
0
294804
0
0
10
6
0
3479774968
795394008
0
0
0
0
21
0
0
15
0
0
0
0
0
621151217
0
0
0
0
15
0
0
0
0
0
0
0
889555110
0
832055719
6
36
200986669
739907227
0
0
103040190
6
0
0
0
0
2606228867
619713615
0
22825146
0
0
3
0
0
0
837293619
0
0
0
0
0
0
0
0
0
0
0
9164330
1855092127
0
0
28
37403047
3
0
0
0
15
0
0
0
0
0
28
3332255679
0
0
0
0
0
0
0
0
657121878
0
0
0
0
10948775
0
0
839160
0
1100766660
0
0
103572028
0
0
0
6
0
0
0
358544031
372163
0
0
0
0
0
0
0
0
0
0
1782736395
91037826
0
0
0
0
0
0
0
0
0
0
0
0
0
10
21
0
0
0
0
0
115725291
0
0
0
0
0
16583
0
952988653
0
0
0
690399197
298766790
0
0
0
21
0
0
0
583642857
0
676182913
46717814
403379406
0
0
0
6
0
0
0
0
0
0
0
0
0
0
0
0
0
0
3
0
3633954
0
74340721
0
374955420
3725764234
393190903
0
0
140994028
573944140
0
0
6129585
1073396611
0
0
21
0
0
0
10
285139140
0
0
0
0
0
3564088059
0
39458286
0
0
564866466
1688788972
0
0
0
0
2372328732
0
0
28
550141035
0
0
28
66441628
0
811581616
0
0
36
0
3
0
0
0
0
0
53867010
0
50501285
3
0
0
429471708
0
0
190679871
0
0
5727420
0
0
1654235649
596394748
0
0
0
0
879270625
0
1449648906
0
3097891155
6
0
0
0
0
0
0
0
3
0
0
2357321684
399893340
1157310105
0
0
0
0
0
0
312542379
79235166
0
0
0
0
18225703
0
0
0
0
0
1507223901
778092076
0
0
2403528
0
0
0
472489170
3
0
0
0
0
0
0
2478651
0
0
0
0
1087528203
0
0
0
0
0
0
0
0
0
302149653
0
0
3448682020
0
0
0
0
36
3
0
152425241
0
604839680
0
0
692906151
64695797
0
730614386
0
0
0
3
0
0
0
288481685
0
580863728
0
10
0
3
0
0
0
0
0
0
4235505
10
0
0
1084808039
0
0
0
0
0
0
3
28589875
0
0
0
0
0
0
0
195396796
0
0
0
0
0
0
0
0
0
0
0
0
0
0
0
2071630
0
0
2726038754
0
621055
0
0
28
0
0
0
41478482
0
1057333105
1176731328
0
0
54054003
0
368574825
2131076597
28
184963761
111081900
132869451
0
0
479183403
0
0
0
0
0
143359996
0
0
0
55372026
15
0
0
0
0
0
0
0
0
0
0
0
0
0
0
0
207519378
251042393
0
0
0
0
28
0
0
19341090
0
0
0
83469660
0
15
0
0
1219858921
36
0
0
0
0
0
15
0
0
0
918939885
0
6
1215793819
7529140
0
0
0
0
0
28
0
0
0
342898809
0
579718275
0
3
0
586925191
0
1545745173
0
0
0
0
1527355859
0
0
0
0
0
0
0
0
0
72010
0
21
0
0
457455628
0
0
0
0
99299278
0
1006821190
0
0
0
0
0
0
3
15
281541370
0
0
3
0
997190811
0
2968972686
0
0
0
765715411
0
2329699227
118942176
0
0
0
0
0
6
0
0
0
819840
0
0
0
0
0
0
0
657665778
0
0
370230
0
0
1856323024
0
10
0
0
464166
0
0
0
15
0
938136380
0
0
0
0
0
0
0
0
0
0
216372003
0
0
0
0
0
28
0
0
1219141
251900235
0
0
38054497
231114250
6
0
0
0
0
0
0
6
0
0
0
0
0
0
0
3
0
0
0
0
46650889
0
3
3
0
105887628
2791523436
21
0
1105651800
6
0
0
0
0
270048977
0
0
6
10
0
0
444034900
233379192
0
6
0
0
0
10
0
637655616
0
0
0
0
0
0
0
0
261577812
0
0
0
0
0
992061696
2418602631
0
0
0
0
0
10
0
187840653
28
0
0
0
0
15
25379250
0
0
10
0
0
0
0
0
0
0
0
2466173878
3702476391
0
80752986
0
0
2363669122
0
0
0
0
0
4174605
1003843292
0
1861485
0
0
0
0
126651570
0
0
74691
0
107421153
0
3165746782
470984086
898810984
0
693576390
0
0
0
0
0
0
0
0
629114859
0
0
0
349153525
0
0
805108128
0
3
0
6
0
0
0
0
27073761
0
0
0
0
0
0
646470903
0
0
0
0
0
0
0
0
0
1296907496
0
10
7661655
27189449
0
0
49208160
0
10
0
125841180
54776118
0
0
0
534596399
0
1
0
0
0
0
465323271
0
0
0
0
708968340
1047246796
0
31737513
0
0
0
1228518096
0
3
23873112
868090278
3210882875
2880528928
0
0
36
1107188112
151017111
0
0
0
0
303031
0
0
0
0
0
0
0
0
0
0
0
0
0
0
0
0
0
0
3
0
0
0
1173743299
0
3
196287391
0
44387869
0
0
686926093
0
0
0
0
1390908249
0
0
0
1562981185
312990780
0
0
290079741
0
15
0
0
0
0
0
0
0
0
0
136595656
0
0
1126315434
0
0
0
0
1766980495
0
0
659916285
867465378
0
0
0
0
6
0
1202583403
0
0
0
0
0
3
0
383431828
0
6
0
10
930474244
6194460
0
0
28
0
1214973865
1876286813
1186570
0
0
0
0
0
0
0
0
1288246460
0
0
0
0
0
0
0
0
0
0
0
0
0
0
0
0
117222820
0
0
0
0
0
55411785
0
0
0
3081869828
0
0
0
0
955478755
0
0
10
2291123573
0
0
0
399751950
238481880
0
0
3569159385
0
0
0
0
0
0
134386829
3008270
0
0
296059611
17561701
0
0
0
0
0
0
0
73392670
0
0
0
0
0
15
3021837229
0
0
0
1864918670
0
0
0
0
386443319
0
0
0
0
0
1465671755
0
0
0
808482366
0
0
76873800
560521661
0
0
0
28
0
0
0
6
7112106
1
0
0
0
0
0
0
0
0
0
0
0
28
1036513215
0
281805670
15
878831850
0
0
15
0
0
0
10
0
0
0
6
0
0
81847903
1060370326
0
0
0
0
236563876
2824319605
0
270571953
0
0
3
0
0
1006366816
0
0
0
0
0
28
0
0
0
0
0
0
0
0
0
3
10
0
0
97621412
0
0
0
0
0
0
390307830
0
0
0
0
0
3742179045
0
0
0
0
0
7978015
1724543366
0
0
0
10
0
121266951
1095096600
203222880
669688503
0
1422050734
0
1870960
568805856
0
0
2224610741
0
1856780535
0
0
0
0
0
6
0
921213426
366765024
2076397151
0
0
40183000
148905911
0
28
1775467976
36
0
0
0
0
0
0
0
0
0
0
0
0
0
0
0
16293486
0
0
549875703
0
451210159
0
0
0
0
0
0
0
3652542
0
0
0
0
0
0
218331856
0
0
669958364
0
0
0
0
149567160
0
1151784010
0
0
0
0
0
0
0
0
0
0
527277622
2089901364
0
0
0
0
10
0
1150754694
0
0
0
0
40793028
237718110
0
32044015
3
2379465
0
2228594742
0
0
0
0
6
8616500
0
0
28
0
0
73441140
123457041
2009175285
0
39912645
0
27240543
0
0
0
0
0
0
10
63658686
0
0
0
0
0
0
0
3
0
0
3
1983819833
0
0
0
186021290
83695795
0
0
120598215
0
0
0
3
0
0
109838431
0
0
0
0
0
0
0
0
589875378
0
3071909143
0
0
0
0
588064162
225239700
708939
70205325
0
0
28
0
0
21
0
0
0
0
0
0
0
0
0
0
0
0
36
0
15
0
1221237822
3
0
0
0
0
0
0
1061752321
0
0
0
0
0
247342161
0
0
15
281092131
1439563019
0
0
0
6193440
830116
0
0
0
0
0
0
28
0
0
0
0
0
0
74291955
0
466819290
0
0
0
0
0
0
0
150173115
0
0
0
0
0
0
0
36
0
0
0
0
0
6
143248631
0
0
1129479156
0
0
0
0
0
0
0
0
0
1959095157
0
1806290730
0
0
0
887995153
3
0
831279925
0
0
6
0
5670028
27517071
0
0
0
0
0
0
0
0
313738725
0
0
0
21
958059651
0
79184820
38425761
0
0
0
0
7819035
317079153
683371965
0
424581
36
0
0
0
0
0
0
0
0
0
37745016
0
212623131
0
85628241
220678536
0
0
1302435
120846831
0
0
0
16207971
0
0
0
689411278
1250893135
0
234718611
0
0
0
597317766
133048828
46923828
0
0
0
28294003
0
0
0
0
0
0
0
171536806
1564692515
0
0
0
61642563
197863842
0
3
10
69117885
0
56361480
0
0
0
0
0
0
0
0
758888257
3696318218
0
89492131
0
0
0
0
0
0
0
3
40790568
0
0
0
0
0
0
717996565
1569314519
0
0
0
3537571573
1
979363153
0
6
0
0
0
550188460
0
0
0
0
0
0
0
0
0
0
0
0
0
0
0
0
0
0
10
0
0
751420761
0
3
0
1490999221
229729226
111090247
0
0
0
0
0
0
0
0
313287996
307160505
0
0
0
719593774
0
0
758459886
0
0
0
0
0
0
0
0
129066211
0
0
0
0
0
0
0
0
6
0
100905076
2597221654
672728361
0
0
0
10
0
0
0
0
0
0
0
1209368196
36
31748496
0
31462278
6
8578395
10
711757585
0
0
0
0
0
0
695439865
0
0
0
1190793201
0
0
0
0
0
0
0
0
593246235
0
3121387734
0
6
0
0
0
0
0
0
0
0
1798970417
0
0
0
618828
251137666
5542785
0
0
10
0
1090381494
0
0
0
0
0
0
209131926
28
0
55846596
0
6
29996385
0
0
0
0
0
0
0
0
0
3
569413131
0
0
0
2461635128
172487451
0
400974982
15
0
692739435
0
10
0
0
144679113
333271653
227281860
0
778836861
366785070
86573061
0
0
1706628
7626
3
0
0
623312085
0
869007205
0
64258116
241000856
0
0
0
188985961
0
0
0
0
0
0
15055205
0
0
0
0
0
345260400
0
0
0
0
2538467514
159713128
0
1
112582515
0
3089308534
0
3105166550
0
0
0
28
0
10
0
0
0
209243598
0
0
0
34060044
10
0
0
0
0
0
0
0
0
0
0
0
0
0
0
66416369
0
3006192720
36
0
0
0
0
0
0
0
35885865
0
0
0
0
4560097
36
140423661
0
0
0
63202277
0
7486515
0
0
0
0
1255336828
0
0
3822459
0
112402521
0
1228914676
0
0
0
0
0
0
0
0
0
0
0
0
0
563354961
0
26796
524896200
0
1700583
0
0
725290741
0
0
1844908142
0
477175093
0
89228407
310514464
0
0
0
22149595
15
0
0
0
1428864142
798500703
0
1308370940
0
673353253
0
0
1192941435
0
0
0
858574641
36
0
0
0
0
0
0
0
0
544400871
557643999
0
0
483869136
0
3
0
0
0
36
0
0
0
0
0
1
0
0
0
1071451486
590975010
0
0
2187186
0
2759638841
2739819
6747301
639406680
0
1728810448
0
0
3
0
1027880470
32720005
0
3
0
36
0
10
18045028
0
0
1842070008
28
0
0
582889296
0
0
0
712097191
0
455401110
0
0
0
1843191010
0
0
0
0
0
0
0
0
0
0
36
0
0
0
1189232065
0
0
15
0
60780825
0
474458610
0
0
14137903
0
0
495416503
801380595
0
0
473873505
0
0
0
0
0
3
0
852039840
0
1179303895
0
6
0
0
3688974813
0
0
0
0
0
10
0
0
0
0
191032831
36255618
0
1378715979
0
0
2294916053
1075495819
0
0
0
0
0
0
0
1887304931
0
0
0
473525943
448216989
10
0
0
920785380
63737695
0
0
0
8170903
36
0
1846233760
0
142492521
0
1
1241240400
0
0
240385701
0
0
673380
0
0
0
0
0
10
0
188461405
0
0
0
0
0
6
0
0
0
0
0
0
0
0
0
0
0
1
162451653
1634770361
0
0
0
21
21
0
0
0
645213003
0
1533840740
9014580
2933478572
0
1
0
394819050
2325275756
0
0
5486328
7432440
0
2828088144
0
856793710
0
4537578
53675
0
0
2406453182
0
148288708
715869
354011
270809277
0
0
0
1043354040
3
0
0
2377871147
357527170
0
61577253
0
0
0
795691
243685926
119791981
519402565
0
638754959
169511286
125437238
513809596
0
36
0
0
28
0
1690265643
0
0
0
0
0
0
0
0
0
1214875278
0
0
0
273709878
0
0
0
0
0
0
10
0
0
94235856
0
447765894
0
573571515
0
0
6
0
0
28
896485996
3
0
0
0
146898783
0
0
0
10
0
0
176729400
0
0
0
0
0
0
37083662
0
0
22737396
1255992
36
0
0
0
0
0
0
4994380
0
0
28
0
0
0
0
3
28
0
0
201171711
0
0
0
3
285630056
36
0
0
1409760619
0
0
0
0
0
0
0
0
0
269745
0
0
0
0
0
0
0
0
0
36
551568291
0
155100078
486142971
0
0
0
0
0
0
0
2353606352
0
0
0
15
15
0
240115959
0
0
10
10
0
0
37971255
0
0
0
0
0
28
0
0
0
59377753
0
0
0
0
0
872805090
0
0
0
1
0
0
350652699
0
0
0
0
83156437
0
0
0
0
737721666
557729901
163006403
0
151179966
0
3
0
0
0
131471220
0
982596615
0
1487540207
15
0
104726628
0
0
0
0
0
0
0
0
0
0
0
1208869035
0
936038278
129702412
0
0
0
0
0
219379112
0
6
20332195
142945056
54387235
15
36
0
0
0
36
3
0
0
2291006328
0
83611846
0
802521714
381280305
0
0
0
0
10
0
0
0
428287686
0
0
0
0
0
0
337821651
0
734651946
0
0
0
0
0
162786414
0
286454080
6
0
15
690377061
0
0
991877639
0
0
109426015
0
0
0
28
2676558689
3373529532
40225280
21278026
0
0
0
0
245881614
3
0
647946001
28
0
269340445
0
173815755
0
0
0
2324770615
2973997094
0
0
3462987429
0
0
0
0
0
1890072946
0
0
13048386
0
100770306
84013203
36
0
0
3
0
15
0
695253405
0
0
0
0
0
36
0
0
28
0
0
0
0
2672872177
3
0
0
0
107597115
6
0
0
0
0
0
0
1
413647139
0
59105628
2909567079
0
0
32582628
28
0
671986779
0
3211299404
0
935712262
0
0
0
0
147361528
2060623803
93728586
2422231140
0
0
0
0
0
0
0
0
0
0
0
0
525965961
0
16604681
15
0
0
0
0
0
765778593
0
167033503
0
0
3023762835
62961031
0
15
0
6
830016396
1628108580
120086253
0
0
75245778
406852075
3
0
423183447
0
0
3
28
38008825
0
0
0
0
1
0
0
470002470
0
691083253
0
0
0
21
0
0
0
0
0
0
0
145617332
1185889299
33125730
0
0
11023860
0
0
69025375
2333243267
0
189590700
0
0
28231164
0
0
0
0
21
0
0
228327765
0
0
121905
0
0
1872044681
10
0
265708878
0
0
0
0
3
0
0
0
670677000
0
2160320442
0
0
0
0
0
0
0
0
0
0
0
0
132593814
0
0
0
0
271223695
3
0
28
0
173082315
514098145
15
36
0
0
0
295928141
1
0
0
0
0
0
489181631
0
912349686
0
0
0
749471185
28
0
0
0
225834378
0
1915464245
21797760
6
9393945
0
1853826552
0
28
0
0
0
309206598
0
906890166
0
15
115527600
0
1
15
0
0
0
40852477
0
0
10
0
0
0
0
0
0
11836545
0
635015703
0
455733145
0
15
3
0
0
0
0
0
0
0
0
803423655
0
0
0
77470128
28
0
0
0
0
0
0
0
2457803824
3592540
0
15
0
0
0
0
0
0
0
28
0
0
0
0
0
15
911025955
3
0
0
15
0
0
0
0
424992435
923066944
0
746679726
889053650
3
0
14963185
0
696857778
0
0
0
0
10
0
0
1015649161
3
0
0
15
0
0
732248502
0
0
643741021
0
0
0
0
0
84101346
0
110540376
0
0
342840205
3
0
1710534059
1248125703
3184932947
0
0
0
0
304953990
0
0
0
0
10
0
1093926925
0
0
24753
0
0
167818425
102925378
146761278
242640362
191345703
0
23471526
1514522892
0
10
0
0
0
0
0
0
0
0
795115883
0
672619503
0
0
0
152347240
0
0
2785487609
0
0
0
0
0
1774972
0
3352755
407993895
86166191
187606900
179750280
0
0
0
0
0
0
0
6
0
0
0
780223753
28
2029105
0
721943001
210689128
0
0
0
0
492781621
0
0
1
668900047
0
3130838414
2247327516
36
0
24804360
10
0
0
0
0
1695904232
0
0
0
52372495
0
0
0
0
144394045
1694226197
0
0
0
3
479740800
0
0
0
2662207190
0
0
574643697
28
0
0
0
0
1478735571
0
301167153
0
515620
0
0
0
0
0
0
1182268251
0
0
0
0
0
6
199270666
993844236
0
0
0
0
3
0
0
0
0
122718210
0
0
0
0
0
6
0
0
0
1280170834
0
10
0
0
0
40396566
0
0
749948356
271083970
15
0
0
3
0
0
2538811064
0
0
0
28
0
6
0
379429647
313813878
28
0
0
1195482753
0
20342631
1519675365
0
0
0
0
151249528
1200299384
0
1517702601
0
359830551
0
11624552
0
0
0
0
0
0
0
0
1184987389
28
82298035
0
0
182242686
0
0
1570349706
470226819
0
28
179295516
0
3019678599
225197710
223830316
1106145
0
31232656
1125876363
19690395
0
0
0
0
0
0
0
21
0
28
0
36
196075899
0
997771456
1120021167
0
0
0
0
0
0
15
0
0
1473873056
2031783202
0
3
190349316
0
0
0
15
843304772
0
0
28
0
0
0
0
0
68755401
0
126300510
0
0
0
65031310
0
0
0
3
0
0
0
0
113213628
1783216
2481256232
689605662
2237670
0
0
0
0
281259903
0
0
24523350
0
0
0
139630654
0
0
0
0
0
0
0
3
0
0
1163360923
15
0
0
0
491238840
0
2975338291
0
0
0
10
4846941
546269927
0
0
0
0
0
0
522618143
0
129018016
0
0
0
0
0
76715
0
0
1166082778
314028
0
0
0
13361865
0
36
0
1
1543512968
0
0
2617442982
0
6
3
0
0
0
0
262674660
0
0
0
1483102869
0
10
0
0
0
151249528
756818965
336143556
73380555
0
0
0
47428930
28
0
0
15
0
69077835
0
0
0
10
0
0
0
408708345
0
0
0
15
0
0
0
0
0
3558679471
0
0
189601945
0
82350193
137638936
0
0
0
0
0
10
343102110
0
0
648954351
4270503
36
0
210258271
0
0
0
0
76737466
28
350376270
0
0
0
126349356
3
0
0
0
47182080
0
0
0
0
0
0
0
0
2593905698
0
0
0
0
611704394
6
0
0
0
0
277784235
36
1044633486
341088021
0
0
3630165
0
0
57061535
0
6
0
0
0
0
1466791719
0
10
21
0
0
11206638
0
0
0
9182755
72123219
0
0
0
0
326997304
0
0
104561259
0
0
0
0
0
0
0
0
0
0
0
0
0
2648709297
28
0
0
0
0
1062489753
0
0
0
0
3
28
0
0
0
0
3
3796390
0
279436620
21
10
155778157
0
3241073117
0
0
0
0
0
161870988
0
0
0
0
0
3
0
2293011
0
0
0
0
0
0
0
0
0
26539255
0
0
0
825175000
34723611
368517393
0
3
3707247489
631919025
0
0
0
0
0
0
0
0
0
0
0
0
0
0
0
0
0
0
28
0
0
0
0
0
0
669395755
0
0
0
159534453
647370153
639120628
0
0
0
962044570
0
0
689596953
0
78945895
0
0
0
0
0
0
3
0
0
0
6
201854278
0
0
0
0
0
0
15
0
345411186
30509766
0
0
844180565
0
0
9210600
0
0
4062675
0
0
24536736
0
0
69006
0
0
10
5717271
227106
9664606
0
0
0
0
1221489451
0
0
103284378
0
3
0
0
0
0
0
0
0
0
567255403
33812622
0
169191046
28
544210514
0
0
0
0
0
0
577269231
1238302495
0
132977430
28
0
0
0
0
0
0
0
0
0
0
3574673601
574689753
0
0
0
0
0
0
0
0
0
0
0
1091776356
0
0
0
0
0
28
30674028
54411169
0
0
28
0
0
0
0
0
0
0
2201798372
0
0
0
0
0
0
0
0
0
0
0
1
0
0
0
0
0
1135475685
0
0
38019303
0
0
0
0
0
0
0
0
0
2825604
0
0
0
0
0
0
84454506
0
0
0
141380520
0
0
15
66801720
0
2263293356
0
0
0
0
0
0
0
23220
0
0
0
6
0
639644060
6
28
0
0
0
1190703147
0
0
461487390
0
0
0
453087559
0
0
0
0
0
0
0
28
562482570
0
0
0
0
0
10
0
3634429374
285210786
0
0
28
0
0
6
0
1174135006
527952796
0
0
0
0
0
28
0
28
0
0
0
0
0
0
0
975973089
1941996
15
493742884
0
313463241
202694330
398803629
13559028
175060116
0
1941457490
583230781
0
28
0
6
0
0
15
0
0
0
0
0
28
0
186834115
0
1227180111
0
0
0
384726073
0
0
0
0
0
15
0
0
247742325
263730061
0
90190650
0
906127885
25952410
0
0
28
117481456
0
82491799
0
0
1194944941
1027497945
0
0
0
0
0
0
71228080
0
81478995
0
0
0
34236624
257792571
1191720610
0
50015001
874503
3
0
0
0
0
3
0
0
316047511
624556186
28
0
3192909332
0
0
0
0
113026449
2539131
0
0
0
1201210605
1689997064
0
408333535
423099505
102652956
0
3
136760991
134614105
0
2559365102
2921338495
3641718120
0
0
6
0
0
45896238
0
1222352760
0
0
0
0
689725
1047326066
0
0
0
0
0
0
0
0
0
0
0
0
467875061
270111046
0
0
875667099
12753000
0
0
21
0
0
119358975
1
1371822303
36
0
122562996
0
0
122704335
0
0
758337040
0
0
0
0
0
3074575384
2512835843
0
0
0
91862235
229308803
8999403
0
0
0
547093581
0
0
587473503
3
0
3
0
0
0
60417528
0
0
0
0
0
15
0
0
897827349
0
0
0
0
444128787
2335854381
0
0
1214997114
0
0
0
0
0
0
0
0
0
0
0
0
19615716
2980190366
0
198971326
0
10
0
0
0
0
15
217580230
0
0
0
0
0
0
6
0
0
0
0
0
0
1681348705
0
0
0
0
0
3
0
0
0
0
1023034761
0
0
0
0
533256153
0
0
0
0
0
0
0
1894939424
0
0
10
0
15
55688181
0
2552075589
762119361
0
0
38522253
362506853
1210935078
0
0
0
288114726
23163735
246186955
1152648091
10
0
535937430
15
0
166704670
157895335
0
36
0
0
1100719740
0
1807679373
0
0
0
0
0
0
0
355070304
0
0
0
1402198179
390918126
0
3
0
0
0
0
0
0
414160800
0
537507720
3
0
0
0
0
0
0
10
0
0
1
1862659837
0
0
0
0
0
0
0
0
0
36
1057464429
0
362383581
0
0
0
0
28
0
934524528
496940997
0
0
0
0
0
0
0
0
0
6337260
0
0
0
0
0
900557070
0
0
0
6102271
0
0
0
0
6
0
28
433610282
0
0
0
0
2498245292
15
3
0
0
0
0
0
10
0
0
0
0
991037460
3
0
0
0
756280158
0
0
6
0
0
0
15
404886196
0
235130455
0
0
0
0
535880932
0
285354105
0
0
0
0
22798128
0
0
0
0
0
0
0
0
0
57057903
0
97113016
0
1
7367041
0
0
0
0
981444360
0
0
0
0
0
0
0
0
0
0
737760078
28
0
15
10
0
36
0
1
4258821
0
1119177267
3
0
36
331775920
0
23191455
0
0
21
0
0
0
15
0
499401780
0
6
0
0
0
1230600855
407376195
10
212664376
46933516
534520875
452097353
0
150815028
1197757702
0
0
2428222394
10
0
0
0
0
0
457395135
0
0
2455213733
10
0
332852
0
0
2782635358
873975336
0
0
0
6
0
415397076
0
0
0
0
0
0
17997000
0
2597441559
0
0
0
0
171597075
0
10
0
0
9016381
80575165
0
0
0
1178138611
208311551
0
0
81849615
0
0
0
0
431695036
0
0
0
7838820
1
20953101
0
0
0
10
499959631
0
61045725
0
0
0
0
3
15
0
10
10
0
40401059
0
0
0
978346450
0
893651226
0
0
1113145863
0
0
0
0
853361328
0
0
88192827
0
0
436113811
0
12910821
883608826
0
0
0
0
0
1839057605
308875020
0
0
776329698
0
0
0
0
758879395
0
0
0
3
10
2522942097
0
0
0
0
0
0
0
490048471
0
0
0
0
15
0
0
0
23108683
0
0
0
0
0
9856839
0
0
0
0
0
37406925
893369250
0
0
0
0
0
0
1285055367
3
0
0
0
0
0
0
0
0
0
0
8002000
0
0
0
240978081
0
0
720850089
0
0
0
0
829934911
0
56865780
980979324
0
0
0
0
0
0
53856631
0
0
209749469
0
3
0
0
0
0
0
0
0
0
1996057807
0
0
179738784
0
0
0
1
0
735963722
0
0
6
0
248397931
3201681788
0
0
0
0
0
0
0
576318225
0
71958006
0
0
1439872809
1856881241
0
25614903
0
0
0
0
0
0
0
0
0
0
0
1687395
0
22643085
0
0
0
0
0
154376320
0
0
0
0
0
381659039
319754116
79282453
0
0
28
0
0
382966650
0
0
36
1256386026
79061066
0
1
0
0
0
0
28
585320718
68575995
396164652
6
0
2503471810
36
7755891
0
0
621842238
0
93619086
0
2322417301
0
28
0
0
99430920
0
0
0
0
0
468011715
0
0
0
1212953631
10
0
0
0
0
0
14669236
70466256
0
0
52464646
1819338
0
0
0
875983296
0
2822887845
702881271
0
2344376538
0
0
6
405911278
0
0
0
15
2098233473
0
0
0
489831489
18589753
0
0
0
0
0
28
0
0
3584785900
364231
0
0
0
0
0
0
0
0
0
0
0
0
0
0
0
1247426326
0
0
2457381788
6
0
15
572319028
0
0
11642725
0
191090315
763642740
0
0
0
0
974893159
28
0
0
0
0
0
0
0
6
1326232637
0
0
0
41694591
0
0
0
826556811
6
0
0
2696830533
0
0
0
0
0
43279500
1033709532
0
0
255594745
0
0
0
36
0
0
36
0
15
0
136480861
673389951
949700511
0
18625297
0
3
0
105068789
0
0
1183338276
1324219257
0
0
0
0
15
0
0
0
0
28
0
0
0
0
431606890
0
0
0
0
725831174
0
26051031
0
0
10
198233916
0
0
15
0
514354701
0
238297518
0
0
0
3
0
165301653
0
0
0
0
0
0
0
1
3
1675795277
0
15
0
6
0
0
0
0
28
0
0
0
0
196005321
0
0
0
0
732009453
1
3
0
0
0
0
0
28
0
73938880
0
814806538
0
0
0
0
178876017
28085556
826353531
0
896570685
0
0
0
0
28
0
28
1344228908
28
0
3
0
0
0
0
23519511
156258900
0
0
2778758576
865378721
0
0
0
0
0
0
0
0
2762223489
0
0
0
3
0
664999
0
0
0
0
237412568
0
0
0
0
0
0
0
302793712
126444753
0
0
0
0
0
3
598874136
0
0
2879696394
0
0
0
1082776380
0
0
968770153
0
0
0
0
180509500
0
0
0
156554085
0
0
0
0
28
0
0
0
28
0
0
0
256386690
86625703
11457237
0
0
0
124228203
366866328
0
0
3174987489
0
0
0
0
28
0
465528959
6
3
0
0
227725932
0
0
0
3
0
0
0
0
0
0
0
0
0
0
0
250891200
605885455
0
28
0
0
0
346726611
0
0
0
0
83864611
10
6
774506403
459891088
0
0
142914871
1075250751
0
0
0
0
0
1245978240
0
0
0
0
976100574
0
0
0
0
0
0
157380411
6
0
0
0
430792433
0
0
0
2997693068
0
0
0
0
34947258
3
9476481
0
0
0
1052005515
0
6
0
1017974881
0
0
0
0
102982776
52259976
0
0
6
0
0
0
0
0
606567871
10
0
0
566682945
0
0
0
7560216
0
0
3715753485
0
3
0
0
0
0
0
0
0
446810671
435090300
0
10
0
0
0
0
12849490
0
0
0
184867606
0
10
0
0
0
0
0
0
0
0
0
0
0
0
0
0
0
6
1053290253
3046934449
0
324638673
1685233695
0
0
0
454194730
0
0
507099781
0
0
0
15
439753996
0
0
0
0
15
0
10
241307496
525479562
1144749909
5619042
1067427910
0
0
0
0
0
0
15
0
0
36
2331239652
0
0
0
121937536
0
0
36
0
928831344
0
1028152531
15459580
819783296
0
0
0
283755753
0
0
0
0
23035078
1
0
0
10
0
0
10
0
0
0
0
0
405845870
0
0
1
771168341
0
0
10
895343086
0
0
0
0
0
2906133080
269668395
0
0
0
0
1978041682
0
0
619503776
0
0
28
3
0
6
0
0
650793003
17809286
6
0
0
0
0
108342989
3596675079
70071870
0
0
0
0
0
0
0
0
0
0
2998810878
707516615
2703534239
0
0
0
0
79840566
0
0
0
0
2046605277
0
0
0
1142682915
1296201881
2841911528
0
0
0
0
0
0
795691
0
0
71407225
0
0
0
0
278045529
1
0
0
10
1
0
0
0
0
0
0
0
0
0
0
54074800
0
0
0
0
0
0
0
0
0
686712732
0
0
10
0
0
0
1824798387
6
0
0
0
0
0
207437896
0
0
33247935
239836157
0
0
36
3602994617
0
28
28629181
0
0
6
281141328
15
0
0
0
10
102452455
0
0
32720005
36
0
0
0
0
0
0
3173940
0
0
0
0
0
6
3091759920
0
508345901
287040699
1847958497
1935202625
0
32906328
788983820
0
0
0
163433703
0
28
62189128
0
0
0
2639253
0
0
492491979
0
49141
0
28
0
1112763900
0
0
0
0
0
0
0
0
0
0
1194285
727968906
0
0
0
0
0
0
0
2174349009
0
0
36
0
50682357
0
0
0
0
0
181841985
0
48585153
0
154519410
3
0
0
0
0
0
0
1195482753
0
0
849482371
0
3
57668430
0
238001653
0
6
0
0
0
489798051
185021466
0
0
0
0
0
32453596
21
0
3
0
0
2402618386
0
0
0
0
0
0
0
0
21
0
1101376711
0
0
508603637
192035137
0
0
0
501288616
28
0
0
0
0
0
0
0
28
0
0
489891951
0
0
0
219273211
0
0
1671113239
0
0
0
15
0
0
0
100040319
48372532
6
0
1411723669
10
0
0
0
85458201
0
0
1156160219
0
0
0
0
0
0
0
0
0
0
0
0
0
385933653
0
0
0
3648668882
0
429554043
0
0
0
0
0
0
0
0
3
616623557
27997857
0
0
4658878
0
0
0
401847075
0
0
6
0
267070101
0
0
325112250
0
0
12685708
0
0
28
2506168315
170256246
0
6
0
0
0
1298052984
0
0
0
0
3566476986
0
0
1127578816
0
53328628
0
0
0
78444075
28
35032635
0
0
249105296
0
0
1199679732
0
28
10
0
0
28
0
0
0
0
0
752041153
0
0
1171674444
798980325
226855650
0
0
0
53029551
341506045
2760078208
0
1947223315
0
0
7516305
0
0
0
0
0
0
749909628
944711778
0
6109260
1522668758
1093459230
199430406
612453957
0
111803581
2127733241
0
0
0
1200377503
28
10
0
89198046
3
28
271625460
9337681
215670124
0
0
137025735
28
0
0
0
10863422
435431336
1039388663
2279452523
0
0
10
929826948
0
41236821
541089856
36
0
85879716
0
0
722890301
0
0
39903711
0
0
0
0
24186297
0
1445268720
28
0
0
0
0
35083620
0
0
0
0
0
0
0
0
0
0
0
0
0
0
0
0
0
0
0
0
302125071
0
6
0
0
0
0
227921925
0
0
0
0
0
0
0
0
0
0
0
0
0
0
0
210319795
0
0
0
0
0
120295
2662284136
0
0
0
782833096
0
0
0
3396235979
29235458
0
3257222660
6103195
0
3
28
15
0
1108004275
0
64834679
0
0
0
0
0
3489802028
1053227064
0
10
0
960205753
2117989734
0
0
0
0
0
0
0
0
0
0
268528725
557817536
0
0
0
0
0
0
0
1070988621
523050996
1759129500
0
875132448
0
477791328
3
0
0
505771872
0
144270591
0
0
0
0
95821246
3278693778
0
797342211
0
275807841
610858090
0
0
0
0
0
0
0
0
0
0
0
0
0
0
0
0
0
3
0
65786229
6
0
773090181
27881778
10
12718446
2356806515
1016982450
0
308489173
0
0
0
0
137640646
0
6
0
0
28
0
525058215
0
0
662348540
260707195
257709834
724975962
0
0
0
162009000
0
0
0
0
0
0
0
0
0
0
466075447
0
36
808436810
0
6
843228711
0
0
0
0
0
0
0
0
0
2994292954
0
2750092564
0
471839386
937899705
1184174627
343940878
0
0
0
0
0
23957761
902274158
1988695920
0
0
15
0
0
0
0
792751951
1097531526
0
348678028
0
0
0
2350151711
0
0
0
0
0
0
0
0
0
0
0
0
0
485114526
0
0
0
0
0
735150340
0
0
965263683
0
0
36
0
0
0
0
3
841915095
0
0
0
0
0
0
1
0
861180739
0
109749520
0
2700125993
0
0
61199181
0
0
0
0
0
0
0
25187253
0
0
0
0
0
0
0
0
0
0
0
0
0
0
0
0
21
0
3
0
161757091
0
0
0
0
0
0
28
0
582445515
0
0
0
360286746
2588502517
0
0
0
448007211
0
0
0
0
0
0
0
1033473935
0
0
0
0
6
0
380877869
0
0
1139004856
0
0
0
0
0
0
0
2757710018
0
0
0
0
0
315396432
0
1935382162
0
0
0
306013146
0
0
0
932061900
0
0
0
1657528183
0
995539131
0
0
94830
0
1017478605
0
0
0
0
0
1
20259795
0
0
0
862557345
103463590
0
1
1613706
0
0
520586940
60925290
0
0
2711381631
0
10397530
0
0
6
538113699
0
0
0
0
0
109002949
0
0
0
0
0
276795156
0
0
0
0
0
0
0
0
74845155
0
750413170
0
0
0
704794740
0
0
0
0
0
36
270097628
0
0
0
0
2360772347
311538241
199390465
106429615
0
0
928137070
0
0
107128203
10
0
0
0
528568812
0
215852253
1419220215
0
0
374982805
28
0
3698949624
0
0
0
0
15
36444453
3609025340
0
527588886
6473901
0
0
0
0
0
848671124
0
555352962
0
3736636875
0
344714355
0
0
47628810
0
0
28
36
0
15
0
0
0
0
0
0
0
104639811
0
0
0
0
345621486
2505382397
28
0
28
0
0
0
0
3
0
811903956
0
0
0
228764990
0
0
0
0
446162127
365215851
0
4426800
0
0
0
0
0
0
144729591
0
808692473
3
0
0
0
3103986892
409051503
0
0
1067158590
0
0
0
44741070
0
0
6
0
2344695
0
3532037607
0
84597528
0
0
0
0
0
0
1610432025
0
0
0
0
6
0
0
0
0
0
0
0
0
0
0
0
0
9880353
0
0
0
0
0
0
0
0
0
0
0
0
632167903
3603743
0
0
0
0
0
28
0
45701580
0
312512500
146162253
0
0
0
0
0
0
864926436
669723643
0
0
37562778
3
461784253
644135778
130823400
0
2055096107
0
332395008
0
0
0
0
0
3
15
0
0
0
1984329003
0
0
0
0
0
0
0
0
9534246
0
15
0
0
0
0
0
0
0
0
0
0
0
0
0
1
3
761260690
0
0
0
0
54878526
0
0
281307340
0
0
0
0
0
15
0
0
28
0
4186171
0
0
94696690
0
1
2416327571
0
5633046
0
0
0
3014973599
36
0
218907207
1
0
0
0
373771227
0
0
0
1834716941
0
2503621259
0
0
478549497
0
0
0
0
10
234518677
0
0
0
1936393410
0
3712568788
0
341207554
0
0
70229026
91654320
614476275
0
0
10
1556730
3
1897819374
0
0
0
322948405
0
2785980
0
0
0
0
0
0
0
0
2169696593
28
0
0
0
21
0
15
49406770
827633226
0
0
10
0
0
840840020
0
36
0
0
0
0
3
0
0
0
0
256897774
0
13263825
0
0
0
0
0
0
1
0
19372200
0
0
0
0
0
0
418429056
0
15
0
0
0
28
0
0
2373374168
0
6
0
0
0
22455051
48578075
0
0
0
109341225
0
0
297326305
15
0
0
0
0
0
0
211511028
1971072400
0
0
0
0
0
10
0
0
0
0
0
0
0
0
0
0
10
0
0
0
0
0
0
0
0
90902386
0
41391351
23657328
10
994966074
0
0
268159454
0
0
0
28
0
0
0
0
28
0
0
0
28
0
0
0
0
695148297
2317926251
0
0
0
1873246347
10
161579771
0
10
288378123
3
0
1037571984
0
36
0
0
0
0
0
0
6
0
0
0
28
0
125666731
0
0
0
40901490
0
0
0
867340425
0
164031328
0
575571556
0
0
0
374189046
1184596216
0
0
174144453
0
0
1873298
181253776
0
629360571
0
0
0
1005155866
0
0
0
3
0
0
0
0
0
0
470740513
6
3
21
0
0
11978065
0
0
151336503
0
0
0
287604136
460731944
0
28
10
0
0
0
1620079724
0
0
0
2864720915
570050447
10
47584890
94975112
0
0
0
0
0
0
12885426
0
0
1563788363
0
0
0
0
0
0
0
0
0
0
0
0
0
0
0
0
0
0
0
10
0
10
0
0
0
58445887
0
0
0
1237530335
158482306
426918810
0
0
0
3039345
0
672472801
0
0
0
0
1054315865
70027695
0
0
0
0
0
0
0
0
0
0
0
0
0
10
0
0
0
0
0
0
15
6
15
0
95586051
3143915747
10
926500581
0
0
0
0
0
1501207011
0
913033278
102867996
791120148
0
728608051
571338306
0
1692514840
0
0
0
0
0
0
0
3257686898
1143451959
15
0
37927695
0
0
0
127432630
0
315921816
0
664574653
162441300
0
0
0
0
0
0
0
0
0
0
0
0
0
0
0
0
143448149
0
0
0
0
0
87199302
0
0
10
0
178984275
0
0
0
10
510114840
1
510465066
0
0
377314185
0
496960101
0
15
488797011
366514275
0
0
0
507609453
0
1152921
0
358892236
0
0
0
0
0
3303050064
0
10
360568486
2058577322
0
2780621035
0
1019738633
192560500
17325441
849070236
0
3
0
0
0
6
0
0
72258231
0
0
4091230
0
0
0
0
0
1010093931
0
0
1
352597290
0
0
0
0
0
0
348783666
0
0
0
0
0
3
28
0
0
3
28
0
0
0
0
0
0
0
0
0
0
0
0
0
0
0
0
5623110
0
253883604
0
1
6
146136477
0
0
0
0
28
995940765
6
30744561
0
1420358498
270153390
0
0
0
0
71726730
906717660
0
0
116640088
0
1107957201
0
15
0
0
246199083
0
0
1
6
2160511094
0
0
0
0
101623896
2628242787
0
6
0
0
0
0
6
0
28
3325566321
9271250
0
0
28
0
0
196208145
0
514087349
0
1000691324
389015246
0
0
0
677469645
0
0
2294094743
2978144944
589912322
0
0
0
0
0
0
0
19136391
0
0
0
0
0
0
0
0
0
0
3348205761
0
0
0
1138050486
1243333911
3034642806
0
0
0
0
10
364054636
129191469
0
928050903
28
16322670
0
0
0
915936585
1149062466
26488281
504853115
0
1689794372
1075833672
743494641
0
0
0
0
0
0
0
6
36
0
10
0
0
0
0
0
0
10
0
0
2245702948
0
6
0
0
0
0
0
0
0
585556850
0
0
0
3692695509
2958482425
1493371555
0
10
0
0
0
0
0
714854766
0
0
2917844575
21
1662319425
552336116
123158665
0
0
0
0
0
0
0
0
0
0
0
0
0
0
0
0
0
0
0
0
0
28
0
0
0
0
0
866174631
0
15
2208151
0
256271171
0
14003661
0
0
98357325
0
0
0
0
0
0
71913570
0
0
0
36
0
0
0
11953605
0
36
12673095
0
0
1
0
0
0
10
0
224942655
0
0
0
1873352365
601156
0
0
0
0
0
2233917184
0
0
0
0
0
0
325466287
0
1828463552
1188110631
103744810
0
0
0
0
0
0
0
0
0
0
0
177839139
0
0
0
0
238008743
0
0
0
710136141
1
0
15
1426473513
899282845
0
0
111901127
0
0
0
158927706
0
0
0
2963836
0
0
0
0
0
0
0
0
0
0
0
0
28
0
0
0
0
0
0
0
0
0
0
3
0
2963102769
0
228199566
0
2741311
0
0
105088753
15
0
2267569372
0
0
254465520
0
0
0
0
0
0
0
144508500
0
0
179838474
0
6
0
0
0
461923550
0
0
964768701
0
0
0
0
0
117665470
0
0
0
0
21
0
0
0
0
0
0
0
0
1262498802
126317565
220300545
200730666
914470265
0
0
28
833116582
0
0
0
522468975
0
93801408
0
0
245344476
0
0
0
0
1449275880
149135085
0
0
15
0
1
0
0
10237650
0
0
28
0
0
0
211500
286358346
0
0
0
0
0
0
0
0
0
0
769829941
15
0
0
718065095
5172936
0
1
0
0
0
0
28
0
63805456
497843235
0
0
0
0
0
0
0
36
0
0
1070522520
6499815
0
0
546842243
0
0
0
0
0
0
0
0
0
6
0
0
0
606477378
717807105
0
3126910023
0
0
754991511
10
2628147575
0
67448305
0
678279696
0
677469645
0
62692003
438953635
0
0
0
0
0
0
28
0
0
28
0
550357527
0
25087986
2594778965
0
0
0
5124801
46460790
0
0
1268977465
0
0
0
12216490
0
0
0
138320028
0
0
0
0
0
176785806
1163765890
0
28
1061107278
554948075
0
0
0
0
0
28
0
314716416
1052511735
1189125135
0
0
3
0
324169453
0
0
19665856
45835525
285354105
0
0
10
533778801
0
0
0
0
18135253
28
0
0
0
0
0
0
0
0
1800840793
0
0
301812785
21
408965700
0
0
0
213800181
0
0
0
7232867
0
0
0
790455122
0
106370478
1189653
6
0
3
18852870
0
0
0
1170111408
49995000
0
0
0
507864385
6
0
0
0
487141291
1305705776
0
0
0
0
0
0
0
1178198907
207875810
0
0
0
691708472
73865935
6
599288583
0
849606031
180376521
1041162528
0
6
0
601488843
1824350
0
211980869
0
0
0
0
0
8646561
0
0
0
0
0
0
0
6
0
0
0
0
0
0
0
0
36
0
312837591
1673690133
0
0
0
620453151
27158585
39041866
0
0
0
0
678279696
0
1749722068
0
28
1136905770
0
0
0
0
0
0
0
16651193
1582925176
0
0
0
0
0
0
0
0
10
581217465
849977065
0
0
0
745676300
0
0
33038510
0
0
269224410
0
14799655
0
0
0
0
314775
554545122
0
0
0
0
0
1100786053
0
0
739712740
0
214185
0
0
0
0
0
0
168003615
871202895
0
3
0
0
6
10
0
1240194306
0
0
0
3
6
0
0
89470563
0
3
1401158657
0
0
77619570
471936003
36
0
0
0
9169903
0
0
0
0
0
0
0
0
0
626640
55498380
0
0
0
0
0
0
1
0
2570174072
0
651045570
856086
1160737130
0
0
3
0
706300557
0
0
0
0
0
0
0
0
0
0
0
0
0
11618374
0
0
0
0
3214380
571101706
21
139971546
0
0
32236435
0
6
562985790
0
0
0
0
0
15
0
0
0
2440945
6
6
0
1353947852
10
129725778
0
0
2394369772
0
0
0
0
0
0
0
0
0
15
0
0
0
0
0
0
0
0
0
139136221
2543640
28
4247155
3
15
0
0
6
0
0
0
0
2532875456
0
1
0
0
0
0
43566445
0
67659490
1034641
0
0
0
0
328801785
2586965814
0
0
0
28
0
0
0
0
0
0
0
3
0
0
0
0
0
0
0
0
0
36
0
58844976
0
0
36
666
0
0
0
893806761
0
0
0
0
0
403021668
0
0
0
0
98244000
807718528
0
717807105
281236186
0
0
0
542999535
0
0
51705346
0
3448777884
208192215
0
0
85798450
314415426
46730278
0
0
0
0
0
0
10
2769481
0
0
0
0
34093153
0
1588553402
60153996
0
0
0
0
0
6
0
0
0
1077245736
0
0
0
0
0
0
0
36
0
0
0
5384121
54645899
0
0
0
0
0
0
0
0
0
28
0
3096392072
0
0
0
0
0
36
83689453
15
278987631
36
0
0
0
0
0
971768326
0
0
0
0
678316528
0
0
0
0
547920856
0
313688010
0
524183631
804265671
0
0
2678797965
0
0
0
0
0
0
0
0
0
547523686
0
0
0
3570427767
0
0
0
0
0
1925916180
6
0
0
500953765
831405
0
0
940938890
0
0
0
0
940506
0
0
0
873371625
973485750
584050753
545903403
0
3
0
0
0
0
0
0
0
197577381
0
0
0
0
15
0
0
295305753
0
0
0
0
0
0
58401028
0
0
0
0
2348222274
0
37903235
0
306392635
0
0
0
0
24189490
0
0
0
0
0
0
0
0
0
0
0
0
868757086
0
3711623589
0
762470775
0
0
1088134575
28
0
0
0
0
6
164133090
0
0
14797106
0
28
0
838829101
0
689931231
0
887068260
0
0
0
0
104796084
0
0
0
15
0
0
0
0
36
694097911
0
0
0
0
0
0
0
0
0
0
0
0
0
693539146
0
293657095
2161651164
1162656531
0
0
0
0
0
0
362033686
0
0
0
0
22562403
259890254
0
0
0
10
0
0
0
664495368
0
547887753
147945801
0
0
0
0
0
592213320
425575725
6
823834936
0
0
0
628581696
2765089216
28
0
0
1
0
0
0
0
0
10
6
0
906506910
0
0
0
0
1099394694
999866247
10
0
0
142391250
0
0
0
6
0
0
0
3
0
0
0
0
1413721
0
0
0
0
0
891285310
326899665
35242210
36
0
0
0
28
2908105137
0
0
0
0
253721601
2920712495
0
21912700
665230594
8227596
20387305
0
0
549942030
0
23222720
0
113635350
0
0
36
50604415
823250
2345760584
0
0
0
28
0
347701635
528986601
3
100812900
3
830690026
6
421505484
449235325
2240521075
0
0
1549871165
0
1949024169
0
0
3568574046
0
0
28
0
1203867894
0
28
0
0
994755
0
0
0
0
0
2962613937
0
173324271
0
0
609035419
407251530
0
0
0
0
0
3108992754
0
0
15
0
0
0
0
0
663918580
0
3
593527455
0
0
0
0
271107255
594969760
0
0
1687413900
0
0
0
0
0
0
0
3238609540
28
1057839006
0
0
0
39734155
0
0
0
0
0
0
0
0
0
0
0
6
43036003
0
36
895391304
0
0
0
0
0
4668040
0
0
80829255
0
145476315
0
0
0
0
3
441517719
36
289414692
0
0
0
0
0
0
3001714286
1102879095
6
3500470084
0
0
0
0
0
1
20043946
0
0
3532522698
0
0
28
0
0
0
3547116
0
0
0
15
3640831262
0
6
6
0
46827196
0
542472391
0
390028485
0
3642851484
0
0
0
0
0
0
0
0
416406511
1397281874
0
0
1759369366
508725253
364515549
0
0
0
0
0
0
138540567
214462405
0
0
48348861
124602029
216143236
0
0
21134751
0
0
0
0
0
0
0
49675528
0
0
0
1
0
0
0
0
0
0
0
0
0
0
0
0
0
36
201111540
0
0
0
1095404040
0
5153655
36
0
0
0
0
0
0
0
0
0
0
2530125
0
0
475167378
555161181
0
3
0
0
0
0
0
0
0
0
0
0
28
0
70668216
1937579286
264000027
0
0
0
0
0
0
0
0
0
0
103995333
0
4828278
0
0
0
294426545
3
0
726319441
36
0
0
0
62815236
0
0
0
0
0
0
807276471
0
0
0
0
0
28
33337695
768342734
0
0
0
0
0
0
0
0
0
0
0
0
322059510
2874475221
0
1614891275
0
862570042
0
369389790
0
0
0
6
0
0
0
0
0
0
3
0
0
0
10
11657206
0
0
0
32724900
483931605
0
650035596
0
1492046991
0
0
0
28
1067012110
0
3
1030602700
3602798580
3
0
0
744729121
15
0
0
449826
932968806
288059239
0
0
59510199
36
0
0
0
0
0
0
2073666
0
0
0
0
10060848
0
0
0
1102785166
890272306
0
0
0
0
0
0
0
1662585761
0
0
0
1112927850
275244453
0
0
6308819
0
0
0
0
0
0
4284983
0
0
0
0
0
0
0
10444735
665041075
1171618499
0
0
36
21
15
4994380
0
2839222707
28
28
0
801180435
0
3
0
0
0
346068586
0
0
0
0
116349885
0
951723006
0
871779247
0
0
0
20229489
0
0
374325841
45234316
18544217
450224396
0
215132970
0
0
0
10055584
0
0
0
0
21011403
0
0
0
0
0
0
0
0
1186941003
15
119562615
131552310
0
0
272412811
724580472
917097378
0
0
0
0
0
0
0
0
0
0
0
3
2352645581
0
400960
15
0
0
0
944323314
0
525854040
559940701
528121657
0
143270128
0
0
197645396
221751270
0
675262875
0
0
9541896
0
0
2822801064
0
0
0
0
0
0
0
0
1275123052
0
0
0
0
0
0
0
0
31892091
0
0
0
0
28
0
6
28
973397503
6
211696176
0
665188514
0
0
15
0
0
0
0
0
0
0
0
0
0
719228605
0
0
0
0
0
0
0
0
0
1788947385
0
0
0
0
1683023060
1358667916
0
0
0
0
6
0
1990626210
0
0
0
0
10
422881169
36
790958879
0
0
0
0
210956070
0
0
971285142
0
0
0
2414503
0
1646411828
0
36
0
0
0
28
0
0
0
0
0
807555386
0
0
0
1825078440
1322585541
0
0
3571208262
0
0
901153
0
664064346
863961156
2432005933
0
3040717940
0
0
0
0
0
0
228357638
361872253
0
0
10362628
0
947462429
0
284661730
0
0
0
0
0
1352190
0
0
0
0
0
34961885
240065007
1181782036
0
0
0
0
0
3
28
464286628
0
0
0
10
1376332117
0
0
0
0
0
663918580
0
793785335
1220105901
0
0
0
615882156
0
0
0
0
52608153
0
0
0
15
0
0
0
0
218791821
0
15
0
452369
0
0
0
0
98281386
0
447648081
0
0
0
0
0
81921700
0
0
0
0
0
0
0
661235661
413595
0
0
306936
0
0
0
0
0
934438345
0
0
10
0
0
10
862391215
1030483350
0
0
0
0
57365575
0
2106378
596177715
0
174954500
0
0
0
0
6
515863260
0
0
0
0
0
346855157
2268658007
0
0
0
40109592
63267785
81045546
0
0
0
0
0
0
0
0
46139210
98063010
0
15
0
0
0
0
1
129275160
220847836
0
36
0
0
0
125017578
0
1592591485
10
15
0
0
0
0
0
0
0
28
0
0
0
0
0
0
0
0
0
0
0
361657065
0
12154915
0
0
178175744
0
473987889
0
1075469190
0
72036
0
0
0
0
0
0
0
15623451
0
162856128
6
0
61521778
558366864
333116766
125286535
153273786
0
0
0
0
0
0
604415753
0
0
0
0
28
1905506771
200661
0
0
0
1040702324
0
22227778
3
0
0
0
0
0
0
0
0
0
122437776
0
0
0
0
2004996662
0
818323740
0
0
0
326311831
42573378
10
1062397560
262353871
10
0
0
10
0
3161980407
0
15
0
0
1000792965
0
0
0
0
0
2605145762
0
3
0
0
0
389246851
2482744824
0
331831448
0
0
0
0
0
0
115945114
870550401
0
36
0
0
0
0
0
133538653
10
638261257
0
696185955
0
0
0
0
0
0
274658203
499769920
0
0
41518828
0
0
0
0
0
0
0
710814660
0
172994459
0
0
0
0
0
0
977070116
424661439
0
0
0
3538591482
0
0
0
0
0
0
0
15
130209453
0
0
0
11642725
0
0
0
0
0
0
0
57432403
9007890
0
0
0
0
0
0
0
6
0
1094806960
0
0
0
0
0
0
0
10
0
0
132290982
0
178842279
0
0
94345716
10
868090278
0
0
0
0
0
0
0
36
0
0
0
0
0
0
0
6
0
0
0
2165669877
0
0
5110535
0
0
0
72051725
0
0
15
0
0
0
0
0
0
0
0
0
0
0
0
0
1517215332
6
28
0
0
0
814888635
0
0
0
0
0
0
1640982465
15
0
28
0
0
0
0
1403513464
0
0
407822520
381501253
0
0
0
0
0
0
0
0
0
0
0
42856208
3
2662410525
993086461
10
0
0
0
0
0
15
0
0
22994371
1462828119
0
745117339
3
818283285
0
0
0
135354509
0
0
0
0
0
15
0
0
0
0
178444386
0
963692120
0
64303734
0
6
54549702
144296040
345568905
0
0
3590018617
0
0
0
27792240
80691876
0
6
3
10024003
0
0
0
197001325
0
0
15
0
1248725325
1715536319
0
408860812
0
0
36
83417986
0
0
0
0
409537890
0
0
717920778
41078863
0
0
1
0
0
0
3618154667
61933787
15
0
1430963745
0
0
0
0
0
1475189855
1865518156
0
0
3704314500
0
0
0
0
0
0
0
0
0
352243161
0
0
0
0
0
0
3
0
0
0
3820019
2076136910
0
3
169528491
0
0
0
0
0
36
217684545
0
435641403
0
0
0
0
0
0
0
0
0
102012240
577031406
0
0
6
132950971
0
240735800
0
0
208148608
0
15
0
0
0
0
45558285
0
0
0
614864778
542406516
10
0
0
0
0
0
80613253
609162060
2958793352
0
1401036174
28
0
3
0
15
0
0
7029375
0
0
0
1844101432
15
0
0
0
0
0
0
0
6769360
0
0
0
0
0
0
0
0
1181532770
0
282066876
809085651
0
28
254691165
0
28
0
0
0
35685540
0
0
6
15
0
3
162009000
0
0
724300830
0
0
2828522222
6
0
382009362
0
0
0
893693503
0
244309220
0
0
0
0
8199225
0
0
175851771
0
0
15
1567633026
0
0
0
0
0
43416538
0
0
0
0
0
0
15
0
0
0
0
0
0
945098484
764410760
0
36
0
0
410626153
0
0
0
3395473237
977912273
0
0
0
138679256
0
697529925
389246851
0
548417521
0
0
0
0
0
0
0
67077153
0
0
0
690154128
0
0
0
0
0
3
0
0
229247578
56195901
0
0
0
2293889391
10
0
1128726795
0
0
0
0
0
322414921
501415278
1977739637
0
0
0
0
940213180
0
0
0
151562755
51414870
0
5351356
0
0
0
0
0
0
0
0
0
1075174521
0
18996941
41518828
0
0
0
0
0
0
0
2529637932
24363690
0
17638830
0
470917659
0
0
0
0
0
0
28
36
2305403409
1166596852
0
0
3329522703
0
0
0
0
0
0
3253682554
1566857165
0
0
0
0
2856782988
0
0
0
0
0
24259095
839634144
0
121080141
0
6
0
0
19198306
461661420
253518903
1145026140
0
0
0
0
0
36
28
0
0
1
36
0
0
618482035
2969277852
0
0
250824003
1357735044
913888128
12454455
1
0
177727231
0
0
0
0
30933045
0
0
0
0
433136028
0
545392341
0
0
0
0
3
0
935432631
0
0
117182139
0
0
72462741
15
0
99651903
99482565
15
0
10
1
0
0
0
13536650
0
0
142323756
0
0
0
0
0
0
0
0
0
0
0
0
0
0
174203704
20979003
0
0
0
0
0
10
0
210521182
0
0
0
158606955
159981328
2727944864
1983373069
147025715
0
0
0
0
0
0
0
0
0
10
764293592
2163578712
0
451636485
857746071
0
0
15
0
0
0
0
10
0
0
982640946
28
0
0
0
0
556328046
0
9049097
0
6
3819804
495731328
710475360
0
0
0
6
249182625
0
0
0
0
1745800025
191056455
785593645
1902019071
0
2316951
0
0
0
0
56418753
0
0
0
0
286146
12245249
140423661
0
0
0
0
0
0
196247958
0
578681945
37165131
0
0
0
0
121719003
0
0
28
403038636
0
1227675576
0
0
0
0
298962378
0
0
0
2206673840
0
0
0
0
1691880
0
0
262972711
0
1044542071
0
0
0
279302609
0
0
28
0
3
0
5073855
0
0
28
0
0
0
0
28
4495501
0
0
0
1443717211
0
15
0
364750175
0
0
0
0
0
36
0
0
0
0
0
0
0
0
1818039099
0
0
0
0
0
194342547
0
637548486
5338293
0
158450785
0
0
0
50356479
0
0
0
288276066
0
0
0
0
74911531
10
77383020
36
114133386
40023381
0
0
0
0
0
0
15
0
200911035
96910147
10
0
0
0
3010805444
0
0
3447533079
2832352559
0
0
28
875373960
10858020
0
123771511
0
0
86796900
6
0
0
0
142374375
15
592416
0
0
0
0
1102080826
301658203
0
0
0
3
0
0
0
0
6
0
0
0
0
0
0
0
0
0
0
0
357206356
10
0
3037612135
0
0
0
3246700182
1149480972
0
0
0
0
0
9934653
942241927
15
3
10
1124096595
0
410331282
0
2981705766
801460666
0
0
0
0
0
15149760
0
0
4056507
3
0
10
916356657
0
0
0
0
0
0
2592313767
0
0
0
107526900
0
0
0
0
0
0
0
0
15
10
0
717389483
0
0
0
0
171949240
0
0
0
0
2762425
0
40892446
0
0
0
0
0
80308801
0
0
0
0
0
0
0
0
3
0
0
325443828
0
0
147086976
0
0
0
0
0
0
0
0
0
55350981
51807789
1130002030
0
0
0
0
47137195
764953190
346226455
1038517525
0
3
0
0
0
0
1834612022
2048512997
0
407030502
0
0
379317700
0
0
961784011
15
0
0
85942605
0
343311706
0
28
0
518790366
778092076
0
36
69826653
817025258
0
162928326
0
0
0
0
0
0
446183128
28
0
0
0
28
0
0
0
130985205
0
0
0
1821626778
0
0
0
0
0
10
0
5048253
0
0
0
3379365424
0
0
0
0
15
359716288
0
76440430
253924380
36
1300377948
0
0
0
0
10
0
211375500
771831007
0
316382962
36
0
0
3177932300
0
0
649530903
1150226292
0
0
0
0
0
0
36
628007678
0
0
121064580
0
1279120498
0
0
2421257237
0
0
0
0
0
0
0
232190475
161000697
127558665
0
0
3
270666475
0
0
0
0
28
0
0
26030445
0
0
1369856559
0
1455748244
28
9591
0
0
0
0
0
0
0
0
28
824890653
0
18346653
0
5076985
0
0
42647230
399929288
43036003
186356973
21
879880275
0
0
0
332188200
0
0
840579660
46180855
0
415824743
1840878736
981887455
0
0
0
569379385
0
0
277097099
486392455
340136499
15
6
0
0
0
15
0
0
2097261166
2997646377
767085696
969528
0
0
0
0
0
0
0
997230523
0
0
0
0
0
0
177921756
0
0
0
0
0
15
0
0
2075318704
0
0
0
760090555
2127507270
0
342499878
109690266
0
0
0
0
0
0
0
1499277954
152028861
2145
0
0
413746772
728035561
215258949
28955080
3472411309
0
0
0
0
0
0
0
0
6834051
0
0
0
506335753
0
0
0
8636980
0
0
0
0
727353561
20881856
0
1308723674
0
1
474304600
118279890
0
0
332753922
0
52880828
0
475464561
0
0
0
0
81376903
0
0
0
3134310678
487672065
63579726
0
310590426
0
0
2042605732
212410575
42195891
480639510
0
28550346
0
0
28
0
0
0
185252376
28
0
6
0
1132523028
0
0
387101400
0
0
181479826
261827286
0
3
4426800
0
36
0
61289056
0
0
0
590328493
6
0
0
0
0
10
0
0
29182954
0
28
0
4489506
0
0
0
0
0
99866025
0
0
0
0
28
0
0
206319141
15
0
0
0
0
0
121251378
0
6
59617740
0
0
0
0
0
0
0
36
0
2829086387
0
0
0
0
0
147894201
0
161415528
0
0
36302202
2197597281
0
0
0
0
6402831
0
0
272226111
840930555
0
1315259808
0
198433081
1060370326
0
0
0
0
0
0
0
0
10
5865651
0
278680636
113379211
0
0
0
0
0
1072609086
0
0
29288655
0
0
0
0
36
0
0
37875456
0
202298438
1
8946819
0
0
0
0
0
145957155
0
0
0
0
0
0
0
0
0
83264575
2964528
0
0
1235417778
144797280
0
0
0
0
0
961345476
46021635
6
0
0
0
15
0
0
277273982
0
0
0
36
0
2612360504
0
0
3273553113
0
2704043132
28
3019005264
0
16430778
0
795586105
3492743724
0
472274011
6
0
0
0
0
28
0
0
60578361
10
0
0
0
0
0
15
0
15
0
449895006
0
0
0
77383020
0
1088144179
908785266
0
0
0
16135245
0
0
0
0
0
0
0
86731035
0
41874976
0
873226852
0
0
0
0
0
0
0
0
0
0
3572330759
1617255030
0
2347747504
111803581
0
0
0
0
3
0
0
1716820890
0
0
0
63365653
0
0
0
0
0
0
0
0
0
108773875
0
3010622213
500528980
10
0
2561761248
0
0
0
0
1447281157
0
36
170136681
41948220
0
0
1702068720
0
0
0
7309576
0
0
0
270352572
0
0
0
0
581933670
49629706
0
343835976
0
0
0
1157520998
0
1130175551
27643330
0
2724376788
418107894
0
0
472274011
0
847011061
0
0
0
0
0
3174020937
0
0
2522655212
10
815211631
423128595
1000405
0
0
0
0
0
0
70885678
0
0
0
573567693
0
0
0
1447318218
0
34672815
0
673151916
0
240975814
0
15
408422490
0
1269676566
367706521
0
0
0
0
0
0
1
0
0
3
36
0
0
19452124
851255691
0
0
0
1016982450
0
0
0
0
10
0
479049075
658152768
0
0
0
274916076
0
0
0
0
0
0
0
0
0
0
0
619396806
10
36
61456972
0
0
43435860
0
0
0
0
10
0
0
0
0
0
0
196521793
0
0
0
0
495559295
0
0
0
0
87258655
0
0
0
0
0
28
0
1840211823
0
0
0
3
458272675
18486240
0
632985990
10
0
0
0
0
0
0
0
0
0
36
113108320
1177556185
0
0
0
0
0
0
0
0
0
0
0
0
5879170
0
207967815
0
0
0
0
13079055
0
56089936
2775704119
0
1206657375
0
0
0
0
0
3008968667
0
0
0
0
0
0
0
1848416893
0
0
0
0
0
0
0
0
0
0
0
77286813
0
0
15
0
0
0
0
0
0
0
0
0
2639892491
2540607811
599610044
0
0
0
305724628
0
3
0
127800078
0
0
28
0
0
1272703362
0
375605008
0
0
0
0
0
0
0
15750567
0
0
44883075
0
0
0
0
0
0
0
137047374
0
0
0
0
0
364065401
0
2364939252
2100627794
0
0
322216104
6786
0
0
0
304785705
22987590
0
0
3712021554
0
0
6
0
0
0
0
0
1164441411
0
0
0
0
0
28
36
0
28
15
0
51232503
0
0
580638003
1
102781953
10
0
1
3281639787
0
0
0
0
15
1132626791
0
36
3
0
0
0
0
0
0
1011397800
0
666
15
36
0
0
0
10
94016328
114885881
0
6
0
0
137921136
0
0
0
12187980
0
0
0
702281503
0
0
0
0
0
0
0
0
0
0
0
3
0
0
0
0
0
15
3652170
0
0
0
173976531
368115
0
0
0
1599898657
0
0
0
0
0
20387305
1693086930
0
10
0
0
0
0
0
3
10
0
0
0
0
0
2312158707
28
0
0
0
0
0
0
15
524734210
0
0
0
0
0
614373931
0
0
0
0
0
145189320
0
358811866
28
0
1626428694
0
2188257785
0
0
0
796317494
0
0
0
0
0
0
0
36
0
0
0
0
180528501
0
0
0
0
0
0
0
120070756
1246679835
0
2886798750
2845621704
96153778
0
68978385
0
327616003
0
0
0
0
1
0
0
0
0
0
0
0
0
105219271
10
3319541034
0
0
232373039
0
1
0
0
0
2342172532
0
0
0
0
0
0
0
0
0
552412097
0
0
0
0
0
0
0
0
24643710
6
0
0
258956513
0
0
0
1
1805213290
0
170468880
0
0
0
201171711
2400059963
2820668658
638219821
0
0
0
0
0
0
4646676
0
0
0
0
665862519
101863316
0
1710771143
0
0
0
0
0
0
1060578645
3
0
3077338086
0
0
0
0
0
3164368467
1
0
0
0
15
605641806
811713851
0
0
0
28
468685036
125207400
0
0
0
271187700
301314426
0
17686378
666943
0
395409381
687815505
0
36
0
0
0
0
0
402595649
46609295
2794710372
0
79764765
0
0
0
0
0
0
0
1304475339
0
721836963
0
0
0
162953160
3
2771920068
1638040354
152818903
0
0
0
0
1638998535
2329297
0
0
3815703
28
28
0
0
0
0
0
2926
93564360
0
0
132885753
0
0
858160306
0
280351179
0
110774170
0
992081990
0
0
0
0
730632651
0
0
0
138902778
0
0
0
0
0
0
0
0
0
0
940673625
0
0
0
0
65726502
0
0
0
0
0
0
0
15
0
25130505
0
0
150475371
1
0
0
0
0
0
0
36
3
0
0
0
0
418168740
0
0
10
17391
4664985
0
0
558932895
0
0
0
0
0
0
0
1
0
0
0
10808925
0
10
0
36
0
0
1050034051
0
0
0
0
0
0
246676049
0
0
0
0
0
0
0
0
0
0
0
0
130823400
0
0
0
0
0
0
0
281307340
0
0
3018197966
0
0
0
36
0
7986006
0
139520160
2284513346
0
395972011
0
0
0
0
277430790
162531435
0
95365951
0
0
0
0
3529611777
1366575
0
6
0
0
0
1
128385104
0
0
0
0
1166807278
0
0
0
0
16683976
0
0
0
0
0
0
318718128
0
0
0
77215124
77407903
35823880
0
0
0
1824833293
0
0
0
0
0
0
0
0
0
0
0
0
0
0
112642545
98823802
0
9110046
0
815453920
639930147
0
0
0
0
0
809085651
0
0
591422028
0
0
310739985
0
0
0
0
0
0
0
0
868715403
509012371
0
0
0
2500599322
0
0
1898669829
0
257657012
206644285
0
6
0
0
517985391
0
0
0
0
6
0
0
0
0
0
6414510
0
0
1006905250
28
147104128
0
2436598442
0
652739627
0
28
0
0
4646993
1534544159
0
0
0
0
0
0
0
0
0
986990235
0
36
0
0
0
0
0
28
0
35041006
0
68955380
1
1920469451
0
0
0
0
21
10
0
0
10
15
0
65488014
459302586
0
0
114345003
0
0
21
36
0
6
3
0
0
94579381
0
0
0
0
3
0
0
2656826022
3
951815215
53369946
0
0
1194065146
28467285
0
0
3423602138
0
0
0
65328165
0
0
0
737644845
0
28
0
3
15
0
0
49218081
0
0
0
0
0
264419506
0
1
10
0
0
0
1104664506
0
1325407992
0
0
544351510
0
0
0
0
0
0
0
189008055
0
0
0
0
0
0
0
656360796
0
1
0
0
0
0
0
0
0
0
0
0
0
0
1321576131
0
106178878
0
28
136744453
1707122237
33174585
0
0
0
3288050843
15
0
5205151
0
100690544
0
0
0
0
220780
0
1
0
0
28
21
0
0
0
1977066
0
0
28
0
0
2693566664
0
123080205
0
0
0
0
247431135
0
0
0
0
0
0
0
0
0
15
0
644315253
0
0
694358745
0
36
0
28
475845825
526565722
590012776
1159620561
7661748
28
137028252
0
0
211675600
0
0
0
0
0
0
0
43107456
0
0
0
0
11898990
0
0
0
999167869
0
0
0
3
0
0
0
0
0
130435476
0
6939675
0
849152655
885005556
0
0
0
1257658494
0
0
2241903
0
0
0
837741678
0
102990342
1
0
74768106
0
0
26364691
0
0
0
2909998868
0
255843510
0
0
0
0
0
10
0
0
0
191935483
1592167823
0
0
0
0
0
0
6
28
433710
94153503
0
0
0
199114854
0
0
0
28
0
0
0
0
30349723
49496275
0
0
706861200
0
0
0
0
0
0
0
0
0
92735880
6
456367366
0
0
0
0
0
0
0
0
0
0
0
1227279196
0
394834568
0
36
2273622
0
2153610744
0
0
0
6
0
1790363615
1716314162
36
0
0
0
115163076
6
0
0
15
25967554
0
0
0
0
0
0
0
10
0
0
0
0
0
0
0
0
0
0
148669146
0
0
0
2785444539
13695
0
0
32618964
20585736
0
52587640
272046807
0
0
0
1474925508
0
78210
0
0
0
0
36
0
0
0
987485276
0
0
0
0
0
0
193621681
817959681
3
0
0
0
0
1447380400
0
431029992
0
305638782
21803106
3
0
36
0
0
0
117370
0
435198753
1052405704
0
0
7258508
15
0
0
0
0
0
0
1220859724
0
0
0
176748201
0
0
0
193523301
0
0
0
0
463799196
305057350
0
265801096
701344878
33354028
0
1139509501
218018521
0
0
0
0
0
0
0
22347955
0
0
0
1047377796
28
0
21
0
0
36
0
0
0
710776956
467769093
1241938041
0
1011906112
0
0
72993403
0
0
0
226817359
0
816181003
0
0
0
0
0
0
0
3
0
1052601903
520724856
0
0
236184470
0
0
0
0
0
0
0
0
0
0
75001565
0
0
0
1154080690
0
0
0
642473846
0
21
10
0
0
1128013740
0
0
0
0
0
0
1168715475
0
0
0
0
0
0
1423098525
0
0
0
0
0
343307157
0
0
0
0
0
0
0
268899645
0
0
0
176715
42604947
0
0
28
1090329774
0
0
1470238869
0
579605212
0
0
0
0
855630764
0
0
0
0
159463011
0
3
0
2446684818
0
0
0
0
0
0
0
0
21
413209378
0
15
812155102
0
6
0
0
0
0
1044999186
0
0
16396401
0
85549740
0
0
0
0
0
0
0
0
0
0
0
454548613
0
0
1436435936
263111808
0
1088227878
0
0
0
1517193678
0
0
0
0
0
1031190294
0
506396337
878161186
596096205
0
0
162513406
0
0
0
3
0
0
0
10
0
0
0
0
1534160331
0
0
0
0
6670378
0
0
574623771
0
0
2781089052
0
21
0
0
36
0
147104128
28
0
0
0
0
0
317028790
10
0
0
6
0
0
13507003
0
0
1125205641
0
0
0
0
0
0
0
37278837
0
10
21
62696366
343521366
0
0
6
6
0
0
0
0
205385778
0
0
0
98877672
0
0
0
0
0
235672905
0
0
0
5448352
0
0
1651653
0
1381333791
0
3
0
0
0
1
0
0
0
0
0
0
0
0
0
0
0
0
46691616
0
64769271
0
0
0
744883503
0
0
899410078
0
0
0
0
0
21
52546
0
0
0
0
0
689559816
21
3
0
0
0
0
448631705
0
157080
0
0
0
0
0
0
0
0
0
0
0
0
258943125
0
0
0
0
80838065
0
0
0
0
0
2551291937
0
0
0
2247666392
265671009
0
0
0
0
0
0
0
0
0
0
0
0
0
0
0
0
0
1
5013361
257403
0
0
0
0
173026503
31633875
0
64284093
0
0
67599378
0
1052968995
0
0
28
0
0
608856
0
66211278
0
0
0
0
0
3254054592
0
771950278
46672291
1079846628
0
0
0
0
1017316119
0
0
25474404
0
926120765
0
0
36
57271753
0
0
1533876
4993308
0
15
765128521
0
1120750840
0
0
0
36
1360383939
0
0
0
0
0
0
0
0
36
385794753
6
6
0
14132586
0
0
0
0
0
0
0
0
0
0
120194760
2477109473
0
2934194689
0
0
0
0
15
0
0
0
0
2976318324
0
0
69880686
28
0
15
0
0
0
3
28
0
24224280
0
28
0
0
243206198
0
1
362679778
431841966
443458455
0
0
0
21154260
0
0
0
481849446
0
0
0
0
287280221
0
0
0
0
0
0
0
0
0
738490096
0
0
0
3
0
0
0
332797234
6
0
3
0
0
854063785
0
0
0
0
0
0
0
0
0
0
3552690942
0
0
0
15
1
161667171
68802315
0
1715974960
0
0
0
0
636120946
0
0
2261750393
154765621
0
0
0
0
0
0
0
0
0
636798828
0
421704361
0
0
0
254899418
0
469879840
0
0
0
7505875
625209333
0
0
563444428
0
0
910556475
0
0
0
0
0
0
0
0
526659418
0
10
0
0
0
0
1
0
102849447
0
0
0
183590473
942322578
2131943777
0
86479578
77806575
0
0
0
767233857
0
360206220
0
0
0
239193261
0
30728880
0
28
22595081
32100078
0
0
0
0
10
0
0
0
0
28
0
116305242
0
0
229147560
0
0
0
0
344912704
0
0
2945740922
0
0
0
0
0
0
3
0
2019105665
0
0
0
0
2484617051
0
0
0
0
0
0
115923151
28
2603604052
0
0
0
0
0
2239931175
863410538
0
299317802
1
0
0
1578611264
242363136
0
0
160984596
0
0
0
2503870
0
0
10
0
0
3303284897
228050880
0
0
477142386
0
0
0
10
0
0
0
0
0
1372608650
0
10
0
442010778
0
0
198368398
353287495
57250350
0
0
214213951
0
0
0
0
2188448681
0
45539196
0
1185073970
139498336
0
0
0
0
0
15
0
0
632742854
0
0
0
17211338
6
0
0
36
10
0
0
0
0
367191450
0
0
453139700
0
0
0
0
0
0
15
0
0
350290746
0
0
308976912
10
1201112578
0
231824278
536788995
0
0
1745732214
0
0
0
0
158055310
0
0
0
0
0
0
0
3060561006
2557721360
1015077761
0
0
0
0
168021946
0
0
0
0
0
6
0
0
0
0
1
0
0
59694201
0
0
119358975
2166627024
0
0
0
551966925
226056179
0
0
0
23362030
0
721572517
1120568454
21
28
120675880
160255839
0
48657387
0
0
0
0
0
68683943
49855105
2347075001
0
0
0
0
0
2160769036
0
0
0
0
887236750
0
117496785
0
0
0
0
10
0
508789050
0
0
0
5076891
0
0
0
430128
0
6
3
64587295
3
656904381
0
0
0
28
0
0
0
0
1168015278
0
717228
0
0
10
0
0
0
1179401028
62021953
0
0
0
0
0
37234135
0
0
0
64110826
2214624822
1
0
0
0
387053349
0
0
1103865591
0
0
0
111206241
0
0
0
0
0
0
0
0
0
15
44514330
28
0
0
0
0
76465161
0
0
0
999022650
0
3717794408
3
0
28
0
1209655891
0
0
0
6
0
0
0
0
0
41182350
0
0
0
0
0
0
817757461
0
0
0
108906661
3
0
0
0
0
0
0
0
0
1523688489
865467849
264587643
0
0
48898630
0
5832820
0
0
586986
0
0
0
860150064
0
0
0
0
0
97294275
21
0
0
0
549116613
0
0
0
265824153
112602204
0
0
0
0
0
6
0
28
2204748830
0
0
0
0
0
2748071261
0
0
0
0
36929634
0
36
0
291116385
0
0
16299195
0
0
28310967
0
170284285
854675558
15
72619326
15
355337811
0
36
261739985
0
0
0
0
0
0
0
0
0
0
0
164488918
0
0
0
0
1100135388
0
28598583
21697578
0
0
83436
0
176165835
0
15
0
0
347886253
0
0
0
0
0
0
0
6
0
36
0
856048753
0
36
0
0
0
0
6
0
0
0
28
0
0
0
0
0
0
0
0
0
0
610803676
264396510
456216321
0
3480841
0
0
0
0
0
0
0
0
0
0
57101895
0
0
969826861
0
0
0
0
0
0
148996953
0
10
36
0
923885305
0
2041083
0
0
1147624804
0
0
28
0
0
0
6558102
0
8247891
0
0
0
0
0
3
138353295
0
519789403
807253010
0
0
0
0
0
0
0
961520878
0
0
0
1681984901
0
0
0
0
0
0
0
0
0
0
0
0
0
0
3435978
0
0
0
0
0
15
4748535
0
0
2208047617
0
3
127704171
0
0
0
0
484740816
955478755
0
289622278
623733540
0
0
0
0
0
0
15
0
0
0
424351278
0
0
529734975
0
0
0
0
0
734575285
0
0
0
0
1744698577
0
0
0
0
0
0
28
278704245
694656901
0
15
860274460
0
0
0
0
0
0
0
0
213913377
0
14912740
3
10
0
446870460
91686111
2561694638
717233815
0
36
0
0
0
0
3
0
202216105
438272421
0
0
0
0
0
0
0
1583595459
0
0
3572916389
0
0
0
0
0
331183716
0
0
1031965165
0
3
5904766
28
0
23691286
3299906739
0
6
0
0
265053019
42214266
0
439813311
0
0
0
0
0
251967576
0
0
0
0
10176816
158583551
315249
0
0
0
0
0
0
0
0
1043155569
0
0
0
0
0
0
0
0
10
0
1711345317
0
878999556
0
1188208126
0
165047196
3398187189
1665548555
0
980248503
0
1484581433
0
0
0
0
0
0
0
0
0
0
0
0
0
0
0
79134490
259179528
0
0
109083835
0
0
53206679
0
875567277
0
0
3442212413
0
0
0
0
0
0
0
0
28
0
0
0
0
0
0
0
0
0
0
0
0
0
0
1334102067
0
1351245246
1710390
1125015895
0
1119420179
0
2191351127
0
0
0
0
6
0
21283073
0
0
0
10
0
1306745421
0
0
0
0
0
0
0
0
0
0
15061816
3379887537
0
0
0
0
0
904464246
1407768428
0
0
0
2483362777
2465419721
0
0
36
127397350
0
1
608673495
364594506
312537501
0
0
1487036120
0
0
110670003
0
0
0
648887129
0
0
0
3632509926
0
0
46672291
0
0
0
0
0
0
287964001
28
0
0
0
0
0
0
0
0
6
289790775
0
705207790
0
0
70563776
0
2415071039
0
9016381
0
0
0
0
0
0
393246990
0
776875531
154959210
0
3022407
1441949153
0
6
0
0
0
6
0
108523278
28
0
0
0
355144051
0
0
691492266
15
0
0
0
581558460
0
1
0
0
195238680
0
0
6
0
0
0
861060874
0
0
0
0
1497476360
0
4861872
0
28
0
0
0
0
245255878
0
0
463129395
0
120427440
10
832548866
0
0
0
6255662
586308646
0
0
0
0
0
834585940
0
15
0
0
0
786953628
2001743483
166394403
347385261
0
733310956
0
0
133961204
133375278
0
0
768300400
0
72217924
0
0
0
1043810895
0
0
0
21
2667688086
157628890
0
697559985
0
0
0
0
17344272
0
0
0
0
0
15
0
0
0
15
28
0
349920285
0
0
0
401007642
883912035
0
0
0
1581694671
0
0
0
0
0
0
0
0
0
0
0
0
0
0
805068001
0
0
0
0
462661695
0
135490491
36
0
0
15
0
0
3425322236
0
15
0
15
2404530982
0
27420715
996298226
0
41948220
74464404
3631722534
0
0
3420592892
0
0
6
0
0
0
0
15
0
387567393
0
0
0
0
0
6
0
0
0
176491327
8830503
0
0
0
29670956
0
0
60494
0
0
0
8957028
0
2909470097
0
0
212416966
0
448336540
0
0
0
0
15
223525575
0
2569180733
0
0
0
3
0
0
92854200
0
0
0
0
0
0
3
71478946
1
0
0
533223496
0
0
1579753
0
247263380
0
477389190
0
2678455
0
129548656
0
0
0
776042106
473756911
0
0
10
0
0
0
782826594
0
2745996
28
108346560
0
0
0
0
3
1318372302
0
469083135
1024618546
0
582172503
911345951
6
0
0
0
0
0
0
346884630
1104250
0
1038046685
0
1345755830
0
0
6
0
0
0
0
0
0
0
0
0
0
131439510
0
0
0
28
36
615741778
1551928755
2105034461
0
0
0
0
1963171
3
0
0
6
0
28
0
0
0
0
0
0
0
0
0
0
0
107708632
0
0
0
0
0
302272578
28
550605520
0
524113424
0
955294084
0
0
0
0
0
0
0
0
0
0
0
0
0
417608775
462131853
0
0
0
0
0
0
831361476
0
0
534269016
0
1700654223
0
29803446
0
0
28
0
0
557624764
10
0
0
0
0
0
0
0
969758453
28
299965771
1209114900
28
0
167920149
894246893
0
1823822946
0
0
0
0
0
0
0
17325441
6604795
0
0
1
982932
0
0
0
0
10
0
0
0
1195817843
2300387477
0
1343660109
2356093076
388838172
0
178318214
0
0
118387578
1715878
0
0
15
85680595
0
69755766
0
0
36
0
33507
0
0
21141253
3
10
561476805
0
0
10339878
0
0
938722785
0
0
6880195
0
723425703
0
252124740
0
0
0
0
0
0
533196617
0
0
0
0
0
0
0
162954204
0
3400852049
0
0
0
0
0
0
1
3
3
0
5877306
0
2830875480
27598735
0
72162585
0
0
0
0
0
0
1159410519
0
59684793
414559307
361559724
174123856
0
0
0
0
0
0
0
0
0
0
196184807
0
673023016
0
0
517629009
0
0
0
0
0
463364256
0
16139721
0
0
0
6
0
0
0
0
0
0
0
0
0
31565485
0
28
0
0
0
101616497
0
0
0
608394403
0
3
703178198
0
0
0
0
0
0
0
0
562381953
6420056
0
679713829
183945790
0
0
0
138602925
0
0
366839241
0
0
6
0
0
0
0
0
1192550703
0
786755278
0
0
362464350
0
0
0
0
0
0
0
393022666
68041945
21158836
0
0
10163978
0
13752390
0
0
0
124291261
0
0
0
6
0
155575980
0
0
337252308
28
0
0
0
0
0
0
22892761
0
0
0
0
412316619
0
120113241
3
0
0
0
0
0
20406466
15
0
10
0
0
1382366691
0
398966716
0
1448498890
2873171290
0
63309378
135013528
0
72240739
3
590051550
380673028
0
115208610
0
0
0
0
0
1067094052
0
0
15
476818472
0
0
0
1020474
0
0
0
0
17430072
0
0
0
0
0
0
796640135
197117640
0
0
0
0
28
0
562616740
10
13160540
0
0
0
0
0
0
0
0
300001244
0
94455640
0
28
3
226366003
0
0
0
0
0
0
0
0
2487442244
0
519241425
711568950
0
0
886960422
0
10
0
0
0
1032660555
21634656
2470513667
0
0
0
0
428849541
0
0
0
2696364161
0
211346520
219512121
1
484305003
0
0
0
974809935
0
0
0
15
0
10
0
0
1228978
0
28
0
0
0
0
0
0
10171576
0
0
0
0
0
2250271059
0
0
109128151
0
0
158856400
0
628459259
90928776
36
161320896
0
0
0
36
15
0
0
1759672781
0
0
0
0
0
0
0
37779778
1350273695
0
596430852
17049880
0
0
0
0
0
855138690
0
0
0
0
203996507
28
126312165
0
0
0
0
0
3
0
0
0
0
0
0
0
2685890798
0
0
303145361
752692122
316237140
1145827308
3
0
36
0
0
953956998
0
0
0
40609485
0
1324514295
0
0
21
0
0
0
121771
3594178189
0
0
0
0
0
0
347543430
16316328
0
636117732
0
28
0
0
595696650
0
0
977814753
0
0
10
756257757
730636420
337597120
0
0
0
0
0
0
0
0
0
61888375
0
0
208763961
3
0
0
0
0
28
0
0
311317335
0
83005170
9974811
0
0
1132475436
0
0
4674855
1642272774
0
0
0
1409546061
10
0
0
0
0
0
1431
0
0
1024596
0
0
0
36
0
0
0
0
1883857169
442805499
3423315383
0
0
885131775
185560480
0
72630567
0
0
1581045204
42012361
0
28
100997578
0
624369453
0
0
0
1301517113
0
0
0
51882391
0
0
0
414892364
0
0
0
943755735
957578203
875826
15
0
0
0
0
1
0
2519142953
0
67704066
0
0
0
0
0
0
0
0
0
0
0
1602945
1394536349
0
1412460204
31892091
6
0
0
1385676131
932148253
0
0
0
10
0
0
226132011
3
0
3550306680
0
749251405
0
0
0
0
0
0
0
0
209336491
1553087186
0
3
0
0
0
880048081
531037755
0
239356260
10
241109820
0
0
36
38686630
0
0
0
0
0
0
0
36
0
0
0
0
28
0
0
0
0
2593489894
0
10
0
10
10
0
0
2462445302
0
0
0
0
0
0
6
10
0
6
0
95388972
0
218185605
1723831330
0
0
0
0
0
0
2798300502
0
0
0
0
387240535
0
0
6
2136549156
54962370
121469491
441517722
544021605
43119541
0
0
0
0
0
0
0
0
287172595
0
3414102909
0
0
55119750
43926264
0
0
0
3
0
0
0
2189212595
0
28
0
0
970827159
1
0
0
0
618446865
0
1764237124
0
73769196
0
315063102
0
0
28
0
0
25251171
6
3595695804
282199813
28
1048384945
1
0
0
28
0
0
0
951386765
3023767468
70044602
2024125727
219210391
904761991
6
0
0
28
0
3031989523
28
1946675927
0
0
6
278373810
0
28922866
0
0
3515226
1374091284
750684378
0
0
0
1695806502
0
0
0
7455591
0
0
0
0
908882571
0
0
669834901
10
327059306
28
0
1175761278
69084135
28
232012089
0
2148791609
0
0
22800272
697604628
0
0
28
106989597
0
0
281188755
0
0
0
184867606
0
262033278
0
0
0
0
0
0
0
4087850
0
0
0
0
61455241
31557540
0
524442691
13815396
0
0
172190403
0
0
0
0
0
0
0
0
0
0
7700850
83086101
0
0
0
68275455
0
0
3534318528
0
15
0
0
0
3
222974403
0
0
0
103212528
1056689406
563268185
0
2906212515
1764545794
0
0
372959016
0
36
0
0
2055776109
0
0
0
36
0
0
0
1813347
0
0
0
0
0
0
1209029325
0
0
0
0
0
0
768818090
0
0
0
1631503703
0
0
3351230172
782872329
0
0
0
44873601
0
0
0
0
827899086
0
0
28
0
0
0
0
906932755
1481185521
0
0
0
566110776
0
0
0
109835614
474889971
0
0
0
0
0
528954075
28301526
0
287552025
0
835362375
0
638259795
95586051
0
0
0
0
0
0
10
0
10
101863316
0
0
0
0
28376811
0
10
15
0
0
0
0
0
0
0
3
0
0
289477891
28
10
0
36
25550526
34826829
630995050
21
15
0
0
0
28
0
0
0
0
154396344
0
0
15
0
0
0
225124199
15
1779281592
0
1147182324
0
257016500
138552981
0
2225577963
552332466
44196638
0
2293938322
0
6435078
17453757
6
286625403
177949060
6
0
0
565500675
0
15
0
12860056
0
0
0
4148958
0
0
0
0
273115747
0
1076192396
0
445990168
0
0
0
0
0
0
1009252805
0
20394900
0
2130181776
1219299954
0
0
3
1
0
0
0
0
0
0
22559238
272210219
0
36
366417284
157383669
3643738578
0
0
57036540
3
633626601
0
4337985
0
0
0
0
0
6309176
0
59181760
0
34093153
10
1
0
1455148562
0
1221489451
0
0
0
0
0
0
10
0
0
0
0
0
1
0
0
0
0
0
0
714044555
6
0
3
0
0
0
0
39575215
0
0
0
0
509377312
13063716
0
356846
36
0
875325599
0
43398586
0
0
0
0
0
856338420
0
0
951897528
0
0
10
0
0
0
0
0
0
145922986
0
0
0
0
15
11061456
0
0
2641934069
0
0
1401984094
0
0
323539461
0
0
0
0
3
1317876
3
1
1451545760
0
0
148841631
15
0
3
0
10
0
0
28
7642350
0
0
0
0
21
0
0
0
0
3
8317081
311421588
0
49212071
3040132674
0
208641378
0
311163931
924754704
0
771243175
2756338671
0
0
0
0
0
230405311
0
0
0
17871231
0
6
0
0
0
0
0
0
10
0
0
0
0
0
6
0
0
0
0
0
0
0
0
3695121
1326178575
0
0
0
0
0
0
0
205183153
10
249191650
0
0
570421886
0
10
0
0
0
0
0
0
28
0
0
0
0
41088712
372440278
0
0
0
0
121282525
0
200524954
0
0
0
0
0
0
0
0
0
0
0
0
0
0
0
0
0
0
0
0
0
0
0
0
0
0
2393584262
448755861
0
0
0
0
805910878
0
383215770
127304946
0
0
6
0
0
0
0
91131336
0
0
0
0
6
0
136837172
0
0
0
22358199
0
10
0
0
194764716
0
0
0
0
0
0
584768701
0
0
0
0
0
0
0
868548681
43801777
0
657411930
0
0
510150708
0
0
97552935
0
0
0
0
1731297413
0
0
0
0
4127552
1118668650
0
0
0
0
0
0
0
862100526
0
0
3
0
0
0
0
0
0
1217834628
757914
0
0
1248075741
0
0
28
72414815
2488134572
0
598908745
0
0
0
0
750064546
0
0
0
2596556097
572014576
0
1075710311
0
1039201255
0
0
10
15
0
0
0
0
0
0
0
0
0
0
0
1695595580
10
28
0
0
407736846
0
0
0
613118489
0
630533316
233679771
0
20380920
0
0
34275060
0
1497306339
0
0
0
0
0
0
28
0
0
0
504237646
0
0
3542575410
0
875648476
0
0
0
0
0
0
1452945991
182854126
0
0
0
0
36
0
2539413968
0
2150580519
0
2673475923
0
0
1556789796
14706
155137555
0
531950653
15
0
0
1549680
10
0
0
6
0
6
21
0
0
0
0
0
1067890005
540300628
1
0
0
0
66073260
0
927533985
5812443
0
0
0
0
0
127600193
0
0
0
1
2217612152
0
0
1140085360
0
0
0
0
0
711735
0
0
0
0
0
0
36
0
0
0
634695006
0
517629210
0
0
21
0
0
0
21
0
9748320
0
1
0
4850055
3210096286
0
0
0
0
0
0
0
2996661347
0
0
458893663
0
0
0
0
0
0
0
2519511772
10
0
0
0
0
0
0
6
0
10
15
0
0
0
523115685
490934792
3
335156319
0
711319940
0
744266071
44194101
0
60549510
0
336592494
738413235
0
0
669029910
0
0
0
0
0
1253117553
0
0
0
41761770
0
0
0
0
0
0
0
239913217
0
6
0
10
0
0
393992038
0
0
0
0
28
655830658
0
194922640
0
0
0
296936265
0
0
0
0
2629110
0
0
0
114061945
15
18505584
0
0
0
1049124899
0
0
438864751
86428378
0
0
0
0
0
155736
0
0
1228528
0
0
0
0
0
0
0
0
3
0
15
0
1698803208
0
20503
0
0
0
0
0
0
0
0
3
0
0
0
0
0
0
0
0
0
21
2415633011
0
0
8897871
1976480517
0
0
29625753
617954590
0
0
0
212226
0
928524871
0
0
834299976
859575327
0
0
0
31605225
0
3182030430
7408746
0
487266153
1741537886
36
264442503
0
0
801580780
0
0
0
0
3404234593
36
472735126
36
887446863
0
28
463329574
1
0
0
26252490
0
17009028
0
0
0
0
0
1144404561
0
0
0
0
386461701
0
0
0
11188815
0
0
0
75700360
0
0
0
0
0
0
0
0
0
10
0
0
3771631
21
0
0
307582003
0
243427401
0
3201128043
0
2879380531
1
0
0
1955640
808671234
0
0
0
0
0
0
0
249526630
48174945
0
0
256953115
0
0
249995617
0
0
0
0
2136397094
0
0
139570278
0
901616880
0
0
21842745
0
2808194235
0
0
0
0
0
0
0
0
0
148811667
0
0
28
0
0
10
0
0
0
37502130
0
0
0
0
0
0
0
0
0
0
0
1045090621
0
0
0
122703945
0
0
0
0
0
0
0
0
0
0
0
0
0
0
0
0
0
0
0
0
3
0
0
0
6
0
764816000
86233732
0
0
0
0
0
0
6
1802151
18545090
117022051
0
0
0
0
0
0
0
0
0
6
0
0
0
0
0
96459105
3003995839
1717835670
561216335
0
357527170
0
0
0
0
0
0
28
15
0
0
0
0
0
0
36
0
0
0
0
0
0
0
0
0
0
0
0
0
97797105
0
0
0
430128
0
0
450405091
830586903
1
0
779512870
0
0
0
0
0
0
0
0
0
0
0
6
0
890445
416873306
3
6
624581496
0
294698503
0
40387578
0
2461230244
0
708253640
28
0
0
0
116655175
0
0
0
0
0
395305829
0
0
0
0
0
0
0
0
0
10
264318387
28
0
0
0
317633410
0
772697016
0
0
1421497291
0
0
0
0
11624956
0
0
462520905
6
0
105622463
0
36
0
0
37389628
0
1218328860
44165901
2902648726
488953356
0
602895450
183160230
0
0
0
84065061
0
1480211685
0
0
0
106651899
0
0
0
0
150003277
6
0
0
0
0
1164698067
733973094
3
0
0
0
0
0
0
0
0
0
767980617
0
83677311
7767200
0
28
0
0
130645530
0
28
1761460055
3
0
0
0
0
0
1286197176
0
0
8630992
0
0
0
791993204
0
0
0
0
0
0
176955078
0
0
0
3
899749410
0
0
26038936
0
0
0
0
0
0
0
0
0
0
0
0
0
0
0
0
0
0
2026964763
0
0
0
0
502838249
0
0
0
619960078
0
397939322
0
0
870759046
15
0
0
328905581
0
2938743611
728188203
0
63193935
0
10
0
0
15
0
0
0
0
0
0
6144265
36
0
0
0
0
40342653
0
0
683507123
0
0
0
10
0
0
3
0
0
1223857604
2634554141
0
1163333120
15
0
0
0
36
0
2963362688
229183345
0
0
0
0
0
3
133097770
0
0
0
0
0
15
6
0
555390
0
0
0
0
0
0
0
0
0
0
36
0
200710554
0
0
347142777
0
0
79461921
0
0
6
0
0
72836415
8605026
0
0
0
0
0
0
0
160500486
537739615
0
0
955445649
0
0
2160085915
0
0
1195468546
0
652453626
0
0
0
0
0
0
0
3
1892700740
0
98030611
1195607403
0
0
741105750
0
0
0
518779284
0
0
0
0
0
0
0
0
0
10
0
0
0
0
0
0
0
53033982
58801590
28
165119878
3
468756499
0
0
0
0
0
0
0
6927186
0
903840
0
0
0
0
0
0
0
0
0
0
0
414027
0
0
0
0
0
0
36
28
318856812
0
0
0
0
1423807041
0
0
0
0
110352975
10
28
1384370907
3552496281
215997720
0
0
0
0
0
28
0
0
0
36
0
0
68100285
0
0
0
0
0
36
0
1434857802
0
0
28
0
0
3240003808
0
2103461891
0
0
0
0
507896256
0
80524395
0
432018315
1252163919
0
42527253
0
2448327101
0
6
1882661160
0
0
0
0
0
0
414043476
0
0
0
0
28
0
0
321095811
379873266
2066557878
1083846961
308053431
0
0
967472090
0
896299226
0
0
44507574
325021623
846056535
0
0
0
3
0
856925
12335367
0
0
754664322
0
296414469
0
0
0
293776680
0
0
0
2369507337
58639035
431657160
0
2606008022
0
0
0
0
2198619901
0
0
950682847
6
0
0
0
0
0
0
177599565
21
36
1
1607517003
0
495668355
0
0
290703
0
0
0
0
16747578
0
27502236
0
0
0
0
0
0
0
0
0
0
1
0
0
2736653111
0
0
0
8202180
36
0
0
0
0
1616795066
22625241
0
0
0
552795801
28
0
0
0
629662455
2491475361
28
0
0
0
0
0
0
6
0
0
0
3
0
0
0
21
0
0
0
193976056
0
1414762604
159842723
0
0
1450550469
0
0
0
0
0
2308855322
0
0
3
0
0
0
1
2556492
0
0
0
0
0
0
0
10
0
0
0
0
0
0
0
0
0
0
0
0
28
1634209275
3
48476781
1438286012
738605395
1
0
0
32606850
0
0
0
0
73610911
1856569442
10
0
0
15
36
0
0
14347755
4934861
0
0
672304081
41191426
0
0
0
0
963934278
69814836
933964114
0
37528116
0
0
308401030
2075629781
0
0
0
164774781
0
0
0
0
0
0
0
0
1016621686
359143602
0
476000085
30210421
0
0
0
36
0
15
0
526614831
0
0
0
525591577
0
342238203
0
0
6
49125755
0
3
952770378
3261231636
0
1176656620
0
0
146915511
0
1046645628
0
0
14566503
28
245523251
0
102252150
0
9446031
15649215
0
0
334947095
0
30051435
0
0
0
0
0
2228170787
0
2804653464
0
0
0
0
75971301
0
0
0
0
0
3
0
386924873
2453555449
0
0
2248102577
11184085
2727659304
9899025
0
0
0
0
2262827250
0
0
0
0
212539965
0
0
0
0
0
3
0
1409044184
0
9058686
0
28739571
0
3
0
373152
0
0
0
0
0
28
10
2931939744
0
0
0
0
0
28
0
0
0
774309628
0
15
0
48713385
1784010533
0
50385741
0
0
0
1
0
88039815
415773915
0
0
34806996
0
0
0
0
51245
3
0
0
0
0
101424403
0
1
0
0
89742302
0
15
867637817
0
13284435
0
0
0
293922135
6
0
0
0
0
0
0
0
0
265294095
1159331628
0
0
0
0
0
1382911682
0
0
0
0
619009705
0
0
0
0
0
0
0
15
0
0
0
0
0
0
0
0
3
21
0
35533967
0
0
0
0
3387770709
0
10
210960387
280335681
3692893971
0
0
0
0
0
0
972315
0
0
0
0
0
0
15
0
0
36
0
0
1028469981
0
7826946
0
0
0
0
801025544
0
0
0
0
0
37191000
0
0
0
0
23787753
0
0
0
451245861
0
36
0
0
0
0
1370945450
0
1
0
0
1004707551
10
0
442099980
0
0
0
17565472
443796528
1
14777766
0
58411836
0
52916328
0
28
0
0
0
369253900
0
9590010
0
0
661624876
0
0
0
0
277148196
0
0
0
0
0
0
3573746128
21
477282114
36
0
0
0
0
0
0
0
0
1279703397
93482301
0
0
0
0
143303985
36
0
0
0
48300900
0
28
4727624
0
3749974964
0
179238711
0
0
14123178
198771891
0
0
0
0
0
0
0
0
0
0
0
0
0
0
0
0
0
10
108034977
322380137
387101103
0
105916735
0
0
0
0
525285078
0
0
0
0
0
0
0
2448179372
0
0
36760934
3
0
0
0
154345639
0
0
0
0
0
0
0
0
0
0
0
0
0
0
0
0
0
0
0
28
36
0
0
0
798216
0
28
0
0
0
0
0
0
0
0
0
0
0
419094676
0
0
0
42628761
0
0
0
0
6
0
0
0
0
82710790
0
0
0
290127916
783651498
0
0
684042167
3003772142
0
0
232384461
1728870
0
21
0
0
1583091273
0
0
0
5633046
0
10
0
0
564866466
0
0
1206166170
548428419
907103121
0
637512778
0
0
137854710
0
0
217747146
0
125555781
245366628
10
10
0
0
0
70030141
8521095
3095032153
0
3
0
580672081
60121095
0
0
0
36
3
0
0
0
0
0
0
15
0
563908049
0
0
0
39814426
0
49096460
0
0
853577638
0
619404113
180433506
2833300858
0
1846767415
0
0
0
0
1
0
0
0
552489503
0
1149782571
0
0
0
0
0
0
845324403
0
0
0
0
0
152050641
0
1010768241
0
0
6
0
0
0
0
0
0
267972825
0
311213826
352825015
0
0
0
0
0
22879230
90350403
0
0
0
849503225
599635765
343600005
0
10
0
0
10
10
294965616
0
456306945
0
0
0
10
103140703
0
0
84532503
17680431
0
0
81542835
21
0
0
34382778
0
0
0
0
0
0
42656466
0
1070664675
0
805389045
119838421
448805015
0
752933415
0
0
182051821
118249131
0
0
25256070
0
0
0
0
0
113600241
0
0
41391351
0
0
78644611
0
0
0
0
0
8199225
1339475575
0
0
0
1922406222
0
0
3
0
2141833697
0
56833791
0
0
0
570846
0
0
3
2262749654
13143403
0
0
564567407
0
955647348
0
26209443
0
0
0
0
0
0
0
15
0
872846871
2094233492
21
0
0
434426457
0
0
0
0
0
1722780083
0
0
0
766984761
20024956
495951765
1560141795
2089990
0
0
0
0
0
0
15
0
149117815
87571
0
1543160150
0
0
0
36452991
0
0
0
0
0
0
0
0
0
0
0
0
0
2761741059
1
0
0
152102961
0
1553215775
1099265716
28
36
0
0
1658931
73227024
0
0
0
0
155417265
0
0
0
0
15
0
0
0
0
0
0
0
0
426953722
0
0
10
0
0
20412855
0
1832926532
0
0
0
0
0
0
633977835
0
0
0
0
0
544846555
0
0
0
0
0
0
0
373376728
42269415
0
3462396
3
187608135
0
0
113637027
0
138339684
6
0
610977732
198552628
0
0
0
0
0
3
278539003
0
0
0
0
67216215
0
1205991794
0
0
0
0
0
0
0
0
0
15
1233430278
0
0
0
0
0
0
0
127304946
0
663184398
0
494409735
0
0
0
1296966220
0
0
0
0
0
2284084408
0
0
0
0
0
0
139988278
0
3
2052366376
0
0
0
655805109
1186941003
0
0
0
10586901
0
0
0
1153896780
0
1549742522
0
10
1115926903
0
0
15
0
870592128
0
0
0
0
0
71629866
0
0
21
36273903
0
0
0
0
0
0
0
52618411
0
0
0
0
672346385
0
0
28
12404625
1
0
0
0
3246653214
115451610
0
0
0
0
1343929488
28
125746011
0
0
0
1
0
36
0
0
0
0
3495640971
56546295
0
265340166
336454770
0
0
0
21
6
0
0
0
0
0
0
10
370995180
0
80752986
28
0
0
0
1225685229
0
0
0
0
0
0
0
0
49896
0
0
0
3074534433
0
0
0
0
0
0
0
0
0
1
0
0
0
0
32930670
122954721
0
0
0
3209311
9823528
49536081
888323246
0
3
0
0
0
10
111918155
0
0
1
0
28
1157887503
0
0
0
0
0
0
116533011
0
0
28
0
0
0
0
0
0
0
28
0
0
317822694
0
0
0
0
6510636
989281210
0
848385806
0
0
0
0
0
0
3
0
0
0
0
0
0
1163549577
206747124
3
0
3
36
10
0
0
0
0
0
0
0
0
0
0
409950082
10
6186403
0
0
0
153151251
696260586
697971
15
351376795
0
0
28
0
0
0
814121776
0
0
3723721080
0
0
178810500
78707331
0
10
0
1420727761
3438046185
0
0
197243816
0
0
596799426
0
0
0
2816427609
0
28
0
0
17508403
0
0
931328061
404345703
0
36
0
0
3
0
13299903
0
0
0
0
0
0
0
2053294657
0
15
0
0
0
0
0
2634660
0
0
0
1153080253
1049255145
0
621721953
0
228456000
3
0
139353165
91659030
15
0
559802530
0
0
0
0
64093762
0
0
0
0
0
0
0
81988366
0
14837438
0
0
0
0
608220003
0
891099138
0
0
0
0
5576130
0
1199152878
382330378
0
28
0
0
0
0
0
1500623331
0
1497223575
1121087907
17361255
0
0
72595225
3
0
0
0
0
6
503697930
15
0
0
0
0
0
0
0
0
0
879041485
761065605
0
6772153
1305209730
0
0
6
0
0
0
0
0
0
0
0
440986152
0
0
0
198413160
14527821
0
0
0
1368647982
0
0
0
0
859030525
0
3268883265
0
0
6
10
0
6
1283006201
0
3960125
0
0
3
6
0
0
0
0
6
0
0
0
0
0
0
0
0
0
0
0
0
0
49713727
0
0
652742646
0
0
670713625
0
0
102810630
0
0
0
0
0
0
0
0
0
0
783352541
10
1093376037
0
0
2589001106
2526771173
0
0
0
0
0
0
3
48044503
0
0
34035375
0
0
0
1935423456
0
0
15
15
0
0
0
10
0
0
0
0
25425
3
0
84207753
0
1208672361
416695146
0
0
0
0
0
52546626
6
0
0
36
0
6
0
0
0
0
15
0
1836291288
0
424581
0
0
0
0
0
0
0
36
0
0
0
0
941280966
28
0
3666544326
869009237
0
0
46710945
520273153
118681798
0
0
0
0
6
0
0
0
0
0
0
0
0
0
0
0
0
5349564
1286870768
1391428018
0
3444992634
0
655093306
0
3527332240
0
1
0
0
0
36
151397748
0
3112271526
3
6
0
0
297448245
1613579113
0
0
0
1731807113
0
0
0
28
0
0
0
0
0
0
2644453032
0
0
0
0
10
0
28
0
0
0
24480302
1198742646
1969108710
0
0
0
40754918
0
6
0
0
10
1185431291
0
0
0
0
0
0
0
0
0
28
0
16365888
0
555094540
0
0
0
0
0
93146649
0
35806953
0
213448791
830829893
0
0
0
28
0
131422578
1
69403554
478192527
3
0
0
0
0
10
0
953599956
0
1071312616
0
0
0
0
55867735
0
0
0
0
94577310
0
0
36
0
28
25562248
856538545
0
15
0
0
0
0
653428358
0
519015871
0
0
808844310
85491
1
0
0
0
1531059450
0
0
0
0
854518470
0
0
21
0
0
867715311
395043886
0
2891318984
0
0
658137340
0
0
0
0
0
0
0
0
0
0
0
0
1411171341
0
0
0
0
0
0
0
0
0
0
104987295
0
0
3283510605
0
180232884
0
2221228526
0
0
0
0
0
14708868
491415
0
0
0
0
0
0
28
2107069224
0
0
0
0
0
0
0
0
0
0
11753976
0
0
0
0
6
946381688
0
0
0
0
36
439279620
3
0
0
1848909735
36778176
10
0
0
0
624016128
0
0
1233579285
0
0
12402690
662098272
638323142
333788203
0
0
0
0
0
99849646
0
1195678351
0
0
0
0
0
0
0
3
186589685
0
0
0
0
10
0
0
0
0
10
695850165
1546658346
98792001
234783615
0
142610716
0
0
0
2231100871
28
0
0
0
0
0
175060116
0
0
0
0
0
1
0
0
0
0
6
0
0
0
0
36
2332691625
0
0
0
0
0
0
0
0
0
0
913674378
0
0
0
0
0
0
0
0
0
0
376792426
0
60378
0
0
0
0
5276376
3
0
1007668278
56461251
547224521
0
0
0
0
0
0
1007623386
211367080
0
0
0
537285
0
0
0
28
0
0
0
103097820
52093315
0
0
0
28
0
0
0
0
119889835
0
1425779382
0
0
0
28
0
0
0
0
0
888880366
356378253
0
0
0
2198735014
0
0
0
671309458
2616356293
3069597168
66949806
0
165029028
28
0
0
0
0
0
2117050489
551930522
0
0
13852216
0
0
1516111995
0
1217933335
0
787310721
3104349818
0
0
0
0
153781953
0
3392334043
3
101151165
0
0
0
0
0
154483458
0
0
0
0
0
676289940
6
0
0
78977281
0
0
110714640
28
3
0
0
0
10
0
0
0
0
0
624652185
0
0
28
312659004
0
0
0
0
0
0
219859965
0
15
1060554540
692050206
161596
0
0
0
0
1359631189
1385647239
0
0
0
0
17871231
36
1135816494
0
6
0
623045162
0
0
2275478447
300694617
0
0
859113426
0
0
3
0
0
15
0
6
0
0
0
0
0
220996133
0
0
10
0
0
2926283418
0
140608065
0
0
537018378
0
0
516120256
0
258945925
0
0
0
0
0
2263128
209889316
0
1139091950
0
6
0
432165300
0
59421351
0
0
1506843374
6
0
0
0
0
0
0
647226231
248178843
0
0
243620663
0
0
0
130128778
0
0
4868760
0
238688414
0
4836006
15
0
0
0
0
0
0
1183360074
0
36
1709352060
0
0
7986006
0
0
0
101168200
0
0
0
0
0
0
0
0
0
0
0
0
62197620
2982553344
0
0
0
0
569176930
0
100203246
0
0
0
0
74222
0
28
0
6
151145207
0
0
355730262
0
0
0
15
0
0
15901980
0
0
262202130
0
0
15
0
0
0
0
0
0
0
2513081402
0
0
0
0
733655665
36
0
0
0
0
0
0
0
0
3
0
105742153
172439036
0
0
0
0
0
0
0
0
0
0
7716556
0
768180
0
0
0
0
0
0
0
0
28
0
0
0
10
0
0
67657528
0
0
1016260986
1447193980
3183320214
0
0
28
0
21
0
0
0
0
0
1102414155
0
0
0
1159716880
0
0
0
51520030
0
892806748
1004334919
0
0
561951476
0
0
0
0
0
0
16597441
0
0
0
431096560
0
0
0
0
924208474
0
2227515613
75749586
0
0
0
685153720
0
0
0
0
15
0
0
0
0
3472890521
0
0
62449
0
2046887948
59443559
0
0
0
518558384
1168401970
0
10
0
0
0
597273084
119107398
0
10
0
0
0
0
0
15
0
0
0
0
10
0
0
0
0
0
0
0
0
0
0
0
0
422954070
0
0
0
1278361363
0
0
1801569787
0
0
1784253610
1239646528
0
0
0
0
93004341
0
0
357435
0
2642996940
156848616
0
0
0
3517978623
0
0
0
1890356948
0
0
0
0
36
2644200818
36
0
0
149757471
255837919
0
0
3
0
0
0
0
0
0
1490480
0
0
0
36
0
0
1273286680
0
0
0
266008645
571184527
0
0
0
0
0
0
0
0
0
0
996166
1111066230
0
28
0
159052530
519972530
2880879534
0
0
0
2571498818
102237850
0
465811503
0
0
0
0
0
722437066
0
0
0
2451677405
0
0
0
0
1037434691
602953621
0
0
3
0
1184652150
0
0
969166351
64009281
21
0
126333460
0
0
3
0
0
0
59090143
1014863878
0
0
0
0
0
0
0
342761653
0
10
0
0
6
0
0
10
1183105320
36
6
0
0
0
226983471
0
0
0
0
0
0
0
19961721
0
0
1
0
0
0
0
0
0
0
10
0
0
10
0
0
0
0
0
147395865
10
0
0
0
0
0
0
0
1238551335
23317285
0
0
0
0
254574012
0
941690415
36
399186640
0
1734287970
0
21
3632755984
0
0
0
0
133620378
0
1813584114
0
0
127704171
127736136
1075482631
0
0
551236206
0
153575865
372140121
0
0
0
71970003
0
10
0
0
0
0
494441181
0
4755716
356223153
0
641410836
15
33199026
0
610419270
11758825
0
0
0
0
0
0
28
1234175403
509363403
3370019953
0
0
0
0
306107405
0
0
1905393098
621055
0
10
0
0
0
0
0
0
0
0
32940166
0
0
0
0
0
0
0
0
0
0
0
0
0
0
0
0
0
0
0
6
0
0
10
1772372839
0
0
6145689
0
17366671
0
0
0
0
0
0
0
0
0
0
15
2500517758
1678002488
0
787349045
0
0
0
28
0
592970703
0
0
0
1058805153
0
0
0
1520407544
0
0
276277771
0
6
12769465
0
36
0
298772172
0
0
102906341
0
0
0
0
3
0
0
0
0
6
2241631209
0
0
0
1831990301
355391691
0
0
0
32930670
0
0
0
0
0
0
28
0
0
0
0
0
0
19703503
0
0
10
0
0
555293945
0
0
0
67680795
0
0
0
0
744073176
0
0
0
66556953
0
0
0
0
0
36
28
0
0
3135911597
0
36
0
0
0
0
0
37771086
0
0
843146580
0
0
0
0
28
0
0
0
148936845
0
1
0
0
0
0
0
0
0
813341561
0
0
0
0
0
7696926
0
0
0
606467331
10353525
7626465
0
15
0
235820888
0
3
0
444511836
0
0
0
0
0
6
0
0
502682778
0
36
0
0
0
782753961
0
0
0
75025125
0
0
36
0
0
550638705
0
3
10
0
15
28
0
0
0
0
0
0
0
28
1724305543
0
0
137054754
0
0
0
3128734438
0
28
0
6
0
0
28
0
0
2159525824
0
100571653
0
707575771
0
878736760
0
0
6
0
0
0
0
0
460333653
1133643694
522275040
0
0
0
489641571
0
0
0
3707794015
0
359976
0
0
0
90679824
0
0
0
0
0
806392720
39816581
0
0
0
15
0
0
0
0
0
0
0
498569253
15
47292675
557277763
0
10
0
3066251228
0
1
0
0
294987825
15856896
0
385267161
30361528
0
661770390
28339156
0
189
0
0
0
6
0
0
0
0
0
320057650
656976876
0
0
0
0
0
0
541715070
0
0
1102644280
0
1
379074345
868577958
986173593
0
0
0
1355481
24036711
11479236
0
0
1394563114
0
0
0
0
1028379276
0
690226997
0
0
0
0
0
0
0
0
0
0
0
0
0
0
0
0
0
131876920
0
0
0
0
0
0
0
0
0
0
0
0
0
1336548655
110774170
0
0
0
0
0
1
1086782131
6
3
0
145922986
0
0
1200720510
28
17745903
0
28
0
0
465903075
0
0
10
2905472786
0
0
0
0
0
0
0
0
904591845
10
107399930
0
0
0
0
0
3
0
0
0
0
23725716
0
0
0
0
0
0
260245780
0
0
0
965035196
0
149554077
6
0
0
3076114776
0
0
0
0
0
0
0
1
0
1573878607
0
0
230323673
6
0
625394661
12893370
0
1087388295
36
0
0
15
0
0
47662966
0
16614730
36
0
264344682
0
0
0
0
0
172578
0
0
1313544437
0
0
0
22992724
0
0
1884711
0
0
0
0
1144930878
693728109
0
0
0
164665878
0
0
814807896
0
6
2469719037
0
0
1195042716
0
1087714761
0
6
6
803103003
0
0
0
0
2380249932
0
0
0
110357796
0
0
0
0
2853554461
6909903
0
0
0
0
45917340
0
0
0
0
80321475
0
2957673925
0
0
275338311
10
0
1064226890
1009554645
0
0
28
3
0
0
0
42175875
0
0
0
4264660
0
815534691
0
0
0
0
0
0
0
0
0
0
784930035
3392762059
643242232
0
1239696321
0
128088044
749754726
1732928696
0
0
0
28
0
419239446
1931402434
0
0
0
0
277025301
0
0
0
3727409075
0
8859945
3
0
0
1
9258837
531298503
0
1706281717
0
0
16968225
0
0
0
0
0
0
8275280
0
3198864139
0
105436981
0
0
0
0
0
28
0
0
0
0
0
0
0
2837613093
3029491
887278875
6
0
0
0
3128003969
2195521625
0
0
0
0
0
0
0
63864675
0
0
0
1
0
0
8464555
28
0
0
0
0
0
0
0
854605658
0
0
0
5846490
0
0
0
0
0
0
0
8158780
0
15
0
0
2247405797
0
69962409
28
54460266
0
0
0
0
0
330077971
1
0
0
0
0
0
0
0
0
1449910
229185053
84440373
1
1226436065
54085200
0
186853446
0
223439230
516014316
5456049
0
0
0
0
0
6
0
0
494692785
0
0
23840708
125694718
1222478181
0
0
0
1
3
0
0
143555349
0
68357278
0
0
0
0
71407225
0
517213203
0
1216897111
0
0
0
393695830
15
0
20304378
0
0
2270688521
142730460
0
684483628
0
0
0
0
0
0
0
0
574825371
0
0
1614727203
590837500
0
0
899028406
0
422930652
0
3
0
0
0
309461670
0
858243165
0
0
0
0
0
0
0
0
3
0
660962813
960399263
3
1990508785
0
48172020
127352820
0
0
6
28
0
0
0
0
0
0
0
23677521
0
0
0
117798095
0
0
0
0
0
2353962869
0
0
0
780579316
0
0
158233155
683444418
446213001
0
0
0
0
0
3296028
0
0
0
0
36
0
0
0
0
1661953250
11518996
0
0
0
0
760558501
0
0
0
0
0
0
1150488496
0
0
0
315411249
0
401195301
0
36761025
92677305
0
0
6
0
837243660
358517253
0
0
1189134528
33296880
0
15
0
36
75004209
1
73801288
0
0
0
28
0
30182565
0
0
0
257610951
675299625
2512782071
0
3
0
0
333271653
14979601
0
36
0
0
0
693167418
1458272773
28
0
0
0
0
0
0
0
0
759528
0
0
196822720
0
1024803774
0
183217653
0
0
0
0
0
0
0
0
0
556430369
0
0
622815571
0
2425246005
0
914997784
0
66441628
0
0
0
1232486776
342489840
0
0
15
0
0
0
0
0
306156075
0
0
0
0
0
0
3
0
0
0
0
5935735
0
0
0
0
0
0
0
0
0
1249725015
0
0
0
11484028
0
543068547
0
0
990814870
1838811122
0
0
71228080
0
0
0
0
0
832095615
0
0
0
0
0
0
0
0
0
0
0
0
2009834112
0
0
0
0
0
0
0
0
0
215104911
0
0
15131270
0
0
52362261
0
0
6
0
0
0
0
0
0
973176903
567132864
0
0
10
847052220
0
0
0
36
0
2454687997
0
0
0
0
0
0
36
0
28
40856280
0
2978100401
79272936
723387666
0
0
0
835076278
483091986
489522216
2432811311
0
192186162
0
0
727370397
0
0
0
0
1
0
0
0
1110450027
0
0
0
2582274914
0
10
44128315
0
0
0
36
0
0
0
0
0
15
3
0
0
0
0
17207911
0
0
0
101909226
0
798820435
438982229
2304893717
0
0
0
1733948010
0
0
951613736
1
0
0
259475590
0
0
2442001916
0
1946531966
0
0
4454460
0
55224795
2536122903
0
0
880090035
0
0
0
0
222193740
3
6
0
0
0
0
1190251749
402556125
0
0
0
0
0
0
77784277
0
0
0
198353403
3
0
0
0
0
1803465
538592610
0
0
0
0
0
0
0
0
0
1894473467
0
114003
0
0
0
0
0
2135989395
0
0
1111403784
0
0
0
36
0
0
6
0
0
1227923346
0
0
1373485184
0
0
0
0
0
0
119559214
0
0
15
0
815050125
11570455
0
0
0
0
0
0
2962657955
0
21
0
643159163
0
0
0
161955003
516812195
0
0
296231810
0
798740496
0
0
0
15
2655647747
287772045
0
0
0
0
0
0
40677039
0
28
9180
1083241785
36746083
0
0
0
0
15
0
0
0
0
6238932
0
0
239334381
0
0
0
3
117757531
26903879
0
0
0
19741186
0
1
0
0
100426037
0
0
0
15
0
6
0
0
0
0
0
6
0
0
0
0
0
259064442
0
23205078
0
0
28
0
0
28
2507681426
0
0
0
21
0
127928010
124638492
0
950458200
0
725944979
0
0
0
0
0
0
0
0
0
334454395
0
0
595004256
0
0
0
36
0
49337043
0
0
0
0
0
0
2155733174
0
0
1240642578
15
0
1028923566
232521100
0
0
0
0
0
42822885
0
15
0
3033428499
2483599572
0
142315980
0
0
0
864261100
0
0
2852289768
0
0
0
0
10
0
0
0
0
0
0
346147516
0
0
2288184748
3
21
0
0
6489003
0
0
0
36439752
3542381016
0
32028006
3379412879
0
0
9792525
10
0
10
706898800
0
0
0
3320812318
860730795
0
1386427778
0
1068490878
0
0
0
0
0
0
1
0
0
0
1433620847
377259246
15
0
0
0
0
82349361
0
0
0
0
1694025494
21011403
0
0
0
0
0
0
203182561
0
9576876
0
28
0
176278476
0
3
628621775
0
185252376
2604903
3685008968
0
0
144413766
763144846
843434056
0
0
291285316
1188013140
0
0
10709436
0
0
0
0
0
0
0
549809380
0
0
57164778
0
0
0
0
6
0
6046503
0
25894806
3
0
0
0
0
0
111486757
0
0
3517688652
42471797
159588045
1203771981
0
0
0
0
0
0
0
0
1
0
0
0
0
1960360205
0
0
0
6
2732138387
198353403
786517291
0
0
1010243675
0
0
0
0
0
0
512560153
0
10
0
0
0
0
36
0
1412860107
0
0
0
2363510261
0
0
0
0
213779503
85837753
0
0
185791726
0
0
0
0
842000690
0
0
0
0
0
0
0
0
0
0
0
28
0
472442671
0
0
0
0
0
0
0
0
0
0
0
68146975
0
0
1744230418
0
0
239859753
0
265412056
0
15
277627434
0
0
215042691
501636975
36
0
0
6
0
1013872965
0
0
28
0
0
0
118418355
0
1538377512
0
0
28
31125
0
410884111
0
28
39077220
0
0
1221341176
409621577
63924014
3542381016
36
0
0
0
2071911564
0
0
0
813670760
2378587852
0
0
1
0
0
837489201
0
10
0
0
0
0
0
0
1
6
0
0
0
10
188675025
0
0
0
0
0
0
0
1023601871
228349135
0
3
0
0
0
0
0
0
0
94164853
0
581592565
0
0
0
3
138494385
10
0
3
3
0
0
2355151454
0
0
0
0
0
69944878
28
15
0
2837526084
0
10
0
3
0
0
0
0
0
147598654
154027576
0
0
0
0
588979997
0
0
116655175
601248569
0
0
16626261
3402233005
0
0
205588503
15
0
0
0
0
911239395
2838474558
0
0
0
0
28
0
0
0
0
0
0
0
87328989
7254200
0
32094749
0
0
0
0
0
0
0
0
0
0
0
29007000
0
0
204838600
2495960437
0
0
297741003
0
10113753
1343420762
0
0
66868830
3
0
0
0
6
0
36
0
1142874145
794310153
2723299493
0
0
3583710474
0
0
0
0
0
0
0
10
0
6
0
1628438020
0
0
0
0
0
0
0
2498730
488865
53742528
6697103
1
0
0
520047375
0
0
0
0
10
0
0
982729611
1650190833
28
0
10
0
36
600293925
0
0
6
0
10
1850172362
0
0
389031861
10
0
0
1196795910
0
0
0
0
4787965
0
3249306071
28
377781328
0
0
10
0
0
0
0
160471610
0
0
0
0
1457773854
55874630
0
10
0
0
0
0
10
0
0
166120878
0
0
0
0
0
0
130985205
0
0
0
517536
0
0
104344422
0
0
0
0
0
0
0
217604399
10
0
0
0
0
378386295
0
0
0
0
0
0
3156328
0
0
0
0
0
0
10
379206307
0
0
2978451902
1172401120
0
1064565153
0
0
2337906861
0
0
0
0
0
3465196114
0
0
1677465907
10
21812955
0
0
0
0
207264033
202377021
0
0
3728505822
708328341
189569656
0
12738434
0
0
0
0
0
0
21297601
0
0
0
0
0
0
0
1096407378
0
0
1218389013
0
0
2479548323
0
15
451889015
0
0
1036513215
0
28
28
0
0
0
0
0
436143345
6
496834003
0
0
0
0
0
0
126508371
15
0
0
0
292995
0
0
3
1764681312
0
516549359
1180761310
134898525
0
114902
0
0
0
1
0
342395196
0
0
0
225197253
0
622392121
82953640
651875778
28
0
0
3
0
0
0
69119403
0
0
15171786
0
0
0
36
0
0
0
0
0
377698870
0
0
0
0
0
634963577
0
0
0
0
0
95223454
0
0
0
0
205162896
28
0
583367403
555894496
0
0
0
3426899483
0
0
0
0
2862415124
0
0
0
0
0
0
0
0
0
0
15
207274980
0
1304327837
1081825127
0
21
0
0
0
3446189477
357687631
0
2949563261
0
1
0
0
0
534040221
0
0
0
197239591
308816207
483309595
336682770
0
0
0
0
0
0
0
0
36
0
0
0
0
28
334571835
0
0
10
0
0
0
0
0
0
0
15
6
0
723415963
858906181
0
10
15
0
2225847692
6
62819898
28
0
547987065
28
0
0
0
0
0
669103071
0
28
0
164194381
0
206116056
2936884637
270758085
0
0
0
0
0
0
398505759
0
0
15
0
0
0
2636830894
0
0
0
0
2139538151
0
0
28
0
0
0
0
0
1334159724
0
0
0
15
0
0
4604095
0
0
857580405
3
0
0
0
0
0
133424280
953294280
28
20387305
0
0
6
0
66303506
0
351244260
0
0
0
1086082921
0
0
282470796
0
0
0
0
0
0
0
0
344035
705608231
0
0
2722106746
0
19961721
0
1923117819
173374407
36
3235868854
0
0
366389904
0
76168653
0
0
0
0
0
0
0
0
0
0
2737987619
348625215
0
0
0
10
59916283
0
3
0
36
997336614
0
0
0
10
0
0
668554461
55044741
28
1016430067
0
0
0
0
0
32623580
0
109261153
6
0
313688628
0
0
1
64382878
6
0
36405288
0
0
28
43585125
0
0
1992755
0
0
3
0
2327764280
161002540
8671671
0
597133414
0
0
0
0
0
0
0
0
0
0
3099212487
142915770
0
85903278
0
0
57851146
0
0
0
0
0
0
0
0
0
10395
0
0
0
0
0
0
0
0
253338795
0
0
0
10
1019058085
0
0
746698690
0
725328828
276654003
0
0
0
36
0
3
0
0
0
445526175
0
0
0
3398139612
0
0
3
0
10
0
0
0
619280287
3
0
0
17871231
0
2177309181
0
0
49945015
0
17020
0
0
0
0
0
3394315
0
0
0
0
0
1241140753
0
243253
0
28
0
2444487913
10
87060610
964541983
0
0
361685288
0
0
0
0
0
0
0
0
0
314866965
216390170
0
0
0
0
0
0
0
24847725
0
0
0
3635660033
2727280
0
148617776
0
0
0
14810403
0
0
0
0
0
1619915441
0
0
0
473117414
0
0
239290626
0
0
0
0
36
101752245
0
0
0
96764916
0
281625
487453476
0
28
896299226
199336401
0
603073922
617286816
3
0
0
0
509363403
0
0
52515876
8729604
0
25686528
0
0
0
0
1077292153
0
0
0
21294460
973529875
0
0
0
0
486674823
0
10
0
0
0
476030319
0
0
3
0
0
0
4579851
1402962819
36
0
0
0
0
0
1289537562
0
0
16105865
0
329691947
187220925
337777500
0
517406196
0
0
1732517910
0
0
709646301
0
0
15
0
37437181
21
0
0
0
0
2062357731
0
0
0
0
50349619
0
0
0
712436878
0
0
0
76712691
0
0
273405553
2023605
0
0
0
3
0
0
1141767789
138836116
0
352474546
206116056
0
0
0
0
0
0
0
0
0
28
0
0
1163305317
0
1162029736
0
0
0
0
0
0
1576017031
0
0
0
0
0
1300379478
0
104215969
2943951
0
961734259
0
3749327
0
0
0
0
0
21
0
0
0
0
0
3
0
0
0
6
36
28
0
0
3
0
0
1145274689
2193656612
0
877909753
0
0
0
0
0
0
472212546
0
344623131
15
0
533520942
0
2491867805
0
679692572
0
0
0
251384253
0
19359753
0
6555
3
0
0
0
0
0
15
0
125240847
293377322
0
6
0
0
15
2911232842
1883011978
207793175
897163620
0
4051281
0
2095081319
2602383272
0
75724558
6
0
0
107496867
0
0
15
0
566355342
0
2635363664
3378700
0
0
0
883335104
0
1328620305
293426439
45234840
0
1
393218946
0
64408632
604277059
49573587
0
0
10
0
126619738
0
697081791
0
862183575
2600340
0
36
0
0
0
0
0
0
1674270
0
711455781
1840036731
644609655
0
970921
0
3743028207
0
0
0
0
118064661
0
1
0
200911035
1440771460
0
0
0
0
22119515
36
0
666763903
0
0
73987530
513072561
0
0
0
0
3
0
96042870
0
10
44654598
0
0
0
532389722
16974051
0
678940
0
6
0
0
894271339
0
0
3399480
0
7044381
0
0
0
0
0
0
0
99077549
0
0
0
0
183236796
0
0
0
0
0
0
0
0
0
0
0
11953605
347807125
0
0
0
3
0
0
0
2191324464
0
3221718362
487703296
0
3550112050
0
26230319
0
28
0
0
36
531542463
0
457076036
0
0
746273661
36
0
300112750
0
0
28
0
287602123
367570941
0
0
0
0
220505249
40567528
0
2905868989
0
6
0
0
0
0
0
20285990
1072377516
0
0
0
3
0
0
254495469
3569013048
3
0
0
0
0
0
0
0
425082324
0
15
22780755
0
0
0
0
12652965
18528
0
0
0
6
0
0
3549780
0
0
0
0
0
0
1241539365
0
0
0
631123464
0
0
0
0
0
142948686
28
0
442788301
0
0
0
10
0
3216916
0
22381395
966834351
0
37554111
64113870
0
0
0
684962578
879586653
0
0
0
190019457
0
0
0
897333066
0
0
8279466
0
0
274166236
49455
0
0
6
201611392
0
92720055
0
0
1212382831
0
0
929430055
0
0
0
0
0
0
590390703
0
0
0
10
0
0
0
0
1813376865
0
1126344453
20520687
0
0
0
0
0
0
0
0
655491528
0
820740014
0
318011590
0
36
1343749899
209541156
0
0
0
10
0
0
28
0
0
0
0
6
15
0
0
969122325
0
0
0
0
511472136
0
492945343
0
0
0
0
0
937553253
579956653
2765862348
0
0
0
0
0
0
0
10
0
0
6
0
0
0
1145840256
91694300
0
0
1759609915
0
0
0
1
347114772
520605583
477389348
0
0
0
3722356
0
0
0
0
681290022
0
955828503
0
0
0
0
3196656
0
0
0
516280911
0
0
0
0
0
0
0
21
0
0
0
0
0
0
0
0
0
0
2346235154
0
0
0
5515410
0
0
0
0
0
0
0
0
0
21
0
0
3
3
0
590803125
1
0
3439625684
0
906549490
0
0
0
17949036
0
0
128450140
0
6
461001430
10
0
50526378
14545401
0
0
0
243575556
28
3
0
0
0
292662721
0
1289917343
6070870
0
0
0
0
484767489
153396370
0
2859489207
0
0
153718398
0
0
382994326
0
0
1726543988
725085919
0
0
10
0
0
3431394269
1995364785
0
0
28
574056
15
15
182796760
0
0
0
11584891
0
841340710
0
0
0
0
0
74462706
0
0
0
0
0
0
404695569
610917187
0
3740580879
0
272599228
0
0
1203809778
0
0
0
0
186847087
0
2857245
6
824687578
0
33011875
854341545
0
3
0
0
1190354028
1460268977
0
0
0
0
0
906127885
0
0
0
82080078
450622869
0
0
0
0
5788503
352969165
376222404
2034470768
0
0
0
0
0
0
0
0
0
0
0
0
36
0
516607897
100770306
1759130495
118695528
0
0
0
0
0
0
58471110
0
0
0
0
967538055
0
0
0
6
0
0
0
0
0
52962560
0
36
0
0
0
224582221
0
0
0
0
0
0
0
189860622
0
3
0
131195701
0
463372903
0
0
0
0
0
0
71898036
477791328
0
0
0
0
0
1423036143
0
0
0
0
0
0
0
0
0
3246374214
0
0
1039389963
14615121
294791506
0
0
0
0
0
36
0
0
30819566
0
15
0
0
0
1006046091
788916723
0
685642840
0
21225870
0
0
0
0
0
15
0
0
0
0
0
0
0
0
0
0
0
0
0
0
0
0
74902899
0
0
0
15
0
0
0
402187341
0
470002470
0
0
1349774976
0
0
408366522
0
91145251
0
0
0
0
0
2187570819
0
0
0
246765825
13381415
0
263730061
6
0
1009387315
15
6
3
0
1062990
10
15
0
0
0
0
0
28
0
222452683
0
132610491
0
0
126351
1029042635
0
0
10
0
0
0
0
1419764255
0
0
0
0
0
1032783076
0
737427633
0
0
0
0
0
0
0
3397995617
0
0
0
0
0
0
0
74645871
0
3
0
0
0
0
0
0
0
0
0
0
0
15
0
0
0
0
0
0
913332430
36
0
0
0
0
0
10
0
0
28
0
0
1610235379
0
10
1900623068
0
2717860149
1
139637116
0
0
0
0
0
0
3
0
338362931
0
0
1117628281
0
0
0
0
0
0
0
0
2865298685
0
0
204861800
0
0
0
0
0
0
430051128
0
0
0
0
0
36
0
0
0
0
0
0
0
28
28
367625170
17871231
0
3988900
0
28
20095647
0
28
1004752378
0
0
0
1496497008
0
0
0
0
0
0
0
0
0
0
0
28
0
0
0
26031720
0
0
0
28
0
1926305496
0
321647622
0
3
0
0
0
0
0
0
0
0
28
3694779561
1106074390
0
0
3571128
0
0
1183581531
0
28
0
0
0
6
2222893713
463540358
11259029
0
0
0
0
38786028
0
0
0
0
0
0
0
0
0
0
880593561
1
0
28
0
0
0
0
989969256
0
0
0
1609285377
163868356
0
0
36
202840011
0
0
0
0
0
0
3606573165
806834535
614658447
0
0
0
0
0
0
250443390
0
0
0
0
15
0
0
0
0
0
0
0
0
99793128
0
0
0
0
1594481844
0
0
0
0
0
0
0
0
0
0
0
0
0
0
833845289
0
804185460
0
621090059
0
0
123865930
0
552764625
546002535
0
608856
12090
0
0
0
0
267206902
15
2490089878
0
0
0
0
1629426585
0
0
0
124165161
0
2532429144
0
0
0
0
0
155575980
0
0
0
0
0
372855
0
0
91401960
0
0
3
804236678
0
0
0
0
6
369688836
81877390
0
6
0
0
0
120318600
0
0
0
0
0
3090809179
0
0
0
0
0
0
0
0
3
6857956
0
133734167
0
0
0
0
1083846961
0
0
0
116199600
1
0
0
36
92595636
0
0
0
0
0
229997628
0
0
502080516
0
0
0
0
0
0
0
0
15
10
0
0
0
0
0
0
1343660109
427882725
0
0
0
0
0
0
0
0
0
0
0
0
0
0
0
1027880470
0
0
0
0
0
315700923
0
0
10
0
10
28
3
0
0
0
0
0
0
0
0
0
0
0
0
0
0
0
0
0
0
0
0
225331994
0
0
0
0
133865703
1
0
0
0
22168875
0
3334659040
0
0
782002378
1127823141
0
0
0
1399625297
0
11068365
0
0
0
0
0
0
3618398
0
0
0
54460266
881302598
0
119575380
289016283
0
3
2156937209
3
0
3
0
0
0
0
423914403
0
104090806
0
0
0
0
0
3
14385264
0
0
0
31398850
0
6
529311916
35082876
0
29487360
0
0
0
896304
0
1787876889
0
0
0
0
0
0
0
3239785
0
0
60207081
0
1682553228
0
0
236803203
37098155
10
175509480
490175550
0
6
0
0
347807125
0
2177129235
0
0
0
0
6
942930451
3175861749
47088660
10
0
628807704
0
0
677501241
10
922072096
0
0
103615210
0
0
0
133947528
259225065
0
0
0
0
0
946668828
610636725
177162076
0
0
0
0
0
0
0
0
0
35900101
912392403
0
10
0
0
0
33566500
20910
0
0
3452391
0
868744419
0
98442927
2371664056
0
0
1175142119
0
231999777
59399550
6
28
0
0
0
0
45625128
0
92868006
0
0
0
0
0
0
0
965955081
764424550
0
0
731473876
1706552299
2079946847
0
0
194519715
6
942341945
0
3422312234
271387303
0
0
624433761
7894351
0
0
0
0
0
0
0
0
6
0
0
0
599912841
6
0
0
0
0
0
0
15
6
0
0
0
0
0
28
476216091
0
0
0
0
0
0
0
21
0
0
0
28
0
36857872
0
0
0
0
36
0
987701235
0
0
0
0
323139834
0
0
0
0
0
0
0
0
61754941
0
1894376
39885846
6
0
0
204955131
228135480
6
58444200
0
6
0
0
512768372
537110296
28
0
0
28
0
0
0
0
0
183856085
0
0
0
0
0
0
0
28007642
119915841
6586635
6
0
0
1073906340
0
0
0
0
776741915
78845403
0
0
0
59323110
11402700
15
0
0
0
0
0
3943836
0
0
0
0
6
156269100
0
1399938343
0
0
0
0
0
0
0
0
777815961
55920600
713705
0
0
1716888529
0
0
1469362298
421821
195930910
4388203
0
0
492618966
3
521693451
0
0
0
0
0
2700465047
0
926500581
10
0
0
0
0
0
0
0
0
838025292
105248394
0
0
0
0
0
0
0
0
28
0
0
0
1207241196
0
0
0
0
224031528
669285991
0
1864389805
40973878
0
0
0
0
0
28
0
0
897799125
0
10
272506185
36
0
0
0
3
0
944625
0
27457755
0
0
0
0
0
0
10
0
0
0
3
48526026
0
10
30862296
0
0
28
7784948
0
28
0
0
0
0
0
0
0
2309444
0
0
248098950
24215869
0
0
1292704548
0
0
15
0
0
382689945
0
0
0
0
287628120
0
0
235455850
269854868
9127128
0
0
153475530
0
644638371
0
0
46027215
421354629
0
10
0
157824261
0
0
0
902028524
0
3
0
0
0
0
0
2013816572
867132938
36
217601091
0
0
0
211284846
0
10
15
0
0
0
190935111
308897940
1288275736
0
594211101
872262028
0
0
0
3131934238
0
33486235
0
393836145
3463224987
1177313550
0
0
0
0
0
0
0
0
0
33656910
0
1772885
0
0
0
0
0
36
0
0
1090281556
0
0
154204470
0
1406361274
0
0
0
0
82554825
11146281
0
0
47613
0
0
0
1644986939
0
0
0
0
168700896
0
0
0
0
0
0
0
1121271690
984237528
0
0
0
0
0
0
0
0
0
0
0
535184686
0
167216328
564866466
294609312
0
0
807517578
0
0
0
0
0
0
794521278
0
0
0
0
0
436084278
540465003
0
13150756
0
0
0
0
0
55656525
57720
0
0
0
37389628
0
0
0
467892837
0
0
0
0
0
6
608185126
0
0
3
0
28
0
0
0
0
0
0
0
1435476454
0
0
15
0
0
3394093766
0
2129417779
0
0
0
0
0
0
0
0
0
2086821
0
2183610530
28
0
0
0
811944253
0
39006528
0
0
0
0
0
0
0
0
0
10
0
0
0
0
576691741
90539925
36
0
0
3
2903624700
0
0
2587381098
0
5609575
28
915936585
496739440
11288376
0
0
3
0
0
0
0
0
10
0
0
0
170376570
65156820
0
0
0
3539130
1
1863931485
633375
0
0
0
0
0
0
451484448
0
0
13861
0
0
0
36
2988396316
36
412815774
0
0
0
6
0
0
0
0
962178778
327155410
0
3144648465
0
0
206176971
0
0
33378535
0
87404031
0
0
28
0
0
0
0
0
0
0
0
0
0
1798356
0
0
0
0
10
74585019
0
0
0
0
0
0
326592903
0
1888682597
49089186
507896256
0
0
0
0
0
0
0
0
0
404886196
0
10
0
0
0
0
0
118058557
0
3458904474
0
0
0
518017578
807555386
0
446006976
0
0
28
0
4062759
0
0
3177702090
0
36564076
0
0
1534959979
875881341
0
282158677
0
0
42481153
0
37675540
0
0
0
0
530614176
0
0
0
43082403
0
0
0
0
0
0
15
554160249
36
896274463
15969726
0
357675222
3
0
2953368386
0
1031344347
0
0
0
0
26699778
77653110
61145211
0
0
1068583335
0
0
83285693
441889962
0
0
0
0
0
0
0
36
1
0
65316735
0
843849462
15
0
937037332
0
0
0
0
0
0
0
2137278
0
1003004866
94318245
0
0
0
0
0
0
0
0
0
123064516
0
0
0
0
184288114
78757525
173552385
348942153
0
0
0
0
0
202739316
0
0
0
0
3306523569
315595126
244564656
0
0
0
0
0
36
62938590
265317130
0
757202497
0
0
0
1
0
0
0
257737674
0
0
0
0
3194128
0
0
0
0
0
0
54106003
2089266658
0
0
0
0
12679974
0
0
3
0
10
0
0
0
0
0
0
0
0
564194436
0
0
0
28
0
0
0
0
2113807667
0
919027151
0
0
0
0
0
40225965
1
0
0
869297514
0
0
0
28
3
309843171
109213620
363542130
15
0
0
0
282066876
0
0
0
0
0
0
0
0
0
0
0
10276311
0
0
0
0
0
0
14525221
178080032
0
0
0
0
836016495
0
0
0
0
259849031
0
0
4638210
6
0
363674126
0
0
99051851
2652156534
0
0
0
1108628182
16373503
20193625
0
169289200
103687193
1958220455
0
21
28
0
3
3535774935
0
0
0
0
0
0
0
1096070
0
1274153574
10
0
0
0
0
994602300
15
0
152033203
0
0
1436002581
0
0
0
107128203
36
0
0
0
36
4856286
15
0
276301278
4361581
0
0
84454506
0
147295358
0
15
0
0
0
0
0
6
3584503
0
2466903793
10
3296670984
0
0
0
0
0
0
141212415
0
0
0
0
0
0
0
6
0
0
0
3247426
0
0
0
1
0
0
0
0
0
96334140
0
2040102058
10
0
0
0
0
6
0
0
0
135095703
3
223293770
0
0
0
0
0
0
10
0
0
0
0
0
1553072088
0
49945015
0
0
0
0
0
0
38119546
0
50152420
2991214810
0
0
0
15
15073828
0
39787660
0
0
28
0
6
0
0
568468621
0
0
0
0
0
0
0
0
0
20457606
0
0
274259910
1014548535
28
0
0
0
0
0
2050424
0
0
0
0
0
6
0
0
0
61692583
55171554
0
990992940
0
185753175
0
0
28
0
0
576793630
30277717
0
796144656
232409342
0
3667533246
6
1230253606
109187253
0
0
0
0
0
0
0
0
0
0
0
0
0
6427020
0
120135499
0
0
28
0
0
0
3624493011
0
0
0
0
0
0
704006526
114480835
0
0
0
0
0
389079460
0
0
10
0
0
0
0
0
0
208052364
0
28
0
0
3206778
0
0
0
0
0
5250420
0
0
0
930797720
1627150981
1841606373
5289378
0
0
1047800345
558222577
0
1153176300
0
0
0
28
0
0
0
0
0
0
0
0
0
10
0
0
0
0
395239590
852246255
0
0
117190395
737028582
94799565
0
0
0
0
0
41464171
567362982
326516235
0
0
0
0
39662871
1209655891
0
0
0
2240974159
0
0
0
0
0
2914847012
0
61776
0
0
0
10
0
882651120
1368226033
946625316
0
0
28
0
0
45034795
0
0
0
10
0
0
0
365078503
0
0
10
0
0
0
0
0
0
1621217297
471321753
0
0
0
0
10
0
0
0
0
0
0
0
1698533981
10
2995726509
0
0
0
0
0
0
1210958994
0
3008341872
0
0
0
0
0
23307378
0
28037673
0
0
0
966878325
408365331
54573244
15
2788202976
173063710
0
3038372915
0
87655420
0
538146319
0
0
0
2258909597
0
0
942583071
0
147121281
0
0
3
0
0
0
0
0
874520754
2210004511
0
0
0
0
0
0
0
144321555
0
0
0
0
0
0
0
0
0
0
0
0
271759641
28
691566645
0
28
2727137972
28
0
0
1934915168
1830741
0
0
3357614207
0
1454440242
6
0
0
0
113775623
586890930
1816784844
0
0
0
0
76020615
0
0
0
0
0
0
0
277709310
0
0
0
0
0
1097401914
0
0
0
0
0
349550020
3
0
660279630
39707416
28
0
0
0
157574985
0
0
0
0
0
0
0
0
157504626
687206158
1338101319
0
0
5376105
1236782355
799060276
0
0
1159524246
3
0
0
0
3
0
724719556
0
3352755
6
0
1800500306
0
0
0
183907431
0
28
0
0
0
87258655
0
0
15
0
0
0
17253093
353067381
0
0
0
0
44438878
0
0
97531561
0
0
1387530
0
0
0
0
0
0
28
1173009411
0
0
160948711
0
0
0
793416481
0
0
0
0
0
0
0
0
0
0
0
0
0
1960351623
0
0
0
0
0
0
0
0
0
0
80760
0
2327101907
0
0
6
0
3674580
0
0
0
0
0
268601569
36
235824903
0
1
3
0
0
69307223
0
0
424030881
2734380
0
0
0
0
0
0
0
1227526926
0
1265330455
0
0
2523160736
0
0
0
2507313347
1078963831
0
0
3085588272
0
0
0
1052327043
1169244186
15
0
1401180
2722234547
2396955
0
0
0
0
0
1
0
0
0
0
0
0
0
0
36
28
0
1101799153
615741778
291004662
0
0
0
435482334
0
28
0
216663336
0
0
0
10
0
0
0
0
0
0
28
15610078
3
0
0
0
0
0
0
0
415224153
0
45931320
1137621150
0
0
0
2527551041
0
0
0
0
0
0
10
0
36
0
0
1703281934
8357247
0
0
0
137340451
0
0
0
0
0
26466450
0
0
0
175678140
0
165774736
10
0
0
19471920
4197753
527352935
0
1710325
545716557
0
0
0
0
0
345958525
499169406
314716416
0
7370880
555526139
3
0
0
0
15
450813581
828828
2644746760
9041878
0
0
0
1106020126
10
78325512
0
0
0
921385128
0
482532645
246132
0
0
0
6
0
0
120731304
0
0
0
0
0
0
233706514
0
0
0
0
0
0
0
0
0
0
0
0
0
0
814283190
10
0
385544796
0
947160770
0
0
0
0
0
0
1715061696
165453300
0
0
0
0
0
544439391
0
0
0
0
0
0
0
0
1177070940
10
82400703
0
0
0
10
889639471
36
73521045
748903051
0
0
0
2693723978
246458079
0
0
0
0
6
533844150
0
0
0
0
6
0
0
0
0
0
96735002
0
2681026367
0
0
0
0
28
1766260
0
594280050
0
0
38945906
62593498
0
3
389321259
0
0
911239395
787628205
0
10
0
1226495360
0
713790
0
0
0
0
579650176
0
0
0
0
0
1
0
6
0
3
0
0
0
0
17913105
0
0
0
1
7305753
0
0
0
0
0
14745165
0
0
0
0
0
0
0
1054713556
604371184
154045128
0
0
437917215
10936140
0
0
0
65832075
0
0
0
0
0
0
0
0
0
0
0
1
0
0
0
0
0
33371255
0
0
0
357102417
0
0
0
0
3
42444291
0
1425810224
10
0
0
455039028
0
0
0
0
0
0
0
0
0
0
10
10
0
0
780974481
0
331786521
0
924220521
0
0
0
0
0
0
0
0
0
0
0
0
36
28
249526630
3
0
0
0
0
0
0
0
0
0
739566570
0
496923445
0
6812476
0
0
3196371452
0
28
264099470
15
178175098
0
28
0
335417950
55509000
0
1227122704
429742064
0
0
0
0
9864981
554761395
31343137
7610851
6
0
0
0
0
2409738017
0
0
0
0
0
3737285719
28
0
0
0
0
0
3
0
4125888
17131731
0
0
0
0
846081209
0
3
0
0
0
0
1203662580
0
1854107767
0
67311222
10
37752867
0
1986392987
631563570
0
0
0
0
0
4667061
0
23711941
15
0
0
0
6
0
1087983040
0
865112970
0
0
0
189107590
93263653
0
0
6
36
38662821
0
0
977416791
0
28
0
0
0
3360406194
0
0
0
0
0
2957949452
1031766
0
0
0
0
109631028
0
0
0
0
3
279200265
0
0
0
1768423879
0
0
107435811
0
0
0
0
0
36
0
0
0
0
940938890
0
2744476538
0
1924406722
417763965
0
0
15
43295272
0
0
0
0
0
0
0
0
28
19068400
0
36
10
834269615
10
1507716
0
0
0
0
1793368405
0
0
0
890989791
6
0
11580089
0
0
24231241
0
0
0
0
0
721943001
0
0
0
34540516
0
0
297155631
518948914
0
0
0
0
2217369
0
0
0
563967837
6521466
0
74487115
0
0
0
28
36
0
15
0
0
0
3224453116
0
6
0
0
0
0
0
2581473482
0
7263766
11062546
0
0
0
105945846
202391350
0
0
1091168970
0
3143778404
0
0
1773404099
0
0
0
0
0
0
171868644
0
0
0
0
0
0
0
1044869181
0
0
0
0
344911980
3156151544
0
0
0
0
0
3487485933
268111746
0
0
0
0
0
0
493969596
6
28
0
1073946
0
0
0
0
36
73575
0
0
0
0
0
0
0
0
0
0
0
233057928
1300083464
10
3
0
0
0
0
436392
132055626
0
0
0
0
3160465355
0
0
117221016
1771582470
0
706626672
0
0
0
0
3
552123971
793831935
0
0
0
0
0
28
10
473851
0
10
0
22656546
0
0
0
668920176
0
0
170727481
0
0
0
0
736301125
0
67808835
0
10
3103077294
2581279452
15094765
1123877755
230534424
0
133081455
0
22361328
0
0
0
0
15
0
0
1477378412
22994371
130483935
0
0
0
68366899
1098133245
0
268551900
15
0
0
3
981823094
10
10
539345390
0
822026955
0
3359363672
0
0
0
0
245898576
201111540
0
0
0
1183386925
3588355470
757558350
6
36
0
3084635757
0
0
758933198
0
0
189950628
2943180239
2389781212
0
0
3615993954
38698003
0
3
0
87047415
4270503
0
111968130
0
0
996118429
0
0
0
0
0
0
0
3
6
28
0
0
0
0
0
0
3
0
0
102080616
0
6
18504486
0
0
82670511
0
0
0
0
0
806312403
0
305741727
116838541
3
0
0
0
0
28
0
0
996537543
0
186351165
0
0
0
34051878
0
0
0
0
0
0
0
315519760
0
3
690860206
0
0
28
823185600
0
0
0
1144021861
0
0
798300903
0
0
0
0
36
8978203
0
0
0
0
6221628
10
0
0
0
0
0
0
0
0
0
0
0
876243846
0
0
0
21
1959412106
519241425
0
0
0
0
0
0
0
0
0
0
0
15
0
0
0
0
6
0
932680360
14788641
0
143
0
0
0
32132136
0
0
0
0
0
34974066
1090094778
0
0
0
304410748
0
0
0
0
0
0
0
15
0
0
0
0
0
10
0
0
3487437684
800740171
0
2270486372
320930628
868090278
0
0
0
0
111027351
0
5201925
0
0
0
0
0
3
199790055
0
1295946
0
334460316
0
310943984
52741585
28
13605928
0
0
0
1331059501
0
0
0
0
3340697156
3
0
0
0
3383732357
1257740507
0
3
0
0
74279151
0
0
0
0
0
0
6
6
0
0
0
0
0
0
573469919
0
0
0
0
588536586
0
33091287
0
1019661390
0
3458856462
0
0
10
651426972
0
0
0
0
0
24864363
0
0
0
0
0
0
0
3
0
0
0
0
999348609
0
681077625
0
0
0
0
1101376711
0
0
0
0
1961190
0
0
0
28
0
433636525
0
6
0
0
0
0
2267385
0
0
70063203
0
0
458060778
723425703
3
3692397606
0
0
10
0
0
0
501210035
0
0
0
448216770
0
373394118
0
0
1
0
6
0
0
0
37519453
1881772872
0
0
0
1046554125
20365443
0
0
0
3549528267
0
0
91599615
125751
0
0
1594384139
0
0
0
610663878
0
0
0
0
0
0
0
6
1071509356
0
0
0
0
0
10
0
560003311
0
1024019984
0
10
0
0
0
0
0
0
0
0
8940753
0
3208015013
0
3
0
0
0
0
0
0
775760892
0
0
0
0
0
77086261
6
0
0
0
0
0
0
494401
0
0
0
3
0
0
0
416319940
0
0
628828182
0
0
0
0
681075
328609501
0
0
15
0
3016538783
0
0
3302768576
835198885
0
0
0
0
613392825
0
3
0
0
0
0
28
10
0
0
1108522155
0
0
36
0
0
182490960
0
0
21
0
0
0
0
0
0
0
0
36
104466285
0
0
0
206994411
0
1530484374
13815144
0
0
0
0
0
0
55973490
0
3671391268
28
0
0
68310516
0
0
0
0
21
0
371958234
0
0
0
0
0
0
787929875
34123089
0
36
2390110097
28
0
0
0
1670784555
0
1
0
0
0
0
2009642609
0
119637246
481662516
0
0
871860
0
0
0
664662118
0
0
0
0
0
0
0
0
0
0
0
0
0
3731048904
0
0
6
0
0
0
0
0
0
2142711822
0
0
3
0
0
0
0
0
0
0
0
951243153
0
0
0
0
0
0
0
0
0
0
2195760383
104654278
0
1231692528
0
0
1240893290
0
0
0
0
0
0
0
216946044
36
494305850
0
2686452382
186756801
0
0
0
993487600
0
0
0
217768015
0
0
0
352783203
28
0
0
1
927636943
0
482540290
0
0
0
384407128
0
0
0
28
459803514
0
616127856
0
703026601
94208401
0
0
0
1
0
10
0
0
0
0
0
0
18274035
0
13108380
28
0
161649190
619220836
6
1300083464
0
186273951
0
323558641
0
885468403
0
0
0
0
912948950
0
0
0
1241838366
25802469
0
0
998907766
2663331
15
191936202
0
1
0
0
0
0
0
0
0
0
0
0
0
0
0
1070572128
0
0
28
0
0
921127581
0
0
0
0
0
0
3
0
648846276
0
0
0
0
10
0
0
3
620866283
0
0
0
0
0
0
0
2136736328
0
0
0
0
0
2712128
0
3
3657108
0
14646203
0
0
0
0
0
0
0
0
0
0
0
0
266701060
0
0
989847054
36
0
0
0
0
0
0
0
0
0
0
0
992418076
0
0
0
481632166
0
632045034
3445231972
0
0
0
384684453
0
0
0
0
0
2350834342
0
1208229903
0
0
0
289941
3
0
0
3
0
0
0
50091182
0
0
224433891
44759991
111280067
29425956
3
0
178444386
0
0
0
0
498890937
15
0
0
3
0
0
1580038937
0
297667800
1039520406
0
1053703371
0
0
0
0
0
15
0
2914677945
0
0
1821103815
380399525
0
0
55361503
28
1098511214
0
19065569
0
855593661
667750240
0
0
1230700078
1120076999
1
0
0
59290605
234931444
0
0
0
0
0
3
0
0
0
28
0
0
0
0
0
10
0
0
1007309170
0
0
0
51609928
0
0
1254216102
0
0
247831716
0
2021013957
0
0
0
304330161
129564753
0
745341777
0
0
0
951417631
0
0
0
188053921
3183135922
0
42212
0
0
10
0
0
50053600
0
0
0
0
0
0
0
1470520827
0
0
0
14207115
473658031
0
2412836992
0
0
0
0
0
0
0
0
0
0
0
0
0
3
0
326797395
10
749559811
0
75093537
0
0
0
509012371
10
0
0
0
0
0
0
15
0
0
0
1799452473
2201851
0
484522885
28
0
0
28
0
0
0
0
0
0
0
0
0
0
0
0
1300078
0
1060830891
0
1224465812
0
0
0
1185326954
0
0
15
0
28
0
0
798101128
0
3
0
0
0
0
0
0
893439856
0
1117486450
0
0
10
255669526
0
0
0
0
0
0
932277790
0
0
36
36
0
0
0
0
0
234675280
0
0
0
0
1188308785
0
0
0
0
0
0
0
372816
0
0
0
969528
0
6424320
1
3
0
2403899666
0
257382213
0
0
585603
0
0
0
0
341323128
0
1020416855
0
0
0
0
0
0
0
0
0
0
0
639704300
0
1499277954
0
0
3547339578
1058399934
0
13109760
693253
0
428146953
0
887057654
458999551
0
0
3
441981046
0
0
0
0
0
0
412867011
0
679311370
3
0
985613401
0
0
0
0
0
0
5676765
0
19785060
0
0
0
495825795
0
10
327692800
0
0
0
0
0
0
0
15
3458037764
10
28
0
251495369
0
0
0
0
0
0
27358750
57730607
0
6
0
6
488024759
359126255
28
1127251
0
0
0
140005011
0
0
10
0
0
0
0
63433216
0
10
0
0
0
36
0
21317185
0
0
0
15
0
0
153735
10
334453061
1231848540
0
0
674234281
0
10
0
1765283
0
0
0
0
0
0
520402191
0
254586948
0
0
690897378
3
21690991
36
0
0
0
0
448426378
12027060
48027033
0
27569025
209931375
0
420311521
0
0
30996001
0
28
0
3216916
0
0
0
0
0
0
0
6
0
0
186276
0
0
0
0
0
6
0
0
0
49396830
10
0
7529140
0
0
3
0
0
394541968
0
0
0
0
0
0
15
10
0
0
0
325061253
2633771127
0
0
628688070
566800601
0
1
0
0
0
0
0
0
0
633448621
0
0
1124726711
0
0
452409870
0
2241941642
15
1011956820
0
6
0
0
0
0
489109726
0
0
10
0
0
0
0
0
946799370
0
0
0
0
0
1138193616
0
0
0
0
0
0
0
0
3459238383
0
0
0
20429189
1000498278
0
55035786
0
0
303453930
0
0
0
0
0
0
0
0
709093995
36458653
178973740
0
0
0
1023170466
0
0
0
0
0
0
0
0
307350929
1907078808
278468200
350979265
200971176
55582696
0
0
1350193449
0
630344244
0
0
28
28
10
0
0
0
0
0
0
0
0
0
0
0
0
0
0
0
0
0
50065021
0
0
0
0
15
0
20151726
0
0
0
225685635
0
0
0
0
0
0
0
82747680
36
0
28
0
228827043
327923245
0
10697625
0
172896310
56089936
0
0
0
0
0
21
15
1244481105
0
0
278185078
36
478246089
1
0
0
473685804
0
0
28
0
1
0
0
28
0
0
0
0
6
28
28
943147596
0
3081
0
0
297228771
0
0
0
0
177614128
0
0
0
0
0
0
10
36
0
0
0
0
0
0
0
10
0
0
0
599670396
18087105
0
0
0
0
1745646
0
0
15
0
0
0
28
0
0
0
45025305
0
1300251454
359696431
0
1
0
0
3
1743069472
1181532770
10
180494877
10
0
1905934348
0
0
91630871
216767431
36
0
0
12982060
3177472163
689841567
0
10
0
0
0
1043719516
28
892805896
0
0
249621237
0
0
0
516752233
0
258065121
264637179
59500
226182605
0
3
0
0
110194435
0
0
0
742954878
0
0
0
15
0
180846078
0
0
0
0
3015466803
0
0
0
1096742692
6
0
0
0
0
0
0
0
0
126813334
0
0
0
0
0
28
0
1084108770
0
0
0
3
0
0
5805528
0
466697076
15
0
28
0
0
0
36
0
0
0
0
1105698825
0
0
0
0
0
0
0
28
1
1339039
684962578
0
1
433960530
6
0
0
2077741
159355878
0
6
0
0
0
0
0
0
22974031
0
0
0
0
0
0
0
0
0
0
0
28
0
10
2212884261
310816780
0
0
808040100
0
1742966311
28830621
10
0
0
0
1643364705
0
0
28
13122742
177444541
0
0
682891446
0
0
0
0
150450531
0
0
862059003
151545345
0
34490665
0
0
0
0
0
320411955
0
0
28740789
0
0
766622914
0
0
0
0
0
0
0
260205078
331235191
0
0
0
0
0
839127061
3
0
10
0
0
21
0
0
0
0
0
0
0
0
0
588050046
0
0
0
1157213886
0
628085403
0
0
0
0
0
0
4516515
0
21284550
2266052792
0
0
0
0
0
0
0
2177995020
0
0
1309759407
0
0
651984105
242691239
1
0
0
0
146464668
0
0
0
0
0
0
6
36
28
0
0
0
0
672812949
1287485946
0
105074256
0
0
0
0
20069280
1045730778
1164586191
0
0
0
0
1804833561
0
0
0
10
350608440
942807
0
1
0
0
0
29785755
0
223778700
0
0
0
718830486
1428092640
95414101
0
559501426
695610
0
3
0
188703592
0
507482011
0
2623222049
0
0
0
0
0
1
6
0
378585781
3638253
0
0
0
0
353926315
0
0
0
0
0
0
0
0
0
0
0
0
480608506
28
0
2831649191
10
10
184118455
0
0
0
0
0
28
0
2228197950
0
70735
0
0
0
721677036
0
0
0
0
1459239347
160464655
1956889018
1150201051
10
0
0
0
0
293970628
0
0
0
0
0
174742165
0
0
0
1719821828
0
0
0
0
0
421957927
0
0
0
0
0
6
0
350927777
0
0
15
0
0
0
798300903
36
64780653
0
0
0
0
0
0
0
0
629078185
0
0
0
6182078
28
0
0
0
46315500
1452354759
0
0
1185285016
0
0
1931465049
2650937268
0
0
0
0
0
0
315620250
15
10
2111481234
0
664574653
0
0
0
0
839160
10
0
0
0
0
0
0
1005424903
0
0
28
0
112237653
2252246846
6
1373909652
463921030
0
438242815
107030986
0
0
0
28
0
880509630
0
0
1160526
10
0
0
28
0
180395515
0
406196253
0
0
82169790
0
0
0
0
0
0
0
129452095
0
0
0
3216853065
0
0
0
0
10
29168487
0
0
836433241
3
0
0
10
0
0
700908021
513072561
0
0
0
130387026
0
0
0
219285535
0
872549814
0
28
0
0
9863772
0
0
287912652
0
0
3
0
0
0
0
0
0
0
0
0
2001643013
0
2637040543
0
0
0
857456166
829242450
0
0
0
120119500
0
3692248764
36180271
0
15
2180170141
3331124722
28
0
0
0
0
44965643
0
15
0
0
21212841
0
0
0
288634325
3
3
21012551
0
0
742202238
0
0
753296912
213600699
116823255
0
0
0
0
49325682
15
15
0
288252055
512144010
0
0
0
0
29996385
3681490569
0
0
0
0
10
0
15
0
199011225
0
0
0
0
0
0
0
0
39342885
0
250734421
0
0
0
0
203828145
28
0
0
0
558832596
0
1
0
0
0
0
0
134488200
0
106426755
0
4769416
96876240
759233028
0
7700850
0
0
97475703
0
1105667239
0
0
28
1
653611982
0
0
0
0
0
0
0
0
0
0
0
0
304489503
355204531
0
0
0
0
0
149826705
0
0
0
300529386
3250888209
1039064491
15
472981146
0
0
0
0
0
0
0
925510776
0
0
0
0
0
0
0
6
3
0
0
0
883155378
19999650
0
742825167
0
149844016
0
0
0
0
0
0
0
0
0
0
0
0
649530903
0
15
0
0
1922406222
0
36
0
10
0
0
8552127
482719056
0
0
0
0
0
0
0
35200245
0
203626290
3319306819
0
0
0
25607746
1869211
0
0
0
0
0
0
0
708536060
0
28
0
0
0
36
0
0
0
0
1
0
682632775
1093178661
594728316
0
0
153707456
0
800700153
2247328380
0
0
0
1
0
54625999
0
0
0
0
6
65248176
0
467369451
9533161
0
0
0
85092535
0
90942841
10
0
0
0
0
822130975
0
0
0
0
0
0
0
36
0
0
7882435
1172901961
0
0
0
0
0
0
0
191665650
424191032
0
0
0
0
0
3
171522981
1774472022
2993846288
0
0
0
5690251
0
0
352145991
0
0
0
313638535
0
0
0
0
0
0
0
0
1654274
0
0
0
0
1157604183
0
0
1134856261
0
0
0
0
0
0
0
0
0
28
0
15
0
0
137572578
0
0
0
0
1449253
0
0
0
15
0
0
88438350
36
236328
28
80448270
0
266147056
0
15
0
0
0
0
0
468807510
0
0
0
0
846364586
1446479589
2339121878
866632528
6
0
737095083
0
0
672749508
0
1620835515
0
0
0
0
0
0
0
0
2682126386
0
2468768778
0
613361700
0
0
0
0
0
0
0
328952013
0
0
0
0
51953721
0
0
3
0
0
0
0
28
33994135
3
0
0
0
0
0
561242256
0
0
0
0
3
0
0
0
0
0
0
43613130
0
0
0
0
0
0
0
561108250
0
1402169471
0
485181
0
686820937
53019841
28
1384595967
0
0
0
28
0
0
0
0
0
0
185252376
0
0
0
25726899
0
0
0
280643586
0
0
0
0
0
0
0
0
0
0
0
0
0
0
0
424817526
0
0
0
0
0
15
0
0
0
0
438094800
0
0
0
0
0
28
0
0
1142778528
0
3
3
0
720805530
0
969148623
0
0
0
0
135490491
10
3
0
6176159
22933378
5234230
2436703392
0
0
0
796015185
0
15671601
0
0
0
0
255346101
175172403
0
0
574252302
0
0
2978768806
63354396
0
0
0
0
1602996119
0
36
0
0
0
0
183294231
0
0
0
0
0
72727830
591559819
0
0
0
672326115
0
0
0
1018471278
0
1167725301
0
565908903
0
0
0
0
0
770850480
0
0
0
0
0
0
36
0
1214480970
0
0
0
0
859403611
0
1
1150488496
0
0
0
0
0
0
28
3093533369
0
0
0
0
135029961
21585735
0
1709824831
0
1837900942
0
3307932111
656578203
74487115
0
69732145
0
0
28
0
28
0
697754046
0
0
0
679901250
0
0
0
0
0
0
0
0
0
3
1222664393
0
0
0
0
0
0
0
0
0
0
0
0
0
274822290
0
743183476
0
62167996
202879505
0
1
0
0
0
0
36
0
0
0
3281359152
234047430
2717636130
0
1047698200
0
0
28
0
0
28
0
0
0
0
0
0
626353173
0
0
0
0
704832285
0
0
0
0
0
9251451
10
0
659244271
2626850307
0
0
43846930
0
3
0
0
0
732698340
0
38782950
583230781
0
0
332828058
0
3
0
2494084391
1044026216
0
0
0
264384884
0
0
28
0
0
6
0
0
0
655497170
0
0
0
0
0
0
0
3
0
0
0
0
0
0
1241956272
0
0
0
223342731
0
0
276504832
379365408
0
0
292904706
0
0
0
0
0
0
0
0
0
0
0
28
0
0
2222886
664128
0
302379
0
0
0
0
0
1002780936
28
0
0
0
0
0
0
308273986
0
0
0
0
36
0
0
0
356718477
0
28
0
3363436025
10596106
0
3587915289
291671628
0
10
0
0
17887652
0
0
0
211007144
1
0
0
0
3
0
0
0
0
1550574575
0
0
0
154045128
0
1147085253
211672296
0
0
0
674908560
173156745
0
3932610
0
0
0
0
168811125
0
0
198413160
595728903
6
0
0
918639816
0
0
0
0
0
0
0
0
0
988857156
36
0
590725300
170820
0
0
10
0
1263515584
0
0
0
0
0
0
0
0
506972403
10
0
727107488
1027835130
0
3
0
0
864681024
1638469783
0
0
0
0
86666355
0
0
0
321983376
0
0
0
0
6
59825391
145801776
0
13012651
5592840
405569440
0
878276915
8910324
0
0
0
0
0
0
0
0
0
0
0
2081820
0
385384751
0
0
0
0
3
10
0
0
1091309121
0
1526616
10
0
0
785704907
0
3
0
1019870104
3
0
0
0
0
0
0
1237951
0
175884390
3594961425
0
0
469252935
6
0
10986328
86428378
28
0
15992340
0
0
0
0
473294945
0
702506386
0
0
0
351270765
0
134455401
0
0
0
0
3
94110093
1089033797
0
0
786160378
28
0
0
0
3
496109250
6725278
0
421756010
0
0
384185340
450375078
0
2494029559
0
423448651
0
6
0
94561429
0
0
0
0
0
0
0
161218104
0
0
0
0
1327370619
0
855883251
0
0
0
0
0
616198065
15
6
0
15
0
0
0
0
0
36
0
0
144576510
0
0
1729938440
0
7326830
0
25706223
0
0
0
0
136248778
0
102982776
3
0
0
0
2228324952
0
0
0
0
0
28
392462136
0
0
0
0
3
0
542241846
0
964800188
15
0
1145696646
0
169649498
696790
0
28
0
0
1134999190
0
0
0
15
0
2743407444
0
0
0
0
0
0
0
0
0
0
0
0
691455078
0
235771875
6
0
0
0
0
0
0
0
1
0
0
508565778
137506236
0
0
800940276
28
0
6
0
0
0
710908956
2297498255
0
0
161415528
34895094
0
29028286
0
0
0
0
0
0
0
0
3
938586834
0
0
0
2025117680
0
0
28
928905998
1981056909
0
0
0
0
0
0
0
0
0
0
0
0
0
0
0
15
2341500794
197815995
6532305
1
0
84354063
10
0
0
0
0
612762528
0
0
0
16329291
0
1339674714
0
0
0
0
894750753
86770551
82541976
1
0
0
0
0
3
0
10
182395450
0
0
135740897
192383920
0
0
0
6924781
0
300161751
1194339549
3624935425
0
0
0
3503175849
0
1261106060
2610691428
0
444303145
28
23829156
0
0
0
0
0
0
0
0
0
0
2425554026
0
0
0
0
0
0
1050049327
0
0
0
0
0
164571824
594522282
0
0
711455781
663044037
0
0
818312441
1234656784
6
28
0
0
0
412605901
0
0
0
0
792079701
0
1014973536
0
23505796
0
0
0
0
0
60560515
0
0
0
0
0
0
0
0
0
0
0
203123812
6
0
0
304440150
0
0
0
0
0
0
0
0
0
2088661679
0
0
0
23980113
0
0
0
87337936
206136360
0
0
0
0
0
0
0
0
105861001
0
26670556
3
0
0
53385199
0
0
0
0
28
0
28
0
0
508342555
0
0
25386375
0
0
89599191
0
0
106237176
237369366
0
0
0
0
0
0
369772101
0
0
0
0
0
0
1
1156540465
0
0
0
10
3
0
0
0
0
0
2773726350
0
0
0
0
3
0
195196539
1193234526
28
0
3288940013
0
0
0
337372299
0
350543811
0
0
3692149524
79109331
0
1140805
0
0
0
0
0
0
298082736
15
3
0
0
0
819254481
0
199230741
0
1008764962
82979403
541718120
0
0
287732200
0
0
0
34018876
0
0
86086881
830586903
0
0
0
0
0
2936530741
0
0
0
0
6
0
0
0
0
0
0
861
0
0
1206020149
0
10903901
21
0
0
0
6151948
0
2995128
0
0
0
28
270150145
0
0
2858475344
0
72183396
0
0
404118235
0
0
0
0
0
0
2254135748
0
21995028
0
1
0
0
10
1101653180
0
1
28
2342794889
0
53566425
0
0
652447476
0
0
0
0
0
68006953
0
0
0
0
0
0
0
1796743
0
0
0
0
0
203848336
289574145
318062031
0
0
0
0
0
49925028
1326864624
477317805
0
0
0
0
0
1231345125
0
0
390838861
0
0
3
0
2865520
0
0
28
0
0
0
0
15
6
0
0
0
0
0
0
0
0
0
0
3
0
411838513
257600581
0
0
0
3079244759
0
502080516
0
0
0
0
0
0
0
0
28
460486586
0
0
0
28
1961364062
0
0
102887849
0
541718120
0
0
0
0
279247860
0
1473778762
839577753
0
0
0
0
4005
0
929602521
0
0
0
0
0
0
0
0
3214380
0
37998478
0
0
0
0
0
0
3
0
0
28
1
72896775
10
0
0
1
0
0
0
0
1
0
2124030930
0
98497630
0
36
0
3065441382
0
0
0
0
952857685
0
0
711028
0
0
0
0
0
3
0
0
0
0
513649326
0
0
0
0
0
0
0
0
0
0
0
21
0
28
139804281
0
0
932991368
0
624024224
0
0
21
0
0
0
0
0
0
10
362662949
13968255
2406053087
686778111
0
0
0
935262372
0
0
71778171
11978065
1054759485
0
0
0
6
6
0
549676746
0
0
0
0
0
0
10
726548140
0
69637701
162171045
0
0
0
0
168939771
0
178992660
0
0
106791805
0
15
0
0
0
0
181765711
0
28
901319653
0
0
0
0
0
40127361
1375311
0
895850956
0
910534210
0
82013503
0
0
0
0
0
296643903
723463741
0
0
0
2726508060
6
0
0
482253096
0
200190045
622109901
0
0
0
0
0
1844160
0
272791506
30361528
0
0
0
391079622
2326078122
3
0
28
0
0
0
83482731
0
36
0
28
0
0
11217969
1376845912
0
10
0
0
3150192664
0
0
0
0
0
0
0
0
0
914520779
0
0
0
78766155
0
48604870
0
0
0
0
0
1084545451
112792690
0
0
0
0
0
0
0
0
0
0
28
0
0
7728346
0
0
0
152172712
0
0
9046131
0
0
400649
0
