17148
0
0
0
0
0
126218
86351
2869
5010
0
67590
0
0
7359
9944
0
50577
0
0
18598
0
39157
0
16226
0
22224
0
0
54224
0
0
0
18192
32134
0
0
74101
0
53254
0
0
0
0
2404
44612
0
10803
0
56988
32830
108414
21839
3709
45720
40200
0
82629
17869
110097
15031
0
0
76721
552
97183
0
0
7697
64575
66778
62602
0
124094
44288
35342
0
24201
95537
113605
123771
0
33098
49929
0
22318
57551
0
56326
33280
56262
9713
9406
0
30156
23738
0
0
0
32782
0
2244
0
57029
0
0
93548
0
4773
0
0
0
41572
11751
64691
1779
42049
34034
12281
0
0
0
23648
57156
0
82523
0
34858
95449
0
0
8627
0
6603
12913
0
266
0
0
25310
6157
79477
0
25990
0
111680
0
125634
0
114313
0
0
0
58475
83748
0
0
29640
41180
388
0
0
13766
66557
0
110259
0
0
0
0
0
3572
107324
0
0
30153
0
0
6834
0
0
37190
0
0
0
45415
0
25508
0
120623
0
0
20574
0
41011
80983
0
0
0
0
6651
44582
0
93155
0
0
37172
97816
0
0
74956
74274
36323
57978
0
7623
0
12889
0
124319
0
5072
0
11235
0
0
0
0
2160
0
0
0
42922
44101
0
0
43787
0
0
31472
12518
0
84110
0
56342
0
8921
25461
0
0
0
0
0
0
63083
0
38789
0
0
34412
0
0
99412
52913
5687
0
8628
524
0
9387
0
0
0
18911
4617
0
35663
0
97128
0
11902
0
34219
0
48438
41030
0
66507
0
0
5022
14681
12461
39418
85695
8295
0
17396
0
0
28534
67716
78404
5064
0
22838
55596
6402
45488
41792
0
0
0
473
10421
7011
16689
5146
1215
123091
0
103384
87393
84812
30546
0
73340
35250
83833
40925
0
116628
0
8792
110535
46972
53550
103727
7655
1540
0
50408
0
0
0
0
121161
0
0
0
12778
41662
49614
3534
8996
0
853
0
73201
13737
9645
43507
0
0
26055
27578
23840
6140
57218
82595
5465
0
0
0
32965
41541
38038
0
0
0
25607
0
116316
0
58038
0
89154
90787
0
38665
66477
59588
5608
0
64014
3337
0
39470
0
0
38793
0
50492
42481
0
0
0
0
73819
89205
108470
0
27937
16240
41144
65391
101708
0
0
0
0
39554
3451
0
42811
0
2257
0
0
96413
126335
0
70506
47128
0
0
1409
71729
11450
0
0
127996
0
5598
9776
0
0
75151
0
77332
0
0
0
0
0
42934
69112
0
62049
22516
0
3813
20714
7208
117325
12229
39869
0
0
84095
0
3445
0
111962
0
118979
0
1530
0
0
52487
0
0
31198
66403
101794
93410
0
0
64422
7689
22084
0
6350
68852
23531
0
0
36325
0
55639
19770
100323
0
0
0
100450
27220
832
0
0
8854
13539
91815
0
109953
0
0
0
11608
0
0
0
66388
64590
0
45722
116870
0
85470
0
51498
0
0
0
30737
15074
0
0
6093
9971
0
0
116333
0
0
5839
0
0
52792
0
0
120505
0
61322
137
0
11519
57504
92065
0
78107
15470
0
0
0
11040
0
74818
15606
45126
0
0
107325
90424
0
0
0
0
7858
0
73018
8333
829
47579
0
0
0
0
54358
0
80980
2447
79614
62153
24932
0
81948
37162
0
0
0
66196
0
51963
0
0
0
38532
0
0
50492
0
0
0
36731
59818
47459
0
0
0
10056
81627
0
89953
73096
103109
4759
40532
23723
124201
37866
0
40786
3642
108745
72682
78230
0
121358
0
64406
86030
43018
3037
100534
16460
0
0
98864
11167
0
0
116428
0
0
98002
0
0
846
45668
55453
51548
0
3765
1195
125926
7588
58102
69508
7347
0
197
1497
37899
81435
904
32590
11300
11862
33442
53246
0
37490
0
2990
0
35159
0
0
0
87902
7603
15411
0
34388
0
0
105821
4406
71956
0
93921
125021
74103
0
115330
0
0
0
2325
0
11279
0
0
11875
0
99978
0
54785
10868
31697
95558
111265
31889
0
124101
75665
46276
38713
0
0
75526
100047
51570
59938
19753
0
10942
0
5669
0
95901
97559
60693
0
67942
103970
14410
8255
2057
0
103479
0
0
76806
97840
3281
0
41494
61679
0
0
36264
0
0
23697
19990
62093
0
0
0
29063
0
22703
30635
2457
0
22551
72965
35981
4761
12492
63114
8105
36360
0
61520
0
4094
28761
0
0
0
0
72585
7730
12397
50203
12506
59683
0
9563
129233
76351
81919
114663
0
0
7303
29248
41795
72373
0
0
20028
33918
15562
47370
19502
30036
1780
0
0
124603
65102
0
76082
4002
3514
21891
10759
15980
15383
102529
0
0
0
65893
96747
0
113663
0
129626
128575
6869
7006
0
0
75447
0
67309
0
0
20679
10411
0
0
0
0
33986
0
63673
0
36094
78685
0
32401
115756
0
33099
35441
17608
21834
24285
81676
0
14147
46524
62069
0
35507
0
0
7625
78106
8955
0
12352
10593
2808
0
0
25028
0
0
0
22029
0
0
10438
100697
81569
22798
0
60067
15246
42503
51197
83108
0
49970
115318
81842
0
1630
51486
46035
5560
0
0
64188
0
0
0
0
54220
0
15749
0
95906
95569
17801
0
72985
99471
13340
93425
0
0
37916
116278
45785
42338
34520
66549
73996
6423
9831
5932
110823
5119
13742
0
0
28977
0
0
0
0
44303
10618
0
36047
45413
0
23403
0
0
111141
71343
0
0
1714
0
38367
119381
0
0
0
20451
0
0
0
67247
48283
0
22325
39676
20482
0
14814
0
0
109858
0
81475
15535
25094
0
6362
0
122093
108626
24219
10381
0
36062
0
92109
0
0
0
0
4814
10496
97193
0
0
80081
0
15382
0
0
2502
45479
38794
0
55979
36768
0
0
15023
41744
67432
62484
12608
16476
113141
83634
102527
16875
3627
0
14427
88340
17990
82267
0
0
0
36870
122374
3148
112659
71869
100099
28353
6432
73296
58605
63129
0
0
0
0
3917
0
0
66499
0
5656
0
0
8920
0
87180
11041
0
2957
0
32535
59210
0
0
10124
0
0
128306
0
55891
0
0
83957
67363
77750
24709
0
95794
0
584
58912
45433
9415
98009
21666
0
13269
0
123779
795
50351
5139
0
0
14002
47735
98522
0
0
0
13271
4718
31759
0
68545
10458
25922
9783
19232
0
0
103785
68430
45761
0
0
0
20123
89133
0
0
0
0
35687
103240
108988
0
1667
0
120971
5341
0
4924
0
11703
0
0
0
6924
121141
0
42924
10257
0
0
120105
92075
31036
0
0
72859
0
0
2010
91859
4420
0
0
0
0
53501
9870
0
19162
0
18614
0
0
0
30161
72589
17082
69751
0
0
0
0
0
0
101736
0
0
0
0
0
24297
91199
0
2415
51571
122898
0
89745
12775
6841
1608
99435
0
2509
0
36162
87736
93865
60721
0
66322
0
0
28829
39550
36615
87579
0
0
41806
0
0
0
95079
0
35906
25727
12103
33878
72045
20312
0
103471
90043
49429
0
2170
113319
0
0
74003
0
0
0
0
0
21260
21075
0
0
0
0
125675
43713
902
27390
0
119445
63105
123644
48476
105683
0
7611
120449
57975
11167
47690
4428
12859
125779
46993
0
30007
63454
7343
0
126714
0
780
0
38191
0
0
49939
0
88227
0
44358
66063
39378
0
744
8182
14424
0
10571
96416
2377
0
35665
63363
124905
0
0
0
0
0
99241
0
0
18106
3268
0
0
5811
69780
0
31095
0
0
0
4000
0
0
27090
31376
73971
109504
40417
0
0
0
89962
1093
28627
99547
94598
33564
26982
0
0
74433
3895
0
0
110571
69339
5812
50662
0
5478
0
25203
87423
0
0
5570
86815
60187
0
54684
80589
74879
75793
118669
32118
16763
0
30701
37986
84900
107970
0
68170
0
6273
0
30544
35948
14716
12144
0
0
9789
62341
0
128652
0
0
0
0
28102
0
27315
0
100614
0
0
0
0
111228
51350
0
106700
0
2535
0
0
119084
21377
0
63479
0
21555
0
0
83870
57809
0
25140
71364
0
27828
120775
42286
0
0
0
47786
3404
2311
0
0
8568
55497
49652
28529
2915
42173
0
70837
35753
0
0
0
0
0
1865
0
290
90859
5689
0
0
4443
0
0
0
0
102692
6033
69725
0
49823
0
17170
0
93349
75313
0
0
0
2012
0
108740
0
12340
71507
91027
0
0
0
64449
77571
0
8828
3161
47565
0
0
0
0
0
0
0
30174
0
17216
0
88902
0
129379
0
12571
0
0
0
0
99295
29779
100735
13149
0
76455
0
110389
102111
0
0
0
0
0
0
78879
42415
0
75609
0
26591
68443
0
0
78857
65464
77447
110869
0
0
0
119021
0
43928
0
15834
0
0
3850
3884
126994
16680
0
30170
0
0
0
67114
23056
104412
6879
84428
52732
31651
0
90353
11524
18465
0
0
0
62707
16419
0
0
20404
52674
78973
129286
84324
121641
0
0
16590
36230
49993
0
16406
5669
0
50670
0
50646
0
11826
0
0
0
53036
7820
0
28954
0
109255
0
0
10554
1515
7738
70196
0
16683
29017
0
77141
16158
8471
0
0
0
0
25951
0
67959
12569
0
0
19596
56752
0
6210
6121
0
0
0
73720
0
9407
0
0
80155
0
41494
0
0
13447
15304
0
0
101791
82794
0
0
1625
2496
31495
0
108016
0
64847
977
48186
44278
106440
17819
17908
80295
0
117946
61915
0
76515
0
0
53024
17102
809
0
0
7288
6650
0
0
6375
0
2803
115214
0
27135
48909
0
9124
0
30267
0
0
0
0
0
128325
116532
0
29751
24739
0
59472
102524
54226
115943
68711
9084
4169
0
11008
18654
0
66083
128761
0
0
0
0
19620
82243
121106
104874
0
3164
0
19913
0
0
17565
16922
0
0
0
55755
0
6339
0
59583
0
0
89574
0
21392
56672
0
0
1332
8511
0
0
87116
0
0
96702
79372
0
56479
7009
3314
1449
1596
21231
47212
16252
0
16837
42539
0
0
51239
60050
0
0
0
45483
45311
0
0
0
0
42737
18610
77721
0
48977
23066
0
36350
0
0
0
97312
0
16256
0
0
0
0
87310
0
0
82606
74247
96161
1715
0
34449
108732
30675
47987
9580
0
24438
72258
0
0
9885
39313
0
66709
0
66485
0
41840
1884
0
71026
76459
10306
56821
0
0
0
19279
0
0
26892
106373
0
0
74538
0
0
369
11440
933
0
0
42099
0
48915
42777
25656
84361
122162
0
31669
0
66271
0
0
49364
21409
97598
0
0
121250
98177
73219
47557
99204
0
0
58190
0
96429
3163
103624
0
0
0
5854
16906
0
0
72739
0
0
33763
41059
37648
118360
0
0
0
18945
0
27910
0
57116
72030
5645
0
71371
0
123591
27283
86277
46509
0
43614
0
4745
0
7926
0
44821
0
0
0
0
8983
0
0
0
2
0
0
21185
3782
22406
0
100241
33575
50999
103023
54196
0
0
0
123671
732
0
96159
0
716
105656
0
0
51821
79750
13932
0
99186
0
1180
33828
0
73629
47267
113419
62986
0
0
20143
18295
112906
7425
0
0
0
70443
76511
0
0
45208
0
5777
0
81213
37859
57954
0
20311
0
0
97453
715
0
25098
43017
10877
0
92768
31860
0
0
13711
2184
90042
1296
0
0
0
0
12970
81511
6559
0
127978
69979
0
2309
0
110583
80895
116488
39022
64832
30789
38546
0
60391
110505
29774
127308
3580
0
6112
60953
0
0
4356
9150
6286
0
70251
0
0
0
0
0
0
122176
3096
15976
0
102081
25706
78818
0
0
14212
0
48031
16242
0
118333
0
0
0
15918
0
127396
0
0
0
8792
0
103416
81959
79930
27986
106763
0
0
612
85840
0
129572
57984
0
0
0
0
0
0
25761
22590
89584
21041
39815
87514
2358
0
0
0
58890
27158
107624
0
0
14997
0
0
28843
69502
0
4890
0
38917
0
0
21185
8037
0
0
0
60384
14372
88815
84500
32757
111125
0
0
1170
27186
110713
0
0
41087
0
10071
26115
0
0
0
0
0
23934
8090
48282
13012
73548
116370
2946
0
86911
0
6373
0
64643
0
29132
0
0
0
0
39233
0
85651
0
0
41592
10965
0
60555
0
0
0
0
0
0
0
0
1479
37146
126040
0
0
5223
69085
0
0
0
73401
0
17354
0
31948
0
112364
72545
106995
0
0
0
64976
7740
1354
0
0
25360
0
0
45831
0
72497
18290
21566
0
0
0
34003
0
18652
124359
0
0
69716
57121
110713
0
33941
77482
122043
4438
25525
2430
3527
0
0
23059
124079
0
0
0
11385
0
9809
0
27818
0
30941
34433
20576
16767
0
0
0
124632
76677
0
50894
0
0
53481
0
98887
0
4167
0
31450
0
81079
121604
12906
0
0
13374
40550
0
0
13267
0
0
78293
4901
0
31912
0
104983
0
0
0
68246
119289
0
0
7162
57182
9607
0
0
0
0
0
69385
104078
0
0
55191
0
0
0
35348
66160
0
0
71913
55800
68096
0
113072
95490
0
20673
9407
0
118278
0
0
22434
32636
38212
0
91177
125689
8258
2483
0
4304
50012
0
0
72599
45282
0
24073
0
109150
22451
46968
0
21335
21680
0
0
0
0
47360
0
0
0
0
63265
87366
58766
99524
78985
48393
8082
0
8799
0
31719
0
38948
46798
0
31980
69824
16952
0
0
29966
929
0
0
80421
3244
3880
0
0
82708
1781
0
10019
51308
44636
114375
58122
0
21694
0
4279
61414
39146
111119
0
54210
51775
0
55081
0
0
38818
7359
0
0
0
109075
0
39623
0
0
121462
0
5696
0
44484
31692
14770
0
0
0
0
20983
0
76944
0
0
115632
11022
0
0
28572
0
1049
73580
8468
0
6720
276
0
0
72187
0
13638
25451
0
17330
28400
30068
124971
317
101316
0
0
21361
3686
17907
102350
40789
0
14071
92914
79866
15788
0
21742
0
39893
0
0
0
0
19810
0
0
12839
92566
0
0
64725
103217
0
0
7927
0
0
0
8665
0
0
15422
0
0
0
68109
75063
0
100389
0
0
60483
0
80441
0
0
0
0
0
9384
0
0
0
37539
0
0
113479
0
127695
0
7595
0
108014
0
31921
0
35140
0
18160
0
0
39277
0
1972
94733
0
59571
0
39622
42807
25941
0
0
0
0
0
53631
31709
9747
0
82704
109572
0
0
0
0
0
0
99948
76848
75003
0
0
0
0
10572
58032
43553
0
0
117839
0
101813
53406
96648
22280
0
0
2895
121485
32602
3655
0
0
0
12937
0
2382
0
28120
81308
24699
55118
0
41944
69925
8962
0
102173
42505
1212
35663
0
0
0
0
0
4152
0
0
52765
110366
114341
72267
20691
0
9715
0
35593
0
0
34418
43915
5800
11735
4499
93732
0
17742
90041
84957
0
51123
8147
82847
0
0
0
50915
95487
119930
59522
0
0
20591
13160
69976
0
11523
0
0
82899
0
40500
631
95152
0
31650
19497
0
97388
7964
16585
6456
0
51597
0
0
49019
61769
0
77477
56513
0
12291
0
8216
48754
42360
0
0
0
0
0
61335
0
61812
65202
75650
39078
0
4636
11286
0
1377
78889
3205
0
72214
51870
12862
32894
33152
23495
14863
0
11161
0
0
98777
0
693
0
0
0
100804
98318
0
33058
49493
9270
0
123143
76788
0
111488
72265
86549
24444
0
11493
13983
0
3540
117688
59127
47226
75713
43433
1668
64044
35785
1310
39066
0
0
54036
81866
35222
0
0
115497
0
96084
10616
0
0
5984
38642
96313
0
0
0
76609
105615
0
319
88933
0
0
7248
0
37790
101871
0
0
1367
0
0
31906
0
0
29669
0
85776
0
12007
0
0
0
21895
47652
0
20997
62023
15330
0
44754
88214
49190
47625
0
0
0
0
0
28081
0
5950
0
0
0
38853
34593
18216
76922
0
0
0
0
0
0
32744
0
66658
11401
11918
0
14559
0
53908
110461
0
0
70391
103642
0
0
32489
2143
84093
14869
0
39240
8729
5190
0
73948
0
3180
17354
0
0
33294
35944
45598
45461
758
8463
0
0
0
0
0
0
122595
94611
27083
0
29487
0
62994
0
0
93856
127715
0
0
0
0
3308
0
17057
0
39048
0
0
0
0
128581
3954
29949
2699
0
105961
0
4199
110414
92884
0
0
0
0
54838
48740
0
0
109903
0
0
0
0
0
10779
0
75633
2400
79915
0
15025
0
58035
63850
10202
0
0
151
101120
0
0
20106
0
16364
94458
8625
7484
0
0
56998
57892
0
116688
0
0
63064
0
123877
112812
65766
0
17566
77994
129286
0
0
118499
0
59782
0
0
50039
100890
0
0
0
11892
3008
0
6624
0
0
0
0
13427
0
7482
10588
25003
0
0
0
0
66091
34341
9897
0
0
26901
2799
0
106629
0
0
0
0
120778
88069
3369
85855
5904
127548
0
85248
0
98897
18003
16122
68933
55633
13029
0
26742
117025
66703
112644
99038
67543
0
77017
0
2364
13609
0
127703
69147
80668
0
3007
27404
0
58200
0
47498
60056
78598
9405
126288
55256
12957
0
67017
0
5151
0
5237
2750
26795
0
57329
0
0
44244
120502
0
0
52799
128450
1682
0
6267
0
28056
77493
0
34463
0
5518
0
0
0
117044
0
0
0
35284
2717
42128
14825
41144
0
7555
53259
8081
0
0
83245
18176
0
0
80081
0
0
40470
62114
0
0
0
39377
808
0
0
0
52476
0
6515
0
58034
6349
101545
0
11879
1814
0
0
43152
0
0
0
15535
120206
2846
31369
0
0
73550
6012
0
0
13891
62354
51368
0
55405
0
0
0
83195
0
56286
15292
0
13892
9290
0
8907
49138
0
0
0
56518
0
6545
76283
0
0
15339
0
0
25691
53334
0
11241
94649
30750
40006
4965
14679
98311
18495
6573
0
0
0
0
47719
72363
16947
13649
0
19072
15936
6646
60970
113172
0
0
13366
108445
36167
0
0
0
87729
0
0
0
0
0
0
53029
0
26810
23073
7355
60934
0
7136
0
0
0
3810
6096
0
8170
0
55047
17767
96664
13827
85227
93221
79181
124285
39424
0
0
20349
0
0
119397
0
62814
0
120915
0
57670
0
6715
32295
0
0
0
1484
109536
2366
0
5585
30223
126443
0
0
0
2441
12308
0
0
106447
0
9283
79473
0
40312
62031
85898
25259
95068
0
0
38016
0
122423
2698
0
0
116951
16767
52748
0
0
53364
0
0
9209
41869
0
0
0
85369
0
0
0
13766
34315
74830
22695
0
0
8893
27513
86903
0
52465
0
0
0
0
0
0
102761
0
54385
5293
0
0
73121
8885
0
5307
60310
0
0
0
3302
13869
21538
0
0
21546
638
79103
65594
80652
96217
27218
86211
0
3828
0
0
36918
51668
0
37260
0
0
4833
46428
34769
0
69052
61053
0
12790
52769
0
19294
0
29274
0
120001
102782
16058
0
0
1327
1534
12716
0
0
66077
51526
0
0
20781
0
0
4186
0
115832
40216
0
4317
33339
0
102731
72925
0
68201
50994
0
46027
54639
36146
52511
0
70242
5009
0
17465
0
0
0
0
0
11804
0
84924
2077
0
16858
4730
67068
0
0
41514
0
16894
8903
0
18848
62264
105656
0
0
0
0
60003
0
0
0
19540
0
0
112433
0
58360
2923
0
7651
7210
52439
0
0
0
109332
121608
36917
18705
15266
10909
0
64621
0
41465
52264
86726
0
103519
0
67217
0
24259
44760
0
0
0
406
88520
0
0
129776
0
93058
0
0
5265
0
0
99152
0
32406
26054
123508
17080
0
40689
25892
0
79033
0
37362
54393
49831
0
0
0
0
126433
84909
100444
72067
0
72574
50226
0
90966
0
5790
0
13468
15623
0
0
35209
0
13697
0
48613
0
71825
0
0
82954
48869
74392
81190
70635
0
10989
0
5802
0
0
0
0
0
9727
101572
13617
124787
44208
0
13715
81503
0
92452
47913
0
299
5295
0
2756
22524
73208
0
10725
70091
0
0
1234
68304
95579
0
64577
0
0
0
80215
0
0
54634
41224
33132
17416
22300
23405
70131
7881
0
8419
0
0
863
55985
0
43693
0
67945
122431
1452
8931
64250
0
0
85992
13231
0
0
47738
74505
0
0
0
0
42284
9220
32873
0
80071
20649
79400
0
0
0
0
10521
41426
0
24203
83960
0
2656
89324
0
0
18549
0
0
43328
11554
0
0
0
57245
0
0
0
0
0
0
22017
36222
1777
111326
0
208
26419
13710
0
0
0
0
7189
0
23472
0
0
53668
23746
0
0
105931
0
0
0
58314
12543
0
77062
0
41361
0
36956
118493
125615
16354
0
0
0
2117
1691
2316
0
115842
86512
0
3132
54366
9512
28159
16922
0
0
0
58292
37132
0
45534
0
88075
30870
49561
0
11877
0
98344
11600
0
0
56890
126431
22487
10609
9229
64254
0
0
11923
0
42375
10925
82782
0
0
0
69141
11600
24472
7075
88231
0
450
0
0
16863
0
0
0
63182
63441
3788
14395
104647
0
0
0
5921
40719
12026
0
0
5442
0
0
0
2386
0
0
0
33708
37490
15169
0
0
0
0
0
3668
0
17608
23247
0
97203
0
0
71519
0
0
0
99010
3935
5788
0
12295
46128
0
10533
0
59347
0
78593
72991
61715
76048
19
0
68647
83018
0
39364
12732
82061
0
51791
0
0
0
64311
92683
85178
17686
61512
42558
10955
8417
47971
22698
12131
95030
2553
0
85264
0
107779
54298
0
33932
29672
0
0
36915
0
53849
0
0
0
122728
0
0
109000
0
31545
121957
13876
0
120672
23553
61964
0
0
47122
48232
0
0
0
0
0
2477
51923
0
0
4709
0
0
0
0
0
0
0
0
8445
0
107831
61594
52279
88841
0
63049
0
35699
0
60171
3528
58939
63951
0
64825
0
0
18906
0
12689
94441
88672
0
11435
0
0
30269
121564
28032
20097
0
0
0
35394
42918
14823
23633
0
0
318
0
0
102880
40489
0
122837
0
1686
71048
15830
79385
0
6969
0
3021
26757
0
75961
0
21698
0
0
0
0
0
104942
39470
0
1827
0
104608
0
6468
0
0
35398
0
19742
0
0
0
0
57215
0
0
0
107393
0
14829
76056
0
87275
0
98242
0
0
30635
0
89512
75995
40619
0
10702
0
32783
0
0
0
0
0
0
59230
24538
0
0
0
0
74591
54482
2896
34416
0
9692
63918
41231
18712
0
0
38120
3620
48685
22803
91145
0
42133
0
3395
0
9663
45900
87766
0
123103
0
0
61362
0
0
0
0
84149
0
0
21643
100593
0
0
10147
0
5710
0
19184
0
34627
108892
0
0
0
0
36611
0
8484
0
106780
0
114410
6208
40884
0
0
0
0
9544
6544
0
992
0
98563
0
2460
12684
94264
3957
0
0
0
5856
0
0
110979
33736
0
16626
69408
0
0
0
21257
16263
0
12550
69127
123463
55777
0
0
100628
0
84698
63053
69172
22275
18202
2669
13016
0
90277
112256
30138
0
17888
0
24071
0
129700
27032
0
22547
0
125365
0
0
31710
0
67748
565
0
68895
9016
36151
0
0
0
107021
58382
4227
0
0
41620
45203
78873
36033
0
10719
6899
103659
0
23892
35947
49520
39942
22112
0
50344
0
12982
0
0
25216
0
45791
42764
0
39431
0
113149
37828
0
5931
0
4679
0
0
90171
107368
0
0
103042
18847
93749
16046
0
0
0
32579
0
0
12467
0
749
0
12998
0
0
0
0
117717
66704
0
22722
5174
0
66593
129089
51031
22760
0
0
0
0
0
0
110821
50087
0
0
93294
0
0
0
0
882
15354
0
0
120202
0
94971
102021
60029
0
0
60594
43847
35012
0
0
25634
7617
71347
92104
0
95593
10162
51740
0
61706
95661
4649
40793
0
92806
44543
0
6581
29926
40905
0
0
0
120385
0
34942
0
0
0
22192
2673
55774
0
75347
84848
2290
0
0
0
76410
78584
38352
86044
0
0
15864
0
0
0
42577
2030
0
71708
0
0
18652
2927
33548
88675
0
0
16944
45601
29946
6733
112061
0
20163
59802
183
2678
0
0
9683
22806
72656
0
5745
20151
0
0
0
0
2279
5646
59143
0
0
12691
74197
0
104735
25244
86777
0
0
13652
104534
0
86417
0
51830
0
8686
0
20746
64812
26408
0
0
81086
126205
4293
0
0
0
95755
0
0
0
103288
4354
0
0
0
11327
90271
0
0
0
0
73847
0
15544
29239
6879
0
0
5770
13048
17529
8454
0
0
0
0
51218
95486
0
0
63176
115644
0
36186
0
103028
104387
96894
37216
0
0
0
68736
7277
54962
51266
116340
6499
0
85138
1747
60530
9599
40090
45110
26322
0
0
46183
0
0
0
0
30618
32020
0
0
0
57955
0
0
0
0
0
0
64364
11157
0
53097
54528
0
0
46889
83501
46054
0
20173
95346
0
0
39802
1883
0
18942
0
0
0
0
121852
0
2423
13521
11999
49424
0
41094
112562
17521
126747
107772
46315
0
24786
14336
1031
1102
0
11727
0
54727
0
71455
0
0
0
3673
1411
56579
87425
111416
0
0
1534
7772
30770
775
102125
24255
19346
0
122503
0
24055
0
75777
126571
23292
35826
28729
116963
32187
6660
53758
14427
0
18848
0
34079
0
0
28204
20831
0
65283
0
15859
2611
0
30573
0
61355
0
0
65765
29731
0
1124
19120
82028
0
23426
21175
10901
26739
0
0
0
10228
0
0
32154
12334
39831
2633
0
11966
0
0
0
11998
127470
65643
128515
0
31223
13270
111398
29624
0
35655
49553
0
0
48484
0
10709
0
19747
0
0
0
0
206
0
0
0
62410
84939
0
7894
1381
0
0
86019
0
76912
0
0
56042
0
0
0
28399
0
31961
0
0
0
0
43312
0
43767
47034
0
0
67165
55536
25825
39857
0
66515
65126
6347
46658
47880
13099
89573
6535
0
121209
96872
88534
78955
10015
0
0
0
58877
0
0
44770
0
0
55119
28534
55469
0
0
34257
0
40450
0
49680
52425
19234
64567
68149
0
66083
84404
0
7765
41217
46121
15783
0
74294
0
38393
95872
0
64798
115315
123220
38472
0
93363
117635
0
103167
69409
67723
124695
18932
0
5036
54391
7839
0
44936
0
0
0
69637
0
51361
0
83948
11259
12064
124926
21618
0
41938
0
0
58491
0
0
0
0
23146
0
128780
33985
0
27100
16943
0
0
43591
15228
115393
0
0
77062
0
34542
0
0
0
16283
0
0
42464
0
0
0
65250
21919
0
75873
0
11454
0
0
0
0
58798
0
0
3406
26713
0
0
76583
0
37937
8539
6103
24111
15515
42477
0
0
4079
40909
0
7921
0
0
83691
0
46216
0
0
0
71676
0
58002
0
120718
0
0
0
0
4793
2369
0
0
0
121574
0
3864
24079
0
80710
0
63996
3663
128634
346
0
0
84363
70593
0
0
0
0
22654
0
77455
119020
0
0
0
21516
0
0
111823
55651
0
0
13420
0
119521
97203
85677
0
61083
31019
28972
102268
0
0
81097
0
128070
0
0
60519
0
76716
0
0
101891
22183
26931
0
0
0
0
59773
12169
0
1314
46560
79787
62080
53679
0
30377
0
128584
96109
82696
0
1142
16850
0
70928
24791
0
125391
0
0
41178
0
705
0
0
0
0
0
0
0
0
0
122605
23953
0
0
120620
85261
0
11618
73672
7980
32721
7048
8778
29298
19479
0
0
0
92556
44598
0
0
0
0
0
52288
0
11363
4982
115772
37635
0
0
0
0
0
15694
20726
0
0
36728
0
0
17824
0
5369
0
39454
67320
26275
1040
8883
0
23358
38999
46331
27166
0
66698
30730
12419
0
0
0
4764
52569
0
43502
12077
0
19649
63113
0
103319
0
0
1053
43760
15321
11599
0
120663
0
0
46205
105099
0
0
0
0
0
0
13649
0
81806
15639
0
99557
0
78490
80505
14082
0
0
46691
69603
93998
0
0
0
108090
37776
0
100016
103361
81478
6564
31641
0
24889
70112
53856
0
61224
0
0
8366
0
0
43985
93430
0
0
69112
607
55602
69841
61772
50007
13926
121095
0
0
79517
67089
0
0
68917
0
64103
0
6362
0
66645
463
73840
0
0
112169
67360
0
28358
61152
0
973
0
4010
0
12823
0
45890
125433
4199
9516
59821
32078
45423
0
1047
11764
0
91594
40166
7831
0
0
35114
127277
107737
77502
41787
38438
0
127690
0
0
12240
125063
41459
9508
31816
89859
0
0
0
42351
14256
17950
0
117518
24217
69198
0
10513
0
105068
81859
0
0
0
112338
119390
79817
0
24596
1980
5572
120236
110714
0
116645
0
59038
9433
24518
110951
79043
0
64111
0
0
27877
22763
0
10713
0
72965
12193
12992
66512
22007
0
29160
0
0
39649
11728
0
10154
0
0
0
71494
0
47306
56803
0
24791
32551
126758
64129
0
0
0
77045
0
0
3770
52048
0
0
55911
8767
0
107986
0
38484
0
0
0
0
0
0
21817
51167
0
0
0
0
42249
0
0
60664
37294
0
0
100132
0
3668
16064
183
6394
120
0
12682
29754
29353
91926
110373
6541
109584
31706
0
78551
0
0
147
123717
0
25809
0
23808
38587
42283
19000
94339
16000
260
0
0
64558
74052
0
54299
0
0
10154
0
0
15577
72601
0
0
99218
1636
16204
15131
0
53770
87891
15748
67761
0
0
39048
32241
0
0
96144
65944
0
42871
15361
127812
45010
14251
0
65203
0
0
0
68425
46275
0
0
0
9631
63931
103470
107665
0
0
110648
62540
0
13935
65622
108296
5771
46806
38311
35643
73772
0
61841
3793
63737
56061
9031
0
0
20902
7161
0
0
0
0
54991
58998
0
0
0
0
76813
13672
519
0
0
76448
0
47669
0
0
0
114895
104558
40959
53222
41136
6159
0
101865
0
0
0
0
0
262
0
7287
0
15313
6968
0
0
48911
41560
0
20970
59751
9540
0
0
0
0
0
2668
0
105671
0
0
25602
3554
40344
66235
13274
0
0
0
0
45598
0
0
17449
12910
0
0
53357
0
27563
0
23807
0
0
0
46455
75923
0
118549
0
14279
24894
0
124705
0
27610
6155
0
94394
12649
0
59484
0
0
0
0
3233
0
10962
0
117594
0
4489
0
0
0
52769
117869
797
0
79353
62163
112857
0
64723
10476
111070
100736
33279
31661
64696
23377
0
20296
0
0
86949
0
62611
0
0
0
10677
0
4513
0
0
7202
0
555
0
0
0
74319
0
0
92064
0
11105
4716
89694
99183
0
4169
0
634
0
7951
109184
66505
11682
0
0
104734
6862
42695
39557
120292
26286
0
1662
0
0
0
41695
0
52355
110267
0
45645
113420
71510
0
0
22325
0
3778
95939
31770
10730
126678
123126
0
70843
67695
8183
0
93547
0
215
30751
39026
0
23024
55827
0
53731
0
118368
35442
2179
0
26894
22884
0
22804
3639
0
16138
60734
89248
14504
49096
33241
0
45611
23656
14212
0
0
127052
2653
59783
69760
0
34198
47513
0
0
0
75495
0
0
111123
0
89382
0
0
0
8760
19328
8927
84073
39197
0
0
725
0
0
52514
33634
0
129866
0
12316
82312
25268
56940
0
79978
0
42822
3132
35223
0
5656
0
1618
0
1185
0
112562
65071
0
96859
119473
63671
128654
0
0
42309
0
0
0
0
0
65232
0
0
0
0
0
105034
0
27164
0
63669
17279
14820
0
78484
0
0
0
44035
83605
45187
7796
104544
0
31559
52754
0
0
7308
0
0
0
0
55772
0
17602
82215
23175
61293
56926
4927
11684
35146
35270
0
0
0
2740
0
2210
0
111760
50888
104899
0
0
0
119518
20840
3050
0
1079
10853
0
0
75343
85029
0
0
0
0
1792
0
42784
0
46488
0
35984
73580
0
9634
30432
65113
5024
72335
0
42617
0
0
76730
36762
29651
0
0
39263
42952
44684
0
0
0
67743
0
0
0
0
2349
60805
0
0
0
53201
41535
7060
28015
0
52525
12895
127871
45705
11826
119622
104692
8998
0
0
7386
0
83606
0
127442
0
5904
0
27453
0
97546
0
101669
0
0
55234
0
0
4050
0
37406
0
0
5468
0
10100
51405
46871
95085
65366
0
52047
0
0
98690
33809
8891
6661
0
16816
103592
0
0
42787
0
23877
0
81822
0
92503
0
51087
0
19922
0
53972
121870
5883
31519
0
0
55394
85230
0
666
6084
105762
0
18894
0
71766
0
0
0
0
0
11716
58538
116675
1206
0
80612
55870
0
872
25425
0
9612
0
11708
70981
2520
0
57570
37260
0
125953
43717
9375
0
62594
0
0
97081
0
19078
0
42304
0
78510
26228
0
11929
24550
0
0
0
0
0
94405
7478
0
0
107069
0
4564
5139
0
5166
0
49790
0
100732
48587
0
0
7379
54357
0
49549
0
0
109047
84393
0
6486
0
0
0
0
0
42156
0
0
3829
96319
27617
0
0
45995
0
0
0
0
0
0
0
11979
0
2047
47552
0
0
0
0
0
0
97879
72295
43176
0
27226
62671
12732
67070
0
97900
117663
0
0
0
0
0
0
71852
15851
0
28269
43142
0
35054
0
42359
98028
0
6150
16443
0
0
56721
0
125023
0
122981
68815
85498
892
26020
72136
0
74103
89310
83012
8217
63477
0
0
75116
21545
0
0
55968
89244
0
86022
43423
0
0
0
1706
95973
80742
8758
43233
19283
2574
25575
0
109041
0
0
11158
96657
6794
119764
76197
0
0
0
0
0
0
25825
4173
36169
10349
73510
7767
4679
32235
0
47401
0
29330
0
0
31352
0
45829
41869
0
38756
46545
0
0
0
7541
58510
34161
0
28539
23336
0
0
70118
43782
89636
5033
0
0
0
23896
26867
0
0
0
27376
8207
121746
0
16063
39761
0
63260
120576
58516
5301
81225
0
126909
76458
16551
0
107161
79535
606
21287
40017
0
56135
8823
113794
0
28712
0
66852
62665
90430
54126
0
114883
0
0
0
25595
9229
0
34880
0
4020
45702
125395
0
94255
0
0
68383
0
0
0
107797
58568
0
0
43726
0
0
0
0
50289
0
117718
116769
97105
0
10402
97651
0
0
16052
0
13334
0
0
0
40696
0
0
11232
2583
0
0
0
0
0
51114
25416
0
0
113
24914
39046
122439
53105
89839
44895
120171
4633
5234
72197
7174
0
0
0
40417
0
0
3958
0
10167
93648
32970
84582
90835
25168
0
67701
20154
29389
47492
70487
0
0
3369
2739
31049
0
9026
0
20120
37397
51769
104821
69153
93929
10536
92721
0
4230
0
0
0
0
56782
6243
0
0
42569
0
0
7955
92840
0
11888
0
0
97172
69121
0
118767
120101
15440
0
111183
30319
0
0
23963
16051
0
0
50918
19537
0
667
0
105290
51088
93344
0
0
54490
82449
0
0
66041
62800
13549
8829
15226
0
65909
0
120444
55672
0
0
0
0
0
0
30039
49859
38763
0
0
0
20624
380
24481
85110
0
16317
72935
22462
94474
0
120371
0
105038
129456
0
0
119256
0
0
74305
46319
0
64074
49413
129537
38089
0
24520
71600
0
43685
0
35528
55534
2034
0
17087
60915
124234
0
0
0
0
0
46410
0
14249
112545
13749
6435
0
0
50017
52319
0
5167
49453
0
102760
6065
111478
24509
79911
80506
0
0
8162
5779
13129
75427
0
0
33266
0
102767
0
17944
59872
28752
0
32451
41259
118139
9816
84644
0
48803
0
21461
0
0
71607
34529
41502
548
101322
0
0
0
55001
50974
25802
0
0
0
24668
0
87862
110317
32702
0
18255
82364
24276
74799
11619
33687
7711
71333
0
3670
0
0
5792
52791
0
0
0
24015
26390
0
50689
0
0
95224
0
91997
43248
0
7078
120218
0
75917
82837
18023
1216
64074
31897
0
2481
37776
50417
16804
109860
83994
0
73712
0
4069
0
0
10739
12712
38114
0
0
0
0
0
2593
50857
3643
0
9775
32309
0
0
323
6636
0
51849
0
76095
0
0
0
0
57266
0
0
0
39208
9560
3593
0
0
30940
58912
0
0
108474
0
125406
6295
0
0
0
17933
60552
0
24710
0
80013
81490
0
97238
0
49489
52804
0
0
0
48289
1095
0
13264
102220
20477
120247
101157
125728
0
0
0
1123
14592
0
87158
109091
0
104664
10397
0
0
56397
51991
0
26606
0
0
0
72187
5993
5471
0
77308
0
37703
99811
8654
0
25362
0
0
37040
6596
7604
3198
68224
119751
5072
0
0
1434
0
0
0
0
0
0
0
44495
95463
17870
70199
1680
1854
0
6555
30426
0
57320
13336
0
83018
59085
0
837
102619
5031
12614
16489
0
0
126782
72698
0
9757
63553
0
118668
0
0
1623
64276
16202
7010
0
0
0
54787
111541
62635
103101
7059
24481
0
62916
0
119591
0
0
50774
58121
0
22138
11428
0
0
7784
13454
5729
128153
0
0
69383
0
9349
18659
61474
0
8360
0
9516
3050
0
9344
95901
0
59
44668
0
70002
0
0
6555
0
33325
11825
696
0
0
0
8239
98980
44600
63092
43785
0
80109
0
88148
0
27997
125029
30173
51905
0
8103
0
102934
92857
3129
45303
21083
11412
0
0
4828
0
9398
0
0
63190
0
0
70641
0
0
0
43873
0
0
82753
57598
128947
0
48256
0
45587
0
0
0
17893
4614
54840
0
0
102182
0
0
27658
61376
0
0
36969
0
0
75898
115087
6676
36936
30343
0
0
0
48643
69281
32344
0
76259
0
29183
0
41708
48794
0
19855
44581
0
3940
0
53287
0
0
34995
33480
0
127129
0
0
27802
55204
0
78739
0
43072
46880
0
0
0
0
0
0
119288
0
0
17703
16135
0
0
9118
66037
0
66622
0
52272
0
5274
23972
12671
82420
0
54089
0
0
41453
0
0
39101
129381
0
29315
23628
43493
17978
24703
71086
0
44578
5261
86742
0
22549
32831
0
0
0
4086
16801
0
0
86897
0
103089
15532
5267
41083
0
111392
0
4913
0
0
0
0
81432
0
13810
0
2062
61402
0
13321
15398
0
0
7374
92814
38653
8621
0
115221
0
112365
0
1850
0
0
50945
0
3073
1784
0
0
0
0
0
94005
0
119211
3915
68506
0
0
0
0
0
8036
41502
29178
35819
0
34024
0
0
59020
43705
0
9104
0
31812
70627
30398
10145
100863
42951
8162
17319
0
31715
112976
0
11905
34205
15891
0
0
111820
20180
13150
0
0
123898
103184
44926
2585
98539
60425
33666
0
82330
68626
7290
0
10437
0
37661
0
0
10817
91133
0
108208
73019
538
125826
51862
0
46730
41363
56897
124500
0
2844
4620
12051
75277
35086
0
2687
0
0
3794
0
64305
71533
0
8772
21384
60508
51858
2788
70167
3647
0
10750
51815
268
34900
5872
0
83353
4635
0
23766
0
79700
0
0
4541
17008
0
25748
0
0
0
22895
127295
0
2776
0
0
32686
85957
0
92023
124541
0
0
41333
27780
1254
13687
37296
104336
0
0
0
0
9976
9247
0
0
0
91823
28644
68562
43423
110652
453
0
0
75791
0
19057
0
21177
12108
0
0
0
24681
5114
88368
0
55588
18485
0
2260
57283
0
10857
0
129001
25444
0
101328
127245
0
51056
0
0
9276
48264
70152
58209
0
20437
0
110406
117688
0
36769
0
127626
0
102306
0
11559
0
0
0
773
66034
13269
0
0
34643
24747
0
3136
79236
447
0
8146
90243
0
3329
0
0
8634
72174
0
119721
0
0
0
0
53330
0
0
0
0
0
477
1729
100494
63369
27817
29181
0
0
52935
0
17770
0
0
0
36430
0
70358
14581
0
0
0
0
0
8779
0
0
0
499
91851
56272
0
28252
0
125150
0
79138
35769
0
0
13207
7023
76558
3397
108687
34570
0
0
0
0
0
0
12091
76210
0
464
0
0
33030
90344
0
67747
4199
0
0
62686
692
4350
0
106231
7284
90302
0
0
0
0
0
76251
0
96221
7064
0
18236
0
3057
0
0
0
0
0
58954
68806
51315
29768
0
108312
50820
0
92090
46810
0
0
0
0
0
25049
60772
19372
10932
42825
0
44399
0
0
8249
0
11327
0
0
0
64623
95889
0
0
68106
103590
0
64819
0
25561
0
0
7381
0
123789
307
56975
62911
29761
70148
0
0
0
95384
21081
23296
75851
40651
72286
0
0
0
0
13962
59899
3385
0
0
32508
0
0
36106
0
12172
11482
0
114309
0
96546
34388
29402
53668
419
0
0
61434
56140
0
0
0
85943
0
12699
19247
0
88806
0
0
0
0
0
0
0
6517
32340
0
79121
0
0
50486
6805
23338
21412
34979
0
53397
23094
110586
0
30825
43552
25431
107638
0
60576
60557
1916
0
0
0
8124
4800
0
0
0
0
84526
2081
11072
18265
0
0
110699
178
36885
92621
7409
10418
0
0
0
0
0
0
2392
0
0
63012
0
90913
0
0
110959
5663
83743
0
0
0
0
0
0
0
0
38498
4509
108772
0
0
0
0
0
31300
3983
0
57782
5196
35683
84358
0
29531
3596
0
114476
0
42469
0
0
0
91933
36664
0
0
83048
0
0
7919
0
14129
93782
0
0
87511
21557
5256
13594
0
19618
0
29901
27253
0
3848
125938
0
5920
23928
0
21827
0
0
10186
0
0
9735
0
0
2404
0
0
0
0
0
507
0
40422
14148
45438
0
11998
29192
52012
0
84710
0
10902
5295
77456
118949
0
18384
0
16850
0
97544
11724
51870
34907
0
0
8843
0
121642
0
21010
39871
21514
46439
0
0
11945
44749
0
0
49155
0
100410
26824
91062
0
38759
7098
89742
0
76524
0
104028
0
49975
49590
41481
58983
9222
0
123114
0
114781
0
28587
12513
0
76447
31995
108950
0
0
71996
9833
5963
0
0
0
0
10758
105116
1035
101507
12927
75693
13728
0
50266
20215
0
0
95394
0
90841
12101
0
19232
55696
18287
0
0
0
78136
0
0
45992
0
21124
28448
13098
56065
117853
36270
15204
0
0
7693
0
90810
5505
0
0
57267
0
54908
66974
8299
66483
0
53374
77327
83193
2195
0
23927
46776
0
77397
110748
0
16937
82564
68507
0
6118
0
43151
39413
0
0
0
124791
0
0
35626
0
0
134
0
0
0
0
57472
9663
33899
17377
56395
0
0
13746
62824
100459
10140
113796
0
77363
3341
14819
0
43367
25397
4716
29723
2433
10855
26824
10840
48939
0
0
72682
0
2345
2240
58725
0
621
35199
7172
2918
0
8963
0
41595
98149
96597
0
11741
28704
2853
4223
9414
0
15793
0
68589
62647
1917
3894
121032
0
101223
25551
0
0
0
0
80708
0
9847
6246
0
17209
0
0
0
121738
0
0
7512
51163
125448
63374
114287
9280
19687
457
0
62821
23901
25645
0
36752
28203
0
125874
0
0
111267
47516
0
12244
8933
0
0
11705
29781
47097
6811
0
70016
29472
0
36872
0
10726
0
25502
0
0
0
11096
0
108098
98168
54595
34432
0
100854
0
45774
62095
28787
106644
3029
67452
13499
72508
48138
114913
0
38379
0
0
46495
0
122587
0
17182
27415
0
18310
74733
82212
0
91878
54384
0
4961
126710
0
0
0
0
0
0
3555
64351
0
0
23111
89781
113822
2151
38963
0
0
8899
24103
123253
0
0
37614
57101
67109
0
5032
0
0
94369
0
0
112253
83240
0
33381
0
40595
0
116861
0
0
114075
0
29167
109191
68090
0
4245
118740
93032
480
17658
0
10560
0
0
0
3351
41806
2607
25192
93252
29002
0
35640
0
35837
0
51575
0
0
0
0
0
17195
0
3955
61287
114236
4191
0
0
0
0
57803
0
0
890
0
0
0
21614
93368
0
53365
0
22905
3205
0
0
3272
0
0
75633
0
0
106871
0
1160
0
0
9078
115900
97244
18520
0
19930
42862
0
68022
108165
0
0
0
0
26103
0
0
0
53258
0
35956
77665
0
14819
0
0
0
32124
0
65798
83649
4393
0
88775
113703
31939
38595
19745
74549
30409
17519
694
9829
121422
77536
61022
0
92439
0
0
0
17078
24602
0
0
0
104486
0
0
0
86192
0
10205
89571
0
96595
0
0
6251
24393
101902
22803
128102
0
129204
13923
737
0
11558
0
1061
25902
83315
116421
2110
1128
0
0
37135
5778
0
0
0
0
6681
25771
58297
0
33384
26426
0
33708
36836
119405
0
12671
80655
22330
0
7073
35475
23173
17702
0
0
0
29154
0
33967
0
0
120880
0
0
0
22453
0
0
57633
0
0
0
0
14555
0
16774
0
3612
1319
5605
24210
46174
0
19243
0
38696
32158
41950
0
0
117148
0
0
0
0
0
0
81804
0
43204
34085
21194
0
29191
0
0
0
86213
0
9504
0
24952
0
16277
0
0
121893
50378
55376
71041
0
0
87132
0
59415
9957
27369
106567
0
0
180
119
0
0
0
5303
2489
25455
890
18229
6997
0
24118
51324
39481
8164
0
11067
0
0
60999
8489
119983
24563
10101
92823
580
0
0
3989
94305
72564
0
54022
41879
0
0
39355
0
0
0
0
109035
24538
0
0
0
9888
109472
23897
0
0
9613
0
80645
103496
90451
0
5744
122024
0
0
0
24484
0
0
11114
22567
89622
0
71444
0
0
0
61313
7440
9396
0
0
10962
57993
20721
8531
0
21308
89718
0
51298
0
0
0
61148
11788
14317
58224
2477
46226
0
4561
9269
70049
0
0
13979
0
62801
0
0
111789
0
0
0
5032
1806
0
0
0
55580
3561
0
4086
121556
8943
33703
101871
100895
11864
84544
83002
0
25458
29817
1324
0
0
0
0
0
1890
42285
103513
129078
8016
86107
50220
24950
6900
115070
51846
32173
0
62796
52678
100490
6837
10280
87410
56305
0
0
11151
61999
33832
0
24243
0
0
7314
0
0
81924
0
0
0
37582
124322
0
79759
0
57389
61253
13076
7806
787
95600
28755
0
44477
0
0
2131
0
19423
10990
0
0
0
77064
0
0
0
15671
11646
51115
0
0
0
0
0
128123
2725
0
17332
112348
124217
18858
16922
8735
32762
93350
61126
31140
0
356
77251
0
0
0
424
0
55282
0
0
57830
0
1458
129008
0
30901
2503
47054
65153
115692
0
0
89625
0
0
0
49065
11978
94885
0
0
76694
5673
1757
0
0
14705
0
70145
52518
64
0
116878
33236
0
10835
64889
0
0
0
22288
123956
0
0
0
70124
0
0
77548
0
0
63206
32741
97815
0
1515
0
0
81870
9474
34291
20442
0
24526
7262
0
0
0
48730
0
126122
0
1139
0
17886
0
92721
0
119437
0
0
0
110850
0
0
107648
0
32746
22948
21712
0
0
0
0
25788
128837
49776
0
0
4440
36122
11863
82384
0
0
0
0
30449
0
0
27666
1880
0
0
0
0
20571
0
31639
0
2038
18799
0
51457
12162
0
85348
0
60185
0
1615
50202
0
0
0
0
122260
54321
10733
90675
92647
67097
16130
101330
0
114925
0
0
12593
2015
0
43308
9036
0
13155
0
845
55040
0
30907
18021
13229
37744
79789
0
0
0
106604
21255
0
13067
0
0
0
12004
506
0
62830
0
17613
0
29923
2733
12759
0
0
0
0
0
55001
0
0
0
0
0
104301
4743
6979
2905
0
0
0
68082
0
0
0
57614
55209
6137
0
96961
26649
83825
100989
28039
0
0
108267
0
62969
45702
0
627
69289
39704
0
10719
5419
11957
88390
6375
0
34507
54203
1851
34415
7692
119631
2254
0
0
3658
0
0
104366
33557
54165
78764
128870
0
71136
0
0
0
0
0
0
37654
1352
96400
49116
0
0
0
38164
0
33141
117023
1517
0
0
12534
0
0
0
23484
25738
17792
0
88794
0
63407
47838
0
0
2441
52276
7038
8385
0
0
115955
0
90711
0
0
96485
79143
0
124360
7144
68415
44063
0
0
0
504
0
0
4093
50620
99761
13658
69944
59111
0
0
25548
0
19426
1704
37271
0
0
73165
0
41492
17323
123145
44715
0
0
3393
39016
0
60176
4995
0
4633
26012
65012
0
226
7907
266
111690
0
0
0
0
0
3347
0
0
17036
41081
0
0
1726
77834
121982
48573
0
1013
24906
0
0
69886
110335
6624
127641
0
42703
0
72916
85358
112862
14748
0
0
0
0
0
3773
34071
0
0
0
0
82651
19305
0
0
72486
0
111760
22553
16841
15038
0
19891
0
0
35679
10059
56326
120836
0
0
0
106895
0
0
0
104762
0
9439
78318
1427
81427
81130
0
85225
0
51647
16153
97505
0
0
0
10918
0
5764
99373
35531
10404
0
41663
0
45508
0
126401
0
0
0
52260
1902
35631
0
90967
71034
0
0
36288
0
0
127357
0
20721
0
0
60684
14119
25052
54559
0
108957
0
0
0
22509
127748
0
68607
0
109213
33855
0
10524
6628
0
0
94123
85365
23767
0
18656
0
0
54899
0
0
0
62187
34381
0
80322
0
0
36587
0
31898
36084
11719
104781
58495
7117
0
0
18552
0
8933
34391
96777
0
0
101663
5255
82081
0
0
9154
0
1144
70325
39093
0
43098
66785
0
0
12733
107698
0
0
37904
127008
101493
6381
0
0
4201
9749
0
0
53891
34124
73771
8560
3233
29531
55342
19326
62441
12684
89631
111284
114883
41719
0
7496
0
43011
77814
0
78639
0
5622
0
44284
120740
0
0
92180
0
15879
0
0
108275
48513
15309
0
5319
0
80316
9661
30474
0
0
66232
56587
0
0
19962
119835
0
45235
43147
0
13142
0
0
43151
1721
87070
88477
0
0
64702
180
0
106143
0
45221
6045
0
49517
0
0
81331
0
23355
57146
7306
44771
61951
42501
0
85773
6650
25679
0
129219
80693
0
18642
0
0
0
0
0
52494
0
8729
43422
96793
42504
32355
0
24883
0
0
7151
53277
20355
28963
25350
21565
0
38898
71108
0
69442
0
71222
0
0
6516
0
0
115303
0
0
0
34066
0
0
0
0
51792
0
0
22265
0
0
0
0
0
0
11613
70953
0
0
94853
51399
0
0
11370
1346
4749
0
2344
45098
5636
3752
0
113882
0
126592
0
0
0
18688
0
50783
82672
22628
64161
0
51877
0
8265
42473
101324
82807
0
255
0
0
0
0
46439
25271
125896
0
0
123244
12018
36218
0
78896
1514
0
0
0
101991
21485
18931
0
0
8427
0
40792
3003
2371
0
0
70766
0
40101
6203
0
38216
0
13396
11652
0
0
5624
0
51748
0
27331
0
18824
1733
75452
31489
50196
0
31167
0
0
38431
0
0
0
79960
0
46547
0
31495
0
1880
806
0
0
0
28374
37974
0
0
11006
0
0
54013
0
82697
0
0
41028
0
0
0
69139
0
97311
120205
0
0
97149
0
69440
0
0
26444
20730
95739
22531
0
8560
33253
79555
100439
8078
17964
95115
0
29221
0
128864
54324
0
0
105136
38032
112552
0
106526
102058
16150
0
0
59959
0
0
110969
119979
0
121867
0
0
67285
10165
43341
0
10549
96949
0
0
0
553
92737
0
0
44637
95982
0
0
24296
5905
122825
87397
0
0
50612
11274
0
91923
0
11679
0
68799
1294
0
0
3154
0
96682
0
0
0
0
0
0
0
0
31677
10141
23907
41964
0
2145
10716
0
9558
0
53641
0
2429
0
0
0
0
0
45846
42173
0
0
67426
0
0
17339
7168
0
0
14102
0
0
0
109939
25533
0
0
0
29004
0
61658
0
0
0
71014
18875
3999
8440
70067
59895
0
32885
60317
6224
0
0
64735
125529
70250
17101
16528
60192
12422
0
0
32436
49283
276
14300
82079
79466
0
121675
23187
25945
0
0
23020
0
8799
1684
9539
0
190
25677
0
9560
0
0
0
0
25995
0
64225
6225
0
0
65740
41364
5654
20814
60311
8041
12376
0
4863
11182
74081
0
4172
118716
0
0
0
0
0
0
5409
12921
27
11586
42817
3666
0
20660
0
0
0
4219
0
72999
0
22414
0
0
108881
0
1351
30120
0
40409
0
0
0
0
87746
127555
0
41585
0
3405
15966
0
83586
60928
0
4173
0
1260
0
9948
8469
0
94
21881
0
535
0
0
6363
55982
9034
56488
12462
3631
126022
8550
124048
14612
0
0
32709
3927
0
2527
0
0
16195
92861
0
7043
0
104518
0
0
74226
0
0
0
35317
23619
51380
4831
0
106320
0
108476
0
31584
0
109584
0
15803
0
0
5643
0
73465
88263
0
5646
70523
109298
0
0
16234
46257
64744
12248
54243
0
0
0
0
0
71267
0
84246
0
23720
98585
18423
0
58608
90228
2993
0
0
5610
0
0
0
107817
20552
72750
15452
61350
29592
0
63387
7847
0
0
38777
0
60643
0
86905
86907
0
0
3521
6053
0
0
98632
61620
34677
5253
0
113323
0
0
73305
0
30782
0
46847
0
0
114637
0
0
39809
14519
0
0
32921
24883
69547
0
75388
9696
0
109094
91187
0
0
0
0
76391
121101
0
9619
0
80056
0
31916
121267
62058
0
0
0
0
111439
2004
0
81989
865
0
17142
3366
91780
0
29954
30486
1925
48549
6766
0
33107
122312
107540
22232
0
0
516
8220
30556
38414
0
0
0
0
0
0
0
50355
33238
0
0
14624
0
10239
47073
32486
0
113950
94581
0
68677
0
86419
0
45881
0
8600
116465
0
23489
29031
49548
47568
11950
0
33581
52684
23797
0
5034
0
0
0
0
0
0
83074
0
11023
0
53000
110955
69595
0
0
77051
0
19597
94503
106176
41512
0
36644
0
11114
45590
98761
0
0
0
78269
83877
108678
93416
0
17055
26717
0
78709
0
853
0
13756
14312
0
43022
104304
7848
0
0
32514
29180
11037
0
0
24909
1547
20069
0
102858
113552
78957
9004
2264
31269
0
48563
0
53086
0
52354
0
122017
0
2550
63298
10645
0
51154
96255
0
0
0
46818
2354
21383
0
0
0
0
0
6719
0
0
17489
1054
8616
0
38253
10121
0
55199
43453
0
0
0
1036
0
26015
85712
0
0
0
41124
57231
96140
0
0
0
0
0
104041
20898
0
51661
113171
0
0
0
73743
0
0
28739
0
0
0
43028
58459
0
0
0
96689
0
18500
9680
27220
124234
113232
0
0
0
2763
0
0
0
63438
0
109011
10321
0
0
0
0
17227
5842
74161
0
0
0
43106
0
0
4679
28821
50018
9850
0
0
0
117306
2684
51909
0
25703
19534
0
68451
90429
43668
3701
79950
14564
0
105
0
0
16540
539
0
19355
13818
0
111228
2073
0
0
0
59609
0
0
0
0
74910
1927
8006
94507
50660
28593
0
64476
0
0
0
4869
66327
21242
0
13084
34741
0
75813
0
0
26646
0
3320
103611
0
100001
120837
0
0
61694
18775
9033
12094
88658
0
14958
0
0
27635
39471
0
0
2721
5915
0
98263
0
0
0
55
0
0
0
0
3441
21369
1024
0
120223
0
0
92310
0
0
247
52291
6923
0
9388
7121
0
22942
0
0
0
22925
0
79390
81311
1870
12719
0
70402
0
0
0
0
0
43584
11790
0
0
0
0
0
0
30745
120378
0
6494
987
0
0
0
28349
4221
0
0
87665
0
103100
0
50633
41148
1249
0
0
3338
0
104809
0
64616
0
1704
11933
14442
0
0
0
15289
34500
35552
32601
9232
0
74561
4011
4779
11691
24509
0
40251
0
0
0
7467
13701
30094
0
7462
90515
51010
2347
0
39062
46408
0
0
0
10869
0
9884
297
9771
0
124438
0
0
7832
0
0
89765
13886
0
48042
67448
23274
0
30298
96495
0
0
124422
19528
97309
0
0
0
102854
0
0
0
57540
44805
0
0
122728
76047
2045
12265
0
111230
55313
0
62120
0
23792
0
10475
1920
16171
17360
82055
0
0
6212
94607
0
90752
0
0
97817
0
15290
0
0
9180
0
36297
84359
0
4518
0
127321
17138
0
16854
0
10916
0
0
0
0
0
89228
0
93191
0
56892
41372
16514
49897
13584
101245
95443
40018
1142
0
0
127330
0
0
0
72588
113069
0
10868
0
17756
0
6148
5125
0
0
0
100330
33849
107864
0
0
12418
65397
0
0
0
11246
0
0
758
108876
79669
6021
0
10590
111501
0
90289
6151
43595
127411
0
13278
29652
0
101198
86548
95103
0
0
0
24020
0
0
3357
12693
0
21134
10179
0
4047
110197
66815
42815
73952
4839
499
0
0
124528
44165
5385
0
14956
0
0
0
59407
0
0
30049
16707
0
0
54730
0
70325
86481
8487
0
50582
0
0
0
15701
76959
60390
76840
0
3274
0
0
45950
47944
0
1213
0
0
80668
0
68459
20
66674
16254
0
119562
18894
0
0
0
0
9971
57799
0
124017
6928
0
0
0
0
0
13001
1075
0
29298
6184
107222
84731
20785
1719
4793
41267
10311
0
0
0
43654
0
0
0
72661
112175
13401
46620
0
13391
120312
119659
0
0
0
0
0
43148
49195
0
0
35838
113501
77114
120567
5624
15073
0
16505
114138
42561
0
0
60978
0
35723
0
7967
35400
39916
0
123282
121491
68488
2585
33135
3616
16561
0
80054
0
116298
39794
0
0
0
0
0
19579
0
119743
0
11600
0
0
34106
0
41917
0
0
0
101416
3278
74989
113525
8587
4520
13951
57887
34860
90357
0
12345
18187
0
49978
20341
72108
0
26909
0
55599
44770
83893
0
23550
0
10688
85867
0
27693
0
0
64247
0
0
0
0
0
4067
0
0
0
0
28406
3729
0
0
61704
0
111730
0
0
0
37889
0
0
104954
0
0
1989
0
10787
0
0
57257
83589
3626
0
54617
22966
0
120037
111044
0
0
42241
81447
0
0
0
36144
34625
23331
17749
88303
3088
0
84950
127462
0
216
676
2753
82602
7089
76845
26963
0
0
19901
0
17732
0
15807
56043
0
7553
881
0
96355
123146
121190
11332
59653
0
80271
107904
0
4191
0
0
3808
3696
43782
53678
7521
0
20298
0
7350
4752
95443
0
41778
0
0
0
3421
0
0
67327
0
115257
85584
0
64417
94244
0
89152
0
0
0
10289
1604
27400
0
3507
0
53595
8778
0
0
121580
0
0
0
53876
0
53893
1613
28177
20037
26879
0
0
0
391
1892
0
14592
0
36438
37893
0
0
0
0
107112
19835
48027
11079
0
9145
0
74533
13642
1480
0
26811
0
5314
36552
0
0
0
21638
52560
109860
79627
42931
0
0
83654
68896
78589
0
6611
0
0
18830
27683
123791
49704
0
0
0
0
0
25344
76574
51296
64098
0
0
0
39806
0
0
0
40418
4634
0
3778
106673
0
108590
0
0
0
0
0
39583
0
0
44423
84450
0
0
64206
0
55168
38282
0
597
34398
1005
4023
0
6488
59923
7392
0
0
45553
0
70460
1139
0
141
113178
64290
87183
0
49317
6822
11721
0
89053
0
20926
0
11701
0
0
106634
66321
0
77348
0
87947
385
0
0
1004
0
0
91938
57977
0
0
0
0
0
80406
0
5817
14347
0
36691
48950
0
116658
0
27337
49091
50141
129484
0
30258
49565
1014
56950
0
25663
0
113865
0
0
94310
85076
0
0
2474
0
127775
0
121729
0
0
18441
119910
0
7413
3598
0
0
0
18204
9209
0
0
56791
115247
0
0
0
90846
0
65443
0
47427
19610
0
0
0
0
0
0
0
87812
10769
0
0
0
0
0
105587
100774
0
0
0
106030
96511
0
0
0
0
67372
29751
0
0
0
68727
5480
129133
80820
43191
0
0
27513
0
95706
89651
68064
0
39802
0
20254
0
0
65201
8348
5280
30139
98361
54495
0
19471
5696
4003
0
0
0
0
78876
63635
55522
0
125714
0
117594
11802
7377
0
0
12310
0
0
0
0
58786
11200
0
8781
4479
0
0
82599
0
85109
45512
0
10662
30458
76242
60134
60546
0
43476
0
0
0
0
0
42663
83468
128962
0
57264
124309
0
0
120087
0
102557
96293
72655
0
0
16568
87360
112482
32477
1124
0
59497
5614
79527
86476
2088
61941
0
0
102003
0
0
87167
26071
31370
10657
0
0
12582
2114
0
0
20526
0
15815
0
118498
0
56409
0
0
91414
0
0
0
28438
0
87278
0
57339
776
0
15417
45170
43620
0
97927
0
16281
16369
5904
0
1133
9397
52264
8035
0
84736
0
0
0
67400
52444
75105
54346
1353
0
120671
49353
104517
56917
0
54852
0
115972
42729
29874
0
0
0
92578
119024
0
124601
56858
11877
0
70701
5931
27230
0
12650
0
0
0
9120
51750
0
10840
0
0
61524
84977
30393
0
518
0
4999
0
0
0
0
0
0
0
106603
14081
0
0
81748
0
0
25470
33280
0
50855
0
0
0
0
0
0
1492
47370
6520
56555
0
83349
118244
100517
6206
19507
0
326
99088
11314
61745
46768
0
0
0
0
26626
119131
10680
111725
0
1687
0
0
8507
60531
0
81270
0
15448
60625
7860
23847
0
0
3704
0
101881
0
127684
0
3915
0
0
661
26195
0
0
36156
0
4648
77942
45991
5778
0
43361
9513
0
0
56462
54211
51840
88389
63765
0
87231
0
0
0
72545
33373
75185
0
0
74976
81438
0
67597
0
0
0
0
63582
57117
3360
21479
0
87023
12453
17244
87852
0
0
84259
48260
23001
0
16747
0
0
2142
0
21511
0
32109
43297
0
0
47270
30838
0
0
37081
78112
62945
0
0
69215
0
0
0
0
0
0
0
8629
93360
0
0
0
101462
78850
0
26559
3153
8754
0
0
0
74118
0
2599
0
0
109428
10687
112051
4955
55187
30514
82821
0
31045
0
81197
0
6526
0
79181
0
54661
104484
83960
0
0
31326
0
50341
97802
36889
25648
12177
117148
101122
0
16329
80709
0
68946
10217
29273
0
2537
4277
0
0
103906
0
0
90796
0
0
0
0
48886
24087
0
0
0
0
13226
0
116713
0
0
1164
0
29197
0
0
39132
90355
113660
0
0
10317
71344
0
0
91062
0
87432
32849
2205
62129
6153
0
0
0
35715
59662
60170
0
99936
115601
0
26481
549
62112
111854
4526
12897
0
0
84710
52911
7258
0
0
57576
49171
3142
0
0
66148
0
116828
51052
56690
0
48563
35967
0
0
63135
0
0
110856
84914
3620
45054
61035
83662
5141
122585
110
72216
38123
0
0
0
0
100223
8427
0
0
0
0
7178
105542
0
39569
36354
0
0
3568
23755
0
29027
0
0
0
0
37222
100000
0
68691
0
95851
33797
103343
18093
3012
9224
125168
0
0
59205
0
0
35895
26982
0
83356
0
0
55730
0
0
0
0
65888
0
63942
38893
154
62279
0
0
40830
0
3529
0
35980
4260
0
0
0
123018
0
0
102923
0
0
0
102853
0
47007
0
0
80291
0
0
23763
58444
0
49047
8252
0
0
9868
0
116941
0
12202
0
32848
34680
0
69983
48209
0
0
0
113114
0
0
0
9995
73097
0
0
77239
55892
0
0
103260
0
34978
38686
0
16696
57150
0
0
0
52444
0
29392
106528
81433
18497
31971
4587
29040
84270
0
3064
118683
0
108924
76213
6608
0
0
70355
0
0
0
44524
49405
0
42244
0
61653
0
0
0
91785
42891
0
0
77586
117500
0
68920
24915
0
102443
9329
122285
0
18355
0
90730
25746
0
0
22810
0
0
0
45315
20519
52560
0
27386
104448
45762
0
0
51019
34283
0
129303
0
0
107862
67349
0
0
0
0
39940
20668
69072
1882
0
0
9753
0
4610
0
98001
0
0
117384
26786
984
81637
0
0
0
67399
0
0
0
100827
2583
0
4327
45493
0
0
14758
11686
0
0
0
0
14094
63842
5436
0
0
18546
7748
74884
36741
0
24610
0
0
17386
92803
6844
0
0
0
0
0
26641
51965
32046
0
0
4771
30141
0
34766
115177
34964
0
23131
0
654
0
9158
0
0
32638
85942
0
40267
0
18847
124832
50160
49173
23366
0
0
52049
0
67839
0
41324
0
11480
9600
0
16839
9860
0
35422
0
0
9588
0
7673
0
0
0
9258
6597
0
0
14992
0
48756
0
48435
55760
16601
0
117325
16675
0
1076
56816
7739
0
103800
42353
102699
68617
0
108593
0
8
69657
34065
93351
0
0
97528
100422
122906
0
82437
6163
85682
0
0
36519
0
0
0
843
0
0
0
0
86019
46801
4628
0
25065
0
119448
123753
24422
93213
0
94804
103499
0
0
0
0
0
80152
11939
48404
0
20809
0
91396
0
3166
94038
6437
95554
106556
12405
0
0
96450
0
69334
102461
0
0
0
6803
0
0
0
9453
236
0
0
97252
8969
11247
26405
0
29205
5986
14950
0
0
17256
0
106077
2806
0
107056
28420
12538
101073
0
328
15685
91385
129771
109822
2452
375
0
0
78419
0
14933
0
39584
0
0
55771
94703
0
24465
0
0
29522
0
117900
6755
20160
0
0
70601
0
53856
104871
0
24140
0
0
0
0
22281
0
93938
0
0
0
38641
0
51045
48996
0
0
0
98237
0
124259
84353
0
73888
1125
0
117143
0
0
0
0
0
0
76948
32412
107515
0
46015
56801
0
78924
0
4966
37916
107521
0
0
0
0
2794
1646
0
4527
14293
911
21636
0
0
64041
0
50072
63577
0
0
0
57039
20002
27450
0
10184
0
16523
1767
0
119620
0
119338
66221
18523
76439
0
13595
0
0
0
0
0
0
0
11484
0
0
41770
0
13310
0
42021
41345
56237
105971
0
81687
27649
126156
0
26566
67000
99747
26945
59600
58775
56058
32950
0
0
23990
0
0
69174
26459
0
0
0
0
0
35260
0
0
57628
0
0
60959
2486
0
0
51972
22126
98798
0
0
2575
42725
0
0
34632
12989
0
0
111757
30766
0
34067
1242
68700
0
50159
0
57287
0
0
0
0
15400
0
70201
0
22503
202
61950
6983
68863
8519
0
75896
0
630
0
41091
0
0
48210
29778
65594
7499
42152
0
113657
73850
110492
0
56211
65086
122453
0
69029
0
104163
37210
0
1064
0
69797
0
54595
0
0
0
34740
114933
0
0
26264
96080
0
100447
0
421
3057
113393
123611
0
0
90365
0
27861
10801
26103
101242
0
4601
0
13697
0
47904
0
0
0
0
58310
0
0
55300
52330
0
63838
0
32783
0
0
75777
0
0
0
29552
0
47231
58263
90485
100635
0
0
0
0
129631
52994
0
0
26910
0
33145
16073
69103
43739
0
0
123816
17149
0
38767
24308
0
13623
13206
0
24489
0
0
78183
99949
0
0
75455
106885
16109
98597
0
39250
8065
0
0
2589
33525
6814
0
0
0
71112
0
1400
60406
17807
8405
8708
0
121510
0
99608
0
0
0
19131
17427
0
34000
0
0
55225
0
104541
0
62941
0
0
100732
122715
0
0
0
0
0
0
62965
64637
13446
65377
21872
0
0
0
39215
0
0
0
0
52364
0
55327
52030
27017
4223
3083
121096
28112
3206
100134
112270
0
73434
382
26908
7987
9559
0
51987
0
0
0
127562
0
75672
0
56747
19223
43305
58320
108091
89855
0
0
36975
105695
6605
0
0
0
16131
63331
0
23055
0
39194
0
0
124819
0
33471
0
41450
0
32818
25553
0
0
8033
0
111440
0
58447
0
47576
0
95097
28232
1414
0
0
0
117860
0
99405
14371
0
0
115391
0
110235
20940
0
94687
0
39745
0
14623
29377
0
8949
0
0
542
79696
0
2998
1123
0
94501
0
0
1780
4730
38895
50867
21384
46688
11140
0
11215
53256
1962
0
2853
0
0
97631
0
58991
5500
54669
0
93203
6088
8931
127930
72969
0
48604
10170
53063
115300
18569
3504
0
85596
4861
0
720
0
117211
0
12697
0
0
0
106564
0
56779
0
0
129677
0
0
0
70743
128345
3656
0
16617
0
0
0
45293
15524
29092
0
62669
12128
27583
5870
2181
0
0
0
45709
103339
0
59983
0
77690
18008
118957
0
0
0
0
0
0
15953
0
30903
58511
1782
0
0
19883
5214
11336
8291
125135
37084
25708
0
0
108254
9889
0
18224
26734
0
2411
0
60944
35446
1156
0
31086
0
3445
80302
12446
32984
38223
75254
18539
124360
0
0
0
17485
60527
0
26056
60215
0
4922
123836
0
3140
4506
9008
0
17597
0
8767
0
61089
0
0
9411
0
1013
0
1119
0
31191
1793
0
0
17388
74339
41828
25930
99057
8373
0
0
0
0
69411
5864
83612
125694
0
10188
30636
0
53797
0
0
21717
51702
124570
0
0
24171
22461
32285
1097
0
0
10622
2446
0
0
17296
0
122249
37731
94775
67845
0
125015
11587
6600
0
0
111385
36003
51126
123576
46444
40688
46149
0
72188
0
25036
0
0
0
7711
0
0
80523
21532
13356
63909
9967
0
100010
0
43251
0
11322
70846
11643
0
0
56086
85165
82868
0
102042
0
0
55139
0
0
6848
102644
337
49228
0
0
24369
2099
72515
2680
0
6373
0
56894
0
102324
38942
0
0
0
126544
28367
71855
46479
0
90457
29416
0
50800
63483
0
0
30678
43619
0
36771
0
0
0
0
0
70010
0
0
0
0
0
0
0
0
47661
4640
0
3832
809
0
54038
0
76115
103118
0
0
65135
30943
0
11720
0
21547
53209
0
36573
0
0
8356
0
0
120676
0
0
19744
0
0
29987
233
17768
0
977
0
128574
12599
0
92774
88342
3775
3124
27914
0
0
22371
21163
51914
50836
68839
13361
59305
0
0
62236
9834
0
0
75801
96766
34660
117684
0
66471
0
119871
0
10517
0
0
0
0
0
0
0
44671
0
0
0
125294
0
95424
12292
0
8883
16080
4587
62394
78129
9363
0
29117
0
100084
43362
0
15225
0
37066
33299
0
0
71417
0
24824
8675
0
5677
104566
30095
0
34718
0
51
86000
60504
32438
114335
1396
67844
11571
706
0
12685
0
1227
3690
0
0
117214
118660
0
3363
51114
0
43713
70150
0
27799
0
127572
119795
0
0
62374
15658
33629
0
0
20677
27171
0
29323
26900
11261
0
76118
0
16903
0
6319
94654
0
43493
0
0
0
89898
109967
0
0
0
0
0
0
11464
665
104688
0
63455
69443
51177
11701
120438
0
0
72427
113095
102337
3623
6155
124548
19375
0
14738
87099
0
0
18572
105688
46408
0
5449
4243
0
13927
0
0
0
0
0
0
53115
0
67083
0
0
0
10360
35424
89822
0
39745
0
0
0
2564
0
706
3051
36284
0
80237
105564
0
0
33554
108618
0
20801
59297
27469
0
0
7550
71384
0
89203
2170
0
0
0
1322
41700
0
1724
0
0
0
0
0
0
0
0
124457
0
0
0
63615
126051
42932
0
129500
0
0
9025
0
0
0
0
84363
13206
0
0
82346
451
30353
0
96492
0
43906
0
50585
128562
0
0
21695
0
10596
0
0
13194
0
0
0
0
2948
42227
93197
0
2168
0
0
1734
43790
0
102666
68038
0
104524
0
2348
0
24367
0
117143
33287
0
56525
0
18952
28582
2042
0
6777
121602
9731
8285
26967
86396
83785
0
20007
0
61564
0
5596
0
124622
79876
0
49249
126882
113844
0
99085
26472
75337
10402
5301
0
26966
0
90929
0
32468
4899
0
0
0
2132
19482
6168
0
89452
41364
41467
0
31585
0
129677
64827
29746
0
0
43349
88247
10093
14938
65392
38124
0
23843
0
0
0
0
41799
0
10790
0
29871
9341
11937
0
0
22194
82008
412
119078
5341
0
0
0
76457
10693
73438
127015
38074
28408
0
77725
0
27627
0
0
82599
121770
4429
122100
75574
80344
123102
0
0
0
123306
29758
0
0
13638
0
82202
35166
0
0
0
0
0
61243
0
0
0
0
28021
0
84736
0
75139
0
50712
42326
0
0
3644
0
0
0
0
0
0
113595
49464
109067
40741
0
122905
0
0
59867
14290
53187
0
59541
0
9061
0
0
26428
0
26070
37288
50679
0
10452
25313
60573
72879
35706
0
18366
608
0
0
0
47551
0
66910
18272
110941
8012
81289
9038
17
19114
0
0
33997
9034
113594
0
0
0
0
0
0
38545
69118
28444
21796
81543
11823
0
0
0
0
0
33192
13276
73217
34699
0
1088
102331
8828
12332
3408
85414
18622
17612
0
0
55309
0
88178
0
0
0
21875
0
55009
0
0
27538
51898
49086
95876
33533
10906
0
40751
8741
0
107958
0
40867
84490
112928
0
0
8274
0
0
0
0
0
0
0
89057
5167
26077
3545
0
0
7460
5204
0
0
83585
0
0
0
7367
73021
66834
28282
75778
0
0
60139
0
29273
0
29540
40912
118753
65498
0
0
40972
8427
0
0
30287
9834
66849
32357
0
0
54347
0
0
0
128429
0
0
84202
0
0
0
14619
0
0
5875
118792
84484
0
236
0
40545
925
34728
0
29029
0
110042
0
17893
0
1876
0
52482
0
0
3806
10398
66462
65687
76966
123944
0
0
0
0
0
0
0
71
0
104751
66035
83638
13687
0
84559
0
0
44466
0
0
0
41056
82150
43750
55404
0
15474
28712
70452
80966
58428
0
0
83113
0
0
35619
0
98976
0
0
59107
1443
0
54204
38008
22431
32699
0
0
0
0
0
0
0
58584
0
78996
0
70
0
43488
0
35513
69462
36377
0
11138
4983
0
72402
0
0
64332
0
2879
0
0
78233
1885
0
5433
0
56445
0
0
60569
102111
0
0
49089
0
12155
0
16788
0
66736
0
69972
0
0
0
115369
0
0
0
52738
2057
83982
0
15749
7820
115189
0
68400
19840
0
18718
0
19274
103164
17777
0
0
43007
104409
21544
81405
91200
109735
0
0
26800
5648
0
52762
0
1428
20209
0
0
55437
0
3658
8221
0
0
0
115803
35007
8304
0
0
0
94713
2072
8495
0
2473
0
74385
19268
62820
0
0
0
69575
53987
0
0
68583
0
56099
0
72145
0
0
0
0
0
0
199
0
108474
91297
0
0
36307
0
0
0
0
22656
18330
0
0
0
28437
0
91169
0
1349
10335
25045
0
0
40745
59909
0
19606
0
0
3051
65976
0
32305
0
9703
10440
122123
0
128180
0
104614
3800
67842
0
11993
44172
0
0
18828
13147
0
0
77501
125177
0
25105
0
18127
8674
118014
0
109043
64198
46644
0
0
23607
70790
54822
0
50069
45922
0
9475
0
59214
0
0
122735
47815
102190
0
0
0
0
7587
116151
0
77679
0
0
26558
11257
105697
0
95604
0
108417
0
0
104940
0
32281
76518
15988
74551
0
0
0
44277
0
77583
0
49938
86582
71255
0
24190
56778
43906
46682
18714
10932
0
68143
0
0
0
0
112752
79999
0
49640
36742
30950
93733
72264
2082
31133
77377
73629
45925
0
0
8563
41638
0
40010
0
1284
0
0
8137
11807
0
0
0
112
74490
0
59931
58891
0
64027
78365
51033
0
35115
0
1267
49882
0
0
92854
80139
3962
32146
7106
0
90271
10810
80279
0
0
17290
0
0
95755
104682
0
0
0
0
0
14194
0
0
0
69132
0
0
28402
10354
0
3250
16825
35286
0
0
24284
0
0
44409
0
3559
47234
0
7621
0
33048
0
28322
0
0
0
0
56922
50312
70923
14943
13504
71549
0
21511
0
0
44386
0
52796
60773
0
33256
163
83779
0
0
30157
127811
0
0
0
0
0
0
0
64704
96068
0
12568
31551
0
88006
68061
41944
657
10450
0
64186
9100
0
42388
81742
13314
0
72324
2347
93799
0
0
61706
18718
91192
61768
18959
12117
7559
16680
42956
5531
105940
11397
79427
0
11439
38092
0
93740
0
113495
0
0
0
297
0
54661
0
0
87255
81349
24536
559
227
22582
0
0
16996
125368
18614
0
0
0
73729
45463
0
0
4461
0
57855
0
0
0
1861
2076
0
0
0
0
0
38207
0
0
0
0
0
63151
3121
6954
113020
0
0
0
0
11258
0
79283
47137
0
26990
0
0
89564
126343
105267
41092
0
113732
0
7605
0
0
35968
0
118126
0
0
5592
0
0
6949
22737
0
61886
0
76340
107381
0
5179
71272
70835
0
101573
0
0
43391
74791
35904
16441
0
0
26926
0
60101
8312
9546
99995
0
0
27918
58095
86260
70219
0
0
52844
12031
0
0
0
10919
0
0
29589
0
0
0
7164
0
0
0
70288
0
2837
109031
9443
0
0
11656
33020
231
32979
44239
0
0
64676
0
21963
0
54223
30730
0
0
0
15244
23982
0
0
41995
0
19513
27012
6004
0
72971
1267
0
0
116238
84194
0
63487
0
0
0
75595
144
0
0
0
0
0
0
80784
0
3241
3352
160
0
0
42700
0
76920
112447
0
0
0
23117
8669
26595
0
0
0
0
20178
16337
0
0
0
116543
0
69985
0
0
0
7766
2396
20603
129685
24738
66593
34869
37179
25670
52677
21886
23441
0
0
0
40178
0
107181
0
82225
21325
12785
0
643
84340
0
1571
0
0
7813
0
31266
0
26444
0
0
0
0
46687
0
0
2115
30206
17601
0
70453
101100
0
0
0
111298
90471
0
0
1285
10936
0
50054
11023
0
62285
87347
8589
78320
64990
0
0
29394
88700
0
0
116628
0
0
0
0
0
7286
106623
5088
0
0
0
2180
31471
12958
85589
15236
0
0
0
0
6392
71923
110846
2945
45994
0
109113
0
0
408
0
79727
0
64865
0
0
0
104576
0
128886
9252
4176
0
128410
0
77755
65452
0
87163
2156
40874
27206
6415
0
25797
0
617
113022
97609
0
5833
2925
0
10872
6719
0
0
68519
56752
0
9713
118317
15129
0
83972
9754
0
0
8377
10907
16910
0
80673
0
30980
52898
27855
0
2457
33200
10331
0
0
108013
0
0
0
76240
2397
0
0
0
0
34597
127533
118225
34849
0
0
45018
0
93408
0
0
120127
56626
75516
41732
0
0
0
75823
15884
0
18654
6046
100366
2657
0
2042
96171
98612
17168
13831
35123
0
50907
0
0
0
0
64656
0
0
9665
20059
43185
21644
0
1856
86967
61865
0
99862
41556
0
0
0
0
0
54763
0
1310
0
0
0
8440
0
51037
14882
0
4118
4698
11426
52760
0
0
0
0
3320
0
28471
52921
0
0
0
0
0
122140
84078
71205
6652
14213
23704
23838
63004
0
98210
1493
0
114239
41200
0
63739
0
4410
0
0
10745
6987
6211
829
27166
0
18188
0
0
0
0
0
128017
0
0
19916
0
0
0
0
10513
2908
107302
0
7845
0
45892
0
0
0
34478
81508
32506
0
0
0
0
68265
0
3346
0
103763
0
0
0
27909
0
0
30955
0
98224
45835
0
0
75633
0
109597
942
49305
0
76767
0
0
88366
0
0
0
128539
0
0
100167
0
0
1997
7852
60202
0
102309
7177
37592
0
0
83089
0
0
0
0
0
20449
0
0
7156
117310
46263
0
0
3691
0
0
0
69501
0
0
7394
44502
0
0
85809
31217
36604
0
116330
55729
94781
79014
0
26666
57955
109795
0
55529
10561
580
116739
0
0
0
0
95911
114516
80729
91394
0
116741
0
15315
7306
88364
0
9834
0
19513
76502
0
110567
122602
48258
66787
18427
0
106164
0
0
0
125429
7565
50291
55363
55829
0
64310
0
51331
54729
0
0
71037
0
0
0
55753
0
0
17541
0
0
8754
33118
52231
5670
69451
0
85448
0
1373
49264
123577
0
112036
64537
0
0
129668
0
6651
0
0
87495
59502
0
0
52164
0
33867
353
0
75541
125119
0
0
56776
0
0
0
17317
0
3396
103889
96391
24175
64735
0
0
0
88193
0
0
27396
0
0
0
0
7290
0
0
109734
0
33128
0
0
72286
0
0
22742
0
60257
0
0
10626
22116
0
111821
56826
0
51056
1093
30999
0
106264
0
111123
0
38002
32504
0
0
31846
13940
89629
12535
44308
38211
0
4723
99783
40573
30478
0
1634
41561
12048
0
0
0
121954
0
15777
0
0
0
0
80610
31698
122710
0
16590
0
0
4265
0
63125
17910
0
29111
0
0
4261
31877
0
44124
89977
3203
44531
26079
0
22240
50311
0
0
16908
50899
0
677
0
5395
0
63921
87923
0
1555
42137
32049
6639
88422
37792
81039
0
56359
0
0
57810
0
0
0
0
224
0
0
50214
6229
0
0
0
0
11031
117812
0
0
40823
106348
20465
0
28760
0
113122
0
6475
63195
0
56605
0
66814
0
4851
65633
0
0
127859
21020
2527
0
35469
0
0
32141
0
115057
82901
0
0
41423
77206
17554
0
12507
63610
0
0
93585
33948
0
0
4761
24881
0
0
0
8991
0
21779
0
17493
0
81794
6324
73938
129413
78539
45867
65420
0
93806
51191
112562
57110
0
0
2039
0
0
63792
0
0
114600
1435
0
0
0
69357
0
4208
0
0
263
0
14287
0
128043
0
87079
0
0
89302
0
0
56389
0
91600
0
0
4066
18195
72434
0
25349
0
0
0
10288
0
3602
25105
0
10895
0
0
0
0
32983
39217
12299
109357
3131
0
8244
0
0
5116
0
304
62952
63894
0
0
0
0
30041
0
0
108603
26171
55540
0
6621
126883
13858
6732
45481
0
19720
25346
0
110262
0
34768
112210
116142
17586
0
0
112961
0
0
59732
102505
116062
31318
0
6739
45306
107660
14807
100385
0
0
0
84772
33751
30050
3951
0
0
13940
3657
0
77763
0
0
21826
103522
0
7582
57373
111008
0
19577
68081
81365
22608
0
32333
0
25794
122189
0
53322
27213
107090
0
0
27839
0
0
0
7229
457
58082
22856
29547
0
0
0
0
0
6113
82866
0
0
25988
5369
92741
57151
44310
2960
0
0
122805
27837
0
0
66695
0
0
14697
10380
44035
0
0
0
0
66695
19983
32597
0
1202
23469
90121
6629
122292
0
0
0
5207
61862
0
0
0
79585
31505
33554
4687
434
55422
5887
42765
0
3138
0
0
0
5537
0
29046
36777
120728
36067
32690
84310
0
0
124861
0
0
0
4666
117811
57208
84089
0
0
115512
0
1923
0
79778
0
0
3344
0
83708
100844
2005
24806
0
43407
12185
0
0
0
0
111463
14568
0
113663
0
79435
0
3835
124157
0
27195
0
44481
14315
35051
65014
0
0
91555
0
0
118967
0
90686
0
127847
46859
47330
21590
0
0
0
0
0
0
8447
0
3989
35159
7019
70648
0
1518
0
92632
68219
37147
11428
0
0
0
0
78727
43905
118496
0
54889
25524
127579
0
0
86143
860
0
1972
19468
0
30575
70980
115603
7970
0
0
36905
33462
22730
34245
718
1979
22883
77996
0
75289
0
47681
0
0
0
85206
76404
1895
0
73244
126
12595
0
0
98198
48721
99820
0
2880
129763
0
0
25076
69106
21832
98860
6561
0
55982
61251
0
9478
0
0
88445
69090
67296
111781
0
20283
4782
381
89769
0
92093
106954
21544
26614
85
85220
0
0
0
95138
0
0
14748
0
72167
84127
0
0
0
0
31680
652
0
0
79378
4100
0
0
87184
52802
0
847
78235
0
91403
4766
70726
0
0
1099
0
0
19051
2841
0
0
113825
82915
30865
0
0
56078
13113
122978
0
0
75863
0
0
0
0
0
13260
245
46985
0
34458
0
0
0
0
0
0
0
0
0
0
0
0
0
0
20820
268
0
87468
5464
36486
84998
112379
0
0
9891
89360
915
0
0
29165
0
0
59242
4629
0
0
99285
36632
0
103486
53991
0
478
0
31377
3109
0
0
48798
27412
13714
0
16514
26852
0
97838
0
0
55476
72141
66785
122978
0
118695
2871
0
0
0
0
69732
0
0
50373
127173
1182
0
0
29946
22694
55746
103315
0
10479
1328
106118
6978
0
129794
126496
0
0
46744
0
0
0
0
21007
65770
104911
37112
83162
64408
34428
88965
0
94968
51517
20060
6335
5639
0
118782
0
0
9918
0
72309
0
37235
0
0
40044
11281
9100
69526
0
0
23622
0
41466
9528
35367
21782
27112
42438
125856
0
100847
2886
59925
107617
0
0
32578
0
0
0
0
0
0
0
0
0
0
0
24839
69338
61639
29233
91274
15756
18782
0
62184
37013
0
0
28125
0
3203
80272
0
49059
0
14375
14043
74296
15063
73854
52527
0
5319
0
0
14459
0
21466
16428
66254
0
105806
0
63111
19975
0
0
0
54883
6136
109871
55360
0
0
55287
59705
67084
58309
0
7753
18527
68913
10751
0
0
43229
120884
0
103782
80675
1711
64868
92198
75150
41024
101938
76554
39587
52944
0
74449
35473
0
0
35766
11472
96560
111513
29126
0
0
29651
113114
0
0
98958
0
31482
12681
62103
28003
0
18218
92024
0
0
0
0
0
0
82542
0
97254
64855
0
82562
0
0
2288
18353
6750
0
0
66074
0
0
1738
0
0
80745
106057
0
0
0
0
1094
0
0
0
107411
0
16565
42022
12655
0
30476
44565
87077
0
58501
893
0
0
0
0
44541
25466
0
0
0
44835
6249
44534
101765
2801
24888
72044
98790
8016
66820
8803
0
0
86283
0
98431
92830
0
9713
120436
5293
0
0
0
6408
60657
21870
0
6657
8583
92548
97348
25889
0
21390
57824
78228
81556
12874
0
76787
70140
0
26342
103142
0
0
40661
60441
72588
0
6335
4979
0
0
8336
0
0
0
0
0
0
50520
0
10494
23734
92562
105251
4174
23432
0
64441
44471
0
22772
122461
6979
95276
38144
0
14380
0
38893
82410
0
0
0
41363
61546
0
0
0
75689
90315
0
0
17608
129376
97794
0
3500
0
0
0
46644
37750
0
0
0
42985
6524
44238
0
17767
50368
0
0
72324
124556
9959
173
0
111529
76080
0
1262
3591
4891
0
48473
116286
3821
16590
96836
51451
91080
42143
46204
125884
0
87436
1364
3451
69399
54278
0
79054
85357
23194
32384
4158
9434
39931
0
1008
47776
0
0
2063
0
17505
0
7595
0
0
0
9485
0
0
12166
87594
0
2805
0
0
14315
10878
0
0
0
86419
0
0
6980
3519
9419
52309
0
116252
81726
0
0
29876
103480
41099
0
2511
0
85243
0
53423
0
0
0
9052
36402
0
12151
48112
10784
30240
0
30029
0
70077
15470
0
0
23332
19610
0
67013
12454
74862
0
47766
0
0
0
0
69334
0
0
85083
0
0
75175
128401
35934
58364
44861
378
13554
104705
0
0
0
0
0
0
0
27652
15483
2244
0
33829
86649
9029
0
102259
115466
25678
17160
98941
112378
0
0
114363
10057
0
0
0
0
57969
118808
0
121953
38834
56882
0
0
113312
33060
0
0
35271
91516
10230
93147
109432
0
0
0
0
0
80480
28464
0
49201
26353
0
0
0
94986
14729
19184
55791
39970
0
0
61456
0
47422
0
0
22965
96832
1315
3928
8052
854
0
0
0
1197
82765
0
33253
28662
217
28367
71920
97739
0
12631
0
127644
36831
23933
0
26417
0
0
13694
0
0
0
102180
0
0
4689
100167
81067
0
0
52964
0
0
9045
36637
23791
43880
0
5263
0
29328
0
0
0
28803
0
0
0
0
0
31665
0
0
6043
1834
19523
38831
0
0
75826
0
0
0
112935
0
0
37922
492
0
59867
0
32314
92768
115883
0
0
0
49785
12039
0
11015
0
85560
43407
129695
0
0
0
113993
26017
19425
0
0
0
76714
0
0
103391
20280
29802
0
0
0
128907
0
2153
0
104
0
3496
101529
1615
0
0
0
0
42244
0
120681
21391
32587
517
64872
0
0
18226
62154
5313
10957
218
59765
80940
72921
127199
0
24401
27555
20393
67
12988
0
0
0
21198
0
121299
90714
0
23017
0
1431
53517
24379
0
0
0
13247
0
34968
0
114402
0
0
0
119031
0
3245
598
0
73526
15765
58632
22978
7204
0
45469
564
4452
0
0
46971
766
0
0
0
117702
28209
114412
45791
46047
31046
41256
25568
0
3501
29653
3432
18567
32162
39455
18320
28000
45335
80221
0
0
0
79703
0
1257
0
0
53864
0
65780
67854
0
13114
25017
0
24334
7999
5487
10840
5155
22425
0
51331
0
125397
0
0
0
23908
53732
9276
3779
77440
4173
27512
0
12407
41514
24478
0
10837
0
0
0
92857
114054
23096
18475
2474
21708
85031
25550
0
0
18171
32540
0
0
638
71780
0
0
18778
0
0
0
0
0
4068
55686
100125
81505
0
0
1297
58324
292
111318
0
0
0
82276
0
0
115392
0
17278
0
84166
0
79383
23402
0
41486
119484
0
0
0
9739
0
18827
84700
0
0
0
11425
11613
0
0
129589
0
35927
0
0
77813
29309
0
0
52884
49790
0
61355
1408
0
66464
113249
2992
10831
54349
0
40241
54271
34007
28197
0
0
42332
0
104167
59165
50203
122834
13611
3135
46770
62840
0
0
109044
5344
0
51565
0
0
119375
0
122992
0
0
0
0
81576
66154
0
0
13045
0
91772
0
0
0
0
108174
41740
46311
26038
25682
101807
6455
9498
69324
0
0
0
22758
45721
27643
101394
68649
11957
0
15684
11356
0
0
51623
12291
66808
19592
1756
416
0
21778
7091
64253
0
0
81293
0
39828
0
103221
0
8804
10329
0
0
22618
8491
0
0
77155
0
41024
35520
0
0
0
21810
0
0
0
1768
19006
0
69628
0
0
14446
0
0
37260
127271
0
19440
81687
114260
13049
32597
52076
87788
66576
26664
0
0
21382
0
2677
33273
814
51685
39488
104219
85285
0
0
0
45643
0
101953
0
0
0
71765
0
0
17998
116436
34816
35854
29311
6183
0
0
86567
0
7280
0
0
0
0
0
0
0
0
40788
0
18991
32596
81163
0
128474
0
0
41604
0
0
9574
0
0
0
0
8399
39222
0
0
0
54266
97115
0
0
22963
0
0
0
0
61208
3472
65943
94870
19853
0
0
0
1085
0
0
0
0
55919
41823
0
8801
0
8648
0
40729
116888
94397
64478
10020
3391
0
0
0
8729
29301
29303
8160
0
0
1219
120527
34456
72723
0
0
6355
0
0
0
17973
122265
46031
2928
58682
0
0
77378
0
2564
13533
10613
89873
82279
0
0
0
39258
0
70406
51494
0
0
33219
107701
0
75784
0
80589
0
0
0
19817
104759
8184
109085
0
17370
20318
52789
28533
38622
0
0
0
76903
71808
20185
0
90483
74295
0
5898
0
0
0
0
69428
0
20554
0
69082
0
79030
0
113293
26389
0
127981
0
0
0
7824
0
41523
45125
117258
108520
46745
0
44450
0
60054
14430
19736
35227
176
0
0
47997
0
0
61612
0
91786
0
100736
0
0
0
104958
112876
24492
0
0
0
0
0
24874
0
61962
80189
1766
48950
0
0
99108
17652
9567
0
65571
0
0
70466
2197
87555
0
4998
54674
0
0
7079
0
0
0
0
0
0
0
2112
488
43323
121553
0
14909
24537
0
29009
0
7384
104194
0
4453
56365
0
10525
63389
120700
82171
2490
2743
34096
0
62658
0
0
0
60281
34449
0
88010
89952
0
81854
78776
51790
0
0
4424
58147
2021
74215
0
16995
37023
0
115234
0
8784
26336
19039
68175
0
0
0
0
8214
0
0
0
0
695
21080
0
23103
31014
55029
60654
111809
0
78977
49009
40508
623
84771
1928
0
25041
0
13288
67732
0
101805
25880
59834
0
12194
0
0
0
0
52344
0
20043
84815
67819
0
0
0
69555
14144
0
0
0
0
103758
82954
0
0
0
0
0
118728
0
0
47554
0
93291
0
0
93358
72690
0
0
0
48338
77012
0
128290
0
106572
0
0
24578
26074
0
53233
64796
106363
58974
111550
1050
83332
0
100075
3796
99930
15078
19218
0
0
48415
0
86950
0
71049
51004
0
0
4447
0
458
37676
18491
51761
0
17461
0
5613
0
5746
0
0
0
11241
0
1931
16386
0
6735
103499
111398
52048
0
0
0
126703
14695
0
0
0
68209
0
25820
47744
27901
0
0
9992
8127
0
0
0
0
121167
0
0
0
10737
103728
0
3258
70064
3628
0
25202
99145
0
78275
7660
48213
80279
22174
0
27697
117059
0
0
3010
0
30453
7474
0
0
4746
0
0
0
81160
0
0
0
53999
51111
0
22557
11072
73570
0
521
66764
58958
4141
78993
0
0
100602
79221
1618
0
27026
47901
102225
0
79428
0
120856
0
0
24860
45677
0
0
990
11591
32751
65033
0
0
37943
5052
17559
0
0
27176
0
51076
53738
5407
0
62746
51169
9035
37852
33819
109597
5184
12136
0
44056
123862
0
126372
12754
0
95725
87809
66603
2490
231
0
0
47838
1337
15208
481
86757
0
0
55688
20298
0
80368
82585
112936
127716
111263
0
158
7337
0
93045
78701
0
0
92871
11560
81292
105398
8977
35039
0
0
0
2954
87791
31541
24475
84897
0
6493
16980
24660
0
36416
0
82778
43150
16900
0
0
0
0
0
46166
29443
0
25545
0
0
47147
42705
0
0
46945
0
51725
0
0
0
0
0
15069
0
0
0
0
114231
0
30612
0
0
33372
0
7776
17152
11496
0
0
5683
124817
41743
0
0
0
0
15979
0
0
24912
0
0
0
59138
0
6923
124708
52607
29170
111319
64948
82411
20850
29043
0
0
11576
6694
0
0
0
20763
71979
112211
464
12676
0
38908
0
14935
0
0
0
36800
27859
4919
30512
19679
127014
121748
125368
0
95558
120568
0
0
78497
101445
0
0
8706
99579
0
20411
18051
0
28765
69905
55373
0
0
8299
0
33350
0
0
24489
0
1129
0
0
4863
0
0
0
3248
0
2046
0
0
30345
0
0
8305
0
0
0
124075
0
0
46956
3572
84464
783
40778
0
0
114348
0
863
0
5556
0
0
0
68806
0
55271
0
120986
44733
0
3726
19613
36551
55282
8530
0
94552
36998
0
8443
31383
54347
96021
5240
5111
111363
120881
0
0
57212
0
0
0
67937
115734
0
0
0
0
24457
0
56810
0
88720
0
32819
0
0
83854
114095
51712
1998
21232
0
46540
38387
63842
0
7921
0
33566
7774
41004
61342
44256
102680
0
83786
0
15481
72764
0
19793
0
0
110988
15700
0
9685
0
15096
0
48487
17156
53442
109507
3029
1127
20462
51744
0
104438
1641
55435
0
100589
0
0
80068
0
0
1219
0
0
0
0
0
12655
13302
46899
0
33632
6260
70196
128337
44310
100286
1384
0
122705
35281
0
0
65035
0
116140
107466
40516
11741
104770
0
64065
67440
119499
123405
18637
8418
92548
4342
0
0
0
83027
0
0
0
0
0
3610
55240
0
0
93047
1389
0
45632
60378
18069
0
0
911
7052
128663
0
32496
0
112992
0
12992
0
64974
0
90281
0
19150
0
7323
0
29326
0
0
0
38076
112987
4072
12561
24457
0
0
32719
39963
0
0
38156
0
38245
62336
22158
0
101724
0
0
0
39510
5488
25374
0
62089
0
125840
129066
8984
1429
28595
0
115719
12208
8225
0
0
52375
0
14175
75833
0
0
40700
19058
22889
0
0
0
0
111189
120163
0
77978
70515
0
111831
0
0
4937
0
63044
0
19815
0
8228
77128
98273
0
0
0
5876
0
29918
20834
103821
0
0
20299
40423
78506
0
0
49099
0
45
4049
0
0
104869
0
0
0
0
0
0
61322
0
15506
70453
0
7642
106648
0
0
0
0
19132
2237
0
9744
44911
108423
760
0
63556
91006
7127
44586
76319
6564
0
14707
0
58109
0
12488
38209
46701
0
0
20746
0
80133
17476
77355
18302
7415
115734
12865
0
12631
0
0
14902
112188
52295
104399
0
69020
0
13441
17126
0
13551
81136
0
0
46027
36096
0
1465
34836
8880
13204
87075
8320
0
7819
21991
1588
27376
46292
0
49226
0
53632
0
0
2831
57323
68688
55945
9171
48166
67763
0
0
22813
0
97130
0
1126
0
83342
4312
0
0
34652
32817
120871
0
54320
0
0
0
694
11364
71409
0
47758
4600
91481
93651
128177
27594
0
4104
0
16623
5931
690
0
29798
42846
104914
0
36581
91503
0
0
0
25579
113334
56952
0
0
11328
127346
9156
0
82533
0
10180
0
48061
24469
14747
0
0
39958
0
118659
70
6780
33100
0
49201
1060
3202
0
0
84534
28373
5355
0
4076
0
0
0
0
0
1378
46406
66236
0
0
23273
103503
37040
7056
0
8934
107037
0
0
0
0
82314
0
52569
91472
0
0
0
12644
89811
124416
67866
85872
31238
17219
0
0
10338
2009
109206
116437
0
126483
0
0
127297
8284
0
111760
103005
55072
0
104365
6746
0
31449
21852
50933
0
0
8431
70750
0
68990
80841
75595
84213
126258
70075
0
7551
0
31797
69150
0
0
48828
0
0
0
115659
0
23097
0
119331
12825
0
35052
41693
33457
37180
63208
0
68150
9183
0
10599
0
0
29721
7217
51179
0
0
0
43697
0
28768
32264
48443
114593
9473
85005
0
0
0
0
10927
0
0
0
27553
470
0
96060
0
0
619
0
97842
0
0
45510
109558
90270
0
0
107028
21075
0
1443
0
56858
92986
65049
0
111250
5378
0
1834
32652
52840
75136
0
25476
0
68502
0
0
0
0
0
0
0
0
0
0
480
66498
60373
0
21047
79997
9315
7079
3053
0
0
8535
9982
84080
86270
37320
118003
0
47854
87915
26018
115299
0
91793
1999
0
129484
0
0
11618
26463
775
118476
25646
0
0
0
0
76167
49498
0
5458
120812
27810
0
13534
0
31738
0
43035
49976
0
103073
64955
0
57752
21070
37147
0
0
56233
0
9626
0
36697
0
0
5777
0
22991
0
25716
3783
449
0
7490
6958
0
9290
74785
49425
0
8620
0
0
58084
0
0
0
0
0
0
0
74525
120734
0
38771
68599
0
0
0
0
0
0
38085
51937
0
0
27201
0
128102
0
0
1217
0
0
58240
0
0
0
3244
0
44509
0
40609
0
91282
90393
124649
67872
124352
0
69420
0
0
57864
16016
0
0
0
127552
0
674
0
26690
19714
35610
56720
35663
946
0
67064
0
0
61
42727
23724
0
5105
73139
2834
0
24265
17589
59943
0
20699
37015
128013
0
58986
10421
107235
0
41196
56863
69301
11150
0
36035
50352
31634
29809
0
108461
68
47143
40332
0
0
0
2197
0
0
83945
123770
0
43616
38326
69881
16947
3667
24861
88975
32288
0
56522
0
0
129026
93072
0
0
124856
50591
0
128294
58830
0
9918
0
57180
34673
0
0
55124
41271
0
25097
101441
40930
47400
0
2120
49331
5104
14608
42548
0
3673
40415
0
1747
9132
123270
87160
0
0
64961
76655
51005
0
0
0
0
15805
62164
57696
0
80445
0
0
0
74714
0
38824
0
44036
0
11863
0
32597
380
38319
0
65506
67689
0
20820
0
38772
6501
31549
23789
0
0
54438
0
0
28168
86672
0
0
67499
0
93543
14152
9724
0
113683
74550
0
5035
0
378
59257
0
399
38338
43325
23144
0
0
0
0
16
0
0
15396
0
0
0
19546
3992
3515
0
0
0
6923
94543
13331
66527
11093
0
0
87738
0
121348
100095
120945
0
0
0
16772
0
0
10577
72399
26476
0
17651
9097
5464
0
0
0
0
0
2414
0
3363
0
107358
0
56877
17360
0
39523
89388
0
0
0
0
0
0
0
0
0
8866
54243
0
0
37060
0
81317
0
0
0
0
48323
0
20439
0
0
0
0
80637
0
52321
0
2071
0
54035
15162
0
16965
0
5230
35590
0
0
0
7731
0
0
63425
0
0
17600
0
82871
100207
0
0
97481
59981
0
0
21366
0
92120
32372
0
0
106274
44200
0
0
0
0
39812
0
33275
0
73708
4266
0
0
0
12209
0
8241
0
65643
8928
82603
0
0
0
0
116147
18256
111033
5481
6690
0
6203
17010
59152
0
0
0
0
0
5137
63734
0
4544
80469
21021
0
14990
8025
53148
29885
7160
17176
0
0
0
57959
2866
122942
0
0
127880
15653
0
6557
123420
0
113608
0
46163
22305
0
0
73516
0
22216
0
78537
0
0
0
0
16657
38275
0
55509
0
47553
52878
0
72764
0
0
128779
25366
37579
2264
0
0
104092
0
35783
0
74638
0
4386
17781
0
4004
0
16468
0
61959
0
111925
0
83858
0
0
40083
36654
0
15566
0
68864
32883
84903
0
1764
0
31147
0
0
70023
64561
0
4990
74940
0
26868
51191
7528
44952
9678
0
0
10393
0
40699
10674
0
46865
0
0
0
0
0
33433
10255
0
32890
33888
0
0
76488
0
40165
55897
0
0
66702
0
0
0
0
47985
0
0
3941
0
12168
88720
3949
65930
109238
0
0
0
19828
0
54344
26521
61253
0
54528
0
0
0
24302
0
39590
0
0
82904
45651
0
35793
0
22449
102099
0
0
0
0
0
96624
68952
0
0
0
0
0
0
0
71101
83217
0
0
0
100544
0
18400
0
49447
1797
773
0
50036
0
47020
33242
115808
37336
3749
0
68836
0
30099
14741
67957
53557
115942
0
12111
98813
65720
0
0
10707
796
120635
92515
2293
20749
73156
47582
23630
0
22060
2146
13742
0
0
45377
39941
0
0
0
20664
29237
0
0
0
0
2540
0
116661
8050
87165
68772
43668
0
4973
43382
0
28869
939
28453
109131
0
3678
51812
7924
0
0
0
110850
0
101418
71221
52355
9587
102829
61886
0
0
0
94759
0
0
20361
75051
0
12366
14554
14172
116683
70517
0
72163
0
54683
0
0
0
0
8252
99166
0
0
117270
0
7709
102508
0
0
23383
72283
7957
5207
0
91562
0
11156
0
72475
2073
26024
0
33272
0
0
26979
0
0
120388
102589
0
0
89200
11519
0
105594
104069
0
0
6297
0
0
63443
18130
109390
27700
1432
89328
1692
0
0
0
40264
0
2865
19655
104166
538
110775
42731
34918
73146
0
101379
0
31520
93259
0
77903
59672
0
0
0
0
97086
0
0
0
0
110377
0
51515
0
0
0
16058
0
13429
45067
12874
0
0
8233
0
0
114871
611
0
0
100075
118390
27835
75679
49228
68838
0
80700
0
0
113552
0
0
4669
2567
54411
0
0
0
288
0
0
46415
28538
14390
4338
23866
18067
30846
2984
87046
44254
3459
0
28050
39560
0
0
0
0
94519
34617
0
13302
0
7009
0
46463
79139
4713
0
63333
28990
35810
106909
0
85771
0
0
1144
13178
0
0
0
0
1563
15018
20123
15285
79845
10339
32671
5400
0
110918
16827
60856
1267
27011
0
30527
66371
124284
102825
6768
49543
0
0
0
11040
76827
8802
99140
102201
11665
57985
11156
66374
7066
27413
0
114086
94355
0
75853
0
8043
0
0
74781
0
50275
12856
0
71826
0
0
21616
85595
42117
23451
83875
0
0
0
41811
0
543
0
49492
43479
55929
0
0
0
25602
0
0
29546
0
0
5353
0
0
19484
9064
0
0
0
12945
123374
0
87614
0
109700
21732
28783
0
0
0
0
84134
0
0
0
0
9798
0
9196
16563
842
24964
7948
7198
7463
0
72752
0
10220
0
79699
35326
121827
5946
52746
0
82018
39012
0
0
0
0
28813
80333
13794
100318
7897
0
110052
0
7228
60186
0
0
5036
942
0
11180
106345
45830
51324
0
29144
49361
0
93860
30587
125054
55863
0
91003
100352
25980
0
121759
5
360
94385
80697
0
0
37229
0
6141
0
1747
12586
0
70583
0
0
0
23679
206
7761
33373
0
0
0
1951
0
0
4174
0
0
49212
0
33985
104955
27024
0
40878
0
3325
50544
0
0
119993
0
7898
3503
0
0
58256
0
0
119686
72361
44219
3196
26729
0
5112
13077
60499
69577
78042
21234
61818
0
0
24752
77997
0
0
20454
13602
0
0
0
0
0
45498
0
0
10309
85283
63786
22655
0
0
117450
87450
0
0
40821
1753
0
55386
0
0
0
0
3573
71527
0
36369
40317
34383
0
34204
0
95711
0
23801
0
6352
7932
0
72336
0
0
64858
96199
0
23315
125928
93972
31603
20918
57120
0
26348
0
3081
37833
0
10966
120594
0
65087
11171
0
0
6967
0
58780
0
0
0
7205
42422
0
81766
3890
58379
0
60265
0
10276
12687
102874
2039
0
1347
0
34479
11237
0
23037
8573
0
0
0
0
0
110647
0
0
0
0
15577
121981
61914
116001
0
90943
0
31387
0
0
446
62558
23446
22247
2562
0
0
0
97671
57967
0
53356
0
0
0
129555
0
0
3873
0
0
0
54169
0
0
0
81645
0
125229
4449
0
49216
3503
0
30411
0
23520
46203
100524
53112
0
0
64332
33413
104855
6367
33647
43301
52103
0
129023
0
0
62225
75730
39533
47584
28193
0
0
18772
12941
0
0
0
0
238
15331
81540
0
129673
0
0
0
0
0
109128
73234
0
0
0
0
0
83267
0
0
7531
90983
68410
43677
0
0
0
1884
0
0
0
6315
52014
0
0
0
0
0
0
10042
0
0
7934
0
0
0
0
0
112532
0
83838
89438
0
0
56284
0
75320
0
102839
126345
0
78435
0
8207
0
0
13583
40545
41486
27745
0
34792
0
8992
96455
0
15424
2155
15897
420
60098
60696
0
51052
103220
0
48629
21026
12523
63914
0
51642
119095
23038
0
0
0
1532
0
10907
8524
62521
0
72021
101968
0
13525
0
0
0
99409
0
0
90592
423
0
27475
23479
35889
4307
0
105671
42762
94064
52861
0
39475
5379
0
0
6278
27777
0
8954
0
0
6111
78694
0
14536
0
10328
0
100059
32302
0
0
0
51996
14195
82020
0
0
0
45795
0
0
88177
0
44396
0
72382
0
0
595
21
58632
20734
0
0
0
0
115113
39129
0
61944
39456
0
119501
0
0
0
11681
0
0
0
43216
9523
0
0
90840
0
31726
16780
1165
43041
104510
5613
0
26324
119279
0
0
0
0
53933
0
109580
0
81222
0
23753
0
0
0
0
0
0
78254
0
0
50435
108901
0
8633
0
17771
0
35327
0
0
11775
0
0
0
0
20729
0
19215
81926
17344
59423
64619
31888
0
0
101203
81466
17440
7792
0
0
112984
50045
0
61968
0
25591
27411
13747
0
104411
0
0
0
47795
39039
0
0
8303
0
15257
0
0
0
0
42862
0
8173
0
0
114510
0
69281
0
1212
6656
34634
119700
11936
2245
0
1662
78072
19813
0
0
0
20185
0
38217
37597
0
0
31274
0
39585
4759
0
58650
6809
0
0
6297
0
0
27989
0
0
0
13572
68618
62850
10814
0
106154
0
0
0
0
103322
8289
17926
52782
58517
11304
98115
0
7051
0
0
0
84695
22986
22087
56533
0
37369
0
46867
0
75320
31721
57923
75840
0
67169
106968
0
0
0
0
0
0
0
0
0
0
0
0
0
0
0
0
0
2224
0
51951
0
58634
0
72767
2804
0
38827
0
0
59614
8608
0
114633
0
0
28577
44751
750
59123
1035
0
3654
0
0
0
0
0
0
16325
0
60695
0
0
24048
11554
71281
0
3100
13752
0
0
65537
128183
0
1954
0
7643
94222
57028
0
0
0
7852
34068
0
29034
29121
41694
124843
0
1697
12044
40449
0
0
0
97991
0
53704
9443
3741
43264
940
6528
3698
118842
5856
0
0
30468
0
0
0
17226
0
24478
0
30138
0
24207
0
0
0
0
7176
0
23184
67296
0
0
0
23271
32380
15686
0
44734
0
8957
0
74855
0
109855
0
0
0
84479
4451
88796
41877
0
0
0
28069
0
26413
99702
67071
1019
42979
0
0
0
0
103516
0
11318
0
123034
0
0
13214
98907
21899
0
8324
0
0
53667
97436
12479
17355
0
0
0
84655
10416
43357
0
0
9830
3109
0
88025
39156
44481
0
0
13798
8251
9583
8274
0
0
8561
3036
0
127275
0
0
7011
0
0
19696
0
0
3602
55862
0
0
0
110528
8911
1275
91261
13089
121460
0
0
36164
0
0
0
97823
3544
0
52962
66868
9949
114318
56084
0
9921
10674
75162
33385
1530
0
34429
127595
69685
116141
38631
0
0
94310
0
0
0
5032
0
0
83614
0
11090
8732
70407
0
0
17799
0
9035
0
0
0
3016
4628
0
0
0
50063
42125
107111
76326
0
109210
62633
1501
42935
67568
12102
0
0
0
18662
91851
31498
64567
0
0
0
57093
0
0
0
101477
0
0
0
0
0
0
0
0
5034
0
0
0
0
29910
56418
0
0
87727
0
3115
0
0
0
2696
0
10357
0
15899
74376
0
5620
0
85973
0
0
0
2475
105773
0
54093
0
36889
0
0
0
1168
0
0
16583
0
24018
111270
61186
54369
0
0
74804
0
0
0
15456
3098
82232
90900
32301
23292
49955
73738
12584
121684
42991
0
0
34585
129051
82022
35555
33742
65866
2391
0
65313
0
107269
4297
0
666
27212
0
0
12967
10327
0
3322
43026
0
71389
13187
48473
14815
0
50590
23339
0
0
59977
52722
0
0
65289
98447
0
13129
38370
88889
0
98560
21914
128976
2463
9882
33841
0
48805
0
3608
118712
0
0
0
0
77839
0
83480
57428
0
0
0
24384
0
0
29086
0
58968
83
4078
79365
0
0
0
16069
0
0
54262
0
0
97391
75707
53167
3269
87029
36844
28299
72124
65135
0
0
0
61934
0
104629
0
7706
12752
124440
30613
0
8101
0
98076
57093
0
114571
101185
0
1684
57999
126071
10709
42624
0
0
0
0
0
0
63514
2367
0
103765
115191
86143
0
14038
0
0
0
50258
75473
0
0
41994
83044
526
47186
0
0
24727
6150
89769
11285
18239
0
46994
0
0
28474
43307
44472
0
57309
21629
84241
0
0
0
0
0
0
117851
0
0
122528
26472
67466
26751
0
0
0
102217
100126
10823
61944
0
0
0
0
12936
66349
0
0
0
57591
120129
4426
0
0
0
56655
0
0
46367
0
95858
40705
12384
0
77705
19365
36006
10490
10980
15706
0
110935
26891
95246
80860
0
0
0
0
0
0
0
30591
31546
0
84210
0
0
42181
66358
0
0
0
0
0
0
72767
0
0
0
73677
77823
0
1922
0
0
80530
59791
0
6182
37214
0
73056
0
10133
38879
0
0
39218
14995
68050
0
0
62964
95349
0
0
0
0
95465
0
8138
51514
83379
144
5078
0
74086
11945
9742
0
0
0
0
69373
0
46874
96928
0
8469
56704
0
886
90607
7419
10817
37923
59401
15078
69767
119686
53125
34618
10199
1234
99326
11180
925
1026
0
8929
0
11012
58753
7179
0
0
0
0
110545
2394
0
30919
10083
0
75238
0
74403
0
0
22017
72807
0
117318
29086
0
0
0
0
53208
0
0
0
21216
8879
123233
0
0
10851
0
0
6233
0
0
64895
0
91705
52316
0
0
0
16877
12480
12260
258
3895
9186
81769
20891
0
466
0
31911
111289
0
0
0
0
67959
0
37868
26076
69237
100545
75858
125057
0
0
35730
0
806
0
2304
0
90965
0
0
32575
0
6206
0
36014
0
0
0
3265
11692
0
16858
1103
20364
74985
0
0
1128
80603
0
40083
0
0
40420
4958
109919
19045
0
0
0
4848
75159
0
0
61469
0
0
0
0
16408
741
0
0
5679
125226
0
0
44043
20395
56089
0
62970
0
0
0
16736
68888
20899
68174
43379
111964
39144
49409
56924
0
6267
0
0
41197
27073
0
0
0
47097
108617
0
79801
10994
13705
127615
3597
0
92294
4923
64438
0
2337
25700
13632
0
0
5051
0
77124
80647
12388
0
0
35658
0
1272
2087
0
12772
0
42367
13738
0
2974
95110
8907
73035
36175
73243
0
0
18474
0
65486
52875
0
72932
0
88029
24415
1892
0
27667
121548
0
0
50221
118407
33104
75110
3869
7185
0
113159
26010
97532
0
29754
0
33936
38338
4409
10514
48852
0
122738
0
0
93002
29338
0
0
0
36463
1999
96908
17115
0
0
0
0
0
118535
0
56268
0
0
17712
17651
0
0
113196
6268
121180
0
79902
115817
125666
0
48215
2978
103001
53129
0
65424
46491
37982
33183
0
0
88798
0
0
0
0
451
0
0
7184
162
0
575
315
119016
0
14880
54096
56326
0
31712
0
17143
0
0
68985
0
0
0
79546
0
8207
0
0
0
24231
0
0
465
93891
59700
46846
0
39023
40156
0
0
335
35480
109348
0
0
0
0
54652
0
0
12981
68422
17929
0
45989
0
0
0
0
12429
6131
0
0
0
109216
0
29822
12146
0
0
0
26995
0
31460
0
28419
0
122816
17638
19633
118933
0
3455
0
21701
0
0
11301
101978
0
0
26667
95346
8701
102930
26048
0
117620
0
0
0
29984
24309
0
17224
12863
0
13961
112346
0
139
0
0
68030
0
84305
0
34714
7349
70980
14999
26089
73143
8026
62111
45858
0
68020
0
0
0
0
41424
0
26491
0
77971
0
0
0
0
2469
41805
0
1859
0
11475
39694
0
0
0
0
7618
53922
15176
50507
86830
0
76313
0
51509
0
88779
17973
0
0
0
12370
13711
0
7360
25467
71086
0
27824
2159
0
12117
41677
35264
110184
79837
32043
0
50174
30239
99581
0
7923
0
125550
6521
24217
117263
12619
0
12565
1021
85936
16619
0
0
0
86193
0
0
0
0
1870
78200
2173
0
6232
26816
0
0
0
31671
0
0
67680
46440
0
108943
0
0
43695
53513
63567
92256
0
8207
60422
27598
74579
11699
0
25574
0
0
0
0
0
0
97477
101789
63116
0
7260
0
0
83767
15780
5508
0
86967
0
0
0
7298
0
58766
107671
0
55922
0
0
118194
904
0
0
0
18419
0
35178
62842
0
0
6473
0
0
0
11448
63736
0
38823
0
0
52003
68627
16559
0
105055
5504
27602
0
0
6952
54468
55877
7214
36976
0
0
87840
31010
15159
0
0
0
418
0
60024
0
59508
0
0
41529
0
0
5739
54140
0
83702
3088
0
0
59662
0
0
24090
0
0
101685
12373
11207
48338
10433
6206
0
40829
15133
23266
62899
15576
38889
0
0
0
68549
0
34134
21089
38885
20282
53068
0
0
0
4595
0
18123
16833
0
39120
37735
128129
62946
52355
122897
0
1491
8961
0
7368
5828
75955
0
0
121003
52015
13982
0
0
0
74465
40647
20372
0
4525
77399
101089
0
54928
57106
0
76880
2440
0
27538
0
5648
0
0
0
0
0
0
0
24084
104026
0
129
1430
0
0
2357
0
0
47947
3898
53782
0
15726
57973
0
20223
693
0
0
496
0
0
16505
37124
31134
57931
8770
0
0
81949
0
121310
0
0
0
21641
13842
105386
0
119998
0
29321
0
0
0
38892
33403
65347
0
0
17201
0
0
4076
0
21099
113631
26425
114462
0
0
117586
39692
0
0
57138
87653
0
0
8266
73829
121740
0
0
0
0
51155
48332
0
0
120372
0
12173
0
0
67757
0
73526
0
69416
47713
0
78598
30171
0
0
90029
0
0
34398
0
52227
92805
1988
0
0
73146
40001
0
18009
0
0
0
0
0
0
0
81536
0
12486
26762
68774
0
39836
85610
0
0
0
0
114400
79388
74099
0
0
59426
48714
108319
0
19760
129461
19805
0
65112
41340
62665
38075
0
0
0
0
0
0
64927
0
120333
5521
0
50778
118752
28909
109377
21124
11318
0
0
0
98941
0
0
0
0
0
0
15113
126577
0
122276
44824
13955
0
100480
0
17119
0
3329
0
0
12294
0
105220
80770
118162
2594
0
20346
0
32124
18131
37824
0
72480
0
0
0
0
41336
103342
0
126760
6033
28462
112508
28214
0
21579
56267
107429
57955
0
57107
0
8834
0
0
0
105166
0
4010
69195
103685
0
0
0
104007
0
4914
37723
62085
0
31855
4322
0
0
125367
0
58484
0
0
9632
0
5974
0
104482
125920
25813
0
0
87580
117968
3758
0
203
12776
101832
121078
85931
0
100329
13336
71347
0
85261
4070
0
48600
0
85665
128849
125242
71244
58258
0
0
0
41152
79190
1819
36977
55328
0
0
0
0
0
81009
7623
0
11840
0
52788
0
0
0
0
106922
0
94836
105763
11761
0
0
95856
38034
0
0
13478
22448
0
0
0
1967
88959
60647
0
0
44658
102080
21035
0
3168
56558
0
105684
0
19248
0
0
110782
79873
0
114950
25509
113380
0
0
0
0
0
0
2000
0
2840
0
82979
0
0
0
62168
0
102509
0
29924
0
7757
0
57568
0
17454
0
99611
0
0
381
2297
4628
64331
0
6998
2696
100285
0
0
109196
0
0
127130
125510
0
122592
26645
11364
11356
0
41969
109752
108939
49023
19890
108265
121494
0
111064
5352
34103
25124
80514
0
0
0
0
21898
92892
52789
0
0
0
0
0
68172
0
101592
0
111626
24215
0
0
0
137
11631
4643
0
4913
61674
15609
76500
22647
17759
5206
0
0
0
33899
0
99685
58000
0
101067
20698
0
69273
16968
0
5452
0
778
34750
0
49503
0
0
3205
12506
0
35977
52483
52685
70309
0
69626
6949
0
9109
69889
46388
0
33306
0
0
0
22350
30482
0
50178
0
4688
0
14616
26669
14286
0
39171
0
90743
21549
0
0
28815
36321
0
0
123526
26367
0
95172
0
0
67921
119645
81091
0
0
0
0
40595
61604
0
10342
121561
129236
0
0
0
54324
0
13803
36186
19746
8828
13163
0
42879
15674
0
43723
0
49969
0
0
0
18587
31928
0
0
0
0
0
60274
33173
3457
91257
46938
0
83738
522
0
10658
12227
35679
0
0
73971
106718
21591
42251
0
117276
0
23510
0
912
0
37462
111098
0
0
0
0
0
71165
104928
10636
54109
14724
0
104060
0
123712
0
0
45500
29418
8450
4325
0
54959
4527
537
49085
0
11721
0
0
115299
22531
0
0
0
83217
0
69862
0
104344
0
0
16612
0
79796
13489
72565
3984
0
0
126032
0
53434
22219
120410
5797
0
0
0
21682
103503
0
0
110119
0
0
116943
115434
0
0
0
0
3924
36021
30480
0
82550
0
0
0
444
12464
0
0
0
96680
32393
119817
14790
4717
82550
7260
109873
648
59282
2674
0
6493
0
33746
20746
3352
0
1002
7399
11785
20580
0
21145
110001
0
0
0
0
48936
0
22942
0
0
33190
0
17169
36874
7782
0
44858
21542
37166
11501
54873
54254
1856
30932
43680
0
21087
0
12047
0
25161
0
0
10186
97197
51784
44902
45139
0
0
109798
0
0
0
0
9167
101449
0
77654
4456
75214
3392
0
0
19747
10474
1819
28155
42533
0
0
54070
0
0
64272
0
92845
92592
70015
11498
0
0
3690
1935
0
50170
117242
0
7516
0
0
41490
106743
0
47153
62028
0
0
30234
0
0
0
14186
64066
53244
18685
88607
11954
57037
88816
50854
0
36614
0
18744
0
0
84856
0
0
48711
0
0
0
100768
0
97563
0
68308
0
0
47785
55142
0
1407
109613
0
0
0
9645
52725
16226
0
13460
21976
122216
7203
2606
0
0
0
0
553
0
62784
0
126096
0
0
0
4531
82167
0
82701
12487
32524
23044
0
0
0
0
75844
23154
117012
65187
6594
0
57360
0
0
57898
51090
47792
6772
0
59393
7569
1901
0
0
0
24975
0
0
0
0
0
0
70070
23261
124741
0
30257
0
67938
0
98
114743
49575
1491
0
15014
0
0
0
40784
23732
20268
110851
39748
6475
98105
0
68523
44153
0
0
0
9924
0
0
0
0
10348
6920
13535
11301
0
48545
0
40321
44202
43420
14033
0
0
0
0
0
24570
123928
27126
0
41618
36947
0
0
0
19147
84581
121616
8461
126542
105703
0
0
0
90241
0
50676
14547
0
0
0
0
13463
0
129815
87320
0
0
17369
0
0
14879
0
0
0
0
0
0
50663
53687
35847
0
0
0
87369
50975
97510
19585
46137
0
25242
113841
0
0
0
41759
2924
128749
72528
10010
0
68691
531
0
34872
22894
0
0
30012
0
26563
0
0
23938
114204
43360
0
0
34479
0
71515
0
8460
36543
0
0
0
977
0
0
6826
0
0
56375
3163
0
4172
7170
82465
16459
0
5522
13309
94434
112973
0
0
67546
0
0
0
0
0
0
65067
87330
0
124470
115117
0
0
0
0
43268
0
0
0
91980
21287
14264
69182
10486
108154
34270
0
0
7134
48151
11208
107773
4988
29784
114939
0
0
75376
0
103171
0
46751
0
66945
0
109847
75441
0
0
58169
0
4714
77488
34201
0
79949
7969
0
0
83016
0
0
0
0
44149
18954
3429
0
0
0
0
0
100209
33109
34361
5413
56309
26726
15381
0
27522
0
37878
57392
24233
0
0
0
78674
0
0
0
20875
9691
1139
0
1775
114006
62784
0
28866
0
4028
7642
0
5526
0
0
0
369
37089
25505
0
100746
0
0
0
0
0
0
12235
65374
0
3477
0
11059
0
38253
16258
25258
0
24620
42175
0
0
0
53997
0
90288
0
113493
22710
0
0
84145
11177
10923
0
3730
29686
23166
0
0
0
108100
0
0
8551
119810
0
93033
0
0
86983
0
0
0
42660
75785
1841
55091
34675
0
93348
0
0
101271
0
66828
31508
1150
0
0
6570
60563
2986
0
31940
0
7773
22402
0
0
0
0
97244
5676
80016
0
75686
102251
0
0
0
0
31670
123929
45207
0
14110
109945
75454
94747
18467
84191
0
0
120822
34136
0
13466
0
39911
43850
0
116300
82638
0
0
65782
77672
0
0
0
51743
60162
106326
0
11193
0
21125
0
5397
0
21589
0
53438
44333
3606
99855
123996
8196
0
0
49058
64125
0
8932
54781
28049
863
5350
121504
0
15281
1020
0
0
9691
0
36895
0
0
18993
40009
69250
0
0
95038
0
0
24236
0
11728
0
120246
7360
66425
118274
0
0
0
0
90530
0
0
104069
0
0
80695
90849
0
0
107632
0
0
0
9729
7922
11530
0
101616
0
0
0
0
3860
41626
10643
47925
33107
0
0
79825
0
0
8541
88844
32454
0
0
47877
0
0
81003
63521
0
0
33632
0
33515
0
0
0
0
3687
0
32678
63391
5575
121699
33892
0
61930
48778
83915
0
18674
58885
121007
0
67906
0
0
54892
0
8692
37018
107575
25047
29540
114726
0
0
70209
0
0
10053
73035
19435
5281
79760
2919
0
79954
8227
24449
107373
0
0
7624
86826
0
0
0
122801
116718
0
94225
56663
54937
0
0
0
0
74260
53863
19863
58528
0
53254
1518
10930
14471
106409
0
0
0
81518
0
129242
12185
0
95727
119235
0
81373
116871
123386
0
77720
16337
32951
0
0
0
0
105957
0
113773
46825
0
36630
216
0
9909
0
1170
0
86094
0
0
126377
0
0
0
14608
0
7517
25098
2450
76910
33091
0
110071
0
54008
27004
1349
0
0
13458
56769
0
17050
94145
32408
66261
55803
80667
70061
0
0
0
49334
33178
0
86547
29281
0
9796
48495
0
20202
0
8299
28210
31038
0
10801
95825
0
0
0
0
0
50376
0
80828
34355
0
118891
0
0
0
0
32287
0
0
70613
116595
0
0
108930
91682
12092
65236
21208
0
29859
0
0
0
379
84489
0
0
0
0
0
6268
0
0
71121
0
56605
0
54666
21593
10707
0
0
698
41780
0
0
0
54846
0
113407
0
0
0
0
0
0
0
3681
119730
0
93119
0
33660
0
104746
63527
0
18478
0
0
113659
0
24305
0
0
104758
30421
83222
0
51648
5831
48063
111695
0
0
45479
13703
0
0
0
0
6920
0
30457
45256
34885
0
69638
4451
335
100529
0
44042
0
78068
0
0
0
16020
3820
45086
94878
103444
0
24455
0
1242
0
33560
15721
3606
44524
90114
0
0
0
126442
12531
0
0
50413
0
0
83697
0
12425
5944
11306
0
0
0
0
57193
40638
0
64539
12102
118191
0
0
0
0
33785
23805
32009
111940
0
86512
0
0
93211
69046
5431
0
56287
0
0
0
129147
0
0
0
19488
39322
113560
98004
7246
27991
10711
52983
17504
10157
33119
6726
93228
109030
4106
0
0
99036
0
42887
10339
21347
0
59024
0
0
36722
0
86790
0
0
11837
32417
10633
6956
0
3554
47789
4171
0
0
4062
19057
0
39905
35876
60285
14942
57090
0
0
64630
0
83116
84388
17513
0
0
0
550
58223
0
100533
0
18583
44147
19523
48416
0
0
6366
112550
0
32448
1862
0
0
0
72437
20491
0
67471
41757
0
0
0
54727
0
27705
65930
0
0
0
11531
0
2606
120476
103933
0
34044
0
34207
0
53649
54217
56075
2401
24439
129406
0
14480
10133
124458
0
0
29461
21688
0
107204
85429
71660
7061
79919
53826
1443
24712
0
0
42650
0
10111
46838
36731
98608
76797
18865
87734
54206
17015
0
0
0
0
0
0
0
0
30702
0
21387
82723
80752
62025
102791
8567
14189
0
0
0
46719
2272
3624
0
90482
89537
429
99611
0
9983
443
105799
50462
0
0
6295
25619
0
4759
79179
30055
0
84981
0
122410
0
0
1855
0
0
47877
0
0
0
20795
0
70497
32046
55031
0
0
0
96506
55891
0
61199
0
126074
89423
0
0
0
0
0
105620
0
33429
0
0
0
0
0
47566
20625
0
102527
42211
3510
0
0
82673
0
76685
0
4461
0
13869
3698
0
1127
10887
109266
0
63263
0
119840
19667
6411
0
16444
0
39200
0
85834
0
47763
78970
24997
52876
6332
558
40537
0
0
0
128886
73054
2860
0
73148
9216
104344
22086
29681
22724
7878
59722
18458
56339
76809
88025
0
2696
0
98714
126870
19503
0
0
0
106596
0
6411
19940
27473
3908
0
6026
367
15261
13728
55045
50582
27998
0
4709
0
7090
0
3763
38640
0
0
1801
0
93851
0
0
52091
13553
0
0
57758
25782
7527
0
0
0
0
1200
44516
0
0
0
0
0
9900
106724
0
73821
0
0
0
0
94208
0
0
0
0
2577
7971
1293
0
0
0
30025
87046
0
19234
0
62033
0
78365
0
0
0
17927
0
23516
67185
0
17292
35216
0
0
60114
84383
76161
42454
11671
0
41518
0
61969
58137
0
0
0
93634
0
62161
6766
0
0
6531
0
0
118285
0
103231
90433
0
8083
0
106300
0
0
0
9000
0
7956
0
0
58420
0
68648
83188
23352
0
31458
29331
96343
3993
69085
0
58649
0
0
72845
10704
0
0
40535
41562
0
0
0
0
104966
15081
0
0
18310
0
0
0
2301
100974
19196
50352
25546
32774
0
93085
0
0
0
63957
14516
0
0
0
95102
30177
0
34908
95940
0
0
9385
101574
20759
72604
98827
12084
21022
70
0
57392
0
0
0
0
96506
24442
126989
9524
0
0
90413
0
109088
24353
55614
4265
57810
7991
64874
0
5264
114629
4881
29286
0
0
38184
37582
10484
47113
39852
0
22041
0
0
101199
100833
0
41769
0
16064
5762
0
0
127941
0
20437
0
120519
76206
24964
14455
45724
0
0
63905
0
3545
0
0
101129
0
3183
0
100824
0
0
0
0
23712
0
10897
0
0
0
101522
0
0
0
0
119385
45611
18643
0
33125
50843
29388
40873
17835
0
0
83612
0
75569
27918
0
66177
18030
50484
115017
0
0
92047
0
0
38110
10390
47794
6457
0
111367
108943
0
0
763
0
62881
8191
127875
0
5364
52793
0
9166
9482
0
2667
0
50684
43917
3289
116301
0
55699
0
0
0
0
0
0
5785
0
0
0
129835
122399
0
77248
0
64399
0
0
69642
40860
96076
0
73726
0
0
0
0
14003
0
46022
0
3483
0
382
0
30991
10473
0
40567
0
0
0
21481
103910
0
0
38905
7006
0
0
70172
47928
0
45941
257
12486
71043
43404
20292
0
0
35459
0
18638
0
126786
91769
22905
12561
18287
0
40715
0
0
0
0
0
69466
35513
8087
0
86933
2223
0
0
8830
0
0
11963
43217
93138
1955
96852
0
32115
0
0
0
38210
0
30689
40010
100842
0
0
0
0
0
2033
51065
3483
0
0
0
13677
87970
4960
0
109638
0
64816
11542
0
0
3978
0
0
0
0
48518
4961
0
114
0
115587
0
1484
2390
97035
0
0
22990
452
61258
88344
0
0
0
0
0
0
0
72291
12630
0
60395
0
0
11447
0
68388
0
0
32006
0
0
30926
0
21361
59630
7218
0
117691
0
16552
96242
0
115726
29912
125221
0
0
0
0
5338
71173
0
0
0
30804
11207
6704
0
0
0
936
24630
0
28085
0
0
109363
0
0
46593
0
42749
70695
0
1103
49518
0
0
0
33524
0
36460
0
96218
38516
0
0
35284
0
0
29069
0
27356
104351
60398
0
7267
0
3220
7929
0
44655
12633
24380
0
11273
0
0
0
8482
0
0
7047
7294
0
39707
0
24494
0
0
0
0
0
80651
67528
107132
0
119400
60037
0
0
0
2774
78435
0
0
80615
49307
126896
57683
0
0
0
0
112643
0
0
0
0
0
0
0
0
0
45273
42925
13051
0
12371
0
0
6847
34959
0
0
5171
0
23496
0
0
0
0
96601
84387
0
21442
0
45854
56541
37011
18559
55502
0
58318
0
123897
0
79195
0
14960
0
123476
119731
0
2622
6386
0
0
0
31957
47953
86746
0
0
0
0
0
0
75871
78437
0
12619
10843
64165
113593
0
0
26113
3514
62834
50267
10832
8705
0
111700
99601
0
15686
0
719
1091
0
82225
123032
51655
29799
0
0
40025
83544
32414
78004
1848
68797
25175
0
40219
0
96156
0
0
3954
0
123047
11745
59134
119003
0
0
0
620
36902
23642
8915
0
93741
66967
0
0
68798
12347
11489
2248
52935
13992
0
16668
112173
85116
89089
56367
87199
0
0
0
4535
118764
25317
15152
0
12669
0
85935
0
63814
0
0
123259
0
0
114011
1506
0
77884
0
0
21455
0
10703
62505
4340
5342
0
120768
109958
0
22650
30453
82273
10683
0
63506
124531
33843
95925
54322
47566
10280
0
0
54814
27420
121819
79970
0
0
0
71601
0
0
4664
3047
10702
0
0
0
2047
3470
35701
106738
121592
0
0
17105
1505
14297
0
48484
55653
3440
0
74596
0
0
15003
0
0
26071
4773
15478
3633
0
0
0
83151
43763
4447
9167
56724
0
0
0
53999
0
0
0
11453
115860
0
9124
29337
57162
0
101568
18530
367
108128
113031
31102
0
1123
0
0
0
4343
123128
0
19044
0
34984
0
0
0
0
0
12428
27415
0
64862
32188
3541
0
80142
2922
0
0
0
110897
0
126102
30673
0
24297
84344
98903
0
117342
12561
2855
0
0
0
1771
0
12193
10649
48927
103390
0
0
17492
28646
38099
78831
38865
0
77155
0
0
12797
74534
0
0
0
104646
0
120120
61659
3755
20157
0
62589
36539
1922
0
0
3599
0
60803
12216
5041
124421
0
0
63773
0
16447
8197
0
0
0
34143
85944
0
0
40559
51448
84546
69374
0
0
0
5916
0
18584
0
40974
0
0
91625
0
61791
126542
18553
0
0
4120
0
103941
0
96248
0
72803
16500
44085
61033
0
0
0
84946
0
22277
0
92913
27558
0
1035
0
2912
0
75177
28381
0
0
0
68313
0
68132
0
0
84497
0
1260
61728
106886
0
0
0
751
20252
16510
4120
108332
90131
113534
37416
0
0
0
29671
53072
0
0
10673
6687
0
0
8853
102486
0
0
88170
0
29225
0
0
3078
0
0
53030
0
56701
0
104750
25572
0
10208
3079
0
74097
0
76326
11750
68049
13591
0
94977
53134
35130
57969
0
102239
1341
41013
11958
15132
55452
0
0
111922
59017
13680
61462
0
126769
6478
0
103974
83430
78147
10940
85136
12605
103648
64519
0
0
0
0
68763
104762
55494
7829
96654
0
41314
0
0
767
0
41578
111705
121857
104882
34705
0
0
0
0
0
0
0
40332
113341
35229
0
17207
101659
0
89705
0
0
60296
0
0
0
0
103686
43766
0
0
0
96281
0
35889
103219
27226
5594
84184
0
0
41541
8497
56610
30832
5997
0
126327
0
0
0
0
2152
0
108717
55856
94046
87581
120637
0
65860
0
6660
0
58351
0
0
128189
40404
45213
0
0
42732
109140
7470
11253
22807
0
0
12461
0
0
610
0
86070
24867
57743
49337
14678
0
0
62859
59052
0
3518
13465
0
97443
0
39342
0
71035
21471
0
4989
0
32064
119964
69587
27978
0
34042
0
0
0
4221
0
0
0
0
1457
0
0
63790
36830
0
63248
104382
0
90326
30089
0
0
0
89679
0
0
0
0
0
0
0
0
47907
42427
0
104370
115296
0
22498
0
0
11974
0
3776
0
126
34086
0
14428
62612
0
83510
114700
0
95954
41736
123520
78333
39316
69101
0
0
95973
0
0
31258
0
0
99083
89498
50068
40871
75638
27299
0
61666
0
18292
0
58091
0
41027
0
0
31
0
124600
29219
28842
124290
0
0
39320
0
0
0
0
0
0
78021
0
71986
73064
3976
12584
0
108255
38551
0
56649
17751
17281
0
0
43158
69
98127
104737
4382
24641
80568
0
0
0
79676
0
50933
59856
39519
75567
0
13584
9516
78716
18664
55235
0
0
0
3896
99779
56962
0
120631
95235
0
86712
7490
33564
19199
113175
25197
0
35915
28980
112862
0
115664
0
0
24511
0
0
0
17536
117680
0
0
56880
0
0
19535
410
126335
0
101411
5921
0
129085
0
14849
0
0
33493
0
91545
92324
9489
70985
9868
12737
0
0
21360
110000
47630
71187
0
0
0
27041
5266
0
0
125643
19491
14867
0
0
9751
30765
106434
0
32134
93144
61861
108718
0
7172
33080
0
109835
8632
72411
0
0
0
0
5639
108843
0
29886
11147
7718
0
0
0
0
0
0
0
0
50139
110800
20433
0
0
0
9336
77432
13881
32164
0
3030
3117
0
43229
80955
0
0
0
0
0
0
0
67418
128327
0
0
23780
0
41430
0
0
0
0
100191
0
0
0
0
0
0
0
0
85122
46296
0
72765
129106
0
0
57362
50422
0
69275
9806
0
0
0
0
49298
24161
0
9663
17262
0
0
0
30446
0
48348
0
0
39566
7109
55826
68074
0
0
0
12466
24155
9010
0
0
41127
35759
0
42919
0
0
0
4904
0
0
6912
0
0
43365
0
89292
6475
101066
0
26813
0
32154
0
0
919
97113
1779
75564
117376
114249
0
115919
0
108829
0
106657
0
0
14245
64421
29875
52795
0
70952
50396
0
0
79512
0
0
66004
19774
0
40190
0
128288
0
44905
91624
0
14497
10725
0
0
0
112065
8113
0
0
48775
11171
0
59247
43387
0
0
52212
15088
3695
0
62348
4292
70751
3116
0
34530
0
90209
29289
0
0
23245
0
89566
0
0
48318
2667
116785
8827
116596
29964
68462
64018
0
77522
0
108150
0
101183
99896
12899
71139
0
83713
0
0
0
0
0
32731
0
0
0
111536
40803
0
102384
0
41781
60783
72075
120456
0
0
17892
40005
81114
53419
3069
0
44011
3427
0
0
6503
0
0
0
0
0
0
122744
94059
104435
95704
98339
0
61916
123740
0
9372
0
0
0
0
0
0
0
19803
0
40536
101355
0
34060
0
0
1818
0
100511
80599
95583
59531
0
100540
79173
2660
0
0
13746
0
23287
40400
0
0
0
0
0
0
11637
0
53270
2617
0
115538
76205
3878
0
0
15214
76024
17782
0
0
0
107473
0
51047
43940
109351
74722
84449
22856
0
72298
0
97225
95556
5283
32184
0
0
0
51535
0
0
74077
81496
0
0
0
0
0
24944
0
14393
9772
0
45746
0
23721
87474
0
0
27691
47227
5223
76507
0
3905
0
0
3548
18898
50971
657
0
10701
9088
127118
0
0
13474
35884
0
0
46340
0
73423
0
0
17103
0
0
0
22100
20425
0
0
46987
0
11158
43757
0
0
39176
0
38571
0
12337
45472
0
0
0
0
0
1053
0
21411
0
0
8888
0
0
7549
32271
0
0
0
0
52099
80870
96998
13047
0
29324
0
0
33234
0
121289
7718
24918
91914
83602
0
33955
0
0
26953
0
18142
0
0
0
106383
5953
0
30145
0
23274
0
0
24985
119410
0
0
84537
82874
0
0
7889
10551
20722
129899
69438
0
6120
125807
22791
73472
34033
0
25979
98041
105277
44704
0
123872
109920
0
0
5394
19931
0
116747
77553
4768
0
0
0
44689
0
0
0
0
85124
0
118543
35761
0
95256
0
127984
41756
0
0
0
0
121092
0
0
1486
254
0
46262
16751
73550
0
86727
53713
0
5183
0
82815
92106
14235
0
33805
0
61175
29206
29360
0
19751
20431
6921
0
0
76012
0
21131
0
0
8083
0
0
0
0
54993
30872
44659
0
0
107349
1465
0
56422
90288
0
0
0
20388
12147
22976
92295
67479
40243
72496
53757
0
0
126535
0
0
0
0
35420
0
3662
0
0
6473
0
0
115276
0
1704
0
0
38798
113099
4461
0
19555
0
0
14915
11636
41732
126172
88168
15764
93239
80230
0
23267
20075
3570
0
0
11077
14615
0
3313
0
28754
4175
0
0
0
0
72694
0
0
0
40713
45156
0
0
0
22946
0
0
516
84445
16088
0
84223
34671
0
0
42553
53518
48229
0
30044
0
71257
83831
88450
0
0
21395
0
30165
0
0
0
5661
27252
93691
78298
0
87004
0
81179
0
0
42845
40063
42316
0
0
22527
17616
88291
0
21813
45652
1905
0
0
0
21480
20817
5478
0
0
526
11892
74850
0
565
0
55465
0
48264
24036
111538
0
113796
0
0
80557
0
0
0
39040
0
57925
2023
99892
0
99128
0
0
0
0
0
25357
0
12779
0
30694
29394
0
0
0
8962
128831
47618
0
0
41230
0
60233
0
0
1968
0
27584
60307
29995
46758
101451
0
0
58004
10015
79018
0
127790
79501
69620
0
6152
0
0
0
0
717
0
0
0
0
58380
0
0
118150
107766
0
87151
0
0
59314
33570
0
757
0
0
110685
5088
0
0
0
0
70975
0
0
0
44913
0
0
0
75353
0
113641
0
7463
0
0
62535
0
71718
0
63257
4688
18546
0
22229
0
0
107486
6912
0
123451
0
0
0
109128
0
11630
23307
0
0
606
34077
23555
0
0
0
0
0
0
36991
0
69794
49620
111394
0
39547
3555
0
621
30470
98068
629
0
86008
16617
0
0
0
0
0
0
0
3738
0
9833
23651
0
6638
572
67
17614
27630
7977
0
103369
0
0
0
23284
0
17924
24755
0
30414
0
2465
74257
0
0
21028
126248
102397
0
89167
0
0
8083
16144
2618
0
87724
102518
75935
71209
11030
5311
14249
6816
4000
0
0
9255
4984
90213
0
3271
91975
39810
53951
18133
28969
55058
115145
73789
0
58939
0
0
0
13520
45940
0
97916
4872
63894
50432
0
121297
35210
7437
22188
0
0
0
0
12174
63009
0
0
128451
0
0
69107
0
102658
15256
94051
28584
3681
0
33129
72969
0
0
7629
107621
4151
0
84465
0
0
125194
0
0
98615
0
0
0
23841
0
0
0
8962
73869
0
6193
0
91415
0
0
1082
6088
7136
0
0
16244
1414
0
0
0
0
0
114038
110976
0
0
0
0
18181
22769
129477
53386
44230
0
0
91532
12111
0
28840
0
32929
5364
9135
0
0
14738
16708
92919
17886
0
13472
123001
59237
120085
0
10538
0
13938
0
82
125748
0
12650
28170
21924
0
18107
30022
85824
1767
0
54543
0
55618
0
88657
0
91485
0
0
24949
60293
53555
0
0
0
17083
73130
0
0
903
63357
8688
127240
0
51238
72423
96224
57340
0
19814
10544
58953
0
30203
0
0
6407
72757
104712
78930
0
50384
0
0
0
0
8367
0
0
72112
0
0
0
0
54021
0
0
0
1139
96926
10368
39793
0
0
986
4221
1592
0
41600
0
62979
0
0
0
0
91998
4572
0
38167
51895
51251
0
21514
0
0
0
39891
42503
0
108827
0
49077
0
0
100611
0
27891
0
0
48995
53737
0
0
0
0
0
44302
0
0
6113
34340
108314
0
0
73758
0
4953
0
0
45110
27946
114563
3333
51605
0
10179
16292
0
16734
67215
0
67800
38990
129626
0
11420
45415
0
0
38769
0
0
0
0
46306
5278
10072
102560
96402
0
0
0
0
2970
39298
5210
753
0
31096
0
37137
2431
0
66682
0
0
221
559
0
29892
0
0
55227
3592
0
6144
44526
65487
0
1496
0
0
0
316
50189
0
1969
11302
21994
0
0
13806
39930
0
0
0
0
74733
118861
0
0
9130
7114
0
18611
90732
64710
2126
0
74944
0
0
70255
103710
23342
2085
29758
34113
57570
115353
91144
53901
0
110489
0
53139
0
66001
47992
111632
0
12135
0
347
0
44407
20308
88250
1601
0
0
16803
11804
2556
0
0
53924
38167
80748
16026
27461
17327
116759
5347
0
0
0
0
0
44691
4051
0
0
105098
0
0
0
0
48465
0
100423
0
43221
90
22410
90167
22342
0
0
0
29491
38351
0
0
79605
0
74018
0
0
0
0
53632
0
0
61551
91727
51306
75548
0
18442
0
0
58421
35682
0
91085
84035
0
0
10956
7404
19030
0
68499
44489
90962
0
2519
120941
50823
0
0
77699
8056
5908
66227
958
82839
0
0
1536
0
36054
88268
0
0
0
88173
30797
6179
86049
10043
0
71020
0
0
96161
19861
78178
0
462
0
0
0
2179
8978
0
0
4564
85075
0
0
22567
30454
0
13322
28889
0
21781
114229
43273
63415
54165
0
95571
7568
5155
0
0
54253
0
3891
0
31613
3832
0
114859
114263
37366
25183
87080
0
0
0
30152
118492
70025
128448
0
38048
0
11373
37000
110040
0
4519
0
10516
0
78409
0
967
31572
0
0
0
0
0
56804
81817
30380
61755
66129
19544
35493
3560
13646
0
11964
40511
413
4393
0
0
40275
0
34755
9491
0
45130
0
41747
115862
31161
21146
0
48770
92387
0
43185
0
29552
7213
3159
0
113034
3258
0
0
0
18888
107185
70858
0
35667
114080
120563
16285
0
49055
0
19653
0
73684
90499
69771
0
0
0
0
0
0
114681
757
34992
0
39425
77227
33655
99572
0
0
0
3673
26250
121858
0
92449
106858
121626
0
112257
742
56124
3042
9198
34047
0
21192
0
0
0
0
102692
0
68173
0
0
0
0
0
0
25747
0
57321
88378
39750
3384
0
0
0
0
0
0
3979
0
119633
61276
77738
21227
0
9392
9544
111596
0
6721
0
0
0
0
0
0
21860
0
82522
17414
123571
0
0
62212
0
18307
0
0
111407
22679
0
380
72664
0
0
0
6413
96184
70429
12756
2823
0
46238
36785
0
63326
0
45037
38058
38270
105134
1117
759
117339
0
0
0
0
45800
0
101130
0
0
109343
74566
109619
117004
0
33731
0
0
0
0
39946
0
78473
105605
117790
23704
108837
0
0
0
67177
12290
127375
31635
51145
13119
24828
69116
0
1701
35834
5225
45998
0
5281
51807
0
0
7167
93470
0
0
117266
0
0
0
49673
70846
40256
121660
43142
0
113531
113032
5424
56911
0
0
0
0
0
0
72590
60903
0
0
0
1443
0
4659
11090
28369
0
0
0
66845
0
0
33704
4532
0
0
122211
31275
0
22800
14431
6695
0
0
0
54400
14548
119794
94464
0
0
0
98449
0
12114
0
0
15984
85965
74255
99272
0
0
0
0
0
0
36685
107453
116242
105770
75000
0
61715
38831
2666
0
0
0
0
0
0
0
121292
100404
96596
0
10178
0
0
8481
22552
0
8358
34558
33058
60739
0
115300
9549
0
88732
43180
117436
0
0
91604
0
39350
0
1384
0
19883
75020
0
86973
105852
107352
32653
0
0
20208
82629
0
0
5872
0
102700
41336
49144
0
0
0
424
29180
0
0
61906
0
0
0
633
0
0
0
0
123
26322
0
0
0
0
0
2706
77130
0
0
0
906
6932
91647
59134
0
0
126431
0
0
93491
0
80417
0
0
60020
0
40922
5982
0
0
0
17503
1047
6763
0
0
18432
0
84114
0
0
4395
35882
8643
49261
0
119866
0
0
50079
0
9985
128034
61909
106503
10059
32772
21029
0
3231
0
0
5051
0
98362
0
4371
0
0
92585
9653
0
0
0
25069
10840
0
47113
0
0
82705
129346
9906
0
100346
15812
5372
88145
11807
94439
53179
94255
10668
47716
0
91850
21308
8193
0
51197
90230
46205
102668
0
114678
4268
12591
0
50345
0
0
51874
59608
0
1663
63821
0
37333
0
25391
0
0
86809
76751
0
0
0
0
0
2190
18555
24295
86312
0
4741
59645
0
0
0
45640
40544
0
2683
0
0
0
0
0
87762
54966
35005
0
22499
0
0
12137
11591
23656
0
0
55430
0
67767
0
0
0
4417
15920
2367
14583
0
0
0
0
0
21061
676
113340
39425
80296
3447
0
113561
0
0
34154
0
13705
1238
0
22553
29843
0
68783
0
75748
0
0
0
35662
0
31082
0
23826
59892
0
78774
27358
0
0
83880
0
3401
15494
4801
0
50175
0
0
85129
64835
0
4513
0
0
0
31699
0
102670
29158
0
0
0
93913
0
0
98510
21676
111270
6776
0
6653
75879
6732
68889
10011
10836
0
0
95799
91392
0
1262
15492
50314
54540
38942
2256
0
0
0
11301
965
52657
0
0
11507
0
47244
5152
0
0
53787
93328
0
19984
11553
2930
0
839
91353
54200
0
44890
28605
57674
0
7595
0
0
3857
91199
25991
2191
0
64861
97124
82929
0
5997
52059
0
65510
0
40998
0
0
84551
49350
0
0
119092
100548
0
3543
0
34682
89193
6515
0
0
90659
121502
0
1375
0
44109
0
0
65697
0
77339
0
0
28229
0
22491
0
0
14279
0
0
11612
0
0
92824
116462
95509
42397
0
78118
8605
40084
13493
54940
3911
64530
4123
0
0
0
2904
0
0
0
86966
73764
83079
56476
107360
0
7898
45859
28642
0
68683
0
8813
0
0
109843
36629
117387
0
8374
0
55342
0
24320
0
0
37726
0
0
96291
115466
977
268
0
0
0
0
60031
0
38367
19960
0
0
0
0
0
15107
25986
93804
0
0
0
5881
0
0
0
20983
98649
0
0
2467
26523
9599
0
35689
0
71293
0
0
0
44043
0
1067
0
28825
17376
45527
0
6605
22311
0
7960
0
0
8517
469
0
108560
0
0
52273
22871
1493
0
53708
45531
0
0
125178
24041
0
0
127643
39608
0
89049
0
0
67700
0
0
41463
87245
0
0
20429
4236
0
0
31950
5814
109465
6890
0
73016
0
51638
11806
13264
34320
2607
4939
10352
108926
105713
0
33794
48763
77207
0
2176
0
0
12613
0
79658
0
0
0
78914
40917
0
7876
0
50348
127380
0
0
95583
98333
72318
75042
15876
55788
26448
0
0
26793
21850
2406
0
21852
0
36205
272
0
2027
0
0
110912
0
11025
0
0
91275
7707
0
0
9344
0
0
106
2598
0
19846
20792
0
0
0
0
0
0
49382
122119
65986
0
66772
87621
84615
20026
60815
0
41897
60817
8931
27493
0
0
812
0
0
0
93036
68711
0
86818
0
98328
0
31215
40685
100032
72280
0
0
0
0
75142
0
0
55808
28892
0
122099
0
0
0
97234
0
86787
0
113914
0
93536
35910
0
99167
123735
0
3941
20625
15793
61655
112439
10307
0
0
0
295
0
0
29696
24392
44928
0
128870
93213
30064
80910
0
53821
0
49255
96626
0
0
0
0
1190
0
63768
32324
0
103028
114258
0
0
105385
107833
0
0
0
112761
0
0
53576
0
0
119195
99795
0
0
1895
0
54119
12251
68158
79884
4508
0
129368
78114
0
47449
0
0
52216
3000
91425
63234
126358
0
28961
0
92626
0
0
104573
42171
0
0
3674
0
0
30046
0
8547
0
39337
0
24621
120815
43410
0
0
48201
0
0
0
33552
26524
21997
2329
82412
20304
35067
0
30063
0
46684
25048
0
75228
0
8509
0
0
10002
0
7423
34886
0
8256
0
0
88041
14711
10687
0
65383
102475
24272
69842
0
0
122564
1414
0
59867
0
43491
0
35537
0
35236
0
129526
0
0
0
0
0
3576
2687
17290
0
25043
0
29617
17914
0
39569
0
25388
45022
13352
79748
0
6997
0
9743
0
0
13971
0
99441
45848
6636
64976
0
70367
112958
0
111582
0
0
50478
0
9547
41722
0
66537
0
128641
30035
0
52984
0
1367
0
0
0
55183
0
43659
64647
41705
0
125058
0
7606
0
0
0
45428
106763
41738
0
0
0
76034
0
37276
53456
129752
8313
30211
81048
0
7741
95018
37818
87270
0
954
0
0
99576
0
0
36883
0
5432
0
0
4534
0
0
81595
8299
122944
0
0
14066
4699
7191
0
49370
38212
85215
70426
88372
37462
0
49580
0
0
0
66170
0
0
37990
29945
1409
47380
0
0
118364
0
0
0
0
0
9089
0
7581
0
0
66049
4337
0
127739
0
0
0
84942
6789
21710
113240
2473
100029
1839
0
53983
0
0
0
0
89412
57230
112952
0
8160
35264
0
0
32258
124870
0
30418
0
12591
0
8749
0
88358
53213
70272
0
32001
25929
69020
0
58144
0
0
46884
38049
38987
0
49732
0
72951
0
123101
46584
0
0
0
55826
0
0
0
0
6731
68123
115298
119689
0
32578
33819
43774
31148
25396
35057
95004
49856
80348
0
0
0
54251
24801
0
17351
96729
57908
0
84704
6127
0
25458
78450
0
0
62449
44416
6461
43418
88520
0
109073
0
0
0
0
100964
0
55558
102635
0
0
117145
0
124423
2802
0
7842
27812
0
0
5054
104805
13838
126771
42839
0
10844
58583
0
0
23112
0
62771
117495
4539
78653
0
0
662
72018
0
15171
45872
65601
6630
0
0
0
40712
475
0
99112
117873
7329
50446
10119
0
52362
1790
0
0
0
5255
52430
0
30267
0
0
0
996
0
0
0
45
32235
40050
46230
0
5218
0
0
53446
54769
0
62222
0
0
29338
0
0
33542
19435
0
0
0
46587
0
0
0
0
60249
6286
2764
77666
10389
81709
0
0
24
39731
104299
0
76544
0
92229
27701
20856
0
0
0
8748
6599
61979
76721
0
0
36943
7152
113561
9093
68674
0
0
94892
0
1687
0
0
0
0
0
1114
34009
84860
50111
19461
117282
5775
0
0
0
13768
0
2628
39334
0
0
0
0
0
0
0
0
2132
7759
12571
0
0
0
0
4922
9592
84024
106092
64060
85860
4607
0
116251
0
0
0
108104
67175
0
73473
43671
50539
23101
39047
31437
0
0
0
0
10911
4034
108157
121628
0
77941
0
13238
0
27539
0
0
0
0
0
61326
79871
71469
0
0
118383
60527
0
115518
0
90079
13929
55336
0
36747
0
96363
4345
0
0
0
0
0
0
31326
4314
6104
93938
0
14764
40283
0
0
123473
0
0
114163
0
0
0
2061
104495
0
0
99432
69643
116389
0
0
102494
23456
0
0
0
62767
19922
0
0
126287
0
117715
11663
68799
7080
53282
14291
0
0
0
0
59148
23082
73798
0
3702
0
15557
3982
0
0
0
0
0
75353
20450
0
86594
0
8740
20428
0
0
0
0
11052
15994
119865
77083
1063
89569
0
2792
104503
0
94765
0
0
0
34219
59318
9123
81163
68860
88887
0
69404
0
10954
0
43510
0
0
0
0
0
3216
0
0
26981
36186
19019
33825
0
0
0
38115
930
0
27717
0
0
373
66472
0
85810
25852
27116
128845
50039
34821
0
52155
0
82623
0
0
70390
66402
4987
6071
16728
0
0
0
0
18870
0
0
103075
0
0
0
0
0
0
6573
123337
0
0
0
9303
0
6233
113569
0
0
74829
95039
2206
76059
36620
0
1655
6759
0
26295
19420
0
0
3746
0
66939
3305
31617
0
11378
50010
0
64405
0
20267
119426
73712
6205
40800
0
26144
0
37189
41456
2003
7081
26774
81341
0
82827
0
0
0
0
118915
110770
0
82569
53408
0
104
0
11137
48911
1903
0
0
106390
0
14403
0
0
89376
0
32063
13438
0
0
18671
0
10742
67370
0
105933
0
0
0
124124
0
22569
10593
65057
0
69632
0
49775
0
21024
85406
0
115348
0
24015
21799
0
0
3561
0
123800
0
128813
0
0
152
46735
84364
38681
0
57286
0
41591
3232
119610
33596
0
0
0
18106
25914
46687
0
0
10770
0
0
92564
0
83571
5794
8759
8670
0
122402
0
19263
88
0
26040
0
0
3330
0
95114
102157
0
83605
0
0
0
81648
0
4422
0
2488
39031
0
9443
0
4822
28096
10461
6065
0
8707
35371
0
0
6077
20460
4789
0
128061
36683
97599
82697
0
22725
27510
0
96198
3880
4023
20325
47649
44450
0
25021
0
74134
15563
79333
0
112783
15550
16097
2924
0
0
95430
0
79973
0
0
11907
20860
68593
0
83707
432
0
65861
0
13253
338
0
0
129411
7531
0
27379
0
0
0
29499
107356
0
63380
24881
80240
77030
27070
89849
44275
87751
3821
101086
0
82246
54123
0
43212
97277
0
0
0
21054
66015
6184
101625
31849
1989
40479
0
32397
0
54907
25647
0
0
38654
0
52183
23367
14131
118238
55738
0
0
26405
0
0
53570
0
70752
3406
17214
0
3357
0
96815
7608
20552
41421
89694
90979
111259
59463
77274
56413
27415
0
0
14108
49374
14478
0
39518
0
83405
84779
25463
47013
118786
0
73094
0
9912
0
34735
0
0
0
0
0
0
112751
8846
0
67239
45536
44796
0
0
103487
0
0
91680
119305
41846
0
13569
0
32739
0
13681
122066
0
64143
0
104929
0
65427
39364
8331
0
0
81601
0
139
0
40225
0
115429
0
50820
0
10103
2025
12645
4325
38864
36519
30822
20869
0
0
0
108686
0
20677
0
0
24339
0
135
103584
0
0
47834
0
0
0
0
0
73630
1532
85801
0
27617
0
58849
47881
23617
47355
44856
0
0
41036
0
0
0
61935
23916
15531
23379
0
4210
99182
106494
0
0
0
11587
126357
13578
0
15110
51799
0
0
71565
0
0
108425
0
0
0
122444
16259
0
0
4909
0
0
0
0
0
0
3325
5748
69384
0
8270
0
0
37053
28971
0
86238
0
7271
107020
101886
5865
10794
0
0
34208
79052
1531
16675
85500
0
28126
0
93291
15289
59338
0
0
0
0
24130
10609
1474
0
0
69402
1012
0
0
0
28994
76022
758
98478
28495
4307
1500
117864
64149
0
32840
0
84196
0
0
0
89049
123884
7861
0
0
45348
29299
0
38045
17528
105998
23151
5759
2218
22170
80790
0
0
128097
103428
43765
0
6836
14323
16979
380
0
0
3192
0
21305
0
0
0
32997
6171
65274
0
18779
32334
0
12213
61098
5703
0
14363
0
12981
105093
0
0
0
117621
0
0
37264
14133
28623
0
0
73595
32421
0
51959
0
55805
64264
0
119735
32496
49162
19537
9502
53860
20399
47807
8413
0
22333
0
0
123527
0
0
92203
0
0
33486
0
37185
96072
71597
0
40230
0
9030
23445
103027
13984
0
112458
2819
107701
78956
55792
0
21679
0
0
18515
0
0
0
30939
0
29203
70916
68172
33118
0
0
0
0
0
5183
37994
0
971
3900
106824
41691
0
2473
33979
26088
0
780
0
326
0
9052
33522
25980
13184
122838
0
0
86966
0
0
49286
0
0
1660
0
15197
123244
0
0
51107
47103
0
25009
0
41040
74934
101474
91018
123933
99731
78090
0
3246
0
0
0
64200
0
0
1610
0
8087
32036
0
0
0
30146
104848
0
0
25152
0
0
19028
43134
66167
99438
0
0
49398
36180
17282
0
0
0
0
125400
39149
35448
781
0
0
0
4149
0
0
7941
0
0
114871
0
0
0
0
2098
0
0
40990
51727
80470
125322
29028
1458
0
0
74494
31471
0
60318
0
0
0
70229
43531
0
6042
0
0
23125
0
0
0
0
0
3659
0
27912
0
0
3383
0
0
0
0
0
111692
50680
0
0
124717
29488
0
0
10759
0
0
0
0
24496
0
0
0
16133
0
1621
87101
36147
116303
0
0
0
1205
0
69197
42078
85096
0
51414
43437
0
64061
0
0
112789
110491
0
56736
0
92588
11760
0
0
0
98824
4769
98496
13528
0
41977
10447
94346
76509
91871
0
3656
30245
0
26026
0
0
25459
0
0
0
91967
2193
0
105365
0
0
19013
83080
0
9915
23733
0
18067
36031
114447
34071
37059
0
0
22510
63771
0
54471
0
26666
10588
8054
0
1550
49897
0
86424
53105
43650
83375
15121
10506
96391
0
55065
0
8700
0
0
0
0
0
0
64715
39951
3333
178
17751
55777
0
124931
53838
0
74173
65806
10806
0
0
3225
0
117935
120467
16573
0
30295
0
0
83358
114589
0
0
49233
9834
0
99895
0
0
17471
0
0
0
0
39341
11794
27044
0
0
82887
0
14381
0
97496
83240
0
0
7168
27596
0
0
11321
0
0
9692
70983
12762
0
35471
50123
0
0
0
0
0
4577
69754
93780
53438
0
11787
15585
0
0
20855
0
32128
99399
0
4586
0
8254
0
0
110018
19852
0
74960
44161
5741
49847
37822
11780
28726
103829
43922
0
45763
0
0
0
0
0
36323
108410
9072
82995
0
3899
0
0
105525
101097
55708
0
0
393
1251
0
890
8671
27155
121461
0
0
115565
0
0
121058
28526
0
70064
0
46585
6838
0
144
12589
0
0
40702
4827
1076
2152
66626
0
74505
0
13427
0
106381
20746
99436
0
129481
0
3505
14790
0
63348
0
17478
0
80286
0
0
0
0
9723
38123
0
104694
0
0
61841
8937
0
0
48489
0
8833
0
65065
13756
0
0
27399
0
75573
49878
0
0
0
19049
106449
105469
19844
0
14841
2911
0
0
0
615
71135
0
14170
0
0
44346
0
17911
0
0
91150
1574
2173
0
0
97543
24969
0
0
0
8363
21190
99377
0
0
11660
76667
0
0
34395
0
0
27228
0
51216
0
59027
0
5842
108850
45471
0
114804
83227
18344
109815
0
104112
54287
52761
0
0
62346
0
0
57036
15992
0
23409
26888
0
5650
0
40389
73413
202
6836
0
0
53949
22895
17788
0
0
0
0
62272
21232
125734
77114
19886
0
65030
77390
123951
0
0
0
0
0
0
0
2504
27390
0
16323
72526
8201
15493
114582
0
64162
67127
0
77548
0
5893
48223
59549
0
2611
9686
101064
106901
92809
75517
118274
47543
101384
10708
27943
108789
19973
0
35178
0
105818
0
118475
12886
35656
0
9452
93481
49820
22059
0
0
30617
0
0
0
0
29728
0
87162
0
69717
41087
121431
0
3396
0
0
0
12306
6754
86116
82980
3759
0
41590
0
0
48701
2868
0
0
26802
49424
1457
0
0
0
0
0
61451
13674
54750
67178
113506
0
77263
0
97645
0
0
44938
0
0
0
70362
54361
0
12354
0
0
16795
0
0
0
68949
35723
64176
0
70764
0
0
1073
0
0
71774
52854
10752
50667
0
0
2519
63656
59955
0
44642
0
32206
36345
0
82595
2274
0
0
19196
35983
67270
359
18519
20269
0
3483
0
31984
14267
0
60565
59407
2756
0
0
77761
0
94151
0
0
105166
29043
77024
39778
5178
0
31177
68733
0
82466
96458
46742
97083
0
62250
0
75575
8789
0
0
128366
30363
0
0
0
0
0
0
47037
59874
0
71092
123250
0
111512
87140
2592
61159
6659
38111
0
0
0
0
0
0
4428
0
13826
42803
80291
7495
66115
69437
0
103541
0
0
0
115320
0
37714
69816
0
0
13315
0
6568
0
1991
0
70453
11644
0
91972
89096
0
67704
0
0
0
0
50748
71584
85387
14238
574
8656
93183
34279
119770
73197
0
0
56385
0
0
26541
0
56668
0
0
95925
0
0
3756
0
4578
110251
0
23235
0
0
88259
0
71116
43146
126447
0
40180
14248
0
0
0
859
32853
0
937
0
60973
0
83119
0
13207
125914
86176
93190
0
0
4673
890
0
53980
0
0
0
778
0
6172
0
48299
0
55703
0
76866
56233
25786
0
0
0
0
111600
0
23868
82041
0
0
122957
63798
0
5088
29221
0
0
0
32206
100871
64720
47797
9450
100189
0
81867
0
6255
102516
0
0
2113
102668
0
79873
0
0
0
0
0
0
42107
0
70962
0
0
0
0
9014
39883
0
0
12301
21562
93365
70185
70078
0
31470
0
39849
0
108537
0
25502
0
0
32586
48419
0
0
63634
0
0
30857
68670
74068
32401
95384
0
0
0
0
0
8573
0
0
17287
0
50639
10954
24906
4394
5045
13055
0
0
122989
0
53302
0
109733
0
0
0
0
4826
93620
74435
112415
0
0
0
0
107117
102271
0
1976
31072
1089
0
0
0
0
40781
33785
13085
0
52200
0
0
69914
0
0
67454
0
4407
25208
0
0
72149
61554
2749
55792
0
0
42325
49730
0
45518
0
0
120923
0
0
117095
0
0
15858
36881
53153
0
0
0
0
0
0
29171
0
2062
15856
24081
3330
0
32607
40643
0
111546
23669
48028
0
36293
28534
0
87011
85400
115209
0
0
16220
0
0
28327
62550
21823
14804
0
383
31009
529
6547
0
87367
0
41896
14605
0
2345
20537
0
0
0
88789
0
107598
19931
70441
0
0
0
46959
0
0
57935
42295
1240
0
122118
7424
35752
0
0
0
14182
935
38392
0
3666
0
0
0
15378
51115
15030
28209
33485
45534
33785
65929
48521
27541
0
0
21732
56027
52137
0
525
25327
78575
0
44633
59777
0
46380
0
0
6893
0
46023
2476
0
0
8752
0
8312
95142
46475
54306
12296
0
7422
80380
0
66324
93328
0
0
16942
0
0
63490
14963
64015
0
66579
1
0
32356
28297
23790
3288
12617
98156
0
8513
69674
73516
0
27503
31937
11405
16393
0
63305
13195
27677
7629
0
111562
0
447
89116
0
93942
0
114001
1195
0
0
3349
0
24290
0
0
6336
60983
0
0
0
0
32941
0
0
124380
1809
0
0
82091
112122
24677
61724
99806
0
58699
73535
1230
122087
95607
83876
0
91269
110947
0
33927
32284
99471
13136
106194
0
0
72959
104862
59283
127447
9235
0
56223
0
3190
100330
4791
30535
115743
63567
0
0
0
10303
0
49819
79395
60158
74972
100913
70511
18573
0
36888
31806
0
49527
216
0
0
90501
114079
72278
1460
9475
32634
0
60369
52128
3505
5795
1508
0
94613
58115
0
0
5022
0
94869
0
47445
43367
0
0
10012
3863
16382
10241
114076
0
0
0
0
15472
0
0
77336
2760
102170
0
14357
9982
0
0
0
55074
44639
100342
9578
25525
0
0
0
28957
0
56575
19669
3443
0
30891
32544
0
27776
0
6560
9500
0
0
0
44197
0
0
69904
0
0
46914
69699
11769
0
79638
63667
0
85065
0
16503
0
0
13228
0
66329
100040
49010
0
17148
0
0
503
13502
0
0
61615
59945
0
0
12634
0
0
85951
0
0
0
65872
123068
96481
0
0
107750
0
2716
0
31669
0
15900
54554
3435
32795
72797
0
95158
19771
11625
83971
30106
37154
0
12352
0
89170
117583
0
106625
0
0
30522
0
0
49495
0
0
0
865
0
12624
0
0
0
0
0
79897
24177
31632
0
16084
121138
0
33875
4469
7741
0
12843
0
1717
2524
0
0
37122
0
0
0
0
1171
0
2851
4883
10163
0
0
0
0
37466
0
0
53612
60470
0
102140
0
67167
0
83459
0
122833
129908
32269
0
0
45366
0
103322
0
0
0
12855
7390
3525
0
68663
0
0
16985
61356
0
11261
0
0
0
3281
16827
2418
8903
0
32238
0
0
124706
0
0
0
15642
0
90444
105756
83693
0
11637
0
45288
16357
0
33105
493
16506
9105
0
11411
114727
83442
118979
0
42266
89717
0
0
17647
95757
0
9368
0
0
0
111485
0
7629
5142
8219
81914
0
75350
34901
0
9811
0
66763
0
63020
90833
0
56960
7429
52216
0
0
129931
0
99780
87122
40755
0
47601
36360
0
28949
1341
3400
61754
68146
0
0
59652
880
0
89331
112250
0
0
0
4263
68095
10330
85569
0
20516
8206
58302
0
10623
46517
8191
45372
16188
0
11759
0
0
64366
0
0
0
0
0
7104
0
0
0
40158
2225
0
0
33884
7685
0
73421
0
19646
1512
1776
0
36688
35932
119821
21446
0
47370
0
84180
0
15960
67253
0
4408
0
0
0
53153
0
82435
122345
126755
0
0
0
97199
57054
125835
0
0
0
113020
16130
103175
5198
36964
65666
0
0
67583
0
98287
15462
51435
0
78949
0
27276
33927
39937
1913
18718
51584
0
78234
3810
52318
14871
24148
0
27962
20583
0
69965
0
0
82164
5565
0
0
5887
2641
0
24250
62210
20893
18661
60066
0
127513
16834
0
0
31413
0
0
0
0
0
8645
777
0
0
101735
45408
0
0
0
93937
0
3106
0
0
16233
1016
0
48841
2098
0
0
4222
0
79278
0
54927
85987
0
0
9258
0
39530
0
0
77830
60684
0
0
36462
56253
0
25604
0
0
110183
0
0
0
2611
0
77446
0
83636
44695
37698
1230
52427
0
0
0
223
75056
6294
0
0
0
19748
79157
0
0
4859
34338
0
0
34284
32056
0
19312
0
0
12204
0
4844
0
4118
11552
50620
0
5361
34016
3755
0
0
7923
111660
0
59626
7156
0
3531
0
0
98689
118559
4819
1051
0
25601
13091
10658
85835
0
22092
48972
0
0
45530
114724
33875
63591
0
27886
0
3423
65207
0
1137
0
74073
0
0
2559
74696
28123
69726
0
26192
0
71766
0
0
0
0
0
6985
0
0
113936
11451
32844
13659
30757
49921
69429
101828
85721
6216
19192
0
0
122276
39123
55785
0
50280
78500
20640
0
1221
54073
0
51523
126034
0
0
12467
0
19219
102112
90028
15146
0
8552
0
31880
0
0
61057
21063
0
0
97148
20843
120654
86578
3275
0
0
1204
0
13345
8527
0
0
0
1800
94897
2471
0
0
0
0
40523
23249
16241
70371
9005
44823
53179
0
0
99865
0
1057
22232
55305
8177
0
0
129320
21260
78552
0
125025
129020
0
101486
123391
0
0
69102
0
0
0
6709
17553
38857
66094
0
0
5580
0
91777
38146
55411
75163
0
68929
0
0
0
0
0
79155
0
5094
16368
39425
73461
5588
112140
8491
0
3635
17123
12809
87902
0
0
0
4678
0
0
24860
47042
92422
22356
0
6278
0
0
0
0
84234
0
0
23518
0
106819
0
25870
0
17893
120274
64562
0
0
69807
2737
25449
97224
42384
26581
0
0
0
82027
0
0
0
16776
100193
20856
0
67997
0
0
59736
76382
0
61559
0
0
28042
0
125451
63340
1798
103310
0
0
3301
0
0
1917
0
0
5685
69805
1032
121876
0
121137
73492
0
0
84499
0
13266
0
60258
0
18098
0
0
0
66801
0
0
0
22074
21159
0
77271
89471
8614
0
16432
0
0
0
99586
80651
36023
2580
32024
30429
45603
0
0
114000
411
114688
27473
0
0
53518
0
11760
15221
0
0
76960
42889
10594
2252
35481
67800
7466
0
48232
12092
100554
0
0
110761
0
36262
0
100959
0
0
0
0
101516
18624
17620
125728
116209
2350
657
96336
0
94999
38027
0
1557
211
77626
6957
0
0
0
75208
91084
68168
7301
9706
0
70634
0
6652
0
0
0
55297
0
0
0
12352
7038
0
967
41499
40680
50316
11987
115354
81188
0
1806
45068
109915
0
8475
0
0
0
120187
26906
24127
0
0
78972
81950
0
0
51246
50348
28853
0
26216
14084
308
66673
0
45111
0
11215
123672
63321
0
128600
0
0
0
0
0
64612
28864
5072
16389
44561
49800
0
105861
28566
0
2949
0
0
68832
71173
0
113838
46566
0
36304
0
0
0
0
4753
119070
10883
26850
16366
617
31
0
73699
0
0
54653
0
90548
0
52239
60170
3918
86836
0
0
0
125731
11689
0
0
90179
0
0
55119
109785
91290
92362
220
27050
41322
104592
43071
54948
95792
0
0
113308
58027
0
64481
6095
0
38656
0
0
47947
17390
0
0
0
27095
15571
27335
0
0
86134
33106
116933
31136
0
101916
961
0
71232
0
3909
8623
0
105765
30510
129852
55585
60274
0
59792
128994
0
0
0
52394
122340
56004
28018
6974
14279
0
39003
38534
5429
0
57408
2339
98725
0
57993
0
28189
0
55163
11389
14783
0
0
106275
0
0
58332
0
0
5124
61562
0
0
0
23983
0
0
2322
54213
44731
0
35756
38677
0
8964
0
29331
55021
0
0
2251
0
0
87082
22965
0
13382
0
12488
38471
0
0
29882
121452
82399
0
2416
344
0
13419
32582
102923
0
0
109702
115236
7954
0
7600
68569
424
0
0
61036
0
0
67483
0
45650
14278
88912
85081
0
10733
0
86982
0
0
0
0
101593
37690
0
90660
0
121268
0
100460
55234
0
0
0
0
0
94258
13811
49823
0
47579
0
0
0
11403
0
0
63247
0
0
0
36709
8968
47245
0
0
0
30587
75740
113131
0
108111
0
90830
50000
17452
0
0
27739
0
34723
20969
21675
80204
6388
0
38533
65801
0
0
23625
0
0
117909
0
0
0
0
106031
32556
128921
74320
0
68306
59894
0
40895
0
0
45682
0
71509
11421
0
0
0
0
0
0
42189
120497
34315
112431
8475
0
10992
54110
0
16316
42766
0
7802
0
48865
0
0
99005
0
0
2279
0
21310
0
0
0
45728
0
63721
129571
24043
10838
79350
0
32506
99230
0
8427
74601
2706
0
27902
93996
0
101198
0
74267
0
0
0
0
118514
0
0
0
0
0
76627
119717
0
125774
43259
0
0
28076
0
0
0
112789
0
0
0
78539
33801
24078
0
52889
0
0
0
67763
0
0
24847
54069
38080
119864
32157
0
0
0
0
122031
0
0
76807
962
13214
10423
37654
16407
2313
54874
57681
1885
7113
0
0
0
0
0
21991
0
97256
0
0
0
20440
97605
0
11043
87526
0
35667
0
0
3734
6088
0
52790
0
74791
0
0
35033
128238
0
56232
67647
63853
0
0
0
0
0
9447
116073
74655
77278
0
0
0
100864
0
44592
0
7104
124465
0
33156
0
1187
3565
0
87786
15434
41675
0
39025
0
16693
0
112880
79051
102849
13312
2968
0
40064
0
0
646
82663
11230
0
0
34929
53570
85791
45260
0
342
109178
80784
0
7903
82597
85419
76412
10089
22888
45442
0
0
83391
126670
0
25509
76084
0
12024
13567
0
0
100439
116963
0
73080
0
14575
0
13926
97230
11435
1241
0
0
0
91849
1631
42729
0
34337
0
94459
0
26176
0
128631
0
3141
94075
0
41887
94270
0
5880
0
53423
0
0
0
8047
0
0
69304
29398
10896
0
36956
19094
10624
0
11820
3151
0
108864
65923
22718
975
0
0
0
37577
0
1399
0
37049
29121
10422
4236
9570
20138
4482
0
36213
40533
124178
0
0
3446
75991
0
0
10243
7847
20964
69968
0
0
37221
0
81877
0
0
5942
0
80436
0
0
0
128047
1521
0
0
11814
38438
0
70926
52758
11912
105060
91126
52086
50878
0
930
0
0
0
562
0
0
41721
0
32110
2681
15757
5340
374
0
0
0
121618
121074
81203
54836
387
0
0
0
0
0
34267
50692
1506
9591
66768
0
7585
16465
77123
26012
62623
0
14330
0
51574
125860
363
54782
0
0
22731
34977
90854
0
0
62909
4383
126106
0
78104
415
0
45281
49614
0
64967
75918
0
0
28567
104825
0
0
0
48614
32084
90527
86885
0
57812
0
66851
112017
0
0
10848
85504
28204
0
0
0
101665
98859
94180
20056
558
2292
12732
0
104702
4594
11497
0
121427
0
47034
52530
64173
0
85499
23095
26067
83116
75441
122685
85362
0
0
4330
94871
9524
0
0
0
32849
0
22712
21682
98164
56347
52407
36507
74217
70469
6934
67181
20337
35604
0
0
81964
128462
57029
0
0
0
129125
39850
0
0
1858
122307
3831
0
57394
8282
0
95822
21843
113686
82181
2944
0
4409
0
122849
36913
0
3913
0
76806
100140
59390
73188
36402
119832
2070
0
0
0
33750
89960
0
0
61306
50797
0
0
0
19903
61380
0
62695
0
7222
40715
103143
0
0
1989
0
69597
11484
0
0
0
42570
0
0
86576
0
0
62116
72660
37857
0
13697
0
126544
0
0
79407
111080
0
0
13193
2349
60658
45676
0
0
0
0
25107
0
0
0
121226
35955
39891
0
0
0
0
0
0
0
21675
101884
0
121960
9880
108545
0
97976
1554
0
61038
26915
0
0
24992
249
48434
103930
0
48873
117651
0
12853
11171
10393
3426
33649
81574
62846
81532
0
42311
33322
3737
0
112329
44954
82946
0
0
0
20233
0
0
0
0
0
4404
0
8270
99924
0
29215
22805
0
0
84105
23321
31418
34039
1546
17863
0
7563
0
7024
0
2234
0
0
0
6643
0
2030
0
0
0
5405
87611
19568
0
0
99908
49853
510
22539
36621
1133
899
0
125360
54742
159
4946
0
1177
0
60665
91092
59684
58922
0
117864
83364
0
0
27852
0
0
0
71146
0
0
0
22083
0
0
0
0
92024
0
44869
0
77237
0
0
0
0
0
5986
43893
63944
0
56137
26532
126219
0
40
12207
0
0
115968
5914
9274
98520
116239
0
12522
49473
19818
4295
11701
12738
0
0
1143
0
6853
103044
107097
114930
36096
18585
0
94326
0
57483
0
0
110104
47210
20715
0
46563
43991
0
137
0
114150
0
44938
0
0
0
129940
125492
3617
0
25829
21730
0
0
63745
0
0
0
11505
63617
0
0
0
38048
0
13102
32082
126187
83356
29134
18628
0
0
2773
41840
19231
0
0
0
0
77126
0
0
32324
0
0
25553
0
0
0
63591
21625
0
7832
90430
0
0
53415
0
0
0
7122
0
123171
0
0
0
0
1260
0
129697
91918
108547
3417
2343
0
73285
27511
0
0
0
0
0
60077
8286
74253
0
46657
34933
6631
86270
6695
74256
110349
0
0
0
49516
0
29756
648
7851
10126
39299
10631
83168
0
8547
122851
0
0
0
109594
0
75646
0
0
65704
0
0
30341
0
0
0
0
74806
0
0
59133
0
0
4701
26028
26456
0
0
19925
3806
23570
13121
105523
0
8281
85711
21844
0
42942
0
104843
52188
17999
659
40469
19760
168
19078
73843
0
60270
14429
0
0
54915
17692
5975
8507
81533
0
0
0
0
6281
0
71090
0
0
63922
0
0
76208
0
93533
109400
0
50167
11409
57096
0
0
58696
22390
20914
125637
1321
37513
4001
4325
0
49112
0
0
65444
0
0
32783
0
0
100795
0
11370
42143
79233
61164
0
129013
0
0
47631
13621
2473
6334
78015
53449
0
0
5583
55241
0
27229
0
0
18836
0
27698
27089
99576
90186
60122
0
0
0
20199
1670
112211
55361
99301
0
104293
69823
0
22542
37128
14266
72547
0
77113
0
37145
0
0
0
0
56402
0
0
0
0
90653
0
7853
0
0
0
1810
0
4660
7791
16478
96355
91887
52371
0
0
0
52372
88727
111083
0
46745
98209
0
0
77599
35158
0
0
73446
0
11541
12867
82511
93402
4507
18111
0
117372
0
0
74486
127059
0
0
12873
37174
0
0
0
26280
123144
0
65575
41419
0
0
0
0
129457
0
0
21396
4871
0
42038
0
0
0
33435
0
5754
0
0
62582
0
33122
0
29916
2661
9249
8252
0
49800
99550
0
0
18501
0
0
101052
0
0
0
52704
0
0
0
115969
0
33908
12224
0
88526
8450
99062
0
37840
7403
39893
28387
0
0
22292
6565
0
8551
0
0
0
20301
112526
0
1065
0
12132
0
0
0
0
0
0
13708
0
101240
0
128979
20524
94630
0
22713
0
71912
0
45711
21774
12299
0
17252
55976
0
71567
0
8686
15283
90623
0
102653
122970
120522
47562
0
27199
70567
0
0
41896
127656
113329
83061
123040
0
0
0
5990
0
0
0
0
0
0
0
0
59745
0
0
92106
0
73558
0
8807
44434
74166
0
0
0
433
45256
4236
47720
0
896
125209
75356
57507
0
0
0
0
3369
86629
0
46911
0
103085
2961
0
0
0
0
0
0
4635
54087
0
0
0
0
2582
21198
0
0
89917
113087
0
0
35053
0
0
0
0
0
0
21681
19012
37324
55163
0
0
0
0
62995
0
6850
75648
21636
10162
58384
0
0
75721
0
49634
0
97306
56147
129694
0
77547
0
17965
0
0
1883
0
0
100992
0
26992
0
39939
0
0
16608
91274
44048
0
0
68206
31156
0
0
0
0
890
0
0
0
0
0
0
50941
0
114357
116575
0
0
0
12060
125527
29175
0
0
104809
0
0
61213
7831
7001
110095
17691
10627
0
2465
0
0
0
1976
85653
114660
0
64484
18008
0
0
15097
3096
0
0
0
90371
2098
0
11092
0
0
0
96671
0
108987
31197
120235
110627
0
0
6653
97587
7345
67501
0
68040
4654
45127
58667
76735
5210
14961
30014
94562
29547
0
0
0
79760
35963
31709
10535
127578
53515
0
0
0
58211
0
91978
112829
0
0
48387
0
0
108134
0
72148
7604
0
0
70454
0
10896
0
0
15808
0
0
103632
93125
0
0
70761
57645
0
107134
0
101429
77869
0
0
32424
0
76878
0
0
0
0
23750
21776
111275
128117
0
0
28404
24570
58283
0
0
0
74818
81510
0
0
509
0
0
0
41900
0
81189
22768
3041
113231
37631
15823
41362
48411
127506
60378
0
55400
94719
54599
0
0
0
6194
0
15093
18013
0
26457
67543
0
67317
73480
27331
62933
85495
0
42647
35742
92240
57251
93277
0
0
0
0
23316
0
119175
41796
0
19979
0
0
0
17637
0
63989
11774
0
0
0
0
0
0
24396
52431
0
23249
104014
16218
0
44694
93435
0
13136
23924
81632
0
59944
0
0
11955
90767
0
0
114336
0
58342
0
0
91972
0
21487
0
0
0
2566
128704
123767
97084
11928
91410
0
49353
652
0
18353
0
10808
5883
0
8488
89389
0
84393
40864
37940
0
52222
55101
0
0
12967
0
110339
0
0
15922
0
0
0
0
63597
28695
0
33194
28051
25518
36338
0
0
82842
28336
0
63074
0
0
37055
9338
0
0
33036
116836
0
0
0
26059
16810
36005
67320
0
1947
0
0
0
125183
51779
28890
81617
70581
0
98502
76034
0
38933
9075
46938
95705
0
0
14167
42846
0
81064
0
0
13974
0
48165
0
0
2780
0
0
33099
71787
37511
123127
0
0
86145
34146
116195
38308
128660
95485
73128
0
0
86270
118301
0
0
54458
9268
41585
73802
24302
0
0
968
2533
0
26451
18675
960
0
0
735
17484
858
4202
0
72823
76344
0
0
7347
0
0
0
18546
9117
5512
118644
0
28068
56415
44278
17535
4352
0
120534
0
11194
0
66615
29984
0
0
0
79336
86746
11996
0
2936
0
75
112329
0
286
50350
0
0
66425
4814
4746
16030
1008
26557
111603
50387
4670
0
23196
13496
0
18665
19184
61714
0
105299
0
0
32372
51933
0
120044
97762
30680
0
2118
2066
0
93909
40278
78102
96218
0
11505
38632
0
0
0
0
75462
0
108957
2214
0
53029
0
0
43875
0
0
26421
128637
53145
15290
0
0
0
17983
0
105682
0
0
0
0
0
23390
115256
110488
12298
19827
0
123258
121196
11393
14533
72771
0
0
70619
102125
0
65294
5870
10905
60142
5159
0
0
65782
39985
0
46229
34217
0
8467
68872
92096
0
0
0
0
0
0
11122
0
19949
0
0
24664
0
0
88286
44803
118355
0
73357
0
15062
27326
29986
0
88755
18930
34645
0
24804
0
11014
0
29260
2023
0
35468
0
118545
21655
123284
69865
83809
0
0
15861
15762
0
0
33871
51488
7581
0
0
43369
32505
40720
45737
0
0
128207
44844
25341
0
0
59678
0
0
0
115813
0
0
0
0
0
0
25574
0
0
0
0
32485
0
0
38572
15868
0
3576
0
0
4783
100475
0
74616
0
0
1036
68578
0
42860
0
72585
49716
0
18786
4
0
10642
4130
27206
0
0
69162
17404
302
11687
17574
6686
32404
51363
0
0
0
0
39105
128449
10244
0
21516
4307
0
0
0
23063
4717
43050
55689
0
0
10343
0
0
23723
0
103589
0
43519
6967
86692
0
4536
0
20991
114861
17313
0
65403
23003
114814
0
0
0
0
0
21986
427
0
23810
22098
0
0
44935
126678
12358
0
0
0
129176
0
123538
102219
0
26425
71986
60158
0
0
0
58342
0
87461
0
0
63463
0
81640
4532
0
0
0
62189
0
0
46257
0
0
0
0
0
0
64225
106677
0
0
0
0
0
31277
3094
0
66758
5844
80941
0
112604
0
0
0
77745
45201
64193
0
115314
1632
39384
0
0
0
73449
0
0
0
62359
67079
97
0
51506
46697
0
8901
38434
16086
4475
112916
77240
0
0
85315
0
26133
3861
12953
0
0
36151
0
62169
276
0
105916
21115
99788
85738
40225
8021
31169
71574
53155
25565
2853
106736
65952
6430
0
0
89016
16813
0
59218
88549
6496
46720
14169
0
26080
0
82065
38278
27909
11816
0
20842
0
0
0
0
109718
46760
6016
0
12673
33768
8553
37419
115311
54219
0
80541
0
113728
51747
124760
38394
0
0
0
49296
122660
9328
119937
0
91256
6204
41960
69286
7386
0
80651
21901
0
0
0
113626
0
0
19828
0
0
0
0
0
114325
0
0
0
5823
124807
0
4612
28456
29095
0
58237
125720
0
0
65389
0
94513
99840
13410
96020
0
0
0
0
0
57272
87641
0
91124
31275
31485
40081
22092
0
0
82428
19006
0
26935
67216
10291
0
0
121849
1637
17900
30624
0
0
18039
0
0
2749
0
0
0
73882
0
0
733
67817
62002
4832
93322
3661
80229
106239
0
0
3859
0
11431
0
0
0
39558
0
0
13959
0
6999
0
75857
0
0
120633
0
0
72181
0
2410
116028
3241
16915
0
82375
2369
12807
36088
0
39540
0
77444
0
0
3637
111051
113039
83240
6189
47685
22212
53548
3396
0
96735
53884
0
30327
0
0
60683
0
0
0
0
0
0
0
38732
6380
119544
6212
0
0
23313
7052
0
72226
60511
0
31886
84382
124593
58553
0
7091
0
80107
0
0
15960
58616
0
10173
63146
0
66744
61285
5617
0
95642
0
0
19749
58842
0
6189
0
0
78962
0
13822
14768
33634
0
98956
0
3609
0
24619
96673
73016
126122
0
6483
14915
0
84277
121197
0
0
33481
100916
9084
0
0
0
49142
8541
39260
0
50403
0
19628
55583
0
34056
26572
0
4239
0
0
0
81696
31303
69976
128407
0
0
13321
7979
0
0
4878
0
79756
2872
0
26778
15316
0
0
0
2158
86227
0
0
93303
0
73263
30322
0
0
70258
69797
31323
6322
0
0
0
73424
7889
0
95906
47210
0
22448
10406
107216
124029
36356
0
122680
0
0
88816
29692
60751
72353
0
11708
0
0
12301
0
25765
15150
11398
33632
83895
0
39325
0
40280
68869
0
0
99411
3846
6135
0
0
0
0
0
0
32659
13817
0
100526
0
2272
12602
2739
1531
0
47045
81378
56023
0
5869
8696
24906
101426
0
0
0
0
87664
0
36509
0
8542
6516
0
0
0
0
46456
0
0
19218
0
0
0
95821
0
0
44694
34416
0
0
0
105886
0
39374
88139
0
63373
0
23050
0
34005
93207
81317
11674
12660
109099
121043
97569
6857
0
50085
15461
52943
2930
0
0
0
59609
25710
16017
0
0
2987
17324
3435
9091
15831
5993
0
1968
0
93690
122471
100132
121962
0
111999
0
0
0
0
0
0
50313
31363
1935
0
17181
0
94106
0
102047
0
12295
0
0
84231
0
0
127458
0
79108
0
31000
9713
0
0
2513
0
11984
0
71252
0
31160
0
52140
0
560
4238
39052
1034
113051
0
79204
18866
8129
19737
55962
0
0
5364
98103
0
0
48237
81271
42570
0
0
18765
38305
15706
72030
29478
30899
121126
0
30825
26083
0
4455
0
91520
7358
102741
0
0
74367
0
123237
8342
25297
0
0
27130
51104
0
3283
108697
16231
41201
0
116566
0
45525
110121
54274
76560
76881
0
0
0
88948
0
0
0
0
61725
9253
19420
0
22372
0
101793
98208
0
10614
108502
0
0
59381
11629
82726
89326
92720
0
128473
0
0
75109
8449
0
79116
76492
11117
72567
31957
0
0
63838
0
0
48174
16701
0
0
0
0
37717
18044
8529
0
0
4121
0
88529
6388
29653
75211
41220
0
90280
0
18371
0
0
108405
0
0
9358
41227
0
25833
54022
0
10614
0
0
0
84443
9516
0
78293
510
0
46156
98383
0
13049
73107
50408
0
40895
31580
0
1516
72289
71906
52784
57320
0
0
93508
21862
125832
0
58299
4430
109265
85251
117189
0
9060
0
0
84421
103757
1438
0
0
0
124393
20852
0
70575
33564
87168
32303
47843
23949
91512
16054
0
8686
0
0
0
3834
0
2846
39634
107652
0
0
12482
0
0
0
0
122186
7073
115542
5605
31550
116302
49649
0
47716
0
29322
0
70629
0
0
23406
0
0
0
0
0
4840
0
0
0
63557
0
0
63447
25105
65516
121411
0
20531
0
26584
0
48645
0
0
0
33139
0
0
57583
0
21632
20089
67300
0
0
6684
64051
0
0
0
0
0
0
0
0
108060
3979
75164
0
129033
6972
0
0
0
9973
0
25793
0
8735
25066
32740
0
0
6490
4534
26817
34799
66907
27182
73745
13083
0
0
0
0
0
0
0
39900
0
57565
50017
0
108359
110356
35201
8049
127141
0
0
0
0
3191
68897
0
121623
97786
0
12788
0
0
56537
18997
15600
33656
67031
0
8128
0
124591
129689
106347
15247
0
0
9614
10980
117434
0
62457
117226
0
0
22371
0
117575
0
0
51920
0
0
296
10987
0
0
0
0
25029
3020
0
122794
0
0
53509
32045
0
5379
2408
3902
126109
100673
99248
0
0
0
45631
0
17871
47039
21250
9826
0
72936
0
22497
39364
10012
0
117164
0
14801
70784
0
6353
0
62754
0
94129
111729
0
0
0
0
0
0
1244
0
38104
24035
0
30373
0
36144
0
5460
0
0
3527
98029
105125
0
0
24651
0
86992
0
120460
92451
0
37652
19919
0
59597
28154
119214
117853
8948
0
0
24019
0
13208
27730
0
0
0
0
72074
0
0
0
0
18438
36113
0
96217
0
34952
0
2943
0
0
11453
13611
0
3185
12834
0
0
25583
25503
0
0
122759
0
5457
0
73243
108249
86238
60693
0
22282
108482
92003
0
45789
0
34520
6892
51641
100124
0
56602
0
66517
0
12830
6428
6304
5298
61007
0
22629
0
2886
0
0
64499
12351
0
3915
23006
114690
0
94118
0
95401
872
0
0
0
114979
0
0
0
45183
3538
0
36187
6081
54679
0
83628
128914
0
115235
1480
0
0
86888
21121
125026
0
0
8552
0
96147
117007
81811
35517
0
0
57526
78415
0
40167
39048
0
128395
0
43343
14541
0
0
0
8336
0
68967
11442
118313
0
18398
0
28976
46467
55421
3524
0
37374
13800
0
0
0
6054
119672
1262
0
0
30913
110138
0
30477
0
0
17142
9391
86634
102980
15823
0
0
54171
13034
0
57362
0
9522
0
33789
23741
0
2096
79882
6128
0
0
0
4542
76767
99791
0
28264
104192
129101
3191
0
0
10456
104825
0
59851
53736
0
118401
9266
5221
73951
0
95878
0
0
0
0
12343
64554
2229
46700
0
0
1680
51561
0
75204
4211
104441
84409
59176
33538
0
0
0
56715
116072
0
36662
0
0
862
0
19348
0
110602
12199
3458
0
61321
0
23686
0
107282
0
55948
0
50379
428
83049
28851
108785
0
108070
61411
122651
0
0
8299
0
0
40415
0
15728
0
0
0
24706
122978
3189
0
82677
70658
17654
39192
0
0
0
115476
124407
0
15446
0
7392
23164
0
0
0
4596
0
5833
0
0
2949
51858
0
0
0
27106
43630
53248
0
83590
16183
53747
29249
61085
0
0
77454
17154
36765
17304
59478
0
0
14187
79201
35862
80402
36032
0
0
0
24683
0
3600
62486
0
41044
0
0
0
0
0
13815
0
42115
23826
0
28069
0
0
55852
0
0
2958
11051
0
0
36268
28180
45273
94392
34072
96500
39817
127185
28192
36416
0
58257
0
56071
0
67290
0
0
0
0
3764
2518
0
31486
0
74941
10315
0
0
18104
24392
0
0
2766
75865
0
118128
49362
14705
8187
0
42
0
0
1082
69851
0
0
0
0
20290
0
11291
44034
83618
0
2748
13655
0
1917
0
1373
77990
0
62478
0
110585
5819
0
0
19935
0
0
61307
71237
0
109318
0
0
16755
86113
10161
84263
0
37428
112345
34745
51313
3494
0
0
0
0
0
0
0
36565
10537
0
7180
40635
0
2626
0
0
0
0
1872
110273
84818
0
98894
100718
0
0
0
67721
62232
48870
57121
0
0
0
0
471
26406
21222
20548
43676
18688
40222
0
108916
0
16952
67144
4508
0
38235
10573
0
0
0
0
0
0
0
0
0
15994
4584
0
57373
113598
10711
0
124929
0
0
34820
57420
79691
0
25792
0
6968
6855
0
0
128872
6406
100562
32143
0
0
41249
3961
0
0
122048
0
0
35915
0
6000
0
42687
84160
14834
0
0
0
50078
0
910
0
9332
0
0
90168
9430
0
28712
0
0
0
0
0
0
12847
0
51771
0
0
21654
0
0
8060
61193
0
0
0
90225
12246
1026
0
0
84141
80049
52200
34519
30158
17353
80202
0
53632
66130
59140
2792
0
0
7973
128497
18398
0
117242
4152
12926
0
23456
0
94936
94110
0
0
0
49705
73803
0
0
0
0
0
0
112493
0
0
0
0
23448
0
10565
125792
6981
9251
4967
0
0
71035
34101
0
0
70436
0
3939
0
2061
109459
29268
0
93554
37756
0
104953
82187
59609
0
0
0
10462
0
16057
12746
0
0
27159
98191
0
126359
105388
37633
0
55643
0
0
0
11148
0
0
0
0
22253
38978
104944
0
84173
0
1662
0
0
7367
0
0
70747
0
0
0
11637
48034
0
0
45003
76518
39173
77528
17954
0
0
0
39057
27386
116845
59574
11260
1588
89599
0
52418
77858
34794
0
85872
0
0
0
40618
122667
8048
24801
83812
347
123273
0
0
0
54147
0
0
0
0
24539
0
9039
4926
0
0
4409
42554
0
107544
34325
0
0
38955
5987
20690
75389
35461
0
74587
24253
0
67066
59421
115191
0
0
39105
101174
2432
12251
0
0
0
124546
0
43287
94503
0
0
0
26266
0
1884
0
18134
119776
21668
699
0
0
45483
0
0
0
43469
0
94654
59740
104210
38193
0
0
0
110965
0
64429
15223
0
110731
0
20945
0
0
0
14306
7115
21893
61373
56563
0
0
8993
13156
0
0
26755
49717
3214
10895
0
39686
74097
0
0
8522
0
0
77583
41200
17956
0
36432
0
0
0
0
7037
0
0
1390
0
0
22467
0
6403
0
677
95574
0
39764
42735
50001
0
76027
52636
0
25923
0
3060
53660
0
8729
0
73512
0
55838
10255
8784
103294
44102
22375
28695
29097
91023
0
90834
0
9066
47809
0
0
0
0
29158
20075
0
0
0
0
18094
0
102077
0
37573
33670
22555
0
0
121105
0
11104
0
95120
0
0
0
0
53760
0
28614
11680
26708
0
0
0
0
61539
2552
0
57306
0
0
40489
0
0
20677
0
46206
118708
0
0
0
20041
41571
0
45510
7927
50136
0
59161
42762
0
0
4766
0
0
0
0
36914
13148
18006
0
15554
96994
111611
0
30982
55221
84988
0
0
2748
0
0
39580
0
45470
0
0
0
0
116361
94355
32429
94875
0
20079
40216
18632
975
35864
17655
36767
42854
27073
0
22705
13389
0
72784
8554
479
35731
110223
0
12744
0
70712
0
0
25045
99890
73219
0
0
70406
88790
1157
43221
94977
0
0
0
0
0
0
3921
60208
88093
25757
11243
0
77689
0
4799
67349
0
0
0
0
0
83788
0
0
0
0
37652
111868
22540
18299
44274
108074
3138
83021
0
0
0
14142
16177
50774
0
0
7115
0
0
7138
0
74886
110570
114018
127397
0
28699
0
108053
96784
15910
97657
0
33073
15797
12469
0
19155
35797
0
10103
68860
40156
0
65026
49553
0
7620
0
2480
108056
12730
21690
7882
0
0
12485
1023
97913
39793
0
15761
14253
397
0
0
74337
21796
0
0
15870
20807
6403
3033
29240
0
34798
57992
1966
0
77777
0
5767
0
0
0
125653
6715
65972
7612
0
7229
0
31978
0
0
0
0
10621
18001
0
0
16212
90141
30203
22979
19721
0
10435
2270
0
56078
0
17658
0
0
16464
0
41417
0
9583
86716
0
0
571
72707
0
0
5433
29634
18334
0
0
0
96134
113143
0
22037
0
0
92936
21061
92593
94334
0
33630
0
0
0
33403
0
61279
0
18954
46414
0
41302
0
94381
0
0
8183
6533
33910
50550
42606
0
129165
0
86352
0
391
87750
0
12237
44381
79843
0
0
108674
0
25304
36864
0
0
37768
37035
6379
0
0
0
61539
7204
0
7033
11701
115490
0
0
0
104960
0
27130
0
0
0
61299
0
84840
0
52822
0
0
45546
115500
0
1512
0
21739
83142
0
63948
0
0
0
0
16911
0
0
0
70882
0
0
17484
18049
49270
7870
4399
45770
38018
0
13493
0
127090
27642
128594
0
0
0
0
0
0
0
0
0
24306
93590
0
0
0
0
0
0
51152
100777
31628
0
26539
22232
108425
0
60569
77551
52865
0
0
0
72409
0
0
0
22883
20124
68788
8262
0
0
116019
0
42985
12603
0
98052
35436
78828
0
0
0
0
0
13656
0
0
128108
0
0
0
13392
0
0
104296
0
54583
0
123793
0
30721
0
0
46084
34378
0
0
33940
0
17580
82491
0
61141
128472
117541
74171
0
82149
0
78916
0
67870
93018
0
78251
25070
0
0
0
0
0
13279
0
67082
41263
97342
4608
0
0
0
53112
0
0
7551
0
6765
73768
79322
37070
0
36091
79924
84061
41449
64859
8399
0
0
0
0
18353
14153
0
11140
8766
48345
264
32330
0
81090
0
5713
124875
0
74107
49328
36159
0
2343
81922
121055
0
29261
0
39286
49364
0
0
0
0
48026
0
105803
40783
0
0
76311
33917
65246
0
0
23387
96957
0
1236
0
61837
63083
98112
0
92524
0
0
0
79692
2348
0
0
0
0
0
65837
96043
111678
0
0
85251
0
0
29124
0
0
102579
0
0
0
4480
64129
0
1912
0
73950
20323
0
52252
0
10397
94198
0
36133
40323
1472
47319
0
0
0
23933
0
0
20682
710
0
0
0
0
0
37034
74338
69173
0
0
102407
0
115096
69749
57762
0
88474
42764
0
0
121690
0
0
17359
0
0
42271
98044
81410
0
23755
57172
26910
3936
13379
0
100147
0
51128
120222
0
0
0
0
101759
0
0
0
0
7412
0
27499
0
0
14236
2934
2837
1744
0
12490
70843
0
0
21981
0
63644
0
0
61129
0
17627
0
27003
23713
0
94826
2175
0
9298
0
0
18405
17456
0
24712
29154
2388
0
0
0
0
43352
50281
73495
0
3300
0
0
56624
31789
27931
4764
1562
0
26776
12532
0
11403
36867
0
0
3410
0
0
23499
0
0
0
0
40635
13497
97722
0
0
95475
0
19735
89189
0
0
0
54867
0
0
4320
3972
6124
0
45333
0
35996
0
0
116251
46863
71466
31406
12789
36628
0
0
4519
0
0
0
0
0
37682
109654
67555
0
0
0
114916
0
0
0
59
0
0
0
25248
98675
21596
72495
115657
0
0
0
0
34661
17489
0
948
24727
110251
35946
0
95219
108525
31551
0
90758
0
48118
0
49100
0
0
59270
0
0
15562
92843
53820
54829
0
0
69353
35575
0
85209
0
0
90959
0
0
0
0
121516
40066
0
15137
0
0
11016
37243
116498
109356
58303
0
88208
41337
76002
83196
13664
64766
70399
16322
18002
0
0
0
0
96087
8194
11777
0
12032
0
0
0
2770
74695
0
13197
0
0
111532
35126
0
0
1565
0
47519
9977
0
0
0
31586
62923
0
0
55287
0
12026
8564
0
51398
0
0
34002
0
4594
0
98069
0
0
0
0
0
0
128465
64164
0
3850
0
7822
0
0
112650
0
0
116607
30885
118214
0
607
0
21761
1793
24665
33014
0
18093
74560
6782
0
0
14814
0
77212
46580
0
87703
127705
0
0
0
88843
128183
0
11635
6537
29823
13823
23815
0
0
40082
253
111416
0
0
68835
66582
95397
0
0
0
0
18542
0
0
43560
2918
0
674
19303
104637
10959
75639
2612
0
19942
109209
1248
0
125114
0
0
8729
8794
2433
0
0
21084
0
26120
0
0
0
0
0
100907
99853
35796
53704
0
0
0
65304
126482
0
0
18825
119002
0
71572
3860
12000
0
0
44217
11365
5082
12765
0
0
0
0
0
31173
0
0
6994
83279
79461
0
0
0
0
12936
0
0
0
31706
67337
0
67221
129799
0
0
392
0
69517
0
25079
26438
27021
0
37989
64772
0
69119
0
0
36656
0
78357
0
527
0
11454
0
0
0
0
0
0
0
28100
0
13128
0
0
0
36457
0
38717
0
0
0
1778
516
0
0
13000
0
110271
61234
59481
0
44462
0
0
0
0
0
9042
95295
0
13956
20719
4402
0
21391
0
32080
19793
4338
0
0
2479
0
95405
0
0
0
29506
370
0
16194
0
44457
0
0
126552
74317
20458
0
0
0
0
0
48566
44894
48306
0
0
8482
0
44839
0
0
0
0
0
0
0
47207
1727
0
0
0
0
0
121942
24279
126131
0
52550
0
92746
0
11422
11698
19372
0
112913
0
0
0
116491
13748
18391
0
0
75443
90996
22878
63615
43284
124404
13255
0
11940
122725
126728
123842
0
79104
23054
0
0
0
0
57316
0
13702
78761
0
11209
27948
0
55315
0
0
0
87969
0
0
0
0
108635
0
0
14051
0
0
65268
41634
0
25980
0
24635
7548
56914
77047
89857
0
58949
0
0
0
0
69231
75117
99645
49291
0
28432
50426
0
771
76101
10246
0
113188
0
110881
0
550
111257
44998
7691
61384
0
0
41940
0
12776
100624
37467
0
0
31678
0
0
33966
115820
0
0
0
51201
103348
0
37146
0
0
0
0
48165
97593
14460
0
1722
24224
0
0
0
0
0
13614
34360
19154
116758
5369
0
1122
89081
126422
0
35611
0
487
0
73437
41602
38371
0
0
63221
0
11340
0
800
74721
2732
14170
93954
79152
0
52205
79932
0
100168
110067
0
57086
1697
0
13986
50378
0
25386
0
0
0
0
20899
67876
30970
104621
107624
45555
2197
0
0
6086
0
16266
0
0
69946
5529
17616
8502
0
22
0
37649
50657
0
36914
2529
6786
0
0
36229
23213
20374
60413
20088
51393
0
2454
68994
123976
127370
38241
0
66281
0
0
0
0
19230
19501
0
85785
4296
0
0
119763
4392
78475
42061
3240
0
1257
0
20571
16267
103419
72277
26089
0
77831
75803
12521
4147
0
54981
0
0
0
0
0
0
0
8135
0
0
0
0
11643
0
0
0
17475
0
31288
109862
60350
0
120203
26352
5486
0
24527
63295
45763
69407
0
120958
0
34054
32062
0
33738
106948
0
0
0
69133
18171
0
0
15763
0
110036
122437
70421
0
0
0
0
34069
31125
0
53240
0
116349
0
0
83949
101697
113530
58598
3917
106158
0
1780
43300
0
49608
64913
9855
111715
5136
46239
0
0
0
0
0
114637
0
0
0
0
25909
31010
21248
6473
0
0
0
123589
0
24196
8560
52926
0
0
0
6753
83200
0
90276
0
0
119284
0
0
0
15761
0
0
64156
23585
0
0
109843
0
78350
102377
0
47973
5390
5115
39511
53351
9089
20373
79129
58888
2475
1295
69569
72830
74880
3176
38485
125924
55921
76824
0
0
0
119369
76924
79898
36169
0
18622
17211
35721
50629
124857
0
0
63378
0
86361
0
57314
19606
99309
0
53594
88936
103232
91719
77247
114397
100312
18402
0
63151
47566
90830
0
124427
0
0
94163
0
6938
91137
54211
0
0
0
12010
88303
0
0
0
23087
0
25159
0
0
0
39650
0
0
0
29930
0
0
53294
0
0
60091
29237
0
0
0
0
38377
58549
40236
0
111535
0
31545
0
0
0
0
0
96819
6801
0
0
120263
21394
28943
48161
66463
0
59455
109331
0
19313
35353
34699
16121
0
0
0
0
0
3497
91132
0
58868
1397
22895
0
29691
5691
0
0
0
835
2677
0
0
69360
0
42560
5503
0
2126
9217
5299
34296
14370
0
0
0
56945
0
0
43215
0
0
4893
0
31386
0
113499
118206
93833
0
5931
26591
0
97589
0
0
102262
0
0
0
63464
0
0
50330
0
0
36174
81733
0
0
0
0
92620
31289
0
97595
46523
48710
36988
1944
9742
86252
3881
84700
0
55449
0
47990
0
0
63611
24858
0
80084
0
0
0
126204
83770
58404
17864
11114
0
104722
0
9039
6572
6697
126760
10804
68750
0
0
0
0
7704
5751
0
34590
126049
63231
35570
0
0
0
74977
0
0
16962
0
0
0
0
34072
0
48889
0
31997
41391
79273
0
637
6499
125721
127835
0
1083
32790
16443
53848
126051
0
108008
7175
0
52689
52555
0
22376
0
78809
88473
0
13721
7656
6568
94306
0
71559
42526
11117
77899
0
18142
97891
0
61311
81769
1004
0
8145
0
110063
0
36304
0
4032
0
32538
0
39462
0
0
120637
0
0
0
62251
0
111413
65064
0
0
0
0
53698
119172
664
43303
0
0
66174
13410
12905
47488
0
17330
0
15427
0
15006
0
0
13316
0
22367
26999
0
0
8314
0
0
7278
52306
104882
89041
112900
0
0
43010
129903
107495
0
99092
25820
18142
61786
0
90948
16784
0
2869
0
25529
114012
0
0
0
0
0
23657
67349
6067
17449
3681
60943
65326
0
0
9833
23824
0
13590
0
81217
32601
0
77352
10206
39232
0
126936
0
80647
0
7747
0
0
0
66029
0
102175
0
26861
5918
61228
0
41640
88466
75057
37315
18441
524
43843
0
0
1888
0
125175
49295
14303
10244
62999
24629
0
114046
116525
31387
51164
11728
101769
15537
42228
0
8974
20357
0
62026
16362
0
55722
0
0
106795
34083
1236
254
0
282
0
0
14190
3161
89171
0
3346
0
0
77674
78014
28516
40950
0
0
54218
0
0
0
0
67302
1756
0
0
55073
0
0
13375
0
0
60563
57290
87009
16217
7237
0
0
124779
11530
129564
0
94678
0
14277
10686
0
0
0
0
0
0
47702
2935
124898
0
13487
0
5465
59181
84011
109227
0
0
43195
0
0
15590
98637
10867
63953
0
0
123753
0
0
58296
0
57692
13636
45202
0
5471
0
10074
0
0
0
0
37441
0
0
0
36214
24493
56778
54751
41610
9760
66795
0
9419
69061
1941
0
115448
0
0
0
0
0
60440
62155
0
37470
65591
0
24712
0
0
0
0
0
0
51015
0
0
6437
17844
8573
0
0
32155
0
58981
0
0
50098
26827
0
0
35282
53507
0
0
13897
0
0
11600
0
7761
0
7295
12059
0
0
0
0
118078
84296
119940
0
9814
33278
0
69154
78830
0
18629
3279
0
115824
70509
28276
3146
70179
0
13633
0
39518
67260
0
0
0
0
13295
64806
0
83155
737
0
0
71200
0
33056
753
0
0
0
0
0
0
2947
46079
5965
0
3543
0
0
0
0
74310
0
0
0
0
14037
5802
0
19554
21852
33281
0
106340
11268
0
0
0
3898
67989
0
65875
1022
0
4367
0
0
0
4988
0
13648
0
0
254
0
0
117253
0
0
0
0
4427
0
0
36454
0
81213
12419
82572
0
74410
11247
0
0
0
105989
0
0
17863
94753
0
12307
35119
0
129487
15532
113989
0
0
48616
14883
51749
1575
0
0
0
0
0
109318
97186
19937
73868
0
0
0
0
0
8203
0
0
5931
0
48609
0
30039
34610
108525
4004
25717
9506
20614
0
24877
0
35523
89474
60394
28909
0
0
2010
0
84379
128259
11010
7688
85437
4662
0
0
45227
55018
0
0
689
0
0
49001
84843
0
55473
0
1114
0
84739
4964
116066
71059
64793
0
0
14227
108072
7047
120615
56920
0
0
0
0
0
2880
4612
83662
0
2379
0
0
0
1687
0
0
62222
0
63720
0
84362
28173
28284
39498
90769
73257
0
0
0
33818
0
0
11563
9416
0
49036
79355
0
28356
13363
13249
115937
52657
47160
0
0
0
20322
47210
0
0
19172
96999
2970
0
15804
0
0
5728
0
25013
0
41440
43160
81198
0
0
27913
125893
0
0
0
10335
38862
16180
0
5138
892
95809
10755
58269
101086
49303
0
118864
0
0
0
35958
80002
89723
4220
0
0
0
0
52667
108783
1523
29121
36427
123925
0
0
31918
121120
72442
98205
46244
2463
48048
0
56508
0
0
0
0
59872
0
53623
0
0
0
1077
12861
18949
44936
7801
0
0
0
4159
0
8339
20824
0
0
0
122707
17158
74391
0
8599
0
69829
0
117839
111399
110930
77334
0
0
0
0
11019
17091
7787
65364
0
0
60542
0
19602
0
36619
0
22739
0
0
0
129119
97375
23828
0
0
0
0
92761
19158
10719
21078
0
0
12915
1578
0
0
4954
69812
0
13041
36748
0
33247
26134
17138
0
96767
0
113639
30123
65901
0
2902
0
113815
22158
12747
8594
8672
0
28172
0
0
29919
0
43393
0
0
63615
86906
0
17609
105125
44741
72672
0
92265
0
0
44993
63772
45039
25715
7391
0
32554
116189
80878
52000
33397
0
113512
0
45050
81806
0
0
0
103340
0
19691
0
110962
77209
125359
0
2067
0
87141
87146
223
114476
4127
0
0
28323
0
65016
0
79325
0
118502
0
61349
0
21509
86315
0
2628
3041
72890
85764
82972
46998
47928
0
3603
0
94526
103290
30398
0
0
5090
0
0
0
2163
0
34505
43903
103060
0
44505
28695
0
0
0
20290
0
126350
0
0
81571
125681
18989
0
58374
0
38139
0
0
62173
120812
22140
3834
5555
0
738
0
0
647
14739
0
0
0
2089
0
0
0
3539
100447
101739
28814
60156
38866
0
26548
64822
0
19678
91384
96145
0
69747
39560
80675
0
1552
0
129310
45184
0
0
45160
57006
0
7554
0
53074
0
0
0
38801
0
49938
50829
0
0
111184
65828
0
0
14993
0
0
125085
116357
0
54287
88565
54956
2562
26909
0
0
32900
84451
0
50536
0
87709
115385
0
0
0
0
0
19315
75103
0
0
7710
0
34985
75920
0
44528
97490
74366
123904
0
23611
102868
0
0
15638
0
0
0
6083
116920
30589
2753
30939
14565
0
0
129033
0
5452
116999
0
15809
83895
26887
0
0
0
70662
59409
29606
0
25041
0
7896
0
73504
0
0
56503
0
13418
36095
0
22400
0
96792
0
0
0
309
124250
0
67442
55549
0
52696
0
65085
121191
41112
83883
0
110599
0
39973
39842
18275
0
0
0
0
26260
64671
35080
0
0
10331
41613
24952
1768
0
37566
26053
33214
127784
0
0
0
94564
0
10459
115637
0
0
0
0
115255
117117
50507
0
123242
0
58252
0
0
0
6488
122656
102931
37955
36003
54072
0
0
12707
6498
8225
83331
81340
0
0
0
48759
129739
0
86323
0
13996
0
11492
0
0
105549
0
98391
53539
84110
45090
0
21098
86095
88378
0
64053
0
14026
84257
10941
26496
0
0
21263
0
28178
0
20909
0
53459
8460
115631
19859
2486
0
3568
12763
52924
29515
36237
73972
7830
4180
46340
0
52028
0
62352
103418
26591
47483
110502
26021
0
3700
56014
0
0
77698
28410
0
0
107655
126577
0
0
0
48012
87125
0
0
0
0
1097
0
56249
0
103543
0
17544
560
0
8695
5060
73662
10711
0
12478
0
16238
0
15300
0
0
11518
0
54482
97344
0
22704
24289
0
46373
119851
0
3978
2785
0
0
0
0
45599
936
100399
101168
54097
0
42323
118249
27733
1937
818
115694
7655
13471
98174
0
0
76228
5694
13783
9729
47884
9468
120631
0
0
0
33845
14182
0
0
82521
5660
8458
16656
85419
29161
19051
0
28
0
85990
0
0
0
0
0
37922
31987
91981
7552
0
33036
0
0
0
83393
0
0
0
13572
4217
57222
36080
25767
75011
8227
20523
0
4651
61377
102201
0
18793
119924
109119
105916
111208
7158
0
93751
0
17528
13878
33417
0
0
0
35126
0
13400
31380
41385
98031
0
46998
0
5073
71281
25592
7340
0
110633
0
0
0
0
0
0
0
1406
5568
0
0
45750
0
89325
34
0
0
0
3467
44359
0
36269
0
0
0
117854
40505
0
112495
0
0
7545
94151
0
40216
18824
0
0
71758
0
0
0
22421
44519
30915
0
0
16607
0
25273
0
0
95551
0
33577
0
0
41283
58324
0
0
4989
0
89533
89241
0
39798
0
0
42354
102603
0
0
0
0
0
47819
0
64376
61590
93969
15176
0
0
0
100094
0
21934
0
0
0
75512
0
97498
84343
60126
0
0
21583
91037
47758
82378
45003
0
0
86188
16802
68691
55881
94616
12963
0
0
0
12946
49721
21055
0
0
0
0
0
0
0
0
1547
0
12387
126141
100756
87054
45050
40863
124625
0
115172
59640
0
12889
78436
0
0
24009
121762
39129
43232
50618
0
0
0
7792
44710
17095
96233
0
0
0
94501
18734
68865
5335
0
15266
0
2013
0
63947
0
0
0
102239
0
0
0
17243
125082
113819
0
121060
0
0
0
47874
1996
4043
7267
36355
0
0
748
8665
0
58889
47404
77879
38270
0
70087
57100
42193
67324
0
22798
118433
124727
0
81916
0
0
0
0
10448
0
0
6975
0
26004
117205
61572
48518
34131
44308
124264
64507
101486
0
58120
0
65851
0
0
0
7217
2773
0
0
28234
1097
0
0
66950
0
0
4146
0
10422
25991
88128
0
20796
55353
0
0
0
50592
26169
0
23330
56401
37132
0
52133
18170
0
18551
16940
77431
0
77225
104013
20047
71144
0
62411
36667
101069
14838
0
0
0
20875
25455
33038
0
0
0
0
0
0
0
0
22049
0
60962
28848
17982
40432
121477
100073
0
0
0
125765
85645
0
0
0
21302
0
0
0
41107
41141
6956
3092
17856
12548
10444
33339
0
0
113269
12423
126941
0
60687
0
0
86450
78047
59596
3685
0
100283
117903
32997
0
0
7006
0
18448
4025
28510
66258
0
636
86468
0
0
0
0
3548
0
127792
2185
17383
0
0
0
6294
78167
61679
0
73271
2427
120013
107180
31246
14937
0
97895
8259
0
0
0
0
0
0
100967
0
25118
24747
0
12653
1468
23736
10653
59984
22895
0
0
0
0
22091
21050
72648
0
107240
0
0
43521
13034
0
2799
0
17637
0
0
0
804
122897
0
0
0
0
0
0
70166
102186
0
114944
14034
95165
0
56614
0
0
5905
0
0
0
68585
55222
53732
0
12705
0
0
20617
90631
1064
0
127731
0
0
81509
72914
43462
0
84190
0
1829
0
79161
16930
11868
0
0
7465
0
10015
0
18193
5549
2973
22183
0
0
1978
0
55775
46335
0
71192
4531
0
124647
43424
753
66996
0
102305
0
0
0
0
12880
0
12262
94209
0
6176
49603
118858
7413
0
123106
0
0
0
0
0
0
0
4820
16041
0
38100
28775
44408
0
6010
0
0
127433
79179
0
88726
0
42710
0
0
0
73939
39828
0
37773
22310
60402
0
0
0
18449
0
0
0
0
49297
0
1036
0
0
12953
0
261
23318
0
0
71321
0
0
0
6633
0
0
86369
0
2860
63207
17313
0
124682
9826
126431
31863
54038
0
64043
0
33377
0
80113
15828
0
0
2269
0
50009
0
0
0
109329
0
61800
4211
0
17324
0
12337
68236
89163
120356
60969
0
120387
0
42419
60625
40206
0
0
0
0
0
0
0
3302
12544
7871
0
0
38293
0
0
0
0
11857
0
3966
68977
16687
100976
0
94652
104006
0
120609
48610
0
0
71126
7734
66558
0
13326
40406
0
69457
0
76320
0
113195
0
30064
0
0
5532
0
48214
0
37866
0
0
49125
56114
0
0
34479
0
0
0
32284
0
18618
0
40364
0
40700
54987
26178
0
115026
0
0
0
0
782
0
0
0
39439
52066
0
29416
0
0
0
41007
0
0
0
0
0
5034
0
0
0
48315
73352
0
0
111331
57824
0
29360
26887
2432
0
0
9103
41507
64360
39001
0
0
0
65825
129346
10231
102575
19023
0
0
124475
1931
24845
99926
19207
0
0
82142
0
0
0
0
14775
21328
26310
0
0
0
82557
93314
0
0
7229
0
12794
11015
119968
0
0
2742
0
70435
0
0
40641
31696
41132
346
0
12300
0
0
76435
0
0
8490
0
45860
127587
11724
0
0
15995
9364
91942
60027
60932
5327
0
117533
71288
77500
493
0
93098
46418
782
0
1332
0
0
9283
0
7779
97114
0
0
49401
41948
83223
0
0
0
68495
0
0
44625
3930
0
28418
0
0
0
94692
23202
51871
62213
285
0
0
112585
116223
0
0
22632
63956
0
0
83602
0
39817
0
0
0
0
0
29984
30788
0
0
38323
81880
4245
0
52293
15867
5230
0
0
31792
0
13859
0
3392
0
0
0
0
0
0
235
39843
0
81884
0
0
50181
0
24806
0
0
0
54811
8905
42918
86666
0
0
0
904
0
62663
125788
81667
29201
72233
0
21383
0
0
34849
0
61628
0
0
20922
0
0
0
0
0
30235
92066
0
12831
0
42989
0
0
0
0
25516
0
0
0
0
0
0
88441
0
0
0
0
0
12569
0
41165
0
0
0
12199
0
43636
1193
50286
0
24090
0
103922
22713
44738
103876
60343
0
95040
0
0
0
118214
90039
0
92554
106584
12934
5901
0
0
0
26138
13766
8118
0
92174
0
0
3916
79547
0
0
68112
34538
39118
0
1384
0
0
0
8371
0
0
0
30191
49215
111793
54
0
0
0
0
0
0
0
54816
0
118411
0
99617
0
0
0
90441
1313
16129
0
0
7021
0
15021
0
0
6224
0
46666
0
0
69604
0
44617
0
0
0
0
0
0
0
0
0
6693
13305
0
41710
7251
2332
2300
89153
0
0
79011
113035
11169
3815
0
39980
119431
0
0
0
0
0
6304
71566
107106
124
0
13648
0
5098
0
60668
116999
0
85775
1579
51566
0
0
71292
0
101159
0
125968
0
0
0
81579
0
119991
41182
6119
83001
32504
61249
20641
10411
0
1717
0
0
0
50265
0
43444
0
71337
0
0
0
8819
359
116753
5854
0
0
0
0
5180
83203
4119
2604
0
116984
81472
0
2704
0
0
0
55589
0
0
12468
66200
108246
129869
0
75201
0
125424
76521
0
62835
108724
118066
66048
36816
0
0
0
0
44907
0
16778
0
100608
1820
0
47047
15855
9729
0
0
112606
0
0
9596
0
13921
30698
0
0
0
5698
0
87777
10455
42274
0
18577
0
38373
55567
0
1927
0
59435
0
0
41089
4274
0
0
0
68937
0
0
15534
3276
84731
12969
62571
96193
109799
0
45329
113612
64109
68214
37402
104500
0
0
50809
0
0
0
102524
23127
38013
0
0
14941
0
0
0
0
3203
9229
109320
0
14394
9620
111542
0
26036
0
45184
0
65147
72749
20057
114391
69
95873
0
0
0
30639
0
0
717
0
81831
34615
0
0
0
41903
14684
0
42613
0
99285
5920
57695
0
0
5827
48759
100950
24922
0
3921
0
0
76003
0
61060
0
0
9589
0
0
0
0
0
58921
62894
0
0
11296
0
52469
3207
15733
98776
0
118634
0
110675
0
0
0
70288
0
0
0
97732
54936
0
8236
72747
70570
50008
0
0
0
0
107978
506
0
0
25397
0
0
17645
0
69086
0
0
0
58441
59491
54532
39409
32895
22584
48194
0
115519
0
49527
42734
1397
0
59504
0
72950
27072
14248
0
50749
33404
39846
0
0
0
0
0
50
15217
6465
83656
11311
48838
20265
0
0
730
0
105
0
0
0
0
123499
3926
0
0
0
48283
0
12819
0
63528
0
30616
0
64879
0
0
32224
0
0
0
119666
0
0
58069
0
104072
123192
67377
0
0
0
2847
0
0
86429
73341
0
0
16988
16323
74823
16443
37912
0
0
67450
114503
0
32545
0
0
0
29875
112082
0
0
19766
127864
0
0
116500
60145
120365
12880
91690
6106
18680
71663
40035
28622
3860
0
0
122763
58432
11142
0
24084
24467
39146
0
11820
49761
7794
66783
3826
0
0
0
0
39460
0
0
3701
69897
14088
0
21568
0
0
116196
35123
32174
29390
81875
20691
2278
8409
0
0
0
0
24188
990
35892
0
7928
74992
91504
66153
36808
48898
0
11082
28924
0
0
0
23136
88143
0
5503
0
0
0
129901
0
126356
87000
127590
73592
70853
691
35014
26721
73513
0
51462
3549
117056
63282
11350
6008
0
0
0
0
40360
0
5768
0
0
0
0
18911
45076
0
0
1730
59946
56449
92026
89243
0
115929
0
73543
1013
69232
197
45262
107754
84382
119068
111586
44787
12295
0
65494
0
0
70101
24976
18219
107437
57246
59930
0
16719
8762
83911
0
24374
0
113658
0
34762
0
0
0
0
39759
0
40385
0
12978
118
71065
31281
15080
0
13682
0
29132
91619
2268
0
0
37760
20032
21667
0
23082
26595
0
27348
360
0
107459
0
0
16948
17544
101914
6803
85587
0
64243
0
92903
29056
3650
0
117806
26772
12398
102551
61773
0
1781
0
48568
110866
0
0
89345
0
0
127726
89082
352
26901
0
0
88371
86957
86335
59634
0
4299
3600
53756
6126
44046
0
7400
477
16696
0
19664
0
62843
0
0
0
56388
17052
0
0
4883
116133
4383
43000
0
121168
0
73309
6510
2540
0
45971
100055
0
0
46151
0
126815
0
81316
54357
93297
58685
0
28243
14307
0
14246
0
27319
0
0
2708
0
26327
0
0
0
1264
20034
33024
0
0
116003
0
0
0
25182
0
0
20574
0
55293
0
75807
0
0
0
0
0
0
4241
21968
8729
0
114061
0
85488
105489
0
521
32931
34367
0
0
128978
21688
0
0
0
0
0
0
0
0
121251
23437
64807
0
0
70322
51355
0
0
66480
21590
0
100779
0
0
92685
122049
0
5089
19561
0
121290
33260
0
90658
110688
0
25867
29014
67143
29594
0
93848
0
66975
0
0
0
0
26081
128272
14797
43880
37595
0
43488
0
127219
0
103281
9715
22738
0
104319
108520
17526
4712
0
0
36139
0
27840
9060
101234
0
0
51457
0
11696
0
66213
71598
10763
100969
102746
6836
0
11849
0
167
117557
87387
12449
1801
0
0
127970
93713
115860
3590
0
22877
46538
0
0
0
0
42256
44183
1846
81858
0
41288
0
0
44770
1498
79322
23591
0
15546
0
0
22893
24384
83241
118373
0
0
0
9457
63653
0
9298
33336
0
16748
13988
0
0
37644
0
53994
7577
0
45705
125296
8014
11860
0
7902
0
62519
0
0
11348
95446
52047
0
33721
0
1257
54383
85331
0
0
61755
0
11338
26033
123659
4758
0
0
56882
0
0
13203
0
0
0
0
0
66964
114970
0
0
36567
0
4674
106497
912
0
0
7697
25005
85901
899
0
17212
0
60138
928
0
0
0
9850
2967
0
0
2058
0
73021
14060
23541
104092
0
27279
0
48525
0
8996
0
21985
4783
8833
0
19026
0
0
0
0
0
15586
24608
21676
0
0
0
59281
6291
70530
0
0
34944
0
53525
13189
0
2272
0
0
57281
61920
8717
0
0
22743
0
13306
4415
54433
40441
902
45474
5496
8482
33310
0
0
0
50302
50842
3166
110786
0
32548
0
21968
0
0
129247
0
0
41197
1873
99513
0
44035
39272
3700
2931
7082
0
2490
40779
75810
98471
6110
85057
10635
0
0
0
20748
57483
78278
68799
0
0
52345
0
0
31583
22066
17366
12517
0
33265
56933
72771
95650
84736
0
0
0
38416
2415
7948
90860
27279
0
23423
32635
0
1364
5658
92019
40443
2867
0
0
99682
8814
0
0
92367
0
0
128394
0
0
49242
0
81087
109839
4070
0
0
43162
0
0
0
43489
0
0
42990
4523
0
0
0
0
0
0
53372
30440
0
0
0
0
38869
69090
66688
46747
0
24305
16495
0
0
23640
0
68122
0
97715
0
0
31017
41628
73645
85065
78444
0
29862
44222
92147
16572
0
91903
0
0
0
45876
23273
8090
116569
142
196
0
48152
0
0
66462
0
0
34544
0
0
0
76169
0
0
0
32901
0
0
37523
84135
320
0
27654
0
94788
74836
54289
52005
75865
88893
65571
894
87334
24924
0
57135
0
0
0
0
33631
0
2823
0
43654
8975
605
0
0
0
0
0
0
0
60786
0
13702
86439
36037
105813
2591
230
0
47219
94556
6215
91305
83741
0
14203
11949
96457
0
0
0
117403
0
0
125623
0
41595
79646
0
117608
0
1632
0
22769
0
12498
59610
22859
35155
0
0
0
2641
0
0
0
0
0
0
0
0
29328
0
0
91201
0
18782
0
6180
22373
3101
3965
0
2495
60798
13374
0
17415
0
27866
0
0
33942
0
87048
83381
26185
12358
0
86258
93270
129
100040
0
126054
0
87881
2389
58257
1973
21906
49358
0
114034
0
0
0
56925
17251
79810
0
0
0
0
0
38439
0
37999
0
0
17186
109237
0
0
34965
35608
0
0
0
0
6073
82021
39411
0
0
0
13025
0
0
39361
15293
74456
119679
44547
15014
22193
97924
85132
0
0
36813
0
0
0
0
0
24630
47580
0
0
0
74992
11557
121698
23678
0
46065
94322
0
34420
108777
0
46498
0
0
0
99469
58066
0
11250
98744
0
0
102359
129509
119122
60440
0
0
0
82575
68534
46856
100986
100010
0
0
1284
0
0
0
0
0
0
0
10386
64844
49433
39017
75919
3081
0
0
2476
4330
0
0
62167
16307
0
10948
0
68767
83169
3729
0
99684
0
2126
13242
0
102800
98724
0
0
0
0
5197
26445
6725
0
31960
4557
9919
0
4334
0
0
12250
20067
42610
0
14889
0
102499
4105
0
21730
9802
77447
53926
0
36361
0
119059
0
57547
3967
92097
115422
5622
0
0
43872
47410
0
19686
0
16565
0
0
121740
0
0
105428
6434
0
34151
0
2945
67583
40206
0
0
0
0
0
12253
75322
0
13974
42235
4211
30994
0
0
14425
121795
125804
108315
0
244
0
953
55278
15301
62896
74435
96793
0
0
44919
0
4844
0
19749
0
0
118544
0
35738
55117
0
0
17607
99724
67093
114224
122614
13068
17587
0
0
0
34977
0
37744
52534
3199
3894
0
10778
0
0
0
15675
6913
77170
119
50740
82884
0
0
0
81534
32024
0
0
100633
113944
0
71604
58169
0
1180
0
0
0
12006
0
29883
24166
0
0
88230
9682
40605
0
564
46997
7677
0
93891
0
0
8014
36574
86711
61344
13062
0
11804
13621
0
0
48285
127336
626
56640
0
0
62581
0
101413
21062
0
0
100760
0
20411
0
0
0
61936
0
0
3017
0
44044
0
13718
122458
0
0
21389
9928
123707
110527
0
8292
102083
48267
0
0
31177
0
109666
37957
32566
0
0
0
77064
0
91096
95826
0
0
76280
8877
0
17838
50422
52305
0
35343
0
0
0
0
67478
0
0
89106
0
0
0
47865
3189
45077
95228
13604
36429
16660
15555
47171
1485
66174
27160
113508
0
0
4412
37503
56546
0
26687
20661
0
113643
0
0
58236
0
44198
46145
0
8368
96914
20688
0
118399
0
70862
72380
0
32985
92814
32675
6528
0
0
384
5737
120641
38125
0
108990
14444
0
57530
48873
57449
0
0
30345
29896
538
65689
0
0
0
23130
0
9373
953
6310
36811
18594
0
0
0
0
8494
92305
0
70585
0
70335
31561
54735
0
31059
28894
100120
29150
0
0
1887
102621
0
0
0
85381
0
0
25829
3905
0
0
0
74063
0
6224
1395
109517
0
0
18957
69166
39095
0
0
0
0
0
128078
65959
25079
78423
16145
0
0
0
0
73631
25427
40136
3162
0
0
0
0
19626
86154
2088
0
115141
0
72016
0
0
19288
0
34658
7692
32470
83224
0
30113
106385
29246
75985
0
73039
59032
0
858
7099
35100
0
32267
45608
0
0
0
0
0
0
0
45272
118649
0
1403
17376
0
75968
0
0
90814
0
63959
0
89503
26459
85467
1680
111891
0
0
0
0
18705
41048
0
67527
0
0
8218
0
124913
89649
0
60682
0
57218
0
0
92226
116716
13916
112006
516
0
4960
59720
35593
0
93549
26421
0
0
3854
123600
0
30109
18343
12222
7200
63268
20767
68566
40159
76727
0
1016
22224
0
99105
0
76247
0
123856
45966
109237
0
0
297
1012
12270
0
1562
22078
57956
0
66535
10562
7871
28538
38961
33622
0
2924
76161
61587
36783
0
0
0
0
0
5168
31364
64917
0
0
32873
21743
63881
0
0
0
24631
0
0
0
0
5639
119413
8802
4636
66850
0
0
2928
0
40366
0
1662
10339
27321
0
0
70671
0
86048
95964
0
20298
114689
105845
0
13974
0
68846
0
0
0
0
16580
0
0
0
0
14800
58942
0
19169
0
0
7345
63482
4640
11422
8474
0
16862
7341
17938
0
0
0
11397
0
11301
38404
0
43293
89401
72601
5275
0
0
0
0
116409
0
39492
1306
0
0
52841
0
85783
0
121135
7978
0
410
0
23621
0
21024
13799
7956
17067
42481
0
0
98386
0
100184
0
19486
9194
166
0
59957
86051
57697
0
0
17668
0
0
15724
0
81456
0
31640
40965
61193
9278
111683
0
0
23064
0
25574
1678
0
47599
64781
16266
7997
23295
0
98670
0
86985
0
99553
99017
98668
8760
0
0
0
91705
0
69155
0
114327
14764
0
10055
0
37962
21182
0
27336
109431
74999
62808
18582
0
39577
0
125144
28971
38936
31606
0
37315
72846
0
56577
52045
16566
0
52925
51049
4690
31606
0
0
58075
71639
3542
5304
56822
118301
29094
0
82378
1334
87201
3329
29073
0
0
0
129534
0
61069
0
17633
15438
111543
0
42084
0
116154
0
0
0
36962
40604
54872
12891
0
57239
77287
0
0
390
35384
0
0
71523
26206
0
0
19147
0
0
105835
0
60578
83609
65865
0
0
110370
0
22334
70588
0
83834
0
10486
7806
83435
114631
0
44322
105275
0
78173
0
0
0
0
0
0
0
22640
52578
0
4246
91769
872
2306
81327
117015
0
4708
0
0
22242
0
112610
9288
36097
0
60517
0
12374
0
0
760
1262
0
64902
0
0
123577
64235
0
0
23247
0
0
106358
9729
33
20257
0
54465
18759
5073
62627
0
34712
0
28460
42176
0
11908
6024
20474
0
0
1114
0
54490
17535
55631
32005
66140
50338
28017
42413
28084
0
73715
0
0
0
0
107532
0
0
0
0
0
103986
8782
44552
25783
8398
46526
70143
0
0
0
0
0
0
59832
0
34907
84471
59638
0
104668
46484
0
30856
6068
0
0
28851
96808
47079
49742
7641
86041
2671
66849
66260
2654
88101
286
50644
27228
57553
80486
0
16791
15659
0
61131
15849
34658
15877
118346
0
12078
18792
0
50842
984
77503
0
0
42419
0
2763
51289
56250
22746
0
0
67230
47980
8168
0
0
0
0
0
0
95318
23389
27480
0
120772
56510
3333
12095
66679
56201
5693
0
9887
0
82436
14643
0
0
0
36733
0
0
96372
0
0
111173
0
33455
80551
45482
22828
0
0
98420
41352
42840
1766
0
75566
70650
0
0
5295
0
3987
116716
0
6669
0
0
0
26686
117084
0
0
60779
54156
65342
0
86640
90219
43008
0
0
0
118788
36213
117203
5658
15720
82735
89613
0
0
24589
0
0
88524
0
0
29706
0
10816
0
0
73787
0
0
0
17621
74181
0
33305
0
13618
25814
30428
39413
0
13067
0
83742
0
116657
0
44202
79443
0
98593
0
11839
84884
14216
0
52630
0
58725
0
0
442
0
113115
0
34817
98137
0
59539
6287
24134
87056
75921
0
0
0
0
6411
113708
0
0
95245
109102
0
0
5966
0
23018
49892
30875
16689
12200
47393
19169
34167
0
84834
0
0
92881
116264
0
0
0
4872
0
680
128472
0
60907
0
79210
0
24045
2627
0
0
0
0
105932
0
87011
62242
55487
0
0
12181
0
0
0
65035
13276
0
115632
106629
0
2363
5676
0
126674
75087
30823
75573
5898
0
0
0
24430
3352
0
8646
93190
16399
0
63707
0
0
49982
37022
0
0
114753
0
0
0
19369
0
37352
72371
39871
0
119762
124173
91268
11935
0
98676
80003
0
34593
44686
0
0
35619
0
241
63820
102279
0
36375
0
0
98396
30614
0
0
0
30210
0
38
0
19049
6792
0
0
38677
0
0
0
124341
0
86614
0
0
0
0
51898
0
0
44970
0
48172
26685
4054
5102
119160
0
641
0
6441
0
28999
60480
114342
9885
9303
0
0
0
3227
47322
0
21007
13508
2471
0
36607
5513
13871
8772
0
50616
0
0
0
0
0
110592
71269
0
107291
0
0
104269
0
53443
0
0
0
0
15774
124899
3199
0
24075
0
0
0
48745
117017
67137
0
122414
26986
72471
52981
0
0
12598
36884
118019
73590
35723
23844
115172
2851
37192
0
2277
20418
0
0
0
5906
0
6672
0
6352
0
0
112830
0
6385
225
14257
95478
0
0
22006
0
11722
0
77164
45767
0
7156
94636
28422
0
9053
57055
0
0
0
0
12627
43611
35848
57611
995
0
5251
0
19982
109580
0
0
0
0
0
31911
50131
0
15556
4920
0
9120
0
99231
0
0
0
72896
0
0
0
0
0
0
0
0
0
60474
106872
0
122753
67501
8996
37264
0
45810
30564
12561
46596
99143
108180
92975
12994
0
25594
0
72564
41275
0
0
0
21125
114779
0
2372
0
0
86313
0
0
79017
33904
43407
74183
36988
55622
47932
1440
0
94558
122738
115859
0
116575
0
27011
47321
0
0
45479
23505
39133
0
80025
0
52278
0
548
0
101781
4717
0
66652
57984
10260
111107
0
0
0
0
28338
0
1743
0
0
0
0
0
0
95424
0
0
50450
18923
128907
0
111221
0
0
108578
754
0
5609
77898
0
24333
0
12048
76827
42500
22576
108194
93626
11790
0
20097
68826
49977
74676
15982
0
0
123641
0
0
0
12381
84125
52062
0
24174
28452
0
0
46538
11098
0
11087
0
85298
0
81391
57001
87003
23252
5738
29370
13779
0
84187
817
9460
33439
0
0
0
0
58392
0
55520
62515
0
0
0
49528
52913
106308
8414
10435
10344
75732
0
0
0
3114
25245
0
126995
89697
9038
94713
12569
51771
85123
60390
83180
120601
69651
0
2472
0
124440
58706
0
0
0
0
21062
0
9210
0
6872
0
52871
0
0
12954
0
0
0
43723
2211
2989
2601
50206
0
0
64077
0
0
46441
125496
635
12882
121037
82749
37394
0
0
36866
36950
0
82978
0
8381
110760
0
0
0
0
86810
0
2513
38091
0
0
37244
46386
31234
0
79032
22095
54561
0
5207
100791
0
9581
21552
0
22510
0
1745
55699
98732
5290
77115
0
55000
0
0
0
0
127736
16516
20238
44275
23058
55141
0
0
806
78063
108250
71114
3494
59223
4329
0
0
0
63638
122922
30027
60171
110969
0
0
0
72725
0
0
110646
0
0
89691
13543
12026
11558
28258
0
92458
0
43145
127247
0
39595
77042
0
51259
2310
0
85951
0
0
27827
31521
14323
21312
0
0
50821
0
14714
0
45470
0
9832
3833
883
0
6655
56870
755
20132
50745
0
61161
0
102050
25094
61032
25954
10524
12431
11733
124350
1488
21819
0
67122
0
17933
37273
0
0
112390
2606
46654
0
49483
0
0
0
37005
93519
0
0
0
54286
87828
2548
8587
6895
15231
0
88257
0
0
125530
4151
2028
10152
63569
0
0
100223
29165
67005
15259
94240
0
0
41920
127179
33658
38697
0
0
0
17424
34224
0
0
5226
0
7476
468
121153
4064
0
0
103996
0
68293
67273
24730
0
59185
124900
93808
13690
32881
11763
0
7567
48635
0
50343
0
23583
23372
0
66353
0
0
0
0
0
0
8943
0
8336
8552
13832
29124
0
0
3489
42819
4845
4153
27736
0
0
43613
0
0
0
0
73313
0
36764
0
0
0
0
10229
0
13245
76596
7306
49368
85759
0
2667
0
51589
66785
82924
0
99684
0
0
98976
0
74022
23999
0
0
11793
42795
21
0
83712
98746
2884
0
66722
0
0
0
0
0
0
0
0
40340
10057
100927
85212
9725
0
0
98065
0
2239
0
45191
0
74684
0
0
7430
99315
8712
36817
0
7875
124594
87861
0
0
2228
0
0
0
54015
0
0
0
0
54126
105284
0
6360
0
0
18661
1045
0
0
65983
18122
0
0
4300
5527
0
7762
121153
31901
0
0
1392
76036
0
23014
74901
32562
100472
98616
96130
100
40614
0
0
112113
0
0
79621
0
19097
0
6228
11281
88862
50729
115
36827
40373
0
92577
0
0
0
0
26807
61325
114731
4643
0
0
12376
119651
0
0
5554
54572
0
0
0
32051
22799
92089
129942
0
0
76039
56374
23497
0
56823
86467
0
0
79421
116545
110450
124576
0
36070
128510
0
16637
0
56032
113748
126145
0
129270
0
0
26603
0
0
0
0
0
34907
0
43569
0
0
0
0
11039
0
17592
47147
22248
0
0
0
77795
51060
33153
0
0
7953
0
27332
16101
111676
6076
4302
0
72155
127092
0
21671
45637
64236
28906
0
5688
52470
7343
0
0
262
0
89269
56039
0
44123
0
2209
68462
117607
126436
13808
1622
97425
111713
0
64841
0
18914
0
0
0
96400
0
0
32443
3297
76871
37614
0
0
0
87995
0
105336
0
14984
0
42850
0
5719
28166
0
48009
0
0
0
103327
0
35122
66837
0
0
0
46979
53308
44370
70049
32160
39875
0
0
2967
106425
0
121332
0
43457
0
50607
0
0
0
0
0
26023
37791
113972
100263
23380
1201
2897
17453
0
0
0
25563
99415
41262
2469
0
22329
0
51613
0
120433
0
0
0
12020
0
10805
56672
0
8972
0
31789
0
0
43880
16434
28942
0
0
30166
59753
58451
4603
121838
44789
0
0
97054
0
6621
32651
115082
0
0
0
0
2362
6304
0
59885
0
125906
0
0
0
107498
0
25664
21160
0
119542
127390
1041
28409
38001
0
45296
0
0
116277
14217
58188
0
0
116920
90382
0
0
5271
0
91085
97445
0
0
0
0
2798
0
82986
20406
2526
0
29947
0
0
0
0
24952
0
0
45537
88315
30178
72482
0
0
0
23106
0
100875
120081
49037
0
122710
55748
0
129880
29400
19785
58378
7652
0
54278
0
8608
0
0
0
0
102735
0
19451
1107
0
0
0
0
0
0
103772
0
0
39048
0
2556
56959
0
0
0
72060
0
0
13309
38766
5275
83987
76766
101980
76594
0
9721
40043
55623
0
0
0
0
0
100177
24479
0
35098
3873
122442
14243
13245
0
0
0
84374
12626
1892
0
33877
0
0
6745
37036
53216
0
0
0
0
44052
0
0
0
84034
24935
0
0
93429
0
0
108827
0
16315
55450
0
60743
0
44842
0
0
0
0
0
13172
0
27548
56996
15259
0
545
0
0
17379
58963
0
37242
0
0
20191
14033
0
0
39784
0
0
0
25388
0
0
47981
55751
0
1858
0
25919
74993
0
0
74302
110297
0
63823
0
0
0
120252
0
0
0
234
14872
85061
19081
95825
0
129630
12627
94034
559
0
1410
16606
751
66932
0
0
15041
51057
0
0
69175
24378
58465
0
39812
0
10907
0
62559
95127
50185
2650
103924
0
0
0
0
0
14944
0
40266
0
0
205
33872
0
115976
57101
41846
3251
0
0
95057
8934
43326
59483
59008
66707
0
0
72995
6723
0
0
5025
26397
15181
38896
6310
0
6557
0
0
110761
0
0
84734
53359
0
15598
0
0
28184
2754
0
33565
0
11520
55239
1378
0
0
40888
29199
0
80206
0
88125
2664
50453
0
0
0
27110
0
0
4675
0
0
0
0
1902
65592
6710
82449
48377
42657
0
0
0
5060
0
0
0
0
53448
0
0
0
0
0
34651
0
299
4503
0
0
47527
0
15691
0
0
127979
36768
0
0
0
94983
25522
125506
0
103373
0
0
121205
116793
4064
118124
0
1318
0
113423
40247
90858
64192
98914
9390
0
0
0
45630
0
47155
60191
0
13569
0
0
38467
0
33918
110247
0
85182
0
6982
8407
119908
12987
0
0
10410
0
0
2389
0
62615
85279
29009
0
92839
84727
124245
46651
26591
0
14655
0
0
6699
0
2780
74222
0
0
0
42778
71556
44515
54222
0
46585
2775
0
14309
0
0
34214
99122
0
0
0
0
0
84062
36990
13560
109634
0
105965
0
0
0
6043
96212
0
0
0
0
115662
12845
0
0
67966
0
0
0
0
0
0
0
0
0
91532
75437
29232
62175
17491
44863
3744
18984
65496
74050
88281
0
0
2462
7162
76303
35875
0
0
73316
21958
0
6334
72157
123453
7975
30197
0
0
0
33556
0
0
0
3842
81447
5369
11013
44163
28213
100566
54757
39639
91876
0
3609
0
815
0
0
0
683
78307
110685
0
11604
108050
86210
10919
6505
98916
58880
121465
0
0
0
10450
87361
0
0
0
0
96269
0
101263
0
0
18669
78558
3851
0
50675
0
1148
0
68035
6202
104358
80177
0
0
28633
0
3735
0
0
28411
61723
88956
87323
17573
18820
3865
0
30157
39954
0
36082
4367
100579
0
72174
0
0
0
63591
51343
2157
31380
0
12782
0
0
0
33513
0
106930
0
79006
0
11820
718
99133
129812
0
0
0
86119
2838
0
12408
0
55382
0
42109
78187
0
0
0
0
0
0
0
0
25196
72538
0
0
32978
12613
20481
0
23167
96808
0
0
0
7085
3147
123697
0
14369
76580
118732
0
3488
51118
0
28539
0
0
0
17627
48989
0
0
8855
21439
10805
30913
0
14342
115234
74592
0
0
0
0
0
0
109109
4244
98761
82972
0
6160
0
0
12928
19496
0
0
0
0
0
37164
0
0
724
13328
74914
0
8606
109692
32474
0
0
0
0
0
26186
5979
0
0
0
24601
110916
27256
53895
0
17787
402
0
0
0
38028
51283
0
30556
0
78903
61533
122491
18268
202
128568
0
5877
0
0
0
0
0
0
2544
41144
20197
1605
0
22752
0
99131
10093
32671
0
0
0
41441
16928
0
0
68540
0
815
121976
47149
23295
13247
0
7530
0
115784
117127
11689
33527
0
2702
0
63538
4847
0
0
35012
0
0
980
90520
0
45587
15016
0
84385
72574
0
31729
101090
0
0
0
127471
8937
0
0
68006
16742
3478
4721
116767
0
3545
36648
63782
5996
23381
6288
0
0
83141
12790
0
0
0
0
19039
0
100671
0
0
0
0
0
65432
5860
93195
41521
0
0
0
0
63508
0
0
0
87934
57859
79064
0
117363
66235
39406
73855
81930
0
50077
0
23022
0
0
0
17339
0
0
0
27732
93660
88500
11712
11591
0
66781
0
0
20419
0
0
0
0
24399
68478
97265
46176
0
60456
0
0
50015
0
87272
0
0
0
22697
2362
0
0
0
0
20024
0
0
125083
0
10250
65248
0
35463
0
5125
29291
11042
0
0
0
4752
0
79622
116223
0
0
64930
0
0
14863
3206
0
0
0
56621
0
123852
32789
0
23064
0
9080
0
0
0
89629
24746
0
125206
0
19881
90645
4281
0
0
33079
0
94330
4331
2632
122599
117194
15132
0
0
73481
13242
0
69078
127397
7461
30806
50683
30228
0
84729
0
0
77349
12595
13690
0
0
32827
0
6409
0
60163
67730
0
0
44109
43102
0
0
0
0
0
19019
0
107070
13605
113836
0
0
14551
29358
0
0
75690
0
0
0
0
0
0
0
65324
25234
0
13813
10434
11247
0
125442
7873
4421
0
125598
48837
2233
0
0
39911
12624
0
0
76316
0
114361
10696
0
25882
0
20595
0
0
0
8141
3229
0
0
0
0
45884
115230
0
0
0
82304
0
114228
0
22246
0
36679
0
28986
8789
0
32594
28114
0
0
118132
0
0
19670
0
0
0
0
63982
0
0
2171
0
112358
77824
107598
0
0
0
0
735
0
0
0
0
0
0
11507
70944
72395
98863
0
0
29323
34542
0
77064
0
0
0
13258
0
0
0
0
83188
0
223
0
29279
54914
5589
40117
123572
0
47405
26316
113651
19139
0
86993
0
0
0
0
0
0
0
44814
81986
126353
6432
5485
0
0
12570
0
47893
112375
7232
0
0
123130
0
3053
0
77223
0
30151
0
32956
0
97099
37397
0
0
0
0
0
0
0
56913
0
1927
111961
19824
14220
0
0
0
0
11342
0
19725
0
29419
29996
6169
100293
0
37306
0
0
0
12691
48399
0
81569
90351
1913
8905
79804
0
87438
52013
0
114727
0
64304
0
49284
19478
101804
124346
8520
115101
86004
16023
0
0
100374
0
0
108994
0
0
18811
84999
0
5749
0
17179
0
0
32245
0
64831
106408
0
24351
43575
0
33367
0
0
85429
112458
0
22566
62891
0
0
0
0
20022
4229
81173
38882
120867
38363
0
31232
65526
2694
14765
0
24553
0
27106
97829
0
114737
111363
4360
49956
71110
0
0
9702
111680
101325
16032
0
0
68106
21973
32347
99083
0
16249
99570
0
8780
116308
32655
77705
49207
122608
99123
0
207
0
61893
64284
11593
27461
48641
0
0
47725
75540
1743
89111
38927
51685
74465
43663
37349
0
0
0
0
0
0
98770
0
82473
2689
5530
52417
7351
47352
51599
43545
0
0
54056
0
0
113014
0
0
0
36886
0
0
0
0
0
23797
0
0
0
43853
0
853
36426
0
0
93052
0
119894
124177
52904
0
95552
0
1483
8557
4386
12858
0
5642
0
0
11739
0
108889
111950
77204
36982
13282
16382
0
33859
0
52072
87473
3673
0
0
53190
0
8557
4331
0
0
1488
11505
0
46822
0
60235
0
0
112280
59989
0
0
0
95862
0
77894
0
0
31368
38668
0
0
0
0
0
0
0
0
116819
0
32371
0
0
0
0
0
0
30959
0
125855
0
0
79414
9660
0
62282
0
88415
23382
105652
90686
0
20757
3118
125997
39816
0
53280
19894
4446
0
0
38148
36453
0
11769
39019
0
0
14896
82068
87767
0
81539
0
16643
0
0
0
0
82169
0
0
14689
106828
110936
118440
0
0
110946
1673
8409
128006
9596
48212
0
51434
0
0
111478
128401
16893
13193
44131
0
0
0
12970
116569
82740
1325
25203
609
0
0
13520
0
0
69993
0
50952
9319
93287
26511
81229
79994
62728
24595
0
125480
3763
58912
0
0
121324
0
0
0
31262
110995
0
0
14900
73598
25733
17243
0
8061
14814
77607
0
74719
0
10885
7895
71755
0
0
0
39412
6497
1534
0
22185
20287
81394
0
39114
129895
124120
0
63432
0
0
16094
35299
29280
61658
62990
0
75740
0
120527
10402
116534
80234
0
29886
892
0
53144
111355
0
8412
0
0
0
0
0
31884
0
0
2517
0
0
0
0
92878
22332
73628
0
0
0
0
0
0
0
0
53464
85794
0
0
121639
14539
0
0
17086
0
125244
0
0
22109
5128
56395
0
0
6485
63235
0
12190
0
0
0
60885
0
0
84899
0
0
0
59625
0
8526
0
0
0
124159
0
39292
45380
11058
39726
0
0
4039
0
2103
0
0
0
58127
11944
43794
87510
0
0
0
34683
30338
0
35096
0
0
20349
0
109390
124618
31967
67061
75457
0
0
40177
13108
14608
64622
0
0
0
0
120044
0
0
55678
45348
42939
118110
97823
38339
0
0
68906
74669
119941
15472
4679
0
0
83881
47725
0
71315
1767
0
124678
121522
0
0
6596
41426
0
0
25186
0
6034
55165
21488
8250
0
0
18503
0
28097
0
87968
0
0
25464
119327
0
5698
0
0
0
79791
0
62824
13388
29296
0
0
36809
0
0
102322
123048
94867
13195
19512
0
783
38530
17092
0
21894
122071
27205
9997
1792
18041
0
0
0
12752
111942
7387
88102
105282
0
33715
17511
67092
63494
8853
0
46050
91549
0
30104
0
0
0
0
27316
0
0
0
0
111555
0
0
89389
90839
47116
98566
0
65140
73785
0
0
0
0
0
91050
46088
0
28132
0
120716
16993
0
4850
16517
109351
0
9868
76932
72637
0
0
61201
46408
48457
47296
5730
61668
11660
0
5000
0
0
0
0
0
9393
58648
2409
0
0
37433
0
10253
0
39699
0
108283
5987
0
60930
74119
0
27501
0
58364
0
0
0
25195
0
92205
0
7914
30136
53734
0
0
125405
0
57083
0
13673
12183
0
7167
109798
5681
36770
58785
58255
49445
0
0
48463
0
8333
21589
78756
0
7200
0
16055
9786
0
108215
39623
1577
0
0
0
15423
0
0
0
2300
97191
0
1415
0
0
0
0
5195
0
0
62314
31083
0
0
13681
8744
0
38234
45767
2097
47571
6834
0
6757
27912
68969
84319
0
0
33371
21672
30253
0
0
0
96798
0
32664
38991
95896
0
0
37741
0
107343
0
0
29243
30121
10397
7850
67115
0
22968
0
43369
0
0
0
0
23716
0
11678
0
0
3844
62195
5288
679
51746
26033
0
0
29027
0
29520
0
0
2273
30690
3381
18504
0
30121
24232
58456
2892
0
31985
109445
106309
0
0
5218
0
72442
104105
0
50834
0
0
121992
4862
0
54371
0
465
0
0
0
75057
0
73811
123913
19513
99797
41579
0
0
0
100968
56605
53307
37377
82776
0
0
0
0
0
127032
0
46665
87169
102916
0
0
115937
0
0
70192
22560
0
51174
0
0
0
5595
55407
0
533
29930
1827
57661
33308
3310
0
0
107810
2083
0
116913
0
0
0
49771
14926
0
119726
65683
25950
32603
9364
74309
0
25569
15944
102328
12173
0
0
0
54940
15175
0
32701
3448
16492
0
3160
0
122555
7182
0
29384
12927
112835
0
17212
89875
19703
0
0
124674
50061
229
111613
0
0
54495
0
0
91875
0
0
0
0
40915
33980
0
28074
0
0
0
0
0
0
110465
20695
16343
73146
27383
0
35396
0
6636
108788
0
0
0
20778
95492
0
4213
5435
0
75046
62913
44337
0
23908
0
0
5651
0
48642
0
0
12901
50602
57230
59774
0
0
0
8733
0
112363
0
118494
115542
0
111008
0
0
74459
128823
0
55122
0
17243
35606
7520
79500
0
51595
49206
8670
0
114945
37493
0
0
54959
58378
108055
0
0
0
128824
386
0
0
0
0
0
65523
1471
21173
33494
0
0
59692
22929
66737
20162
32090
24517
118839
0
0
0
123909
36608
94157
0
0
0
58747
44124
64781
0
55592
10341
0
0
0
0
20064
33921
2910
0
0
5066
0
0
65600
0
45079
57327
0
2347
0
29554
0
62617
0
0
1901
70538
125769
0
0
53680
0
0
96823
0
100919
12989
1374
0
56130
0
0
35326
39888
2931
48301
123229
105233
0
2918
78862
107111
0
0
93810
0
0
73972
0
43564
1720
72833
31603
27710
35306
6169
0
79156
0
30596
0
0
0
75942
58358
0
52322
109855
0
18048
83154
28506
0
13618
30140
29248
55149
0
34620
0
102142
9085
0
43309
58002
0
55788
0
0
0
31573
14142
63775
6529
0
0
0
27306
0
0
0
0
0
0
0
0
110435
0
80594
19959
59531
0
122409
5161
0
60311
0
61894
47845
32051
0
0
107204
128067
928
15808
23654
0
53917
0
0
53811
86029
0
56413
12384
25361
0
0
0
25541
2737
101735
109570
20464
0
8483
26105
0
1577
0
20884
48223
121913
0
54774
79253
96956
1960
8070
9557
0
3644
0
0
56901
0
0
80
0
0
0
0
0
0
1537
0
0
63739
0
14589
56337
0
0
0
50978
0
0
81407
0
0
0
39087
0
0
34283
0
0
0
0
124915
77187
19954
0
54227
0
7293
55442
0
0
65465
0
102056
36021
0
40745
61891
0
13551
0
56296
12394
0
0
77838
9437
0
0
0
0
0
11607
13686
98147
123457
0
0
43717
29975
45551
0
45076
2260
0
0
13422
75508
30378
93055
1589
0
6966
26143
100059
855
5682
0
43359
0
4454
19268
0
87579
107310
29495
114884
0
0
0
93777
8221
0
59982
39940
0
0
0
43254
0
48532
0
36684
0
69458
0
104957
0
21641
36339
91955
6036
15924
0
0
0
38660
0
99214
0
0
0
0
0
0
1423
0
31204
4680
101421
97424
0
0
0
1440
0
19562
95791
19147
0
32357
90894
100207
0
95853
2608
0
43285
26316
12886
0
33514
0
0
3395
34551
0
20834
77559
0
0
2570
27477
0
96582
32920
111253
111078
13665
10185
0
68718
0
59016
102558
0
98759
0
0
47897
0
0
0
0
0
3014
0
12629
4946
56545
8946
1908
7434
27070
105033
17135
0
80789
126454
0
0
116
70703
92632
93343
0
37938
0
0
0
4557
61883
35542
0
67737
13658
93596
2448
0
0
0
80854
0
0
4768
0
52395
0
0
0
0
0
3092
0
13147
80173
0
38134
102880
74174
0
0
0
0
80606
18411
0
21943
0
0
0
17371
0
121890
46121
12145
86333
8852
0
3985
0
0
0
0
0
0
43371
37197
0
0
0
0
6448
85674
11048
118402
55653
46501
28034
109140
19745
0
17628
84797
3599
7121
0
0
0
79304
43472
0
116175
2878
0
9498
18731
844
31458
12930
0
73566
9135
57358
103510
0
5318
86733
2985
44680
4151
0
110242
79088
105014
0
89513
0
67739
0
8282
38977
57595
51568
0
53838
23853
68255
128001
0
82480
0
15144
0
50901
16179
0
77891
87320
0
0
39883
0
72170
27609
0
59842
9872
0
0
8621
0
37715
60201
0
0
63656
41273
9739
117337
0
29946
35026
9866
0
0
0
4837
1577
78924
0
895
42077
76709
0
13354
25788
44716
105992
0
100274
75685
0
0
0
0
0
3035
5197
0
0
125757
0
0
0
0
187
0
0
4689
0
7055
214
18546
28580
0
0
55245
0
78550
511
37519
0
0
3910
0
11103
122432
0
0
33066
0
0
0
47205
24818
0
7382
0
67969
32576
23920
0
0
0
97310
0
0
64001
0
94258
0
41381
0
10260
0
0
79816
107175
0
0
12860
18470
0
15907
34236
0
3035
0
0
0
59874
105121
109150
0
14246
0
60849
111529
18636
0
0
0
37746
0
0
118050
0
9244
0
25056
14945
0
114786
0
0
0
0
52140
107892
51683
46251
32299
0
57083
0
0
564
103355
46266
77648
0
49092
77515
0
12516
0
0
0
103147
97645
0
0
0
0
0
76559
1794
110103
0
61291
61507
8035
13356
7406
8215
0
0
5267
0
0
73751
0
0
44852
0
59038
0
0
0
0
31311
101370
0
118331
35202
0
0
123083
22552
0
26524
0
24861
118936
0
0
183
37515
1300
0
0
25392
12086
117720
0
60949
0
32367
0
81963
63618
0
105976
0
21079
64005
82082
7195
0
11554
27338
19566
0
50884
0
7616
33945
0
54340
0
0
41994
0
53709
43698
0
6623
0
0
0
83664
10287
0
5733
0
14754
0
38935
77254
0
5570
0
0
55859
0
31898
96743
0
17759
11001
0
15025
94178
80343
0
0
0
0
0
0
267
0
32376
0
4291
30969
0
97328
0
7076
0
63108
37144
0
43616
0
0
0
98123
0
87776
103593
33060
16871
127350
0
0
51398
29775
0
0
0
51931
0
60888
0
66750
0
17751
51958
0
0
14074
25743
3739
94957
79453
8731
55007
0
77091
38101
99062
56626
0
0
0
0
98855
0
82528
1572
0
117204
0
84024
121946
85260
0
0
0
128862
0
1344
0
52506
0
0
0
113553
39181
0
0
0
0
0
5414
49115
99206
0
80563
3261
0
0
0
0
0
1420
108426
38116
0
36169
0
5812
15347
0
16909
68723
108108
0
0
0
0
0
0
0
0
0
0
88430
0
25594
22992
54298
94898
21535
11800
71254
104234
15564
0
7747
56844
0
0
0
9615
85710
116661
17178
60918
0
0
0
0
0
0
7443
44968
0
16552
31934
98673
29597
76950
19391
6830
0
0
105199
0
0
0
0
91741
0
0
0
0
5538
0
0
48277
271
0
15618
0
37920
114237
94286
0
0
0
0
117833
0
0
0
5273
0
0
0
85843
82386
0
94441
25660
26148
0
0
0
13269
98544
70569
45774
37689
0
55082
27445
24562
47254
0
17807
53202
0
71085
126266
0
52846
91859
44727
0
21580
0
26919
0
0
0
0
100991
0
0
0
528
0
81576
0
10370
129604
7465
35245
108098
26572
50940
120733
0
55768
1193
0
7407
0
0
0
0
0
56342
0
0
69155
117609
126674
3309
0
14133
0
0
0
0
46096
76023
19107
0
0
0
0
0
0
110845
21348
36312
0
0
0
24342
0
34702
0
0
58085
10420
0
0
0
0
45584
62192
76993
0
92573
0
0
15636
0
50957
0
0
0
110366
33076
99618
0
19996
0
30731
0
124861
32519
49904
24777
0
0
0
53753
0
0
80359
67399
63763
90224
39987
47061
0
0
0
8853
68915
66088
0
17471
55746
0
0
0
0
0
64084
0
0
0
27127
0
0
31203
12739
0
0
4964
3079
0
36916
0
81412
0
9700
95437
0
0
63783
35500
0
38787
21288
0
69955
0
0
13956
0
75732
0
2789
24993
0
10281
0
0
15239
0
33045
0
0
0
129696
30565
0
0
0
0
38863
0
35567
68031
0
0
0
0
4789
15034
0
31341
8573
76691
32838
79706
0
0
55839
0
40533
0
80064
0
0
53214
20207
81826
66692
0
47426
0
25886
87200
0
56045
0
0
0
0
0
0
17978
0
47894
84819
10158
46851
0
0
0
8930
6380
7816
0
529
0
22428
37777
18355
23705
0
66923
2814
64509
23298
0
0
34258
0
98517
0
0
123584
0
0
5299
0
22790
4060
0
25977
5488
72993
0
0
31686
38234
8750
0
129543
0
1915
0
23868
84728
0
5739
37578
120075
34123
0
0
0
0
63114
9349
0
0
68716
39841
4857
31581
12415
0
0
12435
60862
110952
90931
0
3820
0
26952
74356
0
0
0
11598
0
72165
0
0
0
0
37345
74386
0
0
115409
33328
934
0
0
56593
44537
83954
75596
24080
8468
0
110830
0
40840
77919
0
0
4464
32782
91850
0
0
83683
0
0
0
0
49638
0
89290
48608
54883
0
0
34233
24473
116014
27934
5571
103154
87977
0
41269
55502
0
43126
43647
0
0
4234
0
0
38591
90905
20375
60823
29527
2425
0
0
0
24521
111053
695
74485
105439
0
80697
0
0
0
123108
75352
0
99249
0
0
17791
19975
0
29945
104797
116887
5345
0
18715
18652
0
93742
0
44568
86043
0
0
113562
0
0
0
0
508
0
0
66612
0
25788
0
7817
0
0
4382
96658
0
0
47415
48516
15076
2599
33934
62941
35996
37222
45482
22712
323
10259
0
40707
33905
0
0
46280
37132
126327
52569
0
0
0
3496
0
75214
29573
0
6669
19465
92734
9213
0
54258
0
0
113284
107373
0
1001
11226
19306
38919
0
0
0
100129
50135
87489
7605
21896
0
30646
59014
33096
0
0
0
47409
21908
110489
0
117589
0
0
0
0
118601
43080
39144
9416
123542
27287
6160
0
23575
5152
0
0
24140
50389
72361
0
0
45365
0
18318
0
0
2515
9038
12157
0
4288
7850
0
77576
129674
51989
0
80422
47193
0
0
0
737
2177
45733
63766
90334
0
65712
0
0
94238
78121
6416
0
0
0
41211
0
73697
16673
0
0
0
22359
3585
85003
95455
0
0
6919
57920
0
0
53966
0
0
0
118030
0
53878
118282
73378
0
116554
2643
82144
0
0
2436
0
98211
17141
1718
63261
119442
66575
0
0
41904
68949
69199
48840
19288
1919
0
1990
0
4176
0
0
0
0
0
67567
0
17763
0
10033
0
117651
0
0
0
44010
103191
0
8656
0
0
109433
112752
8194
117405
0
0
20962
90182
58454
0
0
25310
0
102019
42729
6193
27644
0
0
5292
117882
88
0
0
40398
60466
35854
572
0
12241
0
0
0
21872
48282
0
19545
0
6476
0
0
107469
21668
0
53766
0
74507
0
0
42687
64474
64356
0
21828
25232
31992
3948
32923
124591
0
5477
0
0
0
0
0
64425
0
44957
98671
0
8438
18115
0
97675
0
39771
22816
465
0
0
0
73320
0
23980
99982
25780
0
0
0
10275
20988
11598
72909
71910
15935
67749
27052
0
6725
0
100023
8342
14025
2231
0
42725
16872
7728
77494
86222
83923
1681
0
30389
81513
117233
0
70095
0
0
7314
99098
93650
33428
0
0
0
0
0
4635
0
32072
0
36647
23590
125243
0
15444
0
16920
0
0
95272
0
66724
0
0
4767
0
34018
0
52763
3428
111661
11810
0
79267
9193
0
0
0
0
1169
105
0
0
22905
0
6544
12922
0
27978
8948
0
9307
62543
127938
121248
0
5355
44572
0
6375
126983
65552
41385
0
8071
0
21015
26049
19
69339
3819
0
28077
0
0
0
0
0
0
0
3089
0
7043
0
5906
21220
0
0
67169
27753
97057
0
0
0
55662
0
0
0
0
0
12577
0
0
0
0
106568
41547
94489
96419
0
64621
49061
11913
0
0
8158
121919
91120
0
85548
0
0
6037
44095
0
28076
57328
5715
34420
0
0
18765
0
0
8433
0
19150
17280
0
8432
8462
52976
34391
55033
127257
103662
59704
21731
18557
1481
78503
7445
0
0
50381
16484
17449
5358
51440
7268
40414
0
10556
0
56107
0
128061
1802
123804
1712
7933
0
0
0
0
37776
0
0
0
9874
2672
0
2664
12839
27848
0
35
52132
0
0
117731
30746
0
0
45314
859
71871
0
3011
43924
104195
67642
0
31720
0
0
874
104649
0
25289
0
10842
19042
0
56973
73410
0
0
0
0
117086
0
0
35346
60835
0
0
0
1061
24206
5458
57772
61260
125153
0
0
0
25244
0
0
4468
0
0
0
0
16780
0
57575
0
122100
0
0
6844
55078
0
0
61721
102939
41990
0
113958
14098
63096
89279
64357
0
0
18802
79344
16789
0
0
0
20310
25112
8169
61400
0
65454
0
24250
0
0
0
0
0
75724
0
0
0
0
38335
0
19986
101229
0
0
0
28254
13081
0
0
0
0
0
1730
0
14072
15414
12017
43243
0
0
0
11649
12332
45757
85145
35007
0
0
0
0
5481
15173
73593
81152
29929
0
0
95430
0
0
0
79007
87988
0
0
0
7483
45914
45607
0
0
97374
0
24901
0
0
106306
59064
0
0
8519
0
0
7973
0
4192
3085
35762
64885
89626
47662
0
0
4619
125584
0
0
0
46061
56258
8065
0
2173
0
124043
34813
107992
0
0
0
64226
10444
0
31164
116053
67527
0
0
0
115037
71725
42042
0
0
98994
0
39550
38990
0
19884
108656
0
48748
0
0
28230
63589
93760
28949
49431
0
1767
23817
73703
20948
0
0
0
73579
48570
8577
0
0
0
13189
0
13091
2567
0
0
5187
0
32160
13877
70643
0
69692
0
85858
47139
39576
25152
0
0
0
931
0
0
0
533
96921
0
0
0
2754
0
121584
52289
24258
6611
0
52999
1400
0
8007
7348
18842
0
31795
0
22466
80236
28787
0
45152
17949
117926
84743
0
0
96349
0
93832
0
104053
107492
10661
10692
0
0
0
28600
107862
0
39091
0
0
48855
28787
0
30971
67157
0
36691
6577
56838
85830
59408
71668
0
0
13608
2584
0
0
0
17390
8888
91639
0
0
0
83176
0
68957
72216
77857
26479
13945
0
0
0
105547
47996
3276
29885
67913
129083
0
0
0
0
0
20976
0
22149
0
0
0
0
0
0
9968
0
107140
0
0
70235
11230
0
0
91525
0
7166
30285
0
0
0
2823
34749
6335
70741
0
58339
67731
32267
51562
0
0
1128
0
0
81631
0
9363
0
0
14401
7233
46885
0
41816
13845
62927
0
0
0
72974
0
97238
0
0
49440
19604
0
0
126536
84685
106457
0
39007
129574
28985
23944
21813
0
21203
0
0
50529
78655
11321
65587
69612
741
46678
0
22793
1890
0
57505
3734
0
0
1469
96844
0
23524
91577
0
102657
12207
0
0
0
0
60213
73237
70122
0
33857
0
0
17122
0
49070
1567
68726
0
0
0
66429
50049
0
72088
31547
99502
0
21638
0
9354
81339
0
14873
0
16741
36032
28139
37794
0
0
84460
40913
24094
0
0
0
0
0
0
10549
31079
104400
4896
0
48216
4818
53558
0
90450
126298
69658
933
77328
0
0
26024
54131
70019
110180
0
0
116827
11194
50901
0
749
15456
0
95454
67964
0
94085
0
60492
77727
52571
86404
51691
0
6398
0
13864
0
0
48283
86393
11489
372
0
31530
61755
0
17164
0
106838
0
1336
0
45582
0
0
7481
45634
0
17862
0
61301
0
0
0
11118
74169
4421
60925
56522
114632
0
0
46292
5843
19801
4479
0
0
0
0
59548
114634
0
0
36785
0
182
54421
97079
0
31273
5525
73084
0
123306
107791
101166
23789
89272
3845
120242
0
0
6619
0
0
27551
0
0
4177
113231
0
0
0
0
0
2660
0
0
92432
93528
35671
19955
38715
0
4503
7194
0
0
16604
1144
0
40239
16178
0
11228
6086
37393
51093
0
50940
8739
0
0
119083
0
25686
9154
72240
0
6959
0
40066
102436
111682
0
39148
0
0
0
54498
51189
48926
93908
36983
0
99597
108614
0
9336
0
0
0
0
841
27300
20411
0
0
2253
2154
77170
13747
0
80305
34165
0
0
12205
0
2386
84826
1607
125802
62419
0
318
0
0
26527
0
0
43194
47734
0
0
36132
611
0
47586
0
0
0
28510
101024
74698
0
63107
58143
4025
104912
72904
0
4184
0
0
0
0
0
1674
63925
108828
25981
0
0
91953
0
0
0
24631
35762
52673
42865
2450
34154
21751
0
0
0
42012
34783
6498
70586
42509
4742
59774
56517
0
0
4682
13376
0
93783
61974
0
7608
0
0
91158
32718
29804
0
0
8789
81223
50553
96615
0
0
63533
0
519
69294
0
44525
23484
0
0
75726
0
124355
25668
28048
0
3746
56357
0
44248
109211
116039
65056
0
0
44374
0
8488
0
0
0
0
56797
0
68800
15446
93137
0
3761
56295
11733
0
0
99774
84745
97973
0
0
6687
0
41480
0
7283
94970
51151
8010
0
0
0
129847
0
103239
0
21718
0
0
1278
50094
2373
15652
0
0
0
0
23645
6697
53659
114873
3838
40400
27749
34425
7044
17658
108977
4904
52122
76458
0
0
38208
0
17437
0
26292
0
118714
12545
352
37434
0
0
17856
91497
52567
42578
66017
97140
45832
0
94502
21946
0
0
25032
85924
0
6096
0
1255
18367
43378
0
0
45048
39161
7856
21989
8724
72428
0
20675
6459
4255
0
0
0
0
54943
0
0
31534
81089
0
0
0
33444
28291
114886
20584
0
0
0
0
40057
106762
98082
0
0
29944
30575
30939
0
0
103673
0
0
0
12896
0
0
939
0
72492
0
0
79631
0
0
0
26627
19379
0
119278
0
0
1008
792
26840
0
0
0
31379
0
5292
55649
57284
122093
66263
12685
23306
126925
0
18001
51057
18408
5648
10131
28120
86243
27665
4716
13945
44256
0
0
53604
0
0
64707
0
16898
0
0
0
0
0
26245
40816
107940
0
68989
97800
0
0
129270
0
7567
0
0
0
13408
78041
119386
73570
55840
3566
0
3316
15484
33465
16166
47387
15748
47350
0
12879
0
10313
77002
13371
0
0
0
10240
0
0
59732
0
0
0
70596
93249
24186
79416
121241
62616
0
92095
0
0
11835
7669
0
33162
40514
0
0
14775
115360
21360
69910
0
24577
95911
59672
27488
32414
9399
0
0
3462
0
50739
0
0
0
121456
0
12657
48900
0
0
67900
129693
0
36236
0
21433
9081
37135
0
0
107275
106336
0
23658
43081
93478
0
0
32469
12249
92740
0
0
0
56238
14024
6811
4009
0
0
9780
12057
38264
111916
50091
78274
0
72457
67957
0
126765
122018
78566
0
0
0
64601
0
0
3562
0
53107
0
64544
0
109767
0
0
0
0
118440
46182
61557
25959
0
0
0
122514
0
0
11691
8020
67715
0
83632
29892
0
0
0
0
0
6660
0
0
23119
0
85527
36154
0
0
0
113125
23067
9649
0
19557
8703
75587
0
0
0
37792
0
0
42586
0
0
32668
0
0
0
60410
0
41316
0
10667
0
66560
82526
21014
3897
31246
52157
0
93486
14269
766
0
0
75181
113704
0
0
0
19698
572
28921
115193
26479
0
0
0
0
0
0
4849
0
3807
0
39942
0
0
11038
95047
31556
0
9287
1910
9344
0
7671
2473
60831
0
67901
71937
93470
0
0
53113
0
0
0
181
70084
21112
36835
15358
0
5651
69615
85047
0
0
87297
0
33385
125402
0
0
23043
0
0
0
118342
121052
0
85345
90393
25700
0
0
81340
0
3460
82104
18878
0
0
87680
2736
71172
118290
45071
1125
0
13808
0
6276
0
0
0
0
74574
38819
0
0
0
57524
97404
31023
58443
106850
16355
35246
22732
0
9693
0
0
0
126081
105660
115730
0
41735
0
14682
48673
98910
0
27428
2671
26731
30746
18528
0
21892
74184
27759
0
15287
0
24991
6938
5536
309
0
0
0
23180
0
0
0
0
0
0
0
84749
0
107733
0
66803
12201
56807
889
0
0
1518
22941
3069
0
0
0
45209
10219
0
5336
85971
9711
0
0
16271
0
338
0
0
0
119965
11304
0
5077
79787
6169
24197
0
0
18951
0
31402
0
13035
60951
0
36327
99818
32868
0
0
20372
92113
0
13367
2726
1946
12250
12652
28967
81737
0
75860
115036
0
18611
0
0
0
0
25052
6806
61027
0
0
0
0
0
127601
361
0
5994
0
7422
68428
12486
101252
31391
77336
6905
3653
0
12425
0
56975
121238
31312
0
0
30563
0
0
0
0
116750
17142
23315
0
0
5535
86866
0
27157
0
0
0
0
2765
42914
4410
15203
64886
46921
67361
103518
10361
0
4846
0
0
0
0
117073
0
33408
47895
117439
2557
94663
110986
0
0
4502
0
40547
0
0
105435
60810
0
0
11214
0
33154
124945
0
0
0
0
39774
76595
24445
61564
1163
52548
119472
35027
0
16702
41012
67264
0
0
221
0
0
0
26620
0
4824
49502
590
0
0
35864
0
0
21308
0
95857
0
0
118381
34951
82202
43591
0
106157
0
0
0
1712
0
4476
0
82934
123360
0
23681
20555
35812
0
79625
665
0
57271
9134
0
21145
50351
42841
18106
50002
0
0
6503
0
37826
71441
0
78669
24931
0
33032
369
96698
40513
0
37069
2407
10440
63655
0
83351
90399
73033
0
6168
54409
0
86866
18918
6667
90835
0
44190
0
83986
12098
6583
106921
0
6895
0
14758
28320
988
1317
28471
1900
0
8645
0
36303
0
0
0
43745
0
5106
8101
0
0
0
34211
0
28800
10248
65709
0
114407
45895
0
0
21383
0
6326
114726
499
0
124114
0
0
121733
0
11280
0
35146
25389
20006
25950
7952
13330
34073
0
0
0
0
49018
27493
15441
8870
0
0
0
43726
0
101176
25317
118678
14380
0
7291
0
0
0
0
102207
128452
0
0
0
0
2128
0
0
0
23890
21648
722
0
0
29687
0
0
0
100856
0
117938
99698
0
74837
40070
17458
0
0
11015
0
112252
34117
0
52088
0
15706
0
0
39211
0
39387
0
35605
99813
0
68429
0
0
35709
0
3672
0
104098
0
11164
0
118161
0
42685
36739
154
118568
46061
0
3536
117252
68814
0
114912
0
0
53741
82099
89018
0
23731
0
67872
0
0
76469
0
0
786
0
0
90749
0
0
4407
0
0
0
76082
69367
0
115516
100808
0
0
92899
0
0
0
0
0
0
18584
0
0
120259
2557
0
0
118078
17013
0
3545
80053
0
0
46700
5205
0
8032
50652
0
45116
19833
0
9955
22855
0
66988
39685
0
0
6012
0
0
12494
20472
18707
116636
4461
0
89458
0
0
20982
60345
15917
0
41931
0
6904
0
47579
96877
0
27743
17939
505
73073
60272
87074
0
1946
103234
103358
30618
31457
0
8330
88906
123571
0
0
0
0
0
0
20424
0
0
27310
0
69030
0
0
28630
0
0
0
0
111297
15757
0
34573
0
0
0
0
0
0
0
57389
121412
0
0
0
60765
89103
52675
0
21894
91195
102679
45393
60064
0
0
21541
57897
49026
52096
0
0
29247
55601
0
18724
0
12638
0
41174
0
0
0
0
0
38519
10881
42932
663
0
58462
37023
94616
39675
0
59580
119424
51807
0
0
34843
0
45722
0
94606
0
0
11493
1748
13456
0
0
437
69502
0
55232
0
123162
0
9120
9731
0
0
0
0
19945
0
0
29919
59224
105867
0
3491
39545
0
0
5020
0
3164
113697
59683
0
28000
3227
114939
0
0
100781
56560
16871
29341
0
13144
0
61764
0
81516
24169
0
30203
21137
24641
0
6634
47682
87412
0
26709
101346
43087
0
0
713
10061
0
2348
77366
122982
103757
0
0
0
30936
0
1246
0
20966
0
38722
72649
128883
10729
23090
9706
105437
89076
0
104490
84499
0
0
4188
5991
79587
0
41154
5723
59008
0
0
18669
0
4801
2134
0
2628
107528
55336
38682
0
0
0
0
0
0
28453
20308
72209
0
1968
93374
65051
0
117764
67552
33780
25669
0
115889
22193
0
13595
0
0
0
6508
104709
116346
8008
0
54192
61894
0
65467
0
11383
0
0
16662
29482
0
116158
63081
6403
0
0
19071
0
67027
6631
0
96314
43756
71183
0
0
0
2260
0
22370
72202
58587
0
0
10798
0
11017
105705
110064
15175
4782
85410
8411
0
0
61574
13487
0
0
0
0
0
0
23063
0
5199
18272
24438
23580
83189
45747
93242
12563
92268
27912
46305
36308
0
0
3099
0
26808
0
0
55129
45469
80977
47972
0
0
0
57053
74047
0
0
128221
0
2443
56603
0
0
9269
0
0
35511
0
25370
23535
63319
38014
0
47545
0
81380
0
15151
47518
0
88280
0
41534
0
71561
0
0
0
54237
0
0
14282
44331
61323
82605
98771
0
2554
0
1287
0
0
2399
0
8177
122230
20050
0
0
0
0
18917
0
0
111249
59818
0
13215
3214
47565
0
0
23658
0
0
0
0
20342
17929
0
33860
7568
81305
0
8979
34454
71759
0
0
40847
0
26709
0
0
127213
42525
0
0
16603
7217
1141
0
12574
19697
120733
50230
13652
92892
802
57398
0
121262
0
77154
5768
65573
18321
6294
0
0
44148
0
0
0
19423
0
25969
12566
0
78326
0
0
0
84162
22746
12694
52503
0
20477
0
0
55791
37011
0
0
0
42536
53398
0
7158
0
13522
2044
74965
0
48064
0
10346
0
108654
0
0
114022
0
0
0
0
108981
0
42797
27834
0
55462
0
78569
0
6022
76084
3436
1603
37750
4862
0
14886
0
77806
0
0
80767
0
65199
74628
103418
0
13645
0
9966
93
89771
0
95151
0
0
0
0
58425
0
0
75348
114018
20365
8221
6531
0
0
8084
0
0
18221
0
0
45209
29261
0
0
0
0
0
65982
6340
87192
57074
5064
9356
22331
0
25500
0
35747
0
98551
0
95349
563
15877
6416
41094
51037
121849
124839
19691
41925
7775
0
16047
29948
2006
0
0
13242
110384
0
0
11610
15632
9290
10002
0
77499
27593
22757
0
97718
0
74290
0
0
2492
0
92570
116759
0
0
45501
24883
0
0
0
114990
5539
86325
41602
0
0
33126
100324
58521
60553
32907
7447
0
0
0
0
7994
0
13290
128134
0
34886
0
83737
51244
124391
0
0
16358
36417
81680
47875
0
33396
55370
0
62724
104369
54351
0
0
33521
54735
0
35634
0
9788
16728
0
0
0
99846
0
0
0
55585
33834
110925
0
28416
101467
9215
14752
0
0
18280
13417
7475
0
0
118285
7896
34956
50253
116548
0
0
89741
0
0
118784
54069
0
0
99767
90422
112803
0
0
105043
0
0
0
2659
5681
10914
41769
42719
62227
41129
43268
9072
0
0
0
3157
0
78314
0
1272
0
0
0
0
124005
3431
0
0
71246
95472
42909
0
120373
88160
1074
0
11973
30818
0
0
0
425
0
60321
0
96261
24365
0
37568
0
38930
120644
43864
0
12351
0
0
75330
0
0
21752
22684
35306
0
0
5067
10910
0
0
121169
620
29527
0
0
0
0
0
125212
0
17510
45612
0
0
102317
20232
68839
0
0
11441
110434
0
37104
84978
55293
22575
17345
0
1248
37513
987
56241
0
5449
0
50523
0
46579
75991
114603
0
6149
9824
53417
0
86169
23709
5085
0
0
0
9040
34055
34047
18942
33817
47991
70192
48265
68758
10251
10106
46239
0
114773
0
84165
12613
0
15946
0
36922
6142
0
0
0
26133
43882
4576
91177
10840
73689
0
36836
60744
0
9519
0
80906
0
0
0
37960
111618
21439
0
15010
12603
0
88291
0
52305
0
25314
4775
0
6371
22134
0
0
98840
55620
0
45315
0
71054
57346
83470
38671
0
0
4845
0
23607
0
0
0
71567
0
0
2261
53977
0
0
0
0
24706
17681
14178
559
0
0
117349
97642
24784
92515
31264
0
0
113193
0
49075
0
18093
68847
0
11372
0
0
0
100921
0
7926
20437
0
0
0
0
48980
90544
0
0
74085
0
0
1854
0
5619
39597
0
57515
15182
12821
0
0
9422
10453
17855
0
23690
86501
81608
0
18590
48558
0
0
0
6357
0
109569
88855
6019
0
0
0
0
117759
0
37674
73040
5591
31179
15938
37894
0
0
0
2985
0
3772
34187
0
42638
124970
0
0
0
35877
0
0
21759
0
25128
63390
25447
0
70839
0
0
5389
62028
8944
12936
0
937
16585
31415
57824
0
128113
6587
0
120086
4697
42686
0
0
97668
12910
0
122589
0
0
11177
0
0
0
0
126834
2133
0
0
7936
104436
30487
0
42337
0
0
52316
0
0
40882
0
3964
115494
121489
61346
0
0
1389
26944
0
5770
108812
1445
0
0
23281
0
2682
0
2341
14762
2198
0
102191
2950
102413
5327
15648
28835
5568
0
16436
0
0
0
0
51613
0
4571
0
60254
40378
97096
50866
26238
52820
0
0
107204
93606
8501
77825
0
0
0
0
0
114947
0
123194
36926
0
0
69308
0
23563
11426
63648
99319
72268
0
23674
0
2971
16614
0
0
1368
0
31468
0
0
55571
0
0
0
0
40685
0
7218
0
34886
0
1649
7741
0
112243
0
24629
0
0
6374
40589
0
0
23834
0
14293
0
32928
0
27877
26543
0
0
103766
0
0
44037
10606
0
0
123966
6495
0
0
0
16952
3917
27264
0
0
0
38378
0
75241
73602
104528
18328
2539
10609
4675
0
0
61033
119758
86940
87253
0
30986
2868
0
0
0
0
128084
42571
0
0
0
117334
8769
8207
38544
0
35603
49043
60737
0
76469
0
0
0
0
47315
58387
99186
61266
0
0
8775
0
0
0
117820
0
0
0
0
0
8016
86691
4940
0
0
102973
0
51056
8625
0
11636
34768
6420
48303
43871
0
0
0
0
0
60488
0
0
13100
81549
47330
0
116497
51304
29367
79718
0
0
0
0
0
24271
103834
27920
0
16847
0
0
129276
0
107467
3
79209
58055
88436
34785
9000
26397
13053
20546
104486
62573
8050
1868
0
79092
34094
78828
43619
0
7894
0
28039
39450
9231
103418
0
0
127856
41033
0
0
39917
26442
0
26953
45357
0
8126
0
42301
78008
63693
78145
60204
63082
128279
69268
0
0
44683
0
103428
88099
0
0
7907
0
42034
43517
0
116994
122584
11494
0
85615
0
72271
78511
2583
26474
0
98969
0
0
0
77122
0
0
9529
0
0
0
12390
0
0
0
29469
0
0
0
82453
34106
10544
66386
0
75203
69672
87791
0
72042
0
0
0
24834
0
0
0
0
15899
12279
0
0
66386
0
0
0
12410
0
0
0
8366
3948
11963
32706
0
0
23828
51065
30570
0
67867
117991
40396
3710
0
15460
23998
38720
0
0
0
0
14926
30194
1169
109382
99433
65506
63516
59915
0
54272
0
0
27419
6477
6896
0
0
51471
0
0
4545
0
0
0
0
0
0
0
12639
0
0
72578
0
0
27239
30931
0
61153
0
0
0
73396
23402
0
1497
0
42694
91943
0
0
0
0
42
23988
0
0
42816
75114
0
8712
120943
0
0
12391
0
6749
14038
6980
0
14492
49582
0
15175
101604
5462
0
0
30703
0
0
19153
6182
18495
0
65443
0
0
9160
7589
0
62289
81355
53164
3385
0
0
0
0
82951
0
0
103394
7552
50289
11075
52278
6532
0
0
0
4336
47217
0
0
129602
0
62745
1571
0
8681
2896
0
28216
5275
29241
41643
100539
52477
48910
1130
102033
73097
0
547
35820
8850
0
0
98090
20123
0
85758
0
129141
105398
1783
110941
0
0
70112
28583
8910
0
0
0
71050
1716
0
56854
22554
0
0
51608
0
64849
103306
82728
77830
0
0
0
14008
69811
0
106202
0
116444
0
0
105607
11668
0
74971
52770
0
0
92940
25728
0
670
13352
73165
813
0
80731
27977
15855
747
2691
0
0
0
0
0
0
0
0
101266
73537
0
5291
119796
0
15739
88589
108519
72279
0
8839
14614
4312
39717
0
0
0
72737
0
40134
44063
11335
8037
42751
0
112049
2720
0
0
0
66854
0
0
35057
0
105784
0
121549
0
5784
65034
0
16257
16219
49903
94903
91687
201
0
47740
0
23747
71742
0
27383
40776
55399
0
0
0
67953
57864
124209
0
129519
0
0
0
0
0
0
88678
0
65148
98856
72520
59425
0
0
128711
66141
2834
119885
6171
92425
93673
57570
162
0
105420
0
12733
0
47686
32500
0
0
0
0
0
0
119614
22859
83926
0
0
3907
0
0
0
0
1270
92365
0
106219
0
10582
0
0
0
103984
8174
0
0
0
27984
92874
0
51328
0
40293
0
32385
56427
0
23140
126649
0
31904
15658
53376
0
0
2105
88801
13032
88252
15812
0
68562
0
0
34562
113602
38481
0
79915
35824
110345
64878
0
98554
60490
24630
100448
41679
0
0
0
38510
10649
0
0
0
83378
0
81179
0
12612
0
0
50189
0
0
116291
23765
17892
0
0
0
76264
42527
0
68358
0
123651
0
15384
0
0
36701
0
122371
26840
0
113523
14813
90776
0
6420
15642
0
1152
0
5438
17778
105059
9527
0
0
0
0
0
16199
0
103395
84980
1173
0
127194
5298
0
0
0
24885
643
0
9408
74724
22649
80170
89606
71292
25353
0
94092
16192
77022
78873
41513
0
126620
86810
0
8316
6245
19321
108893
0
65407
0
28643
0
126310
8986
17596
0
0
0
51627
107472
0
0
100640
123021
6414
0
17297
0
47167
3974
91583
0
42482
121308
0
0
48645
0
0
0
1834
0
0
33066
0
0
0
90601
56925
9865
114866
45126
0
1715
0
6141
29092
0
0
29672
0
15496
1682
44847
47
44603
84333
0
15201
0
0
66391
0
0
128596
54928
0
0
0
3159
0
0
20140
0
0
4845
0
13277
0
0
0
117997
0
0
105201
0
0
0
105152
0
0
0
0
0
0
0
91898
0
3937
0
0
0
123855
9495
10466
4100
5756
0
3783
0
0
0
65070
0
2226
0
122985
0
0
0
12223
0
101265
0
34267
28179
121848
0
0
23317
0
50339
2655
92262
0
0
1513
102579
0
0
0
0
108711
23987
0
0
0
0
14001
0
0
1118
9476
5368
0
0
12192
0
36715
0
81361
0
111835
0
0
0
124269
0
6334
0
74185
0
28899
0
36722
123940
0
302
33278
0
0
0
0
53845
55990
0
108575
43960
0
0
84945
4641
0
62120
0
11404
59357
107059
0
0
0
0
3643
0
0
54015
0
2451
70094
0
22045
16424
19608
0
0
0
0
1780
6174
0
0
0
54478
0
2810
69799
15804
0
25708
0
0
0
0
0
4809
49917
0
0
0
104710
73141
7400
0
0
37999
0
0
0
0
0
11647
1792
0
72691
0
0
44170
3129
50458
93165
58008
31598
0
10507
94936
0
6367
5430
0
0
14479
0
0
33101
8803
0
50018
98605
3814
111875
0
91247
0
17605
0
0
0
0
115638
0
0
0
0
25
0
11552
0
2238
18833
0
0
35747
44700
2000
0
119571
111013
3961
0
81477
14429
94619
6255
0
0
0
41308
0
23031
94399
7052
38207
128001
0
5033
63870
66537
0
54968
126775
0
0
406
81706
9665
110672
0
0
54824
91894
1597
0
15208
30188
0
0
95586
0
863
43264
15594
0
99492
0
27331
47900
0
0
24895
0
34837
0
0
5841
121198
58158
105470
23909
3505
76962
0
0
0
0
109722
54598
107288
0
0
0
47610
0
127493
0
0
0
0
4039
0
0
0
0
26262
0
49330
13336
124291
24259
0
72334
0
32160
0
0
66761
0
9314
0
0
77149
56812
74473
103934
0
0
92298
87973
92034
0
0
0
115192
412
6740
11308
0
111252
8737
0
0
48923
89239
0
0
27889
0
26184
118235
0
31653
0
2627
0
26177
10909
0
24430
93432
0
15700
69715
92157
0
45252
128998
4711
50530
9584
55631
117784
0
0
32615
0
0
18264
67156
0
0
0
61428
31620
0
0
32143
0
42215
24116
0
41176
0
0
17227
0
0
64327
94589
0
0
0
7205
0
32414
0
0
0
0
10310
51109
23009
2564
24859
0
35967
11442
111503
0
35421
1390
0
37032
0
0
123785
0
0
47465
0
0
0
32653
64134
13733
43600
28890
0
84491
119367
24895
2034
0
17639
11487
10851
51523
0
0
0
0
9646
17476
0
0
0
72706
0
11366
0
0
114083
82038
0
29731
0
0
0
71341
0
30725
18484
0
0
0
0
92959
0
24881
62640
93998
0
28064
0
0
103259
0
0
0
0
32286
44770
0
31672
11507
0
112947
0
0
115816
0
0
26432
30765
0
107776
0
0
113306
0
32316
0
0
0
15200
0
5510
0
0
51825
0
0
29765
0
1860
23593
0
69080
129914
0
93324
0
0
25503
0
0
0
918
90920
17289
0
0
0
0
68598
69408
101876
38440
13784
0
0
112885
105122
53395
20309
88813
1159
78965
0
67971
104689
0
37622
0
98194
0
9601
0
5423
74486
0
31427
0
34716
0
32339
0
84029
0
34580
0
0
0
0
0
0
0
7214
105494
20563
54656
70595
0
103732
89029
20548
0
0
0
9959
4441
35823
0
0
0
31053
4665
41853
58432
46769
0
14691
0
16038
0
11444
0
0
0
35734
0
0
0
9541
0
0
0
79005
68471
120901
0
0
92663
0
0
0
10404
0
0
29658
0
0
0
0
0
0
0
0
5307
0
88274
88448
0
46840
0
0
0
33245
13135
113915
53021
9901
61354
62504
101890
0
0
0
0
0
86194
127995
103131
0
91692
1789
0
104551
106360
6560
0
0
101052
0
41007
19253
50820
0
0
0
2400
0
0
43976
0
33944
0
89337
46988
0
110985
12574
0
0
57338
0
35859
6937
87399
0
0
0
0
0
15294
2790
0
0
0
0
0
29801
0
19914
50020
20159
29481
2911
0
0
0
57047
0
37787
14203
41077
0
0
0
0
3778
0
41985
0
0
0
0
0
25680
6526
52214
83737
0
0
0
44473
0
118937
56392
14783
81700
84792
0
52503
30364
80296
115710
765
3145
18564
5810
0
43502
28616
0
41170
0
0
0
27068
123636
0
20883
0
17980
28149
79759
54708
0
0
0
71024
204
41947
81824
0
40826
0
96591
0
59680
93975
8355
14675
0
115630
0
27578
34524
0
67595
0
0
12190
0
187
0
32736
51892
51775
0
0
13405
106540
19932
4107
0
0
0
80959
0
19085
55009
0
5778
13479
18150
0
0
0
0
69679
0
0
60816
0
79789
50904
13322
1948
0
38725
0
65987
6902
0
0
103830
0
0
65421
0
5131
123917
0
55990
22256
0
0
0
0
0
0
103072
61383
0
23023
0
89284
0
12860
97809
0
127456
123961
0
0
0
0
0
12308
7717
0
0
0
107409
0
70935
0
0
0
17422
32276
58359
0
89583
17331
1583
22897
7621
0
24936
0
102510
0
0
0
55628
34788
0
0
52187
43592
0
0
0
120982
55843
0
0
60770
7969
120994
0
0
0
1137
87628
0
63873
26265
0
0
0
0
0
0
67332
56795
110493
48265
10179
40138
0
127831
44127
0
27670
2723
0
67736
3610
0
0
9087
0
93533
0
0
16768
3473
0
0
2764
17826
10105
99209
0
0
0
98630
100362
99320
12718
54942
0
0
9396
0
0
0
16986
0
47768
40736
79895
70535
42085
37962
0
0
114980
129934
6867
129446
0
53429
0
67821
0
0
14269
58392
0
8734
3098
98816
88674
18164
0
6863
0
12516
0
127178
0
54950
0
40113
71981
3410
6778
0
74668
112221
0
0
26245
14484
117174
21243
0
123041
12060
13338
5129
31286
0
39552
0
0
1329
38273
11259
0
0
0
8494
0
28695
1711
0
4686
0
0
5108
0
89001
0
0
0
18861
62955
0
55760
0
0
10611
67022
0
55200
0
0
0
70868
0
124826
82722
65685
34274
0
107330
9107
9615
0
126953
1761
0
0
0
0
75016
0
129
75199
0
3050
0
0
95643
0
0
0
0
0
0
0
0
0
116742
26679
0
113152
13257
18730
53946
88341
0
6274
45765
37478
57743
0
0
0
8576
0
0
36019
23922
0
27393
21289
24671
0
5442
80156
154
102849
9158
96512
76383
0
68142
0
22893
0
0
6313
26471
35897
0
0
0
31100
83165
0
0
0
0
382
0
37383
63486
0
29913
59963
91347
0
39471
0
0
89109
12967
0
57790
11558
0
68881
0
88607
0
0
0
44010
0
0
0
30612
51749
0
36842
1667
0
79603
0
0
447
0
45517
0
24394
0
0
26205
29629
0
0
29249
0
0
18871
9702
32117
0
24483
0
12604
31013
0
122410
41488
71551
998
30073
5632
0
29676
27249
13123
30574
0
49913
0
8781
0
0
9312
41853
0
72603
0
0
47670
0
71379
16641
114033
89058
0
18074
0
52794
64662
0
32103
0
0
0
64740
124056
55900
0
0
0
17563
0
86698
2666
14405
0
35905
16869
0
0
0
0
0
77017
0
0
0
71272
27851
37071
48106
63673
6671
126799
0
0
48481
8084
0
0
0
0
106824
0
0
0
0
10475
4733
0
0
0
35713
9754
0
55854
0
68094
20451
0
0
0
0
0
126441
0
42331
12704
0
14265
9014
0
0
34712
49636
0
0
0
0
0
4954
36859
34004
105763
0
1392
0
0
2487
0
0
22747
91971
38873
32456
126739
25023
98418
28445
56161
0
37122
5943
0
3974
81102
0
0
0
6712
87659
0
51057
71762
4265
0
33862
25507
43200
58347
18151
0
11293
0
0
0
66170
21129
0
112078
3992
45236
39389
3077
74117
0
0
15312
105908
0
0
69931
0
0
0
2120
104513
0
0
0
20406
0
0
3869
0
0
87453
80729
111958
10331
80715
76465
101720
21009
20120
1558
74867
0
32950
76031
11069
17418
0
0
0
24567
0
0
75150
93249
35688
0
0
0
70349
110573
63570
19140
0
0
100716
586
41582
50416
38919
13864
72902
0
0
0
0
0
55068
18230
16890
65418
59953
0
0
62913
92684
6023
2301
0
0
3400
3530
0
126820
0
0
60415
0
11200
109406
0
1197
0
0
0
0
97418
33394
0
53413
70298
88610
0
51463
4159
46474
31692
75574
0
0
15631
0
26123
73740
58872
3780
79982
0
0
59823
101201
32786
92447
46654
0
11451
5404
117475
0
5977
0
0
53355
104102
51971
16217
0
0
409
0
0
74000
92326
0
13620
0
0
30530
0
0
0
65183
87305
25532
0
97820
82526
56091
31691
58145
5222
0
1407
0
28655
108072
51253
0
0
108124
24714
31067
0
66855
0
57574
7578
37152
119236
6019
59214
8017
0
39826
22593
0
109173
61922
0
0
0
0
74876
33672
5121
0
0
0
20729
14319
0
57253
10022
73367
49230
32132
17558
0
0
0
19822
103734
0
0
6332
12465
89511
45028
128986
33668
85142
0
0
80508
10494
0
0
26908
25256
14718
0
0
79660
2808
0
0
0
0
16004
3982
24237
83660
8452
0
15580
19962
120125
9084
24431
60659
0
83954
35556
18236
5253
27156
0
0
0
5201
5123
0
0
69761
0
0
75716
11294
0
0
0
0
0
0
70992
20664
58560
6026
0
27993
0
251
43010
102946
987
0
88220
0
19597
0
0
0
0
82042
47754
81000
53612
291
16798
0
85501
0
0
0
92197
123399
23025
0
29263
12231
37025
28826
0
75514
12880
93005
2995
0
44774
0
0
0
0
29367
111569
0
0
0
0
0
0
51232
0
29895
0
0
60159
0
12673
122932
6463
0
44482
83072
0
1846
34388
100712
18035
111205
0
0
62874
1666
0
60579
0
24986
69889
0
41159
10206
0
30693
42295
59213
51088
0
21596
9326
0
0
101738
43472
71766
0
0
0
17971
0
4461
31523
9224
4484
0
0
58890
0
29544
0
18851
2004
37246
0
29768
0
0
4061
0
14743
42781
0
0
29425
0
534
9326
84331
94676
0
46106
20255
115978
84571
103974
125057
0
0
0
78065
8189
0
14123
14942
0
14821
41240
0
33748
19138
75966
114891
0
0
53887
0
0
113039
11779
0
0
44163
0
90063
0
0
10188
0
21551
0
0
0
0
44853
102042
112475
51016
7441
6436
31595
0
0
0
53961
0
71248
18217
0
37330
26166
42973
0
0
63478
45772
13961
0
45212
13749
0
0
45766
0
3914
0
44108
0
25478
70297
15111
88166
35047
29874
107570
121626
0
0
57318
4383
71350
0
9901
58739
0
83472
79384
0
0
0
0
0
4441
69460
0
7572
0
5893
89895
0
4629
125730
0
49843
65393
1948
0
30146
0
9734
5587
92777
0
0
9598
0
71209
0
0
0
16680
0
0
0
12311
71732
27653
79956
0
0
0
0
120275
0
53823
89465
1155
0
0
77616
36168
2938
28612
30989
3287
0
0
0
534
0
0
55579
930
89109
56710
4026
57744
69617
0
57959
3075
87543
0
83668
21600
0
665
27587
124392
78374
0
0
61441
120783
39793
0
112707
7210
0
0
0
0
0
0
26853
0
0
6622
0
0
101666
48087
0
40574
95030
0
29123
13673
2538
35804
54690
0
0
5773
0
0
76644
0
6521
17942
0
11175
23381
79923
0
16164
0
0
0
0
44116
53539
0
0
0
41535
0
0
0
10101
0
0
110355
36032
41999
65043
108439
34314
57374
0
3225
22416
14458
32197
70083
24203
0
11504
0
26080
12426
104409
9658
0
96946
0
0
124268
0
116513
53560
0
0
36573
32389
112580
0
0
118785
40385
0
12258
0
0
0
67266
0
0
29538
24670
121630
0
0
26736
0
0
13330
14402
59130
58367
0
26425
121449
44106
0
0
0
38028
2619
0
86360
24522
0
13877
2148
0
115708
0
100673
129054
18870
33470
80223
0
0
5517
110644
0
0
0
46887
0
77671
13924
0
93769
50234
0
35670
13122
0
6505
101380
43721
117455
0
4087
0
0
0
0
0
36497
13664
0
0
0
9501
50733
91045
77747
0
100628
0
0
2434
14231
42341
0
102949
49015
72332
62480
0
0
0
128278
0
59207
0
0
87426
0
1631
0
0
0
12458
4604
89781
8336
0
0
0
0
8303
117013
0
20186
61365
0
0
0
110334
0
0
0
0
0
56128
9092
59882
87849
1431
56750
37991
5290
0
2865
44506
17537
0
41030
0
58149
0
33689
83862
0
78234
0
89315
0
0
24782
40909
0
74196
122300
5615
0
0
0
112564
0
54182
38688
0
21053
0
0
0
0
50886
0
0
18261
28559
70817
23932
48233
102657
4918
36516
38216
0
65024
24833
86700
11213
0
79617
105548
0
97036
129113
19256
0
49401
72870
37676
61864
0
66983
0
35984
126876
0
17687
0
0
125903
118991
7291
0
99417
0
0
0
0
117210
53195
1217
0
0
10408
98023
0
3244
17088
508
5259
61138
94301
0
0
7767
730
0
53510
7251
21586
0
20068
0
21687
39887
0
4352
102260
29083
75013
0
36409
0
93716
16016
0
0
0
35859
19500
0
0
1974
45286
11757
46715
92017
44093
39980
0
0
14322
121004
20035
46205
0
0
8406
0
0
41182
0
125080
37800
12218
101993
46873
11076
1058
0
6405
0
0
59148
284
91545
4821
0
0
560
71830
0
61412
0
6097
15636
0
0
25890
83405
40265
0
0
0
9605
0
121942
25010
114451
38851
0
1536
103680
0
72310
0
0
0
45113
42797
11453
123925
84533
0
63537
70064
0
122050
30302
25951
4317
0
7741
59110
0
69150
98226
0
0
0
0
0
9992
0
30921
6757
0
71704
87879
101073
16138
59584
85611
121430
15962
0
0
115770
1883
100791
121567
36184
0
0
121717
6534
0
0
14308
103441
38895
28994
0
2659
103857
43589
0
96705
0
0
118736
55205
79122
0
22746
0
0
41401
92218
61045
37761
81701
5850
0
0
7607
33328
0
0
1892
71595
0
34161
34719
120073
0
92409
19013
0
12333
0
0
36348
0
0
5033
0
0
70469
112415
93084
33350
0
40493
14611
126755
17041
8456
1715
12662
0
117671
95814
57462
0
0
0
97584
97442
8265
65183
95542
0
0
0
83543
0
99582
0
27326
0
60510
0
0
14569
54739
8192
0
37530
2335
100501
0
54810
70608
0
11980
0
47876
47335
0
28842
0
0
1687
96097
40458
0
0
83091
0
81714
0
98168
38952
0
38545
96839
120125
28294
0
0
97566
0
0
34814
6357
122949
28423
45078
0
0
0
68659
81066
24600
0
0
0
100636
0
0
102964
57846
32994
16548
0
0
72090
12999
61049
15609
0
76257
16458
0
47616
0
0
69886
80184
35098
0
76004
75830
0
0
0
128745
0
0
71076
59293
0
0
0
0
111923
0
32080
0
30400
3321
0
14617
47985
0
111753
5185
57077
2124
1196
73264
87844
78955
0
64949
0
0
68297
0
92847
14457
49752
38645
37572
0
0
104407
0
46647
0
93637
61460
63970
0
0
22228
0
8145
0
0
44472
56188
0
0
19239
0
0
104751
0
0
0
121225
409
128133
44495
2364
72942
69493
0
114275
0
0
6131
91
0
37656
0
0
0
0
0
126140
0
67002
0
0
0
0
118875
9302
0
109819
92026
24426
0
49342
65765
0
0
0
397
0
48626
0
14967
643
57833
21107
0
34361
0
0
0
110948
0
0
0
0
0
0
0
32147
63377
0
0
17657
0
0
0
1650
0
0
67763
0
14054
0
0
22281
1706
38771
4063
0
31280
0
108801
12792
9968
5301
9296
0
4707
0
29191
2242
0
29811
0
36577
0
0
0
0
0
0
125090
0
6208
0
0
0
54775
0
0
0
40248
70124
0
0
3364
0
93602
0
14259
10826
11943
68588
0
14483
37480
1065
126322
0
0
0
56469
24792
118937
0
0
0
46359
114861
47126
7597
86216
118816
106936
31221
84210
39105
34350
125826
0
0
0
6286
85474
236
0
0
95445
68577
58348
7337
31739
0
113539
0
61994
109432
127856
0
21349
51810
0
94762
0
0
113272
18671
121176
30617
26572
47109
0
0
89979
0
4425
0
52079
12908
0
16761
0
3858
29114
81294
22221
33262
0
0
0
4686
41509
8044
123574
0
0
23801
10364
55663
0
7137
113892
6542
10228
0
0
12623
55175
18096
0
55164
0
57093
922
0
16099
94575
15719
42631
87130
0
0
0
0
0
112217
77996
23192
111668
0
38533
15305
125499
0
0
0
0
15754
18283
0
52654
16782
14982
0
0
0
0
120535
49112
0
86977
66845
0
4341
0
23566
0
102651
0
21358
0
8491
0
0
0
121835
9220
0
0
0
0
49507
25448
0
39404
21069
0
9409
0
0
0
0
20614
0
14693
67181
0
11067
0
19911
0
120573
22392
0
18951
68570
0
11595
9524
0
0
109002
0
81965
0
59446
34328
57442
0
0
0
40832
0
0
52202
62262
0
0
62978
0
40443
0
104798
0
2157
90840
6267
0
75605
0
0
12940
72687
73116
65520
0
0
75684
0
0
0
78410
9260
0
0
0
81837
0
54814
74570
47658
77663
106365
0
114177
26043
90
126534
0
0
0
80798
49140
71385
64671
0
0
0
0
9038
0
0
76213
4318
28128
49795
7618
78644
0
2591
11604
0
0
0
0
33090
0
0
0
4693
0
0
0
19001
0
0
0
8614
93551
7138
80405
0
0
2649
6080
0
0
0
0
0
0
59930
0
100916
85188
125840
0
4673
3060
0
52411
0
9876
0
0
483
0
0
0
25971
63281
53652
3602
6854
0
58558
75321
0
125503
4039
0
90872
0
0
3240
0
0
0
0
25848
0
0
127903
0
24617
23418
3111
50326
0
0
0
0
0
0
0
69558
99337
24962
0
51
25058
0
40902
0
0
81420
0
20617
0
0
8297
0
8882
0
14812
12617
2366
42628
0
2464
92085
76702
76623
2280
6277
78821
63928
0
0
19605
59761
107547
0
103969
9098
0
0
0
0
1384
2232
42078
0
0
0
81391
28527
52175
0
61300
0
127549
41350
36026
0
31412
7909
0
0
101729
0
0
6707
0
0
0
0
10105
5930
27951
0
198
3149
0
0
37304
2140
3088
0
109843
0
0
0
0
14063
0
8144
0
10594
46564
0
0
34831
27536
43353
0
66853
84539
0
3936
23411
0
19148
0
0
0
12333
0
0
0
2110
17740
59890
128011
103239
27246
12576
0
5367
0
36580
120316
0
58503
44636
0
0
0
0
64333
70033
0
0
4922
0
0
121248
31159
0
0
0
90000
0
1084
43297
0
0
0
0
0
86775
0
83971
2373
0
6843
5706
32284
0
0
0
0
0
0
55772
0
0
0
34005
0
0
103498
129051
0
0
40690
40943
0
0
47385
17863
0
8451
0
3965
198
377
12066
69206
0
0
0
124694
37371
19117
0
0
119005
0
0
0
99098
115418
63143
0
0
0
0
23481
6678
114548
0
53974
0
0
0
0
51454
10728
52567
110310
57166
84141
368
0
0
124525
0
17429
112042
0
99232
99349
0
384
126559
0
0
55243
0
12492
0
0
65860
21099
0
84028
0
0
42420
25588
51839
0
92429
0
26563
15330
0
0
23208
63772
37953
28375
32180
108281
0
25764
0
59741
484
0
0
0
0
72858
0
100569
16038
106493
111195
15926
89641
29417
87329
0
0
0
124355
0
58468
0
0
0
0
15293
0
81019
13447
0
0
0
77543
0
7548
6028
38542
0
0
20399
0
119237
27124
59972
53500
0
99925
29617
0
25856
113442
0
9344
13108
0
3140
50298
0
0
25072
8088
48549
0
119509
0
10577
58617
0
115405
0
4639
0
4479
12270
105378
0
74445
27992
0
121410
0
27000
57170
0
0
49410
111902
0
0
22121
4996
11951
89218
39781
0
0
0
26504
47226
11111
0
0
39935
0
0
0
0
0
0
23812
0
0
0
0
127820
396
0
0
26702
0
0
0
4382
0
0
91023
0
111239
36232
8655
72340
0
86565
26825
0
120126
0
83443
0
0
100055
0
121383
0
0
0
0
17719
7526
49552
0
0
0
83546
0
15606
0
40180
10611
31449
453
24748
129632
0
22710
38957
4024
54044
106980
7577
0
124936
0
88438
0
0
28077
3977
100319
81165
17119
0
1275
0
39738
7449
0
0
0
67970
5191
39781
31075
0
0
0
0
25664
33113
22117
0
12310
4424
0
55337
39030
0
28615
67548
0
0
62161
0
0
72715
88084
0
29576
18487
73565
71911
119415
81267
0
128533
0
40546
0
0
77176
0
11295
0
0
0
0
109192
4756
0
0
0
125359
58441
0
0
2629
0
0
38896
22178
13085
9095
47993
10639
106242
34009
44957
87823
183
0
0
0
5162
0
110479
68002
121121
0
9781
127336
103367
91386
96467
0
92771
0
0
240
9189
0
0
3652
1507
0
0
45743
0
0
0
0
0
0
0
6226
0
0
107997
14926
0
45667
19824
127729
0
0
9599
0
121199
12407
0
0
0
6338
74630
106267
0
12106
0
0
10262
61915
2139
15610
12989
53483
6615
3580
0
123288
74572
101694
119149
0
0
9204
96640
0
0
5698
37733
81618
46265
6552
120765
33521
0
30058
0
0
0
91264
0
5243
0
0
87153
0
73126
83224
0
0
42789
0
58865
0
102203
102097
0
0
0
0
3459
50709
34918
5445
67182
111032
0
124990
0
28759
80400
0
0
0
22743
0
113844
23935
8555
0
108961
107515
0
78012
0
48949
0
0
0
0
60282
128724
73595
0
0
104821
0
0
8031
121211
68177
0
8186
0
0
31170
0
0
98751
81117
0
26879
571
0
0
40782
25524
0
22537
30060
6121
22550
0
0
30268
42023
12050
80632
0
116223
46454
2418
50669
0
60737
1344
89775
77915
0
0
0
37258
6430
4168
0
106844
117388
124387
96018
59713
44305
0
0
67281
0
3524
94031
0
0
0
0
111106
54162
0
73025
0
0
40526
0
14091
0
0
0
0
80956
92773
0
113838
2722
0
0
56029
116287
0
2669
95753
4725
0
60030
32551
109458
115617
0
100596
9004
8369
0
0
0
0
0
122923
51452
0
0
0
0
88945
7581
0
2257
76723
49031
0
48327
115848
90505
21653
0
89910
35956
0
61773
0
54575
295
0
0
12990
0
0
129922
119441
125631
14165
4147
0
0
18118
0
0
75607
0
10064
0
4856
40562
71216
83123
0
0
109397
10003
0
739
57627
43224
0
8204
0
0
5703
75802
53809
0
2667
96467
23828
115842
0
0
0
28200
74557
51848
0
0
107119
0
107056
0
0
25337
0
72781
0
0
106038
0
97262
20816
76785
71442
0
57005
40822
10362
0
3675
7627
104240
68869
86089
1885
0
0
0
50760
0
0
0
1212
10583
100078
48380
0
2498
0
0
27587
0
0
60047
0
0
40652
0
0
91367
0
0
0
37599
0
115401
0
10324
0
10555
105810
0
0
23133
80275
0
0
59604
18611
118842
0
106398
0
8955
60077
1515
0
0
13202
0
11452
4026
11286
49594
0
17141
0
93503
0
0
2087
79522
0
0
26151
0
0
0
20248
121805
7458
36499
24180
0
58998
43625
96039
9397
0
0
3987
113021
46872
3539
0
79800
57422
71306
46040
6479
0
110516
0
0
27237
79610
21382
63155
119300
50146
114489
0
4398
4601
27259
0
0
0
0
0
35930
96418
35966
0
0
0
0
0
33963
72436
74344
2538
94044
0
5632
0
0
88048
0
0
25696
21229
0
19456
117357
0
37641
15706
99765
10009
0
5661
106825
48379
40754
34877
0
26776
45117
82657
5676
51835
4343
0
63681
0
0
0
41374
41156
0
0
0
0
53512
0
12198
104003
0
5080
0
55818
0
0
31058
83548
1152
0
0
105703
120105
0
6155
28552
74830
0
20650
75980
0
0
57741
0
0
8829
38293
0
770
0
9661
0
2449
12220
32990
79505
2883
0
0
0
56419
86190
16997
2371
20867
14316
1060
83723
0
86990
0
73200
0
0
5543
0
0
0
0
3717
101595
10757
0
0
27820
126535
96841
0
120900
0
0
0
0
63301
57882
4683
0
85654
5815
0
0
78980
0
0
88683
99541
0
0
0
0
30090
30202
0
0
24664
63410
0
0
0
58260
0
2539
0
0
0
0
0
94100
0
0
17872
79990
0
0
0
0
20209
111807
0
9209
0
6873
25548
0
0
16375
16473
17069
0
45579
0
8102
0
0
70163
0
0
0
0
74748
7214
38283
0
0
0
0
86333
0
0
65444
20891
60844
69212
3115
19545
105963
40625
91277
782
74544
103756
0
23076
0
0
0
13115
76939
0
0
12113
0
0
10985
0
10639
101596
31347
49723
41363
101789
5784
0
0
0
0
0
0
0
109909
48308
110780
66077
58266
4752
0
45714
36671
0
53340
11342
0
0
127194
0
68588
20425
11718
13320
93033
0
0
0
17230
11570
0
2623
110986
52519
0
13352
38063
0
0
0
113588
0
70419
0
44034
26224
34016
29278
7153
17455
0
0
128651
50291
2548
0
0
119844
70426
99336
15372
17668
104985
0
0
0
59036
0
1569
7178
0
0
49685
114871
32084
61254
0
0
7792
33363
0
0
0
65027
11268
0
0
8244
85513
0
0
932
76240
0
0
0
50550
53203
69457
48794
86563
97835
0
19409
4896
0
0
0
0
0
55789
1988
6948
0
61746
1427
27891
40630
7794
0
39879
41985
116973
27569
15914
0
1448
59304
0
18433
10806
78912
22245
124964
8124
51188
10259
0
18249
8777
0
122790
89346
8990
94942
13625
0
58383
0
46166
8251
21003
117178
0
624
14751
50821
11968
12439
41129
13305
1990
0
3022
81598
0
9883
0
52175
0
110401
53292
22168
0
103723
0
62675
91402
0
9218
35248
15898
42762
0
0
37064
0
112879
0
37293
0
0
118464
0
12087
12745
0
65763
37443
82411
14685
0
0
0
0
2255
123366
0
1910
87833
279
25803
26341
38947
11444
0
0
73305
49753
3216
13353
0
103156
0
119470
19673
0
2724
20457
0
45366
0
0
0
0
0
74894
109193
0
102800
0
0
68462
0
23758
0
0
1247
28848
0
3690
0
39715
0
6877
91108
6987
115211
24722
61699
121642
12769
5954
57886
0
126463
0
27230
0
8530
0
0
24704
0
13
41044
0
0
6342
117635
1896
112120
67520
74680
53130
0
0
73780
124225
238
95402
9170
0
0
74451
0
0
3261
0
0
24541
109687
0
0
0
127470
0
0
0
55432
0
1736
15946
0
0
89039
94860
0
31743
36789
124352
3141
0
0
0
89893
24699
37820
88016
0
12311
0
50347
38558
8479
120727
7241
0
2695
23707
73485
49714
0
2261
67373
0
54582
0
0
10103
0
0
21757
30060
0
44745
12947
0
0
0
28302
107445
0
0
15301
7471
39767
71288
18036
2268
0
0
8160
38251
17722
12
84045
0
0
0
125292
0
28813
11343
0
58829
0
76595
0
0
36192
111811
0
80069
0
61357
0
0
1211
19241
0
110193
7938
0
47191
81447
0
0
0
0
0
3203
0
0
77274
0
0
41742
122346
0
0
51422
16619
0
30826
97174
0
0
21360
88743
94310
0
0
0
0
12151
0
40124
95661
2116
8100
39306
0
81699
19965
44883
0
28963
0
2395
0
0
114701
93938
29713
64727
0
0
0
84963
0
0
13949
0
63521
0
0
21592
89801
97226
0
24227
0
4086
105282
105392
30225
0
0
0
4359
21150
73668
41414
18036
55690
123895
33912
14060
109714
0
9089
80552
0
9816
86925
16371
0
48310
0
0
11498
45605
30309
32598
50717
0
0
46111
0
114315
10237
39680
109112
0
79523
78088
18954
127391
0
99753
60843
29075
0
9609
0
123463
67713
77881
954
0
48890
0
72716
0
48095
62634
82158
13136
0
0
0
0
0
0
0
78166
54422
0
14253
0
0
129823
0
48742
7773
0
92710
11930
0
0
107201
0
13242
0
119436
981
0
0
0
89106
6281
4994
0
0
4440
114218
85724
0
105838
10368
0
0
120601
62373
46049
0
3215
0
0
0
76991
0
0
57602
119850
43756
108650
1843
0
11565
35159
8055
0
0
0
0
0
0
0
45566
0
1776
91029
0
0
0
0
8915
8725
0
40841
94599
41786
41902
81942
166
0
0
10138
224
28477
11357
0
0
0
3083
37132
0
23043
68670
0
0
41231
107442
10727
0
4126
41840
0
0
74828
0
0
0
61477
0
84672
70024
68124
0
0
0
0
5019
29791
6257
24162
70392
67800
65750
75569
45183
57092
0
82933
21934
9753
43119
0
33868
8071
0
0
0
0
32970
64473
0
8234
0
0
0
0
26536
0
115858
0
0
175
0
0
266
0
84882
0
9676
61976
5186
0
233
0
108156
0
0
204
23511
11502
20526
0
0
0
71189
62537
0
19074
49718
79321
27480
0
0
103875
0
0
24907
0
0
0
0
21546
81339
0
31025
41397
33932
25991
0
0
0
0
27640
0
0
16320
0
42509
2122
17767
110717
30400
20043
95971
0
0
58968
0
0
92730
0
121288
0
0
0
0
63237
49860
126209
10509
91387
0
0
17893
0
5385
9366
47758
101556
96
127646
64725
0
7677
0
52193
98646
0
52276
0
36916
0
9657
1760
71765
1480
2905
16931
0
0
129753
0
30770
0
62322
0
0
79272
127576
6565
0
0
0
0
0
28309
25743
15669
118585
0
99614
0
88860
0
39745
0
0
0
26393
11886
0
56631
61580
108868
0
29217
32531
13070
0
11026
34084
10517
40335
110396
4673
0
33438
0
0
0
23243
0
0
0
0
0
2516
92564
0
0
73069
67374
0
0
0
30571
6544
39082
8892
0
0
118703
0
71266
110728
15559
0
0
60640
100194
0
97224
74858
15415
41109
29381
70129
1120
55911
183
23022
0
96462
53992
0
75602
0
40421
0
0
0
0
0
93389
16103
47536
65206
0
0
5604
0
7380
9853
91253
0
0
119792
98706
25769
14697
42565
20927
0
128585
0
0
24135
0
0
14452
0
0
0
0
0
0
37191
0
13314
15142
1545
0
14210
0
0
0
0
20772
0
0
109413
0
125397
29713
0
0
34048
84626
21950
0
9924
0
47683
0
103516
0
0
6012
79883
10963
0
71804
116452
0
0
0
0
43929
0
0
0
0
0
16375
98742
0
21558
63131
101880
0
20155
2440
0
0
81976
98373
30834
0
0
124164
0
61365
41329
0
0
0
0
0
0
84661
0
0
10988
0
0
0
15580
26435
5775
100085
0
22784
102927
44113
29879
29648
0
112613
37086
14902
1778
0
0
86238
8187
0
103408
65858
37776
0
0
96054
0
0
9641
0
0
0
0
0
0
2081
96497
0
0
94346
58272
128225
23537
0
120204
0
96882
0
0
123794
0
36569
0
0
66776
0
0
61060
0
0
0
0
20939
3431
9447
2058
35406
87568
0
0
36265
106884
104250
28746
0
30891
112342
107085
106858
0
5913
0
50929
59021
90133
0
0
31461
22842
0
0
64580
0
9555
35106
4848
83457
61182
60036
2720
112994
12799
0
0
0
10226
0
52755
0
5771
4552
94416
0
57340
0
9429
11326
67352
116158
27318
68670
0
0
123434
0
0
0
12866
0
8891936
21338
390
5952
0
7735
67665
31154
30196
4975
35671
123038
9351
1009
11714
0
47076
75231
8783
28036
0
0
6657
41515
92427
0
120056
2709
24905
21402
0
0
0
0
0
33298
6839
0
14069
0
0
0
0
57476
50308
0
0
19193
55037
0
81808
7588
5218
2728
0
21777
31788
8259
101
0
50809
0
0
80657
0
24091
7054
54587
39619
119969
66218
6307
48069
59392
606
60440
0
16825
91850
1045
88926
0
0
63376
0
0
2602
0
12807
0
23691
44480
11341
50870
68653
0
5365
0
0
0
11649
111507
0
0
0
125088
0
11255
7986
16374
118833
0
0
9202
0
70052
0
0
53053
12599
0
29989
0
3778
0
115991
0
0
6090
0
0
0
117468
50560
20007
108203
30909
0
0
0
1995
0
13417
44456
2698
0
38942
0
0
30752
13077
23973
70376
20637
0
70377
0
3517
12342
113833
60862
0
93362
8386
21833
0
32590
0
83300
50856
93191
2745
34781
7352
15663
0
64448
0
20413
0
0
66343
100035
66502
0
0
0
13144
0
0
70783
51437
0
0
0
73458
36618
16750
0
6487
0
0
8476
17916
0
0
71665
48989
48969
43912
110285
25477
1226
57771
0
0
116541
0
0
5990
8509
0
117090
0
9605
1107
603
6117
12528
11333
0
0
8870
71756
0
5531
0
0
4132
85059
0
6953
93629
22942
51243
20431
124438
0
0
8853
0
0
108577
0
0
96146
72200
121433
98613
56278
96072
0
10707
0
28112
6374
50327
16958
8651
15313
0
0
0
0
38776
5836
85610
17450
71738
79533
0
12372
5680
66338
7394
76589
44683
22835
29294
4586
41434
0
30545
17703
29888
11223
51598
0
0
55354
810
0
0
1527
65094
0
0
0
0
0
0
65768
73142
0
14252
0
114660
61021
0
0
0
32657
9018
57076
65871
28545
65192
0
12960
1647
51938
693
21056
0
5573
0
74794
4440
100014
29385
0
0
0
59673
116207
26958
52874
0
0
0
22925
29296
2408
61290
0
0
19765
6683
0
23486
0
0
0
46805
54004
6371
20415
0
75104
25902
0
0
28108
0
11318
0
19530
0
0
28
0
0
68248
70769
1607
30136
20204
0
0
0
0
0
11399
0
7989
65281
92615
0
0
0
0
0
0
126781
0
119141
0
0
114580
156
72668
0
0
0
117519
41683
11746
0
126619
36262
0
1082
0
0
0
23834
11275
669
51298
7461
43885
0
21411
0
0
0
16442
95566
113526
0
0
61409
126402
63344
0
0
0
56587
0
0
14381
8542
33410
0
0
0
52446
0
0
0
28007
13608
12057
0
0
24409
6352
10547
49844
20925
0
2303
0
125453
0
59698
0
0
0
122907
0
0
0
0
0
0
0
63753
0
0
28038
0
19032
40390
7820
20937
16932
54901
0
89402
102609
0
81848
0
34069
0
0
105574
17921
87213
0
3222
0
0
0
43045
80081
14295
7654
0
0
3297
0
5255
110557
64483
0
0
0
128693
0
44622
106339
72950
104262
0
0
0
0
13026
0
0
13455
0
6558
52411
102295
0
0
93977
13272
0
23078
0
91224
0
123958
126890
0
19199
122989
10195
0
0
1622
0
51293
0
0
0
15838
46294
0
0
0
0
0
10968
0
0
21101
35892
59016
28903
55010
122871
0
0
0
0
75991
22
0
0
0
32474
12633
8225
0
0
0
0
23257
0
0
104690
91331
66745
0
0
7037
8668
0
0
6846
0
0
0
0
4837
88858
0
29649
0
0
0
5271
0
0
106672
0
6122
0
24402
0
64418
12196
14640
0
58978
82631
0
8809
0
61536
4452
54949
12849
35980
48845
11373
0
68988
90375
11148
0
1267
0
0
0
43345
0
54491
27847
1750
2888
64152
85823
63656
45405
0
0
35794
0
0
0
0
0
0
30712
3202
82873
0
1697
118690
22108
0
26811
0
0
6528
0
6945
90201
7407
40950
0
0
0
0
0
16489
10944
116910
15983
12208
119043
0
49336
0
104192
0
31377
116880
0
94293
0
0
49760
26750
81502
0
37837
0
45066
0
0
60651
10328
0
0
49728
0
97689
113798
88711
34606
22966
0
2044
70981
106963
43199
0
92934
11057
22022
0
0
6335
0
0
2972
0
0
129737
0
0
0
6858
6087
60246
0
13349
113499
28012
54322
3637
2841
0
0
26453
0
3531
17483
57478
0
10937
0
0
0
0
0
0
9695
50307
0
70349
76722
15163
111855
11369
11913
0
0
0
101353
87739
114416
0
37689
9854
0
42676
0
91387
16636
9016
5764
0
119778
0
0
0
0
0
0
99608
48306
0
0
13276
76898
87513
15997
0
0
0
126796
1646
89314
44014
56803
109533
0
108047
0
0
71911
0
100063
7136
0
0
0
0
100897
2862
0
0
0
73129
0
0
45420
66097
6151
37048
0
0
0
117829
0
0
105486
88979
109226
4674
1111
434
0
82632
78377
0
24060
7203
11299
76256
115072
0
0
0
22584
0
104768
116585
36687
91509
51485
7343
48176
67606
101605
0
0
108851
106327
0
57916
102124
0
0
0
66786
100811
79627
17229
17927
1730
0
0
0
0
11533
0
0
104031
61344
7440
57532
0
16
0
105371
0
0
82146
44867
68894
0
117653
0
0
30963
0
0
0
36470
12351
0
72344
0
0
27078
54830
21439
0
84196
0
0
0
0
116376
0
40592
0
0
17950
0
1499
409
0
79877
81677
89379
0
34442
0
99882
0
20665
43365
61476
80386
6433
19268
0
52560
64061
0
65887
0
0
29998
6304
37171
8
81723
57519
26692
0
0
0
122794
0
0
0
0
30674
52634
115093
0
2836
0
0
8777
0
12332
1736
0
69007
0
6070
0
0
91644
0
40104
0
4193
0
0
0
12791
0
0
0
126602
0
82329
5458
24971
13281
104371
115912
9011
4488
31988
6182
90855
0
95791
0
103385
2759
23892
66409
128012
55654
0
0
0
10666
48690
4609
89362
0
57402
5592
0
0
101969
42500
0
72851
93142
4810
103034
1036
0
60529
0
0
0
60408
0
50502
87853
0
71385
2687
0
34981
1861
0
44318
104089
0
44146
0
0
55113
0
72301
0
0
108669
6888
0
0
0
50665
0
0
0
0
0
26177
58882
24814
0
44380
35953
62824
35228
96816
6172
100536
0
106314
3907
91284
56028
0
0
78813
129578
4411
2678
0
0
0
65025
5995
99699
2170
117440
48627
0
2397
47856
0
0
0
99324
0
12815
53380
0
37314
0
0
84635
0
10939
0
93392
0
0
126454
32775
47203
0
0
122990
0
0
0
0
0
127161
63594
0
0
107591
16498
0
14606
71162
62882
0
51967
0
104631
9203
0
0
0
0
76197
0
25399
0
102039
0
26398
3007
85077
82624
0
34891
103473
0
65077
35332
0
0
0
44436
85949
10286
51019
0
18123
0
0
0
0
0
0
10131
98360
28558
0
54678
30636
0
3981
0
37931
0
0
0
0
0
0
6706
574
8511
3377
0
5022
0
0
0
48555
0
70021
101691
857
12845
68589
0
21620
524
0
24219
0
109687
94139
80657
82032
0
0
86758
0
0
0
0
0
38211
0
0
0
0
0
3550
0
78153
30458
52481
0
0
0
11294
0
90218
0
0
0
0
0
0
100539
77165
3032
3981
95158
8618
11357
39078
0
11070
0
0
46183
36524
0
114203
59385
42650
45571
67626
0
60238
102138
121992
3338
61359
97184
0
6396
6121
54372
81142
43914
0
0
13714
57832
0
41778
5851
0
0
7932
0
0
0
21875
24309
44031
0
125638
0
65999
30321
22864
0
0
77553
10389
0
13654
0
126199
0
0
117614
11142
6115
0
15899
0
123083
8058
0
0
0
7033
31167
0
54953
5171
3931
0
0
27981
3039
0
0
54012
0
93550
0
49990
42002
0
6018
0
0
0
33202
0
0
0
67011
17644
88366
0
0
8420
14704
0
91150
59157
50970
87863
0
2756
56439
68013
6141
15905
0
0
0
0
108903
0
25378
0
22872
64134
102762
0
0
62223
0
0
9372
18503
63312
11702
120306
0
2096
0
15972
23949
115540
36081
29139
41328
51094
0
0
92667
0
0
32870
12861
41793
0
7427
123547
0
0
4243
31445
0
0
0
70622
31089
0
0
42467
31456
0
0
0
14777
115254
69130
0
0
26986
0
0
111988
48232
0
0
53763
0
0
0
39288
0
0
1814
0
20728
76225
24044
67382
0
40442
55481
27870
0
79821
65570
0
82470
40764
19656
53930
53307
39892
7296
0
9385
54840
24277
0
36794
0
0
0
0
59812
0
57657
104637
0
73153
3163
0
0
0
85310
0
99121
0
102683
0
0
24819
0
0
92935
0
94578
62168
0
0
6578
0
117294
8404
31703
0
50345
0
34378
27874
0
0
0
2585
0
7427
0
0
0
0
0
59118
0
29540
14706
13147
18705
0
79189
0
31058
0
100263
124148
0
3941
43326
20374
12782
0
0
0
0
39866
54127
56009
0
0
63285
114416
41784
0
67997
5661
56800
19150
75506
0
38617
14651
34402
0
0
58003
6042
72930
38738
73456
25171
0
0
95045
15278
0
87049
0
0
32231
0
23221
0
26241
0
0
7238
56905
105459
0
0
0
18045
0
0
3562
0
26688
0
71526
0
0
0
7396
18082
0
0
11426
30769
128947
0
126194
0
41040
0
83954
22580
0
41431
105564
107290
0
2325
8486
123356
37791
0
0
0
0
21073
0
0
3797
0
6248
0
42637
84389
83912
0
0
80289
0
105695
9845
70551
0
0
75797
66709
34517
13353
91495
40954
6100
18868
11766
8546
39725
67368
0
0
127257
99627
9156
7128
0
0
3222
1566
0
105315
4013
10774
0
0
0
0
103817
8878
0
14546
13252
65438
6357
90360
109601
20208
119017
5817
0
49380
0
0
37805
0
43511
9213
38649
0
0
10303
95094
47798
26847
30340
14494
17305
0
118392
107733
0
0
106652
0
15935
49373
37136
0
0
37823
63889
6191
2465
0
0
13661
44933
0
11603
0
0
1381
34345
0
6612
0
22015
0
0
67119
19137
79923
26577
65244
0
0
45238
34373
60245
0
87787
101504
43795
56188
0
0
0
0
0
60241
2701
6162
80217
0
85105
0
39710
0
3117
1080
1707
88569
0
5402
0
111887
0
0
0
0
7106
0
22322
0
33955
0
0
113161
5465
126930
0
0
121480
26053
0
126873
0
0
0
47679
35559
34803
0
108286
0
101924
69945
10280
32680
0
0
12897
0
0
0
9462
22119
12406
2481
0
0
0
0
0
0
62507
0
0
0
75909
123618
0
0
32132
21654
0
39811
0
53993
0
9404
11196
16985
0
75838
38512
31696
65556
98647
9708
69195
0
0
0
0
67157
60265
59066
9351
2381
9846
254
0
105937
0
2916
81159
20641
66105
118758
0
76410
0
0
0
14091
87387
51813
18864
58139
79784
0
0
0
28874
0
0
0
42845
0
18455
0
22624
46147
0
0
57474
44498
127665
0
85550
0
0
0
0
0
0
0
39458
9440
0
127606
0
0
0
0
0
0
61643
0
0
37953
111987
103108
93489
0
0
61155
0
127231
19146
0
0
0
0
112321
9414
76292
46339
0
125159
20823
88250
29756
20323
0
11416
0
52142
8720
0
34781
0
0
28707
0
0
48419
670
7084
24951
0
0
73490
0
0
55785
722
0
57616
0
0
107
43159
0
45552
0
22745
0
0
0
0
13701
98988
95981
9907
32290
69407
127490
16430
0
4252
97723
90010
0
13362
36409
122247
0
52142
29274
0
10937
55040
0
0
4367
10008
116462
27451
24587
125349
0
0
0
0
0
1572
70757
65073
14626
0
53512
80055
74112
53089
0
77647
17733
26786
0
0
79839
0
55581
0
69202
27457
0
57375
31566
44421
43849
71603
0
28407
18081
0
0
0
0
0
0
810
2701
0
9117
5149
0
17697
948
0
0
0
69687
0
2798
90278
112091
0
101135
93375
44716
50517
0
15971
6089
30068
862
0
113028
3064
15228
55486
0
0
0
0
52722
114162
11363
0
0
46684
0
78783
13968
5868
94464
4212
69697
8189
0
0
100054
61797
0
0
2528
13338
0
0
122157
32659
41370
78733
7007
9060
48716
51287
115217
0
26678
0
104334
87469
11149
15379
0
0
112831
45720
44957
64483
16812
0
59287
47473
8869
20105
18988
93554
0
0
0
13264
59947
0
3948
0
17752
0
14893
12086
32633
7419
0
10080
85201
0
0
67242
0
0
6852
90808
0
0
0
34635
0
0
113720
2824
17255
129513
0
8816
863
17120
128002
13730
0
0
2940
0
0
0
10325
0
0
38799
14383
28276
114439
0
0
0
13507
63021
0
44763
0
73432
0
0
0
0
0
14730
94568
78724
0
95175
0
0
97010
0
0
0
36221
39392
121980
0
0
22583
0
36582
56609
19536
79073
50869
0
0
11747
12790
69669
68837
30613
0
20969
28935
2424
125412
0
0
0
55599
17304
0
39033
0
0
35661
70369
0
0
8798
46972
68773
0
0
18869
0
17846
40418
0
0
2029
0
0
0
0
18361
0
36711
0
0
19032
0
0
0
20938
0
13949
0
50292
105521
94938
105412
22947
98146
86088
22646
113703
102623
0
53786
15108
10839
100977
0
0
0
69030
0
44836
0
0
20385
4347
90923
120387
62180
0
0
42257
4761
0
0
0
15396
0
117070
0
0
0
71551
0
68353
0
0
166
1534
0
7455
74413
67003
100672
0
91666
0
7434
54649
0
0
14871
28602
0
0
0
87140
0
119535
20826
0
0
0
0
0
0
0
0
4721
56683
60523
0
97375
0
125290
0
112011
49620
0
0
72728
24767
12166
81007
0
0
13058
2614
1389
129171
10582
0
0
30514
0
33903
0
0
116660
57760
39723
0
18894
41326
21641
3515
34668
0
0
0
0
3310
0
101015
26
31333
0
0
66532
84677
24696
0
0
26283
4248
113706
17802
0
60343
0
97529
16972
11027
24528
0
0
105074
0
6347
0
0
0
54525
5175
11823
0
0
86837
0
0
0
0
123758
0
37120
0
115143
1191
0
1568
73079
79757
8485
89945
0
31217
16808
0
7176
0
0
78705
1657
3992
7523
0
3628
13024
0
101158
31186
0
6767
0
85617
0
0
1904
0
4830
57026
106190
128296
40422
0
0
93296
0
0
0
0
20652
9328
0
38793
0
60142
40087
7200
69909
0
58630
0
0
105971
0
28935
28322
30962
47535
48292
29520
0
44796
87783
2306
0
0
0
663
76611
80810
73201
0
0
0
87591
32885
33525
510
31406
8263
38502
0
52425
0
116446
98790
0
0
0
64195
124469
0
0
28353
0
0
0
18013
0
0
0
1697
0
16962
26787
30314
108977
38065
67817
45538
0
1107
0
75016
70954
0
0
28788
10307
0
0
15585
122750
0
0
0
11382
505
285
94558
12879
0
102354
597
0
0
21227
66292
61456
78638
0
78636
0
10167
112315
71901
0
129828
0
49041
0
0
57287
0
0
22163
0
66330
66569
17114
0
0
0
0
89247
84149
0
59424
0
0
19682
41133
95544
0
0
0
20655
0
0
0
29579
95942
115277
127104
5905
0
0
0
0
15491
74999
0
129721
0
0
0
1612
58845
0
121946
62053
0
112126
9980
42706
74198
4454
0
12488
28646
63970
0
0
125157
0
0
31039
119783
0
22726
0
0
16609
0
0
119456
15571
45205
0
0
5967
6124
0
37458
17663
2720
0
14230
0
7470
0
6906
98639
14571
5179
38654
0
0
24373
38500
0
0
69567
0
0
105012
80372
91623
0
0
6982
82584
12465
0
0
20553
34995
0
0
0
92738
0
70419
97364
36004
9101
15587
40605
0
0
1600
27771
0
31981
29837
13049
9488
0
0
22211
12926
0
0
0
0
1172
0
70922
0
25900
119345
69442
3521
0
38578
73731
5509
0
46521
0
81941
36683
48336
0
0
0
0
21192
47061
0
0
4231
0
0
13466
18924
70760
3123
42121
91993
0
44457
0
48934
110776
0
0
0
5083
3636
9711
14065
59904
17050
28180
0
53850
0
11966
0
60172
49680
0
0
0
46120
5556
67797
28502
5933
0
29745
4110
102629
876
0
36384
36911
12407
5041
94874
79534
330
0
0
0
8447
65661
0
919
0
0
20069
41021
0
51592
5787
34155
0
62661
0
10851
0
11105
6644
60231
59879
0
0
15590
0
0
53282
0
0
44406
16649
0
0
0
0
90022
35519
18334
0
102173
56146
62184
0
0
17472
112457
0
81196
0
50659
115424
60006
8674
85828
0
0
10231
63444
0
72226
106200
26566
4604
52870
35946
33462
73557
0
0
24941
0
0
0
1954
34604
10003
121461
0
120250
27538
7016
0
69614
34678
362
0
0
37007
0
0
0
2737
44934
0
15241
7527
38038
29905
0
127616
0
0
0
0
83045
98227
13294
0
0
68239
0
0
85044
66394
0
39747
85286
0
0
1995
7771
29557
63010
55586
0
0
0
0
89356
0
13558
17639
0
17237
0
17364
58143
42576
12375
0
36320
93975
0
0
6314
119426
45227
126882
0
0
619
0
3557
79541
0
53689
0
0
29505
0
51137
51135
69291
115949
67520
607
44265
0
24124
0
0
0
5982
74213
41585
12323
8060
92927
0
48977
38041
18869
36044
0
0
15450
68049
103899
6349
7233
48338
0
101667
2355
0
0
39706
1071
0
0
25550
92806
48545
9067
0
0
0
42225
0
0
2492
92427
37772
0
0
8668
948
3672
90111
0
0
118664
0
38510
45842
8874
0
0
0
954
38595
64869
94511
68175
0
48771
105152
23552
0
76538
0
0
70791
0
95257
0
0
0
0
0
2401
66963
0
0
23282
62559
0
0
50647
111413
0
44391
123235
7634
10427
0
47534
13169
27024
82530
6764
0
29390
29999
1606
0
99194
63120
0
103064
42015
0
0
0
0
82849
0
3549
13437
0
46720
15355
67913
0
1667
17835
0
33428
112527
0
25011
7305
112373
6787
0
48721
0
0
0
0
0
90367
0
45634
108862
858
0
0
107434
23219
0
45005
18075
124172
0
0
0
0
106339
55387
0
0
0
0
78376
0
78998
0
0
16104
42382
46791
0
0
0
14229
3247
2792
2805
0
113967
5896
0
0
0
12962
0
0
0
15941
0
0
32649
0
47172
0
70532
71522
5245
0
40662
0
0
28759
30265
74718
21424
48751
0
0
0
92880
0
1160
43190
0
0
68301
0
0
0
109702
0
38569
0
102904
0
32299
100664
3053
0
2642
55410
0
2975
80685
16451
9075
13736
0
0
28389
0
6232
0
0
0
7938
0
0
0
68534
0
108258
0
4744
0
0
39337
0
0
0
19803
52229
1567
0
0
0
0
2179
0
34023
71501
21328
0
5466
45481
61306
94080
0
0
13138
0
0
47528
117465
41456
11753
6767
43117
75266
0
373
26799
13369
48503
62121
0
0
0
29067
82932
37207
10171
101543
80461
0
0
0
0
0
0
43117
0
0
0
12413
0
0
0
0
0
36345
23928
69894
0
0
0
106212
0
122043
55509
88728
18212
3191
27008
0
103147
0
56044
0
41126
7363
0
41631
42194
0
2996
0
0
11705
0
22065
0
0
0
0
0
0
0
15190
12991
25912
106315
0
16252
26769
0
125884
8794
5738
0
0
115374
68257
100940
3804
103751
0
3225
107603
0
3520
0
69909
96089
119804
5856
0
0
31438
1308
0
0
0
17768
87602
0
38867
0
110597
0
0
55432
3264
40732
102113
0
43273
0
39563
18778
0
0
39235
0
17993
0
34951
0
22776
87252
0
0
424
528
45193
57992
11357
129725
0
0
0
0
0
0
119308
101960
0
124287
0
55545
0
68774
55593
97379
0
0
0
72203
22085
0
37606
30807
0
34597
0
89814
22601
46271
73914
0
0
0
30562
50654
0
902
42448
17641
32704
9446
0
0
2166
0
8555
30056
95263
0
0
2140
87762
11289
0
23182
115327
73176
0
0
1870
22641
27
116623
45847
6993
60713
102776
12859
0
124349
0
0
0
81908
37836
18014
39426
6958
68833
23535
0
0
74118
61794
0
3488
0
0
0
26513
0
0
92322
0
0
0
6943
0
0
0
0
116450
0
0
0
23878
128956
5806
0
87104
0
21658
0
0
25703
29009
0
10434
0
0
13416
0
6737
0
86454
0
46224
0
104496
31887
98652
18063
29339
68690
49033
0
0
15372
99962
0
0
0
26117
0
10444
0
28188
0
0
27227
3674
4271
0
0
0
0
0
0
4372
92536
2820
122948
0
0
81468
30010
0
64213
24496
0
0
19794
0
74627
52127
5535
85715
0
0
73993
3479
25967
0
103593
57675
5908
0
0
0
91336
100132
0
0
0
0
81281
0
120015
5165
0
0
0
7515
40784
80125
0
1878
0
0
102469
36400
96534
50837
6799
57107
22971
0
91576
52652
0
21120
96643
4968
0
0
0
0
9441
36458
0
86924
14941
50390
20424
43786
93786
0
15790
125779
0
0
47771
0
45486
988
0
123231
62371
92237
9080
43932
67472
11459
85538
0
9923
0
16613
0
0
74169
0
14545
0
9681
0
2168
15135
0
90387
0
0
0
13589
1719
0
31562
0
35400
86089
0
0
45929
0
55835
0
40881
0
0
2240
32981
0
28030
25207
120339
0
72742
0
0
124387
0
0
11512
5920
0
121439
4679
0
0
0
10499
4929
0
40503
0
0
0
16736
40738
0
0
88865
0
53751
101783
0
3378
0
4371
20067
79237
120237
0
102967
20961
31382
0
47358
0
118887
0
0
27302
12262
0
54305
24324
55236
119772
76189
116839
44268
0
0
12564
0
47767
85340
50640
0
21303
32896
43927
97883
24552
0
3191
0
0
21063
5096
8935
85436
3851
125572
0
0
0
105436
129521
0
15666
0
15075
119824
9715
0
15741
0
111
97100
0
0
93364
0
0
0
0
0
0
0
5976
0
41160
52516
62254
0
0
52472
26644
0
24616
66967
88767
34000
0
0
0
0
7236
0
0
0
49781
60613
0
0
0
0
25230
0
0
0
0
5413
96419
45121
0
67499
0
0
101266
5191
814
0
0
0
0
12206
20398
113860
0
79835
14991
42615
73280
78640
0
85348
25337
118754
2596
7842
0
19167
0
82922
0
0
0
4268
494
12685
125378
11504
105467
49290
11871
8595
101550
98333
5232
0
0
0
0
85469
24332
0
0
63133
0
0
0
0
11380
0
0
0
0
123680
0
2554
69303
3104
0
47756
4049
0
0
28
128125
104139
104185
1314
0
109070
0
57653
0
1729
22746
112268
72585
0
0
0
1550
0
15942
0
12671
114984
13717
32930
0
0
0
25313
0
0
125117
73344
0
45471
57290
0
0
39589
0
0
0
1363
5171
0
0
124920
0
0
22319
0
0
21096
0
100736
34484
21209
109365
0
22723
0
0
13541
94280
96020
0
0
0
0
20675
104898
0
11389
4312
0
20864
69918
0
7503
0
0
0
49625
0
13212
23856
0
119351
3882
0
0
98140
9762
0
0
0
126297
105206
37120
27896
297
0
45104
0
0
0
4148
87341
0
46605
54826
1107
50498
20772
28159
0
37684
69504
0
66727
0
4131
85654
0
0
60321
115914
90747
1280
98878
0
112791
21518
63254
593
0
93796
0
0
0
0
0
0
0
0
67704
5153
5981
27672
18948
0
0
0
0
19149
82774
54860
0
2637
573
73871
13306
0
67989
59165
59975
62382
0
37805
84224
13722
0
53144
0
0
44926
0
0
0
67746
0
0
2565
0
48958
0
0
0
0
43110
0
54920
50130
11717
0
0
0
109838
0
125255
49185
52183
128710
3845
0
18868
0
102028
66447
50705
0
53019
94063
117720
129427
0
0
0
0
0
1162
0
0
0
41886
99856
0
0
120095
0
65162
0
0
0
0
0
45436
0
0
17491
12407
8510
0
0
1821
0
42548
12487
0
100173
0
0
121205
34152
0
0
111103
0
0
0
2661
92736
76081
10339
45038
58957
62339
76526
0
0
12950
0
0
0
27959
0
123606
0
14008
61381
48701
109394
0
22509
79243
0
59652
0
0
53998
0
0
28951
101161
0
0
0
0
126484
4591
109385
12810
73293
0
52790
3600
0
46570
0
5008
0
0
0
0
91324
0
0
0
126188
0
29366
99836
0
0
1549
41490
25409
0
0
26872
71387
0
18015
2047
129013
0
62149
0
0
9309
0
44692
0
0
10702
67982
48466
0
44692
8987
0
129291
0
0
102613
0
0
129845
56112
0
18311
0
22788
88602
0
72430
11825
0
0
0
0
0
66968
9686
0
0
8281
0
0
25176
0
69402
17891
0
0
5023
0
0
26932
0
0
0
0
27819
38455
0
0
0
0
20000
0
89073
62203
11731
0
765
6748
0
51929
0
0
0
4086
0
3059
0
0
70450
0
5598
6866
0
0
0
103897
54748
0
0
57330
83622
0
0
0
40584
1442
0
0
0
1626
31826
56414
0
0
23336
101520
0
64696
64804
118020
42406
0
0
0
66118
0
26300
51513
4719
104739
0
128340
86422
72726
8842
78324
73107
5959
0
2621
78637
48801
113718
5496
5702
66232
18829
113565
0
8042
33314
0
27660
117709
0
36998
0
43691
91680
31547
90396
0
54570
96256
0
93591
56784
83885
116942
33369
19123
0
6132
0
54519
211
13291
0
0
56092
26248
96422
0
0
87471
2283
0
55417
0
15081
0
21542
0
0
0
0
0
80561
9349
0
0
48650
0
0
64497
59279
46882
0
0
4033
41340
87876
0
1620
0
16378
10749
7561
95741
23102
6817
0
99742
49405
0
0
9885
16655
0
24103
0
0
113315
50485
0
94746
20861
17914
0
6281
0
0
105967
0
5598
0
22703
0
8871
81091
0
2943
0
14072
0
0
4894
0
26780
102101
8184
867
44382
0
0
10976
10590
0
0
32837
0
51580
0
0
11657
0
18702
1733
0
3198
0
0
0
0
101292
0
0
0
109682
0
41115
0
7532
56942
57124
0
50508
27916
0
0
0
126455
0
0
103399
0
0
67166
82981
109741
70141
15101
0
12088
0
0
0
7972
4643
12738
0
0
43559
110628
0
67335
111533
0
43015
0
84412
28768
806
0
0
0
0
0
0
0
0
0
0
18265
48239
38915
0
0
0
0
20752
29807
0
60263
64010
42915
23082
0
5561
21649
94952
0
0
15397
105555
0
86054
8615
40
47573
58708
0
34126
8168
64357
0
36839
0
44845
0
0
18450
45813
0
43796
94410
0
0
0
0
0
43384
0
55148
50354
71775
47256
82403
0
1028
0
0
0
0
0
20352
0
0
0
6712
29243
0
0
0
24469
0
0
0
0
0
127133
0
24920
13394
0
10468
0
9912
0
0
49889
76461
0
0
75575
0
121291
98053
0
60072
0
0
4255
26383
39865
1902
8367
23930
0
11345
26449
30711
21134
0
0
0
36788
108651
45478
0
0
0
77777
0
14378
11754
10794
50272
0
127607
0
14365
43699
0
506
49521
0
0
127482
18593
109926
88271
0
0
0
2387
0
0
82503
24232
79918
58252
124376
0
13906
0
72540
58322
51165
22188
60859
80630
24707
84874
0
0
46379
0
0
109168
0
0
126663
20718
0
27071
387
7635
115951
0
84783
57471
0
33401
0
0
103282
0
76214
0
0
22931
0
121522
0
82129
0
57622
0
90416
0
36388
0
17851
3077
0
0
0
8474
102967
0
124002
0
0
8442
67178
0
0
0
2860
0
7354
2749
0
0
0
47573
20962
12002
35569
29234
90195
0
42790
41018
0
0
0
0
10444
67178
128088
50771
67295
0
119849
18567
0
3210
0
0
0
280
127640
0
4467
0
0
0
0
0
60688
0
0
0
64007
11555
93114
0
0
0
6105
2880
0
29828
27746
0
1655
0
781
10441
20232
557
118911
10761
118250
0
66172
0
8911
0
110708
0
87312
4015
0
0
99758
81083
97701
0
10243
72303
72938
66316
89131
37030
118474
32884
122264
106554
43213
0
0
2981
58648
0
0
0
0
0
43135
5133
58826
34545
0
102707
54238
82953
94070
0
14588
0
54078
127
5792
0
0
0
0
54154
0
0
32763
11495
14589
34540
57813
67640
69299
48118
114970
8964
0
0
92149
0
31166
4724
0
105439
0
0
83350
10855
20427
43647
0
0
0
0
12989
5608
0
14144
32680
0
0
394
9478
0
40246
9642
0
25116
75447
97192
37153
5851
28483
0
0
49108
113507
6871
0
0
0
95335
0
69212
0
1
37034
0
0
88191
0
60374
797
0
37894
23351
5243
0
0
0
0
0
115806
68058
0
1748
0
0
0
0
0
0
45547
95557
3481
108915
0
65991
0
0
0
58914
0
612
62111
97748
91540
122075
12663
22334
8558
0
0
99163
59990
0
1351
52888
34040
0
47764
22122
49802
0
108849
0
95138
0
8779
0
564
5199
0
13412
28796
40453
0
34484
0
0
88237
13782
0
128099
0
5756
30249
38127
123454
99348
43570
0
5896
114366
0
22095
10979
0
19241
0
0
0
0
87962
36844
116111
126047
9662
79417
20592
46390
83459
51594
21233
0
0
7429
0
0
124952
40658
0
92825
0
89376
32682
0
0
34935
75184
0
0
0
34778
13945
67691
0
8146
12356
29720
14159
27669
55752
34779
10874
33876
29307
0
7415
0
110969
34096
0
72188
45577
71502
81930
33630
127392
2204
21057
0
116088
0
112684
75483
83345
115264
0
0
0
0
7367
25551
0
37969
0
0
122924
6433
0
0
84972
0
7415
0
0
0
0
0
11304
66599
3715
107710
0
0
0
41606
0
26883
0
2537
13256
121215
0
0
0
0
9224
108649
0
23688
0
32298
0
52915
36769
0
91214
62647
0
16878
0
84391
2508
5544
49032
0
0
44132
101464
78102
48525
0
76186
3294
100686
0
44096
0
13049
42185
0
5893
0
0
0
0
0
32004
69595
6184
58522
0
101152
26823
34128
109696
0
49890
127239
0
95448
61838
15197
0
53739
3998
30155
2343
8307
89743
27016
9370
0
0
0
0
0
86650
0
9870
0
0
0
0
30305
0
59142
0
0
105914
14542
0
124442
12449
0
45540
0
20450
0
54932
0
68206
39978
0
13232
0
421
5497
125242
99769
0
2590
38876
109345
0
8892
0
3885
0
31202
0
0
0
0
24348
100382
51358
7892
0
6591
107124
31267
0
13489
81331
110694
76358
31007
399
0
103760
0
0
0
0
0
2068
0
0
0
18157
0
825
0
239
99772
34067
83841
12619
79012
3818
0
0
0
0
0
107238
25387
29455
83135
41006
0
0
0
65132
0
0
52767
0
0
101823
0
0
24889
0
35013
0
107271
0
120390
0
0
5767
0
0
127767
0
19833
0
96458
0
0
90143
0
12961
12745
48873
40466
0
25990
59433
0
16126
44879
129615
0
54352
0
61351
2352
9928
0
1762
0
84487
35141
15094
0
55574
116541
0
0
0
0
0
0
8625
77820
0
0
0
46991
23802
51759
25660
0
0
38957
12670
0
24121
9141
22855
24191
0
53295
24056
0
61623
0
0
0
0
0
0
0
82353
0
82019
0
80035
31217
23577
24707
0
0
21685
32020
0
0
0
0
0
0
4524
0
50266
29829
0
97374
0
36108
102523
95426
9920
35399
9050
0
40515
0
0
0
351
0
103151
20463
92573
0
0
91717
76653
0
13331
0
0
0
43318
0
103554
2106
0
34150
112453
0
9661
35489
23693
0
26355
4500
0
40132
79572
0
769
0
101941
0
0
0
0
1471
91887
0
11575
0
125887
0
3150
0
0
22393
80114
3200
0
28694
0
96353
1668
0
98143
0
88598
0
0
125065
0
87159
0
109903
35800
27536
0
27311
82811
0
22753
11123
0
0
0
102259
0
61268
0
9875
7416
26799
42549
0
110534
17764
7517
109716
0
8175
0
0
0
0
113181
0
0
27234
99304
41598
0
16925
0
0
4828
0
0
0
0
106340
40622
90236
0
37483
0
29045
0
2510
0
69411
0
0
21916
18007
0
43388
0
46802
0
0
0
2991
0
100605
0
0
66936
0
20446
95143
16990
84291
6651
0
126191
0
7914
0
0
33460
0
0
115105
0
9843
0
11045
716
97924
0
117663
55502
0
0
0
0
0
67393
113331
0
39247
10300
0
0
14829
17058
107021
0
7620
68075
7825
0
44454
22469
0
106
0
0
118063
114845
66751
16588
0
110291
0
64893
44340
19647
0
0
65878
0
61393
2593
103824
123506
27450
14597
52991
37635
57742
61796
15652
0
18778
0
0
16105
882
25908
0
0
0
107992
70759
0
0
6336
0
50576
0
41293
0
5805
0
0
0
0
19543
36114
84340
134
0
0
28944
0
124205
0
0
29655
0
96791
34859
5719
0
10797
0
3695
0
65457
104458
44404
38221
122926
123226
0
11534
0
3797
0
0
0
97594
43262
43990
0
0
110906
24370
0
0
6771
128407
0
22576
0
26086
0
71508
0
100178
0
114175
0
0
118458
30599
0
0
0
26993
0
0
80511
16766
82863
0
51825
0
36878
107560
722
33042
0
0
72133
0
0
7921
36595
58387
47472
5368
0
0
0
3151
0
69103
33761
0
116144
67906
0
0
18378
0
93126
13902
0
956
97466
0
36668
11065
0
0
0
0
4658
680
0
128058
0
28509
107986
0
60411
115397
34575
28608
0
3945
29624
0
0
0
90553
0
12909
70662
59680
113642
115538
0
73992
114156
0
0
0
0
12782
0
0
108984
0
0
98870
0
49338
0
11368
0
0
75466
0
0
56752
0
41310
19129
0
16397
0
0
51709
0
48232
12676
0
101346
0
0
0
6687
0
0
0
0
19862
0
1136
0
56429
8354
0
6289
12884
0
108316
0
36817
0
24498
77737
5394
0
129864
58379
0
24759
100406
0
0
739
5593
0
15048
0
109285
2721
11478
33164
59702
0
0
53424
0
21944
0
13317
83783
0
3824
97768
2128
44842
0
0
9603
0
0
0
0
0
37653
0
9437
24044
39734
85852
948
42745
22442
0
0
39921
11504
64021
1906
19404
0
0
185
0
0
0
78742
0
8576
0
0
92511
0
37926
0
6089
80604
0
0
36991
0
0
0
0
0
18253
0
0
53702
113243
3989
6070
0
44932
122224
31943
0
10612
2722
91832
12334
0
4698
19993
0
0
0
0
0
86212
0
0
0
115518
55092
44724
0
118944
68096
85417
2121
0
89874
81581
60533
9398
0
0
0
54665
69409
0
55066
19369
35770
34260
0
10606
59015
36258
15475
23587
101675
40561
125668
71341
77254
0
0
103170
0
0
115165
0
0
36254
5599
93766
0
0
12849
0
0
0
0
3063
123062
21291
0
0
36924
33887
0
47048
0
63232
0
0
38153
1992
0
0
0
0
3104
15617
64124
0
2819
90822
18520
0
118590
6176
2729
35228
4675
0
0
60375
0
0
0
129289
0
39359
0
49781
44803
0
0
81376
21515
87310
9086
0
0
38406
6912
48761
3105
22661
6034
1951
0
0
23422
0
0
15330
73522
0
0
0
110691
10313
90530
0
0
0
0
14834
83453
0
9980
0
0
13801
0
63029
0
2470
0
45583
128251
19552
19545
12674
7630
0
8597
50183
40017
6139
0
0
0
53835
0
73797
0
0
7681
13755
0
0
0
0
0
63085
53755
62194
76157
0
0
0
0
23583
0
0
0
57155
48671
110539
128152
31951
27599
0
0
2869
13849
0
34678
42504
44550
0
0
0
101003
0
0
5851
27032
0
21321
0
0
6841
0
3071
0
710
0
12151
0
0
75694
64769
24376
0
0
60110
93794
91397
98802
0
0
16022
61467
0
84843
15104
44482
0
0
0
66590
0
6422
97338
117201
0
16197
38319
0
0
111578
89271
6414
56150
69369
126022
0
7188
67902
0
24830
0
0
0
55935
96373
7862
49253
0
0
5805
4885
18155
2725
0
0
0
0
61212
0
5106
23251
5012
23930
39503
53863
6091
12435
0
0
60347
35383
102
52148
29022
7046
3956
0
40207
28625
0
73552
0
61585
0
0
10787
0
0
0
0
0
70472
0
16686
0
9611
0
0
66624
0
1917
107433
65577
0
0
0
8034
59854
0
13207
79305
34330
7860
69976
0
0
108248
83383
0
0
49159
21909
0
28192
0
80175
110749
0
96305
84493
45587
57044
101912
0
0
0
72338
0
12172
108820
91181
0
9374
0
0
0
37391
129600
17082
114798
50619
0
75243
9562
20525
0
0
6367
48227
18540
0
37803
70266
129792
47737
79327
0
43271
66726
106476
24210
47978
40993
0
0
0
0
11419
0
70701
0
0
87274
31747
1140
0
1964
12661
0
17656
44693
117456
0
77374
0
0
4279
76877
74804
58302
129891
0
0
113059
0
36040
2240
14423
64039
0
0
6581
46683
35699
34595
32023
123925
0
12887
37215
0
18580
23159
0
114997
75746
124814
0
0
58642
0
96795
61697
0
59863
0
50089
44390
63966
99324
0
0
0
21013
20851
48147
65579
92768
93049
4440
0
33194
106056
44686
0
0
127749
0
53586
0
0
6119
29137
8406
7531
0
0
33779
0
0
0
0
1651
113286
0
3061
2278
0
0
52015
0
11455
93654
227
9803
67738
96812
0
109481
13564
0
0
6448
109629
0
0
10051
0
9001
7961
0
0
0
98340
12761
0
0
10673
7245
0
123798
0
0
83704
10684
10540
14654
5904
3520
0
0
1322
0
59984
127388
0
61755
0
61505
2093
0
0
112241
0
0
0
35146
104386
449
0
0
78923
0
90134
0
0
3360
108263
73466
52447
0
0
21224
45642
0
0
66894
0
40665
0
0
23475
60022
0
0
0
31575
112607
0
3933
4841
0
91280
16216
59860
0
0
36179
0
14374
8439
0
46097
0
50455
0
12639
9436
0
6179
0
89747
0
6605
80348
56674
0
0
0
1752
0
0
85411
114090
27380
0
72149
37235
14358
64692
0
5706
24023
105229
0
15526
15672
0
106886
0
47010
9937
9460
39220
0
123880
0
0
0
49223
6261
0
0
0
25548
37812
0
0
46361
77434
52430
2359
24626
50481
0
12928
0
39992
0
29130
0
17181
0
66100
0
129039
0
0
0
62353
0
0
30807
10391
0
67241
6542
60333
113235
0
107440
0
0
43440
0
78963
117820
0
70408
0
51424
0
0
33657
65069
0
50423
27640
0
24991
0
0
0
88936
0
0
0
0
0
0
14670
0
7163
0
0
0
0
112905
19604
61324
37639
7672
33281
47038
459
78779
83510
81618
106189
52413
0
0
26155
103380
1590
5313
0
103963
0
77421
128271
0
76805
43863
0
115893
123749
97128
64342
105056
63590
10045
0
54959
0
0
0
13372
0
36692
0
0
33619
55824
0
0
0
76596
0
74766
5053
0
0
62807
0
1540
0
0
0
3523
75873
124677
0
70454
86626
47111
18927
0
67673
0
12093
0
0
9799
0
0
35246
0
27981
0
0
34187
53444
0
114172
113968
30125
5184
15702
0
75463
0
0
0
2043
13118
0
0
17993
11926
0
0
0
0
0
0
7008
103860
0
0
22266
11256
50345
0
82758
0
0
0
0
0
3429
0
74219
36865
9346
0
1793
7452
0
91031
0
0
7003
0
0
0
49617
44200
100358
0
54914
0
32434
120272
0
47981
0
4829
7734
85955
18655
0
0
80108
115192
49145
58251
7309
0
0
27654
0
102272
0
0
115272
12854
0
54320
2596
62157
0
18899
0
51870
0
0
97479
13844
28243
76549
88457
0
112310
0
61182
0
0
0
53451
46013
24817
106497
0
12870
0
22076
0
51390
22556
0
5630
0
1580
0
0
111401
56884
7638
22201
0
26148
0
39298
96444
0
0
39494
12855
80981
0
98245
5444
0
0
29724
24250
0
0
0
0
0
3518
0
37168
0
0
6253
83435
0
15740
91723
0
1310
10368
0
70232
0
0
128449
124305
0
43837
0
0
0
0
0
0
49070
10949
0
0
4710
0
7144
0
106655
0
125468
0
2393
0
1764
0
0
14480
0
41560
0
87666
3204
0
0
4687
0
49555
84152
71639
0
28065
107224
97604
16274
89197
0
97286
8562
0
0
1668
514
0
128909
63333
48676
83527
7059
37880
126056
0
16868
91614
0
116260
64278
0
88138
0
22849
8578
0
0
0
40577
46424
0
17818
120227
11531
116850
6622
91290
0
3525
0
78108
48852
9917
0
0
29341
6873
0
0
41721
36006
0
0
107177
35632
0
7303
49098
55451
78133
82571
124290
0
117889
124468
118739
100544
21054
0
0
33570
15877
0
0
24591
35179
67065
8749
53636
57950
0
2744
1982
0
0
24112
16102
0
126953
0
2168
11060
0
1870
0
0
0
0
66529
0
0
0
0
9551
0
97839
63914
0
835
98798
0
97439
0
58414
0
14484
18144
2079
25146
105309
112812
0
0
0
29280
0
99250
0
2278
0
98746
22547
50002
23215
14140
29258
106176
8591
7005
41911
83000
2932
0
0
62400
0
0
0
0
0
104140
4090
114630
1887
63169
0
0
0
34029
0
78791
0
0
51399
5212
0
56289
3199
105345
91213
7769
28531
9077
0
0
0
0
8283
2770
114700
32411
0
16018
100444
21985
0
0
0
0
0
0
63864
0
104001
3735
0
66932
0
0
0
20222
32111
0
73009
962
0
0
0
0
22081
0
0
23271
0
69463
0
0
0
0
0
113188
0
97728
0
0
28557
34076
0
28409
83638
11056
0
55201
0
0
0
0
32838
0
61563
0
931
72152
0
83261
0
107358
0
116819
21245
0
127278
57710
0
0
0
0
0
0
119576
0
4642
39977
89959
88989
0
0
0
0
119795
69985
0
51110
0
0
12650
0
15634
35391
0
0
15314
66595
95352
0
0
91197
0
0
32961
20278
28637
56332
0
0
42607
36417
102679
0
31375
76637
74218
0
45688
0
0
2032
99160
0
9645
0
0
94069
0
0
72998
0
0
0
0
98007
20920
0
0
0
0
0
99438
0
0
11334
113116
0
80854
25115
0
0
38628
0
0
0
0
30681
0
123909
54208
62180
124845
38604
71461
0
0
0
0
15326
24407
28828
115580
0
34293
6084
10326
0
0
0
1874
0
68925
65289
0
127865
0
1451
1532
0
0
0
0
6939
0
0
19522
0
0
0
0
1201
65322
100046
12702
0
0
75460
0
29777
111596
3144
33305
0
27466
35078
279
0
0
0
75311
2548
0
69769
123294
46439
46250
0
119791
105105
0
0
0
124932
0
53811
0
8537
30311
18635
23844
0
56316
42608
7328
0
0
79705
21084
116741
53305
69547
0
0
0
53494
86477
95980
65910
3390
0
0
0
506
41812
20225
4771
20110
56759
0
0
124981
5346
89053
0
0
17882
0
0
11353
9461
0
53435
12037
0
0
12821
20037
0
0
24801
0
42959
0
8447
0
0
78598
0
0
0
0
119041
31996
3021
0
0
0
11791
7702
0
0
101342
65432
0
0
0
0
24244
0
50766
0
67194
109616
61357
73861
25315
0
65938
0
89961
0
0
95322
0
94283
0
44756
15871
43119
0
0
51545
10024
45230
0
117223
58084
0
0
16617
64741
0
48924
0
15753
0
28880
0
0
0
0
0
115317
62134
54627
0
95453
46623
0
19707
0
123337
0
13956
26390
2195
40224
10032
5181
3546
61787
1823
0
0
0
7108
79066
55170
5642
115386
27999
0
128327
24044
29716
0
0
22149
2226
0
92444
46286
35516
93997
13207
44441
1782
0
0
0
0
111122
4918
0
27313
26545
0
80335
8478
0
0
47771
0
18653
88742
6438
0
9900
48519
1309
117820
0
17326
3772
119671
0
63250
0
117681
22721
22060
7378
0
512
0
0
11396
3866
127796
108599
0
0
0
54127
0
18539
36872
79995
0
6807
3816
0
0
0
0
0
129408
23326
2560
117133
7564
127273
2750
43557
9645
0
11659
0
18389
0
44173
88298
109276
0
0
73658
45919
0
0
0
0
7943
1751
27783
0
0
10111
0
0
0
9921
10066
0
3220
23130
0
0
12914
0
9287
0
0
0
49467
0
16712
4779
18781
78178
100402
85337
0
0
0
21510
61834
0
99488
0
17454
18920
19295
112222
0
5399
19388
0
0
0
55837
54242
49523
0
43310
127492
0
0
0
49241
0
0
48292
14884
15261
0
107271
1417
0
6860
0
0
8492
0
0
10080
0
77828
47362
54644
61963
97493
26015
43122
29517
27316
70617
0
0
35289
0
0
0
0
11851
0
67080
0
0
0
0
92932
34455
0
0
19730
37422
11913
29033
9200
102772
0
0
2311
5603
0
0
66555
10813
101950
0
0
108955
111786
0
1241
15045
183
28735
3723
0
0
0
81479
0
0
0
0
11116
55715
30721
2119
0
13271
0
0
93087
0
0
0
48807
0
631
51440
78919
11460
0
121082
8756
79258
18636
82521
8630
13012
42874
0
0
0
18067
0
48034
0
0
818
0
54243
0
0
41674
0
41703
0
0
0
0
36758
2695
104742
0
31242
3745
30405
11268
126757
0
72560
0
0
45399
0
38444
34129
0
0
46676
124331
0
116177
108354
102533
67
2617
35515
10598
0
0
0
0
0
0
103442
17276
35415
109010
126494
6260
44407
0
0
0
1902
4746
0
0
0
0
0
0
0
59615
0
17599
0
0
108387
0
126130
0
0
0
0
9012
28685
0
0
0
20197
27062
52610
2011
0
0
75415
0
0
126012
0
42658
20493
105391
0
0
0
0
0
0
22216
72804
77870
84875
65828
88284
0
16364
64619
20754
9047
0
22205
0
10431
0
14005
1836
0
110748
32432
70652
65728
0
31258
32256
55087
67910
0
26913
0
124244
19864
0
0
8023
61479
113987
45864
0
0
12027
10308
123767
70242
0
12795
51719
0
10547
10249
0
38220
0
0
0
2754
13471
3683
0
88839
90377
0
98803
41570
99198
15936
0
125168
37784
0
98436
0
6339
0
66973
12700
0
58888
0
47692
0
89159
0
0
48408
28059
19083
59958
0
0
0
4029
0
103542
6625
0
0
0
56010
0
22509
0
119277
56940
4047
5794
51688
0
46965
82243
85998
0
0
5177
88588
0
44032
0
0
0
0
0
92132
0
79680
0
107430
0
28942
0
0
0
47476
34119
0
42095
0
0
0
45054
8773
29666
0
0
53710
10622
98557
5524
31342
0
0
0
121315
0
0
49192
47052
6322
24840
72722
0
0
8398
1441
20264
0
118479
0
0
0
0
23016
49184
0
0
21977
30335
0
9607
0
0
0
0
0
81469
104317
0
0
13863
12568
0
27255
62871
17214
0
0
5005
72197
0
127622
0
106653
0
9072
0
0
125795
0
100814
53578
0
37578
13581
26484
22164
0
0
57778
0
64119
74659
0
40350
12001
51559
0
0
24813
12687
24322
0
99548
0
0
0
0
23647
11
0
28201
0
0
31434
0
9113
15581
89478
0
9263
19474
100314
0
0
0
0
0
6844
0
0
60972
11899
0
70412
0
78424
115354
97297
0
0
0
0
0
0
0
85809
34882
43601
53484
0
86156
104693
1302
0
0
48508
30469
0
0
0
0
0
18689
0
67759
83047
0
56232
20795
0
48760
29152
112074
120798
0
0
15021
1027
8217
92552
19100
10725
21972
42662
9747
0
120407
0
95336
8135
2866
0
33536
38984
0
0
0
0
5394
9783
60757
0
0
0
50765
74725
0
8542
40
40464
9615
77917
21712
70844
63978
54394
31598
49687
0
15903
20763
0
0
90548
72000
0
19708
0
48701
2702
61481
7737
81870
50436
7409
0
120313
0
72435
26765
44772
0
34886
0
15623
0
101741
29154
0
0
123003
0
533
46007
63363
0
0
437
48293
41302
659
0
48892
2298
0
6078
4466
60064
5540
78923
9611
0
0
0
11892
0
0
62059
1775
0
87520
68788
76283
0
0
0
36002
608
83072
40224
0
23364
7556
0
65850
0
0
80351
33379
0
79042
0
28103
38824
0
7507
0
0
9719
8721
0
23739
0
18285
121239
0
42046
0
0
104854
0
0
504
0
0
0
123392
0
0
0
94310
0
111630
0
51485
58768
8861
0
0
0
2957
3830
16804
20286
3173
35440
29787
0
0
0
99976
52928
0
54874
0
86875
0
35880
0
0
5863
42462
30982
0
27975
0
10236
126228
116771
0
102619
0
8000
45173
23906
123091
4287
0
12633
89590
373
16657
0
83516
55550
0
0
0
18738
121024
0
27138
0
70237
0
12719
0
0
119479
25754
87792
61011
30863
66321
0
0
0
0
78207
15998
0
101165
14543
118853
43052
0
0
0
0
2368
0
0
112890
0
33913
0
0
0
96943
20557
0
14049
29120
0
0
54995
20111
37830
0
33703
0
108605
38190
0
0
3802
8429
46307
0
119079
73862
0
23442
0
124443
0
0
20081
0
52491
0
0
0
8367
16035
128193
16058
0
65249
44155
34853
0
58824
0
62501
70365
49609
0
15024
126016
0
0
0
0
0
0
14709
52653
0
20434
26861
0
0
28277
0
24416
66950
33069
0
91137
15753
42041
89863
26349
0
17706
30398
9100
0
0
0
0
32507
8887
103446
113131
0
0
0
0
15162
0
0
0
29211
20285
27049
15776
112134
128149
29113
0
0
0
0
0
0
0
0
37441
0
0
10687
0
0
0
81569
0
4776
81019
78809
11515
5507
28505
23240
1671
62630
96374
0
10355
34655
0
55438
0
0
121469
29798
102909
0
51436
5211
0
0
0
0
0
0
0
0
0
0
0
0
0
12854
7671
102601
8961
9737
5653
0
0
0
18846
0
0
0
0
119881
52989
0
0
0
0
0
0
69134
0
0
94609
125622
126170
55437
35184
0
0
47258
0
123849
0
0
2040
0
10019
40868
77162
0
0
85884
18967
90924
0
0
0
0
0
0
13598
1879
0
0
0
0
42665
18274
0
2539
0
0
7291
13763
0
10268
115774
21958
1667
61246
123559
116824
0
15670
0
59681
0
9459
88035
0
0
0
87494
0
115535
25802
40946
0
0
0
99704
5846
17989
0
44704
0
0
0
17904
0
70153
79176
46070
0
37661
9844
0
0
6143
0
0
6059
0
30833
0
0
3859
0
0
22981
37729
0
5123
97645
9337
9215
5088
52960
8868
9620
64717
113665
9710
49437
0
66121
0
0
85637
96083
74048
31859
107795
0
7774
24761
10490
27853
0
0
0
0
1429
0
0
10631
0
0
0
0
0
0
0
3144
23066
0
101696
22505
0
0
0
0
15645
128825
25865
12303
37594
19982
0
0
76981
85796
35699
0
0
88050
107791
0
0
1179
0
4971
100411
13857
0
0
35190
0
0
0
87673
0
121020
18556
0
106606
0
0
9032
0
9336
0
0
0
0
0
67903
0
16468
0
110798
0
32110
0
0
2072
24128
18616
0
0
43867
78072
0
30786
35796
61621
0
0
29476
20461
67375
97351
0
0
29634
0
0
0
88694
34279
0
71322
42813
8409
0
72226
18772
70572
0
0
0
30155
0
2944
43268
0
0
0
0
0
53417
89248
127209
29464
0
18850
12758
47111
0
0
89057
0
0
14199
50352
36166
20415
96087
0
0
0
0
46127
80029
100982
0
0
0
42339
12463
0
9245
4808
0
14352
0
2757
80881
7200
0
21675
12070
33689
0
0
78316
0
70721
40275
0
65664
0
0
1220
0
0
0
126982
0
49565
0
0
102896
45067
0
5113
72999
83451
0
121187
0
1396
35259
27959
0
0
123535
26046
27774
0
0
0
0
0
0
0
75741
90699
0
85618
83302
52511
82203
45006
59614
32411
0
0
105963
56163
55289
53200
0
124147
66637
100597
29409
0
88267
0
0
19195
0
1958
0
3182
98402
0
54693
120386
79455
0
22040
0
40595
0
18779
0
0
14303
0
27656
32206
0
0
43570
0
0
0
0
111683
1908
0
43089
0
42898
0
0
117670
0
0
45011
0
85100
57061
12857
0
0
0
5165
27644
1662
93156
669
34784
57192
0
0
0
26103
0
2431
21035
0
61574
0
6475
0
0
39069
74786
0
13638
0
14460
0
41683
408
0
31648
113984
0
5874
128698
6306
0
26890
17787
0
0
6297
3942
39781
0
0
67926
122183
47873
91597
11739
0
82022
6106
0
0
31670
0
0
15456
117605
0
104337
122928
6969
9052
32168
0
50930
0
0
0
5360
0
0
0
88967
0
0
22777
0
70695
9828
95099
43826
729
0
74088
0
43692
84314
77638
30444
5232
13132
1023
49819
21797
124836
25579
44902
0
0
0
0
0
0
9235
91298
0
65913
4277
0
32794
0
7440
73410
0
0
0
12421
0
108923
2152
13301
12724
0
0
0
0
50799
4593
3998
21333
45042
0
23970
58403
0
30561
0
10078
1771
121360
0
0
91859
0
0
0
108794
0
1294
94674
6584
94458
0
13505
24766
76422
101822
97529
0
42814
0
0
92693
0
93265
0
129044
13803
794
59703
42073
0
105581
113567
125047
53758
0
0
28740
84858
0
41700
0
2965
0
0
1917
25353
90192
28072
61616
118860
81428
0
0
0
48502
0
0
0
0
9756
0
88982
0
0
0
0
0
8127
0
0
0
0
3206
20082
0
0
0
123991
26847
0
34508
74725
0
51359
0
79106
90463
0
0
281
3047
51982
0
0
0
0
49305
0
99614
0
0
0
0
129123
29506
0
0
70462
46453
7061
0
0
48988
0
5733
0
0
6762
0
0
79382
4665
92048
0
6700
1236
46211
0
0
0
87045
28109
0
40835
0
56341
0
91992
0
0
0
0
0
0
0
0
0
0
19562
0
0
13668
85261
12644
34523
43279
0
99199
0
9682
0
9636
40400
4968
117535
30240
0
0
0
27311
99336
145
4692
58963
68983
0
0
11867
0
16073
0
0
2576
8094
0
0
0
0
15621
0
0
119218
4801
20741
12333
15722
52390
17823
2235
0
0
0
0
0
0
82449
109347
0
0
15147
0
0
1156
0
68443
0
15911
13438
0
0
0
113274
507
111135
77495
644
101213
0
0
21377
0
0
0
31413
6469
59481
73091
0
13620
0
0
0
10472
54109
0
0
45176
0
73177
72299
0
0
8831
0
0
33639
0
0
0
0
63658
0
15391
84141
0
5722
2170
0
23928
0
0
77840
0
0
105472
108300
0
127886
0
40218
0
0
124899
81065
24058
88781
38439
0
25173
0
19702
0
37658
0
92
119088
0
22640
0
106626
13898
3560
115414
107862
40614
0
0
63553
52363
278
13516
0
0
0
96624
72440
0
0
0
38178
0
77580
21456
2608
0
0
78360
0
9693
0
14954
29400
15223
27988
0
21470
14637
90629
0
0
0
9712
54342
0
0
0
0
128001
0
60723
117129
0
32466
6181
127513
0
0
0
4812
0
5072
0
0
93303
0
0
12226
75670
0
0
49974
0
95440
90317
0
18550
116968
738
64051
57570
41744
40460
875
0
0
0
37868
0
0
0
85491
0
94214
38466
2870
170
0
92292
78649
56491
0
60725
0
7247
0
0
27953
0
10130
35533
95172
42131
40139
24540
0
29688
106976
0
0
9688
0
35180
61386
0
84057
41861
17
0
0
0
10550
0
128108
0
0
0
1415
38245
0
31427
672
3672
0
18629
0
0
91870
97017
9920
42567
0
32850
0
44609
106532
0
0
0
0
10044
42878
129703
0
19196
0
0
59785
98508
0
0
0
0
44514
44751
0
119755
16438
6233
65551
0
0
31330
0
17707
58744
0
2213
0
25070
63189
0
29226
0
0
0
0
0
3999
68825
6214
0
7949
0
43245
14992
49404
0
70912
0
0
39325
0
0
0
58259
0
50153
0
109938
0
0
95942
6197
0
0
33426
0
0
0
108555
0
0
0
0
0
7860
1089
7279
0
0
0
13374
0
77509
11632
81207
0
0
43803
0
73331
117455
64738
96458
58106
40727
0
86516
0
76253
12438
48604
38465
0
0
27983
0
10749
40417
7686
73927
13597
9622
56313
7883
37247
55777
98231
0
0
99170
13959
0
0
0
58789
48132
25238
0
28099
0
0
71171
540
126950
0
45572
0
0
100845
83002
26664
28395
46478
0
9108
0
2642
336
0
0
0
0
7866
51912
13661
121185
1348
11148
0
0
40492
61815
0
110616
0
0
0
128677
0
4598
0
0
0
0
0
15661
0
0
0
0
13292
0
0
0
92809
0
69128
95221
0
0
49555
0
0
44085
50420
53848
0
0
8366
0
74351
118832
0
1501
0
0
70695
45986
0
82045
0
0
78114
64196
109018
90616
0
11630
4737
0
0
124419
41624
2083
0
0
91580
0
99853
98828
82344
32043
6802
0
117074
0
0
19263
35061
26344
12309
17746
0
2242
0
21741
16491
0
0
4201
39665
9822
0
0
0
34055
5629
31499
15994
0
0
0
0
126021
3487
108050
0
0
0
119295
11166
84297
0
0
0
50620
8486
4319
113189
12709
38697
0
38408
22764
43506
0
0
86668
69447
0
0
0
85746
119759
95520
12001
0
0
120123
0
0
0
16227
52547
109604
71444
0
0
30977
76806
98383
0
71792
0
0
111778
91320
0
24240
0
0
0
11956
4017
0
54360
0
0
96931
95349
128996
57115
90895
28233
0
31163
11064
0
108679
0
0
55146
79483
0
112729
0
0
124084
0
0
567
20941
0
0
0
56916
87444
0
0
0
0
57649
0
22750
0
27943
0
42241
1628
47066
0
0
87282
56250
0
66215
102484
0
0
65343
0
72850
106662
2637
124697
0
77493
63180
56184
0
0
0
0
4139
0
0
0
31863
38838
123016
18322
100496
0
0
84733
115045
24338
0
58993
98498
0
0
7883
0
114223
0
129934
1244
13469
0
64264
0
0
108391
5109
0
27720
24161
46995
0
0
0
75934
0
0
0
0
0
0
68349
0
15370
0
33196
49361
57347
0
0
79034
97302
117707
41810
31531
77701
0
0
5347
30265
0
40053
0
0
0
18434
72290
0
4236
1885
0
0
47264
16049
123406
22991
9650
0
12655
0
0
69854
0
0
76767
0
8932
7434
63081
0
28259
0
21167
50751
107363
0
73826
0
0
14899
79790
0
19797
28838
78478
0
0
4704
24839
84480
105462
63584
19402
0
0
0
0
1929
10018
342
54187
1669
0
0
0
0
54532
0
32228
0
0
0
0
0
0
31424
5255
34777
0
0
109567
0
108156
0
13503
0
29021
3144
0
11284
0
0
0
0
22200
0
0
42849
0
0
0
0
115681
0
127970
0
2197
24323
0
15623
49827
0
82810
0
0
0
117494
0
0
0
0
0
0
50093
0
24196
13072
14774
16885
0
21052
0
20564
0
0
32023
79729
0
55576
43348
0
38604
0
0
0
0
0
2881
0
84892
3490
0
0
0
0
0
41165
0
0
0
0
28237
0
0
0
34091
0
0
30628
11773
0
45602
64005
0
35240
33594
0
1077
86679
0
83063
0
129113
0
8102
8250
52291
11376
52645
0
0
10483
0
57183
13728
123696
0
0
0
0
0
119371
6629
24411
0
56210
0
106726
0
0
0
0
65334
66533
93198
7643
0
754
39441
43354
9459
0
0
104681
0
0
61291
0
0
109087
0
71775
70366
3595
0
10231
6394
0
0
0
34228
85595
119101
0
95597
0
39624
0
0
55709
0
10542
0
26081
71856
81135
0
0
0
0
0
74868
0
63771
11527
0
0
0
0
23639
128929
16396
0
49830
0
0
69678
0
11096
8155
0
22495
0
109625
0
6249
0
49553
26052
0
11148
0
4930
56885
0
50103
0
80988
0
26360
91436
0
0
12245
86072
43222
0
59114
0
77648
0
29818
14954
35200
0
99908
19715
13508
0
12113
82745
54948
0
11342
0
0
0
0
0
0
116537
0
0
112436
0
9235
31145
42021
0
51435
0
0
0
0
0
1015
0
70787
12653
31581
98144
7313
88971
12957
12681
0
17040
0
29441
13942
0
65289
0
8938
1009
5797
44984
0
48614
0
96448
39400
18959
0
0
0
0
8535
31021
0
0
0
25220
16650
0
68360
68871
3249
44605
0
108724
66059
0
88217
0
0
0
0
0
0
57475
90707
111807
5623
70430
0
5796
16858
0
0
118841
6798
0
0
57847
0
8975
24934
20964
44763
30895
77424
47646
0
0
0
0
0
0
70211
107583
0
0
0
0
0
61099
6108
2711
0
0
4773
74289
15309
0
0
24132
23742
3378
28207
0
63631
103937
55167
29024
0
0
0
0
0
5987
2967
29601
0
27726
60269
0
18875
0
0
0
55935
9590
64200
0
0
0
0
640
0
68585
30340
0
1808
0
84161
29795
14859
0
0
0
2545
6869
0
0
87572
0
99585
0
15618
9645
101154
64295
0
2638
0
95873
36119
4390
0
72607
14470
27891
0
0
0
0
15862
0
0
111867
115206
29891
51724
40441
0
37736
0
0
94313
0
0
115289
0
8620
17753
27720
40924
12679
88958
0
0
17336
24008
49100
35969
0
0
118004
68599
0
105092
19637
68157
83117
32667
0
7352
11369
0
0
57081
71663
0
124795
11779
101398
50019
0
0
0
0
48871
35943
128259
41290
10360
0
76539
0
123089
19117
0
13530
0
0
0
0
0
31745
0
0
0
67762
39937
63949
9674
4606
0
0
109896
44628
0
28693
97445
9873
5340
8337
0
0
0
26167
0
0
0
0
31681
0
0
51996
113782
34211
2141
0
13434
40311
104190
0
0
0
0
0
0
103921
0
0
72288
0
0
0
109387
0
77381
0
0
0
4074
20961
97160
0
12896
17689
1199
0
73379
0
81156
29729
0
5991
0
34165
4845
34393
2342
0
0
28581
0
11665
30149
0
90617
121991
0
0
0
0
16131
9528
0
66122
0
49716
76693
45085
10178
55638
27129
0
8641
3513
0
14861
0
0
96
0
0
65144
0
420
0
0
40148
0
57443
34130
64503
13673
0
0
0
5691
55774
23672
24580
106768
0
42856
46265
50047
26640
3611
106815
96237
44565
20822
0
4864
37066
0
0
0
0
2818
42229
11273
0
38270
5296
0
37117
6618
37191
0
6756
0
0
70882
26990
92083
0
0
12655
90291
0
18251
0
63470
522
0
0
36305
1951
493
0
0
40779
48592
1744
0
40802
0
7184
0
0
40907
76499
0
43378
0
35360
3648
61897
0
1186
4092
31123
0
119168
74549
50228
0
60195
0
0
62956
0
60211
0
85022
70106
5765
0
74185
7513
20066
5694
44352
0
0
16380
14786
0
0
102361
0
121491
99331
0
82437
839
26703
0
10655
0
0
0
0
0
48449
0
56699
19217
0
26
15705
0
0
0
0
29548
82786
3387
0
82338
107697
39851
34307
29935
0
47799
0
53002
13647
42004
52128
34423
51762
27226
35773
24952
0
0
46265
31986
0
59656
0
0
0
0
8115
0
57024
99404
42190
3256
0
0
0
86846
0
0
0
0
27682
82622
76968
0
0
10386
40149
31017
0
121402
2402
48037
89423
0
13051
89182
53329
101259
34321
46185
0
0
11109
81675
14795
0
43157
8102
76143
35518
0
71155
583
0
7807
0
4582
8630
71037
14702
8469
4138
0
0
882
0
0
0
0
0
35744
0
0
72586
0
100836
0
77045
0
0
70504
0
0
0
978
94904
19403
0
9280
22296
0
0
0
24994
0
60543
811
0
0
0
0
0
0
0
0
0
0
8576
23849
0
0
15854
0
0
7863
44449
78089
32314
108494
0
0
111449
69254
67128
0
15400
0
27447
41410
79955
15310
0
20632
0
0
0
0
9308
5777
0
0
73894
69076
7480
0
0
40649
18020
31570
0
79780
0
0
77602
43279
6232
25052
0
0
51624
0
16528
15601
5689
0
45716
20204
0
0
0
0
31893
67947
9360
0
0
0
58742
26557
0
121941
0
0
37920
14630
18919
71255
3669
14064
100132
20060
74602
0
0
101717
0
7627
85041
15607
73259
0
124571
15044
21226
8480
0
0
0
80271
60570
0
0
7439
0
0
0
76884
6694
0
1414
61552
68838
0
0
0
63096
3037
78097
14405
0
83692
0
0
95197
54019
0
16796
23973
0
0
15205
0
7310
0
0
4289
83092
59542
55385
0
53720
0
0
0
11619
0
117088
0
36174
116940
0
79163
106555
31006
6008
63865
0
98290
34618
0
9268
0
0
94774
0
0
4175
0
61760
0
468
0
23361
127099
6710
0
0
0
0
49118
121730
3166
0
2924
0
125150
9866
0
0
75098
45942
82
60341
3903
100079
0
3286
0
88282
30387
79898
0
0
940
0
0
0
111255
71278
0
8206
1616
0
53157
937
0
0
50794
32014
97280
32915
1245
0
0
0
0
0
45615
25424
17607
21783
53798
0
121289
127128
94178
28501
0
0
0
79140
22670
35671
0
56811
59535
0
0
8561
4830
11760
0
116960
27277
0
0
0
60861
0
0
0
0
0
0
0
0
0
0
0
48974
51200
32523
0
0
13292
1934
0
0
128942
108978
23469
0
0
79774
12600
0
121869
77596
0
29803
51769
0
27325
3841
37689
30840
0
0
43482
0
25274
9043
109511
0
128169
0
61804
10144
0
87468
27782
0
0
22618
19688
61743
0
0
0
19533
0
5930
0
0
0
80414
0
5893
21758
86381
121163
10543
14903
11900
0
62253
0
19015
0
0
94058
95555
24515
58968
58226
0
1993
0
109616
13730
0
27231
38382
0
27907
123411
82690
0
48838
0
0
0
0
29159
70348
4499
3086
19641
15766
0
40218
99683
0
0
129755
0
23174
0
0
46472
125899
0
67358
0
69591
12708
2781
33275
0
0
0
102175
0
41134
3676
0
0
112116
99117
101676
39285
13450
2355
37535
0
6133
12626
112567
0
8049
53493
0
64911
63103
0
0
95149
50600
0
0
0
0
4883
126563
27439
38748
0
0
64496
11801
120643
125891
0
0
0
39041
66512
4705
26627
77172
102564
0
0
0
0
0
0
71905
0
0
9241
0
0
26098
0
73963
0
8503
0
0
9039
14748
0
794
70916
0
10050
0
122782
19810
0
54643
0
0
29212
38270
18161
25258
0
37872
0
0
53078
112302
0
0
0
0
98052
59652
34312
8601
39677
9135
93832
3169
52270
0
13565
119314
0
67119
106740
0
0
0
1754
22615
0
68138
36574
92603
102234
0
0
0
12590
104054
0
0
81038
123998
118231
0
37315
0
108910
12033
0
22569
0
2230
0
0
20795
0
73691
121176
0
0
0
109094
0
21532
0
80529
112585
15880
0
0
0
0
113219
27559
43408
0
0
15257
0
88934
16258
0
10509
49880
9876
74898
0
18536
0
0
0
0
38884
0
0
116512
87035
0
11672
0
84375
10298
0
0
41824
0
49359
1669
68578
0
76331
11358
0
17972
111783
0
0
0
0
0
87854
0
0
122219
69102
0
0
0
35527
90453
0
62588
0
12100
15971
93200
3544
18779
91124
0
0
0
0
0
37952
45253
25080
85646
0
76391
0
0
0
0
0
98857
0
0
0
48399
14294
54052
70924
33196
2357
0
0
12827
0
11953
0
0
50237
119343
5793
101473
1945
0
0
0
14166
0
106205
129630
0
17405
64207
48685
69750
115399
0
0
0
9391
0
29954
80830
88834
0
43224
0
0
14805
9194
48731
21689
119319
49280
19177
55687
0
0
1614
32176
89807
0
8258
25662
32409
100240
116384
0
0
0
0
0
0
84110
0
0
64205
79376
127424
0
0
87296
58875
54699
11690
0
6171
0
0
65369
0
4273
0
103388
33720
81927
123690
38841
52802
0
51617
0
87505
0
11355
37816
0
54516
0
0
70810
91191
873
56016
53184
109982
0
0
0
0
112413
83298
91681
0
65065
0
22543
14460
92184
0
5890
24692
0
103634
0
0
0
0
58856
0
18004
0
33338
0
26706
0
0
0
22705
26816
0
0
0
0
81063
16355
8638
128798
16399
0
61320
56917
78376
289
0
33922
85845
69755
98521
39286
77609
0
0
0
0
2541
373
2130
15720
37712
87605
121571
0
12992
4398
70669
1051
0
0
32152
2139
0
51882
4735
104168
7251
0
0
0
0
0
0
46817
8615
0
42322
74764
0
0
16761
113468
66355
3056
78282
0
0
0
63661
27498
0
0
0
0
15342
4194
4947
0
87544
67362
4319
0
14721
0
4819
0
5645
26041
0
0
75993
0
1646
88454
0
27771
81883
101411
0
0
62560
0
70533
21294
0
15904
65160
0
0
0
0
0
68785
38568
6966
0
68745
0
10228
0
0
67266
7536
46395
46615
12179
0
12079
12913
107332
110823
0
13470
3468
25877
0
0
22340
0
0
58515
0
113734
0
0
87449
21959
0
112505
0
53820
0
0
17493
0
4288
115323
0
129229
0
0
0
121229
0
0
111963
8788
5763
0
0
53432
0
105006
96498
0
25641
0
0
0
0
0
0
0
109679
0
112764
22857
67794
0
36938
9973
0
39769
20552
10745
0
42596
68940
41430
39943
4914
0
38270
0
29518
103635
10182
0
20445
0
0
121194
0
10691
6752
163
0
13824
0
0
0
65796
0
75481
0
87931
0
98383
16353
98955
0
38149
0
84180
12475
118778
0
51865
2399
63425
0
23115
12501
0
0
118707
51806
119004
0
121368
0
0
0
87237
0
100111
0
12172
5032
0
104565
13075
0
61891
0
49043
0
99865
32240
1213
0
0
0
240
0
3049
67459
0
0
0
13419
0
0
87874
0
0
0
4775
525
0
100675
364
0
0
86519
0
70054
16370
50451
112255
0
92909
0
63833
115382
11333
123794
41090
0
0
0
0
32986
0
0
121443
45839
0
0
21503
0
124024
55977
0
0
0
57231
126747
41662
63168
26135
99860
57287
18810
121193
0
28182
35596
84888
0
0
120847
90890
94239
44296
61369
0
114734
10331
55339
0
0
47386
38196
124750
0
0
0
98686
0
60784
0
55949
80531
50186
92364
42415
0
0
0
0
80239
101619
0
66904
7088
24768
104520
0
0
22177
0
43643
28463
2781
0
0
0
127953
15191
3117
88262
20980
9027
115725
77192
90423
105834
129310
4429
116680
0
21543
59418
0
0
18025
0
0
12318
0
0
10646
0
72645
0
0
0
91307
0
0
94463
71967
13806
0
98979
0
0
0
117240
0
34711
11004
29200
14075
77296
13164
0
0
41642
0
67313
38469
0
0
57499
61853
17848
0
61770
98153
0
47813
104330
0
0
24612
55691
0
0
21539
100233
0
4512
83588
65307
2836
0
39418
9794
3399
0
121975
0
0
0
19313
502
0
52418
23199
85984
5931
44484
0
0
0
0
0
65608
30611
48341
60029
2694
0
0
37239
0
0
102537
0
0
0
91518
46121
0
0
9479
0
52975
2931
0
23254
0
12924
0
0
71802
0
0
0
39566
0
0
47059
102783
0
0
83963
0
54932
41194
0
95384
0
0
0
0
63104
0
37133
0
0
0
4982
70662
10992
73989
92048
5978
26268
34935
0
79926
0
0
50030
57615
0
55946
0
68606
0
16484
2246
2104
0
0
0
41022
0
5702
0
0
0
0
38488
0
0
0
0
10921
0
0
38499
10336
0
0
18060
39951
0
8553
37571
56118
1589
4586
14303
39379
0
6950
7692
0
5852
0
0
115452
0
50022
48489
0
0
127085
0
0
32258
13557
5484
0
0
53002
0
2383
0
0
10506
394
0
4062
61312
0
0
58148
0
0
0
0
6062
1939
0
43496
37735
0
0
0
0
0
49952
13668
80146
0
0
28997
0
97587
11623
0
125109
0
27482
0
11938
79781
2200
0
20879
43572
0
53891
16990
103513
104370
14938
0
0
6359
47484
65348
0
2892
22479
43450
0
0
0
12118
21460
477
37272
0
43267
0
0
34073
128128
0
45002
45919
105526
37260
53012
0
114881
0
3556
2953
42195
55140
128249
93371
0
0
36009
0
81250
17214
0
61899
87104
22059
21697
0
50068
0
15674
122528
3556
0
72534
0
2672
0
56804
18270
108980
8043
129357
106844
53782
67163
95498
21712
0
0
99960
60400
51836
8267
0
0
4097
0
36932
0
92990
0
0
0
0
0
0
0
0
0
94545
16578
14076
109630
0
0
0
0
114538
16192
0
0
2836
0
114563
2144
0
64700
77894
0
96906
73495
8226
0
39946
6066
120455
45276
0
94251
2431
0
35690
0
0
15596
0
13927
0
0
0
0
0
2157
21790
113197
0
20710
22477
83984
33068
76518
1036
23427
0
8221
127343
0
0
0
0
53902
0
26796
43568
0
40518
0
24529
0
0
61366
29963
6771
0
0
71242
0
0
0
30103
0
31613
45057
79363
0
109901
51003
10386
88166
0
97090
0
95780
0
5177
122138
34543
0
2762
0
51381
128368
68566
0
106313
70520
67003
17560
9224
15279
35539
0
0
43188
7061
0
0
0
94616
0
10934
10532
89225
0
0
97683
0
0
0
0
46411
0
49412
0
67316
0
0
0
0
0
6400
0
10747
68733
2974
0
0
18275
0
0
0
7229
0
14522
33930
0
0
0
51367
3298
0
23228
0
0
28847
20627
0
0
45987
69004
5643
51527
13913
2253
0
20751
0
441
3204
56248
0
7989
114557
52451
476
2151
4816
8171
6601
92652
25152
82074
70463
53272
10057
69089
0
50186
0
0
39458
12231
24703
53130
21487
45028
0
0
61690
1489
0
10957
0
0
0
0
0
65251
7798
88508
0
59603
47344
28895
28098
10951
0
24021
9361
0
3647
23905
6525
47957
94026
0
273
0
0
0
11722
0
0
70265
5059
121483
7006
99852
82162
53344
0
75935
83988
39120
0
55602
0
0
0
123463
23784
59177
4010
96793
0
51332
88680
30995
36767
125983
0
0
0
94883
86713
77527
0
110333
64097
63359
0
0
0
0
0
120515
35824
53786
0
81917
110078
0
0
79304
5143
0
0
0
0
0
0
0
38464
5321
0
0
0
0
11765
36511
98725
45976
0
12533
0
0
0
0
103328
0
0
0
2854
16733
0
0
0
19965
0
52414
30679
36741
616
0
0
0
19411
76582
18815
10763
48753
0
15331
8943
0
2206
0
6672
0
97967
0
0
0
68148
109113
111484
20528
68819
22171
57926
91947
87883
0
0
0
46115
25427
0
29955
117035
0
77040
0
0
0
10303
12961
0
70812
35749
60631
0
0
77819
1749
0
89385
79002
105763
129156
0
33357
34163
81548
4559
0
3090
45106
0
52043
91916
0
50959
0
0
41302
65221
65497
1422
0
0
3339
0
4179
69880
0
10384
56655
33979
0
0
8024
48850
0
0
0
0
0
3301
0
0
122624
73988
44008
20902
66590
45012
0
121231
968
32653
44903
0
0
116637
0
0
0
0
0
9099
0
0
0
3579
76127
0
0
0
11419
64546
0
0
38506
1894
0
73630
0
0
7011
0
7164
94288
62037
27001
0
97676
3482
95173
0
0
0
8683
0
0
0
0
21130
24423
0
40673
117834
33019
0
0
37860
123189
86580
11768
58882
0
0
75518
27413
2022
41988
0
0
0
58273
0
11116
7555
0
0
0
40063
3995
0
0
124762
0
396
10431
87874
26764
1374
28230
39730
29579
2514
5439
0
33114
0
126562
0
44670
16550
31420
0
37103
0
56674
81279
0
101915
48165
4897
109601
0
84936
0
123165
14005
0
73546
22600
67500
0
28230
0
0
65861
78738
61404
43589
27738
8997
126516
10448
18470
0
0
26513
21379
0
0
55218
0
0
14843
121943
114149
57232
82898
0
0
7269
0
88674
0
0
1047
124339
119390
0
0
0
4434
7205
80892
0
0
73745
0
27622
89149
0
52560
6810
0
25241
90402
0
0
0
0
2171
0
48448
28210
0
0
52871
0
0
40578
0
0
28724
78522
68608
0
0
0
82771
31714
51690
7930
14472
0
0
127163
97088
0
0
0
18345
0
22531
1801
0
53086
19643
0
0
0
20573
114737
66261
52413
14627
76742
1546
63567
1095
180
0
0
0
122273
22124
71244
0
2084
107160
21461
0
39229
56758
29030
0
0
0
0
0
0
0
37350
117661
45087
0
0
63328
59356
42995
4787
0
0
81333
0
28132
0
114790
12263
32059
73847
331
0
13885
271
5779
0
0
0
0
0
77708
64337
0
123886
17999
0
0
0
30267
0
0
0
0
57174
0
0
14356
0
88685
90453
0
103810
58
42452
27812
0
53067
71872
29988
0
62295
7909
0
0
83125
95976
0
39893
0
0
74436
0
8700
25300
0
0
56755
0
19651
0
0
0
38539
87312
117192
78590
0
0
79294
1033
0
0
0
121232
59979
21156
49006
0
46929
38274
0
2852
0
0
0
64522
11286
12908
41716
0
0
17526
3905
97346
0
0
82890
8753
0
0
0
0
119149
74404
0
6253
0
91180
64612
0
0
86139
101139
15480
18291
0
0
0
119060
124942
42039
83190
67129
0
0
56379
0
0
0
5813
44596
16104
0
0
13672
0
23836
0
0
3368
89472
0
18880
0
0
110485
0
18337
0
0
2839
0
87865
33972
7447
11837
75305
23316
59556
0
0
100029
0
26326
0
89114
0
11918
5475
0
0
9738
6045
0
0
0
128182
76152
0
0
97266
0
76936
129417
111849
0
1524
0
126527
0
0
109545
1380
0
0
0
0
0
0
17468
42792
75443
2320
813
16663
13374
104211
0
0
41841
67660
119237
46438
77832
30081
21410
0
126582
41537
0
64402
86696
0
0
43683
0
69623
0
11514
39903
1991
655
29854
24239
116908
4749
0
41901
107752
0
0
0
32644
18336
100705
15373
3697
0
0
24519
115052
0
71748
53263
0
35260
6805
11457
56013
0
57492
24882
0
2997
0
0
19690
0
33095
46844
0
126465
13106
27478
94660
86410
8950
41144
0
0
1780
69230
104905
0
0
13504
0
0
5757
72049
7846
5682
0
88598
55283
0
52
0
69952
0
13676
44016
0
0
82097
23777
0
66424
0
112180
114175
17484
127241
0
0
0
22631
0
0
0
6264
12966
12757
100511
0
4792
0
0
0
7706
2693
44141
17000
27682
100867
39450
0
0
22487
0
97543
0
108290
3916
10805
61264
9744
61386
0
7828
30019
0
0
0
0
0
0
125227
4797
0
12136
0
6371
0
109783
51095
0
107391
0
0
0
1173
108885
0
0
0
32027
0
22307
0
4777
0
0
120254
96928
0
0
52735
58106
63253
21588
18451
37692
0
25761
102800
63334
0
27135
10043
0
0
0
46160
39260
62423
0
60106
0
63560
0
100167
20173
44348
0
0
1207
40451
0
0
0
20467
113130
24804
2763
29566
10012
0
16441
106188
40151
0
0
71238
43783
2015
29387
0
12761
0
81836
54655
0
0
0
24598
27700
30599
111843
0
0
86461
0
5
0
64393
13605
57738
87887
29786
87830
0
0
33162
9429
66773
0
0
0
0
0
34533
0
0
76458
0
0
2453
0
14482
0
89936
0
0
9658
15808
24082
0
46669
0
17201
4773
61326
16042
0
35142
19118
0
76995
118694
1772
109139
36780
1167
106185
77388
0
0
0
7188
0
0
0
8776
128176
0
0
93224
24645
47407
68695
0
74395
35179
0
19710
15301
0
0
110631
47138
22312
0
0
0
102518
13700
37227
25631
3535
50475
10121
0
0
13573
81083
0
0
0
40676
12113
0
120466
0
0
50188
91199
39797
0
7136
78457
0
70943
319
0
16458
0
104914
0
4505
0
0
6825
39893
0
97957
10021
0
125835
0
0
0
79778
0
62718
0
74933
0
0
0
0
2620
0
0
48148
17671
0
0
7696
0
0
0
0
0
1059
0
0
0
0
63424
0
0
2912
0
0
0
44854
0
52605
26910
4551
50967
0
0
9720
19572
44631
49844
0
87274
35159
87643
0
36930
0
1358
0
50296
0
79986
0
0
95044
0
116140
0
7540
105699
0
0
0
31127
9694
19409
0
68733
45289
3015
61594
0
0
0
13174
44559
40392
0
0
3894
0
128233
0
61829
78428
0
0
52138
16564
0
54787
85179
5442
805
78314
2400
18447
0
58423
0
0
37396
10174
56370
0
0
78383
9960
3423
129350
0
44507
30424
73481
121142
0
68655
37046
0
46210
94181
42785
30690
14818
0
84624
0
0
45746
4769
0
68462
61205
25875
107700
0
0
42287
15736
103195
0
88274
30860
76206
0
66587
49115
43306
120413
85623
3192
0
0
0
30537
0
27817
0
0
0
0
11375
58940
0
20496
9211
15110
38020
31514
0
3853
44521
88809
0
3657
11206
0
32326
0
102599
108446
10975
0
93070
6387
0
42039
114154
18660
24903
8971
11116
0
35284
0
35831
0
0
0
0
63126
0
29058
0
0
0
95371
0
59294
0
9696
0
86740
2115
0
0
9324
8263
38030
0
34609
0
32938
27361
0
0
0
0
21835
0
0
92752
51840
0
117
0
0
0
82995
28230
0
0
13584
0
0
0
33227
0
95635
48544
0
0
0
0
0
127121
97654
21621
16258
51295
0
0
84167
119740
0
61752
0
0
33159
44536
7133
0
0
71603
944
0
56740
5468
21806
124350
0
0
0
4254
32665
12768
103662
82557
0
0
0
100899
44938
0
35659
0
44816
0
10538
0
0
75054
0
106488
0
0
0
0
3394
0
0
25975
8887
0
9668
0
2756
0
0
0
20524
0
0
0
5287
0
2077
0
30391
0
106106
0
0
9071
0
39639
0
0
75047
0
38839
1070
0
47556
0
63279
0
100984
0
82242
0
0
0
0
2030
0
21253
32435
0
0
78948
56288
3204
0
106354
52074
94158
109700
111191
55351
0
80652
0
125134
60414
88699
0
0
0
85772
0
101763
0
0
86008
18680
25039
72554
0
0
0
52354
0
0
0
0
0
42561
71182
0
25280
0
119601
0
75939
62766
73599
3929
17337
0
0
81163
0
78305
94406
54700
0
55507
4439
35793
0
9700
0
19600
37282
40102
117767
67116
0
110025
75172
6597
0
55412
72455
0
0
0
0
64522
108870
16358
93251
0
112563
0
0
0
49683
70511
0
0
0
85031
115164
14675
118661
56643
13165
0
0
0
32742
86783
87026
0
117629
71954
1542
29359
126298
5073
40203
0
18727
0
7569
50335
0
0
21776
39750
14229
0
62095
0
54255
0
9287
46983
0
6757
0
0
6838
0
110318
39763
0
1243
1320
50951
0
18263
0
0
0
122103
106506
0
49736
1692
0
101199
0
113563
1257
97606
22583
0
0
48929
9610
0
0
25566
107422
0
11934
6549
0
15904
0
0
7991
125550
82305
92069
51215
0
624
0
0
123126
56972
25294
26295
0
34944
0
5140
6497
0
0
70209
0
123758
0
93881
41902
0
44254
4131
0
46577
0
122858
128373
0
0
29364
0
14224
3701
17895
0
90839
0
73565
54807
0
47231
0
9500
0
1877
2824
0
48031
0
44468
0
99724
39025
109559
0
0
20307
22421
61457
100935
19042
29660
0
0
46274
0
39381
0
0
0
0
41999
4813
0
0
0
0
0
6235
28963
44893
56370
81660
0
0
40312
0
12997
29712
0
0
0
65101
9220
0
9479
83552
3328
0
0
0
0
2330
0
129301
0
96682
34887
61389
42497
0
0
0
19839
0
96085
105428
87298
13358
0
0
53704
0
74970
0
4905
43557
0
51470
5072
0
68406
2475
48511
0
0
37920
12038
0
3743
27260
0
0
112138
8222
0
0
0
4579
0
0
55920
26234
0
128191
55876
27487
79029
0
0
0
0
0
90339
14307
16929
0
3513
8926
53064
0
0
0
0
0
46228
40431
0
30245
59253
0
78383
4937
54517
0
4090
0
21266
23610
103477
0
17323
46663
955
0
0
84263
22791
0
2173
0
0
58635
13845
0
30874
11965
88368
38774
102029
24281
991
27999
30978
0
21483
0
3490
0
0
0
83849
0
48039
0
0
0
0
31716
7127
0
0
21293
0
0
36238
11820
91511
0
0
0
115885
27034
19811
0
0
0
0
24428
16125
18155
0
0
42925
4331
0
1486
0
23919
0
84656
11282
12085
27329
99791
0
869
121175
0
0
91799
35363
23594
40107
95483
70774
0
6229
88325
0
0
0
108722
109057
0
2569
100180
0
106297
0
0
76844
7599
58691
0
2728
44914
0
74609
0
0
11940
64478
9695
0
0
0
0
0
19600
15550
0
0
25063
107130
65214
120797
0
74478
0
1870
0
43596
536
17883
0
0
54004
37237
0
0
0
0
0
88231
0
0
0
20116
0
9395
84574
44198
0
0
0
0
62879
38525
63374
177
0
0
0
0
62991
0
78018
76526
98114
0
0
114789
53222
74575
3571
0
0
6061
4188
0
99996
0
19796
92731
0
49843
106113
0
102523
0
115746
0
11646
6313
107597
85098
0
49555
0
0
0
0
87877
0
119177
0
25725
45669
959
129304
0
0
0
114680
10348
110218
0
41168
0
11716
0
0
75531
0
0
1785
0
0
0
63315
83352
52765
3593
37237
17887
19866
42354
53423
7321
10255
0
53410
7401
0
354
99312
0
0
4102
0
11079
0
0
17723
3816
0
0
52815
8888
0
89347
0
0
0
104471
0
87657
43392
12798
12238
96573
8171
37746
0
118790
0
32468
98251
72574
0
0
59414
96274
16593
0
0
0
0
129306
23809
28077
30061
0
0
5200
0
69085
36815
0
115705
0
21810
0
0
66018
12903
28493
29164
32596
40581
29226
99121
0
0
0
83603
0
0
112956
0
78289
419
26161
32463
8742
0
0
16472
0
38613
78460
17236
0
40176
0
95033
0
117389
0
72463
68559
0
0
97583
0
20370
0
7848
0
27855
0
0
0
76244
19777
30876
0
47190
104947
2188
0
0
48227
8855
0
90839
0
0
0
82520
0
117338
0
0
34430
0
50694
22034
0
0
0
0
90727
0
98641
0
0
79121
119755
0
0
0
0
0
53939
97804
106719
0
0
93669
40335
0
4532
0
4998
83528
42787
79090
116070
38985
31877
0
44475
0
82032
0
0
75749
0
46950
88939
21973
0
0
0
86479
69535
71420
84441
76899
0
1429
6965
52917
68800
41936
0
87477
125703
29767
75744
15005
75428
94043
0
26248
0
29713
79223
0
0
0
34166
0
104096
52655
0
0
0
28815
2158
5697
0
0
0
15823
68865
37124
120826
0
4540
7377
78778
84260
39367
1216
31404
92582
116470
42339
28230
0
15060
7871
31574
0
21354
113465
87204
0
52508
49848
0
112760
0
0
39302
63536
36388
58081
15701
0
46818
48712
8634
10719
0
78021
7944
80015
0
0
123236
0
0
0
0
7884
0
2135
17739
0
92425
0
112465
2014
104584
9445
0
57020
7810
0
24340
22512
108754
12136
0
0
85610
26144
65304
55333
99358
51725
94879
24746
116300
45049
90232
0
82356
49056
52611
37090
0
6950
0
0
0
0
0
24807
22651
0
105817
51782
0
65333
0
16540
54406
56489
0
25072
0
0
87493
0
64199
107285
91097
0
0
88476
0
67868
8027
29722
0
0
6622
0
50507
0
0
13702
0
0
59540
75695
0
62827
0
0
76538
0
56268
13307
0
0
0
121885
16795
0
0
0
129913
2485
90153
11652
78781
0
1655
0
73300
93983
40668
0
124020
830
0
0
85588
0
0
79851
0
91218
0
0
30733
71688
85887
0
484
56428
32704
85575
0
0
32710
0
0
0
8057
0
0
1205
0
13172
0
112892
0
0
0
0
0
35908
0
41069
0
0
104138
0
50204
22729
74930
80671
45473
11750
120343
0
33240
87700
0
78785
0
23374
0
50932
0
86587
6323
76294
99921
0
17834
7643
18460
0
0
0
111178
37418
43862
126440
3066
11030
0
47775
6781
49390
28179
28093
18751
0
75713
40572
116473
92092
87538
0
0
0
0
24164
0
8419
0
18429
839
0
0
0
12604
7282
0
0
52858
0
47965
0
0
85834
120995
0
108140
0
0
63575
87188
12600
9392
0
0
0
0
54094
0
636
0
0
0
88625
6296
16896
0
12308
43336
73374
0
0
0
63099
12391
518
9263
41609
83019
83000
0
52981
8998
0
79154
4839
9380
60536
38194
10375
2130
102131
0
20888
0
0
29017
15677
41729
17654
55132
0
823
85784
106112
0
0
33031
0
5079
0
40085
10361
84282
77523
0
0
579
20588
95983
70404
0
26957
15051
81896
0
7213
89310
129081
9660
5876
0
0
0
0
25703
8168
32404
21266
0
56288
7631
40020
55401
0
55423
66584
116036
49855
0
0
62958
0
0
62661
112448
0
77532
119431
919
0
127632
0
14207
0
0
7692
8053
110727
126861
0
37210
0
0
70157
66617
77560
43051
0
0
32115
8656
0
120374
22509
0
3612
31434
0
0
87046
387
50425
12279
102281
42930
1917
0
0
5624
19357
24470
14175
3473
22948
5136
59121
0
70420
0
122280
43534
8326
0
67195
0
0
0
0
0
22245
0
18368
82521
0
30109
0
58423
0
50683
3809
23918
0
52459
3443
0
0
88418
0
0
100099
0
14815
0
63640
31807
0
0
54904
0
0
0
0
25803
0
0
0
102153
0
36206
99873
23662
82992
79914
329
73502
14813
11873
0
96552
0
119515
42800
0
0
25095
0
11928
51026
99113
54849
0
80871
0
0
246
0
0
0
0
0
126528
0
0
34888
32130
37197
47281
31669
113134
100386
0
19539
0
0
0
7047
1401
0
0
108681
0
0
2391
0
0
105957
0
0
0
0
60101
0
0
81723
0
0
11112
8625
0
23547
0
9123
112217
85377
0
42152
64080
0
72432
0
62433
3878
0
66428
19470
103076
9962
10355
129260
0
0
56811
25710
21072
31292
0
63391
2225
0
78641
0
55210
7197
23397
0
54685
5991
112216
69494
0
0
4444
0
0
43695
0
2388
0
0
18873
94431
42283
5800
0
90422
0
0
61816
124891
0
189
0
0
0
45380
52214
113753
0
38757
0
0
0
19482
105389
3262
5358
113920
0
5455
110526
0
16329
0
126592
1579
71506
0
22233
31503
0
21701
3660
0
44412
37140
0
103376
20789
0
82453
95769
0
10423
0
0
0
11480
0
0
18332
0
0
21703
18772
799
22248
0
0
0
0
0
45226
105308
0
0
0
704
6066
52
0
3330
71880
0
12517
0
18516
0
0
0
76774
0
0
31797
49659
0
11306
12699
50322
36821
0
119710
0
5047
0
2175
0
94664
20260
0
127815
0
0
0
90297
19921
39551
87969
4531
0
0
0
0
15593
117980
0
0
38354
0
14600
0
35221
114576
32134
0
0
87964
0
0
13136
28203
0
0
32591
0
38604
48986
13637
11260
0
0
18275
0
0
0
24341
0
33065
74147
0
0
39810
0
0
33818
0
0
80295
0
20982
108962
0
0
72347
0
25995
0
0
95320
15834
91585
35278
83410
0
70139
5093
0
0
36401
0
0
0
6173
10770
68789
20687
114620
112271
12274
0
0
0
38293
53223
0
0
0
33711
0
44599
0
11903
123872
40061
1416
23567
0
91115
112521
74646
4208
40705
86038
0
122777
0
0
0
13445
0
97749
65525
0
0
54697
113166
42378
3287
92870
39112
20101
32004
0
0
91251
0
2171
0
55240
0
94166
0
0
103530
97659
72500
0
123336
7178
15452
0
92601
0
4029
84049
35713
116267
59299
0
0
106080
0
0
47096
58134
37806
101748
0
65662
0
120417
0
112843
0
43635
57436
390
0
34287
50604
0
46690
0
0
0
0
35385
0
118482
12847
94251
0
19062
0
19416
89306
0
27705
11678
6660
13500
92910
12822
0
0
5037
119516
0
0
0
0
0
13642
101883
0
0
0
0
10481
0
56035
56674
0
37363
0
0
771
43189
84435
0
0
0
1361
113552
0
13924
47727
0
46622
54611
0
0
113260
0
71971
84380
60903
9532
0
0
0
88001
0
0
0
24467
43813
0
0
85099
0
12180
0
2481
0
0
0
13985
0
31801
0
0
0
48854
6262
0
0
0
0
108980
102126
12813
12686
5418
0
58254
0
18227
0
0
0
0
10208
117632
33203
0
0
0
46353
0
34339
2946
0
107878
23541
26493
0
17617
0
0
0
0
2537
1449
0
57008
0
99983
7608
86143
1572
0
61068
0
97568
0
11921
0
0
0
0
0
0
0
48641
32311
24347
0
0
0
74111
0
0
127591
19480
116982
0
18932
41394
0
41746
80240
0
0
0
56106
58132
0
0
11607
19997
40339
61443
99653
0
57102
0
34666
66260
0
0
27886
4182
48649
84147
0
0
0
0
12367
79697
84590
0
51319
0
0
0
11450
1133
29608
97576
84740
0
0
2922
0
36143
29379
0
0
63097
0
0
35078
42414
127004
0
6203
0
53376
5846
0
47711
0
38955
17800
122355
113647
0
0
6571
7940
23297
60354
81519
8549
59730
0
38300
72299
20894
42110
0
122099
0
1649
19304
0
0
0
0
0
52631
126558
58863
0
0
11508
0
124649
0
21451
10943
36677
0
30891
0
0
117755
56422
0
71336
91889
8102
66217
25807
0
0
54435
112633
0
7429
0
0
27856
8924
96980
94125
8574
0
0
45642
0
0
0
0
41884
1802
0
0
50885
71689
58100
9357
122129
79220
13957
0
0
6810
0
0
37641
0
0
37122
116048
8328
99118
105007
97670
0
91269
0
41359
77567
0
71597
0
0
0
70305
0
69154
66384
0
0
0
0
45124
0
104954
72860
100810
0
0
27139
18218
29575
0
29050
38213
40723
0
71148
65954
83195
0
0
0
0
0
43720
0
39116
0
0
124577
0
0
33
944
0
31619
63300
0
0
109037
0
0
49825
0
0
3177
93279
0
0
6945
0
0
76940
0
25468
6333
26584
0
55405
95829
83106
0
33797
0
60184
12564
43950
0
0
9470
0
0
98432
0
0
0
16603
48883
116390
12330
22393
82669
9932
84367
111936
0
46802
57717
121810
0
87969
8310
98305
33943
55227
14849
42396
43167
0
108655
45953
0
0
0
0
119186
0
99842
0
1828
0
0
30854
2242
0
64451
0
6551
40834
0
2425
65549
0
34435
1741
0
84908
0
0
65905
15809
40423
11249
0
7014
0
0
70145
0
42346
0
78093
0
0
33016
31611
24578
0
0
2203
4607
0
0
25996
62279
6902
20110
0
0
8507
67747
0
0
27468
104332
0
0
43346
0
0
0
113355
51462
16078
0
37164
13299
94176
0
98252
82638
76582
9226
0
0
98891
24215
0
58703
0
0
19709
0
0
0
32791
29831
0
605
126183
0
0
109029
14841
31466
0
0
77464
23416
11642
0
17739
0
0
100594
0
21840
1966
75014
0
66669
0
104783
8899
21411
2413
0
0
0
0
39170
0
0
0
4080
57343
0
73589
0
0
0
0
0
21026
1087
48214
96908
24150
0
0
11339
49357
0
0
39054
0
12862
9590
39791
5523
87494
42773
65492
0
0
66324
18196
87466
0
0
0
0
114620
0
0
0
10091
57456
0
0
28541
17280
5826
0
0
8361
0
46621
123312
21997
111549
0
73378
0
0
31863
0
0
54688
73978
5325
4065
0
0
0
121761
0
72434
55797
0
16494
0
114813
0
82499
54387
671
16244
105131
0
0
0
0
21457
0
4240
14531
39476
7184
0
13714
0
106134
0
42099
0
98147
53081
959
0
0
0
0
108012
0
117779
0
46490
3296
0
81864
1980
0
0
0
12064
0
0
30080
0
76799
0
104390
92954
8925
106372
36592
45810
124018
0
0
6897
0
13214
106558
0
0
0
75857
10108
0
0
0
48360
24689
62119
0
0
0
40753
9700
71843
0
94362
0
91669
0
49734
0
122233
21461
7059
0
63380
21022
0
127857
0
0
105308
27465
0
36207
0
81040
63993
2161
62548
0
0
95196
112892
41468
0
2792
0
25322
64836
10775
0
0
97379
0
63091
0
0
916
62488
0
0
25831
0
0
35643
128583
0
16018
0
0
33804
4730
104014
46287
0
7813
222
0
0
0
18088
50440
0
0
0
8307
0
2640
78471
10341
2178
51776
0
36859
0
0
27535
30053
0
0
85686
40336
107016
0
117050
25131
0
0
0
0
0
68124
0
0
30210
11441
90570
0
42986
27758
0
0
0
0
0
3778
13228
0
28314
124764
0
19539
0
61829
0
28212
31540
0
6677
0
0
0
0
0
0
17685
0
0
78254
10707
4923
5089
128790
12426
2847
32448
9257
25283
72627
0
0
91587
1309
5913
62292
0
100767
0
0
52797
88181
80864
33614
36787
3180
22039
90517
0
45979
46330
0
0
48789
59342
59313
0
0
19260
29443
0
38201
66922
14100
11050
58014
0
123862
7867
0
7534
0
4600
119539
0
0
0
0
49377
0
112690
0
0
26721
48973
2788
50943
3241
1562
0
0
2447
0
121002
96375
0
0
101201
112771
26556
65035
4822
83836
112054
73375
0
39981
0
0
25630
49607
0
0
10658
0
0
39803
12146
7424
0
66409
0
0
91119
47816
0
52561
0
0
30421
88971
0
81436
0
46251
0
55982
0
0
587
25512
0
0
0
0
15576
37323
69755
0
117787
4699
0
22641
33403
46484
119523
103448
0
65599
0
0
0
22685
38325
0
75454
0
14686
92193
0
80823
0
0
0
0
0
30254
0
0
0
0
0
66286
46673
0
101421
116719
0
129059
0
0
0
86193
4378
39949
0
0
0
59542
28336
0
0
74029
23501
0
81316
47501
0
0
69984
76680
0
71063
0
17576
643
4485
5664
36143
120160
0
41233
83737
9092
118576
0
6858
0
35420
41433
0
73123
20071
0
37187
0
43318
111274
51808
0
0
9571
75931
29008
30960
0
0
0
10933
24784
0
0
0
0
46988
5591
13815
0
0
0
60273
10052
0
0
11010
63410
103124
76549
0
0
0
0
0
0
0
0
36486
63027
106682
0
0
104371
7367
43694
83696
10644
0
0
0
0
39527
13482
0
0
0
52254
0
879
35057
37264
64358
0
0
79713
0
8517
0
0
6406
76373
91734
0
39716
28291
98627
135
0
0
28376
27792
48411
30141
0
0
48621
32681
0
54828
12274
0
62916
2933
23254
0
0
0
0
38341
6441
0
47036
0
0
14334
0
0
44188
0
21277
99275
117150
8022
0
79868
0
0
84691
0
83616
5197
125382
30866
0
25194
0
104021
81649
0
0
68928
0
0
36574
29351
7258
0
0
59616
0
20631
0
23071
0
0
0
0
56946
1747
0
54401
57312
0
5882
14502
3549
46708
108545
0
0
108711
0
0
2742
0
8140
11431
2263
3231
0
0
0
28805
0
103867
115441
126872
0
12211
0
0
630
5616
22180
706
34569
0
39196
0
93034
0
0
122754
100798
0
90486
16973
73510
29329
86731
18145
0
13169
0
27993
64695
0
0
0
0
0
9748
25515
0
116081
33786
34931
68940
11571
0
59061
119339
0
16294
0
16589
0
0
61956
97204
0
0
0
45517
0
10078
0
0
60912
0
6844
64360
0
0
0
10026
0
0
0
9307
0
34900
37519
100809
0
68323
0
59322
10216
9684
0
21896
0
127114
0
14679
0
2850
0
0
11662
0
120101
42851
54424
84730
0
0
693
111650
20982
0
0
0
0
123811
64345
53969
0
62246
0
28131
12957
0
55095
1564
82268
0
0
89967
76761
0
5366
0
20727
20988
0
20851
3762
0
84753
107282
3882
0
69894
1279
0
55197
0
0
0
21613
0
5524
49139
0
48191
0
42592
102214
0
3824
39111
0
0
0
0
51515
0
0
0
47386
80218
82044
70620
108067
0
1972
0
0
0
40876
2562
0
0
33393
0
0
0
64615
0
0
107380
0
0
101175
38094
0
11083
28533
52141
92486
0
95560
4308
0
0
0
7448
0
39514
0
0
0
64124
0
30683
0
82910
65219
0
0
57260
30526
0
15062
0
7786
16631
48749
651
86768
80724
88820
104601
87190
62234
0
0
0
0
0
27898
0
0
45536
0
0
36731
0
14117
4585
6015
69632
0
0
130
0
0
0
0
0
11706
39322
112986
0
9725
45215
0
0
125255
5768
50599
21806
0
0
3577
0
53983
28242
13994
0
0
0
89405
0
11309
72269
0
24771
7751
83551
144
16809
0
3678
16360
12258
69397
0
72666
77939
4379
23213
0
0
7089
0
120217
95020
91931
0
126724
103748
13471
0
0
41077
77698
0
57365
0
0
11595
6162
11046
59786
0
0
2436
128476
0
0
0
0
0
0
85196
119989
0
0
6842
81439
71234
0
9662
6650
79096
4567
58052
0
0
1530
92828
60408
0
80893
0
117756
734
11433
100020
0
0
127587
71178
976
7394
0
86191
51400
0
0
0
0
15533
43698
86837
94476
69345
0
37466
0
0
45587
0
88658
19189
0
0
108581
109204
0
0
8089
0
0
574
0
8168
43128
0
0
13465
0
0
0
10698
8039
0
0
0
0
0
0
0
4320
0
4725
2336
73423
0
0
0
19
55276
101028
58687
0
24797
0
34514
7942
0
38877
0
23255
42363
34563
114476
70751
0
28358
115346
0
110536
0
0
71600
0
16500
0
0
21103
0
0
36233
0
0
0
128622
34077
0
0
47049
4432
23485
7542
0
8293
34320
100929
10680
0
0
0
21850
0
0
0
0
33626
61611
0
35853
0
38884
91933
116993
17175
114342
0
1950
0
0
1795
119541
15118
29375
9042
18933
0
13709
19403
3119
53896
0
0
2759
0
74562
2532
0
111419
1479
0
0
0
35517
0
0
0
127610
97428
0
20820
78257
18764
0
0
91342
7740
12760
0
0
2379
0
0
19324
92762
90157
12452
10108
101125
0
0
0
44213
45348
2417
4874
99295
0
0
2267
89305
56307
101037
0
117894
0
10083
18517
33263
584
15609
48724
0
28476
31114
16567
48722
31968
16654
0
23000
62923
6559
0
9707
0
48674
2869
10972
4055
0
11482
96797
36142
6637
12302
15977
0
44144
97145
79141
0
7971
17359
0
105821
0
5775
0
0
49213
0
0
0
26
0
70153
62066
0
14114
52043
0
52350
10776
113547
0
68126
0
40753
0
0
7994
31893
0
4764
20425
1223
4973
99753
17481
13830
0
44534
35104
8009
0
81337
0
463
0
99820
347
0
30164
0
0
122618
25274
0
35179
0
60518
61169
7293
96113
5889
0
0
8157
57624
0
33131
72997
0
0
0
23186
53345
0
18899
0
0
0
7782
32928
6939
46615
0
70433
24037
109078
128151
4449
28973
0
0
15296
0
0
0
0
0
0
111380
25720
8594
64955
0
0
0
0
38867
0
25009
0
43334
96450
102836
0
91406
0
0
0
0
89742
0
0
83917
0
2615
0
116
8889
37868
0
93163
112931
34249
38777
62718
123802
0
107069
0
98513
0
0
6018
0
68389
0
0
62481
18745
31498
12088
0
81872
53052
114528
0
54
0
0
0
0
0
82815
46840
0
0
0
18924
0
17675
48366
0
52844
73904
61899
0
10836
31812
34885
0
0
32986
23388
0
0
26258
0
95181
52183
0
0
108477
0
30742
0
0
0
37399
0
0
0
0
0
78715
780
0
37517
3858
0
28033
1837
120570
0
33329
0
497
15591
0
95393
0
53357
0
0
107997
0
0
0
13374
40391
23514
0
128669
26044
24313
8589
17352
79014
36778
66333
276
97776
0
100684
3039
0
13759
0
0
51916
77042
15324
8034
0
0
0
75877
81004
27480
38634
64406
58415
0
0
69451
0
0
56403
0
0
99792
0
51042
47349
92182
0
90487
0
15959
0
96606
0
0
4293
30184
66887
28386
69899
0
12321
0
0
7064
0
341
0
0
107071
24816
7196
41124
18225
30562
6807
10630
39986
2078
0
0
36087
4631
57910
0
0
0
0
103110
0
0
50631
19734
0
0
0
0
0
0
0
104873
89477
1752
0
86996
0
0
48918
14401
17726
0
0
38970
0
109919
2958
4299
47505
0
17051
41860
19398
72234
589
90881
0
4766
90752
0
0
0
0
26512
27165
0
78477
106327
304
0
0
64394
0
0
31510
79672
0
53044
13143
39738
38503
0
0
64336
67499
0
0
14217
0
77192
94445
0
0
33373
0
0
73960
0
90420
0
24302
0
40252
4528
39535
39473
0
56242
0
0
0
6583
18776
27976
0
91199
0
0
37965
0
6946
0
0
67070
0
58895
29370
12780
0
115449
0
26374
26052
66988
3443
81382
34135
0
0
0
0
0
0
3674
0
78196
3172
118649
104141
0
68062
1372
0
0
0
0
112569
109016
0
94247
66353
0
18277
6184
13249
0
0
4720
16946
109994
0
115274
15313
0
1516
19916
28483
54985
0
123850
0
10461
92789
117308
0
0
27100
82055
14869
0
58667
0
6628
97055
0
0
0
0
0
0
1329
123335
0
19217
92014
38808
0
23184
0
1001
44968
69836
44641
30650
108523
117919
4849
66615
27492
0
0
0
0
0
33357
23100
0
5402
109453
78328
6440
22585
16329
11315
45596
6826
17119
10268
0
0
26474
34564
0
0
22411
113442
0
18649
0
56490
9525
82147
47705
14206
28234
0
0
63988
93311
0
49208
47160
0
3134
31006
0
10605
110260
0
32093
52873
12946
0
0
0
0
26521
0
0
17463
0
89273
4515
10887
0
8522
0
0
0
0
0
16585
0
8954
0
0
0
0
0
0
61353
57501
63852
0
0
0
39561
62339
0
63535
107865
0
1476
0
7453
12761
0
54944
26558
0
36702
74130
59894
24142
70573
0
114663
10206
0
0
59374
36608
0
30931
70255
69368
109054
8953
90456
0
0
38131
0
31236
99003
0
27342
0
32819
0
0
1550
56753
67397
5974
121389
0
11515
0
0
75326
0
27267
0
123056
0
127889
0
113260
0
0
89994
33351
13180
0
39135
0
0
10019
71282
33719
112587
68637
83547
36253
4492
29324
0
0
10904
46822
21435
0
0
0
0
0
0
0
64554
113538
90200
0
62618
0
0
24238
0
0
0
106148
17912
0
26435
0
77295
0
0
0
34376
0
117895
0
90295
28041
32296
28082
0
0
48250
4727
16722
65609
51453
0
0
93331
0
0
78118
101899
18877
20282
0
90754
96825
0
0
111918
0
94799
4859
3517
0
0
0
0
0
36362
0
0
0
77890
1904
0
7881
0
0
0
0
52009
0
30297
62393
85212
7365
28554
111637
0
84482
34083
37310
0
0
0
0
110905
22333
31430
0
0
0
0
38203
1860
0
18349
72872
1081
43270
95369
0
111117
108946
4898
58904
44686
0
21043
18636
46967
9231
34685
0
51563
33750
0
24323
0
63061
0
122979
0
7537
39918
103983
11125
0
0
63659
30469
0
0
0
7247
39333
16180
42159
10607
9808
45809
19458
0
94078
0
12472
7518
0
0
19664
0
13071
78415
0
109096
292
62779
121330
55181
0
0
0
0
37301
80316
0
0
0
0
0
83563
0
0
83749
0
0
95604
0
41920
0
9237
34673
1568
0
6793
79743
0
84867
0
117500
9671
0
828
4838
0
102314
0
20333
55363
0
10344
0
4331
0
55157
0
28867
25968
0
6605
51906
0
0
59239
0
7538
106232
0
5063
5493
0
0
0
0
77536
0
1831
0
55572
97099
0
25158
0
0
71289
2269
0
0
83457
35653
0
65999
113799
4314
0
47093
103442
0
0
0
17463
39455
6512
0
0
80723
92336
0
53421
11034
71900
49636
18430
0
80951
0
0
2141
8129
0
20622
0
10751
65570
0
0
0
64638
8665
56632
1529
120722
61986
80812
4004
0
128683
0
117337
2527
0
67440
72913
0
125401
128052
42609
0
106839
104037
0
0
98267
19782
0
0
0
0
8023
49269
35029
82842
46059
56379
0
0
0
0
0
65395
44052
5287
0
0
0
41004
115152
24110
0
0
89361
55516
0
96811
0
0
0
57832
27412
43258
0
0
0
0
0
0
440
93201
0
54133
35976
0
51278
12604
107813
0
0
0
56797
0
16365
0
102694
0
10577
45454
0
74281
61468
44285
0
2769
59670
107056
128001
0
0
114801
26309
0
0
0
0
0
114955
14179
6839
0
0
81385
0
55277
33649
55409
0
0
41931
0
0
1476
2339
0
56967
5309
0
0
0
115403
0
0
30159
0
11921
0
8195
0
97694
61419
2805
0
21273
0
19420
30847
0
31514
0
35477
0
32513
0
0
2762
0
0
0
101379
3315
1227
44710
106727
373
42998
0
5412
7597
36588
0
0
0
27820
0
0
88974
0
112796
0
0
13621
0
22909
9415
0
0
69193
79503
2039
13013
0
0
87745
4143
0
21126
20989
0
3722
64791
116785
77626
97349
93149
0
0
100298
0
58489
0
8144
0
0
0
61886
1094
30484
0
114475
32783
0
1679
30275
0
24485
107603
0
33667
127771
7012
124507
3975
43372
7981
0
127412
0
26911
0
49292
0
18546
74579
19643
0
52216
0
0
0
3586
1351
118786
0
0
49035
0
42568
0
646
102980
38017
0
104670
86548
33750
629
0
19384
39870
36980
0
0
983
67601
6369
0
40485
12944
0
0
0
0
50980
51460
0
50734
27700
0
0
28307
93047
82653
44193
14913
0
0
0
0
0
4945
0
597
37448
74292
0
37536
0
0
0
0
67288
6766
5426
0
0
5355
0
114683
0
0
0
0
0
81009
71548
0
0
0
0
120274
23714
11821
8277
0
0
51691
0
4196
40634
49890
0
0
57898
10716
0
69963
0
0
0
50239
0
45957
91478
0
0
0
1134
0
12986
127425
70598
0
46969
0
0
6369
37673
98100
24229
50384
0
0
24501
33514
0
0
0
122581
38207
0
0
51280
0
80336
76711
57113
68757
0
0
62110
0
76450
37094
56469
0
0
1852
0
0
0
36653
97698
0
77401
0
5264
0
0
0
0
108717
0
110175
7361
29452
4419
6277
0
31531
29495
0
35631
0
92747
32166
49494
8180
70310
0
0
0
0
0
0
0
85210
28957
5124
20167
0
22395
13903
74883
8443
0
2573
0
9029
0
105077
0
24996
81776
0
40402
47095
96173
40038
0
0
0
0
0
91910
112411
69347
117041
0
31125
92544
0
0
127240
14387
0
34132
0
37579
763
0
118884
65057
113224
0
50875
110272
2026
20996
50315
129204
0
87831
9467
33180
0
0
11320
45776
0
0
0
61815
0
0
22718
0
0
0
7104
0
4200
18436
43956
8928
0
19671
0
38748
77382
75150
0
35399
64383
0
76849
71302
0
62532
47782
39987
13048
0
25980
0
52570
11137
263
0
0
0
92903
42522
85343
100823
4883
22775
0
0
0
121187
0
0
8592
0
20679
0
89978
66118
0
41131
26761
46179
0
0
71750
73654
94511
0
38390
0
648
121356
0
0
0
12506
43155
0
0
0
20895
0
0
0
91843
0
104061
0
33853
4505
123261
7693
0
30801
283
82097
0
0
0
0
0
8393
56117
36915
85484
114022
0
13717
0
0
35410
85189
0
68657
101426
103937
0
53176
42511
0
0
52468
0
35030
40330
0
13136
18700
29552
0
0
0
11087
0
43067
19946
115973
0
1055
20643
0
109859
10080
0
88959
0
11002
0
33523
0
0
0
0
0
94482
6872
114409
0
32163
4901
84831
48934
0
42657
0
113446
25840
0
0
0
0
81691
48385
0
76593
0
15381
0
94056
0
2561
0
0
6451
10146
9988
0
94446
86408
6
0
128413
0
196
9921
0
79012
0
29878
33519
33732
98543
0
36885
124432
0
0
3319
0
38032
0
0
0
35700
121623
25814
4536
66697
46058
15584
0
107456
8285
54214
17610
73951
0
0
0
27218
0
51493
37531
68275
73265
0
0
0
44407
5590
26104
17987
118240
96765
33765
0
0
19753
0
0
63760
128190
0
49507
104198
109375
0
108085
0
0
16765
58057
22616
0
46207
0
0
0
29282
118448
32261
79158
44969
0
0
16561
0
2181
0
32515
0
9357
0
0
31029
0
125700
0
7747
0
58225
39932
6405
116039
36869
0
0
0
60447
0
7906
84762
127877
124
0
74854
0
0
0
88056
81535
0
0
11778
40321
0
4743
42827
128228
17926
8324
0
0
83265
25007
0
0
27838
0
83281
0
0
65647
20803
3351
22323
52282
0
0
0
112916
44345
0
0
4091
90129
65108
0
0
4143
0
0
0
75286
0
27948
105121
97888
0
12479
0
0
0
0
41822
0
50305
0
0
120783
78609
5911
0
0
92022
0
129370
0
66086
36461
0
0
37961
0
0
0
71515
0
11655
122373
0
102576
28421
0
0
0
12684
0
0
0
0
0
22576
0
0
21724
0
2982
0
0
0
92533
0
18983
0
0
12754
0
81432
0
0
0
0
0
38246
102264
63545
0
0
114224
72435
29760
13154
0
0
127772
83795
0
50146
0
0
0
26133
109230
0
64518
0
3989
32962
89376
129260
48720
122170
10223
0
48025
60156
0
51607
40876
28555
0
0
40611
0
114287
3629
114531
70588
56050
0
120782
0
2065
0
45587
0
1338
0
7187
1220
0
0
0
0
34466
84272
415
0
0
13323
6636
0
0
57449
34450
4855
22620
0
108433
0
85323
10331
0
0
23981
0
4542
98504
23583
68397
16168
93385
8424
0
121070
0
0
0
56550
36490
127649
0
0
0
0
0
38462
1922
53146
106556
0
88873
87332
0
96857
2744
0
0
15170
0
100698
0
61735
20976
30200
0
2536
0
40966
0
0
11371
0
13141
7610
29820
100993
49414
0
126079
90087
0
0
0
9173
48948
0
50291
0
8785
0
0
34296
0
2883
0
0
53509
0
8583
0
0
23754
0
0
7771
0
48775
87554
53900
86968
0
66250
0
0
22063
73675
9777
121347
98772
12740
0
0
0
29916
0
10576
56000
0
10540
0
13373
0
0
0
0
0
91267
32122
57845
18617
48941
6788
0
87551
12531
95226
115077
55646
26179
0
0
93055
0
28137
40343
0
0
45266
93563
76273
2856
0
45953
0
0
61642
65136
0
0
75054
31928
118150
82738
0
0
0
0
0
0
52436
0
65183
0
0
76208
0
0
122493
49431
3445
0
0
34150
24026
15240
0
78502
18874
0
0
0
28963
0
0
0
10760
112022
0
0
7919
63196
11336
42452
87094
35124
0
0
73300
0
19602
117117
975
80756
58040
78874
291
52602
9715
0
0
0
0
0
888
0
75484
0
0
17222
9554
0
0
87875
22776
40403
81510
0
12637
89686
0
56546
0
0
0
77105
0
0
0
0
21686
0
65915
31832
0
85302
100795
0
35148
104210
103595
110722
0
0
3623
0
127985
89858
23583
0
8152
0
0
33251
0
0
17396
0
0
0
25325
0
52990
1534
0
583
0
105209
0
22534
4860
65210
77517
0
10276
1936
0
76377
0
0
50642
24223
26539
42837
123605
11571
0
5070
64749
1035
19988
4220
28317
0
91588
4098
7482
45360
0
108136
0
10821
19609
95316
33999
6346
0
42162
0
0
51202
12586
38988
0
0
0
0
56476
32590
0
0
46003
4242
0
0
0
113379
0
2037
25414
0
122478
47669
46560
31764
0
4317
0
46207
0
22107
0
0
0
5384
27696
28604
3332
48174
0
33241
0
74188
60081
0
25230
57219
89332
0
81981
0
94299
0
0
22471
0
25139
0
13665
85408
1446
0
0
0
0
47369
0
75
0
56347
8792
0
0
0
117902
14518
3386
11922
37722
33324
0
35790
12922
0
0
88480
0
73926
95789
13460
0
0
0
0
0
0
0
0
51018
0
90288
0
77009
24054
0
3332
0
93344
0
78244
80667
120137
3029
8931
0
8457
95639
0
49970
0
95333
6029
0
0
6741
62236
90685
69644
10854
72612
6209
0
13572
6940
0
73300
0
69633
11550
0
0
20241
0
4542
107012
0
1827
104827
100502
94078
0
49880
0
0
87668
0
46807
109421
1030
0
55508
0
0
0
39891
0
0
0
91844
12662
0
11335
10587
7441
0
29890
126919
0
79504
487
7336
0
21896
0
32479
0
48199
0
0
0
17391
0
107633
46945
0
5140
1662
82446
4
0
59641
83964
27195
100405
8366
0
0
0
0
0
9578
0
20908
0
107033
0
37302
35426
7023
0
0
0
111152
0
36191
105234
0
0
66772
0
0
5105
0
0
88536
0
88099
59219
0
59705
36238
0
16886
13458
66889
33355
0
13907
114786
0
0
36183
34037
0
4384
0
3740
56655
4230
699
0
0
0
2634
40230
2627
0
47580
66638
0
72685
17260
0
98992
0
0
92175
0
37369
125889
42339
0
0
24375
11804
0
36940
0
52705
111928
0
3366
0
33894
0
88021
66753
0
13046
0
0
3018
0
0
55533
39996
0
85457
0
73204
0
9382
36233
44126
0
111862
0
0
0
0
0
0
0
0
0
0
1576
85971
74234
0
52557
0
58985
85840
0
113871
14371
93680
0
0
0
11972
23720
0
0
21256
81775
111431
537
0
10829
21045
0
0
0
0
0
3981
0
2627
0
104005
60017
17603
2331
8880
0
0
6659
7185
24629
151
0
0
0
79073
41757
0
0
71781
0
0
22054
42151
4186
102501
0
88262
46327
34428
0
12921
6292
110517
128230
142
78943
74379
74368
5133
28187
117348
41979
0
31015
0
0
0
0
116645
128354
116961
99186
32341
0
0
0
30104
123150
39342
0
48433
0
6886
0
41373
90170
3
13422
6781
0
21876
3285
0
0
0
31077
11587
87664
30863
4708
12189
4497
0
5888
0
62606
0
0
0
72935
480
0
123774
121341
0
78119
0
128776
14640
0
100889
76759
0
11356
0
0
11689
35375
21924
65607
15564
0
46353
0
0
65334
91018
0
34238
0
0
0
118293
93900
41075
50439
0
0
0
61358
33173
0
11662
4338
0
62743
47864
0
92810
0
0
32696
123212
65437
82382
23612
106415
0
0
77891
0
38920
0
0
114971
0
0
76509
34962
128663
5230
0
76354
40961
0
25669
61206
15339
102985
0
118421
41644
0
0
16962
0
4063
0
13025
20962
56725
95417
0
58187
61365
45619
6351
27619
73773
60402
5009
17003
0
0
0
16261
0
0
0
0
0
113591
18173
0
90656
0
0
51969
0
87329
35884
5862
0
90367
109234
0
16562
87821
0
0
0
4158
0
0
0
0
87783
0
0
16304
0
0
0
0
18714
113507
115868
0
0
0
58877
90713
81322
0
34464
0
75734
0
98184
19177
0
0
25533
76408
0
0
18430
96562
5858
12385
32913
0
0
13418
0
17103
61592
31393
85566
0
0
0
31842
17362
2287
2802
8880
32300
94281
18577
48644
7991
0
88039
1687
12995
0
0
36504
0
94532
75163
2389
77345
0
38987
101632
0
121485
1787
0
96708
0
111963
16397
0
0
61456
79
22134
57225
115563
7917
7675
50284
0
0
0
0
0
8842
0
99582
5338
23940
0
68509
65696
33997
0
6850
109484
16406
0
0
22810
61340
0
9724
87734
0
669
0
10151
62649
0
0
0
103133
0
10715
244
0
66042
0
126209
2256
108434
0
0
0
22614
13615
62395
9937
66067
0
41783
0
0
0
10884
0
12772
10860
45065
53420
71005
0
120302
82937
35939
0
84254
0
116365
10797
53262
0
0
22215
18666
0
41778
32450
0
113214
3026
0
0
54277
0
126572
0
0
6583
30023
0
0
57829
116470
17115
48337
33115
7382
120707
88539
0
0
0
0
13087
66018
51327
81961
37819
0
0
48592
68440
20717
30553
2618
11658
2569
7755
0
0
56260
100467
68048
37140
4832
0
15441
0
0
0
124615
0
96069
25371
21975
0
0
101357
0
0
51981
8363
0
0
0
0
36781
75067
35031
5663
0
0
20076
30845
2037
527
0
4550
0
31392
0
60509
35918
0
17985
0
51301
16587
49672
71754
9874
0
35932
0
0
64269
14363
0
6354
27356
0
47218
1483
58665
0
0
0
79315
0
10066
41493
33729
14309
0
28526
0
52693
0
37996
0
0
0
64533
108360
37175
46442
122188
0
0
0
0
44944
0
0
94793
0
0
0
0
128402
7408
30939
1019
38286
0
0
0
73790
76560
18208
0
56717
0
33728
24122
113429
41554
110532
3008
40936
83456
0
5872
0
62618
0
0
206
0
0
62345
0
24371
86340
49131
13173
0
26337
6118
0
60099
0
50975
0
46456
0
0
100386
0
46625
0
0
0
91525
108364
0
0
129186
0
59341
6535
21523
0
0
59490
5963
0
31880
26633
96004
0
0
0
0
67802
0
0
0
113027
0
0
0
87747
3791
0
0
104338
20538
0
0
96196
0
0
46184
33418
0
0
0
20424
12048
68395
32565
35905
0
18111
0
0
0
24621
19125
0
0
0
0
0
0
0
0
0
0
129802
0
0
2696
0
46722
0
45778
17104
0
0
100652
43524
27209
40549
58428
0
0
86528
46555
73557
58925
0
0
101888
58449
8878
19242
0
112981
309
0
0
0
2042
41711
33824
72868
65153
15415
0
7389
22309
64295
0
14049
0
0
0
126562
0
48106
446
27947
0
117923
0
24149
0
0
34068
14559
71731
34025
35487
0
35821
114924
0
0
4646
0
0
100474
3965
0
0
10
675
15819
0
35057
8148
21800
14199
54920
0
10593
0
9319
120421
0
0
0
0
80513
1254
0
0
7492
23152
16848
0
124061
2555
0
0
0
0
2069
0
0
0
29782
79590
107421
0
0
16207
0
6208
0
957
0
0
63795
0
0
106163
3355
71741
92528
28927
0
24685
48198
16642
1627
515
68596
0
71559
43315
0
88905
16641
99469
56947
0
12265
3671
24169
0
0
116450
28266
20806
0
0
0
60821
0
96993
0
0
1671
35510
0
0
0
6967
112356
0
98089
0
0
0
0
0
0
36431
0
0
0
103903
52830
0
0
28517
0
28307
10494
0
21647
0
0
36423
31633
0
1924
0
96238
0
23010
0
14066
0
0
0
107860
5491
0
16799
0
25501
0
24534
77447
46143
107165
596
0
0
0
95396
0
123334
12453
8417
0
83269
91754
24340
122704
3402
14691
0
0
0
12285
0
21015
14394
1894
109319
117570
0
0
0
0
82432
6548
14701
27390
28693
0
0
0
2389
4178
87904
0
0
73403
0
85861
43289
67657
105980
0
0
25376
92665
69189
8029
0
0
648
25311
8319
0
95117
37984
0
0
1925
126169
0
47722
23401
0
125326
0
71918
0
0
0
431
0
0
86541
0
6071
0
0
68736
59101
0
0
109201
32375
40913
0
0
64211
62744
0
9330
0
0
0
16287
40417
0
23722
0
90374
58455
5226
0
12366
0
0
0
102298
119891
0
118659
44599
0
41335
84331
0
33708
11430
20919
9281
29070
85843
0
124455
0
17877
54003
96410
59173
0
119095
44988
0
33286
11708
0
113851
296
94981
0
37729
6477
0
78573
84130
0
0
47062
30356
74481
20843
0
0
43244
0
39055
0
7920
0
0
27523
37167
0
9348
97965
52704
111821
0
10333
101563
4183
59993
28577
40099
0
124365
55564
0
40516
0
0
69652
59331
0
116577
0
0
0
20999
0
116949
18476
0
6192
96173
83686
0
11883
61673
0
0
8909
0
0
0
0
0
26458
0
0
0
0
3985
6728
0
15765
0
104777
37730
25529
0
0
110738
34138
34323
9014
0
3398
16572
55885
57282
4583
0
67302
0
5637
26808
0
65130
0
10805
0
2631
7801
0
32744
0
30299
97127
71255
37047
88682
113590
22562
0
0
0
0
1703
0
65165
36302
89127
52518
18851
0
0
0
2909
349
10543
77553
13587
11020
62728
16153
0
0
7983
0
0
15510
21155
5419
0
0
19097
57467
447
0
0
27878
0
0
0
9740
11907
49174
0
78556
0
0
10518
0
0
38937
0
0
0
0
0
0
0
18431
10883
0
0
55246
39298
7457
0
8633
0
53268
107
63074
0
0
87792
87507
8917
400
75743
0
10179
12186
0
0
0
0
42921
30698
0
40772
5162
0
61163
8892
4351
122284
47703
61383
76775
9043
0
0
11956
0
0
22481
65522
0
0
125823
7061
52967
57945
56460
0
85424
10511
8615
0
0
10171
0
3012
0
0
0
1323
0
101833
805
0
0
0
32178
96548
21525
9095
0
104459
26554
80772
0
31647
28170
19252
13100
0
0
0
8207
0
11204
0
0
0
865
63879
3174
58383
0
8563
0
86166
90252
96716
0
93758
0
0
26254
0
43151
112731
27515
0
0
123853
0
0
0
14484
62419
66155
19156
67886
0
0
25507
90670
0
0
40682
36879
0
0
664
0
0
0
0
107499
0
0
126840
85784
0
0
0
0
64094
0
70157
95668
17726
0
45724
0
0
0
0
51749
34049
0
0
0
16962
0
72449
0
0
91426
19225
0
12402
32323
0
74681
0
0
24074
0
71238
3564
70667
0
0
91090
0
0
0
80227
1735
37976
4832
0
68064
15890
1991
0
1829
0
2211
45948
15210
2054
18436
0
0
102738
0
126782
5216
2932
103328
92115
1263
0
57821
10543
0
50562
72338
0
0
13468
0
0
13020
0
0
0
46581
34536
106627
0
0
0
14570
0
0
57095
0
0
69062
0
21020
0
11469
22153
4998
0
0
59561
0
0
0
6389
0
0
0
0
32101
0
74738
93405
11582
0
120987
0
7776
100583
121425
34827
127223
0
0
109363
9423
24855
24271
0
0
0
5946
14547
120139
0
27739
45849
0
0
88339
0
0
62541
0
15774
0
0
0
0
18092
42176
58039
0
0
7942
98412
0
10700
0
0
17448
75462
54960
0
0
0
0
183
20376
0
0
42394
0
44267
79756
8445
0
0
112540
47931
35264
1895
0
28356
0
0
35652
23436
25873
86288
0
0
0
69190
0
0
0
37624
25420
1618
88417
0
8646
0
87108
0
0
0
0
19414
640
114615
0
0
13627
0
110972
126069
14369
0
89941
23843
56228
0
705
8123
68532
68540
83201
8930
0
32250
109806
75742
0
5770
33860
0
4957
9733
49756
113412
31244
0
71335
0
66798
0
0
0
0
0
9069
77149
11210
126925
30112
1438
69895
73066
0
10333
0
0
0
0
58715
10734
9466
0
0
86885
0
27771
87401
0
34938
0
0
0
59166
37719
0
0
0
0
118609
2600
32284
0
0
0
10458
17794
31764
47078
45484
0
1496
0
80000
0
44276
0
0
22785
0
11163
8046
100576
32022
7351
69053
0
102072
67062
23780
0
0
0
0
26847
0
0
24311
101977
0
116341
0
0
96295
0
105048
75948
0
12423
0
0
119620
0
46779
0
0
12477
0
0
317
59735
165
0
48019
0
0
0
0
56929
33245
0
21079
0
107175
0
0
9301
0
0
19695
0
75763
17443
0
0
0
0
0
71879
47529
0
37281
95572
0
0
30264
22168
0
0
0
82077
0
38566
0
6918
59458
0
21959
0
111103
0
0
61198
0
47597
109051
0
29071
0
114403
116651
13197
0
0
38988
4930
41538
45789
73694
40222
0
81792
0
619
10657
0
0
0
0
3662
18151
17968
1774
15989
0
100738
1201
9739
0
0
0
0
29781
0
0
0
75771
25828
77179
0
104624
0
40197
0
0
0
86766
98987
3129
0
17381
19816
101541
65388
33580
40296
123068
0
9088
49845
109205
65349
0
435
0
67431
54354
46844
0
23156
0
105213
46925
36435
0
18038
63972
18853
84830
0
0
53896
83143
0
22518
0
17483
0
54980
87833
0
0
0
0
0
0
0
129289
0
0
112490
12390
0
41232
56466
34466
0
1219
0
0
13131
0
7547
0
117597
0
0
0
12413
27214
0
35028
9943
0
0
120992
0
126908
70782
12228
16336
0
9162
0
8736
2578
0
62269
4863
67225
0
6186
40103
55615
77504
0
26132
0
27365
118420
71447
0
34087
0
0
0
0
23009
108232
0
0
7858
0
74132
0
0
0
91168
93375
51952
0
2812
0
5367
73822
11298
110240
54605
0
0
0
0
40993
3324
32253
10365
0
57335
71626
0
0
0
82614
149
4564
0
0
117203
22119
0
114505
117495
1172
84113
0
0
0
0
0
0
96805
73398
63492
30420
111548
0
15606
11984
0
0
13346
88723
56372
57424
0
0
14367
41744
104878
78148
0
0
5419
124835
48964
0
1419
80787
7717
20365
0
86882
0
76553
0
0
0
53456
0
68733
91686
38066
0
0
0
6856
36286
0
0
0
94375
0
0
23257
0
1350
2408
0
0
0
76165
87733
0
0
0
71526
6562
0
1008
0
72112
0
42395
0
48295
48778
0
4133
0
0
0
0
0
37727
0
9682
112231
0
0
0
77217
0
0
109100
93773
0
0
0
0
0
0
0
0
100764
74541
27331
48464
49700
12569
27251
0
34664
0
0
78152
120416
40981
0
113199
0
0
77271
9398
0
41254
56926
84559
0
40851
10480
3062
0
11817
97439
75280
102583
59096
5574
11507
116074
13051
6262
48468
0
0
7093
125420
0
0
101031
12264
0
0
8905
25416
28886
0
9905
0
115858
3612
0
22120
0
80583
0
0
0
25250
118848
13570
24665
0
0
88481
18057
0
17425
82013
0
19369
16722
0
13603
0
0
0
57100
0
0
129006
57902
0
4928
0
42032
0
77332
31509
0
72127
21336
74205
71138
100137
0
0
0
0
116772
0
0
0
49983
4091
0
79647
60851
103008
24128
0
4179
17791
0
0
10185
0
0
81291
0
0
0
0
0
0
0
1678
0
46017
0
53605
52080
20358
11324
0
0
0
2737
61917
0
0
0
0
0
39587
37020
34620
0
38177
0
44385
39294
0
11103
0
0
121556
0
72114
67686
0
25280
0
62968
0
0
0
0
7829
48719
0
57216
20323
39491
9106
0
7045
70860
12431
0
0
0
77593
1001
17186
9106
0
0
0
57265
6687
0
9891
99086
109580
0
27686
0
92967
0
0
2755
0
128161
90864
107307
21427
0
85433
38210
70896
0
0
0
16093
44534
0
0
16120
67750
45841
6007
0
110380
110639
36447
0
68394
35878
79640
0
58037
5137
75867
92726
10254
0
10688
0
10543
53799
0
0
39100
125067
24588
87595
50527
29233
0
0
1065
110515
67041
65485
0
1715
113928
0
0
123983
59161
0
55336
127930
0
37796
98874
84593
0
14480
7152
0
106787
6043
66094
49590
105238
0
0
38422
0
84754
21276
0
0
0
72941
41538
544
0
4450
1623
12509
0
0
0
8783
0
44087
129220
0
4279
0
0
118567
41668
0
56735
50827
13177
0
0
92622
5991
0
77697
103918
0
0
80984
0
0
114483
9989
50868
0
60695
0
46763
0
0
94008
0
51661
22638
0
9490
1183
32846
15623
0
61398
0
0
0
106710
7648
98600
1763
76870
34159
30075
0
0
70583
0
118580
0
53495
8729
7472
38744
0
58032
58642
114902
44819
52198
0
0
15255
27315
53664
17338
0
6589
0
36970
0
0
0
0
109201
385
51842
0
114247
77802
0
0
0
68450
30164
79688
120848
29700
0
0
0
0
113870
0
16374
0
75287
3538
0
79201
0
68635
0
52151
55057
0
9438
10872
0
0
79257
0
81561
487
100194
34932
0
0
120284
46763
83943
128042
2575
0
111079
41210
0
0
52565
7020
105726
0
29334
0
111826
0
1028
42333
0
0
0
2708
0
9712
46364
20338
104658
0
0
0
8918
0
17205
91059
64658
4342
68107
89539
124267
56524
12849
117984
0
62906
60759
1960
0
0
54369
20448
0
107425
0
35193
0
57259
892
26836
97302
0
0
72954
11737
1012
0
0
0
26104
48654
0
14186
105005
47287
0
11232
32385
0
0
6176
0
29756
110435
73003
0
0
67167
13602
8414
0
0
52264
0
119354
0
0
34818
0
6290
0
0
112007
0
116866
79192
11740
0
112218
0
0
5602
0
58701
0
5019
112916
4394
0
94142
82307
111459
0
39671
5560
0
67050
45239
105519
0
0
3654
16375
0
9864
0
46513
36098
0
4705
95603
98047
0
79497
27925
0
0
103462
113341
0
10191
1751
53258
57119
71758
64805
30735
0
0
42515
28201
34975
18703
0
0
0
0
63038
0
0
0
0
0
3495
0
122793
90612
106790
10850
0
0
0
0
0
85030
0
12581
42775
0
5423
0
0
122686
6020
28078
311
2428
0
0
2595
20053
104863
0
65831
82126
0
0
0
127712
0
0
0
55362
13306
0
18970
66862
58577
15623
0
116849
86406
6855
0
0
0
0
0
60335
0
0
25171
0
0
0
3426
3642
0
115287
0
0
0
105057
52071
0
34972
6140
15755
0
38981
63082
18106
13048
0
0
227
21433
59669
0
0
0
0
575
0
9635
0
0
52778
0
92170
0
129236
0
0
77312
0
22434
0
0
0
2340
0
80145
68601
111627
43539
89760
76893
0
4790
0
53518
26535
0
0
1079
0
0
0
0
16037
0
31337
0
0
73889
67914
44431
103963
57508
4269
0
0
0
0
0
40271
0
43067
0
2249
0
0
63454
21056
0
0
811
42154
0
0
23097
0
46196
80646
0
0
0
8575
0
26333
0
59328
0
2957
0
0
63022
2583
0
0
11292
32541
0
58394
9346
0
0
0
6032
0
0
86503
58077
105825
9581
66172
0
38856
0
0
0
86187
12552
28852
34496
0
8473
92556
7241
28723
80027
0
13351
0
78611
3818
88520
98311
97383
123875
89123
50250
0
0
119509
0
4305
4901
28190
6486
0
13329
0
0
0
0
0
62024
16826
119320
8768
49612
0
17416
95771
40854
81652
0
2047
0
5386
0
11138
29155
86111
7966
7003
82504
0
0
0
35426
98331
0
9626
0
61756
0
92190
0
40388
67279
0
0
0
17113
10957
0
0
68677
0
31911
5808
95870
6752
44801
0
0
20731
0
0
7266
0
8706
40553
47056
52408
0
84673
2278
0
0
0
11670
8283
0
0
0
7572
125075
29358
0
0
0
0
0
98286
0
17014
47076
0
10971
8991
0
7780
0
19000
84774
0
49133
0
61412
62354
18273
0
379
0
92941
0
78268
42680
0
1227
29646
0
0
0
16022
0
0
36238
0
0
13661
68916
0
0
0
0
81141
0
0
0
69039
8946
119742
0
1671
11936
42320
6201
0
30999
0
0
0
0
611
0
10984
0
0
46874
0
0
89619
0
81733
6722
13317
52995
6074
45469
38800
41575
0
67559
10441
0
35785
83649
112213
48481
21081
0
0
0
83201
0
9512
111592
0
0
0
0
0
0
0
121112
0
62823
0
0
21392
69199
0
10666
0
52600
15243
7662
0
0
0
22108
21747
39018
103060
0
25241
0
0
7026
0
49649
4779
124506
0
44995
30838
949
0
43519
0
0
0
21563
5981
98287
23945
16096
0
0
0
39579
86088
6390
120940
0
79766
0
0
110306
0
72840
29884
44143
0
0
0
19316
0
73786
114214
117534
0
0
0
4126
0
0
0
0
0
0
12236
0
0
0
0
39412
0
0
122761
20518
50505
0
0
43535
74519
36484
98199
43149
33943
5735
0
56188
17183
8564
1301
46298
13304
0
100621
122
0
28656
0
39111
0
60869
0
0
0
13827
0
23758
2525
32607
58700
4427
79211
0
0
17142
119000
1374
0
111137
0
0
0
0
0
66926
39663
0
65325
13767
3329
25094
1818
31015
54713
0
108732
0
5686
18349
0
125418
0
58371
0
0
116839
98114
0
0
10251
37437
12903
27666
0
82653
1306
0
85104
0
93633
0
11689
0
104047
0
0
125119
0
20
256
0
0
0
0
0
0
126062
0
0
47030
50085
13582
0
23389
87002
0
109113
70650
0
18605
8899
127207
0
16488
97096
94535
75386
0
0
85377
0
100945
126665
10060
73885
0
125142
108415
0
31108
87950
127480
108580
0
0
9325
0
0
0
0
0
0
0
0
0
6196
2532
787
0
5493
0
0
0
0
0
20598
0
9787
0
0
66599
87617
0
0
0
0
0
23
32766
0
0
0
0
95011
117377
117918
0
13441
0
0
0
0
0
68750
55598
95313
0
42855
0
0
0
96919
55473
0
0
0
66729
0
85214
5490
0
0
17157
45953
0
100375
0
74870
56750
61655
0
4392
42491
5653
0
0
0
2465
0
0
2239
0
68158
116868
27099
67704
127681
79949
8047
6299
26854
0
0
78382
0
16162
0
0
0
58267
61302
11954
687
0
96867
13676
0
0
9776
6197
0
40502
71748
0
0
55760
0
0
9147
0
0
0
20160
6807
0
60595
176
84449
0
67943
41608
3377
26779
7270
0
89958
95700
0
3312
11575
19316
70832
10836
0
75106
63653
0
0
47047
0
0
0
160
12304
0
0
49417
0
0
90140
0
31492
0
0
0
10728
65479
0
0
0
5799
0
35089
0
0
8624
45776
51117
0
0
0
54548
51917
68242
0
0
117546
27148
0
91852
0
0
18265
69102
0
0
36146
0
113818
0
0
11232
18018
0
11223
23676
0
107092
125763
1108
3114
86287
0
0
10238
1716
0
0
0
0
14016
0
0
82633
52652
0
46415
62799
65664
87119
0
0
297
6132
0
122681
0
0
101601
0
0
0
123348
3343
0
27613
59863
69012
86559
0
7116
0
0
55845
5796
0
848
0
0
34692
0
0
0
0
0
1337
0
1508
10360
0
0
0
49140
0
0
68324
30099
10357
45203
93561
0
0
0
0
7847
116117
37830
0
18552
0
0
33848
97875
94396
0
54549
0
0
32677
14629
5438
15225
0
17833
13658
76164
0
88519
0
0
42434
28338
892
79847
0
2007
95553
0
17769
0
0
0
0
0
31915
0
26416
68913
30064
64441
0
19832
128026
107201
0
0
10153
0
2352
0
0
0
63142
23325
1673
10319
8431
0
43111
92878
1298
101421
0
0
0
42718
0
96151
80985
128024
4184
0
40453
53381
0
22455
43676
37868
7887
0
53066
0
3974
70440
0
69751
77159
7802
77766
0
0
0
55428
0
0
0
53467
0
25533
524
95475
0
0
95423
0
88900
0
112318
0
0
0
0
45674
0
63922
13129
0
9696
2736
0
0
27175
75921
91424
115536
883
0
0
0
0
14994
31831
104573
0
13865
0
5497
15495
92546
0
7375
0
11826
35163
117195
85984
0
0
62660
0
32448
0
57440
106552
0
35896
117513
10891
8709
8283
18825
1023
0
0
122488
0
63656
0
14938
0
0
51386
0
43671
0
72982
93844
2703
0
104091
0
8819
0
41192
0
0
0
0
38609
17566
120927
0
0
36873
0
0
101835
0
4543
10240
15727
49683
88829
6751
11089
103990
38371
0
0
10468
0
0
0
5995
0
0
124746
0
0
0
0
103142
70710
0
0
10982
118313
30115
0
68209
7097
0
3371
4966
52683
74227
2649
0
0
27038
31660
119280
0
0
8579
0
0
0
84214
27647
128147
122989
3035
17832
0
8213
0
77930
52105
0
0
32056
830
83870
37568
106047
94944
0
0
45163
0
18270
61091
0
0
0
0
74509
23970
52449
0
0
111592
0
0
26822
0
0
12488
86077
0
0
0
0
39999
0
0
27581
52479
90965
61160
0
24593
100759
0
7725
36890
2062
0
24200
0
0
22248
2856
27678
0
0
0
10554
0
0
71127
0
0
0
2364
0
100454
0
0
45028
0
115229
0
44858
0
2262
0
5915
0
84828
107649
43454
0
0
18548
48921
18963
86824
94578
0
101717
0
8575
0
0
94067
1141
45793
0
56828
16405
0
5573
80124
0
0
0
0
75033
86346
117640
45077
14881
7593
38467
70278
106777
20532
0
127761
19633
88207
0
0
32660
5937
65640
0
0
92838
24201
0
0
16572
0
0
0
0
0
0
3951
98259
1619
0
1127
0
0
80439
26086
13322
60855
20020
0
119502
176
126353
0
41449
0
6183
61882
81751
128471
37535
9552
0
42470
0
67202
85881
0
4052
5499
0
31567
0
39138
0
72253
102701
122530
77621
123275
43093
1390
0
0
92414
112693
0
104037
0
0
42238
52294
0
80849
70317
94599
0
0
0
107378
2179
0
36235
32500
42135
58738
0
0
38656
53041
72336
0
0
0
0
65071
0
0
0
56593
54534
0
0
0
1295
40126
126817
0
28844
0
47249
3982
84235
0
8895
111145
25698
0
23566
0
39742
0
0
67914
0
118932
113959
0
29161
0
0
0
0
16969
0
0
0
0
0
0
0
47207
75647
0
8712
14726
95332
0
128256
0
0
0
6075
42797
36621
28716
7120
0
101
105415
0
0
12177
12991
102964
61552
109442
104169
0
0
0
29990
0
2214
0
906
0
50730
4258
0
0
1045
65766
0
5709
125972
0
33967
0
6456
90500
0
2524
0
25693
0
0
40054
56664
20573
0
2038
20427
93183
0
64978
15709
0
127401
0
44157
55440
0
18086
0
12506
0
81938
0
101471
127676
113310
0
23042
43089
0
101086
0
110047
104549
0
0
1531
0
9903
5007
107326
0
121674
0
89130
0
30033
8035
58252
24771
55245
128612
9127
63166
61871
0
45614
0
0
0
38345
110691
110540
43818
70086
20754
0
0
59113
0
56968
0
85405
84060
0
0
8440
0
0
0
5095
0
70771
0
0
0
98906
128664
76883
10305
0
0
58043
119893
2403
30891
22814
33138
0
0
0
6666
0
0
0
0
56951
1853
107575
0
44003
65036
0
1469
101912
0
45258
19114
13579
2901
0
0
0
0
79801
0
0
0
108451
44139
0
0
0
0
0
0
81788
125753
35980
0
26673
17410
14588
63551
54629
63928
42667
127828
0
41467
90427
42599
13366
0
62570
10156
0
40679
1156
108245
37086
0
910
937
0
33329
0
0
0
0
0
735
12130
0
3831
13624
124177
4486
0
112922
0
92498
0
2990
0
77117
117031
0
29274
19877
8063
72161
125492
214
23506
29679
10351
7024
0
0
123475
46514
0
0
11124
12489
14704
85951
0
0
4159
0
0
0
20024
1493
0
43339
0
30868
0
0
0
0
30325
19931
38532
65440
10906
46494
50888
109871
0
49435
0
0
862
0
0
0
16833
95393
0
0
0
87258
0
5787
78509
107981
41540
0
0
3048
0
0
0
47081
0
101065
10519
0
3973
68349
25962
41472
0
31720
0
0
41458
0
78624
7475
0
0
0
877
10927
0
126364
0
72978
35587
96215
0
0
43003
0
0
79326
0
0
13098
65069
0
0
44314
0
0
0
4194
996
13665
0
1849
0
110732
0
973
0
0
0
95666
35407
26783
19457
0
10242
0
68321
23036
0
49760
113993
0
81100
119173
12421
9678
47860
29982
0
29086
25230
83227
0
0
0
12165
0
38435
360
4839
0
0
0
0
5660
87010
47136
15005
0
471
0
0
0
0
0
1328
0
6228
8368
1168
31415
42276
52910
100015
0
89654
6893
113976
0
14234
0
0
0
78087
0
42108
0
0
42027
41121
0
114812
4900
121940
0
71711
8317
0
79156
0
0
0
0
1952
45585
87925
0
0
52382
0
103245
110334
28215
0
36063
0
0
0
117441
0
0
0
0
5663
127248
0
36260
20511
0
0
61901
997
0
65264
46931
108878
0
17724
71752
25134
95091
0
28497
23278
0
16873
0
43382
5693
66790
0
0
0
16212
0
27900
0
50371
71036
0
0
6544
0
9003
0
6133
5398
0
0
27399
532
0
56922
11044
0
6648
35887
0
0
45029
13946
48493
8001
0
0
0
91332
0
3085
14091
0
0
0
0
93145
0
31605
3356
91706
0
0
0
54685
556
5688
1953
62179
9822
63483
11170
0
21213
72476
0
30725
0
0
89513
43177
20272
43913
18726
4804
16532
120696
43472
0
0
62945
60930
46336
514
42516
0
6589
0
123764
41402
94268
9623
113299
0
0
0
0
103186
18141
0
0
0
39304
41536
60153
0
113092
89643
58398
104122
35972
0
0
17009
22203
0
12590
49348
40994
0
0
114984
0
0
0
97533
3577
72444
37374
0
0
111340
0
0
102457
18184
0
20555
0
8132
12520
23971
22983
20482
47445
54292
2040
21301
0
0
38067
0
77744
7233
0
0
0
79155
62208
0
4152
0
12576
0
0
95405
50991
72808
4012
0
0
53835
0
48482
8277
58266
122268
0
25066
53302
0
16713
0
78773
69624
0
0
0
0
0
17475
18464
65993
0
5378
0
34811
0
0
72035
7383
37556
75769
0
0
0
0
0
122267
31507
98633
25644
0
18931
0
0
27573
94569
2322
111737
0
0
0
26290
0
23004
0
64643
0
0
12263
0
128130
0
50344
0
0
0
112
0
0
88628
45970
57107
19737
7305
0
0
46082
30475
42742
77193
0
1714
54975
121175
1894
0
21728
0
50925
105643
0
51195
90058
75712
0
109706
0
115393
107452
0
0
121677
4402
22039
56223
0
0
0
60451
0
5068
114654
0
28437
2738
5756
0
44706
0
28170
57419
0
61049
70593
19543
88786
5322
59875
116807
17921
57834
0
0
0
27723
0
53379
49913
37220
92593
31637
115114
0
0
27361
0
0
330
96262
62987
21906
64055
52254
0
2670
118265
0
61971
15981
0
65504
68246
0
0
8745
39564
887
0
0
116489
21995
0
0
100345
21582
0
22080
0
129504
16035
62478
4775
0
0
0
41226
0
7840
0
85850
12101
0
11691
8112
0
0
129175
0
0
0
0
0
0
0
61674
58425
0
66962
0
0
0
0
29701
1811
36022
123329
0
99171
106012
31477
0
2027
20559
4214
23586
0
26055
0
67248
0
37844
28892
11149
4709
6526
100358
9200
71464
22958
0
92940
9279
72503
12561
0
0
0
0
0
0
0
0
11132
68097
41067
595
129417
44280
0
18685
0
18314
3814
30908
0
0
0
5723
68028
51869
113050
0
8096
23000
8249
3721
0
0
0
35971
0
115037
3869
0
57421
126813
0
15555
0
0
127672
0
5948
71812
46793
36551
0
10068
58536
0
0
1646
3879
0
119750
0
67655
9686
0
27870
0
0
55177
0
57433
0
27424
67399
0
0
0
0
62854
0
90916
0
69163
5696
9549
1423
0
0
3178
9091
78729
45842
59707
0
0
0
28116
0
28651
37467
33467
0
10769
63814
0
4334
114603
26402
15597
0
83180
15451
0
0
53163
0
865
121339
0
0
28152
0
0
1236
0
0
50837
100673
3340
96092
24868
0
54166
117787
108143
124906
0
70087
102664
99841
0
0
6219
19602
0
64217
22824
0
6960
102821
10443
32273
14304
0
0
0
0
55948
77057
108024
3403
0
44949
64726
0
0
24878
112535
5437
0
0
0
0
0
0
113444
73767
0
0
0
0
65827
85520
6835
44518
55628
0
1520
0
726
75397
3726
0
0
83830
7207
25360
0
0
33452
17969
122536
61653
0
0
105523
70813
0
20023
20146
0
92214
0
0
4971
0
84773
0
0
111789
22033
60785
0
0
0
4764
0
0
70959
16820
27181
0
0
0
0
0
121681
0
28953
0
9123
0
0
97727
1660
94947
65333
105158
0
39465
10784
0
23284
0
0
22206
24828
0
37357
0
40488
152
734
78065
59677
34575
58342
52450
0
10435
88683
0
40118
49726
0
0
89752
0
112539
37680
30444
0
0
49598
0
80236
0
84495
0
44320
43882
0
17266
49496
0
0
30362
29003
18814
819
0
0
0
3232
74755
128509
296
13832
0
81724
54318
37035
66543
77515
0
0
0
0
33891
30067
18004
37797
69789
0
39686
0
0
0
97073
0
0
0
0
94851
0
0
9034
47549
0
0
0
27662
0
0
10981
32584
0
124915
35688
0
41136
128792
0
44724
56753
21595
10657
0
48499
8054
0
0
0
0
10594
71168
0
31384
46790
0
57827
97483
0
33634
0
0
111301
0
64407
0
0
90560
0
41624
96027
47421
14878
6503
0
0
5424
82337
1484
0
55201
0
7407
0
0
54985
0
0
0
38488
0
0
0
9669
0
13075
0
0
90559
18496
17929
1338
128816
43528
30953
0
0
45980
0
0
100016
0
0
24
14002
0
0
7446
0
0
0
124197
0
117835
65187
0
87393
0
21667
120280
21573
0
53774
19454
81807
108772
0
105560
105424
0
0
91051
48877
0
8585
8485
0
34307
65851
0
23095
8689
59960
0
0
0
0
2723
117775
0
53264
5612
0
1827
0
0
0
0
0
33500
2831
55295
0
0
11122
33358
11621
0
0
129695
45301
0
79388
3829
0
0
113347
0
32916
0
26414
40265
0
16047
100940
46602
0
57353
0
21927
0
2199
0
129310
10409
0
0
79626
45405
99596
63102
0
0
0
35018
0
0
21606
80230
5135
0
4899
18570
6545
0
0
31760
72846
78087
60826
0
0
83962
0
39657
0
37731
77317
0
0
13391
41577
0
0
13569
44209
1535
43002
0
0
0
0
7217
13829
0
2917
56737
2461
24257
78873
16798
14012
3376
1303
0
65816
0
5066
2052
129159
0
0
0
9008
0
0
13991
5967
122290
77574
0
0
41908
0
0
0
0
35520
23698
0
51792
0
0
26149
0
0
40429
123767
34195
0
0
19394
19573
13352
0
0
0
77985
0
24144
19218
7539
77502
0
30353
0
0
0
0
0
110355
0
16013
0
13493
81141
0
0
25072
0
0
0
0
0
0
0
0
0
23306
0
0
0
114737
0
62001
0
0
2697
0
1473
81114
114105
0
75976
93971
0
0
36553
0
0
0
0
77752
0
0
0
11989
53017
0
0
66
110874
30955
115713
0
62693
0
97921
9657
0
3723
0
0
87957
7565
67575
0
7863
0
103418
0
6293
0
13307
0
95616
0
0
38020
0
46031
10131
4931
0
0
0
113308
108175
56102
82966
0
0
0
0
0
0
30403
0
9912
103272
50073
63006
3613
0
0
0
8456
0
0
0
6687
13048
3087
0
38634
21143
0
0
0
0
18728
0
116532
0
20265
0
0
57645
0
9186
0
18611
0
0
0
114422
0
0
14733
0
6379
0
101249
0
0
50185
125033
17629
0
110678
0
0
129304
0
0
57596
35990
13520
31683
68495
56247
125591
0
42048
0
15082
18898
89389
0
0
4546
0
0
0
36513
56824
0
64510
18557
94724
50566
0
12372
0
0
102903
0
106094
0
72499
0
36466
36185
0
4679
28015
31310
0
0
0
32809
0
102029
0
89530
99789
21844
0
0
0
0
9084
1014
70688
8274
0
5152
0
0
0
0
25109
6220
0
0
0
0
0
0
0
0
0
101205
0
118688
67136
42296
0
95138
77584
0
0
7006
0
44622
31284
0
85241
0
0
107251
0
0
0
0
0
0
0
0
0
17291
15418
0
68297
0
56263
0
101936
0
10032
31155
92697
0
55660
987
3851
6661
3557
99
92646
0
45652
42950
0
0
0
0
69751
0
0
13521
0
0
12921
0
0
0
114574
30084
19882
0
110418
0
0
49620
46878
0
71262
14659
2680
82343
0
107876
0
0
85965
0
40712
63435
0
0
107745
24754
127907
32986
94516
116624
12321
0
38743
79625
0
0
0
0
11038
0
0
0
0
57995
0
23187
0
9231
69607
0
0
0
0
0
0
37150
0
77733
0
33898
0
7011
18107
18972
0
44423
81867
0
13593
70456
0
90446
0
0
13454
0
0
12517
0
0
0
0
27577
110576
1777
0
64340
48428
0
31161
19840
0
0
0
509
78024
0
0
118704
39025
74070
92437
9592
20098
0
13098
109651
0
3445
9918
0
0
63279
77377
2706
0
9806
2008
0
17119
8516
12053
127090
64068
0
0
5161
15469
43362
81196
0
0
1746
77561
0
69883
0
90676
7854
60202
0
0
33700
5493
0
0
0
0
20947
11007
0
0
726
90652
20944
37756
0
0
0
0
100298
0
325
0
0
58549
11206
28125
5089
55881
9277
58997
49006
0
62247
31239
91113
0
0
101825
0
0
0
8757
4173
0
0
0
0
17163
6370
44617
83623
14911
0
10727
0
111895
7050
62112
66060
97532
3177
12168
0
62973
61738
29967
0
0
0
39731
11272
12702
26378
26846
0
0
0
0
0
4171
0
111634
0
0
119406
0
57747
110188
46927
0
13035
0
0
59123
0
4839
83788
0
8278
22143
38198
81984
2988
95816
4182
76617
98198
0
0
9079
0
124008
2413
0
565
19333
44736
128735
128895
39817
18937
76859
29178
108674
14761
0
2088
0
0
0
0
0
21207
0
113811
0
0
0
112762
0
6359
31336
0
0
102383
0
0
69654
2473
0
0
6722
82239
0
0
0
0
0
0
6933
69482
99041
0
40806
0
19407
3052
49348
81706
0
0
44171
29816
0
79497
0
0
55848
10480
0
0
14893
20266
129360
0
29884
0
0
642
0
0
0
77417
55502
5525
0
0
5475
2728
1636
12252
0
29358
0
9894
123639
0
14234
35663
0
49486
32146
0
0
99135
0
0
0
0
73791
0
3559
0
0
34862
16566
17047
0
31761
51409
0
0
11249
0
7354
0
0
3393
0
87990
0
88041
49963
13546
0
47021
0
13406
0
8679
0
39715
83533
0
105
86948
3203
0
29857
0
0
0
3977
48491
0
902
7269
0
0
41633
0
91625
0
8528
43326
77856
0
92
7595
106649
0
0
0
0
0
0
0
0
0
0
0
0
117081
0
6662
56745
80393
0
29981
30991
47642
0
48485
0
0
0
103391
0
39366
26113
8149
86208
48931
0
19843
0
1118
9525
51423
5791
59206
0
8290
75403
0
0
109528
0
125710
78019
0
119867
39792
0
0
0
6842
0
0
2113
8149
42991
104896
82001
108665
44744
0
0
46415
73474
73474
17684
0
0
10746
34853
0
26673
0
11426
0
45017
0
0
0
0
38384
8409
0
8045
0
0
0
0
0
0
22948
0
0
15334
0
0
66058
20761
0
0
5806
0
56857
81216
0
61973
0
6123
6265
112871
0
0
8632
0
0
0
129280
82158
104754
89747
0
0
0
0
102293
0
7266
53656
13508
0
19918
0
0
0
0
0
0
93636
7465
4662
88680
0
0
74304
0
82240
0
0
979
72606
43130
83268
2069
0
0
129834
1357
0
0
30796
101526
0
0
0
0
73402
0
7708
108905
19395
9181
25616
0
78678
88927
0
3536
13684
121916
0
95240
89178
0
0
27445
0
0
0
0
0
37102
106275
6793
22407
0
47519
0
5548
0
3906
28932
0
910
0
16156
0
57924
28931
0
0
0
0
0
9387
13527
24511
0
573
14099
86562
0
40990
16871
88631
99181
12622
27430
0
5071
0
37547
126053
100253
56190
74211
0
5369
0
0
13222
40729
4386
0
17106
0
5735
65085
0
0
0
0
0
0
97156
63056
11147
91137
0
0
54921
0
39261
0
15384
111028
128755
0
15056
0
0
129146
0
21550
68265
0
36484
66245
43670
0
37152
0
0
12765
0
77046
0
76278
25754
0
63711
0
0
38712
78464
0
9311
116442
0
0
0
0
125545
24048
127037
19248
478
29960
0
11345
0
0
17825
0
6930
43170
0
0
0
89306
87464
67587
3799
23317
0
58520
31278
0
0
0
47638
26134
62888
0
0
0
654
117874
0
104841
1995
0
0
15657
85892
129414
0
28022
0
11230
44865
0
0
0
9384
27366
0
0
0
0
0
20281
0
47508
34030
0
34026
0
0
0
66491
0
970
29461
0
63388
0
74970
0
43382
94239
0
0
0
0
0
43367
2658
0
0
114953
0
81289
0
50266
99257
0
0
35673
0
0
0
103413
77879
0
39458
98601
0
0
0
0
0
46345
40894
122641
70596
0
7827
11502
0
80943
91311
13816
101970
0
5201
11625
49426
10290
47715
0
7121
0
38017
0
0
125998
87020
0
13278
66487
0
0
0
37092
0
1295
27831
0
0
0
0
0
72538
5652
0
81214
50995
1784
8046
0
0
0
0
57805
0
0
0
0
0
119707
109547
68027
28469
58212
56244
108
0
54752
0
0
0
2280
20790
41375
0
0
80175
46350
8301
4976
0
19098
0
4377
98362
13485
88889
10234
0
71044
0
12136
0
0
60009
0
56473
0
0
45800
115588
40521
74726
0
0
10839
0
0
0
0
69960
0
0
37142
0
43819
0
1316
50569
0
34458
0
0
0
0
37681
0
0
56029
0
0
28768
2287
0
44016
124645
98943
17832
0
0
0
0
0
0
32873
0
0
0
0
89266
0
108645
18963
41088
28205
0
0
106971
15782
0
21993
0
4573
0
38423
0
0
0
0
0
118049
24919
0
0
0
0
67684
74819
0
16820
29225
0
0
39611
0
0
0
42044
0
0
96560
0
0
101207
0
0
46246
0
746
0
0
0
0
124503
0
0
22663
0
60410
125144
0
22358
27786
95778
10196
17243
0
48900
24184
0
28358
13707
77390
93839
82311
0
13452
3021
26982
10733
0
25411
0
20783
0
72731
108353
117121
0
0
0
85181
46229
46804
51344
0
94523
68565
118820
0
77600
0
0
0
31513
6360
119301
8592
784
115836
0
20948
12543
1818
65386
0
36088
0
0
104993
4760
103437
0
0
0
5099
57979
87495
94665
56594
0
529
0
32172
0
21198
0
20926
0
14329
42287
14613
0
31210
15545
0
47613
14163
0
72767
0
88645
40460
100873
0
33503
14140
0
10642
53049
0
0
0
0
23151
59433
62661
0
0
105785
0
0
0
33
93990
22109
0
0
0
0
13761
4930
0
89676
395
140
127847
101849
3284
115005
0
79548
178
0
0
0
5015
13931
0
83819
0
103978
3211
95782
51909
52894
48439
63790
0
129220
39662
0
102416
67808
5025
0
21961
11295
0
0
10606
41763
0
36118
129619
0
43329
10973
53389
0
0
71075
0
0
40465
0
45970
31275
0
0
0
118141
90903
0
47655
0
0
0
0
9491
106673
60158
0
1753
0
5873
0
0
3651
0
39131
104081
0
0
11957
95814
24573
0
0
0
0
0
48209
12165
0
71975
0
120822
0
0
127648
78936
27840
0
17370
0
0
117789
0
0
44973
0
0
0
430
0
109560
0
6366
0
0
17786
35852
0
29341
38761
0
0
0
0
100935
0
21775
0
64434
0
52438
0
39129
0
41657
0
33072
0
22264
53355
0
9696
41497
0
75936
0
4351
0
125089
55518
49865
0
13575
91155
0
0
92782
112997
58900
0
18727
0
23925
0
8735
0
117167
5875
3051
52772
61945
1881
0
4117
0
4057
63152
0
84447
67847
30803
0
0
67588
2507
42625
78538
13016
24905
0
3484
0
87168
81628
0
14936
7346
0
0
0
112639
651
13989
37783
0
35389
46849
1292
0
0
0
0
0
65111
21208
0
22073
0
0
0
93085
5249
1187
11924
20869
0
116363
84148
0
2932
43211
0
0
0
83743
6479
0
15835
23186
0
0
0
0
69652
30239
0
0
118451
6966
44610
97424
125150
125377
1159
0
0
18292
99612
30212
22513
75188
66688
55492
73152
94315
1501
0
50397
0
0
23693
13133
6099
0
0
86325
0
92528
51350
0
0
42730
102906
0
10411
53217
0
3358
95449
16189
0
45977
18733
113272
26595
0
109138
0
167
0
89272
0
40610
0
7157
0
25550
0
0
18517
60528
0
0
0
0
88349
26888
30082
124507
0
0
0
61004
8116
40318
122369
0
0
44202
0
0
0
83502
20778
0
0
0
0
0
0
72574
10503
0
69403
73911
47530
0
8493
40696
110319
118810
0
0
23605
0
99392
0
0
5464
0
0
0
4195
89335
0
0
3315
0
40050
22937
44748
27525
40920
35653
962
119837
27464
0
3088
0
101419
0
25948
28483
0
40074
52779
0
3730
0
0
3888
0
0
0
43587
56025
124183
0
32415
4327
109257
0
9995
51207
89432
91405
4927
4374
12849
0
103814
39488
13703
77349
0
47257
5613
0
0
0
0
0
0
0
25615
7805
0
0
37555
21279
0
124482
10373
0
54444
0
123468
0
61174
38946
12349
30512
442
0
12798
37534
0
0
2151
111173
0
0
35055
0
0
0
0
0
1588
0
8489
49835
6488
36965
0
0
0
0
41661
0
60794
2878
127243
0
10207
39484
6297
0
22386
0
0
10155
0
45176
0
0
0
3294
0
23459
0
0
60651
89574
0
0
48394
0
36880
44275
25384
0
0
0
70215
79911
33804
37877
0
93035
0
4394
28536
129702
74392
0
105825
0
74734
0
81137
0
57325
127367
9426
0
0
0
0
0
122486
0
0
39456
0
0
0
90988
67419
0
23423
0
0
0
0
47950
0
27189
24530
0
36096
9864
1530
55079
0
0
0
0
0
123099
0
0
31101
0
96903
10235
0
1733
0
5619
0
52207
0
56656
0
0
0
0
0
12925
0
15538
0
0
9257
0
74369
0
38911
0
62577
105524
0
0
52062
23492
0
0
0
27970
36299
0
29767
62464
0
0
52615
29249
0
89255
77572
17124
30665
44102
0
49680
0
37017
117682
18302
7865
35413
57334
3436
121644
0
0
82723
126954
0
10417
0
0
86809
98662
33448
18096
12238
4110
0
53201
0
1114
0
0
0
99415
80409
73970
0
0
0
0
80854
0
40618
0
34612
57626
113314
0
113796
9125
0
0
101307
32199
60917
0
0
122139
16503
41912
0
20941
0
10457
0
0
22233
120453
104899
0
34550
56026
0
101065
73212
0
70615
0
5599
86931
0
36475
62619
0
10953
73563
0
33225
0
0
35218
0
0
0
0
0
0
0
0
0
67485
0
0
82908
292
0
41774
16861
0
0
0
6626
96815
24135
0
1710
0
14150
0
3192
0
0
9949
0
11096
111367
0
98091
0
8615
106326
48743
103488
0
0
1638
85887
0
0
23943
0
72185
64201
0
83413
12571
0
0
62017
9233
80765
0
0
0
48831
1917
49206
0
0
0
87
74993
0
33886
0
0
47145
0
3997
32115
36225
0
0
0
20159
89071
0
41507
0
38742
0
37703
6840
0
36323
96570
0
0
16233
8965
117181
0
0
40178
0
0
0
0
7909
20167
0
58514
42232
0
0
0
50161
0
0
0
6693
0
0
42202
25153
68430
6824
15832
2464
117815
13631
122875
48061
110635
22259
93329
839
84178
0
4067
0
82866
3337
0
40386
0
0
0
21361
41239
6738
405
0
0
96449
0
8633
23422
9633
29831
59683
122625
42284
0
114676
0
0
51498
17047
0
33545
0
0
11262
0
108549
58867
0
4448
0
0
12006
61526
101045
21386
61971
31829
0
13566
113253
81301
0
3635
0
115189
0
7393
57790
62484
0
57879
0
97324
104443
5010
47163
0
0
41022
33155
0
56504
24249
121465
0
19137
18144
98710
0
0
46968
40609
0
98196
22169
0
84961
15267
0
9575
77207
41904
74353
0
0
39047
0
0
34560
0
0
0
0
99573
85387
3626
16472
105769
75453
0
0
0
40853
0
88021
0
0
37797
56890
0
0
0
0
0
0
0
118334
125140
34671
92634
45091
87705
78654
46913
74549
0
5952
12205
0
100802
121202
36923
0
13062
0
48708
0
0
0
0
55874
0
11335
14704
0
0
111974
31061
0
64388
45321
46540
2787
108728
0
0
40544
115559
0
32318
1932
0
0
0
6487
47507
6808
47629
0
0
57285
0
0
6925
0
0
0
8540
0
66540
43425
11722
73613
103311
0
17932
4513
0
0
0
0
0
98254
0
0
0
37024
90533
0
11027
0
0
67400
76745
6874
3390
76946
67243
89938
0
49174
118786
100502
10584
0
0
95512
0
0
5467
0
107072
101644
54512
0
0
0
0
0
0
29464
61131
53068
52032
83909
15852
11505
15287
0
5677
43946
93762
0
22743
2118
0
54092
0
31130
0
0
100216
0
19212
0
0
20032
0
7040
55767
0
113092
6554
0
278
0
12504
47449
0
72024
0
68243
9480
13275
59173
9963
3401
0
70862
401
110684
3944
2061
0
0
3324
0
0
3231
13242
0
0
41076
0
0
7112
82929
64516
9223
30782
50717
2852
40948
4329
0
0
0
0
19149
15493
6146
2870
0
100579
0
0
39285
35841
62882
0
62415
75210
107576
0
80710
0
33706
125319
58732
0
90008
0
0
17392
4411
0
3610
0
2160
86273
0
24544
0
64579
0
13519
0
0
59091
73565
7782
0
123852
0
0
9213
3214
0
30217
0
0
0
0
0
33303
85506
92931
2476
0
4108
117636
9583
0
19575
85140
50419
0
0
0
943
21592
14755
0
0
116981
37367
10300
0
11157
30549
90209
40156
0
127617
13344
0
0
0
0
4130
1606
123166
8689
0
0
21394
44924
21709
0
0
0
11091
55884
0
0
37086
518
108271
0
15955
0
45593
0
61289
4642
0
68924
7827
21178
2618
0
81368
113288
101903
85688
0
50206
0
0
0
0
86171
0
0
0
0
1457
3203
20669
99943
15425
0
42401
0
0
0
51868
24215
45070
0
14665
0
24345
44362
9083
0
7163
8019
40060
187
19465
0
0
61351
102372
89753
0
10399
0
32535
125234
18994
0
11349
4931
0
0
7595
86099
0
0
0
106274
0
4666
5306
14077
116314
0
122388
17272
0
5382
0
70551
0
0
0
671
92470
117099
0
5197
0
0
1950
65856
0
38877
0
0
0
3385
67829
0
2033
82037
25763
0
0
106909
101007
25488
6858
0
26316
52140
120603
33567
0
60132
71350
99413
70589
4710
0
0
0
0
0
17946
0
8490
0
13147
20
0
0
29382
0
78502
31424
0
8334
0
0
67295
0
43047
98210
43402
10564
0
71343
44952
0
6352
23396
0
0
8367
55330
41342
11809
0
0
21033
111692
0
0
48467
120381
4885
126165
83782
3797
82544
35054
0
99302
0
51425
0
75751
60415
90133
0
17507
0
11605
0
38232
0
70461
25429
0
0
0
0
6598
51933
0
92351
20685
53180
28566
38241
0
0
91616
0
10402
6266
83401
51273
0
31826
105384
8494
61137
0
28443
13070
0
99037
0
0
0
123226
0
22052
0
16673
0
0
0
9722
0
779
0
0
0
0
6106
5704
0
0
32604
25534
15787
4536
113403
10074
0
0
0
0
122904
0
93158
0
0
6568
72793
0
0
10889
79878
0
0
124208
57014
0
6202
0
35428
31182
4105
73297
2258
0
112873
640
34837
2284
55119
0
21402
81073
20090
0
0
0
0
0
0
16331
28746
0
0
37466
60623
0
4496
0
15735
67968
0
3155
8088
0
0
0
2961
20383
260
0
35987
11397
22927
0
0
0
10524
120113
0
38412
67871
0
16464
119621
65096
10322
19389
0
29826
0
0
5741
37287
67558
7424
104951
0
0
0
94801
0
37058
0
0
0
15399
0
0
0
0
68376
31107
11695
0
0
0
0
3201
0
108778
0
115507
0
0
0
25901
9549
0
108075
30353
0
36818
0
28202
107781
0
69253
0
77565
0
4548
0
0
329
40350
106800
0
28413
0
0
83237
123957
115538
39869
0
0
118715
129720
0
0
51171
0
55674
0
0
13200
0
0
35326
13356
77777
638
0
108922
92213
0
16072
551
99524
269
53002
32091
0
40954
0
42215
69596
0
0
12314
103999
0
0
0
0
0
0
25976
6697
71979
0
56071
0
0
0
25069
57337
5462
0
0
799
0
0
1631
0
59321
0
28738
0
0
55370
128544
0
7238
85656
0
0
0
125386
0
87980
0
85637
57433
0
0
13016
2043
8824
0
97586
0
3179
1347
0
65477
81403
68787
90386
0
48429
57076
32328
0
0
0
0
64187
58636
0
0
0
116522
60454
49805
78183
108120
0
0
0
0
15942
87754
0
83412
0
0
4250
0
0
0
0
0
107712
0
12557
79400
348
78196
0
18465
36398
121924
0
4982
62347
129073
62587
54831
46886
25391
3353
0
0
0
0
90193
0
0
0
0
0
3958
78417
0
0
0
7555
0
0
1639
0
67280
0
32062
0
1613
22441
0
0
77052
0
0
49902
51241
0
70436
76720
85574
301
0
108260
22267
17937
0
0
0
25916
3587
0
72217
0
71207
13572
33739
13170
110887
23802
19201
0
0
0
23988
0
0
33294
54791
8236
68907
0
9197
0
0
60671
0
0
0
584
82557
22477
32066
28631
21464
6181
0
0
68
0
25445
0
100404
13714
120497
4886
20037
0
3152
122114
95890
0
0
0
0
0
0
30714
5896
0
49404
0
9624
8632
0
109991
0
55811
3914
0
28052
10984
0
0
53892
9201
68882
38626
12658
0
0
0
0
5638
75120
0
79098
5868
10774
0
13767
1695
46380
0
0
0
23464
17002
0
99920
127350
10197
0
116784
0
0
18232
43081
40445
1065
0
0
0
78479
8146
121940
0
107967
16265
0
0
0
104793
0
0
12245
0
0
0
0
46750
0
0
0
0
0
0
0
0
9717
152
47832
64956
8255
18767
0
65079
0
0
0
79549
0
0
107856
3397
113284
0
80754
0
0
0
0
123822
0
0
129153
53337
93001
0
75304
56134
18581
35376
117376
16326
3855
127044
29765
20468
93551
11935
38254
0
0
0
46804
31466
0
41766
0
0
29350
5634
53862
100749
92350
14390
0
64756
36872
27021
0
119822
886
67931
0
32586
55273
13857
0
49608
0
0
80529
23257
113587
718
84079
65055
0
71646
117946
59059
19836
53618
99531
0
0
0
2861
0
0
84611
97120
0
0
0
37390
0
0
48017
0
21132
50119
0
73116
0
21836
46652
86639
0
0
45991
0
9801
63166
9446
14739
0
114271
0
35861
0
0
72955
68616
51666
101188
22329
48070
20736
76834
49117
121668
0
0
440
120019
0
0
115187
73093
117257
0
124566
1099
0
14895
31679
0
0
45802
13508
0
22968
108506
62380
597
0
23820
0
0
0
0
98420
0
0
67373
0
0
33279
0
0
0
0
0
0
0
31674
0
0
40748
127725
0
97356
48518
0
7328
0
0
0
21842
126036
102433
0
14683
98778
49067
57590
80450
72888
0
0
0
17252
74434
0
226
31982
0
36953
57826
75656
0
0
67161
0
42681
0
0
5192
83446
52623
11503
0
0
8556
71656
0
0
79988
7960
0
7536
128351
75834
41227
0
0
0
0
0
122587
35581
0
0
125196
87095
0
0
53619
12542
7789
0
10300
0
0
88040
17987
64473
0
0
0
0
63858
38640
0
40677
107258
0
0
0
123593
24242
241
65224
85726
38791
10966
0
0
0
67960
2976
0
0
3296
0
51424
51587
110243
12873
0
0
108802
0
0
72514
35378
124979
22020
90226
121607
1112
0
110997
87934
43069
24648
22165
28389
0
0
125777
0
0
0
27313
22944
32171
1707
58027
0
91487
1141
97792
0
0
0
73342
37963
29078
3543
40043
0
28499
0
0
0
0
0
87747
77859
10870
0
33531
0
0
0
8780
0
6078
0
0
6643
111406
0
0
0
0
81167
0
12627
0
0
22653
54414
55751
0
0
0
55920
84211
19417
0
0
121641
98312
14148
56475
0
3489
7384
0
3175
0
62404
0
13122
0
112918
16699
101897
0
0
0
100460
0
31552
0
2843
87100
0
0
6756
0
0
0
11861
0
0
103772
0
0
39513
0
117127
28065
0
0
0
4673
50785
0
79716
0
0
40520
9174
18205
0
1148
87839
0
0
21722
0
0
0
0
120887
44327
15322
0
55782
0
0
0
61198
0
0
31406
8328
57832
81130
0
2607
32883
36272
120904
36795
14825
20148
100648
6064
37883
0
0
79245
0
22793
0
53402
0
110401
70945
0
57759
0
17530
15359
0
51817
0
6011
63472
0
118567
0
0
0
0
52152
10789
47214
25563
89473
88116
0
65064
0
0
75203
2314
0
0
10572
9831
63586
75665
0
11246
110115
0
0
0
0
22153
0
114115
0
43098
0
19224
14157
10778
19449
2697
97984
0
42954
6153
1378
409
113458
0
13343
129060
0
0
0
4564
10271
0
54325
0
81378
110628
0
0
0
20056
47727
41395
63423
0
0
0
33205
26676
61263
125676
0
31101
61075
44686
0
0
51458
115218
58116
33941
14412
107104
0
45049
0
9403
11823
0
122731
98424
0
0
0
120806
260
9306
25189
0
0
73702
117251
0
0
59479
96192
32264
83679
0
0
0
0
5880
5172
0
0
0
90219
0
59788
108788
0
95322
0
123304
92219
48481
0
66205
53919
77504
3760
22267
0
80459
0
0
27182
25835
84688
0
5606
0
2608
0
47234
6667
0
0
0
13495
0
9537
86761
0
0
6737
4292
0
40772
689
120355
93664
52252
0
0
0
0
4289
0
36099
0
0
45411
0
0
0
77364
0
0
116799
72143
35064
10222
0
23200
7202
0
0
0
125014
7134
0
0
0
56260
1164
0
0
0
9566
0
0
0
0
0
20084
0
78561
0
76746
90568
68724
23023
102462
101762
0
0
77615
0
32538
79086
54328
12076
115876
0
0
117708
44677
0
18363
0
118782
0
4179
44588
49962
83719
116096
0
42159
0
0
35380
37594
41492
0
0
0
15075
89340
34476
0
5000
5998
0
92515
0
0
17846
0
0
0
0
58984
12005
96870
0
0
0
87651
0
0
0
0
5382
127923
0
44757
115417
0
122979
28223
0
619
50453
50256
10901
0
57959
104123
0
22800
80996
0
0
0
9021
0
0
94805
0
0
10508
0
0
0
0
0
97471
14256
79340
11963
0
0
0
0
10640
0
0
92972
108454
35459
38428
24556
3179
0
309
2473
10679
6724
95170
126943
46972
17891
114896
0
3584
104037
33834
126336
23743
0
84470
78603
106727
5799
0
0
3522
53049
0
0
0
45417
18856
67193
27564
0
13434
0
89799
76814
0
19986
0
73380
37731
15304
0
31655
95407
106491
2300
58183
0
186
0
0
0
84930
27221
0
37979
0
0
11001
11752
0
0
4201
42171
59270
45838
0
64665
0
0
96862
59050
20298
0
0
94777
31581
103181
111016
115928
0
0
0
0
0
11931
98888
13247
24829
0
82547
56073
0
56293
89816
0
34415
0
0
0
0
74935
23924
68979
108731
86541
0
0
61062
0
20368
553
107113
0
6832
0
18401
90333
1534
0
0
41203
86511
53393
0
36892
0
84040
27513
51846
45530
126214
88275
0
0
0
37920
126979
9986
0
0
26604
0
59818
19268
74370
13842
8874
73304
0
0
112815
0
0
22257
82755
87905
111105
0
0
129789
67793
0
0
4898
0
16024
10535
16020
35508
0
108767
0
34260
0
70232
31021
0
0
62991
0
0
10043
0
0
0
8624
0
0
2064
0
76145
0
0
125854
98074
39622
126484
0
40452
22181
19933
5575
0
25095
46885
111181
0
0
0
59188
103896
0
22617
0
126082
0
0
4480
65390
0
6081
0
13222
0
0
0
31770
0
0
86917
31130
0
6126
59957
39244
28281
0
0
0
31368
78604
7514
0
83865
35978
0
0
121394
0
16812
82961
0
0
2162
84236
0
0
0
30423
21866
0
0
109973
80547
0
51590
95500
0
0
0
27314
101927
0
0
26466
13355
0
62812
6808
0
49744
0
82845
0
0
36038
2577
0
44708
54399
11611
0
0
30569
29074
0
52183
0
0
0
31724
15878
0
56646
0
0
62231
0
0
56228
0
29899
39020
0
119416
0
0
0
0
0
24002
53792
657
5854
0
0
0
0
0
37615
0
62354
0
0
0
4615
0
123203
53771
0
35709
79056
0
0
0
103319
30632
0
2338
54240
0
5252
0
0
918
29240
110351
0
8493
67
0
0
0
0
703
25600
21038
48918
0
0
19368
2042
816
0
8853
7245
84305
8773
0
73779
28297
0
81024
73308
54409
26872
0
83058
0
0
78884
45726
0
8645
22192
0
27872
0
27652
0
0
51654
0
0
58700
0
16573
0
82300
120720
0
0
32359
8330
52524
2150
0
0
0
11462
0
111748
6814
0
101445
0
106321
15931
13187
0
0
0
10060
62953
0
0
0
0
110739
0
1005
64835
0
59160
0
21880
1715
19152
59410
8460
0
0
41977
11138
3907
0
0
13801
0
0
17186
7440
0
26430
36210
0
0
77628
0
0
0
0
27685
74569
70281
83332
0
58606
21946
122885
0
1093
28894
67333
0
0
29004
58061
0
0
5256
88751
0
0
20338
35373
0
0
8640
87934
15380
0
38885
0
0
7687
63869
0
0
17729
0
101913
0
0
0
46903
0
19923
5510
112576
13717
0
14815
23673
106915
27131
0
91589
0
0
0
0
39077
3202
8051
28813
75801
79088
0
40033
28303
0
0
8790
19296
129680
11366
15797
14440
82
107448
12357
40643
0
87978
0
0
9170
0
0
25624
90016
105856
0
0
17810
0
0
0
34921
31968
99810
123045
29656
0
4530
0
0
47414
66128
0
0
43394
110929
0
0
114
21942
898
32921
14920
0
0
0
51327
7377
0
79173
0
6942
21526
0
21380
38316
0
23391
57939
55327
13621
20546
1191
1341
20946
0
4194
0
0
0
0
56336
39620
75687
0
0
110274
44827
0
7144
13621
0
0
6767
2161
113555
28407
10494
31416
0
124189
43856
104184
0
13732
0
0
42799
94223
70968
0
3706
0
0
24318
0
79040
81755
0
59830
48049
0
66022
14347
27086
0
61230
9612
0
0
0
46677
55601
11706
42606
0
0
31602
0
0
79934
44986
40382
0
0
24456
0
72232
16347
31689
36611
42414
0
37958
0
41433
0
58281
0
0
0
21241
100617
0
120797
68486
108598
73480
0
59105
59246
0
111011
0
16949
0
37463
0
90851
41672
0
100078
32326
13353
72359
9629
7541
47639
0
73848
0
0
85125
0
0
0
0
21045
64963
0
0
0
0
0
84320
0
0
0
48220
4664
49646
50826
0
0
0
72462
38097
51574
0
0
27629
4693
123951
0
0
0
0
17360
82078
43301
121773
13438
37278
0
52740
0
13006
122526
0
0
26405
109502
44222
3260
77397
38453
0
0
14461
0
88113
0
59372
0
36354
0
0
36104
0
43353
8938
84645
25722
73932
51984
0
28481
0
0
0
0
0
1747
43512
0
2283
0
23231
1132
0
12183
0
59004
0
76399
93986
2608
43933
0
0
0
42122
0
88929
19097
26194
0
17218
28234
21465
0
0
94675
0
0
81434
27923
0
12632
61139
17102
32118
17324
59453
0
46393
10455
16292
68312
830
0
21503
102283
13534
0
52765
35971
0
5321
0
88399
0
0
9141
12507
91348
0
0
57373
99968
2310
2599
2969
0
30922
0
0
31270
0
67609
0
78974
0
52146
4335
126414
1579
70673
37790
10727
39708
52206
0
30300
97676
8106
0
9158
90145
105386
6232
60364
29393
0
0
0
26150
37867
118981
0
0
0
10573
0
0
63679
16848
0
15640
0
28991
0
0
0
0
26828
89412
96074
26127
65426
6312
0
0
0
0
0
0
0
0
0
13752
15241
77008
6207
49186
0
0
92016
0
0
0
0
47987
108738
13132
100286
0
0
53742
0
15694
71240
61466
0
0
47369
12845
0
0
0
3475
22846
4092
0
0
0
0
63870
0
46195
34912
125478
92483
0
36094
0
16380
0
63224
0
73598
0
50732
0
0
119193
0
0
96933
16591
9360
0
96046
0
0
0
0
0
0
1459
69265
521
0
0
24687
76375
126288
36744
0
0
127222
11145
67002
64119
56086
114859
16188
40722
0
79020
0
1677
61589
0
0
0
94437
19995
49863
59424
0
89585
11583
0
3651
0
122311
125988
12146
122441
0
104268
69079
0
0
0
1096
0
0
5177
19770
124078
18874
109463
103078
67060
0
7931
92779
0
0
95227
20794
0
2808
0
0
4236
0
0
59424
19034
0
25736
25171
7534
101619
69983
0
49333
0
0
0
0
0
0
1593
86298
9551
91787
126021
111708
231
1355
0
38051
8421
115530
126786
78567
0
23979
0
0
0
0
91946
44975
4018
5451
0
0
17246
0
127860
88305
0
40442
112040
54026
0
93892
110911
0
0
0
0
0
52773
9527
26266
92748
15531
84648
1416
92551
7883
0
0
0
86040
5561
83197
63554
0
0
0
80165
27549
0
0
0
33214
6285
98444
89048
0
0
0
36702
36241
0
10282
78395
0
42936
0
0
0
0
0
112909
783
0
63401
0
24530
53578
3085
0
129668
110704
7285
13573
0
0
576
0
0
14152
119162
93026
0
0
0
17745
3453
0
21937
106428
0
88012
84300
39426
17452
105519
75935
8720
0
0
105063
0
38409
0
6054
12968
121989
0
5275
0
125853
69213
0
61736
0
66142
0
76346
0
33972
124571
64836
0
0
0
100251
63085
39488
82939
9841
0
12019
13186
0
0
0
60920
11722
0
2209
62348
16229
1061
20818
8061
0
35536
80707
0
0
0
0
0
2904
3461
0
4134
36846
24844
0
43471
0
0
0
68634
0
0
29770
3880
0
0
0
19979
8927
0
112271
12788
0
0
19155
29789
0
0
0
51962
0
65884
84216
1878
0
60935
0
3539
0
0
53643
0
42813
76331
16758
0
56719
0
0
18458
0
0
21435
116470
636
0
71562
45356
4318
10206
0
0
0
0
35693
668
0
0
23725
0
77175
116679
58453
0
8114
29161
92249
0
0
0
0
11309
0
0
6536
0
51160
23916
0
0
3412
0
52823
35862
90039
50934
33377
0
53776
56414
0
27334
45115
0
0
59107
0
0
50905
0
71050
0
0
0
12244
69836
120406
19871
87756
83123
37424
0
122086
0
0
0
82423
41826
71654
129667
2508
2178
0
33342
64768
0
0
34464
48805
0
0
0
112362
62774
55700
12770
20156
47347
0
0
0
85582
79516
0
32785
0
0
0
165
0
0
0
0
0
77059
0
1437
0
7798
41636
32682
45663
0
0
67907
0
0
60690
15526
0
0
0
86288
28008
29914
43120
0
0
40847
0
0
0
0
116436
50690
0
0
0
19248
0
0
0
0
0
14985
112463
38895
0
2603
10489
14482
0
0
118088
0
0
0
0
0
0
0
1715
34527
53945
106193
0
116836
0
82211
0
117806
0
87064
31420
116811
0
0
0
0
96953
0
93717
18737
58616
37108
8464
0
9213
37347
89488
0
53212
95059
0
77090
0
1044
16220
0
0
0
0
0
62225
0
125214
0
60075
40781
0
0
0
16639
0
16229
0
0
8221
0
0
0
0
73208
0
2599
0
0
0
6198
65742
0
0
6431
75768
0
0
0
0
117093
112352
0
0
81993
10435
0
126657
697
129224
42976
55000
68856
44263
15524
21304
0
0
0
0
88412
0
120143
18188
63010
27879
103214
54867
20277
110483
0
0
121212
49380
0
87512
4664
73610
96958
78901
0
0
0
29132
0
0
38435
0
13718
0
28722
36440
0
36892
97974
85513
0
29625
95918
10814
94538
0
93125
0
41938
0
63036
0
0
104929
4689
35691
0
12315
0
0
0
12002
95908
23661
32641
45194
33582
0
34530
31580
0
26527
59019
0
3603
0
0
40871
43544
0
0
0
0
89702
14361
19568
111139
86694
0
88395
0
0
0
0
0
0
0
0
0
5827
0
0
42886
0
76
0
18835
2561
102683
98963
108890
0
92879
5639
0
23923
12041
112319
0
0
0
111065
0
8265
0
70313
7288
0
48138
5332
113545
8484
0
49819
2595
0
36488
21942
0
0
91689
0
35867
0
0
1101
14276
60296
82122
0
46929
40407
0
0
0
34829
93035
0
97943
49757
5751
11962
6821
0
0
0
44992
42392
51791
9830
0
60634
10211
0
75872
0
11676
0
0
78610
0
0
15444
0
26813
0
0
0
89900
0
6250
36831
5702
74480
27903
57600
0
0
12600
4768
4000
0
0
19404
6948
50967
0
0
17025
5502
0
13446
10401
61970
0
5934
0
0
64785
123800
0
2792
53135
86438
64353
99225
11023
26620
0
0
0
108232
0
0
125690
0
8454
50782
0
79498
0
66937
78189
69381
0
0
12818
0
0
0
0
0
3592
0
97722
0
0
3487
16181
0
91911
0
0
0
0
0
61706
0
103714
0
73140
11599
40518
109518
13713
1029
15476
13678
0
0
0
0
36375
102543
119690
7599
0
0
0
41575
104340
24930
0
58998
61113
0
41436
8687
0
0
0
115767
0
121238
0
45231
0
22224
0
23068
27376
0
0
0
95230
0
0
0
10330
0
0
11970
0
70271
45803
0
0
0
0
0
44577
80453
27848
0
2005
73255
5589
46463
0
52911
0
0
0
56283
83124
1108
20755
103036
0
0
12878
0
29208
32353
0
106613
0
0
0
112201
24082
0
0
29798
42131
0
0
0
0
50385
0
50180
84239
0
76877
0
3117
0
16882
2766
0
40
80503
4390
0
0
129202
35614
93590
0
52461
41399
113549
36944
64272
0
76664
14274
0
35982
61904
3265
0
13368
9192
83689
64934
95212
0
0
0
26743
0
0
0
0
0
12283
0
8364
50120
6700
5883
27797
0
0
0
0
0
70240
22134
0
49809
0
82028
0
0
27149
110668
40859
26748
8268
38058
99432
0
0
72446
81329
128767
0
53227
0
2743
31826
120491
65170
54273
0
0
0
4617
40
36147
20902
0
0
97685
116547
92865
0
53341
79932
0
9129
71783
0
11595
10376
106213
24544
0
20729
39895
113139
34469
17120
32539
64635
0
0
84373
0
34181
0
0
0
126431
69465
74590
84094
0
20869
11916
0
1593
17842
1953
0
0
47068
20913
79317
0
9740
42820
0
0
2296
41700
84282
3168
65396
0
76438
0
15257
0
44657
0
108264
54940
0
26544
117171
0
9615
0
33196
0
0
101925
0
0
6404
125628
28279
76817
48730
111935
43051
22300
123975
0
65476
125817
70339
0
0
21032
64538
0
0
1153
0
54227
89729
0
60810
0
0
0
5576
0
0
0
21360
0
0
12001
2446
7193
0
0
0
0
26941
0
5804
0
11492
0
0
0
62414
0
6290
0
99364
5195
49184
126057
2702
0
40476
0
32111
72585
11931
0
2459
0
32648
0
18098
35220
0
0
0
6963
14784
7468
23493
17082
5378
0
94975
0
0
0
46996
0
68145
0
83669
89267
23833
0
52788
5580
0
51630
57381
73501
0
113
0
40842
29590
77797
10107
0
66876
0
13555
0
0
0
24442
0
11646
75512
59318
0
0
0
121717
18895
99183
69781
0
0
0
92722
76120
0
7071
22803
0
0
79753
5111
0
12424
34852
0
23634
0
0
0
81422
85813
0
0
0
0
42868
115677
49056
129784
36799
125264
0
3684
0
78113
0
3082
0
50274
0
53339
0
0
21
53384
28323
7746
100052
0
0
0
27951
0
0
0
53262
46424
0
0
95192
111201
0
0
0
40411
0
14230
0
113578
0
117503
0
0
48818
110631
0
0
20569
0
69708
5344
0
71988
71627
112463
0
43926
11588
11525
0
0
0
85501
90744
0
3541
31082
0
29111
0
43484
91749
23693
38282
124286
13097
129741
0
0
0
79380
0
0
78728
0
87290
0
86856
0
32324
54180
42162
0
19182
57593
0
0
0
0
0
0
0
0
5720
32610
0
0
5192
0
0
106852
0
0
0
0
3625
3962
10185
19818
0
7777
24278
0
0
33757
0
0
86209
0
37081
0
51183
74788
11337
31644
0
0
0
6454
41657
98806
36341
12554
0
0
0
0
38704
0
30861
0
0
0
0
45240
63710
0
0
0
0
84557
79745
1837
111198
44310
0
20692
0
0
0
63782
7602
0
0
96342
66044
1241
0
0
44366
0
33659
0
0
0
77883
0
0
0
22479
0
46588
3770
7095
0
126167
41997
0
0
100928
16712
49532
0
0
0
5933
42533
103145
116751
0
0
0
14006
38487
17407
0
81389
0
35363
118239
0
32591
0
0
0
15528
0
0
79091
8120
102294
0
52717
0
104138
27970
33511
0
2242
0
0
49535
111228
0
77307
94839
5048
2983
0
87734
12637
0
0
2364
31724
0
25682
117557
0
122477
0
78423
65629
0
5963
0
66600
0
48235
94209
0
78940
76087
0
2523
45520
2108
0
0
11557
0
114291
0
0
22663
49072
0
0
0
0
0
0
21365
6995
0
0
70945
38576
29892
1896
0
23261
4872
20567
0
0
20289
87591
19711
71109
29644
4655
48011
44128
0
0
48396
0
0
0
0
35002
0
0
2070
97046
0
0
5571
0
0
0
0
50731
64807
120150
87807
72121
68880
58205
0
0
95625
9294
10384
0
0
115709
42175
0
112039
0
0
33644
3850
0
106995
0
16732
94402
11992
45674
15928
0
13721
0
0
19477
0
0
0
0
98767
86794
5875
0
25991
0
0
91986
46812
49049
41708
115870
0
89882
0
0
0
53883
32239
103977
19485
38064
0
9742
0
77242
116953
41361
0
0
93530
0
5443
0
64051
0
71254
71538
0
8454
0
98713
0
0
26986
0
0
114387
0
5271
101128
53939
120552
3855
0
124304
16573
0
0
0
47835
0
6138
0
0
16638
0
0
0
86512
0
0
0
0
0
0
52107
96403
7233
11922
4255
0
99253
87647
72981
5972
31726
62536
0
0
28654
0
8248
9327
34276
0
0
42354
80194
0
2466
58224
87025
2096
102084
0
0
0
0
0
100258
0
65237
0
108889
1489
0
0
100168
48532
4202
0
65683
2238
24972
94035
0
0
55109
31676
36894
0
48963
0
0
9769
38140
10950
2255
31093
40693
0
3694
58777
0
14836
0
12890
0
34890
0
0
0
20540
66388
59857
0
94042
65834
9263
0
52072
57421
13537
10610
125101
0
0
0
121025
46462
0
0
0
0
127678
47548
0
44228
0
32560
0
0
91660
7653
0
0
0
27802
113712
11494
100869
26141
32539
43510
50798
21890
0
593
13468
0
10531
75125
85953
65253
4070
128350
0
38318
0
0
0
0
5889
55973
0
0
15778
29376
0
30767
49814
23028
0
0
0
0
9921
0
0
51803
10955
76327
0
152
0
0
103363
7711
4776
0
919
0
10359
14639
115222
0
0
69144
57459
0
0
9757
0
13207
0
0
7127
78783
0
46702
42565
93431
0
0
0
14281
0
0
103772
25742
0
33967
0
0
0
0
51333
0
0
0
729
90367
13013
63931
7873
0
0
0
30202
0
0
0
59808
11250
0
0
0
12443
37077
45875
2233
15581
0
0
34198
0
6860
0
0
51021
19307
53965
104337
0
95217
56572
23350
66628
0
80320
0
8209
39581
0
43167
8200
78191
2277
0
15051
57475
0
0
18607
0
2921
25841
96285
89412
0
0
41891
70997
74273
117072
0
0
54776
0
0
0
67618
4481
8064
0
0
0
124411
45081
0
0
0
57183
0
5425
0
0
3103
48054
22207
0
0
114501
0
0
105245
0
118892
0
99161
0
113568
0
0
109281
0
7610
33143
121780
0
0
53415
33662
0
107363
0
47454
10303
0
42818
41750
0
0
0
105809
0
5243
0
0
124963
97277
41289
0
49899
12604
46616
55087
69138
66159
0
80300
0
7474
65102
0
11897
8562
95592
0
0
0
0
0
56246
0
123711
0
2516
0
0
10788
0
6653
1494
101931
8926
3553
46935
60362
11394
60611
75918
103202
0
0
0
0
106343
0
0
0
41279
26607
0
85070
53207
0
79987
0
23557
72029
0
0
0
11966
0
0
3677
0
0
75090
29728
21174
96990
0
9720
0
0
0
0
0
0
26711
26400
66115
0
36000
0
0
0
0
37684
0
3330
0
0
0
0
0
0
18099
0
6352
49274
0
0
121211
22237
0
69660
0
0
0
0
0
10429
0
8145
0
0
0
0
0
81968
0
0
0
473
0
0
43847
67694
4658
7805
0
18279
122698
60451
0
0
112134
73946
5144
0
63181
86624
21070
53948
86869
0
0
5452
11464
39065
90709
0
66520
51849
13845
13418
0
24503
10998
125807
0
58240
17962
50252
0
105454
49190
17280
49700
105259
0
3950
0
0
99833
107316
0
0
12894
0
0
108361
123134
32235
48989
8984
0
0
17539
24066
76655
3716
0
113622
0
129447
8605
0
4870
23612
0
0
0
0
110460
22823
0
0
0
0
0
0
0
99015
56451
121759
14819
89469
0
5419
67069
1133
0
23635
0
121361
1933
1016
109682
12655
65174
28808
0
14789
13341
0
94978
0
5672
5884
124736
0
0
0
0
0
102660
0
7315
0
0
0
0
98750
0
0
25300
0
112267
0
43291
0
0
0
488
0
0
0
6854
3087
0
0
19372
12639
0
0
21443
13166
0
0
6192
12676
0
0
0
38173
0
0
14665
11498
0
20008
21503
0
24974
67191
0
56612
55544
92605
0
0
0
0
128682
33555
43147
458
52124
0
38358
90188
47376
10799
69402
68003
113760
85353
35918
60898
0
55110
25753
12134
6407
0
104009
0
0
49134
6537
62462
0
127680
10486
0
48297
66849
42456
0
0
42389
69288
42382
41692
91232
5109
23964
0
18634
73487
1639
64687
77969
735
0
10156
39909
67003
5162
126270
2846
0
8657
20879
0
36551
0
83714
124255
0
0
15985
101338
5857
0
0
70776
0
81404
0
43759
0
124774
0
0
0
0
36115
0
0
0
89117
112909
8930
0
0
39424
0
0
0
0
0
0
99128
25631
0
1290
60907
0
0
98227
10040
35321
0
0
93858
113810
0
560
22408
0
46253
0
73717
0
0
46541
13010
824
9241
86671
0
0
23403
0
81484
0
0
10186
117230
0
5684
29705
0
13745
54673
0
0
0
106757
0
0
0
78431
46282
107357
27103
0
12761
0
0
68595
0
26145
0
0
0
82941
0
0
32272
0
5167
49776
95905
2117
47557
0
1291
22607
5100
0
42938
591
50996
8534
0
0
71360
41807
0
0
77276
0
0
0
0
0
0
42176
0
0
38395
68399
9213
122712
13639
0
10516
50159
18175
48262
0
50485
8018
281
0
0
0
22871
32430
89542
0
0
0
78681
0
0
0
0
0
0
0
0
83051
0
0
124621
0
0
17454
0
0
0
0
11722
59287
0
24977
93122
0
0
0
123680
0
4154
0
696
7241
4945
76763
18395
12349
93116
5182
47217
47639
0
0
0
3720
29640
0
83805
0
17460
0
1619
0
0
72174
96153
8204
0
0
74857
0
12320
5850
101519
0
0
63603
0
0
0
628
0
0
78189
16156
57672
0
0
46467
33965
0
26345
0
0
0
57089
74765
0
27709
20993
0
0
47967
43457
0
91942
0
13890
0
57934
116915
6973
32174
6925
0
0
84678
0
0
0
118179
0
94354
0
37311
1670
0
50255
0
105872
0
0
0
59265
0
90466
0
0
38505
0
25216
0
0
58250
0
0
0
0
0
4070
0
6102
45755
115833
1632
0
0
60420
0
0
8804
0
34622
6510
27989
0
0
12161
114730
0
27184
66089
65709
10996
0
106386
0
0
4057
0
0
0
0
101304
0
0
0
0
91956
0
122853
72155
0
112058
33996
2806
42213
115636
98177
19720
0
0
69631
59650
0
0
0
0
8224
0
18528
0
90546
111425
0
0
24402
8154
0
0
16561
75176
101630
64943
0
0
0
0
0
0
60665
0
0
0
19944
120559
1902
0
35096
62756
12953
0
12694
0
0
114499
0
28559
12826
0
0
113992
51769
105753
15984
0
81233
0
0
0
0
16107
67178
7427
113895
55242
11502
0
4986
29263
36387
0
6514
38222
0
116372
58184
14732
0
100233
0
0
23564
113189
98455
59390
33454
0
0
35697
0
12839
0
0
0
93555
0
0
0
46074
0
0
2257
18653
0
15789
129087
0
0
0
0
19593
81515
54904
80433
0
62856
0
0
1519
103868
18109
0
76908
29313
38629
20145
70425
27559
0
9427
41052
2556
56990
0
71207
7659
45777
2209
20262
0
0
0
0
19354
0
42025
129333
20204
26469
0
0
18264
0
67113
0
0
24730
31755
0
8991
109573
72797
7797
0
111382
3057
106024
80794
6371
18737
81436
42493
0
30777
19733
0
0
75634
0
0
89033
0
5373
0
0
12549
0
25201
0
0
12090
0
0
0
7352
0
0
4422
0
94129
0
0
0
48353
56593
76472
85876
0
0
88734
0
101264
0
84603
0
0
114021
0
4483
42355
0
0
63218
110572
41706
21729
126964
405
15863
1836
0
19884
12660
0
28229
129196
122894
0
0
97685
81028
0
0
0
0
0
38003
0
4130
0
92081
0
10857
35135
0
0
43498
60874
3881
75735
7913
27606
0
3695
1782
59003
0
67674
0
0
0
0
9122
33449
39001
0
2138
0
0
0
111446
0
0
0
0
0
0
32911
0
0
47986
0
0
55797
108766
36859
99617
3792
123405
0
59274
0
0
43023
0
0
6787
6413
101660
35930
12164
63695
106953
0
75516
87870
97128
0
75688
0
71722
10898
2126
35219
20119
0
9283
0
0
10065
0
41966
0
100411
0
119895
35874
12228
92962
0
0
21198
89567
0
13302
9502
0
85714
0
0
82272
89741
75912
0
0
85105
72546
30823
39406
36939
0
19121
6253
4284
99757
88791
0
0
50016
43641
0
75111
0
0
0
20646
0
0
8598
101493
99286
0
101479
2469
0
71756
94193
58573
90677
40325
0
108297
0
47143
0
70396
112066
71684
0
29780
3223
0
0
0
0
14661
0
113536
29463
55216
0
5147
0
16564
24717
0
54987
92531
0
0
0
0
0
26427
614
0
0
42296
283
0
0
0
25675
6122
0
52780
0
55410
0
0
19933
0
0
14221
0
8150
0
65646
58935
109794
21360
51403
0
61781
14077
0
2616
8099
2855
0
0
0
24250
0
51391
0
0
83219
0
37042
0
64741
0
0
2806
0
118659
72075
15456
19368
0
127836
0
0
10394
0
86192
0
55451
38056
0
11640
108183
0
1427
1696
39544
0
0
45102
8067
0
122822
418
113019
94362
80029
77346
55389
71475
654
0
0
25039
0
0
122715
18103
0
3531
65619
0
8327
10284
28606
0
0
107454
81500
19696
1758
74148
66925
0
0
31123
0
72412
113150
90616
81255
17952
0
0
0
0
0
0
19339
0
0
56126
0
15285
0
30419
7487
9988
58465
120942
62138
62706
8962
52346
30915
11940
35367
43766
0
0
0
0
74566
0
0
0
2672
62903
10602
0
22961
0
69259
48946
0
70498
80230
0
61058
0
0
6411
0
0
0
0
5224
0
0
115779
0
124740
0
0
35331
88241
0
0
111555
0
12136
0
0
0
18179
0
13004
0
0
24915
3252
54552
77927
98096
69829
8476
104487
0
6214
0
0
21432
0
0
0
0
54429
0
42236
57003
3751
8366
3279
120770
91865
38397
0
36525
100718
0
0
36598
0
0
58531
66591
0
0
128042
0
66148
5847
2152
50396
0
0
76349
42801
0
67496
3018
101555
0
0
116856
24104
105060
0
25817
0
80724
82732
0
2840
6779
0
0
0
0
55539
59920
17651
0
124778
0
6992
65274
18481
0
0
0
51189
0
126905
34891
40437
0
267
78781
0
4905
0
86412
931
76614
25206
0
58386
102805
2099
91274
18761
0
0
7997
0
52199
64836
25566
0
0
111482
0
0
0
0
13453
62515
28678
63961
0
0
0
103402
88529
3020
40035
0
0
45958
87095
3498
0
6325
11763
0
44732
19247
118889
55611
26315
0
43302
78167
0
0
13997
9574
55899
53243
56254
59859
97996
8638
25397
8681
0
419
93059
52428
77016
0
0
0
5312
55113
5685
37441
1517
0
107807
0
33145
0
0
34491
92198
19040
0
99807
3244
0
0
12954
1408
0
24880
88342
0
0
1080
102846
52628
0
84044
0
0
0
0
0
0
23207
15037
0
0
93932
0
0
16006
4892
0
84763
113597
0
115572
0
0
0
0
0
16277
20568
0
0
12897
0
62022
31369
40844
55495
94657
113042
83839
25547
0
116312
0
11448
59023
0
28936
0
0
89140
0
0
93743
5150
260
0
105592
9722
21755
119597
70133
0
0
71471
38829
0
0
62331
120835
0
0
0
0
0
0
0
79013
0
5632
0
41083
44245
21117
7851
0
124944
0
0
0
16180
0
95163
0
0
0
9072
5017
0
126385
108631
33104
30846
0
0
0
46215
0
0
71708
0
63224
0
0
2460
25833
90841
0
0
54810
942
0
12424
0
86417
79526
0
7415
0
27872
44951
0
0
50242
25224
0
78539
26001
0
92024
76158
0
3713
78127
100627
0
108467
12043
0
53982
40706
0
128236
46937
20024
0
0
101172
6959
116128
103084
5051
111892
8575
0
7218
20031
0
0
0
4098
8221
31003
123276
59659
67331
78161
0
85532
6180
123929
0
5874
39736
17526
0
0
89924
0
68422
59832
2870
0
51709
0
0
0
43836
0
120778
0
0
0
91898
99684
0
108626
27248
18562
79076
68938
0
0
0
0
26867
58111
6845
0
92666
46060
0
8457
0
63831
6184
0
0
106224
0
0
57774
0
2978
89142
80990
4872
15627
21248
6979
118770
0
0
105249
0
0
0
84997
0
0
41509
39730
0
0
6690
0
95634
126611
0
0
43683
0
0
0
74132
96445
0
73501
0
85993
13440
0
33367
49133
18287
0
111194
0
0
5673
0
0
25115
1294
15097
99690
27257
64127
8347
0
12578
112348
0
52551
0
126806
0
0
0
0
0
31442
7074
26058
12767
14714
0
33795
0
0
40713
0
60392
0
0
84278
0
18423
32313
0
115522
0
0
61064
107029
0
8624
0
120915
0
0
92333
20350
11576
0
0
54692
63497
37843
102608
44313
0
0
58752
0
0
0
37435
0
11831
0
0
8471
78572
26052
0
0
0
24216
43278
23804
47285
0
0
13928
32147
105847
81432
0
38129
49845
61577
0
0
0
0
0
17816
0
121802
95296
0
114004
0
0
0
61243
41346
33086
41299
0
0
0
0
0
94631
0
100518
0
0
48
0
1027
91850
713
105164
0
0
59175
44228
59018
0
35907
16846
0
0
0
0
82730
113663
23126
0
0
7568
74362
0
0
25029
19186
18076
32651
0
117088
115980
42564
5020
0
74522
22202
65888
0
0
93428
0
22619
0
0
0
0
117838
85947
76612
100865
0
0
110997
12974
74502
56009
2208
0
34291
61319
13164
73062
69209
53642
45475
71091
0
34332
0
0
2002
0
89113
0
0
25454
73334
57460
118604
48514
109977
0
61480
0
0
98006
0
96
95201
0
0
106981
0
7303
108011
54599
0
0
52481
17660
0
34053
0
79674
0
53129
5756
0
117679
0
69573
43870
45242
54638
12749
97855
0
60732
0
9479
0
113468
0
71134
0
0
0
1842
14818
0
96129
0
42023
115565
0
0
39373
25323
0
0
4143
13373
0
2545
44304
0
65804
0
6392
0
0
24205
0
0
116844
0
0
1532
12931
0
0
6298
0
6749
0
36640
0
31599
0
0
94013
0
34736
33464
0
3924
113465
0
32454
62458
111077
15143
119471
0
8101
32729
0
0
0
12936
107958
31002
0
0
104753
0
125536
10870
0
30569
56652
0
102802
0
113041
0
12884
91448
0
39327
0
0
101778
93843
0
17137
106761
94889
56089
0
15373
0
0
120719
32132
1374
0
0
0
78233
0
0
27006
0
0
28363
123335
0
1496
39292
9142
0
0
0
4418
46302
91885
0
0
44608
60152
12187
0
0
0
2896
8337
0
35108
37034
0
19353
113306
0
0
94241
14160
58578
8867
30195
0
25948
0
0
0
19453
0
0
0
3346
19093
8662
100651
7785
0
94678
0
0
90497
0
0
0
0
0
113610
0
53153
0
0
90254
0
116461
64768
115422
51086
43485
0
77853
0
0
0
0
0
80509
32206
0
0
14869
0
0
74841
19496
0
0
0
0
92592
53793
0
0
39286
49043
25694
23793
29723
34145
0
0
0
32325
0
0
44118
0
104752
0
17635
0
0
0
99475
7774
0
0
0
4430
0
0
0
0
0
47630
0
88723
53449
10476
0
0
40432
0
0
16748
0
129340
0
0
105355
29249
0
0
46106
17835
19290
110110
15586
0
0
69871
94818
0
13726
128626
414
31813
1117
49933
66281
0
27858
0
0
60777
1806
0
0
123487
105204
39910
112068
10341
0
0
111275
4245
0
0
33752
0
100084
814
0
0
104342
15075
0
90416
78409
26606
44881
91738
0
0
119314
0
0
93793
83886
87991
111806
73674
0
0
107839
119361
0
2656
15311
19946
65173
39431
31355
107463
13674
0
30283
21737
15349
0
0
62048
0
0
4947
38039
0
0
0
85620
11649
37419
0
4933
79212
44720
0
129073
27201
90585
48524
5457
0
0
0
76649
1764
0
4548
17846
0
25397
7870
185
25167
0
0
32205
41343
42861
17547
88937
30709
0
74623
9917
14920
65799
64906
112575
39578
0
23627
0
0
0
0
29092
0
123982
0
0
0
0
0
104555
34718
0
31642
0
0
0
0
0
58428
6807
31556
0
1913
79645
0
10594
41830
0
0
68269
0
13312
60099
21291
88375
0
0
2371
20408
0
0
9942
104606
68812
38447
0
112426
0
52617
128766
0
28167
41866
77908
0
4520
0
85682
54130
128137
0
112975
54277
102666
26606
96628
92315
43602
106813
1620
0
0
0
4472
0
0
0
48338
62136
129204
103547
0
0
47803
125996
111280
0
21389
0
76260
0
3892
45601
118513
0
0
2422
0
7424
0
0
0
0
49562
3161
0
0
0
79683
2709
129613
0
56972
35468
90775
0
13596
19295
67015
121984
0
0
0
39113
18483
7783
0
0
40937
0
0
2598
14246
30018
6329
0
15591
8816
0
0
46913
0
0
0
0
4432
121223
11970
0
0
8323
668
94739
0
20833
76775
0
164
4991
0
0
0
0
0
10292
14539
0
0
27777
0
0
66152
24498
23152
7380
83479
44198
54859
0
62216
8612
35985
72928
0
0
48982
0
0
12199
0
12450
0
0
17002
0
0
0
0
11720
9380
0
0
32332
0
0
0
8074
53164
0
48604
0
0
104938
0
0
0
0
59646
45385
0
0
0
0
0
0
119133
9987
16344
0
0
36926
0
0
0
77982
0
0
17027
82236
0
0
91274
0
76574
64194
5083
114149
10762
37460
0
0
0
121659
11625
0
57037
0
104758
0
106573
0
0
0
0
0
0
11047
0
102763
0
84993
23395
0
0
0
0
4106
25941
0
1669
0
0
108437
25156
90679
0
3372
19395
107099
0
10026
11837
4070
30373
108632
0
1064
0
6531
105046
922
0
1558
0
0
0
13725
0
0
30702
53860
0
8808
0
0
81934
0
29221
0
7169
0
19129
0
0
3081
0
0
94102
0
0
0
0
24799
38280
52563
7431
50666
129833
0
6429
0
35187
0
129821
0
119368
1749
0
0
103134
90904
0
1794
0
0
0
0
101954
97870
0
0
0
50275
0
0
0
40298
118683
14072
0
25710
90245
0
19366
0
104239
0
0
0
0
0
0
38822
87223
15007
0
0
0
0
35618
124194
33703
64069
118292
44524
0
0
0
0
0
0
0
83726
0
78511
0
0
23687
0
0
0
0
15637
1059
0
0
0
0
0
125070
0
0
0
0
99816
0
0
0
0
99761
0
37469
101789
22228
0
101267
0
0
45091
26702
110683
0
80980
0
0
0
78620
0
35572
4521
0
2074
72067
0
20100
0
16355
2758
0
27134
91187
1462
128568
3505
0
40629
25623
0
0
0
0
0
53515
1879
0
37688
68109
0
17020
0
0
31667
46321
0
12401
12716
0
0
0
5084
61794
0
32524
21091
0
54570
111850
0
97583
563
0
0
103921
0
41685
114946
0
83669
0
0
0
92601
0
13080
0
29710
0
0
18992
13067
0
0
1103
0
95823
0
70757
61654
24462
0
110616
49122
70343
0
35853
0
0
29491
42324
0
0
45258
8644
0
101321
43159
112912
0
62169
6742
1865
17164
0
0
64295
59242
7695
0
46718
0
0
3413
1573
23324
0
0
18051
44200
0
0
0
0
37998
11646
99614
0
0
0
337
0
61776
3865
0
0
29481
65624
0
0
5219
4830
0
0
0
32780
0
54463
64496
111411
63623
0
6036
0
33862
0
22626
38316
23004
0
0
71258
0
71855
0
0
0
86493
11115
0
121486
0
0
4934
0
51887
0
65170
0
0
79742
473
0
45379
0
59198
0
5943
65059
0
0
0
0
0
0
66110
44437
27673
15430
0
4139
113464
0
0
68218
4155
35848
78135
24594
52646
0
33167
0
0
6479
20203
0
0
12624
0
3947
72539
10597
805
12410
3335
126138
19077
127087
0
0
33608
0
93197
19195
0
76616
0
0
117361
0
69369
121979
0
83343
6045
16171
0
7330
52450
0
0
0
29925
341
0
111799
0
30267
10783
97384
0
77174
0
24039
122812
85634
4318
11061
0
0
0
75875
0
0
100818
0
0
2793
35112
4226
23915
29838
0
32245
0
82024
76891
0
0
0
112917
0
0
79488
15240
4563
0
0
118562
6868
0
7441
0
107523
0
2863
0
0
18837
120194
0
0
61065
0
21543
1794
0
0
0
0
0
0
32098
0
29592
58033
81896
79273
0
0
0
92556
80171
18429
0
0
0
0
0
0
10270
50685
103937
0
17371
98634
0
94007
33470
0
112728
1462
93404
0
105653
0
0
0
69866
0
74802
0
16699
2972
47041
0
0
34561
2804
0
93441
43356
2744
16718
60446
23410
54498
0
0
0
41622
0
26095
0
0
105199
21070
8371
98433
0
84998
0
0
39034
24582
59637
0
62146
21193
0
69283
71631
29629
0
0
0
25541
0
20899
128347
0
44169
0
51268
7898
0
0
46640
100694
0
0
92280
96148
55223
123638
176
3305
0
1007
0
0
0
0
97393
0
0
0
36389
0
28386
0
0
35671
0
0
0
0
0
0
117284
41960
45701
1557
0
11902
16846
11832
33082
0
0
0
19427
0
87281
0
0
31237
0
98310
0
54707
0
0
0
64547
46676
25581
0
0
0
48571
0
87950
79616
21835
3240
6055
0
0
8655
0
60025
76942
0
0
5779
0
5736
43487
0
73643
4248
0
0
0
31466
0
0
0
0
0
104233
8802
20932
32347
0
0
46652
4969
0
0
2666
0
111825
36485
74420
0
19598
48707
0
0
1943
125392
91045
0
110230
0
11908
2268
102530
1587
0
103403
0
0
2093
104310
0
3012
47524
34953
0
67265
12344
119436
12967
8251
0
84906
0
0
522
0
94412
0
0
42253
2528
0
0
47811
34876
51225
0
31735
121458
66050
105764
50650
0
72742
0
51055
0
101688
0
15698
3071
0
2264
0
0
0
0
0
81218
39145
0
0
26302
0
0
0
0
0
34089
64623
0
15461
0
42949
0
865
0
46824
49411
2978
0
0
0
106506
28082
0
0
4440
0
78035
59789
0
29260
2515
31356
109555
57132
86887
0
25288
0
0
0
73187
13702
0
21565
107480
0
0
33230
2779
0
0
0
0
10331
70614
0
0
113034
17619
38926
34631
39136
53488
0
45077
0
54116
33973
61781
53517
0
65401
0
0
639
0
0
0
86421
0
28895
81394
48349
41759
17979
0
3601
0
0
50132
127422
2384
0
117334
115825
9253
0
0
0
31541
70789
49575
0
97248
0
0
63578
79546
0
0
0
0
0
16939
0
72233
30138
0
500
0
0
0
91884
0
2296
2161
31244
0
52141
77101
13760
0
33043
0
0
0
49486
12004
36899
0
0
0
68654
0
0
12728
104012
3281
10193
23813
84396
49502
42460
58339
0
0
0
0
0
0
113334
0
116157
0
26448
86052
0
0
65687
0
0
24016
0
9991
91901
0
0
16642
0
0
0
111986
0
0
29213
0
0
0
23626
107644
0
64915
0
109713
0
66237
25289
108091
0
113355
0
0
0
0
76499
31550
44976
89938
31305
0
108508
35528
0
111831
0
129447
16072
13735
0
0
0
30054
21613
128397
28604
0
0
0
95585
0
16878
0
55154
0
58709
101676
3745
4359
6806
0
0
0
128958
13107
11753
126270
0
30134
0
46271
335
0
0
0
26466
57433
97913
12484
0
33008
121041
52566
0
0
0
0
0
65649
785
46040
0
21908
14433
118144
8571
24096
0
50181
22001
68945
113859
102539
6665
0
74502
0
0
0
0
79314
0
12461
0
37051
64767
22967
0
124254
48338
1971
116533
9620
0
22912
0
8480
30194
2434
0
97033
0
29344
51753
0
0
15747
42293
31474
46427
13253
0
0
0
11064
5105
0
12811
39052
0
0
2184
0
67328
69803
35940
86843
81061
423
829
0
127251
0
9731
0
129446
8668
0
76767
0
0
103030
0
64631
0
4941
3164
3747
0
7753
69564
0
128433
41905
0
14788
0
0
0
37376
29356
6366
0
0
11861
0
0
0
0
16966
28017
0
0
45887
0
0
0
43459
0
40310
45508
0
0
26330
112471
49185
0
0
47829
15267
0
26878
110906
0
90248
0
25321
28369
21450
83495
32300
120629
9063
0
0
82066
123169
0
44616
0
11306
91671
5784
28313
44382
55437
0
124609
30466
24606
52454
50577
0
0
0
57960
90420
937
0
4655
45274
0
93630
37206
3242
0
8692
28022
8004
0
29671
10450
128210
39779
0
0
87176
0
0
0
0
24228
2385
90930
0
16793
0
81666
5947
0
13286
32053
8115
90341
9741
51460
124502
42239
8331
12215
0
99606
70736
14439
29029
104130
0
114716
0
0
111137
26178
0
0
64071
0
3591
96351
0
0
13921
0
0
0
0
0
0
0
16588
0
0
127831
0
0
36999
72658
0
23125
2418
32283
5956
0
0
35627
70767
0
0
959
0
74424
20725
30773
0
43785
81241
56075
0
0
39025
30237
0
0
9405
0
101488
61298
0
54942
0
0
0
127234
18405
0
0
0
17315
93909
0
74351
3512
0
50959
0
47852
11431
0
0
14724
22039
15891
29230
0
18986
0
33040
76718
10001
0
27043
52279
25859
47421
0
4202
64185
68383
0
9392
0
0
0
0
106400
0
70173
32583
2002
0
0
16138
35201
116545
22130
0
4332
50132
35187
0
0
0
0
49817
0
5991
0
0
96625
81336
105322
73753
0
12331
127681
44117
17458
0
0
11568
109523
1167
60561
48800
0
0
0
105911
0
52510
0
18454
0
1909
45744
82595
0
61180
0
0
92006
82872
119449
28213
35075
0
18446
12301
11243
34994
128055
20956
53926
7517
4317
65494
24013
0
78421
28229
65757
0
0
0
20324
0
33407
0
0
13346
8547
123296
0
116258
0
83898
4628
0
16189
22438
94856
0
73174
0
0
0
22869
65334
0
117331
7782
0
27023
0
0
48521
49595
0
57728
84349
129632
0
76583
0
0
0
13416
0
0
0
0
47767
75354
0
0
0
0
62518
88909
73818
51578
0
0
66797
38405
73788
0
0
50703
127415
10377
12938
3218
1881
0
29455
0
129291
0
12145
0
0
90820
0
0
29177
0
0
89705
127143
56806
15287
0
13646
32799
3230
0
0
0
0
0
0
66985
0
1177
0
0
0
14045
0
23852
0
58716
41607
0
0
0
83236
14312
0
86453
0
0
0
36824
0
22629
1790
0
0
0
48209
2057
0
0
55471
0
0
0
0
4541
0
0
0
0
0
51011
0
12305
0
0
0
0
0
49466
0
0
109096
8445
3602
18527
0
3983
15283
0
19417
0
0
22679
0
0
0
0
112499
2992
12346
0
60914
0
0
0
37535
44393
0
100496
23025
0
42426
115376
0
0
0
0
0
33216
0
55452
0
82854
45789
22052
16410
79801
0
0
18164
0
0
28608
1141
8759
11171
127912
0
7079
0
29283
0
0
0
42782
117734
87662
0
0
0
0
59088
123537
0
0
37286
0
0
0
0
106524
0
19181
81221
19152
0
0
81204
0
11980
58977
0
0
0
0
0
0
12568
32558
129288
0
22143
0
50742
0
0
10375
0
16684
56973
0
71571
0
0
32602
123318
46557
0
87117
20175
64903
86835
12674
0
90644
0
126685
114049
0
12609
30463
0
0
24359
0
50360
0
66486
70885
0
0
1168
0
65322
127246
21656
23108
89845
0
1175
127025
0
129387
59596
0
0
103090
18257
4170
121186
0
0
16854
0
14067
66573
31460
87772
108779
65667
0
0
0
5303
11864
0
0
0
4768
0
0
48531
5159
40116
7806
35399
0
0
86955
0
0
0
108211
0
24761
31847
48918
57235
0
0
0
49528
0
0
58596
66075
112687
11762
0
0
10530
115025
0
25960
0
0
56798
111789
3308
52083
0
0
123609
71570
0
36717
0
0
111278
17871
0
0
16562
113767
3433
0
0
0
61685
2973
123305
40912
504
0
37645
0
61029
0
67538
0
0
0
67471
14709
0
0
67479
0
41560
0
30031
87249
0
7219
0
13552
9559
124897
38284
0
59267
0
0
0
69856
52876
17428
0
93505
66948
4667
96514
3712
94741
0
46468
40095
111172
40676
14424
106223
0
0
12375
1613
0
0
103782
0
18696
129755
20397
0
0
57406
53518
0
52724
108578
0
65263
9864
0
0
0
17039
100230
50066
28440
0
4550
18062
0
0
116766
70768
15798
0
116056
0
30040
104252
4338
0
99549
0
26299
0
52923
0
49209
0
0
0
109832
25998
0
99562
43250
0
74458
38602
0
0
0
3638
4496
5670
0
51406
12324
16751
0
0
0
104387
0
0
35268
13759
37722
0
19464
0
0
0
0
0
0
0
99702
0
0
2748
0
49095
9382
0
4477
9294
8474
1801
0
0
0
0
0
128801
52722
0
0
0
77461
76773
72679
97176
115719
96399
0
103236
0
34495
0
72184
101233
41723
562
0
71561
31829
37543
0
0
67820
93571
1329
84290
0
49544
0
128980
96644
2168
49760
7396
24539
0
0
7053
5159
1821
78769
0
0
0
58191
17319
0
2214
0
0
66422
61635
0
50850
47589
10800
0
113295
0
5391
72210
0
2039
69050
16298
350
0
0
19541
0
0
0
0
8947
6286
47261
0
92030
62157
18212
0
0
0
73454
0
0
0
0
0
0
87110
0
0
0
0
0
81613
55929
10531
7407
0
36528
41282
0
0
0
41183
3193
42854
0
0
59486
0
5254
800
11193
63
0
0
87380
0
0
73742
111651
44984
48757
0
114563
0
37119
0
0
0
0
0
12911
13865
0
0
0
23345
30570
14908
0
100771
0
71276
3648
0
0
0
35130
47418
0
46957
0
32845
47198
0
0
0
55965
0
13394
0
0
0
0
0
87397
32972
65720
0
15933
0
32235
0
14257
81756
0
120977
0
0
0
57230
60213
128662
97001
0
27491
0
89455
121030
96518
13393
104942
42944
0
0
7286
87288
0
0
0
0
121174
0
0
17121
0
0
0
0
0
0
0
0
0
0
116726
0
109291
8182
110752
0
19907
44553
0
16157
0
83644
91133
0
128255
34705
94227
0
0
33507
23587
0
21018
0
70975
0
128930
98116
0
20397
5495
121024
0
0
0
34674
37610
45577
0
34153
0
0
105631
122395
0
83329
0
98593
0
0
1080
0
0
25959
36126
0
0
29932
20882
0
0
64836
38510
0
63019
0
2959
5902
0
0
112695
0
3599
0
70098
0
0
0
69899
11692
124009
0
15850
0
0
0
54506
0
7572
119871
107622
19680
0
91689
0
16283
0
0
64515
0
0
0
0
95374
0
0
0
0
0
0
0
0
75406
79295
0
71905
2755
5213
0
129475
99268
16642
9422
38527
0
60755
58241
0
0
7757
27112
0
39825
0
0
36773
0
0
120806
94791
120715
49812
100734
0
88224
74355
0
3259
36046
0
75726
0
0
56366
0
11148
0
0
23921
5637
8837
0
0
53858
23277
16657
53829
0
0
35557
100149
13116
14182
60114
57882
0
27453
33702
18673
1099
0
0
3577
45750
0
75714
15461
0
0
0
71847
0
0
18966
109539
46046
0
8175
0
41242
0
0
88347
0
29840
75413
0
85750
0
35017
0
0
89860
0
107128
0
0
64426
1970
0
25631
111747
17691
0
74066
12985
60217
8960
69113
0
0
0
65714
0
86955
32547
0
0
6371
23893
0
36984
0
107392
72203
86200
0
47236
257
13720
0
10994
0
21766
22656
107998
103752
27188
0
3557
43691
39549
22450
106455
89933
0
7045
4067
0
46154
814
8592
39511
20777
0
0
0
124314
0
0
35072
46608
117443
95713
53315
71511
0
0
10928
0
0
0
0
0
15583
14971
115928
0
0
14041
15725
0
17064
0
0
111615
75599
0
11158
55843
0
51549
0
0
0
0
0
0
23290
121155
8377
128562
3466
108205
10749
0
0
1519
44330
0
78969
0
9328
7173
0
0
0
0
0
0
0
0
21254
15868
0
0
0
0
38871
0
54458
57214
5661
57813
0
3207
24761
4026
0
5355
62093
119109
52794
0
3091
8355
0
99780
0
7754
85674
61616
0
20061
7572
0
63989
10289
75672
0
0
0
26767
0
52674
34561
4672
26929
0
126791
33399
0
120736
19965
125746
11319
62419
48244
15939
46700
0
0
28229
7921
26565
0
0
78977
0
25311
0
66272
0
0
0
0
713
0
0
0
0
55
7483
2474
43630
791
0
0
0
0
45094
0
130
35407
0
7458
7056
78902
0
0
29611
42017
0
53967
23799
49830
29297
1581
0
25449
48286
0
71570
0
24228
94230
1873
0
42086
0
0
10406
60799
0
6274
0
50295
0
0
1083
0
3272
0
104960
0
12057
0
113815
17283
37579
17265
0
0
13424
0
0
0
0
218
51599
0
0
0
64704
34191
77138
0
0
0
106056
0
4009
6435
0
119057
7580
0
76454
2875
28418
0
15539
0
0
44506
78514
2311
0
6389
0
0
9616
913
0
0
0
0
104975
0
53303
73189
8824
41355
0
18960
0
0
0
0
48892
45887
0
0
49213
41028
114228
7397
40376
0
34012
0
0
0
0
6430
0
50408
24520
37676
127061
28149
15110
0
95377
0
10652
0
0
102829
3972
2727
5887
0
0
0
0
41953
0
0
0
0
0
32543
90957
0
0
0
0
89279
0
111891
22296
0
45290
52436
865
0
0
1156
0
29032
118408
24779
36763
0
70563
82670
53577
37554
11761
5786
41364
0
25624
13840
18439
111782
0
21368
0
13532
0
0
0
2628
121672
80072
0
106843
0
6363
99413
89659
89411
16317
0
7052
88374
0
29892
13294
9572
117774
4699
2545
0
0
0
0
58092
0
0
0
91000
3141
92100
54773
0
2013
113817
82417
0
66899
0
0
85216
0
90677
19497
0
0
16291
17796
10507
17973
0
0
6200
5517
41436
0
92826
0
0
0
0
0
26485
37228
1340
0
8845
10913
0
0
9600
11702
4681
39695
74587
2362
0
0
24197
0
0
79691
56904
0
50213
0
0
48312
0
0
0
0
0
6572
0
64268
0
4735
0
60253
0
85782
0
0
0
0
0
0
0
0
0
118375
0
87686
12099
62182
129061
56751
0
8902
53110
116444
8351
603
119928
58901
22286
0
78720
8885
127860
0
35266
76928
3937
43449
76006
0
86026
0
43499
0
61470
85715
0
74143
0
0
11171
19804
15885
0
85242
0
115981
0
15575
0
0
53416
34803
117144
0
64414
0
0
0
0
27546
115062
0
10422
109738
122567
0
0
2947
110612
0
0
68058
18537
122855
0
95659
89705
5819
106155
0
0
8489
43527
0
0
26519
27528
0
0
52857
102342
22495
75134
0
0
0
0
12095
39779
0
0
0
0
89105
1113
0
0
0
0
0
49280
0
0
0
36947
73640
0
0
36404
83797
0
59220
0
0
17006
88833
0
0
0
2785
0
0
0
111319
0
0
77485
106183
0
118634
13342
50321
0
44691
59167
0
115578
118669
0
0
129435
27263
0
0
33630
33993
93316
0
0
0
62844
0
11673
0
6446
0
95032
0
129934
0
0
7688
43866
3770
89868
53741
0
35725
0
0
39207
0
6142
57161
0
0
56148
0
0
0
0
0
22844
3645
34153
0
40769
5971
1751
1905
37405
0
0
0
0
43248
2145
0
0
0
0
0
0
19286
0
0
56755
78311
0
35149
91259
0
28474
4729
0
125850
6412
0
19112
15284
0
115849
67823
103414
68337
0
8820
111055
0
100610
0
0
0
99329
0
44188
12111
74606
63515
7014
0
0
0
40844
80151
40803
0
0
0
57443
0
0
10730
54584
66331
0
0
0
7192
0
28249
0
0
112553
0
65754
0
0
0
469
0
0
82496
98851
4422
0
0
26359
0
0
129378
0
37553
0
0
0
95181
117485
47042
20278
1473
109032
0
21049
0
36591
16041
2554
3623
0
0
0
7053
0
62210
0
0
46094
93575
27040
89051
100407
0
0
19176
94305
97722
67428
53933
76297
0
0
0
0
0
9055
0
80096
0
0
581
7269
15133
71330
66048
0
92751
2203
0
0
90349
17126
0
0
0
2906
28997
27029
0
0
24354
0
100202
53914
23633
23525
0
0
25761
0
0
0
2262
0
0
24398
29643
44000
0
26086
102124
17405
14321
43038
29664
81605
37625
6574
1715
35701
98213
0
20723
6361
52406
0
0
12288
58169
0
0
0
75493
62387
2392
29779
0
0
0
4401
0
5914
60838
0
10503
104343
80141
85736
103524
10413
4911
6655
0
0
11658
0
0
1269
0
0
745
0
17093
0
36542
0
0
0
0
0
126622
88326
79853
0
77564
24177
27494
0
104937
40267
0
0
0
19787
57039
0
0
31418
0
0
14031
7092
0
0
0
0
0
5227
0
1713
13254
110034
0
91854
0
68388
0
0
0
0
39768
23049
128514
0
40896
9446
0
0
0
0
0
31841
0
0
0
0
4847
0
62969
0
84612
0
69923
7140
53726
5437
0
0
93764
0
0
1489
97893
104179
49618
1985
9429
0
0
0
19451
0
119557
3792
0
114311
0
0
6114
91119
10738
19672
0
0
3118
0
43663
9186
5306
87695
114842
109755
0
12088
0
0
64943
82942
0
38521
0
0
104129
96578
0
33487
89532
29483
0
27675
0
0
70733
0
0
0
0
117542
0
0
0
10657
0
0
2177
0
39559
0
0
0
44886
79644
0
72937
109038
0
0
111807
517
0
0
85288
0
3368
0
0
0
0
0
0
36914
16181
0
17158
78723
0
0
46424
18190
0
0
0
0
0
0
0
97993
9240
99732
0
31131
0
65852
10289
0
94193
0
0
2217
2307
0
52235
0
0
129607
0
76751
0
98737
74518
29759
41923
0
0
36594
0
0
0
0
94306
2402
79628
0
6378
64153
78974
0
1041
93128
0
0
12273
0
122380
0
0
0
61580
66668
117519
0
0
71243
25917
59362
0
16354
43805
0
86293
94801
114187
10525
0
49112
111871
94539
24752
9526
39453
85444
1846
0
0
119177
0
91196
54892
44566
4419
122285
0
17580
31810
122117
0
627
0
0
0
0
31343
0
533
0
1044
0
37678
0
0
0
0
128075
121588
19539
0
65193
3161
3298
0
127671
0
0
70421
1610
105010
0
0
14699
93945
10040
0
121384
0
103229
0
0
116982
16843
89123
0
13504
48625
13100
0
70291
125470
76276
0
33532
0
1115
54703
0
0
0
4366
46069
108474
0
57350
0
19701
0
48555
70203
0
86405
0
0
51001
9508
56627
5018
0
128353
41122
0
0
90140
0
80596
19708
123129
0
76054
82901
0
0
15312
51607
0
4331
0
0
15084
0
0
12557
5081
0
31263
2082
100357
34746
0
36457
0
5387
1421
584
13488
12464
0
101964
0
0
0
97036
6346
0
26562
29374
19127
0
23039
0
61210
110650
0
1068
108330
0
30359
24953
480
0
24122
0
76454
10939
0
93885
120325
0
0
43636
0
10517
2981
28055
0
11752
68535
7467
47555
0
0
0
44104
0
0
0
4808
108224
61628
8204
35390
0
0
49458
113978
0
0
0
21647
0
0
3623
0
29414
0
0
0
0
0
0
0
0
58865
0
0
0
0
7240
0
0
111555
126931
0
0
6457
2880
0
0
67541
0
0
20018
0
0
112648
0
84251
128049
45332
71236
0
0
87050
115378
86502
0
92504
0
0
67289
0
0
47363
117879
54430
14722
0
0
0
41725
61308
0
104906
100977
39442
24224
0
0
0
84479
96741
23997
0
6381
0
91943
2680
103319
57623
0
6204
0
28290
64835
34233
10524
104481
17033
0
0
0
0
0
6666
0
0
0
0
19693
28693
0
0
0
4781
0
973
0
3194
42772
82014
113567
0
0
9480
23813
0
0
8140
53790
55121
0
0
19131
41400
85861
73909
83054
0
78209
72496
15932
0
0
0
23946
0
0
0
37908
0
56028
0
2178
14065
2883
87187
1674
55485
0
83013
63518
0
0
0
107709
23052
0
117127
11472
86929
2214
47051
0
328
73203
0
6202
1601
60011
95089
4944
93242
0
42193
112977
2352
0
52097
31587
18103
0
0
565
0
39634
0
0
53143
55587
4568
0
0
0
453
0
0
0
1385
112069
1948
0
0
6191
42091
0
0
82829
0
0
15095
61068
0
84744
0
56493
0
0
0
117170
57433
0
22613
107539
7837
0
0
0
0
0
107596
0
14376
23253
11409
18497
99066
16286
0
0
94785
0
0
120439
0
30544
150
0
0
28178
0
11549
0
0
104487
12894
0
13613
120234
0
0
0
18739
95587
0
7811
55337
0
24189
97182
0
0
43270
37237
53893
121056
74974
7523
0
0
27903
0
6374
0
0
0
115814
3781
76220
0
75496
38657
44426
29041
129761
0
0
0
0
66858
37851
1207
46969
101668
19736
0
84812
16771
93485
30895
66464
0
0
109482
0
9723
52131
0
0
33216
5638
0
4860
10203
0
0
126605
0
119835
0
0
0
8394
0
74123
8881
1271
0
4433
7490
60684
76598
111596
53467
0
18912
107140
41458
0
0
0
17112
27969
1151
56735
6698
29453
41686
0
76477
9222
0
10210
0
106868
94124
0
0
0
0
0
0
53175
0
11637
0
74659
72783
89164
10346
3954
0
0
3838
0
16490
0
0
44371
0
86089
0
0
0
0
158
95016
93637
36566
307
11398
5283
0
0
0
0
99719
39158
0
20679
0
10133
0
0
0
25661
0
67607
92911
0
37671
0
7611
13411
28442
26206
0
0
0
16804
0
109705
0
0
25895
0
23191
36830
121822
97852
126831
57590
0
47092
64044
0
2334
2173
0
0
58386
91752
0
38295
22487
59838
0
0
53556
19460
38015
0
0
0
0
2763
5279
90553
0
111168
0
0
0
19390
51311
0
17445
51650
43088
10491
11540
0
0
33436
0
87132
33129
0
0
19904
0
0
0
32701
0
0
111282
95498
0
0
0
757
0
102870
0
0
55450
70866
0
0
5323
0
6267
31225
0
872
43932
32658
15663
5697
67357
0
989
80825
93640
57133
64089
125285
109072
0
4533
0
0
95456
0
2798
0
16914
0
52863
43035
22089
48662
0
123775
0
58480
107767
0
9306
14584
113211
0
65024
8003
3314
0
63977
0
120057
0
66525
0
18664
19183
7252
1834
122029
95845
0
0
21666
23462
0
73307
65916
110061
78902
22427
0
2522
121048
49539
52684
31095
0
81211
74891
56471
0
34139
0
0
0
0
0
21012
0
0
25351
0
0
0
0
0
37934
0
36201
12482
95133
2834
55694
0
62873
0
4709
0
0
33199
0
0
33855
0
0
0
0
92243
0
650
0
0
42024
111934
0
0
55786
0
0
0
5882
60566
14524
94612
0
92622
0
6488
17269
0
0
96295
61328
28909
0
80979
15671
12022
36579
23604
0
120216
116244
16015
11998
0
45226
42425
64491
0
0
48404
0
9201
0
0
111343
0
2708
0
32142
26448
64331
35843
1676
15948
0
0
0
105204
0
0
0
15918
74367
0
42235
415
0
51695
0
0
0
0
22935
0
0
124083
76550
99107
6054
9563
15727
0
23028
11316
0
0
0
0
14571
0
0
0
93071
96483
0
40579
82425
0
0
0
0
14585
0
9249
65656
49273
29894
92168
49139
0
46036
16814
16249
0
120102
0
52555
0
54969
34277
0
0
4053
119111
0
82874
0
0
0
0
0
0
0
92705
8970
102995
90533
1166
24816
0
1152
0
0
112790
0
29162
59032
34060
57916
41378
0
5877
0
0
121057
41554
0
0
0
17224
85168
72313
0
109130
0
49449
31686
0
74728
0
1274
0
0
0
16769
102328
111897
43478
94730
0
0
4226
0
40512
114658
993
0
0
82453
0
17177
0
0
126560
0
0
0
17695
0
0
67725
0
28991
59047
0
60938
16916
2764
124334
0
15586
40019
0
75129
0
50716
119413
61855
0
0
0
0
12086
0
0
1976
28119
31357
0
111596
15670
96770
0
2211
83355
9483
8070
9095
1982
86648
93684
10184
32564
0
0
63935
30563
63860
0
0
0
38096
0
43513
0
10181
0
0
75789
0
65934
10658
20223
0
0
0
5773
4073
36206
16644
0
53632
0
3426
0
0
96397
0
0
0
0
0
104258
0
37116
0
0
77592
1345
0
0
53594
9245
0
85864
0
0
0
0
0
0
57743
0
0
4028
0
12711
0
3834
59962
924
100343
36809
0
28940
34594
0
129121
17986
13383
0
0
85764
0
0
0
0
43655
0
87791
107241
0
0
0
127155
24244
57571
9082
0
59827
0
35208
0
100680
0
0
62781
58331
72061
16403
5963
0
0
112424
0
53357
0
0
60545
13208
9545
0
32668
0
104140
86824
4989
0
0
126754
0
0
0
0
8799
25971
46188
19805
0
93344
10714
0
86304
41933
30772
3708
0
0
34329
95402
32015
0
0
0
0
0
0
28474
126074
0
0
8621
86947
0
0
0
0
0
15090
82165
125316
74025
0
16694
0
122959
0
0
0
4333
11383
0
123427
104671
42661
413
26875
59969
0
0
0
0
0
0
64235
16797
46485
13308
0
0
13302
28222
0
79059
109412
0
0
115900
101364
4458
89799
0
0
12552
0
0
0
84877
12222
21209
0
0
0
66028
24766
0
5478
65577
1112
11003
87027
66000
0
2695
70086
0
23749
0
6823
0
790
20962
61809
0
26528
39933
376
0
101799
0
22134
0
0
0
95049
0
0
70461
92
45030
18655
117651
19030
0
121409
34153
10277
20709
0
0
39731
13628
119821
12763
0
0
0
13639
0
19251
0
0
0
7522
6764
7884
10468
11575
0
69
0
4082
109485
0
0
1609
2466
14937
0
11688
0
31612
44116
2535
0
0
0
0
0
0
0
0
18876
0
0
7653
108196
0
20996
9289
44582
0
27800
0
3450
0
0
0
0
77504
0
0
67576
10166
23372
113059
0
33658
20684
0
58469
0
0
9823
46677
10560
0
0
37382
70535
45568
6335
118808
48172
90076
0
115889
6972
0
31984
0
0
46878
0
0
37754
112546
0
0
0
24645
0
120340
13682
94965
69687
1234
0
0
0
0
94858
11884
73505
120622
0
28928
4739
73653
0
0
0
86603
0
0
28948
2312
27630
54980
0
27877
101937
123091
2975
0
0
23759
0
0
1637
55187
327
0
0
49629
58294
24326
24664
0
46576
91652
3480
75203
19104
48014
0
0
40374
0
0
28301
0
0
0
0
0
112796
7570
52508
110573
0
0
90487
0
0
83977
2526
4438
77006
78924
41900
11979
42712
5011
0
33550
0
0
0
0
52548
0
0
0
9287
44229
23147
3422
0
56872
13573
16314
92376
0
0
112387
97054
0
10868
0
75185
0
57693
0
0
3497
6837
0
11798
0
0
13281
0
76289
0
16217
0
103279
32584
81472
97414
0
0
78950
0
35575
0
0
22920
0
0
0
37206
12462
8853
13259
15391
21393
0
911
610
0
37838
1271
58729
98377
0
31051
16908
0
40456
52767
0
16632
55680
83971
544
0
17637
0
0
0
0
0
0
0
0
94901
22665
73741
0
27579
4551
5520
0
2550
0
46203
0
0
12072
43010
0
0
0
0
0
63144
76580
0
0
105920
2952
0
35428
45285
32004
81872
0
0
2518
0
29323
0
0
102550
0
29054
0
12310
60200
84643
43068
0
115
401
0
0
97164
9263
60012
75079
0
111306
0
36561
12068
55644
0
0
80330
27219
0
0
61715
0
0
92533
69409
0
120113
0
22800
0
0
0
71313
0
0
0
0
0
0
71324
94347
43048
28862
0
0
0
0
0
22658
0
0
97437
0
0
0
12826
7887
1515
114689
0
0
0
0
0
54480
1420
0
18153
0
0
62563
82451
16263
0
10372
27515
70500
7846
81076
64562
0
67036
103380
14948
0
0
37852
0
33972
61522
20941
4677
25421
39692
114680
7222
127128
61789
97624
100057
60100
0
92114
0
107536
44432
39835
0
0
0
10357
2203
0
3395
0
0
63726
40534
0
0
0
69674
12385
43816
34094
89131
0
0
85964
10675
60459
0
62166
17361
31096
0
25016
32198
0
4344
17426
62256
19348
0
0
26921
0
0
0
0
88170
48540
4262
0
0
9266
0
55308
91348
0
2364
0
21924
10952
48359
89897
0
100631
91872
0
50453
0
29548
40557
0
0
0
21623
28143
28202
31931
83658
66773
573
16459
0
18054
0
41748
0
0
12166
100473
116008
32378
93248
12116
26063
0
2794
0
0
0
0
86009
29415
0
71779
0
7527
85466
0
13297
0
9409
0
1656
100459
0
16047
0
0
109419
0
115309
8974
22998
0
0
22944
126031
3651
0
0
0
60692
32219
89444
577
0
98653
7617
3104
62084
38487
1131
0
0
63286
0
96904
0
0
0
0
38414
46458
0
0
0
19033
0
0
0
0
0
126065
5385
36416
0
104652
50584
0
0
0
0
51976
103140
52
0
84884
0
0
0
0
0
113819
0
0
6861
117047
76086
72725
16497
0
54401
0
7289
87560
0
0
73480
0
126383
23846
15304
96362
0
27006
78946
0
93112
10105
124459
5855
20995
26537
8898
0
72270
0
0
0
0
0
0
0
0
111182
0
22378
34961
24805
3209
124353
808
2239
0
9739
8257
25608
18671
0
0
0
6935
13738
47794
0
0
603
0
102536
3282
93585
6005
64785
73189
95810
0
0
48150
0
0
5800
0
19707
23086
84695
0
0
0
0
0
0
0
971
53347
120760
0
92704
0
27900
10158
126612
0
16938
0
49942
0
0
0
8000
116194
0
0
118519
38763
0
0
87486
70906
0
0
5685
75476
0
0
106599
1216
0
47142
0
34835
71387
40859
0
82519
40183
92739
1658
86052
18769
0
10515
7523
19345
0
0
0
27082
22396
58044
0
34543
65775
45444
0
0
90931
0
0
0
0
51485
80731
4813
123048
10264
17900
17423
1531
0
10101
43126
51674
15163
127266
96531
46850
52142
22821
123190
124643
8451
0
31648
0
3346
36717
40580
47844
21526
84790
0
0
126455
0
48872
0
0
29965
0
0
0
41023
3643
0
25574
0
0
79332
0
0
96168
0
0
57011
21357
0
0
0
0
28992
0
108230
122828
13756
17293
81286
0
0
72642
0
84710
0
91862
37131
89164
347
0
0
0
0
0
29451
34876
45684
1833
4139
22300
92671
67882
79580
1788
97611
0
44831
0
75525
25851
37427
0
0
18716
32799
33344
0
0
0
110520
0
16568
20499
20363
0
0
0
0
0
0
0
8164
0
127496
2850
80275
0
23746
0
15976
8671
126075
0
14762
31650
0
30232
23232
0
114007
0
0
0
0
31619
0
0
109314
0
13041
29115
0
0
0
0
0
51257
3414
35947
17896
85787
31585
8602
0
6465
0
0
44743
61221
0
13678
16893
3086
57349
61425
76980
0
105887
0
70767
0
41274
0
6998
32519
39546
21653
0
32641
0
0
0
0
0
951
0
6267
20798
0
101204
0
0
67962
52511
0
0
13074
62682
0
50112
9332
0
0
59592
52172
12041
40091
0
121595
0
0
0
0
19423
16218
0
0
5148
48371
9585
32726
0
3616
0
43646
27552
41734
0
0
0
0
0
0
128686
98294
0
91940
0
85409
0
0
76642
96978
0
4833
0
0
0
117364
0
0
0
0
0
0
0
18611
93780
0
0
87240
74461
10239
2518
71050
0
8043
0
28716
0
121030
36962
62603
0
0
28740
115171
62217
0
0
14528
0
0
93892
77963
109810
0
0
0
2615
71272
126866
0
0
36057
0
0
0
0
2128
0
0
0
0
66630
7897
9844
0
112975
22574
0
19638
0
0
21739
11093
378
15533
113856
0
0
91593
654
0
0
0
45369
0
0
111837
0
0
3183
92666
79997
40237
10900
50291
0
0
25776
7971
109715
0
30364
0
0
91863
94233
74908
0
0
75408
0
0
24336
59945
0
0
30518
0
105344
10161
0
0
0
10586
0
0
25634
3231
0
1114
2023
0
54
0
71312
0
0
0
0
8806
0
25415
0
6877
18292
7782
2104
0
0
125294
0
0
48269
14580
49088
67672
75832
62763
0
0
91759
0
7777
0
0
127598
129716
0
7639
7299
69655
0
0
10617
0
56644
0
84948
0
0
0
30159
6075
96266
57184
0
34321
63262
22750
39380
0
0
114866
0
0
69448
67418
24874
60774
69345
0
0
0
0
55985
0
41815
0
0
0
0
100163
45737
86165
0
123000
762
106000
0
0
1402
108807
0
0
0
9828
1654
0
22761
10583
0
10556
0
23427
105257
26261
0
126845
0
99448
84318
4288
118607
0
0
25766
0
0
0
0
0
0
39310
13180
0
7383
57038
51563
48871
13273
0
0
91060
0
48490
20145
14594
107146
10888
0
6785
30275
0
70598
116733
1427
47894
62777
0
0
0
54419
44859
0
93072
127362
0
114886
47742
71133
0
36925
80459
65256
0
100003
0
65453
81116
0
14059
20820
14629
4344
0
119447
414
119325
0
0
113688
23633
22235
0
97808
0
65274
67907
0
0
47087
59222
109166
41461
0
12771
95710
27609
108720
0
58820
0
11127
47686
15397
0
49533
0
0
0
0
78094
22669
52596
0
1058
0
12455
115618
63924
0
0
48237
0
66934
0
0
0
7610
86338
0
0
0
33937
71004
11886
120964
127015
86505
0
76458
0
0
9944
0
0
28029
25422
34329
122884
0
103751
0
73195
100616
0
112427
17017
0
0
53911
3389
61390
65077
21444
18678
0
115933
0
94575
31435
0
21239
0
128549
0
17533
23510
0
77259
9704
0
0
92386
0
0
81226
9103
14717
952
0
0
2053
38145
81501
14724
41762
24247
0
10472
0
0
0
9693
31015
11564
25651
0
0
55668
0
6876
0
0
44556
0
16213
41310
68959
0
0
10655
0
5913
0
0
0
64917
0
19387
0
39167
0
0
46810
75591
0
62513
25026
0
0
104329
2146
0
0
0
95339
0
90110
0
0
0
27994
0
17868
65017
35884
0
46646
0
0
0
0
0
8440
1264
96246
0
3884
8382
0
4638
0
89417
79623
0
10241
43957
0
0
80588
0
0
93216
5213
0
0
25709
0
13480
0
10287
70552
0
69861
8276
49547
93541
0
0
13666
71735
0
11168
0
21270
52973
113471
60569
0
66177
0
0
83142
60829
64282
0
113055
1738
37239
0
0
11955
0
42464
0
0
42328
0
69649
0
79160
0
95576
45515
54239
47205
31041
68676
0
0
0
23159
0
35097
0
6848
0
20754
41885
69380
15
34578
14205
45814
2098
4921
0
0
0
0
16908
75560
99438
21440
71820
79151
0
0
103439
54260
0
98682
0
0
0
29967
111992
0
123344
0
0
109669
52772
106733
112275
12727
6502
0
18280
0
33767
74042
0
0
0
8739
0
82196
45465
14613
13058
0
101519
19478
0
52741
37207
13430
96714
0
125856
0
106797
0
2828
0
75551
42618
13857
9952
0
0
0
0
28052
77972
0
0
17074
0
0
0
0
1232
25608
6597
16857
0
0
0
51013
0
0
19591
79359
0
0
2188
83211
0
0
24117
0
0
0
0
0
46235
0
19674
0
75988
11412
0
0
8246
0
101893
9605
72656
0
46559
77943
102631
108629
45995
0
67570
111444
22064
70515
57658
93706
66317
0
0
46573
0
0
37499
26805
75146
892
74307
0
46717
12458
0
24239
17598
0
0
0
0
23284
0
90300
5964
0
0
0
0
59425
0
69139
15127
39505
779
0
0
0
78854
6758
58283
0
0
99000
0
66926
0
109559
80292
0
4273
0
0
34893
0
0
25737
19044
103027
0
0
0
129516
0
91110
30198
121056
0
0
98727
859
0
6004
81174
0
0
0
125827
0
22562
0
40038
26653
115374
10082
0
0
4066
101688
115166
7939
83140
1003
0
6890
29343
12390
101333
16999
31567
0
0
930
71239
76595
2933
0
0
19359
0
1932
2417
96342
73310
0
124694
43503
0
76550
1239
0
9533
89718
4205
98311
67266
85019
79494
0
0
0
79828
0
26284
40329
0
0
0
18625
0
77086
29857
0
84564
47953
0
33767
2087
7672
0
0
64121
75145
0
0
46021
4954
902
0
0
92146
43431
0
0
0
41623
0
0
0
60375
22474
10712
51216
0
104525
0
3315
8654
61693
640
95553
106282
53193
0
63980
68965
80907
0
0
0
0
45650
0
0
0
65423
0
46366
47974
29320
0
0
2259
0
0
0
0
0
56302
3153
0
56016
8748
104459
51715
66694
0
111983
0
97207
0
66672
0
32843
3719
13515
40164
25494
0
69167
3487
113489
9171
0
129084
0
60098
0
0
0
0
56290
81936
6954
0
124348
12165
0
50992
48262
75277
0
0
0
0
0
0
21053
0
0
48743
7983
0
7356
0
76608
0
64736
0
0
25248
95833
0
31670
0
117903
38711
0
0
71304
10884
0
120392
0
0
52653
48053
114276
0
0
21102
38808
0
6218
0
0
0
0
0
3724
0
0
0
0
24646
124383
63079
50485
50462
0
0
55098
42092
0
0
0
0
0
0
0
0
0
0
0
109239
0
95996
0
49147
7013
0
0
0
19787
0
0
21222
0
47853
8775
50970
58126
0
77283
2553
0
0
20394
9571
8202
0
97583
0
0
0
3642
67912
0
0
0
0
34946
0
9728
0
0
7067
25560
20213
0
30030
18305
83
0
40113
0
0
0
0
0
0
0
0
34461
119399
0
0
52760
129232
0
0
65241
38454
0
0
1431
0
20483
0
0
0
10654
122481
7209
10924
11767
0
0
0
109121
0
2150
0
0
83900
113186
35270
0
35006
0
0
40475
0
6015
0
46924
0
0
0
6110
0
58643
60536
0
0
0
95725
0
25069
4888
0
0
10575
34070
59795
0
125137
0
0
0
108407
22477
2093
0
0
12206
20986
63978
102529
115064
78353
85554
88165
0
0
0
0
8351
13611
90479
73760
38081
62559
0
71462
22207
52471
0
126217
0
0
63375
27889
488
115891
129488
102258
30713
0
19424
8066
1059
9505
4572
0
0
12534
0
60834
0
77932
147
6240
114170
0
0
504
89966
68303
0
0
1231
0
3157
0
33963
1358
54848
1493
0
99713
74564
0
44987
40516
0
53271
12310
8123
0
0
50076
20249
12316
112678
21550
11214
0
0
98111
0
4322
9395
55391
0
18872
102904
0
61022
17514
37278
0
11178
44597
1033
0
0
0
0
80781
0
8494
0
94168
89754
73505
17992
121825
42277
1286
0
0
77063
78601
45560
37004
0
0
59450
0
2573
0
0
77190
119634
0
3148
0
0
0
4705
0
31210
103080
65260
55497
14308
0
19349
0
82428
24084
16653
0
0
0
0
63609
56160
22927
0
0
74556
6936
0
0
9135
63141
0
11274
0
37669
0
60345
48582
0
67660
0
54218
0
68137
92367
0
124115
90986
0
0
5950
0
0
48938
2091
0
4643
0
0
70971
0
0
14844
0
0
0
122259
100862
86906
0
28054
105072
0
121384
7370
0
0
111562
9315
59599
0
68678
50479
91063
0
48939
12897
7805
22924
84775
117887
0
0
55449
28934
56391
0
76928
0
72989
0
729
0
0
22771
0
0
41350
0
75004
70133
56163
0
90700
21001
0
0
6181
0
21418
0
29987
0
1658
0
68308
0
0
0
3432
105136
26956
0
61979
436
0
0
64497
0
106783
34612
0
0
0
0
5492
0
83374
0
0
70090
32593
0
87917
0
10883
54544
68354
0
0
19486
9326
52333
0
105797
2330
0
285
25615
0
0
129281
127555
0
113937
46536
0
0
0
43627
0
36999
11909
0
0
52572
0
93443
0
0
11250
0
5763
64645
0
94838
0
0
104728
0
0
0
57577
7509
613
0
113304
7663
129924
0
0
2213
55
3136
4120
89875
0
78505
0
125650
93646
69908
37786
8689
11271
0
75037
123172
15214
0
82197
0
0
39573
401
26163
0
0
38460
27189
0
0
0
0
26616
93280
120023
20760
14706
0
114353
0
210
110812
0
0
120732
57839
0
24135
0
3931
0
0
0
46114
0
121702
0
0
0
0
0
102401
0
83184
48965
3984
98644
13726
0
39500
111937
0
0
0
80740
218
7079
0
64195
23778
20872
27842
0
28755
0
0
78695
1196
0
809
13090
21081
26160
0
0
69162
0
9769
71609
0
0
0
127820
0
0
0
18082
39623
67125
0
69696
0
0
32710
0
76992
0
3518
0
6585
1771
3299
0
26556
59467
68956
0
113152
0
0
50651
12563
70202
0
0
17948
11154
0
14286
8433
0
52364
23478
0
0
0
0
0
97507
22451
43114
23251
0
0
0
11439
88608
0
120736
12481
0
107910
102077
0
41125
15649
33671
4626
45163
36326
53923
0
0
8398
111322
38639
65744
8018
58776
12917
46311
105157
75083
0
32655
0
0
65653
128788
0
0
26666
0
0
47282
73505
79592
98288
63150
83154
0
113772
0
0
0
104887
0
0
117943
0
62003
16623
44762
0
0
0
0
0
0
0
2969
102806
0
52014
1904
0
53075
0
0
0
13219
0
0
0
0
0
60057
109629
42187
0
108853
0
0
16325
64133
0
53197
0
18776
0
42949
0
76692
0
0
85705
0
12658
0
35615
74272
27110
3514
0
23395
46193
119775
0
79906
54785
0
0
59406
107494
0
107849
107094
0
19060
0
26542
6578
100565
3424
113739
62874
0
108282
0
0
85683
107963
19409
2751
0
63746
0
12114
0
462
0
0
78034
73382
0
50178
27471
74088
0
0
118737
0
0
0
123891
0
0
0
43494
64975
43889
8377
0
48043
0
117369
0
0
59267
0
0
5359
129017
129620
0
0
260
0
42878
0
564
20282
104346
0
26311
82717
13007
16717
0
0
0
13769
0
0
106743
1572
0
0
17273
71049
0
0
0
0
0
0
107268
0
0
0
38120
38354
4070
68849
0
0
0
44162
69526
72180
0
18826
0
113166
0
45201
69649
0
0
5212
0
0
7153
0
60362
63095
65432
70319
0
0
71266
0
82572
0
0
0
0
4422
8783
0
0
60179
8181
52820
11555
91519
0
0
5966
11069
72904
124031
0
0
31077
37947
0
0
71902
27805
80603
21792
4021
64144
0
14266
0
0
0
0
0
24642
8205
62562
0
0
0
0
0
0
16858
10519
121351
126666
105243
121338
16316
0
0
49883
18807
0
101613
81163
13166
100734
49692
0
0
42198
57742
36649
0
0
18652
0
44555
16861
0
0
0
0
5145
69852
0
0
62402
0
42860
66474
18686
0
8324
8089
123685
0
15820
0
0
12995
0
0
0
113201
794
16301
0
0
0
62620
0
86072
82933
0
0
0
0
23449
0
0
0
31132
95665
0
9875
0
0
0
0
63600
28144
31989
0
58671
0
83273
1823
41848
0
0
3289
0
0
75774
82229
0
20487
97478
3573
60515
891
2483
0
18371
20817
0
0
66303
6475
0
17196
103811
6222
85172
0
116692
980
0
0
8411
0
0
10066
0
61741
37706
80045
34848
36620
0
0
0
118225
0
8821
42927
1340
24122
103843
0
125930
0
54222
62647
0
0
96125
0
28895
0
92764
0
0
0
209
667
0
8258
125452
115990
0
72776
0
0
0
29510
0
0
0
75060
0
0
0
49846
72768
0
0
0
92223
0
0
79594
6321
0
0
15343
31529
104182
0
0
31000
9697
0
0
0
11086
828
0
0
118712
1037
18233
52285
120264
0
0
0
0
29042
115264
0
37084
0
0
0
0
0
0
20327
0
0
0
0
19651
6660
0
0
31310
0
15580
10765
0
0
118311
0
0
17617
71580
0
0
12879
22282
0
121852
39863
16618
0
30132
57805
0
128479
0
43897
4246
0
0
0
0
77480
0
46615
0
52370
0
36576
0
126570
0
0
45365
0
57366
16910
34003
94978
0
0
115310
1959
0
0
41863
0
54771
114620
69335
48383
5208
0
1232
0
31207
0
100631
53459
0
18939
27656
0
11667
0
0
0
76340
0
0
0
39823
111304
0
0
0
0
13183
13459
0
31905
0
14878
93209
60647
9556
20165
108880
0
124056
0
33646
0
12880
30274
0
0
0
51779
40171
0
0
0
104291
0
128230
18753
0
0
0
116617
0
0
96608
32222
36886
80198
113011
0
0
0
0
36980
35282
0
15318
0
0
124839
0
0
46101
72959
0
453
9865
110807
0
464
72374
18685
97162
0
0
22059
0
0
127264
0
0
29828
105176
0
58208
0
0
0
0
9269
0
0
0
5115
0
29948
333
7087
0
98554
0
0
116070
9055
86156
0
795
51652
121764
106066
0
129663
18249
3647
39420
44514
0
0
108297
0
0
0
0
0
20470
81818
4249
0
0
87596
15165
70068
0
0
90071
0
22977
0
6749
77190
0
81231
28308
124346
104846
0
11918
15338
46494
5499
0
0
0
68122
0
6907
0
110838
0
112762
0
0
4856
0
84627
0
32650
0
14417
59698
96320
0
0
0
35318
53111
8851
1627
0
36529
70685
60577
0
4462
100419
100149
0
0
0
0
59502
0
123219
0
52154
0
0
0
42473
0
93700
0
0
0
0
0
0
56030
0
0
1482
0
48116
84917
0
57083
32471
0
0
0
90137
35510
53650
5526
13641
0
0
0
16318
10000
82245
0
0
0
0
15180
90192
0
0
0
0
0
26506
792
14937
0
0
8539
0
4249
0
0
92076
0
0
0
93855
0
0
2706
23265
12666
0
34881
15254
0
14058
0
0
9449
7745
65837
0
23520
125042
19584
0
0
26966
0
14822
0
0
18974
0
50712
0
36044
0
32505
18019
16244
59635
73463
0
0
48311
0
11584
78284
4891
26708
64458
3535
11240
0
89933
110500
88599
0
0
71274
45032
113035
0
19180
22802
13063
0
17691
123081
0
0
21537
0
53099
0
0
0
0
62548
49699
0
91607
79066
65837
80095
41320
7817
60598
4207
78599
83353
54521
0
0
0
0
739
52243
0
56930
16825
13300
128761
16121
0
0
0
23705
519
0
0
0
0
58981
103582
0
79656
90189
88358
0
35699
128090
0
0
0
22885
10772
110030
0
7557
0
0
14081
67603
22170
1315
2393
0
0
0
0
0
48686
0
0
0
0
61647
0
39764
0
1424
0
0
21060
7139
0
17420
0
18212
40290
0
11026
21958
0
19717
26388
49923
0
29475
0
18820
0
66861
0
76987
3700
721
44638
53121
0
0
92192
0
11431
0
92419
66847
0
0
0
37649
40432
1114
0
0
103904
0
17934
0
6049
74331
0
105460
60224
0
0
0
0
108030
0
45382
0
90010
35939
6668
0
0
0
0
0
35949
0
0
124595
25356
0
53542
0
0
29666
0
94326
0
0
173
0
0
6959
0
2817
0
3284
0
7618
29751
0
0
57015
0
32561
0
0
51906
8052
27717
0
0
0
32388
0
0
0
0
0
0
125155
83892
0
16238
0
48596
6629
0
12418
1396
0
0
22061
120431
70653
0
0
0
0
0
74730
0
0
0
92091
0
28250
6256
0
14026
17698
4024
0
18135
75926
0
14777
16537
29146
0
0
0
10459
0
0
0
90893
24946
0
34135
0
0
0
12887
0
57729
113167
14255
3689
90609
32225
60974
13843
0
0
21110
78942
0
0
104300
12781
0
83397
59204
74524
109916
4236
19055
0
119162
0
83961
89770
0
0
23864
0
0
83254
0
87421
27063
0
0
0
0
115267
0
18102
128561
58584
5644
69168
3274
0
0
0
27552
7453
63835
14769
43295
0
9470
27486
9358
56546
105170
87118
10076
63699
0
0
0
118403
37026
63412
19551
0
0
405
23957
0
56632
0
9708
747
6181
98479
83428
0
0
11507
0
0
118989
126882
0
44050
0
109966
125601
28203
0
5825
18817
0
95549
0
1229
339
0
0
48007
65305
74842
62571
50713
0
0
1071
0
37017
0
0
60063
60913
0
4780
0
0
2613
0
4476
0
0
88461
100250
0
68418
0
18054
81017
0
18633
0
0
0
0
0
0
0
0
0
43556
0
82968
1400
12924
77259
61475
0
89823
30801
0
0
0
0
44484
1840
0
25652
0
9810
2785
0
0
0
0
29778
0
85569
0
20666
10713
15877
6067
5629
9636
25760
0
98217
58946
128168
1347
0
0
2011
58845
48262
0
0
0
0
3185
73795
5673
0
83140
0
0
0
0
9161
70896
0
0
0
36048
175
0
48985
13474
114116
91626
47223
0
85653
63796
28139
68083
0
35644
83069
0
76782
0
0
0
0
0
78664
53976
99752
98909
0
88581
0
0
92415
2566
0
73778
36268
0
0
33873
21893
20786
26651
0
0
0
0
80948
61527
54454
45287
0
113354
56488
0
83459
0
94409
55527
0
0
23625
3128
0
0
0
14509
105585
0
3760
0
0
0
77723
0
0
0
79143
64418
24327
0
0
25099
0
21592
0
16151
119941
126834
0
120833
42564
0
123027
74375
79143
67129
11951
42357
48356
0
5016
16734
0
0
14774
119600
106644
18095
0
4554
0
0
84400
5532
3214
126708
70312
6015
113478
115973
0
1298
32145
0
112656
0
0
74615
2411
10174
21476
0
0
0
0
0
121157
40688
0
126981
112126
118700
7058
46586
0
62063
0
0
0
9973
90845
0
32453
0
0
54346
42986
2924
0
108716
0
0
0
29473
85839
112460
0
54051
0
0
0
6235
57151
42729
47912
115194
0
106514
0
66737
6995
0
82218
9041
0
97737
47770
0
128516
41102
0
0
54463
19070
0
40219
0
120258
0
0
0
0
3457
0
74306
0
0
0
0
0
92181
6409
86644
0
51243
0
99655
0
0
11030
12205
0
56532
39087
0
8125
0
27136
90098
52029
22968
64925
0
0
10253
0
75813
0
6369
17744
0
0
0
0
0
96517
0
85142
59026
40939
8492
66629
0
0
0
74368
41221
77910
15884
77456
0
0
22869
77001
0
7633
117000
0
42372
0
0
104947
0
63898
0
12105
0
0
0
24307
0
36893
0
0
0
71326
28059
40989
0
0
19765
72518
64615
0
16864
0
0
22438
18986
46937
0
0
85115
0
12487
0
0
0
0
63045
0
88290
51115
8589
23241
10512
17850
1302
0
126294
0
25907
29872
0
0
0
102752
0
101817
0
0
8132
96376
8782
80091
0
32514
67214
0
31309
0
100144
0
59135
0
4416
74489
0
0
7547
77694
68650
21869
0
0
11648
0
82503
0
107327
15498
23128
102965
11168
4498
107565
0
0
15686
7487
0
108947
0
0
0
46369
0
0
2182
7795
0
9292
73865
1636
0
6303
28953
42388
0
0
105970
0
6036
0
29658
0
105317
0
42575
80767
36525
10201
41807
43840
110942
0
0
10696
0
0
15471
54974
3592
28938
0
0
0
0
0
72677
35309
0
0
0
0
5069
68662
0
0
31562
2114
0
51559
0
0
77558
120668
20958
0
0
72775
97092
0
43235
0
0
0
0
0
853
65772
94297
4957
0
73477
114831
0
0
0
0
23121
90015
0
0
0
0
0
0
0
591
16132
40509
0
0
0
12850
76013
85522
0
0
0
2793
0
0
53048
0
0
116653
121525
40513
13004
0
6323
7865
6430
0
0
15152
0
17829
62462
28446
20551
3574
33457
0
2773
0
0
28555
0
0
0
6028
0
0
49844
123045
15750
43618
0
51462
0
34366
0
0
877
0
0
2539
129891
90770
1118
4316
7058
0
0
66327
0
3488
0
97117
0
0
226
0
84996
77314
116038
0
0
0
0
26767
16303
0
0
0
72219
9359
3095
0
12868
0
8911
3614
85135
51202
0
64357
29869
0
0
6032
53174
0
0
0
1590
0
54646
97065
0
10731
38555
86314
88384
0
0
0
0
0
65929
0
12456
0
64015
4137
18979
0
52535
9633
0
60227
0
97948
5609
7065
0
22172
59194
0
34353
0
17364
0
0
10385
40708
0
12273
15166
19306
0
0
1369
0
5007
66839
55868
0
0
0
0
13566
1743
0
0
2186
0
11634
31250
76609
103602
78100
110154
0
123907
0
0
0
12504
52703
36438
13895
0
73252
35536
11790
0
0
0
109493
0
50741
0
8085
78167
34969
103351
20191
80424
0
0
0
109668
106149
0
59422
61190
0
0
14085
0
21434
75648
121869
0
0
0
0
34492
0
40407
17732
0
9478
127573
0
28475
39983
0
26926
114734
0
34732
111543
52953
0
0
12098
0
125140
0
10971
36637
0
0
45662
63251
0
60763
29187
67135
106885
65339
0
57734
81777
10337
0
21481
72950
0
79249
62768
121919
0
0
113762
53005
0
0
13001
11443
33371
0
0
0
0
0
102128
0
0
0
0
43
120839
33086
94887
0
0
0
86583
0
0
0
38867
26919
0
0
9748
1498
30751
0
0
0
27745
0
0
30510
9347
122617
0
28857
49195
0
0
0
0
23195
90973
33604
6389
95734
0
433
0
0
0
0
81454
0
34715
13644
12709
89674
0
51657
0
28688
88924
0
0
43613
49140
13826
0
0
122440
78905
104753
0
47061
0
0
39732
0
0
26631
89556
7823
107513
0
49577
294
94919
0
0
50539
0
0
35323
29812
0
0
53980
41658
33101
42185
0
25833
2082
44515
45189
0
0
8892
18082
0
53726
19725
3831
0
0
8449
0
0
124223
0
0
20440
0
0
0
0
0
289
45984
9062
16069
53457
0
37917
29670
0
0
50570
12202
0
0
20048
0
24840
0
43820
0
90891
0
59560
28550
89314
101624
0
120958
0
0
24391
5151
3397
91604
0
37320
0
0
63129
0
26513
0
48830
0
0
0
0
0
12631
0
89475
0
0
77567
110220
32475
10446
0
0
85154
109146
85546
0
116320
20897
0
0
975
0
0
0
0
81769
0
74867
66784
2737
0
12992
0
81475
50310
49979
14564
0
27179
0
26558
78271
0
0
36248
0
0
31272
46115
115150
40375
6984
0
42764
97734
36447
0
0
0
0
0
0
0
0
0
0
122434
0
76645
2548
34073
2254
0
91089
0
6880
7850
28345
0
33135
57072
27515
105622
0
0
0
0
0
84678
121892
22051
26178
52646
96128
0
121711
0
22566
57203
0
76878
0
43488
11960
0
20005
20959
5184
75967
94251
0
121097
7027
0
10801
0
0
28740
0
49569
31654
66744
0
8556
0
0
0
48781
0
0
0
8259
0
56668
122405
0
0
0
258
98721
56465
109770
0
36177
38514
9543
0
0
18475
95565
0
3880
0
0
91472
28076
10471
53888
48554
0
2851
123623
0
120997
49444
0
0
53633
0
0
0
64442
25448
42140
80657
47376
0
0
11438
4799
0
6088
3244
0
87016
0
12926
82429
0
0
109889
0
23389
24057
2109
0
0
0
0
0
36272
0
0
0
0
0
0
0
16446
0
11506
142
7558
0
0
122877
78496
39449
1522
0
0
68468
124104
0
11316
14814
0
8443
0
23681
0
89889
55647
46622
0
69856
31282
14610
0
85635
59215
42517
21908
23038
43958
606
14725
29881
0
0
0
0
0
10475
94505
0
23369
16570
0
116718
0
21407
84539
68801
0
47683
0
101868
6223
2485
30070
44442
0
98105
55313
0
102517
0
63066
13652
0
119746
92307
50921
0
21903
30690
45602
0
0
24532
86273
0
0
37195
0
16111
0
0
0
0
33785
22445
9504
0
65812
0
0
0
0
0
0
5711
6
9181
115003
48934
126708
6771
171
57633
27047
29763
48542
69487
4057
0
56764
0
5774
16522
0
86151
87057
15846
0
109552
50963
78196
37916
27765
0
83604
57656
0
82753
0
0
0
2859
0
0
911
122594
40366
108201
0
6700
18780
128302
0
0
54
64666
31728
0
0
0
0
32491
86237
0
43027
9478
0
112686
13841
0
46525
89659
21782
0
2083
0
27880
0
98806
0
0
36279
0
0
0
73396
10582
39009
72196
0
69518
0
66437
0
0
0
95718
0
24226
0
34274
78313
13996
0
0
129427
0
3373
38334
0
69563
0
0
0
51443
0
0
0
14846
0
0
31515
53087
8684
78263
0
0
66251
0
56048
116614
0
90724
4576
108720
0
0
121680
0
25968
68629
0
0
2657
0
0
37876
0
0
51554
11041
76550
122269
0
51956
0
0
0
103562
0
0
30386
0
93726
0
0
206
89837
0
51693
0
73963
0
54897
66744
63732
0
10842
11969
5171
17472
10664
0
77832
92022
57145
27996
104489
97226
4642
0
0
0
37047
79731
0
45491
825
102950
0
42404
40097
0
49733
0
7784
0
0
0
9628
37082
11641
0
0
0
0
0
0
0
48673
0
60828
0
79333
37048
0
39911
0
0
0
67744
77195
23907
0
0
21295
11566
0
128884
0
77529
103296
49059
70586
0
0
57848
7272
16217
69944
19687
5726
0
81600
0
23179
6744
0
128081
120435
43862
57166
58104
4134
0
6216
0
0
54385
4620
0
3916
0
96914
0
0
0
214
0
0
0
10946
0
19759
36873
0
15139
34125
1700
8234
0
0
0
0
0
0
129417
23222
0
0
0
6362
0
20853
0
0
9236
0
0
60915
0
76370
0
63283
25159
0
101630
0
4065
0
0
0
36046
85190
1090
52070
94379
66701
38192
0
103686
27481
33721
0
21866
32903
25627
48559
58985
0
93301
1329
125500
74202
34285
3026
0
0
62021
53315
59907
90156
0
63028
27249
80649
119646
0
0
0
0
15368
0
94298
72742
0
50697
32173
0
0
36238
0
17149
50345
99062
0
0
30166
40591
0
80210
348
84970
0
0
13506
0
11256
8932
6577
0
0
0
38210
105865
115903
0
105956
0
48367
0
3639
9829
58794
24234
0
113716
102861
8393
0
44981
8217
0
64205
0
0
0
13262
0
67078
1259
0
0
0
93548
0
25846
92741
39893
0
27304
0
0
0
0
0
0
0
0
11909
0
0
73990
86476
0
36694
5106
0
0
0
0
84072
0
101047
7645
5855
0
21722
0
0
0
85161
0
59672
5016
107109
0
123968
0
10411
0
21354
0
10845
4401
88798
10216
27756
116389
30622
0
0
0
7259
76429
0
0
31391
0
122379
0
0
7865
0
0
0
126849
0
27607
0
0
0
4493
52904
9086
0
0
27535
54193
0
65014
63638
19245
20090
71057
0
0
18857
0
0
50615
58226
58239
109850
14551
61766
17855
0
0
107589
0
0
9033
0
91056
28728
0
99597
0
0
57230
21075
0
0
117846
6275
27214
0
5717
107956
0
89292
0
5808
0
0
14798
31934
0
24435
34588
13041
119859
9082
0
0
69529
78805
128833
0
0
65916
75978
0
117698
4154
4423
0
0
0
0
61652
23220
0
7533
0
0
0
0
0
0
14577
0
66471
127744
14946
62996
33797
0
0
17091
112072
0
37114
128424
8682
0
0
18335
68303
0
0
0
0
75553
0
16428
88030
46824
105294
12626
0
0
0
12827
0
32916
86557
44628
55504
97967
0
17071
0
0
30332
22343
103772
112450
58170
2948
8287
3200
11464
0
11449
3391
0
6982
103650
55055
0
15811
49151
100017
7578
123854
0
64944
47591
0
109336
0
0
0
37600
0
0
0
0
34622
0
0
4544
37326
63848
0
89618
9337
0
0
0
11720
0
5005
38622
47789
10654
0
70687
12843
0
30945
501
0
41616
34639
0
0
48627
82351
0
39530
13399
50186
931
0
0
0
2949
57196
24981
83606
42716
26302
63212
0
0
119552
122169
17467
0
19169
0
0
0
6463
66251
0
42140
0
0
0
5411
0
0
0
30510
0
112590
0
70199
0
104699
0
0
0
0
0
0
46805
0
0
74045
0
0
25857
68522
94437
0
0
15927
0
5937
66500
115460
40285
22353
20684
0
0
1124
3094
0
0
0
0
0
0
0
20570
3143
59007
119885
68848
32474
101451
0
0
92154
10545
3831
92700
125730
32124
0
49199
0
0
123181
10633
89484
0
28029
0
0
98492
0
0
0
0
0
85358
68539
61650
0
0
0
9477
0
70670
0
0
94407
59423
17589
4522
110012
0
117904
119404
0
21753
108811
0
0
0
0
13389
78311
117121
2537
40163
8365
65283
0
5056
0
0
0
2693
49558
0
0
122286
0
0
91752
0
41434
0
71426
0
77066
780
9330
110560
51784
73961
27019
0
2187
0
0
0
0
0
0
0
0
115422
6959
0
51160
33797
62182
26393
0
794
0
11541
0
18787
0
7108
99763
14044
9005
106097
0
58037
0
0
0
0
0
24272
6875
96821
118925
22918
40053
23546
0
7645
1483
113389
43443
122932
71170
0
0
0
28857
25980
56273
0
0
0
0
59082
0
41770
0
0
0
0
54061
0
23329
87565
10599
0
15919
0
0
93936
0
1171
57854
0
63701
3269
19636
21627
0
0
0
60148
83580
28214
56630
46509
0
9239
0
84844
0
2647
1290
125654
0
0
30984
0
83834
46764
37803
52581
26903
38860
0
72012
0
122
54993
0
15344
13399
6823
0
0
0
0
4028
0
93788
8919
3076
93875
0
0
23622
0
0
128521
0
18454
117787
15744
0
5379
3975
64016
14803
0
0
124229
63544
23500
3795
61399
112335
0
0
0
0
0
62900
29241
0
50319
119143
0
0
117731
118522
0
5386
0
0
0
0
49179
0
47516
8693
0
0
29624
0
0
12511
85741
746
0
0
0
57597
0
0
0
0
57264
68475
45902
125398
0
0
0
45138
0
87344
0
0
12345
0
0
0
0
0
83807
0
0
2700
70631
6665
15127
3260
0
17137
0
39272
32673
34528
24063
0
0
0
34806
29913
13186
0
0
0
43188
0
30638
59253
0
117719
0
80529
0
0
48521
0
13669
0
0
6334
1311
42739
0
4043
0
106898
7690
22204
0
0
0
39569
44634
12827
0
105663
83879
0
0
0
0
2284
89295
119365
52416
0
31287
1179
71493
55570
1238
0
23451
3327
5732
0
0
0
60651
34067
0
0
0
89661
27652
6233
624
31992
0
27620
0
53242
17152
64337
0
4902
82528
0
0
35539
6368
0
67132
43885
37301
0
12968
207
73456
86936
8171
15216
7679
0
10539
29217
0
0
37822
0
14005
0
29154
0
22180
0
99158
0
53984
1303
68500
114052
0
71676
65994
0
0
0
0
3544
34975
22870
104066
0
9055
13375
116203
30032
0
60257
80990
0
0
37427
3210
0
23619
1020
47157
0
14342
0
53583
0
6809
0
112277
0
25329
71498
25768
28808
2000
0
0
51949
165
25000
39524
49644
34373
114599
0
952
1829
0
19929
68996
11210
65909
42040
5299
90248
64335
0
0
0
0
53878
15688
67150
0
0
0
105825
8517
12298
0
0
0
0
20846
23697
126707
0
84441
14252
0
35242
0
29549
73937
0
0
53922
12307
8631
0
124726
0
58266
79810
110655
0
0
59959
97681
9782
0
27075
52807
87836
27794
393
0
36224
59467
9886
0
107821
64614
0
980
0
0
0
52787
44017
0
5572
0
34039
0
112482
2934
0
1387
0
0
7648
2467
0
9475
0
0
22818
0
14896
17028
37264
100550
77493
4413
62454
0
0
38301
23478
43377
105155
109436
0
34397
0
0
13382
0
13010
0
0
0
113753
0
0
21298
8953
0
82270
0
0
4010
115513
128542
69546
0
0
60398
0
80495
0
0
0
0
11512
0
0
27624
68192
23016
0
8506
3943
9881
31245
0
34215
67442
229
0
74379
0
0
0
104545
0
0
49562
0
2310
74804
25972
15047
38974
0
0
0
32721
0
77534
0
0
0
0
40233
0
86645
0
0
61181
54085
40962
8223
93664
38355
0
0
0
5614
0
87292
8194
95567
0
485
63399
69549
0
0
103840
0
0
0
0
0
48978
0
73832
21812
121527
0
48925
0
84296
99732
57985
0
70708
0
41720
0
0
23178
0
0
15330
17273
69547
0
0
34668
0
74103
0
46682
0
6266
0
48694
119496
0
4872
52078
13078
6742
0
20552
76874
0
85410
0
0
1975
10841
0
45406
0
0
74647
0
0
49329
79315
0
0
0
88022
40525
65087
60218
40884
6348
0
60852
14353
0
53512
0
107
51928
0
47554
594
22172
64170
45307
91105
3166
72457
38115
0
29806
0
9379
0
8102
52789
0
596
3505
19259
0
104034
6579
0
6192
0
0
74646
128387
71387
0
42012
0
8410
0
51144
52395
0
89828
113952
0
0
37638
0
82474
0
0
36425
0
0
12635
55091
31910
0
30673
0
55032
0
0
0
17224
0
115550
0
10328
0
31722
0
6146
1011
102525
0
93631
67274
0
58683
0
1079
7731
80798
45462
0
32510
89017
63037
782
28100
0
0
37269
0
27352
0
28534
24864
120190
44473
0
0
35442
0
0
83782
47874
0
4117
3616
0
96088
10951
72105
20291
22119
42910
0
128737
88913
0
0
73067
52480
119246
992
4450
126612
7575
0
0
20382
42613
11000
111929
0
984
0
81620
10736
0
0
0
37737
49377
78197
6965
24737
21058
0
0
11525
19855
2314
25117
0
19492
30555
0
0
69555
0
27419
43909
103516
0
0
0
6039
33767
62117
125053
0
84316
13638
0
112046
0
13326
0
129816
0
0
32529
89023
44032
51173
117695
27868
23168
83213
0
0
46487
0
0
0
0
0
74691
0
70728
0
26300
0
95565
12519
22634
0
0
19947
51610
56480
1009
1283
57322
0
31276
49093
0
3860
0
0
7182
0
27387
7483
18758
92000
71163
0
69440
6428
0
0
79175
15121
0
0
40018
70810
36102
72459
880
13691
148
0
0
0
6448
0
3859
0
0
0
0
35813
0
67230
0
42988
0
28713
5992
81812
0
0
0
0
2440
87034
0
0
0
8097
0
0
1078
0
10530
0
0
9560
26016
94447
0
18908
41458
122253
99226
0
0
10703
0
0
39367
0
79506
0
17336
71360
83057
0
0
0
0
0
5106
91592
81788
69505
0
43118
95739
0
6369
54360
0
0
0
0
46003
0
0
3157
16863
18053
0
64703
0
106335
244
34947
0
0
0
0
0
0
69521
14655
12934
7665
40171
59320
5504
0
107136
32488
5556
24602
22268
0
22209
0
0
0
65187
0
0
0
0
0
0
1998
0
0
60655
13083
0
0
39283
90027
129614
79653
0
35959
118979
6872
68067
0
95046
48129
0
27806
0
110988
16869
3895
0
0
102599
8340
0
0
2401
13551
0
0
27630
27678
0
0
34668
23560
12701
0
0
44816
20963
96715
0
0
0
31097
32963
24461
22884
93975
4880
10607
28342
81734
0
126486
0
0
0
0
0
0
59921
99027
18754
0
3199
122543
10699
87423
22373
35609
120360
53662
44668
0
7945
5459
38094
0
0
66493
0
0
60117
0
15623
10122
23363
0
0
75002
0
0
6121
22788
0
91802
54613
8733
70714
0
24170
1572
124859
87401
0
113211
26415
0
31886
0
129110
0
0
82729
2543
115887
43570
0
23324
0
0
3511
0
46105
25597
0
3563
22734
0
35059
0
4979
124138
12316
17368
0
0
98703
0
1921
38278
23702
80082
26007
15820
0
37148
0
0
24833
0
0
89755
87116
0
107755
0
127175
46865
109221
60733
46164
0
337
21430
0
24822
0
0
0
2214
95552
0
66322
0
531
113461
23642
0
0
15358
14949
0
0
23352
0
23663
91376
15100
61880
36243
13489
0
2218
46350
0
94588
0
63534
109879
5773
55034
0
0
0
0
33521
37352
0
0
0
89295
0
121053
76571
86394
38893
0
17645
0
13630
113082
0
0
0
0
112790
0
0
2804
0
0
4505
0
0
0
0
0
56247
77549
33212
0
0
126704
119144
2534
63970
0
0
10329
5816
0
0
123807
88887
0
0
9474
0
48924
0
91424
96257
0
0
42238
6039
85863
30283
0
23219
44839
0
46764
66645
65858
8985
26281
33312
0
34669
0
0
0
31425
0
0
3841
39292
0
9666
0
0
3605
13148
33643
54107
20324
26270
0
21512
11115
0
0
0
0
0
46898
0
0
52275
5747
0
39192
0
116494
24629
0
60337
43635
0
56657
76098
0
19722
0
4977
21266
58690
75039
12962
0
0
0
50590
2603
0
33507
0
0
0
87133
0
20907
27832
43651
94561
0
115554
0
35945
0
14321
43720
104811
61487
0
17408
29403
0
0
15562
0
41365
0
0
80782
0
0
84740
0
34098
0
40801
0
0
8584
0
0
1642
23556
72276
0
19079
0
0
55479
0
0
58243
85189
0
0
0
0
2984
56008
0
0
0
0
129634
93692
0
0
0
0
41662
18358
0
43299
0
0
10074
0
559
120208
0
0
0
78629
0
195
67261
14619
26652
0
70154
62675
57288
72081
120279
124293
125399
129624
0
6525
13767
0
0
97076
54959
0
0
0
33521
0
27441
0
126975
87173
0
0
1720
94109
0
0
0
62804
0
75891
110755
63038
0
44455
12976
11163
0
0
44256
60881
0
106605
40040
115661
0
0
0
0
4945
0
0
0
0
0
0
0
96275
0
40155
99022
27427
0
19793
0
44098
0
5140
4638
104649
24612
546
0
0
20390
0
31702
53462
32215
30523
0
0
27040
81638
100980
0
0
0
0
119613
17069
73080
74395
0
30466
0
0
0
2805
0
0
23895
37089
122126
0
40041
0
27767
0
60344
0
9944
22720
5189
95077
0
0
66608
120518
0
113758
0
0
0
4545
565
63479
21555
0
43926
0
32444
49512
0
84135
76038
0
0
0
69675
0
35812
0
32596
38712
0
0
4875
115898
25412
91233
0
0
0
57613
0
113254
0
0
93275
32960
107772
80081
31054
0
0
33775
31822
48015
13750
74892
50238
8334
125845
0
0
0
0
0
0
10042
477
799
104466
0
58810
22634
4993
15036
0
0
43711
0
0
0
43404
0
983
0
69786
10475
0
0
0
0
68110
32909
8137
0
6990
0
3190
0
0
0
63500
61298
0
0
0
104832
34287
28930
10236
57332
123429
16704
50005
0
0
33833
0
0
0
0
24167
0
96733
26278
33958
78335
0
72744
2058
15337
0
90655
128999
0
13920
122758
0
79181
0
0
0
9870
87138
11163
0
0
0
6705
12487
48411
0
74069
99113
48290
0
0
92552
0
81985
0
0
8976
0
68243
91551
0
0
112117
68989
13517
29792
0
23783
98997
34034
0
0
5513
0
0
0
0
0
0
0
0
0
54302
42292
0
0
66020
0
551
0
88630
0
0
0
24677
0
0
0
62359
86589
9878
11093
0
126619
46561
0
72312
89711
42943
0
0
107197
48455
0
6963
15296
0
24740
25674
81237
61496
11414
87452
104691
89723
38069
90030
24944
2292
12358
5859
105334
12041
61572
16670
0
0
6931
13638
39897
86
7320
0
0
4365
0
41695
101412
67558
0
107
0
0
0
0
0
0
45920
77
0
0
33456
103859
27769
51187
0
0
0
43613
0
0
0
65429
0
0
0
60542
0
0
97550
0
0
5407
2277
22015
0
16863
7757
109377
59649
6668
113480
116173
0
4494
124369
64142
59133
41931
75648
6270
68145
0
4503
80447
66324
0
5455
101926
0
66851
83748
125357
10372
8947
0
74115
71459
121667
1842
36079
101466
0
0
0
13255
59663
8386
64161
0
0
54337
0
20470
41161
1397
237
7427
0
0
95198
8842
0
13917
20028
50955
0
62750
3047
0
96218
26762
0
10588
40835
0
94663
6730
0
0
0
17663
28976
48251
0
35196
55084
18760
105980
46888
74846
0
48905
34423
81801
56087
0
0
74370
0
0
42076
8121
7886
0
0
0
110318
25778
119528
64290
0
102188
48747
18804
69057
5588
3656
13840
0
0
0
0
0
12485
0
0
59529
42050
125590
0
73906
31180
0
0
0
6610
0
97823
38004
72904
127310
19288
0
0
0
2798
46277
0
234
0
0
0
36741
0
93329
0
53913
0
49117
117701
0
0
0
7439
5163
0
0
0
0
20607
93746
17199
37736
90275
19943
50193
114886
0
90881
2321
42010
20689
74470
33266
12716
76392
47696
6448
71429
0
0
0
33371
0
0
64408
0
77436
0
0
0
0
960
4352
11377
0
20076
58807
80589
0
0
0
0
115516
49419
0
112924
127084
81188
56537
103377
119274
0
0
6176
60704
25186
24391
4982
0
0
0
122040
0
9605
0
44226
0
3773
0
0
93842
0
0
115134
70151
0
14925
0
71948
0
31775
0
0
13125
0
0
0
35681
0
0
0
36059
67635
0
74606
7436
46839
68575
73245
58523
105107
62449
6614
0
40059
0
108866
33377
29489
47404
24300
11744
32019
0
108549
100526
0
27399
47590
127738
0
19235
0
6795
0
0
0
0
63639
63407
0
9627
99028
2087
0
2427
70308
57636
7158
0
0
0
0
0
0
85714
19653
0
81481
105057
2917
26586
0
118544
0
1334
101150
4672
52510
0
2442
0
0
0
0
28238
0
0
0
56468
11381
0
34082
57964
122071
0
93107
0
56705
0
66205
125660
46251
0
113621
0
6344
39146
52358
6071
28380
4482
38628
0
0
0
38535
0
0
115747
99397
0
0
67753
0
1793
72174
0
0
106500
41714
106662
48767
125108
12968
14114
107281
41731
123552
0
5163
9285
15518
0
41963
1307
0
10104
1631
0
115973
5730
33989
0
7471
0
401
27083
34079
24079
73985
0
0
80408
2373
16634
6360
0
31595
40488
0
10702
4548
0
0
0
0
0
26808
76433
0
0
62842
53314
0
1758
0
0
0
61614
0
424
0
0
49521
39850
63700
759
2796
101157
81393
51696
20308
9170
111778
6806
0
106627
0
0
7478
128523
12870
58984
0
0
66722
0
8434
0
73750
0
16255
57327
56443
64560
0
0
0
60452
43629
0
0
6789
750
25355
564
0
0
0
24874
96163
94356
23418
0
118467
9927
0
0
7134
8704
35128
86917
0
17607
664
12918
0
39034
17415
0
94753
65531
99886
129624
10698
14414
0
0
87363
0
0
60270
10185
77813
47217
0
0
0
10640
5561
29093
68673
13216
0
29612
0
7224
33404
0
6638
12792
0
0
0
0
87193
16149
78284
0
759
1347
127386
92772
96482
51855
0
0
10918
0
0
117022
128005
35527
0
1002
0
9655
122493
62801
20471
0
0
0
0
4601
0
44372
87667
64982
0
0
0
0
0
128980
67795
27576
0
102356
70974
5584
38501
15752
23280
20989
59009
0
71589
21395
0
87058
0
0
0
20193
62094
67122
39482
0
0
102694
0
0
5854
7588
2542
0
1115
0
71197
60102
16735
1618
94699
52434
0
63651
28433
9188
0
94510
982
0
83891
0
79266
128868
98712
449
544
0
0
121131
0
48983
0
46144
68578
0
0
35559
0
0
0
0
70542
7471
53742
0
45338
0
9700
0
104730
0
39652
0
0
125104
1588
53944
0
298
0
12393
84977
0
0
0
0
8332
22856
0
86523
10038
12976
0
124400
92530
69117
0
61445
46347
35125
0
77678
37170
53840
0
0
7090
0
15207
1134
0
15625
0
60736
0
116919
0
0
40382
0
895
0
10383
6376
21245
8868
99943
13040
0
79961
58684
0
92872
117604
778
0
74420
18726
84864
6273
24450
0
39615
0
0
73540
40338
44148
0
0
39427
28814
53032
20239
25277
63476
59674
26953
67894
29685
8711
118244
0
28093
0
12217
0
40555
0
0
0
209
0
0
14458
77737
0
0
85152
0
0
0
0
31132
0
8444
0
0
52611
0
0
101247
0
43416
116988
36203
0
0
103177
3972
0
0
0
71030
0
53559
3302
0
0
126460
6076
75455
0
37137
48040
0
15010
0
3054
3763
36058
9788
0
0
44316
95280
0
61747
0
0
5624
0
0
0
45832
0
56602
25296
0
0
76245
0
0
0
0
0
0
0
19678
36544
0
33902
0
0
0
0
0
114876
32473
69537
19189
7845
0
0
6450
17619
4790
0
85560
97469
0
57043
122509
120307
40364
0
0
0
0
116313
0
28533
0
28047
0
104331
0
84313
8962
0
9173
0
12532
111410
104213
0
0
0
126950
0
0
0
0
0
19428
97569
0
0
0
0
607
53040
0
112188
881
0
976
0
0
7511
126088
0
7872
0
126328
0
0
45329
78157
128409
37628
0
0
0
0
0
0
0
17629
0
13087
49555
10366
0
0
0
0
0
59000
0
0
5533
0
92768
0
42653
0
33587
505
0
0
23659
0
0
0
0
92913
38228
0
28577
100225
0
102566
3126
84745
11230
0
0
13156
0
126917
3112
21504
0
810
0
0
47264
0
0
8309
0
102466
113553
13865
8314
0
0
0
0
0
24913
0
103420
0
31777
2239
7714
13019
14841
106532
0
121725
0
70778
68791
5684
60954
0
12569
0
32996
23895
0
0
0
0
0
0
7001
128184
4022
35305
75466
33337
13276
19014
0
114245
0
75960
43382
0
0
19858
15665
0
34060
0
0
11060
0
48892
0
0
8139
0
105672
0
0
0
6469
0
75826
35253
13537
48391
68202
19351
37777
120427
0
89969
11617
0
0
0
81816
0
0
115210
2700
0
9373
475
0
0
0
0
24660
55651
0
0
43703
39857
11628
49582
27174
0
45313
113763
48497
0
105798
0
5040
83944
0
0
70564
61253
49418
3232
0
1565
0
18573
0
2434
3223
6543
26203
81090
56389
84375
0
0
41039
0
0
0
0
0
0
43203
0
109129
39765
6594
0
0
70898
60647
0
0
0
0
0
0
68428
0
0
0
16424
0
2735
0
62852
0
122353
8446
107542
72314
36563
37762
1834
31638
16987
0
0
30785
31735
0
41733
0
0
0
60833
0
101747
0
0
3379
0
0
85482
87803
0
29761
0
0
86
113373
81363
14983
0
7656
100558
0
0
0
120592
0
78031
918
0
7196
0
0
0
0
0
0
0
106259
3312
0
0
102394
117995
0
0
110732
0
57296
39179
0
0
25181
0
0
0
0
91816
0
18093
0
0
33632
71449
56864
0
53622
497
16809
16987
58775
22924
9931
89310
0
96836
48150
36596
0
41367
3319
47242
127422
23869
0
841
8915
0
5949
0
203
0
43492
13963
4419
982
15788
0
7225
83096
1355
0
88909
6812
55007
0
0
1484
0
0
0
16583
0
32755
0
28253
0
99892
45057
0
12877
18659
0
20411
0
83171
75281
5200
0
0
6566
0
20890
12664
0
0
0
21971
0
0
42289
0
0
36714
0
44442
0
27977
99465
14854
123218
38
2875
0
0
0
0
0
86331
48068
0
0
122820
0
0
0
3664
1900
51632
14494
2062
0
8447
21498
0
0
77092
0
119239
18492
24583
0
30881
0
139
12891
62873
0
0
55862
0
0
0
0
21278
86132
124408
49283
602
39964
29445
0
13431
54922
48629
0
67745
73571
31397
0
42530
0
23644
48059
0
52078
0
35491
0
21988
0
0
64403
54849
28189
5852
41039
0
0
40279
0
38731
11328
0
0
1626
4912
0
0
0
79146
0
56331
0
0
59462
10572
0
97155
0
0
70308
0
0
10085
12899
0
0
79238
0
0
108952
19796
0
0
52895
72157
0
0
0
6036
0
122182
118004
0
56008
88338
16248
54776
0
6488
66898
0
108492
30978
0
0
46504
33150
0
0
30000
94880
105755
0
0
3346
33626
0
37790
82973
0
0
0
25665
0
17782
0
2803
34747
70166
0
0
30299
0
0
46045
0
53475
0
126282
0
0
0
38157
20190
44641
125170
0
49667
0
0
0
57702
80122
0
104488
6695
8260
0
3788
0
0
0
9815
0
0
0
77674
0
28648
70011
0
0
0
34703
0
106493
26927
20951
0
88358
5145
0
72210
0
0
0
0
123541
81997
61326
34181
0
20041
0
0
13871
50092
0
28518
14178
0
0
2469
0
0
0
0
0
30331
0
878
0
52367
42014
0
11549
0
0
0
0
0
68777
0
48934
0
52221
28832
81862
10932
0
0
10965
0
1521
4108
37749
0
22853
72562
11933
0
0
0
0
76246
62811
0
0
0
115234
5945
3888
2347
744
0
0
0
43139
0
76149
0
6874
0
27380
93999
11430
36115
0
0
0
116613
0
112366
54
3400
19976
0
29719
855
0
0
0
45821
0
0
0
48819
2756
0
0
70734
30801
109792
0
0
0
0
124087
0
0
94538
67544
0
0
8285
0
31157
45788
0
0
0
0
20624
9581
0
76230
5076
116380
89358
49995
0
0
0
0
0
0
0
5453
22153
51506
0
86143
35605
7795
0
453
0
0
10930
0
0
0
49717
74857
0
0
8667
103427
2340
0
29643
0
5661
0
0
0
44821
0
71600
0
48527
0
2949
12306
2437
0
0
86642
1819
0
76439
0
0
0
123306
59357
0
0
0
107099
47940
84403
0
0
2951
64531
38403
0
34672
116214
0
102763
5261
0
67081
41121
83705
0
11976
0
0
0
0
0
105086
0
0
0
6882
0
9609
62703
28907
0
0
15834
30546
45825
0
16308
36716
0
91
0
6708
69922
67202
57944
88323
0
8619
43603
0
0
0
0
114094
41829
0
0
118743
0
0
40918
14000
6000
0
52734
61850
7191
0
9094
96724
37026
108738
0
126364
65860
0
15623
21018
0
0
0
32522
28806
64183
92882
2290
4053
49218
129152
0
0
0
0
0
48717
0
0
109
100801
118491
0
56475
2896
0
61835
27480
11060
35895
0
0
11365
4800
116812
37619
0
12788
34180
24489
13003
0
3132
0
0
114386
0
0
112132
46390
78267
0
0
17638
42905
0
0
48815
103064
0
70325
43344
0
9504
0
0
59052
1586
0
37264
0
7913
0
37604
0
99511
17891
85929
16910
84135
30577
12918
0
80906
0
108665
0
30973
0
98746
36059
0
93732
38307
62512
50239
0
40652
14158
0
0
82428
0
10497
47449
0
13953
57123
33919
0
17149
66327
0
34251
79627
11428
0
93042
0
0
82452
4889
0
0
10231
0
27756
0
0
57153
0
28873
0
79961
22715
0
0
18334
112379
0
0
0
0
87788
6104
0
64282
37053
0
0
102820
25733
0
64627
0
0
0
63609
0
0
0
60772
0
41323
35996
0
0
129591
4249
4914
2976
76291
8080
0
0
355
0
0
0
0
113947
117434
0
0
0
0
0
119356
0
22534
24356
54548
0
52771
0
0
0
118268
0
2464
65645
0
81042
0
3647
45761
21847
0
0
105385
0
10942
6766
19454
0
0
0
69811
3809
0
0
0
33651
42731
105349
95915
61547
0
24550
0
0
51085
27923
0
0
129289
0
18236
0
22699
79444
45231
0
0
29327
13352
10976
0
46199
0
1852
7203
0
69649
0
0
0
0
0
39931
0
0
124798
0
92004
0
106353
2536
0
0
0
0
17301
57165
0
10449
37153
2602
11127
90473
0
9464
26001
124068
38291
36224
7905
0
0
35945
0
22948
0
18547
41161
43684
125344
17549
8490
0
0
9984
10653
74028
11765
0
3305
11063
0
49761
108498
111994
0
7322
115340
122381
19252
66336
675
0
120859
0
37662
53160
82708
0
0
0
44200
0
0
24413
0
0
0
7694
99074
55563
0
90609
44754
0
66942
0
73214
2679
0
78015
22770
0
53073
0
0
941
42061
0
0
0
0
5312
4042
98915
82243
0
23417
0
22210
0
11420
0
0
12230
7844
0
0
122528
50996
44448
0
123390
0
0
67578
19728
0
3975
4563
41093
26804
48337
114737
79809
0
0
0
18685
0
0
39948
0
43194
0
4640
0
0
7090
0
36582
108437
0
115639
0
20948
212
24352
0
119881
6939
72527
5259
0
0
0
7805
102879
0
0
114658
0
0
8753
94518
7749
0
116059
47076
0
0
15335
0
22829
74743
27911
28329
0
0
4878
0
70485
0
30944
68307
0
8850
0
0
73899
30669
11917
39189
71342
0
0
0
0
0
0
0
118579
25580
0
0
101486
100551
30926
0
126380
0
244
94071
0
19879
52194
45429
78630
0
0
0
97267
6854
15777
0
0
0
47796
61470
2821
0
0
97873
4998
55399
0
0
0
0
44194
26840
0
60860
0
0
66676
0
104794
2208
0
5867
0
0
0
0
110255
0
0
0
0
9463
12819
0
0
41374
72027
79743
0
121315
115842
0
29681
14045
1113
0
0
80264
0
0
35056
14572
37362
22009
49659
108640
0
44220
59801
89713
0
95544
53419
33217
0
30160
7819
2238
29022
70121
64861
0
0
0
0
7476
41066
4083
5200
122223
0
0
90251
87389
103268
69169
0
4375
0
15608
6331
42747
0
0
6635
49670
42075
108419
0
0
44109
0
50607
2440
29137
0
0
4916
86876
1337
89631
62462
47496
0
1251
0
19706
1413
19637
117154
0
115578
0
115473
0
0
0
44641
0
0
0
0
0
0
0
0
0
376
55425
82379
78233
0
14526
0
0
128525
3519
0
0
0
0
88428
14759
61617
0
87855
12791
0
26623
21808
78854
32440
114681
96529
0
1163
122577
0
0
1031
83587
0
2233
117089
33657
65994
7754
0
0
85390
55411
91752
7438
0
36502
0
0
0
43475
0
0
62332
13052
0
0
0
0
357
93131
0
4668
96932
72042
0
73710
117145
13113
63498
3010
0
111049
128167
0
0
0
0
6347
19744
115084
7836
48785
0
113499
67902
110425
18553
0
0
70776
14735
27921
82074
2354
24793
13714
0
0
0
58547
4827
0
15443
104346
13608
0
0
1738
2913
12578
12424
0
0
29287
0
69919
0
75153
126059
6464
0
0
114293
127910
34700
0
0
0
91305
0
0
15736
0
107107
0
0
0
65370
0
0
0
0
2736
24100
42866
0
0
10607
0
0
74886
104753
0
0
104822
4303
0
0
0
0
0
38896
0
64777
0
33537
0
0
81451
0
19295
0
0
37904
18564
52580
0
10169
31876
0
0
86149
0
0
10578
12176
0
13094
77261
0
0
129310
0
0
99076
22763
26390
103919
14053
0
65242
53398
96875
35018
0
0
0
4162
91034
90138
88540
112878
0
0
0
0
0
0
86550
38154
0
27
11972
0
105636
114196
18622
0
0
0
96887
103067
1702
71843
0
3410
0
5110
0
127056
0
12544
48316
0
125996
21606
0
0
86435
0
68822
0
118421
0
0
73363
28845
23804
26456
0
0
0
0
101882
116050
77284
0
75281
7105
0
17999
0
0
0
85503
0
0
0
122336
1910
2862
78149
12330
0
86647
0
120596
0
21388
126904
38341
12637
2058
55890
0
0
112973
120072
0
83310
0
0
83122
0
0
0
21984
72437
0
0
1886
0
20719
85360
28436
22682
0
10884
0
0
0
0
10143
0
28643
4145
0
97712
34360
24526
0
9281
0
0
0
0
0
0
0
42862
0
0
0
16652
0
18005
94975
80603
51382
0
62802
44895
0
8878
75111
0
64445
77902
25031
0
0
0
78029
0
0
80852
71697
968
37621
88913
43328
4797
0
125861
0
0
0
19496
44795
41159
0
33386
0
5841
50209
0
31633
0
0
25205
0
78592
47300
0
98558
3264
39323
0
4522
8098
0
115675
95916
58517
49606
0
0
46903
43552
0
0
105344
0
0
0
0
0
71185
0
0
0
0
0
0
0
37782
0
0
0
80883
0
0
0
0
121127
23047
82349
100228
0
3231
23170
11568
83056
0
0
104373
11534
0
1441
15679
18702
2416
20814
31058
0
0
0
0
0
3297
21275
95721
0
0
0
0
0
0
89918
0
0
0
0
0
0
0
12202
105778
0
0
1052
0
9783
0
0
78158
0
39547
74606
48932
0
0
27487
111032
43400
50222
0
27288
69057
0
28763
23741
53175
124
0
0
5425
47403
55878
0
0
88523
5757
6326
5438
0
0
3477
0
128394
13630
23231
7683
0
3031
0
6251
0
20788
46981
108185
53594
0
0
0
14421
0
0
110823
86887
98609
18302
0
0
0
109985
0
28374
0
118313
0
79604
59859
34104
24168
117722
50239
18835
97823
49063
2674
71790
34267
0
0
125111
0
125655
96540
24042
0
0
90391
39447
2503
50949
0
96712
0
33974
0
0
48149
0
0
0
0
37583
1097
24196
0
30883
0
0
0
0
0
4104
12500
0
30142
0
0
47511
120260
106660
128513
66547
126422
1111
65831
12852
2934
36051
35925
0
0
0
29225
0
0
0
125381
0
2919
0
0
23671
0
35978
0
51998
0
0
39184
5072
0
0
1434
0
0
2870
0
960
0
127601
16915
53420
0
12608
3405
0
41792
2007
0
0
0
19082
251
0
126580
0
1070
116918
21181
0
42999
84407
4120
20011
62383
0
12610
78344
8522
34473
76289
41419
18627
0
18850
0
115598
31951
0
0
0
0
58568
0
106341
0
56444
0
0
0
50744
2055
4233
0
35057
0
129145
105631
0
12011
0
6927
0
0
0
85646
30206
0
0
13107
61592
0
0
0
0
8545
0
0
56200
0
7522
0
0
0
0
0
0
23095
0
0
23119
122421
57630
18810
14489
39911
52637
0
9041
16775
27374
54969
26301
11949
1985
0
116651
0
3156
0
27433
0
0
109413
0
18984
5112
0
113053
3349
0
0
0
0
0
0
1248
0
4520
1567
0
77635
17162
108786
0
0
58609
0
21088
0
80151
0
105518
59569
62962
0
12450
51
46565
99308
0
0
620
36417
26897
8596
0
123332
21618
0
0
0
61214
0
0
0
80702
0
0
0
59813
10660
1494
35121
24748
68623
12309
0
24754
8921
21421
104486
0
0
119106
0
124489
3142
9531
21174
112088
38060
0
0
26374
5551
4913
27034
24876
0
0
0
0
4638
67195
0
0
78700
0
7374
0
0
9591
0
0
14434
0
114852
14606
283
95126
9635
0
0
0
0
0
61647
6168
29706
22550
0
0
105912
11728
0
0
21357
0
0
4265
7586
36722
0
38743
0
0
24422
0
0
84056
187
62265
79270
124172
0
13283
0
0
65120
0
0
12209
0
27804
0
0
112378
2468
0
20998
22575
59734
0
32933
46820
3281
450
54924
0
78769
0
85404
0
13527
0
0
101367
0
0
0
0
22605
4398
0
9155
59462
0
82806
0
0
119904
2275
0
0
66577
0
56782
109575
0
0
0
110247
0
81331
0
0
124710
73715
0
15783
12250
70576
0
0
12624
0
90610
0
124682
29919
0
0
85894
16196
0
0
1946
0
122365
122413
779
0
0
0
51303
72771
764
0
24474
31385
40268
5914
52077
0
93940
104324
25165
9000
26814
0
39285
61451
0
12682
23704
0
27478
0
112575
0
0
4148
0
0
0
62608
96632
43817
54471
52607
2523
33635
0
60252
4329
33325
0
2633
30455
0
0
7052
0
37607
50446
32551
0
0
100976
50212
0
0
0
0
32317
459
0
80957
0
0
14303
29138
0
0
36169
71016
0
0
0
0
0
38896
40560
15660
0
0
0
0
0
42967
0
102715
23672
19774
24778
7442
1281
9566
73253
71386
10842
0
0
1170
10932
78208
8300
0
4090
1883
0
124568
0
0
44204
120232
15154
42951
0
119230
39307
63807
0
0
0
0
0
0
2817
124796
2750
7085
4511
0
15473
94371
286
0
32318
0
119768
30661
28839
0
13075
0
0
0
95622
0
18136
0
0
32662
115707
47456
11143
79309
88
0
4043
0
0
0
22320
0
114438
2794
0
20574
0
0
106966
0
0
126180
15053
0
0
106037
43396
33302
46440
123743
0
0
67002
0
4383
6886
60321
9911
46845
11248
19178
0
5834
13381
38538
0
0
74637
0
0
15730
0
0
0
0
79288
4955
0
2891
0
0
23027
0
0
55948
5474
0
3652
112926
82920
0
15832
14182
0
0
19264
0
0
0
0
21546
51165
92089
1939
0
83153
24577
69659
89143
14402
81151
70703
0
28349
20975
0
6588
81655
36871
11688
19050
0
0
87462
69722
0
111123
0
105452
0
0
0
0
0
0
26541
0
34316
13007
0
101258
1257
0
0
0
75486
0
38058
30457
2809
0
125247
0
0
0
6757
0
0
0
12256
27808
0
0
53200
48589
120370
9588
0
99108
120519
0
0
0
589
3022
0
0
72742
71857
0
0
0
31016
48971
0
0
39575
0
0
3347
0
120504
62086
0
29149
18189
0
27523
0
0
0
116927
0
0
0
3755
0
11054
6539
50187
0
5256
2446
0
57510
0
112055
0
0
0
22498
88389
26994
0
113342
0
0
71418
65201
0
0
0
17070
0
0
44142
37918
5243
67850
60729
93579
90874
115044
9420
48267
87244
0
66372
7028
0
0
73930
0
109850
0
0
0
100397
0
0
72097
0
1522
7687
3972
0
58116
83203
0
27897
0
0
19036
0
128867
4285
125127
0
31776
8454
0
111508
81300
41670
0
0
0
0
0
8817
0
86266
121625
0
0
43642
0
74133
0
0
53899
40453
0
0
0
20527
21410
0
83226
2272
0
0
0
0
0
6522
0
63990
0
0
10571
75199
33798
8385
110250
0
2753
14529
64252
11116
50619
887
0
0
0
1394
39680
0
0
0
833
0
5022
11915
0
58291
0
2314
0
0
74151
9258
32134
61489
109210
1959
5090
24693
33568
14723
0
0
67137
0
86189
1792
54583
72346
76579
19655
11631
0
7309
106832
0
0
0
0
26045
50593
122229
2728
106703
0
93673
0
0
26739
0
85770
0
0
66265
12406
5159
8433
20282
0
17054
0
0
70084
0
7425
0
5871
126498
0
16948
53825
0
10920
2455
38776
0
44399
0
0
0
4222
34629
0
113073
0
24230
11555
35917
0
12915
55132
5122
1295
0
0
0
0
96109
0
13581
13682
11562
0
967
100700
0
0
0
58028
0
47459
50385
15735
0
13593
48786
90199
0
0
0
0
95401
12696
80218
0
89889
5757
0
0
0
4520
33152
112848
0
0
9317
0
0
51132
33558
1814
0
27860
0
58081
0
12086
0
0
0
114910
11732
0
6348
105891
0
0
0
39788
0
0
124727
0
116065
80153
73525
0
442
0
0
65102
0
48651
8922
73560
2645
67089
0
0
12909
0
3336
0
0
0
67071
52746
0
0
0
76951
0
85662
9403
0
7727
0
27518
0
0
0
6190
0
7836
0
24784
114251
13146
13851
0
0
60361
0
103163
52679
0
12195
126644
51883
34755
35091
41712
71184
99133
19397
0
18106
2162
0
89762
115776
26831
49340
0
0
60239
29980
0
12610
25971
29708
76393
0
0
11060
0
3140
0
0
0
99212
56348
48911
71364
4414
0
0
0
0
61756
0
0
5726
17306
0
111749
79
57362
0
13548
8483
11383
0
0
0
0
0
62641
0
105483
16481
6739
0
0
63055
0
95034
90509
4321
0
0
0
2083
51056
0
0
23197
0
65189
29419
38040
2712
18874
0
112572
15833
19182
10104
0
0
0
13654
4535
11017
85399
0
15681
9649
5203
0
21042
0
0
1607
0
0
50436
66538
108328
8286
0
0
63732
0
0
228
0
1987
39422
13542
13955
0
102325
77912
65887
0
26524
0
9920
0
116321
44150
122965
0
9490
0
0
55636
11335
0
34965
0
0
0
0
0
2367
3552
0
113351
55110
630
0
23520
0
1105
53352
0
0
113252
0
80968
0
57980
32191
0
48496
61404
0
112651
32797
74503
126994
26136
51648
27467
8187
0
11541
1267
125255
40299
0
22233
0
0
5308
2264
0
31331
0
1783
50520
17968
0
0
18410
0
0
31873
36484
0
35765
119027
33878
29335
4868
0
0
1203
62898
0
0
83811
85099
0
0
0
0
13975
0
0
0
0
0
11412
0
11837
9527
0
13961
0
0
123308
1267
42117
0
0
38361
0
50467
0
104526
108107
75506
111462
9286
9241
0
0
0
0
62204
0
0
0
0
0
112008
12719
16745
375
64857
25873
0
0
13183
43898
79651
51243
17855
37812
111240
62914
1476
34677
0
44135
94542
0
757
0
0
85600
0
0
66454
0
55673
129393
31811
63268
26429
66633
9072
14713
32655
0
0
28418
0
90454
99837
0
0
77874
60865
0
0
72753
85400
9490
2043
104994
72366
7989
3098
111013
11013
0
0
13221
0
100820
12911
43215
58486
0
0
79964
7893
0
85532
102031
12051
71922
99683
0
30206
0
0
98727
0
0
3869
0
0
69357
0
0
0
0
98672
86308
0
34276
0
0
25528
0
1738
0
39844
14614
42475
0
88364
40332
2984
0
129274
0
23667
5591
119008
0
38796
0
13818
0
2682
116811
109109
0
0
35479
4473
0
0
0
0
0
0
91767
0
0
1363
0
41524
3281
0
0
0
0
82333
0
0
83798
98744
21431
0
8393
78469
28274
13942
0
20007
3620
67507
0
3789
12579
69349
95294
0
0
32178
2017
0
0
63361
0
0
48802
0
20418
0
3629
0
3610
0
0
2769
119770
0
0
0
0
52175
39477
0
0
39431
0
0
6836
3434
29116
0
69386
0
86200
33307
0
108985
0
0
37217
82666
0
41424
0
0
9514
18074
128334
0
19151
33991
39032
0
0
107505
97956
0
0
9939
0
0
60094
60355
0
0
51423
0
53586
0
63370
0
0
40726
62689
0
35554
1625
22313
100292
36550
0
0
11289
16779
0
0
0
8288
0
0
0
0
0
2395
0
50425
61693
0
0
107531
0
0
349
69076
17832
22217
0
113540
41043
13080
17746
0
6633
0
34311
28162
56123
0
57830
120893
0
7677
0
0
95212
78445
57180
53648
0
0
17080
35376
49562
54992
71109
0
48318
99476
28817
0
126176
206
95934
0
35734
38037
0
0
8203
0
48279
67691
18495
0
0
1825
58215
0
80251
0
34127
77488
7499
75801
0
9339
0
35730
0
123541
9290
31082
0
0
43736
100724
0
0
0
102328
0
0
41238
72182
12364
9508
2085
67640
0
0
4470
530
27263
0
43257
0
40383
0
22154
31071
9237
0
0
32704
0
0
0
0
0
70082
110200
99132
4572
22917
60993
0
8105
0
127399
17007
17195
0
27290
16191
0
488
26610
4370
44206
53622
275
0
0
0
0
0
35273
0
0
5391
8798
0
0
2908
0
0
0
20862
0
0
0
0
0
0
98547
36568
0
56656
5535
53021
0
0
0
102474
48794
8243
73852
79680
0
0
0
55233
5785
46884
0
16616
0
119668
0
9239
0
19387
8242
3535
0
0
0
0
66045
4615
3204
54359
106369
0
0
104723
0
45505
4233
33320
19076
36402
63051
0
0
0
89258
9552
10441
74174
54984
21856
65605
107016
20547
16258
68061
0
0
63597
123127
0
54640
36452
0
0
0
9075
0
0
40809
56782
1024
80907
0
22133
55731
9348
0
0
0
0
0
73053
0
64508
0
84455
78508
43071
0
1813
0
18796
0
117648
29812
36526
0
2136
0
7901
0
60467
13204
0
0
0
0
98343
0
76841
10989
45834
0
78940
126261
78882
0
5658
127366
92932
62924
0
83290
82454
0
0
55819
32794
0
109147
20674
0
21835
0
0
0
11747
6789
22176
0
40945
0
127134
0
45694
129464
0
5403
0
15067
0
50257
82595
49396
22161
36575
73261
90379
0
0
0
63508
0
120450
0
0
0
0
38853
113675
0
7246
0
0
13183
0
0
31667
54717
0
0
0
115410
4996
8288
35192
48321
62307
25110
0
17093
0
46772
0
83471
7725
34470
73200
0
926
24905
50110
0
0
0
0
0
0
0
79299
0
0
0
0
10152
0
128394
0
58911
0
0
75698
0
0
129101
102488
0
76903
69430
58470
9171
8025
11647
29111
38991
0
115152
1888
37947
5563
0
0
0
0
74869
0
0
0
0
77136
7052
68541
0
0
0
109772
0
17997
8527
0
127807
8535
0
0
119259
0
120382
0
0
95669
0
0
0
0
0
102659
27993
7628
0
35322
0
122638
0
0
0
0
3275
0
51405
0
17134
0
55695
0
8874
4370
62778
35425
96422
0
0
67091
0
0
91921
100593
0
51432
0
40338
0
0
104623
21531
35693
49185
10806
0
0
12314
101294
0
5341
0
0
0
0
95
0
0
54517
44480
27221
77221
0
8040
0
78461
0
101993
27825
0
0
12108
104937
0
0
0
44892
20238
43245
84553
50869
0
3430
8173
65951
61693
41277
0
31077
49449
0
0
91590
4208
0
0
70621
43152
0
25620
6372
0
34976
13458
0
3300
39027
6147
35094
20725
92718
68966
5396
116174
0
7741
0
0
89392
16693
63455
0
78033
0
89278
3224
0
213
0
63664
27543
54147
0
70008
34953
50439
0
0
79322
17695
0
0
11909
0
63714
19655
33513
0
99256
0
0
0
763
0
0
45326
80616
0
22766
73917
118775
0
13304
32843
78743
0
33113
0
0
92529
0
114397
0
0
0
115018
0
0
0
67058
106746
0
30596
101138
0
4015
0
95673
49110
8025
59100
86948
0
0
0
99449
0
102008
19967
0
0
17032
0
15674
0
21262
16758
1222
92034
0
62347
0
0
22122
105894
25044
36475
28688
7977
0
45956
0
0
43743
0
57214
80670
58242
28161
114656
110808
0
0
39970
26061
17714
9573
20205
58525
0
0
0
67254
10544
0
33023
40292
0
0
0
0
0
0
26589
39613
32385
13471
18141
48421
13667
4225
94816
12212
8856
928
0
2425
0
126317
0
17504
0
50930
8181
0
118288
35349
53546
0
0
0
8086
0
0
987
29303
0
103921
0
8313
36825
21692
0
32896
0
970
0
0
109305
0
96945
0
118714
63838
21721
0
0
0
16972
51114
0
85985
0
10496
106746
0
127476
110447
25545
116070
1275
0
115697
19564
70719
45046
75912
0
539
0
0
0
127128
0
0
0
25742
108352
52154
0
0
86519
72121
0
48871
0
1128
41872
49486
21860
68583
0
0
53845
0
0
60765
35070
0
126414
76201
34372
0
768
0
0
0
5508
0
4347
0
43287
57372
42140
0
0
0
82610
0
0
0
28241
0
4730
0
0
37174
1933
35148
0
114611
94408
30395
0
31021
87502
0
43123
0
29127
0
106280
0
0
0
89837
116799
0
45061
0
0
0
0
0
0
30278
0
0
0
44641
0
65652
0
0
24957
0
0
90217
0
9331
8065
0
5697
53610
48059
0
0
8237
62093
62119
0
61935
0
0
0
58148
1137
26146
12223
0
95746
2009
10871
62108
0
0
115832
0
0
0
53125
61860
69009
0
0
8223
17505
110137
22550
0
23910
61110
10280
50073
24442
26577
0
27545
74664
62588
0
0
0
21676
0
47786
126930
0
89573
20278
0
25790
0
54806
50332
0
0
0
0
80589
0
0
0
0
0
0
36846
88345
118787
68616
0
0
0
0
0
0
24841
108269
0
0
0
99025
99426
31052
100143
4242
109970
0
0
0
0
0
0
0
0
27573
0
0
120165
18297
45881
16870
51348
33289
0
0
9341
16656
96419
46823
0
25875
0
0
113585
0
0
0
36336
6452
0
0
0
0
0
77810
0
0
0
1606
0
0
0
52978
60739
57660
79047
0
114568
0
0
64551
0
100514
105709
16721
84384
0
122902
38679
32964
0
9296
10700
19781
0
0
110280
0
19348
18316
36819
0
89770
102327
15771
0
0
21629
114109
0
0
38136
13224
0
0
2795
110970
98989
3251
0
0
0
98425
6414
69285
0
51
98663
127984
0
25110
0
30680
10641
0
11781
77320
12705
86842
30524
0
0
64614
0
31154
0
0
0
64032
5703
75005
115763
30287
53603
0
114232
89682
0
0
0
0
3992
0
0
28817
0
33930
0
0
0
59813
74258
701
0
0
0
0
93769
0
76543
118016
0
0
0
0
0
5929
5977
60433
38109
63164
112504
0
0
3046
9384
29346
5060
0
0
68843
74779
8609
0
0
0
0
0
0
0
128063
78772
0
103260
9877
0
13537
15330
23308
0
0
18736
21635
24607
0
0
107684
21296
59333
0
0
0
96938
113603
0
0
65154
116345
0
0
0
0
77155
9277
0
0
24347
25704
2003
13462
0
39744
0
80991
62741
0
123632
0
0
34876
8189
0
0
0
6918
0
0
6362
0
38399
0
0
0
28398
100410
0
0
0
0
0
4449
14979
0
40446
0
57766
5621
104197
118627
0
0
96900
0
20532
0
0
0
84040
3056
0
0
83413
0
5724
0
80747
1401
108304
0
57173
33219
65411
21412
112317
0
73491
0
0
84966
0
0
6876
0
21506
96152
113746
24849
11730
0
0
3658
0
32252
54945
11160
33764
0
43532
11602
0
12530
0
9528
1935
29079
113621
88334
0
54881
0
0
0
0
0
0
11634
0
0
0
9637
8116
40293
938
0
2537
0
739
0
3504
0
66566
58717
0
126343
127825
0
0
107430
5453
87133
93145
0
59261
5722
0
3732
89474
0
0
11742
0
0
9537
0
119399
63513
0
9318
7793
51610
0
11713
3419
88983
97701
0
100345
0
26804
12610
125043
67053
124360
124461
74598
0
111470
17572
19341
18993
12696
22651
0
22141
82417
35378
70275
5805
27964
39584
98310
23885
39457
99463
1251
12763
0
0
0
101668
41758
0
0
0
128134
0
0
80968
117506
0
0
6519
37941
57829
18391
0
7958
1666
0
0
58755
0
25939
55519
4989
37513
22389
3559
0
38227
128
63299
0
0
106801
13070
123162
30988
0
0
3857
0
72354
0
36516
0
47650
0
88420
20497
0
26563
8100
0
26388
116033
9194
110155
6774
0
0
30904
0
0
1539
74293
110970
0
0
76483
88459
53709
98224
79088
15375
84451
0
0
0
0
104520
0
33142
0
0
0
0
2118
67455
0
40404
0
0
0
0
47643
91747
50
101409
61158
86792
105169
5608
0
59029
50010
44896
0
0
0
89587
4855
0
0
0
50798
3229
6941
48388
54542
0
0
0
41533
52588
51781
0
41216
0
0
69732
86222
79600
83888
117042
116801
22456
7360
38647
28253
29125
0
41800
5682
105427
0
0
0
107504
34818
81
60253
0
0
7859
0
8612
43415
23956
0
0
29571
0
29986
76674
59298
0
67019
10093
0
0
0
47353
0
71866
0
0
64207
1101
550
34726
86016
0
25637
0
45886
47570
18506
0
10061
113592
13212
0
31637
0
0
49601
0
0
0
100730
4632
0
0
46687
0
68109
0
114193
75441
0
0
0
0
33125
0
15396
1204
0
0
0
12613
60629
62779
24257
8463
0
7941
0
0
36166
0
84400
82895
0
72050
92483
106186
0
69456
0
32248
26907
7402
44190
23030
0
46235
5643
42386
0
0
850
15706
92641
129724
0
0
41123
661
43914
111874
43028
8987
128770
5403
11170
106819
126568
0
0
40621
0
0
6669
0
51383
0
0
39374
0
0
0
127307
80816
104880
114686
0
31688
3308
0
115404
7471
7627
2805
0
0
2617
128675
0
0
0
1843
0
113420
0
0
70277
44113
0
27424
0
43743
0
0
5805
0
75529
0
18735
10291
0
0
76477
1916
41446
62531
80471
86036
36526
0
0
0
31602
4287
13616
0
0
0
0
14103
76326
0
36062
0
0
0
6766
15944
32577
0
0
112268
76724
20623
30349
3212
0
0
5182
0
0
15572
45177
67113
27827
8414
0
37217
11165
91129
20230
0
0
45560
0
0
91996
55300
68326
0
83598
7181
0
4598
29944
0
22976
42470
0
52824
17899
123531
35294
0
0
21359
91316
47239
16135
315
67678
0
412
42243
0
41457
24855
0
1588
45470
5981
9920
30969
0
322
105965
0
5105
0
0
0
74177
0
66657
128861
0
84994
20336
0
28665
6136
0
0
23541
0
46296
36108
0
0
0
111279
0
100563
0
1540
0
48565
0
30593
92731
17006
0
118317
21344
59890
0
42272
66094
0
0
18994
0
35301
0
0
13866
6075
32744
0
69103
16905
36195
24268
0
0
0
0
0
0
0
71385
28609
0
9572
0
30284
123874
0
43608
0
0
0
104966
8736
70788
0
0
0
81583
0
9637
119277
40934
0
0
40927
0
0
113570
0
50984
0
0
0
49104
0
48657
0
0
1672
0
0
32508
114090
86822
23541
0
0
0
0
171
33228
0
0
24404
18272
0
0
8790
57715
18326
0
49292
2591
0
0
0
84733
0
39721
684
0
0
85663
2242
0
0
0
0
87900
5955
20419
0
17167
12292
75240
0
0
14486
0
0
0
0
0
91232
0
0
0
0
0
129248
109057
0
7172
0
6496
0
36940
0
0
0
0
0
0
66418
0
0
125964
17571
1534
0
34661
0
43329
0
0
25030
0
0
91408
84508
0
52675
0
23938
72937
9466
41549
30373
11426
0
3659
0
0
0
79811
0
0
0
39010
0
8434
0
45234
0
22833
0
19179
0
0
19510
0
0
110502
23063
0
119592
0
102553
0
0
69231
59463
0
118123
0
0
90172
0
28903
1981
0
110502
0
0
110492
0
42987
100
3928
0
0
0
0
0
64748
8898
0
13652
14291
0
0
0
0
0
65254
57419
63974
4910
0
24293
0
28850
67245
0
6842
24092
26968
106043
0
58522
14128
0
0
0
86616
34271
0
0
61324
0
0
113746
35442
0
63477
82212
86688
37599
13510
0
2392
3361
0
0
32390
0
0
0
0
8945
10552
81340
5893
0
0
70419
0
0
0
10376
55490
0
0
9550
0
65999
107585
11826
39660
0
85195
51016
24513
71371
29202
34137
0
4459
0
0
44893
31182
72040
0
0
0
0
0
3726
63708
17703
0
0
103592
0
76318
0
42837
0
0
15887
0
0
0
0
0
0
0
38504
2698
16625
0
1250
0
0
41293
8857
7309
98892
119770
0
0
83710
0
117522
28514
0
0
0
0
11668
0
0
7690
0
0
8149
115379
19571
113871
114421
0
11282
69174
106156
0
114017
0
0
0
0
0
502
0
117856
75851
43610
118993
0
35805
43088
0
6540
0
0
77648
0
328
56567
0
117458
6549
104180
4300
0
72054
122023
0
0
0
0
0
5556
55903
0
35934
9714
6174
9218
0
8100
0
58568
180
0
4317
7726
21659
0
15983
0
88777
0
0
118357
0
12578
33885
0
5223
38092
0
42321
0
0
102045
0
0
18781
55691
73312
0
91874
360
72684
6657
55571
0
0
5901
8939
58052
0
0
0
3501
0
15698
0
107471
2360
0
0
37765
84812
0
12267
0
9493
12347
0
0
74349
0
4780
6596
0
0
126514
0
0
7891
30210
51557
0
45100
47531
0
0
0
0
0
88775
26387
108555
21891
0
31369
0
102720
0
57250
68469
103565
0
4712
69629
0
21316
45360
0
81282
0
0
0
0
78019
0
0
89195
0
42767
95717
8263
0
33627
0
0
0
0
42303
111928
60091
9487
0
4445
0
0
51729
0
77962
61470
42569
77450
0
0
59878
116331
0
114815
0
10823
55640
30371
94128
8996
13448
0
0
43305
0
101171
128982
0
0
29148
3786
0
0
0
9865
0
0
78022
0
0
0
0
44395
118797
0
0
4580
11523
11017
0
0
0
20378
120603
0
0
0
0
0
5029
44247
0
21612
0
0
0
0
20695
42110
0
0
0
13721
2695
90352
2881
0
0
0
22042
0
0
71781
0
12813
10140
0
36157
1912
975
7446
0
0
10422
0
0
22387
0
3317
0
53795
19783
21245
34845
8007
9284
10848
0
122652
0
1912
11151
47192
0
0
0
115
0
34744
50442
10047
88554
16465
12006
9393
45289
0
67217
11618
27269
77991
106091
26004
0
6821
0
42789
52708
36028
79419
10124
0
52762
16257
0
0
0
66067
112752
101954
0
0
45261
0
0
917
0
2899
0
0
60649
0
0
35439
0
3438
14473
0
0
0
53726
88115
13663
0
0
0
75737
0
57767
58371
0
120764
0
3324
0
57125
23121
41377
78561
0
2495
1643
30868
80920
78141
1930
17746
45950
91494
0
33543
0
15805
0
0
81732
0
483
73601
0
0
48632
19145
40521
0
57073
31971
12608
0
11900
109310
0
73319
0
0
0
3679
3266
53486
63487
96075
0
85675
0
0
49459
9900
0
0
0
18762
0
65360
2368
0
0
36400
17388
0
0
0
40306
0
0
19705
2107
41382
41710
8020
0
0
16112
111898
32574
102601
0
42389
7613
82955
0
28220
5322
28309
60584
0
101949
87467
0
50860
15007
17380
0
0
12776
8220
23848
0
0
13492
67666
0
9253
0
125389
1534
0
0
0
0
17924
5672
92529
0
21440
3376
0
105560
119488
0
0
0
88070
0
0
7999
0
0
0
36101
0
0
0
0
0
2994
124436
78948
59627
89847
0
0
2681
0
83179
119622
0
0
105231
0
0
0
14518
14742
37059
0
0
0
0
0
0
29943
827
100744
28287
0
44543
0
0
0
0
9602
0
25074
9173
88714
17278
70490
0
101548
0
83865
0
0
37568
2381
0
0
99203
0
29905
0
0
45624
0
0
0
20359
0
124867
31878
11584
31960
71056
0
39738
0
49381
0
8141
2241
0
67225
23309
0
0
0
0
16144
0
63194
65552
119891
0
0
0
0
1705
7506
77475
95292
40127
109861
0
0
102109
0
53563
77394
16306
21152
0
50267
8339
8229
0
52713
9127
0
0
0
92033
0
6785
7546
0
0
39688
0
91512
0
15405
16441
37694
0
37328
45494
31230
126195
17007
0
49795
99875
69667
0
0
20689
9445
8738
0
27181
37915
26267
64937
0
0
0
48626
85791
224
37349
74793
69922
69873
114361
42346
0
3935
0
97789
46321
71089
34969
0
0
98481
56051
0
0
38769
0
22297
20464
0
6404
10407
0
0
21524
111736
62183
118269
967
1372
0
0
126707
39917
65413
0
8679
78019
53191
0
47965
0
46567
0
4005
0
0
0
0
4374
0
0
34825
30838
57745
0
65152
52202
0
21865
68923
0
0
114294
0
29588
0
54698
0
0
0
30446
55537
76501
126532
0
0
0
0
12572
16210
108254
2242
56375
0
82077
548
0
0
0
68394
0
0
0
0
0
114180
65680
56321
18837
33601
0
0
0
119092
60195
74132
48237
0
40261
1282
18907
21174
56806
98502
0
0
11530
0
0
122496
6980
0
9263
0
0
0
0
0
104375
0
5656
84801
0
107795
0
0
104116
0
0
27819
71543
11450
33319
29350
5507
0
0
28455
5477
29045
18681
12662
123434
36059
0
0
0
44555
126765
92953
41689
22623
0
73477
0
24069
49415
28517
56582
106427
0
0
124814
0
0
45871
0
0
6190
73917
50731
122821
47795
47706
0
0
0
53051
6548
21537
0
96603
71430
0
0
10967
11544
7723
4937
31691
0
28885
41590
46056
0
16
0
0
58891
73286
0
0
3372
78045
0
45066
58570
0
0
0
0
19964
0
0
116486
0
0
291
0
0
63141
43205
44699
0
35296
108670
56246
0
0
36599
74239
0
0
0
0
25253
48907
123830
35014
0
0
0
0
98857
0
21007
60180
0
2819
0
0
26172
50287
0
0
78973
0
42607
36722
22910
0
85731
90738
0
0
0
61265
5020
98865
0
0
115944
0
0
71046
18153
22109
59545
0
0
80462
27781
70899
0
90873
0
0
0
49277
3482
3213
0
28438
63431
111759
21683
0
28916
0
1436
120601
0
18892
0
0
8353
36423
84177
0
0
74810
68476
0
0
0
46025
0
0
0
45280
336
0
0
1905
48493
0
2993
0
4711
0
22109
0
30575
0
0
0
0
62125
12929
0
0
7329
24642
0
22691
0
32976
0
0
109337
63709
53228
116094
12822
39569
0
6141
0
79332
0
23187
5263
0
129425
85
41349
6438
38221
92090
19152
11956
0
26328
46926
0
0
10778
18755
0
0
9632
333
33567
0
0
20862
0
12880
11404
8844
11740
120177
0
0
109592
17927
0
89520
0
0
0
56959
0
0
10756
0
0
43280
4532
60839
0
0
17511
38808
62008
39317
7443
46202
26394
0
10984
0
0
6021
0
6223
0
0
0
40550
18791
0
120070
38416
20892
0
0
0
48381
111653
38774
42161
37203
0
54061
0
0
104489
0
0
12531
0
32703
0
27367
43224
0
39427
0
9827
15120
0
62786
32059
88419
63505
119723
20034
41154
9615
0
0
28115
5889
7849
120398
6241
21646
570
50118
61049
62739
96242
27177
34577
484
0
4689
0
117678
66297
0
107727
69287
0
96921
0
121913
0
75769
0
0
107021
0
705
41834
0
66939
0
1747
0
0
20016
56646
0
0
87396
32828
0
0
128871
0
0
0
0
55019
88063
0
77395
8534
0
23973
17552
0
55709
0
14850
122779
62045
44461
0
0
10439
44496
0
90263
1526
0
0
17443
0
62452
0
0
0
0
0
0
3519
0
0
57778
0
0
0
0
0
110521
0
40262
51361
15863
21863
23885
38409
67270
117232
40254
108362
0
60293
24815
53142
123189
9198
0
190
0
1685
85389
42032
0
0
0
0
27244
12660
7718
10029
46942
510
65833
0
0
13602
106669
0
21088
0
52973
0
49757
42709
0
31120
3902
0
81561
18088
24488
0
0
0
0
51711
0
69537
31243
441
2488
0
0
126330
2215
17253
0
92058
0
0
64520
0
118314
65343
0
44212
12006
122533
23019
0
29756
0
105102
0
123599
0
0
2203
116898
32367
0
76471
40389
64093
0
0
8718
0
79835
13353
29221
78505
10633
129708
0
38759
0
31540
32158
0
0
12141
0
9277
12376
5008
0
67688
0
99491
56920
56165
21272
61837
0
91594
92527
5357
0
0
19691
22311
1890
0
0
1062
101727
0
0
0
0
0
77158
17510
5510
0
123998
47876
0
0
64278
30187
11164
0
27976
0
0
54711
37588
0
33598
80404
2232
29296
0
1337
15536
54524
1880
0
24816
17936
0
0
0
0
87605
0
7415
0
2273
0
105935
117144
49139
0
0
106425
0
9714
36712
65754
120193
18206
0
0
52892
29804
0
0
0
0
53057
0
41095
49575
10784
34905
2039
68744
11133
111468
5445
0
0
34698
0
0
0
8735
0
7531
88013
75383
60080
30937
0
28419
0
0
83094
0
0
80395
101340
36036
41789
78670
5680
0
128544
30193
0
0
52664
0
60359
82253
0
0
0
93733
0
0
0
91733
66400
0
0
0
0
0
0
41608
0
0
0
0
0
21414
11766
85116
0
0
0
0
75323
109060
108647
30361
0
0
13257
0
0
0
0
58500
0
88776
0
33227
8258
3936
73205
90990
367
0
94782
0
0
0
0
34979
0
0
0
75703
27163
9206
17431
19630
0
0
0
28664
0
0
0
3033
40906
0
11546
0
33828
30173
89320
34412
29439
12706
0
0
0
91789
0
7857
0
31164
12176
24012
0
13320
105266
0
116483
1630
12917
62647
62261
48305
122693
115018
0
0
0
30785
7700
24891
0
9683
61834
0
6248
0
0
0
0
0
0
9194
62067
9246
0
1387
103199
82754
0
125293
0
101414
0
0
16299
127061
0
4666
0
26701
9367
37524
0
17278
0
0
0
0
3266
0
97141
0
0
122640
0
0
13350
107368
0
42161
3805
27457
56720
83353
91756
0
6701
69177
0
66006
10538
0
505
0
0
0
2724
0
0
120047
0
0
0
0
0
0
0
100484
0
0
24395
0
16506
0
0
0
0
30397
81546
30807
3585
116775
69158
38646
103795
11911
0
28999
0
52358
12035
2532
14466
0
30188
4166
0
0
40715
88630
4281
27071
0
100901
93962
0
0
14758
0
32700
0
49368
0
0
0
802
0
0
38558
125690
107432
3566
0
54471
0
0
0
38750
71311
19477
15177
52743
0
34258
0
4246
0
0
0
39442
113006
0
5467
0
12607
26499
3790
0
21666
81581
33199
107174
0
0
0
109908
79431
0
1040
21834
97318
0
0
0
96164
0
81412
0
0
36165
0
0
0
0
0
0
6489
124684
0
43581
8549
2396
128188
114430
0
64450
35030
19567
0
0
41823
0
17289
0
0
118784
6767
48394
0
34325
3142
78918
94612
0
0
0
115317
868
0
104043
0
12546
0
30255
40071
0
72445
106300
0
0
3467
0
0
30055
75180
21182
18451
45608
92513
0
0
0
0
66785
16629
0
0
42268
6798
47086
32951
0
78604
88856
81739
0
0
0
17312
0
10764
36046
0
67986
74552
54665
20087
54552
0
125362
7689
19719
2085
0
0
0
58017
78639
5049
50189
0
0
86110
9818
58491
10057
0
117608
58053
122766
0
98802
0
0
0
0
28979
0
0
0
58222
0
31882
0
0
0
0
0
0
0
0
12029
44210
0
0
0
41556
0
0
9241
0
0
19589
108531
0
90238
74677
47424
115443
6345
19662
0
22784
0
15691
0
80568
14867
0
0
37110
1004
0
0
29272
0
0
20166
0
0
0
0
0
0
121369
56378
0
0
17959
0
45734
0
0
8310
0
0
125990
27738
0
0
40064
0
72886
13389
115392
92880
67202
3775
54233
4892
111451
0
0
0
129880
0
2854
42983
22287
0
25015
22378
89087
22129
0
30689
0
0
18853
0
23588
14093
57915
61205
0
123962
11222
0
99513
0
20552
0
0
0
0
0
0
35221
0
97551
32216
98418
21515
9193
10243
48138
62638
21519
75478
40431
0
127575
9999
0
0
25764
0
59868
8098
110711
2110
0
68956
18098
0
77921
0
0
18806
13698
128909
0
1299
0
0
0
0
0
0
90647
127564
34354
27166
0
0
22892
27628
0
116025
10222
0
0
108950
109145
0
118
0
0
62867
63178
0
0
0
0
0
49997
105102
20198
0
39175
0
32809
124948
5078
117190
0
0
23670
0
0
0
0
39296
84695
0
0
0
49615
0
163
117671
3868
19819
50546
0
92390
45234
22863
0
0
0
87130
13081
33559
50084
86539
0
83791
40885
0
122687
10256
0
9926
39802
23555
80619
29522
34515
0
0
0
71337
0
46389
87795
0
0
53439
0
0
76700
0
17486
6957
98879
30793
10430
91513
0
0
17999
0
2435
799
70712
0
17924
0
73089
0
0
121037
0
0
4186
98295
0
0
4912
0
17324
6115
15025
0
41811
92009
0
0
121558
0
0
53260
76437
7739
0
0
32564
54729
0
43682
46621
126137
13289
68477
0
824
52161
0
0
6251
0
0
37233
25227
0
0
44546
0
0
0
0
0
15927
54344
0
3416
0
53102
0
25017
77638
108586
0
0
0
0
129143
96128
0
103565
16813
26885
0
0
0
0
103924
25741
7208
59015
0
0
390
0
49279
10914
6589
0
27783
0
0
2339
0
0
0
1778
72031
2844
0
0
49504
35199
0
0
0
34844
0
84509
0
15646
0
0
0
0
91753
48441
60669
0
0
25366
38208
37315
99438
120897
0
31854
0
0
34945
8776
35263
8100
0
122747
123874
0
0
0
0
103310
13605
55495
14427
0
37773
0
0
525
87091
123744
117459
100266
0
0
0
0
0
0
110842
50231
11834
0
124996
105146
19466
76077
55331
0
0
0
114579
56381
0
19849
0
59229
0
34535
94214
106872
79370
87633
19299
0
53304
93516
23830
0
0
0
0
21697
8448
0
12176
35800
16067
0
0
0
0
0
0
0
2254
0
88331
0
0
93936
0
0
64106
58065
10992
0
6286
0
5599
0
0
0
3207
0
1723
0
120223
7306
22259
70263
58577
23240
26676
62338
0
0
83104
70688
98406
0
56209
0
0
0
28028
0
45930
62073
0
22545
95954
3426
0
0
0
0
0
57757
0
47557
0
35583
0
40487
5557
120262
63754
41263
0
0
17428
0
72782
94231
0
56140
67390
0
42826
44434
12682
166
37174
0
0
37351
8474
85329
99669
0
0
0
37802
116059
0
0
4639
83130
83282
115756
12101
0
0
0
23555
0
0
0
0
0
37891
0
0
41438
0
96629
15633
84306
67477
0
52229
0
0
0
61633
26767
0
0
22197
0
9470
115538
43025
41883
2326
44812
99690
0
0
0
0
0
10611
57017
0
0
0
13954
14402
110287
0
0
58109
40283
0
0
88570
43098
0
82435
293
0
100620
52182
120162
116206
0
0
0
0
47481
138
0
0
62604
42451
29414
84985
0
0
27797
98280
0
2055
129658
60389
0
0
0
0
45297
17643
0
30053
0
0
62
0
0
11772
8373
14148
32212
0
0
0
0
0
0
46930
17010
99908
0
0
45540
0
35163
15144
0
0
0
0
5325
0
16327
30861
0
0
0
43063
0
61451
0
51365
8483
0
13530
57080
97117
1300
0
0
0
97767
0
0
39128
84270
0
10772
0
13676
26596
5587
1263
0
112893
0
40297
0
42645
9851
42091
64817
0
0
18401
85302
0
26805
0
0
0
12295
0
4823
0
45509
19339
106709
0
4649
58927
0
17005
29641
56359
45009
289
0
45479
56732
0
10863
0
0
25536
0
0
57330
0
42862
0
8917
127749
11791
36876
0
58965
37558
0
74798
14685
25236
0
0
6241
1124
0
32402
0
0
0
0
13039
0
34578
32883
14061
12576
102979
0
0
0
13905
17177
63189
39910
22791
0
6453
0
0
0
6339
120163
11924
53580
0
868
117959
0
0
0
14162
128229
6375
114369
2964
0
0
60749
3562
100990
1347
0
0
3860
0
0
0
6349
0
0
0
82894
60650
26848
0
115343
0
0
118935
16132
0
3900
124664
0
54569
0
0
0
99779
97293
0
0
86450
0
0
65831
78455
0
0
67750
57556
0
70032
105415
0
5758
0
5351
46422
82139
0
0
0
88855
10713
32121
0
62368
25202
103339
4183
126594
60312
0
0
0
0
16018
81111
42625
8255
0
0
0
0
127899
0
0
0
0
42620
0
42964
56337
25050
102579
0
99873
51283
0
0
69810
6707
2276
0
63407
0
0
22812
0
0
75959
0
115614
0
27548
0
0
24629
0
54751
0
80823
0
59464
0
0
0
0
34858
0
69821
16983
0
0
126489
0
41282
33524
0
20033
98251
64391
91073
23062
35778
0
10463
4950
10402
27672
0
64019
0
39930
0
0
108789
0
0
9434
0
26347
99487
20320
0
50330
0
9887
0
0
93271
0
82146
7102
1096
91989
0
115332
0
101610
0
0
4440
0
0
51773
55801
54840
32344
9491
0
16476
16123
0
0
0
0
10566
82914
0
62326
0
12272
63032
0
0
99668
0
0
5496
9413
28033
0
7898
8227
0
122589
0
0
81902
20211
20168
0
6812
0
22945
69758
0
0
0
0
0
0
0
0
0
0
29889
0
0
15780
0
0
0
0
84611
15409
0
0
0
126617
0
12239
78615
76611
0
0
0
0
67578
0
0
0
0
109418
63899
42045
25141
0
54273
0
48501
0
8226
9169
0
0
0
48189
58218
11001
0
0
1598
0
0
13103
104385
65933
11797
0
1031
26779
0
12649
0
36580
49174
0
15297
109090
48659
99386
0
22044
0
4502
0
81025
5054
58735
15462
0
0
5628
0
0
42726
110855
0
123023
0
39815
0
69864
0
12193
55847
51595
28281
0
2271
0
0
0
0
4997
0
57622
0
85768
0
0
44361
0
0
65488
116006
0
0
0
0
9625
8491
0
5945
0
0
11072
43810
18556
0
13644
123227
0
81179
60342
65436
2559
0
26164
56574
65498
0
28608
91852
32962
0
24058
76779
111288
0
98850
0
0
0
31244
0
0
109760
0
19815
90823
336
6145
0
103620
0
0
59285
56594
0
0
28378
3522
21979
31917
65965
101571
0
78207
0
104288
11548
64867
0
0
48740
0
52225
83607
15703
1094
83419
0
67872
0
0
0
0
0
56153
43562
8221
35175
13009
64264
0
52598
104617
0
0
22013
102707
0
117709
0
47375
113570
0
61366
0
0
37352
0
0
2453
12095
7881
30261
3514
62032
0
127685
101532
2433
0
0
123347
13703
56720
0
0
0
38005
19059
0
9032
112178
0
32948
0
354
1580
81273
80267
24
99923
21529
0
29676
0
45982
106390
51860
0
0
0
5380
0
134
13035
81844
104217
51757
0
51600
113194
31570
0
74211
64581
127725
6669
118828
9934
74585
45087
33355
0
121385
126505
90972
67061
0
7727
107950
20593
0
1250
36192
0
0
99318
0
26098
0
0
80238
0
85397
0
0
0
12058
22599
58356
0
63945
12488
103593
0
0
0
0
110518
0
42389
0
110433
0
111835
26931
12320
0
0
108124
0
0
0
0
0
44856
48801
0
79922
109946
0
0
3442
0
9670
0
76017
1577
92925
0
62778
114396
0
0
31554
0
3110
0
26134
0
61357
0
56697
55580
78044
0
13209
47084
59374
108430
0
125754
0
0
7113
5309
37449
0
26958
22766
20917
6124
0
0
115440
72152
0
0
2024
42438
59153
3433
0
76816
0
3507
0
64019
385
59907
38043
0
0
99363
34959
0
64748
0
124246
3980
0
90450
0
65506
0
0
0
97226
0
28044
0
0
0
1406
0
0
5893
36263
0
60134
56139
0
0
0
0
0
0
127164
0
26142
0
34065
8539
0
4257
0
9580
5918
8785
0
119091
21619
11124
0
82652
6060
0
0
10419
7904
16564
52817
0
6951
0
0
0
2077
0
0
36023
6623
0
0
70664
9059
0
0
75597
99025
0
0
38481
0
6697
0
104168
24610
0
0
0
0
0
11956
0
3305
0
0
0
111892
0
78702
13708
0
0
0
0
0
0
0
112882
119781
0
120943
0
12991
0
0
0
84352
69082
108884
111364
0
95762
10315
66471
0
110512
0
0
0
57733
0
101297
0
33540
0
2089
77147
103358
0
109311
20892
3080
41444
4229
0
0
0
0
0
3884
0
61652
20102
21810
34001
8179
0
0
0
0
3568
0
18930
0
0
69742
127713
65208
0
0
0
0
47869
0
0
128192
1858
0
10874
7147
0
64606
0
0
0
0
6252
0
97219
91478
0
0
0
0
19904
0
0
72126
36540
0
26070
40599
10023
83422
16878
33199
0
126480
0
20195
19430
0
0
77585
33883
66067
40793
0
0
0
0
8612
68077
64140
77596
0
33114
12616
124994
8679
88583
25056
93775
0
3132
73396
97049
0
79085
0
0
0
0
67744
82283
3465
2336
0
0
32434
11167
35359
0
0
7985
46419
113413
0
0
0
0
0
56776
0
11779
0
0
0
0
0
0
108586
0
0
72827
54148
32025
26791
6972
21905
38593
0
58264
0
34749
112851
11986
17375
89747
0
0
0
62405
0
46466
46986
0
37311
0
44672
9469
129157
0
0
81393
14831
34006
20858
87138
0
21931
0
0
0
0
126037
0
0
455
0
8220
0
0
0
0
0
93176
22909
0
71748
18206
0
13563
0
0
5907
0
0
11018
0
0
0
0
0
32318
90107
0
44026
0
0
0
0
71079
75093
0
0
0
15044
46143
0
38677
12154
0
0
0
0
44810
0
577
180
21032
46633
70327
0
35114
22587
703
0
0
4744
0
110556
80169
0
54694
36934
11359
78808
5861
0
12319
7528
0
6470
104589
124870
21426
43365
0
33642
0
0
35726
103238
0
0
0
70931
27624
0
30696
23876
11810
7671
1807
74243
0
6589
0
5650
0
34408
58721
37367
21375
0
0
0
83682
50431
0
42249
51168
0
59146
68086
0
28464
0
110341
114818
0
34319
45479
0
57256
117316
20759
0
0
0
0
0
29692
67097
0
0
0
0
0
7901
0
0
22539
0
0
53301
0
0
5978
0
87024
76019
0
89265
7757
25866
0
9784
0
10911
342
4042
0
11774
83607
24446
0
0
0
80555
13348
0
110113
0
0
18604
0
0
0
14908
12412
0
0
0
0
0
0
0
0
0
39108
0
52343
51120
0
0
13060
92855
79867
64017
104040
109451
0
241
1600
25797
0
0
9891
18950
108119
13953
35983
17959
0
0
0
39988
72765
73889
0
0
0
62846
0
0
83177
0
3332
83533
113008
32722
89448
0
0
0
22282
41016
0
0
964
0
4969
82541
23389
0
22145
75429
24012
25874
10559
74219
0
0
0
0
43542
65451
19351
59576
83055
109499
57702
29944
0
6659
0
0
1158
21711
82041
0
37178
0
0
0
0
2940
0
30834
0
0
0
25547
11167
38767
0
71798
31891
0
23803
45876
3318
0
13670
67863
0
0
0
0
0
30414
29488
28697
0
107830
0
0
57434
0
0
0
19539
45560
0
15938
45980
44992
0
0
56952
0
0
0
105709
0
0
9037
5976
52764
19483
67180
5998
0
0
97470
123508
0
116808
121788
21484
0
0
7749
0
0
0
9216
32466
14550
0
0
19387
0
7380
70094
105309
443
0
41711
0
0
99155
70463
33633
13814
0
0
63207
0
2075
20549
36750
0
76632
0
123774
0
0
0
22724
0
106067
0
123455
0
12638
40986
0
14655
66488
0
0
45387
44726
68558
9585
101250
0
0
0
0
0
83528
33982
7329
0
0
2983
24585
13166
0
0
0
0
27849
128463
24322
77113
124614
30717
0
46928
0
0
0
0
0
0
43972
4575
32735
98724
120196
45674
21119
14219
0
0
0
100731
20055
0
83718
80204
12108
0
16159
7269
0
27791
0
0
92688
40815
0
76350
0
77867
115819
71676
0
0
0
0
0
12026
10037
0
5116
118833
38328
0
43894
0
89164
26467
78887
5146
0
0
0
98873
64609
117410
0
0
17484
13379
0
0
0
13317
0
0
0
0
55404
0
0
850
0
0
0
0
0
2879
73824
128147
72611
0
12912
4999
23846
0
0
10826
0
0
41408
0
9877
0
50721
0
0
89498
107033
0
0
92259
955
0
70494
0
2854
105539
7146
56366
18265
30046
67479
5009
80168
10724
56320
3163
0
16056
119531
0
0
6252
24627
0
66800
0
0
93528
0
101463
0
0
64954
0
12960
0
118188
0
0
38216
120290
0
0
0
0
46325
0
27222
0
0
0
0
83191
9805
0
44120
12526
0
45119
0
19600
0
0
0
42787
39484
14545
43835
64289
4682
0
0
0
11170
0
69991
0
0
63970
12940
0
0
0
19817
5732
0
0
0
66282
28166
0
0
4235
48381
66639
0
0
0
0
0
77024
5225
0
0
0
0
0
70977
62521
0
0
0
91124
106015
2397
2830
0
8226
116602
0
8541
0
48396
30379
52435
0
128744
47985
0
0
0
581
13337
2113
0
33347
11164
0
25890
7569
0
0
31941
78929
0
0
0
3736
0
2362
0
0
0
33985
89324
66442
0
54229
0
0
77608
0
42976
13282
52357
110589
0
28072
114167
44733
59157
10632
48651
0
0
34405
0
0
12986
24128
25758
86502
0
0
19055
0
11142
0
0
9063
43507
11053
0
0
0
4290
19218
0
2299
0
51508
0
48845
32711
37950
75468
99630
3221
0
0
0
40618
81343
10819
497
0
2150
56093
40802
0
0
0
14589
0
0
124233
0
0
47992
0
108948
12597
1065
29081
0
35197
91902
23069
38024
0
0
70923
0
0
24551
6040
7587
19145
0
23454
86321
0
15932
0
14816
48186
0
0
3044
0
15532
69828
0
0
0
0
114816
0
65405
0
0
0
128929
0
12500
0
0
8741
84384
20770
0
3916
3026
0
80615
0
9779
62818
40376
1780
5979
10332
9594
78534
0
19350
75492
0
0
0
0
42450
7615
8477
49506
29927
0
11778
12743
40825
0
0
7994
96133
0
0
2090
15349
40375
0
0
12479
3567
0
38574
0
40071
86934
6071
0
0
0
0
32890
0
0
65526
0
0
17791
95070
105746
61838
0
72802
98900
0
0
0
249
0
0
0
0
50149
0
41403
0
57422
0
126962
0
0
105051
0
8703
0
2765
111837
0
105537
65412
2833
0
0
0
3483
0
38892
0
0
0
9500
0
0
0
0
0
11369
0
0
15401
52822
2176
0
0
0
0
0
14826
0
2835
0
0
121928
100628
16421
1030
0
0
0
0
98781
12558
98865
23397
0
0
68208
0
0
29290
0
0
122247
0
47864
0
16954
0
1860
0
0
0
0
0
44497
0
0
72531
117162
0
0
0
0
45658
17840
0
88062
6046
0
79470
0
35700
9482
0
0
70758
0
0
100572
0
0
54528
94444
0
0
65002
91377
106736
0
26217
0
36367
0
7257
84078
99432
39385
19002
0
0
0
16453
51725
0
959
0
84000
80048
4391
0
81521
0
42573
106447
84219
51954
17947
32864
7012
0
42606
124896
73728
0
0
0
59269
67248
71724
114730
44274
84852
5418
129469
112803
64301
56971
0
0
44092
3142
9653
101194
59761
0
0
926
11241
0
0
0
0
0
0
0
16878
87111
0
0
115770
2350
0
0
39232
0
128830
25898
0
126217
0
0
0
18558
100212
29042
36695
0
0
60584
37262
0
0
56518
4541
0
0
55539
0
17529
105096
0
0
21084
18453
0
114596
0
31426
0
0
77639
77585
36272
0
19250
58207
0
0
0
0
44119
79571
5574
3906
4004
41313
0
125647
23754
24849
0
0
0
0
1125
54111
0
13199
0
0
128972
0
67711
59626
0
0
34264
0
47311
80921
58692
74454
0
0
4029
0
0
14164
59820
0
0
2669
30700
0
0
0
80429
0
3923
0
34890
16437
102223
0
9140
0
31570
15394
122500
20975
54193
59920
0
47924
2834
0
0
0
9085
569
38426
17493
36143
892
0
8972
7262
20937
0
54709
26962
70689
0
0
9320
0
0
0
23303
93478
120823
0
85292
0
4220
35234
67082
86411
18435
0
4628
14813
11304
11207
99862
121064
59820
105307
0
0
48183
0
0
52478
79501
116753
58290
0
0
0
0
50837
82895
61141
110496
0
0
0
0
0
92692
18416
0
11521
53108
0
19523
880
13585
50165
10217
37304
0
636
0
17854
69562
0
85607
108055
20422
5169
0
9921
97858
0
0
116592
16720
0
106448
5749
19958
0
1439
3284
118607
33861
115945
0
12183
0
0
0
60496
0
82362
0
0
0
119925
0
107091
4495
11657
122445
0
33937
0
128723
19699
102313
0
0
80197
0
0
37557
7810
0
126330
100778
996
5669
0
46570
67761
63183
0
53002
0
50137
0
5579
0
55000
48582
0
0
0
0
13608
0
0
0
42838
25901
0
37980
30213
51068
111281
0
0
0
0
0
1739
122181
92256
0
92094
42031
0
0
87368
0
0
111463
26954
10967
102670
0
93692
12016
0
0
86268
67921
49773
0
46561
0
19660
0
0
0
39489
87333
0
0
43514
89320
58755
46025
20406
0
16646
0
7233
0
28953
65969
0
0
0
17407
83571
0
125380
28497
67989
0
59939
32596
0
0
109144
30337
22706
0
0
97458
0
55576
0
0
0
98974
5856
23492
0
50790
0
83049
0
3497
751
62957
65907
103528
66019
0
87885
96187
0
0
0
0
0
0
65938
10507
0
91497
43896
0
49515
0
0
77244
114456
22564
0
2946
33877
88669
67710
0
57501
0
0
11430
0
7394
0
92696
67336
111
54469
9593
78758
63786
0
6139
71257
44607
0
7914
1691
59479
0
0
3814
51994
1842
0
0
0
24537
46791
35142
0
118251
61359
0
0
0
1015
0
0
0
54396
6553
88919
30108
0
0
79329
0
17427
20735
0
0
91888
27726
18182
5766
89925
1665
0
51755
110909
755
91977
71483
73249
0
120402
0
43021
18574
126074
60682
0
16372
2119
9857
4989
0
52000
1108
30863
0
62324
13078
0
0
299
50566
0
44630
115208
4598
26635
0
10491
97227
0
0
0
19082
32279
52398
103015
0
36729
0
0
80063
93776
0
55060
23970
29651
0
41994
36990
120508
0
3618
15419
38369
64320
73156
0
107468
0
0
14744
0
54475
32914
0
21193
0
37033
77342
0
0
123048
0
59223
0
0
0
38238
0
82516
0
0
23048
11195
119579
24205
0
21824
6856
0
0
40910
0
0
14781
125487
0
0
52558
75659
0
6452
0
0
0
116393
27107
0
1103
0
79528
0
22786
0
93032
0
0
37411
123682
2736
0
0
0
75343
0
0
8154
103514
0
0
0
66397
0
48055
0
0
0
0
5582
5688
37519
0
50634
0
93286
97364
0
11740
55154
27511
0
48251
0
89252
791
29242
0
22754
0
0
21377
14495
0
5274
0
0
0
0
40395
3964
0
45464
12304
41469
0
0
47861
0
107027
6759
0
73331
32445
0
84475
77574
20246
0
65033
2990
4966
0
33796
43739
0
0
0
0
0
116410
54894
108307
114853
0
0
99893
0
125154
21438
0
105716
0
0
29005
0
0
51740
17784
0
0
40364
0
0
0
0
54991
26187
47054
122318
105634
0
5775
2950
0
17756
0
59366
96713
0
0
0
45767
61557
5780
0
17816
50707
62095
0
21457
109950
4161
2426
24329
29186
10768
0
3807
63867
5505
24134
49777
108062
17160
0
0
14874
9725
0
42565
0
3911
65866
4250
0
0
61414
73832
0
106916
0
43923
0
704
22310
29463
0
40413
35173
121660
0
53925
80769
0
75087
60881
0
121682
65862
109660
57693
60665
7475
0
7543
1950
0
0
98809
0
43345
39390
77438
0
108129
0
60208
0
0
0
0
0
0
21551
21319
20263
0
0
17896
12642
0
0
0
7265
0
0
0
0
0
26246
0
51659
0
0
55045
45998
0
126745
0
19831
0
9497
122646
27396
14287
0
0
0
66576
4256
0
0
7515
0
33598
112243
24330
95415
41264
0
0
96282
0
116670
60025
0
0
0
45741
0
126281
49536
0
0
90079
0
28274
0
99588
0
0
0
0
0
6206
10636
25848
0
0
0
41574
12084
0
0
96372
36206
0
49173
0
0
0
1842
111295
0
3851
9014
0
0
0
40519
0
0
46199
5280
51429
0
15685
0
6282
0
0
0
0
36950
0
1516
102826
8225
14175
47570
9057
118528
0
0
3345
0
22857
0
0
5060
121677
0
98437
109242
21985
0
18852
0
13244
51012
0
0
80655
42428
0
16855
19928
38355
48206
0
0
0
49317
0
53947
14901
0
0
0
6934
0
0
0
0
0
103523
4738
0
0
0
0
0
0
40460
41104
0
0
53035
0
94632
46405
83436
0
0
17550
0
86051
0
105265
14771
0
0
0
0
2679
0
27964
17143
38154
126077
0
18026
0
0
0
117072
51998
0
0
0
56814
0
0
25325
0
11848
0
0
112299
52090
6012
2278
12700
3382
0
107028
127827
99939
53595
94466
59385
82010
1714
0
0
0
0
29721
0
74954
100383
0
36165
97945
95690
1161
122065
0
27224
60044
4665
0
0
0
61861
0
9688
4538
0
22756
6692
0
0
1937
123040
0
29
16638
0
0
73195
0
15729
14752
0
0
25796
1818
59540
0
0
0
0
116766
0
10562
16826
0
0
0
0
53120
3709
0
30205
0
90591
22677
26403
0
26576
23232
7296
0
2779
15856
1443
345
7605
96396
62755
97745
11715
34409
64436
115775
0
573
0
0
75406
0
0
36504
21403
0
0
23330
83398
68679
0
0
0
123883
5788
0
114646
0
67429
0
50651
73817
51847
55067
125098
96384
60713
0
72313
0
0
0
119258
0
104842
0
482
32572
44934
8304
0
0
0
18858
3147
0
1989
0
0
99084
14129
5072
96398
0
34616
0
0
55683
105995
105214
171
4249
0
21106
6054
34055
6380
74263
0
0
9553
28334
0
0
13015
87440
0
0
0
26180
38037
67340
0
0
127062
38678
30337
0
48323
51348
47832
0
127495
120597
0
0
0
0
0
33855
1029
4060
37300
19034
6362
49215
0
0
0
107028
0
0
96866
0
0
81705
0
0
0
20400
0
0
69870
11671
0
0
3622
0
20080
115036
21775
70243
5814
34052
0
94515
46782
1610
0
73780
0
0
91903
0
0
0
67237
0
94229
52838
0
60599
21410
42613
129039
0
87229
0
26219
0
50348
0
48294
3508
70843
0
0
2224
0
71835
0
76766
7238
87544
0
0
0
22175
7346
29676
70765
61088
121474
0
63373
12245
0
6324
24564
4006
72908
0
57219
122095
0
8011
66847
0
570
0
36121
0
0
50486
48210
0
0
0
74070
89525
0
0
22434
12363
0
0
75420
0
89195
28246
0
28743
7653
0
0
6612
115763
0
28401
35370
105578
34371
88596
0
0
36719
0
76898
21967
96325
0
88613
0
0
0
57109
105715
46003
0
0
19728
108726
0
3802
37757
8381
11802
0
0
45411
32482
0
66570
11888
51068
0
5711
0
50565
0
0
0
25331
38442
121968
3949
20459
102139
124682
6800
63620
31369
0
2056
11460
77359
78648
27357
90231
0
0
0
27730
0
104650
4793
8931
14003
72781
89317
1727
66948
126336
0
0
0
0
13252
0
0
3199
0
68937
56216
89848
0
0
0
45262
1101
0
0
0
0
13180
11205
0
0
0
0
0
0
0
6695
0
10328
0
0
3507
42592
110732
0
2978
0
87581
0
7150
0
0
341
20277
24808
6701
0
7455
5308
16346
36215
21234
80333
44798
6795
52385
54064
44201
33832
0
0
0
45484
0
0
0
0
95100
0
0
7376
0
2062
0
57216
84117
40147
108048
3748
0
0
108768
115945
0
0
52255
0
0
0
0
2595
0
58121
0
0
0
60155
90340
48525
59924
0
7877
83652
30793
72845
14246
24730
0
64411
0
49706
48049
54750
5100
0
60975
267
103978
30453
68540
3578
0
0
0
95344
6612
0
0
50145
0
35729
0
8237
0
0
0
0
76055
0
0
0
0
2718
0
23807
0
0
50778
0
109386
0
0
45359
2133
0
113622
0
72874
52035
0
0
7585
0
0
0
0
0
0
0
92618
0
0
9396
0
20062
81539
56854
2244
27000
0
0
32808
0
0
0
0
124070
22642
0
49363
0
1328
0
0
0
0
48582
1394
63984
3231
75065
0
58885
0
0
0
58327
0
0
0
0
73733
0
28776
6063
127528
80851
36231
5507
0
16405
0
126954
0
6940
59351
101866
0
16337
52958
1239
10196
0
0
83367
0
8815
0
2241
24034
103238
60286
24183
75000
33723
78415
0
47428
0
97840
15134
77625
0
108646
0
3551
0
48517
1481
0
5527
104549
91611
0
26327
0
0
3391
0
76001
7171
20530
0
60229
3945
35129
13522
0
52772
2860
0
7164
96340
3872
0
0
73487
0
0
0
116646
51152
82669
122897
0
61079
33909
128112
0
24749
0
67166
1025
6692
85627
12347
0
49313
119469
47912
12573
28698
49060
0
0
0
0
88084
39183
0
66965
29457
9278
4702
13888
37475
85418
11622
0
0
59148
0
0
71547
0
61753
0
0
0
90897
0
0
33742
43252
0
0
2458
0
11396
0
0
0
0
0
0
0
0
5840
12292
33928
26650
0
0
65582
90318
100802
0
0
0
0
0
0
10661
44611
0
0
9037
105364
123197
0
0
0
0
0
66301
0
33192
43235
44115
16980
128555
22356
0
0
0
1702
14609
16233
120834
0
9975
38153
0
88880
121303
31374
1312
0
0
80514
0
126627
100034
0
0
120910
0
18758
0
26307
55548
0
0
0
20000
5215
0
22199
5133
0
8553
0
41307
0
35689
38234
0
5232
123129
0
0
47280
0
13341
0
0
0
84778
57748
106423
102991
74766
12381
0
0
128609
0
61273
0
0
28589
0
99838
2257
8167
0
0
7029
0
11152
0
1530
87657
38619
0
0
0
88045
16560
40461
0
0
0
0
0
0
0
0
93522
94641
0
0
0
0
47474
0
0
0
30526
46321
12448
40336
26655
12174
54558
90722
0
104644
0
11367
0
67807
60967
64284
41640
0
0
0
0
0
767
2340
12998
48524
50778
72290
57998
52604
0
0
0
0
0
52774
129869
1893
0
31481
0
0
0
48116
0
56894
78016
909
0
0
29262
6027
41036
47121
0
0
8898
84638
115
0
96381
84311
0
0
0
20698
0
84548
10554
0
44934
8247
0
0
0
0
0
22593
18060
0
112068
0
0
0
71778
34016
104530
67197
0
62095
0
0
27533
0
0
0
23582
0
0
32606
0
42621
68057
6781
9593
0
0
74380
0
15875
4956
0
100554
10585
0
17972
5367
0
0
19006
841
13991
100752
44030
0
66062
33852
19337
13296
35343
44847
9845
0
55369
0
110154
0
7886
47506
7297
8072
7996
77790
122827
7705
8311
0
0
123686
111894
52597
0
66169
82114
112563
70101
55821
0
37053
0
0
81984
21525
9442
52436
0
79075
0
0
19374
0
128707
0
0
0
0
40861
4549
42207
76041
39914
0
23302
0
0
85777
42350
59727
117370
6334
15228
40975
118142
0
26239
41847
45696
0
0
0
0
0
36355
16958
3561
0
0
0
42291
34074
0
56288
0
117201
84671
30718
0
124655
0
101797
87488
185
0
0
89686
89733
0
45493
101164
3057
0
33991
0
63106
0
106465
0
58618
49591
107649
0
0
28607
1122
107322
49623
9076
0
0
5083
48536
0
0
80633
0
128396
0
73107
0
0
98376
0
5548
0
0
0
0
0
128928
0
11376
99306
0
35775
0
0
40626
82441
97402
53741
0
18840
0
41213
0
0
0
114223
10818
0
0
0
65781
9110
55619
45885
11762
0
66177
0
0
0
43607
20278
109790
0
9011
104293
0
10418
0
26023
0
35449
109000
0
0
0
26156
15571
0
86005
0
2384
0
0
0
112343
0
0
0
2259
0
0
66286
0
55457
49619
96631
0
43248
0
0
0
105988
40846
0
0
8635
0
0
99891
109944
85682
73732
5689
58654
0
5723
0
0
56045
0
0
0
0
125720
0
23657
71932
2508
9102
47906
0
76708
0
707
65398
0
0
0
0
0
4345
71052
0
84545
0
0
26750
31168
8810
126483
0
1733
63426
121305
36796
0
24583
0
62586
0
105947
0
0
0
74293
2304
51819
18216
0
883
0
100570
31340
64258
117873
0
117529
0
0
0
0
8305
124272
103021
0
0
67875
0
0
10728
110897
0
0
30352
32351
71058
1546
0
0
12820
115559
0
0
0
85516
36949
58
9431
44478
118180
0
22354
0
18928
97693
0
19228
1038
1568
0
78781
0
84864
63462
0
0
3517
47835
6840
108222
4393
51417
2979
10401
0
0
0
0
0
0
0
5124
61465
17192
10040
24070
127669
12095
0
0
0
0
0
0
0
0
23347
0
0
1443
0
0
26515
0
15245
77671
3688
0
0
96335
87553
128722
27693
18684
21067
39789
20097
91095
72498
96866
0
0
0
6704
0
0
87959
9052
41986
0
0
0
0
716
0
48035
10024
19294
13290
0
120755
127080
104919
0
0
71306
1022
126746
96803
0
14621
0
0
6282
0
0
0
0
0
0
14184
0
31023
18551
69610
32378
46040
70586
0
9029
553
20811
70065
0
58252
0
35441
86139
0
14993
13119
88255
5480
50712
0
3468
420
59503
0
0
0
35281
85591
0
14186
0
0
163
0
0
95015
0
23195
0
0
2070
4504
0
0
0
4930
33703
0
0
91336
0
0
0
18650
20992
89218
96455
0
73639
53576
114314
0
121801
0
0
46323
12338
0
50683
0
0
0
112757
0
0
0
32177
53046
25957
45363
14219
46741
0
0
0
27624
98544
109073
0
0
14673
0
0
9924
50958
0
7410
32842
0
0
0
631
0
0
0
3797
60648
2241
38139
0
41755
21425
0
1220
76950
0
4536
28551
88140
54735
25080
0
0
2652
125450
0
0
106439
0
0
0
14732
55748
0
87328
0
67944
5432
89695
66981
12074
0
16430
12250
0
0
31998
111883
2764
0
0
0
41228
0
64756
0
39411
0
0
0
0
0
0
0
0
0
127573
0
0
66197
16226
16897
120873
2595
97851
89438
0
0
0
0
29633
2702
0
0
6725
67482
76390
65311
0
0
33596
11402
67442
0
111523
6949
0
0
27031
23774
0
0
63312
129191
39891
0
53748
125829
0
84978
0
0
0
8263
0
128126
0
30256
36329
880
104882
110439
0
46598
2616
6932
0
53314
0
0
116161
2937
0
0
0
509
0
0
0
102180
0
21223
0
0
25880
16545
56675
118201
0
95421
0
45742
59286
17280
0
0
0
0
0
4122
0
0
120677
0
77766
33
0
0
0
788
0
6133
0
222
0
102163
31609
59984
0
0
0
128993
46988
92106
102914
0
57420
0
0
0
103816
41844
126035
54686
39067
0
38536
17982
25682
0
0
151
0
62845
53774
0
0
0
3366
0
11138
39732
28102
128537
0
0
63540
0
0
0
0
0
0
0
0
0
20810
41848
23745
96849
47444
64165
0
7056
116626
0
0
0
36682
84995
93734
0
57445
125372
0
31903
0
0
0
0
0
0
6805
0
17499
74374
0
38974
0
80266
0
20772
5038
0
80030
0
0
10922
0
66432
123621
44784
0
40015
0
67177
26282
9755
19110
28603
0
0
31004
0
92376
107654
86234
0
9928
20841
19234
0
6559
68814
0
0
0
8500
6042
33209
0
0
13912
88516
80606
71298
18043
34788
21833
70539
0
12704
0
0
0
0
0
0
19522
161
76423
9967
57387
52896
102554
0
0
0
119565
0
21309
0
10297
0
115936
4997
0
1099
0
7572
3470
13733
19052
0
0
0
0
22993
5489
10016
0
48876
52500
4132
34661
0
0
0
0
0
0
4973
47053
7890
78010
0
56966
23877
0
0
0
0
0
203
0
129272
0
0
0
84573
100776
0
12899
0
25421
22038
102491
32399
2839
0
0
0
16463
0
92283
0
0
0
13028
9358
0
29732
0
10123
0
0
35448
0
0
27031
98374
19999
85375
129381
0
8464
0
8464
0
60256
91474
126715
32909
10572
64035
19895
92627
6494
31759
0
5533
86107
31059
32695
0
33912
0
0
0
44037
0
0
0
77130
0
0
16250
0
0
0
88779
0
15
0
0
106238
0
51333
101057
13882
8936
7340
121922
0
0
123012
0
826
30988
0
0
75140
112676
0
5474
0
129541
0
38441
0
0
44943
56313
51467
4797
62160
97673
2393
98100
0
0
0
931
109826
25546
1226
0
123902
104551
33223
0
0
127143
0
0
0
0
4770
0
118623
0
101962
61732
63
53913
36352
0
0
0
0
19543
78999
0
0
0
0
0
81677
0
0
13266
25580
33324
0
41613
0
0
22493
5057
0
0
0
4460
53538
0
22581
0
96446
0
0
0
99053
47092
8195
81203
23454
0
0
98465
29889
0
79540
0
42766
38575
69378
0
42754
106159
0
44589
0
100007
32520
76339
0
88602
0
0
0
0
0
58092
19135
0
74775
0
70868
0
0
2773
4695
31936
17290
34269
0
76893
26314
51233
116981
34872
2782
0
94026
57705
9159
57294
124412
0
0
0
30550
7240
41193
0
0
625
0
18531
69881
106436
37694
0
0
0
7573
66155
0
54225
27148
0
15735
32545
7085
47716
18091
0
37138
45568
0
0
0
99072
21418
0
0
0
72284
120314
0
5774
0
0
8836
85670
13703
0
9746
10925
0
0
109483
5654
0
11547
44207
33210
0
46562
0
115329
52895
19917
15833
0
11959
38726
50740
34135
0
0
0
95996
127727
0
0
3209
26377
77016
20066
0
100765
58035
2841
0
27159
0
38615
78193
91378
41587
0
23417
123908
0
48161
0
1945
107634
0
0
26656
0
1791
5804
0
25333
0
27507
0
13395
0
0
0
93871
104309
0
19421
0
23104
0
3854
0
0
0
0
0
0
0
127304
0
0
0
49128
11767
57625
103002
4529
22509
0
25244
0
13135
0
0
116643
0
4266
24785
60766
29054
43390
23086
7688
2983
26988
0
58354
0
94976
0
0
0
10605
0
51156
0
3225
0
38077
0
0
45669
0
0
10629
81765
13117
0
0
38834
34310
0
25165
87742
0
0
0
45644
2992
31027
0
127658
0
0
0
94032
0
24420
49159
120831
0
0
57035
27492
22123
101171
0
0
60898
11773
4869
103491
123911
0
0
23156
0
0
68878
892
15941
0
0
126214
8255
28999
14965
0
0
49775
106964
88991
0
47897
0
14955
0
21610
0
37460
5238
61791
32439
0
0
3848
1144
84977
0
14385
30374
7456
0
0
0
7274
0
121855
120936
0
38281
89064
21206
42749
36263
1837
64301
0
47289
979
43475
0
0
51243
0
0
0
124577
0
0
0
73023
0
120933
17610
21964
0
66461
125445
0
54693
121625
0
0
0
0
85969
24002
0
19587
21076
101998
57950
0
96117
42431
15419
103886
8042
45277
79712
36701
1043
0
7622
17656
22151
67028
33109
9780
0
0
57639
116199
0
16398
52464
0
0
0
0
0
49543
7602
12551
0
0
13247
6380
0
101686
0
0
3884
2753
0
121972
7396
47075
80166
0
0
47897
0
0
0
0
124559
0
0
0
76886
111222
57704
0
92560
16247
112821
0
82889
0
57897
13637
0
0
9864
70751
0
0
0
0
0
83877
128210
0
59116
21571
0
31432
0
91694
0
7234
59374
0
26058
42526
0
0
15799
0
485
8138
0
81604
1815
0
11073
42188
54785
71107
0
0
124620
13719
43867
0
24634
4017
2061
10553
1558
0
45106
93627
80318
0
0
36749
11403
0
0
0
0
62346
32283
31205
1587
0
15574
0
0
4070
112661
102567
0
21657
1179
5638
90512
0
0
0
20118
70394
48589
73947
0
0
42652
0
0
578
8634
0
62400
66724
0
14858
104709
0
121705
6585
0
0
27473
1025
0
0
29945
0
0
93217
0
109171
114376
0
0
0
0
0
63253
0
122549
0
0
0
33037
110254
0
22974
0
127579
100038
57879
0
117051
0
109555
50441
111240
0
3973
18791
114
116157
112181
0
101297
0
0
27585
0
35669
53468
0
0
49959
72925
116904
46576
0
0
0
0
0
0
111831
7181
22171
0
0
0
126986
111024
0
58917
91189
114547
0
69618
9411
0
7244
97329
0
42747
70079
92581
0
0
0
28464
44474
4340
99950
0
84149
0
0
42514
0
0
125445
109446
3361
0
14189
0
112950
0
0
0
0
0
89222
46604
53891
31379
0
0
92124
68856
9954
12316
93737
0
0
0
0
0
0
0
43590
0
65761
0
56484
0
0
0
0
0
0
0
11901
80357
0
0
0
99407
0
21274
94560
0
0
19311
0
97558
21245
0
0
25166
56096
3970
12258
22754
6672
0
96105
0
0
0
10071
102852
39423
0
66708
34008
80030
0
16179
94008
0
128982
0
0
67080
53528
15106
10140
0
9246
94952
27401
10396
22298
0
0
0
10664
0
104395
81759
32545
0
4141
0
0
5630
21350
0
55717
41155
0
25348
110813
0
0
0
19351
0
3325
71484
0
6920
15876
749
0
79959
0
27881
0
0
0
2840
0
0
5234
111001
112673
0
115268
0
0
26536
0
110618
9729
0
17503
38912
84824
0
0
77266
40820
91635
7218
0
30223
4420
0
0
35093
0
20195
0
127252
0
40555
0
0
0
0
0
0
21938
27036
0
129232
33313
0
30790
40004
89503
0
69016
0
0
45675
12622
0
0
10122
4827
127878
96636
114115
9010
59854
0
39206
12710
20940
11419
0
7900
5485
68642
13914
33164
37438
0
0
17507
0
0
0
0
87908
0
2360
0
0
0
0
0
26726
18611
77195
0
0
0
0
102728
32521
0
0
1728
115534
0
111358
79317
4777
5676
109496
21185
56833
30102
10896
0
0
0
0
0
1983
15326
0
15705
0
18680
0
0
0
0
0
0
10504
0
0
72419
0
0
0
0
93114
52280
7889
25864
54555
6613
108097
0
57749
71772
3342
3805
0
0
35756
614
129561
0
0
0
3905
0
68558
10414
0
80625
13937
0
0
0
0
10430
34852
0
0
64271
24327
61157
4096
27647
0
92084
587
0
0
12241
0
24399
0
47017
0
0
0
0
8500
0
0
0
3952
0
53722
885
118259
0
0
0
12607
3391
0
66813
11963
3120
24220
0
0
34770
0
0
87227
0
0
112403
0
0
91743
63924
11006
125207
15548
15043
0
0
118818
85329
85683
109857
0
23558
29245
88789
16072
20480
49564
0
113964
8209
0
0
0
34357
86546
58130
19847
0
57459
54802
29993
10890
41970
4917
2974
0
0
26278
0
0
0
38096
26378
0
61156
978
49970
0
92731
29023
9584
75867
10916
0
0
0
0
4774
116342
29243
35132
0
3410
17956
12676
5146
0
53410
0
42039
128017
0
0
44014
74834
19598
0
0
0
0
0
0
111398
13224
0
0
0
0
37909
2086
31380
0
0
2351
0
3579
15625
0
0
13422
0
0
0
89748
0
58913
46239
0
0
15289
0
58012
0
85949
0
37824
0
63727
12261
0
8714
0
0
60624
0
24837
0
117441
0
81844
20830
0
0
0
9271
77161
0
0
0
13623
6741
4552
79702
0
0
0
0
0
0
3553
67272
0
8474
9277
0
0
3346
107203
66604
83037
0
44786
0
4355
43514
0
26774
0
2401
21589
15391
0
0
9428
0
128421
0
59749
123035
94308
0
0
92760
63745
0
93163
11039
0
7923
111770
106849
88028
43998
63009
76806
67271
0
4449
0
119539
62122
0
0
62310
0
62833
3915
52520
109172
0
90407
0
83679
39163
70117
3036
51353
45101
0
0
0
30399
0
0
0
0
38536
7984
0
2159
13528
17867
0
0
45214
0
50088
1686
0
0
94436
105778
6415
24875
0
7690
0
125859
0
1425
0
67244
0
128716
52901
0
0
9653
127122
8919
78060
10379
12830
0
1616
0
0
12781
0
0
0
0
0
0
77582
0
0
0
30520
0
69499
87944
86395
0
0
0
0
24066
0
92325
80914
19499
0
15274
0
56802
0
110935
20828
4331
0
119423
0
1965
4808
0
29339
41172
123267
85240
0
0
49819
0
0
62817
0
40008
28395
0
6438
0
0
0
0
16857
32243
44380
35815
0
0
0
0
4476
19387
99760
84236
10986
0
5950
83847
0
17906
0
0
0
0
41544
0
0
0
0
43869
0
7359
1412
84663
105776
0
0
40705
30626
60923
5901
0
9339
0
716
76007
0
0
6887
0
0
31517
51331
0
0
60688
0
0
0
0
19848
76879
104085
107540
2909
0
29997
2108
129450
90750
1911
14234
0
0
0
98692
37593
0
58673
7381
0
0
50975
0
0
0
0
6955
85877
97853
0
0
0
43665
0
0
0
86430
12246
75558
19669
0
0
60481
99832
0
22584
65188
0
0
10755
0
0
0
0
50217
33403
0
0
0
0
0
11166
71680
0
23440
56635
4584
66661
0
10933
0
0
32838
21310
0
58341
0
0
0
0
34588
0
43257
79612
0
0
10147
0
37470
79337
0
93454
3647
42346
2546
108887
24090
80757
27202
0
124366
85886
127343
44267
0
0
77251
60619
55150
0
110329
16750
9164
80280
6265
0
0
28717
111201
0
63262
2598
21339
7830
26475
5919
0
71960
119785
0
0
0
0
0
0
0
0
22118
59628
3615
55805
14933
0
22210
0
0
0
7947
8243
0
0
0
82762
0
97464
53478
69042
7632
0
23184
0
0
0
0
35504
0
76616
70805
50933
0
124449
0
81827
0
56950
69914
115502
13854
0
0
27568
91111
0
4966
0
66570
95177
0
0
10157
127905
0
0
39973
56036
0
0
0
86775
0
44377
99120
0
0
13501
0
56784
0
0
69553
0
0
74439
0
48147
0
0
0
0
44913
0
24045
74349
0
0
13335
0
4563
100085
0
0
0
18322
0
63785
0
99480
0
0
16421
1683
31709
61517
0
0
13593
0
6793
18078
6756
33796
0
81651
14748
0
29737
126331
0
67639
0
0
54047
0
73184
124314
35343
78235
0
10538
0
3849
0
61059
28349
2053
31802
0
0
0
48383
10966
4135
16220
34092
0
27446
0
0
0
10962
12572
0
2222
0
80099
0
0
0
0
96670
15346
0
0
0
28756
2409
47568
99996
0
0
0
0
0
43851
0
86962
28814
108257
0
181
55835
0
22528
0
0
34010
141
0
0
91042
7771
80706
0
20916
88873
105965
126432
12367
5262
86706
404
46825
55985
7982
0
16098
60357
0
1436
0
0
0
18281
0
0
6009
0
73846
117799
21385
0
0
61616
97051
0
13843
9410
0
59940
0
0
16459
0
3266
53214
7072
32059
0
0
0
113936
0
127369
20272
46235
7514
57416
64937
545
67647
0
30612
56224
0
0
29309
0
0
0
0
79686
76138
0
104027
0
0
11623
0
58822
0
123810
109015
333
84025
0
2705
0
0
0
0
52862
35342
0
64032
0
0
0
12540
52402
0
0
127351
0
0
0
51743
0
2238
2658
1633
17520
109188
37670
0
463
75296
0
0
0
0
25468
0
45198
18478
0
10329
93080
19710
70119
0
3112
0
0
0
70925
37268
0
0
0
104019
0
201
0
6394
0
127326
2029
75981
93274
0
0
47101
0
5995
94783
116068
94613
114340
88752
10036
63596
0
64939
0
0
119799
105079
0
103775
66873
30101
0
41185
9616
26071
0
0
10602
0
49235
0
57775
0
85604
0
121380
0
0
7720
0
18089
0
7888
0
504
0
0
0
50877
72070
40739
35071
68629
44269
89376
3021
122914
0
5607
0
0
0
9413
87131
0
10079
56835
74902
0
0
0
0
0
0
0
0
118228
0
50950
0
0
0
0
0
13057
43951
97616
0
0
32396
0
30579
115328
40250
18531
12780
0
25612
29999
0
77790
15319
0
123785
4990
57907
2067
108919
0
0
2256
2718
28100
97183
39982
0
11915
0
20782
0
0
124253
41044
82051
0
0
35755
0
26921
0
13764
6663
0
0
4246
0
0
66110
38326
0
0
1250
0
0
27057
5497
0
85491
0
10038
94418
0
37932
0
0
0
0
0
0
26018
101287
24541
52965
0
0
0
1686
0
0
33239
0
115366
100880
0
4909
27020
48297
103754
19197
0
0
100638
4771
35329
0
126903
72800
12737
0
3396
0
0
62224
0
9880
11447
47386
126005
52510
125541
72428
76785
0
0
0
0
24002
115158
4863
0
0
0
47371
0
0
32805
0
0
0
85837
0
21537
45501
64798
47792
23697
0
9138
68856
0
98309
0
42419
58311
84577
101018
0
0
105838
105450
41283
0
0
0
29912
77570
6580
0
0
123657
657
0
117605
64268
17135
0
0
4567
0
113360
0
0
0
0
29528
2130
39324
94254
28355
103639
86253
0
79311
0
0
41048
0
62014
80909
107408
24943
106324
118594
0
34765
0
0
0
19287
0
0
89005
5115
0
20780
26796
114664
53235
46845
0
118971
0
0
75052
9692
24413
37610
57937
12238
109760
81471
127942
0
31756
110550
0
17012
0
0
0
0
43978
0
51187
22036
91550
0
70376
23984
16169
11851
33504
512
80063
7552
39407
0
0
0
111206
0
22160
0
0
0
91789
0
0
106342
48445
84569
0
0
29365
38992
0
0
29910
15983
0
79386
42681
58827
2517
48792
37633
0
0
1611
28218
7738
48780
0
76028
0
0
40590
27904
0
15987
121678
32733
0
0
0
0
52388
0
0
101901
0
0
0
0
74106
0
5619
20608
7521
0
0
65842
32201
0
21765
115759
0
0
0
63677
0
72652
110577
24910
0
0
72051
117129
0
6531
4244
0
59043
0
45475
31114
0
0
33198
127619
79474
39628
94865
50096
0
0
0
13722
6751
46032
0
0
87434
12912
167
0
0
79921
59528
87385
55765
39394
0
0
0
22657
18293
13619
0
76206
0
92354
0
11907
0
87026
35725
1571
57524
35921
56557
81103
0
17789
0
7601
0
2897
0
0
34594
0
72206
77904
28293
24200
30739
8611
31587
9345
0
629
0
81135
96965
0
36888
42574
0
11677
0
28530
40541
0
0
0
0
122415
61026
99633
0
0
0
0
113588
0
26369
109242
0
555
0
0
0
73214
0
0
0
95856
1280
0
0
17610
41750
69263
0
115650
77489
0
0
0
1519
0
29435
0
0
44483
39890
0
12876
90269
0
103129
0
0
44122
0
0
54619
0
124684
1589
0
100337
0
0
3181
6325
2639
0
104236
0
27325
0
0
103354
60296
32151
0
0
0
0
0
0
79216
79886
13758
6622
13575
0
0
0
0
30069
15082
3745
50171
7440
18726
33695
0
0
0
47904
0
0
56959
15661
9940
80040
0
27794
0
0
52010
0
10054
0
56523
0
68213
16672
0
14897
110637
0
13009
0
125980
6301
0
24159
0
29886
29995
33603
28727
421
53928
32623
75587
28704
26677
0
96871
0
105945
0
25745
0
0
24364
14463
41322
0
0
52183
0
1364
0
34279
8690
42683
0
0
120696
0
39325
20601
7725
64787
487
83392
49685
0
0
109367
89274
58155
0
78674
0
0
84628
100293
0
0
65812
0
25189
0
83842
0
0
73409
5303
40184
39744
0
67019
0
107468
64095
12392
121309
0
55374
899
121031
0
0
16823
61977
27473
6374
0
77388
0
5613
61857
117020
1503
63306
0
95787
0
2326
32664
0
0
0
88398
56576
74538
6539
35251
0
121908
60546
55662
93753
0
0
75500
50280
0
0
62403
0
3889
12167
75571
0
0
22994
0
352
0
44091
13413
6786
124293
101598
34039
0
18155
111317
57781
0
0
0
0
0
60417
0
0
0
71215
84590
0
110416
0
0
0
0
58878
0
0
12500
68020
0
70015
0
58631
103737
41118
83726
41281
1063
100231
7352
86593
9331
0
0
0
17772
28725
36492
127538
58263
71593
111509
0
0
4694
77318
0
0
952
0
23538
0
0
82866
606
0
58549
3733
4938
61423
8899
8125
2486
5812
50268
6768
13301
0
0
9271
0
0
33032
128428
0
0
0
0
0
0
0
18694
0
112616
111537
0
61094
9052
102420
13755
18059
0
0
0
99027
59852
0
10837
0
78777
0
118439
114879
15540
18554
108709
0
74116
0
0
0
0
0
975
6541
0
70463
0
0
0
5157
0
0
0
98372
39992
126
59199
3094
0
95891
0
0
0
122273
4042
0
114774
0
92164
41284
0
0
46896
0
0
27576
11115
31919
77660
0
56863
4033
30356
97911
62583
0
36621
0
0
56464
93043
95
2048
6114
191
0
40735
36941
31749
63566
75100
1907
55501
62552
1784
89034
28259
13200
0
21947
0
31163
49177
95989
0
0
61343
125714
41300
0
0
72885
126874
35463
2518
125475
0
20604
61502
111938
24549
8851
14321
10733
1643
120681
10857
0
59068
0
1273
37429
55493
0
0
5497
116487
89100
11449
0
0
0
7831
0
104237
0
0
0
14175
0
117821
33520
33341
37444
0
0
29697
0
83082
89271
0
21166
8694
0
0
44899
0
44116
0
0
0
0
0
0
78707
4428
125029
53411
0
47465
91020
93434
10545
46194
99448
0
0
89536
0
14462
46776
49168
38841
54281
69017
41031
0
0
90851
0
105514
93755
0
0
34147
0
3650
29791
0
0
112005
0
0
0
43414
19692
76657
40377
109781
35392
0
67340
82062
0
30406
0
91305
0
0
0
12981
0
0
92337
0
0
0
39391
70136
0
121474
42197
0
0
30574
0
20916
0
42590
0
19195
4381
0
0
0
0
13813
10124
6562
0
50352
109348
56053
71990
60039
113736
0
69555
13416
13546
48141
0
128348
114394
44386
0
48255
0
31992
0
7488
83991
9989
0
122544
0
51248
0
0
0
11333
62902
0
112832
2321
49937
0
0
0
106736
40845
7167
50174
111148
0
5468
0
9480
53364
87381
8009
0
69801
0
0
0
21965
4874
0
0
101589
0
36808
24006
0
0
0
0
0
40627
0
5055
0
0
0
9364
43364
108512
0
42777
97403
46201
17556
129767
15684
0
4566
0
4488
0
82399
11884
66896
58061
13425
19379
26693
28871
53568
0
40961
0
108455
20177
0
23999
0
34010
22441
1566
0
0
19474
0
29960
6131
3865
36989
50174
0
1709
9633
0
4814
0
38045
0
5382
72963
0
8224
239
14590
58493
4601
0
32704
0
34168
0
41586
30574
53026
34839
0
1761
61293
0
29480
0
0
0
122472
56577
3620
122090
0
40842
0
28505
0
0
1143
0
18296
0
0
0
0
68167
13725
0
98809
105127
121412
0
0
32473
24370
0
1846
10512
125642
0
0
0
0
65235
29265
25280
5699
38335
0
0
10668
9938
548
0
0
0
1157
44995
11983
111621
23237
5293
31629
62855
23742
818
0
0
94221
37386
0
0
0
0
113943
121927
0
48443
50368
4748
45853
0
49853
56937
0
87020
0
0
0
0
68281
19127
103717
278
0
87233
18783
0
0
0
0
25979
0
114226
0
0
0
28224
0
21805
12088
90003
0
0
25441
0
0
21847
48505
20037
25641
75346
1139
91418
0
0
1601
10813
5599
70076
38432
6675
0
21427
0
16640
29182
0
872
0
36113
61657
0
27331
0
129566
76043
34538
7953
0
0
0
0
56556
0
0
103872
0
0
6386
29047
114478
5517
0
10211
0
0
60594
0
49122
99502
0
116917
0
5458
36163
103081
93571
0
686
0
22315
0
5903
34611
41546
0
98111
22336
115061
0
46402
10869
0
5522
0
20477
26153
62045
21135
7196
84735
62482
0
0
0
0
0
0
0
0
0
0
0
100291
32655
44612
0
29732
76700
28657
55071
0
8393
0
0
0
34137
0
46954
0
0
0
0
0
66424
73429
0
15726
34353
0
46686
0
0
0
92003
42039
11967
58535
75
0
111651
0
3915
69877
0
88145
28579
23177
31157
0
32808
0
61083
75472
25400
40615
92235
0
104549
0
24752
0
44836
0
0
83298
73021
75290
0
23517
115270
62836
0
0
19743
0
0
0
0
28200
0
0
0
0
0
0
7552
18841
0
22897
99553
2691
0
6430
0
27865
2693
45015
279
17488
90282
0
28018
0
0
0
817
68604
0
0
0
43574
0
20999
0
0
102090
73332
0
0
9181
0
100111
33064
121146
79353
0
93806
98000
114214
0
0
8983
45591
5571
0
17337
85924
102802
0
86466
0
0
120003
7503
0
5655
0
28401
0
0
0
93807
0
4217
4432
0
62720
0
0
86070
0
0
77828
0
67917
0
0
0
74796
614
826
127172
0
65600
0
0
0
22929
0
0
107954
82159
114514
0
86452
0
0
57175
122332
0
4592
58815
13062
67769
86291
0
0
0
76516
5124
0
23620
0
79085
0
24560
89815
43162
0
0
113502
0
55124
0
0
0
8285
0
18566
0
70275
2037
0
0
48113
42473
0
0
0
51630
5896
9626
49542
128784
9330
15836
0
0
0
116119
0
0
0
44536
102842
0
64576
0
59657
7831
0
0
32542
0
0
0
35885
0
0
104421
40781
44336
0
21273
0
46841
0
126712
119647
0
111782
12006
2326
26862
7943
0
0
75922
104167
0
0
61620
101709
0
29862
0
6114
115
0
0
48106
0
0
31495
55943
0
0
12952
0
41218
6478
6812
0
84771
0
0
32175
5704
0
70237
46729
0
18949
0
0
114748
5254
0
102598
80911
38426
0
0
87695
75416
47847
0
0
87457
38373
14604
6277
0
43473
0
0
14301
0
76539
1744
0
97537
0
0
59700
57943
41764
1183
94825
0
5725
0
0
0
26344
0
717
0
0
3858
23464
0
0
0
0
0
0
0
95835
15411
0
0
128909
2332
0
0
66724
16105
13478
28551
0
22674
99067
0
0
0
28811
0
127725
112078
0
27613
0
125520
56995
0
94069
0
65129
11820
24371
96586
0
6084
90237
0
0
97064
0
34216
0
0
4398
17482
3344
0
126219
73283
0
79462
102716
0
55754
73971
0
52580
98399
5199
18649
0
1304
22876
7305
0
52696
44396
115292
0
0
1999
0
0
7685
5719
0
0
96290
2233
0
0
123812
0
92538
50551
0
0
23844
0
56755
0
24002
59396
0
1605
586
0
33978
0
0
0
34062
99565
9775
0
115952
17263
3544
0
46394
0
62003
0
8660
59865
0
0
0
0
0
5734
48994
72
39024
0
0
3061
9848
89249
17810
9786
0
4270
0
34710
12470
30952
48311
9272
67853
0
0
28265
8273
0
94960
0
43009
0
18297
13086
17696
67587
0
8804
63312
883
0
120464
107025
127593
0
110008
12116
69610
0
0
112904
0
0
0
8649
0
0
0
0
50890
17440
129052
9688
0
30735
66947
129362
100453
61779
50945
0
10266
30661
13717
561
147
68296
0
2056
89908
0
2565
0
0
0
0
13610
0
22549
0
0
0
0
37335
26661
0
67242
0
10650
0
0
107306
0
1315
32718
129019
0
25496
0
118427
0
31648
854
0
0
53662
0
7885
90221
9354
0
70233
0
101549
18800
0
0
37613
0
0
0
13464
0
0
852
39530
91253
23610
0
404
0
0
12559
50616
0
0
2441
9517
118552
20656
5593
0
0
8302
0
3817
8007
0
47250
35650
107680
0
0
60019
1351
0
1968
0
2933
0
0
73077
0
4349
124568
0
0
40213
0
1922
0
93422
0
27244
0
30917
0
20879
84214
39444
15304
89441
11861
118435
8520
115583
8627
22771
114282
0
0
126764
13776
77078
112152
0
74642
122032
0
2395
17242
0
106954
0
1200
0
1415
124462
26880
94370
58963
0
45739
7664
123785
109941
0
0
36743
54543
7029
0
65447
0
0
12775
28257
59661
109693
0
49002
0
3136
102532
54522
39584
7940
0
40929
129718
29278
43303
0
123172
0
0
0
13574
0
126045
122653
0
0
56471
18093
13988
8385
12915
0
0
16078
0
35619
56987
0
40284
86482
0
0
80807
0
22633
0
0
0
9247
70798
0
110976
0
0
0
74700
84289
17408
0
0
74972
7968
0
44375
30036
850
0
13142
0
0
121512
40193
0
31487
0
0
29514
0
110902
0
125
9733
0
4373
46065
0
73196
36744
110276
0
64977
0
0
0
3003
0
0
16752
1478
33645
11887
78186
106780
0
48277
0
93034
0
0
0
0
690
82691
0
0
0
19582
15697
12275
0
118216
104014
86542
0
2650
37240
2899
0
0
104902
38158
5507
0
25276
52912
4775
0
25570
0
1754
0
0
101770
0
0
3403
2993
68080
40146
60186
0
0
0
0
0
29751
0
2193
0
4366
37555
0
0
46617
58602
101841
119859
40168
0
0
0
0
27917
3297
66737
40813
3385
0
0
2867
48021
108199
111894
0
0
38538
85626
0
107707
0
0
0
18060
8866
0
107391
10589
92215
0
0
0
0
0
7132
110026
0
0
67432
0
32389
0
9579
121811
0
0
2401
20425
0
0
44610
0
110278
10625
18188
31604
0
60307
13304
64103
1170
0
0
0
3564
0
0
65250
0
20148
0
0
114219
36468
127975
106112
51036
18789
0
116409
0
0
0
0
118177
0
0
13675
0
18010
113179
2748
0
0
68342
0
3239
16192
0
0
5455
114345
0
8132
0
13204
0
19767
40261
0
0
76550
10334
50805
0
0
84008
119049
86114
5055
0
61632
0
0
76787
52956
24519
0
103695
0
74145
0
0
35547
0
66499
0
0
92617
0
0
125280
63989
0
27241
44553
49216
113007
101009
0
68136
25748
69503
0
3667
0
0
81498
0
0
20739
0
21718
30135
0
49814
0
4075
16698
0
51834
108282
2616
13711
0
0
15714
0
23796
45147
10734
45444
78035
0
80531
0
44727
0
0
115029
0
36331
0
68601
29924
0
109402
0
44697
0
0
117942
0
0
0
11197
98809
0
0
0
0
12210
923
0
0
73329
0
118297
0
12550
77835
7064
26418
13897
0
0
5373
30471
13420
0
0
2735
66904
19243
28175
129493
114131
81780
127481
32274
70852
0
0
16374
13227
0
38753
110468
67524
0
41569
49708
0
101827
0
0
44700
0
0
17488
75385
30701
0
0
85982
0
0
0
4764
21201
34516
79702
53407
0
0
32330
2068
64702
0
0
44472
4215
104817
0
0
0
94425
11213
0
0
46980
0
0
105730
7636
87527
0
0
0
0
12976
4176
0
36601
25256
0
0
0
6582
30194
37299
0
0
0
12112
0
0
111923
0
0
107335
0
0
12071
0
86662
127152
0
128615
84700
0
0
70237
61892
0
21837
14222
65834
112701
113641
0
12320
42777
0
105156
19375
0
0
94037
1732
912
15060
36995
0
63641
7895
90254
0
64466
0
4556
0
0
12981
49247
0
0
0
54848
0
0
0
8767
0
85810
103537
7694
0
114977
46419
21649
105968
18616
0
61988
0
9356
0
0
87621
108706
0
11444
0
21994
0
0
38400
0
0
37183
63091
91954
54596
29602
83203
0
12158
0
0
0
0
68053
2470
107699
48599
0
0
0
2379
0
0
87097
0
56495
0
0
36652
25511
47755
646
0
0
29635
0
51839
29536
0
41006
27415
17074
42876
51403
2571
43782
50088
5026
103043
14677
20498
0
0
0
98329
81404
0
0
116723
42960
111038
0
0
106005
17517
0
0
51493
75375
0
0
48733
0
12400
0
111599
0
451
56017
69614
68944
2828
0
0
0
37583
0
20743
0
90988
0
12128
0
0
54655
0
0
22025
8218
0
33976
0
0
0
0
0
124182
0
0
9401
2175
60092
0
14888
54415
0
82618
0
0
0
11947
0
90379
0
117390
0
15338
0
0
0
0
56291
0
3437
0
0
5323
0
0
0
125222
22242
0
32726
68170
22136
1729
114063
28525
0
0
16310
0
119761
18189
115597
109615
0
0
85542
0
0
0
0
120858
0
0
6207
0
4793
41621
0
0
61828
4340
57847
26539
47185
0
7315
53969
122580
0
11052
0
28363
79725
24896
0
0
0
67163
0
26459
1013
33202
101486
0
0
34163
0
31684
58680
24333
2563
30645
36476
0
1987
53630
12159
50273
68974
72006
0
5017
0
0
0
0
1200
6409
0
22484
7807
9776
100926
5687
88003
1383
2824
0
104731
0
6631
9599
1625
16457
99794
10485
118570
2862
0
0
45488
86093
30791
5627
70703
39183
0
0
0
0
10008
0
55798
12439
24620
0
102718
78659
0
3074
5717
114248
39337
0
4992
8078
0
0
0
80655
0
37198
0
0
38946
41708
213
0
0
55620
108375
7902
0
87104
0
0
0
0
0
0
120210
0
4848
125
0
78543
0
0
7511
0
0
57041
65756
0
44644
0
103005
0
47203
12037
2622
41303
0
0
0
0
543
2288
32790
8891
23139
116730
7914
0
11807
0
39283
0
0
12626
0
19935
34496
95361
1403
0
56269
0
33834
26568
0
93512
0
22958
62044
5785
0
0
18490
428
0
0
18890
4109
0
2474
0
20235
0
49650
64430
0
0
76201
0
111633
0
0
87436
128955
993
74411
0
15393
35317
54978
0
72078
19728
0
0
0
87301
60524
33798
117980
0
94371
0
66362
6171
0
0
7284
0
5989
43816
41404
0
0
0
0
0
10637
0
1190
64797
104454
52803
31111
0
22744
63733
0
4105
0
0
106095
0
120590
0
70619
112260
2339
27628
0
32810
0
110350
82788
74155
0
117606
0
0
0
2712
128078
106349
0
0
17697
6058
0
5794
0
0
0
0
0
0
99263
0
61278
0
0
104302
80628
2916
0
0
124113
0
0
22392
0
0
0
0
54996
0
0
28682
805
0
31074
120994
10891
19523
64075
0
105159
0
3508
0
0
0
78670
0
88907
26292
8444
105734
0
0
105628
70275
58011
27572
0
0
42029
0
44345
7774
2383
0
66486
0
0
0
0
0
7570
0
48846
0
7892
0
83960
6927
0
90058
0
3609
42611
5492
0
0
0
0
0
4179
71660
111214
30448
2003
34199
0
42652
0
0
0
28746
0
1377
1902
21127
0
0
0
97102
3390
343
124041
9621
0
124594
45092
0
110091
60039
0
0
100405
0
26594
121671
0
0
40067
0
30297
0
0
100646
79427
0
36060
0
0
540
0
2886
0
22940
73985
0
80669
3403
37580
11237
96777
10897
103811
0
0
43074
21269
0
0
32768
58766
8358
0
0
0
13143
0
25786
26647
20324
0
4936
0
2268
6028
0
0
0
0
50034
7881
12075
83346
0
0
46144
0
34335
7856
0
89321
10972
0
0
55807
66082
6633
0
10085
21117
5135
0
44342
0
0
0
0
0
17253
0
23298
0
107395
79409
0
89180
96907
0
0
12628
0
2739
0
0
0
62186
0
103749
0
27377
0
61687
128286
0
78850
0
59396
0
0
76250
44290
44184
309
94160
0
0
58525
0
41606
0
0
0
0
23225
0
0
89029
92690
0
9088
128440
13128
0
0
0
0
17619
110549
0
0
15196
0
30022
0
6596
68995
0
63596
0
91989
0
32160
0
0
0
0
123888
0
0
17074
0
0
70308
13381
125411
0
9458
11832
0
68734
37802
46112
0
0
11924
11928
0
0
0
104815
45552
76208
32852
0
0
0
78881
83802
46690
22206
7328
0
0
0
0
2956
0
75507
0
6644
3885
6275
46139
0
0
10080
0
0
0
48592
0
7361
0
0
0
0
20915
0
0
0
61974
0
25748
50694
17114
65444
17108
58720
101341
36431
0
65571
22884
0
0
10858
20510
6275
45849
0
10769
345
93073
15487
125446
92194
15432
106789
13640
78446
0
12211
125440
17582
10670
12676
48867
126980
9645
0
6382
0
31169
15322
83325
0
0
90296
0
43613
0
0
92394
30815
0
39293
97455
0
0
0
0
33371
22982
0
78560
42873
80264
30359
0
83983
0
104086
0
21917
0
0
0
2894
18459
0
9751
42360
15709
112024
17734
111192
0
75944
69753
0
36374
74097
47033
54204
0
63904
31442
0
0
62487
0
0
47725
49070
244
71519
9144
26132
3879
0
0
18822
7213
6122
0
0
0
14923
11786
0
8288
115212
98439
0
20555
20067
0
7772
0
0
102165
105052
0
0
3763
78545
16261
0
119060
0
0
64448
0
0
0
30052
116996
28175
64370
0
77769
0
73973
79567
101013
0
69129
0
18962
0
0
23349
0
118949
0
12027
128607
34097
46959
71459
0
29951
0
91626
123021
0
0
15762
0
17805
118983
0
27302
8311
39743
26810
0
18273
8233
0
0
37131
29032
4598
0
111322
41628
0
22300
0
0
23300
54651
0
0
0
0
30484
0
93657
55738
59849
60817
126294
0
0
2229
97375
66599
0
0
100089
26803
0
0
0
0
0
0
0
0
56606
0
0
59281
0
0
0
31797
0
9132
0
0
0
0
111612
67301
0
95613
0
0
65796
0
0
0
3915
0
0
7336
0
0
82803
27173
0
39325
0
23622
42198
25516
5542
17507
2533
42191
33735
1780
1801
83187
37694
24084
51226
24742
70204
0
30857
0
0
0
0
14636
0
0
0
28881
0
0
23094
96743
0
2138
76304
96812
0
34161
2456
52631
981
35006
0
776
0
7888
0
20404
0
0
28588
0
0
124441
0
0
0
99744
0
1145
0
120559
0
0
0
0
4385
69549
0
108649
0
0
0
460
76547
0
0
0
117238
116206
0
13704
107493
21064
107715
44734
2754
105379
0
0
0
128703
30819
90271
0
0
6386
67239
0
0
0
0
7097
7838
121407
0
94662
56301
79215
0
0
0
7509
0
90005
0
0
0
1549
116230
50994
1251
73984
0
32578
80777
94495
6465
113994
14154
0
0
13550
123548
0
0
0
0
57789
0
40873
40697
0
3598
0
0
39449
0
0
26924
27555
120055
98759
51064
88779
27071
0
112865
2140
44924
0
9204
126720
0
11075
91122
0
34104
26716
21717
37516
115012
73289
103147
0
30528
2725
0
0
11549
19709
0
18928
0
0
0
38861
0
118073
48533
4534
0
20656
106307
50457
19447
0
0
0
124431
105931
95746
12210
51572
0
0
59381
85165
69030
0
14306
0
101604
22394
53650
8473
25100
0
0
0
0
126676
0
10672
109743
8884
79756
41727
0
2934
53992
86186
97890
80480
34541
0
12575
0
81063
0
17411
0
16567
0
12362
0
6393
0
37351
63623
49863
34095
1616
0
0
0
0
463
60699
0
102907
110293
0
69565
52430
0
11047
0
0
11218
0
0
47058
0
4790
0
77877
31965
221
10010
31028
0
0
0
0
43454
0
59691
64335
25866
0
0
0
18723
272
5656
0
0
60666
42291
1446
16097
76289
0
29785
19082
0
59663
32005
0
52298
103574
98626
417
0
107660
0
0
0
98105
98842
0
398
76648
0
0
0
4363
72066
3064
0
0
0
0
0
33614
8181
66704
17479
0
0
44686
0
0
48574
0
99659
0
0
0
0
0
0
3433
72114
38008
0
0
10717
108303
0
11178
41924
112305
94603
0
0
39624
8305
65909
0
0
46042
20952
69375
65243
0
0
96691
111155
0
88570
5353
19354
78371
84400
30851
32078
12262
0
15342
48821
0
118345
195
4810
0
44978
105683
0
84376
118918
95772
0
0
12566
118012
7261
0
0
37150
0
0
48757
0
25871
30409
61781
3584
0
63177
0
0
0
0
119827
45560
0
0
54323
0
0
0
63518
0
0
29878
121232
92032
3789
91582
13546
19130
0
0
0
13222
124501
0
0
0
34607
74875
4561
0
70761
0
0
7560
25061
32528
0
0
45269
51833
61706
0
8614
0
0
98396
37237
0
0
0
0
0
0
10804
0
36951
0
26383
0
0
32775
0
40352
0
0
0
0
0
0
22703
98554
5793
29371
0
0
0
2748
0
0
84047
44900
0
0
3868
0
0
48939
57901
0
10726
20397
53363
64068
0
0
0
0
0
0
0
0
0
91473
48559
86248
94884
0
56906
0
0
0
13435
0
20994
45096
17335
1554
89643
6622
12109
0
0
69716
6624
59040
0
0
97570
0
0
6407
103794
0
88680
0
119682
66611
40601
0
99209
5819
0
0
0
0
18623
2151
0
4868
0
0
0
129322
88286
40576
1184
0
20567
103611
0
41878
121629
42102
0
66027
0
0
129232
94387
0
0
0
0
0
0
65504
28667
0
87743
95054
0
0
0
0
0
0
0
0
9370
0
0
96436
123406
0
0
48014
9539
0
0
0
753
0
14620
0
0
0
1777
0
2309
0
0
669
71437
0
0
0
15392
62567
20841
2726
0
0
74899
936
5109
66101
0
42824
105454
0
0
118623
69076
0
0
37706
22937
31489
7886
0
0
0
43216
0
59589
4036
40920
0
102943
0
0
70148
3783
0
91685
0
61436
115715
0
37964
0
45831
78699
0
23383
0
96894
10373
0
0
0
3001
0
129606
0
767
0
7574
0
1037
17131
0
0
11648
0
0
0
8317
53644
48746
0
0
36620
0
10822
80859
0
0
0
0
4410
57320
18395
55464
28249
0
10506
1147
0
0
8867
0
0
82723
0
63596
0
0
84842
0
0
0
0
57333
39438
0
0
0
64212
0
74710
0
23142
0
0
7661
53258
37394
0
0
0
0
77614
20504
0
75427
56072
111052
30670
0
0
114675
67828
40025
112329
5543
9675
0
0
50580
0
0
0
0
54121
1056
0
0
124167
43440
115806
0
35513
98451
73657
39983
0
0
0
0
0
62020
0
0
0
0
0
119684
0
0
20449
0
0
0
65481
40203
957
12546
0
0
50019
0
92730
0
94230
30601
0
0
0
84778
0
107246
33880
0
97017
3357
5988
0
15971
0
0
108295
39752
0
56841
0
0
0
0
0
0
72694
5255
0
0
0
4304
32962
0
0
118501
57839
33374
49890
0
0
0
84825
91005
0
55536
0
0
375
0
0
0
41895
64123
17707
26824
93591
9552
14445
0
0
120877
0
6129
0
88974
112144
126881
32303
6448
0
0
13232
87532
31140
0
56994
0
0
28227
0
1547
22443
0
0
12010
40983
76232
78605
0
24128
0
90695
8228
76192
0
26593
0
0
0
0
102635
13222
0
79224
70071
58261
22552
0
0
0
128974
0
7102
0
0
79199
70825
13704
33404
0
76749
0
32501
38276
11055
0
0
0
41592
0
30308
0
0
104672
25240
9732
116116
49773
0
0
0
35281
10862
1456
103964
0
0
0
0
0
53004
114143
0
106427
0
40949
13558
0
24848
57252
0
0
949
16583
0
0
0
0
0
9156
36196
0
122790
74288
0
0
105690
92274
40075
12114
103520
0
0
0
0
102884
80610
18330
47818
0
0
49668
0
0
0
0
0
0
26212
41156
0
0
38955
104508
123055
0
57107
0
83582
7563
112877
0
0
0
0
0
0
0
0
17492
9529
0
0
0
32133
18143
0
59453
0
0
26692
0
0
0
0
0
0
78581
39985
0
0
6118
4265
0
106057
0
18275
0
0
28177
45702
0
8699
126210
33739
40032
59655
0
0
0
117043
0
0
2575
125504
0
0
0
0
0
86877
0
73053
22169
20245
0
13080
0
0
0
7065
0
0
0
0
0
43457
123320
0
10559
60085
0
51331
0
0
5773
50033
0
56213
33531
0
0
72372
39208
110639
27921
0
0
12441
2282
115628
119347
768
0
0
109862
104855
0
13168
7681
110320
4036
91940
16378
117198
0
0
14666
10898
0
0
125325
46176
9111
67735
0
0
0
31616
81799
0
0
127469
0
0
0
31905
99962
6015
0
0
0
0
6322
2536
39498
0
47016
78343
101359
0
0
0
0
51846
46286
32898
0
42606
0
0
0
5285
961
75044
9111
32724
87394
67569
51536
0
0
36049
0
2314
0
71754
40978
0
93282
42924
31617
94790
87792
0
124974
0
0
0
45597
0
101397
0
32633
0
0
0
16836
0
98105
52282
0
107617
0
0
47900
0
11426
0
0
0
56154
9695
61852
122303
65087
110036
1143
0
0
22753
5011
76223
123068
0
36319
0
103577
0
0
0
121674
22863
0
0
9356
43705
0
41489
20984
104652
55227
90077
0
0
0
0
0
12563
699
0
11891
0
0
42735
36554
0
81443
40014
4166
0
45197
0
49786
0
11088
32934
52234
61992
113852
0
68127
0
3488
0
23790
109525
49237
0
0
0
32298
80895
0
0
97176
0
0
0
0
75973
51347
0
83721
77014
0
0
0
10763
0
0
0
0
39040
6615
0
5384
0
0
0
45959
12613
93119
0
0
0
0
0
93808
0
80460
0
7813
50121
0
0
191
19095
116383
63166
0
84768
0
53659
0
97402
45845
0
109636
82668
41854
0
16971
30070
0
0
17727
68318
0
38737
0
6904
0
5313
45310
0
0
0
95889
1599
113693
0
0
17038
0
0
102363
8670
0
35182
52799
0
77971
0
0
0
0
60800
98216
0
4987
0
122686
5884
0
0
145
19152
3663
0
0
0
77449
38488
0
0
0
0
77954
15345
123325
0
0
26208
115896
0
22170
0
0
11486
97750
12522
0
0
33577
0
0
103018
0
22401
0
0
5786
33362
99601
11578
28340
0
109718
20574
0
18366
0
0
10724
30219
0
73888
78309
0
25643
0
0
111242
54262
11993
11731
0
0
9429
0
13193
71743
77235
0
114617
0
0
0
0
2393
4902
82834
0
44121
0
107414
767
10134
0
0
8706
6348
21164
0
95094
67224
0
4295
0
0
0
13958
0
4503
0
58629
121093
46617
0
0
85329
12234
63762
88019
0
0
37901
37987
0
0
0
63803
0
102014
3750
19771
108921
0
60384
128325
22283
50622
77329
8378
12091
32389
43240
8580
46759
0
0
64064
0
0
13277
24338
0
125581
355
49454
0
19256
62541
0
0
0
7886
37680
0
0
12003
26016
18518
0
0
0
0
12542
116436
0
0
0
2448
23956
28754
0
0
30865
20847
0
40982
0
0
55702
17964
33291
0
0
44698
0
0
0
62591
26195
129777
0
0
0
0
3424
0
61653
0
56304
88696
0
69260
100306
23355
0
0
104058
11333
21656
12788
0
0
45439
4371
0
0
0
58363
3486
26374
6577
29666
98527
5200
0
0
2366
0
0
74018
519
71098
112752
25014
51391
0
0
0
0
0
14285
80088
37988
84276
101156
69673
0
0
94091
0
12103
80605
80422
13937
6912
0
77680
0
7817
12305
0
0
4317
8039
17849
7774
3089
123072
0
0
100520
49201
0
1021
57076
0
0
0
62731
11773
2267
0
99153
0
124191
0
7978
0
0
0
19558
0
97681
0
88493
112
126578
0
107595
0
46508
0
121775
0
55925
0
0
88652
0
0
0
17097
9824
0
80394
0
0
71866
439
0
35695
0
0
63568
5095
6165
95995
0
0
9817
1368
0
117054
0
43470
0
0
0
30820
0
65224
0
77848
0
0
15502
0
0
0
16109
79377
73530
0
0
43584
0
50543
0
0
0
0
0
0
19007
0
11202
0
0
0
122062
9787
0
112963
8187
0
0
0
0
0
0
109
35644
126920
42472
0
0
0
8032
44976
1883
3580
30522
0
0
72364
0
0
0
79684
113193
0
0
59705
87804
37788
0
0
5365
60968
82531
0
0
0
87185
310
0
0
0
33817
32826
44894
66742
0
16681
0
0
47616
0
0
18556
0
0
4629
51022
0
0
9355
28956
1593
0
110697
0
45868
0
0
0
82498
0
27998
80366
0
107565
0
0
109302
2542
123794
0
88720
69342
0
36800
67439
0
12358
0
89617
393
33989
58941
0
0
0
0
4848
55369
81439
0
0
20149
118017
77712
92563
20234
54854
29319
116643
54537
0
0
70365
22907
46903
0
0
17406
45351
0
48663
45514
0
108819
14991
0
0
0
128614
42730
0
1510
18035
59203
0
0
9247
9369
86084
0
0
121204
63496
0
0
12566
4630
0
0
105253
0
0
0
0
2345
0
80701
23241
0
0
0
107487
55938
0
0
107501
28280
29250
0
0
10090
38162
4105
102551
13467
45174
86747
0
0
0
70960
5923
60652
75197
0
0
27015
72410
0
0
13280
92710
0
0
90592
0
0
23237
79162
0
115739
21487
58448
118295
33726
0
82022
0
113429
0
0
75686
0
0
0
0
0
95024
79521
13184
7947
0
52826
88202
0
19519
0
0
0
29612
10178
0
0
0
0
75442
38406
68696
0
0
35806
60547
28962
115591
0
15145
27871
51328
143
0
37497
62404
47376
0
50859
7650
92082
0
91262
0
95479
8628
4166
0
75239
0
0
110421
0
77871
32118
104088
31790
48368
0
91313
0
11396
102098
119869
0
6463
71012
42007
95594
0
0
0
0
0
54246
0
60248
0
44473
29676
0
3871
47196
0
0
22714
0
114528
4157
28494
33955
0
0
108378
42740
0
35244
0
0
0
0
0
37617
0
0
31919
0
88818
1947
5679
0
26924
0
0
36711
0
0
0
50072
0
0
0
0
44495
73516
0
0
0
38977
66927
31508
17744
26418
65255
0
23674
27521
0
0
0
0
89363
115803
0
0
4081
0
71585
0
52045
0
0
0
0
126031
129213
0
0
7587
5992
0
0
0
67781
55129
35293
0
55278
0
93337
105451
3958
54396
0
0
3585
0
112347
0
0
18199
0
0
12360
19730
122510
62839
34432
62183
2137
0
0
0
0
0
0
0
55446
52169
100049
0
2626
0
81740
3283
23168
0
0
1094
0
87912
0
0
0
0
39743
0
0
0
109033
1543
0
913
3019
48646
36460
0
0
0
61195
0
116146
80350
87730
0
71058
0
9822
121051
313
56304
98791
0
82779
34019
0
0
0
0
21584
40688
65005
0
35065
523
0
117885
0
75340
0
0
9410
64924
0
8909
129081
0
0
129015
0
32206
12042
13614
21483
0
0
0
1731
0
105845
85476
0
21314
62866
0
59369
0
30793
0
0
111576
12663
125934
24719
0
91515
4696
0
6033
0
24416
0
113859
1626
1171
24189
93782
29180
15819
0
0
8642
0
27464
0
79412
18330
13327
17170
90817
0
52815
114929
58513
0
98517
0
10174
0
0
0
93805
0
0
7839
96594
0
7956
50583
8341
121646
7606
0
36212
0
9195
0
46447
129040
111912
0
0
18442
0
0
0
4645
41699
0
124982
29968
93106
0
1479
112900
82799
0
57425
42854
18001
73238
0
5419
3409
0
5081
43965
0
101580
57871
0
0
99521
28831
0
0
0
0
0
104111
0
0
0
83368
1892
0
114055
0
61020
66627
37061
0
0
81873
91283
25419
5698
100146
0
0
83513
94978
9461
7518
73398
0
0
21201
0
52061
95788
0
0
0
0
52867
0
0
31876
0
48507
85132
13018
0
0
0
79773
129179
7967
3402
49736
0
112434
0
0
74665
41178
0
11455
0
0
34216
97440
116532
0
9786
59261
76546
790
0
24307
0
89266
2822
103719
45023
60271
0
11927
0
107704
60776
0
110023
0
0
109367
5122
16155
113479
15884
0
53432
18327
13929
6116
0
85104
0
1218
13078
0
67025
0
39644
21762
41192
30284
29277
0
19355
0
0
0
0
8726
11643
117839
8545
0
122503
62995
75182
0
37008
9373
108283
73622
0
0
0
41235
0
239
0
0
52250
3118
0
107073
44422
0
9170
0
0
17596
5167
0
0
0
0
65403
62779
0
0
1051
0
40641
29224
0
1289
25
0
31183
0
0
38108
46184
59383
0
0
0
0
0
24112
4589
0
0
0
0
85083
11521
88570
9327
0
106544
59508
0
8885
0
14719
45353
122876
25449
0
0
128317
0
24726
3621
0
0
0
0
0
56910
0
97237
0
0
93654
45206
0
268
2366
22407
105877
54104
0
44349
69324
0
54243
49523
67220
0
0
6171
21704
675
42164
70874
20562
24769
0
40518
0
100907
58559
0
0
58641
31619
30757
1374
57166
28138
104758
0
0
0
13664
46973
66345
63675
8760
4247
0
53517
29997
0
0
0
57084
0
0
4234
57210
21460
0
76349
211
0
55999
0
0
58
88032
0
27126
0
0
32616
9394
9695
0
91039
0
6340
107429
83109
0
0
0
101737
103232
0
32345
48333
12859
0
0
0
12750
0
67144
0
15454
0
0
0
7573
16150
0
77941
0
0
0
45601
0
71229
21314
54864
31496
0
2284
9595
0
0
24812
0
102950
46903
71725
0
0
0
0
0
0
107746
15782
0
0
0
0
10186
73146
0
0
0
0
3674
0
0
0
119210
35052
0
2359
0
0
0
40047
70636
67952
0
21563
0
40031
4558
34568
76520
100498
0
127800
0
25080
30786
0
0
7603
3115
0
69761
0
0
5233
0
0
0
0
74775
0
0
0
0
118678
26877
18277
0
6209
76
86678
0
450
0
33141
19189
0
47319
85933
8883
34601
89023
8601
0
0
0
0
5974
50111
53157
68064
0
9019
118509
0
0
2425
51725
0
0
0
0
0
0
107676
80078
0
0
10809
0
0
0
0
0
0
0
2147
1049
60961
0
108266
0
99305
0
74212
0
0
79427
0
8963
12781
0
0
0
41991
0
0
0
0
11161
52020
101798
54082
0
60730
3865
29298
0
32496
81518
0
0
21337
477
9817
49456
0
20761
2998
6799
106557
95762
45128
96587
127724
25725
0
0
0
0
71631
72577
62235
26036
42968
0
30508
16062
1659
0
0
0
0
45647
34608
24760
73650
90362
17903
0
0
0
112851
31801
2446
0
54067
66151
15805
1541
35655
0
0
3658
22731
95953
11407
0
0
54434
0
0
96390
67372
39673
0
0
48599
53845
0
0
0
12659
67767
625
65976
0
8356
33483
7561
1697
0
74196
6492
62063
0
56160
0
0
0
0
57846
34035
12702
78843
0
0
0
105205
0
64314
0
92417
67059
1204
36164
4485
0
0
0
0
0
0
31521
0
97210
20177
35276
0
0
0
32069
0
48397
73159
32750
0
0
0
94866
0
27556
60699
92279
0
32476
92451
100415
0
49841
0
0
0
1322
0
19072
34052
0
109471
0
12894
0
53958
0
452
127353
0
14177
0
4529
19519
0
5474
72286
0
0
0
0
117305
0
102570
9491
0
0
9509
0
0
0
15606
78694
0
0
0
105430
45823
16044
17617
0
123426
13420
16668
0
21587
42166
820
2088
0
0
18079
0
103009
39463
0
0
48882
0
8735
90362
0
60360
0
0
35527
0
15712
0
87031
0
0
112074
98551
0
0
10563
0
0
29947
0
0
69735
0
72323
0
0
0
0
82238
0
75339
67394
477
0
0
55122
6845
0
14168
0
0
7424
90859
27774
116979
41841
0
0
0
0
114852
0
0
93205
0
0
77909
0
0
0
5041
0
39304
0
116257
71466
0
72505
125948
0
0
0
17845
14942
0
0
102055
56884
10845
43157
59774
0
0
0
88252
0
0
80802
20912
0
0
41612
0
38459
66950
10151
10953
117330
31424
0
0
0
60671
42131
0
0
0
0
0
10315
0
0
10248
112890
0
0
105526
0
62128
51700
109877
0
0
0
42744
15596
71113
0
0
11723
28809
0
0
6503
0
0
2185
70571
0
894
0
126230
35210
5862
4939
112469
35311
23865
0
0
0
0
3027
401
94757
7566
0
0
31404
76267
91502
0
71673
52640
22364
0
0
5283
7354
0
53475
1581
0
0
112893
0
0
0
0
0
13472
0
0
13368
0
124722
0
77103
0
82441
0
0
0
2184
10549
20287
0
0
120697
0
66448
0
0
9186
0
0
83289
0
0
0
168
0
32758
14433
117218
0
2905
0
8043
0
0
0
6327
1402
0
10028
0
0
0
0
5328
28144
0
0
110849
0
0
0
89744
20666
0
4140
0
91135
127995
74143
0
0
97860
0
39327
0
0
0
0
41474
41730
0
0
16449
0
89578
47031
0
0
0
22251
0
22478
38936
0
0
83572
866
25022
1202
0
0
0
0
37374
0
106748
108658
0
4841
0
0
0
0
0
108889
24018
0
0
34828
83345
121978
25780
25206
0
37074
1894
0
0
8732
0
31936
0
33477
0
39346
0
0
37351
0
430
0
49859
0
34689
0
112140
0
53092
0
9770
3222
99657
6228
0
19229
120721
102546
0
0
0
32607
21736
0
129639
54799
51438
0
107743
11608
35
0
0
0
78770
51938
0
15545
1718
31219
0
34299
0
67985
58852
0
0
46777
0
62618
48223
0
0
0
53728
1998
405
0
68275
115253
0
9608
0
0
31523
47009
12822
41821
0
75737
0
0
0
25794
95035
56393
110774
0
5394
314
23019
163
23686
0
30137
0
35259
10589
0
30711
44111
116204
0
0
0
73751
0
0
0
6547
54289
0
71
2978
0
0
20049
0
11966
0
79496
104190
80651
0
78156
105545
7442
0
20802
0
0
0
27235
0
0
33893
35404
18143
6790
23486
10455
0
84114
0
0
110136
32413
0
76959
10708
91070
1092
129362
693
3826
0
0
7341
128876
0
72296
49503
1785
6967
0
75838
9017
0
0
0
39271
31948
0
105032
2643
0
0
0
0
0
72469
0
0
11194
0
0
0
0
0
0
0
15770
64027
48443
44017
0
0
12226
53668
60017
0
1466
0
97869
0
0
17753
70570
0
18300
0
3295
129299
87892
122967
64732
0
30766
0
5018
114976
0
52503
0
0
11840
0
0
23269
12844
16121
2155
0
59708
0
26625
0
16077
15443
90962
118630
0
0
0
9507
0
34729
0
0
0
20298
0
9485
0
0
5742
0
24990
10818
43397
0
569
0
48882
0
0
0
0
24639
4292
20821
0
0
19022
0
0
64026
35918
46984
46259
0
0
22293
108128
0
12942
8007
20303
59995
86684
69249
0
0
0
0
0
30392
0
5756
8132
0
107512
107013
0
88276
6556
0
0
113817
0
0
0
0
0
74627
3047
0
0
0
126677
8745
11454
0
6269
0
0
127823
0
88047
0
25209
0
0
114571
0
66464
0
0
20554
44707
10784
23974
18794
0
0
0
0
0
38386
37006
0
21819
0
24589
69886
0
0
4399
0
109462
95692
0
12559
126215
0
0
98641
0
0
3962
0
8038
818
29098
0
2271
0
0
0
36920
0
847
0
37981
89272
128984
0
39276
0
17606
75174
0
0
82595
111364
0
25847
4856
0
0
0
35499
0
0
0
0
3753
0
64219
0
61474
4744
109220
10350
0
12786
29577
0
0
36642
0
0
25366
10308
0
0
0
0
10623
19840
39701
66981
0
0
13155
0
0
77454
0
89465
104955
23120
0
0
46543
119881
95689
0
0
0
6391
0
118125
737
0
0
0
0
0
26581
0
0
0
104400
22852
0
0
0
18751
0
89052
0
0
85604
126561
9466
14318
0
73524
0
0
57490
16453
54203
49765
0
13340
72395
0
21253
80694
0
0
0
0
0
69722
0
0
31850
0
68993
14609
76507
63149
65523
2351
0
1169
73882
34780
9484
0
0
96262
0
22425
0
129061
0
0
0
0
0
23361
53815
0
77549
45055
0
6748
0
56203
18811
60804
20282
25929
0
48356
125352
0
24695
12078
19422
10752
0
31939
3527
3390
11731
0
11550
59485
0
0
0
751
0
0
0
112582
0
0
0
6894
30405
129602
0
0
10801
0
0
0
0
0
1021
0
0
49540
0
66528
0
0
0
6284
64813
15291
110279
55307
0
0
27833
0
0
46986
873
65545
11761
20151
87575
0
0
30877
0
0
47668
0
0
0
44664
80844
97497
0
0
0
118353
11459
31180
76143
113856
0
0
42297
0
0
9956
0
0
0
124384
0
0
0
14563
129852
0
25433
104029
128787
0
0
123085
1011
0
0
0
28412
3071
59309
89767
0
36301
0
92712
2386
80607
51778
0
0
124194
25481
36295
37263
62798
0
0
0
0
0
86411
0
0
60682
0
18569
98506
1117
0
0
0
0
0
31424
48518
0
8632
42999
118636
127897
114215
17675
0
5390
0
0
981
36568
0
66424
0
110761
0
40598
0
0
85121
72432
0
90221
0
0
16584
21041
24037
7287
52628
108047
24370
0
4067
55239
328
94068
0
2131
47830
28475
13947
8465
59995
0
98524
0
0
52840
76370
103763
0
98978
0
58180
9574
33360
5206
71282
16968
0
0
28817
72939
120581
58503
0
2752
0
0
65538
83798
6788
4280
9929
0
0
0
4169
0
85866
0
27621
77198
2469
0
0
0
0
54741
28227
11768
3700
16413
100087
0
55011
49757
87881
77646
40892
104011
34837
0
21575
0
0
0
0
0
127263
19234
72621
0
0
54017
79797
87130
0
8687
0
0
0
66868
59166
0
97663
12814
40289
0
0
0
0
0
50767
0
10987
40813
0
33381
94528
59535
16964
100083
117739
0
0
0
0
16527
10281
27612
7119
3946
59075
31412
30863
113786
0
93397
1040
0
0
0
11420
85382
0
0
76825
0
35763
80855
44498
8013
0
0
0
0
40981
117517
0
1674
0
0
8363
32009
0
7315
51883
0
27400
13426
7726
34183
0
0
0
19045
21274
0
6705
1368
107709
101779
0
0
0
8726
0
116273
0
0
0
0
0
0
0
0
0
0
0
26913
121574
0
0
0
0
99196
4134
0
0
27612
60500
59009
0
66217
0
710
0
6518
121342
122630
7458
0
31996
0
36558
121728
0
31213
30893
31418
33819
0
0
65369
129261
43429
0
106065
43454
0
0
0
0
0
0
0
29260
0
31525
21158
80292
23994
7095
129082
74133
59874
0
88584
113025
3138
31650
0
4819
81117
195
73256
2416
15844
99260
0
0
0
55789
28296
16501
0
40999
128088
97327
19961
21153
80811
0
11023
0
95592
0
60271
0
0
0
0
111024
0
2669
0
2768
8509
0
0
0
12968
34756
32600
0
45667
0
608
37271
0
0
0
51776
5095
28368
122750
7692
0
0
41788
0
23867
6155
0
42008
0
0
6773
96164
10876
94347
0
0
0
0
17177
11360
0
0
0
111722
12571
0
0
0
0
15224
41690
50498
37074
9320
36412
0
17102
0
12261
60256
4365
0
0
53862
13869
15503
0
6422
31522
0
3115
18427
0
28889
11208
59618
0
23844
0
69332
55756
0
0
0
0
127733
0
46202
1861
15928
0
34176
18725
6125
0
0
70895
104152
0
0
80287
0
90605
120032
5451
62687
39855
4801
47692
0
0
25538
71147
1140
127167
0
0
61801
0
0
14050
26038
85569
0
46837
0
0
0
5256
0
12024
0
0
0
94489
13031
0
70488
0
8568
17694
0
0
0
0
0
0
6217
0
0
0
8847
4862
23988
95846
86945
0
106479
0
0
19621
0
0
67280
0
0
0
19834
0
0
39067
37122
0
15247
0
5071
104539
19198
0
2498
45049
0
879
0
0
17505
0
0
6015
22788
0
0
98770
104423
3106
0
11725
0
0
26836
0
0
69815
0
0
8090
107023
0
0
0
4104
52007
107619
0
0
32442
8880
46020
0
24350
35101
0
0
0
0
43577
0
20410
0
111915
54343
15983
16010
0
14669
0
92815
0
0
0
0
41181
0
49780
8238
0
0
0
1952
0
105087
60515
55106
0
102398
0
27593
35016
15802
28804
0
10286
10277
51436
0
0
0
46321
21451
73426
0
0
65005
47978
0
94030
113716
0
14083
0
17585
0
42077
4728
47067
0
50770
70520
0
1515
17022
0
100490
62791
0
0
0
0
0
34778
0
0
0
10760
0
0
0
0
0
0
0
0
0
7314
57309
42287
0
0
3805
0
7122
47052
27253
38113
0
0
51784
0
0
0
37870
0
57976
79003
0
81878
0
0
97299
0
29168
127970
0
13698
5251
0
66853
0
15626
0
29133
12529
0
4947
0
13925
20784
48968
0
103491
0
2996
0
0
0
49291
122886
0
0
0
0
0
3016
0
24185
48404
26329
11726
2319
0
11575
6815
128854
6951
0
4221
0
0
0
0
0
35674
0
980
0
0
40038
41561
66864
23980
0
0
0
1926
0
0
0
0
3127
99988
111735
0
34010
0
15603
15329
0
62214
66545
63090
63053
12295
75431
0
0
0
0
110565
0
89903
56104
0
0
0
0
0
0
0
87401
9673
39394
59657
1475
2975
19865
87711
0
0
20741
0
0
73813
73906
0
51485
87687
0
0
0
16843
122874
33393
3281
0
18954
72937
88774
2576
0
0
109732
0
44621
88480
65096
51948
0
67424
9137
125398
5989
0
6293
0
0
0
0
91265
0
0
190
5885
0
799
5408
0
37134
5803
4418
70193
0
9098
26014
0
0
0
0
7570
0
9304
0
23413
122633
0
0
81159
0
0
21787
71637
0
111579
74484
19800
17783
101646
0
5390
0
38578
8228
32582
37057
0
0
0
0
44859
1850
126650
0
1480
0
0
21784
0
6658
83559
46806
3299
10878
0
112923
0
0
0
0
0
67574
0
118002
0
693
0
74227
59197
30346
0
26943
80822
0
0
0
1306
0
118380
0
0
0
6097
0
68274
127415
0
100593
0
0
0
788
102403
36640
43801
114
38919
0
58799
12521
12059
32792
0
2275
0
0
6274
0
98722
28663
52490
0
0
24533
27348
78594
9122
55452
0
0
115703
18917
0
0
39439
0
0
8381
12028
0
42366
6720
0
0
0
118570
0
40253
22134
75419
0
0
23534
0
36354
21337
0
0
0
35035
0
123336
0
0
71877
0
0
26821
2291
0
0
38506
25423
63428
0
0
1213
0
54713
0
60005
0
0
123849
0
0
49870
63894
6412
8349
0
0
116039
0
0
99207
36837
2559
6217
0
36295
0
0
0
69508
113667
0
79794
0
0
0
378
0
0
18220
112970
0
86947
40574
125791
15434
40167
120852
0
34338
0
339
0
108463
80742
0
0
44131
66504
0
63170
0
85220
0
0
115275
52461
0
63999
88695
60927
7533
0
0
35684
14836
112193
0
0
0
0
7561
96560
101871
0
0
0
6994
123262
0
15700
43449
0
84715
56323
0
0
0
16142
0
50220
0
0
0
26229
0
0
28049
0
0
39739
109472
327
10437
1933
92238
0
61669
24091
12224
0
0
0
0
0
116064
39106
0
0
99374
0
0
0
0
0
3722
0
0
53932
0
83698
0
77484
0
0
50050
111280
32421
87720
20163
30291
0
0
0
67179
0
74989
2825
0
37918
0
3339
5816
49389
40963
0
19384
0
81345
95930
113243
0
36459
96188
2426
0
26152
9575
86292
30318
0
41688
9224
64139
64757
13513
92474
0
17882
21143
0
112222
0
0
4275
23530
10041
82625
3310
97239
0
0
112719
10341
3422
0
17886
37455
0
52110
68251
80985
16331
29435
0
11364
0
11861
21087
78673
0
0
108620
105604
0
104338
0
105007
0
0
39624
0
19745
9559
0
82321
0
9523
0
0
21572
0
0
10427
58300
16541
0
14847
126427
51786
0
0
0
72068
0
116075
2510
0
0
1302
5394
0
0
75768
100565
51219
66384
41839
0
2054
109803
64069
0
67360
0
0
1595
0
0
0
33375
0
78073
35878
0
0
42088
53425
8338
0
3749
67942
18941
106056
0
0
546
47905
0
0
0
95549
0
0
57609
19258
29607
0
0
0
0
0
72041
0
0
0
0
0
62464
0
23187
0
6565
0
48771
4556
38992
0
2850
0
0
0
1318
90247
31409
0
0
94654
0
112453
0
108647
0
34920
26000
0
158
3055
0
20809
26024
11560
72349
1525
0
0
72054
28591
0
0
83129
5885
16132
10752
51009
17786
0
0
0
0
43604
10966
0
51657
6212
0
39522
8174
0
0
26161
29239
35714
37593
0
94154
0
0
59590
43573
29509
0
55201
0
0
0
27310
68391
0
59337
117904
39139
0
15854
10362
20339
0
56786
0
101112
81051
27871
89244
0
99670
0
0
43705
23588
0
72597
0
52636
0
0
39905
0
14919
25849
30538
0
75339
0
124633
7458
0
0
14454
76862
57606
43960
0
89760
60357
0
0
124205
83940
102352
51576
67594
52
92732
0
2438
3554
7344
36365
0
0
3204
20869
80814
100655
0
126428
0
129365
0
9203
129192
0
0
31822
1199
0
6907
0
113358
0
0
0
2260
0
28362
57949
1463
5207
19041
23152
0
42772
0
0
0
0
0
63012
0
12202
0
18655
72964
0
0
0
14371
43714
0
95833
6062
4933
0
43274
0
11229
3855
110384
23350
0
0
122376
72500
0
0
0
0
90136
0
0
0
4766
16381
114501
11210
7376
1325
9015
0
56625
121798
128475
92183
33861
85403
0
0
2773
0
18764
0
2367
0
60602
0
3777
17600
0
0
0
111631
57849
0
0
128074
0
0
125897
10398
0
0
0
0
0
61666
11665
98235
0
28470
0
6721
60514
4061
13718
82873
50618
0
0
0
0
964
0
0
52473
0
122497
0
53234
81384
0
46308
0
0
112725
49515
11139
0
123253
0
0
184
60143
4702
81712
19866
31125
101887
92544
23048
1550
11361
8405
71019
17761
2059
0
123337
0
99664
0
2998
0
100070
4016
55990
119647
111962
0
86994
0
51711
76906
0
21776
98188
15738
68517
0
17719
0
0
41540
61997
8953
50708
58090
22796
89797
72045
5558
13208
52558
115518
52914
9163
0
2644
0
0
0
57029
74285
20680
72585
51839
41372
53284
79843
78653
12808
17599
0
99465
19885
129767
3654
0
14956
66524
43325
0
0
7696
0
0
31039
26136
1885
0
10552
0
32574
0
33182
0
0
83097
10106
0
109936
0
0
0
0
0
0
0
109744
25335
3058
0
54231
90322
0
8758
86285
0
71018
48566
0
1986
0
0
28142
85002
0
88495
0
0
111868
103999
103211
0
0
6411
0
0
40837
14085
0
62915
0
0
2698
124513
118998
0
68525
0
0
0
35371
0
0
0
0
40739
162
0
2832
0
0
18856
49236
75100
0
0
35369
126386
8829
94157
0
0
0
0
0
59249
10618
0
0
32842
15915
0
0
0
48022
0
41628
0
0
0
99232
17585
0
39976
3727
50172
75353
90969
33181
31512
0
57134
98843
44800
0
0
0
0
0
0
104800
52334
33342
0
0
9618
51316
0
6810
0
0
85027
0
99428
10673
56284
3353
22580
40095
20712
0
0
0
0
5485
0
33267
7280
0
20232
37391
0
7256
7684
39414
59686
86660
9450
0
23244
3221
0
0
77840
0
13121
8735
0
128215
11461
0
0
0
36671
13460
62292
1903
0
70657
0
112047
45053
63279
88477
128369
0
0
0
0
0
53353
0
126401
0
0
0
0
0
0
0
1341
0
0
0
6025
30607
4597
0
0
0
0
0
70777
101686
20016
0
0
54217
126006
46862
14179
0
0
0
0
9643
79369
13105
56793
2638
0
0
10440
0
0
0
0
25680
0
0
7356
29089
35980
0
49470
0
2657
0
0
0
14829
3136
45624
0
60619
92080
0
0
0
15147
9781
0
69151
0
83927
16692
45027
0
0
76914
0
0
74800
0
0
0
10032
44691
31325
0
3109
121969
0
20977
52040
0
0
12682
0
49099
81145
0
0
2140
75910
0
34335
0
41844
96026
22665
0
84337
79578
38778
0
0
0
0
94515
0
120491
0
0
85376
4598
0
92593
0
72213
0
13613
22552
33586
9344
19583
0
79523
0
26900
0
62042
0
125387
0
0
16764
103048
35120
0
56111
0
77457
0
53716
55649
54882
0
0
0
0
0
0
42744
111621
33685
0
0
4917
93937
0
18260
5014
0
0
0
90399
110692
127025
40754
50788
0
0
0
129772
0
9999
0
26724
7857
33032
0
0
0
58635
44901
40239
20198
69101
0
0
0
0
62412
15486
7020
16090
84861
32008
26862
0
0
0
24655
0
24585
0
0
56209
0
0
39381
53644
25717
0
40443
0
0
31249
29938
37555
28685
0
114211
64407
0
27571
0
59372
0
0
17260
0
40002
34609
0
0
0
81238
0
0
88527
115667
120964
0
0
15261
0
0
0
13239
0
24706
0
0
37370
48398
1065
8292
81233
0
0
0
90682
0
0
80719
0
0
3784
106560
0
78210
0
0
0
118753
87211
49610
0
8364
12628
0
1067
0
59709
25801
78583
0
7746
37765
39441
102263
57899
92734
81654
0
30844
4454
82271
57795
14905
0
0
113171
32118
0
49125
5966
67736
752
0
0
405
0
108893
19852
0
45680
98368
0
0
0
84823
0
117466
123522
17369
0
48866
0
40235
11438
0
0
1289
9312
0
88078
119408
0
68127
52303
0
0
60606
0
0
11378
59467
5853
87836
22292
71490
26007
44253
43324
0
60237
93856
0
0
23950
12862
67217
20096
53175
50741
0
124833
0
24576
4688
2010
0
11995
4302
37285
0
12656
7867
0
0
0
0
26564
0
66463
0
0
59926
58997
57249
32674
0
0
6540
14630
8797
113184
32595
27266
19001
0
82396
14854
12966
0
95164
111617
0
0
0
55615
69504
30397
2843
0
37254
0
120403
0
8647
87341
120668
120648
92075
47735
0
0
0
29450
0
14006
0
75337
0
0
0
128983
6333
0
0
101842
21413
32449
0
0
1144
0
0
58474
0
0
1516
0
0
0
60742
0
0
104904
0
0
0
13416
85052
0
0
48982
0
28050
77930
0
5612
19266
128194
66220
39712
0
0
0
5620
0
0
34870
94228
0
0
0
21647
10004
22069
0
59981
0
811
33460
0
0
754
0
0
0
0
0
73890
75546
9198
0
71987
96949
0
0
87298
0
92849
3236
0
107174
0
31775
4571
0
0
92553
28898
6279
41652
63430
0
27299
0
0
9795
0
0
0
0
15984
49251
0
11091
0
54832
86546
105721
0
48168
9
87095
0
26787
61929
0
56136
0
0
0
225
0
0
51534
0
0
29686
2395
74177
0
8487
127412
0
0
39850
53526
0
0
47873
61951
0
0
62329
14943
58909
0
3103
0
11880
63994
0
49732
56796
0
2819
32199
121010
17522
0
0
1852
47163
16062
51278
0
70688
0
0
68603
0
112855
0
15947
126649
72155
0
0
8144
0
99777
52004
59158
0
8563
0
0
5025
0
125726
17462
125946
0
28367
124683
21219
0
0
0
56761
70230
33463
64267
0
0
83763
0
0
0
0
16168
39078
129323
0
113761
20064
0
0
0
0
0
0
56530
12459
0
0
0
0
0
0
0
0
0
10468
0
52353
97225
23393
0
0
0
0
43975
54968
38172
0
0
0
53801
0
0
0
0
0
60851
0
13940
0
113970
1043
46857
97945
0
68714
0
118232
1537
0
1589
31231
0
47797
4419
56761
6205
0
0
0
38207
0
0
0
1370
0
17111
21170
0
0
2936
7576
122573
120249
48558
73705
80417
99450
29752
0
18349
5260
37584
0
0
0
0
0
0
0
6685
13725
0
0
2065
0
1218
74622
19587
95250
0
49111
74017
0
7263
0
0
0
0
93357
0
18509
0
7506
57949
0
0
0
24247
0
78989
24101
13561
0
0
23626
0
8268
34109
2037
0
64900
105983
0
0
85656
3187
1755
1940
101182
0
0
3709
51347
0
0
0
4710
0
0
0
2349
7723
75800
41808
104079
12045
0
0
0
5123
4827
0
0
67642
0
109360
0
108613
84218
0
0
36295
27297
66176
89541
10306
0
0
28198
84277
0
1418
82791
0
6130
0
1033
20267
0
0
125155
0
14964
0
5334
0
0
0
0
48820
20427
78282
0
0
352
0
117298
31430
0
107865
47248
78357
0
0
31654
2337
14984
30677
95867
118945
4872
442
1421
0
52738
0
103995
127663
0
3105
30201
39308
33248
0
127372
4031
0
16048
88127
0
39860
0
33048
121009
123551
0
89081
0
95346
0
42268
0
0
70154
0
0
125165
77924
66503
0
0
0
0
0
0
0
104536
0
0
0
1865
23598
0
0
0
24006
11813
9105
83639
0
18153
86536
9120
0
25845
112649
30771
4180
65974
5601
2305
0
0
0
23816
58197
44612
106591
24818
0
0
120280
0
3744
2643
0
0
13072
89613
0
96419
0
98884
0
0
25244
27788
98997
21149
38290
0
0
48607
102789
4441
119620
0
0
39759
93495
13083
0
99593
86671
129853
0
0
26156
0
0
0
55826
0
22770
0
4508
9312
94319
2178
0
2906
5225
0
0
0
0
0
41344
50095
57500
62507
27578
0
0
31652
98846
44098
110894
0
8509
0
83796
10023
0
0
0
90308
79415
65671
0
11200
20289
20772
0
0
109882
0
0
87573
0
9648
41365
0
0
15447
85816
102926
0
0
36651
0
116726
0
8417
17832
0
3184
0
125238
0
0
120220
10889
0
0
2110
0
0
0
84482
33017
0
104631
43150
90525
1739
0
20174
0
0
2080
0
0
0
119789
0
60713
16140
0
0
76681
58058
10965
13728
0
0
10926
0
0
0
113347
48279
87412
0
0
0
3546
0
98560
0
23321
0
41086
9020
0
0
0
0
18633
66142
65675
18716
76471
7346
0
104993
71473
0
29235
0
108728
24860
0
0
11947
85676
47861
0
90510
0
0
0
46784
0
65018
0
0
112326
0
0
0
0
0
0
0
0
0
0
72096
118228
1371
0
0
0
0
0
86895
0
0
92314
58029
0
20485
58625
0
108275
0
71668
0
4258
87768
0
725
54468
5321
88307
3337
0
0
490
3004
88225
11887
0
26119
1944
53158
0
18369
0
104306
0
0
50758
31631
58616
2549
0
8385
67762
0
0
3185
104804
2646
0
6738
83591
110202
1767
0
129163
1113
0
0
13917
0
0
61777
18744
0
22220
5732
0
38704
96521
46942
0
6273
0
2691
31903
0
114343
112931
36717
82368
81099
40662
23314
21814
12133
0
0
0
0
0
10552
0
0
0
0
0
96223
460
0
45962
43528
0
8189
51981
65843
0
0
84290
0
0
5489
12703
0
0
81129
0
0
100066
23249
9279
6520
120426
0
18605
12001
64994
125978
8431
47341
1236
0
0
0
0
0
127028
46565
116823
0
5676
40784
112288
0
38422
43477
0
65394
940
5699
938
7681
0
0
18883
1160
0
4445
55748
0
31951
0
7949
5182
70193
111889
41587
0
103826
0
0
108693
80542
105895
102383
0
0
33776
36218
0
0
0
0
0
0
123239
0
47849
0
0
117505
66356
13436
0
29604
68320
0
67710
0
68521
63872
27844
54513
0
20314
62728
115976
0
14376
1820
13703
8929
6973
0
70256
0
0
36668
10647
57693
36228
0
0
0
0
0
0
45230
38657
63049
0
0
0
0
0
0
0
12222
8217
0
0
0
99125
7769
29819
27194
112076
94
13349
0
7197
48903
8246
0
75208
1101
26299
16842
15858
40390
3734
0
99358
0
80768
19958
0
0
107767
32156
63649
630
14091
0
0
102837
20685
0
0
0
108223
15789
15101
57270
1402
0
0
0
0
0
747
42600
0
8064
63409
43133
42324
93456
0
0
0
0
0
0
41670
33974
0
23087
0
0
0
116903
28739
62350
1661
25874
59181
126237
36260
0
50097
120613
0
0
0
26981
0
4179
58832
12170
0
0
0
16398
0
7769
8878
30204
100556
40885
0
25417
0
0
56404
38648
0
0
0
115486
0
2140
62780
0
0
25198
12730
15601
105010
24653
0
0
78638
48959
45407
20122
0
0
0
110819
0
0
0
3732
24381
5893
1817
0
6480
1199
29032
0
0
24753
0
17843
33393
126137
11934
116466
87896
48062
80001
72256
62733
0
0
90982
110551
0
20679
66155
64281
127132
38643
29610
129790
0
0
37135
56864
69423
0
89446
0
0
94503
100693
79057
0
12377
116877
0
117314
83335
52671
4780
29371
34337
5791
0
0
0
81625
20567
0
57016
21736
51975
107476
0
86954
91306
0
0
61116
15947
0
84689
10218
0
14682
1875
54656
0
0
0
0
0
0
84561
0
0
30329
59135
65675
0
0
5916
126370
0
0
0
0
0
3427
0
0
0
0
80073
0
0
45220
0
0
127636
6246
21066
0
91091
11704
0
0
0
0
0
0
47513
9040
28275
0
0
129192
65615
2707
0
0
0
68469
70526
0
0
0
10142
0
53879
21598
14889
0
18973
0
0
0
87492
0
0
61459
37983
39573
79935
0
15309
0
11767
0
0
0
11984
28040
0
128116
120574
11425
0
0
0
0
57227
90749
111285
19625
11245
89799
66542
107142
0
43486
8924
0
91706
74327
123049
74457
0
79929
0
0
0
35123
52605
0
0
1008
52228
0
0
52054
125705
1539
73124
121228
43026
0
0
0
4024
83183
37006
0
29
0
0
117924
0
7826
11286
0
3420
38016
0
24285
88446
3426
0
0
6917
772
61206
0
0
0
73911
0
0
107699
13837
697
42093
0
0
0
0
28994
55144
1927
6350
0
93445
0
95495
0
0
126892
0
112303
9360
35540
9739
35275
35259
0
77482
0
60646
0
68690
27107
3873
0
96836
56021
0
0
0
62725
2719
0
53201
28157
40384
11610
52111
0
0
92210
0
65070
0
0
68741
0
22134
18948
0
0
0
0
0
6696
0
0
0
0
16326
15955
1668
9341
48035
0
0
0
38196
0
30936
23930
0
83410
79762
35263
0
0
17386
12198
33194
1858
7938
117514
0
0
0
56204
0
0
11652
0
0
25375
0
42788
0
3413
10818
0
104503
8042
0
99128
9262
6177
0
0
0
104845
0
6113
38951
19359
0
0
72021
0
0
0
0
27996
0
0
0
62300
47732
0
0
31691
34325
0
64248
23383
0
28280
51978
0
0
0
80467
0
96275
70706
98971
43730
68942
0
7616
15016
0
0
0
0
0
3750
45613
20548
0
0
0
43630
62105
6180
71593
0
114724
87044
1666
0
0
0
55204
0
98017
10088
102908
124711
26060
40278
0
120325
0
0
70184
0
0
0
0
0
37045
368
0
2928
0
22393
0
85786
0
78737
67265
57344
0
94991
15419
1642
0
46967
105945
0
35795
56980
0
17591
39631
7588
0
0
45833
95012
128890
0
129830
0
2606
129100
5255
0
0
0
0
47186
0
0
30440
248
0
2752
56556
0
0
53259
0
0
6190
9871
0
62030
16983
5573
0
68367
31426
15035
25066
0
0
1666
24801
0
108805
0
81880
57923
94755
53623
13549
87843
0
115485
45165
10605
68324
0
20899
2725
124385
61493
20310
0
98462
56055
0
2103
18153
3268
0
0
0
0
0
68754
93403
19455
0
195
117943
0
24
96467
2018
0
0
95561
46703
0
0
36176
13444
0
31866
719
78427
0
1131
12913
0
10978
1900
31217
4998
51358
0
0
63328
0
27603
0
0
71817
28026
0
0
18078
0
5815
14062
0
103549
0
0
0
0
128311
23409
91729
0
53472
20012
0
0
0
26148
0
8405
48461
3098
0
17973
0
28003
10164
0
61924
0
105539
0
0
0
50272
71054
0
27118
0
0
0
21809
25733
0
0
0
0
0
6782
0
0
0
57014
0
0
494
0
22354
2020
0
87265
119726
73099
13862
0
59920
103287
77083
37831
30285
4863
5972
20521
74331
45520
2614
0
0
79273
40782
32079
6604
41722
42772
0
0
94830
0
0
113135
0
47487
0
7513
18200
0
0
83721
17256
0
0
0
0
0
0
20432
0
7147
10886
17353
14794
0
0
71944
61424
0
10341
46500
0
11097
0
0
0
64267
0
11861
3599
111226
0
6772
117274
0
0
0
33510
0
0
0
75522
65200
73108
0
0
0
80592
110058
38126
4
0
3666
92585
0
39997
21158
0
89666
0
7498
0
103650
11927
0
12381
0
102881
120638
114876
17685
22480
0
7124
0
0
0
0
61243
34173
76197
112298
0
0
0
0
13344
53768
51024
0
68157
0
125353
11210
11782
0
77922
0
6633
17649
0
91785
57539
0
0
0
95070
10371
25730
0
18719
56895
22685
0
20484
0
107631
0
0
0
9408
42457
0
100402
0
2751
0
0
3525
38195
54407
0
0
109664
0
118382
109920
2207
0
53065
0
71746
73482
0
0
77618
0
0
60609
0
0
0
0
19754
31960
125793
69480
61508
10109
0
66021
59259
0
10669
0
69030
1082
12186
0
23555
0
0
121097
0
118309
0
75328
0
0
117548
12072
0
0
121374
20125
105605
96943
0
5216
0
76775
0
13261
64436
11031
45184
0
0
5802
0
0
0
44504
0
94902
0
6528
78549
10175
24818
0
17331
0
4973
94871
8055
0
90809
0
0
0
62730
0
3041
0
117649
98605
0
36415
38141
110660
95604
0
0
119719
118417
6499
0
24691
0
0
0
0
117684
0
1944
0
3560
0
0
4677
32627
0
55362
0
10345
0
5886
37760
0
50653
2991
84672
46131
0
46815
0
124645
36649
0
0
18766
3522
32637
0
0
0
11190
0
0
0
0
7713
97882
83364
0
0
0
63406
63527
9761
0
89469
37450
38732
114646
0
98568
25044
47059
125758
30296
0
0
0
0
0
100372
6577
6191
20411
7549
0
39118
952
0
122286
0
0
27411
22732
0
0
84271
0
4981
0
29229
0
99169
0
4705
0
39323
18032
35041
7042
0
0
21709
108181
82443
0
0
10292
36273
0
26714
0
29219
3566
0
0
12096
93125
24244
30024
0
0
71603
114936
0
56333
19111
18477
0
0
76035
0
49679
25780
70822
93045
0
15694
13161
0
0
0
0
0
61802
28033
42212
0
0
0
9450
127
52355
3542
73266
0
4013
623
55791
106601
0
117535
48373
23724
97123
0
67511
0
28623
0
0
0
31462
0
0
0
26923
124223
0
0
98735
0
0
0
42394
0
116900
0
0
32115
0
0
0
0
0
25704
0
3901
0
0
76111
0
1459
5122
112625
20977
0
0
0
22912
0
27081
0
16023
0
52018
32348
29291
72904
0
120039
0
0
8372
24763
0
0
112332
42639
0
35409
129768
0
0
0
0
68958
0
0
31181
99902
25429
0
69954
86810
94329
129277
9969
0
0
96191
0
15786
76890
79463
0
44151
43564
115842
67719
0
0
1161
0
125686
32385
0
78503
0
0
0
21289
0
112785
0
0
0
117376
0
0
0
0
42660
51822
0
0
38270
9045
18883
0
5558
53655
0
74352
117808
0
0
2215
60151
126554
29974
0
43767
0
0
121238
27319
0
123012
82455
0
0
87605
0
0
0
45806
0
0
0
0
0
0
118029
30314
120756
45123
2036
0
28229
0
0
0
65329
0
0
15705
0
0
0
4757
10249
0
0
5781
0
41205
61614
18222
0
8099
63229
118739
111105
12190
18288
0
6726
68343
0
14833
0
105497
0
0
118544
37303
0
18251
0
77610
33814
60491
2298
121834
79938
0
0
44202
7183
11345
0
0
0
779
0
0
17283
106957
0
0
69462
0
81243
63599
115279
118424
73718
5021
99053
73050
21722
57224
0
11853
485
0
0
0
19607
0
28688
0
8839
110833
16565
1104
0
0
25504
0
27278
565
43003
0
0
24303
0
0
0
0
50545
0
0
4944
0
94419
98461
71353
0
0
104026
49943
70368
101516
49613
24254
65399
56324
47039
39568
33224
59705
36971
125741
0
0
87985
0
52469
9408
0
15353
22870
0
0
0
0
2095
0
81159
84178
69981
0
0
0
0
110192
0
34683
0
64179
88012
19471
12009
0
2952
0
27661
0
16547
0
401
0
48839
56810
6169
0
0
0
0
13513
0
55994
0
0
0
106050
16931
34674
1307
0
1169
10864
0
33773
24314
0
0
6190
0
0
39043
91927
0
0
51048
18031
29888
5811
6641
55005
8585
91659
40488
58667
0
56814
0
0
99094
24844
0
12195
55373
83738
0
0
0
0
28264
122622
878
0
125984
60158
0
0
43920
0
0
36165
86008
0
82423
67982
0
1339
356
119825
0
13093
0
52105
0
68572
2590
96613
3908
10186
1984
24922
0
0
58470
102301
14726
0
0
0
112584
0
0
48826
0
0
0
0
43123
8318
34971
0
0
37353
0
37945
78007
51693
26309
63931
0
0
0
0
71060
56900
0
0
1683
44972
0
48229
0
11130
0
0
2791
0
5668
0
53571
0
39883
37203
0
10739
2621
0
11831
1104
5304
19634
12167
0
341
31993
26335
20274
0
0
0
0
0
50185
34311
0
0
26290
0
31715
0
0
22574
15382
0
0
67358
0
46036
45520
0
71668
106
0
0
90208
14865
64043
0
0
79392
30576
0
0
0
0
41534
34956
13158
7677
26400
0
13873
0
72439
0
0
0
89624
0
0
71601
0
0
0
16787
0
65275
91481
106256
84597
0
123357
21926
0
0
0
0
0
0
107038
0
50128
0
0
1279
21987
0
0
0
0
67262
16971
0
0
60928
0
0
64715
0
0
0
5
38422
0
0
58521
0
0
84942
0
0
86988
0
43994
74559
742
20683
0
88090
36368
0
5343
49825
34189
0
0
61568
0
0
0
21509
64990
0
0
64672
0
101491
18453
8376
14990
45555
14561
83003
71064
0
0
0
0
0
4255
75492
37983
129352
65317
76227
0
0
79855
0
33346
0
76843
71733
103338
113829
0
0
97946
5678
0
74998
56808
0
0
106724
14246
77641
69735
43303
0
0
61940
124958
0
31266
0
32548
0
0
0
28498
0
0
117038
6995
63568
110952
120360
0
0
994
0
4493
4784
32967
88059
3380
0
15799
97159
0
120023
119375
89252
6785
4318
3338
0
0
70164
37259
91948
0
0
23960
202
29553
108891
8455
0
401
65291
28698
105532
0
0
0
38469
43260
7020
4439
52813
0
0
81696
40604
3545
0
887
127562
4599
269
0
0
0
66459
73229
0
0
93067
31838
14188
0
8856
112526
45349
0
0
18166
77415
0
12586
0
0
0
3765
0
0
0
0
0
51483
129780
0
0
15555
0
5900
39057
0
48972
116150
32176
16038
0
41565
3953
0
0
112174
3900
7001
74261
18749
0
2736
51094
0
0
1956
15154
0
3415
23511
84438
11522
77154
22587
0
0
59830
11318
117820
52640
20220
87371
0
0
7653
76945
50691
8052
9120
114683
106453
70208
59376
0
0
12155
0
111336
0
0
0
0
0
0
0
25795
11593
93248
0
0
0
38411
23375
6116
0
26602
0
0
0
123447
23329
10902
0
39016
0
97716
17772
13130
6749
0
5316
0
8015
1576
69746
3120
0
160
96091
0
9764
0
98548
0
2988
0
6714
0
0
304
114258
22710
63352
0
115728
6047
69469
0
0
0
0
0
74511
93230
64345
588
60839
11164
33121
0
3176
43207
51270
6994
0
36811
5382
63486
180
0
0
7570
14759
2529
0
0
0
13473
10665
13003
35838
98226
985
70325
1880
92722
0
0
87201
36534
0
3049
118618
1531
57674
0
78046
0
30890
77652
0
32
68728
0
18172
0
0
0
0
0
0
0
11411
0
33427
15459
119861
36827
33626
0
0
120317
0
6294
0
13229
108949
0
7161
53868
55780
0
68521
0
73820
0
28945
3072
29519
4148
0
0
76658
0
11566
0
56419
16325
0
7833
11888
77218
0
18961
0
0
0
0
100953
0
0
46429
0
0
0
0
29489
20451
0
0
0
0
7626
0
0
63850
0
0
7015
0
0
27162
0
0
0
85874
0
0
0
29993
84697
25063
0
42034
0
17238
83536
0
94315
0
0
1767
0
20467
80159
21299
0
0
0
0
7342
0
37576
0
42868
0
0
10812
0
13175
0
71722
0
103720
0
109806
101236
80
0
0
39840
0
0
0
28466
0
0
0
0
2956
0
7585
0
90896
23043
5296
0
0
105308
0
13663
127892
0
0
26585
0
0
121551
0
52964
0
0
0
62722
0
0
0
0
23900
0
0
0
106494
0
0
66059
0
0
0
90915
10139
0
0
0
0
37969
0
0
0
9796
0
105991
18455
97703
0
0
28616
34110
58689
101959
6548
101106
0
123855
0
0
0
29191
4042
66974
0
11487
74608
0
19272
7866
100104
0
6279
74723
85339
0
39970
21507
5350
0
101555
0
73709
34681
0
0
2547
0
0
0
0
64706
8847
0
7709
44580
101830
59788
117101
5567
0
0
27636
35429
0
20081
4460
0
70202
0
0
14977
48238
20342
8154
0
76188
56213
0
2259
44111
84951
128105
79763
1287
8972
0
8308
13878
2031
0
98000
26427
0
0
95355
36
0
0
58633
606
37620
0
5639
0
0
8899
88177
41084
0
19214
112823
0
0
0
3593
0
584
0
55607
0
0
0
0
46861
35326
0
0
38786
5082
107544
1080
0
95684
0
0
8247
0
0
0
4027
21012
0
0
30388
38698
78536
101807
75989
0
102249
0
29014
3791
42096
320
0
109753
57871
0
6140
15977
126956
28684
88173
0
0
11461
3489
118544
46633
0
0
8592
0
5263
53740
63292
49225
16008
0
0
62861
37270
28599
0
0
645
1392
0
0
0
107384
1420
0
35442
3222
0
0
129799
123044
0
88911
0
0
0
124085
38005
0
18291
12717
2765
0
18175
37492
0
92919
270
7905
0
118043
37803
27868
0
714
0
67776
48486
18139
100469
32082
1855
105477
0
4634
0
1580
0
896
18514
0
56294
125361
81264
63637
108086
0
58012
0
0
27818
0
0
19297
0
34100
0
0
0
0
13282
16312
0
97901
0
0
50729
1649
1510
54743
1378
67282
0
0
0
85931
3872
127647
6658
0
73291
65235
9668
37244
0
37278
63269
0
42771
108025
0
0
0
0
12952
0
56641
8704
0
0
71788
11979
0
0
0
91512
86471
48676
100124
9491
56639
0
26328
0
0
0
0
91709
52915
0
99743
0
47524
0
0
0
0
0
26066
36516
44202
18938
6390
0
0
70167
11314
1352
0
0
55425
40833
38069
0
10348
123193
0
61872
0
63341
80360
98156
0
58459
0
56219
8792
0
0
78162
24278
46749
48679
0
58334
0
0
125859
0
0
66793
69489
37205
65143
0
0
128542
18829
0
16575
83825
0
0
54353
98635
0
0
5372
0
40656
3634
0
0
11722
0
111615
66398
0
0
11304
0
12568
0
10666
87980
38362
0
59985
23250
57381
85388
66072
0
10356
0
73775
88892
129554
38506
126561
23831
0
0
0
10091
4207
45457
24951
0
17029
75300
0
0
38570
0
0
0
0
0
0
100647
20676
68207
48776
0
691
0
50715
0
47928
54311
8933
5200
3628
52229
91074
27931
61515
20271
83163
74480
65402
29318
0
0
0
23853
0
74482
4485
4070
69353
38996
13309
93051
0
6418
104188
0
26622
0
75711
42140
0
43559
7012
36686
68262
0
16872
12475
0
24284
0
0
0
0
0
117506
0
49105
0
17663
13205
0
62650
0
6799
0
0
13547
0
1783
67573
0
0
0
0
0
0
18937
0
0
10739
0
0
0
0
56569
0
122921
71633
0
0
18326
0
9343
0
48472
0
64488
0
0
70195
0
79041
65404
29963
0
48397
0
62827
94152
15566
21981
0
8698
21056
0
0
31018
0
0
0
0
41406
0
111959
0
2613
0
18163
0
0
0
32657
0
125583
0
96294
82023
0
0
0
0
0
0
0
11418
66003
0
62959
3433
0
0
23742
11306
78351
0
0
0
119712
16530
31962
0
72037
0
969
0
0
0
126456
4456
20812
0
4316
40596
14870
38602
38247
23824
37874
0
0
0
33512
0
22370
0
0
36210
0
0
19574
0
0
108947
54048
1400
124947
0
0
0
119465
6811
17615
0
0
69937
60867
47148
84930
26902
0
30656
0
124890
0
0
36587
0
30293
17525
0
103947
0
43872
45734
61803
0
0
0
14731
26752
0
0
6427
68261
123566
70262
0
23835
39016
11567
9891
48771
18206
8965
43139
0
45905
87414
0
15512
79864
0
38990
35245
0
89107
0
0
27395
0
56848
0
0
10001
31248
86407
0
104716
53992
13720
0
43390
97300
0
44579
93765
15797
0
3153
0
32470
0
1934
23792
0
71239
0
0
0
0
0
10129
84494
0
0
103818
106003
37228
0
105827
84692
0
0
11032
117491
0
81010
3303
1773
0
2401
34572
0
5444
11455
36301
41216
111130
0
0
0
696
0
0
3154
78331
116396
0
0
9225
0
0
32676
0
11637
15283
65
0
45175
72740
29935
56495
0
0
0
0
53053
81035
0
46140
0
9803
49065
40185
80661
83936
1180
47092
0
0
0
124848
0
0
26361
0
0
0
0
0
0
79532
81201
25162
45256
0
0
0
110847
0
128425
1453
0
41865
0
0
117186
0
66091
57563
0
15231
0
853
117483
0
75574
0
61773
0
18636
0
0
0
0
12764
6382
57095
0
13472
0
22260
0
0
0
1425
116866
34059
0
129174
0
0
0
0
61536
22125
70460
118069
53093
0
0
0
1259
561
128056
112791
0
0
94803
68551
10635
48823
0
26192
0
0
0
10278
21115
0
121049
0
0
97493
22869
104459
118611
14148
0
0
59266
3185
74556
24902
35987
0
0
85682
0
0
7196
128351
0
9539
0
1170
0
0
24825
0
11861
58505
54552
57840
23278
0
0
111016
13278
5968
63376
97794
21242
0
0
0
9223
0
108165
50539
0
70519
0
0
104603
0
0
0
0
129535
61550
6667
87326
13158
0
0
0
0
0
0
92903
6805
105122
3024
15644
1705
0
45769
13373
126545
0
39995
3359
0
0
53691
105435
16980
60288
0
45073
50497
33007
60172
0
39421
0
25454
37781
0
0
92096
0
33230
0
686
20451
0
115974
27471
0
0
0
0
54582
37866
0
12547
0
22833
8138
5208
38607
123306
5004
0
8053
68174
16018
0
0
0
0
20255
0
0
96454
0
0
0
15997
105167
47832
10964
0
71667
0
0
0
114901
0
12132
86111
0
0
68811
0
46903
0
51804
125528
0
0
39433
121408
14739
0
77489
74055
11337
0
0
0
105755
0
102857
108372
0
0
0
0
42496
0
0
0
47844
11348
0
117481
0
30288
22278
0
0
0
6936
20494
88403
119752
0
67438
122611
38097
22081
3290
0
0
66041
0
16296
7950
85099
0
65488
27347
0
0
80544
0
0
0
920
41013
0
0
68237
0
0
41828
687
0
0
52611
7070
75709
76820
0
0
99399
39551
5620
127845
113432
0
117985
47492
15025
7229
0
57519
27531
15347
39945
0
27364
0
59617
103454
59023
0
90925
16469
125650
71111
80237
0
103775
127722
9743
68520
0
0
0
59773
0
32733
15977
36088
0
11598
39055
9730
0
36939
0
66755
28005
0
126069
11682
86287
0
102982
31407
24911
46497
35886
35173
0
7444
77532
51801
0
0
6065
0
95372
0
53400
0
0
0
0
13256
121576
0
102981
3295
40907
0
0
0
0
86110
37361
0
0
644
0
33606
0
0
92400
0
4317
20607
1408
23649
0
91548
6323
0
0
0
0
0
46856
46496
52444
55565
0
30436
0
19668
0
94763
6502
0
14182
0
29102
98459
12122
0
50207
0
0
0
128603
15026
120383
0
0
64862
78222
46023
0
6871
0
75814
14170
0
0
0
0
37593
1763
0
66539
12073
0
0
0
23876
0
0
47973
0
0
0
12983
8819
6188
22678
0
0
126369
0
0
122383
0
54779
49889
12675
1298
1137
105096
92436
9693
18361
99950
70066
128158
92275
5325
27761
0
45110
0
18950
9602
0
109160
7547
0
24677
0
114945
96031
32770
1399
38643
83136
0
0
0
0
0
0
3639
31532
0
27849
35000
92787
95705
0
1049
39893
0
81716
69620
60416
10769
42095
23446
24072
73355
5096
2030
0
24148
46125
9558
0
0
73262
0
84111
0
34207
0
77224
0
0
108121
3980
75412
0
0
67388
60181
117721
29976
0
85416
88133
0
0
113313
0
0
0
26023
0
0
28396
13971
99136
0
74334
101525
0
0
54117
93180
26827
0
43103
0
0
55290
0
0
124816
34193
86542
0
0
2229
0
0
0
99287
107428
56151
42893
97280
0
0
0
28152
0
8532
124033
15764
24241
0
102594
52369
113294
0
0
26387
90647
64450
58958
0
0
0
0
114147
1029
1637
54310
0
15581
77231
106236
50842
6649
36770
0
0
0
0
88958
0
0
66356
0
0
0
0
99
0
0
36418
13302
0
34816
0
0
119659
117740
104647
38574
971
88154
8874
54634
54661
9809
116976
0
5697
27503
56107
3785
0
0
0
26967
71073
0
0
56523
0
3089
53159
0
129707
23577
0
0
0
0
0
3391
0
26879
0
0
118719
0
89408
14021
0
10189
73539
10922
0
118033
0
83175
37494
0
58846
0
49167
57321
892
100320
0
0
47744
0
23253
81210
53193
19821
14
51287
4730
0
19950
10985
23259
3520
24743
64042
0
0
0
65490
0
92901
43210
9706
0
0
10666
86657
1866
66703
0
61714
71397
118257
76450
90898
55298
0
41704
45368
0
0
105011
0
7550
125003
0
0
0
0
2301
65774
0
0
180
0
11060
0
0
16571
47904
107815
0
62404
36914
93064
0
89161
0
19550
67034
0
29041
0
57231
30007
119619
0
27762
5440
45476
39075
4359
40736
0
13352
82083
33277
0
19721
0
106419
0
0
1458
0
0
0
8989
31596
34900
0
0
0
0
0
0
11048
107005
0
11717
2598
0
1645
78336
0
5792
22726
0
6282
87025
48113
84185
98120
0
55851
0
63835
32456
18621
7113
59285
39031
98989
4715
64961
0
22225
0
49355
0
46103
0
0
12491
30981
26110
18914
0
0
0
119137
50392
39010
73380
0
0
0
0
0
0
61488
0
0
36975
0
0
95836
40359
57720
61347
41797
0
74237
82535
0
30380
0
18025
24517
0
128183
0
15422
0
0
118666
39453
0
41874
0
0
21249
1695
51972
57454
0
12484
0
0
68859
0
50012
47595
18975
0
27883
20543
0
0
0
0
56474
6260
0
10241
7031
39754
0
0
4443
0
0
0
22677
0
63314
77421
53628
0
55001
0
8493
0
0
65118
115663
0
