1024
49 789842067
10171336 17117610 25994340 34361219 34914655 52076929 65287661 73177995 77506486 82923592 90027017 108776235 126329826 126540859 138886708 145058410 152152655 156105192 165404646 177994232 190398481 204991355 214094316 219189983 233710236 243677334 252188370 252756996 259329030 259552738 266490213 277122665 287274683 300399354 300993092 305898207 316860871 316918117 317921665 348953587 384638055 392756363 395137811 397505151 407864193 425094743 429824362 450314064 458176162 459578131 464542161 467004694 470000606 472733281 474032004 477560724 481385024 489433197 497289819 506890767 507677699 518448676 523299705 536129474 543892854 552782013 559900703 569690813 573142704 578930295 594415763 596274192 603312363 613780532 643599036 654361064 664566623 670323584 672196506 678314331 684333913 697902754 698438577 703405685 705141388 707141445 712272307 712711096 719688778 744883235 748421399 759395815 770847585 772535523 772729761 774564186 786927724 787874202
49 679487660
5202089 10723189 11355044 16157916 19173204 22030166 22268294 32335221 37572342 57403339 65609435 68829026 73232027 109576733 119615782 140594906 141655027 147774504 155993416 156796794 162339506 177624088 182077426 182182359 193983898 204945855 205213836 215249863 215968167 221402879 228871542 236976969 240386148 241004856 248160825 255201292 258962082 260770619 274049488 276363074 290601151 291178406 291443741 300132028 300231025 301264030 304764230 306576291 328643917 330465950 358883724 366667154 367431844 381006171 387719269 388773641 391691297 399971678 403120891 411421190 412317650 416617804 420808324 422577097 428648753 441137923 442216076 446457349 447494902 459560889 468289042 469288059 479138733 499994744 501987570 518214816 525641323 531437075 542845758 545277157 585238980 586328625 595454674 601027548 604020061 604777006 611093299 632032712 633429829 633845774 636668052 644915213 645313638 651357439 660920186 667284120 669270730 672880230
46 534861332
14769074 32280928 32439730 42975549 50614756 54363596 54638090 84255741 85017774 85067687 85677855 88989347 90294415 99947303 107873541 110320847 112435820 119051741 125140067 127554050 129112369 139743796 141275626 142108176 142404348 144960760 154935015 160337598 168754684 176163477 183319377 188723071 200699319 201333371 204566981 206089077 206784424 207571141 221533386 229611076 231583926 234981507 240753982 256275255 260857604 264314918 272569977 273048191 277747459 281835140 286429521 286573201 287039260 288641034 303657782 309426992 337569533 339242773 339284049 350479484 350604087 351915072 359830510 365080036 365806765 369692530 381746083 381752872 382043926 389454879 397818137 406964406 423976202 424050378 425341241 427505434 428576644 444963844 446972023 450066853 455050991 459118144 459891243 468133082 479014353 481874911 502218639 510686883 513310731 519756677 529265397 529881716
47 783426431
555045 2902795 3716431 4268585 20710461 28786917 40116819 42511949 74375207 76713059 84964317 88420755 89484879 93265706 99038794 101185568 108630417 122275597 132892605 133118195 151707147 153137924 159927572 166665258 171119425 173484400 183104349 185112191 190613990 200064918 213244711 226117710 227877799 233114016 233813477 254138604 258079576 260340047 274756559 285554645 290140027 290662776 307167786 322700978 326130251 327381267 335115698 353831841 357988697 358029328 358926258 385321911 395875966 408971577 423705294 440736508 447102069 460226905 466974132 481837224 486076958 490600261 491940700 503009427 512349301 535281656 542722920 549649670 551580493 555070489 570875357 580195450 595804305 608378107 610071506 611565844 613726436 626461699 635356523 640556706 641672820 668653079 670173721 688145906 690336341 695324288 695863934 696077829 704274666 727874658 730328397 745786242 756425568 767773400
55 985046202
4311036 25034210 28325056 47003568 68668014 69605204 73338330 85883017 90109505 102511277 127174314 138120893 140443903 141009532 147474098 162861704 166044204 167232064 174045008 177054470 190095913 201086920 209351032 213032363 225657892 231685783 235691702 239232089 243105453 244447641 251198735 254623262 268787440 271817330 285097460 294796501 296093353 308027785 312422322 317394370 322381371 328098363 336598763 351115371 356562351 362318092 400202500 402930058 404511546 411710092 413979667 434698426 436689842 443062706 448519219 454713605 463261975 471268630 484944266 490826023 491979176 527702980 549869625 564415955 602862699 608892278 617813252 619883997 623292320 641411103 645381965 646016869 674126805 674975567 697309024 712919751 723136449 726310290 744761095 747102737 756516363 759329623 761939951 774044892 775578931 782384590 786408713 801070231 817952420 819212868 819444075 822598122 836508022 848407346 854809305 864160505 873250976 875851235 877463725 884100610 888335759 891673381 902960493 906494655 907541357 913040978 926319227 933588092 969072680 970694626
40 998488311
30152 31938825 45947944 47351497 79905753 91760631 105778990 110050607 118199613 118267657 169011426 183841016 184038456 198916682 234397184 282615215 283144102 310893828 322763962 331984075 334700593 346620907 359321607 370335064 371591980 379458366 380699718 409166381 415003132 417946991 427088613 430201684 480819033 484166415 500064351 504736695 505509654 525088862 538074261 538795836 540342442 561640716 568275997 587517488 591519280 600301855 601749480 602712090 611099984 630169823 640354650 640717459 650333324 680434057 684551642 693695463 712752255 731735096 743874470 748956857 768520850 773314752 774440445 774554461 778746759 803702432 812338496 826155890 841532826 845294734 864325862 893320579 894653392 904212208 928597370 938904134 943549015 958383397 961771429 972020437
46 965155115
809262 4935801 5219105 6177153 17177847 24287642 25373825 43046754 57439320 61683600 70934966 74819982 75337697 78709006 90971767 97295281 115558018 124218343 125350875 128886382 145272308 148804733 159643824 201898203 205080026 214713153 242927980 243201365 253531159 258448620 268665310 271826616 273169518 275807361 285412198 301487483 303069118 342373459 362724963 382069831 382574067 386352834 395492398 403094285 405840026 406435577 414649003 415268023 430841220 437069177 468839988 497462099 500104212 501210325 502002689 505755214 514823072 521610920 551514047 559357108 564098396 567841725 570489954 575349727 579338048 584806001 584949224 592766849 604059929 696361529 711368285 729740366 750049428 767699024 773242714 786721004 786731694 808459355 831247008 851382287 868259743 886688693 893976718 895634011 900893744 901008688 911315182 913929211 920969154 923866536 945840134 963763026
50 941070113
9279160 13622142 25523139 49216978 52657065 64877905 67285152 87652143 128796762 139712378 158686471 170041397 193254413 196134515 228873787 229816169 234537051 253798557 268279270 276700424 277307712 294179112 296239421 297806241 305708762 308218200 314141406 316432366 317982629 318549667 325803606 328444462 328576750 348256735 351905305 352205529 361394528 373021116 374040525 381332480 381687135 393414558 395444169 401887531 403024576 419808592 423000180 426812854 437234598 451965488 455540654 469613686 470081365 511004796 520780113 521773810 525801019 537116335 539749484 550152733 580496531 587741218 592239551 592623788 592768572 596684348 600903588 602142688 623827437 632375960 635517617 636556246 644639507 649807000 650743406 663995092 664142659 681984767 684382422 688643455 699621631 705688087 708009951 726965366 740672435 761682098 766775319 787095179 792570889 802021328 805616441 825447339 827225337 875234572 879641542 885007214 905874151 909739032 930167689 931970700
61 641435616
28904 410092 1986931 3032384 4211533 6060851 6131557 9439256 25286407 36235319 44413851 47517474 48540692 49755378 64487156 66209621 71843405 85131639 90193644 97645819 99729655 109691226 110673779 114921281 116209500 132094150 138478729 150618504 157058468 164450497 169645770 170600291 171477594 172875147 173979074 176965776 181626973 193474751 204761860 217105886 224736964 228551474 230876634 232483497 236411973 241055406 242322345 247880691 250718206 259032983 262617124 266170788 272427292 283662737 289850467 298608303 298733711 299585856 299786453 299819711 300870472 306823426 307447506 316964777 317392727 323254579 334122547 334577507 337062028 337607359 340056366 366277433 375105865 378504537 387486254 402572448 406443520 411224612 411935489 415130319 424970169 425933971 428488246 428523192 429112113 446584383 447322244 454744152 455883033 456264001 460810205 461747082 466120181 468340593 473995900 474378313 477423732 483639450 484172747 484848009 488238766 491546843 494635075 503627773 517143634 521277715 524282271 526669956 536949103 537703339 543928028 545188476 552409504 554753646 587196455 605491874 611814787 612956115 619831663 622947522 640146103 640149504
49 826723374
146623 16846313 29435553 51980449 53379585 53950965 57953893 60327947 62912569 94440483 97935891 99133244 136303314 140924965 156519472 164709615 178677975 200737880 214884153 216759482 228264735 228354031 239758204 240732900 248483552 288458181 290094858 291155042 294373569 297394822 299087464 300157319 317344940 331338802 334858703 395964098 398443804 404277543 407993478 416186857 428861725 432868363 441137071 441734301 441889937 442403674 447612681 449146822 449747263 451839936 452567801 457340643 461528305 463693352 473901756 478045755 482726861 494480901 507594812 509120383 511271310 511287675 512615562 516275363 537473642 539585562 541622685 558827277 560284243 564519929 564731903 590690518 599975891 608567344 611447473 618811593 633198432 641505475 661451496 664601249 681133460 682000010 692879685 702208353 710834670 715083310 731351655 740584213 749084347 749967836 767649143 782579650 794423035 796121767 799031972 802062547 802118070 822046665
33 662593377
16060886 20640848 69738713 71578315 96090073 100919398 101907597 104407148 105965767 112661309 119983722 120547726 121527560 139307945 150564657 152328816 156339917 193204298 201000500 223334934 226558495 231425069 232425665 245098278 254501718 256025931 275072336 290175262 315094779 328916423 343387113 354285241 365161900 376763691 384914220 397895154 423977020 433794144 434063553 436513501 442870958 448901942 451522898 452631986 452742122 460148303 492833017 495048379 495569484 505285136 513875342 522769574 524464411 527641685 577039493 581476210 582539842 583203194 589907116 600501562 606897287 610911998 634351632 636588362 639772409 661383835
47 552802415
8548584 10447040 15205519 17988164 18364137 26233574 42140420 51353335 55247609 63091883 63685665 69676968 74109895 74628710 75438489 113195958 125116868 125545617 131200022 139093854 143664631 148327344 151219888 152143214 174274381 186170649 199933694 202849369 211294116 221299899 221562452 225117289 225726424 234935612 236343843 236923503 238137874 243680931 245600603 245734900 251660891 253721648 257041024 286176535 290195306 295689192 298772875 309447441 310752757 314663553 317175387 318024695 332176514 335153422 337370528 340984315 341195831 341751893 344301586 346190483 352083403 353982145 355163209 359756598 363171252 385170785 385333234 388937318 410372145 412317012 424853843 426471578 431939396 439056532 450956986 455779906 457298476 460940585 469068505 475254423 486284795 487907569 495233096 498247484 511349055 514046106 519491299 522600466 525872159 526792233 528711783 533411309 535130237 542038614
52 683400322
21291799 26917359 28227357 43531583 57048376 59693445 62840944 65942140 86313025 87476650 91591848 97136040 102442428 103982099 109647621 110166678 110180268 120933343 125323477 138728418 141186140 142640282 142877137 153449934 165159170 170754988 177653280 177747837 196105141 206128528 213895989 216431111 223230187 223980584 232245162 233316488 245413565 248525910 256062173 256898982 268569128 274171432 279834860 289820316 314513875 318686085 322372763 339543621 342427997 349728378 355656100 359366875 362949812 364959340 369229044 378173022 382678348 383649796 390816223 391334541 409105696 417612873 440126283 444737551 460353179 466474428 468276453 470687910 478944886 483482158 485023918 488572038 498458303 514265472 524671987 527415307 527523856 529580344 532348038 545287824 560888670 561136796 572191565 572538782 578971399 582040031 582165556 583322055 587277671 588222456 588954041 589756202 604968251 611729423 614420718 619288987 624920507 646907780 658081380 663850939 665551883 668247770 671470925 680826076
44 728067609
18352422 18465641 22091322 38523736 41102147 53265094 74550010 75189305 81720159 95116773 107471797 109369310 116085704 144368931 148196150 162291251 169685359 176840042 177977576 191436811 203236094 205064187 208684368 217277176 219122302 234479594 237974451 249150686 271338679 288524063 291056311 291830446 293608271 294238027 294511659 300525221 304894627 310716110 341142116 355559069 356102268 356106424 367411912 372845694 374749650 378775056 385321332 386378428 396801247 398560937 404193862 414801992 421597153 431849350 438279157 441477646 451809253 452274262 485602907 497299090 498852116 499635667 505387221 511189541 515414109 521269899 529558375 537993710 541768410 563042335 574085813 585943636 591029085 593836431 611092962 617472045 622205216 623030219 646308648 653542099 662658492 674190775 694168791 696475361 698032033 706348202 719381723 720869411
46 508904208
13410895 13831559 19014896 19729485 22623067 29566476 49098462 76855271 83498420 103319409 107630436 108025715 110183092 114093071 118973767 122322414 123812650 128040898 130638336 132860380 136675447 137172983 143254528 148798129 152650465 155302887 155524633 156324780 161123323 182734660 183113472 184241033 184330608 193524885 207348885 207422672 207571757 207649628 209060049 216060046 216521495 226614589 244240355 245552846 251298920 259279929 264313030 285025764 285931299 297602687 297680162 299478939 300255202 301108341 302289536 306692410 308808427 330135408 337737921 338182254 338647937 343014244 346887555 347610405 351975977 363077306 368413810 371945073 372815614 374989500 379453019 388032975 396769635 412911106 425803412 430420998 436524868 439201738 448116387 454460259 457082332 458387607 458592653 467464387 469037944 474260878 485522573 494107376 498481082 498920000 503523751 503614353
52 623238837
935362 4697052 8059269 26759277 37388275 41379307 43146423 45382895 52609963 59729885 66288756 66973320 70945190 71188026 85832375 88003946 89330537 92854743 93182689 108203197 109017443 111787596 121600880 129699774 151870943 152643628 152727003 157803629 162043200 162651768 166551110 180351216 182005067 184033113 187317591 190978676 191413378 193844743 201104205 229223121 247371934 248963704 249475977 251064224 254843012 265415070 268029627 279901287 280871651 288396712 293304568 297216189 306280862 321348057 332378396 333107966 347434022 349250572 351730174 360064476 367466038 384250592 389437473 391922316 392112763 398890425 402468251 406829088 408847541 409402323 412945143 416012454 441780675 442307437 442827799 444633488 448099765 453644672 459747920 467552570 476872878 486870961 490545048 497000796 501275134 504966049 506580204 517500294 521958695 528570259 532645655 541353882 544581428 554634547 561210957 571068567 577181508 578291742 589468405 591891865 605337108 607655327 611431793 622788654
50 710989455
1619084 4547550 12279168 16796202 25111408 52618533 66541573 68655505 69915098 71441983 74346106 77612108 95740237 115856919 164761583 165512870 169387618 171256419 175557311 175814263 183653415 184099447 188575845 190697826 193749159 193896968 195705754 196927289 207148735 212135663 215807360 220964632 227388647 229675287 242000110 242569054 245112868 246885860 250519494 252251136 293792039 296379898 302808541 303505437 316226784 317207129 340750096 342612195 346527744 353672948 354647753 355167937 366783489 371261604 371833323 376110982 409291933 410310517 411257623 413087124 417405839 429675032 432340982 458510504 477628927 488072120 494305397 497162162 509801866 513334018 513767812 530862603 532946924 533024190 564474689 569656583 569856065 583441684 585034652 592164506 592384171 592668161 593787953 594971636 607416659 610022924 615415309 622718095 631439328 636203448 643965842 654052869 665544280 673207326 675816363 683242176 685787838 693137228 701631785 705911971
45 793261521
9790129 12835583 18453572 21567223 38673684 40556598 46302185 47269720 47474535 70896730 87989060 88204040 89702791 102824599 119335634 131756545 157398223 161027653 180370446 182544171 186747320 189504681 193608979 202297719 203518008 206296892 219050176 225507565 230680754 262726256 265106444 281604271 281829519 288790475 295669711 296757339 306422164 311452240 317195953 324937749 338621985 339021005 343944959 344761620 362828706 363225774 386672155 387802865 394821534 398892550 401080683 406905779 412770880 417955790 423000830 423703440 426326315 430227753 447715149 453825584 456429581 473232809 478155582 493074908 506492773 528326557 529316159 552886966 557737138 562509788 588780669 595366684 608673655 641013193 652876073 657918404 672130927 673422813 683918820 684183796 686253758 708399857 710457132 720878842 738802963 739532041 751819502 755505197 758409894 788143707
46 791544779
2591967 14867227 17601131 25445807 31908321 41537780 48271768 55071852 56129443 70619656 88186146 89418867 93781962 98037229 101585405 103449589 105824381 108453909 136149914 147554239 152832005 154388706 156122090 156530270 158323621 165785633 171375921 181057270 181097044 192285728 195261093 203600031 205859482 206230817 215931847 223479316 230270488 235086104 239132402 264263327 282430170 294543018 295550236 298257545 302563213 320924386 347915513 348429457 352010449 353700598 354169410 360245546 361753423 363591996 371786248 373344946 388786703 393746044 405022644 416426566 428976968 430321740 431693192 438227219 441365789 455098785 459379508 466039995 478339380 489850114 511177848 521181209 565087904 576605090 606174311 632576625 647490464 651886238 667612541 674544369 675140539 679762953 686729668 690067578 727304765 731735801 738259021 741542147 751507556 755214506 764699333 786139281
52 815598940
3561349 12261448 14789783 21968940 31749062 48511509 51955120 54115890 54497840 64051516 70154110 95848103 103999847 113749603 134246982 136282469 167656653 168135300 176342425 188702358 198676005 198827754 201045636 208992377 229278904 230057974 230809971 247775246 248780433 248925335 252940095 254752325 265809183 266527304 270647664 274048410 279158731 287891565 297505227 307284522 308954817 311374720 323989414 334744036 335788224 394971400 396538412 398879305 404779982 408762540 422556863 428098876 434260829 434955751 435408262 441758465 477449938 479751357 490098399 503896137 508949998 526717106 532306190 533229696 538647302 538674174 550402122 561124565 561375398 574451863 608433959 637062093 639333006 646435948 647727128 652051130 659916549 660108312 664395919 679537621 694031059 710476516 713726423 714238853 716595169 723128180 723297839 729918676 736209951 738816627 742836577 745038670 747337374 750448069 760638071 763389574 767340102 772270268 772342829 774311784 784775979 787072563 812377599 813861792
46 743279739
85929 7103372 27463743 36065887 42639389 52793347 53115797 55060444 59198091 69782822 69992737 73218307 73894369 86959475 90258392 101226753 112977135 124170351 148346339 149777022 155636221 157875397 173336191 174426993 188787672 193884469 219033814 219715755 221186630 225691305 227120471 232331886 237107378 243530740 245765145 250498536 265008411 286669441 300731972 310528510 312365491 314627384 316186653 322827232 331135573 332940648 365343126 378391670 380247184 385206340 388501381 393748474 401450856 403419745 406251130 417809739 418009988 429465894 436099865 451838224 454562892 456406874 474895562 477965427 479388864 498883274 526989390 533350443 554258561 557074054 559841683 580022690 591137985 593388633 599233847 602927584 603366392 605312444 606757096 617808630 618008775 618865786 651079765 652746056 658067030 658433626 673010708 680001119 691072110 694736509 709073652 726675453
51 596135525
13681294 19075992 19553543 22617250 42636996 54861915 59408565 61084260 74617182 78929291 78994816 84432286 84463443 87655489 91351903 95336743 96159299 102464973 104018448 110930169 112499019 118893729 122351227 123739922 129266994 129704388 132538769 144901649 147435386 156101586 157135881 158939104 162243939 162518786 181808235 183366111 183646455 206882005 217233246 233610468 239060255 242323364 251345642 254053155 266700589 268931933 280576794 283750107 285207775 287405871 316665925 316753709 336774754 336991123 338666240 341020170 344614464 353603915 355962304 356342159 359425011 368100333 371857589 386226890 388994746 390102303 392530622 396197003 397436719 400263945 400357439 406044786 417145644 420474022 430999920 436453108 449997781 450294120 462046985 472893935 483516099 488354734 493161802 494350425 499885522 503635658 517639631 519274244 523162834 530512142 531116976 533701032 535535475 538085291 546029659 555971632 556969408 565966550 569037819 576401063 582798221 590597602
42 831021836
26197181 61471628 104944951 120496019 120507028 120946255 129789816 134534099 135617862 137508979 145369479 156380124 170309229 177298084 191523744 197075367 200878653 204593912 204964747 205741823 208469711 210495519 224386905 228021902 236944884 252924674 253028978 256743349 279029225 279072504 283401793 284651361 288731001 311626411 318182696 331451374 346430096 358566063 366308023 379874686 381578484 390058869 405723747 413925476 416562806 436966708 444017464 447282430 457863278 460087974 464844133 474655047 476758937 504678292 525405563 527709788 534515295 564116065 576315334 585627472 590261057 600652969 637546896 655397727 658684999 687472280 692165483 697348202 701072822 705344431 706043401 714120206 726699619 729864384 736548519 743724857 744611410 768502923 776991124 797636350 798968975 800990322 809803597 815746985
60 985879130
7653309 25667065 27842387 36136004 39252167 42513556 46230888 47464837 53319693 62892078 64343784 71295751 73029279 77858215 91172124 101209784 116772578 118286209 124236140 134790246 157860612 175426420 175845310 183810992 184969364 194890285 199362385 222310665 239038935 243179203 253085251 257111488 264633155 266848955 267034226 268997109 273976901 275296001 280332853 281015993 285472363 289723087 333115231 342555234 343070715 354914796 360930790 370852092 402607441 403356108 407400542 424261158 428110640 428488362 431820945 440118186 456498208 463483653 471668270 478002713 486118904 498067232 504698734 507106391 508678108 509595205 511801342 523075620 524012588 525019312 531978054 532906266 537488071 549183497 558769261 565427148 569067646 570626169 574670996 582633975 597590839 645316612 647990754 650611549 650667534 655151210 658852013 660388691 665109035 696755249 710385605 716846494 719559696 731743037 750625218 755458802 756170348 765181797 785764858 795828767 798340108 808827623 823529841 832533472 835667851 844506525 898942813 905062982 906297887 928541987 933393346 944211453 944263897 945337313 948198866 957331626 961819723 962097400 974534731 976155264
57 763352539
2186998 11801016 17648262 20245501 20768038 21803762 25824560 42520644 59853669 60768912 63923975 68346037 73967294 76698858 81140678 90130565 93697139 96384265 98231898 99439573 99640082 108937683 120760365 124598561 125421774 134124224 136092324 152144042 160892680 164497369 175341447 178835233 181821049 196466329 198367209 210974650 217175054 222313992 226298544 233452548 233931508 252488291 306134093 306727770 313731334 347291126 354513425 357443188 371574847 401724763 405662972 413925570 422210308 433775812 440223122 446012727 446729852 460163560 460992975 467736626 471159280 473560794 480027982 487798099 496975062 502661211 504959102 507155037 510744572 510923543 511538855 513175000 515726284 519048360 528166915 531419552 537277634 539357668 539595185 543643879 544631261 546268771 551612196 553016058 553454384 555065756 555764168 562098624 565437559 568922806 587528304 592410013 594509959 597049801 604747806 615024290 621693480 624676421 643680044 649846568 673294957 674631059 680573388 685079568 687847704 693972758 699434008 699559108 700468851 714083007 719356613 746318842 748479871 758460522
55 689649689
4255092 6380913 10894421 33093465 44735681 46342266 46656607 49301255 52174737 54386163 54393602 68978901 76258112 95584897 97959669 98237576 99295008 105862052 127864755 131917491 155058907 157573683 164031715 164181763 169532866 176172241 180419215 190695533 194378257 196339387 210677820 215087966 220062807 220651901 224288034 233881535 235923158 263162519 264455049 279551934 285298946 290302257 298606087 298923653 302572424 307876224 310393447 314605371 315452426 318626963 340767475 342848268 344913879 354756105 361695689 368046937 372448080 379072086 393411469 396453218 397741616 398469927 404035207 407578506 413236703 432764860 442497548 451956640 457559681 461672151 467189622 468720940 479855818 479908152 495910092 496062582 502487330 503417835 505769216 521437170 529401588 533755910 534642843 537930690 554625031 554691003 567504340 588005614 590781280 591395109 602548549 607572917 608418628 616107752 618588678 623696107 625199194 628063212 628535209 638837953 647423388 647431335 648092842 660702475 664560321 667187843 670544956 682074383 684186169 685259512
57 612061098
488168 11886060 18338397 20141203 28634167 32489756 34997655 37196465 40944441 43412355 45093709 45553685 56663481 66699699 68251768 80735799 81220667 87173384 87628814 88102537 93016264 100982973 105804529 116445892 122181926 122413188 123019391 140390330 150840144 157793329 161987736 166712313 168224291 168315590 186412380 187394506 191347682 202263236 211293649 211534003 212899902 217988995 219096164 222717692 229278563 239294798 246820078 249225468 269368646 280787736 283832114 291030810 313829247 322371617 325157478 334559164 335081320 340226868 344454797 347315364 351666267 360682842 362688430 386825858 395089771 396998384 405053310 417719596 418885738 426868015 429461619 431999864 432423096 435011418 437514041 438738695 448635088 457000550 457607810 460277188 466420617 488868614 492754923 498243482 502086614 502601299 504652551 508152908 513720511 515413900 519711874 529039115 532246381 538538078 540381112 541750750 547108945 550188292 552744688 565241549 566027478 573721108 577476773 577639580 584680366 593580153 593769547 596615488 597266953 599756972 600238482 602830337 607913510 610258211
52 569430634
10080042 12389942 19311024 19426153 20314272 30419586 33215128 40247252 50812764 53964550 54614555 55420444 58519059 60310183 65385060 66036282 66237034 70947135 75760947 81477767 94005300 95680951 99430899 101538127 104287335 113062091 115227321 116921395 122881833 131225662 133686651 134860781 146919926 156633475 161495547 172021460 179711900 180336940 182884978 183911743 184991202 196695663 201234452 208246886 208708182 212047540 212657745 214870391 217459387 230917184 233336088 248792376 253583950 254933061 276713459 281501235 290315880 291913677 294661796 301354614 309188265 322069294 322140192 327286580 329708283 334042051 339776304 346008762 350629486 355355808 381583792 383743833 391667355 391702236 395363460 396972252 397911813 405290204 407732393 408499707 414964644 417018159 451252651 455472303 456508920 462416344 463216945 465163004 466686466 470245825 474623338 488821726 489331700 494715336 501795420 501932041 505908517 514103832 521668075 527714249 533185098 541966474 556478255 557513445
32 957194877
27860427 40999304 51340164 79441130 80557220 86965998 95940571 116071167 132269299 206879772 212387133 216482504 227035696 238343003 250598327 258267222 269767151 314482582 320803882 345339894 359304871 365220489 371845143 441963685 446570708 446876488 451316908 472306355 472667295 478326336 486363378 486368646 532648649 539579475 539840286 548743378 567097464 582294416 592749718 605910470 618416610 633327450 636269680 640879163 660595154 663549283 679651324 714368834 776290363 783701977 834476438 854996584 860258223 863421211 871107548 877178829 880937703 897211417 897381085 900177308 906478737 914773928 926980172 934419753
55 704725561
16509360 24915634 25288340 32341721 44620043 47621493 47929185 48327503 51428630 57240723 59673420 65082544 74632194 74939480 85940210 94978477 95215463 96667895 105301353 128168109 150901534 158581050 169587091 170985100 176431084 183919580 184170918 199907924 205032969 210024898 210106885 211753559 213740971 215024877 230545930 234562561 241078366 249055081 250134316 250383172 252196104 259245805 259763870 264923850 288883333 295147446 299410008 301694859 308101736 315779908 320719414 339556565 345066904 353457505 360949304 371010620 382947168 383216738 387228005 387727062 399495925 402344764 403828865 407358175 407519746 411339146 416162192 417247746 424747753 426943176 430061062 438353880 447786163 448691758 455971089 470140992 476411406 476892110 487848301 495185325 498288067 509366313 517096344 521970684 525835621 539368905 549775508 559770414 560711707 564631806 567417741 573817639 575711080 579321125 581901229 586902553 599037651 616585514 633626713 635240428 639775873 643659123 648524572 658496000 679982582 681925848 687840330 693128539 698050227 702679027
54 939243211
4452390 14118995 14845242 26964567 32466411 39318584 44391790 53725877 66228856 78277279 80153597 84625270 90881283 110695034 110720631 136473571 154362145 169659473 199100556 206540420 219361801 238798503 240041873 252077182 266241029 268399618 274814499 283427973 285122720 293333048 296467327 297452368 301537243 307366150 310579813 311097575 313088855 327118113 330562065 335822656 336285683 362031267 362765323 368261136 402547907 406104570 415019700 434209882 441784029 452853349 469124569 471242051 480360875 482445518 486536594 501522557 502181713 504317319 514443931 514735087 515039483 534238096 537851481 537980197 543424581 557035266 560950729 561093158 567070662 570947520 571385363 575540257 576682392 587453016 589763984 617686084 631229936 642678130 647143065 654175395 680893825 680984743 687081313 699867234 700426583 718575578 735426470 739389280 752492136 771269237 797720506 804567390 816115650 818715797 821762203 830160354 833587683 856543586 861575573 865675693 866026850 867703081 892982661 910531493 924266240 933398874 933761486 937002911
39 506650752
8770751 13168495 49131392 59256670 59292251 63996306 92045213 93341071 94032372 98424595 100354032 104200204 107487004 108588125 113812075 114081169 123706601 126246268 130138462 146184736 150960360 157427670 157668169 158947535 160383927 166219684 166944616 167893996 170110875 187686338 189259054 228807912 235507152 236720796 236887272 238565878 241726011 246317996 256816881 261170032 263606593 267050552 270345575 292624652 308010075 311067566 314109839 322677737 325426337 328361277 338738330 338913548 345943861 359557413 359746852 372146684 373670717 375794775 377002025 385403244 391998784 398332389 399084787 403257758 410535018 413480506 415571013 418615344 423505142 452235994 461825991 475681499 480785285 486316211 491778887 497076480 497256838 500972119
45 536901641
3755771 4322769 10116086 24980863 25999387 29718719 31433838 36966709 38268203 42973975 88649892 99321676 101596178 109323736 116091175 120571693 126714804 127549537 128489622 135258553 139759316 140602018 143172619 143987302 152634307 163455171 163790438 172550509 177019148 178421568 180798667 197902627 198856832 199899810 203858840 206923809 212010504 224126398 227871293 251933530 258465944 265232880 288268596 293625908 297310116 300114917 301446154 307094438 318673249 321216243 323288751 325687346 329881451 334512413 335032810 335900891 343077748 352760335 353538912 357802413 364089082 366244946 370475610 379621161 387545645 389907269 390979137 391154314 394806686 397506438 406152337 407616670 416842768 423038863 430524465 432323094 437711122 442114992 443424600 457295965 457484765 460376444 470468011 474538636 474707152 479335784 484504123 503569366 511447422 521364563
45 786763687
490201 3915643 20059884 54711860 73127942 79343627 81406630 82612882 84884175 85767228 92354131 93808723 112659069 113582778 115044728 156434548 175674637 184056485 189595720 200117692 213119733 222997009 223214763 231678385 232170530 238058089 245964909 247255833 248411508 251803292 257224997 275075455 276033892 281944259 286231445 295068771 300742069 309902146 311135795 312273392 329831340 337044241 344502077 345549862 346329976 350155711 355001436 358499619 375591861 402987710 409225319 429134855 429550481 431461913 439184334 445437614 450363957 462038689 464451785 468907020 486423935 488059859 493689751 502030618 508367752 535594880 536816647 538808145 545202808 548903712 550197675 567735399 568162991 575779493 579362520 612095158 624215370 624822249 627961334 634652015 675023714 680306257 711334720 717742351 719234518 724938417 746083174 750685675 773523977 785966043
44 522361577
5745659 6386827 21349776 24661763 31916971 50727614 56829352 63688369 75146638 80045061 84881437 92709936 96716468 99177304 110452825 112874435 119637971 120844568 123112289 133843147 135704456 144829092 151240845 156824350 158174379 164305644 168055765 169861672 179264584 179873786 181737744 186407481 196729293 200439537 201797739 216610138 229277778 233934612 235348219 242674033 249038198 251366412 252001849 253073798 254271301 269668366 272645538 273890853 274491011 277543123 284548753 287533047 300585419 310535771 314695039 316417139 318710426 319148238 324840689 336566978 339863759 342862033 346574401 348566965 353269130 355753884 373286824 383771271 393412879 396520535 399996435 402573289 405778296 415385445 420371013 427181664 430649359 431823358 432328955 436678080 437622903 462310549 462619198 479192460 484456943 492298025 502924093 517385384
52 935725605
673035 4993366 11819645 26002797 27932492 31807581 32144065 41776872 61303699 62253559 79740589 84403801 119044078 131195556 140732595 150767207 176264673 189830471 191999681 197356557 207052426 224160171 256104437 260556200 266584385 299190221 301014005 312483994 319127954 353832433 356499607 365276055 365691463 377584102 396408212 409878153 410005032 424064092 428819254 451915224 464741252 469675159 469857157 470221115 473842457 495723297 509340861 510650206 520382353 529143984 542280491 544375987 553008388 563597912 563814911 567159811 573924195 578925849 586288464 598379658 610122238 615784584 618756513 627678671 631660326 639160106 644967909 652316711 653646837 655131557 667489798 668479102 670288081 690304434 697328645 701085065 702873412 706790068 717361518 717749376 720146234 729791183 731393298 732605599 734077188 772202993 790504562 791387283 805681971 806590446 808384486 809650436 818399784 819416893 826803034 828332070 840766560 842923996 850788881 857117137 858381246 874067404 876744456 931244593
50 719263966
4987329 5557614 6916883 23732880 25165684 25929433 33408604 37183787 38344643 41174358 54640797 60449170 63234414 70094924 76873061 89588109 91633299 103470978 103859747 107570493 117148082 117822269 120899318 129038790 129178764 146153365 146255520 146674178 150697385 154585307 154898666 175924050 176775747 178301484 191986478 196099233 206509843 215562586 219179259 224496778 229061411 250666370 264074851 267822493 268684445 270341858 271554186 278909296 280013855 285716519 290867316 291581810 314828839 321735436 323002414 331373184 335681215 370427047 378037867 385800024 387917996 396995071 398557874 398861294 400443092 400528963 405856407 410575016 421881884 423207476 462951740 463180453 475271431 497245194 508141709 512261106 519230032 519910772 520806918 522856719 524184424 526736902 537987242 546755215 556550768 570052931 593930658 602207583 603917103 613828178 613936009 623294249 629513059 631084563 643450989 665738964 673946672 674584107 675421436 699930762
46 563564343
242491 14002073 19959845 24392359 28704478 36740468 65142723 71759497 73799107 82130529 82582419 90423786 114028422 118457023 119545975 120077394 131251238 139179530 143655041 169842759 174368112 175344711 182202930 196133167 200433781 206174548 209427698 211201798 217856851 221955117 222137684 225364501 229821836 229942797 235312635 238037078 240286502 240937941 243365926 246902286 251381481 252001247 265994975 265996672 273070446 276434138 290769580 294656697 302025058 312456601 313633152 325286804 329225998 336325595 350901479 354777692 360191584 363297959 370260642 372133519 404495765 405681686 408260280 409715172 410060022 418709660 424274527 425411052 429951309 432212322 463259376 465294539 469731891 470137188 470163762 471983688 472298443 477352499 491381944 497200216 502600567 507513219 513675575 517837996 518440468 519308830 519487546 534313737 544681435 551723242 553605841 555598186
58 816061047
10286254 33116948 45585463 54724340 56493401 59932102 61410326 67026930 67056991 68518887 68696489 91973838 99825053 103093468 104655212 116254096 165318988 165577167 166482527 180889074 181991908 185874467 217924133 222571940 222989793 223414339 242747819 244542060 246143641 250731732 250875250 251042541 255610911 265504474 274678449 288798480 292274842 292754078 293280155 300842220 301408708 305323153 306176433 320210381 323892165 325432917 337128645 339974273 342915831 343721822 358193756 364984148 382256746 382373052 390353385 407648442 411326140 430130304 439220469 447816777 454730363 472626432 478244266 480932893 487655955 488297503 490566216 512296932 514370602 521882063 550682952 559060070 562802359 573292674 573870288 594910096 598282098 617627951 622841053 629996596 631936422 632772845 637245609 662786796 663040442 667674678 672994779 678853729 681130794 684489929 687528280 697599003 701917455 717555361 719539039 720724237 731033867 733879364 746111641 746532220 751896996 754801676 768476915 770133799 772761834 780494450 788356619 790700563 795076410 802596480 804913578 805986346 806715405 812843961 814313817 815695001
62 709073913
7114912 26416756 28157836 37248589 39399313 46768912 47092966 47766815 48334798 48789048 50027253 59305207 62690444 62805523 65757635 65869537 66256767 67400410 69938079 73270037 96099580 101706490 112067091 122183318 129004041 131340634 135414713 135982612 138600927 142848213 150878873 165743159 169909151 171627811 187605001 204938946 207777900 215896888 216333018 220840136 221857752 231338849 240741325 243468755 244039622 245474858 259716957 274234674 274896122 277122756 280938922 281063495 286574304 297493896 311832035 315393784 315464686 315820852 325833889 330473192 334397214 339359785 343887528 346483469 347628247 382254729 382670820 389152000 392613033 398117362 399313453 409544491 416715465 424139712 444048230 445933337 457903996 461781968 463690087 466223483 473901463 480112545 482329835 493994698 501503099 517281961 523481689 524649258 528269415 540548274 546035839 546227809 551715217 552687746 564129270 566157131 573399492 581519716 585858007 589042498 589469830 595980459 597053636 601463199 603882036 615423561 618175605 618766412 623514346 640759679 645504465 648183948 648202759 652096986 652646369 656629961 665971005 668527415 671679619 676191928 682120673 689838930 701725378 705271318
57 637828138
5400412 6347538 20564060 24868053 26309271 33595643 37300196 38930740 50162066 52601017 64082974 64509692 66915960 67181029 86148916 102329170 107772844 110765883 114786988 125024754 125552170 125601991 127256379 127792958 134984135 137814689 138093407 138517719 161707317 161857007 167886222 184009874 191747777 201174905 209162177 212721941 224724352 229459154 230789874 232167085 244987201 245224816 247482831 249141037 252735052 270521279 275873038 277065515 277767940 278779305 292809894 293899433 295078758 300007949 302257963 313677266 313926230 314694036 327100243 334642732 338430312 340562894 342150291 345247104 349917417 352745175 353642697 357490464 366848577 371552282 372692059 374879799 376924987 383325978 385682845 392237836 412099321 418357579 433318555 443605169 450818289 456168788 460772892 462609749 468664290 469027764 480671488 495142502 495942387 496737218 501099715 510468945 515122054 526495309 537686525 539000743 546711347 552321914 552449909 554531534 558381421 569929160 572760999 587587026 587710060 602301708 605957922 607571847 608254457 614725257 624999342 626448751 628882234 630633859
48 988896993
3825979 4239860 30073004 30122220 33802909 49201069 69180373 70960709 82899848 89841820 92490118 100280665 106565637 115685734 117424105 125391050 132617865 154513280 158397532 159494365 199206979 204094143 205292210 213075748 254444833 264171820 269264066 275773810 284312863 287941778 289679620 304971215 306746410 308848708 312021391 321739190 328819723 329861652 341350427 355027461 374516316 391301900 413236505 437381688 483157682 492706156 502566396 504943990 524596224 537859427 540565255 544657741 571754348 577921359 584236716 616737779 622092289 628503063 646767039 650280560 661355770 662419375 663786059 673280582 691078456 692862468 706549694 707346008 713776459 719532891 725148724 750348481 752980876 765233257 774644124 777597816 816530553 822765927 823470005 838481617 845159387 864126165 869104715 874712730 880524938 887249233 906960465 908778120 909057220 913540175 927156770 929516430 931450996 944015010 958299182 961476978
53 951760544
1314423 7076932 22635319 24964808 52831511 56995520 61609547 70322547 70505297 101175143 109422240 112989271 125562584 125748128 128614234 129965991 153386371 159583877 161450392 161769493 166523615 194781479 202172662 241740544 247908619 251773150 261057906 262435524 270083326 271216219 277842537 285073162 293274961 303160005 304079695 306539106 309868755 314692101 352283415 367441367 369558388 372204907 375107619 380179205 382355043 385270992 395585855 401400818 402708021 405366031 416669426 418465226 419206192 430691841 432374371 437679363 446765185 452143097 452698289 463342924 476538874 513542922 513869496 515293363 538870691 540468416 546155823 546678737 558142733 562152997 579416767 607490198 657925238 659003145 664223351 664306842 681681875 749525283 756409654 760985090 761929220 762756721 769779770 785379142 791757263 792987660 795271442 796864779 810691539 813763631 813891522 821122605 823688287 830745532 836452634 836562510 848795318 851145715 855478916 880093017 881261091 886095054 893623431 901489688 936637280 938976050
52 551233189
612642 4298583 5617668 10346087 11443535 11834189 16081201 20360650 20559861 25334060 29250767 31460641 35059778 40348221 45656869 47165708 49571553 56601895 60851447 63122218 68624127 71806265 72022334 74270088 76175944 76759490 88764664 96720751 98410697 107013643 127410828 141499762 143461113 146608754 148971247 150517584 164889671 167179095 168195280 175903227 191589884 201793539 202239101 203030670 204368614 204464449 207955854 216562585 233051736 237521806 246236034 248298784 253297996 263856685 268908608 275423604 283797790 291842917 293868947 294283162 299049441 299114426 299823448 303878524 304605032 309904264 330038367 351347862 361392279 367823632 377176170 381340019 390838605 392673040 402685468 406163172 413044005 414645742 419713224 426860205 431942689 446495880 447680212 450678945 452501629 459478893 463685116 466526229 479734990 492272648 497071061 503033525 508087916 516983055 525735049 526482287 530176558 532520052 536308144 541234012 542055222 545522719 549415585 550486661
44 866950360
2255645 10783037 19055763 54932346 58783218 70206951 81395010 90675009 94582569 102405625 141164467 150452983 158513708 174959706 185735880 188465792 194070244 206766498 214569956 247511585 261905714 292238139 299161770 308297894 327695391 331083050 338365322 366827789 381945267 385205771 389089984 391050440 401814068 407523719 417499945 422615498 426057777 430022152 432366717 449588842 450099773 458529595 459192059 465108307 466297570 469359503 492603253 510855302 525949140 538852467 543166719 546475393 563192914 568434083 573071007 581183424 593952747 605677282 611319007 617561464 634290069 647302401 652393136 654729771 655717344 659657196 667019349 675525733 679653994 687626839 712225067 720863299 721185142 721537716 725279183 726545815 744235692 753806982 778915914 793228032 814200977 844915832 846361031 847092975 850775652 852259078 864071870 866551625
55 992276340
1764427 6181264 8741694 42937509 51673694 57244179 59461288 71611304 76068864 84296486 106352487 115930183 143596695 149575316 156553194 172411243 177402372 177429958 198044893 205142744 218020711 225920974 230696664 242013878 243277219 250900492 255928802 257357807 257467472 267837099 269173431 279345233 285878204 290493826 293087569 297775796 301049721 304060745 309816789 338211715 338249641 349178427 356187300 356702509 369987815 381173346 389346039 391793042 393664623 397050144 404192357 406187729 408765370 417333670 418442579 448928661 455015156 464480589 467057868 496040529 503480706 509697344 524446542 525939169 536588888 545159871 553674348 561306237 571234300 581595558 585139476 595683119 606706667 615579796 622182731 641260339 655840836 666513290 681113617 688088938 714179347 720620669 789214205 801974267 806870140 813962613 836735186 849274420 869674442 873749646 893756422 894033514 899729225 902580923 903274541 905890991 907721168 909584613 921041733 923202206 934348344 938204607 940765987 943094396 947346105 951685708 962182359 978453439 981707504 986654082
51 664640208
5851029 15690842 17966963 25183064 40539803 50028051 61222850 64205549 65968817 71016344 79002797 80162945 90582023 98011373 99804099 102713826 116713718 124538462 129771416 131579987 144044935 147239324 149009647 151565756 156696242 161346593 173193755 175619203 178650215 185336176 187931575 193134599 201905761 211195825 214574511 221230302 226117834 228442670 234856137 239378393 239600204 244606892 245709522 263880112 277818113 287487737 293242813 296552485 306445568 309900070 312788598 325868965 347708595 355985643 360275265 376293594 378361733 383166356 385337943 393627121 406617282 409508487 433818647 434300225 438916645 448210363 450054528 452799273 462643907 463178016 466559665 474965085 475297522 475432769 477670732 484438149 491215391 491974138 492843067 494401791 497226104 498426574 508372666 522296581 540580780 544779618 549549453 550521087 556210386 556500499 560676712 563125061 565658063 567973319 584800963 594320804 600987316 606357810 617722838 634384640 635709332 644830900
46 965883847
23303894 33679720 38940427 40526023 48440692 69492950 72413628 82640106 84796215 93474029 96896042 100627287 109407958 129747643 132970102 137776974 149454939 151930957 185900672 192942783 220020245 222586359 245126706 248344282 264025478 271443453 289256160 332406474 348719806 349069552 367673329 370091770 381106404 388669439 396790825 406914016 420050534 424188056 445447336 446971519 458396799 458639577 472633720 484742582 491562175 502985719 503525585 504181717 519724347 525465050 536467481 539634988 559074040 567443121 579120564 589331811 590038444 597843895 609964509 613057327 614484754 624642900 635361444 641649063 645028018 655557973 664374281 677884242 682677079 685904136 699882030 700281908 751565157 752599987 759969063 760770659 768147610 770620421 775676144 789727939 798927581 805461299 840562743 851160525 854706437 866393085 887693810 914876096 922383637 931700554 947089927 959299724
39 787041074
3624568 17293237 24784648 56062715 63082256 74983764 80009103 80430422 90928036 96253019 114702004 123397765 145955604 167921751 189327739 190686746 206194280 229851191 244511603 269629074 272957351 277486633 278335087 303018315 303724411 332181340 339817465 349341476 364636422 371367840 371613051 376374021 376537655 394917907 404601096 408671984 426827527 437861723 445569697 468331217 472809817 474152684 490609479 505962935 519678093 524577855 524633574 525310389 526611819 527834722 527872989 539221764 542175438 545834429 561035204 586935412 610501796 610779790 615372059 617636047 620711068 625570832 630296330 638035330 652834956 654308611 668649307 707050336 708969483 709768814 717906092 723709671 726294400 730144244 735060790 739820680 758624931 773245261
50 884364169
2781992 3036619 3257488 6871586 11319324 12205886 36825123 39889856 54153993 59909938 75390638 76633398 79665663 80060750 101294749 107092590 122710994 125091121 125713160 157431641 157726636 159116404 180819466 181689363 186273574 196372894 200744788 211337520 216258004 227615880 235626884 263183508 274411841 281231175 282169802 284426084 284931009 303076658 304648374 307532959 310636123 316454018 324562937 342260018 344290901 362621709 364688675 376914501 381256675 392185769 396035010 401738203 408877563 446446820 451230386 480305133 483215781 490276631 490575950 495668675 497792782 501825825 508478943 523627577 526358266 548555384 551395321 558046920 562540680 593707613 616744104 622613383 628789744 641369208 648122983 648219000 649049750 660373518 667114858 694065429 695713654 712827181 717870551 728513529 730664647 735234073 753136285 753777964 762492953 764692973 765542083 769435366 780160175 784201760 795824827 831885085 838052478 848767987 849733422 854076169
53 644880323
2167716 24865623 27747279 35466680 41260859 41873131 42796791 44004034 44217452 49261440 55795957 57139340 60129475 76626267 79360640 80019555 80436116 83531667 86881344 90431222 94581243 96377073 101078020 118827483 120199610 121709812 127008515 130846815 155409080 159899758 161636031 164825369 169183377 175226520 177413419 192891932 201182967 204497589 209706173 212416350 212483605 216974962 223372925 227965150 263923572 265891461 267337279 286672495 304398131 307811315 308724363 311742817 313167305 313341439 320760169 321097780 323562695 327989168 352752461 369067716 370122584 385975756 387937442 405883471 410432918 412033436 413033980 429569385 430138082 434384369 436347004 437937423 440239541 462920433 463336730 466458153 475089657 479169234 483565150 484583380 490958228 495734378 506235183 512123240 513557540 518927013 526551001 528421417 528494423 531743860 538637765 544497714 547086222 550819702 560382449 572544811 572644322 579188707 590815049 597902892 610862230 614872861 631123318 638365461 640451639 642849600
47 648572157
9473149 18932813 20868546 30107359 59007554 68389110 75929508 78349523 80521565 86941370 93341281 103513123 105239330 110285505 110517256 118539369 125667007 128195264 130844295 131771816 140696220 142173565 157391236 161037039 161353181 162157221 168929298 185460756 200930654 224075311 225074076 242254184 243104196 252387523 256064016 269604487 270287645 280038021 287069703 305774148 309760218 311974815 317542262 318719096 327628820 328975737 336054767 336942757 337995271 340453578 340467888 342325693 359201342 360542253 370942612 381073626 399113001 403167523 423506034 424955514 426471700 428125184 430410305 433613443 451047983 452964142 456575157 457147097 460948924 462402594 467162584 467674548 468031335 491364042 499906594 507054927 517762240 528893741 540109581 544921215 554108398 573805043 592402121 603362221 605003697 617924200 619566067 625600218 629814882 632515348 638995417 640538582 645392577 645713663
47 625544837
1328734 2463036 4749471 11890051 45312414 52790399 64986635 68012492 68450849 69848424 72353025 81279926 86824328 88870426 93299272 101736317 116362181 118333308 122797794 150992750 155832283 158470518 166608058 167819842 170992895 178792115 187544582 193351474 194728983 210351910 227265008 229758565 233853017 239731747 247436331 268403814 269099923 285889309 287724173 289374240 293118639 312193782 312313279 313757994 316352325 319102336 319415028 326053522 335133405 345246185 349636614 356386344 370828381 381231843 389689466 406043168 416117125 432874480 438990620 440216704 446192217 447180214 449732251 463648946 473351001 475191547 483363541 485699160 486573224 491504156 494998907 498575269 498958327 500626719 500776863 509554099 519098227 519172776 524429719 527056934 545560954 551354609 554874052 558224541 561144531 563406907 567682186 571158061 577094653 596148565 597199484 602948491 603937899 608135814
46 622959712
24387331 43089832 43149302 48920563 51658983 54098013 58572425 64912211 71246952 76935838 94152667 96499046 101116469 105779104 109041323 111876424 121933914 130631836 136404832 140129748 145487324 148419602 155831905 157617438 164923622 171579195 179552386 184062272 188525163 190245492 190746658 193102068 199534171 199542025 218609834 219472002 221620547 236090131 247726961 254004269 256179912 260961725 270339483 275178301 276132902 283547851 307833924 321499910 321508582 344306875 344910912 346597606 359131960 372554892 379098344 398906048 400856552 413380661 427266609 433971210 434792597 442538483 442589247 443963766 446194266 446919730 449828193 460569845 471854183 473775569 473929951 476391432 476445701 483255200 485118364 495474781 503383860 504962480 519408376 533694177 533936353 537019066 537950875 539420215 544404559 545151776 549061088 553621613 563493599 589155679 601499555 619182696
41 526265772
1774626 2097635 3957508 4292424 4956030 20944094 25458835 26247236 47399627 47796142 51443129 52913351 55957866 64169497 83215474 83704530 93164271 111044778 128372114 139186989 145838313 145949660 158505157 162852185 172196607 172698690 173929078 199913365 205683862 206426868 212500285 218158592 228042636 232749224 235632345 235780626 237830029 238726972 243759993 265390543 278263159 278344626 279109721 299376057 312297625 313739707 318195146 319962728 320824774 322384904 340906627 343894627 347098874 347622054 369293967 379243670 380349618 386832679 395158672 396611581 410735858 413880854 414913135 417818475 420346944 423868294 436334470 437510144 440689464 441854588 455445247 460036202 466245272 469252712 471167673 471824574 485626862 486665971 502874756 506411967 507285311 520669508
49 521460665
756323 10671210 19709518 26689654 29928584 30996560 32338502 52453488 63488986 65233108 66777229 69245840 71715910 76426763 78675417 80264969 83663226 101092457 116963752 118489129 121190466 122347906 133510599 135432533 150923276 152093936 160407172 165508429 171356890 172489240 181268166 181705228 183266875 197586346 198204860 207330419 207782598 211065126 216450584 216782930 217518521 217575027 218974234 222542446 224115433 228110588 228484626 228644911 230647647 233276191 241006039 250360387 251007588 260435601 265671454 267731774 271242668 275869674 292108392 300610674 304123248 307771986 322318880 326837353 329499577 332582274 333882862 342227565 348446139 357414233 358737148 359562095 363470759 363580045 364550236 365546173 399186300 399717912 405081736 407660989 414806320 416312731 419487553 427498256 448531270 451154721 452665110 453354412 453708371 462560938 470551334 480820269 483997333 486112647 499359721 501777348 514529107 519860510
61 939007120
7787662 10753343 15652157 27786282 28667907 37831440 49510729 50177679 53760180 55171919 67402697 69748504 72759725 81624315 89184221 90968692 95084284 99339499 107763652 126469623 132445903 133212386 144532466 163554176 169590510 172369809 175942941 176471354 178723865 193639751 201513032 221423804 232483714 238152739 250888479 251307314 255741199 256907386 260534036 272124850 288892416 293014112 306121055 330789404 338766590 343107754 351539013 359700094 382809733 391291879 391973449 392033107 398177444 400283666 424205283 447817297 451734526 456478213 459634472 460143653 474133604 479555465 479864920 480546437 482028240 483625727 488318299 488479761 493182070 495955048 506748114 513185681 533203130 537409361 538088932 542629938 550144953 554300460 559484617 562600167 592523045 598341615 598483103 608720514 612636672 616940030 620648783 627659758 634514639 640529775 649665573 675616988 687684258 689306355 692746462 693946818 694645433 696400742 720700959 731287415 753472138 754041382 756577687 757765965 772316259 786708364 788185765 806217433 813631284 819313880 834021210 844328701 844419139 846036046 869705539 888132291 899695276 903540365 912603867 927336971 930268586 934862457
47 645531088
874915 7531670 8518716 21650658 22595480 28893331 36947942 42501401 62531168 65245452 70815447 72706530 76237145 84496803 88366417 88888739 101583807 103364576 130512981 149932400 156431168 159940424 160663241 163443720 171349164 179543903 180052436 183890404 184013955 224519253 225925711 240759234 241811968 242905677 243204564 254773725 271072168 288810208 296758422 299781934 310153123 312853239 323201790 323464532 331621149 339288108 344975855 349474121 349896070 350662751 350689031 358049419 359557719 362311849 369265287 371943000 377376837 381891166 386046552 387744864 388605650 392600292 406166691 408930246 427682242 430786767 433257886 437470639 439479769 442379322 447903742 461934382 463614084 474768791 484026556 487301873 487455444 487598055 490138932 492344500 496712210 507073404 507418181 518165810 544222425 546971746 555280006 565849762 579176754 584637472 586011389 590277129 612696565 627888640
55 679645492
6969414 12515786 13689020 17196551 17274331 20620290 23027252 27178348 33164132 35919601 38980842 43526447 55202212 57370327 61114670 63916357 67714725 75714351 90400551 100945783 114627444 117250462 119454148 120258269 127279680 133118807 135043443 140420995 149136760 152226534 164125197 168580444 170507136 175840967 178221366 186753963 189644425 211145163 222571180 224792949 251960324 255070460 255215780 268020485 279748033 286876570 297535215 304582067 307307809 324619945 330797033 333603736 338270235 367619746 373383352 376873137 381190412 384295322 387594129 402142549 402245180 404274610 406887732 420199395 423162371 423448626 430801703 449106924 459050809 470253299 473936150 474478103 475235891 477519032 479499917 481112198 485016559 487844008 487920043 492723226 496191454 510423251 517286955 518135127 519804634 521431602 521451118 525996046 528106266 536551109 537202730 552460341 567550655 571548327 573573735 578655151 580948209 581071431 587340992 590070795 590418416 599936486 614369494 618561648 636048066 651229977 656947638 659831245 660694465 662871857
41 990174354
19343273 27606008 35364827 39935760 40157809 52263728 54194653 67346533 86168582 88061712 88328698 121277192 142043857 144943594 185995880 199514474 211901347 212219262 214385736 221962040 222186696 234759075 236304017 268169924 270431285 274457129 307604507 311288704 319988992 323693118 334316197 346265363 369201372 379471591 387579612 388911833 393686198 422658563 423519661 435934234 437095466 468521924 470047553 476395885 491795017 508169965 523958619 528269847 532243633 545207459 560314138 577298636 597980063 601698510 606452775 627618689 629106749 633819006 638640723 665580321 686959073 702729507 702919488 716247615 727470103 777721895 779466914 781649055 791543824 802807617 806384522 817633939 821952200 825423024 828628666 867556271 891181435 898358851 900696648 925192593 948220592 963578780
45 890947975
16861211 22634481 51503590 51918362 62024264 65999063 88643611 116038757 133605979 147833154 164794236 166220154 168841830 194409075 211362421 247775270 259497611 260195299 268865087 271546865 281568635 282649108 291207296 325702127 337159850 364434268 366414865 383800351 390718051 413142327 423778551 426884278 462849130 472981556 491760698 496226082 498857719 501671853 502502708 506079647 515118642 523044511 525746818 543700050 548140731 551165837 565313298 573290810 584431748 585292083 585734879 595842243 602792446 609888913 614166476 617372247 624878910 648205681 656900154 658940690 666826608 693048174 707881467 713125407 723350539 727200162 729373133 733184702 752063907 761985283 762475703 763977727 771624786 773719017 780546680 784420626 816294770 818252717 840257140 842195221 842898562 851370682 858206728 860035243 863344704 863537051 872352931 880337177 882737520 889527926
50 771731762
6677738 12520748 15450866 40711809 61237223 61472900 62879087 68449546 71460653 73173886 84122077 92112973 93054335 94822609 99407189 105884333 113356543 119762728 134321604 135532105 140647902 141185644 158740455 167214848 174416002 176784247 184631883 185844173 191222853 193999262 194796486 195400498 217536177 218148852 249125304 253371029 256905114 263165128 269136931 274032667 274116198 280460784 282974077 290004206 292557748 306169849 334863394 337693596 347938163 349854009 352592161 365401615 376954999 385475613 388731590 389956070 396691153 403559654 420422519 429403904 430301026 433094921 451162800 454430953 457189466 467827966 472883683 477165164 497926940 503817924 508025840 511894093 516001251 520886642 539833437 553553979 573784737 592239432 598491904 601720491 604255967 612182291 616988771 623536497 632380803 643765696 653072882 653399759 654213393 654355710 670600707 677181350 695541213 714869408 729776171 730560242 733103705 736573711 742917406 747683316
59 597746491
3432413 3795971 10208083 10979284 12298336 16560066 17310190 28108760 38201468 39731267 48529898 48632730 56735630 62112844 76908007 83847744 90048064 98374046 106084432 108025464 109217325 114578025 119378366 127440888 128417901 134086065 142531826 147438625 150510581 155944100 162549719 168123434 171892801 178922043 179323033 188101060 202819403 210880367 211834866 219348126 220681348 220990772 224364544 230546789 231297036 231325270 238996857 243467947 244434238 245342078 246414695 247534994 258020920 268075988 270108772 273486584 274802396 282379742 286315825 287273646 292123674 300263511 310823571 337888243 345374340 346569600 350090375 350705994 358321729 361026900 361206459 363305233 365299170 368108672 368375416 382824061 399788243 403132659 403469273 406087401 409022605 409498907 411651034 418768787 420893376 425686071 427958333 433638169 439759030 440000249 450177592 460763737 462386629 466635368 471541252 472407011 474777224 477920988 480084355 483448507 500831565 505926751 507192730 510716655 513289595 513605156 523328537 529233389 530235152 532916321 534643629 534713306 537378790 542051021 542477603 559402654 568429303 581967354
49 989324218
3244420 8457603 12800124 33712060 34308369 34472023 35652509 44990465 66316117 76713880 79853603 97252200 105476629 106865053 110762192 119731681 128423914 140420668 150284501 162367821 170881212 175701503 216089110 221573202 226160359 235087969 242569624 244315240 256073425 261047010 264868462 270781832 279873046 281819000 311775858 319634904 335032923 336157323 341422303 346560729 351280725 359006190 372188496 381605927 423943423 433674441 436061524 441019651 469773558 470163414 470322654 472182944 474743308 477643304 487773781 509951548 527860733 537921245 546039318 558379418 571722926 575020533 579341464 581808066 601902840 621133883 625215688 651973706 652181685 658919889 667261255 680643949 682730138 703610659 705970871 716028972 718207624 719522433 723009165 728136773 730528693 757784434 780809724 792802742 802454133 813870401 820349860 835857499 853488125 853728824 901206677 909291777 916607215 932856169 947717999 953436587 960402588 963711404
60 559446135
10670300 16493184 17161962 17296833 28545880 29347375 31854580 39951140 43474422 48309390 50121091 52437674 59986853 64434055 68994353 77193104 84081398 85796285 91472701 96941465 97551936 99241719 109927696 110776798 112209614 119268513 124622395 135253368 135888023 147318591 149104429 156256001 160911714 161113297 162133638 166917145 174091602 174492439 176751133 179975645 180621288 181697199 186094839 186972079 188199547 191193740 205653987 207941540 208985783 214270498 214383112 215841168 217777064 221749021 222247388 222508690 226262356 226529794 237588904 238377865 239082072 242404275 242538661 243489562 248401742 271365037 275880028 285657090 289964560 290110450 303742469 303752757 312384317 314321706 326477393 328059708 335378688 337714823 337805052 344468553 345592735 354805388 354841424 363550547 375883267 376422392 385466986 388774389 389779516 391926169 394301016 403127317 409483904 412054001 413754825 415482755 429411819 432690796 435802907 445382034 448389623 450916470 453625710 457885376 461452317 462423380 493931669 494659583 502924672 507903594 510041900 511844767 523630197 531254486 534133202 536422655 545759433 548174730 549361461 553882046
55 730604277
22040555 28343420 37127062 40826231 41128597 52095867 75944594 75997998 77917815 85053609 86881165 99426258 101265953 103180879 114448573 118869627 132905564 137791589 141993777 148530500 152180813 161676441 163157127 167742974 171745974 179004342 182395698 186199897 189855855 205701389 218235521 226189411 226241889 227422481 235201919 239953603 263844453 266951722 284434259 295119810 300938062 312800011 320529674 325386576 329053665 344756305 365947083 377293938 379835358 386495480 388213446 391709863 393484894 393715703 398638068 403973105 405485531 407316123 417062398 421397471 438121690 441379244 442376908 447710146 451193728 456361731 467012298 468323442 474589012 498637584 504827976 515395663 518139294 524801726 532505265 546248310 556942104 576143132 582692705 589400453 590446094 599771574 601844712 602329184 617453674 624695351 625649935 626749082 632879645 640374233 641186175 643618006 654570729 667717785 669180357 671916130 674418127 682631203 700396144 701008936 701166485 703094615 706293685 707167513 710478044 711069230 715806529 716533649 722756084 724151862
46 868351124
3143914 9803850 18902070 22538133 69597304 73173188 79140343 88006693 97716078 128471905 137201354 144021561 172192591 173112666 214011925 221055953 234411964 238241323 250224469 255731739 259204114 261256241 270776401 279877429 281733860 282357889 287544359 300276431 330711916 340731199 342162517 345821763 346950586 359855590 365197430 373275453 385073965 394852317 401900578 404183995 414077899 432422540 434140226 435121904 450646141 463292730 481762355 483615550 521771603 523403817 527139909 533634306 534154268 575918205 585957889 588080096 590011377 606868084 611944788 613064546 631911285 636590350 641797188 655563806 660043711 674525368 677340598 690035168 704521522 705584754 708471873 714920691 727283697 734414263 735984202 752885728 757990629 764250942 770990248 779949202 791892550 793991329 795707480 802086530 814367815 821120864 821344904 838854367 841144476 853112219 854644488 859881385
32 889465177
11142746 13126228 37497445 40396697 72171192 83832324 84151640 100196185 176197034 195418442 210105974 245844967 266245854 267397465 275889426 282261911 289894704 296634866 324902142 333290416 384242065 399566326 415045999 417300534 441857879 442324418 452509656 456317159 461018737 468584134 470108759 479715526 495984706 509146489 521923836 523942524 534762321 536762443 538695136 544155261 550565216 558143065 561244050 583564760 595342427 605725025 625046184 647283976 676784285 685392513 709742769 725981616 777812783 801891136 805720805 805852498 827646377 831823344 832963169 863854741 873058882 874218324 877913038 889295488
56 747724101
4295044 19972184 22474567 26308330 33627210 38507366 50660195 53464846 56479026 86922949 92860775 93005606 98023117 99863439 100712966 115707230 123297603 131819062 133127949 144313761 156516337 163882451 164517207 165501311 170445713 177249290 181144206 181605800 187675665 191181444 201489424 205167455 218016199 220164194 228497469 229575284 250196696 253534442 256396093 263511031 270796359 279786178 284789292 291808963 310892728 311118322 322086628 332430691 335804503 363341789 370535657 381051195 381901687 393652920 394443679 403281785 404826298 409321559 411681650 414886541 419295390 422084657 422613604 447803277 460423120 465251050 467487532 468374085 485290694 498278094 503903221 508356072 508479022 509215631 512994602 515779506 518330482 519563310 542033812 543824111 544307918 545625072 546845946 547583940 560990207 565092911 570340470 573363882 574596969 595833123 637299546 650836691 667258980 671765585 673240845 689275167 697192039 697956157 709142562 709156945 709702917 711553916 712703187 715384415 718147390 718570705 722270490 723559807 727759499 729390269 734468327 741480417
51 501966260
9621649 17434165 18050510 31270195 31665695 33344608 34751438 41269382 49041181 50955591 55433201 66003124 74563622 76889739 91805769 99347321 114149872 120699103 120883560 121549762 123953213 128475101 138068191 142169402 144338684 145471576 155925523 158902744 162008929 169462096 180011429 190719074 194145664 194810757 199095592 204622666 204744914 208956561 212313272 212960767 215005438 215509718 225025061 225390465 227996682 240640509 241579038 243270901 244607308 253385740 258108509 261328072 265104264 269608273 269613253 270429115 273389146 278737414 305552084 306777964 309927294 316350393 317788095 322621948 323699932 327935680 337882308 347292797 348736956 353087104 354813516 361125163 363303516 365844082 366089849 369251222 373564411 375876947 380843454 381060593 381405114 382079321 390074601 394124244 397041711 397939294 405536988 416710137 426652633 428785966 438953707 452198926 456640077 462133206 472887016 474686573 477857501 478212196 479184391 485381549 490481696 493378930
58 918819688
22208473 31024814 35945845 41967863 56966754 61692382 77218623 78790368 93406926 103384353 108566918 114411538 121562955 122927409 122987464 127195701 128541513 142262387 142560520 149241896 189818596 193859901 198720803 200008673 213518480 214401765 215083770 222290765 223147894 228181660 239940523 241687247 251517881 254298536 257170779 261240435 267685313 276519013 304714994 306836078 312641090 324946545 331061516 333283933 349921098 351503389 357721890 359491362 370657788 370849831 375176358 376667455 387360988 399056387 399759299 400469618 407226819 408714415 416536393 426443501 433943632 442583232 445059145 455186280 455303545 460088052 467449997 467521350 470975561 477393776 482282733 522279386 562293989 565219995 566856290 577914727 578099152 580737391 591443032 604872378 609734515 611819614 611991931 620662254 631407474 651198735 651922904 661301401 668708518 678948603 688199868 688813575 693849613 704548620 712270556 716263843 719760991 727380699 748248149 750992347 755955082 760515079 763907019 766200406 779577356 786224254 810257262 816721122 821336428 837273401 840077099 869195981 871304228 880592723 888022328 905770301
55 998671973
10583578 34105082 37573848 46609698 50527947 76803328 79196137 83053881 88773069 91186629 104957933 126279727 134055982 146127320 157841824 173356025 181313987 197101892 203838633 205967744 228513270 230483052 237012704 239140648 247658451 265749407 268526206 279869831 284413965 300032369 318883579 326395905 330547189 342233387 366930687 371534982 390812053 406307857 408302596 410532123 416487477 422404809 429706909 431026131 435875449 444507917 454843633 461193598 464848505 465857107 472883928 482899735 495624899 499322427 500030029 522520573 524959633 526440246 550274953 551522642 554175694 556542579 568498744 570116943 572741151 575257493 584603735 588970286 599648848 606011965 645368164 680592704 685275937 691882970 692223273 693538295 703383081 742017809 772291881 781900718 812485337 836631318 837034880 853200862 854960384 861785382 865470769 867156127 869841649 883734475 889679530 889896469 895585122 897439151 903617663 906282448 906914681 910291357 926025071 936594561 944874930 947062082 950130560 952945236 956520737 960986982 963431511 965449551 966994150 993297294
53 737317577
8668330 8807994 15301403 15872276 51389647 51982388 52440137 61523516 63043158 78338573 82670498 100859352 101770655 112949435 123523384 127047818 144298075 147968780 148206618 164360907 173241159 188862199 189969821 191671644 192160640 197780380 197891735 205062047 205551643 221141585 227768807 228024870 235005390 235553702 241262914 248925435 272510503 280546389 293986255 308462828 313670487 320790325 321826402 322524427 338119937 339971687 345677274 347721732 357086534 363931981 367212252 377231401 378962191 388715473 395296949 415438131 420740389 423541790 426114167 428208329 435574346 436370252 437985883 438225628 448021345 461207495 466710406 472882948 472997094 475718528 476285647 479066382 501175028 501631329 520618624 523000776 523783042 525983910 527109411 529042462 543398586 543434291 548003209 552648507 558851834 560507900 560984914 564450532 576047506 586372889 597832008 611808518 612648651 614086479 615319453 617967331 626673729 643338721 657701542 668172864 675301870 689210897 709665979 714252181 721910017 727905927
48 883990494
45725511 48784340 68205924 69836212 72508045 73358545 99269794 103089045 140004254 147167124 148747939 166218125 167581752 177601326 200616081 203469252 212828007 216228565 241893689 249438817 254632919 257540543 264892311 265640323 266444316 272354381 280835823 287986017 299279563 316499381 326625487 329321865 338957352 339193379 340311736 356193196 361089328 370808912 397842010 414138341 418044374 422076008 426522874 426811802 429933746 447417055 450680619 480339906 488844590 490531602 491315064 503971407 506800089 511081782 511200526 530949523 554018111 555996715 583333195 618703109 619441851 622704857 628218751 640026879 654946788 656366826 660201877 683034582 689130356 695991027 696830224 701162224 703723163 708645193 712885108 721048541 721420866 721459026 733516050 734597050 736336566 747002298 752072362 756429888 767323960 795760009 810313605 810898340 814951273 820402182 821453872 845946796 847586732 849307067 854242523 860599385
53 840015264
241716 3075977 3264533 5985698 15508515 30590055 34546749 37359925 37691212 45377636 48336438 73221714 79736459 84228130 95828867 99054971 102024076 110772516 112354197 112405863 115154658 116351660 121166224 130029281 144249724 148349895 150487019 159014811 160453635 172976526 188541112 197884655 202240487 219706447 225194985 243922060 244052174 246565371 266482625 277186626 320915932 324681754 326597810 334757768 366947080 372614066 380872533 390373903 411087170 413988388 417547481 417987665 435173151 438208459 439461320 443420515 444821689 452691944 459432614 472349312 500667399 509889153 542934452 543531028 560850572 561639801 568926670 599100695 599223835 599966609 602708169 605599404 621521706 622395020 627480500 637581721 639062784 650378684 657264940 658988637 669150092 692084274 692551633 705845254 716176822 724019683 738939089 754077753 755174383 757849879 766129437 772373604 773313319 799677056 799916197 802055799 815078565 815401257 818182282 819806990 824261323 832099009 832216455 834100563 835502841 837427950
47 763852912
5681895 6026310 51356039 52839951 61578644 68206236 92165489 96456596 110104028 117756665 123711335 131705535 153859319 162127368 165101088 186564616 196446310 198543876 199695283 205735534 206881879 210561664 213666556 232141636 247388216 249615946 250854175 254046757 258093952 269600905 270985704 278801100 288034262 304088662 306436452 332237191 336326923 341180524 341973752 345942767 359073605 361046496 365494148 366111039 367574951 389676047 389859739 391851125 403023875 415533650 442901099 471322415 489450856 491887964 495374158 498942012 505072135 513359427 540402266 541569816 542630272 543868572 546884592 557529774 566871529 573332363 577386185 578326728 588030982 589816522 606010084 612720878 615074659 615235334 618364161 624207858 626481284 655395444 656895839 658332668 658348092 663939747 666383314 687604259 687984978 691795501 697278503 729295384 741616518 741718619 744537119 748750033 759327830 762879055
44 825721359
8202798 8773415 13930766 19584552 26382861 28687896 33350374 36066604 58005395 60095765 81685579 92308639 112810115 119540311 124379369 126272503 126533269 128422881 159268151 161349778 170815379 171922525 180574293 186467715 190412588 208241703 208685098 215198671 215432429 227948731 236598470 236728141 249806877 253942535 268092337 271672075 330620920 337069930 343310137 343736174 345721634 346493820 347086158 349316438 370312490 402083965 404372273 438908667 468601943 477541979 479721960 485173197 485949945 496623014 496913088 521859100 558493482 559547921 583802741 597712651 613626869 619392631 619936715 620368275 630992061 632297323 635212968 635813958 642834831 665881792 687266247 692987278 698873874 701140187 710615407 712386967 713637051 739818652 741280884 756363860 759657694 763230617 763734424 781270274 784334986 797235005 801270227 813266896
46 892726617
7708438 10229022 13886148 15374760 24955282 34838249 38542431 65564257 66567651 75197243 87864652 92150759 96439210 97871519 114215425 115598396 133276317 142881666 143382351 143405888 150411986 158504681 163142131 197094838 206729484 208443577 214908810 223904949 227342567 235267544 273580451 277060660 280976205 287962339 298390985 328063847 338021800 338609292 340301203 354560104 366890929 370738040 375697498 382318303 395093186 397642159 399506622 404351912 406299318 440993551 446202095 462567766 462858519 465164025 484278898 484739118 495214245 500155274 515355155 547835038 559067878 575537256 581365083 583644301 598173276 614391462 632813580 640356276 641206602 650977851 670056305 678288812 684737973 689146224 695472903 711992697 716043307 716583821 723781088 727176851 742642991 748584221 761728487 789802511 791632215 818003238 823679957 831216057 864474677 865370639 872193205 889401869
48 517522306
11112837 17706225 18063730 20714061 22180045 42236864 45109533 54230983 57528210 60389234 79853066 81950123 83735771 83938875 85418120 93474338 94313622 95212524 102091229 113792390 114184695 118559058 134788308 142540842 142582437 145454083 151301772 152205525 157096854 159042554 160022513 167943952 175044127 180573455 184041560 189078932 190443067 197066350 199746499 213500906 223932987 227291080 233936629 238677549 246979824 251911203 256217132 257934843 263817733 268558953 277513598 284861202 285555053 300624289 301993861 313988685 319020207 326610529 327903606 328802642 338276556 338789271 339241364 340834195 344617051 360575831 363814441 375601776 376308445 381845344 385426999 386570580 391144439 392919221 393419370 395800610 398631761 399050874 406658058 417752503 417786641 420983142 435594850 438192114 440273239 442962933 445821884 459680371 467072049 471070996 476032745 476270974 478012919 497953863 501772294 513333334
46 506011435
4157867 16611515 25783470 26137577 34181690 40656156 44695185 55609271 56730329 60157968 65562638 65757157 68493791 71811772 74763541 78405479 82436019 88362475 88497388 94979327 97170299 98939567 109642701 113161176 115145735 116613042 124448972 124466094 128608849 131117519 135003441 151233238 158367247 160977536 165113055 168148386 170975953 172935956 176941241 180237279 180410963 181158595 183953151 190385522 198707142 201897820 208281689 213938673 240584265 244351851 245985447 249937319 250264274 258094567 260167703 263139812 265068760 275130177 277252718 295578632 298491968 305469995 306056391 308425737 317771822 322438893 347271235 350757859 360379939 369069807 375106720 384042090 388727223 390873300 391876021 403454641 418875127 418944498 422169547 422699927 426789307 432834040 439490609 443418394 446074883 448224508 456379966 478022643 480585613 489901778 490846338 492083189
41 991728094
8558133 22871399 30534518 37912642 68056944 74958479 106459199 107385462 109478726 136201554 140392406 161722093 165108760 174315713 182330040 200415067 226750012 227043808 230951781 232095666 250402000 270840574 302252211 323945311 326310303 339977139 348757949 350174588 355114551 386219810 386822077 395393847 411150991 416849023 417854988 455292813 486384255 488341789 533044709 540226040 546951585 557724308 560796473 563256495 571396329 574627358 581689109 596306289 603484387 617340157 623925475 656181032 659373626 692043910 711273900 726877343 736639550 755913405 757440472 762851483 774415969 775781034 799144393 800741813 815306939 818307010 843132833 898201391 921628618 926856545 926932357 937511694 941984758 954486031 968520019 972741453 974548820 977046822 977509286 987131465 989301636 989938470
47 755913718
4851679 7640761 27988718 30825532 37999435 41875320 41938342 48181256 49404057 63284418 75688462 91074873 102488380 111197997 118125983 119525731 126713462 132167575 133489382 159117194 170244540 206644455 210790939 212584008 222067727 222087301 228722153 260397900 260583291 265474368 267983763 271434115 297151251 306868296 310155543 317642021 327188669 331402194 336346498 337481931 349279028 356321922 358902367 369425740 388097063 409928539 425107624 437049739 442759707 448404397 454005265 462711446 465021451 468499185 479871339 488079807 494166574 499005251 506979597 507306622 507832969 520808027 531497239 533363440 534710287 535781292 549528555 570032125 573970396 578330760 587456530 587535614 590343506 594795896 595788907 603127805 605073895 613289216 636106373 659293092 660067525 665229512 665388838 675373475 678778217 691376594 694909870 705734955 711083980 711538425 718601420 729311901 735109934 744720778
48 957138586
3412912 13947237 18079717 19780549 25270849 26786710 38419758 38925137 40974382 45090995 48821671 51209914 55362406 70560083 75994924 76679904 82784124 92972549 102507316 113299174 116173100 120184660 130288680 136251224 140459520 150930476 168747700 170147711 172832161 184907330 189404319 196791789 213339398 225939265 251693201 253693838 257876782 263636615 268197114 277282324 301667417 309559140 319788536 333440706 349973711 359785462 372513000 376321571 388241881 408499708 414663621 415888846 440574403 466158291 482407275 485823656 508403342 525001375 561889248 583870279 612642576 617547675 617852000 621549097 627525280 635193519 638952520 647235321 655578169 666288208 687159264 689032551 698404853 699540702 717134486 717493065 720662748 724673849 727530035 763900111 768198999 770671100 773828664 774568447 791569253 792954721 798823628 812148168 833156374 845213462 851238431 855474599 868411119 869958345 890871586 909678874
52 692980193
1173275 4262916 8017259 13426692 33596122 33856619 39317357 44471984 52498692 56758677 63151272 66588795 75107477 83584489 87872849 91359266 116674042 136638082 138097568 142432535 143400315 150989291 159715185 165221906 169859089 172277031 184415432 184588572 198049741 201410670 206855748 208598881 208892123 218335843 218517311 223963392 238823638 241649053 241952709 244100412 249813869 251749047 252150496 284464083 295918163 332077234 344251558 346616256 350363116 351271952 357565894 374414716 374634610 377160052 377879342 379548633 383092946 393736481 394563027 397955243 402775085 403713727 411584043 421970829 432678359 436760571 441818286 442450678 476378854 477678428 485436969 493015955 504267592 507816629 514785977 521472062 530020053 530152355 535837293 538006691 548942240 549372537 560893050 567074914 570963676 577379977 580298378 581587786 591475780 604553610 605930355 613458803 616383373 618757607 620582459 639332808 641586976 649334797 651275022 670914681 672740231 677050896 681903803 684771860
46 986075745
27881723 29522250 32131760 33086325 39650056 56417255 56748953 60757410 67190610 93790017 99410379 105882052 106232543 114916754 118698735 123087200 134415582 134667973 148175917 154570418 158663410 190896991 195880606 211692039 215599136 217837029 220841223 222642542 263520298 265256188 267141719 295191866 321808302 338978402 393037205 395128427 409579964 410006320 421701345 437104320 438519869 459852369 472288149 475404219 481397881 486135952 506731852 514079134 516261385 519904098 528837648 536890407 544789167 558928638 561698557 564769318 573396390 575540690 577997849 582969223 601539443 624804447 625775238 635575727 637802220 638380122 638529322 649750595 673236773 674686508 678114086 683831844 715083905 721383644 722145890 761144689 771022254 775059895 788938171 794483690 804615249 813255708 816317099 833983585 844497838 850991689 864092136 894154943 906148282 937707872 948177656 957007239
52 626385167
2522504 3614192 23230082 25626133 26905786 49017644 63064719 81496423 81818593 83760536 105834708 110721561 112017467 120217165 121675985 125587944 126530382 126916390 146654533 154833159 154957270 164558508 169256818 172050708 178187579 183809099 190235121 196348625 199570012 200203718 200425527 202895145 204092155 204901981 206081627 207539167 209896075 210262573 218150518 226112772 227246219 229658370 247531530 252948374 256035373 258178149 261155390 267451029 277583054 282121186 283757611 286002196 288614427 289323580 291864160 292630991 299942461 299944585 301975445 315561192 321361831 323067087 339727866 341060354 350362183 350497443 359290667 360365305 371383227 385101926 393017643 415782834 415992902 426667778 448137672 461208056 471941706 472689476 476530471 480626571 493799685 497358951 499649959 503812638 504111619 506105976 507202555 507595495 524083101 532727300 534206939 544617822 547650849 568394968 583423529 584715886 589826350 590268506 594825067 596837596 601907952 607721698 611231576 621023001
53 862536104
193862 21653150 45460575 47910406 60216718 60611385 65066358 65226668 66988709 71554521 80160833 86189320 93119568 98203094 105136627 105760601 143053772 147497262 167625868 177980060 188232366 191661591 218206677 228092338 231401231 231494916 233699839 235925933 249309732 252306970 256515579 256962677 259532523 272734938 273012080 279850188 287980489 294939972 310252109 314730178 315402508 316871277 319082043 324812418 331378586 331970372 336094859 348839099 352863907 362971540 390223134 390682306 395322304 395917104 419534351 423180212 425392400 432446680 452140295 457452159 466379105 473437597 483183016 486036361 514816732 516644744 525876973 527413592 531719060 534108877 541462140 542163500 545257546 547099491 555745921 557515538 566502208 579151290 593260216 602354874 628602485 637827095 641069586 666630279 696122496 700891826 709702473 713995818 741721584 742494352 750005328 760692285 769646456 779367402 783343351 791637558 803754802 818223713 819428105 826530548 828406722 836578549 836881455 842216780 857305210 861847132
60 729090613
3003993 9986624 11582808 19525246 39387882 43250125 45591576 61743506 72295037 72833974 84743962 96758675 107429550 107828460 114495603 120037157 128713286 140862025 144568032 144974617 147429434 151737205 152259978 153193426 153365645 155032016 156004851 158485112 169576433 192847316 197145926 202190476 204310145 206096217 215050568 217255675 222047548 228323398 228868471 238248428 240757370 244920915 255382284 259361467 266940845 272871419 275296049 280801917 280843032 284912708 287265872 290628273 296508337 304660963 305167421 311974587 313884748 316131820 317305220 322748387 331901188 374490644 375360783 376459716 378868173 390135640 394809249 396209676 405783092 405882504 411281589 411654688 419877134 422065965 426327672 427996069 432830119 436605469 455368736 463622580 464741154 466631304 472763730 498976953 512004339 531071729 537136546 560212172 566009988 566664894 580439794 580555896 582764784 601831036 605096479 614648396 615913048 622303295 628779651 633078482 642798357 652495774 654246974 655245923 657234051 665327584 665840192 666134440 669125756 671612522 676754886 678431451 700235318 702772535 706936339 710424151 711206500 713636986 715660220 721472067
49 657732188
2083954 6854973 8278028 10833546 14112598 16087292 16716351 19011314 37144843 51116270 56455271 61346627 63259020 68490230 69981021 72759987 72934833 85397640 86947748 96298330 103669799 103820978 109246143 115287142 128899271 129666407 131874510 133024750 148131594 150947187 150954986 152404603 166792919 171848586 175364004 176078374 183508627 202501300 229244208 262068348 263086125 278839470 282606585 286749169 291155767 293366323 295918145 300482431 304766128 327455902 328287565 333696635 334100599 338184214 338247934 340472462 343056500 376393071 382972142 391776436 412403300 420190050 435775691 435920675 444870768 458957181 477689793 488315168 493893675 499503376 499764727 502103832 505706553 505808055 509623327 510255359 512345478 522414723 532002615 532494955 536640488 537808812 548221629 550141797 550934513 555662722 568791008 591973298 600179903 605045765 610816607 622167097 623158842 629309646 631204757 646889890 650513719 655266086
45 751728186
2254626 3813738 5914164 7068133 8588778 11783786 13864563 20191799 25775244 31536791 59907974 62285579 64009290 64366130 75765660 85765461 91565610 119345574 125272809 146238921 193105124 196670702 211552906 213898132 223277590 227508283 239653112 266324904 271207359 271495762 274913395 292947893 293425543 302444849 328434060 335499353 338250037 342226183 345951497 358769043 363952335 365696640 368020514 369587038 377291815 379847339 384971255 394386961 394703697 402359111 408753423 418709995 422381760 423689937 437691337 451318879 481234890 482929583 496339890 511700937 517720523 517838761 523078570 533363066 544323377 550098512 552515431 560490677 566782810 572303233 574587524 575759107 578825390 581316332 583253288 583812497 601874520 614749632 620249420 636694108 651261996 664532933 671101549 673575828 677499667 697888864 698200077 711752869 729767088 748161087
54 673859266
9429762 11624352 22150978 24057852 28640235 29802530 32394333 41581521 43499601 45392397 46611813 57060319 58039443 59762492 75609272 75898612 80147900 86176510 91307087 92446018 99899164 109740803 118252921 127540908 141205365 154650370 163050750 177948954 182222380 182509784 201118282 203673253 212277332 225495653 238769412 242503073 243295745 245552937 252232325 259841789 262431724 275826764 277001126 279109362 287847698 288482893 317736949 321350005 329770419 329837285 332971978 336985334 350706348 353380474 356392099 361731656 362377390 369756344 381750354 383762262 395265437 399398542 401316892 415257403 417894336 418703066 423708047 429806409 436265465 436629700 440368146 453856440 456948930 470053739 470341278 483372063 483720926 493856983 497599253 520851331 526896109 528426157 554908958 554998458 569369571 569891729 578419938 579826941 598791117 600563750 605382365 605968053 608084171 609210620 611378214 612293872 618197548 621562313 635519753 640419623 642385674 655189811 655467689 657399096 657819167 660811224 661026902 666164402
49 926835853
16667145 18022854 22261375 24336428 48296165 53483537 61794750 71856375 95634804 98392205 112977262 122285125 128058809 140442601 151909191 154823913 162575035 172764756 174032088 202485455 207201760 224894803 238579909 239109067 258233729 280718290 290905418 301054507 301182248 301680457 302990497 310790869 316858647 351999169 370601509 378564450 392472010 395705687 410360307 429342563 434109749 439742652 467795319 481282403 492532850 493447099 516767185 524426915 525648518 529151160 536960488 538815721 541091861 560141187 581823760 585340533 587717831 587908863 592394516 612981283 613345375 615810274 641168969 644412748 651371200 652637502 653358833 657100208 657702466 668458317 689871342 690031093 697777680 709166939 712631722 714882837 733953912 741541393 746639842 752189953 771711307 776275966 784051742 797346052 799891132 810424396 811330550 835598316 853266445 855498285 856045490 859369904 859463599 886522960 896139183 909503510 914041329 921170921
40 863652780
924060 8360266 28883949 37784856 44381532 47319555 73545520 87869771 102846274 116545610 117161319 132460135 139816929 145849002 154823810 160384378 161300006 172247422 202452269 218976198 219952275 231231854 232250961 235824875 260912301 263564108 275479972 287254346 298437109 311099617 335237110 342009314 354982629 372034060 382796955 383071884 387163646 401769418 402008654 403909993 408590979 444600761 449073098 466689295 469138831 470686333 471918363 488177408 488953802 493398509 493842455 494835654 499947767 502046619 514109697 526582351 549233868 601484298 625447466 628769754 629896891 643593572 644877142 652798649 662361011 668221762 680374488 723641283 725102796 733840682 765414338 768224921 769285263 771974179 791548969 795489390 806009829 808184336 829914889 838938027
49 561850953
1194747 24368041 32552073 34937564 37702524 37814020 42174511 42412704 42658669 51636810 62661494 64114661 72931099 73514652 80919839 93412808 95101991 96998427 104053701 107388687 110829451 116950507 119620141 119818041 128635339 135923228 144058317 145327601 149687420 175342092 176303938 185755803 201918879 204573097 206300758 207647826 209915044 216057787 219802568 219881586 224129355 236694691 240229690 246323633 255356530 256737521 262755838 270567633 273800102 282376057 286657720 294131483 305419719 306067633 308704799 309221280 313987275 318408669 320738521 321734215 324192715 330443913 333650517 342492770 350197269 351207545 351767789 354067697 363523009 367070198 385829826 390366118 398012081 398510409 403957467 411033107 411775894 424812792 427098073 427730848 428358660 431983861 432496139 448572658 449776161 453174137 459027071 465526455 490856379 498351254 498645737 507988312 515801036 519580786 523704780 524694155 545139794 550634913
42 992161681
2636399 6546401 8776202 16318341 25961792 80673975 85910413 90452888 104428834 111113245 129692170 160867116 163157894 177896987 185226408 203150135 204327584 207527506 258195529 277732526 312034157 326973890 329289079 330041035 380850958 396393323 404075262 440368052 457186916 481588889 488851707 491262466 501403003 520827005 521590129 527342979 535090469 546370990 554379098 554953350 576616206 586133713 589619269 591599947 594141003 597059305 605507280 612196627 621005964 633604856 635173255 644541327 668888294 669103216 679937358 696164085 707034690 760512679 763573871 786103533 793726593 795290332 810929461 826358183 834861085 850524168 859762021 860086747 860887658 862155755 867487290 889999049 897248391 906016966 921467353 948725603 954942422 956595504 964073160 967293797 968056291 970982903 975857587 989751979
50 749798208
3592428 12494197 13781806 17048741 22090610 28945724 31384038 34099756 41897633 45548941 55070526 64057035 75973669 77642201 86997567 111285033 128943879 175752103 193322432 195659686 197282103 197613654 198351508 198641791 210476264 214484975 216579284 225106387 235553425 236287722 240322096 247769668 262567071 277503582 281138297 287672892 293406539 295202751 314596572 319594937 324603724 342744707 346753435 348167275 359914709 376099910 381828823 384279383 401482447 411675831 414311413 425391729 428857135 440522991 442653367 447641507 449543015 455177795 465856087 466596601 468399452 477439350 477828048 477885071 488973432 489636986 491952537 492409100 494662622 500424104 500790311 503811554 517556893 519691264 537736210 552322728 556120263 559282044 571194944 571467043 571723433 576187435 588366641 591564089 615606013 620227521 624592850 643236160 649692718 669685171 679718046 688229919 706258812 706480711 714193321 724714964 727303413 727585027 732455798 735061682
56 972333628
2072336 2162670 2570149 20569769 37304819 39183022 43441569 49529599 59425835 64199966 69971994 72661571 80581272 91135235 105312242 127128734 137200206 144933561 158354520 162428888 166476770 202050033 209957731 238073212 244080336 246238891 253261996 254187001 259837546 269664777 289200730 304400984 327728419 332854326 337407708 344636340 359402450 359679616 360097319 369878114 371099736 371112465 380408745 390172323 421656112 437562448 442712473 446773905 446967624 456386283 458926852 461601957 477249510 479659616 487144169 495052279 497946107 512100249 521609110 522913159 532486405 545903122 557273642 570376899 574176083 575062618 582977048 588913966 590105876 608365429 613368291 614975688 635130345 649398009 650286623 666779410 679323669 680237336 697091293 699393429 729649296 736334882 740624250 754549688 775663367 781502512 788139819 788560831 788732013 796087923 801490417 809340740 811211207 831520214 873207317 887288080 888505317 896833774 897717283 899026410 900126012 902575343 916342769 924863655 926761217 932823057 936205301 944184187 946700652 950325246 963163303 972266954
58 654782543
914242 13265425 18316806 30422788 35134959 42480400 43656034 51523310 51664750 53147414 55129697 59970364 61577058 63280173 69424217 90546720 100011530 108487221 109359338 122887556 123727404 125141806 130321436 132288770 135535633 141988608 142267770 149926893 156080024 158157051 160714926 162130666 165607072 170012923 170936515 177143276 181225889 181327563 192327309 202691666 207679982 234670163 237015201 238763225 245466750 252646514 253408231 263854610 275232427 278808711 281848771 285104997 293230604 294598392 296611595 305649691 309281346 314228952 322315414 323876980 326744786 327091042 339010167 340136148 344848974 354069349 359175682 372403234 373255663 387358763 388795319 390501849 392220286 392743814 409244214 413912980 420553180 424436902 424522596 426376747 434588309 439210709 439488275 442019089 443603589 451106554 452072835 453488705 461166755 461379571 461532905 475472613 486622031 487960865 494896779 498924240 503358667 503762426 513361854 515758115 527631823 532753635 543435526 546403841 552065180 563322461 567076613 569854245 570438206 582927065 587585314 594470455 605530663 636899625 641459982 654474896
44 947383203
6099443 16450766 21372571 32427658 36291828 36394002 57630258 81226524 84206285 88868614 100190066 110161971 112649506 112943185 126483640 132095147 133296866 151930900 156128967 190587883 192156217 194293729 202899390 224264115 244457931 245528396 253594927 263496490 265285633 269194947 301900436 304813103 309253088 313694761 339017034 349491355 403591190 407370080 407769657 443280994 444329383 449613936 456908307 465685265 466026350 468767401 469859681 474526029 501517877 536920350 539415917 541949883 569448955 575964892 580625338 592939449 600926615 622467772 632613430 637696320 643772329 644897683 672621895 682919902 708321583 709902705 718684724 721605946 755735953 758907826 761521861 764717137 787101778 789207737 794686957 808180074 814600378 817427754 827237768 829726238 834900013 837157731 848897341 849743202 856443681 883893453 911189479 942139239
50 658996814
8334368 25629953 27258865 32059666 38010570 40940950 41705244 44215395 59384095 73807963 74068642 88398253 107384669 112408312 119369761 120638209 120790250 123123241 129563194 130211933 135936258 139982277 143399854 144718003 151743265 153954351 154115165 163643143 165574482 167767401 168482993 170195405 178975190 216277531 222259721 228735021 230093244 232830695 271802640 272992346 276589663 277679308 287966592 291636172 298377116 299339535 301696978 308053651 315269008 316944021 328299327 334061086 347580279 347802297 354846050 371999558 380848851 391117410 393721840 398394957 408418148 412233869 438500184 442967989 447741023 450131468 458842114 466683045 466707006 475094367 480355291 496027448 497536582 504098631 513761218 524372713 540583634 542714001 550220649 550488541 553527504 556988565 564824541 570405359 573276703 585502283 593300567 595465814 604606721 607215923 612770248 614966993 622966240 625750217 640486953 643650748 646420968 648513163 648786674 655317537
45 519252502
2205494 2865879 10205132 10662987 17056460 20290131 21310000 22240958 30190612 38545671 38981491 50759112 57365910 61127545 65298228 68083431 73483494 78524372 89272614 93683140 94106685 99790933 104249319 113581692 114898785 126626149 134102256 135247279 137332631 140140296 141242335 141310244 143190543 152271685 156357351 158044344 166027448 168702176 169098312 170032962 182083854 191419141 202224895 207688286 210354585 210681301 214042372 219260880 236648223 252479823 253924309 257097657 265413638 270261019 282363459 288034063 297927177 314711193 314805794 317138148 326377119 326650044 344915449 360444457 367148755 379601915 382366941 385466278 386018620 392497210 405098909 409369111 409877609 416701610 417023280 422880498 437596035 438981909 439177967 439375785 450403456 455365049 461468183 461708561 467344316 497893835 498326985 502552833 509193063 514384645
42 931936876
9383170 39174379 81279420 82297749 89452393 103117895 119578936 130415278 136794388 137132106 159181768 177253543 177619694 197283560 202287598 236706876 245921983 249266013 256534148 287018906 293167540 296186252 304003995 308583805 310714505 313955369 317955860 319735569 326140569 326412894 331574564 342039828 365521302 370148401 372103073 382852668 384831252 395122222 401303560 420270277 437816580 455267122 515255162 520912662 532489935 554269723 568192366 580275411 614994739 615878193 626395694 634153034 638050095 647681505 657902617 661342930 706041561 715820142 725680016 731347684 732219748 746858616 749972248 754032004 756783441 764578314 771404994 773454318 790715234 794904435 798817577 806211179 810227567 825096791 850232466 871006674 876005728 879750772 889428896 900322747 904045771 913321628 914381809 917294247
48 777060441
14179542 20412929 29117199 33628022 34047414 38051924 39103473 45439101 72003805 72476707 79852715 101444835 103873864 107220214 115761594 116527902 132213519 137771131 145478790 148468326 149180989 154958737 174863802 187279787 199613133 201488267 210355436 223314335 235112996 240968047 257936886 258714462 284174504 289545964 302407708 323038811 336388974 337250638 337906982 341897240 351250428 354353595 358109606 359033320 366985439 369039743 370333801 384623079 391034532 393367771 396655052 399650652 403257311 416576221 419931677 434359622 439161308 454080652 462417438 473205165 477725543 481112788 493668540 502782996 510561831 518243204 527479568 533636074 535447788 536104975 542421635 547448110 561254827 568827919 578292044 607460384 613139697 627679928 648222494 649408116 659043976 666730945 668466657 672704455 673632708 675019375 690690838 705569600 708664691 724454649 724560243 731090225 735379227 761300312 763009780 775388435
43 853395962
8998688 62834036 67068569 77853873 83321452 85761765 101260856 111709323 121932692 123405344 128792560 133541361 141089276 157050515 165538304 189928076 192453590 200181466 200410321 212828169 223982627 229571130 234642226 236386063 266023435 270019528 277752333 301852163 302461125 316191038 316942942 326373380 328179490 380998992 383613055 384013480 384648028 402498793 411198795 440319114 458657511 459170690 461917816 482677540 482834029 483503516 497061623 500168365 503824354 510221875 529279943 543349125 558305415 562042248 578565651 580980657 588455245 594598495 595621402 621894464 632654668 644185551 649985277 658140736 662827061 672776793 673102896 687419601 699067752 702999539 713402340 729370601 734164858 740382336 750239870 750538987 771085913 786781920 786916798 791610092 801301120 816780222 825321131 828929218 847912275 851468958
39 654402042
4861180 19435790 35359736 36645206 47302886 61386873 62760451 71439267 82733931 103730299 110311062 111845568 120827688 154849703 164780800 165201983 179769464 190317912 190801694 199568645 201779379 210242625 230260276 240427277 245699487 253931291 256332979 259209404 260216533 261771028 263689348 268049678 269681902 282598354 296936658 298412136 303863075 312067174 313100008 317057695 326953265 327903055 350318640 358183179 363089098 375513862 380701543 389057779 391116338 394830213 397477376 407738172 414101164 424237871 447495199 453734555 461435766 464589142 465391754 466758632 496535150 515070231 515736174 520796141 530001024 536164915 556025155 558249133 558445201 564032114 589214403 591423936 592819099 609779717 611754349 627082433 631383724 639743499
50 966834094
2652608 16949650 45563963 49949564 56518664 58911773 66353605 75956348 112130908 126548140 131275932 161010495 165663986 188755784 190640435 201424162 214404103 229741544 232978003 240856396 263264026 265231304 272116712 275048539 282550969 289101733 320938654 333402973 340042781 345853786 348912567 351614599 357539668 359833797 369441257 378252702 397466799 401181822 404059145 425706632 433409061 469636047 471223382 483354720 484131823 492985446 495354314 504074134 505016351 505738541 514808491 516198919 530187589 531128301 533895665 550407770 556022703 559795254 575909768 585772042 597076660 597758452 604626718 649912840 684464602 689603514 698008221 720273802 727051754 750990036 752884876 757859144 762803141 769628551 772538365 774424219 781792682 785530383 785788912 790607672 798966031 807561206 808070741 817015721 827232286 840129412 848549652 849704364 856757951 857962285 872509054 878622192 882447812 899748003 900103200 905251132 913813115 948477984 960666670 964006482
56 556301566
16186664 53356175 58983930 59162389 60949657 62158937 63107584 67467894 74631365 78996349 91257695 101321861 109641252 110365750 117779526 125114820 128617921 129895739 141297414 150050300 151086174 152040824 153667670 155474370 156619038 162768984 167856510 170751394 172030430 174545801 178292797 185372077 189949641 198202158 200704098 206376479 214600350 225249687 229483295 230548670 234735090 238983140 254912363 257603431 259446785 272581248 272585901 276017686 278761637 280274209 281472408 282251091 285053864 287803475 295832651 335116004 341086849 345098003 351495931 353031406 354793132 368193052 371010339 374222839 383936175 386184457 390848013 402448275 407263153 413450511 415888659 419569930 425799875 428762054 430143093 431801446 432524793 433080526 433322420 433463984 433776243 437286091 439879451 445206413 449953622 455306676 459092880 460804241 462730892 478400652 478787326 482099424 483866626 486219492 487186405 488604737 489981156 490501052 497429106 498191469 505920863 507229777 512291618 513473902 517048572 517089207 519734489 521574675 526423933 528840245 529052538 536877946
45 651117138
559406 2147505 9467966 22642114 24616711 47009094 49942395 60650016 78885857 87415400 112070475 118507866 118530488 128273853 141513209 154142663 169583722 171386359 174613678 207164090 213572066 218372649 225239881 231513102 244353438 249150287 249191548 251748119 252912705 271161023 281881523 291791543 300558334 301601419 302785667 304325845 307787062 310923711 312405469 312558318 331147283 338005910 340565101 356107988 356485855 371015550 372380622 376187510 379688792 383715883 384497482 385983958 394045638 403358392 421370207 422021991 428376993 442386114 447416158 449086276 449803035 465569975 474693505 494835968 498079304 502976693 506871714 510093270 517824717 520503653 525960898 529143600 529931092 530355655 551296938 555176153 559074138 574662562 575704992 577247939 580539287 585162143 589493426 594229092 606498758 617095825 621300048 622252654 623361795 638035228
45 598591758
2387159 2489779 9827628 17328093 26313178 51758013 53369558 56536768 59998223 64144561 72355643 74145608 80254982 81862834 96290431 110709254 118878091 123583859 135457002 141444267 144414339 146060034 158001770 168969445 179329155 182060749 185098262 186745080 202724817 225674878 227741056 228095094 229451128 237462809 237679744 238736296 240665445 245948772 250511874 253634713 278842341 279039608 283588353 285696339 292484041 300078152 306617661 307630114 315309725 321530002 324461927 327115560 330902549 336892212 339866845 344690790 352384102 353746788 361548057 362240285 363718266 365083397 404618730 408311460 416338593 418939832 429116939 452904792 456047399 465681246 474831089 479669143 481057682 484534409 486382674 488477913 490156815 498162913 504546791 508380374 512595750 515661571 541869408 550222442 560290097 568633858 570102312 576979026 592910804 596501836
47 643201269
1919912 4311627 7121937 16164093 34505683 42712289 43330950 52259729 62199149 68315051 71129201 76589663 80422526 85141216 85367998 96894551 105261947 121935198 124339703 132094798 133174329 149013244 149570433 155156082 166076935 168283895 173880741 175525158 179178190 205583652 216910321 232307474 240111548 248491025 248838738 252297026 256443851 265715370 273538524 280247536 294330073 295180408 300132685 333594291 336360102 336954602 339320422 339785277 343403029 360725085 368147695 368199962 368760936 374396750 384523965 389221967 399675541 399897657 402558897 403827863 404170009 404238695 410741770 413651388 413863297 441382694 454335242 459474368 461185295 464697534 465657687 478691693 487258846 496359195 536189783 536686823 539043117 545352722 545509126 547986640 549792811 558765623 569847334 576557817 578909627 580772672 595881699 601401379 609807098 622116869 636692065 636961585 637344114 642797990
47 631071387
2950778 5535012 11500052 22130921 25487697 43740730 50742737 52829452 54505359 66338643 68296249 70817786 72618565 74947566 77082522 86783352 91267335 97260634 103921682 104188002 106156667 108007824 113457506 121647699 124228708 126204394 129588279 134235668 143357397 154846631 158329598 165955539 171900257 189844504 192055226 193241256 194965334 199754225 203433533 207943227 214047127 219332971 222314205 223008248 230925426 235355596 238078545 241326854 243322624 274265301 278967842 285080732 303379128 308706415 317173360 320212142 320336430 338200400 341183518 346143583 362424398 366918967 369372472 372429055 377289159 381928808 383857343 385584525 389537912 396041491 396852611 404773638 440152552 455415693 459093735 459488692 464503038 477508443 489697254 508317718 509916320 516661955 519512041 541640026 542802986 546621896 546663572 550948368 571488184 587389431 591104711 603503812 611486749 625188225
38 731199573
16375213 20774903 26619134 32036876 58572661 83904893 88870509 97124965 100609487 111721475 114491899 115902321 123766985 123775441 154563236 168790637 174885514 184332146 206349061 208529728 216101207 223732392 229617795 234051190 245356084 246281546 248875144 261003467 273357947 287578073 296185521 308646752 308919111 314002730 324810443 328923967 334058759 353947459 376575584 383097830 385343508 388455401 392000673 395468348 402444141 403740699 407758413 411322970 426490893 426914849 462453777 465123349 476595851 487463248 519567970 532814580 536631544 544046068 555231481 558471611 590762658 592823953 593166212 608670529 620745651 624205980 627758685 632813656 633324419 648489018 659816957 684935911 701676173 703199602 722396108 724976483
57 897793855
7451348 8725815 14562169 24996134 42462269 49760899 62265695 81821306 100189839 116999822 133993355 144776214 151597947 156260446 163443068 172420849 177311883 178676895 181379500 183361142 188067386 199335915 199559140 207204444 209595728 218124264 219253880 224873146 230241369 233969512 236492118 236781715 245808924 252529150 260481866 268258733 273333307 273336094 283352087 299216980 300108779 312761680 314706023 329612682 338517338 350759559 350768774 351891219 351897129 353954493 362699144 363346280 365980251 383100981 385141424 391414744 391581489 392232432 400607793 409947958 420696410 429035063 458628952 458845665 469802730 484036897 486281989 494754777 498523924 501351256 501880538 506771807 530865047 543646976 546914875 563289000 570067662 576697082 579388158 593171960 604956319 639993655 646840197 671308059 676287283 678679420 688639851 691376169 691519014 693387569 697159193 710496884 711399887 717944877 727698782 729823964 734508430 737954996 748786211 752326406 754947193 758132228 764220862 774348280 792650956 803826809 843920839 844184400 856915141 860194412 860305799 865171678 876113628 889099513
54 752617303
15908842 36394203 36594622 41888866 43021059 53146125 62149147 65074792 71151766 107903172 122892589 126764450 144670911 146059493 149884577 165316070 190607387 217370808 238657853 242614485 243889050 245563227 246611004 252635478 254518239 262083009 267086276 271576346 283865581 296151285 307865554 313002998 313923898 319597792 324107996 341552951 343871512 345657044 356275253 361434483 363632557 368998108 390582892 403429106 406388043 407543817 408991207 413406156 419227335 420515126 421305320 426670364 430057689 430941962 432135411 446261695 450646294 474537406 478727953 479256303 481942136 482834318 486820836 486853906 512527455 519188921 520603497 525576880 532841249 539819117 542050797 543018300 559927203 570909023 578630043 579952880 583405197 594932274 603805661 609024457 614580496 615312512 620367676 626947906 627216977 628015703 629682505 639080217 640268256 645896675 649372657 656336706 658351978 661145162 678986552 680031854 680341340 682715198 684323159 699592719 710270738 712030942 713155126 713664622 729947740 737107960 746555734 747335648
52 975806862
11986804 17849712 42686498 47799656 52561905 62604727 66275401 68765806 79857302 81520825 82646226 86813540 93836409 94373701 97641925 104216389 108969524 114381889 118409667 128904797 162556408 163405838 165328572 168673671 188582429 195811177 208587421 217554715 218266534 218354595 228186324 228814073 236919298 245905638 251107123 253621486 253954196 256947529 259699097 272475500 280993869 290643620 310312009 341167929 341295604 342458888 383856590 385382145 388253858 389080835 389934448 396625079 398536800 409571580 422974220 458006643 459098383 460724646 462829934 473276167 485821729 489387231 492996720 502449992 503521977 509232162 522988836 546480478 563310397 607339585 625632698 630843338 631074268 632947328 647033907 677557595 681553426 688034256 705182557 710394843 713126347 738462920 740324762 755069276 759708363 771769670 816323937 831335592 842216160 855283985 863188675 866270139 868257829 872441749 873501130 880356939 882846602 901159198 916100263 929721986 946485793 953787271 958845031 967980522
47 713011677
6621000 6911501 9360737 24957979 36355422 40527436 41169017 69631119 87206234 91610595 110869129 113127627 125333620 129210778 137483172 150831166 162351133 171809393 184835221 189805312 198636012 205201137 221965426 229665159 230021606 236407740 239408707 250245261 276458700 276961526 281834347 285367146 286650561 290633269 294205443 295701864 295935255 304619205 306166177 330443321 337388594 340180488 344989788 391741411 402279775 404634541 405543076 413353049 415427893 417549459 420740852 420785853 424249730 427497405 436817797 438679320 452240307 462806164 463193484 464064673 468827475 478395162 478723511 485879648 496564500 497306957 504510328 522087834 534172492 554481857 559296034 569799378 570507697 576263355 590330661 591346772 593259351 593399253 597094884 610047589 638644207 639720663 639883341 649360777 660759903 675868589 680427307 683676684 683771159 684727850 700491971 700958992 701058706 701653702
48 543443337
2204797 5215882 8003053 10622848 21074484 26182205 33764626 47396964 51659011 75029730 75978639 85923471 86297338 91858482 92978532 96855599 105048429 106368154 127226030 130469721 137790823 142705563 146041418 151933970 154158426 159040487 159936792 171056609 174687996 181637263 194916191 204878136 205095966 208472532 225451552 229413090 235749732 265009965 267723697 270698087 279329055 282288947 293420776 300352475 311291966 322615962 332887634 340344917 348769507 363773150 371777227 380541721 380863435 406932893 407928812 409191679 411531200 417656489 418220686 418230902 422225486 424651909 425612267 426246256 427215933 430680598 431886691 432364224 439950254 443286458 446379711 449540008 450940308 458687556 461949434 468132131 469356022 473524719 475616626 479624683 481706865 481986637 482302277 486660283 490098208 494120210 495772937 504518309 506049581 512676601 516487690 524042319 535045841 535663102 541656626 542977729
44 917734572
7509496 19849134 23458345 25644921 35562211 36150839 43394052 56399862 80781914 97836660 112222862 113489842 139241936 144539398 147842293 153855680 155419452 155437786 180026908 185283658 192363096 193092292 198176237 212152000 217257899 222004987 228265109 232245544 240745970 242036739 242539561 258147930 266557425 282073442 288028675 337525564 346557096 347043689 358305823 371124049 372787727 373984434 380144914 389228101 390826015 393939997 401402624 402107975 420362284 429331526 440721758 453797692 471389052 512118250 512167301 513287934 532858147 535411861 545917168 555952810 593750850 604258620 610106580 615686407 617977324 628208793 633850590 641183757 665112127 684877290 734195015 740594535 754906735 757525154 758435017 774091935 798493633 804149236 812460995 817974910 824006361 827744156 840765588 872922843 875521992 904881539 908908407 911512645
52 757408356
130790 550773 9381894 13770506 21407426 26232696 26572978 27318668 29800059 33716412 42728966 45180835 49651326 55675911 61750748 77467734 84854797 86850399 88753179 90168497 95854199 104479267 105699473 116204120 116679741 136832254 150869456 157090404 168752119 173665301 180717786 190493514 196267715 206945736 212119338 230882522 242230044 245807909 254494814 292759779 303278254 304513381 305514671 314339530 317536333 320760405 328159781 329761447 334159833 339415056 345645357 347394392 350760228 373850242 375764326 379231758 380426445 381025676 402375193 402662399 412019762 426435534 427382733 427620531 427765188 429638507 432644370 441323476 446610605 459797233 478879381 480018272 493370589 502124109 505588181 525047365 533038459 534730821 542077488 560720495 567067360 581628063 591297986 597332455 605777887 610746860 627417425 657522428 663402499 676698537 681071410 692027879 693933144 699037775 702557435 711322549 713302552 719315379 724258452 731372428 735933944 746638253 755784165 756218950
50 920540693
18207841 21129181 24435589 32289475 37662599 58239555 63439945 70129353 74848617 85445784 88523128 89472942 100081580 107773404 115182404 126789790 136707626 158415442 165060595 170782034 172078176 181843663 186596728 190820529 191466137 198071846 199147067 229504582 245606363 246086789 250192327 254412645 269144839 269846319 276606625 276678374 286259351 287084982 295356085 297036955 322932420 322943023 329335199 330427856 352325977 361121959 364016168 372228027 402550874 406782615 410994009 418242875 441150677 480309854 482665044 483383493 483824696 495073201 501709755 507650178 519451949 520679125 529291759 544386311 551700653 564006075 569539350 575949711 590196907 591662708 599556588 620510389 644270613 644418869 648321423 654532154 678897360 690070772 691582356 691914120 692220238 694868203 698421275 722346156 723283791 727864706 729499980 740878346 744698689 774475099 781507401 792829748 797687386 817669423 853919205 855482371 891654239 909259372 916524735 918775646
53 640548179
26319311 54054457 61693106 64035099 65634840 93331065 103095682 109153639 109258971 110024200 114162461 114973080 122595995 130641571 131179894 131280879 141575866 145315753 147435527 157124070 162120817 166966224 171997782 172875241 177964104 184225036 192880602 198880694 202638393 204930655 212123537 226422888 227093642 229314590 230348697 236342060 236808075 240545069 254118842 258906448 272802597 274874077 276271157 277529408 289716187 290359661 292122639 295071816 302087324 307976700 313180681 313430206 315286554 318541438 322616948 328781451 332869736 337244504 345708117 346605431 348516720 348785808 361858702 386604722 389007792 407187128 416780458 418068683 422820683 424323740 425156867 457959470 468036772 483448655 489214099 489319258 496364452 497778643 498252855 505997702 511343978 512010258 518574870 525924684 536361064 536958123 537364461 555405130 560349317 568226051 568357042 570727495 580480925 584365303 587424274 587600688 590510206 590816607 607761959 610423440 611285103 611312365 616406698 631236583 635354385 639270173
40 831164642
11091835 22801120 27731558 42812358 54042318 61695652 105291765 119902500 121401105 124244288 137855508 138996701 145817058 147006912 157724615 165263654 170967478 178552692 180806102 186327651 201022709 212687076 250654787 274966001 302316366 303330512 306632055 315633787 315794490 319554711 336701028 342104327 351200921 356312203 362991197 379418723 388612641 395451332 409876091 430323903 432553756 446648834 451119595 459338499 486838306 489169497 490981596 496649793 498559365 518265709 528702467 535917547 540932689 543795842 545424862 554158929 561700403 606648626 607938514 614541737 615404639 626924193 630176831 632860484 645474091 653496200 656684852 661488107 679299562 679606407 695619816 705052301 705106803 730018753 731511111 733669754 775203191 804123082 806622856 819643120
56 695395695
12791585 19249284 32661685 33168658 34192956 45214003 48084486 67179472 75111814 77604085 79544961 82305397 90863353 95279982 96246203 96634189 100691799 104507469 111137732 119729580 124704667 127988690 154559690 168685218 176345205 178783821 185079598 186338609 204775892 205525824 211604829 215624755 234014106 241677295 248260924 251017910 254975966 261663231 267171798 269600698 272865500 282575913 284489566 292418524 293673045 293942861 309950426 310350207 314064951 319363169 319854757 322448727 324953942 333320068 338824950 339494660 351383559 364202710 372484074 374057844 384178888 384743510 388089248 393416733 399025752 399909457 408111782 416096285 418376424 422670806 429196393 443290930 448566683 455140798 456712573 456744832 477559524 478027662 483871602 484302248 492985950 493523551 499575295 502153674 502772474 507567685 530535964 533584143 538444480 549679412 551405852 552683515 562419406 566206281 577860470 593811207 605038473 606926377 610290784 615696034 615735366 617760046 634256234 638748253 647048489 661576888 664803411 668532235 673727520 679996918 685072582 685798440
50 795398644
3015244 10765389 17665292 32517246 50221266 56728286 67340680 81493361 87104291 93926692 94661387 100982127 108350262 113287558 119751481 120561038 126567127 127115035 131102238 131226755 133213932 135237849 140538477 143870679 145402331 152021196 152284989 168860523 172790307 193942164 195142736 200382002 206648595 212922728 216854240 217829204 227014969 229193577 230478874 235778060 240618651 250870246 261007659 267179890 297647821 310435754 313259629 326406004 353492801 372329150 404097223 416305570 424309039 434716999 440743744 445195057 446047760 446745904 452143098 461096113 470018681 478179592 495133059 508143859 514471806 538543599 545176022 556952749 562639860 567111437 587877218 588380919 589274813 592450516 603044113 605762648 620482914 626401036 633749891 635519614 654310598 659902321 669235553 679438125 683269989 688361663 691488801 697229406 713668576 723602640 728862131 730964343 738583158 752682945 769502229 775945272 779871185 784640682 787376564 793987107
57 682989699
44104 8813280 10442399 14933102 16214188 22196720 28594343 30465396 30812682 33346107 33741230 62919446 65365962 66545225 70323413 76086477 76301199 78584566 89010279 91376895 127645005 134882509 140005908 140092634 143158867 152746721 154927221 172454933 175833673 181807524 185492111 201001977 208559309 211807255 213522298 214635741 214789764 222027531 225170811 228693530 244792565 247298010 251122849 260722153 262357733 266225257 268767381 284904437 284932160 285838407 290370562 290819936 301223105 303866981 310802392 338702721 339430201 344853012 349195611 350366992 352044300 355091109 374443595 392750240 397023908 406390486 406890495 410300674 411554803 412378607 418819149 427098568 436641876 440852690 441716487 442384482 469189703 475262775 486278906 494259347 495178789 505344889 506939575 517986409 518958834 532199132 534444031 535538111 539516937 540570198 541769780 548635172 549352097 551157156 559921444 564211378 579030723 579731492 586301415 594986746 597095503 600745216 604497496 619277441 636431478 640357343 644398403 646402690 647716938 663036824 670233612 673888825 674275118 680784060
45 673839108
17420162 24388145 29059492 42178990 46531034 53993068 77225353 91372585 100326848 100475662 106566645 110217294 119471945 132638812 141186364 141888745 148434258 155506031 155710537 176822456 177767051 179805549 213503774 220781962 226395680 228034109 233533623 233977999 239865579 240524669 264298835 281077113 286262837 294878202 296733911 301976422 304372992 306235681 310213741 315998137 318990716 319151122 321635283 328460370 331884453 341875579 343598513 348175093 359531984 360575729 363272957 370086703 374741192 375354479 423777065 429355283 445846988 446687591 447482174 451725274 453912825 454131447 455782573 458084401 463811974 473674588 477217081 477485294 478128456 483951252 498321355 516374260 518052488 524816140 528708468 528965725 542602389 547024789 570269120 574573598 576295872 576498971 590957960 592416583 602401606 612876127 629384509 629612596 643757032 668916253
56 928336722
7537315 17255636 17273454 17908291 17941634 22442491 24050802 27974572 33929118 34027851 71024914 72778625 74032745 78368156 88797567 100853830 102405436 106295206 131565385 141977913 157506886 162058784 164676013 171803927 181380005 193138459 208994018 211436721 211803621 212701602 237399622 240021849 254185367 265301523 266410009 270281757 283194400 286329846 288852285 289044081 306345610 311298679 318647346 329178725 345922271 371892119 372553467 378160385 382065037 389646358 397745460 406606032 409121479 410456645 413390140 413934450 416531762 423944423 434158885 449323087 471026373 473447028 474954470 476063708 481178893 484179415 491346073 498947519 524274213 528570947 532042556 547776843 548465671 569636944 594544589 605675761 608469182 616998969 627172761 631935739 632869951 639519203 640692120 640808811 645276973 655940779 662198427 680612596 686488058 723961416 741479613 790086922 797548021 822675803 836801688 840735077 841335252 848721467 851558780 860600454 860865797 864329839 868351023 875478074 879288064 883139024 885046304 887690221 909835641 912619793 920318807 923272778
50 826367718
8344386 29150053 51772346 79296441 81531331 89631254 93152721 105579322 115503148 127112322 127539253 140095294 145124178 166176014 171013324 187979012 189330511 194540562 201424417 203802241 207894388 215090281 218794490 219736254 220637908 222736621 227844365 236646006 243463244 245733200 251699606 289698905 305328228 309188222 310385134 323656475 324253613 329665360 331530617 334641782 344604030 348669145 348808218 351059483 358277125 363761172 400063956 421416099 421623311 428900370 431275925 456871138 462861450 477940381 484546871 485867491 486760245 489839184 492011924 506520155 519553149 526754175 526768940 527715211 530157750 546896188 555742834 555939082 556799051 557029796 568808949 569608476 583742078 589580580 607189909 614472744 615032360 666805785 666809925 670865561 688924112 689371198 691335764 703441257 719531977 727028726 729539840 742872162 748493175 755296139 756112547 760761547 767373832 773941288 783113302 795165778 801059468 801813024 812989833 817045186
49 946245735
11988425 23739854 35141113 38701875 68929102 72150140 100905600 114929024 123623242 146835140 147018661 149251820 153432445 153655174 154925415 155996952 171636808 201865001 207295017 209435657 225153006 254250148 255375266 272084201 284352649 291714303 293428353 293649802 296634993 305782409 305796849 321168789 346809190 347618651 348021332 351315542 360708555 363189007 376180559 379891105 404783521 410001733 412707356 423360510 428505591 431531235 439366008 442507952 445646631 445772522 452249836 482190240 483877038 495640278 495973349 496886441 500656579 507825461 507914844 512949369 535129504 543929974 556107990 582276528 585469272 593778484 595006235 613071857 614315392 646539480 651585265 660257151 660486738 667556545 671114144 680065419 693207861 705238396 719514538 722383559 728224765 734686643 762367509 785346842 799266405 806554668 812583254 829551858 848967778 850582505 875845234 883573871 884602068 885803826 899752860 921781276 940217459 944331989
55 855657710
9126962 14538829 23025321 34658072 42251623 45663322 50444101 53529511 54758479 57155164 64320521 65946464 67556970 71959735 76537770 93117398 109701500 117397171 134428708 138434194 142351188 151627517 176070895 178648690 183313674 190376661 204005619 213085285 215127022 219701062 238825451 247101046 248177088 251119183 271759677 277223385 280736193 287004510 289316818 290588795 299947725 301398045 344382263 352254221 354144235 357658763 358260998 361935947 370989480 371426974 388450413 413238667 420487416 428702139 461860559 471785348 473727677 477479558 478409968 503629231 511549747 522107644 523266161 524282429 561622840 567690526 571976353 589777499 601184907 607332567 614521214 628095597 640381286 642195739 642389254 646659217 648240294 657037545 657838389 663768855 673978540 675039380 685436661 686965019 688733691 695697924 699514033 703682689 714796241 716267574 716530701 721398707 722143641 733806388 739715787 741239078 747262061 751419403 754385949 755882343 760987765 765502543 765650383 772820226 809516258 814691362 822359188 823912228 837626967 853433751
42 900013502
3589434 13571730 18706765 23846754 29666459 57633741 77744646 82040645 85551122 100459821 100939555 110406073 118510614 122194445 130890041 140931882 149281336 154405658 157435797 169663429 202373797 202399281 212678087 215330566 221968729 236131547 236406581 238672071 253309266 262776118 267912256 273835636 276630096 279258160 296627476 312071117 317071386 319857968 323808769 324299113 335063745 338792160 362658668 373281837 387444997 387622413 403317173 432189320 448326340 479447653 485771366 515196559 529389468 530118389 530332630 534880074 546969330 550074436 553694257 556902601 600243729 611514281 631965865 655816707 664923017 670943067 686633496 691582794 715104225 731898035 744610195 750749410 758379092 772289835 783072283 784076761 831363132 849571672 861135101 865807085 879589187 882733720 890620135 898502640
43 501109845
523180 2580918 7747623 17476687 35516252 59499194 65680917 72229850 81835097 83623583 90343567 91567887 99086370 106398501 111367092 116795909 123588900 123935268 133683344 138004672 141475369 143261942 159478353 162213268 178552644 182061840 187674868 191562330 196196221 198143357 213194366 227049650 241550040 245297341 259269253 261197224 271587159 278320156 282006243 292459131 294137218 299268979 322983215 324626152 328354997 342058237 342765324 353090463 354023478 359405160 362848522 367179580 367886666 374637204 376935083 380411782 382452227 383261812 386610535 389333650 390131667 393386130 410228142 410652803 412684658 417888451 427006571 428412159 428878286 441577270 442462805 444626582 446579542 446658126 448413288 451556615 461268193 461577063 461886179 468597982 468809855 472027305 475615079 480154954 497575567 500242403
42 642398194
7571801 28396487 52723910 54310710 54901424 55372948 60979785 66667786 68259170 68529478 73911662 73967902 80856272 91796066 94809898 111425198 114040334 117043754 117978970 123531883 131317420 134698307 136609224 136800586 145353968 151701640 151971168 165186687 169809944 178155025 186807695 189026111 193538769 202517426 207153885 208460012 222165235 230243885 254530411 269502676 271570862 288019171 291063229 292678458 299715681 301415106 302299649 304257972 330255614 330402623 365767027 373521254 377641887 380078207 383264675 399666117 412211320 414181625 425222490 440323445 445312110 457711955 458688689 468524821 471163817 487006606 487120064 487648971 495698187 495717809 496743036 514662899 517738086 539453296 539987748 543354608 562893019 564836300 590124392 609934598 616480783 623182522 629193330 636270998
50 947108415
6550363 13485592 20635640 23239259 41808424 44131796 46898988 58554902 59816162 61856383 92169780 98764525 106517706 116005213 134471204 150713969 157055853 167012183 167290691 182818682 191126796 196113374 199961799 205077294 205966620 218611250 219198486 220569788 225727213 230666866 235807721 239018029 250113914 261522212 271595100 278376654 286860834 299503962 309661812 325102148 328783749 333233204 338054975 341677534 347130245 351854954 357445604 368822912 375491284 383308772 391453856 392784336 405447144 412496669 430947009 441304690 452673715 461983731 471577503 473428269 502783210 511339695 514576978 525923120 532772885 539586320 547240986 590815449 594963298 598763367 600278809 609470880 613776411 617708170 629323273 629951601 630596841 646017644 654765546 662902614 720438110 764588136 765862485 791807691 809503874 811291923 811594975 813972645 817610156 823127004 828880962 841169881 842785567 874349526 891284931 899878767 915092397 918643552 935921997 939456453
57 660456277
13709517 26570321 38596511 39412694 51690953 55768167 76324860 82394779 87982234 88811483 95099937 101428386 109503525 114275115 117694505 124570280 129107740 131662119 138814809 152363093 162697414 177593556 182087501 195794154 197370363 197534075 201999830 202130950 211934686 212149701 213832666 214264797 218747230 239916193 240736932 243649107 250892113 253706637 258645332 259840603 262204743 263270008 265176244 271081098 274250626 274786269 283638278 285274422 285633902 287099139 288588466 289191845 293774026 299975982 309447204 310549864 316103324 318674777 324451244 325923759 333364526 334992079 336495380 340564387 346173518 346714898 348783932 353820740 368578159 370515037 372920327 375203334 383016945 383221346 389393390 390980677 403526476 405223181 408612087 411368021 419025574 424428739 433450435 446386306 469547661 476802623 485374776 486526790 502979758 508284444 517528462 523913286 529098428 533295814 535478918 547078913 560329516 567047037 571301101 582155621 585235701 586592697 586655990 590821894 597125648 597539263 598770367 608922440 611711334 625092816 629490613 640681718 646526912 648882578
51 532395997
969670 1405218 4766889 7418319 11378914 13720566 14025271 19545190 33530244 39939751 40865711 54802657 60274142 63732335 63744733 70689849 70822130 73655747 78565494 79460823 84818578 86004078 125011027 131587600 133278936 137146954 143467574 144654387 168346721 172972943 177839993 187823142 188039153 193993119 198853174 201529790 215438422 217120682 217631249 217717876 218363442 218807307 221689350 223109107 223202414 224442793 234547546 235934601 247160709 261364738 262824371 265715426 288490414 289563090 290477991 290809570 297163363 297924374 299743423 312507957 319514227 327056145 329895865 340705578 341328530 358507487 370203440 372963799 376476991 384756251 386037231 406125657 410915616 412332005 412792647 416049117 422331128 430879661 437841798 438080828 438380741 452418733 455580175 468955539 480627812 480782521 485612347 485791961 485864144 486771840 488572333 493770589 504505291 505017660 505377355 517513119 518993902 521614197 525552684 529224662 530326313 530598917
48 675685534
3317073 12427148 30666352 33439203 36196941 53548581 54003556 56712174 61860325 66180069 73365873 82937956 100441712 111862206 120971418 124732601 125452370 126300384 139050415 147537590 152444168 187970640 192207358 196243334 210310753 213897186 220365976 230187202 230779838 236546593 238490014 240192201 241252059 247968327 250819241 254314534 264401130 268390354 268699094 274551687 290530936 291749046 303086575 314980340 318693165 322947599 332360523 332908937 346290108 347605208 372425169 374047237 375614544 385380047 390946790 392147725 400432838 408629919 409728749 452348562 468213012 471869729 473281098 479088924 494163166 496045397 499980729 501034515 501338571 513146094 521184257 534104358 536939906 538012359 538067247 538771661 543852080 545892522 546556454 553734880 595299462 600710108 601305422 612125521 612656846 622719074 633399557 633985797 644281708 644477336 646013842 651733478 654114372 664219869 666127180 675340610
40 695283862
2344137 2747883 12189504 37446142 51500856 57065071 64901564 75422451 76314872 90298644 99884918 121325094 134185790 137140323 140723369 146444166 166189644 216061621 219372015 224086181 245159539 251845783 253291874 256792293 259469489 264188270 278846854 286332140 288861050 317095842 317436444 322651457 326239286 331052335 333689987 335529192 342114940 363024298 366964043 377128546 385880843 388517066 394694694 397556523 397580857 403196968 408205900 434053907 444503097 446379248 446938552 447833576 462893375 479678890 494792389 498421742 508146191 508314066 516447455 522852190 537291852 545958639 546163510 547994497 548182691 558840074 567819521 569742459 582965913 590165233 591989011 595098648 597359373 605775964 607491700 618844572 633836770 637557400 673237996 687163173
46 874874821
8414250 12026384 14287802 19506157 28451906 46529191 68149829 68325178 68647324 70774945 76303917 83854819 87456689 94043420 126691972 129351920 133009613 137228074 142225188 146713375 147828820 167050092 173556696 245154974 267757174 270531743 270917888 273016168 274222646 288298339 292164029 304378569 312532391 315195845 317324990 320456766 330039644 335732682 336259405 341147346 362675401 364108843 378706085 381348586 383956634 433853035 444482688 464139576 467603945 469331757 472460637 474620920 478151668 486047709 490928135 491837233 507544108 514456439 531723377 539320915 554682960 555212293 556335549 563386864 576134357 578764231 591841401 592039046 592113680 615916026 630937695 632817676 640228508 656875437 672506556 680127956 707125904 707788867 741481212 770667014 783576987 792839543 795034946 798687883 807105232 811600278 822274851 827751475 838198864 850897551 856958866 859394556
49 552063087
17595608 24401244 27238680 27320066 30188806 33537369 39502890 46945215 48416903 48877412 54071287 64678013 66143223 70997514 74895046 76403956 81610721 81751976 96242085 105162431 109014997 110727183 112009144 116382798 119458112 127802394 128241629 128472283 130035858 137513219 141244847 143688129 145890752 149979137 150849088 163080831 164078681 170588328 180482784 182449527 190389348 195255363 203391434 203759911 205271719 221820805 223478295 229700756 248420515 268913847 270368386 271029940 282066117 291923114 295805830 297903013 301125666 301942297 310172414 333580655 353931223 358356646 359715219 373112208 376336134 377205860 379793384 385861229 390133954 393196526 395607169 407018002 409716954 411456230 411833890 413557127 424144059 428008816 433427943 461558682 464286833 466600777 475496243 482494860 485180588 508382294 509950232 516608637 528001890 530407826 532294408 537699453 540350774 541421999 541916301 548143394 549659812 550028951
44 760541602
25089432 28610571 31620654 37368294 48144454 60445790 61096149 61146765 72686194 80312046 86695424 92269938 128864275 133360946 137082801 137214572 143221135 146542723 149588314 150809141 165808650 173511507 176245708 177880641 186035973 190577076 196309516 197705656 240667043 243131802 255883903 256363925 258671917 264857489 270290142 304364150 305149894 311608264 345170712 378893572 381613350 381704994 390138023 402733389 409883106 410580293 431031496 436930060 443595261 443679981 447856338 456813980 459341251 460621361 464461785 466036571 479356376 480644480 494915965 513517633 517370762 518052498 518487264 540596669 554700936 562164760 563179603 568020946 568196365 581488558 581915450 582115035 588208038 604650030 610308005 633188923 633653133 646236392 685337707 700102406 705077088 713993692 732508268 735403574 736795285 738356960 740396865 752649919
55 883908137
4299327 14349844 26085478 36206892 43663427 52064939 54897154 64285763 68751093 70282235 70716984 84826326 86689366 98077376 110097522 112632817 138167131 149897456 155613500 161703660 168415620 171463795 180236671 183707527 186173639 195340373 195848483 207015774 211507782 213313649 226810780 236592649 246365155 246552801 305686131 307777966 315619552 340704221 344371973 350856639 369349137 370465070 372073438 373712163 374903315 376489823 388504676 390337927 407939322 409529926 418476579 435201643 436183008 437293907 439297434 439865302 456786171 461221688 480247077 491296204 499763003 507252399 512624890 516154854 519998906 542072823 548486168 566189160 578130370 587011121 605785032 615391573 628365425 629989217 631593643 678436796 680612889 682093289 687479466 687912817 701487447 706399605 721070324 725889811 727268424 728719912 730752320 731613595 739921455 742359523 760037721 779467413 798372569 807697362 812753595 814700105 817042136 822381886 823985912 826545234 827080462 834977734 837355719 852472193 860578814 862705546 863452981 872354322 881053932 881297022
49 971243289
3213349 11932340 20783354 22368883 24139726 29482515 31911212 36013335 58739970 66827710 68492251 85012931 90103941 102144139 108233363 113379856 115322248 119024560 133891243 142576087 143139507 146810232 148335020 154752324 173003812 181612037 186257952 205541585 211110130 238471259 261633129 265672680 271535109 278716104 283163845 287223541 292412611 342691844 358242577 372015196 383114269 385783263 389325248 394112580 426684303 439697861 445301429 458079242 470334583 474779016 488207133 508285181 510911204 517290412 525017569 533638701 542032383 543264870 543997902 547168178 558656544 561235118 567470747 586870953 596033690 603487574 613924326 615505013 624100467 638171084 643309712 643476466 650923991 654668426 659909654 666663083 671385553 688821834 709315698 711142687 752190335 766029963 778626360 792260469 805622010 816223560 826829976 849698683 864678401 874329782 885214722 891802464 897269071 902050894 922517450 923486566 935085580 961445352
41 687998268
1774991 19399690 28364544 28973014 36807115 44690008 49992513 54606796 55377908 60674972 62662301 89567063 90106714 97899063 98927080 104401848 109069998 110943262 111189055 117842548 134723904 139679788 162006778 170752864 180712325 181183909 182251757 186207975 186550305 197044805 205490432 209498753 225013814 227560405 250997706 261435477 274799198 281682113 289164081 294877402 298174532 308444565 339684590 340154136 344023547 347661802 348288204 358562985 361484664 367747471 371077268 375717060 380009295 385174961 385347281 408706152 412785447 413370844 422012017 436068550 442377076 452615304 453104250 472408108 487616031 496012500 505914894 510494543 514398014 523392321 534675031 536156682 537800041 563890603 570870484 593491776 599171278 640399376 670022382 677826463 682838707 683391496
45 985736461
3019251 12711809 22996425 43884404 47423679 52386825 70573307 78898100 80536294 80931796 81085003 86285058 92261144 100807120 104968784 115105367 126767517 141000952 148940895 153745841 167948361 168630287 177190764 178622317 180452683 229501242 233123074 238876130 240445558 253820032 286449547 287522387 289201524 299231860 320588534 332181411 337753616 342029180 352019185 354008500 364236436 374866225 382369001 397616289 402395057 417822318 440147643 451742306 463640340 484502525 498339528 498860470 520792459 542771029 548071559 553179887 593097185 609832873 620576913 636789328 640574723 665405625 671180454 691675437 701712254 705335332 706992947 711747732 730601320 738117683 747661993 750706020 781723546 788722780 793033337 809970195 888671281 901585096 902540662 917672839 925704773 928364589 935397444 953184617 953950733 975906501 978695850 979172082 979666331 982555239
43 654590748
15329628 26998121 40254679 45617067 47587805 49435040 57581925 59568040 65157530 65708435 68955026 71433498 74754803 75568917 85723625 88994805 96105146 103109636 116274245 132676158 148334856 148482570 151143829 156746980 161159999 166968753 177003834 179627519 180153905 180381856 183189343 185710866 186550620 193692786 194847874 201138686 213476744 224843871 250122503 261062090 263699230 279726891 281854639 287543350 295163463 296362959 300979978 304550921 314896794 327890582 339310215 342020935 351037510 354350825 360343812 374901550 375780491 379311914 380138497 408295815 409271162 444416651 444991848 448395054 462835351 468126067 470190467 479468645 490499390 498907483 500607116 504815583 505883808 507207565 518556286 527900715 540975867 553403604 568145264 572919010 593844413 608186929 618286603 626237939 652746649 653881809
58 797052846
2244432 2930857 9032789 9248271 12678653 13965025 18701723 36903673 51555231 55997785 58371422 66579030 78849111 92767475 93607855 96426021 98751362 100617970 108393164 110839834 112381100 122052777 137978546 143423737 145823509 152037978 155009638 155334063 157343884 170516810 183253130 186158632 190432816 195242820 203190075 208901180 216531556 230524256 236094125 237176631 240421640 240491561 241068732 242076341 246320341 251311960 256286350 264597591 267594848 270821648 274234958 274323429 284774521 294123345 302380569 302679730 305042363 313289649 313794538 338077880 340967519 343692979 350248926 355539159 358916347 366111932 374076849 382047339 385337382 423085802 430930694 435598430 448457359 452268846 454691477 455054078 496113738 504209306 507177181 512426899 512917121 522570598 534445859 536579237 554848074 561614622 568747083 571996129 593306867 599330743 606537513 610464766 613409039 613990691 614461685 620585722 653273668 653390582 659228271 664004631 666905946 691706070 693422383 693521285 701280061 716380772 716906441 725714709 734712141 737709769 738068663 749191156 757642418 777602047 779796277 780767157
51 504017009
4414788 4687335 5710877 8086456 10326960 12778833 13430545 15509428 22893849 42247017 47526792 49144987 55389780 62272059 65376835 66113225 76451916 78716987 83526166 94499235 102475414 119073410 121033302 128489506 130894528 132236540 137982969 138890572 143193736 153588292 156488550 160652970 163015114 172188430 176322162 185495604 189094289 194591684 218578209 225293244 231458951 238996110 244895897 245075315 245354010 251628963 259829927 262920274 263352571 270649884 277425863 282519515 288892419 294153575 295914513 296701593 300328404 301143651 303794727 305040730 306485472 312268850 315117681 322518905 323667820 327836073 331988353 332705728 336381471 337998253 342475720 347614722 347626547 348358685 352798869 361541705 365930888 366960518 370406084 381556400 388383740 392931934 393950706 394095685 407170084 408852140 408893638 411555014 411881905 416348433 423263675 426965403 439925790 446744935 476341750 478877325 479987900 488534218 488975236 489763201 494494788 494623189
45 624534284
10712579 27368100 30010949 31715148 44328627 47212769 50662285 59387695 67005089 77336410 80843420 82175482 89145377 98254823 101585650 102612926 115940101 117756948 121415810 136952594 146635149 150372461 151502410 152171241 180452434 183131024 191297437 203256240 211239592 217975333 222519192 224943980 228438483 230172528 238657415 239205487 254488623 274404993 290713610 290787341 293450052 299961904 300070408 303295489 308775718 315607629 326997575 338423968 338747200 341129560 344912929 345402351 355446274 361177266 363700970 368192056 371915458 378320394 381118279 388533614 412369905 413271893 427274135 432300283 445281014 445668631 446567027 446929000 455321276 462570169 473659865 485047485 487988210 490810324 492747033 492880070 501647608 502930326 525218244 544358766 547210855 560844348 578580728 585903027 587221972 587969073 588842102 592530492 616573195 619239089
51 822705019
6710538 16082254 29533237 31635548 32552914 46608050 55358591 56432163 63373716 70023845 70676035 75306263 83611971 83771436 86351586 91894195 104781929 110232890 117473219 118933977 144911554 150035279 157041827 164840631 176061780 177554774 185804929 207634743 208193917 218632636 230597770 238137314 238137337 238851718 240770184 241986488 257407465 258559113 262802718 269496622 310035429 314992631 327932463 328843433 340197260 341106665 341912838 344151638 346890191 362275875 374617394 384292145 386056660 386930865 388064021 390719386 391481074 401343291 423456114 443410351 451437425 452290399 464100361 494782864 502600168 511474191 522211816 527721268 537411144 547948585 570682123 573348884 573502147 574853377 575744517 578176034 600571745 603938998 606157761 613630709 614287537 628144237 629013236 630714348 630947805 644866339 649420543 660187349 670348199 671938091 697070350 721732367 728452454 731789302 747435158 759647800 765242502 768094896 768837902 781349409 806558744 807408886
51 642505646
11968593 15753534 15975313 17202877 27066252 29180231 30085741 41191957 47201492 47660531 53834102 54776653 57098202 65791720 85104108 91369055 93020907 97119699 104577348 107060603 109332159 114211529 125865275 132711001 144009824 144085753 149868309 150260570 156955732 157069401 162728563 164430021 173726915 183978806 188165312 189828213 193045912 200220864 213360588 215133847 215412068 228624967 236299386 274134216 279389336 280514362 282586812 282652980 292906559 295252724 301837676 309155161 317826976 320892649 321810556 328566172 329071622 349061915 358510010 367005380 372307953 379109059 391166528 406489898 407032862 415071097 420027281 420237099 428040961 436518933 440489840 443015651 444834759 445746028 448336826 448352184 461109299 488202418 506695565 506957507 507794740 521267533 527875645 535858289 538831279 540566907 542913197 555214311 555962941 564436985 565589356 569896152 583330562 587906171 597103612 601070552 603190707 615144137 632667996 633366569 636815515 642411439
48 812425523
4162242 10840746 21733775 31741819 31965236 51313893 56585359 60561255 62220115 67513450 73485150 79964252 86906898 112994358 170832542 172780722 184363818 184638851 185405538 198017186 212141897 213880728 216424517 218074659 220080677 224727671 229656366 234069231 247690198 261143966 269241984 276604250 289530346 301248898 303584586 305699336 313327223 317820361 322673179 324647754 335415516 338138717 359359814 365070198 371462313 379244188 381732740 407202707 410725429 411267445 414164194 422015555 437296454 445035587 447878545 447881819 451559741 459646128 473320067 473924864 475441265 487018319 493611458 536215691 577281435 584609483 587226223 597303847 599211570 609033777 630069961 641281143 646645010 651075744 655986097 665769472 667330576 668330039 669409914 673801243 690139010 702022806 704779133 718723237 734732888 741671730 748944270 752374878 771363449 776187908 777107543 779280621 779615191 781421260 788867178 810512668
54 941925937
19190617 20694489 34751565 38700858 46658773 50854620 51328224 60231665 66021756 67797596 86990600 91825326 119142896 124904799 134427152 140066464 147987834 148847007 168371950 176440755 181822821 187867736 189913861 192715083 195193002 196226762 198273441 202469380 218581071 222805574 227085058 235230496 259989577 260749045 282040264 294992301 309805247 316371646 316592922 331326154 332215598 346911025 347753512 363754294 365318292 369075558 377278377 399090588 411384035 427226568 433223561 434312395 440484677 449233563 456610015 466322031 471395650 486269505 487833376 520736926 523535112 530914202 533681730 538621915 555277280 555598181 563032943 567400806 588848206 595729521 602461548 607943452 608551073 611068691 636485689 643300722 665281807 668582593 669809990 691850599 692362805 708734729 710231631 722941913 746031244 778348281 785231320 785425767 801877865 809051473 815579131 818783375 821924162 824969034 826437846 826959308 836613678 838158504 843437339 844589489 854790405 862346429 863456662 877158787 893502071 907265419 909378480 928537784
52 524718778
8933370 12658524 13363826 19666571 20885484 25458319 28749536 33432290 39016263 50987633 61023102 68657596 72853299 80211681 89971249 93786246 101741620 103874002 108764732 111954417 120613541 122862863 132216180 137931315 150541924 152711775 157062503 157104429 169651381 182867677 186451744 187776442 192033366 197151891 205086683 207859908 210758239 215448320 218073999 220362043 228835820 229031448 233191648 233556311 236179379 248820084 255931882 258236132 260418662 261245170 267942919 274922010 277554139 278153274 280774978 287866891 296549697 302525921 309034472 311285722 312770509 319936857 324814216 325464163 326407721 330828322 334817465 337989715 338261153 338374620 342965264 363411212 368757293 370771154 384386984 387621589 391586815 399611839 407029635 408954222 410857142 410943013 427548158 441485723 446033735 447064861 448831871 461576745 465930733 466456088 469792760 471208946 477127212 477562391 481870734 482489358 483281231 493896875 498763607 505270784 508335221 514469553 518181755 524609848
54 519577364
13585621 14486211 21813721 25410329 28963096 29793590 53122188 54385018 58672171 59186890 59426345 61078621 61936577 74832061 80613050 84204686 89506291 92947956 95017478 111129975 116372063 117914027 120447217 130161225 130769868 136048161 137009524 151898581 151907825 153743405 154206032 157975434 160876750 166500749 167847681 170086921 172100719 173264959 177414087 177959471 185206913 190259991 200542540 201632454 204896117 210322794 211899465 213653966 217364511 222299164 231345727 232827018 234500028 236522921 236720208 237113865 240986637 251079930 253808751 256341804 262671168 264148102 275741971 281948590 282277635 290067544 293625801 299164575 301758824 305643374 309644090 310809145 312967810 317192863 317262204 332111348 336643968 345167462 352820210 359302852 361891486 375543069 378455388 390894978 396339503 396923973 400450320 400854503 405676585 407886276 414533988 416730771 428104595 431717721 435102480 447349851 455204006 464212998 470454356 470567212 472641907 478604160 480512649 483961125 489287067 491936200 493219414 505371193
52 872225631
2566299 4752410 5479614 5940373 6260910 8378552 16516465 36049713 47514755 50646241 57071469 64521650 86353143 89798210 97321208 98518355 98760556 106418130 114583802 125834001 170648248 173711540 191312758 193193167 201388097 207868848 211461246 223565868 226408529 236514745 236819601 242606969 243327333 262864976 264868015 276150046 288618490 296145009 302343455 303939853 309156349 315332009 342681817 345987178 372019165 379832258 385001892 388623942 397386675 414439341 417512022 419016355 428004422 444240163 444972968 448034058 473033839 488721845 497763344 498169479 505352376 505520571 505874284 513612366 515516213 529319794 540214459 542302621 554512893 555264160 571763049 576505234 587147317 628562734 640029484 642017890 669103383 688702167 714351037 724221362 730306096 732056512 734101965 736292550 738385799 738489555 749856835 758769947 759644144 769601543 783942473 788668039 790180316 790301955 791049111 803912748 808881385 825640985 825936263 847245319 853732423 859385095 861659253 865123152
41 770172188
4618681 10688680 29903686 34515202 44304737 50248852 55732911 94363110 96563981 101892350 107011563 121355786 133051617 149093681 157424631 162678593 168199382 179720966 182342600 196521171 203960267 232754903 234547251 244416834 251662624 271748748 271780489 284670442 285942938 296353120 296595079 308695508 317079078 319638732 319975256 350903525 356815094 392476398 404106359 404771000 412673794 423188098 455613889 471206351 473795536 477687495 480639627 486720662 487401651 516092784 517855481 525582045 527755699 528616537 554024229 559740074 573960863 574450218 582019663 585223017 598723191 602164321 611700563 629943947 636130681 637029221 639920083 644615128 647241761 652611960 658905716 664426173 667013616 692841549 700907837 715314010 715517980 721704626 724555432 725661473 726296293 748554650
43 707022854
432290 17974393 22595848 26109906 27612860 35388574 38033449 50005443 77693639 80955947 81251421 93693549 98368291 102110957 108177998 127248485 127884707 134628986 136674369 137693860 147715761 149788949 150955933 168533318 179234207 191515907 210417244 216848676 238174439 245476335 248621768 259170633 261356846 262831309 265124721 266439883 274924666 286530924 288210825 300825757 309660423 318914754 325241480 342614615 349154304 359785711 376106845 389547063 393453671 402813511 404057742 408180429 423404120 443076555 451522064 455183867 461367030 466207451 470579077 480393115 482199716 483686180 487268200 490481187 500059586 510827183 516762790 526979663 535702586 538487740 558680693 585124705 588424529 591886038 604417818 608232848 611718799 623396960 629564274 631327216 634642417 662422964 680467714 681945197 682215939 698335064
41 880354761
5191703 13505145 19381653 19884946 20348096 35519451 36055603 48079650 58920109 80393154 107616985 122871041 138614116 140718077 151497844 157510349 167813296 194871773 208460405 211206314 214981983 254471789 258325543 276771016 281675976 289550282 309457483 318273053 318700440 323934893 325752195 327409050 365459130 366630626 373059485 380180835 391696999 396993754 401202497 432906039 443271823 459704282 470992192 479840709 485412108 512855326 523482534 558775687 572224718 592571428 612830322 613664442 613684284 623732407 626373771 626859962 631705403 644067255 648923427 650644804 654132233 665105704 676436851 696166034 699635296 708472868 714482853 721956737 722196171 729088687 732455047 754689511 758891611 760608031 764139594 771956971 798271698 802246551 802561446 812937690 851537398 868575922
47 607492827
1276067 9100183 15516211 16146150 19730063 21461474 32289058 48964555 63113401 68753084 78017780 93101480 101763142 114611355 117966470 126289322 138653301 140983591 142136453 149389951 150137983 152267828 162232083 163981942 172495019 188321703 188786477 192437033 195882498 209784185 210572164 212287894 214529433 216113619 216483130 217126388 219316837 226731182 226863769 239342881 240302199 244228266 251465946 256043389 276670596 291880069 293589196 293914457 296888332 300513382 304851795 306986794 309818344 311877859 314964914 335160903 343147603 350528651 355326831 357158029 361426528 361515696 361648017 363132590 363180099 365653883 374031643 376391634 381448533 387948791 390286146 416328553 417257869 418797112 420054554 420888497 423145262 430399936 437897469 451762859 461625580 474773522 484932475 496709881 521440461 522005824 524978360 534706338 566184940 568681612 575573766 589887687 593092347 594487244
68 901452620
4345414 4716566 6512436 11724700 23247141 31984920 32607080 35516840 47111054 70211893 72908173 83972787 97778334 98193910 100191949 100317045 102633540 117626062 120277667 129197129 130607347 178535977 180935549 186637194 187479702 187514913 193452305 199623547 219294646 221232977 221942626 223941665 227700814 232156235 241612683 254952528 258040448 270169058 270628947 282353764 284532432 302803929 308287290 313462670 317349478 321869373 331739032 335185467 338179674 339868902 345497954 359640003 366968594 371772086 401602787 406979777 414856406 416536853 441092687 443124672 443762279 445028728 447990117 457390602 464912450 490147460 490497485 491503269 492808136 499362523 506676199 510855023 510879630 511271735 520269467 523510505 529286316 540188896 542595854 551829422 562805644 565821764 568659277 586361058 586848090 588483604 593250571 595253311 597934597 604038671 607220153 610544696 613014205 630770332 643595743 653850677 657449982 657949049 662394149 665100879 675772988 676394860 676569524 681081192 683963550 686614492 695681361 696833692 702390862 702842084 707380457 710816345 714632500 729150304 737426491 740029597 751383784 753469318 755214484 758503733 759994617 764695895 767515825 788568690 790401940 798304366 801491594 816807437 828295602 835245062 860763716 860887811 867206677 869151827 883850040 885312290
48 663443481
6392195 14905909 16543584 33496172 38307827 42589126 48886594 54903220 59240341 62042532 63453550 75993316 76872438 93451328 100228442 123034597 124284418 134058318 135027023 137767614 141880177 143904791 157835661 159946182 163621948 190122496 203355755 218951599 219206760 219387650 224514490 232360661 238154595 245273825 247516039 259305239 259370852 261332329 285355747 291032140 291807550 294463002 303634949 310636821 338053476 344676913 347301953 357757187 363206455 364087465 367849094 370640014 375794227 377191256 392704152 410802459 416580836 424947628 439697232 439926902 448575658 448852846 455905876 464266681 472021472 473005232 480137314 484600974 491833325 492142601 502622053 507051343 511366987 517574414 520064840 520275723 538817848 549869319 559471243 567184726 572000568 572185460 575415362 580381421 586998197 591730346 595648610 595745126 596592379 600506635 616831660 621647873 621813857 626183090 627563537 631029187
47 869454765
7440660 7857534 12862637 20634787 40545974 52649062 80842736 96405093 133091610 137252239 153096565 164675938 176858407 177768068 182844591 193704169 201975272 219290307 222441166 223900682 229943066 232045987 250808315 264392920 290138610 292819352 305249880 311710045 320496511 324607247 325590012 327230475 330019636 335080535 344069573 348315751 352260595 367983454 398399382 415104422 422293323 424620515 432000347 432317061 441287738 441318851 443114054 449186825 449919002 452253216 465368413 472570813 480576755 489198911 497138317 502499843 519035581 523122796 524539186 533920738 537094772 546556952 546948085 557970818 564370720 584088791 585834066 597802371 598656939 613134505 633296315 634174632 649384199 661986288 683746212 686731592 703388156 711642235 712971034 717916951 720003705 726983254 732400629 735625189 735674383 738229718 745388101 750109760 795780298 805239039 815215179 850288687 850826461 867697225
55 741501538
17475213 21626234 32643160 35601404 43360607 46889639 51826695 58728283 63537920 64306931 69999790 76143170 96929682 106644530 112710324 118217965 130713857 135483459 163880087 168887296 170486724 177507860 192147067 193998526 195390946 222124430 232888479 244841635 245746745 247022938 251807268 255381531 259477944 261286053 277431165 281514882 287804657 295700588 296392511 318289446 318677638 329695521 330613753 330706216 333104206 333674249 336097403 343413532 345957668 351900312 369808176 375334177 386454526 387433263 395851204 415820529 419914083 421342781 429994158 433291252 435798161 437506976 457936598 459822464 462020568 475251888 476594554 476872000 481427573 485048851 488362999 488654611 498085067 501221628 501258383 532817120 541221286 544234046 544658548 554333997 567234974 567551023 569550800 569559471 570672748 581250768 582883302 598502226 602877165 605059580 606977885 615497349 617834388 630787132 635281854 645438606 657178740 658680613 668751460 669093879 671584196 688004240 688156690 690124787 693460722 696358711 703384209 708598526 724951761 728989700
42 655459732
20663005 27303531 41448255 49644144 50486403 63196010 66785208 72419877 90975603 93447606 93909838 94341159 117988453 149524285 150207517 160423284 161967771 166220386 176804176 176947335 182136920 187793418 188693275 209015485 218337735 226206120 227613797 230033801 231674280 257795660 260379282 294996040 296552381 296855470 297369502 301416132 307684844 308854355 309066929 313719342 328953881 333595711 334221517 335260075 348559366 349788086 354371197 362366499 364428489 366913549 382242766 399719481 400855385 405720757 411493018 417610113 417991616 420359774 432082596 439730860 444838627 460653198 462923276 465887491 474117289 495024292 496646743 497323502 509044433 521308065 528473015 540288330 543545359 543611759 545591146 549399779 549518993 560697014 583980808 599398602 624313086 625468775 633678993 645288216
54 904396195
4403436 7969697 9547892 16289015 17437684 21014179 21390437 24391274 35565061 47410943 50830169 77160710 84121332 84400773 93021807 93838755 94023271 109021171 131171620 146068503 150315584 150947250 151290165 172658439 182051985 188270701 188471243 197818817 238510128 255360055 259347974 277040496 285494319 287381314 292804883 299604859 299620395 304456206 310353788 322827274 324277184 325551064 330706604 335187535 339252067 345481155 348236298 352406530 364437789 382401791 385598724 388677153 401723116 404475024 404967716 409103640 430464192 430675879 430869489 443732810 452789673 470311953 507537950 512367596 515193257 516239934 516441410 523210237 525037527 535747886 542683447 566078679 586803362 587424458 594549804 597265505 606622307 624613493 642652037 648840450 651137938 659629830 684412948 690030465 696739870 709746263 727546249 732989959 738420131 758098166 769852515 774758641 777102348 783093431 793477275 799434782 806050457 806272952 811610025 817080383 821233991 832911010 845502436 852108716 858108145 858425522 861267907 901763394
47 546489049
7459214 24687185 26902989 33246233 34512399 42403765 50100638 56846028 57224137 59540958 79047945 89422835 98375456 100843100 104603394 105056968 118396441 126645481 135494359 135575701 138172176 159693538 167467509 171317287 172438469 173890531 176352258 186134988 187374742 205835723 206074957 208800915 214398775 216693764 223851396 224830396 235862510 252759026 261534305 261895900 262161027 271212247 272682387 273414153 279223767 281681070 283676139 289923170 294281078 298767577 309851882 323840750 329430069 339347372 344526544 346919640 347160114 353193968 353712526 354086235 368599300 376029440 376430370 392265179 394456964 395090777 424747097 429857151 438976787 444953039 449285110 453245163 457672676 461081621 462081166 462875358 464652121 473634823 476108219 490479409 490620899 498388431 501382242 508172648 511777504 516281666 520149518 523876068 527703417 527834546 543279832 545327955 545379245 546412828
44 726281261
5199594 8513560 13595591 20457865 44053047 49576655 53766935 55875984 72736549 85223949 88225321 94986293 126935577 145322473 157104494 161375452 165750729 168583294 182453558 197331113 215028071 217511778 218334340 218534555 221021778 229861172 245245282 245941508 253249733 264143987 266160022 268874318 273325010 278366281 285899402 291513078 294303543 296307325 297449701 298900553 305097035 308505649 342799450 345383579 353220242 354452464 355001347 356010936 364466685 377074288 381644838 397616063 400389018 404447107 413891345 420078421 423563449 425602810 434207727 439339949 440280775 453693957 456725787 460828936 467757564 472360949 483117110 487516567 491796075 494552005 506369956 517350331 519880494 542274429 565831838 575683113 586206667 595995378 641060296 656331372 657733537 665115177 674767794 677733857 688901923 703334158 711157290 712997735
48 663071089
1369433 12136671 18800317 19448927 20991422 26660949 32584187 41107746 41478868 73929397 75260520 80194822 84609313 106448573 112944085 116625566 119206052 123301381 125266032 127400185 132785565 140829717 143768563 146026986 161388583 172718676 176025703 176887337 177813772 190495191 194137287 196106667 198207471 199702988 206735358 209624908 212570028 215723802 227274249 236092928 244957103 245172793 247233073 249973057 278816097 282099752 283022432 304046777 316665413 318147780 329620132 341909056 352962521 356884147 363801045 369976309 378461766 381969447 409674049 413878716 415024288 423531116 429368136 431477775 454887120 457857935 459070090 470297901 494518817 496161694 501918064 505086057 514169213 516991854 527992383 530018930 531899484 538909949 545313793 549385168 560290978 561426950 583053375 598315645 600189867 602172420 603100036 623433473 627303473 639622646 646406444 646579164 650453192 651124961 651756388 655020589
57 598229781
4854839 7650021 8453403 12081676 13326367 15799828 26258220 29441806 30482139 31651828 34111672 35736239 41721438 42465419 44249569 50954768 56793822 65769078 69562399 76164121 76375855 78439237 83140224 94629737 97046562 105605997 106379367 128336874 140530215 141838665 146775691 152818456 154521534 157623137 157630656 167170740 172554350 177656928 182434722 183155594 183462527 187935756 190298964 190479877 207100191 214775583 216565766 218679580 227972566 234827876 235379963 236277455 241824304 254050241 259560204 261497100 263638861 264708299 270493528 272017383 274496836 280639526 288033268 298772126 299083553 303734095 313886496 320241925 328980671 335872563 339285819 341341506 345717298 358348258 359217008 359600094 361763642 372521867 375971840 382604215 382737844 394176908 400780991 402446591 411641470 426043386 436858619 443636075 444040009 445697171 446442200 451004242 452640168 461468584 462381479 477900348 483157022 492753786 493993233 497311722 502004141 502604891 504057836 512742435 514260993 515617915 516035082 535877621 547803915 549557060 551886995 558844124 585846647 588954156
56 738454325
10200487 27288931 32314279 54766767 54900067 74783424 84500997 92302421 94647760 103056918 103674845 106787200 108758385 133678595 137781099 140736899 142404526 146281883 146608536 162725364 167896990 169963885 180061908 180532284 191822432 197581259 199712367 200710083 210841892 215019100 216465622 219020439 233475221 233601881 259799766 264028434 265382726 286805946 295561595 308247298 308816020 308967740 311168605 311615190 323447578 333215237 336371343 355867486 358704683 365668672 369765343 370846339 374267337 376620036 382353325 395503239 396173626 410971814 411277116 412813586 446284663 452264874 468156510 468491613 469468475 472488425 480663239 481063640 487211698 490702789 491753571 493764025 502166512 509201954 511491053 513347249 527215332 535870264 539834664 540364303 543066488 552269265 554797872 565279214 581434116 584238706 584853952 585995522 593712952 595058846 601442967 605589798 606479486 612837222 615623365 618227794 618904334 622683370 634700215 637415637 652965717 656917506 663326862 685323086 688503654 692480324 706254191 708150662 708938272 712763385 714986715 717549662
50 990449282
27350137 33406225 40605245 52759149 65717356 75336473 92519497 97592501 104701795 131996028 141957054 153241575 167998712 172661638 221852100 236368804 237104570 237248092 238321907 240459847 248202171 253291399 259528778 280895172 296149304 307554542 309177093 313527031 314959379 316753085 331011045 348946468 354441693 368458154 372351141 379477121 389704538 399586209 399654435 410666532 412459561 432821427 435290649 472336987 474656188 476893637 479451217 481311960 482024260 489494663 496753372 505850143 506442200 506867703 522215978 528883674 535586119 541238485 547704795 548789966 562707690 568530012 572283042 590394460 595900955 602529878 606785003 612878665 618382298 641001627 641003828 653704347 675175201 693572136 695177435 700133865 704677260 706933017 708237588 709569514 720831364 726401178 731635915 733336860 746608275 759263979 764289681 783646219 794128483 805815366 827753454 853022788 854893258 878943735 890375730 902818094 925264421 932983122 949764653 955471867
43 686225614
142996 18445476 35746905 36698518 48084628 51606738 78984024 84673797 103099279 106527956 118843631 122991157 128938639 153037305 160472959 167705346 177203718 185852289 187483022 208152801 212111495 222026075 226284572 226286045 229418869 232289196 233616565 234124813 238630499 244766782 245383108 245851306 255981131 284427416 291419278 293922085 306782638 309417970 309805231 310306336 313025070 317346248 331670026 338463286 343658864 343949257 351313069 353842933 375997266 386838684 388577721 390020577 396973106 400489267 406228566 408564324 411285980 436181324 444277715 447426020 452525723 464530254 465726127 466388449 505157105 520673524 541291089 542986792 543245643 551939099 552239583 559372080 567525430 569299735 576278442 612765261 613761240 629070047 644993982 646442063 650108291 657060046 668803405 669678628 673278225 678241906
50 727481341
3177732 5365129 8978283 11845620 15200737 21004468 24740005 36014388 39609923 66802417 68016848 85891387 88117817 94739466 99869994 114103012 140989621 142552263 163629179 169280044 176951328 178165490 178379237 179693060 179810451 183938245 186300403 192109173 196955116 198204288 211211176 212179237 222750394 235032765 256977470 268296908 283238080 287600813 290619238 298659973 300473737 303393248 307780601 314755111 317550681 323261878 340912998 347551062 348859055 352693031 365061098 371602360 386113962 390180807 399780306 406963347 407392111 414822264 432603349 433978840 439920412 443850690 450742742 464827375 487030846 498170727 503398472 505381407 513695794 526863841 532270357 542234408 551073782 565347970 576564439 596015103 596900059 600929992 606584637 606905870 611977607 615395687 621733698 633040295 634115985 634908258 645961250 662109360 672388709 674455527 675452310 676129920 682612139 702936710 703658763 712767867 713667090 716477905 717178801 725465185
44 633949044
6090807 8445156 16942330 20716822 23061571 30046494 30658135 35913244 37066185 38380420 54955102 56646902 57982799 62816762 69075966 69998782 81803331 89150635 105009269 109830660 122744775 132283891 141581174 142515789 146570101 156732546 172349214 181446460 184956202 185338091 186050949 189184038 192737381 210836775 222270876 232527541 242154851 268914820 278981985 308184788 309974941 315773114 315914710 323502278 324445626 327307888 328747937 335522564 337245601 340286866 348384861 363320473 372557100 389805194 391993979 397306371 430295657 447466228 454840399 463391368 471518523 472494468 487919534 508906990 509882180 520465257 523100228 523674374 530705943 542198784 548609227 550741401 552482177 556669336 557172258 559536877 577791523 581519514 585446998 594558566 596184700 599384922 605987095 606469740 608856367 612065282 626505102 629780707
56 556745482
1421685 4382550 4424216 7756862 13319679 19749864 29611146 31049586 31235107 38560523 40395325 43448488 45471674 52018845 58170348 61745741 65482811 65549452 65723383 67596734 67735729 70151505 71762829 71877597 74779870 78102874 80909731 82905498 99013118 101289280 102555002 102966789 106316105 106592726 110190133 114272107 122703780 145425579 148591856 156829359 157889022 158192020 173659079 176182707 183491902 191768251 191932626 194866708 195721746 206262863 208827770 209353737 213169647 219628702 235192951 249648252 250221562 254308195 255096719 262299965 271214975 274067825 280029150 286681301 286844360 287125894 288620750 302404573 307994274 309995868 319623611 323167722 323946007 334933479 342875232 346832037 360701285 363224375 367394581 369097148 375102040 383971595 386789713 389541225 391660639 404413036 404764860 414614644 414977187 426574086 434518972 458891393 472756262 474985874 478178142 480327388 481252343 482455348 488201316 498702739 500157200 504202702 513004151 525016170 525250414 533003889 533445960 538240968 539306523 543786337 550736150 554469748
50 971261166
5446436 11698376 25824795 26951447 29907300 51395305 53487082 61141863 65773267 73988022 83572478 85938500 93105389 95459516 104979460 124146564 126790454 144345801 147262543 154858943 184894503 200537465 214590615 240785504 248821254 278952312 291148361 306674662 316381953 322470772 329128296 331042187 336201375 350555290 366006186 366209847 393623042 396748978 400144400 406115483 429096883 435873247 445743154 447644715 453036116 467075209 501096598 509139763 509973331 509976964 522781742 523581297 527249456 534230525 545600459 552720022 574556892 577049538 577555708 595813725 599585766 607653549 615306205 636906098 643000531 647687751 649258668 654246175 686719606 695880535 697877473 711862544 715491768 716222296 719404985 734470161 750348802 756013755 762865212 772818525 796873505 805298930 809423887 812881045 816140544 830372794 843365872 848071539 860314579 862810482 863208404 864127166 873199646 886932489 904202662 932061865 949648742 950390270 950392227 965817183
60 661426052
1566143 18186012 31971395 34872696 37544308 41584850 48203846 50935527 52995906 60873191 63473503 66054957 71957073 77404202 77594732 83733812 84219684 84545958 85653248 91914353 101329677 106661924 107789806 114764136 121128832 122998084 128757323 129254049 137485376 139547282 149399738 154129087 154301972 160637200 165394264 167431655 168532224 170485635 173316952 174024080 178916246 194629214 200252429 208690910 209273108 211165619 212526439 226144508 231950430 233304419 239604433 241194810 244599120 244863935 250268351 250410276 255997749 257192217 263070116 264184112 271520168 274407445 275085849 277340754 286795712 289614798 289746383 294979058 298856746 311650801 316564808 318911132 327425798 340418075 343999210 351762155 351849007 356327416 371755271 373845363 376103439 383098636 384339928 384641669 385757204 387413927 388783873 399360489 424359113 429045305 440553810 448643276 455693072 459749982 465224603 466047716 468320324 468930394 475452717 482118175 483614392 485102516 492808389 498539136 504253733 508883736 510166694 528246987 537055209 543032532 561255428 571949968 574099195 580002991 582344512 600641194 609017302 617943464 637711836 642966156
56 845875885
5956524 9240256 11117069 11965618 18342639 19541857 29490560 29500278 43621246 60014027 60445988 61138759 63930957 65720727 84834267 86167956 107622980 126392061 133379692 137515513 139000605 143194179 155750227 156592594 164574128 179773170 183256927 197612893 227327787 228693841 228832571 232686502 245283776 245910816 247347517 250348604 256327154 270101873 270193726 273596010 275109734 281101238 310912990 313283646 317728544 329722411 332382588 347372448 358261558 359108454 369936854 372046163 373801990 375691394 379287286 391864790 401047899 403522908 419953794 436948505 438512996 440573989 443032427 451836545 473911048 477519301 481182769 487296561 490755919 495791622 499475484 501776316 502534713 503811725 505762187 519805748 521988338 526843880 545593669 549549691 556578470 557260866 569671293 575821543 589900020 595997959 601825228 604703446 621128294 628996507 645622718 656282999 661527811 687645404 690335520 691557060 705027051 728014971 736933172 745337678 747375072 749379758 751715869 768069106 769485292 785040243 788637019 808390305 809600100 810700527 820661357 843829266
47 507989699
4296752 7601950 10230674 11002611 17031218 29626872 30142007 32698767 35952518 36484719 38881682 39784228 40589951 51375309 60262822 65072149 72170596 77538354 85477993 96449943 97856051 112088824 119723706 122047499 126813796 144613433 173869581 175484919 177217609 178961336 181363204 187136866 188671740 189056274 193035386 201196376 201867267 201986183 204776006 207301174 213608021 214243899 230568374 230820559 231749145 232064517 239508466 248179318 248212042 252641838 253234631 253639120 261946473 263556217 271638820 287139833 288242218 289876802 292006506 293108046 294697022 305648415 320226286 326811964 328704738 338850400 341539877 343981359 347770901 348193922 366735900 373669627 378585545 380256576 391217657 408208958 417947085 418877876 423669370 427831544 441510643 441883477 442224748 451759718 451961833 455053900 455719112 468235064 476952836 487329131 492306302 501425742 503460741 506293292
41 512882135
19621232 20571751 27931818 31561002 32736815 32911704 34195188 67048428 77575524 89357131 89871334 92842877 94215778 97371704 97972070 100119798 104405436 116483178 117847101 119858278 131320562 140212923 142995477 171629787 176376878 178560037 182226392 183793989 184252397 194306453 197109529 201355257 204733025 212095632 214771765 218275340 221078888 223124183 233384059 246356457 259809956 262952413 263368420 268074206 268946753 284824219 287375286 294178949 295568092 300017287 300304768 306088032 312750430 318881081 329270867 333506985 333971490 334147466 340070446 357841984 358129522 368914622 380479675 388168921 392351209 404804059 419339356 424502134 424559548 429655579 432024409 445726439 457724673 463799561 464642410 466538007 469809652 472939162 490080412 496306017 497259525 503325377
51 862911081
4487069 8187852 9543102 22399837 23844835 24477727 25763826 32680552 33509453 45250541 53582270 60730373 61903369 62956829 75304366 82557183 84458444 109209294 109792827 115545451 117392217 134059478 143367192 148464264 152385290 152476219 156596293 187224027 195087191 196081796 215335834 218448517 237386119 246137590 249820903 264488423 270591966 298229606 339336806 355839296 365679186 374802845 380305189 386398368 391713825 399147961 419306271 422203662 423366660 424157863 424466575 428542160 448820383 451930044 467083042 467797857 475120158 506837774 510795688 514846264 524097525 526562242 528334079 535260653 543877255 544018691 550934052 552090181 558474166 559080184 574701853 586889771 597973667 598257363 615511113 618231532 622232224 637874206 642889839 647093310 671323397 672312652 680555323 707929864 719066212 725266836 736779486 741349593 744088671 744582628 745562886 748401456 755346036 763116169 763574730 772797564 792320609 816480021 816665111 818614738 855529969 859051775
50 876042640
2226410 10416322 12056030 29260807 32471489 35520719 44118951 45458647 68504090 72459418 76443218 81431625 99327070 108400300 116459362 117960764 126473533 147188887 150777913 151609189 154729391 161573573 163232532 165160488 170475908 192882424 195056022 200565531 205888620 207023916 226991825 255014879 260452220 267026353 270847189 281947981 284657079 286106993 300416189 305453384 311288150 318767535 336085981 339942284 384523459 385641078 386843894 389351146 412170453 437410274 454648083 457551616 477452931 495416545 498332475 514796155 517294400 521811980 534859795 541459630 547263093 552062151 568870883 572761746 572956829 584058198 585102234 602123744 622510975 632257266 644198719 645589737 649257301 650538723 657648399 658649390 672435222 679508168 679683468 687522602 724631677 726019388 730844777 746364970 748134074 762502540 763172994 764909021 765646954 772282715 796876038 807802836 810707884 814109030 820511027 849308215 861168846 868146359 870551511 870609678
44 807310463
5140165 44190619 50530692 60182427 61067584 64408091 65338954 68608397 68750116 74913296 86628565 106996909 110065287 123791022 134270179 151482295 158521053 187184734 200483018 212283606 215422451 215907081 217442304 233689846 237896214 239351863 240950570 272860116 274452486 283369014 283633053 288331794 296012714 296637733 336051187 343066445 351681815 355889717 359310667 366344392 373592502 397402064 399807647 400988186 404645849 410962803 429891472 431190026 439387895 446329961 480900148 486950483 489475496 490957272 493478992 494888502 510503997 520626808 531840651 562440658 574956196 590665584 591817796 606876916 610835276 614864938 623947546 626188367 631412522 633031918 638585571 642121613 643796290 648439096 651960398 671672167 700536310 704423711 714915672 715870541 744175999 755081142 758613081 763669536 772281991 787498739 788920590 791171316
52 758815008
7016355 17854312 31391670 35938133 43300408 43544211 56605156 90062083 105072300 105328423 106953959 110039478 111310891 112143440 115908172 116082550 122770655 132303361 134464194 145029172 154891368 158706607 167879852 172727983 191323189 203529635 205410124 209484082 213384093 224741653 226188999 226264761 227181790 238595101 243556952 253340087 259466617 274775515 302000730 304466826 304866167 306305870 325781611 329860935 355040600 358951137 360873530 371084671 383320760 384750322 404030798 407416560 429748122 437089478 457449373 457855611 467073207 468280651 469146324 470895440 484610906 495038505 495064859 496744840 502969812 509211081 509429332 517778503 525961768 529311136 531917127 542206120 553192615 554878318 555656578 560455194 560722465 563755895 566209040 566983700 579334314 585334764 585612552 586395604 599376366 607480198 618051928 632492529 639526289 643266893 660761393 676258017 677488372 685907280 692341632 692910089 710770359 712928923 717923792 735344072 736014709 738620942 748577667 754851926
44 535382136
2896851 9616874 13202831 18153686 34064265 42824830 53083645 54824756 55272358 61741138 62697516 64359101 77234093 78105976 79482297 86079712 88539720 95146746 101735973 104439490 104934237 107536210 111093644 112867876 114035512 115381995 129182820 136652220 156462166 159669147 164054419 176998326 183959670 191089880 198041140 202202310 203186979 211379683 218084166 230726416 253422946 261496028 263667724 277222185 286320290 286393743 296264797 297483618 302037228 312614207 319640912 322515764 325772005 327413329 331541446 332377269 338890995 347252248 350623988 354398515 355291053 357749519 370270697 378567017 379928109 385751569 385827129 388062785 396307739 419216166 431853672 438971085 443292821 447227857 448084382 453062969 457410692 464305464 468933777 476135498 484266442 485918492 488973229 517565290 518035474 520398839 522794612 527699026
50 927128444
10729722 14560118 18339563 31431873 42288875 54295337 56540545 63822546 70430601 73295157 78709933 78842810 79725953 80151003 94072753 105805940 108522083 113304226 126307542 131181172 149053361 154009054 154987910 164255883 190817490 194537118 208766121 211765928 220476267 231055387 238252180 246802875 257207614 266398802 275781822 281250112 288769649 314108474 358168399 367573872 393888808 402328490 403255850 409886774 410318859 414832210 417525263 423805609 429537729 441294839 456191028 456271042 462685785 471206004 475489245 492210760 494957661 497181968 513132469 519505382 534850954 536858225 544080409 545718863 546994817 562705041 565103995 570390439 578646513 582436690 586374805 594258996 622660028 623427107 631175538 674997486 679840568 693089804 697888933 707718495 716863560 718688363 720930031 727005055 732189929 745222092 764539878 770057072 786063042 794324433 807732861 812628955 829496129 842439156 852476636 869347793 883199989 887639873 906308399 908598641
64 752376525
2221507 15524117 19416567 20170484 21017920 25777329 33636850 34255325 35914372 37173253 42498668 46517891 47799226 57247561 61014653 70798522 73366622 79790742 81815699 83956540 86937026 90903791 94217209 94858820 99465373 103737565 106512245 107161487 112669508 136684665 152893843 168810604 171240181 175170473 200131529 213116516 219848264 228615348 234342969 246883275 255335538 263396044 263741229 268027020 269507205 274235891 275288768 275559423 283333101 306522291 312898751 313566460 316540579 316672264 324113048 328271521 330199211 330430170 336946664 343609366 346161088 346752788 358439248 361868280 362644124 369923234 387908014 388854575 390085144 392171030 398769024 407420477 411978791 414238095 416827990 418889090 420222568 423206467 428218315 428376738 454116198 454375152 462738235 471427774 473647048 476191687 483752488 484501893 506188402 518093885 525577641 536016923 537056255 544868158 548360655 551679151 572262301 585314313 596625086 607029273 609949631 611012204 615741905 617045679 620371651 628648235 646425887 649718483 650191399 653005754 657237927 658402460 659619292 661933769 662771696 675727635 681661644 684071970 684698885 685524797 685610018 695438440 720350381 721848129 729829158 741192665 747187331 749275699
46 865363362
1867049 5182015 12350058 30760254 39779019 53256091 71142261 74873758 96699298 109973568 111389088 114226586 123013579 128674342 145307548 149667868 155340180 156504016 157120806 191608448 201872192 201929540 204108231 220099411 224926884 268501554 282615879 295303086 327723093 332176275 334503236 345372838 354238697 357262230 364147052 381931434 391025125 398780457 401707406 410694331 414404735 415401654 443063305 454491362 455007575 462372555 472156698 474102317 475333602 485272756 491582417 495986382 497475255 497925844 499835631 513945608 569339997 595054367 595417289 597521881 607307067 615959197 617043382 619496219 627145999 643217157 659100875 659135986 664068719 665973434 691211517 694508678 711165507 717094366 717318620 724179702 724337943 727553525 757052459 770150272 773980235 778819878 798134083 821283927 821795898 825138011 830870787 836636415 850383341 856531068 857230092 863855647
42 988279483
9191514 32228761 40245092 49595940 51084898 54061433 54270745 63317023 73715737 79765852 97906168 103890868 105683384 123005173 127943994 159684928 161647140 170936636 180571810 229111594 236373954 244626344 253826360 289221724 291308044 305853963 306567116 307141611 340252487 347034422 377740921 385815965 427112006 427727913 433211135 481006439 484759716 488007590 511872303 517875160 523157276 546304971 593501232 604852537 617862703 620280386 623027505 647027480 649101086 653586291 671625818 693805995 700856837 706002143 716762080 725971730 735977546 763187522 769787615 771074482 779095183 797144691 801161941 813628748 827423817 827749682 837833154 863364545 864289770 872359739 874191752 906940697 923179966 938788679 943144721 944204703 944841948 945144281 950764329 965585882 971592128 971879862 976684207 977978494
52 663897091
1185755 9770013 13933594 22174780 38574586 51602887 57009293 58201382 62597865 66115646 66952826 68004024 76898870 76919222 80481579 82118929 88805633 94918483 104099537 115764222 117177822 137924429 153467518 156467586 157158934 158110141 158330235 161453011 170884643 171913594 172077844 172464167 176002431 185061950 190339384 208099617 218047471 222223535 234895801 235856834 240422313 243970687 253288893 261499693 262717965 264392026 264688201 276811508 296286231 300898319 307221819 331391921 337877308 337898936 349794895 352417289 354380132 363903407 372720428 378215941 388247644 389915188 392880176 395603983 397307239 398060226 412448851 421033287 430591226 438633280 457300638 464449623 478805551 481034786 481613263 490068648 495911636 499224369 501481166 503876648 508517065 523166330 540654123 541669107 545133509 545816136 548661482 551857686 558971626 560838324 584267000 591527600 602016181 608343697 609789544 613050403 614655647 625199848 631118979 631319655 640212119 651052793 655838769 661313458
43 614475847
11285259 13191760 18378547 18501630 18896728 23163194 30974776 33978167 35256379 37481454 38703389 47026101 48952689 70996655 78879585 86330480 86788110 93127735 105983315 120349937 153870373 162805492 163364957 165120768 165557964 167594834 175959082 179673786 181703418 191263978 192785647 196081891 197551799 202678298 221600547 235330656 244098669 252364355 257409638 262024169 270604752 271616715 273986145 283610264 286023905 295527297 307346229 309710897 311778512 318266006 318380929 320703525 331551369 333069419 341450515 370307159 372320267 373730210 380855028 393739658 396792319 398080235 399382379 402422045 403597172 415620827 416652735 419679593 421469475 430510102 433203089 465730758 469560790 472499500 481060234 483885790 523403961 579447728 580487280 581230235 584030493 584335782 596106836 598537701 612131652 612257651
50 778252298
16474692 23389705 31834500 44038256 60767323 64307550 73509496 82085567 95807188 101444463 104145472 113494678 124572980 126982160 138128908 138949001 145694431 156914558 163692995 169219686 173845142 177005775 187451094 189615716 197114659 197919384 200240872 226568700 227673245 235419563 235602921 243070720 246249506 247003563 250647247 250881063 255219385 261652427 268687400 269394038 276220928 290412591 294187894 296180502 316697034 319008963 319671923 337457286 339685789 343287970 364634333 365687785 374909693 379640456 388392997 392629708 399505051 432530151 439161526 470007816 473423962 482997150 496908019 497224445 504066599 505271916 510557118 536333185 543290693 558387291 567280044 567778971 572109621 578790733 603583990 605539496 608181419 612309772 613403528 623335186 643534486 646375681 655745600 659690005 661341760 662355015 662581648 668231374 674149747 679729090 689953481 707061726 721289963 722487816 723386821 724299822 735010499 755639449 762248342 768509469
56 864129903
22536250 24255565 39888209 45251657 53807186 65900000 83797185 84057297 88082104 92781473 95153399 99468792 111131352 113686595 117635745 128024786 131066915 145779441 152390405 152521786 170222151 178255245 185680594 186640235 188541496 189286403 205658882 205886614 221535444 256140910 270368452 275195832 279551377 292950262 314129249 330988125 334169751 360222343 369069396 392463616 394357691 396642772 400586187 405850017 408167253 416783910 421813531 433960660 441686740 444934296 459250683 460468273 462077334 462813179 464212527 465037625 469836669 473358975 473925154 477373917 479527397 483916598 493184945 512578349 514285433 520242924 522621608 529627255 529720449 531622397 540848451 580130840 588838903 596248618 596868667 598627695 604143468 606005751 619470040 620486898 621934394 628453142 642402391 642962725 645160021 648947092 650152047 665592524 670977372 674349024 686124966 703479027 705579022 730080994 754945431 755182779 756366515 760994176 761846700 764320709 784582027 790033044 790860157 803019766 809628930 831589130 833342309 836485181 837780022 843995055 850794252 856388370
57 605743065
1685286 3952321 12771366 26059611 28793596 29705668 33013085 33441649 33705095 36229940 37385697 48603075 57506800 64757144 71327226 71772369 89342577 91572086 96237069 109450574 123408554 126620404 128768806 130771351 133912932 141067607 143120732 146027261 151647865 155001896 156510661 165769909 166301112 170881298 171739809 178941092 180103579 194086478 197971410 198502686 210351506 215099311 215782100 237740403 243756764 253674524 257265788 264400177 274829511 282552820 288681930 295550405 296920235 310193062 312417297 315827131 321259227 327188318 331484130 331588400 336473861 338352448 344741288 346818603 350913157 366994186 367940121 368829926 370295927 378934805 387716948 393042892 418842635 419013720 427754628 429213445 431137711 435256600 439197685 442934156 444192729 445527270 449559338 452015208 458005800 464269852 468138382 473173165 486264815 492938098 504671941 513766284 519066744 521529034 524036180 531631175 531959849 540444661 549767724 565645941 565910140 566111517 566974368 568118477 572049939 581524937 581881815 582171083 584671330 588876648 592788423 600170853 600398676 604209256
57 999596174
521026 1685607 15131368 19836065 27504126 37441947 38161773 39946566 45631459 53743445 64600958 65733620 66612546 67188839 83892162 84061083 95931526 108829638 113173484 113268860 119038016 124300314 140920788 149992866 150787305 157025589 175455814 180435219 180989586 190492524 191789263 203482519 249792897 268617288 275144925 305785305 320151209 342792135 353095445 363688215 364050903 365575238 397761458 407395337 425917438 438381586 444103409 451291065 452743156 452929781 458176038 460350181 462485214 463009275 497551630 499994451 500906175 522214225 527139171 529702510 538610529 552971344 564365693 568472773 571652879 580030576 586966634 597581267 601946791 604890657 606207887 608428303 609171692 613777615 621670612 631663437 646360495 651667027 657089875 661506470 662144137 679204216 680570443 684484660 702126206 708305648 715275389 728024428 732157867 750374337 761117280 763328590 791832730 800802818 806244307 813109676 821144612 825608203 835692468 842981251 868127102 868862760 877005664 880285283 880927093 886163024 892467165 893511388 912937740 941493124 958402964 966402441 986161398 997125902
50 716069680
2949137 5695754 9734837 10310988 29970734 37399507 49206674 52961546 63282975 66958168 79991321 87272997 99889481 100101725 104516902 110001366 119054623 124142840 128324250 128697836 135502976 137466642 137725892 140555082 141576420 147880775 155427113 155431909 159273817 162222081 166003372 173713328 174562278 182736792 183205925 189029121 201641460 212173185 218464726 251342805 266585765 284325248 287632403 288480755 304456859 313552739 319189316 320694227 327627896 343540109 344625507 359223740 364102692 371789615 374181443 378087849 378595479 411421049 419633878 424835618 425569587 436473459 442112006 463067671 467101027 482220638 488244217 491907409 506223898 506940633 510216346 521566750 524281622 525643476 539283569 542406087 543610113 579715467 589579403 593108795 599007657 600302896 607376790 608608112 624959597 629836137 635112147 648244922 651512513 661193095 665388604 666066133 668241181 669456054 672526661 702126290 702689640 702906872 705083991 711836509
45 895666596
11374502 12203761 68150357 68594927 72357027 87724257 88178702 93714578 93760775 100779579 103336242 118708212 139839607 152488791 157204574 159645901 162827920 183136140 188707154 196844798 199994829 200861268 209899210 216621295 218890327 223731412 280424550 286921266 308731801 319889265 320027365 320305799 338430335 347082647 367339736 371474111 371908620 372395016 396074763 396763431 420449510 432110772 437776056 454426725 473347235 487165914 491905368 498131979 501087734 507512957 514214039 528713482 543045796 553353194 558755118 591951574 595892125 598910161 599808316 601128127 607931133 622515479 627235251 661449481 663122295 675382949 713256483 715296324 719786824 720962135 728930031 729354399 739098100 742032130 743907162 749583833 774727538 783900476 785583851 793531096 795169060 812313249 823786809 827445673 831851490 855996994 856109499 870541948 871046727 886484334
48 610345400
16440285 34218884 48828816 56691138 64746542 67045097 70204695 80450966 86646074 99445383 104677841 105064236 106170760 117003037 125226846 129058942 144050747 150865512 150987413 163372362 173505365 178098061 179509082 179645217 188514833 195404821 198555908 206742354 207239862 207361729 224337860 228676681 235369132 246582726 252467194 266884516 267036160 273913448 306214680 318054869 322483467 325028683 329732678 333072567 337969283 344267814 354758071 365849405 369565777 374500567 375556472 402252824 402518618 403878598 407053748 407936550 410599210 413892377 414926846 425877041 436623940 444843830 445862201 446369300 450178882 452541739 463962924 466031482 476965741 477432931 480284323 483526006 483645878 486274355 494563955 499550106 506606761 511628198 523958558 531246530 533078875 548292410 549444765 554343395 554603160 562029743 566832135 566889253 569985709 577145275 578222676 592043433 592943781 593637251 595585955 597543938
46 837535042
17566922 21762838 39502353 45091982 46588344 55247033 59974188 77815681 80384772 107382583 110448708 112332451 120441129 127315336 134456485 139457499 157733459 161657401 167319014 169047097 172606574 176177136 193924560 199492760 204925542 208948379 216592614 222612617 249807221 256884444 263885649 273853515 287825840 300254791 307701382 312708204 316800088 318890336 332592270 338588275 368535435 370599954 382834061 384636459 386627229 404199825 404835712 418957551 441696183 442959281 457062834 472640255 473628155 474376577 481808402 487332674 491586892 495913789 504171331 519046176 527212907 528949932 532631061 534178061 534415595 549773898 566283527 569027142 580459577 587362434 603277903 607200842 617207968 622165166 623540855 631666087 637373888 659519044 671975389 676470913 681982894 707997103 718756449 720432745 727880219 729314590 730433281 741920465 747417459 753027715 762746166 811804741
47 686000157
1690984 10604295 13255383 30334692 32773974 37566104 48819705 49582406 73533097 73882180 81735463 81797419 88462787 120638149 124431918 124667235 129018728 133327711 139106789 140080412 140997145 144330874 156410375 157120225 162437100 166316174 188497066 191203359 201206138 213077538 216391701 230535211 231480924 232264946 246870360 256423774 259009517 262518226 273994146 276387389 279869088 281137309 296367134 317529803 337987919 350040032 364065604 369731342 375451147 382882592 385478270 387840228 405462390 406653111 411865411 414616033 415606737 440294023 448163166 454052765 454149905 459924152 467245184 491174173 503835241 514385840 518956681 522029697 522242162 535729092 536700127 541667429 548710734 562937877 568768226 573265217 573921837 575594828 576278194 584405016 586862694 610579598 629139134 639257846 644018978 649433973 651166035 654613058 659466030 659885405 679230458 680563337 681520871 685612521
52 967307296
11486654 15057504 23132235 28874107 32804002 43307055 48414185 65196024 85243402 88624723 89449641 102957188 118362218 134508447 141242627 145595565 155263891 158102723 192408382 195224054 196053794 207489941 220969493 229486164 235637639 237373804 237601201 239129838 244132385 251979897 257942909 262812194 285095213 310089082 317606647 319030968 319742349 335273526 342361495 343242587 349707837 363660945 365607187 369023225 389409075 393999329 420193355 425727110 449637321 453165184 455335035 460245505 476273808 477103849 478937375 483683995 498617262 504061690 505083996 509721807 517532196 518641445 521046452 528080883 547766516 550997052 552875519 569771100 570904009 575646677 596049017 598733592 612490830 622465956 634537990 637143990 646767477 682582478 691750815 693896292 694083092 697202404 713826381 721096409 747461070 748695441 758232408 775114361 789759606 799397772 809967046 824280280 829017551 837503744 838928672 865824197 867441830 871413111 873333670 882882967 900565687 918852037 930913670 951757348
48 959372451
16157006 24134907 26490373 47939802 48026996 79674712 83126612 83341081 88041595 102431593 115202385 125100436 127305174 131661862 141092194 154927432 167649275 171173010 174342230 176468075 176841629 186882248 208699593 212615708 214448296 227651776 227930953 233625371 254827166 263276691 278352105 295833370 351930588 368140811 372209953 385030854 388374091 389864025 415047350 439017838 442194229 444694180 446565588 449861006 455978532 458731034 470957754 490176863 500485900 502929828 503833328 504555515 517332424 518134473 520806616 522984835 550473458 557373078 568212861 577471607 598408175 600669316 605618900 613508545 634759604 638979925 660228210 674344389 677446177 682649316 697434843 727461710 734994736 737964103 739413442 740559691 747463190 752129950 753252806 771608213 772970963 805294734 813793071 821583528 836625584 838691171 843531397 843577140 846475658 860144544 887969663 889291852 913795298 917083695 930341791 947172233
41 764234387
20651508 21266288 23596304 51677380 54093712 57223985 68119049 80784518 85489544 91722453 98377965 109616575 109718966 111025239 114891526 117754383 123111454 124832041 140408092 161270288 166149975 230002020 242486333 244611901 244937142 245435661 246567239 259324646 266685099 281581468 315775997 316341317 317876842 327571000 348823274 364500962 383499198 384110294 386749725 400011055 409592501 451526264 457795699 460699458 465811975 478259393 483976151 486888856 491524816 493235222 501441552 509548429 521024955 526609287 550523772 552873957 555135184 569555021 575057059 584228860 585193496 589591135 626088207 626101534 628704094 650486221 660047690 671392827 671417744 675570949 676858861 693061480 696596670 700938786 719262879 725581647 727696503 730100430 739726171 748186417 749307638 763721943
39 904378477
1133138 1760526 5676764 12650374 14887066 40488974 45181983 60164437 64454775 70657476 76137288 87190359 107690817 111710480 117021643 123616634 147315960 152929036 165625885 168506400 173968767 178192000 198542258 207391909 213923546 219171873 256240719 265967248 270553560 273289991 281278384 323395417 352463293 355069993 360384991 379093402 379163196 382834173 406375319 435842441 451023744 461094700 491921347 513067169 518368172 543378289 544875763 545197846 561838039 573324642 583325097 583952802 584247074 589250911 592653973 594511265 612775542 617953577 619901418 647538217 659504514 665299154 667914266 685847676 699407155 725433574 727082320 730399480 733774618 739264456 744829565 806376749 808135152 809195762 813976969 822908245 878387041 904142322
42 545552619
12264122 12906289 15640839 16799825 24934944 25906745 31672505 36570832 37083629 44900369 53818006 57805186 61374263 76693406 79118834 97547250 97570538 121077435 135135408 137704267 155145247 155732167 158390259 169415541 174054541 187568295 190958185 192437169 195386539 203079529 203614547 204124195 210001491 212231044 215839284 220972614 237707390 238137434 254503528 259505324 265584640 266600440 283658337 289272707 292383199 292388392 295424385 300404029 315411117 317146797 319240167 335215763 343308442 351273468 358989022 384721367 392308717 399630313 404990514 405207620 407527521 410599270 411521876 430752927 441349419 445099538 445187388 446768340 459393657 474513538 476125099 486944053 490857714 491453748 498099454 505545133 514322444 515222869 516974468 521134900 521965462 529572000 536152943 545409060
66 550880719
3719550 4096039 6688402 11381884 16601976 19560830 25384304 26294762 26296234 26511059 29861076 36499899 40180257 46133718 46789495 62210732 62393057 67045426 68481237 70068129 70239215 74063643 76197726 77479839 84544012 85127643 89287589 89903824 90904955 94049475 94388346 95168849 97260320 100842565 101401620 103122875 109043664 110473976 111465587 112017037 114538703 115759905 116146513 126579138 135150803 142712182 142979858 145818666 148577350 151460475 152218064 153497608 160204076 162858290 164145889 176794652 177371314 179117346 191121711 192518908 193701915 193838450 196011110 210717242 213375728 214641401 215930053 217160662 235530406 239474624 248527199 249012520 261718889 268552122 275091841 276523338 277039829 297733872 301966297 306468628 311170206 315830821 319338165 323883258 330303975 330437254 337484830 347521203 348633185 349966262 353685860 354700230 359569451 375931774 381507836 384771808 391842827 395992405 397045190 398569250 399214515 401697591 404448049 409281604 409496317 412546049 416458974 421148762 422792453 435266215 447151959 447781595 447874699 451056265 452310923 467082763 469214566 477059162 482915434 503140758 511136147 514103416 518323767 521668329 522456551 524938630 525424811 526119666 529944794 531482616 540815656 541279257
55 535218836
4203218 6045291 14514965 17495310 18514211 26159261 33079545 33196609 43549560 68079239 74577623 75234617 102203321 103611352 108079078 110020492 120661068 121621675 129025658 132535410 133460262 137774321 138475813 138906772 141827494 141943843 144349335 150821287 161159499 166154686 171242772 176506915 179302065 182873513 194382440 207975348 213484872 217111720 220749527 229052688 232633363 236532086 244905960 249505155 254610813 255924423 260004532 262589185 268069021 268099745 271560347 277177457 279421637 280515845 297401265 297853427 299233710 305908870 309588269 312255912 321120274 326381774 342221603 350741918 353062892 354299000 356725122 359889415 366042098 366561998 367408629 369478202 378720384 386630136 400160180 401595481 407922074 408869588 410202525 415334170 424134479 426456196 435864667 436116960 441513421 441590760 442564613 444714813 452797688 453621241 454113114 460883763 467365441 467771042 468956361 471431063 471929507 476751469 481618362 489771293 492748551 504049144 504617022 510245166 517830180 518088353 523589067 531656183 533120471 534077647
41 837145420
1907052 45838775 65802483 65927965 67026108 83317952 87033883 100325997 118529319 118779399 121855136 141225777 166282965 175943316 182291643 183012858 195481238 196401055 202106058 210018804 218935022 223567577 240378418 243564147 277944261 280702826 284623748 286536801 307600277 309289366 313365328 325198435 331107749 334170329 376169226 404321689 408644765 420109428 451070850 478182363 487446974 511155530 512623387 515132704 515409438 525036284 528397832 530472421 535082368 547337437 559436244 577498887 595792291 610562461 615222552 624807291 641967556 649818730 663755547 673462616 675811676 684679458 691207927 694680814 708815156 718219264 721950718 727817709 740810022 744852113 750087102 767710305 770809159 771357220 775881708 785782184 786752507 796551666 817432722 817964163 825644822 828368371
40 707305997
4095795 11199801 12302167 13209289 25224083 45552071 60873207 70551944 122416640 127448998 133688616 138964422 140263128 141655720 144856652 147052898 152917239 166165597 181569523 185583725 212687351 212790814 213110203 221606979 240352469 242723183 242910658 244614639 253851961 256378481 260406530 264359707 273113339 285231048 292124272 293122138 302582929 308264132 309996883 312113819 312158779 332668530 336291164 340547253 342541679 357228254 366091326 372689074 374770469 385587293 415339233 416535716 416969082 442973829 445142198 445187971 460923779 467560081 479414491 495631986 501147335 504178371 524405187 526959583 546908232 547893730 548580203 558095774 564023572 574289303 594453569 624138443 646260795 664695356 674374253 676918058 681424745 685268041 693780044 696250097
50 739380475
8317975 19223905 21439803 28121013 29216531 30977875 40431716 52171573 53672617 58647131 60697809 61264020 62671154 77237860 80278907 94785803 104759706 127594769 129050739 131240329 145101470 157751012 160109313 166789590 176828429 180055902 183049617 183769923 194089712 208541518 208851474 213435274 215768051 224864359 233668770 240023120 241570563 257236061 270828981 279247320 280194693 298413546 300101859 309365010 314656442 328747203 336415585 343845305 347458002 355058762 359695840 371040484 393205502 396711707 401909956 423686126 424078998 424206759 439577266 448340316 454246774 459394971 474304740 477337664 481413823 485614765 499370417 518283681 526681843 543247021 560791037 562927074 573282927 576423242 579237996 586565966 593835315 596914182 603012429 607635152 608646463 608653477 616391129 619462069 632134993 645957144 652838458 658053076 664616092 672175658 681537742 695406359 697733500 702947646 707493159 708933102 711252669 717527430 721310304 725013766
53 631553533
11215672 17073137 26648445 33205307 43342320 44627458 51653749 58079480 59321013 81066095 82485970 91804731 98835539 105593252 111168673 123105965 131110396 147600411 159435796 164337405 169832694 172684091 172783867 182540779 197681107 198650119 201530681 201664406 204798228 205565804 207857683 211436541 211931684 213527830 213645890 233875272 236574253 240543894 246122193 249353421 251143225 252266085 257594337 260444144 269891980 281058522 284317177 289230512 291875927 297794779 302124155 329026463 334509383 350314627 351830210 356336108 360579503 365978698 365982451 369691655 381624052 381939086 389710053 392216738 394722532 409197826 435269499 438349526 451037140 465213511 467352022 467683927 468633275 469887834 472019282 472378221 489917621 498104712 500757288 504269596 511824900 512580286 512916641 523379635 523660195 531087842 532550329 547606441 548848593 557966546 558267867 559915768 561810625 564665885 575363878 577599428 586402626 588569888 595566797 603223996 608691181 615007225 617021432 617188003 618086079 630855340
61 739638373
23650528 27851675 31663298 34508191 34720001 35922331 41467771 54844101 66088474 70030023 76345662 79602540 95933052 101160046 115497476 131732424 132472332 136794471 153178329 158710289 159008929 160007012 166176299 167625095 172827970 178485946 183969568 184060123 184828630 189151338 198734454 206216819 210955366 212511584 221210164 226657317 228054697 240080209 271468122 280978326 281419637 284414709 288357571 289406381 299585551 301060348 313011558 313937327 319554186 326871574 328635085 330348621 333449505 338443478 342127938 356622501 364938155 365755264 366664398 367101227 370487461 384179679 394726966 397802809 404868345 409373030 422519695 431008826 435611222 441144641 444146570 450111498 457717258 459842688 463150800 472333556 476708466 492583257 497760662 498574460 501568419 521272077 522713472 525048065 536802209 541700224 574165537 587412529 590776569 593518532 598746701 601038012 601121619 612895570 614699694 615022657 618145850 621039466 621307653 633766347 637638362 639567047 644921394 649791947 656087478 657449988 658962968 661911184 666305678 672867536 679280443 681912656 685412787 698377589 698513472 713270965 715536666 727785821 736546476 737289319 737616445 738625988
50 952773038
6116702 19885040 21151447 42248808 48520514 62788342 72193250 76642739 81659192 95004062 99900078 105119208 134149840 136101836 172234757 178705478 182498930 186676171 192702396 199074275 199357886 202020207 222939710 231949014 234466376 258189728 281989681 310748268 315980746 316570964 324280645 325387638 325542383 333805136 337376963 340013560 350180998 352089548 355648211 364920526 369421411 388351521 388535719 389898120 396909091 401950769 402552447 405404642 408588438 413200960 417114298 433586407 453252542 470935186 471141467 498182921 508425955 514734719 519463809 549216719 553967485 555411043 560518857 563881000 572011674 581026945 581503473 600402396 612969790 616718423 634286740 641420912 641820243 644637047 652747824 653154921 663885028 667038731 672168353 688014628 691007037 697459791 701432934 702777366 718421116 726696413 732946951 735798476 771011610 784180726 798541440 810284732 827177834 869158459 895219040 905502264 915596705 925935791 933650004 951700660
59 961053762
5684356 10010715 20759327 23997820 24903869 45248274 52002988 63543581 86340442 89604306 107308572 130529347 139295130 143168932 153354323 164335940 192582796 197665541 221732849 239929592 240655293 242100952 255699620 264835773 269282494 276412953 281611701 306936998 309189952 316263395 335225505 338931956 344270177 377057622 382232333 384761618 388820252 395750763 397931575 398664879 400494765 415793549 421797579 424471911 454717162 456165051 469563152 481873257 487045334 498945767 524813272 525697247 528749762 553757362 559873540 563480569 578846613 583407290 583557336 590107799 592676584 594084267 606482577 609647877 611012358 619626128 621420380 626394019 639239903 640662974 647017516 649035011 650492214 652345000 656697121 672901258 675167588 676106504 682859384 683502245 686941820 692855536 692954237 703719267 718005912 725575194 727964576 735264077 740190155 742139562 742938307 750649387 750927073 755383466 772726132 783240795 784971471 786058843 786324767 791890149 802087133 805373084 807074446 816718914 817779743 845746057 846539012 855577623 860321157 867540336 876968746 897314467 899299723 900721023 920089932 922114347 928478624 956685841
37 887319471
327669 24885103 57270073 66770660 70896454 75311998 78973300 82502263 93715423 121741032 149616029 153621868 174620937 176994799 189849980 210499420 227790144 236650802 264103871 272152579 275220704 279332219 303011589 313228249 324412079 331199877 338895277 346985901 352875484 354220781 363173112 368736025 374087327 390833083 390912985 396535889 404193608 422837572 451780831 452495597 462886679 463664211 464738676 465287274 520987222 525478961 529523927 533396349 541262341 555514436 557264050 580290630 586998049 590382000 606661391 621842191 631976583 640564392 647185726 656425480 661277587 670903237 687324910 698076358 705177281 706877810 717895406 724173080 725608117 780582002 797860669 820962659 822256952 852516175
54 871251866
6343675 8476418 13311019 15263864 15354585 17021530 19142641 19898321 37712308 52346157 63102625 63155675 70544065 77001117 78472215 85868833 105041477 109848021 115298929 126504897 134728085 137437098 139473110 141372308 144237343 145550678 147414894 150424195 151203730 157201597 160820018 174034332 183823306 186795524 195480678 215449485 236008534 241883393 243103056 257706648 264378476 275950604 278427275 282763479 285598119 298905205 303803161 321618383 333036354 344111611 354153260 354825818 383713098 394949570 395634583 395797682 416395859 417365585 443201966 450759880 455933172 463131102 469498384 480210614 493229505 495355550 506637327 507995916 538250895 538725759 539875741 545678079 561160576 562770372 569198531 577350757 580258937 580722820 604036630 608313062 635858434 648827036 649095423 656872349 667580690 696403129 696848081 703162983 722676049 729425153 736388737 737656694 756635820 777210586 799387227 802052828 806053667 810151964 816193728 820213227 826817251 830645797 847636036 852987953 859303171 863064609 866119017 868260369
43 774557839
8231573 30074208 32523850 42250044 56182131 75775799 87774888 91840027 122252887 170020215 199180327 221407012 226716280 230521781 240070891 248168686 249340596 259650149 264304988 285834946 296142689 300491427 301859424 306405824 310951412 315167471 318139700 321078938 329370969 343699611 345373717 345411768 346138761 357164073 364050958 366462851 366557018 368553639 372117750 373445896 380847430 399259703 406212950 412920843 417462272 420263000 431175339 435034110 450624650 466531365 476138189 476322045 480684262 488864008 490243703 490902597 494224143 499412775 501411419 515391276 516935427 536835371 541926990 550247173 554602611 557654480 575222797 577776332 626437547 642425362 649374011 668738039 677390934 679131475 683131829 688868148 727444370 751986651 752285649 758678969 758691616 761340564 765413475 767946096 770853042 771158230
47 508724372
331756 6811810 8840030 13171150 27586422 35536679 40036559 47670429 49140188 54092375 55520966 57764286 84653524 92929259 95601943 107423366 108954312 112849433 117714722 118846140 124182719 130451585 133934942 137644547 138670827 148374174 154357302 168662579 169119950 173507537 197919983 198916797 205147260 222711156 224757446 228673666 231984391 234167294 239492519 240709276 241998513 245827553 246414045 250577102 265163235 267721303 269085118 271274317 274077991 288478480 290238701 297952544 305068343 316337996 328312329 331950898 334939835 339191095 357442867 358610173 360413226 365286079 371822652 377910268 380623190 382743906 383762833 389989587 402633528 406080147 420026281 423639686 424108836 424233602 428541276 437558826 442383747 448148326 455234333 455385806 458818379 459424277 467772719 473998783 474875521 479378498 481599161 489853885 491905206 496503011 501340837 506671000 506946891 508329894
40 865244103
4091836 5337348 7716562 9636446 54178870 57222715 59303655 93317767 126250485 131620118 135121779 139524763 151396893 182699961 187971013 193378939 211483166 212563081 214015459 224711838 231716514 253344571 261117938 264900263 283142440 286111227 293303482 301289547 303266361 347728861 349270001 366995083 375977126 379330279 380149349 389819727 405626308 411532854 415526287 437574556 452461623 454527315 468427587 473665954 483531297 487398098 494094104 521705198 522438525 527164305 528970054 530186906 537600217 541398234 560265013 568246916 575084314 575574494 578996825 599277161 636258973 641298046 646301170 658482275 669946749 688341250 706028997 724663541 729008314 730021363 732202383 739031875 747819874 750606253 754470066 773940112 780532928 816156487 830109763 848983820
43 739974202
7447066 12213291 28935929 31777513 46915875 72116308 85956230 89883933 95181287 115952095 124021954 146823514 158117192 163143762 165672254 175605881 181324336 199496187 204400033 217771206 221764650 228207522 246915868 253276008 261585229 274831070 277870315 282642756 282960124 283912545 316633217 318720288 320448736 329508013 340286333 341660616 358699595 365644428 371226614 407732969 411332204 418710172 430202231 442704151 448486874 449365990 461650605 462810056 468140576 469640650 472071677 475194258 493850661 499466658 499473823 499556130 506836318 521156070 523439186 538418805 552334594 564815958 569866227 570761424 572157403 573077411 574905911 587960838 591984793 597850622 608691228 625287361 664329660 669049634 673672660 674740500 677505510 701529165 715842821 718027865 719257430 730618912 730753470 735247050 736364912 739262400
56 606962746
429677 3748164 10603930 10994088 11417671 23558207 24384011 26114752 39631208 49747331 51153453 54573243 61670008 69511710 74742585 83112220 92530888 96132316 100764103 109362544 112141183 115857549 117352094 117901663 135567758 135571909 136175442 139637827 140384677 145494007 182584348 191028093 210235001 212095012 213490007 218664180 219103849 226584642 241298335 250412126 258570120 264352779 267498108 271659272 272504424 274478482 282844432 287435555 292123797 293548537 295193370 298601047 305091814 305161054 305770333 306330695 312607802 316884885 318165775 330408789 331879175 332797991 360112211 362293307 377622044 378657679 379245775 390406745 394735392 398459729 399816111 405848576 406578724 409045824 409190837 420745929 451330874 457570610 458597918 459012863 461357534 462203168 466202829 478561512 481884500 486409897 486848652 501078786 503637398 513335724 513579608 513943179 520531951 520532152 524638475 528838775 530529765 532736776 537637470 537881931 547279814 548919699 565337133 566849901 573604082 573702163 581355841 586971499 587759084 600780670 601225664 601826157
46 950937212
3229018 7170940 38400956 45444869 47843341 57064900 57476554 87593344 91427984 97573015 105093148 107450485 111951649 112997075 133525805 147900633 149820267 149866586 152894832 167211525 170574058 179809465 204208303 238917981 249226196 254218010 254355950 264778628 277054431 287509424 295728139 297414272 307406326 312923797 316289656 348396343 356711647 357025416 362371471 371361733 378114413 393005802 395073769 425316899 432655470 441764967 442896102 461664677 462238771 475390583 480235105 517563049 518063400 541561216 563293352 569250928 569553532 570415761 571815048 602039195 607030808 607130923 607507868 607802894 617762741 620482506 625576681 626231863 648838129 689782037 693717597 705612223 706685192 714148156 715881144 717515339 719663680 735880682 749614901 758745970 771203787 780080696 808670560 844170905 845275600 871940171 872495896 885036523 890476804 892006142 892438441 947686438
49 661955333
2772306 8304909 8324496 8828465 11899562 13011076 22888060 26432103 27648785 27740022 28189698 40245459 41085738 44075177 44275804 47340357 58140362 69781588 76941177 88707154 89466442 92943101 93560552 102833241 110007182 116276604 116904988 123256328 125904922 127626466 138021544 147867231 170038633 171588921 179785091 181103373 185121212 192775782 196420763 206865226 220484263 223431377 236796974 239912352 241294810 250148277 257738534 267179804 269011372 275192663 279223629 287809278 291202875 303516444 308325273 329359892 331994326 334177854 335393584 336355010 336423422 339205345 353040245 356959964 358599569 366642464 382838335 409710408 422176195 428925692 438561939 453383552 454695002 455350765 460279576 467513167 483409448 489043470 490630978 491190203 507158139 521527682 523467530 570442763 579241789 589524707 590665026 598134261 611510627 618974671 620437074 627995834 630856074 638066670 638472446 651129667 657850213 661211920
57 989721598
93960 9617225 13570914 17660371 18531357 25817407 29473197 29898742 29990641 46800821 52427728 86831214 93913628 102710764 102942654 109016074 114454166 131416700 132602776 157092556 172624951 176862530 198765643 214261330 230962990 248973428 251037442 255925607 257439763 262365307 267264108 272209816 279750903 284690399 290092548 297001979 304857830 307371574 319181022 322002168 326406590 334387980 355674764 380741714 390985335 408348535 410320184 428086541 434920808 439228875 442051753 442990452 450488902 457710563 467456556 492217268 499323114 501876213 518895981 523824406 536113770 538013802 552827184 558836733 569779499 572461822 585634307 595687366 604971563 610526824 612621051 616508755 619273205 619419566 633538846 643905242 673283444 676836380 680491177 683569322 688005954 689108974 702468444 709078500 725016136 743162936 749247875 751548781 754165873 765824300 783695744 799350219 800164265 806956933 807820297 822909624 822939433 835681624 837213865 847756304 849170564 854713282 871478431 876102857 877807752 887892892 907304263 911280937 935648533 948644837 957147839 972452584 973026132 975697177
27 673673053
72248525 73891865 74012642 74480880 85590435 86516260 88911169 95452927 108660277 118361927 119463102 123370037 145736474 174811006 188194073 208831476 215057749 241124949 254707053 258631203 258813857 265402601 267084994 295337365 346255032 350552977 355975580 360695202 364934524 372708686 375476786 390024261 418199733 423473039 433178574 475961073 477350427 488448243 496650238 543768311 562766747 564946426 576040634 585764630 586127865 591163202 614983354 616490434 622622130 635739248 646706357 650567576 654781618 656297185
42 638948069
358838 5744914 7610108 13885936 21217095 22398111 30286523 41152459 42913700 43818939 60867875 61074526 64711306 84835719 86422327 89960886 93627876 97142044 101641718 105689523 109927128 116125196 116769098 138763101 160495822 173852894 173903867 179997012 187778214 188289391 189748937 197298134 206605289 219773477 220817327 228528051 233580204 255504055 257105757 265110265 274285693 289642604 306415404 311880037 312347012 312635081 314171092 316719075 318094088 333028025 335745150 349055919 350865601 358693210 367474023 371920159 375462397 395864340 397845767 400170715 415527818 434282697 436930730 458600210 476319066 476611439 483032689 489968892 491927773 498043669 525049695 525979675 526702078 533670026 537324153 540870682 556113892 557687811 561019879 579224151 604658022 609275153 625075864 626279739
40 967257982
12660413 16809786 18894339 48107723 60233522 66134324 67948655 97376097 107778287 114228412 117607286 127863655 143522252 144802247 153855408 174671180 178283115 196716174 196864384 213904802 218450552 254278629 263049915 273089289 274324713 286546098 288967082 317019975 318305349 326285291 355864199 368982346 375897201 385737449 398662009 405099586 420028136 421190475 424470657 435250259 445322454 446186282 446236288 448453192 458556980 461406636 467074035 470710177 484482637 484484755 491306987 499701648 501278044 542634489 551141374 555133868 562370413 574817704 575232264 591738379 600090573 678496707 679493999 704182050 706694861 706734582 743411535 758452221 769962199 773129497 797697746 879170686 881004630 890043157 893362288 893417532 899567759 937286053 949648840 962991766
54 677210309
14425397 15418777 17238182 21967431 25389699 32536859 39847493 40545410 53401648 74290307 81901232 83224070 86952474 104204901 119708146 119964249 131146302 134792121 137280324 138930986 139552789 139764448 147800635 148739503 154605918 164301706 171589612 203699485 211305527 214197850 219899274 221168188 227608440 227946237 231075394 236188346 238712484 242378650 246946928 247059605 249273460 254035412 257738939 272738109 289473087 295046914 309716303 313387856 327133520 329777532 333779045 346377889 350110282 353908604 359673118 360091882 362482014 368823176 369692056 369834743 383606426 388872750 389068276 396092673 402335482 405453898 412390778 417593986 423422034 426211787 429357154 438595325 450490663 467531829 470811923 473095747 473511693 476967353 478266127 482015606 490402330 504191702 506670294 527515821 539089810 539092053 541053710 550342986 562208103 567975932 579602108 588259332 596195938 604727656 606967165 607134277 617401591 619373423 630797625 631788283 634519755 634539138 646747351 653604161 655765044 661929614 668984520 670302292
59 916103991
24757612 33955031 38506598 40571072 41036237 41414461 50427418 51966746 72588915 84176036 91884241 116337635 119899239 132931948 133450138 148361751 167358616 170614888 175832089 181826225 192927891 198391164 203225264 212509854 222616434 234930966 235037492 236892829 239838302 242559144 248840300 253492359 255150439 255386054 258741061 268050387 269952470 278922622 283822190 290428547 305045341 306755774 310948804 326164271 330968785 349325456 351861334 371571231 371572688 373753281 379635560 384999030 389118952 397148532 398718751 401887912 416249429 421632682 436430412 443284333 494384852 511902307 537988497 538363026 552538365 560570735 578283149 580520740 587633985 606379595 625780002 627883465 628526964 633844103 638600084 653267163 655248945 656264390 656622341 662479559 666016286 670323760 681360352 687333379 692668772 694430333 695501242 707390310 714657232 716786546 735495403 735694397 739667895 749399245 757110908 758229721 768229914 779142956 788783983 800905211 803651345 810308810 837875913 838798403 844052550 854076778 864310891 865620407 877822107 879143920 879188135 879992992 880558391 882512408 893276001 895203164 908131545 912263398
57 545441437
5056326 6939100 7228507 10096043 10620080 11664059 23440367 25613766 28241214 32136570 32751782 35675017 41832655 44898911 47919335 48001219 48567794 48800784 52061996 54829539 70140833 74757746 77686143 83011661 86411552 87895540 93714619 99592680 100625662 103042830 104359206 104849224 107318704 112491134 114300706 123467092 132029845 144011752 144219486 152428332 166132755 174333328 178459905 184555843 200181609 212467543 216483273 217814625 218521609 224812760 225920290 231933998 234555972 235273800 244664922 253247825 254640269 260050220 262343666 262825627 264215848 267037526 267926307 277581959 287001951 299197475 300186615 304741319 307474543 312081479 314960369 320478351 328745432 328942700 329940313 330079671 339204841 346227796 353612555 363072987 367662291 368094303 371568854 373104347 375738329 382414607 383208864 386004847 388091087 406145617 407380778 433204875 434943208 437175439 437407740 447726037 455816438 465610430 470357788 471237238 473980206 474251691 478555629 481649001 482949923 490454049 494388451 498836025 509626310 510578313 524821421 526133268 528433743 531237754
44 565447175
5144286 12866063 16932034 18969322 19697438 26001897 37062316 37979962 59522213 81828670 98230422 103657722 103691540 107076554 121858924 123583437 135457313 164944279 169896461 172744424 176650138 179294073 183630007 186801478 193281099 199620746 201681173 203076435 222991636 230597480 231294759 237652527 250740657 255762628 260213857 265046356 280696444 284108026 285629316 289551476 290092097 304313493 307691744 324016934 348912672 352408938 355670433 360290000 361956636 366289339 372272977 392836523 405111600 406113944 410272377 415540107 418952967 428629659 429185340 434116892 442042977 446868183 447059869 453547915 460767051 465399217 467787137 468367618 471806292 480068395 488177703 496322238 500673902 501457482 504186346 512143253 520829279 521337095 525613332 529991912 532498260 536379469 542932598 548642762 550568829 556991802 558298447 565287269
55 526323427
417523 1711712 2914220 21511674 28702393 33336994 33774172 37260293 41326529 41588266 44059871 44722526 50082297 58907568 67965298 74598891 81956670 86598249 86762097 93258672 113397257 113494958 122131950 122188270 128733292 133457564 139841225 145718439 149297839 152448794 155535403 155691615 160125712 162178557 162517413 163566531 168787891 176054368 182615800 183347643 185131765 186617750 195280164 201125032 205337024 206889807 213099163 231044094 238650149 248504527 248955603 255317473 257759631 258140955 263293399 265333026 265757602 275320761 287404486 297500354 298830501 304990554 305744100 305961913 330999416 339918433 342463538 344385421 347309640 349151441 354663560 361269134 365061764 375074754 377040096 380600379 385611729 406299179 406741988 407138731 410208514 414197524 418900192 420625579 420799789 420904542 423222598 427240954 436859377 438408868 439640596 442063991 443026261 446166442 448338818 452353130 458832854 464871385 468233565 471633315 486979611 487247262 495567770 495882000 497090025 512931401 513627450 513884954 523570388 526149004
51 553992563
5864868 6633568 9464799 9611085 12448338 23219229 40763948 42709392 43962701 46248098 51417801 54447303 58704333 79156890 91827576 95522992 96874043 106065558 108675379 115785956 127101200 127271718 133626597 149165411 151625307 152041235 157394830 163619003 165029369 174261480 177695274 180482738 183696455 193272108 205327322 205487880 213578373 226671157 237896061 238510936 238773412 240242889 242969165 245113811 252933118 254088192 256754907 257619620 267120780 283702839 295694426 296428239 312183412 312933429 318091486 331451309 335983270 340510979 348618765 351580264 353453904 357217228 360206151 363036958 365144995 367250955 367918770 367953805 372276254 374591900 375166597 379977432 384305190 388962024 391667844 393145128 404497057 409089281 409145880 409169575 416425702 428930868 430681341 447067538 451782196 454270596 467656438 467679925 469493335 476611885 478462883 492794954 497139362 502700220 509695881 511606782 519047301 529314769 529961948 530271645 536030408 551833699
48 819345389
7105124 10402312 20778480 37074705 44730074 49557240 52056010 55887991 78050410 97378848 100888774 102026453 102186775 102818624 106953703 107442180 108108709 110570966 130790266 133529380 136354904 137396844 155841791 161178477 165923829 171080937 184369410 192594556 194810332 213236480 217543479 228824031 240233983 261933995 275627714 279190256 282402297 286429038 288018046 303216048 304841196 326584003 331505456 352749846 355896560 363027328 379740870 383993446 390654583 394343939 396476341 406416933 414939231 418117127 420878553 433564300 455546341 461246801 461441512 476310747 483984316 494786854 500475843 527819181 528000227 540002865 542906425 547069956 555709875 556307864 558772055 579529837 590273484 592933598 602363715 603649289 608344685 627978668 631720202 634427756 642119435 649925267 651775220 686947459 700414230 706796592 735728609 743246519 747017400 754201679 766734711 770551898 777135296 777841484 791119042 802997223
46 875462263
4921780 18285678 22952176 29480795 39109680 40753375 67830989 77567034 87217659 89977398 101419461 110570854 118209215 135634251 138038727 139613827 141534344 146282448 156403285 160625096 173180694 189478482 194816538 197738219 197808987 216658584 217316641 221525693 238209251 242049896 243261656 248418953 248745928 250223707 253324105 282938476 310775177 327674963 328022967 332116314 344100005 368097297 373738738 392884815 395429013 404007678 410966831 412546425 414191488 430717506 445711298 455869126 466620664 466845669 471397725 486692458 510144717 513717136 532314109 537000882 544537618 570429077 586934522 594943152 594981643 598031456 619968129 621127637 622607311 625248070 638481273 646305060 657542857 699921645 720662272 728266338 733744792 736849231 738847633 766642268 767739995 788038891 795108699 806812272 809061692 815111100 836085150 849738837 853955594 863003064 863617882 874134857
50 514603755
774966 3638053 6359624 6630976 7788664 8430988 16330635 18470976 22527745 56149645 57276316 71991982 74974099 86086280 86385255 88235253 102091859 108176454 131558604 136911790 142978257 143579970 146273324 149438976 153662684 159582500 161060658 162697806 167355517 177016378 178651521 181159375 189123723 192152542 192173789 206587836 224496199 226847840 232968518 246799937 247766723 268453959 272979829 281665020 283008493 289715420 291351710 297244730 300834652 302217236 306594441 315014907 324067534 326402561 328329474 333541964 337480658 345057519 346290262 362312187 373732563 379223399 379555154 381006842 382957287 386243030 387322626 388670715 397568322 401883566 403154450 404218641 413956313 414590243 425286141 428999362 431083924 433318377 438972797 443421499 443818973 445908021 447718536 448282051 455558303 461145791 468645088 472280641 473487114 474958314 486474681 491812393 492601464 493266845 493354816 498573853 499418958 500095537 505396877 513064345
53 881542970
11818014 25734197 29005591 32818259 33288033 45425102 46831096 51380935 54387340 56747187 71836640 74188443 83396954 97525715 101993028 104489609 104926874 108203425 111197910 115357231 151944353 152247559 191053685 198250002 198403615 199857211 204431425 212351042 218560423 222731073 232656873 235677486 255321977 259539677 273745420 299566860 300216635 304214849 304808075 307506981 309062743 311610389 314758832 321135849 323308038 333193404 339396323 348503280 359899414 381637046 389660717 390496725 395224437 427611819 428176943 438274876 451343802 474012055 480321353 480848745 485718330 493726350 504161774 513774778 527974812 540217173 544576627 560945699 579193435 585899579 596042300 600759186 605998984 618998301 622500014 630627701 632142684 656924257 669933557 671594955 674950799 676308558 684457117 695506227 703951199 735496308 771048582 773448004 773611037 776079161 779763393 788524726 789132847 791718605 793077744 803588663 809042211 813448510 814985584 829447487 830955500 836688776 862950369 871042697 871966577 880646812
55 689181246
7146450 7838336 14341408 23859708 25637325 30150934 33980897 36443031 46869976 49060552 53709770 59380356 63178378 81089741 81287653 86761824 103229674 109791385 110759169 115961171 125162181 128686260 131788516 137446915 151156202 170951359 184149266 184958955 186759852 202455733 206970558 214178754 218667698 220185824 220354180 227231006 231970228 234523243 258732863 263930539 268391777 270348517 279570007 287951340 292105251 297000785 298135070 300278001 301296740 305200044 311905549 312310805 327556091 349270667 353514686 356976661 370788787 371889807 380649770 381605233 384146608 386670601 389616676 392736599 396373298 400436045 401617865 408686528 410580848 419073200 421239874 428862977 431922452 432722353 440818179 446993950 454146449 468759646 469531349 471995737 472624841 474772980 478536669 479862033 496672161 503966888 510983128 519494571 544740583 565434370 571167937 571278103 580735375 595052609 603740433 613344724 616323561 617226195 620550654 625007684 632619295 634430785 634545215 635862765 649496390 658790938 661069647 667551678 670617984 681743313
41 612256310
7788523 29879747 55183827 55602253 56810496 66149665 74087224 79487755 84025255 90240655 93276302 94222289 95234946 101560779 113558362 122671633 122881951 137614081 143565776 148403035 155881544 161874474 192420347 196558334 204332991 211207371 213605137 221257533 222942855 225725556 228424466 234858492 236358655 252587260 268767367 282288254 289984340 308900600 310973969 316621432 337156665 338058929 344564846 348740477 350147427 355492872 369820213 370834868 384468176 396267021 405745460 415607890 419349262 436069313 443254014 444541082 450908105 460290255 476419678 480295826 480389412 483054936 499363820 511989269 515826398 522502448 524830432 543667368 544630629 546740537 555762212 555942789 557409135 557892249 563208811 568655366 577365195 578582737 584942374 592546179 596241880 598706973
41 615010397
12092987 17576566 23789676 29211329 35862208 38388153 55474778 74796438 77768142 99759897 106714567 119576800 127035359 130914277 133607169 136408831 137454801 139832278 149341556 172078093 175057430 196929489 220964358 227067189 246494700 246706923 264677632 265545458 265976596 267541567 277113962 279954922 280007793 287473279 288778361 289668117 295414249 300823699 301153521 309444821 310989651 313490443 313731751 315151133 319430740 336360301 336904154 341007669 343190713 377984234 390288675 392935706 407030816 417714956 425511263 429895017 435083962 439793005 445275849 446707917 466544876 468243531 470641157 471592321 498815751 502524165 508504388 513817991 523467233 540013143 547854690 552413134 567807888 569439890 570937961 575663694 576692383 579558965 579665832 580475416 588125955 594241099
54 555835482
22757504 35354690 36929469 37365271 38908984 40190466 44010120 45847938 52100875 58235151 72609072 74034781 79917654 82144637 89968391 100127802 109735096 120049326 137052448 139640640 147460841 149942999 168476510 168963267 173449592 178176213 179686258 180476347 184499349 191806676 194901269 202153991 204986708 215910954 217444579 218670612 225207733 232683379 236527231 239838761 246549470 248643151 258519223 262234931 266699612 270808670 271290279 274751152 276885387 281335320 287859777 288427375 298689170 305257335 309136548 309479271 309789079 311998516 314109185 328014813 329794133 334699777 340020594 340916420 343023349 343904184 347129925 348503481 354122717 362999658 368851120 378058366 380228903 382794496 392537466 395153108 395345016 398376735 402395197 414564185 415789858 418939360 426286762 427189762 427499617 429222431 442659225 451725928 457900167 462682277 463887971 466212571 486476306 489677792 495158123 497087068 497478942 500150513 500847860 504676163 517214325 518772339 522044907 532706635 535795767 537581660 539097260 542656760
47 747753364
6035609 12303927 13676332 16494800 17855314 21198903 45865539 47157591 50593800 57706885 62306271 65855312 70346612 85590977 86927683 89435120 96167586 121545497 138141997 139173976 142302780 143800261 143949916 147798850 151901514 155349918 179794609 187049194 200903385 203678934 209545086 225111602 225484491 226347333 228832098 233970706 236208914 238869718 250305057 290898965 294187307 296412157 306687806 309481775 310206933 321568353 323348957 338330405 339121310 341871590 346271770 351742222 359575872 365372282 366328157 366607198 366894634 383565359 400753592 408584608 409719842 414095081 423453554 435723929 471628452 478475840 488366612 502369287 503996717 526826999 529044169 555272437 588318494 588502512 590500826 599458974 604789502 642681212 645049137 656077080 664025203 669933686 670630582 673755219 686254712 697979155 709657942 716018335 717764160 727598155 730956533 732978306 742163353 746071956
47 789988471
13292694 14209003 26336466 27186306 33621346 43191619 59488670 66885530 70966482 75547009 77338640 77411589 79793209 82946841 84504563 86981685 97142307 106935821 123202975 126817568 131222508 150319997 153183077 157100748 158279085 169120848 175554417 178335478 186916719 189603447 196839504 203542932 244313027 254835288 268761188 275033915 276954429 278168358 289833432 293828530 299841378 305787257 311143840 323673168 345239691 356239069 358291035 367237189 372449946 373924486 382614565 385238234 416497876 420034829 424070930 435802176 458323752 477135881 496072095 496478888 498598979 512515340 513155997 516612521 525927973 526906635 534820782 548487284 552067301 553519639 574746583 574990435 576447866 599971405 601145355 635587432 645994697 647138924 647801429 649441509 649861207 652702050 678080942 703884293 704357592 707114197 716767134 717830902 728305033 745423275 749099178 762383503 770563370 775203880
54 626484412
15502004 16594641 21023600 22729913 31453676 35472265 60407884 63997588 68052044 69644838 77338197 78450811 81232664 82443813 84091962 86490639 86824738 101455415 109697319 122259502 125535750 127771276 132989614 143423866 144703886 148344888 150750264 152731732 159417093 161541520 161602457 166040638 166217389 169102803 177255207 196865363 201404510 203228127 206570982 209511466 224424765 225318255 226656615 228609139 238200528 243228758 246377075 260321014 265964050 270449094 275966346 278000570 293343139 295054715 301351092 304783170 305821831 307126566 308878610 309332499 311062035 316642403 334763089 346865817 347056010 363322147 365878922 373182319 382661033 389200128 405542383 414107267 414436559 425408069 427540579 442804300 458733707 462979022 467974214 468060055 470503291 490110649 491234381 513343698 516519476 537054036 544444760 550186700 552105906 553089186 555713692 558412505 562395183 571778069 577642420 577942807 583132996 586657725 587034364 589296393 599812132 603223743 604399350 604702947 608787529 611003200 614405299 617266533
57 562373195
1611500 2023193 9410898 9476160 10285852 15892833 20440653 24724736 35204861 35851418 36587395 42075723 43107388 51725673 61307774 72370800 100731721 105394692 109842145 110767703 124834539 126767454 135305613 139334991 148273780 154221104 154601467 156560266 160624377 163290105 171764683 174199017 190995165 197533766 199643344 202878963 208033023 218057213 218874055 219569522 224307203 227520971 228057677 235686557 238244588 240395277 242378544 245334009 249042713 252259370 261483247 266077203 266276921 268451155 272311383 272784394 274451512 276311319 281897923 284855184 288718080 294503171 302578695 305910193 307201617 316988107 322106371 322527336 322866991 326254039 328390654 328792419 331088020 346767962 346831180 347095345 349116117 352356174 353761292 355037645 359622667 365620161 374900308 381058351 385330868 388498528 391119163 407605622 412345461 427923897 432255961 436542471 450353681 453482535 454145607 460302964 461758357 464537040 467402635 473155659 476523175 482577909 500329422 512017901 517357710 517775600 520810620 525017690 537486009 540739029 540974623 543248821 544850498 558762122
46 903642917
989498 3394170 6035417 9791554 23911124 27560006 38091227 55880377 63408982 87631655 90821729 94847883 99364034 105661219 115333899 124885933 125270735 143101131 177252721 180838828 195966222 216636797 222576036 232124842 234482886 268960126 273104128 273525132 283051584 308202520 319192200 322343566 323145345 323874089 325413898 340610736 361232282 365410743 376216104 390249861 400437717 404664500 408622872 416414861 423407552 434613813 435774756 449409746 450059739 456264794 475681551 485377999 488420204 497354178 506527066 516384399 521446473 522977489 529813420 544545291 545218802 569707204 594470996 613281144 613517335 634881261 647899096 661299792 666831644 686513313 692304785 695040171 707948479 717330688 717435580 718975279 720350525 748809073 753386086 762655788 785502641 799389709 809325840 814243687 827950688 828715121 831370510 847862263 885596252 898600982 902814225 903365899
48 643411232
4807310 8009958 11867330 16282276 19412728 31872002 35965408 36878745 38591316 48333333 72405134 83562403 92027129 101605171 111342903 112977659 119474374 135047304 135582425 144459373 147332060 148624651 153685536 159270735 169388856 170426809 203419285 205223802 223758597 226475161 226539163 229289270 240955158 243669498 250044596 251301263 253061767 260710909 275188156 283191906 295469904 297644404 301034733 301647989 306234263 311920060 314494824 316410816 337712395 342804844 364898608 366074289 387366826 388103626 389810765 399004100 409050917 412282334 439799010 441531896 444125783 448119245 456110548 456457151 456587011 459974647 460057612 462163648 462467522 483630820 484907434 500099030 502946855 525347110 526398632 532725797 537021225 539638242 542080665 554213513 558835433 574225524 576868781 578782632 583567850 585211428 598122813 598455279 610883530 611093538 627082956 627858298 633000262 634227556 638566887 639172616
47 681592916
4039345 8507062 12537080 15208395 18850389 36468768 41354412 47019331 63623313 82819285 85105645 86753706 93288404 108338421 122060872 134210932 141782524 158323033 162427966 163180416 164181137 166160456 177721258 179396632 181138149 189263732 211755635 212129152 229026925 233499970 249400873 250140648 259997249 260086405 284761975 289120436 293892371 300054796 304331452 307232460 320944986 333208758 360325111 369115552 400117407 401253631 416370976 425373514 426800640 427124985 432870315 439791423 442785035 448861020 458729179 463889838 464461635 477581765 479535482 489221915 493421323 498963086 518357939 520263432 520524539 527234733 530150022 530215165 531820123 537121621 539480776 541038146 544108201 547899198 557342986 559552587 560747616 561849513 563410553 566276536 572233055 577469971 582093764 583167860 583951472 584534728 593174815 610606424 626396397 658649321 660636265 665323474 669451483 670808595
42 746108289
13595945 14912734 32812212 39779882 42381592 61011354 97658732 98162056 100995166 108638672 112222297 113180118 147580468 153594522 159432153 163477928 168532086 168625165 168707542 173346317 177964535 180176192 182285400 193918904 209868240 225026980 232572979 238810137 252785527 253080843 263927563 270036199 271397507 279142841 279587805 290093798 308409522 316318234 322495051 333031460 355043800 380070678 403478143 406415070 419948697 425016804 429376200 431875204 439164545 440296085 443681298 448132636 489562227 502287294 510687786 513121148 516121676 518659894 533865988 553332671 576399629 583013241 583394925 583685682 585711664 596331752 600671187 606219674 615578074 637465467 644638736 657034564 658910508 663434613 665447829 665872733 667682971 678241546 680057346 683712781 684342285 691228051 736676289 738720550
33 789989914
37641232 37831988 53757755 65753381 68264404 105346453 108492159 116636062 121418235 130141540 138645479 144692479 148871176 153204766 161806759 201804020 202596989 211433568 217280984 225286266 230733987 246254836 268820503 274830624 278203257 284613686 284856622 295894386 304199354 304669163 305530466 317891465 321288429 322842842 334288719 349932290 358932455 384582368 387048843 388929268 393493359 396260240 407180709 410341149 432800534 465015305 470843405 503276900 548315806 565979683 572908859 605502262 607206382 668558554 680707312 692346430 723564588 726378058 732833190 738857168 746122959 752717442 754311369 769022921 775355062 783362529
46 839972199
417882 10588614 27367159 38648306 53487120 56861540 61381806 62633807 67689549 71965413 76210503 82863567 96219138 115669603 118668340 125894660 133083140 133878834 140385419 144887522 194370122 197536348 198589993 237638786 253639397 260904788 261833153 285113202 285298922 285856527 287097817 290154711 313688918 314376420 329907206 335658752 343173955 381181139 387797548 411102343 417022892 417039355 445999612 471089641 474245223 474409263 480212844 514181995 520344617 533710034 548904233 554441140 579061139 579090616 581431344 582527473 609167048 615506988 632540446 635110451 640380740 642015268 644793992 648844407 666682271 669195359 674532910 680523253 683920895 686021140 687127968 698013210 712067101 717161038 723085842 726989690 739191978 740941488 754624539 755418995 757319637 759106037 766164345 767458070 768625323 786694413 795996428 797598089 825753670 827043377 831730940 833215007
42 975505822
1646969 6874741 24055725 26507076 34416718 37812214 47019537 60102633 63529553 66302170 71354626 75228415 79231836 84092950 88398417 108980454 131920919 138415864 143134493 163364717 178036788 181055199 184951203 190482859 197930479 200847700 201229503 212170426 266940389 267818650 290856856 294135628 294848025 308910772 325618932 338088078 341874310 364502246 364970415 366003034 381231442 416406773 442419331 457299165 461802118 480175669 550131312 562357477 569280486 571457185 587250236 595251885 616326483 619589290 639668676 642434699 647784414 648314467 651424052 678864420 687923295 692509285 703729798 704419287 708813179 738785367 739897154 761267886 784057230 790327986 796813877 797296817 802520935 842878550 894259181 900203913 900930676 906757761 912000616 924881395 953878999 954685289 962793644 970040784
50 860539407
14961214 15199253 31176549 61817109 63307173 69059183 71122589 72543195 88911981 93787140 96092904 97803551 98882120 100567071 101203951 105734732 109104627 137580449 138886994 144598137 146936796 156727308 175732699 181313272 181603001 190249947 194282062 197108842 199783041 201230813 204251484 204467239 218809387 231089968 250016915 266811374 267375720 271301183 272300262 279744317 282922755 331200945 362260982 363749664 365002493 373427667 374642426 380238985 413709935 421556625 422206671 429420543 458004753 459237216 471979695 483817052 485961960 497237269 511296187 550285489 551107929 560623652 561092139 563504044 567531101 568519379 582090168 611912549 626683220 630478984 644098153 646268786 650424006 657188683 660592746 662513468 691450232 693683302 704490092 706271029 709275193 719650565 721233497 732559095 746458896 747221086 752393550 771806170 782248285 784104338 798066748 800872429 808073234 808172619 815376342 819341359 825381839 828364721 841165473 846487997
59 680770124
777505 2774501 8909129 13664484 14701535 29946075 35394689 36080949 36585278 37461792 42718751 54108280 70352357 91550646 109739176 110811077 114219436 120136811 123957623 124776852 126546226 137417158 142372708 149770761 158009756 162815961 166709072 171143417 171440492 171679808 187709992 194054995 212195230 212569064 214180754 218213167 219653198 222990353 225617796 226004078 234477095 238013486 241519268 263060274 263145968 271785587 275492293 277133886 278705612 285063624 287717563 299889951 301467521 311483881 320119644 345516766 353278877 353372178 369638529 374189723 381218309 399705641 404427851 407668413 412922519 413931016 415741490 427360300 436264456 440773763 443236538 456955414 458931078 465080820 466886390 469527352 472467167 480031963 480245907 485617174 494070254 497829513 502977783 505742869 509679068 521014099 534592829 539814388 542496318 545176964 546531947 554872412 554888913 556555858 561783498 565195612 571819577 574495589 577415442 581523552 584488385 586133747 588305519 588716032 596786533 614441189 615346079 620518650 620834467 630096961 631792432 642311912 649928709 656554400 669205289 669313741 672252337 676883264
50 550095508
13838414 15786846 20465059 22422500 23031938 29724391 35924217 40573227 40817894 52502698 63507861 72228975 77422467 102848171 104274106 109511482 110684839 125281721 128936928 140090149 151798669 151842856 169085853 175682527 176394297 178945807 185647167 194551844 201407874 203237812 215281709 216481747 218223240 224050269 224752989 225998784 231404180 238383697 241081438 241344914 242107980 263288682 272112803 275375107 276189631 277359400 285063719 288119467 289002845 297821628 305852619 312635240 319359973 326364741 328422280 338281179 339165503 350430219 357600689 357756732 363365883 375640911 390946851 391125680 392535080 393712918 399776964 404322227 404437023 409610953 410220123 416640910 423992995 430273533 437006018 439020650 439344134 440112209 446374417 446804720 451909498 465348729 465771080 486841488 500011451 504307072 506405984 508763475 510985813 514650315 527960381 533150797 536437980 536571242 536871029 540630951 541456212 541904757 546319224 547804182
55 894668807
12425631 13661043 19118641 24688960 42737595 48785887 55473383 61137536 65317107 67319813 70778731 78722714 79053756 87070359 90267097 95497924 113263161 118621300 150461732 162251705 163938261 170142052 173633130 178358483 179667709 188911702 190270557 192474544 201482574 201916894 202135166 204822156 210811940 217955108 229206984 237921943 238525039 242688673 242824835 245857983 263724376 269899742 281325482 282705002 284252928 313113354 323733176 330898561 335318991 349148653 350562944 362344671 365023680 371370851 381205981 395159051 397315435 403905530 418810988 426522573 431905311 459559351 462511074 464458407 472276868 480596726 485895932 491480452 502709620 503104275 509841037 515187136 522550558 526439026 546385186 548431673 569161695 573493346 583088814 584100899 593838738 595901367 602609638 604153015 612440949 626613805 637405546 675784299 700095820 706731747 723273405 732769680 734913337 739542213 749480745 749864932 757377110 772225958 777212566 777579178 787154834 815170048 819085522 823909991 825637182 832475684 836325415 844134326 857609907 877110519
39 838533260
3234482 5012296 5770255 12604789 20191624 46575715 56118792 71859019 76746395 83715738 98187111 101584562 124786550 125691808 125861826 135470362 151804259 171909343 201110580 221427071 270174327 272986995 273569713 283170299 314625189 318446934 340746006 362513115 370670315 375134603 383814710 392254965 409404489 414253144 417985548 418188609 418347031 421032056 426846430 435276328 437765111 463998847 467349338 496530201 500078194 504632736 525334768 525936459 566846030 567353175 604683434 616278257 617771482 619136459 641082798 656819563 664055352 698335125 699109748 704280789 711912784 727712399 728884599 752140174 759356511 773585237 774405943 791892272 796882757 804131571 806295844 806333353 818316429 818965934 819860599 820946401 828594323 830609513
47 584277314
5376263 21488747 22320823 23597071 25986559 35164250 44490125 51448812 66279989 70832557 72084878 85928290 98966394 102728279 111536724 115231961 115579934 121300199 122497518 124908966 127195717 133277655 137127135 138730849 139328052 153660511 160741421 161980571 164463557 165654285 167372904 177767984 178602260 181333348 185251159 198476893 199132342 207323328 215406901 238535726 246957009 259188103 265008184 266079262 276649913 277076562 278754584 288589706 292403067 305875726 314236668 315921345 325667507 332321960 336440223 340931526 347613923 355078793 355312572 373529335 380312638 383099892 386906659 401660425 405145207 411508520 412285886 417696389 421619003 425058198 431616892 438336152 438900848 451546552 454774649 459368490 467813158 469334832 470188825 479902606 482802418 489187754 493826494 499430034 500097223 501898959 510824251 518070260 544609993 548759914 554881221 564125092 566786723 579978963
49 680414220
8734679 11877429 30099647 35861178 42016472 52663706 52795714 54293649 55634923 65149711 65206802 72557034 73140465 73452365 80680531 80945316 82003635 92405229 96354652 107460680 137151480 160785027 162011049 163231186 181821924 184206384 194290603 197422237 200858241 205956917 209636161 220367632 221220997 239787405 253042168 253113844 310675426 315711995 315853243 316683469 324560334 332533003 332555677 339516960 352094033 357351850 358903686 367922004 369050918 374386882 376104686 377268048 379493500 392333592 414076170 414672061 423005089 424612142 428396623 429264681 432955845 443322863 482917810 484020844 484571814 491262940 505487372 506007316 510821093 511716417 525976256 528860468 536501764 547942787 553328354 558153131 562905352 566980199 568560048 570669867 582864768 583980719 587250926 590310408 604357050 605334597 617183932 618855986 633718338 639323867 642020354 642538712 645112127 647399024 664624117 668678375 670812059 671131913
66 970405006
5204852 14975375 16040097 20272856 27723247 41091333 45059076 45222706 45695097 54086649 57507424 59355550 59696218 73543919 93500523 102299163 105639571 114315476 119454766 125755911 126345731 139061609 139763129 155112116 178143956 178934343 179764075 190803185 211390055 212678987 224979171 233713520 247561021 255540885 276696306 286276507 293759626 310110700 332238291 345170753 345223382 352674911 353693270 355756411 358677128 359546549 366221645 369450229 371464366 375113635 376309051 380091289 388041497 407557202 410594685 413694015 426171471 439979252 442463590 453690722 463204274 466710574 481442797 487915810 490224903 493068549 494155209 502830828 506861621 514950857 527046067 555010932 555603768 560027582 562328635 565837405 568296003 570335689 572390312 578302240 592242544 609336516 613157375 613232108 619604881 621651914 638951062 650980181 652793355 654198355 655220123 658169782 664509038 666881125 668717267 683317723 689137214 701432977 710499016 718409287 721709517 723138957 727941795 742831426 744074504 748682346 757603470 760171518 764343413 764918019 772218856 779847562 782543739 783733481 795221896 814608375 814634118 827014932 831488176 858670562 865042020 868319099 888545341 892958641 910881916 928318554 931343253 937189207 954757055 957401832 957660921 964328646
55 551485624
3874958 4255996 4564387 13202792 20996879 22279806 22750416 24255229 36463207 36896214 54847876 65801308 69056872 74335429 75523261 80282151 89619364 90613674 100746868 102856509 106528363 106557428 109090918 117430692 119280522 121370547 134037339 135299395 143974446 145629963 147316739 150091604 158353585 160746932 163080553 163118331 164087043 166359596 166483211 169214591 183429722 215880847 220830158 223460724 223713988 226723210 231720179 231724032 246035231 248171744 252707520 253494922 260507201 262190923 263469396 266121460 270236631 272063214 272107421 274335655 285656004 286309465 292618429 294838034 308091799 314438232 318660082 318924974 320116568 320822775 322689718 331770506 336158101 355465608 362240766 368859492 372107361 376243232 384297520 384344937 386886451 387000944 391717761 402295254 411512912 413160874 414968306 417243172 419333366 424141657 428809506 432582404 443189702 457467454 464651452 465663829 480845409 485713522 490208958 503614144 505700193 515038878 515602397 519244500 520533272 527414403 528813164 536692444 539151868 551400777
58 888302898
1935666 8758198 14893089 15205695 15690649 23276703 29775592 34005838 38473529 40898390 42605573 48579480 57819700 67261307 94056788 99824982 102749522 110499878 111100236 124882602 140987001 142602466 143763942 143818158 147082717 154550115 169916715 171256941 172948439 175664377 182641265 187405719 202395156 205801653 212568370 230888267 233350203 239466114 247530028 258327120 259416434 259519486 263319397 280228059 297459381 306430411 306658429 320066831 332144671 333078744 336126736 345814572 364046465 396614856 411065177 412389683 421878217 425650567 459435585 460472314 465397447 469888763 473671974 477571765 484383961 486174375 488477089 489262802 493508052 505337741 518161476 519768909 525901836 531171026 537645252 538163674 544710526 546976204 570514758 570582684 583049678 587578540 589124887 599961496 612403278 615085055 619998119 633651749 648088763 652499557 659079769 660381512 663428003 665376480 674362501 677820938 688304991 706060913 723508846 728070999 733703408 743381069 755305758 774325287 777084978 801360151 802700098 802789127 806447018 814835111 826017076 828435982 830839491 832140738 851053415 867773504
46 713913314
4475694 20234945 27726045 37305459 40369324 43960754 47041057 53409164 54286847 57120068 63926294 68831852 108488350 122119114 127796695 143980273 149969281 152119979 159474946 162241354 162664544 172932427 178494367 180161477 192744426 193641644 199072333 221981727 227838277 228187430 232742406 234800556 257595343 268265088 271875456 271997578 282144871 283910882 287501110 289905085 303883863 305138774 309234559 314426510 317634577 321112013 345520634 349274335 354073212 359387157 360933387 361138792 370339882 379297541 382489287 401921983 415140028 417484361 432522308 442767865 452324770 458685581 462074864 467479392 470991770 480324772 481447048 482802729 483553056 485720030 489641530 509326796 511917697 523144930 523727118 524221941 552896978 562486649 572417083 574512408 580449742 594313539 594554368 601091696 604929486 605857879 607919842 615325780 625756656 646775501 667461813 701562424
62 885815669
14701667 15558127 24118977 33600308 34168952 34460387 35059158 39738405 51341599 54179103 64283223 66033081 71862880 79935714 98957152 103692215 106519949 121318684 125624038 127121278 133440876 133665713 136455731 139560843 140227413 144763220 146087697 151369873 152246032 173330563 196412759 197148519 199720406 200305166 201610243 208053744 209792567 214296561 218487190 235139639 236872772 290186446 310930154 319133179 335208196 340481012 356597742 364645467 387468300 388906252 406019507 410980687 415760303 421695040 436681610 445168482 450398707 451982722 452531070 453637093 474949566 479509662 480555229 480669564 484011828 493648246 494731233 495575584 496961199 498367196 503394171 503951708 505356375 508406507 512103292 515627268 522946732 526705291 550820910 572656337 578224881 586541430 590707021 601320644 603579842 606682735 609082988 614934463 650884021 672995517 674375643 676309716 686738458 687097851 688519751 691801944 701333448 705076197 706817844 707528560 720699354 725193413 729352916 732036743 743766472 746076956 755927090 758485397 761034293 772238734 776096338 794566344 796066836 808783158 817466692 818081578 818298380 838031255 842415797 842688916 847969986 852297799 865410712 878277407
49 663476645
3955804 11440844 24135176 26394919 34089108 40368791 47700095 50726508 51976407 66920761 67012257 70246087 83202601 86771056 94267675 107908022 113887643 121753222 128010764 135273194 137135842 138644402 143810473 144043314 183041809 186108504 189190801 190444352 213253238 218488234 221394205 228822291 234346379 236893796 241636278 247403323 255659732 263631508 270924281 286943101 297225910 298169683 306527148 309168978 309927859 313167814 315344608 317169504 320826049 328503416 338775122 369154025 373016853 386332731 387696486 402077679 406033914 406233293 416240199 419113139 420723709 434311760 435544838 440157299 442979844 444078030 456361298 456628683 459447122 467041090 474355070 479234301 484415833 508970005 509976500 514185239 518117800 525088415 538902620 544763549 553669719 564405861 576730638 582947183 583701068 584600299 586482868 587191196 587585776 605195025 608932288 611682553 613527411 614219185 614711348 616397573 657856003 663468761
33 875559192
12709818 24243401 26879806 39811761 56002294 62681986 78945656 110361180 118596885 122480576 137196591 139848379 144999073 162247789 165560267 175543330 177810375 194910438 202635137 204142153 208854603 216840825 229366170 261552698 282793133 309711899 311615793 351469442 353490648 366609888 412493930 422491608 424080300 433996321 436839577 441731661 451657601 452614977 455578926 466667741 471274546 505510435 521147478 524338328 528109173 531907636 541324596 553173832 567843092 576443637 608338423 609435775 618478947 623305291 627585110 628546319 640115021 671157692 674967536 720286733 734583707 736422175 753193906 780818273 808518329 843560981
43 708068954
3175859 12997912 14020192 20643570 23352317 28553703 33159560 35458201 41617592 53607306 53742373 59480160 78605049 80756832 88634466 90852004 91008939 94817747 113103894 117501004 125402207 133430917 147333100 153844992 165760110 165769695 165967581 171291948 173563336 178474271 180539105 181235838 190357981 206160496 224507433 225830629 227675735 233927651 236837740 244140288 254277311 268310187 280362437 294621253 305926111 308818533 320965298 325849459 330975428 339911705 343409166 357002231 357353124 377737034 399828474 404061016 410899192 413001089 426845756 459981068 461405175 476164706 477222982 483040299 496265105 500208539 504642840 507496552 517728745 525400112 532811659 535165149 548708701 566369752 567846963 573904808 589703101 593594753 594372301 614140402 617381054 656147109 662465684 677805958 703019586 706146471
42 727194550
3384727 7713551 8430416 15433357 16239330 21508202 26792426 30791673 32826585 35214344 49494395 56804896 59344654 72223251 74712786 78954102 91780582 101924555 117060635 122443337 123059112 131146598 132130267 140972216 147671573 150174124 166416798 173027629 174792963 177107139 177108465 193386597 196135147 200648294 220681231 221693994 225428619 232039399 232167828 239470120 248395519 251140951 253716059 272056715 284888315 291478315 293298235 293850866 300692108 320327097 321101293 324353035 340934637 357469171 390149411 407740476 410637431 410691244 414098449 455182608 464562919 472609332 474735711 477043040 486359067 487665870 500327839 517882829 520308473 533744844 535236736 545146068 571031759 572851304 592959740 610640396 611448873 640214113 682314259 689174860 693198980 694716096 719288241 723568963
30 995116831
59176221 88665607 127392933 142308403 205654881 214444640 219516369 228065394 256759483 263580961 277642059 279471502 339222666 345398948 349336916 349789577 360165354 362957357 364065772 381307196 383638148 398712121 417860828 425288106 434547005 437144554 442031780 444063278 462991964 511151078 561202143 572494109 579746949 609080963 609394157 613488908 617559482 619764740 646173629 665078832 668411845 671603279 672871642 726447550 736889559 737701535 750396455 750672502 774832140 782755329 786307475 802856783 817806279 846978384 877763391 896813581 907746370 931512619 934665438 934874043
52 984902468
10304707 12761032 16503229 21905664 36729301 45502276 56773004 57357913 70928986 94158701 97234350 99645923 113040234 116530980 131841197 139423943 148745135 155810851 170478515 171460639 223695702 225360048 225723669 226441127 241529861 249975983 251598054 251600322 274320592 287167638 287368443 310548106 346059053 350946524 354576288 357174033 363766075 372793417 410032075 411680199 415528925 419236567 434452021 442144279 449569391 455311154 466873988 475738359 485605276 488157003 490964169 499392506 513090111 517850643 537548846 541646907 556586930 571530983 579747844 585058638 588119826 602745221 613976602 617054527 638695164 639331366 641883417 645331142 646349077 646804230 649731092 659324024 701855735 705150122 708125387 715011494 738013566 741459649 753565480 764469595 766630621 768612828 781545522 782141654 810540998 821023504 839134311 850038623 855647324 856804617 867204824 872079545 886989174 887739742 898560261 899179135 899264706 902052718 903397612 910629784 917684828 934978745 958265916 962367858
52 893797560
728254 4695922 8768700 16743381 24734883 25192047 38225849 38242712 50587492 61714251 61934300 78008029 93930368 98496189 98726961 115189717 115435035 120686034 121494435 128359376 136962472 137630327 137770106 139845067 152815734 153896243 162958191 165495613 169545980 174650686 175928807 197431914 206805979 213440270 221717011 231674051 233976416 241545768 270453819 292011364 293095919 298020362 310936395 323866418 336551124 337030462 348917133 355262018 369473252 375788370 380141799 384319695 389277530 407289069 417054708 420482233 439376819 462985193 467644822 476233892 492226560 502943834 520274000 538772187 543690458 544374697 570839118 578021274 578118576 591820592 602278166 626264313 627523483 635900079 640315243 642386126 650425154 651031196 672605180 674187427 682360471 684562948 691291930 701472104 713502620 719203881 724690782 741807056 744156349 751762383 777352134 779795156 804573433 806294650 810956081 819593877 823070018 826278226 830867885 870599169 872491897 873983659 882953818 890490413
47 570960162
16279563 24306355 29765830 41691109 45238685 45514399 49798224 56647011 57238438 57507155 59775254 68325815 73818795 77381007 82383642 83508145 88201445 101330945 108630365 132962180 135382436 137528165 140296802 146413719 147004756 163995845 166909039 189991186 193626486 194268631 215501706 217328495 230055208 232233902 232773950 235062951 238539183 251652163 253943851 256090825 259397993 263744339 264218736 279351187 288136711 291919886 301178620 306199122 310515468 315542463 317158924 323622201 324670218 334126520 343700369 345439620 355169998 361046780 363867497 372682189 374915048 380350423 385482481 388046824 393480952 402152490 404154132 406797161 408325869 416323416 426467292 436756315 439140613 446544022 448715619 449153297 454067223 456808988 463537524 472090704 478928838 479057121 487358838 491193481 499648684 507683433 515812110 520036459 539862407 541310379 541702185 552645304 564849376 565651810
53 931732890
16662819 18409606 19235770 21217696 29979737 35118932 46568179 47999191 49394139 60120194 80054441 84053400 91226620 91614300 119489457 125449343 128799778 131466470 142441173 159708920 176591784 185050790 195407892 202037289 203759177 214917841 231190827 231839094 232185405 241114152 242502529 247620209 249582945 250136539 269556573 277481509 281181470 301355352 305785585 314829033 323209538 323382866 324902445 329072678 330192526 331667967 331728943 361083128 367842488 382934908 386630773 399793545 425277693 433764924 436539625 445101362 447205489 457382173 458008720 476689918 482816602 487330723 497144645 502363863 509372712 529379675 536830333 551430896 551568114 555297987 564792619 584225400 590160884 594200956 604606541 619661657 627532871 631951726 632503379 643122948 651728968 660676118 669097044 690610164 709948812 717986155 783537694 805528459 807259914 811474367 813283636 813293676 813805713 823184849 825071049 830095292 857535769 857774365 879484072 882349443 888410833 897924674 898810258 904080575 911334936 931033598
55 755796392
12061073 12477526 18156194 20193589 40599027 48777568 51844545 54368899 74638046 84237740 89811619 100178111 113768783 139041357 140307933 141742288 146654280 149488745 150007474 159358115 167529562 172515549 174200306 180562923 192862233 197262610 206644553 209340216 215428008 217185233 222439328 229203800 236690374 242541150 243166581 268607967 284967037 286416337 291327100 293380045 294721643 298322173 298686378 311769537 324761468 332539745 333386228 335547747 340204150 344510567 344843293 346263850 356990983 358319116 360240467 363393588 363596517 365911939 374154274 396794999 398253800 400490528 412286804 424561022 441834756 444698120 454452459 472445659 475605079 489850890 511313567 521814124 525520354 525649448 528018769 541860999 559196475 567530193 568639205 572263371 572459124 576289830 584651236 591794861 595583686 598384241 604332099 610076663 610119744 618497722 620535754 621833282 622055280 645241027 647077841 653248215 666802088 669674879 675747077 703587112 707443230 726982338 729479189 731863397 732486136 733507115 744334473 749387828 749704285 753374920
47 891632048
22442567 23076870 31343620 32114096 32433611 39640568 46469859 67800940 69201631 69343058 74179734 79825807 86648602 98971546 102788320 110676961 114925453 128156121 140077566 141063209 145466769 156584120 190355474 196942994 200339108 204208856 205684549 205728272 207928762 239063159 245851204 257448758 263302124 273703769 280432154 282289720 292602722 309578475 316506921 320361361 325323107 335814835 338783853 363262479 371035075 372427509 375035545 379950846 386404867 387411611 419262239 426954197 441425890 443010863 444062644 474343999 480285248 490454528 503162074 513740299 515944970 526597928 540069609 555822037 558111613 575972955 580587289 589252381 589418060 602562927 654543256 656489699 657059675 657164962 664295584 670152814 688187330 718974271 741010862 757105000 775235261 802080365 805351264 809998400 823947977 827675248 836220809 839642613 848436612 867139003 871509870 875679600 887576662 890849918
40 983694484
538912 1097140 21362518 22000497 42476642 51916616 55852040 89114540 92586897 93561009 100581874 107753032 120988835 125997785 132190622 133885569 151553767 155319243 169099842 171823478 204029716 204095769 216614678 219628734 260564934 261302632 269145077 270187066 283294870 287887157 297311538 299928773 315946697 327046555 334950438 359776644 439627566 443499321 451417247 485145034 498155193 504627715 519146697 533294529 555355174 560640799 567060860 606208593 620381236 628253697 640393358 645032538 656375920 660146020 661637734 678749847 682745981 685183069 692696425 697880201 702267420 731687176 732280848 735554909 741861800 746230171 758554095 776927325 827194353 837286869 841144698 860674505 867865540 880437076 899914737 901593992 914199110 916948133 932603831 978825649
42 693808575
1588199 10080989 17709733 20634836 32571505 40714155 41077218 44346397 49425759 49610265 50363410 50862633 71548346 72339881 79014593 80484042 118081299 120545921 143212954 163515376 164476951 169573739 172713467 181434881 194637393 218212899 221305682 229024805 251496788 251746380 253889828 258995646 263011335 268564098 292500692 296697833 360885378 368830032 374529256 375826065 393160971 403109395 407006000 410368375 413957965 421738887 423904422 439982536 446841178 452661848 457441938 465893305 470119828 474386944 520969382 528848491 545048302 554067426 560564541 561999859 565865570 567615709 569320071 569630780 576555349 579742163 581122174 586745524 586969555 591077172 593450361 607870332 615727323 626757746 639960695 643771432 652445376 653856186 657438919 661429031 668873604 672437806 677298367 677680154
61 657499022
6265672 10052815 12839135 19340204 21924819 28238952 38712243 43576195 63206040 63324877 66356298 67336057 70743086 86050221 88520641 89900029 90943181 103816019 121154896 122926680 124212969 126268843 128217907 128392195 129379691 136017457 160538562 167482081 168978769 172064914 176831206 177378908 178503764 180182851 184917658 188268035 190190063 193711765 194510786 199802312 200695731 203824365 204665338 211690018 212590182 214142913 221879494 225753122 227521677 249777293 259637264 260621597 261902650 281028199 284924140 289540883 290452366 296895599 300001014 302190967 326002464 342432442 346254046 346978441 347182361 352601671 360987396 371911688 371972219 373847988 378426872 379628382 387596647 392014037 393477015 395101105 401545540 402204956 405550050 405674378 409838517 419388964 430199371 433645909 435632486 443153092 455482800 469710763 472747802 472802216 478392460 478850923 483638944 499123710 500800124 505479175 532018826 534711478 540473000 545062082 550162969 551900336 552426279 554190488 563174443 568412019 570906785 583855623 587321245 595118562 607230019 608386443 609269880 612852686 616241239 617989961 621178308 636725788 643132839 646455182 651851913 655201743
58 656969085
4111959 7475506 8600088 17399620 19180670 27497170 28031860 36713191 37485691 47342700 50768277 51097480 62791364 73965281 83834243 89853888 90044490 91786783 96423128 112856888 117352593 131684924 140283624 142082597 147512540 151337350 155528662 155737288 155877426 164523065 172744933 175046212 175118306 176085219 178969070 179512351 183484516 184208077 186007907 192423955 192542133 192989901 193693397 209672279 223578751 237287438 241258409 244629674 252065880 271679142 295354586 299143006 307028418 315394881 317467202 320295834 345733343 352235417 353992966 365172876 365418374 366843660 373327905 380186923 383176337 386525717 389739801 390409397 395768107 404164129 412663128 421093411 437377840 441919220 449257619 452726186 458725989 458939980 459285991 470840396 474518755 485771846 487051936 487182867 493008383 493271370 499474733 505470682 505742542 509625449 512555701 514306856 521813688 528842726 540190481 550564288 562467312 568735305 570500644 572584876 587211396 587856500 593684548 596171327 597863095 611753143 612438594 616923872 617805707 620112551 621080348 632372689 634256359 642952549 644487295 646152827
39 664534568
11810126 13095542 16778695 29061596 44767293 47261828 53687385 81250881 83761134 106898221 108034600 111441559 121213444 130233086 141771787 142122021 144693505 167959894 183860122 190260261 191258960 192621144 210581551 230582345 241352861 245933239 246578371 247281614 247858149 248687327 252012703 260503221 265057258 268525435 275970555 279979355 285724359 286285763 302537269 303314597 320740389 337736753 339222850 362918976 368448648 377820094 381825082 387673531 387836511 399418779 401020542 408163296 409629868 440161049 462297223 462533673 465437076 466655902 479391978 480641699 481078109 496582484 500041633 510626301 537375451 539061429 556280919 568391537 574235725 580929220 581676162 585381493 601316353 616486430 623123149 650128577 654215347 664220062
41 610782671
2976584 8121717 13011993 14232308 25138498 29164260 39130854 44512050 49087137 49567236 69130121 69433998 74347148 75691485 84958350 88377509 101587926 103745900 122019487 123134427 166402600 167433272 168955243 181382861 197503147 209561906 218595575 219781739 224902632 227589248 230844019 234907676 236389205 246979580 252814046 255409503 257274956 287529696 290061287 297569843 301279842 304442207 304946047 311574208 319702906 324489034 333336619 334649758 334915022 344154358 346489843 349050422 350679909 352506562 373659949 378564981 378718667 393732436 399203278 401100145 401801593 421361941 443066816 458861907 478857111 492613838 505534646 508993453 514780781 515897636 521030480 530230533 530403505 533732627 541366082 556928975 558083003 562434514 563602557 576566123 604744237 608452491
53 843534360
6784049 13629087 45871904 68726902 71476569 84780484 99107588 99158331 100982914 104065093 107514174 114489629 115049428 115788258 119505425 132758248 144240100 144400578 156539301 159483106 159613445 170043055 175172946 183817424 188737071 193906636 209854089 217958637 219353847 233751496 234223017 238967610 240752705 247836963 249423841 251497205 253735659 255830601 262544630 263088755 283165678 283946251 289689698 294870254 313755520 317140796 327924872 332231018 337070264 344969232 375738369 378790268 378799337 406960492 415829774 416461094 418931565 419517819 420173939 423840543 434760994 438333567 442645038 444283431 454178536 455330586 456794414 457023579 466654945 470269804 498044593 504402131 537536910 570345272 570612618 582648853 592905718 602242378 607430848 609877290 617116068 628370695 633638326 635881202 651552996 682885844 690172875 707539438 719129156 721589019 754587174 758031561 760935922 767390450 778575281 779187487 786551683 792751097 794569464 810816598 811242093 821125087 823987307 824625771 826003800 832013878
44 761643842
3274936 6427662 18797782 20988982 23090507 38471022 53901980 89504090 94529601 110447162 113937474 142329223 162217178 186715728 193878299 202397940 219654266 239592078 246546484 266805661 283745938 285634864 289929793 295578119 300390380 302007783 305847927 322445417 325886257 327107273 332611548 338857416 339625108 340831955 342254095 344791553 347081743 358700841 382294295 384835590 394996639 395139269 399619225 402457373 406275612 407603050 425050051 433836621 452708286 460606864 465831018 467897188 468006753 470049941 498854285 500924665 511166115 513827794 515042465 521033742 535829709 547201093 549382548 553508389 565310250 589848318 600661195 605028103 609963646 620262173 625667809 636602350 636796928 645897233 646632029 649185497 650290666 650791411 664670125 670708774 678345920 687564018 688158187 688464022 700651352 743510515 746156048 760041671
46 639832569
975513 3049114 3587632 4264014 8351685 11331553 14277482 19012632 19235181 23062496 50314870 60604619 60645393 68831676 69767127 87022270 107660610 109839567 114863720 117968008 126614004 127443868 132047900 134366842 135081772 137675356 165937272 177013227 192581413 225233224 234509003 235131205 254754393 257904544 266221258 272446739 272579583 275411481 283061300 300703251 307202338 308897159 310494614 311815783 314209842 318446002 322437519 333082099 335432017 337326069 362214442 375039297 379039471 380397239 385257786 398210253 410963616 416500305 424506904 438530473 440786035 445281384 456390416 459118357 469455220 488890800 493394005 495294628 504757707 507132810 511733101 515973643 517398945 540750923 542486580 543569475 553595280 554266279 556217246 556839131 560152459 565525422 580451854 588146476 600003957 601776454 612212095 613101389 616286554 618753751 620665915 627068793
49 917787807
3407921 37333594 38154140 67562053 67584857 74960157 86962188 99011243 107458757 116771113 123593774 162966285 174675187 179083841 183139086 192527875 217136798 225580369 229765988 232160159 244407873 255375332 260358380 261273328 264183698 270291440 270384041 272799394 281776463 288791475 294194504 297166391 317732008 327613341 329505351 348498004 349215763 352837196 365321572 366260735 394190098 397111393 405164783 450740655 451299174 461111443 477118643 482747874 500861452 501855575 533689873 554323579 558584512 561027625 566015500 570627531 595593109 601350851 602618476 606870359 611158414 612817897 617587221 621281638 625744057 631785312 635019750 635419196 652237356 655768987 665736045 681203043 682216993 687406705 697722728 721514690 727111072 748338317 749594304 754169952 756676666 759734482 768193344 778632165 808660479 814618544 829321087 829868434 838021905 852572032 853309360 868067053 874271216 904776775 907526075 911277460 911674686 915814511
37 834513011
875567 9266485 56053303 73433656 93118560 111754889 115899850 143291458 144899789 151150302 151889964 165668003 166857937 179052133 200494963 208754532 218212561 218399715 228686394 247121094 253113790 263994255 278671162 284335448 294376205 296950929 327395376 332964274 342824940 386081106 399544047 405901028 419379824 439797334 469876297 470851991 492443287 495130269 511426274 511849269 516408410 520761515 522139952 539714594 555780336 566663920 569590752 573072351 604502087 606237472 620579946 628784319 629146620 632293539 635854318 645408892 646315443 660313057 661576403 662845417 676619904 682503063 692684445 701259609 711356794 712310544 741624858 752394304 776017011 799281817 801546467 808987461 813244608 820446616
53 988381279
3298430 23737345 26988030 33697748 37757215 90948494 97716029 99483388 101118526 115438248 123989634 126832507 141741885 182374769 184042822 200889612 202452271 205148516 226246426 256738037 257156550 276424238 276809138 281043280 293929393 294366904 302699284 311534889 327650033 328081123 338871333 343592395 369026491 375383451 386945035 387454655 392335736 394283824 400179334 400999983 404721753 427019656 434427932 450379108 472819452 475200127 481570645 504947387 512783864 518189793 536325418 545417084 555042871 558650655 565042837 568738893 570688263 573469177 588059722 600183848 629554008 631562498 633884716 636235117 640374883 646903880 655275477 657199841 668079048 668912761 690539617 728670809 735946393 751103076 761135191 770757354 771667921 784137178 791045433 795697903 818277586 830889439 841318964 843318491 844679219 848458409 859637477 867625717 876704600 879366475 885872392 900122748 901249772 901486354 907823806 908767293 911400485 933598759 941949690 945269740 955737904 957316719 968211397 971164749 979826536 987775311
47 621357874
11423054 16063566 16396263 18855919 38357729 46369277 48222723 55111848 56893965 60627384 79490146 88718525 93654784 98986254 99004588 104564710 113681841 117029769 118110383 118779079 120414292 122320985 128074680 129433580 132593486 160735998 162422457 177710768 202902915 226891177 228422671 240457058 245795819 249420592 253480780 271261876 274730439 277708513 278394502 285421311 287028899 289943630 290358312 296880363 301826407 306275192 318530771 329154182 332481066 332535171 336268484 338546348 340170931 342427854 346480519 348260354 349283196 353095850 363827765 396211663 397111385 398188774 406627883 408291233 412050867 415869844 428623252 431008472 452230680 464347298 472769538 478658807 491883306 501785381 503870703 508335051 511538952 511628222 514476866 514859652 518465048 520433755 531128480 543400519 545376784 556882109 557240566 563308172 588250716 599988236 604625670 607936659 618524433 619528992
47 557838518
3465001 3927624 6376560 16612335 20012070 24712509 33768924 37284172 39674645 49640788 68436599 70578676 73593404 78815646 81657087 82121377 84241146 94231200 98359525 100618306 101198249 121320784 134870056 135133025 139010600 141924517 143311773 144497538 150212872 154544114 157810573 175871867 177534082 178574785 181282207 182942988 191498464 202783936 203865483 206870148 218836557 219723499 231201172 239912663 241926206 253602583 260458970 261323931 268864423 271438674 303499247 310483881 314445851 317143955 317452241 320267151 331864891 335623701 342891607 362345998 362952134 378089107 378095526 386610128 419737637 419922689 420011273 425953742 428887964 432044781 433853180 440496739 445202744 448561500 449355677 460009048 465491743 466161657 472699136 476488863 478013160 480223218 481254348 483469064 492214103 495413951 506541092 524351578 525930712 531939123 535610479 538495035 541008191 544312690
42 954611965
14876174 31836454 70560211 77152616 77434327 79728389 97893500 108047754 137782014 138477306 144701001 151552467 151638940 152831251 154504606 157491194 167845765 175610143 199570484 202306703 207938543 245341435 260948090 271036582 285906675 290852724 292495767 298198298 310575203 312602092 317872833 349635115 363136278 374854883 389747874 398337910 400582369 416195709 424351833 428710429 428747025 436774113 438800178 439012917 457442483 474145985 475884975 476685438 478930347 494188003 511550534 519003971 528679022 534965185 537222120 540059594 543305882 546342553 548718461 570403290 574308700 581446742 584568758 629020193 651703284 663107075 687859047 689139464 690516907 750810722 753219953 753925099 759624060 809167760 821555569 830185047 855072936 867188800 879278155 896654978 938879636 939298338 939451020 943825547
59 952696744
12553334 14256692 18352349 39003976 39258713 43148531 71141803 79661190 85695360 91250990 103651793 114051377 119016123 123555484 140949363 143470784 153500335 160026313 177059452 177914465 182419231 188647196 189123487 189467113 217973435 232285719 233686475 245862509 246223739 246517509 252068283 252418354 277771970 281782603 308243640 310095213 319625891 321471726 322271318 352789015 354640996 356749111 373275050 374406861 387072418 400552555 407635334 418329421 421915567 423635913 437769668 438554060 442402246 448676089 454628339 458950919 465460536 466429150 467221038 471300605 472666810 480603866 516585569 533370640 534600626 542534902 553821249 556117977 562274699 571198979 574870537 587691235 614662809 619199542 620970758 629351858 647092141 660215812 662066609 669814936 673855684 675416296 683288398 695317004 707317823 710765684 712632980 726536865 727828734 730261983 736979206 766149615 768596418 779924492 781494853 787782379 793632238 797397108 813317837 816464119 818172034 826438287 841983962 860851563 861117593 863632673 864080824 868327028 873821995 873909927 896344751 903296641 915924214 923467092 923814334 933719209 944479096 950289516
49 573278332
5069245 11901262 17645371 19657902 28364941 36775554 41303544 46958544 49483557 49908342 52581770 56880299 67405501 68061028 74417851 82539694 86737340 96813012 101377743 113934549 144018978 147363171 161300731 166994317 171011829 171685669 173584023 191308280 193110404 209028349 213286926 214666737 218623350 221711721 231184819 235488539 246657604 247547813 270469233 276059078 283620959 284144932 286653959 287268287 296881840 298901032 303237148 307021707 308729043 309102663 309687455 310383925 312116607 314364631 315331731 318931540 328205863 330021566 342576604 342876746 343039786 349011136 349852203 373496270 373636227 375135520 377454815 378616017 384957466 392976956 394925173 421993650 422351306 436238383 444064219 445118073 452173519 455381234 467378671 467411889 471680677 476411737 479347214 488212730 494732264 500018667 504444010 507583326 520221696 520308388 525401141 529379026 541217986 546579416 551314206 562858392 563447825 568917238
58 558713211
6633942 12595101 30192392 40918383 42577714 43197906 44643158 45936751 52251600 53420264 56338655 61571165 63990956 67694767 71117586 74733305 75194059 90199684 95342941 96906366 102391381 107574746 117113527 120610894 131446399 132632830 133417858 133789896 137995931 148422678 156437220 165153833 176883874 179233215 179826838 182071848 193700601 195965649 196165088 200210753 210572993 212246017 216112996 218932738 224147904 238964446 242020965 243878777 246079287 246340188 248662209 249443207 253387373 267120047 283627039 289842951 291862289 294155506 296812937 297353295 301204511 307547641 309254131 319392374 319580171 319959671 322516750 332588612 335998691 342822931 343275174 343500871 348606802 353329459 355556826 359206697 374104396 379221491 381002693 381124487 391971179 394486801 395560571 395746975 395978873 401631812 403162182 407517022 414263378 431716399 439042637 443624857 451621652 459812457 459817787 465449048 475191827 478375268 481012678 489174912 496185141 497468612 500472130 502944995 503424302 515017840 523595509 530997797 533524413 539011152 539218998 539361644 542495519 546827164 548414433 548895545
61 622030471
5710655 11302968 13657331 20825999 23982215 31344231 37766256 50132065 54340431 60301353 65016076 66120777 75870134 79493180 83434545 86647622 93979469 96428513 106694415 113099928 113822483 122415509 129695157 130553467 131649915 133777899 136766515 142611385 144157765 150999121 166936185 170294235 174433338 182836637 184453935 188089215 189659875 200493655 202071223 202796903 204619766 206046737 206463338 207663010 227933041 235384533 236994578 238228907 250246575 258585038 266350133 267773172 269288909 281027944 283713948 290620859 297177239 303699525 310829685 320528130 321586688 322072598 325054317 325364524 327532316 332003217 346557647 352163845 357601331 360539225 360900525 365236608 369784792 370635314 385431338 386312462 388442730 388455725 404059552 420803794 424137955 425884950 426986810 435769805 441582997 444252507 445840489 450285996 453769804 457666578 458710734 459354763 464390931 469495843 478663485 493972076 504166012 505074715 509922367 510656331 515298773 525900600 527090556 528357490 535924009 540521987 549040943 554968868 556665254 559303111 563119011 565454525 568699625 569051801 580035710 587265203 587945076 591336427 592102992 594594149 598531951 607164514
54 989257264
2287253 51740343 53053770 55303621 85875770 87123073 94672486 102239129 110251424 114798757 116265158 122013987 128625581 134868860 137357644 137765528 138025958 149680068 156478433 181853281 198900277 212876818 217043190 237687001 241211460 261040106 275680687 276569686 287684866 295448292 302850577 305341842 309806499 309849062 312498506 315490812 320591268 321376979 326603984 371055833 375205935 380696827 385389675 391716092 393353934 394491508 397670225 405860977 413666401 431453857 431507257 442591802 443392382 445785469 467680406 483888271 486989465 487783840 489746855 490856348 505227404 506316138 510561050 526121549 532968428 534024365 562362259 578677927 587099298 614125977 632333189 653999965 655849045 665664349 673064994 680671506 687285645 703325238 704061826 714061256 716378340 725106053 754921875 756739682 773876288 774027965 774125888 788523547 791078464 816941089 830242511 830762373 844905056 851663590 866651158 868460565 911368845 913412955 939919870 940796408 948284328 955246026 958982126 962201501 963966816 973408922 979970413 981241252
41 605494049
4994670 13208179 15772020 20602116 30808022 39467755 56206990 56418803 58111302 58200294 70832889 74934859 83235416 101901984 104201311 105002842 133787690 146014615 148768908 151002291 154376557 155362426 172926598 175095461 179560680 180419810 186172775 195694793 196684533 242841443 247541744 251474280 257356231 259797146 264158123 266086354 286677230 302248674 302717530 333918674 342255236 345039916 346964642 358818657 372886093 376027099 378637178 381626928 383209190 388969927 394149513 402248435 402749893 405588374 405974510 406177125 412116593 440496474 447373851 447437932 451684335 455607082 461003824 463275162 474212401 476342219 481376488 492033454 519470420 526969607 529298164 531594009 533610600 543601381 547565086 549318088 550502385 550962481 572849003 578097761 584437382 587790031
42 760537203
6195151 8495650 25556957 30813140 40132095 42806687 45066479 53752196 64062167 73064935 84701509 91868502 96883895 128339923 146188938 168240169 173418572 177542282 178101637 197547188 200437996 200821884 211238225 212183625 213031746 213756592 218543559 231797253 242281726 245207971 251089077 254264176 267405517 268719309 280659453 280853005 289493307 305387763 306124112 343518966 348536322 358111618 369272702 374720316 388638382 398197088 405351252 418788669 419245392 420770872 446837013 449300804 453100941 460121214 463576604 466931004 505793862 508982023 513163958 515606105 522494417 524939853 526065858 526072272 549409750 572557526 589761900 591911965 593358288 602006017 603000300 606518025 607153329 617752619 637606754 656547878 664488502 689014165 691582634 718720791 723581453 725640958 733186267 734888305
53 996488694
14063074 45140988 46833096 70417769 70769601 84259066 95787146 99729446 106025876 119920601 125368881 125432648 157166669 161646847 171557295 176523505 185796734 190466098 201870458 202181251 222636598 236442376 244347587 245453420 258130990 313884553 326878740 332252600 335193892 342875898 348826959 349025125 357163094 366501301 374036854 377824240 392107634 394607874 404176808 406546419 408126852 423598885 426022718 445441191 483339877 490274434 491769103 508001133 513041791 541587392 544808623 548253240 549834193 551680142 559428736 563129380 578378295 590535649 593528285 601935401 602487308 606797307 616091961 620193439 625246037 631265739 632518820 645148891 651451789 657193185 708739959 708909682 710205513 710584794 712740553 712954973 713269810 719597125 746298182 749108343 763593061 768299791 779084105 782571658 791481157 796219592 803411130 818030480 822190286 853452780 858390188 859682833 864945669 874438214 882698737 883711059 886911425 895146277 899722748 942616882 967103136 968587805 973234741 981841592 984182659 987056634
59 541847814
2830167 3947040 18021616 25792802 28152894 33800693 41026028 49473953 55328533 58280970 60747197 62374887 64543675 67680887 73654185 84016083 87089426 88378311 89786674 90564111 95599192 99069765 107487991 107537698 114953159 117926431 140998893 143239446 148397956 152852447 154189378 162148935 165966306 167711359 168950228 172526399 176265513 201523086 202208376 202240268 203749625 206613154 207060147 208560540 222843480 223675991 224374420 235486680 246791738 247015380 254976966 262394355 262682181 263428177 263615587 265319628 266241206 269460320 270780886 275041661 277741848 278753117 280320106 282436840 284955103 318559771 319351485 320728060 334729381 341112270 341907103 344964520 368310309 369591536 370714471 374522512 375709052 383620694 385483795 388039506 389812302 392652598 397002611 397114658 397772158 398306339 414939586 418166600 419125875 421594583 432046905 438090794 441257969 448100095 458214008 465320097 467120626 468757383 471636276 476037122 481111457 483009917 486793709 491553952 497824110 500090431 501144023 503714539 506683174 512544078 515464655 515908961 518200549 520169035 520547193 528452338 532806774 536367926
43 972069352
4640109 20420219 20692285 27596127 27908186 33774124 44401876 57789047 57927631 70475593 110080059 120356140 172109813 203435547 214761783 239215762 247426149 248095524 258032504 258363390 300332615 303019175 303909069 304477316 310403646 319210795 347206482 370982771 390913079 398340639 423486349 430844495 447347614 451580904 469662441 470019922 499187285 499391922 500059717 504288915 504292228 522483861 525519026 538162084 549123920 553352501 558669744 561866215 566857616 575551029 575950598 577811173 579569653 610828745 630595713 660621837 669588194 676666454 690930743 694613881 694797649 752895651 765449148 778382257 779374206 798761541 800494965 800656168 820061416 824189478 829372907 834987028 835378293 836577317 873381546 879683073 885693309 905330247 908562193 911602545 913371807 920011666 928468925 933398504 953675737 955765590
59 677948975
4468862 12603664 24915920 24948001 31074738 32358851 39039051 43285389 51555269 55487884 61523613 65243765 70879014 72147848 83287980 84698731 90851152 91295162 92153863 103261637 103294309 107989342 110037517 121082313 126793471 136944296 139737735 140591753 151311517 156242253 162037080 165807958 170164163 173481544 177649062 177823799 187531892 191572587 191802693 197631654 205707929 208353715 212164072 221030626 222616204 224294742 227666307 237961318 240497518 268976291 272159385 274088128 281594188 288600121 290786423 297461967 300407331 324950594 326309672 328854663 332718606 343393422 346869149 364481394 366590365 369419182 375210223 391483044 392697752 392725198 394247339 402051780 404336706 406837812 410044017 410792508 417021645 420301257 422213767 431948192 432265211 439096568 448107997 450537410 454463524 456996086 466557650 485006790 497624035 499674573 503047407 506328207 516114061 533114808 539323474 542670404 546631799 552895914 560159359 564620942 569609094 576109160 579421046 582830129 594506314 598376526 599813428 603165875 605490215 607655523 617045099 620526508 632803927 633305331 642442215 648571470 657160037 659884685
53 672623654
9181234 9721519 19504093 20176568 30340990 33062701 38904560 50020664 51660809 77120763 78387191 80146708 100496906 104565206 104636147 109227785 115285671 118200821 135979568 139729316 144290634 150136499 150559738 160105936 165681366 169903093 173119900 176872411 177583841 182008051 198938882 205524145 206404842 211354221 218399292 222759218 224265419 224634433 232272260 242531848 257597036 263875359 267146428 270691250 283167094 283430275 284306440 296416266 297429246 308809293 308829590 324135483 325646629 331087622 335300319 346604440 348809215 352361881 354273046 372995566 384680256 394254563 397019210 398011064 403605639 404275821 426996525 433017240 436435300 445425005 453391869 462617364 467540969 470458738 471040826 474047673 483540158 488614112 513338953 514732989 524557656 535567720 537217636 544784989 547035171 549257028 550134888 550202219 552721700 567512730 570973040 571193581 572303600 580757253 585926473 599678810 600029437 601805584 622234355 623020001 627507125 630246069 646236064 663147375 664658346 670285263
50 988161234
1685035 6891047 33257354 37064109 52671862 57832529 73886151 73887937 96584949 98148790 103777146 124739568 144765603 148563036 151364986 168388401 170915924 202037362 207411041 211680743 218188478 222068416 231646476 233030489 233076365 237517637 267208688 267494216 274092487 274562747 291359825 311094189 315080938 316075191 341822838 343912564 353609409 360410933 371922168 377733789 390409451 404660076 421687976 439445524 468626783 469663104 472210057 481867755 495022904 505223260 509916247 515187571 540553496 556634667 569025315 571974995 576874902 579843715 591353686 591379439 591387888 601257278 603955460 615003950 618338835 627903812 646892976 658536799 661428393 665969461 680105706 680725212 694260951 707656974 723054178 734416185 739276796 755634551 768101133 771143048 777274347 798895786 802631922 827602727 828820389 847323434 852279949 864141427 866222618 882026597 889365431 890149762 893339231 914126500 917628218 917894484 934695845 964684227 984520641 987206861
44 855287255
27306862 27347672 34033466 45690895 50125673 55548132 62150337 74641771 88569395 120753355 135804550 137173763 172647983 180933268 203327620 208943382 211655707 213666403 242218630 243264617 257529104 266715381 283866971 290272976 298031391 306874962 312769263 322610494 325230992 339558007 347681379 353148734 368969754 374558585 409398188 411051908 446264377 452404106 453333442 471948132 474640975 490014676 505933664 519780529 534330137 538389953 547213679 547682244 571494537 574330394 582375221 599351240 614173721 620217603 625607958 631790374 632392598 639343427 640707926 643628759 652096553 661193864 662690374 671673284 673506121 678903597 682870811 684904645 720336546 732791624 732985274 737362699 742865984 773856964 786318750 786923613 787049600 792545465 793371175 795825507 797846803 801223857 802533090 815424348 817131477 817743385 823073775 851352757
50 789758460
3392332 13725882 31067490 39708779 45294717 48153517 58643393 59148455 76008638 78500775 79238922 82985867 84931481 99770071 109598375 138912996 156610895 158111660 159482604 168000682 175731933 200585546 215018666 215628735 216757368 217006421 217306994 217993634 222468903 228114076 243895842 253779192 255529063 284645159 289432019 292731077 295494215 296580636 302931440 303247740 305426571 307060905 321393444 329951573 337333182 338790247 349113129 351904178 375108814 376463518 381507488 384611533 384859194 395876592 408843197 412691381 424370621 426050434 429703914 429940549 439854416 459440776 470032966 504195310 506900948 523999679 526002368 535206549 539244539 542834257 554087941 564983595 576172060 585994618 588105264 590466723 610322146 610837261 611317073 627629466 629589023 632826131 639256093 642681384 642781045 652826234 654131553 661778611 671661045 672594671 675381793 676452625 679573251 696395524 697867704 708126303 716965687 731517695 753718610 788245972
46 972115768
2200983 9881132 16683670 21871698 24349043 38664163 47219584 62587615 69681926 70733615 80222194 103857580 119414807 131293653 150922028 158417799 176116275 176866544 181624902 202083472 242354968 248834788 251186634 251727051 254325327 270239834 281939700 285121403 298847951 312335786 313440699 324765965 328647488 342476955 346810501 351685855 370694442 376972932 380199045 406846660 413319186 439147668 458963012 461612446 480914719 493136850 504315567 505532604 509639861 509861764 517001668 543963293 559670065 564733286 567955068 602016146 605510870 614608543 618657763 627796154 650190979 653939345 665058486 683164402 686075785 690425379 696316026 697085102 697701771 710654944 717633362 728244695 734761440 744169095 752574375 765840347 788877357 799047531 800695200 802719488 816468289 834643196 842630226 856104533 870127666 881316303 894617923 895076122 914104910 923967903 945723643 957918314
53 855298317
4566964 5116813 14822324 40630348 81540950 84496763 96449520 98754142 110250464 113026191 124349016 133322815 139811170 144224354 152567011 160259093 176712995 191209292 194639976 201563089 211029220 212468719 214976033 221068072 221083358 226981011 237810024 244924850 252083642 257040530 260431056 264025139 270283136 280248172 285481340 285878102 303959893 309297597 327775698 330854360 346662956 360391220 362825779 363841389 376549408 387580084 389321310 389811746 398310079 406388138 410549440 410557617 412272532 413260131 423628083 435409329 441819938 446926216 450476443 457524484 482182125 484278016 485142178 487013229 488864504 494139175 503451725 521568089 532797460 536028254 551252358 555543981 556131619 565259181 574302412 583027065 589117881 597684893 600904244 603544564 620520069 637429225 643367022 651518815 679178275 702582225 716451104 736092683 738165116 742575981 743581225 755175293 764522324 776130554 779132693 788076541 795634005 800657692 807507130 811362583 815924581 818932359 828148765 842251837 850258440 852260654
49 780778122
1595260 12551585 25135246 37591897 47986789 51001966 52572057 65957075 67283108 72000908 105922304 107130936 107660136 121217993 121690905 136969309 148973530 160865634 173599570 173817500 184086952 184429730 213441301 218954179 219179279 227350212 237967442 241180664 246504776 246658335 276966663 281682244 289526925 290993226 294857822 296477937 337712217 342756812 362813785 379727790 381904796 385048488 398055788 399056286 402297439 403206719 403789743 407207294 409970772 417087856 417492141 419837460 422502723 423592323 460695039 481005703 481245620 503179461 515266651 535960990 542639865 554124992 560959836 565978424 574546263 588788344 592209794 594116647 604320018 605505259 608987590 620389457 631518165 633168997 636084438 642214319 650873822 655904948 665936164 674120823 684301458 693998643 708140778 736743227 737130639 738676616 742282512 743896791 748237491 749591349 750904617 754274599 756956497 756992888 759104480 768341147 769802553 773749677
59 582081234
14640839 23511480 28851409 46734148 49689339 56665921 57154634 63383235 69712115 77686423 78279071 80951036 81667202 88431739 89171054 89460902 95675743 96334622 99730036 100957340 103678610 108988077 116291131 125574200 132142101 134100303 148334951 168893945 174495816 180960576 192761456 194793559 200089971 228424984 229624485 230598501 266460946 268673547 273816107 274784732 281116293 282884314 283209764 284278811 284966244 286821352 288870469 291972639 293560216 294915477 295659757 295945812 299987488 300194010 303580747 329129453 331661233 337469915 339151872 340246308 347920841 350490542 359203178 365264277 369025000 370307264 373790097 374838016 376383356 379161946 380091850 381525455 382310524 385851255 394834418 396629437 398479257 407844575 432261736 440985668 441632928 443446643 448624390 449951225 455666129 460862845 461464571 464508119 468735031 476291984 479267318 482042813 485654037 496741336 497853112 499841351 506735477 510621562 520048749 521980837 523042195 525673526 529425150 532357862 537174418 538569363 539258036 541204468 542858921 544635192 546249254 549086485 549998808 558285506 558723928 567319477 568532028 575602121
34 573371691
29632633 33604359 38124463 60974496 70747056 75789776 92931512 93819264 94093728 95612323 101673147 106920980 107839896 120830170 132777110 139035792 140534201 144557325 145995022 151185170 153459205 168946608 180444742 181317477 182752554 182788451 189694830 190918872 191009784 192624825 209024903 211836573 252259709 254762764 264078945 264484954 265451572 274495113 283301942 283811145 287944514 303984516 309644621 311953843 315751968 322995162 335389305 339280389 365086822 368913754 370085181 371480956 400628684 404669398 418394563 426839605 432702450 443422077 459211176 464446977 471376528 499538190 520515826 524273453 530249749 536255697 547098279 559803962
49 892861031
10653724 44688578 54595328 59751281 65867382 66745878 71130524 85265689 89722177 95313425 99366735 105875641 111119586 116014585 117095668 139120468 139462837 158411792 158566900 164081036 167134049 177880662 177933474 181469511 182911735 197881148 200441272 207270477 210258339 220601463 221163490 237860909 238307287 259105264 260592196 267436256 279062725 280942391 295640090 297248583 301553274 320231906 325550599 325771332 334316013 338041030 379870615 382415459 385127121 406400930 409446383 450143835 469224385 469282819 470321233 471400257 480155520 488308476 496921105 517789363 518948026 522659388 529835822 531555487 533793434 537119113 541287082 544787399 562738429 568669478 569641918 571386545 583241184 586120645 596777525 628295209 631614238 655472013 690373712 703400347 708081557 723787968 729513953 734446465 739941516 768917576 772720308 774099798 787463345 805198418 810918974 820743945 822346888 859233269 864094142 871781376 874067505 879134035
46 702790810
5686574 7740506 13349199 16049163 32166659 33956930 70694431 95426502 102061110 112170632 116494146 119908476 132598630 140281418 146578292 149866784 150515483 155121556 167637179 169905116 172105249 175202718 183514199 184510954 187442368 197158943 202702355 206243445 207904726 209381012 222993181 227907543 234855712 242250386 251867547 257699607 260315807 267400306 279679624 282791778 288861884 297126257 298766290 300453663 303603885 314049307 322734706 326960282 332661953 333381602 333390143 338501267 342749265 352969073 371943124 383210347 385991450 387199952 391503136 411949354 427555682 428214429 436370455 455855124 477320479 495567421 498662263 503929923 514707484 518235132 528510952 535978929 541936771 557927518 560369652 569035445 585860785 597307432 603328970 608834087 637449204 637941835 648477715 652774044 659808055 662667795 663130285 663998579 670135795 689987253 697014806 700022895
46 695090278
2855799 7448509 9113573 22950513 30482700 33682499 37737332 39558595 55913124 56216321 56509234 71835278 78161041 83170577 92603475 105894885 111944722 117033987 117562598 119216826 121049776 126039260 164730716 172507754 174034957 174874357 179115911 181081552 188899885 191066553 192743298 200049428 201178045 210211992 232274678 233067221 241165939 246996295 249521475 277578589 287797590 288863981 291737835 293050233 300856545 301786572 306285074 310352519 314232200 316507949 318337524 330126246 346709679 362882764 364834525 372022685 376033467 377798915 390714267 391258980 413528149 416022053 419873213 426752977 438110898 439187452 445426690 453962957 463241171 483409043 485373694 502766224 513519161 518270364 525846011 527002125 528593377 549513341 568066970 572887192 576827774 582260585 597122061 608414575 614586811 634326064 634759429 637929297 660238578 666161318 672932008 690758046
54 791796438
15189388 19737322 32913162 33834960 51058093 54350789 56596283 61088344 98253871 99796964 109200246 120190885 131575866 138504529 144742882 145864912 150284672 152796175 158269546 159923154 163613679 164977485 165104543 168833659 172110675 187231549 209514127 210811769 213332015 213548922 217094197 232041435 252028772 255917541 269122754 277648797 294980748 301389266 303487049 324110230 331300236 335983873 336340141 337779783 347212731 348927129 353154992 353927471 360752392 391623119 393543915 395596295 407791895 408119495 408446709 446748170 448983218 449053383 450198855 453152276 462001012 472946171 486591906 488019012 495898280 506769594 520872160 521689251 527644914 529158719 550981505 552854230 557918646 564605319 567836717 573170557 575055652 582729774 583441919 590471784 595918018 604556908 610339086 610484712 611300208 615126009 620198247 634634943 645218305 672002427 672464691 673334477 679463624 693307383 700166479 711307227 715367250 733096349 734980151 741130812 746007159 756990895 758580102 762203613 762463074 769839284 782700937 784564395
53 624818320
4669263 20918020 26458017 28992256 41110521 43863102 49644508 50377377 55453268 55512611 55713461 59374103 60156741 60943550 61660611 67834635 69760949 72361453 92757933 96239582 99554481 113203918 116682964 119285149 125712083 126515837 134289039 136609780 137956569 139030116 145312120 145364742 147976737 157204423 166851132 173471916 174288876 178283704 182141510 183032200 186853929 190377205 197080343 199551673 199908872 219955604 226953584 235688092 239490544 254430681 255072417 256659053 262364599 271568148 274506019 274727020 278837803 287412234 290264209 296280651 299090684 299626744 302111816 309055933 319059988 326555163 328887273 329351381 342825637 347403974 351361982 356600224 367504559 370788787 374151560 376163049 386587498 395054106 395918710 408214029 419424085 422323993 425755440 436810805 444902890 447338208 458411642 459927290 467442396 491330076 494679615 499921175 503979910 513322469 521570212 525955337 533573664 535768320 558633991 568557252 571143608 571956366 592070950 609307545 612965642 613027730
33 552595985
7534019 8127193 11422682 15777806 34291425 41935712 64675435 72222013 83720060 100780090 109505566 118686371 123786859 124154549 129747586 129802700 129900139 133623282 171974476 178557446 184711711 185273466 189327410 199600594 208811725 212190934 219155711 226828723 231291118 233119859 254385036 255296541 260188132 268395155 272576069 290069859 300879296 316378796 320638412 321573088 323843546 348915402 351633639 374834885 384619617 398422580 403420236 411762219 412492455 421603070 436022360 443640406 443988985 450848612 466753554 468746348 502109800 509181219 521876521 524160498 528091193 529369863 531457911 533799210 540720351 548274727
53 912381653
6259036 28852826 29935577 30060304 30732406 40459466 65331833 75277374 87953552 93462247 105784139 120656271 130120929 136261124 145946629 147351633 160983792 173126521 188859269 207381447 207908883 224431445 231252436 238582163 238642340 254312768 266252700 289590441 295279866 298907350 304464455 326421405 329396489 331147907 336994101 337879601 339518689 341051207 364695957 373975014 374083896 381660122 383497397 384727630 402370711 413328568 416053451 420604872 444576025 453700315 460058693 471632783 506932899 520290787 535280186 561868735 573629956 576937710 579386995 587340652 589225588 589494204 595148499 611171414 620153282 628627832 631434759 636599299 637114125 639358338 650353552 651819491 654331222 668253213 676003440 678938607 679931809 693247930 693815471 711045710 716048936 727279485 730793472 743501790 745383334 761639794 783656928 788777933 796319572 803242922 805386390 811747861 816570033 817397281 819489496 829910936 835159178 836311384 848214153 859786585 860271344 876852472 880660462 902628933 909273100 909979298
40 511174352
11692402 13792057 14627074 19533038 21205771 23690670 25025825 39834435 40935424 53354071 61433369 67939165 72039204 76705585 81540306 88357558 97218230 102214827 110719769 117026446 118370891 118393030 121746542 130153022 140510057 141854901 147621331 151568074 155402713 156456670 171827945 172629415 175619686 194300738 196030452 205469838 239819535 239880660 246488716 247168048 254043420 261848731 266815622 268370001 268938869 283123348 283181733 286927017 294185273 298112276 298581143 305256518 314104379 326934947 337433660 340916182 348586151 350041223 360922380 372095908 376658257 378636542 379449932 382667762 390085687 396017113 405262960 416351893 420299824 424347023 437956912 452611079 467812243 468395743 468862337 470038203 479954422 484176537 501749575 508550459
34 768822323
33667602 34002695 59845748 66951922 70738881 72352778 80722914 95053485 120872412 139940764 142533143 154944441 180580031 192175791 200318160 222439999 237028522 244929947 262990438 272423585 272621677 287678614 299873206 331262565 386911172 396094213 397030853 397820980 405051077 406497415 427872175 438058818 439081670 439358019 452664381 453711418 454884292 465677905 471155575 475987790 480463069 493096204 542991084 558863943 568694740 571058923 582052127 584533472 593144920 613577272 620127928 627036669 627645272 628101842 636298524 648384615 657085546 660396430 660402241 668887379 683546336 685877057 711413050 715155503 738278859 745861711 764061922 767671599
42 718228890
17952964 21158103 21603709 23438525 42317459 77155427 89274534 108518341 129897875 137770882 139355527 140970740 146479950 147696810 152960705 155719435 185596376 189749383 193671156 203412787 204482357 227045570 236473801 251664273 253396124 259814698 264223093 266383841 267473005 277955993 283444293 303689033 317780902 334327404 348603732 351058487 353163155 380719273 387848826 388128183 394854550 400504923 408392358 416624169 416828977 418677164 421752189 442688268 460472372 473711451 484970442 488783528 492230266 496182071 509716623 520894827 535214553 536642023 537017630 570378268 571986621 573764204 579338722 584475335 586205585 591175935 605094652 609847269 610713434 618103218 625100369 631255570 639597090 641613364 643691257 648100971 652983630 655820673 662683875 663506906 668526162 689250649 698749033 704836311
56 957029459
289705 16015222 29963630 31331645 32982853 49038628 62808462 66999723 67401850 75900426 78492846 90371869 125816709 131656042 137569111 140737004 140803561 156854195 160167209 164302356 165643473 169008628 177272655 200371260 209820956 213321349 215841201 241803865 245996845 253497677 287285175 298562610 308808337 309581368 326830195 328153766 331478401 337310298 337363548 338097635 364372664 373556384 395771211 401000434 404569641 409841534 419178508 433040612 436682544 452248895 457246841 468753642 474371139 474460150 487875322 492710507 507199199 512145393 515363208 520443920 527001384 540490190 551541276 552656793 556634866 580931835 586368212 588427632 595120042 597732690 600662072 601139844 608737869 611227718 613586026 617996903 638107827 644766443 651412040 656875285 658749626 672399941 677794868 681655049 686402156 693417625 704929329 715085104 715667192 723940072 729277270 729529888 735388741 771974332 773818593 785385789 786708873 786950211 796536334 808898555 834883529 837902955 839871457 848210685 851626831 855490297 870231565 879562561 904309269 904429235 917279019 931200787
42 534290806
2902810 7676312 7827908 12488287 22943283 43369621 49569041 60035900 68170301 70854072 85323123 85562802 87116489 89500472 102590904 102766662 104782392 107842745 115477754 115722121 129735643 133243587 134516755 140230438 142125869 144562061 148979598 157064752 165575172 166097220 181079375 185152563 185459091 206245999 218462302 221443675 222853996 228151806 244762925 249433084 254616228 256371168 264765661 265733090 275051379 281635965 290733963 310028503 315560791 316385820 326984881 335542613 341097911 347305303 355832369 357288856 359650391 377186655 385434888 388550389 392600610 409328838 409695241 416430268 419990381 422458290 425329771 427848146 430939663 438353509 443045649 453367455 459558247 459671659 470626134 473432438 485420376 507282082 512259881 512757120 513187013 529758853 530768093 532416239
59 736720882
5012784 8063359 12037130 13867623 23363165 30020039 37656462 38659553 42138844 49169814 49328627 53776915 76389090 83221641 100519387 101151809 102157291 116683939 133085369 146366879 151972487 158441501 165065772 176463986 177195012 191096095 194449116 195943134 208727917 215620752 222738334 226057323 240056401 240894057 243048545 243687031 267239274 281096559 285876435 289475402 294076401 305999395 306183184 310576535 316322020 317920530 323955307 324698112 327705563 329381700 345943594 346053521 346417491 358308740 360302959 363604129 363828147 367115593 373617076 377445564 379133516 379996297 390606226 398649910 399033633 403995794 406696828 407137932 407448828 422627591 430030843 430391204 455210471 461494022 490329566 504419010 508603601 512069196 512797501 519051886 533251414 546437673 556987672 565355287 567072500 573737765 576362689 578025360 579148301 583105664 583862542 592027298 605252134 605540421 606773659 611455159 611774354 619734406 625227425 628865634 631460413 634730670 637906382 642308802 647889200 648604490 649543689 656648745 659220826 686458323 688793660 690337166 705605294 706873852 707836025 725701364 732660203 736559900
50 951819221
3275905 9046340 9597134 15704084 26683390 32522453 36366096 38342222 40861544 57941861 76377271 81014218 112093547 114633032 130755177 148518924 155997925 172981650 178232647 180517965 181780240 185397751 185845906 192046666 196517601 197620225 199357864 203215658 216333328 219001850 252522681 258249182 273079985 277804488 286542409 289341238 291299834 298276025 306989102 314992109 316994592 322440338 342016719 346889424 357287397 383247616 384526868 399375890 400631285 423631936 426976230 428263545 446151483 447946638 453632616 474039202 488584426 489574210 515584799 520305264 550875562 572503038 575805627 578640670 587192628 594926394 606118184 606711070 608034818 634238225 640435806 643912098 644104822 649435888 654044861 667907280 689041456 693129109 717379973 724315600 735581623 753356247 789589786 798591868 845801294 856271081 857538160 861404898 862199215 878082281 885029303 891574445 900907333 908265001 910957820 911448994 912953949 925644308 942077554 951343190
43 732304967
14662644 25754695 26660682 31833681 45348004 46862943 50249547 53833790 70107989 75586232 78774454 79803103 81959561 83421634 87271091 88021533 88368919 92534608 96718125 96928177 110478244 110617635 151376378 163991645 174636524 203900589 214265847 219431802 240461230 243416124 243640283 249849528 256478167 256856803 279640199 280909175 281120134 287190123 301187994 332701016 333427307 349212646 369056612 372103753 391178616 399519650 399941212 405887695 407858897 408781486 411526512 446344413 466495584 469042559 473355892 480897300 492296100 498487255 508561233 520531225 527082333 527658026 528108873 544414681 547330461 555285302 555570109 561898923 568275837 586950486 589027889 593700532 598017661 599772683 603843429 620074929 626671840 636885040 660546908 661598428 664155196 711222676 714176546 715565777 728861357 730650946
48 905107269
5437062 7463221 9923895 19122295 30514072 42592699 47077786 52828406 61729468 66772645 69406610 86453162 87240999 88492632 104072533 105896036 112038861 125652701 149539121 163035125 170513959 173458789 174171750 208406962 218204413 220980573 222805072 222852137 225083143 259480690 292531611 299371559 306766324 309751438 314083726 333062585 339359697 357338838 376870211 381583016 392484557 407760102 421969174 435990335 439979817 441894118 442039664 445568484 445578978 450739156 483311999 483551367 496210563 500082613 503355653 523485608 544282110 625893401 625939834 647876208 660255130 665938031 668352717 676242357 681119655 681896154 686895027 686978572 687367777 691007870 692717986 692956496 705058226 714181334 722744860 724058827 730470159 745727215 757482710 761577366 771090010 776844820 783143316 794278250 794917849 808690598 819173632 825259359 832469735 837577919 838663022 839690173 869705110 870182759 892415778 897975900
53 953374277
20273324 27297741 54667346 68245638 70237376 83712084 98200172 124935128 138715421 156023930 168744158 178403280 186458114 197685587 203803569 221173721 237818667 240115774 247781795 252268376 252968852 253824554 263559097 268861449 275482876 290332098 302130952 306506093 306582417 308283286 318036471 323986906 345532110 361302430 362481479 364417253 370928472 373124484 412601407 415406518 420240837 428355639 428911157 433116933 441421785 471614041 475330078 475623482 484405467 490216411 493484202 494003761 501222717 503368468 521639437 531042208 533987235 544319957 559368161 570063214 581680993 604168988 615447000 635222197 653634054 671950337 686747807 689155241 689394178 695343340 697265343 701803196 712830848 717338070 718170424 723071804 726415567 739327598 742934774 748179724 751527299 758238051 777759287 783903605 785659755 795647982 797369076 800934509 802511502 803283594 807252731 827969421 837624265 844194520 847529653 859181037 860420436 883176578 883288905 885932069 888778431 893821690 901390072 917455870 927977463 947464630
39 650467325
448733 33750500 36998198 46442396 50557930 52468118 69708003 74539209 75081560 84836627 86423360 105057594 134017758 135089372 146141817 152326128 153750389 199033926 206506461 216064493 234548643 236758670 241288261 242710768 258883779 265016842 270716533 270870374 271634550 275745616 287285723 288272429 293603696 299121947 299844272 309967504 324593048 329181481 348619106 360701538 362018914 365682067 369875370 372398055 377378211 397872581 404384239 409057222 411994792 413473187 417379338 442694917 445913108 478223553 490056812 492733016 498961502 512047771 515042522 516633359 518783294 520633380 521188750 562768057 564489625 569282002 572226717 577854651 587137595 588942798 611854743 621006370 622980850 625690034 629886388 643121906 643605659 643941164
57 670107741
3121788 3505089 9388632 10945562 23253229 24236668 26254717 28224311 47576559 55859145 67543095 68239500 72780781 73466074 76038329 76966939 83634262 88645775 94263568 110492313 112670980 145226826 145703854 148740122 149414886 161772862 165140441 168263493 169850514 173767934 174768135 188038412 188174768 188393316 201883033 202582998 206023241 206057233 206822149 207222819 209359914 213687571 234608575 237531889 237813298 244878244 251039829 253366330 266057614 281019867 293390971 293568321 305475679 307265324 318322620 323049388 324391362 324803754 338965820 339279373 340368450 341847499 344619998 351395546 370739198 377442404 381452194 383980872 384094695 397330503 406645571 411632392 419210148 421847387 422226343 429380059 456077473 459373743 473187830 473729438 478849826 498195028 507808290 529732154 530996585 545261838 562464295 574497363 574688824 575274494 578707182 579735195 581645604 587379948 590998487 607015822 607427028 615881962 621304892 621428289 625870176 626647226 628891919 629377887 633050520 633139828 636336164 644218698 648329121 653988763 658164831 658639787 662309147 666481944
48 887946634
1303809 22732053 56979179 62822637 70629891 80061533 101342899 120227411 131812301 142504693 145908990 151508944 159714358 171197134 191417138 199685414 221624510 226145953 228683112 238463034 252526728 278875060 287442048 309931509 312460313 319485249 322163256 333866720 371560891 372025250 378105431 380113549 398419462 418750546 430518457 432786434 447910492 453639663 460634079 463484448 467493768 468805048 481246376 493681782 503011989 510443135 520036465 523627299 529424214 542208324 546401471 564302029 564459449 587052965 588413112 589056072 603329798 603612815 608071099 609400839 609535924 610441084 612285787 617794690 618288080 627249425 631419678 632413864 650251797 658973326 661069434 661334341 680237336 683562702 701415937 705978163 708858186 726592948 741236648 759634066 764622130 765385219 776943271 779932691 781798404 783527671 790681292 797777575 807577791 808136207 812725446 822567729 832226733 838864602 867235555 885087525
49 887494130
33297345 36050293 51424397 71094742 92974868 94200166 106389993 110934001 129852818 137758398 148891947 149442239 150026140 156565583 156815611 160875717 162046046 180595110 189996038 192026712 226562432 242078252 242597578 243234628 265836728 267275938 267646860 271153133 271640529 304716406 304818764 306099350 310152915 318005303 326180196 330058393 345280741 346354606 357603315 359483167 361920893 379402048 386124100 389407859 400646229 404698046 414780363 420001406 421086095 421390195 439862590 442049428 489021665 496904952 509617673 525328660 527402649 530012487 543704544 560600429 570445198 580909585 589589319 601107028 603759205 609785578 617788295 618891676 623317944 629519623 636572446 637031883 639545264 641251107 676378565 680677009 687184579 699745839 708735394 725615601 735451778 735869308 736861533 744146939 746442774 750371864 752514921 764446783 776660045 791654773 794720003 811357063 832560756 845416112 848864294 853164692 856490690 883338085
45 750064078
26049380 29957180 39717371 62275368 66157767 74207693 87929834 91776943 104664724 107962214 131777230 133170045 161912001 165016679 169047042 172860549 174266055 180974477 181043655 190112490 191754511 193974559 201629990 204930615 214745075 223535993 225438280 237722467 237957290 254690494 259697023 261219106 264462882 265851780 293408878 296407055 302822713 305883976 306469977 306928811 313581101 314398527 348464223 349189693 353121115 362583589 367648825 371286200 383033327 413730107 424319586 427122990 427845558 430246375 443270163 453210343 456646803 458354839 463221491 475057236 483598634 485090994 509676624 559385260 571321390 577785395 591113705 591858416 598605779 609377741 611641838 612933799 614542161 642985162 647436848 653489479 662404904 667876198 667921317 672413659 681956659 684294099 684724199 685278795 685441097 693729156 704660742 706242286 706921573 745475578
45 670336841
2295355 9072360 14427844 27878351 29120941 32534719 49741008 54165808 70664865 88128287 91898277 92572369 95016471 99053561 109708389 114524555 137086241 140274306 144774175 153645419 154766996 167981978 189355900 194265163 203466617 205437026 218776116 239718212 241016120 241947833 247254706 252501965 252665377 262970637 267899582 273803896 276497777 278901514 279185617 280020803 283813785 289817069 290447661 290995401 314652218 322608235 330432267 352109296 354567077 361919142 362380410 384441532 388613134 396114911 401308662 403135874 418249715 443512694 445736576 462581117 466222844 482722280 482985988 483326349 491354742 498536248 505232895 505585715 515517614 537630099 548126104 558995786 561683909 566253450 570466274 570496165 580593379 582563000 582763149 584137313 623563566 630115714 632438997 633856172 641409376 646378596 660953812 666685667 667110225 668300496
51 737320973
19225259 27229948 29087281 34777708 35370845 39238320 40138417 55137444 67290820 68088325 71587658 75549022 84866406 91281533 94212182 107570738 107835874 123475698 135424768 147283840 156277769 164854853 173956709 176940397 185714073 192296669 198092804 205389743 208253197 209024974 222602809 234903964 237780462 248574991 251464329 251472662 268461978 282130574 294625368 308839900 314660407 327451997 327586376 355166791 362708668 363519600 369498142 376658519 397444260 402538823 410396878 435219231 439749246 444435197 465179768 473222526 476692242 479684117 485368030 498844185 500642499 501040517 507434136 512108092 513821535 540419167 545033681 545759348 547613310 548295202 552669000 553404811 553771434 554185896 558957086 575669973 580425511 582432887 593195349 605107128 607298456 611620598 611643745 622146785 630765750 631648277 635138499 653738437 658643274 661250542 668780157 671433017 679540072 712113885 715809501 715881829 716547731 717397598 728971427 730876705 732055887 732686243
35 820802363
2365241 13709462 20398047 30777609 39847076 43637120 61394090 71805216 80909686 99221660 173614624 210238888 211710681 212378872 215356815 225858997 232605812 248007948 260660380 263650118 279061219 321123385 321358220 339222736 344621025 345409138 370752663 380119206 398448443 400195517 403594281 418391073 427778480 431197285 435565371 454379581 456850404 462861802 471403264 472045401 482347840 484723402 485321637 517776664 523633296 538045901 549400136 550523578 582596606 604154851 606163063 621573641 631471896 644372667 654607415 655061902 673313933 683787859 684667579 698974640 701621931 703831939 714728943 723573261 748768837 766410310 783892075 787184379 799016792 818005851
51 631703291
10861748 15378007 21805762 45041973 52955876 56883806 62338786 65348635 65935039 68166771 91842651 98362175 100976742 103310947 108866016 110055081 111677087 112890371 116364383 119468173 122638941 123029340 125172350 126739471 128492450 143106625 152807349 156243311 156363957 163963374 174688358 191602628 191626047 198846329 217500559 233213446 247334721 257876891 259048049 269538362 270735832 276097832 276242000 277327261 291748455 293310367 294659495 301267201 309397665 310380899 310980552 316196612 326360231 331357796 341746869 349146668 350561088 355950695 360293088 369729534 372125017 384786281 387512448 398617684 398948922 400604674 405183051 406782110 407188627 409145792 413610011 415912582 443307833 471758833 474235235 476319725 488000388 491686463 500092644 509701117 516311750 520217021 522414827 523157518 524061446 525422728 529008235 549313785 552373252 553235798 557841074 559894310 565189478 568339539 585464907 589474041 592340860 609846021 611060282 612189413 616808491 626185749
55 673076141
3308959 9362014 15365683 16598608 16846197 18524664 23184405 29695655 33260894 33812481 35034142 47849866 50750924 81633998 82486708 89491630 103019236 112808638 118150388 125044566 125729347 143547192 145621956 154175349 168380563 182729517 183756451 189915825 203200794 206274097 209193008 214150505 215860069 221029691 234330047 242781565 243786010 245218538 246143956 250162661 260711535 262751786 264369431 268279783 276391942 277174654 279043031 280742305 282973050 291799504 293876968 294569541 301561270 308290704 317631175 317840327 345031738 347993993 354368378 355501302 358567849 360933235 365249859 366441994 367503415 383119966 386936974 395831857 398155594 398541843 420879853 422484257 422761979 424712853 434119942 439117982 439145620 449886155 459889688 463699468 467987714 474906351 481231555 486626127 487397695 487577015 493213798 511496365 520448205 523471310 542664549 542904563 550801338 551413329 562895346 566559816 567255298 595358660 596060189 596954701 614872594 628893010 630024370 633953680 640268055 641803139 645739379 658523087 666886520 668929536
50 571919384
14561135 21752268 30375473 32169450 40923381 43759145 45270754 51764719 55924612 56734488 67995433 80185681 88026334 88611243 96813080 100071906 104670139 104924471 114423400 114909709 138256738 138337873 141707968 146677138 153695062 160249904 160948028 164623393 174072862 177913993 179305951 183300459 189402912 191237587 193869465 194002392 208505477 216797376 222654220 223436965 238619376 248090975 248915633 256885678 264796397 268229508 277543075 287478460 290697213 296698097 299419820 304798243 309719245 310322832 325661471 341659162 345599098 352687199 356252350 362505763 367252456 367698173 378142392 380998434 382073245 388633901 389262859 390589340 396629782 403529866 406846639 412897954 424683117 430323978 432602999 441064469 444057201 444574390 445123509 450590120 453232765 455489983 459739153 463424136 467122095 480001951 499416547 500585649 514450179 514974315 515631216 521715204 534348463 536061110 537397551 542414713 545253424 553028225 562674110 568106528
52 616614361
4917547 11814480 17099584 17722390 24579855 30107981 33619802 41715961 43351645 55111545 56105566 56998916 67618109 70585898 70732159 71858715 72475552 89393471 89816477 89915898 91015633 99184022 110770427 118697936 121022417 127253365 132253244 143977121 147415898 147712720 157343896 163449575 166251705 166684352 167122426 183123017 185759261 188432287 188654177 190905819 198502088 200933615 207468076 212165064 222923659 223686519 224858166 231724153 248227096 248328715 248835881 260789648 261067203 263934227 288344435 295802954 298673649 306666121 310083706 335626441 336002567 339886266 340510016 344326505 344370500 350373809 350568840 350737233 354854244 355956808 359023157 360006748 367473811 395310790 400115048 418483823 423940725 433018505 438281548 452814830 454253038 460045535 461226521 464361120 464457109 468906007 496556094 500845171 514822090 516635713 521129489 549483951 557153686 562804741 569042650 571261616 573336108 581286411 581968638 590385424 590768757 597579580 606928705 610901623
36 518229427
428138 18077185 19557297 24698455 24971022 40771415 56172819 64341329 66169668 67162386 78343499 86611790 88841613 89355306 103771703 107592508 115112633 116452466 122239814 129604687 133907803 139028968 147433758 155198345 157611851 164211162 183026452 183734661 184812234 188079936 190033287 194500910 198478045 202472398 214572070 216071327 225447266 228056480 230213361 235651514 251874080 259349981 293138688 298193852 301674129 313952491 316655288 323727198 334109659 339724126 346847826 365580717 368679416 374355909 381753954 382008009 386233800 388679398 424741435 430796933 436086024 440651552 455888709 457626647 459682346 463603941 479278093 481018488 490999101 498658537 508401189 516365153
48 864040732
6320993 13438174 14193865 20681704 25390673 31393154 39913384 46057857 49146234 50893428 51634125 64708518 74857926 75973252 98057636 113191625 115122950 130367999 133746166 143163785 147036110 148472417 150592720 167533591 179742288 184962695 224679781 232451830 233197733 245186649 248702579 254585215 260326582 270782585 288407470 316567364 338510127 345585191 364683300 384414353 410636687 418848342 426691183 451350377 457746182 462138214 466546395 491829406 501588096 516487956 521239768 528735276 529966757 539513632 551105003 563629276 565335781 574371273 581332057 582382511 587697022 589904870 603592849 604857306 605385337 625606008 646676756 656119679 665772252 665973836 671376015 678341297 679290273 681082776 687435210 688114693 702578378 703800145 727156375 728481267 734203053 739654688 754157383 763387004 768471424 785835897 805314315 815439208 817119385 830012687 833957631 840124920 845099931 849214635 856101410 863817074
50 699636424
21519524 23358201 36682921 45112347 47550755 58547786 59198870 60734267 62351533 83249477 96227938 98931514 101805268 112544300 119014446 122993658 132290707 147047159 152267862 168297477 168880951 171780154 176589918 180828259 185618540 207771975 236333701 237707083 248730261 253027627 270385478 272783810 281178284 290650501 295035121 301054646 309671636 311657292 314517589 315003436 328651149 338783254 359169304 361658828 368926419 370805913 372363347 378169809 382954795 387787725 397754050 402266764 406189882 420442435 423083979 423864867 425327551 430925713 439706694 443751952 451852375 475883524 486310998 500058936 516479352 517105183 524089191 524515294 526570095 529111303 531503955 533684215 539357510 546076872 550382500 558020454 560236527 567097874 581042384 587605513 592542224 606014401 613592577 614554207 624251348 633990854 638511774 638763623 640871475 644932108 648845900 661334735 664278720 679817124 684580590 685390422 685981242 689614871 693625254 697633257
49 863278048
14476948 15423465 15997186 27482343 33722797 34126822 47576960 49267494 62005333 62917496 63099499 65906904 67248926 73984661 74002606 98188040 110152843 113003327 137773875 138549795 152776422 154154393 162359565 166465294 170695423 193064636 195597995 197442613 200747354 232444099 237666317 238379774 247694474 271145579 276432903 277673491 279933101 290068422 295672730 310846287 315119517 316876018 316892363 328778520 329606794 344990840 362036862 371249878 390681338 391493956 411960695 418298222 420310144 421651536 429111408 434183315 448922215 471284853 474259918 479820818 502030222 513254742 529326131 535878477 539493700 545951597 571309546 574605664 607833488 612248480 615549540 634725728 649706226 657029866 661467420 672033749 689378920 703680701 706537136 723993157 730038245 745536185 750504229 760353883 768946466 775647037 784779084 789701764 794344867 798199646 803426389 807212113 825244111 827565460 839182222 843092351 843104074 844714535
59 809846128
15631801 16419195 19280115 20702771 21078432 26191251 37117447 38166386 38735015 46813214 49566980 49814867 49852949 79065141 79971472 85229811 86092094 94422852 95237445 95299718 122914252 143208276 158987528 162940868 165218192 165369829 166214843 192764795 193653321 197426088 198993758 201951371 204572024 213882214 215230892 215476049 217338960 220764902 226024165 228333456 232349715 237147182 247100277 254739422 261152903 270200684 273779025 282716831 300301757 312420369 323523355 326835091 329916506 335201762 340982250 341884950 351608542 354151472 361433597 371085929 381379895 383590185 399190390 408721066 412888522 419759237 420338837 421381270 421623427 422013766 428458736 442360916 456336194 458484021 460077200 465086081 471906676 481701124 482514840 525000748 525893059 527323316 527771948 539265224 573584395 587512860 588235136 623005997 623349946 628599899 659658255 666710879 671501435 683161899 686044872 696858013 703960442 713335889 716637041 717011820 717241219 719867114 735313276 750710827 752922050 753288905 755351255 759415264 761544787 762740587 771740207 778325374 784275578 784397353 785232627 790852661 794371068 803602533
41 996591060
15622316 26955077 34206814 71473242 106812432 107299379 125138421 146005363 152848996 166674390 178795167 178965970 180787339 181549378 182770563 184063266 193811946 202558491 227964307 230467904 232337669 310976877 326671420 329258333 330259043 352607764 354940402 356936458 361598918 367253895 367805904 378243785 389654504 396499319 414521113 416678275 420893997 466388580 486518583 507832757 515027053 516058108 529853950 535557129 557028639 572998315 574745787 579381961 592756611 610292131 624542994 638959249 653698394 658233798 670932789 683328516 684558997 688345964 721432632 746761119 757927748 759738510 763306110 792640610 824439549 846227580 850186374 862274183 879329426 887247626 889624292 895439684 903545634 909296042 910878110 928748038 931184898 943960725 958879700 974631070 975361926 976305625
51 561771246
854363 1767400 10575205 18475453 18797459 21382334 22704166 24115207 25314943 29320622 34361914 36646824 36895260 37869619 39970456 44963265 46815061 57546219 60054967 64288730 72470429 79012419 82768048 85164404 85353808 86010758 90110347 97310897 102319685 103012609 110327565 111303831 114901555 139231731 150834900 188413651 193294197 193900959 206572896 212412627 223043961 226409361 241886316 248387939 257345678 257615606 279740342 281340602 283786972 286274674 293585086 296945967 300827919 301015787 302822347 314212091 328863138 335422306 335780032 339057742 342302039 347177722 350979838 355415237 380888600 387740260 393030848 399357951 408431083 430520780 431623742 431649007 432472324 434361749 434751064 439984370 444840537 448711789 457179711 458875166 458925773 464636986 469346623 480235752 480731282 482892744 491626626 495089682 495907461 508711602 509669902 512838554 521755523 527965283 528039760 531270559 538539639 538555838 539704483 542995550 551385452 559415401
46 522100698
10080204 14765360 15800525 29513206 36150774 36773664 42555893 47067190 52808446 59030485 61065573 66014418 68648513 69200188 77634412 80118675 84481140 91925052 93666199 99323481 99336926 116062761 116960756 121664841 136841670 140909771 147360574 152444276 158873757 161281619 169614330 174238206 174351873 183118045 193080435 193125156 200125729 203323454 205364975 205611521 205648684 205889543 213428917 216399255 217143966 219107761 236700437 241055213 246092270 255220298 255220451 277050477 278359728 279700816 288895000 289503860 296328818 304096462 304599489 319079525 319473588 324124559 333869378 345519201 346044911 364682931 372733389 377015669 382627551 389215772 390632816 391000895 391044987 415215282 416086938 418867468 428384115 433797926 436378321 442484060 451688073 454743401 456265278 456465832 458623938 464349054 472419799 475059290 508733586 510031193 511976070 517189244
46 592387845
2674560 9127944 30344125 36667992 40857116 45638959 54843300 57720894 62317160 66210630 75362398 78583105 79079171 83292432 100073751 111890354 116706735 117439558 121293522 122966747 123781871 146842481 164225666 171265705 177150759 177848288 178272378 184140451 184698456 185775315 198672242 200081720 209494215 211571525 216950801 226011078 226381629 228641132 228946213 235584209 256963848 264416461 274786858 283186768 288986870 304643832 306778476 313317549 314492301 320170952 323294193 337410451 344696501 349163292 368442087 398612839 403866253 412965350 417469354 419621282 425877148 426408583 436710590 443464867 455755150 461277124 464484108 467987957 475073151 476874093 479449919 482121624 484884835 492867126 496984242 502124391 503813225 507170466 516850863 517911341 520940395 523274143 526897137 527932119 556335435 557061025 561785372 565778755 566297996 569868993 574329324 584566199
57 814276673
2577171 9228356 10633938 10961113 15818106 16979406 20897354 32446810 67071157 74317325 77286821 92874390 95021118 95956327 118756742 125166859 126778193 127037060 143130012 149933793 171335699 174225928 174652595 179255456 181364971 181696311 190879111 193282978 193499881 206318761 208694242 229539545 242478027 260788706 260865531 261264969 267216445 267739516 268793572 276876185 287189082 295984913 303005004 308941370 314420222 318704412 319393845 325216980 325868143 326661175 334015217 340576411 341718929 342531437 353976660 387548993 403693138 417835470 425838901 427954290 432439080 438359103 438738187 445452526 451252887 475867526 483401913 491725917 498636109 499300181 528050631 530970903 536350234 574952845 594436779 599823260 603625388 603879083 612788369 614602318 622633840 624594484 627319024 633740173 635363792 638574143 641679819 647462392 652507840 661631236 666151440 675081607 680935555 682451280 688017754 691879434 692220434 694114340 701281419 702019982 710338165 712835252 724465284 729718141 737676819 753267654 758245178 762278453 771747690 776020238 795386431 798362708 799007343 810342178
44 769362725
15174213 23784504 44062889 47766928 47771831 51516319 57042034 64150817 80514785 81290601 88244144 92616074 102857879 105066303 124775233 126231928 131469802 139268166 139282166 147176300 147889501 157762451 165844127 168671735 172386082 192432404 196375959 215642481 222156768 229398955 239076447 240511712 296786008 310991592 312689691 332140148 349764629 362270900 364023024 404184743 415411988 418422042 420295596 424953830 434737899 435663999 440025116 441734071 447509690 458144479 460149078 478044877 512533223 525585975 531510631 534027961 541652179 549771968 552594795 554898540 572325678 579577438 580162662 580471165 583940189 594275482 597433337 609621933 613788546 634197445 638702447 644238496 645625957 648747015 654183495 657805415 667293022 674670584 675056009 688313896 699386750 708496795 714788138 719294300 727010299 730214259 730635898 768069760
43 509454062
3989919 5151586 10650541 17607671 27524317 29528396 30912563 31318772 33168336 50664377 59105734 60802247 60941308 64408473 79067762 79552288 91907457 100809686 101345696 102059403 102570615 111853083 112908088 114446263 124923398 126040346 129011855 132692229 136204938 137263337 138024695 144779050 145423508 148917511 151176683 155301273 167867445 178542990 179797458 184223692 217327174 227810191 239437545 239625871 244581949 250931556 255428237 261828726 264288051 265154955 269452350 271396902 272634178 282657908 299323144 335057930 338037315 338546250 339192548 348959401 350372568 351993644 360685480 363046473 386939931 388852229 400503829 406320384 413370759 418601932 422893368 423505469 428460048 429061075 430657389 452169948 454675514 474328215 476394746 478898474 479233395 481533463 488972548 493439729 496155119 501368182
50 533013352
3868765 4540627 20608855 29073386 40611998 42120937 52572678 55853983 58010778 58806171 65598131 66904642 70268462 70291570 75332663 80581109 85817432 88512548 89964326 100354649 102540154 107044567 111447520 112134072 116306467 116378970 117222053 120182519 129266996 146311321 146564480 163027780 183727866 184788481 186603307 194537237 204780695 218135341 218392666 227795508 228534358 228962946 234990566 236030413 236221082 252506058 277676816 286003266 290960290 295364889 306086817 307275540 316496417 317728929 320676440 335386725 341803289 343301840 344925417 346640140 349004481 356846079 363581861 368906652 370651528 371103688 372118625 377395173 384515806 388313141 390525805 393711701 394796359 395001989 399694596 405010659 410292809 410605799 417643941 418404385 422138398 422731726 426388407 436583637 440887756 444491839 453433665 464616343 470570663 478026948 481638980 490016244 493474539 494649756 499847271 500148210 501488938 506226855 507575028 510887960
42 626871831
652645 4151442 8172364 11326949 28241023 37897230 42865766 48815088 57550956 63951522 64828528 66026239 85300835 85626216 87385730 95050611 96283127 129309357 133633689 138429169 184513670 195356093 204710511 205730605 226915577 248840073 249405679 254916770 285430330 286055910 291347380 306809559 311283582 312425683 325673604 334239814 335482846 344683914 351165587 352124854 377646243 377685758 387471087 395172343 401612556 404912177 404976810 412684290 416435957 418810614 426873417 434656843 435989057 437964482 438356688 445098255 465249871 466701482 472536564 485005001 486992766 503875239 508067275 508684354 520316847 522275863 538570738 545010096 545738512 546101667 546807771 560355012 567711769 568144699 571649303 580414687 581943767 589492705 594242869 594722149 603485828 604148302 607233496 611397292
35 687387470
4548427 9520856 15958165 21766288 42251429 49189480 59860031 83702388 84142271 108333727 129300244 129602593 130772053 138187452 140112683 148578944 152178701 153803170 155013654 156710583 163781378 191811679 207061796 208545680 213611009 246258850 263350784 272940683 288068260 290774857 319023324 344679497 348445306 358191435 362273089 388820837 393945610 406348035 410118067 421781148 424376878 429130098 457807752 457817564 463655413 465615310 486043581 487827857 504664555 507792408 521852134 525334543 529738015 553595774 555763629 557894326 560779335 573696686 598422822 600287847 627682983 633674099 635479224 644994192 648385088 658527711 662350132 663337984 670951917 671272299
48 669580421
3531053 6060961 17946296 19707784 22294369 31044811 36895911 37510561 40303836 40818794 64859759 69874466 100245364 115598036 119407568 125350032 144993219 155367357 169907489 173747907 179667535 186390865 191203422 203751412 204922364 207294373 213055450 217983625 218138416 223786509 231109815 245286487 255061613 261949785 271927744 273996445 276198824 289974913 316483811 317967411 320914634 323141441 330879062 349486231 355684753 359764650 376188215 378551138 386598622 393427508 398870388 401670636 402149330 409159950 409975019 410267050 414134650 420847007 430188267 435626608 435957149 442876555 449848598 450138736 455823814 458556631 470854694 470928052 476245863 481547613 481670223 481902224 485068283 490868721 524133394 526955064 531932962 550662335 555977087 564897537 570285083 572774813 573719446 581594270 587322177 593960499 597614071 607288392 607746455 609961977 627348697 635607681 650523166 651287748 657035531 668200677
55 990354893
916908 13059636 19788811 51833289 59815993 62751934 65381367 65677316 80077702 80931308 89816840 105041457 109991084 114214309 118537407 138403302 155629587 157549727 158940985 186304185 187619949 194343526 197987345 212592184 218771781 231588275 232874372 258097788 260198040 262191066 282429182 296780371 298359425 306878363 316173761 327712213 331581903 345086386 353387722 363519965 385923320 389176141 389549537 390385382 391825616 395345610 409847780 431779266 444260801 450011122 462378119 470480506 472201424 495164686 497312391 498260885 498813970 505443672 549937125 558221167 563716560 569769434 606707814 621155751 621929742 629686055 630988391 655186822 661132363 671546922 675585291 678597301 689610782 693353533 731327324 744649268 759859060 761160377 772792597 783452307 787004294 787647397 791826645 796437535 811686514 814497025 816474386 823855836 828420948 842548050 850497065 862513125 865560408 879890754 881092781 888348670 891085842 891545957 904702594 918606467 920905959 921213217 929897142 948738590 966734032 976034767 978895495 981586984 984307847 986103996
46 859786780
12623166 17780088 32858342 36785059 36855822 45644963 49575269 53201968 73566093 75350245 89895112 107395186 114675396 116515049 125598931 138073831 147599251 156581472 175090518 184656996 185320287 196551800 229862903 231991513 234091844 244970548 280255664 296823886 304130543 304634974 305612278 312200030 315629259 317616531 330679053 334901231 339827727 344995202 346518002 347179071 352501649 355816103 357888653 369656334 370764561 371678434 373201860 381003678 385530764 385589693 398829794 406730365 413738199 424221524 429357899 446246832 462978611 492762365 501034646 522635053 536500932 546007322 547476516 548260502 551728357 556307083 560598709 572853659 575128545 579658736 593227330 614929688 616311446 642968789 648670040 653397547 691553609 708979604 711909434 721192176 750706067 752763024 764782534 776551408 780933911 781629801 800758712 808659636 809980556 821798618 831960131 846750777
52 742571796
805990 8752385 9966650 10613485 12316505 30460722 39598161 41840067 55187953 58572134 61581986 66149002 66208281 66992475 75050959 75694610 78124133 86710642 91596664 100389986 122631734 123929804 131726292 138797417 150973730 151912822 159771174 166238283 168935859 181075045 190978522 200590165 206331506 212266547 217635473 227791299 241261424 252747133 254884242 258701774 261097758 268658243 275870071 275983475 285300239 292114928 292390311 295733104 309494080 314055873 315496899 323963772 335976127 345917985 352996819 356873225 360069439 361451991 364220952 368308886 372460750 374553074 391756000 393562190 394132188 415008960 420299341 424319485 432742162 432947590 440928008 443286096 446386024 449158750 451552295 460486777 464945387 472726459 478424291 478560734 488662901 506482879 523856889 575239260 575870765 577770016 602637640 608599896 609256097 614625992 620478461 626562619 645084330 653359540 659575099 660554667 678183283 692046247 696159693 699078735 703739576 718834194 730924777 733319203
49 878147202
5736248 13363573 15129357 25167045 27775122 27906061 32320113 35447054 67852265 77151928 88777814 90082580 91236796 105545462 109757700 116735606 139320352 142273574 144109749 146304586 181787871 192003501 205800543 211154468 264887546 265858347 288720430 296266536 318918018 346335502 350146026 358028037 370192863 372764332 377219945 383098525 392126223 395203403 413435833 428109147 433715163 440674078 450611299 452018955 460907447 476452448 478784237 490823369 498171082 500135509 527480151 535925795 535987694 543012554 549559367 553479904 581586804 582051779 582624883 587323044 588477181 589425128 594534311 594938874 595406031 596331302 598906938 606373980 609199566 610415147 634118597 636472412 652481768 653920588 655446664 660132090 666971901 682137178 686424979 697646378 705061037 707228917 718989528 720700864 735765383 744157895 761710084 763830844 784179656 786877703 795152252 807843061 811717627 820633889 832482445 842474582 850644902 872408399
38 705951020
24990938 27210945 53578705 55542970 64435999 72842849 74827030 81584459 98610954 100254282 100291983 108328045 112242320 117672810 125942156 129645650 135245938 141058955 148188331 162375020 171818785 177210387 188533488 193663464 193696342 217642274 233084885 235277212 251494252 256259090 285501556 288252457 315485916 324880544 325474407 333396647 338670786 340413998 342635437 359497954 364296972 369883381 373679940 391649357 398901275 405778425 419049579 423417851 430391457 451866785 451981109 453447881 458586415 460631970 463035965 467546831 477921898 485930333 497247133 510418593 515514828 541318937 583067808 590643157 592453647 615403719 629819918 650515244 653434027 658528816 661413622 661776845 664775054 665852834 672464452 703421994
52 922292801
12109116 15598369 26175897 45076707 46887709 48091017 55526852 84586442 92736829 109202920 111728832 116927060 148400443 166882401 172245098 172336762 179486709 197155622 197641638 199056795 200568705 207929615 214536915 222515026 223307002 237257364 238677413 247744266 269573437 273746930 281338568 284027186 298981574 300985103 304759385 312217083 316039638 336094790 348812660 364965512 365332639 372219456 377485737 378916796 393857684 399078267 402516992 413773816 415446274 424373510 446626209 468257193 474112757 477422648 483029363 502109191 518006271 519695583 522442053 527234146 539396062 544424630 557148913 592030969 593392461 601256532 603588837 627071564 644430431 649713027 650064256 652766190 656614214 661063493 661808296 663776888 670981992 683086451 683927003 724192695 731171389 744698198 751813392 768516676 768526642 769483548 771224565 774142353 790003583 790517792 790720948 792426106 797030373 821687583 822057139 846875136 847853597 866961124 873157365 879671201 880994261 881463524 903875918 907964506
66 977957197
12043406 14643464 34351539 35834625 36613122 40899338 53738732 68721221 73040702 73976353 77685245 81321043 108140386 112232846 115544312 125458104 132055553 144703456 148351192 150319663 151786036 153588796 166754961 177640018 201169161 210832132 214527670 215418273 221116739 229644402 230354108 239663797 264488836 280888166 288986782 291428262 291945130 299273608 307504470 307628696 325225091 325880314 338848360 344391974 348653767 359735813 364913091 385528396 391192841 394115792 395537270 400245246 408857510 409984484 419541361 420119319 424558564 426413443 432293593 434265760 439607473 460453871 461065436 462113551 464671167 468446510 476468545 486046629 504575171 504750237 512869004 526705201 535452127 554178043 566951554 573243655 575669924 576523870 605763466 623491237 624611690 624982966 632155120 634984040 647305166 650339866 682919799 689291126 693001505 695538180 701855590 713866563 718087257 727135426 731502108 734399991 736825183 740613415 745146990 745968920 750209352 759122448 760964420 769273580 781663804 782296606 784794668 786345735 786753584 791939315 806477364 809522345 818368255 829952118 837171707 859872973 865664094 869547873 871305783 872540217 877973221 879425439 885377884 889927497 891907579 914512348 921405207 952603108 953886246 957918136 961656566 963418745
47 532551048
9029231 10946855 11418100 15737844 19260613 46997735 50832884 53086835 71855013 72433350 73734195 75725495 84283416 87011812 103430506 108914197 122704689 137795642 142736821 144612732 145676192 146379304 146412731 156139889 160778734 174300505 178000845 187092114 197198477 198045832 208336754 219885517 226164472 234065145 238828531 239850404 241150890 244048117 244385069 244891106 245387670 253816274 260303689 268968867 278610271 285693121 286160687 289191944 290782668 299934432 301142517 306148930 307603521 315064230 320424316 320809818 321371796 322377123 322620503 326659943 351362784 360235862 363322601 363395676 363643716 366989729 373616034 384949348 387051330 395797790 402110948 407274274 409276294 427320813 429387435 444105535 444235121 445706041 450669846 453089126 454089749 466423773 472082935 473357939 484071530 492235418 495713393 499063853 500008630 512322728 514473014 523517224 529884247 530641103
45 531841466
1310087 2711990 4892063 10622440 16168517 17452684 31245273 31606573 33424179 38428527 57285018 61825625 79263284 80740582 82104466 82331027 82768666 85969803 86698692 88734456 89608104 96970997 107315462 110757991 128876907 129321842 130605748 135546291 147871624 167302194 191435545 196494644 201398193 215088805 221411066 226976104 234690108 241251270 241790421 248265715 253139312 255133060 265504821 270499919 276172499 276520859 279860364 281421930 283899153 284434065 286378413 301487716 310295747 310901419 314187587 318916724 323047845 326043319 330384136 332384939 337822835 340437091 353227337 356332696 360318141 367132403 391121583 393182351 400576223 412856102 416439736 421493009 421936426 428218321 466311984 469312100 476174678 482361437 485115934 486343975 486955503 492943331 498932481 504902933 509309486 509745523 517359256 520555714 521720451 523216843
41 654954549
375497 4683833 5647959 16177245 19855692 21743054 24557530 27338472 29789364 35192198 58690859 61618320 66029285 75739308 78811054 79428801 79970704 80768369 93513912 123467970 134877406 145113009 154263008 159237148 164037475 165702737 166989634 177593216 178036813 190332800 193112022 218369206 226772473 235444230 240780814 241373027 271510231 273034105 274194183 277864859 290146207 309239335 311118651 329590487 331302838 334822832 351722547 354678717 371624168 373332122 387046705 390113127 397033095 405944803 426750605 429218392 436640309 444100084 445112815 445980328 446842014 465078044 468276575 484478755 488113704 496636038 498945159 506704771 520386440 522359620 529613814 535357589 541895616 554462116 556784986 558940125 577933811 578283064 601815900 619876091 625297249 630118911
52 544750941
631268 2337189 7695379 12149639 25942485 35283568 41429086 47215999 50948680 67422203 74617401 75876545 79411341 79945782 91903127 99359617 99503361 103974608 104801421 108751573 109050255 115065969 118343750 119973662 125314857 127730316 128610716 133453623 135285927 136880603 144192193 166013411 166087026 174776955 175165369 181507008 183665712 188138568 191616147 205633816 213623426 213911646 216236670 221942232 224346351 226794100 245232807 246603923 248981282 255464977 264628536 267327132 284927081 295323553 298892565 320072409 322514476 324222979 330836051 334433251 334546822 355274131 362046244 372694069 376234487 377392482 381542513 382779958 383266703 383669722 388210683 390117366 391343199 392009219 394299653 395392573 399231999 401276326 401634360 411366368 422060356 424163421 429977472 430052571 430063713 434106409 434551532 443328514 448340369 462743440 474959443 485364531 490163609 492719868 495944217 499723872 502803653 506211741 507755135 508507011 508536819 532601061 533810911 535952026
49 865533652
4045259 6126938 8948868 10742008 18309061 31359462 33364451 48000172 69137926 83096427 90367760 93709213 111646563 121943058 126572604 129331802 145909279 152637975 168245311 174139471 192768716 193778414 196880671 199029486 199660926 216375358 237512513 247772988 252290106 273072844 279003202 292677555 293143847 296283202 296414291 296974114 321998489 331572128 336358386 337919218 338427879 354363656 361578555 362939947 401272040 410768959 412909063 422796378 434685532 436871562 451231423 464514849 471553438 479059387 489499144 511443703 542471121 545150002 550815724 553952554 577391886 581345254 586731254 588832717 593728086 595543622 600472757 604211767 605144460 618784642 619559997 624301865 630387674 633903628 636494441 648026310 650841512 658391852 669287742 670365120 684274351 694924947 697720122 705899889 739379741 743563100 746988986 756076954 768000625 768534732 782333354 786745997 789278817 801948878 811601671 821439647 823623059 837261671
53 642285422
9530172 23358141 25041575 27422371 34942204 39874642 42520814 49248109 52012706 52144066 67622114 68594572 77204367 93334236 99511606 101041537 109496609 114570160 116225419 121533690 127300021 128788890 136837061 138266807 144221009 150352056 152186912 155993105 157490725 161195194 164965842 167610015 172972265 179824745 192151848 206831420 209738925 218547657 220524085 230591969 233070942 250745936 252688954 263720209 266495060 271600307 278382503 281667551 284414660 289839080 300191940 302957170 306576098 313149085 321460159 336319324 342386773 344145807 360871849 363629217 365090141 381067603 385301904 404954179 408471963 419738877 424733683 427278147 433889770 453844455 456585055 465222904 471938238 479793776 486201438 488916744 489008264 493786463 494792911 503567908 508123347 515898804 516961160 522444166 523170412 531471495 533449113 549584303 550780958 559636067 560759555 566717624 570509669 571707866 589590802 594380145 597997730 598957044 603465204 613376738 615094535 617956638 631222531 631634355 636135561 640345221
50 759329706
4102035 5785456 8742990 22786486 25440498 32705102 36085225 38793653 40749370 50117284 61692889 64056484 74430972 85231066 85865338 87400203 88803306 93153715 111123685 115201077 130413432 144088904 153123849 160039296 162590784 168612104 175321593 175656780 176586483 186294679 186524913 188078119 193163322 241715058 241982394 242323419 252435572 259592295 267273684 267311879 284807111 307101166 308017511 308392276 333791461 335455368 343607929 355403063 368327608 377340122 380717962 385077502 390770615 391260333 395691422 404615194 410539025 411344453 414511720 416214608 420528992 422484847 431005794 435208758 440741229 454857435 467552659 472363795 484591118 488360745 505996034 508762344 516485753 517813482 532343401 541962004 557455882 561297676 569891549 574636661 585116163 591730219 599779860 617641611 642662168 643992432 646299225 650871606 666019827 670110207 679690792 680753097 688768118 693790238 715804025 720361630 723675333 726465786 732248026 737370000
62 594692757
2075663 21032714 23282891 43692811 43898490 47170225 49613699 51181226 51419772 51474180 51598652 53050021 56450686 63299259 63918701 69010605 74101616 75566641 77115288 80581486 81673787 88472309 93912648 97185323 99600859 100344348 108104392 113816222 121300846 129003675 130526075 131682248 139963508 146892161 149206299 151328556 152500233 153931476 154097808 163472646 164585233 168101494 189481188 189919062 195817221 200948506 201652909 202057436 206131212 206215972 207906544 212798106 213521564 224538627 226435935 230898332 232578032 235927232 246644669 247158640 255966025 259594648 260805235 260893663 274619587 302401375 307563423 331949379 335100085 338802678 338846470 339451144 357871283 362737365 373412910 378980707 379989521 387551763 387565063 401466302 406569410 408236428 410714300 422733259 423743625 424230041 425293274 427088258 428910567 430518780 445521576 447983821 449565223 455710682 457192556 463137703 469983484 476940394 481105995 481464049 484996320 492087364 498755236 502640617 507501315 513033539 519877251 526599814 537459786 545194633 549110357 551309895 552869630 556891185 557966842 560995103 561816844 565881808 574421632 580827791 581761497 588912399 593027614 593674051
40 695634502
7839227 17525437 23028735 33958534 43684865 44845615 51246793 57793611 60739092 90466151 92829062 99847597 101344231 101387418 106438320 126621898 135577115 138254189 138517826 152616088 181556618 182448284 209781094 214396793 227581594 245168026 253667232 260426335 262380945 267704315 279811359 282157491 287263324 304834299 317169684 325256521 337548770 339765107 357622278 400143943 434048800 447677678 449422347 453166108 467287827 468824384 471165415 475626915 489514761 496656995 497891784 510595916 521131946 521490849 525837614 526612140 535162084 550234533 569221606 577917331 581040854 587098727 588766972 605237425 617757602 617982566 629225654 631076014 634263693 639511114 643639734 652094775 652136005 664336597 670190528 677860377 683692922 686821411 691810233 695367678
60 503944310
2296625 6008225 6241810 10042287 12542918 13425055 17184937 18172573 20599585 26622063 29710251 32120360 45523527 47359740 55379417 56734729 57599575 60834490 66812274 73970717 77855185 81980085 83106207 83764351 90656923 96089692 100036089 100230291 103964656 104619801 105768653 108647942 115227004 120236744 131199634 133349567 146686660 147081873 151145692 151213218 156426679 158573068 159158105 167859035 189041144 191611905 197570756 197959754 199187927 200258292 202326691 206320302 217268172 226273334 226916351 231337246 233554527 235291111 237452996 250171564 250200476 257150830 258858019 262542699 271018226 275378292 275709442 276360871 278425008 281630805 288856661 290349508 293930630 295923392 298518614 299463853 301192599 301740410 312430960 317549388 329774126 331311614 333523743 335851062 336746688 342448045 343315193 345914582 351096741 357901983 371258292 374463714 375634727 391172326 391801446 396106700 397595537 398377526 402630973 411280000 415911666 416142662 422997091 434509849 436490199 438228341 441788870 448070738 452281297 455253526 462711398 473737792 480045452 481621473 485936755 485977497 493673362 495029097 498978971 502182607
40 869656143
6416483 15977882 24743014 26513220 37418841 39858031 46733039 48136816 62140650 66859254 67028990 67704800 79586752 89600935 92740317 98312601 112663575 154717743 169540403 169939546 186092794 186581123 208063713 221674859 244494198 244550405 244572270 251460396 256379391 258071717 276556622 288482999 293812911 343338905 353439816 360471693 365382064 384026026 385309669 410986804 422225297 452005417 486423322 519396730 523689894 523823703 526027887 536722244 546033102 558400121 565425739 568778026 572499083 577681042 580045051 618067321 621079111 623731742 646380072 649063389 660811858 665012706 666803021 669372830 680707388 682677421 683078136 703929362 709953090 712561432 726935923 751407735 756886090 779667886 798037415 802775243 814500445 853521327 855984763 866821839
45 739153091
16719653 18615070 26418864 36492746 69054981 83466038 86702609 120309790 144939203 145233725 147474795 158003785 164627861 166675194 173542000 175202841 193109428 197086061 198772354 202316738 210717402 216133466 224583984 249005765 253049980 264450250 276645997 284993605 291794954 292995432 307250932 321010797 343403527 350313950 350980564 355090950 359915913 382803869 383409821 384573539 386686069 401051093 403600652 425095729 425277846 432098498 449503631 459645944 478475883 478514367 482426240 486777508 500676293 509053889 519926086 520611403 522777741 525253201 526117649 530844626 535015354 535358075 538320680 550463119 552213707 556060351 562282649 564800453 575879814 599837495 606033992 627381603 635116430 638339692 647003832 647815851 679455417 683682628 691633923 693150670 694979842 695469740 696005144 708647040 709603310 717675503 717691832 727725870 732221068 737383157
50 571640100
3702564 5438237 9394578 15309317 21011099 25791489 26367161 28482404 28674459 33473007 35459075 39690965 42995713 53339598 58820838 63464007 69662692 73827392 77980533 78318286 79539913 89970001 90408688 91942008 92885339 112963017 114495917 116127944 118354610 144454273 157624986 158875594 162354924 167878424 182677203 189549830 198309823 201227315 202403140 207733395 217281054 223810652 227916196 228840111 232270782 235095898 238004835 241314963 244243603 245637739 263823438 275811314 276781358 293050788 297186195 303374230 303441010 306357208 325804218 330223464 340215649 340467221 340932549 342288113 352382351 353633009 354019121 359168838 362334611 362660969 381874616 391282499 408577787 411967046 412844379 425430691 425850306 430381670 432085754 445009528 447548097 459925324 480576867 480613254 481699069 487407545 490048141 496247653 497983385 505393738 506192955 515191236 515247587 521312374 532612573 533910221 541263667 542918816 546922364 568062021
57 628853071
7705152 22938829 39619505 42124854 43176619 49066323 49727371 52677447 58439372 74747908 89402988 101993156 109263762 112773513 115778450 120060465 120823281 130324062 138501266 144286382 150581039 151000569 167784341 168567480 173066768 178019494 182091647 187584384 188368632 195025432 196108334 210129488 216117866 216760091 219227538 226709076 226869472 234075955 235405800 243175383 243442763 250581931 272947095 274608204 278111773 292616644 293926228 306402609 324243720 334627005 344508271 349709466 353915963 367621566 368237891 368557751 372698265 378422496 379356192 382314451 382936836 385315451 386619484 388224292 389494636 391951936 398248334 398630700 399485833 405659935 409875564 411722071 411856151 420382076 426037489 444320429 449142761 454803879 455828001 459964202 462082594 464041609 467776941 467814995 469534762 485291762 487388614 499436368 500843169 500943154 501732749 507429688 514965484 518235431 521227696 521320963 523362854 537921073 538562154 538620760 546474393 561885368 565025643 566933889 571155795 571389530 582549445 588930081 590858904 598647711 610149333 618417935 618979441 624148739
52 755620858
6291801 8426689 11520702 14749154 21969628 31137226 37026386 48548657 57538985 63390786 67183270 70400358 82582164 86364488 88022728 90203509 92842323 93505270 94173225 109391438 111682979 134267928 136747305 149563451 160524003 166578848 169149342 169161927 183537933 188458498 191310573 198966435 202763325 205908934 208879212 214440373 218131969 230400007 241116413 250857445 264006712 264488566 269057149 270050409 276550924 277193520 277923649 296446533 300917466 305519701 306692088 311287728 313677926 314303372 326775837 334447087 336125755 341075372 355907184 362148183 392126387 404816819 407998281 408161846 446545387 453570673 466368462 471506542 477346105 483591553 485822283 498254748 511957303 515922340 516814179 519443721 527491169 528303744 531466211 533036468 540001393 543780226 596862876 604223713 617405746 629407287 631667594 634924838 642572923 643063507 646672536 647732544 666415350 671695820 678420796 702465305 717866292 718377550 720525541 724222668 729228046 734286671 740811448 741736048
38 718038969
739537 23011121 30331223 46894771 55076301 60364778 60603170 79306300 82719719 83479522 84959245 91345371 97852684 115142364 118987372 119373396 129283134 130120292 145991389 156013750 167024653 169686293 192047072 212094876 248515305 252695963 255356438 259059598 259390408 260429001 260772427 267218982 288039747 301032557 310260034 326947451 327857378 356357433 386189143 404288749 408594368 414728747 416653378 422714654 430938125 436740966 442602802 448344661 470298118 473219828 476359002 480947808 481883400 488490218 488758849 500397396 510180615 512007065 514412806 514925529 515805651 526444702 529521438 568826511 569939380 585801246 590299455 606986660 619621528 632582275 632995157 636910914 646188759 673549725 703071943 708036463
48 947722328
1882898 3172045 31206642 32729529 36715632 37635051 51863724 70853927 73688639 80023505 93695275 97546834 106965725 108724556 116835852 127874700 132537495 136731923 142846579 179277422 188617338 189378553 190501014 202953458 205199590 212099781 216147626 219967487 250953824 258967168 271190279 280385417 283229985 295214000 297120790 309223193 347639599 358479843 369521824 390479388 395293341 406804753 407703186 421124984 422680651 422830206 436396722 453129022 454931526 494566885 507766990 509364745 520281186 545339586 561323438 577266941 581697258 605110522 627889931 630417404 638517811 654055175 658466435 678851436 681961455 695853627 707763947 712124327 725553277 753550225 758343524 765491087 767526815 769589485 771523137 780620125 782012193 791166623 795851290 809436204 832343616 834936769 842238191 844377303 851747096 863199179 868414443 868793197 878873806 886035740 899919399 908559408 926082715 930891597 937932656 946487359
61 719876404
1158511 4817233 10656469 13472390 37170658 38396501 48499572 52624304 53683308 58249695 69466646 72897662 78137876 79708973 91173477 93327764 109695392 127038006 133526530 137370064 137827747 140997597 146387584 148615607 151035666 159067173 164035582 165819946 179808822 182339892 197222122 200455804 201666268 205621433 208750547 217604822 220080391 221377674 223691885 226286639 229516916 240630689 241907685 273535306 277409595 280054202 281758167 297884123 338937730 356063119 357748003 364174057 366147124 371285229 375062927 375094451 377617762 379097252 380640145 391208466 394492381 394862144 396247360 399412402 400245315 406148814 406544551 409957597 412739462 415000935 416559366 417251149 420853773 421315203 429795955 430038298 436847130 438781383 440914372 444298687 452303468 457969027 466615758 486676008 489786867 508133441 509315047 522176335 525397535 528627071 529199538 531046285 536531463 540161791 541074114 542120860 549048060 551908408 562576416 565572969 567566097 572804096 586599861 590720172 594960265 618288476 634679688 638235344 651607724 656021845 669845837 669907533 671028638 678988128 684850007 685497226 686112462 689384098 703154157 708219041 714217644 719522298
54 504794488
1411792 15900971 19997592 20945635 26294931 36312128 38301368 43766239 47715740 49235115 52296357 52783530 59312828 63364789 65110517 67092108 68993226 72367328 88270881 96957882 103863074 103900169 110049994 118111902 119459416 124417697 126960683 127370829 131256115 131473574 133870722 149059186 152089958 153860367 159150189 159242902 160026191 162534225 176584907 177790035 191541207 192719098 193782051 196955042 199233631 199380618 208640165 215000045 215244729 218193465 219023573 219198133 221330009 221444910 225435711 229688965 230429623 233098862 237231350 247641178 251603422 260139214 275032336 277275308 279489733 285671522 285674492 289637095 292568662 312427669 314243201 336678997 337398373 346139335 347102870 349844694 363754654 364276574 374781111 379271588 385003090 388632137 389513264 396380297 398639634 399902160 402432885 402684739 414797636 417809856 429376606 436250710 443130515 443753126 449659166 455699475 461167403 462508508 473733386 474122529 475879777 478275600 478867248 483184639 487235834 488719242 494240925 498195023
58 760870380
5298812 11609036 19446016 36029691 39375982 48668617 56958139 59618064 74689301 75550611 80289022 92413804 95422128 99820119 117762114 130254578 133514310 136933112 146460587 149496759 153782822 158060043 159149031 168231678 171816176 171899904 179969402 184464806 188705700 190520101 203966996 212900847 217465434 220944068 227387168 233044443 236167685 242896077 255941794 266777668 268971779 272547747 273340559 278902648 290645810 304318998 305192732 309627802 310012084 311886820 312349196 323815339 330124969 330439298 331601856 342012583 344853732 347272843 356026137 383942070 399611651 424065356 427838877 444144075 446878331 468778814 473214715 476583811 490089673 498832235 504377722 508927825 511683113 516122973 517683866 524606185 528502149 529865948 533346203 535871219 545812246 547626871 559318807 565024142 586114805 593396505 595446878 598249572 605746618 607447330 608761813 621614699 626669298 634708661 651487786 662558748 665035049 666682389 668684022 671678940 672353142 678827703 680824923 686077029 688073673 688569186 693225174 699554746 702030669 717101134 722279166 738222249 744434598 746111037 754314398 757815408
40 686933060
7395881 8787413 15623453 39733927 66351376 82968351 83865142 86136692 95344925 107115003 108844999 112738602 116775788 128861899 130579810 133999134 141465289 143716637 146982709 150388286 152635717 153546240 157897527 162508000 175488286 200924407 202212995 218887487 220917012 226563283 236931984 279203832 280172609 285336391 314158075 315510921 328808825 331438129 331577399 347909447 350815432 364867311 367073088 372916531 380579059 382803679 386643845 411612462 423282842 426408889 427782638 431394214 436346791 452797310 457255342 470406064 485529143 489898241 490724486 495629824 497079974 504552450 511536985 528433332 529253142 554897374 558794578 569142676 594158314 599035942 603275361 603898045 614093402 631093662 635440646 636038136 671081403 671099530 672112257 678116738
45 593294551
774187 3938998 4969821 16829934 29555676 30457004 33574591 37531370 39946121 44694408 49470581 53126970 76532040 88979542 97222502 103349845 110685146 113887174 117529773 118206297 128818585 129020919 135141764 140018777 142441642 147635322 150966864 154557416 154835750 156568632 173985113 191294949 201332960 207847612 217535847 222274823 232101932 236657727 250217114 250885735 260649931 264120836 267232077 277093675 277859389 298788206 306416169 306718270 315449696 318302522 321563259 324131059 329667074 330014396 333273939 357339273 375630572 380269429 382756615 383934394 395540255 396907850 401367248 404409347 415528136 415664593 425687953 426938202 430264919 432039703 440207929 448762145 456713304 459735622 463437342 470135212 472612449 480176933 483861161 488059753 516417017 518380004 524183384 528470432 535593489 538651184 552448665 568247754 571627953 577267145
52 950474286
2814387 8834797 18281475 24130622 28153145 41599470 45915427 59616154 60958036 71988434 81628413 99447536 110402890 110702354 110840831 150217731 159070184 163989389 164503036 169203022 174082718 184441668 212156809 222510338 225690887 239146190 272246155 308345951 319340063 328285135 329186899 334957493 354471427 365377980 393845928 400142403 441084875 449250849 452734056 454984596 455531793 464468598 488188917 492337852 492846593 498331332 500533855 511564885 521576646 524087398 526888114 531516225 535700234 570623749 583828973 598232287 599127733 615824885 624699857 625043730 625199170 629501521 632817043 633305625 634574730 638400512 643038121 647241348 657440427 672822451 674967054 698857304 707517461 730490676 731942823 748071780 754603447 775381865 780410249 782475998 785402727 786329863 791414626 795527458 804251091 837410739 838653411 841044154 852365380 852710655 874030154 876272154 876314381 880540748 883866218 899430058 906179493 930917310 932764976 941131834 943347886 948108309 949436352 949715529
46 728904480
1870666 10006621 24825405 29261620 30134925 43299992 50985210 52504220 57881055 63009270 63739171 109291097 119502980 134427571 151920880 153505451 156988795 163139721 170824524 174459868 177486867 182575030 189906952 201957842 211510383 221001758 226247987 231112415 235561183 239169627 264884465 273474314 281329135 283849930 285862805 293597594 293660864 296250149 302316354 312214677 314216071 318184030 330926070 350556150 355959535 358573703 360560172 368758582 369378208 374151931 384317242 396807923 404197389 418266751 420266313 424482524 431718356 442682144 446738558 459258470 471923290 487054740 512110437 512303989 518531874 527475462 529001532 531855419 543400456 550664229 551845839 553018008 555512027 562777407 590524649 604781927 608922904 611281792 615137771 617108735 624442314 630904890 641422739 667148693 671515457 672460889 676454315 677096443 684758185 687118190 713912205 728683275
51 606933644
2111587 6242291 8793697 12488175 13389113 17290598 18007253 25493816 27083478 27371130 30452074 35777356 37447587 37840286 43293049 46979942 55814328 72795776 74641827 90685102 95817869 100354521 102538920 110357002 114473941 116982857 128790649 131502565 134339864 135805403 138765775 146668291 152531057 157407807 158815115 165797243 168211713 173200599 178075283 191034034 197966337 198020558 209973973 242657227 249099041 257323789 257930183 258515570 273138228 275347587 299995874 300617064 303641078 318043473 319745297 319750250 325925238 337279967 340307856 343562336 364087104 365319502 365339946 365425162 367456123 383117719 395705511 413688552 415492764 423955932 427235243 431274476 433824872 442802662 448555777 455556128 457557190 458082305 465331387 469358872 470981142 473497315 476132227 476889116 477917353 483555959 489371991 490254939 499693216 502256514 503077214 507954709 533512914 538084060 545716636 549074061 549832343 573561287 587651473 594402387 601353421 601358294
45 781573841
542149 2968466 11930736 12485082 27466457 29356820 40471578 51465652 70493164 71290831 77275527 83408313 96070037 115800624 124035620 124881029 129030091 132920880 143603728 147842486 161417992 164806041 172388849 181184975 181741989 214416919 226447692 227071922 243801682 251447353 271372264 279920857 304741468 307510868 311122316 315708342 328176669 339167605 340862729 352605105 374632366 376694465 386195113 388543008 408093991 409869423 411038462 421615887 423799417 428866600 436286849 442177121 452575266 475933229 476494007 477771128 492045329 495829201 500375258 502701392 515203531 516294992 521628893 524141878 532301856 549326742 553824579 583535940 604637887 605335547 631364211 634743642 667893724 671018582 671264275 672084617 677668408 689487007 714721982 723518143 727594055 731738813 735965919 736840315 740543653 758038274 765296837 770963434 773719415 781372566
47 999435710
15901374 44293683 52681158 72571278 83124317 104277757 127615831 149180356 172994594 198393674 223588056 227996456 243977634 245995930 248729678 280341504 280453794 290765626 295804290 316873434 323229071 338512652 338644014 347806745 354234153 363235230 387471856 410753039 413977178 415159966 415437819 430648428 432112256 436643342 441110253 444184091 446399215 454923970 477782224 484791177 512866228 513897268 525343283 527349930 544140007 545664065 549822551 562321603 575355603 584712251 590916341 599948982 605884324 610402352 613384818 619995181 635929140 639912200 656102872 657815497 662836900 672911298 684693452 715557811 734409265 735067477 753400803 760956844 772838230 783353118 804816408 815672968 834808204 835309606 846514937 849758855 851120197 853708938 865951373 871986931 873960728 884491681 899059862 907368287 912346021 914403164 928210765 945159634 948477459 951056068 962287326 977316601 980800549 993269197
45 529258116
274668 2759800 11448207 17002234 25714960 36907819 37709816 39263179 44217872 51401143 67181573 70174074 79296565 88795725 90505091 100759267 115654736 125356267 127296381 129635222 132689534 133446151 135859447 140504794 144987950 148957649 155593408 159600718 160116997 168329387 171017450 171362077 176565337 187548779 188514660 190439992 190497266 197385261 201643054 207317892 213250511 231579878 238890659 246986581 248788439 249265373 258659969 274782360 278757744 279467397 281823890 281999382 287684150 292843215 302366318 303042337 318022707 318122655 319950903 325534408 329709198 339270445 340133669 342269962 349801604 352388199 386801212 387473054 388122953 393155973 404906381 408779013 422516331 435869841 443549394 445431573 447353954 468443494 469290076 470335849 473361367 475883375 488456814 488832288 490867980 498353959 499248711 506026112 511318215 517560205
49 798303106
8474377 14355367 21992916 42021962 43150778 54687436 58063436 59987594 68495765 71811912 74053180 74555629 90515752 96176191 102194007 103701237 113099021 116096676 129299557 131459191 133028070 137114930 138054262 150299409 158590913 160777000 167963459 178485286 189509902 193116645 195727584 197286979 203869098 205340395 214020448 217037536 217557749 235396150 248001919 265603327 265642269 275683687 286174658 306637411 313514386 319853908 332574289 338904611 345121151 355991696 356447231 391422860 396088420 404751542 411070013 420375190 446166384 447310733 462342896 469084745 478909623 480316420 486001132 490737292 496094715 496842251 521391250 540015824 550226841 558544350 566448368 568688867 575398451 585777546 598216398 605161150 630279648 630655437 646729058 650114449 652697430 655205673 655750588 662759658 663975689 668074562 669297634 670779246 678703500 683082629 697561544 708865442 743684037 745697899 762005747 781550403 789347949 791670537
42 969531861
2096086 5470315 22091601 27598610 28432912 48231398 50675734 55146569 56364991 71290455 75297680 79868039 89565175 100723689 104039659 105166783 123440763 127356219 146000427 147285212 151122834 155698117 156468576 161959336 165953540 174604533 180405918 187589150 247630914 273657405 280994177 304343751 325775814 329659122 330622677 336829030 344963394 346090869 388483796 393139760 412009886 416540178 418980018 425897923 457545842 479219407 545528058 579560309 587916882 588574863 589625225 599054853 599151039 601699814 629049456 632991868 640937908 650603579 690518516 691358796 715821923 718732052 725654392 740671172 747194919 755221253 760518737 770639062 807040503 814202531 828420458 838438503 840631519 844064188 856729638 861540540 863301837 880090524 886115136 914067584 931357332 937638403 944270498 957186755
30 640345479
6896559 8626442 14886269 25192058 26057750 38245372 52764979 53294729 72065152 81674208 111212679 127851744 128000824 140021020 146378120 160985840 172873882 179333444 188008408 195759074 199180125 230309928 244536714 248827936 256551222 265150055 269727927 290071229 294384661 316704935 317125569 331854876 334422558 374194153 375309769 385476481 396432291 400877333 401732573 409710378 416169818 416559001 422165570 425831676 436117218 440407167 449068792 464044933 483657801 485627597 491919262 534151437 538125929 538621845 555911550 569650695 599138039 614409337 617646155 633484462
46 610917946
4255286 11349691 17729131 20463173 29812651 44828850 47117024 52460415 76071783 78609380 93413228 107046839 114006490 114598117 116746089 118382602 127977548 128845778 136454274 136619854 136949163 139778291 139791437 148453970 153891873 160566242 160597899 161220124 178149743 182592016 201352114 221728803 236863931 240959797 241996456 250168866 255230507 264735727 264997268 265953178 273599068 278874856 279350913 284675683 286627586 289523617 303694484 303765027 306205026 312053998 314840402 317094510 320864445 325859061 341738106 347281717 350636284 354414559 358776435 372459338 373940866 376891865 385530640 395505841 406557117 407151182 415211173 427709380 443148638 448308661 451439239 453362526 465648875 466087221 480233570 490879242 495022131 505475968 508408670 524643463 525500956 526891359 529885045 536197160 540078868 558551311 577420756 586361735 587750860 592928380 593592161 597553876
51 778339536
6980081 7922168 10712587 19930923 30146324 32797824 36228252 37310912 46021218 48781624 50695175 58762005 83200171 92561687 94209543 100585073 126824664 143629048 145016725 146828910 153515458 177472395 181788168 195659952 202954229 205008843 210104545 218039946 221061445 223500026 223973185 229075093 240803025 278279191 282146604 295202249 311689786 325273597 328781655 338441306 339675330 339791208 351449422 353305398 360775032 368902210 369283995 403163764 404646337 407484897 409578421 423950978 436820951 441739187 441957543 447014903 450453127 459943683 466687407 470555589 497153699 501026535 509020219 518987816 535623738 537392542 538197199 542170465 553770645 557562614 566122220 577725983 579001488 580461308 600767139 603208492 604184207 604520015 610686014 618584861 627077532 644310735 679216943 679833324 680354841 689188914 694237944 702907607 703026617 703258144 706756642 711452322 713708911 719241833 728136358 736701744 739315830 739499169 755585543 774320604 774816990 777689299
47 522523778
5645923 6284146 20698703 34492755 41797036 46864696 54374650 62523658 63677635 81193533 91327401 106760067 107291521 109360521 109362345 111603995 123858871 125340722 125637630 133035592 138613551 143532945 145851653 150574970 153095678 158809203 160871646 167585791 171411085 172500337 173280234 182735970 183761687 187708166 195421715 199081289 200270790 201027930 201248656 204636435 207624931 215318407 218425280 222767959 222783434 223731901 250457602 254472247 255344369 264471307 273889011 274651667 279928981 281598956 287666499 303102869 304729412 306742087 317902890 318810058 324497765 330480085 340918857 341854340 348018881 350608406 352621552 357193069 362075758 369998693 370386803 382303647 390826417 391825306 392727830 394587530 397981727 432570835 446779122 449660224 449864230 450025647 458156375 463968025 466286190 468301190 471463356 473422983 473836233 493957555 503352288 503471487 509702264 518663014
56 840160170
4004435 5792103 9101768 21469014 36528212 37770654 38238584 41571833 44464317 64152193 72380211 87913450 92710177 104678414 106432123 112645422 124068290 125644276 138174837 139081806 139094092 145496504 160403003 165857788 191363605 198213494 206252491 211272033 211602057 223320724 224149957 247257402 250297021 254145875 258997456 276020491 285354319 318900548 322756212 323147596 334736362 354416889 355959137 356662872 360941604 362752453 363330632 363484193 380279196 399082046 401569504 406703148 407459104 419875909 420309026 429563578 432434608 446418307 451334313 461301364 462261182 474033462 510884728 523404742 528782745 529325616 532762812 533336096 533545828 537593125 546425746 548949208 550768472 559387098 561451313 567027470 569667318 576943285 584932113 585516285 586276662 603576206 607264502 607476963 612730983 620338609 641349362 642014772 643175373 649298684 650694444 655408597 655899540 697243142 703899581 719653385 727399640 741677929 741696632 744835178 747511231 749520168 749807656 760169386 773017000 779357016 802729978 803505269 814557605 817659537 818354390 826945995
54 901030564
2369013 8663171 10109130 12954179 14732176 35686562 39324093 44039852 52857815 55638943 65323857 70162288 73536277 74010411 84272735 86323240 88017725 88492465 106225671 108620266 110765913 110867390 110979415 113583914 114939473 120814938 121448264 144788765 145344530 150990710 163329827 189365675 199748151 204687100 209455419 217130362 223861668 240115937 254362124 263970956 265849988 266545526 273004478 279166466 279505553 285425409 290405982 319821247 343844296 356311702 356514289 359503955 368033301 373228809 378146603 393231738 394479870 418293635 419483623 423354698 434624423 437777623 439263433 440869416 441537065 443436341 489440170 493750017 500558996 503408203 532157998 541545021 541552674 543188423 548652568 553626095 572578368 578737160 591940631 611963050 618582964 631631519 632306277 643242029 659695346 667684894 689026123 698446190 708611786 726822203 740268131 743744299 754852762 755751407 766109622 773692364 788150448 795245232 801443483 814539753 835685408 836162157 851594776 854775424 859719833 868105071 890874757 898550288
50 955471167
7156564 23470108 26781698 38119057 47376351 73329940 84946171 85074511 87382857 89576613 95522133 109201196 125459958 135057227 143785430 166447996 178618630 180263223 180551122 213564104 228587366 236924962 252843584 261916694 268752809 271686502 285861099 293954296 302244475 306553545 312334061 319007862 335864721 354109127 356403658 366440842 381199080 385189348 393957582 412547785 441603203 456851209 458166089 462896290 464528945 466233489 480570449 496548713 498440094 500758463 504510850 513424291 528956396 538202225 543629447 544003544 551982028 564502986 578443727 579283377 595425063 618451627 625408604 627717672 638609676 646061040 652331163 658391519 661162084 662432115 663156552 666823309 667867607 683534221 688837285 706117437 716244852 717354114 719666512 724616615 741702289 755659190 766092251 774896504 782093811 792537208 802016888 824653746 834508442 845710385 857487048 866765025 878450677 890227442 896799428 914891306 919528215 944171209 947891115 952569463
54 897618867
824349 53684625 65201725 71793149 87255810 100304071 118218671 129494891 138694167 157192282 167537647 171632820 178804059 178991057 180736526 196112220 209800110 223454871 241004206 242503025 244066567 245826694 248681404 255095063 270927809 273656315 274592738 279254031 289615605 291679600 298012584 298079464 300831998 304346336 316725438 322999902 328244355 339063441 340511460 349826984 350397899 354871080 356867026 376707959 381015420 383914412 385252058 390305141 401494808 403579556 410190612 415195031 424958868 453333223 462455883 463391628 476336361 490910884 513434531 513623894 522148523 550707448 574971876 601314395 605910021 612113667 613406462 619203542 627055985 628122361 628660884 638730228 645829180 659980968 660229807 662383369 682061224 684943502 687750253 688584782 704973562 709771368 716184907 721847075 722158142 733734183 735725690 748227687 754981676 754998602 757317869 761307015 761842779 774121991 785165449 798248740 805785998 806977431 826713277 828004986 832409549 838736409 870380419 873282672 877223285 885425839 890917295 891020782
50 891160636
3229026 7075442 14298094 14812660 15962207 31658832 32784564 36115991 44213386 45909298 52238919 54722226 65700709 70893277 74013121 89775615 92763128 104549494 126903493 139355536 146590188 148783958 149119905 162639181 175134479 183272593 196128858 198584286 200578291 209362783 213967144 221639000 234165852 236132936 236851271 239982689 268841714 270513112 273315789 276103273 301517659 301536663 309500982 320172562 338485893 346812564 351656262 361788134 365971911 375564226 384978163 388675616 409287808 421636182 422979652 426528352 435503119 448814701 453775736 474729183 476256917 484354451 492798312 502343487 507329472 508658377 530672274 531315745 556652303 572074335 572789994 584026719 585867990 593587789 636031702 638188509 642957486 644466268 667002100 672930289 679328576 683257281 692458380 705974720 716893935 724080764 727354287 732599293 782113521 783747053 794320660 796460268 802956332 810149582 814548878 827054672 830401910 842026372 848442439 872192161
55 719475869
2072996 12084353 13874699 18088919 20592620 57057517 62028939 62080330 73537239 84579139 89262471 91211635 96658903 107616322 109811990 112532996 112883987 116250255 124529083 130158205 132432429 147910048 153003402 163824609 171221432 178181838 186977228 203016289 210141439 215071294 222606774 234875788 242613129 248486721 252805379 261120038 261790786 268816488 286066688 310123064 327227985 354039086 364122266 365019277 367273675 369497780 370597803 370614576 370847452 374912715 381084193 403742217 406566273 418368983 423075583 427914571 429785505 433218666 433689962 439930412 450031675 453763116 457552781 477138888 481122039 486656349 491397209 507090776 509023203 509333757 514535326 515936775 517805131 525146505 534986751 536801058 540432472 544384702 558815491 565218773 575876609 581814783 597149495 597490275 605503289 606020486 607597049 609070215 627044281 631166944 638197893 638633070 639890157 639938729 640299961 658423068 659362431 660239297 660798103 664396367 664874591 666257060 673706904 683470995 684627895 685074041 687994378 692838558 694610019 710736535
60 990044237
4516576 7419105 14687066 43783684 67447778 90091209 92974897 104564239 106420539 121517635 125308789 134823688 144107816 155605173 156335733 187727126 189728834 190207097 193399841 194987540 229424543 235935635 249977574 261697301 264878749 265745093 276672683 284405142 287369392 301738438 305095417 323286412 324159662 324679585 338735089 341010124 343500952 345854737 350136676 356367073 365102911 370675509 382058319 382361794 394137010 401358002 409985625 410271849 432129027 433189723 438649718 438976303 442258771 446291885 446375012 466673993 477986624 481062742 489612106 491625983 500761055 502229990 530244790 534804841 540904041 553886055 554120900 555563083 564483324 565529419 592610213 593430652 606998212 610614714 616602856 624971254 632519721 633397569 637163279 639769498 644406439 683868327 691784707 702699717 710795280 712839034 718924973 727003644 732483179 743238531 745943166 749070101 755445402 756776208 760664325 770676008 798627422 812883038 826219307 830689098 833287712 850413492 870657086 884713958 886603774 888379617 901530026 903498828 910145077 926440611 931017905 938008428 940601753 954485773 956125706 960929672 961181779 978777023 979114120 985640001
35 877060021
2150766 2581105 4528213 49479110 58325098 59065121 72559905 78039861 85617741 98822968 111154172 123276669 140372911 151558489 154381147 175461412 179654404 214223580 247109235 254791395 261923432 266611554 269880584 290615570 295270579 299743246 317601499 337308109 338894736 368254936 373483741 377274831 380836581 384709364 426836767 449629494 450686531 460364183 466009600 491456392 499262911 501030812 504636809 512352071 534899911 543778511 545483380 546190142 550237644 564258995 589230781 589260649 598986710 635176123 642633691 677784920 690788165 729731607 739511287 740416143 758091696 762550921 773862215 785741304 787769945 804206386 808978492 816533583 816885909 836078291
32 949574103
11195530 21865166 54126614 106227658 115755473 129463727 133725480 137525068 149403060 153023589 179940008 202387439 204475346 220119250 259576165 260811432 262416723 269162626 272533757 273964500 290932782 292212192 293210133 334274602 345373814 345688565 365549944 382114202 436160657 440939002 447977314 497891359 525287830 532685213 557454792 566264344 586877478 598291992 599774707 606061381 624405356 645421160 653979045 667526235 670600926 678260941 678355111 686242612 691364425 711330532 747163370 752139106 757843123 762466947 770278681 773775988 794361813 795419612 802943533 838747214 853954540 858417264 887614330 925920071
51 898188270
5356617 6324511 42437476 59961918 73714384 89886454 92397993 92672565 92816331 98704401 102154789 115294884 129095913 132367043 137155162 141948588 154104629 161986506 177360338 206225621 211664588 215029380 215748925 236321496 243689548 245523081 253454375 255542355 264878800 307681832 314124258 323850303 326991658 329553690 336015975 340620966 346253942 365596827 370029660 371275218 398018508 404551209 406929260 414296335 421869624 426764023 444238046 450138125 454455212 454538078 468869161 482224692 484085442 485903727 502979739 504162566 511604711 519769984 519866547 535578933 537480506 555982320 562693667 578448407 596183859 607258081 608222665 608429062 618168405 638583703 644164762 644291033 645355478 651348281 654223234 656905665 681361606 681448987 682065121 696731202 709899983 714380991 754539471 758114689 781936893 789849318 791077683 801547370 803207115 806181842 817404700 838325994 839517386 859072004 862049479 862975398 864378561 874379293 877942096 882354632 887465156 895496847
56 906189183
13541035 24348175 30843921 36353725 36682945 36703279 38457207 56855875 57549257 65702464 84472441 87894895 93228664 111765573 117523301 144173675 152675347 162090941 191330802 195120571 202479094 213156802 217950233 221743874 225944840 228481966 228739527 254239224 282365178 296160437 304781915 328089748 335110162 339169308 339366269 346457080 366365677 367581045 376317945 381260462 384743280 385137038 392550675 404334157 411172987 413879247 432325387 434805210 436555848 442708827 444612581 445209975 447057454 453306040 464454118 471576338 472560552 496277475 501957437 524683539 534532334 536384405 539096446 540307646 553286865 559826077 570470146 571022130 580165380 585240513 591737287 597211210 604354653 614212725 619392798 621468520 637042099 637789673 643957135 653374812 665726948 681646597 705174960 713427091 721431820 734852924 736484592 766369806 773756899 774892279 780502337 783148715 785012316 790778558 797485249 800300233 816618395 824144284 836238758 840057105 853847472 854397156 862042830 864228873 869503303 875096484 876724999 876998791 887086108 890542142 897581437 897925555
47 561490965
5065418 9597753 16109721 18355976 22198506 27324066 27426330 29036045 39840198 47969086 55984700 69378336 77493542 84379310 87765481 88239329 92232280 108645696 116169866 117568282 123620068 139145055 152491080 158433706 162162404 162984737 170922060 172442130 185260345 189393913 200585422 201497640 208918886 214488830 226043204 229117706 239420656 241376832 244086670 249239435 258113647 264487037 271822722 274205072 277025304 285137376 290602992 298098965 298496159 300055370 300695598 301081013 302252207 305701173 306847841 309317604 324571101 328315855 332877964 333615188 339936792 349633932 352873998 361672099 364901611 366909201 378707627 382354119 393356421 401501310 403707337 411216455 415037041 426265251 445343989 449823027 450605942 454059526 461614865 463383162 470596738 473724120 476553891 498413610 498655585 498816562 502370470 519748457 520247188 525384352 540023274 545518082 549170878 554355436
44 902467072
2762174 52228484 62170796 66117183 71847017 82625702 83195498 83469961 84065514 101036402 116663268 121011274 154038567 158095251 158847963 163273640 169765861 184162370 200994414 212428903 219817937 243210145 248874497 268815802 271963247 277062482 280378096 283067609 286346468 291998332 323776359 326735430 336671230 344086235 345855045 359621263 368994895 370184664 380701351 392460373 409035734 413236489 425529367 426665328 431777489 450486308 455046445 469538211 470422976 476371221 477429758 506942521 510813374 512560495 531622889 534558456 547248671 553038681 553163172 557158893 588149388 631195860 635408146 648801164 663984235 671276917 674738776 677715241 678221798 703189197 723262843 747640145 749710423 753716203 760594354 769312642 775090078 780638867 791789382 795810763 843339918 844838448 845226329 862833029 874626951 885621296 887956703 892985347
44 838927033
4562443 7848547 13344386 26133632 44704853 53315009 57083504 66249892 70758457 92605833 95674984 99974435 103754083 104726335 114495422 133444016 145393606 146012409 165449909 192520121 196865311 217520922 245087763 258058312 261720544 279152971 305300507 310181991 318461797 322663211 330542637 333404462 353777938 356883100 404080751 405543866 409746060 421984869 429812217 440824169 443238522 453534105 463563790 476692116 476709516 480012032 489965851 495521487 510020045 529954642 530776626 535335595 543816177 552189835 565946034 570112585 584853448 585666684 605901899 609932217 622103597 623681438 625751315 628434615 639235199 651527069 660296350 665932780 671611480 683744958 691471739 692897150 695329390 700885143 707058209 709442000 710116607 754689985 757605506 773343377 775967069 789007404 791874592 796289292 801809844 802087924 817720734 819858172
40 698451161
1065571 1164604 19717674 22236878 22283900 36001759 49490343 58425406 96137456 105753539 112727779 113301904 114833164 125656416 126912282 135045385 136427092 145768593 157073324 162407666 164340525 165669231 180805042 186374408 217899287 218347024 223186599 223691978 251507668 263118281 268322229 271068332 284021638 297328847 301332179 307771358 312341203 313277575 340090463 341637742 353099435 374377634 384090671 404276029 404755065 413794508 419675242 428593975 440918794 442780826 443297647 450207770 453180535 454205030 462863643 467289404 476997563 484637096 484948917 487550310 515863199 520682309 545004805 551767336 563262829 564989989 583984152 588426792 598489275 619904917 624522088 633137350 644147045 655679627 655953600 659411588 659608482 678210113 682536769 693940509
49 915747415
5476774 14505798 35038610 38230550 44865550 47627861 60107423 62973242 70638106 84120718 99979310 100250517 101487635 105969393 110177151 111375971 112227422 128330321 135132733 137956960 139955718 142993101 148121395 167686399 174313208 180718407 183622244 190792431 199011728 213260624 234419286 246193242 247356727 274440811 284468758 293350019 300842605 313378887 317001500 318630913 324341277 336969847 342251171 356863330 359648983 360848426 383070650 394765877 413842173 445114248 451825282 462320541 471855192 480396241 491312039 497735571 510010604 510305640 515301778 529283681 531375943 537699358 550233656 552866749 553277866 567940625 580559211 590991553 609141355 617659591 619550759 620738441 621139749 626779186 627363768 643604340 643915460 659377040 678889165 680568406 687197464 689490261 691529590 705023780 771958425 773452948 781498306 791943473 810307038 813020210 819174267 820411921 825820940 849164525 858058950 876459479 893010409 912483444
58 588279189
13049919 38207050 58535517 67392739 68277011 75912391 77480699 94159484 96863139 101686642 105105489 112905736 114782362 117108476 120710428 128085011 150630016 157405015 160491840 163116221 166007118 173190834 174229637 178606457 184510569 190713604 191417078 197073763 203370160 221052577 231149456 235648858 235666544 243470483 246616333 249200906 253663849 256920378 259226318 263467168 265763930 266279579 272953638 279532926 280059793 286365310 301625373 311176783 328908327 330479491 331880998 345531613 346233552 349725205 350905038 351851775 358545984 361697516 364428175 365287090 366567429 369269478 370572515 380159012 382345642 383114258 384703401 385340567 385605345 388741938 389892157 393062714 398187859 399644433 400723655 417595300 437765375 458803370 467210374 471267109 475924370 478097463 479479055 482148238 483957808 489530942 491921288 492571393 496695950 496921101 497403660 503885665 510056944 512181295 513113998 513481821 516576018 516762615 518414156 521567315 525164746 536967596 558330959 561397356 562525924 562581526 564637399 567270537 567574543 570741595 573626515 575500219 575567946 576073696 577467966 582257878
48 657229850
3545874 11148234 19010000 20516028 22178241 24453214 42277994 46106894 49652386 49841527 71681228 74059010 75304611 84754677 86658742 93357621 96185881 100078895 115637577 117410103 119158961 139080763 147803108 152136725 168956248 176072311 184363260 184401590 187952705 191385506 192896499 196180727 197018269 201006399 205442361 206271398 215720337 229542884 266750575 267258924 270845370 275425118 280213436 281782388 288062346 290434752 296315626 301324660 302680091 310441778 311815369 328168343 340118964 346070050 359218459 362108985 369232909 378653643 389541662 389953813 406554726 406901542 415904347 420153388 424371090 445075534 457376064 461643878 466602886 467738950 472756329 480165078 495489005 497473234 511712510 513467782 520219349 527415684 546758834 548140167 565876136 576673976 583202124 583310616 587532657 589741053 597463467 602149040 604851026 608990576 614738076 617755489 623013685 631289293 631444128 642528541
48 691855523
6468697 6950600 22119600 24822708 41192017 58395148 65161407 68744367 71226224 74865705 107828929 109867728 130141432 146152476 150556282 152339905 153347612 159749238 160701281 167612402 185398552 186107511 201116110 207385553 207755502 210129010 210158223 225130311 240322107 243637283 244381617 249937672 251372262 265862341 267750406 275367121 280794555 294687191 300214668 302531403 306534320 311796783 316471178 336732884 353696707 362113869 362590725 380449091 381860967 397848590 402368293 410733894 412110764 415035006 421199716 435468322 475379417 477933506 480536793 481246094 483556984 491393593 492024096 495389234 495604763 499018395 506062545 510870452 526961862 534201377 535220014 536080826 555627163 558287272 558931644 559080263 559861480 569663213 571222231 574109067 578378147 579840500 586418106 587594300 591873427 611768535 618312769 618549477 627283745 648153222 655854433 661035613 666504222 674384595 682188188 690904070
50 580682085
1041727 3351582 6995189 18825411 22805663 26307745 27141974 43828443 44157456 48138935 48514749 48604061 49058879 59661606 60293096 60824434 67703566 68903408 68937903 72486458 79241360 81491077 83885501 89877820 93571415 111735331 115866131 118915831 128378581 128452718 130128343 145772421 147956171 148280575 149561157 163404749 206781886 211308668 213484894 215631504 215897401 218914080 233323427 235956871 257310791 262645153 265686649 272991128 275895414 278633496 286083769 288349257 313797522 316863354 324812043 344559246 345740517 347026079 349883260 352842232 357226677 360015531 362834055 371841143 373440730 386335014 387563099 397818290 400561724 404008100 407548819 417745468 425114215 430160178 430514293 438704739 438914250 444569734 444953354 451090990 453599552 454308571 459771851 465363261 465411274 473517904 482143327 483088606 487424599 506066429 511786331 513507537 522005707 526784953 529056816 529483304 530266210 542791344 554059996 575170756
42 627568981
4244453 16422626 21332752 23216420 34356069 37469146 41463453 42645436 54095583 66451810 67180376 75438993 81967358 87089465 91782211 97887238 114823100 115308135 115319544 115349041 126604018 130684555 145149637 148325048 149191709 157890553 158049791 186953936 212947766 218106617 225904416 226017437 227353898 230017038 241732336 252528342 252912669 255313383 268366903 275386970 291356572 292485840 306156536 309644122 323152764 341355762 347489067 348099091 352190786 378666578 390358232 396882247 409916648 412724555 414093807 423748236 425283412 435266556 449161889 453592935 454769304 458338866 458502489 465011338 468380645 470011525 489112097 490201899 490809841 497113220 500431575 501488542 507620242 511534801 530143997 540889363 548765729 551558849 564136293 564558566 566774998 569619600 569816685 569934719
38 512998943
7157223 11752768 13892010 20779796 23106334 31917328 32783657 39914739 40402068 54628825 64957230 81496315 84261303 88780039 93447227 101471219 107932832 118932718 132111964 136503911 142912457 144846165 151009172 152472507 158925253 160753590 164460588 164555610 174021450 178185805 178587572 180594655 181689924 189031111 192147039 204168448 242885195 259931670 263858325 267724065 275463654 277715247 280786809 281509792 290684803 291159185 296687044 298360625 300476737 304659954 311557322 314421142 318800368 320026126 326790434 327937666 329888569 339346742 347447697 348535211 362673095 363965810 369507530 385583697 385748305 397639064 420421878 423403929 429477625 440695706 446159845 446916080 453314987 485052213 496363007 496968497
42 861335234
7163943 9248871 38719664 51760178 75475216 75631319 79704818 88385006 107912352 116937202 139993839 152241783 170827144 173990920 186229148 186509885 202675942 222848902 223844878 229856225 238846545 240052110 255748731 258064533 270493889 273718407 278614759 279678384 293771532 295641832 319351066 332095534 337232326 337606375 345194156 348867741 349469617 362695791 371481401 377419508 382764019 385716400 395856241 402090151 404411419 417745153 419634030 434896734 443461564 458919534 478636410 498562545 500052975 510563535 537107263 545044644 551158147 552497414 572521892 579586653 581418973 595220843 620536852 622021585 630304962 633563911 635502235 636154959 650986956 663683307 666680972 670515913 712321543 727940372 734712368 738317019 738412717 740889869 775590077 783030584 785419119 801856256 824665230 825841912
50 746774705
3893299 19612129 24539841 49053996 50827425 55219599 65102481 91295764 99911358 104277941 105277672 106559127 107517493 108574149 114997230 117296109 129530639 137176177 145038519 164472022 164841775 168958979 194680846 210001123 229592486 235452042 240325887 253637479 267298947 288352120 290346627 302588722 307082676 310805555 316630711 316662182 318973440 319497903 320442442 322253220 352289931 352945811 353283964 353906523 358198789 361619975 362092506 371219143 392004468 396585337 411285371 422035147 422650874 433051617 438188337 465506807 470632550 472667249 477121362 478767681 479348375 486191947 488220301 489388701 491526767 510056112 530513961 533606953 533872750 536742747 539545940 545637599 546416339 547184953 576364289 580922360 591330347 598585493 609084996 611408696 611711647 613552181 619272901 621197899 631957623 639842551 655297659 657737947 680172644 686005771 690278400 700486293 717588963 717979845 719163956 721241367 726461179 739918477 740468043 743978597
51 630363866
5054414 25674442 33459129 33955690 51850641 61429058 61635383 61970993 65048549 67870626 100584254 103503592 105828617 132144333 136090348 140726101 141036727 164568074 168895404 177252510 188653815 191168464 192711298 200245747 218815580 230972307 239809605 258439424 260084036 268103318 269230633 270113035 272137795 275728928 277309155 286938187 289070865 297810815 303854960 309741810 311935088 312292830 314364427 314607591 320397996 324589344 327791599 330794742 332143339 343863443 346650813 349629345 351472020 356345795 370977079 372181877 377894632 387564974 392588406 397663859 406460028 426063644 426930990 431765536 447497024 447795761 453119240 455980340 456653775 466706045 468787424 479486518 483898479 488753269 498098557 498351199 500826874 509734064 510843420 511910859 519530477 521718583 522978621 526599139 529960202 533109321 540565731 548785428 556137317 556213973 572583929 575356452 576605819 586115771 590089518 590365749 592360656 593951554 611792326 614232978 615757426 629371193
45 834532127
31496663 36736701 54976213 59876653 77213050 80637096 91602602 91772814 104982439 115279756 128558233 129451085 129564392 133725067 136133865 141102767 144657773 144868551 150759535 164850692 177268159 186813236 189143207 214683469 221171058 246119558 247014841 247601734 247753580 264831659 298132259 299996843 307215333 315693818 315831818 324211598 327374981 338288704 338556189 358089870 373439211 376096419 377086425 381615720 405725768 412111059 420132750 426938644 427690692 433070225 444549399 463600020 476678437 496531257 497837300 511669813 514994113 527300830 529182265 567265971 569057861 575589125 603315969 603945573 612119620 619075844 623144787 623419341 623879899 641735335 664850003 670709361 695683521 702965659 713236316 717969497 719442672 721323397 726524009 737732753 750788875 754994688 759068689 762997342 779386658 780299181 785291826 793086692 810188324 818799593
66 567347120
919617 1085719 6699230 7396324 7610397 20437809 20784379 21716589 21971764 41654220 45962544 48197191 57311847 59902935 60700113 63560449 68756640 71219899 72469284 72985160 75768292 76334523 76809273 77661076 82309462 100747401 100864164 104830830 104887011 108689481 110045829 114603699 120300185 126500828 127525544 131004003 134560468 138345883 141920482 148646523 150065943 158552481 162023227 165139720 194641601 195094537 199078852 203534253 210671527 212014075 217845292 221387297 229719860 229800611 243524328 243729802 244969861 247183440 265990734 270491315 274157753 274697382 277164494 277255267 278117255 289268630 289338523 291112140 291270864 294787986 296714450 301972734 304938221 305626706 307718480 308439171 316224416 321494668 329527732 329908059 332304743 333952379 337663868 340029025 340654759 341365405 348915239 350766467 351841434 352912035 356892181 359053041 360826398 369586703 374449282 385959136 388540510 391562036 394278983 398550659 405460776 409849022 415166323 421813775 422695836 424336579 425830612 428383228 437047032 438108717 438520563 441205078 443666358 448482201 455892652 472381707 484416657 486141936 487557627 489571002 498308882 515924175 518563955 524467336 527377791 536172433 552621325 554484953 556720624 557588570 561284734 565660381
54 504747500
5091595 7137692 8801328 15170729 17135666 19499135 20476888 21535218 22452299 23201471 23605975 25252283 25658679 29199893 37392824 40478002 45142812 51292328 54374752 55056419 64229280 64843380 84336239 89620972 91021192 91900318 96865410 101959138 104584917 106706513 107332740 108501575 111634431 119098882 120520161 123275421 126619371 130904922 136973118 148677084 150729661 152765697 155823095 156479715 172568832 183483272 198691849 201680644 205276105 206230972 208784129 213518162 221413499 240417732 243996347 245088755 249259691 250421436 253830220 279898985 280022479 283242939 285587099 290721366 294705163 298375087 304078883 309659145 313377163 320518588 323646928 324182358 329553988 330009176 330451293 335457738 337030400 340123444 343708693 345716047 353061905 353863162 362144423 365100242 372891224 373735629 378615551 385371355 385874464 396434987 410065044 423293612 427053959 428711845 431461876 443374810 458695318 460611911 460763387 463929887 466707883 474106135 489178617 493388485 497845760 501976257 503592177 504318653
48 654026093
18883907 23875551 33611820 42665971 49074510 63792808 74278576 74445442 78936402 82698140 87356759 93971873 95305343 96564344 102700593 103962594 129986279 131257515 132378311 135256952 138518387 143617394 147783187 160762310 170864296 172261737 175598586 176985719 178877542 180387791 180435934 196849886 217738052 219857048 220671274 221622620 225960705 241782470 246158567 256307554 262823629 273143973 274490256 304712061 307527651 311692110 320223052 323879433 330435649 333535863 350053769 351338204 355057549 359679624 366764355 369519778 379039741 379341519 391128094 392806554 405109949 405398784 407152911 408044867 414309392 440976236 444795139 447246808 451078568 481879761 483050988 510140599 512209042 526464517 532293095 541371633 544049702 546864076 550210657 561435536 569546683 577392737 579203976 583048288 584505800 590374586 593452249 597231024 603942466 614544933 620011666 623911126 626640888 626700385 629758401 646071934
51 741531392
3707725 17289863 21067317 22490237 25886218 31529695 54055056 58315057 58495861 63017812 67255854 67268168 73510986 75853548 87047325 87422337 107301702 111239156 126770804 127999217 161302921 162850047 166973536 167597032 171621082 182635485 211020731 212124826 216398572 219014851 227618939 230108738 244185972 244472296 260690705 277440773 285626097 289688447 304308994 312081903 320274883 340283421 345024408 345572293 345817529 351908215 360425302 363804020 375155287 399493574 412153893 432713901 433487856 434223133 443792411 446440376 450519288 470010025 472183171 484472350 488689454 496300736 498201010 498530813 502988652 511374389 512677719 518528948 532907528 539260917 548657420 551336690 552235672 558075742 563007457 564947831 565574024 584774409 585346475 591890134 595679219 606359597 609194029 611817704 613945824 614759667 621548109 628756019 635565217 643469443 668351015 668808109 669016691 672553593 696001789 712455441 713872828 722900415 734839866 735989456 737831709 738686725
56 542120161
1410597 8012098 15639279 16329836 20985857 21079984 26828287 30108257 31667322 35428690 40627375 41624834 41692001 53131225 53360716 53836799 55905824 67852181 69544521 76447521 79320724 80448122 92957169 107672531 115767722 127582446 133354142 141174796 142959333 144662257 149359044 161730037 162796576 165003630 167419278 176430716 178334305 183489583 184760137 187935851 189545890 192254992 195326673 201164924 201490692 201512436 210625185 214063058 219414758 220375559 226691464 227520257 237829711 237979144 255160695 258910244 262057082 266277404 267116212 268149504 279992764 280486962 283816233 290231013 291167951 293233262 297147377 317286437 336234790 340560345 341603511 344920891 346648453 350212802 359534613 363832293 364761579 366704851 368133681 368215401 372196185 373902373 383817900 396567498 400256836 404580684 405455571 405487847 409675242 420402194 429262951 435249785 439586444 447095719 448129784 455633628 455769686 464119814 464171566 471021339 478250963 481326058 486767543 486849160 486870068 487941012 494302436 494396857 494868151 496856747 505636159 520463381
36 751355358
19125042 32987719 48630706 49620084 58269504 67022974 67130711 103402044 103700569 105018754 110105192 116554761 123272537 185720077 202739382 224072973 233011887 246866767 251661934 252162881 255186576 278643429 280846520 281134888 281255930 286672739 292241052 301791175 307272235 328868848 344048355 362363973 363680185 371619270 378999239 427885840 436947729 437864639 442493269 444060711 484547994 490698049 519241210 521448088 538167556 558016433 560912923 576736013 577226784 580965285 589830914 594561800 598338211 603612332 603682802 631980106 641528406 654691548 658339571 669363137 682152431 683188196 707110164 707379384 709348342 732402620 737873868 739446444 743459594 744649672 748200260 748804566
45 964931181
4170977 19897428 70312038 109816730 110852829 123113966 126930800 133365445 136408194 139791393 157623598 164839438 165924087 177227865 183030494 193391572 223973595 229764433 230328422 241523298 252859632 270397213 276064733 308399369 319987948 326453930 340106326 350091638 384564023 392854374 394154051 396610840 398766881 427809883 456699528 461162130 461473085 529743804 535664085 540764548 580232131 597171246 597530613 602610247 604693355 611457623 618935422 622058247 656671699 659087501 665002717 673444278 677631170 683161158 684409164 685052739 696857574 702469549 703648348 710131348 710573631 740882030 763214817 792468585 792770476 794023119 800749976 803529074 811655926 822927818 832799168 837192249 840884912 851402001 856520763 860487031 871121513 871306505 880530708 883064225 886375231 891425055 892221471 904982977 910601984 921790157 926248198 926505353 930423700 943412973
44 512442533
105993 2715539 14792005 20244795 37859416 44414921 47861925 49174175 49893301 52279780 58175479 66614450 74070263 80910636 110477922 115987820 123780100 124879930 145172095 162881595 170209041 170574675 173426921 179333139 180254041 180942431 186417159 194801334 196271087 196481533 196620216 199071237 201351608 213356057 216012378 216780294 222065734 228407632 229399563 230539748 230777931 237198268 242313995 244568646 252161999 257923110 258143857 271309089 281738553 284490236 286827865 287171545 289825129 291932957 301614512 303860339 304552118 305112349 305682318 313798274 317414211 317596562 327670066 332830984 346511944 350669283 357670232 375956621 385530278 385799462 395903895 399152522 399657727 414910674 420342514 426253148 427076469 427601939 430421644 466472856 475170178 482560288 483817721 484251364 484819135 497141494 499266327 501590198
59 551015444
101555 9348026 13716061 26800404 33876788 38664964 46319309 47119620 47662980 53981177 54744647 57488582 59859961 59993462 65792222 67202295 68036456 68078939 76836022 87049557 88314866 89513420 95889242 97148152 103226611 103691078 107169294 110348050 112404213 112864973 119527231 129872408 131655911 135827167 136671704 160448001 161098602 164311019 165053569 165229295 169440921 171244123 173366992 176202421 177165181 177364775 189380137 199292631 209297558 214540811 221133649 223242296 228062512 231870628 232064711 239590703 243121895 245224331 248032666 253429376 255960426 257682113 259545823 269872784 274335396 277151876 308413394 313861500 324145002 332208700 338673512 347278847 348272240 355957687 356099907 360870473 367108529 368292078 369732247 370283268 370451456 371508236 374196459 376059791 376234949 383318778 385582091 385588658 401501384 409346982 414906983 415478643 418241816 418342479 429829215 431524475 436155014 436868233 438758008 441735579 448375787 462023047 477108001 478848137 480742058 484874594 487414192 487908612 489488021 504111444 506164905 527670722 533581231 538650716 546488288 547570387 547931039 549798767
43 577711231
1636626 9758685 11712667 16902241 17283602 18884350 22126679 33875525 43879485 46043647 55157097 56827088 66738383 68836195 75422199 82657433 92709975 95602311 96110215 106492069 109566527 116336049 117983794 118998274 121103507 130398023 138833788 165475537 171439886 172735022 178584766 178649111 192237378 197278529 219055740 223838065 230985348 255161732 276390946 282148524 282379289 290778771 297714914 298126170 306540960 319561719 328638482 332349636 334624969 341990872 366698927 372950957 384259293 389231666 395042779 398648923 404705200 412598737 416009345 421155136 426387917 428100129 436477983 442787056 446794426 449638134 458525216 459784993 468754199 477352030 483516568 490651459 495740057 501117616 502592662 508424881 515941535 520683841 523223699 523402846 524757009 526312546 533874897 544185631 549972873 553294803
52 821535274
12835404 17792925 26372132 36062950 42174169 44796802 83306734 89624934 128475805 140211604 140855521 141351446 144595370 151017359 163708497 171280687 183073472 195936675 200323981 200719674 204970487 231507340 237902404 238929001 246092983 251464130 258893842 259578966 261128719 266352051 267358370 270593783 271952457 292614027 293211470 302719160 311903816 324996368 326815141 328283816 343775011 352510300 363752641 364580156 372771148 374435047 384781275 388832630 394960613 405981028 418135396 422743788 424832036 440831915 445424209 467630697 470867590 485648775 492117704 498550490 499182772 523909870 526929332 544091518 547620002 550938319 551579234 553533791 556424903 557872147 562404256 568660042 575168260 588352158 589940666 591759631 592804031 594108379 609280039 612948806 617701561 622606068 623662323 628861623 640783104 643440245 667270467 667486950 680029910 694601612 696988079 704071096 707741240 727745561 730197243 739339295 760011775 762793433 770678787 778976681 791136009 814762126 815604431 816522351
39 884888686
1057774 12253749 17520660 33785415 38788339 45198958 53122880 76424030 88151669 92827839 102396169 108902980 118846327 125887446 127358640 134288516 141545233 153230301 163273322 171142254 180939487 183019733 192359771 193298737 195647018 234346967 238767466 252138118 256641187 278763069 280651942 326239687 334338879 343308541 346459420 355046004 368518648 381807130 387637478 388611274 388804353 427987107 458709845 476492980 495298786 500700563 507116814 512755480 540598079 563465902 566025435 592712979 595085612 604229866 615821959 622849486 624209452 634202581 664371976 667498394 672100615 675706312 692301264 711181449 715899660 736261952 737228959 737391112 752206483 759980589 765078046 796876883 809935931 811317993 812921435 832515281 841138424 844204517
38 976402365
2556335 6012486 7267563 7426764 16178507 18735592 23235425 49724874 68545032 80883257 112085717 116946211 122935167 135979403 145499047 149595316 166335415 173026028 176393780 191773188 195867871 213938757 224761753 265022880 269578167 276086922 289314347 293335334 301365300 314010202 330444781 333917595 346073491 367703277 377081099 387098499 391634699 409109483 417556305 447061398 487110453 504764037 516927789 542725420 582456524 589827001 596494805 612204143 617872530 631310013 631756335 681707355 696523121 708170999 708894340 730016683 743237873 748336685 751248007 751455047 755256713 771168979 795055210 837822316 843836876 846290460 857325470 857586076 858335565 859697262 864097249 876486963 908935578 921724709 923383814 937176537
42 601223223
1678945 5478983 8541135 21940591 29081689 32275844 35159255 43782407 60121947 71275066 74724408 75776814 80690130 102444971 116558088 120961121 136024548 142002755 149582160 153376376 173413721 174102176 181574289 190041876 201333309 204678302 210885428 226383848 236943311 256042644 257589929 297264341 305295035 308931859 315209027 315591435 318256563 325601581 325637928 331674389 335934950 341707111 362432503 368790457 401574349 405711140 406855729 419563497 427212367 430717828 440735587 442184541 451001103 457854151 461019969 463914971 467640620 471893427 472474620 472757676 475957894 476062674 477094158 478068030 483286747 494064759 499581484 502920314 510505531 521082855 530017679 532433230 534519168 535358117 540404267 556803302 578424847 578434188 580585531 584991775 590414493 590612446 597169034 598607830
50 676039119
6383895 9024406 14742668 14753167 27808404 43812025 53129010 75364609 81980460 87816874 89308543 89711561 97162921 98600767 101095839 104536835 107177723 109087321 123890003 129612072 129630854 141661851 145064255 148551056 148985499 150654070 159618076 162002789 179660273 186546931 190731223 197023516 202074787 203403425 222013755 222984613 232354178 245468248 255510193 271688137 273447252 294259402 310867475 323553664 325590732 332714330 341927653 349820639 354330040 368587878 368836559 369581348 370099588 374023084 388594463 390178004 395432467 398626474 408291724 412679039 417656841 422650793 426075128 440868402 448339507 450016988 459462339 460537020 466790874 470349837 471274280 476534726 488279037 497471187 502565903 512132909 512701957 514506287 522165773 534316516 538621007 552304317 558998336 562056957 568240117 569400480 573052507 587891697 590927221 595060322 596789752 600366115 601508320 605958580 621296963 624842673 626376558 643044484 658819325 670703662
51 995236532
14646977 34679533 36317737 44105334 51434747 59099183 62450941 87509130 94654570 103873360 117352847 119823626 123711570 124179881 125343105 126786636 138316323 142017025 145592853 146401704 149461209 170536172 195602896 201919234 205505388 211716374 216717006 216736370 222325053 232620754 253161802 272529369 275550439 284576355 298155438 300974376 319850866 320156336 332855646 336318226 342185833 349938233 362143051 366955198 369564547 385885393 390129069 394935990 395523134 410334072 438639651 448281821 450158924 497296439 497658164 502247973 504735224 512820338 534812096 592063417 596613444 619039286 643365540 645180697 649708906 650212515 653246704 656511417 657202012 658897624 662118132 695162720 715038597 726621598 736203890 743399139 752848996 758277219 772822590 774169245 819750451 824209399 828156584 837095027 837588939 844624440 852624324 852829427 859390922 871693698 874687156 882817442 889734495 892779285 928486055 940285844 954016743 964483003 976518348 983221918 988651770 989904908
42 777428416
1055374 7980138 21239369 23387232 30902759 40247935 64217482 73728323 80684256 97601301 101286974 104615540 110685907 112369144 113504756 115026537 123000503 124153725 132714340 150598614 152642533 153833448 188174503 218906507 224528047 246322919 246344578 247680704 269363792 292492936 300219669 320712501 321213989 333912900 342959906 358367791 366587994 368854847 394427190 403771246 403943026 415316679 428467243 428845756 430633752 434109977 446510824 467347645 474348377 484168753 507807674 509704330 519154129 523432854 541341715 543253123 545657322 571316165 588163518 592865205 611129721 618082468 622807234 629131437 654424388 655149011 657187979 659573354 670625135 676484671 692251451 712726315 712951095 729463423 743841910 744510654 746234363 749584486 767399375 767746641 770135423 771308454 771695324 776432890
46 811005237
16939440 36950620 41475884 50051846 51573078 52808938 66307668 91532024 100268703 115865957 125506872 126269003 147721909 153745425 157721707 176397251 178532084 189608600 191108788 211917996 220532733 221462847 221628213 225288073 240917383 249349545 251282048 256350522 256776159 277892131 283111832 322384676 324378125 333490325 333560590 342920978 348178127 364970781 366134793 394006973 397539343 402031471 407289092 410415970 413395611 424975299 427098959 427615397 433801209 440958773 444833872 445097285 450549334 451841445 453587507 467729856 474625247 474991002 483963863 488614293 489734809 495163981 497456765 508038343 525538031 529324299 531505830 544729571 546497389 546852353 548735511 553720005 581663758 602527345 616636437 627225484 628164719 639739011 639812410 661206824 702243991 706389674 717540623 730628020 733058535 757893664 761794917 767041520 770326472 783599646 787129406 807850132
33 756329850
31040605 31323432 39144963 48634033 57611073 68937050 76583802 76986552 85949066 120206958 127801374 135302645 138663724 144531825 160962911 180306882 188174075 192728609 209359961 214030407 216591620 229919042 232099521 239950293 241890842 265512821 278208726 302741601 308597850 330714480 343066369 345459834 352083606 354535766 360425528 378488025 380313749 407293104 418822062 436009458 442697337 442944715 450710636 470804111 491694617 495324253 504800258 510519563 530041894 549360539 554011270 559575422 572700806 598152635 611473998 611784939 613885529 616513552 634164699 640561667 680381060 684142715 704576094 729314874 732577818 750985402
39 680641301
20439305 20884228 46472437 47664050 73888760 75132510 77521002 87427948 88743128 99235709 101198680 103902571 142818462 145906587 147052975 154435311 155891718 182035857 182042035 197018279 198139120 206943667 210047913 213227424 224105198 225093731 228718430 239867343 253754548 254901311 266750183 269013957 269680231 303645333 309971682 312938715 337008448 341354961 348883076 363099620 367518461 378012435 380166003 385297270 385886115 390118872 413252560 414242130 429317091 430623928 431115851 442515943 453538897 455913890 465855518 467140237 477306992 487593233 488344626 499173901 502246761 508974678 509664919 535671334 546825582 548295689 576597899 578159672 584102244 592105892 627239832 628974688 630138555 635655167 669681845 671960520 672238140 674520359
52 825721145
3259221 9300993 30218870 34751245 39952151 41273041 49836967 59681195 68489761 77534068 78734047 81886693 86021634 119231262 130711313 131201100 131692271 146998058 158917165 162189706 164608381 195679187 210600756 211077336 218063360 232498346 232605564 240227222 251396885 259649828 261801395 265263360 268860521 268869609 272799434 274221485 275451838 279780647 297648506 315393436 317435346 336632715 342602700 345080035 356917098 359558440 364739723 365468951 374257750 381763195 387412007 394073038 402069709 405968291 413391977 420943272 425853444 434253043 435312072 441493216 444383129 454330252 457939295 481645477 485062623 492644305 497899304 501021084 506083367 511341747 519823739 540012428 559454939 575535240 578930438 579140008 581190373 587612611 603529506 610042883 616753167 626687101 628957934 637574102 643311375 649339536 671761678 675358027 683315073 701015444 703673242 706753255 723357877 723675575 738328235 738722825 756409974 770915560 776592555 776592857 790768837 796993981 812975689 813482980
44 705518065
11273589 22119399 24953745 46263241 50817313 61672823 63560594 70843797 100152094 109215470 114019044 114278304 114847803 115604702 117801570 120117023 141706136 154976410 170732991 176727116 190629698 211629500 220237150 245270438 249742054 255449366 277615633 280916802 288062875 327052169 329727313 331585804 331686614 337953919 345804817 358056573 361056210 361895196 373493319 394767759 394897868 399102433 399355019 409180214 434068783 434754499 440456748 446227367 450668969 453756760 464016952 469037899 472391714 479235938 480445537 489510512 495649028 504750900 505402630 507818203 516019524 521941262 522751324 535548562 546861535 548487409 555090716 560815273 571655750 572782070 573242264 578684988 580081327 584660849 605936240 611227129 626210551 635376849 635632304 656081790 657330958 669110000 672075580 673720754 693840684 694373475 701304044 702902142
36 515383262
9067663 12401126 13727018 15131228 19625267 22455580 23270157 32381380 32657478 37507414 41152843 42370251 44336521 54500541 54605031 54908969 66386163 69603077 73693771 82707911 124627583 136056227 138683845 139082601 140031792 140417892 140964922 147595039 156716554 176713650 178323119 181011761 188386823 192558504 192661028 200245416 209856506 236582236 236861244 249036001 252078829 276446632 279643318 282524855 289367999 290080394 291209483 305387785 306203590 314024098 318866142 329977368 330062734 361272869 368656253 370249861 374705720 386240477 387862419 403218217 408795629 431553399 439305781 445012064 469917644 472356459 482846077 484755231 487814031 492276724 513480440 513960563
44 792766049
1928154 24009019 26272980 28301808 52801786 62794675 65845866 79030920 80099859 98750474 109284781 114433151 127245943 130185296 137925423 146361748 153462943 161889981 165981597 171018468 180085933 196633291 198575788 199433724 200073034 221356688 235625959 261847956 262528239 263620885 280150968 317574566 325549276 353726494 356020179 363521569 365472518 370122367 371214760 379700761 380112996 387114393 395388706 398522607 399719068 405253152 417343414 429733724 433469573 455596565 462507715 474423081 482915245 488434375 500089546 503726420 531067349 533765591 549899190 557692016 578559833 578804105 598002071 606309150 618443101 629500366 635537955 648269825 650770198 682071853 703439978 707209550 708312953 718005818 720943318 731487887 732222277 743209783 744025446 745645899 754151570 762934114 765593639 769125169 782187055 791548112 792141440 792241345
53 884931785
10028175 12340943 31550678 31646135 35133482 38974890 56395919 58008023 63398968 83115353 89888486 113326405 121743210 129768239 135311057 163037559 169676109 171340917 182491072 196891974 202983544 205454101 208947170 220889197 222172621 222523059 233891128 242173632 243096556 251829840 252069193 253647440 255105707 259876897 269086414 280723701 298409775 301909231 309882002 319192370 321568675 328647829 330227010 350477318 371236709 373117589 375588778 375973247 391899559 396421973 406591660 408302346 433484664 439414694 444536652 456158873 458480884 473169454 474157651 488810534 498621854 509813045 512219095 515111254 541537736 541764570 542694908 557382012 580341910 580875153 581224511 595359021 608550565 652469446 655150772 675937016 682632719 687088899 703044509 715526298 716485269 720259423 735876995 736983410 736986925 800900774 801044621 804376751 805989759 807872459 808474808 811406963 811410220 814521708 826318546 832362153 842062817 846830649 849489682 850275879 854632540 856965172 859434956 863257751 869752694 883454670
51 911068226
4250246 10837742 12880870 14929502 24952963 53562973 53573191 55574981 61552378 74377958 77975813 96352938 127015104 147830996 161800142 170183335 171711416 172312087 185584182 191617246 204654413 212836231 221093947 228816826 234016540 244319903 245460114 265493558 285184102 287612601 298710002 310813063 335418590 339176178 353764475 365887516 365911149 373629544 384713436 385864079 390057609 391640896 402730703 402979683 415844452 418466439 423837637 427949177 429946212 448566938 450053027 458502615 464137495 474096503 480605065 492160020 504974389 505447007 509556800 522353298 543071454 551073457 555627468 571151730 576482093 584165412 590588730 635690954 648997892 650281005 651441083 658123431 659246640 666551726 738853845 758428045 759788172 763799781 777783036 785253068 790728343 794777627 795750592 798858553 807188783 811331713 820251309 821994140 836526749 840432048 852287258 854986783 861363322 861452056 864243263 869698566 869880637 871445406 873556630 878113393 883595195 885454493
36 646016418
7309897 37689668 43387513 44752939 46383749 50293185 65264845 73300206 85668371 105633675 124723453 124736351 127734644 132853598 133012469 150153131 166266155 168204255 182991874 198191712 241714439 246281642 249591681 284116654 296926479 304154795 310805140 311170341 322703386 326951256 327150489 329793694 348791010 350947238 356088488 362902336 370061475 370095465 379250819 408174939 411791601 418035267 419208129 432031737 464199062 471244772 471693833 480210953 495669439 499257913 502225146 506866807 516257083 526874514 537419135 539706371 542548652 552161721 569302428 570267725 574956135 578931615 582097140 583063447 595986476 600867385 607445287 613254052 613997125 617460792 617878318 623875248
45 952250604
7448246 11607135 40011445 54456758 68070916 93774392 94041765 120680087 149374569 150323774 154001237 166855791 173962747 177532976 180385778 184338823 200371015 221050697 222964090 223719166 310689952 322144098 338411729 341814341 364855921 365695905 370909023 371195561 392045677 402810194 410856043 420850426 433245792 438510729 440182215 447608319 451684678 452891295 458901509 462152111 482416719 527259035 536335241 539367025 542323906 548995804 555102903 559574125 566416635 599010372 601822921 609563469 618878857 621163847 628244795 629909248 636068712 643917917 667050102 686782971 688691277 699021661 709845880 714782679 715778381 726785172 733299080 736225428 754701218 761763263 766171550 784811152 786206521 792520930 793065368 805566674 811910154 812111235 833556869 854312753 855612362 878467202 883251763 891624442 902004185 902976876 904475934 914396746 946926827 949132403
53 827429103
7928166 9933723 10905828 12187104 27226147 32391509 34840435 35143259 36439086 37511970 59556286 61608256 69166775 74358648 75154424 78263100 78646172 96278993 128922650 129738490 162947514 165130694 166617046 176998268 195796493 197810341 215105846 216373417 227385924 231883823 240285644 255215586 262183316 262725096 270883702 271027328 279706747 293290961 306224558 318431124 326742076 354182717 357599941 366141386 369926455 383114971 395037479 403435377 418395058 422138720 426608527 430957492 449765955 449826599 452340338 457507783 461795991 473734302 485346358 487314469 494481272 505090279 509741114 516516939 523596039 527368944 544956832 553879914 556091476 566724512 572683839 573683344 600141491 610183523 622029608 625018985 639557808 639611678 643940536 651706780 656163700 658936912 659648553 678809333 686627885 701596238 703019860 707993887 718811895 722190608 723298472 725993875 727863276 732669103 741907563 744070220 748519367 749444092 749843434 769833183 773268351 781936180 787335379 799632713 813308656 827113270
42 562275201
6785785 10428726 15649118 17367291 24225775 34499347 35025223 36986988 38704499 40766199 49141480 49443326 59432896 75229320 80086876 90340961 94040950 95875377 96138606 102426647 104360034 106064009 109660788 116607135 124636674 131761681 143130215 145409524 158333402 171137571 174995515 180925343 183885810 184501243 185782772 187835200 192966508 194505589 195825001 213184494 214439187 216673697 218154270 231237422 235074278 240345115 241019264 246467702 246552354 265436310 286394391 290001313 296865178 315303343 325432598 339177589 343893902 355512850 359969549 362742997 378283094 380258375 384705572 389224791 395164059 404941296 414569673 420690925 430573440 431003681 441981179 448608592 449499695 450783749 451750388 475759247 485517768 485821709 513105674 515260997 519936884 544440629 555828735 557266368
49 992933628
8211549 16127323 42357952 63004827 70431978 74077632 100848330 103104422 105981157 118597700 119426983 119860009 125750937 137208806 140850472 153870831 158404868 161385070 181408585 189509226 190439962 216452880 225494980 229471292 236391161 237020788 267821258 275084589 300387929 308329263 324664404 333641798 346143937 359172931 359251346 361914042 368715492 383807555 391769518 409631576 418543666 425263354 432049122 436536190 446006493 449627128 458896539 469676139 470221554 501466832 516912986 525031553 531191093 533879264 535326836 570780989 579532088 582689864 586420347 591378210 608367903 616270346 628195054 635453395 667349584 685205809 708913136 713871981 717953355 724703000 732815756 733455890 734508761 747537343 773070854 781661457 786351322 793915106 801238174 805540224 829112493 833685853 836447078 844016310 851798808 868172727 874922728 876564699 882385404 894360216 909670054 910245956 918538060 931772237 931955985 939485143 954594644 971322495
48 617533185
3828378 11087980 16002788 18340967 22136316 32679435 38404722 45214230 46811849 78803438 84238999 86194814 86510100 115388813 115415912 118768313 119621213 122991314 132660723 136173481 139046918 142443798 148015937 154501900 160811531 171438617 172505955 179988397 197190923 214458248 216793057 219176229 220449748 225787655 241216379 241229351 242016494 255213081 256108175 260487574 271737674 273466331 275485676 282861257 284350816 292321679 303545780 306174098 309388374 313079473 318104573 322997948 323805855 345505276 345761658 363012688 373322735 376605497 379835947 387280601 390711810 404088540 409563384 416853927 425958288 429730564 434894582 442203999 442291704 446530568 446805694 448164069 452381030 454607247 460049015 461662194 464326093 464644150 466644694 485276156 495858391 496934396 507012811 514080806 519346685 536247486 537484798 538406810 545217249 545803500 554590932 560134732 570818617 574416176 583573628 599322907
48 559647486
31666535 32877393 39733033 44889303 47408286 47653805 60030767 60430514 65835618 73094531 75341678 80564646 87884419 92715210 103517138 108841802 118146486 130020035 130938054 137371341 138014532 151864461 154399179 157086102 163531273 164971923 178156615 178429134 191940034 192414414 194377094 206464789 207660252 208325097 228030078 230887007 231593673 231807119 242059837 242326730 252532995 254152783 255124653 258403127 282537277 287236071 294466331 308930523 312918931 313158483 317058212 318103745 322339981 325330895 327911082 330294897 335954992 338447994 351170517 354839293 357022822 358322233 368656526 370780830 372728577 378334803 384752398 385805118 392195322 396562473 403845626 412490990 417118856 419723165 430809788 431127125 443780471 453221005 469248894 470857161 477343888 483706356 486049738 486293163 494836132 496837636 509909926 516344846 519456634 522779818 528879698 530262992 536141268 548674602 551901673 555971469
46 684646225
1114214 4980294 15890241 33634082 38390057 42861083 62297908 68335469 74119483 74422969 77570912 77639701 85456665 87157593 95360106 117756881 118762302 119886845 131289168 132977298 135937278 136278877 148725458 157490017 166943078 168385843 189872811 191464398 208845069 226254868 228878074 241181857 258190033 264548291 268498018 279683013 289272482 293905166 297632285 298620559 301247015 319066012 322046114 329766083 331317953 331600376 339270712 345814286 351387771 354941024 368769577 372489743 378118038 417564716 419417179 426517838 430605042 441819113 450187493 455815809 456491554 459797610 466412559 467027569 468460582 474235592 476308950 481679092 483446019 485852264 493693505 508833659 533276441 542032122 555167654 563916671 581395705 591103102 596514699 601164285 607266288 608304668 617206240 632603280 641515870 642337678 654865310 655495323 655579204 656375190 665070071 666220913
49 629441362
2969168 15034900 28284931 35424511 38428770 41897242 46001815 51190297 54975051 56553560 60414216 66407981 106404279 106601275 118535550 120237919 120975505 121122943 123502537 139451841 144788783 145444726 149046121 159504204 168224466 171690894 174221218 182309176 185387636 202582078 213285341 213345977 215044421 221600863 224805465 233388315 233609206 240213024 241103652 251334891 254790360 264764318 271433540 271569213 272393853 272822081 274989275 275325896 287385649 289369405 291328803 302709422 309675478 313194961 325018647 327202973 333434435 335982668 339041017 341989797 355530833 367368009 378505261 380442042 409429651 411463473 416862653 419559730 432847913 446292140 449372368 455323480 461274768 461576395 476790418 477781365 477952783 479038502 480634308 480840719 496533437 507771979 509143542 520903577 521740687 526109323 542228087 545778738 559837645 566478313 568458968 572422483 584332661 590111797 599433467 614160609 619111170 623674550
45 748801864
3041637 7957040 9302483 12985583 15291047 56214179 60591583 72912480 77101691 82847621 84269671 88858359 108301871 122830761 130536384 131799359 141185895 145237216 146864446 152804395 163451109 167442663 174345592 193432605 195114954 195976097 203378924 206239744 222835775 225041915 244225180 246116406 246668355 248885197 249805766 268303548 273182714 277023590 279405474 287884498 310492304 317910384 365983640 370773830 373949444 380097960 384170464 408597981 416866206 427973470 428006246 440148866 447927465 459900856 466797264 467325407 474118744 495913662 498406270 502287932 504085414 505850820 508152841 513715634 525048670 571529959 582009754 582647554 594672729 598242078 610301958 627489144 632969497 634908166 640984549 654087241 658536745 659367435 664902405 674671404 675524393 677910795 690380166 696730779 702527568 710809456 719790688 723983322 728806885 744426323
41 936449784
786289 3394702 33198975 40053665 45544963 45640136 49169501 76317374 79393866 84870666 95434063 107437776 109290449 170263140 193605637 198635463 203785149 209324385 235577525 251692210 252252516 257625854 269001111 284178018 288242245 297333058 412419987 420385892 421081217 434542768 448767222 459640881 469242230 478315873 486381127 498941077 506573048 513837330 517182634 518242959 518755925 527046431 546190946 547212759 563611546 573105634 574076160 575077840 603339475 617988713 618399774 620922978 640088940 646960101 654494516 663165711 674434152 698651474 715639682 721340695 728152278 744562701 746781709 757219928 800136232 832623025 837581059 853073058 856331309 864080877 868450569 875136425 883248428 883406449 884034640 890902395 897964467 903728676 908268374 912394339 926144274 936311883
50 991413691
28050813 34724470 48254781 69389813 81190452 84421880 88643455 90563953 102054684 112230768 117105791 121709133 135039487 142149196 142187028 154062014 161287079 163407166 168622757 172483740 176789088 192457673 205226470 222125041 228573341 230235100 245728829 246494970 259636584 267954933 301961767 307622621 327667794 364384213 374798756 390272950 408001922 427014272 427637159 428376894 428438334 437790233 488829341 493677441 519500925 521049485 522338041 525065326 529398257 549892756 555385678 558605181 561475329 583180445 594771660 596945435 602716361 603480693 626087321 631277707 644174810 649821690 652174483 658617803 674934096 676240041 677935385 695349105 704957930 708892425 710237203 730191268 731014956 740547192 744865609 759790280 770572606 776224129 797544354 804400477 814672070 815061537 841799573 843115360 847792177 855782872 857124367 867804345 879132627 914872154 926415401 952675836 957062721 958378716 974685025 975454225 979777062 983433749 985895415 988239776
54 820702171
2297129 4088317 11792095 26168612 30110577 39467929 41898758 48747831 55599009 61614783 81243748 99792793 101063726 102837029 104495444 105537514 109213185 111792358 113268607 121836267 126135976 132891221 133294137 139929385 149836604 169365428 169606995 173025045 175118306 189913529 196077846 215081361 222428158 224195404 238681717 240341546 253420679 258713380 279859739 280710345 284510963 287373635 294331219 294656751 295513110 304896583 320456117 327970216 329357453 335898955 338250831 339371674 347296530 350440455 351325775 354341156 355638156 359923157 364612944 369650235 393437995 404649266 416566854 416891256 417896611 419764765 438511859 462596682 475450695 483652098 487547767 490686565 512029285 512089541 513138900 518775828 520107114 537120748 563164099 593373983 603840016 606439502 610705293 640189260 642784043 643751973 649898985 660216574 660681152 673529043 674328847 683451483 683461927 684006649 688253240 694640288 694998956 699402538 700130063 701100853 716291369 725005907 742691118 754551949 763246484 786705269 795222827 799704593
48 824472384
11451656 32251141 63730404 78122630 107998157 112573811 117720828 123643855 127381785 127607239 130579231 139692938 160881005 163739650 179829053 185738082 198398099 199882734 215361944 218337848 224830061 228983407 234436744 249424425 250900697 253658036 256542422 267981683 269682615 281514735 284580149 298252151 302300645 317163179 324526546 324884368 332009280 333137314 334254141 369470138 374639960 387855313 389429994 393012564 403762944 422741791 431688590 438753917 438978538 439456339 458769444 465089251 479796828 483516985 492975950 499066814 511415897 514337039 517979064 537748025 538129307 541969256 554856545 559744424 564904101 566286874 574525298 577982838 592013998 597993634 634662202 656399615 657627769 659179053 665478667 666231713 692137813 700375721 715343522 717773986 718593054 723346201 734006869 740266163 746421573 752418121 757050968 757968808 759241622 770986005 790381938 791382209 809848377 819690419 823217887 823830884
58 615565125
1750748 13345275 16510345 28184788 31355621 39666191 46738110 48929325 51622633 54100262 65540110 65573651 71921176 75443622 88028108 91238428 92049616 95940655 98495858 98521292 111558990 121595725 123447486 141385483 145582846 148837725 159427687 160039097 165805316 168570557 172326780 183620919 184930753 194194547 194986640 196344782 203090800 204087562 214177398 219324736 225339969 238655255 256184025 261631259 266892089 269423088 270981562 273093307 275327845 276939779 279323973 280727148 281147045 282446144 284051548 291560604 297742977 300540754 312068689 315347978 321756012 323836154 326493974 334163422 348213444 359000046 359914153 364009698 364026172 366610027 373739812 378457393 379988075 383571480 385749156 387938530 397088898 398089170 398989858 399434632 399629765 421854202 428164283 439881535 442647418 443655643 450241795 454882018 457347302 457388681 459042220 461750807 469087680 469295383 486848553 488913278 498789972 508560081 508724284 509554918 511700084 523961770 526859245 546947672 560865386 562654412 566137658 570643748 585502060 586055503 586402924 588920369 592424822 599406048 602572673 613556950
54 721696614
9322794 11848884 13835180 24612128 24739865 37496238 48437623 49831059 56063426 74719029 74946267 77933384 86744139 98914827 112441408 113423424 114824021 118258543 120583543 122654053 145198275 151269705 154285894 162522228 174332542 196338967 196923152 203897123 205395615 206704965 212406974 222108395 229746142 233328939 241940414 245558271 250244725 266932731 269054480 277609503 282864249 284235688 284962215 287803511 297168372 305675799 324191431 337650165 344862470 345813119 355235737 360332505 366689339 368243629 396044994 401398488 408050865 410634542 415184979 415595572 418601057 418672163 422638812 425864788 428276221 429365821 446801040 464709537 476052440 478083829 479543987 483511948 492632614 496722698 496952389 502715611 504606676 507086088 509619773 510458186 516636826 519407458 527386558 541193849 542659801 546249546 555842639 559996682 563376889 569281137 571226352 575373504 593646231 600881862 605239321 609632082 621382338 621589340 652942252 660051755 662655330 680249468 681317835 692723505 705215203 709782174 712206231 714837569
41 735776182
5208224 16103431 18980192 32384493 33893691 72971069 85000860 93266483 101319907 115534166 119724959 128536800 138913124 146717941 147434062 150548800 156714604 167069495 168348891 170961926 177113697 181943809 187785496 191838943 201610253 207475275 209355349 220427161 224447047 232959994 244768065 245404968 274254947 288653037 296997789 298623023 309794591 311733623 317593314 321235851 333977080 372063850 379329051 382577593 382798724 386565481 390317400 395490170 402351277 404064996 410810576 411391519 416691752 419568823 440584432 450562747 459932845 463005672 470711340 471598271 490205807 515995330 519538571 525005907 529726641 545205462 548744387 555691776 560608291 578566570 593456957 594709254 606683856 609021673 611398650 632709081 643521190 654860313 659146481 680424913 684935443 727504630
45 524202399
5555473 7038153 7504049 8261454 21380123 26236758 27685208 46497104 53087906 53513465 56744298 59214604 66253444 71920138 72529263 79783113 86497117 86644209 94567857 105188869 111896039 122019428 122053885 134960643 140651282 153901837 160143186 164442321 177877566 202412716 205132302 208966093 212435807 222170967 244357333 249506231 252300120 263869813 286634072 294776173 298821681 311776694 326642080 326745269 331359578 357447360 362571912 362742263 367400115 370688027 372874035 394436517 396916939 396947731 400389050 402199468 403438808 406657620 407678823 410672998 414810483 423702878 424901148 432723053 435459603 438712023 442520257 443037528 443286805 444546511 458739066 460703173 462993775 474627551 477529853 478231258 478863273 480182304 482293748 487612793 492883463 496602481 497702980 499776100 502868494 508313215 513067521 513763726 516906355 523220733
35 799675048
787546 3133544 5886959 18806189 26308174 36351096 37144572 41606718 48481472 67348497 68937816 73235189 73807825 84987889 87055193 94050434 113067317 123290872 127727295 136057856 142524546 150227199 159756223 164449023 196959188 219919722 236897605 239442820 250199172 261453581 264499233 316224050 320785875 326974458 328777630 359486657 359501090 400480047 421986353 469262075 476323136 476663941 478741503 479158926 479522797 481507862 503466762 552093589 556142104 559402719 563090845 576724314 584709812 589880410 593500822 600683549 621255990 623184716 637206481 652467355 708840083 729692362 735038623 740559510 766402207 774677489 781055845 788066103 790476433 793125064
46 548355841
21834820 32007864 54797010 59229727 62695329 68753405 70326716 72654493 76829512 77938449 86560744 87276902 98547783 98867840 112504303 120808225 132200646 132367734 135617646 135931940 148338413 150877923 160645645 171229659 175704693 176685456 176694512 179701131 185569076 196380190 197120881 220120837 220416820 221820561 223959517 234235461 240498949 255109903 270722292 272091793 274762785 280802080 285768959 291859332 304278537 311817181 313540706 316196184 316793652 322482522 330477219 331482616 339733642 345346406 347464694 347481510 348632979 355797539 359046810 362482191 368962907 372671753 382412924 388819607 389443704 400488013 401965127 404787018 409148701 415408670 416059178 427591792 429219796 434408642 448566162 454865512 457928642 466716163 471611319 478896622 484800890 495816063 503245504 505433977 508212966 511159154 521334289 527412216 531564261 536801197 545961907 546504998
52 941956126
16599856 19791109 27760995 30354583 33542940 56577888 87585030 103218238 108598763 110371232 137922456 171398881 202017135 208671843 211877990 221118884 228507821 238381365 239742399 242465404 249139280 259342220 271522118 276832477 277224893 289298648 294616095 327801628 330690532 366985909 369246584 377828754 394631300 397934133 401255585 404141000 415613189 416886769 425372721 434481026 434571841 453756238 470268631 474670381 474918910 475118310 476683033 499150521 505478765 534807683 560224201 566870179 571476354 573172868 614263604 616562837 620267111 625292537 628006262 628051479 638147876 639686181 648763442 653013103 664804286 675943713 680899218 681540156 688813844 694451080 695232678 697923285 700998249 703651529 709648900 716426460 723889057 726942115 727867342 730061654 733608469 738773474 761268350 763749610 773748702 779456405 783452819 785685483 788441463 793275583 807929886 824998836 831607618 838074561 851617905 867399358 871051339 876089098 884787007 903077868 914199228 930694378 931778024 933467093
55 941915676
1370749 6236113 8956465 15954361 25120484 44460684 49459892 52909775 55127759 55302709 78908576 81279177 99541882 149155862 165240785 198018746 203437692 208749445 211636329 212178874 223357865 223718780 233185367 234499729 243189680 260545038 267172309 269161525 281804658 292378634 293387612 295160036 295228436 301632130 312525510 332527378 366962989 385673078 386463373 392591664 399103901 400540271 400624563 412835569 426966937 427380429 441798195 449199226 451599996 462636534 462837128 465314004 466643834 473155229 473687710 474388844 475893913 500185770 508642967 510031396 510740511 514650078 517779530 527167524 543364321 547998054 552580597 561294752 590469522 599041360 627845387 627992522 640416000 648225241 660665597 661690279 662698008 667375353 674620157 677716863 680425582 693299298 710931982 720915346 737110572 743977693 752501622 757584940 788357150 804285313 820200781 823830277 828664480 836520783 838947837 840471939 844602382 851373930 855550720 862898915 863396059 873885878 880838806 884481113 891002792 897390615 903239707 906782715 923509863 928669747
58 599122429
1674565 1883010 13078607 17573690 32083413 35106872 46101572 67171267 68172188 68425180 69488106 81355385 83990304 88577236 99972629 100677299 105318748 108387944 109254073 112003940 115345506 124710100 134280991 136989020 142117208 155516448 155566776 186505807 196342251 196439373 199967182 207637906 208632614 209326179 217250917 218176148 220045934 224224997 225398922 232282627 241105733 243390879 244185461 245745902 253957418 255040152 259237467 265786388 268678262 270802127 275982143 282698774 288428763 289416447 292648913 296637585 302002413 306829093 313179723 319255619 322801253 328448819 328818192 341297647 343107294 345565627 346240392 363755229 376146514 376507976 405999919 406579030 408294428 414139303 415738811 418690711 419462399 429389658 446098577 449831333 451097618 456445198 457977878 487861580 489533459 494604394 495871758 498914988 505562242 512373462 514490097 517234099 525885625 527801363 528198025 528610685 529628515 531589160 537315171 538344044 545682579 545814440 547209982 548281643 549713853 550298150 563283593 565117563 570005627 573203976 574549278 574815526 585456836 591102651 594472918 598830234
49 568524635
22406060 25942223 39544165 51740606 78191303 103353846 109260247 109351620 112378286 114238804 115663184 120146887 130658837 136976159 158004955 163165688 166523909 170770838 171345935 173450398 173987034 183418071 183641447 186963457 189275576 192281247 194858693 196118771 197457838 198290505 199304088 203476199 223201360 227771700 229419300 233412773 233772125 236793786 247751673 253535855 260028981 261559881 277632489 286189049 286267663 288525342 292599494 295698049 295957391 296291285 303879545 315399366 318366996 324566729 326136768 334020072 334340610 342411484 342520194 349893507 353524385 362430695 367613728 377421944 389271940 400082003 402160528 405055345 405728737 420074239 422526438 422937611 433654842 437551646 439605764 442113418 442279722 456637599 460547071 466436398 469920749 470332227 470456301 485446421 489317868 493341187 504289421 514837651 515731293 515803169 518833131 523065219 539309411 540272315 551081400 562496536 562751659 566040571
53 652597962
1823107 5636735 7336908 10995723 14223690 31512161 31602328 33172688 34539810 64801649 67124895 73637745 77427043 86360205 96880077 99891427 111732657 115485402 116933077 128650380 129921527 133057298 137706428 146995583 151439666 160871817 164225705 164440667 170478167 213132134 213318014 217636725 219212821 232077371 232282979 247841332 252702774 256718017 261277700 265983195 283385112 283634233 285957524 290306515 309358523 310341411 313827876 318213181 323311627 326823611 328968652 336893626 337679178 338133733 338520548 353048804 355615816 359318017 375653441 377585065 389419135 390377873 395562049 412380346 419545697 435041987 442561627 443598681 463343093 470738433 471665812 477785884 477952079 483002821 483546019 493421000 495515368 514019100 526989493 528076811 535164393 535182622 535185121 540637670 543128652 548428467 552242327 553657323 562215460 571609679 581701474 582059690 586577809 589559198 596564375 599567667 612680339 615482512 615841136 616048028 622289828 624097438 631738952 634014703 647757678 652115226
45 963723051
10456731 20444196 21115741 36879008 51172118 52762995 71165414 77834321 87872129 102258902 105350636 106144368 113119576 114688158 118605164 127233370 130956271 169387566 176390287 182938154 191908001 196151180 214270932 219146057 230506351 238522728 238647146 259166200 262421588 286290809 290417213 291624879 303421431 310031643 324672157 344488083 362264029 378446132 378710807 389431001 398781146 414992094 437595872 456148913 467642185 485999829 501773537 504559382 518542523 519184160 544791836 545389568 549564715 556386512 557784119 567473317 569849738 624248000 656510861 666584089 727944842 741304427 751805737 764516740 774734748 780073750 787415976 798791631 816679147 822319105 824571649 825794895 839572927 842039878 847903452 850909426 852862900 862386923 873080079 879627446 880369517 886690233 903872983 906944345 911797217 912911120 920551766 932215702 946016411 955057243
52 826148666
12274892 21631501 22703567 31438762 42885264 61305677 72735782 91822937 109515108 112102557 135187550 144031262 157121549 157587628 162881593 170318333 200516726 206715541 216421073 239453993 246568517 251157062 253867348 276124680 283532072 285793525 288303153 295850395 300854416 301393471 304661342 315219396 316967038 323046742 331925098 332432570 340752366 353109526 355955221 361949460 364375516 368523277 387039546 397939038 402350437 409030245 417088058 424305292 427059367 429640886 430659760 450135619 456103015 465886753 472699599 473080979 476723584 480197956 487493062 493766712 493954818 502390080 509518630 510315436 528173856 532487535 533080290 535063655 542047787 551191124 555297338 574201393 585826428 588240865 601137318 624590767 626520596 649179177 653667185 656634952 668799485 672972304 673802186 679440933 700705431 712702705 717778208 744234013 745184427 747855276 751139691 751546155 754552260 756334700 761058100 762551269 763419878 765422110 775276872 805896064 810937274 813033186 818713206 819503575
47 863273465
275984 10850929 13299424 25938209 44667542 51740029 60894359 69991244 73071049 83983033 85901926 89777422 90904802 102323042 110254634 132343423 141473856 149207373 191022460 202490271 206167305 210868456 215951525 224731088 228021243 232004930 236514110 243663240 263403539 279203275 319961440 326647945 332425466 334221585 339540920 380373336 388877506 393074337 413003742 435678418 437131331 442391683 451631719 452456784 456993773 457043924 464843854 466136793 466268439 468425255 469670888 470470703 483513222 483588856 494224313 494963503 507806302 509291803 528791843 548065785 560013175 560894063 561201906 568566100 572173022 576841002 591472044 609337634 613905924 615598171 630440342 635325189 652494625 673382607 676972071 678839106 679271818 694348222 695884302 705531033 710570508 711141361 754429440 759166902 759794443 772639613 787107057 789640733 792609501 797251289 811437803 817118403 827514648 841655090
59 974455060
2841958 9824429 12060704 14401068 29363580 35892993 47019829 64153497 84152035 86299857 91411259 91861569 96373951 98486883 107987175 130712134 130763210 146971779 148324599 149288972 174800587 180804192 189650113 206814375 213828834 217096377 217267103 226292984 227132933 236442593 247380137 256357520 264934896 280733792 298278705 314957600 319362659 319579037 328217141 345993902 346394750 356315909 358687081 363596521 368756002 379759518 385764363 389751673 402573477 411562824 426428116 430736365 432988280 438515920 449196142 457364867 471076526 471262505 473405188 475769351 481720408 485732282 492145384 492779939 507351849 509413696 510457802 524331555 525061676 554162579 586942329 592260410 600104185 602885891 608999070 621023369 632710306 633245146 639927792 640254715 641020199 643225141 650021739 657574030 666824089 695943720 708920154 715675292 724755203 725942731 742545456 752391215 756029514 757529311 765599419 773957125 779533589 785301313 790984530 800707721 824124764 835241872 841936725 851408532 852908263 858610467 890217022 895339118 901500546 914354034 914814259 915067066 921687981 941390920 954051511 954338015 957646375 973700381
47 673896923
2158926 10555119 10649915 11101537 12996643 22860420 27002499 30617128 52923337 54865497 64382133 68942711 81749358 83604122 84518483 102686299 107049502 125413419 129337900 132346224 135302948 146253777 147161547 156866764 160093336 170452577 173516465 177950776 179864892 193334111 198146895 210154992 216131731 216936349 218825205 219864987 224893952 234777947 238463046 247038805 248975742 251368636 265247719 266766309 269888542 272492823 275078395 275306791 277002656 279751369 290518991 291378038 292442048 302784565 307810212 316220541 324798224 325938119 330524797 345192836 349831815 355544096 371718187 384908602 388191946 394082661 394206516 400530241 402547103 409921212 422126988 425765393 428240393 443946348 456298478 460833662 487992550 508655299 514833324 515811049 526262243 535823886 546488237 563070892 568865124 569896550 569937341 574042085 575895419 584317416 594189319 598656038 629099515 643506659
52 530163226
13316416 14709692 14882288 19767169 26697267 28467177 39973382 40875516 50284920 52222666 52593315 55990213 61526856 62041028 66837295 68995956 71016221 72221409 73679720 84929715 84987946 89797410 98545044 111459113 114330415 119551995 120561643 124827483 126755924 127147692 132410692 135934844 138030198 141208659 141907303 141954696 143243837 154654300 162579904 163150230 167525006 182962693 188782541 191966151 208159716 210154194 210550797 217165394 234602421 236648132 243189594 249163422 253015822 261409798 265485529 269356806 271750247 277898426 285872896 288183741 302009088 303135967 314381696 318612604 322782238 325674547 333550802 342325474 344708154 345667184 349054953 352499304 358875942 365375897 365585992 367091714 377855238 391582565 392387022 400176817 400957987 403985748 407557931 413589435 419118969 421161262 423116536 426549604 427537619 435330546 436993897 445228554 450409543 454735583 458893165 472996241 491694497 494115540 496999201 499028225 517402278 523649248 524206958 529085239
44 971768434
13394378 19209489 50171165 70391228 72765400 97829050 117834925 142243436 147979237 150487441 159441448 178568625 184522689 190839228 191652036 192489774 198457509 201124906 207386057 218530196 222797276 248734500 250369924 256522523 257548560 269047349 287024112 329327590 329517338 351418054 351869179 355834565 358575076 359664284 366760679 381176437 385628905 410435413 411168822 415098889 426980666 492922263 505975259 508016133 514600168 514903259 521057551 528163582 546092758 581420458 586317294 596984166 603458119 615874956 624662787 646050893 647938629 663191783 664718225 665632548 686080852 687791230 693819812 701217694 713129985 716221789 720255374 721997572 724480869 753129171 779610794 786805443 799673042 806471316 807787279 822093449 839059563 848005378 887281067 889870811 915912381 920408092 935528845 940335916 943386326 946506660 957667984 965948069
42 747306555
49417848 53807033 56486278 64572806 69856905 72677541 80273044 80399232 86944804 87131760 91413587 95046930 97332991 99833495 119512560 126049913 126282006 130291846 145947869 148213175 150730828 168853832 187350033 195984796 198205767 204682866 207035074 232145805 251206837 277995595 291127342 291365724 297864240 302151491 308531543 315660602 357568307 366308277 388015373 407267951 418342218 424225486 431782844 433925284 448599626 461523115 475005852 486016820 500082422 512723154 517835521 520337060 526429620 540375143 552812838 554327477 555258747 557440823 563581382 582189143 582858499 590799638 600697399 602470888 606196345 610633660 611677123 611782702 618423462 622892077 624953225 625497607 625786654 659737005 669699826 670611667 685583090 690582596 697021279 697109732 709428845 716080909 723507194 740086707
46 529693738
6304715 14921418 16538269 24329805 24931789 31193936 32162845 38928022 41763785 44528526 47285717 49824470 53430432 60559332 70836794 75029453 75294474 78080419 85689588 87858128 89746492 103913558 105064740 107971172 107995810 118663046 120100054 124177978 128769133 132013001 146060648 146755070 153398919 154701964 158118375 161637308 162898399 170047691 175716696 176459794 178802113 193325694 194962990 199326672 202050304 208436213 210012078 217122552 217425335 226667261 234990902 242023467 245442648 248114298 250152108 252796564 261853448 262200678 277993837 284856307 290275142 291718211 292285249 297816957 303326821 308807237 312071010 324304734 330543654 334813200 339386009 348347857 349368642 365357155 397530083 401660555 420613636 427937586 456020538 468637788 473668975 476782770 481241540 486159088 491355040 494537536 495472237 499287498 502258713 505113699 514819858 526032105
41 971870149
12685662 16435868 44402832 64080616 80931496 110590022 119608605 144358511 156613343 158324334 162771760 178300043 209480852 211325250 241034110 241579788 242343395 250903373 330827095 332377979 336734642 338558618 339496657 343075360 352466270 353633908 358248644 361227468 365891885 366752518 369304812 384252077 418827982 420397293 422460295 425247916 425794761 435589640 439556038 446068568 469750942 487977391 513123507 534012555 538123160 553842853 554108010 563219907 567536997 579232768 603564776 607916406 615621343 627093461 649711128 681909181 715824253 757498663 758902885 767094699 767983879 784165538 801130900 806447930 834213645 840302569 846181021 867659676 870903991 873503916 873753312 888864127 894637363 898358760 909369125 910763046 926491484 936529596 938017984 947522889 954673298 964225595
55 530610419
430038 1899579 4270188 8492384 15118006 16791361 21623517 22147809 28871188 36634677 36991638 40701735 42774841 45492803 47492155 53710342 54529157 59230237 60536715 61340444 66835117 72637576 94671038 97362053 100712903 105374356 109999784 113180042 121970811 123776226 131009011 135209038 138681571 152103191 152251320 160293708 185087022 190713936 191763104 191775287 192598333 193304475 194016249 203028503 207442644 212755643 214515603 218889906 221815452 224139969 224681084 230983997 231224186 240181641 244659723 245650451 246736543 253626684 255950288 256426268 257233007 259890961 271549540 273281682 274585598 275793874 276002256 280262096 283285922 287575016 288279871 300066776 312320263 312911326 318810259 334119120 337825934 339372326 356606970 358016167 360318512 372700391 379182598 381828551 381946715 383246409 384180788 394528923 397724725 408306227 424687968 427850539 430523904 432632058 439616775 442696617 454059908 458674885 461444709 465075555 476406463 484644541 509700029 512014928 516919725 518079419 524473800 526664869 527322157 528193394
47 583943675
13486173 23357617 24909754 32047022 35602732 42818897 45419635 50647847 76971294 78759304 81636074 90662052 91677474 116666825 128381673 129610732 139975549 148701100 156080586 161080301 161313334 182196054 186094010 186777135 187941385 192691689 212132509 215628545 215901512 231033970 233892426 234505638 251406241 255060988 263060312 263843584 266651494 270199635 270285791 285763246 291895346 313955075 314068385 324507805 330995038 337177081 341679827 343085697 344585527 349433406 352617268 362850518 370178214 370632789 374987983 375852133 376867556 387760774 397698590 400065464 411593174 425583439 439564965 440706319 449854698 450047204 450406176 451983666 461488665 461798918 464282290 475644890 484441745 486739688 492205210 493867935 495054525 499916238 505268436 513508427 515694429 525525533 527173232 529464741 537161314 541818400 545922440 554391365 564003776 564744758 566255762 577551904 579288412 579925284
58 883170071
95154 875179 3380959 9706386 12833436 20148987 23914909 25875498 37229896 51249739 55811728 65144069 81534517 83527068 86201256 107062826 116689946 119964785 127786621 128814302 137823009 149757563 165722435 167483601 183091501 184801550 192129149 192805441 197830487 208548665 210304150 217768696 219582237 220538228 220927719 224855076 232961656 242356892 255357313 262815808 274991959 275559741 289962688 290764811 295372934 306848663 316779836 318858772 338386340 342609741 346288134 363172873 363338777 364442844 391839961 394438345 396697479 421882864 426540000 439005803 443110567 452786274 462535532 470625406 481779762 493726676 496920631 501857460 503087670 512520735 514917773 519186470 522845400 524745803 541104173 555902477 560786476 561705785 564318947 568490944 575196599 578887572 590665263 591751761 599540850 602199350 614396440 621764851 626199833 646471852 655041386 663770138 670485116 682903527 687906753 688092206 692018352 692043116 728713144 732058032 735306374 737275772 748301707 771962360 780266262 783800602 785636574 794307682 802020371 807188352 827160993 830408547 832658871 834405778 838649037 878113399
58 791354029
2649690 8797639 9318118 23833223 32336206 34552842 42071336 50804428 53630348 63031629 69401453 72368690 77238110 99844695 102250890 102680347 102725661 104850197 112621004 122366370 125713612 127049413 130475260 132010047 132370647 141216259 144438486 145722663 146199329 178059697 185422188 191005679 191595062 193305603 201822147 204229775 211487282 218785511 221583004 222716151 226569862 234260704 235813201 237933364 238902561 254562084 256824947 261727157 271787249 272815880 315599878 317933987 322066898 322850630 337826880 345113746 347449984 347748036 350762806 351851264 352661701 382258010 386512963 395818622 408024126 414738486 417708726 419747044 420374433 423288187 429782172 434680199 440387357 452932527 460689037 462521773 485324806 489015036 503657744 508789173 519065854 520028834 530627988 536175170 553300761 558029441 560673101 569898877 571975504 575202922 575505339 587046185 590251614 591896357 592688304 593423381 602847960 613961667 624882143 629985921 630337981 634726134 653858061 659345071 673025541 678963589 680815765 682985794 700286717 707735291 730230078 756440186 756981079 771617920 776852188 779565917
36 867219073
7936801 23037721 38876071 56637702 67514926 94234385 98392660 104521388 106541755 175969843 179580383 182096739 183417544 213617360 223263189 234194762 258694227 259700470 266882437 281580750 283778231 328946364 329661916 339639112 352529117 357203635 367206234 399510907 403571718 436722551 478134651 478955906 483178499 483856673 489114592 498143764 500167424 500283870 500776897 507294320 518596297 537923131 539958099 548532214 549317132 560828097 561316905 568367947 576230411 587053146 626212954 626896271 629692038 636796920 644901791 661489751 667712078 668751827 675153850 681929384 697792936 708265238 772107646 776129795 777884474 785473635 788431046 804336725 826458866 833771606 851088339 854328126
49 807687185
4717851 11934164 19617744 24966166 26762076 66107054 70146416 75895782 90496479 104959657 113454269 113647251 122125763 130193576 133067979 138677476 139394483 143335306 151300402 156809465 162887969 167765359 168801446 169698017 174343668 186548277 187482481 222195407 226137598 231463062 250486064 273370429 276292479 278435302 283382183 285663198 290565033 292669562 298605019 299451907 305570743 307816758 329870515 333799914 363640774 381851966 386311511 392048249 432129551 433214034 439520783 450523878 452876124 465472986 481420548 484560208 489799407 491601434 500110654 509290403 514227137 522271878 527043103 543192048 560444010 563801300 564663723 565540351 576905825 602149379 614112349 619101680 622705597 624819170 637899602 646615597 654018115 668844501 671397344 671508657 674907981 676690598 682085039 682549080 718611656 723069246 742124053 750580663 765229936 770520602 774630496 775914145 779102984 779835403 791443115 804177178 805366769 806245131
55 634036516
22485220 25301946 27379429 30544289 31290852 33569132 36362891 40646108 43961561 53799954 56452147 59260614 59314852 65235890 66476699 67924207 68570360 69822927 76069182 79921048 91811071 95853098 102836445 109659307 112374152 112967346 114578112 121207080 132965104 134181207 148805046 165120769 166562784 168078660 169180192 171655648 174702344 178372543 179835270 209513041 212346236 224991704 242604074 247193001 248507266 263130582 265316642 269920463 273123383 285532020 287489318 299187957 299744224 303876757 310888311 319149040 319420226 320740436 324494893 324795732 332883282 335385661 339313974 341035431 361440619 365837742 375523269 376744458 396603405 397082717 398813169 401639799 404958314 428578080 430712460 435862158 436787647 442582211 447289107 459544575 461514562 466418939 476617210 477983625 491104661 492320552 499806757 511231503 515839602 520418295 533546962 536815907 539846618 540296515 544725605 547920196 550817472 567997969 571517981 571826699 589234384 592826915 603311319 612218648 613057455 616753298 624240234 624306060 624913245 631523267
58 570472503
1370018 6300775 10070142 12375958 25353322 26865987 36653537 37236454 37947577 45092334 54457197 55356400 60600215 64310031 73150915 76516973 77156419 77529162 85125225 86362042 90812695 93293549 94092292 95676791 97662682 98298666 109277432 117629485 118610229 123386704 132365989 142908463 146536287 146846360 152395810 157000779 171279672 172316848 176604444 178158042 184221367 187547117 192176279 193405480 194072155 214429010 222224194 233106213 233923247 234586465 239987894 244407774 247708439 248532884 251941892 255797291 256736503 258796665 267299630 268864010 276779591 285685085 288822782 290278586 300106656 304924879 306633761 307032921 308625068 311811939 312534269 313098100 318266070 322911827 327618194 329803040 337097828 346131731 347464036 348624036 355107958 359789881 373725395 384269672 385149737 389697424 396162517 400496130 412722579 418463477 429851317 445557789 446488482 447055151 455076696 457807077 469389886 472041904 477315116 486499639 499205960 500338262 502809546 509522256 511408860 522628469 523189434 526032235 532173145 532557113 536798928 544027394 545203600 554643392 565366052 565700483
55 662462883
11391589 19735331 28354283 34039940 34431098 36755239 38706929 43474880 45430550 68329419 70039839 74455227 79411515 87368976 115919256 121845148 125006715 127577037 128637130 129515053 130973031 148617719 149282573 171822327 174985763 196491485 200262715 204088697 205682520 205800532 211256620 220575087 226270366 234923981 258788835 261148399 265509632 270336023 276715507 282470519 285154723 294094611 298192593 300818286 301329609 310364546 312174765 314258879 316294948 318412883 322022379 349263501 350151413 350525217 355369445 362618343 363670302 377668670 382443181 395410344 405056307 412399440 420352333 427887833 430333821 431659147 440574889 443783460 447968184 450934354 460651149 461694007 473155512 473759363 480863125 488253682 492423105 495046405 497018282 502360049 504098677 510747859 518322932 519610017 523137089 540175909 542157518 550051002 552447104 572731393 576946933 578892478 578958868 583498469 593035726 593057167 604904347 611010458 615789871 616397761 617549305 619970234 631664633 633680857 636747963 649039611 650614331 651956107 652688905 659460195
48 809726942
366483 1391926 1548471 8510945 55409579 66543497 94052232 99543880 105188500 122241717 143756743 151885874 155709983 163941747 164602013 187674185 190092334 197260720 200606552 215367509 222668482 225454129 227539094 228192323 230023673 231054092 232907934 234192765 252498160 253388191 276069479 294066272 297140419 300007242 315961050 330186330 330459982 333500367 338028416 349441219 350649934 367480035 369247515 378693756 386150708 399857375 407784414 423128757 424714428 445722649 465785853 467359711 471403210 476090048 482887833 483677860 484897554 502376903 512045904 526647660 531535929 531603383 539063880 550714438 573858388 600762952 611649015 613129343 640338250 649478114 653004876 654188894 671173951 671222514 681937328 683897398 687617601 692559639 698361963 703054832 706454931 716444258 717868809 718415453 720102923 726234583 731649494 734186368 734576688 738083761 738368327 753307428 758647559 768420184 775295878 777389403
45 977492571
16064359 25791345 48803123 59826778 64059152 66517526 68216656 94772704 110929684 116683571 122809822 123799022 138163912 142586926 153831371 158417138 159422013 162254630 165037816 166608403 187621209 191114369 192731149 196574654 208842875 210448986 215279402 229181097 229631997 230843559 233922082 247208870 248804275 249624959 277251975 281005698 281718973 342027178 400793960 404678184 439730376 448261823 461196882 475029178 495483910 495890580 502446742 546137094 552989910 576209962 581938331 587182182 593077682 598034955 603094963 621152071 623105720 625125758 626472261 640899353 657253334 738158893 741784317 766651219 770673980 780134730 784402652 784963220 800466009 803345783 810096796 818067338 857166463 865111561 870053723 873529266 875529689 881781773 893158582 921072347 923878257 927090936 930729024 932914232 936845958 937918684 956594928 962616243 970323556 976901767
42 913332510
5496667 17049094 22840549 42050904 49753039 54551893 57682059 59144373 61873257 82443892 88069740 90110235 96410349 106661369 116481595 118443403 131236969 140418750 142215968 152859735 157700168 164968377 174229900 184741051 191099776 215969064 227128067 235755090 236933655 259303257 260288211 266802938 288278811 297571430 299668771 325436457 327198135 348769274 363865420 400595151 421379452 434011128 449568458 461700830 467766153 484091147 503102846 509492787 537478228 539578029 563383031 567601802 591941594 592430127 593446375 598999510 608008418 610420837 612381500 621663762 630563044 633013518 642591325 652128104 659753987 667446949 668440820 675874012 689489876 703815843 726820413 731538289 733782759 742768199 748983253 781162409 826281842 831392840 834265450 849766764 859140798 882175893 896734167 903035053
52 939782998
20694469 30219174 33618528 36581452 51171215 52178083 54422501 54995244 55849002 56483080 58034088 73372890 78234204 90520170 94215185 118718474 121544588 122238728 143784681 146526621 172003331 179086455 184236887 185620333 200356721 214071655 234572056 255875033 257113818 259777621 263716781 270303326 281616039 293447492 296142130 304591085 311502032 312700754 321149113 354121105 362917725 368242151 379025213 395536178 401404513 405518425 414806097 414857033 420336060 424093104 432964709 435454064 448627747 450641466 457228602 461873485 468430619 475384680 485548345 496225338 497486864 498251734 503830560 523543128 540364860 564409747 591563516 595590658 617028584 622924546 627917748 628445187 644412707 661407406 663174811 672886213 694528549 730986739 733154717 734246718 738661671 744465759 749276427 751068060 751910016 752491749 754607542 759979162 761601853 762727194 766472272 767399043 788995750 790084465 797935047 828360197 837486475 837769631 841579319 841639041 842556658 878128827 878270776 883876978
39 584557541
1274765 2379770 11620212 42955924 58851858 62692733 63710390 68692208 72973824 74460662 77643941 78655284 97125551 100329886 114705037 115063511 122999521 144639607 147848938 173040139 175233175 180778809 194712889 196955099 208141263 216926722 218536883 218654100 221537905 231231855 231632359 232303323 254000315 254083137 270000036 278610498 292869550 294389405 301401887 303603460 322256557 327002690 328872796 329297440 331772787 332072454 350557135 350708722 357480207 358079487 358700914 360470140 361937304 370940680 379740274 398299335 399585978 400563702 409312346 431055240 439401214 461671628 469791497 470920179 499131283 503974619 505538243 511207773 513422205 522471996 525736602 533931777 542213111 558990930 561795254 564509494 565412142 577102216
38 557155280
11148860 13397159 27963469 30188812 42041205 51026136 56698297 62222988 81804699 86398526 92567359 98668243 112138258 120595887 137148546 153243535 183104075 198311061 200785167 202767826 213418570 214506793 214999325 223509471 236889176 245409874 252829893 259402323 261024696 261444625 263465526 267081344 271639521 278673833 279211804 289855687 292017298 293657843 298696218 324557258 324798106 329658704 334117836 334278371 364673764 364844985 366923219 369053567 376838938 379845635 401943973 408406364 411028053 417300283 430852878 437162093 452363246 460613030 466353546 468702828 472050300 476852220 491439767 495960429 507893824 508706383 509081558 518834494 523306345 527444883 527917329 529241883 529976646 531687584 544329386 551616606
43 858116186
4804475 5348337 11884904 20387732 30938010 62050200 66894673 81127356 109695246 112624644 112949199 115397482 125951124 136725640 179828284 185780655 188261194 188957592 218394421 227015825 240595382 249374390 254102394 267849191 298347335 311459985 318157508 321496449 322779490 330744726 343905323 361838916 364241561 365388848 365432339 384819438 390759188 406828449 424801904 431409930 433218942 442422158 449515078 449807702 454094833 463770056 508444943 510649078 511231408 513788565 519227568 522239597 565309304 573407760 574459685 593351363 597059451 620040257 623132099 639567642 644377456 650904316 656212790 659412065 667447503 668859977 668906801 702352730 722178204 731113649 749552947 750586283 761558202 764722920 796027764 800003915 803558892 806134135 808349438 812778043 817756420 820806037 820886560 834162833 837585166 842254226
52 863827311
3879694 14961981 34762167 39182892 40377277 49170773 65640777 74483569 89002691 90664851 95296914 119067100 134908357 135589655 144724411 154682026 182338031 185515355 187306295 203267234 230268977 238734385 250124003 257514411 260299222 261336659 263488291 263714209 267055961 283025878 287812406 297532544 305162132 305509007 311059127 316830207 320074094 330875196 346154454 350177888 361764025 372403166 375249601 375860542 377418703 389386181 392786158 406573593 407945199 416068201 420263500 421975589 429454193 451042823 456496612 456622683 459075677 459560018 463773944 483293288 506251125 506449167 510491594 514365417 518697814 525095056 537468010 548666233 551021415 568641190 573436200 597082372 603362164 620688097 625580394 627594703 634276605 637920779 641416913 655541563 656817957 672741239 682897389 690977930 701173108 704329763 720802273 721717154 728761110 735587168 742677183 749794399 774077717 774250912 775790513 781698005 797511371 799746787 804213727 812496926 826863716 835110297 842412327 859139076
60 534096069
4295230 5694617 5907756 6750877 15914025 18051426 23630007 31304793 35779421 38241117 41096243 41787052 46797032 53947220 56583396 57959823 59714558 59913038 63388883 64349374 72514260 72757774 73162941 73653759 82059300 83580235 87951104 88837437 90457608 101927494 115110360 118511889 120847907 141187627 143179580 148413185 153106106 153106383 155201288 167006614 167606867 185115833 185260230 186037854 186075533 193265494 197528381 201357784 201431247 205307884 206800743 210319806 217591257 217885590 225429576 230539298 231696089 234150241 235033138 237189302 237681735 241598946 245543535 246764416 247547556 255400916 261614979 261658630 267870841 275095472 275556393 281944752 298050238 306579163 319450291 320236004 320415295 330467617 332008700 333135398 342802440 351389080 351489107 357147160 359861202 360191467 361680667 373458627 374755885 385974226 396157209 399035935 399172736 405885459 415557524 428763268 440004620 447291401 453992652 455461533 456757066 461142278 465442324 468081158 473248015 474446443 481997709 489844363 492530458 502684430 505996019 506436661 510931250 514181433 516964083 518830141 522472919 525266020 525895184 526131124
40 521478788
23216377 29409796 33332637 34046054 34777445 35609941 37597255 84772072 90235230 95029536 97357654 114810149 116528648 131147687 152009090 156664218 159877602 159924314 159967621 163825196 176628281 180184354 183434277 187526859 191641226 194566958 210043509 212312056 213546854 215157117 222107286 255181067 259086009 266488350 275762821 279406440 280258753 283288138 296246114 299640398 320379356 322404828 333884122 337139362 351791538 356078353 362793998 364945587 371670852 373633419 384586718 393035222 393150505 395768348 400370546 418526350 421333440 436179711 443560449 446162422 446880594 448026857 448667244 450644318 454543972 468269872 470141157 471735694 479571415 482745221 483551883 484778003 486869362 491120481 491755288 496690691 498594106 502747039 504918637 512169734
46 581047744
11096504 13453373 15507738 16937859 25901642 32061830 32244028 35318141 56547261 70250548 73096339 75004584 83211920 96096088 96310789 135447304 137295348 146596887 147768732 148743577 149966186 163159522 173258931 174542799 184061365 189305258 190148281 198936777 199760394 201054911 205401408 212197822 219597278 220095745 222126632 229847295 242122020 243542729 252998168 257545545 260764042 261615650 263561167 265867433 276496634 289099081 297217010 304286662 304961292 317270265 320146149 329528223 334787994 342369619 343856500 345606135 360409494 360906731 361543638 366973333 391441372 395416015 395892573 410223657 416519924 423450381 429268239 442921269 447218534 448276184 457231235 467582786 467936800 470990686 476763115 477737993 482278210 483013510 483864995 490417490 513368650 513744041 514960182 520209481 522814695 531329689 551699697 559627700 560823988 560886103 565223214 578135997
47 577573743
4999464 5386793 11855953 16317411 21687288 24754823 48388275 50987345 54157308 62745539 64398196 73628405 85375517 86503282 94386309 95465572 99475963 128938881 129939496 136360193 139796015 140725521 162069393 163082626 167046554 169763920 174220758 174744944 182522704 190750681 193629602 201764070 204155222 212251749 215923914 218114510 225831052 227002127 231011577 231261372 235594969 245892778 257658968 261395591 265448498 281843112 285011155 285914562 289366803 289629894 315641808 324463059 328855997 331495568 344561759 345083398 350513886 355728831 355799386 365969614 372642304 389410452 399852793 404523521 415445605 429299643 435783932 438654676 443365036 444191782 445752539 447140225 447546925 449522367 454610270 454762165 455543346 457267969 458571402 460942595 466329898 475607057 512534854 516731118 517377652 518354298 518466390 534184776 539323369 543270237 549601349 554022336 563290950 573206777
45 552348740
7907552 14851008 25728235 26438509 33779772 35148846 39938885 40486703 41707843 52782220 56475535 56806914 70903836 79415149 81474547 81897594 86751933 95306662 95930898 97184860 98556438 110522180 124300799 125654431 132994491 135040778 142057293 158232551 158769564 162304916 163230638 163578659 170922744 171871760 175037228 178270989 191203907 200403074 201367032 212829698 214177812 219460999 219820347 230098388 234193558 234984407 235553531 253106949 253134279 256867792 258603588 265470950 267817644 278309952 281487386 287807731 303649823 309033658 309794543 321495174 321567149 323622534 331290555 333798028 336549684 341743055 356231806 367099680 403442309 403770587 413494400 420926408 426617807 428589630 435510827 451900529 455693781 485892029 488610175 507157146 512861173 513858910 513907473 514807578 537379091 537664135 538513516 545936317 547441325 551503060
45 851789807
1701559 5232993 9128091 20963321 32837984 46062153 53652771 58086380 61057468 84034228 100330546 120037320 121533640 131571402 140096505 159888962 162311078 186702931 188463491 198663192 203813666 210388925 210526948 213251738 213605551 219099041 235737587 236598804 244532910 250871216 259447754 265100792 299606621 319270693 339674016 345248162 352731559 363469573 368651405 425066363 434838765 436418170 439290254 442087358 469803597 476637154 478100918 482233812 490746412 495750456 496058417 501236902 502522042 513605982 517092335 523721377 536550897 536863349 551269978 554855074 558680963 581915982 582801716 604455071 609910970 647536651 650667944 666921821 670326027 678688286 680486912 701545957 702894799 718614620 750527338 752642313 753997641 755886729 758116576 766404349 773362421 776419521 777522932 787747135 790847767 830258520 839076742 841719305 847704315 851341913
47 802474677
14239025 33132114 36403049 43978143 47686952 53320614 55633015 76519892 82406516 82978345 90773519 92979528 97978678 99385661 99801682 107056587 108515338 115440224 122756342 123559713 123736752 126917906 129917039 144110565 145763321 147837086 157332626 164627479 187159785 201330281 202069247 203791019 226620315 234813192 241865356 243707489 247592176 250197379 252556637 261600574 269261447 320054728 385265573 387483199 391190704 419450497 420108803 420497664 422162532 423922783 438992536 443276159 448144258 465290503 465293248 472713808 475885566 481884409 483580287 490615029 517768573 521257878 521574508 525910974 528226308 531651718 533800590 538205789 544132846 557648865 564320764 565728638 605210885 622946843 631325607 642794799 649352450 666818772 673081328 687643950 689126959 694976764 710865180 719941874 735880275 740743180 745838639 757034043 758939489 761747086 763194808 776839515 780158673 802248922
58 599157654
2808089 2809252 3821235 5976172 7138945 7802740 15887433 19241401 24612725 31844786 60040423 65354652 65445802 69948976 75628053 75687176 82648660 98745977 114164493 119551580 119699486 125829528 128561599 137839516 143772885 147481748 152464417 154330593 154420678 158173523 166862413 170478117 184513803 185763117 194120931 198940152 199102543 201437138 204929389 206355010 207397124 218383708 221468900 223765648 226287666 227951022 229214603 246522720 252041730 257061651 271938713 277251869 277767499 282094898 283374140 287253474 287650600 295289640 300170329 315513942 315840974 316665533 318337741 318968831 324945170 329554321 330123622 331704546 338049355 340307965 348175407 353574073 365080034 366338593 368499761 371969499 379270965 379507972 393247063 393351442 395335245 396880152 404255058 409712737 422952685 442401625 444243363 445775068 455323691 455735487 457085745 463340860 466574510 478859723 480702207 482019023 489531209 491838402 497465010 505014687 521492473 528364480 531973714 536742551 546930393 553480230 563143489 563674000 565585727 565734411 568046250 573839041 582811316 583847950 586052318 590806966
55 597974967
8318850 8680076 15908828 27110015 27973385 30907412 36240515 45677191 50261911 50312670 57373498 57911062 59397801 60903864 62164785 66065016 70380997 77038427 77379941 78769851 85221385 85286911 87632680 89509277 116849566 120227453 121663656 127164431 129322680 133640642 143659113 145623897 150082861 153672980 161340970 198499070 205222268 207931586 213004079 225603661 235061971 236379711 237740066 248048743 248290237 262276262 264819392 266819973 271642093 274091465 275991858 288226267 293582521 298731076 316071039 317545888 321414621 322413681 339858365 344531939 345714871 349967062 351458364 351492428 373648912 382250654 383013955 384988929 385427268 392525156 395172525 406981689 408024756 412194257 418365163 418797484 423834075 440263461 444960425 448512463 455100977 457088095 461033559 461602513 471853294 476415822 478039600 478956143 481656382 482908834 488450500 500202381 500752140 524073200 529188503 533878292 534619298 537579859 544608954 548320454 548340382 553811209 560750422 569329284 571949756 572105708 574466897 575509240 593085191 596711544
52 713476700
123009 19216600 42087426 42998404 45441813 56879196 64753054 72443434 89357118 94960964 99143474 101859119 102703533 108948258 109424439 118360534 120341605 123922870 132356410 145266687 148704216 162022983 169285481 181893728 184092285 184590560 193404860 220981697 231496063 236108180 236882942 241206412 243898609 251707044 257397906 262036485 265573214 267683925 272300535 272845202 279237917 287019260 290655812 291648415 299786683 302396030 304198676 320355983 334417759 342251611 359924771 362065496 363321130 367053837 369896395 378250417 409621287 416393664 419123824 432009263 432539111 446641101 450959025 453761204 458438977 460725040 463164339 465605126 470511771 471628174 485505191 492786255 493312982 504155569 507109762 518473683 519089581 525216980 526115058 540503650 542467990 557641770 561593635 567124296 573721585 583488949 583642100 595680532 603442238 607099973 613295472 626541487 630767377 633870861 634805627 653128848 655469386 657804190 658307856 676018791 681285920 682736757 690605852 702360065
61 792192885
14671603 16531525 25662198 26287555 26394098 29955260 30636397 39992261 43827465 51113228 55514850 65338935 65586385 67771810 68704554 76394236 76697176 79284505 79746092 80616744 82985856 85959553 93723966 98216477 104679541 106904593 107195157 109917282 122819379 127275286 130410942 137010013 140963034 143498769 155775778 162657499 164242591 165853644 181033253 181911656 184919885 194918813 196895261 209723862 213409373 219114006 221706062 232263970 235885560 235916721 250595144 258215774 262395840 291082343 303613411 304533997 312073242 321714697 325860777 326287087 326883712 334719255 339374226 358870910 359876005 360628924 361616978 364929979 374217463 377777645 383090224 412547004 417431069 424054256 425146159 428024754 434501838 436554587 439798258 461913140 471749112 485889818 493958084 495025184 511166857 512143975 526093234 529212675 542621753 554705779 556208622 561976016 568401838 588094236 588871505 589525789 593317665 596094621 598478236 617507955 630814043 631798025 634647412 647821146 658162644 668432439 674815728 683890539 685733987 693752564 704541897 729951977 733688614 735805868 745440331 746098637 758687020 760205047 760754428 769764487 779518079 783122348
45 684805118
4858535 9301416 22732200 27090391 28511199 28890501 29463524 38290597 48979004 68371956 71250408 84195237 87131371 89185816 104807961 109559511 111412490 112202687 112392982 115045235 122655050 128198759 133410303 144634807 161279324 163663383 169318560 175102455 194920532 195404656 199993471 222933106 228556197 239600323 246681792 247949647 250561789 250618090 261994507 270886412 278572177 281877923 286426624 297093460 300344178 301842564 303877281 304882230 322714857 325347711 358969559 363462883 373384225 390818681 391375334 395181067 418209916 427687294 434548380 436162932 437385237 457739286 460388738 464692263 464834856 484714355 495224818 495980402 497757341 508178099 510144670 531585261 534054008 541536091 542763277 552764825 561911059 561995643 565702595 580069536 580778796 615357783 624570915 636197602 644658079 651273572 653100631 666789425 674249354 679934933
51 668497352
2832104 3423006 10129857 14137548 17199753 22971507 23963565 24825244 34723914 41256940 48605979 50495064 53950922 57142740 58595714 63909545 73042788 75055361 79529225 83689771 88238282 96303511 102440939 110165447 112437944 118338388 139142933 146278085 154006816 160440129 165274047 183790643 186884705 188641811 192271907 203225316 206859325 207600999 207614826 213207075 214220432 220454448 228423610 232559263 241658585 250376518 260461708 268331348 281694214 283601376 292909846 299584198 301002363 330534988 371446188 378403996 379087509 380958499 387347573 388181064 393771846 404584105 410825752 412740733 413491545 416805821 424248378 430685187 443357517 450337250 452980251 462857250 467560371 468211933 473323280 474737778 481834583 488155086 499745876 512015630 516808603 523866132 524718244 526858528 529267123 537654872 538001419 550000917 557906951 573149005 573714652 577962022 603544998 609830076 622621678 625443209 633739946 646860291 650536894 651083488 656463005 659006716
64 609356574
2398204 4193064 14265562 49210691 49680076 59699830 60064258 62664725 66572159 67250529 73969308 80165425 87604139 107091262 109114004 116303245 119083919 121046258 124400794 128001850 128729655 131487414 138077450 142054228 142804021 148019218 151564100 152807434 157573166 159552484 159655679 163248814 164517593 165454197 166566223 171556016 172963485 176087439 183361496 183467027 190497199 200114782 202813768 208676428 210544470 212270189 213321393 216553385 225174715 230127472 234616923 239096862 242106438 242117861 243647279 244635133 248417780 253013394 261955356 267187949 269669266 270553810 275251904 282502211 283903864 293320592 297905759 309225967 311167446 313799105 325655583 328804701 329125326 330203500 339185846 343781856 349822570 354135975 357558386 364095701 367730712 375332188 379081071 380235927 384610727 388742739 401924324 416768939 421758242 425073592 426357902 426951901 432013916 436587314 442150671 456044135 456246842 459041166 465068890 465876153 470286145 474161643 482789178 487276323 498224283 509781885 509841632 511340551 513881692 517408310 522013142 522219512 530602886 531216452 554519183 561207681 570131619 570300294 579331149 581593438 582561493 583921253 594916573 595993162 596913061 606042117 607417210 608506843
58 969618256
3937035 6575457 41123596 43590483 49640753 55459518 59654209 98481535 122728378 129059718 156910719 160980486 161452586 164712412 180808606 181202356 182304327 183095862 186707422 187585833 192325919 197862425 203255792 215663181 215862478 217542114 224003507 224747151 254807225 266912207 272617606 286271922 288720874 291519295 302675281 327591920 333832039 350980554 361860065 377280443 394491611 398073898 405776501 409011360 412245416 413389285 420669766 429985776 432559538 439270774 443569246 445261891 451335476 469818540 478481578 510919141 512550084 521386308 522444138 523414210 536378948 540630149 544137044 553656789 554426738 565961747 582935975 592703923 596545823 602199243 626106595 626642272 634347915 640069918 641931058 643724773 648195195 659166799 659204582 662623204 685145572 689064378 697403162 716014616 723182859 723720346 734005075 745126989 746933992 766749909 776360477 782226059 785657872 788645949 788914908 798836127 800961848 803320379 805901211 808086180 817518168 833514803 845368410 845860085 858742635 881234045 888436982 889764369 901646877 907807252 913127437 920727130 933945137 934682756 943450062 961091754
43 902122750
4658888 25910419 26781086 28815373 43201337 47741587 48664544 49849296 55282562 55449325 67286441 80969246 93791413 102700073 130929983 155383801 166031204 175915707 196979964 197933529 210875147 226096512 236239682 238600359 261819082 281342966 293384850 299950820 300252870 311508618 312556924 319456106 325362073 343787598 357688049 363244942 377029840 399130667 399517993 409687204 426439100 433872556 435038670 435049789 447547702 466149771 502809167 517520616 517950762 525031783 530306175 548578784 557308956 564638893 584419878 596695276 605241531 611576805 615487057 642450555 645074596 645787654 660829064 683526709 688209747 694089504 723948555 738462124 744053560 750083544 753611696 763198946 766516508 767719848 781268892 783907884 785376271 801439351 803010302 818261372 819097991 819904703 828060141 848217102 858921537 861001953
46 678656830
6169087 12540844 21692739 39728089 39856236 48681245 49179345 51939251 63843341 94936838 98852440 121962901 122667072 122769613 131734138 132866825 140622020 162375418 171574221 174734397 183679026 213673895 217306304 241687073 263515886 264358645 268331596 276874849 277486539 279451616 288012289 290363434 300709341 301334404 313059235 316015739 322409891 326396763 330826413 332334159 344136180 344993150 351385631 352068338 357701743 358644340 366308834 371899106 375271624 376815174 401941304 415691523 415715739 423287592 430786438 456207179 461282985 463808345 463829780 464490188 471747906 473253722 506048870 534343569 535186800 546865266 561037830 565264455 568089770 568721493 569875747 572997369 578981363 581661562 583678286 584565436 590124641 590309287 595024838 602537639 603721471 614878257 615414935 618362150 623628825 624044883 631385768 632278378 635371834 636011926 659916153 668673608
59 651668506
8285521 27240461 30920049 33975302 44568027 45125994 48366334 50261193 51934930 52723892 52770250 53059656 58720414 59103876 60017552 61346026 61894459 87915349 89946629 124511779 129712124 130499233 131924295 134082514 149111027 149128198 150432507 153829627 158537704 164228844 166409427 170081259 170138335 170912994 181369485 184766292 185006689 186972761 191319048 226946370 228018421 236530933 240361103 240477786 241765760 243030156 261490917 266018290 274826878 277787357 293998910 300601035 302780685 303546987 306932492 307240935 309486995 310862596 311732970 316570826 319757165 321257403 331174537 340002527 341873932 346878528 347740976 357232563 365875594 371624730 375599813 376276547 377026448 387876743 388123610 392715829 392994998 402099134 422577692 423262705 424501273 427141610 446061656 452119920 452236026 458005242 458305157 465419084 477811993 480113755 483975189 485271672 486898315 490359794 497707582 511418034 514188029 515592736 519660321 528414030 532541300 541849487 544321623 549320552 551670487 559792793 563682921 566594647 572033336 593340389 595306397 595748020 604047072 609980860 612778087 617772670 619820184 636758577
65 709250598
20619411 21161065 21186705 33339811 35226152 36380787 38957502 40078226 61382973 61853093 66781163 67137928 70843482 71169375 71699677 73544496 81261642 91610852 100275741 101472651 108024273 110258969 111751121 119273196 132409772 136582468 138898294 141996716 150507889 163130797 167001331 189151075 191267912 192782021 193983615 200191094 202344108 209830052 211275663 212749551 213966430 221802451 228001196 250895597 262162907 282187739 286166578 287093211 292042794 297715107 298582929 300480173 303491558 303973384 313913573 316930261 319061786 322528472 323211183 326791368 326826105 329108613 330069781 336796297 347921026 350384340 354346698 357708263 358061431 359194623 363472387 366178582 373457367 384162154 384438966 385283744 387946476 391853201 398999800 402317768 419093778 422823143 423117294 430526193 443812124 451158506 456643953 457986421 474654763 475460965 480895251 489934298 489967648 496245804 508079888 511327133 513864877 517384127 518671007 519075383 520476603 524099480 524161840 530927477 546917770 550229254 583419572 591460340 594493826 608775878 611307824 629462265 638077634 638312701 656895869 657577286 664407608 666371106 671938835 675259925 679626620 680342886 682745359 684577592 685789540 692806560 702715013 707456856 708189404 708721911
46 922038190
7734734 23162221 29494285 57841187 60334734 64719467 66723261 67487565 71955043 92098562 102008945 127350192 132763355 133359035 143840132 150680363 161199240 188013666 200459414 201745112 203444266 207071936 209327990 216106257 225015696 225822201 232173043 235938846 252119608 252224561 286485315 293022652 294488605 298713982 301450609 310862926 313770782 322542211 340158122 350854371 353622003 354495000 367387561 369042572 373329240 393334592 402862574 427329379 462693072 466628898 469942051 479093230 483069336 503867980 514886536 523383524 529743193 534206396 540493590 553452835 560780102 587300128 592810792 599567881 638736905 647438105 683356161 689318589 703836538 716575210 748369129 752512537 761158663 772882195 773491271 779343083 793266688 796383920 801408120 810385554 811429552 816328400 822569274 830470876 842328251 867467696 875095819 875863741 886183138 904288471 904974971 917181509
49 932633125
10304002 21456337 39820875 48446546 52399693 63206952 73880064 99543601 109234706 109879177 112002137 116207943 127907621 128271419 131645348 137983128 140460300 149573935 165389591 187584599 200138592 200356115 235934102 240622431 241636843 242447578 253057271 279731408 293599222 309117718 311241430 312161365 320001002 325731947 336627346 336862955 342656365 348134572 368707745 369912045 374398761 375795197 379039337 413685114 418984515 434948760 436320388 452787772 467069980 469814512 478276360 483989991 500574349 514739761 547023388 559894575 571875370 571881189 573926933 583145104 586256878 593587951 594864904 612040271 622137411 625162672 648346704 684847747 690826748 704948595 705452858 705702701 711297158 725186292 727871994 733515670 738816498 752352976 754394968 757071085 764856735 779077621 779385374 784860844 793774655 809586830 813154469 825280911 845294501 846942605 857043540 866502337 876004252 879410751 903583680 907436567 909536863 913049749
43 620030877
7330841 8363059 9411560 13612689 21106444 30476493 39699895 42027716 55167869 56420289 75128028 78383663 83804091 88246552 137064024 140178867 159966552 164562132 166072353 173476188 197792661 198384810 202270609 210315712 212726516 215673393 231735044 232654177 243837071 253682064 253758907 254926201 289098783 301893659 305450031 306064366 306481573 325163170 327213544 344529198 347228909 359679331 365131065 376581221 377330407 384853076 387328889 394555170 394875900 401771738 402323297 402904433 419949802 420787208 426500262 430237459 435587824 466741382 475654044 488331167 494268025 496745020 497231963 509839015 512950934 519706558 527918551 538972777 541377831 553641647 554155940 555451651 556120258 562477664 569890426 573514412 577593980 580983614 587888916 595180413 599280518 599569542 603046266 607111105 610503807 618939264
60 906477017
7002039 13761133 35693789 37691440 39787084 46641328 49845912 54781773 59865929 80073759 81696490 82287766 85777825 92899862 106345845 109390053 115871736 126545459 130666946 137144943 138148820 155454699 204074810 212506421 219347862 245262671 263041275 269261306 272078284 284364322 286357619 297468271 297758145 303010629 308082914 319907483 322106032 324640056 332391032 343362635 345231923 359456849 364017774 364225821 367253394 371495584 372162387 383186426 393094989 397092592 414720930 419597527 420025453 425447751 431204748 449835879 474387047 481825603 482017581 484527816 487354000 489363650 496999918 513291317 514882071 517090866 518137385 518366745 520683147 567929792 568555598 589528595 591047091 591813787 617784744 621792894 623632084 663646292 664682452 671896277 671993366 677711380 678727559 682567289 686599941 690066726 694467563 705410788 709843793 716141695 725360285 732493627 741254508 743886068 751629386 754285182 759120790 770477409 774978988 776085270 777602238 780145710 784057214 789641081 794451746 808993327 809641775 824969851 828307614 831204669 842353350 851346790 853393754 866207534 878953264 882008784 890545843 892517828 896053658 899612954
47 883762224
5010005 8103437 31233143 38117991 48111664 49063324 55436556 59746226 70080391 70424805 87057992 91210681 98902871 107996923 109805083 109885286 114215790 126668004 142322705 145640567 146573586 159423078 160863031 180210831 180220761 186678595 201114642 207465161 215238827 221311601 232890509 241269595 244778797 284246641 299513654 321766854 321994627 323002909 331540820 334565401 338406081 344141565 354733822 374111863 376414837 377231466 377793606 379267780 406999978 411010477 411213717 414399220 415238939 437276010 439446352 449708526 454218748 462517486 503981689 519996022 534019337 535897172 537471449 564729908 566814038 578676749 579617361 585038193 585793598 599776007 600037791 618202005 632567633 632858394 655044192 661759144 667400985 685616462 706093623 706741206 723645675 731183787 740746212 756574777 770909569 775495142 782010318 800626089 813194124 819511767 840159151 863127836 874511437 878426879
48 715377333
8817694 18094791 19777465 31356175 33501173 54936372 62120519 66253989 90944145 102390593 131863939 141075925 146714774 150970218 154483388 165020535 172875088 177339062 201438598 205163433 208811919 210167998 214702521 215621365 219993587 233394284 236094426 238910177 244197502 249940137 261908397 267040592 267807411 274343226 278274494 285118301 296886716 311718281 314329702 314609841 321495040 324935075 330058957 333852084 341897977 345679626 358652772 360855489 365833774 378935030 380642187 380954949 389275586 393997032 407008789 418188125 419623706 424886887 426002879 426540913 427694826 429359469 436698099 436942216 439440919 440658133 450684844 459665182 465023897 465391886 488707440 503097698 503110200 520066282 523350265 532524157 538410705 546356108 552883723 553196235 566837977 569702305 570206584 600210852 603478085 615303379 620612325 621775579 621963159 627411238 644251669 647244451 651035053 669674227 686165772 693927656
50 861641225
2269146 16957068 19048071 39927365 40971471 43768460 46001030 48921905 86163409 99630420 112362121 114093066 122399902 156466586 166724515 185951884 195644859 219311166 228025824 229979689 237569940 244286870 252087195 264097729 268177642 269679862 277326846 288811211 292766834 295220602 299684936 304336353 316541984 317662557 318012394 319729135 324257892 335496981 339375527 343164547 348994130 351783740 362062798 383129698 395813852 402757591 409661359 411949415 412925096 426073254 428152131 428999635 453990701 456657147 460882322 484062248 487231376 495170559 522861744 535531642 540228015 541945235 554504523 555724647 556147307 556891701 567375812 577946266 582017131 585558103 599047000 606083175 610560308 612661085 615199302 621474838 625055930 639310285 652951987 657650724 663434955 670736880 678464950 686879983 697937015 703271692 730410044 741542774 753593726 764405321 765533963 774655627 776588581 779648758 783206430 786309275 792323091 805682593 809341677 842603506
42 586832905
1201546 6277201 6510035 18692326 23897533 33673196 45698998 47150500 52248119 59895803 67031939 78881564 84533204 89748179 100862352 107003399 114564450 115846011 118226294 123167352 125823123 141787939 151416520 152285485 154211128 170206627 185911274 189779848 198121307 200912248 210695803 211423909 216117861 223537730 235331820 245526965 256772261 263216737 279888444 285129084 287935207 289349438 292672503 321734282 334906954 338041606 343347038 349989899 355831027 367536236 373937102 381249754 381373440 383433179 400880734 402537228 403470518 410751020 416627479 422829188 432044247 432494795 433299551 440751139 442996934 448662082 460617174 469380190 482207629 508844395 517147951 532364267 532368055 532674972 535342852 537115153 538855685 550873432 554597698 558393933 569997997 570685594 570772507 583030943
48 558059102
4238530 10973632 11412365 31396604 32953202 38508990 39117837 46261345 50648631 52881451 64520049 68436405 75965052 82979585 91014732 94298977 95357411 107260792 109764778 128505558 132487526 132493212 134782327 145484005 146084629 153587180 154299034 157526427 173855992 191747447 197735829 199630630 204942621 206693047 208411381 215628133 219249690 221612275 223526192 230405292 230499739 233690229 235627139 243461087 255824758 258792982 260052291 261316464 266246594 269593959 281424241 285998500 298757093 308416861 309778673 310723909 324211123 328464142 332271218 337601059 338445921 344845935 344867060 364001890 366635584 371148034 378331091 392403519 398179122 401979739 417142031 422802733 430693645 431562175 434374804 434849024 441796576 443777565 448757634 449897842 450071514 460140691 464927327 466363432 466829134 467947523 483005067 489617525 496915256 500959929 501341927 502121540 514789810 516871344 534483742 545030675
59 912141761
8448444 21443616 25620559 26896746 31970809 51789676 54700400 58041077 65804919 66308500 68710262 74699479 78327734 100962845 101859929 102953775 108911878 112992780 119318289 155920242 158946815 161285900 170946916 174925059 184548323 224373920 227545619 233625286 239459678 248537561 251049712 252346779 254600153 258454442 266388003 270975803 273444514 279325588 280854294 313386644 323116296 323824720 327742615 331088344 341364038 342086926 356268706 357467374 358245402 364249863 370215240 370801917 394595329 396916144 410043261 415157988 419329011 420443885 421598201 422935320 428032530 429883170 475507779 475678335 479263707 489067554 490693433 507227658 514220820 516200746 516948810 518747308 535035153 560595401 568594682 585847369 590216553 593108017 603174321 608065621 608176444 608953983 611730287 620276844 625178606 638821937 645989333 686975109 692681504 697673887 726304719 726832767 742321994 744865911 755146430 764064634 768341916 770103843 786288409 786718987 805819058 807824821 820982759 828347257 829382228 834739014 847147413 853652006 855170367 855225367 859005079 863718766 894276342 899744636 901327421 901737018 904199442 909180067
54 523704053
3900520 4830467 20138578 28544925 29663573 35814206 41410031 45820167 46174851 46314736 54728551 57536613 69911379 71981657 76975293 78681775 79725316 87130006 89761319 90256629 97111699 103018891 104192532 106171754 116852839 124691541 127203673 137861201 137965030 140778970 141499132 144341359 148270666 153485775 154383762 155311853 165275151 171444238 175399192 183907053 184708589 193957039 201089750 201267024 202079783 203261365 203275399 205420284 212741455 215355291 223236931 224497805 244641895 245117862 247432166 262410635 262451236 271651431 274120678 277995812 281195603 282543241 285543380 286281209 293080039 304150135 308140745 311495857 314826928 318466835 318611542 331050808 333942711 337091172 339149786 343970537 345438632 370362050 374539698 384811034 397510800 401288540 404432590 414100928 416441012 424126539 431457887 433711907 439204546 442557523 450043118 454115497 454223856 470054081 472260710 477508513 481553559 484804452 489525207 491728076 498654694 503281020 505728057 508127186 512613578 514372890 517237597 520472418
48 902524575
317852 5342425 11603381 22646481 24158026 30030414 33084027 33906939 39852740 64952096 65542483 77881212 99421782 103225692 111214303 113852699 136344816 142193250 154004895 154721934 158833944 198085588 207849968 217935916 218583378 222431330 226144781 237439596 249761693 251244810 276680133 287258813 295035394 326884406 351320582 355690300 369346459 369435179 378767971 388217281 391999454 402949976 411006580 419220192 427471029 436546568 446785196 458840071 465263405 480406530 503814464 527883702 543269549 545393443 551678570 554623079 574179804 577483282 580808674 581521711 584903851 590096785 602757141 618185723 629414606 641133071 641281358 654824045 667168379 671695595 672003939 680416759 700622919 700658634 702163360 704617711 711504872 732088098 741604298 748642137 757849331 785415865 786638944 789975461 801437763 805788442 822741609 825210608 826907868 829370719 842478287 843704958 848151446 853196130 858350188 901791019
44 862537505
4867579 14046073 15732362 22440738 51354601 51564674 52251244 54820640 78505384 102287902 124012013 139621283 145288136 151336142 167949623 169572925 170294859 172986745 177459624 186996104 187609331 213417895 223604394 229724801 261485585 271740850 293358341 299641234 309422585 321862635 330461209 341122238 353314559 370195570 379291970 381813459 396946305 448110802 460821253 471655696 473150509 473538195 503206319 525134156 537349216 538996021 559240778 561251659 563124202 563802461 566302893 568531623 571572394 572489872 587603208 598015404 600147958 620180792 626963787 643406954 656396941 660049583 678141920 698321323 704267910 706840428 707185002 708615507 711108421 731160400 740633837 743871297 745007160 746762821 754257963 776839605 796956065 802282467 803756585 805457353 807276734 807905545 828403469 831266122 833608255 836346542 847702417 852856901
40 964907924
3595782 8018114 29867731 38116342 44104705 56341688 71077156 78781098 86892267 96181853 98868827 118112207 155766824 189544070 198994657 201116096 209066571 216332634 219025030 220551921 222824864 225396512 246522733 247976739 283473783 287260277 290440486 309891639 310761104 328529155 341508117 351233791 366807643 367629202 369322449 373642698 375851698 401957550 411915485 427884356 449258846 494547810 496518636 497813955 504090791 543699544 544062725 570360483 578455169 580130805 593822083 594055984 609378362 621961312 629942366 637651067 638381797 646004059 665047078 674081327 712931631 730567367 733216539 742620178 749178988 772589226 790771146 810283098 810676744 824603320 831365914 844727634 869729607 871506942 878284822 884908727 886212706 890643770 895615301 953953498
46 911716251
11580384 20362680 22067389 26692428 45865976 53632305 56763729 65860263 73866690 100438738 106712487 106732590 109282043 115509328 145130715 145498996 148115050 151751814 159935137 161723184 164823252 185512126 208202514 244228423 257453640 265240568 270245067 274280614 276961167 284601730 289495055 299790927 304405115 310957123 318215535 328105048 337709162 339376736 357146015 364823090 376452664 381358925 406752810 423321292 428439889 429600029 438199196 448976918 467667301 490795668 515578651 528141445 532095234 553151795 556979354 560113412 561213784 564280243 565163153 581108905 594967590 662052154 662441209 681025871 683126584 684145482 693474218 694606042 702570699 704640063 709746376 719048589 722981873 743058689 745689173 748351409 775877335 788649394 801992412 820576809 825036392 833113448 835259980 837150386 841575221 847738359 847811660 870686800 874921895 890940200 904830851 907165010
43 982772006
2129053 2574048 30629976 34777545 38915845 48899220 50276733 90324796 91708249 96955595 105597129 127392642 127890371 139338936 142700639 150075039 154215113 170220236 180559930 187332377 190991383 195070979 219808171 224990742 243613825 260897758 271516525 276158519 335572665 335959776 348781805 348913832 351839942 362557162 366582645 369920390 382373054 400189642 400778062 410722638 416420949 428148944 459122846 465877830 466034634 484627951 500463299 517188401 521969772 522083514 546617661 547093098 575914649 585624019 587110281 612126379 649467869 653871271 664262712 676317485 683685959 684454344 703092313 703122233 733516181 735010255 741190553 742911977 750388974 756457736 756786228 764899859 772160924 772268314 791756687 798091365 823342773 839021556 839976870 840292494 856326891 860878368 865450369 884565901 896904004 952841741
52 596698008
10120359 18794900 27675474 29739988 38428503 44738896 48511969 65648246 69540856 83593972 90100365 90368001 95794844 96551931 106641708 107305715 123046123 137143947 137681862 149751029 157039369 159821844 163374502 170443775 171635758 175769257 176085937 177244038 178178145 180918443 183770719 198490012 198796770 198848226 204527195 226759885 228671833 229498325 234037490 234199857 237419490 239478914 241593003 244903142 245644571 258533489 266973984 277514347 279298538 280157334 282781934 289105588 290053291 294185270 304430504 323843322 325249842 331387363 332998861 334351704 342722094 345569075 347846801 355039484 360916224 362891866 367470395 367882106 396270225 407896622 413167717 414331655 417947626 418249864 419085013 422593503 445381230 447532146 457341401 463282544 474835717 475370977 481175498 486368760 486851283 496295025 513620106 523272363 537141729 545188702 547866933 548915869 550223002 556174288 556338272 557496047 560028155 569443390 573766848 575337198 585767961 590850233 592012160 595087834
42 592368963
12252699 27828265 38400445 41265294 56663334 57057309 61577130 69792277 72145635 78557768 87023152 88909970 94032206 99304276 103015811 107413939 107755211 109376216 118837095 122172797 123558925 124409935 129707140 131411816 136337364 138306376 142362094 157254959 163574576 165038197 176247827 204637514 207670985 208427021 208769656 213450483 216092516 218421761 222151490 227094253 242213989 254007329 254468258 255581741 260197632 262808973 279715434 280177310 282435293 292626758 296519332 324030919 327484019 333915287 347389815 357915938 364773188 372302598 384745499 393486335 398146738 418813356 425602836 434632347 443976257 450157715 451146319 486381188 490952821 494299778 512452367 534048273 542425168 547582430 550471514 551294599 553808284 557429467 559445187 569909835 577870166 578450637 582299590 583434949
47 668959192
13252062 15168384 17813609 18696574 21191848 23661586 25414471 27134004 39017849 41537565 43851826 49723499 54055165 71558820 76108479 77026257 78867041 89729947 98521234 98802353 103252066 115195548 116777547 118814853 136337227 145456331 148845753 154949068 170043050 193712511 197392176 205244469 232741890 234015632 237741806 243081431 250747811 251438860 261027467 262832293 262868368 265847383 275826849 280281581 286375900 292933274 303244430 311038356 319960271 328472103 331715055 334988399 343819262 346390746 360976126 361161616 374991933 378926623 386019879 392693431 395335407 395623715 406413305 426170071 427416713 433218322 435834967 442348383 456145055 463186823 464826658 501617784 511350104 524078910 545887878 576174405 579728525 586335808 586828156 590705693 593753878 602226838 607029169 614444797 628830271 629076896 637250315 638721778 642922222 649726083 651366168 655830230 659841926 661928041
58 612009337
15214738 17344078 17458121 18546367 20950805 34877484 35958211 39754171 43870810 54150479 56286189 59324438 62938606 67323031 67869707 71070485 74175540 76724273 90808518 91283303 91536815 99275073 106000395 106533703 108213666 109002075 111033785 120305678 139638389 141787420 154157163 155136496 164931319 169201064 186544860 188046673 195716252 209355312 217385226 217557336 219256477 223417464 231830837 248343030 257424943 268552959 271155013 277259149 278084878 281494800 291746575 303453152 309745748 313973112 316449533 319791606 320566237 323400570 323863243 326644549 328983020 334184745 336291095 337013608 337218724 343574038 343649707 352108400 357328898 372635652 379693228 393220555 398552160 401957220 411403384 416039865 421018681 422377167 429383319 433023852 438612766 439182831 440935673 441324497 444311858 454660488 457265721 462805039 474715010 477220070 479374633 482324697 482715010 486010590 489152818 491987395 492158107 504893198 505910375 508034705 510866717 512808935 517684699 520570236 538566561 539108575 540053654 540233923 548300583 553403979 570548996 573584775 588644799 594407995 597786698 608513204
57 575298566
547510 21694385 33433868 37212196 50097845 53312175 54219367 54688658 57891820 66216102 68197480 74492220 76514186 86403422 89065700 94362917 100697722 102365039 107426639 109440656 110547994 121508269 126133263 126242148 127609061 127937590 131570439 131607115 136213740 139770543 139852621 142016903 143392946 150073794 151258787 165989747 176907164 182470863 184463997 186486673 192726681 195721259 196824727 196935234 210261720 210322508 230712297 233091701 242310257 242743225 244975766 252402328 253935207 254478864 262187540 264960681 277834408 281096201 289625666 293843934 300895805 302009335 317940146 323111615 325086624 329806000 329998717 333429181 334111465 344836775 350826395 360239126 379916566 392344998 392447064 392495636 394052293 401708308 403678635 411134224 423332677 423365917 425002506 429901936 433734258 434930474 439864391 440445592 442569733 445205091 449132857 451231779 456973044 459165359 463672417 465630019 467780356 470711400 472129752 475973277 476353195 482305959 484031843 494925476 495157790 500694226 510516404 512162526 513053544 525373682 535866933 538048655 552163767 554113063
53 572586109
9753645 14733175 15077498 19907287 20268780 20423490 26717614 28713760 34388356 47752256 59960643 69321904 69775132 72059751 76240058 77343866 79296409 82985491 86230635 91876195 110204673 111604462 124765937 132958756 137128800 141155449 146904239 146910069 152491146 152533783 153019813 154415867 155947620 166053293 175682676 175831110 183633463 193676882 207136308 213344203 213466515 229033252 238800814 246725303 246980151 247220365 248796725 259656097 261593112 263979387 271471700 272140798 279092786 280552866 289883808 293766257 295721695 299141986 303712720 308326232 315711801 327121217 327605563 328036952 331121218 332765310 333250903 340033881 341964228 343295659 348259655 352272566 353950447 357084951 360910668 361318437 377089822 386669998 387967766 388634876 388962440 402298128 422204309 435581400 437514234 439797726 449412754 463393212 465968654 477568845 483170960 485159876 489899505 503665894 510363405 520349713 533251964 541430853 547165529 548413833 554141190 554160914 560915478 562346554 565130974 568287924
53 776751451
6712973 11742599 14290765 28018734 28692419 30373114 31772949 43025360 50433766 64744354 75274538 75577466 99167830 102321046 108168389 118243596 118768696 128776683 132610916 134309931 157632264 161468687 164740075 165944195 170711436 190847382 200387368 215000502 231715956 233482158 235374947 236418754 239379905 244455280 247226548 260542086 271067829 275266332 275390084 275948724 282176847 283437657 283491316 303124158 313164266 318237289 318712460 326960823 337403914 340246744 345827496 348280943 355449955 358944175 363306168 382367921 385544510 397715188 403499596 403550523 412230543 412367023 416923767 420280695 426326445 437683007 442649760 447759733 448000097 449762070 468294926 470188374 476300918 494810430 501758568 502350739 504107537 506367416 509899860 515659973 537214174 547010628 550553392 563793061 594452998 599929499 607431423 616514325 638013705 638980238 646223020 670281680 672168019 672226702 674570334 684613251 692183060 695184673 698965110 704747639 711834782 740234931 740630764 740911359 742847346 759245951
39 562368202
3159257 6385736 11443577 13169914 31478870 49201243 60312080 61806578 65332609 68718294 83750144 89988576 102756532 106735827 106747094 109049989 109240963 112516943 123067541 129994984 136390905 141384998 141654373 149501452 189001507 190501644 202351723 206300030 218884665 235013223 235859686 248373160 258370309 261874938 263646566 267608404 270412699 270738418 283162190 297281260 310530051 313042602 313782857 316500398 325248213 328883596 344624107 359779721 376802697 401825090 406918242 407098011 410100627 416608376 420803095 425313085 427319262 429824709 437802190 459790737 467000763 473877810 477123745 477968268 488405149 492309394 506184039 509585554 510524419 517352122 530734021 531116376 531209480 542286901 551123222 554334361 556426885 562307257
56 662515173
11291877 16883201 22803903 25728388 29357305 30413250 32397896 33615743 34776058 36563055 39574295 45958322 66525133 78854637 83087369 88062044 89106656 104311459 105265595 110297478 126744541 139426095 143506109 146664150 149632235 154559612 154629468 158403738 162828365 179177631 190979316 202475235 211498904 217944795 236846168 237852212 242362574 255601087 256144382 257144208 263480633 272283032 276078646 291035392 292425932 292641629 310545220 319093051 327664559 330049957 334916834 344315109 354149081 356748307 361629760 367907128 368971811 375441876 376714015 379853180 382736040 386517311 394639169 394808545 399432938 406209346 409797830 414456260 414571955 430990735 447703857 448187882 449456012 452122320 454868569 466304980 467993239 468251263 470892140 474148356 481594620 489192740 494120910 495225032 495517767 512907409 514452785 518335278 519505153 520921607 521669387 530248763 530480056 541346815 550452443 551319320 552800873 553102557 554844426 559009069 572876884 574769654 591574092 593335933 600245804 605377904 606575266 615091794 630608990 634115106 644010818 657887594
59 839675011
3672636 12789878 14538041 15732928 26878048 31119174 39488580 43020790 46819377 47069556 50873881 52706116 54447836 56994189 63726097 64896643 69364911 84537257 86067093 89894220 92550605 105427900 116749155 141763692 147132623 159184398 159417825 164776872 168094343 172563596 174113824 176982137 188109258 202921489 206045178 207941263 225499821 226064877 244336701 259676747 272814366 277851832 278653941 281715848 289075392 291067736 291126491 315567268 328461106 330217024 339666594 349042219 361549970 374919638 379217605 388319861 393353804 397060165 409848940 413998360 415482571 415645273 417267079 420056288 421677404 425169540 442502962 448408507 460533694 462400501 465461478 471262498 510992860 518601964 522541987 525093928 526369664 526919038 529394320 541327092 544829571 562205551 563364249 580841330 608613937 613342626 622512312 646155786 647256644 648052831 656281206 668578839 670488966 671329993 685007092 694093681 703275773 712967718 720219997 732060856 747894230 748064985 756435054 767844206 774758155 792584795 795947485 806482978 811439292 813843071 814020897 816281858 818199455 821482394 823728752 828997813 830903595 832953276
52 662199592
3899918 4338842 5242621 9080694 9699005 12659253 18818164 21264982 24115787 39789849 43291792 47692587 53951341 61194004 63901575 66934505 74709602 84339583 85584952 91742303 108129685 112041567 112418534 119902371 140838630 146372294 155548051 156557554 162756596 164708046 166755637 178481359 179719222 180188491 180566108 182549596 195536517 197494736 201340708 203547308 207319868 209408102 214960510 222085908 223025299 225434023 225655664 231474734 234253536 244378385 267770912 277269820 281314175 288253063 291150420 297943023 301548469 304932505 321068839 324761689 359017243 362202521 371607560 384509364 403067379 420247099 429381915 432738214 442405151 453410224 453422064 488900467 489948442 493459365 501180436 510067154 512513945 525421633 527424316 534909345 540676131 542978222 549213224 553617156 556760915 560290879 564366674 566445366 569418755 576099830 577780718 583482012 594339058 601609084 605023589 611116384 620137924 621993437 627015128 627264882 645747746 648561382 658330255 660176716
50 798322800
2017817 8895695 10726054 17371654 18364925 28085769 39894371 44002668 60589425 69969034 76942687 78412886 79986267 89811828 90802952 106694802 111566223 112131341 113502980 114676493 115328870 151176179 152071150 170174133 179583010 189994528 211773637 212492462 212538372 238168265 241147171 241676079 252158556 262533964 268686610 273575406 288111397 301310078 302009772 309086597 319765430 342174731 351853015 355643996 356086253 366850872 382631702 387001898 412326316 414362322 433593404 435042489 442800954 445820451 452973049 460558434 466736034 477355617 478641659 488792652 491619667 506696709 510877946 511768549 514959453 516807010 527966208 532031277 541768134 568675699 577410693 578231521 578907409 579312497 594355594 595470835 608515177 616700953 619129174 622694328 629838585 640678235 649009232 650629402 675516507 678678799 694597686 695945935 712223098 719133388 721270481 721636991 736742065 745347440 757484936 763414848 773303565 782209711 793023419 796723291
51 839139867
2540534 8173566 12250105 12940564 17279674 25222846 35482631 35787127 42476355 47170036 69335891 74945675 75741337 81473720 89016298 94869315 100583035 103295934 104879548 105534823 112078678 120381420 131454339 133853386 135082673 135414892 137946120 140074640 141690149 142604933 144016298 155896675 180765271 198563774 221404039 224698695 258135183 261822095 265368476 288731120 289707300 322837941 325007780 339717740 345288079 352619949 371911894 374540395 383657456 385218318 387097485 401907130 410631406 425046423 425307744 429818261 430496057 444983685 450841768 469281581 476867986 486632644 490259220 498158812 510633968 515324215 522659941 526196575 538621784 539833921 572082663 572205002 604027239 622422690 625617770 631133854 634087578 643529891 649159452 650052020 660313773 667441943 695711717 695747362 698114866 707407220 711316833 711364819 721429708 732334295 733795157 759328633 768664809 772597071 775588695 776999052 783328564 788366748 788846296 799155908 799629597 804633228
45 676585043
410859 4566722 4595443 20104877 27378696 29236766 36973238 39117731 41347533 56291408 64691235 70053154 87249488 92453823 98689646 105664670 114906990 119343118 123468136 126856248 135424638 146249600 165942368 169908751 196925758 197803869 204298275 218283688 227905479 233802876 237709985 240336193 266327175 276269271 291700470 293163383 295240189 305656590 310277043 311936251 325680328 330781172 333866156 339947619 347847388 348273688 350704222 358502957 377846822 383702255 386759174 400403618 415378700 423033842 424735476 431118050 432115087 436380771 438704335 442144661 448220828 449302728 456532384 467386876 480752401 484935492 493332779 495531244 510336101 512094623 524526908 532426896 556644920 556650990 575260453 582898129 593071106 606143856 606595360 625865223 637988890 639097007 641130134 642951039 644519884 651689907 652446539 667306614 669589677 676242010
48 568542243
6293686 9315586 14172654 22308711 23446253 31303385 41735210 47767195 53213854 68808205 69950789 74933865 78637216 87761587 92326001 117053944 123398627 123839535 126032531 128335686 130462931 131796343 138872023 140733308 152268949 159488843 162052667 164494179 165595390 173465255 187391636 188408266 197906719 207699027 210752399 211520372 217173166 220113458 234724173 234959996 237587328 248309211 257923183 259516742 260046234 267272425 271244137 275698145 278752967 281951317 282457897 298074437 299522827 302623399 307928709 311328064 311398189 326660477 335408290 337139259 340805705 340823151 341654421 344980012 345679044 348052675 352453914 355062409 362697316 374078708 381001738 383363782 384672530 389496225 412918462 415818390 416407662 416641328 421998647 428616973 431565697 434364396 483053023 509108061 512697349 516100155 518147040 520616104 529824365 532054549 532489618 534318162 547772837 552748039 559113010 559207341
61 908707682
3270161 8689365 14109694 25685639 25858244 40971212 51757633 77625865 84539232 97033128 98520155 100616068 118752420 134198224 141338424 152469728 162772446 167290693 174249000 174451496 177724533 181765855 182239447 186588589 217257764 228804016 231847502 241574926 243684925 249424910 250004712 250978770 253017816 256980189 258382083 265615236 267239183 283607890 285743138 286904422 291107449 299959922 301830222 309001266 314307878 320748688 325655615 335272084 338471965 344687022 346894399 363818085 375428441 383210021 395632402 396301056 400082776 407902414 417142235 425448584 434108096 440685424 442193683 456414860 459891205 468920629 469433704 477564171 481200504 484078768 500545049 505134968 509390320 512634287 512676129 519375790 554030560 562157803 577052057 591945379 592052491 609241181 613881574 623669754 631611855 642990156 644766941 645104229 649405366 652173768 653256775 656158755 662401925 689956114 701363178 702746931 705501685 706161700 706929832 714278006 717513480 730842548 753387978 761731467 773292132 780223063 790440144 803595959 804378028 805300616 825439337 846471098 848527761 855658143 863093509 864889924 875281702 881798788 883570016 887282284 888745991 899304408
52 565772655
2573438 6081838 12271647 13943475 20313719 24078137 27084608 33440394 38163235 52353138 53199015 61689185 68384935 73169430 73599482 75187199 92596123 95906875 98175201 111628235 129422793 142974273 144801817 150243759 153441465 158178774 163709926 167807727 178882904 180709050 199000227 201095579 217812347 219189315 221938934 228097760 230633033 232498549 237769585 239875306 240254946 240618897 243645737 255523444 275066159 275111694 280005691 280723952 281573790 287476969 293597890 294935010 308571072 311936299 315094568 317243997 320062835 326417713 337977718 348738904 351324539 354900581 358081793 361775412 364168314 364284498 373075385 379585037 380806709 381947027 382813375 389344105 390018798 391210688 392141420 396882894 397557366 405647821 407288315 422725683 424233205 442850325 443384094 448412609 450826956 453159311 455875124 458118452 460313106 462834924 479427832 487280540 502592281 508045068 513041333 517700020 523342653 525754868 539549452 545922951 547279045 555386510 556262821 563241758
55 595644722
4246347 4936997 6393055 21196184 24027060 30149400 31599657 39540457 39542084 42183459 49143991 54590922 56511151 71338515 85564527 88847777 90945799 99614080 106096071 110264591 111744077 115305315 125157100 126831121 127237083 134499584 139306050 146625566 149406049 151692697 160300870 163565105 174482247 178771037 189935130 198329182 202804723 206603605 208975444 209559548 212562818 216366915 222394761 243363915 246283488 251808817 284828043 291744880 294552141 300211736 300255726 309135480 313682575 315598887 329449603 331267014 338508502 340153402 340912593 344370024 345373693 347386571 349437846 349475497 350161667 354161497 354435829 355579171 355822336 372615250 375246700 379939046 391398295 391620625 398326058 418058780 421174369 430818458 439711117 451610323 452077302 455484196 456389364 457350531 460989061 465449975 472355309 472368626 481093633 485170515 486966548 489595498 494662217 495625495 497192399 498481024 498738853 502536440 505226134 506487882 508320697 512196580 514885477 542847440 546640562 565358316 571932995 572729029 580864399 586422887
46 652157778
7912561 11531596 23850713 28635252 32306456 32494065 37599498 43257122 50195557 51758889 67450893 90881478 90977597 95932699 97602677 112892996 113562457 132303053 154453259 188463892 194795176 200669073 204175529 218252737 218259410 222079669 227245834 227890421 243467624 247510737 248766055 252528189 260560907 268533091 271254424 278613181 280305433 290687461 292510040 295077927 300249201 302069574 306143643 307813106 307967956 328279944 345084756 346981165 347529716 350271256 354491486 357469311 361631551 370282215 371177477 375024869 380267805 388062364 389521470 391932133 392401295 399143782 403536033 403902962 405673332 415131826 415640155 417935482 446011205 459443300 459889010 462145887 462297462 462656264 473261962 476631311 483333261 491142430 515313434 516953023 531122348 540718792 545777155 548493516 556111116 559968850 563746953 565438566 579806055 585708665 593337060 618395517
51 778250086
10507497 13586507 15271419 34675742 38525318 69980731 79275738 86054787 105707749 107875080 110203082 113619107 115287775 120097604 124181552 125679521 127533515 135455805 137840139 171504372 173796369 175573707 182007868 187842614 191236761 194172988 195277225 211606765 213496881 214344814 217090195 220678784 220724892 230504545 235299164 247485913 248278911 252190875 267620544 269032212 270530615 276775795 280097358 283894418 295940060 295961102 296844472 305903448 314592025 320286956 330804459 334151036 344460148 347673749 364605539 365585373 367716448 376468690 377871282 382023421 385288199 386549266 393003188 400718812 456288540 467300894 468372149 480851470 491500410 493261738 505029701 509767778 518291790 529024185 534384003 547890767 549944930 560895537 563323655 563364874 596739117 612741089 617283288 636578479 639527820 680272102 684893010 690916619 707047115 709844408 714083431 722752589 734483943 738896954 746209928 753025494 754432183 754738516 763092143 764004949 772049015 776388532
53 528642162
2121790 3411485 12177918 14338973 18374406 23444740 25752393 28038985 33105538 33433868 34500930 37268508 37975883 45170196 47360242 50594196 52469971 54872209 57545156 65607047 66277474 71451282 74366560 81013546 95552097 103784129 113177763 123841492 133536693 140546739 161088022 173507512 174385567 174614719 176694111 187941534 189488688 194240051 202179345 221460127 238727234 243625254 256570524 259035644 267814931 270941598 279771943 284119037 286625778 302766442 305500877 314169855 314481918 314925948 317752754 320904918 325662799 330054895 335123066 337083571 341561486 345327690 350236918 353328041 353707605 354311709 356600270 358367896 366360855 367121513 381796606 382405385 388299190 392034281 409334020 411424466 414303610 415513380 417282572 424216825 428215794 435173653 435803784 436978183 442171648 443046864 443909462 456871719 460089585 466463356 473297967 478533378 478873991 480985932 484329312 489072826 494332225 496254199 498407480 507068810 509148962 510450963 514948608 515738945 515934575 516804446
51 936221425
15340331 24412386 33703082 42940712 53103941 70146674 71198956 82305118 89274370 100075090 112542350 119041677 122946669 127767365 128813495 149457330 165354093 184828057 193758081 198777418 199141454 205592326 214480574 224447942 233872258 234201501 236646868 238243611 252706381 255523909 273005620 277910186 280154673 291162171 294764054 303996998 312851012 320502366 320695739 330487444 338326635 339168833 347194277 367598823 395954450 399712981 401633579 402389653 423244512 429066894 432868532 463473495 472218246 491838441 496266219 522367869 531183645 534280876 552937099 570024284 595732184 596741160 604791606 623765075 632650469 643716464 646788899 647913350 656099748 675649721 690421920 704962111 705870166 714566396 721057975 724067529 737201115 743549212 744425624 744768250 748800017 762103512 763663165 765461193 767161446 768161900 795092769 800319207 801249464 820214846 823962895 828088403 844075433 855222464 875427892 878185839 899806753 916659457 916707120 918779468 921429111 935637273
44 625960095
1961973 6449159 11690880 13970297 14749660 17832737 23001631 26628033 28450207 36340147 37341559 47612369 52276516 52870588 61150374 74225355 89384074 92593305 100435539 122429145 124156733 126035067 138249807 143285739 144072855 153643314 158288677 159443157 162294788 175712281 183982576 199732304 200509870 207818342 209095472 213673582 216635648 221160617 233899475 267797212 271380598 273168349 281202313 307229583 313696770 322559941 326886104 336247644 342759513 345564577 348782847 360052571 376118642 380952732 386888038 389088119 398566939 406624703 416793677 420456400 427802597 427910371 445879914 447585831 454896026 464083708 474499375 485220580 488441045 496470700 500548434 500852642 512223877 519078209 525879044 534242104 535736573 541832492 547072085 554112484 555451417 566252138 569891860 578278482 583972165 601004308 602169923 605021215
42 943802453
26331825 35537905 41386043 59037165 65759452 72049197 125077490 137255426 159666872 167961095 178459375 204424293 213965683 221446315 222873162 223293112 226199168 230986651 253451876 257195873 258129123 264633732 271416183 283849561 283965928 286035552 306243549 321362175 322148379 328199028 365424481 402066948 429924297 436409719 439081649 442892920 474709517 505254756 505784046 537207687 545048131 565146982 571155205 575850733 584043188 611224221 614298261 619674649 624814784 630801148 636857224 655460561 661677655 665918953 669204245 680151662 692821930 699046555 705546227 714334351 730579453 738509793 746948036 752309289 769794113 787781885 792354199 799186077 801233793 806404096 821460529 828162103 850275994 850640337 869646922 889009219 889506675 893229647 901028924 909232799 924404036 925223019 933484586 941720905
48 704109193
404851 2511412 9636525 10730190 33287738 34215733 37391789 45755460 54257683 70212201 77995246 82308741 84623625 100293165 131841246 133240936 156309294 167695739 177085379 197238360 204660973 225322671 250924200 257629590 278606159 282593893 285367579 289626637 299019371 312948837 318541066 328466062 334943650 336842236 338556795 351558180 352859347 375290654 382171261 382754076 383465380 384522623 400009974 404572009 417131660 417714256 433019052 444762006 475407765 477555410 482391576 491067518 494229509 498650056 501654299 508165840 508914353 509386603 515607393 517951590 519919755 526765283 534168111 538532653 541069471 545487914 551530394 554260463 558216044 558489232 561744160 563704876 567348358 567522889 584766724 587223196 593357786 608100791 610372534 610451117 620454030 620884661 624273353 627761143 632914384 637808244 646517001 656608804 666346289 669130063 669597413 677624438 677966555 683852209 686789490 692145677
48 774641085
29564943 35986871 50139646 53846836 55571567 64765794 68648948 83918971 92953702 94336092 112000935 117592139 122560254 128993701 132161576 139511758 187281684 188391103 194236040 194613037 194700013 207480432 212386126 219928168 227765291 245892950 251438435 254346243 264466886 272643936 272836894 276680839 276749167 287505974 289226537 295880861 295987867 321311611 328850481 333417748 334760414 342483222 343353988 350034562 356917677 360687476 364392652 395500414 404902557 408657631 427738560 430248468 430993722 434452296 436875456 449416141 449625416 459343191 483144361 485241856 485846527 496770144 500148796 502592118 511338797 520284328 521590478 521975742 525068017 525962219 529033594 556464926 570431819 572484371 583750077 586955937 590090913 595117370 596513491 602683572 606505412 615448115 619940023 625347068 647500465 654976311 655351990 657587130 664161518 667926445 674199958 679976195 688307992 706617154 708840961 750901282
49 608320658
3759723 7330735 7669852 9373123 9671535 13489319 20248950 22316029 27262578 30515936 33324202 40444851 40447081 41753769 45657325 53729323 57625126 66817972 67686225 72099488 74629737 79617134 81313653 85300689 99923151 109413696 109578320 117022879 124755498 138881929 142468402 144510097 157392100 162876027 165317806 166637471 167351688 175022478 183162680 193083609 193108533 194777194 206360122 222668792 226362938 226796274 238467776 253146146 264888909 266990788 270877276 273766049 281272777 289742754 292623225 307927063 308248572 314332327 314396528 318196342 320637355 328653910 329654197 348037261 349541810 353708801 354093387 355894728 372069984 373829658 374020900 377595614 377915725 378987331 384372983 397064936 397876400 399450798 402465542 420194361 423999811 426871835 428755527 457161679 469240345 504808759 505118938 511707008 516033145 519602968 529886904 540632430 567942312 586295617 586409119 593225780 606785097 607896749
45 929346626
12102473 23894368 24707247 29017528 29071869 38961644 39058941 41777443 117557539 130564689 134570526 147106766 148527362 157899595 158786608 160919370 170078579 180281445 184778825 185742744 185996241 205671862 216871509 260850572 281134824 288971598 298319401 311569618 317370490 336701799 342954019 346616868 359541981 361427383 379925177 387599311 393087162 393242841 418768966 427087099 431866837 439431987 459844511 467198594 472738054 495486253 510133156 514283844 515405430 522050152 522620371 534638373 535767422 539828834 542857833 561253308 568462987 593214382 601200360 601782680 608840719 617267701 641346676 649225478 681817543 682787929 705416265 709055474 728633394 732834416 744397892 753427795 788061539 795574597 815738269 818260521 822128097 826764320 829063819 833288324 834714414 862754122 864633352 877154355 883955540 888674067 898404881 905557037 917803178 919571350
55 775282778
6536640 8310244 23039928 35186135 43991068 49194785 59784082 64581846 65458913 76343054 78491073 87574962 97413178 108044140 113866163 124548871 127246720 128866627 131100390 139710399 148755644 150554261 159534367 181953545 194199796 196202801 205186441 205596211 207111217 209825789 211917018 217592382 226189539 236204561 251576454 260785675 265271476 276428672 277936438 284627219 287653235 291223031 294774563 307966086 312192331 312854431 326085643 330507717 331252609 356326315 358416458 370233235 375062368 386493890 396992920 411147246 411208035 421297142 442550061 443215958 444754508 445171888 453955552 461014348 468498503 471959276 487682415 490268000 492571896 496474092 505549993 506653605 514908711 516999031 519550216 525292118 528451914 535681433 538494232 545483524 570705101 572128206 612196285 621482947 630598081 646669733 647316555 648292199 652236749 652457078 654418307 661599132 666954482 668039901 674983818 699177402 710648476 720179176 729811138 732221728 733054760 733274164 740278683 742351384 744084081 744483399 756902986 756978022 759530293 764239505
45 781841915
26310911 38613860 56491222 58320520 60884882 61888778 65352081 69803549 70736869 73985422 76748919 84848434 86750466 95010417 102082976 108943376 110931996 113158326 146856375 148983571 160952774 175470555 177701702 186819367 201374755 222022582 222721443 223422926 231998421 247902945 254929634 258948819 263522039 275202509 291865233 348907942 352553616 357996364 361593977 363984697 379993745 381639183 384324224 401107054 419732527 421668842 428537793 436910020 448033591 461860388 464506296 466066808 468972182 476126607 476638624 482154802 496337444 501952830 522575955 525306468 540704249 553038427 560286407 560781038 576846536 590182331 606837676 611602897 614200325 617216482 633566260 633778351 638576748 640843611 647384647 656749034 672659220 676182350 690647652 700067594 700975863 706564885 711356133 721727645 730035176 732990084 733073080 746656980 760234706 770343490
49 849158814
8488187 49990305 67886261 73614595 76568534 97867322 101975006 103894114 106184876 121760589 122306208 130332090 131090553 138459559 177887518 183516124 192311248 208343312 214528265 219085873 219604012 233472149 240732660 242418034 260893989 274566385 283686047 291424742 305040180 316805048 320224435 335498279 340736584 348759302 352090525 365083166 379783863 385881844 388105608 403481836 406126632 414989399 417052756 436045215 443365938 456635894 459184396 460319446 462203775 468342304 471472554 477510793 481086239 482552285 486456642 493391275 496493072 508320173 531606739 535414577 552290217 558163492 577769678 577806964 592082638 630681825 634938081 639724901 644086136 646706606 660175023 662056276 667606413 682470463 690298652 692957336 693966720 696495570 703038080 706548572 707662654 722922889 743621707 745916882 765741244 773742355 776197402 780580189 784769473 789075866 792542854 792858200 793250175 816093752 824017468 825585615 839077616 841150289
42 682447389
7158643 26210260 26878262 37651313 42581861 43343836 47749373 50115880 74409427 74600224 103656770 118132144 129341137 133604073 144486729 150626550 157451991 176727581 177323648 181476984 197045372 198955085 206105707 211738855 212127938 216824814 217014265 223905587 234677646 245827283 246029573 253690959 258034726 271207798 279746818 290137470 292403499 293812681 294015147 294317578 300217598 314311505 325364508 330306780 337461303 394387037 396779979 398799098 415708982 434471476 459065975 460125252 460314875 462592011 469291213 472107637 472722196 479523172 484374026 492029190 493454195 494886901 504409432 507107629 507284488 510242190 538313677 548501283 566001073 576789019 603145694 611650415 618243450 621671559 631124071 636536013 638633079 648768883 651735235 655318218 660806820 660986509 670157960 672699580
44 583544148
28416741 28819220 30013600 31843165 34312265 43006433 64819826 66640608 68205428 69322050 73167095 74109334 91399855 100656797 109242902 112737443 120695003 125326786 127058283 128156486 135081896 158812377 161651229 183395172 184081090 190894764 196448621 197248123 204272270 204428125 211633014 212139578 214906653 224344102 227469121 240458534 242285507 250215116 256620166 259271364 265048961 273172384 285525849 289350911 290905062 293580861 305485235 320473400 321209092 329692214 338134120 340580077 355523946 358343708 369488401 371903932 375824403 376365516 383932871 387812435 395603449 402243388 408409211 427361951 435244977 455235839 464133077 465573952 467137023 479207725 484923414 493291007 493305625 502543042 502563728 505638399 512336818 512636360 515930096 520425308 520734822 522641569 545049089 561128767 566337330 569763121 580695422 583107034
44 675819218
2526773 4927156 6477214 7665864 7883310 12681405 18632834 20675760 23472769 27921806 28891732 35913925 42161897 42814074 67239740 76713322 81740433 85815563 87266373 92936727 103149352 128558548 137204674 139010396 161341371 172315347 179312917 186063402 188327786 191013521 192078503 218793123 227448348 250176444 269256679 270696175 285607285 287509435 315669808 319403827 321928820 322606028 325122107 331873187 355841002 359698855 371204455 375167475 383532591 386356854 389645788 403138295 403617956 416120514 422682102 423031466 423939904 436362134 439628153 441952188 453498698 474462308 478447778 483056983 483738193 487734491 488852951 492877282 507599521 519325991 523433219 523725549 526079697 528795910 532519010 545620200 549726213 553565728 554897621 559945866 572179892 602269066 608578522 613241771 635044563 641004046 648368600 673911457
49 625646815
653689 2854836 12249174 13658074 14357062 16452422 37096595 41135682 41402960 45369028 59270255 65811966 69004264 73778676 74107664 82961167 93837805 99935850 104154552 105088352 129015504 130080207 140790171 143244472 169377769 172910403 177376347 181737529 185917234 196080092 204706530 208138818 219290970 238531773 248688090 249139329 252714134 265388480 283548467 286169687 287840525 288464706 289946037 301538584 302456008 303608831 306033507 316435051 320555426 325290099 325618751 335434450 336375048 340493681 346462280 347685797 353425112 358241242 368716719 383430725 389846519 395371606 396908199 398031493 401860983 415675500 424661985 431446314 443498914 444391740 449388411 458783439 464236525 466599581 473908712 477827726 477955056 483352779 484659771 490142291 491274571 501622544 509970697 521494733 535973444 540894945 549916275 554351555 555353900 559685964 561148480 563603329 569019139 585668105 593738955 607393340 607625372 613305193
51 661901035
3525805 7804123 9047100 10431767 17499683 36775817 44712232 52463870 53982642 75926047 77663023 79872228 85417844 86065871 86487257 92710147 101694501 103510035 109310660 109751042 110159210 127954024 134902865 153595118 153787667 155277711 167891987 175600577 181493863 184900991 188427316 202254060 206887488 208933317 213011357 214164749 217956799 221753834 222498887 223057639 224771635 236023928 255410868 257938232 258256296 260511076 268580132 285386361 290291399 293202533 298321263 300216920 305304197 312160503 318239027 322368763 322614279 323687652 328026219 333713645 350295502 355550244 369270759 386756031 389927184 410325467 420181281 422954683 435589721 435852500 437035783 450132551 466884019 484720931 491521385 492483261 507135459 515712465 518043140 518122804 531981069 549147701 552123890 558740441 561311067 565216976 572225933 578369711 584417096 592073764 599346086 606581502 607071120 610000077 610946748 614875688 619750961 626472638 642972157 643897325 650159003 650444221
61 532574175
1490 10883149 12463238 17383716 18671453 25745821 30194910 30240168 33774964 37227639 47157868 53409951 64842854 71929753 73849970 76573597 77873179 98270793 98273849 99072345 109756999 121417451 124737602 130264193 137049676 142302524 142656008 145063901 152940544 159963477 164936838 166458213 176725041 176938142 183841189 191330360 193430666 197258615 198511008 203488942 205622187 206108745 210711519 211829145 213896910 229359325 230027423 236854510 243148404 244495722 254533978 258119021 260181782 261125887 261676812 261835728 262914307 263041833 265820470 277723701 279566205 282807983 285050851 287449424 287588262 288491646 293419290 298258405 298401018 314958106 319217594 319605021 320249890 324901074 327003307 336550371 337018073 339048889 354330691 355740557 365957437 366454099 371261561 371307819 372133357 373476479 376863519 385860317 391744400 397922539 399585862 406979030 407660293 414494195 414630287 415503214 417871879 431126442 438616311 444141253 446529205 450345360 451680117 456764696 458094369 463235091 474849882 476845491 477387789 477956478 479299286 479436358 485233321 485405143 489546433 491468368 495489593 498965384 516631998 520801030 528111556 531029564
39 688238189
9576304 11818232 15871765 25331227 35550596 44290014 52561401 58220632 69280691 78297572 84369457 86418364 97224169 99047742 103152984 117257556 131911636 147080263 148437878 161265604 177579758 180559360 203661198 219841610 239798593 243414417 258244392 262291137 284530586 311020601 351711608 352844848 367741188 370863178 375105247 376540826 388957601 395562264 400020455 403320000 405535892 410869500 418102090 425421858 430657733 445866164 450416662 460866139 474417747 476535551 478138743 484901545 498513310 502089130 503567575 507687107 512977842 518437947 531646481 532839984 542306185 546019946 556681188 564826135 584023313 592010160 613067460 635159439 635190466 637431489 638739377 652592612 653152492 663035765 664044090 667840790 681769054 684126747
40 609561119
4646931 5611886 18927005 24691023 31820717 53156366 61008778 65007961 79800410 86611924 91004607 91426471 95645348 96382966 100837465 107827646 112292750 128278772 133289101 161596192 183149289 190552833 196226156 209722311 224605310 229241277 241349270 246686975 248783414 254806565 259671470 265305448 271745440 275834130 286105126 286759305 303142228 309316725 310551882 311019291 318239114 326604702 327188987 327343676 331389139 336792681 338469795 349999171 355878122 357512342 368706810 379004212 384945540 388763057 401721135 402703531 416792292 420762141 437469231 453540467 474387334 480116181 489322757 495289313 508457901 511874683 524282653 526382516 539579776 551061964 565961936 585236832 587106226 587140838 592503397 600457199 603901007 604201171 607566185 608285659
57 557295239
797103 2346459 3677584 7937970 8735524 11580432 12278554 14665248 20377175 22363532 23641526 27058509 28746595 32629237 34266851 37056784 37101118 43985216 50553731 51826131 55353566 59014933 61751432 65986564 66434003 75789591 79093544 81716740 84794221 89291871 97907706 98390481 99169160 116855590 118606156 123025397 128097380 146920542 147335456 150366379 158360267 170143606 170676293 171740618 175166566 175753067 178946960 200302756 200484884 202097935 209755618 225976448 233571796 239566132 240162677 242437889 244180142 245223011 245232091 248805923 256373399 261703093 262263850 266827973 270404141 279929956 280652437 283582396 287793509 290397997 293083793 294927265 299398138 305933165 306189174 311052600 324926826 335288205 361843228 362159353 368887765 368947011 371804544 373451583 378499841 380439759 382957992 388179985 401138062 413095829 416452957 418246412 433983880 436312550 436587290 441464628 449489864 454969006 459284035 460663437 463403097 482574776 482711244 489122953 497993207 501185382 509268682 510951532 514384962 528020176 529774527 543568894 552856858 555679557
42 564197939
11554128 12513582 15958815 16874200 18916507 35942954 38412176 38843103 40054347 51615313 62000545 62057535 64402170 65784323 72255274 77714319 86532489 91750342 114158532 120409356 135614603 147747160 150818602 153144153 154095564 166261522 177040636 182010574 185411825 189411370 213976572 227712209 227979654 240937803 240953403 249022750 252151708 258943999 259823816 261371378 266934266 272485973 273248999 275109596 283243908 287618911 295019315 299620048 301906841 303285359 310733215 330451926 340453903 341455391 346225520 350722064 351214624 353128076 354251722 384907020 386214514 394840725 395593362 426860093 431948688 432595031 435939378 456008141 480127279 482158184 487949428 492190092 493195755 494360563 495148293 497116968 499469921 499977895 500627191 515473991 523170966 545020479 550060638 551978214
56 523547659
549825 5909917 9768346 10048458 17550152 18243400 27636717 29725379 40895098 41550617 43014831 43080265 44432923 49475738 53092335 54871892 57172844 60700275 64744674 67085873 75247556 77543212 79030093 84024582 87409596 103093014 104305174 105591801 105901848 105962883 115100509 118220526 119878338 124881469 131418171 141696939 148718649 155327025 163867979 163974349 167216563 170467613 180206331 188233047 201854282 203694089 204122100 204675030 215621367 217142167 219401090 231046281 231222877 237236328 239189435 240962410 241234127 245124500 250696892 266880237 266927394 272304088 276865559 278258039 291168472 291905202 292159851 293593950 297406624 303257306 308500345 339766355 340822043 363622438 363983707 364948516 370131187 377315149 383178163 387809157 391533056 392943165 393455805 394413111 397455376 398288099 407819720 408974563 419312726 420470360 429004656 430890146 436353469 441163989 442098099 443919177 446054828 457458481 461170743 462002041 472474683 474898865 478763249 480203792 483511847 488755831 499228848 500106307 504104042 504483504 516402217 518350566
54 978690574
6726572 8363829 10969429 25348698 42126814 69209610 75308507 77081369 80676380 90655554 118280225 119948424 141643888 149772615 160761909 162428261 201478605 210158435 219717413 224416962 224604533 233973977 240829628 245507179 248700547 250152594 251845295 253819519 259436996 265454301 279092665 279143009 282715239 294018574 296661082 297258821 307942269 312277288 319832276 344048015 369013518 369708244 374416849 386899181 391832635 394018105 409193030 412199033 425603707 427210347 441910605 459673252 460182720 472986894 477338545 478191934 482545226 485814799 490126447 522292748 522450253 522698344 524269075 527352073 536625405 541169237 545674360 563906772 569443958 570360031 571330766 579081838 593711758 601661886 634021576 642314607 648880242 654973316 668662328 687506964 692509096 693701574 694776634 706743404 722318303 766598548 770748894 804366024 804425190 812178353 834685747 845565639 858854173 867970711 873527479 881876435 896871295 897517796 899675380 902235274 905354908 927702623 934115844 941321258 945545374 969967295 970015200 972938507
41 880873384
4692696 6541883 8169100 15808174 21568518 64683081 71980999 93406007 110339841 116353948 117750874 132772185 137572062 152868248 163607489 165061944 182024393 188838690 216393480 223901127 256272470 263275044 284556830 293562647 317607270 320340344 327018352 334817581 335375139 338855979 339120811 342474942 353749967 358409283 361896528 363727581 364559015 380185108 384617669 402797107 413572121 414200397 426086404 427373063 437166991 440010976 455844106 505527428 513983951 518115351 523869469 525851450 547406002 568188067 590725260 594076385 597396708 597410452 606087975 622383353 637037101 654551601 663930343 679260883 689689123 701362873 702586989 707956672 710091046 733498153 748689464 778050357 778937129 799112869 799277548 818460564 820392825 839717275 851883633 852958365 862074685 863658814
47 688934918
19757642 31120196 43072965 44907411 57322761 62278014 77159671 80954480 82618276 90514827 90783967 95856851 101091707 111293417 138493319 167189328 176290309 176444191 188029409 204767622 206213054 219309490 221601482 224835332 226009471 226113017 231461343 234956976 238489654 254618777 262012012 262701777 263268343 263478644 279193785 285221096 293300525 295093170 302842551 303297783 321193074 324544823 332420425 334070841 335646512 344497932 346718330 347526506 354317145 354498561 364557101 369325381 371876693 372434203 377699778 381063404 383700118 384319287 395076223 395827142 398757534 406996355 419745163 432289644 435615867 468541409 488178444 493828770 494266092 495969122 497763409 501221031 509853885 513301438 514703793 517081095 538146122 555823389 555835838 561473148 571205698 580382477 589144872 593161643 597171896 608839019 611309622 617199148 621792007 649611953 664123807 671136931 682234958 688435464
50 996491808
14574017 16591983 24855009 46280758 49586006 60431999 67558944 90319989 93933468 98093365 98408922 100642618 102445043 154784220 184874873 188929812 196369996 226047068 235980511 236681069 248579546 276753278 286168160 299486347 300590461 306650389 308718413 310715452 323295706 343340561 346203835 356164676 367304301 377159378 378744742 395916860 398840816 405544178 433401896 444424031 445370531 460583539 479694837 485024595 485471531 489023289 489189591 490013476 491717585 515923643 517842828 522444384 522802580 523291700 524043230 538330814 538917539 548970336 549598683 557385053 574200138 578795608 582781061 590591325 603537482 618091946 618369729 631210205 631528576 641795783 646317864 646586448 647881850 650587995 652551065 658297161 662481114 685863888 686662500 697394480 702377730 703828499 713411936 720035061 742452169 749327961 771374994 773312072 845054258 856789394 867236396 922030118 940831514 948047666 954658534 957430808 960244517 972774854 973897724 974745918
42 631149725
8984459 20111196 33254785 35877640 39357950 57568509 71272231 77126165 81227096 89048525 95116625 105815753 111133431 120217571 123252886 123603078 131608333 134621393 150838163 155555121 161358657 165541874 167160760 173310238 180601205 180678404 182182325 185876054 186581030 196714346 211908564 238143352 243681461 251173900 251244002 251643066 257878514 266961375 272929793 282417327 290025996 290401843 299181919 305579089 306927197 313179740 319215013 327335918 332678942 367285460 381903510 383967917 394863741 394973422 400143305 404458235 411415945 412300317 413723908 432771851 432894404 435074667 438806885 442993958 463827242 478080152 505204795 505488322 509006700 525520784 531446737 531958665 532429759 535082339 535282480 547724307 547774243 558009503 583507437 591768375 600352704 611168985 617989314 624958039
60 989693220
3049953 22853424 27046730 30669285 30944800 33306170 35802580 45745159 48648509 58243767 75471200 89224014 101068050 103658538 105052956 110082326 111420348 118941946 134641197 136776615 142627594 145796666 150366378 158106885 188803527 197514624 200999272 201578645 215871375 217465695 226193314 261884652 273571083 279309683 280887979 282884104 287464623 299531109 311459071 314986659 331853106 335279839 347776804 376880377 378097260 379764968 381002086 386429787 386715686 401609105 406279549 406960461 412286702 462453409 478042345 497483990 499337505 511843773 514807086 520667030 521721764 538890563 543270825 545552701 558431701 567931343 572959366 590989612 595408217 607797963 614581178 615016904 615143754 616236051 620021833 620427318 628687521 630071331 632265738 647927596 649501044 655145777 655858308 661068410 661272811 666310549 675850155 678859599 700905981 737131281 750433679 752364811 758551765 759403879 778683493 804427269 806392715 810032274 814381897 816812861 825126258 840208688 845201671 845835476 865102038 869785569 876223788 878422631 884370836 894561899 895140275 915990252 919530101 924950098 936990329 943434497 954478409 972861600 978343486 981509031
46 701456425
16298477 27728429 37255065 47449766 48969793 56578897 66558509 71482015 79293008 96870382 102784429 103476768 112102457 130254311 146970257 153424242 154903865 156599066 188510516 189083056 205295513 207577301 214420202 220975399 256858062 260685931 273533169 276738563 283251904 297072706 304107607 320733883 338270420 338760589 341146104 342187131 342270208 344974998 347900355 353477702 357494071 358683309 373915756 393819476 403238090 408584529 416345133 422687704 433880786 446033990 448609668 458483688 460416211 462670281 474970398 490689563 501328976 501347125 509792698 514379926 517357009 522587801 545386911 552075959 559589033 563818515 578631831 579320273 581693888 582265911 584637038 584721324 588399492 589855687 590333996 591449403 601546231 603612159 605468581 608099512 614177526 619003265 629728019 632737822 639971582 659614703 660614056 674061126 678165362 681934039 694899018 698567766
50 736794379
3248609 7686898 7941376 11056284 26776570 28641098 34236351 43936132 52024773 54540584 68017380 86556552 88168992 93768730 100617662 103465657 103490513 113064229 119699486 126389145 146203630 149194789 152081197 153843757 175426997 201197438 201296242 215438791 226120784 228743147 230982135 233315544 244086506 262642762 265623038 282549137 295470852 303265672 312445411 319176377 325270876 326621413 336592360 343031983 346939643 358782257 395584455 400282800 410758924 421189683 423033351 423683468 424018467 430202622 437027221 445220767 450502463 468276917 470374620 473860842 478088608 480476773 491480614 492395161 495921613 506091146 506355237 509204528 515882263 518512022 524640027 538598154 540540857 541876350 542191547 549333016 555860986 578757161 582945312 604556393 604596829 615855568 616196249 625705616 633959298 636120849 636728823 636979135 649499474 658961459 669055320 685950946 689625991 689890403 696012398 701331311 702535722 705516771 712565957 714874821
37 845086832
11611983 16933733 35734881 35973559 36077210 37240043 42834941 60674712 74345526 75324340 77348545 81950833 84525096 88161584 93253555 101141123 104282305 106509890 111453617 112738965 124043124 126322880 128443844 136605844 152104490 160585548 206549929 206590045 213832843 215214378 241376452 252495849 269048966 281528426 284291349 293079620 312210542 329907582 342115298 343336851 347759124 348110445 356499048 368442335 413566886 439860772 452289288 455652610 469082616 491015516 501041323 506469344 516435919 519289956 526536905 543616910 547470524 552760230 588570422 588762514 613447736 624006300 626320966 688393478 705740252 718083449 736516744 754291479 759074773 764524351 784468488 804216013 829038718 837077464
49 686831096
14937174 32993218 33512266 38020701 48557842 61811413 64164840 70233457 74841733 78013682 82453522 89935439 90507227 95330647 95429569 95677146 101631969 105362994 110182708 112379969 124643660 130955857 148474121 156619447 163102766 170981976 172739886 187253633 196579244 211567964 211904745 212847782 214813999 216258742 222751167 230859169 261364049 277614952 292019668 292876598 294393421 297564705 306352593 306428809 309918839 313077544 318760085 323998533 340200878 340683112 350532819 360846654 367719331 370984483 376058351 402797004 411283042 430973318 432813296 435413750 442869177 446663829 450352248 452253658 462540611 464383809 480750548 481301093 491696335 497689815 514183020 532678958 535462797 536869820 540672152 541768755 545596417 570274573 571966737 581812612 588171730 593630218 599024670 616330362 616555917 625748114 637821777 646766928 651463854 651514607 652779453 653209018 663354970 663879491 673648689 677335026 678666725 685636784
49 757114180
19797854 20922817 21373089 26052036 55489055 79948613 81837302 94029986 109400832 111118012 119362807 120852263 144555326 154651213 156206406 160727762 163542879 175332752 180132619 182259787 184706522 186037533 189208572 189842251 203085669 230744198 237773485 261395803 272417343 273726286 278066978 285966907 295640019 297287963 315322720 318163811 318353549 342171655 354608462 366103974 385322475 385720790 393217624 406741432 406833403 410956318 413529680 414468018 415323575 431458802 435870544 439385130 441016147 443925962 444407100 454604332 477299596 480539666 484746324 493917611 497420339 514215337 522755979 525304934 525998907 528448727 540154222 543795993 545538117 548332011 554577617 565004241 576209414 577628597 578300542 589627915 591284880 596647088 606621246 612647910 626556071 627638115 646010014 654929479 662555378 664890483 687181253 687961760 694205749 699380636 700911708 704605595 723738566 724053524 726865762 735081203 745047679 748799332
52 651184289
844576 4270952 5135322 7240924 15675997 20090718 21558947 30519346 33199025 57973234 63195863 66495065 73191085 81600385 87864935 89471834 96706035 97501167 110245736 116007263 117326586 124988803 125416437 128973719 130703716 133829951 136267034 139988122 147067200 151153233 153738156 155866601 175195772 190191737 190693944 190971418 202425137 214600036 214663803 218938360 234847896 242525031 262936374 264649235 265957003 271354255 279888637 291858899 293327131 294050900 321803671 330971539 335807236 337991977 341856968 350445057 353369715 356588053 363435012 366701529 369076540 375534764 386675779 392787613 393166788 420750423 432396694 450152521 450239289 452785283 452964857 454671444 462121778 472992735 479520251 481590160 483878934 485174135 488064439 489913682 491450332 497893368 503858890 528756645 532985231 541813493 547439277 552040281 555300092 556474412 557544783 561644204 561734473 564660116 570349714 571297857 576902873 580737508 593281385 619387007 625215286 638393126 641317891 647490097
43 840121373
6027493 10918531 20822360 49119016 59782511 60830962 69822872 71832927 74847951 77920455 80334227 87606888 99669115 118529498 139524090 151385530 151769303 154614902 167294049 168616014 169741045 172925943 194470452 199813788 204252452 211017067 223403635 232476903 249722279 255470413 256017966 260896322 270271845 275028587 277373222 277690350 288642580 293690059 302061430 304176194 365358374 379806100 401625478 401898577 413031661 425091993 440058303 442248965 464266987 465446157 469765786 472286643 492782042 492985122 497844425 499693817 499871968 504161994 507713425 518316382 520835830 523297363 556014205 587589401 587700008 591324691 598229771 601427422 601814191 610825307 622470183 633487570 642258207 645126038 736256601 736365138 743720310 759407160 763059909 787390749 791817181 798994640 821699068 828767616 830451760 836200205
44 545976210
4663401 5137245 9785831 20087683 20721409 52281356 56726938 63590278 69319730 77039612 90138829 117769499 123172565 128449625 141560886 142406916 156519373 158148541 160414269 164816923 181569008 182841388 184243287 185105835 188309585 192135543 195610878 211239617 212306708 217417884 220176917 235464385 235613624 238973824 243697443 243959954 259186861 260054629 264295950 269934285 272601930 275487587 278121380 284598651 305449135 312580001 315203183 318886216 322612470 329621242 335651236 345442494 351415730 352858375 362989469 363952580 366239012 370808556 372313060 379402770 380541024 382679538 390468808 392703751 394622177 398887440 406594734 419032990 426558729 431664220 452409851 458585967 459818413 476499570 477498629 477602180 483160516 490814448 496415294 499422632 501115535 503510199 510021950 523664929 525257907 527573287 528370888 541178012
52 677344491
1008281 7139775 14100698 15449019 28977443 31275510 48827370 50825321 61633635 62215826 73385687 74043107 76825521 94211034 94216760 115858001 119148246 122763220 127853573 147413487 151919088 152365183 153599672 155988427 163574137 169862507 171831761 172030822 186325185 188933176 200612959 217528092 218303584 218600047 220376615 239771501 241960223 250796971 260314736 263517077 265991751 273751962 278368451 285783915 291065770 296958649 300055857 302075347 304230489 311152621 311298219 314475965 322630004 323111493 326876007 327657321 339492829 347531652 352968872 355675323 368511326 368531024 374970670 389539017 403632440 413968488 419469368 437885621 442111737 445706394 447192100 449034570 449127969 455059664 458638074 461491310 466872797 471445123 480481542 487446721 499458464 510704599 539079469 541842415 543909872 552298043 558014960 562964842 569169573 570114843 572893509 600756192 602600894 602601799 612927641 617986281 631102917 631604712 647093735 654325444 656670415 662153079 664177274 671253484
47 606493422
546154 5657749 10295153 20157588 21001135 26131297 27371152 43257642 45744209 63539299 70974491 77607726 81081365 83346724 85209162 87494867 90996443 101804749 120921313 123904753 127416793 128008307 133162102 146603286 147298720 154830050 159501123 170911225 174001322 182320634 184282328 189918100 192592805 193372535 193527623 195752726 199652089 212638068 234527616 236646760 241827750 254657222 255808434 260187377 265622028 269430104 277115536 277871571 278137261 278226360 278875112 299901025 301819212 314759589 319506646 319883921 320352297 325675593 349040613 370466133 374047374 380960934 383976300 386505927 388406300 400566941 408598305 432923510 439494754 439989233 448806638 460910905 464276011 478745679 482223742 490190480 491896566 498597513 520371617 520474008 521820520 523606766 525616197 532921699 538254856 540310029 548256665 548413508 558193088 562335260 576070812 586972566 589714046 595226594
51 981048683
8882899 16378684 33980747 41477615 48986644 54023870 55879294 56706859 57881758 58860820 63827731 65849195 66268193 87072722 97572760 99158422 103154010 103697566 103986630 107264647 125847430 144693221 146096591 160694691 167451980 171936275 176831022 189455290 202651523 202699032 203177272 215820468 239285309 247810132 248336566 256359071 256608464 285939366 290580842 290687959 300110146 301569403 308508486 322775260 335417089 338923457 341282127 384554783 384848100 401084335 407059113 418221353 420625846 435862433 441998729 476630252 478000136 479623576 494675657 508958386 540200002 543510299 545581621 548810879 554920315 579842042 583077154 585872440 595156447 599284874 610313863 610902231 624169477 640818358 649494115 653719229 658921449 670682449 680729415 704055914 723295643 747046225 754587998 756340589 776913454 792329565 799317861 813647721 828808358 833577065 861990899 866405448 883279679 893566353 911605831 937237454 938518202 946208410 949064530 952286534 953218796 957388089
58 695638182
11392096 19366739 23443727 26268137 47149300 48248146 48276535 56039843 59613867 63107025 67801035 68506870 69884903 72366178 76208151 78456657 98667389 110251414 113343647 117415899 128526247 128754676 130418203 134436949 149401856 151983995 158202951 177514445 186323981 187156004 199217214 212497242 226618992 227858374 241933536 243793837 243883598 247055394 249696071 252499450 252660041 260798496 270853189 287209710 288713648 303219728 315398093 324317557 328507487 331884835 334468960 335365218 341009222 341718052 342552073 342679640 348143740 356975738 371191978 373389821 377840512 383922205 388795244 399224535 399573284 404511164 416613688 422980314 428227122 440477378 459877504 462787524 476157567 491393353 491809249 495045805 496453180 498653746 500857870 509278640 514444578 516676880 524104095 527695340 529815371 541090880 541489566 542397417 543447049 547754750 552206562 555495163 556254829 557091823 558282838 568266732 572754712 581150969 582877051 595138094 597581974 598307235 599309645 603417170 607045464 613536696 642010074 661395926 662876962 668602456 668991336 674170305 675888279 683682860 684085535 691343904
41 532767396
1809315 4813981 6398082 25974030 28586429 32170167 34200213 34749415 35789873 57660220 57977675 59803083 66854021 70140926 75025084 78676247 84722886 98895657 121006541 128476864 131766733 132148839 132513611 135249651 136886507 137877472 151726904 153109374 159014748 173156469 173775475 175462945 178921053 182864847 184119433 189366827 191451130 193014244 208934684 238809803 240840721 247117754 256764564 258593258 266316166 268320258 271317942 273987518 300742814 304426838 309812019 320277295 336124588 337396413 342529150 356350282 359193682 367343214 369773313 374572812 374795852 376449053 386236159 393345658 400600301 411979001 413986021 418805487 421925517 434038422 443825110 445812518 450104834 451561289 458798210 468376238 487179104 490640360 495037813 512816427 524379313 531430108
47 588617419
23947969 43464213 49030368 53159907 55005484 55572169 64571627 65051814 69540999 83468829 89429356 100521318 102082384 103280766 107198241 108215469 123324144 132893116 134145717 136301510 153435523 157611268 159308235 159994389 161973658 171393394 176178374 178130720 180265748 181516857 182718251 187507312 189571808 194876700 195212310 199341887 202489811 212733218 214516605 216222888 227180046 242238989 247083882 254671250 256532965 270303871 273807605 278636728 285029040 285467260 286713178 292308252 304384298 311791583 315227213 325438082 334110011 336091651 346305222 347429734 354300907 370980793 377038988 386687306 387617438 388828619 392984549 404264380 417710037 420974543 422343534 423034024 427588110 428830762 431709801 432191905 451114750 474797036 476535482 483882145 513700719 519620476 531575595 543793282 545811103 547797948 550063820 554572512 554691071 559403424 567134997 570743968 578612998 584656572
44 830535019
16495781 28913381 37571985 50198114 61465550 64098118 66411195 88791346 131378779 137698229 141275588 142585372 148305718 153600291 161319912 162458896 162495297 176251628 182037330 217231699 217587533 218093606 237268178 244075047 246558792 251009651 255138810 256453097 261384418 277480615 291138457 292951923 296819659 329095843 346817780 354014474 356747285 359574248 370614239 394485991 408963830 412755602 412780897 450211159 475992122 476884508 492660291 497950531 540255082 543062679 551250172 554141865 583838346 586128113 593183636 596745043 600127234 601770861 603874589 604574870 609505217 614167565 618670198 624355046 627501535 637640549 652633878 657781502 662153300 667939995 677372378 678598098 685913538 692583974 699626168 708263706 725641487 744944207 745006895 745802392 756750789 761908018 774544766 803727639 815504404 819206046 822005433 828295950
50 728459868
11695130 13009028 20095164 30068969 30728772 48387620 57292934 77807765 81539918 88386622 91468151 97599584 100644649 101418783 105524537 109493509 109746342 120446357 125564449 131249197 131540229 145086493 156710131 157690728 158641680 166778346 169206619 178655240 179624664 210012926 217149144 220362671 221012949 221499464 221520275 223341376 224026839 245632071 246807929 247818384 250290124 256553978 279268391 285323338 295158582 296560924 298120211 299225197 299300379 301606516 304309320 314440285 316577993 325027658 330833782 334035670 336089279 336255344 339955141 364696512 369691283 380358561 384098391 427068169 438742404 481888307 490001222 501113852 506888538 520420196 528549910 530904168 533036903 545537731 559106383 562032482 564983771 565376371 567967402 575977811 579327173 586442402 587244564 592611548 601741563 607820667 617410598 618847126 624043515 635796467 636635228 649364218 652247540 655142715 684160127 709450029 709452019 711802290 714172973 725499825
47 942292260
6796496 36439157 89155881 89260121 90029440 99960580 106013054 125491949 134437508 158888842 165861029 184099070 185432160 210832411 214467688 233044577 253012706 276329379 279192725 287278742 288654633 290814896 293428898 310357190 314257978 314862925 317329712 319193797 321508947 332054064 339126482 341512114 354680928 361285467 362246034 364970905 375075378 399672317 404580662 420533190 422032044 430410766 431844806 434222301 445532590 445964241 454005940 455312520 464412642 464476128 507361229 516884842 518578615 523306318 554769501 574493609 577463098 578810240 579315509 606643027 608459619 617452088 633361629 634973749 679980920 689383192 695326273 707745672 714667333 714785977 748932093 758659187 762309709 766009050 768084957 787847142 791973030 799755678 810126519 829503302 844260635 860174818 863568359 874011333 882407605 887485332 888897932 893195436 895253901 898276320 907604962 923194576 931571675 940275065
40 581015769
2230486 13428389 27555595 45590977 51588302 55608889 66864703 75839797 99449303 107956283 116459530 117487570 119286639 129077143 131132608 133502884 145104516 146125977 151691625 155111075 157059483 177055285 192674752 214276378 218818513 241618825 241892344 242227102 247154801 247588315 253755988 272265143 280149301 295415325 295683261 296342512 307513251 307793382 322587907 324030392 328836347 337724466 341424036 354080829 360759784 362627317 366543474 373037592 373993698 374131972 385674954 386165240 392604192 392967134 409262446 417407920 419300040 419539026 420539718 423216149 425594008 429896589 453317198 453973927 460938168 468232036 468721791 474389536 488884053 491023188 496001994 502463720 508707228 509797450 528330471 528947110 539656643 540578358 541323836 563294407
67 764691980
10165146 18106397 25103962 32293726 43706657 46346892 49033141 50574129 61701674 74500581 82167265 85633722 94427450 98526980 100960481 106196863 108917591 135909239 147064424 150389607 183375020 200318398 211680840 218511606 219262537 221394918 228233974 245657101 266484313 276161681 285212255 286356017 292874986 300875741 302430353 303569235 305644849 307362170 309372396 310547109 311268873 313366153 316303113 324349609 330240858 351937666 366728724 383885203 387003594 389725887 393263466 402104846 416634474 419587692 429132781 441171034 441217291 442291257 442551625 445173569 461851690 466572294 471566493 473498540 477019196 486301203 490750381 505194447 505985303 507077817 515334515 518326536 520065444 521150665 523002453 524188013 534433837 536306922 541079609 548339352 548655260 552668238 552866626 561605469 570395485 571366417 589222736 589296010 591432386 593540525 594798320 624066583 624934133 629384735 638660153 639449935 640673682 640694130 642484675 648238280 654435716 656312937 657179651 667072742 667133761 667912593 670343527 671989467 672442161 673703127 674103657 674348181 677245937 679036157 683619837 686579993 689240650 690509773 693178392 705245559 711187439 714366509 724796970 726521516 728057590 729269159 739197594 747837743 754880114 757971711 758029089 760513744 762357444 762518824
58 510071704
1353205 6563877 8612280 9240426 11283029 14299957 14941040 18091509 19092909 27529269 58363813 62426554 64263570 70167385 70591552 77577182 84530508 84642542 89533480 102227622 106440510 109440103 111186130 112144145 123126164 124956192 127853886 130330219 132400841 135947607 138348748 144982892 145309330 150611016 150946841 152366332 152412772 160623166 160838687 163433411 174150716 177602727 179306901 186086732 187880871 191418149 193739499 196889652 198645522 206828032 207149899 215437777 215481493 220775870 221917068 223959183 224126394 228446033 237359144 246759739 250758304 251217160 251896412 254436377 262259797 264679299 266686955 274953455 280844129 282085030 284377905 285987564 288855366 289738992 293662192 298895143 310028402 314096295 316503287 341807556 345838946 347183916 359837525 360169661 360759156 361307655 373492011 386730330 392247645 395545786 400959197 402859537 408285135 409676033 410789470 413654635 416160544 420423641 423492307 425312132 434621106 437761997 440217160 440374483 443209832 445148822 450552330 457076577 461396075 466325922 471569549 472165334 476169765 478059403 478874898 504092369
51 898544881
10258056 13028572 19720713 26030357 27585657 44439228 48620038 55501413 57483887 60723786 64495511 73881472 92344098 102803407 113192233 120118051 124652955 147746602 152488074 173847461 181932449 196823435 198878218 204013374 215275305 230935915 232115747 232144926 234614868 237029545 261146393 280536259 285599043 306369482 321433014 323536388 326759564 329672683 337614682 344615274 361262533 378540477 383654692 412728875 433215584 462212236 462366942 462925075 465594725 482440052 489181165 507689669 509736230 518806149 519764254 526270852 544365558 545908051 553767361 564355592 570695095 575146433 577591781 602351875 603152286 604637402 604645605 611855656 617333909 622378421 625331177 626142269 627767749 630325770 632322931 637593225 665659445 690252771 697989663 699179133 703543445 708709562 709377771 710410938 715250552 719648609 727486141 728453590 738791710 746291168 755337456 770522208 786246461 793522755 806591786 820866362 834182402 861023495 862504120 868028374 884539124 888068156
55 767477996
489869 7541092 13520285 18411453 30786069 33323256 41989896 53204331 55396084 58281484 58858439 62244388 78059513 78667961 82618751 84641850 85405588 101984101 113745416 123816399 125228845 139094706 151291040 157238945 161859499 167635849 168010458 174201079 186185735 210554604 214019380 215928839 245717897 250844169 251768288 257354771 257755748 263833774 270316128 293203211 315407863 318198176 318884109 326356822 341511465 343178048 343904401 349978020 358636905 359888930 360296335 364859030 369091003 371342226 372908961 373808371 378896087 384377254 385722572 399021240 417202065 436234758 461518710 463036251 464050173 475645525 489489227 490242033 490900249 510118028 510973940 519189850 521224650 524014420 526890682 529905347 530611139 532365599 533795465 539126154 547477617 564832149 576293245 590566219 591025050 596087346 596234836 600208358 602255803 602366421 607339805 620121759 620249318 635607991 636693078 639301830 646829185 655527801 658724469 672840459 680985735 686383481 689028194 701900613 706268706 707096163 712231243 728025774 742742048 745040271
43 750493782
2712041 11899579 22023625 34999660 38317359 40924629 46942977 51906994 54668668 56208012 72603773 77797423 79032344 83360216 85001987 86934039 99936614 108712994 110078974 118763665 121117837 121410681 130393635 133086736 134144481 135594201 138404900 147652012 152505886 153453843 166056271 166390633 178496456 187672103 206025620 220824534 231347281 242061042 249452015 261360061 267922493 278192777 297396332 304214473 309503317 346127932 354130146 365136783 365496160 369170750 398436446 398567869 412700877 422841044 444121051 450668735 456476305 467543600 478382960 486551297 491290921 513575349 522961989 523385643 539576739 553352185 562438431 589586606 598420772 605769962 617392242 633137179 634379246 636183021 654605763 659519216 676385456 679206014 689995997 696176889 711569431 726261489 731138699 732257455 738253248 739654723
36 950654624
2695222 2897389 3670290 35244230 40749293 42409639 46341984 75530052 92903953 127023762 153932392 210032690 216018277 218436147 244220854 266498001 292849048 294025400 297293351 308686304 313367662 314456481 320417506 326183661 352638309 359510447 371634020 375370860 381032550 395753046 396285234 427540395 445207014 458493213 468452358 492112149 506890539 532217758 533905399 566270449 592713187 593092927 610544314 614981223 617838988 634849528 642076623 644388518 661784734 670018849 697526822 700560161 707285153 713678331 714729592 779845469 810616546 810958597 813590112 822921128 828972222 837691667 843114756 854248839 868860321 869989702 907748585 924665804 926785406 936667191 940404294 946851649
59 914650336
31750057 40891614 46867208 59098793 63822900 68070717 69747587 75937731 92413543 93374799 101958996 102894179 127140641 135099189 141296103 147803950 154532727 166986081 171828556 187555001 192880299 200533498 203204243 207747542 215803416 229584103 230454435 248344880 254359489 254746061 259078619 261080686 267903244 272411174 274017318 282935291 290523840 296125375 299182578 300783012 300896621 303581761 319048048 325292807 335281776 344874837 354531208 369546832 387198216 388762830 391579583 397116086 410181518 412904461 426208744 430481483 432866715 433058619 435539416 435942326 438338045 438853840 443590214 450915644 460221537 494818656 505461101 521283112 531451736 547939864 558425480 563268231 574973559 577289445 578088959 594289057 594392310 602244136 610497118 618956252 625311313 630415704 633950812 641103404 641955725 646057592 657484749 660172700 674425121 691688899 692295192 694626596 713956793 715303907 720811760 733254006 734534808 742456633 746358082 751895161 753455602 760928112 766506284 768842779 775444173 793449790 798149665 822127016 828008323 828955060 832591885 855170986 856434957 868409438 875349655 887454314 907219466 911855435
60 834501655
7316280 20478259 27728129 29119155 29936953 43821646 45040147 48266532 49718343 52132593 60729123 62300685 73272274 77431973 91133885 98919179 111181721 116753799 117263400 119684621 131714279 144193453 144711403 160760611 160923079 161763607 166173826 173769427 174780229 199411169 202213644 215643289 216069974 224583444 225449200 239130874 240172934 245357794 252296866 258454520 264386613 272241935 272514820 282693231 283571082 284148295 295379551 296419075 319522645 331396299 331482650 343985795 370803296 387584142 387770897 405915728 410309031 413671081 416532151 419299250 437539410 445340401 455133647 457228785 460649577 466907396 466986710 471520267 478565699 478896700 480728917 492292265 498981151 517433227 520460298 526791422 530600156 532436704 536683626 554690937 554704503 555958748 556026335 567980702 576931884 578814308 587214456 588014315 591632392 593202006 612104893 617464332 621462465 624690113 628687726 631959558 649335511 653848582 659450217 661656697 688476463 689183716 693457179 696805538 705389430 707094847 708578809 712448749 715531850 740967199 756873928 764479803 768061962 774741481 777395964 779138990 794932310 805902172 814885374 823384111
53 887339442
2228666 23597858 23704595 25270851 26883640 29749139 52953119 67736217 68529746 77808519 96390275 99435637 100438929 102237583 102724893 103738874 112993516 115198243 139154777 140742979 147880559 150531955 157465105 159713675 160927741 167915308 184265231 191286628 199690917 203859739 212385951 213278144 238101295 238207697 242684092 264998836 268378888 269612753 272282390 277324901 298368160 316773615 321145594 332294278 334076736 349081969 350972291 351492252 353420198 361062300 371777977 384224200 392777132 395421214 398036435 401647646 410867003 410990555 411435064 436174660 438454459 481727758 492460741 493260802 499611219 511412349 515748775 547027909 551194380 571463554 572046646 575057514 579248607 582671552 598142906 606701571 607611248 608346727 614049011 634004936 640713945 662203121 668815650 671597602 683280271 723940716 728578257 729153113 731562694 748142161 755925771 762522624 773961039 783213543 784965360 788623094 795805724 796232738 802527581 804855722 828659524 833109906 833581900 848142807 852460024 876792288
48 634102468
1271205 7580218 7624660 9561195 26757162 47154273 48160439 50679213 55168360 55378698 55983412 59708052 61981374 65037443 72539616 92410537 102728578 108110781 108276983 115045551 117657038 138012885 142718901 155359410 164024259 170536461 172414975 178996731 192329089 194375854 194511605 219494156 220142588 226425862 239807850 244933601 250764316 251144953 257455964 260464613 261621484 263972666 274980363 283716243 286735782 291475078 296534910 297562859 301680425 304385581 307423492 309617938 317705166 326104087 334573143 335617276 338238219 349552137 379891141 387030756 405516425 412836359 417740032 423468601 429255841 430792351 431949234 432061616 438440511 442035550 445130630 473787672 476448370 476592982 478215498 479702291 485076746 490967338 499998292 502658609 503333490 506934313 520732821 526785953 527310024 543526253 544675886 544887611 553162741 562241811 565741948 573131212 594972428 603080410 608420624 616688896
52 795158934
8996551 10740267 12212710 28364599 42274977 43189633 48330576 60952547 69062931 70380136 73590888 85313291 88266383 105083175 108132614 119818253 124147781 138706203 144592130 145128184 158635119 160345367 166451451 174116011 182560254 190249337 194916673 195448275 198989862 204635776 211143266 214133397 215614525 217210030 224030151 229703192 238749213 251901387 256672351 278184438 282144954 289714145 292058577 318554748 337921585 342342268 346522751 367490393 382437283 400987502 401683969 410835836 412213979 414553783 416710378 417631941 419107524 425966393 429401151 429601612 433608194 434510868 464470320 473000967 473233190 476362159 499547408 500406104 507202575 512588101 527132109 539536484 542042409 547291315 567926557 572010912 579360738 599576572 606162732 609668671 615150435 618478529 627610948 630756838 632638189 639019143 652969353 661184460 663273187 670684486 675481754 686444756 692215335 692787277 702745808 708660100 709582649 731682404 738466992 745746897 757199635 763543941 783068635 784510418
64 505490822
7921705 12545116 14906371 15547798 19758626 24573175 26429313 30667799 34628235 42602183 43018969 44058982 54953005 62749167 63111245 74363438 78124099 79783766 81634500 86317861 87340110 88368268 89608510 89755352 107792415 114022591 120666294 127298448 127930136 132279835 132879320 139178505 139550310 143630390 144510134 146899681 146934224 149418805 149480608 150962745 159579374 166479971 173798633 179867396 181145678 187147940 187853238 192766153 196643244 197624648 198129594 199346351 202486299 210485644 213546116 215891441 219599981 225539436 229880355 233709645 236254323 236781504 236932999 237702025 239515198 241519667 244985296 249128682 249655131 252376328 253975642 257788721 262505975 264904103 266177541 267563254 268205776 275070461 282595915 292136449 294047578 298390352 300971608 302495764 326645252 327288653 327468971 329843059 329910152 334876014 345698406 348559353 358819776 368985307 376129977 384287608 387746691 389855831 393375769 398505763 399418651 399586632 400824567 413330385 413772087 422842994 426670011 438033291 448143857 448588996 455278343 458035654 458620162 461853886 466320380 469421822 469847866 470225673 474668351 478950978 481995268 482193390 483829269 484754317 487467648 497003861 498663056 501751607
59 981033180
3481427 32942068 38840518 41139234 41428383 41869130 55622469 60216467 62614225 76177924 81724028 95047714 97852066 108329731 113605160 114049579 121739453 139110250 147753721 174042406 174202177 179785942 195042332 196869293 206607556 217155717 229790773 243202336 251280039 255809188 262920603 266916129 271180613 271729547 282686420 283412833 287941656 296213870 318973592 347610624 353387570 356097435 357720443 371348191 373902768 381586117 382102181 397767022 407283936 414411087 417474433 430315873 432202191 436886800 448013826 452078782 452972259 459806687 463263388 468691711 470655596 476815838 490372006 503265390 530951021 539044970 540810651 543168256 545210082 558453423 572241618 579688791 581915516 587451897 602715517 607795095 613133160 621678121 630519388 634142988 636393114 639168069 640910961 654636052 657903468 674629383 677274007 708482599 708613340 716348541 727563740 727892586 739267220 746526505 755741167 757416784 770796719 786367702 788701211 799694190 804282559 810076523 817478000 817878731 825442528 831818911 858007135 864559793 867047857 868643430 930789221 936507805 953743609 961563176 962736646 963087715 963855097 972447390
46 809877682
3637126 25623985 31357486 37683386 54621596 55625351 62843683 74307764 80970385 94136024 116131863 116718862 136607525 143264227 155246520 158565808 177569413 185555637 186315354 194851613 220012514 230099305 232033856 245958006 268962887 273633466 280433327 293350515 295565352 302598679 316391436 324419239 327931953 335015558 343854443 360251348 367328395 368885043 379409285 381833753 389476703 404194761 410793350 417195054 430467710 437026003 451929472 452737267 453578227 454185721 474394674 481041155 482433181 484004046 491772378 505336496 520023517 520501007 527509376 535343963 545962735 559051878 563230072 570014757 570885566 572862872 578004758 581184682 587538857 587942768 600256398 611963089 612793003 619070057 625584068 633159595 634001622 636302976 656626195 658649413 660136919 667486276 674315376 677436803 705547842 707443127 714601963 724285039 739992241 747346436 778181337 805150054
52 919589749
4779753 11413497 35057655 36736988 45006399 70128670 75530174 80051045 86297107 92680834 99346871 117821626 128275497 148705772 160571856 160753559 163199015 167173437 167671052 185100697 199420925 204627193 212166207 220000115 223239618 238685123 247764072 250316171 253084577 254669465 255833933 259371747 274500777 289554231 290330038 291467205 291645409 298972223 300191222 301949164 304860771 334387794 339105621 355457908 358978606 362252989 371770139 374944534 374986077 408850961 408931445 419845723 420673721 422090769 444206710 489319765 495981787 511047649 519224584 520131866 531590012 538856833 544213112 550677743 556973512 568628163 590316169 596193172 661418345 676216023 681745341 682351296 696307550 696993389 704904499 710749634 712824736 737920462 745964858 763045664 764805667 765021474 766341173 776406880 781119982 791532247 799204087 811545053 813221706 821128184 821935920 825028971 833121916 852765459 855381525 858079043 858432947 860884051 869566533 885746986 890474444 891211808 910021753 916303811
40 996804031
35586975 49796555 62612450 87939252 102583455 130556851 139575560 159135842 185803394 191508506 201517538 206937999 235070206 241741651 256540593 264056983 269183187 270287421 271603481 273450616 286376827 290368334 295451127 295511588 310487944 325660103 327477469 356318741 362797607 370946645 373286048 405480936 408072694 437709388 446587814 456408963 457697541 462487983 480506741 481399845 482084004 519308781 531009220 541789040 569928173 573891959 577690160 581368265 593183873 606962089 640480151 647411877 657110880 666419995 671951660 698154632 712612679 715154629 753728923 753971644 772647449 778244195 780418339 786583383 787277081 819822706 820543333 825309099 828669936 832105619 842217298 861344064 930522926 949674277 965733763 971548134 973670189 988567813 995067931 996523453
51 561117966
13768756 20323565 22371180 25014034 26661548 31368710 40085746 53813826 54040112 57649124 61820770 63186701 69460344 71623688 82033800 83239230 83415245 85936449 89869186 97745813 99613822 102287585 112255553 113878699 117638064 118421280 126132072 127870083 131026360 134797668 152693565 153369666 163644271 164368087 167511337 169812614 169958137 170859073 176103129 176159554 177598153 182249760 182448389 184264123 186933794 197346342 208919055 218610750 228268719 244889205 245369948 245533230 250023695 251532670 254415634 257933537 265237535 274765193 275038085 278064685 293591171 293698236 294248461 295871118 305819380 309498897 314575518 317081947 348107170 348406170 355366466 355802948 360209000 375887779 381002612 382340445 387545965 395857555 398443230 401917004 411534962 412454759 412528993 413577120 423810448 432730139 446460028 453142541 457127656 475740863 476123944 497879349 498991624 505864958 514135368 515621759 526667737 527010065 533065648 538413620 549160160 560088035
46 900287048
32911912 57207554 58952401 70508794 73638735 77948088 89910072 94815858 103600821 112921145 116810662 125633509 129510145 136511780 142460236 156467441 165433624 170995704 194035436 196014947 196284748 254502806 284902120 304600490 313426810 319818252 320611609 334754816 346122358 349961736 351726751 370325491 382615943 385155542 387284187 399833298 405607911 407588271 413784476 415664073 415692126 420341381 420603990 427537075 445103316 459531208 464025844 472701018 527494480 533945105 535495502 546677454 557400274 559128756 562696609 566416597 567355854 570078054 572365250 588829706 617582504 617689985 619425260 622331994 631752286 647294042 667997302 669651968 676474398 681403646 684906237 688419323 694362258 714864413 715454277 720651639 733646961 734945977 742665080 742943781 752922570 756967905 763771126 778610798 779910476 780931440 809566462 823347208 860253516 868426646 889662674 890494585
46 601772607
12814100 13433728 13519595 14540541 27017772 34518837 38223158 38270237 43947565 56073859 58504767 62423762 70481332 81107539 86099472 86556476 87799748 92331698 93904176 95355918 106119162 117256135 122184428 122605016 125196180 126269689 151580224 160408470 165391960 171885466 173313352 180940501 194733127 208880556 223456078 241546434 248076343 250227107 253328188 260760251 261182819 267889026 279233465 305024332 307335253 313922168 346087363 348918319 353508513 355578236 378895552 381659123 388061679 393680465 396885179 409959407 418707271 422464804 428636160 430249187 434034275 447128474 447351758 453769804 467711093 481026868 485351125 486176473 487787628 490085870 501489708 506675930 507168006 510149896 511790263 540746458 545943849 555312371 555564896 562472099 564402311 565588170 570373615 571565933 571860803 573942320 575578422 577230387 577411899 582304058 591195261 601570424
58 795122625
9926179 17164934 29461087 35882861 54779898 67925272 72931460 90164611 111556416 147954182 150090491 150184470 151277888 157995712 161397068 171646648 179632994 181776839 222826306 224711506 227142620 237596902 254093140 255366356 256437647 259942123 263667574 285309432 296770807 302100179 315129191 324458977 326852101 328814507 331779848 344383394 349278479 351641399 367169771 370670069 379839587 383482459 389956310 397509262 397667334 399502215 412320669 414048221 420494954 435223442 437868839 442547051 459920609 460691040 464271441 474855402 479387406 481492949 489368008 502688753 502958173 512766225 513029528 520131390 522775531 534421976 580833337 583241416 593599513 610905649 619990973 622578945 624549347 625842010 626915648 629340157 634304310 642791106 647296892 651995683 662010493 664554407 666807032 671539036 671718031 673624899 674663510 684456424 687516813 691959397 697141692 697457274 698967520 703121350 703261537 703889872 711473516 715505114 717900042 726939066 727245789 728035076 734942614 737422096 755137044 755514232 759575869 760937948 762223961 767899961 769350768 773503574 774919118 775311527 786619722 789759360
54 843759746
2774423 4942578 10926058 12753294 20656048 36351687 39371058 61043772 114783649 125609416 135440892 135583784 141394014 169214949 169685160 178075748 188421669 194210648 197942599 202664000 217318677 217720852 224302463 224569925 231744559 235679690 239292988 243152986 256172927 273203683 274439548 285183472 290034946 311588777 318260864 318433704 323121246 326629636 330978867 339818911 341819788 353786063 359264223 367798927 368452846 373979104 386476077 393340907 405296661 406756369 420820686 425375713 426566064 430697713 443596335 458034484 475448183 479207713 481039693 484654948 494258618 505488732 509319824 515448724 519600874 540987469 549981132 559973059 577020665 579048745 582034234 585971271 600475361 619856207 627259307 646694891 648095880 649595938 654849957 661257363 670298776 673845213 687532909 687797869 688251937 691922408 693521693 708338800 720430148 731899471 740625162 746614030 748473564 764588471 765478717 774500557 776180920 779704752 788850093 792076690 794866776 803855642 813260130 824378109 834211793 834559070 837032707 841068174
48 997043667
2219419 21655638 33630215 46022737 47278036 59724086 74734824 80120664 80400447 105904185 137338439 138103180 138609231 140500985 141243403 183165929 228183210 234687418 251519588 272773927 305530605 307490147 312365501 336767297 341852737 346811636 365351073 371893905 389146545 393370166 406555664 415543357 421469771 460744710 469800124 474456426 480465303 489693868 501030146 511647118 512919406 513315393 531634422 532557329 546104130 546571790 556692529 565179949 566540649 567166417 573551962 576071034 581756155 583123825 587403145 589389202 596998227 620802062 624711751 633008816 635388256 656383359 659484503 671676829 688880853 689951729 694282620 704497740 721171619 725035823 747456165 749725017 764087926 781009813 793032198 805142114 812604997 853254426 859098360 861649428 871230739 879303940 891621386 891923104 899981934 902852925 913630900 920608792 925073544 938937055 940985730 954061881 957814191 957819360 981547324 982862082
49 816131151
589368 2532855 30321497 32063302 38722098 54602686 68540705 73002552 92810741 104747627 116158110 118283017 126635594 135537441 141019485 147271794 159495569 162293440 167320404 169250161 174413539 185402528 198231266 210640456 223848255 242798822 252759796 252824666 253846390 262697514 268510839 275800198 298587346 303990368 305766537 307113831 310040234 315608035 334382836 339849025 342958126 347037074 347377828 355492624 366625043 369316173 376215695 382511364 385314887 388867326 406879075 411276438 424104645 426801158 445587446 446613606 463389356 473245093 477514389 480301270 485152654 497802640 509236015 516157033 527586284 530146832 530535566 548297044 549631390 557163888 582787852 600408301 608428753 624639850 627056592 635588481 637171342 638075201 645866205 651888494 682926753 687736348 698446797 704798757 705326997 708234321 709395153 712593009 724149656 734197454 738351286 741015612 749067283 754585011 758032839 775937292 777806760 799584200
56 646104405
14341869 15605863 20464282 20531514 28345890 28574741 29943674 32873589 38294483 39055857 40745885 40931051 52351145 68743026 72118557 73888812 78467639 90344489 92884537 95619325 99326342 101874207 104629364 124260340 127668628 130686110 138818527 138987715 143145115 156270232 179105103 181634922 187624716 188469585 192527693 203772021 204762161 210596096 222883417 228050667 230653172 233491788 244825323 244904006 245788377 245867822 251266376 262474201 268616761 269665193 270386473 270553078 277035853 282388035 291570842 293912464 294469638 299153735 309602559 313096158 324010254 331352661 333933604 347443559 352325634 353785124 363167687 377316237 382744834 391804783 395286566 403238532 410352674 414148347 428372626 429397362 440072751 457648584 461628538 465003459 471385212 480056252 481730551 483684464 484762018 486020666 486288846 492321156 498130078 498458863 503158589 505775689 510913431 521840229 523901192 531235305 533366332 539543813 544436276 544990059 549009034 556224518 556507486 556537215 557211154 563459640 563814458 573272950 584843163 605262354 627696030 641773775
55 874137598
16010267 17573880 18470676 35661577 66517607 67036166 81220342 91632239 100364425 101613946 116781595 141367767 152086431 159597298 167575365 195025358 196296602 204545506 206871808 212069605 220254039 222208335 232196722 236091944 236858408 246617242 260471138 261714915 275016530 280707668 287049593 291334407 299255208 299323036 305803523 325803740 328033904 332036340 339610920 346980754 359104829 362968254 377102617 384397611 384654131 396898419 401624983 407892370 415781818 419538381 425742663 432456866 433140382 438344482 457532762 472926490 488910342 491596978 493233183 498279646 526162039 530275324 536683722 540934593 543179171 547973612 552948663 564084682 569814680 578773616 596918586 598723024 602518999 607245163 625737469 630337834 636452301 651271445 655971281 680662834 683963211 685146701 693957628 701779913 706185032 710033586 713207697 716719140 717223480 718054574 718243482 719240135 726743088 731592506 748030135 748130049 762792802 767146513 768512585 782773104 793975189 796634269 800957393 804350391 806052297 807267891 820814532 840488818 870428539 874027827
59 505436926
4005530 4675841 7394174 7760571 8204388 17769779 23587798 25719279 35794848 43596954 43839635 44833810 47762541 47821733 48970715 49414070 55215151 58080799 62137770 67220586 68004653 82511696 84156968 84954145 86641030 90507830 94184011 104151744 120128115 137283130 139895800 141976892 145744094 146571311 160726415 164034568 166878902 169075953 176329306 177990481 186695116 191551662 198238375 198786516 202342055 207963875 208828369 209403495 214156021 216219188 217884156 224276252 226443127 226516276 227222683 231734734 234628240 239209940 245812449 248571247 252368003 254349420 257234205 260489749 260739755 265897370 266490271 271126826 271220432 273455462 277243833 279256582 280858473 285565306 297674145 305554572 311799568 313852745 316308152 317001832 330844535 332897652 333228280 335466130 335932589 337517106 337699692 338344418 359071949 362823483 370508099 377364539 379463406 395726306 398143873 399896213 405075924 406864167 407768211 417740986 421299875 440599011 443724886 446591590 451826089 452933104 460232279 465786065 472225362 476400111 484988881 494888492 495337251 500064157 500905269 501018127 501554478 502532578
49 660968999
6942222 12003644 22243639 28355049 32057899 37070644 42613490 45358349 46187036 48530441 52732402 66890317 69146554 84458219 111829823 115565192 123163714 124747053 131741689 133164230 140043198 142853164 149135003 155637781 157639877 166817762 182277538 194064626 207850282 212827002 215021135 222611616 238987107 244473453 248756551 253218958 260435831 267937821 279108926 285365193 290076962 292692773 297259838 299112208 301673195 319956999 325176433 331755705 353395420 358340669 359237919 364138420 376026725 376368555 377138648 386963197 387361524 387894485 390228708 393089111 421721682 423384266 429271376 430296080 431149026 433064935 446280977 459971582 469941840 469961290 475316252 486397673 488904442 509198266 509690888 512861358 513568262 523703794 524591267 532374577 539315911 553551058 560820701 561451606 561943767 563698934 591659548 596346962 599885610 605281366 626977749 629458714 638204985 639155247 650684127 651831935 657682188 660809777
37 837475153
10533695 15187035 21015665 26360211 37074538 49878665 72902862 74117740 88303975 91163650 106308462 120905387 141719331 146480118 147182537 150994302 166165765 187092943 214978885 221602502 224537186 227210765 246399506 257363743 273718091 279744326 288911554 305701620 309367988 348151022 351888354 356356449 369470699 394801185 438634666 445171675 453054428 457076345 501122804 508786757 533875437 537093521 550474786 551948995 562188457 582570031 586538308 590901401 592989819 594542762 601307746 621839435 622350458 624951986 643452345 655443983 658188941 667403403 682783876 698518437 700693989 716815420 718744460 724176839 724678869 728576135 739832009 761680722 769976573 781359160 811039372 816442254 817397518 824463580
64 908119537
4395297 10366947 24898660 34660172 42912437 59051598 62136150 63625700 67929481 80251125 85683777 88094806 108335313 119676075 128942750 138645948 152187541 161018776 163209955 174541406 179822984 187311058 192962845 197629522 202251673 206935761 209459985 218863692 227311514 235619355 248496625 250568995 262545938 262850944 278798769 282211285 282340176 293241880 296780243 305830338 306492229 316382699 319291468 322957545 325958058 334267467 342557787 358506317 377106686 378878902 379722869 386986790 388930488 396542303 407284464 412184517 417915476 419253363 426643248 430575688 432965925 442550975 453721285 461185919 477114897 483734410 530501301 531121466 537132364 542307856 543520457 543770913 543994346 549409869 556603597 557055505 566018360 566499239 566562528 576626563 579302083 583406907 597013818 601305788 607235241 607266705 609082207 631013567 632545458 632668059 665314890 679175542 686527190 688145258 702031073 706730208 708160352 716337745 718799058 738780741 752576471 754030117 768037825 790323198 796002391 799254394 817647452 819038640 821124060 822091799 838952513 851679562 855478575 855773919 860292988 860644698 862854424 864684175 869273815 869983833 871122185 876241566 886667136 886822918 890753214 891623785 891818458 898291546
48 609434959
6100273 8907296 9313666 20559278 27195039 29824606 30864166 34296549 34486244 35054744 37456696 39728137 41504220 54369856 55587199 56272237 56369151 57203899 62778567 67540807 76089641 76335938 80043641 80427853 82270105 84562290 89104964 92042603 101479423 107372485 116673800 121137650 122684758 131585950 136858027 145535684 145626783 146984793 160974087 163800274 164839531 172352354 177860867 178554780 205847704 210477556 213088272 220634888 223601497 244545115 245724203 255729084 258953270 260819455 262155890 268978142 269801017 277150777 278235505 281315575 281742504 286152313 287379374 328870585 332051597 343303584 346352396 350237633 360689674 372995485 385704664 385745246 403087919 413833729 419261562 426673333 428557313 428931615 429902466 445635405 450470413 452138898 452856863 458095502 485176925 487455384 497550758 499117636 500782836 509400657 523016582 527609451 562194028 594407122 595177054 608254007
55 670990042
5471124 7396060 7893257 11147670 11850935 17633883 30111342 43114285 57864329 61480907 65592042 74501897 75440475 82375389 85031971 86777140 92219242 93695550 110761821 113469766 114220980 117771865 127547839 128200773 133586169 134347119 135097741 135296918 166592123 168960245 186122832 187823042 195009991 201156534 201182166 228081716 235149916 238390432 263725871 267701435 272215833 272336970 277492544 279502741 280867464 295675675 308404276 319866769 322643414 330822811 336016014 338308497 362893063 367307771 368489913 370965990 376411264 386389055 387067347 403695173 404118888 405815133 407092313 424984389 431904436 434884747 436384993 437983782 445852176 446678517 447475838 450678529 452248162 456908170 458486592 459340616 461956354 472896040 475569718 485966886 487075157 487728142 505474781 508579726 512263465 521411514 528569221 530448145 546418464 546533349 555727351 560702325 567393893 577070669 581738832 586227902 590465197 594895062 595732924 602525933 604096448 607036468 608821082 618751745 624343826 627002309 627607207 647554528 657007114 657736981
46 529202668
10686371 27376830 34770589 39048391 41892789 47210977 57332635 68719209 70584704 76791730 81622482 86331029 91388504 91845275 93178112 97770742 98441126 103386956 104848712 115365693 117459859 117986806 119823342 126827556 128644829 137410452 137744586 145092449 145770233 164961286 170318634 176470852 178521944 182758901 193581716 195034753 205554464 223615170 227657805 230531191 237818428 241322657 242279260 248798018 249525713 253601162 254023715 261274905 261866730 266444709 275632937 289326796 295839963 297126747 299376967 300593509 304236033 307356525 310532350 313353733 314163931 318630930 324209392 342669219 347627690 382104489 387782783 403608022 407915856 409102208 409811126 418679004 423293456 424306391 435268274 442378797 445204273 452378453 465963768 471604111 471889490 489315772 489323153 498648097 500572850 502895779 507123964 511034394 515519851 517617464 521888035 524464352
55 531205428
377529 5682132 8706685 14141388 20976286 33142503 41779387 42169361 42651586 44216225 51567217 57598780 58278198 59851913 62709830 75815682 79545626 84961851 86048925 93313866 98891429 105063571 110275099 118830046 120960431 122505088 123234967 128584175 130240960 133773236 142053285 142883492 177079295 194912177 204922450 206280221 211259091 211298095 216049797 224843215 225526496 226560635 228822644 232758986 233301099 235049319 237130831 239057331 239619505 240868256 245301849 249001176 252405253 257854787 260720906 268476874 268666795 273898910 286941388 291072794 293436792 295202040 298546105 298775323 299565731 303417197 308513151 313705763 317304339 325129730 326484265 329743064 336957068 344320266 344777075 354999584 361942731 366224938 368402985 371262612 373025979 373208888 373349888 377063202 380645417 387707267 391606557 396108204 405558895 407981074 423483071 428144794 428229728 435183053 444011016 444963620 445105237 447264545 449266031 454935461 457760510 460298103 466621193 475435675 484386834 499588132 500401635 501463865 502649576 514956319
50 859877220
1601000 8929517 42651743 50392872 53008537 58846969 61343351 86211533 98171658 99486101 129453580 139773948 139886704 145704104 150608890 168758343 185797244 202259985 217831875 220138134 228439853 240789338 241172244 270240118 287459270 296255056 311957753 313944785 339604119 345647464 351884547 355402721 358768901 362769206 370841979 381589261 382413473 387540125 388257084 389645105 411945064 416301556 420483488 427077751 434766590 436807347 439236851 467524854 478801993 483193429 489285480 501838587 503637852 508232173 514097529 516918415 534504684 540408597 543591315 547517860 547521112 549378100 558681557 569257968 579254374 590821183 602328258 604154055 608027119 619844848 620770462 622184740 626329795 637282275 656312244 657095431 661276232 671914550 697060723 700510568 702167577 705935737 713178798 714022484 719721303 724788775 743019650 744173258 748888389 757714584 762659857 784928824 784962599 799810092 820854899 827507397 834278284 854568483 855046829 858326204
49 892056195
1528064 14445180 24077691 25036972 30351944 62452450 62729291 66894663 73669271 89035461 113012346 114333900 122375177 129076429 133488855 139323691 148763021 153686932 159642054 160718390 173858300 182073409 192950673 195737457 202841886 206689212 214865344 250594123 251037924 258566069 280767758 294781428 296175710 303968964 305316804 317177067 332486079 335132548 342571802 344864595 355008295 362300448 363166165 369671138 405689134 408105060 413041473 423740093 430769301 433514071 439240608 440017179 445458280 458987074 479786194 481519362 492995638 501248943 505563707 512929259 514090783 518466250 518743876 527965138 528858196 534196882 535918813 553063857 563056899 577726292 589434165 594297229 594557047 616333456 622238533 653844999 669561352 670556735 688117541 700132742 710714117 727533346 728091527 738955456 750507764 757170528 758345318 767794041 769134494 794984341 818567021 833582343 863527255 870157223 870971729 877839622 886090796 888256982
36 976661828
3430944 3937723 28144322 49748243 55552350 67396697 74640100 74922902 82250377 84071888 106667392 110379095 125175857 126582766 136323737 163377258 163523941 186685324 192371737 208611828 222487020 242537829 253248133 264132973 268061390 270997563 273069509 279539731 280822689 282932740 289057102 326600263 330257757 389231134 400176909 423353223 427074402 438438412 452005431 458935176 473254555 499953777 504104871 504745694 522636318 530997718 543196455 579895883 589143679 644303596 670131293 687337374 689702823 691642463 702398017 704183491 712861427 770288954 775217649 790007805 812749864 813206866 820985760 833572767 842754770 858880446 877845659 901576770 902731880 907804952 937375494 972456856
46 525707378
8037592 9713448 13376077 13717092 21559095 27370089 34746873 38261954 49489547 50458733 51957578 52696297 66774573 69474054 72359369 74133106 79111505 80835189 84070360 89778225 101033441 105599320 115018892 117385684 129684079 143376500 146511418 154318698 156917806 166946202 174896848 177765260 178222265 178747640 181368704 199125248 202183887 210254706 211410256 212931033 214119304 217413204 218386820 231108940 241182257 243190808 243608448 245581866 249159039 250925881 254068884 268003824 270199550 270610292 278487692 282134038 294471666 300046970 304871522 310467290 314476109 316654372 317827006 322887070 324741704 326269359 330174106 335698635 338262838 348610734 364216653 373145439 405945048 418186435 418890123 426667690 427360965 434340511 440054873 440609894 441120226 454352923 456754048 460117173 462656340 477092750 487376769 498556085 509889802 513959514 518149518 523879664
43 753445175
3205397 4368672 15018515 38747932 43450711 53928903 55266709 56940167 60051878 68648384 69403704 82052805 83292773 84526482 87847203 95596050 96470092 97825257 102924105 108003660 108276028 114558179 129658280 133940252 140339163 143529377 179863970 183462782 186872321 196428423 199813117 202324190 210572389 233664798 241430382 244810808 253680570 260150479 269947053 280028046 308177425 310475292 326438075 329202170 332684290 339047916 365730761 381680444 383000780 399179788 399849529 401753439 431015979 439467038 441814424 444762799 446294467 456218561 456879426 463915024 490412267 490610779 510483793 512055305 519853693 523053877 535523874 568038324 578623073 581760299 586514910 603797471 611067261 626229883 629401712 635014106 644024657 644944963 648221313 650428704 688635910 701818620 702368698 728372616 737432299 746573313
50 731287497
1119248 5535457 20363611 36414279 36842338 38436411 41120933 54439972 56869911 66434477 75681085 75784437 83372602 92532023 102214963 104877856 107190215 109946575 111219835 127102418 127176010 132934373 136979384 152107539 158329191 182024947 212130805 213088349 218308978 228587871 229427943 246936786 248582427 250863027 258815115 278351370 279213697 281250310 302917157 310462101 316265413 322375158 326492243 328443130 332770372 343180537 343503860 346720253 348608028 349353644 353719200 366056367 366095620 378819473 388009323 402971506 412252656 420019270 428256626 439351468 446342980 459355016 476360904 479849140 487193741 494535595 498553359 498691541 508271892 519524211 521612486 525252740 538754105 539828250 552940960 570772622 571359977 572361336 574850477 577701851 584897118 594289921 598534179 605553004 605830391 606424956 616185656 625837229 630388256 637311326 644188174 666353778 670528706 674770039 678039611 679214416 680899686 686087576 693291591 725266169
54 964401096
1995389 5660501 15460580 15884652 22109206 22806319 23279516 31645433 39044403 44206235 50170286 55856751 78028000 87150092 94312759 97471074 100642499 128675589 130553258 132937307 157972481 181753733 182602017 185108902 190627222 195924050 213121960 228437242 236734423 241955601 249352906 252445786 264796565 268496495 288359501 298383132 299872217 315463656 317652806 331936949 340164786 342031377 345890458 355640344 364633885 365968762 373563776 394686952 401560626 406514919 407094443 407605107 423805258 425489383 428188935 437605295 462030164 472134292 479205378 484233092 495351308 501252613 501373187 516551173 524076922 540595679 541626894 551698779 552573859 555100600 562296187 585435409 622855022 632058197 639359830 642810032 647560771 658997828 665410042 667115651 672943078 674637464 685190459 685990621 729486418 739512311 740605367 747842375 748572987 776566946 789486410 799854075 807948092 820383695 828546764 831522395 831663465 838778539 848241736 855367186 868639478 873672928 879579194 892631133 892672087 917962357 920844207 933480798
43 816744609
693608 3466768 12780468 42978032 49050687 51784874 62963292 63152733 65099073 69312748 84512990 89938332 91679768 101219182 106273888 109579104 113957201 116271684 128014969 134142571 153124192 155160539 157552016 161843552 174266517 175513904 179015408 180891904 182566363 187535621 230021274 243649856 247669332 251777731 253533458 270873832 283541086 289407982 290683560 303507528 317973202 318178851 325903101 328651165 331144088 334800042 344992610 348465381 376091823 410269077 418742522 419505898 431494597 433070912 444171980 450181028 459681055 474936855 484866265 501517661 518723453 520074142 529092574 530092550 557658974 563298707 581070754 602289935 614170030 630300140 652649642 664816602 665008852 672931347 684264104 718526607 739993898 749657296 769005401 769064802 777936282 779199364 782502638 788167753 792596843 795449464
46 544759401
9000506 12717195 15717598 16579321 21489855 34335372 43348000 45039414 53812618 56703379 61061815 70249648 72434184 86344810 87030991 91159804 96724508 110301232 113694690 116992831 139548069 143280195 153220475 169933622 175608633 175747396 189491960 190167486 208741798 209711826 210054104 215308043 216897077 223869881 228452459 236893274 238421871 238501341 249365488 255061830 264570092 272598399 272657444 278397689 283759451 290008525 297123080 298511886 298570767 300136496 303661461 316054311 320100012 324566473 326006247 326218478 326917827 329289653 334423567 347262312 350352504 351875956 352864427 359905501 361182507 369726644 377012076 396199629 398079041 401828006 403688012 407213177 407717163 430160399 431841051 435904967 436632861 448430994 452659864 453338246 455199204 463928843 477936529 486960530 488701412 492747166 508190219 518092415 527331910 528354887 532752568 544380052
48 898874961
16088008 17059848 33302773 45658245 47374481 50919320 55199079 60689198 60786237 66853843 71975335 73261765 74441290 86536854 90636120 91524610 95401266 100134091 114019742 115471026 143039281 148156711 162495711 167231261 185139860 189930023 193152430 203138813 214621785 231582155 249083012 252606150 254773575 277747410 280064425 284229921 284410723 319941228 327599809 365021104 368989585 389263676 392989754 398138781 414688743 418798048 419936023 439125998 449974147 450433714 455636277 457353376 459891260 514625700 516974074 522881646 543352513 563748772 574793357 585107310 611732210 613938638 642757498 651514805 651984261 654188474 659015746 663527287 666598011 668067375 673806327 686277916 709178730 722074697 724161557 749565812 750016142 750141101 767435023 770891518 780897308 782272232 798371413 802836033 803021860 803412167 803828228 805908178 811108630 820220263 853341925 855901693 858482190 858486782 862837643 872325608
45 661172519
5956792 10527322 16704455 16851425 19290529 27680439 28927590 31294064 44516751 50450058 52721170 59327009 64287402 67747534 70967728 71235627 87885347 90911062 100554971 108896283 122569303 127388526 129611763 139833101 141965012 164853500 181648417 185049343 188979674 191487068 209217539 209477701 210181028 219574732 220927281 232945345 235984243 249585405 252891771 257980961 261190122 287156085 289115855 289162998 289931128 305180728 320035750 334996095 337890181 341793256 345874263 354326445 372749364 375479624 382262608 398179369 416877585 427016215 440454495 444703394 449225376 464589318 505309218 507157949 515034443 518118743 519882219 526771300 526981971 532909151 545484748 549288261 555667532 562191358 577062412 577981864 580425155 583783565 592526727 593353011 595515709 599351875 601900514 608898129 613188259 623919893 638414115 643264853 644162228 659679228
50 904611279
20116150 33832531 46510412 48400740 49610632 75082171 82123170 85774000 87053351 91008167 98657396 103363608 111281518 137998814 142715709 151264275 170942206 189460426 198593107 199859899 207164370 215068221 233839561 234516765 237959715 240501605 241389345 242031289 248105593 264526303 267153277 278503448 298505641 300751761 304218154 334883908 347354442 353076402 354026034 360955296 374825675 388792623 390546670 390554719 393006155 398743588 406236576 408897659 415577838 422613665 443218429 450202617 453066564 462764432 476632161 492874848 516492303 518848173 519644883 525696934 526750936 528434685 534318433 545431830 547885366 550044893 550274232 561967706 562495272 567680851 569244417 592473970 606085428 624283474 627492676 651213780 651525361 667270012 671400927 679218376 704830044 721247648 736448642 771382201 776486582 777095991 789267883 815087547 819662531 820291424 824163055 830332612 850555296 856825768 861739775 872625497 874875958 883386664 883699984 888077847
52 554227053
5776171 13619438 32286177 36610920 38070796 38446280 48466792 61757939 69315957 69593548 78100113 81150991 96908519 116057048 120092544 122248932 123277800 130116821 131144887 142505174 146396531 174596577 177319782 178619423 183564757 191275210 191639745 193169666 201212364 202350234 204623490 206567197 210746734 214419203 219370314 224410922 227438859 237837177 239855233 252583109 254116754 255660926 259062151 260069335 263654222 286124079 286747284 298121741 300740026 303083020 304786720 306918193 323086551 336296897 336399924 340796194 341940535 342157640 344451032 350876917 359850696 364457652 365819106 369006527 377412943 383227011 383455177 390239037 393856627 396083184 396168661 404088412 408380742 413910838 415874992 416556500 419479142 421413322 424884617 425910009 427451803 428158251 436000229 439625178 444896865 451844327 453160007 458601678 466806854 471347386 473050626 473859291 476090500 477186816 478486224 498002855 504638246 510271974 515596030 518299991 524196536 537570019 540620462 548277125
49 524033831
12924094 14813938 15048305 27729264 29570022 31006532 32047211 39960353 45609419 49364210 50977533 53484406 55205775 60342306 64972360 71469644 75192241 79870790 81869207 82195701 82626313 102871925 104474373 111405867 112097948 121243340 122089374 125197724 125586322 141640865 142624781 144126419 153913114 171260478 177649806 184175391 184726234 188482652 192544189 193939048 209769007 215483629 216061812 218550216 222860743 234041327 235761490 236233958 242020350 245617924 266264300 281650979 293151048 296949128 301487470 309149697 317657885 323426653 330230348 337816057 337843360 339319308 349555189 351946389 356641574 359833460 360737599 367725546 370698053 370980416 374092974 378086406 378839001 380445817 385528622 390472805 392961311 393941318 395148871 395880219 396477970 401812747 405933227 425637004 427023986 431477814 433954721 443666581 450943046 452335239 454951383 458298310 468157836 505065839 510159508 517340219 518785779 521620465
56 906035017
1623333 18769011 18781694 22225190 51833127 59355468 66786774 72696639 79065002 92199647 106587322 113993907 121731719 121992203 129370351 129664473 134706838 146413956 148349201 151551067 153330086 162758991 183788255 193149026 197136878 202982728 211025431 214644132 216212582 217087304 224048310 224081920 236812425 243797271 244163469 249027715 266226817 273864928 291529778 295609716 296275046 296520018 307727669 322854465 344500422 384268586 394121683 398081241 407501194 407808514 412075577 415312918 415556676 435900812 452024440 459182465 462180545 463079216 470613870 486278623 486489943 486575879 490532882 492858411 496210744 506786929 516969524 533532237 533546323 535694540 537816715 561434348 567779146 572309621 589981139 595563843 599449750 600800350 606608634 621063620 627939398 642629368 657773284 659567875 669498474 684364734 700377017 705529465 711362380 718738664 724307403 730084186 730820346 731913441 743620598 743933649 745604781 766989192 784532733 785439149 816250452 816971518 817593071 825944368 844525098 867051878 872653000 873287481 886493794 896209502 902916244 903037668
48 857456484
3567384 5129364 10059350 29430548 45557301 46754718 48336668 49017432 51523867 56944162 59977065 75808601 79932395 79985996 96840186 102803622 115627424 133283588 145244930 146433620 158672580 164851950 200352199 202375427 211978921 221480520 230948728 236527783 238660021 241998182 246286598 247251866 255987239 259453072 259643063 268315261 274087782 277077987 284249480 291002608 293189423 296031616 319684802 330373744 332271657 341231553 354080545 354111420 355662177 360755401 368853027 389874913 395978834 407755491 412132369 423862495 433143539 442022924 442666245 456677087 465769430 468207045 487614661 502758157 506213717 522369234 527203886 528323313 539720946 562930971 602465564 607501262 619747845 623893783 633925979 634147630 641646031 664180229 664529520 667556486 675008049 698373706 710247173 710357802 711087712 717205871 730562165 752028981 762309880 805413487 814974192 832366216 833117048 836167383 843689462 851210057
45 651468904
6343137 13049647 25042772 25131192 31972947 34065275 39452074 39603987 40827523 53001139 62868175 67508490 71572814 78437840 85444911 86542762 91343975 92905074 106133705 110498670 118895160 119246503 125627865 126479233 135130540 137909878 172594383 176867259 184147419 188534752 198522001 200361373 212133748 213842422 218236289 235338625 237164051 237628423 246613579 250515856 252726787 262161387 283671042 284766497 287267891 293105942 296657195 303054370 319502104 325523994 341030426 341281246 342088315 350856981 354553468 358194412 372155731 372476232 375137063 380272285 382928717 383510612 408249595 410878174 412229221 426030990 429672547 433429917 436564952 439972567 441320085 463084596 474325787 487037842 503562342 508302719 512852404 520216548 526937178 530436392 535849574 540888579 544094634 559083121 559947027 569702719 583971450 589587004 623572239 628744658
45 876483889
7612104 20812639 26059901 39069988 44990231 46874332 57366226 67974081 69408402 73572482 78817605 79985481 84447587 88977943 98910415 102906839 110005852 116806656 119627424 122080628 144100661 155731270 161337274 164587527 166204745 199601454 200645662 209279239 223629892 229232146 236040910 254058068 256999510 283076220 303564429 318625484 318790626 319158067 322115488 346913590 355915708 371490357 393593630 403989343 410201031 422861588 442797361 444012791 474967025 482937402 493546988 497916858 500746364 504029811 516958214 519517326 524424113 527112439 529107802 542332698 546085452 547134308 549792753 553642749 557966764 576313049 577611417 583643185 584370879 591983799 595308538 606826396 626437817 656484347 664752557 678321499 686457523 692833862 704180935 712805006 713906604 715039645 715336944 717974079 733483361 742789014 747023618 755310858 794841139 811691888
35 815151541
1454253 5810772 7026988 25013604 45474608 50312904 70059791 86503129 108279245 134492523 136875487 145287915 151334089 159293611 185646130 195929959 197970547 214223944 225079890 242875264 257821156 285886044 295959252 312260631 325571407 333906286 346452681 347153591 352357078 353214250 356562243 359109943 364496686 390651308 391917393 404107438 414225750 422486692 428603142 437731105 438313687 440949024 462788743 480561069 503135434 513542521 514889466 525979521 529344327 533273451 533701148 534021211 536375513 539282212 544549602 562765125 579091014 591947049 615935970 623556795 642348684 656439155 685729157 709721351 713792429 740981353 753360143 753414023 763218308 789115121
59 958006590
1642138 1784204 11223732 15670272 21688478 33104031 40929752 48909296 71807708 91508002 102714928 104826900 110147473 110325047 112110346 114791061 119391577 133780355 138213652 143964257 146459397 149561979 167205007 174107407 188114174 195228061 204860451 206770801 212772537 229775046 246653985 254333955 273574218 276707511 279398655 280935611 285572127 286778821 291708149 294472810 299229669 303061154 311608577 318462791 323272256 334673894 336673304 337068206 341315232 343878110 354713671 360998940 368601571 391505070 408705335 414274493 414665873 417339182 418062144 436989630 445585508 459639053 466880790 482590115 483408118 492450782 493869571 503583637 519320805 526781476 544139432 547064844 549210818 550699065 561991962 579923548 580839868 620925702 626455350 640979187 641084640 661359880 662257032 670439473 686064373 687230738 697523291 701409790 701689018 710491799 712229775 712384785 714267861 721739651 732734586 740092347 766233968 777281452 778181598 781488032 785360298 786952462 787137340 793047555 793457788 801284752 834066387 868796281 868809603 876592352 884742570 886649475 892719579 899554283 916218001 919610445 935845177 947839369
45 918853459
9235435 23649082 35588804 50098348 54293266 78463421 102872742 113231820 131272797 135685864 150086705 158618009 159708427 160095147 168700142 180333290 194297484 248993250 264031164 282896873 312701860 318472576 325027931 327057259 331401160 332912959 338161367 356831198 359008238 385482201 396439213 397763001 406332511 436007445 439476911 446670397 447699036 463779262 470620068 481106652 488918160 501835248 505865799 506953375 510018221 526751416 530877819 534058385 551014929 559588908 562060525 564520734 569663664 583058506 583572976 586127683 593073913 613428955 625310906 625410096 627014199 630766262 640133009 644981305 646882540 657158385 659437287 695308370 741918477 763017806 764457978 785848871 799691811 808718460 809217961 815435404 825036873 826942620 828384075 829073702 847606081 849938450 852999484 855303679 880982461 884712599 904466143 905730542 915003052 917125352
52 907400665
3385774 28591700 29030820 33820049 48717757 52462001 93769526 97116622 97985735 98497261 100117184 108322684 125545380 127998334 132786265 136565852 137541999 157353062 167370537 168252964 169908435 177309683 199706680 215672649 221727580 227333099 228284860 231991312 239345723 248103769 267205665 279867750 283065836 297608254 310825060 313596616 319918847 324932805 333131518 338265406 376902297 385274873 386932049 406762414 423606478 428736842 449817885 455449635 464243566 480453488 481216970 500116119 502854918 508595468 514058654 522585356 537804832 539214161 539233488 545201839 547583784 554600379 568195771 569217046 579265553 581852447 585544968 591884567 598318275 600386805 605145826 623238823 649676837 653106143 655826139 663849869 667440912 674252738 688024342 694916058 698086715 702744358 708716911 726137162 731951779 743583236 744096600 749565310 760456043 777830582 813379143 816559858 821239152 844236237 846291001 851551799 856967073 866624485 875376654 879249106 891335688 891925481 893809465 896001294
55 592190820
4865813 5093759 7416357 10302484 17250278 19480330 27906971 35694799 43711307 45379433 49033630 56194025 63928255 66867152 75885964 79395196 85276890 86182699 89569147 93184622 96619406 98525034 107982995 114950326 120752873 124123597 136499932 137006962 149850677 153044835 156344583 157448500 164422822 165102433 169518169 175620071 178608155 180322068 180843193 184314641 188672797 190691871 199568492 201002583 204854328 204880256 217195986 221407414 223427054 224922754 227447247 231308160 233796475 239559055 242473590 244197043 245807661 250065070 263879242 270415518 271761898 272657799 274486208 279278095 298272215 300334778 308603613 316705040 319476677 320010152 324532825 339782258 342055929 357833253 368575995 375894006 376856811 378629715 386526198 390970374 398719450 400114312 423184413 423545270 424024493 424686173 424759532 427736756 429133971 429909890 434945996 437094198 444927031 459687334 460890139 461377094 463609414 474095684 476461753 477142476 480553416 490422121 499722883 500480588 512836456 522677088 529015242 537067368 537945733 540554475
45 992574154
4153247 21018944 28241355 29495721 43357107 46964149 51204565 57612921 60879873 62911506 75773069 85785966 91043709 123434378 129523295 130557021 150248523 166798307 169822922 173145302 180312139 240985300 255405942 256430584 288302902 289976136 300956181 307896239 327133169 330770543 357678815 358238194 364202304 365621505 365760505 392339639 433335723 450525917 453967093 458803633 468735665 486600468 496341715 496875672 500210229 503712416 505593727 518784288 520609016 532303226 551135221 557609236 559300986 575844829 576596286 576892049 586684923 605184808 621722386 622797756 631055251 633870712 640782745 646763907 657860192 658572023 669007861 676587366 676670124 693446387 699652781 709855420 728338554 732980003 749428159 750206959 777164328 793587156 811251615 819580426 820509989 832206053 838439924 841192797 856887822 921788971 945454117 967301367 970837290 979023108
33 810611461
51581494 57856513 59947679 76812365 107471112 111512207 139260440 142870160 162970311 163851707 170313543 175200872 176996543 180133383 185194160 187957298 189693303 206456812 222736721 225613551 237062801 261906318 264964536 268883114 272188717 298095594 306725362 307009941 308752309 327111326 336771496 341496841 412033045 435795978 453173354 477067556 488047474 514028844 519951108 524970277 553949602 556116955 559214008 570632838 572534460 577183253 615128720 619024379 623780743 624905352 639578256 642697378 660734211 666832156 688610273 691646639 701789697 723699619 732112616 744380688 758623146 759579917 765036231 803548501 809163244 810017016
34 885384668
23606007 38561061 55269197 84776587 99919247 101018412 103914597 105238090 110447619 122248341 141936896 145165478 152020280 167405924 181518757 184505374 187262860 187383496 192047612 196606118 199196531 223307000 238716292 249945533 250639148 265794219 269764432 277850291 285984098 309895362 309945468 363342706 365481998 374420991 432714032 444892765 452749808 458515923 463552907 479640668 483050401 485938593 503652485 535949407 563637442 565620135 582127730 592570138 601160187 604615259 628215389 639599130 648709472 686445252 690512783 707518874 723911745 736338606 738721248 739939029 773382333 806416385 814949104 824856399 835013222 858378553 860488072 871837554
52 730659467
4437876 5900159 20859655 26553970 34146260 39425513 60677982 61396346 71690039 78704541 86369109 90336843 94454193 95851321 109375047 118081917 120675251 127741433 132893530 149700555 150806800 161252185 162269412 163290076 164481371 166426135 167051428 169858515 173958987 175453039 185814285 203982466 209100641 215511265 247158664 255716426 257565208 263666638 265690145 276453078 295462444 300475989 300543164 303857209 314907695 334923869 338228385 354416451 367787247 384531586 400824330 410258965 411205803 414359637 420976940 424156657 435900323 464836491 467012237 467927737 469423225 472410521 475733939 489133133 490015999 490529143 494825077 497344210 504074931 521871379 527621698 535385710 544295035 547669170 556911472 562991363 563569977 577654404 579525482 584985349 623274950 624674890 628402803 629569119 629862295 629961215 635369289 657126894 658949260 666313984 667428781 675570228 695656124 698645572 700045492 708080788 713056068 715404547 722749593 722812746 725383982 725743000 728801314 730081192
43 710496130
8350709 17187981 22196150 28441105 31772031 44361143 45732855 56370126 57932148 68091138 86207139 95017467 131177375 131920239 134519772 138100740 139148772 149068292 149257234 149442652 154538499 154708275 172860047 183977064 194182447 195441357 200773929 213259706 214481150 216671998 232901903 233103709 250200622 256726260 259553426 260323982 262860789 286456539 293534105 314152145 315647547 327937938 328348135 333543009 334137341 334209857 341371706 364096200 372820348 391784639 406723247 408342828 414371954 428527561 433143209 433530637 434383011 447544053 450271287 464257573 469511847 469711251 474252810 491777272 495151762 497659973 505728477 512322933 521152835 551398916 572896591 585556033 589180917 591362674 601188756 604449175 607306657 615871670 620926463 631961335 644563488 653790341 680896385 688328082 706322254 708043185
54 977533273
35660472 36364312 64480945 67939085 75372830 79437198 87602260 91356415 122634612 137265440 148741702 172269008 183892875 185558659 195484855 202324996 210621816 212084384 213389996 220247252 222524908 227205436 230549023 245017310 249093384 255567069 265007159 272997162 276388665 281229600 281807426 285206064 285510073 289755016 292256461 297709177 300780389 301270241 301687814 311593421 313069383 339048408 356996017 377453221 384378457 386881263 386968900 388007039 392342071 433551114 435751982 465915089 469755656 485733957 494402322 508272536 512765372 524199681 532509590 543103917 549211699 568992772 570028400 571929191 590176328 606568339 624895647 625254848 637566343 639913852 640688358 665485480 666207948 667832740 685717696 695047111 695104036 700091101 705665632 714280111 717244587 721634700 725359615 730860558 745454661 750246675 800306943 805131473 818198450 837348166 847222917 856004006 870918109 891765263 891934293 899248155 906808134 922411418 922811848 934421621 940740862 943479673 944335322 944601503 950354370 961430948 967256088 969112210
39 976443325
2854982 31119035 36804545 45582998 69724442 72704466 76663178 83637923 91246168 109554114 129935453 139125988 144358735 148438062 154853466 161426537 163272272 164252326 168699481 209300314 210254032 220846662 234348248 248423626 252703573 260327874 263668727 280842489 287128882 300180149 300309469 309589549 309610751 327449022 354534612 362612228 367156643 379841574 397473835 422096755 453702797 460390339 461872547 465641328 482273261 510445819 534287202 570120166 577011816 578791423 582379353 592884856 593342172 608149171 629652928 637186136 647456420 672301797 674708734 680243639 680535000 684330060 714129249 723332156 835949411 836385901 836891556 855156218 874954827 878520401 886007896 896498355 919598546 924364079 937438337 941431756 945327913 962812844
45 693355602
7252244 14189570 21701919 34698197 35128002 38472155 48524363 50009043 62426435 63400674 63868447 82456550 83446613 85090966 92348176 93119658 104725882 110485158 115187236 115926702 117880741 124570965 146277459 151506032 174348767 184942533 185119673 189166000 191418250 191719997 195745096 205544938 205604580 206719302 230215303 252706286 256952511 268250747 270412184 286190222 293088566 324832528 326115711 334320585 353841126 356447573 357107351 369968433 371161339 383251631 383906460 387476400 408150003 421702431 432002234 434935918 440421875 440998479 441515014 456540582 478103123 479969395 484336176 504560200 505960823 507762868 512070624 514549912 521890763 524631563 525478973 528931495 529571532 547249365 554694766 558169966 558226753 559992908 578689996 579082703 594157990 609296546 623500750 652747953 656403577 661416243 672022720 673020769 674593543 682392851
60 766659422
18126748 18730474 23915043 36385225 37905617 40362612 52743757 69204223 76406372 88688864 90122450 91137112 93301849 93489269 105011013 106958015 114737567 115486813 127206943 131626913 136910366 142362698 147168174 148238377 162903153 163144912 163508766 176778999 186433761 188015067 218148848 222887582 223962496 234907888 239511845 251295161 258459135 267778902 269565449 276876745 280305880 287394229 304701073 312455267 313205939 315167658 317990928 323108865 325272050 329481617 334870792 348871201 357644957 359882629 361913344 365523905 366641937 368136821 379155087 379401217 392749371 393437038 398168392 427243572 433199516 437685668 443540445 447881008 448822819 449342482 459717118 459919363 467577579 468014914 469809034 475490107 476088607 477391502 492297148 503468677 509224797 511578242 517061197 525458239 539394869 545661926 551414966 557122598 562189448 563119475 565372469 567886529 577117684 580208610 586635540 593288117 616314398 619402337 637792681 641225213 650336691 651801092 652108854 656257508 659075996 662593051 669603602 689006991 701220447 708313963 714688642 716433127 717782502 723037970 728865560 740498430 744859146 755248384 758441124 758898004
50 879085779
6680857 16449401 17614994 19842539 29785133 30444200 30725910 41445625 41628176 51271647 54304658 55962719 71218575 85484842 89883382 101132993 105139275 112705093 119606527 122859550 145002796 146179682 148092182 162798862 174376300 204230541 205797532 206713774 209805769 217184398 230946444 235127683 237866236 280558116 286276779 302128454 306757399 308736128 330771586 330953689 353205958 363692258 363901107 364401607 365243195 367275377 375616339 382115767 383889449 390629491 394602852 404885334 441989454 454369459 454716894 455636124 476613083 478974322 489781805 493442592 494883423 508427605 509798381 516534900 554221127 590635129 590905584 603379013 608346323 612513319 619846234 621402759 629429270 637480040 652867734 667571894 669741640 676903178 687842298 689457496 691662405 694936990 697622126 700064374 711153183 740834540 766426573 766428689 776720669 783875707 796700036 803022234 838322115 839522246 839818287 847110046 858017183 868862624 878733145 878833430
51 542233650
1384720 14279735 16088091 18164803 18708206 19584224 20873130 21521397 30756704 44936642 59873289 73436379 74026433 81294380 89048331 92739753 95230196 106992715 113344991 117642290 118829095 119719803 130997602 136023886 137480069 139014441 140196350 143460635 143834511 155494144 164702997 174857535 182323862 183876755 198619759 200726637 205338861 206046749 207924289 210004500 216733524 218102198 222305899 226267741 228204755 239083525 267144673 267323650 269808414 272099743 273313131 279745488 280983959 286721425 288223672 289900629 292620745 310712650 311763184 312393302 318025307 320081545 325754216 329043718 333391290 334588590 340608293 342601970 345477318 348683059 348767032 350445891 357647217 367938967 376836154 385181689 404905615 406029691 413569599 420674193 423500367 424389348 426733301 448554061 460080636 467646542 469136167 469682801 477082251 478598623 486773215 488885598 491255457 491887863 496076072 504054930 504530374 506049399 511126855 526321441 531165917 541442556
44 925306005
3436852 6829693 20734958 25470072 25736430 66332005 67273654 71967796 73108402 78730522 80194744 82831754 83354471 87064337 99619355 105063881 136148290 145544188 148607551 149435631 160439478 165395173 207225746 208855067 209513803 213043314 214385479 224505030 238430247 243854611 257446321 302174958 307861974 314970038 320554855 327524962 328076307 330528745 339590950 346231418 352655171 365087696 370574960 415582062 422585680 425231989 451801137 468142071 481001039 481803855 490958308 491771933 499024971 507184054 518998235 534734994 539051334 541905448 545299603 553832804 555143220 578337326 583365738 587270326 609654287 614827886 660439904 671450344 675051936 676351538 702551631 713451095 719664212 725468313 735078485 771667250 784156617 800416091 826475691 827216541 832610329 832978558 839667461 875526593 897212844 915467813 919578445 923913995
58 887475829
3635537 5624179 6661171 7435628 53531019 65076490 74945455 77874912 81295748 112382328 113162575 127189579 135051651 142552880 156961578 164764218 183018592 183547940 184423634 185036673 197287513 200089775 205542788 214611777 215570974 219040486 230745868 232197946 239512481 249193863 266204439 271747063 283149272 283552287 289077412 289547231 301858716 307552525 321548250 321944995 323611002 330094251 346476565 373744861 373797419 377022396 396161186 405644407 417480401 430248355 443821554 454177798 454615830 456673275 456989987 458316537 461718000 462780425 481122309 485122150 488004056 510413986 516914674 520975249 522464010 522751980 526503221 526597761 529446579 540228629 546938280 562397819 562911395 576534649 584405304 590485358 593574068 599428966 613424909 621654600 628566671 633989490 638008870 647420904 675542780 676637797 678166277 687684200 689374197 690264686 696633790 697479843 699748314 703693402 722130371 728447241 733420161 741758333 768352268 769546195 771149593 776608885 779875158 800424840 808823225 824013325 830038338 832730003 837130026 858763388 864561363 873044187 874574812 878812349 880174395 885536693
49 554761156
5706102 10043426 15137376 15284064 20592260 23126240 34982292 37110917 45389173 48255963 48516886 50428249 52119528 55296867 68508821 71941691 73899816 78035309 80613024 91702350 93487514 94691581 99535857 117474746 117862896 125179963 125967153 126574999 130744033 133516186 143036656 148141697 172089602 177776148 185598748 193492471 206087522 216810707 218207389 218520670 231832126 235925558 237899154 238822460 239676501 243415754 245017206 247301649 256468934 258957695 266259045 268336069 276195280 277173965 279237648 281361119 298310955 302470000 304487316 314020729 324018342 333824302 346152508 350408671 353142055 354975823 357300677 359892323 374547216 383213494 406290823 413592292 414437038 422903224 423471201 427199539 432455690 436634784 448670424 456102794 461626532 468213837 474828861 479068429 492335965 493418763 499922234 511839170 514959872 515577051 520876076 521274526 521476056 524318542 531654279 534302062 544201994 551280205
56 814150541
7210097 19827473 35645031 36485389 53695357 56876854 57182495 62348356 66315036 79459338 79929522 80017833 95127947 98696465 101964047 103643895 104219555 108916705 110858217 124148578 140754966 145478702 157094151 166422220 171633935 181342137 203196888 204205328 213570138 233974114 243205195 255147027 256270038 267209944 271140191 274793908 283407453 291309364 305110116 312396443 334088648 335065101 343667798 359758864 365756189 379325750 381169973 403544097 410340167 410345183 410390498 424418054 430558222 438772037 456132365 461440736 463483249 466420732 475400830 479512453 491297975 492631462 495580223 514703503 515721633 531952035 550313620 560306381 568296309 569479155 575467132 580394484 582530545 583760284 585527301 602581758 630231745 648716686 652590063 658295395 659939826 664238840 677204287 683410548 689143256 689939598 690305782 691551366 693430714 700790043 701230292 704810088 708510986 722375670 744568450 747919623 753049224 755258581 756147384 758750144 764265813 764765943 770556071 775806479 781104843 782342367 794011597 799100322 802017589 803191673 803360190 806123546
52 657688974
5389473 7098264 15407258 17101121 32593188 34084461 54031115 58051481 83744021 89231082 104256078 106039762 122013413 133189827 138993075 153947359 158754239 160976956 165676425 166301549 169451667 175798398 189183213 190751582 194870674 205958908 207104489 209350334 211052417 211954397 212341367 233870782 234248027 238211555 239775489 241331709 244898578 246365802 246712841 258231721 269805339 272539005 273666556 279263558 295454352 296251448 298873420 307999865 311202390 312543665 315107187 321347125 323840883 324421726 324635420 335886271 338466539 341766667 345642488 348046260 349627319 349697512 361670843 365473786 376054416 390806157 400384249 408292838 409594206 415966640 416152816 417852986 418026004 425982457 428701557 450768024 452311143 454430472 468458869 472401198 475351968 475784587 475988657 476102873 490110559 493527564 495881752 507565516 508676255 508713671 512870172 517916304 519060001 521599187 525706061 526198988 532530857 546651456 599453630 614425466 621778353 635707904 638074539 638607715
47 630983220
3557257 3969969 10124167 43261536 47129970 52841292 54425170 55123590 60188160 63325711 73577699 73986839 75556110 80645666 88418293 97290966 101434043 102905401 104390477 112275818 116303760 118843739 140324060 145626345 162636854 173081462 184098605 184939589 199586436 231713012 234749264 237137629 258171742 274638671 275886247 281705110 282270230 289084744 299100321 303907778 309491870 311367005 314560983 316320127 317134871 325786035 327227315 327912397 328398376 331890400 335109893 339553451 341444922 342544679 357498380 359982734 361215620 366533252 373294000 376748536 381398921 382264475 393698409 398252241 412961003 421989800 423444606 434617292 438193692 441204897 442364220 447689042 450054767 453560711 470481241 474592756 481735824 488753466 493584011 501333213 502624863 505107613 505871040 513246718 516636493 550637738 553809632 562276133 569805893 570925359 575202291 575503436 587234409 620409830
65 670147163
8228663 9759245 15342234 16793836 18128838 21336983 21484680 29588322 35991878 40770395 42916304 56672609 64612117 68980647 69922417 71603118 76744829 77084926 81520404 81928013 97900166 101998999 115546123 118074807 122021412 123629862 126664934 151009176 164715591 166657079 168583337 173177927 173500967 176084839 178931149 179415646 185888866 199587206 199863590 203231333 206709277 209459217 210947017 213740655 214302276 232477484 238664745 242030524 244018741 258912486 265329806 269971034 292915356 294791555 303486983 309750820 318874296 324299696 325668155 328786001 338050909 346019074 347062800 356535116 358588779 374721129 376548697 385108394 387621432 388720125 402812734 417439158 417745300 419916909 419956016 436845895 443003443 443403435 445451086 447446913 448384346 451692565 461808470 463476975 465134812 466005385 473509844 476546773 477270912 482981882 486786229 491183850 492195439 497117390 497628197 517359448 521507904 525140510 528692197 530673486 530850507 533659645 534321759 538141271 549214609 550631589 550904493 556324179 557006217 563208242 570171947 570335909 593479803 604794197 607497438 610314547 610386402 623161169 623312081 623676865 628353418 632793083 644913525 647115243 649565278 654776452 657153810 658829408 661370416 663667650
55 973408764
15893475 17655349 19620182 31000891 74297113 81750238 87499421 88021421 95679762 106069412 108129738 118953569 120196667 128835154 131525072 137542432 149998770 168155094 176662383 178028614 183850044 197423435 200377452 204159010 205862495 209683850 211285493 221384090 221386246 232815693 250637839 261514416 275701737 278343936 289500725 297266291 298517161 334258835 340638989 352899230 372565072 377791820 387920368 415875806 416057161 427298311 444043574 446984894 457551334 467605448 474123842 500598994 516560547 549532042 557538674 561027668 564230816 569351641 570047908 581532194 595261222 606546645 617370761 635965286 636009975 637145969 637749842 640220510 641227590 648596481 657610452 665263739 673801339 683057845 691038681 691416875 701383549 710588796 716942187 717107963 719440657 729759878 739807124 747591453 748444999 754922643 768138215 774317257 786711410 789455308 801582897 803841435 820106539 828177677 846396947 856860893 878376210 903945351 913043859 922202243 927420711 927455090 928385997 935581424 939103013 959989037 964466539 969321164 969889431 971599320
44 689913292
12813430 15950587 26440029 50305605 55669213 63460848 70738074 94960768 129396558 141021950 152247183 158445172 159732316 166385886 175253449 187031154 200455122 202077557 204289162 211495641 213791320 230049471 233110821 241551706 243230949 249135995 253182134 256116107 260359699 297735289 299660121 308175899 310992532 339020474 343296692 345590126 347021290 356480644 363143362 368481808 370892842 372401390 380430440 404839360 407229089 408662193 412669330 417276873 424214414 457775556 468408586 471966914 484245933 488722836 495574585 526341154 531856830 540786064 553011797 571943363 573470062 573770701 577671491 581123487 583330479 586375275 591325164 607411272 608331079 615493454 618507216 621751771 629269447 629285889 637567428 647236652 648062097 653249092 655048208 658215926 661847257 662609360 664337170 670050365 673248737 676413238 686901456 687916495
44 827658873
782761 11562170 15456561 19579559 41953341 48885270 61339692 73760261 75533257 80108169 80906680 91780041 109037633 119553908 122086225 127476998 137583636 138369454 141740580 148983380 162336124 166663051 176806815 178011494 184485185 189590297 190339271 203636718 204052537 211513423 214035336 224743521 229622313 231726118 239993707 241192940 247878914 274307692 277924579 279733445 282923801 283036260 285391814 296737158 302135251 313213864 316912661 317009811 328154875 331929948 335872794 347677354 378496462 413425042 417498633 428580601 428905774 439092084 466684098 490827358 499843142 510811842 524271993 537263605 540699925 589574861 604896487 606445186 610683163 621691219 637336856 649602002 653096717 672024515 680140219 685577022 690585462 703404244 704258312 708175526 710322589 714466706 734869379 743070835 777340146 795137114 800002079 820766685
53 685271552
1624663 3662460 6729000 16540023 20331415 36768804 44954698 47594315 50204831 56424013 76251556 79955824 81737359 84318826 92555107 94342659 94691703 102877580 104165856 104500054 107354609 113629009 114028702 117197683 119149532 130293337 130451452 135898491 142048833 145445736 148088405 152643186 161258774 162323505 180380964 183562698 185364446 185573905 190532263 194663375 204707605 220136775 240660391 251589077 256426583 257033893 275728674 276656609 293116404 296594518 296806814 303395115 311168329 321108489 328543630 336583892 348611032 353496117 361783590 364615610 365442477 373276924 375440426 385998556 402474675 404899520 406126380 407065465 415138023 415274064 415474952 419008008 419396805 420229269 424990778 428434173 433084292 445820196 447887722 454555750 472535901 488842764 517468081 523500281 528643498 540715800 546871091 551077816 560252379 566834392 567303525 569891882 593583553 600484957 624377978 624460541 626661459 636211098 641284599 643979632 656115357 658794729 660636569 662257664 673880395 678652359
47 608506327
3343994 7216162 13602141 24153087 29332199 29711303 35631915 51131597 53180375 67587737 81166370 84911315 88929914 96065393 97703984 108143063 108713383 113738047 119187373 128459139 132727575 142264966 156463576 164107762 166684599 168558356 179483854 179692996 184853154 187409886 189006736 191034979 192061669 201612519 201646340 206388869 213904220 215086176 225407197 230126004 247011745 252071255 265159534 266989917 271065125 273745925 281222671 291124241 307816989 314317424 321665672 329199269 342986385 346965088 352392300 358124127 358455253 362993883 367075910 368920828 382049407 384515853 386221999 388562347 394249397 396399431 397718528 398934592 407082732 418877042 422456897 425824139 426184770 434736989 444130215 451649403 474633242 475360066 477026348 486163620 486780165 488006442 514684280 516697560 517874097 523621669 540210671 553119505 576431792 586780084 589125328 591453547 592782416 606176928
42 814339418
18763205 19411719 21994813 27724365 30673068 45460897 58471973 93914227 101148823 111657193 112736072 184443415 214150235 222879823 223331341 226507710 227212339 243668379 249594354 266977016 285026688 295957858 310564667 321792207 323056256 325370974 328265450 341705785 345086075 345481386 348724921 349798800 380742095 386575495 389737640 391515172 406888936 415632029 418393762 434039214 435858787 444497807 452499324 461394883 465895518 466031572 477507606 482748516 493285832 503055845 505955463 546637621 565745511 568243471 575614050 601240598 604485965 605102056 605511434 624837177 633400096 646736129 660657716 663769648 666017260 670249943 672361775 680049202 697392938 705583843 706384362 724929314 731746664 736094060 742767089 751438476 765411937 769485005 775282274 782001547 790748902 791919183 806995477 808564797
42 863312454
13850717 19430457 19617400 27258091 35956765 56222308 58156224 69614179 103282384 110551441 120947031 124572470 126931386 128874341 141907727 150695737 188690463 189118675 191339285 215097845 216596211 228105388 244223144 264067291 267510468 281769631 291065805 320339333 322389537 330214966 334246951 347452139 350980986 361082614 385844380 392530352 393739392 403346492 407013421 421973546 436817045 452960654 457628147 458502170 466932854 467612335 472653727 478662774 502716602 511148921 516692947 544487468 548396339 550119647 552067752 553800872 566385821 566409893 572764710 574530905 585812471 605821792 607282007 613328486 637098038 643605570 645505516 663369459 670938249 675081308 676616704 677653292 690584446 698385779 708510389 711833454 772033745 794350630 818761488 823925234 833806041 834791169 848671935 859837471
42 524647271
142532 2746480 9608504 15744252 21534516 29622706 31383545 47420769 48798990 63977441 69593891 79347909 80011454 80478140 84429271 86137147 95873573 104531744 104830007 106382451 114771441 121422229 132094507 135998547 138790491 142029318 147776902 153675418 156800724 159046810 167868016 173324264 173598091 187865319 190876412 192328685 200306165 201228779 209684460 233197283 235748876 244213412 251443978 255235060 258874009 261217684 268452329 283478997 289901973 294287813 298032390 302509330 341654602 348244424 350138350 359257400 367902785 377501000 380005825 389189817 395218442 398592242 399557489 401909997 408632885 415284755 415609495 423256856 424231050 432567323 446356788 456528500 463378555 469009854 471128445 474071705 476880860 486334878 496911140 499344463 502263400 507898026 509254126 524456205
49 875167135
8165474 10881732 18418716 20231162 23881343 33822607 37951009 43138952 59075095 60417659 63136810 71037175 78962815 82529222 85201936 98518484 105964705 120792576 126247870 128514533 130295988 162583182 167317855 167686086 185889025 194492855 202412828 205173609 221476861 223866481 259217574 276574069 307986362 311308311 311660140 311678842 357947200 371699758 372473251 387731836 389839971 404112733 409746278 416215052 423162095 426392190 427010576 431195024 432678998 448014297 448856855 462105877 464930332 481787050 485659957 488440747 491915209 492039393 503814116 509425128 518503606 532566504 561028653 572283861 574494148 580286951 584580193 588053986 591134760 624120640 633396384 634495389 636771997 636844044 645507657 666167190 677973230 688251135 697707259 702893432 707061332 710550367 710953544 744247738 744846274 752352976 766144220 775135734 804191853 806002820 810965870 820595764 822493793 823124602 830439253 844088842 860775813 871995532
60 784142682
5984380 14683686 15233938 22339432 23175861 24959541 47101322 73663015 95716437 119060311 122042301 130305690 144712620 147886143 164994848 183900556 186450143 187063225 214383323 218164057 218761202 223166167 229436592 233832572 236736651 239018251 240674407 250506617 268085901 275665255 277944274 286038558 289598887 306578897 306966822 309944048 314576148 314999979 321110969 325934507 328650534 337800920 341648365 345028845 354462958 358842221 366502565 369472867 370023787 371226767 378300468 387319760 387899858 404248182 404255309 409649358 409995005 419866430 425294042 426174975 465593718 470323186 475834712 490796682 491211526 500690814 500995269 506876076 518176087 519847598 523110015 528461219 532380213 532825711 534112479 535370184 536421753 536773517 550498895 556288600 562997872 566137335 566738566 572810233 574724729 582853413 584129884 591308425 593698609 620988056 623801929 637054369 643516984 651350895 653303468 659029690 670179837 672282183 680994801 683048351 687892510 691216128 693857310 702135443 715348553 720169314 720336225 723271195 726797103 727914269 729888710 734089954 735735718 741200256 753765791 771458957 778595081 778611971 780116882 783895233
66 670929273
14951180 16889928 21341508 41538213 42405219 48569364 61222364 62227532 62845365 75203915 82118859 88326791 88537846 100851639 102466485 104026138 104064054 120669202 126614172 142043070 147750045 151598008 152570451 153561854 155129819 155868944 166794022 167258318 189726187 197854454 198975075 200225905 213095118 220988153 221408119 226849053 229467465 235880173 240585291 251312878 266471750 267608210 275366936 275799253 279466014 281756342 288342325 297326539 302230134 312488017 315543274 317234925 325769501 327640688 332975615 343533499 347974107 355665946 358358281 358378669 365684982 369599745 370997600 375261733 377934100 384170463 394382716 394708959 412357697 412750419 413394829 415428889 416524475 422902405 426547342 433006508 435148644 439110288 440451529 455114089 455873361 457026880 464580897 468340640 471403516 471640965 473315208 473801991 487401761 493116981 493457621 494603719 498035495 500168353 501523766 503283799 509790607 510410551 513744554 524708925 525657873 528589108 529308233 532323957 534769134 535577176 542226123 561905638 573175966 580979912 581534064 582448727 583793222 585492935 593361574 598720255 598855999 604388552 605364735 606126368 606674969 607777947 613055778 632575360 636232645 637850488 640591933 642129735 642444016 644492470 655460201 664664483
45 955786083
15306367 39545600 44136446 74430460 117771817 128022003 130143208 134067995 135654556 139835920 157555633 176054369 201920466 203746415 205090608 218828081 219325888 230611605 238892559 242154162 242936837 272989523 274739277 288770996 302637772 302928183 320217504 320785768 330896290 331863768 337433986 362705775 369827959 372630183 377186589 380806938 397602375 402952229 409218422 410360606 423537359 442958817 451648978 463756112 472018785 502661525 503628846 512159343 527448900 546096264 551639612 565483467 566116547 572502661 580462161 609409948 629013645 630348078 632301883 636939372 640728927 656728255 663572651 672403299 682124144 689816263 689986714 699139686 704058733 706442822 738122486 744848129 762974984 774703101 776083816 779012896 787679961 834071386 845036666 847439790 872349834 873449277 875269980 876880550 881408591 896586648 924502273 925708653 929895618 947105816
59 761081152
2558809 15215512 15471453 30468672 48840425 52388618 59755592 69745250 70284307 84041434 85994803 105173138 107735177 110743850 124741335 125555996 137234997 139093054 151573706 152337437 161272542 169292369 213562304 213812738 215652670 218441701 220224447 235607065 255312052 263385393 264739684 268293873 272066037 272708417 276707565 286239377 292722077 296130108 298766549 299418851 302883685 303554966 303623008 317419258 323860385 325622243 330447729 335599313 338176668 346219018 352356679 358377896 370101218 385072175 388000251 396994425 397880303 408405451 419144348 420930030 422976638 425205178 428251738 429523693 436273241 436627682 448399145 457226116 458639395 462014379 463424214 465219133 488122811 490506492 494372457 522591132 532699915 534466924 538110886 545139501 545351180 546725730 546930203 553086630 561013403 563055639 568844906 574822171 581257233 592778234 601506703 607320723 608392267 610589111 611689931 612816236 625681297 627910791 640098102 659947563 662655085 668437191 668738704 678791836 682743828 683791287 696680627 697623103 702014842 704768193 711386773 716005597 721311439 721580335 726026029 733003475 742292306 742703939
54 759052032
7132075 10295154 22886804 44836031 50322344 51909519 73463866 73536158 81897519 92307599 101381682 119922966 136798356 145326051 149803462 150356903 177053764 186166595 189159741 194284115 195505840 199351675 209382245 215428177 215536343 224149523 232206446 233866697 239938804 244068101 250297253 250846515 259027937 259322534 261465181 263576971 266545187 276674672 279768318 290353664 307076116 308663621 319919355 328674433 330391129 330898166 336167168 340618338 340887040 342139127 346529203 347638991 348919452 364682254 371029188 394643513 401782449 403051838 405378253 406127159 408659097 419103659 419752501 422672413 429578179 430497305 430534756 442854853 444097922 455207957 457741532 463292303 470910300 483267151 497984043 501572804 503230078 506046604 514450136 520149465 523568884 533182529 545267349 562180683 567982762 569314597 570153275 570326107 573101432 584223316 584748464 604078846 606792152 620581177 624640692 641709221 677876339 679664727 687176942 687398079 692087403 693880747 701039013 709712936 716054380 723948628 744072671 749305774
57 578552348
2895638 11198287 11482321 15600270 15980195 19661193 30531940 43784327 54882205 56559099 59128482 68517113 73276897 76380883 79203099 82232447 88070630 93690691 94424693 95377568 104290898 107839500 110865545 111559227 138673686 140619468 153461171 153596453 154444891 154905646 163711215 168144216 191550075 194641131 200837086 227814674 230645191 233747455 237803624 238003871 238653287 240839014 246524121 247433556 247731003 251908217 255820435 261746863 267985865 270320134 271420931 274261959 274395726 280054591 280762737 282657123 286611197 294463186 297172468 303663279 306308655 312858654 317780238 330287251 346378670 352786553 368838753 369720925 373316650 375179283 376139347 378273136 379252351 384054295 387125199 395356002 395661190 404541081 404919952 407544996 413425976 419186687 432117285 433905899 438440293 443764349 447561549 449527457 450538318 454768962 457157138 460439898 461408539 465854780 468865147 473832402 474822276 476385083 477732057 480540603 495922777 499308534 501189218 510657636 511781870 513848745 539325131 539350520 543364034 547360393 548987312 555763652 575508259 576604476
49 568300142
1006204 2449836 3069769 5764464 6050008 7563042 7585781 11617165 21324304 24206806 28048560 31044621 31339417 36688638 41338176 43638959 49671454 72735558 73326842 73554761 80734410 81447342 82208570 92857111 96656166 109194979 118514289 119898874 122266876 128194576 130422318 170847746 176942481 180117086 182478380 184266630 185814802 188208361 199663455 202294298 208194469 212017613 218139125 228518251 239391069 246162804 249390147 262210621 281188267 291360912 297598269 299836740 302399529 303655629 305922310 311652528 311946998 313349259 317348021 321225850 324367134 337014078 337806938 338024673 344412144 349237167 359331236 361103632 364339614 366424891 382663452 398707496 403735759 417215198 419277601 428970209 429311317 443209932 443328708 451266732 457324906 461514220 462982307 466837142 474340662 490047408 490470603 494197388 498148233 510636634 512998988 517053283 520238636 531889222 537581034 540816475 547485472 558020938
48 906169747
1684190 3386752 25845179 29136263 34505108 38725973 47177368 48167915 56255454 65891584 73223800 87467745 99096620 117320153 130661542 136146040 136521704 139899612 143928493 152878833 157929984 159257537 179472764 179821805 180273785 182917658 205644933 206062705 221045761 226091449 229578669 248994504 253463925 271545467 284442966 292455040 315866760 316815917 319690966 324798002 338376724 356648093 357478499 358964045 359811496 369543851 374162730 406832435 415568449 422735367 423641647 431750596 440994056 450473927 451980761 453979482 458556579 465485799 477348393 489607983 493814425 518770411 530867138 539361933 543728716 565470084 578046743 596301608 611564849 627349907 634216928 639207499 645253259 647375522 647693225 663575706 666116210 681067485 687249534 712042058 717753408 730127448 752133451 795214909 819329126 825112513 825268075 828684476 833965289 837458542 851025605 860911446 884413455 891931506 896188974 899356143
57 621293537
5387880 7603609 8797937 14388673 17920267 27862598 42177058 48402235 57346935 59103787 60354474 72097035 74193638 85352212 88655252 96249006 111401804 127599538 132950396 136369493 138878717 143301187 143656462 146509126 147483975 148175103 148197129 150800681 153731747 156015012 156644593 174983368 175477890 177054010 183515212 196898028 197861888 197982457 205305054 210809518 214368275 221908983 227980401 233579531 238705257 248445867 255916120 257744757 275470628 275500416 278009038 279025214 280042225 281372873 293061989 304248282 306056958 339313541 340331211 342356013 345223802 345339058 353466169 355398190 366285033 366416359 380674719 385968453 386002992 387786837 389348422 395631234 405250163 407851022 408697082 412007072 415683856 420519807 436581925 442213821 449657112 458991729 460854535 466488526 489410882 489702241 489984895 497422672 514243710 514546965 519204152 519519459 520161654 523203113 540435115 540577845 546614052 547499161 555845837 566148109 567187497 575127263 583648608 588336025 589888593 591624304 592514355 593476536 599665247 600203038 604631338 605422870 614694097 619227791
50 995746895
5043044 56855310 79139193 90120871 98139535 111891507 112582777 114703668 119865762 119994809 130120937 136267731 139942687 146136507 156279573 176632264 198080832 207782858 208376421 230153156 237876897 239769125 248946114 250251055 259448033 283465985 289175876 326871788 347258868 353914356 364970514 381056375 389233049 395631005 416602273 437805957 466153188 473074674 487406964 491691089 498634607 500589486 508306216 531675051 532151777 536937452 539233947 541015819 544122170 544674619 549051380 553832272 559882637 584015724 595804163 607403461 608301755 619543177 624502512 627226054 647976827 664343689 666343150 667385579 678969166 686158755 688186990 693739124 704076885 720013266 742874137 744933030 755891969 760183942 773853867 774377963 783155115 805922129 810010897 821624114 836028028 839180285 859919572 863111421 866025014 866623903 869881409 882551106 907662143 917441789 925896790 929590153 936824318 945067565 964171797 968285314 972779532 976922391 979118194 993688359
59 599920190
4483068 6033752 12034230 16389479 18901356 20616036 21939239 22708090 25843935 28211029 44200531 52515617 56507316 63538973 63971902 64952633 72282019 78630539 81195024 82862890 84709079 86300215 101050416 110078508 116672884 124097945 124769621 126098938 128871918 130144727 134710646 139380971 140177625 140267021 149359148 149438525 155210729 159975106 160229955 164415903 166579141 170962180 174455457 177045568 181756476 182349980 184719100 187089833 191753452 195048926 198604989 199781790 204226145 205237402 206089011 206942743 213262743 213369229 221868884 224200981 227235794 238901895 243161763 244079764 261640576 266356012 272754533 272838112 285285332 288297729 288526280 294179628 299124327 302009221 303323188 311120360 311672169 315058680 318112041 330336358 330570960 338538048 338743972 345631827 347479596 347612468 353192533 377488833 389252355 399799254 399890251 404410132 408176283 417126764 425054218 446722154 461928340 477019166 477342672 484425056 489286568 506136969 520341146 526178151 536900196 544808001 546267480 547693490 552720432 557612894 560441484 564890093 566039694 570617201 579246612 583929319 594496358 595936051
53 714658649
4391793 12882501 13494909 15954042 37099154 50517561 68244504 71162106 74879225 98599653 100987565 104618163 113660748 116615770 117777355 123562451 129083068 134311519 137503160 142160884 142904858 154792464 155167801 157546244 160154102 160581308 170992018 178848101 182446474 183288151 186948433 187713978 190341810 200470904 204242237 206747730 213748656 230830821 231635614 237731364 243457418 247692658 248672533 271710212 271960193 282002130 295454840 315507994 316872476 317481125 323057916 324608560 327332411 337410437 338462332 340798751 360973554 364008882 371244706 382572874 383733357 386844519 402009690 415498060 417013294 432058453 435406955 438579933 439223821 439960699 457692168 461014942 463119425 470871558 472019965 474697458 487288467 489127600 494424850 499640618 506937044 512902828 540981899 541207912 550703581 556669354 565036632 570166892 578057958 584228549 590853516 593183687 595725812 595991133 620454474 624633016 633396245 644703627 658026414 664182895 683698435 686618693 689319464 697555735 712380649 713524201
53 556393632
3859264 6795374 7964949 10220763 14785768 15503977 15608313 16224738 31458979 34003100 34365826 40764099 46133403 47053837 48925251 55050876 63115363 70790796 78129747 106531977 114918153 115125136 115502645 128752562 133495662 151732578 154760516 155626782 156598851 158652089 161927557 165439418 165474623 166722782 171049461 177825709 192567196 194675278 197263544 197281584 198572595 200214136 209534986 213790117 224195473 231118709 237406466 237801741 239929589 240965831 247791733 254515909 257455807 262454600 263591598 279745833 295197241 296382271 299763323 305432503 306344073 311632700 320700953 325304157 326095400 328075718 329967501 337711764 341113428 342509735 347400291 352229255 360927453 383138250 389366868 390216636 399580612 402536961 406607345 415338804 418664279 419536950 430331103 434568539 440711933 448712163 456991406 467300723 488006272 491641238 495817339 502725371 514069583 514895767 517876681 524071389 533983982 534273876 540690330 541989083 542478775 548125337 548739452 549462312 551504584 552328922
56 703970711
798143 3815712 11790817 13195734 19609653 23194252 41931932 59973289 64258434 66641112 68348566 73863952 75407471 79929889 88955740 100321758 104015458 104632996 108776089 113489278 115191796 115641525 116248881 118916320 119784473 121732186 123737023 125104540 127829018 150025838 159775804 161704203 164255901 182551617 194705093 223928156 234513468 241512112 242993092 243578651 248161915 249483558 259222467 261433478 262662845 266614548 278341077 284510837 285960074 290353093 295802807 295949189 296594447 306862321 316642540 325327956 325827624 335475117 351622369 380138570 388026344 388048376 394463181 399239879 402895064 407264771 409293863 410990315 424075048 426854305 427702452 432248697 433745014 445733014 455239818 461278021 475293768 479538830 482428762 483679361 483743523 503072368 512602204 515330744 517382491 519641409 533832237 537404767 542060321 544943648 552761454 554257046 565884780 566409881 581421393 593999027 594033030 598793278 603205632 616782589 627268827 638084953 642442121 645371750 649772171 653241903 655865299 656854399 665586346 678621590 683430821 700765423
63 915875669
795960 1263995 7624740 23686814 32052655 36940330 41792750 44845345 46458169 63848840 64472260 66213399 74146217 82865591 82921211 83383949 98582881 110893022 116467295 118359801 118528834 119295782 135740364 139583646 149093610 150619178 155282944 157083607 194901398 204672933 205046563 212867243 218483656 232105793 238733336 244002567 252741573 256183938 256306329 257107748 259391711 260097065 260327322 271170025 285228580 285584137 292326736 293625513 299438716 316945358 333614434 339465213 342176212 350014415 350694694 399361350 406342032 416211666 419120006 432265037 449513038 464375553 480227383 480635606 513371431 517639740 521173219 536759504 539449473 544742573 549113457 555624614 564249160 577643761 581997771 587748009 608352361 633425910 643351140 644299060 660789476 662613350 670931723 672161660 679148861 679993898 682475343 684417131 685323553 706844206 707607026 711051535 712170728 716579667 720156052 729163765 743374960 744430739 758318582 769202830 772231925 777391430 789564740 793578228 802962328 806695916 811126041 812015432 817608496 818461234 839656789 859926689 861486370 862689625 864692033 866667662 868334501 870126731 871211426 873975435 876823395 880950512 886290077 890923322 894493252 911302941
55 652541478
9033547 13750055 16810956 17024286 23596530 34258781 38101319 57016886 61680668 62005957 63850397 69451332 70635950 74092863 75036704 87236628 88548057 94658504 103737875 109985170 119339139 125319898 125457100 128495475 132489463 144796162 146477062 155595978 157845359 162798763 164188640 168824177 171892924 175064971 175282551 187442210 200425777 214064695 216048445 220966207 223069825 229017532 229725844 230840899 231911708 232521683 238752219 248686063 250506327 258755444 258814312 268164765 273124358 275447364 277087561 277369339 278743627 280433745 287825321 292192152 315367465 341815978 345764595 347105351 379598154 382279536 400546475 416774179 417859608 422122325 424884374 448417111 462976004 465104277 469211442 473692288 474145250 480660266 481796804 483143890 491204537 497485526 497571646 498433758 527113525 527579116 532217610 542060760 554145989 555295298 558730178 563330340 563935337 565734394 589283189 591282096 591847829 597026578 598631367 602168169 609085933 612504264 613144715 625693850 626369533 626630212 631347631 633923110 637308379 649281428
60 907793652
3256607 4566187 26778732 40526920 45077992 53985190 54771053 56049981 57994624 73013129 74060809 92672842 95057453 112727892 114538831 118302465 145135586 153738194 165588134 172462290 172881394 176983770 189762739 197222351 217891447 219442807 221812870 223557683 225999672 226269407 227319481 233491694 237898413 239747270 242477566 249030238 271585074 292937827 310420001 322963458 332949699 348977251 359444344 387544742 389568618 396865852 398485849 401732410 412793642 420736458 425200840 430055240 438502749 443219329 448037373 455230330 460188780 472732252 490511791 496816373 512746130 524709884 532482483 536935219 541072353 541417082 553235735 567753318 568459034 571607916 578993795 622659857 622716560 629015745 634973634 635226949 642450840 642573741 653652927 656335888 669274661 671969134 679217754 685327571 702136091 708911601 712015481 715561928 723416230 724582862 725010725 725185260 726414642 727788676 741817008 743392348 764633955 769295688 785623635 794681711 798203539 816600085 821090897 827987510 828863486 835693143 837056377 837411179 837605077 844167936 845099020 845330609 845626299 873875678 880659312 888138965 889640623 899488896 904517225 905036969
37 612387215
15065644 26636969 34989196 38902923 48843536 53296314 66363001 90645372 94786686 99549177 102425469 115588830 115704867 127490584 129802849 161808297 164878532 177810185 180604673 184151940 191426665 194877270 198374133 201087400 202253209 204431066 213568655 217865605 221769334 239869541 257981553 265146651 286851793 288263234 309195183 312987417 315618208 324683943 331699186 331973313 341598725 342603097 349369570 360337819 365344998 369760279 374722854 377664461 379284255 381900115 406194616 409450917 419821291 438134180 438663014 439445816 441679617 446002775 467100835 482683107 483669176 500740886 521778824 524542256 530204029 530519242 550782881 563316736 568152953 569705457 571274414 572924118 586849346 593629772
65 730171289
1765275 11688267 22708669 32527154 42017688 46618923 47653740 48053094 52661832 54270577 71014952 71311445 73700830 96274075 98201754 100574646 102442418 108862525 115034316 126647961 154623354 158408216 160370468 168995860 171339432 174821118 189154118 189898277 201285877 204149902 206188311 210296883 215555591 220828662 223869767 224463535 232283900 233935922 239073219 253908935 260654729 269296835 272397882 274975745 281649213 282249108 287184992 301874114 302109815 303579242 321131610 331021719 334896578 342479538 345833783 355230726 370587822 376022270 386341769 392577998 395614657 399226045 406872371 410067478 414852807 417833986 419531961 421177961 435896024 447656879 460475209 463228752 468204955 474843161 475974686 476534848 480572265 481486272 484617241 488713923 493028004 493226883 506334905 515012280 518152701 520175340 520199078 534992503 536536321 545569713 547413432 560542372 566584140 569752898 579858055 582855589 588693725 591790857 592909827 601672781 605602114 610053076 615083628 619853725 625125016 631036380 632620975 633226234 634496571 644228192 657325112 659048736 659314695 666478312 667677889 669385386 672804496 675051981 681737757 685714827 689140192 693680803 693939820 697117212 717332783 718554951 719832054 725105949 725436571 727940043
64 689393850
32639432 41039635 47961729 51339354 54551617 63525675 73556055 76972244 79488815 82609263 88991460 92028266 97086916 112040975 116101432 126653823 132316672 136206234 147060096 152359573 159982011 160910331 162295438 168480600 169945089 177982727 184433487 192446876 194242180 207368915 208493724 212673120 214167388 219627462 223124249 233418873 235471110 240081444 248356955 250568381 255519784 260393618 262074762 270251925 280093803 282314162 284439171 286877173 292763379 305379342 307068126 321764431 324081843 324121324 329719649 331069047 334413486 335170992 341263715 343924110 345306731 353228553 355174863 357768288 364244543 374978545 380602958 385236507 388873281 393068782 402399012 406295200 411375357 417672480 418508915 420852682 422284952 427729472 439898752 460202428 469923672 474556591 485300060 488935523 488980819 503090490 505087600 509247982 510503652 525228463 537244786 539380256 546577254 552129061 553221071 554046088 555381990 555687975 559591102 569967423 573843272 575246710 580432823 597517508 606742359 616276691 616984278 617389945 618638689 621600894 623515041 624569883 633404287 641169701 641372931 645679038 654667850 663260187 667371002 667403977 671105311 672358207 674817466 681652284 681905956 683056617 684870305 687947476
44 654688612
8791712 11380209 11434356 51448383 57735155 68634136 76087598 95600008 98253494 105311115 118868070 123148737 138598906 145512755 154651598 156464454 169196373 173946446 179954143 182948007 182991058 187760383 196866500 201098865 201912963 208156659 222385566 223501046 225109291 232554477 236102444 236806820 239453793 243678921 251745513 262968386 269081105 270283155 276353343 277389285 283082046 292918152 296891825 300095653 301527099 316701766 332519783 332610932 346784478 352701352 352877659 355717759 356363437 358557524 388776449 392447602 410351523 424730924 426572067 443967298 453227390 473711137 477522493 491600358 505418351 511233522 522742715 526224503 535135397 566751497 578329283 581075369 583909180 588763363 588847094 591049983 601318943 613445503 616659799 619613991 621302893 623593466 623637481 627335934 631331172 632497181 640748317 648434210
59 741089222
6408573 9547482 18935974 22731669 32070929 33539130 55333425 68193845 92049386 95969936 99044380 106885394 109722478 114584831 124861227 126538723 145855563 153063734 153558735 155677529 158960793 161050781 161646885 163752299 167088470 177235723 184682185 184932123 188094277 189614944 189931579 197145659 203947272 204609891 210500411 210585411 210960134 211005920 211945936 213037676 222603275 228769208 232642031 233028156 234507716 234518928 239615984 248076681 251240334 252411502 253504771 272978234 284329881 290173644 302142723 316789805 321078877 328386044 329048570 343794151 345507202 361096416 366905271 367262222 368251149 368312868 374105396 379652416 387857572 392481488 397553891 402015197 406068637 406635385 409003657 411600709 413031601 415679343 418151379 419630531 440373331 441785857 447935673 462831095 468445224 470509790 471534186 471807347 473621106 479123849 493305969 524241890 544738523 552646242 563587847 566430012 569475332 587375193 614677730 622880531 623935020 645877146 653934083 663394571 671782446 678322726 687469258 693536585 694120439 697710506 700076461 705651327 709408650 715785147 730540125 730620500 734781824 737878655
52 617498769
10007868 27193193 34928092 48494587 49946412 50579888 56804600 69644351 71611392 85442251 85656182 88671914 95400134 95692675 96057168 96502404 100263522 129082555 138499215 138959433 144604339 145408947 152321181 158299063 160312661 162477385 165580387 165906090 181168145 181769063 184459623 190763526 213313698 216594132 222032419 225990142 238488386 239297185 248195966 248726717 249466368 249491296 253386438 262828089 270639000 273105143 273357050 275088882 275338210 277698360 281337383 281515859 282745238 285902489 291739887 295115674 296937328 312838062 320125717 322712842 331842617 333551546 334075466 338422209 340963963 352919206 364356621 369721442 387326118 388274972 389029074 390525707 402262561 404865112 418382712 419922441 422838314 424804823 425598521 441577729 445908309 456147257 461717354 475986188 480261532 482684547 492883953 504876225 506338887 511413137 512335796 514516183 518072772 524606644 540468500 555674338 559557803 560794294 568603447 578381794 581374367 602091990 606807682 612495985
46 888247314
108756 2005159 2489317 20382722 25710894 50934546 51393019 52231747 56059820 63871469 72147805 75276821 109489566 129638168 139779123 139857268 151172924 163807590 165397879 167650736 171612983 195793502 197945930 201680361 217239819 219516174 224148950 256549421 259075125 271187060 275128689 277924093 281068525 281706409 308373206 313421467 321396229 329308533 330488541 354333967 357446988 360517303 391312221 391922697 395480860 396852795 398397386 406791870 411920423 417807534 438817465 444605384 445800049 474710840 502395898 502764020 504366518 508529546 516394950 528612332 528796910 531781532 537483470 552803066 564053073 572283387 582221618 582620526 590874750 600393479 607376361 612041146 623926092 633739533 634968702 686343393 704902269 708061685 717881292 737273370 754234629 772056943 782703858 786771641 803333907 819114592 829394080 852136488 852355318 865353055 867658448 881957078
43 519279019
9809562 16236359 17009667 29308484 29604074 34094530 41838850 43096586 50174826 52660771 62585443 67683578 80959047 85440398 90653943 93259937 93332484 100956833 106726279 106906616 121350819 129048745 132488271 142073595 152307187 165188870 167514346 171872699 183791171 198485686 202875956 204921466 206678851 211349789 229464396 233304879 233479172 235735258 237219737 254247472 256347109 257425949 263394591 263984744 264019108 265708505 267417588 276089844 287059258 287624504 304339468 306355791 315342422 332719872 336928872 337136596 344551407 346006097 357007479 360861777 365318781 370052596 392467700 393498650 396548293 406024738 407573088 409508099 411929439 420104566 427911664 438370831 462332430 463954485 469962575 471378757 476319766 476839413 481877537 488527596 491842331 510166032 512074829 514668352 516007579 516413407
38 568428973
10381213 10970309 11115402 11535210 22019935 38551017 42912173 47421643 50532613 57772736 62268959 66444182 66763416 67365806 91219267 91819400 94565571 99819002 101317736 101342752 109442465 118720198 131333369 141914770 147422096 165099327 172002453 175200897 176642911 184273783 187823690 190201707 194424868 222770175 225192586 237288620 239287307 256179297 258664198 278264251 290219680 298772488 308844909 315981431 328797253 330427214 335190633 338309221 351160298 356820168 358056163 360916847 379499611 380568652 381405586 381659611 382798940 387600339 402400128 413970777 421566605 436645307 444383526 452707050 455618730 469826714 472775638 487025597 500371173 501131311 506121849 506807825 511217806 522319317 526330921 565726026
44 906883679
32231343 37244755 41134083 61954344 83131942 88906887 102471285 103039102 104705443 108832392 112494965 117374065 124282590 183683274 193626061 214645851 218527127 218662717 220858267 230132154 232668358 235457824 240564949 247756121 249972904 267488532 276675171 287282353 294853195 298168282 300781779 313591450 376046605 414200890 432635112 435844926 446065864 469266762 473933345 474368822 474807102 493803202 499313720 503340170 513535718 525892821 527311116 531595688 535406898 548977950 559049525 564164401 577803250 591237936 606017106 610337019 616429633 621322393 642752244 653543649 655879554 671421049 693062477 710303029 718559412 731462651 734469401 745321964 749612362 775651272 784022040 798639824 813604598 816023863 818019827 820920985 826041179 858292287 862273027 862767507 872114102 875958493 881219312 896131649 901126815 902707331 903150393 903281350
46 655497451
544226 6044265 8124767 13752637 19452220 48310210 67136045 67259671 67989805 69487167 76909705 77268651 87029035 95234618 116867721 130493160 135137027 156063456 156312302 163622697 165281584 171057975 178087808 191429208 200801926 217380857 217581129 226544451 227953454 229827767 231802498 233610793 250179101 254402522 255655795 262138509 266192305 267723271 268977211 274591380 276789541 280320338 289102111 292469182 292687682 299970710 301352086 302600182 313411599 318889359 344022326 353524242 362630766 369351073 371964610 395601527 397620184 400423347 402655084 403490611 406470613 424198962 425564361 439123886 445817586 465923691 490884109 496780022 496965588 497921264 503811188 515376170 519572170 525986565 545887960 555129528 564161959 571537058 574255975 576853555 579001368 585948024 593527876 594799149 599626496 601825857 603475847 617253583 621509044 640283149 642025073 651548057
44 554191149
2195374 3356566 5664621 18988319 19003329 19085410 20981496 30890213 40441693 43409347 43728596 54990242 59340389 65490481 68988037 73047375 125977866 127933781 129096585 138931293 146523342 148050724 159548908 159567351 159782404 159959789 161560209 172804794 175041591 178912909 180515350 180582056 188321773 198354599 208931606 210964548 221709366 222004163 232362771 239638209 244482584 245197889 259771277 260181741 269423147 270890770 276107934 276347793 280543636 282942123 304580655 310947587 323510146 323826566 361017451 365394325 365848737 374294729 374351259 379491323 388515510 390789473 401946061 404272140 410124994 412177012 425109699 427693701 427898597 432307771 433529052 434841818 438723398 443980780 459040879 462761290 466967106 471518099 473204645 478642649 479747882 491509732 493716269 509227196 509458264 518557075 525053549 532315094
54 547579873
407685 5697647 6897312 7252981 8021022 15896689 20252362 22756087 23793011 33121890 34761946 35985931 37861504 40521497 50651252 54210363 63390481 64616591 72392724 74412360 81480799 82420910 98261127 106364433 114997010 133969247 139070089 141366832 145529324 148596897 150498971 153028892 159367961 160854232 163841231 168646587 176392602 180451063 184524463 198422666 206055838 213616614 216787033 218503286 240599895 249267460 250181839 250643540 252563042 252826447 259891947 260668492 263780133 272461368 276087717 278606091 287394350 290204012 306813980 307689965 311333731 322532745 323759751 327479479 334398727 345428187 346470382 350484712 378287417 379964284 381711080 382080451 394776667 403878038 408088469 409215781 412372498 414715067 417698773 418633492 421563315 422007798 425126853 447055843 452589355 467846869 468154785 474612636 478323668 486697799 487077090 488438950 492198833 497966018 500486032 507792118 509287694 515902846 516124984 516838132 519601253 523156168 529098046 529813759 530447857 530553737 534095071 546019381
44 817077182
174279 2484009 26540517 44746771 54349439 88900885 120380346 141605068 146266435 177696418 185929311 205427130 211634182 213205509 217062695 217079317 217416617 220784602 226666160 233881068 247884260 249705293 259946413 262196329 270263489 291751748 294360918 301129061 304324741 307705439 318349204 343819753 345305974 351395679 355923169 364318379 369440205 371471976 382663602 404946698 422596963 422809819 441249716 468971965 472258985 477883034 478570882 482597736 504960281 507775691 511782169 528467846 533709906 540719637 559071293 583085301 585542892 617071271 624335886 678840086 679264338 679536631 680944924 684135905 684815104 685811318 686111143 694048720 699227152 702003012 705324629 720754160 723166515 728746857 734447690 737667615 746675462 760932695 762500305 774931700 779073051 780832725 788983702 800714886 801384923 804174407 809224631 810294164
51 977431332
10550032 29782951 31572533 44681613 51403286 79123189 116072873 116373428 116412666 153725922 159609464 169146776 172517632 196570153 204152152 209075360 211531355 213447868 219772520 229515149 233796744 242609162 253830785 258289582 267958178 299479628 300711818 322600893 325992778 341871644 352458857 357522980 361260211 362763707 395833626 398857046 406678072 408661012 428802168 438791185 439947550 455745904 455866096 459658450 472986843 476686202 494501282 501899744 503256011 508117227 510941098 512534389 512700956 514197528 523056589 532060847 540546314 574858147 580032818 599933616 603555737 606039232 611450829 634432894 635276942 647376919 690509562 693661685 719370883 720206751 731879168 743791124 749508068 761892477 768240476 768943805 769785571 798968364 800714601 801372461 812081833 813754651 814446443 814657953 815493413 833806100 868796702 879785560 893835144 896256362 912059025 914722788 915997362 916790972 923372263 927392235 936061066 947242830 950956275 966830166 972984215 975630705
51 534753760
17296540 21733615 31332669 41012465 42724165 44778374 51880295 54575209 67576953 68649341 69226816 75391578 81501369 91526671 97667920 100286552 104689889 104822908 110217112 111509796 112712625 115212976 127938679 128480002 135162457 135681499 135746472 151393278 154813354 159773266 168495092 170988019 190675949 192906731 197266916 208456147 216441655 218125698 228309175 229452794 233799408 234384251 235439787 235946364 236147489 242082228 249923197 250485714 257484703 261197609 264451218 266900418 270072962 285801013 287111502 289585947 298001232 306003542 308993449 309586403 319255091 321424509 323883787 328955364 329985997 350902580 353370206 355342212 358308100 358635464 362746431 363271553 363459656 365615238 366010714 366209159 376934745 384577163 388977439 403569249 404346477 406426142 412824412 414220134 416843407 422265167 426427381 427110271 433286194 440139230 448528522 450698850 452225463 452881999 456184785 464900347 467161768 477062875 500686813 510602823 521531250 530034513
51 777924030
6306335 8052880 14932764 34791179 36021802 55130529 55648184 79545648 80037323 89972262 100891173 105710754 131337509 136709235 141946094 162411590 171019271 174192495 177500977 179948260 185771288 189723861 189793619 195781785 199971510 204110131 205772581 206961471 212570633 214573236 225645422 228683919 237937544 239711275 245036204 246733432 266973819 270738241 277933778 285203389 286760866 288929229 299721468 325588102 341283268 347887161 351887568 356492093 361232758 361720207 365402977 367231216 368854803 373831115 382146624 391517908 400932143 402353003 402779155 406542027 411895555 418285701 423133772 432835966 440541230 442930736 446934078 453583357 483820146 493198467 494281727 498708716 503233835 509110522 510189880 516789251 517161123 517925168 533961986 534996796 536116447 555490962 560288468 568319520 570806573 581527884 587008264 589382223 591414837 596078481 598686571 615435263 615838830 629605189 645617012 669636273 670532115 703575442 727950899 742789867 759226834 777649486
46 541543237
21974163 23558961 28242475 28454114 29230610 36708104 42419763 47488213 54614043 56794021 57718748 59904061 62430914 64228440 75875786 78864959 86215355 93281221 99637663 107977116 121864698 124753153 128247028 137740130 139355080 182977239 188741040 190146154 193534843 204744822 208915558 216595968 218570404 219984248 232794223 239133189 245585278 248934855 249261796 266084526 284028447 297690560 299432715 306282474 309740960 312410517 315046351 315497424 315755037 318031960 323941976 324990805 328355924 329823499 349078772 351997526 360826856 372706223 373868716 374426266 380721963 384178167 385338069 391784495 393274805 399108142 407767266 415189356 417201556 422295389 423085010 427175877 429342332 431751281 436421627 439907977 451272249 453080362 463009467 463043044 463391637 475366478 485902033 495147895 497590356 500593443 519655495 520191480 523174460 524225798 530452811 535481578
49 939157193
1596814 6521252 19760618 21502767 35967151 38020111 47247223 58148354 62123872 65799242 68268756 76180430 78661596 79041115 90268163 106139612 122317604 127355124 136847863 146750427 147936622 156105557 165027090 198953616 202342552 248940279 252004271 273932088 276895647 285899213 288402826 310004135 312006881 320084397 325020549 325985827 332004613 332993905 341327567 352437398 372067155 382146969 396926669 398684884 401736908 402814657 416397808 418480397 418746549 427376371 433922059 458129203 461963496 464235673 465880099 469609455 478002967 482162270 501076850 506698401 532077705 540336489 548449025 549292034 560346083 567352799 584397677 585770858 596606036 602811516 614692446 631645538 644543023 656525436 665359960 668405531 676774067 688544245 701863810 718717397 733601677 737807483 751273402 766963406 768411006 780010021 797551996 814600696 821351291 830893385 831809734 836846854 857388188 866414780 867752978 868370480 879780883 892772272
46 948789106
2605308 7521018 20739155 35054872 40451425 47077762 48865821 54261930 61264466 71618449 84166517 102369994 102625247 120546888 141634272 151393216 168883288 169217748 171703338 181090392 209908479 217623702 261492325 264730994 268971345 273970197 278639267 281415849 285804741 290475950 290509100 292139426 293874595 294343897 306540580 317374886 328775725 339657239 340649231 347352514 373122403 379410974 396511049 397026406 413969643 418767709 430114549 454981238 459476526 471709065 472117989 488455363 494792260 510154048 514655084 522763925 575503472 579429760 588611298 609593892 623388149 665920046 682904188 690545154 697483840 704440945 715083019 715421752 717827739 731862209 734737880 759413327 760226115 765001413 769713993 769785113 776724801 783034596 784683506 797263274 798293942 802490134 804970576 824433702 851825094 852118644 856205184 867666622 872794860 875353822 915352150 922337761
48 956269563
13422368 31590061 39578060 44817878 67488368 79632959 79763498 81685049 113389425 127785602 130459310 146608698 153956715 158214096 185277699 204075631 218322963 218341486 225728871 227676126 229845601 232579154 249038270 264447196 274863604 279386151 281725451 314868559 330506775 339310433 344566940 344984124 347063529 361118891 373914907 411141648 428334246 446511764 454647481 464332014 469596844 481916351 482354295 485066081 489588216 490183377 494354796 496977778 500727196 515670759 520263252 529227055 532908551 535205905 537990782 566460445 567047856 597604708 609019369 619614095 620263341 621348254 641257058 650735707 656003801 662608506 665408344 671438634 688012483 703220160 720892970 737973015 755241461 782588194 798904365 816843374 821539342 821592865 824584052 829253162 839892088 843844368 844073832 845345976 847202549 850185107 855873826 864102744 871191450 873968529 877582966 885294739 900840988 926808597 943486762 954602426
51 832118473
1993200 2954204 16213570 26297178 51862455 57257128 61493948 61736480 71867180 80859184 92043896 109930494 110146801 117073641 125625408 136873029 138343706 162374971 169272696 184952202 186896574 193627583 205622421 208219075 216822897 240641764 243590384 249289349 251000591 252264796 254030705 266103761 285692007 288787661 297259197 303160588 313931267 314022340 316326560 329251924 331117677 331547967 335951540 342890027 349752607 358022963 368852217 372272878 384292629 390064866 393711199 403500469 416563393 425425054 437325991 442431196 456659543 458078180 472386433 478235479 487597422 506328999 525859279 532359241 534415507 538490377 539673917 553905639 561234177 561991344 563749935 568031493 570009721 571503192 576448526 584221285 584897515 586321332 587102525 592685413 598638782 610913311 613442966 620561168 628495949 628714997 629769922 635086140 665055753 668517445 680611271 694202190 696456409 730044469 735436305 753331518 756599822 792547450 815250622 815388610 818243875 820633446
61 532112996
1276613 2508058 2767910 2906769 4618690 13549659 17211430 29524670 31754286 37712276 39743120 53249961 56349671 61208544 64688368 65294018 70488454 75380621 76713632 76716692 77702104 81483367 83758576 92534918 95726276 98631238 98648805 101709521 110671104 111778358 114682657 114736287 115282161 122100440 124865234 128713630 130925678 137990172 141123831 142813135 146681420 147310367 149781641 151667932 157882940 166053490 168587123 171444831 175715779 190382245 193594072 203391799 206765513 208169696 210486293 213914748 216621306 222006968 232032691 241403905 245372319 247529998 250861720 251304364 259712600 262452818 262606190 263274370 269967640 276154685 277573703 279016856 298701259 315197787 325009303 326475075 327372813 331547308 347162589 349083185 351288428 351908593 360573689 368188848 368531923 368540847 371463703 373697391 379600058 385525389 385871638 388367050 391503366 392357883 397410912 405056037 418454450 418780317 421096668 425594141 432352375 435743073 443638775 443955964 448010205 449396117 456852600 462604002 464925315 475507261 486795604 490288890 490946354 499112818 502432861 504009227 507173036 507494439 514212743 527983993 528863390 529341755
53 700944431
4419423 10076927 13740216 15352061 17240702 17817479 22887619 23977176 33230157 36665244 41866281 47825675 53730653 54369930 54860611 56243809 59281498 75301374 80256588 87230603 94041165 97645448 103095987 103556963 111084777 112045482 115866888 129298801 132109690 137888493 137905307 140314402 145585358 158128994 164693218 170673611 189816294 200811118 203806879 211528482 216306816 223946409 229196119 246499838 259554836 270938149 271640755 281633285 305498264 306077255 310164270 311264731 312766510 317740504 320191560 320506966 334303251 337725171 339132209 340798553 343379216 350505226 356940114 376436808 391247241 392411288 398601540 404324101 423190699 426829659 427536868 435136190 435435505 435869176 468497161 470760921 479904405 488477654 520886909 524699544 526963130 534827105 542154035 554194566 555599728 556787223 558044208 560748846 563144026 571437583 582415971 593432356 600088523 618886725 626820234 628122327 628985503 634068441 654742084 657853857 660583456 677164191 679395580 687112352 694820263 696868098
42 503792687
3668534 8894918 14750652 24523845 27717453 29797279 30351205 54908769 56615241 61758845 64843663 71543769 75232737 78154363 86878517 90924971 102934364 105718763 110314456 117926982 122071399 149782383 151601364 155913725 158282657 160611621 176179103 188167562 188630429 192964735 196722039 198743553 204362509 219151130 240495832 241699893 254893164 270916443 280878490 295098926 298744511 299436453 303567235 304457329 316419695 320414125 322489174 328271036 331291203 332424402 340218871 343962584 345993728 347314540 350556193 355005229 358117148 358943659 372912090 375915061 375993041 379705137 391559992 396961472 402293058 406857035 410081684 417167115 421989490 427066828 432248372 448032161 448456528 451152422 454830965 458798127 460509648 461066227 478522143 483246613 487830989 492198503 499067616 499651132
57 965484591
16531905 26503370 52749754 58677983 59512949 72369282 76433130 80257503 92272968 100852537 103030065 103303713 104814587 114571681 144928207 145268093 151296742 165413933 167420682 180511874 210341926 213245277 217727662 222297175 225314424 226069612 242856663 249285090 271321182 279094683 284265202 287759805 289568323 303294642 327002632 328792595 351154404 373139596 380010322 383383739 393941894 424817795 428805627 435879079 438765689 446093185 447218582 470955721 478646123 482862742 489202039 492707135 503044472 504727295 506433217 525275642 531628416 542182544 543250949 552176733 572085932 574092708 574338846 582235878 584928283 588876339 593734118 602943428 603367279 607513968 624693473 630715906 642590190 642753523 648405805 660669782 661211156 661525280 666794002 668521037 675158661 686985031 707033351 710761832 715467493 717662952 721980613 734023445 748895149 751363808 778902309 785908864 792791640 793122567 803108060 803399090 809513821 822002300 826158201 830085371 839509936 843350737 845282635 847906606 848362102 851383948 852278305 855165938 858385698 876088053 893638239 943298229 947899774 950555733
50 826493186
12311154 37251349 42020607 54949132 72546427 74291591 90206137 102195745 140831463 140890193 151594577 158331856 174268503 174784752 177628007 182762846 196413398 200616811 203216496 203950022 215488116 219383783 225775648 236095007 240159545 248489378 266623796 277827459 282260509 288646405 290982105 297482235 299200006 303371268 307448658 308102183 317280770 321688852 326799253 334735558 339761417 341815865 349151332 349985656 351827893 352456538 356817060 360303065 367356015 375142851 380802083 398854067 402889031 411459157 421691437 441853753 448255509 455657526 457184508 460214977 481615834 482145774 484912695 489409132 494924900 495917888 496857236 502168098 510687800 515103632 522714110 531482419 551429154 556559294 566543530 567786949 569811279 575804203 575865650 583456230 590271687 596257569 597046059 601248797 602831267 611273592 614455693 647968383 649705744 668033821 673378326 689247531 691244920 714254667 734984440 749589605 754284541 784777886 788385693 820043944
56 650207987
1312288 10373495 13724886 15149144 16820080 33207799 39125394 46526748 52820998 55134045 56287561 57431780 63389941 65332868 66562016 68402534 70681819 72829270 77701362 86113318 86238518 89453410 97143174 105574809 115014418 122818439 126626827 154889501 158910607 160819532 172093034 182960799 192464282 194020444 195749096 196148592 202182178 213377461 227633641 229938079 231559886 236176331 242390535 242840116 264267278 265571826 269441776 271604854 296104496 298435886 300921788 311366929 318941459 327050495 327133137 333512245 336025217 338941211 340542410 341785353 358466258 367680008 374884651 376015893 397297693 397942235 399740896 414846266 415387083 427834481 430033927 431079142 432929688 439089373 449311199 452403340 463196586 468718767 478694086 481131113 492052626 493412503 497852861 497925926 499574548 500104499 505862774 509438199 518920531 523598823 529382563 534200569 534436416 549489645 556014126 564096703 575919729 581521344 587153650 597231805 601510726 606213360 612054051 612806429 622721305 623911576 625003990 631819224 634314919 636355653 636372943 647958537
51 674955478
6393623 9466718 15165396 15195343 15330378 20729198 23730441 27678726 30223608 31682333 47439346 68895056 75778064 91439817 95474069 111593840 115522034 116139647 123360000 130128763 130778261 141133915 143890040 151189758 151297545 153371266 156044448 177970791 187580973 189315835 202273867 212148313 218313413 225092498 229470623 230748185 237926761 250994585 271024272 277529578 281629617 286218903 307414250 307812064 309954356 310219935 313384504 313625662 315447208 316393254 317334257 348150281 365938669 370494482 373207237 385374633 397781462 398042383 411090099 411130304 417458973 424954328 430422829 438540823 444397824 449303582 449415039 461955716 462705294 475633689 488236453 492979933 494828477 503585506 513707535 515776582 516559560 517650500 522907337 523602350 529720585 543839353 547761773 555012565 558754244 565506714 570889327 572296985 588462791 600552369 611804641 612184970 617532343 622226467 623893512 627248789 630661848 631227939 639729408 645093620 661264494 663183549
64 551608296
5221162 6147411 16940344 17219464 17371643 18473877 23803010 25630991 27218843 32947139 42459001 49782212 49957535 52097015 52228427 59317106 64554817 66940068 72035990 76487601 95980752 97852068 99678828 99957750 102041266 104281084 105704085 115199244 124867348 127774178 128686522 133850869 134113911 135462852 149282743 157422035 158655319 159074914 169252677 171501968 174399890 175986725 176519628 181271382 189769926 190075495 190631529 198906644 203395487 204272256 211281048 215265141 215861266 218387000 231896834 239706780 244789122 247892946 261501790 262402235 268836395 278924459 285212331 289955117 294398235 300890559 303976171 304092899 306922396 306959253 309688151 310416804 322231622 325438757 329482017 331175828 331536790 332608905 333160075 333875476 336693543 336751895 341566230 341622962 342040045 346667260 347400689 351777873 356041552 358045909 359316557 359622825 361994638 373797690 375155758 377194727 377781372 393375987 397121783 403886899 410239602 411104972 413299229 415716997 415995443 421004592 421345578 432732031 434853764 441307199 450616701 455500629 458096803 465159318 467384682 471746468 482640181 487156767 490091453 505426336 508833258 512613565 513015387 513866111 525993630 537361886 538151134 539771268
44 942979338
44234652 62318129 65554762 71929789 72858351 78970153 89537952 101131497 117385754 128556395 161016892 169893079 198635437 221404273 234958495 262714660 269657430 275467291 278512984 285733719 286655133 293394464 296821378 304860696 313190765 334779512 341023851 349630007 367800752 378934340 397443738 424841904 433932103 436785288 453477074 461952578 468798513 473051128 478894996 484877179 497619144 503727562 516303314 522637314 533495842 544382768 554324914 559877396 563492774 584432894 586975865 593128410 616067240 619764513 620247798 631525243 657978487 661798833 664487391 675114328 679243970 691887645 701890281 735628913 736573298 738246795 747539308 753385527 763053501 785817887 796861988 801921103 803927104 816201032 816263228 821327416 825023419 832511581 853349706 859210310 859318735 862787428 886970762 892810355 909149416 925584720 931466521 942124879
46 651871650
20977952 31506413 34197512 36260203 37118906 38635743 50771290 70243393 82935123 90238783 98712332 104623198 105002406 115037037 152290986 157506336 189404886 191969885 192448085 211309335 216266759 229444177 234982329 248718171 249961724 265401937 271312663 284645034 285993689 294773096 298363303 303824242 307990888 309630352 316381302 346529304 366202606 374919191 378396147 378673804 383712531 400934279 409634937 422854849 426295127 427081045 427595532 430518783 432622153 432908055 435773857 439492570 441015335 457589044 462927854 472820445 478719572 483719311 489807689 491109367 491992533 492870001 495882114 509174424 510994345 512906059 521741582 522643137 531672031 535652075 544020035 545055159 545454759 546228058 547264924 547591154 559114684 561742120 567012536 577984244 585838195 586683377 587585952 599781096 601078291 601651221 602245565 603511043 610425020 614960388 628987963 638065829
62 983761341
16172489 17341918 18554611 43903876 45201209 66173246 69497049 71135362 79515983 84437321 84658541 91082904 112188178 119910701 121327892 133968282 157914452 158834260 169176510 169518677 177307547 178675052 178812264 187796553 189359103 200010845 203901946 243050744 243739665 245533067 245970197 251915739 256378384 267393160 268463891 272351632 285447496 287035896 309426483 310538336 310610695 325439164 333912500 353774877 357895158 362909236 368342482 371053087 371683175 388562781 396253528 396814989 398967491 410367327 415653972 437116672 447242941 461992089 476103664 483888470 504123280 508012471 514368132 525424162 536103358 542139168 544929029 545043548 545909116 561529272 577788763 584907597 597013200 606687263 623446201 625612003 626170180 637102240 653304722 656660064 666819131 670109490 670490806 672100383 675516788 685673249 686051809 689045370 689600928 693725344 694737894 702405755 704669740 710246609 714176821 724325682 725953887 737297669 769727043 798213452 808220702 814813825 816483402 832615474 833282289 835137116 835153900 852738443 857831663 866165340 888699817 893400842 895291863 900993101 908908552 921017937 928733923 928900781 934958807 935809559 955874406 967766106 978940503 979711938
53 895014421
4922106 6960422 8505343 15015609 18624092 26768626 44494834 46767785 61139005 61852621 68803272 68954067 76021215 80474782 83812694 83980385 113104060 113463318 117125072 118152007 120110222 124714221 153349751 156315734 174838958 177176586 177516830 207972375 208998836 214432636 219740428 220851415 227896800 241647330 244183917 244780448 255023713 256295191 272149747 292750080 295046532 296079330 309008032 326661580 331764073 346786073 347267282 352015783 383062890 397476361 408334588 411564591 442468302 444269830 446245265 461672991 463444687 470058538 472803364 473919701 477382026 494598174 498215028 501710425 520705858 521734963 546957692 556073464 571651655 579000942 587578419 590183169 607777091 616116161 628794127 634900766 638239580 639683557 657587588 661825986 668773242 679112924 687844673 690803605 706422436 716840139 719363349 721407946 726866571 727030645 744490308 750691489 752883159 767736364 801532333 825331313 833897537 834853466 865860617 866074838 866818870 876777056 877663853 881785704 883865359 884773351
61 786013293
4368697 6356582 52969510 58524595 61145342 77022649 86629334 88676200 95580677 96995492 106765600 109275347 127208572 145035289 151325359 154241043 160471723 161162718 161821580 164506078 168182704 180569249 186066259 202800565 206057241 213169879 223005335 225014619 237022313 238864610 249147373 249654553 249919316 253087901 259106076 259121111 259664850 267797310 270168687 276722222 280981055 285824049 286253835 288976695 307269252 313334584 336309304 337745854 343344975 353283014 374306424 383662468 394164951 395281843 395637529 400023520 405223321 405473528 407115762 407173806 418200596 424632765 441635721 446273374 447997817 455589832 461264477 463810839 465281101 468075953 471022947 475894239 477136904 482007099 485631314 487247466 500466910 501471933 511961416 516198873 524718383 545757673 549848533 556320310 556595582 557833761 575475378 590040473 604688091 611511927 615817607 620574449 630129890 634496443 655697732 660643884 667479975 679884081 684049148 684132703 689626752 697167397 701795016 708195059 722785632 723363967 730278973 732909187 734278095 741836009 744069519 744474065 745320962 746200173 748688215 752303635 759774309 761424986 768034712 769170908 770662691 778649832
42 995464955
14738128 22533565 28157104 59665986 69456220 71330647 84356385 101247441 105413530 114016746 132435062 137809610 138027015 142364374 143883768 150211688 151376471 160588346 163700368 164955766 169360798 181641707 212666874 232509557 249248131 255530378 258083596 261553258 262740883 291052188 301124835 306289534 309373491 367914117 378553626 391315853 397871154 411646832 417367996 421423372 452424069 482574996 492117732 510685079 516721614 525218214 530515803 560744822 563564972 569511977 578699407 599464670 625268802 625347990 637830599 639282836 646021435 652872570 671444123 674395083 679067096 704870439 722290674 726286152 737083509 772209544 785495800 817783271 820945832 823106842 860356234 865010376 877315024 897261314 899839973 901536048 929693165 946383192 948580563 949196468 960024018 961264100 978281901 982258807
44 831882198
821109 2681323 35410076 36684728 72957292 84072603 88968641 102244864 109308163 115929368 121820621 125465523 132697953 137309942 151399410 152795108 165167259 170800262 171182825 180758951 182780652 190763141 203177051 203754639 206515022 212039610 232715334 238627038 276403845 276875593 283064524 283210399 283789315 301010550 303289181 324486639 347008921 350423554 352294167 352669103 364707303 367409563 371763239 389539283 400439929 405456058 442475694 444828423 453124783 456517711 458104261 484983415 485687960 492089565 497119338 514944902 520656237 537313399 558332509 560900170 567266656 579572148 599951207 602971254 627152718 634848452 645888615 653328796 654701960 668874388 670617473 674264243 683521361 684331686 688416013 691348199 709189199 727574254 739374745 744098886 758501125 779060180 788994293 799513677 804476704 809014336 809642709 825277127
46 550994747
27007 1173072 2091125 6647359 12207856 14145561 19307932 20219800 26056120 37084875 41216609 61079723 62318101 64211611 77583577 78204719 82740685 87885419 90242418 101147118 106133618 110372639 110491612 128705944 133219021 139162280 140229017 146797316 151836403 167880619 168359088 179931480 182448451 183734787 202055798 205798821 221721267 236096281 236882121 237810718 250471966 256457144 260952878 266261806 267706943 267921738 275225641 289662237 295663660 302195780 307345047 311127416 312834917 314326556 315608414 316093427 317275304 318971177 319497117 323090443 327271780 329582023 340441890 357802885 359947669 364010843 369273968 374702703 375870057 376290985 384913408 385654047 395564343 409464197 412870163 417047848 421535168 427649478 430104910 436861540 452328524 452676902 465643584 496622746 502132429 510006327 513712056 518830432 522805564 525674951 532589103 540147433
49 759461953
846067 1021960 2799341 8424163 13725212 21933777 44417845 46100239 46358285 49405772 74322172 81639526 90808896 94397175 99861564 110043094 118097644 123459333 130273223 150885650 180301857 184528876 203764643 226566396 228967422 230978654 230978787 235926834 239286623 250873164 251329432 254048348 256144064 268356225 298126784 307825246 313893253 319954674 324570023 329256224 332158109 345988722 351072549 354226929 364964892 365820191 367257792 378492989 398795353 402758698 428062070 428242428 430945488 437239704 445154345 460096570 465755772 470536433 476596333 480001121 486696137 511163391 521169365 524855067 533977113 539337418 541765113 549798291 551361859 554092872 558877832 559999904 563331063 568847308 573106613 573306556 582244365 583728853 597492812 608403839 608846998 614715581 615774672 629064995 631784699 636230740 645664387 648634410 661587195 672158262 684399314 685850709 703306688 703483370 710486102 716549772 719587906 753536179
49 567029304
187204 3212853 9688363 10176041 11184457 17048450 25129571 27360130 32022637 41625536 60919517 70819835 84258111 93228505 93948392 95260620 107961202 116873505 121118849 123810077 152920370 159748890 162507354 172656356 173352887 177286801 185816689 188377112 193225072 195825353 196805016 199122450 222525458 223418374 225569396 233202110 242619779 247531396 252045517 260831022 261563885 276755204 283678490 284131791 291815405 293240380 294383298 295542850 296751229 304889994 304900149 306583731 308729074 313693510 316391299 323037611 325019890 328772254 342494362 346971136 351387008 358598130 361628777 375885216 383452253 384545598 389185205 390785302 416749972 417274233 419014720 428329110 432064525 439021908 450188605 456522657 465005668 466534554 472626415 472758037 475448074 475595977 483256544 485786242 486129134 486867490 491656769 491779190 493357144 501803000 509228104 516883957 522530811 543287967 547653012 549146734 564696197 565953121
44 798046659
13038184 27432387 28559255 28715838 32650476 34013612 40093473 56351477 60239062 60880432 63129831 68870664 76114967 87258948 88364731 90400294 90475040 120784891 135172559 140365732 164992761 174963021 176728278 187327202 196827987 205665649 206043678 223408839 227243468 228708694 246705894 257675121 270413275 281228644 281333032 295809836 296266335 296336211 305064978 307643558 312810337 314267765 323166311 328100135 333765253 336803036 337818618 411795920 421737013 429390452 447160593 451765063 459238533 474004717 477105420 477596246 478864737 515812034 520047361 520722020 541143768 549576335 552710179 559723132 566498099 571851720 583721982 590166911 594711455 632637077 642705769 648617147 648836952 649026697 649163644 651645137 664209958 665713441 683736037 689396549 710771250 725050839 734141603 738805791 763362792 765111409 795148789 797619646
60 891736387
22236970 23927816 46385560 54824626 56463984 58647984 65233479 87783724 97749546 101333919 105254400 113126785 120771567 143056853 146169041 165002014 165140454 166075193 170019563 170676521 177860130 215683417 216159641 220583779 224733215 226064054 232243687 232648374 233070377 252872414 257288617 271276850 271344676 290493629 300904545 318661025 323578784 327198257 345420832 348841729 357712921 371685957 375902142 376638583 386962903 387271767 388579045 388671295 391739415 396068554 396264915 400763761 402304107 402905661 407235136 425843699 432981904 433911227 446676434 457058301 460241496 462468246 469294534 471586635 472234065 486613522 497303486 501523188 508770655 510933522 517461365 525737720 526559825 547561520 552311733 552411420 552595606 552737947 561889116 568771852 597465506 603124076 616936331 632044076 640196388 651962033 653811378 658785822 664778702 676169328 685376965 686937240 693537631 694414291 695490019 707836182 714657810 716361121 727784129 742233574 770797195 771866471 771924521 776798287 778783863 779695159 787988179 790067940 790239419 797180693 801120503 802289699 809305380 819917973 828119124 859678413 870464003 875528604 880433123 889548377
52 714904423
24599129 34218375 54850613 55246514 57827532 62676156 78572683 87187686 88402410 92592022 97401452 99014097 101282549 102235240 105326379 118188853 127865988 131675983 132217605 134319810 149213191 151349924 161906806 170793039 173254783 177496697 189831522 191042690 210670511 219745008 220520069 221516597 222218239 232299718 233298300 242734262 242994170 260676573 274414031 276585428 280830193 287795397 295581759 295952208 320614863 320965590 343848628 343947649 344668711 350090423 358243475 359005622 362889930 366838499 366892066 367383224 368428898 369987048 378736527 382145631 401663814 408128044 415126970 417726515 434231312 444217586 455550609 465275472 469184005 471035265 471788908 488416120 488688457 489651068 490268108 495420314 498395145 510199830 521438185 533435061 536121561 551517057 565691491 567398864 568929584 571536643 584900932 591985534 605663751 618322629 629515453 629830806 633611825 634281412 634324258 665222563 672327970 673746437 690302861 697936603 705494455 708413773 711896002 714264923
46 652365794
4195132 18087479 27833330 56663250 63528710 73949569 74224453 78841806 91879294 99427966 107133957 108140541 109313229 123854671 147848638 150749695 155016623 157742960 161297020 173558785 176767167 179631467 183144591 194139598 202821354 205152182 209306786 211534364 216309377 239099566 245685350 253975128 256504621 257841483 266828807 269742763 284962344 290881250 293753452 316056986 323195111 358915807 362423733 366949022 368175513 377454338 378788598 382226975 386164783 388004817 392095456 398013610 414268546 415330803 416520411 420073034 429996155 446421222 450989126 461760348 464869381 465308368 475765448 478154329 491771236 492180687 495652698 502109625 505459180 510806971 511066491 513134760 516251482 519084196 521776317 528038090 529381554 529461001 530185524 540266554 555020678 568302687 579734138 579916106 581299298 597162569 600302429 600309747 602391094 605160670 622935480 634810989
42 830728917
14579222 36284757 43802199 45906060 49235392 56383306 62032503 63606643 65785359 151541611 158743866 170038492 173599585 177748647 190702932 206532021 208776912 215241423 215704153 223149814 265758504 271222366 291265254 303725980 306469776 309159584 326363423 328518399 337974217 342508212 342732980 343603792 349887534 354123949 354155721 369965100 399616995 408816165 427230769 438557664 446101088 467854770 470369189 473409129 478026772 484072020 507597098 550751201 554965518 557392909 560430549 564426584 564533328 565068927 565539673 567093578 577839308 626793400 628007176 639610906 648888308 654373104 655222607 659645884 663477088 665097236 681891986 682839867 721442978 724357016 726136777 743485758 748212451 765075865 766379414 775225122 785110277 785160252 792270810 812990916 814432917 815997059 822561166 824397741
32 833636311
20668416 33838382 35424088 47858030 68421814 81653699 133890690 163383285 187598095 205402712 219802621 221054861 246847926 261906837 269657495 272816174 284705333 290727183 332892597 343264994 352437160 361743494 369668815 397625498 397704636 400119798 410868766 411871201 416307376 427786381 431231006 435549562 435976060 438557018 453472972 457611021 473628551 480396458 492860669 500961161 542561115 567368050 572881388 583369814 587559923 589900468 603808288 619028573 621465186 629369437 647928163 666142097 674977217 696510362 713045192 713758540 720184472 729102824 740433895 775857863 790613602 808459982 827347931 827831890
50 840986784
832483 9103568 15594302 31688584 31961191 32003105 41281638 42204783 62526551 65176374 78580633 80174780 89459646 90886419 100008006 108774839 110341954 124270116 124826418 129261311 130685122 131798131 134708701 138427441 140323704 146479875 151674063 165624393 173979823 174530743 186342090 190330321 193116412 199389723 201383281 201678700 227467181 230855121 231101404 231838517 235392180 242709431 252547977 276714128 298104422 321167955 323470415 325194211 328270531 346696819 350639996 361105254 363711964 366585037 367486104 429390977 449218847 451213835 465991430 470936442 483743611 492950399 497306258 498524486 506152369 518183274 531454230 545021730 556934874 559116555 567228462 568063259 584085991 589608019 596134367 616705688 637121476 644370188 653472741 656273106 661461808 661774621 668074401 673174303 681865320 692510040 701201360 704206922 727149935 740885649 745890785 753995710 765243205 770316899 786081355 795053414 799963435 801205038 804193767 821255774
47 620563410
1174598 14427593 22866935 27966973 29207942 37125837 38420708 42401472 60319977 61334192 69906656 70730976 77662914 80834525 87248922 93237470 99906758 107622689 109451124 116217856 125479020 128638298 136814581 140044433 144961504 145044941 145766048 149238844 149630890 149916438 151077174 161524170 163195439 182243923 192278501 192461126 200210871 206984506 210124840 210309063 228885955 251728454 254626945 257598723 274068754 276311020 277284760 280712660 289620401 290019554 299488735 308658485 311888474 314237257 315729115 316974877 318339152 320863135 325044787 343746244 345655802 366067665 372633973 376591989 392738228 411384555 417420644 424755046 442656400 446562778 452731004 453034763 465153097 470282363 476168203 478712762 486963728 494175106 496379730 499913000 507435181 508383852 521604777 523502004 552319386 562431391 571868360 579502969 587998059 588565547 594559369 594788444 599753350 613303827
43 597395314
7142230 13124219 16963925 32404907 52290175 55572472 57453063 70651344 71533379 72346008 72562126 73476722 79727887 80299611 82352859 85301151 89557392 90631525 104876526 106485176 116180120 122642829 125969767 141616264 142370049 161051564 164224943 181068148 182771722 200164412 203162873 213273685 213380350 232139465 240041373 250210444 251032484 255264745 258626599 260879430 280245353 281862639 288673741 296853354 301712892 307338066 307372488 346390329 346723278 359519772 364347465 369706562 376781691 381652689 387887820 399990800 405961236 411771139 420215906 435598337 437591082 447919209 458953274 475744569 480662345 490087800 492603818 493988408 501742755 504117917 507713524 519243537 526704205 530580641 542895296 544170604 548867194 549646134 555322745 560232119 565438952 567612051 568868822 585539759 590991253 596686204
46 891757803
7208149 8291816 22665119 40840587 56124427 64076570 68247675 69368543 73939256 78344199 79072191 84271847 96742420 105528629 107687048 113557803 115602330 124475105 126454504 136385049 146620205 162376967 167831011 180295639 189408640 190232141 205294914 209627397 213818223 258249320 266010609 272819540 296878352 298294488 299870444 311497509 312453589 315428622 318628436 319384614 320127659 326781421 340372675 344313574 366066208 369880755 375701854 381839472 386316284 418597414 425341524 435041412 441321751 468799938 499143612 502562075 517816622 535003435 537836760 547937102 553541462 556325406 574957982 575111970 583422120 594553245 598546603 604310071 607062581 615620513 618777109 621025571 632419055 637052154 643932569 654834836 655662846 669547690 681498765 716753369 747367529 759011075 784325933 790998822 799651339 802646000 808565251 821053242 838545475 868133417 878644123 882957291
51 846354201
2987910 18684550 21588296 31312287 43802197 50859273 52727596 58346155 86191344 94696547 95826468 115108593 115286869 116130205 118514719 138299070 143907843 144774049 155124253 157730335 162552385 168207625 172080481 174457862 188284861 190135160 192309677 195312213 200504460 201406836 207403650 216281588 224066750 226609504 228162039 236886790 237324106 247761747 260400810 264869230 267479691 268130978 270344116 277715464 298606073 298797458 314164698 328589637 340356687 343611183 357079336 368879993 378517995 380996018 391427800 392168243 393588555 404777791 424652072 434458714 435052721 435445136 439103381 447898813 448875529 451932654 457075762 468279615 478634789 482543176 488869319 494016327 509571781 530860540 549132900 557832491 567223343 580474488 595637281 602355353 605831600 608950146 635368735 642318235 653474288 672001518 678772755 682057397 688043126 703202987 705366351 707928119 715078710 721920850 737829343 748237308 757398459 760823733 761749682 780612644 790730763 805357748
51 643553199
3830450 6950802 10683392 15066518 19430395 25039689 34070852 40413763 50474496 55077137 56913438 63560486 79467467 98498175 98655576 101028793 115984426 121616127 123366248 124111750 125330476 126592392 128202409 131417800 137691267 142896744 159295405 162309558 182870888 183162683 194187386 197870295 200820256 203229140 205302215 207302884 212612055 214603813 219166643 234494388 243798511 262298129 270876727 280911707 285121002 315934403 316493509 319917786 323605552 353510228 357567932 364310529 366694434 373853194 378293105 391303807 391895835 398994170 399347179 399493309 399959949 424674372 427208267 429890413 437397566 437736459 438255141 451428013 466199693 467742295 476063034 477361020 479000228 479222198 492050496 494360775 496651451 497096507 498140299 499822061 510984767 519406885 521571811 522106566 537329422 543387890 546272716 555349815 556580115 570436683 571506322 574139216 577212916 580096504 588840907 594840149 608415761 608553230 613338798 628318397 631549949 638333830
50 682337002
2193986 13890392 21859023 24833357 27117936 46101078 51993444 60976838 69794092 81524528 83137328 87733825 93450789 101111761 101828998 140633464 142591309 159972698 164951217 168079836 168730359 172912726 175047235 187914361 198227928 203663780 207310635 208843990 232029395 234738909 237508175 240291152 240658868 241090908 257340906 262131614 272261176 274511744 275630852 280836193 300363688 302992564 310889452 316617925 319505282 330459118 332141101 342273582 348186591 349172534 358308105 366467647 376846169 383178621 396297836 401004288 404478872 413110875 423772630 445925309 462132140 464863158 467459875 483141879 492149171 498746555 507922929 508410800 509411201 527687681 534478530 538558071 546544420 554229478 558124098 568519475 573092714 584928188 584928722 590057715 593372269 595623172 601232679 606205625 607464511 611086702 615374136 624021195 624343715 625234503 630936799 634357272 655640206 655774971 656356336 663870451 664263475 666503208 668387454 675129671
60 884791927
1266728 7044401 13961483 14517003 16927312 17857574 27683374 27950450 30270190 58277465 61141471 64436316 83568588 84377052 93851593 94550580 107127762 112627151 114520934 115333287 120357289 122850239 131166086 135473612 138420345 147225351 151491541 160554039 181697420 185845309 189177020 195468693 195538084 202365433 209052225 217011149 228542145 234151975 236817441 237171681 242037656 243786360 247185662 250736071 254188784 276382131 277565773 290336511 296013791 306040000 315241973 329704900 334368564 336690422 339751788 369850982 373509605 382331815 383499419 395554572 404600738 409340296 410120127 436165679 436339584 437274695 458385023 468882404 474488749 479440316 480310139 485055195 488833925 489179851 510605171 510910316 519123769 525727843 531428928 532751798 540201898 549197684 554244263 560951689 579478447 603247176 626368036 630336077 635522364 640167852 646227416 648661690 665525952 670368411 685927864 690204718 692477951 715504658 724646848 725216283 728222002 731953481 739193022 766053907 774877097 779447095 787024206 794326216 795812997 797702547 801920996 812882757 826302080 827953659 837688241 843488367 849196336 861124698 872779407 881471231
57 895238919
3803724 13165028 21732693 22863563 27309531 32752470 34050648 63182189 83387755 84372543 94179383 100681895 106591906 109271684 113746087 124920638 126120036 143570437 150683022 152204589 153238034 153555744 156696445 168698792 171575298 185447795 196201646 220783530 235059736 237689976 237717194 245947692 251045454 253955775 260528948 264589665 278302340 279643215 286286906 288741262 291909817 301513812 302946953 310526411 315332572 319651416 327460187 330868767 331280347 331939014 339118981 344484079 347990415 349107628 349757033 350740292 361495291 362079606 368505570 380611617 390510129 391867992 392076291 394514874 400118012 410678451 427630802 430075053 447482227 451972979 454064735 466631763 510565562 513610926 515972574 537223312 556898468 582335764 587692898 605923683 618164536 628624256 629906974 637284101 644064720 672319704 675704873 677883649 681334189 690181773 697693883 705483420 716294974 725555470 725842624 726231857 748697782 754878047 775327282 782651197 789521522 822587623 824723783 833642416 836548902 836659874 852321777 853798763 854922743 863693499 872844355 873360022 884006084 889515925
55 566278097
8719878 9803498 18031728 20524668 23062078 25516147 34446843 45768800 49473566 53282784 59290269 62091926 66325423 66838234 68737214 69368805 90980503 91774802 91882311 100670176 108756264 127057907 132489974 138604617 139696000 152994716 155129324 155145288 162712772 172141141 176591478 178650316 179541858 181867081 186627399 193886156 194125964 199106835 200702568 202511368 208287741 212475798 214762231 218855402 223273376 227331537 233201427 238469715 249953464 251403389 252974251 253327991 254998893 262525997 267189095 273475022 274150243 287607974 291468000 309504153 314562701 317171208 320746247 330218458 337695533 341853033 344244551 348237498 353051746 360140748 364069065 370543101 370692702 374288734 376926176 386669668 386812681 393087887 396677267 409772500 410566316 413301791 416425202 420026878 420616450 428038484 436908770 447005443 447253138 448130192 449199980 452789058 452804664 454821488 455070624 466337468 473651557 478458706 493708240 518371341 520657247 524051089 526292254 531209399 532426741 533547066 538660550 546849363 549111204 553477566
40 937728971
57657339 89726046 93106058 97580066 103075611 111699964 128679378 131133925 147338845 162596532 173798328 187688270 214709399 235694735 249176571 252935404 252966715 268340551 294740446 296066879 296154631 309669877 333812417 336605175 337925855 338770642 342860374 348169426 361734074 366774978 369638006 406848579 412911927 439323000 447289960 451953980 452570205 487016171 496676379 499599055 505091389 506201453 511081015 535891464 537711917 540030238 550688468 577809488 606466736 611958468 615968232 630065230 637888123 639829800 639963375 657739568 673863575 677511712 681468601 693357116 702390284 708601898 715905087 728921671 741512030 744062042 754447403 763719110 768084791 778907507 782163937 784659601 814316007 825945358 891281276 892310395 892969152 897647787 913642998 927762092
64 772860459
3398649 8240252 8781129 10029452 13271627 14238424 17296718 20765463 21766719 22736001 23668169 31580936 35005280 36775102 42357292 44184883 47353547 51028897 52103394 66662739 66872171 81602181 83599959 103932994 104116299 110294166 119503097 129611382 141885822 143233970 151399289 171747807 174722529 175540095 182863191 184313181 189330630 191438474 192401213 193740385 214210416 229020999 238688542 244815519 246705487 264603801 270900428 281016238 286298369 291056106 292180199 299495332 300463874 301780135 315235791 317958659 323519242 328172344 328358604 336515724 338603007 338774151 339056375 339833967 344550207 365937938 370336378 376754330 381505798 383282461 383916189 387380009 390748745 399801297 405142177 414675093 432101737 452206474 457397975 480132061 483103802 489673075 491112967 495407047 495864242 509953763 513754623 516709917 528762725 530767729 537022105 545213487 552025795 560193973 561319992 562671501 573048729 573552383 576721677 581231756 588333972 596077355 596310811 599613588 599736474 600519239 602767331 607224751 612751316 633080214 642581082 670695311 672232745 673349134 679067205 692464525 699813321 705265381 710025870 710031515 712697861 715663880 717436578 719176875 728530818 738258937 738903803 770132643
48 774753234
98949 5540003 6565108 7876206 10730824 14079994 14437769 19586945 42807811 48375353 54183023 57471202 59977938 80279128 86197343 90872228 102228652 107302117 110792341 116075369 121492083 126563793 132971890 138559521 144461778 150442620 155794811 182071058 189887465 191891373 196448360 216792426 219957330 228373268 228800697 230679286 239928710 267292708 274365900 282841310 284959059 296001695 303074436 308522389 317785354 319446778 320614527 322393717 342459573 358052028 364906976 371222614 373278549 387527222 387744713 397180257 406157768 415524780 451205206 451594662 467793609 469043403 495683922 495826428 496549228 501264314 506408866 509029092 517769100 519924067 544618074 548474948 557765501 565024343 585621208 616561286 617344976 617822542 621184648 649684469 655509116 657717581 688341045 689290957 692710796 694824082 704964626 713285042 715495914 718857455 733205355 737142734 747574471 750603003 759156350 764402177
46 687796340
5709660 20845785 35224427 43884382 44323490 53756323 55068999 57397151 59839541 59990694 61312898 68091515 77723208 87388176 101748921 119026916 128969579 157256946 157480171 165162101 167347933 176383840 191019855 192604029 199477638 213992010 219012144 220257098 225189451 237608138 239378257 241523675 241555820 246397252 256561615 257782144 271386521 292460732 304053459 313004835 331401349 337190558 338176116 344588499 362500229 365891243 367377675 372619379 393687579 418528499 420224441 420569092 422148716 430057421 430819672 454152574 462189838 464102845 468590972 468812083 478474741 479550301 480608621 482137234 490925119 493496870 494694356 497200803 502442471 518100505 519204384 521903515 541735480 548240224 562614961 589054085 595130446 596687683 596926986 610064896 611080836 618087544 618550001 619741780 635177816 655485591 656807854 667844159 676493709 678330896 683047112 687064487
53 733866628
7020163 23808887 24860764 32909948 45633873 53380191 57844273 61520903 75207921 76077526 77975747 78717237 79375384 81325527 83462686 92383149 98212955 98294598 110924909 113065452 137524082 159357097 161553272 169829822 170340098 177945766 186569710 192881284 196069549 197810504 197834226 199658270 206661684 207487394 210016261 215476850 216403569 233281401 235109184 235707356 236512812 246317636 250148343 254983903 255365322 257552336 265380788 276738878 281866300 288602423 288633322 300930173 308561707 312713311 312875452 323043093 323719803 373004071 384489453 404538319 407182341 410017923 428999518 433832330 434644210 446517332 458336622 458882491 461663991 475716064 486853701 487317535 490964704 495330400 503553198 511487201 518303018 526809505 534948671 539405488 545181247 559039343 560689607 568451713 583535065 588986570 589184121 594522229 595155379 605148703 609582832 641953359 642651881 643016127 661707168 663532668 663668317 664369180 676662801 681611802 693538644 695019812 696731497 704210009 728512831 733337447
34 523480020
1903626 5162976 7860440 16017107 16293041 39778598 47989885 48218902 62239153 65034433 75920814 77635812 85144771 91324446 92735889 93264661 104179752 106806475 116880362 118759154 123166361 133387661 135257625 145863454 148658678 167761087 171460043 171530910 182370682 202507091 216321789 225560783 231089386 244470862 247980937 257975689 264070504 307678958 335042724 338031637 359307876 362446309 364276970 365310117 366382888 368467186 369537522 369774823 399573610 410747666 420459678 427759197 429718744 429743537 430462669 441775445 441948026 454003851 457460296 460367450 471735264 476262000 477392346 493904599 494035197 501115089 513626571 516836500
46 964812272
409087 6618917 29885004 31963023 39419903 55211332 63222165 66640810 66781374 82435761 92873828 96737655 101648149 105982170 106830867 109673425 120251975 138620520 139683381 142688597 143269656 156386040 158950765 162365738 204316037 209944799 216460191 224187053 228795010 239010143 244493213 280155696 283277155 286080364 298516021 314666489 325278305 350569038 362518574 363121333 372164656 389530759 397976192 418670023 426673604 432199836 447032302 466596903 466711034 482575816 484773815 496148843 534305373 551102308 551946521 557476605 566142011 580056018 581875670 602772152 604783503 614035784 615250402 640525002 662771330 670936302 671958537 686515390 689694235 707428456 730698152 735579365 765894527 828290946 832671163 838734665 839986466 846815425 847137660 862511885 868732230 875164542 875895836 879620682 899109947 909578425 918308736 923304216 926968084 926986465 950157710 953252371
35 913870801
18254633 33689993 37357214 46384737 52115266 58440177 87919487 90398775 96864004 112070568 128360660 168637263 179565541 181474843 187477749 192827968 213556586 214875604 242837029 248359916 249133168 254779833 269790138 278536370 308664560 312110229 319285585 320461526 351067523 352074669 375584322 383396531 435059695 448702700 497296326 536991208 542826349 548061499 555857085 558765914 582517455 590723541 630047342 638322802 638910028 639610929 652355926 655139159 663962017 668800553 673824240 690321320 692167837 708926784 747964983 748751470 751400967 758749494 761206731 782729621 815831679 825394318 827305085 865701996 868280098 875291176 881129045 903488141 903620346 904621845
52 841990430
32026584 38927729 41131243 54597004 55134630 59850785 66243938 69402020 71509013 76085712 84200449 92948856 114934130 115008094 120010914 127873649 128649107 132729596 135403891 140497448 147219800 150781565 152241128 156263734 157433356 185160275 188051209 199327290 208415208 209765009 215030661 215161714 220407336 220506893 239664172 247296812 258948557 260105525 274237898 298337872 299116404 300329275 310299438 312739808 316086939 319110939 326433559 327748448 331507744 355102680 364473815 372512379 379854674 379856819 387833629 399058947 409581009 418890450 455611746 485098112 493006638 495030467 498633807 510346910 510852673 516139224 526843355 527878682 541526220 555208184 559223788 569204603 575499540 581816911 597913162 604786980 610835067 639900589 642724120 644375822 646078124 659148221 671330900 691371176 694118145 708159695 711164753 713821764 714748868 738403100 748189969 756727832 764701979 776878375 786710565 788511030 793403910 814903591 815643371 820130429 823325888 825658772 826080028 830023033
48 828680688
14414330 49864503 62572802 66488548 67558486 69498398 70627090 70630471 105431248 107337515 114942695 121841739 133943554 137780465 139498677 153116520 156524802 168783948 183565517 187857988 188279520 195816474 217899771 220399279 241335931 242938391 258438873 258728971 297939593 306385656 313798131 315162807 319259301 336551173 341475666 344712970 346328063 358555393 364970567 369252912 371471245 373130538 378680392 379918806 381365666 408845270 408934122 409176549 412378054 413731760 418838627 423525471 424954281 425624875 443893618 454962763 468353874 476821666 487269349 502851536 505199509 506493233 515777217 516439181 519024433 528955285 541755252 556284842 572054698 574739406 577517433 579613139 583747501 618893034 626478398 639394464 641478928 641774797 647271260 660176768 665706032 669764542 669998434 679381966 682943081 691133841 695387380 704959087 731115953 732019116 736401390 786802482 786907685 794722169 814489271 820735304
53 920888041
12821740 17674729 25248770 42263027 55124178 57693344 66470978 96221458 104799714 125746108 132849051 133661098 139413952 142611726 154151661 158202973 170436512 191193119 193197373 196180229 225466579 233309311 256615836 261282803 265821388 266673812 267448273 290046458 290941570 291349015 295888977 300825329 312605913 325674039 330667799 334727675 345421837 346913600 351824230 369350230 371253627 387270137 403118994 434125367 434300791 455564752 456385871 461384704 461462915 465076837 498127243 504496152 521970405 531433369 531760610 541097231 569051843 571562905 572344379 581926666 592735484 603744664 607769643 618365835 629903367 630138024 634662362 641958990 644636886 647074405 656735964 663745685 663813388 674206875 684463348 701466491 710944845 715768391 721844688 725843284 729470439 729495566 735811430 737945393 742109678 755974548 759927855 775507025 779438065 784774169 786881058 790249361 805489165 818962675 823309465 835437982 858106982 862980363 878171677 882482897 895889269 903629503 911874972 916490929 917347156 919426237
52 598203782
3615755 10296059 24965221 31643593 34346384 34402439 55541532 56747577 57426546 58497586 70295219 71130834 73846113 75904049 82412456 90359026 91383331 93150814 94859352 100737117 104392917 106914458 113163858 115575518 117396093 131131506 136219770 140659486 143402694 144926774 145706970 166413330 169968476 174121415 174456036 191979283 200031077 201155629 203175586 211357740 217361832 221304609 229695810 233763094 233850937 234314413 234775357 235712518 236819035 258252807 263634538 278073983 278579662 284594278 294968113 311949822 315648015 317754381 318903397 333566612 333684547 334727320 347417717 352614894 354312378 375941838 382215889 391170966 395765453 396617262 404315711 406925434 411117699 416306045 419253090 419848102 423995555 428570344 436281049 441290525 444116742 450205317 457525545 472382581 475204598 481006014 482004265 488356979 491682058 504348121 513080892 520735691 524449195 527771410 537114674 538142021 544759345 559259753 579621702 581792102 582006526 584873678 585909868 586511168
54 827043222
10098542 16156493 17201771 42586346 48844822 68430565 74412560 82355845 94856534 98639957 99063485 113605470 114992176 123028398 125712497 128474788 132473304 135869638 136290593 146079851 163280328 175831372 180008317 190141796 201200731 205959343 214944670 221468858 223638168 229792663 230832901 236406009 237418720 262830902 266365789 267897915 279723455 279912181 290609636 296666285 308545175 322290155 331754429 340791660 341225784 341991056 342469853 359214517 363368038 366136044 390615687 393520291 393608114 393997879 394682193 399134291 402140463 457815002 458979303 464591766 466509106 469651299 477329571 495059339 496721767 497690482 499509764 513839872 520534271 540187731 546604593 561839897 566764689 575444895 597931098 597943233 606371636 607775384 613291799 623074869 634705923 637096783 644328926 649536822 652377729 653071394 677139626 685903808 697109701 707471355 707879535 713241733 713509796 726555955 727303542 729990196 752364929 756526042 757771997 758547981 769025629 783995400 791102197 797135851 799621270 810401694 814775528 820974082
43 554424826
1725081 4183061 4712778 19283042 30448924 31896044 33616967 34945341 42005884 66180036 81211100 85418434 92531623 122867874 131025686 132043452 134121998 136882019 150026886 160734353 161982463 170250351 172749061 174975255 175229988 177725251 188709722 194666486 207683364 208508091 209653546 217848017 228447907 232921391 234407217 234546475 242009266 244837923 245071911 249346758 266713157 270271143 279293005 286472560 292994921 298297391 302703525 321276687 330846536 355786637 362972014 370882069 377577741 383668919 384080356 389443571 401699053 404785339 406484940 407757718 413225738 428712951 433278739 435465153 451361580 455550925 464382011 464597077 464973082 465160043 465418449 467527263 473798499 475665153 480697040 496582093 511317594 513908747 518420597 522629757 527127625 529738907 532304476 543402005 545677287 547689253
59 691340125
13521880 14224221 26295676 44267583 55025164 58966948 61753881 62505158 71050325 71698169 80067643 81435246 90993707 97140885 98568518 101394534 106572829 109503407 115349541 128192774 132798409 132970929 134211455 140791276 143159129 144634843 149403123 152002396 152398377 156508898 158425475 166093952 168424836 172816852 177479616 190283303 191863632 193244083 198086535 199879174 233271426 238486680 241462150 244000739 269902658 276096125 283396260 302437165 310059494 311315898 311552173 315603548 317152663 317310454 319774346 321361000 332958576 334971575 346753109 349136210 350677205 351012449 365837006 377951691 380244538 384503392 387093413 396437900 408693356 413532762 431317537 436818951 437273202 441213115 460397603 471107917 480391670 496891424 498899132 501495070 506961656 509302257 513211766 513855263 524664113 543709598 545033073 551820543 559454867 560238620 561192468 566455254 571044470 573163663 583993865 595982239 596487419 597812839 598155886 600074219 603936007 605895031 606453628 607439728 609503226 610296072 622281203 625996839 627751833 634013307 638967995 641857539 653212938 657508601 658590151 680479225 681762132 690726622
45 514544364
5160326 7702645 10678588 19672220 23292023 43535382 62735260 63532928 65979213 90498067 107301599 107639775 108670081 110563355 112565135 113271929 117310135 131754689 132620932 141737730 159153664 159413017 177747043 179249518 179494225 181249274 192371873 192728546 195408616 197176403 211899825 218780946 219249338 224999501 233447637 235644752 241864124 242806487 244091031 263938600 269245977 270617775 274225074 274369119 277357946 280041212 285833316 286911226 302839228 303382144 304711320 314792465 315904728 320176028 321674736 329027619 331557276 333670390 335679100 335773184 337643126 342440892 345484688 347630755 347776377 348071047 358147601 358543782 363358593 369686879 379583070 385911593 395096632 402742252 411579522 412360977 413996376 419188940 419412068 424128038 454346276 455109550 463813452 470553030 476885285 481978854 496134166 501080923 502742305 507389690
51 796344472
1962979 8146062 12303124 12767808 19163653 19415036 20292444 20819120 21087804 25449195 39389149 79193764 105075881 107351899 131662624 142358667 162185764 167415207 178551371 179763291 189290493 194953572 197315678 199540821 201639254 223377291 227604551 232875707 240578344 272040571 281968761 282048909 286051506 290427991 305671288 322004218 323755767 328442070 332001649 332105681 334612586 342674143 355454001 378768675 390938576 391333641 394698907 396656636 402888858 411804916 421148003 423618082 444429212 447117451 451026948 455307031 456628521 459791845 464764231 465856341 472951962 490721642 507000435 515663441 524040493 530576048 533246716 545738453 549084849 549513199 549608363 562679423 566588485 571682914 574448516 582032784 582350484 598905585 603088409 605239313 616857354 620049604 620295863 626904747 629062785 630456142 632064022 633226724 662116343 666818401 680182858 684091328 697445407 701755007 712242978 713357212 713819257 738886021 739804489 745514728 747672064 782070371
47 843872762
882549 8704086 8896340 13875158 14736629 15794214 17057380 22449436 46825225 50699738 52970205 56664598 63288175 69747517 73217052 105453346 109232503 110537479 111872784 116726888 143050295 144685207 173470968 175199255 179220426 188403823 191643300 201986088 210206933 222531383 259002510 263895551 271847806 289539948 289729573 298476697 310482080 314960985 325437694 328121782 330790733 341458751 355188742 361428161 365689284 410849376 421704662 445339480 445528837 446663702 460653482 500541403 507324125 545692240 560331897 563870062 583718594 586497177 594338212 608675334 610945470 614451696 627730497 628599734 632102144 637635304 640770174 644812067 646802378 649425542 663886642 666384326 675949401 679001316 683275164 693712075 711662808 718830051 719315259 728651168 735195991 739453252 747049344 756128976 762114933 770746042 777205841 783339114 783890311 794858927 814114161 817942531 823082610 842097411
55 945932694
4413265 16831319 18357792 20661958 27081337 29740333 42328935 61386151 68406676 77722796 97757854 106579933 106747659 108384980 117317268 128894725 134727586 136497205 145477663 162286509 203048224 204855192 212969682 230355065 232710519 236727684 257892786 295757846 298243734 299614748 310288723 312480206 317686919 319978065 330747087 338759588 350436069 354577435 358609977 361642017 390971000 391723849 394500038 400462384 403378802 403716843 411597529 412502940 415758097 433353285 444605121 455762155 458605555 491448394 493313965 508621678 514535292 520731353 527651078 533574836 539218813 548149520 553613773 554048611 571765216 578815875 580808881 592820536 595412388 618796815 622167052 629892835 631513962 635504253 656692833 676955287 680519450 682022855 683911374 684043911 685069763 697118033 698785750 702077964 714812251 722437135 725066326 729601137 734615652 742092999 757072114 766112581 777425751 778090903 779019790 782858160 802336109 804805460 806900442 816802019 824359588 837217142 856930751 907316865 915639308 923940487 929644235 933519130 934926433 941740553
41 615929226
4450286 12571680 14508089 34259111 34915409 36235532 39410582 42766265 43805913 52667147 53504678 56190470 66057299 69877897 80028519 89212149 95924733 103964075 108105482 109090741 119438824 128180928 134180342 143443033 148925517 168896656 174778977 177075155 182861959 188941453 190926024 192707183 195804934 201919605 206821363 213489676 220188757 250083956 250580028 270394090 274793798 275204246 276385461 276839688 294698398 296307945 298781259 309939471 313298518 326040369 360846001 372058399 389563818 400975735 416061255 417588115 423429166 427050910 434187850 439910983 441205849 457083050 457819509 474279196 483412532 486564889 491414323 515351406 519088589 519930193 531070439 542866618 547214314 553949406 554294941 558016855 560776249 564385493 584594310 590435266 593574090 597951190
46 895980304
1709084 12844784 55098893 80140717 87026027 92473046 94045570 117278049 117749956 118044530 120844825 130101690 130282511 138668327 145675287 157901906 159972173 161543529 162916241 168151048 179280052 188594474 216956147 220283991 220482605 236215279 241294816 244387137 253473538 267443498 278582130 292634040 294428775 298166356 322497525 326857076 337049164 357728189 378771496 382430039 400976911 418642323 430362119 435907037 459122823 460550056 467127132 476301571 494117291 496380137 496697502 526090902 529098366 533956835 555549235 565852026 567101082 571024742 572163822 594437423 605053723 606538578 606621967 607154156 645475411 677015973 687168485 687559210 690101719 690326146 709894167 716976473 718222390 720139263 731767985 733982921 737141765 746784909 747771734 771007627 785531904 787615758 790232486 793820526 808516341 812977673 819378041 834580247 845792719 858457592 872248146 895587105
50 864023291
3586913 14051715 16047493 43892010 52024687 54541667 62955835 63103989 84008743 90209438 95943616 97613973 116997817 120344257 123931434 129270327 149216456 159553523 173501511 195409868 205111995 209532745 222323299 231904845 237714256 241817926 248042486 250275202 252101197 262576263 271334377 278679218 280396324 285701062 294366449 300791745 314916431 325171010 328186382 331468785 340376100 350056892 355947160 367139926 370774959 373806467 398190212 424845922 465086404 469832164 475203458 487512318 499340475 503261112 513350524 517746839 523282983 528674287 540354230 544407320 556131663 561611799 584602123 587427830 589033313 599349758 604393542 613788823 625656075 635462867 637143356 640214277 644898154 659161707 662643765 674367112 675269228 682092275 702030032 706280955 710964473 731086653 739587794 739723010 747496599 758860919 759485068 780711685 782029713 797241660 804965214 809097715 809849741 809892442 812314853 816793419 817511037 829750271 832622920 850270169
43 790084572
24930914 26872027 40785750 51615806 52259772 53864324 54350599 70612606 81717181 84655332 94456473 94521567 103862107 115705188 133917077 155949558 163698424 192689505 195050045 207218224 216909610 237458073 252089784 264265983 307557290 315578353 329693748 345079838 346754941 356885266 358134133 378676793 398845109 407343615 408858333 410139104 413185150 417812664 421796579 425768914 428102633 431370300 435714218 437318633 446591336 453020911 455723872 462414682 465264294 480439287 492163174 497506394 499535852 505777153 519375433 519731516 525662429 527165177 553341507 558180547 564156306 566531594 588336885 592719609 600121117 611670936 615738518 617339219 627973343 636794443 638622523 646764668 670012737 681594420 683769054 688940193 689330860 689831784 691125997 702960626 748614847 761127048 764245127 766555301 770501139 779681688
60 645125117
996911 6423115 7181219 15432289 27277658 38591032 40208666 40929693 52944211 55407064 57991801 67220957 69094709 70899834 76797824 79026867 81264317 85031215 95601125 97814087 122306677 130211916 136253403 139500447 147758876 152203431 153846241 156354968 157917263 158815247 160309873 162179413 171345255 171458260 181071079 186653068 199644986 201217746 204187432 207916556 209444276 219863032 220787424 221235582 226197515 226727711 237708275 241834966 250981700 255661754 263183349 277731900 278604336 280314417 285648112 286061130 286342008 291702989 301231415 313066719 329336954 331810214 334362413 336396434 338661528 340974875 349319709 352269923 353275694 358267207 359778479 360718025 363424120 365254854 365841777 367324929 369116130 381613769 383330611 385163307 385698548 388700112 423845738 432669685 436834905 450687859 460896287 464285968 469445236 475153607 480928807 484442363 484703924 496025703 501796144 501860750 509792318 514526215 515102956 521887020 522748958 524187571 529076514 539298556 553367218 554571560 554674499 555679813 556859721 557551205 567350339 568179629 572250699 578968617 594649359 605196075 623915144 638062221 644226977 644329830
67 845267143
145655 12671220 18541146 27001515 32899819 61030208 69244306 76275728 81250591 87389873 91417632 101854054 114685661 118451727 120839469 121039165 127678857 132181093 136469368 137711550 147234477 154467009 161046510 163663345 165078457 166451378 169003985 171652077 181600510 195418835 209002247 228339263 235784198 242707592 242870074 243274939 243550569 261779801 267356573 274127782 287864464 295174229 302974399 305491082 333079972 347967997 351229553 351636653 352093618 352583576 362533224 381304738 387337416 394222750 396669731 406557804 412792943 416342180 416449272 443790512 446034932 462521963 464491949 466052432 471409330 477127983 477886816 481091899 484513358 486363879 488088482 490740774 500804616 512059299 512093640 536235676 537427970 548103245 555558371 555565697 559876239 563628465 568732109 573335678 584242777 594505961 598500701 600434362 614713412 620528274 629873112 636122815 637488056 641439987 651454335 666339351 670994468 675056154 676796672 680666353 684634355 685483947 686714991 688270823 692483449 703153228 708550885 712707012 713013094 721502710 722658976 724249537 738773833 743272370 750743179 760283269 769776014 774552285 776428245 779585936 780857318 782744165 783690879 790851623 796701168 799857903 805325850 812174418 827766059 829999541 835361944 837937123 838929166 842624216
42 615192636
12738966 20325175 22881212 27440556 43464922 44220267 60251768 63756167 79970820 82140104 88663935 90438014 116600950 121058876 130788897 137968654 140545891 144825937 147162545 166632898 181660421 199929509 202102424 217533211 231430180 241072889 246816110 249841815 255789598 260858876 262907489 273831302 276576630 280303416 286762562 286788678 289825420 292638222 295492930 301446790 301557169 304197183 307979023 308497368 330001377 335047695 336075986 348246344 355160128 363864743 370546106 374364981 374648585 391760646 392149740 422267106 422705274 425492875 433903428 438120379 438243140 440538334 449621230 455257921 468556084 477118648 485627128 490109221 513753690 517282177 519817417 522427672 537310637 539714459 542146752 551021673 552072818 563173884 574495107 575552519 579047215 600555316 608968447 609631007
45 549607099
18642196 18649400 23538382 39355561 53818000 54227791 58964653 59168188 59687761 61046053 62610062 62788544 63844455 72667446 73484596 75400597 80069952 80770671 81408083 88112778 88494871 96825184 96851077 99190746 100066795 100535588 105701884 115945595 124513050 131300594 135271293 135276075 142552382 152899711 153997667 155416776 155700927 159436300 171325064 174683928 175442731 178128750 181122374 193438178 196981363 206133204 222502592 228777631 236971398 252667352 252973511 265575579 267256758 271126884 272696253 281598365 281913960 283818581 304132476 308816577 317599883 322836418 328868124 340206345 342647603 344686166 344948979 355482409 361616611 362254578 369103989 377357941 390886859 391286424 392142070 395113648 396183292 398289593 401647131 415968442 442445247 487596426 488223517 513763401 517536434 519781559 527172936 529509791 530120534 532936465
43 654372065
50855537 57876015 64778799 66104716 89847101 93315722 94874648 95871881 97307986 103601376 112829497 121128985 123216310 127307605 128569717 140990410 143380567 159503523 162627985 168803676 173492419 186580959 196567555 197805899 209637937 215230875 217716175 229842098 235365445 239311639 247506129 251274644 254535802 256232728 256308254 259773340 273190856 279013673 290394502 298933139 300926468 309967047 317604676 327328908 334241882 340513484 349525185 359583422 363176479 365815121 366797730 367768769 375048213 376171181 380078312 381576496 392855848 405323263 416622386 425022796 428267828 442798594 446027048 456958521 462003753 466556623 472900205 475087495 483072080 492796216 495163013 518287822 545684331 555011474 561138560 564694837 568328454 580952887 612094629 612128870 612252672 616152456 619509705 643159391 652263782 653174906
42 995041724
22960030 55110313 62969652 70007068 70409264 71677169 76598054 91723398 98943552 116076287 118878663 133919631 140663180 143571335 159426015 162735702 169228045 176630175 202436081 205107595 206344627 244430182 254987687 261468039 263293258 268912011 270663653 279025309 295765307 318200324 346492321 347469382 347996953 353485235 357542106 358558779 417489022 433527906 446337119 472191598 484823623 512169564 515858611 520280595 521260571 563323330 568487059 579291176 580999521 591130785 609805045 617111759 651096393 652513179 657695217 670725387 679393498 698409915 705193640 745143616 746842094 766706748 772713765 778852249 784002133 784888967 802792024 813984537 817553892 826478679 833740981 847323864 884883008 911161883 912658576 934256229 935948783 936960684 964066635 973193992 976047670 987301584 989859341 990647549
52 774401237
4612014 9064856 9115436 11023305 13930918 26191910 51877726 55131128 80614898 90723041 93030983 93724650 118684703 122959984 123724618 136045992 136942910 137438775 138946572 144557120 154630642 167810007 170138004 187918238 197293233 214457930 222017208 226004092 228126003 245001590 247810547 260608659 263521110 264072961 272810597 273652940 279588241 289146553 293868313 302235779 306195532 320695756 325718277 332700219 339459899 346115007 346691970 352348399 355599718 358337207 379851039 386433433 415105738 418076578 421419223 423501374 424446757 424479528 424966374 428223748 430948442 433857613 434528860 441195451 441513871 443747931 455850502 472767139 480381694 487809399 488722585 508090573 525323056 527552798 547397496 550475934 557291334 560575533 566304120 575346084 582493501 582707645 606377529 614238586 622527973 634341061 645626763 650550673 651158171 672676619 697602745 699454945 715573501 720091629 724700703 734154417 736975970 742718367 744951102 745645602 757232672 759590112 761931148 771022299
38 519646391
4519964 5440867 8251776 12882031 15565857 19047287 27911742 61876603 65484147 75282585 75585120 76138184 102594514 102790980 104959852 108085722 108945383 109062657 116668980 123289961 124607367 134468381 146752062 149214737 156668874 156850017 173700467 195852637 213019384 232414877 237551669 247012246 256419027 257722608 262756683 271443840 280066139 288989239 295616072 301650087 302285026 312707424 314390631 316478529 320315987 323359172 343487023 345153212 369106749 370951846 371319398 372804896 374924261 376537938 380831424 394687578 395125871 401989854 402072875 403316464 421564391 424117390 428791980 430214645 433172607 442044730 445297296 445724526 454683395 455864290 456534244 460435041 463007614 463569266 467369113 473214944
50 835581817
4863033 7074538 13648776 15805091 23245553 27565347 31674911 32736109 38957642 71694030 75520248 101093545 106713188 107591945 111237535 120149847 124162643 130730655 138740703 142557849 159993947 177999097 241240515 244676673 245842792 267447817 270746434 271045126 281118181 282235182 308314171 311374461 314926881 318635934 322733612 350742473 372277761 380589534 396742813 424854023 432559373 460321611 469761606 478477381 478753787 487819574 502133073 548757334 555904195 560128019 566618176 567306818 571808523 587113565 587647794 599251541 605059881 609142741 609368525 613571351 615445341 628301409 636757389 637129187 641797055 642260993 642480614 648880032 652126822 660383092 660895690 661218972 662978439 682487825 683228640 683377800 692674091 697849639 709623921 711739036 716737009 719239839 723553091 725584793 756864698 757789994 760988196 762817386 774978487 779036622 779373340 800765189 802240852 803197269 805025812 809509377 811788849 827072235 833941436 834083361
56 776624225
3249627 11548479 21536524 22159912 22867119 26349162 31988435 36723307 43950128 45472843 50337776 54147835 55029170 59695007 61138835 80101664 80826439 91064887 91914805 94637497 102484053 106538184 106986519 108249638 117642488 118935449 128292191 141581709 145215828 147325873 154583072 156561801 165522539 166339562 178094902 183688902 185318150 198358350 198883022 202401413 203951615 205858944 243175320 244521916 253201609 256971902 257974368 270973551 275360931 285479560 286293383 290569973 299660242 299972425 312344059 312938312 326606868 329391004 330169729 341974185 342794586 349190984 351103458 361360083 363737359 365525521 392690664 393174325 417056307 429257630 434066826 442642602 443988563 444881095 449005909 469303264 469470566 469775720 472454732 486331262 490980247 502561489 508940029 528410959 536605664 542796056 546797629 557014053 557690680 583461181 594131326 595221319 598102505 609077124 612224953 631300148 638939561 640593007 649988156 665151628 680917285 700208032 701822215 706936272 720478901 722598194 723449939 736498838 742903213 750205650 762764128 772209210
57 760386630
4024923 29475754 30084694 36851064 43023745 45593843 53753414 53889050 63660669 64084715 64697086 77581985 80664889 90400488 97296310 110916070 130925606 133680336 134758808 144461103 146778669 156092354 158745386 160836207 177555027 187990970 194778066 194807497 196312235 200291297 206106316 210354749 210521990 217670501 219961153 232683327 238518590 245134271 247902325 252400973 260353847 271662222 279953876 279982125 299347420 311598564 313257574 340921940 356947084 360440133 362638270 371353930 376833381 391819282 396211851 401448277 409603936 410578917 415180541 427101522 430669203 437678484 441210928 443412109 444520638 459302826 461960320 479003403 483024693 485013227 491783401 493182312 494741362 518072238 518878812 525599685 527478213 530549937 532872765 548213994 555835148 572574664 577633204 579951765 581107610 583823805 585518039 585695937 586825824 596123375 599506883 605169818 606421738 611495332 615139285 644250382 646022209 657875034 659210982 662148549 665970482 669523682 677532114 677819049 681760802 681998187 682797494 696093096 704496656 709461396 722768555 728853266 738108013 757815219
46 805922311
7340141 12102207 13128531 29665652 66163222 66263603 67064525 102603282 107687412 113508818 121009969 124516207 125145787 149473765 163920322 176530772 191142057 200998559 218502992 222802213 225148352 230620322 237526900 261276744 280662249 299625432 308485675 312572051 320258839 349099475 364090658 369125421 387666245 390921322 407465192 421280515 426228609 430777687 436058100 438089865 440395026 453917121 454323566 457545446 459774777 466999050 472190810 483594761 487236808 505138588 505789081 508531272 509899921 511506493 518800768 521682500 524849580 528201737 530715276 539292990 544625459 546614228 556001066 565919078 573994987 586504213 594990179 596467835 601842236 611148944 638143898 641795623 642135630 663424721 670300624 680811090 681751297 691967854 697286354 705032167 706975197 715004654 728551195 748672981 753536971 754005350 765028340 766159403 769925887 775412767 776020532 782014762
56 881243584
21366118 31246846 35880778 42320210 53871721 54286575 71389808 78963776 80378493 82437549 84062199 96996665 100025662 100169010 100921925 109200389 110658408 116312879 131966861 147384768 166829784 169025826 172434691 179322998 187607795 188038916 194461417 200705029 200985945 203099624 206202118 207808315 211747158 216286603 239373175 246619657 247976158 268750752 271595910 271736134 289833723 292126068 295038024 298490356 299609508 302571592 306588201 319139951 320344110 326242920 326382605 331927818 346460256 352211579 369018040 381184603 391565619 392274142 412137920 418687339 419594376 420629275 422664138 429320798 440464908 448190036 461089281 474397678 486739566 487966158 490531005 503211379 509240715 521553102 529140030 538272848 547872875 551203131 558150399 567285104 590600288 599393952 603877809 629257213 640355791 648728746 654310856 662559240 665997236 678987569 681969110 691602825 695803752 709300086 735263208 741592615 748831210 755392306 772150549 772701024 774758039 777917009 778726142 783315718 814372484 815454165 821124911 825831593 833198287 855983066 864770553 866112681
46 779029795
1222877 11504567 40232874 44558861 49943629 54561392 68360060 69966544 70416047 76411067 78299346 84190579 89207029 89255365 97727785 109618471 120369919 132260027 148964660 155323455 193021128 197104801 200944947 208658724 208934118 217218985 227514376 231276218 234661245 235012245 237640550 257128245 278413954 280174097 283557026 283862626 292389100 295825200 298270583 305880865 325389241 338372436 343287528 359155588 364359097 364658038 369287717 373279328 376559408 385738595 387064664 409356204 420500264 423329912 435991337 449900863 457508407 458747101 476753196 486168816 492600641 493900706 495630922 498674155 503011980 505742053 509188761 524337481 545305614 552138718 557399419 558283905 573415443 587995957 593687262 598241628 617791732 637636355 638810293 643402990 653566782 654523357 658003496 660049553 662068529 663433524 695532018 709398901 733865151 744451210 749775226 755399797
45 590422723
10916731 13797010 16240586 18465204 29407550 39296185 46674733 47385318 49233102 50609277 60024848 66141815 91879769 104209865 112959670 116728637 119103783 125739952 128466552 128787942 129932740 134417494 146759524 160109777 162440988 177389852 195462296 196907452 212116374 216776760 217235556 218260144 224786345 231234055 232351672 240327156 240330592 272928635 283757338 295737268 305260596 318905500 326366021 333516487 334513296 339923014 344860456 348395509 348679554 358535827 363242331 368387767 370763193 374109743 377643556 380597792 414693706 420141359 420463470 422793189 432052910 435512981 436485893 442253940 443089573 453708268 460470476 481119333 485652945 487783859 514180684 518219171 523171897 523296570 523796516 529905627 535302630 536773930 538507908 552733797 553910976 556669685 559421588 562212227 566588097 567672402 571893872 572809934 580476990 589396337
51 633016988
19480674 34091635 38027340 46722188 52017341 61686093 66341911 71398574 77151961 86003518 88513656 89445457 95860628 97304922 97928694 120053944 122895656 124254699 125209634 126352869 126962733 129515977 132472865 135133770 137792929 140746459 144581959 145409160 156226108 157686241 170545375 171996569 184922872 185257006 187342886 192842430 194355940 204732029 236631617 241199225 247049809 262413548 263117908 269065463 272005170 303302804 305717168 322647965 326628324 332616220 333036584 335512362 351667918 352329787 363523839 370819805 374842347 377037935 382007142 393752575 405334312 430519021 432950611 433233049 439680959 442096794 445588242 454905339 456685951 463122874 476062137 477035224 485211001 491562896 492924793 496853190 496890618 500637332 508325171 513531456 521062587 521206228 522757058 531921361 532234572 532411971 536099235 537987350 541212151 544187196 546740256 555602908 556670777 559249744 567222585 571293212 577506740 588718220 590770286 605929241 610372047 616615367
42 872471878
5978743 12423562 15195524 18467016 26223702 37285235 53248218 59834492 64983420 67862827 74723844 77676329 95455576 106593798 110977618 111157047 112420816 114421849 117927760 118381482 127858060 131149208 143212096 167028749 168524064 170054972 185210527 188014472 193607845 207319679 208428161 225224137 237772419 255525048 260284613 265796543 270493291 288301381 300903925 303761311 314628670 332914606 341461291 345990070 346575152 351097757 354185193 366009215 381005104 406617000 410971278 419224642 463753433 469428147 490716702 500031206 500828417 505407894 517054094 540872075 550405237 550501736 568102400 584016668 590687915 592075272 605350160 608896359 648608825 655557382 658721703 689431447 692682235 741552461 752779331 786166642 787262374 797401834 809079366 829577881 844290651 864792914 866763936 872236018
41 684328841
4980076 12786143 19911750 30633282 43991096 64585427 70352449 86505769 89680582 97584350 99791339 124235208 127194204 131628006 135215963 136612721 137565050 146356247 152239607 155235606 157524939 161164433 176611894 194180104 198645576 204654072 206593073 211780984 218863333 220337707 234218632 239012517 258609498 269364970 273568989 294638018 308343766 325762253 334608566 344574907 344950657 355029005 368885740 374806332 389856495 414272845 419148813 421781442 431711356 442266543 443188566 445410761 453769883 460272343 460444430 473114925 477706670 479322899 481003170 492478652 497055822 508168159 508463997 510215438 513589807 515656334 552165593 579123921 581845586 585785631 602050872 604958150 627680154 636305100 638900922 646929269 647603243 647657480 670510880 675247084 682192746 683250952
44 840345215
12069265 26216951 28872288 33892829 35032479 53043654 55346270 55721221 73150263 78118825 93877139 115507072 130353192 135873918 151206520 152693662 162220787 180784937 182620165 186219145 204119738 210737700 221703784 228452047 260447896 294752139 301401588 305029629 307160043 307618219 309449285 320325974 360677507 365585143 365931109 383769309 390503441 397884998 401894996 405653733 405756883 406573524 410829379 417296032 431783684 431982985 449670774 457730997 460418088 466085982 474524329 476104444 476815620 490366320 492662669 497077650 509966955 514187257 517674553 522989160 541974888 552797588 565333963 568470845 578814921 605526929 606073628 608039052 608235715 619127789 621098434 628767211 631891713 650083760 687779478 693591108 698646171 707563589 710454464 713904208 721727035 723874363 774683060 776030769 796751935 803059002 808755872 810932468
41 718576959
3188526 5172096 17929520 20940505 41278596 43526815 44213508 50558732 52981064 65913454 75159539 84005796 95013571 95890613 98066603 111680821 127017246 134492020 142404006 145444271 154407157 180419889 188669493 200941017 202924939 205591559 215778160 218683252 221712939 222183709 222460961 224290679 249097503 249768795 270052090 271186707 273822600 294347275 318545751 326113922 329465085 332839618 338362612 362461857 363633822 364859614 381879967 399183558 399825720 409323163 414108022 415911232 431511431 435767967 443468803 444000509 451123657 462961693 471388468 476541604 476977942 484463277 484484782 485260715 489077121 498662341 507739215 509869604 519698082 570812488 589254087 592833926 597049556 603023539 615469871 638340200 654902687 658379792 669720203 672531084 707212702 716622961
49 784487754
666023 9095677 10297630 16010461 21118068 35141039 39638935 42149416 43033281 69625983 71674907 77428769 88499188 89359931 101949700 118328484 127121671 139445332 145117390 145242958 152342847 158478945 168187183 175072021 175121667 176084298 183730371 185165682 186030856 192939837 223570970 251437903 264637506 302995411 305653256 306089539 330946033 339553988 359265433 359507196 367293194 387292502 400633118 401876041 410146282 416102748 416818107 436528571 438760304 455953052 459817137 460072992 463747457 469550509 492934092 495811027 504928633 505347094 509997532 513389569 514800674 516739749 517978549 535822205 545349131 558209418 570881574 572906086 572960494 578149608 578222215 584864248 589232027 589803244 598648740 624233466 626737308 631978629 632262122 634371423 641011177 652132368 656237959 659829224 696248350 696549340 712691738 714660512 714943848 716299928 719501661 722200927 724124091 727847159 738126157 759794695 761119965 762426861
35 854215179
439412 23047940 28167259 28206391 32515848 50043492 59178499 131331059 141066942 168288211 171643013 177708361 179514266 186696733 190026272 203675980 223620282 231996792 237697487 238058206 241609945 245502297 253011195 263718651 268126723 287443348 303700707 343421019 349305784 354900960 364858840 396976995 411515657 428667880 436083960 437803132 439766633 475710048 484604721 499037009 542616289 586241860 607193470 620485096 623750163 624633343 630032245 638318788 643764492 665187506 672472988 673508160 701780628 708664586 716489978 717944695 729083587 729394832 750777085 762986368 765296693 771200535 786555594 794045462 794621217 828399867 829159375 838303016 840766976 842571641
47 982122988
12174345 15449108 33928923 50090365 57620231 85919877 130409549 156526452 160263236 174346442 184200076 189216723 189568188 191241282 198836869 201910831 207412051 215866030 218529785 230537834 234767577 242769854 248860104 254336058 254913754 255195588 263380509 263868718 271750577 281105133 282038987 293372359 322119330 328801202 328817614 337581975 348122219 396147949 408348088 453841625 455710328 456989616 463503490 474997357 498316548 504888941 531457660 543321453 547655325 583482650 607820002 609561040 610449071 615158302 639769170 677708100 687215406 691379966 693010321 698121050 700982629 709035947 719114032 719223446 726122238 729690979 731184950 741259969 745375266 764584632 778625260 782940262 783122573 788154047 795701942 811374514 819331964 831053953 837868121 847105124 847725054 863957880 872046724 901461338 902537079 903368926 907686552 932485768 946447146 950929108 953567098 964250737 973394318 978397550
60 694888774
12053103 28508842 42350800 47526211 54006122 55543758 55990011 60944578 72785880 78460573 82898179 85080896 88743591 90438824 105865335 107393300 120252702 123521635 126394815 129178216 134570693 142912981 156212733 156718893 171634743 174801236 175595338 178078081 184484359 187071440 195881773 196150919 203335357 207253084 208946888 209382451 219068506 221097639 222908924 223789055 234449884 248367144 263526289 275248498 281847860 284624514 298395048 298464449 305707583 307415430 307865655 308821539 320229996 323443647 331508580 336099906 344913267 345138270 361503148 362285183 365454297 374492971 375958564 392347624 394082355 395847259 397674024 402240595 413355919 416037252 417278443 419987939 422261007 425423692 436172285 454675699 467474614 486944055 491449758 496946390 502208516 510797355 515649767 521129046 531685563 540458191 541752247 541774880 542172389 542303936 546192208 546262877 550584590 565306265 565740522 566919792 574515149 578554792 587101310 595151970 596643137 601194199 604291660 604880754 616041007 620682778 621451257 624093066 625374742 626209452 631803091 633008641 636815244 648547214 650447604 662308462 664154448 664620985 681583637 684364121
51 995079986
2829508 19155477 22799740 23757998 29329813 34987600 43145764 43747392 48396186 53365140 65629310 77849233 79860229 90045697 95704022 98685716 105624089 146096937 150785515 174659521 182795010 213254666 214666569 217358283 222036844 227590193 230271290 249295871 259758533 263971218 264744708 266152654 276115133 276718607 295949456 325464172 332317930 333019299 343959209 374897002 396922918 411142103 417187649 436204958 440473593 442350777 445575133 450298309 462644383 475422290 480973838 493888811 494270978 501861555 504293615 505309168 508876981 521748794 523953040 528203771 530934802 542912374 554658695 563569395 599805090 611352291 625228118 627163774 628518055 634083122 640174711 654001958 660737563 663184081 666676889 674152618 695804382 710997634 711366496 713008049 732859413 753517376 753625351 763831837 778167580 782337954 791812617 801101476 807946959 812413819 870298538 872589073 883819758 892232287 896185340 919763723 920380879 921468380 932126904 985866756 992570874 993146627
50 629724993
518133 9072516 9809917 17248063 24394014 29137494 31612866 49904747 50639309 59306634 61185569 70399703 82219502 87092064 90309422 92274444 100193191 101879399 104017931 116693784 117765305 120156880 126761306 138337304 140944452 156906956 159162609 162101594 188234948 203324359 208691156 209008089 210819166 215083101 215301286 216737670 236083737 255182198 255773669 263966985 268660095 268966843 270482639 272855944 288796202 300752695 306154643 309199460 325876873 341969801 344306263 352691452 354659246 359533186 359937428 365788251 384013734 384298223 387818091 390226358 390566174 391526088 397023032 413257246 422341915 436022909 445430713 460492352 466006939 477436676 483158770 487790634 501734181 502988048 503899242 509032924 514997491 518390330 526299487 527302364 538621429 547499699 550213621 552006782 561375333 562870135 564122166 571471068 574721678 577715946 579910978 584841160 602638957 602961249 606294883 606641069 608385790 608409858 617162756 625699401
39 748447879
16274201 25776524 32958565 40019745 58829218 64050501 65894038 97407484 100021596 107735601 112010299 114883824 122915386 124098412 126426238 129341046 138554444 173951108 174924286 188312606 191711410 217896161 227703399 285183223 301507569 306481506 319989902 321970179 339659878 350825514 351992716 353435225 362568611 374750765 394334430 418961302 427685800 431456661 436064020 437130946 443581089 451809141 463814306 466306715 494715171 495252678 502881801 507362608 518433074 519020217 530004079 530375480 530412140 551191158 551730348 560525651 584943920 612255055 621342791 626034152 632251534 635131961 636438527 638338983 639512816 646392915 652468342 667338058 667816953 684623976 690951003 692895133 710969199 714240057 722899839 731446687 742035632 747521635
40 924766113
13532586 16964431 26039292 27918608 40646553 46398804 57441126 60685785 70754756 89130836 96350788 106505457 107208879 115618099 129329077 151215958 157208090 159738416 167727507 168952188 175407791 179373898 187399632 208658140 228162864 229544969 231949056 238660903 247457994 253663328 263153193 287563018 289412088 319578838 336431364 347391457 352189239 357790873 359432738 380453899 390238595 412483940 454414345 458772594 464685132 471142944 512071775 514896912 517245160 532492818 536411083 547430647 559743974 563453920 584753296 586401755 615104216 637412084 663928826 665405165 668530776 688901677 711962262 712597607 735868208 738761608 743702198 749481419 778298553 778477382 784000544 789821569 792100486 808846546 838963052 843465524 859713354 902056949 905056223 922052387
48 561219289
7034564 7402430 9206211 9747771 11538375 11697901 18873889 33184532 34126172 37075734 48144192 50733762 59889815 72107105 74742905 93892054 94343337 101626022 102215642 106804517 112423660 125953243 126086675 132184448 141521961 141993366 143987829 147954289 156126281 164733678 165364182 165850066 170198117 181567159 184580878 186277855 192842956 197594409 199607897 202067842 205323202 216648995 223761120 227012170 238074567 238136517 248357004 259647981 273769742 285917400 291647097 302303110 302882622 313738490 315084624 315163390 316462404 319274919 322104592 324661163 328071833 336188697 336857392 346112430 348593609 353882689 365671186 367654897 375472282 398552495 399776399 400992862 407486360 412324696 413984699 421985179 437762244 441875823 448952779 457883437 458360477 460223910 460567061 465081828 472777773 477593800 479140722 495429750 498936920 501213478 503019047 533917709 538576675 541133299 545824542 551514404
42 811997728
4530053 8206472 10266116 34693592 38555589 39018092 41932787 43240305 51078194 54344683 66429303 70300065 74409430 83682033 84726817 85030216 86746031 97584130 98437647 101459174 108031780 121039324 127031106 153007736 153929602 162428864 169677044 175734232 181112243 200901153 206278422 226106894 273790322 281941068 284428103 297438893 314247505 316639391 331567370 337585349 356985625 367282741 377196219 384976353 392465248 393887756 411716412 414197034 420763458 427438403 429897556 439316801 453757029 456649062 470821848 476205964 481247027 500496134 532862095 539611738 545315580 548035929 549703871 550913411 553857094 554987923 572564056 573259910 581490947 608984234 634954539 642467261 645280575 657540005 661383960 691456817 695378563 734177813 747268437 762889284 769642190 788053514 789050894 792180908
38 521836212
17539763 17826813 26248582 31369995 44235925 46165856 47280563 52296909 74601222 89110703 107642849 111510413 117649541 122380692 128311101 129013709 134047412 138800979 138936763 161560896 162575402 166732400 184863675 192170682 208115537 214496225 221516927 234178255 249844256 257102086 259299413 272062806 275686073 276418116 281679018 282284239 297517502 298037170 301016010 310935741 314736661 316918974 317522199 324642691 350625213 359348154 359415857 366160375 366725099 373312299 384564905 385309524 390754001 394713527 401393556 407772732 407831739 409789011 412620246 422259121 426770896 429494388 430599754 434056956 441657175 446312017 474341144 477203940 479233817 482690945 490205704 504767836 508762209 509218549 509631190 513876184
53 576838772
1246132 2057038 23431394 26473513 33005535 33202642 38154119 39683771 49006399 53522833 54035048 57006023 64062770 70409187 71468903 74009535 74264728 75129402 75893234 77532643 83980683 104573073 107710175 108933824 112417412 115460672 117848124 135103079 139986521 143615465 153172878 153675424 154882919 156773547 156823694 168562951 177676201 181567330 183726868 188347100 191194694 195607973 201347916 206610522 209350470 211835290 229379529 231089329 232540111 235821961 236033250 236557368 243130420 247955078 249887313 252929050 262924105 269823744 270411450 270690162 271658775 274694848 274845001 275672746 288023559 289166487 297636942 303575904 318925372 321856259 322713053 327519906 339358823 343189407 346170792 351706813 356068159 365163330 384608939 386694975 390603057 402016499 407763943 414906459 430471072 439049436 444296101 445459493 456042560 461892681 478887980 484210901 485960053 497471438 498124758 508360031 514611360 516357199 534528845 543941467 547108369 548425087 563724505 572957951 573207951 575191392
43 704568053
2092190 4963667 7070144 17708170 32149581 35522298 53319171 53556608 56098270 71466066 71602091 75476506 79777984 82605975 85076109 123471287 142657059 145224102 163868554 169256033 174649223 189505413 190139660 197893419 202021016 219464861 229539955 231659368 232454255 242667304 259682524 260738154 263934676 270624817 285706040 294442016 298906660 312577656 314948589 314980201 315532190 320113036 324716188 336215134 345987295 355016922 359021372 364051231 380867034 402165746 403755792 412808163 414415073 423599110 430105946 457920398 469455934 476336645 479581096 488164555 492645037 506303902 515248080 516219619 519739985 523169111 524219142 530790148 540594861 548541187 553973485 556077828 560000516 562692807 578761823 603841479 611127442 633083720 633993617 639725901 648645234 651589040 659558567 674903258 690324355 697576824
43 983904452
6960956 8615745 67623142 96858044 98230566 98305449 126525504 134608332 135427555 137752641 162569640 167327866 189558978 190884083 219422331 219843741 232675200 241455296 252935444 256342540 274698902 298655005 318244535 322908860 333203012 335333943 362626208 366654876 380162257 384347511 392229588 404597861 408706663 416218867 443833724 449558629 465846299 468004329 490169305 494327582 506166622 508256706 523706226 540832976 550372434 551910702 562535155 571785367 576235474 579989487 585533555 589163172 593398359 620583904 639721162 643012830 643815903 655765806 681362271 691086076 719404280 719703562 722498055 742440715 753976545 755491581 758340974 758993373 759326969 766699521 771888316 778091529 817065982 827677375 831641903 841515233 841878457 877893737 894027890 895547162 916878370 945463857 956423948 969287059 974819747 977159836
44 610493359
10606033 13435324 14294465 17170972 19752042 22768569 28783047 31505162 32294422 47339018 48554190 48717721 65649715 80980207 81500876 86550628 91585891 108190807 119677415 156275157 159670127 171146139 174042895 178571652 178949475 188652160 197391337 199296169 210239808 210256011 224762707 231130562 232394935 233004417 234458527 245869160 256514403 262427738 269199296 290491801 291063673 296428345 309626102 316464530 316479021 318357923 334203896 338793853 347098950 376325982 376681368 376878559 388826206 402176152 408369536 410942672 426923960 429708831 429815101 439027203 455661541 458595828 462722152 469749221 475448803 488917051 490178981 503404271 504460790 504562888 515899784 516715766 520465420 543053372 549389191 554818909 555004404 567223263 577518814 583225917 585757471 590853907 596451053 597136472 601806001 601864177 603149371 605968931
49 665501689
11439468 26878324 28798611 29670902 35503747 39578568 43429901 58321732 66091696 76557415 88419601 97778409 99313381 114160357 123964944 133553466 139122570 140784031 153680026 177679133 184669198 185217700 186414304 187520771 221781948 223218881 224100004 227440299 232322398 247255357 248943375 249289338 249629008 251013523 261883877 264732235 279758574 288166161 300105583 310494611 325951857 328231195 331395998 335982593 339516864 345909778 352299487 363854883 367366833 373507590 383042185 419220616 422216492 426251728 427502134 428992300 431116376 431268667 432137780 444857454 465994783 477537699 485150684 485272625 493056764 493926772 495854255 498697777 501447892 502616470 504321604 506102017 512936447 513504024 517347414 517817951 527584324 527726245 530350662 530743813 530769116 534094610 534386356 537601941 544828490 549469861 553427332 559830590 571899716 575580378 590208167 593563261 593865845 595633165 600276345 604494019 612113827 612635945
52 879451774
13360270 29831227 31278736 55720260 71104274 76227055 79306854 99061105 99684612 101228218 102927708 105949093 117324200 117875814 132184530 132832412 141139010 149089557 154559826 176098120 177314953 179743028 189835928 200483678 209977000 216796760 219135234 220017441 224285440 233809339 234117035 247600026 248580533 267944763 281638678 282776947 292933759 313286828 321620931 342232896 345800277 349337971 352024430 352290755 352358695 370228144 394118861 407854097 409016281 417273616 429947547 432379413 443232887 450572269 452100528 458739718 475994406 493442081 524115169 530214911 552773650 567324991 574651009 579719079 585383726 588314347 591553786 601914932 624147786 626330972 627080127 629832878 633727193 638482338 647050582 663675979 667038820 675979018 694357547 695734212 698695536 715765707 716902492 724229237 738331486 753144253 755010554 755050895 768678103 775177237 782064402 787062329 794748406 800502387 812823557 813559028 817641790 827710914 835851784 840206759 844614410 845410172 876222829 878018306
57 780891923
4258539 4782247 8449036 11568420 30328544 42635607 48015687 58044414 58707374 59398234 61772635 77515516 83645729 87119082 94108109 109815189 110535150 132978743 135338039 136260830 138666263 149898420 157455983 158960993 162447968 170726950 175346758 178826259 183834597 208379762 211955321 217939486 220217904 221548746 222509333 235426923 247297916 248100016 255110778 255505504 256854467 259304270 263038578 272489296 273911945 277519683 285707048 292574285 303383131 304242521 319274998 329517853 330302976 340974965 347089345 348725181 349776343 370720561 371924789 373447166 379461896 387430045 393803456 397475386 398455738 399836379 404413870 410734073 413390868 421002841 421433836 430334797 437788353 444350590 453725310 455516818 462367037 474313528 487558851 491715726 495364478 501224146 524290309 530021615 552539558 560712854 571414324 572111331 580553982 586112675 590897534 592966259 600940599 616717439 638929956 652394289 663917139 664995666 672290641 674739911 677823766 686569817 695568191 700329731 704475761 706151564 711216519 712258432 715509904 727042596 738152007 744974779 745087161 773478085
43 859874199
108948 137535 24525008 29412518 54890354 65175200 67617956 69537996 76007588 79003232 87567621 103547410 123307165 130223751 137692539 150747970 156864566 165676958 171890357 179069207 179600400 198558317 201463430 203092847 205738215 218758126 229522616 230967166 234369264 243044605 249960532 253681250 254071500 257450632 270351854 278582218 278693378 287091903 304833679 323161899 325559105 341998075 350136135 356206561 369867624 373314733 381330736 384497270 394104474 416899464 469822027 483401075 495298501 504091106 504377345 508045757 540954198 546233071 546892514 575618241 576767725 587250053 593476968 612040817 613925567 617054765 650476148 654751500 676923873 686159591 708700539 730845704 737331274 742258625 744823157 746550637 772028100 772043498 785556200 786348583 792602855 797425461 802523968 827274955 855711150 857622674
53 932610064
2475205 7494375 14516677 18824771 27700156 28805883 29358951 39423462 40667976 62140124 62178588 87990237 110497280 112968796 126489417 134929325 165301284 173509177 180729666 189746463 196644207 197781946 197832897 198154797 204111158 212511862 221349562 227964341 232501828 233829319 238043658 253651839 261208913 268740254 271149207 293508003 297180549 322145474 322250798 324260921 325807966 330167090 335484146 348997134 359976181 372873653 381172353 388343049 395349999 401288156 427978488 439092261 441751035 469739921 483306351 505856909 510119363 530775320 540153184 548860542 550716735 559256028 579635846 588725472 598548746 610938703 614739571 616268966 618082479 629767671 635012728 643771694 657102113 667976475 668979756 675108295 692097685 696251418 702795577 707237020 714076976 716477541 717560676 721318146 726517328 739931092 746061505 756728869 766107091 799486544 801209498 802224905 826072645 834043449 835378524 857515763 865974714 867992269 872553959 878697045 887229667 888669137 895348070 897312209 899318214 931267905
41 679835479
26611851 28751762 31332474 42838123 45641252 49757182 52589298 52705195 68312728 75934536 94536877 95704068 100495668 101903452 124373817 136134755 136485093 140512648 148637785 156977799 157043035 164622663 179934272 181316867 190917118 191683144 197411933 199570163 206902082 227832243 231259359 235803859 256161936 256701435 272915886 275322495 278237560 285182387 290381125 292546106 310717537 319995048 321582900 347888709 347893985 371499437 394040847 412548974 426994437 432729654 432767303 449532342 451042626 453467173 459473694 459634196 471744502 474613762 476056740 500607479 522582488 526186325 555433303 567611515 567669740 569579529 570490432 571356400 574044761 585531327 591771948 620214277 628298598 628760708 635578677 637348404 643482815 648074541 650345390 652177657 655365501 665403778
50 878882291
2598247 11729607 14568531 46865887 51453511 53958988 66816929 71511835 75359383 96795472 115390868 120603861 134945144 135467802 136670451 137158265 137714977 150944970 151717784 156733232 158385750 182384217 186641258 190247920 199290988 207466271 216003358 219894606 223767373 256475077 269030344 271321091 281015643 282963435 290278755 325867471 332991130 346528413 375233627 376673029 378127740 382544966 387214910 396631803 397287657 408593504 416770804 423291869 442652568 447798129 451836946 456643307 456788778 460131861 474798683 475424503 475584756 482089669 485681422 494165333 495941311 496460191 502093093 529090648 537811055 545100250 548097710 562303089 570600552 570784674 580254817 590369536 614942050 629037592 629685114 653916411 663596819 667579403 677102789 677700924 679190375 700474841 703501492 750765779 763351161 767374212 787715503 810100069 811888350 822490589 828062218 829146599 829636896 841783925 850042542 855276785 855355925 856097440 857595452 860199107
38 741334696
2212778 4369519 7618609 18693557 38055885 49392543 60004362 70127692 90978511 105674951 131984226 139804612 140687682 155596556 188203125 194749471 221780459 225303641 233726929 238960383 248128334 248365392 255031512 264608417 298479675 304031679 307575118 324472059 334648997 352003006 358109555 362263222 364772842 369404163 371574655 385363806 389665572 392557030 396934137 398642001 409331492 414872510 421597405 456355643 458833051 464392129 474669296 475472473 480402765 481017140 491584028 513996800 517752543 531660583 537688424 541859693 544478955 554478084 555202652 568508824 575271159 577559504 585094807 589585616 601342147 602243627 615057119 647841102 649409124 662875773 667060704 688799880 688862331 690144409 707524720 729207461
44 916767493
15624196 23883952 37083395 55712557 59258715 61742972 65950037 69322034 95131950 101466567 108967270 136689467 168975441 179363471 186248642 191960394 194082560 194900540 198891469 205885026 206402396 218763240 229025944 231265828 236530789 247338644 249825502 255734520 274829874 285294557 309476257 316860317 317561713 317862845 318716516 335229077 355536564 357891479 370837818 376443448 381657058 387534474 388393370 396502130 402165569 417930103 421914663 435893798 441263935 461289062 480895747 487752780 495006067 500023413 517908467 547625684 568054183 581031169 608245794 610673532 620392032 657138074 686576830 705463830 719056515 720849258 723752902 735508074 740490095 749818674 761861075 762685145 767301253 768049128 769347931 793930470 802635410 805558291 808977129 849543837 858751469 865470998 866026222 873445845 874464758 878046607 908340111 911648282
51 939072496
2460996 17937209 22196665 31643623 38638835 42688256 53267587 76924186 82636073 92732132 106141842 109913190 117479896 121938726 144864088 145980372 148901311 151850455 183618154 197204072 200223675 202246174 203088462 208998618 222020333 230209632 246199002 276797003 277963967 285834317 287884428 290207153 301803532 301984195 311052620 316955983 319208779 320236069 327628612 367641176 372796947 382579007 393148988 400834498 401669947 408202409 424432815 424451723 449687812 464088004 465657050 474174134 505537389 506207547 507242769 509140319 514154973 525084097 529355044 544535476 555110712 562768310 568900861 570227733 574482638 581307282 600255286 608829563 611648259 620810519 630268098 637132034 647071357 656912611 661537217 667004437 674464847 676522204 693918273 696297439 704437824 714471924 720228553 722455715 732559012 750088308 766649534 767795694 784485354 792075342 796675420 801571547 829101441 834186045 835962412 858520402 887734115 890137737 892325877 930911504 932944771 939020853
43 855566450
14400293 24068017 33635884 40092052 60663502 62581583 83556192 88843071 103006081 110854172 113172277 143107991 148161955 160170287 164801791 168336581 169218186 202412791 212613037 218882462 219110806 231495811 241901388 251489909 280021006 280791876 281609558 302307932 318114270 318992682 320660490 338993567 339879176 342224143 350300786 356300057 361028815 383090353 383848606 405920499 413849084 418780211 441272987 455911921 480499135 484776308 488084744 495087063 501761537 513282337 517037312 527340939 534049056 535685068 540238092 545082099 551914784 554827923 560629378 568775237 600774870 613955587 619887737 624425257 628427908 631357522 645777022 663902902 683619341 700022495 708241565 719597051 737118744 745097599 764921492 775987097 782573004 783248236 788064193 790518713 802869096 806555923 811934132 817304046 820277002 839150830
46 711800365
1357530 13649388 15938878 19236884 38843916 48587228 48700560 54959671 61660498 63028755 67905783 84923337 93751444 94600261 97169343 104354397 104356327 106158433 117980979 121054856 134360744 149193810 152859668 155565829 163360826 165362484 169099344 172862848 176352124 193184165 195638568 196456522 215799230 220501038 220923051 231167727 251773613 256920932 259953302 263473741 270434437 284891929 298255564 308808867 310512931 311395830 313768966 330408165 336217628 344943919 346239037 348808900 364503046 372500376 383180675 387078772 388598310 390448249 392213328 413113544 413690310 431647582 438198665 466064429 481539331 494961340 497664705 505650382 507682316 509881843 513697089 515923673 517300346 519058242 521739883 528691804 544516661 553773456 570046891 575915939 593183970 595629365 618655404 624619063 646645443 655326484 663317170 666552604 679036676 694525375 699488525 710986238
50 961191937
6734639 31057664 32085103 37875680 50656209 56255828 57493980 62394078 64297209 71944616 94534663 103897314 111041047 126052892 126256752 133055021 133872420 136410259 142823789 164233388 164790028 199196818 200762466 209650160 214902310 244410946 245262545 246976630 254877912 267170338 282796560 289186289 299231822 308830044 312228750 315387588 346716013 361253553 368916128 385434220 389773772 425125618 434603096 434900277 446619284 463380228 471966387 480142999 481242622 496279496 513906976 517802976 573169642 582938536 584881927 592089637 595626800 603807927 609549615 619007339 626037562 631528301 632850758 637030279 637740123 659537552 661879131 676739001 677459341 679556117 680309674 690853671 700963266 711936328 733012935 750812125 753294198 766467158 776037171 790019858 791461244 795390309 798288722 799380829 808746181 828123351 864653142 880726000 887358498 888593320 893994052 896002222 902751966 914826990 918663535 922310454 928823230 933422177 939315622 956866406
39 989563625
3995507 6527650 9665148 25178832 30044906 33124313 44676733 52419153 58826989 60236235 90643964 125907582 131844619 146461737 149185391 168404777 175646482 215995236 223916093 231802460 263651285 271740722 272494655 286381159 305747788 316363648 327630469 328324517 379541330 386102653 387533785 396346008 424718215 437968909 459779366 463144137 483032988 495617327 552565457 557002107 568977096 573715012 601641525 612258166 627001328 635726174 640366127 642092591 643173112 650008020 660654138 670650478 676984365 685711550 698312671 703912080 724973062 739855973 745303654 764199309 764223483 768736007 775092022 776784416 791823957 793228513 797998474 811903558 834645097 837370663 839771253 877896461 925476875 929980077 930164965 959410284 975712393 983425228
45 588412882
11331782 12354218 14853588 15475665 15969524 16062502 16787584 28151742 31272914 32684498 37653268 38451100 46853697 52768698 66549327 74789220 85517215 89741837 92807861 113357089 121985683 123854843 125810480 129484196 132555336 138593211 147138305 149158828 164211463 168282509 176047500 179520015 184825998 187810613 194600055 203039206 213095192 231674831 239836944 241950497 244434138 249149811 249761110 265115286 267356186 274938413 279367371 286560635 300245012 302260284 308637025 315205241 320096300 337285443 340869389 342218073 343039419 347306936 352176654 352364030 353503527 364877289 370052999 370322225 371342935 371470669 375004586 376965991 407173050 408263212 411070183 412365322 416488767 423994944 426555260 429259301 432782833 446050844 464592087 467500274 469505206 504046980 506448417 511177822 519648585 553123339 553492804 556431070 570577984 582954072
52 510385585
9886270 13014152 54000472 54442842 58666911 59409140 71405989 78600698 82795485 83960911 91404080 94768522 95209905 95299142 111868457 125635358 127622577 127686758 128862568 130729692 132286886 134890752 139805695 140992504 142786311 144801913 150795181 153611977 158336565 158732777 177941671 178108638 180512580 187218219 188686272 193539229 201674968 206529037 209581944 219132318 222844762 225115522 234318849 240562273 242615718 243016257 254452636 259296072 259813484 260960342 261839331 266132716 266578682 274627095 279683117 280087649 280167310 280745059 295260648 299964796 303488860 314305829 323983471 324019463 327221002 327498027 336778592 347555447 349145223 356251981 357886303 362501130 366386825 374702631 378390291 381482908 382995166 383286630 393508536 393712441 394135777 394487726 396132329 400309943 401259648 406660764 408666147 411355578 416326628 429331018 431022921 432551286 439006835 443991108 451533720 455961458 463672953 464413999 471084725 481202241 490819797 496494984 498875854 499960832
50 597137260
4591201 11148756 15014181 21379995 28480626 41317846 43717068 50929332 51608800 60653121 75019339 80521497 85913461 89315478 104108486 111416819 112236766 117780130 118413518 119154802 122117113 123246451 129369309 131972345 133041785 141034321 154321188 164250370 169001222 169326737 174406707 175244849 190633319 192472332 193045270 193473556 203246880 211209186 212600400 213845010 214470656 217004378 217652949 231495541 235009401 238365178 240976754 249973576 251998753 252607375 265931064 271787636 284902604 287855639 310007914 313635368 327149000 345125878 362290792 367744888 384052127 388798514 403341870 424142303 425851119 428470035 438185182 438441848 452597848 455277478 459248348 468059754 468275105 470499869 472030709 472040757 472524589 473633985 473701260 475707900 479743611 492243789 508465100 517285392 518999696 521212356 521237408 527586048 545153790 550846990 552678889 556035023 558503591 559603489 565778307 573354398 578595924 585140903 593474575 595934689
57 852968038
313859 19221101 28576074 31745423 33342942 42153153 43185073 52918897 61156241 68705142 70952531 71151366 86214096 92415005 95668775 111082851 113194017 117693485 130597034 138757424 139018058 148771420 155678410 156122635 156690044 156850178 157511238 167565933 175442667 179924572 180191352 194229828 197778917 211990595 248259992 253412940 254508148 257983342 257986432 262592077 263039684 263792447 273274592 278154381 280713562 305253287 319581785 327496477 332402556 377467397 386446542 386654830 388201654 401441419 404712522 406800117 411921404 422016177 425014547 426824153 433166775 434843155 441083316 445195795 449642718 452127462 457072915 457317422 475593119 482679978 493909717 512085741 526991988 547428999 550371813 575418090 575931145 588690578 603416014 612298304 637204708 643010229 650235002 653928374 658097914 661966002 664940790 674303926 688132568 695849951 702842038 733720251 748339568 748729447 749714601 753160918 753592733 775595589 779384074 781389238 791711755 793203484 805853023 808249537 813940821 826394576 826750783 828372467 836277833 839254544 841030906 843679734 846999098 847968586
65 852112418
12875320 20383478 21235437 47908940 52498068 52985344 56864674 57599636 62566762 66728630 73030941 73438069 79232162 89612277 92527559 95675446 98825866 102650104 102804577 113438270 116560993 119976196 120022848 124735527 125582010 127606648 142411068 155549990 155805441 158987273 165714699 166408264 177019817 179228586 188967544 197238889 207303627 211451231 212809816 216603887 219320381 219871928 250107207 251735157 252175282 256376853 262130912 262508177 268143422 290910351 300619865 303867489 304583665 311002001 312704688 316173016 318260381 327053462 329928920 332516238 332571127 345830864 347055197 348181448 368666484 369600689 369788743 374638547 380009470 383286406 395473330 427091718 435003199 435690736 440266990 444023227 448399986 469174997 484503256 484880298 488585484 491138571 497183269 497559863 497655780 501306928 502169705 507790531 509266909 511404502 520768602 523713983 527070633 533684423 551892388 552337456 553308273 562352551 581218101 585144054 592741466 611513519 624593709 628092815 640492395 641616750 650153876 674572609 692700525 692700591 696292824 700583186 700891399 704943167 718890727 723997216 725929449 732155822 750015506 778314413 788310305 791679086 803133652 808777263 817680519 820267446 828826263 831364148 851605084 851790133
54 543344413
2120849 16048168 17218435 17840092 29135941 31239119 33756258 39555763 41420239 43963976 46197967 53811178 57144414 59894558 61852209 64052374 91069904 102894215 105772328 119844336 122818961 137473848 138187705 139820102 152690920 154776551 159369139 164853635 165611929 177502752 194458834 204836600 220558476 223494815 224112437 227914600 228194754 229307722 238112732 246476264 258151379 273781363 286291084 288692518 289710858 290472123 306966958 311005529 317568282 325116251 326187979 330855498 333720603 333854948 336994451 339985271 346775654 347434520 348574689 350702313 353115902 354335716 355283861 357399501 358632886 359311933 365686426 369914484 376525058 376785579 377356835 381210591 381916613 382207473 383601134 383997356 385584720 389622593 391479817 396443110 397685491 402005698 402609271 405930526 409973640 415222129 416310766 428432883 430740498 432151935 435865583 440285510 448278758 461735523 472158406 473549388 476985697 489775014 491427755 500495142 503285852 508292290 514986941 530143199 533581806 533827961 534234737 534895253
47 674926196
4580526 8987082 14033882 16024755 18940002 20702532 26185814 28760135 49157152 59113536 59222727 76943309 89393296 90593596 96436520 103648359 106540100 107395465 124452818 138390558 159565869 162426742 165340085 166158535 174377000 176214404 201791028 206585480 218426221 222066277 230511705 230733755 238500973 241360690 241819650 242695146 264235865 272379492 274265574 280903798 284039631 291525798 292320944 297672342 299049297 320626167 336253610 338686229 348625071 349029044 349284401 354773481 360904139 361119928 363997096 373974613 374620283 409536009 414395334 414702472 415057620 422459021 437493202 455147014 463220535 466492294 474315584 477853308 480577917 487687043 505989506 509789507 516781585 521120360 529151738 536642060 542854323 553487090 562101255 570389962 575293159 578250360 581852527 588996393 590922631 602549348 606043547 610038392 620706715 621393633 625624969 650472111 656368576 658811425
43 790083322
19140794 29564796 36786753 47433191 56442873 56868742 58672358 87900642 97213188 105290999 113135050 113349653 114085945 117242662 119019269 122439479 125899808 129021948 135449495 138047080 153278032 154044433 169111703 174252628 176372207 176821513 178168440 189853301 211164022 228769671 230081925 239210093 244203693 275538219 278462505 278537933 292008590 306606349 310843356 320831365 333287377 336047378 355096598 373846296 375120761 375724835 380222880 382495789 384089637 410681580 412668606 418041807 448355134 456906190 460751308 465091129 473203368 483881733 511902738 514191612 522899864 524096925 530854245 539886353 569519174 599368436 614914411 615418599 618521959 630736582 656191721 668644598 685808347 691677054 706769342 725232933 730188522 735017427 745472944 751973636 755919779 757356641 765175903 765552020 781241476 788013279
48 941349996
27996385 45029230 64046363 65456117 69570048 71474293 76329937 117933862 119495088 127550069 146930655 150709810 153335870 173411117 176183978 176542948 182826066 193689095 205405042 217916719 235596250 236139730 239246848 245329134 249367644 266011685 267114575 270175205 271376925 271672656 276694852 282668185 286687571 300915032 310582106 318183258 325043809 337681408 351581080 352789740 365619183 369684133 389066438 394610252 400429040 422087904 424891850 449553430 455427924 455556946 465426636 466873857 467531358 471338422 474277948 475024344 478566188 495905632 499187707 511943632 520814740 530155718 558164198 573186051 590075075 592588531 601722107 606335912 606560400 609308355 616649800 655448318 659515396 662808544 667787971 673113721 688451973 707525889 719991651 759402332 759576790 780580749 789835581 791021806 799924246 802433608 804535179 808998819 810556200 811085687 820060332 827341683 849280992 926284374 926825073 927079867
52 828369482
27796777 39403456 43087772 57690870 66887308 83422362 85074720 101510243 101733059 114638402 124351894 140446995 142369182 142731220 149646656 149748868 152914191 160287113 162464326 178026783 190566214 190929375 209073463 210634049 226518231 227802703 236878669 239061289 254461564 272626316 283465142 291167876 293865275 296489362 305841737 319201650 319775218 322826815 342912059 343432350 352241252 354120410 357707030 358847887 358920798 368729887 394813095 395129897 396719176 398291568 399336787 403691243 406819743 419090053 423273076 439901621 444028411 445569561 447436526 456669862 459226057 459661756 464906744 468838212 485855512 511729568 523899425 524237748 527271111 546336785 558692335 563551295 564246699 566727635 574516267 580879227 639468588 645060966 646985509 655366923 664916758 666271519 671099098 682907602 684460095 685857244 693363240 697023778 713270278 714149711 718706087 726808734 742691010 746954856 764695901 771535536 771624925 774131101 787010535 793941444 800381840 808870349 811252795 825926519
58 748872606
3593017 32237610 34980812 37781728 44889113 56778457 62421643 71596334 91242213 100990881 103540991 104286550 104536275 107843986 111823057 120524408 123943366 124515719 127095824 127350072 129007575 131076281 137108634 146596268 146943359 149243104 153261869 160168503 170730726 170869190 183327244 185131521 186867653 199588736 202479890 214755675 224522858 230388911 249014689 255557573 256239462 267537121 267692872 269247495 274910297 276772768 279926984 281863873 292657697 298824773 299453949 316245869 319780044 330052407 332523769 341054980 350610525 353388518 371234414 379254760 397008616 397208668 404840599 407063840 409052548 430111263 450517329 457061856 462563395 462957712 463878495 464043791 469939402 472468358 474683240 476077581 495625720 507208725 513837188 515276510 523769342 525916731 533341547 552957927 561178044 572806679 578897952 581719448 594795218 597049560 603224885 604769054 605849059 608507597 625200282 639624717 661038650 664194494 667723731 672508412 675186826 677842958 681968522 688397432 688519331 700659098 702152376 707253396 707925951 709646526 718532810 721884803 726504315 732348001 732793205 748394753
48 594501256
377098 3483167 5044696 19832757 35611589 40505007 48945199 54859252 71158247 72979080 73722282 75189656 75990088 82933061 83214796 96661792 108052194 126817626 130512687 132956850 136060421 136290547 144498879 147335858 153429013 157132731 167836092 172053864 173371616 175785905 175834360 185130361 191601264 193802794 204509252 207269741 207867814 211075395 213695638 216257065 255565096 265995478 270232202 271269172 280269215 284072381 286895883 293836391 298729196 300137608 303705101 305696594 306261818 325026386 331932646 337056667 350686137 362218486 365708609 367125400 372111426 379241340 384872134 386621275 386750621 390565770 404406449 408561594 413518318 415531682 419736977 426384546 442686823 443254190 445691169 446434695 462445458 463201693 469792046 483128793 485031469 486656520 500662807 501204979 508382819 524975035 545764393 549802976 550191153 558284330 574724298 577485803 578679868 578953225 589208332 591074428
50 980768229
558501 6516161 27821242 30583987 34684815 55042566 56657806 80588220 98036745 107700205 119353983 124735979 140077969 153295760 160698058 162230677 164793132 189050558 204736594 210325945 212399702 227050048 243348377 249359964 250557638 257294552 261515276 268521784 275060166 275213743 277681915 281347003 281652597 303967142 304890371 311634168 316137284 326660629 334720328 337746660 340495532 367022763 370197845 419285822 424117437 428601788 438520939 442574221 449574901 450232489 500711420 503151380 507044853 509304951 510473346 511007663 527777340 535698933 544203814 547322748 555913469 565094569 570938689 585838339 586391266 587342453 593096767 600821641 622607959 623055241 624917682 635448348 644471957 656471991 658339285 661111488 666610767 679360002 709834163 712071692 730112881 735480770 739437477 756898167 778374380 804222362 807276053 809851754 834720702 835612347 840885244 841872778 856673501 889460945 901929517 903458031 920132488 943808726 948208913 974617728
53 530993382
803770 9965927 10351319 12396256 20809016 51990426 53054173 56459386 58499761 63786668 71460532 73173077 75018683 77008454 79886707 91882019 96708999 98486681 98951165 111230268 111719392 114513439 119469971 121014613 122303319 126601039 127012694 128136357 129547882 132090903 135457902 159296435 160981063 163018616 165758162 165858506 167141848 169864649 172719925 178428189 181047534 190472927 213309512 222800120 223271396 225567269 225955644 227077194 228708441 233840534 240045316 242434325 242647914 245884432 250143569 258052576 274628142 284039169 285909087 294687907 309815647 315489372 318831848 332375684 337278233 338255603 338770573 341037571 344192847 351769615 352587251 358846585 369484745 370465301 371683137 371846051 379359190 384878957 389951173 392087562 397844132 403469736 404178753 409550989 409838381 414187359 415061616 416135709 418674911 427390839 433534805 440682940 455316017 457486913 458598089 463453824 469370199 475923729 478612429 478704048 479703281 484943927 489828091 523305058 529429245 530372759
48 536556617
1021075 20317593 27002798 27431631 42510162 46722202 49567637 68513104 75031996 75317680 76248564 96001450 98385734 99406409 100087795 105094366 105836138 108006381 110707364 124951667 126829270 128789556 129635334 136583090 139214236 145365192 149294657 156108859 163738905 163808869 164359826 165384660 171205307 175724052 176465880 184842098 187438208 200919303 205404553 216803725 227072920 240607066 248178424 255662569 257901915 261411167 267322485 281942517 284642418 287607241 289378718 289450409 300083403 315771887 318123900 320385610 325218475 328824705 329081875 337329839 341002305 343535314 345190268 346677834 356156388 360861110 365144329 374726962 384057112 393971222 399298516 400139909 404140644 409961323 412273548 415259714 418362342 422777970 443889979 446383146 448111792 448445416 455776858 464276493 478680708 479159342 491394035 492867358 499840160 500356154 501076229 502800078 504013947 508422745 515851671 529352429
50 835801284
4549597 13418639 14032961 15531774 19027384 20605557 21573811 28448637 29605783 34466171 41630093 44224441 69861171 90104450 104720094 107743991 122106034 123497425 143833926 147337480 153471327 155626903 155961195 169390836 179199116 182678859 205669184 208326022 218002659 226533193 237030967 256754510 261142510 262880365 268354590 269447934 274195312 275468172 278452364 279300574 290652214 294111739 298958926 301839982 322586503 341863198 363955033 369368918 378631516 388012495 398595998 409184533 424178081 439568321 442384489 454236912 468952911 471203435 478139728 484308384 494439289 521426016 524159818 560471358 568275797 570489967 571390255 572499000 574852714 586796733 587009948 601533640 618706207 625338089 631471423 659695501 659971287 668767196 677904402 680261099 681123802 687480276 688220575 706310893 707999757 709174110 726923976 731453856 738949358 746912461 748860207 753583808 754680426 758335401 802369158 803599343 804214735 806005411 828056484 830468913
43 661264413
7836310 16668772 49166535 69350976 76754392 77662228 82236424 90888802 100473720 120760673 123689811 125234212 125377788 129469513 132676538 151081833 166626293 171152020 172976707 174138166 176106355 180748149 187320340 190907334 193292958 199361915 201129876 201707834 207855263 207859000 209392820 212272116 221956609 229855255 230297622 243244449 244076993 253455754 253475226 264008431 265426488 269240067 272292789 281905769 301968385 328825670 353382745 360502927 360818040 369667840 396642239 413868391 415240658 422044045 437408279 442614426 444157076 447778184 448195226 454510806 466525315 466659518 476873172 498834604 501235292 502837210 507524583 516432521 520555043 539200062 542077417 557242237 566525209 582784852 591175731 592605362 600211530 601189419 602433243 619984973 626976590 635977972 636019702 655109786 656691442 658960398
41 823724510
11218309 13473492 16270315 20569847 47826776 48368398 53467974 68707025 84027075 103485853 121457671 121581352 122774456 129906938 143042676 143950381 167879099 172547263 184637869 212135754 218970702 227015143 243165870 259933914 282974379 286735333 291286611 292405316 306363417 319526150 324036840 325556861 328281647 329578617 334598474 337843849 343425801 343755635 345189771 351664884 375112816 388795096 411371952 430345215 441874827 450556494 475565058 486633512 510665935 515004702 515074961 523443476 524128974 546142310 554771959 558278961 572616041 581304433 591812051 598873001 617060070 621800635 622856612 625251700 630172181 634966226 649550923 673743763 681561451 687323564 711039424 713302629 713371126 730031080 741817634 763441342 772299262 778408289 789160423 790436316 809167572 810023562
42 775292270
4449504 42331419 44236084 47796008 49212891 60501491 70894863 77633428 84845418 93950242 94619791 98160340 100645586 126461403 130378613 136116119 138904690 144674747 147484918 160368668 162422196 163875013 171181514 174835167 179960794 181071944 192148297 192942013 196791088 222232173 232888638 244013275 267713341 282138259 282834814 288566937 288595565 297962342 302310849 304860772 307364659 313845702 314600540 316357138 331227726 332574763 334293502 354922254 362723316 368860197 376091683 376324374 378837488 379568639 403947494 404747337 427986763 428479586 431411323 457225517 469126658 493279174 502256828 510299731 527709391 530751723 533556731 561853521 565693440 577709786 602468239 608955623 615419080 636802616 645370994 654565103 673468381 674774737 682843793 695932776 718266788 722815291 724854119 738623862
43 925105563
3999 646135 2601820 14050142 17141180 19070039 39826217 41139437 80527262 88630539 98261711 122235009 132978090 136977335 137086218 138615144 145969525 146072287 147490606 159737343 191248728 204369673 212978966 218308476 235514669 275979705 281867705 298218702 317534532 342396285 344186296 369216033 382027462 388791001 394163345 396337130 399589432 400360868 404463314 410350353 433963933 444676332 464838636 481018856 489482803 511464081 515185993 528054226 529932161 533600262 543998592 551246221 567993538 571998703 579710671 599584992 604266150 622581934 627118404 634771863 654903890 665687813 673999197 688766216 691833882 694872431 709878131 719071380 720754665 745403926 767648943 771209823 783177746 792989145 794012224 801559486 820469236 836295183 841506333 868060821 869982390 871771437 875726540 882362733 894251243 903229712
56 965862124
83240644 98531845 102097738 102898440 105395495 111301763 113824439 135395035 148714726 148869620 149826281 151724131 158927567 161237216 170874338 178666763 180822104 181472374 192267688 208119564 218437134 231639648 232055596 240527823 243366121 252264339 261711051 262003583 264007241 269899707 272776882 274954315 290042246 302048298 308282936 313834886 314650179 320314936 334076864 338464480 364079650 394081135 408541246 418365933 421843906 422082724 428739008 434008208 448031852 456654086 463155353 466270877 473711411 489357466 493995909 497200930 512392593 512482048 515843359 519252700 521880440 528467289 544957551 547542662 552845637 555912249 558976595 569359483 586080092 593079788 604334098 608350806 609515672 620425496 637346048 642341616 658224073 680991483 697733378 698951492 705809465 706277638 706460051 711058973 718092894 734816687 735218342 736267031 738523320 742423010 752829293 754513941 755355298 758157079 759170526 786409258 787261662 795056679 799363643 807181094 825402793 826366045 849633667 864502833 864928184 868845303 886864030 896715355 917547755 927931545 928122891 964589845
49 979813774
20092254 21001131 32605150 36207638 36490853 49179612 53216521 58332900 95470214 107766551 115159538 121035265 162551925 187733927 197145401 203058222 210132224 219403639 219581071 220921542 222352008 236984310 272865203 315374772 316772102 318018352 329703814 332892183 333947629 339794931 351846666 359804083 365122312 368512605 369750023 371068233 379400993 396712017 402464355 431165453 443968040 445495766 474850066 493047352 501245891 515826205 521445105 536039908 537754272 545101599 551815435 554905554 573048169 578480654 581465095 583899274 588632965 589003914 593150598 602201837 609643745 637586418 672068496 677059896 700143013 700426518 705507597 721735287 732554797 737059224 765136477 766135852 767978281 794488125 795857042 799493306 803245708 820113307 827496503 852332839 854830694 855026216 862136452 866321990 866660766 884822886 885545280 888304706 889767412 896220158 899053114 924164904 929791853 934342795 964008559 970651135 974615542 977602355
31 625004585
10274119 16850538 32781090 43366748 44145442 49660526 51636161 64213504 83038063 102646511 131134993 140663586 173193036 174190693 178225938 199988594 210026154 214066568 218053788 238559769 248356667 255268394 264706633 266420734 279994808 281020087 281241459 294490554 302093558 309408100 330041242 332309973 345605697 356622241 360464916 387823070 393240565 406406015 415921435 424310863 429213635 438496551 448504559 448753671 460881669 464013879 468739405 480867674 483301166 503416755 514141521 518404983 526727396 543664396 543983857 555583578 571560636 578348760 583536984 584296006 586544773 586901530
60 667816392
10304068 16739872 18041765 18794933 22652467 23511447 44220261 45354291 56835327 57418663 58775992 61683052 69832188 71541516 74744683 74807139 97544902 99804061 122722056 123770806 124474228 127878764 134426107 138498666 151225996 153497048 163276477 165698864 176671347 178344382 178477892 179923366 185040932 198627349 199659582 207712894 215056090 220530982 221159155 229832409 231211316 232516724 236364877 236446141 237169456 238271385 238487949 239039920 249562986 265728905 267299541 283286198 286370494 300138164 310143558 324509385 326406104 341992588 349682044 357237158 358345439 358458081 360907250 362003040 367378855 367668183 378201282 382484807 384337814 385960959 389932280 390169000 390313201 398305020 399145698 400741375 406712530 413922353 419732649 420676523 429116689 429862161 430507705 431209698 437283568 450286215 454804022 466073865 478273039 492012106 493292364 495567282 496749937 504321532 532054592 539140158 540914277 543887702 544893767 555350314 558906485 561410827 578690535 586226251 601106798 603462758 620822629 622886396 629100912 632305792 642814442 643733258 645531071 649099185 649881757 652083172 655635122 662364321 665305879 666459037
50 996474266
18293268 27324062 40231500 45522862 53210761 57542848 63485950 70037803 71403911 77458416 83259918 90423102 107538824 113789734 117520618 128220122 134785114 136666825 141442150 157007410 158628561 159684440 163238233 174754488 177695926 182041532 182876829 197578301 198747983 216020571 226584604 226732250 232966806 236358293 247069726 247907478 254899670 271274876 299165346 310349464 320973202 333061168 333172451 357264954 374122470 380214152 397821329 409471839 411885241 415630190 418617016 420982330 442460889 442737984 460846469 468774560 475564336 478220255 480797561 489581013 494509513 496797782 524459386 529904170 530438576 544059125 559782650 589855471 599637552 620289611 623888908 629645776 639170858 658348184 683692241 686972110 687526345 695324936 697031758 733497373 757254250 776749460 779523660 794806825 807690396 818124119 826189551 831731152 846740196 849275421 871219162 881574254 904419496 906389925 923533166 923845212 957434094 967628845 984584923 986013925
46 719220817
3744983 9447018 10229591 12252392 20712441 31317507 37608347 47741739 50727658 90074585 99174230 133903752 145305237 147312411 148198836 150392803 160607350 162843886 169963594 175392573 180635059 189649117 190504721 192648932 193962357 201398046 205959706 226490848 232946448 232973738 233548352 241398155 243001032 247907710 258847462 273858429 276094012 278197598 282047949 284818587 287963623 294862076 298973235 311532426 313069502 321495535 329611118 340641260 357824027 364095623 371618579 375430561 380562105 404966128 405394328 424320205 424984915 430796262 431689696 435712602 438464380 438966631 440217692 451849417 460299440 479680266 491307011 493660362 516669642 520519462 524819387 530839192 556604815 556710441 571266197 572116907 587509254 603781292 604580572 606432183 610731051 615126219 628587934 649952238 660479627 664276226 670446036 673578150 680486776 681513603 698530505 718893166
41 630092969
377767 5409267 8884767 9806210 13998830 50481395 52092729 57595909 59416984 69415595 76052828 85671485 86898703 93748012 102814354 106216236 107582584 124384127 140826690 144412146 153330589 176074066 177731928 180149381 185461069 187636738 225930717 228368922 229349735 236968054 265205650 266455492 293291197 297373378 312036274 318881906 330071623 338615584 356689280 361047672 367752300 367823244 370674336 374902899 380102307 384691652 385518229 395472563 405691922 407104441 410046523 429717514 434275205 445843235 452378187 452760616 456825134 459439971 463165561 467018601 468570323 475799220 485089292 499278505 499777227 504382011 511884239 516370250 523287598 545257165 551296139 556575709 566302867 580137560 584404505 593824404 603335699 605128608 608829174 612479492 624232016 624591287
42 537180337
297585 13626347 23769791 26603399 28586069 29819415 29898844 33981064 35677597 42871730 44445476 51388291 54141226 62236709 62561845 84719151 90619936 94938401 105783373 108102738 120892422 132253343 138323706 147610598 148043987 155958398 169078771 171489653 182628519 190814081 197805488 228346702 231516880 233529151 238895999 265876872 292539011 292656270 293404974 299363802 300363127 312445353 316436344 318020633 320210192 328176348 333838668 334489292 338537767 340492999 348708814 349956615 367338254 371852423 372585736 374986487 375068071 375807116 387404322 389396407 393917121 398687868 399689531 403105732 404331455 406340555 406636087 412605173 412709909 418148849 436476448 451432481 475400935 486521719 490273850 497714086 503886494 504852427 509401937 513335524 522490292 522830863 527141966 536712312
52 986162681
18938635 32268198 36667030 39364038 46935559 69804875 73373187 78420708 81688978 83967891 101872681 106935864 114437944 119087341 157933282 167681177 168535911 170975087 182604500 184621945 185041111 197370815 198112212 199148672 215281148 237492312 247707780 262159570 286264930 287806369 292477898 299462230 313099884 314646507 317315498 326660451 331319287 333747770 344541789 367293405 372685931 404555328 412452166 419283715 422356449 425501848 429959305 436042823 451026612 477058241 485939063 488599477 489475271 489558599 492700979 493049048 507399042 510888309 517148864 534508129 538655194 552368436 559555997 581899743 586200140 589519136 590333126 613562274 629944543 634649257 636573168 667136529 668221474 671874086 679689411 683363714 684948165 692807998 698853839 714825136 714856840 715121040 723883243 725830202 736924318 753809489 761125248 770245551 799055175 841657936 844760909 873449716 886421690 888457839 890807908 899007350 902699884 905879923 909535685 919091492 923260890 931377945 984387133 985045711
45 722115444
2101776 33762421 37179694 42679431 56597769 61501182 66669254 85926657 86078502 96378681 96620283 101516992 105258660 112433354 114815924 139819898 140128329 143949113 144331127 156570368 157192543 163259630 172319087 176589913 179807565 186079924 189485414 192247126 199032020 212707728 214086407 218015268 221973064 221996103 228182349 238622246 246619099 265280534 276112512 284051863 292345649 299856405 309252254 316636668 329307510 332757061 334990397 337392526 370808008 377530331 379298739 383669392 389059531 398984036 419895928 431074382 432084523 439364432 448628144 452397273 456735595 458193987 460702790 479637142 491257489 506485999 518115314 524072095 527786370 532050496 547742093 549537342 571707161 572536798 575613139 578560276 592722732 594165157 594510111 596858503 600280184 632547070 641782886 641949542 671020148 679539950 683844533 701102920 705609852 710495585
39 984905492
33477282 33678219 36390162 46645856 54114074 54308713 54408447 97983866 109116899 111120791 130636052 139550313 143991809 145604709 148358387 149134612 156897943 159129875 171479227 173812365 174207939 184689490 185853234 190154934 193186707 199758682 211739919 227060748 228604094 235787906 238947676 242299604 258177404 263055057 263874510 292655215 304416422 313519525 357766839 364905726 397154232 403143652 423539876 481344429 485214339 492587206 494005684 494171454 514220467 515296078 569453223 587420345 589444177 636696397 663298608 665285882 668967072 698740707 737573538 768784562 777298206 784379037 785344855 791933690 808894030 818448465 874142326 879600273 883303360 899247022 913012391 928010515 937263190 948401792 963693066 974037545 978758821 981124916
41 654024986
5578798 16225994 21648624 22485651 59346741 64658179 65891396 76597219 92766413 98181486 109898987 120410178 148431632 151655536 156198028 157041785 160912940 161228752 168832024 180708050 184686862 187990514 200613552 206187359 206929798 218504330 223124271 227811348 231771582 235390852 244464813 244693973 244923310 248415226 257417875 274519953 277621721 302699198 306131501 319713961 324025421 330186925 345116586 348636257 354355827 358232538 368044598 368117969 374556425 378757534 399228532 399567692 415591917 429098953 437241139 440805705 447505525 466005924 475587768 483221004 498520194 505651576 509527154 519895791 525559406 528236797 542750710 547910148 556586015 561416972 567901667 573388913 589668492 590262024 613451406 631184880 635049799 635962049 637116802 639262575 641258738 651931148
51 737065430
7202092 14646414 15823335 21920437 36032986 41476313 56540982 64720266 68047327 73434891 75216932 80055899 84534398 90731280 103059309 109194181 112962983 115215543 119942208 126792304 127552281 136256839 140304864 140498417 145084640 149027106 165397983 178337384 179218270 189203599 201833917 203540368 210802252 211094917 223267440 226743628 231748636 235914806 248964469 251344429 266474068 267359218 274132048 280741376 281436172 293487825 306536998 309951585 355797396 360721712 363676091 365584360 383812552 385539487 392792277 408407394 424358475 434887948 439417548 453178626 466046390 470341227 471732436 476596751 479008037 480344045 485488371 489511472 490233550 495400100 497407168 499731438 506629040 527215065 530165987 551693524 555951368 573856000 587032084 588335237 589330827 594062881 608706502 610826673 615012497 615732096 615831403 641774027 646926703 655862349 656249132 671470015 675438892 681491557 683460125 684012937 697064935 705591176 709299083 714121280 716251021 726029306
47 509931096
2674902 2865318 9139530 27557229 29971041 31996016 35305532 45774126 47864498 55660714 56559996 65420430 81681874 87978003 97325418 109038756 114903831 121329848 125746364 142587083 146907224 148393230 148601745 155050723 174871414 179030937 190097000 195912509 210467978 211082819 212229074 214162823 214996333 243250659 247195957 253674834 260125049 272457717 280606705 288455674 290452094 299380090 299467532 306404944 324844328 327393933 332082508 334547507 343383382 343980819 346671718 353484355 354597817 355699013 359777252 363038303 368748799 372860848 373673766 375330441 381928379 385081591 387435605 387848583 393221925 395426059 402732719 403140574 406122778 406645608 407811439 414470621 419171554 420640085 425681897 426906589 432288640 435616411 440434686 440827937 442265043 445155642 464149442 467779095 468295066 474231131 476436442 484549608 485903737 493522250 493686618 504443821 505227243 507507597
52 853473765
10448437 10672960 22909089 28423233 35680836 39428944 63796452 64593994 77786028 92933733 97761396 102022254 110842688 116432602 120100692 122726178 125720968 131551853 133839046 135679390 140325637 144693638 169218837 190480046 192317574 200646462 204101527 211149694 214190165 226382910 232037833 233419442 249432658 266907103 288988900 290537172 291749782 300191545 313240827 314552473 327470828 328689498 329428431 333525119 336116236 340538490 358203068 365784039 371037397 376345370 382183973 387247783 398817841 410023145 422677053 424919656 432732111 439722224 473661399 476687980 488052831 490866605 506453588 510976078 518875806 531812035 534809488 539723037 553676306 557499920 561505740 562972048 586716327 594799618 598886113 603658021 618681477 626064511 650271861 662835167 668041360 670452610 678579466 686533685 693726022 696465625 706182910 707745965 715543085 715938880 721082330 730592725 733471603 741858758 764385314 768193234 769202446 771994784 777575574 781837510 783822115 784861866 835288418 844444714
44 855299295
8210844 13608172 41361117 42331420 55222360 61458540 70201877 70252538 76882845 93174005 111443853 125797563 127831386 138227272 145472192 159515098 175579448 219450443 222314804 225129941 238718363 242822917 245853545 249883700 287476540 298536818 305839690 307262085 308962981 309358439 312108886 329922412 336198518 364461399 384612415 384750518 388407661 395355083 401889524 402657413 411151123 417129362 458354872 476938780 487229913 487676849 507036052 511823304 518556041 535584181 539429680 547075322 557848529 558594316 570282034 580063231 609854591 610479254 611813792 612029359 616690917 616742702 622301087 638812891 650304634 684077442 700205225 710645977 714514469 726488316 731895654 734169011 734814868 751374841 758841353 759887833 766932714 773251381 778997692 787470778 789905444 802206685 807533583 808231530 819182002 837508401 840284248 847291477
47 514700017
3509843 8398106 9926904 15255843 20778465 34229865 35861060 36686583 37353443 37439954 41124340 41938276 54775811 55355854 57387816 63237363 63727798 73970101 86251619 94285857 99068195 103270801 105731056 121539776 125414626 129352046 132339006 138814305 140931173 141341598 143608378 147707513 154886151 155789742 159937020 172632871 175884177 197167093 201580829 206191963 214583551 215060012 221428357 228392337 231593834 232730352 238134163 240813660 250596296 265067803 271102817 272250488 277178331 277772861 278610901 290428375 296538545 307757835 311914309 314085748 314362514 320468673 326880408 327404725 329479745 331378367 333234011 340808075 346999690 352309891 365190387 367986592 371305586 372222407 384354609 386584597 405124131 408645425 412675969 417291270 437457519 444278152 449214662 462923198 471242464 481581216 483145520 494408260 498477707 500940043 504221822 507534871 509997796 513103792
47 808362029
5328381 9922823 28913900 30957143 30996533 37635342 53241769 74391491 77503012 84949867 86762920 93145824 112418537 112839560 113216320 120805395 134500067 142749956 145926502 147698333 164471195 176333892 191662442 197842128 212557385 217065374 224465338 225486654 226721719 248186429 249903217 280384194 285159008 303053065 305858298 310993346 316124825 334122421 342013568 356129346 370608198 376259147 386837189 399316181 407317138 421101273 423060362 432577278 434417832 439180348 448901782 450623620 453430437 481663256 483359041 483765031 485894453 499521222 502207833 517998974 529492738 537517687 541498748 554370441 590391493 602083093 621354355 626334295 637064767 647138173 658309092 659216166 659243837 663044026 675169975 676584118 693220496 693499544 703432805 704662156 712163896 714160052 718537351 728799511 752151027 757376605 766815822 767256111 767899950 776851089 795425728 797294994 802234283 803437637
51 708594703
2999185 17686094 28372755 36276905 50537094 56628847 73182843 80516674 83829760 91720310 94365696 100060009 113937221 118959689 123240752 124693723 130662210 142383320 142700682 146615045 151389960 159157247 162780516 179650281 180583218 182391554 191375708 195990297 203547433 223488999 240948542 250775943 260162821 268723433 269951955 280537379 287443546 288930221 295386872 305389175 314006702 315465385 321544867 324628980 336037555 336178911 345488683 367427759 369880393 373710002 374382627 377130561 392602545 393173868 395490358 396314745 412772061 422235151 422725816 431840537 433204996 435002948 436677396 450482776 458046827 458735606 462360243 464860130 472995707 474991376 491957430 492551852 504754555 506774567 513563429 513669662 521781978 522960687 540884629 542601053 563811650 576065212 577632699 579149717 589211163 597863864 602260245 603157653 604728768 610847284 625558023 630552826 632420488 636492020 651049216 661304530 668971436 675322876 679014647 692939064 704298187 705734154
43 667973670
8838715 15884918 32617961 36236329 56960933 57395632 64559972 67639796 73858795 77191967 77856254 77896485 85380297 89950357 95700430 100575647 102192439 103016051 121262675 126171359 137452808 140956954 142762754 144654214 146774250 149417683 150669360 151080678 161489557 162105311 168358826 173870304 183537452 184490583 185657628 186104660 191675907 192009125 194002004 210926785 235189423 237429165 238581896 250797026 264083666 269425465 285122363 285610968 288591961 329565232 332764400 338783844 339059335 339772244 346231930 356058218 356074944 360656689 369326189 374193354 376910971 382017645 384016476 437871654 441914787 457292502 470729763 475702348 478100673 495505474 516955245 542439617 545104509 546908132 560956671 562524464 564722721 565991892 570246912 610213817 617911431 626397035 640727157 643027605 648136040 653474924
50 957193452
31616729 32565661 56832130 58482756 88503741 89578548 123434088 125659208 131486302 140272427 149786727 179987609 185929538 221830941 234852370 237113929 241449731 280005574 295297075 314615396 322188817 336040910 349576179 356202074 376401051 377046768 379399368 381036909 387120396 389339087 401018655 401516986 402562758 402660752 423596437 426353023 436189780 452331240 461242913 476617046 477146551 478087261 485042064 497096421 507198662 519909859 521595017 524657342 525718670 534789459 542001175 542637133 549296176 552345877 554989846 556717334 557051515 559104333 559769988 583234595 583543264 597990357 610540653 622350621 626381403 636354662 655538875 661079814 672240769 681456832 753340111 756297564 757533526 760707784 761612007 762720777 764536931 771618812 774016064 779678092 782805399 785824296 804314033 819966174 822280530 822727387 843772328 847453197 847708902 849286828 862375538 862575122 864096088 878007687 880548801 893226012 896334538 909970486 941994757 942978863
49 522693574
2722980 11816094 18198941 19369232 28256453 28932808 34975432 42914473 48301533 48399187 56843697 77684286 78721703 81787235 98357736 110563448 121623637 129627525 133505840 136533992 143756757 151460315 153726561 156420983 159121416 161331049 163837310 168483645 172219440 177162547 180909303 186906379 199499831 199824803 199889158 200258274 208572371 226372143 231925912 236229195 236723706 247169072 251432978 267735011 268310363 269923014 272021914 273222469 276675179 280769422 288221802 290140051 291634223 292789952 293001825 298925635 304634176 310802851 317194121 317396088 325356666 332083073 332438274 348738602 349763225 353344507 354578233 371038445 373616737 378841186 382698425 390008929 395119358 399541426 419227348 421826971 422327405 432958524 438218391 439509699 440497842 452601668 456410249 464457899 467566743 468285071 469165523 474159192 483620747 485110578 494352324 496443718 498016324 508470934 511906608 514452943 519808695 520635184
46 822604790
2216553 15763585 17100821 27055878 50537270 51989840 52030887 61885635 65399360 108150300 111894761 115695706 116390384 133052079 156398782 190406683 206028005 212185925 232013072 241755638 241919291 244337862 264220709 271173499 277079386 277758308 282700296 301139106 302346698 303403382 311864422 318135256 322195850 345642949 353129634 363500848 368105682 413342932 420004213 423059366 439193715 451168596 458474805 460982968 466654965 468342768 479997820 481906999 484222780 485741185 486477155 495740005 526167132 531211244 532888019 541600957 546961596 550873848 553535904 560158971 567256267 573825691 576016866 584228175 584578242 604088156 609153025 610108689 612421460 623418566 631601338 642214374 647834081 653504293 653620390 661533284 681930802 688008701 689588035 701527501 702482739 710517178 713584184 714611167 719118339 723833988 758168959 758612489 788696627 789343013 790686731 798017519
48 709811083
7434731 13410210 15526231 22403908 22521196 26761497 30192710 40564183 48697690 48835449 50242597 61515961 79878051 80828814 83098090 95306596 107798846 108780537 111197677 114534838 116274774 120688021 132448290 148337699 169478603 169914960 176840741 181675046 188742350 191962557 195510350 199968626 205031906 219604842 241363210 244744240 270580230 274407585 275912791 276176929 284792425 287450768 294135141 295602137 318485907 332084786 335545335 356739568 359239623 361184243 366003921 367212953 379633686 381400736 397372912 398507184 419828262 422847228 423691768 427368368 441111329 441245194 448569106 453919231 455842437 458877582 460678912 464038317 464100981 468337168 474480319 498302456 503094747 518117638 527235162 538005736 567533211 568531625 584915212 591651092 592212510 600297015 601041000 615620771 619045328 619973157 622280116 630809141 663250046 676250365 677011748 677987372 681037073 685760521 695584755 700266742
51 907991042
15925800 37049995 63719147 69412040 72297344 84870947 86800820 90301211 91105880 111365472 117381979 128856798 138741153 139100252 145058124 154378220 157051707 171602807 181769053 185053361 191525232 197963135 208074531 210705942 217816990 229461466 237948430 241062884 248139884 248363299 267664687 272680298 276906061 304021029 307888477 318130974 326681190 336001987 349896639 354521266 359995033 365396109 372521048 391213385 395949432 399940805 413319212 420418998 429943828 453903660 460811798 467483693 472363971 474202123 486897868 488476905 505580634 515498921 523119183 542893647 547645232 559626654 561166473 566575087 572194809 582660711 607173846 665174241 666156894 675163921 699433162 706598767 708454373 714584455 726304698 731922030 747420676 749394099 752404133 752910713 752925727 756806043 759439063 774148452 780412904 788098047 795420878 798520253 805949328 808427622 815556798 818351488 819511969 819677443 821787706 824770003 855707152 863294685 868504092 869404186 876017719 883281971
54 936859638
7091545 10349148 27847091 32076443 43428199 53717689 54145833 63109227 66214945 90741990 96963251 115731908 121787622 124253707 146711675 159505113 167294804 174154750 183899551 185303279 187933793 202311831 212505629 234762786 243517532 271840447 273219131 281270265 286679752 287759143 290999736 296008890 303235236 317459150 340029069 346772913 354407041 358348838 403617521 415959851 417562116 422449689 423615979 427260577 430115732 430519324 443542043 467977105 471064019 472172877 473850364 477449238 510812927 520374985 521914748 524938178 531538605 551844619 557718980 564689754 577065910 591535670 604100533 605997412 607139488 616234166 625201779 638421104 645589850 649530158 659620486 661986159 673408764 674590337 678302233 688174701 692290832 695176366 697931784 705213583 720430724 725130977 728991099 733571377 734445747 738695118 754010055 771184995 801025832 801820263 809781991 821635398 821808898 826139425 832904134 834760240 840752005 843692775 856517499 869524233 887998600 894673515 896318617 899826876 915835113 926613883 930894042 934476555
45 898847009
13543361 14830121 15495065 24415936 25692919 30035712 48353506 79753373 86934343 88494722 91308681 97494595 101436604 108649111 152476033 152720083 157115447 186095457 193625352 205020287 219138738 227458870 240301312 244692453 247266512 248979076 251258695 258902846 260641610 272122574 275165743 311294224 313225220 380870712 382821121 384495198 400097236 403455360 403628723 412948163 425412722 437535792 452592994 462429849 467711511 471887418 475597004 490257366 495628340 507907593 527863247 535857413 561773609 573938774 583430972 620129809 621553837 624941399 634598840 635644594 656762259 673000581 675578753 676787539 688008734 691727498 692911542 693665920 697624114 703705152 709451016 710772864 715602476 721132269 723537846 724027007 726342786 726442879 735343043 752677823 792482286 824807322 855970828 859497566 862848491 869335202 871841086 875295926 887161936 895260398
50 945754720
3538399 7134425 7384204 10193618 10300065 22905181 33685000 39110713 41335566 48038760 49746403 65106180 70875345 73191385 109916850 123637079 148362184 152089825 157786455 162535679 162722088 171038225 190907967 202724023 211566398 225859887 230257083 237171129 242601468 271682723 282369203 289244022 291839994 297988321 307041573 311904585 312197346 320521520 332559657 339039234 357626256 363012039 403934708 407875036 446797058 448324418 468459615 479857184 482105492 491180530 524123681 534497280 538414917 540156227 559181960 566860211 581737972 587988958 592309042 602176039 613473648 616635377 616676529 634907853 638260266 659811276 663214550 690986080 691168761 694339787 698759923 702596203 712201244 716271603 726160212 739145623 746617407 746857927 794579214 807125236 822375823 829382427 831863190 834678696 846166079 847295971 847319677 847678563 848040682 848117777 852189971 859435929 864437441 877352751 879742323 891380940 897039622 907797750 932703425 944068146
47 571414262
15047902 19224610 25418124 26111776 26837235 27271970 30789077 32517204 47694610 60548953 66506428 74761719 76377478 81596268 88328012 118185798 118459236 120514530 124857110 131838529 132310193 135684154 141060732 144841854 147524466 149998673 160864455 161578278 165057738 175951680 181516421 183245399 201910597 203059378 205622840 209669618 212999965 218375320 235567401 243505018 244839801 249620945 256634758 269610557 272206402 274687431 275812927 276807765 276913373 287150060 302949410 304989427 314945947 339495407 341157926 342126380 355181392 359023996 365777174 373351242 379355751 383088248 383476494 383612558 383745729 385240444 387234471 388264499 389814056 414423430 423518228 428911110 432683677 435259211 438409677 442422341 445002386 467718307 470478659 472877763 474593983 480092986 480444151 484702390 494058264 495107481 497110127 526280829 527125819 529798200 532373587 538354914 566936448 569893714
49 739097164
16985777 17038997 27779520 46995991 51145504 55187149 56007622 57717379 68629958 69584389 84280737 88280829 96216873 104111546 105601283 107131293 108274261 114899130 119595863 142494291 145468242 153837165 155000570 159153022 165078915 167068750 167285257 168033947 178317001 180542441 187979471 189988182 190970799 204483554 215121995 225578274 235377941 237027241 241741614 248690782 252110393 254395648 259221880 259654504 266738798 269708622 286650034 296729439 302273254 331583660 338732225 342188706 369353686 381027129 390772097 392348968 392610236 396184513 396219258 401140690 405005726 422976974 433109872 454337944 459382884 464933993 465382991 494951085 495013692 495294782 496362700 503425119 504241103 506979387 517923070 520454543 527188711 529159666 544824068 548062438 555944094 556372848 560515755 562606772 573177535 579707820 597172339 605312986 616886106 624527016 624651180 630109484 639736317 657901077 658560554 666722172 667769091 691101959
58 529460378
280636 522963 4935136 10137338 10553299 14657359 16318772 28244672 38029326 44397589 47102566 49736780 58419384 59539771 60059140 63432787 67810012 68053615 76411216 77207604 79628981 86834072 96489054 120110670 122033883 129212607 140238650 148244348 151402410 154800249 161816142 164310028 167753716 168846971 178026502 178551545 180717898 188267779 199652250 201073580 221335170 247253052 247376410 251505601 251653831 252392842 259397959 259912458 263001623 264430363 265507924 266883047 270533477 270960044 272015137 279620237 282630509 284811920 285672430 291413535 292976108 295799831 299425050 303596840 308154807 309449779 325704798 327896509 328374529 332024513 350273026 351398820 351469347 355967682 356557093 360612403 361718130 372058637 372399659 373557391 373730188 378674790 388056501 388270771 388634667 391912598 399980225 404876265 405697890 406202738 420094069 422708485 424370265 426307379 432903322 434529353 443347957 447098890 448433070 451971165 455498424 461305216 469836860 473171696 479353161 490532370 495452726 498205623 510455639 516899834 518562166 520125565 521120901 525704664 527349633 528182027
42 955700409
3208733 30399987 31387122 39277051 42514480 64391506 69286036 82280627 83654798 101361375 103149365 135746822 155910671 158375195 181090396 183948176 206747697 213452902 219425234 232141135 246298807 247329746 252724499 329806886 365803052 374296550 377979037 380785797 385527855 388743189 394359051 403407398 420509839 424362524 435331193 447888105 450504433 460239102 463599402 465538960 480339702 511521350 518142122 526897021 530365671 549082743 555445549 557580172 559014469 576202752 657958083 661203348 665615025 670041220 670232097 675310959 676354097 729719331 730959760 752676988 753325926 756618835 759979139 767055318 790809507 793563688 798988205 800960253 804096705 805406955 812782618 820620943 823876398 830864892 842393431 845190393 858722829 861913970 867692469 894733219 914263963 917307136 925747196 942511171
39 870364601
2621230 10399738 29859081 30209733 35566397 72190607 97006206 97566909 110708999 123171278 126171165 136992460 138544656 146846617 167501553 174551368 174561356 201570396 202278031 238766396 245596593 258520439 270076992 273405765 277051369 285667471 288927560 295405817 327452697 344235181 347259653 350989709 370975768 384713214 398891810 402593253 418168170 425430092 432305168 448271628 455158059 474777092 484998853 508587027 509750814 544270897 562199639 566324391 616510137 620586173 632862717 647724179 652845829 658830316 665168988 672477050 676126408 680594192 681069532 694661113 694808945 702100497 703774785 709227547 717983438 734747273 746629494 778011523 782834809 782949521 791983910 794231735 800451045 809733054 809940462 844913286 846785379 858255508
48 953642959
8308255 10134326 13582550 16003331 17760472 19843564 21063816 21794268 37750790 42022182 60512829 70251883 74422624 85456347 96797611 97935413 119020622 127493089 132206757 134275565 148056664 161055969 166061619 168190297 171641007 175419697 181030771 185554053 199121872 212399125 223218935 225330286 241602707 244178606 253639671 271614584 290983280 339609885 353588455 359939139 381146625 389351118 404743430 410820294 414670118 415849332 424855459 438829595 445336539 472949403 487036255 505098081 535724150 539045895 542894314 545041410 561754034 576389754 581576708 600604342 603639796 608234856 644109010 647717598 651738792 661479256 662132994 668607269 672190178 687575550 691567794 709511716 716995218 717902150 721309085 745760131 768197106 779818091 798494516 805399109 818522989 827902335 830548808 832347807 848348207 851332080 859727610 865126848 878023958 878916079 885450265 899285467 903090934 911007930 928225721 939123279
42 634131405
12603436 14167491 15428071 24297697 26400311 31841054 37231006 41511795 47618893 54199685 67771796 71434564 74492309 76662619 97890136 101927323 105797019 110251179 111456935 114609278 116127802 118569587 121648054 123492042 129061859 131505464 133020062 141804237 150806345 152941680 161688980 174319145 185325579 200938152 203348814 208156510 212987695 231794536 241990866 248343040 258249187 267193592 272998544 308202845 315671180 330868037 335908678 359351513 363507015 373476718 383234879 383236132 392161754 394946709 397559871 417771174 425031398 431654671 439992357 452320785 456191362 456368177 458788304 464522301 468505082 475054636 478596591 512335975 513081219 518106694 545027912 547983929 554107258 560353805 579159432 584176604 585503533 588656521 598505215 601280237 607395495 621186505 623721315 624132668
49 678869583
7193524 7290106 15908934 15933318 28939720 41725699 46410456 48740969 50740043 51424068 58044071 73383846 83796430 85681930 88684343 94643752 102498446 107044918 115925924 118680816 135511357 137070940 147889855 149029403 155270520 166322316 173956343 178982429 180354385 181911109 189764678 219257416 222862110 249899780 251788027 255981047 259624641 266452357 267317603 268179991 268426988 274891341 283395590 290726872 299324851 306206041 312173226 317452557 326765468 328666299 343454202 352895269 368581551 370218637 372208034 376169921 383714716 387362166 388198743 402521731 402577497 402926558 406913279 412391302 413977096 417714735 421564209 440058957 444411254 462281932 467335575 475794969 488370311 490809160 497583301 514919043 519182949 525259666 525816191 529316685 538958727 539021860 557199192 557320307 569357596 571439902 584027936 598135269 607787280 615346848 634439823 641877126 656145983 657588884 660210353 668223380 672094850 675690138
51 835119284
10926311 38267787 77271158 87629732 90970371 91311488 91878810 101297775 102460083 114443480 121992215 124524465 131911597 139551336 150374812 159573603 173508478 176406700 179751161 181839457 191660027 193179973 209900387 216396931 236912329 259057067 259966594 265485901 268523629 284540354 301123866 310598628 315950975 316445290 322260302 346299922 347780931 353304201 372109646 373143426 383921114 386463207 392502226 402483097 406090161 418436921 427588505 440436233 441586305 442570191 469318663 471108149 471707740 479369466 479381781 485800347 510727224 516856243 524419532 546190912 553798953 563650669 569108583 571862798 572793414 578319664 583009343 583966420 585588352 586484852 589170207 598590316 625024170 637178189 639208278 641965389 642676604 642685868 652255127 673923424 677368909 684549868 685989803 692722933 693117567 717010721 727160873 734056402 735941840 736833486 769178971 772702537 774773488 780491431 783735337 784947072 788396763 797068513 809042996 818319205 828227246 828442846
48 950850481
1500395 16450571 43457434 48920554 53794949 53809050 62821952 66271983 101435369 109233477 115121715 140550970 148654329 148703156 150058784 154458799 166109968 169722980 173117831 187310453 195205149 207152539 239848772 246608305 255171469 270426696 271692203 273570805 280357916 285829349 296667545 301567218 301999278 307170594 308718443 313746851 328040917 336856794 349510872 360524127 367010986 394924552 402400928 418875444 436333299 436967058 444633627 469831901 480201471 485209719 489375837 503901306 504499245 505162114 522613435 529479768 542846511 545658338 557054186 557501851 565989996 566473426 574455273 583149179 626329859 627124604 652009430 654902269 656620810 665732759 692706532 707402283 707817902 710534107 712691238 713131271 713487411 741843255 749025329 762191882 767448934 768898697 784538005 792963628 796904051 800887404 801022867 814037750 834925192 845265111 852506777 854162443 872038483 883952101 886172733 949008167
42 873918397
1472531 19173218 21298202 38771653 41199178 68877361 78128288 82245149 100475405 101264175 104467420 107142938 112714342 115616124 116793980 119923350 121273321 123541290 128188121 172082559 173493675 174528384 180207766 191320919 191616397 199276988 199520803 199642998 215819226 224948855 227398342 230321058 230559683 249867436 258863431 265884473 286374003 291565324 329610965 348115974 384399494 391640354 403707523 450244744 461983278 485403419 487460514 488060922 493846292 500867371 501305151 520762482 535755586 547026141 575366985 599209516 600426966 647966467 647998071 658743512 671765273 701350132 711275307 716728670 718990372 721996896 731637134 755796475 764915911 765783026 770174365 789108668 791668473 801750744 804222084 819188388 829963098 843372908 843883915 851461839 856766393 864120652 865058895 866830822
40 554294279
494314 1401130 4846585 7934125 9972795 10857652 20507361 25674209 39955773 45983137 52557718 60524115 82079024 84355893 87343601 88293793 103375830 111360567 129894004 139938149 147161440 153789419 163642253 166899916 168103453 171709369 172320676 205813344 216842454 219934010 229361255 235539881 239383600 260812573 263291399 266145999 274571665 287381078 303554489 303691486 310147799 318439223 320173168 332403961 343012821 348924642 359186277 361424240 382678466 386546102 388535293 390995007 400286499 401400640 416398126 422185718 423230905 427110972 434438277 435737254 440542270 445760871 452519938 455720199 465384017 471179433 478319048 493937297 494846616 505367901 505828529 506683323 515526895 527228144 537099699 544821157 546624112 547042957 548215677 551803634
48 983617899
4698007 15917401 40158537 47312665 62419868 80732133 86885759 91428723 93423624 103963964 109295969 110423294 131552757 133406256 136639605 138937542 145943883 147632500 156613516 163672824 175961750 179735195 183956330 205039866 206573940 207321152 209597095 238970072 243341980 243854709 266869871 285613679 286968656 322298262 324880846 325230232 335423866 344960989 356952498 368624571 372332605 378218853 389980823 391709165 397285204 398452804 401036457 420416703 427597301 454018699 456697912 470509526 475883931 487560339 493581979 495043042 527676583 543309741 550045998 557425610 558050355 563651183 565288697 580837702 598000373 681524487 687151996 688263855 720881482 734365765 734422228 742750789 772530641 786527528 815382635 816987685 828274542 836371360 837731839 838256771 849088848 861236852 869368103 897166864 913887351 914912608 914978771 935161598 942019956 942890864 945674861 952912075 954261678 961482886 981924576 982524823
33 850483594
1160092 6570404 37068320 38381804 57644704 62895754 89419701 93923108 99984982 119959875 122964578 129305567 173723393 219787535 230798008 243356208 244002890 251723576 253368164 257217083 276084342 286885819 289857797 314897293 341983100 351003335 367782266 388159005 400295339 407569916 421762253 427635847 442567932 444772022 446628996 468148948 494250256 504325365 507558482 509255170 540527182 614112813 617890040 620106930 644529443 653328304 663453092 670786441 694978872 695133595 699698389 714016322 716907765 719015508 720175455 736021398 738666729 744980739 779356567 802426456 804339829 814588690 814598470 824098354 832322972 846945267
52 559336996
299643 15997295 16434819 16893554 18130916 29123436 31809993 64667274 71233061 78522652 84368563 85703111 88939290 90367289 96165683 97807538 101274685 102099675 102954273 117343909 122361208 146361270 152821401 155463779 156474899 177684252 195115573 195199984 196591646 197027719 198714116 200399577 203375853 207880541 211558939 235142667 237675536 251459377 255155914 285535303 288204023 288946856 293804228 296184129 297470071 304433102 308766200 309522445 313316768 316865653 326424499 328084484 333204169 334176879 334795014 336858805 343838292 345141766 346187655 347518290 355230814 356737927 386414981 399112090 406420626 410799068 413917778 414596966 425439323 425542418 430233860 436030031 436373227 444462111 446174772 450759651 455418109 456318799 459149574 459947231 460035395 461158782 465127628 473255996 473894935 485475580 485795886 490280130 494882248 496210858 501941253 507772841 510422189 512632280 513987429 515227477 515751215 516428307 517583987 532855182 538544212 549112551 553491730 557964954
63 830162811
12574712 14984504 33678416 37423872 40494605 46062216 53074962 57408241 60360860 67558635 79014391 107830464 114956340 121349577 145942604 158754354 167755314 177427561 181382526 181890640 191768558 194924319 203323085 203973623 207787036 209236038 210937545 217066306 228715355 235502569 238348898 253244315 254539270 261641363 270986185 276838118 281503308 283805641 296791166 298028156 317989287 320503249 322136857 325245941 338506511 345163103 348137402 359844956 380191760 386451336 392586122 396759083 404232054 408584345 408754825 411413887 419550414 421552206 429413474 430324576 438612438 447073082 459530555 460052432 468488381 468807120 468863501 471412692 474422391 477638800 480369049 480910844 487212295 489549052 499389303 502996555 509539716 518152685 529938735 544582421 545161049 562954532 570033786 572841684 573445202 579569009 586363240 588554348 593642172 595094446 629462427 629668777 632702305 634354027 635753556 642308397 646310092 656597899 659528988 662532123 665823843 671526868 688623372 690171846 697230346 721971807 722529038 724100839 725050664 731861525 732561304 733347110 743551513 765244424 769630455 784167164 784860654 786177635 786429453 792307932 792869854 793759596 804093960 819527991 821349795 828672115
51 865153021
6242800 6709499 7026149 19776968 72600130 83032546 89032789 114671741 116673413 118538236 123946147 125132005 126196410 132669361 169844296 175890460 177542742 179483673 183694411 184264742 190907629 193013951 206407586 210798414 226678176 244928837 271252867 273039548 278542510 279560599 290444367 290873551 291424301 293622672 294289013 296472660 303250675 310032795 316028421 318790610 323221187 325235846 326449441 340075471 351891242 359813075 383849179 390003314 416953072 425405287 437113384 457366425 474848875 475093585 476777509 478037332 482421796 498285412 501534794 508707586 510490538 514795488 534805949 568164231 572247453 576913267 593432599 597805374 604001499 610731112 621424158 636364964 641203675 646479195 648052562 671087469 672589404 679942595 683533130 688864662 689380676 717608347 718246221 744369105 755358984 758118415 766357631 768016009 770476221 773285006 785662504 796732615 798478628 801168453 804772719 807299790 821670004 829152213 835621599 849054856 852097983 861533718
44 794552944
205996 15818426 16944010 38445737 47668793 48999477 66521946 75261056 76286282 81073948 83251960 93653274 94817664 98940633 105825770 112854018 114953508 129516267 133007358 141166752 143729403 146395850 155881472 160673329 160994589 168329170 183912842 198738170 215157872 232427832 234557643 241712439 243160438 251804625 276269167 277652851 296167023 310133459 324821192 359090017 373122238 385765356 387883787 392671566 412747337 412796414 414730105 433438271 446628672 446819860 447554579 448637289 449445139 475466333 495885623 503427901 517944108 518287835 530860537 532646232 539974141 542011155 555384602 557552863 561320649 562749895 569107718 571690687 573066713 591478300 604941156 606804692 615455308 622565582 625029879 630049874 639129888 663176331 665292418 666359087 670692266 670950967 692468728 720505057 725446009 751932333 766917913 793433303
56 645465454
6277571 7157080 7310578 8465048 9124416 15752663 17042188 22491849 33358543 35493583 38052959 39832192 41241773 45688592 56988807 57658183 58537258 88934288 94171040 94564955 95246807 98973833 102139755 107123217 107642908 126799029 127095537 152283318 158759189 160266537 161725727 170139042 170285424 176809977 181009979 181059070 184750007 195147879 195207922 197277946 202610801 216116268 217687551 218924149 225522779 228526038 233010934 241328355 255282496 269277240 276167829 283264187 308894134 309432832 309438367 329239160 337523774 338049817 338068091 349049709 349127513 360747513 373861878 374601429 375904591 377600913 384062892 386544556 387763700 389689139 390090995 397433531 399722158 406417732 416788504 417577255 419124383 428220900 440643512 453816911 461290349 464111260 464249817 469788770 470528439 471140039 485670451 504917208 512882308 526043533 535674654 539707894 550701675 560076208 561001667 577337234 579878049 582186782 584373051 586143006 587967916 589336402 602087504 602235682 606697309 623800439 624958027 625361687 629434652 642968101 643005074 644239877
46 615302830
746773 4367186 5622346 6943161 23078530 25326236 31222549 34787286 39687989 39991965 47344866 58388365 68831871 70374164 78283802 84267730 109855706 110193437 116274569 121475772 127304796 128667132 149124292 155600500 156759003 170358051 195488446 199007112 203411361 204519554 212948808 217150242 221904913 226615646 227587679 228232713 243128920 278372094 278590182 287365398 298980161 300789291 300993307 302534059 313768412 326793661 328674395 344773876 351926403 355635887 359957411 365843813 371230255 373983606 382778920 383179700 386126225 388107559 391723251 392602964 394694011 399503669 410186997 412911954 416770275 440264573 450099309 454444301 463018395 473731145 476884562 478262309 486562586 494304510 497346789 498385979 500331106 502582550 505436855 506059646 516504492 517373268 527159084 531537090 538975025 543842518 544063608 546616956 551675201 595876330 607262259 615059433
43 502110812
1602785 2873454 14523216 17312670 18238611 20614470 22128305 48645067 55588211 69057229 71671966 79517998 88154873 102223698 103330093 105917686 111053384 115469973 115484372 118243092 121106755 127845658 138402840 150297942 154865196 157080819 158571113 162142891 169702975 187852731 201907221 206585219 213125874 214713324 226616207 228246245 240655035 245587608 250571475 263132087 263308811 276189887 277109242 277392226 285063624 286486828 286864548 290244615 295035194 295404523 300091014 302290419 309505517 314710264 327875867 330951414 331933487 348269603 354086642 360292068 363014837 363997798 369134804 372162248 374074736 375585754 378014224 381679483 388538170 391025383 430982097 432891059 435188324 436628070 437374706 441512924 445944180 450215528 456816999 458339462 461202687 462306679 464731473 465070314 466457214 499396257
52 952659416
897661 2813766 8043437 22187753 44494659 45704970 57565873 69935743 71427156 72283954 120025370 137690778 152482425 154838131 158261370 167212564 172195354 181994796 182202201 202771316 206153770 222850292 229042285 243424977 244821432 247520912 253190913 261125311 267022177 275291983 285230128 303659103 308993837 326161649 351077013 351337466 360922307 363586465 367605569 391984985 392216773 395862365 406764651 424196331 424741698 426964404 428858820 430300394 435669699 438555319 439611260 450534586 459063052 460162008 467048348 473879075 475657991 476158119 492195654 505713232 524098057 528456878 533241888 535188876 535617563 548396066 552397884 561486470 564387521 569152481 587556566 588470578 592285939 602990461 605350111 612549085 637796528 658024741 665566855 681816085 708403653 719422397 769113780 771491002 775380206 786566965 823982943 828829456 845330851 845896108 852417424 863323118 884894042 887777309 902271321 903890623 911672710 912881604 918326695 922115177 924758890 924903759 927619399 928447011
33 822683612
10648837 11864128 12495951 21368265 24673737 26081578 40034581 45518954 49029664 56443646 62195627 80843621 83031783 83178554 89390357 98413569 100916693 123372494 125018630 128797384 144176473 151467930 154332273 169111032 183155706 197605876 205270840 214411595 274188467 289776726 305676653 329568947 334284346 339462188 377474380 385787888 402572262 418192858 419828692 433018152 436581645 467590543 490638286 513662396 521485269 527051062 538421184 539122844 544473032 545512272 586231073 595246102 618720021 632664540 637086272 651129228 654885265 690493563 707849495 723815613 724284305 730181323 735858672 756214676 773946392 774850984
45 954716633
10647875 17430407 18207472 31907700 36551562 46374730 51004842 68995727 85615047 86026449 90965225 117426648 126003898 128307985 149094328 150337180 155880996 160231200 167736555 218814204 229452594 245143063 245765184 262286791 272454233 274513413 275507069 282282166 296535006 296854382 301994350 305028820 315460590 331242353 337235658 338170054 343829470 355266969 355273992 360877141 362567102 382360965 387681103 412843185 419478135 436160176 442669422 451608019 462436150 497054080 510216785 516876647 524143778 529313807 532641780 534399992 537658985 564405152 578709218 580042264 614155657 630635253 643114793 675959863 684184117 684919185 696119489 724070430 725593923 730535183 741097031 766592514 776238290 795920631 804980463 806004242 809822524 810336470 818558505 829541150 864755318 866518242 896406770 901680808 917001268 937181710 944739097 948644741 949906185 951696014
44 910077242
5199667 9720204 24680843 43577416 44133226 56272702 64301296 68910230 69633003 98630437 99538281 130645859 132205045 135005848 169167389 172307210 173051569 179689084 181074331 190240655 193157486 222874299 250120136 250709305 251389352 272611842 286806459 322257590 322433459 327054793 348668699 350591626 383861602 387116071 399468315 406583313 430269741 439029014 439440940 451029838 451752676 452064839 459463050 474312613 478129019 486300179 495792754 496116471 498332322 512360426 515162455 521898168 525178977 529745245 529976981 532597391 539559959 545485662 556902428 559153046 566086360 570923699 588107078 612585063 618108747 623936759 633849047 634614224 648626071 656159179 661078402 672088166 675834557 695206254 699571945 704930119 706780612 711620853 721989470 728877729 746734497 751483875 816009327 843275182 843369263 856221967 861112591 883973737
59 670449181
651212 11901733 23943905 37198553 37323179 39472808 46132165 61767359 69421150 82136492 83661746 90035325 90557751 95568301 96002217 98085421 101131149 115507884 116692002 119229797 122625678 131539865 140306426 142561560 154547135 168806604 175153268 175656300 190086256 203597480 204308437 208483949 212556235 220657893 225807001 226065547 236520140 248582139 258584766 258711612 273652416 277873868 281366260 281680920 283162560 290363042 293958081 295293720 300745591 302430122 309620904 311119541 318470568 330336212 335703490 343065042 344978483 362363333 368073606 371470731 372621981 385101292 398462360 398979362 410994252 419283841 424029032 425152556 429837064 432544296 436843519 439019765 440084605 440576661 444455725 447117057 450017695 465676443 466882114 467438668 485789760 499309521 502993262 517456529 517651091 519448144 526463747 541552638 544866540 545318517 546529914 548422879 551860194 555792879 565275102 570104741 570559682 571358709 574847477 575057334 575421617 577655081 590461493 592918555 597464587 606273559 607739674 616579158 619224796 624152062 627319258 633305954 638011970 643213601 645231438 650738163 656563569 661890276
54 833526747
24132529 29177144 30005000 33611095 34723903 51273161 59801984 60311630 76519757 97502581 98877071 106989676 111468097 143246903 143662598 145061925 159363009 159921015 159928050 160328359 161576752 168070666 172820809 175944288 176873727 185280127 192932119 195172171 225684919 226772789 228274109 228347682 234650806 237995258 249628213 250060977 254550598 269774101 279215791 279893054 283616808 292916158 295765079 306084725 306130921 310066314 310378036 319440614 321467203 323211545 326477774 328856310 346760448 348391170 349361838 372438583 391093398 393946077 396661938 397360877 398420597 408816670 428234626 439823379 448442816 452183807 458112733 461426724 480076819 481459314 491068745 491863853 504015356 508555681 513659256 515572816 515867765 518404261 535595907 538631277 539526988 544519295 567342817 578652076 585251182 588893544 589869111 592043869 611307055 640792106 641695014 655890989 657093487 659599660 663208935 671848768 694817732 721534872 735488617 763489238 773482483 811532250 812048973 817319214 818674244 827596266 830598347 832235864
49 700927568
1996431 4133085 8725794 9398137 15724445 17146891 24359406 30808156 51072139 61038790 72339837 90729999 90932512 100501264 103727254 107341666 113485826 118947919 130162739 131027501 140339799 153069253 153727999 174531750 184702875 185314210 185703786 187921984 190832943 198707451 209489219 212153921 225609560 225706694 233998866 235027248 238482837 257130982 259866307 264927207 268565473 270940127 298010824 305868308 310943779 315691971 334196019 336317484 365616903 366254527 366341163 379150571 387451496 392702561 400636011 401445497 404507005 409356565 421090196 435026235 436448643 443755703 447615703 461744050 463729603 470788089 474447167 490070600 500556639 505054473 516496326 521146943 529010313 537716834 538374054 541038566 542078458 546096546 552558261 553046984 558728628 574086020 593504620 598168878 600977541 604527936 612995656 622046985 628070711 663295768 672453484 677690408 677890299 677936190 687480965 690579543 690642334 693797495
43 603509726
2910165 3261319 4735797 24056611 24610180 25963982 44111165 53842320 65806817 66254022 69457744 80987784 96181486 96775474 97189354 107673939 117932097 118969895 127588445 129801685 135265704 135955862 143959228 149474913 152609050 160543994 171419649 173671751 173962236 180381609 192037441 206449689 209121483 211375258 220761844 223254867 234899812 235422204 235644796 242317434 247889547 260488388 266432701 266987175 268504954 305123794 317401817 336056885 338282039 340111666 340776237 341061548 354912386 360469696 362152738 377922662 383044633 397654048 400729996 403070216 411030219 413446265 418040458 429279397 443246239 444354904 447550510 449235603 454683199 460643606 494290106 506307580 511207416 515952493 526372614 530291614 532935670 536274791 551530021 552256649 553325586 556929806 557925931 585700013 593282579 602968304
37 980957154
529510 3014437 19901169 37349310 37858488 39090451 57844430 110463005 140763353 141319666 149336860 177757532 178429633 182850629 221247050 222988194 240283129 246000799 252846804 262892624 294046499 301294696 328034811 341535981 342010222 346455280 354852271 365350470 397606591 410761744 427636492 435912127 450788130 455737885 458056864 467829167 470991837 473839340 475039827 480352598 486915184 488172906 500035891 505713775 516064560 528607273 537664780 542631695 544308302 549696576 556378309 606883900 617205263 631257620 636130946 654524991 669558623 691824510 703364157 713890981 718343164 723446456 744303195 798923585 802742120 850477439 852465255 858916911 868492521 869943737 901598730 914259891 947101126 971524718
53 587184261
7113966 9309593 9319422 10460938 15930483 26196951 27632110 28192916 36502925 38433081 39061395 42969795 52575563 53609786 57043555 76722308 78315261 94026414 106532054 114799077 118000068 123363109 135508369 143009707 147440121 147836968 148992500 149733371 152482105 152825163 159444563 159728735 161106550 162348519 167334119 169834176 184443491 188831235 194557081 196008587 211226699 218397583 219823844 222522314 222892918 225952551 228347090 235411927 243065427 255246481 262340544 263268024 263707638 272055144 274235841 277212785 280359103 281071518 311363785 314186328 314716756 318695404 321188929 321871831 336303699 349133990 352358673 353184261 355321663 355413891 356736754 366195111 369111534 378065614 379501569 386496667 396604842 397623972 401174682 404851953 406719422 406892526 407138936 408793368 409638184 419599545 427037311 428064534 436394675 437484897 447145550 458262813 490637595 502725028 506024901 507693548 516428685 519041346 520939925 524656215 534449456 545306669 546923167 556768662 560231701 576784234
50 779559973
30254077 41090395 46143118 68115315 69164159 71537042 72887117 78519500 78619944 87901807 102094490 110904631 120866007 127984982 146501841 152668145 153022243 170669138 193718861 194248930 198052317 202912319 218157798 223999773 232194451 233066080 239538689 242162581 251192228 254362371 264651517 266542733 269963219 270927461 292913865 298511224 320652533 322223560 323495411 340356817 340402510 342113318 345863127 348470086 348984730 376614514 379625129 383707936 383828076 409463019 410904067 411730147 440484686 457427976 458908116 470098931 485169695 487160895 491425913 493499522 503886724 507458512 509808360 517357311 517545721 534646211 544849418 570321310 575475566 587311406 593388717 595223318 599849769 605982740 622863653 623994327 630793585 635001017 635547707 637199261 643108640 648211278 669756697 672021521 678138603 683745725 685204175 693447556 695085277 700924316 718598148 724005906 725355513 739369242 747443232 749423211 750227046 760762756 763750604 771257176
47 734559707
3190583 7009772 10396791 10876111 16718324 24731683 26511697 27776600 33863744 36839326 63607669 64954186 83880450 106073400 108299766 109665066 113864307 120705833 122233336 133803936 139502433 143864209 151941668 156121411 159178832 160937667 164398106 172049629 177410739 179424922 186133927 200339247 200605081 210476365 232972483 243516812 248389043 252221732 263047413 265502763 265616350 291480034 317719907 322327715 328797613 341551500 348023895 348790010 351750405 357987824 370292256 378038319 380364820 389204397 391363461 395572961 396925757 409071171 411326453 431349742 440173454 441542172 454514854 459372828 463563253 466268904 467689972 477382778 484145956 504244028 509421216 518561440 524063215 571865368 592323983 593024903 597225050 604265304 623300165 627973319 639971048 653337666 655439923 666687101 706660783 716084825 717599515 722520713 730578546 730913909 731171395 731567012 732176183 732296117
53 829213790
7094424 12992559 25212706 27322070 36233704 44954980 45647158 48625789 50651741 56491698 70827616 72081145 77828761 81188087 96144090 108207746 113845067 116664831 143722127 146146840 155878092 162232272 163563374 175699364 178761775 184703362 195105859 198092957 201661460 213025683 215497853 222916647 228841060 231090194 242121484 246364266 251990715 258889134 258949815 263610887 274278452 281704640 299996510 312097900 313200697 326340571 332096417 336937970 353941000 355747748 357301436 358598174 371058159 387693175 392916070 395348869 395664136 396288903 421574716 443868501 445498160 445583757 454651455 465641398 465759941 474468708 490204759 499050835 523845970 534886702 570657631 577459092 577800006 586422817 591425828 592269985 609192087 609541290 611724203 619392536 632728616 638983817 640170013 644411935 646548192 657277606 665009559 665239952 665650247 696017859 715157951 722844985 731234545 753962612 760016550 775783964 778259696 780408673 780528549 783097852 796166200 796397806 805174428 810069510 815824081 824063900
49 656964709
1399445 1520998 4200497 11666355 24548057 29272866 31194213 39829739 58825816 79106535 80513538 101537898 101800110 107675471 114662853 119580932 123316780 142305613 147030642 179045618 181208888 185879052 186343030 186823891 198757960 199036611 206524920 206626662 208622147 209868198 213621059 214157595 220697955 236934780 237368592 242710615 251771655 252839124 254291791 260150794 272308969 275390101 278076933 288722553 294926977 306192826 307801993 327238507 337681394 338975417 353575006 356349163 376621375 379196555 381274586 387984853 390009681 390664380 398220943 400112980 400711453 403713446 404908587 404955823 406663238 410818162 425283186 436507091 455598262 462208278 462353964 462924560 477515850 484387984 486537274 490359759 490855387 500949034 506712789 506804083 514016878 535622165 536186346 539917785 540206959 540744974 545841159 555525313 571447454 593022323 609550795 610052241 611106467 623075377 638548605 644009382 647254458 651692473
55 659550847
3570163 5408596 10851678 13193635 22704617 26919796 30489178 31132639 32368736 37874322 40506435 44608756 47574270 65125742 66052812 66973798 69586101 85677247 89874331 91448199 93404763 95955934 96138941 104934468 116434558 117818548 124711565 130830572 133121016 134779266 151229230 154933798 159116508 160653290 167156143 186378235 196467792 203297644 204283682 215882576 217171496 238306576 243690633 264041970 270607972 272768587 272770525 287160249 294034880 295181858 296859384 297732678 298798254 301356882 301518918 302690454 308749625 318230832 318413159 322365153 344524819 346642237 347508223 349072795 356033314 359356668 361802689 366960436 367559791 369685595 382588051 387784296 396960517 399975611 416884637 417691924 428487893 431706910 446482513 453238758 453925420 463439465 468340782 471200724 475585323 477680729 505459104 506202220 506453039 524416561 535528791 535971381 541271274 551783927 555418431 557867844 559341532 566780583 573467534 576494401 581663583 583600520 583617427 598368065 610233665 615538204 616979291 620867039 633067006 644243782
51 551360342
22201138 23074712 23641289 28327434 34491133 36404661 48036287 53863093 55320755 60004124 68363382 76674484 77571715 78770314 87112485 93529279 100972935 106265540 108131812 113207706 117960283 121674173 126625275 144755773 145928970 147863489 154477613 157664139 158875437 159011924 161166412 166215291 174076105 175804789 185143113 189233617 200194304 209303629 216720005 222195625 223247816 229912077 233363590 233669769 235485803 241599716 252608278 254623111 255251507 265141941 268752146 273679110 280649550 282383760 285660398 290433182 298695439 299449951 304325263 306266709 311485095 329666058 332354301 348554962 353386543 357947550 359394008 361324823 366886356 379979041 381177120 382676811 382886567 383026899 405636589 410855989 411927682 421148414 427991492 430470812 432931306 435339842 452010854 469740456 473441120 478411670 481379265 488379272 504315089 504377793 507693758 510962475 515674738 525312322 525616754 525878912 533801649 534033180 535040072 541982663 541989238 549487509
58 604717172
2111278 6065873 12770571 14611212 23540190 25599554 30813594 33381204 35288539 50491941 62118155 66390002 77522051 80025834 93719414 100158631 102814360 104733022 122904649 141075202 149297927 154202281 159645189 170413138 178946850 181587040 184481036 186840050 191799265 191934675 193052197 194647261 207031254 211390294 220202168 222340165 225671745 242084576 245412828 246221288 247229230 248241562 249586773 259831104 265319500 272005745 274315702 275463790 280917283 287591216 289297192 295972187 300475709 305687677 310714831 318777907 325881276 327437393 327512384 349633841 352456636 354894487 357531809 359208189 363399211 365464398 369995736 389446803 390188752 390585249 390662259 402798810 404533990 408358219 414949545 416799974 426007116 427462150 428479269 437759982 442697305 447329534 458861819 460300353 470029097 471892702 473773402 476442417 482093195 485252788 486119017 495921937 502345875 505297888 507984915 515642332 518727792 522422802 522616590 524531311 525873782 526254307 540136849 543683402 550504197 550991553 561269734 566391284 569197662 573144097 576462292 593557971 597161849 600606266 601092655 603620175
46 638054039
2215775 15058144 16204736 18377931 18507328 34693760 38657083 40240872 43030276 43612301 60595856 67883639 80784494 84923178 91407074 91438747 94096646 105600056 125351667 165664619 187606786 187985482 203190023 207890956 212629790 218452748 235469019 249322610 255623197 256062570 259577957 260701608 262662926 281729980 282515287 284324481 297673931 305893657 312153536 314926371 319644924 323789247 331342336 341960511 343090624 345473729 346146554 351996032 352283515 355928903 361260632 364496954 367007388 368570372 369556450 369867855 372399867 376847748 380240645 383840634 386263425 391955112 393821797 394423297 396461434 414782109 419383724 423829165 426484907 431878933 450909426 458616535 467438790 469277614 469346230 481081988 487306033 507694240 509116420 519929391 524969627 527022830 543939415 545387048 546838810 558879290 561621241 565864275 572487335 606942593 628201975 631159206
42 567426823
3756216 7785886 10757941 24605657 29359961 36282123 36559050 44015320 49803292 53046655 77466224 78462834 88285762 89293987 89634457 97037065 102713337 103913433 114874101 115721614 117893886 139011070 139306243 149853101 156579727 168112204 170101799 193786796 197652416 199572256 200738451 201073026 202007556 210247476 227171587 235202366 241431805 262067319 264978647 266939462 267694709 270202325 285849859 292403090 298626322 300433228 301628401 314872502 316418287 325374277 328972254 335758143 351310295 361415144 362074000 371625753 373538408 403783652 405441334 405987474 407736215 412075877 431036280 435182502 442130602 450950774 455016590 472973501 477588407 477799525 479972389 480930974 481714279 492320446 493040508 493951878 512184572 522062592 533533352 536558256 537956360 538815658 548229818 562760053
54 787409676
2561566 2797319 11944804 16516336 19676150 22496948 25413000 26784900 49822193 52804484 53750889 67324369 68003429 74691198 94117139 99752924 102115443 113426569 124288957 142651094 145634972 146673714 149099329 152601736 157709375 161259763 166817005 171886766 174790509 178683601 179159193 188240437 193540660 194822628 222667342 250302761 265153635 273969189 288222382 290112213 290616186 308397882 309086592 312606051 316384748 317609212 326529209 328351601 332693008 332755186 337677577 352317713 359199003 371889455 377488114 382772235 387380612 400632369 400955893 401486160 429433055 430122184 451716555 460332964 463385419 464135475 466040228 471666354 479682846 485187533 498461959 512265191 533000486 538486876 546654673 556930370 578412865 594775584 600827346 619309949 622747235 630965288 634381950 654658035 658045431 676744801 689753811 696008480 696870876 698883528 699927860 701203232 703338502 703674205 715192520 715806145 722578087 724328172 729947488 734083728 736520600 736576033 740374797 760633347 767606613 769270802 776109487 787222109
60 837314600
1289000 6869025 8020749 17181614 18007278 29547037 36247097 39494990 45864579 61956369 64349602 73504868 77571497 80742362 93009206 98364204 106205164 117230885 121347413 125981670 128607243 129378686 141565246 145157039 153291346 158136646 158260869 163156851 170669157 175757313 184630087 189047875 199115933 234574457 238293316 240729213 246387054 250220536 256263332 259564158 261181960 274364313 279032121 281443372 289144490 290243481 292841575 294777158 308730510 309467051 309490909 309990853 315277922 327679942 340222060 342030093 353596695 358650263 363905827 373103719 377431175 382335672 407834242 421687577 423223133 439858358 448952606 452020227 455847389 470016326 476606425 480370634 486604095 503775478 503825818 507503807 511940221 533870351 539922907 541480924 570847152 576437171 577152773 577703751 585298680 586854812 591417625 599607301 604998780 615777698 623647652 625919231 637439212 637497242 648071805 649795454 650801092 660503513 660929753 668113692 686248947 691884932 692871372 697385757 707145119 710292613 711516464 726498213 743018890 756407067 758000374 768836059 790566754 795227340 795989621 799402118 800244490 802484526 823638993 830764397
42 854758302
6505556 14526194 17671351 23584918 34146526 50216399 58527078 61103845 75748964 79193842 129349738 132400729 139254335 149075017 153852676 157875627 160007283 172852140 175881587 185453028 188707806 201720239 216055584 219870848 221160693 225669932 236429545 247945728 254773328 279898750 280471426 284229012 301879597 303800480 306918426 308723757 317036989 331104101 333877963 343822766 348955524 360315857 364696490 365844297 376853077 388182668 388762378 420589128 432689156 433758362 436091896 449335839 468656104 474744885 476519034 478307587 484884574 495038083 518646206 526685999 532254315 534460938 548221084 570225957 604928838 608955536 618609479 632550747 634663483 637669775 652943314 661682022 668934683 669428261 675317400 684615276 687716897 696647205 698570403 718177214 732605601 764057986 793392404 817056767
44 581778462
8037491 17361102 25407400 25789302 29218881 32022791 33487440 34485764 41854116 41942156 49378213 51083319 64292583 70489372 75680450 76418241 77225221 83902165 84037555 84389159 89229254 95957744 99101659 100470911 106707443 113445175 113490540 116012698 116214617 118282708 126275486 130163908 142077630 146132567 173306880 176493855 181681933 197211008 220444874 221680152 223533848 250465808 256623409 259857866 264019675 270721522 272088819 297808407 299464024 310382122 313122375 313592558 320058677 330186859 343329219 351105287 351537693 352876261 354349279 360956921 363552733 366946483 377887351 381024573 393566561 398792970 399185998 401800676 405622681 408029581 412720880 420025669 433835618 443282807 447618338 449081254 452176267 471452626 481474793 482175051 486174433 486649370 507832829 513952347 544184401 545385049 556401174 581330333
63 503485225
2174081 3240568 20547357 21016339 21450042 27653640 29016757 41595585 45968573 46956404 58774011 62822556 63505588 65507092 78106000 80266639 80267479 86156335 87308885 89412140 97754366 100439726 101424416 102868834 110080166 114216066 125626484 129361624 129505236 136679089 139439322 141192176 143376078 143517800 145254647 145761523 146191841 151241734 152923648 156876516 159076218 169533863 169780792 173500497 176745727 176749788 178828656 182284957 195936594 197839592 198017117 198247664 204462136 209382921 212047732 212647062 213324621 215247019 215877730 218648307 220028520 220439574 225954298 227243342 228234973 229324545 230674960 239327107 240421585 242984761 244773588 248348651 251580496 255193610 258535063 263090407 274210174 288927456 296773313 313242840 313270786 314202637 318468945 322524706 324334438 328046151 328078533 328602050 330242434 330774395 334184086 338246838 338997082 340064335 345060465 348495708 377088117 380753190 385332292 387550545 396097841 396790668 406981868 407002166 412913032 421950418 427875901 428259276 430516135 443630865 446882064 465613299 474020266 474378118 475861892 479956613 481328384 482834020 484207033 489271911 490198545 495223996 496637456 497455426 498169537 502500346
54 678907123
1703917 12796926 13202642 20131076 25676247 28991872 32456894 36386118 53861490 54298258 54566727 57233794 71866145 78394112 82411539 92064960 101664065 104732633 113054081 140042864 147768950 148086639 154618267 161860477 166295199 174652124 177713653 180561149 186928031 194244000 199045158 203643465 209830173 210195808 215358121 238758667 241444336 243579165 259252849 265551588 265848151 283472734 292080589 298905139 306807469 309565819 323113440 323818529 327382171 327874622 331623017 350607795 350842200 352257454 356677858 366883431 368010332 368064333 368170461 371662241 374265684 381352609 383331509 383659116 393775249 401914218 403444032 414548576 417757573 418735393 420161847 432854378 439736201 447774203 451565717 471605351 505318125 514954251 524866277 525515769 531402041 535045784 539301235 554422767 558286268 559990597 566593761 580042802 582114682 585500787 588380998 588810776 589262192 593741812 598213945 605559946 606514336 607670380 612460192 615722797 620922718 631320201 634340291 634689798 637596707 665734282 673943017 675625415
53 966950026
23777230 50285875 55840122 58313343 65307915 69812296 80837359 83045680 90618421 118724893 122099950 128965318 130124426 149795903 163374830 182443516 183759377 184248716 193810410 194688593 258097105 270595054 288996589 290577766 296303116 312761914 328811563 354354780 356966562 362341357 363682475 407102700 411569260 411574146 412257693 412731749 424101036 434098683 469338651 477513973 481633123 487016172 491479284 513544605 518960717 524912862 527178269 528293049 534736943 546385441 552372679 552768030 564308623 564743653 592206639 592326666 599745306 609412496 613464118 618705538 628598493 628664138 643391326 653238299 654453267 680463149 684194748 695786189 697199039 697257750 706436785 707679662 713056600 722914842 737836051 749949935 762636488 771644045 780697828 790931198 800997680 803741881 816095870 817958330 826495252 827630441 856165728 861600903 872199817 875682293 877179165 878589589 880812737 883223273 892047373 895511212 896935227 896950858 899950168 936897812 939473077 942336234 948388700 952393110 958357388 963859618
45 851983430
1173058 2397444 4590692 14567909 20841250 24284325 40647335 50885256 51055540 55361651 55582250 70305657 76774939 79543549 88015329 92999853 103264776 113694804 119836228 124563816 125725235 139918000 148539176 151190568 156961171 167240995 183106413 186370369 196306068 198482063 199920538 232898405 233691633 234858081 236072195 251596676 261196576 268539146 294446314 332783585 334175344 355754717 391881626 419623221 426711456 440705046 448203623 449520681 462289103 462863765 465737847 476841552 487617700 507502490 508186651 510421819 521936341 543094555 579650040 587373033 592941287 607073091 610534911 610564970 622164712 626039567 649491784 652372448 673286937 673809132 674406631 680543813 684402066 691784598 698980608 699506384 722257773 726459884 727093490 732098112 741291986 749126174 774441381 800236672 803438939 803600097 812129241 816192072 817863435 825092413
57 938715686
14931548 21773836 36857630 37532224 47921211 49221000 54504054 70511424 87701222 96353627 102370108 103989794 104390681 105123723 110370660 116384327 126454427 167052788 176863223 177204610 183291265 194736809 198165878 202367221 215936394 224509551 227409551 243279687 259665775 278366397 292280526 295228130 300125695 301861239 303290100 312163602 319269247 319918389 345280234 346178138 348879651 350928864 355254643 357479977 379363220 388331086 401998574 402949359 407045710 419068980 422172199 423135011 429150634 432642958 442569774 443721681 476786113 482315289 493189294 496862213 510701288 514398446 525421477 531263084 532937012 540021979 547194804 548753972 552535681 573185404 584493460 585828716 587359217 591164990 591189851 592938690 595250494 603873648 613819328 627602204 638095276 654625112 660547094 668851620 681268080 693461097 707274786 708702512 727306607 735641411 754362524 755541737 770843217 779757037 796351642 805362972 822455322 828752535 834037401 864104246 875092203 877485158 887333461 898601414 911668875 912891685 913112499 920562466 922425221 922648796 923760058 924100898 924163549 932518595
52 822488763
1405898 2668796 7167711 14960913 23431589 24706131 30742838 50019133 67310502 77881521 79377039 81740595 90360660 98796057 100552953 102211011 109273347 109569211 125980043 147452433 152240931 154712559 158735775 163894800 169317797 175053135 176387557 183522976 185000143 190715642 213724409 231233548 234050156 237508601 241085057 243161546 247132805 247208216 247805835 270531817 281259923 294846572 328193961 335927581 339383950 341276606 341341499 343364883 347246663 365860356 369266053 373793937 377844217 404910622 409844258 417881567 426720513 427209305 435333270 441938516 446251024 466736129 467398780 469014617 478960493 481854408 500525823 523077005 523346698 529059549 541083772 550355322 554208851 557278006 576825984 587778055 593599710 595006072 596544752 606770448 617284798 674573048 684028130 698581230 699402864 713854037 724464808 727385318 735738493 737077720 756528689 766845004 768155449 771384058 771769691 772690858 776790816 779258376 779863957 788523714 792025646 795430189 802679258 808363051
53 546699099
4536900 5803619 16040459 24426198 28506508 36013332 45733554 51976257 54106347 61384057 68124853 80908273 82142453 87286245 91073277 101011428 105703245 108101707 109164595 113725214 114505210 116430406 116733350 122972399 124407077 127467460 134322477 140383664 147255670 153339872 155912862 156297598 157212750 172372581 174888280 176351828 186003355 188251932 190754359 191288993 191928592 197506938 198519281 202746060 208045411 209351262 217154165 217928052 218827210 226455553 233225573 250791766 276262017 278510037 282734872 301240132 301984653 308917893 316479490 325007412 327927575 350822192 351300833 355639987 360116448 360317648 361863389 370609112 382702797 387166877 392014487 399967045 400086172 400901208 411063963 414455681 420419643 422831024 428392503 429412748 432149612 433041746 433915067 437877690 451393033 451731918 457541531 467601806 469085456 472622089 481835232 482595373 486852422 506660123 510516822 515536058 519110480 519236425 521137318 521918659 527874518 531185267 531888833 537318488 540723120 541121272
60 860549101
6151164 11239517 15586471 20459710 28965471 45420483 46109925 49175248 57945434 66977348 101688691 114538236 141476482 152128574 168474775 174639570 180232916 189996466 195726823 207506121 220427186 225341432 234490118 235718670 249612944 256114073 259853060 262434182 287083605 294584927 307561313 309587545 318266191 320616548 322000672 323996670 327202858 328121482 338627801 342316098 346374013 363464781 370063686 378762636 378857913 382617593 389742949 394830126 403917339 406234444 422363358 431029595 432484770 433073916 435011358 443977880 444539901 448695222 450835362 470090227 487586103 509918486 510879973 512487515 521020334 522489942 542109511 547331061 548656593 562766729 564473209 569003750 569842364 573292044 581068291 598720791 611111618 617090881 623239529 633265812 636321220 639289129 657951353 658036835 669616760 683975892 693036708 703539006 711169382 717574388 718665480 718883535 722526154 723124204 732600891 738789906 743100991 746320434 750771172 757571105 765642158 768216470 771357325 771494488 772879638 778456999 779353653 785129635 787645576 788812842 790051503 802093701 803100766 805126961 808856603 811393550 821654483 823886085 844603285 856327021
41 541491273
2127995 21697983 24306093 25549860 35118931 39315641 41753135 52953453 54830494 58554788 75130657 87334981 89237231 98785103 102327674 110610160 110841326 121281140 130335874 150915920 155466796 159204806 160187454 163090412 163835462 164676818 165070691 167023119 171961685 172420349 174645747 176755872 177984819 195081954 198820925 199899402 203879073 204035332 210587726 240080139 248258218 252500245 252942474 260367828 266765598 271089853 282452163 286238557 287027605 301623026 305067041 309859262 328474152 329857641 333174578 340289822 362975498 363480669 363721674 395313168 397125267 401609325 404005397 404870181 408626895 417362169 420796119 429003115 431935444 444046305 444090113 454306266 461039426 461058492 464886233 466608835 469219383 474570050 486771966 516987876 525246519 530713954
58 599504306
3593201 21048756 34550910 45910398 46193061 57730292 65155861 79152474 80107255 82386680 83769544 91228113 92839394 94329524 95159010 111101812 112071428 115158731 115422723 115574120 117729088 120999870 123949794 126290608 130927436 134066378 135112129 137542300 140989187 143678154 146794642 159847305 162981118 171644712 174053813 181825241 190954460 191953273 195143373 203918430 204752781 205878660 207485969 218748655 223908609 227029646 230905456 250459092 255530698 270852470 271875330 272641501 275930298 276225842 281230914 286609708 289975970 290193640 291181991 306583447 313516634 317808692 336160873 338260050 338440543 345096160 347533431 359506885 362561418 368477422 369092914 382361742 384403756 389504774 390661774 398399868 399330866 402589024 403289523 410744106 421051048 428339402 433589559 434934752 435990469 440028384 450565002 473098406 473753176 475424699 476067467 476669760 480264644 481189615 484487711 488167006 492239263 507015436 511804781 512693709 516727145 518310593 521248299 527627029 529260681 531286069 539976493 541203933 546547439 557266266 558508978 563220981 582247157 589264259 595792284 596671761
60 631033686
2123942 15250607 17977233 18145353 20048388 20161010 23289677 30363643 40951758 41721603 45277990 45918993 64822027 80408273 85202523 86480536 86529728 93205603 96787891 97820432 112752449 113659166 118030789 131420233 133441494 148456364 153012603 158089166 166216206 166373124 168184535 168967822 170757406 183368506 184600228 185679306 198146593 202664136 204063213 212971530 213137140 224771179 228044950 236046044 242447311 255320017 260798779 269740132 269784773 274420891 279131508 279377565 280508580 290326400 306430220 308144554 321148826 327982003 345195059 345908646 348332350 354270019 355288937 367609431 371924674 376443741 376926063 382511027 384142800 390128057 394927120 395875963 400192187 406368055 424132130 424817794 425068638 430318235 431964567 432049162 440451451 450416849 453420555 458695334 463980348 473203976 482416998 485096110 488432639 490742979 493826441 507946093 525564349 528892059 532552333 533266922 533615117 534270005 534330936 534733403 535066852 536594919 557695984 558620313 573033566 579710477 582195577 585522697 595754244 596038525 605287490 606181328 607738587 611978323 619360706 623827975 623884119 625460306 626980127 629822075
51 772393247
6534837 20014839 31758351 35032973 44498208 51729227 59552651 68468599 80092351 82000347 92209321 112711855 120789698 124091368 124892635 133788482 143822853 151543186 153921727 161842697 167890078 169531667 173372157 177329812 177921007 183335534 185461474 194501375 199110832 202601382 213265055 215116235 229628467 232284114 238695141 261176587 269911015 272168029 282714333 284287241 291735316 294499410 299027573 303249367 328348874 333681217 347403388 367851113 378984178 379454235 383086760 386128550 400521301 415540484 416201756 418542996 421982343 425318212 431733248 436466834 440676145 452316053 456691083 459678824 476654402 482701453 483578198 498376911 503505808 505508087 509027308 515916017 521728600 529567924 530546298 545628787 546448643 549522921 553520777 564757167 570434069 579224591 587566456 617898311 622288168 656332280 669652423 670939201 699310030 711998207 714524918 716574121 716586597 716669750 717003368 719634644 723964431 723987926 732252197 739606354 756067100 759549204
55 551600434
4736228 7497735 11068409 12586355 23949959 23980630 34851848 36755228 36805617 36874013 58352323 62103444 68574523 68991310 73594744 94235165 97785675 101281960 101295553 108071234 108783254 109769615 110150342 111697637 113211855 120411429 123656133 126237105 130104175 131591969 136778187 139758454 147492316 154780713 164036913 166924995 169497127 173614742 188480380 198590639 205955129 218598031 221078568 222454792 225372189 231367688 237167724 238391279 239146197 244568023 245722991 250960404 252522522 253053672 253586351 255096496 270256140 274167391 276879595 279310824 279702385 280675996 281863767 283280531 286926599 288440548 290101398 290940270 310229019 315108503 317313350 320999453 321919999 328159283 328990667 333189520 337395989 351683906 351717146 352033879 360562178 363826440 368364097 368734592 373560711 375888046 388938235 391104722 396919236 400230976 404079442 410396706 413564001 416415857 425425476 448003886 466910555 468568971 481464196 484232825 489425067 489784763 501323418 512889232 517267093 520390021 531623062 539353483 544716668 547623029
38 518276216
9220192 18590849 22836631 28321025 34916763 36480802 36782380 37028384 42630908 50943567 53939882 64106204 68524129 73101002 79469055 81304763 86463767 88451719 93620970 105243592 118103627 129128387 136083525 136346594 140936189 146381044 150693353 150860801 151888748 156845043 158380872 160640334 182004622 198952647 201440451 206664523 213249832 225191108 239536045 246569916 248893040 265695602 288383289 292170760 304149044 327373134 344811095 346075623 354028644 359390360 371543015 373038311 390391006 396253740 400650395 402185438 402403779 409785306 418284897 425689432 426100933 429287564 436262493 436364156 440539077 441113324 443391027 444186763 453469397 454902021 460604940 471072417 473596445 479228066 500523328 509854833
40 862635105
21956872 27158221 29737148 32531837 35820586 39482776 46223794 55848828 62243272 81559575 98018107 100215094 103630377 115002582 116054691 120679440 125322223 133420894 135247961 139712606 151994009 159493164 179075596 183346378 206849494 211614031 218257119 237546376 246339542 246532287 254341826 262053241 285930172 299823593 302806712 322332749 334658708 345173346 350047504 359753521 362482296 364089184 407227755 410262238 411797654 417864025 453873936 465759909 487110018 499809643 504285183 515511799 521213872 525839955 530140088 560135921 585072260 587630039 589508133 593261012 607118533 612066942 616231493 649641196 659241163 683728072 697278671 708852082 715057569 725705878 732543493 756055425 780425133 790404768 805052402 810155816 812958269 845355454 852324883 855296669
74 853910778
12797602 26886303 45579129 48852643 54296221 76996727 90735958 90790244 103651279 103869726 113897422 114278886 119352193 120555060 125965282 131800539 134539688 134637078 134933737 135889164 136951807 137731858 138236347 139456490 147508803 167102192 174994132 180591536 188452126 200589472 203933438 205203183 209265125 209955829 211078214 212040436 214516641 215666441 216502487 218410867 219728544 227030713 233851060 248386253 253060389 253120296 270827004 273687103 279763226 290747793 291226977 293801439 308424696 319755495 325914312 328314200 333905508 339614875 340606918 348856169 361571424 370244553 370939879 379423733 387314658 389772875 391367578 391866161 402509240 406458255 407132691 414911505 426028493 427632029 427956095 430360059 444490637 447503830 450095071 459276783 461400006 470108471 474134522 504231889 507308462 523696756 534631311 561528885 573775240 582660757 582942553 590054984 593101674 593770822 597652971 598188886 600512301 600920929 601146023 601329859 604343357 607583103 619424110 622955159 629490054 634319602 635350661 648597119 648798637 651987040 652757039 666408413 672598752 672996035 677669287 681607227 693281327 696543249 700034207 703929292 707863475 709858242 710889877 719939466 725926794 727322052 735620009 738910118 740569973 743515069 746251873 752960105 754537214 761222486 770897645 775245063 780172973 789224949 795081572 798743632 819063452 831096087 841640465 844064028 847229958 847778072 849176804 849409725
41 859983032
6018749 12614001 12915468 23299305 35645874 38333994 52802964 59272752 87085191 87644306 94470184 95942563 126122296 143050742 148774886 150962875 154426473 158428244 159197465 159355588 167629014 167859561 172035741 250485995 256052268 279614299 294740999 304210136 305739703 309578915 318963546 323041317 342647030 346807819 379127413 385307521 385311749 385940993 388247996 391070439 422070576 431205931 442921112 448736127 453570194 456991153 459753023 470895776 494992121 504575204 516840586 557189407 562980513 563731709 563796540 564071690 596228594 613359235 614225868 620999767 622118431 626549763 647333503 658084236 665216182 709019007 717990794 740956102 746286613 760195316 761912138 767476049 782891368 786691336 793366545 797436576 812198784 818445917 828520962 838792709 853232960 853593657
46 832612270
2723192 25705438 38776133 58551548 65708587 98453078 110406252 116583210 122514551 132874385 150221270 164174057 173895819 179475211 184021637 184722708 186932500 224189294 230052903 246271702 257349704 257962410 261511320 270146175 270789741 270924235 281441407 282166141 284088335 287057536 289377713 299846258 310868070 328673271 343821448 360331166 372167298 374988976 381998318 410959741 411758712 412393159 413475164 425571726 441501669 452495103 453936018 455671839 475817007 500091639 510210647 512620454 521161265 528074660 530756588 546238433 551589454 551666964 552886566 572942227 574571140 578132307 579667859 588391627 602082227 606750328 611249974 611748168 626707283 634421502 642773133 649489154 652793078 658146580 704014884 710000035 715746797 729703499 733352419 736844048 757499930 786117893 788671574 793949625 796571356 803883117 804207786 806624441 807291811 810315751 819259185 824536650
53 571559898
3929722 5363937 11162099 11347670 12558833 22812746 28194713 34175978 35844289 36289323 44868180 47045959 56364466 57224584 57581251 58224436 59716185 76525453 88341736 98775750 102042859 104773115 107371068 108493484 110119910 112647060 114512095 115958517 130761599 154356970 156641385 159610169 160650873 183043412 185728552 188735923 190896319 195115376 203759785 205448716 211575153 223704423 223740888 227399306 229860998 235149357 242800343 245577061 247569549 249352865 249921584 252024323 256238740 259902704 264060523 269824691 274960566 284425027 296838673 297928299 300160653 314681949 315709050 317441500 333100991 350516849 351957750 352972886 356760153 372577997 379847656 384556690 392153476 392633189 394358894 396586014 397061246 397777350 410862724 413457450 421956175 424795097 428860312 430928734 435441472 438015180 438084539 440383286 441814194 442156870 446789746 458890552 460958668 464486969 469760904 492718883 493074083 493758951 519730446 530790615 535393155 542971208 550118201 550233600 555673351 565493795
48 681939582
690418 2241829 4609573 8611929 9328077 13015049 19453801 25128716 32707821 38131461 39853644 56792895 59643275 61577355 63982195 69421884 71121876 73094620 74059002 76016534 79323594 101012539 105870460 113496578 121437131 123201606 127348600 128953215 139213747 146233252 148105814 165190702 165666705 167441920 179447676 190148799 193875241 211964618 217894471 234712158 249757212 250324820 250783226 257886256 260340177 354415163 376674499 377592926 384583183 385080884 416586538 417888393 418966089 420988207 425175906 436964896 442423575 447015577 449308874 452212206 453047932 468543328 470325171 476848627 480280371 483653794 484207308 484221108 485200262 495217064 497017578 506633972 512594860 521178606 521677018 551653095 567184555 580931526 583231038 586187304 587361048 594803385 595407458 598711227 604236246 618707541 620702239 622861584 623639627 627878150 633401462 640771589 658159187 662626287 672445385 676396828
49 929062122
16021508 17270888 48694775 49350374 63132368 65582952 85784898 98442335 109133480 110862705 119417980 128895693 134743426 140667172 142201907 145307100 150167985 153128407 158003959 161968889 180262459 193593751 193745841 197367096 210504917 217085847 229612411 231551479 232271901 246789428 264752035 278611811 294355559 319391907 322309040 332410535 336474239 358322359 380378123 381022311 383202440 386288401 409252775 416587357 442511660 444402937 503641022 510088691 515283247 518700888 518871555 518893439 531154783 539775759 553288165 553718728 564285699 570263039 574520358 593870811 599462954 599817107 604439121 608746658 624129934 626146780 628100923 632142458 634131041 645543196 655788243 664366136 671630529 683584909 702228920 741589858 749937314 763920535 771433637 772018457 779598546 789940869 802904555 821804538 824409816 842682261 844412750 858674984 875509108 878937224 886415021 892719409 894162189 906196945 906856788 906981959 907709966 914138702
56 799375217
5635532 17837538 20220571 20733679 21028609 21760220 33480675 43131009 51624329 58876750 59004321 62227550 62726736 68714744 71174670 71947301 88110656 88959364 91654380 102648773 108812162 115285177 124018226 124306479 129763481 138765293 138841263 157973004 158813894 164015841 167935371 194717344 200902515 205706825 212161525 228032476 243863800 249405326 251633107 256822193 267447058 287684588 291089918 295033686 309614018 309742547 312049291 314415294 319518744 323654542 339606595 349366574 364894024 369631578 376440477 381128389 387833158 388649517 394687565 398392122 413789017 416383360 421407430 426790098 437816498 450766694 459219051 474076249 500607351 503985847 509388945 522298564 526404127 527866206 533246045 543092645 551192382 567891725 568468652 586587810 588960869 592540368 596100044 599764942 600265535 611718460 620762349 633974479 667876791 668218022 685653884 689228902 696572880 702720054 704665573 720431835 739722060 747580612 749380664 758634023 758843630 761429186 762426628 768953418 772212168 772933312 778107971 779231885 779270334 784001795 786948096 788056791
53 531882225
495671 1277716 3057598 20645791 38927807 42296045 48779546 51993432 57770042 68494782 70140387 84383758 96463769 101158557 101310610 101512080 105077630 108141723 113528505 117411321 118926235 125516563 126592122 139842343 145276161 146344425 153385847 158214051 160854188 163544584 174052618 178138339 178651555 179040586 180869991 185128457 187326725 198453343 213869245 223709698 224652744 227108646 236230226 239238798 240569297 243492667 244444494 249499888 249910264 250284636 266025425 269353473 270640060 279826047 286005135 288329881 303246174 310702432 311253546 314232383 318049862 339230558 340420085 345709975 357016216 367799742 372626848 375690096 376060513 392128339 395133867 395827698 401470462 411959186 416562186 417990047 426164546 432062418 434116202 436852924 440900539 440911349 444138906 446083652 449344053 453282353 454133132 457013407 461805376 462697946 469256080 476522576 478711601 489723779 490561035 494827322 499350706 499465439 505963512 515721102 517035859 519294086 523390405 525299716 526783021 529199937
37 920958883
4085539 16700866 47354502 52465074 57940287 58312645 69072401 84337172 115429427 116619185 120322664 121107286 131298204 142267915 144651108 170237192 181759182 203879789 209992183 226103585 241946749 266266601 268362017 270253650 288594739 289284909 302514851 305880763 345070387 359495290 370767095 373326205 380108442 386306182 393353718 396077159 416225927 444773250 455065819 465185750 521995680 523843214 525254716 549256733 635694869 635826319 645457729 657125303 664440890 674165786 678924402 683281540 692692588 698518368 701938481 702144870 724762610 737141941 740024103 743451354 756547900 776952516 787742952 790156560 791465343 831022860 835100871 837994414 865079246 875633778 879382202 908594539 909861761 915436336
56 777620054
1850000 3844553 5214548 5914939 16935958 17865529 22088356 35738870 56147399 56522860 59194778 63790136 80365123 87061344 91890013 93161514 97260824 97518747 97858386 98649332 99455590 123542439 137903164 138762977 144900437 153597955 154814579 158839935 167479980 185290636 193253671 208497635 212462336 219761283 224738333 227107460 242748883 253467465 254238131 265114234 287176861 292118333 295248056 308135551 311777354 336639405 341024477 356811252 357553737 362116523 376219744 378843317 380851952 383472048 383958467 389178133 396914039 407019568 434970230 435215865 441652663 442300309 445788392 467174124 473950767 474999085 484407229 488668981 492421946 495425824 495702111 495950145 496003243 496557403 497151135 534014617 535475935 540861253 541508849 543087906 546662679 547480379 549427268 555615150 570242606 570391444 577889000 578813454 579975392 589199627 597053605 606136747 606238517 607464703 607645536 612326564 634657886 656587090 660277069 664849243 694623139 703794620 729034520 738229597 743993913 747437740 750308210 753587333 755787731 761546699 769297156 772045052
58 574953540
3295284 5558065 6774956 9894200 13824819 14918200 21534231 21913078 23188010 27833138 40034928 56528663 59343430 68322941 73063141 73134063 73372713 73767937 81677282 83443277 90970116 93408312 111060664 118534117 120264240 125366578 126749392 131538189 134230189 139844538 144060933 157462223 159468972 162234909 162283397 163903025 164195408 169512836 177555697 188671434 190071786 194525416 196479528 196508793 198067581 198104049 203364339 209829834 210023123 212195622 216994936 224797675 225420634 228631737 229226608 231977655 244525571 247765253 248484721 261851505 262953549 268263328 293728163 294140402 297311714 303669729 305340749 309965783 320268892 330394915 334125682 335552020 336288080 337445828 340549334 345624032 346211128 360956905 361221688 368195334 377464551 392605282 395188734 402027785 402516889 403228970 412632608 429053680 429069239 430267891 435495264 435880673 439007811 444558796 447586965 452450239 453104228 462659770 476031209 485977255 489043874 489749780 498714985 500042231 510584807 518406307 524382862 524663106 526592188 526756964 531052673 532747512 543146271 552978898 556159026 557250243
46 886744450
2198670 19289973 23410494 28720310 43939045 53242978 66835770 67650121 71357520 81137947 85891062 94725136 107990697 126771053 148307727 165447592 176603307 220951633 235630307 262744920 263518007 274237865 277732274 286128151 286849680 301989909 302113555 305803267 309018565 327889041 332575804 334435442 336921284 342360599 350660498 350967827 370668904 381829721 407784733 411358651 416604560 442347568 445716540 450499978 457088129 457198538 461189778 468651807 473475357 484978525 489777214 497320767 502403275 509923723 510931993 516627378 534874953 538380351 540629927 544039595 550470577 560443720 564368710 577912798 578687069 584581052 593347954 604217370 606126237 608523182 617873020 643675810 644193684 652150902 666464197 674670278 691621078 700368169 707859117 730465510 730955363 752127829 765273193 769294510 795158101 811622471 830798973 869897729 877232771 880402955 880531546 881067339
41 665293645
4496931 14176106 25331549 34698921 48221171 50505734 68151249 69924344 70399906 88521659 90929676 93290921 96806029 119559453 123375871 133218913 136226762 140148965 148749292 168228180 174618282 179700656 182145728 184491044 193501525 219527655 233580253 243180951 250871813 257790539 270613792 293706854 300572965 304358669 304541848 345693013 346793100 347711993 352843839 365649680 369116194 382677037 383095233 385558172 388323528 400067486 416501433 419464821 420120180 424816978 427370230 428546292 429504824 437030412 445669684 452816082 455581399 458954475 459724695 460758125 494745426 495193225 505514793 512818024 516422255 528708479 532991209 542106176 565205587 573995848 574983620 575268380 577089918 594863196 599659068 604838609 606957720 606976442 613354939 621637326 624766246 641154782
52 983834409
1155943 24677928 25583593 39459962 42313260 42615352 45146642 51349516 54925654 55402195 57448676 59317881 74073560 86563670 87824585 97092854 113732904 118866700 132508819 139493024 163978240 178020671 179815815 183018670 187224477 188056303 206561799 209379702 222993512 223809012 241223592 249660811 255568987 256664678 259434478 300058003 306888002 312217418 319103849 323029708 334492062 353504905 354135391 364567861 369299876 372670177 378176318 383892939 387162177 392342162 403229546 407070755 416072258 417298567 432568958 472957418 483454377 495755262 524497525 553219108 584670881 584961240 585496058 593100466 607915040 613389913 631765886 636742064 639774506 642893064 648867405 649927077 650535513 662208266 685287138 697613639 698218189 701339362 714603524 727219936 733348229 738477060 742169429 765369706 779566361 793299769 801202632 803113553 824177428 840485912 847001914 857079389 872517389 881575951 882367621 892364096 910659975 915423969 924419596 925845862 927424022 966065906 981287002 982420433
39 659512553
3076825 6482086 15012320 21810488 26663340 35816138 49544728 65525099 82234655 82547378 83434913 93384259 93652394 103683643 110896819 119346632 121587345 121825920 123296246 131343920 145140572 150303916 152585018 153097380 167798885 179053521 182544965 185616474 206144198 234359736 235729148 237637262 252987016 261885612 277015197 279258042 287636615 287956443 292183085 296336609 297873274 305490557 308130228 308426037 309126399 315357032 320345232 324056233 340963364 349263444 349697707 356638673 373554116 377388805 383633053 398302551 400032390 415344732 439491337 472035349 491289290 509298057 523533094 525387205 548515875 552709060 564476839 568434851 572960102 575479882 600425569 615587366 622496714 624662540 626120585 644347408 650837964 652360320
42 918333116
44855624 50495817 53623311 56833902 73783375 77194234 85175418 98774103 129164365 140448136 148572099 173474714 184060834 219398856 224280647 226142096 246492755 253610763 267741780 272115312 281388208 287712148 316307750 324157651 336439789 338175008 341921670 344232711 350882686 357780691 382848612 395742610 396597426 397660903 397836841 400723378 435697254 439944185 458489518 461900098 477052913 479963590 495742784 502116803 504130850 521876446 539807299 563456062 576541273 593740374 622589186 627108038 628660464 631046416 642055157 644138330 663462924 663866062 664378296 674313394 683971070 696779042 704994227 715728872 718008556 721341513 723390114 745318298 746091290 788400837 800383666 801435948 834367336 836629741 845678658 876112890 879461911 879911182 880168812 887170459 887679057 890492208 903258271 909909872
54 710844882
6393649 13101552 18948292 20691736 29407471 34691077 41726431 45219034 46190166 54637539 56768597 68955637 78846636 84984287 90449294 110959282 113969659 115067471 121632180 135243940 178359600 179253512 182902097 200463970 204191622 206154387 207786984 217245070 220037175 228779625 229225494 232592121 246112473 251952833 255650387 256675042 257339654 273232163 276564985 284245340 298623923 300067658 323310088 330396845 343620101 345271605 348834357 348976526 363586638 366001130 369042596 373539705 377147705 379058617 384453699 417629883 420610388 431804320 438122618 441135594 448304271 449611064 450467778 461439311 462913521 465261476 470922265 477070599 485363119 487214268 488688757 490893453 504028816 518932772 523275264 530669835 531652042 534063536 534382373 544835464 548554121 559762965 560861914 571372750 573549410 574461400 575638499 582573170 589580505 599302830 606246236 607102557 614557355 617680654 621777202 624855294 633020677 633879339 639390648 647247605 654690169 683206271 684057136 698426573 699169993 700175495 704369036 708446809
37 528383945
255945 3863430 21375737 25809425 27157508 36123326 38247437 41892078 44523956 47510729 49646605 49701512 61012956 70315675 74615198 75063476 78226945 90581437 90727594 98643603 99180023 111993652 146028758 156819998 159028354 159300334 176177587 181438975 188604007 209787490 226288109 227355906 228446500 231843675 239263441 248017132 250898302 251699681 262817195 265073510 274304458 298811970 300841111 304596996 304842599 317800686 318333671 322745503 331742015 344167097 370316869 371603764 375528511 386581336 386711262 388946090 389925550 391045110 413630838 415684369 422074454 426890763 427189762 446658080 453546475 461525058 481617588 498443024 499611906 504039139 514693459 515435767 516206767 527547800
43 718270871
7894590 11158873 12553562 19979426 37863602 48741132 56164739 57503690 58690805 58691638 59661142 61977065 92453575 99294173 100772059 109116578 110278739 116879582 119768973 120002563 124813106 130050699 131072185 138860290 143670733 150876273 181339597 182451117 209088965 212704690 219749651 239810098 241657827 242295176 246599537 257567955 259025595 266450249 295413611 300507389 302656065 309352564 313100683 316384458 336545188 346229929 347216561 350584007 367208581 367230823 381401657 395308798 412891073 415902221 427088593 433607871 440206656 451168277 454662991 457591641 471099816 472924495 476126753 479432615 506341825 507651134 507898876 512807911 519901066 521689472 532340542 537965068 541614203 552473793 566866771 576223253 578728579 595048794 604800848 608094650 623801840 652579188 652735451 669960842 680953563 691345924
56 861545292
10109310 13091810 20012992 53327399 61092150 69161446 80083542 89507704 94494937 107130562 120467696 121638923 131296333 138175672 155088360 161993980 166352787 175387449 199716564 221502153 235814097 236116401 243055259 245021072 248942689 248963845 249300334 278821851 286717082 287608082 299495487 308561177 315635184 338903582 341176378 364824997 374510240 379332590 382050037 383334945 383494979 410459866 411368733 416725361 423833080 424371744 425769623 434893484 437550167 439925624 444329984 447004134 448108974 467375439 467810456 486568535 503575648 518313759 524104190 527175038 531808590 543033109 544355759 545053384 548415105 560125222 563972570 577744882 579041243 583162338 606042027 606482524 609735217 610095074 610309754 617577790 621753065 623057413 631631292 642514793 661011652 669416539 677697679 680246683 687691773 699713906 703164364 706596742 707047653 710463958 721032148 725076950 733796841 736381381 737592433 744574032 745762645 746199222 765477583 778038951 784760667 785138219 792873644 793677206 796583607 810346420 818559783 829826615 833628679 848923538 854189931 856944042
53 564863500
12280673 13670259 20943163 23085107 28166933 31036209 42770395 53884344 57810721 59150058 63036979 72265351 82432739 86423622 90189664 91445088 93558943 110944837 114138234 117309330 125780833 126682379 127186600 127884532 132115054 133743658 137977131 138160803 145891040 147688102 148783547 152671930 158603126 162009079 162867672 170306172 176002559 179333315 182769583 183395878 193460302 193979652 194764484 196501234 203689206 208418442 213763211 231431972 232122539 233861108 240981186 242988109 245304652 251827998 253780697 257977337 273476522 285407673 295015564 296142008 302760481 310956609 314332767 320476695 327719868 327861260 335000387 336791688 348363565 354486596 360951227 364046340 365843546 371973417 377933653 388877089 395663677 407655445 420543810 425197853 425303377 433244687 436308582 442437608 443220328 452047978 466248172 469057114 469964597 471345663 492880563 500663151 502310554 505544200 505863673 506462225 510232760 522377090 523044896 524788929 532141547 536714901 549319915 549781185 557733584 561024899
58 727255879
11399096 18920828 25406964 36486053 37196863 43229985 45477082 49127618 52452954 61090728 67730733 68350622 72599793 83133344 84121589 96294662 100249935 102865261 105475312 106165052 107004290 111671518 120684727 121647877 126883192 140255923 155319726 169094151 173295187 176236271 179348504 182767717 187868416 189750792 190317961 204522581 220142510 229673607 236578780 236620854 240179140 242507790 245417186 249977842 254606048 266851245 275543476 316224293 316521469 320006159 329134687 340810697 347761012 350100332 354686395 355349947 358623237 373377095 382931654 393731441 397174442 402464079 403450911 409315037 419645745 425854457 428249141 431264693 452427211 466623685 471942600 477602184 494494064 494556463 499656338 501548606 504798913 521194505 524183482 537715166 538127201 542097547 543306474 547995352 552229036 557581613 569125812 575563908 575636744 581960470 583114120 586806664 603160001 605344881 608718213 608976828 611411894 612640875 619150978 621031862 634553755 642351600 649748875 655890347 660939540 665099391 668466684 675379743 680371915 680873167 683793679 692760871 694870194 699263196 709976125 715799543
52 899141262
1032585 1300035 3522362 3921839 7701523 14597648 16480577 40929339 41838235 105952475 109003660 109424371 114264140 138811135 139715864 142232832 144288632 165156807 168867162 168960874 169405536 175016070 195134141 195273018 198966581 200041219 210702587 223711211 248176365 249568837 268958208 274670446 285904465 296253715 297922601 301355852 318925986 320353718 324675808 324773259 324916838 340023517 340327932 341035050 352963566 358691162 376562219 377284061 394271456 405343115 411500279 425031088 457474777 460843269 475758779 521564682 531005033 534602189 535677254 550889314 554037605 567548696 576942137 577574572 601215322 602481942 610668089 618751115 621671983 626435210 630768629 630822287 649339074 653929709 658786159 672156967 674388754 692779243 693072351 695957170 700762745 701848179 703008481 703325668 713070418 719035356 723749403 726997402 747548766 760065173 765372110 770652496 773615257 792519417 794064157 807029011 810050757 813216249 834293946 839678502 852804378 861250297 881117583 887387864
42 568584022
8426669 36726098 37637148 41538286 43931255 47861600 68742549 86341304 88150547 88478070 98503600 105153145 110353432 113176008 117383447 122165282 122538273 129924472 137298045 140157467 142243255 159752693 160269088 164444141 167608419 181934697 188891356 193088750 194896223 196585345 203510699 214067043 216945477 217230554 219649025 224741975 227578275 237053734 239887595 249285231 265508695 284830552 316378715 322889588 326946237 331838328 333849806 338028560 339443554 341004285 343061265 343921952 344236323 344996880 353904133 363602518 363964658 369902509 375963391 380561329 390402957 397006367 407418442 413503153 413853692 416504976 416635007 420050916 425875976 434652498 435857025 439072531 446444717 449522405 493491303 503201818 513235424 523766262 528253217 541437356 541941294 542416596 542561115 551192072
53 631656035
256567 2235370 10275480 11593485 29817913 52348405 55386932 59101114 61346017 66223253 69604500 70781468 72272838 86176035 88496657 108405270 110960792 118777280 125341619 130663851 152171835 154979854 156967410 160510771 164953492 173197337 177164397 184845957 185801507 185818567 188428248 188972305 198614853 200587757 201416475 210403502 217995778 236084806 275009635 281540565 292158704 297945589 300905424 305086900 311873961 315341579 324560065 326217255 331942907 332945873 333046345 334422030 337470467 355856252 366248709 380962506 385573095 386567717 396584018 404162436 408156191 411738432 413792959 415518684 417269720 422882325 426588061 431546240 434258763 436926390 443520630 446791889 454810875 457269720 459554723 465895011 471238414 474328604 474642892 477025476 478371243 482971205 484701865 485062023 485626055 486249989 493991767 494794147 509397731 511793811 513689849 522572451 523218148 523851079 526221807 557809007 563427425 565928046 573613756 580307559 581488163 584144413 586275019 611869696 624455132 627222926
43 837776426
7905987 29704655 59381666 67571624 68445598 71021163 81805168 109953556 123257609 139778798 142604490 146258395 153567093 154988640 155007492 157465286 162445550 166723700 184563496 190272222 191990501 215589358 217561437 230261675 241233280 246283874 269238014 282654257 289449573 296476735 331454555 333778280 337986915 347986471 348918852 349702580 364925862 372157875 373305919 373331741 389459079 398277371 399992260 418899595 433550645 441618501 457524000 459227843 460485372 476227177 476723303 478732244 491310758 541364404 548525240 551851131 560306893 575347452 585947928 595113081 617291698 624961261 646460894 652205455 660199488 668729951 670786713 696050644 698633379 705195842 727230264 732139939 738085047 744134358 746719605 755405189 756688375 757639391 769280154 774437449 789765178 794179707 795869562 803056637 806342070 825090658
59 629944053
6936956 12481171 14054792 15291058 15951569 17290469 21562500 26119197 27205847 31461410 36979539 42731761 45776089 47316596 49813522 55151703 55169825 57226385 57730242 68873440 69364295 81038549 85015377 89844063 90310669 95283062 98776668 104830950 105605768 106259495 110590772 115728023 119466202 127656136 130662455 158225892 163424244 166471716 169246078 186826170 199397358 202682204 204355773 208962231 217018841 225032993 225227634 228357671 229398673 229412294 232543242 234103497 240407770 243863283 244132229 248700135 258099012 261406159 285436107 290129787 293796723 296186514 300364982 304591189 316118073 341026970 355429265 357680533 368474683 377541718 385424819 389613775 391168650 395483551 405727929 423499368 423602576 438302907 441965915 443373582 458957534 460241857 465713338 469636852 477706567 481544351 485476058 485895185 486381682 486477402 488269678 504127124 513786212 514139012 527889074 546426402 550370841 567178997 568694781 569626027 570846936 571849865 576386901 576635041 589171594 589726708 589902980 595780754 597241957 600601276 601821875 605551308 609025852 609310801 613884657 614611207 619531113 624939437
39 991459896
1835173 20592550 21527899 28421176 32712950 42471734 47806885 49205396 62411856 66123974 77765515 84383660 84474298 93290275 183003516 196154109 214992571 232344730 236699885 249262315 252012569 258220315 273222619 276262649 281766328 303471967 308885844 351368611 356805025 364232849 364744654 383181950 391595132 396255464 407295259 426937472 430814754 475980275 480607769 481953198 498073811 499498993 510376962 520925569 527606195 535538681 576257905 602256258 604575945 627777717 646382364 668498881 693946485 695371322 697164889 697874789 706424674 711746267 720590669 737830963 742930418 747483605 762481565 763106182 791428460 794438705 828090355 841324068 857841297 908585732 923087296 941017794 958059927 962493786 962496920 975622615 976994010 986441247
47 928873345
18165611 25713730 35046202 37280865 48333807 55427462 65223796 65245254 77592996 97962099 116527663 123530787 125533287 127759210 132641609 156649878 177560080 190855278 204179838 206973651 229522016 232272501 239629874 242556994 271078389 316706632 320338768 323332413 339920853 341084517 344523564 347184698 352282314 356837301 358794243 361304817 391035214 393757934 397822899 404984068 414657351 419964817 423963675 430587078 440898926 446887908 453975740 463903952 494132617 494876712 520172773 523052571 527480123 550042789 564135541 564280582 565229920 577764417 586181646 587370371 596398200 614206869 621861460 626506711 628535662 655885474 659262067 662491252 669644750 699578681 710015102 721501779 730931174 731864884 737567033 757194553 776417731 802127622 804439225 815593746 826721562 827977588 833246536 862594293 866787263 869227695 881337988 891500307 893531107 899115671 900743001 909428584 920607921 922483384
51 902507504
4868957 8375745 10537913 10897542 14999358 35294582 36184107 40854921 47218586 55924462 60996320 74177595 78394966 79043487 101324905 102510849 103874990 107157963 107811062 117186494 126536992 129560452 133380932 136729682 149586750 169600722 182898735 191187163 192221584 221779072 240446382 246924859 247854282 280275691 296944283 311610488 318110049 318571315 335264190 350478671 367155960 379791456 381554281 382293537 443706310 459201380 469595656 475991426 477363467 502783776 509168167 510191467 526260826 527347140 530447036 541516872 548303884 558288753 559749956 573904363 578623642 580374076 584794364 586324891 587868283 592775286 609159214 632363853 639919245 648590943 649739901 661937798 688424077 696804988 697472462 707800623 713693609 718738294 730930256 731162953 731983289 766153725 766569116 767094622 778222052 779497267 782313636 789051447 798713118 813416147 837004993 849874625 853075551 854832710 865356501 881486186 881934890 883350070 889976378 891801759 894773518 898337809
44 513454448
14453003 16391055 22957772 25829088 26361171 40925783 45317953 45668814 50523490 53961950 56921089 67128942 69903586 71418735 86443849 93769251 103083264 108255463 116410981 124153574 124739895 127407799 129014907 132555098 134082618 144017079 149400201 149402793 154096120 157616151 175381475 176139905 179724832 184671635 186270407 195543014 196923339 197025341 198916472 199137179 202511576 207580792 208821490 225362415 241935521 245344213 257143705 261490181 263016413 266359474 272640634 275278838 280207660 283735415 290659531 303489492 309829740 315547480 317829784 334980037 341972902 344714444 348247002 355600288 359591760 362247460 374563791 400807073 404036708 412703982 413657660 417659130 444713540 447197735 447380371 449362308 452112314 461199042 468500033 474372748 477280942 478893799 479016121 488056097 493034605 493896540 506522237 510383203
39 526203587
6468064 7212028 7493019 14122701 17794008 23430981 32911291 34678804 42096718 43042400 48402377 70694840 80498842 94704265 123144824 133200533 138647836 148863218 150912643 153052229 153796666 159555527 173694624 178203769 184422472 197664271 200454560 202485763 202748531 207094603 223380641 225684014 227314433 233403968 237052080 254938779 255340812 264277253 273841601 273975922 281996700 283940130 286323869 296977233 331472442 342494583 343733526 347356521 350487318 356686958 358698469 360315157 362408024 369744026 378512855 379128573 379895208 380330467 381747146 383566564 384759140 387328836 397299655 407983402 425463196 448847333 449327665 455561975 467253005 473177767 478700897 481000930 482066316 493009192 495441101 505712459 516908339 524148534
61 861401213
9207316 10869050 17548704 30533515 33081708 50889257 66170993 70502772 79562150 81653290 101587274 114005461 122349968 129425033 143214175 144137922 146787631 151811726 159244873 159396519 160008880 164960758 178631251 181844139 183263070 189774399 205956767 208516525 209584930 213317490 235783945 261950963 270445218 272075134 272934409 279349326 287926315 288371849 288598172 300911969 305887155 306532030 331979550 333064472 337843572 342977939 344256037 345063523 351218850 351531830 351800377 383581735 398873850 399524277 403788570 410829148 415318146 430449804 439405379 443098217 472491189 479739591 485682690 486107978 489273161 492532155 495892289 498404870 508199351 515881540 519198964 522278358 533970052 541477642 557215334 558411781 561583882 561858723 565920429 568035123 574615696 586244379 591071997 592055074 599027212 600726756 604417802 609735807 611575024 611611215 618506967 625417777 635045429 637485091 638514627 645139945 647872394 665389131 671808172 672014078 676317834 681080219 691064918 699614631 713574994 715021007 734922586 738419454 739913912 750315178 754375376 756714375 769285708 771165166 781847948 784143763 788247370 792924547 810649949 817166135 821114476 828745569
52 544569620
1024798 6662533 8993200 21895115 38856301 50413951 50656396 52897488 57396584 57969687 58534066 83031790 83581836 88291370 88529445 89749195 92876933 98492693 103080791 114503270 117541591 119628540 120323804 126127571 126327832 126578739 127862864 128081989 132932343 141805078 145763349 159843831 169024805 176239549 179894480 188736032 189558682 198091493 206137030 208220532 245586302 248708783 259957711 261297356 272453973 274582860 290680334 295288415 306867530 307360505 307628215 310582504 329816955 340357100 343356167 352811710 360410061 360676744 368551304 369279123 369426899 371107948 372468075 372960209 377190748 382422947 395892415 398728885 411027379 414701982 415035327 417213090 421879707 424784616 435626025 436596852 439168910 453243836 457673688 461442934 472537090 472553420 475250101 475547014 478671308 480121155 482024823 483220220 487400631 497630618 508272840 508850064 510374405 513553107 514190167 515347238 516647558 523358857 524494992 531340413 532346946 539344709 541291894 544262901
51 890997734
477297 4510459 8405901 11111081 33438715 42536127 58300745 63290091 64813311 77706891 95680943 113667936 128018186 131748739 159441479 173725161 182045150 202728673 214881880 217194207 244200304 251779355 266238814 266572304 279879365 280433530 282431148 288738681 295543911 296786860 306908595 316865306 320419414 329946390 340818658 341836283 344103221 356510411 359386824 371988844 375147209 379731542 387105259 387656231 397911820 399254084 412238576 426369443 444357354 444797655 445526711 451201068 451381788 452726909 460105588 467209006 472814629 479243680 481677364 488935427 491351911 493869502 496816214 512627036 519313827 520191437 520731053 526318825 544636952 546631587 559618367 565845281 567276378 588633989 606220203 624853192 650199727 653039725 662654797 663921209 688239842 688249996 695186289 714275246 718576952 738603119 740997731 772960419 776191943 778824604 780957310 786884630 801468815 811256632 816502769 820929247 822357332 828679052 833817560 841800077 867667874 868068636
47 691561967
11607659 23358053 26524221 36369181 40327745 42660169 44950198 51588998 54429224 60559877 79426852 81126688 87430348 111154864 116648507 140506129 147475753 148624328 161812040 167405581 182739897 201310158 211518059 216785389 234234204 240857197 240982289 242656192 248227943 264437571 273903435 285588710 286029970 288676237 295059774 300654532 304085668 310365157 322416074 334100331 345664039 347618045 350316741 356064745 360660288 360879799 366295831 367252830 375288252 376822376 406562790 406901527 409370625 410400656 417661207 421079649 421423317 423306632 423676879 433737942 444277851 445400705 457102439 463778893 466767418 473636487 505847502 520713673 523837652 535620038 535767845 542379621 548094434 549288890 552979810 592305414 595702592 596317627 604123689 608072600 616579475 619882960 636936739 645154825 667310729 667937602 668369310 669317187 673960092 678067818 678775416 682695077 685387360 691195441
55 914461559
6773908 11034816 14596009 17522790 30406772 33657511 36998521 42282116 42336735 50464234 54018785 54274034 57128689 67118861 81547669 81585070 92766064 96233244 100765057 124931593 134316530 154696875 164354206 193569642 194213182 209667942 213449818 213814071 213846932 214522076 217414077 228941777 238417704 246626456 271663196 296947634 304318923 305841976 322314470 325615800 341026092 346068892 365059205 372820533 379887790 380266803 401436804 405618449 407207552 436659001 438488017 441476306 445362827 448462173 454244750 460103995 462404500 462448011 464016617 467386042 476337262 480869933 487681583 498642754 503476997 508365895 521081530 527791979 538946207 539843630 549731438 560793972 569082381 575436050 580593266 583868513 589632479 612118372 615870467 622902941 624933790 628019079 647897751 657880992 667009891 669977423 692284867 697430405 725649487 736569281 741396569 756851112 768091085 771971671 794595191 814724202 819300633 822633112 831324890 835616511 843714211 844300038 846075846 848160543 849410967 852398533 857494786 868649384 909154137 909333300
59 507437614
7880134 16142014 26127292 27709195 29257126 37436745 50739229 64752646 66341946 66560894 68604340 74710938 77749227 79444226 80417322 82903340 86387698 87357095 90070326 100507575 101038958 106626176 115976731 116609308 117157489 124846516 126890834 128841149 131993984 132105370 132204394 132539783 133050626 134303203 134851338 136534016 136849686 149007985 150855015 153685436 156262323 164891802 167571980 169706740 169864482 174785751 182378567 184143370 200692678 201708806 207109147 212031563 212839357 215115033 215160844 217039460 223032919 223315772 228212657 229157351 234489372 247820774 248778993 249396078 253484275 267933004 279314839 280140491 280264872 280482229 280760343 282278068 283256034 286236862 295686210 303773547 304211675 306729793 308096663 318185571 322861491 323072352 327687610 327882536 329819841 334456988 351184543 354011461 358066650 358724239 358741901 360676193 366905440 372850313 373697089 388149378 388365270 394505270 410743458 413073302 416818035 419870073 440242347 446546509 446776509 455642164 455776974 459814682 474432532 475969779 476550739 479683650 480689744 485966861 500845000 502912908 503558544 505625494
48 868383168
11565758 13804706 26659284 27819125 33721664 48028150 58237620 71684335 75122929 77027624 78146328 87414717 92915848 100730095 105890873 109956773 112447906 122792081 166235045 184031110 202116593 207055276 209090298 214103591 227543662 228935284 237702796 243274890 248765454 283991063 292219859 292849922 323063013 327108515 328239304 343179970 354098997 378706385 381989028 388737449 393996748 400154681 400712616 415142414 431351732 432635733 441208796 442587101 443148481 453432953 468471551 470264348 476060592 481063276 485944314 501622527 503333762 512083003 519098738 530982986 553324326 583038032 604382377 607189209 618484966 637719952 640576445 653511620 658035048 664395443 672114830 673471815 675730380 679105545 683662608 703201329 714611656 719601663 720159505 735643558 744673390 758156415 775217980 777148494 779094179 792888791 798766206 805089109 814045406 816756744 823388220 832999406 841296680 848638683 852262371 858389668
45 793405964
12164962 39305975 52803408 64370649 66404191 77747288 93750023 99619282 128231689 129164667 147057446 158523428 158741518 165838108 166945410 175720405 177131461 195948846 204307649 205013096 207346129 234579107 253120956 256919991 260750016 263756364 267741054 271859412 277348980 278231543 303364683 303930313 308794668 310641902 312715771 316342261 322142250 330514651 338100468 338492700 338871629 344794998 363862127 368448379 382534643 387873995 396318675 397179446 399446054 418427212 423472120 423814596 426138550 432289342 451301774 453762170 469208238 480941925 484537685 489581685 490748906 492196722 494456305 512430635 525070699 533282290 535414548 540000607 557353208 559848094 600520005 607878314 620703536 628229627 629312532 636570750 640532039 643136560 662676116 664100837 676309958 712229247 727596446 727687917 731727988 740385066 744813482 754677992 781968526 784532289
44 617965992
13246179 16134521 49932393 57953194 67976782 73544090 76361986 86274227 90628403 92704125 97428580 100683797 100891685 118156348 124853768 141986431 151786780 157394064 161102103 164839285 165988090 183318687 188265218 192961683 208139107 210303390 211316995 231636755 240306624 248427126 252872556 263309260 268437576 294639311 315861508 330289268 331113754 331567980 334037161 348417843 348479668 355016054 359668700 360665989 364214705 368741574 378159512 380216440 380570111 382462672 383220246 387160681 387363577 395292858 398683821 400972824 402060417 404074718 408269190 411587302 412462254 426323574 429882238 438067222 440882675 448251192 456576710 458126598 459458102 462800387 470906615 481901732 486157502 492185590 495533464 513223665 515765834 526599069 530186188 542293469 567280365 576933679 582666362 583487194 597374693 601980911 605839496 606041258
50 956665732
29278811 38241850 49584157 59087640 62764183 77581700 92057149 101211912 108674542 133456854 139171572 152478603 155895036 157124677 157419436 164810144 170034228 204805888 240726320 246868707 251926407 266541335 267554704 270482288 276708230 284592647 299880278 305527237 337332669 343646436 351855156 352739755 360035908 374944639 375955706 380947492 385960538 386487824 388151453 391179518 411317980 414626746 415032054 416426072 431515536 436556186 445882176 450419363 453264631 461334392 463889671 485847122 501625781 507874759 509608381 520306229 534687374 543451941 545704054 553203783 560099636 560635673 566589423 575607111 575793867 586535044 618887978 621422546 622508602 653906745 678034127 682984012 687071519 691685021 700060235 722588178 729686905 733736558 760392883 763210431 765930290 767477293 768616961 777425056 785850706 789800377 792133280 799261686 840498938 842290619 843506643 862696063 868738473 873282198 920034944 931915138 937428351 940344071 940923414 952970369
38 665407938
20659362 35188599 36040527 39217180 45847937 51677297 52181078 52593687 56357858 63459515 67207584 95801897 111278345 112899453 114639646 131848969 132069699 138426443 143519159 145336511 145565986 145609326 155100368 162156015 168873213 191709277 196569562 201260344 202969878 226795465 263852807 283787346 289084399 290512455 293856987 302937859 319780188 321201967 330339707 334839084 335378840 344925315 377049568 378665654 381103746 387407699 387900711 427657534 438314521 440861383 453749158 456658394 476090892 494100646 505479732 510706379 513611955 546432480 567005419 567142048 573355027 580009578 592968516 603561933 604910775 606025647 606431449 616130054 627178239 640305789 642895897 643865729 647625927 648119093 663801972 665257106
53 873450327
9131601 20009665 23184653 25864621 26380132 49669393 51304226 64837629 81652905 96852978 100581808 103117417 105284256 108064277 121422147 122025888 122613302 122863141 127977958 150789358 155474521 156733681 158969772 163635297 166399934 168187559 173126784 175919625 179545477 181347522 192181235 209588277 218107846 221094007 223866018 228227991 231700837 264331386 280401430 283669661 287689650 288032270 326698470 339096032 346102047 364552755 370062297 391822729 399179029 412058135 415274640 419571434 436342566 460224117 469952605 480440761 495737073 516236937 518423988 523699635 525175885 525822071 532628446 535351360 536089411 540675124 551453746 553086646 555170174 560288918 561962612 566243719 575686464 589572277 590023181 591326283 645028629 649367165 661643185 670775436 683935549 694592209 722006560 724079638 730454174 736801868 754796486 763417324 764221501 767609156 767804482 770101603 773106340 775214422 777288875 781905287 793096016 811346816 833411368 834077355 841378233 847001236 847524675 858033612 859341038 866287289
62 696724803
5215813 6763837 8946899 11032602 11587765 17920042 41261313 48652816 48896751 51783425 57176817 58314812 65405198 71237504 74757384 78692293 90756590 92148784 107268204 131765387 133159560 136161673 144352236 151410343 170868929 171761213 177732259 179856393 181122033 182864316 186805592 189509907 196896144 219585048 235792613 236972952 252438259 254706734 260246658 272977112 281632392 282966852 286507171 294099296 295331759 295915267 297739499 299449254 305821076 308897674 311790761 319452760 319491120 322766940 333313495 343561413 352655908 352904414 352938185 360323295 377627378 379111480 381215273 382003508 382228810 404255025 409148967 410545940 411419182 414795613 418822431 421196766 423904769 425032698 430032608 438717470 444455267 445615225 456746074 459149752 460421318 462938334 464194664 466140478 477719396 481543781 484328913 488620605 490391858 490874805 495959482 496297160 503103076 506602582 514631143 514793756 515208337 516569380 519136335 529161380 529278298 531927952 539237455 547446595 556288543 569419230 576713884 583302395 590206093 597819611 599424782 602111293 602913188 608431386 616349465 622612164 628993081 638337049 644346112 645217692 670023817 684702742 691397742 694116470
55 536922552
1030817 1503446 7917418 8798173 27156659 31618769 41523284 42100467 55016466 57811533 64878706 75846240 77534576 79737887 87128190 89632326 89683539 91739332 95067843 103312769 114299393 124563362 132154122 136818012 138171380 140739062 141215925 147170435 153422404 160373736 164699423 167297175 172415522 174204352 179236857 182482843 189588321 200209098 207996234 211477665 216467368 218829044 222801767 223902415 224813861 228664010 230778088 231363628 232475238 240445370 242537662 246381660 251062181 253424517 254545297 258573097 262456928 263546608 265827761 267743038 274735809 278133777 293784259 296004373 297587694 306243409 309724938 312226827 313150363 316885096 317937806 328487513 328880645 334898277 341181864 351677839 353040517 359842308 371942669 376713915 378332759 379041283 382784910 392604942 392706777 397114341 398383317 399368075 399592953 402239569 409473266 411145034 413011074 425542485 430518878 431312886 435815210 436741426 447565812 448123311 478667781 484423890 486817611 490571113 495790516 503889674 506525622 511969191 519622809 525128099
51 936841717
4835957 15735933 22951793 32160940 44554156 48078341 48918837 58849564 107294974 109679599 115094438 116412706 117665410 120193359 122528193 125825937 125885954 164051628 189630833 194833045 201489441 213457095 219561670 221886620 223295198 226396224 243426871 267432960 280757246 282082625 283514808 284593181 303201553 307000614 315298492 326647020 327247623 332095458 346634045 360039744 361090692 375944856 381767893 390368297 393865032 401737976 413963946 423543574 451892914 453905444 459252412 478629520 487287999 495014396 496305585 505392608 516754722 532007223 537822926 540834316 558579945 566993050 570204437 575716399 579640474 580440871 585231201 590083730 592234576 606433366 608354526 612773094 625613788 632788059 642692588 644849868 665422275 691679916 693062677 702313829 709082461 720796678 723908656 731706355 754661366 758916527 764727179 775175934 778079629 796500207 804227902 804603724 811232720 827293160 832647324 841267944 849033683 870326213 870372215 878114791 913291764 927206988
43 804058489
9029851 12489828 12807528 28452837 31234467 67464748 77378855 82232313 101556369 114665017 125046668 145285539 150188889 161337920 164842372 166007804 170900454 176315300 182921698 183820121 189212126 204775521 215244628 239419405 245379639 249792202 279762820 282737078 298167210 298222673 309498563 320893376 332413995 341326049 343552797 343719623 353040670 367788601 367836904 392030153 397081274 399016774 400972825 409100331 430296370 442283271 442793304 451183052 472730727 475537441 488717815 494250338 508367539 508644354 517371721 528283018 581356381 585428018 603438592 611139421 625648445 631735452 632318047 638030744 638099014 643955503 658096346 664306465 665507152 669072880 671246170 685911932 692786731 696612727 700322373 724153081 728204243 737275501 741583551 743637994 743869603 759899799 777728228 784035264 792166135 803723986
39 836057531
27234873 47771234 57743228 85473821 88561053 93888028 102639218 102670673 133982771 144898441 152021394 153046588 153911458 160200650 160311570 162201466 165766291 177213457 186972150 188004748 198265479 206936363 216353793 243969897 249606159 269657206 269800286 311385792 312299778 320190508 323201064 329282967 335939501 382462440 385134608 397109753 415375246 426141378 429406122 430518983 441979657 448747768 450081028 456315795 479627690 494914840 496442071 503304593 509284132 515871280 531300139 544954771 547356737 552905266 556554212 561790842 567039925 572688643 587799121 603177621 604392449 624816470 624999004 627844300 629980350 648507655 674452810 684573078 718238466 730802623 747854758 749806109 751336440 761304730 765963608 796038077 806762145 828128724
42 730414884
6320213 7795236 14077222 25303914 28796770 29811036 47100308 48673771 54378672 61413530 62159816 75596372 87153463 92673481 93914563 94213065 95193312 103065534 105864489 113898505 124161041 148122509 148165925 150741364 155863336 156154806 190630361 217285218 228420406 246285687 248090031 259666086 259704819 262495275 262838550 270423685 300109689 301747481 302350817 317850685 332071536 333196897 352681523 359641520 376539922 387609523 388570128 409121881 418098777 421401051 421601004 447177844 449267792 451726143 458964156 464536871 469829880 473005282 490857356 496711373 506919298 522899818 527591580 534702157 539643322 563642803 567096772 573396757 607680368 620749124 628134192 629753224 631900311 637486331 645353614 647570098 650124148 672594479 673509217 686121987 693879777 703233045 704005647 713331007
62 731864268
4505226 8878075 9285050 9461976 10975763 12774383 15335853 22036573 22662966 28610361 30072880 30721261 32870973 35200575 46678358 46892442 66908815 67349718 80879955 83741575 83834237 95299943 115432140 116627112 123703467 125959179 141726486 143017253 146736459 148667357 155189293 156599582 162783257 164420228 167488764 169472527 171497906 174187348 178266879 194412951 194493289 200727746 202513970 203338860 224639793 225136455 225259745 234581019 236034811 242515335 269593942 276910675 281954161 283328577 284742358 300742202 311411780 317131196 322299542 322403058 329050340 329757052 339825085 352406616 356782120 365220072 366659806 372882439 378769958 386069535 387841897 388072308 389683135 395722010 398856521 418595577 422934167 426032640 427825601 444675850 445623134 460809884 462837004 468730710 473157440 478790194 480612987 483222073 484505063 491958967 493166984 494446439 496263374 503825809 509105741 509952516 519889244 525074795 539884865 540933653 558260374 566281755 568800987 574140752 586021303 588156334 588705665 610909605 613587265 617621065 627261615 641753512 647231995 651648560 664377602 671864229 682410322 686864844 688467968 692749733 708995921 715346081 717003108 720539506
40 872838103
6593388 13794542 28597120 28745235 53878739 56385948 71421464 73364939 75970800 88341689 95596052 133700573 137969905 139437756 141565186 147059662 147360492 156893110 158182111 159731350 178084485 218447301 226008570 230087438 257023802 267444744 281491239 284783754 288591609 306055423 308121570 328509618 349086420 377872718 387428683 388911272 399507321 416109827 416788722 431712052 435280256 438832250 443099061 443663242 446731807 447132397 453110536 457986783 468441033 479689198 487522448 502355347 534633595 548342255 548520301 549675079 583696214 605332257 636281513 653403242 688089022 699806903 716134359 720000498 752466647 753077105 763459003 769839946 774025399 794707389 795683894 799744366 814088748 817281948 830544477 849308232 854386480 856634611 868442159 870126363
53 665043432
10126325 11517412 12165001 26160205 38426337 59581695 67122475 69358757 77092759 90283327 101531373 103223513 106269340 107580023 107805026 125893556 134575270 147875757 154792072 155002513 158150293 161373178 164185628 166871938 173504416 173803945 176442179 177885734 197848200 216508646 236161333 237370110 238915901 239262219 239575565 247552466 261261321 264850876 273034307 274743618 282457402 293357496 302642500 308059583 335512503 337448501 341781990 344108336 344984008 347936658 349845343 353172110 353413314 366853039 368639020 374335034 377540231 396898274 397666595 398160194 400384043 401305907 402616429 402812457 404891737 406728093 407317806 409653272 413140848 414604163 436405347 436429171 437377741 443670708 449393092 462961000 464867525 466768017 475131803 476133977 490017156 492610693 508578776 509491385 509580563 515225291 527045232 538471583 564077056 572574533 585143232 587204679 589788037 595850743 599809157 614489314 618762794 629061706 632553744 635762352 641378421 642634106 643372155 647167268 655128961 664984456
51 939542767
6816215 10692922 14496767 16715770 19414680 25483345 59900607 84317262 97868532 101145962 107229689 119739437 125769433 132503315 132609445 133874906 154413287 161967929 165202382 171210177 181850690 190735457 213112034 234765454 256993714 271894527 273628585 282698131 283342116 288697814 308800385 343108300 346358376 346544058 348925986 360540108 361160766 377455690 377873345 381974912 384573484 384859135 404366255 412263876 413565010 437554745 440555488 451850972 466012862 467084081 471050703 486712761 502842234 519013646 527987927 535872233 553962899 555561917 561299264 580616967 584536253 586645229 594810618 595832484 599448843 606303770 606479710 606815388 624279040 626521010 630996677 631628062 671256247 671424752 689024587 697388336 703771123 719582992 730843257 733960361 744142559 752651029 761147124 764051132 770822228 781879443 803175965 828029543 848430888 849194020 857847479 862262660 864395021 879278955 915475412 918594415 921475002 924662384 928180798 928784389 930746908 937528802
40 938323756
3847449 27961323 76894291 81706814 84081032 92668985 94262336 96613491 103299381 105346601 117337670 118049053 138720179 139760975 140366352 152213453 156914540 161014050 173566002 209993565 235048117 251099423 279452230 282005403 286000441 292509846 302131551 306731996 317879232 320014394 359046356 364845345 369483135 376201635 390739435 404462292 405173929 408681791 450969556 462728932 464433928 471343920 491346264 501094032 529281189 529496359 530494513 531392681 545217571 548470209 561069519 565194790 591180588 621652169 624153619 632859757 633631774 659141182 668359619 671097737 695191147 714540216 714961492 721264977 744766324 749102190 766949369 770241899 796992507 799916819 800150583 811556614 829945760 837416678 837989320 838486478 864797233 865340321 891336951 893752927
49 660859905
1126340 5094774 8134390 9239732 10734133 12573898 31379436 32157646 32998473 43195279 43673097 54723513 60598864 67351417 74971382 75086841 76877279 83644967 92801765 94786772 96393315 102191050 107153265 110318473 127556366 136097372 149243279 158663004 162095687 169585961 172309919 182256351 184510445 194291303 203352924 206444497 213978512 221434815 248047974 252213172 253200280 268226677 268315171 292704325 293299880 297419673 303013684 309966196 321449445 321603353 327735374 331654868 338849781 344100776 349120916 352050151 356815851 365217382 369501439 376453304 400068973 403697020 404050000 404431620 411789905 426065619 441164095 446888181 447463344 449938293 451761509 454842198 455350931 460247201 472312846 485384596 510263474 519137059 535489860 537767408 543069884 553453481 566217667 566218271 571401911 592186854 592738157 613986825 615837032 618909938 621168350 622161341 622518769 626454617 638152614 639048449 645108258 646507222
58 826021245
4072318 17373280 17420795 26231837 35333291 39797135 44681335 58970560 78060845 88297320 98732891 110136210 121254578 135114996 143069307 150196477 153148719 153436220 169213664 169737941 172712122 174891705 176267423 176917043 186004904 192486854 194124093 196143775 199610346 202194007 203491942 211409068 229184936 233989776 241470988 252643762 258414661 258693625 264824585 284206764 300228946 301956351 302815616 307564655 327241225 334016139 336342295 349041726 351291310 352997294 359534339 359718889 381470850 400702192 401519286 403002662 403286985 412390328 417377345 422842270 427673053 439197241 445919410 453150779 475684394 481803095 488900936 491328188 507574523 511516053 518276466 521323107 524370930 524989526 531422276 541910383 554387108 555303977 563556726 564683524 567333409 571099590 587999619 588519903 589132448 612619688 615589168 615672934 623543396 624013261 628926440 629354407 657197942 661247125 663410633 666600970 681270285 693870781 707018479 709842102 713583371 715757558 719763043 725969151 730230255 739225201 749603997 765987116 766356545 768496913 769923310 783803047 784266139 804632751 815947566 822724948
43 871457816
16022004 17307720 23432696 26651921 61218510 62616429 87420676 91455680 104294697 108707215 128944447 131981097 134673745 149574131 165616337 215168026 219783620 243043347 246407200 251479958 255395389 266288293 271082242 285931081 289516059 296803846 299775199 327323468 329037901 329849330 347210122 375422748 375700153 390260971 406552847 426867461 434946537 456076690 457392954 459928155 467850151 485156660 498611733 530575789 535833883 536451972 537445503 538997582 556886966 562455678 562991663 563785145 576114045 580967145 602097736 611479512 611938893 615215326 622034787 629000701 640751920 648498789 670661867 675956019 692540654 724274769 743480859 751126067 757094013 760493103 762009574 766907726 771044505 788533457 790339523 791208254 798705383 813857562 824780051 825600792 837877644 843327217 846174276 851834019 866694926 867424682
52 595630833
1275404 2793923 10804014 15379418 19184594 26949696 28861333 44967462 45709362 46558908 55737718 57287338 64465004 71087863 71996256 79989712 86847765 93952826 95221378 97317331 105592861 126292830 130605852 132722557 146139129 150627275 151195310 151437931 157025860 158232670 161917788 164637257 165115422 165186372 166368605 168514550 171760925 176278795 181536613 182033717 204847205 214069568 215951622 227090221 230656495 231870766 238826165 249327956 260677284 263461519 265346947 265527482 273925669 279146178 280596409 281747817 283298531 291916987 293699311 312118167 317909304 324299980 335037090 342756671 344172373 347286739 352449071 352750571 357473609 375998817 377108002 377693317 383598362 386958880 396059498 397401124 401349793 404122655 414153580 429567510 440039119 443905553 453846676 456546417 463780278 465931132 468541152 482545423 482656437 488134603 494535373 506925178 520418483 532711042 537143314 539521472 542157938 543903544 549628491 564166735 564404777 571810623 577810971 585302203
53 581400083
2873957 6143147 7419510 8786334 12243151 20817536 24931453 35256478 35670422 42239759 48953712 51370179 59921335 60174245 62236117 79554179 103976687 105005796 118230380 124121289 125077860 130675132 133135151 135740406 139849870 151832944 157694845 163564045 166572094 176632081 177349299 179430171 181760462 183805482 186510312 190404059 208470592 211428748 213551009 217529326 226488998 227519143 235967601 242082981 242721237 244368070 245963410 253034864 260304060 289930841 291066156 292314062 292881457 296246351 299543182 308163878 310551205 313695778 316269042 317336240 320424202 338736040 342057564 344777159 350928578 354724080 356046733 356787787 362979498 363944650 367448379 368200773 371775251 372637645 374855792 380105100 399537645 405151686 409974870 417357089 418847682 419805399 420209167 421102568 437803273 446236020 455425013 458812549 460900377 461345383 469597539 486957929 488876936 492087139 506056269 511964066 512882783 522459618 541008572 544070327 545731994 560880403 562462222 564532445 575912640 576735095
52 942232280
3393167 10550488 13066109 22410441 23199452 31738050 47858926 53882189 54696335 55501183 62185262 66034147 68049989 74544584 74648673 75076107 76850006 85578923 96315107 104068606 127125588 127858438 132388259 166894184 172661287 181702310 193152832 203902252 215561869 222203252 236437286 254651021 267754465 282041424 289704645 302416970 302619603 321152441 333463792 349009828 366431274 373352581 373571783 373763412 394663292 395528558 398963248 400768440 405538269 409055497 421049140 428149765 448824924 457825508 458634979 464444445 466506669 472623199 482880991 496220887 536810065 572596122 576133451 580889938 593524044 609389434 610658602 614197339 619889261 623118894 628013671 632498128 636181496 674319857 682181858 693058363 695152142 695935787 704960713 705823860 710023078 712654446 728065678 739443215 748090948 749387435 760615193 763837573 770189410 775168211 785782203 804807099 805983023 810951610 825780306 829321637 857804002 887876009 896482585 915162357 920612984 921091915 925614805 931226181
55 574329495
1864590 7897565 10025905 15019923 15556696 17074658 26482640 28066448 39016491 41714505 43130342 53174854 56255627 56712300 59533623 69041183 69571679 72795181 82735630 86579192 89234602 99538234 102732488 106640567 107850015 108346285 122396169 141315003 143714355 154378801 154557286 161330888 162931134 165388707 168185827 175548285 177299144 178979513 181828145 182067357 186874878 200867221 203569650 207714790 209218957 217501223 220156470 234599045 246225499 258182191 272369724 284392319 290760606 299273384 299893488 303634083 304331852 310345192 316762936 316775907 319903013 322165897 324143523 325883421 327836081 333286665 338913445 342305020 346387632 352443617 353558168 354717135 357418922 363557126 365981138 368772908 369896245 370247323 373216531 380701224 392511830 401965978 414685523 417287212 423358274 424580297 430023310 431465316 440908805 442539725 443351330 449148452 452925267 453666418 469248194 471299135 486082759 498069716 500236092 510711802 515701112 527016352 533417622 544819999 554575398 562414872 564379332 569784963 570202797 572033518
59 888998318
5536696 13829476 14584947 17940402 19565558 24674321 25360007 43567485 46663095 69896115 73884707 82833677 91527044 131866309 132387014 133130347 155041915 165897389 177592911 178522236 197751111 203858236 206748756 207530539 209052976 224378901 227833989 230635689 244183794 245633644 248192852 252919875 261583638 262610532 268390221 277555047 284561375 284756329 298130896 302997093 309227003 310716289 313250301 321664532 328853049 335005220 337938318 349967319 352432706 361888534 362536416 367243362 394530681 394628868 394949919 413744490 425565375 435484693 440187905 440396126 456759743 464120814 495781325 503243021 503880156 512393370 539081339 550042801 551696332 562721207 567250093 570037603 579940844 583044826 584835940 595144125 597294310 597369923 599934360 610937585 620345659 621189066 628490453 632924606 647730541 651624568 651651701 652140903 669819292 670134502 677557069 678182196 678275827 680552261 683961925 687484852 700016151 752973247 753142027 756363003 761581614 764761906 769726716 770304657 784453392 787742586 794766731 800813019 828390589 828434105 849311669 865167729 865214715 871388179 879079118 879248644 882633568 886684774
39 537089289
14250417 21313692 23504691 24846997 29814511 54790591 76009091 88939394 91963933 110411960 123620555 129056756 157017068 159018310 163051146 173103323 177047141 182472759 183665573 197485729 198269931 198274713 209368354 216219939 221001385 225259996 225427025 231382408 237934694 238444530 255583715 278185801 281455339 281577513 294900502 295809530 310205480 315943359 322566533 332010774 340886718 343249329 343414065 345378635 349332100 363502698 372532850 373200539 381436390 382327387 398598528 400658650 406429126 408619209 414299406 416165070 417474549 433359711 438538886 449177990 450240587 465207804 465224358 473309350 475028162 483297162 488110817 490072423 501657100 507845647 511874160 513307299 514237731 515465893 517578766 525733563 526471118 529391771
49 738225818
33965910 43670980 45253269 52762584 61047616 68722729 70053462 71162651 73817101 77007003 121509680 126527752 139454491 139931708 155324551 156417427 157286433 161349391 162207041 168399450 170717418 182983756 191454793 198795176 200356708 212935640 220475191 243093375 247027421 247316989 248435790 256437765 277155296 289021439 300153588 300594470 304915373 305414363 307012388 310638847 313876413 317130577 321927901 323063154 325932477 339170232 340158369 343286236 349346328 351900794 355605793 366623305 367772653 386343349 389133146 391629405 426892443 441246623 443421161 455190165 465801932 484030343 488050361 488262072 489671760 495152745 513047029 513152342 515524003 517271265 519871586 524167190 526807748 538242152 555321191 555680540 556400985 562580989 565921083 568896542 576386376 582983623 583597460 584554900 598157566 618595944 619146078 630880652 632804865 639168847 645054279 647012875 651090733 660579390 678106182 680903108 729284754 732806625
56 678286745
10283873 11329442 19809700 24771033 34705794 41157150 41605077 42336901 43364772 49679367 62618056 68141262 72191050 83194782 95964780 102528093 113009385 117478871 118921011 124658341 128166310 129068294 137828453 146745659 151412847 151493129 155511428 167009276 174481046 176440016 180033680 191106778 193258145 195022772 197228517 197398220 201921043 205048484 212204979 212735309 236088506 240635368 241648318 250551758 252423122 270192621 270586956 283752175 287752563 310573770 315607847 318954430 327173125 331247325 357363086 360015038 373256478 383541926 384276519 386707336 389297541 401000511 401582277 405998685 414350335 422457770 435955954 437389763 438442571 438468699 439819773 442430712 452829102 459891903 465714601 465741701 475156233 478645221 487195954 496949281 500822948 520878032 540023649 540599585 543274250 544689681 556833629 575671021 580422980 588175635 588860479 589493049 589723801 594481616 596788714 602738117 604447585 606943834 613290447 619918911 620839210 622991802 623068645 627401581 629832903 638851953 642144520 647866773 665097912 672362168 673860359 675550100
40 818687020
6392781 14954841 56266793 74813447 90269329 93970315 106573696 114554755 126369950 127482478 132792520 133799936 135459572 153017840 171663533 178753029 178928724 187759770 210797108 218265964 220231561 222831495 237143641 251575887 260990684 260997408 266010034 267578126 276697598 277272946 288269915 315309470 324255400 328350954 334741825 341302401 346621140 354993791 364707980 370164389 404239985 405536157 408483177 411879826 414490588 439582864 442910273 443970879 445174899 452199076 458687743 459820162 477552031 480007653 481796207 488186093 501185674 503737233 534187890 538753607 563056696 569800643 666653439 668214377 675479851 686990977 699960687 718900493 725699889 739341580 767495072 778775793 785366985 790047743 791200111 791950764 792868990 809352085 810238353 813361429
50 557595097
6274515 11048628 14578586 15915309 21996753 25700293 33678146 37370068 40023064 43182334 45844266 48123914 54648305 66366367 69753249 70480182 83119421 83568907 92157343 96434535 121774787 124224839 125297746 129197812 129317467 136611260 143263061 154261355 156651470 165448702 166477351 166798357 175869848 190318921 190671146 200628988 210353830 212839602 213979177 241523968 248381450 250568050 252367144 252914966 253972526 256063995 264503588 267371411 268020745 271173081 274759723 290784559 295306676 295865562 300118318 307097193 317852091 318231459 322652864 328342468 328553995 330371551 331304216 338357960 351652802 359027653 359370053 365206177 367261404 374362876 374511027 387154197 393973381 398213230 404806600 408239737 410425408 412708614 415270847 415429056 434520904 439842624 441518264 446114122 449580774 465458056 481557164 481782119 492058985 492581642 493230323 493997802 502468990 502752965 510642543 514260114 525803387 529601998 532090980 543662065
52 784780836
1133180 13963665 24328283 26647405 27492069 31327741 33842853 48954030 54174220 63299368 69392731 71245847 74735799 79764042 86001833 89150260 90078842 90794853 95683178 104607282 107662042 110350706 115410637 122981628 129071364 174900869 177319797 183498456 186501651 193559752 200976038 203041276 203336687 204817539 212301320 213345951 223731243 226042312 228215351 242109088 245916745 258167717 260211393 264154727 272829969 280154619 290584946 291088070 291966452 308109764 320391969 323459287 326435135 348843832 350342809 369792153 392109311 398167185 399584402 409359937 409661564 413582000 422434780 424703300 428333416 430276471 440039039 465936023 472262151 496801316 504775262 509045664 518054792 526890257 532760113 536681384 549128783 550310172 571472183 572984082 574207324 575293939 592270588 612706216 613112618 628811869 634962319 639040984 640302809 646296627 649006350 652631753 653564273 655719808 660388605 667012353 669945091 671169105 702609049 704692270 707027986 723134131 728379719 771432455
37 952441279
16309867 23197372 26557388 56611570 58097287 69032625 126555542 171602890 171764118 196825849 215223974 225793352 226218429 246812640 256602735 269236019 269363287 307450051 308033419 325112892 355818558 364301090 373536445 390233095 392131484 400564525 406090237 416273150 436995455 457307979 458912015 459862241 460752691 471007420 473785155 483240628 499866512 529215207 542256331 546363062 546638447 555219185 558888401 569912084 573087389 582010124 582376780 585323944 611120833 625810298 642323917 657599560 666498602 666879384 687050912 701076890 719579785 733886601 742417379 767669496 784565480 793856983 799850667 800353111 813357196 838437133 840291287 853627394 854001742 854200026 857494071 881118129 892740396 949885355
41 994480789
16178961 20620755 77925350 106326916 110583125 125766088 171879844 173657605 182095416 184616599 197854048 207038177 228779527 241971748 253447931 262806412 276982639 295717139 297182275 299174612 303403206 315364193 333404075 340062162 342417469 367658634 372673287 373110406 387204797 400792864 401947827 420824034 437739614 440692505 444834439 452778962 453817973 454059892 464660987 469812371 471605046 487547539 499815464 513096740 516587175 536081513 552342774 557708905 558877486 581531122 596245289 618552025 642852609 646056736 661418783 675964295 685468595 689532985 693498025 703838850 714803003 721488718 729832112 762831670 777745105 797582983 806251221 820741252 826916076 829457156 843924036 843940690 863164165 871138740 879822222 902016393 902843080 911571198 936026661 937661800 963486177 979032413
41 742939466
2219415 11353278 22417832 29735371 37846559 40258339 48873763 49421764 53329713 66483497 67015918 70059732 78306423 80628813 82106073 85050058 118679161 131384466 133304097 134206164 143086841 153509970 153559840 155981367 159069320 162571341 180656491 182973927 183859824 185485478 208650179 223993564 225183930 235837894 237162178 251057907 272820217 293188052 302928473 312274282 314047390 326943917 339662565 353078261 359981249 362231581 365532773 369350659 371492595 383480345 393203499 405904765 420340132 439748173 450437062 456079498 458304501 480256295 499365308 510389488 515515631 533506415 538572023 549268024 553614886 575416164 575642004 599958558 601732428 606668406 628595205 635101101 638578672 650640838 650747007 652024357 662520829 664038557 670197822 680916802 713629191 741493275
36 509851701
31737435 32343581 40299393 46511355 50447680 52960339 62774922 67807744 79721184 85476021 102988014 116718924 118706400 123812422 129948583 130075818 132106735 136042412 154950347 160628547 166629195 170649533 173007846 178207171 194001740 194419927 195610664 198336729 199857790 200440072 201103616 215220831 224337935 225716655 226962871 238847627 254943257 259141250 272327746 272447141 273274985 283068769 291041587 312011046 313076761 321136725 325227649 331480714 337222544 353981331 368186413 368478455 393488824 397072445 401772126 409756985 417707563 421082273 423867581 431778109 434934841 440431838 441184036 444319707 450659685 486695856 491314476 494692441 496321957 499952587 501448131 504907540
50 984479604
1797058 5990870 22372086 28675319 41285625 49539596 59143174 71207145 75134909 102365189 119811451 122054065 133318365 141491788 152109993 158955934 191386229 199896233 208919129 215041283 215109996 215159990 219438045 239594932 241185513 249009015 249533442 256291906 266449732 294638492 325917071 327018130 330676372 336696942 341508564 359277373 361095849 363189858 376429036 377319737 391592155 426949011 430451454 441410116 444229192 450505707 454725947 454761678 467544089 495101937 505324688 519481001 521503103 524405721 543659063 553027137 572023761 581099001 589124899 593901955 604600088 606815457 613452335 625200913 629888914 636094477 637000502 648040361 660629956 669085415 674770369 686941527 699660979 700096522 721040072 725019542 730755890 738699078 756124491 764479147 773386578 776584359 788510149 790739320 794770054 795156515 811233556 828995885 829496975 830874432 844837660 847419175 865979384 880032909 881674533 905418259 909716224 932818069 937216575 980480400
46 935563707
33176588 33522397 37165700 45726132 48617158 49919056 57974680 58935095 69205661 88671348 90820640 91449140 103593513 124730137 132648138 142885267 144445780 150818576 170741294 209568218 212442726 219521804 231221448 281504118 286894136 296066339 300342862 316120044 328897802 352580088 359673516 369981744 374369305 391858101 393268716 393348184 393710412 396319836 403919309 404533201 416518082 421419573 430043922 435271433 454726909 454954678 458930591 463482652 471609595 473550794 474860548 483473715 491941508 507525095 512610112 514721107 555222935 560555887 560967949 563101972 575475450 589964039 598308124 615415946 616865697 636636155 654366257 656790589 665496819 670488591 680686470 685123250 698610188 706682571 720540770 744204403 744648157 744659437 787488022 802344353 819138443 831959400 850106973 857608751 862969205 867357365 890998011 899939254 907140455 910872224 922955014 926499706
40 565351002
4377992 5481935 10750970 20633467 23237060 32394989 41632576 67251817 94227646 95162203 105730891 108595403 111028756 119133999 124119747 126530632 141016592 143189042 156529941 160895188 161152638 165852073 171263440 172208312 192178855 198219373 199149015 201996047 213825400 215478911 220457456 236078283 263404096 267591174 268468091 276319439 277986471 284904259 287242527 301815948 312908546 320285110 322353039 344031874 347346783 349496172 354368840 354539919 354574161 360093323 361048434 365363913 372813301 379217437 397116974 406903268 418070042 418607265 428802508 432376143 437650269 440278530 458133606 473634144 474299957 483913203 494074494 498899885 499144549 504792467 515515559 528031456 542075086 547708994 551774906 557844820 558938587 560496346 560592614 560852223
47 943190300
93813 5144986 17073826 19834824 20735879 32727331 38547009 51742386 70786075 70991130 84257193 86902356 90988725 101757080 103863781 105770884 122764859 133159216 138186736 149548019 160107419 173130559 188462393 193168288 196548760 197979805 206787132 211082151 226810106 245866212 271499209 272050396 277299257 278366639 289484386 300368792 310132549 335172179 342062408 372323147 378724760 393046234 402784959 412464787 424979766 426630116 453133101 467828806 469533669 470634702 487960214 509569361 522218478 523228465 527343658 529071330 532671720 533998309 536623225 558475722 559151759 581747708 585059143 589534177 606887071 629216847 633330021 643047529 671807761 703809158 707033641 711087335 721162278 722320462 728066073 743452264 743607967 745463523 751887981 799740126 816318588 824189055 833998314 836184619 841461070 843273133 856723997 865253638 877702075 884976312 892356529 899484402 934661092 942159263
58 507344142
884876 2183046 4120584 6609786 11030723 12947766 15413887 17929155 18202007 23427631 26567600 27716984 33621282 49102688 49787374 50847016 53038653 54712143 58107360 59340023 69905659 70957813 71845362 75329632 79765214 89463539 91734095 93654054 94945364 95517047 100373671 100929676 106302815 108228826 117404873 118183298 118605644 119973252 127762856 127887636 131296176 134409717 136067608 136194181 138223758 148956427 149248217 152543536 159928336 163819891 163880552 165821614 178754276 188223952 188668325 189891536 194264976 200902232 205280090 208716512 211454859 213913241 218901962 232685831 238811558 241702807 244743638 245117400 249689694 257222431 264184900 264419512 270824077 273729681 275049143 276150516 276777977 282978671 292966531 298645186 301870339 305567641 307159308 311513294 314361621 316027569 317855507 325706961 334270631 345636988 349758727 353753046 354992741 362411886 362705195 363493229 365851980 379328331 399386101 405934126 409296261 410875731 415827472 419081449 428032216 429350943 431237877 436710144 447435333 461477184 475685042 477724067 480211201 480808586 504060264 506151023
51 899446124
5078646 6167859 11220166 25556182 37573110 37602156 38727480 44392237 57922753 65757036 70750714 78327816 93572972 117707136 123180174 128981474 130470784 149430896 161506926 169774115 180272434 203527771 234964029 243842208 249995035 251402057 253010674 271386039 275714650 277305070 277750650 278221931 283093376 289811320 290028173 293280923 300671164 303490137 305187115 309203443 310866666 316247567 341516706 352905867 353889417 356165901 373839776 381114822 382738351 420965403 426336310 452378512 454375396 467515861 473664658 478995017 479299527 489162355 491673656 522211072 522994274 524314258 535866253 539900052 551013158 563788501 564506712 602072006 605658376 611230850 617497184 622759795 623399484 624791493 633276846 634666863 643588075 646002159 646864924 647896149 648170491 653247193 658805360 661736240 669137522 673641034 674541312 678600974 691428368 713549677 725353303 764500478 782052421 788937334 798870245 812041503 830663175 835586230 839805196 848199169 888104301 897186661
48 674666301
2120015 9543978 9657399 9723867 12897948 25859471 28324651 28421530 37710100 43130205 43332449 50277687 52266634 57606876 60386117 64107866 64985642 69626718 70863715 72168451 76044466 77258541 87081752 94117412 99009052 122666204 124329931 149571702 156647565 166330070 169187859 169828267 192321187 195839959 198103468 199245058 205800603 212761042 213898110 222953676 228264902 240684984 242780414 243038855 248233641 257950142 282821932 311753368 312446984 314724686 319103581 320408608 370682729 378953552 392958205 409591110 416297526 416301335 424769327 428452484 435370050 436726912 437230456 448379318 448624761 454907181 455193980 456035064 473781917 482254195 489913175 491183902 491352313 517214408 523648129 539425021 544792989 550034814 551956912 552850450 554557516 558470742 589210855 595172204 596803052 604188518 617142675 621868395 626364867 626603526 634460131 642085955 657453672 660497832 667802925 670775735
51 530700334
7986949 13593333 18162971 19986724 29358462 42877470 49259357 60924149 73353211 76490472 78881944 79271647 85750056 89492797 90367997 90694903 99772404 109012842 111528819 112988636 116242566 118161871 120068140 124569613 126075983 128468656 138730621 146464270 157434207 168287055 175832992 176483177 179245569 179813904 193731052 201883650 212033662 220131415 221858849 222396715 222450161 227222887 228264403 229509523 237850842 239477277 244391434 253896113 270229880 274699488 289238270 292702378 296732299 302013835 303470819 309781305 318220459 318792748 319174707 324592021 337708489 341507069 344714006 344811885 345609437 350095950 361347443 364967813 371897270 372675186 373180895 383275861 386908989 391440152 400307393 405365745 410193391 418790326 423922421 428183784 428782154 428855412 437924204 441848351 442718099 455119845 456009323 456152557 457644015 461608307 462202908 477134543 491385253 493051138 494764011 504951306 505431839 506022361 507488125 514324901 515340445 521880734
49 595467590
6962436 10721854 11814000 16001502 41951190 42052430 43867477 57843444 60294427 70174940 76768016 78043193 87700060 89924495 94792184 102916436 104331008 105119736 116688670 118285028 120565587 127976045 131162216 137146210 141196054 146428761 149341178 149756109 159909236 160756494 166879899 169414088 180062567 188707141 189666657 192899827 201041212 201393255 201685635 202592089 205475238 235321535 247515069 250504194 254530874 254601711 263257581 269797161 282500898 286421569 288389590 292197807 302562189 304517545 305496608 326546362 338909382 354441585 367567465 371709559 374258185 375531074 377006780 377550599 382208698 382210066 398277034 399966626 403348915 406765339 413697059 416297312 428062796 428823180 432082412 439721702 441668122 444724890 452039102 463316077 468729170 481119807 481355968 488030839 488992886 497539280 509357875 512846050 525775085 535348522 538308216 546125558 547122011 562734430 571339749 578278363 578662929 590505236
42 682833039
19232808 23184297 26068045 43146681 47650443 66378035 71305880 73388576 75285637 86271582 87327044 111309526 113441151 116344390 121069331 132254321 135826258 146513831 149221815 167158400 175684121 190677701 193388641 200888998 209107959 217545626 226069685 227837948 234435329 235413886 237037327 241103070 254086322 258441127 259053965 273275211 276160775 287615342 293561264 298757994 320362654 325513914 326646178 336240914 350131479 372233686 394648726 403786436 412937997 418767374 424015463 429299150 436179106 436545798 454520393 458991771 463489032 464647791 468796599 498353268 505696695 507466477 516300987 516880020 521260262 525559001 527816028 538675749 549601354 556511434 559018972 561483462 574747769 581262836 587909561 590860577 596316789 609392500 613841137 617869198 624929102 626416144 665531164 681111618
68 997336651
1777711 8784613 19059358 19218146 27301105 32479421 38723421 40593575 44428433 50426718 66637577 68442928 73697866 83633115 91636678 94817462 118275130 122843952 135994514 136840365 160780692 161569510 169816043 178729213 179747306 185770689 198403378 211448713 237137199 250800519 251568519 252015893 261207004 268317464 273820557 289916680 291150007 294656968 297857704 304471292 314956978 318518773 349381204 377581741 379782905 380259415 412551050 415967222 423156195 426253923 445105091 452144336 455053955 455304815 458588367 459108953 464131742 465216321 468386012 470015786 484029631 487752058 502628660 506726380 512237142 519388476 527888787 528720955 539438184 540557421 542385620 547809604 559534756 578897109 579432111 584499177 594119141 597421495 599002566 616416230 616739104 619225072 626550658 630029871 641671826 644625277 644979732 654952054 658365881 677696964 685180412 689291022 693433080 694152602 699212300 699660347 706380827 711021182 722197367 781083796 786960383 787485512 789780163 799807043 813636223 814663071 815054741 818869387 831693697 841383611 843871104 846331816 848319068 849493614 850738992 866264325 870107421 871584587 875074737 895540410 898104795 899857545 903367301 905940177 910631626 915385671 915878918 919577667 954408941 965471053 966237251 968501281 969856641 979988101 987664646 996496876
48 524138790
4214730 6606361 24947244 27842070 34797584 42058294 49814925 57157836 66507041 69299824 73233840 74331689 80473856 93827705 98055493 103588654 108678610 111308625 113623592 120457640 128993140 147101112 147685553 148959938 149194084 160208836 162312694 166926157 170234052 175166677 176692097 187071998 193171812 195031502 195607199 195826868 196183636 197150452 198419683 201123412 204156044 204656205 207694661 214808788 230058181 232967099 233728006 240211539 248478691 249265046 259353387 283945839 286148106 287102133 288256762 298892784 304418379 314456346 333873539 339311958 339314021 340315556 354228887 356591907 359835028 370466489 371565560 374059740 399461314 406747974 415135275 415961786 419074171 425755919 433994000 448752559 448947916 450863852 450997645 452705450 456601712 459125023 463556916 470061960 481069170 483815034 485887601 490420665 496831481 499849209 501915661 503264989 509889042 513662983 520184335 521004041
44 967730846
662061 4847684 25459567 49457028 54070851 66873252 80218213 95763609 114925503 131519187 152070016 154559094 170428239 189496286 191577271 209471094 225268641 238361942 287570856 290305973 309003498 347425905 355795984 367941316 370811487 385794444 386528403 391142591 395657967 398174693 409935116 413155987 419918181 422674310 429676457 432364797 452198784 455455840 463079306 471137991 472791574 481836649 485268488 487513640 516803367 521808259 525829802 525962047 526997079 530410898 538400910 549976132 554236773 556756888 558288327 564297852 582427504 591481390 638353343 644994049 670610347 676041114 688634287 688835524 690565375 719122104 722654104 743510244 754716351 760398288 763163337 764193608 779542229 786481257 801982206 802221942 833141034 845803073 850760247 863414941 891791772 900942658 911676211 919212900 927085829 931192181 935681328 943574449
41 833815748
3154636 5255915 6137333 8418139 22379738 31529071 41328646 45242024 46399304 48384849 58514859 59815198 65998685 91573805 96003454 106418378 110107133 112547470 116852486 124818560 125864589 134816526 139823202 151699983 158753612 167701689 225300309 239896578 246157880 249744063 268569271 277885837 291730049 299071150 299833507 301345225 301955613 345585136 360393031 376464881 404856876 418066257 430262406 432986425 436854099 465313215 466272078 472235184 496113599 500466907 530957180 535509086 537456237 562539637 570472791 581238396 604178239 647969089 648243693 661113440 667598167 675819817 680806389 684201468 710442602 719680739 730788526 742016272 743503110 746542244 747783520 754848049 755510892 762911757 767639543 771312043 781876062 799064874 812901626 813322371 823736895 826461844
