0
0
0
0
0
0
0
0
0
0
0
0
0
0
0
0
0
0
0
0
0
0
0
0
0
0
0
0
0
0
0
0
0
0
0
0
0
0
0
0
0
0
0
0
0
0
0
0
0
0
0
0
0
0
0
0
0
0
0
0
0
0
0
0
0
0
0
0
788263386
0
0
0
495508486
0
0
0
0
0
0
0
0
0
0
0
0
0
0
0
0
0
0
0
0
0
351974300
0
0
0
0
0
0
0
0
0
0
0
0
0
0
67701990
0
0
0
0
0
0
0
0
0
0
0
0
0
0
0
0
0
0
0
544718897
0
0
0
0
788263386
0
0
0
0
0
0
0
0
0
0
0
0
0
0
0
0
0
0
0
0
0
0
0
132193947
0
0
0
0
0
0
0
0
0
298046941
0
0
0
0
0
0
0
0
0
0
0
0
0
37894786
0
0
0
0
0
0
0
0
0
0
0
0
0
0
0
0
0
0
0
0
0
0
0
0
983149982
0
0
0
625743209
0
0
0
0
0
0
0
0
0
0
0
0
0
0
0
0
0
0
350594440
0
0
0
0
0
0
0
0
0
0
0
0
0
0
0
0
0
0
0
0
0
0
0
0
0
0
0
0
0
477328027
0
0
0
132193947
0
0
0
408167677
154737524
0
0
0
0
0
0
0
0
278815379
0
0
0
349332809
0
23471153
0
0
0
0
0
0
0
0
503061425
0
0
46886788
0
437995378
764261434
0
0
0
0
0
0
179594891
0
0
0
0
0
361793133
0
0
0
0
866162745
0
0
665613323
0
0
0
363975880
0
0
0
0
0
0
0
306873696
0
868584329
0
0
0
0
0
0
0
0
0
0
0
0
0
0
177938314
0
0
0
0
88473614
0
0
0
215180128
0
132193947
0
0
0
0
0
0
991162871
871741372
0
0
629033411
0
628876686
0
0
0
0
276616243
0
0
37914958
0
0
0
0
0
0
0
0
0
452212649
0
257562031
0
0
0
0
0
675448296
677161940
615842331
0
0
0
0
0
0
0
0
0
0
349332809
0
698907817
0
0
0
0
0
0
0
0
0
0
0
0
0
0
0
82184143
0
0
0
0
0
0
0
0
137618853
0
0
0
817902688
212167485
0
0
0
0
0
0
0
0
0
0
0
0
888436871
0
0
0
0
0
0
0
0
0
0
0
0
0
0
0
0
0
0
0
825782647
0
0
0
0
185199384
0
0
0
435700991
262613472
0
0
0
0
0
0
0
0
0
395962962
0
0
0
0
0
0
0
0
863901573
0
0
0
0
0
0
0
0
0
0
0
0
0
0
820246206
0
0
0
0
0
0
0
0
0
0
0
0
0
0
0
883161210
0
0
0
0
0
0
0
769647968
0
0
0
0
405238693
0
0
0
0
336419192
0
0
0
0
0
0
565935353
0
0
0
0
0
0
0
0
0
0
0
0
0
0
0
156761198
0
0
0
0
0
0
0
0
0
0
306873696
0
128133935
391188294
0
0
0
0
0
0
0
0
0
0
481405118
0
0
0
0
0
695075485
0
0
0
0
0
0
0
74437483
0
0
0
0
0
0
0
0
0
0
0
0
0
588103004
18171544
0
0
0
0
0
994448645
0
390847422
0
50908413
0
74861037
432609134
0
0
0
0
79241117
0
0
0
358293080
391389023
111692201
0
0
707082679
6612488
0
646768838
0
0
0
0
0
0
0
0
0
0
955896426
0
0
22512910
0
866115764
0
0
0
0
0
0
871741372
0
0
0
154737524
545492768
0
0
148597998
0
0
0
0
0
0
0
955376571
0
0
978566375
0
257562031
0
0
0
0
0
0
0
0
393487485
0
0
429822530
384129278
314051491
0
0
0
0
71671361
0
0
0
0
0
0
0
0
378239789
0
0
0
0
0
0
0
0
126226497
17425510
0
0
388100762
0
0
0
0
0
0
257263552
0
825782647
0
0
0
0
0
159579092
0
257263552
905250455
0
0
0
0
0
905250455
0
854940200
871741372
0
0
0
0
0
0
569248445
0
0
983228904
0
0
0
0
787889734
306848987
0
0
698907817
0
0
305701535
0
0
0
421433040
220944910
0
0
803365548
364744618
0
0
0
0
568788146
0
0
0
0
0
0
0
866162745
0
0
0
0
656965287
0
0
324447181
0
0
0
0
0
0
0
0
0
540260000
0
0
882070652
0
765599809
0
0
0
581421322
0
0
0
0
0
0
0
0
0
0
0
866162745
149658489
0
6285716
0
0
0
0
0
0
0
614649597
0
0
0
0
295530846
0
534331642
0
0
0
0
230212894
0
0
0
0
0
0
0
763524109
0
0
0
646768838
217390022
838386994
0
0
0
68551570
0
517158335
0
0
0
622158578
0
0
0
0
0
0
0
0
0
0
0
0
0
400143496
0
0
261381893
0
0
0
0
0
0
523088388
967992712
0
0
0
0
0
0
0
0
0
0
0
0
514809969
0
0
0
0
0
882397720
574069395
0
0
0
11822429
0
393487485
717944248
0
325026633
1034688624
0
0
0
0
0
0
0
0
0
0
0
0
129196658
497588817
0
0
0
433934541
248275810
538149226
0
397724435
0
0
0
660098678
0
191427532
1034688624
0
0
0
0
0
0
0
0
0
0
0
779381454
0
0
0
435985118
881615383
0
3269267
627588826
0
156761198
404922838
0
0
0
0
0
0
0
895317277
0
0
0
834834102
0
271357588
75745135
0
0
0
0
0
998803648
0
0
801793821
598577390
0
155249432
0
0
0
0
0
0
0
0
0
0
0
0
0
0
0
0
0
0
622378900
0
0
0
0
820276465
0
0
0
0
949154824
788527524
0
0
0
941202227
30284649
0
103847780
0
0
0
846640217
796056643
0
514809969
0
249011202
388100762
0
770087244
0
0
0
0
0
0
18171544
417849178
53014320
0
0
0
155539367
18171544
0
0
259320239
0
0
877440101
0
0
0
0
284161639
0
0
0
0
0
0
627588826
0
907477209
0
0
0
0
0
0
0
0
0
1987882
0
129196658
0
756062175
833013386
720208427
0
0
837246054
0
685662040
0
0
0
891001208
0
0
998477306
26145506
0
754854687
0
0
0
998421640
0
477036152
0
0
907477209
0
0
209239866
391083011
0
356671846
0
850563415
0
456483012
0
31470659
0
0
248676838
0
28086330
0
565407785
314051491
0
0
0
0
0
0
820276465
0
0
353130707
0
0
0
665838653
0
35043906
0
0
0
0
978566375
0
0
379615590
0
0
0
11355564
75745135
0
273178665
784833759
0
0
0
0
594788619
0
0
0
0
0
0
741796428
579746352
258720711
0
0
0
298838129
0
0
0
0
0
0
1027850711
0
0
0
0
0
812828649
0
0
400143496
549437342
0
0
0
538038234
0
0
63624309
15191196
0
0
391188294
390495970
0
0
0
0
272742546
123976826
534331642
0
0
790823653
0
0
0
0
0
314832922
0
0
100558736
0
828053954
0
176840542
661027038
67474970
284161639
615842331
0
0
0
0
0
895300022
0
0
0
0
0
75745135
0
0
0
0
0
0
220944910
0
0
299184767
0
883944503
0
0
273178665
0
0
0
0
0
0
0
397022810
0
412010486
177938314
11822429
886135035
0
994296008
155635787
75369444
191427532
969335461
451120088
326957945
0
0
0
417408880
0
0
892490673
895317277
0
0
212068554
0
0
0
0
176840542
0
0
278771885
37894786
0
0
0
508707247
934222
0
0
0
0
0
622378900
0
0
0
0
607311230
0
0
0
249011202
76496703
0
0
0
0
0
51310225
0
251792776
0
352881680
142999309
0
0
0
257562031
0
0
0
0
0
0
961199418
724328658
0
770186511
0
0
39398207
0
0
0
0
0
0
238216143
0
0
10621231
0
289321843
384137365
590780048
0
508670323
0
394970986
0
1031205600
0
0
0
0
978566375
0
0
383826334
0
0
0
0
0
0
0
378424456
0
0
532572747
0
259320239
0
0
270633587
383850586
0
188979453
0
0
0
0
0
729612612
480105349
0
0
0
0
0
0
422723359
0
19177478
0
0
0
0
495950389
625706890
0
211048229
1001076494
0
113151247
0
0
0
0
158186592
0
0
0
952687211
935068711
195996514
488009733
411165726
588605892
0
0
0
0
174397390
0
0
384129278
0
305082003
0
0
0
966179638
0
0
0
0
0
0
0
982040426
384129278
50956128
0
402776655
0
0
1014710468
0
439870573
0
0
0
0
0
0
0
0
0
0
195996514
0
919131288
0
0
0
0
0
0
11355564
314832922
0
350282346
0
0
0
138514581
515437338
515414338
317323513
0
200310239
0
0
0
0
323532054
484694341
0
549437342
0
0
0
0
0
16876595
274660563
0
321366834
0
821000972
1046025908
435985118
0
572849463
0
0
0
871741372
0
0
0
0
0
0
0
827430998
0
87292390
0
0
79499029
0
0
0
0
0
0
0
54726013
461383998
0
0
0
0
0
0
0
0
0
0
0
0
123976826
0
255721849
517100768
962111040
0
0
695000011
574069395
0
0
0
150307333
796056643
0
1032755474
882903408
0
0
0
13368573
272742546
470434212
0
0
0
0
0
179594891
0
0
1064338333
257131323
0
0
0
419896954
0
927677067
0
729345586
960318843
142803556
1045153524
538038234
0
0
0
408585745
0
0
29330804
0
0
0
0
0
0
0
436033471
0
0
0
0
597020799
0
67701990
0
0
0
123976826
809619392
0
0
0
0
0
0
0
0
476884893
422689010
499819878
0
0
0
0
0
0
0
493478604
378371712
0
0
205299445
0
350594440
0
714406315
599067350
0
93898853
698169136
0
0
0
934222
0
0
0
0
0
92281731
599067350
873715016
0
0
142837417
0
472241603
807164956
0
424612294
134757603
0
34756755
673293885
867672137
0
0
0
0
310293561
0
638492553
371146721
0
0
0
1039220487
0
0
0
934222
0
365233800
966179638
763394625
0
53410268
0
714728799
1065711031
393487485
0
629475452
0
0
0
0
0
0
0
0
0
0
0
0
916232382
0
0
0
0
0
296490681
0
0
0
741796428
0
0
873715016
0
0
0
746601509
0
678669847
714406315
669188241
0
0
0
609531524
101459189
0
899070663
0
830621219
0
0
0
0
0
0
665200090
0
0
0
811726053
477734338
0
535078914
0
384606224
0
0
0
0
0
76662443
0
594340654
856292719
0
0
0
993826153
0
0
27902608
0
18171544
244621354
0
0
79241117
0
0
910588957
305082003
911311215
413019099
0
599067350
761407470
0
918694002
187291597
217390022
623090486
846605158
0
0
0
419896954
0
0
0
0
0
0
0
179181124
0
471219192
0
0
577848928
643671948
280870878
627039140
0
0
0
0
27902608
0
325111763
0
0
783576894
828708662
375251193
0
0
733448917
0
0
39041445
0
0
907900452
31470659
0
0
0
0
0
853203801
0
0
67474970
0
0
388423716
13368573
0
0
0
0
1056943816
0
458550327
0
41527421
66563358
724328658
0
274004956
962934270
0
0
458550327
0
0
0
173812809
294633796
567971193
0
0
0
0
0
0
0
343397396
0
0
980358976
0
0
0
92856808
0
692660712
785945044
0
761450843
0
25367996
265547444
674261264
0
0
0
0
0
0
0
747936564
0
0
0
92281731
0
711079504
0
891001208
0
174110321
0
752659531
0
971632496
0
0
0
434446851
225271836
485238806
0
0
0
0
0
0
0
150733555
670489592
0
0
0
0
0
675890365
635190729
0
0
0
133990640
0
1034756939
0
729345586
147098118
0
0
0
47632914
0
0
0
430284054
0
0
0
0
804217122
0
0
836494505
0
0
0
777955756
0
0
552433791
0
0
0
0
0
551580893
313285603
690445960
0
364176376
138681739
0
0
0
135309395
0
0
0
0
0
380247898
0
0
0
0
0
959810592
0
341587067
155798782
0
0
0
85048023
371146721
375251193
0
43313188
0
0
923777454
934323155
339463461
212349050
0
0
0
328027089
471314405
0
0
0
454959635
675890365
597559469
0
0
0
0
0
711692111
0
70309944
415644884
0
0
0
544646929
27902608
0
0
0
0
547764472
0
840676010
0
484391858
685547319
0
251608383
0
0
0
0
0
0
1042845343
0
952991237
0
934323155
0
0
434994053
0
67474970
367211550
0
0
285783852
948152026
0
589416512
0
285293491
0
0
969554608
343142885
0
1001297961
422473844
0
0
495950389
0
0
0
343558288
0
0
0
0
0
0
0
126226497
780638928
0
0
1025027501
187520312
23024936
0
948477929
0
380312808
93541740
7208303
0
747936564
1023318980
0
240916219
0
1023318980
927921781
383826334
0
0
0
804217122
0
96951909
0
0
692080991
607311230
0
403703366
0
0
0
0
459289899
187291597
0
0
0
0
0
0
314051491
0
526069845
0
0
0
637217112
0
0
0
0
0
535629029
0
0
732350518
0
0
0
0
602359693
0
471720304
0
112247646
0
0
828065382
0
0
0
174785769
782789038
0
906697420
1056954377
0
171819665
647815186
0
0
0
0
0
38734105
0
823905091
635575548
710077924
0
0
0
0
285783852
0
897342079
0
19263684
1013727447
0
0
863300628
354164752
73855463
0
15715421
756948916
522528343
526538639
0
102502077
162498329
0
0
0
217522494
0
804688015
0
0
0
0
0
0
0
404782376
648152501
0
0
296490681
0
212068554
0
34001234
529137710
0
0
900175542
0
0
0
0
573215634
67355481
179181124
438163861
0
576696682
0
0
0
0
0
0
0
765599809
0
0
405045029
41527421
168070818
0
0
66926671
0
0
0
753905219
1052937291
0
0
0
0
0
0
652129727
0
0
963676167
0
553864265
18171544
884764830
0
397950317
51310225
0
0
0
0
0
0
0
464417929
0
868050036
599181423
0
0
0
0
76662443
1013462218
0
0
0
908572269
925414159
0
0
0
330497897
885165929
0
0
317540293
0
0
383850586
0
720702189
241648287
0
0
0
0
1073546998
0
0
0
0
454959635
0
0
652080377
0
0
605942359
0
0
0
112539934
0
0
1063972917
708169222
1007452626
698907817
0
0
0
0
97521891
0
468851123
544646929
95053222
0
0
696685235
0
759623735
0
0
0
406229361
642130769
600248923
517329411
157544465
0
539432196
780638928
0
0
0
0
0
0
0
0
0
0
456585186
0
0
436783253
0
16624851
0
0
0
173812809
0
0
0
0
324725222
373292023
0
0
0
811997006
853203801
0
0
286134062
0
0
0
0
5548231
500514870
0
0
0
66333122
259049451
0
0
0
0
0
0
0
955349716
0
62532883
0
980358976
0
924717967
75374375
0
0
723803882
291297396
0
682423622
0
0
0
0
585405799
0
11355564
551626361
642130769
0
0
0
0
685911904
0
0
0
825282267
323741384
79352045
8374860
420334332
133990640
13180396
983228904
0
0
450298851
276610193
0
0
470855124
0
35179940
0
0
0
0
1009347277
296720635
393487485
57079117
174397390
0
0
0
0
392424507
0
0
0
0
0
0
0
0
451968943
0
0
0
0
510920648
0
0
786034552
885113453
0
0
0
174110321
0
0
0
273614089
0
0
0
162498329
0
433355850
0
313285603
0
828708662
537520578
552433791
0
0
19263684
0
0
0
0
787244895
537520578
0
0
0
1014285256
266642868
0
85455547
0
0
0
0
29544621
0
0
0
316833887
23024936
0
0
0
0
169078324
0
897827125
0
0
943108710
522528343
0
0
171819665
836870874
0
0
0
507345351
539432196
307695007
0
961044644
648108768
0
530813684
0
378045328
187180174
676446995
782316691
168570590
0
153023589
255289083
752287802
0
492262503
0
0
0
727038880
0
747971172
0
775744333
438797517
300933157
0
438100603
89824292
828708662
0
922885815
627299198
0
0
0
0
7607872
1048044605
0
0
0
199680043
0
0
887177438
0
1073180027
0
0
0
476713721
0
1063972917
0
659831722
0
0
0
452797535
0
466208429
0
0
409148570
63683908
0
902380432
968634072
0
84735128
32345201
0
456961628
8149543
0
0
39280999
0
0
115254478
231181403
307289527
0
624291707
0
211284784
163008158
246901900
710077924
0
0
0
0
599181423
0
86304231
451968943
0
0
0
236118690
266767394
0
285126612
770546970
313285603
0
0
0
817448693
0
442033285
0
0
738900055
0
890593333
1032257087
276616243
395242312
770404925
476713721
255721849
1009347277
0
306854071
0
0
0
0
0
0
352435390
739677701
0
760542110
524753449
0
0
30998774
1025590300
0
0
528112171
911941483
0
690983187
0
832660036
52970854
32383171
0
0
0
0
0
0
660021817
0
0
0
1009390298
0
0
0
0
0
0
0
0
0
0
0
952178749
0
0
0
0
961199418
824814331
0
0
737584789
73833988
0
673541463
0
916232382
0
0
0
425221409
0
494855810
773950575
0
0
0
1026386922
257131323
0
0
0
0
0
739526625
0
0
0
180384486
0
0
0
0
1033200984
0
0
827495335
0
0
739228818
11355564
798017376
274216815
0
217765178
0
0
276489949
0
640460821
64128765
941473450
0
0
716714361
0
0
0
391745219
0
0
857149200
78203318
0
153023589
0
782287008
0
590147817
0
480826904
0
0
468351096
968064151
0
216381208
0
0
0
408560929
85486118
0
0
482418045
850901167
0
0
0
1063979870
776583071
0
0
631116317
0
0
0
455884434
0
0
0
0
117537844
852726544
0
0
0
24029754
28017954
0
0
0
0
0
0
579401936
0
0
0
38570538
179764903
81393343
450651974
0
173812809
0
76662443
794369933
0
0
801404597
0
819592966
204533329
0
1007725198
0
0
478227448
0
1032257087
0
0
0
0
630351154
897127159
1046240521
79831560
287079458
464417929
0
589978380
0
889738480
0
252356114
680979344
0
0
0
214799623
0
0
818215337
0
918259690
0
0
832137740
0
0
0
0
0
657245325
277841504
0
0
1070785692
0
0
0
0
590319543
451968943
0
0
826656909
618220888
928378406
0
700207538
1049416081
0
0
273178665
0
0
0
0
0
0
100992588
0
958337748
0
0
19263684
0
739988143
0
418289750
794369933
254226856
0
526538639
168269263
0
710077924
960384049
0
0
1066300208
575754563
0
120676311
0
0
0
282892254
0
0
592901721
866102584
76662443
290835477
630049223
109193445
884764830
0
569143159
0
1071606748
0
0
0
0
357322717
0
733651466
0
591875652
659240686
168269263
268109100
30501563
674707962
0
0
0
574725050
880849008
978566375
0
0
0
0
0
78203318
0
586797951
0
844338118
0
0
0
0
0
0
0
0
795733615
0
0
0
982910937
0
1009678620
1070667858
796441214
0
1009578419
287079458
0
0
562460776
0
0
0
0
0
899360327
0
1032257087
248610473
0
0
294602822
0
372310910
0
0
0
0
0
990554580
0
176072160
0
0
986984957
66858897
0
755310157
681124739
0
206730720
236464278
0
339652744
0
0
0
935802468
0
0
0
1045823098
454882133
0
0
0
0
0
567971193
252470105
0
0
0
0
0
0
980985197
0
0
0
0
0
381339493
0
0
0
0
0
893337678
0
0
1053404759
0
470434212
0
0
0
0
0
11355564
601476515
884764830
0
0
750097946
712635415
0
0
685028983
0
29373202
0
0
967923253
46525554
294236905
0
413601730
0
1045823098
0
0
0
367192243
0
0
0
0
857917886
602926685
0
356671846
0
0
261816937
248993303
0
0
0
0
0
0
690876861
775064629
0
320487208
1062941283
455604228
0
745891458
262376700
451968943
0
288609886
772005091
0
0
981769980
914401667
0
0
403154447
0
0
375356189
0
0
450651974
70518277
133990640
137161414
503006953
365581041
168070818
0
794141474
0
786477404
0
627862737
0
387962127
0
823162193
0
861105178
0
0
0
1025065899
0
0
0
0
720691334
311130148
0
0
0
0
439908855
124571855
0
0
0
484660094
0
169861819
0
242564759
0
899070663
423807449
548184614
0
0
163837930
532393091
161038137
0
0
0
597698985
329954133
363975880
592901721
963050517
0
0
0
0
0
0
0
1041471876
0
0
631289397
0
0
0
41558521
961766830
0
0
602926685
0
386746421
0
0
0
0
0
0
0
0
549853367
0
0
967923253
906697420
0
480826904
166563212
0
873969264
289495535
0
0
0
0
502484760
0
973147046
0
783991656
0
0
0
0
667851937
0
0
593471915
0
169793610
0
755467291
0
861105178
0
561936387
0
499305908
0
0
63299955
491702241
973790016
843813960
998834260
0
67474970
0
0
0
1013388075
320989860
266767394
769877048
455007606
790966407
0
0
0
0
254968076
0
538644840
27812257
0
0
781615405
0
0
0
86609844
0
778784672
0
291281547
0
0
244063274
0
196381219
0
700720216
0
812592856
415321540
838209498
660026476
0
76988027
786477404
831442087
149143900
905667714
0
0
0
0
0
1019453756
0
0
0
653370094
0
67045315
0
0
0
0
590319543
148942611
687996235
0
0
0
289495535
287938982
0
383753412
978566375
696685235
364901089
160994637
0
112860886
0
0
0
0
190404851
0
0
648108768
0
64128765
38236708
0
712635415
0
0
0
24194234
0
59034758
0
834823988
0
0
611648675
199008065
0
948081352
1046240521
8692977
0
10819707
798069610
523579241
27833801
0
0
0
0
580114271
236005726
505860254
0
0
195916445
0
824843901
0
0
325879579
0
0
130615798
0
534523381
181339148
0
941582787
1045101021
824814331
0
788182256
359829112
0
0
0
774112167
887177438
331433843
0
592283670
0
0
0
982311308
0
0
0
0
0
961199418
382738587
0
0
0
470765443
0
1038680220
559351691
577734463
173812809
0
540128533
0
0
0
897266404
1069072069
0
0
592901721
398009030
720739257
329954133
0
0
514809969
937092093
586797951
210645168
881615383
0
0
191762967
0
0
0
0
121284831
28017954
240460218
0
358797353
0
326550758
977604577
0
0
905330401
880849008
417859641
0
0
1019750817
456094454
948012427
0
877738339
0
574173216
256581234
160912142
597529514
0
0
479472317
0
0
0
0
311669221
0
815944019
0
461015212
0
0
0
0
0
919655544
0
0
585952264
0
248610473
799118984
0
0
0
0
0
0
0
0
221488252
0
0
0
0
0
125288722
0
0
924717967
0
0
377988634
0
0
0
0
704514418
375002962
0
41558521
0
585007361
0
0
0
665360049
0
0
68693340
866277761
0
806686259
382738587
0
0
739521918
175482420
497689010
424931205
0
0
0
907013096
0
0
0
983228904
0
0
791155067
427550681
0
0
709798075
0
0
322787580
0
349914536
0
0
440059792
360617100
0
0
466948458
241648287
538785926
0
0
397724435
655078096
0
682326047
725431330
31470659
937092093
0
9211491
0
755544677
0
970868629
0
698907817
0
0
884266765
329954133
0
0
0
0
0
0
22362955
1043215061
0
0
0
0
254840768
916263795
950805006
0
646586112
109804908
0
467800520
68693340
459709050
0
0
0
44179991
0
18298593
0
0
470727041
0
0
970224339
0
0
0
981769980
726803310
307774465
0
0
0
0
0
0
35691417
0
0
729913024
0
325111763
858332947
0
0
322852838
640460821
150433251
158602137
0
235406786
248993303
0
499305908
0
0
794141474
887177438
0
0
0
805139945
379457397
0
0
236153315
0
0
59034758
819592966
0
807164956
1033279686
760477903
0
100992588
979873900
0
0
0
620898237
0
0
0
0
0
997990702
793673878
168570590
124074248
1043754600
0
0
230142838
0
383850586
15626800
424500969
471120840
758650500
1029608735
0
0
190498922
0
0
0
445241525
76662443
587694199
28903526
0
0
846605158
0
769876075
66454139
0
0
0
922923779
44179991
0
978457901
0
846605158
0
0
0
0
0
0
0
1022228527
325111763
128264497
0
782500613
294236905
339218393
133318416
0
0
0
0
0
0
0
530237642
257305928
0
732969466
0
542024724
0
980985197
935966543
0
0
873969264
676588632
0
50886504
258318895
0
0
1041937660
728187931
0
697293891
818416224
444030974
0
0
0
483599145
0
0
860058957
0
0
0
437184171
0
0
0
0
38000747
1825504
2014837
0
0
0
0
0
772005091
642259086
0
947241000
0
1002341255
1066308386
0
0
0
963050517
375277969
0
0
81542667
336591538
0
339652744
0
0
0
0
384010891
0
0
0
0
139214323
0
0
858452505
0
522423132
128670464
0
0
0
269783098
0
268787168
0
982028265
0
608363668
0
0
0
0
0
0
553408232
1035937098
895801070
95588421
972723267
245779910
0
0
0
0
0
0
0
126226497
0
480826904
0
0
0
490443627
119136252
0
22362955
0
0
0
0
0
38000747
0
0
526235912
0
0
840320942
958775166
0
950805006
158602137
0
976029713
0
0
27817938
0
744105813
429168871
872940311
368800940
480187661
123171852
0
703212438
0
0
449157952
0
0
0
0
368820352
0
0
452625115
0
335775525
1061612211
0
322679173
15626800
555852202
0
0
229686549
0
0
0
590821774
0
0
0
549969818
1011586076
883658663
0
0
0
194949060
0
0
0
889159478
0
24029754
0
0
993491925
850341488
946019455
0
0
959810592
0
0
33745327
0
126226497
620034307
287938982
967549423
0
0
796122631
841062401
0
740196695
0
0
0
829185364
0
0
779381454
0
171642674
0
0
0
0
0
455409321
416124022
558030078
0
852702414
190404851
412976658
137073313
825578898
0
313285603
0
0
0
913269767
968055833
0
483140323
659566984
0
445582999
866969504
804684278
0
981769980
0
276610193
928365702
637217112
0
1024766022
0
0
646586112
311669221
846245683
0
122974853
0
0
412710854
0
608363668
0
361161368
0
428781058
447488499
405843179
0
1019750817
0
331433843
106019205
197510647
0
287938982
0
0
0
828708662
5593013
0
1057544705
0
0
0
0
149778338
0
0
451003808
701805905
0
0
538644840
0
384528146
0
400219921
706747722
0
0
0
0
0
726803310
0
166563212
100690621
154986379
1002341255
0
637217112
0
154579825
0
0
7015851
0
0
358913901
132971609
767251248
0
0
995379636
0
0
358797353
0
0
267602109
817015760
0
453994533
0
516509808
0
0
604420518
782500613
114085970
22362955
574173216
0
0
1068243619
0
0
1002655319
338412455
0
0
0
855755066
0
0
97056314
0
0
0
71208502
1047765824
0
0
0
0
312195432
438005033
356278985
0
325111763
20179161
828326572
0
180652379
0
0
664453190
25815574
300035779
192101738
0
0
0
0
239363646
0
23575395
0
0
0
515595441
0
990554580
0
0
0
0
0
350558903
491287145
0
134187517
481457704
180384486
651858213
0
0
0
1030689884
25815574
51055983
888202351
0
0
0
0
382125682
0
0
482532147
0
0
102509163
150493491
514005373
0
412710854
0
491702241
964425077
0
1039028583
0
0
22930529
0
514485148
310548800
739521918
0
0
0
0
0
0
0
319601313
257305928
0
0
327748488
346488464
0
0
0
0
889750919
0
0
0
364690652
512075244
0
0
718313626
0
0
76884577
0
0
0
0
957983635
0
0
0
0
0
0
443227990
0
291846594
0
574173216
0
0
637139408
0
0
852300021
0
0
0
1029622584
0
333675619
0
50886504
70354693
0
0
0
0
0
0
246901900
869201035
0
979867894
0
0
0
0
0
158602137
627816152
248069940
882096602
860998822
0
0
913269767
324269745
0
964879925
0
276610193
468946118
0
768139605
307293536
424931205
0
0
515615365
0
230027880
961766830
205542624
944971765
801940912
0
0
275088967
0
0
449157952
0
0
0
0
741256594
390299202
0
0
580060670
691247695
0
987348159
0
0
1005489818
0
0
0
0
465226650
272359179
137164753
0
0
615530860
505089826
1987882
686569864
0
734762466
857149200
98065609
604142041
538524504
0
0
0
0
0
0
405843179
0
0
856178924
16422135
148206022
0
0
470124233
741370853
641243084
0
0
0
0
0
3260445
0
0
961190009
0
0
0
0
0
319476937
0
0
0
0
759299228
685913903
0
0
0
0
0
865530696
273731218
0
943011827
31323534
428244429
38239475
0
205332419
55976096
0
654224558
351941572
386896287
0
0
534907740
0
0
0
0
606070544
48890542
0
0
568009608
0
130401222
0
0
1023282808
1035937098
0
304666928
87811614
0
913553819
0
860058957
50886504
0
0
736277776
0
0
0
254466999
0
0
0
163432550
0
0
38734105
899184653
0
654402398
775129253
0
1005639355
0
0
170691781
917983944
714290643
699429501
16624851
196430083
724958471
906100512
135155814
600125302
926258977
232756490
0
0
481640978
0
0
0
0
0
0
0
0
0
0
0
761239066
0
892149015
0
906100512
0
0
0
980358976
126226497
0
0
0
1023027470
748145967
0
489722054
989098764
82280033
0
157611836
1034247679
0
306608968
817164950
0
575399043
0
0
585550621
293246530
0
0
209694605
0
550301760
0
899184653
0
0
0
0
657245325
47872259
0
247675713
0
761239066
739414453
0
691581248
0
0
0
0
0
264111133
0
339652744
9849391
12815803
0
0
0
0
0
621300535
316787109
559866593
422649925
339652744
424931205
0
372563228
0
443420497
733549058
804315888
30998774
799159883
0
0
166118882
0
210122689
0
705691993
0
0
0
923676483
0
106019205
0
0
0
173867485
393916277
0
1023027470
763669858
331246599
788618061
0
291132511
0
0
0
0
0
0
0
308451244
562601660
0
774906941
0
429168871
0
278813403
0
685913903
352288982
333392015
0
333824262
0
0
0
1007938544
36879919
56201623
1023027470
352642404
0
0
0
0
0
267602109
22362955
606515039
455139583
1040225586
91429578
19750581
891497854
358894743
0
0
0
0
0
0
0
0
0
0
0
0
312195432
0
0
1007938544
645542138
0
561278186
928766844
135322375
233936051
0
307699114
737500035
0
164032944
1003571066
0
128707183
0
367226386
292544809
0
0
803277520
722217718
860191100
280966852
443130548
0
824843901
51231811
77648960
990687444
496735013
0
0
938188895
0
0
359923414
0
0
973465036
0
0
305818454
0
0
563389991
757447083
0
0
157123920
0
361429743
0
0
0
600515666
34649310
539713595
689059887
76182382
0
882383956
228677582
443420497
343961351
0
0
0
0
420928076
0
957051797
1900412
0
0
1005644959
0
408528021
0
206907069
347936379
594162813
0
0
326550758
723800949
690860280
779518508
0
0
0
0
0
0
0
0
0
394508896
278644238
0
0
848170994
0
0
0
0
1013727447
59731447
0
0
0
342778363
501541326
0
307699114
0
965807592
0
610328266
0
297423193
799564066
0
0
0
0
333430943
0
0
489538706
923390847
0
171819665
0
0
612155529
0
434618481
0
580636764
297423193
0
0
0
692568801
0
0
232322766
0
3146292
860996055
0
190838304
169728200
132364019
0
864939751
0
0
46604811
874805030
792458694
841217738
0
974144130
1024817365
0
0
47262605
0
614565524
0
375277969
0
0
0
0
639007394
135635418
0
175482420
731650910
162175045
0
470953150
0
0
0
0
0
0
0
217522494
406794815
0
0
990687444
0
0
378992504
0
297423193
0
0
298903972
0
0
0
141498433
139380285
0
0
326791433
367672237
576936983
0
868793696
0
0
0
0
0
0
170345988
0
371591769
931924901
225271836
0
1045230158
0
0
0
0
496185731
0
56393573
0
0
0
741367296
0
198233099
444353606
0
0
0
0
952949997
786196169
0
0
472877883
0
0
881698590
589075749
190177968
0
848028702
463010872
0
537531626
185040185
0
0
0
0
470707731
0
221554427
0
0
769144639
0
0
298203904
298203904
137177008
693186192
80406212
872474442
0
278207085
0
0
0
1007828484
0
694222551
0
0
0
197510647
129196658
12563916
0
0
18291892
563584881
0
132971609
895543380
0
1032754850
0
327299288
0
300291642
0
0
808181002
0
167196111
645542138
0
0
0
0
0
725687401
0
164032944
452221377
623913108
0
816406303
1063355052
741985573
0
0
0
0
956305462
448279380
0
0
0
0
578341865
832688912
880426102
0
0
0
1003998622
0
0
840340537
0
961199418
0
0
0
79086898
0
0
0
608302759
0
0
360043322
296253815
499291782
0
0
0
147566118
1016241415
291866208
848028702
0
0
0
0
0
725290982
960762612
197510647
489722054
102509163
745019423
318090862
0
867506056
151917547
844723577
0
0
755310157
163306143
0
0
0
660169261
0
498773118
82280033
342273656
0
957586764
0
397724435
289190743
0
544769755
0
0
0
86630664
836292732
0
0
903702092
732440558
932857976
0
0
0
0
116930997
0
588890820
0
0
0
675749462
0
0
224467580
1062640818
727877408
0
284892216
0
0
0
0
577734463
114903178
965807592
8884811
51699959
580677972
19637195
0
440719041
0
382009494
371591769
0
1054417748
666237243
0
0
816406303
0
0
0
494845831
177305834
351941572
336359003
0
0
0
0
18171544
0
230303682
542150105
0
0
594274905
38239475
455902904
0
0
69347574
0
268840822
139380285
327430062
0
566609089
508262692
0
0
0
0
0
0
528613286
0
880426102
0
0
853687065
0
0
0
0
757220809
0
439245324
946097223
682071256
747223721
0
0
0
727644834
1028199411
277454025
0
0
409514984
0
857267644
193752007
1000003155
116930997
0
0
0
0
452882699
955576616
1009578419
268846658
0
68497681
491630227
0
0
0
0
0
0
139380285
0
450651974
0
0
0
748013797
0
0
0
0
0
710110495
281295563
8692977
360043322
0
986547222
0
326509779
627923368
0
483478498
0
0
0
0
0
0
0
472077401
0
0
0
0
0
0
1025323496
0
0
0
0
576329871
85486118
376072806
0
0
0
483478498
0
0
0
0
135635418
18104007
530770895
0
1072280986
407914315
9977679
819754031
966407760
683649352
0
630792223
0
1004707352
736352635
48315975
0
0
0
1051300308
685421800
0
135635418
197510647
0
754790935
0
0
0
0
128808516
0
794398937
401970881
386948803
683171069
0
724148259
0
0
0
0
0
0
183242105
746547963
932910150
689059887
252498424
0
0
0
0
819340911
0
0
32139133
443244984
785907894
936764445
0
1002105155
0
0
1033100224
437184171
51231811
40783282
131052979
0
0
0
18264821
0
502581924
0
0
585610114
0
0
832688912
1041137906
296253815
31730120
498933628
0
0
122889255
0
629606897
0
0
196381219
511128370
0
409514984
20261539
0
799787402
0
876118708
497472940
843535198
0
0
799361094
0
0
1007351143
0
0
0
0
121275277
0
308311220
0
620879119
962524318
0
774574449
756900733
0
0
0
775651098
324110729
0
439367176
0
8209567
654401117
87384906
22362955
949244490
93271611
337026405
0
0
0
340210973
876742861
0
0
392668394
591600456
150420963
975042939
0
0
0
0
0
278813403
0
1057661690
0
0
0
0
0
0
184839003
0
427081925
0
0
0
0
0
478095471
554977365
30478586
0
0
0
216505814
0
686153471
552397813
0
192167332
641980355
0
1059978134
0
840172892
0
0
185904442
47262605
933936170
0
0
0
911019513
0
0
0
220003192
0
76483377
0
0
948081352
70418302
0
0
0
322515135
0
0
81837121
426768345
0
103691385
0
0
825190690
296873288
165806535
58790105
711020920
0
0
598792903
0
183242105
0
180894222
666803567
0
0
327874714
836637073
0
279796866
190838304
0
0
0
686780464
0
410913491
0
0
304459083
916715233
0
375913512
869227907
1034559912
0
537461506
0
0
309353626
0
0
0
0
0
687996235
653856977
741072578
0
613407833
0
446776983
0
39236249
0
44767135
0
0
0
0
0
0
0
0
0
0
0
34362326
0
0
736911950
0
0
452799183
281295563
0
0
161733728
184758668
0
0
872080035
70418302
1049165923
0
0
941793884
0
779438570
0
482123060
936764445
518599939
726803310
0
80637905
671896205
610328266
803277520
914401667
0
0
495144049
1070057438
851840543
957631251
0
47716931
0
116093891
892435604
0
0
0
0
731650910
397322293
0
0
0
2034579
369289507
0
375277969
0
0
561838647
57336783
3692344
0
375277969
202492204
0
553180004
0
0
0
406755907
477867674
825356714
0
0
1051242331
927526919
0
889686561
0
0
693555725
0
423380668
0
0
4810417
0
0
0
0
993491925
0
0
322369314
0
266750154
0
760385598
118067428
0
0
451822329
0
1030916890
0
0
546360456
1050911829
0
363975880
118067428
0
511690560
834980397
0
518277084
0
682079971
0
0
0
0
0
949479508
0
653856977
344926078
0
0
0
0
0
850817404
642408839
12507619
0
601052246
0
0
159682286
0
0
92073532
0
0
531384560
0
966709966
266904260
0
0
1058565122
0
0
0
0
785243077
0
207303867
0
0
388187863
0
645689932
0
0
0
0
0
961079642
0
0
0
546946055
716546366
913467822
1049400343
0
539729187
1014730280
423612580
0
0
0
1009987125
0
961079642
0
216522657
453130429
875658878
0
597698985
0
0
0
22409716
0
621063831
375912549
0
224360363
0
856861989
203243899
296489343
0
327299288
506553151
89528880
0
598963444
207183819
563738692
78426032
569051824
322369314
0
0
44005047
824843901
598001113
0
0
299055587
947995387
824273981
205188168
671091466
0
491005092
385562384
691424075
0
352239774
0
118908322
808745692
0
0
0
0
306611134
0
0
0
0
828326572
0
248610473
465803804
0
345742678
0
0
327299288
0
444915194
705410518
202850479
0
1026274990
0
0
0
218237248
783802218
31730120
0
0
0
0
0
923390847
666985455
0
561838647
696496921
279432040
0
0
0
0
0
1051242331
0
0
535523287
0
0
0
79788279
0
0
80909582
557353482
0
919035693
0
0
0
0
0
71354456
720875407
949799533
0
0
0
345501637
0
0
0
0
178625675
0
864680761
0
0
460786591
110472924
0
0
874849440
224360363
20179161
0
901522538
627771165
1007979888
0
120395354
0
507323470
0
0
599312828
0
1031656546
0
250705198
0
0
0
0
546692268
902162797
314838339
0
113007851
0
1061541125
0
883316906
0
0
0
0
331863092
0
0
311244166
1047845212
0
857557793
580677972
0
976870757
968612614
1070085457
0
0
885307291
0
0
0
0
1033298563
0
0
0
638655811
0
123225310
0
0
0
932980773
999276427
0
0
0
917991708
0
0
1008479063
525737415
1032160004
0
0
0
999276427
294933816
458579537
0
0
0
0
40209056
0
0
1008479063
0
134599967
1068798
0
0
476513609
0
685731291
0
0
812585588
85044617
899070663
168070818
419799427
0
863102230
0
1035296649
0
0
253125403
0
0
0
0
1050366758
795307225
627944582
339652744
0
0
0
0
0
0
838898063
0
690346193
316337253
0
985329157
870233187
71671361
514024183
0
0
0
0
92086155
421477135
0
0
125845218
1014109642
0
0
0
289139134
491307065
41972974
0
0
0
0
0
916977645
0
866665420
266904260
491307065
0
851680518
917934046
408088046
0
436051798
0
0
995201690
0
0
0
0
85044617
0
317540293
111502867
885307291
659435246
871191259
935462070
992539569
0
399959410
0
0
437874403
0
70152388
0
0
0
0
0
24508381
0
712302477
0
0
0
470554011
679427689
0
0
117899196
1007220204
767527898
0
96498625
0
0
17143685
0
736352635
0
0
247455075
494370235
0
1065811381
0
86652847
0
0
620306419
976160814
676337995
0
917525031
836071078
0
0
563151797
569583643
0
84514473
445417169
157967402
0
173889221
0
111330939
533427298
540431746
0
224360363
0
0
25771257
0
0
453489297
0
0
707702983
397943485
270000946
424612294
781360089
711440348
0
0
576647773
432680489
258690939
0
843759704
730005823
0
11893253
0
0
0
435286173
0
0
1035296649
0
944199090
209594629
0
301402853
638607475
668428836
0
0
324309305
0
0
0
941176002
278207085
0
143320654
814557839
1012351120
494575134
307400848
0
412684987
101919577
0
990509872
0
0
0
0
880804166
0
0
0
0
0
74767385
612144812
0
0
0
412305715
712464623
0
0
0
0
530957505
0
691694348
838209498
0
302100534
430669085
0
1023881667
0
0
0
222458077
109949197
938219850
0
0
813436614
324309305
16759480
0
979711063
0
0
0
451822329
0
542150105
632691925
207929032
0
7387182
0
175199455
0
590297074
0
745307097
0
0
557364734
0
0
7387182
0
409551948
0
581695707
0
37204010
0
0
0
0
0
905302299
123656248
0
970674984
0
0
0
120983252
689470496
0
0
0
30733011
0
578252223
0
419799427
0
0
0
0
0
0
0
0
186088934
0
304847719
0
0
0
0
0
834877160
939500183
250022093
0
666985455
0
266804226
0
0
263911422
444915194
809351825
0
690396010
95817900
881868456
153987467
0
0
1011586076
481640978
17965001
197374254
807661712
0
972896420
152513531
531261765
748657094
835977698
0
821852143
161339147
884452731
614750636
450651974
0
0
750045653
346621942
0
103355910
514075403
0
579112076
0
164102633
107538482
137164753
327489936
0
0
0
300841934
0
734241353
1051242331
868176711
998936256
0
0
0
758993506
291846594
0
0
0
273608691
281414044
944199090
480312279
0
449202299
1046358588
0
0
116093891
0
84910972
0
733290244
0
0
0
0
0
0
113007851
26090377
68106096
0
164102633
728107110
806997177
712552270
611096258
717989140
72695504
859973799
0
133462137
414982800
650024912
0
0
1044163305
0
702175316
1034595343
823347129
676466076
836206750
747431532
0
0
0
571131079
0
925124045
0
985906207
918963886
537520578
940047454
684493485
495620018
0
428204213
777422002
0
0
0
0
874889164
398910779
138066004
934745996
501391882
0
397689506
497926071
0
0
25170690
553876103
162095170
408088046
472118947
0
0
151014541
404783914
0
444433688
0
0
941176002
1007522064
0
0
0
85858470
0
443383169
0
0
1040564288
22067967
0
454304067
443329733
0
0
521223905
1033694087
542150105
0
0
134599967
0
1059668159
0
0
0
0
295212231
0
0
901748175
0
0
569672520
46886788
128946627
528613286
0
105800668
0
0
0
0
0
0
474601202
571896299
750786185
174172782
0
0
0
0
424742706
682786466
952178749
667962881
0
1061612211
474381472
532247825
0
185829628
0
0
713842265
711382066
201088570
184758668
322753405
0
539305747
135159190
267237403
963050517
0
0
0
980215766
0
113393708
0
0
786753132
0
0
440330613
0
0
455139583
1013246057
359759152
0
103865398
0
0
480187661
619985035
317540293
980545554
654343658
989245364
0
0
921354463
51677460
22091636
0
0
0
322852838
0
662818942
836071078
0
898333034
474601202
153966081
932980773
362002618
58807450
0
0
349511443
0
465105912
459854345
24353242
1055878170
0
0
0
0
0
0
0
0
105360272
0
0
871835274
0
0
1001297961
137511284
0
0
681124739
0
0
0
0
719837592
797766795
0
0
0
730799104
0
808874014
1002982443
138101030
553876103
0
464630273
818221450
980650095
515937484
0
422352750
0
0
992468267
210078666
388144544
918657572
998576221
0
1001800318
0
1058064984
0
0
0
0
0
0
1027432207
0
0
246684229
724425310
0
701363129
0
0
357052502
593757236
0
0
392345706
0
325120717
0
520121162
0
0
0
631875320
0
0
0
892988946
0
577826682
681124739
971190442
515595441
544366684
208803379
0
0
0
710110495
0
153987467
79346042
70418302
1007522064
281446304
781204924
0
268034311
507084186
0
0
0
0
262768610
425719863
476722876
12588628
0
130878683
525397554
233362030
0
445788394
799534161
486062369
0
427124148
0
490489469
638577129
0
85044617
0
70418302
885310772
0
0
0
90985731
322231805
0
713176364
0
0
0
0
850909139
0
0
0
85741734
0
0
0
727487731
599467067
539259293
0
0
1003998622
674680521
0
0
776070538
536327889
125358314
0
662935749
0
0
544262036
0
757220809
0
0
0
1018024278
1001916111
0
202492204
98657186
0
0
503314780
0
351092219
0
0
887177438
213378550
0
418282512
0
0
984967421
0
0
516300672
348187361
0
783943485
0
521087720
0
0
363975880
0
791113754
0
810841814
943377228
0
0
0
362002618
0
0
0
1070392640
0
596097048
407377295
0
159635842
0
557362419
979155461
0
0
0
762218732
303229284
0
982548554
0
223738291
674910508
639218042
0
0
614750636
0
799361094
0
0
0
0
0
0
0
0
0
0
0
533076963
0
926415974
850992266
300303155
685144533
0
120983252
802670978
642932843
0
0
0
224174369
61543839
242074810
674424191
0
512633642
754067458
0
0
184440945
0
0
23870744
0
0
266804226
758650500
375283920
961079642
754553372
0
0
1061092131
0
0
678832954
1013565180
360791347
0
0
0
0
0
834387934
0
603040067
131521228
0
0
399542202
0
72224499
0
0
0
476789941
164102633
212812841
0
0
602205356
0
528669739
0
0
0
982777778
393653551
214420336
580028336
604420518
500049764
0
0
1036136274
0
0
38734105
0
832663366
0
0
0
0
852270095
0
0
995823827
498973117
0
0
268034311
633072772
370183526
0
746176408
685421800
0
0
1041360529
521743542
0
430669085
0
813920563
0
0
0
779474787
313262245
0
664612523
0
25967168
0
288555061
787649896
0
702695176
0
0
0
176244849
0
0
0
0
952178749
771697895
0
0
0
0
669235084
630528230
0
244746659
0
742745949
0
1062762465
0
0
0
465226650
0
632797198
0
356564532
0
0
0
0
292544809
0
0
0
0
0
0
342459867
202828616
571228700
565162774
347087394
1035680267
790627970
0
422487094
791113754
0
733255307
301527517
0
641908701
0
459236301
519230133
25473588
0
65143872
116408504
0
417936216
0
280966852
0
0
341185421
0
0
858723807
804175386
0
56663309
822087174
0
0
0
0
0
0
0
0
0
0
292967859
0
389102073
844578727
479491146
0
268763335
7387182
763320609
125358314
0
0
0
602668361
0
0
0
0
0
886569777
0
265488449
0
866897235
114920365
362002618
407112219
898006555
652968084
338136772
924072499
1002812545
910564793
0
317020473
0
764884427
0
0
84514473
765598268
35890360
0
0
89813135
0
0
621458980
0
78618775
0
525397554
116458837
393648805
716098787
0
1034468685
0
0
68950006
0
860351227
453531875
0
881937162
106001636
0
0
0
534055806
542024724
281721006
0
1057338080
516899836
205657511
0
0
0
709066508
0
0
0
737030562
0
117920914
0
0
737598012
712552270
0
1054067144
855063550
0
526364057
832663366
563763961
395893889
595140680
641455434
0
0
850694101
0
0
0
0
0
391800052
499570273
950334068
686727142
0
0
0
881682686
180448207
995823827
362002618
0
0
618879889
1051310637
0
641395306
0
658495164
0
0
0
545653876
0
120729821
760511185
283659630
147402565
1051636471
632797198
0
184440945
0
0
918075127
630528230
0
0
0
859472302
0
0
669711386
0
0
0
0
0
0
0
0
499501984
134485928
304847719
129437937
333842016
415831082
1065937627
0
414982800
685421800
188240797
0
0
0
119234855
0
607633124
0
0
0
0
0
0
1039085617
0
0
0
0
646635859
0
0
294138325
10535686
468671696
0
0
16637414
0
1050366758
0
0
0
0
25996092
19098871
756747878
346549457
0
794524197
0
578252223
304318586
0
0
0
589618603
23225859
0
877011002
0
0
631071071
0
0
606609629
0
0
249681216
664361973
0
130007392
885307291
399959410
0
0
0
0
178357329
243065759
689059887
0
0
0
0
0
301592371
0
0
0
139499298
0
501101492
887212313
0
596937884
755898395
87364365
0
0
0
0
444915194
0
379353618
0
701855033
948851252
1000483180
579263015
12750175
903023788
0
0
0
0
550783145
103887861
0
0
75376054
895497368
827395648
0
0
0
455409321
31904576
0
963296192
0
0
0
0
844578727
0
0
771241742
915383386
1042960371
0
0
0
569407351
0
64369481
0
0
947199377
70418302
740094575
0
246180283
119385688
0
153966081
0
0
108366864
0
0
97120441
732069764
0
0
0
491549188
991321690
0
923295935
291846594
630440679
0
663796985
0
336896745
211054434
0
0
0
945809166
998099810
444915194
707977932
0
0
0
884795902
501101492
843942942
0
0
822394065
0
447506869
335819039
0
0
376760864
527848088
0
0
0
452400069
0
0
1022228527
324260341
0
0
1065549401
173889221
0
658367773
238864303
393091108
254218932
734732707
1002745206
0
0
0
917061203
0
783629063
0
0
558539740
0
0
47058002
0
184376692
603721463
0
1041645542
0
56060224
535765459
649456746
0
1034608567
0
0
0
0
333804301
161038457
0
945990319
0
0
0
255651133
111330939
0
0
0
0
716098787
652459419
1012241354
546610895
895497368
138632876
801206055
0
0
0
0
0
0
0
0
646635859
621763814
488414431
1036421070
0
778434401
207637905
538600783
0
679726146
0
0
0
589155112
0
158937190
306493102
57146271
0
0
123275282
63679850
490355601
384533195
0
615815676
0
0
810512907
0
480615848
505644734
0
0
341367909
310352752
0
0
0
8047258
303358443
0
0
0
0
0
827082267
789297543
0
0
677173878
0
1029116265
0
663796985
0
0
216973077
102509163
423231126
343769537
542024724
0
0
1070538336
1032546431
499184689
158863490
0
0
838582618
400833185
0
939500183
720212185
0
0
653337065
366935813
331675524
0
0
363241195
0
0
454242273
310580282
904069423
668089928
547478896
955374631
0
589155112
832979988
342421914
0
0
0
803506554
748814793
0
0
244214091
0
643377239
392413150
0
0
328826849
0
0
474490758
0
336586557
805355674
56007342
996961558
757502447
13054966
1013621600
0
164260371
0
0
0
803058092
10818214
1005608771
988843775
0
1065937627
0
767191304
616037767
0
0
0
803926746
0
0
0
0
0
0
678838415
1029107354
0
0
838209498
3159295
506747609
0
0
802290387
0
0
0
0
192815443
0
0
314099430
0
869882108
0
0
0
0
0
669382313
774297981
724452811
758650500
895801070
0
650518633
682786466
330856023
293226723
0
0
0
418011612
0
0
387000718
0
0
0
486427211
0
44179991
180225618
0
919886571
86738917
0
0
0
0
856506814
163111162
399959410
0
916178837
0
410240789
0
479116283
184622138
502537433
123350811
0
839657135
0
0
0
1037984243
1052597662
316211406
0
1032077165
0
708125452
0
0
0
0
0
396458351
321685623
134294223
689721252
45171789
0
0
0
809548204
0
107820470
150293019
0
0
0
292967859
895785063
411068227
0
0
0
89813135
106140046
685421800
0
803506554
0
0
800734478
949132448
859793931
0
0
343217496
402789684
0
0
0
0
0
0
0
0
0
0
0
0
0
43602713
0
688246078
0
408726139
334186507
0
0
10864096
0
0
767527898
0
0
1039085617
0
850694101
105063325
638072197
0
0
0
974923222
0
735421542
0
512660669
371507581
761685059
0
740355637
602696247
814188323
968287939
0
18057345
0
160682992
0
684725743
0
475526695
0
307440441
19840185
0
0
0
76512285
38478152
589618603
1041318363
572766659
0
771241742
460137244
0
258384521
282889306
0
0
615815676
0
0
679729676
0
0
530769707
754983778
648011000
0
0
0
804032455
596097048
309527560
158937190
0
222589732
476789941
0
300924915
0
0
282386909
341940976
0
0
0
0
0
0
0
0
570267475
0
978566375
0
577734463
0
917427241
0
0
219013927
0
0
0
81621676
0
0
0
0
0
0
0
0
802188314
177211883
219055650
825956942
529152112
1038162105
0
42529236
0
0
473387358
552549184
0
424816564
0
567886769
0
0
0
0
115777053
0
0
0
643919473
0
1013727447
0
911312841
0
200296742
534869686
556552159
0
421079186
0
1045002994
490006610
716327014
0
0
488414431
0
17008523
0
436317940
0
0
0
1045002994
406948744
1047973205
967099435
53192137
846226382
0
171779353
311749068
0
0
0
0
0
807980974
0
367622911
0
848100428
0
279012085
178357329
0
840795392
0
0
792969397
0
0
0
0
917934046
506015378
514024183
0
0
0
0
412684987
1039261082
0
0
0
978377711
0
401596707
737739903
0
0
0
0
0
427888404
0
0
847971343
850694101
0
653337065
664480826
0
924816334
0
641395306
0
0
0
1009284779
878743778
153278090
0
445477916
0
0
0
465061258
939244568
0
430826117
0
147334562
936554191
0
0
0
189724044
1043822589
0
479116283
383210288
192823215
0
19763906
286799183
0
0
0
0
0
708634176
821645617
875044519
472080361
1002745206
260822823
636382048
0
0
0
0
0
0
0
915017158
0
0
0
0
0
0
0
0
618220888
0
178044730
0
763222401
0
0
353529019
899899023
0
879357876
0
0
42407656
280281835
668767332
81302974
0
0
0
306876729
0
0
0
585845805
62375070
0
733217265
0
985329157
767527898
0
0
0
0
119600067
0
61543839
19237067
0
0
248098331
404976823
603368472
0
501586269
0
38239475
400890377
212342351
68289115
0
0
0
0
535049509
0
0
0
0
737281484
42407656
0
975967330
568550343
0
402835362
1005741023
0
802102605
0
876118708
0
132487157
0
973483678
0
107933318
0
0
0
994016096
770657076
0
184403117
89254414
0
0
381867351
0
965312252
0
707357346
0
0
262889783
0
895801070
72764553
809548204
0
0
0
372428629
0
330545157
1064889163
0
799388765
746988960
528847089
0
160401424
1051492467
370573800
0
238864303
757220809
769977871
445261849
0
459308659
454975927
0
990487727
0
0
655318148
197315285
0
934160130
0
0
0
0
0
537316087
0
779606386
0
0
1041706592
0
0
0
0
1016750570
0
0
0
0
144007920
0
0
758961850
1054407567
402423413
1915997
961079642
0
0
0
1029604673
509869631
0
309546020
0
0
0
0
174529433
0
117920914
720765663
186510465
0
0
488039898
0
324260341
168070818
39601561
7529460
537316087
0
0
389102073
0
90830784
0
834387934
677171464
0
0
667851937
0
0
0
516179109
221790311
0
0
485952418
0
979796192
0
0
0
0
386332131
361395002
172861766
1056024396
506747609
0
0
0
7607872
0
0
989622058
0
0
420804874
666173096
0
748805493
0
20874439
0
0
0
0
0
817987904
0
778692693
629400722
0
922468264
0
951640015
551576462
0
0
895559052
508477312
0
0
0
0
491602053
430328910
834387934
466189009
379766813
0
0
120820778
770160077
0
357895587
0
0
0
820732565
0
0
44959432
925777486
0
0
644666619
502358054
0
0
0
585474105
438126553
320481143
323272677
0
632149582
784153301
202492204
275284094
22409716
430798654
228212001
644650398
628730249
511414308
0
1007506260
0
0
488614389
107222192
1003572643
597862490
863691831
0
0
854354963
20134877
799534161
434048271
0
0
307440441
215471645
76756316
331863092
713949337
852785971
972609387
138057423
0
277974079
0
147521344
796803341
0
0
0
0
0
0
819480685
0
0
0
193844840
0
200857704
0
0
0
152344992
0
0
149122499
0
0
0
848100428
38156502
357035193
0
0
0
371135730
484683289
0
0
0
107961655
0
0
749835873
1032077165
0
1025548688
0
0
752210020
370084712
0
781424988
1060322830
0
0
0
0
0
0
827405229
690488402
0
376877645
0
0
109287613
0
0
0
0
718577387
99796481
361884963
0
0
1005002479
727487731
846752448
0
0
0
0
1002239994
25790812
0
0
0
0
509341091
925356045
153966081
127961728
0
540665513
0
509935116
0
70152388
542827698
0
515435378
0
0
0
0
0
0
0
0
768824330
599231587
0
0
112745820
0
0
0
599424272
107078562
504901605
884910746
0
846944009
0
632008015
0
283686293
831420617
940280054
0
413681311
883453546
76756316
0
349375525
278527379
526107708
0
0
0
0
0
0
418014968
572470529
0
396048467
66919045
0
392853021
0
0
0
0
123546849
8047258
0
459785490
0
0
804032455
482814070
142429169
94264400
47058002
0
212269889
0
103304562
0
0
58765105
269734424
575886849
95987255
103304562
0
0
725159763
0
786486178
547801620
0
0
0
0
56045249
0
140293462
0
0
0
511511005
785172198
0
657996739
540016911
579339692
626312760
0
0
706566659
0
887212313
0
0
0
776542613
371507581
0
325203876
579804118
0
0
0
0
0
0
0
0
0
0
0
466709868
0
171819665
663785155
711382066
0
0
0
0
177351287
0
0
0
0
219462144
631626388
0
79798471
0
595437578
571604012
764292259
0
983806243
0
956068898
0
409551948
842483823
0
526587920
814412553
0
0
0
1013408003
0
1014028909
0
0
0
970846173
780797802
150368384
131735930
438793824
0
0
0
0
139499298
0
568608004
1001888216
0
0
0
0
0
357299840
0
0
449142106
0
0
930411566
0
427888404
0
0
0
0
0
0
696373755
258756030
357035193
0
887773820
802543168
278580592
0
0
712318849
97483363
111556228
0
0
0
0
0
0
0
0
0
438665978
306683858
641362692
0
1053027041
0
625827466
0
0
0
758875901
99796481
310580282
0
625827466
650151486
0
0
0
307903354
1004049858
988030489
848100428
483572887
0
0
0
597271537
0
0
11545109
905088226
506015378
1046640969
0
0
18785210
0
0
258514405
0
478975616
0
0
852971545
0
0
0
154579825
0
0
0
0
0
194801152
0
0
0
0
0
0
0
850817404
0
0
130140238
263285667
0
44179991
512660669
708088723
326791433
151426243
0
0
742745949
0
0
0
150437513
0
0
0
0
0
30833902
0
0
0
0
760789380
518509660
27965771
353529019
0
0
0
0
0
97076365
349153768
0
0
0
936190947
0
823674678
162387856
129029773
0
341559171
785779792
0
908985147
818509062
0
1058209064
25848549
46494740
49485292
62375070
722734153
137849227
0
32559009
74613602
0
463157514
558739478
855006145
85154268
652046657
0
0
16328924
147334562
0
0
552137995
995920493
0
237967327
0
202776341
514024183
0
0
0
0
658970626
1021105191
0
0
493597232
126226168
338398086
0
0
501068639
282223562
0
377696367
0
643965230
0
911385378
652912010
0
159765304
648765614
0
0
0
219503810
0
0
286007754
0
0
0
0
0
0
0
249377987
0
0
485391288
405843179
0
512571845
0
0
0
357035193
0
988254791
818509062
0
0
394805638
0
130603833
0
1047007455
461855399
0
0
0
154691335
186890433
744869490
0
0
0
0
781424988
0
526169485
101365531
0
0
70760835
439361481
0
16390369
469447314
407519956
0
802670978
831760704
0
625827466
147933144
0
0
676914229
0
0
870627086
944873635
110805335
634098671
0
0
0
391143008
47779896
742745949
668507154
0
775536866
529759056
84160104
0
880144133
0
82273083
147290485
0
417199264
0
0
954119128
353886995
0
573724071
616889450
0
0
0
0
445584096
0
586122594
0
593906959
0
708100193
0
370209776
0
0
0
0
12570410
784198399
916582616
1010758728
0
0
680580666
954119128
0
1050366758
122397303
0
358719681
0
0
589074442
798674450
0
0
0
938833976
566704875
0
622219490
57267377
0
358679063
760382377
0
59213778
522978868
0
503279217
422157548
0
0
0
0
805685443
373211806
507358451
0
0
0
944008776
594973135
0
567886769
861790296
0
0
0
0
261673750
0
0
315500454
0
606082512
0
0
0
749835873
22589244
311408873
0
0
634595185
0
0
0
27610438
38904072
82858499
796519843
0
0
881015565
940233201
826073166
0
685992330
0
17965001
0
0
848681160
275632859
0
574329652
0
843100875
0
95081866
0
590483487
0
0
236729442
402035728
146813492
0
0
698335000
0
259089563
504057922
0
387478576
0
236729442
307630988
0
983957807
0
0
0
0
0
0
0
0
774953207
0
0
0
0
219856598
0
0
886726124
977365416
571911508
17745842
862955385
475165236
0
646695812
0
783202941
354582905
819398058
0
0
708933474
0
0
0
726961477
57385018
959524639
0
0
820359768
537522817
0
0
0
0
326791433
721161134
169456722
309375248
0
508448441
1064302617
0
224649735
0
0
0
391898376
0
641362692
0
1029354195
0
704343230
0
1002906644
1010348334
1018367924
0
7842888
0
744636233
213213239
723920017
0
0
0
726617372
0
669089457
0
0
103235531
0
0
406828913
972691957
0
0
564672322
0
0
80682291
681157951
0
484683289
0
807864475
10479771
441297904
881259388
0
33912537
0
175645968
0
0
185665617
0
0
0
0
631488622
388418003
299359453
418509877
0
0
773078105
0
0
0
0
0
317540293
536362088
1005860020
917736762
0
0
0
0
324372214
0
952088958
0
929981647
1068523865
0
358719681
0
0
0
0
0
0
0
0
0
0
191159017
0
0
0
0
970101855
0
0
0
0
225056581
821456182
322774168
0
773348313
0
0
0
28348209
536939825
0
0
0
413957856
945123681
592473578
327845253
709362083
449374252
0
0
787590424
0
231736037
0
0
0
0
848681160
465477484
0
0
55378174
0
422126632
0
0
0
0
1015016511
0
0
0
0
0
0
760977822
418009627
0
602815418
0
422230407
0
290516176
572398476
0
0
167073621
0
0
260053770
666669644
975967330
0
0
0
0
0
102509163
0
0
1021676722
0
530503348
0
482696624
881868456
294138325
0
541349403
1031462927
685517228
0
0
657863132
0
788181480
0
28167624
558839414
0
177656801
17067924
0
81735730
393677455
0
459894731
0
0
86211132
95081866
0
862288732
575390075
0
817075793
0
0
220919825
382364439
0
643093237
0
0
0
819514875
0
0
168070818
0
0
0
0
894713192
0
0
0
957248729
0
208731408
0
635024752
44179991
940233201
0
0
0
337593152
0
220501225
38653863
0
0
0
0
233522547
0
293379409
0
763222401
0
757310938
481151322
627015645
1015526296
0
843942942
0
0
552447841
0
643965709
0
0
954119128
294274167
0
951629328
1027172960
0
0
357035193
769916496
309546020
99531098
820359768
0
823260544
1021969391
0
0
586992839
0
636605661
838209498
615076738
0
587697419
0
0
286470695
0
0
0
0
0
89248941
0
0
0
306823824
103304562
925486166
317542147
776843001
216233929
777954561
500064046
0
681088168
0
0
0
0
672450515
1013897079
0
222647828
678226651
0
0
0
199667750
722650746
794014338
0
0
843048087
606436057
0
0
0
636114959
126568031
0
545824872
0
0
481653058
0
0
218747235
612095504
680598517
331783807
1070018370
0
0
0
0
683093363
759142201
891295997
72496702
1035801339
974007646
0
0
0
0
0
743538381
958997141
508136097
392119511
443596646
3118063
514600289
0
0
3297962
0
359718116
0
0
84989602
0
61543839
0
0
0
0
596248750
0
0
0
1002574849
0
0
0
1037030814
408835063
0
0
0
0
802102605
0
988346312
0
896924222
0
0
0
0
0
0
0
476598420
0
0
0
525158712
1900412
114602717
992450546
0
522978868
1046306322
0
223583935
595731607
109287613
0
0
904773570
0
183461252
0
660901587
524978517
222837508
0
957233754
494355080
75989199
0
0
0
1058612396
0
0
0
424816564
127133251
0
475793215
705106198
0
0
0
955469697
0
898840357
316056799
212702793
0
445865248
0
672430767
770431944
230095313
764961798
0
279490133
83560676
0
168855360
347662598
718689442
0
32045711
956582590
472350218
0
406703557
927677302
475970981
941778330
0
1067546446
1033512664
0
666280858
0
326558482
0
0
0
216233929
736921534
61543839
720876424
528498788
582687120
0
0
590483487
438127863
0
546196056
0
0
351403770
0
0
0
0
0
0
15186536
485372672
0
689126547
564281402
401851456
61504791
0
493345850
974655603
66621655
0
0
0
0
0
1033281952
0
0
755037068
0
0
854870661
877011002
0
74764409
0
387752746
90254862
752648756
0
0
0
325976115
0
416492927
0
159414503
306493102
0
0
299900350
0
661412289
0
0
0
484694341
0
0
0
0
78064506
0
0
296181447
0
663758869
0
0
41199013
603024531
0
536180476
735556723
276878808
0
0
834497919
0
271231264
121330565
0
532985013
628201260
0
0
0
0
0
0
0
915527008
528498788
0
564743295
0
68830095
0
0
266231240
0
994568829
571179541
0
1072251073
228633336
0
628222804
0
660147049
0
541516647
0
0
656888558
79352045
779938074
0
912300029
0
711784637
109748095
0
534192083
0
0
0
825275653
781204924
0
0
0
720454501
0
0
600483990
624243989
37073565
0
781010874
0
272481348
0
813853078
0
0
0
658168397
72224226
0
0
54808354
9245395
0
1071143108
1041227658
0
0
293578635
0
59365551
0
198642368
849827581
0
136346374
343579233
0
0
776387928
0
0
0
834497919
0
762382752
224465350
0
0
0
0
0
992216733
0
0
470167913
0
0
0
0
0
0
236880543
0
1024691705
179436820
144007920
0
820058308
16262298
108061529
460826609
0
0
0
0
0
824518898
0
345879043
1056938810
0
967929395
854870661
868651789
0
121199297
0
0
0
0
796130755
0
0
0
0
0
365308948
0
0
0
0
0
0
0
0
817086921
0
0
0
729416354
0
0
0
70666853
0
0
0
0
0
0
0
743467548
0
60282592
0
0
0
0
985254039
176975197
949286222
972184685
0
0
0
0
0
0
0
641588742
42403651
790769115
61543839
0
0
0
0
191052070
170153056
0
1046567798
753091889
63903040
0
0
0
0
0
0
330662541
0
425428612
0
0
27523826
530936828
0
0
992216733
0
0
0
525358361
485253126
0
0
0
0
964492224
174246636
49508850
0
445006986
999923863
0
213917826
0
0
741399189
344545854
0
0
0
0
0
0
0
534869686
142976379
876017066
0
0
396605098
155165994
0
722085285
705083850
0
0
0
0
0
649099428
0
402205586
0
0
943747461
0
127113781
973234597
0
424684841
555310396
0
0
0
872710558
104380962
888229699
755925246
0
0
0
757220809
211403119
0
492491946
0
329386827
881259388
15186536
463286583
0
0
419420615
0
171288708
774417701
497792299
366386342
1027286245
360301889
0
0
0
0
756336394
1045625421
482762000
398373361
0
0
529234171
0
224978395
375537876
0
114602717
0
0
518216365
63903040
0
508477312
0
0
337252097
322774168
876989911
685123378
0
0
0
346398275
0
0
0
0
0
932479316
0
1009645772
456958522
92418949
776542613
0
0
305397025
836762254
0
0
0
0
809452295
0
0
668757690
877857748
660147049
564295255
543214633
0
0
390241533
0
670145572
0
0
0
308082967
794182825
754663899
0
0
0
0
545788689
0
189058661
0
0
222975241
0
0
0
744636233
0
0
86782919
0
982766166
0
0
143083141
0
860170164
917736762
394335836
322774168
0
0
63903040
633026649
787485462
494195462
77289516
0
0
857850923
512788021
0
800865400
1039609453
0
82837030
146578910
330104172
1061600234
1008359570
430798654
123844339
1047088387
329354556
0
0
0
597642376
0
333133314
733775126
0
676368856
369888869
0
175750405
0
0
475331029
1025213761
0
676299886
990886884
0
0
388247430
100946240
1068503991
0
57228230
0
135855992
0
446118208
451187688
1011204499
616585178
0
0
996713344
775277999
0
59098472
0
1009645772
739355838
658560522
0
0
705543297
0
846076776
784525853
0
1063275286
609964075
0
191255773
0
0
0
0
103235531
64821551
13007433
0
870386231
0
0
306196168
894490903
0
0
0
0
591287594
66587301
902086358
181502532
867930813
398104706
395765834
763748826
0
0
848933975
0
767404101
740554364
660147049
419889982
0
0
228538670
0
652788509
0
103322847
0
0
931224581
984536078
500998116
0
929417028
0
640513246
0
0
566527659
658762084
72239252
0
0
654979550
0
0
367755412
0
0
1039261082
1024648157
0
790087282
825136402
0
110755604
822386685
0
882995206
0
455825715
0
325298887
478030720
478462544
937565223
0
689913694
0
1057484931
0
0
1027867616
0
0
0
742625958
923417281
169543474
0
520250049
0
0
0
0
98746457
0
0
703349534
773124895
0
158437555
0
1018189030
0
0
0
787326617
24860411
69123636
0
0
1024297953
0
352548406
420101795
937749792
1068180223
0
121754891
548090148
0
750223164
58875832
352267717
0
476311319
506450830
238289373
908985147
0
0
0
930842676
31728560
0
931203715
0
317542147
0
0
802670978
0
381226930
1900412
617537172
0
670612990
0
464183689
678526596
548431711
1041569971
238775203
664752639
136825555
0
0
0
268008635
0
519259262
687082679
660629361
0
0
0
464894405
522728766
777700013
0
44767135
470507813
0
0
0
464945578
531446880
995285117
0
0
0
0
914420705
376093246
703999884
0
710225769
0
0
0
0
0
572076436
264311194
103710598
0
0
0
0
0
276847915
0
304383110
543869706
0
1067191953
0
833243250
541750485
216233929
158810998
0
367651879
149013801
463356208
167987912
0
0
0
0
692792404
0
0
859165712
0
907980265
0
0
0
0
0
0
0
0
602444170
655068333
0
0
0
0
0
588712472
647042764
979566386
764627250
0
346915000
246604682
0
979566386
0
0
19704375
16250434
0
519478830
197703172
0
0
0
0
882038217
633026649
0
136002109
0
537944887
0
0
523579241
549167622
0
0
21250339
818134383
512736543
0
231056323
645743952
870553949
0
521513364
0
0
0
0
706086424
0
0
24126420
0
0
142802409
0
0
606327685
0
0
842086766
0
0
0
0
0
743141851
609260793
249595375
963937364
0
0
0
0
745919082
60447372
0
0
0
0
0
0
0
43264305
0
0
0
0
0
1001271445
952193295
0
785961824
0
0
0
0
0
0
0
0
0
0
0
160854246
0
845785244
0
0
3368992
419889982
0
795921943
647031366
0
156811415
0
457926508
0
399379260
0
290156087
0
0
63903040
252322774
656641748
0
385018392
0
617396086
11633284
506203818
735980403
0
621269726
0
660147049
0
33992959
737739903
0
0
0
293578635
0
390585217
348534474
0
802813318
373411855
0
0
0
762203558
0
555414055
950775871
593471915
386186191
0
0
691115312
0
411411262
364635517
0
0
907521137
140293462
0
0
0
0
847791085
355834797
0
807864475
757598729
122288953
0
0
557017232
0
0
700203734
157885101
0
0
563845912
0
268597181
125534856
806986091
0
0
686132702
861075865
0
353215733
844679448
166541288
0
276722695
0
688398817
832569016
46367766
0
323177701
0
469061413
467342037
410596226
0
567194871
25562057
0
0
0
0
635871264
0
0
0
181520203
0
607772694
494536925
1066034523
0
0
0
698655346
846076776
0
740224608
0
0
610397643
414679390
352742095
0
101691343
993715882
0
0
0
0
0
0
0
0
215856363
804101688
99622477
0
853692621
0
411528560
0
0
909386807
418651598
0
0
588659179
567601700
0
0
0
419869648
0
0
158810998
0
100404676
0
568816997
0
0
0
0
566710570
33992959
937876562
0
130506505
456695041
0
0
0
0
654571426
384241594
0
168070818
0
0
901068363
774415053
184510961
0
0
0
104875566
359344367
245467500
0
0
0
0
0
0
1063275286
756543433
0
0
0
0
0
1044130940
0
1050765957
659239378
0
159811020
0
0
0
0
0
959964467
546402439
0
0
0
1010367076
855680548
574422740
0
0
283735088
0
0
0
408565009
0
0
1017082874
0
558739478
0
781855932
0
0
0
0
0
519212957
933453134
0
0
97749567
181502532
652788509
0
0
0
545448064
0
420022941
61543839
0
0
654652651
0
548033347
0
370785158
323177701
0
0
587035729
0
819063174
443151298
320731088
944873635
781499647
0
650921667
0
664870850
972769639
681157951
317992813
0
702573251
953624600
464894405
0
0
0
578729718
554331259
634454005
0
0
33197354
0
0
0
0
1027172960
607899863
0
790301421
851599154
0
919117167
0
0
432460478
0
0
0
741399189
844592142
457003812
0
0
427918993
0
352075880
986442008
0
248272797
716715702
300816239
771528007
0
1007841909
167319641
0
150526317
0
0
0
0
0
0
0
0
0
0
0
0
0
858313054
1013809745
0
0
842642480
53410268
0
402863172
0
0
738675039
0
360147743
0
340565853
57190297
0
359344367
0
82273083
0
0
0
868651789
0
78704374
233935041
0
581471797
0
0
0
574173216
407899247
326173657
93599375
0
0
0
0
995810141
1065085924
619628006
0
0
1033953009
512738990
0
0
84947090
0
419660486
0
559408299
63335735
195647156
0
0
650024912
318175861
0
0
0
921510142
0
72227172
286650106
0
706566659
0
85438346
0
0
80738398
612130918
0
558870968
531074430
0
0
0
391822008
684926725
899084320
355577635
0
0
616550329
0
455166771
0
0
35338008
0
1063280764
0
236072109
0
0
0
0
464896284
0
0
0
0
0
0
380467446
710003500
303735195
0
913076146
0
0
0
0
726406753
55061167
692100491
0
59441166
59719479
0
0
335739361
0
0
0
0
0
0
363430581
0
763209190
274006217
0
652788509
51022373
342133871
0
564287474
704564014
380364179
18785210
797841404
372657684
0
0
582840316
0
37518174
0
0
10999690
199822568
0
0
723870365
0
0
0
125748052
884795902
0
666135150
36208561
0
189706254
717770657
0
0
0
0
664690726
31966211
528545972
270325165
65338549
0
686387899
150785153
380467446
0
119551494
813202248
225367749
0
0
0
1038922205
0
542527027
532373504
0
0
0
0
718616204
353749063
437109692
94991704
28264415
0
0
411183033
0
0
0
0
0
837215186
242584860
0
0
545788689
0
0
929801493
0
917949137
77968764
0
687304535
0
149666681
838222923
0
939788703
0
360265754
0
0
370151650
0
783113614
0
392612745
0
0
283471348
0
42533077
443859762
170999979
0
0
0
0
135025065
0
0
859858406
142600329
333405931
1044227711
639411221
109978703
515063966
0
115488496
444866364
107775915
0
346139955
136475810
363975880
0
0
0
0
0
952965670
0
829631175
0
0
0
393648805
851249698
0
910575201
0
166499543
0
0
0
800507030
564470189
0
579344988
0
497876863
1003609747
31821216
304458501
0
750964854
0
681102616
110472924
174308083
0
0
436856982
0
0
0
0
0
399558180
0
0
0
557149359
685895352
309197983
0
0
0
0
926066436
343918205
0
0
440253961
0
0
822575376
495336288
0
0
0
0
742139902
68776133
0
428889246
236438399
0
475886208
959964467
82273083
381689146
1046551515
0
0
316929377
0
0
715657342
1060961221
0
0
0
0
0
0
0
1036897526
0
0
340403771
597830019
0
814696323
0
0
0
819821655
0
1018569235
0
0
0
0
0
55378174
0
847791085
429148613
381308546
399994283
644744673
0
875971356
585300958
454682619
769249328
91175180
926992492
0
19468120
0
0
0
393204871
424816564
0
710177103
308528880
0
0
738135164
0
0
0
600450834
569825537
1068909707
0
0
380516050
497575599
0
140293462
307979193
37521848
0
0
103271781
375193652
0
604362389
50101265
1036131761
0
762203558
255737250
0
94282926
0
859034397
0
0
0
0
0
0
212334017
970101855
0
0
0
0
0
966523442
139852803
0
0
11340720
0
0
0
135592556
745919082
489000826
0
3266483
0
503733207
454689840
931024074
0
90830784
543926593
0
0
424816564
530101567
387031196
434056558
0
555765359
76182382
0
925881321
413957856
0
417936216
421529837
0
0
627706954
88101875
0
768153036
0
825118334
589806307
0
1048995227
0
810572758
431988938
0
301250698
622896646
0
0
0
0
0
733507234
0
331287747
740224608
739654163
0
653806795
933695484
395171727
0
287368129
619628006
0
0
0
0
0
0
0
829530147
0
0
0
0
0
0
489143011
451968943
548668788
465376472
396803302
796324003
0
53257408
0
0
0
175697212
0
468259175
967122020
822189122
0
0
0
0
0
889292673
829882477
0
0
0
0
230663907
128140763
448616264
0
488861149
0
0
361259205
813861554
0
233877780
17888613
732562913
0
274006217
883600614
877108723
677937481
399558180
0
538025809
1059564541
0
0
0
0
0
987122462
0
405743588
0
702130285
0
426977289
0
454005616
19602170
593232003
0
0
0
137063185
0
0
0
595803232
347606754
0
754435895
0
225807178
750492824
788044005
127277225
610316691
969660911
33992959
271403526
683330585
0
0
0
0
599336074
0
605493253
66102709
0
333694431
785130995
662997013
0
0
0
0
0
834365755
0
394264885
687082679
0
409700963
0
1028269508
0
18179264
0
280688900
0
308206662
165164840
31393455
0
0
0
354677101
0
37660373
835070397
435794467
0
0
569331012
1033546068
826976533
0
0
0
911582719
1029890524
0
563761389
494543208
894071418
606327685
0
0
454146427
0
0
232322766
381649568
0
0
203099813
0
95424895
0
31470659
0
0
50265924
617284486
902774290
715540131
58107604
564057436
0
0
639339035
1046880275
0
238775203
287808984
259049451
188387526
594973135
740527364
852316994
702424339
0
0
643093237
0
0
0
0
0
806570591
0
340640838
0
0
0
414131362
860351227
0
0
0
479264390
0
354247932
743375347
383118246
345138015
0
0
0
804843042
0
339652744
1020910146
0
817075793
322001841
786199220
1072376693
0
283377119
330482186
882963668
0
1004694598
0
0
191390255
0
0
0
533381042
708424512
747660964
297585656
770485928
0
132524707
0
0
519447411
982750335
0
0
0
0
264768295
0
0
0
745929420
0
42566848
835070397
0
0
978549972
570965097
973283703
0
0
0
114284165
0
0
0
0
1032095707
0
0
371730339
0
0
1028242328
637767314
0
0
0
361259205
94302209
238505110
946139211
0
646300649
0
0
179897377
809385587
201785899
0
0
694201139
703901199
0
0
160532429
0
0
344661221
1042385698
0
0
0
0
0
0
0
0
841031652
381232005
0
0
0
55205464
0
110992187
484451414
390318383
0
0
951518407
0
0
257579787
468146215
0
0
676048438
0
0
777065893
0
0
0
677634453
599553926
617906834
553698537
0
587969851
0
809172201
0
373440226
0
0
914358494
3266483
0
0
502353041
136018922
0
0
0
0
0
0
132575211
173949112
0
0
181245999
0
0
0
0
0
213403720
0
0
789883715
0
309341764
884910746
0
0
455352132
213912511
391686790
0
0
0
0
824068025
0
284430443
0
0
0
0
262959843
0
0
674977833
172020565
732740567
729392987
0
66460096
0
721179503
475226641
780036062
0
666999633
0
969467112
0
351700176
0
236042166
95132984
0
703111722
413094133
0
0
0
0
0
0
722934039
0
691077792
55378174
166784980
305871365
0
192494331
136928208
0
0
0
520832621
0
464894405
0
589597992
729782301
565877343
199579361
0
0
0
0
168602898
0
883996180
570638116
0
652472612
592889468
561934172
0
0
0
65722791
528933961
704954904
0
245182724
1038796285
0
479887799
0
404968859
0
0
612564284
773209205
0
802433903
0
681077077
0
0
35919441
0
0
0
0
0
0
0
620701062
0
0
0
0
939719232
0
357230422
0
0
468503090
0
0
985947589
0
0
0
0
200659448
0
0
0
0
532271109
294613207
784116075
835607513
475226641
0
273391154
214033495
259784575
0
683658657
183773326
692792404
0
705083850
1037093756
0
71807223
0
0
0
0
926933901
0
0
981313265
251286893
0
799012180
0
0
0
0
0
0
902664600
0
0
745099311
0
0
0
572699186
692446282
0
826522320
684722775
158988561
0
0
0
0
0
747807725
0
0
0
0
102182432
986441000
57850578
7377535
0
0
767168394
0
301675358
717532850
0
0
0
361678652
0
903755815
0
0
777800454
0
159011302
74803738
664401567
650024912
295106018
0
0
111822714
170353232
0
98098237
0
401342017
0
311359521
0
0
0
0
496531256
260091573
0
0
0
0
0
769043894
0
287368129
151949960
0
862274626
518948258
0
944770222
0
523579241
1028024946
0
298169408
751413051
317694884
892551497
921151727
0
924558319
967753577
711458365
544771569
615642629
413094133
100055614
567626608
543593645
131771657
0
0
436871732
39149797
964763857
97680832
0
221019611
689506366
0
0
0
0
0
0
0
415311329
758494100
829631175
0
965014246
6193758
1044396638
979361716
0
0
377254847
321153089
528027099
0
0
927996213
0
0
0
793310235
842877444
767290501
132655304
0
0
0
0
734237414
577888365
50101265
0
0
163802353
426232424
24065313
157973338
819011041
0
0
0
0
1041151298
0
0
0
921056271
579804118
0
0
0
0
37017297
786632149
547450126
847791085
0
0
479017545
0
0
0
0
0
0
779001239
262768610
219787001
917934046
0
11738026
0
0
0
705106198
806686259
0
0
670145572
0
0
156654123
0
0
0
0
0
653548281
121077210
0
0
0
0
0
0
797621235
658970626
335059488
0
169561774
0
61543839
0
731576137
469808260
813387471
0
0
0
362166323
0
0
0
217020037
0
0
0
710548308
0
857120183
553480338
886716031
0
766385946
0
128493998
0
1064973318
164871401
0
0
797962480
0
734612885
554052047
869875110
1022695250
669266008
0
0
0
0
0
265582675
0
390402243
0
0
0
150946813
0
242792497
0
0
0
368530372
965116806
741072578
0
0
0
151330184
884338609
354164375
381239195
406943612
0
0
0
0
60948779
0
0
0
0
0
0
0
0
0
145334484
0
0
0
547534844
0
0
0
0
534812733
820246770
1041426536
1059360132
0
583062161
0
0
0
217635200
947538651
0
0
948174495
10479771
0
1042640974
200747131
58355096
0
0
238810317
0
0
274887936
674169908
0
0
0
0
0
232714196
342251881
300190047
387736324
658868454
838683811
0
0
0
132655304
718709847
265697342
0
0
0
0
0
0
0
634603984
505443709
0
35919441
716110896
21920982
0
557138134
0
0
479176696
0
677623624
80463628
0
409740550
0
178160218
29094209
29326702
124319625
0
0
0
0
766534960
582570585
0
0
0
0
187515600
0
0
0
689439918
347238701
0
0
0
0
0
1035829627
0
882563227
905027383
673794254
0
0
0
275268966
71340350
0
538013834
107380539
52640928
0
0
218734547
534316276
0
17294339
0
272210994
358613353
0
313614092
0
0
344715177
0
0
0
463104722
528677117
538522770
410881808
317379658
0
0
0
580871230
0
282782305
351929074
0
122642099
0
0
804353265
1900412
336153932
0
0
0
558644988
537944887
926102948
472205546
0
0
343918205
681157951
0
796286526
308844056
0
0
912211288
791704904
866861099
545603354
0
403057103
84512235
0
0
912211288
1039920560
20322403
752048036
667851937
607968281
0
0
6883940
0
0
97466985
954501796
0
0
443402991
0
0
0
361358243
613823416
0
547450126
0
0
717598947
0
766134064
0
139883560
0
0
314953489
314941293
25589830
145016414
546429426
312364782
1045607354
84876433
926088006
0
0
493357123
0
0
924223948
0
0
0
209746522
0
106899774
0
500357556
924375045
0
256582889
236493290
0
0
209905960
686366063
0
0
756115514
0
272461278
122105438
0
189276414
1071606748
972225515
0
52374685
0
0
672032946
0
874394276
0
0
623226686
488120789
1044633252
0
0
1065331417
83195168
947333711
0
1066618540
0
712646312
0
0
0
0
66023284
255737250
0
571035318
1070444384
0
354643820
0
0
0
0
554270061
0
3786865
306520293
305718393
0
581210263
0
0
0
0
0
208095970
307904622
0
639515120
0
1032562417
117058515
0
285067474
405743588
217635200
755041112
139401442
253125403
462028992
0
889745180
0
0
217513461
390251571
481318066
108641564
18544315
0
714075601
934172743
0
0
0
0
22975822
660629361
0
0
964612279
0
788254021
0
0
133307600
200327560
188773371
786257478
772690461
199751548
0
0
0
0
193448567
0
534925567
338602634
0
0
503005325
0
20322403
548471866
399749464
0
0
643760455
637192731
424803017
304318586
0
502222948
0
879849204
0
0
0
192937940
0
0
82733054
0
209986778
0
0
700496931
0
0
634595185
0
0
206694279
496422650
0
504013615
0
0
353529363
197198465
677792907
0
0
741585714
648633909
0
0
0
0
0
600961618
0
0
509352300
456510794
0
449689557
0
0
546429426
0
0
577397212
0
139046980
0
52567712
832705155
0
919276927
0
311217009
760424266
93180139
32438415
922062875
0
0
0
844886888
901956253
810518337
0
595139982
0
1067853262
0
305495370
58741535
113979448
915987048
910812077
0
738499532
150193936
0
0
0
0
15167319
0
0
973498986
689238982
678646168
739410389
0
648616428
459513471
132810692
0
0
0
0
0
268617157
463450503
0
0
325425686
621266979
0
522296950
0
0
659224636
1004391633
0
0
0
749934707
0
382904511
929801493
0
0
0
395577943
0
566107398
991465401
0
924558319
0
463851034
0
0
0
739320764
960716898
0
0
754326332
91679950
871619336
393648805
617626779
363080046
0
249697830
0
46084325
0
441414001
982902286
0
0
0
1059041047
878873555
0
946572165
0
0
469487354
282536272
802102605
280095598
0
441947878
0
0
752048036
736292134
0
315625087
97537203
0
0
0
883892558
0
0
952193295
0
389306860
0
840777445
0
179223140
473827841
519941484
0
565699972
1025143554
485420190
943381681
0
648616428
0
278453196
0
0
0
1006765076
954597258
98660426
0
153756732
0
953353539
0
0
0
0
507763164
0
88070548
0
0
0
790020887
167499000
686875102
0
0
305495370
9483596
1029546772
773209205
0
80296179
849477903
549666980
0
0
399205988
0
0
274100186
0
0
0
0
283249070
0
617098384
799127521
311476833
678386076
839493617
0
83114867
0
0
0
0
0
96435904
0
438114261
820659855
10518100
351975832
0
0
0
0
793670627
0
0
0
913904117
0
0
874807901
0
0
747312289
466797204
789763008
626488653
0
0
0
769763927
0
228945676
0
546467778
0
0
717967482
0
0
474678749
806686259
1012755282
0
420209173
0
639339035
301069218
0
996742110
246965627
0
1053670541
450632333
0
809377087
0
0
915916724
101328132
42326828
843238082
0
423526348
792287456
801586940
0
851118981
168399645
0
1011561501
0
455374817
0
563875094
0
441300503
1061027256
0
50142342
684015944
0
874807901
681916844
681384074
935887363
0
0
0
0
0
0
507383362
0
901780055
634751302
664379793
451968943
1008322891
314468073
731817402
518023494
482784080
311808233
0
115326127
0
0
0
0
0
405964618
953722192
637395470
448493979
0
0
0
0
979087742
0
310099324
0
0
158594946
363187009
0
1577547
23635213
287655812
0
242984212
0
440540423
0
679089692
0
0
433826450
0
0
748662169
198512637
0
0
523759834
0
1066451326
0
204255983
0
0
979260994
0
569886206
0
0
777501652
0
257567135
0
1023903705
0
0
0
0
184275252
456976113
606628440
1000188237
0
1071171252
468801109
0
517622829
505344647
110354942
0
1031013769
0
0
0
0
190404851
112244432
680682104
0
0
594622271
372259477
835959937
0
244275659
523759834
213968190
480079741
0
82367981
0
0
0
0
0
390172838
0
816692138
0
615041825
270123748
0
0
0
809759767
0
0
600191147
0
401821487
1037948989
601641065
166496763
1026754819
890648964
0
0
273943208
230809734
786132833
197261447
622017223
72571583
0
729782439
0
0
78345475
519522644
0
22653674
102444139
487288908
0
985540637
162263302
268892827
0
876561699
0
0
335568014
0
0
0
919847961
0
20322403
0
0
0
0
0
967099435
340782636
0
0
0
19074115
0
0
68950189
0
358610476
640377956
0
0
0
299446000
738413811
979260994
134941973
707819344
0
993361582
0
588108201
162112854
1043132794
519287886
622015380
0
0
0
0
337915967
935097379
0
774239274
0
0
0
975967330
743845117
8373003
0
154964033
0
0
909524086
0
731489659
874807901
230208499
82478832
0
396985434
417236031
0
0
0
486418623
0
0
822790842
206402402
0
485261512
0
0
0
0
0
0
399937926
79409327
0
0
763761369
0
0
589567991
0
637767314
412217940
0
197890190
0
0
412217940
0
495594705
0
792311436
93923170
249242696
0
127818419
728562595
0
692335295
0
0
691665387
0
277058853
0
30785119
521237384
105348272
0
888101611
213671068
998269776
64389392
815260298
0
0
0
0
554839864
0
0
339652744
705106198
593662488
0
391078251
0
633684874
193048607
0
338827830
0
0
780328412
639731166
0
0
671379323
0
0
975654244
649004346
1055828621
0
236837594
851408791
483837972
190404851
18785210
0
0
802670978
338602634
0
0
0
0
0
33903976
0
969028666
270884528
313578891
0
45168848
0
0
0
823377871
0
0
850587475
0
0
0
0
0
0
254806545
248069940
3266000
0
0
0
790158636
72091860
1017620387
0
1041151298
0
1046918078
171373816
0
117092315
0
0
0
0
0
0
0
0
0
604855799
1009609850
0
341552313
0
735749621
346720283
169152279
662940169
0
161317846
0
608876748
0
0
329607424
0
166323806
0
0
544787663
0
0
0
0
0
0
152440086
0
0
0
644500645
0
0
154449229
435788715
27454449
0
0
886305508
0
0
407252813
786122516
0
0
0
0
0
342922607
0
697106370
468788330
0
1028024946
0
0
0
0
272312007
0
0
269462099
1033876446
0
0
142617553
0
1045002994
897840959
0
0
0
268892827
0
524865464
199570834
1038211767
713042735
852340812
1025167721
0
0
0
0
0
0
622659794
45093697
0
982258358
1072278466
0
601988514
663379651
1000812021
0
84341340
21814581
0
0
0
0
182982006
0
140000706
0
478694414
530709266
0
0
507471709
0
0
0
971149031
0
0
0
0
0
0
0
900594906
519021182
0
0
1029373229
566408131
0
503057068
0
672582064
493952033
0
0
768576955
0
27682732
649004346
0
82697064
570702392
0
0
1064973318
0
0
0
38239475
260053770
166265861
0
271680355
828906325
467234627
0
268861883
350608395
0
0
986619480
262768610
727447339
527848088
1065386461
913214150
0
0
0
0
145612955
0
779776983
193928327
377454672
0
633670490
294562968
535376424
382953737
709754324
101282548
1029309326
433362175
0
799127521
924882353
0
0
0
274229816
58365287
800156054
1034134544
589445415
0
674370784
0
0
0
0
802102605
0
912247948
658809074
0
1030252027
126153309
0
522919187
0
181034143
0
0
951465918
287384754
0
0
749026783
820052019
54871006
0
271992875
0
327971734
0
12862520
1053163085
347221024
544180525
0
0
0
858490081
0
169297879
620126785
0
445011139
100300602
568788146
515136142
0
446223604
0
807388146
632394199
0
126461502
1065393551
0
0
0
0
0
0
21000188
640377956
111556864
814562958
0
0
812165103
0
0
22596349
0
0
0
0
736764604
303095715
358333673
491413418
873167954
518854027
398860854
799380997
16886687
0
1005538738
186671157
484677071
0
0
0
0
0
994075172
0
438114261
0
635024752
501246467
0
0
0
489819348
598411634
521243782
0
0
0
0
0
0
0
0
254302649
0
236416906
587032853
989219903
0
1048619511
0
0
0
616193436
496371207
0
978998629
676368856
0
406419283
0
34611813
0
0
0
0
0
139601331
0
835231325
0
275602321
995121660
0
651843948
0
0
814747420
0
0
606015729
0
566209751
488865265
0
821169170
0
0
38239475
182106920
0
0
222101760
0
508704783
541722584
0
575893766
258650163
0
0
214475951
193437810
497099461
0
0
0
903124929
0
622017223
0
0
411485536
0
69064484
0
0
0
0
0
0
0
233181689
0
646164453
0
664379793
651564986
0
0
1011704035
0
0
0
39413945
0
0
126451028
370016131
857422965
0
0
0
3596550
658529252
0
0
478777569
0
673422207
0
0
1001644547
0
0
0
0
0
0
0
0
0
0
0
167009091
984718115
186671157
0
97265778
281733897
0
563387118
0
0
0
0
1018766786
134452208
0
0
0
0
810699235
0
726007176
587509428
552652833
0
282948903
933737577
0
121734447
0
501068639
0
0
676479345
0
0
0
798905987
0
321522161
0
1024468640
0
0
834497919
0
1051933318
47281446
0
0
70486995
580183099
0
939251215
0
0
464086499
782477012
0
350282346
0
0
0
373359329
189636692
0
451181421
220212450
0
0
0
64258684
1050791727
0
706856845
0
0
539416691
0
112244432
0
174755287
65010719
167459895
0
0
0
685123378
0
0
619768568
503212566
0
723123289
604200642
0
324566294
531732086
0
874417126
0
0
0
336300083
843961295
865431161
0
301334543
445758014
438657451
0
830917979
0
51077067
0
0
848141228
0
461371239
0
342532771
632802041
238312795
822769568
49024322
941326294
0
283471348
0
0
0
182534175
525061644
0
539011624
931285606
0
0
0
0
752177368
897310731
0
978812562
0
492619933
51974760
730376389
1050778056
0
0
0
0
0
0
1058627559
605820983
0
0
0
0
0
973947312
0
580503223
0
0
970051508
0
555028808
0
491788249
0
885384324
0
0
417209127
68306803
0
0
923747025
0
0
172462604
0
0
1020908398
0
0
171986237
0
529775004
0
0
1003653377
352532499
616359522
865415219
219289919
0
942128430
0
329654745
525061644
0
368480809
0
1000595167
0
0
0
964492224
398364777
0
0
0
639230097
0
0
881264790
0
1018877207
988581109
0
0
720802991
426425427
0
0
871918222
0
0
0
751115633
0
97314468
0
0
0
876128636
741072578
0
282255745
0
990048852
0
131162747
0
0
1025063734
0
327899907
625693196
898025733
0
260091573
448470158
435460802
0
0
370765409
547472579
0
882353444
0
0
135354311
0
208559990
0
869821764
0
836070796
184690794
0
0
344070120
0
760508938
0
0
566209751
974477225
0
0
0
490909908
814000222
78345475
17532934
393075733
0
0
0
0
0
97076365
424858737
686719757
322515645
605820983
0
0
950094134
227324567
0
836206750
542075429
602012676
104086749
0
0
10515937
0
766169964
667605783
0
0
245882258
241946370
0
0
581664876
0
636621603
1053976304
808727809
909029345
841092209
826732358
288558755
0
0
517231818
0
974296794
0
428306316
0
0
590601418
0
0
0
0
0
0
91103454
505991333
348085519
429890766
408154188
0
0
1021761932
0
763516306
0
951749731
649004346
0
0
0
812165103
376454558
16422135
0
0
0
618526376
588053873
0
0
0
0
0
0
0
0
856729472
311868207
0
1007175547
971149031
849590994
0
181819562
1040449446
771933374
377526065
835280535
0
703872840
0
0
375862930
0
350919703
71687530
517622829
0
0
931182839
0
0
0
0
830917979
1013464000
0
351192297
0
82837030
782477012
984116895
291874302
0
0
1031981484
0
948276031
0
647289018
0
0
0
0
0
835497378
669087324
0
713973264
0
339250823
27462143
0
878483344
0
351192297
0
700916112
0
0
0
0
551825217
809218410
653391011
0
0
0
0
0
0
0
0
933726233
514381677
489647190
121475528
1026616631
520642228
0
0
0
0
0
0
0
0
0
908058769
133436514
334322155
835280535
0
418326319
0
0
959558498
1016018879
599553926
0
0
206850014
0
0
0
691665387
619902437
158039836
0
661073044
0
0
0
0
0
909875048
968116927
0
0
0
736663922
0
0
0
0
0
693133032
616598400
0
0
728078877
0
0
0
0
2070375
464622621
0
677655571
0
416236259
0
782984110
0
0
0
775375930
0
485387773
906995342
0
859363571
252404630
0
783415924
0
504679378
370215006
767716543
0
0
0
0
0
0
0
687977495
931285606
0
237113076
635733232
0
627729526
0
0
0
678403908
0
230609518
0
0
0
0
0
456507875
0
52901282
0
0
0
210738620
158045382
0
0
0
0
164605306
594096644
0
0
0
0
0
145771883
0
350856591
0
0
0
509157895
0
0
871791275
878677651
0
844592142
914024328
713180556
74274775
337982691
0
497491852
0
0
761262361
71763922
0
0
725986724
16218681
118955137
624220051
2320384
0
434960093
0
135463401
703599544
824794905
897622997
513061884
0
0
453109496
437452054
585547899
260053770
0
376377015
0
894921851
418273230
0
152664379
290567383
190804760
0
0
896095231
757861861
0
0
0
542132568
680754180
0
386614022
1004992693
0
0
0
872330745
828601229
0
276846969
444040758
0
362407296
0
661691058
0
0
0
615337682
1017555894
0
0
241946370
0
733900873
551028300
0
0
0
18618861
0
0
0
20335504
0
838217195
828984425
1066589181
0
518399452
0
0
832507692
0
49715509
0
1027912978
87905982
0
0
755046795
84512235
664752639
0
977039749
0
831139053
642281992
0
252960655
480982877
0
781204924
0
0
0
994075172
0
869935712
0
0
414800571
648727363
986650392
0
39276895
0
0
535018480
738952953
0
0
0
80572866
0
596628397
0
0
229670517
87534777
117981389
626466657
0
968134726
1013489695
0
302414593
138725255
0
0
0
0
0
192371418
0
0
970464822
0
0
0
213153029
0
924414528
539571585
0
592629285
0
913170572
532554620
0
262327836
185444694
0
247249999
480720245
934175288
61543839
0
97648096
0
0
0
0
0
586485358
0
2320384
149879838
643783607
0
107346487
103555666
404876088
100611522
858240216
39443164
70917926
135205141
0
0
0
0
490203051
0
0
0
0
1064494673
0
0
0
703516563
458475912
574903113
0
80572866
0
80572866
538668451
0
0
0
218799050
100611522
607185390
0
0
0
1017847599
201328069
654385829
238867191
0
964337515
0
850763357
0
0
0
0
736663922
180138525
547624439
88679745
0
0
716551268
0
213065426
630433906
0
0
154389100
172208449
0
62487987
1004830980
896774114
0
0
0
785116513
0
0
0
554827369
0
0
0
300477687
0
164215522
194080666
1001717097
0
869821764
0
74264437
0
0
369983913
740729597
314323957
919359274
458712606
419907123
0
615964036
916087932
88625616
0
192970940
0
217118423
0
299589443
0
0
0
558506305
0
875980269
0
0
567930685
952960208
856318177
968230115
0
0
138455204
300622131
914573650
0
556886102
0
64179323
0
0
0
0
0
196032158
0
0
455395976
510979073
0
500733164
0
0
0
0
99374535
0
0
0
0
0
288261880
1072352474
0
0
0
61543839
0
0
0
1001213928
290032118
319332697
1038127937
590107932
66076724
0
583692554
185115749
698419802
635235382
0
342404099
0
0
0
757723719
0
0
0
640754939
406332736
0
354599926
0
0
0
0
737461230
449435142
570130355
44179991
874613912
0
0
0
0
893118417
0
881868456
939978569
0
329336038
0
0
0
700891125
0
751319033
151756044
0
0
0
0
803996795
810718558
0
495108065
854114172
70087169
0
874613912
0
0
399847830
0
0
0
795084840
193650529
46381783
428135321
0
0
497371301
0
0
432569394
0
452458101
0
634513132
0
0
0
0
0
0
39490926
0
0
0
118955137
0
0
0
712443679
96819192
0
138604161
0
0
992578079
774908537
0
792847590
0
106974249
63384423
0
0
23490669
42907116
0
730600706
0
113540172
0
1072970764
0
259035865
802442730
167319180
568867037
0
0
658319874
0
307412212
0
172431663
398860854
0
0
0
0
1049790981
51874849
870439890
0
0
530003138
0
0
0
0
619853081
0
203333160
0
0
0
0
0
377420212
0
24709397
0
31982840
596545169
0
0
0
635410982
0
707788378
278931727
0
0
0
0
0
303209666
58655120
10838921
0
581664876
600021768
0
287171687
0
0
893234395
730135961
0
0
702688612
0
0
0
5593013
852915105
488414829
784526683
928246327
466764080
0
812800714
412874115
0
0
0
631774539
0
573772937
0
421870033
0
409909616
214342844
0
0
393711058
0
0
0
769583867
0
0
788932705
0
0
0
286743136
0
0
0
0
0
310542941
799111866
0
0
454048605
0
343453117
0
215773903
488451131
0
953111505
0
0
0
523289182
320037620
0
0
0
989566764
0
410797041
681124739
0
58784637
0
610708654
0
0
0
0
0
722909400
0
0
0
0
0
0
0
8679128
327716818
1043209668
822891794
796574866
0
9812884
0
0
0
150154172
0
0
225010495
0
0
0
0
847741828
451273220
424906150
0
459750638
395986181
582163899
0
36592940
0
0
390980873
1051286553
0
0
0
357201011
0
0
0
0
0
262332659
343652585
0
0
0
843549586
562515247
130390638
0
906680109
0
112708951
163713845
417060483
0
0
0
0
149481217
0
0
170667373
0
0
0
0
0
451841276
0
0
733108041
0
0
0
1055309428
0
84341340
0
0
0
294115029
0
0
692416500
915395323
948378149
0
0
977077605
0
0
571396743
0
0
52811488
0
97648096
44511909
296385050
0
0
0
172847899
0
899543408
0
476749843
1000497649
504679378
490623063
611817348
983720926
0
0
580183099
0
707377861
117207325
0
310936744
0
0
0
0
0
333548873
0
0
844776076
0
0
0
0
0
0
0
0
303664013
0
0
103555666
755245607
866033808
0
586380504
602012676
0
1026685518
0
0
121786578
40402244
225025052
0
0
787479353
419383771
835358893
842827343
533828549
140619748
0
0
0
0
681124739
99279923
360518076
20454577
0
0
0
0
52811488
0
859922993
322347899
0
0
0
0
551842056
133846475
419907123
0
0
0
282948903
0
72013703
0
0
0
306134631
742029286
0
537316087
0
518754843
0
0
0
818365066
854942273
110113048
0
226423436
0
148459011
0
0
0
1002160400
517276682
0
599553926
0
320713517
169561774
0
0
0
0
0
0
135185781
931620725
0
0
0
617163871
278931727
380777575
515082660
0
0
834643079
311913816
678264054
35212767
0
0
369297307
316554730
912275674
0
0
0
0
0
420354795
267376575
0
779969670
0
0
0
0
743303978
0
0
0
0
0
0
786887454
799825227
0
840950680
16422135
294115029
0
0
0
572242350
0
0
0
239930267
0
0
0
0
1036565610
947797339
0
204679463
837804190
0
966061782
0
0
881868456
398152394
636105573
514697715
417699411
0
416025744
511253075
925113402
0
322347899
0
0
0
1027338082
916231538
1051899631
0
585435402
0
191940262
1014177395
0
183988637
0
0
0
698357161
0
0
0
0
0
0
0
140411831
312161283
0
759263704
0
0
712530361
99304286
0
0
901632333
0
354735704
797431264
0
0
243727242
266729791
0
454460778
0
390018007
588512482
179280903
0
0
0
0
0
0
0
0
655955825
0
158359594
0
325332177
1045939398
0
17491719
517992228
85353344
0
353360539
0
0
573756344
995541568
0
0
376834344
802670978
511238259
0
0
0
0
584141114
282386909
0
0
677655571
949266172
1069968332
0
0
491543821
0
307186202
0
0
66076724
849851731
22886369
197137687
451913373
296764631
0
0
265105
765161310
0
0
0
0
157152711
911655469
0
101449189
0
619074239
0
598310804
0
0
0
688526559
0
0
817094823
0
103920475
872876912
323127023
237812749
759984619
311913816
0
0
748534243
512205093
523738366
440982142
0
0
819028075
665352650
1073537035
996424429
764871188
853259727
457926508
0
0
346818328
323559343
0
0
386819104
109375600
64274356
633670490
827145729
858062545
648752037
0
0
0
602415430
869315197
255688541
612016623
0
0
0
384068317
0
658550638
795263778
0
0
1028024946
188773371
636105573
0
0
991314109
0
980218180
994019744
0
215488518
0
0
280380112
0
0
350645651
0
537990476
82273083
577252379
0
385683815
1050507869
0
637272528
0
587642579
0
0
344222860
0
0
363872454
0
0
0
227324567
870980570
0
0
374884022
0
0
814856830
110583509
624775862
0
802102605
591430987
749484406
0
0
0
0
734597903
923969166
983513760
0
144362767
496783155
0
0
0
347105405
0
0
0
324668492
0
0
0
1071245345
0
0
0
606139205
0
0
180283050
0
1000497649
681124739
0
0
209854167
0
464592375
0
209672133
0
430440519
525795368
0
645039005
0
0
0
545011925
253644389
0
138459639
0
0
35212767
1039471858
0
0
523720772
738831198
0
0
0
0
0
368688537
0
749484406
778575972
493794329
0
0
0
0
0
0
570622381
452005227
863176242
739313864
932906513
0
0
113551822
0
0
0
547208780
0
0
0
947641565
0
858415180
370233580
0
0
336300083
592466421
0
999562092
0
0
0
940854429
0
391852074
324932345
0
0
0
0
0
0
738584276
0
352488376
17134909
0
0
999562092
654869380
165151067
503428571
0
861205281
0
603721463
0
0
978799748
0
0
0
0
0
0
1067220875
0
0
234318582
0
395885035
229817436
807442818
0
0
439294143
0
314913841
0
0
836525573
0
0
0
0
0
0
823163529
706053125
0
820413517
0
0
0
60530311
0
615219283
0
0
0
413228754
0
0
0
677333310
885301800
442063259
0
0
246769298
230905231
0
0
246926285
219576057
0
0
370016131
0
140619748
544450696
0
273298262
34479857
195650960
449435142
0
0
0
1014783025
955041434
517992228
0
0
0
0
915014784
0
906477244
0
382329190
0
503860687
0
0
0
574572739
0
0
267376575
672115414
613236499
335927296
563104097
1035032826
0
1050380681
0
490669919
0
0
449435142
0
678442907
747628926
0
0
851891691
711956328
438430085
0
0
1062560533
447016054
1024311981
0
0
0
595229585
387734299
339985796
438557983
0
1011689001
0
0
0
616525970
511607256
0
0
1051172240
899543408
0
0
899563570
1008523618
0
0
0
945590501
0
0
771035041
0
435019813
0
0
0
0
975774862
0
0
0
685123378
0
0
0
0
0
0
0
0
901467508
675050407
995323509
24200266
0
541090995
0
0
0
879268634
0
0
761375344
0
0
0
1068909707
0
522790983
827516580
0
0
0
766610244
795896624
118541816
0
0
834643079
627566283
0
0
531507666
0
140121676
36190361
324668492
48559431
0
0
0
0
0
199421030
279969297
0
0
1050994122
0
0
0
433548873
0
970032168
0
0
282434891
0
480651170
819371957
0
795435553
0
908344115
925837924
223037330
18591988
0
0
975774862
682820160
7515252
0
309673289
0
0
0
860757650
1054008194
0
897738486
398540626
634945296
0
0
0
195578261
0
0
0
0
0
192792018
0
0
492947642
0
290682151
0
54943333
0
757441867
0
363975880
0
560478695
0
799219306
0
293946395
0
0
932275288
381607050
0
271868704
884019970
0
0
0
229817436
0
50003777
300297913
0
899668436
0
0
0
0
654876118
436163359
84341340
0
0
867731149
0
0
810918427
496300702
0
390566982
196489249
0
1028975599
504439910
0
975774862
0
359261854
0
0
221646233
0
872330745
0
50773648
830015731
0
0
0
847741828
470019840
0
570278658
50271960
0
949366129
428195383
656841070
895152382
0
0
607888028
370016131
0
197653614
0
0
0
0
0
561772675
245639643
340282554
0
0
0
545809984
230208499
0
52908805
553328167
480533059
180021848
57561737
0
166689747
0
0
0
0
267945102
0
691896299
0
0
709186759
255183367
333016783
388006620
0
0
0
0
531993243
94201141
0
0
342212762
0
0
31014257
0
391078251
0
755287754
890995734
0
0
0
802485998
0
1072055633
189408544
887315967
210007255
522680337
0
3424526
0
939579998
680946178
705083850
0
0
0
1011006993
0
0
453828860
108496099
0
946046137
0
890301563
0
0
0
729114016
0
532282225
1022873948
0
331181869
554443110
516659107
1043163096
876833169
0
191065889
0
667530234
0
917098073
0
0
837323533
482011361
0
498682793
893337238
0
280122412
0
240009042
0
0
0
0
0
0
0
0
561443981
866363346
788634205
0
359348378
596788802
0
0
0
0
0
0
289513863
0
174435582
702308615
0
0
0
0
570622381
0
266199396
396239964
0
100681902
958525204
117161315
0
58406910
0
0
0
523885291
418009627
0
601546741
0
718574693
0
0
0
291730602
738054626
62545468
938158419
107617039
0
0
730596842
0
0
231715003
0
873789695
270177339
171819665
0
0
0
0
0
0
403079567
455170712
1011338536
0
1045024888
0
0
960503403
0
818509062
916303460
0
0
0
489876491
464184729
0
0
0
913209721
0
0
0
0
474210583
0
0
716898404
0
490245534
911582719
0
0
992007522
893519890
0
449225328
0
635616236
0
51487833
0
133761853
0
0
0
1072115780
550136900
981451500
1011006993
0
382885149
0
0
0
845851816
0
601407106
0
0
281883043
0
862454780
549702458
878371263
0
0
373411855
283471348
0
481419487
591491270
818509062
243072512
0
0
0
0
0
0
716854658
598099591
128457986
79703933
0
651564986
1049957882
0
0
0
44179991
0
0
0
0
0
0
0
0
545827924
143836009
0
387507717
0
0
0
863593177
157130862
1049246191
0
500460741
0
107749723
777653463
837512978
0
0
0
193026235
0
0
916812894
280479537
507039245
374940774
334981882
1011561501
0
0
0
0
0
0
0
0
799482149
567878131
133007985
0
0
232266876
90232719
1043204678
349567234
0
391766937
215535841
0
1043109952
75013439
394005098
10942185
0
919405043
0
0
0
0
495129340
0
0
0
0
192538094
0
0
0
854258138
0
0
100754088
0
0
0
0
0
505348994
0
0
446702895
0
390579881
679432110
0
0
0
139812830
0
483741693
169881324
443256014
0
0
783178059
163863016
994095562
106540316
0
0
750855897
159032928
0
179553017
0
0
789350889
0
1029285895
894642286
0
479255888
0
657065486
0
0
0
0
0
0
971619202
0
0
0
0
430867769
923324371
855030685
286058126
0
367866119
511352284
166118882
0
997136825
0
0
0
0
555449687
154909667
601352298
611625252
0
0
0
0
0
0
0
0
545011925
183289150
75280292
144362767
0
565186602
0
0
1046917671
0
824334898
0
0
0
0
1022461236
0
818509062
0
0
0
0
668599936
0
0
576448765
0
0
0
0
0
0
0
677300189
942782673
0
1036877742
582670325
0
143531741
64402551
0
0
313804133
398115505
0
1067544347
0
66290479
1039546975
639670632
988811481
1026714483
208724142
0
0
700783001
144312023
0
7671547
660825932
0
678473781
0
570506773
0
0
0
1050273752
458372458
1070426394
0
0
0
0
435367952
905987496
818300381
0
0
679389373
0
0
640146984
0
47086537
0
964484880
0
0
0
1052748421
612278156
0
0
991426096
0
0
0
49952324
0
911085383
61543839
766721964
259033871
844735365
0
655479539
1057309331
0
0
661781010
639191639
468447013
152017054
639132348
604200642
0
0
553248856
476640180
292414284
199233110
369114563
0
0
0
0
0
1072685320
0
0
0
869176045
1002942804
877218110
701339888
0
0
552591818
890629020
0
658570342
472517469
0
0
1041778266
796514628
0
0
0
0
0
0
751110044
635142183
0
792276651
0
0
361261196
394579913
0
0
97648096
0
612128808
409196227
0
556006734
211668724
929801493
658026767
0
0
340565963
0
489513070
1013432712
892970233
0
893519890
994075172
240695539
0
321688763
0
151911892
111689682
926066436
165910034
578148503
0
657963735
545832282
0
485303872
0
75023254
862608452
0
629616342
799005847
111096163
344715177
0
0
282563903
0
784742910
199983521
0
188414898
11967921
43411040
545766538
747287058
802074173
70634455
0
0
676787696
751289532
31859714
286511555
697106370
198049969
0
0
547015748
0
0
901468879
582403742
401234727
278000965
0
1072599831
0
215282966
89374074
0
0
0
786302325
177221848
0
0
0
717969454
436675454
135094729
0
929857489
0
0
1060311244
458068972
203131619
445563702
934890043
0
851314179
950849596
0
0
669700158
971725186
763939617
0
0
1006624044
0
0
631738922
0
1052389531
0
0
178817432
397503357
0
0
438700262
0
0
0
0
0
0
0
942201084
0
952626082
0
0
996067981
0
0
507403350
591125354
0
339782236
988940889
0
666937978
0
782824659
0
372763883
320897825
0
0
0
0
0
0
0
0
0
716052045
0
509310901
596582795
292795947
0
0
418326319
819988287
971520890
0
0
0
755744670
0
0
688868399
156066111
0
474210583
0
375869927
0
473594300
665462441
0
0
0
0
0
0
884400204
344933432
808334161
0
0
0
810429869
0
829065995
917001857
0
0
59710201
1005443825
70043931
602924556
0
334987967
0
0
223676027
208724142
676151752
0
0
0
0
234887789
0
0
0
0
646945384
0
290420606
0
0
288713808
0
330286720
314913841
342839765
0
0
795453915
894506489
0
505887852
0
0
110847212
0
833329396
0
0
0
0
0
0
0
294150202
697285056
0
687423012
246426984
0
66018373
0
790859299
0
0
0
0
114793964
0
327004543
0
0
308329013
480046096
787916117
749300894
718391259
0
0
0
0
12374598
1045938174
926391621
0
844043860
0
0
0
580366915
0
399722038
1028773750
0
312111866
690121085
0
935802468
591250086
0
0
0
0
0
494637637
100754088
1053917527
0
105168895
0
494195675
985904694
959138208
477899419
0
0
103150250
0
0
0
1000025815
926355437
958240212
843270217
160482210
154735297
838450049
0
68216394
0
0
0
0
0
0
0
0
0
0
324808376
0
947279885
943715452
173907593
344712076
0
0
0
373153331
555541127
0
845088698
499047198
0
0
473861082
1036909289
159637015
648727363
490299969
441506070
0
0
0
0
0
0
82375766
598147186
797431030
1061445624
0
817889840
0
0
0
0
427293920
619734031
218434117
690984532
560904118
100754088
0
650569899
347374061
96656404
0
0
0
0
931319029
0
0
0
0
716052045
0
251547571
71824861
1004624393
0
0
0
0
0
0
982341117
0
813778887
245735305
0
228922556
580114885
0
0
0
0
975967330
0
780598437
234709190
0
0
727927735
151265668
0
0
862608452
0
35514166
0
0
0
512564258
0
732225657
312362221
106896592
971462852
1022795177
154579825
0
0
950545753
0
0
952626082
586614352
0
489483391
910769522
0
0
0
111368575
749121273
0
0
509716415
772392607
0
837621017
987444637
0
0
242391135
311905343
0
110847212
827817113
130803481
0
260739065
0
1038523822
912611104
666855080
0
0
0
0
0
0
755875824
344398047
0
77649552
0
554082690
0
0
328666850
0
0
0
0
0
0
0
0
0
11550568
966197138
0
840753152
0
982877277
996313801
0
0
496991350
0
0
0
0
91318845
0
0
0
0
441947878
135656698
651642177
424195780
0
454208878
0
0
555037103
1027268497
0
305234786
570810604
118102594
0
1014562184
0
0
456424948
373908180
565423182
0
0
0
979064294
369317803
0
0
0
0
319432165
0
632756460
719823721
312434597
0
0
1070021497
1055368560
933828981
0
0
0
269777444
0
20035544
0
251547571
0
174284455
710842937
0
0
687932309
1062368676
0
741595345
0
0
658664523
0
678417350
252567911
743897890
1033772571
0
249004642
0
0
0
0
226987537
0
434929758
749202309
0
0
0
0
950554171
0
0
0
0
754311307
0
0
17897321
0
0
0
0
0
520853942
995591699
0
0
0
528015726
0
977446695
245377959
0
662649230
574294866
0
0
179800291
0
929820387
0
0
735635707
347506758
0
238529886
0
597697998
906211355
0
414789728
0
35004891
62545468
1069997078
0
528749370
131129112
0
385070713
395285928
0
380555143
880937232
845473761
0
0
0
0
0
0
545305775
0
489976045
0
787210631
561396694
0
229934289
239325553
297453647
0
258147009
72099249
0
937261205
423828749
0
0
0
920763134
0
0
276504538
96446143
75575804
0
0
802888896
0
488972363
470112964
317901298
0
0
242806466
0
698900953
0
345592115
323994918
1028049598
0
626625424
981786288
0
0
0
0
0
939461849
1024312502
0
0
1018218208
0
0
1054276503
820221623
733626725
0
0
15565757
739040054
0
0
0
6323017
0
0
598540115
0
814557839
860315929
0
986446398
0
781419579
226475919
668666905
911852077
0
497117859
167426127
929857489
137087483
0
194839516
0
26108406
739910490
29319079
535880966
0
0
379485111
0
0
0
555469948
338550137
358409505
676234021
0
0
595870965
807948688
0
0
226553069
0
0
276492523
0
0
0
0
139850095
541160696
860794601
0
924209132
0
0
189331313
0
345426493
0
0
1040601290
1064664116
0
709480759
0
421344819
0
805532506
0
279737780
0
268500187
931319029
1052727236
0
1042574149
197595789
0
774416603
0
17195392
665370151
0
1054477935
0
574173216
88143635
876118708
546097785
996678323
588235289
31648891
480325184
0
657164360
0
0
1041364430
0
0
328092100
481222999
0
329448445
0
245338571
0
645954449
0
176615084
281401645
0
27985752
661719281
713820574
0
977771027
0
67995257
0
0
0
0
0
740971618
0
0
901063671
576773447
0
0
62274111
0
613749922
0
0
0
0
83286269
805552871
848712775
92989287
0
580881235
0
621047432
555469948
0
514426997
422564325
499047198
55077604
0
0
884622606
610621396
0
0
0
0
0
185603591
452043492
264411356
579859662
0
0
664852898
0
0
0
0
0
864952670
177512043
0
0
0
269090681
0
1009324453
0
0
886121282
166277804
404563051
0
0
393787496
0
0
777863257
986301337
0
0
818603439
527979567
0
0
0
118274195
402298395
195873415
158432333
0
0
921221297
0
0
0
274230976
0
0
0
245982881
1004272648
448892658
0
35704005
373865785
54560936
224984155
464408672
974693710
0
847741828
0
0
0
920634045
0
749923018
0
0
95691177
979164370
0
0
0
0
254140488
802102605
340565963
0
578978421
1048121813
0
120979486
593241979
0
356436583
560478900
55693476
0
0
0
0
0
284658443
0
0
0
137495955
902573832
341695674
901063671
477857384
392893373
847873519
155136676
615507249
910145368
0
118665143
0
271589010
0
0
372218516
1042622672
334118502
0
436718889
0
0
0
0
982012675
246181114
0
855237716
115782925
0
0
393787496
1072303409
134485928
0
758732813
0
0
0
513760376
0
0
0
0
279993836
660825932
0
113365151
2407654
629886442
0
0
0
0
0
563289089
0
39411218
0
199421030
963661087
0
554157906
0
949274840
0
0
0
0
0
0
658513134
356001753
0
444197296
0
0
946580598
0
398349979
604296064
0
0
0
738386463
0
0
281163295
0
291730602
983414784
123029323
898450696
811386469
0
1046502571
598234892
122397303
0
0
0
0
229598406
0
0
410430370
0
405291259
136018922
322473243
0
0
0
564767948
116429362
0
141293196
0
477474685
0
938225641
390324771
669921984
0
997212482
0
0
0
981302691
0
943233577
0
0
0
0
0
0
493721643
772574550
0
282325333
485727962
0
0
0
179712890
592606472
84601567
828239079
122397303
0
225195071
0
0
0
807943296
372069994
0
50462742
0
25991184
46614576
557981380
41579959
947922079
461025858
0
0
0
0
368665106
0
0
295175367
1027421297
765705855
0
0
0
570836169
0
0
0
0
698855484
1065575660
0
903192537
464679224
1053842683
0
118665143
0
0
312354292
0
1061523052
0
503188067
0
0
0
0
0
0
0
50858388
897650456
0
134199771
0
109064021
0
914672482
950094134
110813564
197128912
336864137
0
861256542
0
0
501068639
751842830
426157953
210537992
698903508
0
468374223
0
398728239
622764499
0
219543333
698900953
633759490
830049814
0
0
0
0
0
449926252
525350747
0
475409453
606138888
812074821
197573375
801746275
0
910210625
813367162
0
0
218875808
213659645
0
0
0
0
0
0
378015736
0
1005183555
0
681124739
970640012
0
0
715991815
0
0
0
0
323382509
801466655
0
0
0
0
0
0
0
0
0
0
0
336242943
618374679
0
157051579
283257356
805532506
928539637
0
899097662
110992187
0
0
518098413
66329726
176883624
0
987949221
532722395
222564304
328031250
0
589254132
993276410
2298171
563529771
804080762
0
0
0
902967642
0
0
341695674
0
0
0
0
833621378
0
854055498
1044686757
535880966
96528119
179395779
898104901
738591308
0
0
597697998
964804605
0
0
1052252986
999957645
0
421727139
0
0
0
0
232806447
0
0
0
764383534
449435142
0
354840896
0
970581630
183289150
331270848
667364111
0
670445716
0
934152732
0
38877244
0
99264128
756151248
1004997268
1042970329
0
0
0
1061667619
0
0
288732732
503065865
428469601
0
0
158236589
0
355801889
0
458073038
717039878
614605311
692695376
906156753
611817348
0
0
715288120
0
0
0
0
0
1073099798
799252667
665154679
0
0
948061756
0
409940828
1036909289
0
936108507
171987999
0
834240561
221631641
80026124
0
0
0
0
91103454
0
833207049
906471164
1059788608
0
0
890867381
0
0
921908220
271442654
0
907279199
1042970329
114059380
0
50142342
0
470820960
799767730
859277357
0
674966485
0
0
0
0
417904547
0
0
0
0
0
0
0
353582722
0
0
0
0
765695438
384187028
0
0
0
958878504
0
0
420064127
0
0
0
619223010
737832146
545048300
381189404
862339764
0
0
0
929853371
83545092
0
845147792
0
894895336
0
0
0
0
0
0
595639681
0
0
0
0
83494454
0
833328227
656629426
466418382
0
455170712
802442730
206322428
0
699359577
0
712132714
1017171922
0
681124739
0
153674525
0
1045388343
616455853
0
1014800851
819584608
0
0
724596393
0
0
906366503
701070060
525074440
552462757
0
786282020
1052793865
0
83447846
394811068
619491643
863922211
923464817
0
374972864
0
940315191
0
0
0
0
0
0
0
191928111
0
108454071
0
731523426
666317544
910429249
667014709
110755604
0
0
0
0
959577395
0
8803431
763234537
393664879
584451419
673507040
645116785
0
0
693158912
670824872
0
849549843
0
0
660472591
1045495502
0
0
0
0
576510739
515082660
0
0
1069695042
0
412950911
596288983
71850301
0
670824872
0
304563111
204298935
0
16641068
0
839319310
115987881
1023668801
0
757876266
839084750
572327701
0
187474524
0
0
0
258868921
877524976
989394871
0
0
0
0
0
0
0
339781771
0
995798065
348517053
0
0
0
378263463
1009064039
0
5227656
0
653339466
0
815972837
423411450
684796674
0
0
0
0
0
606425736
0
47063000
902514693
606480637
0
689717542
0
543606044
0
620833438
0
679978905
0
1063812390
0
494914937
0
0
0
449435142
851222939
912058562
800834105
144719772
0
0
0
0
0
807180837
148023045
0
50343878
0
0
0
891855747
223496906
0
0
0
40767549
0
661694731
0
394225559
660472591
0
0
0
192665238
142007809
312831780
317316949
683717792
0
208266412
0
0
504439910
0
744200398
1050330615
306663933
0
885653495
814557839
0
0
285832845
0
0
0
0
0
272713909
7440575
689440009
0
514596274
685123378
0
280966852
0
311662485
0
0
0
373076689
882762589
894404523
0
0
0
0
0
733074614
0
1013341001
105330493
0
501428743
0
438018122
680605484
433629317
0
108116517
0
0
937491072
334466007
771011385
687774342
0
104678004
514426997
598317604
457688544
686671090
0
157017638
956762726
723254256
382027004
0
686627579
157009402
511340636
0
378596973
0
906489377
689794041
115003250
0
314925661
1004432582
314254608
0
0
152023038
613409819
990074008
0
1014901351
591224003
442063259
336069728
0
136716129
0
0
0
640112217
0
373901137
784896958
0
806848822
625053494
734281967
0
0
946531827
0
640817772
648099089
0
38239475
331324806
182429538
0
941397752
0
404934800
0
0
88847713
876833169
0
445213160
260857049
0
0
858956978
0
0
0
714916169
0
0
563281953
0
0
0
0
151066709
360478564
0
0
98390385
448910377
301191278
31640880
222305049
0
362308068
909621364
927134791
0
67220377
518076286
0
681927697
0
865841927
214346299
1047358166
0
0
0
195785465
0
49864101
0
0
289200615
133606631
0
340072012
902514693
0
0
0
707177187
611443674
0
0
0
588046038
0
160324427
484547191
0
394254422
0
0
255106976
455314545
0
0
0
950094134
0
1028386502
0
163815596
709116097
0
0
0
0
587369263
0
657542983
526569188
868338766
0
0
554384500
0
0
0
70497132
246310535
0
789995640
0
0
797798979
237949203
0
0
0
0
5512700
696685235
0
302917849
782106385
43417254
0
0
0
0
244606092
0
54508521
0
487600878
93568705
0
0
875639943
699448715
535635529
0
763800011
726144644
168725821
942086963
0
435962204
124779104
0
0
0
865121660
0
566690695
0
0
0
0
0
0
0
376678495
807107906
0
0
411154711
0
396054682
0
864325256
977638508
0
0
163977623
0
264550286
0
0
194201627
456856129
633356661
655147725
0
873881097
0
0
0
0
0
0
0
81338235
0
321745748
990074008
990377850
277274430
935952130
0
346628392
0
573026469
0
237522405
799812038
0
0
0
0
0
0
131894230
0
0
201161918
967950457
201161918
789843968
31787621
0
180224900
951453253
0
0
0
339303330
0
0
0
695885976
0
314346802
111112166
0
0
664531927
775246314
210657744
863063434
489556340
0
0
878474189
674673912
774814999
0
0
588104129
579743311
276752007
0
893848823
0
0
0
0
742398118
211148471
0
0
0
1069289352
665154679
0
0
0
0
1065813626
0
0
386233916
0
0
326217320
0
0
308873445
613448224
0
0
476410246
875923498
34487928
772915472
467104614
0
0
0
878762480
0
357570154
396874947
1034219623
0
0
328031250
0
81966513
0
0
0
1037891010
773060191
409564003
347944606
115987881
0
515917417
722516
397615018
202249401
0
0
0
0
0
0
0
0
0
0
0
769345140
0
1052655569
0
903957730
0
180934197
0
90610809
0
187191999
542375751
1059432358
0
0
435671519
327077810
515917417
0
0
946235703
0
0
0
0
107291877
51008204
0
0
0
0
124832133
0
0
0
0
478376989
0
0
50716495
0
562579630
0
360946977
0
147900720
629630796
0
0
832841201
885653495
0
1023460278
0
432657688
217671839
890322397
309093503
0
108258896
660629361
724577570
0
0
0
0
102578155
0
0
0
548173405
841347290
658538045
146678704
815953741
196758923
719296154
38002178
0
783271642
946984523
232979645
0
0
81365641
0
1022354312
955188255
0
0
0
985481886
105330493
447797573
811762090
268500187
0
0
0
0
154169299
73738264
0
0
0
168125172
0
0
1013715609
672986907
0
995519427
0
0
117277289
501068639
0
895885270
295738344
686139160
0
0
634755773
0
0
145972368
521176580
239896835
175952065
0
0
0
318841830
148795741
719087481
0
316716462
90669779
772708729
0
0
110200828
639242174
0
0
550912327
425381313
883081547
0
1021568143
0
937918990
1038532254
0
48473720
0
0
0
0
188497993
0
0
0
146808213
321252656
0
0
0
0
557002713
0
568120039
0
0
93431645
740400021
0
0
1049029893
694650500
0
0
952860513
1056658246
61043314
700939793
0
1009914986
396545172
191951789
1009635287
0
947166801
1066018825
747819802
560258590
827790884
0
1005183555
245119618
902996005
0
2601781
0
0
0
148426484
0
820810895
0
649076932
746312582
25363309
0
999378968
266861550
924441826
0
608335741
0
0
0
0
0
753984952
978836406
0
0
0
850612733
0
601592042
978304361
0
690076190
0
0
0
367158345
0
665635981
0
947044993
822914398
0
0
946310192
0
708353073
230005859
783345643
115396666
448764587
0
214805582
533188385
0
483107483
1001413733
0
176917813
425234083
0
0
661923498
1055743254
0
98868124
418465344
276859251
116493449
659039894
0
732659510
20732484
885653495
185875467
0
0
0
1048604491
145972368
329670164
881939247
267901931
55623078
0
0
940275354
163444170
0
587084743
105708235
142976717
0
0
0
183866316
0
370392375
0
0
102813279
0
588202276
18800893
137680469
642829291
81009986
367633474
671561261
207168031
0
382434075
466314003
0
0
0
0
0
579256360
661895803
0
774748999
754839462
0
0
361539360
259648333
0
0
0
1069606389
0
575220316
0
512550162
455969494
809344927
0
0
0
518289051
0
0
824662539
0
0
0
26184036
0
0
0
0
0
0
0
0
0
0
0
315062555
0
0
0
0
157017638
196758923
0
0
139046980
276050667
0
631716884
0
1014296218
0
0
0
1060502037
589319094
810845699
746780262
0
0
0
190984188
620332890
0
0
0
0
0
37123056
820661834
0
0
473676662
0
0
258548180
0
223123667
165573511
0
533341496
0
0
57993741
694373853
284813920
513813632
0
670427809
0
0
1056550462
0
185905792
714380288
477743482
0
0
1065021502
0
0
0
374003387
0
0
571255338
62489140
0
288148721
0
0
0
1019034995
373689602
750934488
0
0
128679473
910843487
874286356
187191999
0
0
832156178
316636972
777501652
0
0
1043064407
937417678
0
0
0
64116667
595892036
0
0
839319310
0
0
0
1058243325
0
0
0
0
779846579
608718059
0
0
0
556009097
158081968
0
30570998
0
0
0
153986056
465358527
0
0
0
396088801
759409298
3819611
96975293
0
258318308
0
918587186
26082498
1022404558
0
11710986
0
960262144
551992460
0
775215884
297149284
0
322689391
0
258350164
0
688547111
0
0
574427638
725797867
240604807
146937208
408229622
717190313
0
410436499
0
103618898
0
959777937
419527828
0
0
0
143744658
0
224179460
233839699
0
339540417
0
0
828457407
0
0
0
554826060
774005635
0
982678710
0
0
300355246
926431948
0
0
0
931236335
248653441
0
0
289535581
446432489
874959283
0
136412301
70919645
162396911
0
104604522
0
878514616
0
0
885023453
0
9626533
0
701467316
0
0
0
0
640691664
0
806427085
214805582
0
0
672605027
534718895
0
243165937
497400575
0
0
630292995
869627797
0
499447385
0
0
406207519
920267551
0
0
703221816
450344498
0
3258305
425647622
105158390
252268085
0
803121082
0
92425269
0
0
0
0
505321056
0
265889628
86839737
732655283
146574725
1044949818
266166404
406207519
272210361
0
0
0
1001520256
173148925
760702181
0
0
802102605
0
0
661227497
0
1056287733
0
780875175
0
0
0
0
0
0
0
0
732659510
0
0
0
1027245549
0
332026977
882612787
781982552
0
1041738589
774898143
0
0
386190577
0
0
0
0
0
876236697
0
935802468
170961908
0
0
625709899
390298197
1058870563
0
0
0
0
0
194727266
0
83249208
0
0
492727115
92447257
0
219595465
0
876118708
744719874
474324129
1026065264
1026745784
0
681124739
0
535363374
0
280966852
0
946046137
144316834
0
0
981978492
0
0
793034779
196976109
0
0
0
0
222376405
0
0
710183537
0
0
0
0
681927697
0
0
0
154579825
0
60060321
0
0
272752318
0
117992267
0
0
334787801
0
0
107097765
509185369
710782318
0
0
341330936
314580398
0
0
677511339
0
260719743
0
32359289
52879114
266166404
250850382
0
380088742
0
119062465
0
0
0
441448377
0
0
0
300744534
792184830
301011826
0
737146863
0
0
625662933
1062041667
0
0
0
0
0
0
772567827
599536064
994743487
658557203
744166949
218876090
0
900794803
572582573
210313266
0
160610247
416596568
0
0
489205886
386533024
684016504
0
546880834
0
0
921992446
0
0
535215642
640883266
556998435
92425269
472954735
737826996
578093314
0
739800355
741162178
633834861
0
548407115
0
171583922
0
63650995
0
402699155
0
0
0
80026124
0
0
0
0
167919214
193734286
0
0
0
0
458473324
554579347
633834861
0
0
542774388
0
551033583
0
973367318
997672853
871824618
769883542
228541406
0
0
839374498
0
918048935
0
0
0
511345284
867854693
1028024946
60309438
462302778
0
0
0
0
0
0
0
175223784
0
0
687602731
0
0
0
967134308
375456056
0
0
2858223
0
920319640
0
0
0
0
0
0
0
0
945562150
0
0
0
860223942
0
253612638
390411820
0
392476287
898154877
0
0
0
963455204
749772751
0
413055040
0
559738811
0
632580881
0
0
28934670
0
0
865433208
0
786845862
0
824328418
0
147159795
0
513418378
0
870903205
0
0
280356403
418619139
488865265
956478388
393441580
0
660180846
0
0
0
341102467
625447953
0
612687690
376290644
762043283
0
595010114
0
0
559801036
0
334445161
196274114
0
0
70152388
0
0
0
584734378
0
597121726
0
937417678
0
0
711125633
0
205330509
0
0
0
683295131
61448645
877844503
717457819
0
932844872
363975880
56793653
793087538
882257190
0
0
0
0
0
726202471
0
0
0
470626797
0
186537568
0
0
0
0
217212334
832507692
444003626
0
0
0
522303218
1022122433
0
613095564
369835594
522840248
233909413
378658209
0
161047181
0
0
0
0
444468161
561131660
0
857758972
0
636622839
384539624
0
707938206
0
0
0
407303852
0
633968658
0
914666757
0
0
286287509
0
0
616010689
218434117
1010049270
0
463437244
130375814
514986074
535733721
0
0
0
0
625231039
104889322
816200298
0
0
678590308
0
0
0
0
934892134
0
0
564173466
0
1030123395
151977813
0
560854812
0
824737209
0
618511432
983553022
0
0
0
458372458
808264515
593683096
0
1056403773
0
0
0
83741713
0
61543839
0
0
0
63263591
650940617
0
0
0
329715468
0
1044991092
603003457
556494244
0
0
137611923
0
0
0
209171597
19055549
0
0
807107906
935637829
1071833115
1000020990
0
0
380948689
13788855
886024226
224352697
7597586
0
0
231994249
0
0
0
0
1008564437
134095039
207859182
0
953469537
0
531106335
812522398
0
0
678478557
456507490
304229068
0
0
533525582
893661963
430312510
0
85553656
0
146725628
21391347
840069552
399476768
0
0
376921939
0
0
0
743110597
932724094
681550255
91718341
0
831139053
0
0
0
0
135703038
854141553
0
0
69143142
0
26934269
158264664
0
0
0
0
0
0
0
0
148531153
0
0
0
0
0
292582764
0
0
836417728
0
0
450470695
0
0
0
0
804869080
952462737
0
172440013
0
746577508
0
0
0
445191063
2318698
0
767375593
623468892
610761272
0
466778457
0
0
892776281
533617038
576870728
674966485
0
0
0
899677556
0
0
0
232055713
0
0
354917387
351253420
0
0
521713887
0
0
0
0
252519311
0
0
485197524
44874951
0
0
490428770
831491474
612232531
0
0
624256466
600745325
0
1037492638
533617038
443813046
251603098
0
1073073843
0
903458370
37995943
74924959
0
629475452
0
0
412304024
822718030
0
0
0
0
0
0
1068706777
982877277
0
0
0
0
823946710
598218159
585098407
0
58923131
707495416
0
633852077
572392212
396689931
0
1045563577
0
168811415
0
1025563670
0
0
322495133
883186928
0
919465666
0
0
0
182267521
688836237
135094729
0
0
0
107577524
0
0
917262887
0
0
729543578
0
852883131
950426935
0
0
772574550
1068276546
479319414
601614548
0
870439890
107294521
0
464206230
0
0
987309634
995916432
0
0
167387108
803128376
131438349
0
857054136
535379997
0
0
1016978303
560106581
0
827607682
337713089
845673141
0
856022077
1039302478
0
0
0
877913078
65337727
0
0
0
0
662474466
13457227
858335560
0
997372086
0
0
477719835
0
113737722
771015587
881641141
370501581
929082438
844947127
0
0
206942456
0
0
0
496209226
160446741
700655806
479649264
0
0
126546454
0
354782800
796234626
0
125788588
0
158684847
35623337
480843351
719683845
297866266
0
0
0
0
0
0
0
0
524720064
364179788
337054623
770870093
659894140
976665062
232866042
0
0
0
0
0
0
0
0
964949923
607470379
908462361
1071331868
0
171904684
0
81366255
336864137
0
0
866737739
536798300
0
519141686
618865528
0
0
1044471341
278093725
0
320098986
482846029
265629082
0
0
0
751562467
0
0
436323742
0
0
62632594
1027948758
0
0
0
0
854247935
12140873
472762990
0
0
0
0
0
1015361606
34777133
0
945562150
0
390469150
628230283
0
0
0
713384854
32846748
0
0
489536949
365182320
0
103357648
0
0
0
0
491887275
0
0
0
0
96734446
0
0
363245111
0
707695389
240598557
1049246191
0
0
223185022
0
178453767
0
1023885569
0
325851013
0
0
0
0
0
366770749
533188385
223017777
1007892902
269518780
588500839
558158753
1058471896
0
0
0
922979593
0
0
882123079
0
884708938
0
0
0
688307918
825525714
0
1065280482
0
16450974
0
0
0
0
0
0
391417199
248888040
0
683214396
903192537
874126158
249343268
267512141
0
1059077576
0
0
980166552
0
470446374
639034082
700280439
108824456
774183041
707229424
0
346521814
0
0
818509062
0
0
0
0
605147428
0
0
929853371
0
463696337
1060952624
0
874798673
1041506193
1049275900
0
0
877138479
0
0
274360402
426409589
0
0
0
8036114
390700217
41336394
0
0
0
612637221
0
0
0
311179301
0
38734105
652523465
0
322517945
650688450
535629716
0
0
160610247
0
0
63615819
0
1034869052
327563126
31622458
911018871
0
0
326062604
534833507
0
968414055
0
0
0
492198919
0
0
900059888
0
91144934
0
461391062
0
0
0
753394270
158684847
654338945
0
1050517653
515003249
497884977
901825168
357829089
0
516193357
681124739
0
0
694373853
904301150
595414681
274659287
190163992
0
747287058
635975079
271177517
0
836688912
0
681914086
27871309
803162090
0
152525984
0
0
413444520
966187895
214932642
0
658260240
0
0
526476095
961075568
1068997273
0
682933102
0
948923238
869910042
326062604
0
285188996
691202008
30249927
595558403
314443138
0
72333412
0
0
0
563902486
77012782
0
90179304
0
0
0
0
178537018
0
0
177997105
768175983
0
0
941621735
299370894
968969177
0
648967385
341330936
0
0
0
166312457
0
413360642
0
447977883
687672938
373259065
889760337
0
854943945
0
0
0
0
455170712
0
0
708728867
624836255
389511162
0
0
913236160
0
0
913986734
46538020
0
1064860770
988602341
0
586059089
0
450698457
0
0
778720967
53017604
196301878
1027825812
505867939
0
0
419222184
0
0
700750110
145347370
0
0
0
955841803
0
0
464082293
0
0
687205858
891370063
378658209
0
0
0
0
54114647
457374028
393585394
0
557682931
996782340
238557246
0
541120766
0
0
648623975
949263967
145237810
575283940
0
0
0
0
356011194
0
499646796
0
0
0
497781346
0
832670603
0
0
0
0
378482080
462718245
662529867
0
741149700
49136688
403736569
1049686511
0
698019376
0
567004660
288695926
913321041
797319627
0
0
0
0
84370247
0
0
707006249
0
0
1059907488
900059888
110730441
0
345102562
0
757530008
436710826
0
1016038995
0
0
414778648
0
143456524
445060750
871791275
38239475
0
0
0
0
0
0
886749148
636156899
0
0
1019791692
462005250
0
0
0
0
768933849
486180509
0
0
367768393
1048514785
0
0
724793003
0
0
523579241
0
0
0
0
145000799
0
0
0
62584339
0
104390342
62350944
7157560
64692391
0
881061968
0
0
894587507
0
0
337768895
0
0
403870726
944298242
0
483974127
0
124343368
961759207
0
0
36328554
0
0
0
912071482
72901056
0
293062047
0
0
0
0
0
196474748
564128068
412848542
334347238
58185199
0
0
479131474
396993326
572272414
913717345
0
572178424
662187171
0
1021513221
811307420
867823930
0
0
208137972
280966852
713083914
804417151
652582679
541465806
421339213
0
0
88110192
0
0
59549746
0
0
0
0
1073272783
992567646
0
0
763684954
882875309
0
529337482
0
0
59281201
296735086
0
0
0
228045155
395505780
216533641
0
0
563995146
0
365523330
1013941424
0
759048280
691873738
584034436
328098868
688070214
0
0
0
0
0
0
806920562
0
0
374608610
734618588
911659065
0
0
719487854
875720162
821772427
0
0
950094134
0
0
70222135
0
0
484230776
0
0
0
0
0
844725045
0
0
0
0
45892660
732439842
0
0
0
0
0
964813868
318717693
0
51458984
895663260
1043879669
0
0
463475413
468623444
0
237623344
8036114
1037727903
0
0
492727115
0
0
0
0
285715154
687977495
0
0
886635448
0
114061898
0
0
609292576
242386976
0
438031979
658570342
0
26040143
0
148538619
89298305
0
0
798202954
0
0
0
442268535
0
0
0
402776781
0
0
964949923
184026019
0
651012257
10391870
799613313
525980297
0
0
602472747
428569775
646577467
109280146
372050371
696834281
635690997
321100332
34314650
377003403
897698459
534332405
0
0
612661169
996207869
0
0
0
0
0
0
0
0
0
0
111781061
0
948061756
0
387945301
0
0
0
1041796774
882144241
0
0
0
1062833348
91650275
0
202214742
31496051
676229255
0
399333678
58687944
0
848923229
396393261
0
945522626
669568962
0
1051497799
27709763
0
0
156681866
0
593319369
0
737828010
0
0
0
0
1065781273
48719826
0
118093890
0
584557696
876101584
0
157801151
0
0
0
0
0
473990416
0
676229255
212325854
217645648
0
830910840
0
0
0
72387651
136652155
401803325
636508420
960727510
503970699
0
255226210
0
979566780
251511583
962698475
1019517499
125203696
0
0
119653990
950094134
1026304984
0
987887276
0
0
0
1013558557
0
857023642
0
0
0
814386830
456350589
0
301201177
764957594
885440796
143980363
621565177
108949957
0
0
0
0
0
0
0
314779667
35426288
0
89777949
0
25991184
0
552166867
0
276071315
125788588
786813567
0
748179103
0
0
0
140559814
221016274
278546303
1046405617
254614319
877795163
629014849
0
0
846360768
295123497
769774647
0
971032140
993786956
105564484
997685000
963248782
708137025
0
0
0
0
0
0
0
0
152525984
0
803208140
0
544229944
0
0
807599227
396512325
0
861901583
440478490
510311999
957694516
0
883306768
939528248
0
515499828
682374196
0
950735023
0
42148912
773776609
721551744
0
670584516
1028919799
278546303
0
1062897121
0
493825703
402391428
457218509
492425709
254799407
741162178
0
137199925
0
0
546850329
0
0
0
0
0
827607682
0
345832500
1018797999
559044486
107577524
0
519170231
0
436710826
0
0
0
552018871
379602651
717578652
1045067923
171831245
0
7152192
169731514
251072380
206954460
0
0
0
0
776360741
0
556009097
0
0
0
9990113
0
398134871
0
342839765
1056797824
513893853
0
0
827880136
31622458
400716796
819743460
0
0
0
0
0
0
0
0
527550359
197987836
41837617
0
0
291257869
0
0
784425252
0
70050856
778802537
789486121
0
0
404787302
714039699
0
247588836
0
477742597
0
175223784
0
134455350
1036992322
0
0
0
0
561311848
0
0
952902515
913236160
0
692858473
422017955
0
676229255
0
481615667
0
932040879
101330357
0
0
0
135146504
0
0
30174580
0
1058814379
811632990
0
170792167
730675326
288695926
0
239873838
0
0
248000586
161799920
801466655
227169985
0
763834709
927822185
0
0
968474417
0
613544305
0
641849308
0
0
0
0
665352650
221716484
0
120124389
976639649
514803613
0
850914582
0
0
0
0
0
0
0
744128659
565242038
0
0
686139160
0
0
850600479
0
164084839
0
0
348658720
0
0
0
77320235
732028080
0
0
320972347
993708526
695705484
0
819688783
0
0
633886845
0
0
0
0
0
231417913
267868597
50197114
0
589928632
0
0
0
0
771832931
0
246610881
0
0
0
703294781
0
120773870
17956478
0
0
0
0
605397522
592145841
573359315
0
777940710
0
0
844439882
12857823
1005443825
0
663054674
301334711
0
784163676
492570272
0
0
0
0
46982844
0
0
0
0
1020375274
0
0
964092540
536763953
888478283
558578935
354090602
402370685
0
301837917
0
0
0
82487253
0
71666633
0
0
0
498381201
501193648
993689213
0
0
30574097
769358680
0
928909029
685317392
0
514986074
0
263507799
0
425060950
0
0
0
0
74246670
26461851
97875663
0
0
0
0
683361784
0
115597953
548086502
436973494
0
976379350
378607380
352435996
0
0
171715365
0
926431948
969218116
0
0
0
0
848952335
267803357
334807292
0
0
0
95346423
0
514307542
756916842
0
774989614
0
0
0
577401700
0
0
0
245347908
0
0
360481070
434832343
176999085
0
0
0
562816601
359981565
1015296282
316581424
0
0
0
0
0
110992187
694930858
274442350
369290658
812106004
32447380
540383140
0
750402859
696811346
0
0
0
599341866
199039488
0
0
0
874556444
0
268900777
411018183
546460473
0
143663578
94933028
878091828
827029864
154579825
688447045
0
0
0
832647472
648500928
0
0
370561837
685214626
293109640
0
0
0
0
527964452
0
245965863
0
0
0
826931498
832841201
0
167950186
256078922
592373554
0
748768253
0
0
0
0
985130880
745823927
750489828
112943470
414063853
289826569
216904383
0
415671121
0
40650409
682727534
0
537118076
64298882
0
0
871730583
467941112
0
0
23523443
656495695
742895919
970578592
0
0
0
582752615
379777511
0
27677020
531955115
0
0
0
0
386126439
0
0
105303913
812106004
64834392
371064070
680605484
0
957066268
652204848
0
0
0
0
0
0
631318161
0
964381762
0
0
208037185
0
0
0
0
493725830
0
948128285
647768690
341755551
508384222
0
0
0
70050856
139504985
883741212
0
0
602824518
0
850374362
454503408
383093616
429128708
0
0
0
0
946321647
391293683
93871533
296195461
0
985130880
964286690
0
0
0
0
205464792
0
398256147
0
223160376
0
0
0
591017847
0
0
0
0
0
366226913
182470266
635293099
209782793
0
1016615998
0
359257776
247080546
0
376104757
0
0
0
0
0
349510159
0
852722316
912221253
0
0
0
0
0
458944694
0
0
0
0
939156444
1040795025
449046157
0
0
0
50277012
0
0
0
0
61713316
892198649
172596986
0
976915638
1029688695
257964582
62378190
44788653
846360768
0
400440961
0
499131373
431086650
732410550
0
0
0
1605732
668440283
0
519953708
469503117
0
748484646
604946396
0
0
0
331031729
0
811643709
0
149671236
770585426
0
610386964
0
0
0
0
0
0
1059275410
1018217119
999230183
1013826027
11502956
0
0
0
0
514986074
0
290159370
545583193
350947581
340561042
681408921
0
405113695
0
0
135819351
220839602
156474578
356301769
799848587
0
0
0
922286912
0
562319293
0
0
754306841
0
0
588734430
254273372
84687471
1025346395
983553022
0
0
824003253
317955069
522518450
424816564
0
231747915
447971637
0
905126407
228718921
0
370322687
0
0
681563512
1058432686
0
0
669513717
0
0
291538574
0
0
0
0
453825653
0
715749408
0
0
529778534
0
898973416
598144951
0
0
0
1057571273
532271109
0
961016200
0
604139730
74401457
464222120
731123351
258681851
168070818
1059920493
974390080
0
0
42760451
738325770
309673289
0
975756318
632225601
71000955
769935591
0
0
0
0
0
21608793
0
500796023
0
243793815
0
0
898442484
0
48836791
0
775575747
939579998
0
0
0
0
54925717
637592897
391505591
0
0
0
344761407
0
377738611
346282871
308279839
754752623
10614150
0
52284149
0
1070195267
0
353207053
1037262746
621984275
778028935
0
0
0
477405989
0
0
0
931794682
0
276904539
0
0
948436148
839169058
0
0
0
666342725
0
0
1018591979
329094535
0
959178163
0
0
879167789
106951909
421887211
59279280
118995585
0
0
978092763
0
639901071
0
644794010
279469664
0
0
2747444
223017777
0
267089539
506611262
0
0
988810821
660590342
0
745001328
0
0
910879040
477353815
0
564156422
386882805
461977606
0
0
0
7745047
677484551
0
0
0
0
0
156303885
175396480
32086537
729653171
471233593
0
908902260
0
755517606
0
925708424
0
765225382
0
0
871791275
0
0
0
0
0
0
951313245
0
0
769187404
0
0
931697722
466568566
0
0
922138248
93016810
0
0
662646478
212342287
843879033
0
0
126614713
0
825886291
0
901092503
664475454
1018591979
660348172
0
577734463
866117932
628222804
537316087
725765152
0
0
693214963
914394733
690071765
185203093
0
17758657
0
146162260
761375176
0
0
0
0
482149128
836302637
0
0
0
474114174
705379214
0
61608745
0
0
890829296
535066149
862187572
0
912914469
680754180
0
1058649651
0
0
752330816
1035370218
838546075
162412667
0
0
237530524
601598228
0
789350181
0
0
405688881
0
599238943
0
0
535981651
0
0
0
0
501696475
0
0
105604802
0
379342260
0
419350562
92282382
0
0
95314442
0
602824518
0
0
264375306
388739897
0
199131636
892395513
0
368574941
609705867
0
679930903
0
186452378
0
0
0
0
0
37817745
0
421443328
958712927
0
0
0
0
0
508042139
327578892
169008732
0
1009748347
0
0
875330737
778987268
0
730084724
0
0
1055439487
0
862897555
225383513
0
0
253100756
0
0
0
0
432798816
0
344586870
0
0
227804701
0
847504276
0
950094134
0
0
0
478661575
0
0
0
373689602
967650550
265623877
166158004
0
7745047
0
319346676
0
0
0
354702940
0
1036055881
0
961790874
943401351
867368350
0
187851217
0
0
0
669776911
0
25150105
685126454
0
123777527
0
132372221
117178045
171373828
0
455594751
541785087
14652203
0
664882711
273391154
176797824
863274010
839751365
740799597
0
0
592791557
48029026
815610296
0
0
273797820
939775221
1049202461
987921328
240746863
0
27299135
867823930
209304192
858122753
838974938
0
544114319
470363474
0
0
0
0
576109137
0
0
0
0
641849308
0
1059259942
850183632
0
160380705
0
0
992612453
0
34792324
524166718
713698201
0
1017947760
0
0
0
333434923
912346100
473868949
0
743470357
0
0
0
397950317
362353614
0
619027989
0
345898140
0
0
0
0
0
0
0
0
257751612
0
0
0
340979869
0
0
93790446
240226374
0
467265369
0
0
0
0
0
846713141
334543412
819684766
0
0
0
290122005
0
0
0
0
568054145
0
14771716
0
0
6269076
950665996
0
0
941244569
391078251
932007024
0
103816622
778209386
443865119
0
1049958786
0
447668614
0
0
919009119
0
209573254
0
900794803
0
0
0
0
575366907
467265369
8550570
584414207
388799292
0
234327922
0
144492950
0
0
0
0
1051789401
0
0
342793225
946705337
0
30910182
191255229
0
117971885
899708415
259678283
0
115852199
571580840
233451510
0
0
0
271935270
0
0
0
543456207
0
191371918
0
733014585
0
755442325
515116353
0
0
424816564
98318169
0
0
531294
677484551
823753035
0
0
0
98843694
731645251
96515446
0
0
0
0
889159478
0
0
688417318
0
795657809
232284543
0
0
562299008
0
448921846
0
365295205
320544088
774561810
184218611
525982151
357811348
0
93083155
0
1056924127
0
0
839952053
0
0
752330816
0
127585599
637592897
637019028
967411109
0
0
0
0
0
0
648314480
0
59810767
783545535
0
130263456
963757744
178455011
437995845
0
0
0
197930940
449583299
384305223
56139417
646006276
268367945
841335253
0
0
0
431046003
295097393
0
0
0
0
0
0
357111157
0
428889134
37667596
912617934
0
94218451
261142224
340744481
854956285
310372502
0
0
305404937
0
0
0
0
481615667
0
501458347
405743588
1069734249
962109938
502501534
685639571
1043956457
0
173605983
0
0
97037260
0
315557834
0
0
428225597
0
0
82385875
0
800260589
0
0
0
347062076
37977320
0
0
314647172
652874510
572272414
0
254144511
0
0
60529351
0
975381205
0
0
475067741
146162260
0
46945974
0
777685846
0
0
340555313
866258931
172817003
0
854956285
766669409
0
0
144531821
99307404
278517210
883444369
540336728
889263231
0
361612537
0
930344696
743305436
296961819
0
903192537
0
0
144531821
0
0
1036172215
0
464621640
652599802
0
104561989
692237677
454437168
646148357
366529443
0
626641035
532271109
668627570
0
442953074
626239884
0
954342236
0
0
0
310827727
0
0
799482149
0
1035272652
337138581
0
847815
472897420
104136571
0
0
90733546
0
0
0
1003324615
670453358
0
72510117
388070316
766398707
403454072
446638716
0
630875911
0
0
591278731
0
0
0
0
153697669
0
0
0
0
0
128787351
535122481
0
0
0
959824104
128151598
0
0
0
0
974630794
0
858678091
12010407
0
247511677
150044355
0
929116410
0
0
0
607835401
184947701
1013570469
346096857
0
217726599
180269970
804541269
0
133024531
0
0
776149111
455377321
670824872
326192327
533677002
578621067
0
602379650
0
499805148
0
986769453
0
58940724
0
0
629392040
0
0
714400640
0
655575180
0
85300129
0
993700497
0
0
0
0
0
1066210198
755565071
0
893943340
0
0
0
335084439
765977092
0
0
0
43069720
0
207195548
0
521176580
0
0
0
0
0
0
0
0
882721354
0
753023556
314671033
0
0
0
0
940291143
180352119
392458166
0
326180917
0
620885551
0
0
719319711
1017947760
919995411
0
655013264
531258961
388582084
326596083
0
0
690467524
641474971
519756537
698342
650755470
288626798
565677334
127585599
332525597
501458347
474641711
0
51723838
948292057
63475225
190131692
168768542
0
0
562938124
543213673
0
154410947
691830013
0
738138203
0
151184980
1007093081
972103325
940718229
0
0
0
364129655
0
887455366
27682666
818363026
160750357
0
0
0
148861177
733006271
0
0
0
872406259
821100865
389580104
858678429
0
7133972
874534174
501068639
0
714021370
360552752
219182345
0
736142061
0
0
0
0
0
0
923249736
663606971
699234953
0
183665741
344881877
71430017
893731942
321770381
303340215
756529482
824008302
0
0
199728546
679608008
0
0
784267837
0
547173636
530535448
1004423866
39236019
986922690
1066073271
0
0
0
510249297
0
70867339
0
947560019
553241487
643026318
746978522
350732597
554394615
0
198314848
846713141
0
0
0
0
358674955
1029746716
996942483
831279274
487717442
0
599967195
797282025
0
0
532502620
900205951
0
884389580
401826399
0
0
115909535
248140552
0
797321152
0
0
179064304
800646414
0
0
0
727836789
0
382440924
0
0
536009664
29027813
0
632389896
513132196
0
0
554826060
888221013
112589005
0
0
0
0
166457291
0
0
0
0
713855609
0
0
242089744
0
0
578139285
852292501
1032067584
926054164
0
525824582
0
0
0
0
0
0
699848896
551974621
361659827
104271036
0
0
0
0
40524503
941475512
792501397
605358129
0
943545710
273626824
750034063
0
562028224
0
0
350009224
1037023960
371334317
224105053
662209811
7442940
381833848
1073310996
107829232
552050951
0
0
0
114343513
0
488752479
0
0
82922392
0
0
994075172
0
0
861094552
869982735
675767952
0
352142108
0
0
513289397
622062508
772933759
755683457
103428122
701991477
0
431456664
251516066
170746008
620532351
0
0
0
1044179457
0
830779728
256446845
0
910569391
751640303
656907214
517891776
631186072
698119166
0
0
663651186
0
11460164
524339770
1066575054
117205331
0
0
0
0
0
0
0
0
567710710
0
0
755101006
495378439
0
466391589
636030230
562373842
0
0
0
0
0
0
642242081
790644034
0
0
802102605
601605663
655087200
589858264
575684799
141995324
1006107747
0
107130490
614800843
790644034
763938241
0
237479987
0
0
910064668
439917464
234396574
916444730
77070228
0
149354529
0
603069667
0
0
0
0
709285015
172479119
146345911
0
1005946421
700847265
48061064
0
807812511
0
0
360422103
999976055
0
552050951
115502791
0
12969405
0
295313378
0
0
0
440730321
0
0
18977928
418651645
0
336483809
0
203157623
1058101491
381791598
820233669
0
0
0
782430640
0
965192284
409154237
143115841
254806545
685304284
107977237
0
496416424
182591673
0
0
0
0
0
52474020
319419875
337883208
415961450
767705492
933044639
777533225
0
647914806
909440023
410167023
0
1066073271
0
709811030
115548629
0
915346125
0
137532478
969593816
0
0
0
566457068
667049025
0
592026177
720784871
0
0
0
817690284
0
0
0
634423722
0
0
0
215279660
1013633243
233688092
0
0
731931062
654610920
0
0
565961160
770408832
342808033
0
224043815
0
0
5041101
0
760579606
0
210363698
0
560845858
71474949
0
196592352
327486304
0
0
804004867
0
954960506
0
0
359795110
45373734
0
1006500834
0
0
537316087
0
0
966621638
156537839
0
558709012
0
532528579
0
0
521939949
0
3034788
0
23083770
167121584
0
0
0
920264029
0
0
0
713902626
0
775176235
940753171
0
544114319
674816768
802063371
357492707
0
0
0
1047737158
532905868
920319640
409965987
0
968897228
1073070674
532182189
0
0
118956017
0
830278562
0
383275714
0
0
0
0
0
0
0
0
0
176632168
0
483843201
147828643
198596704
878350382
0
168042345
734987265
735615168
207973243
0
0
339107818
0
895705045
502541848
0
150193131
769277638
0
0
794030701
0
0
724118501
0
0
449174292
481724756
385505889
140249451
308172598
0
0
0
0
0
856476181
1040027979
517351811
0
0
0
0
0
918770805
0
800930635
644498338
758259476
0
107299885
0
220915257
0
0
0
849392487
376669438
203658985
0
0
737069218
0
529387549
0
0
0
758024113
136925969
433697063
126758297
279945118
1022572847
0
0
10452763
0
0
908712293
0
857054502
0
0
0
0
173968408
0
0
321796679
15347360
0
0
639571227
403797810
778119371
0
595246644
668285302
0
0
445541559
87927007
0
142705798
0
666942717
0
0
0
671705660
229999089
0
818269016
0
863063434
0
751477727
974948155
0
229660475
0
0
0
307489695
0
0
0
0
798619573
731119977
0
0
0
0
106533808
128151598
0
678721849
0
334725115
0
355219644
0
0
0
202117483
0
85952756
0
551008805
0
0
0
0
866938408
0
0
0
0
0
321626069
167906498
749983169
608324747
129041379
11717757
614198999
694057496
0
631187663
28586663
0
719823721
5512700
744337572
17123243
0
887451121
930966691
160107508
0
812059529
940275354
0
35477386
0
0
0
0
621727732
0
0
552050951
258128092
0
11895191
37261977
0
0
0
0
0
0
0
0
0
0
425523737
0
396736065
1008228995
739417451
0
359241094
169535775
562319293
649730491
0
0
0
953301417
0
0
0
0
0
399958534
0
802888896
0
680754180
0
841997937
348876799
629127094
45108855
477480208
670533228
715500260
48126551
148340164
586072792
0
694361791
0
0
963363562
628418888
1017476494
0
0
311582086
0
0
304718888
0
309012059
0
721690389
739605800
904068640
786416413
0
729696089
257748670
0
387734132
0
615623929
914371824
0
699566802
251199506
91935740
0
0
830659562
856168616
232284543
0
729497233
176260650
217896238
0
0
0
57659221
0
0
0
27053432
0
119666562
0
0
929386301
574572739
0
652346817
204424040
0
838448179
58808819
702391979
214469257
764194850
724101515
0
0
338183657
0
0
0
0
0
897870294
286394880
454806115
451968943
846543175
0
0
727060518
484046559
349923703
17347796
0
0
494598848
331094422
0
389412863
0
573800535
0
0
0
444136482
0
279495460
981825161
190753243
548086502
1024881589
366058619
0
1015644405
0
0
375855719
921268101
0
0
0
948248815
619036283
0
944867182
0
0
0
0
0
0
0
0
261535176
660439224
708714104
750011991
383833972
641648776
1020490760
0
896501498
724101515
563006027
0
0
681124739
540701088
0
350259710
0
0
0
0
0
0
671160503
0
0
0
0
281950292
0
752661373
680754180
234234912
49615639
0
0
759048280
0
981504597
0
0
0
0
872699953
682328755
843002729
554232837
681124739
347393591
0
1033236429
747649012
0
0
0
781399213
831697392
0
582425685
310580282
0
401125191
0
0
74294437
0
0
547442739
769135179
0
943897058
503261057
590581772
0
0
0
0
246568654
854258138
107095316
0
0
0
0
3704606
543035610
0
12443795
407334202
1023277690
0
543342871
1007735956
0
95623806
257942912
71686532
0
0
0
883434660
890095657
0
856329196
0
176260650
877732040
629545058
47252437
623442795
1033772571
0
0
0
415147675
789894138
149354529
0
0
225874987
1065240488
617939626
0
0
0
310583737
364950865
0
316453699
0
0
0
0
897144650
760989115
0
391848583
811993255
324795340
0
0
0
260186289
0
916613820
0
0
474661236
851073100
554842449
0
334725115
574462959
0
838974938
0
0
821230292
0
0
972515203
1024171920
0
0
0
897039118
875931209
0
0
961525362
669568962
0
447200306
0
602642934
83232719
0
0
0
522103068
92286829
727636395
104213586
0
0
0
0
590231464
663408663
0
0
419707180
0
643015116
63941455
0
0
225572796
552772477
0
0
0
773305557
0
0
995781685
809314450
0
0
401826399
700714302
0
1027781481
859621931
79742881
128005952
836302637
221108917
0
0
0
349813950
0
42557530
0
0
901616231
0
0
493725830
0
969282542
960233555
0
542317386
0
909167009
561007590
924495672
0
425954593
0
0
0
0
983505963
448530877
0
682734808
0
0
0
334664170
641626864
0
0
0
0
223037330
355141958
420989894
1072745603
509522149
224341029
375564029
0
0
0
591343775
0
0
969677984
0
760818918
174660585
28722682
157890667
0
190856898
811386469
796324003
0
292188678
0
0
0
781794943
0
786304081
550262868
60323141
0
0
443805442
737107926
600298545
738109358
0
0
0
0
477825537
0
221383024
237385958
0
0
331691025
1065346840
0
0
0
15540292
717548379
0
0
0
264277285
0
72611609
910954378
0
0
452173096
0
244466972
0
228047154
0
0
12941609
402189994
52559398
363868327
454114012
0
0
636015097
570055612
246593601
2145984
0
0
412237218
493030322
0
867462616
294928571
2318698
0
864353184
759887234
784487203
561131660
0
898076851
0
0
618931481
0
254409678
257748670
668263112
467027494
0
517375160
23049070
188067452
0
0
0
435965699
122812866
0
0
953508099
0
256430822
468013091
0
0
1031732756
0
0
301225559
0
97519377
414507483
468555195
926720149
375835989
927909369
792678790
0
566779385
0
0
0
127900894
460484658
48707947
844727305
0
79733288
0
833514808
23083770
0
0
0
846543175
0
0
0
0
0
0
103475640
963369399
53194496
0
978158682
653972111
366262098
0
48344633
475712250
0
0
0
0
46570805
0
0
546381832
482137259
803128376
61543839
0
0
0
0
193717625
1073218973
24470179
624320488
457149680
0
27060570
220070515
621158325
834639029
0
0
0
519478033
0
0
438304043
0
0
0
69679447
0
261120971
818379464
0
1019104668
511857811
0
113787591
526990629
0
1036131846
459958050
488951976
0
0
0
992744050
0
405743588
483140419
115239046
1028466216
0
0
0
0
962455365
0
955271192
969039559
0
508951850
0
1053216523
0
0
0
0
0
0
848689009
421949912
750529607
520502245
0
0
0
744158026
0
138218469
617425068
0
477816073
0
806309717
234118200
106329635
0
0
0
526463953
264230505
137844262
0
325513391
604247910
226010194
484475818
418169981
0
0
0
68262969
610604022
0
0
0
0
0
0
0
0
0
0
0
0
0
895504424
0
893943340
0
161451302
655723907
0
0
778665401
0
768247603
29848458
0
0
523150847
631444004
106235786
692123528
145481938
0
0
0
183111612
0
13249185
0
256790612
583087925
431204793
0
553207041
767322067
74919045
109410393
0
666081758
0
255317287
0
125334194
0
525982151
0
284177928
569768441
0
0
0
436920845
52567904
0
412069832
630617493
0
1027918925
862367111
0
39682444
230581636
0
0
40166833
0
0
560578993
0
0
678613143
184940075
355574410
0
0
0
589201274
115072599
914154266
191345053
0
318936745
647915953
0
630375854
0
0
678549730
138820824
0
0
0
0
0
0
0
0
539036778
0
714013405
1070134694
228857599
0
359402531
0
0
608522534
0
0
0
546906359
863010706
0
0
0
0
0
0
0
89483883
185498475
116535317
590468148
52603367
39135355
0
607690798
0
424816564
583044611
860841334
0
0
969337269
564010015
0
613820293
0
0
401201997
0
0
0
447856720
0
519029525
0
314671033
0
827671701
796493940
348876799
0
24470179
0
762095284
189098692
459822245
0
0
661889881
0
787249831
0
198790525
0
0
0
1060783682
606391675
345656207
371507114
648879121
356292094
0
51868680
443034751
0
0
0
0
0
829884948
0
0
0
196278401
0
587203024
146971924
0
416012906
0
0
422259472
0
0
0
0
456678210
379916399
400637022
0
0
0
0
196280194
65578910
0
0
0
883538252
0
253221649
265054736
0
0
0
0
0
920871584
0
0
969155036
95409286
0
358098641
0
0
0
0
566354132
57522331
0
0
638947464
1022266802
26019846
0
34519221
0
0
0
241444301
593558588
637775795
0
0
263439796
1004452068
0
0
0
746679986
576167140
0
888584690
924284080
6527314
0
1053117391
554232837
0
0
0
0
0
1036239992
279912927
1004209589
541077023
107898350
226318242
467598947
0
0
0
0
0
0
0
97977756
0
0
0
0
0
0
0
0
38557092
0
849145074
0
374373125
0
0
14184831
764742697
0
903652848
0
0
531604366
421848726
122019786
525697597
0
0
0
636296703
0
0
0
835814878
388933010
0
208410101
0
135915764
17983178
0
0
0
0
354204123
0
0
421432451
0
0
619159091
295836353
799499818
0
624358553
0
0
441278318
206955157
546991431
2318698
0
0
0
989794571
1066518453
0
0
0
97459149
710212193
0
1049194442
1021301665
0
609178772
1068787050
0
0
286634499
0
0
147828643
0
266765240
0
266930822
828634069
0
0
224837416
871824618
0
300585688
420767597
0
0
11125998
0
858542870
0
314293301
0
0
1020708313
0
1009255036
624881424
902767547
0
0
0
75041497
0
731584764
812718302
0
339107818
240629605
670100077
0
197738246
911085221
811063775
0
729864652
168597264
230285211
615223257
0
925113402
867834461
0
844992690
0
0
163768382
442217462
0
627331998
0
0
0
0
0
953766805
0
547098182
0
0
911851529
0
0
0
0
644431852
0
0
0
0
439751131
0
0
71686532
849203566
602072294
765008591
936950715
0
0
0
908671273
203988030
0
1045243759
0
0
0
0
656789786
0
173693534
159378958
402437738
0
0
418524301
0
1058146103
996010315
188304404
847305588
345440880
752330816
0
36993211
0
847960945
0
291183286
183592238
0
0
406324271
0
0
0
193133355
723135809
0
0
980668552
0
125339097
0
0
0
0
676889612
413274666
101103482
386911479
570802717
0
0
0
216773166
0
150989268
763596769
0
0
355676171
597086709
0
1004538664
0
627580131
0
0
0
0
0
1002808553
0
29646299
443666148
0
1037180409
0
53573455
614393988
0
0
527484866
1023430702
0
0
0
0
549655206
699697630
54272080
245026698
438494599
0
0
365295205
357039054
0
87467122
0
935493140
0
541941001
0
0
538740300
500267249
0
0
912261416
22903672
0
0
0
86355819
478695619
0
185909914
247224067
495105275
791419900
878461699
673459303
65061338
970035159
283415997
260260973
61020417
816165365
0
579139960
0
0
676889612
401739832
904872425
388505223
689822641
0
0
514851414
288507927
482182128
886986023
0
0
922094226
857078893
442011523
521453495
100244183
783759958
192575700
76662443
0
343652585
0
551509228
442888860
0
0
0
0
916639193
0
675916512
0
0
0
56045507
0
542034297
0
0
0
1040058735
0
0
271107027
0
0
0
152419524
58067253
1019713269
0
0
0
0
70152388
0
0
0
146971924
739605800
0
408986271
66653651
0
377504116
0
0
374290521
1014727868
0
906187996
656578662
0
0
0
111060030
0
0
175166704
682842259
0
95608986
0
0
430924488
0
0
0
0
781274498
451785928
662424774
0
0
381346379
0
48126551
0
0
917532566
0
218527261
663725497
0
0
0
473686933
992612453
151111559
778665401
592052822
0
5439783
0
730493460
0
1052438665
963757744
0
640321747
0
0
0
0
0
0
0
0
1022263133
621278825
0
310580282
976495244
0
0
0
0
103971858
439350973
946695924
0
820422863
0
0
0
364500675
478026553
88600007
0
151439739
365929217
868617048
0
960602543
314181460
1065445941
0
0
0
0
0
0
862298331
435076725
0
1037455305
984592859
0
352284706
0
0
0
0
463502182
904960054
0
107909947
0
0
246940498
222757704
918583023
764742697
434208946
0
238073171
0
87032834
0
0
209256174
905629284
990296
700980862
900085122
0
0
593270313
0
649892914
342617905
0
0
0
0
166167376
0
944770222
0
0
0
1045110579
1050424568
0
245018910
672895885
977771027
976481793
0
0
110834041
0
258866151
0
0
0
840343184
968230605
0
720649544
999449271
0
0
0
0
0
0
0
0
0
0
0
798761736
0
734536210
426696051
85426055
0
0
0
0
883466130
0
0
0
0
119676888
678272544
0
1036520090
0
1064855798
197738246
191805489
0
1069570268
0
887271177
0
567346938
1013605929
0
263326881
742938166
0
0
0
30002871
0
297505217
0
0
0
385497165
1055874908
381631295
955502946
0
0
0
0
0
593278455
0
0
294988889
0
0
0
0
68750930
925266732
0
0
826616710
0
0
1048112965
0
179626523
0
0
0
61543839
0
0
624560630
494271831
81687796
0
73996982
456197594
19288217
0
0
843172898
271133065
776389799
0
0
0
0
864696439
0
0
0
0
0
549547435
993878802
0
654252694
759719126
442489325
0
0
0
574895341
835352329
0
0
154717961
14572926
0
0
0
605544799
379511350
813880290
654252694
183890832
0
0
714027012
875728980
0
0
248113420
419597924
484822700
87138577
0
0
757360855
0
0
395079280
0
282121623
0
0
16397904
0
0
0
0
0
0
0
0
0
981307902
0
0
0
911085221
0
0
0
378134046
0
0
22544464
246424964
0
840141862
792383275
136755000
421645285
118618289
0
0
660045460
0
0
0
885817161
0
0
0
0
0
873279636
0
0
0
0
562319293
764121450
668568333
280336914
0
0
0
0
0
397051746
301847439
0
0
0
815953084
0
595523261
317532311
83354960
0
375596194
917666180
0
988243472
90343622
0
558940116
904128565
540885302
468070153
740738757
779359834
890152700
0
91993678
2559007
0
560017373
705660769
11477693
687723278
149890283
0
0
330818315
0
0
0
674652979
799124216
0
247471042
0
628189398
298635107
0
0
0
1900412
663027140
155774273
0
0
453091672
0
159022735
0
0
0
70652715
0
534869686
0
438384034
0
899935682
407443867
0
1069755064
977198224
0
0
0
967725036
0
0
1054270951
0
0
0
0
0
0
0
782768418
0
0
202365874
187909396
0
519268717
0
0
0
124034076
757751320
56800205
880467246
0
0
460433513
0
534869686
327775267
967128577
682129584
0
0
0
731381149
160698904
0
0
0
0
0
782600884
0
366515256
200932300
0
0
118461520
228100374
0
407443867
962332730
33818773
0
734076169
416788047
0
931768013
700339189
0
0
602936438
0
0
505664347
1047805527
919995411
715749408
0
0
0
419271805
89385777
945920454
791008509
0
130740884
540885302
322459292
0
466644899
0
863244621
785692508
0
527210189
0
0
491506040
843397746
0
76093977
484336932
0
61543839
0
0
160943131
424816564
270682361
0
386784581
0
767471816
0
342931070
0
0
0
0
1073735737
826288986
146518137
984282194
0
0
514557930
420646897
0
778762550
710506642
0
652565726
0
0
778996878
116560726
0
0
0
613954721
869911904
197484483
946178018
861223688
0
0
752392687
0
789574854
932844872
0
112790003
724044801
0
0
0
280966852
818834638
151983312
14136635
0
0
0
504803119
604005317
0
993020623
321022971
0
908809663
0
0
626861376
0
0
591281921
0
788712514
0
0
0
79733288
182362192
195300369
0
0
0
0
0
0
885609666
365951197
406422819
618136818
0
0
856771184
536589521
239889428
0
290831677
0
431626054
0
61543839
56078698
110443879
0
968712728
0
1043063274
0
770595334
0
29362952
0
142765307
839872181
883563044
741447798
0
0
973300005
0
114888419
686587424
0
69237943
0
648239185
80941362
0
1064663663
666409793
0
0
0
0
0
0
0
533459511
0
0
0
0
809960932
0
0
763118612
48343806
259647004
729027560
894366041
371602226
0
478930465
0
341469586
739260621
195848160
0
0
999513093
0
0
0
231736149
298532222
670145572
0
0
410879479
184872365
0
0
0
0
498666480
840141862
259342258
1049486369
0
49039283
68864264
0
679183
0
0
0
9042990
0
161640849
0
80956535
0
912417402
0
525360978
154391243
380272139
1028068030
337835892
0
896625767
523539674
792366078
0
354872006
0
1003920702
0
878801683
895970441
0
923442908
0
0
1050819004
232651006
0
0
19511944
0
0
535808041
492432728
0
695439133
0
248191075
21756698
991275375
925766803
0
481297490
0
859219073
0
0
195754646
0
0
0
0
965969586
528251783
248567343
445527923
0
0
801527842
0
0
0
0
0
555572546
633918328
268748430
939783819
0
0
752330816
0
777902823
0
172631220
0
367992454
107377245
0
208934108
324811625
0
0
0
0
655087200
0
0
0
0
510961924
0
0
0
0
913785668
0
0
0
0
617291341
203770509
424643854
0
557399523
0
0
0
221096633
219455791
0
299981161
0
654811468
82647698
0
75208267
959253147
922706873
0
0
959921202
0
608550423
0
0
0
0
895915824
616338879
276907189
0
538519194
0
404375889
0
0
0
0
0
0
0
0
0
0
0
536232962
84811124
0
946178018
0
675916512
0
599553926
715645458
0
0
960674297
0
0
471771070
20265603
599414972
994790803
874126158
0
0
0
1013214415
0
0
585014841
0
6674046
0
303282304
934384974
788975476
0
514604174
819821655
800278318
0
0
175844095
0
19125222
0
424257121
143346255
0
438440542
271107027
0
458085312
1008945208
0
190404851
0
0
629493712
387207396
0
388813000
864696439
0
490564647
0
0
32013339
668658264
0
411705720
0
0
0
929328127
0
0
222183180
0
0
0
0
19148150
0
0
0
596393735
0
1025437013
0
613174878
513231898
812699867
0
0
0
719823721
0
405832428
213478204
0
0
0
0
245270586
869426153
359792955
0
166839255
0
699737481
89556034
285495142
0
0
436968195
0
515309435
1043163813
0
868262415
0
0
1026021546
507538188
0
544322899
976542103
0
0
119126465
214277439
582422779
139553489
397639353
0
925970012
1061591408
0
0
507812649
0
369400214
827695119
1052438665
0
830525195
0
0
380333061
841162222
0
0
444093035
0
311823782
0
0
0
120321877
188404664
899411248
811088873
297274579
627331998
15362716
426169597
0
91483645
0
0
0
0
406422819
618004608
0
324189545
387206132
0
0
0
311905343
679678541
694251893
0
0
1042746130
327703556
0
0
154579825
895502456
79240761
0
663938449
0
0
506013126
0
0
928967668
809155596
313162934
541558733
76495732
0
0
0
0
284793278
98346153
0
790485460
474920253
733640830
0
0
0
0
0
607304210
946198818
160311182
23049070
374474763
674112703
944770222
0
0
1030194820
0
11356454
0
599641515
1033255805
0
0
0
0
0
0
476261459
0
0
0
980183197
0
0
0
966268199
820936832
0
0
0
0
0
0
959779477
0
688562799
405832428
0
0
0
0
0
0
219942145
0
0
310580282
19969133
0
361770727
718415670
0
125339097
418399670
0
150093710
863895126
327411054
0
0
546642002
0
166707916
0
883064919
545271984
577604871
0
759148085
182664382
359447773
0
0
0
890003118
0
833203374
0
0
970252560
0
367284922
414715507
0
0
0
22072976
0
1059630241
668588325
267345461
0
807643097
0
422900653
882885910
405857575
1056038572
0
924972112
1021333829
614281216
825413730
105717728
957879473
0
129511862
1009447375
798525741
0
541672762
219455791
1018776787
372659088
0
371421259
15347360
0
216726751
0
23931362
0
0
0
924331709
946652846
0
956369912
554517282
286801681
0
0
187416671
413130091
0
906130740
0
0
713794579
0
0
0
0
0
0
606403471
702160438
0
479993521
778014740
294396757
1024198492
0
724688138
492581117
1044295532
0
0
0
0
0
1022762765
0
0
280568331
0
0
1054330159
161762645
0
79733288
0
607099244
672724263
207239839
0
0
0
520905551
0
221526737
0
120576645
875687396
0
0
460948330
672902973
575463901
0
0
0
89907691
0
0
0
0
1070541566
0
0
441450666
0
98220228
0
0
91537418
0
0
1034303068
330084941
0
0
0
868865918
0
1067135818
838877372
0
106457618
657198961
0
0
0
0
0
0
0
879822621
512021283
0
651197855
0
12059950
0
0
367151221
0
802174926
778509637
0
737717258
21291370
0
748484646
0
274909449
0
784318553
0
0
1023558048
735788274
332155471
0
0
590984779
756416793
267992237
0
1048898834
0
0
0
96768045
934331746
0
0
0
748940731
589079827
0
861223688
937290452
477278440
0
278629836
0
536204844
0
901822160
0
0
0
696469899
1023112757
0
0
349406654
854418901
0
829028141
40706210
0
0
365594988
0
121918545
0
175126576
220618527
0
821277734
316546321
0
0
879322683
0
675049488
0
378589962
0
0
1072797435
0
0
0
0
0
72241032
0
0
320252060
0
0
0
0
0
0
511803334
0
587203024
1059335713
501450685
0
118720737
15053330
101687608
649684990
0
0
0
0
0
461087377
0
938279557
789592650
0
208410101
778678168
1037569398
0
163222101
0
758405486
0
0
669730641
0
0
0
0
0
750126663
0
0
0
681124739
0
0
0
0
717186396
0
0
0
705475459
0
0
296689653
741018897
0
0
0
0
0
0
0
95722444
0
622778225
0
0
0
0
541439294
847873519
515487247
661034782
0
0
0
0
0
0
0
389328955
137305784
701310405
0
0
144384649
0
0
13396440
782420339
0
850481157
22532743
907443318
0
1033638602
0
0
0
0
602356588
794022167
313036961
0
0
490243848
587130578
0
0
35468034
0
0
0
552736472
65486129
0
0
154579825
0
759048280
562872534
922882180
0
114014566
410167023
0
681675125
0
0
216256844
528186253
0
0
0
0
0
0
0
219890951
844765648
718203144
0
0
170882428
900988339
0
670065901
880639000
0
0
0
0
0
436366156
106165218
84793823
0
0
977501359
0
3184883
538970432
0
364016464
879296483
0
0
0
0
101048666
462433721
259808971
0
0
0
638617957
446663626
0
553803430
0
685367641
222034774
69337633
609742542
0
0
631479148
0
798644590
688395155
649524619
307338420
133919404
0
0
0
0
0
926141110
340735573
808272910
549631428
0
0
107547565
0
836497119
652733401
0
904569572
0
0
389338378
53194496
0
300216202
0
0
718292975
249328529
862646594
144709378
0
0
0
587390661
0
0
0
0
0
1035174242
0
820195998
395923886
71488535
931811210
0
0
308150973
516349296
0
0
0
0
518410277
0
0
622252019
314671033
228505981
32937868
783159959
0
0
763695397
0
305959521
0
0
0
308528888
170785128
476123805
0
0
0
0
335322906
0
228382317
0
0
245270586
0
586542422
0
1004222448
0
0
367653090
0
760426061
0
0
1013003602
0
602076697
514992385
997284676
36231241
0
0
701852279
313525485
599729066
836800400
602770027
0
0
629577800
440084615
0
529902818
826906579
485691487
848265188
112187657
125812031
875821637
441778668
836206750
294659424
741447798
618832558
0
0
0
197672249
0
743313575
387734132
0
633715527
374383363
874126158
0
0
0
970495351
571867559
0
725014498
879296483
0
0
837583465
378720501
231368120
0
849629203
0
97036650
0
884570734
459325477
749565351
384862226
0
330427197
108881547
429269337
0
682732926
0
1015795774
291298059
447004436
0
0
971753987
0
557812974
165431100
0
256260224
136339026
0
968230605
0
0
0
0
12375657
948748337
45946577
0
149291365
0
0
624907049
392080387
0
0
0
0
248069940
152888473
790722644
963671807
28907950
978178296
13623405
376121310
0
0
737770225
0
732782755
434105479
528419886
391944733
0
0
1063030944
0
170746008
0
1015795774
0
0
354347017
521450625
890940055
0
536411722
0
256959586
0
0
517800782
293584541
616655880
0
0
20168591
0
0
399699459
0
0
515804485
1020296077
0
207694011
855540629
0
427143610
308166542
0
569601988
0
82191107
0
248367938
662364080
1073497197
713627751
0
634956525
0
420646897
0
0
34648953
0
0
0
123192820
291541128
960976143
0
1013003602
0
0
713517296
0
246441159
0
0
588742175
848694144
0
650857003
0
1018176178
0
0
0
904954055
83236764
173684436
0
0
1048623392
0
534080628
566354132
474014515
852920132
0
114341016
542613634
0
14378500
681965174
833566689
0
693381519
553528499
963845239
775708281
0
0
0
4732590
953926259
0
642889788
0
714817414
0
0
993351518
183289150
568788146
0
908969667
0
393479634
0
1003349454
911044887
959272851
139124345
421718098
674698442
401849179
0
570595679
0
382615047
0
838183911
125758437
829195270
0
0
0
668014312
1028342999
230285211
0
277172657
525177892
0
0
0
278383771
256917778
820497168
0
0
0
0
962591485
724616964
466582733
0
704412974
0
37683474
0
1019226203
0
622562749
614821794
108513831
0
0
245078490
923295935
0
0
0
951478739
67367377
0
649027878
0
261172486
896625498
934065125
374495359
0
1015493185
60108897
841797466
19579081
0
0
0
0
698321412
0
0
669295528
0
1066353410
0
0
0
0
0
0
0
0
120314214
967904569
0
0
0
0
0
104864259
676568071
608927843
277527240
0
535477712
301810734
0
1021229663
0
0
677199813
190053960
0
705608998
955825037
0
0
0
0
376712379
800278318
0
13708336
0
746740890
0
0
1068844857
654158934
0
0
404129947
894704626
357992237
0
41110477
959531710
690420902
0
682879993
0
0
0
0
990250262
0
0
640458401
0
0
494814967
0
0
50505386
0
0
485695602
0
0
0
0
0
589744959
51237411
153883479
670846252
0
0
0
718934861
999435725
887598553
0
0
0
0
0
0
0
126767133
0
0
0
0
0
597475077
754254393
0
729106924
0
0
903730324
0
0
0
625126749
0
0
0
0
751381213
0
0
0
0
749565351
154273393
0
733627545
838862529
0
496210171
220581066
169609788
0
860566703
0
502485668
0
0
433409814
276555021
128457986
0
627273351
0
1053442456
93139228
616533093
220581066
0
715149793
0
764569541
0
596231725
754770033
0
0
424816564
155022989
0
646875149
27831297
0
599553926
28062528
0
692111798
0
374383363
0
202312538
855933838
398605258
788245122
0
0
826892840
0
283829678
191862167
0
0
821477375
391600975
0
0
0
0
554317888
431010327
0
1030444960
385856705
76771858
0
0
135112438
0
0
726631593
644038365
0
0
2814637
0
1042710613
725810571
453688637
0
0
935847278
57974109
0
891902795
381398839
506765859
0
631235938
0
95358080
262830546
130322167
454281080
70372141
0
475005612
482963744
322787580
0
31346083
561581571
0
0
0
0
143155792
0
0
0
292814821
0
386911479
866308531
486600918
0
0
0
0
6030529
0
993112023
0
0
680548961
250569891
836637073
0
412207685
562242566
0
0
0
0
0
0
0
0
211608358
6001418
471427161
0
214510106
0
440199902
0
0
151717476
677093055
0
0
751494207
939095451
0
0
0
551668805
0
0
143718691
0
3909361
0
492256525
0
0
876118708
0
559821144
120639443
822885843
0
213683849
1037670705
0
154579825
0
0
853937852
725936699
0
488421125
0
0
211443797
172128387
796163663
0
0
0
143371806
819796097
930940999
0
0
0
0
0
0
993594270
672933355
0
0
0
0
802102605
981526838
0
662508237
1060722693
0
162731881
0
0
0
626709874
0
431307040
1065188298
0
0
0
640987626
580671290
631455334
0
0
7747250
0
0
834223588
295215603
920593740
0
920055927
596226073
894191496
0
385820270
0
0
0
0
0
146499959
828146821
0
642975308
242369414
500764062
318805639
0
0
0
198592616
0
504688756
0
0
0
94235426
0
606199326
0
567023723
191257824
0
0
0
0
583397988
968394098
919026306
588654370
827286771
0
271445722
0
460159123
667832081
105944100
534844975
0
142669897
877330646
286448697
0
0
0
657867770
904687852
178030206
0
0
1057281073
0
0
0
0
438597922
675540943
0
982387117
794336789
0
664947833
0
0
398544298
0
0
0
896625498
752617410
183305474
0
0
617109028
0
1049934845
892305554
0
925076204
647678000
560477283
922626869
0
1072368648
688320733
0
717439347
0
0
917704574
0
0
0
0
0
0
0
0
0
0
640458401
513373650
0
0
113727482
87100680
0
303904317
0
0
928407600
0
1038218597
0
313746717
264984117
0
116220497
0
38291312
0
0
0
317580561
0
1021797529
655540306
0
720922799
0
0
0
298802326
39131152
480468301
697192116
76405510
0
0
0
44755948
783430010
804862512
0
0
413422782
868408060
0
0
346603377
0
778184218
0
1049479821
783399314
620468953
0
468716510
944569481
228111202
0
0
0
298489083
19163048
956322474
620221960
0
818973189
0
0
531266313
0
156817847
277656627
0
907717512
800295137
0
0
0
1009425631
159850128
611157132
1992541
0
0
255622137
0
631760838
0
0
548477845
0
1015605379
0
251974983
0
0
0
0
687009346
0
595910239
0
0
0
0
725533405
224271288
572204916
0
81519602
0
0
0
0
954331435
679290160
0
0
413332828
580002094
0
0
918294043
0
951559001
0
0
0
737589757
701331412
115856087
671204329
952134532
0
700536994
373620187
928542203
0
854136140
386711490
916185273
474139296
1038149519
658823056
0
0
872865561
0
348714658
0
0
149121931
91484842
0
0
31982840
0
0
0
427829850
384390423
0
733627545
20168591
0
5742223
663911730
0
0
0
0
1050072444
636971607
1040629064
802256663
442268535
74164555
408908450
678237694
578991219
0
319514355
942955634
114584959
0
0
0
630728303
0
44434110
263751882
0
0
0
0
257047287
792197582
638144891
959921202
159432464
0
655087200
577422281
0
0
0
0
0
1049299962
34800413
0
0
647384836
0
0
242196747
0
806102438
763465835
0
1022192850
0
184860861
231725825
0
733627545
874126158
845647146
0
0
416544382
0
193633152
0
170720339
0
0
25475188
0
178579966
150162886
553528499
0
0
0
0
42414794
0
0
283802073
409683105
679627342
766689742
195393717
457107615
589485601
0
51310687
733142382
432914047
0
925113402
921064434
779180898
0
0
0
0
0
795086329
0
420393061
0
0
0
16684610
268809784
0
47685632
0
964609265
0
0
0
116730356
807319869
0
878574538
0
764345598
733635860
168973507
9046517
0
51992763
0
147296231
799006571
1015282619
0
0
236371553
0
0
0
0
0
689340432
0
0
0
762608389
320250105
701331412
0
0
0
0
81240537
937133017
0
0
61729027
0
0
719835471
702142657
0
0
0
0
700605337
134792346
0
274329034
126551551
0
530934486
980668552
570836169
529860826
745971870
0
0
538609915
0
0
986630598
623953244
0
412511391
0
0
0
0
0
706421353
0
0
419162004
535215642
0
1016571092
0
0
0
754095442
0
839926755
0
0
0
0
0
1026658014
0
896361687
867044828
5974638
736406893
782257166
0
252960403
969352894
517424327
35207578
860454790
1050207553
0
1068874809
802102605
0
0
0
0
0
174699481
656825856
0
0
134639806
0
0
909972744
331392936
544983850
808078929
0
0
921409721
570558989
0
517891776
275340212
883378680
0
0
99365402
884250934
0
1037742778
968261895
331651631
0
323259546
247679030
0
1006697372
0
28737591
0
0
0
180285922
0
0
674630659
545307972
0
0
0
0
0
226698742
564612543
0
0
1022696061
0
0
0
369433685
375122137
49464822
0
939065176
0
492124361
717117111
622452347
0
544787432
661263972
0
0
0
500977182
827472013
216649090
0
31919714
274909449
501068639
248961503
738244807
0
795086329
701999743
0
0
246644836
751670947
0
850365902
0
791762300
857656915
0
974929235
0
303771637
970746381
0
632556535
989099698
0
0
0
0
0
642134118
0
714929065
748365806
360006863
950094134
708022556
253484831
627968664
0
960233378
455412178
0
0
59281201
0
0
0
0
853973142
0
0
226010194
0
0
0
951184637
0
396736065
305959521
942117477
329433878
0
92677191
0
0
0
38291312
0
599598163
124185548
850101086
0
0
0
0
0
601162159
1016060679
0
0
0
584002575
843533243
672409439
256813385
0
585043916
0
0
280547366
19751722
0
820783941
966507474
431324049
0
386438306
339241328
19622696
83771846
362055251
0
607784682
177736432
0
0
0
0
0
700545079
0
580136242
0
726980208
0
327105613
0
782121064
818748030
994243923
0
0
0
245808212
0
0
0
429913016
269316021
0
665947235
0
1052292030
555990513
886540667
451758356
539013680
603692356
741764869
62403900
602058655
0
0
0
0
577123339
0
770989444
498312509
0
231235578
577290757
449860592
0
0
0
0
28771744
744033065
0
599398458
822511876
0
865420444
0
987004735
0
1370242
0
946967944
0
967329857
21590044
174915479
885770238
0
0
84898621
0
965439346
50343878
582291383
0
0
0
200010740
632111446
0
0
0
900510259
1048727442
764541707
376949442
679739903
256362848
406767550
0
0
893243641
0
0
245362054
147334562
0
0
907721893
0
133587606
0
336250760
0
0
1002595777
135223872
735655951
41655382
70652715
614168352
0
0
9337152
143994027
0
444177221
324439842
180758450
254789881
978762173
259962021
275809672
517896544
424816564
0
974235720
0
0
0
0
0
952629052
0
670367519
0
0
0
0
149278803
0
0
0
929804072
0
549592126
809648288
584816929
606199048
0
814036867
0
306117986
0
74889190
553298331
0
410705090
120818371
599190531
752309460
0
374515978
851726572
984592859
0
274634892
0
0
302246237
0
0
0
935445505
453317816
311869773
561945410
596678195
0
790127001
941138001
0
101967032
1045640442
0
0
0
0
945949797
0
0
0
584975127
0
984896516
753299295
0
0
112485519
691743184
1050952248
0
0
0
389457186
347442933
0
0
0
759555009
0
0
212299150
0
0
513556247
710509332
0
0
0
1003350910
267098281
27585018
0
0
392335093
0
0
384886468
469356812
71557283
0
0
982174827
304019878
0
0
663978079
0
0
883541737
650110889
0
0
0
0
0
0
0
0
159432464
836515769
738530952
0
0
942716082
0
1029688695
665247723
552230316
0
0
1031296712
0
0
816812161
791047369
0
0
772832423
0
0
309486374
0
0
0
900993308
494753620
741447798
0
0
86957898
0
133132305
0
757992183
0
0
295588591
168950230
0
0
708847790
190116203
615591967
874126158
0
638132858
0
0
324949260
72469068
0
0
521786282
0
0
0
0
0
315411452
0
0
899978287
0
144619602
590231464
0
468716510
237069539
3865660
441660762
0
0
0
0
549668407
0
903859044
0
287868384
0
0
223595221
0
0
828865608
959228849
883165967
714028405
0
951138444
0
790097335
267560279
100747071
0
950799260
0
319516843
0
685377064
0
435992814
456284741
443139456
244035215
462969793
0
0
0
0
0
0
236582283
0
454582328
262119041
496606473
140733934
0
0
737985122
0
0
0
39195358
0
148125180
0
400872416
77991344
1056369146
752533563
0
0
0
0
250639909
0
579439067
694484562
0
793784615
0
901767017
0
0
0
661136787
384099066
642899410
0
426689123
568132147
0
49316770
0
837458380
0
0
246875802
278972143
0
422381113
874126158
635666384
0
0
334280960
0
0
0
0
0
0
0
766316417
0
0
0
0
720718696
0
787900027
0
670824872
848572835
0
0
874684596
207421036
0
0
0
236379562
0
0
0
0
1000366528
395109681
954079679
739126762
117624686
0
1000959121
274448393
1013304247
0
558888482
0
417923723
0
631775012
852282357
0
211981799
0
0
0
0
121054994
0
0
535433126
564309482
0
526372783
0
0
0
0
0
0
585698691
0
0
127585959
0
0
0
1001422343
716536426
0
616671697
626477354
895688010
0
0
0
0
0
867474545
0
0
0
0
964974467
368701848
622227207
952507137
0
0
300669667
0
632185716
77111627
0
0
0
205881531
0
950338929
0
759857082
549229357
0
67736271
678985604
995901072
111825072
525380053
0
0
276849707
171136297
0
232615376
0
295259051
0
984112249
0
0
0
0
607166184
368588984
0
0
0
771336988
0
684179325
0
512194865
8151576
0
267923371
734056682
0
993713197
0
1069903564
58853824
0
600181493
106726072
446569560
569601988
1041850498
0
1027072909
1059382997
893916149
375184457
414170063
883060547
685955171
739525159
1008122959
191717023
0
0
229086519
823710967
598827408
661046871
0
155625147
343652585
0
0
0
0
0
0
0
372468572
1015714089
376141148
607317912
479095746
936996718
9307470
101941521
0
0
321350156
689966572
185174729
38239475
0
888426694
0
0
0
661097070
60593889
112869135
402702761
0
226010194
0
0
128801354
566705861
637775795
0
0
320456372
498935500
942953485
687679510
230285211
0
0
0
0
131165714
0
0
0
872225026
744033065
0
0
0
0
327226250
815418422
82601174
972759151
0
0
443139456
0
0
813739213
0
0
0
0
876729115
333258981
416615666
0
310827176
0
0
0
770923692
0
0
0
602714063
0
0
156851018
0
0
0
0
0
0
204325788
0
0
0
0
0
0
12148990
300102534
634967204
0
936291563
0
0
681124739
656417466
382803882
970390418
0
0
0
406617155
0
0
0
453181212
0
0
0
19046519
0
1000761145
602044174
412483463
0
389909861
0
481615667
0
873863701
607134767
0
0
906847056
0
995988852
1005764807
429913016
1031586652
853084483
0
0
430882635
0
226010194
991394616
0
368959523
0
0
0
719633260
0
900012045
0
0
0
519764558
132755152
895790816
0
0
0
309012059
863966018
0
632328658
258965658
0
0
0
0
631731992
0
0
0
0
0
0
0
0
0
120052596
0
0
340304360
799467439
0
0
0
0
28621566
1073111831
427553261
458844752
0
362039411
0
0
0
344308244
261275957
0
0
386266690
773282703
0
501922457
62355434
109250835
0
0
439688328
0
0
866436195
172786650
0
0
0
0
0
202897020
711730296
433746972
117735835
1067836967
0
0
0
0
487323103
758980515
663689694
0
0
0
766316417
0
0
0
368383127
953235255
0
757360855
1015074522
482027546
0
0
0
0
410661373
273224566
697438101
566849097
0
754435598
0
75713101
988649672
755669199
1046954521
0
0
0
706355863
209386490
106438594
0
189848650
561131660
0
235663407
0
0
655087200
1052752893
482505966
0
0
0
61543839
0
232284543
0
49065996
996756996
387580407
0
0
0
927262995
934418330
0
310339493
271953379
607148980
0
0
572047587
412511391
0
170369607
0
689604159
75695190
0
146661168
0
0
170907703
0
0
64891418
488055985
251731558
619222693
539920760
310950419
0
0
0
847883325
0
716666864
588620977
0
987245622
0
0
435641332
0
329134249
0
0
632823139
859963173
507451246
901929853
254613269
0
0
326122217
866436195
0
629928677
184118886
0
0
563941089
693703400
229560633
898691807
0
677470172
540610592
0
0
885905469
156315681
933202684
187470953
968230605
948386141
0
0
185337843
0
0
795588572
49124097
0
1023463228
651321855
0
0
0
711802072
269100662
0
389317207
0
0
698618454
0
642494916
0
646503300
0
0
506618681
52660299
607665122
1028521773
501112106
1059757348
1071062629
46084325
853403971
0
0
997271129
0
0
926609760
0
0
0
398838172
0
502475498
0
666421737
204325764
0
922496911
497349445
0
876118708
845777666
911713995
0
0
801503953
0
447576035
69678619
0
551441792
506091284
1060962383
0
1001100055
0
0
401201997
0
518728268
0
0
824078070
214050620
927754452
0
0
482505966
794591147
469345087
0
543679535
0
1004510978
0
0
0
0
0
723719786
0
184931200
427524064
0
896953927
0
0
0
0
225915166
0
435912368
98700991
555905601
0
306031078
0
0
0
0
0
280547366
585425556
0
609850345
0
117839006
35128546
0
680130097
113619104
726296631
21531708
929867026
613466409
756797060
0
223862001
0
0
227393075
436034497
17847048
97561532
191539855
0
194949349
1027620876
0
0
0
0
575271969
536242876
0
0
73434372
0
1007452041
0
0
199564634
49247172
83199614
265400891
910640124
588620977
0
0
0
0
170549000
0
976830674
817893
0
674198843
258171617
0
582363322
670392682
371491202
0
0
965755773
606845763
157625975
617558278
0
84341340
0
358530619
0
681124739
0
314286080
0
0
328800789
0
0
0
0
888395067
0
0
141034497
0
0
456175904
797255896
0
166130552
0
0
886780466
346100330
929471604
0
0
0
520374636
0
670824872
0
0
0
0
0
0
413881899
344973376
0
311499458
0
0
736480350
0
0
896493589
0
571624395
0
442449941
122893379
0
18740199
0
67834259
250704748
285037189
18719197
178644856
0
482505966
0
104044597
998580867
0
545687027
504117549
0
692248628
0
33206279
607159544
905406188
192721138
206514628
0
455045761
1017225091
0
0
0
0
640785320
0
0
819131417
613468506
0
384778531
0
451968943
87501069
75624629
0
0
0
0
0
626778946
667798787
0
0
955958708
217258963
0
433118827
0
340769303
630819873
45061213
0
0
0
1066824783
0
529860826
809717042
0
0
415554807
363043042
0
0
577734463
0
940896483
0
0
0
610776897
0
108824456
597525428
0
0
686670806
959272525
144666460
150194008
733976787
926617529
0
553184690
647198976
925150596
0
654416422
89820753
0
0
0
779570403
229088823
0
1047152457
0
0
213895958
239548256
0
349789578
0
380292225
0
0
825256858
485603575
0
992212150
739525159
0
0
0
952865447
0
0
736366529
0
291289400
0
708190661
0
143363252
888478535
264234789
0
431563415
1030354967
435466474
85385567
0
689043437
0
25386464
0
0
0
109026836
696420785
738635654
0
857779653
0
805073517
0
0
0
0
948709659
0
362493434
0
0
450024316
624668096
813191215
15591819
0
0
0
397016678
581060208
754381102
0
868264855
382032121
1027273605
0
0
1066418241
0
0
17193991
0
0
0
670824872
799753103
0
839877881
878801683
581653077
334254314
598122479
0
822355087
0
0
0
0
0
696621810
0
688624522
345940220
845706445
101474979
0
0
0
0
1057796200
0
0
0
1017157084
0
0
76052018
0
0
147193317
108545645
407648413
128176792
0
0
0
455459649
0
678102827
0
799467439
0
0
628222804
0
0
859798910
0
373244939
0
730353393
0
1023772248
714693541
0
815601077
599151059
0
1067793080
1026249370
0
496805273
0
0
628658559
720539207
883285614
331753029
0
613659998
632253167
569114946
0
964677977
415094518
0
788341245
0
867229662
0
733966813
0
441159929
50271251
246659733
191290758
247637072
0
1064327484
90036463
0
272969622
0
0
0
0
667858643
0
267481361
0
183398596
264212254
128148415
173320672
465864919
590019709
533687984
229650651
1039429336
836247087
0
1040463328
0
0
0
0
154579825
187950178
0
851726572
32420151
0
0
0
0
613492650
0
651059187
0
0
114398699
64998656
0
338804239
415328523
875776257
0
767957410
0
455898010
0
426675731
0
0
419842858
0
1060642824
663889792
230298341
0
0
397575620
0
233492709
0
1068242757
0
0
862486011
0
195877163
0
0
998333990
0
659142336
0
747372782
0
0
0
0
604757864
763650719
803385774
822201840
0
619496484
1027552319
0
274306942
313947047
484216793
0
986630598
0
0
0
0
603020182
570836169
389679913
0
0
124863299
242471015
1005858831
0
463665352
849762883
618225847
825497692
0
708003567
0
0
0
0
0
698208116
0
982658797
0
657140229
1052844911
0
0
0
744588047
0
0
250141883
0
937057222
1039916092
718492592
826583638
676565497
764622639
0
0
716165751
750186437
899737553
408064076
965799309
197118354
0
561211416
0
0
613774374
667858643
0
561912158
1034980719
533336731
0
732010720
822119417
946333518
0
1069575140
0
0
408072782
0
0
0
307044661
0
434559849
0
0
0
0
0
149558195
767105070
0
0
0
721894321
0
0
931866021
0
913763500
785363519
0
0
0
979058696
592606472
1046939914
844439882
145380091
0
31843778
0
700056095
0
96302088
580520284
301029783
0
0
330030809
0
996636764
147775459
0
553871033
0
0
0
589949101
980187143
487455653
0
610813200
0
0
179469845
0
570446747
32769931
787775435
0
0
869820631
352444579
0
0
414053602
894618086
0
0
122664910
235758208
0
277673157
0
0
0
0
0
0
63556926
3531745
0
0
734089985
937357886
0
765185732
0
1012813661
72328849
0
215722276
142765307
0
514006772
0
316723147
0
1014402399
565597096
851027179
0
776989231
1004427447
0
508170530
0
0
990032223
0
991436501
0
242788026
451696515
544416446
0
1019851769
278617985
314178722
22064332
608455960
0
0
0
0
734233941
0
0
701544957
178384485
661061854
0
230182585
0
115227089
1041687664
0
50343878
923295935
0
407334202
999199996
893852992
0
290838889
0
0
688907990
158103200
303686580
0
532697271
932813825
226691374
120862942
858527930
154579825
0
392914855
508244965
0
0
0
0
0
173272152
0
955575065
255831041
371830581
0
208178491
0
0
0
892098363
0
0
640233671
0
0
0
0
0
0
497010686
238128724
67983520
0
0
0
251251512
474591631
248883271
0
882039033
0
919688176
933633549
0
1056975221
0
0
0
0
0
0
0
0
0
25485682
574829810
0
180136763
0
479020574
1051225485
896252370
654023864
0
723345726
0
544220502
0
0
482662650
0
486630438
0
0
84094458
0
0
0
0
0
0
566710570
0
0
0
757652644
0
0
459545612
248525710
244758266
0
0
0
0
0
550996263
75836336
0
0
0
0
0
389073806
806686259
512272139
0
0
168973507
0
0
0
0
279941686
199538416
0
127366086
552917135
0
0
350978290
0
429894606
893456672
0
0
0
111155384
0
255974287
119982938
78034671
853341080
289466040
411561383
0
0
0
0
0
955794100
819324551
114029619
0
27512581
58812829
0
1002338689
400736954
1034299712
0
1035941057
689568834
0
0
0
0
16095842
0
246870188
0
204113743
419801093
0
0
131966408
0
0
0
327238623
0
0
0
0
0
0
0
597835216
9521739
0
0
585981227
696449003
0
324305339
0
543162456
504639209
0
0
263379778
0
147334562
510883322
0
1010043477
682529309
0
0
57757028
0
0
61543839
0
423228322
0
0
382957947
510703828
580611565
0
475893960
358741620
0
0
1028276076
406419283
910408251
737596100
244574522
945724487
0
0
0
0
687009346
0
651993484
230932938
635159682
0
671257523
887706401
0
402144753
1008023086
145659321
353040366
1012986989
0
661736347
992317729
0
0
0
242149252
1057007384
406112151
684537495
713767979
0
592273068
0
0
0
0
0
0
456505722
755150788
0
249369243
736312273
0
873899427
0
213130467
0
0
1640426
509603751
0
0
944487576
372095744
139430920
0
624320488
0
784266503
0
175137771
600298473
396023022
1026709076
0
0
0
436537946
0
1025673495
56413734
0
551597265
153813229
133098338
571190464
0
212635421
0
120432854
1026939653
0
738530952
461264716
0
0
0
0
0
0
478961217
816728425
308496737
377003403
0
0
0
0
0
712331379
0
0
0
774350060
488347827
360932204
364279845
631531746
674112703
143646094
614439513
245671047
44261552
0
115709324
332669291
179270143
0
0
0
0
0
182030945
0
867542604
0
977760083
826228355
0
0
0
498113009
260996541
361943065
0
0
580948283
0
0
0
0
0
961145046
0
273041129
525251455
308163143
0
546857870
0
0
0
69192694
573857826
0
1001147962
401538734
0
630244882
0
640867626
0
0
0
0
0
178108590
0
448605077
0
542265467
1057983698
0
838679921
0
0
637436746
0
0
269866222
0
134213070
100160336
0
990077422
0
0
0
909564739
0
0
209842256
0
460582709
996597260
0
150528571
508197086
0
0
0
536270982
523561780
0
0
300882327
595517879
0
356269413
0
0
862618806
0
975391797
0
681124739
0
0
0
0
0
982835712
0
650123433
0
16089397
264382432
0
0
41373799
0
0
0
320509610
0
0
207491029
239149951
0
0
0
0
895090862
155913728
1062607679
415554807
669798385
0
239149951
0
0
375277969
681124739
0
0
561131660
0
226010194
0
0
0
0
0
522388062
154002433
376151866
152393403
165802487
763351087
0
788597065
0
0
0
474025449
749632676
642153513
0
0
0
0
274552710
0
572057483
148402647
431344491
291289907
705887975
709351766
0
41373799
0
0
0
0
100097123
0
0
0
308496737
0
800490211
510555366
610743915
0
0
675193390
0
139024008
574373802
0
0
1059376905
461874928
0
638223731
0
0
875867401
652468361
0
233342461
0
0
0
717650524
292662092
0
565243209
791688808
0
0
0
439216881
1022546588
0
793087538
0
0
678167071
0
0
0
0
939398997
508558153
0
0
519362205
856085239
0
0
85834168
164950641
0
847325695
646025358
0
737737730
390772041
0
36346916
0
0
0
373196012
126580454
999622258
0
841697807
394069855
357052502
0
0
81854285
651153694
0
0
662716470
0
714552458
839186078
291854684
698261673
942216885
233260471
4178651
474122892
0
184645779
0
0
0
108419469
469678784
0
50670367
801800045
0
0
0
0
699410508
647858147
0
869312020
0
968795905
638193753
0
706385111
0
0
0
0
0
0
883060547
929691097
0
0
949362310
0
0
236641844
0
600305787
0
0
634990011
0
507458380
0
268241192
0
643412725
0
0
0
849433952
0
0
367755437
0
0
730146060
0
0
771350223
0
0
0
330342936
110834041
0
0
839364627
800597259
239428585
660781673
831427843
0
856030827
0
795991979
922653468
0
395008541
0
73900464
0
0
0
654929351
303998744
0
774350060
0
429683837
0
0
1002730984
0
802827526
789044770
0
0
356801893
214151940
0
0
1002787195
0
0
0
909629451
0
937549898
0
0
0
873951216
731855005
0
353911230
0
41924983
0
4436897
0
0
970218008
0
151185039
375399079
800739150
0
569571544
634431401
1018495633
0
0
94053778
671396635
0
984398870
0
0
537439546
265176055
576846229
47307141
121320983
0
580715447
751935694
0
0
554083472
0
645424251
0
0
570446747
62894063
0
0
0
3480277
772719071
233169357
552886045
845671634
0
310580282
0
0
0
266175440
0
178455731
310613564
243218701
0
0
0
181239583
0
459786118
956580610
971038276
554238212
0
0
343371548
0
931505702
93990630
0
0
832965956
594004686
0
0
199334649
0
353911230
601201134
521854682
1048187710
462472454
278556892
388644543
0
0
0
0
0
0
163138335
0
0
695805968
0
0
0
0
0
0
146932087
876908698
513371490
781069783
886537197
0
0
424159805
0
348792848
0
963063334
460864964
0
0
0
597937383
987205158
171864138
0
0
0
1003278142
387504266
0
0
0
0
0
0
0
0
415143693
541248416
0
1033339553
543478206
1029688695
0
32923663
94553761
419436089
175775511
878740434
0
203899235
0
0
271824190
0
947981278
155083340
150082954
0
0
597522784
0
0
0
0
796997223
362215682
0
993389162
0
993129729
1046079816
781763581
136124297
0
0
769123645
0
1040909203
0
912979432
0
0
0
0
0
674280082
932919769
0
0
0
269232994
660038454
0
1026660213
0
17242137
0
223116718
0
0
0
0
974320288
282824738
157225412
0
0
0
0
0
0
0
0
878088116
465531992
227488234
221120818
55126275
814708520
0
0
0
0
0
0
0
0
0
360908117
894147842
742948597
1057015241
0
2468098
0
0
603667413
398085083
655361917
0
0
80249267
0
0
0
902702183
262728313
585117952
0
1040909203
0
0
280966852
470855701
0
622638355
790349995
0
0
0
278236912
0
0
0
0
0
1016883893
944596301
0
0
932919769
0
0
0
0
976333419
707915853
0
194210507
0
647322465
0
902598976
0
183289150
183976515
548493009
0
925228383
1035624878
0
301698625
387897579
0
83524716
0
988850737
462180715
254414406
0
0
0
0
0
0
0
775817331
226732208
0
59048442
230360128
0
545281811
0
0
0
253743305
0
907121198
0
0
0
0
0
1024720545
0
766700247
0
299978788
0
816605126
96769643
0
0
0
0
712095578
930413005
0
876118708
281758184
0
0
642134118
0
927044041
0
0
0
1000366338
0
0
1003613057
609869800
0
1016275319
448585393
876327239
73996982
19482526
0
16832321
0
0
34383960
183717572
0
0
20966625
523569977
392705906
785196334
269789697
0
0
0
431889721
5790288
321596219
770987658
822335283
0
0
856706716
640712261
488005562
1037800779
0
60195249
0
789002193
1009114397
0
310137342
479070254
128148415
1051579563
0
185885948
193809733
0
0
0
86881688
432374217
0
842295657
892272657
0
0
122266540
36286698
888038276
0
29237112
413153985
0
586486319
0
802728757
0
0
0
905650648
778154334
928971451
0
165390951
0
313483038
173083000
0
0
0
876761784
0
0
0
36108270
0
468514009
0
487985964
0
407460144
0
0
256245274
0
936919960
0
0
151093757
0
0
824589714
696667978
889999890
0
159223613
0
321116354
428264569
0
857125814
461775160
0
230581636
0
0
0
644773700
0
603407761
954580879
625671625
652871770
803204166
760555981
0
88811745
0
0
1067218427
129204095
0
0
0
403540541
0
781069783
0
0
332724044
652468361
45801870
241770676
0
239773304
17305521
0
404082185
568567074
0
0
0
0
0
925189466
0
0
845465087
0
0
0
497555006
0
1056975221
20966625
0
628424621
0
792892714
471094910
0
715022144
148009050
0
726695307
1072352474
378812288
0
0
816553482
561131660
0
0
0
0
43161272
0
498310462
373249826
816967216
0
927836708
990498625
911491074
589202739
418161764
181112930
523871596
225255404
0
0
0
0
892005853
0
752330816
0
0
377735383
0
0
20634249
248679867
49326356
179629239
0
838624725
0
368875188
996602071
0
0
0
646775555
710754876
690321448
0
0
0
262000123
153399603
533475944
806672486
0
49326356
0
983410329
0
0
0
0
302255587
871850579
223603256
320814855
0
0
602519251
0
687834471
875004506
0
0
741516034
825308489
0
221462129
385596871
204727741
0
0
0
87125460
0
0
0
671924610
0
0
0
942646960
0
47772963
873096338
900515076
0
557047900
0
995508496
0
0
830634815
517428789
228499659
441778668
788213831
99238277
0
825010419
829741931
479920291
0
568881373
0
377551466
0
242642495
0
0
0
275938293
0
48038065
0
0
564463739
856323286
442236806
1042414867
0
0
0
329817925
1014959164
0
54449690
0
619496484
0
0
0
0
0
116325110
543136678
0
382939092
418550705
0
1028690008
0
0
0
0
883060547
0
0
0
0
0
373828730
440535091
0
0
0
0
0
20966625
0
413097751
460483837
741057363
118461520
962366491
775148541
0
180035734
679794074
628550490
770967753
0
702836740
0
0
0
228566656
0
0
0
975620106
356636799
0
174042183
0
0
0
0
507772827
108684104
799219306
432445616
1069640381
0
0
0
0
216997472
0
71264718
1051687221
0
251251512
0
0
0
917438084
0
309322783
951984033
0
0
0
0
335427839
910680717
0
791855037
760261797
846198616
0
687888849
0
0
166700376
0
0
0
884911072
225901564
847827507
151692616
0
0
154843068
0
0
7920824
0
649650941
0
944770222
0
0
0
0
0
0
877220894
0
0
0
312130212
0
0
0
484962190
989433781
0
736997866
0
0
625602307
622085338
0
232608508
0
903902678
488304150
0
0
433623542
20845080
0
912612130
0
773700707
0
98021333
0
207087841
361943065
524343177
725659267
0
2318698
618848167
0
152042359
0
476996222
0
0
0
0
0
379009865
501433976
1030914456
655087200
0
876195077
0
0
0
0
532907419
0
397163706
752330816
0
0
0
0
591819479
0
797262851
0
140861454
736801979
0
0
0
698776821
0
262753830
864547406
0
0
74065383
0
0
927965571
960831718
0
0
328940867
158011189
0
5170915
0
0
0
935198739
0
0
851389612
0
987332308
1009091657
965983556
764572170
591967621
1034269005
1029982607
84986943
0
593255709
0
0
0
0
502439504
0
664265806
0
979120869
0
679911993
618336260
0
0
50622686
0
0
0
571558677
0
0
669374375
0
0
0
168070818
0
0
0
0
0
919457225
95684316
0
0
76064583
0
555121019
0
39549422
734401352
0
591728519
0
0
0
1030915968
260462748
0
0
0
248542293
0
712371356
0
0
361186319
0
681353583
0
0
0
0
0
111959585
0
0
0
0
0
0
0
9337152
581096701
746970552
641281701
371862044
0
834587816
211818576
0
0
1028569631
0
0
143829074
0
0
0
0
971234922
8802819
815701030
0
149329454
838890174
460033226
0
1071302008
0
0
422946570
979545950
0
0
0
537864839
645967867
0
0
0
0
563615314
57791608
0
0
0
993076164
454929530
1047969322
0
474710520
0
791702606
592606472
672069720
0
0
0
0
870195682
0
0
823239970
0
0
0
0
0
266899597
0
0
49338473
0
0
0
408906765
0
133706218
0
0
0
995521275
0
0
556509523
544974662
190934101
0
0
895285215
0
0
586942849
0
0
946956370
0
1017720196
904721622
840812389
0
0
0
581364218
0
347421817
0
364423975
42111209
50938865
57928305
793723278
82345827
0
0
500813946
0
265678885
653030313
0
300935176
0
0
0
0
0
952821606
0
0
896666519
0
0
0
0
0
0
0
0
319552288
0
0
275361109
876368890
629529143
0
0
297975280
0
42058781
0
0
141124007
771814533
148625391
1043781405
0
365536553
733370212
675730215
948803747
314935194
431500182
0
0
0
0
0
195833533
475204577
699935811
0
0
0
0
98768751
0
489895712
927659663
0
0
0
0
870533902
479857202
587523023
0
0
0
18586458
0
589420993
0
0
0
22700169
422212285
0
1004198684
0
486925735
0
0
0
402713892
1031408099
607568521
0
475157948
468716510
557454043
0
0
0
707193343
417533594
861714582
184515390
0
92768602
802942189
0
0
0
0
0
0
546724441
1026744095
0
0
0
780712896
581033060
314671033
143411071
0
0
133320956
892537571
843709406
87792685
0
0
879788695
402713892
463900471
0
497042246
0
0
0
509912701
633687818
0
101949988
0
0
0
0
309398000
0
0
0
0
0
0
81469329
193934721
0
999811840
895915824
142424022
0
0
0
263567993
0
0
0
399871399
424816564
0
0
0
176540186
496101797
0
18482352
511660200
0
845772895
0
0
136937858
832491293
334683828
917892302
1038022005
0
182763394
930687514
839134902
0
261059287
0
0
0
1056825222
571770484
862166684
0
536362885
0
1011738309
533288620
0
785851007
0
0
0
263728250
0
0
0
0
0
0
0
460055443
73873488
0
588151170
0
0
217351181
279686139
0
0
244110350
314560906
432075228
725573119
0
468716510
951140928
372295714
0
761914997
0
793665581
54841547
648964159
0
0
0
0
0
0
0
0
858923719
0
336372188
522316362
191952303
771361140
0
906143057
415586416
973102083
0
691670853
0
0
248139668
840167869
0
0
597555388
912507797
892537571
0
0
0
0
55495220
6274669
0
0
685418799
163783884
111254655
0
0
754072761
347442933
145158406
0
0
155834306
897215716
635771206
1063547863
302197625
123369480
0
0
416812066
195677706
0
0
0
0
843915236
251251512
0
642815773
0
805846967
0
672360201
0
0
0
967531499
0
0
519716491
0
568530094
760590507
1030672261
740410041
972006066
620747550
483015862
0
262913759
165349428
461961821
841116298
0
0
169968774
906500434
892238234
640769934
848572835
705361152
980594988
0
0
233364899
281339114
0
0
961348811
865201621
565180432
498686592
664418974
7821424
849160679
0
0
0
507405401
18604224
232062939
824278485
0
0
0
877420228
0
156996248
545621065
0
0
297160427
954614044
948476128
0
0
138278014
0
847873519
553871033
0
441778668
0
0
24788097
0
0
561659575
0
481615667
871003970
552199609
0
127203788
145896678
0
650070012
0
562977270
0
0
694691810
0
0
388088876
0
0
0
934817779
649726806
0
59254548
105158788
0
0
285037189
837984702
132423113
0
0
259295132
1036584063
0
0
1058380498
0
965097826
317615557
748802952
645967867
98554182
910875939
0
0
113462255
659970107
0
0
154579825
864504707
0
0
0
561659575
0
0
0
779426574
0
0
48082459
0
193607103
0
0
0
648956211
0
409910031
0
654697929
0
366996391
200966857
0
498317465
0
0
0
634401500
848394045
0
479920291
0
85603589
970206658
1062565505
0
0
596863564
940949929
0
0
0
0
0
113834310
0
352380558
1033123851
831515325
0
154579825
0
46969224
0
0
982999236
911250271
146932087
252379889
794355460
0
0
147049140
0
0
0
368666033
0
0
0
139731253
0
504619498
337956787
0
0
267685244
931319439
0
941066728
0
0
0
820684013
0
502772483
925790496
0
0
0
0
0
0
1031940927
0
999099391
347393591
0
0
851726572
668496459
749266987
366614915
0
7258091
0
300591269
0
0
827351339
0
0
0
0
0
0
476123805
0
0
875700420
0
97077069
664919802
753975485
0
0
74196814
0
664265806
0
0
928587820
859946118
0
0
0
0
0
726599521
88466310
0
907440638
0
0
0
362151119
0
355350625
0
0
0
544267997
0
29442679
0
802693571
912120910
1051172261
0
0
661039560
541310837
0
950094134
1066135419
368128962
0
0
678105780
0
653386194
814884565
0
918454358
124776594
1064982736
1055835672
0
0
0
915425636
702634358
210954106
0
0
0
0
343325272
0
75477825
0
656412003
0
432162377
0
0
0
831737374
0
0
736811792
79013811
840152104
45857615
447763210
56575912
0
223116718
0
209110316
0
0
1052878705
0
8111383
315930835
0
0
488347827
890316681
143296359
0
0
135553974
581689784
352870689
0
0
0
387761843
72620996
462573027
410535199
0
2971929
0
0
0
119154488
192241009
0
0
259466091
987226820
0
0
811901227
625198457
0
935493140
0
1014735427
115959772
0
103478369
0
142440124
0
0
0
0
15743942
0
711793940
0
730376389
0
925627112
0
0
0
0
0
0
408346630
73466625
949824353
218935973
316566197
692870470
0
0
0
232806447
0
590416482
785015224
0
0
0
1026924698
0
173949627
537469976
0
0
0
279385737
567213400
306174901
0
0
751286958
575846686
0
0
561670353
0
539849475
674440485
552627941
755895008
0
0
0
0
0
16891283
986609111
0
0
613774374
0
0
0
970768748
0
636986771
0
0
385523431
0
561322791
381687487
0
198192115
0
768064327
439742989
920759581
560464164
0
0
661378890
505443709
639732897
741162178
1068575073
0
0
0
466524660
997088383
0
711858212
566914706
273395464
0
0
0
912300634
0
0
0
0
0
677709302
0
0
302351667
685637472
585553061
0
96582584
0
981649086
0
157372919
0
0
0
602424895
0
1066072747
0
0
551934542
24114939
0
530708400
665678753
0
0
0
108902072
0
46404013
579050231
0
380391169
0
0
0
0
200479322
758245302
387021737
0
0
1002161992
183289150
0
244845810
640440741
0
135861618
787462041
0
543018615
331488983
0
398730520
0
390351715
0
0
641103273
0
366447658
142765307
144611779
611091915
0
0
0
752955132
12356532
0
790998739
595135975
0
1020950093
325887004
798818210
669301537
0
0
707268985
585020518
0
476614360
0
0
0
825194322
0
120926353
426716219
227580533
0
0
0
0
129763933
0
446330140
565732858
33024779
958675194
955044278
0
274724756
0
0
0
0
981687202
0
634465666
0
0
631114414
1030497936
204544415
344903524
0
2318698
0
0
377400209
982688772
0
0
0
1900412
0
1043866243
0
96992425
0
976756598
214824634
0
0
0
50182134
0
710890661
432754944
239033905
633971446
922660588
0
150940536
0
519099927
56350871
470437997
0
0
0
764323609
0
0
655934220
970597805
0
351613671
0
946994974
0
0
0
49694266
0
792855183
161021611
0
1005832625
467499987
704573502
703652699
863923746
0
810556454
0
1035401531
0
494873428
0
0
835201168
799625565
0
424781066
839309023
0
1068339445
0
804744197
0
0
0
0
0
0
0
0
366614915
884291058
953881097
0
1021129214
411929112
0
0
0
0
0
0
21674735
0
641760866
75017153
0
0
0
0
147968494
0
448752606
171109850
0
108880414
766583245
154818585
0
849336971
0
0
0
1013641507
811634822
0
109567051
0
659316721
0
0
0
367309992
509691181
702895615
1064982736
603667413
0
0
502927511
0
0
409084806
0
106512283
299448683
458543497
29399565
0
406671198
0
2318698
0
251885868
770130958
0
0
752613536
0
0
485783289
0
0
207820972
0
0
0
179671090
184920459
0
0
0
966475741
0
0
0
0
49051260
0
0
432838679
0
56175448
620741550
0
0
1009483612
977417930
0
95889344
0
426128739
0
529860826
0
351903030
0
0
0
891384955
4616680
708072259
908667066
0
826756706
0
0
814036867
417227478
0
973025526
0
914705406
494930247
0
159427298
563222926
573132764
0
0
209880624
623179272
0
708562565
525226237
209386875
42991529
0
0
0
0
0
0
803462688
250110824
0
727241669
0
593799320
503689892
0
0
0
1016541308
0
0
0
0
0
0
0
0
885822333
139309773
0
746585655
0
0
0
649093091
737454949
988893176
0
592843977
984230800
479106079
872311568
877081140
0
0
0
748230409
0
0
354895010
662510901
171166452
69584916
582883896
173949627
0
0
0
0
0
0
0
0
209880624
386249050
478916045
0
0
700097663
706967078
114681769
543713235
0
259466091
951054205
0
565570207
925042373
1031732756
191540874
0
263047661
0
0
0
0
222737299
0
0
0
0
116036085
0
0
0
12375657
0
0
165059916
0
0
0
0
645967867
867681387
0
0
131929284
0
750170932
505597891
0
0
0
49017154
0
664013733
489536949
315745570
0
0
70395922
710248871
264651903
72777430
0
0
227168012
128281852
0
36413766
0
0
256043335
0
684623423
758062572
0
5859220
655087200
680706623
0
0
0
0
0
0
234193703
0
0
0
0
131073616
232042857
319486600
101968671
0
503689892
630061880
240095885
0
507486553
0
0
18204366
0
323961068
0
455137259
86660391
0
0
0
0
0
0
0
0
947130278
0
1059340293
977493225
0
361998126
0
0
955136530
0
276450883
0
0
0
0
790073789
0
344572444
0
348695005
0
0
680063287
0
0
435859623
0
0
0
0
226696349
0
0
957128892
436537946
0
741473546
239149907
0
138832030
635175178
0
0
252517366
484868842
0
171510586
0
431112463
200193983
438046114
532697271
0
269647185
0
0
419840109
901711744
0
771191084
774465688
611570401
93069455
0
1008742623
0
0
0
447157286
87948608
165248161
0
0
0
0
124023573
659947188
278827245
0
0
632244827
0
0
56914502
0
1035508474
0
477080005
0
0
0
939571668
233260471
0
0
407351518
0
0
0
676757029
0
526639533
0
114415130
169169387
621933483
0
132841107
585044683
0
854983464
174345107
810889676
447298624
338266219
153891961
717984388
0
0
48624693
898431542
550489061
893839643
315919435
0
0
0
0
0
405468223
0
0
0
152140933
146708743
769012370
732560478
0
0
183772215
863579002
0
119583767
622404803
0
0
72115556
286698654
0
0
0
0
0
0
482973927
545071604
0
260816837
874126158
0
266175440
713275812
0
0
801000218
0
945939184
33152813
0
442268535
1007077151
143327963
985085447
0
0
280633281
0
823159196
483546712
177634801
0
475816419
815601077
595613486
0
461941222
0
311876425
226057737
368148534
739064023
540990231
0
480632938
386913328
0
1016794473
0
59971318
225462982
0
507996010
988517080
322902822
774137882
0
0
1042949820
0
708141840
993677656
0
0
700696509
425361489
106735516
80022700
298029010
51874849
0
0
48354163
929642012
897082003
953886927
0
102703871
0
0
307902878
0
0
851194060
1030772817
206639151
259201797
0
120091619
0
1033174958
647418357
0
1007694301
0
938470147
41419700
0
0
0
503194599
554911290
400407356
0
724393768
0
0
330961686
294771720
798951101
470876643
915698439
0
174921311
315573012
0
0
725746393
830948245
0
0
0
163166708
0
0
406180290
0
59056577
0
0
348695005
588458645
0
0
919824160
0
0
0
0
0
0
108745334
72044471
0
127817714
0
0
479196219
0
0
884373242
761603293
0
770130958
266683177
0
252564120
950094134
752502864
0
253946711
449351134
0
0
0
0
0
0
0
0
0
358256969
0
215766910
800417480
36138175
415554807
0
176130141
455795634
972709981
0
0
0
819886629
0
0
883708853
629164341
0
63090385
0
1026744661
0
836962589
148980055
0
0
852314791
0
0
0
921038460
19048180
376028009
0
0
0
393189723
0
218570815
25672707
0
0
429680641
198008044
749956211
49162968
0
1011980628
0
0
697510001
116563860
898246025
0
0
280966852
0
26910672
0
0
0
0
407977006
0
545238519
0
0
1016611523
0
28707665
315152441
489593967
0
0
325754555
993539723
0
879916205
0
0
755747601
0
1016408509
0
0
0
0
0
0
0
1061482189
321092668
0
585525245
98021333
0
924249937
0
0
0
0
0
0
197619608
0
943064531
0
0
166615062
679485641
60469247
1015267601
601791985
0
0
0
0
805574886
1070292695
512088139
0
1069605761
0
0
0
847789031
0
578616367
745385485
462721257
1072341213
338007443
0
301940918
814481562
0
0
0
0
0
745228957
941739250
426141914
0
547921975
0
227810099
71250999
79181133
334085553
0
0
763937404
0
0
0
732244563
563605372
895915824
306861668
490994966
659926884
855408645
0
13773793
0
0
0
0
0
321572271
0
0
0
0
735750589
0
6849793
1011990842
414463182
333375399
0
0
0
12172871
146615769
0
233740564
628814701
0
0
472596134
898104801
577557750
772213589
203297909
854037850
0
0
0
0
0
0
908125569
293619886
555778933
714353817
0
19430323
0
0
0
0
375277969
463770203
394418740
1046544189
495797912
1012702424
0
612438097
392401517
841915449
0
0
0
0
752218731
0
0
123814084
0
544857629
0
284213933
869231245
984141066
0
0
0
0
0
0
113934823
0
597937383
528177568
0
372668326
925030180
0
0
0
0
137132745
0
18138675
553954443
5511484
0
292663305
325405682
0
0
698777940
226010194
681604221
868780753
0
0
1065578616
0
348403981
657142393
1021200882
692290535
359909256
0
0
0
447737739
0
0
1010034626
2971929
0
361258050
744756066
0
0
0
909491578
216836949
0
0
699797489
76559544
0
152665782
630679389
0
0
771800903
198458262
0
237436989
512616668
503616536
0
177735641
0
335921343
677002072
810249404
0
0
0
0
0
0
1001574791
780252719
0
33815012
0
69496353
645967867
0
575193171
0
0
0
0
0
0
0
0
0
713749324
398845768
0
344462492
0
574825850
812259549
0
0
574916186
0
0
0
0
12985817
0
0
0
0
123542924
82196228
562114439
407334202
0
672004793
0
0
143140927
35641262
0
215362770
208240947
262985097
0
161794368
0
0
392415228
351093871
477378659
0
0
0
466626180
937305917
0
0
0
0
25991184
0
604464397
208372975
701737364
0
0
924488505
452195275
544501940
0
0
0
432707223
0
0
0
359271848
0
728260493
970206658
0
0
484649034
353315520
0
810575830
0
0
84163936
0
499543290
11177113
901654551
597073675
0
970513043
0
0
0
561131660
412964604
0
19604467
387650622
0
0
0
0
745509312
0
0
0
0
206115882
0
0
405335650
0
0
0
0
0
320912626
644549409
0
0
0
608381626
0
753182147
932615256
0
304700712
672311748
0
0
267212367
0
710405395
0
0
613438737
610738636
0
589009020
0
638229412
750304763
0
367927265
0
676813405
526508259
412564532
0
1037892194
172217633
0
450521154
955645825
0
619748585
944806118
549008309
0
0
561131660
0
0
0
817652618
0
342386
0
776857916
1011196799
0
800341098
581877463
407977006
0
1019842972
435912368
874126158
952232494
627484343
0
0
0
301303022
424816564
0
110481627
209386875
295958835
0
0
683057186
0
614847961
734542436
818166104
0
0
812717412
0
233941567
0
137007694
759478866
550849190
0
18714310
1055779116
0
0
0
0
0
677549887
0
0
0
544501940
0
0
105775633
1013089178
299000794
0
0
254954613
378635696
0
0
0
520660514
0
0
532502930
0
933505338
403974395
0
449742223
0
13771507
817406996
939523095
292255419
0
964071477
507262054
502735438
88727323
0
534738764
0
321700556
322214021
111005288
864438991
0
0
95594988
0
0
0
838903939
1032122113
96242565
182265218
0
0
812059577
567636711
0
0
114522846
916989248
0
466892696
0
0
0
0
671113899
396792032
784814414
0
1015818517
0
0
44004763
0
201467211
0
0
763197989
905280824
0
625233054
0
586384220
0
139393907
501068639
837879779
0
840053606
226783674
380365975
0
756803065
920457130
0
47724328
0
283223714
246861285
750485564
725560113
0
113470549
90824989
0
228446966
609003733
768454563
666259212
13050868
0
350126232
0
0
257032771
0
0
696427356
677761296
0
847586099
0
783027948
681124739
753261844
0
610522499
503424411
0
139613338
660127359
325679677
0
29724193
707814061
442569976
0
0
0
0
0
686527565
0
0
471004922
813937804
0
0
142286720
0
934326770
0
0
0
0
110476309
701958269
725475861
419691962
0
708694156
0
287501640
0
0
713044007
302247562
267387737
794112921
0
0
121924897
506723240
0
0
0
0
0
734123076
59987745
752549290
573726990
0
0
234325144
0
0
0
0
0
795133401
1039740694
0
0
0
731009594
0
542165676
0
0
769464065
846169016
144663603
0
0
643331757
0
0
643071855
631841491
0
0
28346370
326848909
0
0
0
673078345
737241815
512201417
870922443
0
0
1002944785
0
0
0
893326360
0
1063770677
0
1042199404
883391683
203493484
81675217
940887359
296817390
432596106
1058380498
317100110
870408871
0
971637416
0
0
0
524184887
0
634513132
0
0
700894182
490030704
0
0
0
0
107928024
0
385482987
0
94282791
991448301
0
580559915
911706797
0
663341345
48636736
565206800
0
0
0
0
0
69985677
0
12837896
537399445
645192942
208976263
20130929
581254699
124200646
986690039
980893755
761110137
508427532
869392589
0
844598151
0
765701393
0
0
28877891
528665683
439689886
0
632486342
0
0
802102605
0
836206750
259867857
0
598894515
263143516
0
0
24094511
558994274
573215714
0
615388021
0
0
0
911440111
0
0
0
0
1021754633
164443363
0
552187650
59154958
623605531
0
0
0
0
0
74818651
0
796883845
0
888619526
50499150
0
658911735
0
757148916
0
0
0
0
0
0
793458452
314490394
0
631501140
0
0
68070849
0
236980659
991302042
0
0
0
708386940
0
0
647943036
0
348579710
666139434
131969251
310532596
462472454
0
71638577
1033985062
75028440
0
0
0
0
550641556
0
0
163859226
0
245094466
85747491
613392083
0
120905417
0
944770222
961348811
0
571363552
0
748404887
0
162400587
18363653
8185008
0
1014672603
0
0
0
874297856
0
794437969
355311613
0
0
0
0
0
950817576
204360468
0
229622993
29361866
0
0
0
397197910
224092691
45084093
1017924464
376041774
0
145282822
0
0
0
439768039
1067060158
0
770058941
0
492155392
932021372
343747609
905269121
436914077
0
0
0
0
0
997029042
0
0
417396129
494669967
610472882
0
0
0
0
0
0
0
0
972968887
6319294
0
514739668
878830643
591636284
0
78685563
0
0
510550688
189894098
710411978
0
65233362
0
0
0
0
0
0
0
402334275
685891412
0
928745389
0
386650356
0
287927396
0
296450147
906016000
190004073
0
981224699
0
0
0
613492555
444800897
688231996
743757161
0
1058812419
0
328260812
779322626
0
688196456
28508306
655861436
744941418
0
0
0
0
0
506633756
282775948
0
212225417
1061935354
556785521
203004067
421887311
0
762615250
1039136489
0
0
407401993
230234817
0
0
0
0
0
0
644883340
0
634539162
0
0
359111891
0
0
691535570
0
0
0
0
541481900
507605919
0
0
0
0
0
0
0
0
0
0
0
157097212
694467431
0
272115102
837234617
681617754
641017106
0
530951646
645695345
0
0
0
362510006
23820245
0
117033660
434724441
838696740
1048208680
0
116112828
800245797
658783756
608817722
796308593
0
0
310580282
879869762
0
0
378635696
332450991
0
0
0
38893089
0
291566861
62385367
769708399
910640124
760889433
224809502
704786625
0
0
904353889
666414248
0
0
840555384
630362392
0
946529342
0
0
0
0
966857919
0
0
0
699915208
792856047
0
986267542
0
590773827
0
752606803
35762272
0
706026569
0
778775366
0
63225958
0
506034345
659009887
75028440
441384109
0
0
0
394376971
0
0
746404281
633973667
415974816
0
0
56890057
0
713803136
0
371777733
346621411
201306196
50745358
520652917
779806371
0
0
806887374
0
0
0
0
0
827470310
451191485
938000858
0
0
168450293
0
868189916
190521775
0
71627552
589860103
0
597185734
980275262
489988624
2318698
0
0
0
512627220
0
18961404
304966489
21625093
0
0
64274348
0
0
346051805
243457573
0
323410898
574674970
937264267
0
281151940
0
952358643
321223321
117093460
0
782578075
0
0
0
0
924667847
0
876118708
0
0
0
0
0
563222926
0
0
0
0
224850626
148996343
0
0
0
698135358
0
0
870218415
0
0
0
63433544
215811486
50908759
364517872
783042897
0
0
0
49344532
654691250
0
962941826
0
800722098
0
0
0
567930685
0
0
429905357
424816564
0
0
198147268
453430958
0
418746893
449860592
674782844
0
558568974
548734931
1013903266
0
773746768
0
10165435
400688526
0
0
0
1015139467
0
18036462
1064222871
0
357803988
329920816
0
0
239344545
0
0
230606641
136288697
1066089603
664565356
0
443957797
483383310
0
382115334
593446284
744729438
960356383
428917002
0
461941222
0
859948346
0
0
0
0
0
655087200
0
866816440
0
520478210
0
380439905
885114830
211814681
384289599
886311233
0
0
0
0
229241659
0
678109607
372912388
378953546
778827647
732651979
1056967521
0
280966852
308280126
0
0
1054675855
909674425
0
923936504
937768349
0
0
0
0
485893587
341176718
0
0
310372464
0
1001230339
63225958
859963173
0
0
0
966971162
135666383
0
759962203
0
650987476
2776574
241924718
0
803800361
0
144821488
0
858792317
0
0
0
855570139
562469939
956218762
0
0
0
0
0
0
0
184550312
0
320700903
527121296
0
0
0
686715299
692741424
445583256
474400409
189894098
825680760
0
821236995
1067525205
591802868
0
0
0
0
0
113832035
0
713624685
549017223
919694611
0
130268053
0
704816705
0
938601213
0
277166448
0
49508226
0
416337436
0
0
0
16200223
389235976
753329728
495128667
126841369
0
0
0
0
0
0
127714070
0
355384153
0
0
0
574495732
29059280
0
0
0
541386744
0
575432108
0
766812137
941621309
0
0
0
92375755
272054702
567669735
302560540
814354146
0
588511739
0
0
147586440
0
380396623
140605647
49467386
0
38420649
537882508
0
0
389733887
0
0
0
0
0
939161021
572388846
900533228
183289150
806516669
256453460
0
0
0
0
0
0
0
432929334
407334202
607870741
0
0
0
0
0
879869762
0
1000109356
968485845
0
224908427
0
362548978
1016046062
984350883
0
249863054
0
874126158
258309624
775341982
937501302
253665095
0
337212604
762650788
97653943
977815876
126549290
0
753329728
295032146
815869958
215679203
0
0
0
429649049
0
0
0
869397956
55272560
161550648
0
545488702
826078156
913905980
0
0
313560524
523721931
1034597911
0
111995094
126198073
618681107
1058178170
0
443979716
0
0
0
584651404
0
228849487
230512182
0
1006953772
637729956
673302559
0
0
681832082
0
637966545
207866550
0
0
792078160
571370986
0
275843595
0
468702454
0
0
1065240874
543927804
0
898064859
1039302378
0
0
639209788
0
0
0
1025765733
0
0
911522383
468716510
0
0
226010194
461880077
44955654
0
0
628691962
1057569248
276830387
264976980
388393949
0
64798600
168609136
945281354
0
108745334
343271014
923295935
883400087
0
228398257
417911620
424112925
0
0
0
649538386
0
981288828
0
0
543228555
400595485
0
355094019
1030413348
0
0
0
325865685
663482423
0
0
0
163043596
0
796991052
880119007
0
407963274
0
0
926757179
703055111
0
0
0
0
0
55312014
0
0
965070738
0
0
0
0
0
0
369775025
28103713
0
0
0
938233289
0
0
0
1065959647
908423824
0
988963640
775082514
0
611667067
214756835
0
0
0
0
111850862
338728600
0
1004617521
683827159
37040799
0
0
0
0
389235976
0
963512286
0
904401411
661159363
0
0
279029419
755757675
675339420
0
402112395
305074537
347336057
808710513
0
938601213
565944470
0
0
0
378653681
0
336412671
0
0
0
0
0
0
0
500783904
344424070
0
0
585230973
0
571580840
0
329130389
302413392
0
0
985361791
0
323847101
0
0
81752697
719832775
965499346
339238383
0
884107515
0
0
0
0
0
0
0
224737553
0
16856529
343009778
508425049
712954912
297796073
0
651159998
0
771272250
0
500876707
265312995
0
0
0
0
0
0
619755856
0
0
442053199
831182584
704216169
165125070
164433078
0
810817616
628222804
0
0
0
727287011
613047914
0
0
617888650
0
180960459
792032155
0
0
914991816
985048330
134947436
473332876
247952679
0
0
391966640
1027608455
517708917
0
0
616729931
345144498
942873690
0
893637139
0
0
294939221
0
480272718
26874508
0
0
0
15453773
530407414
0
0
0
0
738250026
0
0
392495239
0
0
530992664
0
0
428396998
289088326
0
0
518814331
0
1048544807
0
961997159
0
0
0
342983511
0
571841017
326433821
35914319
0
0
460119931
0
32067173
0
0
0
298434651
586599910
322896849
377673487
725514661
0
174586168
950190818
576552902
248306737
0
0
0
0
0
0
0
0
817586504
0
0
105656651
0
251359580
0
881134206
0
507996010
0
395618657
0
288171161
521148609
920810178
0
0
1001499066
204236381
26503037
0
0
915870068
0
0
0
0
1039742997
1014027223
0
0
0
517221215
130963168
0
0
0
0
674786101
0
0
698500869
0
184017066
0
82076548
0
1064549971
282175321
0
0
1055175938
494257744
0
211607943
0
935326994
199881407
371654395
150276176
0
481446540
126763647
1020788498
0
0
0
0
512728767
0
0
0
687412439
96992425
841596046
356208666
266341917
439155093
501223612
644365574
0
843951566
936968648
642490837
0
0
456144271
0
544496072
287567210
874126158
0
0
986484891
231308777
119549531
97970064
881920603
0
0
0
0
150489510
1024156551
0
0
0
807527497
0
0
178563705
745488604
0
224702179
0
0
698690643
0
0
294939221
679628520
0
0
0
908423824
0
0
814798610
982528230
118315562
431635153
0
193357960
0
163995482
983694197
981257857
0
155326373
494313175
913104602
0
0
830732287
274612155
0
0
39874302
419679146
623683267
0
568404044
0
215084645
565988178
0
211067474
0
0
0
0
238979502
0
0
0
777183665
909683982
0
0
0
0
231828187
0
111932232
0
0
111180848
32584013
0
0
217825733
565672759
0
0
706947000
0
210677066
244171678
0
373740160
984119933
410095856
935684581
0
1032752628
336377156
809694261
843515397
629429140
0
661325762
586674935
159319316
0
856260439
0
0
950094134
0
0
49418718
0
832455189
749243690
782225797
0
924802931
689159450
112728601
0
800475260
980315297
0
0
0
0
1059961335
425596258
0
0
0
946462925
0
121577874
604538146
0
443899012
0
0
0
510887771
0
265885616
0
251866137
479716803
0
0
217154696
0
444349591
144172789
246556886
266445242
492400123
923295935
881048981
668271348
0
942620631
430510036
0
670149873
100529851
0
0
936803780
719223934
0
80406312
932377369
35648018
0
759364777
0
158695560
364919839
517126337
960431334
0
0
0
180900189
555736717
401756756
103340892
332696395
504220586
0
0
208131524
300594112
0
671760323
649266856
769042604
0
0
0
718807033
0
458240971
0
0
1020667321
0
703872840
253860432
138123350
713909319
328225584
173312607
325547159
553848411
0
858642085
1052113920
0
0
0
0
0
0
0
0
786945648
892274210
0
0
161631490
876778907
0
0
320972666
1007581030
0
833326505
0
228849487
608338176
490501147
0
0
0
670005516
0
0
114791782
0
0
0
979735316
0
0
0
0
0
0
0
0
0
0
0
499053535
0
0
0
0
495761596
151018658
0
0
318890872
171434397
0
981508760
0
252789397
0
0
0
406367860
147746505
399241784
840411515
0
0
0
245181577
305412264
0
0
0
0
0
910359673
1036223269
0
0
929565788
0
845391272
231486295
0
1018855365
542402425
0
296866318
0
0
552374285
189396186
276289253
35990143
0
340443901
0
0
473120266
0
24881377
951293640
768976874
0
0
637994193
0
0
0
1020137111
0
0
392813946
1001575460
0
905188568
0
483102945
0
138622741
6816061
590745312
0
0
382665126
790361503
559065347
1049064033
0
0
158013934
876361366
955255703
0
0
55894385
132703961
0
0
0
119360792
828771698
0
0
396748475
0
0
0
670575138
0
0
0
0
900012956
0
0
0
0
756847348
421887311
0
966511465
0
468716510
0
1051744715
470996580
0
0
0
268754048
330334144
234883493
485841216
0
724055669
0
92413959
436344888
862085517
774350060
773187705
0
1054403732
726199074
0
308614865
303641617
0
686670806
0
308434084
0
1050304952
0
0
284141729
511696962
865007132
560697073
623683267
1052543917
0
246669061
0
317045340
0
807259894
987576701
0
0
0
207960522
0
195370745
703519569
0
852720573
0
0
628092503
0
0
0
465669590
793097952
1016137107
347859314
0
0
824666561
714425393
0
0
0
145458088
195860473
415554807
0
896166711
379756704
782480796
0
231893078
452972907
120869024
0
528665683
0
710991526
0
0
233196909
0
886849728
0
90530890
0
0
171255722
0
463457990
0
755351609
656208125
692474989
0
389409792
708303983
0
510440053
120970294
0
0
645833186
189894098
0
861253110
0
0
531096124
777618320
0
0
645613865
647993196
514739668
800058092
193435847
456678210
755348714
0
641201751
0
88547972
0
0
0
0
461880077
0
282506652
166689417
357818276
653685489
257605904
627211572
970406184
707614749
0
0
0
426228048
470616755
619452112
0
0
0
0
0
404663717
0
1051417458
0
221652167
0
0
0
0
0
0
0
0
743096663
0
0
0
826548312
0
249141389
320798015
0
0
183339528
230531713
0
0
235604212
0
0
0
0
0
886964118
0
490150332
48351786
0
0
711633476
840053606
972687693
0
0
0
0
0
686670806
0
32488097
0
0
898267502
460228153
501068639
491055306
0
0
171589406
632671208
133741780
672968120
0
0
0
21907958
0
0
0
411350423
332997297
0
0
233024236
0
0
417972371
748241921
0
0
0
0
1061209635
0
879780889
500766411
0
0
0
0
52734788
0
0
0
0
0
10161294
0
0
502963178
0
553450334
0
0
238272072
0
0
306961034
238566550
562218882
0
0
567564266
73066420
0
0
186278847
0
410005708
0
636890056
54845845
219993616
977326825
0
658445244
0
495360183
0
0
0
258821751
0
0
0
876763725
524533844
65233362
0
215632945
0
0
1059101091
726106559
0
0
0
0
0
0
23483381
545983862
1013114736
83253401
437509396
1033704386
0
700677367
210677066
997777902
0
213455845
1027148191
0
0
804489803
812469680
726836884
0
435599814
0
0
170923597
0
752330816
527706292
27080796
247474600
831234165
585916467
701801024
46247360
0
569822847
0
172464960
0
706811161
0
606930324
0
323138756
0
597326676
0
0
645967867
1062750329
0
0
0
0
45006669
0
0
0
0
0
1060664600
467814
893006826
0
0
34688141
0
672140495
0
393702884
446084247
621754836
973952407
328620534
0
0
631431566
940425252
240080764
0
0
0
908225581
829079892
986781124
678711133
330326617
0
0
0
0
0
0
0
504129254
0
0
238566550
0
0
0
436970551
668831373
0
0
4726608
669798868
11088803
0
0
0
0
0
0
0
0
899084368
0
0
858920914
944889437
0
632832529
1196080
0
699288314
759135963
0
0
0
665838592
588254498
0
312411231
0
1037670601
0
638926814
0
0
835561258
0
0
633724972
0
518113856
0
494714087
0
274339041
0
1044128932
0
159101546
0
0
390909932
525030108
176639537
870859360
941929230
0
912708469
0
0
0
856595935
324249347
782771793
306144899
717635000
450666877
0
294236032
0
0
355437250
0
795433863
727128193
0
0
523370121
0
0
0
922814158
0
28933381
0
249078559
0
0
124216802
0
663446621
0
122673424
0
816748795
619904964
852693466
368958157
0
174947228
522013602
366342325
612768005
686670806
0
0
0
0
0
949719651
0
0
0
880551380
0
908272375
0
0
0
0
867625139
977568037
917070238
0
0
0
1051128542
963962318
0
267233636
597777659
938224589
106876927
260650234
0
918132941
0
0
0
0
401035466
0
0
23460638
0
480783872
594480554
0
25641642
0
0
0
188462461
0
494595304
0
267840277
0
0
357052502
364754454
0
40200326
85277982
758556587
0
2798040
134351575
587652683
673263885
0
0
0
0
1059446593
983281045
444420824
0
0
759312363
0
892633866
0
0
936968648
0
0
309393650
0
742774935
192430844
0
254340492
111347732
177722301
0
633787489
707295376
0
0
0
168719267
614477572
377646781
0
69155868
0
0
0
583549194
0
0
0
0
0
262505267
536721489
0
0
0
505896106
0
1058103725
182542834
623664702
831885306
0
305361465
0
0
0
855677913
742595695
0
0
602437250
33091634
624901570
654510212
0
0
1034202711
120021152
175292523
275326897
887915130
0
0
628663702
0
0
0
0
343140660
308757894
656964294
0
340361466
0
115297735
1009785456
0
0
741872993
1027072625
680631338
0
154579825
364645398
763752124
547826451
0
601303815
0
70474995
797201148
697569521
674918493
0
0
454417996
0
0
0
643962362
602963192
592730293
739937222
0
921983444
0
0
0
0
423047840
915020267
0
0
121255356
0
818044517
179748060
0
0
0
0
0
0
0
0
800460885
0
0
0
0
0
978405605
0
0
19465259
0
0
11016626
0
0
0
0
927504663
505410278
0
971320024
0
431051552
0
0
0
782278139
0
0
1072456805
542110625
104012060
0
602473977
0
0
570727404
623178942
406549119
267980296
0
0
0
799219306
0
0
0
77378042
0
0
20190968
411666753
0
0
84815604
0
0
202729316
0
700342145
0
0
531826330
93122807
280966852
0
423135004
597200619
787015404
0
0
932532439
153140912
0
443770414
1057056240
979007342
813356605
0
502730640
0
84459540
361506804
801410637
0
369260042
0
0
873489374
128238707
0
0
0
0
0
0
278400876
473969111
0
0
0
0
1006208816
1054021445
106050195
0
606188143
536133795
0
959583479
377004874
995752199
0
645613865
0
267409847
0
370837807
876118708
0
102409181
752887384
0
529439298
0
0
0
596613504
603027021
823685244
0
0
0
386754843
0
0
633260134
0
0
984862162
0
60540511
893772324
0
0
391431046
476510180
187966904
244546734
0
780103273
535156037
0
530058374
0
0
874392262
163960200
0
0
505093290
5599891
677879778
0
1070991875
981210506
0
0
154463871
374928835
0
451648074
240081784
405315828
0
1031602842
273609579
0
0
0
852115554
1035153559
0
0
0
0
545360406
799009033
267409847
154254829
421836180
0
0
1048666571
0
237602869
146366587
1040893237
861870171
1056438099
909559816
0
0
4811791
0
0
0
880284344
821265435
1004055426
688543653
0
0
621580824
0
852963651
594634352
0
426899289
0
119362469
589508703
1018280826
781641448
163408433
591729674
0
0
0
0
0
0
0
730558504
167848932
350513365
174518747
760793452
961459730
590943877
143715587
0
0
0
0
0
0
0
159957308
950278884
653105154
512875937
0
613587868
0
846576550
425410218
0
0
256982103
331812761
593174114
0
754563845
0
0
182749409
112983927
0
777138642
1042450427
867736402
0
0
468716510
345195295
0
0
607467913
0
0
1040380562
695669384
0
0
0
0
80173250
77983046
932001485
0
0
0
0
0
168875032
181582994
0
583730848
0
906101077
935308461
0
0
0
491195894
196592352
0
0
233488428
615885871
0
201487590
0
0
0
0
127517678
0
0
0
0
465888000
0
0
0
0
627246851
96712519
143155792
0
0
876236560
0
408996080
0
195720766
0
883881894
0
0
0
0
0
120162411
300860879
680593525
364950865
97821692
712724348
968868964
281251236
0
0
0
447585864
0
0
834804143
0
247423500
0
0
0
1041302646
1017362228
0
835882833
0
711545085
0
0
0
172464960
0
0
217920081
974245012
0
369676436
743321902
0
638229412
753770270
0
860571829
0
0
452757087
0
753070796
794737323
406916506
442623621
469567453
105259338
0
226478938
802102605
0
123251625
0
0
0
0
872140987
0
0
287323046
0
667217722
1065869275
0
267579038
404205066
471094910
0
0
736492364
0
0
905549246
602396346
0
0
0
997417713
768445056
967831669
0
0
0
608248642
0
347442933
0
412018173
0
125812398
9572574
0
865745606
582141695
678697879
0
0
80834096
0
0
666823731
0
473074803
966356842
762175256
327618255
0
0
708743267
23171631
608500238
112533685
0
0
0
85246200
0
0
382027564
0
845216551
38239475
643969486
0
0
0
280468808
199095780
967111635
0
206245883
448787223
567092367
1069755064
498906047
0
501111141
0
0
0
893155451
1013440973
251781439
145666996
935092420
0
285501904
991588921
493205149
0
104284545
0
719669186
271579695
934012218
0
1002366656
0
0
596820914
1049724772
284065737
0
143600825
0
0
770196726
514216295
518689108
0
492985710
0
696915131
1066336057
176287831
0
1068488603
632763413
543174654
983225072
602004107
0
412592690
0
0
0
293213896
613141522
0
210821245
0
0
0
0
424785006
0
0
908254874
0
0
0
699370752
384289599
437863379
0
1069711609
253941445
0
946378009
0
455684538
0
1069310231
0
972968887
611057495
615314555
58917105
0
609753653
0
0
0
0
454431162
0
0
796372466
601107937
683420633
0
0
626039960
0
0
612429235
720855247
0
620786518
376726052
0
178128370
0
400279300
0
0
162344852
720586436
620021404
167996236
438982244
0
0
1063396716
0
0
241688934
922763658
0
0
0
63267838
0
0
539405629
0
0
621021935
950278884
18977788
0
0
0
0
608252139
9584231
741069816
0
885345760
948812579
780103273
0
938968831
0
0
686446107
849916743
361960079
200165330
0
0
0
802102605
1014872905
0
267665211
0
0
0
313502103
0
311128705
0
0
0
0
387734132
646423903
1044046944
0
440516372
12978321
635477901
98196002
0
148704575
0
210684901
744335073
675025309
861294593
0
0
0
0
818546214
0
0
503573049
0
0
98328327
213885254
461673240
0
937700274
0
996090711
635756802
0
797791658
0
0
517212703
0
45618523
414751936
804224182
0
0
0
0
0
0
0
585978831
170477386
0
0
822062547
799568895
0
0
0
0
465084559
608491397
0
0
192010949
544477374
0
0
219207845
0
0
239083365
0
0
0
0
679282868
0
0
0
197020097
0
76064583
997777902
577772331
0
0
197776838
0
0
556242235
0
0
1025342604
2318698
0
106867324
1018166270
0
918845352
0
941494287
194696225
0
0
42531646
0
0
0
196840021
776935602
0
823867559
0
0
0
0
0
887669026
120494167
1016270249
665969204
585207966
0
0
953934560
468875447
807259894
853620966
0
81359679
851184299
0
309226030
107167788
272302749
0
0
753941962
0
196012291
820889410
632192395
685922591
780710394
0
0
308662249
0
0
887955666
0
0
0
0
888590287
668710414
0
0
674262131
786473898
0
859916365
0
0
152604253
954157509
329387216
0
0
116476404
749557121
422100685
0
0
625897858
544675432
59034495
228866204
0
163986827
1069710480
878223628
505638445
317807379
0
0
0
0
0
38239475
751720923
0
0
713896525
1004159371
674868072
0
0
921362948
580246986
1047481209
0
0
0
0
0
660700901
310580282
0
126942800
0
0
0
0
0
409317470
0
0
0
0
408764312
102969493
0
0
0
0
0
846771164
559060454
0
14083457
2023059
1001794326
0
0
0
465509722
0
437863379
895388503
11433666
0
0
1006543865
0
0
0
0
1017240402
195510838
0
0
573891218
0
925778115
0
0
269060694
303552340
0
149432869
940636563
0
190369702
0
888041322
835339334
183289150
0
569203282
0
0
0
759601529
0
0
0
83308632
0
0
849800176
336331287
0
120631798
1024396660
142460210
979735316
0
0
924938085
391499745
6840785
107134765
949480997
930259811
985760952
375277969
233123851
297172340
1033009652
1011100673
0
0
320248240
541474349
0
0
0
0
0
0
0
0
0
226010194
816519867
0
674807560
0
367977292
0
0
0
346778840
970528336
0
0
0
587898195
12769943
0
112018693
911285955
596080787
0
235627193
917349992
0
693452425
167163531
0
188796369
435599814
0
410432160
798205458
0
0
274881583
0
868691890
0
796730003
0
0
0
0
791486711
597084392
0
476420206
0
717857089
118772719
0
166536922
0
0
0
0
0
584290197
0
729591829
1030725893
1001134731
0
398569472
0
0
0
439808241
1043139506
830264239
427909570
521639591
953305656
0
11633056
0
260964050
968914669
1007685508
200583461
824818801
0
0
280357882
0
1007858629
0
968905001
0
0
0
730671832
0
554912560
0
0
0
987969595
1060033682
0
563700010
459522969
0
714345508
51262624
672610964
0
0
0
0
0
0
0
147962097
640494322
0
100705060
0
196460133
0
825461780
0
944769837
847071292
465238296
0
956012839
327585273
0
0
214021726
223452072
404512558
62646420
793488224
977889296
410211094
0
30849839
886635732
459241307
566676731
99769191
945184006
420387232
278571638
182795519
872862034
838535637
0
0
0
0
0
0
0
0
136507534
0
561535887
0
144757982
0
0
1035024998
274461324
0
820879078
1012952227
46404013
97896276
0
141316810
151332231
0
1009105456
78923109
0
977875406
0
1040744551
961668533
300589833
0
461714820
650600972
200906897
0
381361623
0
847570084
509966612
928011690
265650624
148749506
0
0
197756048
0
0
251820822
0
0
698921740
0
0
552919626
832075690
454364146
282829459
660872122
486386047
0
338288672
0
854195632
0
0
0
683822587
523721931
241337658
84941531
733948535
0
971378261
632185716
533825602
818048397
0
0
0
0
81752697
0
117795557
0
0
0
736656993
0
782087204
0
496419675
829434595
75676462
0
0
245424246
115123093
796959023
50495878
0
0
0
0
0
0
0
0
933102428
11216323
576605811
0
0
157139934
0
0
83831965
0
408058514
0
62688972
0
0
607039285
178137724
0
895388503
0
293371214
0
218236334
0
363063934
186157960
0
0
0
0
174228431
0
0
378132983
294627306
0
945995584
953150115
0
725183773
0
249471848
0
1038275771
352090719
0
0
0
601295708
0
0
450685950
0
354541519
1070489497
0
468146215
755610819
616005710
0
919445976
0
0
234044468
264409205
2444044
729923905
0
210216173
796694620
0
0
834302076
0
672074614
0
5780742
0
0
0
0
907078607
402203456
0
848144409
557419675
115363187
0
130926245
0
0
0
0
0
0
0
245340550
372599628
0
0
675159082
0
0
131525146
0
170743260
0
0
341800426
0
0
0
586438008
695174356
0
0
244616869
559979800
451815206
0
684567489
0
0
4070943
0
0
0
940130712
0
771131546
245783830
971574847
0
118132946
0
0
0
0
747740696
0
509054764
0
0
0
952520525
0
468099165
448627338
0
0
0
0
213910319
461572436
965993733
0
1067791896
0
0
1003037790
738670693
710569312
0
191374068
953934560
0
413346505
13377255
0
0
0
0
1036480849
0
834352343
0
0
514973136
0
0
844598151
818182430
224611790
659962352
739613302
13377255
0
861618096
0
0
0
47674523
0
1036480849
0
0
0
463898732
888393523
150785444
0
0
838461490
423430704
0
53017801
1001647515
0
339238383
0
126901180
0
620921268
0
0
742530364
0
1017032576
769201901
689323453
0
0
0
0
627233951
0
564777894
666811377
683652840
0
1009927824
515029501
755030198
0
0
124026892
0
1072449957
157519752
774350060
0
0
0
381402677
539057003
478339896
0
0
0
27995226
0
0
16135759
0
110970807
0
0
0
279743030
0
0
0
515271813
0
0
857858650
486059289
245359874
0
0
0
960275819
969429062
586384220
261560240
0
0
0
0
0
833506407
442342317
937849801
437064744
710248871
917782801
599510452
0
923505594
491903603
343042488
0
0
519212217
286758818
0
0
0
103977779
0
777361721
924471204
554898638
0
319937130
355489371
761886286
368272518
0
683566241
0
0
0
1057481238
889637058
0
0
882029960
943772770
786536849
0
0
0
0
537165806
0
1031406867
0
0
0
426417126
124957840
0
791350299
696933812
568860123
0
98837163
0
0
0
0
880358921
504799779
923669609
1068457447
514497073
46628311
86148124
0
64531904
0
492553263
828469499
0
39814365
448627338
0
0
786189593
26533355
0
0
299392803
40237425
264013518
705847901
0
0
0
149985438
909449305
0
231317937
565342546
0
0
906585635
0
429494329
0
0
557648655
279405850
463141190
939409200
267553510
0
110851177
742682693
0
0
0
0
424816564
0
633327541
0
871592160
0
0
904875568
0
0
0
0
165164219
0
718955178
348732734
448586276
210554896
802102605
0
0
394033556
202280200
713298444
0
0
794829405
0
857896058
895498162
766089766
10680385
0
0
0
0
933904893
188988507
332344863
914678398
0
100135296
942230752
0
0
0
0
919679500
0
616162380
0
832616666
0
0
183289150
594027703
0
0
0
0
0
118307823
591457559
121763820
147235200
0
794639782
0
872120477
360785666
0
208491389
0
0
0
0
0
746734532
0
870370573
675379649
0
0
0
0
0
364481289
802102605
0
0
0
1054383526
601049366
462982745
0
0
0
0
0
0
0
0
684625982
208007984
225067503
0
208616049
964102067
52414697
210554896
336814548
639826614
0
203004067
0
239541215
168950230
0
0
0
0
780764378
375217931
0
597694108
573302576
0
391922072
113006434
0
0
0
1031801794
0
1029856731
314485907
930106419
187478237
0
106951909
0
0
0
0
0
0
322608680
429705913
1745691
625497145
937030869
0
0
0
0
923068389
0
18056508
64587077
317492744
54176238
445475420
0
141036425
0
0
344745769
680243392
459195697
75859054
804683192
0
0
556942132
178023072
0
282137388
0
0
911954793
0
0
898757094
631943744
559640591
173971449
848933096
0
0
476188421
346145450
994377090
0
0
926387441
428186578
0
142010716
212765872
0
40488643
38239475
0
618422518
324849966
0
0
1063932439
0
0
217114827
38239475
0
0
0
762642169
0
965893392
0
305986258
139069252
0
759193534
1040773042
0
0
0
361943065
80185617
0
1028117974
0
1004270148
265676074
781318724
730467383
209100404
1042598684
914889784
1034202711
0
0
207096929
270635255
826938901
0
882508682
539057003
594928204
718323786
0
0
0
0
0
822908090
0
163131261
0
713760950
0
0
441924080
0
438852656
0
408989775
202110714
0
0
0
0
522511101
332965267
298838067
0
0
0
127439290
0
41114183
296034332
36218890
44062860
160297540
0
872964512
0
570168300
0
457064460
924375710
586565395
270196346
0
0
0
776112726
61543839
0
0
716084954
0
521826226
0
0
878916360
188287276
0
0
0
90984871
0
0
829931197
1048654626
0
809985459
0
0
1003650426
265652000
45210903
63325530
691925229
0
0
80468810
0
281015805
0
520987253
584058927
0
0
625237582
201312420
0
196541594
116800549
0
0
687627081
120696910
0
45342026
0
0
695720855
678064271
0
586191596
247423500
142102572
0
145871609
0
652830108
610177453
0
0
0
0
0
1056308431
952471622
883672119
1063446170
84348246
0
915132993
0
623496572
0
968159291
0
331249276
0
0
911954793
0
0
0
0
0
0
13230313
0
0
243375866
0
0
198001137
919276927
0
0
125090306
728455521
0
0
283366895
396646071
863899451
0
0
463898732
0
825815305
0
701096090
59667893
819963158
296082099
0
1072939391
985612562
531433507
943124285
46830456
0
0
620450393
648347511
143729645
447954817
0
57222269
0
997506216
384360057
0
468716510
0
0
1037746584
45792696
0
0
0
84811124
346970724
0
1070543681
0
0
143715587
622792147
43319384
0
126085451
700236716
0
532689014
0
0
0
795026494
178230845
948020925
0
329387216
606773377
456915216
0
520786049
0
0
609061864
0
235875912
0
0
404290889
0
0
0
0
341101044
0
0
712114043
0
886654663
0
621399455
442468247
0
0
632185716
0
59197104
0
0
347767065
185647302
0
1063446170
182747507
0
284229014
437444218
0
292888406
0
111850862
0
0
0
0
0
727910133
0
713605206
967037771
0
0
0
0
0
252714845
362536869
1036878068
0
244809012
0
0
184734128
0
0
273350240
0
0
467484513
0
859245012
845955082
0
0
339238383
681124739
0
0
0
0
0
950985545
0
0
55734334
0
617598857
0
0
0
0
0
818182430
0
0
0
143046094
736816982
550311053
1032553758
0
939037921
1031975799
621731013
0
0
0
61001146
0
704947291
0
975983688
675344160
73494059
0
604287495
0
0
0
555030719
0
19069692
834011007
0
106155882
0
716176315
99925720
496496707
0
794389968
748896974
650855669
0
646479251
651485324
154145896
926578175
119822433
5170915
0
0
148189444
943223476
444853937
0
0
567270313
938439448
171684851
623908693
413523209
681124739
782501853
246351071
66459067
38271320
258108184
0
696519841
802531147
0
0
0
0
489672541
0
0
0
0
579127695
0
880911055
252299635
0
863767204
0
0
114944383
0
254058221
813464385
63325530
0
133255047
0
0
0
376016460
382987109
612093823
0
611507119
0
0
0
951150879
903746297
0
439732269
483050694
308418194
0
0
0
0
0
746734532
0
0
868969460
0
0
0
820600897
0
0
598790717
605525065
0
396357264
0
0
0
0
0
410866365
928025041
923254821
0
0
0
1004487891
0
0
0
0
192249976
0
1066181010
0
0
1043525402
46211645
0
0
591353829
925909405
410034589
0
943117649
639034155
690010958
0
923106406
0
567270313
0
0
459195697
0
465996814
0
871800153
0
0
0
0
572855917
577832378
227201929
960116755
859147892
0
715203875
0
557650049
0
0
0
0
899558640
0
0
938134517
967190930
0
957103964
418268143
0
1049057218
265960012
245068524
0
829046448
931518179
564125523
0
0
0
72183458
0
0
0
681005332
0
745210087
0
906890820
0
461035282
999717846
0
0
0
176949048
0
0
0
321581663
797791658
0
0
0
849507820
721851232
903091716
0
0
0
0
465267257
0
0
1036019047
0
845044012
570351342
0
0
318520073
0
376679314
0
349372466
451734239
807385890
750177498
447261787
453022272
0
88111609
0
1009752928
0
0
874586958
0
0
0
0
37836036
432083711
616423118
434583849
0
0
0
0
0
0
1007416177
310580282
152413416
423314394
0
248831315
81484837
147835572
924253708
0
0
0
813637205
748896974
342697345
612564045
838304670
292090381
960588397
61543839
0
0
142013278
912607838
665081907
0
0
0
0
0
553954672
0
287773446
457628619
530829802
0
204101406
703961063
710300196
205967129
327593382
0
0
464680514
0
0
0
0
107595117
0
747025434
195201005
923484539
258265626
417145761
711468320
127203788
0
682768849
0
0
41502267
0
1036232755
0
0
622219302
0
0
69165248
0
12834923
0
0
0
782642357
943023858
0
0
738056138
1040676233
269657152
0
468357774
0
0
324128459
0
160136553
0
0
898796968
292650340
0
290420738
0
902417363
0
0
965090852
1071216399
720529026
0
415162681
757164434
0
0
387246865
815860797
593019286
4164568
489918611
1022777578
0
64309981
950094134
451533977
544216094
342981235
0
565111515
0
0
980711180
0
0
1048724143
0
1025632372
620983603
200909874
341922103
404913829
512341164
244436924
498474517
0
878240069
81832340
900192133
0
146760759
3841943
0
878550159
0
814036867
0
869468001
0
0
451734239
0
364613301
325636794
0
594434612
585089630
429380283
0
424816564
81592318
0
0
874126158
948020925
300402543
0
157006383
173280542
870433219
886317351
700845316
0
421162291
426728368
0
116962861
0
0
378393314
0
680051813
0
0
0
0
0
363605965
1012468519
0
0
0
295465243
345775509
0
0
0
0
302070364
0
0
844671259
0
529144748
789846393
0
379863453
0
0
0
330332102
104977319
1038420563
788312108
0
904263403
302462936
324344854
0
553346675
0
0
6730785
506033735
0
329038703
868044082
529144748
0
725762700
0
712420644
0
185474325
0
757330493
0
0
793286338
0
0
429797860
0
565780303
0
1066240416
0
233998561
0
681124739
645967867
0
0
210049205
572691430
0
676644774
0
0
0
918843561
368468347
0
0
0
228651884
0
788582690
0
1004221340
0
0
0
0
0
0
0
0
361943065
0
855981397
202274234
0
0
0
0
126871659
447119995
864112531
0
325610828
0
571048644
0
0
14471851
20080016
403246033
0
704943902
191035539
5170758
455863131
0
0
868233867
985984850
537736329
999934526
559183526
316438142
304995886
406591631
186233039
225482830
180761954
0
337031948
45243153
359708559
242681908
711960184
0
0
173707402
482005560
0
974007701
129518471
0
465161460
0
40523036
54660237
922370463
460254560
0
0
0
853011064
0
14109187
789285696
598664081
392544416
0
0
0
218635677
254852796
0
0
0
861064871
1054348377
609483225
843303402
0
688999597
134077358
0
0
371297750
71737401
40589273
0
267690023
0
0
0
0
0
0
112988579
888707073
408874028
0
303368621
784155646
12338179
235875912
435531023
3315390
97914169
1006311998
0
23201651
164464212
1028095302
0
0
693602370
0
482313137
932919709
172288813
771647030
867029985
693211188
0
0
0
885753398
310580282
60268349
0
324644040
1043874315
324459741
583451142
7839917
70606410
0
71737401
395695393
0
0
0
0
330259874
318692491
13740810
1763510
238556742
0
1042832840
817823494
0
0
1037773244
644839453
129219493
930529857
850702347
0
0
548680248
370448808
0
998732981
18204366
0
945508423
989235360
0
0
0
1001733041
0
958257434
0
0
858121239
654935768
0
374072763
571770484
0
0
818072033
869976273
794761280
0
0
545110645
0
416506682
0
0
0
0
1001650589
0
0
26943222
0
0
632490467
301276632
350880462
252799162
0
157511186
0
0
0
0
0
0
328873067
1051692547
105502221
928157643
0
0
0
0
602001702
343653116
321284868
810286483
0
663391680
976950849
1037599384
0
781095630
0
0
832663196
75684350
171242544
262985097
403054908
938579984
517426284
877632635
326723669
1012285904
0
0
0
497305517
0
322330666
0
0
361463073
0
0
621345569
0
0
702232378
660002178
283943804
0
177428530
0
0
636888674
718381360
533593700
549817692
998117833
392483281
0
573863890
230868573
378393314
1064407668
0
0
0
737843640
0
586997713
326976320
0
692408108
461818896
803377050
774004810
43946760
1060188824
0
0
241139047
0
702650305
770229546
805304021
1067687383
0
0
0
0
0
0
0
0
700407711
0
0
6503962
815215874
0
446296675
143699550
531163676
0
0
0
0
0
0
0
631930549
0
0
0
189978949
0
76422560
834992292
74064408
936742376
774350060
566108753
1064409111
673755297
103753088
0
103873317
0
0
509884587
765886932
791117181
0
0
0
1063932439
0
923956317
0
0
0
0
407595017
322959673
238556742
0
121658834
579351718
184296380
0
55990551
0
0
743897890
347973279
0
954651070
164047210
0
893041832
0
549817692
0
0
0
310891286
0
0
342676287
295304459
0
262893458
0
737660311
955137294
233940738
576182410
0
0
0
900554181
0
756744257
179331923
261198873
594653398
827392129
635270357
0
910675423
1052323306
0
0
0
0
347641201
809098018
534816074
410432097
40262511
676463280
970331649
58645804
0
282690298
649731362
271314929
0
417361080
0
668460380
253356678
0
173318018
0
594021941
805875247
0
0
0
1005684273
475273213
0
70585109
660463773
0
0
0
626143707
0
0
0
355114238
0
0
0
810959506
999757708
769756822
0
0
326250581
860551097
0
0
595015674
489536949
969136664
0
879777535
0
0
221657344
0
729109211
0
274907413
0
146608826
787439587
0
831092744
287175743
0
0
296121755
0
561116216
0
0
673614354
990267018
0
814137996
0
0
244546734
0
0
856863029
558604116
0
788582690
0
408809646
0
0
1016091971
0
909068420
0
901292393
1068452917
0
0
0
379802159
0
0
0
38225062
0
997360766
453377207
0
185775749
690565837
137254391
381503562
0
0
0
384374554
308310962
444090612
750533446
0
929444991
885946591
553836460
0
0
624173546
0
8832605
0
230317526
0
0
0
0
0
0
0
0
0
1051804753
0
135097638
970141128
623226115
0
0
1026353597
226318242
127265790
206936585
0
0
63727099
0
730015831
820606702
0
240152895
884836940
0
0
624198523
0
424816564
0
0
0
748025202
11905483
186590189
44873597
880937762
0
0
973854714
0
0
588256016
358206417
173539707
0
0
0
0
0
599205376
0
808823810
426189046
803730705
0
556832310
0
945597771
0
0
0
954079734
954487815
469002045
0
0
327054650
0
481115284
0
0
0
140861454
818931246
607404183
570043510
667055229
347166668
0
0
807549415
0
0
1069539417
0
624173546
0
0
0
0
403974395
0
0
127265790
757921515
0
0
253302185
457539450
7260842
0
198771226
493716942
0
0
771534317
578837486
0
953936144
0
396961025
0
0
0
223490451
792986162
0
52501582
0
296228279
0
652023349
20145120
0
911488688
0
0
0
330302301
0
0
0
0
811610053
172114786
0
0
154579825
0
1018401260
571171329
0
221114366
0
127183070
0
275056860
0
0
0
763680908
0
0
0
22279759
0
0
0
0
386324124
0
0
0
0
0
205600184
1022475843
814360198
107666157
866435858
64089693
262724476
871272980
0
762272853
8944232
0
517791095
1013182780
379092720
668394110
0
180440625
648347511
974263632
0
490892509
920528831
0
961141127
0
0
0
0
803730705
0
0
732041763
12265079
0
965830930
887689780
0
0
0
0
0
802102605
0
0
0
0
855478641
0
50656756
1065220095
370718919
0
555819842
818556053
70065456
510426694
0
0
0
1073034951
0
0
0
0
0
758980515
0
62297198
0
0
418983111
107932667
723743377
985552928
287283729
785915570
282235342
1016108818
429988645
897057358
352446675
0
623226115
0
0
1066911401
1016091971
902005222
0
0
298917565
0
0
469347104
329387216
384936180
0
242236995
7898829
969352166
727590530
0
130260747
806680527
0
257220466
0
443451359
615355382
0
986118206
1032893615
306188751
0
0
756819553
46084325
116235739
0
101767614
1053611799
79562683
0
0
0
548396654
0
0
183289150
390581952
0
1021568560
0
0
1061129720
591810528
0
236521624
760464978
0
379102682
908100775
435604994
261499553
411749594
642031803
0
0
227477065
0
0
0
0
0
202365389
1065338831
363238190
0
678719874
0
0
94530535
326374774
28527298
926005420
0
0
841769103
557646855
0
981892779
0
828284418
0
0
0
526089520
0
822998380
946741996
709860427
120664295
971583341
888513247
0
784487137
0
0
590382316
938154532
0
0
0
160692955
590669498
0
293336895
0
0
0
0
0
0
0
0
148995144
724433408
897395022
311652540
179701139
793289638
855742787
0
113569140
906349156
50002122
0
0
0
729593318
0
98994570
0
0
0
0
0
0
471740727
0
0
0
0
1017031419
0
556355063
1065082473
55063055
788582690
0
0
140085847
0
245539776
0
0
0
0
436343032
8436337
592977123
848374911
0
459607696
0
177747015
0
0
0
0
748901539
823808031
0
610337759
0
0
215124827
0
0
517960969
0
0
951997451
893886000
0
10368173
359033717
925936298
0
0
0
0
597005193
156479797
577115577
0
0
0
0
481483931
509006532
0
505927898
888387986
826624250
0
827027541
927482257
0
737381073
139720417
554412866
0
0
0
426685596
188502288
0
1036218661
0
386224270
756997265
532768308
39496411
138016337
96298920
0
0
0
10565315
255173359
695288427
0
0
188012353
143181562
421576774
0
0
0
251560327
108060476
0
988541171
0
0
0
0
585253393
593395552
0
35281788
941227996
762032080
0
0
0
120393681
0
65650167
0
0
148764752
1052125271
686926925
0
836321411
431213599
0
20664308
0
0
581754395
0
0
299593011
22446082
0
0
0
1072719934
126297526
0
0
932975567
736104538
0
366895609
0
918298962
554539585
0
0
0
769571995
62180177
635661828
1003023221
0
0
0
1007844777
551200487
908919748
0
0
50293802
0
203966910
354077171
0
0
217511974
64841417
0
0
0
179356426
0
0
816693261
814033436
0
0
917394069
121653457
0
39370870
348187530
601623667
1060061410
378749418
63405690
0
0
0
556527947
0
540487789
0
0
662781382
0
0
314373347
0
572639928
830435780
0
1059669108
0
866281763
481149683
744726259
0
360346891
0
845469793
0
0
304161230
50221341
0
980512007
0
0
0
1023194682
696441988
0
0
0
0
296912833
193680781
670077034
14320817
897502990
542580054
541217708
0
0
0
981944389
0
0
728619099
0
786397631
140434806
324435045
317543157
0
387164209
659882132
229873596
0
544042981
0
0
0
543971937
0
590176709
530584909
710194166
0
0
436758700
941220932
212571271
214644954
0
645117201
0
0
345206042
0
1069755064
140807752
0
0
68189614
901068948
0
0
0
607605216
588256016
0
0
0
348414953
0
855619726
1052916856
0
0
807262709
0
927029959
0
542035298
0
0
588634058
524560854
932775464
520078455
929438888
0
0
786030932
869976273
1002750137
747006286
536159082
0
363453884
129579408
0
735338124
619287105
0
0
869371457
921941537
343286071
0
0
1029393034
0
0
985224428
0
87085970
594669700
254053008
625738552
0
807747847
324700777
913929718
0
0
0
565269287
612550093
0
0
469532921
0
566623071
616672860
0
0
724638106
0
0
380527293
0
700407711
139652356
600051564
921745469
20664308
135203782
193553910
0
640627340
0
0
0
902784472
908706858
915323440
757872705
0
501224362
0
671696452
543901731
0
0
0
136718211
0
0
0
0
0
0
0
616140402
533726361
0
1038580611
375573651
84774998
0
1062963718
553664923
0
0
0
0
953381123
0
0
540436015
520383754
177157653
0
0
0
0
0
799995088
65924163
449200585
184807297
1016091971
0
1071189526
423021002
407505524
1063054085
0
0
0
215041765
329387216
0
72833905
0
0
0
947345100
0
19524891
774441516
0
146841383
165371982
0
27693241
0
0
593491111
434304169
486642686
0
531144179
0
341385823
0
235241739
689881383
771377298
281388665
0
196027161
0
0
954338549
406688597
422032164
165758410
0
473392281
0
257218115
0
0
0
0
0
750128903
750939986
35729803
669835737
50364739
0
0
0
390219905
0
86490293
759189016
0
961533270
0
255567340
175878621
818930569
0
0
0
683425553
905298313
751010784
0
708782013
350588848
0
59710974
1058356170
88300047
0
0
976950849
35865976
0
0
0
968024720
0
0
0
0
0
0
802102605
0
0
689924153
0
184598642
0
807820649
761287700
0
0
773660599
0
896594477
303948628
0
741162178
523280378
1037565350
570471766
929138176
558037682
0
0
0
61578529
0
481094910
0
690134066
759825773
668924337
0
1069276560
835395100
640127215
240751136
0
256165683
0
835756550
0
69043434
0
551953851
0
118727118
264813996
0
0
0
40772886
218175608
754398624
942534954
862676124
0
364631004
639896129
0
739912773
12887677
0
0
993897180
0
0
29915106
0
0
991594273
200390095
399856560
189894098
0
0
801132555
34334716
717898942
107959761
0
37388881
308181256
0
120515051
0
0
609858947
871272980
0
0
0
0
0
0
0
0
1039617268
0
156713261
104487793
625244109
0
550325626
0
0
989098118
0
0
0
1057787311
980697538
0
0
0
0
0
0
0
390219905
961844881
978746227
320289579
346980076
993392325
0
366742913
0
0
168626262
781008982
0
0
0
940829761
0
218301087
0
0
328100713
0
0
0
900595
0
480422005
0
930707908
0
458601070
1008345215
933297184
0
513688009
0
974795003
487801892
312362053
0
0
982410524
0
818823698
0
481294348
0
0
0
1020831484
764106152
553059625
542051477
850366545
923075973
0
660745933
446890438
0
0
0
0
0
136481019
0
286763920
0
699413852
0
365985834
373998467
0
22063467
0
0
0
0
0
18204366
0
27802702
594055745
967658591
0
0
0
0
757921515
1061946461
0
0
0
0
0
500394730
609858947
0
0
0
0
0
146235741
0
0
108960503
971436112
0
1031237887
193935220
0
955611457
0
827415219
466532606
0
0
900058418
423573450
504544100
0
93047572
0
0
0
320281955
104279402
1038167206
495157533
0
1057895715
391302215
0
0
0
512041371
225523223
0
1015088717
1046115697
293910996
0
806224647
777049622
0
0
0
0
0
779719564
821009668
787474576
777956864
513948104
726912046
293430443
0
0
0
0
0
0
0
845355316
0
0
0
0
0
0
0
0
558440668
0
1060118856
681124739
909466261
0
0
1002065030
218175608
0
983184879
0
0
297278233
343696921
627807717
567270313
0
0
0
458234161
0
0
0
1031721388
315779593
0
927972083
0
70699413
89218199
0
0
0
0
116757935
0
0
322581905
0
0
52573874
578524190
492295337
0
1002163184
0
0
712371356
824144509
22314145
484048532
0
0
0
652678868
360118271
0
0
0
439877820
91091267
0
522511720
709860427
0
242079162
71876127
0
0
525155636
0
0
33971301
0
599347971
0
175271129
980843459
0
0
29963927
976188333
0
854701674
486147074
0
0
830478275
0
823189810
0
0
0
0
1036507802
0
853061266
964098725
204953429
0
0
0
370839924
0
897426640
683351728
0
42105235
668591779
894645437
0
1037508534
572566720
303189552
0
652211325
407956024
298204463
699551409
0
156544071
208440032
0
504942173
0
0
106966823
1041080907
0
865843661
0
0
0
0
0
821938008
0
1045562864
0
0
405041971
0
0
0
0
992747433
0
0
0
0
33893400
0
0
630566408
275350501
399569308
501266775
525863193
30849839
0
0
8149816
349635233
0
516453052
0
0
0
0
32851632
0
275516771
1042975515
270288014
0
0
1072780971
0
78335575
680839194
957080040
622680927
139394760
0
0
862010804
0
979424915
0
924910566
587002072
0
0
1021908893
0
0
0
972933833
966567429
0
0
463790695
483015862
26972772
0
0
0
0
667138275
64090353
969773632
481667014
981091868
0
0
0
281506447
0
423507011
1035418016
0
0
770845212
287466306
0
679831253
0
291907340
0
0
0
0
0
286222653
0
882048933
35854570
0
630693344
0
28709724
246343413
0
0
388654366
431809863
0
0
0
0
1004958677
651793230
710046693
58919049
21136340
0
0
937672526
78957476
0
48342675
0
0
0
487102154
0
280966852
135275594
472146242
0
0
1008064806
1025814064
0
0
0
468085471
54712785
901648193
109780644
45833761
877795603
547236200
358640056
265409678
929638776
761830406
1008989131
341486883
791647844
430075211
0
543767872
0
0
454807104
385781888
380572114
513182091
996640908
0
0
346674778
722056048
911022961
152705056
0
0
94795377
562730105
372621240
396175211
329345392
914005020
97494116
332892023
0
723219917
0
787394247
684628188
0
0
0
0
195065976
0
13722244
0
0
0
725067248
0
962031932
0
0
0
787444367
0
0
463160896
0
0
0
92747591
180337910
594064290
0
0
0
586124298
980512007
0
0
0
981339035
676257035
0
170527134
862924720
0
217660561
0
0
898796968
582466318
0
952748326
337922692
0
0
0
20984628
802102605
0
270413623
241598448
0
434458300
0
0
363557422
0
0
0
0
577351548
47904395
991396196
0
0
430892087
178188147
739012163
0
0
800803082
0
628748785
147133756
0
0
0
729437567
52810095
277948133
414393219
351102331
0
211311709
0
36356850
0
806474323
742448141
0
192410152
0
0
0
0
0
0
0
0
471699005
927600059
0
0
437624477
0
0
0
192126372
342095190
413523172
275706688
0
915971926
0
419702168
0
147210001
324899948
470282465
0
728007188
867883315
813094090
0
150187985
909810109
747028084
0
0
0
0
0
0
117240764
585389630
468716510
805957959
252540002
0
572192381
0
0
0
0
453043316
992011594
0
50194750
0
0
979810014
406384337
33529748
120067025
384395673
0
941837789
0
711880626
0
0
445894427
552421567
1061769451
196688624
520078455
0
0
818339495
0
1046792761
10002543
0
0
0
0
562730105
0
307430719
0
0
0
322797823
420215462
0
41332252
220781758
498237087
22043385
0
0
249176492
0
878895227
0
0
0
563092262
993782484
0
939313141
139450568
0
0
0
0
0
0
0
0
0
0
0
577351548
0
96712519
992380879
516804714
0
0
0
0
410434946
0
0
0
593174114
502082944
317497457
0
358587477
0
533936019
306649127
240656468
0
621021935
0
703842576
0
468155522
663236555
0
240656468
450875678
0
0
0
836933890
0
484762459
0
0
0
179086211
687430002
40394106
347126202
231179975
0
0
0
0
317899838
0
1022335840
406278647
0
0
0
0
0
814431175
0
0
359938642
0
0
71809975
0
512720861
0
0
0
0
0
0
310959261
168646170
184445898
0
535643033
462554334
753183257
0
0
343977558
431092734
688134791
0
0
0
0
2452375
0
0
0
0
19784650
233292816
755787526
0
973117230
675490865
403794649
0
0
0
1039417330
197471815
0
0
840969219
215353356
0
0
0
282726186
692425647
340061449
863831857
459913312
0
0
950555742
647144562
0
0
41743433
979888774
951031383
654789745
0
0
1053233418
593174114
0
591481528
0
47904395
0
0
48536585
0
0
0
0
0
0
0
0
0
790328408
0
0
0
182794797
0
0
0
1039348784
0
0
867719800
882264913
0
311517051
735812008
403605635
871091353
220973391
0
0
1069539417
0
0
0
810382910
0
0
0
0
0
263543472
0
0
0
0
190195589
813234536
654799530
896964951
0
0
0
0
0
968055134
107791564
0
0
0
843492927
0
333147117
482168274
1026548070
0
830423546
1068703508
0
6411731
799761932
0
556494562
368596582
1041598019
606649288
815094045
177293762
1027603787
0
264272177
486587991
0
257019766
219237796
830409947
1055800534
308878702
0
0
758743501
86697730
0
0
396733543
757858326
670824872
343139309
0
600024880
159947034
0
0
0
0
138744973
480483838
0
0
387206582
562773585
999901181
0
0
0
444215470
0
151175856
0
11393136
0
135659205
438899212
0
595743413
3402461
0
0
0
551448242
0
0
121890046
0
0
0
0
0
18204366
0
199384945
0
0
289081128
595961563
0
534244498
0
0
0
242646337
139683109
525960046
222790026
0
0
976759179
0
99464070
575385134
650373728
385256876
0
0
0
172030135
683377352
1072363733
0
0
0
0
31738923
0
162494189
303632490
0
0
299231663
144658932
0
130076424
390466895
697520911
0
676892254
385722976
0
784423815
641256003
0
0
843422355
0
0
261158167
201866461
3697304
840518812
0
0
0
240728574
257410919
66562747
659156881
2318698
740535031
926127155
577625908
0
689372651
0
990102306
206738340
0
387427649
0
0
623188792
472210642
0
455024402
729768130
0
0
0
0
736551328
0
896857620
0
123979588
0
723710445
0
365606368
0
0
0
0
4297639
419414632
301555455
535402050
0
0
155129961
488391551
0
905097746
0
0
690974019
0
0
842227531
859242164
0
0
0
235970812
341637824
126056735
511036016
398430159
0
512584176
163899533
0
426728368
775471691
0
425134661
578563589
0
0
0
0
588560990
640487335
11511988
0
0
0
366411798
992429237
0
893923366
160385041
0
107959761
0
0
217169246
38239475
0
737573378
0
598553569
0
0
0
193107989
515704724
458739844
0
0
50343878
0
0
0
836334227
761662757
554315926
933217420
0
0
300059557
0
765660198
0
534633263
0
165358641
0
0
1054721023
516465905
0
904655291
0
768626459
0
558840552
0
542003062
0
0
975922162
674246058
304616324
0
0
256521395
0
556084111
13505724
0
821961603
0
872575621
70266834
0
193015980
956035620
0
0
0
0
0
0
0
682601827
501068639
0
0
0
417972371
0
0
862676124
483247358
461155318
527612903
1048552950
692992945
0
508527609
0
86697730
902524266
572538033
0
0
387091477
0
0
0
22908895
1002962982
906654307
0
0
807259894
995294660
0
0
0
0
562171783
954338549
798553335
784836360
0
891907672
214856820
0
952358643
0
0
0
971511742
0
965874417
0
34843052
0
799065948
0
279629151
1038078764
737573378
425915540
52496993
0
784836360
541305953
218540996
0
702792304
0
747547370
0
131060183
77575259
0
13815651
0
0
571181519
669942814
0
0
800862271
0
0
338018052
847758955
0
436785606
0
223824402
957807808
95934829
1038793994
0
694986457
0
625399588
0
0
798740241
0
0
0
0
184343636
1037112895
22455011
130615798
0
0
59412422
0
0
0
0
0
714487887
723819121
271022763
457763443
0
0
0
0
414847253
0
408275914
0
248947384
632001495
0
42811452
667341933
0
0
0
0
0
0
0
0
0
564555106
0
802102605
0
0
703766611
0
0
0
0
359818462
751360212
588783473
0
308508167
0
0
0
237617804
169890760
0
783328588
0
742819980
59079047
184805912
839297893
24823654
855895889
0
0
880390895
0
728106127
0
0
0
0
932337245
518942457
594029113
0
291421924
0
0
0
0
0
0
226904778
0
0
0
0
0
0
830926938
446300090
0
414209938
0
61303954
0
833681594
0
0
0
997376169
0
0
407462454
207917330
976079588
229514442
0
0
0
0
255206807
0
0
157322592
0
941091704
0
944586389
339257000
942103349
0
221676853
312331785
905603817
0
0
1029236173
0
682101230
0
440506378
807202559
0
313007026
104477984
0
376513457
521268216
0
57401107
0
0
658510913
638231574
0
526499817
897945836
0
107926643
0
0
500407971
156372136
0
775428879
561131660
0
0
1054383526
0
0
519163590
0
0
0
0
479213082
0
0
0
105112464
0
200864114
0
954069766
270085444
814481562
0
0
681124739
341934888
0
661046871
442477849
0
0
0
0
691147311
890200519
1053892909
0
554517981
0
2620724
534841625
508692229
791671338
0
213318615
0
353879143
270987872
0
365299553
0
0
1054870350
600281008
0
1039797118
653991104
0
0
645803896
656532649
397150523
383599204
755661586
0
234324491
529516755
0
0
708115906
0
239239966
808282078
72982786
0
1002778543
0
0
247227719
591225718
0
0
404355379
0
720522360
0
0
0
50364739
906237327
665513568
168722810
861811232
582918427
391637476
605285986
0
959883777
0
0
0
0
246069989
249848830
0
541124245
881216661
0
0
0
304616324
897919097
869718017
0
0
910368900
284089030
0
0
0
886543463
685528007
0
626895790
0
0
247655032
0
0
187384172
640637563
445118258
685436513
293536015
0
0
916989248
0
258900226
835957525
798708667
187327521
975332732
163355596
0
0
0
0
0
440780348
1043313473
506218552
154795085
698748776
0
0
0
0
944206235
0
257866898
0
898723933
386205650
0
0
0
0
0
0
609686142
0
0
0
516170
0
0
0
334688614
622628613
0
0
0
0
0
0
887780692
0
1036437571
787531246
0
0
0
0
0
0
586354260
0
0
916989248
1003064043
0
690305728
402752168
0
563092262
241037498
0
706127011
879833525
670804142
0
0
1029693797
0
858225857
0
564269549
465578424
217720903
0
962349276
945957349
273753644
0
0
0
491288537
0
794357799
0
0
513947195
0
595382810
586762393
0
0
0
227025891
0
789587978
365942116
19753309
0
224780451
0
1035503242
419855307
926254745
35195758
0
649072230
122415312
869827552
187784409
996028573
920119754
0
244797199
226158244
154292136
0
672110717
187921194
859826782
832048205
0
164487782
593358453
0
400953086
0
949993821
0
0
0
925282025
570081368
0
864384602
618725475
430052002
0
189894098
368490265
565444147
0
209133065
0
0
266924216
0
0
0
0
0
0
794151219
711896880
0
979908810
435062575
831556387
544888066
0
414848018
206287488
601914339
0
0
0
0
0
498833196
0
0
709958542
0
0
68397542
355830171
0
203554795
0
199530148
113629732
490724055
0
0
0
748154675
0
881468356
0
241990058
426050216
0
0
744407281
836917036
404664116
0
0
0
489746882
0
0
0
0
284096183
0
0
2827240
0
173493786
0
0
202334881
130953103
0
13106115
830062403
743800842
0
0
700286599
0
633312607
719110382
0
1037845155
463295543
0
0
0
0
0
0
0
802011744
222454170
0
248978408
0
596924712
0
0
92827747
0
458203231
622038599
0
789197494
453983566
0
548396654
0
1025817440
0
317103202
0
0
974818778
190833264
226713451
0
767912808
589204906
827813673
727362115
0
50364739
0
0
0
758641273
657854590
0
0
0
952637275
19405686
0
621021935
724745975
103580030
0
442268125
0
417563846
0
490532337
0
0
0
87058105
305047862
0
0
220708106
166142230
0
619733165
174679951
0
0
719159791
0
123021108
0
439520777
986579922
0
337647015
949575898
0
0
762468511
0
850978102
0
215670020
0
478481044
0
0
0
0
0
0
449163985
0
0
571954471
0
0
0
0
0
0
190529927
0
601859181
451043123
739092911
0
5143778
786985615
582261686
118908322
0
0
0
0
0
378834821
0
1010880517
769527756
0
150426204
1007714442
688383757
916989248
780585124
0
645524288
0
0
538292388
0
0
0
0
0
100719950
0
0
0
0
0
0
0
0
821210822
0
0
0
764188750
0
38239475
194907805
233487877
0
0
0
0
0
0
0
950330466
0
1012862061
0
0
0
0
803339693
1026952879
845268364
163923111
0
0
0
0
0
0
0
601950042
1047966858
809276138
0
0
269991951
0
0
629930506
505945513
0
939782569
499238928
0
0
197584886
0
0
0
0
228688704
613133581
357454963
0
0
236521624
228146721
0
0
780010085
0
0
874126158
170343214
1002337699
0
0
0
0
99000810
558052535
638222246
0
893587607
381268467
0
503654138
0
0
82187018
950185139
0
0
0
0
0
0
0
797779870
717906192
605987168
0
0
448492062
1048459866
0
213699466
881468356
455373152
0
0
0
0
491400241
878960875
93954097
0
0
632811753
0
314580277
124055588
0
265660145
556464829
0
0
0
625603707
866853382
288589907
48690597
0
0
0
999696007
606191665
0
73083928
0
102921143
513801231
398273696
508327714
0
0
480019632
0
686394639
429994393
586995830
478486815
882799628
8065343
0
0
0
0
744214032
222064226
878464540
844439882
0
0
216809536
0
823512383
933112629
0
1020948125
0
0
108272059
791623000
0
673986621
0
0
124486037
812766385
615627318
109825104
0
0
0
920119754
0
0
654986045
0
0
579095055
0
82783404
313401373
427346527
358718960
0
0
190007471
986298765
0
0
0
0
260816834
935493140
0
198355336
573367594
189901636
1070255148
619963810
0
0
730389085
0
322550059
0
0
0
721680355
585506891
451722332
752330816
0
0
0
1039717279
0
94335787
0
0
1006704802
0
554100774
0
794357799
0
0
182614506
0
582285327
0
0
549314110
0
115395121
815168961
858542835
835603055
0
876118708
880704920
400765180
638366407
475240836
804296544
0
0
785685056
456186919
0
292738342
630356537
53151569
462721257
832717444
391895612
234792411
405515954
923734618
664863223
1031477393
315781405
0
0
0
304213815
0
71399247
126969564
2318698
124045058
1058756033
0
765215100
0
0
21020553
61373306
0
441024157
792913665
0
0
868146704
555121019
572031226
0
540849681
0
193207080
0
766153291
293513178
969372203
184936071
814036867
108916417
347880989
323629049
0
214045353
0
309901839
1035744829
925620916
0
0
237801261
0
954155860
844203262
0
132346958
730248090
0
939372699
0
0
0
0
280456422
672010763
747618130
0
686895628
0
0
737537499
548929410
0
0
0
0
569565194
949518062
867177600
765402518
520940866
575681803
265573000
1027445498
0
0
268005233
226010194
980729628
519247008
234340972
858217701
0
478294630
955368308
0
494600494
0
492222253
0
0
534485052
362123971
157542258
0
610223213
0
13263943
0
0
578995974
894823778
985207032
0
0
264085713
0
0
179590914
0
0
753358969
983066293
0
846009235
958472708
0
401734179
113261351
0
156411713
0
157468330
0
237801261
595200658
370191465
655364585
0
959397903
0
237369816
0
0
344326511
0
0
0
633534272
187558517
822232569
0
943361225
468716510
0
408247324
0
206531204
0
0
1023175045
269523146
0
898796968
0
1040377041
0
0
0
525296815
754001748
996206424
0
0
510279123
0
964772336
373003970
986681810
465443819
0
561418629
753833017
0
47691611
662591273
674038020
0
793908211
312386187
870618618
850504071
0
0
0
173194610
569383189
0
543512383
226010194
124027767
0
0
1011317152
0
804621790
0
636542443
0
610244736
0
402055291
301437066
381521539
385755174
431849382
399906190
549314110
0
107632528
0
127100484
0
836110396
614611141
734244367
0
0
0
878040433
580218867
997888799
0
898700057
960356425
0
0
0
779887901
274141979
734513898
0
0
0
0
505981203
750223246
0
0
685745842
0
3290876
0
574631793
0
743702107
577876456
363896150
0
0
788608425
0
0
666004414
0
270119814
118796532
0
189501203
0
401560507
520917701
901581940
732445571
0
740136990
997157260
39040336
277389753
0
0
0
0
465984420
0
0
435762156
0
675323284
0
0
0
0
0
0
0
0
120106825
973367945
0
0
0
0
0
927262099
803674064
26835551
534186806
0
0
443415983
0
375841257
0
0
240398927
1009436259
0
2376759
9360075
0
0
0
0
433042210
516442786
0
908987906
0
756095582
0
0
315545648
187921194
0
0
496600671
296980762
486892985
0
599600008
1003568588
917752739
0
240524478
0
0
0
0
442967563
0
0
226586997
0
0
292251570
0
0
1041984784
0
0
137986433
0
0
0
0
0
40812332
701142632
594893308
424212338
0
0
0
203666196
1003313957
990102306
0
0
0
0
0
0
0
958639404
0
0
0
0
0
62211736
302249008
0
925028060
0
0
152774677
0
0
0
304891367
0
0
0
310580282
873261208
0
383838551
0
0
980672441
271973040
0
57994266
432200127
0
594572872
21192939
153872132
0
791532070
0
530184881
0
0
937581591
909565116
164020759
0
846154411
0
714409550
171412656
725470192
359159089
0
105739418
0
197168045
0
912192955
687958978
0
0
0
1001328896
0
702208352
1056391972
0
325512222
658282043
0
784986949
0
326786380
0
108978798
964202794
712030924
560493923
0
0
630173283
0
680452146
26389016
0
0
334947085
199813605
0
0
0
0
735223019
375272713
0
1066903606
323857834
990365413
0
0
56028314
0
0
300521135
625399588
0
0
642601045
0
684988471
959979401
879050539
327585273
0
675252661
266476709
0
913182262
201338869
941794219
0
921294812
0
559925176
122984571
926004359
331400002
977771027
0
283375675
678030081
138799568
0
1065486041
810936334
0
0
0
0
651209071
0
0
0
656512964
0
344765045
67585863
986591939
0
0
0
355359979
353480277
0
556264996
0
0
542235987
261576230
54260688
0
688924199
922067697
0
0
0
0
0
0
0
0
772458632
293351610
0
0
543053555
0
151558429
0
0
625662620
175991995
0
0
219993616
259198606
0
0
0
172550676
0
0
9473152
0
321391262
0
179795223
0
0
0
0
917866487
839553064
980495025
0
535705653
78698018
0
0
0
0
717713753
989134789
0
812114114
0
0
190116455
359368248
864631287
0
0
0
2337849
276782484
268924059
0
0
0
0
0
0
30257908
520806272
0
0
0
0
0
163601509
0
535487850
1069310956
0
32213843
0
0
0
909420768
0
701369411
216398639
0
0
0
982346839
93879365
244777265
0
0
809692639
0
0
227053139
0
585641500
0
644756070
14918420
1023575124
0
203635123
0
0
0
0
0
867756145
24751655
0
440242789
150753180
252760393
773393014
0
0
0
433516600
0
534135866
0
0
0
378288785
0
836214830
0
352211523
490216829
0
0
958328391
0
757065903
611115333
607997278
541417885
936476369
0
990051328
0
1052615910
54459429
325588342
134077358
0
605630774
533019664
62759017
0
0
0
794977821
629335905
47408936
0
0
457133088
0
0
874126158
0
7393157
496324975
0
597558550
382050274
0
668355407
0
0
209150868
401313107
0
0
58229497
70320703
778853094
0
0
267131853
183289150
11351843
552025006
0
863454417
879957056
163364658
251647644
0
89391407
209870900
0
964772336
0
0
183177765
0
670824872
0
0
0
0
0
0
0
0
257711750
386751341
0
0
818096896
1011922909
0
635955836
0
0
656024724
0
2426318
0
432655850
648253065
0
432103380
0
214139357
0
0
0
141302027
0
207118468
931769523
0
251056011
0
0
0
740735923
56760479
924009184
419988361
225289215
0
0
0
1022652883
1044444247
1042087518
0
0
21192939
458206290
0
0
737460571
0
283982887
0
645275118
258830161
543053555
0
0
477994544
891581302
950094134
0
0
551484244
51551672
436586624
211371784
0
49310231
0
401907601
188812932
0
21207509
514329195
0
357571016
926176608
0
0
0
858558120
540486235
80887727
515385092
0
0
1013071886
0
1059458423
0
0
919625355
0
218203810
0
168546053
0
0
0
0
310678521
0
384362774
0
0
0
0
167543985
561258625
955773966
0
1006275103
0
0
0
0
212334605
819171804
344223727
0
450701707
276554799
0
0
242222686
0
707044170
0
0
0
608006578
239592535
737053760
899092866
264074785
0
97704702
287338593
601729297
226010194
1067098540
318642503
71523456
683151014
1027968469
62403900
0
0
193096985
0
47449513
0
0
348959675
627564022
0
0
617366652
0
0
0
484548554
836797177
0
855424774
469120284
0
1022298946
61794316
0
0
0
0
606878619
957512076
319036354
43398572
519189358
1054247561
468969689
940916062
897934680
0
975249957
259342212
436364556
0
0
0
20785087
0
67498575
969841885
0
0
0
0
696858648
567964343
973692129
997486636
824259806
0
0
1034569846
0
0
0
0
0
144616318
787563946
0
0
787563946
0
0
666874918
0
278856824
369684983
0
1048244406
0
517497134
604535112
0
355860354
0
691703944
0
0
622032522
0
85456536
0
857325265
0
0
533899589
0
1064857939
73955334
69774551
329387216
0
0
0
460438816
0
0
789295826
1056615063
78704742
768359444
833655087
393867815
280680325
0
56715182
272431254
941711792
0
54132712
778905840
13102503
0
0
0
0
0
147917535
0
894312878
0
0
0
389697353
914434115
0
841020047
0
924548501
0
0
0
749534559
257475812
0
793491667
0
1016205756
831635407
186101074
46084325
0
695952707
0
943467980
598186655
569339107
0
0
724127899
0
0
0
0
0
381850302
0
0
0
218771793
715931264
516697212
0
0
0
0
815855234
909632033
0
0
806834689
0
0
370902231
805520070
0
0
0
0
632486342
1022266484
0
592799979
35931414
0
694145913
872673627
817789785
548396654
524747400
0
0
218494599
0
0
604762765
326480846
0
1061541285
0
0
0
0
0
711774195
0
0
283982887
824530105
0
187689093
0
0
0
485225205
0
546118760
0
0
0
0
0
124371989
0
790693748
2129366
742330469
1067710118
259198606
0
971988940
199499610
973452921
834685903
921539352
851806656
0
604513450
0
0
0
791869551
0
0
786024387
221366025
0
0
365064675
0
0
933467350
105382876
179470070
16458573
455373152
0
594851249
102284220
0
338880313
1038516401
820960422
0
0
882843193
955839146
0
587786744
105958058
245691912
0
519486186
614553358
0
655853817
0
993631547
0
0
0
308397424
0
0
24725730
524418092
0
61543839
0
0
0
235279610
634176096
0
0
20835428
0
0
0
0
863561600
656543541
0
756951795
0
836801712
399906190
764800609
0
231997715
744037145
0
0
0
205575836
381966888
376594181
0
748856546
580926115
0
107748089
760137851
0
757518302
961524029
0
0
65348634
87005675
0
375673713
0
477204008
520672335
0
747200020
0
995198348
207238175
0
490357273
823830891
0
0
0
0
0
1016468497
0
507498617
831656508
1012946202
0
950862851
72775561
815975469
0
1051971239
194246866
0
0
327833203
0
0
0
0
301602470
0
329387216
0
0
0
0
837016342
690558096
278473219
155492942
22361944
90407837
0
720411821
0
0
0
433906234
0
834257742
701116356
620724590
0
0
0
0
0
548252933
168012049
0
0
0
560951582
533703790
665584932
448143439
0
963546726
0
0
506840567
861421488
0
148676428
364199581
523836878
0
889868613
760920767
75865038
950865091
229884058
0
360945402
1045773710
0
0
0
0
0
265951845
0
540557180
0
669489062
0
917568433
0
761739467
521804360
690507223
0
0
0
895662920
501068639
0
455373152
424503091
712807439
0
597940529
0
87289471
683030213
690595759
674038020
869516680
644320011
496068958
570617124
400005628
0
0
0
0
444559703
0
581584399
79629470
0
151231767
690641582
386580873
0
0
0
0
581565072
834870842
0
932686909
169157431
0
851120499
0
199611411
0
309571492
0
443746310
0
433906234
582646369
1003583625
648956211
0
0
598328511
0
18648551
910112901
425362914
0
0
758345176
989522446
538812315
0
0
0
242547080
675053222
0
554383755
525428414
121670703
420218826
0
0
182814200
0
0
756970985
21527623
0
0
652654231
0
159773396
501068639
364813597
654986045
0
311363624
1047551667
107699732
513163827
901051472
1004737714
0
0
643431290
700231509
0
518110968
817955061
467305429
982804602
739335563
655108602
612041985
1011906546
0
0
1045270590
0
0
0
0
0
275857817
0
665950855
0
0
0
805184469
725165839
0
0
0
678765554
0
35887807
857561485
973694081
1059548068
0
0
0
322100552
0
874801601
1000081650
0
351644430
197053967
712186511
142839059
0
813873365
855981397
794082896
0
599826099
0
0
700144220
0
0
0
574707018
812078357
1013196280
1035560956
206244857
0
794051410
1070196517
0
883708853
787878066
0
0
0
0
973194235
0
0
0
239243321
0
72619237
244952968
0
0
1009819292
540898507
653763861
0
0
0
490232919
0
0
0
0
824017593
0
0
35335878
0
0
713218037
391463291
0
0
0
986645053
804826144
980744162
904239289
0
1019480846
0
0
913056923
848621917
116490247
0
0
32049030
75865038
0
0
698213616
0
0
870042267
259800261
0
0
0
0
0
0
0
0
891213123
176993476
809641723
0
0
553464490
0
985494647
759381112
0
0
0
502443400
0
654986045
21527028
741625188
0
0
574249563
0
0
853962721
0
0
0
277778037
899933820
2715080
274180389
0
889882455
18204366
684015582
0
781524040
0
468716510
986102825
959132646
0
0
211740518
348196408
790416962
0
0
334551219
0
0
957635704
901418909
0
0
108038530
0
0
0
0
0
789416628
0
0
1036040494
0
270712522
146787727
0
0
268367945
1018816015
505319269
0
0
0
0
223194178
0
1057995882
0
975792416
0
0
528725619
0
0
413215747
355383775
112600146
810549417
0
885291352
0
859414419
30929227
326731577
0
612980061
0
676254071
0
760781921
0
1062555421
1006337002
799230114
968024720
959957024
0
0
0
0
0
0
323067340
0
737460571
822693307
341754401
834843407
0
839227659
471028393
0
0
0
744961200
0
466792897
0
911227495
406205168
670666481
750003234
0
0
0
0
672544455
0
591284043
34277889
0
897264035
100195110
539560154
0
0
0
370179058
273455424
123141557
0
965386014
577906116
415554807
411170049
0
544328023
0
0
122899195
19579081
0
1029962043
655087200
46162951
0
0
247157110
0
0
0
0
0
0
0
865005744
0
0
0
0
22461261
0
27550504
0
0
815193859
0
0
389967031
381397899
0
0
0
449026549
0
0
0
0
355543108
88017409
752545555
321573786
716315890
0
105372773
197168045
126902199
0
31124562
280157385
718335735
0
320105510
205536246
0
224680995
0
0
0
0
75684350
0
0
890204620
218635331
0
563247172
0
0
0
0
0
0
22877195
0
0
32259362
0
0
0
782886195
616256861
950094134
237227269
631127737
747618130
0
0
0
0
0
295005771
0
0
0
0
323868736
960868106
697650687
999499259
0
0
150657608
0
387692974
63416457
695952707
0
0
928623597
0
461153046
0
1036156919
242776423
0
444198973
188889506
315164106
222432726
386219745
0
0
261406787
111783373
0
292029550
0
812750915
0
900577963
0
0
0
0
850169531
165050993
0
0
0
933102541
0
86654072
0
510192078
492403460
0
226059625
557486750
0
459663241
0
1043502690
904425380
0
712085697
349629167
792266497
426128306
0
0
926316981
933591124
886587033
438096089
134982152
971052122
969561303
38403507
640716038
28433641
0
0
220615823
472995998
452463301
904499898
0
388113532
130851447
0
0
0
0
0
0
0
442205254
738530952
347112681
785016581
525065640
87277504
57059767
349298357
0
0
543206642
364139081
852842414
0
0
618725475
0
0
0
187718393
416789966
11410452
34497882
0
0
0
0
0
74134779
21207509
0
0
69388341
1020376883
995701818
118895709
986971358
0
0
0
0
6612192
0
0
0
760469009
496401164
0
0
0
0
271541726
947851713
69362087
1016802363
0
0
1067007671
0
0
385974686
0
0
0
0
385267363
74851947
263559799
0
430576534
0
0
0
629362782
0
0
0
381315220
0
0
543672284
0
0
0
0
0
323469766
8906999
0
0
0
0
0
0
642330432
294244356
374303939
0
65702096
0
0
0
126310419
671462388
892987286
0
0
0
0
0
0
0
5034769
0
0
0
1048534167
0
873874858
872383696
87318290
0
168027678
0
483917817
0
395421134
979126485
0
0
866473632
0
810197768
871452993
614640146
112299797
426967913
0
0
0
0
0
887951010
347442933
673590550
0
0
0
962851986
0
853305046
0
0
0
15952415
1032976195
278025604
0
0
0
545038331
641545145
436975759
891984721
201766378
0
0
0
0
1069755064
0
0
0
0
0
0
0
0
0
168465297
0
0
938758226
371251653
0
0
0
0
473651645
563493321
954004761
1039364339
0
448087233
0
0
0
584964996
38778161
0
0
988810271
42259800
0
987137469
140447325
711951373
0
0
960605446
0
0
297980471
233108165
0
0
0
0
0
43011961
485225205
317270246
86060859
659901647
150017000
0
0
0
497602707
123141557
695334103
0
0
0
101921537
329387216
0
0
257249319
93303234
0
530937756
834908978
303431004
0
206210265
0
0
999584603
8646196
85762263
636311319
0
788405046
0
1017876072
35050273
753282423
945380259
0
0
0
709333317
387419880
566710570
0
249522059
0
0
988901423
0
0
0
416921622
1068397195
0
0
0
0
0
174209183
0
868609042
138460856
937286128
0
0
0
877772137
957099215
0
493508262
591086666
549962881
0
0
978539677
332359133
0
536298276
0
593903169
368707631
0
192457663
0
0
941003139
0
0
282362496
673903568
384518067
883762451
19626118
513063676
0
0
0
55711630
0
127926696
20624256
0
332261026
0
0
828231572
0
908832373
0
0
653474468
1050235124
313922684
665779076
309388564
0
0
361739110
325535001
0
336947091
963092496
655087200
655087200
123664847
894287886
364879170
606615912
0
265575895
755573092
0
0
68194321
552918200
285431536
250428900
201595494
140844478
0
0
241684737
0
0
749154497
72634331
0
207594665
574188170
0
0
0
685554840
305924586
0
419432629
0
0
1070669586
0
8467929
0
152114216
0
0
707949866
105277785
0
101538786
691362443
146292685
973994833
258191269
866904688
0
0
1009819292
0
0
636312331
0
0
0
808385857
0
785836200
0
296582179
139531567
0
453078052
794581048
0
0
689304367
689049519
0
0
1011966332
0
179075646
548396654
0
244378679
335764502
624670964
0
568511780
0
0
256388351
0
385328565
0
0
3352705
719040191
801132555
0
0
917101628
572365333
1070802520
0
513768864
0
499238928
0
0
0
0
245217852
496082906
0
609980045
1070956124
0
185207795
0
0
0
654986045
103925672
0
1060623851
112445768
825094573
0
953400107
0
0
0
0
0
122906458
613667064
0
284777922
0
887033015
984978342
0
63670209
296553438
457320588
744627515
326929569
986082007
964227173
0
781677978
0
561131660
0
845357783
1002020418
839427486
243108899
0
1001377061
878416910
0
0
0
0
851278986
928054891
0
0
520950500
0
185008063
0
0
317617036
425549371
538468940
213517968
967674466
751149819
0
280966852
0
0
0
0
789663798
503824894
0
199024047
313774376
0
516223990
71513072
848794907
0
0
44399638
636830132
255311572
1066026715
0
1045529644
0
535957823
0
0
0
993214453
0
0
506708696
0
846281544
0
0
414382826
0
0
863609029
0
0
1058014743
1001343098
0
5235909
0
0
664154787
922822745
715497088
0
0
729055541
254792465
0
0
0
0
0
673445935
0
0
545924854
353250884
0
918644125
0
0
31254873
0
0
953397211
0
143699550
0
154849642
889462851
0
125034324
0
179831396
890358334
891761649
673347699
887697085
0
589556648
0
487449929
741435626
557153710
71121491
1023994068
0
17834308
0
427340764
451685530
1053940730
589970401
729564888
0
684015582
428135696
0
0
0
0
917763411
0
0
231194659
813458077
257692383
236444699
0
1069526086
144231039
1065507541
0
0
0
0
0
247738125
995077297
0
0
140280999
610974124
0
591709062
0
712770542
725299320
1000205412
0
0
0
737460571
18204366
1000784347
183393964
0
310580282
0
1043118934
0
888114265
407861875
0
742968320
0
530176750
0
69149790
0
214741146
1062588208
0
0
334962941
162765265
967413443
513007653
814815352
716074287
0
843334079
1072228741
140539693
0
912151386
522605999
0
0
0
315521557
471028393
0
87641504
0
0
862421264
408597963
874126158
683480768
0
695312094
0
0
685554840
824747858
0
791236501
654997390
0
0
0
160180788
0
0
1017876072
0
511655837
0
906730554
0
529371959
516223990
708122122
0
770826423
1027085377
596122360
369689120
874126158
589310331
0
146909521
0
0
0
136593822
897275649
838821503
0
679638017
0
607974517
0
0
0
0
750707622
0
0
0
0
499678154
202269747
453613309
979196218
468716510
0
240547509
472107845
453623535
352394746
0
938228191
966315402
846846316
0
0
686443110
0
0
536657622
0
0
0
0
608893250
0
247809658
926773697
651032179
583816294
558025480
0
695065623
0
0
0
0
0
866405488
0
864087590
1072872194
504563136
902790196
0
0
0
0
545597545
0
0
0
711398132
0
0
22202234
0
0
1046693698
0
258204150
710067037
0
0
0
609918068
0
584746251
0
662302845
0
0
834279889
0
0
719213696
0
439214397
0
843295078
0
611860077
586361852
0
962538974
1069755064
0
716278294
168950476
0
921745469
0
0
449213326
1004837944
135723339
40802320
0
615596350
69261568
690641582
0
598667945
656869077
0
768783459
0
294483371
0
827948895
0
78564104
451582657
822041209
120646558
569640806
0
492955703
1036924072
385916526
1016346900
0
613047914
0
0
245163961
0
1026298337
0
776945209
70106156
774567036
362893185
444753105
885048731
12700529
649318824
763101834
62758700
0
114117778
0
0
0
0
0
201671612
665438206
879089747
1069190448
0
0
0
0
935784116
0
642576799
0
0
1053306071
877468040
310580282
539620853
977703087
499019110
0
94053843
0
270449464
0
240745568
0
390314789
668251623
0
332224294
1023014533
587550135
0
0
439520817
0
835936884
0
447067310
0
0
568912753
0
1005686849
0
0
394761187
0
931350406
0
747138136
0
0
0
0
407490761
907825526
476223554
126987922
0
689206771
667140844
0
1072177750
587002072
876157530
0
965211008
0
0
0
0
382785575
442566939
179741763
0
0
844480336
579576294
624805095
0
809745061
544638379
25179756
553444331
0
81729072
0
0
0
0
0
234595719
0
1001527148
0
920261791
624051009
0
0
0
288350711
0
0
1013557811
0
134430401
243800656
88296278
931361680
505391868
955980386
0
0
825254299
212172284
808303253
924840900
390824697
199492209
0
972283610
0
0
608303415
404228379
0
715395948
605450595
901553365
0
456579843
273570717
801379190
0
571770484
0
0
450703618
0
0
0
533986849
0
124906439
0
0
0
0
0
948943130
189676687
0
0
0
364034658
0
0
731511088
0
327887691
463565372
0
0
0
931743375
78789282
603645970
270891512
478584163
0
847416603
0
239809175
253352513
512818689
295525030
1063985489
0
0
762298523
0
764913937
123979588
0
285661216
645967867
0
0
408291713
441682074
538781380
0
909345845
0
0
767553662
0
278020560
1070207647
1035741486
1045259455
0
387825805
112650998
0
0
303665791
918463861
0
0
185852355
222559497
0
926006510
0
0
0
0
0
0
364801767
441565973
0
0
367788750
993191190
0
455066602
874126158
426070559
1049500026
0
896316205
0
0
928891564
0
877040394
0
702614313
291016652
778578720
0
809007456
920892911
0
584527876
0
0
263291254
0
740976109
0
1008999121
587881779
45362271
0
688283436
733375988
948322833
318785296
67117617
0
0
0
0
687070506
0
0
506118312
390824697
939754793
0
553264773
0
278333092
147849424
0
749154497
0
0
123053645
542753079
12288096
0
671445135
0
0
89027143
116220635
1036945478
0
267027991
993013441
579062739
202208691
236307492
0
0
457798489
473764823
0
0
0
0
0
1060910426
0
1050456648
839280054
750954212
0
799085869
142765307
0
0
583568994
0
0
283171459
0
0
0
0
0
0
69929153
189332871
733294626
0
0
0
486291060
565650822
300545487
0
488127285
0
275674552
406215544
0
1023282923
501068639
0
0
0
645967867
0
0
0
0
733278892
61225274
0
70144170
0
104392932
968623202
703397468
273143830
0
658440172
0
681859385
0
0
419937600
0
714036815
0
0
762552753
0
0
0
0
0
0
724556704
0
0
0
250728167
0
0
756694088
704172006
819122061
0
0
724239507
0
0
153468762
425250318
0
0
0
0
0
727545643
0
422620346
938729424
0
308113965
0
0
0
0
556713142
388475909
0
510456932
639838059
0
0
72815703
0
0
686368834
0
0
0
749534570
0
466977968
59379088
674184151
238980594
854192409
52931970
226010194
0
0
0
0
245536191
46959463
264152440
0
889436599
606818645
0
1072073083
32027029
847875544
0
367158422
1066111048
0
0
0
0
726660407
0
1016853946
0
606993262
127230100
0
0
161992392
0
752330816
0
0
0
0
0
0
0
0
0
907269573
586569015
0
0
897573130
1054822547
0
163408784
0
484386205
340688206
0
0
388470024
0
573057732
502100661
0
807826835
1025198666
0
0
783201040
0
0
0
0
19519552
951788598
0
256797883
1031613410
287014628
0
931726232
417035542
0
0
688119431
70532511
414553127
376903648
680811933
403574354
0
0
0
0
382982243
0
581557151
436746852
394761187
0
206889277
84688710
674184151
530331012
1037156522
882090744
534175062
19156474
0
33779316
24897474
0
0
0
750795239
1054423532
475688579
337254572
493433291
0
151113068
0
0
0
0
0
0
294952300
135610008
0
632400125
545445150
0
370064130
0
632757946
0
0
210831000
480712905
0
0
634629232
738627369
101181066
0
1496069
0
953155032
0
237846937
724683381
195714101
949422837
0
0
0
279697954
0
29525154
124538088
0
122001519
592802715
353377418
355466997
0
80966653
0
1039091419
764060245
0
1047475659
562907572
0
0
0
0
0
0
225178644
713187188
688621052
120079166
0
0
317594024
0
654986045
667946155
0
0
0
0
817458408
596401510
1005756187
662102401
982983199
1058841255
580611501
466960740
931028395
0
245970747
543680812
90418952
0
0
0
0
0
66924756
0
100138655
0
530096018
752545555
0
0
0
809976041
722417772
40280192
0
0
54794653
0
0
0
0
0
577717424
0
558406825
856912342
456387527
0
90210035
0
0
0
580668309
445986082
0
10953374
379735633
0
748646057
0
391618174
0
0
0
0
0
834152011
0
76476464
0
391805132
501211190
0
771511478
0
0
199928525
0
0
720430641
0
216226967
960561813
0
882362665
0
0
0
597864644
0
0
907078607
0
842478496
222187833
0
452005227
454730738
0
0
20957286
0
394191938
0
0
1063922280
691922054
0
663692626
0
0
384391785
0
664515496
0
0
0
0
0
0
0
913760516
0
369688409
0
207706069
65702096
0
0
74485298
0
0
0
247343126
0
0
829654710
35938488
197610119
0
0
0
878040433
113256783
784923433
0
312343129
0
887791373
0
0
856540389
0
0
0
752330816
0
0
0
0
0
0
0
1058510125
76193165
726660407
462902035
877457949
516354037
0
727557884
0
0
0
403858796
1066996941
897103412
0
0
0
0
74624688
0
994174264
407752966
790670609
686598135
436454033
806628654
0
946504631
183289150
0
0
916989248
222879677
0
0
0
943136611
0
911466975
888900263
253526782
0
0
888484620
0
594976577
841337942
0
390314789
841841662
647656091
0
406330657
0
0
240241885
579070695
0
211490022
0
0
0
278127333
1056516003
0
609663150
328836397
0
0
0
851726145
1051539764
0
967629376
0
0
980230819
0
131821739
0
699722508
243278290
579109624
0
0
737582665
978649852
0
0
316744175
860778584
0
532699227
694919656
0
0
201129552
0
880340684
0
0
0
721815581
0
1038586334
0
37841321
497064746
1014439052
0
236197069
439184692
1020498282
0
0
593329768
0
640264212
709435318
705303633
93703143
698597182
631008541
461037096
1003906278
0
6665088
0
0
0
624887477
558905420
0
365231574
417987790
0
0
0
0
866021052
436306113
0
584378741
0
329404847
214992696
245203505
303211544
0
0
0
752330816
0
0
605862714
253504587
0
0
198300464
0
0
72543043
0
514461733
0
0
886540303
0
1053353721
0
765230807
0
363564806
0
0
943552634
37479629
0
0
1034481141
0
0
601046436
0
0
34332309
0
0
611002608
915599084
598525543
0
0
946769112
0
679902234
211139905
865458483
0
336573659
0
0
216493053
0
739340408
0
21136215
0
0
0
113662523
945308508
0
0
0
633724453
0
0
922556945
0
427975177
546199758
0
0
589231927
782924954
0
0
425677313
0
0
0
876785814
0
514977353
0
0
0
1046283624
615487514
0
793836677
0
34444010
0
430562538
0
0
600343162
0
680411879
256575062
418773887
0
55379071
720371901
691709844
0
0
913232513
34771683
0
481970288
0
0
540417880
922966530
129190311
395435470
82610195
0
193097294
20360299
0
0
263452445
0
334683828
0
0
158814801
640850639
0
0
0
295125066
388885341
195129679
803682865
136020111
0
0
0
0
0
885529430
986265281
506800267
594168325
191637513
0
0
0
737701719
0
457681792
356339624
525596254
1040161005
0
0
329839199
0
935668826
112833961
752330816
0
284369597
265491025
0
0
674446306
0
235195171
927879045
529421832
636435268
998230964
633586745
164129556
0
0
676490080
0
0
0
1057229923
0
0
466818967
0
0
0
0
0
0
565586797
636891563
177992691
798015019
221683455
0
0
509161127
0
968786638
0
892352249
693274378
0
0
0
1046574226
639320079
587059453
0
0
0
281344452
743824597
0
0
0
0
0
0
0
0
915964436
75437244
0
145812839
513692898
458374020
0
528727981
245353377
277369994
256368633
500558860
0
341956134
0
0
701689969
0
234626793
127531315
739733707
0
0
721254370
0
0
0
0
859074147
96234574
0
1055709689
0
454449060
397150523
517123167
399845188
0
0
704332116
0
336750269
0
602039159
874126158
0
0
0
0
930108380
377988773
0
529521822
501068639
668263523
641349337
0
670188344
0
52553694
0
590929801
0
0
0
0
956853677
1043287898
300064647
950094134
0
0
0
0
0
0
0
1060557271
580411089
897742523
160984641
644777489
1031667707
0
0
0
0
0
0
0
0
0
832451043
255223205
230971319
614609443
0
325260960
0
0
83923371
894004442
835493649
0
0
206979234
0
0
0
514486585
991556210
735784270
0
1014615248
0
0
0
577516006
0
147078230
765083846
0
0
0
705816163
0
0
0
0
0
103917871
697106370
0
0
185122887
0
0
0
0
1036028221
599964410
0
335930706
0
587682680
0
367505748
0
401313107
256368633
482729524
0
298124820
158239866
0
914802845
792071990
0
341522504
0
283275483
173063441
612122286
0
0
0
0
0
0
0
1073135502
364682880
0
467399793
843807373
0
845966351
0
0
0
75434422
0
723658282
0
0
0
0
0
697532000
0
376870449
0
86579082
0
871706470
268972801
0
0
0
0
499458262
303041521
0
0
921206610
0
0
766829203
226010194
396838209
0
0
0
685080867
0
0
883194726
937583337
0
236243328
214509586
983788282
275704220
259244579
0
1016653819
0
0
24716168
558406825
0
0
81900842
87683967
784715398
610848241
551165772
0
446283780
0
0
735672409
345639567
552727659
371330582
0
0
346873186
593375367
296603196
129952545
0
95689738
0
557155205
631939322
0
1025862733
581730617
598732503
299110350
0
511201264
1068807582
0
0
0
476321327
599217425
0
747138136
35848675
0
0
872331724
113945596
168419417
0
586006083
36271142
0
553821398
0
275650410
0
0
0
186658636
179258329
330503669
0
136024934
0
487946272
247861070
0
0
0
472856947
0
0
0
371431988
0
180933954
161830742
69848526
0
533159777
0
0
984892020
0
912761880
0
668453166
500676299
0
0
588338570
519211749
1030038191
0
258170671
0
473486314
805593623
0
195220902
939757373
0
0
0
0
0
169290343
0
115694935
212517437
786835219
201608911
554613550
396331587
0
225918505
0
0
263040946
452119611
0
0
0
921941537
0
664143219
0
0
931508291
616536846
536340910
553237289
0
278073334
951011537
0
626631390
302481904
0
0
0
0
0
184857357
0
0
859702633
0
0
593174114
87411440
0
363039143
914759784
0
81072689
0
419423999
310650020
0
810132927
606193809
0
879995573
607777224
252260964
0
0
540609478
0
0
0
0
0
549832027
0
222284479
1055033817
598402143
0
1044053337
805148285
1071171549
941732264
144541379
497324401
71124243
1045974006
0
0
0
0
1134847
0
0
0
0
998908954
0
0
934163323
656407370
317650354
444588984
0
129098702
0
1010073
1019134470
0
0
0
558730514
1049630796
880473502
0
0
0
444905077
917608668
951706233
511993892
0
224494186
0
954913539
0
0
0
0
815824113
141116616
420219463
628760372
0
0
616770695
0
164702591
869807216
0
0
11894359
92240212
0
1053308146
255427090
475335685
0
0
0
593967440
0
0
0
379002969
655087200
0
0
825064310
0
765522967
744451187
935205609
0
263685230
0
240033255
0
0
804213000
491704977
156227965
716853136
368480998
1013490670
0
564434198
664679553
825930973
0
239871465
0
462974949
0
808887355
0
814036867
0
163459797
0
4707349
0
0
674262139
722877904
973198854
480749138
0
0
1024864391
729285027
97310829
0
912155507
0
658031436
0
0
0
0
0
1010980972
1065048694
0
106371324
655551213
0
751757151
0
0
0
0
1064338706
0
0
0
0
0
325095632
26643348
0
0
0
0
0
65852205
0
581087493
829866328
75529635
60383087
420219463
947760423
0
921942791
203635123
782154852
1840154
0
257527483
0
0
0
0
0
0
0
587259981
760165181
0
542949250
0
0
0
0
795589695
611072835
199882450
603369542
895436179
0
0
0
0
103261860
0
333320658
626991305
0
47020887
0
0
0
216544671
0
349310735
492597196
0
0
0
0
171364579
70326651
0
1060780274
842619724
992783502
0
222995418
0
0
222284479
0
0
0
903061743
418256020
877339498
41159959
0
0
921840662
0
0
692302951
0
621801311
0
831496342
0
0
0
752330816
0
0
559163270
0
0
0
247290107
0
0
0
641218205
580424258
0
374475952
0
0
98885554
600880815
183289150
408268855
526990629
627719739
327435765
0
0
302900536
420123348
0
70192876
0
433157203
0
195275894
0
543096650
1049043116
527234206
541526223
0
0
201699544
0
690482876
0
54574744
21446476
0
0
0
0
244535472
632585699
594857630
0
0
281966124
0
0
0
0
674298095
0
39152962
0
0
0
0
0
161124410
0
552328634
0
585506891
553856545
0
0
0
175833850
0
323733844
575232322
0
0
588045821
0
0
240406610
236414537
318658888
0
175833850
163425736
0
861687524
0
0
913961348
558775106
0
424816564
738056138
0
96206358
1068810269
867063300
556251610
133494483
529833670
593627213
961621377
0
595679084
382740156
0
0
0
457007263
0
332281248
0
330351395
0
505233514
576326167
0
0
890841273
0
0
0
345472564
0
0
213357255
0
0
0
178239885
0
0
0
0
0
251454612
586451453
0
0
270937934
0
126325890
0
856842195
1033362646
0
654669697
0
0
0
109207856
802822744
0
0
916989248
524064746
0
459393814
0
0
849267263
0
759287772
0
0
0
0
0
408866107
0
0
0
0
0
0
0
197028896
603638353
934253885
880914474
234937563
0
90483919
683466658
0
0
238556742
0
0
225918505
0
0
0
0
407393931
840221970
803605304
0
788922464
177485163
933652826
0
394976131
310580282
0
40427167
743706106
0
0
0
597679379
0
0
0
0
0
262683542
919300735
0
0
0
304929104
571365676
843458138
0
813898355
0
512496112
206432821
255885014
0
0
0
0
959810819
0
0
54825551
0
0
0
0
0
383286722
0
0
831499491
0
0
0
48654009
0
629989251
0
0
0
435982652
0
0
496891962
56574090
1466508
0
0
0
0
0
937038237
0
0
376090905
0
391845295
829866328
489233270
0
0
0
382736192
0
856736280
0
234707870
811203536
145826504
796773805
485476559
786178193
0
0
525454186
0
151743302
351639850
0
986265281
0
0
0
0
0
74481997
0
0
446565030
0
0
0
0
0
0
390314789
0
463491046
0
0
1019751749
194205571
548482428
0
57304700
480559090
0
560733274
0
0
256165003
296209318
443017086
355276610
0
788667060
622506204
319132880
1041485219
93647570
639874341
0
0
0
0
0
458787674
274601813
1033664912
0
0
0
329387216
585309167
681124739
300626283
439184692
0
0
0
0
995221311
824258242
1050832641
0
0
0
397461616
0
0
950094134
0
0
13893471
343563365
0
46406706
0
142439139
0
0
0
78943575
470753896
261755399
0
232212380
0
764243797
0
0
0
75376842
393293260
699703526
446684580
0
426978995
890738432
0
0
0
0
0
0
686477088
456844737
0
0
0
964522117
0
934870116
40844475
0
0
207636391
333193532
993335041
141885595
0
0
361166724
586888414
695746213
0
325260960
0
0
0
950770946
50391144
0
731790630
0
0
0
0
689476415
0
0
0
0
0
0
581804681
399376710
0
241707125
295230025
62533216
0
0
0
68417772
0
0
0
740428570
310580282
0
0
0
338583188
981063673
0
471019619
618033155
0
528198120
0
0
34108124
29362952
436658538
266575553
240562276
0
1051424859
747561323
556865859
0
966816093
0
0
0
713359548
64557416
638460174
0
216517919
0
1004235580
902367400
0
132262557
0
0
0
85957860
0
0
0
0
0
0
0
524887807
877644245
0
710000947
0
0
512174005
721536891
0
0
422420433
0
155899882
170790532
0
0
712911129
521148609
61543839
789825533
0
130365219
307046209
39811358
0
0
0
0
0
0
0
0
408570255
0
777937539
1067168205
1018101930
818702656
0
759287772
910632187
23795789
0
731145386
0
0
972335768
646513316
0
0
680572820
637042038
1031422386
0
0
0
0
872073443
510064436
0
0
387307415
941306089
626949174
0
0
586062942
0
785670099
0
0
997415915
66982348
303368621
278533675
128791049
765227501
0
0
809821326
66071446
0
0
0
0
327683148
469474679
0
817345144
0
44436009
0
57682029
0
0
310580282
951011537
0
0
63997679
0
805064658
191244043
223890282
595605403
54046755
0
0
0
198803359
246467029
808272903
870047013
0
0
916857441
938006496
243463022
401967314
656954416
690379690
154854243
0
0
153968864
453954841
0
0
11363560
527436635
35134726
129858612
625094563
519639740
17433446
0
0
0
490377355
436077756
144943373
409478946
0
0
0
626157245
0
150103209
535697104
814036867
0
521519810
1057899794
1835228
0
0
782625182
0
202274234
810477167
0
244820006
0
0
0
0
0
365577171
0
541600875
491517487
520247744
0
702183232
286118979
0
90929677
0
355939225
814036867
0
1020342094
0
0
397772043
0
0
0
313759103
410587070
0
764018227
992958345
0
0
84473968
55913451
264854150
0
0
255351512
518445591
0
0
824702943
0
152524605
746647654
207106862
0
97720708
394277662
0
0
320765210
200531514
0
0
0
334378738
0
0
0
518676814
0
0
0
440137787
0
0
446268831
0
985868600
0
0
0
78640525
0
286407401
0
633479216
0
816386253
490687490
0
683323942
0
0
0
83486451
363491157
0
734453647
0
723929417
495429767
598493843
0
0
447317698
683646615
0
0
0
0
0
538012999
0
344260817
96556828
809901677
0
0
0
866241475
0
0
217361878
844497626
581439532
642610121
94837196
0
0
1014689698
0
0
0
752519322
0
0
0
332135716
0
459574004
759676448
0
0
827082978
879326773
0
266938559
0
0
0
489911419
0
1050760677
17228184
226010194
0
0
0
0
0
264410659
0
806229990
429943635
0
0
1061990978
814277926
70421314
156852345
0
309839259
0
233453126
0
0
197223489
0
0
0
0
0
0
277848936
0
0
501699822
0
714024740
221552351
383767239
0
0
222859160
0
399254257
0
0
293811089
116661619
0
0
0
0
0
116410817
810313130
0
556097934
0
0
0
523210434
0
671710757
0
0
0
229448350
0
518928511
0
1056419680
212592771
71891141
0
0
486943654
479210000
0
0
752010094
440079365
0
0
609734706
0
622347458
381153480
0
1052419566
774497460
833939811
113869594
0
0
0
451519294
217764781
96048449
0
0
0
0
125465388
0
952658215
0
115082681
0
532634306
0
0
0
1020884592
280966852
0
634979115
528705879
766434662
622884559
177958340
1042309806
0
438921544
0
224454867
0
0
135699555
0
1035873569
1064542773
0
0
1004155583
1064317949
181101806
0
0
410763318
696686018
739692232
0
0
0
357785437
274550522
863635850
1013184274
0
941306089
0
0
0
472288104
110510177
0
0
697146108
538183405
0
0
240295578
1056349492
0
0
0
365438052
558607214
0
516118123
0
942069205
0
0
0
0
664154787
0
540412255
0
495551184
0
111557840
0
0
0
0
0
0
270685273
686043870
956008168
773167545
232212380
628637244
0
0
0
902514368
0
543665963
92637432
923295935
0
0
445922344
0
314362460
783788459
0
0
0
96694684
481144853
301886458
0
0
1061652256
415407426
0
0
130482403
0
692538580
581040150
199417645
902028137
0
0
0
0
0
849071867
816221539
0
0
188407505
0
0
0
710668599
0
756922829
0
0
398581948
0
982480124
214348958
0
713551452
0
581282480
145008810
549097912
408164651
0
0
527129957
330546209
639461780
0
709082500
0
0
0
836659277
721716408
0
177369678
941441938
66315692
0
0
0
153773509
0
0
0
0
0
509707623
0
0
347892693
567858159
591449052
0
864872090
0
1045106885
0
952468968
0
973849029
0
75288200
0
1037346289
0
0
179329736
520851099
0
439224615
321961186
0
0
0
110544866
0
355464169
986422398
0
165281715
0
0
0
0
184833755
731912082
1036135099
0
0
194534860
0
0
195693223
429621060
0
12107420
258700966
0
364966548
598732503
0
278920165
0
47703193
0
0
1071084248
0
654738493
0
25820068
525364886
2318698
0
0
414081292
223977766
0
376283815
736086360
0
509949869
639971972
757628907
32023637
0
0
650031704
975799467
0
656410173
0
0
0
467166239
0
467719295
1055232001
241359951
0
0
0
987950144
1030664548
0
163146304
201129552
335804025
144943373
580032588
0
419591518
0
0
0
0
674993485
0
510429199
0
0
1015795451
480605103
237205840
484328120
0
0
0
0
23796311
31098661
0
0
534172042
0
0
153863915
0
615333569
0
769124584
288911752
0
0
0
613820245
0
666420628
1070658827
1036241081
732357946
1008095973
0
84681361
0
567563187
212117466
520489316
0
0
0
597085950
0
0
946363007
387240783
0
366029517
0
211183110
0
0
38239475
560469470
0
586995552
722206986
0
433102759
115200628
876662380
0
861778131
0
330947341
0
190815644
0
964076105
0
0
345524867
624357689
0
632023180
33171998
0
332230210
0
487074331
0
0
0
468716510
0
0
0
0
83591560
427847773
684299626
0
122899195
366795722
0
0
0
774350060
0
0
580185149
0
214422909
769121660
0
0
0
0
799380469
0
652474924
750645598
0
992351788
743295685
1028403698
0
8454837
0
0
0
1024717505
721632676
0
805001667
0
828701197
0
0
0
986978024
184924843
885230117
980804794
147396637
390314789
0
430567377
0
0
70504405
0
433442912
1026061834
373283334
956002543
0
120633418
0
0
0
722155324
139885687
288424582
0
945650742
0
0
7152584
0
485134813
1068730107
0
0
0
84150419
266524305
0
0
0
30230076
0
0
0
0
582755804
0
0
766130507
0
628734121
500864380
0
645967867
78272189
65348634
0
948304964
0
888935183
0
830252799
0
0
0
0
0
30257908
867564499
55657663
424994987
0
344178381
0
0
0
798314521
0
308838703
0
949274221
138798314
0
978530712
259794994
704876556
0
0
647156937
771364281
0
571874194
224201983
624720555
972692594
0
0
0
0
0
0
516473390
618550611
842478496
299689994
0
0
812286358
0
0
0
752520693
0
0
0
0
468716510
0
0
0
864784055
601616823
0
91781158
0
0
0
750463354
607343894
94614048
0
113595681
1040676233
894600998
282736872
644085507
0
0
0
202732771
0
0
187261882
489284560
372655311
111194093
107335753
218975423
0
0
0
0
0
0
0
0
986265281
22174662
122775338
0
0
396101781
701146127
175047912
364966548
0
553430074
542587987
0
913845844
846609538
396510366
492175977
0
600148584
0
0
0
0
446109660
0
0
0
0
1065505611
0
0
0
743730575
0
0
531828107
0
2318698
0
0
0
818462520
0
0
747680122
0
829236690
415359708
0
0
0
1011595886
0
386219745
295971274
361838728
0
0
316738053
393859459
715866573
652019475
0
0
980766515
437702336
0
229315699
0
0
407469189
0
955956098
304203405
347442933
1059115477
0
22613274
0
0
0
0
0
0
284278238
0
0
0
0
124750029
198846680
970710599
77084439
0
1069852285
338954358
916238079
0
550615288
0
0
0
0
77772714
509754882
14508982
594162416
0
0
0
0
0
0
0
0
992207067
0
522082318
493289661
0
240175454
0
0
370467515
0
838639795
0
0
0
0
760819996
0
36045796
0
703872840
0
0
309166798
0
0
656072898
0
0
0
0
258170671
0
0
428470004
892915174
0
903591217
672295490
0
276338264
715965471
0
0
743466826
855985645
0
810008689
0
504311907
609211247
934065293
400937773
740053174
360704929
0
0
162532307
674760504
0
98613645
574936112
404920525
639271263
0
723682327
0
0
0
810130840
1057635304
678985326
0
0
0
0
955378602
101272187
696255860
0
0
319495865
0
0
127113601
0
29220411
0
465305586
0
0
0
359322702
179378772
0
0
873581468
0
0
0
804952200
0
60363894
0
614542502
861198865
368424896
0
668830744
908048961
0
447623072
383882714
111652673
508249432
715806384
313179440
675090504
0
0
652692277
391252722
948232335
375644625
329330389
0
0
0
0
0
534515868
0
0
0
110755604
349098994
222978841
787274998
0
0
825943694
209204240
0
297650163
110509640
0
0
81621735
460248525
0
0
0
0
0
0
1056339678
894332704
0
827565478
0
0
403959561
990292295
0
0
230791099
0
182509565
96414024
0
694860521
298814324
266385415
537864839
0
0
347773068
0
748400098
0
897917929
0
743028532
457029876
605628446
0
969889391
874126158
918420021
660540193
327625265
886739267
164538843
0
873582281
940589788
0
951011537
0
865103729
1016014569
0
862687137
60646414
799820101
459161462
0
0
378271209
0
86552850
424805178
0
150697821
809664088
451045277
220518990
654802543
417324756
417299032
0
0
142718226
594719671
609277947
222263160
509237949
152552832
0
0
512414722
0
0
771472000
955393943
474866385
569926450
0
988098283
0
588388282
271073978
0
323092129
0
921095798
115695719
0
424816564
0
881115252
149579825
242200632
0
826152559
0
0
943666102
135392119
598033905
965983556
601097031
0
44152782
201034274
0
0
140317654
768637100
348753333
0
0
542433560
0
0
834693577
0
870078583
0
0
382834946
664628797
0
0
867715731
0
0
0
0
0
0
155191409
925156702
0
763330005
0
0
144640327
0
0
290135776
890064217
0
930695869
123321077
0
863635850
0
968397667
0
59079047
844495215
0
0
0
0
0
183289150
0
774350060
0
701225983
0
923382782
162970879
929182523
0
0
978819248
980867904
257413690
0
0
0
241674787
0
0
771796259
963391693
0
1052948422
0
1006982783
0
791262339
922187747
0
0
1008798511
0
0
0
17772769
144719790
1049436647
0
0
0
828228133
0
944410134
559929428
587554612
0
944481219
447094666
293756624
594875547
0
683669035
0
0
268373940
797108204
147636377
0
0
0
0
715866573
0
0
0
0
212720472
0
675571067
0
0
0
0
295877453
428147612
598366664
0
0
29366361
1065147297
0
60819467
0
0
126900658
0
967111838
0
0
0
0
0
0
0
70779923
0
0
491288129
206671837
0
332720901
0
698915324
0
0
0
0
661004778
189894098
863905376
0
0
524055391
419906224
162833950
678795727
267572459
0
0
0
0
417350502
642338539
176780273
0
366640664
329387216
0
0
30140080
0
895630918
645104546
911146107
305977932
660145079
0
707810018
192169878
0
415554807
0
0
310580282
0
328931476
613261857
0
962034414
0
410323770
59428707
816303787
1018483090
0
0
993388150
0
0
0
735168501
146165631
178556335
80986646
633626645
54392163
244540985
0
131696784
0
0
0
0
0
277816490
0
0
0
0
1052204543
0
843114056
1005657477
866642337
380647560
0
0
874126158
437946371
159843744
0
6975188
814043541
0
0
347144076
138948167
526432294
595789503
192177523
911923219
0
0
310580282
0
0
0
354477092
62786368
583142116
630078525
0
152570514
0
390314789
0
183289150
808110267
1008647019
463476635
1011091648
203635123
312689766
0
655289733
364837709
599968394
0
0
0
0
554780834
0
0
1058927148
0
323429910
0
695921378
1011213065
546090214
0
0
0
0
0
0
183729219
0
560473813
284398394
0
967472852
302399226
0
0
0
0
553035208
0
577243752
403354927
930252949
0
274216775
578025304
0
0
1035953409
0
867344288
743472158
0
0
1038608339
0
717847090
586526479
1055723392
214913524
339112973
0
0
0
4518314
0
0
370065597
622102915
0
92133455
474414201
0
0
0
1008507538
569665055
0
0
734064515
890074527
0
535549725
823672625
0
0
172724209
515536800
0
730799002
718041192
699305364
0
319200035
0
804254922
454446684
494698543
0
0
0
0
0
0
220567154
790626240
0
921840662
0
556844432
0
0
720150205
0
0
0
0
0
0
0
0
0
5485464
751224651
0
733965866
0
906084788
343865063
0
0
433664580
0
654986045
0
0
888915164
0
814036867
0
0
85296519
277458230
921196583
261864866
0
1017663269
215447431
0
891020109
608608921
0
847873519
976671146
24917274
0
649209140
0
0
316197482
295270365
223751605
0
0
0
60383324
918310110
0
0
0
0
385219631
0
1068198396
352618934
17778721
0
0
0
876578118
338903173
0
0
0
806092464
0
34284774
0
0
0
913264593
465450194
0
0
345513323
1040840085
0
518973865
0
0
216376048
0
683719615
807826835
14232120
243712170
0
14673964
0
0
0
0
890667623
0
743493300
190978602
0
0
0
0
675395574
0
0
0
845469793
697106370
0
0
679998252
0
0
0
0
0
814525788
101906014
0
0
0
350424389
0
728338239
96992425
0
270213190
881449256
0
0
161064035
0
971582988
0
0
592619529
537857149
0
893839119
0
202781590
472641340
0
759059165
0
60080079
229224032
892360866
0
540295620
586065870
0
94991704
146179388
0
987388735
776862230
300403832
0
0
0
0
0
0
494463472
0
102552817
0
702301580
668855335
0
340493102
509588783
585650747
0
1035743202
570811399
0
160769482
948189748
0
0
0
1003866515
0
0
421795266
1072760638
627654610
0
0
248393965
0
2625433
102556032
718306317
0
0
360588609
0
28448533
0
925312838
798136238
401548443
0
373330256
978619993
0
0
0
0
0
868195721
964768206
0
0
88624971
0
0
961419484
645438603
683920544
0
0
146364639
277369994
0
0
0
624732200
0
0
809049107
0
284858294
948605891
0
943684212
0
305837182
215912863
375640275
589429026
0
134066182
618419879
1071265869
818908475
0
245641211
0
77199811
264910598
67442921
182026296
0
0
620282755
0
0
0
4951991
822608164
704315910
678268412
0
0
769174097
440879293
0
0
305026822
0
0
29411878
0
183289150
0
0
712402128
594749420
759544885
0
761496205
0
0
284800291
0
571213098
0
0
215967833
357326399
0
595028817
0
232094124
0
225120574
0
900153496
0
661544038
580102956
516599719
0
231075738
55055069
0
1036579873
0
503334066
243472948
146072912
826727707
0
356832273
233421524
0
909987569
184327927
782128066
706738645
501993684
0
520733110
0
0
513720394
0
0
804364062
354284956
0
49803674
0
638937269
0
319759986
0
35108647
797272192
0
846710397
1007007537
651888023
0
915599084
167115320
127849430
0
0
0
0
0
601170736
0
0
910099362
647974381
0
0
780892786
0
491347211
0
0
329387216
774350060
464840937
141736721
638253103
948388574
0
1054849248
0
1017460108
312144332
0
250313254
21608247
458703257
459422910
0
0
949802441
118194841
0
0
0
0
0
778299981
730404548
575975616
612534049
0
0
720112715
0
0
0
0
0
888860210
733192887
0
0
0
229771107
0
1006022585
0
0
517761572
971524527
1042255190
0
0
631502493
0
0
1013022846
842351104
0
0
720935660
121952617
0
0
0
739692232
255952437
481615223
532382832
0
0
376397686
0
0
670824872
864071104
0
906715708
0
608010169
452005227
796949998
391087749
13530156
191894953
157852995
810158967
498683214
785487662
0
699996707
0
0
0
105148973
0
139263561
0
0
819424928
1069755064
0
0
0
0
263637226
0
812648613
0
636945909
948612240
0
782771901
362282742
0
83074617
590960566
387736589
0
0
0
0
0
32422635
0
156630341
467669992
350168998
582700764
40809151
821243537
42021962
233383613
372702154
729562860
207807842
1016153154
0
165005590
0
714565671
0
0
158734929
955394888
574754714
0
290915538
280966852
0
0
0
491284037
273932151
0
320665177
871704290
0
0
273082848
226976619
606745557
0
997521377
0
0
154579825
270401767
0
0
0
0
94347295
1021481526
0
852880758
477646740
11319265
0
0
0
0
0
922998909
183289150
939974478
0
301197867
54147609
0
328710914
0
1067713116
0
0
0
0
0
0
160248217
537864839
0
291510001
0
0
1025756750
0
676256269
1020859024
0
0
0
151327417
0
0
1009484923
0
476475394
770824150
933552900
778334029
777320027
0
1034655122
805943443
697732790
0
0
0
0
710955943
0
0
545988424
0
6023229
572479851
987618996
0
660924530
0
728933124
85733815
0
159964365
0
122627695
0
152862508
543133729
875934395
0
968431090
0
215447431
0
173696345
0
814861448
165866466
0
0
0
0
0
593176428
839551179
0
874790890
366311947
0
0
0
797058310
119569689
216987440
374666389
497042222
0
389875631
0
0
0
465156197
540184135
0
633852077
0
822484304
199779105
86219149
567016224
452694797
330679236
0
0
0
0
358244950
0
0
355646401
906813868
479565370
0
0
0
1062575684
0
0
0
0
614345262
775636412
0
140273505
497516775
450682081
0
606745446
0
0
347621722
0
811669695
0
810095159
0
0
0
0
0
0
0
664209419
519886507
0
900506002
0
712942123
0
531243994
0
316993323
242007363
908997020
0
268669559
0
0
0
944911951
253756159
866087274
904584501
0
1024759642
0
41512099
456733058
0
1039660521
657871203
423232420
547304973
0
0
0
0
0
448214292
1024447758
0
149933442
383162105
1020419766
782406160
322867466
0
128141959
574825611
874126158
0
294066453
902891657
0
0
0
0
0
0
974451635
0
1052965770
0
0
962443186
0
0
972720707
0
0
0
0
237410787
698991120
0
0
0
0
0
0
0
0
0
0
0
734983675
559303695
0
228996168
322696512
985412464
515618357
0
166858290
293874112
0
0
6199070
302850851
864825436
0
872879213
523818265
96731727
623177254
0
334683828
209925493
936382475
604392011
241531441
0
0
0
830272350
0
0
384190253
90357203
0
0
0
39234313
0
415410660
480156887
331019636
528546992
154035517
305505758
891624807
0
0
298179444
370297731
0
0
719112576
439639727
0
974257814
0
0
0
0
458697537
0
0
0
496913370
1040095827
0
408157004
0
537707274
0
551677406
233651432
0
251074626
0
33290818
0
27757794
0
75654171
77737730
1054619522
991884350
0
0
0
155014730
0
0
550568986
629615907
794627439
0
2318698
895045781
0
12912637
0
464295038
474601197
764498881
642277712
720270294
383162105
0
681124739
323469766
0
0
0
0
0
63435487
884441255
1019850046
0
0
461871701
0
192327949
1022296296
0
257656570
137097088
0
1056217429
836536054
635808461
0
0
0
0
407980609
0
331212300
328354920
1063711969
0
0
298318557
0
0
826918227
997792648
0
633479216
941532895
267351312
0
207555522
0
222430721
61089964
1039162485
0
425046959
0
0
0
0
645614855
0
0
0
0
0
0
0
7139126
0
0
0
0
874916718
695234664
0
0
0
969169534
0
0
503598843
0
0
0
556844615
896613150
334709514
290219179
359211887
0
0
0
218842644
681728774
0
952421392
0
943925147
0
0
0
540629079
0
0
906011522
0
0
0
644174940
155798733
0
1057695166
702899017
215414416
0
967267213
19579081
486697088
0
512075462
0
742732733
517180648
0
0
0
924710603
0
1048634176
164891953
0
313463407
739849211
0
0
709378248
0
0
421640016
73397637
699668383
431502174
0
162655167
725855636
0
0
1343465
93349863
1027648073
762770362
0
171325065
0
112139123
0
0
0
0
0
0
0
602553271
0
858217701
0
1005143613
257057852
107501887
99842215
16050726
415554807
0
0
0
164926496
0
884138697
604352476
526361443
800718377
905638689
396528673
0
0
1045627018
0
0
477043231
403592394
0
258110163
264063619
0
0
280966852
0
605725560
1043920544
0
0
973264125
0
131580250
607664541
737786030
0
0
0
755372720
124005160
0
537040738
0
74902661
541659429
825319546
0
251499769
1018471047
148091856
0
525995295
0
0
0
750035209
177353977
804173623
0
0
0
0
0
0
0
991735949
0
720786559
124040237
0
0
0
931177925
545284384
122346360
503713633
0
1067895
0
807629729
506016800
191893791
0
0
0
0
327585273
445189952
0
18008943
617246657
38262388
0
950205400
0
259101684
0
778591010
0
88499485
0
882783490
0
121824666
0
0
0
211102421
561093697
739027125
21004925
513233051
0
0
0
0
0
671710757
863255896
0
599122448
0
0
0
375263619
373004478
0
0
0
852984174
0
433912837
0
432041696
847873519
0
142765307
0
931664386
768350292
873549657
895322983
736760762
0
1006673014
0
0
314838032
0
490906390
556329223
105937
0
104146254
163934452
0
0
389577255
0
0
0
0
0
592052752
601823934
265622717
0
874790890
508531176
0
0
0
333612045
0
0
0
8060240
219600200
645176267
0
0
0
0
0
542466164
0
296681447
428476869
0
227634374
0
581738982
998190287
381207908
0
130180383
0
0
365264750
16100439
562719981
3215681
0
462151629
814914604
145152693
522586186
194815656
0
103886058
907086909
241520474
568459489
0
195693223
336750269
236243328
0
340912441
0
1008676794
0
923240355
0
1067910732
1032076339
227940721
0
0
541795728
174253540
828265415
327585273
69594553
514939321
60404703
91610488
0
109997199
0
0
0
426245229
0
24071181
206312310
0
924027465
282389444
867736402
0
0
560293338
0
222714399
765075066
0
0
256963667
906210873
0
216493053
0
728555092
0
0
165982079
1060672452
0
1003281135
731572153
0
0
226830299
0
0
0
1014634515
53958437
0
51527554
0
0
0
0
662454302
393155107
0
0
91615993
843114056
292387808
997545847
459594639
0
1039604375
451968388
863372792
0
629432176
346724225
0
209739932
0
325280
692008961
735287239
814036867
0
0
107446990
0
698532918
0
0
494719
424994336
0
123224265
1047701851
0
0
0
13202630
664947021
0
0
0
49485700
0
781022721
338072071
0
599580057
183289150
0
441255397
605863361
0
0
0
0
0
90298307
0
264897824
1062810416
0
0
0
0
605458112
0
879070767
234945202
1054014180
0
0
585208996
0
0
0
808416256
375881631
0
146565763
922901883
0
920040718
81755700
0
0
0
0
55942712
633685168
0
296289008
459422910
431555971
0
0
0
0
145701352
0
243548215
0
574042015
291030512
0
0
841134655
973815516
972378181
0
841937281
148779237
704522748
449731827
0
484742775
886930776
0
0
0
651719845
681124739
861749989
0
0
0
0
0
0
0
123097011
543380567
0
0
920227241
0
678268412
0
55570718
922854641
0
0
916350998
0
421553643
0
0
491500596
224461813
12845744
599768971
0
841134655
0
0
0
0
0
0
0
1041619846
0
950205400
779304417
626651312
949657443
246092135
0
774819444
0
672293676
0
869189543
299569621
0
0
0
0
0
0
913555315
0
0
300914461
1044120557
651493490
54490939
117033660
0
638699693
1020613921
0
0
0
489678908
0
0
0
553807488
0
667667625
493954711
0
0
154752700
371800492
882901660
204001054
172246308
0
0
140706547
86112717
355615398
0
0
370882669
993615958
706174474
0
502501226
0
950094134
101272187
390314789
787496217
177779257
0
0
0
556163640
926012517
916989248
0
0
0
976163760
0
0
314712159
0
0
1022943669
0
390314789
711157703
667793180
0
0
748905421
152038993
857870633
296909765
389104936
0
0
0
567563187
0
142449997
582700764
463198854
0
0
896858993
0
5751842
0
0
0
472128330
682926140
69356039
695843699
1031963475
0
701823088
484809768
253260924
863138060
935493140
0
0
0
0
0
0
0
1067080588
0
0
1048243423
0
830975969
0
883511077
0
824500240
0
1021963452
0
403831133
1025041631
170454890
0
0
316575732
936317243
332281131
0
0
967636204
0
0
0
874126158
936622305
831305570
0
0
0
464169998
898360290
0
0
0
0
758456265
0
0
947851713
0
255780734
0
148091856
0
892403457
21217719
0
0
515736390
980330027
0
413678934
0
1066013599
1072859368
811106207
847495401
0
1062889190
646943607
291437947
0
0
189894098
0
629117669
0
0
0
53700294
953318082
978863841
334016963
883634449
740552481
681563427
740343514
0
801655410
267197815
891397753
0
0
789047520
0
47622746
843295983
0
0
0
129652107
48384512
796743142
482661734
863478663
0
0
0
0
572399890
945778294
0
0
0
924947198
0
0
163364658
518371925
0
459278977
0
0
714036815
0
0
975875419
753479465
632268110
0
0
1067781478
0
0
822815265
651257984
747815365
1036361465
0
380832348
0
319222718
1056070258
496312157
0
710392669
88054432
974667870
0
0
1059395087
13951505
0
0
618965388
279360553
708142308
0
257797846
0
695819645
92743284
0
51951425
0
0
0
0
242319943
0
0
0
395746144
897185645
0
0
0
0
72917358
0
752635039
0
0
931533481
868500101
0
0
138641808
357087224
0
0
589518028
463164036
572272414
366473643
0
816088683
649381032
171325065
696516998
0
296886414
49929464
775370475
935192889
664394938
0
928988129
542660624
303964095
0
796010547
0
0
0
375917399
0
191084043
0
447437770
681415508
135746165
0
535472076
611631597
591759371
0
84605669
460629398
0
0
0
0
181305815
994543607
0
0
0
241271176
0
980816070
882589442
0
269727189
0
0
0
414194020
0
248940476
0
1011688086
674691288
0
0
623384072
0
133381048
600995329
204417578
350184983
126176572
0
602409703
573610875
0
633836376
360001751
0
859625526
600484333
0
0
724149690
663731040
0
672312958
661080491
344043560
543658095
429967075
0
693517551
203827259
728147697
433948009
0
0
0
193110204
693474860
900837428
285322612
950898749
468153912
0
0
1042622155
885968674
0
752909428
291757903
694191807
0
0
0
691479445
0
81351809
0
0
652524316
0
13050495
661763101
434789693
397829109
930678597
117624042
727435706
97071097
0
953400250
519720654
0
0
0
0
0
889402987
761496205
0
708976664
216153541
0
0
490504647
292712831
0
0
846308985
950031444
0
419323935
0
18222250
92433733
631300621
0
0
0
691727507
0
0
74744905
0
0
0
432547692
0
0
0
0
0
0
0
0
0
0
0
339955163
0
0
0
0
181163730
0
0
0
971040302
1057894408
0
149630294
0
937833403
0
0
0
668701703
862690280
334550499
688349861
0
0
0
515736390
790463588
0
53958437
0
0
0
1034245623
937071722
0
0
883683340
0
251610345
156912327
0
869878760
226709756
0
37429860
0
0
351982520
287056568
0
633024171
0
190055038
0
0
94800345
0
922340142
216591184
238896809
0
0
688408474
0
0
0
797802277
0
0
842351104
691727507
0
376327251
0
134904687
0
1049941267
397229379
265131371
0
0
620009906
816767042
360141510
186323033
0
0
559113621
424126069
102234026
0
0
865055842
526474742
0
0
0
937299898
622723312
0
0
729087470
0
0
0
732858968
0
0
354433618
0
362955467
45944870
0
0
0
801254382
218581360
0
995754547
0
0
0
496012133
1051190436
0
0
0
325503071
133328729
409431617
602839873
0
917524699
0
249392955
84811124
117777047
2318698
396550546
0
711689778
188687939
0
497531063
0
0
257920205
0
607510972
0
702409197
0
0
720622760
316311462
915817127
185478995
613262131
275177079
0
35050273
0
482281294
0
516267416
397319434
0
0
0
652755709
0
188625123
895419258
0
778129955
0
0
123132062
0
0
0
1055078002
474818549
848098399
390030868
0
0
403880801
405773617
0
0
0
986480441
644187522
0
0
119892448
700028507
7539086
142765307
879997142
59167565
926831891
0
887308354
0
644061482
0
0
758682013
0
0
0
136111309
0
0
788509450
0
49929464
0
570208365
578056861
553848344
0
295177083
616754903
0
381452331
26467088
0
0
430330759
760883730
0
570718892
0
0
368450149
860036973
0
0
460338123
983531314
953672256
178639351
1029885669
1034772861
261325029
0
387256460
0
94221102
0
226010194
0
0
0
0
10586172
193110204
190789161
466540345
585579634
943117413
805297050
201025577
0
0
0
666365741
921052233
1048363175
0
0
0
0
0
970612007
0
332794859
0
548289420
0
0
0
0
0
0
0
0
0
0
0
0
293106371
0
164835016
129355374
870196084
0
9126281
713262375
0
0
283308144
0
0
0
0
390314789
651146008
0
261442127
358052188
0
0
596204020
51093005
385662272
0
0
0
0
0
222830358
0
653826335
0
0
460248525
729468716
0
1059477169
0
0
82145770
869027110
0
342556864
280966852
0
0
862160539
0
0
0
768275754
814915133
0
0
804678845
0
0
20886155
1069858575
496770204
0
0
0
595043758
0
392294636
14209509
0
0
0
0
954980433
0
0
0
0
0
809464558
0
0
1010100105
0
211500889
0
0
790732084
0
0
484775249
106028971
391947347
0
0
886108314
1017942350
0
0
997015134
0
148399007
0
493867219
513064761
536577318
108815907
0
382797782
0
729076032
0
0
0
310669326
0
0
0
1045960423
707310738
607465622
0
934922343
0
0
786396798
607198659
0
0
0
0
0
0
66902074
591645036
205464792
294507743
178563584
327957746
0
791444012
186057850
15976126
0
452902979
247390172
0
0
594801555
23603294
283563820
0
205632616
0
0
230999935
0
0
26823858
193559115
1000375
286823227
471871724
230524894
1038711343
0
595265548
0
50070133
0
721045327
0
811862562
0
975372105
0
237625515
0
0
0
814219817
0
0
0
0
556605566
591293795
0
0
0
0
893203185
538826612
354051649
0
0
12532634
0
468491784
0
106679159
909020643
344177102
1049699766
0
0
946378009
714151888
627620246
358247930
0
0
0
998437974
811701850
310263523
479340233
960864953
0
0
0
0
0
0
0
276334002
0
0
892443386
0
0
0
717060750
511872737
0
0
158734929
0
1025881092
0
0
0
0
0
0
0
0
199187634
0
0
450831885
378857723
0
686101274
410768480
0
146543638
728964861
38239475
0
0
746854116
0
0
59962225
0
389475740
0
1045422144
0
0
584479671
0
0
811518070
0
555130731
0
311955219
0
134784664
0
932421171
0
412848029
0
0
153796871
691209869
978558256
221246273
381794878
0
1036123614
0
0
0
324848508
630054972
121194464
317249584
990990164
511053221
0
17751457
0
0
40436410
0
305581515
528421044
0
0
494278334
0
0
0
1045824957
0
97400857
0
634408706
0
0
781034969
0
112223867
0
1041316145
0
980255988
102856827
876689437
133346987
0
73625429
61234222
819041575
978987376
545933680
0
0
0
0
0
632648422
0
0
0
512410184
0
863478663
0
0
0
0
733639526
820421322
952618820
0
0
0
883663925
51574278
0
198691395
84858487
463508332
1071989574
74744905
0
647923055
0
916989248
0
0
100806303
0
0
377486419
0
747701538
610869320
0
737444308
0
0
0
219175410
0
656455026
0
220480596
0
0
558934577
954969550
0
988338659
145519736
582507812
0
80665904
849093903
1039099755
481045096
0
0
0
0
340744769
805317840
960895550
0
0
603258156
0
344177102
0
0
15095286
0
0
771925468
0
1028428173
426445932
0
147404651
1042479734
178239885
0
265538322
939061096
0
0
0
769043611
992989018
523029876
0
226314530
0
0
0
675382237
0
0
681124739
0
0
475334436
343031194
0
0
0
254624811
0
309034359
533169230
119315926
500440440
0
323115644
0
0
0
673937574
999595236
0
0
489195449
155141244
104102407
545725196
0
0
351416311
832714232
219021928
858648643
1018716849
0
0
537707274
0
0
0
0
999155446
493092784
250572133
0
285608334
0
973132699
314838032
0
0
26031032
438951104
1047876978
946378009
0
628308048
371624299
622965479
0
469672987
0
719522226
842617442
75455438
93238903
0
0
824479681
0
0
0
323439448
0
4791832
1053938607
0
588702182
0
0
0
0
503817847
687576653
0
0
947678178
0
590509962
530656107
0
0
0
0
0
0
0
0
648370402
0
0
189894098
0
0
59070574
0
0
685427040
0
0
404940637
0
0
0
0
1043492990
340067282
0
993065259
0
172494002
0
0
0
1065402253
0
0
213382923
484137903
177353977
0
137794049
0
0
670159091
341238774
680734485
199603829
0
0
0
608136362
0
0
0
156233935
0
0
193996508
188800122
0
0
252892183
0
0
252142458
0
87368892
0
0
563770085
26878684
0
0
752665083
1038179735
1008364046
0
0
870770317
520320245
327585273
115574417
1024683778
649917230
142053091
0
0
0
493312869
275629713
484021832
0
283198483
0
0
886856723
143892257
0
0
0
0
0
0
996604058
792084598
0
0
0
0
143133779
1063075304
955035831
0
393189389
317904794
0
2707134
1042442971
294091941
0
777645880
0
927864897
0
379141980
0
0
898471834
408131320
0
999475134
0
0
0
366916424
766229230
910307156
0
0
0
337604157
0
0
695949979
0
0
680017561
0
1039188538
161523838
0
501068639
673445935
50488406
125540638
303576057
0
403154758
627139442
0
930683693
0
0
609063994
2293265
0
0
505781812
341070291
696650383
0
759173343
889679218
0
0
203702654
46097086
0
786704854
782935587
185913861
0
1020345377
203626477
0
0
0
312101210
567540316
0
0
0
0
186392050
498468793
430612783
892826727
895311669
0
0
742483398
0
2411361
237711368
1045644779
312490982
120202787
1052406819
0
0
701443903
0
0
0
804438937
585987248
1021485146
641982943
0
0
684570836
0
667998666
234976320
327585273
33717640
0
133346987
989872975
266684749
10670433
549152782
827508082
0
0
0
0
0
0
0
886423940
435956209
159520534
123200720
471591488
1067343740
688175143
453912472
0
0
0
0
0
681124739
0
806332535
263717596
49138635
698022617
0
401434395
0
486950641
1054658745
0
0
276334002
569881957
0
623352362
444463505
0
0
291163260
1008207399
991631245
1001191544
590066343
802731438
0
0
0
712561810
0
0
607354105
0
0
395777419
475457460
0
0
0
0
214938069
1051549176
176516843
0
0
415554807
0
0
0
833508319
0
1069154287
0
725849342
288817096
0
0
0
342493058
1034933567
0
0
1036350656
232726755
0
988709655
0
0
189894098
455373152
463906409
0
0
0
0
766583207
0
0
702409197
0
996891116
972355200
249971604
0
0
272669023
0
365760086
0
621602336
0
52261443
0
0
0
0
0
88722029
239082400
269677694
774195328
785577358
216881540
858217701
998779467
0
0
0
732462706
0
0
28571194
0
254799407
0
0
0
94282702
838086785
0
241860140
0
1056729480
390314789
0
0
749870788
0
0
980207701
237118089
0
369477436
471266274
0
548572692
281855386
0
860810638
0
0
685295699
0
604715009
604017349
586635072
323469766
398456695
245126745
0
97102339
0
0
955061593
946378009
0
0
0
1071101650
0
0
56462727
0
750778532
667998666
0
17608459
213806975
361755016
0
0
377852919
0
0
628962587
252961723
0
0
347442933
1051170337
100813271
560293338
0
0
0
321977417
0
0
0
395471586
0
212692202
136595129
0
238800158
868615534
425571930
0
0
1007593905
0
0
843127162
0
496230278
405544805
549733355
664228854
0
0
968035196
337559035
885723337
224927753
0
0
0
881779047
0
0
216493053
0
543935694
0
189444339
613047914
0
0
709770817
372943168
132798376
0
230935173
485754260
843662751
528136986
1068940664
0
473494380
0
0
0
495762996
731957061
788515690
956844861
168266727
0
943684212
437756438
945628773
0
362459691
0
951143828
597531909
733928715
0
851868085
0
0
510835454
602771088
400953086
0
407584712
0
0
719678298
603569624
38314461
0
468049530
0
969245217
921196583
811935913
0
387233877
847524434
374179316
142024117
212702415
0
0
0
0
0
878065244
809075634
0
139250072
0
0
0
0
586853376
0
0
114977797
528897966
0
0
395042017
583377674
329077305
0
452615415
87357515
0
0
0
648058204
0
69509163
0
756466192
949120874
1062564744
136949598
0
291574718
0
0
0
0
1030728883
0
0
617456607
340366153
592267142
0
0
0
0
0
204486123
180178072
0
713747302
874784753
0
223890282
0
302536365
977771027
0
683365486
917010411
646284019
116461291
140792612
0
0
587133380
0
0
269294532
967000797
0
0
0
656810528
0
0
830621126
0
0
277106126
924217959
1061013582
0
0
0
0
298045668
121311871
307545920
0
602519507
950205400
883090092
0
939161980
0
0
605184928
657839716
257536178
468075701
0
0
0
0
17104017
0
950898749
0
0
0
755738675
0
778376904
0
0
0
0
1056033390
234000142
148240768
0
354717546
179461347
561024011
43867582
0
84370853
0
955313601
735474034
291509936
926382873
0
0
0
0
403592394
0
0
278612304
0
0
70289524
800327531
493549058
347442933
405709632
0
713487395
602874296
0
731966231
0
0
467318383
0
1042442971
752043426
465732867
0
0
0
183289150
0
0
0
553024926
144943373
0
0
733587169
965377321
0
0
0
0
299046496
493247263
0
0
95063586
591622811
0
0
891622387
0
501303864
636383793
0
0
0
0
455715327
0
0
0
852256209
0
952658215
196633385
332430730
86090550
0
74509472
0
0
52488873
0
0
205596174
0
215447431
986270939
1046713011
0
807731973
0
638427360
831775134
0
0
139295420
0
0
0
591385324
130209544
0
788051668
0
0
0
0
0
270803124
794941845
56701239
644274242
234113480
0
0
432412256
411793440
1006256355
648471560
0
808769717
251094013
0
253765622
680126834
520641170
0
0
1024970474
0
311219164
23089068
180202881
254735523
87683078
0
0
259998372
390314789
0
571312962
0
0
0
0
454844763
850266861
0
0
268885798
532526886
561131660
522991651
0
0
34769767
0
0
0
0
816211469
778773874
117672757
0
0
761277202
573512781
188153710
283518968
0
61314257
797689684
343000122
592237298
780692410
0
0
0
0
0
0
607650455
0
0
705867890
353250884
516840465
0
0
564090029
63885045
498152146
0
0
0
0
0
846361875
0
0
907974593
0
0
0
0
0
326831278
0
0
0
0
473746190
369146332
0
0
0
0
0
621628526
929562898
0
16523763
162985263
1036211781
0
0
300948770
135579092
0
706384963
421363037
439355190
0
0
818147130
0
0
0
0
712250968
680682984
0
0
608405955
0
48917944
0
0
517803083
225048094
0
740560607
326790137
0
916864141
0
372648801
903553731
0
0
253586992
0
0
0
285625002
0
0
0
497133524
0
0
449743708
410425817
0
965210549
250339408
1066592727
458540366
0
0
473334471
757312054
351954546
312974084
311755361
624976841
28043805
772913523
562307143
468146215
725771071
735756642
0
0
478535943
532917450
0
0
0
0
0
0
0
0
0
0
656325897
0
494640286
0
919260717
0
0
0
416454616
615895831
0
0
0
359222913
534737104
0
220477996
759393539
249291796
0
364626910
417158237
0
551355572
911870164
0
905072316
944724726
0
389287764
4669330
0
0
900734458
0
895675960
0
267753342
0
0
0
0
800535194
759841166
0
985192074
0
767355614
996406131
0
110148164
0
0
0
0
0
59330552
0
130272741
874834789
984095789
0
509830253
0
0
0
666562641
375220148
785981292
57776750
528645313
312768625
0
822443797
0
274710959
473468239
925326413
660319671
564909592
0
0
331723945
0
1013999643
0
397778687
0
0
0
975775540
0
1015330900
0
0
0
713671507
487646571
0
595324506
978907215
108631656
921902342
805091421
484460501
0
0
0
0
0
0
0
800208608
1043752685
0
999805221
0
267920370
0
94850233
0
180833218
786613764
171746421
0
850592623
0
0
0
797249763
786022233
430112417
138408727
857125975
590529931
815790686
0
0
160360677
217642579
504509
187340301
300226612
934651116
536536691
659086846
279239986
383840297
0
0
0
0
0
0
0
0
839633315
0
545079863
0
236243328
0
0
909906695
873882085
0
287394986
261168647
385800342
897620264
0
137626864
475756567
0
1036945478
764269369
0
419664624
0
997483993
267920370
918473106
0
430248952
885228742
726151462
0
144943373
0
955628564
1033707122
638806904
798954410
304852845
0
0
12745584
0
0
0
0
0
1009959776
0
0
187340301
276879783
339919042
424442394
683202070
352043148
0
485562553
0
473808848
0
0
0
774189590
1041113231
596869156
522769901
975311817
0
810546789
234117031
581707996
832877915
0
0
0
0
17068074
0
1053575987
0
0
0
429886286
0
268177772
0
456864183
666196878
958715365
0
0
107335753
118916489
905022875
778388247
0
0
0
0
0
0
0
0
527329755
33217843
258658544
0
0
393817362
0
0
81321657
0
189409232
703978613
613855142
0
935493140
437764291
508832630
0
829110277
0
653927103
0
902403587
0
706626652
533726361
0
0
0
0
286395817
0
347442933
498658893
135937090
0
177275313
367909695
0
167115320
0
938172522
0
777428125
366401391
0
0
0
404997465
0
0
638490157
0
345614750
1021455019
0
395602787
692405902
132881983
0
808535474
0
0
948927628
142922939
640022669
65788856
0
316665847
401246177
0
0
109471939
0
635995797
0
398642157
0
0
0
0
576163558
134282240
0
851398673
143359098
459496050
0
378857723
0
0
0
0
0
0
0
527859483
95616858
0
0
1064491378
0
0
394972493
0
195887474
0
0
568773261
0
0
0
473405328
487058593
0
0
559652704
232933150
289504912
0
300356004
0
0
730138755
0
0
645967867
278431020
0
999439499
884469385
242963478
0
552768777
0
0
0
0
1012505905
0
524335172
0
0
0
548870836
0
987813538
112674559
0
0
0
0
154388292
27018808
422452378
0
365210912
0
0
857647164
227001069
23626150
0
768739272
878652890
0
717095999
929030694
53958437
0
0
0
58626992
874126158
525422765
0
536159082
713241774
0
0
976536257
385466239
289649491
295058776
397888420
480735148
0
191305445
0
0
0
357933514
0
997786615
0
0
0
782022477
42737224
408451051
0
0
250143435
310820782
0
104550541
328253416
0
291848533
401313107
1018671526
0
772372962
0
0
342406931
0
697060729
162766141
971587220
0
0
0
0
28364509
0
326885201
276090016
903300846
0
534601744
460954156
402633220
0
0
653326289
0
498742500
203869799
0
0
0
0
0
192910723
695650376
0
0
0
734370228
0
850796581
320735000
0
441275287
0
0
0
984617253
0
0
0
1005987768
0
0
743899730
176451693
1023798241
0
0
0
431065815
363971661
514045763
330665944
0
593174114
18204366
0
0
904793227
33976409
356809929
359839540
27363779
410102998
384355699
0
400665223
470025033
643168683
0
0
339870292
211100166
0
0
0
284537622
0
886788869
544623323
581217460
0
287336326
910730495
234521489
1008718729
0
0
0
0
0
134774094
964001761
0
0
481872615
2194956
700923507
0
0
0
0
729225000
0
314838032
0
0
0
373716898
693620935
0
491767543
85949050
544992793
310580282
428069991
0
0
0
0
391079288
615895831
70122798
630973020
339423878
844668523
972065163
0
148590475
0
66870021
574345925
0
66870021
741053641
0
0
43217030
180584013
0
0
251188644
746603473
274507849
949352056
0
0
0
852652007
197719042
0
616970407
52319283
0
0
906671373
0
658981545
0
0
1030797094
351006414
495274788
890610526
655550686
0
581187133
10436914
0
0
0
0
0
0
119715523
0
222454193
0
0
317741508
0
0
0
0
236429902
0
701913906
616070252
46765564
957243513
0
0
0
717193589
423746435
921840662
0
0
0
0
714151888
491067491
391811323
182727908
0
0
0
0
282804055
222889787
204313624
760287662
0
738530952
280072634
0
0
0
0
631516066
0
534535460
0
1058435520
0
0
0
923928401
0
0
0
0
0
194334990
212831933
607835476
91018637
0
503649361
0
252795615
259211004
0
944000401
0
0
0
0
0
938946481
0
635193567
877586318
0
0
0
0
0
322317105
0
0
0
0
728243563
239527199
882560100
0
0
0
234209381
0
0
0
876118708
513361674
720129959
223601334
0
1066119854
716434448
602874296
290616354
394312807
826397649
0
763437481
0
748366518
564822702
674838949
0
0
0
67170132
596078406
0
1029310095
435599814
0
50684673
141882465
0
0
0
25148517
0
1069177177
624976841
865000394
511289655
0
3241191
0
0
0
0
0
0
706397356
120527647
197125534
149518485
1004102470
0
0
0
0
751727551
0
950230711
659536842
8316308
898924838
931216907
0
263835949
0
0
145995018
179299850
620499008
74619262
12549738
0
0
651192019
266160691
0
874834789
0
0
300041402
0
0
11149499
743892733
538381589
916038330
37113750
0
0
852316900
503114013
213833035
0
0
394223041
307934372
0
499713938
895125089
0
556921176
0
0
382580810
559590280
0
0
805036717
587554612
0
686444064
0
0
0
0
723521709
0
709846254
18204366
855886934
222568994
0
874550066
749235798
0
0
0
141539996
565055096
0
597121969
0
30867027
138880842
335207611
946025318
985062865
1027207955
934752536
707202890
0
645967867
839556609
207807968
188258065
0
197889920
91517839
142410285
266991944
0
0
0
0
0
843727682
0
151180961
0
1032685824
0
0
399683487
0
607159187
0
788758983
583269366
0
0
0
0
519652105
760320791
433453015
0
0
0
1066215267
0
554075958
70154082
471546112
616360494
731611823
0
761805031
0
420329300
0
24447375
770788716
921941537
135945857
0
0
0
386854168
0
0
0
574684915
0
23605820
0
0
1040363120
648261956
0
0
0
1060294737
0
496770204
771544224
184199580
0
327953482
0
0
961153889
68003142
376559252
476334955
738004510
0
0
856208332
0
570485582
0
332276983
71545283
0
0
1015289991
72210936
0
7392111
103009164
0
0
264622718
679975555
0
298729388
0
0
0
138870152
0
259053949
831291853
534490354
0
157703974
0
630618928
45117925
0
0
0
0
0
1007971424
235317066
221829549
853213545
860255840
0
512222293
0
658650124
0
456664716
0
462020512
0
0
527916800
0
0
0
0
0
0
121416184
0
0
618622804
0
0
144795932
96392608
0
0
650284295
162952287
0
0
226532635
807242212
618709005
0
0
1038385030
483015862
739349522
0
668447087
771561262
660178166
57384539
0
322317105
431915742
430458240
1039579176
402216007
0
0
881570922
678155963
959181271
551318680
0
154624941
0
646422879
658812330
0
0
0
0
794449518
369767310
0
0
0
1022955926
366885973
0
592076037
0
0
172957455
1018888507
738905754
0
520939432
925605248
0
765057424
0
0
0
889942959
673391743
29773010
0
0
133084278
764819915
0
414091190
0
0
420790552
0
1055934378
0
0
698428776
0
0
215447431
0
1071497253
0
0
988292514
0
317596853
0
297138408
457688056
0
0
610171685
0
1040861074
0
0
451522425
158640015
0
29773010
869958586
0
791839849
622370417
0
738782721
0
125399217
0
0
774350060
0
0
150328604
0
450607807
988590386
0
0
0
0
0
565471543
504881412
1064277328
0
119033070
0
0
402804047
1008645625
0
151022571
0
0
1038502232
0
644187675
973229613
0
0
1002939922
0
0
0
0
174694671
0
322333025
0
0
563836359
0
502250462
0
0
327585273
0
0
582647398
0
0
0
384420184
998346505
188845697
846649965
0
802800297
125608310
673691753
0
0
0
479128325
0
486757436
0
848075496
654521216
990716656
0
877154634
0
0
0
314608884
0
86136040
388909689
0
276779236
0
428187037
106362965
327928112
0
447369759
929088661
488074262
0
570416138
775142656
975173454
243722219
390388997
1054444975
154579825
0
310815666
408449179
473143500
0
0
631342689
678169127
574675790
297006963
434406594
0
765807722
437081201
1064491378
309030178
417521930
0
581654393
520892932
0
0
0
0
926270244
0
0
0
0
179218859
0
232642400
904746451
0
335668742
0
0
907290680
0
238697616
787434810
1025835882
0
517358564
0
0
0
703465747
938006511
826960701
0
978750488
0
0
0
117811341
251052212
0
294445434
587275821
33032416
0
0
0
0
0
800925656
0
0
884583707
0
0
0
336632936
0
2318698
344489723
189248346
0
137582828
0
0
0
0
0
30038283
1002867612
478117595
0
0
0
1039509730
0
0
0
0
580536022
0
949354062
0
0
940212916
145794463
0
0
387342278
503757619
288489978
0
331112854
523696136
643361201
0
743981068
0
212487009
0
946378009
698513593
0
1066477191
0
567028109
0
0
0
0
1054883514
338783881
286205614
264066294
504669169
0
586223498
0
559237640
0
0
0
0
50762238
0
0
536800347
227503540
0
895761085
126557427
0
226870326
993670939
1058671843
0
747836314
463799122
240000430
0
0
0
245035811
0
0
0
750800900
0
593519033
0
658019192
0
545385349
483933324
0
0
0
996587822
0
0
24921026
455298145
509914372
0
0
0
661888979
530289809
628351178
0
0
0
0
147367180
0
0
256187183
0
303459973
660724785
0
0
288372455
741162178
450900517
0
74719914
391159327
630899445
1066691650
371048206
1024965753
0
255173980
0
675724256
0
0
0
0
0
0
0
646786886
353949151
482571823
707898323
0
0
0
0
0
0
601168234
0
485858008
635742405
0
623630769
202003666
600865485
529157521
0
0
0
606652593
929798238
1051864935
253920658
714595883
419895596
70985212
0
0
0
947038527
647327749
798399694
0
0
0
0
0
272964613
0
61697334
64194854
745746863
0
37950178
733796904
296994150
975649401
830099498
0
0
1033093725
0
0
0
0
802939141
0
946936554
551948948
252172660
308832371
519080132
117832964
713374150
0
84695545
0
0
149110774
0
476134768
0
0
676589562
0
0
75016751
0
82780090
0
0
0
701048858
652093568
0
0
970460132
277591390
1045407877
0
202873396
0
0
320296242
0
152862508
0
0
523893239
93312894
0
387476043
645967867
1043492990
0
0
896139032
657342782
496875640
0
641789637
622436403
0
0
802593690
1006824611
567376215
287716
817908597
903921443
0
727256955
0
619248683
53045353
311208271
0
705666580
0
68750930
771450586
0
0
944709738
0
602157312
706422721
119569848
548047895
1069225491
843742861
258199699
35120014
0
239539107
162970879
657884118
0
803946911
7420547
0
902240202
0
0
0
611002608
0
0
128570083
0
83770382
397045779
0
680009841
1066448865
508684894
0
0
225788031
0
142765307
0
891636346
47461877
0
3244302
768230541
966879745
532675510
230492822
0
421971839
384290835
0
321215540
0
0
401432492
0
313651147
38239475
0
0
0
0
426851670
425500066
0
0
0
202567378
11603133
0
0
0
0
215022166
0
1062451924
590975007
0
348153586
1009062660
0
1070701089
0
0
0
122078429
171675041
529899368
162561401
0
853650818
61874692
335975796
0
306047693
0
0
161888196
838705354
0
107736545
990592429
754997787
0
884995661
0
271712580
0
657591023
0
206648273
0
0
5207083
0
0
146387170
0
203778062
0
989292670
0
814619213
876118708
0
0
0
0
681386041
608178289
0
559683005
0
0
0
344021836
725323748
0
0
0
760320791
0
1069014397
0
621981754
0
0
0
0
0
329387216
0
0
473758305
0
63891014
957739310
0
0
0
0
952460698
648517370
1058671843
0
527992783
0
64850887
0
0
591008293
416225969
172098797
0
204966315
161509952
698113696
164758333
0
0
212270078
200421293
865261372
66178760
1033759967
115051622
471030205
708275531
501484108
495780079
611573474
0
49738010
825505237
394800837
22782322
925275079
0
0
992611103
534402725
0
613557501
256145108
0
1016651075
0
413275145
17566332
747046428
476123805
0
0
0
448863619
0
401434395
456501780
8972742
917046553
0
0
0
313819115
89281008
0
0
0
565513870
892587072
408941114
897158157
0
934551480
226225343
0
0
385054535
124562459
895374127
0
977141444
0
0
0
0
0
0
303488376
1061003258
26059488
0
553598295
1033023054
576926402
551931718
785824077
992764332
780584466
650412014
0
950818799
264805479
310413591
0
0
713383783
0
1019185737
272691970
282103493
567470359
1020634638
906269580
0
0
0
729462372
0
638219134
0
519239890
37313469
238201424
754754760
618401468
527290396
0
784209338
453377207
0
0
0
0
467872168
383651959
416312131
69875770
552716100
0
983695638
774847791
0
0
644611378
470242953
792269128
459365005
54706386
0
0
634551394
612979252
0
622215659
0
0
789413645
1063621192
0
0
0
525715512
0
317413104
0
0
900922979
396449690
0
74099414
1069469616
0
0
1027698389
262449701
356016432
0
0
189340493
0
1030110346
0
0
0
0
138021997
0
0
970219695
0
0
484246076
535731449
949147532
96392608
0
1040779240
0
0
0
0
0
0
321731923
691731701
761285516
622744498
0
0
0
0
287962086
602175219
592932801
669412302
0
45973377
951481140
546770135
0
738846692
0
0
41155191
212406746
427056807
927251185
788350532
182043994
528228870
351479162
997792648
114787740
0
0
0
670824968
0
342755453
0
0
284744857
0
0
35588387
0
0
267783734
639068324
889603330
0
110197828
0
0
237584428
406511899
564944713
357052502
585869405
738654803
0
495136787
491704037
613539464
849300726
0
0
0
164456571
0
850600838
205151921
0
511217589
704201837
944303700
379970981
854842976
86470762
0
0
781403879
0
987788879
689773751
0
724142416
0
0
0
0
0
0
0
0
715557125
0
0
510366109
534717766
0
1034333619
904307514
284293792
0
0
0
0
0
468716510
158820136
481077779
0
0
0
717335889
0
572421198
33815002
972104744
589178576
0
18873195
927043268
444734267
65284578
0
427467815
0
0
784718035
761338771
968866392
83944720
86277546
0
210032043
0
588672107
0
0
0
0
64831217
223264000
609692155
0
3797661
609692155
796182239
752330816
508588002
0
0
314727566
1014402272
0
856318742
570531092
0
437890760
0
401652337
0
0
0
559447812
0
0
1027210925
224224593
0
1028430217
0
605199532
172864683
201526828
113886820
0
0
0
253653985
0
833157910
223643103
405026554
679173261
259758601
609182536
0
182489867
956026893
0
0
0
0
615690206
260917669
834016106
775469197
873303816
829811943
298381977
976085440
0
158097836
719677776
771052986
0
653262936
0
915334283
508215328
0
886540303
0
335764502
1064371391
0
0
0
379477031
63578361
0
670396891
119120069
0
0
0
553334471
0
0
0
0
0
0
0
307669979
235900127
455684538
0
0
863959592
1044286889
0
0
849478304
269274394
616780426
0
57370355
0
0
391901650
0
381471474
0
100700737
0
664804250
934078813
0
664542588
1029573007
0
0
23033587
0
1013383993
0
0
1022584799
962147542
0
874253183
0
0
12180760
0
0
832603360
871636706
0
82258006
0
192541158
0
0
772034654
0
818929736
0
295371731
981401304
0
0
0
33555743
0
0
0
331943801
0
922398009
958098834
0
129783202
339109982
597266566
673285163
0
0
0
568508395
888109378
129802426
987085162
0
761594917
1008993574
352383501
0
0
360351156
0
48584174
0
618758044
0
0
0
0
0
0
0
0
0
143806468
0
1019795112
146105785
818283789
648785743
0
977087990
886967018
168695609
965453654
0
327585273
572860577
0
164188519
1603513
0
1033607681
767173941
0
0
942576104
468716510
0
430322181
0
0
54693719
179795960
883646382
678485310
302703824
0
0
212534933
0
0
824872779
691824894
334301175
0
536159082
501068639
0
0
647965624
0
954771357
756035902
912790046
0
792033830
0
1024972997
0
0
0
998973448
373557675
939412836
0
0
151087567
0
131756763
0
0
0
158277821
1068280663
59061347
246720030
199764236
731567934
0
310580282
652905321
0
0
476293870
0
803121447
0
0
0
0
661627303
0
0
604381106
122773466
0
0
950859477
404549307
766558334
0
708086980
521414462
0
0
98077016
737116174
0
1045713350
0
910850187
0
0
0
205772378
381845620
0
558704086
0
204809977
0
791472621
724054245
0
229974491
0
0
0
886255334
0
0
0
0
291357577
339507440
0
0
0
0
352731906
744697152
0
896510905
0
145327119
0
541282392
0
0
0
373360769
0
335774639
0
292669763
0
0
0
0
81423877
0
0
0
0
0
217717751
722338763
998973448
531852592
1029446720
592996538
624210249
16071681
0
938007445
346683292
0
199826430
486564754
158680333
667372929
0
554383755
104445172
309112804
0
980299559
964321481
0
67612918
0
0
0
0
981418793
0
0
382199030
348153466
0
370163915
390735977
0
0
0
0
0
0
0
0
0
0
914335483
0
168043770
393148751
403046122
0
1027241001
659576130
957088827
124497025
0
0
0
827081145
0
0
0
0
0
176905666
0
378082186
390314789
658306972
306947983
967410252
903747813
389208331
615096469
860112898
936253589
330605794
833031057
104503611
769276577
501068639
524448358
0
0
689306363
419028962
863509322
0
0
1035524066
0
0
326657484
0
1045363356
991631245
815246785
998367602
613773488
437416382
0
354776036
11118339
0
265530907
0
499441098
452835726
0
251862826
574744255
161159191
0
0
699662518
655871179
615123208
0
475524429
130569963
1015289991
0
0
0
45936247
0
0
0
213414238
0
839623712
0
645967867
106559546
91332340
0
995821213
1025172036
0
829581816
265503752
143161006
753318685
944894204
970189883
0
0
1051952143
0
0
0
0
0
39003878
701200327
206217701
781910884
915737086
0
0
841184808
376902615
501536571
105826441
0
0
646295558
936884539
0
378082186
0
419995189
0
0
0
445189952
347442933
177809634
969689899
843104795
313245812
1043268138
212361431
0
92816502
0
0
856544391
977861247
0
0
0
389328553
977689968
0
772101048
0
0
0
0
0
0
0
0
974859336
182517623
50359871
126076375
1002335504
294716000
965644157
0
1008928190
85714921
459394403
0
0
0
937053031
0
1049162624
0
0
0
0
0
0
140455097
0
0
0
0
500620985
0
78863200
759452837
861973950
29591699
0
0
957137073
0
716760891
0
0
0
0
168458743
1033489867
807244366
97183754
0
310600393
0
556139784
153423395
0
0
0
603254498
513011109
0
53118927
0
0
676193604
0
0
501869106
0
0
344450079
999611199
0
552096719
299222342
195544480
0
0
0
0
608566548
230064813
736960289
0
0
0
0
679324627
218747056
0
950442077
645881523
737909265
0
545726981
383914115
0
342982328
572659038
794527293
0
0
0
218034293
589660899
0
581603255
0
959712553
96431369
110896150
633110750
118497004
381483447
0
0
0
604589936
466814455
21652078
0
0
88863856
826309852
35963130
0
0
0
387161536
323469766
0
286036902
0
0
0
0
159309957
401987359
0
97779447
511580087
374371568
0
0
0
309601558
0
759195812
0
0
568979610
494661253
612071814
0
179494270
162726565
0
747178344
0
0
360477792
0
0
262753308
607802691
0
0
0
1009339619
514719997
0
0
748723207
731606075
0
696979111
0
339734649
699660461
0
0
0
99618204
793846395
1034321460
218155755
0
0
0
941155552
888506634
61269534
0
0
395033529
0
671710757
0
0
0
541717142
418521513
0
0
0
766028522
0
0
646824295
369449450
0
0
91063926
347525973
0
642046585
986284997
400953086
1048906353
35876113
32153212
0
0
0
203836050
0
920892086
0
0
1047312696
0
0
1030728883
0
1035736603
966446449
0
561093339
0
838086258
999998572
695933486
0
912548070
0
0
0
0
770130416
520612170
0
359548256
0
0
0
487580085
857052453
0
0
0
0
322866994
141439711
496480987
81565452
837680179
40355927
946968658
0
0
0
717402555
0
0
839036865
0
240662734
965124808
264660697
808285660
0
1067823244
151463244
1059608827
0
489021735
0
0
0
165476622
0
300673830
265121272
2713043
0
0
576430518
235735901
63097761
660598913
0
160211047
0
0
771069728
0
256806543
571893439
0
0
441316099
107552387
0
0
0
465543840
988586465
0
0
0
1071668564
0
393795662
1049568926
0
0
118781361
0
159504681
0
28688131
0
0
647826380
319711587
331049440
146135004
497002322
0
0
814445456
579274184
167460947
987573874
0
0
599797676
538591654
0
326498184
1690244
0
0
1005240892
64320769
960627917
0
0
407196882
0
0
408560929
0
159749266
520612170
229517474
13919619
0
282182213
449979079
911510075
0
0
0
529499618
282017332
0
0
1062486295
0
219717242
770032569
0
327585273
398743550
0
0
19474233
0
771457630
1021989726
546879978
607287539
756644625
653976434
361075605
0
571093166
0
0
0
306682291
1040158739
1007853935
1008732023
0
244787022
0
562501621
38356045
0
0
0
318826249
0
0
0
0
0
0
531540206
583056608
410665199
0
867883944
881627879
974282844
0
308118987
177886796
0
0
0
0
652016880
0
0
820715880
369410333
527290396
0
0
468716510
0
0
3793129
696472894
136180229
354302241
0
0
148907345
367860015
340192503
1071751247
0
0
0
343970662
0
0
947250210
0
0
0
997548217
0
158149075
826715916
0
894548972
1004561076
0
0
0
0
221135824
39759689
173176801
0
1002199750
0
0
0
62437850
951076690
227991137
229751643
0
170307945
681124739
0
228897744
553439658
149097740
830740
0
1058339762
0
19545172
0
0
0
0
0
285752921
31810376
929516956
206033506
545119548
0
0
0
733627046
0
77455025
454631150
0
605521164
0
747985980
125745609
649929859
0
0
0
548184187
846799090
996230254
0
57216831
989364784
0
625898560
10090146
489293476
0
0
702313522
1025449831
744464173
0
0
261586379
0
0
0
0
0
0
0
0
0
795770202
0
872248914
0
290246057
582209339
0
0
802270437
0
763957268
139461843
0
0
639269796
1061326769
732035975
416366922
1051518327
0
0
0
1034039015
0
76837483
0
12204810
790854266
310920245
0
84219010
842729157
413213250
1024791519
0
331069355
0
177450531
0
164995095
0
48314181
0
137905001
859523200
0
0
0
926076195
899386438
824313722
967018658
743493752
0
776756218
781399719
0
367069008
154018122
0
0
1017870827
0
0
487646571
0
0
437764291
446631146
288777005
0
0
0
859523200
696997679
0
111058435
0
6253711
573364628
0
1013431652
0
0
645149502
963251456
0
0
0
0
0
0
0
0
925896112
0
120726111
846472922
876653465
0
857796919
0
0
158162510
0
0
0
54585998
841430998
0
0
0
0
0
0
0
819855719
79993836
105768504
832889161
875423770
676868739
0
323544203
0
0
998277508
327107926
0
0
479409277
757124922
0
54089123
0
0
735742871
0
0
0
857699869
0
589805727
0
141805221
0
974361186
137595150
924688201
0
980510443
0
973587632
276840192
170466421
0
0
611016861
0
687360783
0
54340541
0
0
0
482527218
720023057
407740804
580062561
858971387
407433147
0
1004450062
427146268
0
0
593174114
0
0
524823865
0
9440575
0
540329494
0
296024029
841706594
0
978508436
0
0
286702143
0
0
0
0
513250632
543568656
894789090
0
0
0
0
694664014
319806716
0
0
0
808284147
0
740184885
1017390131
0
0
0
0
0
740184885
0
0
906744403
624693678
0
837521504
674251829
0
609818698
0
961043699
670472512
0
0
858217701
936830079
637301485
0
110497969
0
0
0
665277867
652957804
0
589284792
0
334035485
516061010
0
0
0
299682626
926694374
0
6613680
781212113
239991860
0
737638125
943659340
0
0
0
0
0
577573276
266184617
327138498
351385949
201643082
561093339
415155681
0
0
354433618
154579825
0
0
0
858454838
0
0
0
0
0
154579825
0
0
940996352
0
0
0
513832892
0
0
374434510
185561990
0
333917123
0
0
380720689
77255028
666080646
1022366257
0
0
0
896977445
0
0
0
63964978
118603789
0
565417414
0
1017159302
522202260
0
0
0
655087200
561772269
0
0
1032024562
0
0
814673276
200812392
839868765
0
384117906
0
81127687
538681877
295042543
145546625
0
0
0
0
112085103
180533738
0
0
0
446985104
902385372
0
38714738
540941110
0
825031461
413823060
681124739
0
291177337
0
0
138223470
0
597457105
0
769846305
248506747
0
0
658012600
663386931
0
75942241
116124042
0
0
632347698
0
703612880
0
494823882
0
0
84979222
0
995589283
858552331
19442718
0
0
0
202658347
0
412910662
429691174
0
320940271
210768067
346842304
0
510654237
55451695
920838218
0
743852768
480922266
288396680
0
645967867
41857334
135789777
0
69365509
0
0
1054341866
629394144
0
988278761
0
0
0
0
0
643671556
0
112190170
0
0
235850741
0
0
0
916989248
415507938
0
0
0
0
174567499
0
0
347937358
338992337
344505622
177099256
49485934
0
0
0
961915893
289504121
0
381634274
0
0
0
0
952897497
0
960577099
697666739
627463700
0
0
183641905
0
927897978
450445753
892043650
327279962
380596222
0
0
110491449
0
431971474
0
447371199
109674409
0
0
580013345
0
0
0
926778336
227637908
0
0
179863306
0
810249063
0
0
0
0
1048650071
991858805
434958070
335447281
919832925
0
0
0
574155883
0
343228099
909465460
0
0
136660676
0
0
404064394
0
963748292
0
0
0
0
0
297050406
0
367681900
939307688
0
115674196
0
818121395
819068114
0
0
448536952
923385915
0
0
0
0
866946450
1048442744
959284497
331204399
675008589
0
0
1070507067
910897711
0
792207071
0
0
0
434958070
0
0
952024798
985755634
0
0
634456068
699935905
0
0
0
992574580
614938670
482511036
141387904
257486214
966744475
30887026
227981411
101824236
1069664634
541488111
33961944
122625717
308451017
359048034
0
348403042
0
0
699342917
28273486
8820920
351985259
979892892
0
0
182467686
739948146
208067214
543741182
0
0
701111430
864551399
861577012
1070750951
507351237
14365321
1027939065
662084194
0
939236972
0
706203740
382725862
0
0
0
0
514291278
0
929007892
0
0
0
705538176
0
127561502
0
0
0
511276244
0
0
205914644
0
613047914
0
911487482
1070688442
461215635
0
0
0
513825524
940996352
0
0
0
872406965
928946531
0
92308466
628160302
0
984052692
0
0
357503664
679730620
0
170041390
503232921
0
0
0
615012317
0
0
913548067
1046180749
0
846049244
0
0
403171044
0
0
0
0
361023623
91018637
485858008
0
0
41877325
386227512
433737266
0
0
287039558
0
122314559
82708797
0
0
0
534667491
643745891
58063661
181693362
555911496
0
152972226
0
71610351
0
185766896
626324178
0
146926342
0
0
0
0
0
0
0
0
911798437
322418843
0
0
61565396
0
0
0
352314655
894789090
393452903
798334531
0
917606782
0
114183636
0
520555275
95637842
107378719
0
85131969
7515426
493385474
226077694
363447493
71390353
177703319
0
0
0
0
0
0
726641826
124627922
0
899054701
796607870
0
84770496
0
0
0
0
981393086
423933087
0
659499827
0
0
578378021
903124882
637006253
1042304507
987435082
0
652528719
0
905640888
0
0
362384598
465245249
1053557704
123000535
226556894
0
0
729145886
0
908275374
608865427
0
0
0
0
967371621
0
738037878
0
0
0
444380155
46731112
0
1036687283
1030987805
102190672
607652693
0
0
807219694
0
233964552
0
0
0
155281604
856233370
0
492816377
352474343
0
0
0
0
0
0
0
0
0
0
0
754755428
0
578117872
680928525
131821739
0
0
0
0
208284767
0
0
0
0
304676553
196483419
0
743753041
0
809028102
703465747
396538142
0
373521926
0
837680179
916989248
311103810
215265503
0
855962549
171391339
0
0
0
902600025
0
668726014
0
0
0
439286774
757383401
763350847
279836242
10208652
0
0
0
0
1014778983
0
639119743
13243533
0
0
0
0
0
95857542
0
0
749512474
0
0
243484193
0
935623158
0
0
0
744464173
0
0
702782725
718600178
932863851
0
1063188651
379539783
201362402
0
0
154725029
175341888
93426802
0
0
0
0
823809690
0
0
0
0
83278678
306890286
252712732
0
992761362
811192105
953420655
0
0
0
238148862
446509065
0
0
373174854
80236106
0
0
0
967181693
101553794
743814259
841391086
926993252
0
0
648058204
258896879
0
0
766588657
804150053
418899758
383633248
0
0
713359796
0
0
755878685
0
994598420
0
347442933
1049333413
0
0
0
0
0
0
0
0
0
210904442
0
0
0
6574806
0
0
0
1031443041
415554807
0
1041782019
553414103
0
809345803
322268766
819022022
1073188197
694643794
0
226077694
157009127
0
0
0
957758646
0
0
0
0
327585273
748768183
0
0
0
0
889442841
764162194
562495881
813149539
0
0
0
0
0
901315351
606960283
0
0
0
358043232
0
1021306408
192865443
943568614
0
770166923
329131547
0
348092513
936406998
0
659805424
925299050
231197691
626957464
552675509
804572523
1002775737
0
1051653272
919902894
0
324178892
308825102
688980187
658695588
439119456
0
53958437
827700857
625774079
0
0
785578263
967371621
0
807219694
0
594066940
835992125
0
0
0
0
634085781
106450324
0
0
667377022
779657954
1073114698
0
0
0
785094079
0
1057510061
0
787163505
0
488474563
33861629
0
557060364
1031826203
0
0
0
403725284
0
0
692810318
0
0
0
0
0
0
0
871404388
0
0
1023472173
956583756
0
9940025
0
0
0
59835209
127845219
944958766
553552590
0
0
527573969
0
1070237698
641765813
324073293
674841259
0
0
0
476289803
290703698
652544814
0
0
354433618
0
436526614
0
624065693
1019742287
0
0
989729264
293903012
0
1007593201
524890406
817924281
0
261484704
841030583
0
746549760
466664662
0
0
308494171
0
0
318715987
629182998
391315266
1059305876
0
0
0
601533988
99913070
1066385909
271465850
0
73437025
582381099
831408415
0
870843411
0
770049173
487361367
0
111164759
0
0
816177486
997017317
0
258971547
34760367
0
0
0
0
618102723
0
168909299
0
287939748
0
290703698
0
1034790032
0
0
0
0
948531729
105995818
881898011
549400450
0
0
224379037
408003762
0
872170890
722150005
0
627355988
40004092
0
743374121
336071725
0
0
0
238361528
447758949
951624786
1065069118
105085577
0
1003949019
118427537
0
505173736
7515426
0
897674116
878247317
0
0
752330816
593174114
861464582
485387345
398388439
0
0
0
691540211
134720739
0
867724586
696298582
0
843414076
0
0
871999140
0
0
673778253
0
351065295
0
0
0
1063767585
629607217
416918259
0
0
944398128
0
0
0
293927737
827273739
135783012
92730788
0
0
430540683
47221406
809095807
0
965982769
0
783035160
0
0
976449142
927185924
0
1002340354
0
384118473
0
232329304
0
361576941
0
0
896547413
548893949
484784959
0
329387216
872436506
0
880094585
912613518
0
84219010
0
136936638
1056895366
142765307
987691945
177308086
0
0
0
0
0
0
0
331943801
0
0
0
0
63217515
0
0
510071637
867830894
690554889
532449700
203749529
230478366
0
412440640
0
531315979
275324299
704783522
0
0
44743524
0
0
0
744144330
531235978
600238882
0
0
456218365
667893326
0
0
0
0
12497057
443254277
504092811
753483727
0
786194982
207634281
681124739
8977950
0
0
0
386842615
0
132662024
0
957583254
0
227810898
0
6227295
1037306798
770528142
387416641
775471559
0
1026673178
264727172
534974392
0
760256510
0
160459125
0
623981606
898304659
0
696383943
0
0
502763028
560513629
0
0
229480849
0
0
325699878
590508744
0
142763599
0
77614142
667892590
296588601
626122009
0
121559142
0
507386056
0
0
204396362
0
0
0
327585273
504561602
345480044
899719193
199078329
0
0
469357121
0
0
0
0
0
90598024
938110521
72747899
1047284248
0
0
0
0
338937302
0
185948821
0
843951051
327307435
0
501297656
340135946
0
0
0
0
0
0
0
0
0
325268097
0
0
0
0
31037020
0
0
0
0
590199937
543628362
52133242
0
732604771
0
0
0
622105040
0
0
750450434
0
947440767
459698876
1014715070
710892966
554748255
262895267
0
0
77553923
0
46855996
0
0
0
0
633207931
612761771
559013710
0
633872692
0
993249311
0
0
0
0
315349870
280966852
0
0
53958437
0
0
112993551
747556592
0
581413382
0
1072115579
0
1043805605
389829766
0
0
1026271514
806686259
0
416246610
474616225
36028576
175378280
0
0
0
0
447262766
0
0
736144913
0
1053169247
0
556553027
338738955
703765509
0
848342737
117554226
836671667
0
0
866258780
0
787370547
0
676850334
914276362
0
816371176
1055869512
0
867496423
695228220
0
696354056
0
0
572503610
381705652
0
1072770333
88540334
0
969291331
0
0
406229869
173253012
0
44561979
0
0
0
693854329
0
0
132488021
0
0
0
0
830432072
0
0
0
655662983
0
662336579
0
464907152
706449471
842250374
0
0
0
672926793
0
1048437551
864756312
0
0
0
0
865953853
976614293
264116594
0
1046878672
0
579567331
1059987929
517198169
444000942
0
469852769
0
344470905
449186017
0
858053376
0
0
504035849
324436781
0
572772576
734090559
0
0
395163381
12764096
1031560457
921523972
826145353
0
299622268
801848851
0
0
210256280
0
23429281
628610846
361138501
0
902240202
0
0
666379215
418859703
0
0
569701505
0
247932579
0
994289316
0
569678548
572186578
343433837
661627303
465986461
457073755
1017300383
732841910
0
214881354
0
0
0
468716510
685894073
744372334
0
410645350
603036885
0
0
0
238376086
980668744
210889262
0
0
466338078
385607459
0
0
0
35470213
83699260
0
919735034
0
0
182243146
0
0
805945995
57850108
845596602
349500421
763609890
0
0
0
0
443350240
790413379
486677917
611686405
367114221
1049811074
0
0
0
0
0
29814159
649134392
700089895
111370676
240563301
69856531
687081147
0
0
919028061
0
92195039
0
901923733
717316877
0
0
0
0
0
0
804362138
0
0
0
508797107
0
0
0
162841413
472971692
0
0
0
0
0
0
693768593
0
1011065361
331204399
0
0
0
0
61543839
0
968412173
845215840
0
0
404402277
0
242845075
834397032
0
80813812
11083818
0
1032847263
978533779
696191777
0
0
18127356
0
65542524
0
1073188197
607116848
26114607
0
558521904
175239892
898298707
0
0
0
196742692
0
614502837
0
0
711482156
0
740560648
959353611
0
0
0
355583010
0
404593672
552902818
1043627751
0
974978749
0
535551980
788232883
294324954
494625301
0
926447535
1025348934
618527544
15708089
856560616
197313124
0
699389280
761880274
113760392
0
34588943
633376812
978573626
480303038
0
1021502490
228831451
0
802713906
0
995746679
0
0
0
646237600
604325089
0
984589841
744762425
1031583132
0
0
909045680
162106874
0
901701131
0
0
1024950799
0
0
0
774350060
0
280966852
522386343
691347871
0
976033603
947799328
563018698
651834349
0
328341177
737405196
1070196562
0
0
0
0
0
495483993
0
0
211501345
0
0
629897260
298217630
0
383769862
0
668872699
775708343
327401492
0
0
0
508888821
0
711603670
0
367626595
562975019
0
0
74765944
850976078
1033468727
0
0
0
439892162
0
0
0
0
398892362
0
0
633824423
0
581607471
0
0
754900173
223890282
0
389211171
42537658
1030215273
0
0
681721230
0
228897744
383599316
0
56103476
579352639
0
0
0
0
0
0
0
445263660
200705259
0
751876890
189894098
583845596
0
0
517137600
0
250280686
443525654
0
286148430
54727654
0
830312473
0
881333515
0
446057100
0
0
1067664566
39787164
1060775221
0
773078036
998714194
647026172
157570148
0
189629219
0
0
0
640642865
988635275
0
0
0
537429362
703519569
0
206441868
209852267
372172528
0
765874363
0
964726442
0
572744951
0
0
0
405292409
270186168
0
0
1016063840
70756640
0
635399748
1069085419
0
0
459337136
0
785113796
0
583476148
182737501
0
221586328
441747756
0
0
47932086
0
203038238
0
53433400
0
987662083
199494463
0
0
0
0
0
879397506
0
0
20099998
0
0
0
0
0
0
253304526
0
664588208
616155105
153980980
0
30231401
381423793
378850427
722439737
670824872
0
0
0
0
963485689
0
803244145
437675744
0
156551515
134113822
174229151
0
287680487
0
349954951
0
0
795889110
0
0
0
0
0
50236129
0
0
0
0
0
0
0
0
443341812
0
0
0
464248909
0
0
279298445
905870750
0
0
0
0
0
0
0
425960213
0
1069664634
0
0
0
0
454144737
724240831
205880125
160525696
0
0
0
0
0
0
0
869837554
965278837
434813669
0
0
804647981
0
0
479575250
699102177
0
32895756
450517411
1039351838
0
353451222
0
0
0
0
558046382
723553570
996497145
0
0
310585475
988495511
0
455373152
575863551
0
0
0
546770135
687989355
0
0
0
0
326922351
734929350
637991557
0
78172547
715739581
0
1047806900
994289316
0
280011877
1068975917
0
0
0
0
0
0
0
217798844
1066634607
980848500
2318698
0
514291278
889618663
0
775923165
8575396
0
0
0
215447431
0
1024519088
59654172
940068851
0
0
930427516
0
995746679
743674069
0
733169684
745317093
0
0
0
438517115
465887630
19591956
888016214
0
0
0
394488172
848896323
0
400346929
0
148550164
739630254
82704600
344645998
0
0
371850771
0
52316338
321073365
15128963
692036291
750661425
664312601
0
0
0
61543839
794286450
0
1021201116
557073769
0
0
662980862
0
745090862
251074626
0
434169703
0
0
1030872873
1043361577
0
828066234
0
0
281467362
914659054
720703050
327830351
0
0
0
228670845
0
741162178
0
0
0
659992329
0
497580833
112007209
203042745
354674860
0
0
429842496
314780450
0
0
0
0
1032492794
681124739
0
1046256530
922867838
993476449
1035063962
562762769
0
0
821228726
329387216
258778267
0
0
0
101635184
978144831
529243287
0
0
0
0
929989192
0
309508837
0
0
885688219
0
341069121
0
176407128
0
0
672040836
0
369115587
0
0
907031451
0
168047873
834378756
442827132
181185239
0
0
172511982
709633970
1065213405
404465575
1027843980
0
0
480785127
125595218
0
241376957
112949771
438540158
705462538
738406743
591235289
578947888
750077834
1009018128
624357228
355096822
431241422
0
0
0
712121670
0
183431090
828066234
0
354342014
343746920
0
381850782
424816564
0
712679720
357171202
0
439738157
402016383
0
0
227342590
45037327
298668642
0
982374738
0
443611008
0
83539167
302904678
980817264
49193782
0
291545749
220951536
193107446
0
710731200
0
422624386
551386176
857469944
0
0
450932791
424816564
626748887
699721561
0
745658273
367005698
0
534314222
0
0
0
0
343884705
659986552
633818683
0
720518785
0
0
814968340
843570545
0
0
0
0
402112484
650610573
667605578
620207115
879791127
616318510
111863651
653156585
0
0
254692215
0
397685461
626410385
591464272
260912838
0
243257579
585795584
0
711125215
0
604940853
0
0
163970476
327242848
639268539
0
210968278
0
821640055
0
0
965138143
944488452
521509341
0
0
593955731
0
0
338303453
0
0
906354583
484928548
0
683153189
472018223
0
812692285
1056081368
0
641993804
0
1054342666
0
257349994
1020755319
934307983
729058063
0
295412620
0
413927705
0
0
842546171
0
0
0
153562145
10934990
679933565
0
466708505
0
0
176087138
0
668090050
0
0
365187974
803970190
0
1032477830
0
567636711
0
0
0
186352495
1035654917
346219387
0
0
100262086
0
634120999
286927690
375931474
197033714
0
735251826
718162340
0
553936358
296068642
539154972
0
785574748
489459759
937748291
1016576835
0
0
0
961483769
888506634
0
540760728
0
219707826
0
0
508979097
0
696225835
0
512565398
0
919000489
0
826031085
810576363
53852417
1055213912
409399853
903747813
870469945
327585273
478228663
0
71144780
0
439221462
145007964
104370186
0
0
0
86214796
287075130
1015165348
0
621009971
52259943
0
0
0
967339044
455411264
980640440
0
0
0
0
1004882322
162451490
473106378
0
162942659
0
779519477
0
472832639
0
199110083
994623603
670407630
0
0
538161354
0
0
106951029
0
912488413
474274531
0
624296111
0
847899546
999653043
671637986
898807540
0
671369175
436204
301832375
944434231
0
0
0
0
335566000
0
0
917922550
0
1031082325
0
0
0
0
0
670824872
0
845215840
429070673
695440624
0
0
0
0
0
638116365
899609810
982604149
931415104
0
212391068
1031788822
0
422575567
0
0
462787586
329096091
0
730325082
168993823
0
0
0
0
438778623
1070208502
0
918968358
0
1003771669
0
0
438626906
494095875
0
0
568786
782754453
892096038
0
197313124
643762993
286078195
455373152
174204449
0
0
0
0
804198605
0
0
465676049
0
0
313290184
0
0
397685461
0
0
224844230
0
0
0
0
0
883505972
482470379
536204229
1057752849
0
0
0
282558876
607964850
514021090
0
0
0
0
0
0
0
578014647
0
0
0
0
0
768532490
1016102243
0
350566841
0
0
152970263
0
670824872
0
117906712
347442933
0
0
0
392689457
0
277254667
0
0
335274905
1005614901
0
593043657
171921134
0
747203624
373398162
939596640
0
942193152
0
1046415804
0
0
924378381
811745896
468745570
0
648528506
0
502792955
384926610
343286067
877315807
154579825
383717637
0
380692150
0
66780646
648253306
0
0
0
30027429
0
514086395
793437058
0
262866379
607328098
0
860641887
0
925206737
0
972869912
786632058
1031059306
14155197
0
0
838937708
0
888322596
148936846
0
0
462224040
864314958
0
0
0
0
348755003
858980712
0
978244695
178879177
906563904
874126158
0
839086942
0
0
355855978
1035967834
0
0
101884605
0
453409091
834148144
294510358
0
0
471091724
748430355
935493140
372214036
745921343
123005736
0
837238220
0
622303259
8737128
844221349
546795460
193706353
0
888258447
873671298
991188270
0
302217221
1065522382
0
0
0
0
372642456
0
0
0
844481941
0
363195381
961307978
619340937
0
0
0
315798094
338922323
0
383980319
0
0
310562267
505571360
768082332
0
242794204
148500213
0
0
0
0
0
0
0
0
804273494
1062680901
210731604
0
912074899
0
83345075
0
0
848145409
526713973
0
0
624820049
355218778
0
0
0
861942971
0
0
65375657
0
425671325
0
738346779
0
0
0
0
229370998
77553923
229957621
0
747588613
357704120
0
0
0
0
717402290
949448055
0
403962961
0
0
1053874195
234732339
655832943
0
0
0
744890802
369363224
475289097
0
0
0
0
0
0
496761747
476383270
0
0
0
0
0
435289016
0
717921436
755878685
0
312201315
0
0
0
435596584
124523425
849192561
209296417
0
0
0
1042762396
320588532
901542979
0
0
393339355
0
0
608972101
920161727
911141729
0
73056425
865363267
250330456
0
179433899
0
0
0
0
0
531931650
716036835
0
334484706
483623030
825079684
842374974
0
0
0
385868009
0
901916718
0
0
0
691349206
0
682606027
0
151551396
269679606
0
0
518668583
0
175285156
104360295
966818172
551105587
647478701
0
222821112
0
591533189
589445558
464001866
1066828265
0
980319371
229390486
812034965
0
0
0
626357302
504751041
697119720
0
0
921075761
0
0
0
0
402513824
623356115
0
620917219
118535885
0
90910801
0
0
909363470
0
0
0
778199787
120236641
92097255
0
0
572070962
0
684292472
822054308
0
243114764
896817955
375982586
508892509
0
492362180
119490014
0
713422308
0
0
920830524
0
0
0
0
0
0
0
0
0
0
808542897
877543617
0
0
663351215
538068300
0
965278837
0
0
53546259
923295935
944833786
0
828329745
783203865
0
314078867
0
666746310
0
0
0
366568846
0
585167781
223890282
0
278142331
0
0
0
179024741
803990419
324527244
568236670
744151842
0
0
0
849954605
926595842
228619713
0
0
197433190
697997309
0
0
545878768
0
533757203
0
635944994
367626595
875224696
0
0
431195747
155212061
0
0
0
496084466
178381074
245769403
1063028878
0
782466433
0
296311014
272745950
0
526433319
520854118
124523425
310085049
441590968
0
0
0
385086007
469875324
838326664
424227974
0
0
168017598
0
503273082
0
0
766502510
0
352376869
0
228401705
0
0
0
0
459744562
0
252561
0
0
0
0
295230844
648956211
115748069
0
46003207
0
0
0
0
731748612
989246104
286253603
0
541716083
255947077
0
0
798247507
0
437606024
0
455373152
0
697532000
336771898
816555661
914446668
383518833
0
740143129
12362616
417160087
0
343362838
47582474
868657636
882527817
541340469
1005147563
0
0
1053662496
0
1035899629
0
0
72894116
712184507
0
0
766798357
0
0
0
814722224
913481288
0
1005147563
415495404
0
427373482
461113383
0
0
0
0
719636126
33828498
341498646
1002727812
634703481
385946896
732089344
698049562
85587973
0
711543650
416441899
157343929
0
874126158
0
394752389
0
965406437
785399785
0
0
774350060
0
844904949
791464906
423456628
432661190
487701651
0
0
533736252
0
0
0
0
0
823372279
582541715
0
0
578998255
0
0
1921684
0
572026449
52338624
0
584042747
0
145037685
324448583
0
648731435
415554807
394558572
0
0
299120599
0
321933029
0
994229520
0
0
716163510
0
416441899
860073509
602347925
0
0
0
0
358042743
0
0
506106311
905312174
55100173
297030254
936748782
503391300
1020524262
0
241783978
781243594
95987827
0
501450086
53799099
268953660
0
0
0
0
0
438640538
0
78980452
0
0
0
1031335291
846445601
0
912779159
0
12137326
0
0
0
591384476
530912463
0
497309495
0
84835849
567244822
135841022
275608921
0
697778022
0
811286676
147444182
602107131
0
0
978007089
0
0
0
0
0
953696808
0
0
38239475
81276489
1055261392
1010478210
0
0
0
0
455729680
281351857
0
0
308873124
0
0
773139526
619224644
0
0
0
0
272528081
573620189
0
1035224451
347411202
0
622416780
864551399
213425114
93584887
706397356
0
0
980989486
0
0
512242257
108580600
0
25259574
0
0
0
0
0
562891979
0
0
211480528
605658359
0
137479218
0
0
0
392015036
0
613546955
0
2318698
0
0
415554807
568294321
0
66671790
328616013
330966943
182951477
847789688
0
367328678
42990199
743847824
409650041
955016289
310374459
0
145007964
0
0
0
647344044
0
0
851333706
771925468
0
0
0
0
0
264719418
305326099
1022598616
732674947
0
0
1003886237
550971823
0
527933698
589986148
875907596
0
0
429709067
1048377692
0
374357084
624247507
248470022
0
247115278
282375846
0
517362799
0
543484505
0
0
0
173360139
0
0
262339929
141962353
0
526990629
0
0
0
244255945
436448629
0
0
172960799
0
0
0
629107248
271234916
202994399
0
963134135
0
486443531
23398304
651680687
0
768986748
799152439
0
0
0
1007305372
753841217
356115344
0
285059780
307073693
0
236219266
270919283
0
819613566
977854708
0
0
599468839
547271026
0
457400930
0
729976856
638145819
347442933
91056741
0
218943761
558711036
0
347691039
39282967
0
0
0
0
0
958407612
0
306879446
509050075
375358273
0
914689032
557989863
586891351
0
467704762
541913223
0
0
835464310
0
0
655087200
0
672234452
0
0
0
0
0
0
643912474
520948948
378061319
334457636
236496108
166613477
0
170331576
0
0
0
132901216
0
638017750
918110005
303647574
0
0
0
0
0
27612301
828144633
0
0
0
981452128
246397806
727585588
1056408695
0
594125383
0
0
431178932
613622674
0
882011610
784184280
310744294
0
661100608
86724062
262130246
21425873
320341634
0
424256657
633809862
0
0
0
0
0
73689688
0
903619241
0
222730873
0
390691111
0
765977901
474809870
926563882
0
0
0
886319131
0
0
0
615751411
313457284
0
527330833
0
843553975
855287354
773580964
588031270
55583844
668988794
555657659
577398220
123790654
0
0
0
0
10297601
0
941791837
181644854
0
1046609361
119339845
427125185
0
0
0
0
993109700
278498690
0
425623308
141649787
0
542859165
0
632360814
0
606885717
0
560256130
0
160673349
710982100
53118927
903588575
916989248
0
660142229
0
573241512
662450164
711091644
0
0
582356108
727961358
412557529
0
0
0
437699632
84695545
0
777227198
281909952
595027319
940857347
0
0
677649758
0
0
422152182
508230562
0
0
1051927971
0
508230562
0
96594177
0
0
1061873345
183199219
392862730
104362586
22946625
145747959
0
0
662160780
918664598
0
438451115
296876149
38229632
234161713
412425490
712518957
587203408
624832285
0
0
1010281156
0
0
0
0
0
721327413
0
1032810491
0
0
0
243685605
246865664
0
183289150
0
222479077
0
974751108
360165371
531457943
107019738
0
0
0
228465659
0
370222107
967112722
0
826861474
633284539
400564184
113349155
0
379243792
801646839
528771299
0
598322163
0
0
553200761
0
0
0
1043277009
119978453
98719282
28042658
859939143
0
235226188
89672435
0
92060694
913295786
0
0
0
0
493299347
0
0
0
440484485
0
735746696
812164996
0
0
723155942
402704922
835238362
0
0
0
687057136
0
729698854
0
587554612
348691566
0
0
709284990
0
0
324767903
800463132
0
0
0
186773267
897687789
983971542
78890913
0
654552676
0
38239475
326100757
297368371
622262233
0
0
255006133
209597774
0
0
452074620
0
0
626956874
421527126
0
390314789
0
0
0
0
0
0
285217973
589225540
855206901
0
0
777173853
0
616508940
913548067
809731033
0
0
152909598
0
0
220933381
406840142
0
0
702707405
0
0
666719202
0
0
0
294355856
644309498
1066688283
138586035
0
67846287
0
776357101
0
31860487
0
0
702677435
932630010
0
0
219874785
156138793
473678528
654986045
0
697035792
0
681124739
457434784
432470736
0
0
1046363170
0
0
0
0
0
1005666138
0
0
629591635
0
46828035
801863310
0
0
283343353
180657936
268047850
655087200
0
0
0
265837897
0
80547303
0
678853106
0
0
1055839554
0
0
913102280
629459402
204003962
6988400
0
552837835
0
372382934
90005240
1020031303
0
223341660
0
945703054
0
418933914
0
814161918
993036959
978450285
318943594
677795153
0
0
0
0
0
0
226453280
0
924450762
542465219
891649231
660449887
0
589720928
377490309
0
0
0
90097852
0
206502646
0
766601658
543575304
405855589
86091187
0
0
0
0
1011981966
0
610657792
569026385
0
454802706
274015073
256811819
0
0
0
1020592947
0
392919480
0
346931180
579067783
0
856100261
0
920016807
0
0
262818189
313087588
0
738901072
0
882489605
0
0
894111505
0
0
0
0
0
0
0
281351857
0
0
0
0
228708033
0
793699192
0
0
382972653
0
0
84037750
595860573
0
0
0
498114926
0
0
0
0
425923451
307432526
399552951
437699210
932498756
0
975681593
115737268
1065287803
0
205218718
56948860
226167734
0
597581792
786570647
0
407891645
0
0
0
0
700261958
0
0
788555202
379907387
0
491542715
0
0
0
0
0
0
39274206
0
0
116590968
0
0
0
513237095
103036620
0
565869697
641079719
516544753
0
0
0
0
0
204011715
0
0
0
0
282022066
223359816
545138534
385974800
0
994289316
422780388
0
141359575
884720976
788449013
0
0
195586939
0
798352519
0
525790171
229970784
0
226336814
687311608
429283616
820665361
769663074
0
0
581654380
642930831
0
294899312
0
417521930
0
317907634
0
0
0
0
1048668583
305088340
0
0
0
829996490
0
804532539
0
574917462
837711113
0
394914581
551776948
0
478888467
0
282604636
40163228
0
571504300
0
63007360
892176142
986466282
0
583632505
267141934
649959897
318198767
358543891
407947583
544240008
113673494
889879216
558453360
0
0
90073619
536153289
436652041
50803587
0
408736193
287486427
0
0
0
0
0
0
0
546330588
645276922
296147674
382856965
813407432
694035856
702987549
864398295
0
0
5255835
269527051
12363511
0
0
25729147
0
0
0
295669052
579103703
725315655
375626334
189894098
0
0
0
516888034
987431566
1026661567
0
0
941949161
598376351
93969268
544356351
1006072164
670824872
0
0
0
513143115
0
0
0
633895434
0
0
0
991631245
0
723732738
1067159013
642322206
698045576
0
0
592755143
0
991631245
1023933386
0
0
0
420767055
234124353
1072329669
371042917
0
307743380
0
0
0
917333980
0
0
0
566970999
0
0
770608671
0
0
0
0
0
281636987
737378622
0
0
0
0
0
0
221675884
798535101
665744566
0
107722561
0
0
0
810306711
9985271
431855499
0
0
0
586891570
0
0
0
225524141
0
0
0
244568359
0
764925470
85515847
0
0
980778264
0
475440986
0
880315925
349872885
0
0
939950654
0
429477231
487817254
529896623
156784093
589913675
0
0
442695939
0
0
198847054
0
816303787
0
0
0
95786071
0
338169470
0
0
0
404593672
156043239
659496404
0
0
0
804018030
1049755105
971860867
1070430583
433735174
0
0
0
0
996377095
0
0
0
0
0
0
0
0
0
106545484
0
0
323002659
156159059
587554612
0
0
0
848377488
986384432
557492677
100968817
0
1065585935
0
0
0
389676537
126805914
0
0
170957929
846988711
0
578646787
239979578
788525385
0
0
447984802
0
0
1073444158
160485320
923295935
0
0
0
0
689215947
567069973
1029659876
0
27172164
267994534
0
0
0
923800849
21830499
320744077
701030002
0
0
317414470
327585273
0
0
396827561
394314880
0
277430381
62572953
389202044
0
1024315462
0
61543839
554287158
698903119
309022183
1036839804
0
944226507
0
418820399
103154360
435951048
121595324
0
0
0
26417268
433232743
82141401
0
135578564
0
0
227373130
0
0
0
109313789
485058403
0
0
0
226077694
0
8429403
0
904722832
38580397
155345293
0
0
0
410699278
475657141
0
0
104512849
365050908
0
0
921314339
335749363
0
1005556814
0
888848582
655920635
0
161116061
0
0
824030395
0
0
420651928
983977210
740327721
746992205
727747292
857312427
0
0
0
141797507
0
885265946
802771522
0
1025596463
0
0
947126436
0
431806995
0
0
226155244
830577999
812329362
671555493
204805825
0
0
573706802
63701051
0
957615920
951274733
0
0
996997402
1122038
400512191
850950394
0
1066980554
811873499
0
0
134282240
646820844
31467265
278173326
377346504
118546884
0
0
14336322
0
0
476136890
106950793
0
679589980
472667052
0
0
0
124237082
919482850
0
1052868240
0
0
513630213
0
997585993
0
325514885
0
0
687452398
549470189
747724930
858046320
527669275
939612708
198773350
6704318
663356531
0
0
91837602
0
0
122148126
0
0
0
1000545638
0
550253534
0
873424666
996728270
0
46081117
1066549494
0
0
68803898
906030383
0
0
961656397
0
642419238
918968358
701030002
445254815
945680411
1069124456
0
212720472
0
0
64289047
0
314349169
0
645967867
850376399
711074573
63273181
0
0
718600178
629546176
1055800298
0
717304421
0
510011007
0
0
0
0
808124119
568647559
0
1040470013
665679680
0
209458613
0
0
183289150
0
847771273
0
649630775
864605567
453498174
0
203457127
0
0
0
0
0
385868009
883535411
0
874363682
0
861268858
24906538
0
643456804
779685842
242794204
44587650
980302647
872590256
875907596
0
179222560
0
0
27293615
853345233
609252154
596577310
240246047
0
100203015
277761036
0
0
0
0
716425938
52440187
0
0
7896866
0
213465512
0
0
837680179
973606325
551559396
565290593
967927306
126342386
0
0
0
0
938613521
0
434468911
797482792
0
31124685
1036355952
0
472658644
581346933
434551783
0
0
728000642
989009270
90318808
624586057
0
990127133
0
370023552
0
0
0
785420488
0
0
408205503
0
510517672
0
0
142324169
0
0
485210250
0
0
359347213
228925899
0
40570196
0
0
558222503
812677926
965877969
0
0
982701847
511055607
0
0
0
0
0
508460601
0
0
474713928
496786012
0
567586969
0
0
756709898
0
0
965611884
0
342352279
0
709176949
251074626
0
808450401
0
274329632
402874396
705887636
191942060
94357810
0
696958111
0
822711225
521148609
637865377
65730958
395554236
0
418237855
0
470478328
401750311
285416278
1043223273
285416278
0
1006186538
1067909223
0
0
0
0
805923477
0
0
391440821
552856747
702677435
268210850
0
740866882
1020522815
430551912
681124739
0
0
645967867
0
126665080
462585911
0
0
985021281
77641879
0
897674116
0
885422367
200502647
177553994
0
0
0
238319661
0
696627442
294800307
0
0
0
985584342
874126158
817250213
20756319
0
1018685507
0
463181245
0
602423549
0
368434566
530367487
0
0
287280784
86024442
9482553
66113807
261088827
884898537
0
122788634
384036539
794407909
0
862300828
72319095
0
0
0
957036259
1046902723
0
269192726
0
0
349626888
738349195
0
700703740
0
1003332226
0
0
1067523806
707282326
0
515993285
282539299
0
0
0
280465608
0
0
132636447
0
254964460
0
113818360
0
342541775
985299178
908702216
0
1035256478
253266797
535917756
1006031350
0
176815327
0
347962474
0
0
0
900759217
883296648
823090977
0
24500537
0
579747925
0
0
0
0
623639833
0
712121670
0
0
160618692
423082998
487646571
68023168
0
0
985853148
426323897
927375904
680247855
0
5972464
115371842
113455445
0
0
876339640
0
0
531470733
0
0
0
0
727176793
0
789434857
1061841966
154320676
598179287
170414152
0
583952550
0
0
0
0
0
460440188
0
692273257
182138939
621571943
167089390
0
0
0
0
455604304
0
0
0
1052308556
0
0
425467271
0
0
1105786
587590813
246438170
813363980
0
0
0
160653874
0
538305180
0
939058352
0
0
194997190
0
0
300310283
0
1064497473
0
908255522
0
947307154
81868701
0
596577310
66558324
0
454571448
410230350
0
10551778
0
0
520570239
323661158
962541832
379213030
0
629107248
1068541713
842052080
0
199940519
241281811
0
91651991
0
306325923
0
1004739921
0
929442861
70908785
340479139
943956528
103816694
0
234185078
399526240
579325924
444115734
0
0
0
0
337473802
0
281484798
0
857047834
774297769
742418903
311351534
694094908
1030723243
438049845
900329744
322347595
788191043
0
296800953
0
0
0
0
0
668166685
239984754
1011163451
22666230
0
0
0
0
561408036
0
967525242
0
0
1028273729
333236920
215447431
924277738
221527780
384859538
0
1060230646
0
394314880
0
611822445
0
0
1039361824
0
211360321
516538002
454845495
0
0
904129332
0
366512754
0
217344852
0
0
548587768
0
799588459
0
0
158216538
0
1003206146
0
78037489
0
0
0
0
1029749753
574937234
27479775
1033480256
0
820516256
171104874
0
329666031
882387568
306251595
0
687365709
0
0
0
0
965406437
344035916
81309097
0
0
407246834
219753213
258609466
0
664251699
530673593
422448759
44954824
0
107981843
0
0
0
0
0
773976152
0
102867773
0
614071783
721227447
0
0
0
681716724
0
0
840295982
0
724566118
6339930
547370604
968336221
1025915667
823667075
0
0
200346635
559569341
835238362
946944557
785420488
766037463
0
886957141
0
0
836181057
309628306
0
494433782
1004086918
591503307
0
18987054
305181142
961967569
0
475349446
0
0
964944527
0
0
0
233352616
183289150
679214428
0
0
0
0
0
463640357
473143129
0
0
0
480707538
0
0
875256445
0
577461974
15765047
0
0
0
765474542
650022648
745327906
73313349
451895016
0
1040683242
0
20420597
169587306
82259044
406013151
1013360339
0
0
952721506
0
1058052849
285465833
0
610025793
0
0
0
685886683
325100599
337676121
0
644172861
0
0
112686881
0
761309471
760748288
738900071
660810632
0
83689865
325100599
0
0
623239658
370145931
0
0
286838136
115628967
0
853171116
0
0
0
0
0
0
765930843
256306120
0
0
702458316
83571489
0
228367958
0
772827089
593209427
0
559116230
0
0
861562197
0
203925333
0
577590627
710264464
564614734
0
751461970
497571954
0
240524465
0
0
712234440
0
507517827
0
249972781
632902340
14762173
0
365897553
975888757
102549051
979035551
576657218
0
0
0
0
646618967
0
0
562080020
176815327
1021313531
0
914588589
0
786253435
393377694
0
151612953
0
0
1008839443
1000155656
675556996
0
990147377
0
0
416925395
379965185
283547280
0
546626207
761817732
243524449
72974448
0
0
0
22707930
1051282796
0
0
0
0
0
904638430
0
989563768
370303110
401049246
327585273
409143950
0
0
0
0
0
0
744742942
845215840
0
0
0
0
0
793278980
85349767
474307206
0
0
0
764561377
952097791
235021075
0
961728761
0
296497051
228485572
0
1043012670
0
0
0
0
0
0
0
0
0
873804820
509788858
0
287280784
53958437
541948807
879350877
478434378
661701678
0
298978175
0
453812079
0
0
391261429
0
896946017
0
0
150939108
0
0
0
0
0
0
0
0
0
0
986499202
0
0
610431744
155763631
961208325
0
0
115503795
0
0
777982993
995974018
0
0
0
18204366
0
193592598
0
735905976
821555119
0
484018539
0
0
0
0
555174433
551514895
0
469091972
548513678
0
806686259
192270957
0
0
1052551067
0
0
0
261796455
0
293718253
280458817
737439750
959109039
363439932
517800574
0
0
0
0
0
443073342
673940222
1687842
0
611795001
75374736
0
492882904
778836419
125615066
0
499515847
486592076
0
0
0
0
1026805017
0
776367858
0
879616772
119944809
0
0
1041074043
0
0
0
439059257
0
0
0
0
0
0
0
425428874
243613925
0
0
112812873
416067523
0
838509446
0
1035121232
345465922
0
0
801182850
0
612578639
142913270
0
470380255
719337373
0
0
409760126
0
0
0
0
1043223273
970030904
0
158139434
18563466
667436600
0
731658507
741510111
0
0
154519466
501746165
915114489
1025276296
523827430
396948324
0
0
0
0
13300968
0
904873186
331256663
895996302
0
247676182
477702044
193366753
612551772
312138608
679697627
483307563
926209902
0
539669242
908683490
0
0
0
735528795
727931121
942121320
679892242
69197601
0
342352279
0
0
0
0
0
0
813153650
880329249
0
1070048691
254714898
0
498340061
0
341092765
0
0
916813879
1056843305
0
0
661811206
260739801
782602327
0
388015581
0
691684737
0
590876913
120301377
842601875
635519823
0
0
0
944248180
0
695504393
89219950
0
405026554
681341875
741307733
529978708
0
1048215959
0
112325889
14473887
0
667827034
839891433
0
0
0
0
0
0
345631476
902111359
186402765
88606177
0
744464173
507788442
0
0
502457769
0
0
0
0
149976391
607328098
375551157
552122485
836599365
226059714
668109749
784715386
3319275
0
965495930
51823913
557456656
0
0
0
0
0
939738027
0
369924342
0
834185970
257057716
0
0
40004092
165885732
763041044
517124130
0
0
525423097
0
0
0
0
0
132490187
0
214599608
512900260
776864016
0
131116092
0
0
0
201251642
589086839
0
244862830
680078441
0
186619729
0
849671623
0
0
0
0
61543839
316051326
0
750410204
0
943310047
1059521858
0
747605787
468716510
0
620016131
0
0
145802302
0
662284059
124034668
0
203106220
0
0
0
5679754
0
0
11093002
0
1036004622
145938546
0
255550405
702186928
0
0
183829013
282879597
282685301
0
0
229255571
901727477
0
902467443
0
0
360903738
0
933215469
0
0
0
0
0
0
0
309083649
0
308884926
0
721825554
541073716
0
0
277761274
0
0
681124739
458170288
0
0
182580087
310020335
745373057
0
0
0
360115854
773193001
42793156
0
841622002
0
423327596
0
0
30683729
0
0
0
0
0
0
226010194
40004092
0
0
0
486393769
239423582
984446205
771528915
709378248
295657427
329387216
678324539
0
0
0
625214506
931393428
78665149
38239475
0
0
0
668789915
0
856962612
581850069
899825683
351529109
538199355
804849660
0
925051256
0
0
0
496770204
104096446
0
0
298021615
95447680
0
106418254
493193731
714261100
0
0
32693700
0
555893806
883611622
0
0
177532622
318367324
0
728979343
0
0
867606814
1015141917
310580282
591599565
0
0
0
823405360
94241173
0
450966520
933783189
0
0
0
385568193
1064740027
0
1037370411
0
0
957649054
0
643801366
0
773904953
835992125
515913577
0
0
589272522
933834389
424816564
0
886689585
335092892
0
616247952
409078771
0
368619220
311264202
0
207154100
0
0
0
230106969
830740
726105049
0
591625771
992539180
402503536
0
399513896
579183049
26383776
0
0
688134829
0
603971027
176754512
722120734
910942012
19112294
267258886
317576924
572544347
0
333722599
0
0
0
563811800
1002289597
0
43465585
427654354
0
0
0
0
304871891
241447901
0
1043962649
0
935672657
79840309
1053033145
23347216
0
0
0
0
0
0
290079081
548179618
0
0
655513167
0
0
809862055
0
206062215
0
0
518432234
0
190412746
0
559616587
0
797858574
0
0
115238393
196587428
0
0
356353976
0
0
954570515
0
0
461869833
0
0
735539653
719327642
789250104
0
329387216
795985960
36752397
155171200
815545138
800326285
0
126188940
0
424202886
791565203
0
799182041
0
0
0
0
0
69313041
27379495
0
0
0
984018958
0
0
32674806
0
890664384
991486604
0
0
54852241
428360216
0
0
484419936
0
0
0
579325924
0
3302947
0
0
0
718306317
706874795
0
0
0
316243847
0
500788744
0
0
235239334
0
480429685
676596856
501891802
0
466892190
778222094
362651488
0
0
754342516
78304288
0
796205105
0
0
855916616
399746239
877150481
862819650
882721755
0
164915727
6044341
0
0
486755743
0
1008136690
0
0
854731992
1001749355
0
0
0
756864867
947608690
288493701
161776956
731801632
0
0
0
0
0
811378016
224842123
577361233
521079891
755260040
0
0
0
623703508
0
453399619
788147879
0
740265436
0
0
606023092
0
618685633
629937283
0
0
688293527
661627303
0
0
450289373
0
1034862521
275922193
403548429
1055890581
229559855
969287117
478882138
0
0
577235952
0
0
0
0
0
0
997589709
0
0
0
0
0
0
576415501
791231322
265906485
564298121
293324734
142765307
0
262644709
0
413520009
0
1022212534
320764931
0
0
0
799409792
157139446
342837980
0
0
0
988885267
358762096
0
0
0
0
0
0
0
0
770036740
616483077
0
261944227
465170168
353451222
0
712756469
115531801
693011545
250232419
54661556
0
941511826
0
0
669451673
0
118170964
698708718
920210120
0
0
114021771
0
0
0
0
265381809
1019158796
0
424069605
0
162273044
710111260
807138107
751479771
0
0
171204200
0
1062497595
0
557724673
0
0
0
0
0
107800878
161592425
0
278967919
0
427056807
471498193
0
788147879
0
629048848
0
149606430
0
0
0
0
466326892
998031846
764740328
0
0
0
0
0
0
0
0
564786474
427333470
578658201
955193971
349436917
742668466
0
0
0
0
0
0
0
0
0
578767505
633036779
322735358
694881010
0
114538943
0
0
747609288
634933723
752605413
0
0
680961818
0
0
0
400105980
182659697
552718493
0
311400632
0
0
0
847060920
0
994541213
507891470
0
0
0
465845442
0
0
347442933
0
0
451194379
370977534
0
0
421155133
0
0
0
0
63214719
404876314
0
517884014
0
327459136
0
177525671
0
0
458169431
574648347
0
983578270
110413934
0
925621016
6932
0
1028834140
0
886522650
843102356
947428119
0
81127687
0
0
0
0
0
613714436
1056806822
0
294947675
53484743
0
972941973
0
0
0
855635236
0
624644010
0
0
0
0
0
25166169
0
749801059
0
676154084
0
534692582
344232707
0
0
0
0
578240293
128406021
0
0
1063829028
0
455373152
39767609
0
1050844079
0
0
0
567636711
0
0
866842658
1033454348
0
205158640
1060616223
421310523
738843438
84698468
0
79360792
0
61543839
553019895
270609025
0
0
896507262
615623595
0
1039211182
447506004
0
64408817
0
393715714
154028004
194652755
116905369
957802725
0
0
1012421967
0
634574279
576282590
0
722205934
0
532640632
448502689
0
477663982
352134946
894719473
244327410
0
877860089
31426395
0
0
0
423726802
543575863
0
883378023
863355030
0
0
339279280
797224010
16858118
0
313842912
791980025
0
1027442071
0
987382720
0
0
0
20467727
973279540
817016254
0
934837982
0
867114522
24346173
0
0
0
47568045
0
0
0
349580305
0
710851719
400778203
207382196
0
127486227
0
0
639901756
0
359126734
53958437
239281461
115371842
0
0
803715997
515523386
85437916
0
476169444
0
307783447
105825779
0
633344934
99828171
0
78670085
0
0
0
171905275
0
821932501
439346651
634711392
90912771
570595795
538069677
0
607461075
0
0
1053403246
518089226
0
0
0
1058128563
0
492268828
0
0
9789186
1034343308
465425240
291458443
0
533124314
482348740
0
825365156
482940700
0
0
0
0
0
1064355986
0
0
98144324
0
0
0
892250033
0
420503499
135969870
0
941278792
0
761309471
358117706
0
206706318
721428294
0
967463829
977279580
152469401
0
0
1043706199
0
0
0
0
0
1029335715
0
860106381
903747813
860487785
0
911730584
23242429
459234031
983706870
938550932
984950612
345044708
86843860
0
0
0
0
1048480183
0
0
0
0
316008989
0
0
1016698798
781117945
1044333305
141008377
0
86721856
0
192523092
1012421967
0
0
0
375313995
518089226
38236067
0
0
0
87540817
858743042
871077677
752812894
0
980373213
0
381631163
0
0
0
0
130797203
972002711
600744061
485692134
0
0
458169431
0
793005305
324173059
0
0
578767944
886574057
0
47156312
264080518
236939096
0
0
0
182216118
0
0
0
164142459
0
0
38239475
331008843
0
903613011
271627754
15969851
0
99616929
0
678853106
0
390314789
765814795
1060197140
879899744
109446272
697682052
86871937
0
998377150
191058572
387861199
0
160673349
339234302
69945119
0
592036259
0
0
0
113539628
0
248480500
0
0
1069223585
293350393
676807215
521448747
0
0
805810836
117207725
427015773
0
804676206
0
78708521
0
0
0
0
0
705574224
739833404
0
395382313
245424604
0
1031083651
536159082
0
0
0
888724928
0
0
0
0
0
868013580
806506579
0
0
0
0
0
565910051
0
264007814
748144299
469091972
1015933663
384276188
438953287
0
867534478
390136309
839032848
759546928
0
843445765
0
0
0
907258635
0
0
0
489246112
578842379
0
829531099
0
0
0
0
141712244
929082998
261823611
858501797
761537301
0
0
0
935493140
943713145
0
398640648
754403280
0
325977173
0
226077694
0
305326099
0
986634691
179117235
0
0
0
0
352053851
333594250
0
234006229
861229195
761713230
0
71425861
0
0
932517114
0
0
0
583996989
861336201
989502189
551472817
0
0
1071430239
0
0
748742911
0
4933096
0
991488637
0
0
0
0
0
0
555268959
0
0
0
1002293927
0
0
455373152
586751424
111334103
0
357401030
0
0
439614322
673017024
0
628731427
0
241239439
646078279
0
0
596009755
996472448
0
617504306
0
99343070
0
515915355
0
97151603
998042058
1016250697
375360918
0
0
991711276
0
503694321
0
801559655
1029872641
0
0
0
0
377302712
260537423
8757069
0
0
526711481
0
0
0
0
87138487
0
656358676
0
0
0
0
0
944819729
455373152
112251857
0
746089905
916613564
0
0
0
496480987
704348089
1061268954
736508314
0
0
29893538
0
0
77928613
202211746
75374736
0
246868403
1073034119
0
883943528
0
0
753460211
321392881
0
0
100273577
0
513742084
1036331945
324992048
984964875
22513765
244313019
269305322
237557033
0
460700945
216976621
424816564
0
0
411786612
0
1016109533
0
231139183
0
876562618
4878386
0
0
998815587
0
0
0
538571293
0
0
89201495
0
0
0
13312431
0
0
0
0
0
975543730
277038722
701030002
0
408473167
0
823550941
0
744790153
251964494
0
888645270
0
0
0
479092824
527541126
0
0
0
732552014
0
388530219
0
0
427386068
0
346804092
0
806686259
0
0
0
124883039
0
0
0
0
0
0
0
78400191
730855296
95775048
620224070
1024465845
226010194
419216505
768344713
0
0
897393694
0
339234302
973144815
0
0
0
0
222969428
637047555
139071160
0
748602514
378058633
1024049431
0
738239589
0
0
375298537
713019481
0
0
0
836839266
0
0
0
0
0
475161528
1069534151
0
0
0
569744872
933450914
1048813128
0
819950120
0
404112743
599137876
864794383
0
40004092
0
0
612216252
0
0
1060821009
0
0
0
0
0
680331112
390314789
0
941659072
0
0
0
393074145
0
758066058
0
0
0
1026560916
0
0
332482507
921200954
825782285
0
0
108755616
0
0
461402338
0
0
40211366
0
447403145
72396029
678243932
0
0
0
604975322
0
441481290
81127687
647121175
366597445
935163984
939001846
436518615
557518111
0
0
305033235
0
790752819
20344268
0
803931859
0
0
0
0
0
409981986
0
0
560570124
0
0
0
0
0
501303864
0
0
72987066
0
0
705116271
417119309
565882816
0
494509341
640683830
0
415713475
0
0
58696716
42985146
341259284
1066251051
0
437323669
681442324
0
183703664
469754044
507739293
0
0
0
0
0
370477002
994190830
393508025
0
0
0
0
462607759
0
496492014
321940196
0
0
496770204
0
552621092
1007189809
60345863
0
0
0
333548630
0
872073443
0
0
0
864338510
133861649
0
890027834
0
132490187
0
0
0
1066788776
1032152988
638803348
0
27699323
0
861186081
0
0
0
989548285
152204540
32595580
335584585
0
106450713
700098486
0
0
0
0
0
0
586747553
221652167
0
0
0
549448914
739680543
36769282
405796390
0
0
818062066
840172169
71895554
23627530
0
0
715035313
1060639129
77433770
0
96698882
0
0
0
280481172
907557550
0
149427270
0
0
0
0
730642964
0
0
0
0
0
0
804922819
1031771215
0
610940393
738083334
837083540
0
0
0
884751723
0
0
0
105038812
0
0
0
0
296821327
958672752
0
698027886
582466781
0
5487396
0
0
12502843
808459439
838444061
953053571
30652180
0
740137766
255944141
635549028
0
129733232
0
0
0
923187046
671987915
408808502
0
901830724
0
703566110
59843757
0
763313483
0
681124739
0
237557033
0
0
0
0
0
0
0
20053321
76734419
0
911721246
0
0
568539895
494661861
0
0
593650525
0
285744857
872264479
0
0
487363892
0
0
435528970
0
920909532
709559997
220339513
0
0
0
0
0
0
0
0
642959
0
379981400
285642173
964115625
277259323
0
136737387
922069520
379489187
0
726034543
0
0
129568050
769134047
0
0
408104694
49996814
154144544
0
0
0
0
430385842
29651668
0
0
877077895
767363261
984582588
0
0
99771746
0
166533406
0
0
240817727
130106130
1071641872
104232797
372044641
953729916
0
0
237308728
662668991
0
0
0
0
630810933
220535893
0
293382881
0
976770490
0
116151357
0
0
0
542473905
0
0
955700816
0
940086490
112251857
598898223
936996521
674881866
37590911
0
0
817032050
518713296
367567093
434406558
0
0
814386680
1024730617
352253612
89904668
934315636
147005620
154111612
0
0
957038568
138953565
0
670824872
502554798
690792271
69151643
994714721
1037794177
789491412
461872658
0
0
0
343191984
1053515949
808450401
144652084
0
0
0
481168754
0
970680130
961182564
0
0
703786217
447515127
894235770
0
0
409397475
0
747402940
969475187
0
935476984
0
0
500453944
0
0
1019097553
0
847207471
409016201
59589558
0
988801112
42139089
0
1054999226
0
617704113
0
0
394129476
0
0
811723221
0
0
0
157380387
767647690
0
721103665
456624801
0
0
858146777
795465417
835873777
0
0
338504233
649193810
0
0
655312233
0
133495974
38615537
299820387
0
147556114
148952389
0
0
82241146
816800609
0
0
0
986197429
0
0
0
117898348
0
0
670824872
706907882
0
0
1018605578
0
335749363
0
0
0
130897966
0
268361775
0
815665738
0
694781230
498477345
0
455482128
0
0
0
772995755
1032522607
0
114754640
0
0
858724301
387800758
0
0
1036853721
154460072
0
0
0
0
0
651985129
0
569290085
472246912
837946613
0
0
0
237351473
0
0
375663908
113457767
853146971
534326554
879759721
0
0
1003948860
0
0
0
1046942276
0
0
0
299712292
0
249525400
918364230
0
0
824335344
179002826
0
571828070
0
0
0
637266865
0
470773436
347321876
0
0
0
0
0
0
651800909
0
1012591728
429849775
0
0
566022348
254805410
154460072
774648153
0
634986332
0
828065377
0
0
509063145
0
0
0
0
0
0
83143956
0
0
963507838
0
663893405
176929506
454116732
0
0
639726828
0
695842694
0
0
210664041
49115481
0
0
0
0
0
1048306542
882499597
0
181202444
0
0
0
965234363
0
498347816
0
0
0
673178146
0
233997033
0
646492859
598170788
648648013
0
0
1072529849
978007089
0
0
977470173
749788711
0
0
403660597
0
505911870
86021740
0
706363768
163704648
704445461
941278792
0
0
0
475848866
605945843
781982347
0
0
0
0
193107626
0
450755003
0
157313201
0
442334456
0
0
0
875393365
0
0
891385035
273988731
932785353
82824359
1025999675
676278714
0
895874453
0
573597003
0
0
640508383
0
553474020
442058865
0
0
172865671
26295043
10816274
0
0
42688614
464866056
76767694
501068639
0
0
949426918
328665531
664318660
81887594
0
501502283
0
0
0
104943218
1038493748
0
0
715326264
648165274
0
0
383574730
497244467
0
0
0
20997351
515014347
0
1051927971
0
692264704
0
0
0
0
964058183
0
192762691
0
1028884534
0
768591008
0
0
0
0
354433618
0
343728267
813905348
113457145
606218516
44721531
974441315
0
0
0
468433462
0
311761149
620741650
0
0
0
95996302
0
327842869
864770865
991631245
0
0
893838057
958360525
414028623
0
0
944381159
0
0
0
207588957
0
861265425
19579081
800107099
10319944
0
0
0
0
0
978007160
510014200
0
0
715130790
0
0
0
403109476
0
802810396
0
0
225527819
0
332042861
416031995
0
189974268
0
33210786
982031708
801780933
1002753222
0
0
300966344
626777140
251051852
0
53118927
0
0
0
139867913
203745194
0
146883567
993616764
921014887
0
0
0
478036269
0
0
0
0
0
60697216
0
0
816128273
793400521
727489800
0
578300802
0
913505823
0
611655620
0
112753623
0
434813669
0
530861482
0
0
1052313895
726092952
0
883592329
77850825
0
0
0
923767253
0
458575193
119310971
0
0
0
0
0
0
754669455
482701139
426751876
0
49362003
297038464
0
0
463181245
1004801358
0
310224452
931335072
0
440530560
965371966
0
344146379
0
580669685
0
0
516909457
0
898417564
0
342348825
820837106
0
0
0
347388520
65640754
0
672682039
997792648
0
901426630
655511512
743101175
144144512
18204366
0
978499195
0
0
657229831
0
0
226077694
662801977
0
529660183
470601581
879743192
0
0
0
624672113
807254727
0
211443464
591107254
722719011
886103745
1062603314
0
627708910
0
0
0
0
745762566
0
964599468
0
0
987028974
288354434
124920305
680451928
0
0
0
0
597363149
418130828
993205478
0
310920817
0
0
651810565
0
460430344
0
468128130
7939906
0
0
0
1000417709
0
403750376
913985887
838383630
907537408
466314503
0
8629202
0
900403355
1006417815
700407336
0
0
0
349203242
0
0
1004292698
506992046
0
703707554
0
969374054
0
0
0
1036359669
0
425980355
836908681
0
416346436
39361423
218874341
549205448
930995853
0
82770073
0
452458029
0
531737648
0
0
128228131
258864010
0
1033381849
268399281
0
671468897
40004092
741408426
0
0
0
0
329387216
0
0
0
471172587
527155500
673551750
0
426801481
312351873
0
0
0
0
0
0
322921552
0
970714554
801419616
0
0
0
0
346430175
0
390999397
432532029
0
288741465
157042868
558143083
0
240404680
0
0
0
361679633
1056315708
0
397427876
0
933116970
0
0
0
349436917
369874685
636209534
213616703
1046372486
0
0
1013044736
0
0
612534049
0
470834653
113808452
802860060
53689364
0
666215572
0
0
0
486050588
452616233
657461551
0
706189168
0
0
249317013
0
215022802
880778802
0
0
0
1026301082
585992228
0
0
0
479712910
0
0
0
0
259853359
0
0
788794697
0
882126611
302861091
0
0
110911628
414247863
0
324977095
0
979166304
0
959760906
0
833726276
0
0
0
274563370
902111359
97815496
762621781
0
882400989
0
0
0
84218755
0
871066944
0
852489266
881378146
0
318212161
1054665353
314367367
0
0
868698651
765632891
0
194706639
368210281
168973458
954203333
0
0
0
0
0
0
315923712
11230213
428504060
79254875
0
578734826
493397238
0
0
0
235841076
0
0
0
0
0
0
0
215447431
900917856
509985494
0
998886211
0
0
0
168975963
51410249
1032132758
0
151794677
0
588601859
28375776
964957186
0
339234302
0
2459526
0
0
376952276
598567535
502646591
1026311336
997760463
805854374
501068639
0
0
0
0
0
0
0
492169903
975681593
445015566
0
0
952218849
283229568
855687544
831656664
0
136934245
796874501
752330816
293722341
434067847
345078310
1008852321
0
2840908
0
0
0
0
639585463
0
0
0
0
545991430
0
0
0
751366266
0
0
794791406
0
0
0
0
0
66579098
0
0
771365831
0
1000167013
696484849
0
0
0
417647809
0
740923398
258954553
580181881
0
0
287821977
842654350
734409112
199073866
0
0
767464883
402664548
0
213810469
0
0
171039462
0
496688287
225133399
0
1009976189
0
266084051
923295935
0
0
0
0
0
756085436
0
0
0
0
538853213
235048161
539276660
63794415
0
649151349
495773671
964002131
0
551254547
0
0
0
0
884011801
582857102
541419212
718434770
0
0
0
0
0
0
0
0
420385986
0
589287539
250241138
390314789
241184747
0
0
57216831
0
1068509178
0
0
0
0
888087193
0
429913202
0
860460259
354433618
0
998679070
0
0
853230546
0
0
0
0
478506250
0
0
631953916
772511409
0
289627779
200739472
0
735136770
231110882
0
0
620975743
813353170
0
828065377
0
704998044
622175508
70017237
669975811
1069709573
748146931
0
0
189045770
461119838
0
988864558
119749768
76053056
658251553
0
488629581
0
0
0
577367189
272181350
753376673
0
0
0
0
854780303
555903364
114661622
0
0
197194914
0
0
1050769682
0
823688194
0
487514897
0
0
0
909789675
471251930
0
0
147030819
0
0
0
485347010
0
777940349
0
630622907
1061927917
772589045
845215840
1030428586
368984136
0
100841681
818812796
466251067
194044278
987371676
1045392025
865892858
0
0
1043469544
930836813
874395621
890288142
604915400
0
0
0
0
0
367464327
0
0
0
165211923
212158269
566269441
240178492
0
0
232925804
453391043
0
873579508
654145355
0
0
705602805
575318800
0
0
0
0
0
0
205404206
670489652
0
621188462
0
0
912637820
874067564
0
0
850767753
0
521827550
1012836861
0
670196739
351998042
30934694
994972365
0
0
201880358
0
661125880
830207536
741449251
0
439346651
256585895
683084232
0
624733991
0
347532064
408081061
612731180
390495738
143141018
0
52784982
508868174
0
20488890
0
189272423
989841892
0
1042490596
759907455
346118911
1004207453
0
0
829073407
0
960997905
707338662
0
708587330
618834073
627781683
1022314663
612952964
1027222548
223094172
0
0
75859337
953918489
235958276
788241107
989978856
761858078
327585273
0
207021826
0
0
237490251
407809335
122106340
120955781
0
730314896
0
476482576
84219010
0
757760905
0
427973972
602681892
0
0
0
387134604
611853
445995962
0
531465530
0
0
939696124
531402726
568280669
198936310
1066903188
0
323500098
770211249
0
0
544658906
804773258
916845890
226010194
0
357917110
0
0
93983394
0
785032670
0
0
1228407
118894878
0
0
909070995
0
0
0
0
0
0
989084855
291162025
0
869077234
935493140
0
1053042704
0
0
659833360
348196573
0
945229054
62553650
0
91852205
0
98732409
0
490014593
630894449
0
0
0
0
0
0
0
0
0
80556477
0
479818197
698468
884536857
774350060
587554612
629743515
1000945773
308002300
0
0
0
105586253
0
0
979894959
475098410
0
881702445
0
1029005214
0
170304700
341364518
0
0
748784263
0
0
0
139851177
113744660
673836678
0
0
0
243722219
0
606341169
283236843
0
0
112844144
94962492
246807119
141028559
0
792202228
0
0
411993541
330812535
720958645
0
0
0
0
228347246
0
704348089
0
0
230441436
0
789494324
0
0
63443417
0
774984610
350017989
588973023
0
0
578425565
0
0
695434157
0
0
952927697
0
533971120
0
0
0
0
0
0
0
1060091824
970174894
0
148222822
28203094
0
743974665
0
1061522531
0
0
0
0
940723393
0
722911203
0
0
308677629
300629388
750106189
857347669
122079832
0
0
0
0
719612766
70947591
381367475
0
1011352235
0
0
0
162860847
0
535135067
815894633
789652665
275925567
918901003
0
645591364
515201154
0
0
0
0
0
494666277
644616776
597699567
0
197723519
0
495071327
880886736
780126069
902622224
0
0
485993247
0
0
0
956390701
7598401
934021979
292695734
869301342
493717978
878612754
0
607063550
0
0
0
0
678592805
864726288
0
701030002
0
0
860749781
0
223890282
285083069
80592439
345291370
0
0
0
134387884
1052802897
0
274355818
730041743
0
0
413550264
622117949
66786369
263468402
893620657
150377907
0
0
0
0
0
0
524082154
1044494991
91626978
412075712
0
922199451
0
0
0
0
634164329
755922965
50258279
360109431
586089017
949928524
0
721661749
912183788
901398573
0
0
0
0
777034771
0
0
796264405
0
116690518
0
799418347
613618337
702597680
0
0
0
0
0
0
795422593
0
854999820
901719217
0
473582355
321337531
0
0
0
0
953649250
0
495858554
1023806720
865446700
0
264030823
268238634
0
0
946676830
0
966344345
279204878
0
325512458
1016519078
0
622802855
912222531
951791235
1071711557
573049788
0
0
0
119749768
0
0
412538140
901487198
0
256220379
61316379
0
0
0
971325359
130411860
0
0
453377207
65913200
0
928213003
632987035
0
0
572039774
941280585
0
978292756
533517595
319958860
0
377694437
0
13680904
319792971
43262832
0
0
0
0
0
0
722218325
514465055
0
1072182218
0
41536315
0
0
538683829
0
0
0
0
0
587554612
0
0
0
643651479
1010974880
0
1019891087
0
180105721
627963916
0
0
990281691
0
0
0
0
437902032
0
0
0
0
174881997
481531151
127872464
478017166
0
335164234
0
0
518948731
27170061
0
732785849
305181142
1029609903
0
855644165
0
0
333588382
345140666
669344383
0
163712506
0
803677378
1045224201
0
0
0
0
190466205
0
1008509105
221446315
379435802
0
0
565573275
812674865
220953556
0
0
0
680753052
0
339358399
0
611090437
0
514400846
872637820
0
0
726137178
164751970
0
317991120
0
0
503919865
0
5267926
196921905
242940194
866504072
0
913473901
0
0
0
0
891571153
0
812055219
1018029771
0
0
0
0
328665531
0
0
0
0
837228938
0
0
491332147
0
0
0
0
61543839
940624966
82241146
0
0
0
197225040
0
592489564
228031784
0
1000417709
167465904
0
424816564
881243295
0
614166254
0
0
59173643
271055080
0
831373507
0
3673451
323081834
0
166896020
0
144242705
201282284
864366575
0
1048996321
978007089
0
671786834
563329000
0
385075708
635510708
62287547
0
0
0
0
0
0
923898191
0
584721099
0
55486908
582093210
0
643182641
770256707
788501985
0
340798244
189604965
0
592874709
10561111
645967867
0
0
167543699
142765307
0
745917278
745434812
587625786
0
0
968775000
0
703842238
466326892
78379651
0
0
176027830
0
65235258
0
1053315509
611361389
580009352
0
1004861103
745159950
0
0
0
0
0
123959019
446419662
0
0
509285170
0
0
893699742
222910104
729826894
0
0
729267464
592025851
0
0
876118708
668819097
0
0
261872532
0
937974363
488197179
0
5151431
0
581343487
576197826
862627566
873147156
0
797174851
689725623
382815172
383971856
0
0
0
786336126
630919905
804669955
698449827
0
0
705668899
0
0
0
0
1065292100
79728859
597043198
0
0
304935551
258585897
0
0
10399641
0
0
416021679
0
0
0
0
551323448
66964855
777715401
0
107629043
0
0
229248870
0
480794458
0
0
188213930
527216910
0
81787122
0
434901586
0
169137370
0
382162688
0
702269290
119495714
751231948
0
513435418
297016183
0
103305913
0
463833517
478996586
814612150
901413269
0
135746895
1031119788
0
647627522
905452669
751206268
103077306
251672920
0
82399121
0
0
255599431
0
298021615
70912893
332701293
0
121595324
0
244085928
0
515906928
0
402039208
695745282
0
475353805
627274306
912413149
0
113051914
174582001
758366507
0
0
0
0
0
889983653
0
0
40864863
157024705
0
0
975967330
0
562344623
0
0
0
0
270069127
127188509
676774998
64844679
0
703029940
0
129369667
359883369
0
847715716
1073165133
767934088
666955325
0
0
420695542
377143685
0
0
0
0
0
989815483
738808410
804102893
846535438
0
0
86997985
874126158
0
0
0
0
220883437
427584841
0
0
0
498089687
0
85725002
0
0
534284593
251144665
36320252
0
0
595188615
0
0
36608608
15534884
0
0
338003647
801893573
0
0
0
188594219
868422872
856826664
38236401
0
0
309038342
0
0
0
393560940
0
948327626
0
968296944
164181383
394464857
354367789
212040886
213789329
542616801
62454543
410810891
324744705
0
329183861
0
0
0
713167751
0
209186370
0
0
674218355
1041041392
0
0
0
0
196085152
0
1010638315
0
737468321
405024795
0
304136435
343210222
0
369656797
408334503
788868076
0
0
0
0
0
295770283
0
639626113
687927567
267614865
953525133
543110604
975681593
348021848
127586951
153486475
457202196
711285041
812921327
110706480
402877654
0
970259866
0
0
459760879
471679019
132039034
0
61074936
0
0
0
0
85658525
434535834
0
1051765447
822688464
0
0
222671938
949593138
757553260
0
368987711
0
0
0
530251798
0
0
0
0
1014263644
903808893
0
115371842
500558358
52235780
0
0
0
0
0
101757855
0
153571463
0
923800849
782881397
0
931488829
0
863229595
0
0
0
0
0
327585273
1004266079
983886454
0
80093508
0
0
773032945
0
588686296
176676871
0
0
0
1064718111
0
0
240089226
0
225580747
506482912
538225989
266130394
655546035
0
343571384
543355330
349645640
0
0
0
0
493322422
0
0
912930275
0
339594171
228235399
572612836
0
20374480
0
667986797
13736415
0
327944355
916989248
694811941
0
88073147
409268849
168091737
0
702669997
0
0
0
942074994
0
161648763
780140870
0
0
0
0
0
783243032
256229627
0
345051073
602724977
0
0
0
490356687
532954950
893228872
1041050240
452638965
0
191992072
0
0
0
662781328
422719920
0
865581936
0
237475069
105823310
761128157
884671991
339724651
676789129
0
0
0
0
504362405
0
0
823729937
474331094
467771822
0
0
0
878400603
0
0
0
0
130301968
379950590
280966852
391134179
562843062
753877204
681124739
527907450
0
0
949395969
0
370360176
0
132127182
0
0
0
681124739
0
0
645967867
66515407
352912436
0
648643049
0
68197374
0
910087595
0
554051758
287953556
813242390
0
15438228
0
0
0
139568380
65793472
962453497
111774941
0
652812015
0
754655042
332411401
0
842283289
864254728
439820544
953525133
0
0
0
0
0
764348838
937772968
561131660
703828152
885000981
910786950
572460769
288653558
0
909115607
1027177910
0
0
765641924
95555864
0
0
0
0
0
0
263077919
916989248
527949565
0
0
474611679
0
0
593737414
0
0
0
0
732384532
505198671
0
0
0
0
0
0
0
0
0
0
0
421472904
71508324
0
615545842
362026703
34587468
203075088
0
1035335115
130523891
0
0
718812014
63646743
862287706
0
402064282
711578817
610916670
636928648
0
1054507384
950931214
686630564
737475693
456183
0
0
0
957608107
0
0
737890335
115630253
0
0
0
1057284985
0
271217009
195751781
764530300
528922532
513136735
588354374
273683056
0
0
925569610
75201703
0
0
689783024
795094887
0
407552351
0
0
0
0
731473502
0
0
0
675392713
1046685134
0
607461075
0
478738400
0
686903507
734715231
0
479519160
0
460813570
0
620994243
0
2611120
234277233
154655943
566169143
0
923295935
0
644351531
0
0
481475135
552124747
517569428
0
0
634825818
0
1070794796
0
628079549
245966688
912856442
843686922
861861282
882674310
0
0
549314200
0
0
0
0
0
326801840
636133006
917026556
0
0
272302749
49362003
989932749
383819110
0
813089568
438300974
0
107803446
273653869
0
0
0
0
0
85285995
0
922069520
661577187
461135347
781341425
0
170852082
38239475
0
892330901
348196573
0
942334612
986433456
876102819
0
262243691
0
158772079
899956023
393085618
0
237227725
0
0
0
0
243618618
0
0
0
0
0
0
0
222091810
0
0
0
0
450403163
322775738
0
0
991631245
171037529
0
0
1013689085
0
0
0
1052771684
34420040
16834731
24498443
561251123
0
0
0
436420778
992978819
0
191551225
0
517957566
0
40004092
0
335664520
0
0
162886212
0
0
0
331779234
814919994
0
518815146
692812550
226825370
0
906319648
162453949
394152304
0
158406039
189894098
28444177
720565506
0
0
0
872467875
0
569825457
417573390
0
890950245
652837772
0
0
76550524
0
0
365045289
336361768
152673460
763206028
0
801559655
1012794512
0
442608264
765710690
1010011179
613203406
8513788
0
245513874
0
814937307
0
0
0
0
0
0
0
822111747
0
991803004
0
571575531
798887525
461960428
914928879
718451361
0
0
0
0
614893806
0
596940313
865592026
612582915
467776814
642711569
685810881
0
0
15761133
0
0
710765447
135189219
0
745538545
568993010
0
0
0
0
361991663
682721512
0
0
171993433
0
363068087
363138004
916804504
0
0
0
348196573
52105577
0
858689277
0
631776490
481684466
444582130
0
335395823
353024606
559030340
0
850819059
0
0
0
182299649
246878359
74200923
0
468716510
0
0
0
0
0
78463591
0
56153482
279270705
0
0
0
341206549
449843803
914881903
5819754
0
941363510
0
531602548
931292912
1042347034
0
0
0
0
0
588670164
0
84811124
212817425
586692188
814036867
760829621
0
846457754
0
432872996
0
644048674
0
385413626
0
297386641
0
0
0
496284244
103454514
925959456
228294799
582882979
0
0
0
0
0
251261104
620558014
0
329665858
0
0
0
199449548
895749003
0
0
0
649971421
0
562046488
496770204
528618376
778097744
0
0
0
275134871
893133454
206099983
1055017485
334486242
0
530816431
0
0
495961671
0
448730340
857398332
291360649
0
485041030
548499491
0
0
145489959
0
0
0
0
0
539064335
282303253
67321734
0
221377338
132860498
0
0
0
123570366
0
0
0
686657365
305008749
686813253
0
0
0
0
0
996296471
0
306112317
731974968
0
605823509
670824872
853919810
265799097
666615057
0
776590233
40004092
0
1012889079
483715161
117270908
125925206
0
652884019
853396187
562110534
418139455
624769597
0
496730137
629465441
510849071
124993919
0
255674217
511338015
675437399
0
811119598
0
466036774
509910349
315276065
0
569101603
324371032
237938044
713776291
0
596658704
613262131
649927726
0
487362709
777998837
568708330
370566073
0
58914434
0
0
0
959253351
0
394528275
346290166
0
24039722
78335115
845987580
0
0
17289785
0
790005826
989285533
0
0
32677476
978707217
0
250537251
0
722074527
81127687
950094134
975967330
33801694
0
423073877
382459682
0
0
108771605
0
0
0
833058624
0
0
653356207
0
0
0
0
921731429
699818681
0
0
484024285
365529263
304387897
220883437
1037829363
0
732352484
776209355
168710255
0
1022951615
498497344
0
916479597
189894098
520071250
978986683
85851674
0
0
0
9009413
0
286076392
0
0
517873299
10844137
0
631776490
904810834
0
0
0
1013726705
657940899
0
0
0
974009347
0
955704111
401255365
0
439250485
0
0
362112280
844512332
0
0
0
0
0
171137973
0
812694042
875803084
0
0
0
0
987418786
0
835464537
563284532
196868601
0
424816564
1069865819
0
0
0
945011329
512766993
0
641577442
126583609
0
204857875
506537752
0
110706480
0
0
291659756
573432239
0
6919315
924899050
972393673
124523425
0
916989248
0
714342716
415554807
399245013
0
338066120
130621480
0
0
976647646
970310706
246935385
0
138369202
260448700
346901099
690566746
774350060
115351527
724012872
0
0
0
208487023
0
322900189
0
0
0
0
0
0
0
14828634
649746009
0
0
43254518
0
366039447
0
859038986
803089005
0
0
220790361
0
67359486
0
0
1051582598
166269524
643405891
723630038
0
982960784
0
0
0
0
0
0
0
1045716271
0
772545496
182664215
294988359
559830240
633911462
0
411168486
0
558413377
0
109437007
398429274
0
0
0
0
0
0
447597954
0
0
674831027
363588102
85036426
391261404
343169168
0
995786857
232025648
0
0
0
439792036
0
0
0
771096283
0
973484851
415054626
0
0
286076392
881943566
939816609
879409608
554312207
0
0
242681854
579049054
794668105
0
0
896197606
813383897
320933477
0
326673293
0
0
855765386
0
670695130
373476524
0
0
0
863293342
530074810
0
0
0
0
1027574411
0
0
362920967
0
0
195435143
0
0
110423603
26147528
298021615
681124739
337468117
541822458
818875753
209107456
976606281
0
0
0
238781793
0
664484665
417117922
225287339
0
0
293770502
0
606573675
0
0
0
545682817
291168085
391261997
101039101
674895927
0
137875959
158494488
537622871
451136029
0
950094134
0
0
0
0
0
0
1068836843
0
0
905058708
0
275709924
0
145445683
0
964246968
0
251974374
0
726895549
1051648201
518950620
0
0
515053340
629815935
694554381
0
0
117638956
0
0
0
0
789151946
608804153
0
0
0
422004756
871576177
0
0
0
0
615232099
61543839
0
324101355
0
608161616
0
600558293
0
434574451
669246984
0
0
611465596
180282578
0
87987795
0
602239016
636195347
947501726
107337182
0
170856288
765752673
1022178553
0
0
0
0
85851674
0
0
325512458
336859662
912706020
597420185
585824903
939852630
558398636
107153152
653620281
0
385171895
764740257
347075105
0
0
149408935
0
31355471
362359782
0
0
0
275650959
933241102
867473330
357902250
971297726
0
0
0
0
476384968
270926310
501303864
0
0
325349298
0
0
927673772
917045019
0
981022341
0
0
445374610
110706480
0
736800861
593737414
239199059
0
0
142839059
0
0
413942853
987920904
237927731
483527885
0
543100823
0
110917451
599632524
331668040
0
799656319
117570637
433043905
0
0
628999939
241252590
0
0
295768592
502377547
162494595
0
669798792
0
985898855
552838867
0
194767774
0
0
0
0
919062055
0
0
0
796698857
1041572733
0
0
0
0
956682846
0
229597704
0
0
51741848
794089330
38239475
0
35832915
922664855
593174114
0
335276543
932244111
0
354402831
0
327332658
791642556
757353869
653984069
0
1012563942
561437688
639534620
126978237
743853160
0
10868524
182935497
195451277
923295935
964892323
0
0
0
613383254
0
397150523
0
632045715
349307526
37327403
0
12127231
163442677
273100097
0
263042617
82995887
0
0
0
0
240194676
228066674
0
0
0
465929175
0
466010260
211536396
0
522892716
0
0
0
242229862
154579825
72074796
0
804034798
409405077
0
0
357618742
0
230208934
589484577
709607128
288161290
733567439
0
117195897
631930999
0
110088073
937579793
0
600906815
170548652
0
0
356216992
208478184
0
93756713
626613566
684556359
762150606
348694975
0
400681967
99709597
976409593
411937977
0
0
0
1048378956
839623712
547810998
129764004
882674310
585135195
0
0
733465815
699663453
0
330241420
256691322
923805394
280966852
0
0
766359243
0
893114758
0
0
636023229
0
1028725416
985084487
1068801482
1026494639
816835273
966643628
337852855
453039395
0
266561967
0
0
0
0
0
0
371591897
912059109
0
249160537
758812406
0
0
642711569
413523209
0
0
165056689
872833329
0
175987311
0
470841052
284614242
531155528
0
0
0
67679737
0
0
272301146
0
0
0
27058363
0
0
0
0
0
0
0
0
0
0
0
324322121
0
0
0
0
772201928
831513057
0
0
182186959
954310245
0
232580489
0
111307215
0
0
0
344788994
547175280
36161794
937712203
0
0
0
672899794
401382433
0
0
0
0
0
404876314
683378674
0
0
157423829
0
192347087
1035903727
0
756942455
118492914
0
687898294
0
0
587345767
257207775
106453390
992393181
0
135690860
0
0
493568914
0
773994491
304655016
310326991
0
0
559637279
0
0
0
697927495
0
0
741381212
421116063
0
1011587412
0
762872180
0
836393175
91969160
296095971
0
0
1024172086
657898845
253946227
833987854
0
0
868814318
21914046
1030190284
0
0
373075200
1045475713
0
0
0
878683707
47391282
0
0
145882727
0
0
0
256886677
0
0
0
0
0
114091304
0
0
0
306597591
351493106
0
1039628654
0
0
0
909899210
462417291
0
994289316
0
617257025
334101077
599946656
148832630
0
81322451
0
35126738
454525047
34563750
0
700653106
0
1000701605
485632219
0
457604317
338770012
0
3518391
0
739637927
0
878052155
0
0
486483455
740514940
349536156
981068008
404422034
469530133
0
921463126
0
813923693
0
1065351277
270847705
0
0
0
644532024
0
686175232
626561940
0
73606787
0
0
916354399
0
0
0
501178539
442098629
849863538
356638778
0
0
676256269
1046526987
0
0
0
1016762425
626535227
0
0
173093822
261490604
967486648
0
201452404
6483644
220530532
0
711014820
0
1014213793
0
0
180760866
0
668473931
0
765496254
0
0
5908242
0
702768259
0
87823036
596204650
883214864
0
315902369
410954097
0
841873299
981345502
0
0
997408025
379697936
0
293351610
0
0
747637607
596351145
0
0
171322393
964548654
148270893
567685402
847992220
622365526
129288512
0
849592941
424816564
719552162
0
0
0
0
264446992
681124739
765596369
866617323
7104626
932636000
633333813
379591750
564616860
389674697
0
0
0
909183455
849392507
345740569
0
0
0
0
0
870991344
0
601063984
0
516803204
0
0
0
0
0
0
0
0
432919492
0
0
0
772003616
0
1061824205
488672061
856180710
0
24107633
121105247
0
0
624803746
0
0
0
0
0
412457143
0
783063502
409016201
0
0
579886653
387472467
576882788
0
0
0
935493140
0
937265364
0
270571307
0
0
629169592
417810471
0
756214178
0
0
191234700
982068551
551055129
883708853
0
0
0
542770669
0
0
0
193637743
402946653
0
0
608804153
0
0
46552820
861341734
0
0
0
0
446166560
0
805360641
110298265
0
0
0
0
1037227432
0
0
0
0
0
319799939
0
0
904303012
0
12810202
0
0
553737098
0
0
519739078
1024257798
250811255
0
0
888770004
24593412
0
0
873235531
0
893114758
0
84325279
781404476
856363266
655366769
0
557260333
0
144667526
0
0
0
192904962
0
0
0
394012952
992606917
123321782
0
240738207
0
0
394596163
431860518
0
0
0
0
0
0
40337656
618093788
490708105
241553348
687439489
743949421
0
276164186
477489754
638968659
0
576404831
950308707
0
0
651024382
797610782
786580327
0
152191264
0
0
857142023
0
0
228480018
597801080
279139866
214385653
999081749
92240566
237801042
0
870741099
0
1027103856
0
514775592
0
646919929
0
549257222
946378009
8662758
0
0
0
944724726
0
0
0
0
249738505
687191767
0
0
0
0
178538172
355645845
78636602
0
0
766964330
0
339137187
0
1044156688
200602211
1061167187
131932006
404040040
0
0
617551140
1030068951
455120789
0
0
655087200
564936091
0
596203872
709514276
384888588
0
0
923295935
0
0
0
0
813148504
561131660
0
608235718
0
0
329387216
792166187
204263772
0
0
934198148
500072002
395855813
0
0
0
0
0
0
53958437
0
1050678891
0
0
440312944
643176669
0
318931392
894001408
0
686505900
526350209
0
0
0
968723982
690618018
0
978159441
0
723041673
982053387
847165412
0
0
738489499
0
0
589992502
0
1060848658
0
569362505
0
143020779
0
468174867
0
182186959
0
0
239251316
159590856
456864183
641548206
1004825660
0
857442668
0
0
0
748525270
821887645
586622935
94059081
734409112
300484832
0
1025117717
0
0
145248454
0
193056954
134147171
0
0
821522327
0
0
645967867
527836371
957255135
958933217
0
156726079
0
0
670467873
0
1055847535
339234302
139648026
0
658872570
275759930
647104573
65724922
0
280049040
570999102
39013747
571203859
625684774
0
0
0
0
0
229049294
0
0
0
367895951
0
688645965
0
0
0
0
180358385
745276764
148832744
0
0
0
701630891
197752501
0
470531323
947735065
916366347
680176927
14666774
0
314523329
0
0
0
0
994250911
0
0
280417498
0
87851166
657054160
0
206407329
0
0
0
185298251
0
115503406
0
631712543
81127687
0
673897409
809083735
0
75633383
257700938
802141371
0
416316652
615382546
498041000
394339831
0
0
0
0
388985177
674205980
394518180
0
0
27463814
0
995413988
874126158
0
236505225
0
0
926356496
0
398538945
713893036
0
893043577
770479558
947041562
0
725846364
918218455
0
0
0
816593868
160834048
691530822
339234302
516793003
0
0
0
602545164
0
0
0
0
0
753400638
415459685
0
0
0
293459441
0
898421783
713387278
55202000
210521557
0
442690761
0
0
0
400151077
849175465
0
0
314592258
78335115
753730874
1033294830
0
0
621501005
525688799
911325289
341233134
235794487
0
0
578353074
0
0
0
0
735373901
978917919
0
0
79199640
0
53502078
73722808
0
0
849665488
527878415
740256027
0
0
130912121
437173253
135161277
0
223464104
0
260496472
683875731
311828219
607041629
0
0
531530995
0
0
0
156670463
973159368
664739292
373940269
0
373629747
0
0
0
0
91775558
518972137
0
0
215996393
0
899985208
1053291365
0
0
0
0
0
0
0
0
1001264929
0
0
0
0
0
296563912
0
0
921731429
0
0
54255779
0
0
0
0
941041254
937136865
0
394218329
0
242292864
0
0
0
819218634
0
0
414931824
815372517
821776405
0
721269399
0
0
550142433
20831772
754747525
87197968
0
0
0
688925964
0
0
0
919936084
0
0
514633614
187789920
0
0
575248680
0
0
383974499
0
582430994
0
0
110595388
1055332113
0
0
317074233
254262190
418484350
53958437
0
139851177
523022264
0
69447420
375080697
936129847
840577816
0
750509055
0
872335265
159779871
138236623
0
877827574
0
0
225432395
655443573
0
0
876118708
0
61543839
0
887007419
340036332
0
0
0
0
355095516
571292935
1036114945
0
864254728
533123501
0
30826485
41047316
15307335
0
150181517
0
55753799
0
274156166
0
0
892957887
42347566
0
1023506068
0
0
0
809747164
477489754
603739578
0
0
0
120083624
0
0
315388923
0
0
865716990
0
979019541
888322596
0
0
1031271450
176322359
597560973
107883178
0
1004786561
786895326
0
831226669
0
0
452995898
717525723
0
0
199905801
362400474
682530714
0
484775302
52059070
0
0
376539491
585560859
0
809741162
318795066
370621704
0
861041200
1065142451
0
0
0
118937567
848306151
0
645967867
0
0
1025852845
347913009
1023734186
20798889
869668962
0
0
523435023
0
618684230
240368413
825248461
491344304
943774233
962363231
0
0
212287299
0
0
0
864873556
339499097
449966647
983120576
0
0
202627302
0
304673201
448783918
0
518866467
0
381654393
339134642
404974359
1017683581
320568419
406831499
681124739
0
0
0
0
0
0
67246719
145681514
78322108
506363853
609179523
37975319
23137098
104434391
0
0
0
0
0
0
0
761829209
1007711103
0
248811886
0
202755239
0
218316656
667819706
0
0
97269649
956456191
0
1001826517
29411878
0
38239475
49529690
911049617
0
602532005
854768369
405337387
0
0
0
964232926
0
0
1049919346
0
0
389583142
512969894
0
0
0
0
73665790
322223647
56257636
0
0
0
0
0
351335043
82495924
0
763531395
0
43442551
917592146
0
0
0
19175554
844939641
0
0
828222693
229242608
0
764736474
0
0
0
0
697928051
0
0
0
0
485326834
0
0
503229566
0
284456869
838433453
157971983
0
0
138021997
0
952858971
950094134
310450185
0
1046793810
0
0
0
0
424816564
48625482
38018077
1071113652
642924104
1014174499
473501917
251533819
750391059
0
0
0
48455879
0
0
115087914
0
387100259
0
0
0
245065196
397206987
0
55718155
0
623978397
0
0
0
943718722
0
0
452002738
1049817007
0
1065680528
1006068134
0
796936814
383755512
0
713555670
0
0
656711022
774350060
334357368
565080056
289793103
492981833
332392800
897205661
110706480
865488114
0
0
968122493
0
0
0
0
678717226
0
0
757557364
0
749148868
1030001376
0
212044344
411883523
607644537
0
0
450174858
0
0
199979855
383271244
0
0
0
572894392
358234821
242845075
0
0
53958437
1014525139
0
0
0
592427902
0
966080162
605357988
0
474007569
888169540
1071403164
0
0
785988148
0
0
346113701
0
708357610
880295545
748108472
403537641
0
0
780455834
728709669
281128399
354616960
0
0
0
625611512
0
0
756260855
0
660442534
0
58735845
0
0
0
885928077
1049664573
381468615
0
695067866
268647620
103344420
346257737
556707029
0
891794250
0
0
0
1013122597
110632165
0
449489522
671661725
0
257724544
308695362
403165632
0
73539112
0
156073666
736066989
765502926
0
801111378
0
0
1001522339
464056400
749050911
0
165900693
0
0
974693298
1058741972
695581106
0
284556846
0
1031604759
866536940
273843619
0
34551692
1062842326
963716102
1008023980
1060021030
0
496657417
0
0
0
46395078
89644835
0
621335338
0
0
0
0
400364207
0
0
836936589
627643222
0
0
848187839
367411015
327399232
0
375691034
264735697
0
0
0
100343963
0
33623045
0
191522065
816491377
353370766
1014662188
0
257236887
0
0
0
0
41159275
0
0
0
129613557
554166669
0
0
481682565
0
991631245
168901186
229649807
0
846919497
116724673
0
330607681
0
327434280
0
0
1017940568
276833771
681323167
268063290
153639088
0
0
775545374
0
0
950954934
939696124
0
0
0
157478614
0
0
306130579
0
0
107158877
192059963
358241591
0
654986045
0
0
379335721
618659949
88427923
0
326243672
805873877
623249681
774350060
316796987
0
0
550404628
481690485
39191390
418947400
0
0
455373152
0
82840721
0
814386680
0
0
0
720975536
0
483866736
0
0
0
0
240181591
584498762
710653769
0
757440291
670065931
337454354
1066068646
0
163469536
0
869841670
778942212
395678684
504249605
0
0
0
0
68598215
0
0
667706616
0
0
555689672
528921937
1065155233
0
54052815
0
823199133
180314304
0
836416193
0
0
314592188
0
573728084
439488083
52916096
0
0
0
0
0
327585273
0
630352965
532962951
0
0
470779610
45578361
0
0
0
0
494567793
95580314
0
0
637619601
1073014319
0
0
150687523
0
0
997873247
0
0
0
0
536128232
0
0
0
326815673
0
906476041
677392912
82241146
791780464
0
381435513
0
0
703100427
0
0
677443632
0
0
285654433
168501279
0
123304310
0
997936676
897455462
0
0
68106023
0
0
0
154291189
240707358
468716510
873950621
0
0
0
0
0
826510071
83800968
555624801
368194354
320406715
0
0
617246657
199186177
325405020
373610131
0
703274343
1041655667
0
957257744
126750888
85725585
0
0
3940485
0
978522639
225369447
352249108
457846775
807522675
0
0
481228663
0
0
356298578
0
0
0
0
259669177
515311534
0
0
757557364
637561463
0
180122191
0
0
80547303
606188141
0
0
0
349629984
1033287129
49108450
0
0
147660739
282766562
925793329
96442495
0
943091634
534069044
87877350
1035110668
490210334
0
0
0
0
0
0
1034599692
0
0
423021157
692709346
628207676
0
0
639913932
555308017
750638247
0
0
0
0
0
622872623
0
0
540495959
0
0
0
0
0
579835011
0
0
0
0
470469536
571186634
0
0
0
0
0
554844521
6947190
0
888558883
586992097
696537277
0
0
512205864
707607948
0
234514624
571467859
128020760
0
0
764169122
0
916989248
0
0
322544920
138641921
0
2318698
397558987
0
336831104
0
0
62302382
1027343780
0
658184305
956354711
0
713973493
0
494405469
990208116
0
0
816363546
0
0
0
856431080
0
0
0
633897891
0
0
690891635
926574610
0
511635106
905704634
473999325
1031633659
0
0
3079576
289530513
116724673
525352308
943642864
321943666
239023296
729085897
829045510
75052154
938890240
121839763
0
0
278479291
21150048
0
183289150
0
0
0
0
0
0
0
0
1026493415
0
771179464
0
103455134
0
0
0
467866027
1016085018
0
0
0
785495100
290553080
0
531061933
510160678
766816727
0
658836617
518738714
0
946334588
113074744
0
47571830
902108060
0
53221663
481919099
802102605
0
76399093
0
66732662
0
354953190
0
0
0
0
693991027
60842766
0
1041184594
0
473600807
139818273
0
575477113
0
0
0
0
0
567636711
0
791756339
217527342
878659085
0
507730050
0
0
0
679937771
407739567
825871032
950539041
895580521
1042339886
0
0
991631245
882455407
966804973
31736506
1041456063
689684189
0
0
616092786
0
827104904
0
307052286
0
0
0
749195588
0
620042959
0
0
0
724321367
317075302
0
252251718
825209433
617997704
818063548
741239701
476011599
0
0
0
0
0
0
0
339519212
436345960
0
76375861
0
252278858
0
769583085
0
429892579
256006396
772465942
0
252251718
0
0
0
736289765
437893663
629304694
433866459
330495398
351973906
475097941
0
0
638490157
517374541
969756169
246519223
112059473
889020883
832253096
472483807
914370228
416653024
0
0
0
0
0
0
0
0
57819471
0
441595800
0
568844685
0
0
262087724
675802071
0
497169401
771293650
271287316
841813142
0
211849632
803963764
0
686994882
1045236361
0
517706713
0
813616933
699625538
427724776
0
796494425
156098588
569533544
0
317886589
0
1068624970
21919693
1055774221
523060452
562671443
0
0
836473026
0
0
491985728
0
0
963127166
0
0
191820137
256266399
947199941
265595378
609393794
634007739
0
1044240690
0
1503131
0
0
0
231354473
886406151
520882850
405484608
596572400
0
462262027
858662218
189921256
470721182
0
0
0
0
961269859
0
744098898
0
0
0
756212684
0
356921424
0
158475666
405283548
247952624
0
0
151624875
143182494
402213231
14620689
415554807
0
142765307
40004092
0
0
0
0
54480261
518342315
719612172
0
0
1026815828
0
0
50319771
0
148786803
787202456
980983127
0
0
244145820
507883492
0
484578627
0
968771495
0
990251492
0
119847308
631882393
0
0
0
0
772690293
0
0
697194362
345720586
0
490669977
978152366
0
630367596
0
111647218
0
636406766
88496543
0
0
0
755509656
0
0
877255557
0
929697401
786069916
0
331339105
766643435
990404944
468716510
460206717
0
0
21114692
404408174
769218183
571018464
0
32140972
1033974896
40004092
142765307
166811217
0
869637045
0
282138607
0
0
0
0
987265810
940677108
325512458
836883321
1047467430
1061575486
0
640798471
0
0
0
0
0
0
0
734607430
503461727
0
0
161066823
0
0
192908940
0
16715311
0
0
1008020242
0
0
0
562263069
399117983
0
0
425700583
980667751
473472112
0
87145155
0
0
740288975
0
0
0
777630342
0
339911600
153058564
752353040
0
143771803
0
0
0
0
731773123
0
5426003
0
0
0
928382186
670824872
990121324
598458826
0
0
0
0
304649391
441111325
457799428
0
116804366
0
0
181858848
1058524528
481450153
0
39064863
140017333
0
757583658
785988148
0
0
0
0
600129082
0
629295185
0
0
180819686
0
0
707247217
389088263
525352210
362551092
14375888
784282795
0
535936058
0
0
0
158460201
0
100463179
0
0
0
532788686
154209244
576404831
0
0
724326604
630456196
0
522230519
1060731613
0
76289643
38239475
510116981
0
373464739
0
0
878253666
0
744580759
966741036
648999920
0
0
0
0
792449977
0
602339998
998938313
956336087
0
606967987
300399952
318337720
0
0
708436445
0
745569102
352517220
0
0
0
0
534713072
839548398
106330655
0
0
0
916969471
814036867
789384520
196950671
0
333099094
0
0
0
1010623609
0
0
0
723656376
0
0
511962666
536799817
188341378
0
0
0
911066581
682319317
424277853
732860338
0
0
0
0
0
863347075
248622539
741862019
697106370
418771858
737554893
805475181
0
129559874
722131603
914835131
0
0
1006982433
307609797
0
0
0
113245001
0
287910102
939708150
709193662
0
388797296
375457047
193723039
524847826
0
9390736
0
0
0
321530064
1004913102
0
0
568418247
962588576
267883509
0
0
0
0
210328510
0
162281453
0
0
0
832009762
238223822
0
274412878
806555571
400711229
0
153882647
110706480
53958437
0
0
693357954
635896318
1006982433
45806935
872253646
199217007
33056894
0
196149059
0
697189410
371475148
0
208502345
995312679
0
0
455990844
720477859
0
0
70828225
1055832409
543960572
768919814
0
0
0
1038721414
1012290827
0
845426178
851110984
0
0
264381737
0
748150885
0
0
232162328
596204020
638992287
453096777
722012780
0
586677012
66116132
0
0
0
0
0
0
280987711
0
427414388
0
0
960291746
0
0
0
0
166779485
0
813539840
705473447
649612333
847907121
0
0
0
1058950124
250942265
289496719
0
0
287827029
0
813616933
199210154
887114873
1027583473
0
0
0
0
17495577
1013518649
350137477
468036676
0
339955800
290853109
0
0
0
0
881344067
0
1011751197
0
946514048
0
0
0
778449664
0
0
0
0
0
2796043
731435
776317373
254180156
0
967353865
0
686660780
1070008569
0
1043707957
0
0
0
0
0
1056440991
0
67725700
370366663
0
0
0
0
0
908078797
0
0
0
0
810733891
404197307
1030957479
0
0
0
29792985
0
0
0
452152187
808736291
337092609
202508305
0
993855109
902444354
193832939
483686894
975125374
774462809
0
254022913
0
218224442
498036166
821515203
0
0
0
384486122
702509949
0
1066101272
865221162
0
909355496
402710076
0
0
0
619831687
0
990561320
244577395
206888185
153628686
0
87789952
0
0
0
0
0
0
242935989
900601422
837316566
528733811
369735408
0
0
124523425
0
227309172
0
136226956
183913052
809748752
795545873
588466608
0
281258308
0
0
405208887
617337627
764198620
950124021
228235399
0
0
647560778
61580928
0
426072680
0
354433618
1062680771
0
0
138561228
85036426
291682683
1052765127
679053018
0
0
792408255
654176166
442453686
0
0
569719335
261577011
0
706283204
171993433
0
698400492
110706480
0
0
990214575
0
0
240998182
0
0
708621820
226077694
0
0
0
510591322
0
897128644
0
24620715
1043442266
0
593511435
363515029
0
0
0
74196839
537398229
0
880422101
0
771916661
758567742
859429254
261407894
553732667
494270545
30267062
795349752
0
916989248
756615129
805304129
524174939
0
120785083
913895635
505651003
541613220
0
0
0
0
468716510
644711508
0
0
0
874351420
0
0
707893583
0
550585170
0
732390237
180314304
0
0
0
0
385251363
952495665
661567713
0
0
0
781890583
0
612242695
177102389
1072199364
2239746
582743043
0
1045787254
0
233906830
0
382661702
1018814815
539718132
305457424
496770204
0
0
617042975
0
0
0
308500736
0
175135464
0
0
11914360
1015185179
0
0
0
817696783
0
0
41585633
376564987
0
94534364
536159082
0
122219176
1017965
1016261197
1060056766
1053030897
0
0
226605796
0
591664098
874126158
939156444
272263349
0
0
302373581
464288874
0
365135729
140391926
0
0
158836857
827500957
806686259
898080949
923295935
0
494916875
174696635
0
350579562
409312246
758272593
654986045
818559013
0
258114080
899264948
0
0
0
0
0
713194373
370040885
790001108
652354590
605891529
0
242737897
0
675431480
0
228231900
0
694385456
0
0
499887930
0
189894098
0
0
0
0
525571570
0
0
1047235224
0
0
795026983
716281223
0
0
961501534
348794721
0
0
950447356
492771357
275522701
0
0
305635012
0
255057269
0
436073162
660093198
795012852
469303266
0
149732268
408973931
411634133
822894397
752186410
0
327585273
1047741742
857441350
298642016
465455117
0
761351314
0
85327237
201322131
0
0
0
0
502546362
553318049
0
0
0
209315013
104373667
0
546227446
0
0
941315792
141125498
654450033
0
515497367
670173620
0
906822966
0
0
0
159975883
209401696
377118487
946378009
0
535045851
681636683
0
875326087
0
0
483460931
0
857347669
0
0
275293454
916989248
0
0
0
831243068
950094134
0
396845680
0
752306995
0
568329673
93993463
0
0
1071900592
0
54851662
0
0
847638511
646229569
0
657499512
1001148008
0
777591233
651823616
0
580877171
0
370232547
0
0
0
0
0
262463773
0
390299473
548868015
0
452152187
0
0
142765307
982049712
203468571
92384555
0
42618251
0
0
719282051
531031127
0
790907149
0
0
748011350
0
495070867
745736285
0
0
1350874
0
0
0
0
626813337
0
36726619
0
0
0
0
723150702
0
0
0
0
0
311489710
0
0
0
222013385
975156125
864596827
712052021
0
701321507
30228715
156773034
0
0
0
1056900779
0
577525712
0
111567035
835994032
142995801
0
144027468
0
0
0
770617832
0
428186181
563464917
0
770790374
0
394670478
966550906
267817902
61543839
886305165
116602864
672559800
0
207391681
414701028
550782222
657088028
820052721
982023978
0
339234302
632545074
208380162
524868
0
0
1046018317
858381119
442455112
991028879
1043203068
0
1001792796
375540222
885735294
83133831
438300562
0
613078271
858418616
0
0
0
0
859993645
0
950094134
0
0
700347854
0
637642648
602887673
0
697758965
0
0
1004257106
0
701680882
277626570
413373644
0
843414284
0
0
0
562823115
42108724
877758921
0
529115066
0
0
0
535248514
61601621
0
919571085
804700371
41769152
721283242
0
0
0
0
519264805
0
0
810494186
0
0
0
1063837493
0
0
707245232
421615319
0
311893317
0
0
0
0
0
283204052
662637744
1005881284
0
0
0
552104714
0
0
0
0
483914651
0
33402597
0
0
423994180
348078917
0
0
329951937
409403609
919778839
0
826868931
173477245
446979497
0
147440519
0
885369679
0
0
215094895
0
741528638
0
717280317
327585273
0
0
0
892356098
101716074
415562674
432356623
392350325
0
577046691
0
700524682
0
0
0
0
510725193
0
0
746086668
783015887
0
483700048
799159492
0
298239904
363800333
153464811
0
209230692
941040769
4393535
0
0
0
789008913
0
0
0
472042671
0
713199096
0
928776852
0
629768636
72747899
0
0
0
339220197
0
0
53609063
698807759
383173556
0
0
0
745805749
1008023980
897097715
0
0
0
0
482851415
0
0
631944221
0
324413381
165622702
0
0
185178311
0
824702943
0
371367297
547634833
317282712
121596775
344085
875970081
0
585046697
0
115751535
0
0
493787
0
0
0
0
886305165
216912823
582124711
10631987
0
0
0
0
0
0
125627649
0
987631983
491798973
0
1002015569
155448370
10631987
466950163
0
0
0
156484015
814926873
838815318
457757633
57639691
408544556
358391386
0
0
0
917314416
505912082
840145655
0
0
0
0
455373152
237754710
0
860085610
299222342
655469335
0
338670201
990633532
589368830
1020269934
1019272617
0
0
533133331
0
0
0
0
741151706
0
447265256
696078040
689029427
371499849
1069804770
588646765
361731859
0
697360712
0
0
465729142
0
264650952
0
0
334003928
0
0
702304111
0
855460816
0
0
0
894072381
727632131
0
0
0
834402252
86993396
0
79911371
0
0
228480018
0
550305089
0
0
529870548
47951159
0
799383908
0
621451975
752330816
0
693843480
823403159
212477805
0
182820713
160309928
593174114
0
512189407
954802210
140409925
515176893
334690584
725944616
0
816026700
0
642546540
896796853
508390042
0
139339693
0
0
828217879
0
0
268333998
0
490611
521938890
540986331
157180173
509087306
877746328
1009501316
89024756
0
517852479
647035073
57161389
0
582688043
1072404879
0
978202566
0
0
0
1050957048
183289150
0
323008132
0
820213741
761406822
0
626149412
127038673
767431560
0
0
662997312
0
0
0
759515062
344021496
0
415502306
712468099
559012479
61257389
74645520
0
721401586
723968656
0
627780768
0
0
927214178
0
1032091285
0
0
0
0
0
852418138
1035120383
0
0
0
617222941
233215823
0
0
0
0
456780550
0
718617615
157013292
0
941236253
841935566
0
866217643
0
0
0
615298895
965248696
175135464
662997312
0
110537618
962938777
704114276
0
351773148
0
0
103721035
819544389
0
452212743
422440097
233677700
0
847394362
0
656715364
0
498608126
0
656153322
0
0
557482434
0
654986045
508306213
0
568048575
0
1063227960
0
1028004870
0
0
0
0
0
60128916
623977055
0
563764311
0
0
0
345198816
50829831
0
415554807
0
888643831
0
383995834
0
645025864
0
0
0
496770204
0
0
0
0
499866598
0
842627542
417879599
0
0
0
0
240091158
636742996
435699188
0
126321386
0
819309729
0
0
539879775
700130492
907490597
0
342200839
876786134
710342164
188550562
0
0
7880276
1020513944
151294887
290046224
30089526
160962706
344349311
390255471
587374397
843471770
952401775
0
131958462
302390565
1295396
98968050
726187182
0
0
1013052851
517461241
0
985016118
194504317
0
108531406
0
428188432
716546454
873405675
54169456
0
0
0
334949014
0
709512184
209223999
981576618
998232438
0
0
0
36271142
660539138
0
0
0
64089225
493119240
440188102
789874782
0
589542254
283582318
0
0
115982679
567062176
755858721
0
26816081
0
0
2318698
0
0
0
925506431
418326805
810706557
0
455192606
826489348
41573786
852101338
118048375
744251096
449151800
88169206
0
695543416
483457328
873079213
0
0
597529577
0
879358884
694350595
708728282
799031295
168226699
432458830
0
0
0
279078080
0
631367301
0
629633035
273107388
279204878
964446035
379840603
18153839
0
183031394
24515477
0
0
0
0
1004438426
975749466
558379861
798678481
755599243
0
30089526
944174375
0
0
1047654082
268001707
432295421
179601771
820992481
0
0
192504280
516615537
0
775754754
0
0
1002241490
916973564
0
0
0
264580472
0
849007978
0
0
69869827
1003106098
0
85226806
14551113
0
0
770590951
386208371
841300463
0
0
878491743
0
834007490
0
0
0
0
928204584
0
455373152
846771622
0
0
865214391
461284685
713903428
1050493788
0
794098523
0
974296794
0
0
0
0
372736164
1038815108
322705976
743593216
0
183289150
0
0
776951825
571715244
647317921
152909764
0
105077085
669719592
4474355
0
420088918
0
0
1045497946
344563853
795030918
605334663
334540357
714604971
760664749
138613765
812242289
206269309
0
0
0
716933019
0
622718733
0
0
131905208
0
0
756555540
0
0
553336272
433904410
487676501
0
169529277
0
0
323871002
358857926
511556383
1064770325
997164346
874028486
0
494866035
465712042
39997594
242659360
0
0
0
105538622
0
450245985
126133198
0
622619022
85795365
575110593
72478349
990978401
87955022
0
0
36726619
0
315006393
94897690
0
493241878
0
0
0
0
0
0
0
0
612524754
0
0
575928050
444824819
0
620057386
730359287
844974835
0
0
0
0
0
0
646291168
454652941
0
0
0
598144934
0
410112878
632704828
421143104
691933567
0
784440198
155320146
363373517
672776860
0
510504977
0
0
75595601
92933087
294883944
652679759
494234536
0
1048779726
0
198593394
0
0
0
0
226095209
873018659
1059071431
0
0
1014970585
628324759
0
269870473
0
0
574677275
644349154
0
343481502
626696112
0
805756366
0
902497303
0
0
0
60433413
0
0
749905966
231700256
0
27514383
0
434408997
355171435
906311916
605842934
0
0
415554807
109652669
0
943173311
736383442
4052905
602805367
60685888
658207195
0
470719452
675951507
0
0
0
0
1012529995
145956354
1057640782
609674321
114588016
752582157
57216831
839149606
0
269608647
456472237
1041354093
0
247693603
0
574840114
153060314
0
275326232
0
151772081
1032787178
0
0
0
220366881
208913187
0
850462565
604544827
0
0
0
962930915
0
0
0
624592541
0
0
0
640006752
836339606
488163060
0
0
468090876
262147685
0
0
855422832
392053554
467822276
0
704157477
0
0
753489696
0
70065373
0
510323895
0
137868040
729513124
0
908709851
801300311
0
0
306669937
0
485065367
0
0
357757811
764215852
0
342858953
0
0
1002515112
0
0
984197109
43847387
0
257567683
0
19978652
0
0
580839095
991631245
116210806
0
942421152
893051362
0
0
0
594947852
0
0
0
454448607
0
793962723
80888224
0
296004422
358082525
647626060
917293383
0
0
0
807704909
449158234
989311780
115269187
0
907989016
247015517
746186923
0
935493140
515915051
0
143307885
0
74044920
0
0
0
0
0
0
0
0
0
691933567
0
851604060
340296172
15187698
912118344
0
708569923
588516522
290259159
955080288
0
0
726781613
0
259672495
267212362
280966852
980330763
0
0
0
510039486
329387216
0
852470220
0
0
52634849
893750800
9158409
93407690
491794940
0
0
355848881
0
0
670987220
230064813
18885071
0
0
0
110706480
0
416849398
0
163611522
309685546
334241897
226077694
27492109
0
924605853
0
0
0
574520706
794692314
935409303
991631245
0
576123446
0
141028657
0
0
0
993772075
753454595
309628510
74701078
702050547
847524338
0
0
436295219
0
0
28376082
0
613542809
0
0
0
0
240205326
0
0
362862773
298700062
0
0
319063047
537130749
996879760
0
504067332
939313736
0
0
927012427
828536409
0
764626578
0
984369508
0
0
0
967911915
268457284
0
542608590
0
124813763
0
291194230
199262198
0
1003295780
0
0
0
502389947
0
0
0
0
989119384
335436033
0
0
0
0
677441878
481036708
0
303060405
0
887866367
0
903817393
0
0
701030002
806087413
0
371794068
0
295078947
0
0
0
0
256150186
0
0
0
0
0
862523230
829877127
732560897
534202604
578077853
259279748
61300096
395511103
0
230720069
561695063
0
1061139811
1067043313
368942979
763637584
0
640888654
542929408
229015781
0
397903981
1024010605
0
0
0
0
0
0
614723113
0
142765307
556755992
436996252
0
1068015405
699438461
0
0
0
0
0
0
0
0
0
0
474871622
0
626308936
652444022
324992048
0
839065216
28807275
411442394
665477112
0
0
0
364165904
0
0
0
0
0
956620914
0
998232438
0
328693208
40395845
221067615
698697093
219885867
534043267
495458391
575332166
262792642
823827550
685647001
73530653
0
103931942
0
0
204790409
394628531
337337410
0
0
876878179
0
0
56266676
0
51968648
0
144936231
121294168
780963924
15490903
0
993428691
356212458
0
197424505
0
1040900016
896253132
0
490839758
627434073
870697482
0
0
357743614
908737115
300550004
0
292845932
1035071795
358351159
0
0
0
559595479
0
0
0
538414803
0
0
0
0
799665742
558966833
0
385840499
933246275
0
327292853
748313482
819853161
368942979
773210945
784316829
0
0
760036416
0
0
0
0
0
378905054
604517733
1055305844
991878730
815071420
0
0
13140861
230234592
721401586
516574870
0
0
219021695
86158995
0
381142907
0
480365082
0
0
0
979680411
0
34815556
259721328
655866599
242604925
456757872
494695502
0
454821266
0
0
463087073
968175221
0
0
0
724265868
367399356
0
1041111015
0
0
0
0
0
0
0
0
1005838397
726527165
695316719
201915756
16603801
458353288
567632638
0
239097217
44713675
1040394847
0
0
0
784423474
0
671963194
0
0
0
0
0
0
570959935
329387216
0
0
0
547045038
0
721661844
460087415
455913473
933260437
0
0
984197109
0
782884492
0
0
0
0
613207946
177518247
272300008
719233098
0
525382102
0
64948611
680421813
0
0
0
850503434
751100384
0
838966969
0
0
994391353
0
110706480
342673450
0
0
753608807
944760842
0
842163339
803313601
473276574
0
0
0
339234302
372136532
510335549
654282549
0
0
0
38239475
711581775
913696127
0
79376201
872319955
147315121
0
561688988
847684346
0
646684791
185064681
51840256
0
0
0
189485978
377094588
0
282003855
0
781733105
152844016
553469461
689069598
554403512
516574870
0
0
314560906
335657453
766231393
645453329
0
0
367016969
220240467
424635702
0
0
0
736633550
908863628
0
92442044
226077694
0
0
0
546197815
322662555
0
117705156
595116880
54337843
0
0
0
894073405
0
1068664519
0
0
866714879
923464479
277368316
0
102599679
1001925157
0
739604445
0
0
96551413
0
0
602882203
675818692
0
0
0
211204353
48635475
0
0
414272538
246074109
0
483932684
0
744600861
31654899
0
0
0
513496986
1048641214
405232099
331136958
0
0
0
497715560
648534065
954964288
0
0
224086554
0
1073044500
193120704
0
0
509946718
627849235
0
0
0
1073660243
0
0
276543885
728968721
0
0
704864835
516495505
0
259710356
1036841819
301651389
436466190
550329545
465969361
0
0
0
644812193
0
1064269988
0
0
1065292100
0
0
1049846860
0
208413496
266332218
0
84456099
0
859874000
498491429
1030672685
0
912564334
0
226010194
0
0
252704671
456881110
0
979873502
0
0
0
1033003373
540956266
0
0
0
0
293921223
1061375221
567222109
1058398775
173338955
498156025
812084375
0
0
0
294909983
0
0
542283037
0
84369662
710808536
637090978
64762543
0
803845695
397093170
845428342
0
9038253
0
0
0
232779408
0
682554267
504175763
195729675
0
0
742996528
112167524
567701725
252942114
0
459091484
0
2318698
65702858
0
382573723
705126342
0
0
1002858483
84456099
0
0
0
180613667
285072259
0
0
0
519258402
0
495472915
872972694
0
0
16758495
0
198264897
0
244767481
0
0
389330204
890945172
930059639
460933170
116843960
0
0
437034056
611389989
242279147
567303325
0
0
607354856
345023190
0
62742443
478394894
0
0
700680728
753009866
804241165
0
0
328563158
0
0
673903571
0
611017841
634938506
608336094
846320326
0
134688253
830274983
850203358
0
0
0
523146596
505535067
0
0
383385540
0
530298075
184424759
0
0
584651722
0
0
0
0
37920314
382346597
454561735
432933370
175160796
304724743
211487390
0
531031127
0
0
0
936473615
746232566
344833320
342566672
0
441577769
0
361495455
291637547
0
0
0
478255796
0
0
0
0
0
0
614348442
38116639
593440801
0
384730724
687105269
1017270594
0
343919744
1057066217
0
0
0
0
0
0
0
25666711
577417106
50364861
0
0
0
0
0
358236855
878968974
772085998
847010732
0
0
637685101
419329434
657971430
216059955
0
0
0
345346529
0
0
863959814
0
0
0
341940150
0
878496123
457238292
916989248
469307245
261450897
0
732710480
0
0
452152187
777269589
777240466
0
602313536
0
286138991
0
896744802
433283289
565816490
330955838
0
443183082
0
0
1062362248
105347052
725321714
1020109026
329387216
904737882
0
59999777
0
0
0
0
802102605
708001463
79214701
303656241
754230532
76167663
0
0
0
502519707
0
486534498
260299668
0
56499399
0
696084734
387664402
803493971
0
0
0
402544925
231181206
804561846
0
846819772
971718523
0
720989736
961601516
111401360
0
0
317346325
549166270
0
0
0
1032778505
0
0
0
0
0
0
0
0
0
64168081
0
246550478
0
157237509
454331291
0
0
834605868
0
510335549
64132523
0
0
394678261
1055305844
331010159
786951793
329100075
0
2318698
0
920544124
0
619540475
110706480
672807667
678612042
758314088
0
225644600
1068045070
501811602
361440841
0
753009866
923295935
727378392
496770204
414737093
0
483759793
0
715758670
286056002
0
561131660
0
864652269
507647473
714795675
464565355
533500524
0
10019488
35957367
0
746843075
832643087
0
0
152021385
0
0
553105865
0
0
130257225
822836756
32406640
0
0
0
227804419
304498921
151329027
263185737
0
287053747
507855485
0
312180557
0
0
233699601
999323900
0
0
0
0
0
0
0
0
365988413
0
567269614
91849801
732811006
0
15323530
0
0
508680413
0
0
0
1025529401
244446652
0
0
0
0
0
0
0
505071263
487908749
212309285
299584651
796718787
798527184
0
651995867
0
0
309934328
38185124
0
0
707381526
298399708
0
193120955
0
0
209413527
0
0
0
0
0
926328163
0
530509618
0
374258607
915212238
262147685
0
768262951
0
417903715
599669194
1064672612
0
0
163520583
0
325548857
0
17289015
0
0
0
1065843631
1069900773
308589549
966181980
795142205
149406685
0
606412990
700593577
0
226077694
0
0
0
541061385
0
233471798
0
363359225
0
647284899
314977731
0
315457193
0
0
775652840
0
0
0
0
522664591
784470587
218341887
0
0
0
0
944676680
657516499
0
0
0
328563158
0
502128964
117476044
0
0
0
0
0
53051383
0
0
963173203
1002760344
0
410876220
43490430
0
464526426
0
364280291
950946701
0
0
320400875
463786303
669797529
0
419347124
0
0
0
712994994
619231647
134626867
741490998
0
544217031
373121806
0
0
0
1022235374
424053110
0
497503397
441677867
958828332
0
940403675
238885770
0
0
0
1900412
655087200
319954179
68595913
45679989
922526695
869348418
548616063
409977175
0
0
814036867
0
0
0
0
635855804
0
0
0
0
0
0
0
0
660750512
0
114823476
0
56794184
0
0
314126050
728781335
0
356515005
0
0
56413301
439666657
979916490
212902331
0
0
0
564958187
0
0
0
853365846
654176166
0
253766211
0
803218551
7020946
0
0
0
0
1005789739
0
0
424454427
0
0
66470223
129233748
953139332
0
170319656
0
0
192507879
142940620
27079742
347442933
0
0
0
488669958
401166875
0
0
0
249445265
857091460
0
776121493
226700337
729698854
715120554
419890907
0
0
434036043
0
0
218408765
0
48737585
0
1042377337
478417944
0
0
940636454
31165278
0
46073612
1067189732
0
0
694305310
183289150
918290
0
597239175
0
0
1034431752
0
678979458
289217582
161791225
0
0
0
796745381
0
430046930
117048329
0
627634917
198373258
174500051
0
1002185866
406476910
421258520
0
106019003
261027345
821201885
406985985
0
27464034
484189797
0
101464215
0
0
232671852
151438354
0
851131334
0
0
0
0
0
10261351
0
877456301
0
0
860247716
0
0
0
0
222066965
0
0
0
0
800621642
0
0
101421563
189515591
972735512
1033100901
269876544
0
0
0
461268310
847770718
0
1017777423
0
0
0
0
62112010
0
811218050
359599586
495654634
0
0
972194364
0
886465258
582747655
336761190
529603406
241615207
0
0
487197346
0
1010521003
0
742635248
194740854
0
0
403186651
484048532
0
0
793641601
658805887
0
0
938176214
0
790414147
0
0
0
602924735
774555907
137086354
614332594
807083288
229761511
0
0
0
545557799
0
80392137
339827927
0
0
805985719
775725264
0
547949992
0
1024281241
0
0
0
0
0
282985965
215447431
222987945
439339796
0
88659781
390314789
367780317
1024833507
0
0
257921073
767193590
0
0
0
0
343168810
443269023
941420057
66470223
251805701
0
0
99934041
578841071
0
113819895
0
0
0
556689782
0
0
681554788
204328344
0
0
955775150
873756942
0
0
0
58627046
815148471
210346659
192507879
995288842
77830314
759179945
50003705
126434828
765636853
185626362
738884737
511937139
666796692
280223963
0
188251151
0
0
467458133
171839883
716099546
487475991
984683806
0
774350060
843381707
587200747
10824935
271935924
0
0
101932700
670067627
968264121
21402671
362034487
22256551
547703915
913279855
0
491884783
0
691629163
429939989
0
0
61543839
0
1033069055
0
622419001
0
0
0
715178633
0
586540531
0
0
0
974785808
0
0
670777044
0
0
0
145472876
968340500
259978167
0
0
0
941181571
945328722
0
0
0
464026953
473908612
0
64352133
1020315220
0
1070898967
0
0
284320539
693530183
0
189163697
316458383
0
0
0
280770100
0
0
550507639
363326832
0
534530037
18204366
0
427029836
0
0
0
0
158735222
839945197
651368025
0
0
788634294
680597869
498288994
0
0
1022649628
0
643901222
126163123
0
0
0
905211712
848772683
774419943
614707236
303116009
0
772373435
183289150
685692617
0
474018553
746096032
0
298756536
0
0
0
0
0
0
916989248
0
259725765
500678233
0
0
678264309
0
0
0
1064280952
439263156
640926787
255415321
0
898868933
0
591181585
0
828470745
436026970
681634915
0
539928896
660010107
29118663
0
876199874
102325725
959495056
0
0
0
0
0
0
251328883
135627122
0
502295823
781708840
0
288671161
0
0
0
0
991964318
648252698
0
165498774
0
0
945977369
890634396
111681011
719212607
555144336
0
436058097
0
731374869
0
0
44082095
539928896
572417774
711766549
83400608
0
0
95408681
0
600431202
500722141
110706480
0
298021615
0
33695628
0
883952453
0
0
0
589517585
472135105
0
515601385
663550764
744096359
625475948
0
0
327278365
0
141680962
0
0
0
37780590
470359383
0
509727557
212732359
0
0
0
424816564
0
0
0
0
0
0
0
920962915
0
164671500
836459433
285159246
0
0
0
0
354332781
0
826814842
0
0
360537153
689505636
0
546030852
0
806019100
677467199
368691083
0
251427969
0
62441835
0
654868766
982112388
0
825740655
222488130
327585273
0
0
298283699
0
836405965
0
0
0
5177099
689505636
78218003
588084265
148430518
0
0
0
0
497903706
0
439992042
78635521
0
0
0
0
0
932184985
0
0
988052472
0
0
275850365
61543839
562949448
0
0
0
0
0
0
914470508
368500846
157975553
0
516495505
289434928
113013017
0
0
186899815
529697257
66484045
0
0
0
0
593257157
0
0
0
0
421153698
404906297
992588973
0
494622112
783504537
281733487
0
0
0
515449495
1046403526
0
0
1032745709
850787746
0
0
0
833920092
338763848
965593371
230391976
65373925
0
0
825874445
394101335
0
0
870089449
223664257
594724854
493817417
0
0
696056319
0
0
1036573260
0
565331946
0
0
202811192
0
0
0
0
0
81127687
0
0
0
853739241
0
0
0
880782171
0
0
0
947215588
0
0
700853175
566212811
0
890749091
1003986714
1031141381
580991908
897920031
0
0
531771995
0
0
0
110162358
0
0
0
0
0
625461734
110706480
38239475
0
0
367990416
624771909
897751178
963868873
0
0
0
0
0
534038693
1007323487
0
0
0
840495500
0
668546150
718031532
777979207
0
696174640
895225409
0
501803430
861813854
0
232380344
963665184
1059060079
630027408
857722593
926144861
79523195
0
188550562
269113820
0
69384052
162305098
856617839
952175573
597345026
0
0
907804859
225038540
0
0
865659752
8718269
0
134358072
0
887293336
302388493
0
0
0
0
640926787
419880069
0
0
38979484
1056364436
247213642
0
0
0
852843254
0
653662047
0
31313178
0
680597869
441583392
0
902315373
229629002
0
0
0
941490908
0
0
237928241
0
0
0
0
0
0
0
722255447
0
0
96850154
101681939
0
943334107
0
0
30849839
548001482
919936084
942668058
582057914
0
0
422255160
0
710002278
497082452
422805327
585272904
0
0
0
604440969
64519047
133048448
0
0
0
0
252773844
0
100811967
702677435
0
0
941047128
235487280
0
8317222
30670291
303630182
0
275164387
968753339
0
8130327
128957021
0
0
178023730
0
0
949296792
52976773
811102271
809203434
0
0
0
582057914
438282489
775652840
33941186
0
605162769
867112952
796222360
0
36277291
0
390999397
361341502
0
777242872
0
0
648488242
406790534
0
276973362
359315383
0
0
0
0
112186680
0
950594140
0
550169533
0
924568297
0
513809769
0
0
0
0
604104450
598464902
941721118
884465637
0
327585273
759603183
860903800
0
323885124
748610222
0
920139960
0
0
949794489
706064937
0
0
0
391478302
810932276
13271743
678240653
870410599
0
870046230
674680768
0
22534320
818751848
0
653698738
554678820
0
0
0
0
933972977
266897487
320523288
0
0
0
557799655
121222521
2318698
209413527
954092271
0
450367714
681124739
0
754204956
0
0
644179535
0
553478221
0
0
0
304612223
302734595
568661419
0
0
1008437313
0
0
0
234329848
824131137
783438181
828705968
0
0
692843732
927102888
415077026
0
256417728
0
6923473
0
0
269336752
852176059
0
43490430
0
869185070
0
1032273165
0
657463325
0
0
843656604
310067855
240089804
0
0
379418266
0
628970199
800278815
0
98958455
0
76802518
549995547
0
936595057
238060125
974296794
0
0
0
0
0
0
750542598
0
0
0
0
343827645
0
0
1034462626
273782977
746299585
764408227
567242619
756888188
0
1016155543
0
614021412
162995930
537913213
0
0
1015127114
0
0
0
88556248
246932717
705472898
0
0
306426236
747194075
0
0
0
0
430313130
749488503
277637712
474747773
0
481532036
696113127
0
1047752009
0
0
0
610989067
0
917483946
0
393293888
0
651051249
0
935400015
732767746
46117735
116491567
18293448
40004092
244974140
698688272
953687912
0
752838839
0
677146208
501068639
11375518
857244302
0
588585755
0
0
619572529
264127686
0
991631245
438171293
0
0
25096970
108302779
0
706397356
0
794229832
42062056
622928235
74044920
0
152326106
0
598282111
0
0
18735091
0
0
0
0
318446670
266075076
173615352
285479656
0
0
790670206
0
0
0
0
0
236738032
639351580
952057215
799982574
0
0
0
0
10708514
0
573731484
0
395254867
167607723
0
299499135
442254632
0
0
0
0
0
0
0
61543839
0
537962920
0
0
0
0
814943275
0
0
0
0
566121209
854774824
59919654
0
64201967
0
0
0
603320011
907788366
0
584789490
0
226683283
682919030
463091261
939845744
155113344
12051483
0
0
327177167
0
677321879
0
0
0
0
27145695
564196992
36645880
0
246161052
0
657688007
142765307
0
0
0
452467030
0
0
0
0
0
0
903035291
246882568
0
341247109
0
354941766
0
506325258
83468492
0
0
23441503
0
0
994097174
92539022
194793166
339826196
0
424816564
0
0
806427704
0
0
512388597
0
358409827
0
391035148
773377838
6898499
0
1023215413
67037090
456420581
0
0
968986040
0
536503879
0
545098686
504512914
0
598705085
467608795
0
928746730
196166931
0
1054282149
0
0
870760912
910149665
0
69394978
736122079
0
426864141
0
0
493929405
99026797
0
449472895
0
0
0
1031994518
0
0
515216352
0
0
0
0
853044601
0
0
0
864201847
0
847625755
0
930299398
1030603238
626470146
0
0
0
596665377
0
544359004
647972430
0
0
501068639
0
491502639
658232813
780635447
0
1012550144
0
226920983
77662663
368118445
420899129
0
638040027
0
601002287
267152152
0
536929420
0
0
491981174
730926687
994289316
726628079
275374965
0
0
1046131363
405822996
120739634
416039759
306978660
0
1054038070
759763704
0
0
570391355
0
808345315
697402755
598197584
0
1040360137
0
0
57272050
764001920
0
0
743109931
0
510313306
0
0
0
1017309111
972828830
1052641864
760049267
1053663912
770476277
161597413
144743004
0
802979193
0
0
0
0
959417268
6146186
0
942356256
649700409
0
0
0
435828599
566549349
320163110
0
110706480
358507763
935373459
0
0
0
437778198
815207745
0
190671154
0
0
404553076
0
0
641893011
866255137
819542785
682317289
612129839
0
0
0
0
94949982
550470646
228333823
495296587
553611597
904009122
0
0
0
0
0
405409256
271961767
383933400
492069582
145123182
58212836
530231827
0
0
127741294
0
356404277
701030002
242613541
482247396
0
310580282
0
0
0
0
291829744
0
0
0
732811960
0
0
0
779493731
921397059
0
0
0
0
0
0
1047678671
0
156676952
501433743
0
0
0
0
226010194
0
445551936
0
0
0
0
0
913042798
225177050
0
298883594
104426608
0
941141294
903484294
126774768
0
0
216964911
0
239988627
0
808640647
547461251
346587052
0
974854438
657648956
119900123
0
0
0
294048490
0
313468214
0
0
379110876
0
28744663
947077932
0
0
0
815557894
0
754669455
201386349
191809915
0
648432123
0
671475258
406618028
901575414
79239717
0
53015933
962672835
234124353
526975419
776373067
871136513
0
372538049
439731416
941637258
0
852532204
1031685726
876759445
585815513
0
602821769
182342566
0
225901955
0
512865865
0
0
0
377216517
92189027
0
739193602
30479556
354058303
0
0
180944069
919348315
0
653176733
0
0
381787360
0
0
0
0
0
0
458808477
336539057
0
378112176
919028582
1062235156
943818842
0
704744310
55798885
137694250
0
0
501303864
0
0
1014259852
0
0
842696148
0
0
1006483306
656890478
0
187926831
0
1008479597
135830499
668228962
0
455373152
0
223547277
0
577717600
0
333458280
821632401
0
0
316304916
348140063
152607479
0
0
0
808720249
0
0
0
0
99852703
0
0
638229123
0
656921984
0
0
762522351
123154405
0
856996298
338186199
371972599
0
0
429144599
0
116923751
395731851
0
951909061
963400314
0
0
0
0
0
0
0
818751848
359669670
0
327574266
0
627034445
0
0
555195685
0
1005432298
187219874
0
713457418
906037885
0
834514794
0
342814868
0
773721277
0
0
489989201
377222713
472751410
0
126324648
860285246
145669105
198023945
0
137915088
0
0
0
324992048
1025219894
0
0
0
247103051
601287818
0
981739757
998654029
795486865
0
497407196
0
607646993
0
418474094
0
0
0
870485765
770218932
0
0
922850030
738176558
38239475
191964269
746840616
0
0
881194136
0
972895464
0
33302533
1037012369
0
556920712
9850466
0
0
117756867
0
836407492
0
479101056
0
683292005
495300735
0
0
0
0
0
386925029
0
0
266153421
0
0
0
0
0
0
268464004
0
767149888
872478367
567052469
0
879537842
435154393
413432098
357268192
0
0
0
0
0
299122446
0
420966157
433954402
0
1025611483
126986782
53797962
0
575563825
0
576175706
0
0
664865367
0
0
0
0
0
952015436
0
0
0
0
0
0
0
0
0
0
0
0
116491567
0
0
657108570
188458184
0
0
0
0
0
0
0
410764023
0
353774224
0
0
0
0
419672549
13885602
741580536
975022206
0
0
0
0
0
0
0
950665312
454412804
200274284
0
0
15607229
0
0
216019097
951907544
0
666931292
223288849
38080240
0
530855174
0
0
0
0
858766606
986161774
744494280
0
0
618327392
400721642
0
0
682481176
0
0
0
213126825
920820489
0
0
0
0
780844447
857833175
572569216
0
818098819
180698205
0
867998693
0
0
217070232
921217486
0
0
0
0
0
0
0
782420662
9895994
568882725
0
0
149059429
478834778
0
607175226
551840779
0
0
0
0
0
436723840
413557814
239459824
0
0
212607559
0
168660049
73811778
0
588816314
121607603
0
0
0
951382006
84857295
478834778
470045520
0
0
0
225373423
670094073
0
384397473
0
393184105
493264650
472880537
661627303
0
0
883797331
0
218639777
821526588
678853106
35853073
141372415
1073647896
0
0
0
0
155320146
755393067
249761834
925671720
0
0
1067203843
0
1012839358
130397201
0
473120620
0
0
566248489
746269050
916989248
521736977
0
0
338138283
43857342
1040340621
769493080
0
0
0
858891871
0
0
0
0
0
979738390
0
583814867
812597684
936349837
450497320
0
0
45010574
838905546
0
0
0
0
487118995
0
0
278434772
59294458
471739072
56238808
1046619686
0
0
343937949
0
530692196
0
0
0
370374194
672794410
709341548
0
0
0
0
21816805
0
112391134
0
0
333722599
0
202031030
0
297448744
0
0
46837630
0
619548397
0
0
619198808
0
780921625
189827993
759398633
799103298
0
0
971787367
727055682
250164782
1272199
886741241
0
0
904719814
502165336
0
549594994
242807086
417332457
449194026
380880314
591952567
938553610
749737837
1068941871
694779238
288438239
570142853
0
587554612
0
326022647
0
485933602
74299366
0
1023807521
764292853
0
905265414
0
0
876067250
340559105
0
132620534
390222343
0
0
850528977
632639833
488713357
0
953632226
0
59079047
0
93055675
486677917
777109804
1008907735
0
445786842
160435823
348654822
0
1018526709
0
762345576
9023975
560430243
0
0
947531621
0
476032650
280079711
0
164574671
411459361
0
72136071
0
0
0
0
895455654
187131647
680562369
0
802577906
0
0
167502406
125380156
0
226077694
0
0
474925369
369307441
955231563
552126699
788278138
625889195
431833067
983133544
0
0
1023821726
0
998448970
554102320
690056366
620504336
0
494630976
865011002
0
285649462
0
446010605
874126158
0
129060360
964622331
250413403
0
24499045
0
571675739
0
0
40162295
835530667
441811346
0
0
916367634
0
0
575405031
0
0
123810768
640018651
0
1003176822
1047888574
0
19548156
796244159
0
681823450
0
311373965
0
247569924
600950658
756142893
402931279
0
290785370
0
304776744
0
0
205404206
0
329387216
0
289428385
762855815
156826155
0
50872040
0
0
500281168
0
928932821
0
0
508974606
962789670
0
326026539
0
513504654
802102605
0
0
987772187
439609502
441662652
0
0
382744505
0
999667752
211507230
425932393
392958979
0
434523980
991568435
0
962624766
881955046
154709794
0
246688682
834534995
882957036
191252103
0
0
0
586271202
630996336
0
978672803
0
755987262
0
0
385129576
0
601868392
0
233693432
0
503723903
0
850829971
613686677
690733127
177647055
724776139
1048864619
17137718
0
9293550
0
549057933
0
541440284
678525426
811412473
0
0
0
125380156
1016019283
1039801780
0
297721595
393731626
0
0
0
356449874
22783971
290332930
0
0
0
0
557936300
656756084
953070378
0
131878143
0
824456952
0
549352383
0
866536940
77180816
688199650
0
0
84024983
0
814036867
78460555
0
901739608
873152104
0
557759711
0
0
1019945186
1046537773
658558793
0
378700555
881579500
365453536
137235271
0
0
0
0
671859911
0
0
554649823
0
7572699
0
0
0
0
0
0
0
0
536772999
98892926
0
0
0
0
0
486463547
729359579
827808742
47741448
0
17104497
433405186
0
811457842
0
0
502342055
1009456713
0
909630683
618655192
0
0
0
0
474258743
979506005
0
748462559
0
728336531
0
0
14874403
704425855
0
0
888190417
741266057
811962084
0
254209960
342637135
601631542
0
848341778
0
0
0
0
183615007
0
0
308969286
0
0
197760256
0
0
827015786
0
0
636210347
0
0
814036867
0
0
334809653
22543964
942752409
532575061
0
0
0
576757030
178186924
230337810
0
0
0
0
0
0
0
810188739
0
0
0
0
0
167908945
263640586
0
855995545
0
0
256585895
0
0
0
419102608
0
0
0
0
738405537
0
267317118
0
0
221630332
139209385
0
313044047
100962127
0
633282240
518150603
705604236
0
580142186
0
305436208
0
0
902818617
271961767
476052569
0
22819002
0
366310943
775184149
0
598631865
0
131786335
0
108000835
0
237726410
809554989
0
0
0
677543864
0
724808198
891822942
0
853123943
153800775
0
305061634
0
364667205
0
574321324
932341772
768580727
18659985
0
0
760705868
0
888450714
226796580
0
0
1041804831
245609405
0
0
0
0
628044142
310600885
0
186587335
772581922
810664528
0
0
744794444
0
0
868351102
414992159
0
0
744301832
40004092
555334621
283141981
667024608
0
0
128854258
202891011
0
566710570
140127898
397794931
0
220839943
0
58356683
768444315
222038388
786693282
241680164
189894098
611261655
736329403
86133442
0
438100737
436820680
0
0
0
0
277416541
0
0
0
408521300
0
107270632
423895584
716234595
0
0
0
976688007
585662552
0
46338826
0
0
486677917
744301832
555139293
0
702714426
205484524
0
0
0
0
0
0
0
0
296161737
90141797
940816588
0
804203309
0
961200314
0
0
524487501
994501609
0
0
427958147
445162297
0
0
0
82526313
0
0
1002143276
0
185467312
0
844765936
0
0
0
0
111381131
656206579
899933139
0
246882568
13550738
0
0
0
189894098
313860031
486904962
0
273160718
0
0
904056877
57223940
557831895
0
0
0
355882161
1017032137
936055159
0
0
0
0
0
0
496339650
678254186
0
0
0
0
0
912169388
0
347505533
112195907
0
154467759
0
0
0
568003500
142765307
965774934
421272982
0
468716510
0
469502202
881955046
733884019
0
0
26761519
0
0
603606840
542207186
447899
0
1012283106
878868882
691709134
0
881567810
0
0
0
0
0
1063606689
1068548142
0
0
517598138
968018414
633330963
0
0
0
821111917
0
766552888
0
0
0
306421876
0
8069332
0
869348418
259844672
0
0
858891871
0
632443091
291891402
984286356
530100432
645040304
0
569346634
0
955120337
500410132
175797139
516016452
0
304481677
713194373
68044467
0
0
0
538172335
627407667
484211078
154579825
0
306536562
0
0
0
0
685557198
578424240
0
510640098
644948177
0
1057405835
0
0
471785521
0
0
0
942967565
914942851
1022816627
0
0
96251717
0
173300715
484252615
0
732118216
678543555
51196604
1055390489
0
920547983
345341687
0
410444168
0
991631245
334566064
0
0
0
0
0
0
0
0
0
0
653406444
196529773
0
0
366534644
354027058
0
865380091
0
0
92404195
0
650030024
0
187492922
106317332
0
649552237
0
102605979
0
0
0
419607087
0
261363990
416465850
0
565243710
0
0
0
1009607019
359975121
798036004
677349053
643957009
0
0
0
990241693
365341958
871637684
0
0
619713682
717376173
0
0
917917689
0
42880352
0
941210449
231968127
488626304
325512458
0
880520359
893486698
0
0
0
283737462
939845590
211633427
379573809
0
961706805
0
247917652
414988881
0
611732744
263349844
0
735077882
1063887355
0
0
0
217437433
494592494
88666393
496343704
0
0
350804986
0
477935221
0
0
291146107
0
346282182
0
901122859
0
0
0
390314789
396848411
0
466757925
0
0
0
0
555831517
986802990
950347840
0
603535658
0
0
0
0
893353155
761353521
631280617
0
513835764
35536483
0
0
190253990
0
885000517
0
0
0
993109210
842301736
1028959837
952429623
1000375737
0
843086267
258330849
271022294
0
580968770
48632265
997933414
109589959
430348674
584408142
0
0
72996926
0
645040304
0
0
245335809
507667619
0
0
133222971
0
0
0
883390141
870834048
0
442524952
223551135
0
603096673
525526225
0
0
0
0
226190808
924122518
603863453
102337774
692000041
494968333
549604744
897870636
221065976
0
652824724
290434499
287530117
0
0
0
964942408
0
718670225
143830443
0
0
0
0
949973926
290219174
582933144
306353498
174350032
0
0
891075636
0
0
0
0
0
289030151
824736235
0
0
547956827
0
0
164813840
0
458976694
129250817
0
303147005
0
933300559
186587335
0
465748771
0
531866680
0
0
483475454
0
372645635
0
878297936
81127687
0
997808985
0
415861804
102337774
903846612
0
0
0
0
0
0
0
692339849
745705860
168385916
548802217
455889410
1059500628
522028940
0
520845527
313084036
28443123
0
609307391
352191508
984841504
0
0
0
0
0
783933151
0
306216485
0
0
0
938831652
992149994
0
410784936
0
415059363
0
0
0
585653834
169950983
0
643868500
0
492193759
297892992
637507487
664043908
0
106490326
0
76853466
634811174
942214644
0
0
9609542
0
0
0
0
0
263519640
468716510
0
0
608851899
220227620
288882561
0
0
678592805
0
128890096
170340113
0
0
658797058
0
0
233099784
850315607
0
0
0
991631245
977807306
555166490
0
730193089
150253258
0
510967229
531490114
37812836
706418208
453015838
0
0
725468959
0
0
213443671
939162232
0
775217163
0
0
0
0
0
134303701
0
0
191579476
974155087
0
751931207
0
0
0
730986892
0
304042333
0
0
0
0
0
159412576
0
857045769
454989987
203473939
883843935
540653547
0
736684560
495967888
636312063
238651042
928037496
398127126
0
110033825
0
0
0
310962064
0
0
1031795561
498689092
0
0
593915908
0
0
446836840
747842884
209990825
678807043
0
0
610324962
22484122
0
743355261
273133618
812852090
0
0
1047252607
151995771
0
134273216
1032007738
1002239030
0
564497676
1033284322
0
820876200
0
867842552
0
0
0
243654525
0
0
643032131
33767592
0
0
0
0
0
873407556
149064553
0
0
662741818
0
0
0
224720948
568743585
381374637
0
648899400
0
433937004
83723826
851314130
0
976472783
41534158
0
0
0
844796576
1008128739
35896978
0
686237214
21341548
0
332874096
939845590
0
117498079
187219874
0
0
291056414
465753554
0
272610699
0
38072893
946422489
0
349345499
0
583338195
560930951
0
678777892
512446300
0
0
0
0
0
1019499053
0
1068635467
1018460684
660926333
0
363057001
405648282
791507511
0
315722244
222719302
0
0
297366499
0
40004092
0
0
157643903
0
0
0
0
0
0
816250309
229567205
838048227
578143630
632532163
374370534
0
305909943
0
0
0
980317754
0
1003113704
429661242
603123831
0
0
0
0
0
70679574
779723162
0
0
0
243454039
433618932
49997110
809420976
0
451813923
0
0
420416868
441786860
0
860664031
798974798
486011399
0
778986259
976057090
497169401
501587724
389331384
0
139517764
595275830
0
0
0
0
0
716741495
0
427596857
0
371825827
0
979203244
0
757518910
1068001846
899548354
0
0
0
976788004
0
0
0
53686644
734662022
0
50081103
0
93650386
778212341
790141008
1036075901
770395856
551851213
130974070
996311798
33276839
0
0
0
40004092
312330887
0
210443827
1007994228
0
86509706
478051061
962872279
0
0
0
0
0
2086929
0
464333545
57083512
0
95801378
0
109196659
0
14273621
0
625403499
0
765135063
281347642
71696818
19007034
0
0
995904654
0
17279900
204180549
403708635
0
0
337848202
929315604
533619480
0
0
0
568187951
240581698
0
12907547
494300612
349563612
163453960
0
0
1057601119
0
0
931585511
42657242
0
0
919118274
0
480714048
0
866392171
0
0
422456513
610178902
153003946
74456457
550344765
323618427
0
0
0
159005294
0
775186829
881532163
534825071
89526644
270254334
735704564
703049386
589115169
0
0
636419309
0
49362003
0
0
0
491868328
0
753704134
0
0
0
95445327
379386843
0
0
0
1065924159
0
674370351
303447982
190786821
518516093
0
0
0
834034351
0
20891026
405742718
142765307
607369987
616802133
946956456
778530056
0
665715738
934080096
1004271946
0
667280336
0
0
659522930
0
0
0
775699091
383795389
462302895
0
913447309
0
1032957981
254313664
0
149490112
59315446
0
0
0
0
531234139
0
0
0
552434767
0
792461202
917379046
0
0
331171765
129675496
419225027
0
0
0
709620488
0
0
0
0
563580073
0
0
390073859
0
0
1020621204
719562227
53958437
0
0
1057702524
957462716
635135355
27017015
0
154445256
0
0
917269804
498376450
902088033
0
0
192759927
858235187
0
0
833824598
0
0
179137407
328659602
0
0
0
0
0
0
0
0
502901058
689356466
385044428
0
0
796861955
0
1026174953
921969771
1047701459
0
0
735821502
0
0
681600645
1053732199
0
0
1039509730
0
0
2320147
0
0
0
920547983
225318322
715407152
134733429
0
235942644
0
568913598
0
210329813
0
0
400778842
638989126
483015862
0
377701867
0
775470803
0
0
1033841973
424816564
0
800708767
24896038
0
0
801510630
0
0
0
0
0
735453365
0
0
164523716
0
98106125
216345267
0
0
835467369
19552980
811834896
0
0
0
0
107230541
0
335664520
0
961677255
0
0
590284003
0
0
1065332726
530322721
639135956
327979512
0
714737925
0
30258360
539398331
190152392
0
1027818116
0
656238239
0
715726243
0
402541445
351789280
236214081
228946920
324841163
0
0
0
0
0
0
363323484
0
256585895
813563570
809322155
638974342
0
865224041
464043370
0
0
0
356253106
0
1061778894
0
662718072
150694438
291471234
626193855
0
0
0
0
14973172
0
333691541
618247119
0
5983435
903344467
323657641
0
0
0
604091727
684709638
701541517
0
983805899
877986599
0
353648454
0
0
0
0
444375790
867883008
0
862096130
0
407080972
0
0
1016956038
0
0
0
0
0
0
0
316479328
0
0
0
0
498008479
0
896459656
0
0
236605282
0
0
5174911
104915457
0
0
0
670572346
0
0
0
0
407453531
1054853842
459983485
623223338
1047031285
0
748675617
1001799547
725500500
0
483220226
768944934
344178462
0
141068960
225820073
0
125132053
0
0
0
0
505735933
0
0
91465775
769453464
0
889432473
593174114
0
0
0
53958437
0
262939689
0
0
804793309
0
0
0
781679703
577930345
0
434371418
606131028
47353157
0
0
0
0
0
51483313
0
0
0
0
38524328
326267398
622252195
311758490
0
0
975293512
0
391987556
927412843
791021302
0
0
914696554
670824872
738285621
0
867560183
100006908
0
691881871
388218401
765996941
213746417
1044940077
0
0
868368167
1003871085
0
289445648
0
517994972
0
299853407
0
0
0
0
909026679
398100344
0
0
0
717387525
0
536147119
0
258202465
349563612
0
787004812
1067335458
0
203821519
0
339826045
564666445
0
45613888
736684560
98822468
907800824
414526718
0
452987305
706232258
480403029
543755918
50568916
494253090
872492951
686200798
429239702
857922327
0
0
954738365
583668749
635131154
579923453
0
149127927
395965549
0
0
0
0
0
0
0
430762881
391128306
474600028
700038391
968539652
490645336
604255055
246650122
0
0
48948484
691972581
677341820
0
0
635455243
0
0
0
949637893
483452926
601632139
290640831
0
874126158
0
0
610351634
460031788
315800683
0
0
338478833
375760519
917013068
808274189
209048370
0
0
0
0
440573535
0
0
0
107993590
822943676
0
0
0
0
71526457
342432225
479784390
331260922
0
0
1016889353
0
0
771514784
0
0
0
33664401
408724407
299933133
856655070
0
137549963
0
0
0
1007637287
0
0
0
226645186
0
0
178560543
0
0
0
0
0
612327117
181136886
0
0
0
0
0
0
843748602
173959463
785382345
0
732858773
0
0
0
450115629
728698722
510981464
0
0
0
930684717
0
0
0
919685268
0
0
0
787398176
0
873729269
628175941
51081268
0
728275401
0
58220831
0
766484451
956267295
0
0
752529998
0
998708849
215380125
989034866
906810148
840904304
0
0
0
0
0
145766094
0
252304081
0
0
0
771732789
390314789
1016717862
0
0
0
703553819
351872173
994192539
0
0
0
602521803
279704318
739657846
982327153
754220384
0
0
0
0
46094397
0
0
0
0
0
0
0
0
0
183708123
0
0
1069490202
1038616160
0
0
0
0
194979416
931148119
70943949
35905550
0
641383881
0
0
0
63727092
340601328
0
0
57528788
87362820
0
19234767
753393598
19561674
0
0
779254799
0
0
1011869844
489135647
0
0
0
0
0
496147606
546101043
329171758
214305091
824891535
232453528
0
0
0
355882161
162114235
415560122
0
0
0
237362443
0
0
0
738893701
1028607077
0
532174806
525517467
491215414
561131660
211230081
0
0
317414445
579858832
318283208
885460748
0
0
0
105873430
1017798884
941707298
766078226
0
0
0
473317064
559733042
184581327
0
454690759
0
0
1022811443
0
0
0
966264240
899128091
0
0
0
0
0
993774807
0
175776752
603453838
95346423
0
0
0
219942831
532798512
0
34723274
654071042
379711665
0
390314789
554819726
1003592784
0
620553652
0
990860276
906160549
0
173673709
0
0
255693909
0
0
319853847
916292597
966171266
148279015
639517366
516539590
0
0
0
1071343067
0
1024261977
501019716
0
392027449
0
0
38297470
0
804676888
0
0
567061812
472879863
845359890
10501954
315012258
0
0
551164361
1015793345
0
278545275
707881011
0
0
234560916
901634666
1021357080
49997110
0
918917842
582373527
0
0
497716954
1042030554
294363910
119456759
544514565
299850951
0
0
949617062
0
0
1067210460
668294964
0
244887878
899825077
0
0
0
223528025
819393518
0
480885220
0
0
951430480
0
587032294
0
8344080
0
0
658298572
341044764
78035867
602925045
0
585313936
452228008
595012950
474643240
0
0
530149042
0
0
843027143
0
0
0
694527902
0
740436712
826814842
1047015466
550010817
0
799080812
479129008
0
0
54053435
280999733
0
0
521631653
0
436087689
476731279
0
254047765
1039412106
22584379
991631245
193455915
0
0
899825077
0
935260095
0
645967867
561458893
369004451
264191247
0
0
577847403
397880773
1040531175
0
1053712664
0
289139698
0
0
0
0
230874187
712994994
0
107308009
645142881
0
576500140
0
0
0
0
145551855
0
1026422888
0
43701491
0
37366348
0
0
0
0
0
910382948
1796137
0
873794210
0
1030660492
393748479
0
24721223
60013171
544828401
849549830
768309661
617638257
987619223
0
950984005
0
0
348815056
898642889
281176610
808689417
154283291
0
564387641
957801629
0
0
0
0
737552656
772774991
0
0
634003521
0
885793167
970760363
0
150949384
660823196
187181625
868875652
932851030
580546540
0
0
0
0
756928146
0
572725074
967256109
0
342885996
615073932
0
80222365
953943501
493502571
0
0
191510778
1048559718
202664905
209304579
0
231951263
0
68836529
0
0
0
94039693
0
0
470232565
0
970260905
0
0
342911985
0
670824872
696573874
0
0
1042816045
329437978
0
1029395006
645967867
0
597645691
1012290827
149477761
390314789
0
855252361
487825150
0
0
0
0
0
748690908
0
0
498812754
756024109
0
404390674
0
0
745816422
0
0
207507770
0
624701006
0
310242930
283074513
0
894679583
0
872008645
267952997
550238695
700043652
1034721586
0
506137794
0
321183186
802392382
342561820
803749488
485122515
0
776093629
0
35181501
124467696
715336291
605574622
612768555
0
721527758
1052076634
0
0
0
0
836113918
0
0
157712890
119541419
414434005
442192909
0
101199542
671814981
439242018
0
0
0
845215840
0
850960430
656462645
38239475
0
925778299
357677915
0
713458223
0
819309729
66662476
109991281
0
0
0
847310636
0
910608725
579433149
0
0
0
530646085
0
195640767
336405499
0
800273637
0
575432673
0
504409213
0
584962670
118673909
468716510
0
249934695
736523459
364083021
140329031
613430691
266556603
0
559256389
719250833
345143952
874126158
1023678634
896690244
0
0
0
666648400
193852320
0
1048816920
0
0
59891497
1068096061
53958437
808750304
0
749396302
0
0
541419212
70755224
0
714007028
924435532
0
0
0
568331427
0
0
927536495
0
872525056
0
488430118
0
424915968
449151800
827761598
0
110558340
433752699
119456759
609356707
0
872966046
0
859106580
0
0
0
684777721
458705550
521261777
0
658244805
0
720369929
0
0
0
0
137032278
0
396466412
0
0
1017967268
622922449
537132076
328093780
0
0
583166491
195537505
268914134
206826789
0
634911435
604470734
677082751
0
0
811780019
0
0
60881952
0
0
916989248
0
475314158
0
548284260
308034026
34972933
135391883
816567600
0
1024547098
0
0
0
0
0
60100492
0
569032344
1072484933
225155143
310504475
0
0
0
0
430603118
0
0
0
890124852
0
0
370750368
0
0
567773726
849438053
894981750
266959308
0
0
0
116252244
0
77125060
0
966983970
0
0
924942984
0
0
1065784640
0
441807576
0
287910370
0
526019593
349132572
0
433971939
641447692
0
929477798
126161996
0
744135288
0
0
996373997
663080925
829868861
836870874
0
1002823714
573156139
159741625
0
990201543
975866468
61543839
598573659
0
1004164206
0
719155822
0
313479004
713084024
1042868043
326738987
1036753463
0
823040866
760638075
988464168
477583981
0
0
0
0
657238372
729698854
65743392
0
0
642360977
34346220
663243695
269243487
523845471
964828312
108753128
355201903
496147606
0
555963829
0
0
0
0
0
460486268
379257008
973640642
772428483
0
0
0
0
713324184
0
597531419
0
0
223738988
293684190
0
500590940
808230604
635123871
0
691263282
0
1023921526
0
304630118
0
0
256400081
0
115632393
178502648
261258292
0
0
378777533
0
652493262
0
54642103
0
0
93602533
0
945698895
935493140
0
975097054
452152187
348351220
670824872
1024835838
950094134
0
0
0
122618023
111263053
185881471
283720511
0
231705619
164464331
0
1062660697
174634600
321197376
970760363
1068357846
0
0
0
0
679892780
1138942
616337665
0
0
306862564
469946415
890917478
0
592099850
121158187
730105747
165447655
0
167178041
0
0
0
0
0
364902607
0
732853776
0
548425443
675870211
0
0
0
211379907
0
0
1007865365
0
442476450
49051108
443775178
220558851
250828467
947116539
0
0
877967770
152165644
92379097
485692134
40478514
496474656
0
948411651
0
0
88394703
959486946
0
144986569
722468267
700000860
0
276891233
440369336
433615358
0
56708573
0
0
118432211
0
0
0
640064582
0
108388730
0
991631245
0
0
0
618943412
302845138
0
0
0
743729376
0
0
720207402
0
863566910
678146924
0
0
0
132633185
768008682
316866894
659655593
879942239
0
280454504
0
585297571
340979971
448462086
247432135
481229174
0
0
806076748
0
479565959
728200300
0
796806699
0
0
0
591529200
440758677
570574593
0
309872036
0
0
285487715
0
173958380
797445767
626287267
1057874245
0
349695604
1062776899
0
0
434081396
71377117
0
0
455206256
879374535
0
1033905584
0
0
0
0
0
61543839
256919309
967069212
0
0
256021131
876112620
0
41405635
0
863847983
418619499
0
290655163
0
0
905991001
0
628849225
0
705692806
639468145
49084701
0
408505416
436510682
0
337164376
0
0
937805159
0
301938890
0
933325630
1015428520
740413740
0
105947443
273567427
300082464
1052612816
880340941
0
0
0
0
639000614
0
0
141936532
343894258
489221310
0
1017078185
329387216
490785785
839754354
0
502079809
0
0
190806449
929381469
499622457
0
992816819
0
0
438714868
303406602
988323162
280966852
777438177
676456631
765779205
455171497
418195945
0
0
61207634
252918027
0
0
0
0
0
884470459
0
440711046
474460017
828971951
0
1024261977
0
0
0
242111662
654986045
0
334648986
0
0
0
0
0
0
59454826
64522462
48622045
0
0
0
14341532
299292094
104360295
0
572209905
0
1038402988
830846921
0
0
0
0
0
0
0
0
0
0
0
1020772350
858670122
189894098
706729486
0
567638236
55247713
616799928
455835998
0
184274932
0
462747785
0
0
814604923
0
881669279
0
0
20607470
0
0
0
0
0
0
408378801
0
0
0
1030029077
0
0
986359068
920069894
269238514
0
0
1047123154
0
0
892952234
785030464
0
0
0
0
0
789635719
0
118673909
631466274
0
12710970
0
0
0
0
455152102
763690417
0
714753594
388901659
0
0
985368368
0
351469095
649207210
0
0
0
445197355
0
166599043
24896772
806778241
181611072
232992085
934224607
0
0
0
774350060
0
816513624
888327849
728878582
0
305123001
636256865
0
56433204
503925353
151112784
0
597255441
72756507
0
0
0
0
406233174
215447431
45581013
0
701045570
920871526
0
0
417840152
0
0
0
406771501
0
0
0
0
0
0
0
1065458506
550211285
280966852
0
563272735
771086636
0
719280687
0
687418966
798029813
0
0
538172335
0
469846105
542078073
0
19806228
357481031
0
0
798153595
923295935
0
0
0
846282010
896661543
0
488514824
1053001476
238118768
0
722338595
918519827
0
0
856570226
92687394
73939120
143994606
253497587
386365322
0
0
0
0
124561384
0
252599252
161360245
357129105
0
404097652
1036487795
857852923
419218070
395434486
790283501
569022973
290948426
0
419142646
307841175
0
0
0
700197452
716693695
129933388
234129705
792435716
0
782197770
0
0
0
0
0
0
34194361
26918950
0
728404406
61227204
0
1048444579
0
687818052
0
0
976756971
625105454
0
0
994999177
1012504077
4809310
415554807
67116552
0
572430981
484048532
388979047
498987165
99214403
915039526
0
0
0
1003093656
0
892628549
287695802
0
913806999
13635364
77489991
793424153
0
107008523
0
1026023784
749847027
0
0
933984963
0
0
0
0
0
0
796213419
1007079468
213901904
734791566
0
0
708954412
0
110706480
531261543
0
0
0
0
812741676
337247845
49432603
436536172
52093878
983973510
38217010
1059974466
650329143
0
34763838
485407083
344923029
0
0
0
0
0
531803965
0
54189072
0
387427621
523631130
0
0
0
989862484
984642378
10754887
452152187
0
763321461
0
0
0
826814842
0
41299468
0
440943129
73668212
1067686790
0
3874993
0
0
0
434326221
277867220
0
515461493
966555269
0
37973547
0
583855611
0
0
0
0
0
545100623
0
180095864
0
204102916
799927345
0
184581327
0
0
285713892
0
0
738137903
0
802133750
6344710
0
288864477
0
0
0
242492361
0
0
37209784
0
798029813
549826960
0
412173472
1017049822
0
0
485273856
742959517
702492763
0
0
142967926
160410568
0
467706262
0
0
536976215
0
569022973
0
0
0
0
0
0
0
598925421
496770204
83131930
0
245034649
495827749
0
0
1067160927
468716510
0
0
738990811
0
49362003
1001658940
951767215
836443634
0
0
0
941803921
929287003
966981120
0
863330188
0
867067508
0
0
996798038
0
0
0
0
0
0
0
0
0
0
0
308074194
28176427
1044244914
949643481
824727075
103097656
0
1031380689
53958437
0
0
845924072
930233007
224367939
0
0
339234302
0
401235137
0
240370663
761694350
255681519
1067326633
390413923
14347302
916989248
335086644
0
0
0
0
741192503
0
0
0
425068287
0
239784226
735522690
237178916
0
0
401340442
0
760106034
121331507
0
0
154062436
545240317
0
151092427
0
0
810567371
922599580
0
558287312
0
0
0
1018695072
842806456
0
1037367045
584591475
0
0
0
91188560
747826739
0
537389946
0
0
208849919
0
145318057
0
803114894
884914197
759968872
0
424816564
635163384
222393134
0
0
71591947
929133711
0
200831267
569521449
0
399857263
814507793
0
382554392
0
0
0
72576455
180944069
987159836
0
666674503
11377201
929285721
0
988119345
912672843
130888365
0
0
59454826
0
759123977
306998425
110003288
671734599
995273051
171151169
457344633
341052027
0
330649948
0
536159082
0
14854012
93718296
0
157766353
531974490
0
0
0
0
304543915
981878268
0
257852187
0
615365502
790975530
1072373387
399062843
0
0
0
0
0
0
197183317
922947930
0
0
812661011
0
0
888182773
0
17910732
0
0
897203603
0
761508082
0
1068511070
0
62929872
0
0
686440064
999260337
81127687
0
713872251
0
0
612522163
0
0
882634520
0
0
280164645
326567110
905137226
0
0
1056717004
11789942
277101597
886373001
309496367
0
1036686740
0
964128221
936193281
0
746226143
0
965204501
0
0
0
557049578
157386302
0
0
0
700832605
0
0
675407661
0
345478178
198813254
0
0
446780608
972107978
0
0
956273223
0
0
0
857392808
0
64657869
0
0
0
530494632
697585892
0
701296456
0
234311672
0
496879227
0
0
916099814
0
370745649
411510277
540229487
0
390309749
237673490
412333759
0
0
616365152
710248877
0
280357828
0
0
123524924
463846840
664865537
696715635
489989359
0
900861621
807835434
0
0
0
0
961606704
0
0
825126664
219224212
0
0
0
317522780
97917331
1023734186
227594183
756982490
0
0
0
0
0
507263990
828116034
99116098
626218246
922475405
814036867
0
0
894290870
0
218460407
1072640234
756192284
851111876
0
0
338154144
0
469617311
719609137
0
0
61542981
58067128
536159082
0
556095240
0
445850905
566172404
1004894418
222047336
1019395079
581869235
629139616
0
0
171633751
0
0
0
911097125
0
0
62112316
0
0
0
814036867
0
0
334674324
731691929
673455489
854749371
1060854570
0
0
55304181
0
1030546031
0
149966137
422264523
0
0
0
830984187
396223073
968759986
0
0
0
280655185
957261222
0
982053387
0
0
0
0
0
0
300552556
1035191464
950094134
269163854
1023485306
286715030
0
477583981
736182593
821724869
1006567829
302870283
0
434093302
0
0
919066660
0
114635358
0
71855616
0
0
743027476
0
0
0
0
1029712320
196685600
0
26611059
0
327139573
744500805
213536562
284261952
0
0
16268091
0
997225134
0
713511717
0
0
0
0
0
959414198
231386640
0
883389323
0
131936846
93172547
0
490186600
0
788268540
0
382526558
154579825
142765307
0
0
652834255
949222319
1017941375
0
0
0
0
0
0
0
0
577631417
103732878
193455915
870957064
266447960
6083641
0
0
0
0
0
0
0
0
0
466705809
79467614
950171528
284614242
0
341652619
0
0
487963624
647103664
313331205
0
0
237178916
0
0
0
213198064
351658803
682122913
0
309625977
0
0
0
909140248
0
676940340
593744420
0
0
0
302496713
0
0
0
0
0
288672441
107943856
0
0
999904327
0
0
0
0
229100485
1001976257
0
1052415338
0
255722731
0
266447960
0
0
215074476
222429114
0
796654810
739540356
0
263363440
133865014
0
120417977
0
409784285
458953675
301775821
0
0
0
0
0
0
0
578885719
1033627484
0
411714963
284767653
0
139245254
0
0
0
107530765
0
926860225
0
0
0
0
0
702543546
0
854632101
0
287765742
0
751341090
552411650
0
0
0
0
268311794
384068508
0
0
966360078
0
0
14611174
0
42115602
774350060
0
0
346686448
0
0
217824387
895615915
0
777320027
936596677
1046742081
299533389
863008303
0
879289034
0
0
620990588
758558765
0
0
1045048839
525450980
830266702
870334744
986064658
0
727810087
0
0
577334792
750106931
512009269
371482596
0
0
743140112
161605505
584252725
1026158153
483015862
765601262
0
279177296
1050044115
0
95186450
435573287
526843233
141434954
0
276450695
565791773
0
0
0
185818285
136012316
0
381798111
553651783
0
0
434116900
914423960
627143411
0
310938261
761102517
0
11086752
0
754436229
0
0
0
677804341
420021781
940319317
0
1036458504
0
641347805
532206963
0
0
0
355777125
0
0
0
11343069
0
944733548
395460952
138401775
0
977933267
0
0
869847573
0
787090009
0
177042893
798591742
0
0
945102078
684306948
127381169
0
143802327
0
681184297
571493260
0
2132551
496234940
0
866238736
0
0
0
74958044
0
357963458
391673133
339414503
24611779
1030983364
1010429626
0
860196344
876118708
0
891536320
1071413006
0
0
189894098
164250786
0
629405601
0
0
151817428
433376422
720201058
1025917044
0
484080972
1046245674
0
614614343
643781136
0
0
0
0
0
551058272
0
0
451105625
0
874126158
0
368194354
0
433223010
623030697
655087200
767520687
0
342166377
757789939
0
697186668
23983752
0
72429730
839412804
954157270
0
0
500077059
0
0
0
0
0
40964966
0
206266365
384321386
765057390
0
156712626
210773662
303147757
1040482676
331131499
565996013
211449445
460178159
110706480
339234302
0
0
349546577
0
0
0
0
457144274
0
0
621952621
313712483
1002413914
160655704
0
812798682
0
317878366
485725954
0
0
0
853695525
274576534
200970294
0
0
0
477391677
40813227
944770222
322997240
0
597654624
0
849044213
0
0
0
0
20611706
672501086
422094912
567706804
0
0
422648165
0
720379986
836433232
0
0
390977153
939391705
0
594459533
833919922
819129182
0
0
0
458040943
0
0
0
481621499
0
0
0
290936833
0
961152335
634907878
1004177367
0
110115242
0
44078923
0
0
824610110
529488071
759405705
930910514
64283471
445878311
0
158939135
54290424
768960900
0
95304189
0
684977192
0
443852678
0
0
0
802178312
226010194
335561595
991631245
0
440911219
86748678
0
959439574
0
0
33993486
864537829
21674598
0
318201133
0
31869342
0
0
0
0
0
600640523
76623472
0
41037942
174619403
0
1998127
0
0
61543839
0
761782475
0
0
0
0
0
800633579
167178715
0
0
0
0
0
784473292
314560906
706486497
1052098114
901972170
379663900
584321415
405924370
0
169756103
435537861
417699566
536118932
0
391537087
0
0
0
0
0
0
0
1069533414
306098083
0
364931704
0
298021615
802102605
0
440326154
559557392
253573701
968392242
244018335
0
0
0
0
178848156
0
1030778065
181214496
0
1004723807
0
0
0
742349498
0
258379350
560070665
0
0
674307284
0
539615705
582395263
354433618
876042528
57830508
110712581
0
173058445
0
0
496261633
0
0
0
905494456
305198764
506077562
721320013
0
0
673002265
0
0
337661267
0
203877633
0
346665462
0
0
0
0
0
0
773101060
0
0
0
339129623
0
0
0
809212339
422991113
0
53395335
0
0
1032114660
335945136
0
395019187
774350060
699492424
138628322
0
0
891536320
350145610
0
836171273
0
996999161
0
1019999541
0
232260002
1072859380
16591022
13679929
0
0
159201682
0
692309415
0
668396682
896969694
0
0
0
0
307651866
921258766
497282802
0
0
650908888
0
0
0
0
581468871
0
540965111
0
0
0
0
0
329429147
142765307
88691827
0
24031016
91419559
0
0
0
250573291
40004092
583598830
341928882
0
0
427619843
0
0
120148151
769884498
868974949
0
628050896
567159993
0
709479002
0
0
635997340
611057714
0
0
810035093
0
222472802
869814494
667040692
437915654
133074685
97921296
913586011
499532626
0
1065231211
974814318
0
0
0
805021599
0
895252013
0
302726199
0
959940869
23390997
0
0
1047270546
0
0
0
1061155816
916989248
0
1299809
0
0
0
138604739
0
0
0
0
0
573187117
968922268
0
0
210317518
0
1054846273
0
853435
867393813
0
827087107
0
0
0
596693156
184932337
0
0
0
278842634
587554612
52794319
0
0
753096972
0
843086267
142765307
0
0
670824872
0
167183897
0
0
0
0
0
0
0
443773720
770133019
982397150
49093686
1072730470
339234302
598898223
820823330
110706480
0
786896097
0
0
415144272
0
0
0
0
114954263
615063610
243902145
0
571480805
598898223
171690763
0
574997685
0
0
859472684
797776944
0
0
0
333091479
0
0
0
0
0
77992084
764742518
0
0
0
747811020
1049598097
937965559
0
882999147
0
469392695
932510357
863778193
0
0
0
0
363635708
0
0
955044039
0
0
0
0
0
745025001
415554807
0
269089455
0
0
0
683784742
0
913286761
0
0
0
1015531207
0
0
266672074
388710954
248415187
0
0
201948052
339234302
0
887112282
0
0
1073038923
0
875005821
632063023
756534861
0
0
0
504980169
0
398410601
0
672885346
938177365
162085686
526983222
928707754
829265731
0
0
810477389
0
487277755
120803708
0
309163784
0
0
0
0
0
1025800602
0
0
875810712
0
415554807
0
0
0
0
0
280966852
702524374
0
0
306542148
270500815
788270743
496770204
803384470
836796629
0
32775205
0
0
33984945
421240795
432157920
442511740
0
379544867
311580595
592084394
71350469
954590755
796534965
0
0
0
0
0
272328360
1012847673
761569081
654986045
0
0
0
294471652
0
421235307
807576898
0
0
0
0
753357452
938462622
519723678
0
0
0
591396246
0
334307302
0
0
0
906416233
983537508
0
1069225593
0
105947443
0
0
0
262651909
541482740
345070654
0
935401318
0
959718468
0
0
0
60743140
476328479
90769688
308395389
0
982888975
140601370
0
0
0
483015862
0
0
361831920
174933108
0
0
0
463383589
518842582
1034513540
343916627
0
0
107026030
1060989413
984329789
746365300
0
0
427619843
285729518
674965284
0
144245059
0
0
0
0
789840842
0
225901691
0
0
0
0
886783440
0
201216948
0
0
0
0
1018777632
851359934
0
163995834
129632640
893224420
0
0
0
585607279
0
0
0
55456805
468716510
0
0
0
425411218
0
0
219802215
272914638
0
501371064
0
0
329720497
794030701
880076031
851891567
673092983
0
484549230
162159725
727800351
674307284
186761155
0
0
0
410011966
448978985
804221633
0
413815365
0
931145330
119540180
587554612
958586728
0
0
0
484881316
0
0
0
0
0
0
0
456864183
655116483
0
195710306
0
916989248
784182569
370749228
0
0
504241008
0
850862423
777179295
0
0
250060846
654495247
0
1036082137
0
749527830
713194373
464586182
0
0
0
0
0
0
0
0
50788795
0
977806930
172201947
780742463
117375627
0
46666842
24263916
110333986
0
116220635
0
0
467280078
630233930
0
0
14732799
315922097
918874889
0
0
0
0
47547652
148685638
0
0
403739011
404661536
715458227
0
0
859129424
0
747911016
0
0
983459527
888901709
339660522
894095095
491068001
498147592
0
0
530539685
971122679
0
0
0
0
549876512
743471793
0
587345409
0
149830775
0
359591871
0
0
0
885967432
0
0
198470307
0
742286102
690869091
851692132
371276284
796492921
368534421
0
0
17917748
406427013
1056503994
349871248
0
0
224462415
590447929
315645596
507788996
1038781422
857476992
262747048
0
0
99960006
974313993
424816564
0
97796022
634133218
131213840
371390553
201407869
261947997
384917391
0
0
0
38866185
409009595
596216012
753787061
0
0
0
520544500
0
218496648
183480454
0
0
934242132
783493206
27499159
0
0
3573220
0
178088816
656565558
0
1040531175
0
0
483393856
0
0
815825590
0
36887528
140383098
456179761
0
567636711
566716925
0
880503673
310580282
233402917
0
0
1026583997
0
0
348316275
0
0
0
825890789
815062251
0
399361565
1005192096
0
0
488862120
824736235
935006318
0
0
298170656
723197625
0
0
39954569
0
525320479
1056835981
396689082
0
741473105
678791018
0
0
964962746
674565379
0
0
0
808230604
0
354433618
0
181214496
0
0
0
699492424
0
0
100338032
0
238354935
0
0
0
354553117
0
28830353
0
195180975
0
347005028
755883699
0
958843108
0
0
0
265646234
988787577
0
596431212
0
1066657396
1019799585
652385415
0
0
791768371
421235307
0
0
0
0
0
800855644
0
48821006
976324081
413615854
226077694
0
0
211177932
0
0
159247287
784421409
187022547
529749680
340698786
0
0
945693123
0
0
645967867
24170221
0
0
0
54349297
0
698470035
193170487
0
0
59015696
461779650
0
93930282
0
339234302
0
554558936
0
961368781
836418118
0
0
0
0
0
0
851297202
0
5207083
959530161
0
0
532942435
302837400
1047619179
646489261
0
263286346
0
600707512
0
0
372207034
0
0
0
0
0
0
930698827
0
0
918368016
0
496488251
285060333
569107000
0
0
948326703
0
745800039
0
0
970123943
506312072
0
0
0
0
0
741192503
159165880
0
530463233
0
0
0
701708332
0
879337980
0
0
0
643588712
0
995067511
0
837689832
688126838
94485544
0
0
434588025
271834568
0
0
46666842
605058520
0
0
26563254
0
994808541
515984316
0
898374587
411656248
356100220
871536458
0
0
0
259824728
1030965337
29925112
61543839
0
0
0
666961433
0
480745808
0
118436810
0
256883983
0
0
0
888881435
0
0
439827829
850015279
203821519
356550037
711661205
820600350
0
406771655
0
717615405
0
0
458285788
0
1040611065
107352896
0
0
390144492
53821660
417167061
0
0
1013723416
706477922
908003147
0
0
61543839
958111888
260590676
930698827
210785210
0
210166756
0
0
0
855257452
342048348
0
0
676483323
128896204
0
0
1029851899
874843056
0
0
0
538801505
624697065
0
936077329
0
406427099
0
0
0
0
443197591
0
811276190
0
767332004
0
833401366
0
0
0
0
0
0
551920405
804266975
95433294
297421022
568344598
821069323
0
0
0
678227007
0
84386968
623000426
0
0
0
387566346
0
974373693
635430392
0
0
0
24645756
16574683
1058436943
0
0
885997780
1018011148
0
0
494743104
0
506312072
482569561
483139178
934142206
0
0
0
0
0
1053510046
604110863
0
970760363
154965605
0
0
0
938870703
0
751792852
0
0
542710025
0
496005284
681922096
0
958951683
0
625631785
769915966
316517197
936636277
0
0
207379597
34744285
0
0
953009798
0
0
0
384638887
949388177
0
469772221
685226002
334307534
0
0
0
369840703
0
0
0
0
0
995791930
0
0
235674784
318345127
650134650
0
87594091
0
303576122
0
851136378
0
115050805
0
689182507
0
238354935
0
0
1065823096
1039095541
0
801593280
709065802
0
0
0
724794066
0
469461894
769081161
0
719293600
0
0
0
0
364449274
412334370
181460790
0
0
177519123
0
0
87398883
1059970482
0
555470250
933147604
0
761256938
187992359
0
423369419
0
188211935
593174114
0
762041260
0
155434698
0
49510963
78378962
0
0
0
144316969
449283300
0
111060795
767703482
0
1072672184
755393017
748318713
1063816684
0
0
178028688
227685431
0
246734203
0
0
0
994226477
0
312265328
250028095
225687009
0
0
0
10267886
47909538
0
587784751
163453960
113592517
229924078
0
0
954084213
0
0
0
0
917204465
0
1017565060
0
0
105804506
955044039
625766279
694002935
0
0
0
0
142391614
246974763
993107591
916989248
467092114
0
0
980741252
0
929450757
0
650365592
637097076
0
0
0
359359161
501068639
548425443
643054550
95792460
101771816
810571918
142765307
162557242
0
507030425
382026572
114910852
0
0
0
904491928
0
0
651365199
593403949
0
1058166328
0
633424455
0
0
0
949115065
0
564647048
390686030
0
930816688
773597543
491283657
117837903
739270201
0
146432614
0
503535210
0
95865847
0
0
862821195
275867984
0
740974404
524939434
0
136782489
0
129703879
0
0
0
0
0
0
0
30849839
604237093
813553885
601230829
0
852900458
123862813
0
0
0
0
0
0
462067838
0
160019874
827226024
0
0
0
0
759844143
0
459946667
73541137
0
810529358
631738608
85582842
0
416792596
0
0
0
798780201
372296477
61543839
732227307
0
48851002
0
0
0
334344654
805813521
60001197
148589125
474264622
0
0
157692207
0
0
261771640
0
478899910
618024494
131213840
339388011
0
29979554
0
0
0
801370750
661676581
575649447
0
237062880
0
0
615605365
0
1058118207
371755182
0
0
0
781775370
270450956
0
0
0
470002471
0
0
0
0
606806857
215447431
0
493318242
0
74738989
457328647
0
0
244900200
495068299
0
221439488
0
539612387
0
275146532
0
369192431
0
0
0
550006668
707949347
702330052
396192786
0
68870978
0
0
0
688826982
0
74398095
0
258714497
499103828
0
902784790
151456823
142426378
0
0
355674529
950513001
0
259829185
702226117
355009379
771656808
0
0
0
0
0
0
289126876
601265431
919841276
329560477
0
771806120
18978619
0
0
0
82278735
0
475007009
0
0
0
0
0
0
672091160
418024138
0
172211392
0
0
0
833072799
263620956
426179134
0
853776526
97466069
410108576
618928042
617578195
0
602924735
0
929233289
0
0
500577725
686202719
47853050
261309890
421087326
706328614
0
0
0
0
0
0
0
0
298247251
999914193
811757211
0
0
505695917
498271635
354457651
624562189
0
499500753
1028757974
0
947721223
960986649
426346801
254105954
0
194070313
0
0
0
0
162333106
0
0
0
0
176558440
0
0
0
547879503
0
0
5179979
0
0
0
0
0
323886928
0
0
64342008
0
785194693
29563563
0
0
0
37607986
0
241026044
944943031
75044774
0
0
116602355
963716125
23355020
143741344
0
0
736130209
1028955482
0
732118216
0
0
78216961
0
980885811
138766037
0
267653049
0
7239314
0
329387216
0
61543839
0
0
606188141
0
826814842
0
0
198813254
462278488
536379545
71323828
0
889272836
37306410
884388403
0
914928984
0
0
0
0
421569903
67552894
532274563
267223123
0
0
0
0
0
0
0
0
164527876
0
1064066861
898700149
0
25336966
0
0
63456323
0
949731646
0
0
0
0
674950774
0
554115084
744464173
982417823
0
0
610574605
0
0
218683311
0
0
0
0
613426903
0
0
216750146
906319648
0
873716146
539204681
0
555474408
638599286
0
0
363893117
924738700
0
791581076
0
922649122
284049203
357071265
153527835
218414645
122048660
0
0
508490367
673528497
0
189021712
857196732
877537304
733698602
0
581254864
0
0
0
1038607455
510968427
450880581
0
0
0
0
913548067
501484507
466303353
0
0
454517503
0
0
860276831
0
745323853
0
306327670
0
0
0
1046997147
699646816
0
0
118788509
0
0
674307284
623760464
0
817042881
0
30164772
449865146
998663129
0
426880913
839646491
0
636535561
103731255
305525194
722674039
672244732
935304946
147817919
0
0
1019788548
922951987
382463529
497464332
507172721
0
0
0
0
0
936219152
0
0
0
108651390
21364415
221523128
844997632
0
0
100891092
253294309
0
550370762
52861629
0
0
921184360
871074716
0
0
0
0
0
0
817173025
425367211
0
373801244
0
0
176644375
238211646
0
0
1036222558
0
956870116
958258784
0
308968401
529658611
708936241
206102957
0
0
938878745
0
225562066
664870448
183399542
0
697105780
790638052
348297941
0
1056430036
0
611002608
727974205
806871161
344248223
293004975
0
153999390
417518395
0
376482329
0
688983600
120803708
0
998355121
1013482423
1034102128
659578391
0
0
480027647
0
231140637
888693846
0
980699086
153811347
261088827
614797755
586685596
533395075
424299201
0
0
0
127835254
50571329
737217741
166034296
293519007
0
0
417902119
0
0
967997949
890991965
626483732
323784580
0
306542148
0
837104859
538256746
0
233783796
0
24726281
181192274
0
0
0
797745894
372493120
523635608
0
733683060
0
0
122923920
346631371
80461980
160864584
590088088
0
212264748
393838508
0
0
951878518
726164863
678497124
0
0
750438595
0
0
60869247
0
126097041
0
0
1001093475
590088088
0
0
513029488
0
0
0
0
0
0
361304194
37708146
0
480039082
0
0
727962333
0
0
870720246
893480088
0
985034629
998762227
0
913085760
0
184611385
0
107693038
642624430
0
0
0
183289150
0
0
0
0
0
677402205
0
329309817
390611215
305326234
0
0
692049086
304582234
118150208
0
0
0
344717047
0
0
412892342
904218385
0
44568450
0
423184921
0
133297635
956718253
0
0
635881712
0
0
415554807
231274166
980115356
222810625
0
0
0
405264727
0
555777880
1043481666
0
0
653511416
319852284
165607817
907136167
0
180875165
0
0
851858429
333579793
141553932
0
0
40004092
0
804609634
0
0
0
0
547384665
0
195797960
0
0
241959222
0
842249722
846838199
12825828
0
0
88183276
749318569
0
608812300
0
0
559557392
0
610693432
0
0
0
0
0
0
0
149881693
879381666
0
849892835
736790148
0
990620825
0
365740459
0
0
0
0
433152177
0
162057501
0
0
397180554
603664083
207943196
1018438989
780327384
0
0
0
0
111992738
761031401
357353635
0
787036613
0
0
0
939347137
0
383904710
818665816
918220027
866947706
652351314
0
704875524
705624119
0
0
0
0
0
811111347
635458325
451917627
0
856294207
0
1042685362
60997789
1001788446
379285270
0
0
713057776
0
0
916989248
0
11870613
139323533
682694331
203304454
830608734
460069170
0
693723455
0
0
0
0
0
1046385680
0
0
0
0
1046448624
0
28692335
843518043
586557434
884071720
0
0
0
1021259383
862348884
0
893306669
740685655
0
0
462694756
248138030
855579837
628895879
119023580
540580249
0
0
0
0
0
0
13766025
93661738
1052784694
911819427
0
595599028
0
0
0
0
276981445
621540275
561213262
641104683
204075862
122609902
0
552083282
660723316
416272255
0
0
0
0
98917317
0
0
128847789
0
628955392
0
11377201
31954968
610773045
0
0
0
0
0
0
794891225
0
967245244
560227411
0
591812183
561574008
0
0
0
0
918144848
0
882148898
404892486
191974409
0
296571829
767755654
0
0
391557593
0
217665471
640527397
0
0
560866088
0
481962663
383365844
106978465
524907968
58196897
0
0
0
534939311
0
0
950120566
813028905
0
786181872
661766294
0
0
0
575686269
431913158
0
0
187080667
166436799
0
21228524
298496966
0
0
1019820039
239037567
0
344896610
677031449
667783463
0
738127951
0
231998130
155464630
365712389
0
0
314560906
0
0
0
339765883
934935716
0
861741095
0
856751780
0
0
563111684
0
0
0
561131660
0
0
0
0
0
861499638
806910716
0
450839249
0
271084274
83140462
0
0
381159065
0
0
0
0
345429651
339234302
0
0
0
41925486
518884533
498780770
976877274
0
310773308
0
0
791558787
620268871
0
912291191
455400413
615063610
0
104489317
0
0
1071894050
236075486
563028665
0
0
0
410560654
255047473
0
0
0
0
924381420
0
877974346
840902429
434304094
0
0
697370182
299534488
659589168
0
0
0
920741117
0
180951666
0
456283256
0
495502526
695760412
0
0
975298030
759444091
0
1067611460
0
0
762188236
0
582319999
1016615748
240883749
85208989
0
734205483
0
0
0
752330816
489066447
0
210909023
1029251340
0
0
0
0
619202530
0
0
0
0
421269221
0
0
92996415
0
0
0
0
0
510749580
139121931
0
0
0
856481582
0
712041001
872426200
0
394109665
974788874
0
0
600613747
0
61407371
0
0
429193999
530242521
0
557196014
0
476248226
948704103
0
97884953
0
208043433
454833076
197625625
0
123247339
742012400
0
589167784
742944585
0
211491589
723896123
648618142
0
0
0
0
0
0
607286543
0
241459947
0
251311717
402126568
0
673569581
552230085
458285788
0
783938961
697508565
0
689507707
80990621
0
0
0
109815310
0
0
818559429
1002377656
594832456
0
701030002
1036783112
0
917762591
735203159
815037287
0
0
177777249
0
277879923
0
163013132
657176707
87971908
0
725674632
1038649519
0
0
0
0
0
742604379
87072857
0
0
709834833
0
0
836049137
643409043
517813973
0
0
974320584
646078641
0
0
0
882154958
0
0
935163040
0
1036120926
451560330
0
552229816
0
363313159
541618026
149408073
126875378
0
465982975
616799928
1064931434
1044904622
0
379563869
0
170757289
766385332
110555173
738537138
0
0
939820657
0
0
0
717724180
470804337
273368584
557957511
0
0
900935762
694127909
0
0
724314422
0
0
524392832
0
0
0
354433618
6892060
37618072
1036885255
0
305981179
0
0
742217945
0
291833191
0
0
586360540
717724180
0
164503100
0
47374897
0
760100118
0
198440141
0
495023886
655780244
35428965
0
639203887
970013380
0
830951524
0
247254685
135155649
482437781
255197813
0
226303810
355755227
0
752958822
1025867234
811675855
864680959
1071576419
0
460612053
0
0
500533271
0
0
296857052
216852146
0
510956457
0
739320487
0
487128788
0
637097837
271612122
0
249047548
745781304
336228599
0
286039205
1053353786
280255162
0
0
0
0
0
586546236
0
0
925705583
1054234998
0
0
925086476
0
307530544
0
0
0
0
388175060
903322322
966113482
443804375
0
120780646
0
395611443
901759359
0
903619984
689012165
651671732
886262938
0
0
37422103
738643603
0
0
0
0
0
851509536
0
296746159
683909084
741162178
0
328141697
0
0
0
0
0
489272727
403997731
0
0
0
8269435
0
953852120
0
0
586607846
491544443
184802608
0
0
300736683
0
0
1010334331
0
0
0
579768107
226281372
0
0
0
829684926
606536563
730949199
575182797
0
0
426625746
0
0
0
499613176
0
230875417
0
581202664
380371315
67651529
424560180
1022475384
661627303
7923223
728461300
1062677628
600526514
0
916827732
0
0
496770204
998395204
0
284325578
0
0
676178920
583230983
0
0
0
0
29519584
0
636443243
0
1072075147
812555
0
867496959
745220668
0
733819549
622362787
715332500
0
0
0
0
0
140280499
0
17532907
903291610
177995647
570302936
99982210
236003301
773069797
463528552
27982967
43003627
171538258
720149518
0
255616703
0
363973548
0
0
646378066
78407027
817074807
0
281617261
0
0
0
0
549844999
633424455
0
169367547
268077326
0
0
248289338
560741295
208223329
0
419751782
0
0
0
312949347
0
0
0
752330816
751753287
244141260
0
685329062
734227264
1055280505
0
0
0
0
0
114273620
0
290958467
0
562193971
876151736
0
999529331
0
34442408
0
0
0
0
0
0
847509161
1066487272
0
456739667
0
0
738025815
0
614969239
582364681
0
0
0
789428713
0
0
629253259
0
1042864015
716615473
354018570
563111684
353853091
0
1049839408
1015459645
1013844079
0
0
0
0
532099801
0
0
742111339
0
336730177
230401930
224705233
0
361556439
0
332671077
204578640
0
218570453
0
771409936
0
732065892
866212972
509195125
0
791149524
0
0
0
750909516
0
649281925
1046618507
0
0
0
0
0
1015143633
343194536
0
1054934886
541468722
226077694
0
0
276125851
11093002
837203931
373145848
508081543
0
543928851
0
0
0
390293018
1016844118
0
559952663
0
1024516704
1006075389
798931410
541751003
743649777
1048514183
0
0
0
0
80032790
0
0
955900487
162243695
409566825
0
0
0
750241804
0
0
0
0
384167285
13301494
0
739404844
880226805
560633629
0
661201906
0
0
110265412
0
648173062
0
568885755
0
0
0
0
0
0
0
450951027
954232435
0
848524914
0
471237127
0
860866055
0
650732999
265430217
709808851
0
939808024
0
0
0
11354280
712898318
970664950
172039923
0
844135015
0
81326242
600165778
0
38282897
172426491
428774760
384999539
0
0
0
0
0
38073141
579497228
0
930516675
555072325
1039667901
453376941
146022147
0
737371522
427231764
0
0
270783358
506165341
0
0
0
0
0
0
100416520
0
923705265
0
0
758636698
0
0
238789273
0
0
0
0
167435818
96254641
0
0
0
0
0
0
0
0
0
0
0
82909593
795592143
0
499258056
705068230
363778705
276860464
0
966549290
520331044
0
0
491908076
131114269
638320161
0
418286410
47811949
424560180
779262385
0
675450325
461549277
726776672
706226172
300102615
0
0
0
135140248
0
0
229337913
910936304
0
0
0
374053769
0
762552570
953849894
571714850
744237037
475182365
108649977
776325957
0
0
26013252
224941337
0
0
130508255
367686718
0
668394984
0
0
0
0
519535085
0
0
0
830666796
138754744
0
493023073
0
421053692
0
214752471
705294677
0
1064497524
0
332676338
0
491614914
0
308752964
284944037
66537176
127701069
0
0
0
0
0
0
998800284
1073119039
307169561
0
0
773977816
0
623514786
0
221078799
943884168
337275287
733164483
477004551
667981292
0
0
937363622
0
0
0
0
0
796230927
897632582
147221828
0
0
282903141
0
1033620559
112214036
0
562472128
375865544
0
701141676
754582584
1006836293
0
0
0
0
507637227
0
973855899
723396091
2608067
0
0
311901130
0
774350060
370649064
116437821
0
398017916
649103569
523951892
0
674514867
0
918187879
817613526
247704512
0
642512879
0
0
0
0
558055630
0
0
0
0
0
0
0
417641407
0
0
0
0
1032255797
613970756
0
0
327585273
0
0
0
807181089
0
0
0
420654592
1028445965
685140434
1004223804
685140434
0
0
0
175050152
240570154
0
605050411
0
754100680
390314789
0
0
712998521
0
0
114160906
0
0
0
344689474
787019182
0
473527347
502359237
411093832
0
1052947571
683501439
377419479
0
227022339
0
733928708
988521577
0
0
0
129208886
0
546268739
444576651
0
699437192
961087447
0
0
239598408
0
0
246663999
748095345
485267011
756446744
0
1016187597
87170709
0
842016441
277078800
129089098
524800236
950179628
0
91669711
0
439527601
0
0
0
0
0
0
0
792186171
0
354363849
0
784158045
215600738
510089429
505097320
1019203170
0
0
744464173
0
458748529
0
183210704
463181245
107151346
524758703
458813779
1036818873
0
339234302
753417270
0
0
676352284
745792212
0
638094054
510708844
0
0
0
0
92384354
134241478
0
0
662398916
0
903179888
792613609
970886803
0
0
0
350161004
94136707
0
828683097
0
584385969
359215766
867464673
0
581589667
904511274
863150032
0
972737509
0
0
0
1061598056
323251426
737034102
0
0
0
0
0
0
0
3916320
0
135539751
938683188
0
0
0
716508535
543157542
174922887
1053320728
0
980774242
0
220515088
632790467
639885210
0
0
0
0
0
135943125
0
981734056
696490485
925500245
0
189916557
0
773172387
0
836773496
0
87576115
0
200397210
0
925883006
0
0
0
1070143326
856043336
463418387
15657512
828943622
0
0
0
0
0
571402329
23238541
0
517960628
970760363
0
0
87144604
286435648
0
0
0
1004360177
0
407530238
0
521680643
404964037
0
0
0
221083478
676823656
140346548
536620672
808995801
0
239401134
0
0
816571740
226077694
42922421
728088605
775550186
0
763315909
525616007
0
0
752521082
0
0
0
0
0
931337711
356470731
966179871
0
597280932
131184817
0
0
0
478524766
0
0
0
865014410
243287217
660581196
0
0
0
0
0
191453631
0
777408941
32428865
0
828269530
0
672436786
349130308
412922941
0
481099843
0
0
644140442
917235460
574509732
901901560
0
1047460616
439742127
446062600
971244927
1027457882
0
251070846
499940426
491204190
943634397
0
1071050885
547945489
621243954
0
796987463
0
517960628
866216958
51260344
0
437990030
590532649
1056861800
0
0
540023469
1000218729
458464346
0
307791900
286178464
39174832
965669722
0
623966071
0
0
0
18157201
0
549300525
924847599
0
3973378
477348122
568357352
0
0
478105216
0
104360295
595110448
0
0
869807242
718505255
0
739413236
0
966838663
721283242
0
93917032
738545141
0
383336834
640273353
0
0
551902040
0
0
0
460184973
0
0
347716246
0
0
468716510
0
268248325
802090418
0
0
349950922
777610643
628044805
270353056
985384918
0
118379685
179190723
792136923
0
767749950
59090216
0
728167302
0
390495408
168068943
656413137
0
0
0
997675324
0
1029156752
0
0
975886543
765116926
0
883747911
823128098
0
0
0
1031495019
578407872
0
0
0
357428082
0
158030513
456449642
0
171170074
0
0
1059098979
405118007
0
0
0
0
0
1009133097
0
285304986
176425462
0
0
0
0
1019694158
0
14657324
440778084
598100873
415554807
0
86515963
0
0
0
449831844
239529153
0
476018660
425663410
0
331916653
854369198
0
0
0
0
1026449556
753850864
0
788994276
287598692
753337572
0
0
0
0
57402799
0
40414509
0
688671479
809472369
0
0
257896256
374053769
153858205
0
88384233
251431656
679957824
405670180
0
1044938513
222769147
0
0
0
436019025
0
1007206379
0
0
991631245
0
0
0
0
1036150805
224196824
0
0
990369023
0
99270489
0
1043590922
317155930
0
0
664902600
0
147521097
0
0
916727461
371916792
136469214
259699194
0
145149233
0
0
0
0
0
0
0
592618778
0
939751112
119092592
223547198
967147185
514605330
0
476622390
0
718221309
0
624913743
756308928
0
0
0
0
0
0
734887794
0
0
673787052
999379664
561168795
990468193
784069699
0
235430323
437869769
0
0
0
820402214
0
0
0
687436878
0
242797423
565266256
0
0
289629533
934224607
110120857
52316633
170173413
0
0
219622617
285505507
364910426
0
0
384769593
88575262
1012003353
0
1032278127
0
0
300776767
0
865527087
183585218
0
0
0
335208796
669291534
0
0
0
0
153428316
0
0
655458110
0
0
353037995
0
0
733928715
413151627
0
0
59848710
672154026
832078314
413047369
926153524
0
142765307
0
682719753
0
188356628
1011597776
780540353
280966852
0
250783053
0
354018570
0
0
329387216
916459070
329156992
387956371
871303168
651628460
0
703489229
324184425
698935830
474056335
0
0
0
0
0
0
0
0
44235531
0
0
340267010
0
964034196
0
591427851
0
667290784
0
592468570
0
865691544
414550837
75231934
0
0
830477317
890292984
865949584
0
0
255588576
0
0
681124739
0
480096742
1010073352
0
0
0
326024397
282316498
0
0
0
0
80127464
0
0
759305773
0
940059003
0
50435100
0
519193094
1060460685
0
0
752093247
136381956
0
455338546
0
258818421
569888473
70505683
30098832
0
23689095
337928958
567493376
0
0
0
0
674191246
0
0
0
237884568
976500944
374193601
422584191
814987094
160748935
168564398
777563107
0
846396428
234945349
42267978
0
0
918266304
0
140196775
269000996
0
0
0
448079108
153733748
800442997
400166834
16657138
0
0
0
0
653811081
1044080396
0
0
0
643286677
0
0
1021320064
95473510
0
28519640
0
0
651323368
0
0
81521324
873089557
821973794
0
0
896069530
0
0
818601163
424227904
418802775
864612528
0
226297695
0
651668342
913039175
70463156
0
922913347
869566417
474582047
0
0
188431892
378795930
0
0
243948739
432828680
977730122
0
971164077
587554612
641520818
532730626
0
289960124
0
0
0
0
890202710
0
0
0
438928703
13182334
774350060
0
0
0
1025107329
0
10741860
0
0
136264710
381536354
0
0
38737538
43921987
0
0
999398060
736371573
0
817423477
0
777179295
316532442
1017022077
358602802
0
495648684
70848470
150947113
452621764
445752428
0
427612275
358785008
418794025
0
317521495
0
0
0
92065403
0
670827896
0
177334493
841931982
182219155
0
635079680
38416452
43775709
0
239552950
963435911
0
0
0
61543839
364048171
638540756
0
0
0
343036233
0
187624076
181785198
0
720667236
0
0
329387216
147146269
0
203434932
0
161029998
27177212
0
0
921013846
0
235817096
570573079
817117049
668440283
382359435
0
543032626
452325543
0
559088482
340889462
0
1015920770
95414877
0
0
854217126
1005594038
0
31621630
503700201
1054950678
132297680
712309077
0
12969381
600050365
715264573
973004949
0
0
0
166420411
110493242
871679716
951076727
165545152
227272155
0
0
640564143
495468529
0
108326155
831972840
704732417
0
0
0
672631485
0
155464630
0
0
274631525
0
573513736
587624625
195371906
461133925
1004104591
59939483
984785993
325926233
0
606705103
950201326
0
0
0
0
0
88332455
462430091
0
982041024
0
0
0
697008335
234795853
0
0
255418162
413607603
654986045
779274457
0
688046831
475465468
1036347716
0
0
0
80295994
0
0
6250076
0
0
0
274994297
0
0
0
0
0
0
0
0
0
0
0
535287369
0
0
0
0
308980651
15613650
0
0
458180513
601287818
0
818065517
704348089
499244487
0
0
0
259980147
550691464
157060977
710542408
0
0
0
168723153
762241731
0
0
0
0
0
384331557
38502446
0
0
1002824062
0
858100966
1015847170
0
190616214
960148288
0
628629426
0
0
492700225
786767302
163764122
277994099
0
151173371
0
0
247969963
0
257052674
133509935
753114856
0
0
928110719
0
0
0
81546871
0
0
891695991
707780228
0
65211822
327585273
715507113
0
1045590366
789058460
53395335
0
0
467404951
596416990
746342341
254157074
0
0
1038821512
650084695
52977297
0
0
562747086
282473848
0
0
0
14043652
436119668
0
0
653815845
0
0
0
915853959
0
0
0
0
75809941
770330063
0
0
0
145419930
433424448
0
706632272
0
0
0
736173483
718678137
0
0
0
804824381
460536206
732122825
632597978
0
361437013
0
527898430
395401906
274062663
0
222904213
0
826195254
177926232
0
761683890
941419266
0
704438099
0
297081861
0
770756485
0
0
47560309
673108122
804731310
325133558
107435058
102342860
0
560997337
0
394413367
0
884556547
457678172
0
0
0
801004599
0
991634003
811593154
0
15945080
0
0
1019993134
0
0
0
605060445
703754746
662398916
246586842
0
0
433892102
845080092
0
0
0
648648765
27907887
0
0
812206109
1023153699
21632396
0
541796351
558743312
341802226
0
807604176
0
218386449
0
0
300843386
0
1013743793
0
813174408
0
0
952616489
0
197127182
0
70295030
192250099
845911991
0
108160749
548555282
0
814114817
1002522007
0
0
578260066
523882222
0
445905043
0
0
787036613
329744253
0
0
238314611
541490091
349595930
1009499835
401203386
846833851
305692322
0
648799351
49362003
468505539
0
0
0
0
414861102
0
14520908
61142077
603847575
650434630
781688168
384393801
37657405
883883151
0
0
0
298903603
779934016
640706479
0
0
0
0
0
885892362
0
324883205
0
155854490
0
0
0
0
0
0
0
0
352764426
0
0
0
119970863
0
723910619
459500830
934557048
0
702026448
553022160
0
0
1019891068
0
0
0
0
0
132626955
0
649757884
252988020
0
752330816
122706803
369801240
209681051
0
0
0
0
0
1050263115
0
0
339234302
0
685933674
648083599
0
116252048
0
0
463296301
128127378
587751401
925948121
0
0
0
186202107
0
0
916989248
324029330
769314608
0
0
438866898
0
0
39990530
189234951
0
0
0
0
562725501
0
892197814
482499594
0
0
0
0
68460419
561131660
0
0
0
0
1018271474
0
0
16397369
0
264944882
0
0
740892630
721283242
0
101314913
1003836985
1038698250
0
0
917115349
726456827
0
0
242362598
0
761503039
415554807
487377546
1032846746
472033537
30473628
0
842714006
0
670214691
0
0
0
710765699
0
0
0
777092449
982313450
407746296
0
27003316
0
0
167738491
768188268
0
0
0
0
0
0
141282770
647569344
335900480
610690093
70053517
1011886358
0
697598468
379256845
925573006
0
0
856398389
0
0
729061705
629135523
464618844
0
32254073
0
0
989848057
0
0
744972823
479305511
557308069
482055816
962476135
545238830
532486867
0
595555402
0
870720246
0
913193675
0
730062297
0
943884168
0
40563694
0
0
0
748726348
0
654986045
0
0
961514393
389989118
0
0
0
0
461370840
1039010195
472136582
0
0
421728829
0
1025275730
0
442568915
888514586
1044196929
1000583209
769319202
0
0
473730293
115822709
373083436
0
0
0
724644767
918502264
349396934
304601165
418299211
0
0
0
0
0
0
0
779919450
0
0
708649088
0
0
0
9557515
713881512
0
0
1065399911
618390342
136524204
0
0
0
0
0
0
0
0
38757930
0
0
192023684
122980308
468716510
53395335
16986152
0
982727545
1003654217
0
0
0
32857404
218556475
53958437
524934584
0
825052636
0
894543495
0
0
421269221
0
0
586055862
183289150
770352752
0
386727881
0
977670265
0
27790884
0
880693516
0
0
346257469
1059798792
234722192
473856544
886600215
0
513103812
0
0
0
501800237
599717677
554929052
795592143
941247944
644510863
0
744934470
0
0
1015438561
0
506624415
69706856
0
0
350334435
0
0
0
350903508
0
827360925
0
959502313
0
0
914518464
0
582646872
0
456834385
0
590314041
824099733
572304945
767293494
0
107297057
902826963
1009489181
3493644
596948091
0
0
0
0
0
306210786
0
0
0
4176370
496770204
1047051986
0
0
0
0
640343808
648677993
779799067
0
0
0
819995358
364266513
0
517139658
204761679
351748330
358865310
769885143
0
940742566
0
0
0
0
664189494
0
0
994797521
0
632597978
294837544
0
297546235
0
0
0
474198986
0
932345931
0
840659182
774350060
0
411360940
5677778
0
851557104
903783507
71456625
0
1025107329
980386837
663774442
291573028
40004092
0
0
0
11920478
147318962
248264327
0
0
322378685
0
677642536
0
0
438926595
0
0
257759799
0
121026280
820348847
0
658394968
657075532
51460197
0
20808182
674459986
0
0
0
630973076
304339323
738721745
0
256657956
0
0
0
456979394
0
0
0
0
0
195044098
769314608
588805815
61543839
0
752406851
0
135648809
128547279
758198323
685153384
0
297799771
0
0
0
149628536
394771419
0
0
40959277
1009226232
907094163
519765556
57628703
0
99292256
906725349
280650376
966542041
171224356
0
0
441288629
0
0
0
0
875647619
854402550
242478910
0
391756229
0
839266437
878649357
0
0
558607305
329050842
195371906
0
327585273
579497228
570573079
587329425
0
940227061
0
282957300
939606569
12180809
337764678
0
0
786268641
0
602924735
0
915494616
839853751
687725135
288342755
0
804380488
0
0
0
0
404512488
267497974
0
0
721890718
0
735813704
845786068
0
0
0
0
0
0
0
0
18090787
339234302
0
0
0
0
594950122
0
991631245
992341877
0
0
647463551
0
0
0
226010194
628987872
323828884
0
509359128
0
867170062
0
0
0
759677148
0
0
827152091
764375643
970034033
0
455312646
0
0
935769127
161428467
639293828
705732438
0
0
0
833486950
0
0
0
120698024
0
0
1033548749
142096885
0
0
972132805
0
0
876493044
0
38753114
0
0
679127857
116437698
0
0
524823922
168761312
859625030
0
0
275853965
565597096
0
701444939
240921299
376144568
938072205
0
764158595
0
442305006
524136833
921013846
0
128174764
0
0
743872619
230050269
0
0
0
0
0
0
140569517
363363983
0
0
0
0
984262273
527776390
95864613
0
628267072
240800116
0
973687256
734463203
1066932095
0
424121556
0
243040136
0
524656194
0
0
995623020
620648592
468716510
636069650
0
0
0
251342096
909581775
941979763
0
0
0
584607324
0
0
55798885
0
0
884689953
0
542750934
335832473
0
0
398158667
830536055
477354660
298496966
163712506
763011671
711857188
0
420971134
0
0
711932461
307023758
0
0
670429863
847924419
879917374
0
247479051
749453639
0
0
435304343
110204016
0
277575399
435156245
32059945
0
740685655
728329825
0
0
0
182814389
944476697
0
0
0
0
716551042
104085375
1003041110
951340527
335712552
0
0
1072185525
0
255904555
1010078297
156252071
30245759
958485020
502104403
0
0
832751110
0
0
0
887532399
484172158
973855899
353393538
0
0
75355660
0
400269986
839879170
0
394474219
0
83344152
852463407
625773384
226557540
94935295
916953336
0
0
0
0
0
0
0
183077722
985462053
853345233
281601369
80584983
347789778
617932660
694995239
0
0
0
0
0
0
0
893033340
991617613
945242417
857899397
0
302002337
0
216787556
686757290
0
0
522282857
106464797
0
298734472
77795441
0
0
864612528
601631291
0
103079093
879972373
237895550
0
0
0
2419282
0
0
291429024
645967867
0
988787577
897202159
0
0
0
0
545436978
235624431
38605713
0
0
0
0
0
352049942
980562111
0
603565252
0
510216278
889389269
0
0
0
1071539793
335976261
0
0
472302180
691447279
0
556257404
0
0
0
0
590494980
0
0
0
0
389841950
0
0
801110153
0
93288057
975873260
189450704
0
0
456625256
0
921675651
0
482816713
0
623239523
0
0
0
0
0
24300006
600850403
876097535
7662355
188730738
1063129897
947213391
617563150
0
40004092
0
742819846
0
0
271213444
0
321355149
0
0
0
440829653
700163932
0
1071407978
0
948596413
0
0
0
441578220
0
0
7854482
539787664
0
755346847
441898767
0
582201628
156977493
0
352548262
0
0
757422900
0
904448977
236523514
844544382
1046147312
132885392
120007498
0
249911648
0
0
17134306
0
0
0
0
202792046
0
0
317102647
0
576888281
419452537
0
122394914
32526358
600442171
0
0
492258355
0
0
461598927
873556101
0
874126158
0
670395736
366666705
290589539
0
0
0
201541887
0
0
0
239451368
0
127048889
999120026
0
626221909
167547464
323656710
0
0
547909304
0
0
385276658
0
783225956
251947519
753754984
539657013
0
0
952925677
74963750
976938774
780187571
0
0
0
298905755
0
0
126717148
0
646767085
0
235231778
0
0
0
142510266
161004785
129274334
0
83369415
63151896
93804640
481703844
313624348
0
691261620
0
0
0
520690289
965460769
640893178
645825865
1056686244
0
329180853
36406096
519547391
0
9929703
0
584632228
832912982
232826570
0
0
0
0
709689877
13863909
143644070
0
991903759
0
0
751203887
209505987
809203431
0
722814380
0
566431696
193314773
706768840
0
1054955164
6503981
662516217
972994195
434610789
0
1010152541
0
0
0
782228533
681609415
0
1020714829
0
0
0
0
728133358
0
0
678539536
364438886
0
0
748939014
2399988
807924395
0
835539707
101619597
0
0
0
47177801
0
1030997956
923295935
974902262
387214385
79455192
7683638
0
122819921
0
0
0
0
821604801
0
0
500676993
337754017
325005609
0
0
201827251
0
0
992223313
229843407
0
175079199
627303725
0
150181477
0
546735657
0
0
389494177
322902881
1004302698
893587884
956831802
0
0
450030233
0
0
519128601
646750053
0
0
0
847633827
0
0
836120715
0
0
89083327
340581728
945004514
0
0
0
0
379245568
649512703
61038689
0
948836496
474431488
685601520
0
307966485
0
0
629480848
823675517
661678738
47696370
0
0
0
0
235494298
0
971198733
0
0
0
83817579
0
259930824
0
0
0
0
72211774
942395581
116349507
0
702143703
997400740
414351244
1067398590
0
389441020
0
48256139
411660272
193563813
658475095
0
0
0
0
229782421
0
0
972460671
0
0
738310286
1060305781
374269145
0
722632195
0
22781463
276908098
0
645827723
0
0
1051790228
0
797964920
315607371
567872947
142765307
0
0
0
0
0
0
533893530
143560611
0
0
243716182
758878859
0
0
0
0
490578903
430320107
0
0
871826274
507458137
0
0
976059533
0
0
578878630
339234302
0
0
0
545077561
0
0
0
640285059
0
471799304
567636711
606452857
307695944
0
378795930
0
0
921020898
0
0
818041071
0
0
490032355
736076205
0
15343904
0
748005357
345198532
0
0
681199255
0
0
0
802601914
749315604
0
934009646
0
0
0
0
0
909051977
259103960
729867299
47057816
546987411
0
0
63338678
852805829
733491005
236425499
0
152463632
921674290
0
137103926
602984168
355973129
0
0
946506349
0
954112051
450723349
176803897
802767135
266499067
0
0
127710875
0
0
50059014
0
0
0
0
639936003
675095402
0
0
883694075
225049010
215447431
855208118
0
0
1001834717
287284200
0
0
0
296118364
944616691
598656147
0
0
625743669
851481186
243138091
14946342
0
1022407589
520618674
643735030
874821769
894117832
0
0
0
0
0
0
798209929
0
0
479511092
388946717
1026088193
0
0
584591475
552583260
581173347
0
0
0
0
0
443797796
0
0
1024335546
0
0
0
0
0
688031309
0
0
0
0
40697569
323547025
325512458
0
0
0
0
786066080
211300211
0
381026608
364589413
883567330
0
0
284600736
490509760
0
281745922
628304472
682885731
0
0
40183930
0
0
0
0
916392561
361726678
0
0
931337711
0
921381940
0
0
411608852
513259236
0
505541336
747123663
0
410538501
0
281677965
678923112
0
0
429250584
0
0
0
868611464
0
0
0
82782163
0
0
181214496
289090940
0
276433428
42214427
626040008
361824736
0
0
426355719
107230136
213577087
2504961
518285547
404995112
423425748
995361742
615425537
0
397683084
864891204
0
0
942962183
47388671
0
0
0
0
0
0
0
0
0
0
549481252
0
34558414
0
216776293
0
0
0
276908098
258143185
0
0
0
167083460
428059872
0
936426591
610108692
809072552
0
454611935
710343356
0
253139927
604897322
0
326229569
99128706
0
918626055
840644132
0
0
947711202
0
940313392
0
557499511
0
0
654986045
0
32249636
624205922
0
700031474
0
141384377
425980061
0
479735024
0
0
0
0
0
106747449
0
973949777
938989636
85452451
0
598726870
0
0
0
469259370
899220863
641244809
1019282955
761206780
7683638
0
660241686
0
673074396
431831385
411411830
2564733
887103234
0
0
867516858
0
848068767
0
834239133
0
0
0
516170256
0
678931607
0
0
0
918059436
1040631387
0
487794570
332514010
541751003
632984124
818199880
421556491
0
0
0
0
0
347442933
0
72793627
303800353
0
306665914
0
649168919
0
1017031242
0
234028951
237303292
92317005
0
487501818
226077694
0
0
801646747
226878720
734755023
212558150
521697727
951276116
93804640
0
0
193921907
951909598
977086627
24664645
829508010
1062210102
801565486
563088560
762202372
427522029
0
0
0
0
0
475007009
0
0
1025974074
0
562317158
0
450065015
0
0
894252714
513125276
0
224887285
521377542
667487453
804416750
0
371797035
972066439
0
924611856
260702768
0
485180929
0
640317470
749384498
20290222
0
942246459
658192431
89737455
0
625956134
0
187818237
792780118
279047654
704824132
1070693938
0
0
912135589
0
0
239790419
0
0
5272311
0
0
623254213
723042992
397207094
158168414
371909242
757054676
0
392003465
0
726996725
0
0
0
495834754
413254471
507835290
886091916
288672546
0
744700467
667229735
42114749
58764244
0
0
183289150
0
113403103
0
958543488
0
0
0
34671326
0
427692591
0
185259667
998278715
385724428
0
0
509765622
996926990
266652043
971772577
0
0
0
0
0
916989248
0
0
820999213
1025695174
428242952
0
0
630223577
0
0
268358660
0
804045770
839956950
541835139
0
950094134
627691828
512574999
0
949154929
0
440806113
0
838332955
0
435841453
1031951664
0
0
0
0
1023772869
0
0
90546314
742285713
0
979868442
580402992
0
0
0
511293615
0
87902555
945075785
0
0
0
168564398
0
0
1023160352
0
990625323
1055822704
0
708558866
671486627
159016000
0
202940450
0
0
58699678
804381433
521572620
661627303
0
843246870
1006413357
0
0
371196184
0
874773580
0
776970034
0
0
0
0
192522138
546124297
0
551649309
499807693
27058137
0
248046139
0
0
0
0
0
0
0
735597038
401922356
0
0
173716541
0
0
455799945
0
300256697
0
0
382966682
215447431
0
0
185466311
923916868
0
0
1038437050
699184735
459918954
0
514228672
0
0
463925767
0
826814842
0
1006908741
0
272809348
325230811
1027273441
0
922889929
0
0
0
774350060
197498487
0
643370561
0
0
0
195657639
0
957609001
446813798
0
0
0
0
495766864
598038315
688773797
0
954130179
0
0
26596454
980193318
987447436
0
533200594
733288321
0
332543582
304485902
0
0
0
0
574594754
0
667687637
0
0
920681498
0
0
938336426
626130586
531165745
546152085
692363077
615371852
0
0
0
0
0
758642460
0
754276035
0
0
0
492646176
372551967
528013937
0
0
714428354
203227514
0
978590372
633315644
0
258689206
0
600481295
0
152414431
970760363
0
838874466
0
0
821837767
106477208
0
0
0
0
632286090
0
66334158
601899369
981711478
0
946506349
499555462
712939346
0
0
1018295455
0
805208708
322667705
0
0
0
0
254637524
696743412
223303158
0
0
0
897733802
0
307582160
33330266
0
765303047
0
0
0
1012556337
0
0
0
603031951
0
0
80735765
475358663
734337467
0
0
0
780962906
163580208
483426316
1016387458
0
0
0
0
0
1028386366
120355507
983206206
675131267
237612
556158687
295622490
0
532333485
488642983
751971043
0
0
259674001
363543103
874126158
0
0
913496006
0
679568055
1051346215
540327977
0
563486772
450369244
8778328
448554685
0
893788799
0
0
0
331968830
582602646
0
0
127612712
797987175
276019256
0
0
0
0
682068403
0
1003058871
0
0
0
764582186
1023765276
0
608905625
660987831
85824590
0
329023752
0
0
0
0
572621537
981852448
141454855
799114254
463338743
462335851
638546334
0
740797676
0
895962519
992780284
0
921468556
812500054
0
0
473362068
145912724
0
0
406325864
508542335
645619429
1030054756
0
0
0
716841378
764007874
0
396883522
762419827
0
0
33419874
0
797382825
0
0
58459874
975516598
179657318
819678565
893827408
0
301646543
762055081
0
189894098
0
0
0
339234302
897387824
0
21212664
0
0
479651982
0
0
0
0
563484243
0
334866826
580855729
886779105
143682618
0
0
0
1019789792
984525837
14332695
0
0
1066123576
0
1015652817
0
906224885
535280415
0
0
0
0
591262459
779069060
354560039
342893100
0
738567107
934454877
0
0
0
0
625426924
0
872451760
0
395080374
0
0
0
144022832
0
0
0
0
0
144022832
1041461453
349866044
924383495
0
65402634
0
581972326
227622112
0
607832693
0
0
0
0
496770204
491615911
0
918801496
657190685
0
0
0
0
0
517826725
0
0
0
0
112444120
93649164
884706417
468716510
0
0
696138465
0
0
0
0
567368418
1014974454
789415833
0
512494960
21003135
494136346
147387057
569477074
554905247
0
394458355
0
698112622
648695483
956350015
0
0
0
218191939
158834622
0
633799056
783937925
645967867
441807576
329032422
0
0
0
778847894
0
665498447
481813425
986984368
463846840
0
764963759
0
0
0
0
0
0
854010723
327339492
1036295824
929347774
899346196
0
0
0
0
13576924
681124739
732118216
104906918
970124693
714633319
724249624
0
971673647
0
0
474511734
327536010
315750052
489877076
437379272
0
0
214252249
797920506
0
766655180
0
0
773920912
0
0
151368320
655130648
194976476
7977490
203848618
0
0
191527299
479035782
730925755
0
0
324236226
630199987
0
550495029
371772760
0
588078984
0
0
807742996
630011952
0
0
646195201
0
0
843778378
0
0
0
0
721997836
0
329141330
0
456444165
743092584
0
365157051
95201692
0
0
0
670917784
763411802
0
315022308
0
824596724
705559715
818862908
586444093
724178999
957528657
646715390
342727712
0
0
37056095
152804058
300736099
0
304832074
287011050
421643969
1008991925
0
0
0
0
0
147296816
0
350471175
0
561641989
0
0
195247329
0
695724523
0
644322995
1032963278
0
0
0
0
356757036
514139060
341624665
0
0
0
964982140
0
462801929
830633881
808620550
1066490741
969735603
0
38451386
0
816943975
0
888355815
35547944
421569903
937271330
0
0
0
749302841
0
0
0
688560761
0
626895824
0
0
792211348
171133654
0
0
0
263320778
0
0
770408011
155296391
0
0
0
0
745004631
77167407
576492313
928660838
518701508
0
0
6114852
0
783473498
0
931759968
355970399
0
0
24105177
339428801
0
779805550
521298078
0
0
775022292
315202261
0
992442387
0
0
792923446
247633000
0
164622233
443957719
439746966
0
585933592
0
730665295
225656395
0
0
0
0
496770204
632868938
203962852
645842089
790937541
534842377
976623726
519764966
0
1040664804
0
294265557
0
752377956
0
0
611526244
0
0
0
0
602924735
0
750709372
0
142765307
990747157
0
0
208670587
276311243
0
0
264502065
43449039
0
0
860318587
893558642
696589105
0
0
947541884
0
652121722
0
552555718
440930966
575881157
256185511
0
649092859
418865867
918061411
632434146
678822882
0
0
566101186
933804314
1002675928
682601959
0
616723210
0
966379305
345597549
0
0
0
0
961952405
605595647
0
0
0
189735411
1057441828
0
844268551
0
0
813824194
263353836
441268056
0
591695635
418710451
0
900045399
0
0
0
891367273
866404489
924818117
0
0
393408199
788799189
0
272465170
0
0
613956684
0
699829899
0
0
945676214
935493140
0
0
0
67642924
0
874126158
550024041
0
296217908
0
389713506
712004440
0
0
754937296
0
656777804
0
0
878840392
192410455
0
894099725
1001015847
0
539005867
505881428
0
416908262
0
178452521
0
0
0
0
0
808222108
0
809571492
909026679
0
0
0
0
994289316
1053553648
441199316
1032166459
0
975310604
0
0
768555062
1013467284
0
1003318614
0
0
297682967
0
523947418
920343863
0
0
855613409
0
0
0
0
1035352937
0
400974153
0
0
687377369
0
851377298
0
0
0
0
0
831597324
0
0
0
201987825
97171677
618741362
138326981
0
0
481273212
955496924
0
347442933
0
963800290
0
561093160
0
923294266
960412702
1055538424
0
469684643
0
0
0
1066807453
0
421314223
810825981
0
192149530
0
850881686
840973969
844778156
0
651749003
698245515
548184247
0
814754093
1054368052
181384967
880953687
30499699
0
0
0
986013823
450572612
526544632
0
0
817176347
521765380
391297163
622702143
395489308
0
415462265
285280166
74728644
1008328237
82340392
0
167184649
796206520
0
0
0
0
477794016
0
0
0
0
577908325
0
520255941
651287387
0
187910215
0
0
606813663
0
753793247
793037178
427148830
0
9142306
0
0
0
994682437
312389890
549799501
0
962297277
0
0
0
485481232
393105315
0
158810924
233948931
414291670
0
0
0
0
0
102011372
0
0
378418933
704348089
0
0
169874953
0
0
686245585
970100132
0
716524368
0
0
0
0
0
995295417
74967230
868781877
0
0
0
308108752
0
0
0
0
493775741
327585273
73596087
0
0
350253171
908839277
0
0
341993860
959390104
128957556
0
308203645
767874269
392508442
0
592902633
0
1058637914
0
0
414343402
0
304542994
0
710219920
0
0
0
0
146774573
44484192
291726956
835967143
47610305
339234302
222555567
0
427330902
0
0
0
0
947738278
0
0
417559067
113457145
0
797133310
282398672
0
277886791
453841458
379658042
0
828503872
559111780
621032602
0
0
0
48432788
0
0
0
1061689759
0
531689718
0
476917446
0
335112052
739616874
0
0
0
202457556
0
0
462639466
177026380
695189158
0
0
0
232643974
1055966923
579945055
0
0
0
0
246576997
0
0
555280593
0
882964594
193653449
0
0
194391524
0
57918201
0
889855947
715807925
276547922
611304481
872271995
190734124
0
1025711434
0
837280662
0
0
773703089
0
0
0
0
757417211
952665521
283828352
534256183
0
0
0
0
0
0
0
0
586136668
31979080
0
103611995
179894710
634413085
298306032
0
339234302
0
903541677
609726545
776846434
131861560
1032277628
100139949
255510108
0
0
0
744507141
52435084
1060601707
0
0
0
0
0
154344826
0
940183587
119960458
784607869
0
581226353
70615554
13774565
139582500
654194114
0
0
394102298
0
0
0
0
1066639354
0
104949744
653781402
475230220
583471857
822821560
398998006
534138112
0
191726692
0
0
808222108
0
41893364
0
0
273262368
0
0
994538977
0
741228876
0
0
0
188882618
726078214
0
0
256671616
550916595
1048607490
0
888164424
0
0
818402970
0
362219162
0
0
1019717072
916711173
0
922327338
0
642406262
0
0
336529732
370164853
786310618
0
396664976
590813519
0
0
926312993
839510485
999385112
905956173
110691838
240010000
0
440013820
0
626719058
157246200
521148609
0
190487767
0
0
831281134
0
0
220969236
0
585285459
573267481
874370681
705404
955496924
519192990
837335603
56373809
0
824392848
905224902
210538687
0
540609574
784320805
0
592388887
0
0
0
104360295
0
0
714650298
0
545368236
882672825
0
1028977786
279078080
269259250
298021615
0
888875946
0
0
0
58554402
711199936
0
313362609
422905272
448252253
395987190
688394617
0
623121121
1051614524
0
382313683
0
0
799208533
774350060
495475358
0
0
0
0
0
801278559
678433939
0
0
0
294386349
537161785
0
0
0
0
774131293
0
223036829
830569165
0
475422775
90071399
0
709646051
0
0
0
152756007
36017408
514922150
27595242
0
580894377
419094653
560940444
0
1026816959
0
0
173441783
408689705
0
92317005
0
40808085
0
88021671
0
397885330
0
94689470
0
709247120
0
0
802471001
0
0
733782630
0
867769433
0
810288380
0
700379120
0
0
0
0
0
717228984
86238572
0
177915736
0
0
0
572603494
186231584
0
0
0
581803269
0
581377968
0
744059264
0
0
0
0
0
0
0
0
705325440
645967867
113986144
1029704323
0
0
0
0
167474004
864609989
722255199
0
1013181612
0
1070501536
0
0
623497381
19781886
265655598
110706480
1072423125
1030170441
384490582
213021954
0
0
357132605
879568410
854131234
51880366
494644787
617535388
379683973
527352757
115041979
875966859
313424311
0
273449913
306665914
1035769235
887427199
185347985
0
0
8194747
58279367
0
85902448
856512026
0
907703375
0
850040508
634972487
409532470
746962181
0
0
0
283606730
0
758612802
718847662
575351424
361880539
0
0
0
288018063
865838790
0
0
0
135276063
185265956
561268108
81813736
0
207151667
836707392
0
0
268659057
202557717
747329360
0
259945101
0
0
0
0
0
0
522923363
832974007
118956982
0
279585209
723806950
813108005
426843527
681225644
868768000
510869757
172095362
0
210445511
935622960
70848126
0
0
108147619
0
988764349
717159098
382294264
719069303
669538811
185259667
0
0
0
992363112
0
312077412
0
199809656
726829331
378361145
249221172
89503753
41294495
0
772078128
515610671
0
0
0
0
111412066
846671277
744105014
883850898
296137027
0
420373127
69144141
0
0
914801202
761727645
796594345
1033995299
54757661
0
0
641940506
1038352951
0
805945257
0
0
328865436
460787900
0
0
0
898752978
0
434526645
0
0
950375384
442930034
0
230769161
885140557
0
0
683277430
343682409
882453025
0
0
713979960
0
458026561
0
0
0
0
73536646
0
0
43689503
0
0
242686698
622800649
918272950
113459560
0
867994073
0
0
0
0
0
0
812025599
920046926
640362383
636254488
0
0
0
0
979324899
139157534
138985806
61439905
0
725839205
809833393
706287291
0
324380504
0
0
653977385
883968177
218480902
893849499
193297376
667868058
557651609
651026089
637197651
165857841
0
0
0
3913786
0
878769553
0
0
556857406
0
0
310445108
0
0
279197101
306970859
1022255176
0
963106315
0
0
55583294
350960047
404098967
199280999
619651574
24719932
0
146969980
336139446
460948116
766275613
0
0
0
1009284078
0
641870900
599959423
0
566744051
340278607
585674512
197218873
231175055
508699653
0
0
613567144
0
813926964
171537427
615866339
1067254634
0
0
0
0
0
0
0
0
446166560
0
0
533931115
159846508
0
489646060
853366411
995684003
0
0
0
0
0
0
862730698
396352660
0
0
0
303038753
0
607907410
173229167
1051078124
321482559
0
426870918
582757249
192049233
220363767
110706480
408286960
0
0
772319863
623678028
225155143
895266770
1031646200
0
289334831
0
647206712
0
0
0
0
48267996
313426222
227433824
0
242136293
774228219
263972311
0
509564900
0
0
84258743
1060381285
0
546660539
258091275
0
864629299
0
14276002
226010194
0
0
768942662
0
0
719080473
753247730
0
278026277
0
953468199
1056574415
301568981
632058522
0
0
0
369400840
0
203227514
860864791
44943456
1002608650
558887739
268239595
0
264554172
302572022
0
0
0
0
361500588
626383897
952665521
223784665
799520015
788904024
100882063
332110763
0
633872293
225764578
698199621
0
460520298
0
312836940
651618227
0
452535140
0
852153758
191790640
53958437
0
0
261886114
791380441
0
224069744
733670504
0
0
0
334232194
0
0
0
895266770
0
0
0
616402948
723395156
609997301
0
0
784119172
602679871
0
0
586435643
47753935
1029993382
0
668439781
0
0
454484545
0
908056806
0
534079998
0
586917926
181838579
0
246455677
241484933
0
0
4785815
0
659067717
0
0
954826166
136036803
0
262945781
0
0
914110236
0
0
698546734
618955473
0
709101460
0
636928648
0
0
656019814
0
1048981361
0
71431884
215989171
0
0
0
501396824
0
0
0
498304451
0
102695616
746124425
0
1059970243
22204346
354671198
292149980
0
0
0
216899566
787971494
1015441108
506941891
0
699304258
164018550
110830118
0
0
918567702
0
1021685974
0
195107772
0
0
0
0
0
0
0
0
0
538989049
0
768715819
301920337
1061800552
171696458
0
287530909
735125514
957231012
48987015
0
0
1044869562
0
804603087
742891055
0
788738445
358101359
0
0
310207075
0
0
510331334
0
0
995295417
29530546
0
269404563
936035080
0
0
312492525
0
0
887038422
981360140
208108633
0
0
0
0
0
1062875072
0
980732847
19997039
181690933
0
0
0
556683539
0
0
0
1020474817
164392499
506653350
0
0
432338162
0
890073423
0
0
0
295534330
1015928927
368913547
77254469
819759486
694636056
0
0
628839359
0
0
405380395
0
907478962
0
0
0
0
967628205
0
0
631392147
332110763
0
0
887698209
497930345
220845411
0
964979520
1058314963
0
0
329032422
451197000
0
366481094
0
708164155
0
0
0
153185062
364175733
0
1051733944
226077694
1047487355
0
584943143
852500551
0
45416029
0
0
0
394633577
0
0
0
0
994691449
554614235
0
189894098
0
0
174162733
439101400
0
902394639
0
19743108
0
477857413
0
0
0
202197853
0
546826193
0
105061937
0
0
0
0
452101753
0
0
0
0
0
387834973
95263070
320701171
810467704
138256536
426283395
544521330
87411993
0
790752490
1070616302
0
481115873
711182654
289633701
1033858114
0
1053511154
87960893
690825491
0
80251896
87553944
0
157448171
0
0
0
0
626483423
0
0
413645568
711968155
0
100791238
353166153
0
0
0
0
0
0
0
0
0
0
882064486
0
491678413
740553536
844545904
0
1068123727
605445363
54477725
656421343
0
0
0
974537538
0
0
0
0
0
150381893
0
411722137
0
421850205
939476125
633910069
72317685
853640551
641579298
760274141
611764414
927259350
575033947
1070680752
471760114
0
97157228
0
0
419132399
258423417
1057274105
53958437
0
953613239
0
0
123197140
0
943839023
0
519566793
1049204004
405631537
174105424
0
905996000
392553131
0
888106779
0
111022669
299811938
0
622814974
807095716
878101423
53958437
0
530491119
370932308
566861243
0
607016252
309676031
903863128
0
0
0
985407875
0
0
0
968440343
0
425615720
226077694
0
471000304
698287691
0
283344600
287262304
0
831685634
671460268
655861050
445925671
957120858
509665335
0
0
509396419
0
347442933
0
0
0
271253760
864212463
220732259
1033666290
140116774
0
0
650345941
747089946
987518306
116806311
0
0
304225854
999696501
0
516361813
0
593734345
0
0
0
58391067
0
872885034
823666483
459768501
445295842
884689953
605648711
0
469003090
0
0
476335417
1040107210
0
0
0
67262811
988983328
0
439502016
0
0
0
0
0
0
0
0
494089892
332892820
748792772
140355777
836812360
138728231
850036851
0
676465113
212197314
537770137
0
0
0
840337244
0
368435001
0
0
0
0
0
0
174135536
0
0
142765307
0
4624049
0
274655208
419391500
913158784
491094151
0
0
101960687
0
589515346
0
0
0
0
70542085
205642849
819994436
232592931
0
429239123
0
632754292
239651973
0
0
0
1025876847
229758698
0
319946235
0
0
850753613
0
0
445006739
0
0
646860754
841294027
0
982749071
706027618
558991362
0
0
0
0
867221342
684574380
434785322
0
0
0
0
760741056
37751530
0
948698056
269877208
189815229
0
528130595
130330679
0
1020309914
788493532
345673468
0
0
0
485476338
593727706
0
265941725
0
444845684
191213120
856512026
129437028
1029544871
622968661
0
0
0
906902769
105039224
906153510
0
0
567799520
901571902
131861560
0
0
0
369406844
987457461
0
403491787
0
0
0
0
42505476
908567598
0
628261597
819587349
927563409
0
0
0
843328069
0
334140935
0
0
379543038
728869333
339733753
0
141213162
645903327
0
373216939
0
0
453257072
701030002
0
267597520
871520115
0
0
0
976706568
295423089
0
950094134
477672575
712458821
0
51394348
0
549487690
140883703
0
0
0
651910178
286380175
593645066
15037699
0
0
0
663346686
156155467
416410650
0
0
519561457
0
339196012
688533610
0
0
1069056482
527904693
0
0
0
453332786
0
0
748750304
7939639
0
0
235083666
993504652
0
274149231
674341754
165001055
349138128
961858225
174135979
0
0
0
802769966
0
537404958
0
0
816011225
0
0
344961999
0
746542676
588377224
0
994751212
0
786745565
675450325
250924871
0
29004269
0
0
0
0
531876887
998307683
0
400977427
0
40004092
0
729278816
798950621
0
0
327585273
0
697447514
996421566
1057610188
273293607
817303770
389446899
0
0
0
0
676533213
0
0
562892639
0
878649781
1053306403
199336957
313783113
0
484719592
647799234
482069880
0
39460741
0
0
0
689654986
0
765655345
541232250
361863523
0
0
321597971
40981374
74145517
80350704
0
148329372
0
0
320056935
0
502363073
1055636304
0
0
844134850
694986786
0
0
0
16184628
417595577
325512458
0
0
990476224
0
517306134
844584806
670824872
0
390797862
0
199809341
0
713060674
0
0
116468742
682064553
954110085
665607540
20354864
0
0
538217718
374542813
624602259
85335376
0
0
103050098
64126185
0
348896409
791487604
0
0
281697389
568026104
1057194325
0
0
698188847
0
0
535371040
0
226100678
938409499
732035565
953097020
0
604991913
88117306
425187846
0
0
0
641820953
181405141
0
0
571713980
0
583245809
296765924
976623726
0
393914103
0
0
421004150
0
672289943
222760093
270672478
679926322
518015935
411551358
373013327
0
969539646
0
0
0
573805506
444363783
253293140
188384674
0
81978495
0
7331351
236472486
0
0
0
1064297228
0
0
0
0
0
0
229464168
688207165
1069047357
0
403450063
499030555
850360235
0
859550920
447441987
0
0
0
0
320540153
0
0
748497709
780414787
334464677
0
0
0
0
0
59036363
936239152
162366924
284910957
110869886
0
368903499
715499375
679927378
649205697
0
0
0
689153920
0
0
1062252341
0
0
0
803391579
0
816117447
249745987
0
953613239
898921465
329387216
300582340
0
0
665364079
653864482
850063391
0
73608407
0
149279149
0
774294882
723518217
250179533
1019187122
0
233428254
0
0
819708421
877846914
1052303096
5876278
0
372224350
0
281130172
0
0
0
0
0
583174862
5234052
952507953
96668685
550333279
354433618
0
0
207570634
0
500543509
1008603020
0
245141518
0
951578156
541833203
288343309
0
645967867
814036867
805659376
1031376699
64963570
0
882991721
297579908
0
810097694
442587806
1002059503
0
0
710270302
350366925
0
593174114
0
182252949
0
0
0
0
0
0
0
0
0
860221813
0
247257715
0
899761157
992237932
329387216
0
35637913
0
879769755
745972731
0
0
206302194
672962817
67599864
159142092
369530066
0
0
226077694
644656814
0
9368936
0
628286706
872559106
931140649
0
388150273
627766110
916310632
651444699
0
750922007
0
502350719
0
413464793
0
640271718
0
462578238
507772581
0
0
0
510676734
666963702
52015867
879256748
25024480
0
545593582
733099326
0
670776045
966483757
0
0
576272505
0
0
899587087
0
0
529099565
556222611
321157615
0
0
0
88452474
166462251
650735217
519980246
0
117471880
571097869
0
531231736
0
0
538890315
923842534
0
0
0
0
0
0
0
0
822990893
0
913948969
983022651
1056153351
0
683915056
0
0
88924223
0
0
0
848672236
290101426
0
0
0
415554807
0
0
0
228163579
377920904
869617533
205395984
624570093
1011720923
0
40187688
0
0
124769512
857503543
0
0
252333832
824114052
0
915629614
0
0
283455059
0
0
339234302
575404915
81127687
227433824
0
319419204
0
17092941
841827667
745740935
0
193328985
0
490878512
382692008
724515348
0
0
319640163
0
155058716
49362003
769927401
0
0
0
1012849962
345009794
199445618
677668055
0
431219247
0
745499327
247807681
0
0
0
0
0
1007404424
0
995192218
0
691169903
0
718273274
619022510
0
768692097
0
0
244918083
0
0
0
0
740827210
89404979
746396955
0
0
0
0
182862660
122823793
0
0
0
856790503
0
406687953
953350407
0
0
0
0
0
83736360
0
0
977950677
237627157
0
151615462
71009640
0
793339928
0
802852218
733021128
0
0
44829539
534845576
1037976423
645967867
367363385
0
0
0
93907421
321725517
274781231
614843138
0
520423554
982445328
0
0
0
305118050
622815523
0
331314334
624488107
572568795
0
284118849
0
0
0
0
0
0
597091962
717393392
163771207
335924064
119104950
843420141
880696385
0
0
0
0
0
0
0
979468425
0
0
0
0
0
0
0
0
852164212
0
806145030
0
700095954
0
0
377818048
462674999
0
895393200
0
0
887164712
615284381
204520520
790246062
0
0
0
823695869
0
0
0
429137584
784981818
0
433436210
0
61522679
515352071
0
0
0
0
0
0
0
1031421070
0
0
793847148
542696243
82376996
0
32301825
0
0
883131633
199854006
845773149
0
0
399271480
0
339686424
364456324
0
0
0
681899896
199889552
0
323738922
482233415
0
998908960
358577186
0
0
694596655
744464173
0
958843108
0
602045989
0
372155125
88483717
0
0
940909320
827381016
0
143654098
134894809
0
0
949222320
0
15787870
0
663249692
0
0
883277657
0
438698664
637431726
680759938
0
0
0
766580324
701030002
1013862287
950031742
0
422535718
749693145
909391725
0
982708146
429236570
530381476
0
309541395
171269104
748205874
146163756
0
314649628
177098782
0
748557233
0
0
60327695
406105680
0
1016298265
0
0
0
0
0
875304026
0
870608661
0
0
138490536
0
0
0
0
605061713
0
826814842
0
0
970031618
0
0
533959038
390206971
531371865
993698130
973915947
0
0
0
34531487
927349673
0
468343148
0
0
0
0
15224581
0
72211919
292157685
400492865
0
0
630616600
0
803039661
920073416
516202330
693775005
452101753
0
0
629742358
0
924930241
0
79314873
113905040
0
0
278314995
0
0
0
626224491
697306400
0
0
909134632
0
443200268
0
0
0
0
566089050
399645941
278236912
927621198
66022757
0
347442933
0
532614385
0
858735289
753849168
0
0
710692889
726419794
0
1004576553
0
903284257
0
0
0
0
0
885259599
0
655891005
965529990
0
840348007
0
1026226474
953412178
0
0
1067176718
536290635
0
0
0
874126158
140632660
814235553
804727426
22509371
204520520
0
0
364397182
1022457497
0
939414027
0
613047914
0
477416492
0
0
30523817
952477567
0
0
720841495
857660376
0
0
0
851609914
476005717
232941065
749991689
472436554
1004890138
371486210
702034087
726442228
778189418
994587552
377051435
858494413
204583134
500798993
0
851669946
0
0
846129168
126875378
507757610
664515222
561162714
0
0
1059398559
572516980
132088916
759233264
0
0
719255419
389907355
482763529
889266204
817677118
415372554
138808547
141029374
0
937649036
0
169350930
644141644
0
0
0
0
105145611
0
251595591
0
0
0
280419141
0
940186938
0
0
0
730437025
0
0
92413734
0
0
0
16079263
959299614
1072995118
0
0
0
651983384
231171972
0
0
0
543393594
527459323
0
299878726
64937366
0
689596390
0
0
1061041386
251358809
0
638120080
601961280
142765307
0
280966852
605009428
0
0
183416166
60366693
0
64844679
0
0
848427861
0
0
0
0
618462723
989990554
148653987
0
0
636490734
950872396
473650953
0
0
33399167
0
521587869
416537429
0
0
0
81184521
134797253
1036265425
488972310
998755479
0
48961126
0
819477934
0
110003675
822292339
0
626421705
0
0
0
531792999
0
0
0
0
501988083
905640888
0
0
694677537
0
0
0
725674632
32553659
1023367317
386132849
0
587179147
0
80386222
0
572340472
503888077
201546081
0
121675834
687062293
875013775
0
326468309
366653091
202581891
0
0
0
781341425
0
0
639770676
202825977
0
530139151
904466983
0
851270105
0
0
0
0
716993767
835901761
0
239159942
0
0
642517979
765187377
652320394
1069433477
392713581
0
770601608
339234302
396025800
0
0
94964609
253294309
339554707
788969340
185321248
0
0
516988630
0
833177543
249069525
0
0
0
0
492077800
0
202650994
0
0
0
169424467
868068736
0
726735480
608784081
16788104
80795647
0
0
443234013
0
456668929
0
0
0
377423010
518214901
0
1006886025
672630663
0
0
0
0
0
0
0
0
0
0
0
245318391
0
911849149
40104445
666615057
0
0
0
0
237421180
0
0
0
0
162082695
391152620
0
992628444
0
991792996
455846708
64550416
0
595216149
0
687062293
0
931076725
950140436
0
824772954
911864871
0
701030002
0
37706401
0
734424003
0
0
0
503466612
830899569
770004236
721975061
970011717
0
0
0
0
761702441
0
464044652
504754744
0
0
0
0
0
58329994
0
0
627347250
814036867
0
785009500
0
808129219
0
0
0
0
0
0
797226547
596233449
11946300
0
65245063
248781510
326869309
0
0
848279636
653042477
939161164
0
0
0
0
411656987
0
0
0
0
378288969
900428274
187501006
0
582725767
236264378
305943847
0
0
0
496061477
138810089
0
0
144421261
813786162
0
0
923295935
623065592
789753012
116575064
217236315
47936405
0
0
745713771
696634997
0
0
459273091
593778781
364750406
440977885
0
0
694243309
0
0
162166132
0
822885136
0
0
34476185
0
0
0
0
0
0
0
0
0
330216318
0
57628703
468716510
180992203
0
0
0
378441233
0
0
546635456
272324989
0
1012173928
42291690
540274850
547592621
498760565
0
0
1001689323
0
0
0
376134595
0
0
0
0
0
290728582
0
0
0
0
700392346
794468758
983681505
59192020
0
0
0
0
0
301441431
878182047
0
0
0
223319314
0
296230698
491070231
50641709
0
542381525
501507504
0
211799649
910937427
0
792660254
106333286
459046067
995955865
1066342915
596129095
985787378
0
767207077
705265038
57628703
1031086840
413475365
323258491
508187526
957153966
0
0
577331724
425751864
0
0
0
685559116
0
1033904418
0
23167893
813659264
0
0
0
0
64042682
144219633
0
0
587686553
704937871
254598103
0
0
0
40186083
0
515217050
0
467433883
0
545963135
1059369239
0
341034938
770332473
0
0
588805815
210008027
0
0
814651044
0
0
0
0
0
0
0
518887181
0
0
269634696
115189067
0
568998150
0
0
0
906319648
447942938
912781883
695781056
0
0
115610784
0
45269760
111093532
1042487415
637475735
0
0
0
258818421
330298035
907770789
0
0
0
0
522770129
0
202882775
754171270
0
0
374277518
1014941616
0
491944716
311086011
527585988
0
301441431
923721522
0
253192227
25020370
0
0
886524688
0
0
212226110
43001650
120598484
210083313
0
0
0
762323945
340106378
275782109
773012859
0
756886109
473922232
512698447
946378009
449342196
0
1060438988
829717304
0
952969803
0
0
650350407
917427469
0
635144863
260188584
0
0
0
0
158168414
0
409953352
0
417221622
0
1005342446
0
852099527
0
0
0
0
531231736
486932412
284669004
571682286
0
0
502831784
636484026
0
886036391
567788896
0
678213894
0
0
219068661
545708721
0
0
0
552765527
970304378
247825315
93914070
491864978
0
532322995
411940881
0
655727787
36982529
0
897376679
731571167
0
0
0
0
750365937
1040984921
333722599
0
0
329387216
372241439
947742893
0
693775005
240657016
0
445017840
0
0
157902208
0
0
630955432
0
1057846939
327585273
0
0
229412267
112578523
880037260
0
0
882172655
0
0
0
316889165
313405381
761930744
833912498
0
0
709231509
419503060
121390815
0
754915020
0
689951058
0
0
857538865
61214907
0
834943029
0
713831099
0
171388209
0
111071659
0
0
586052831
653213632
791937561
0
0
442128127
0
818036277
495366820
0
71446133
0
583308571
306902088
0
701499287
3814517
0
0
0
0
329387216
0
0
54740790
0
0
0
0
626545154
0
0
760978529
278331079
802787261
22518659
445027181
592314391
678592805
270756164
0
779963766
971593893
443288492
0
0
749420330
0
0
0
128886246
220035387
291760785
0
0
885940631
919011615
845215840
0
0
0
185814220
643721335
348299771
963129216
0
262123710
484967779
0
618677368
0
588805815
0
529405410
0
848915155
0
629312656
0
271178033
0
418540718
432338162
699806993
593188935
420360755
124523425
1049472274
35282375
532397830
0
948862827
0
543184260
0
182145081
308197597
0
614295337
0
0
610478770
1061702798
0
0
45210633
0
0
88315755
0
0
681178748
0
395339303
578399048
402207484
213482832
154579825
1048711517
0
54621792
0
0
597185695
0
0
0
0
864010841
485169623
212881733
731476637
0
0
815699592
0
0
0
0
0
318792603
810100702
720524455
679939653
0
0
0
0
462464815
0
831609364
0
0
107087048
339234302
875018208
856011574
0
0
0
0
0
0
0
0
0
113993855
0
0
0
0
1067856267
0
0
0
0
236802532
717039754
972398460
0
831623143
0
0
0
328379763
123208714
0
1005500715
0
208043052
26602673
127985507
399317094
825531849
456301368
0
0
281406028
0
914518464
0
0
0
0
516320983
121390815
218638477
110706480
177989502
0
1056728762
0
752330816
0
483015862
5044371
0
0
0
0
0
0
313122177
888394065
0
635009425
0
781043629
0
709223494
368077090
0
0
664357979
0
0
711267358
69482140
608886980
619444500
0
0
0
0
577115794
0
0
579451557
0
100285746
0
489790867
475866885
139537616
0
791470476
317079188
893057036
0
0
898924098
0
765406228
0
947423825
752114907
774350060
966114721
311171850
0
971300344
1027076712
0
664216644
0
0
706861500
599309551
0
136359420
814465835
0
367668171
0
0
739709914
302525225
0
112225864
0
0
0
566955936
0
0
137749307
0
0
0
0
544682936
0
0
0
260329517
0
51461116
0
860958616
111060157
435716608
0
0
0
156491415
0
533527754
153090989
0
0
0
0
647407828
773684548
878640033
0
107180447
0
636476781
615988267
708189921
280317789
0
385264944
0
49684831
439229683
0
114494246
0
0
91204621
956997206
0
796220564
922240515
0
0
1061460532
62168295
670059574
1067790035
526964007
0
956004265
293808611
0
0
375889191
0
729366675
711033914
290295785
0
466372553
0
0
824673954
796660518
0
0
1073675388
0
579544140
0
0
0
939618685
897886738
1052698010
672458044
778406939
22853138
958075232
347887372
0
891506593
0
0
0
0
733243374
1035450488
0
786789776
580615522
0
0
0
302706955
188721894
814142899
0
0
635032063
947596199
0
0
0
817149224
132273614
0
29931715
0
0
583540122
0
0
905640888
762430302
854314232
107592545
730261216
713776291
0
0
0
296399320
887122029
1055400259
743358620
895617338
974238296
0
0
0
0
0
383235914
166094428
251041705
467465622
822846660
908656213
637405645
0
0
880600494
0
536736011
0
641911417
688487716
0
0
0
0
0
0
901757935
0
0
0
408423189
0
0
0
535179442
662939396
0
0
0
0
536159082
0
195651416
0
1045171361
864445330
0
0
496770204
0
0
0
153093051
0
0
0
138236602
0
537532590
317906989
0
44532404
567855784
0
213846327
461857151
728271479
0
0
1016233281
0
846792619
0
925311275
846294508
610846019
0
1065836941
559055373
1057434727
0
0
0
771926023
0
248202859
0
0
1062928476
0
759149551
755955804
0
0
0
745673180
0
833264699
323809279
841278645
774350060
460750502
0
966052345
300472247
659911799
624570093
327585273
804982647
433372832
509829673
650605072
784390864
415242341
0
690115527
325234678
767270610
0
520059010
1011947781
496100677
312000640
0
1039279304
587261251
53958437
330941679
0
729972015
0
0
0
659841137
295583198
0
970520628
229230058
853732587
346402445
0
72778131
88642880
0
1036067002
0
0
591794181
0
0
0
0
0
0
742888731
222390592
0
217824628
721443461
1003966438
1021863988
0
1007024550
1042813832
635359575
0
0
0
0
0
308254047
0
0
179316317
0
0
690185794
270741201
0
692862464
0
563337000
64117607
895671219
0
0
0
829862220
0
276638309
0
799656569
800670939
0
0
961301411
857425814
344904863
390314789
0
0
335520257
0
0
81127687
0
776479918
0
0
271535988
0
204479647
0
496770204
669579204
792056943
0
549647298
679402673
600685188
0
0
648297308
0
867968013
402132910
0
986462453
180085501
0
0
0
0
183289150
0
0
495203191
931929428
0
778975797
0
618690473
0
0
899995448
0
109059952
954503271
0
66634305
433436210
0
590019204
0
324154937
0
114124392
0
0
308247377
407749876
1072269241
0
953900368
519807694
925459405
27692000
0
304119102
0
0
0
57726334
553773199
0
0
0
632577668
744121885
752330816
430747840
286185238
379788575
0
847085237
0
972496616
0
391003787
0
0
0
661120406
198016522
0
0
94323672
93078160
0
763783207
665845083
0
0
792795714
0
522210326
0
882038012
634329009
0
120562734
846997775
0
0
532478206
0
345743054
0
23822939
0
31795259
779287761
0
0
0
0
0
239824051
0
0
236514052
0
0
0
0
0
0
93158717
0
491300288
196480982
716325795
0
985864030
7827976
241072147
71130020
0
0
0
0
0
136142402
0
1043524606
74233319
0
835157771
856213999
88411907
0
222089229
0
881942035
0
0
640933632
0
0
0
0
0
697331259
0
0
0
0
0
0
0
0
469752598
0
0
0
983371450
0
0
768049925
756510685
0
0
0
0
0
0
0
1042852911
0
917106057
0
0
0
0
258584339
433149573
416128628
902807913
0
713776291
0
0
0
329387216
0
194921134
758002321
816135065
0
339234302
1056132315
0
0
180686740
570441496
0
349932481
1065014345
420942857
0
968266320
0
0
681124739
0
647324978
594517774
595811953
0
0
574670196
421023527
0
0
132298088
0
0
0
0
855454459
0
0
0
0
269659731
307139995
288657604
0
1028506605
865295973
0
342916162
0
0
241385262
350154085
0
0
0
0
0
0
0
691415548
597927515
272564341
0
0
442086751
395376979
0
158088182
511688397
0
0
0
0
0
478645797
1018508282
196570916
0
0
735096154
0
845135636
1026654228
0
1055538204
123164788
0
0
0
1023875886
9789579
119127051
614469802
0
0
0
770029921
847517650
0
381921922
0
189988642
12361997
902807913
844805251
53958437
0
1027217653
0
116537095
197283730
1031454927
193072344
221895242
945028824
0
0
0
0
265107410
174162733
298002555
95784071
0
0
488166755
0
768695401
114312378
0
235519146
0
970760363
66763013
836595511
0
366516981
0
0
353707598
851111876
744720793
539687731
0
0
0
1065010014
0
0
0
0
0
715657029
0
383199343
831395637
747387295
736456291
0
0
240239887
643549291
0
0
0
0
1015594130
0
0
546916787
208359845
960246316
903112790
424701792
0
0
342302518
0
0
0
0
0
1052529855
824126652
382911776
0
0
0
0
621387215
0
152576358
0
0
700034292
0
700288221
0
371072198
0
0
917753533
399271480
775846408
0
0
704563218
0
138052074
1039903328
180333970
302885521
0
0
697933169
2146395
445818831
601148064
976083342
0
0
308285822
980070551
0
301811874
540110512
252883444
843073520
810755621
508728585
691856551
1028118924
960098914
730887557
519669086
969085050
0
399271480
0
722531676
0
101580687
678586215
0
216092331
487847833
0
889448113
0
0
560790201
203404653
0
505582690
97739941
0
0
538157810
803439291
957284501
0
707625411
0
559644439
0
398951775
906718780
416664711
873618692
0
911278820
371708898
794792236
0
102513320
0
808625695
804375359
1037229517
0
0
750665086
0
784246459
658000599
0
514862293
733373559
0
898214596
0
0
0
0
483919557
975819690
1063756924
0
241744673
0
0
501214406
781041828
0
0
0
0
982514812
564266602
784083059
212223820
809051734
236762833
278882173
492891931
0
0
335426512
0
994165600
126862290
2587804
294835811
0
704127862
248711844
0
270265829
0
682369780
0
0
697106370
752546187
616882967
0
504345171
0
57433328
0
0
941988045
654168501
377700667
0
0
371722359
0
0
1053172786
0
0
616409821
765337092
0
980267500
295230909
0
54037673
217249468
0
336987342
0
548517620
0
421878933
852286478
964643727
780995672
0
434827356
0
109374575
0
0
449098479
0
0
0
421969216
281654953
28281829
339234302
743540266
0
0
883551830
0
995378085
0
0
606246194
248067412
0
494231214
0
134059086
0
0
0
856441678
176354360
668762839
0
0
308861315
0
365268930
693217497
532923383
274274524
0
51413728
770251526
0
51920751
53607448
990488918
0
393091904
319250510
790579982
76168534
0
0
0
952911407
668549016
0
731380906
0
1067080588
0
0
283396647
0
674949420
0
710547664
0
842858695
0
663058329
964967794
897674116
135966943
322015054
348042989
685886683
0
579852291
0
715703687
0
52394004
511691022
548783008
0
0
0
921900826
815121226
105143987
0
977736031
783212973
0
0
0
329291670
251474014
294378695
53958437
0
0
0
644240752
60207829
675543928
0
128740694
0
529107985
0
498281527
0
1017430527
609037890
664049001
57628703
0
716887696
0
0
1055232319
110706480
208873359
880301700
970760363
229586062
0
511912767
515035865
11093002
209721330
0
550608155
93113943
765690992
966905395
0
0
0
0
235674420
0
0
779012495
0
294548237
0
0
0
0
0
0
0
0
488311618
942123610
0
0
0
0
0
221074023
148120171
10115410
289527773
0
27825348
459753328
0
59089043
0
0
42576420
470248762
0
38943051
452566823
0
0
0
991631245
504704875
737963067
0
496267055
0
687423017
0
994289316
226337369
395539432
0
0
633191426
861309221
775917547
0
1036759081
393024808
698911460
0
72692597
0
0
0
0
242513978
0
0
365787969
0
0
78475069
0
0
135146826
0
0
623147892
0
0
0
0
0
209596658
295395317
200831041
189173109
0
0
329387216
716299059
256067697
1046784538
0
0
0
0
0
0
0
180462038
0
0
0
0
0
114813152
1053442290
0
214834829
0
0
1066032958
0
0
0
341494666
0
0
0
0
413728006
0
0
0
0
200974669
309492293
0
478501599
210938742
0
796380616
714010393
500913747
0
731416308
0
323799045
0
0
335318225
139654488
133202078
0
987318050
0
531694133
399488940
265317248
265788763
0
681804322
0
1061034759
0
321007658
506908136
0
0
0
431167599
0
901249605
410601221
0
990488918
327863661
0
799066391
390314789
347422438
0
1052544629
379241612
466921376
379202537
0
0
446825280
0
409398938
939575339
0
0
343005716
878271902
0
0
0
0
1046530663
529880880
0
26487411
748178935
883754683
0
0
184478731
0
0
342796360
0
0
0
672226023
0
0
891325575
473423039
0
0
898939814
950982843
0
12169523
71680119
303196841
0
1071333628
0
566793906
716498500
448144523
50665893
575632094
0
173945393
507189638
887915410
0
378655299
368767120
0
0
0
0
803326043
226010194
0
0
140697981
0
134936062
673132770
652613376
0
0
0
502921916
30725800
0
278028351
0
0
436476257
946467938
108200013
0
451733970
661254898
0
0
0
0
0
0
0
0
992009596
785472598
234739105
0
937360821
0
830303166
0
0
371307082
137649003
0
536159082
727175177
249803613
0
0
0
780508482
0
0
786547363
0
705760706
0
893077114
0
0
0
0
601788269
548124859
620351133
0
1007001254
488330600
0
0
0
0
330950652
478178513
0
263486548
0
0
932938139
91104861
202127808
0
0
0
717118286
210993077
273080830
0
0
0
0
0
0
99116895
109599971
0
0
0
0
0
135325873
0
334569514
109575805
0
748891133
0
0
0
545479949
0
323520213
273034771
0
0
0
1010989376
463761896
174923081
0
0
555297255
0
0
982181255
846023474
959612214
0
187181329
767196328
263003060
0
514175764
0
0
0
0
0
351187991
265016299
0
189102525
77881364
461532523
399853175
0
0
0
700627332
0
406673224
0
0
0
70838583
0
216838293
0
312371843
235023715
0
0
878615826
0
481514195
848241080
211463457
862173145
746511787
0
719256357
0
732129922
246912446
890924692
541132188
0
575124717
291596933
995438920
390314789
0
0
86293352
332512902
531545771
0
0
144750037
0
0
0
0
550869029
606983729
0
937648148
658427037
0
598776877
0
0
868414593
0
0
0
766837881
166156442
663697611
0
0
191973659
0
923082678
926140238
0
821276418
126785668
164046333
81740022
0
615634123
402216642
0
101354284
0
0
909152991
0
0
0
0
0
0
0
0
0
0
331682067
190121690
0
0
235970918
444729090
0
424486500
0
0
140342194
0
949005516
0
568992859
844447031
0
76055408
0
696181170
0
0
0
33213141
0
652200895
216627660
0
1062776292
0
0
0
715064683
1039943312
734328235
860393729
741001286
0
0
0
954707493
509653795
948463383
0
0
219201198
899362548
0
0
571199501
0
284361019
0
295001742
407201925
809643200
0
0
727114245
763135900
752330816
0
0
639491825
561600443
195527688
780488604
0
838432350
0
83902218
91550961
0
547822223
929851804
0
663843028
788129191
0
0
53958437
905901476
838584015
467077278
519944447
0
0
395590013
0
960623320
0
0
329095370
0
1576936
0
530398283
0
0
0
0
1015013069
0
218673856
0
0
0
0
392651666
57095916
555970077
0
209225700
0
0
0
0
855151647
680103945
37688490
0
264551334
703781550
0
0
494039559
0
582726749
0
0
0
18161457
498766578
421175440
344166953
423087868
0
830772749
192765891
737040965
0
680899970
544795739
1010701320
876076221
658212490
994886520
0
0
1020699279
0
671954477
0
0
563591988
4486294
0
0
390864534
0
0
0
178916443
648301664
0
450898599
342937465
0
65364248
119485582
874126158
0
0
826814842
814383284
53685363
683720943
412386903
234599836
39526100
255078469
23212047
303735020
0
128755349
280989383
568790573
0
0
0
327146555
0
776976656
920972604
0
0
0
536159082
903996659
373321526
251218426
452489657
582753549
0
0
799793468
0
0
0
0
0
490326421
93916928
0
220790541
222542541
0
0
859891847
0
822720510
137295535
0
645834164
0
386456998
361920595
0
9090391
0
104222136
0
0
239211618
0
355921268
0
867095881
61543839
0
241538605
0
861419785
677899365
856512026
0
0
2318698
0
1059508631
0
0
621574048
894350845
875941646
461168458
484805924
483735967
625660723
0
119005087
839725648
867052746
0
617735370
185055939
515152084
0
0
0
0
0
237551571
484048532
618179956
0
0
0
499425914
157519570
0
717835367
0
854698631
0
0
0
239719979
445557189
0
982067884
496770204
31281104
892895383
692931021
731175055
0
665845083
0
946473056
515692417
334279798
0
0
913964186
0
0
0
0
0
1004386685
0
0
0
116777292
521861166
831823046
0
0
0
0
415325699
545436978
0
0
604551118
0
0
934607474
537387305
0
0
0
0
93158717
209710298
0
11373114
552159073
81127687
255505038
471298485
283249896
978330199
851236953
0
329387216
566816410
0
0
659685152
534972108
0
213925320
0
0
0
0
0
571898271
0
0
337220430
107402802
0
427790335
0
0
0
890839936
0
259486558
0
0
0
0
0
999461268
0
846419985
888946377
228819502
0
125233443
0
876739226
322132776
66183654
833465754
713517796
846829215
0
554262584
0
0
0
925387872
0
0
339637205
448298460
0
0
809176587
0
0
625184460
635629497
283357432
954373406
0
0
302392618
812490121
0
394663791
674863406
948690235
0
0
475597169
467906679
0
586468432
1059202426
819853388
0
797301170
547355410
0
1402053
0
992396792
0
0
0
16392794
0
0
160960227
783408649
0
0
0
0
0
682161017
715950123
0
0
499118189
0
0
0
446200954
360120032
122676587
0
84817778
991631245
473183705
258818421
858012587
0
778006117
107727073
0
0
0
270456196
1036099310
375165080
415554807
825441708
483465554
0
331999296
122468145
0
515879151
624243451
0
0
823236275
402569835
0
1042698223
0
418772003
766518006
0
314856714
0
431591044
164205754
0
392490
622687156
0
0
0
0
0
714040248
0
512738308
561600118
452739646
0
696276542
59658475
797658305
0
861291471
330232611
0
0
92249138
0
0
0
0
594901235
0
0
0
0
0
0
519561383
308778887
672254220
415708541
526875193
288289794
0
81208225
0
0
399271480
1023870039
0
237053801
889743507
262269678
0
0
0
0
681124739
74867368
252898179
0
0
0
259972228
331589609
124991098
742872970
0
0
0
0
418959840
374623797
0
886060934
266762035
886494063
354433618
112068910
234318045
944528757
529318430
534279488
0
894977570
1055671677
0
0
0
0
0
539163656
415554807
141490541
0
183747043
0
395044978
0
10962428
979692174
462092625
0
0
0
103657185
0
0
0
699338440
130139349
0
47787967
0
454990748
689068892
580158593
126860327
361519045
604037096
219101018
379598076
961012981
0
0
0
0
389940792
0
152409712
610156635
0
185911884
279444090
168068507
0
0
0
0
1024010605
883048602
0
934319500
793777131
0
426183889
0
1015362247
0
435475479
0
261382871
0
1030406835
58391067
47389113
809835372
0
0
484467892
0
917085619
214625927
454849006
0
0
229774811
396761957
876971529
0
0
0
617199391
445863331
0
563515175
513255388
925855355
981801933
0
0
780913985
0
0
582876320
538440070
0
0
190790279
0
131461670
0
225973207
0
0
414967367
720849657
412307854
57727530
933846258
829262259
0
681124739
868414593
889549051
0
309360748
379612866
378471975
940353610
783465504
708245465
642735280
812408635
0
0
603180117
0
0
0
0
0
329775126
215447431
233695809
0
0
0
91569920
250504775
0
0
0
273166714
0
532362224
775814251
1003042111
423035217
0
994289316
0
236736134
0
48601029
313773497
0
66827558
451750230
655194895
826294561
0
944213875
851674854
171907161
0
990156613
0
0
522289546
0
0
0
941731376
379875329
878268692
1014838262
738649348
0
969430361
406006696
0
902441673
574897296
0
0
0
0
219884345
0
2318698
0
24646225
0
599439470
849562623
0
0
294886697
734675427
120451653
0
0
0
163089703
0
0
0
0
888280954
0
0
426650072
0
0
424885837
594533778
0
0
0
741674063
271249040
611023506
492771713
0
579764408
0
0
132078846
626545255
404742451
0
0
70365383
816354431
0
0
582344692
0
0
186445081
404113256
0
0
0
0
0
0
0
0
83358439
451351813
1072848765
0
0
38037713
0
421047865
952980696
730466618
0
0
189956674
0
0
364594525
304761170
0
0
515313405
0
0
308772741
0
0
0
827133815
897452098
810650941
453542897
0
625086018
0
211639110
0
624618812
0
0
339957714
495352781
0
346402445
41497595
66662748
288341190
0
0
89019486
0
0
612740526
56852453
0
0
677983893
0
0
0
0
0
548919933
0
0
304875582
0
425364915
430667214
0
0
917622665
123813474
716818741
0
994289316
0
0
1028793281
0
315831948
0
889706638
0
0
568103549
0
0
305309066
325756842
935102577
543087400
226010194
184572424
0
741131036
976175988
127385677
61543839
619417197
0
805966042
0
326204925
183289150
429898098
675962787
933902267
997418257
127354502
0
0
53958437
0
0
0
314749061
0
495859558
780461500
318054498
200413430
0
80343922
718798513
0
0
0
945552865
0
316771729
226077694
986296331
991732291
82902375
586201987
0
0
0
0
732790175
0
303095830
95566974
0
405310718
25718957
770489245
0
0
0
474198986
261834309
301995301
0
601011948
512685992
0
232087615
0
881953743
0
0
530591599
451621160
0
996805110
0
236173889
0
0
407817131
0
0
0
0
0
0
0
870844525
0
0
0
0
857699859
0
332270142
0
0
751227208
0
0
178587315
405174048
0
0
0
419089556
0
0
0
0
67750501
954841243
147719989
984626342
414330396
0
299034347
743751028
913079569
0
626820377
701867364
768033705
0
288472552
757439790
0
781988106
0
0
0
0
1007573786
0
0
104484723
606852004
0
773362932
0
0
0
0
0
0
506926218
0
0
626820377
0
0
0
834078549
583608090
0
280376333
451568250
194395879
0
0
0
0
226010194
1069417285
0
0
0
0
887165290
545863884
427076221
1016247518
0
0
347994734
0
541688815
284033627
190787743
0
0
91159904
0
997747679
0
626471226
441342471
0
423430275
202735710
815991999
181487769
0
0
0
511215507
473487887
0
8145597
0
918481838
0
152530190
0
0
0
0
871500057
428982575
0
0
0
458474761
0
377753422
0
437442703
875912575
0
617726610
120682444
0
47953718
0
120273206
820080149
0
489440402
294402950
868425328
803572082
748000215
0
1070742843
151199417
829998669
198975674
730622778
787621077
215901073
865377361
624173717
15374664
0
0
525269782
916825996
1003926435
218445605
0
505609968
307043956
0
0
0
0
0
0
0
371512187
25597532
168347197
933343336
1008036268
16126928
607749043
517718605
0
0
133467654
1047901241
878839520
0
0
935443040
0
0
0
500385590
348753971
692558513
233087158
0
0
0
0
386426046
190715147
603110762
0
0
966301008
537547628
531037537
382659953
711078432
0
0
0
390314789
881516456
0
0
0
901564177
799638550
0
314560906
0
0
185690849
511695344
1020886969
875483767
0
0
866868850
0
0
612283010
0
0
0
61724681
664397792
348599741
134444268
0
549529350
0
0
0
1839631
415554807
0
0
210090855
0
183289150
200649178
0
0
0
0
0
0
905570037
0
0
0
0
0
0
116946538
865025247
996230350
0
452207877
0
0
0
1033097406
363940262
1037597517
0
0
0
236530677
0
0
0
318648618
0
0
0
614268827
0
657175717
548109915
117141175
0
430716223
0
416352519
0
999043768
434101968
0
347442933
407224205
0
1029795385
1008594212
363018580
351494975
728820321
0
0
127723529
0
0
602296021
0
391061501
0
0
0
456799380
0
706966562
0
0
0
846700438
75736299
684211886
0
0
0
201679561
849219469
602741790
518498425
309475223
0
0
0
0
702778041
49362003
0
0
0
0
0
0
0
0
1057605979
0
0
738740116
714122944
0
0
0
0
636658561
408593554
387132707
566603205
0
61267627
0
0
0
537797060
369460230
0
0
236898565
605931033
0
672758433
171833982
219549824
0
0
844496769
0
0
389269109
259768895
0
0
0
0
0
175363375
1021871949
964634571
897910403
127164411
598107693
0
0
0
859263047
745582604
724978364
0
0
0
125076464
0
0
0
884011291
812558168
0
135966943
756715441
779338813
0
383653523
0
0
570341260
173138783
476073751
707641141
0
305977787
0
870765546
169818344
39734907
949041441
0
0
0
53264983
852157419
977849089
0
78297550
0
0
168664203
0
0
0
793871673
284808724
0
0
0
916989248
0
1049882985
0
637096860
980023245
1038521954
0
0
0
96310858
700680785
0
977617923
708169589
252153640
0
0
62117507
433438158
0
705306651
0
978758094
863982385
0
588858548
0
0
260366663
0
0
757054676
752132779
93649866
201824192
536851713
181286810
0
0
0
460903390
0
452962009
375340903
0
802530487
0
0
633072521
0
615183095
0
0
172637920
199822551
228212690
84349910
21138025
0
0
876826034
808850030
0
28954010
1031675710
0
0
454707243
612786397
846452281
868414593
0
429361836
630521901
0
0
132214308
836870874
564822047
194024920
487735157
881339855
0
0
500110576
0
0
466288256
995016939
0
23154878
108721033
0
0
0
416333019
25599265
0
379568757
0
0
822605964
0
432870716
0
27682810
0
0
66162445
764618249
122960836
513385893
1062565436
907638182
727290833
516570372
315315197
0
0
425122091
0
0
855497159
0
0
0
784189659
0
622766291
0
281454990
1010438974
0
933393330
500474132
0
0
422305290
575574374
0
0
789773134
0
397755485
439379098
0
583167282
468990492
642919341
0
727494362
0
0
200940516
0
676061126
0
0
460253637
929930308
378912949
226077694
0
798743465
502765004
796007729
0
949878924
0
491367937
0
0
0
0
588411318
61999233
0
46537290
311673962
0
1046963325
0
0
0
0
851111876
0
1055121679
281487766
326824764
0
236193964
0
0
0
0
0
247664653
920733200
0
573854383
0
1046298285
349825536
0
424565864
246924413
181497009
740865497
922807789
811971562
672061558
0
419601208
0
0
501497860
1034025869
757001424
644190893
496128248
0
316866894
796558041
0
0
0
0
694292336
426958411
0
0
931123924
0
944579139
0
0
46804806
446460266
92100111
935254743
142333264
45756325
0
0
0
0
66128265
0
448089282
594717491
0
999151553
848525293
0
829563632
142041795
771889345
0
0
631100090
131943555
961524050
118065076
0
64079835
0
888472989
0
0
0
531862961
142765307
0
60096515
0
1008516972
0
81127687
981686585
0
0
199663393
0
0
25388244
711421742
0
1044157156
0
0
919413168
1017818050
959909389
0
0
443643529
227782092
0
0
0
0
0
843897498
0
0
887483071
286516835
0
953953457
0
0
380594731
774350060
0
601689953
0
18881553
0
410293102
858640512
0
941146532
0
914084256
880370717
956085057
794884523
946347388
0
627171256
0
1069915688
151653528
98502913
500023074
236446410
0
534602759
0
314841259
334276397
665800417
755104371
177857177
0
427870787
736360714
0
0
0
0
615571747
0
0
656954416
253893036
713813509
127211645
0
62826533
610743825
831079709
0
0
0
0
0
381937717
882591805
0
0
577949165
404533307
0
754283963
0
133909137
917229639
976540774
0
0
0
578417756
0
658997545
648033090
0
0
0
379050254
0
298549038
1034020234
0
921718598
0
983184244
0
204620537
0
945642961
178189339
752330816
0
181228752
789104395
992648168
491681235
470759452
372696099
0
169704374
307868955
989138009
0
163082676
903656228
0
0
0
319526524
695762742
0
491093381
0
0
343930389
43054942
38239475
32712479
0
634482397
0
0
991727349
676260542
0
413425842
373542797
0
0
806686259
295757370
0
0
783008644
0
4866942
976623726
398142228
0
330716265
13418518
0
0
346539255
633122744
743539414
525584413
0
797147686
0
219820959
0
0
0
514425008
603404357
755614708
0
341616579
0
1044360798
0
0
0
0
1031203919
0
455371050
110706480
0
437277133
623068277
654527975
1071834030
0
0
442717338
393186758
227553001
563620486
0
496825143
348567012
683997679
0
744464173
449113883
0
0
594637597
0
0
0
0
9522354
0
245204060
85356283
81132599
101811012
939789275
0
700579044
0
0
0
0
0
848045968
2318698
431505446
1035490145
589132961
166876493
0
0
0
0
199364949
0
0
0
710297366
916989248
916989248
456266785
0
0
745658244
782131467
236021007
58718744
0
0
0
814862325
0
483560675
483015862
186666058
0
0
413438280
0
0
956856829
0
669249926
0
1013296993
0
62168079
597875864
0
773990726
414101656
0
96077296
231346421
741162178
180155612
0
0
724792195
30268492
415144272
254435836
0
661627303
511970358
1026810297
0
590111522
680573840
0
394100282
0
476323427
0
409007501
0
141537568
268869025
963411411
997725486
253426793
0
1063012354
255637355
711234047
528900059
0
0
0
0
403174488
0
829003028
0
364813880
27140354
969953136
862588813
334126999
432034068
718131616
892583871
94168848
267362207
0
268866600
0
0
0
0
0
630433000
422854796
231507769
378471975
0
0
0
0
440097488
0
828149054
327585273
874126158
371843051
126729439
0
701480738
508365731
1036812782
0
796112359
0
1005673051
0
293372376
0
0
629162893
0
274096857
435730415
7686077
0
0
581798724
0
685719872
0
527429964
0
220790541
46536075
0
444425883
0
0
474117586
0
635805797
0
616524396
0
0
0
0
210920504
392898851
862075366
505226998
0
874194947
725731988
0
834953352
179287025
802273633
0
1003715514
0
399271480
0
0
628675219
260175962
721772583
283929216
0
903725911
878248440
110639543
0
163515570
559742625
35949921
652285776
0
337992337
0
0
0
0
468716510
558273080
0
323964736
0
665886567
611881920
0
0
0
563714072
0
0
805125291
0
132636067
842146055
238480518
116876386
773701650
89948942
0
0
956710607
108201757
487108045
248017405
678899126
274905637
0
398083748
0
0
59650271
988920653
0
938415050
215743578
136836533
0
987991640
354927381
706601797
0
33462859
0
0
307078943
0
0
0
843897498
0
406929239
0
0
0
0
0
482230498
95971402
0
0
0
838934441
0
0
967061236
0
72662198
734917817
0
0
0
1024441285
96876026
453631080
959078352
843465730
0
849417770
0
707289484
455168568
476541877
583311882
1042698223
0
0
327736046
0
801697816
396979051
0
738602499
0
0
0
681754894
953031040
182666647
0
1010658391
0
0
235689421
0
618944960
304895622
922358660
956077617
0
851447260
309091517
0
0
915895388
307768114
0
0
471184893
247275470
0
712579287
0
110706480
0
0
0
0
829025385
524277773
0
0
3888836
775905200
0
735761058
0
732834162
435924133
0
9575187
280966852
0
233442652
0
552762833
0
915009585
434769943
592238729
0
722661549
932472456
0
686415410
0
0
253875600
0
684963282
0
235989331
84514574
978250766
0
650875270
910725170
277105018
376448200
484678692
0
0
0
0
649177104
0
0
296740723
673170508
26963866
0
376767299
0
577885601
889753768
0
14213509
0
0
994475865
549465704
213277817
354433618
366006188
0
0
32693276
245812754
569112727
0
372909286
952909283
935083537
1018955373
705313296
0
0
608412039
283454629
0
0
0
0
0
339687623
347442933
667489629
702962053
536901592
0
75388064
0
0
0
5611608
0
0
101388969
0
0
0
0
0
0
309380680
217392468
50637627
0
0
0
294802292
326030422
181169183
0
282527196
0
994257293
721356124
0
367950288
0
0
0
0
0
0
0
0
0
711991173
78720099
0
463580511
0
278867601
762427245
120562734
164143160
0
0
0
607255190
0
0
602469612
0
127232395
0
0
907673439
0
0
0
0
0
0
839185732
0
0
814036867
325589975
0
0
502017681
580826483
558279185
0
0
28411339
0
0
86858136
205241553
0
0
0
0
0
1014602989
0
843568070
956054992
0
889214903
0
0
0
0
145349851
748209983
0
851600092
964964147
0
0
20721633
0
692265506
87769678
0
0
0
654193608
0
582577581
751559857
545025641
855958246
462961491
503729414
0
0
0
0
0
983579643
260008701
361571931
0
110333879
494368037
0
561495487
693799199
907422344
0
430767674
981161413
0
0
0
0
363839487
0
880920250
0
794799610
569771147
0
0
674633655
0
0
0
775129296
0
0
0
0
0
0
0
737398508
660077175
0
0
361659152
644491770
0
532833344
0
557948483
826363632
0
0
59406850
0
145838475
889233118
645967867
981701296
554911302
0
0
206213650
0
0
0
0
717908055
269883879
0
742430415
455554082
791732833
0
606465457
642521823
0
0
913653243
388524444
141660875
459157476
1021960332
1057123153
0
0
0
0
1048973773
0
407329117
131817843
117458422
0
572314203
433585796
993217654
351422773
608850331
151784246
420903107
712994994
0
307734361
524886540
0
0
0
402187526
203100032
225002423
997191517
386194712
0
333856435
0
0
0
0
0
0
106364914
86102427
0
505693051
977826182
0
86029351
0
625424123
0
0
781005889
118664130
0
0
62469208
391641972
446237756
0
269508350
0
365749092
0
105029291
353029935
43110963
556195826
0
0
0
32817171
0
574937578
849945090
0
109008289
109574261
184604472
610293437
0
755050241
0
534825071
587457057
0
630803991
327708959
0
0
0
0
0
0
757111034
53540091
566557510
884675043
0
0
260577607
0
0
231485254
0
0
0
0
587388394
70931567
797522171
783852325
338973769
43728419
933974384
397728699
750004752
142765307
600050076
1064957182
818191534
0
0
0
0
0
238600910
0
110546097
0
259200060
913308594
594561954
0
0
130100490
120578765
187284327
916989248
0
24855224
0
346402445
0
0
0
923150667
0
29936700
695495818
21048184
0
512784526
0
0
0
1055822704
51365906
0
441797267
568506515
0
183483259
991631245
538483260
0
289905682
0
0
0
334843706
0
135337049
0
758352201
811333853
0
536118942
0
0
308685432
0
0
319972467
0
753300253
166634779
0
1006698975
0
0
0
311620108
0
0
853204821
0
609128668
679881851
0
844766177
646000821
0
0
906283985
176786001
772026590
0
0
895169300
578056391
0
290443898
0
0
485207142
0
1011257342
0
0
0
0
0
0
0
56267781
0
374563326
0
1019808607
775871560
0
0
823158036
0
0
0
823612374
0
496770204
124812022
559225863
753877657
0
0
0
994626779
236090400
1012389228
0
853573268
670824872
836260882
0
0
887312387
0
0
0
0
0
0
0
0
0
0
0
276763198
824865519
0
336492201
320102018
268791029
0
909020951
0
0
0
193115077
40037952
549589242
0
0
0
0
715937237
0
556821098
210477672
347344276
504279195
724386787
180710189
0
248116431
0
0
0
0
780410362
0
0
0
1062041554
0
819495955
345710349
899853316
0
0
853764431
0
418392880
400321441
0
0
642154316
23457238
0
82521371
0
0
455163875
941202261
0
30116353
0
0
0
994356584
255722478
0
15796242
860186166
0
0
0
578194453
303312627
0
1036180751
0
845215840
539141005
0
725439342
0
35549850
544566551
45484359
0
0
838674903
146080002
0
0
899517111
569571221
0
775492594
813617787
0
306016468
556541050
0
650474368
0
0
0
456350428
409073797
681740241
0
572294189
316939215
632598536
0
101443522
502357952
698184659
0
0
398367057
0
461864292
467666607
837273769
457675090
555086321
328506588
221352520
412798782
0
738550450
0
0
0
144048762
626739026
976623726
613864920
833705311
0
0
0
0
105879819
408010583
0
781119460
0
538764702
29703719
556446976
688171141
0
0
0
0
0
0
43761370
969139726
0
0
858214836
0
0
406493641
0
794742038
0
0
668176848
0
676077817
0
288298611
0
801276353
0
0
381568529
126562159
0
0
381488748
0
0
422015934
0
0
86683272
0
0
1529866
765207012
836571303
0
0
914704250
22894569
177947802
224427047
802743365
0
327286561
0
249381862
78601862
0
944761476
874126158
535572813
0
0
0
784706500
754799189
0
0
0
627073758
0
0
159919115
0
572502029
527566634
0
654986045
203646862
543907587
0
0
238828605
0
0
40004092
1069466642
0
872844883
0
0
0
1011017700
417156663
0
790766629
0
523276360
0
390682904
0
0
576061915
0
217518898
183741343
148882770
0
445118528
542123599
217842174
0
0
678891589
1002382608
0
782408833
0
0
555519485
329032422
844213626
879448850
958928620
0
565005924
610018229
0
0
905766810
0
641408848
0
0
305735222
763991473
0
0
0
252650240
90906212
55886260
9071573
31417279
0
452152187
0
0
0
952777596
339651158
1063612337
536525241
583030134
0
0
0
224755223
0
675197271
945508106
966875955
824147811
0
0
935740223
0
913752674
279231591
0
0
254244399
635231853
0
0
643436533
0
450968890
252971324
729836872
656232283
552016524
391958350
177798744
0
0
948356531
0
0
0
150006605
0
0
625434468
0
0
0
0
0
0
128519070
1043448681
721064794
311183107
655361282
0
0
412168952
0
857263065
0
932060158
354994937
0
0
0
996190535
174869713
401384035
0
0
0
368326930
765070598
0
0
0
0
327585273
0
2318698
0
796180596
1168392
0
700749413
356784320
521487734
0
556691062
878557693
760652033
618452540
380460993
0
246597584
0
0
939380947
0
911288485
584909102
441539058
0
0
255939243
0
0
0
0
921608757
698047281
0
700301743
0
246879548
1059733854
866518900
1067313189
0
0
658212490
0
939074494
0
310255601
0
0
0
0
0
852135292
992258959
0
288008478
0
863114561
712911428
0
1061763796
0
806019458
0
782726736
0
0
0
0
934225198
448613970
212065323
0
0
0
0
0
0
0
0
161553663
713058449
950103283
174718285
1031109919
159269861
0
0
0
0
0
0
946378009
0
0
465990715
838142925
625051884
161784286
0
328309304
0
0
738091739
420565507
431158844
124523425
0
116429517
0
0
0
215181875
593694052
821256327
0
614005213
0
0
0
957881990
0
409189774
534075140
0
0
0
16538740
0
0
0
0
0
73869295
868004404
0
0
891260034
0
0
0
0
968651938
321435205
0
645561828
0
141763150
0
692031341
0
0
59619912
755005950
0
721654003
181956881
0
308784517
414992296
0
7266849
0
917269804
755239638
984818563
0
0
0
496770204
0
0
0
1000819833
1039539103
0
1026451643
879013339
0
506316426
0
0
0
507833976
0
585359194
0
0
0
0
0
372277020
0
242788374
0
1005870794
0
1037982730
627600656
0
0
0
0
0
432553816
0
0
858883666
0
0
619617304
0
696235524
0
0
0
172299614
0
0
640268188
603460843
0
975362780
650418024
256990082
982453423
309362497
0
568099703
0
0
845182527
916417637
0
0
42612868
942867289
228907097
652708922
968662843
0
239004455
0
274546764
757195035
187735851
182187116
281217503
0
0
154788511
19509853
593522833
521920581
0
333946367
0
1036909204
445022519
0
162678710
877345966
534769400
643557139
0
284624285
1030750092
0
0
0
115366133
358368421
0
213644558
864079630
0
0
788952147
715157338
688662946
0
122231213
884549042
0
1061673514
0
396788149
0
0
0
566089050
127030723
780057505
0
641842923
0
796901577
246492882
0
189894098
0
1065230102
0
0
0
115149701
0
405387447
1019242341
133725451
0
225511711
0
0
649703468
0
737297768
0
321088055
826264590
226077694
0
868312709
811216127
213608444
0
173453421
0
165995597
712701663
0
821489147
349558624
0
1042364919
0
0
0
147856295
0
932463586
591404769
106486217
0
870681481
313775064
0
698375271
0
0
499613808
704843905
0
0
0
1012447065
0
602499417
0
0
682225770
585433068
83437463
146341454
0
229543393
712312179
0
63327242
52764524
0
0
0
0
0
871240150
0
0
747361834
0
0
0
1039682971
0
269259059
31091120
0
961379862
0
516930413
733900288
0
902915374
306410860
0
606196246
642029997
195711883
0
0
601023237
0
0
0
0
0
787827028
0
954990386
267943367
635085092
0
354140953
947759807
1073705386
374225559
46669396
280902928
590378841
765614328
0
0
0
0
33164481
0
0
0
0
650909997
0
0
377049737
540724602
717649639
1049825395
0
258084220
0
592291729
680569024
0
0
0
134126091
1049347156
708803403
0
0
0
149265619
274655208
468663660
263967244
0
450859597
0
991093699
0
0
0
0
107510967
987337007
1072504164
980606428
0
0
503290391
0
840549811
987156937
0
0
630412779
856294207
312374062
46578336
76418687
912970041
0
0
0
1013221175
0
0
0
208047708
0
0
0
128819143
0
145685174
618714672
182051763
0
1028809441
0
64069851
0
0
668239902
432417407
316545441
615248677
913827182
1066465185
0
188332140
1035281526
932985058
0
395869885
0
675352004
0
312125116
0
950094134
0
95445385
0
770313868
0
0
307393430
370879234
179112300
740833764
226077694
0
477836545
73450304
1067522531
0
394524899
0
10503589
0
0
0
0
0
132229196
254786589
0
617174665
1046279755
0
646791354
220790541
0
0
0
579508824
0
0
415554807
0
0
545393596
284303803
0
0
0
0
0
689469301
0
605453289
63269086
1024823640
409901965
987094851
422708083
0
693658825
314140647
667374501
437350815
0
521294100
0
0
0
758259330
0
0
0
1004049174
1050237141
0
806794149
0
0
0
0
796246030
151278779
268194079
32666143
814021423
0
0
0
0
31547688
0
165074834
550770388
0
887552998
0
0
0
534085560
0
579873705
332032380
0
0
0
0
924818117
387818241
0
654674084
960310109
571104551
0
114894825
0
0
738665048
0
0
0
729291834
273536614
860114518
66354270
0
0
302723471
0
0
32626602
0
30662889
0
451311179
0
0
0
0
0
0
540072428
0
0
0
947478505
0
0
0
135670150
248018296
0
1048949431
0
0
957377091
525318192
0
372076272
0
1069959173
737664055
0
0
1023594353
220664291
0
1045511115
587554612
36473279
0
289662825
0
651307895
266187197
1024384428
221737230
0
0
886872007
0
1071265710
0
857257178
886540938
0
0
0
0
750280536
369594966
605282585
0
0
700771217
0
0
0
0
321863341
0
476567723
0
0
0
0
0
1068025062
0
548025654
0
377152
720495687
0
0
0
777619838
0
1020791665
947756598
0
0
498996332
226077694
0
147130223
1045038048
102562166
0
84515363
318071100
0
932552542
0
0
184671532
604077164
0
0
399558091
0
400567012
250827578
833924230
864247431
258089040
623991742
212659185
330034974
0
756754758
604392205
0
0
0
99023649
0
286206053
0
628917824
0
308836391
563847513
0
0
892976366
0
0
0
256585895
0
0
548851292
0
0
0
917277096
0
0
0
0
0
1055081028
115583923
0
0
296594565
0
853904265
0
788534956
384804721
0
205657992
0
0
0
702230476
300275937
0
0
0
275014599
0
64784228
0
0
71738900
0
48689809
0
0
0
0
0
92077980
0
0
0
0
0
0
0
530961683
965983556
507487077
40158395
1494271
0
919124718
46107391
0
0
68614243
0
0
626988469
0
0
655087200
0
348761263
864572746
550216041
0
73675129
677939544
152523816
0
634422008
0
0
989009300
383813329
0
0
0
612964762
0
0
0
0
0
530155847
330702113
0
752330816
0
448613970
1022814465
664787837
976623726
436363966
0
70045757
390850943
854355692
0
0
0
0
300991660
0
0
842568570
0
0
0
0
61543839
173574806
0
0
893674272
0
0
0
1071993083
61543839
1005516867
681124739
0
0
265219232
0
0
345398797
773295608
1005764529
0
0
351753596
0
0
542070816
0
0
492855737
0
761345641
195160496
700238298
0
0
0
539876309
0
503851496
0
389019697
715523967
514926439
807847979
513094398
148340520
0
0
53341655
0
542418742
233043081
0
912139656
0
0
0
0
0
477696491
0
0
898475201
0
0
0
0
0
0
0
0
552710784
0
0
834319251
228277512
59206217
0
63762235
28954864
0
212427035
0
0
201952170
378048623
400057779
415944657
0
782479368
533336192
422530970
880134992
952947989
980287907
0
0
0
0
0
373935533
157253105
849268135
0
0
0
0
778946848
0
766602914
934856876
0
0
0
0
987503557
725554407
545543157
0
0
0
932187780
0
808730631
0
0
0
691146974
1029672834
0
431412362
0
1003345064
0
0
0
1022212693
402134372
796341812
0
836361991
0
55081160
0
0
0
827177256
76911323
355210820
974490545
0
885477244
730372428
0
0
0
0
0
314560906
569744134
784472580
0
0
110706480
820361020
894308564
403348651
676692135
0
0
157440995
214252249
118193273
809929715
0
0
692193677
923452780
927138818
0
30197847
0
0
0
652273546
909058481
0
987610804
0
0
0
0
253279934
969944843
774350060
0
0
0
0
774462789
606303013
0
187735851
448005905
564447644
0
0
0
1029532593
0
0
0
95949013
0
0
0
0
193237640
133686168
0
153744630
995817818
0
1067560090
0
0
183532333
190165738
1005705337
819909055
1004246108
0
888816676
842367027
69708038
0
355297783
0
0
0
1029286329
838371880
337058716
0
422326067
0
362731654
347338838
0
715855220
0
0
0
77438655
0
0
0
0
0
0
0
281571941
832721417
0
179306043
0
0
545612151
561218477
0
0
501047592
0
302325432
773642844
0
0
224423729
82593755
0
17907586
0
850938365
91969160
176218680
0
0
0
0
0
0
0
0
270846364
0
828762623
963127412
117912463
444903460
0
982453423
968421398
779010179
0
70227911
0
0
744199336
678892373
0
0
935365520
42835278
378933666
0
2318698
0
0
361450191
855874123
0
0
214212112
114421739
514866009
0
0
448705889
0
112775374
0
0
807881312
513707269
56254756
417042682
738758921
478983290
0
0
780448733
488960221
0
0
0
0
219399494
737398508
0
1032699571
0
320299050
0
454155561
0
0
0
920667543
0
0
55938835
0
802538848
250897156
451488707
140862098
70737139
159819018
0
0
786641772
445845180
380406960
814200291
0
0
96294451
273761968
887781505
199594739
653494347
62023160
856037273
0
0
859651648
794511825
0
0
764838391
1045189546
209827190
0
232222168
705492354
72406735
0
189894098
0
945186234
423832282
83174838
366438981
0
0
0
219816069
0
511588824
211723658
0
0
604416450
189831829
564427812
0
0
105802638
0
718853823
530373998
0
44266038
0
0
125804929
0
0
976277754
0
517897681
95134769
319262502
0
969542143
573840694
0
232137747
0
450821330
0
0
375178264
0
0
364928740
0
0
0
1026488174
309171680
0
748997423
264970146
0
0
53782409
609431736
256097688
0
0
909596289
1071572176
0
0
814153782
0
588847690
628967820
980551152
0
341389418
297652780
0
0
387757581
755489850
0
0
0
84619659
0
0
0
279190650
0
0
0
590838680
0
0
451124293
0
762175637
0
0
0
11605778
0
873641914
325512458
709407097
0
101501235
738974681
0
218357549
0
0
0
461016768
191893372
0
1024389276
0
239636739
872834485
278045722
0
0
811535440
551643473
0
0
0
0
0
513337274
0
47725088
770052747
264231509
0
0
0
1060019700
0
0
531537313
295782888
745700393
0
96860241
0
0
337012046
0
0
0
182490548
674307284
0
0
882210157
0
240383276
495925895
0
0
576575159
415083247
0
82871181
0
0
0
56109993
0
79672560
866379434
0
0
0
0
0
0
642856343
0
294839244
730821192
0
0
846363491
51733709
602889349
144473068
0
764296472
0
897322987
0
0
297370904
0
0
0
0
0
0
693333971
110706480
0
220386271
0
490453101
329305431
1034509272
0
0
37062073
0
705259579
0
0
225121480
715453438
586414954
0
0
0
0
615209943
240103769
0
164938976
0
0
0
996730339
0
823021861
0
0
0
784965532
0
215764692
0
351994152
440301760
16215739
298021615
0
329052670
756659922
0
0
641945908
916825996
0
0
1006314072
0
413228239
3532322
0
713007072
818515580
305992611
977089648
0
0
0
319512441
876278207
97810555
0
0
0
0
317161063
0
783714111
0
957288153
0
611336212
0
0
0
694192939
0
0
105432967
720589522
509642858
770532762
1033136206
255600756
57628703
777574434
0
197562077
0
0
61503992
0
116027348
947562683
0
0
808888973
699377062
960645501
0
0
155654729
509648224
45181385
0
0
0
638861885
517924835
579136290
885705674
0
364183508
0
0
0
622416705
1065626064
0
0
512382431
871145318
0
0
266913247
214972662
0
0
0
503277705
1060936857
0
537194528
0
589826072
0
0
0
0
407412736
0
745323519
0
832894598
0
307393430
0
0
0
0
0
0
1060550580
432387470
938549712
558980181
942273188
352793244
0
0
0
226702424
0
600292533
57053255
0
0
0
196051883
0
300336425
445564856
0
0
0
118339546
342096076
397485142
0
298021615
34039211
411928114
0
0
1071548643
0
355636127
159634667
502363427
187416893
0
0
0
0
0
1010387800
0
0
0
972192335
0
0
0
1067376140
0
705885608
0
0
1042592966
0
216885382
170837413
0
818493254
0
524392642
471471085
675527041
294104630
0
0
1048780597
197481912
123181570
0
942211812
0
0
0
301719222
1036898530
0
637827493
613942464
707219010
645967867
0
0
113830321
0
53958437
0
0
0
845672413
0
0
1034748865
255561145
531506954
0
679887440
0
221267503
0
525283033
0
655256658
0
443928043
0
242312272
0
0
694105472
33855159
0
407511613
603684455
0
0
0
824611529
0
178762538
919611023
0
20916116
0
0
0
0
239455603
864594261
1011975069
0
674307284
522465778
0
0
1014454128
603248607
0
887479704
233535900
0
130252961
272806077
0
528697856
0
982734095
0
0
302493842
0
777787090
0
376968836
872786254
0
0
0
367715110
305779064
0
611638928
972302089
0
113401261
849022537
643264244
507725279
0
0
899694798
17633164
0
76664672
0
0
0
844973910
0
512122418
503589978
273016988
0
0
0
514675131
39267218
0
419659052
120606730
829664064
853461146
698160852
0
903975205
0
0
0
0
934346313
0
732134852
0
0
569784244
979804420
639038919
166049345
0
0
0
0
893411349
112251650
455983471
0
374925037
0
0
364660285
0
1053570943
0
996857153
575135081
0
0
0
408549830
0
173561999
430618583
1027293351
920563420
143782647
0
133390688
0
326751558
220246703
1015229303
0
0
0
67876656
0
0
650652375
223987626
752330816
868901586
0
1067611724
0
0
0
589837658
0
539126454
802890518
0
0
90926310
528358985
189305766
914284232
0
999535329
0
391803108
0
111439294
0
0
613220862
487386942
329387216
57711582
682821591
0
434712246
0
183355802
0
0
0
0
0
0
0
0
260514672
200687317
904804321
0
835777312
867781853
226077694
0
0
0
0
0
496253073
0
857291442
374989615
0
0
0
0
884796958
0
3805054
648292862
0
546762296
718476907
497806387
0
578627379
0
991631245
0
753661744
798625286
0
674062804
0
733475901
0
0
0
690143308
17544482
625124266
40239903
319125207
0
0
407084154
0
0
290349550
0
645279729
926710041
304913022
49582277
0
468066765
0
0
0
85220688
998085081
220835951
0
482830200
0
0
402685587
0
970247329
855449106
0
0
0
138773541
553254609
0
0
0
662635703
347442933
0
0
0
340547494
0
0
1040932813
0
598922514
500578388
0
0
854293834
370829891
0
361024377
0
524392642
0
668760442
0
373341271
0
0
0
1057907628
4884472
424992454
822377210
0
678853106
594561954
0
681124739
1028897101
0
948121629
0
260987461
12838401
0
541096025
655984633
566402374
0
0
873159583
23873224
0
861004121
367145321
267434057
136862864
0
0
0
0
0
0
334317911
728341757
611672727
1064137935
189894098
182937380
800951441
0
0
0
436762291
0
0
0
0
0
0
468716510
0
598084535
445860763
0
577392428
415554807
0
0
946401532
1025993152
446374618
0
296197995
512713483
183346539
58626813
1895760
0
0
0
928018681
0
0
279934027
850123870
1011845275
1003972593
1025108574
340131170
0
0
916989248
0
0
0
976623726
0
114600996
1050624801
740308891
0
0
312881093
927110521
230175213
605532632
0
169643487
545899642
0
83541517
202662155
772019570
482092637
0
158997437
0
0
0
0
157253105
0
0
0
0
258251889
0
0
0
970248717
0
0
925375372
0
0
0
0
0
51794906
0
0
362644350
0
936420018
775759635
0
0
0
297371131
0
1025081205
616091631
754487750
0
0
915450702
701779887
547051267
313710902
0
0
301748766
287799430
0
945881104
0
0
740339890
0
1059479366
468189543
774350060
856865919
53958437
918839202
0
0
0
0
0
0
1068481542
0
0
0
0
104981888
163548123
739511920
559134696
0
800243090
513386672
134601537
0
434912409
0
0
0
0
494587755
292284791
756803373
196825139
0
0
0
0
0
0
0
0
572244806
0
692925082
864794079
0
894217066
0
0
182864491
0
513540303
0
0
0
0
268665203
0
459853030
0
996952527
674307284
0
432763951
0
0
399744013
0
0
0
0
535465517
0
0
634069447
775473209
0
820860202
0
0
343472923
563632683
0
0
165449293
539055297
0
936007107
110706480
320331757
546633506
936325132
1051963856
819740913
574156602
0
0
864440903
247105004
0
64027633
219652254
352028478
661749561
0
959543131
53958437
0
0
641246177
359266431
563689892
57628703
0
0
0
1052254072
1038665071
855756724
923295935
0
19798613
0
0
257796544
0
833797369
0
476460218
0
0
0
924405977
550692829
0
0
44986246
0
0
0
821223695
0
206850226
0
54975802
887016871
528542476
0
806219895
933267445
0
687895807
1036523917
153295304
80310280
596952384
890471914
1051890123
0
0
245941526
690433332
947361654
52910460
1839631
0
0
0
0
0
676882796
0
0
586414954
890639910
381892995
828715656
783953509
0
0
813198825
366334083
347442933
337896396
466503408
0
0
683412714
610610848
0
0
0
0
0
0
879198810
899161337
0
684735853
0
0
1068494033
393131993
0
713776291
644661313
0
749476556
262010839
0
627620129
62835156
54284550
926621343
0
0
32666143
0
936675948
731359636
710910874
0
275792810
331499066
318583613
0
770413284
0
240461933
632998147
655855511
262771197
1072762137
0
69711791
633593861
0
545354049
0
543382973
98630162
0
1030353806
760585719
26739606
599920835
0
0
695549385
0
997568054
525552310
0
346908253
320953478
142955744
808081466
383067624
841803857
0
0
0
600390077
873584607
210012942
352223520
380718687
733605914
0
0
915965066
0
0
818623940
51419421
262994010
310942331
0
675958385
0
218673856
547071519
0
59361751
0
1004272926
107737152
0
339234302
0
1072913494
1027407101
732470688
0
479763089
0
0
444489793
190432697
369750435
248392476
86967023
0
946184913
619767281
0
0
562500985
1031195044
608522788
0
0
253897491
0
0
890248918
0
120271901
0
0
108839800
109318024
0
0
218284722
0
681124739
0
0
0
0
562500985
712782938
0
151210458
0
0
872733659
0
0
937267865
1064293662
0
237423905
974410838
0
120616150
0
897102987
0
304557786
1043939413
0
0
0
0
0
0
0
0
0
55504033
0
233212282
933832226
751031618
0
0
915808363
974835829
414501394
0
0
0
717281987
0
0
1024967301
991465846
0
614574701
0
278754902
0
786530764
101365351
0
0
188377678
0
0
0
341466056
217512219
340113965
0
0
0
320231197
0
1038400924
511501928
0
0
838092168
468186569
670663686
591589414
0
139705085
0
0
854611706
716148389
130294384
0
0
0
0
392471667
0
0
0
0
1033386005
0
499297245
217990178
0
346394885
0
690855784
586813886
371049746
0
0
752223659
161475453
0
515622397
0
0
387043816
0
674137972
0
0
0
0
0
0
0
190987858
480838158
0
834962992
818705929
0
921588011
0
1011369298
0
0
0
0
37751185
0
561475711
0
0
1028001438
537678214
1030202174
559134696
195980373
0
0
0
0
524960545
215285930
71593854
814036867
501327683
0
0
0
210423918
0
604906118
512971706
116547379
549849389
811145961
226077694
349017331
727443705
0
0
0
0
0
307677356
1026664536
430392403
0
163415024
0
570634626
538553688
101656998
814383284
339234302
0
657622874
0
0
0
73007973
350992848
191366257
606775809
859546875
734303924
75999113
0
366144001
0
0
0
0
0
482404673
0
0
0
501068639
180849440
0
387288049
2929985
866295596
843712527
0
0
0
238088952
208104583
0
975129929
1023768014
0
0
958176629
537037091
359927432
488982332
33267372
1015420426
0
0
0
0
0
0
419910324
399910777
588134998
254701932
0
944862613
0
0
0
0
577563072
593019097
917149401
890563963
802238047
857407800
0
35787155
82721664
422456671
0
0
0
0
901354835
0
0
957882953
0
171995162
0
850384227
616579172
513339130
0
0
0
0
0
0
23859269
49362003
1021946201
971853356
0
316155045
647514548
0
0
0
354433618
371412703
0
770564674
749759663
1002969208
0
839671269
910122710
0
0
57945594
0
699173144
985792572
0
0
596372225
0
570057875
280084931
220607808
472944924
1054314787
0
0
0
622522112
0
226010194
121589431
1012607728
0
532652638
30499699
0
0
0
554138273
197378811
0
0
118345922
125686307
0
848542549
372406302
0
0
523502997
1007903201
0
192950417
696759051
10515375
0
594781797
0
975793707
1005976550
26234364
0
0
0
0
0
0
713241360
156136623
0
210639442
0
681069945
0
0
56296002
0
0
0
0
0
0
0
0
0
745427703
942932860
0
747845324
0
780437979
538483260
0
0
262926189
0
0
0
0
126246512
0
0
0
142765307
342608420
411241095
901693900
294943266
0
72138852
0
0
636364486
886900066
0
159196995
453018351
486754457
0
630038827
0
415554807
6433299
1020046998
677012072
0
0
0
759485098
337163216
2318698
0
0
0
0
0
0
538942879
328183716
0
0
70159956
1045236357
38680058
0
0
0
459006590
0
992898198
0
377021601
0
844296918
0
0
0
74378787
473990560
0
428685194
0
0
545607706
0
269862448
1054097198
203794862
842718604
0
43693781
0
0
0
0
219418354
0
314387768
466947012
0
0
950094134
0
594328768
586414954
0
0
0
866345717
0
0
409446686
0
0
0
0
0
997754136
776128750
0
0
0
309623240
0
517060592
651261375
0
942658119
278530322
0
0
345747997
0
417797054
0
0
173038431
142626558
0
0
0
424764829
215523437
0
675990581
0
541908286
284423193
1068445872
0
459948667
533389511
0
409440388
24189730
0
163900501
189021767
410914809
0
0
0
594561954
0
0
645360614
0
567480109
0
666989652
267736411
0
951848028
651735323
144650354
0
126122059
114219405
0
628029568
918530739
0
0
0
500845067
0
0
1060704798
1060103320
502383245
0
0
71723894
0
206853380
1008143733
1060400017
0
0
325834741
0
86999857
0
1072975940
704657848
899024525
0
908193991
392305901
0
0
0
0
0
0
650558003
0
0
981555233
0
0
907939765
779669639
958479777
0
0
131196070
169458339
0
0
0
372068042
0
0
347976208
0
867662668
656555650
0
166349832
0
905781440
900430837
8797806
917149401
0
710646263
128030374
714077931
564710631
0
242275943
0
650394457
836232338
986087637
449591527
38239475
0
472653126
0
0
0
606663305
440721734
496752068
1056349322
0
0
674308271
91542339
0
0
249117387
0
0
158532461
0
0
0
0
996027399
353759718
236277099
0
786269873
0
0
331708771
339234302
535661573
752330816
0
382776496
160276024
0
127803015
0
429309691
0
445483606
0
982295073
0
1063499249
1073534734
24347529
0
0
479506852
0
747349707
0
694082581
1067362116
99262444
1073659008
0
258159233
64843429
0
133517168
736907938
205095252
1060964794
320368766
0
806603807
0
0
974930803
0
0
648383631
1015612996
0
837804746
0
772360237
0
392061127
0
469950675
148533136
0
95631046
399089641
773920403
0
24758657
147725274
591296338
0
0
0
0
0
161581795
0
0
656694910
900467827
0
0
359138920
0
1058776966
0
0
0
0
891727079
548085675
562465402
647114429
0
768684107
0
903800516
909019069
0
1047774712
977013387
857524688
48164251
0
0
323359377
649135959
496770204
0
0
0
0
223620749
916799597
571715556
0
0
0
289049839
0
0
0
0
0
966176367
1041336806
0
0
0
456275979
0
950179507
0
0
268602946
526698771
308516447
0
0
338820287
0
0
561135755
991885543
0
0
861995998
504092527
0
0
0
872510989
712190636
59221250
264310598
0
0
1031377266
0
2318698
0
474416268
0
908798462
0
0
285921072
846725679
399106220
728999888
475455910
242550758
292034942
1001611649
988215920
0
685065920
0
991631245
0
736927972
0
1047261435
0
0
577435831
1022184794
0
0
0
0
519728032
0
1066347613
0
225388850
116740889
0
454876864
864224765
0
685674366
199874378
499539946
0
0
390314789
0
0
355034248
501303864
982944417
412066442
214277092
204819206
359829332
83129849
981203499
814159037
902319028
262712444
156321565
484222586
0
196051883
0
964114426
0
0
519980252
210466134
446984202
0
949398620
0
0
0
0
920257325
860134680
0
775519303
593215367
0
0
360114586
745020782
208764321
0
106481226
0
0
0
893699199
0
0
0
0
544839141
560356281
0
841657535
450919721
52145663
0
110706480
0
0
0
230874936
0
787624943
0
449350508
946871824
0
483276313
0
811996210
0
0
49362003
0
0
0
331156503
157178278
0
1064184647
0
0
131010086
0
861202906
415551593
0
0
0
395144942
215447431
0
711913774
0
218052832
1036153895
914506315
106571076
589022783
0
766474581
1067592308
604230654
0
0
0
0
897595631
0
0
756776811
0
1007379996
862731149
390283846
0
521977294
0
559225863
827809330
0
245406800
0
47832294
0
546905697
893196155
727537513
0
932701069
0
0
0
1008143733
0
1030760474
31946667
0
0
0
0
0
716317610
63703974
0
1073505785
269895446
0
0
0
202482909
671118964
1002737336
715375806
558387474
0
616672996
0
0
0
105364116
374824170
0
418816830
0
145042028
793057537
1065826189
588650393
848552771
304178028
0
0
0
0
939203538
0
0
129107971
240703068
1065463626
0
0
0
1024001172
0
0
0
0
1054450753
17022828
0
13091275
233985308
676679746
0
568300661
0
0
264853691
0
484449565
0
925868828
0
0
0
0
0
0
0
599203191
65498374
0
1003747171
0
881931223
0
650593632
0
833183778
100402211
999951766
0
35149412
0
0
0
0
410474378
598458488
512432123
946378009
58970265
0
596952384
1022984527
0
928857551
572140170
746544435
66095138
0
0
0
0
0
1017616735
11029154
0
1003339760
583116122
47075651
987889917
983185932
0
214646532
1046249417
0
0
38847942
919607987
0
0
0
0
0
0
815205763
496770204
205095252
0
0
624272525
0
0
391579506
0
0
0
0
1009490882
531382286
0
0
0
0
0
0
0
0
390314789
0
0
996825698
619875272
0
978883171
945843939
406324774
399381007
0
1050776779
90892437
0
0
747712890
371859249
213583851
0
645279729
108891181
928624293
1073087295
0
441501000
180725248
36543389
663135705
242319106
0
0
0
82122043
0
0
181008365
851082765
0
0
0
468189543
0
754361120
300503741
1021409429
560356281
697873118
443253032
321669360
0
0
23379084
424984961
923295935
289905682
26322269
419253216
0
732175041
0
0
0
0
727065572
0
0
0
517119448
146176808
0
516166355
0
23832874
0
393768459
135648993
0
19195033
0
772652087
0
869636911
0
556088311
468939811
663990535
51182549
0
0
0
949256529
0
0
933993000
558670534
102901925
0
0
199456334
0
459844638
0
804887958
183849501
1049543128
77227982
130413838
668381320
0
0
839844821
0
0
0
587554612
0
168990470
98060356
449524574
