18507
90465
16978
20890
389
90758
43363
76632
26124
46317
82592
40131
37549
29403
32850
76801
65623
67526
42376
21871
13802
16597
88917
57551
84672
78409
70156
19755
31825
40561
24289
12692
13394
88460
54731
28569
57180
96452
49358
93513
73404
17508
25704
21967
72161
64941
23051
12405
32768
33885
95412
27708
15225
4119
53293
69137
51614
63751
62501
68701
28961
96633
76973
33750
50107
41238
79169
61074
81598
14811
30415
90183
92724
75181
73569
72774
24171
7974
89741
72119
30668
41618
52244
12842
55156
40120
61597
75720
51077
90979
14633
94480
6785
18803
26467
51779
22654
1542
55188
65619
10081
38624
99350
35607
28816
25910
74304
73763
34135
9465
38179
82409
8031
8745
26004
81129
94200
63442
55534
27877
86610
67300
11263
35805
1430
4130
92633
42403
94355
46762
61838
10972
16570
92225
55051
29164
28409
76297
19461
98496
35091
19585
50945
79438
99721
46094
47824
81230
34595
18391
80044
86793
75107
77002
77900
69963
97830
21205
68224
53373
21599
34084
61336
10391
62809
42332
84585
80408
66197
19723
24551
16191
75159
21208
77286
89905
66798
33502
39049
90212
91595
88389
36402
53586
73700
42328
95000
40788
93851
21763
54775
32562
9471
93542
30526
33392
38485
19596
36309
79415
28470
33393
60002
42932
39874
90148
21964
31588
34870
64578
25059
23079
83417
85521
16555
79128
79448
84929
87751
60484
38269
35555
38280
81895
42802
77386
48959
44439
58175
22744
47927
7168
88403
71410
87676
46789
53801
44849
48020
55006
57381
98565
47369
34363
14693
8115
92507
6679
26290
9436
52897
59015
287
3632
3484
68016
19793
19819
36586
83997
6869
22448
15567
35941
2055
25359
47905
25340
55692
7500
21289
11331
75105
81995
98730
25849
21724
661
21020
99241
44522
85662
52247
56843
97353
3803
62801
9635
91316
70444
3962
85869
35282
32963
52593
70728
33923
48265
95100
57678
39566
88208
35573
35412
9560
84819
63392
40931
6550
81195
68785
16590
39914
95422
69187
33440
71067
94565
3604
97387
3464
82525
95663
14322
35585
15574
94639
7160
7884
88517
70165
37070
23801
25423
41322
81070
61232
11272
18012
91739
20179
27631
68348
20576
81522
98059
10128
55833
91911
70650
31491
12915
12660
86378
44427
19642
59631
36376
11443
65164
55919
18053
56214
25655
49896
82680
15988
84540
36506
6137
61548
50689
60852
35576
20110
95837
27868
63530
1736
58598
32882
1596
31566
65547
33326
97131
66648
66947
81281
39167
53855
98236
18095
25727
80300
3028
38275
13699
36377
77251
99064
10560
49179
36936
87471
4023
66133
72443
16073
42971
23672
19964
99070
18207
502
99633
28691
13284
14496
93130
58826
64196
63200
53270
65430
20190
51609
84160
1840
43383
66282
39821
39903
95421
90178
36363
82442
58253
65571
6862
23350
89281
39487
27769
94129
4074
1262
80864
85093
98626
48395
73392
32469
31637
40923
18956
42429
54538
45357
47902
36062
18420
60591
18447
56800
66339
89273
55797
60797
31694
41249
79691
15228
64705
7292
5800
82613
86822
74523
89471
72157
80296
53667
41560
49008
33994
87206
41529
94258
88091
39445
27893
80648
55496
67668
91692
5424
14964
19694
66656
9458
28538
41597
94585
22235
27262
39620
77670
14444
87486
38954
25358
97954
40659
51345
47843
1274
47028
73347
28349
92767
51659
44560
75456
59588
70785
25905
20214
3110
70831
28530
85286
98957
9993
74356
2359
87654
60275
74863
86251
61427
69658
19179
15971
54982
18238
61238
1058
50965
93347
57864
27045
70014
76986
77099
14298
72625
97326
326
15116
65962
57600
33696
48354
72264
68323
98334
11174
79640
9520
83576
31045
73828
79163
75554
32829
55343
34525
42390
90680
90426
51147
25073
44000
9152
81154
16598
94117
97581
28321
62942
47245
14894
70918
15798
46443
26589
24722
99846
83896
26010
31211
88472
89364
44038
34884
79287
6417
21887
68662
43022
78165
19482
82071
33667
36170
47197
84
92080
90787
51954
2118
42901
6257
35013
71644
815
84021
70535
60916
19847
47832
81638
7475
86316
17810
94725
55406
28132
81600
4131
27610
25212
88230
86880
87104
82087
83472
798
35768
84819
77023
58309
59954
66833
3698
87300
67366
72037
64074
89105
22012
42187
71416
98858
46463
84577
63468
45808
9101
33603
89542
66063
22657
65612
66368
56764
18143
9952
72405
66355
85131
26501
92622
26589
99259
7400
40363
31276
5565
68570
98242
89200
86932
69960
84914
28380
24423
80789
67622
84325
16817
2316
69237
75553
18620
9256
28674
35527
86475
32295
12840
29549
38515
68185
23870
40097
1735
46632
69859
28786
3111
80147
1493
24548
35469
8786
73980
47239
16481
85062
90621
83763
71501
40950
31366
48613
24274
58771
87067
3545
79962
47422
72700
81832
6420
82991
17322
75091
75620
32483
76912
24955
2072
11288
74199
46843
30172
81737
1276
71536
41022
89680
92817
32837
48633
30990
12150
31005
9251
10628
5654
91075
78561
74813
3411
519
84140
40402
46941
98608
98561
126
65989
89573
19083
78428
28494
70773
16768
4174
80570
97006
84747
5039
85996
94858
56751
90998
15258
84723
15706
15910
38271
89907
33002
87800
72390
58883
48372
36550
53585
67653
97402
78050
64775
86060
26730
91569
36393
24638
9285
45786
48293
60151
91848
26772
83191
39169
98818
41370
86330
74206
79190
2541
48445
92813
90379
26485
9132
51055
34113
38898
55577
28560
33239
80573
72485
70099
14098
94924
20639
95205
80069
83580
98183
70545
64270
28486
24197
18128
39414
5666
74323
78816
4226
47430
63096
62109
14121
161
13501
67433
58197
5779
24307
23778
57190
22687
98013
85807
99437
75201
88883
24229
1583
72717
97419
7366
2509
63445
91852
11348
39265
62564
53636
21705
56369
30891
52126
33542
72715
69479
1715
51982
72644
60214
4455
54770
44021
12378
16832
84696
58825
33596
83799
91291
51325
50418
83268
58159
22102
44349
91359
48780
47393
88255
11125
49113
77687
94965
31383
9131
86959
69179
16321
30162
29334
75134
54162
38648
65015
47623
29643
55914
38524
93551
22312
48530
20845
70026
84199
90343
35144
11949
66006
28763
64159
42155
74853
67860
64614
16434
18683
67398
3210
54830
90184
76821
35164
378
88388
43625
66336
90446
75659
80762
44363
66783
64937
58459
81764
23644
27272
36666
89579
20524
43967
71456
40078
74049
59146
9360
17054
30643
15937
92643
40206
99009
35258
89035
18167
83592
16889
93840
99693
92492
17300
33389
4226
70615
68933
97318
79484
36813
32591
79027
71613
22350
3964
38804
27996
55327
21347
12694
6116
52405
81038
88154
58822
35615
88778
41776
17436
89495
68169
67385
53845
89192
18143
45678
20337
32584
37205
45554
69177
86308
61238
14170
16678
73019
77651
99765
36636
66822
81053
68024
77048
26486
58111
31038
68031
10698
19144
77694
32452
77864
78071
73433
46278
94714
70943
2507
75568
50261
32065
67520
78835
81644
35509
17242
9765
24931
93976
51939
88728
70282
77530
48751
71664
2580
74685
39967
40949
4501
15147
49501
21984
86299
70560
94574
192
55576
43684
81874
26049
85646
53241
35235
28152
90098
34679
21430
62291
77547
10464
88698
8359
4658
65363
18891
41082
11454
72712
82636
34542
97039
49915
59765
36218
38083
73768
1208
15409
52875
80101
56348
29262
69605
28465
47441
45658
18431
51900
8455
47760
51274
17426
74953
33044
20723
60969
64231
9215
26746
25729
18370
33918
73115
82165
91087
85469
8219
85381
85620
46633
92322
54757
23732
57455
9970
41697
82770
91283
56726
9747
68151
43388
41529
8817
64345
43836
70204
63218
80838
44057
77234
71163
61389
97333
21875
8889
50086
49379
37518
57098
49588
56463
78880
84053
90503
93906
23389
24288
89021
8626
48751
74199
80428
6305
6982
74759
78817
16455
9308
44049
67335
87276
97020
24979
62175
2598
28718
53540
79907
2464
55015
84879
43954
14456
19206
39092
55959
878
75947
40512
61120
20901
589
24045
59702
48622
20730
45048
9155
19099
24128
90017
785
67664
73474
21075
77321
5900
95224
36169
75712
14458
66514
74084
3156
6638
24804
6228
47507
71820
24592
69988
24552
35749
45340
34566
57119
26625
82991
91748
47657
39520
65556
45078
88297
90912
97386
92556
85006
93804
57890
33772
38387
2978
41723
43794
5293
16744
50332
63143
66257
7499
67706
634
7589
54787
57405
8858
29167
48675
93837
87062
13766
53780
62531
48827
16911
9150
62818
30556
98227
1987
72207
67164
28933
98682
58780
76406
84608
60535
47351
52541
44889
702
50030
28832
95582
17216
29305
19884
90559
72480
45280
67729
9766
18198
40765
61798
63792
94181
55321
4748
97361
76181
55543
17036
12418
97521
11153
45478
89947
187
25748
91838
9890
92376
18508
98610
17159
98321
76234
53495
20889
23667
83707
15352
15900
10902
64743
95786
72733
29414
62732
72280
18842
37703
3312
61446
6354
23147
22042
10470
9662
68242
56232
25595
49722
91067
66644
57215
76897
55503
2177
32465
2809
34808
22505
6889
45635
92706
48515
43045
94794
14796
91435
86313
10939
53653
24316
84012
9829
86105
47697
5782
57854
38134
33269
81987
22395
71399
72164
12011
97600
47559
42909
3577
32135
79756
57592
87131
69955
48972
82561
28659
34851
10497
15821
21779
88897
1787
61949
12797
17096
83506
64385
3317
88088
79049
97345
63457
93485
85143
20828
2512
51235
52059
46843
21821
19930
53278
39556
8516
6901
85236
77858
93520
77057
20599
97810
89045
45321
43353
46142
16260
88894
66252
92217
99073
88797
84702
32331
56482
5064
94595
85673
29978
47553
89113
11365
91133
38755
88014
25773
47090
15439
80364
31394
47766
68595
45221
51091
56592
8288
99143
45368
52630
97053
95407
8386
3586
73910
77920
35101
2529
31145
27244
55396
27760
12043
25338
71092
43974
78909
31779
97415
35027
23408
17998
28803
83743
32194
40860
93305
12360
23366
85580
75674
90080
97118
48343
2978
6157
58625
32837
37033
67141
1745
44441
36109
35190
34079
32480
21446
25002
5287
77747
47832
65430
15028
36261
15449
31436
27644
65502
43306
62077
91190
13822
67066
29544
75911
63773
29262
62682
21206
45677
21483
61912
90863
95580
64317
53965
28807
11043
7130
69591
53686
2025
97063
54971
51206
69259
7119
35329
26079
22860
30629
66627
81554
71636
31469
36432
78468
38221
66895
62265
15363
3554
35860
9470
45125
67692
5653
57402
55659
93385
82419
5584
65738
36655
40046
84616
94220
45161
28843
96071
71564
39652
31381
17242
59284
8089
87387
45336
14285
67216
58763
1630
44829
6189
16970
85114
97724
75939
89688
3104
9932
61368
60283
45496
98200
3705
52654
39995
32834
14498
64599
80629
80325
93745
28839
89923
25172
84548
59792
42429
39814
32349
65532
94245
96964
78646
86864
34806
3758
36019
17417
14068
3848
70432
99251
34023
35672
84356
72242
58620
81712
62553
38253
66790
97668
38952
14290
32460
38356
10015
39748
6207
78485
57889
79738
88108
69000
47734
28494
28855
76106
19501
80075
61292
80898
21070
10983
83347
74002
26491
29928
52733
27323
21860
31600
65186
35664
22000
46047
31765
6152
5648
61263
9242
40305
60692
98795
6052
92758
94920
14472
26609
40487
14595
40890
22662
6908
62720
12773
30960
90540
17910
82512
66891
58411
42242
54023
56184
83000
22565
51506
53328
18560
8876
25430
70701
46971
10702
3548
34101
57873
90907
53198
55064
88039
12635
12720
66614
23524
41663
78779
50189
11391
32420
22215
62005
81726
95402
3252
58932
70604
57924
23763
93950
23863
65363
86249
48192
62399
67327
63269
51948
29229
23823
89654
86066
21116
56271
23171
35074
82513
62115
268
92002
8865
6243
3529
64368
50617
9817
88425
86531
62505
63040
3349
52651
77963
62471
42661
13827
36914
23014
47383
74274
6243
38169
4025
81542
17416
77756
16862
62650
4147
54968
14092
90686
55324
86143
31602
71493
48912
43994
80227
60484
61763
19824
9318
90416
35000
35910
38466
28542
5352
57317
51756
95830
23089
1874
57653
63145
30555
44053
16221
44793
20839
42481
88803
93855
29026
33194
72909
40747
27947
32993
1608
43589
58442
10350
46002
96239
94959
18278
10676
56757
40026
6734
35067
25109
46763
16530
93323
19024
23854
83665
32233
21471
95071
16404
29175
89559
84744
37257
8526
18215
31277
17106
81129
1819
54169
50919
9436
76166
28739
28702
56196
30948
36846
83010
60502
9504
9951
80371
94
35785
3016
13335
41685
29766
3960
64270
62874
66710
23331
37947
12576
95824
45806
97728
73870
70741
15153
55398
17318
96365
39287
21751
74715
19191
84017
64389
5521
47929
17670
20919
6484
40449
85503
99530
26855
43077
40002
26120
68748
81446
92211
64968
58421
17897
56704
947
85957
41661
9238
24526
86819
44581
3834
39237
98375
70477
37642
65299
38018
57673
85331
97563
49417
9726
57280
62420
66106
67938
93361
13223
18680
93417
84100
10420
54158
98933
90359
17143
25966
27756
81174
47172
3101
15298
90520
83434
74074
7188
13973
54445
39653
22054
20508
56891
33305
77150
98511
86245
79820
28233
59893
27845
50875
23062
2102
18687
97889
74852
73208
15974
54021
15415
54015
48923
54532
28987
65410
36712
58797
28352
56521
3805
18316
19051
32235
67132
72158
54219
13315
11663
70787
23342
71452
26088
44547
67154
33955
3765
64794
48637
48776
3704
817
92351
12436
3906
19120
82979
25617
92032
81376
92790
41473
42139
75492
70403
84094
62744
17542
70898
232
74416
43315
42530
42581
11528
35495
25411
54489
6320
58810
22537
81750
75814
49921
16270
78257
22590
30521
67875
65153
43530
18661
16691
3730
23095
80705
65759
61677
51793
42413
89345
42805
67248
68094
65366
88718
8491
30373
19534
88876
20720
17769
37641
29028
96105
33876
18215
99446
91310
16754
41878
23890
17039
13383
30474
65613
16481
54700
67211
60437
77804
94850
97014
36369
18404
34659
79657
50661
95916
17781
42976
33432
77095
74998
14488
29040
71259
27893
99017
5356
23156
39972
37782
56189
13131
98024
63395
96201
93610
52792
42763
60719
88859
36681
9373
93816
27049
59383
81861
97110
54011
52262
21163
42799
23726
38650
26954
57685
85412
86067
93978
57599
140
95832
79624
30967
70360
99086
92186
77990
41566
59791
48855
20725
81161
84952
31493
82541
79047
21674
55298
46342
67141
47032
83961
81286
79690
28134
14982
18643
84136
52670
96688
29958
24769
36491
2301
59882
17931
79257
7155
68571
72979
64434
33188
72278
17682
45712
23535
39608
95365
49777
58886
61699
88154
7153
65526
19347
46245
31106
26804
23277
17692
72621
85360
97155
91456
22762
26201
51945
86826
39417
79794
96501
27625
98811
60871
16574
90468
92157
38843
20791
91658
97692
23182
67925
82625
29071
33569
61705
53258
56716
30899
93268
40854
98708
72242
73225
64595
1424
6437
38968
5049
37617
19913
13500
63337
90409
84394
48146
49835
13111
65448
9734
6563
46681
39937
20401
62456
67722
71297
91789
5569
58033
98552
74114
6028
63874
34776
8761
63837
4221
66334
17553
98917
70538
17802
14049
41077
28592
19578
24540
29854
69195
47683
16363
89766
2757
57596
43507
96251
53001
73247
60821
47573
57345
86748
44490
125
95109
38720
35157
35393
54553
55481
18361
77987
85286
40469
36519
22965
80732
84165
32553
83946
63459
83121
91976
59357
7315
98080
74580
46627
41308
63809
54093
49476
32840
12041
5691
66219
55782
37506
31124
84607
46059
46027
924
50896
60073
23371
56780
76961
67880
11938
47001
18221
64558
61165
15987
14263
71233
62040
44157
50162
66374
21695
66668
18743
906
58881
57481
9930
57892
31208
14872
86253
74175
3052
23989
27958
42250
43230
57440
34060
39276
94168
59674
68986
14904
83670
3966
64549
40905
36280
92649
25148
1381
24610
76380
73406
83833
79060
78714
52493
31274
7897
13146
22632
62011
82304
52939
7885
55313
54352
75560
33482
56131
36934
63196
55745
79803
32539
69750
43784
99838
91652
58248
35302
23701
27108
11776
17159
22398
32940
37349
64362
86258
3890
57729
42992
44213
2899
23316
29599
55647
38223
14820
18882
98982
53920
31496
8467
72970
15874
15280
35127
80456
75039
8293
55598
9860
86989
80499
6633
74198
27825
87232
76143
36173
70655
62725
82485
83853
73385
73664
92780
48779
84301
99164
47392
50684
17311
57715
28735
23653
10951
98617
73126
45780
19144
16292
3346
44607
96951
44138
56888
40483
67394
32963
37047
30731
93415
74900
60427
50849
27099
4522
90001
27387
57282
15757
47370
65173
35962
2376
96425
26444
11255
50176
11189
56287
22111
4727
35081
6533
35214
24216
63069
44263
80754
96016
99167
58120
10833
75581
39220
61095
22183
4371
23976
93603
91116
82438
24106
24085
19494
87929
58502
65982
30793
24377
34021
9522
73639
14660
32850
36654
26405
44867
10287
68184
64385
65339
51063
37165
56432
82916
37546
86361
32085
84744
26157
89322
69188
67091
43997
6216
13748
17053
9748
56536
44832
86740
81840
33903
44197
15879
69270
25988
6558
87983
37776
35015
91415
22947
11434
16734
25858
15976
18601
3336
32423
68832
87595
87708
221
27671
20238
54834
11803
67506
89892
12867
53766
68714
38353
50672
86803
64725
2243
25389
94842
55639
828
68593
95824
48318
72307
30186
36656
9235
5762
5690
61013
86632
86817
99496
82532
59344
85264
76448
50882
56986
43858
63240
27487
18402
19393
93491
68829
60095
91974
92170
89726
91264
46554
10099
95915
29352
64152
3090
23113
74158
91193
40480
28144
83309
69636
70165
26896
9682
63092
93876
84540
81698
95314
73823
69483
2052
77705
22541
14305
15461
88311
23930
92468
29586
77291
66852
76693
99721
83085
55997
79388
2885
61636
75175
36370
58512
43557
7759
49988
13598
86026
66433
29209
46736
85039
6012
46088
5265
31250
84069
98138
79710
35152
35844
5950
6534
69820
36506
68491
39436
46484
6937
72829
8212
88200
91900
80317
49850
78899
37092
58521
57082
57684
26073
2336
18121
51602
50474
16572
14389
88556
36559
60112
91562
28224
99355
7215
80530
79559
54063
28413
64420
52495
85395
23569
27232
73677
62471
22417
84325
78568
40373
3260
15779
32706
54154
2450
84249
35846
91208
82932
98979
40057
75125
25658
6108
57564
19052
82520
43635
40084
73493
25439
94781
22677
40786
33397
33241
71776
11578
96823
90102
16203
15699
26263
84417
45436
42188
50856
36083
67525
57037
17947
85881
14142
49003
49375
42441
38553
90985
83564
36005
34747
7940
47318
47823
22873
53397
94835
45592
38611
42886
26788
94266
52294
1795
17885
64814
49624
89321
57177
65862
38728
83619
23960
22144
50769
74026
85177
58820
25919
33933
3948
7683
40192
98404
34716
94202
63172
37114
76918
18774
88172
24305
36477
99550
35617
65473
18808
96595
66103
16167
1105
67222
49174
67830
27279
47006
40413
38128
8532
89937
46672
85829
50944
95927
80119
56556
561
67519
85842
72386
79274
65249
33909
19221
90457
34355
21524
65931
38209
14232
69858
97296
20696
78762
31518
66795
5094
117
93036
73268
81710
24309
59731
15928
12412
94161
46142
56729
80678
62198
30914
1645
33348
17841
49107
74306
33109
67023
43286
36172
44687
88791
46621
61654
81150
40166
82139
90037
85546
70959
72253
45019
38364
54893
58063
92935
21888
95576
74905
52330
75084
40264
46934
51630
37745
20056
70572
87222
38313
31118
13477
9873
4984
66200
5469
46819
7632
79317
53789
77658
27228
48838
6241
80673
61727
61552
61106
1400
30339
63979
2504
8901
62234
5867
90154
5129
96154
70674
39606
23158
26591
85405
43868
14425
4081
24767
41028
18129
75321
68903
43700
80635
75757
39288
72286
65009
34088
65364
58916
26430
17421
96892
5973
43590
30174
48010
57350
8106
46960
18016
75703
93588
44227
22970
99439
63088
18599
32014
39110
12765
7269
35660
36161
5986
33741
86640
60675
87477
88795
89087
36513
62190
36547
44642
51590
12553
48956
9423
72988
32026
34723
6361
86907
59803
50349
50610
54190
84667
99465
63057
64784
35311
23236
70302
38217
12599
94316
54884
60651
66798
39487
43399
44824
32623
62752
14133
9242
37332
55726
32453
12805
67073
25296
91123
70065
44454
37144
16308
36049
33605
85008
94541
67643
41781
96025
11248
61233
79097
18698
78372
98840
20788
41492
16509
86413
35406
39064
92148
38970
20798
83111
76233
78778
31352
43347
5208
73740
82215
52499
16511
67481
85742
30254
11724
45207
70003
36739
38649
35004
71263
55597
97553
11610
35446
40479
7817
57899
15863
82026
65699
15188
45841
62618
8178
25439
8130
28625
82584
55826
72374
3321
86651
94182
80227
54965
52686
50597
62215
24065
9091
98075
42054
7579
35377
45428
1466
81036
85370
62243
54942
12713
43452
67956
48105
77656
93962
68208
28359
20256
65933
59628
46546
50862
9445
241
65902
59732
55687
75452
7045
96524
8020
40451
41782
89103
70435
45769
3321
33004
89100
21981
74048
83462
18724
28010
41400
76913
67899
14852
88485
53288
35953
35648
64623
9040
87769
59647
99067
67633
85636
79006
31971
95614
71864
53137
98196
94024
65255
9283
98316
58171
95359
8310
16146
91637
45313
3231
35713
66199
14830
32304
59863
21865
21345
85519
3996
29360
78100
12599
89600
12428
86386
24802
35514
51390
28480
4156
32618
45757
64626
80684
27281
71369
17191
99802
70238
45526
61592
54846
86861
49892
27925
8044
3697
16133
61761
47683
79517
68660
52293
49917
57842
41954
80393
20753
24479
4188
32129
27034
74192
22872
20758
54041
46525
25516
64110
4225
3841
96760
58872
78654
43872
15513
66566
96859
85004
94800
68959
13736
57667
94204
81083
38570
82310
14679
89503
21809
83145
32765
82798
82818
40013
12101
7780
40114
67515
74420
82103
90017
30387
79644
21288
36258
49903
97342
81646
75339
6225
68200
3753
3652
30776
84325
20542
71434
31789
98712
85770
46083
26431
5837
82047
59004
10950
17549
51903
4836
47215
59424
3296
82339
47426
71021
30282
52848
16024
5226
70967
66328
81194
72275
86763
40096
30543
27601
14789
27072
4387
99234
59169
65669
30395
75201
18293
38554
21880
17431
42304
92100
19076
90748
71276
79222
7998
94010
45407
48938
6050
55185
83994
61720
99993
17770
62891
88457
86227
52616
5576
32132
94319
5832
67460
98766
9087
73882
85834
10986
56676
55278
91866
52321
30977
79009
45764
14510
19105
72931
86
10405
57684
6745
14160
15504
94716
9103
5256
28139
86533
4862
80041
78778
16285
12395
72703
99138
13290
78449
77522
65917
5119
34883
751
28083
87030
35474
42034
16111
12960
22987
99345
40038
95129
55391
58627
14227
85258
40896
74321
41136
61992
16225
65043
88105
15975
93601
69316
50010
95494
6842
92064
18333
17442
50562
75664
80666
24367
2301
81028
47156
13939
77863
32659
78798
33697
408
99991
56374
19036
70573
36378
30840
32891
95220
59368
53628
91093
42215
15754
93579
67654
21855
30593
25229
26983
82886
16805
55913
93917
43356
39845
96987
9174
92511
7432
55679
4780
24924
13715
44510
57540
62805
23381
71315
54712
33291
96830
45586
97922
8869
21212
49745
28783
90278
90640
14329
81160
50343
79339
10709
12393
23633
44260
88922
66109
26346
58829
47000
77769
55856
27809
70328
32760
32037
9729
62710
55024
83498
22998
32379
14929
67890
38991
73709
52781
80374
5754
59501
71745
23757
5254
47346
68978
92553
99577
71346
56602
41467
13722
88956
6401
66149
35882
64418
74021
99354
60853
74036
24959
14553
60730
22376
25084
19434
19942
14619
70762
95191
54470
37107
51582
97817
80559
75736
15945
36424
7737
66500
88720
11011
49185
76464
82886
40948
29940
35040
15437
62794
79852
30552
62867
57505
51418
54735
64258
88133
27670
18864
6606
891
6690
53899
47425
82487
93841
73406
89549
45709
9503
24221
81990
71426
45833
99148
61933
33044
64923
97693
59054
6054
67513
14706
23568
97704
85680
89242
28231
15001
70735
47364
66367
63104
1260
69952
73310
29192
10306
98654
54685
23621
61419
43984
41797
24007
25601
91225
64765
14213
67752
13668
35149
90619
86683
55694
29211
65558
27187
98310
92120
84773
14920
56468
47023
41391
64275
91808
29289
3392
73452
76723
24543
99675
88956
34544
62663
62624
70702
38960
85101
16954
5084
80820
27483
9824
64393
15180
10087
33358
43174
26461
94593
68096
36486
48171
2235
13550
44497
51972
662
7345
38518
7443
28507
65041
65718
68932
51936
6370
78675
34184
71776
3063
96662
2628
24012
12370
34812
18083
38664
78643
6307
90179
13620
893
39982
28251
24919
88701
70198
74904
74235
64498
93308
96324
79414
83682
15407
54909
40609
12894
46789
87573
26063
11837
13591
89338
86123
63174
82076
70898
37874
39176
77758
42921
83323
49231
13846
35855
80848
39453
57832
63732
72039
54279
54976
14245
75316
27887
42725
17816
63497
25980
17846
47246
75302
28223
97823
59138
65806
94641
25727
67962
73041
52198
64268
50248
57340
12124
98592
22791
61184
90064
22546
81787
60360
42490
29559
65549
75320
70583
59924
48384
94770
16953
51258
92887
38552
36675
71906
66302
92359
10351
25954
59596
75366
65546
7158
49664
93483
31947
88118
89312
34231
49311
48591
42022
92355
67150
28191
88389
27394
32736
70522
37214
27077
79183
78677
17784
81049
55027
9425
91731
36992
88402
78494
5275
59903
18528
16183
18981
1351
36316
26915
8192
2131
51588
76808
48077
2542
74544
21908
67619
47252
24481
99932
30191
99154
60819
24334
88965
54218
42520
33350
67538
45871
81492
80073
94744
46736
75534
46317
88902
96204
1253
13019
75193
6657
53238
91247
74095
87656
44122
47096
47535
80472
25788
34408
79223
9159
52866
63339
61082
25635
75281
1155
48596
92937
54592
84261
69302
30281
40892
24431
38756
50590
58653
15298
67796
54622
54170
68554
88560
38796
887
60380
55178
33330
77424
92310
74978
43975
56776
76708
17472
88468
66175
55895
99777
29869
7999
52073
39584
79035
44106
36770
92670
28598
45968
25445
71467
98274
67031
85794
81048
13040
36107
21177
76299
65170
64885
50713
98116
5982
23314
54434
42526
20027
24310
86314
38366
2229
81595
32636
68270
34569
35769
72529
60797
90719
23951
2445
93615
5114
98241
52453
81675
54650
46826
54275
80837
4267
23013
903
34269
80403
30011
21017
52409
75488
94917
69596
57426
5458
60616
38691
16040
23595
46205
9917
1916
25575
80839
4983
96628
66593
61480
57228
22065
35202
68095
35666
55917
23712
14693
85847
53363
90879
4692
6162
64008
82879
13369
29222
99097
89371
72308
39109
78083
506
71770
42281
32539
65812
58841
12726
87260
6320
35242
94179
99844
30600
11116
72353
26838
8368
21022
86180
28380
55157
33017
63684
93633
42201
3597
40509
84004
96183
7556
11815
78161
55769
13168
30480
47594
62034
83547
73410
18875
48762
79324
28445
84219
43979
63123
58470
80660
27479
94992
60918
11438
2008
10250
54444
45063
9427
98238
775
20647
89995
17777
96115
80578
4980
4189
5364
44242
91900
45508
66855
67346
69447
4529
3095
9377
83024
24899
50744
41165
30740
26585
12039
2859
84738
62670
68833
46892
21002
72596
94298
79318
57328
95856
91786
5418
72132
51189
50901
63382
52970
16828
36981
53398
9614
53923
71891
43096
34651
24189
39563
38199
3258
77340
34134
38577
36575
29872
56141
9308
68317
59308
92206
42222
32011
89752
6095
98781
49388
16026
58672
84052
4556
55864
95013
30127
93501
90396
59680
95192
35517
34805
62815
81884
40903
31151
83464
26511
78162
43123
84045
69762
78974
74154
72520
1377
47148
75104
67531
12895
53755
86004
54565
92079
99523
65215
93341
20108
88759
33063
45274
23788
49496
6019
55192
13031
75698
53139
34102
31037
27755
20458
29443
36884
88173
24428
9371
59542
20944
91101
58301
17421
72220
52697
57369
62474
64383
68006
53308
20349
13215
60109
15004
41479
57203
96808
22498
26018
37722
30787
91614
70858
31119
11947
49019
22882
64707
83930
63286
4295
24976
49341
51779
7993
42543
59372
67362
33658
75656
73852
50930
54896
47261
46798
1318
23056
59609
49984
53466
5388
16021
63846
20062
77223
51849
17963
85848
80527
65026
24657
69505
72508
91017
84267
66501
12929
56189
25097
56875
6005
97481
32801
66807
92871
34140
12814
74717
68713
60352
88881
21412
72851
62582
15673
81965
84966
65813
9525
67307
64041
39074
90396
4284
65018
89639
12306
92560
67713
19010
40942
50755
55829
45215
41400
50939
81427
91378
33826
39362
36388
82072
68299
28954
54244
41032
7878
56845
88133
91850
12417
91712
27325
6242
3850
68838
16969
75753
96753
52823
26388
31570
87590
72451
52202
4956
43149
28956
84513
21935
84729
36153
18588
65772
34116
86184
78999
18066
84615
85249
54111
26125
7602
75827
83014
56514
43830
60093
24647
72481
60532
42441
85051
94170
94393
53480
14770
71897
72456
43727
38708
27713
58701
34563
68172
31693
15236
35179
64033
98319
3986
44543
50357
51011
27398
46339
24268
96176
80780
13092
7828
30309
74363
16744
40139
79599
29361
52241
66610
5295
10792
7704
51810
74015
8519
77153
36768
66521
17522
40344
59947
84696
81708
63813
33866
22701
3462
69643
85558
52169
57924
44744
36517
63884
71015
19687
7144
33686
21062
85252
34882
26431
54964
98400
45826
11612
22886
45054
36343
41833
15026
62194
85907
60731
56778
46417
67508
93223
8423
7648
61573
46520
64992
70518
41685
23844
79266
98203
85473
64205
24686
69664
57763
17045
91009
84495
78212
83845
98603
42485
55605
43501
57749
4277
83210
86563
61152
80306
90451
68751
2681
43160
26742
84416
31732
26574
93963
71028
96346
77786
26512
69772
74111
35559
60031
60158
3489
40302
10028
94577
47065
85267
35676
77253
89512
66272
57761
28099
13689
61207
19276
80085
78522
10575
4032
86429
29481
15723
24632
91522
4689
64697
59480
59099
71307
26586
77001
80876
33276
70392
197
86312
55015
95173
1720
35291
1270
5144
73056
38058
81667
59688
64510
56680
93654
84210
34209
80930
98521
89779
42757
90080
75849
85835
59426
27203
18001
67983
5725
75866
91649
84020
24235
20345
91935
1454
69317
46627
91491
37257
44781
40635
90650
36840
57616
62511
41916
3409
60555
20180
47325
23551
36412
6088
10951
91179
69758
77109
46595
14077
52782
1835
49741
60515
19761
28349
6207
54131
89566
89716
18838
50346
6857
41600
28390
99702
61612
4933
70821
1610
60929
90046
84736
25953
33848
73158
48654
67105
44255
86040
98174
81996
36993
97349
15404
47308
90074
83106
49862
55738
93788
86588
72440
85279
83153
34938
93678
74168
38880
5057
36795
25013
12273
1025
26757
90341
89770
37198
17674
53865
44504
27090
38027
21259
87648
57629
71359
14524
9194
81759
3274
63032
43929
81535
79345
70858
66604
78577
95232
22077
77556
45468
46501
69188
24520
50107
40861
39140
46243
74960
20964
50637
60395
97348
31530
72821
84357
6057
41803
86818
65354
70797
5008
38301
5306
73595
25197
87538
91775
74406
6965
11274
16700
80374
87668
70941
20535
69442
77409
35790
42278
27206
19818
75927
52850
37194
97250
27857
15570
33141
87165
88802
34641
47273
29176
85353
6284
44751
53884
16615
90141
99728
16472
49723
16605
65066
21216
90253
17843
71305
28133
4278
57521
16645
73709
3952
93580
90890
83675
2987
57380
97925
76238
25107
62885
99632
59014
82005
4685
12586
81046
91060
4559
63370
18676
43768
86386
35393
65648
1653
34107
6709
43103
45671
67071
72107
77135
76961
85048
12367
30170
51462
4370
33267
64088
96805
28483
81608
91234
66702
22388
8270
58196
67685
2651
80803
72914
59285
15531
19273
75542
70371
78882
31938
96955
19993
59911
87494
8629
91414
13183
91820
98198
74256
15088
53359
60128
56557
99298
90028
82934
28394
94380
28497
6644
53507
36912
38216
36632
5570
18076
10709
9071
72389
31148
49638
33028
20842
32768
5713
97170
72117
34206
92340
73270
7285
12827
13163
25271
67825
91801
21210
55066
45591
66535
85226
34906
89901
64186
44407
70782
46799
7738
55399
86890
69098
56557
98846
76174
96599
51222
18630
49822
76424
88577
4333
22476
58791
16577
38036
37129
5904
75290
85272
64064
19642
41874
72140
89784
34083
64454
48233
53886
84288
45160
16637
34555
80697
23196
83468
70279
29056
8680
34003
52166
87971
162
83731
17015
2170
64825
736
74981
19734
38050
55274
35411
65177
13932
44272
43900
70147
73634
46855
38866
15641
60196
85324
23927
9802
23633
69524
60834
81392
5064
41721
99562
91995
11389
23511
96897
97364
2956
46179
64575
99740
79942
62767
89327
8479
25979
44846
43357
56544
69601
28441
70714
16605
60568
68450
51284
46569
63324
81737
9919
32902
63192
41690
9348
20318
29966
28413
95758
44193
91555
84159
1586
64884
25509
25646
63003
20352
51284
2507
95350
12645
3834
169
17836
47624
40039
96675
70963
90136
70806
93012
76559
27512
85180
54769
19132
94387
18431
29233
45884
20389
59902
26541
97068
98303
53645
45525
97480
87968
4273
6740
95462
51852
38519
43161
72975
6683
47768
67603
70621
32543
26154
68336
42237
55749
8190
29530
62410
85793
27814
25162
74468
1963
66717
64368
68159
92300
56709
4932
87404
90046
31018
88401
14097
55754
6647
84751
93499
89336
35549
88842
58083
41586
23700
97284
3041
90978
80574
66804
68163
52698
56211
88793
77738
23738
99940
79868
16405
71435
89019
19249
65483
71120
87440
92286
90683
29726
67760
94622
67642
45892
54415
50125
84758
61717
15068
9861
61165
7380
60645
68165
40279
66518
33321
46301
32625
88239
62107
69602
57356
12241
97413
25783
32024
53999
71277
67051
94661
9353
49003
73158
23359
39822
23426
66250
26725
91425
32933
12692
85736
94225
86789
27590
76088
17715
7132
52165
68134
87203
47630
21806
97293
74874
36980
25010
12801
63977
62540
82104
92791
91505
40598
49803
93585
75588
35872
35110
98936
73770
23920
13539
11352
83259
83729
97483
21689
59430
82572
53144
47145
23850
80389
58364
85710
4865
57334
5635
84408
48422
259
27460
19379
42816
80093
50764
49505
75238
8489
36727
17861
25304
99687
5619
32600
54419
80347
61253
85457
9924
51437
31074
1465
2446
18795
82537
84593
31807
59760
71879
64744
28788
72241
85002
62577
82238
23590
3009
85641
66517
88247
55233
43518
22417
79902
75836
83430
20013
386
44522
52033
56752
33004
92308
13404
92169
54847
77342
24212
15689
20040
75623
67634
13649
28832
46576
60019
86545
9281
30605
23028
21017
94375
52341
79532
35346
55995
56331
80682
96230
30409
79218
96865
96983
91101
46291
45841
47172
56778
22774
77427
36394
959
70674
93784
25182
34460
2193
64032
79150
85877
1922
71893
92878
77128
20922
65775
52105
63981
79913
92605
64106
10271
3190
14076
54041
12756
99320
93862
12569
83418
60461
35412
17881
81328
76468
39958
90642
71695
33173
89291
31877
23184
60754
91281
60553
66664
62507
25695
62674
82310
35351
56432
30913
40951
97840
66321
81189
88355
7866
3642
80795
54158
81473
24927
18721
75587
20543
18390
58244
50896
40064
19214
90460
90996
86712
45968
53104
16972
48136
34006
61925
1888
58577
85131
62404
31275
89896
98791
94714
2320
86246
96191
17191
66206
54233
47704
16992
43066
85764
48922
46741
49612
5992
6664
42980
26143
75716
73102
35120
4940
63665
97270
23146
43028
67648
157
27569
23606
97762
74896
80784
32399
41908
86531
35718
3172
83377
40443
17129
57514
58525
17750
72560
38626
90605
5252
44240
35856
62230
96262
44335
35025
57678
20106
40028
17433
66488
82914
46844
89570
57126
52645
35142
28583
90268
46011
9087
81667
99136
22752
92030
72235
67854
63411
31704
25210
96636
83533
92797
4594
90168
52021
67482
22425
24363
65579
4162
8396
75697
93627
60928
78392
30424
41145
41021
61401
73580
89029
59119
58034
13216
78386
53339
99629
76490
91812
82037
88895
38234
64187
96718
10714
47889
82040
91478
80185
27081
81874
19727
33143
97400
71984
93970
77560
6230
25275
86543
90146
42470
82286
67147
15934
28648
24349
7358
32064
81803
53534
99058
65748
23013
71751
17470
42392
91484
81635
50859
75071
25486
19469
29752
60077
48575
10503
447
65448
68022
83303
46057
66698
6155
55877
90910
2895
77908
89032
35702
91787
30065
85774
36989
51560
43803
72735
92861
16249
14793
78935
69278
73268
39956
12546
73592
19152
4344
17073
12263
63816
75528
59446
32216
96018
14098
87966
56856
59106
80964
21000
46263
6514
81835
30074
38670
51015
6275
93649
38091
7727
90999
97066
78744
50444
34800
13226
68042
72321
467
79249
92953
67549
35575
54981
15323
16528
7262
65481
55173
46624
61944
80582
73917
5468
95379
6743
74001
15335
98539
2975
30458
41419
89203
62066
37751
93398
78318
26435
85515
33388
54665
79402
74090
44009
55117
80017
24841
73869
33185
58413
50247
26386
55336
23696
93234
11165
24232
12366
43002
27142
15510
79346
67370
5765
45030
7996
17005
17756
90838
36402
59471
30741
38860
24679
6063
25411
85061
11125
55356
60379
64123
69889
22417
78241
2347
80936
14015
73077
70583
83985
10556
44283
82085
60951
22490
42482
22255
49768
82238
64794
58056
43294
88885
71597
78307
24990
3579
52481
44649
55576
49169
67803
88290
404
69789
31133
83216
30175
95125
80752
23455
71556
15374
92890
53512
44179
20164
37560
76522
98853
34855
69243
31703
67724
75977
75743
76413
94673
6844
28310
10346
16023
31499
153
14645
94022
38951
3194
67061
26975
24811
185
78624
23758
8153
15523
73945
26270
83590
48905
98233
68891
89250
64802
80495
81537
50716
66030
35790
44981
30823
44628
70879
19114
82678
21947
65879
1298
44221
33958
42821
46163
34661
62354
86293
12700
26074
76317
9787
83048
24507
89890
23460
88907
73854
58442
96022
73202
32803
84041
66889
2844
13382
91477
39927
66625
91893
83822
20721
20140
90289
89380
5688
1676
32730
20562
80128
73267
23108
21587
89649
8355
91718
75499
31440
15899
13215
46192
84437
24423
96782
62757
95337
61172
80633
90778
23277
2716
50399
42860
28338
98661
70119
41070
21067
64132
54800
15710
81013
49863
15902
33030
41656
64202
83429
73987
28764
61475
58222
88009
73511
46301
92807
41385
41023
64358
5716
37841
32952
68171
99579
98680
85903
50137
13417
3823
56082
63444
43671
15340
93079
50630
56477
6740
42312
78788
37124
77774
26104
90448
95837
11410
53734
5950
13008
21714
94553
6963
3562
35410
64641
68078
27124
35746
83549
24763
41937
42955
87089
2697
56311
78430
27229
60625
87481
67498
28485
95571
88915
23727
64706
94389
77105
37880
56890
97315
27258
97345
31229
79792
76168
55861
70525
85173
62874
33289
94498
13509
87607
32876
34957
28899
21586
15374
21566
19630
38460
88150
59673
92066
67317
48111
43932
32987
8334
81036
58735
85260
90679
20616
9801
77374
52612
37100
38178
53614
30947
88187
39769
64951
70910
504
53529
47607
7089
93223
32504
34293
62529
34846
58988
41791
4532
95144
83508
17543
90586
93779
43658
8599
2549
55356
40927
93622
30622
64035
97083
7715
64130
48463
29310
33544
19778
90415
43227
45798
84960
3468
90227
95186
52704
45952
92858
32861
21411
1118
92820
14864
3624
6842
86813
60851
35944
57507
91648
54057
186
18177
98634
15389
92116
34175
76001
45401
37767
61405
3253
5587
14666
76329
72287
59157
73617
45921
96670
60363
50775
94975
93719
75725
48785
23657
11854
94398
39978
92643
16375
92468
97875
60596
47803
3532
51215
78727
38244
14645
6644
90302
60886
10315
9650
87579
18916
59635
57790
76879
97647
55339
6662
76875
72681
98265
92904
33404
62710
48010
3296
38434
42580
87956
93469
90647
38876
59545
85722
21127
6073
16755
41287
44542
11389
90480
12909
35053
49384
82774
19246
99771
7378
72049
51791
38126
94418
85356
11983
58816
18260
93118
45983
33117
43727
63810
37090
757
31555
20012
99030
38633
59129
34870
99400
71495
22622
24881
6262
78378
6372
84765
95416
99010
3372
13119
26493
7543
66415
91689
4221
78447
32059
21481
11550
84420
84260
21284
38303
5976
8955
56239
29740
71259
68491
17322
27689
86496
28194
39446
14149
37826
78984
83765
8011
15130
10145
11505
60421
22532
67775
41828
71541
23529
21300
1475
83726
53907
70387
69317
15222
43282
25037
28881
42977
2229
81511
65201
6177
6681
35806
66972
43442
54248
74247
45064
40142
47040
25132
46094
96993
54801
76672
42596
10556
79241
56790
38647
46155
43303
80256
39408
81641
21847
4368
29553
11940
90181
98348
91711
26111
27748
11669
11640
45701
41990
82010
36614
45966
17519
62543
50787
30790
12156
73839
25963
48730
83646
40837
46565
42263
99072
99236
90946
73667
36989
83819
33350
77611
81049
97290
78034
94968
64700
700
49872
16565
79292
36661
62256
30491
76858
61490
73688
608
31357
28610
75588
58772
12065
8710
65788
19233
78
80598
15878
67375
22341
71459
90887
65274
5773
82641
55141
32330
22696
78734
45345
84535
96685
91006
43408
58728
97357
41144
14928
48243
9741
28803
78383
16196
43930
70297
31162
44485
9665
42685
74864
70367
70422
27401
59282
51256
79626
86464
87428
33358
85537
47297
15281
31300
6417
27544
67444
99211
74096
72965
44839
41714
49385
78875
13153
22288
12484
95051
94914
38284
17200
29099
51321
73415
53181
28775
26729
76797
30253
33662
29098
35749
3468
24708
25838
70227
94443
4485
76461
55744
44892
16237
19156
80506
42642
78343
64080
51794
44132
76144
45921
31935
15108
58302
89980
30299
26956
70428
50006
89655
48441
84312
5083
26420
88594
12010
46068
40944
17996
17075
50068
32606
97584
2645
52943
71255
71022
5238
79545
18393
30123
9387
34152
89512
23046
15966
23924
67537
73523
35877
54491
18691
57869
12054
4916
98696
22505
64834
39590
14594
43450
28957
66840
52694
27328
84394
7336
10017
94769
48741
33154
82381
29469
61645
58624
1515
81028
19121
62693
43605
18445
15978
62076
33066
33496
83862
83388
61184
97914
55713
32680
76132
23215
13759
60097
66774
43796
99415
87753
7415
14156
513
8260
21380
94336
17530
96201
74745
63647
14832
23995
49040
8636
35077
59242
99030
78565
79453
6
14113
78711
6128
48760
44338
77536
85417
2867
89937
65304
62990
88123
40238
66086
74665
81617
90413
98598
38327
75062
88888
93269
62131
4598
6787
84558
47112
87541
31216
63526
11811
67198
71500
43659
4850
80534
99949
90457
38979
59543
25568
23723
5157
24217
70236
12143
95019
2756
78088
4335
87590
44682
4919
63544
19282
31604
68976
28617
9090
41790
89430
54473
81192
40563
99059
12421
23997
86030
95684
24078
29824
342
40403
78548
43737
49185
16353
44775
42522
94322
29682
77531
3779
52783
15913
92372
1063
20215
1801
31010
24173
82609
38827
38071
54656
31587
24797
53822
13940
55301
84014
27429
45031
18809
11850
602
68266
19541
63030
15065
28200
56477
92977
72480
20750
62993
16195
95723
40352
22507
68653
58986
72496
56155
10974
98690
82362
75711
29909
16087
59622
77332
70915
83462
62019
42890
12782
73450
28694
56332
70332
77270
99415
41920
82676
49432
34431
87530
41610
23946
16561
38352
42982
28996
22088
38092
57786
25578
2396
44361
11393
45969
64793
32866
39674
35609
61400
4717
18818
80049
69679
38979
26167
84308
14797
43942
65533
14230
87680
6966
60608
24539
84159
72032
53039
46862
24645
13375
57386
33215
23858
9645
23480
56349
23873
76471
89570
53353
43651
87802
3137
59442
12607
52120
52859
30744
79539
83475
99971
70578
45671
27358
64534
65406
16964
53977
76492
80645
18667
63936
39907
8937
76696
53457
52163
25057
45963
83411
12277
42704
58930
12277
32924
2269
9371
3320
22144
99137
71964
96955
19222
73726
35479
92602
54431
5967
88234
91635
36420
2977
91287
72369
46871
25742
11650
86868
53717
96787
81551
62428
96936
1009
10122
44900
91383
3893
40689
4010
41047
54560
76326
19488
87497
98768
78421
14641
6998
16447
72081
30779
68289
26413
37707
817
3376
74107
67727
95879
48291
31628
8293
17648
17454
45830
93306
60642
41024
9165
67470
25123
54014
78416
57178
70426
68325
17370
96994
51595
23954
18527
96066
91895
35368
94094
37103
29568
22921
11389
77094
32033
72144
55636
30633
85911
57754
40982
253
71036
96260
2724
9729
30601
53962
87117
76363
54800
5636
55425
44912
54751
2018
73978
30100
64468
40198
19939
35380
86534
87996
13444
93927
39503
20125
60678
33894
59363
18247
13184
30284
43596
67394
72962
69501
42123
60077
70903
76024
35267
25331
6503
74898
61360
83474
3346
65597
68525
18693
9702
16380
10417
31631
80000
83930
43735
34261
7957
95694
43541
40713
93703
5201
54256
9561
29543
26841
59461
80693
83089
81035
71536
77175
65943
45927
13386
63566
70998
70415
5358
3301
51156
92279
97143
3671
4495
23730
5061
35837
22727
27783
71454
81767
85418
41398
82603
4323
30662
92422
26117
85035
54051
61084
7295
10755
56935
11496
21187
86796
65524
52284
11521
738
5937
57784
60719
38025
7846
75958
66510
5488
86870
84519
2661
44457
97280
76015
93285
89101
86046
70155
26610
5740
18553
17829
77355
66904
75700
77113
85752
56535
5203
31667
73688
69348
63988
55173
75151
41467
6592
63756
50137
42412
70661
82172
32068
58259
95274
36700
10056
4052
92253
43796
25475
2180
49613
34938
1533
91090
76833
78769
31566
47339
72224
51340
86674
6129
31604
49320
83438
33423
96785
987
10089
98953
77250
78272
91306
95763
13482
87794
62763
43534
11979
52823
95883
97212
55363
82670
78192
30528
62334
56515
99134
22304
50801
91839
3823
38825
76395
16906
36389
95424
64240
53288
44399
74385
42867
80460
66939
31753
33951
26997
59363
63115
42202
23805
38181
57213
46100
81201
70821
97929
64480
65969
67461
90044
4917
35964
94449
4823
3604
8365
72886
3411
18668
67885
54898
53187
17814
15265
23619
55493
35065
24572
23954
55847
8145
74998
65281
88225
95147
29068
86195
52188
45629
23366
92041
35461
15053
52411
59050
8764
35898
83869
67418
6427
96271
26409
69979
57729
91435
24975
54241
235
32102
10285
88211
20498
21189
22837
46341
12100
52062
85618
26356
11763
2907
42751
29319
53504
97130
57859
78353
85143
73769
84780
20302
3530
77208
1019
45628
92747
53820
11968
94167
44098
45712
52996
43661
83845
30429
36759
98379
99500
303
2244
40216
52335
67890
28955
41076
30972
19834
11372
81960
2854
86904
13173
48041
20574
83339
77823
91505
13992
59611
98152
56463
77622
94608
63779
49960
10311
40633
64093
67522
79358
61676
1537
42228
29164
57118
38683
96101
21445
30526
24084
58499
74723
68379
43267
11339
88236
65369
3987
14965
53106
85512
36745
93625
32952
65418
40432
85151
59434
67289
49930
35813
86093
34453
60201
85215
43938
44146
95032
61209
27797
75886
9585
57651
55458
16359
51028
69016
99615
84541
33443
19385
64797
83355
16456
29561
21600
64918
48148
14879
44238
43991
22313
45925
73225
43831
50112
54602
11198
44436
38973
49497
32987
25876
68319
85594
2798
99000
58052
73197
28152
90747
47229
85596
39490
77172
23710
34422
13125
63128
28581
42094
58329
43384
39308
80158
39331
46725
87300
38900
28612
54347
38456
97020
67694
54360
24764
53868
16786
36656
90478
68861
17241
96978
32639
77640
86007
79918
79947
86465
51148
73097
94324
18934
59039
80920
56646
89668
41303
75933
40556
24567
35098
35551
837
65635
25202
49859
49949
5040
3568
66699
21229
70221
95823
27242
12090
50603
39553
95580
32396
80301
36882
36317
92775
24737
89174
33495
38558
95663
52050
54756
5038
62960
61461
67026
31463
83048
27548
25111
91929
59062
88067
11334
53342
4419
95647
18974
56163
95901
78267
72486
83072
24511
72560
16340
38772
54670
28877
66244
90023
13874
11163
66336
53187
63929
72042
7814
38379
16455
94645
53574
37363
28266
42752
55556
93589
39238
61306
16437
79218
40605
22211
15880
73924
38058
72908
11068
86573
40481
69053
2090
39066
88839
22861
62325
39452
81507
35976
20961
81620
97152
19598
26625
91119
29867
99411
74066
18861
80225
58595
68678
5216
83879
99662
67151
76879
6136
52217
14176
31975
96677
96619
49224
59875
53040
41960
43282
66964
55037
62145
16202
99087
65838
70555
93926
96736
5690
15046
95893
98523
19828
11125
6098
42010
69898
16542
19675
35673
72908
59790
36822
42843
97199
63510
15036
92175
52393
55551
73011
95294
15752
52207
1938
90539
5070
56308
72061
19784
64357
49827
2861
23586
90290
61063
68762
98391
67604
71526
84733
55588
7061
47577
38949
74478
20279
90476
6136
78264
86138
11564
93080
64150
97906
46158
52636
90624
63662
62332
79947
60641
53806
14640
54280
86278
25950
78775
12356
46625
49452
38391
86835
22346
25304
63517
58370
67029
20683
24025
31603
38402
13414
12575
29049
19151
61296
43175
26341
3989
8610
91906
89151
31466
22363
79022
96720
67824
57362
41221
70773
18686
76509
36579
18223
87599
4868
93390
58254
61130
18706
21415
12203
76486
32798
10103
28105
81458
51499
42892
77231
54653
7628
39909
3446
31216
47297
40009
45381
7017
63131
28308
61701
8885
60698
66787
12307
7213
97116
42695
42255
36506
69312
47451
34697
97583
68594
25388
27623
48949
5140
73640
12769
25369
9314
43722
93634
32391
28780
53760
49379
47569
66558
10399
12349
79971
63331
64156
38672
28928
46530
73087
54805
58131
51875
28468
60433
2559
71217
92592
52565
33053
29786
18575
36403
44452
85549
44389
19629
90723
74358
89647
65017
60398
96683
58239
15916
86563
81113
23409
5028
78315
36548
6185
12301
39235
97759
73308
63422
30082
28052
5107
52945
3369
8936
63848
53424
90978
51086
25303
77140
29981
63613
15761
3035
9458
79201
13849
53580
5330
41973
82063
76210
7051
72467
22965
86728
72045
28214
2327
37989
46618
35639
7407
75429
22756
88808
40198
37680
80471
45165
62928
37482
80471
5960
65086
86541
44693
6459
23082
6846
96572
84257
66336
81972
52909
49893
81610
95821
76215
42631
64444
46157
22900
72209
59688
62186
23833
77264
11419
48384
99407
55868
9019
56216
41808
10117
21019
88858
35144
70993
4568
25578
34680
8347
52137
63214
19349
31754
98770
18818
71227
63109
21419
21302
99800
99357
54155
83490
68917
13689
84683
67627
99995
28395
38141
39015
12416
54886
75565
70287
66545
70680
60551
87033
53789
36271
91547
38610
9106
35612
48259
54017
2993
76419
31055
89209
96550
74993
36468
43712
28264
92167
1272
65459
82173
76383
78756
84124
98941
93147
9346
3647
85314
86417
82310
90455
3204
41453
10062
24133
32108
61787
77573
98253
66458
78647
24527
74915
28284
36868
81258
27102
40266
31696
878
61161
88034
12497
99225
49396
17345
34519
74837
8820
78732
91807
92228
2098
62888
24797
98383
57882
12545
76586
41593
62468
36018
22854
74506
9301
92421
92970
81314
71211
80571
50173
40456
1737
31859
56071
68418
34014
66716
23094
92611
11569
67975
37799
99602
65372
90236
13948
97140
33992
64251
76590
25634
13909
34833
90391
12858
76224
53966
8643
99698
34725
90072
11620
14828
69994
36447
92007
16675
33862
9428
66018
4191
1963
4406
56903
34934
60798
65997
19933
68120
72351
76799
60092
26736
67734
91920
72189
7843
62486
49523
81356
95584
41139
15825
10037
20298
44483
90428
93933
21696
28415
39359
66436
68965
96599
42906
50992
21332
51126
21857
90149
14292
9524
22586
21989
56855
63893
35944
49543
68442
46616
34232
88582
90463
46914
98207
2588
39746
84353
781
94859
96986
85478
80295
74325
19091
6486
35902
48385
35882
44025
62770
80467
49411
47608
44273
14130
84538
52880
34356
72171
92373
7319
80002
42966
42576
82665
9528
5077
19695
62590
92260
38895
6473
94642
46190
39601
68639
94591
56637
27422
48726
49974
71286
22036
72034
68223
61151
24386
82921
67585
75872
54154
46090
37343
32760
58679
99441
66205
94086
73377
58124
88113
75754
69645
82376
43532
23307
84197
70294
38982
260
33223
16742
96247
99269
95657
92160
77319
89605
81073
62919
79557
97777
14237
42308
54858
9195
77449
89196
33622
90047
48260
86352
43996
28920
89295
62763
37581
70176
5826
13636
30559
82418
6442
9592
48013
16159
63728
97198
24756
60266
30291
53904
83315
6612
11214
70015
43443
82912
15137
67452
38353
9880
60811
11262
56776
19166
62884
38231
72199
80461
89905
59354
40470
41944
38699
88160
97441
23809
61373
67403
48741
4176
76949
15399
99934
99127
82806
72815
61885
71223
40540
6710
3814
61711
55736
24345
19977
59503
92039
80769
44718
46648
4472
39458
28866
36082
12077
70669
96994
58262
8407
7813
29778
19843
2571
95133
29468
27282
82481
35170
70427
94337
16005
43656
65697
76705
45163
80350
10455
39098
77720
72710
46755
14077
45986
56345
25566
73788
35595
11851
46501
66057
62879
33725
93286
9333
15567
93212
98186
38668
31783
19660
73180
58766
32313
88455
46837
78136
80964
8044
34666
7926
44762
19240
72031
52124
37792
15479
63807
94061
58791
83394
56404
10596
3764
61335
27404
46627
27395
24586
90372
12547
53121
84745
47910
20359
73585
87301
73066
91708
53875
93142
54128
70892
14272
32327
53071
33051
36943
50935
63336
99136
31423
65046
93403
34670
41108
29987
38818
82186
23952
34285
32538
27888
68842
10239
31414
9783
71558
30674
32375
29123
16283
92969
35995
76123
16635
3336
67955
59022
52231
29261
15923
49154
4180
98556
46435
24168
94119
71385
66055
21045
9387
773
80837
25374
88853
45673
43792
54368
77866
61249
89613
35085
25134
37484
26971
5063
31386
12359
80044
39326
31593
82894
32395
74424
96094
76170
77162
33839
17540
86261
92575
38650
78372
65137
3956
30245
74856
74514
11575
63141
67833
80053
29783
28733
79744
13395
74117
8696
44311
53380
3302
11286
21199
17546
90849
42763
59858
68864
59010
75460
62903
71896
59135
4228
66063
51845
13899
86213
72405
82065
37080
22872
41649
79061
84890
77390
98279
48809
51168
653
68945
57473
55242
16409
54676
40615
86939
71008
75050
1024
91483
90921
96129
81965
3317
63320
20088
68810
41339
48540
17373
85725
33234
55410
16237
42393
28787
32045
3476
74426
79821
29992
60824
49248
99391
89200
27553
90901
13852
45656
79625
89359
37711
61367
57315
92820
52525
7083
10370
2792
89004
21410
36843
74007
97714
41908
72189
55278
33008
22990
64557
85974
42904
92194
71473
22927
25163
35088
26883
42945
49510
38163
50331
22570
11838
89803
19826
30317
31330
68191
81909
84881
41964
15624
1043
88451
50882
14073
43179
24063
68260
88999
93202
51637
70898
89909
40663
70430
20952
27438
33910
30180
74648
50214
81919
84250
78496
15108
38577
71671
28711
16355
42316
59822
24179
41444
26905
62395
65760
61684
63586
80653
62054
97410
41092
75440
66215
64117
43819
71487
10411
21523
20799
20340
36787
92364
755
26369
62740
44307
57793
2419
76498
39045
96587
70351
84675
82285
71210
51158
42711
38148
89206
94293
38576
31379
89200
14399
38703
57531
38377
39326
2879
13869
17451
15207
42684
18621
1383
82349
4218
24775
6265
56955
93957
25303
33460
60476
44
49384
71536
73054
57839
41291
57047
98007
93187
30549
31550
68387
66696
5806
83308
80220
23480
2330
7717
91212
83478
80525
31110
84542
85754
52599
7994
1721
48262
62323
79074
51115
81163
71899
90857
5921
94870
52604
62457
37414
3183
40139
49445
89014
84430
18149
63735
1538
41506
64520
18420
24707
63245
53336
302
10419
47282
82567
50724
73506
94881
50554
61424
62955
77761
37684
28303
51679
20180
30092
66688
95039
76801
25227
93692
70624
13836
18457
18015
3716
66315
37757
78285
64424
78483
5857
69298
38063
95319
27066
46242
99772
61147
23551
17247
86431
27705
62852
12225
61125
19327
77762
60194
85843
86433
51011
53111
9816
47525
62956
86166
39187
18108
44234
21314
7906
5754
5407
28316
6886
22254
43288
19989
37868
6612
42213
54869
74462
17075
60083
74698
81432
2154
68282
77312
21281
55898
26781
44404
1695
84659
67569
8825
27091
10573
51319
56787
65095
46746
7531
70703
2035
55944
9511
92537
85040
47378
33248
18665
79194
30426
34695
85221
32373
56216
74435
10697
94123
87828
27409
24533
47860
29974
5943
24053
44849
90367
3960
20169
2917
14456
17468
22567
26015
34241
59569
55054
12754
8660
24938
79349
56775
31301
63171
95100
89169
78005
46509
10536
41264
56319
91864
89195
64385
39929
35132
83912
62159
75634
15462
61924
7738
6967
87164
19262
90410
21986
93715
98736
22274
19566
28799
75539
90261
67521
6853
90189
85498
64458
46188
79393
3958
64685
60009
50724
76653
31792
50568
5565
46913
5692
4789
71847
37795
58113
4391
38429
63152
23201
27150
84642
68514
17753
99803
44686
48501
50576
34577
75168
3970
37439
51041
34341
85012
53903
51112
77522
15677
6451
54534
28409
43221
78116
81111
58487
8343
28410
18509
36762
21861
83959
37654
48145
20292
45249
57842
50289
48928
95128
51741
73315
70034
39166
51692
73689
49596
84231
99632
92113
57884
40120
69190
65399
23157
63004
53242
3213
78955
83584
43858
60056
38413
9103
87287
77391
96200
68384
76087
36229
58242
38453
69368
43177
11918
67745
75949
84918
9676
9243
26953
34394
13760
31365
54080
19241
87545
55240
64385
82121
12613
16695
6082
7549
41355
76095
89316
3021
77741
52761
46253
1956
3149
60737
31843
52040
39809
92604
68502
84898
54888
23206
53769
79528
37978
20657
64409
91488
85327
36522
91557
63847
77453
63391
35548
49208
6123
30159
26903
69644
57557
20609
54216
25096
66300
51526
17306
67034
50852
81954
52455
96131
32972
77467
81244
54199
54060
23363
74490
12128
56035
16084
12333
79774
12903
29605
42835
19333
53861
37777
79837
30914
78299
56346
22124
93636
282
43516
33014
5635
57747
76043
45601
63394
15245
34867
78130
25529
19239
41958
77268
72160
12498
54966
59774
44816
40781
37764
72879
92459
83619
30717
54534
7131
50179
24724
62843
93486
63771
33748
29422
68955
24990
28370
40457
77015
29256
35182
61354
16573
85447
80866
80447
6417
60373
96707
75291
81456
36276
98880
79790
22650
17223
39214
71513
2959
96947
14769
61136
47448
72625
66273
7215
41684
11331
95861
27747
53302
55809
13056
38537
82942
33861
40340
31341
63583
21988
57491
81867
13381
4813
67619
31526
62996
52615
8258
7392
37361
58989
32046
15375
67677
24596
816
31432
31468
35460
7558
10675
59877
86145
13003
15740
98636
46198
19164
72609
69536
30111
10666
20339
9591
90078
64261
25730
89421
34325
69679
98242
4430
87429
8556
22973
83755
41772
4152
36711
36065
11402
63869
5939
92615
44919
72928
76634
89196
48238
55847
40413
83095
84001
83036
68027
28745
56178
59478
45930
84497
24737
67184
31960
71797
88178
8609
55953
82497
93452
64577
72257
40433
80640
12058
4603
24317
49915
85182
95273
35575
996
290
30499
7935
63992
8468
17221
67242
61213
4095
77409
92276
87461
17466
57447
77035
90960
53765
35707
63702
94721
68348
12270
76517
84314
87593
4844
36494
33013
77352
51785
75580
31826
70832
78141
50516
73599
76076
48023
98523
61984
80757
9129
28456
80884
89734
71324
77051
26245
41646
49009
53432
15010
5735
95840
98423
86550
20854
33475
44127
63324
91789
27099
72915
29525
18778
68230
89297
92959
70658
29339
32951
41909
48571
62133
44838
22462
69915
18942
49899
45386
17443
36402
49781
13767
22112
89619
15357
69683
14262
28617
73325
59226
77149
31543
93251
89943
4508
55899
8313
40703
13887
94412
3254
19487
26906
85225
95605
25203
26587
59164
27940
75823
30770
77960
31034
29049
47968
53964
40360
85954
75542
74259
59193
70443
83237
53405
37894
98575
37076
82651
55800
63962
81904
69137
19987
42103
47875
2647
1180
92403
53673
53817
14815
33214
67218
84196
93693
92285
47705
71075
15091
91527
64543
56711
86647
66755
98875
19699
77875
98867
55905
86334
48108
1954
36378
28566
46469
25200
43857
86017
31322
93821
97399
50354
37467
51364
77987
90644
6771
77265
87204
78694
10312
60185
36871
76097
30891
69500
15972
72742
67367
4616
2253
68662
36643
71269
43828
173
15441
65901
94586
49873
27609
31700
83290
21259
2326
63569
82413
42841
6093
36403
69356
90549
62151
26527
77985
80486
2048
27350
3364
1820
85588
19215
22468
78032
73370
27333
59073
38286
82402
88252
55881
98054
18149
90971
27464
86961
83409
39213
89065
23057
17262
57557
84673
77205
60662
74541
93579
5521
90935
94049
45702
55181
34456
86903
85369
16253
43823
21458
47081
64559
2876
64723
21366
615
20690
83323
30173
41194
75148
61435
70158
15186
88025
39736
57260
37700
73911
2351
19950
68669
66894
62733
92305
20610
23053
42831
98761
64004
99187
11052
67055
1117
43753
30611
94888
11434
36347
38741
36829
6628
50099
89143
19692
34349
35730
22086
26607
33256
77668
40345
44084
88894
85911
30953
11613
24580
13570
72296
94701
79620
46762
2495
77009
11386
47117
6786
15742
23127
1359
46344
61806
6714
73346
54399
7131
31251
14525
88313
16329
63219
16343
94721
13152
66768
48338
974
47293
53996
43092
47180
68831
13318
13590
54774
96834
55990
52447
16818
17911
98966
38366
53674
4622
56397
17300
99759
51658
72776
53719
14812
27827
73180
39628
61035
53654
58386
59094
82687
13509
64095
42168
22341
6384
74195
26958
54403
10437
18425
95587
39804
67637
56162
13962
76197
25344
64231
89880
76702
69766
44709
28814
26965
48562
87221
63855
48361
40967
42531
29858
88594
352
69653
45358
39459
32573
13554
4498
95259
7226
38297
68421
96307
32361
5112
59835
40379
80158
38822
44135
42038
3841
18654
99037
23110
94614
51010
53782
59705
88434
88250
54773
99818
25834
70977
69330
45389
44301
58662
63291
64294
22481
77966
43373
71360
81105
73415
28409
35028
99634
87696
3585
68714
69488
98196
83166
12633
95413
68033
63923
5336
15573
74973
41788
54651
76041
97230
96664
21325
10857
9607
42096
41504
56366
21429
16634
35829
97645
13316
50747
91724
40463
89248
7948
83209
96602
79408
27163
79351
17923
34416
12891
14844
43183
29734
57366
40333
12220
94172
59502
2194
48888
69331
98622
76773
68673
54798
44113
57923
84281
5461
80078
1922
74588
6986
93385
59338
47409
61115
6376
32053
44748
95228
83912
17397
39953
23994
38034
60872
23426
24496
10476
25779
20753
4059
69713
85821
42717
8719
63287
79338
9049
78320
22531
46444
1119
23906
81558
97985
80281
1806
27541
96768
36836
24522
71541
32863
48279
69702
14469
37603
99330
10424
13724
6844
58777
2938
6538
60918
58718
4024
53372
40503
33620
21873
37883
88601
17265
7100
32987
93925
4639
2049
22602
20888
76419
90385
26593
6424
58406
1557
89120
42322
13209
53679
75204
27166
10166
63990
1061
6359
76299
2481
86891
17424
37914
89895
5017
77964
74640
19620
94832
96877
45973
87866
5641
39477
3059
64861
65472
20995
95739
33241
33430
61921
89631
53836
28606
86709
56236
93007
78908
3880
29692
35292
63744
12079
91121
10396
40789
38503
82066
60164
63838
76144
98830
217
41165
57529
46413
78502
39356
65310
76627
57950
22009
51971
22362
15390
27325
52262
60311
24469
98448
4145
37687
66503
81987
38760
30414
11924
95031
56515
87294
62828
83229
9597
40005
71040
19137
80488
12490
15040
26324
47455
26986
96331
3318
44500
93813
81853
46350
99418
1451
39697
24909
87773
57385
91478
59078
87282
8728
2136
35720
1762
47751
14893
68536
76679
1407
32648
18583
5063
7752
69391
3151
79359
80429
9048
22680
66265
73481
20052
21808
74059
29160
46575
11591
68741
54396
28664
13761
30490
32284
22896
50171
69651
29255
26780
50324
1764
63455
5669
25647
67158
73481
29632
40272
19924
48760
3278
24759
26513
73531
84086
3100
10966
79858
31053
50372
44050
73990
47372
61644
48573
91940
45166
26151
75115
13338
22329
11123
7786
38924
68985
47890
93067
9030
51862
97612
62810
21227
28217
23048
51794
45126
11927
60141
56199
41181
65898
10000
28905
27368
94149
74795
8188
31544
34443
88867
67047
19050
63388
5851
12290
35975
15342
60539
96274
94259
90403
9852
98940
75404
68175
20847
11540
30229
75650
72780
78603
54556
14902
97906
16239
28276
23173
62615
10548
93797
94064
25489
25260
76491
27012
80836
25886
3110
60275
20273
94625
81521
85447
89814
71447
55561
43504
64821
59969
88260
48236
5622
87432
89605
8101
34879
84248
82120
12762
93410
54247
7937
30883
93522
93258
73751
53662
98626
19286
32464
94435
88684
51432
7039
19771
35132
20197
85977
7172
69910
15594
37851
68226
99000
30841
92644
18901
73979
8461
10046
86190
67080
9749
60740
43720
25607
83550
3495
88839
46571
44813
42599
32631
40626
1558
40790
56712
88017
3871
34473
46346
37023
19402
51005
28734
45432
14339
46345
80105
35459
69581
75058
65187
10784
38524
95073
149
99133
53280
34234
80629
41848
27332
27621
29174
58365
35335
89162
1271
50374
54415
48439
72580
7410
26393
82139
70190
46567
61776
37265
64911
73137
90554
49115
90398
20280
24316
83896
28793
73631
54639
11567
22323
93162
85037
74759
7513
36891
3171
19785
70670
57423
64022
67659
60643
78864
49249
40941
21492
81423
27081
70514
90582
91884
29115
34265
97289
17719
34658
33743
46389
55864
3887
20788
52862
95847
56986
18577
20236
75011
92899
21644
36379
33927
1866
36494
11068
96444
82491
85262
31060
71561
20631
26697
21604
25498
51359
77823
52040
88648
25248
34267
22169
73385
81395
39418
42328
33077
95892
3137
11334
80523
76951
40056
58897
30561
18864
47863
49334
47025
76298
43223
72595
71719
89558
72509
20580
91351
51716
195
63223
72279
63848
10797
38701
31034
77245
4886
69886
51782
42612
73988
19980
40672
69040
70197
10267
38553
47181
12761
22837
10118
72622
49975
50228
27831
46336
32229
45824
77488
62754
94168
90749
29169
58140
57206
95681
97881
32197
24390
82898
87368
78067
99773
53852
25151
17096
44195
22619
63101
24457
60774
29667
45710
58129
18376
26268
43111
21787
58624
31144
30262
89897
70196
7862
11241
45758
19684
92218
87790
65423
38287
32081
29488
87751
22846
48578
93955
6194
91472
62025
35447
32430
88347
19179
10497
41141
82773
57356
16610
95495
52043
30405
28605
25249
68258
670
3372
2127
63222
31551
32692
29431
81822
22989
44484
25177
78858
13743
79741
74719
11246
27878
77765
31731
66837
9437
30403
57324
74194
41891
93451
81607
25536
22504
364
14557
38153
2071
99034
31660
45701
42481
49523
70810
46346
61009
90550
64983
93439
52457
29551
73613
16419
84471
67511
82243
86491
48701
67081
73092
83108
94341
92084
82610
54559
25758
3557
72382
14272
31405
52086
48720
84192
19114
58314
93556
46507
8612
76538
39532
66621
75040
60962
83459
75161
58145
67599
28974
92525
90067
57158
93822
48403
97399
56935
84796
64472
87929
5217
33074
60910
20494
41167
91387
50920
59054
46848
18808
61153
23395
90257
54974
32471
2910
85175
96502
83005
30062
38421
40639
36820
28715
68067
85711
34380
55149
62098
32698
33193
9687
19926
17981
20555
32490
53597
83230
10225
21408
64017
384
65227
94609
57857
47623
76181
87517
34185
42039
47808
89342
89270
66210
69221
75548
94044
11358
78593
47054
64983
61166
41137
85549
304
35891
63043
68021
71958
4999
17112
22688
65119
17297
64894
29188
31878
11625
21698
94960
42090
51861
25590
46943
49267
39379
97471
22223
21375
46817
6191
14005
69236
41104
11158
41353
20639
13241
79842
12485
49208
34771
76976
14304
33490
31609
79100
95712
67837
38572
85701
5542
30186
48244
99936
51768
75963
87504
44003
78877
38914
87305
7482
3363
18062
24196
25804
40450
71735
9330
93270
54529
33879
79086
89964
92722
53727
49242
60846
73259
83165
28126
27039
77247
88972
89262
53444
11696
91512
42720
65651
72082
82375
1792
70335
71855
13811
87715
33418
42959
47806
4502
48689
56769
71488
26687
34501
53726
98157
62902
50482
16692
61633
49393
23634
63479
48680
58544
52278
59460
70894
17045
58513
98812
67645
90531
51997
3858
34900
20306
18810
74948
83172
41893
38979
64276
60354
23611
3987
78934
39804
1037
69911
28973
13161
55948
92421
39063
23793
23297
97561
50590
51357
60573
89537
83807
34142
59543
31588
81316
47499
42590
46745
15172
26436
58248
93421
78526
80853
57555
20704
33420
52142
4575
88388
26694
76071
64236
90856
9799
73875
34417
94954
24864
77649
3654
14906
97414
51149
1579
79961
80589
68578
12280
89462
58781
62109
7900
85180
72377
18502
4749
99225
62729
56785
68768
44041
35799
92395
74728
49271
4170
18909
77326
16434
83713
25901
9555
48858
62885
98436
66887
240
16546
85055
30565
14773
199
11961
48112
73894
98401
70399
99582
62949
97478
38941
47038
86359
87687
86476
21526
95757
72652
28889
45995
86839
54807
33239
31561
61714
7160
27368
71129
48060
42894
93600
42683
93142
23561
12756
39632
14891
68793
22191
34342
83623
36329
32022
90993
6411
71562
71012
59987
18392
86721
30829
660
61090
24518
26650
83459
48947
70315
36173
49384
32294
64679
46215
96251
38973
93505
36477
65114
76802
78257
59822
12035
64071
55941
4555
392
68014
27564
37578
93707
86393
87362
34725
94629
49914
60505
62755
63114
20726
76558
89754
15948
79509
75777
13097
29903
1154
80105
29304
79675
32651
25769
6285
86232
26358
94727
9596
7026
23738
67066
40002
17393
92607
96439
15664
95190
86672
41536
27222
11206
12676
17012
88873
24637
23581
43036
91734
47230
84150
69135
12357
35870
87598
47146
92809
8259
50223
2096
31237
86617
52725
90898
62658
91019
21292
64140
52974
79335
34595
6185
81555
56603
3730
68661
81799
4949
26169
55483
5471
30780
9175
93678
37793
32110
41296
5552
83766
15922
26799
90972
30515
26728
54271
79190
67954
27470
83797
52250
14975
9317
99919
62267
18626
54026
55715
70156
36601
56585
6318
25468
1966
15051
32070
31749
39254
16282
36014
32682
61638
43359
96497
73034
60367
47687
31930
22676
19246
89779
63223
19780
49085
7301
81016
65078
18197
40184
54755
76660
86020
1337
98602
17989
30953
81197
98242
38337
37648
39629
77604
3881
21399
7011
96332
99320
92894
66210
15380
41148
70251
807
62438
8142
46108
47009
41723
85751
53498
94169
35565
94808
20862
28769
64322
97375
24309
13515
1151
70330
11996
83424
39515
29068
17635
86863
76038
19443
83007
39309
80433
72470
63624
50414
59641
63943
72897
61739
8793
56620
74329
88029
52531
42751
26243
63717
2037
8338
15714
81088
4206
72990
70072
1089
93051
56689
67919
94155
97061
59209
89072
55638
80178
88856
97445
78370
71171
30507
1412
33365
60733
8588
94254
27320
98107
84116
79769
31878
33918
26499
84953
55022
49029
63760
81854
38433
52648
65858
73814
4016
60755
35216
87038
28510
40262
14838
42330
23596
38910
34077
34757
10782
83430
44386
18623
34498
37254
34051
34377
60434
165
16768
12728
5058
53209
72876
78706
26631
27208
85072
6860
57317
15537
40972
18107
45209
77859
93722
76086
84851
30806
9609
60297
81650
37912
15524
41048
65700
96026
55652
82558
355
90031
13164
55103
87573
38747
8097
59824
66653
50140
32211
26938
60261
78066
46468
71698
9714
92957
88290
88768
45593
2802
57358
65413
39948
9422
33751
87939
11440
28542
58380
20804
97107
92904
14243
19527
26915
95155
47704
3081
93619
72237
68082
2160
21841
50401
52774
8032
56175
25134
10405
84317
47078
41676
84259
36393
29930
22207
92166
7692
83507
85572
57985
54324
90738
72335
33696
45313
48286
7479
70742
12182
86823
74685
13126
25097
5727
35170
46039
21934
35786
79872
77852
75250
27161
18920
90994
46606
10387
8471
44574
89441
84376
70707
46629
40097
57240
2317
11992
36848
75584
23495
57344
53787
46116
76416
41185
53225
14207
69988
99429
88364
865
51483
92134
36973
56946
15553
67059
94733
86393
8056
89556
40234
15105
32703
15570
83234
89970
25124
76304
55879
84814
64950
50402
77728
31515
62434
45929
60157
41379
38606
65127
85834
12533
10207
14163
7922
69670
69662
79466
89684
18292
78294
380
42642
49783
41577
88783
90289
82152
61980
7145
27806
94736
50104
98181
46269
45833
13103
93820
57574
73158
5969
79627
52288
59954
56331
30066
79178
73592
48721
3304
95697
11472
79193
88429
32504
63527
97003
13070
54306
58716
25922
95090
18345
76555
45048
98938
5641
22244
97033
82757
97859
63105
94815
38940
47759
29402
50132
11840
26699
37045
50072
35094
46891
79839
56612
84737
82203
59930
98147
47057
92370
32092
418
15892
98616
54561
12441
6097
80345
25084
30045
73042
92093
85370
76352
82181
9692
29084
83399
27080
48720
43862
71219
80416
74160
6400
18642
6354
19804
83080
75672
50233
44184
78164
64173
74643
90759
95969
50725
47603
31035
36021
52131
34571
94271
83729
96164
87219
37205
32143
87410
91929
83788
11303
2366
37594
51577
11196
2079
66637
6779
19478
97463
88339
33240
89192
73275
46080
58727
78828
68859
54283
15511
2394
61682
50239
93349
81927
86904
50246
58679
49354
44610
23266
6763
41931
7950
17609
12081
2831
8333
41298
77377
81500
55005
2243
5276
43018
94503
42555
97490
27916
42637
3340
52978
93679
73198
270
75890
8451
75867
16513
65747
29092
5006
93007
65889
22264
36554
21444
21698
4342
16949
76366
77906
63384
47441
19767
51202
34040
52422
96305
70145
88081
88152
37002
68554
35292
34450
93001
50668
88357
46676
53549
75782
13581
86658
24237
29293
10762
93941
79535
43622
44850
72577
20365
22106
15527
46717
73005
3599
30370
98299
80071
15357
3404
17597
69161
68770
85238
66664
35276
94054
95117
57096
47694
91777
99354
79642
4328
83444
45560
68873
1098
26851
85872
63394
74102
6809
20835
26535
40412
76708
37049
79258
69023
75470
51905
99954
54719
28865
77726
88298
61752
70607
66519
90745
37575
44823
4904
84581
40561
81628
70978
26365
71543
84717
20478
87916
70054
30579
62126
61186
42303
90280
49809
17734
24740
5138
29497
96492
75555
71906
45544
30802
44618
73334
7952
10873
25729
16393
94737
21408
35100
59939
79954
25891
74818
85866
22289
76266
97074
92246
76281
52526
95005
83446
79019
94654
66220
6756
51925
9515
14643
47428
39217
81846
1959
49603
19856
71687
37493
65088
59951
72327
83806
59761
19996
59119
93290
66534
6698
64045
12564
19098
926
40127
60673
55719
49877
83529
14921
96892
81510
72612
9961
86945
79174
68224
66215
17514
645
97000
2627
36204
47184
81083
93348
71887
56951
40350
15098
27448
2421
82693
75168
95962
44439
32727
66651
58618
83900
31610
30584
6783
36288
52254
58743
67907
40402
28201
9234
26095
65657
11426
38472
64786
52250
59604
91871
45977
87593
66556
53437
45161
28497
31862
4302
145
88073
87247
62595
31616
17347
936
50243
58060
38102
54899
79862
71152
60526
51012
31196
18365
40119
48655
62393
93749
39854
27935
31455
72502
63399
74740
35789
32401
25107
47784
7226
16845
9415
92666
92719
24803
48567
21093
38071
55535
55161
22879
50084
51421
54004
78198
3614
47236
10704
7383
20975
51735
84799
73681
21863
75492
14113
89326
21305
65777
92791
67600
16804
90035
89839
21634
80443
71970
22359
15443
30681
58617
64841
66112
70715
59569
43097
11010
25160
68166
16711
1808
15346
97238
49183
83311
52947
90570
42973
47322
73767
13612
67085
24512
96058
17516
29303
20965
39628
58941
2177
61596
73395
49858
36521
82277
11577
65570
3313
84761
9048
59994
39789
19943
36720
2720
17519
33541
53505
39136
57573
44985
77578
24714
69014
77443
3511
75985
23880
66542
6600
52881
66307
92568
4216
39152
75912
45361
23272
55358
31845
98506
41897
97878
61158
23296
23945
73027
42048
93559
12262
43795
29516
83220
17762
51892
64079
81614
44110
91412
95684
72017
82360
22612
87203
59547
30827
47884
12123
58217
76711
14175
35758
35989
13192
64325
4464
97786
16261
89435
61177
17589
50907
34853
40610
45673
81423
85893
33354
8702
74362
81644
49320
22757
51684
17798
91824
10337
16661
52397
92116
84018
64248
34106
33267
85366
17906
17168
8571
61759
69934
56425
3915
53258
66763
98496
12520
55645
96727
76923
10337
89483
33936
66204
63362
68902
35593
36089
14201
10727
88180
16879
84735
81566
83751
33158
96875
26825
94138
8847
87901
98684
87443
714
8993
95054
24507
63629
61748
97516
89048
79284
14829
27955
36464
77402
64623
99837
14287
70509
1368
34731
48023
7595
29779
52201
17211
41323
90116
81605
91445
471
12194
64148
40401
68527
74244
20924
46640
46097
53339
75424
50146
47675
14968
31866
9039
10753
1948
13645
48656
46369
80254
58915
40764
39947
84391
32714
4894
97792
39384
58675
64774
21015
78426
87643
48970
32208
95854
3254
28518
80119
31285
11450
58752
72872
21785
51018
17060
31887
61997
54351
64300
70349
51209
60759
77418
68652
80421
79806
95264
44253
257
5494
37763
8058
12794
31539
10529
15083
73221
2289
89072
61078
4057
6804
20273
84085
13675
20959
18257
21674
95986
46364
82179
23342
4516
56707
52246
39900
83046
86501
71691
68163
53175
8402
1573
93332
85693
95278
65495
77866
89389
6101
95502
74538
90286
60565
84254
67987
47052
86086
66521
5778
31310
85453
66325
13770
71111
14248
69986
97921
17700
37571
69563
11435
67498
47720
1347
92357
20544
61462
88683
7019
3402
99029
63353
92303
44113
56561
16943
83976
88419
36769
83757
9973
87867
12075
21530
41505
86221
36007
47881
50238
20360
84830
82679
77681
36840
8020
31596
60807
34573
85390
36439
82887
55772
47206
31801
7191
83762
59979
20216
5535
12884
88594
37858
90867
51386
14724
19449
86189
20135
9457
94097
18866
8981
69312
72459
40700
49376
16130
53877
93494
99785
15010
7624
67327
68428
33710
47773
15979
48321
33416
5813
48764
64225
55225
82888
43414
16029
92905
72704
48058
37891
54752
56762
87228
85593
20216
98384
15959
41486
46383
30446
60549
59762
8106
46436
71248
21232
1171
57004
14719
23407
79878
4752
76720
98372
10434
34649
41826
33445
32989
70146
26425
5318
17822
81697
31979
60376
31815
40908
26855
7974
65012
50003
25611
57723
58883
91219
34943
38139
61199
20850
1178
67143
33358
93840
75051
19407
97197
12681
59421
61022
40914
40561
15649
44010
33799
19222
30293
99415
53415
36893
67682
35248
31603
7055
33994
71572
41531
58776
68863
28136
57807
7538
50571
56518
61461
16687
65544
3770
1049
79802
77259
28494
11709
14904
97776
55686
43345
41639
56589
35935
50277
39733
77270
4529
27982
6734
96523
50538
98312
58223
71593
17478
64146
52399
12307
20019
21933
71959
86761
74707
5190
69473
85602
20332
34806
48924
62444
25274
93885
72828
65229
26510
29646
52453
54412
32701
48706
7121
74201
83746
69320
47156
15933
7450
30724
81166
6545
35761
83191
50586
74569
67202
47483
19755
85503
99055
90468
29293
253
68647
38873
25247
84433
61087
15252
86594
30467
99126
65305
78292
51396
44610
44989
34719
34864
73205
83000
31578
76664
28825
82502
10755
62616
27066
40672
74701
98480
19553
95013
14433
21170
69898
70554
54502
43166
24520
53200
48784
74707
38479
8201
40431
92041
4639
1953
76299
77876
9317
26706
55870
45710
95349
21297
16862
92645
62904
76782
35137
94381
11234
99389
81025
68396
12332
16497
22599
30632
32442
39174
53112
70343
37757
67966
56532
81609
86140
41083
30534
38447
80940
83354
77827
94816
16116
82636
40167
52817
15633
7585
55781
5311
22582
13124
92450
77349
82670
55235
78714
57587
28627
55533
9807
44575
13816
33730
31190
82559
4345
8922
33716
16616
70058
25964
5308
85021
20115
74238
27285
46082
18895
50507
64298
33928
25228
43163
83192
7304
12832
72398
56996
26498
79902
42979
69559
26754
96777
96310
21943
32749
48161
57702
43331
39694
43063
49713
57908
10945
22651
6871
7213
5317
57226
97876
57174
33631
75585
67032
38501
73971
80118
49600
9005
83052
71355
24822
85280
53520
91011
38084
98242
33852
6693
83223
69486
18492
3549
38296
4901
32192
40014
34649
48089
3193
40758
80858
48962
73764
89013
17849
4751
94580
35306
72312
71937
52238
757
15549
54281
21983
86604
20413
90795
18049
28334
10658
41069
80329
21474
81205
78703
5945
84477
4867
28257
35871
97253
8220
81932
14900
38932
85526
95324
75934
66165
50278
52662
61737
84896
83335
42082
67647
18125
82787
93233
9354
11119
68428
67647
25343
66999
6449
61230
2839
46592
79933
39003
82850
62382
82767
55391
98069
7817
14947
84653
60589
41157
75707
9293
7856
94264
79192
8239
5541
24874
41708
72337
93674
26158
81991
23614
35758
49666
7291
27396
90261
41867
88587
27551
3975
28947
45979
92864
2847
80574
78044
42986
47393
67405
3917
52231
62455
75807
84147
51881
58328
69623
7759
53782
23250
71870
81632
23710
52445
98947
17790
85638
54331
745
24208
43776
26407
12959
51313
13931
13036
93683
34120
22977
71464
31865
97377
38718
51285
65951
7419
96951
76095
60356
11250
21298
15525
45488
29113
65042
85516
9231
34615
11887
34619
9102
82135
66509
79821
79981
30783
75555
92694
89776
2961
15504
73953
59735
37827
70114
93321
50446
29463
90282
3242
89244
67871
38220
15923
85047
14688
63545
20925
4671
67306
28737
25075
69814
11328
57051
50457
49546
83821
93201
56765
68299
33256
2886
31597
21318
23606
13371
86407
23095
75794
7779
85278
7919
13277
44747
31594
16840
3147
47241
48061
19025
86819
13915
85141
70206
10873
62294
8261
8429
8302
5762
47799
40779
36978
67864
51071
53979
81490
62724
86975
30355
34213
62236
33712
99542
91301
23443
6412
16029
4955
16194
99862
70895
68050
78347
61094
59482
84304
71264
60635
81217
35798
52916
27878
78126
36079
81514
39034
5068
8544
91972
96958
98573
62388
3963
72991
11724
12742
48607
25607
92861
1754
81060
72462
80556
42295
75874
7309
95836
28296
91295
21871
81996
34178
65435
87937
59955
75514
89528
16561
56792
28672
17946
29457
93302
45804
13433
77897
96254
99918
92846
94917
67238
75583
20659
93040
94997
4540
10066
8348
60818
45020
27866
25790
60541
1453
96342
93457
99988
72856
1355
76741
61372
14633
5653
10011
28937
20097
69659
50539
52700
35984
70996
42992
65159
10209
40339
26969
73936
72675
86385
78066
58928
87645
59044
91278
9791
76409
45190
6065
17915
77443
96453
85967
16506
68822
73717
75806
83169
56885
39446
72229
11293
92631
83518
72924
66634
67546
4315
38010
20649
4428
40416
33669
7048
39393
36740
70565
14752
8461
42989
31457
38777
55816
13767
93253
46409
43353
88352
51146
93573
57674
66932
62907
80960
49950
63449
27531
67687
4402
96529
76586
90303
51722
54427
78592
25291
75869
10332
50344
20025
35009
31388
62996
40175
71834
33981
35176
60865
19323
8449
89205
8337
70190
24262
18631
77977
43914
50968
51832
90471
73145
93727
26057
66093
68522
77302
30327
98228
22710
98045
4664
2102
20141
83682
75356
63659
3013
19473
75759
82748
86063
65693
49663
13517
92168
11767
88036
62910
29854
74492
38110
70779
36074
65292
51258
22668
13898
95882
12806
30383
59963
58401
16542
89361
80050
97738
41454
67283
89864
77751
50129
83988
55884
98585
65469
13179
55451
65506
9564
177
87575
74920
85206
75936
39374
45468
57104
58854
12420
82849
19805
15448
79804
14985
95781
41155
745
63572
68215
46786
78541
70251
73474
84518
81424
12873
7651
22061
93350
10920
95858
74928
98729
65206
56625
45258
56849
56264
79249
56314
66508
53525
30004
13237
44589
83758
14888
99278
90075
5374
41997
3526
73352
67306
74654
47663
61542
86964
12475
10632
92356
24344
38899
72361
66245
6719
1784
15301
65579
86769
65499
55301
40722
71882
49052
11271
23073
70222
99418
26225
54786
88285
98445
94006
18112
58091
19100
55413
35214
63646
67167
19517
42165
95605
87827
58655
47520
88890
77043
62335
68469
70974
56835
69743
90057
8485
74480
56678
51555
93012
79623
13446
77448
39695
82071
45230
7060
19544
97693
26629
9804
56954
77999
61264
21661
99032
43051
30633
40849
29491
13114
1837
817
38371
41294
47147
86511
41769
31375
60691
29864
89092
3778
64971
42339
67518
14605
73115
70019
9883
32889
35897
39002
61914
31512
67516
5898
63396
28258
85612
7532
13234
30509
92347
73645
40222
12864
67620
50090
28482
5426
77635
527
61632
80403
10179
53047
93777
18501
2548
19578
1312
33861
70376
21015
14336
39008
87977
48015
26561
90985
12200
21502
76809
95797
82448
54823
20341
45442
40707
95171
28276
31835
17818
91900
91763
4259
36484
8687
78794
40974
21255
9591
14849
86706
20506
37265
7099
37621
2539
80185
89699
82555
8085
71675
26820
44382
3734
76117
28497
2970
15788
45743
2849
79807
74772
90733
91276
66495
27220
33409
49495
26608
30559
13296
67614
80468
55863
97466
36173
86582
45971
13699
14832
29620
62845
70831
74850
76236
18602
43996
69146
93261
96313
91226
71985
10526
136
8600
80151
29341
21418
42711
5385
89921
72043
32109
24432
24869
32358
35852
18446
78960
92447
9303
92227
73291
23396
32029
79558
97281
77810
96671
99143
12313
67284
61491
20991
10020
17775
8434
36190
32649
70175
52828
31097
60496
46419
57477
72524
66182
57915
37920
75192
39770
185
69667
98524
69352
19501
73264
26467
40513
9727
45961
78773
94616
75966
82106
24351
8006
39365
95011
57881
54661
5682
17139
36048
25699
93461
78004
91970
55882
54955
35424
97680
36599
18146
60754
59672
74602
51658
56725
54461
67736
73468
3289
32563
1286
20877
51742
72035
31645
26443
34381
33236
99029
15891
79744
59412
67997
43924
66112
36179
77130
75515
75418
60026
94976
57296
81034
11572
13562
28989
28504
53773
13574
15079
14528
69319
58981
71512
22825
53589
78016
63793
49237
70266
24293
36385
89649
62155
97648
73190
37059
55396
22754
49737
2863
61445
18538
12258
29383
14765
8672
24611
9056
41664
6292
99822
11003
34855
84608
80537
75263
90311
56941
87310
21497
21134
80607
4274
13159
96174
6831
9024
97454
65894
99807
57871
72485
48091
39264
46677
67618
67108
55333
27510
4286
8378
62608
77657
43882
51419
14058
94377
84641
94293
76874
53457
80100
27397
18329
49621
67851
34851
60161
53902
71130
41875
96290
71529
38614
47693
88042
1599
70686
9048
20011
22739
30214
73592
20423
29439
77084
74128
62934
42563
21950
88539
60546
17107
89111
14601
65566
58779
37616
25198
55971
40702
29944
72935
41989
96565
11442
22631
26564
44700
87078
46810
35060
14794
69699
25150
40539
36694
47214
49811
90952
66409
55271
71401
79473
28036
57025
76272
96751
91085
78805
32043
24395
33855
97990
30115
13894
62588
78844
25027
48912
11478
63886
28915
17845
51173
75527
49637
67903
26177
11096
68962
38889
22406
47480
10678
4916
88682
77706
38418
97678
73202
83223
96686
99948
19645
82581
1948
73811
22050
79238
23332
38182
21235
69663
70039
99120
62130
31738
1075
83334
20092
59433
79322
86930
68184
96774
77003
78512
1448
48336
52550
15448
86099
49042
6171
20800
95460
17583
57596
80734
21157
60422
21207
66455
58817
49890
66642
7210
11663
76255
41067
526
90730
55665
34266
88822
78147
80394
79009
58825
59141
2051
55217
99982
44103
66897
16840
16931
65671
66120
78193
51115
34875
11400
26675
11541
72295
48765
19732
65464
47155
9144
66036
52718
15013
30960
13273
49387
22462
32277
98663
47236
87271
27843
41778
50195
41388
47953
84198
48934
72700
95444
65025
37937
71102
95318
40081
59584
90090
82867
46555
39787
38280
66415
45179
74677
91164
71095
37296
17500
54234
93471
16632
19882
81816
62861
29772
57954
69044
8712
91588
61060
66854
6055
17966
73655
33028
73823
88327
86873
6390
71663
35845
67029
15365
97108
2834
92787
24216
61596
433
49183
65779
19841
91371
19424
9553
83108
30720
30128
28540
49534
79683
11319
2268
95763
3625
61949
49216
57947
33228
56806
63196
17433
43516
7703
71590
13623
68905
21661
62210
13543
87831
44557
47956
85925
47927
64883
61708
94003
12492
53721
41183
24129
95740
100000
52808
58546
42171
3374
59399
48421
35394
56249
16098
52147
95104
5397
89893
24729
42444
76544
16491
60661
36165
28349
71747
64735
45873
63323
46269
36720
80200
34647
66482
83367
69178
38501
88856
82248
53210
89972
3540
49899
41958
99904
86086
15233
73447
56321
2242
23325
33291
74633
85987
4576
78685
79005
6369
40123
54811
63657
47600
9957
39265
47918
91667
69819
3175
70954
28462
72774
86976
22342
22429
86549
80874
56524
11798
63079
4210
36061
6642
55788
25312
38225
81524
30447
96950
4552
60429
26626
15263
75337
7579
28822
56068
67402
30746
26949
22278
57970
34784
77450
25086
58484
92470
16420
12760
38188
60333
61623
8080
64250
54438
39763
53846
32279
89950
12465
66649
47186
41914
47533
75123
30482
87482
40145
30091
21807
69055
38405
685
63303
53473
64320
22442
52736
67775
21966
69058
76947
40524
25657
71049
64098
12971
59562
90264
6107
63122
72157
69010
14758
12021
4573
96081
75905
8694
97073
10720
88959
11707
40452
25685
44294
97166
65236
33502
49661
46857
37169
19380
92596
57833
32994
94650
96393
7990
19966
68970
62043
33349
93408
33889
91431
3642
94309
29096
56984
80753
58271
10457
29370
35542
52807
28147
26423
24254
47398
6158
28284
975
32352
90828
66548
42691
39197
12756
24846
982
68769
27083
82264
85376
24116
89458
69684
44407
4324
95039
88375
97984
5934
49887
18162
14449
79975
39517
78788
44905
13244
11220
12326
94543
96497
72789
30087
98747
55579
81386
22487
29498
47303
28676
36142
64735
4414
85693
21762
337
80604
21617
51314
60134
27947
19901
22225
48347
82310
49962
49583
23817
88214
70881
81371
82248
2777
2130
6966
22525
6539
30529
91296
26376
24115
47217
39611
76132
92318
64981
18549
77243
13226
29915
15377
50736
42669
16922
75136
67176
40015
42524
60402
9955
40098
88849
86755
49405
20497
91844
77427
976
61412
99879
39469
56535
39579
89852
49459
13370
4487
72783
72978
38108
99869
58476
27716
56010
25617
34442
10518
62835
13917
7390
99936
85407
90132
93414
90624
27557
46479
67913
14002
5386
51002
90417
5024
88969
95791
67163
80793
4228
48597
70741
90636
5251
90919
24266
99730
85868
61084
48664
56169
961
66722
80662
86304
13133
57728
68240
44437
64595
21567
43420
29331
26549
89205
31530
11112
26315
91696
5631
75894
93155
69640
70483
40952
88032
16347
71754
72805
11055
6807
91472
64759
91322
84644
65228
35629
23312
92383
31316
21284
97027
66161
2123
27937
44369
95268
52755
78437
10683
29796
37010
64382
11961
2212
96529
59320
65010
63448
34901
65354
81722
90750
76816
2992
51546
46460
23800
88818
78825
94928
65500
42213
15663
30893
63360
93308
94887
79282
53527
19350
79008
72202
54018
48191
19794
88149
76915
65183
91371
23054
16295
15619
69830
70112
29475
36463
11607
91051
76489
29163
12477
48045
54053
62440
83274
3503
62213
76157
12916
73998
4697
79829
63916
46514
76973
55433
25711
89964
82606
32515
7877
47687
64288
93387
5891
66180
43250
49144
284
41354
18070
95120
13285
49390
97215
21314
38851
81014
60017
1218
46839
56734
78743
73714
45375
39231
70644
7776
13492
93591
40242
89753
43291
39166
84436
3954
43064
31658
73160
59369
95148
71450
3278
5574
47510
40972
33677
7653
89848
44887
22325
1079
31486
71452
35724
38408
89905
34952
72763
99383
35117
34507
99102
8026
7316
31261
86864
52297
44971
84557
2817
56446
17235
48916
56330
33977
10073
80236
63496
16039
54458
4835
55737
75486
59315
18540
17698
88185
68432
27148
5595
56461
10171
12237
5229
41099
95537
87471
45303
33776
71145
1490
34805
45922
11211
73228
8801
27331
8489
11557
19180
81904
44902
88995
62722
72345
67348
21892
67678
77687
95708
69522
87769
12259
44151
65446
84461
97830
328
50577
9172
97768
95658
50924
51801
44258
46059
40074
55016
36813
81919
5991
3890
76946
46442
55427
62189
56725
86734
74206
98954
4637
51694
10904
63221
78662
26260
12657
36164
26290
3849
59048
45964
23341
94482
13853
33620
95326
36982
74132
11347
26529
63506
75563
62
42154
41182
70614
64684
22832
54652
89880
404
93851
86059
76012
66561
86372
6518
27760
28866
68633
68318
83404
88117
96536
36320
29386
29535
52497
77163
56241
97920
13644
4840
50771
38034
24603
311
47626
32326
80931
57357
73590
7575
70449
17928
56547
69748
9114
64539
75239
93730
99504
36211
17695
56439
24260
68725
7383
2855
86317
7889
52903
27742
51196
51017
63309
52503
36225
84767
34868
21130
13561
26073
21617
62206
85687
84648
95098
27336
40885
64486
34864
18679
2321
51568
21312
75185
39103
79639
59367
55905
6092
3318
79634
87145
81020
16641
96591
55775
56150
25950
45589
86178
5082
24422
70127
31816
12409
73323
70459
59788
54809
76474
14456
35179
97395
76391
10377
38339
42955
50755
29384
99112
75338
56840
72259
10705
95421
41302
28623
32548
14068
62221
58983
589
77621
27978
97109
21386
71513
758
80410
73583
2826
52991
75659
11777
35869
91653
12188
79498
54102
41292
40530
12083
44991
37182
32383
31154
7366
51805
49715
553
24863
35756
40753
21741
33915
51832
6082
56235
58468
4640
61104
81792
44301
40635
5209
81568
50797
66352
11734
12839
21567
65215
28766
88936
3867
34355
81925
30618
75791
25420
82871
47700
44831
88366
60283
97910
54970
42997
90323
17306
67706
28276
90006
23279
95061
64730
44393
53474
29505
5080
78993
57470
28593
38352
8139
31858
57538
34079
63017
86693
77606
10525
46284
51867
97310
98396
44192
91180
33329
75831
30671
98287
86283
21056
2078
89543
55081
41991
64418
15202
72920
20851
16068
66908
25265
4194
64380
65539
68083
78618
79144
8879
9202
13748
37463
92864
93507
99858
31424
93508
89603
85174
40432
42288
59339
4187
22103
86491
18956
76468
88175
60262
32617
71496
8088
71259
19951
52556
12541
22708
66938
64805
1930
49832
18407
41351
44695
56806
55626
34785
6265
93571
2826
26915
35388
12280
80332
49866
6404
98826
23415
58358
95528
38259
19810
88864
90404
76666
88981
89732
29203
28133
19760
45790
39356
69837
94420
21428
82211
33694
47526
66925
24205
91316
63100
83637
47407
44902
82889
80005
27840
26608
72436
17191
17263
93714
91042
78877
78941
3196
6404
55096
20643
58417
67472
73097
24135
10459
91481
44865
58141
8239
9344
34563
71403
96373
67117
45303
18307
6024
15591
14431
20183
81759
47499
29712
50944
97491
84059
1610
46252
3937
47827
48436
37015
94634
3246
18942
76855
68128
8031
46689
23327
16239
23963
29654
2117
77613
50998
24834
70035
66855
52503
98524
31
12415
62153
83968
42722
76891
18886
70895
9346
57101
45900
77408
65314
50995
14846
95021
22522
7579
46727
88351
67926
98110
32284
94637
8322
80849
54034
27164
25582
58297
398
17375
11284
57505
86203
8489
58988
695
27662
63826
72403
96457
98887
68906
46070
61303
66973
64564
16676
33378
17941
37247
11757
39777
99309
8603
94972
66557
9041
80966
91204
37622
28302
21724
76393
39774
26481
31034
40602
67072
63557
43991
91717
64409
20242
5569
18093
6974
2589
42070
56304
46192
46551
81402
82052
8630
676
17421
78324
88012
87075
23271
2638
9344
88181
33132
69854
64961
4593
9108
14310
86015
76407
51601
62363
57640
51666
72816
87863
80832
50442
63490
41241
57383
32460
86155
96306
58908
49206
12920
63371
94207
1283
91997
86013
68483
92006
23805
71070
8638
45880
28701
76592
98078
88253
3346
60045
17781
22519
91901
33097
88069
25562
1499
2147
76324
15401
92230
91632
31332
1497
16181
99542
32599
61586
23170
12851
56480
11754
90666
34920
35241
73728
89553
89005
79973
7377
70195
43846
84174
13512
7623
56251
54032
96196
95505
71970
93351
6175
51579
79713
49822
20957
38767
55800
4831
79466
19315
23508
44715
27439
74593
14041
65527
27183
32492
72307
54980
1851
41304
80251
7517
86763
60496
13314
48269
1670
429
95940
33906
74527
95987
20259
68791
14153
72565
2077
59753
52613
23974
92410
45221
72189
83136
87644
94203
87333
39141
78829
88694
20543
9329
99416
129
75802
43164
13721
75198
13333
28466
25108
10152
19674
36882
83888
27072
83398
65790
57183
96207
95839
32457
90080
80838
27700
42429
63559
88675
19248
1198
67164
34640
16794
27426
86284
88205
62338
18806
84810
61901
44462
69282
61675
79416
96433
90531
79864
63921
46745
4720
39566
6652
82498
46981
6349
28994
73459
73328
19981
76936
58085
53852
20006
33946
68252
4869
29835
21075
67855
27847
92345
68510
52676
31368
76844
92690
77857
57237
16881
59511
54008
9868
82030
76217
59403
53118
15212
32110
51479
22718
7001
6686
19951
87356
14032
7783
75728
91676
82461
8033
7229
56802
82098
5345
1169
40637
50861
37228
7788
24987
22507
35047
47325
61153
94366
92979
48829
57063
82886
95211
13562
31394
27876
14839
39113
15755
25215
32897
59000
55552
48606
51702
76334
86065
65409
28887
53630
45001
19285
81487
99350
83235
8798
60398
63802
13918
11223
19385
40629
67709
19164
128
41638
83317
83287
58374
87100
93674
56304
42943
16783
14337
62862
14737
30987
84244
74984
60781
71329
89973
83478
2838
91705
16058
26485
1550
53781
55299
98647
42946
76228
21636
55248
15146
37247
68678
66948
10566
17276
31222
31333
79034
8217
64254
94330
40844
46857
44784
28797
60405
9752
94315
6476
4580
90329
56569
96560
28377
45309
1521
9225
45095
8482
89934
47448
43483
92982
51067
76861
66208
19339
28316
37169
15666
11027
1932
72767
13535
9459
47943
349
77986
48542
1171
67391
73139
37112
2267
46089
28846
52157
62375
20827
68265
12435
63909
16881
23750
68807
96300
20111
80907
10105
76851
22758
90606
62936
70873
45918
76204
55510
75788
8357
63586
29630
58791
62831
65040
18298
2415
98501
55562
67739
99101
65315
87867
18854
14892
39240
77733
51486
16515
98822
65507
64673
44963
84313
24030
73185
91375
16761
18297
3338
49673
90110
31965
643
27298
28579
77072
91876
63433
56598
99851
84046
64869
14073
55251
82341
31902
52940
73097
85033
68642
58257
26210
88873
44529
47087
57661
68317
49726
13553
23276
88778
57903
66424
70777
43574
94501
55455
87467
25972
26429
46773
65222
87034
36490
47252
79472
87817
11240
4893
58412
53015
97232
22313
67796
1074
30696
24784
26897
38797
56179
25185
79098
67412
97788
67010
1370
84021
11600
10833
37321
70406
99178
79254
1505
87042
13092
99612
37574
59803
50936
61903
37555
74988
80127
47701
61588
75154
44365
50119
75793
61929
62693
82683
35114
34089
30099
37188
74147
25939
63994
80959
33311
53281
24874
50630
61695
54039
34834
99654
17518
22052
42009
20703
65553
68408
1843
16245
47223
68532
55837
99483
98443
33985
31938
48258
2340
27819
16306
25731
66398
64545
80393
54359
42430
15178
38435
38455
67641
28521
14700
66001
65211
72427
20497
69393
55010
43826
92181
5427
6400
63155
46755
46706
35798
28463
1187
56723
88400
68603
80589
38882
84195
35203
63802
87385
99828
50046
27942
16334
91138
41729
33522
90672
23389
54928
5501
43095
62676
70168
44895
74039
61545
39512
26492
45696
97491
70823
55819
79027
50742
2879
12326
44139
28799
99054
19002
45683
45513
22542
46407
97647
7682
84974
89623
77867
68300
13938
25985
31502
4085
4628
21426
47197
57344
48192
47288
36692
95608
26361
27836
96578
64001
1355
65483
74474
97051
63344
77296
19822
95379
95847
92241
73663
30891
29568
50232
94195
1540
2418
55458
3407
83281
3672
97824
17794
76050
60461
12241
38950
12544
18775
67539
30112
59891
33073
401
34164
9909
82664
46002
20773
94790
70859
20951
59520
76385
76406
8493
68930
41581
69572
75542
53125
63930
67986
88693
14430
55277
44461
18972
33234
64713
29354
17171
23983
54608
47484
23303
46980
59989
87202
90647
71998
81629
76771
27180
99855
32237
77542
33419
96163
36769
70724
29091
42256
67265
94486
63871
4575
82717
6710
91069
38927
88955
81499
1171
69200
72321
5299
71342
37582
55245
55110
77478
85887
65307
19952
3414
93730
17056
5466
21489
50565
14502
42248
35436
80424
33175
7700
93846
80917
19356
82146
69930
2574
52259
7731
90380
35349
52709
32117
52001
45026
7702
47154
99143
51357
71229
60866
9456
16197
46018
85009
93651
96223
39420
25274
74889
85631
79282
75384
88463
70863
19014
75733
80043
81225
59319
95492
38797
46045
91080
65487
99925
58236
95045
43148
45998
90343
60133
23115
12995
3678
69259
20227
22923
60212
15862
79445
54217
79674
55495
79704
1600
81507
92272
43334
50569
37169
54880
27369
11591
11515
54062
60248
88060
89
62303
41912
2952
52790
70190
6603
25225
88090
40329
70912
40251
17461
69922
95910
57189
39006
66598
60339
13888
55623
688
82382
51808
69818
75073
51711
87113
72735
82965
48957
35340
21260
25840
56778
54811
46723
86604
43946
45553
44315
78257
35791
28796
4072
45345
42080
34769
42133
40529
80806
82774
85431
32825
92286
56043
94918
2518
51392
87697
68327
63653
25030
12943
29847
47933
33731
18151
56207
72376
6957
28525
39438
33785
97591
28853
19550
52596
43302
47084
71990
40355
11481
29842
17574
11496
6815
62522
65190
7943
80452
77562
62567
29475
92863
22154
68019
72636
72014
73508
83140
34278
18795
32609
8375
78059
14031
46410
88667
50951
97955
13025
84740
51164
9825
74530
27833
20839
28109
77185
68619
23059
47732
69378
78
85445
23487
49056
91895
97723
48554
20618
69954
39105
88156
93799
29297
71732
41608
96252
35699
84606
77055
65495
44793
70294
73037
66473
1600
98521
93372
29159
64329
17801
12403
6141
29898
76895
11882
87359
93278
85617
12807
35039
4578
45887
51135
8753
68243
98523
92978
78820
3193
69567
70612
45940
77848
15678
49476
13839
5316
4143
76224
10622
58235
72641
31727
33252
16201
24939
58814
86478
60167
37628
59466
35411
93477
29825
60041
4618
19772
14050
96885
69090
50546
80150
76246
66945
38725
56423
20439
26719
61309
58147
12310
39049
60663
88696
70526
74611
27365
33942
23478
94851
21605
56109
18835
29934
72022
90096
55141
31200
66803
70296
47464
15026
21779
89387
85460
92090
93130
81424
88881
87185
68329
54506
20770
23232
83622
47588
65310
38786
22731
13177
7214
31169
81892
16437
92863
29447
94818
3011
83770
32698
31701
28891
21424
77549
48982
43443
871
44231
77073
37540
25478
66470
91685
46565
31439
88816
90874
14621
46832
14444
11835
65018
55897
99245
57565
39763
33511
20234
63942
52167
77957
752
64356
92429
7891
53821
43512
69563
41997
16094
61186
50370
75146
36771
34625
47845
85548
36104
72121
1491
8825
57241
30219
24582
70286
31261
10185
9774
16253
47459
93430
97588
26268
54065
61403
20480
92945
9832
26475
6855
1067
5406
68005
44574
94369
51664
31648
79895
8797
6074
95135
74186
15495
81168
83789
41732
51501
52678
27392
42727
55049
40124
87623
66683
76760
5810
24571
2506
35435
63182
51855
19727
28886
16928
28012
45488
80749
74224
38602
842
22051
17831
35564
10670
2769
87459
24723
8183
89772
26158
70594
30120
70927
83843
25148
35310
54712
24573
59988
44298
58390
81479
52309
75877
71195
24751
30708
39698
30053
15377
89923
47967
60977
34832
89567
12658
70798
2314
75706
92698
94004
23014
67600
40839
34790
66545
67633
35741
32149
38434
16099
35567
79714
86613
38662
93428
66501
1268
68194
98604
96496
44861
62708
88740
35903
25503
96660
25844
98890
30748
98291
67156
52068
26809
24684
37265
27977
63771
49836
10211
94829
92953
69697
8482
5726
26415
41790
11292
24070
67144
85258
34156
15540
59361
55355
7695
62747
59284
4667
54168
579
51464
99498
69810
55364
76956
32392
38712
44074
24518
4740
28755
43503
23292
29169
42160
57632
99472
93881
92420
83924
22106
54525
23660
89127
50900
73446
33869
71950
73567
90189
37341
42391
75728
68398
81934
93465
50494
89104
99140
36123
7200
32514
99133
27840
6194
40158
17473
27718
21346
84739
52318
17181
55358
11792
36195
91480
56151
59014
23296
6621
95430
42573
60240
22612
61136
6673
11718
42691
84985
31187
47599
46716
6259
98728
43337
43819
37208
4814
38337
72830
77885
69765
558
18076
40343
62079
74158
20468
81446
82581
40607
35013
6221
64328
9912
82499
67346
33027
95165
9260
63301
95598
86481
73821
78258
51633
45839
29858
26164
65422
99274
28902
93758
31493
17558
70964
51497
61453
19254
51228
48884
19253
7041
26782
98763
29084
73244
78214
77541
7279
77657
74876
48677
5705
99573
1103
24887
34490
43376
16441
96803
14796
97864
70397
45003
97050
44537
12729
65057
40122
83578
51051
55392
47544
79085
21337
70010
98725
73127
33164
26689
29430
68784
27843
39248
79955
52699
40470
58460
70944
13961
19575
10287
93959
6743
44018
12739
79296
74864
89676
76498
53836
82893
9479
12056
4202
88808
78477
76941
53208
97168
39590
3132
66172
2124
37057
66157
80113
51057
20238
5929
24169
135
30390
16728
55950
66362
39933
13533
83725
91348
82743
24608
14163
61472
22190
93360
97144
85311
15193
43703
82477
11151
17533
57763
25959
23073
84814
25722
16062
13986
99883
70950
22628
7986
67403
83456
57077
14509
41866
9591
74279
23092
86111
93131
93369
304
51095
60801
86783
25807
19350
98378
9207
19617
84958
94223
45847
68150
11637
67188
89585
34694
74912
73803
74742
56876
53571
10610
55053
7065
77008
33542
74789
57922
88019
7123
64735
97036
48814
5874
21194
21850
59662
87090
53481
32915
15821
26130
14152
51515
94737
73594
25689
74503
50356
79567
16055
66035
84819
40515
94278
97513
17523
52635
9213
87529
84567
270
60049
31870
79713
76618
49413
221
29823
9749
66869
20916
33939
14606
26746
57307
48322
57421
3632
41564
53853
60646
74676
58956
47961
39
46937
15915
79455
49191
35626
46450
60078
38755
28030
77049
82407
39175
15263
95717
23013
59926
43282
30746
7369
67465
29728
97182
84407
61276
96799
60476
85921
73996
15093
14824
99924
26074
79783
65178
17117
2591
81661
73054
78764
13171
90837
2185
21748
47216
2243
60362
29362
44758
22834
621
20058
43948
53501
5646
8912
89481
32726
30326
94773
52790
670
44498
80470
53892
90833
56054
35281
19330
44173
652
71345
62738
86351
87121
91858
71296
34838
94377
21454
97168
87464
50352
73345
35831
82410
79692
84276
81661
64966
8379
4326
52316
70664
22440
69900
60119
78014
16245
71094
29764
74185
39752
26272
75332
67959
96540
43502
66720
13144
95548
22574
43716
64104
15682
31092
63666
91964
35239
6856
12030
63888
91687
23323
74931
73549
46528
99806
77781
41210
27312
91081
92318
80748
33158
23062
45007
75521
19359
42207
50462
67895
30777
70954
97053
34787
71227
26731
22019
15445
58811
4510
94396
9473
94979
55061
19952
18500
44668
45579
54972
99035
9704
14794
94401
42063
57336
98686
93865
39056
17488
36811
1948
2037
35159
2606
14932
42704
23740
70486
99939
99023
30701
78957
46058
70916
63714
74101
22863
12183
84699
23851
74921
79714
23042
58678
21039
78026
1500
25983
2449
38337
84913
11204
39965
40321
26112
62673
36575
39703
77211
18276
75161
79542
79797
97522
54575
17784
56555
36704
22403
94663
17776
38363
33705
41711
1427
78064
62012
9860
95953
91306
15268
83771
22721
17302
7963
81373
40861
40763
10839
2842
88565
55000
34437
82100
30775
95772
22132
66396
36186
55302
5548
40014
93673
81968
49251
42194
51812
80578
46959
41177
96804
55246
7549
281
71954
84628
40699
8517
79213
58324
50304
29806
10346
13545
86661
37993
7197
51993
80337
59465
98595
49389
51603
35158
71099
36337
21177
62396
49107
11087
67897
84573
42746
74463
57523
98628
83333
93854
94378
47098
85715
749
13218
19046
50130
82538
40621
37296
6687
30773
70918
68966
81629
86522
560
3588
65993
34725
91061
73127
9556
89565
17686
87182
2206
50916
75481
17413
60540
92836
1406
23374
78032
56032
88953
81276
19162
12859
71377
61761
75376
43030
31992
32244
35586
6628
24319
31028
23462
61713
30667
28205
8314
61017
15526
19747
10019
50347
86185
96193
32421
43583
1771
64918
33668
62503
87280
74150
47126
32465
97986
50696
66373
49714
80168
14817
5962
24780
97866
25060
98254
6373
68586
69824
4681
8400
18600
37573
32242
2865
5844
30267
69709
73528
88708
65384
20822
2493
47780
88315
86417
32008
36502
28027
56231
49004
46195
89623
19775
68164
11360
37385
84421
7627
61420
12795
2116
78767
19865
9214
80971
32507
3222
63751
86542
10744
30069
74894
59651
98996
5132
60741
25768
62678
97490
45865
21238
70654
54893
67089
21890
28815
61698
32544
33853
90326
6084
89703
83582
37042
65522
31344
92197
27440
28112
72419
61866
29482
15885
35354
87118
56513
27284
68070
64148
19353
62261
69002
77488
3330
71494
9884
25537
21376
54994
17503
61291
36738
86618
93982
87088
50339
39941
84111
72337
84574
16871
14767
57393
17139
84747
88702
87575
15080
26887
39542
38424
23476
86313
52982
92234
56834
57708
1814
66800
80160
18218
99050
35142
85131
3312
40555
12768
32707
1066
17827
91515
39603
65043
82930
71649
99653
20072
85997
89519
36393
74584
39938
11127
14124
3187
98333
41913
47450
78786
46833
24687
8702
45187
83733
82039
70086
14781
87285
83799
16774
48631
40926
11695
38744
95453
10304
94970
36445
57844
27614
54495
52547
54507
81381
67644
75226
10808
39182
62149
22186
933
27261
86382
43563
60859
42877
21873
22659
96354
80764
69800
56175
4947
63780
49440
87620
83245
36550
5314
2455
21895
62895
90513
49636
85964
33429
70553
96330
58115
63069
36278
91158
97838
31037
78246
58295
44754
11878
81578
28366
54344
16868
65700
47367
95254
41388
87372
10785
92022
12520
20829
21003
75524
53063
96758
46186
69009
39199
99427
34033
96313
41237
23656
10640
90650
21370
83885
66706
33853
5026
2359
12964
32588
62617
12036
60299
63746
34947
3816
19098
66397
71331
76502
36899
91031
73389
20617
29502
64098
16623
42052
79213
3346
25682
74025
62391
39793
78774
25566
73961
38508
7250
97560
64495
72086
64567
16065
14764
88345
50200
91914
22174
51502
39447
96324
11274
73526
67034
80272
24702
27212
61740
94967
77843
39687
61918
17121
74925
3524
21289
94415
14748
6265
33227
74261
92274
78521
78991
27832
92661
32287
16548
74936
44016
52017
95032
22540
96570
83493
93463
16143
79303
12172
17429
89985
87224
10651
46836
88137
18639
82199
11517
7614
16790
49705
61894
53486
37338
54434
27932
50607
89877
78910
44881
76734
67045
94140
86589
31826
89775
32048
64980
13659
64283
66306
85038
28540
79029
73148
11464
73981
5868
33529
12978
44492
39457
3901
29091
33147
82499
70291
9122
83334
45222
92126
9284
92679
86539
10498
44829
91361
40854
14387
87559
37062
18850
24690
965
52643
52710
84440
63183
9853
62338
65647
20347
51872
8728
28461
44834
76100
23613
12988
66878
36464
78267
32090
995
48692
26632
80248
80321
92220
68356
93422
68849
7053
76401
1212
55940
59556
70200
56315
1568
4921
85021
1693
69487
84216
91555
77358
84093
59162
67032
46316
86381
47363
6744
37560
72565
60940
37003
4171
37758
43798
52998
13662
54177
9366
99282
81873
88953
65040
43260
82559
23706
78485
97759
75961
93527
88014
60498
97942
29550
82387
1983
78385
38584
49974
36480
69760
99534
13561
46994
48555
21884
8067
75901
64774
45804
13735
1102
51589
62894
39089
36636
60822
25381
10015
942
93181
31271
4725
76675
24344
10706
47597
95712
3807
81658
18132
44488
43563
99343
65541
52122
82926
42475
15300
54191
30449
16965
76549
45534
19427
2536
76046
33309
58123
43344
7534
36196
89105
84279
40241
55897
14462
55698
72081
17633
43705
1812
20712
84840
2091
49113
98478
796
41794
24437
85097
40297
97769
71261
15523
3373
95532
10749
26409
32394
22772
79728
59267
82253
98082
21523
37142
52607
35654
25517
69581
79011
91989
45309
14462
21117
91628
37071
46344
28109
54708
531
86709
78629
98444
17478
85131
33447
60807
57527
50162
58260
61317
68692
80372
51004
67597
20589
51200
6370
23049
80176
22577
87306
63372
16599
60097
80838
75000
78762
26892
72188
8530
43376
23146
63658
47726
80021
70517
43683
60072
51097
37601
26390
94954
32719
56574
22072
1995
6557
30245
99321
14836
40122
75529
39542
77713
63735
98202
32762
93063
34154
93446
62898
14908
17127
87237
34813
20307
77885
46013
73176
26488
49197
56282
58530
8475
84638
85220
24405
36691
73571
20282
18586
93019
55405
89871
80394
24728
85594
40609
92603
49932
98161
99450
15467
53511
97228
20822
74229
49687
66276
61617
83486
35949
90134
43883
48503
11627
57895
38969
11634
68653
87376
85649
97662
55368
33257
19717
85719
94146
82207
34039
38976
34846
11894
66156
55569
13884
88700
68423
15198
44885
15727
27741
36515
10822
69360
3367
67051
85836
82991
17301
92754
73607
23689
22435
59125
19177
58239
81289
37543
97135
29556
62464
55823
50133
61842
69105
3220
89491
76276
59422
31227
51981
15661
35799
8471
17906
93585
96895
78390
95275
61026
19340
36448
57084
40996
34353
85778
13648
56596
5741
34212
92033
96901
24504
63352
17021
34789
38918
93835
94802
79345
65500
63067
30228
79727
52859
7454
23135
16039
5122
21454
12866
59866
54448
58346
4788
14152
4367
40825
48013
65199
78905
32344
26700
49133
43869
17488
93523
60700
84429
56993
26636
32184
86438
64562
59307
89546
64742
50200
59611
32901
15567
91408
4792
1377
42133
98299
48899
9741
7701
16447
79577
9738
24244
18417
55841
65953
31788
64025
77596
66186
79517
98781
96467
54417
58961
68729
64408
86136
93711
88767
26934
41761
90218
3155
99056
7320
15552
48501
33669
65358
3464
78929
97759
4992
83007
62873
28138
72143
12312
53057
64034
9268
83728
15295
39728
6816
17458
47308
72375
44345
90379
65427
14111
75456
59030
67655
42601
91311
26242
77986
66131
3
21919
79110
3307
56800
15752
50319
69697
90350
32294
39161
97938
20405
6831
12126
6938
17372
97445
85465
4891
10261
9306
44126
3910
73801
44554
98843
18038
30256
14936
42081
80805
11630
17521
33116
70049
84373
32784
31982
6173
66604
88339
78446
22663
37282
99624
96925
90462
71167
54087
32825
96580
36694
38476
75385
92066
39653
81864
69822
93100
50007
42381
84112
60242
78761
78271
65525
13100
92376
57939
46617
20392
94765
58310
72537
59641
448
91745
92049
19319
11151
40068
17574
17237
62723
24446
52727
47438
55077
85331
14446
64852
58667
98200
22698
1512
50832
54533
20600
41880
14213
34986
69779
34174
5404
88608
41633
10727
70632
16939
1517
79126
71119
31095
61149
11277
82259
6262
69395
43702
55304
70814
37625
28280
79632
3218
98382
40796
2444
68149
39235
12885
55296
88291
55868
75113
50235
12337
77073
99083
64161
55587
68179
74058
43020
17389
26513
5012
69060
39908
11013
15351
5868
64172
33954
86571
98434
43618
27658
17918
25164
3034
90572
51721
85378
78714
62396
63307
94304
63598
28698
13644
1923
79303
94440
78542
27758
48056
12510
13137
76196
27952
36650
85182
36994
85766
78111
89853
56806
53107
59215
21292
56179
7778
77773
67321
56093
55293
77661
89443
28740
72904
33116
28749
55476
90276
15299
35036
28135
66112
17344
40178
55581
97999
99296
5169
10208
50990
38373
65386
78688
168
17671
95535
50377
54852
33057
5278
25501
94257
52524
17825
37817
11864
58841
32952
50416
78993
4978
48035
35734
30329
18094
50480
409
68042
80663
82391
22095
86346
99821
75706
70940
73781
49069
57651
1890
78039
81602
29213
82256
11194
13858
40044
24408
5919
80762
62871
24284
67281
13549
48290
79410
84857
26564
71439
72882
62068
84066
1124
2758
19246
87957
76970
52991
24598
13631
46228
69321
91782
74089
98741
31826
22654
56883
11142
95918
97272
50677
32903
69671
76525
12352
6394
15190
8851
66888
39997
36608
11377
58645
16718
42895
46586
6138
19956
25939
76187
16061
58398
25287
28818
89728
48952
85324
55790
37316
94857
73181
3999
35228
51014
66123
76697
64815
78070
44863
85019
58910
63790
91066
87711
53115
13961
40104
6202
77466
92334
56838
44187
83525
59907
84821
54066
3339
77716
52876
83816
24220
89079
93395
88858
91047
26265
41801
53912
19029
39805
50610
85043
61423
13439
60831
51756
20485
25484
54997
31377
71153
73780
21824
23746
37244
12847
87652
71473
80788
8069
557
4212
55474
78098
49350
37732
37163
94286
66497
46383
66280
395
81760
48496
53255
5920
80842
60329
6300
95923
75208
44422
84841
55060
35690
48174
82366
60465
53664
1227
81331
17003
50195
80803
90038
14342
96977
36739
26477
5874
35217
22728
19049
53621
49168
94189
57611
47114
27351
24858
87961
88884
36260
86200
25535
55343
377
81474
20291
36373
51250
55196
64625
52895
90575
60003
87495
90729
47523
8376
37133
13643
80517
620
31259
99041
87210
64073
93871
70283
28593
50664
88803
55495
16417
48778
7054
58062
30673
9462
17351
9188
78953
6028
80958
60815
83742
83874
89432
20398
11418
12880
88398
96660
57085
29582
54013
5540
68916
8115
30331
83205
76864
54980
24434
38294
46123
81853
98970
92561
2608
47615
8926
76444
27242
79959
19906
36904
29192
51125
65336
17742
90153
19783
21711
85274
27150
69515
38954
28088
11753
62535
82231
29353
9342
66781
42584
67891
10595
32795
31232
94138
68244
39070
68535
57614
73084
63770
25229
41257
32306
14769
10631
57545
69688
58407
96074
14268
34487
70858
53409
87916
53521
46940
26104
52977
42248
5643
40732
37139
3944
80749
48938
84833
56721
49429
67081
1383
99653
16638
92337
22898
80021
9412
28328
81877
45741
41272
31531
11737
12823
4382
61217
85466
72350
83163
76863
15673
8162
70112
43135
2177
32673
86578
11378
62636
21340
2160
35339
66911
50010
44044
77555
81498
21990
17857
20498
35549
55729
21915
79431
41428
72029
85849
18722
6751
51247
61471
98315
49990
52785
94907
77295
75138
40796
32627
83369
85635
80078
77471
97771
32858
38373
41659
93457
77801
43692
34386
11020
45936
19043
2611
28681
65557
12259
84059
18455
58959
3681
76283
66650
67672
24382
63899
44987
95196
39997
34729
52450
2325
68421
93241
49972
88399
96490
19361
16081
60331
33590
44201
65083
68703
90578
27081
45368
94452
24603
76158
23113
42053
19970
8521
10467
73985
77660
29939
47213
6565
42811
21124
78492
77315
41468
50762
34494
44270
50538
82103
21233
11784
18542
28007
17090
72869
61271
7840
39700
31693
32732
23471
83255
12837
88184
36635
38351
21288
95473
28625
68065
67831
6283
80646
36256
23087
12483
73915
83390
39762
94236
66943
55373
35030
82112
21422
63701
59907
20984
67151
85955
91663
48854
46955
59117
72308
16011
49742
34271
68350
69489
46145
34394
10260
83594
52607
12654
32204
33606
24567
69807
17974
72334
26676
95781
66126
89480
71107
42303
22236
94913
40328
51757
85452
89542
54227
35676
71685
86775
1884
27930
97145
74275
27092
98876
26218
37679
73232
76431
35017
7285
47358
40674
18589
23126
51939
51157
30748
99464
46842
68033
36726
18205
23576
96429
42006
4460
33954
1113
85770
4160
69489
49504
45204
67123
47871
33834
23460
44075
54990
99165
48925
83636
7082
21283
26314
42642
60511
67203
68018
11994
61
8480
1088
91659
31108
82354
23575
1292
72647
44517
35329
63065
12814
91380
61403
28386
46680
56044
98839
24991
73230
82210
48596
81933
85040
75328
44725
55477
16466
3398
12586
91147
33876
4410
58088
69222
89180
14911
78318
85530
52611
77013
59350
41989
44182
81283
57374
38038
43812
41127
30471
56105
15715
48382
80660
89520
52425
79587
70788
16302
48516
50590
62227
63016
34796
81629
12053
78598
29880
88012
2967
19947
57314
48232
44148
70023
11634
23551
37622
3993
88579
97080
53792
84402
73048
84215
86297
74539
88406
16526
30993
12473
40916
19310
56251
15246
13448
8184
98405
66403
93458
96777
43495
55214
79139
67370
85761
21732
18631
38347
93277
712
50677
99978
7837
48077
82694
64860
74844
2394
64860
17251
75523
67301
83571
78519
67393
39370
46351
72702
2994
5898
74658
25652
33852
68493
49946
78157
11863
73975
16416
40411
5204
31591
27005
67064
52452
65107
36448
60260
2716
3853
16657
67385
76750
35519
25359
87769
13874
86513
64373
32634
80017
4790
90033
2659
63672
47553
43896
75108
45639
90333
10965
46816
11509
96708
3762
19902
37574
55759
70234
423
57291
63405
6883
57441
4033
94201
23190
54542
96139
85195
47508
15120
69913
83945
66293
47580
14321
85691
53123
98061
25370
49176
12000
76519
72186
86923
15144
18177
78579
12841
5773
67874
34756
91654
27007
709
46437
74999
15367
1630
10129
30625
11633
93591
56478
45458
64945
68438
70213
42367
49833
62845
15975
95135
98649
48660
59872
83361
33008
66005
1545
97489
53585
59236
83937
72952
81072
95523
29615
4794
36178
3844
89721
33748
8850
73788
4623
13876
49957
57909
90512
72398
79007
71020
35310
85347
30663
48792
94417
93435
46591
81701
8779
55747
680
2757
95410
55491
49882
86236
72841
37192
1620
54195
88887
46795
73947
65494
29695
50355
7209
40034
20834
57858
27743
57104
3913
8645
98226
31620
52242
54627
41539
38183
24752
18601
3579
13303
8246
27602
96546
15633
36423
49936
94828
67763
16314
49503
44637
8794
27535
90888
95085
14800
97106
8765
9151
12742
98033
73040
58191
11112
92796
12870
16371
34328
61702
81536
38364
47842
84305
55678
86667
83478
4507
30960
69596
46692
74778
8584
28402
98350
41889
6008
55858
95939
94728
27477
86351
72826
56002
2844
46062
55684
1811
19671
66516
57116
63379
46952
39838
57448
11329
37220
10605
95312
84736
85245
50438
93265
59105
10089
87429
35583
28532
24627
48691
15577
89341
55548
17879
99013
3935
70666
34320
20233
76670
99515
89666
38138
3266
4766
89662
44355
15300
14837
56384
18321
78088
76432
79425
35138
17981
72434
77234
42357
64597
81316
50446
43421
53527
39504
4135
94160
17997
30928
85428
16585
51961
54311
45382
88881
8271
22312
3056
80617
49573
92502
68269
9682
36433
98907
97122
34900
86111
54842
57472
99519
23761
36208
28953
26515
71720
92101
77513
13906
42742
378
51339
40231
26046
18801
273
78985
32106
36612
49477
16039
79841
12861
85393
63676
29672
7822
69259
50202
28220
86345
59173
85855
89098
73427
60428
36830
74215
67571
79567
45945
41138
74441
95662
64528
20516
25387
7938
78578
32530
60515
44570
1597
5611
21147
11580
27705
75712
18099
9065
88383
76077
3960
39197
58357
71798
50173
43780
14155
94765
62120
96861
68159
81508
18855
3667
47695
11423
79885
58923
80455
15182
94982
83615
7227
20428
75486
32730
48251
94900
79625
44914
34118
35061
98509
82776
15641
38777
16904
7049
74291
51822
59364
35732
16670
79241
18592
51300
77032
83601
94644
92484
43949
94106
35506
70001
28234
38963
60718
19404
62068
321
19748
31561
52684
23139
16656
83607
31352
91355
20985
15838
78627
22994
37237
75650
22171
83964
21241
53554
72801
29826
77242
40903
75331
52282
59117
7408
99051
68565
81539
9208
36573
61868
64200
45314
61303
53633
44975
34549
73210
81668
32955
72751
97587
5340
34873
1762
9138
72375
25798
8766
56836
89665
61964
67861
71659
54565
59245
83879
74426
77862
50985
2858
93974
77758
5257
4298
10474
28418
19564
79932
13957
27247
24899
29000
924
29114
49152
12337
23197
69426
83558
34682
6764
88324
5089
79732
85960
94465
26642
74208
26836
98903
90193
26615
85677
53310
63429
85149
76654
63399
46445
68602
63802
7283
56880
94498
52246
4350
66191
46145
4264
32838
60407
50181
6276
5925
20314
49651
1491
879
16944
17607
55575
12899
32229
11862
13930
83165
99746
27326
48885
78418
41171
71802
83112
57615
56166
96918
23147
93488
81919
8027
11952
40152
98372
65427
65857
70675
62589
44075
66854
48777
93496
76400
59355
49042
97159
15495
55737
3085
23271
20580
58121
81998
16100
93103
60082
32730
62621
6281
14909
70143
19698
97829
24856
74291
5282
20634
1285
48260
19935
38564
79798
33688
31192
85838
20494
19252
32557
66589
71804
82698
90162
79080
52773
46121
92193
4752
7767
61355
63467
19689
56770
42343
96821
74201
44937
47516
57199
52535
86045
54100
27344
41181
3085
89498
70811
17151
57670
88516
10630
44258
46221
4375
54901
34089
57577
81412
81068
57125
81384
58733
65760
55313
79176
88000
82720
65484
24308
52143
72180
76176
80539
64790
80924
96760
57531
94237
14441
36350
52635
22576
27883
41111
10374
96389
84811
61992
21596
10199
42277
61706
71075
75628
59809
66198
19964
81197
39061
75810
23916
98244
79388
60021
34518
86198
59551
28340
24412
72379
84720
23307
29313
11489
46929
44385
55553
63571
32543
71281
97942
98870
3029
83359
34081
32497
45427
79600
79564
74659
74445
72838
75624
97246
80945
3990
30153
30242
88632
59831
22332
9267
93384
98828
32709
72383
17922
16140
29651
41121
58684
71130
64150
18566
70404
29631
3269
59633
48797
75423
74045
54285
45412
51572
5108
63326
54055
73986
57892
15851
44095
56230
38047
48221
65545
80342
29161
30964
71605
9611
90100
69471
13963
79572
89887
45835
64528
64818
69895
68184
5987
12781
39472
56109
80377
49628
34648
57020
30105
57028
3704
43142
14589
94658
67484
15581
54983
84563
45434
87384
48349
1383
36053
4921
64045
45031
12658
91796
10629
32799
38957
4587
97732
15468
61434
10890
83162
41971
95113
4903
67240
59050
67967
14020
29288
64139
99485
47254
79548
74981
19035
55171
50365
50558
63633
24209
89541
60415
15935
91144
80126
75073
5386
20976
31022
41673
53750
69513
13196
43972
81211
64016
79549
87946
30564
20949
76121
90824
87060
3425
52501
67015
1254
26455
53230
79517
26618
92362
12543
70767
16212
93253
62135
23081
43318
2868
30050
46594
35559
5439
94308
89530
17854
1753
6914
33547
41056
53561
58780
62814
50062
75378
79929
36851
6031
55211
91052
12156
94032
94443
12574
20770
41706
33685
11769
25157
99673
32648
67159
80380
68525
41130
5603
27298
13754
6576
44843
49177
34784
99729
2297
14020
29958
10971
7574
25760
61611
67794
74338
63708
28685
4624
67576
15255
78693
10770
88263
95445
95101
44599
40306
69254
21550
96256
10437
64258
89005
35710
92151
2980
48164
99176
13798
76229
89219
39885
89277
48195
95333
13847
21747
97225
67005
94307
40579
25209
22489
83916
42992
84058
43035
9969
69279
74081
16203
76096
21335
41158
94823
52347
75909
65869
26905
21243
43015
59469
62937
79615
70519
71599
16863
43439
19255
35537
50865
58657
38718
22114
80642
98153
76061
28759
91608
94562
57715
83383
91466
5307
76283
98528
8831
26075
40212
93210
52637
11275
34934
19759
92445
52914
1542
10787
59920
49729
58787
71953
80666
27719
1237
10815
16776
40196
68806
27672
72671
26295
70144
38164
73766
21108
95508
62410
71948
62316
84318
71664
50146
44069
11732
69924
5141
67026
34476
60505
47958
64491
86193
81685
88226
81914
93740
49673
15138
23465
21030
66302
88180
11871
7892
48165
8263
38548
59336
85791
84139
40849
92945
10024
50958
20084
41429
98154
71401
81169
50093
83455
44215
97198
37444
57115
68214
78127
64413
36570
88608
19701
705
87157
34183
7699
70596
18779
68483
76075
99837
16131
53695
27357
39857
48306
20712
78912
55582
13577
99181
66772
80604
12207
57746
93997
39922
4355
13997
99415
24860
32736
64859
51658
72393
46383
14217
6056
79238
61148
14250
55756
39215
58605
77954
96654
25891
20536
38772
35626
83017
90722
26231
76040
86600
90581
5235
18662
23602
40526
66645
19203
28049
2574
19995
64615
86018
86087
69045
87501
27696
67682
35693
40955
74740
5155
47844
3817
14409
69690
82314
24492
3356
42998
80186
13536
20013
51080
22571
91816
42251
44062
73437
77917
2462
37294
17196
26312
83693
66576
92442
6700
659
25532
8254
68799
28472
60266
37728
37030
86393
76706
5333
51119
88887
5007
49140
15312
95890
12717
59812
55
87773
95514
34473
32390
59078
45961
2949
98104
20507
2951
27952
44513
93674
33506
9223
95936
90415
42010
55657
27803
61936
12377
25760
68352
49357
99993
84055
29317
85405
54561
1465
97016
83796
42639
59263
39068
94133
4661
16306
49715
84083
94840
14464
92646
43486
91601
67903
63796
12679
9812
85227
54930
20502
49584
75804
89328
12728
45056
39620
1272
28007
91682
82950
60987
14603
85439
3401
4827
7436
77812
74639
97690
45857
10086
29199
83578
59865
22215
90556
32298
95507
71722
83137
77200
96075
39814
94435
10134
70522
27872
35042
18059
67266
64929
86273
70762
24253
17879
54304
99587
3070
83471
75942
90890
91495
56700
8286
36413
53095
74890
12437
25299
37662
1593
26940
70973
2358
40503
37035
25924
72778
25511
72262
96752
60691
24944
53776
50358
91312
73457
86134
81020
16200
4203
55432
90149
9405
43516
27495
45109
35509
61981
18961
5820
35541
82501
17413
37628
11631
86743
55264
18092
64944
79392
52433
10249
30021
41901
2136
18739
45511
19925
43233
11801
5022
81261
10891
4089
76574
12319
31139
28580
54166
76007
68841
51386
50330
44654
52448
61451
31428
20480
93663
67286
14724
58081
65980
7382
52487
46623
44840
23456
47954
88017
10332
49644
96163
60447
4795
56337
41905
81617
28551
13039
79196
1696
78645
12555
55364
89058
27396
79002
7306
23754
16649
77033
5443
70040
44041
8886
32392
59949
13378
34610
19651
93058
63235
84252
41800
36146
32881
11958
37513
33334
92589
64984
33242
55309
94562
96815
50194
89074
61094
15512
16357
61760
88678
48602
29649
4352
7629
3458
95788
36633
38763
2075
42385
85336
12663
3857
32225
23731
68201
34078
69952
55116
10245
45280
84144
54357
55582
55535
57756
95666
42153
99379
75879
27751
14240
79537
17873
92638
70497
28663
32963
28512
89258
60753
47957
96608
61690
32475
47101
72319
19550
74747
81672
38892
84669
55833
86799
8077
9368
79909
85232
55957
32097
48958
26465
67948
74784
48130
32662
7423
23712
37775
24819
24565
38687
25795
8859
34438
48202
83875
25851
84767
77418
54735
26573
60278
7773
30874
81442
82277
76173
77990
55665
63688
76454
86170
9737
80655
20999
89119
1394
15242
76456
54769
42326
75118
35867
79169
45652
60962
35359
18688
4160
85726
70921
67696
23529
37101
85916
21621
89357
85749
26744
29731
56920
47835
40657
49970
25715
1644
68130
17998
61261
30440
28127
50346
76541
46412
45612
8245
12726
74995
24088
18246
56289
19380
35486
69834
51043
72468
45125
4932
60578
9130
5138
59695
29553
84786
78280
11537
78847
72499
97761
91655
72472
81469
79966
59144
51274
63281
58127
20089
81016
2254
28022
14580
47637
84451
4978
60578
84044
41495
89541
59077
72615
30422
88093
38986
85246
88184
36532
95558
37227
5422
72454
74271
94415
66549
85392
86550
18566
98000
84864
39367
55334
50464
99244
11269
59623
38091
54951
95615
39299
53421
87534
33196
59041
61036
13910
86702
55300
35278
95316
39970
84489
33128
63738
91400
83211
29266
6861
27324
46472
31398
57119
57798
12073
81197
78002
35481
83702
42072
73565
1590
26043
78422
147
59054
90963
69372
36268
92427
73062
34202
6645
92758
5571
57852
45761
66889
24203
38541
8445
51784
15700
97179
52654
54937
44177
86120
36869
67480
26782
73362
22023
35952
99130
99850
95517
13331
41303
38843
49495
69038
96541
32712
78977
23283
92429
27876
85052
65002
91559
39332
44612
59088
35447
73532
23879
35393
90560
67612
28249
12379
68716
37996
31922
27994
5899
82399
83939
8230
45648
61691
29033
73610
85790
35805
95794
504
45669
39655
4039
45149
91545
23303
49036
24911
79335
83291
97297
39005
46594
26490
77268
14859
28276
81041
31888
5402
52814
56096
34604
74078
75822
16163
60552
98028
83509
25269
96900
13477
38911
53350
99819
9324
31366
43387
48421
23558
67500
80656
94413
63852
5476
33964
73177
36378
15396
25665
61490
57246
498
63952
70989
43507
77713
57744
87683
68586
63980
33761
25198
9253
71393
77057
324
66127
44392
86683
85622
67293
35734
81725
86048
18092
98291
80254
71431
45732
15976
62283
41445
94328
66726
24869
8379
9550
15073
62237
11040
33054
79986
49637
24123
80290
83653
30511
39421
74520
99592
87606
55957
13111
86464
15245
95832
80810
59208
21710
15771
99853
25716
90773
18506
3479
77400
32937
51376
40460
58539
28005
91523
51816
52731
70802
54608
85925
78468
91022
92191
28206
4728
12802
75634
64574
92100
48879
33498
51799
32669
97135
94137
39101
40933
63833
91429
54861
61621
41922
90576
21401
18195
35829
54975
99588
34888
46414
37199
50985
54422
5405
71271
84076
79436
26500
57081
58967
50331
12374
68087
39022
4119
16440
51604
38062
90302
67799
33806
46104
82547
77197
53527
87343
22760
88046
64898
10852
23199
97422
66762
43094
75923
24868
9458
81410
75920
49095
19664
21
51721
30619
78339
37874
76583
61454
45658
77364
94284
23300
93440
18934
62783
94353
30653
65305
6469
76217
88246
64949
53683
95373
37444
17044
46573
18230
90678
33916
80972
86792
61865
99735
75831
53547
7944
44456
85540
87955
86461
55907
29371
66002
72804
34528
40516
53833
61458
68642
37335
95568
94653
46386
5286
90902
51089
84339
9402
13984
9110
82170
85848
99291
34557
67535
23524
7945
47571
36563
99294
35684
10541
61151
93031
83169
33480
20190
77271
66622
55084
23956
41082
7389
36187
84658
36976
17192
87071
91593
82781
25132
76271
92406
10937
2065
9523
1114
13298
64467
11960
58715
30189
878
76996
78122
96017
87846
80176
47744
89833
28157
10502
50729
67851
72503
60633
22857
60841
78218
78978
92129
70907
91002
61147
54320
57495
34903
30952
23205
37916
89177
13878
9058
39363
80323
51183
83354
8121
50096
58724
69130
32788
27594
15291
36574
4648
88878
50372
49406
64329
60291
37783
43841
93803
3333
34412
31830
10525
21188
81851
5710
57261
45685
45521
70675
33327
98198
24759
42041
36825
58440
91573
18472
67781
10582
79257
69672
71611
61211
47707
47243
48413
77785
13753
29278
32309
89577
16005
12740
12490
66670
31217
3278
35692
72286
6875
52494
42106
69719
16007
6949
23941
25
41867
11519
33804
84064
65344
67014
24707
80542
18201
53726
32289
81879
90611
21249
73977
57997
60861
98805
14404
78860
75451
97290
71099
67936
2562
20112
1402
23452
14318
47136
4991
60645
73145
97996
96728
91758
26893
3517
99267
30555
53752
87833
59074
20641
47483
55791
72038
49170
73145
81071
10547
65650
5164
70276
10616
72754
73059
30926
46848
95182
85172
47239
72656
99179
14299
41637
10595
58993
89664
53071
76371
4361
58297
37370
43365
85111
31767
35213
53875
2750
29762
22519
89724
47419
336
91797
66293
77967
51702
73148
93338
94103
22841
94829
82854
81860
8986
69926
57913
71388
22061
21559
83373
61835
92878
56645
35260
39974
5567
95889
14310
66264
53940
15243
69578
59352
11888
10848
66621
15432
88385
94201
8734
60398
30954
69112
20528
47674
82155
589
56023
37869
70870
70141
41596
79157
28199
18459
1203
24693
10612
50126
67019
84207
12810
78899
6459
34012
98633
14840
5068
11532
43555
28699
15822
33025
92497
51398
94113
5963
78739
29823
48834
59658
75213
2289
60632
71625
78239
63894
11131
38831
92570
67192
46272
30368
66659
71362
16210
74141
22014
57508
45900
66018
37528
89837
53416
30602
78170
62051
38665
28083
60691
53971
69631
62503
73524
68227
69326
6169
92111
51632
98728
46095
93704
43560
32060
18848
75789
92392
7002
67927
1506
79904
47376
87040
19468
18350
85786
49419
28032
39884
14348
38110
35490
57406
23624
39233
74129
64097
40992
17619
61783
7361
20844
74442
17620
75059
49758
36421
82434
97319
61422
55173
68875
34332
36222
28188
24387
1401
67557
99588
35866
67570
65385
94120
1192
9176
93439
3287
11750
33200
47666
49869
67762
44166
72365
15873
91160
48231
83430
61599
95022
28766
9431
97820
30012
67443
20718
42473
95783
51625
14941
83322
54566
20587
22214
30797
48851
92337
20897
28142
94901
95118
86433
38216
40684
12823
67104
43546
24431
58042
48957
8545
64477
12085
69270
7525
57597
89885
51873
17743
31079
74237
48560
5851
6663
37369
83175
99596
95027
73921
27646
66538
56588
33553
16290
13237
40913
50221
3477
39061
74719
73857
64733
3385
35621
52718
17528
12578
82619
76872
95092
19798
5333
82078
92036
8642
2412
86595
44402
44162
94652
73299
89097
46723
40373
38470
63938
57582
61814
80398
38131
23686
74061
49653
99175
61546
65680
37243
89130
97811
94680
28110
71773
77942
69756
17683
85938
70277
17750
76104
74405
86427
31606
30879
12233
82435
58757
73016
60143
68508
87859
36327
55052
17437
98057
67225
1613
62133
58100
30358
37254
36018
36199
90740
72466
13567
57571
38602
25721
46460
47748
63742
38303
47071
61872
56389
1847
11289
81948
67943
70179
43600
77749
18546
20140
61650
69715
16675
14737
76815
56746
52991
34662
33484
83361
72086
80283
70664
64961
307
48191
91577
36128
99605
55612
59765
6745
14557
73098
70733
20229
9158
59706
5145
23002
70080
99065
76304
14316
47268
68410
70621
70642
69557
4398
29517
39045
821
90884
58421
33899
66819
72456
20276
97052
58674
99895
17416
1899
7892
57492
78163
14825
83815
42659
30533
43949
1027
94913
83521
56257
18146
42177
26047
80940
87055
72568
95350
27872
87149
68189
88326
43151
40703
13240
84631
32777
88721
44122
3501
43159
12769
25819
38719
4513
6578
40695
18536
7460
18918
80257
33830
70146
38211
60140
29576
46716
33890
67852
76132
34981
61734
51435
75359
18351
81454
95672
97295
33290
22157
79188
52760
1967
94857
40419
66997
72040
81375
67011
85699
89281
59445
31989
53788
41667
84274
19875
58320
81447
63454
24924
96510
26703
43120
55933
56127
73866
9553
35196
11199
67611
58319
97324
48747
18378
49851
29783
80269
71265
9426
47228
17275
8476
11505
68864
30837
48028
28646
7954
46185
23488
69235
23895
53322
54236
69437
81593
4882
77432
62924
86218
25590
7659
28094
87630
24736
99998
15980
73513
6903
33738
77941
4676
7897
2523
68397
6625
70255
22538
65529
35372
55732
16812
36008
10459
12683
94199
65247
63924
55523
59223
82104
93713
83032
87808
73630
78476
20302
5451
25177
53108
5701
92862
34588
70701
85579
81677
83797
83425
15655
33854
33872
30205
83747
62873
6820
65486
2093
36339
78304
44157
28650
5182
93100
66236
83026
46308
86786
37017
62443
2273
6439
87333
76511
70030
51444
50897
60767
7023
20447
24487
93167
42352
13365
69588
58902
38457
89526
17544
35592
75169
62742
76942
32034
64779
37117
62778
92805
49379
94653
70242
61091
85756
70293
15592
73924
74638
5503
42444
62429
30951
54941
72746
78137
10731
52491
15908
25168
79690
67563
25456
7887
42634
86880
40823
25915
31578
75950
26652
33133
67745
93331
1140
27407
459
1337
16433
63487
18702
16200
76137
48585
63199
49631
86763
11073
32845
38111
33604
93591
3476
39006
5914
55188
20256
99219
22579
95653
5987
36223
7161
6882
43676
15671
31160
12155
17279
42920
21831
7289
95111
97445
47409
99302
68782
16861
96703
53590
9730
56422
40099
3676
4031
74156
35296
56875
39496
84577
69179
87439
99631
30394
71796
62844
58378
83823
53977
28137
86833
46217
41344
96891
22622
88497
89606
64060
66902
42997
20163
29997
53994
9596
81254
98966
24619
71354
87762
9289
449
5552
69832
85973
57344
79730
18688
57713
8274
58257
65330
7873
4305
65321
61266
50219
57182
13848
75928
76101
83491
24228
14937
50284
47394
23116
27937
15958
57443
65505
95681
79597
78734
56538
36611
69851
10647
11591
75689
72780
79103
52733
78132
90528
10510
62576
87787
72077
24519
81054
41455
30926
66115
27795
26421
72151
46132
27595
41808
47642
56317
42359
40365
3010
22927
9957
5917
48865
74609
71765
8257
16090
93131
56331
24547
8472
72651
13233
23469
86621
997
29006
67995
42196
66133
519
37282
16938
12479
74128
15235
20235
18131
64563
19539
35267
59176
88521
27133
49273
95192
15288
58321
90796
86413
72203
61521
98559
73127
368
40673
60637
75896
95463
75003
90027
5424
91216
27522
85235
83036
91066
23270
18879
35239
74892
399
3987
58583
60064
51755
11473
18081
37468
33204
74669
56784
41487
78500
90117
28318
65455
45612
52654
43384
16041
88812
99736
17461
59798
15928
40518
94681
39740
25214
13325
79177
11445
95602
94130
82189
9451
13687
50410
93898
67937
52575
78960
72773
41461
93681
83248
8681
15431
57367
64531
23085
896
4748
78090
28633
85139
17388
68390
44764
22411
59227
33077
42097
63111
61886
36368
51100
82897
86871
3637
48974
1231
96716
21069
52107
72879
62140
40818
65443
46028
36045
81574
63020
40699
25460
1566
83537
37801
29406
66654
2011
44404
93986
9637
73330
17531
60307
67591
28946
43870
47305
44041
81595
40441
95042
85062
98258
59433
42530
54605
70499
10614
46078
75387
73202
9479
13759
74703
65489
78932
7013
40719
8092
59078
64458
18942
12525
45110
94675
21464
13451
66894
86035
86503
84676
61040
43275
98657
58044
665
31698
91876
42634
45147
27547
80057
52487
57490
24070
4326
90571
56094
53091
94277
39055
64672
72439
72235
71196
89634
27565
68097
43748
7804
7354
40867
24712
6027
50153
31045
34704
51153
89141
75436
8076
63225
18158
92469
98685
66886
81098
48447
25050
39308
8044
56885
66557
71520
24783
53599
84972
65873
13963
25395
44400
35585
49988
42405
2042
59257
18660
26617
69315
3259
38798
7170
53374
15813
19397
43057
34561
95398
2516
28257
86753
90115
59116
20461
98539
65517
17312
78081
85956
74612
98970
19183
27068
56722
97840
9004
73833
6045
65565
36320
33230
65564
9043
41969
63931
23240
49020
45409
16242
95275
62610
94240
33914
62969
18370
50991
82761
14922
43609
27416
35469
36989
37414
17013
59119
70810
35621
74967
1217
55699
22850
62540
54961
25332
55889
26759
47933
17550
9248
28653
82263
50024
58467
45739
50455
67748
37997
29413
8009
49435
37017
85007
20934
95040
1356
20511
92198
27232
1852
81121
39661
17599
23256
60887
52487
16907
96402
63044
65432
97442
65887
72139
23883
3692
15242
52137
8165
31745
82111
82766
78821
81617
14703
30780
14191
18751
59983
7310
8962
32903
47793
72443
28506
89840
95057
46488
26443
44396
46117
44237
23156
56619
51470
38760
7390
12391
68014
61945
40881
71448
32282
49834
41319
74766
50836
23597
92940
14829
54260
74555
18626
21341
85582
11867
82514
9130
54660
8018
83348
27646
37349
60233
64586
85622
7775
68980
41052
60750
41808
33987
23948
7063
30868
59891
31661
97610
1182
14477
89672
74665
17525
33776
35952
38157
66507
11509
21841
13229
9623
96992
5010
58157
40221
12988
99037
39765
94720
92512
23734
58573
73567
36669
29386
27137
98298
40014
29124
1163
55160
74429
81463
60239
73306
68434
18272
46600
33937
66325
32684
29182
43912
33647
40164
70799
11055
6584
68320
6070
73630
66851
25061
63763
9635
4953
24464
60925
43458
56110
90122
22947
98545
5767
64788
71644
10228
99749
69909
31009
27488
43850
24102
13939
54433
94203
9428
1287
72097
98996
22219
96142
22903
96113
67372
23549
99941
37051
25341
20114
65399
69720
34996
44836
75782
26853
38322
53279
39911
98067
2856
14772
83414
35049
14218
77069
19589
56836
14602
46459
84229
87179
5859
96636
18347
79682
3852
25158
26066
48591
13900
19344
39633
29497
61125
15378
5459
37683
23160
30908
38304
26143
59200
62454
40386
16735
97539
91034
46288
54583
73088
79697
77713
17929
98821
27782
713
19714
99373
90124
5419
60647
29053
62510
25928
99038
45646
19650
8987
65581
7079
28111
11067
71655
12538
32804
80307
43839
52575
30433
10029
8763
92108
56114
35613
92488
75785
2859
80276
47129
4721
814
51134
45310
41855
21628
31137
15745
90194
68519
5983
64872
24607
51960
53870
16250
39499
2860
73344
61007
79059
22927
49244
35217
49442
21145
31685
98212
96095
56421
14156
35865
52451
59973
17644
79866
68112
70676
7818
11213
52715
63278
92055
2129
9939
87962
2697
84323
26222
80821
75606
43471
83730
87013
85206
33876
48053
35987
29832
21237
2392
68978
71389
68273
6308
32839
62298
67800
40921
82719
68525
94096
84647
78381
41307
53316
16438
23156
36678
54656
41172
83057
41188
12900
91014
88533
57397
95884
19378
48540
93583
89416
1567
92202
74134
10552
53409
60351
74577
32273
19192
21217
90171
44657
83032
3471
26457
86530
50106
38180
59253
65293
43728
71396
78762
95275
13562
22455
20306
81528
67558
38204
69723
5314
19948
5007
26582
44545
59181
67521
23396
57999
38467
16986
96610
47088
23980
81
64528
43030
66675
72033
20233
6329
32381
42880
52798
47313
97509
68881
63420
69724
57347
57567
97658
93754
92240
51905
78196
66495
94036
5960
31133
99669
86599
21668
35323
29107
41057
95247
69599
75768
23420
94127
14312
62983
43804
32177
38644
88119
88801
17313
90666
60388
97804
40626
32972
3990
57892
79138
66375
932
14716
49133
31328
75892
55102
36090
64939
59274
7225
52891
53325
9586
95864
27495
45245
24313
22085
74208
31528
47361
5743
86294
13901
72732
10631
26922
17672
58466
73061
19895
85538
37778
46691
42807
7000
29990
22004
5886
22329
51204
76229
6973
17755
93168
22151
80784
20375
35052
63964
5696
31471
79020
25658
80751
14655
29233
66649
70505
64693
95840
5044
70201
71498
70573
87516
44147
76233
59557
61086
88953
12913
4032
58757
21224
91553
82943
99528
84516
57867
14864
95736
81018
74380
84963
12855
17410
61778
74912
41676
32947
8833
27442
94321
76942
75722
54725
44703
16438
3249
49377
78054
97844
75195
25129
5515
85953
31517
89367
86131
21739
79860
6638
29618
70977
40751
47034
41734
22362
22058
33556
10921
27169
27803
5874
29780
45320
15897
11093
14471
51576
7788
91596
46027
60242
57343
45533
95534
27974
88903
34254
46776
98787
95366
96590
75974
82943
30608
16997
35016
36466
93111
12520
53065
51704
81195
57568
59015
11704
85096
738
60997
71877
92777
30633
23283
58478
66439
5320
72661
10011
22576
93735
76861
69827
25205
95135
67227
51022
36620
71537
63184
33834
26673
25829
477
11850
27886
77397
53467
39568
97198
67420
67571
56983
4254
58570
44110
6224
57206
29685
77292
98409
38905
56468
40520
33082
4018
64801
51919
1907
43895
58116
51188
95813
44531
19659
74929
29070
77597
49238
24250
44709
33806
52985
44340
78847
24511
70582
27289
91457
237
52189
97172
18565
86051
18452
46844
65071
66751
96526
4904
11242
59560
87615
56630
48302
39217
51532
68304
70771
24626
18484
17522
98207
30082
80686
25021
52044
37727
71659
10374
25648
83929
2356
14646
50301
24291
6632
71917
24515
15348
93516
24281
29551
78494
57330
29833
53903
66988
22444
66215
13349
84322
81959
11008
8460
84316
41923
28659
68168
99570
80669
67084
16089
15368
61058
49856
22347
7127
38866
52892
30698
57045
53034
41146
68362
408
55238
55777
6480
71028
12632
46494
25350
70659
42951
2741
70794
71917
99126
52347
17306
58090
50185
81695
78673
20792
47438
47788
82878
16058
31559
40450
78531
25691
15217
50160
80823
25326
28561
97204
73211
7489
8723
88040
78253
96647
56670
42272
51027
56163
79854
54213
30395
20957
70848
4859
15530
55723
43308
71843
19805
73630
48905
75242
5374
26776
55933
96220
59228
40261
10259
46644
38631
95851
56993
32658
44706
44145
14888
55643
54384
2758
91469
54500
70084
67485
87765
84625
91839
616
37337
932
72261
4667
37565
93415
3876
41728
86691
4491
80119
72880
79032
14564
51299
64533
96396
50861
93704
5795
25112
85388
37145
12549
36694
50832
15603
68347
40620
45986
65276
79917
72232
89894
73184
85883
38550
63146
95828
62124
6040
57725
16484
43426
86699
93872
87349
40559
95347
41231
2637
25054
44670
36258
7948
13682
21641
62554
2062
98188
65591
29651
75000
27967
37548
59293
48566
48723
52337
24607
48151
87431
84569
6225
79808
60133
23749
58607
71470
43846
3216
93625
79291
78182
72993
78796
5181
73950
4214
42200
22040
27215
19217
67905
6678
16289
94200
10081
7782
69713
43199
51819
35867
84186
84531
18950
88883
3232
6492
89359
83259
94521
64825
3765
44782
43046
28719
37970
62060
91718
79740
38758
9700
44051
51850
37346
66885
35760
58496
20107
56941
10004
99765
61368
87257
47109
39635
57976
68034
99395
84393
26788
16518
2963
89185
41685
87799
39098
75280
53595
88037
14428
34610
83647
51719
37803
3053
10101
5004
38398
11840
98289
68197
90507
97647
48579
75319
24486
34385
47468
57940
19539
26298
24501
14496
59694
13331
89473
11920
63006
30821
72546
54824
11021
4190
68563
98711
16870
20568
57583
69311
26132
10655
14750
92477
70686
78114
36321
40096
37492
12328
81910
25753
7161
92257
50427
78802
17989
13938
50249
25539
79474
74769
74405
90808
43973
99364
81499
74959
7780
48777
34783
41536
57128
22193
82141
39889
88655
27341
90985
98038
49197
9421
27662
11263
53232
5514
84536
18529
89539
85889
85897
62390
21193
31225
50574
65364
38933
93453
64222
87713
4400
69112
44301
88656
81368
27167
22608
42053
42485
22308
65939
66239
23501
75827
44837
2139
1236
51928
7335
17425
49845
69950
54959
23599
80180
65380
20374
95473
32702
51062
35182
91367
13174
92046
57452
66264
31399
96789
22564
91543
38479
37142
16466
41082
88065
81738
77479
65353
84390
51455
13468
99434
3091
87812
70707
94366
85737
43907
22422
7469
60496
75260
16110
8897
87204
77395
65964
72834
68127
78562
7840
84120
35583
56613
83063
63086
65559
42197
35055
64139
77988
66052
98719
66994
96851
23751
90602
14519
19518
28797
23990
37234
78389
80412
37554
26207
59903
8119
35629
68918
10273
12098
43277
77879
21723
66987
52113
42773
59016
8011
31399
66358
50204
43081
81992
63723
30792
77421
87747
59289
28057
4434
47302
81169
94801
47133
31339
12765
45485
72094
15733
54002
34753
43838
51661
60748
87569
48546
22173
11627
80640
73411
20449
3674
49190
60865
15130
42414
8838
10652
96099
35347
35245
32035
71295
69581
87981
98046
69899
35878
35530
52200
62882
381
47299
76008
32644
41602
93388
46557
63054
324
10854
98050
56878
9944
76997
60423
2602
23569
4483
49476
85843
54684
55073
3541
73608
89713
38372
88792
91039
16107
54342
45820
28279
64193
67237
65963
76244
1703
17461
30234
98014
16840
86298
93200
94231
423
597
64061
31106
49538
19230
29883
90272
92965
39954
33109
34706
91710
98295
12852
48420
16311
70136
22058
39492
41383
33883
86937
14464
44225
69145
34844
68671
44267
97291
79902
86879
75925
60906
24623
97681
84114
77036
25889
98158
40773
22142
28781
84555
31002
54000
65645
10537
82854
25400
50677
23010
23732
31820
26160
56843
7869
1574
56680
87271
6456
55956
97163
32747
35273
53953
17673
35346
14623
99972
24010
93485
86715
22722
72227
60855
97181
83505
15071
50960
24020
87022
68614
72263
67078
99653
82161
1824
27120
27763
80103
66867
30760
4024
83316
77534
77861
63392
92298
17753
66232
87442
47409
21038
16849
92006
52335
34266
34349
29256
94213
3806
47750
12217
42648
70267
10757
71164
30601
33585
46653
82157
14250
57250
82588
92770
18455
86893
91043
48502
22870
21261
7731
77769
77720
58428
73921
77054
40243
93282
55319
58586
29595
35022
43559
55754
69275
99595
31435
8999
82915
30456
18904
19503
27110
92704
11410
93266
3390
485
77379
73878
72688
91069
96563
2891
30481
86887
12403
64126
40268
26945
22263
70017
7360
17259
56520
28870
68916
31833
83115
37120
9817
17701
16260
57351
57959
78521
78142
52245
90904
63962
98612
51377
88216
84337
35114
61104
42872
73993
38236
94563
64034
4167
11146
83395
77594
85113
4182
26515
859
11678
95760
53292
16245
8909
34942
96496
63055
68023
72662
19593
9766
88599
68630
80206
12348
97604
74074
70325
75813
62906
98490
55713
66467
95899
56254
92960
53667
72681
41065
17325
29762
94888
16928
62555
52131
73176
70443
99264
51541
8635
91364
14419
39222
28626
56935
30164
72096
26731
8225
68369
49540
91356
41647
78282
38071
72306
59211
15250
47867
84436
49673
63765
82339
33845
13927
96519
13641
64566
764
32516
65502
16058
14701
96513
79798
33744
74312
93844
18002
77043
35941
77716
92725
3125
75183
72775
36116
75082
23515
6003
8094
31241
73147
22506
72557
11470
85301
79722
97404
91178
47997
17013
90631
54856
19678
43797
27546
24521
7680
33515
77191
81106
23850
45777
61738
29184
1293
78978
57423
79462
82330
17147
82929
74327
6201
34619
58091
58872
90362
12887
57463
41072
5218
1954
72120
33429
18969
54786
92762
776
69647
34817
12439
48420
45481
96058
42639
95176
52358
70823
35755
18051
58747
18824
79642
17867
80727
50220
94191
41356
74375
1971
95359
14577
1934
80559
41312
49099
96160
76225
15756
67249
24699
20788
82565
14380
97566
21007
71009
36749
22997
41020
4082
60236
19873
85327
27913
60926
86505
10552
43139
58755
52127
17235
58211
58358
35694
67073
27196
95693
27386
32567
12414
17815
55728
73536
26250
91664
14069
54742
48583
50935
74535
1800
48170
67853
23664
55
96285
10794
42904
43282
15106
42391
52
56659
19017
29685
8697
14493
39797
40348
39375
57495
40199
40937
12872
64495
41365
76799
66522
74048
28468
44779
48225
61610
52011
17343
48603
34803
27464
5959
3743
73951
3616
86399
63343
13545
72581
15820
71360
75880
40547
51299
69150
95081
54585
6566
54273
49866
4746
19163
74
8385
82724
65218
38798
92150
10587
46193
3233
94918
61316
82483
67124
69435
99859
69089
27049
83947
4731
71768
65858
46241
27369
87636
80543
49275
14762
9416
39299
33855
14332
99400
39135
4406
55593
82785
32896
18658
85492
55250
84470
1840
4685
63256
62612
20941
34402
26267
49544
80756
57843
2262
72727
88998
13463
68011
20069
29694
44642
84742
36089
45703
64366
82548
49455
33204
34506
79745
92201
19230
31139
76268
12950
80355
9453
68520
58172
4762
44030
11426
7183
23952
17335
42442
59358
41554
44636
71913
79301
89745
24603
5275
27836
31637
8558
48168
45446
29280
22563
45706
33585
16240
95599
21885
49056
50629
68118
23913
79560
99706
62416
55521
57121
99606
65247
3478
37279
83666
49874
41840
80799
83572
1463
61647
13931
53099
67660
86594
83801
33533
91319
43878
50777
28197
83389
3004
80979
58542
27160
41687
4406
30763
99607
94150
4490
92802
28393
32047
81067
5691
20824
18438
7570
61113
58531
94330
77066
67899
17465
72254
87838
95338
80831
83570
99273
68519
40888
77898
16475
11851
37016
77545
3935
92405
33632
61341
69442
67941
50307
27484
97550
52869
49338
4191
42739
26068
80723
30304
23524
61419
74986
79754
71933
6790
63169
8419
21507
30076
82862
80001
18341
34353
49688
49582
67401
1639
97007
43495
32342
15285
83611
9578
50996
70472
50598
11922
89528
71218
64987
93881
88163
57812
82364
50352
10164
42218
23469
74299
7431
7192
89093
36426
80206
63266
71385
49905
11438
84802
43870
66605
6038
64739
4880
19582
25597
30629
81930
82216
91489
2838
13405
31662
89540
74563
41640
78637
58894
56453
34602
49782
77940
35268
17690
32738
29513
27234
7562
92698
6475
25386
18961
87911
95647
15103
42044
38483
27628
16154
36868
12318
5150
31674
40899
40076
86361
79607
52852
69017
46247
55582
46866
12161
76602
65583
55613
4165
85060
20274
25299
19666
31928
95412
37415
77622
71051
11414
25770
79765
17237
93172
8376
45726
77536
86211
35936
36814
3758
59812
15249
19814
66331
51754
98848
17045
55092
65866
85529
64867
94114
15397
84966
67558
73146
99124
69270
46645
54002
21499
26234
94564
82867
85881
55992
72175
92973
81138
60449
96264
78903
25750
69238
72746
56239
5776
23353
65483
31956
85523
20085
59375
83907
45582
36939
79879
76865
19120
25106
53788
68055
35821
45723
59193
90623
91329
8378
70512
78003
23022
21234
98643
92879
63555
40908
27863
46184
22422
33115
39942
84970
36085
87974
796
63955
44448
82128
331
82940
65831
45072
40794
12823
39253
71498
37158
92974
16780
91127
53635
29607
20582
5210
16950
22155
3530
41937
37447
8380
80611
7987
79421
9851
16875
11685
35056
11393
24931
16108
35627
28705
48079
95495
94078
77169
86972
81625
81985
11946
88562
52188
94875
78098
98280
15136
56985
33294
77358
53010
32917
29351
97102
41393
13479
34401
34146
1131
30224
80360
53161
66109
32725
7228
73349
70902
45024
1474
5727
65315
54005
19734
45486
86151
28621
31141
41259
6325
1799
61948
5905
90893
64124
46511
88849
9674
83166
64430
41421
82772
15892
36592
64996
50751
47425
95588
76752
32350
33415
6566
90806
74555
99003
17953
85023
19689
22544
37212
85036
52347
87024
58435
51521
70834
38471
62577
81576
75221
35207
97386
47234
66968
74243
32966
60177
95448
29221
60068
67733
58642
62247
6333
56747
88600
56499
78269
52526
92031
94757
4810
61668
27490
75083
99183
50744
11116
61827
29723
18325
82118
31071
192
28713
33201
72586
17360
66433
36099
35226
2424
40656
13913
55935
38211
79148
1747
66523
78573
61464
37734
10012
41128
88792
11461
88832
64425
32554
61611
48110
17155
55470
43582
4308
34044
98473
10472
14890
15572
74066
56853
52687
57834
92037
45843
75900
48269
44680
14107
94444
89135
74623
57765
98874
72378
75704
21848
86549
79177
97303
38793
87251
68788
61762
70388
71041
49788
764
18207
12094
10354
6578
952
24055
64256
50481
59666
74885
82398
24238
122
67988
36751
65256
64580
43835
50981
12379
14999
81152
75948
83458
61620
14750
51903
43979
66268
3630
84000
84689
61707
61007
12124
6174
99398
19959
29059
45612
97851
24948
32337
33533
30221
42764
17471
55504
90307
7973
54144
46588
12790
68049
42967
2542
80725
4774
42476
71113
2719
42332
1744
92245
47040
54356
14338
70178
38700
18691
93406
66837
82593
18131
66415
4860
75472
68067
55232
75273
57655
4165
11753
67287
84468
40297
65982
71839
87163
38440
55639
66601
60266
71731
13142
67565
22817
57248
50828
35108
67419
82166
7789
94981
50810
32440
24612
90989
79195
86870
10384
38892
73844
9983
54165
16179
86283
99795
48512
2603
53268
68658
6056
50585
90021
35834
59927
23075
4472
70786
78066
20904
87592
10619
65992
91789
1954
857
14981
19151
33760
54424
83308
93555
84136
982
89447
50161
18645
17465
71223
50883
40070
3932
43910
29246
34430
53382
64057
98858
73349
69601
46316
97297
81110
87040
47783
56731
66172
35053
65402
82430
21857
17285
52964
96266
15917
26529
84431
99381
36695
93121
91714
85239
37636
5627
46379
64708
16776
58965
36064
85142
76103
35591
71575
59560
71926
68100
91322
52616
93773
72354
45825
5515
37700
6007
80032
66395
32684
24609
28918
36872
51609
45288
1764
58186
89759
16277
6314
9631
38698
3862
71757
40811
66546
16691
42812
27019
5042
22563
27592
1969
51010
76410
46783
70735
16143
72385
80802
21605
54943
34134
13772
39119
1231
67411
45101
1273
763
96888
96311
67120
39974
25494
22939
59883
60768
31456
60798
20627
83483
77423
64532
20225
77299
16067
27996
37543
99629
82112
11579
52414
26422
54345
21767
82654
95616
45291
41438
75398
50100
56484
2257
950
3092
47944
48951
19603
77926
55035
72119
93446
10272
39738
7899
57936
81781
3511
79041
51334
66468
3802
51959
26209
4168
12794
49256
81178
87457
97420
20830
59732
40722
69232
77052
57391
10919
6032
12719
42978
72343
81897
8094
59735
81964
68135
48415
12775
83735
69689
8631
94113
67818
22044
69157
4337
1654
33549
67608
72247
28654
22016
25887
1805
17741
7900
86793
79530
41093
57440
66068
73784
39414
79810
75911
78948
72494
81228
19872
83006
48329
74629
20974
8011
80414
74689
23656
10123
6637
28598
59318
7463
84152
32610
6675
63417
81693
11833
64336
10860
1643
48482
16457
83323
87118
70309
82552
28381
92747
41043
57745
93913
5535
47198
34685
8004
49647
27786
67679
49063
56136
39533
16311
27848
41628
61939
35590
67073
91073
96218
97892
87488
91735
40173
95277
63359
82411
24616
5496
15078
47875
27028
85622
2415
61971
30485
44322
22921
13268
26289
37498
96881
60506
73125
71381
64593
75026
55565
26108
17940
65581
28111
78288
63517
53647
4190
99664
3704
41604
3543
39082
53170
9424
13216
7469
49176
87535
478
7771
37398
86968
65629
27000
82007
75261
22415
90931
6843
21468
97933
14236
2135
10394
75267
46767
90860
26457
56710
39050
53937
13295
29360
88384
24515
83942
34567
52860
15522
33537
47218
20419
71479
16073
46599
57772
56392
99642
74593
15798
29300
78040
41678
55634
36020
4200
93163
45761
57636
42960
86039
13732
33030
17755
18661
43279
93396
16753
87860
97749
55846
94309
18453
85162
64706
60988
62104
39701
11110
39457
86881
88172
93724
16137
67859
71319
63507
81341
24180
78583
59651
6016
50510
88618
78549
79948
25234
91271
20459
19901
21963
91421
8631
76204
28443
38280
12567
7356
21932
65014
57160
14250
1350
19957
53830
64258
10521
44691
36881
11489
13348
90455
96371
58955
24458
50497
89654
63571
50712
19201
82697
81863
967
15213
70434
4201
24250
39193
6242
52909
88351
83906
26223
88430
58983
82497
63152
46064
69457
83699
36705
52951
7199
31045
68139
377
61250
28249
29900
65462
61871
70315
37184
3317
3779
3633
64328
4371
52598
27125
91175
98978
81438
45474
58896
78323
88258
41230
4724
15078
52527
69619
4120
1821
42431
22313
22541
64926
3277
79469
72408
62785
41725
96252
67295
3167
50756
86521
44175
50316
81148
46130
69095
31975
43926
94135
1645
17901
40253
45703
30379
1301
93384
89322
46157
58168
31831
82427
35872
98533
90035
2119
72137
42749
75157
32451
56540
41421
15228
73128
80815
57240
56743
50641
87410
10944
55022
79606
91389
80439
7977
55409
24858
93708
47028
95052
27074
91153
94858
84923
80576
35341
1640
85745
76544
80303
5809
79289
2682
48754
10966
98762
92398
80541
61126
16072
70028
41964
43257
75873
8711
14559
37423
66887
4631
11134
23491
64550
58551
77374
87625
97415
31695
63613
95414
29423
78101
74682
2517
24937
58824
13353
35549
91771
28380
67000
71653
58434
42192
74412
72513
30490
83694
10469
80230
65986
19317
8750
37688
27817
4012
31656
7128
63455
81156
41487
51335
52252
36509
76915
40616
32231
52760
54990
73465
42024
96348
44187
70563
57778
87195
78536
19132
25875
12904
15716
59941
10611
26811
55794
56946
27584
96236
61990
3155
41874
23814
45948
27373
82852
4692
20680
71089
10605
86433
299
13961
43009
76027
61458
87822
44726
99301
43575
27052
28622
61279
2313
61761
89644
67285
23304
41185
42888
85229
63237
65872
33847
88267
7976
61854
20227
25683
10732
44001
64653
41473
51137
73572
5624
81300
1968
33000
93571
95362
8136
9015
73198
72720
19578
82092
97724
99852
77727
9570
39741
70227
60609
51734
17726
99320
94247
74220
31324
51072
85421
59103
53545
35413
90900
93168
77343
3219
78666
23587
76999
32042
82534
84317
18586
43330
67268
26237
26467
90227
48046
97669
64682
45094
72629
79109
30420
99896
24949
37307
39998
65149
71649
28815
30839
82477
80101
80651
22312
76318
75738
91410
60141
5688
70976
82649
72438
1023
58287
51696
33915
63708
91420
2818
40034
63767
10794
87923
63983
97535
66625
56630
28622
69632
13192
92418
36218
13332
91052
18623
11575
4085
1408
46279
44064
41714
58461
89429
19086
79185
2021
4746
14356
31492
27248
71214
41378
20197
23974
50413
90176
5870
65950
56240
28769
2393
5441
49248
74379
16012
10904
49022
34543
46958
77918
53971
58142
7908
83176
8334
79628
72379
68591
76752
71566
83204
84348
63762
743
20609
55642
25189
75527
18884
41551
19499
15803
37396
88747
76584
30652
36400
51682
66385
36042
96554
51454
41744
1662
23641
79538
40372
78653
9630
30383
23563
87476
60445
66710
55534
15811
17359
38287
84652
34332
7410
93898
25315
18252
4694
25926
79570
90841
91408
84341
71124
21589
9724
86012
28526
21503
30780
9451
98068
74096
88096
44550
35132
43128
87373
18130
1571
83535
77039
7152
72909
57139
98987
80213
41725
57953
62155
59601
63427
11864
85006
42068
16560
75691
61031
37561
4245
26068
32317
50450
86896
90037
20825
95949
4215
70341
38772
55673
88002
67693
21022
13446
26763
30375
427
77833
26983
28672
37430
66847
10543
27521
93668
63039
51108
14732
97777
52802
46320
47266
83296
18695
57166
82414
26576
94384
82325
83271
85952
51112
58262
35294
17175
74543
57581
50684
71302
24726
69454
44802
16097
35895
76314
40412
30371
91831
61338
63299
62459
61441
75662
94689
47467
93789
85090
35701
80729
31611
45377
79231
56375
64598
98342
76417
57864
53426
17158
65591
24548
89177
70584
30213
12750
708
27818
84101
11580
83933
11646
89258
76188
35141
22360
91155
80443
67599
11555
8148
6473
87395
93294
86760
7651
75949
82862
11978
11393
53460
33057
59903
98006
34854
37686
47547
99638
68769
35992
41251
54518
44630
38844
59940
13974
73642
22659
87934
22457
16730
7003
77831
12592
48688
48780
99880
18661
25624
48721
80808
10341
10367
37101
42918
31272
30667
45157
72173
49958
74888
34657
97155
33664
80424
2649
80947
62348
68078
64092
52619
3590
59846
50314
95365
36163
60089
24920
45328
35124
89766
18955
42244
28550
69005
46817
83027
56291
86156
45754
40440
40838
57073
31108
71840
34465
19410
89919
77203
90960
24926
91616
58062
35013
47010
99210
74203
99348
89334
91266
95129
32378
32446
69597
6700
53153
71905
83146
56359
59259
18853
73323
68830
53712
94623
56585
78325
72740
11218
70695
18168
43150
69255
71543
42536
79676
67613
57022
44259
62025
27441
87100
95712
52020
65670
29531
70944
21147
39183
29415
93591
58585
25263
21189
73824
6103
46500
38374
74044
30577
906
58381
9435
94316
85327
32017
4216
25474
89482
62305
43762
71474
20890
66071
92417
78097
51162
59324
50251
11355
20914
96558
78946
65028
86474
30208
88509
29990
86974
40501
63096
2099
18950
84749
99768
15261
87459
28178
42359
14949
53371
86600
99307
2705
9702
22105
56777
69288
82390
242
33525
85253
52807
33299
63572
54552
37471
72473
10857
15309
57731
90788
30559
89973
16625
40590
35636
43291
66630
54869
22158
96695
29515
33708
10987
53416
55416
86377
33112
31394
49177
95608
36035
30097
1218
79992
34140
32925
61089
27547
40900
86136
81913
47600
55797
61864
48411
77791
2932
49504
23010
98546
17638
59047
58058
21189
11752
70077
48738
44136
4331
54004
98111
55996
33307
90802
5302
31964
96766
15279
71299
88451
39894
22652
96742
89469
45722
83302
26629
93167
5700
1345
99653
33594
71888
63628
5447
25164
58454
3533
25981
50132
77209
96287
23344
862
30800
23786
55575
7987
61733
58683
21130
25221
32943
47940
69266
75304
32630
61269
14086
92808
86259
46797
15249
29303
36976
49337
21488
77751
68229
14318
50508
28597
40497
21983
6195
52591
13140
43663
15750
75574
23501
70213
52124
22299
83959
70286
84965
34263
7558
55493
23004
15102
64826
77453
35190
30376
87480
19259
76010
56535
73867
98800
14758
39725
71331
90462
55471
97951
55747
94273
7678
25883
82085
25211
55617
12854
12681
41011
34876
67821
84285
58407
53336
26060
68079
69377
71996
96053
78836
23297
11715
34784
60724
50749
95404
29364
65884
90432
79495
3459
11912
25492
86307
58289
61363
90048
39043
81143
646
24202
5215
59374
20310
11723
6671
17406
9774
98613
76752
92302
86752
89220
94636
87442
9915
91243
24349
37768
87136
38767
68586
88203
10387
67898
98253
5232
42858
46381
26170
57425
87856
24857
19280
60710
9704
35750
3220
76835
11845
32025
60976
198
34628
54395
22342
3499
31518
51905
28929
73976
92939
2409
72523
92116
86568
63941
84085
96962
29883
82291
10589
55466
75234
52160
95523
91637
25115
75445
3171
1308
43911
57945
85119
98711
44872
6198
56219
28012
11869
39268
35026
35253
73905
47882
8049
65960
39949
16094
33098
40751
32785
78620
47938
8157
29999
95753
15330
66513
32490
87866
84852
35499
92779
1520
66547
85603
35011
96916
40186
637
25580
79550
51820
74373
86424
70491
22099
95754
21911
97503
50762
77034
99385
8723
12333
54618
9354
31425
58319
68920
46685
7066
70981
83805
46667
45270
40176
91892
69608
67406
29774
82996
82466
6763
15288
96669
90898
43601
18919
20258
2213
54015
9916
60460
31657
47863
89371
99269
69182
5476
78290
99908
11790
71391
21335
54862
86150
91351
58568
61210
71661
93755
89016
95794
78881
67211
24017
18485
24700
72062
93513
61691
76971
36546
37024
914
77312
94735
26297
18460
18280
80576
48988
37559
9726
67210
59428
17585
68981
74991
73082
16736
18777
83797
99382
20270
39066
17254
61351
94100
81051
24808
2604
22710
33111
41739
43231
87674
41751
5024
16147
79521
85119
84544
16372
47775
55560
14376
81323
6148
48431
5712
43233
23467
71336
35055
4893
59913
85709
48338
68990
11143
69762
18997
50880
57059
63584
46008
58125
79092
18853
58697
82436
25652
72258
92527
96155
23008
19845
34880
51911
32545
67204
38895
99254
961
7557
65885
88286
65241
34934
20127
35151
49487
89219
40792
56343
1406
60230
35528
75379
94815
53528
232
91535
30464
4884
25677
77380
62484
20437
26199
2793
92254
16547
73578
59407
78783
61047
47463
36385
67217
31854
52843
59658
326
1916
8265
49649
25193
22841
9157
90806
50569
61132
24879
57385
92644
68740
89269
12234
62935
15637
63728
32747
72913
70320
84303
30041
41152
99993
93647
41844
644
84700
25834
31436
51416
78846
10403
4574
50091
55723
53312
36395
10891
85099
35419
78221
34457
64137
37262
74952
62137
8159
48981
54837
39494
18265
276
27217
5848
50049
81254
4361
89328
2861
97080
97462
92001
15441
52874
78420
39051
92220
63879
2045
99704
45085
28888
72616
69226
92831
187
75231
18777
18608
73028
57356
36032
73279
49365
15647
13527
61712
48663
10571
9284
48372
17104
83613
57795
61538
83485
17725
13258
93926
84892
40545
66923
86733
95530
77987
20211
92372
73132
80207
77788
21343
6401
60089
50251
69865
82023
62728
10448
87681
23233
1303
76369
4485
72250
51964
24874
85446
56451
2981
1293
68592
49160
97886
27606
10761
42677
40795
59985
54657
8737
93897
90670
1075
12252
58381
50276
36392
27826
81693
43895
91070
10666
14352
55682
41839
83660
47251
13665
66620
81540
5674
82433
84975
60132
39693
65903
42831
73238
77768
83501
47610
78411
79901
28870
17908
42376
63843
96996
53295
82629
65564
49252
5913
66307
31173
57324
43935
54096
79
29503
22510
60099
11082
24010
45682
30367
68300
74154
29779
41896
47417
69011
5125
99985
1714
89818
88007
57195
99584
49789
50738
4283
57338
28215
23678
62953
4544
1305
5996
66643
55642
61060
91955
53682
24495
39813
81973
74915
36841
32377
19016
28755
85170
59008
54273
43665
96654
86935
69834
5279
35298
16436
45117
6160
93988
69104
42450
12072
31704
44550
64015
61626
70110
96068
92276
32698
44414
99951
61088
27849
77910
31359
32642
63173
43159
66301
64479
11787
33198
8979
72915
7280
62852
47909
27276
21077
67552
36770
2883
76459
10516
362
37683
91294
74063
63457
41993
10079
34929
72502
47164
14925
97026
80317
3811
3113
44597
351
49560
2508
98170
22401
81822
95264
36044
54091
91125
64932
66417
37624
73345
30969
65986
20394
66694
35076
43160
12948
43707
36072
71693
99762
24137
59410
76288
84426
16684
27610
24582
63282
97720
25895
3674
83021
71134
88942
42816
66254
5981
25015
12807
56161
62984
43805
90931
4804
44262
86476
19225
29058
4935
23330
33226
6534
61600
74365
74993
70776
50762
37280
41247
92239
90481
33584
479
86552
57249
40106
67584
35673
70475
82229
42748
89462
95559
2883
8618
6523
33251
80898
69025
19982
18072
72480
57083
53873
74289
45285
40666
42047
98125
41996
95219
85935
98166
74572
19938
46066
97823
86578
22254
52888
6051
97033
4781
11591
39905
52398
97895
12834
25094
5691
8903
48915
49049
73465
71613
57893
44122
52189
41544
58679
73046
8993
53713
33057
60260
29741
79508
99546
46333
15518
29381
75914
14697
51799
80097
11101
36560
43064
43272
81649
461
29616
27124
30205
28546
651
14040
60802
4080
56038
40047
69112
45187
25582
41074
12990
75633
6233
27203
29366
77897
20252
92110
57985
47007
52711
41562
70819
13756
8987
89884
17152
27341
37809
56557
4170
30604
43727
7151
83307
47546
38834
2001
48726
50691
56404
64391
99574
19217
95456
82390
91328
65444
25374
78228
28886
20472
83726
41535
80399
88263
42937
57482
45673
45749
20753
75485
71022
97539
94682
77173
59933
79934
32931
668
72153
48493
36960
90031
86814
88282
60840
32351
36146
48386
79681
61223
25416
86506
99132
82659
6914
71811
37580
388
87170
72136
96215
32436
96773
61082
55587
43117
78681
11920
99421
23177
85044
98455
34376
16104
77869
90645
91610
85831
83341
45986
64199
49609
81718
2327
46512
26440
86482
618
84890
27912
2636
38353
9815
12017
20429
79518
76885
49520
93673
32328
97637
95057
27972
76186
817
39279
31428
36711
2413
94448
62772
42138
8366
4285
10996
24976
47390
63489
9477
36954
16826
4056
9522
56615
79861
3112
93471
27876
1911
50079
91520
86580
97488
20546
8816
3168
2123
40937
11769
54778
91145
52597
3687
34805
97555
56268
5688
50783
84715
93330
38188
41098
82675
39567
10803
67207
89049
33486
60032
59709
26604
17437
31480
1473
5066
53950
33035
36594
88136
76458
33335
60856
12610
93963
26595
4863
63963
7362
23602
79014
54008
92184
99776
31403
93733
59094
64425
52377
68022
43600
820
20277
15090
68130
961
60715
70276
86029
8908
80506
89129
25476
86727
88797
49330
10193
24859
38248
63070
61749
35200
19780
30144
63737
14548
26154
99530
28586
90434
36836
73639
15606
91958
35851
94947
75353
89055
35821
71546
33635
11137
59349
30698
4291
7377
52542
71505
68308
53141
36602
8838
16871
2917
96326
27887
96176
26665
2494
36825
75830
22233
35242
37120
395
40045
13404
34442
97082
69391
15773
34788
47810
45129
95439
32770
68225
78064
93788
68962
443
16782
60392
47286
47277
84506
34448
24265
7342
29759
32599
6184
39959
17059
61811
55153
99320
60272
93523
38034
43535
57162
61160
28754
29402
2428
42894
92978
98015
93570
40892
19615
15631
48472
91041
40168
84019
91781
50028
40591
28297
34259
88899
89240
58707
86405
56998
51557
80898
23263
51504
51861
76514
14169
96785
33013
98215
33300
46979
87394
64375
91413
52912
30955
48967
17389
66546
11284
97015
35006
67341
96308
46844
41878
65714
68498
22778
29024
86313
26372
44097
95091
86474
38058
46087
54041
22461
51879
55298
90037
74442
24933
71682
360
51457
5307
47057
17375
15076
51260
87540
59835
81646
26719
53335
90512
73455
7672
83777
61619
1288
31064
96700
88880
85018
28099
13783
11191
70428
66239
17746
36979
82748
4056
34565
74607
37116
97149
57429
87054
65201
64709
54234
24322
33614
32104
22622
7848
1608
29390
62101
35448
53898
1130
11036
91522
7768
59444
91113
50860
88098
69086
52103
87652
89167
37412
18346
13749
38270
86780
73907
94476
23200
58581
77876
43030
50012
96476
40490
43331
33557
26864
97808
24078
96913
74409
63775
17118
99224
71320
55672
74598
99766
61471
79920
32352
81292
23950
44514
61606
10306
91779
14912
73723
13947
24877
49573
44593
71642
81319
97342
75936
54349
41781
20434
50594
49217
58254
62556
47537
77819
72934
55856
18603
18098
34512
84538
52614
12188
44833
91794
66068
73728
44475
66215
39549
53959
79039
36965
15986
53338
46434
59920
14774
34237
42679
56284
61972
26016
72588
13549
59434
86933
79868
56034
43773
800
44768
62478
13838
65696
52725
20806
99350
97334
120
98615
27928
70229
96158
81168
26251
20994
29335
3024
85453
16206
99623
85748
3427
21402
83427
52590
85353
87013
92170
68776
93617
71380
56011
29363
59524
66243
28342
32863
30630
67453
49379
52084
6115
2407
21631
95688
4175
82068
96133
29451
53983
4050
9609
59521
47115
12047
35399
43193
48843
22898
64117
96558
1730
54142
95403
17847
30135
73863
30761
47829
35827
39394
15370
88371
48364
65556
6890
61677
62160
997
63200
38004
90985
72305
98346
66990
56785
35544
36479
57117
18320
74362
65178
72558
288
97382
53425
44001
10753
31132
68989
6533
86270
97914
77692
49724
22638
2216
68599
34979
24269
70683
62608
51047
37937
24757
66968
21734
33441
47089
29226
15029
58781
64821
43894
77567
34978
26041
68911
73719
71558
95766
45922
71547
63034
40034
99923
49044
47161
4201
11372
52906
29279
25402
678
39104
74189
3639
68638
47104
49947
7812
39249
51607
65677
3173
62811
51091
25688
81598
14328
38828
91419
90758
46449
46888
60989
4150
77007
96620
54078
5933
76225
48717
1639
4209
34219
30802
91691
98337
6904
97229
92034
88095
40405
63669
10674
75043
61522
92415
27762
41834
55170
90829
47886
71889
10215
32815
41363
42105
36855
88581
98063
42840
54970
63584
69132
32115
6017
20581
71965
94800
50703
17335
73900
4785
94916
50059
61457
79022
88401
19345
48040
28196
79110
76676
90461
1025
61310
69102
24897
75783
81268
27618
54033
48952
83477
4792
94475
87024
66147
84460
94949
89955
42640
24554
3049
74058
69463
49490
53510
66105
44382
48854
24984
80799
52395
12618
65361
69235
75936
4422
20680
84674
86728
51696
21054
34826
51908
99750
76488
38867
1715
22926
27257
4463
23398
57474
11851
97204
26935
98752
84657
34347
67946
33850
94580
61438
8255
51040
46718
95774
24402
30528
52069
12843
40751
69787
45294
59959
19387
28840
60517
87506
61602
31101
22521
21194
64638
31002
33994
13722
27613
72164
40883
90572
24721
23721
90251
98596
50451
20651
1823
14728
25720
83465
79983
46737
66065
57236
95878
2052
65333
47402
82583
55965
98976
61371
33779
11980
3801
26786
51912
50685
44261
926
67482
69440
3870
41592
89387
67424
3739
1580
30074
87790
53874
59807
32440
93085
65771
89186
50582
5499
67260
64382
13978
69529
38480
61622
1674
52270
15625
34762
78625
79851
19960
48318
50809
639
86791
80237
34361
60737
39263
83022
72468
52212
78974
211
17640
59126
76711
9089
963
98854
10476
61688
18355
57263
37754
12894
34108
78294
39
34429
75750
84457
63464
59412
75135
27286
53779
58865
68662
40292
70730
83083
63990
26488
46589
17091
93365
41710
71083
7168
97193
51801
84327
67740
2183
74356
96289
60476
91684
96174
99809
83789
16671
68738
15811
24849
60614
59540
68312
74456
94963
69690
9373
74590
65679
9308
13615
39117
57819
37916
55545
25388
3594
93910
25330
59289
72880
32042
39966
65857
56267
32655
9278
27315
17637
10503
80526
43531
97653
23683
96336
72105
50663
5031
30808
61402
25137
50576
3693
2898
37653
30139
49139
43953
39465
31965
13749
95140
4841
99144
79624
79060
89382
7882
39416
69759
91988
81030
11570
99035
75205
33085
69709
5735
40106
10415
52921
92929
86754
20845
35443
81556
55544
44011
77496
44287
24602
87012
78870
95519
18687
73355
13550
31590
54444
20650
30895
43351
31730
9378
32354
3199
99859
16060
51113
22331
55962
5682
30259
73745
72789
92582
4850
37754
11932
69527
82101
3664
55521
94438
72374
37179
93579
81064
20955
62443
2892
69831
19650
52741
85352
76592
21505
35223
18612
61239
97650
19251
89578
89113
2655
31155
19998
62736
27497
23245
49455
49723
40291
77805
76517
60493
89038
97726
98854
25089
281
48842
59132
94635
96818
4395
55335
79014
190
58793
10897
78313
9503
32602
56130
67546
97874
60890
10515
58033
37119
41409
74862
11384
21552
54338
3228
34957
62070
70190
74363
36436
15827
53189
66534
20819
1641
58576
88090
59476
50471
95389
84259
17276
74314
87259
64578
43900
57504
90633
7651
91124
1158
45552
32240
56758
45135
26682
22993
29071
66013
28200
64616
25876
10160
9024
57834
22580
46906
38810
8258
44260
30924
51756
68723
60872
4687
86151
54197
30485
14755
15491
55531
7739
26228
86514
24403
90836
33720
45494
56410
52975
86308
41113
26444
70250
8
10296
76846
1837
80009
97032
79907
89190
66683
8618
65025
3741
22781
53705
20256
26894
99101
67167
77690
97590
13783
53843
42681
45830
53520
31211
38674
4122
10959
91425
2656
16115
99388
52996
34420
46158
79357
69733
85673
77794
82798
65242
40703
78063
78893
16138
61075
37447
42150
87755
74187
58555
37297
34515
82273
74779
81973
83768
80765
13657
1511
851
62334
98113
71218
28204
15446
61041
99584
23703
13393
99088
72488
6094
29924
65597
49180
57818
92432
31287
84950
49227
57189
36030
1919
60365
28735
67963
71961
28865
52479
68745
35058
77665
26828
86506
21707
87158
11789
49249
7857
15638
31694
21045
62301
27
40234
51672
24473
12939
79092
16044
53921
32889
82251
75526
84061
32103
86064
67581
55794
23895
73904
31495
70386
3505
84462
59540
16489
71646
9595
3018
73827
57225
13525
54625
53776
38215
95097
96706
22385
54867
14625
65930
46161
2547
63504
34792
89974
29005
75836
71352
97773
65668
16461
53865
80842
6792
48456
9475
4369
47753
8812
38078
51350
7163
10628
66604
29341
69219
11212
4156
55897
3490
60443
8817
33441
45854
82018
75227
77356
28864
6087
6305
69387
68002
56993
38417
8339
45791
48967
64682
18212
59201
33218
60616
59946
8629
61744
7805
92363
7321
56363
48834
12030
3905
68457
65553
62135
73147
93969
34337
14061
54474
29151
69757
40786
16227
33421
19102
7295
15027
20035
94650
18760
70770
95853
74224
77967
39700
81545
44591
7632
13862
23708
96139
35383
14782
48159
32503
29706
74058
34923
86099
44977
18705
80314
89373
20114
42840
37349
45293
52835
53060
16629
88377
93074
38818
79343
33848
95561
59937
89856
82588
85446
82882
24779
91209
30135
36864
31932
6892
71905
39926
51895
54001
85763
73805
4352
80371
56314
4267
76669
44046
78668
68948
15902
26259
2361
54437
96745
44751
30259
96511
28833
17924
21184
96906
14986
91488
44790
82830
18620
39235
26994
43802
73968
94398
54062
73666
94121
9618
46535
22981
75685
7447
95928
89897
34587
31938
46576
83910
99418
76602
24715
58872
16230
80924
97418
31015
55959
38853
27864
20136
62753
68688
93394
85714
12768
91150
16951
76415
84501
69719
52702
4535
27109
13625
90569
48865
62267
88623
62490
16471
32744
24132
57912
999
27957
63074
9646
39070
54614
47244
18159
63816
64562
65957
79773
8015
55266
17697
96694
98442
49683
78623
98933
2164
26767
16090
54106
30149
58296
93266
37727
27632
57892
99731
48517
96642
14952
60679
13835
61933
75594
62589
62181
90278
70104
67659
77114
95866
13773
76269
44716
39034
34786
22218
37463
29563
72648
6796
56887
76810
67681
53511
72651
2968
52574
9985
81834
29490
5701
94999
46495
5123
78786
45940
66544
1645
78852
7284
99376
42731
96601
34515
89680
4558
80506
82529
40397
69399
51794
31507
25538
11352
24929
76960
48500
69481
64443
74656
90651
68608
94571
60000
35260
30711
64233
87138
66611
41202
80582
67696
38839
62039
34456
58985
38217
27504
22038
91058
98762
26717
82593
1901
30463
45769
56053
16243
67976
441
42234
12377
73362
21409
67653
88417
36186
13661
65936
10356
22003
59052
23284
373
39446
43690
3731
82100
2007
55725
53772
21743
22434
42368
35966
66873
65083
67975
58157
55728
5474
1713
11626
93053
21528
18384
51422
20471
49902
1257
90339
83948
91637
21436
15920
5304
20010
41491
95957
28136
61207
8529
59319
89432
90971
26193
43663
48901
2907
90500
11586
79785
37070
79316
15339
19443
87455
3364
28303
84879
75576
85576
13176
64684
94020
64262
86242
22284
13274
23624
79765
42072
29176
64097
87163
75630
53820
26303
62037
16587
86346
72054
36218
80896
40758
69762
69290
7006
29419
69927
34916
45102
56168
38393
24952
86430
33026
86693
1178
7395
31287
9038
5010
18837
37451
63057
70960
8415
61247
45160
12123
15486
6468
34069
22807
74583
23176
88441
15214
6356
58245
55782
34611
54293
16985
56695
61814
50511
43908
61106
19838
82810
55542
22778
73163
11550
6884
23597
35139
37959
72410
6154
1348
3748
20990
44637
23639
48272
43002
43277
18370
18768
17616
4082
12997
33345
49097
57818
32524
65130
18495
16876
56443
53645
88507
22311
92398
37115
28440
93452
1316
85013
84452
23000
72445
22869
88234
64023
55296
70653
54667
8528
29399
39690
30949
35717
90220
67322
76100
52042
50878
96156
31415
93247
95908
61218
22553
89711
81251
77823
71146
80329
50666
4258
74811
43907
77949
36597
27654
78996
77299
64690
87508
79869
59294
20462
2088
28171
51626
43116
96105
6612
16128
57685
5517
41727
97394
20054
54421
37394
58665
17340
17155
9242
68169
51763
97575
98918
42843
31831
23388
15881
88882
34927
9418
43967
82691
33319
43745
9110
66858
29022
48891
42106
12774
462
52938
15533
85840
36022
82610
86888
43632
21544
46351
37915
1405
66419
16776
71497
55929
44582
27022
80530
64560
26314
5652
24525
46843
52126
78080
23148
2030
98303
6886
57020
94747
97435
71580
65467
37136
11307
46557
6768
58348
19305
19844
45085
83888
83498
6202
15554
91339
68652
64934
35581
66477
22712
58161
41807
55633
54808
17904
93315
44070
86660
45338
24088
70224
30386
49434
47050
70672
83524
904
64155
40633
36915
70860
25500
92389
3149
44528
81288
52394
11941
21786
57740
85882
74309
30035
69216
11940
75162
42679
90878
51250
99673
29775
23741
10186
37599
9053
99995
19019
93371
25469
85511
38570
99136
8944
44101
80767
77067
67322
56283
27740
21387
64149
75468
86913
12678
52014
26055
73655
8964
63355
97984
90178
79389
18444
70144
8380
99082
1241
9709
66171
14537
67481
63442
88441
12111
28613
83221
36969
86133
55082
86317
87235
96941
71529
797
8420
51260
10407
92887
39865
47817
33396
39037
97803
44506
55725
78241
61837
70648
5107
19878
95826
66943
58272
35677
12659
89395
25645
67884
42613
57327
81818
27443
25854
81544
24843
68276
37749
78748
56144
33339
99811
47466
54715
64217
75967
11203
5592
33673
49673
33022
9269
49045
79351
31451
12499
67960
55875
13287
50714
86910
7193
51117
92064
39365
62711
57989
21318
61631
96842
54020
51362
78388
79593
37770
88243
63678
20007
26291
77474
45234
38687
12305
94503
84080
20433
35005
88703
39032
44723
92189
8471
42912
45685
10681
95471
54149
92494
77839
97006
89399
92897
83662
60537
15662
25820
11274
12220
94633
70968
44838
27799
26043
4486
14099
2761
77194
47788
2459
95307
90918
78869
85165
63461
97712
65005
86190
87892
55581
14556
79843
3699
42803
50855
152
62167
16654
15351
93201
60408
49178
79685
33371
54038
60541
72086
59254
223
7734
31373
96839
99535
43911
55836
4987
61947
94869
58723
99972
23233
39461
50775
25090
61782
15829
46740
7504
66530
39933
76680
5607
33680
36827
10449
66692
20495
7554
93642
99651
34543
7279
29666
19931
1669
49361
95485
64720
87005
85642
62349
28470
56071
42828
62704
95767
6013
96427
17426
43149
21854
38037
23812
27065
85474
65179
72131
49103
54157
6583
31231
7075
17313
66924
70613
69711
47230
6943
38577
72742
24760
58613
98570
87496
25123
5293
13953
18692
85417
62144
84474
81625
60846
59412
28788
65909
37382
32604
91015
74221
15949
85495
57187
28835
75485
6476
60433
79772
99907
77364
36573
55586
73256
94794
22412
55147
44868
24555
17993
36047
62715
82312
96824
20050
11035
86420
65080
81878
26738
51576
82743
22274
43855
76900
18976
75853
51886
11358
9555
79500
64589
85634
7066
91506
4400
32813
1290
31298
76546
57981
21423
22584
39336
24391
87748
36141
16296
58789
60864
27074
37637
30655
29784
74727
64996
40487
73986
84832
71199
87186
46443
30259
10009
43635
46405
78369
40044
14092
91666
70733
74369
78875
16602
93233
34688
7614
10951
37162
7489
44798
97282
64585
95838
74801
56066
77197
61808
20991
98322
64855
7808
11015
19350
42777
88115
83440
9768
23495
28751
64231
50572
4751
4048
32707
89419
98858
28662
21735
27887
75108
66358
67577
78319
78580
95926
26255
18355
77342
55818
3325
38639
14717
20764
6475
27694
44670
25949
36216
55382
37102
53411
54975
70909
26361
26927
39283
20899
46968
9661
22585
76323
20081
5204
77084
47713
42617
75222
4628
63409
2380
69299
70113
49976
11550
52465
16610
70547
93433
40505
63530
1808
22514
42389
19142
5348
74507
4548
71083
14820
60792
34769
39295
26786
31829
7507
91853
25111
68650
20161
18261
46939
28888
92465
9221
46331
75427
51991
74450
42621
45510
41068
67772
93156
78549
14997
38438
30185
2653
99897
61870
95697
71287
20355
5312
48696
17115
59404
88751
26808
43763
49177
65040
40560
88480
53959
78746
56130
33871
34788
68910
24250
18054
99329
44200
18525
63609
35855
12400
30713
67519
62768
95993
99707
77600
59463
2998
31377
78900
64357
59508
17153
72319
6170
55354
22878
58336
61080
78930
42751
44210
6224
92787
10632
35608
43297
63109
69426
68174
40440
80358
89143
36668
65855
94483
35859
14759
8517
69120
4165
70469
87420
68215
48337
31027
64930
3082
61275
44266
72766
19731
36956
40180
49472
98401
73135
17357
37183
31450
41992
1133
47248
95480
58778
61394
89377
96682
25511
467
72457
49961
90325
22158
63570
51824
29524
38062
91891
71590
13007
29237
61398
15103
9877
1210
94206
11413
85970
28879
44097
32089
8190
32862
27259
65839
76015
92693
91030
90590
4540
38200
51509
83590
45573
71287
14326
32219
79374
46471
37946
10766
61271
58595
36852
91117
89143
59774
25940
691
54779
56147
74322
6406
48795
28450
27542
93791
8179
78218
84637
41819
6580
74780
36295
57979
93075
40071
70760
55024
51465
56158
65159
98916
14003
44407
38051
55760
18578
12206
26228
63385
55810
37878
33580
13818
75657
31100
31145
89485
37380
13289
79238
51284
21743
13070
90890
85981
83234
98217
25474
69818
93520
27979
95158
32377
53532
43782
9979
22720
19199
32466
63487
85361
99620
50812
63484
32693
10696
55243
89420
38978
10403
17013
2804
51141
75038
21543
64670
26851
13441
64606
79931
26822
38066
1468
44468
25610
27685
56561
9720
89837
41390
80034
11637
46294
75123
61672
97762
88202
34982
44516
35315
59747
56967
30835
48687
4598
21183
98529
23150
88773
39157
43887
56752
43487
99362
1285
78910
61963
23356
65822
53813
29042
39034
35172
47136
2351
9351
62822
99495
68194
75685
17484
82006
9208
60290
42482
65209
85171
3018
42137
28620
33961
5350
33809
26943
4230
75196
99833
97661
11118
96156
20507
20248
4370
72092
88825
40573
4950
62011
91959
99862
98406
67658
38167
46357
96546
55645
71157
15243
2678
11898
21816
92738
15021
75537
99080
80337
44552
80970
76928
70251
98894
55696
52934
67301
80751
61581
42840
46992
28751
79481
42398
37689
92906
2514
46440
96399
20100
49307
82985
10432
81949
63552
44173
50329
29488
87298
68599
4778
56156
33432
89641
76510
93589
94216
66941
5093
48536
64642
436
69196
55445
45410
30556
75979
96140
60593
88468
31515
88063
35948
89363
76588
69380
25189
1050
92049
15294
51230
84097
9558
42041
12312
8071
4483
85757
76098
59632
67908
81630
46873
38277
15107
75133
37113
27017
67711
86973
66060
34239
40442
40473
3983
43630
19430
20100
90769
30020
59371
87153
68959
31733
23555
52345
57007
92282
55295
74254
17168
78327
13171
88392
6758
86786
74184
53865
66097
59850
39775
58392
91743
88983
63510
54372
18208
39120
44700
11810
43016
43364
29928
96103
65741
30721
71820
73134
90174
92093
48468
2272
7140
38067
71645
1105
19973
39536
50755
30074
42093
30159
56754
66213
81855
59165
22169
55348
77284
31142
40776
38214
66630
55741
74248
71044
535
412
59439
28536
98897
36423
86147
37015
47879
35473
26751
29206
16902
95864
11646
83247
2025
44816
72218
63238
6837
40772
49680
11212
64228
38085
56327
11685
20949
75189
51157
8864
2126
43715
77499
53732
53742
26256
9528
20252
85469
47715
52112
19186
58899
29179
11915
55981
66809
88573
62777
70840
90282
98535
50535
13394
23059
65557
97389
62923
63751
47585
62777
41186
19374
10672
1069
73510
63472
58702
54531
72649
94467
53702
76948
7262
79549
92067
1914
32213
13409
84617
61521
1293
40477
29166
75504
57755
65241
50492
86715
21391
30084
31552
80700
3308
13687
599
23197
26148
32997
52603
7074
78802
82598
21285
94141
41609
14325
81573
78620
75023
79503
45047
72535
33745
63085
21144
81225
63491
56673
64808
13593
28646
23648
7845
8275
5805
91887
80082
98838
6526
57130
58282
82861
85352
38469
85571
78574
68305
41301
45087
21154
91257
39931
31307
28330
33520
64660
60599
60574
15096
33099
54600
57917
60961
85394
71183
58252
50147
64582
88841
24135
65934
29930
68497
48585
26310
12376
94692
80720
4684
59687
49074
8448
35744
16197
34239
70027
32411
56306
20978
93984
67224
45162
34136
32537
12339
78232
66418
34753
93876
77058
97025
83845
99021
56502
89322
35324
87557
94692
42667
88473
72092
95478
47418
2757
85472
95639
1003
59034
29397
66102
17161
19368
19899
79622
19097
98717
43797
84242
62684
64873
9003
21786
83484
78066
36853
39658
4055
4995
73504
4861
83059
88265
60635
7853
88080
75187
99160
79578
29590
74539
26811
67816
23942
51009
13525
35908
12827
47373
6063
18598
15701
33281
52838
82699
5471
24865
3713
14232
59131
40649
17728
70778
44909
30684
78947
22217
52418
87887
37646
15469
17460
75512
23966
62501
19690
5944
95345
57753
58726
35550
79153
468
31204
14758
82586
81906
80994
44695
65980
77648
10869
45365
92672
13909
67646
39367
77378
45312
61683
37966
6921
4458
7856
33775
58356
70331
92604
99216
52640
7900
58083
42983
10820
59989
28612
35429
92880
26878
92145
22009
51167
52306
47936
68341
41768
13125
31151
50219
41268
34241
74958
16800
9945
84895
61581
70560
20066
97702
77655
40306
44238
53781
28960
54868
9324
12562
83482
74974
95688
830
46725
97459
93355
1634
95933
6053
49775
56020
52437
28275
43573
33791
62877
13883
88610
75755
9974
75572
54317
32130
489
11996
81308
38984
13776
20110
13788
33723
20563
90104
42020
51091
43906
40517
85280
4453
45713
89320
47019
22103
4430
51678
6012
54811
68408
18033
12673
81371
90131
86840
72353
63040
57886
26046
1438
11282
37074
64940
88387
97390
57740
13756
64140
79404
60992
68191
99796
25642
12099
42110
55441
23450
87600
24562
9699
35004
92870
78530
28794
39077
11780
26681
84853
71541
48191
10229
97912
69813
89482
72927
73969
31077
4739
90514
86366
12879
37897
22021
1934
42568
79146
79994
87107
29581
63758
96520
5657
80945
3242
42283
93833
60089
4924
7867
90526
99340
63091
67973
5492
15004
30964
21633
91868
80175
41092
46869
57876
24914
84763
56792
68528
39763
25397
6185
7344
26962
62432
49630
71399
17439
42680
82037
6829
40521
91814
23405
23379
45609
52098
40802
66006
21575
71267
88713
84822
46988
42303
68013
95638
84061
51323
73355
78592
44983
27096
16936
67078
43084
14382
12600
29800
26791
47645
56171
15524
4998
52020
10762
39693
57246
34279
36011
2858
64679
4125
86886
79642
91952
1278
35162
69758
73929
72229
62616
97310
44246
71481
96163
49801
59732
1240
25154
40484
94435
36054
28724
93873
19576
91556
73562
47281
9782
85586
24447
29871
12437
13618
97949
61329
56832
57112
4543
51777
9591
26001
53294
89605
60068
38999
50424
66923
15182
77575
90520
63943
72907
92854
90899
34445
85449
87385
76502
21328
89076
41033
45050
33418
57931
75219
6655
19985
36604
68193
34282
95692
54692
3006
67825
92703
28411
61952
2595
45198
21071
96056
99329
50665
55542
76417
17221
6701
78454
1823
93941
47497
76969
42422
85881
94392
39970
80952
34301
89497
64794
35179
65956
20395
41234
21917
82299
85690
17442
13192
58167
23902
87350
51700
51896
11640
11733
5478
57504
29437
36476
11970
88918
38065
23749
41256
14628
77308
96398
15732
50048
55118
40349
85971
76732
16795
22103
55468
97155
21048
17162
9696
33770
97989
9588
48951
61484
60138
38509
59679
63272
54476
62647
42727
36704
1814
61127
47554
61125
23508
43167
16286
61253
56750
39100
58268
15904
67154
85710
85427
42544
50673
28776
25262
62135
86761
22652
62469
33798
1927
91211
43729
80951
82293
94472
33320
86339
63114
8559
54842
19782
31774
3080
90121
17240
68876
61658
51240
61233
33617
23738
22390
25690
22122
24001
92143
92421
75489
13817
67425
45863
6861
53004
79311
33687
4466
19745
91621
48624
86512
18269
22296
5621
9265
45074
17747
21521
38137
57199
60071
93749
51363
91102
91124
94231
18484
56403
68496
25432
45354
62112
68056
6659
12634
92585
66386
57814
55894
76706
69277
41508
49995
20517
39061
29097
89893
42034
49519
22781
88531
9228
57967
74087
17767
1044
56601
69013
85482
48151
90635
47351
77573
500
95579
48919
75294
152
68518
61807
86984
78375
69994
27044
86623
48511
1397
27460
98875
88122
79701
6563
24205
72302
55814
33342
24961
76355
9681
80510
76565
71381
86433
281
77377
68002
21270
42153
2409
15809
17933
25805
68825
96737
86164
27278
62734
21235
59285
81977
79409
44910
84206
5495
56956
12190
36166
97189
41548
23391
26614
34545
47799
21112
7734
83299
65377
29582
21633
44571
58434
77800
11576
70521
23850
54971
50808
93394
15814
90628
89568
94543
44759
35624
42046
48761
97278
36173
55443
24611
25049
33264
20883
8022
88149
49482
27891
84156
64115
47507
90039
7501
35300
55806
34616
27633
3650
70381
98656
45299
64931
33533
18786
80596
33299
51269
84973
27283
72757
32740
37531
41661
91375
56092
27203
83608
45364
20353
56117
96501
95905
18389
60843
28457
91523
72928
38214
88289
14604
98051
97281
22548
92741
83205
42181
39959
49332
56866
59019
35613
60808
7300
15060
38846
38811
78891
64288
53231
90567
29528
79134
3457
2024
38860
58724
81909
65172
32766
25253
80067
91403
22258
72232
48782
5558
99084
2577
93209
19872
16792
21810
92038
200
91179
1055
29515
92526
94656
10779
77148
56426
41191
55181
36035
83444
40090
80057
35965
9209
49305
50097
72991
25218
78026
60012
3608
62049
89626
91908
39834
33129
48400
36202
25030
93399
25669
32986
20484
54621
30033
50490
97609
87853
53776
74350
93701
15642
63829
84512
36727
4694
11577
44300
14655
56329
75927
5645
22912
2400
39678
80083
91662
8225
69251
33118
98897
54497
81387
15476
88121
97120
48615
92867
67315
46579
70395
98254
6745
76606
87839
2397
8624
73156
93853
82688
66329
4117
7201
62895
18577
96450
5653
63538
99331
78377
49913
79299
20990
79258
26867
74562
83289
66490
51085
92890
6215
2882
74119
45210
13294
3596
43773
54055
95106
18658
65036
83152
49214
64016
14147
85359
87387
79852
86960
96026
680
30196
77313
14671
47207
99116
48067
60903
24014
5625
79903
31471
43158
73095
18462
66784
1386
9356
79222
83693
85951
18225
56982
81808
13786
95595
74090
75659
62616
42797
98670
18417
8400
69628
55436
51007
78424
19923
88378
73983
35138
93989
24173
54180
59463
24187
59370
40911
76604
56812
71173
55149
86216
64776
91907
31888
15332
49469
96914
59449
34806
71999
22853
27452
75306
79857
61490
36831
95372
25261
40356
35466
72883
96488
19703
26811
89425
79946
97532
71022
39098
38344
91758
46098
99555
54300
27119
6301
30377
12438
7850
4572
67314
71988
49573
77478
53554
80120
11612
29932
13827
214
51781
34805
88235
62689
18267
95959
36137
76562
18409
6578
38011
8820
93569
15585
22177
82243
56763
85454
33390
79291
31593
86337
57137
84343
49300
42904
95144
34104
79099
91414
27658
5383
13996
64102
87425
34331
21559
24542
46966
3311
71629
27487
30127
15864
84685
65377
17992
4231
91334
80474
13165
1771
35152
14358
23128
61571
21913
13184
80805
14675
14147
47461
56152
71510
85037
58791
28114
90387
93721
29003
47835
63475
76267
93993
49793
55885
26707
93644
16399
77443
65347
73223
74994
68189
91816
28615
24075
24037
20984
76528
56263
5503
35639
61791
99253
37398
44107
23243
67279
67184
97589
83318
66635
93415
7408
29680
69288
79210
8427
12591
9615
79964
45023
86932
2513
66467
36403
78367
37149
89081
52493
52028
64502
4521
20232
63424
34495
63169
48266
45035
18555
22849
18834
86743
2556
20076
38068
12947
66572
35454
38253
45023
22193
62835
4489
54736
81481
51565
19408
47308
78637
95972
79691
19333
84253
64660
67160
95939
40818
40287
66657
4773
62483
48383
49259
88455
11346
44324
45380
52327
72726
36928
77951
62449
3253
16403
24194
90770
99564
55254
94453
62390
2368
31099
87784
41825
50054
46210
29594
73140
37879
81856
92348
70391
62636
12809
50928
43244
81047
62161
24554
80465
36372
15196
73511
75728
53948
20134
67795
4877
21602
56960
86301
91568
27783
81646
19645
4080
90133
17811
11786
64482
41252
32329
39999
83479
45638
9667
32387
47745
36567
40032
28323
51428
82125
43807
28083
23054
95038
25098
48468
9411
6807
67538
12385
53608
1493
13151
61678
27484
24483
10943
12095
22515
76448
27698
36770
45906
49479
99503
79299
39584
10521
49252
89619
67268
31132
26710
28641
12187
32161
43477
18488
77022
89057
22579
15673
12554
82692
6591
7232
22853
98353
44053
84113
57145
91907
75130
97201
79206
73663
24191
57327
11138
58736
626
83008
56212
86729
72445
63092
88930
56367
29492
68427
6611
10222
67415
89165
10920
3186
49732
46698
44347
18222
19967
9023
49578
9326
55892
82643
86064
50761
92121
49028
80916
71537
20039
13105
83805
38292
9541
61582
2915
8339
48256
12972
9759
36624
62806
92663
37510
16900
61205
67719
52659
33943
6732
60830
46951
54444
26034
3373
59997
90616
99044
85407
65104
71238
8415
53509
22087
32976
35401
40641
39809
24246
25376
2155
96784
25372
19761
92131
5093
4621
98460
65849
80984
81615
14380
36816
24507
12031
61224
88449
71943
57136
27506
59497
6804
2115
16759
79227
6338
32250
10194
99087
85475
34783
94318
77910
32514
84712
64024
19534
85248
27964
88153
41975
7382
80780
99983
77421
14792
86583
69768
82042
94105
49274
33757
22420
33008
96433
86220
64468
83837
2081
80000
10502
52282
36443
40623
30982
53279
41129
42723
55752
11036
23632
80101
77507
56112
75414
21496
87585
14278
5030
31796
32557
39154
35297
9001
25763
22761
73169
44644
89857
6660
38106
28339
74565
40413
50544
65122
57051
95596
82826
67480
30119
23399
5949
13297
18650
6538
67793
30071
65920
23096
30342
56860
40694
10745
15155
8837
96536
88127
28402
72451
83122
62354
11137
94793
29710
67526
62264
68777
44585
64050
27355
52729
13730
47855
66311
59414
48858
95459
36069
77350
61678
99920
97359
14090
39923
54667
57531
51782
32392
92259
66201
6170
9583
38052
99805
34928
72069
208
11298
55793
41424
5324
38596
6575
16191
84296
77862
5586
30690
31134
63239
47045
27216
29836
63521
66634
50715
8270
69639
87147
7134
97613
71792
11920
55378
18603
38284
19882
38683
74747
35579
61174
16603
21670
68934
56605
14386
24580
72515
24116
77674
60975
27524
48590
29861
96000
61417
70191
34595
65643
47141
34634
59024
43349
17832
46289
55561
32931
40608
2650
96390
69828
15373
59800
1440
50991
46494
23978
94675
25076
97889
24152
51181
90762
96438
97030
31025
13357
55137
20731
21751
16940
33558
72797
60872
30357
96822
49388
8917
80126
74996
92081
17577
89193
2387
11058
2362
24710
82637
47338
13048
25990
25912
30708
2311
8721
87543
68010
89293
85682
41316
28408
98813
78526
95022
95598
42046
18233
91710
29984
42735
68096
51157
39356
26851
92396
11000
60810
75012
64735
35022
94964
85766
31615
36643
35683
33382
29395
46083
43032
52042
5168
20096
58487
41548
51334
29404
40406
99437
60523
41992
11421
84118
23035
26880
14538
16850
4379
7415
62289
56530
58271
31014
69284
48892
58842
16689
40180
55428
7347
18453
97692
59497
7714
47070
60640
78914
50045
39054
91927
49217
50750
93721
45385
64560
52166
57977
90821
75329
26190
32633
6986
84415
25242
56324
45845
45018
89529
80848
44061
32774
94071
53111
53987
97142
23668
71433
25891
16539
42154
95751
64482
77497
38491
40246
99125
43045
258
65436
58596
68787
4347
38119
73638
43487
67299
10857
54854
44436
76027
56888
30875
48523
30439
42241
37042
29770
50384
14813
6507
63444
81166
87374
16561
74919
55809
83724
59717
38712
26527
65579
84941
24337
70509
92053
32508
79825
52258
25243
30007
9298
17555
20582
45468
25286
87755
63300
24559
63580
40893
909
70232
96712
43578
2580
3187
89459
22517
71971
92817
48050
93166
79817
60824
23725
79205
29553
6495
69020
7381
48240
47426
45637
70495
18867
26497
16082
56657
47500
44892
28568
1738
25992
33229
26201
54103
96174
35136
11703
99319
11639
3755
71486
3048
31734
54393
31932
27786
54925
58461
72225
87306
59219
58438
15187
93743
89773
2713
37161
2311
2183
40905
14670
91051
50693
95416
60600
47837
80736
41657
3144
30117
80800
31981
33866
77895
81889
86843
52401
71543
28676
17170
7013
97303
15605
11510
97357
89247
50965
47732
7854
7135
39902
73881
71074
88934
39660
1370
90441
8115
8901
13019
20657
47112
51908
34612
8795
89421
2899
72296
18261
63295
97647
35344
62488
88757
83445
69443
82863
57839
99189
69066
79336
93919
37942
68042
25207
9796
46955
53726
34875
2205
25423
79431
58181
10563
43308
38389
23093
9531
3256
38063
77519
45131
65245
35081
99211
95998
43331
674
19815
46656
31251
61238
21749
29575
7563
96921
69211
37932
33157
85750
71189
90580
43140
16484
76953
92914
1257
88233
19300
50378
60176
68723
66903
38962
3108
38425
54324
99891
93664
5748
392
28521
13877
59124
68906
99638
69926
84606
53558
13153
63988
57501
91851
81033
73511
94122
37404
29722
10245
50162
14660
91227
28127
30597
41131
17809
71856
21007
66206
79032
48024
52233
46073
88319
11929
92604
20195
68135
72354
95011
49897
45459
95622
22095
92356
43674
31032
82917
57897
60043
8623
3528
9674
20733
45261
73272
12526
84063
71359
92045
45050
41526
31672
48265
64817
81850
36369
90049
40633
10970
16169
7201
79896
96881
51922
8730
50229
60448
42608
54163
7086
4512
18582
378
16060
95043
53101
13297
37404
66672
43912
83665
3405
73814
48802
56014
54056
8576
63924
84365
7787
74214
67685
42986
39452
42083
50859
25955
48534
84237
29417
13225
37174
27746
60921
92890
83497
85077
63510
39844
39117
24807
70493
11451
10381
80316
59475
11500
61722
47785
94128
78416
6408
91482
68439
54486
84843
66756
57053
83998
31348
58817
77849
8781
72787
75074
37267
87797
1421
86373
11715
90414
60055
84020
43267
46107
7875
32476
16538
49951
43536
98286
21026
10226
10805
16085
4735
99111
93819
71102
92525
30888
82425
27603
2001
499
2102
75024
74864
10318
84215
12089
38610
93089
66214
99130
2437
51978
48594
90052
87523
81325
82728
24779
57504
46871
25615
54179
90107
62051
74892
97217
3537
97241
99120
50925
97578
42913
97511
75272
86098
51470
74375
51099
15539
59166
73787
3658
12873
84721
57893
24574
19777
29730
94341
53129
86022
48651
70841
21526
11432
71016
44736
24482
37326
67026
95247
1658
1855
36095
54730
22477
50444
43083
57851
46231
70627
79416
32537
93566
11471
40066
86900
45410
85889
74441
61765
82653
3269
14784
44297
96794
79112
47426
10838
95559
14661
33488
78910
99790
29642
92894
95263
8125
51324
45384
11930
62060
78007
8339
73923
27143
53733
68922
86779
71029
66803
31123
42592
24652
35680
29021
95587
37003
21185
59022
17265
73756
37400
57817
52015
67428
23279
79898
8539
7268
24370
44383
28972
11895
18591
13324
13015
89234
49694
61828
20381
81942
642
25968
65459
87139
55086
4143
56552
82094
87313
43230
95690
24499
51731
42696
37468
90111
70114
35111
70969
33165
35787
78866
83525
94518
4609
94852
80749
84625
8421
63640
9122
14793
56518
41884
69856
10315
31805
49439
86224
20711
23329
67223
90382
79696
24662
55985
19974
83887
70881
17857
99898
16891
24032
39396
85360
24542
50197
8631
38197
15770
47936
8869
12139
25916
86815
89731
15141
47667
51620
14090
77859
58542
38420
63574
34907
97446
21907
32512
18369
51999
17931
77093
32428
58430
87852
58327
55450
87459
43878
55354
63937
56975
91744
35827
87236
80820
31276
31779
44365
71209
55565
9256
13580
23939
63300
23569
78594
81527
22999
94818
74625
25562
29395
66388
10966
76162
32123
90431
87654
91600
57410
48885
74765
53991
90172
9729
3557
1444
2680
52310
34172
82990
69487
78368
28669
68332
85832
22760
7160
82900
81719
10931
91448
48083
96882
41055
14289
92662
84106
5101
96059
7107
74560
51418
23992
23588
93688
53997
94701
6813
69564
90010
82452
57088
73804
35058
95859
50058
29553
86163
80155
25912
94752
25892
37605
18182
83442
37470
16362
89835
59068
58758
36081
12379
96223
68158
72303
1535
70832
19986
58603
14346
85338
99763
63772
10468
27140
15669
58891
12149
6928
21453
7462
18931
75338
56635
55733
81547
38025
49857
73227
5163
24241
81066
53821
45473
6849
51380
51434
92221
42913
38607
16775
49247
94951
50668
27814
34689
64277
90722
86331
75248
73662
52707
93151
81394
40261
90908
55509
36342
97084
33406
9544
5898
88108
75563
42085
30581
4647
35883
67350
54871
85439
11126
70846
33665
63496
43398
99670
3160
56232
79318
13043
1181
93488
31759
51494
75714
66163
88920
56815
58553
40400
44978
67786
91699
17641
47129
93190
97463
23409
35708
10977
201
80899
44018
59222
74895
64025
34286
14050
11399
37396
68483
32807
7509
66722
55684
75653
98551
87741
86777
17989
53128
73785
6968
74656
68498
27883
27101
471
33318
46731
34662
81750
10469
94579
25846
54925
26332
32296
38182
56293
75091
36501
86718
34318
61150
65570
15475
75461
9592
12034
91207
31002
83816
81491
53272
49170
29487
732
2443
62093
91320
31003
99699
60673
18464
90169
75268
98711
32353
16629
11780
86064
66632
35581
99787
49402
65777
64464
72395
27822
59354
86663
53022
9625
6936
86604
24365
87105
17474
3833
17460
77685
54255
2894
97931
43695
47990
5771
36477
1912
7057
41913
10116
54840
62524
32149
31433
39592
93290
18139
83498
28182
24245
31487
11586
28904
26249
95214
32740
7072
94484
59829
16905
61254
67593
40742
67528
74674
6521
13173
82419
21730
68051
60996
21278
21765
17192
41538
3787
92882
15628
63607
66998
46446
90012
14983
95709
74266
56190
49138
38894
16335
31072
25207
56445
63193
30963
74891
1854
69864
24150
48193
12988
7646
90786
70584
25231
91422
54072
96482
57544
22582
91688
32309
96573
2561
59966
21852
90478
56479
76640
97282
81392
42467
39792
95419
58683
18657
92295
79580
15577
66059
54444
58253
7298
72088
6924
50618
24889
25791
51054
65390
1134
98022
97299
49338
64264
84968
43619
88759
44262
57786
89159
69034
88341
28743
16200
90665
53674
46800
66718
94433
90224
34759
19182
74346
460
94770
41333
94616
74026
3230
16323
69663
33101
94723
57908
37121
42303
99996
377
19908
47320
10191
4127
99589
2599
56140
21040
87515
93326
8209
23367
69615
89291
67855
18182
3024
21546
27235
18448
81546
71447
3044
54628
46414
52314
37467
32135
13863
93412
32801
23599
32292
45379
94646
24013
64565
60527
14515
44900
40694
33896
60554
51695
54932
58021
83156
92051
47406
26527
3856
40154
46737
57238
84334
85905
64380
99489
12952
9596
68962
54206
25535
51651
55135
23937
38643
99251
96241
23967
22767
81764
92419
72779
31376
3468
75069
48529
86541
27491
25038
45526
83622
88738
97287
2749
1077
60222
6380
75143
27899
7783
97886
36799
38413
97471
61925
18330
17329
84570
29380
88873
91193
84677
9292
57567
43525
42317
74400
97444
88915
60255
98468
19728
72828
4968
4822
80568
727
37306
94715
31835
32541
7090
50933
47928
42590
65093
53919
73409
9779
93786
46696
13276
57352
98246
47112
5606
30312
21673
11703
54013
71411
23083
9190
15087
41563
8249
87424
39517
96053
94951
30515
62893
6250
20535
99814
44868
96562
45270
35349
80995
72881
61123
51816
13363
26275
65122
80423
17682
95590
98895
12540
72416
81984
38274
40985
11799
24511
1404
76729
3094
64670
78271
15492
17731
6926
40849
78586
44267
95374
70990
78303
37129
21284
24335
38005
21661
63581
93195
78242
728
34386
56275
82359
76414
33015
90951
36872
92830
90249
7059
49
51256
20829
87432
66196
76547
8465
99269
53675
56332
93846
61129
44034
64657
46693
59714
51473
49945
54767
2562
44068
26934
55953
7470
75487
54083
58802
11786
29044
98530
5422
40156
95160
26733
82148
60415
2331
42977
73717
60632
33977
87964
87855
84995
14442
57543
63411
95108
4536
7426
26672
37417
82086
69734
86158
94219
33329
80802
92131
58137
88696
16942
1153
57027
51066
82078
12098
84111
51795
49387
43303
14224
42637
59834
21563
34928
73741
75670
75867
23745
67313
88338
38860
49860
88993
31276
38371
14521
53687
65431
91247
23344
90116
37032
221
66640
46489
85684
47234
97752
51400
44520
81881
9150
24847
10160
52144
35812
7055
6698
88259
60374
18668
40092
8405
50880
70059
51147
78949
90640
98515
81458
37398
11217
94607
33371
37464
53163
77913
27478
18505
24803
3362
70646
70766
76724
82231
41512
64808
37599
17480
91727
37144
1194
36420
15797
95743
73127
92513
61364
59393
64271
47578
84746
97700
69732
50213
56847
31715
67432
39770
74542
82560
34814
76989
59150
37130
50680
52567
12017
44076
28977
18287
72974
16721
84937
65803
26144
76543
7426
81663
2561
9355
46402
96709
87837
40550
28227
56445
15477
41719
96549
11107
81752
78934
80935
97981
37948
73516
30827
48293
25276
69352
20328
26110
9339
80950
73216
55271
64285
45239
46665
20969
49631
61143
32838
45247
26871
38546
90374
12132
66431
4673
26037
75738
30150
31021
90133
55190
87384
83947
70135
22038
60377
57135
40910
48454
83055
57491
64207
84672
97368
80202
26228
70656
63150
26016
33729
16663
40534
67137
76779
59816
47803
21869
26167
50888
54583
42047
33267
94983
9938
75613
52834
87382
9576
48971
54215
95465
43209
41925
4126
49613
79910
9236
6756
31254
58024
98697
54428
9841
44595
66864
33369
95777
42325
8400
67417
15851
12548
81721
56747
76692
59691
47911
64762
94368
26773
57768
77007
40967
35461
88035
54792
67274
50743
95562
66547
16839
54061
96496
31356
9351
87733
5147
44966
37481
86289
87496
55148
63882
53775
77878
18591
91659
1530
19296
96494
22187
41674
24994
72458
80084
10631
24885
40139
86820
98340
93152
13668
91464
14351
70669
97720
57486
13206
84910
65108
60756
8502
11728
6368
28410
47981
68791
364
63799
54328
68908
27146
19457
19809
48423
58831
67299
90824
32823
49335
64309
17448
26318
88724
12470
24039
35868
87522
61150
49778
25502
49839
15311
71902
38727
11646
18236
21712
6853
18304
9754
44510
83544
43060
32679
26010
61563
66095
90827
58541
98219
56405
36025
54502
10063
33856
37069
2974
48349
61754
29903
57897
67379
95947
50494
48481
24920
70885
94568
14294
67848
3772
24382
88149
64662
1671
25873
63497
37073
89735
78366
59302
59622
9672
48091
49878
44093
31489
67658
70519
99270
44651
64378
86587
23655
80623
63108
96807
64886
18076
97511
46933
64425
7614
85376
44650
36130
42736
60728
34979
39920
54695
47969
53002
74307
94195
31524
41455
50604
19062
87008
66558
98028
77449
85117
87013
59043
4329
88568
28448
8044
59254
23818
7851
47713
71357
10129
99634
57911
39231
2792
39682
27022
66027
22110
90723
33264
67825
49981
58990
17989
73324
57228
47533
34551
50965
58050
22459
62348
67838
32559
60885
24254
18257
88212
12721
23016
22369
3306
65840
18807
79720
70601
75770
43094
58145
84228
41659
86750
75994
50869
8238
24286
89494
8142
84217
86025
73703
38629
72972
11044
91359
5309
15973
8219
72811
38549
37662
88326
56981
10002
20471
82306
13161
89301
41425
86965
49774
77656
91646
79610
8886
2786
72591
40031
76467
42955
15906
93468
68744
71870
44296
81430
29022
93399
40375
21794
56835
19507
97465
9916
78101
85217
67351
92336
73192
79775
61307
55747
47855
55770
59293
43245
87668
70155
94951
34474
84309
52687
13878
66685
62260
60263
36451
26168
86027
10783
38135
47933
85133
1675
35534
93153
51658
74397
65784
60454
20811
8292
25673
63153
44203
36817
63032
34458
64186
8699
64925
32269
51762
45687
72322
77988
51314
81095
96015
34290
49698
84050
11070
12347
91703
19718
23606
27376
48325
88150
56614
32862
48002
43442
80074
65094
66572
75764
88474
12753
3996
98113
77497
22452
53782
63204
81674
53467
24292
36899
18395
72558
61736
76729
59779
91497
4672
36557
74969
71661
40227
16426
38356
90391
44386
16404
91229
91101
20797
21831
81123
84080
46564
76424
29921
68693
27766
53359
55896
58930
30074
51046
33666
94776
75693
483
79919
38706
77652
56755
99267
85601
70607
2124
24872
45892
29410
63806
37476
96212
14510
93018
46204
44409
7341
26274
95094
34856
95854
44556
22104
41155
4139
79869
94209
9647
68211
55943
35585
68408
95338
81967
94609
30983
32690
73286
84091
26727
86876
99097
50525
48356
66369
5721
39840
10839
22414
97554
68122
87176
22739
37870
2853
61165
27313
67349
24638
26345
96935
89475
1475
44247
44020
79750
90196
53691
78417
83196
42961
69204
99868
52969
86600
89716
36928
96395
40877
91818
27262
73180
43478
22623
12505
13734
22944
66418
13013
50871
13738
68544
20378
14461
45262
1647
15719
1557
49766
13959
33197
47348
86108
38697
42374
41107
48187
8265
20412
96994
65551
25591
53937
34375
58566
20444
11508
680
72575
47038
92112
92761
86051
44381
14944
71382
44975
388
76184
95423
13410
96743
21290
76433
1445
77150
77836
63792
95187
47295
40471
78121
99645
38497
78534
64998
12747
97986
51547
12785
78589
3371
11394
67708
54016
764
49556
17098
71369
37537
5456
55373
79846
15911
93961
70837
78445
63119
42037
3610
30996
97384
50926
8888
17118
66890
36831
27002
98022
74461
10560
84433
99661
54589
65861
54960
38971
11290
94876
90819
31223
58878
57808
35509
81960
79785
56303
253
58845
69579
92570
66023
7476
44590
8283
23110
65471
80782
82268
818
39677
85671
64693
63747
19228
71297
82652
64031
19328
65067
84494
87008
98046
90935
45956
67912
801
41400
48124
61671
71144
79781
53230
97550
78034
10999
39146
96075
63461
99621
78520
18130
49536
61520
8034
94399
27309
44051
83705
79021
79330
58466
52191
70305
67711
57540
36114
72017
93989
69227
61204
32429
34924
72760
62820
66304
71726
65009
62125
47351
3602
11345
16241
86413
86954
42207
94049
51465
61789
80627
2138
6372
55386
79642
24921
96309
82475
52590
15393
9227
40906
95408
36849
40900
20505
10800
41710
4025
84766
21738
38820
14455
94055
81564
35664
57163
21964
90085
14941
3236
39708
85244
49821
70652
69672
50963
72279
44845
51426
98053
38399
63288
4763
69564
9266
58672
37865
58316
6832
33294
14140
69475
87192
27129
54406
41481
52429
44532
96586
16774
65976
65723
73119
61465
80674
30600
18292
39187
58198
37636
10731
8514
6431
47564
9579
17794
35152
27469
26765
14831
97962
69579
84225
34836
9475
43804
25947
77895
17678
74717
3132
58523
72643
86103
36382
61170
62531
23961
81869
52694
30691
156
83001
86429
16577
16413
19741
77411
83521
396
7614
58945
60626
16845
18446
61017
56967
31345
78591
2769
2726
30302
24873
39919
80676
81872
95079
21923
15513
52170
32354
8484
94356
67767
61455
90326
46757
98333
6314
15043
36321
37633
18878
96324
87733
2835
939
8980
14863
32081
55268
60384
19611
36699
26876
91374
90398
11026
44199
8423
1328
94794
10463
58089
10910
56967
15800
52567
51477
17156
57823
53073
70807
64261
47558
42278
99406
28392
76126
19597
34998
14722
90559
15890
80865
13524
32894
62716
47032
78152
52087
35051
54722
58133
50102
38804
15139
55807
91061
45163
29115
60044
81072
32158
10599
14331
99453
41795
96925
2476
41952
82810
26787
53894
63014
33209
33334
37546
60314
1079
56768
196
17474
25433
91815
59335
23293
60534
61581
79265
17977
58552
21367
47993
89031
77504
45597
89966
87654
24744
84094
20106
59372
49557
66281
39703
60341
6070
17117
40548
84013
96363
57065
61907
88986
90945
84321
53730
85616
6976
85298
56818
40271
52915
24941
14078
69252
5057
66084
4432
59803
16997
32622
36748
44610
10956
68672
83129
89764
70034
38753
90285
62511
75399
56893
73164
52519
67975
57390
71783
44312
99197
60543
24835
73529
53967
46921
10120
26174
73253
50103
73677
53702
79109
70798
94750
49630
33972
88213
63889
43575
55457
96175
70375
26847
54475
52293
63973
40738
24545
59652
19129
63656
24529
29979
14122
73570
92333
57384
57029
97800
10728
63940
33568
3823
76139
43474
1457
62065
54729
80150
22357
21752
93209
3609
73632
50229
92629
75089
21411
86744
94112
10249
26437
33328
81249
86743
78374
17552
14951
28821
70187
95783
90450
13922
90962
30003
62519
30211
39949
12909
41478
35642
93863
86234
39826
58753
6815
56526
73892
49373
59032
27801
79973
30151
88188
4212
79840
79690
69808
18888
59778
90133
95426
47355
44775
9472
25234
6022
33570
82296
88348
14930
55358
78239
96004
77086
70347
52704
44153
95346
39513
33528
2235
7005
75909
96225
11446
6624
51180
80144
35971
94138
87764
86620
96663
58727
7120
45363
21816
774
59516
51177
78179
2355
93276
28779
96074
25695
86617
77403
77736
78300
72190
17025
68348
68566
10240
40567
53103
75507
53604
53813
64171
13459
27881
13135
67548
37394
57505
57012
34437
69683
23362
72415
67578
72972
92829
86588
72540
3637
78109
64300
74457
93506
10729
7343
50516
9444
52656
88634
10489
98385
21312
50925
18973
13046
40310
36796
53233
85291
5011
40737
39666
36313
58566
93872
51198
69528
80959
32912
96097
61944
92782
53083
68052
68732
21196
24110
62782
34504
30187
73727
41172
65699
34005
46720
81095
79159
27752
58210
42116
93665
26450
316
30004
88338
73690
28297
47588
94517
75266
41132
82314
5404
37465
4323
73191
8522
61240
74684
78719
86684
90152
35432
98359
73173
17545
88967
36163
33018
38782
76541
70414
49064
35974
85150
39420
65263
58637
78704
23151
7175
19938
71347
42349
41227
80834
78651
97853
77760
34836
64624
26083
70126
61680
11705
91891
53820
18591
11931
58132
16995
37412
86203
72720
57118
37889
46886
88349
10143
20638
45368
52839
62517
59100
5267
75025
57273
93146
2943
12359
46456
60070
92020
84894
78226
63915
38771
89747
96788
99852
96152
81723
99116
13401
95231
96510
45482
94173
66896
60636
19897
72765
97346
33702
94392
26969
70979
49156
93974
19627
23263
31837
83679
48062
80037
32353
32083
19797
86674
8380
39477
48513
74298
14305
27566
63108
24895
14104
90314
37345
21261
50534
69003
2820
50372
11026
40843
96086
54384
18080
47794
39835
18972
56897
88904
93929
76868
74008
23637
8742
12881
54314
58632
41291
36698
67047
35013
1507
71370
49903
7085
37951
21052
35567
83774
35292
95257
47861
95957
74430
1163
71560
66750
35907
70723
49739
82977
45216
27665
78088
30927
97552
57784
86112
94812
64683
36931
40476
3264
1075
76990
63336
24800
26898
56579
38473
58487
13344
23551
36043
30166
85475
86917
87887
60434
36929
83701
59220
28136
19305
22719
50026
76364
25074
61406
72279
23688
47769
14462
1068
18410
66233
2995
66985
2066
46322
78410
48216
34133
27768
12024
47138
31200
69296
57589
22022
99009
3205
47531
89830
71590
95021
32350
80397
66994
959
85569
66334
47429
84674
59329
98047
73244
68760
9185
33344
2853
33576
95511
11702
169
15016
62158
61426
40803
91106
19191
54860
72081
55418
70508
29195
27547
81132
40167
93818
4095
88548
70637
94563
41640
52718
49076
1648
42383
89248
30921
82506
49962
24298
40561
92727
43367
3827
10833
62830
89783
78679
34887
73654
26618
56738
34080
26216
75288
12430
29473
82005
35067
10613
80488
15362
76658
34571
31158
78923
91763
64650
70768
31635
17804
34626
53443
47869
6328
55867
63469
11035
2351
31749
14423
50970
5236
7906
90448
97184
41960
64036
45943
97848
83866
1348
99211
96883
24563
22301
17241
92587
14627
4347
80213
91178
82629
23955
3942
83648
16414
10966
15843
70097
16924
99647
3243
17676
97239
29084
81184
4069
65463
93980
19902
44438
27923
44044
34798
48505
80866
1712
64057
41644
11942
56085
48130
65986
51849
8280
15263
79437
19039
30370
69145
2660
89088
92475
28490
81286
41025
42786
22913
35159
55702
83034
10862
74906
45647
32258
80047
25466
62658
14581
67350
6779
84885
23751
22878
16099
32161
60449
69121
80421
42790
14337
9323
32882
29129
51256
36785
21729
94845
86855
39314
98895
77288
96279
91613
44302
36205
58492
26500
17045
39469
36981
11720
47042
77004
69681
21904
51440
36004
51592
18293
17117
9648
29883
94784
31010
99706
12388
36790
56114
60512
62647
98511
59967
31652
61046
73107
86097
13054
90832
98973
66004
71212
5400
74029
74652
95978
12746
43294
80528
21005
95190
35772
36391
19492
60921
16988
92611
91994
75653
96656
48040
73012
7134
28336
26647
35457
28052
13389
43793
62292
24162
76612
96056
25862
94949
56347
36898
66811
78446
27675
57897
4641
13593
18101
13758
19988
20466
12129
53977
59463
73871
66657
17750
64216
36039
21192
94434
78415
62554
38759
13426
29028
83183
92757
81202
39434
87145
9420
94845
25665
55534
57934
23405
18149
86749
90163
99362
508
95568
42217
64459
35701
54660
22876
19814
95626
8548
53018
57587
2449
93298
79091
88254
1718
8229
3786
90864
16453
60598
14402
72336
40377
64247
34729
20945
30769
69872
11660
58003
98782
58803
56392
90105
34021
98465
35300
1516
15140
36847
91768
27892
88013
84084
74078
89758
32015
60546
36928
84872
98488
36176
52343
78008
20268
30499
68253
36749
74647
24606
97693
86451
65096
93114
54089
22418
25304
79328
95406
89883
12799
68949
19409
77065
32135
26681
73548
72837
22729
5033
66248
50305
14203
78525
11593
63010
4667
59374
52289
564
72993
90577
29187
86572
72240
90742
893
24283
16915
30628
40772
47269
23191
42973
11877
24516
58194
42462
26088
89967
61632
45504
42258
29104
15851
76311
64429
32055
79007
67055
42697
24671
23235
41888
52791
40069
751
57222
92100
989
55458
69500
40948
27756
88093
11817
56818
23862
63310
34151
90712
52743
37631
8873
63965
2508
12038
70441
49493
58100
18929
14248
48450
34228
90523
56128
31284
97712
87653
37475
28674
92269
42517
43184
79071
62635
24001
90304
85928
7275
77986
43488
37690
7978
86361
47872
6806
84004
23597
64519
16394
9463
51368
63208
68910
28260
45757
26984
50024
29247
12438
20490
17688
57094
99034
54972
16116
65065
24823
7085
86557
18564
95558
26405
70714
20548
40472
96594
55088
92212
20115
47948
98304
77909
74055
85348
25062
23588
17862
97892
86301
90012
89054
99809
99143
36733
53417
79408
87021
71821
80572
17504
70061
23566
91607
12638
30230
56245
61361
25355
51706
82786
51224
97592
93724
86054
110
58555
97507
60302
49232
22342
3033
27201
32324
62376
51856
28560
49388
71548
26325
78481
57366
48573
25311
67632
81553
69443
54538
38905
48527
30849
28489
78703
56782
62083
49683
63333
14412
62669
18542
58992
66532
9569
94973
9746
87565
47773
28785
43150
5844
81170
23015
22333
68419
22409
74263
86029
80129
90833
16345
24220
91788
86551
13084
84675
95474
44213
82747
93925
99708
58724
32548
23566
98777
32507
88839
87985
15352
6895
66764
28444
7231
63421
31100
8668
86774
42931
80192
84865
54614
16924
62259
89476
60818
3806
81603
16474
91128
61942
86989
73764
77800
84763
65012
70777
41587
84598
68353
13721
2639
71063
66143
87961
41103
65903
34339
64058
51651
40842
11758
89426
8385
48508
51676
54159
56175
53926
3179
96871
98822
28226
75663
94370
71774
43478
85747
80742
98022
96804
13315
50537
29371
19070
81816
45230
1318
43155
73237
82780
56189
84863
35515
41766
49106
93932
35034
81222
38875
40532
39311
7508
37675
42195
95139
1846
63694
3282
94802
68746
5687
96846
95503
97799
68264
63945
5713
38912
16866
35899
85775
36831
40771
38922
96738
67924
29677
22721
72895
67630
11469
71532
22872
5800
90202
36818
62234
12504
46297
23140
82831
56466
39634
50133
95726
95100
10811
84654
1415
88230
39526
36456
68592
82015
65602
92957
13832
43533
70129
89920
36369
78328
15683
60746
26644
59581
93580
24206
38759
36172
37600
37402
38433
25635
97738
37923
25132
99581
92574
14858
7430
42778
98365
99907
10736
21312
29512
2639
81472
8179
37707
43779
50140
75291
57922
49454
2331
85395
31482
4920
8987
71450
93655
76784
43859
87763
28363
34950
4882
84661
32694
7682
16408
5149
40520
45193
25656
18956
86179
71622
80823
69707
93372
13510
75388
64845
98202
44576
39986
10196
73035
43196
5370
71684
47863
1650
61141
58551
44130
92052
94928
9092
79121
38274
13653
44607
50512
22710
6127
55319
19031
69339
94882
35339
46960
27522
50177
53960
28495
27413
85017
77152
52518
59550
53575
92953
59796
22041
22941
24605
16068
99083
1560
43878
91105
24204
5540
22454
8818
17090
72177
67554
13625
39014
34457
1605
23564
87578
1412
16437
34888
18642
71311
69817
3470
98250
73332
3873
51383
94785
5262
35657
63932
53833
79926
30758
59519
16443
85813
10547
99691
5363
53470
79119
87803
72210
12760
72621
3692
52453
34273
7679
52061
53567
15235
60682
83868
40747
35997
36064
38322
29958
88373
79155
12401
63354
16480
89956
22246
86845
29307
77636
8772
16639
7346
98120
26351
91586
19169
75126
48896
68685
68401
79919
96555
34097
54095
61716
6219
69427
30463
2396
40819
23043
99547
58202
2542
82749
62062
71359
79682
21373
62428
4333
50877
81581
73926
55166
53904
92257
79545
45880
56439
65887
54221
88899
7976
68395
64380
71720
98113
98166
50206
92413
32131
24404
64944
56027
96471
89086
19077
52693
60052
53078
26034
6635
7701
78396
21149
67596
52366
2849
63484
26929
94981
9090
72743
83080
86620
61951
25675
40197
95782
89824
31690
65596
18220
88304
54062
90287
27317
99445
66765
93077
82294
18344
50700
69347
91341
60338
18059
35411
33302
34747
71914
71049
45107
40324
72879
7582
66144
6281
5326
21636
33829
38824
95366
71713
46145
25761
73472
86571
90930
87058
11998
77129
94214
57125
81169
40632
44360
14046
90983
13388
1129
72457
83643
23775
91860
45917
81819
12833
62609
39011
10871
51825
35318
37587
51149
64868
74474
6409
1962
78758
61369
81603
50329
27119
42091
49475
84845
82543
74424
74853
71491
13931
59459
5132
7450
66587
73815
3185
5371
82462
53794
20283
18790
72350
64586
79125
47171
97069
19584
11306
37815
75638
98972
67432
54507
90150
50675
53226
78637
77879
62981
55371
71272
82978
63181
96578
20990
43948
21160
24433
63513
82591
82039
71149
66952
55532
13646
93843
14618
28488
27755
82859
34780
71596
24078
26971
86460
41474
85442
22735
70530
14000
40977
59580
97840
66294
44980
10540
61218
91397
54291
61058
32427
21825
44385
57122
10944
51999
66388
15476
81528
57737
67058
75863
68796
17083
4775
59818
55634
54024
65197
94344
94085
52151
7432
40142
33190
81701
94342
40360
79857
42742
58258
18432
11635
57975
54691
68587
46308
12718
75513
20394
75936
46573
61224
87891
42596
16742
6069
22690
56517
55009
90783
25187
76772
57427
84447
79492
46632
24513
5322
6897
81690
34558
86017
39185
24079
50819
65562
21630
19634
312
71413
99212
3130
79993
37670
61515
32439
25335
72151
71782
31913
56195
81822
25046
21217
53537
33133
67055
93480
94155
56798
14141
12377
42083
85908
45730
32593
45890
91223
91436
47759
50292
49565
5292
98911
94337
83665
44468
41603
4138
19307
94381
56844
54624
70813
18505
84514
69151
4749
78917
60380
87419
46283
7910
31989
21584
34548
42677
58789
78707
47957
28442
52946
68416
2731
41514
41271
71865
29640
38862
96935
37893
43020
70536
18223
67202
32606
95467
45747
29112
98001
56559
57023
91040
22359
42989
28059
26635
13549
55530
32403
70878
50302
9613
78139
80930
86360
78300
40829
80325
26635
15975
88836
60695
55461
7289
57374
77093
64429
86124
24521
72545
10497
53978
45307
2293
39362
79714
56881
71828
15385
67035
54869
14384
68154
90794
58547
1360
11760
12597
82916
93928
44516
60372
9972
38260
39879
48402
47841
85094
22727
82864
20617
59970
70367
45915
93065
34668
27737
66538
330
44173
98015
32870
41147
34066
91504
80713
78183
27425
63217
14084
82770
7923
70032
20696
56537
17762
98543
40556
54549
8426
26534
30218
27834
94396
65231
1959
34812
89178
16747
18749
49414
54153
38010
88989
87899
45506
59550
65015
55340
15754
91695
9684
96530
97087
57248
10578
40856
89993
5032
56799
58064
76236
59442
53362
3707
79066
95250
30005
78467
59574
28642
64404
31729
3975
55481
38660
44347
55877
42889
87577
86135
84995
98046
56584
64583
3556
48481
94486
28559
95379
89453
13654
14929
23887
33775
74824
24530
57098
57858
32943
30086
58832
28286
2188
20129
76983
58618
10541
42002
63620
74801
12713
35024
47568
87660
53622
48030
70945
39485
15402
92359
31638
63082
94259
41316
29539
9069
52711
11196
41409
23285
6305
11829
87118
20713
66363
86310
9225
36521
60160
17194
89402
64691
33474
85201
14871
91913
72301
90692
34246
95061
49056
2900
48250
55992
65807
99801
1141
83888
79105
73561
82623
26012
20826
4528
91028
49585
62878
5944
55035
63114
49251
28245
39246
37867
95333
60274
52271
98313
83261
27991
5689
48792
98900
54078
26802
68446
75035
38588
13754
79233
84466
74810
4964
19012
13286
92249
86911
21557
65761
74522
24083
36411
75798
67373
68937
19573
69173
12054
72624
25119
90519
24371
95757
89212
44020
87330
56396
34145
32344
66709
20325
69575
33704
23155
21525
54345
54024
57739
21840
89744
31517
19007
29978
95032
45133
70298
3440
59407
31112
29640
25835
27494
85156
40934
63136
17959
15325
78499
59145
71248
46563
7575
29249
5647
37010
5910
50156
46960
47666
15619
69953
28531
11179
81522
44451
69420
34266
8930
46253
41840
11712
42826
44936
58433
38635
15109
82474
58621
64225
52464
24458
99017
75823
93772
32553
48685
56634
13597
75124
88290
83772
88935
23435
24323
66004
82885
43807
18485
81083
34179
91693
63222
76508
98193
65941
90786
14964
43223
99740
71287
95605
16446
22557
1692
27146
38663
28794
80934
96789
26237
69091
24799
4479
45538
52087
17804
45629
56107
56094
15077
3437
47229
18251
76270
47607
16951
55149
80287
83812
42366
73174
18269
33968
41139
87034
51005
96984
21613
74088
4399
65516
26548
41258
77147
11926
7573
40055
22404
87414
34510
35687
48659
40778
53945
77136
65679
79261
60831
2524
26183
9706
86427
97404
53391
91765
34072
96209
83304
4556
62793
25788
58590
75507
35460
69510
87917
57505
55907
78831
68812
98921
58016
69606
48910
97126
40855
88134
54382
2819
91710
39555
98022
9446
32135
22480
69124
96828
1982
47139
41186
80982
22489
82247
6186
74923
44864
84334
71754
30749
39253
94274
70296
56577
44659
5186
64937
55587
35414
86745
98264
35834
76529
44471
30642
10491
58090
1181
18261
95012
58322
69064
35904
86584
71990
89986
7402
69543
2989
82038
13054
98310
99839
63178
47489
27198
55677
95190
33590
27276
63083
35816
8932
17458
83140
7043
77505
23347
69802
63351
5855
60928
48812
98507
9763
27551
75588
64293
67017
51164
92432
16199
95707
79729
99384
60102
36178
48527
56443
15934
46618
48422
32078
57725
21275
50556
1335
25475
87769
45992
54692
21822
68574
64476
30867
4692
35902
99409
36926
66709
14401
28600
59159
23549
72684
32487
96165
10742
84216
43996
58020
33057
94217
64170
88493
38004
76143
94243
23950
72426
83008
11975
59554
97046
43299
61739
33596
2076
40381
69914
3909
43344
7965
56674
52605
23862
10400
88171
41974
6817
49278
73531
47511
24441
86117
43983
82488
62856
5070
48421
21342
63338
74633
42641
66687
28072
35287
43803
5927
92434
13840
72040
14959
4422
89571
66349
92456
93292
29769
16377
2391
2978
86855
51621
16651
72072
84529
38358
91667
10520
21032
13148
80895
39983
14037
41800
42840
75627
29170
11353
1088
64559
30169
58399
63618
22947
60153
9467
39412
95324
28637
98352
27453
53615
50025
92395
92390
55291
16898
78021
45250
14182
2223
99194
39301
36455
50654
53751
48531
64671
40429
18762
94062
16688
75144
8574
90731
93059
73399
68459
70747
68472
78537
91621
73317
75123
75426
12366
1141
30186
98273
30659
1990
94292
56121
82366
44213
61345
56363
47855
40573
35227
10157
72876
35674
91982
43060
86243
94674
75270
63540
23778
98552
38605
43247
14791
39561
97101
17721
72585
81335
90379
51892
64781
63450
28959
53826
43836
42954
71797
62503
12428
8356
86484
69099
97057
24733
18680
69552
41658
9928
20866
8620
49328
36305
54355
43095
35647
97977
68563
88970
63546
99236
96139
43447
79579
13072
63107
57846
43071
28703
70318
81266
83322
31642
47616
83913
5517
95015
85583
78316
20738
60935
89050
44596
99564
97544
51137
4021
95695
41671
57803
82955
46869
86291
21218
84421
87863
61210
97110
5721
76460
45037
21402
50249
8459
67157
42204
45692
95497
69767
78936
13832
47186
50667
4073
91989
1724
5101
48062
41939
99646
46125
13097
70687
55116
34938
38195
80289
40410
6680
9080
74137
42696
5329
15950
48092
54853
2665
16023
24617
69488
20602
32466
1931
86716
39994
26860
30400
89062
43799
45514
62898
81947
21374
36001
40156
73862
5159
25154
51135
58926
19736
54349
90926
16802
45480
36775
47732
7303
72261
38828
67453
81245
59661
6772
75663
15312
37538
76084
77596
38195
86642
34202
79880
10197
99699
49758
19226
94780
83700
1082
72891
74321
85529
88715
34342
22770
48996
52497
28254
32571
2998
17136
58017
29938
23829
20185
44070
25609
76547
48651
62802
20199
34034
84777
96671
5711
49094
82117
83184
76205
7907
30401
77254
48400
71508
88262
68123
99412
59706
87903
85487
51627
77432
83228
25291
38734
21116
21556
16532
45006
62340
24540
79330
58558
20315
28522
90610
49146
90726
17106
13280
89058
76792
55822
13455
8215
65234
67130
26108
56977
77719
75326
89122
36926
1916
83878
76761
56850
95681
20083
62511
39002
41605
30395
66722
57705
20910
45665
80736
20465
55056
55862
59567
49028
51783
82555
71787
91255
8959
44030
40542
30226
81167
87724
11996
78221
40698
25295
67401
42127
92779
16125
7067
8725
66240
34187
49915
78438
59826
6577
35761
22746
92403
56096
3625
4519
47191
85001
15031
3293
69177
96846
53857
57838
97840
4486
40793
51998
49803
93213
68084
49044
84413
91832
86665
39864
69481
28990
57554
4506
75058
48116
45044
49795
64824
76315
46544
28613
37083
28056
42216
95084
75228
6155
35766
37797
57231
21639
66154
11
67197
3205
53301
15198
74844
15015
36354
53095
22246
70492
99678
60664
24664
72622
59649
88259
7941
51046
13998
95277
24520
13928
65363
84659
30386
58534
84129
59016
17017
22516
27356
47755
94771
96612
40274
49393
55363
35720
60998
97954
9497
70128
44756
31996
63292
62313
28297
37809
24532
35809
73703
56124
79875
27403
9768
44683
32630
63969
60591
49128
51735
51059
79310
8348
433
3162
30587
78191
49135
69874
96917
55346
64033
81408
76933
20810
18286
63003
51480
49465
10104
77998
53573
87139
69979
79186
91206
41704
91476
97653
25436
44336
12214
21574
80215
74744
21380
34539
11548
51170
5430
58544
93342
19365
17833
84405
9220
2258
43992
52593
4189
9574
23902
90154
80487
38060
89590
75490
60227
68007
42530
46680
25365
46710
47458
80172
4694
26460
92058
21572
58592
98071
11656
42362
17808
68874
87109
63855
97924
94701
52383
80250
54458
93021
79294
17075
52198
91489
6573
15384
7905
28488
72154
24215
6342
92171
57451
7663
83367
77569
4076
14481
7373
60925
9445
43247
30038
67824
90045
92567
69533
45224
5581
78643
39764
12528
64430
75259
9764
14191
69824
49812
77746
90155
71628
49203
6759
50710
68907
37085
42792
18113
78948
81383
16679
77355
84365
38395
41820
12010
82706
36913
10903
29593
33929
46293
35659
15381
67631
32774
59490
97123
3425
13065
45509
45847
99184
59299
82574
217
39889
44415
36564
7795
55113
71289
37244
98440
98611
37916
82573
4509
53391
84729
7186
90965
29559
13380
79493
38284
86638
29582
21391
52565
43016
1928
51113
71242
7412
61696
46489
13064
5558
77494
32609
85130
48191
53204
47030
75057
82114
79695
8322
60326
34447
53377
68026
79672
12689
9744
41623
36394
11563
43908
20779
24468
29162
52492
66150
10679
32970
82354
30462
55960
4678
51383
85209
33711
11868
52318
12594
41059
1350
22489
29716
55698
51032
6924
98110
90202
78166
10547
19483
43704
26420
40468
87171
62526
51249
28962
38315
48106
45122
33324
97363
15772
4868
95278
60533
4142
37839
15547
46337
8241
91170
95760
14031
6774
76435
51364
51252
63205
57515
21778
263
47100
90974
21989
87614
89599
26363
16607
61550
8985
73292
84564
68466
91695
30612
77668
46541
94790
32485
76307
80159
78844
9445
98285
89262
24097
86845
42473
76155
9838
91955
90499
94721
48768
56080
26007
32906
36669
24009
79931
11155
8555
26423
30275
62026
66681
15097
29184
53869
68455
67564
14106
29623
87959
25250
33419
57049
88836
19219
65796
5795
54114
58391
38245
12092
10355
31130
68296
79474
65724
42569
58826
69228
1101
84540
86083
13574
71375
35281
76174
87073
81068
39503
1579
43245
75371
72445
13695
19124
32102
33838
46315
40931
23398
8702
47828
13039
99277
69799
73781
4688
93265
3880
72368
28064
6858
7617
44655
26876
78589
6066
65227
13135
63934
14100
88398
88676
25306
76846
15025
10901
64888
49152
55072
26124
79668
97141
46173
18058
76566
17084
77526
54182
44033
26469
55142
71429
85704
43110
27835
97217
30771
32480
3383
92915
90312
66335
41865
17088
68544
68062
35262
56725
50649
44598
31710
41098
61604
48438
68556
45266
77735
80893
28791
70038
91971
50398
89504
46394
54170
54503
32195
74721
76186
78352
34140
34633
19191
94784
49942
31572
49267
82525
66902
14207
71351
38044
34885
71059
59785
15366
21231
6773
37685
63924
12085
3107
31945
18609
4071
72989
41694
95235
25814
80503
65369
66315
14624
81210
6604
95878
82392
27192
71378
69663
78919
91548
28013
98764
2684
54795
37802
75722
44725
39170
49098
6528
81539
30018
48894
17145
79599
99960
3463
54553
6168
29287
56539
36797
72042
63555
67032
33792
5967
33957
81253
18864
94496
17153
5344
77338
58098
40646
78725
1197
36269
2796
121
5994
20466
96544
93237
90409
59260
56005
91578
79377
41511
46036
9148
69672
83489
54214
52778
13838
78278
51881
81850
76385
213
9597
91163
24447
26500
86383
95673
48975
22891
97379
61800
3016
14771
61784
86796
26931
73479
58609
30337
69414
80654
43701
27964
24759
80125
74483
55437
59320
88387
42497
49303
23101
98697
63353
72047
8902
31937
22619
19964
35147
4201
45276
11747
66492
99618
88905
85937
33816
47811
48873
56453
81743
32344
10704
32820
98358
70285
70321
69619
13961
82412
99942
19435
68003
67581
19744
48605
92086
99522
78820
74110
98531
1577
82044
46589
99053
85819
98632
53781
72461
55153
27332
50017
82348
85840
80635
20868
18233
77488
52179
68483
27531
18720
45395
40603
13071
68357
93946
66345
48730
2196
73923
61394
64400
24057
57426
44143
8775
63148
54525
21436
74430
1092
83455
89956
87865
75293
45453
86595
52632
16511
24029
46120
59142
70669
18234
6344
37134
17276
70109
45567
18152
30946
84190
98826
6225
43420
85922
80478
8098
44257
77724
96487
34930
77586
63416
52528
13748
28377
55059
61370
39937
54774
93521
14830
21791
34516
82125
6882
16586
81735
57612
45323
6068
46607
31015
53232
44967
91438
24316
87273
60670
45797
40893
70201
65458
61069
67750
47333
25025
3704
12625
22843
50195
32841
51314
51113
273
42580
66455
91882
16924
37751
97735
75338
71037
29671
42902
68782
83269
41302
57396
83068
77057
83636
56661
94205
35611
47427
19753
58432
99319
33398
22107
52471
18829
90675
13778
43178
93310
35497
4052
73352
98573
37572
82171
91348
89847
78118
15531
73951
8784
42060
58936
40308
3750
91920
26992
5135
13979
39143
47544
91609
54443
65441
81805
56689
98982
59739
54350
58387
81618
77918
22128
26606
53903
45637
14282
39879
79023
4539
43494
10414
10462
75885
45833
58281
23410
39462
29036
72622
11168
23921
47362
68230
60251
63078
52672
26724
88533
59029
60367
25505
5433
81859
51394
52701
22252
94150
96268
90470
32738
53185
12055
16716
76316
80201
16014
4149
43214
32219
89260
8646
87199
72387
62241
42803
62971
93776
57869
77698
45234
2675
26153
48689
43622
89083
71842
29681
87461
55115
43306
38546
45934
71370
20146
67828
55165
47451
76296
74389
60958
16187
34843
83262
99010
9220
26318
35240
45280
3942
50532
13224
70685
96564
48473
46432
25240
45865
6205
65185
14443
72650
9450
30683
52582
87556
14744
77740
13359
86397
53677
92544
46690
11516
47068
83223
1036
777
21633
12956
44572
90518
10799
28745
77020
20570
92556
94671
52447
21533
75443
7712
76789
98605
4796
5817
83096
9375
30885
54983
8848
83144
74988
46677
67320
44450
14329
62575
56889
58996
82044
52099
14606
98423
4320
65642
78831
40028
24131
97200
15522
10356
55207
96392
43769
40174
81054
14272
83751
68783
27163
70715
66375
80912
64765
12197
77528
8574
12600
8622
58978
64230
44939
12140
46800
93262
21835
57750
30878
44919
33551
91700
7703
78935
64270
43908
48967
3611
66407
2435
82397
97130
80241
81950
19249
71888
88984
5992
60543
52985
69009
50112
65209
31771
49570
68103
1504
93192
49286
23310
60069
86616
28589
74244
89638
32448
80317
3247
43100
77347
30447
18160
65666
62841
22061
36400
58958
97589
23197
34251
57018
86699
43858
59579
69613
12958
80661
7175
53522
58772
79489
7657
76517
47296
56040
8469
70608
26822
30888
98353
89388
83263
15564
14360
55876
61878
85773
24
1005
898
7084
90703
1063
62399
47845
94561
76434
94089
80394
48014
81393
59224
28516
56570
23691
30963
48109
55188
66276
42986
18771
78791
99854
68248
34093
52442
59112
28061
4928
21943
92760
87535
55053
34566
70891
12730
62384
45544
79449
14759
53185
23557
62605
23451
88187
29522
81186
44947
29728
13111
79567
40235
42425
67449
54042
14588
7165
81232
47597
65278
97029
71860
35657
78494
53535
88847
34135
28370
85955
98432
35360
50543
84943
47591
6165
38485
17989
50949
82261
9184
88355
50920
62623
99557
56708
73222
42229
21427
18755
35967
55055
59018
75743
33781
23480
33541
41384
12033
12701
38070
24368
62509
93084
71317
83445
27564
33591
36075
52943
92091
4606
26789
35335
17683
63057
48651
80624
3947
89745
26511
95255
85442
2317
36357
49582
40488
58546
56628
49497
86882
23212
85810
32009
46189
87909
35544
32937
7367
48510
44773
78804
5124
80008
26720
87690
73303
67428
38035
86014
79317
7703
85319
25100
59659
14152
43961
47975
28027
51145
74978
3025
45409
56350
166
67624
38440
90674
80113
56235
75927
67869
3886
76777
75908
58693
18578
37995
13447
2581
5100
28715
23790
7611
84467
12630
52966
497
1778
21901
12990
45465
28186
62211
15638
32355
17441
88966
71121
76901
7044
16205
62759
35353
92255
35766
65635
72565
94209
8969
45452
53393
8685
3135
92832
69161
12547
81219
67661
70718
46711
4792
72093
96583
37742
91245
94773
97711
49657
52056
57726
86729
25694
66681
98515
37017
21700
95621
93167
57774
29351
88809
80061
50494
60866
77883
69228
41713
28823
77379
89394
46014
93337
14427
4905
47136
63606
19061
55412
31917
45647
39232
84051
82623
77008
80170
92317
23990
12087
51988
98513
46662
3398
64911
56286
4257
22101
41751
43743
86075
73816
28606
21990
9141
90721
8167
3474
62279
36936
27758
4981
30686
76448
14785
19165
26855
62282
95636
50463
39300
25876
95766
58844
89009
77923
42090
17019
55188
33179
19436
8922
92435
58743
73235
81102
48093
35272
62281
65741
71074
36523
61438
3720
90266
61362
18223
57408
57269
7403
63165
63244
68374
52765
21525
28309
68069
68084
30896
80816
38146
40316
30984
72815
1464
72811
94098
47291
80882
58921
19012
85754
20214
40045
73037
13737
24291
99305
9575
37292
98501
77715
82480
41245
72521
87201
72679
74428
4032
5777
85127
48405
47301
96108
57655
81450
80428
53355
11434
37346
63833
11705
3809
94603
98098
35004
44715
24473
20025
11622
18043
22642
89151
9851
52040
38247
49665
43684
52633
15811
73221
54284
28750
39134
33432
15557
46267
25051
9026
29876
5918
93149
99380
9386
80625
76175
62397
9476
30788
79688
69421
9254
60940
40176
53658
66961
16691
42299
89099
55761
6178
36810
12925
99428
71244
62064
56775
26566
84640
40770
66830
5518
85543
14829
26626
23503
59236
16175
68303
80072
29399
53934
93891
3766
93848
64611
15984
13041
25393
94452
45322
59269
35454
36250
41123
56410
12302
66682
10252
26368
20716
92074
64844
64363
3540
70040
68381
29071
55977
75674
71778
85984
61855
12729
46557
27365
36438
71288
53398
6611
77462
60573
49888
98644
71482
25220
42002
11757
5385
61378
47959
56796
3742
9760
49838
50089
76939
28095
91411
96307
95259
53607
44716
88647
83084
29029
49287
96366
2756
4641
22879
19775
79842
13781
85879
71815
83751
40834
59610
53043
35105
12413
45614
48013
57611
77631
44915
66328
87605
62614
50973
88468
5561
73411
30990
19184
87120
26838
18993
41989
15239
85367
8936
67313
31795
34520
42433
3872
40946
94815
31053
10616
28809
87088
37063
72958
71363
95474
72376
50844
87837
93019
43345
4777
37418
47054
1070
57364
8961
47659
62017
96856
46730
19716
74173
78612
56717
91981
62172
86305
96975
96474
23403
96891
98972
71781
44948
81974
85061
59575
74535
85507
14784
77078
87399
27290
9804
74045
58874
66597
91996
81479
70659
9741
92392
82569
67379
86696
53352
73647
8848
30443
5266
82131
70363
73016
44399
90675
15772
88620
88579
81945
11449
4549
64381
21804
18799
84527
21871
76898
58144
14493
24237
9064
19104
81283
40113
99694
81251
6682
41958
17877
16013
20225
97119
97015
8213
97858
28671
86389
86104
60660
78116
97381
87849
95981
12046
25117
94066
53661
52352
39908
61266
79526
29767
97479
11868
33033
64284
80306
75755
61899
2470
99243
28589
86043
91752
60263
61707
97684
34097
7587
60201
78560
11055
40730
30908
84750
93890
57694
74338
21364
84359
93266
15
8046
74369
8640
31065
89752
77013
41492
27132
86351
71238
47734
94894
15991
13709
89707
78461
42973
308
74854
54908
92418
3805
28692
80200
93192
36333
52622
5212
94966
42997
29519
71010
71886
52579
69703
8336
61606
97040
72306
38034
49051
2930
58497
83665
53163
30822
73121
34333
73631
53201
53291
25245
65335
82616
37948
94073
38068
67579
95612
74037
59159
92347
8959
87222
57855
11254
15497
94003
22463
56779
19981
29634
3109
22297
51737
43675
56343
2561
85121
28251
28863
11986
75785
17230
86550
37088
49156
67739
9283
73180
4419
64010
13454
94299
36019
31094
67047
19633
14734
85861
12894
27651
52263
39137
47892
24526
52932
99357
44940
75624
19659
83019
11226
88847
65839
68389
80341
32490
96330
50529
33788
12599
97317
60089
5233
18760
42629
88551
41708
45793
47700
92369
29630
25747
23896
87225
2051
82693
88031
60821
97065
27212
75611
4150
28096
50976
30219
42710
41991
64968
95947
82959
86719
83183
28037
62332
67284
51708
5633
79110
50186
63563
70230
31663
81742
30149
88948
25676
16483
72153
73075
27150
44230
36649
15133
76836
2992
73029
16649
59961
81760
70548
74103
60994
27472
88720
14734
193
61396
22722
77206
91113
10153
25442
71021
13046
44070
56995
92120
13231
14794
3334
13119
95319
83180
32575
37346
42235
83654
28120
60497
23250
57231
63132
73859
86289
39002
91650
45489
24480
60971
35996
59043
49560
23559
86557
97779
12584
43955
69141
54032
17549
43848
8177
28061
60257
93786
33447
12236
37683
80717
65802
36401
38289
36044
44675
57123
84839
73805
97151
8855
95271
23104
66235
70359
54136
93753
83720
5720
95491
87535
14666
84730
88595
66025
20291
11742
19163
29590
63231
8152
57219
75194
94003
60373
72848
40383
35676
47591
22444
30284
94024
82338
91446
6124
85662
44077
23574
4407
43833
11092
61744
45882
11826
86006
67501
49364
65154
51243
23457
28206
7246
69727
14563
89525
57058
78982
31270
74127
21194
80970
66692
59604
55137
78910
85568
12593
49272
74089
22519
5647
11277
79666
89639
59564
71878
62180
69428
49939
95232
79232
66950
94695
63092
6496
68627
74139
46431
68045
19357
63267
37854
3095
35781
67602
79459
22961
65814
18535
70511
71043
55843
44500
36268
50654
36382
54688
71922
39842
30636
20926
11049
81141
7731
80222
7522
11536
18453
14059
35017
59782
73561
17899
5710
64079
74937
25784
15445
42926
97716
48733
93981
30278
12129
57972
52889
89326
2971
8276
73046
34309
7819
51280
68580
72210
10959
46393
87908
20078
49943
75262
4739
18196
71489
60744
87184
90051
67349
36671
62133
54855
23645
82109
53294
26964
59576
91405
57429
16805
36039
97390
45791
5950
43021
16514
2934
97848
85166
24608
12824
70398
21822
80913
34966
39920
30782
4876
87013
63894
51590
99191
11651
90839
56868
64563
73458
96343
36064
16706
16672
13969
10299
51466
20863
67053
35074
999
39322
8878
33457
40689
59564
2947
68870
45801
18570
62866
58763
17293
12752
11960
93552
23621
41882
89345
34792
52776
68872
53387
39165
56723
91902
26338
87220
35503
8771
68964
85374
22050
89718
32686
38980
1735
16864
57313
21334
97850
87431
28402
95142
8536
68436
85762
73656
71269
79729
20406
42746
51896
85399
50465
30378
63695
56261
67666
98032
12567
86476
10851
22732
60962
47935
75364
99697
90206
59278
6095
11139
84264
8013
30135
75973
93487
77255
1988
43068
56755
86560
40766
44788
13391
98651
65315
31141
23676
6139
65307
77261
68038
48199
95908
92364
71771
41872
19410
12838
66698
59320
49237
31946
64904
60753
55586
61063
88903
97211
69995
17865
56667
88971
85105
55630
11486
50043
8171
89500
86353
91843
79775
15973
63705
13340
67766
9244
22868
27559
9800
87386
12408
23424
42636
4765
87688
8790
57114
99451
76363
90045
21351
43271
56469
20451
87648
52801
70697
58498
86336
93363
41197
20643
16669
50133
61685
5791
17662
75499
30189
46120
69296
12406
59487
96502
6643
37016
35308
23011
19525
74541
50702
47785
16416
39951
77727
89316
84256
81936
24521
11234
84325
66409
30441
99571
37396
64124
81788
40812
55948
64402
10184
16987
29797
79562
32920
43917
4907
63967
38341
56021
66309
69760
98481
21574
6305
4677
6610
80317
78509
60173
97041
16172
65171
69284
74779
13271
24080
87803
38958
57279
8022
45415
94017
93982
44083
5916
98035
71578
86879
77931
2543
11772
52851
47887
58881
44389
11330
61666
27114
71039
86715
46686
87703
46352
74567
11546
23795
39203
288
22428
32063
11256
5224
85942
26413
50272
95627
69093
23625
92833
33916
24250
87667
36519
81156
17681
36095
54143
82277
58091
8318
12958
72782
34886
63725
99473
1790
59898
59636
3746
57551
3472
73269
77127
24152
14379
68387
49144
54025
85923
40299
54648
99744
51209
69471
42195
26163
62553
23589
39392
28048
8333
76747
22792
98212
59634
9800
2046
14613
42699
76017
41434
98227
13131
33402
53528
25352
33550
31537
45435
72926
59826
88520
14050
65977
7201
77330
59317
45007
3487
66931
68515
12657
64032
42057
2693
85646
37082
75572
78141
99046
59759
5012
24679
87760
79436
27077
8354
98997
18246
21142
79480
35249
75070
3404
47492
57404
25155
69099
17085
67884
34260
75558
62490
43286
97511
9008
94857
94722
4736
48348
28869
1283
79064
21662
48809
22233
14092
98979
27378
86492
24740
55619
25064
22586
8118
17712
73186
75405
80398
65353
63406
61978
71244
30686
29480
96419
26288
48798
1599
94525
67362
60582
60960
92465
2295
44154
46576
29744
55248
22357
29298
27257
98514
73965
51012
40331
89629
82327
52296
25090
32515
7297
2030
81665
77525
2073
68632
2832
41653
61839
91348
27337
50080
19355
29619
24936
22955
91995
68268
66296
72350
65158
30125
83879
80539
19631
53885
26335
90833
17766
80361
62156
92297
49626
70612
43197
50621
85666
64376
91343
15996
31740
8267
5425
22247
40493
57833
40068
41537
61783
71378
71878
616
98790
16788
36181
4720
25408
49637
6292
1025
45985
13704
66807
41513
75962
24045
51059
91523
49952
18130
74577
15595
90939
69029
45342
97222
64154
53710
35993
60798
73050
2688
40148
4163
77056
64967
62717
45792
26136
12529
32922
58642
54739
73019
14975
58767
9790
54072
20756
28189
78202
62905
11967
80138
91000
80502
58511
31915
26076
78544
46173
53324
56107
29525
5160
81551
18402
41731
43780
71975
30876
24288
78625
16494
29707
11412
55838
15688
37145
64331
10641
24638
4609
9681
86106
15035
88245
49944
47956
71651
63073
36975
13449
66780
14754
86032
35437
55237
7192
83412
33180
5664
21268
52177
99692
53299
69362
59685
81783
86318
90561
6657
74064
20416
89742
14950
5447
4782
4277
50134
15029
25179
4443
10358
12632
49707
36450
21137
12026
986
32936
48788
72460
90239
73137
76850
85920
9685
65165
6393
93021
28641
76624
44119
96533
50826
76231
16332
79462
36602
86288
86294
17820
35670
97401
50323
7829
93193
45273
93215
24892
13081
73087
45903
18093
62235
33951
66061
2875
75518
39012
33052
36254
19286
69706
68833
29206
63333
2678
5218
1800
21616
90750
94179
12635
57054
99837
38063
12004
54111
41592
66708
48218
41536
5390
11906
6304
49974
27456
81170
43477
53021
38639
96047
3128
17918
98849
48099
6334
86687
6571
44689
31496
33055
24989
42255
73963
20578
72967
78306
82551
77836
60804
49871
38921
97102
290
5713
52442
1966
78506
61541
80907
51012
66552
82410
58562
68860
35205
50984
76154
38624
78390
58083
56479
99163
1911
78230
16313
32186
33537
92324
8355
27094
61286
58136
66787
40157
66899
44957
20355
5764
57418
98035
79773
50788
18741
52928
60392
39522
52847
78310
27421
49050
3680
81752
73874
95090
23787
58675
10641
21911
97920
52542
67658
61257
42587
96480
2925
48786
92145
73876
70129
91988
8717
28755
32152
7168
34792
50717
55992
28811
61180
52471
57621
86766
52310
58310
72811
19907
47211
21310
83810
69582
13850
62134
75066
17260
52574
57787
45953
8835
7175
54254
35913
74875
32301
82286
40082
56537
57269
16849
82723
25016
27055
46033
47596
39135
96591
74343
60304
48105
59799
98915
19515
69733
92527
39273
64034
10539
15781
75723
47042
7511
78007
75556
60390
31548
8622
72863
24616
7589
32187
79450
41203
13220
34444
38026
39601
88074
63333
98491
61098
3085
18022
80555
69464
73682
70350
80860
81990
24958
96445
24920
97801
51836
71773
83475
82572
36871
57585
66816
54284
7999
86723
87339
31252
37080
35696
12375
34235
5709
91693
19436
35154
54673
40517
20565
72578
56756
62271
59044
42556
61338
43809
71126
83284
40445
2510
71532
42043
56638
91159
35650
99477
67475
6022
79035
20604
81629
36428
26973
70029
83735
66185
5933
42111
94011
84518
24140
80146
50180
8186
97319
82333
90832
84094
16219
66234
19622
46849
71941
88138
62749
59772
34280
96464
68212
1234
37338
17641
67000
33370
58520
71300
85745
41735
25268
28517
4000
5650
36349
80953
89836
89658
1662
86150
96943
71322
38046
84430
74216
66612
39269
83467
55472
14579
44375
19790
20122
54360
43156
91495
70393
24717
38731
59427
56408
86399
14389
50632
68376
25773
59685
91579
55937
5039
32131
37628
98747
48556
56535
47574
59435
35942
88816
29130
70528
19078
14480
6248
43844
86033
52109
67537
31105
11917
87688
29375
51384
71922
19762
53090
75880
86809
49974
73439
27205
24500
38880
36793
17066
67098
72829
58485
60393
4214
47524
20071
47443
5607
61590
98769
86094
67008
91979
25413
35374
34806
11981
7302
37641
22016
83059
81423
86768
79831
11566
2448
24088
96560
37862
69304
98989
17748
6618
37568
11710
70969
65276
93765
99235
92910
57011
36563
80980
94281
79209
39450
7271
4116
97352
38597
83780
49007
50652
83897
96104
83602
27529
62982
37470
43962
4774
28282
50971
52319
56956
91825
11911
51006
8525
13672
65534
22987
43328
54274
3707
82559
35352
46555
6277
11542
77967
2512
23981
44302
21802
35338
46675
90388
17745
88077
32543
96349
7472
53026
95606
4840
41921
43713
43892
74448
83243
60137
47173
79897
97580
98029
96531
77081
14022
33872
57828
80055
1365
89095
95714
37987
66158
38468
97702
84806
83190
40658
12055
34901
21137
44860
61755
34302
52495
33633
55779
75531
35567
6360
17420
8264
95700
53813
94100
85778
33506
97580
92207
32297
42366
36237
76626
9266
4365
61050
41845
12457
92340
73717
87212
83573
78421
21196
22637
13521
56362
86842
40128
26941
69510
95984
32334
34124
70007
69408
13155
35577
26925
93958
13996
14572
46140
80572
97647
72685
53093
75301
74478
24601
6772
76248
92478
7043
54700
37527
92097
46366
88300
68307
92228
37159
52791
43035
66750
77637
3936
48291
77165
62387
35549
37971
73076
55861
89629
78798
82991
21612
2797
12097
40355
11915
87403
48739
62307
79860
14447
45474
30949
17087
33031
71496
67870
8244
92283
29576
8077
10917
25580
44109
50014
23198
21059
61592
58061
27018
50543
8679
48532
27333
70244
89645
88157
94069
75211
19665
60450
60775
76066
47371
41161
16736
77847
66946
40286
24620
39504
82262
47300
58616
18904
74668
93280
46178
64933
27592
82971
13207
48898
99439
15141
43751
88996
90587
93192
9748
45320
79895
62701
78449
48933
39649
27412
59112
72670
744
91712
99495
21231
60941
42832
21656
13213
93080
80803
11280
97787
43587
31310
23601
19609
20562
977
23023
23460
18795
89301
2109
18959
36628
7897
49754
62310
34432
92724
83654
4456
2022
65195
43610
70097
26515
2916
48608
20096
54026
41530
89555
94450
84376
27067
6266
86081
37892
39767
6225
7996
12655
14897
43765
30850
38448
92949
30002
67468
20954
32962
42293
92784
11268
94885
72616
83571
87113
65357
86039
3460
87004
37803
3445
51954
11704
72105
77344
80377
47171
40781
67242
15915
88036
30778
82534
36457
76442
59657
14945
77476
72881
40152
1715
5674
6214
85592
64739
35689
36171
43421
38210
23760
46611
36984
59715
35316
18869
67828
89591
36167
99453
80039
52230
37012
70091
63194
63868
90707
60525
18220
80930
63079
15623
98528
46230
39747
36507
91884
40898
30032
5606
64740
86345
55868
44196
1319
70990
9309
70641
88899
96276
27902
89865
72928
49199
71839
55915
67712
9304
26296
81463
73576
36765
51915
25407
22278
68015
26427
555
80747
52431
95831
47939
77449
53617
40967
1855
93839
24096
30454
21864
31899
49340
96633
40256
97705
96233
21688
53104
11505
23258
72756
18564
68756
15854
80382
44023
25750
89308
1656
29883
45552
84610
58756
13755
34441
32190
41393
5205
53398
10848
45232
8778
94061
70481
45858
43240
48989
76396
26578
35341
54419
96676
22005
25642
25404
12761
3515
50359
85223
46355
19673
10000
74747
55895
81258
48503
68398
13882
24037
76333
13631
95070
73980
36427
29035
27397
28609
56682
52382
59883
99431
55558
16984
35349
74269
10087
16290
21731
30053
98499
4513
55780
89251
26708
13186
78943
99207
41664
52827
99799
35792
60427
59258
18213
79789
22401
66212
54481
70545
56219
16661
79922
4833
79788
18370
37922
69267
39325
12394
22692
99192
48729
57976
3862
43386
43161
61271
51894
80480
24281
52478
71915
78900
89425
51241
3659
34341
90970
58440
8740
46819
94082
96167
2602
92114
55078
88317
48242
4533
48320
77296
1446
6383
47312
6720
68880
75257
32657
91227
2383
61855
15374
52101
47553
25783
15383
84810
26567
16850
10086
98278
14171
21456
25378
54745
54654
21759
14473
45410
9824
3207
17646
15629
98118
83720
81275
29485
38055
6220
72379
81826
97884
79376
78838
38771
92932
29501
74970
73667
52180
17987
77436
23107
37449
20404
8979
80110
25214
87121
41758
64931
8740
39719
97676
36617
93515
84787
92749
12510
36297
7753
41249
66443
28657
43698
50479
71469
47078
29717
13639
96049
38356
75559
20524
5378
70231
18781
99655
42159
34138
55179
54498
50016
769
97819
89209
31761
41352
87248
24927
26318
67470
89405
88940
23335
12579
25753
96933
70887
1539
48182
70470
19626
11097
8657
8173
33639
44758
98161
3024
89680
42489
24754
58023
89805
38039
41657
18945
56366
85611
38044
35055
18165
78205
83410
54410
22251
22595
67462
86862
90208
63954
78182
96101
16609
69479
18145
72357
5387
70590
32964
20552
76316
94196
67085
84709
90602
12424
66569
80714
20507
18181
7394
8094
32590
35352
81141
27919
78024
91204
30030
18155
9210
18216
69421
46665
61714
70806
46819
57061
47505
15899
20664
89507
33285
91440
84221
7865
12019
29840
1701
38017
91191
11220
72402
59451
98435
83547
16855
44447
27904
52697
4973
25173
72723
26332
67328
82846
92538
54955
96471
46459
30808
9725
76798
64289
75639
52343
49345
26243
82992
42194
54131
99300
30558
86062
96582
49489
37071
46501
5722
6269
25622
96560
88216
15336
27913
52386
89118
68517
39296
60817
46056
7393
41167
75234
35648
82641
6062
49368
54334
53491
36839
35078
54773
98473
20648
97176
88312
11940
69546
53305
1839
22342
70340
17240
46622
2256
8868
27512
40896
97216
64408
66969
27588
72184
81176
61524
58767
2715
30443
52042
80724
86513
57258
27426
42211
10280
9673
64762
7031
27907
32904
18733
65551
95990
46617
89079
62417
60117
67293
95708
31772
92315
70998
29400
82985
48574
95469
82668
80602
97162
53455
9819
96748
43315
68424
68676
53396
15479
65754
65192
54130
15742
77937
48339
72496
8849
30533
50800
9090
95378
84065
24431
92551
32925
75045
49691
89805
35308
5653
48647
43326
4899
73400
48417
62770
51088
45261
89181
47763
66832
62985
67395
48011
65090
54816
99613
87431
67273
50584
2351
10498
35503
49665
87630
14963
95001
52104
73105
42510
7501
35266
69856
72689
51551
54809
9088
60955
17350
69782
19676
76155
96815
883
16453
57711
19314
57565
96752
1450
9406
20453
65179
22512
53061
9699
71787
79356
42970
10676
87263
4697
6652
11458
6386
69554
92062
85291
1349
25678
61775
57719
82510
13513
55045
11766
92078
47296
10916
76295
94928
22214
48836
51937
45
76804
57161
34097
29313
47725
9496
73254
74628
849
1666
46047
5780
2776
5802
97057
74007
81248
68227
21352
89074
7050
75821
90190
81769
4843
25415
54430
29006
41166
49617
59245
99309
918
73566
73129
33926
11867
21766
79220
32597
80273
56496
5384
10671
28098
35101
71744
71777
76555
47336
89763
62829
40039
68198
23167
42059
73547
30312
77421
88053
69579
20437
86047
57735
44853
7341
30459
85862
46892
46806
17048
51042
44847
70131
96733
6379
28782
37773
67580
91233
46117
37112
9384
89164
23051
33588
73890
60067
53758
58853
43500
2247
47394
89733
68622
40587
97343
39915
19155
34267
79663
17542
22724
73246
28889
26021
73852
81064
35097
43544
85864
60173
95686
49851
98575
90793
93586
32111
90399
89870
3673
59957
50521
94243
47967
7652
19521
13363
40156
3661
99929
42858
19122
18573
30893
62376
82633
88245
45601
17168
15099
15510
84463
63697
87537
99413
49489
5524
82275
3874
70379
56363
86762
93025
29247
45213
64016
86864
19081
25116
67739
27900
87835
31096
74642
62657
81735
21888
93378
55768
71572
58438
1539
6028
1235
51536
86528
95162
76194
29211
83021
19297
19276
13243
60477
43439
26038
11400
83719
82794
63231
82421
56455
52468
85576
43405
13111
88415
4741
78702
88103
86025
15024
16679
36128
77993
92396
96490
77254
53137
87800
90183
14808
71200
96423
82686
78201
42715
58617
68775
46930
26046
99597
45089
63484
75505
11597
78901
98225
717
56915
59529
63108
89971
52466
11241
95480
54582
22877
29891
31743
53985
92242
18987
61208
53556
34605
32571
47175
95905
5240
10409
21220
37586
66159
6486
1834
46136
96913
50447
86363
44832
11275
92523
80433
59775
9889
50699
18713
25441
48713
87859
6178
48281
21421
67347
66214
60454
79451
90442
52941
16011
72697
67533
95165
547
70315
77905
61279
28933
25200
94322
35508
35206
1953
43048
22214
38396
42761
75565
92518
26298
64645
54345
39113
51292
87705
52517
4024
36737
71901
65123
98381
75288
73767
96392
19871
78747
89298
95918
89422
1863
5550
31126
75229
59036
74008
15458
67088
528
14301
15886
11010
10456
21062
82248
32648
72092
52436
6178
21879
91311
10924
8450
85537
16172
72866
85294
91274
76182
90165
78194
73651
77434
30307
26016
83908
26073
34965
75963
52898
91919
66876
12019
97789
67264
72880
96973
83605
1502
9115
21265
85296
17818
3148
69529
24464
8281
4878
63823
59589
50506
56547
81481
40899
98950
54214
63591
8538
53303
22625
80239
46269
26190
60331
85776
72690
78267
85417
85989
31268
97689
74123
72313
20594
19269
91226
67944
36167
72987
78369
94104
36043
23891
80517
21952
41853
32628
59838
88751
40631
55999
62152
675
85444
4917
12181
9023
38375
87712
96352
9848
75578
89723
18586
8292
52075
67194
25412
4862
99253
74869
26630
34264
28121
42195
59726
76015
2703
76211
76042
72948
49288
48777
1342
98773
19620
93293
52121
41025
39634
21196
24767
92213
96980
59815
88672
44098
29578
31013
73283
5265
81897
2061
39368
93908
96803
71280
20999
27184
10773
32676
79053
31734
53615
7130
45201
79276
2766
52406
93954
1586
27376
7627
2910
22910
19044
23361
93884
45749
34683
69114
19708
23988
78213
99718
12522
97505
889
87344
1251
66887
64064
35195
65160
16617
7433
10750
60987
80817
19216
31159
48957
3307
60100
57630
76420
63328
73295
54269
41270
62829
95578
50995
32433
9581
50813
34783
75140
77211
6932
33278
61321
10460
24701
8080
28057
3488
56067
67613
39813
97386
7515
94676
17722
14446
83822
27250
92405
43010
96839
94279
30873
8257
53509
19746
85577
49263
66401
74514
27444
5642
52095
73486
94010
60097
30400
40932
80915
85188
56063
74551
70062
46593
91766
77449
8136
94260
71806
8887
3777
56944
35858
74604
42636
53947
69781
60009
23509
19515
98362
11790
53423
1994
79755
71732
15220
96447
3428
5741
67793
2142
43299
71544
8878
99980
66952
99075
66584
60219
85439
33958
54824
52272
47404
84839
76
68913
7108
2404
98310
62831
5025
92177
86789
27385
23162
27200
25943
44440
56815
28811
58024
41395
34492
8582
5208
42597
56215
13603
3739
11017
3871
65746
82713
56190
34472
65890
45070
80483
9528
95802
70104
70392
57270
28899
19958
69984
3216
11842
85668
33924
59589
93132
94069
68685
83589
85479
35892
75261
25176
4922
37156
45330
9767
23456
37439
66378
13123
24946
93628
12845
73774
55312
4307
6793
70190
32562
72610
71299
43641
19081
22377
79075
85898
51143
21688
4728
33597
86584
90810
17104
1834
8521
44553
11993
32260
62038
92359
73111
2946
9015
95611
70513
94688
16717
10730
31472
34123
88235
88536
40402
19343
43334
90280
62718
35489
51476
7713
29000
1532
89204
58302
59973
23425
26339
16124
39267
61350
83668
74954
15106
755
31661
95404
89029
66956
46874
70024
45017
4241
80247
31048
14001
85419
92814
51542
18481
60664
46593
82313
91924
96672
54505
6811
98949
72887
82457
76492
76268
56248
60243
73917
57457
19701
14245
21466
74785
81767
44104
62008
44929
83163
8791
56626
28814
37026
36005
95068
81367
48267
40479
48740
33919
18031
33883
73023
15309
8007
96736
45000
43514
72544
26772
9696
24874
50250
50875
64302
83771
43757
93767
37301
81630
62463
96792
55094
44788
13202
38411
91672
92126
8996
88551
21528
77578
13947
55027
16580
41755
1657
99787
75263
35086
98900
45198
10344
68758
7012
58329
48714
11860
98757
29401
90285
27162
29212
1505
80482
3830
20981
54021
97252
72940
48797
89681
39126
8074
75086
49315
8646
69360
89935
76843
81790
41660
56562
18727
50593
47623
51253
70391
26205
15866
9112
59099
17975
19099
79030
39488
28014
36441
32159
79076
24585
24067
89590
39929
88378
38197
12320
61461
68132
48271
54397
99537
12126
92516
21648
75388
1474
40330
71156
56805
71498
26203
87391
42948
32489
96509
62322
86093
95050
28233
75969
37965
9276
93619
43695
90061
25203
39561
67725
17971
69862
2955
27981
76964
22796
62493
99123
2934
54183
57777
77027
76620
41221
98647
63044
74647
27371
35476
53629
74248
84952
45789
18275
44687
96405
4599
23988
92694
55110
89066
64048
79490
28785
9486
57982
1390
91230
70566
68061
42513
67588
13043
12434
83718
63802
67202
82635
1473
91892
69340
88410
23658
36827
47808
2034
96955
29851
90116
24874
80014
76190
93808
46645
99461
55900
20857
21679
45961
78985
51652
6541
20588
32971
47226
57392
97945
96843
78192
17368
30112
21170
4840
82924
89111
52878
9907
24327
17227
3192
98544
21218
95040
33780
8344
94135
40932
45322
57184
14172
38992
52007
65161
12371
87336
53976
60326
96570
98447
86228
15010
79554
85063
95839
17972
24746
82443
22877
28579
44925
22481
85252
53767
42046
55324
90286
80857
68690
81386
34435
22762
85136
38863
6775
2712
62036
93353
84083
84049
94564
91797
14555
28598
51952
98127
1476
92892
68541
97180
82011
41098
9614
40531
24565
67604
13604
82366
24129
6250
42603
85247
57758
9672
94434
25241
36945
98990
86457
2255
94956
60000
33324
75037
65206
62216
20293
68355
4113
98261
53516
10304
78422
89034
72498
80259
20133
31829
13186
8428
72411
36303
80251
95220
7611
16202
57999
73061
53922
33363
11530
35502
65369
26454
34662
1853
92788
35921
69765
20602
59721
8539
45738
63472
68081
27268
64689
38711
83844
27369
86392
64011
95983
57463
18451
25356
41155
53139
22306
53524
66335
75565
49709
14208
22641
38591
39493
62905
53702
28978
18375
61700
42014
57950
72235
24113
75012
29561
20577
65139
53835
48414
75186
74105
98239
91678
1945
9462
43528
14748
29070
88479
53659
47927
1420
4397
9904
87061
45882
15857
60739
4279
99340
11902
25977
78367
40509
5199
75292
35818
60025
90988
72490
40531
12689
93981
24732
68590
92480
75706
19363
98090
21503
95473
14032
49811
3215
26844
92834
40232
80348
17436
27893
87566
31373
709
26488
49503
74269
89785
39991
76467
6246
30503
66614
56209
24664
50558
65484
69473
10245
38430
23401
81027
63684
76602
37868
88897
19513
1559
6661
19131
39717
91987
50564
88087
25593
58495
94515
67107
2689
46839
8894
90171
38620
76315
39748
60755
94647
76379
33770
50981
72821
86613
54906
94815
59535
71263
72826
42533
17620
10198
33893
18393
33494
10737
74869
32492
21223
42433
30582
44405
75059
86934
96497
55945
38929
46534
32746
59710
42422
40424
97995
76516
10038
36866
3118
58745
54099
15156
62700
53317
79232
29463
61268
61118
61644
67443
75035
4910
28432
96685
57915
42517
48542
44420
37576
19719
99938
23678
26340
13337
6896
97780
80316
59099
12608
71870
59604
71742
26891
69282
94328
67682
61846
12161
14382
75714
81075
6440
13726
60783
5293
68632
60979
40510
1181
64967
79502
19160
48919
65659
59204
77342
65506
49879
42340
37652
66996
83807
83529
53436
24398
89035
64073
35532
75142
45546
85625
14563
12298
9621
18520
98528
36213
68418
17294
80984
1101
75374
68514
14044
59118
62206
73180
88794
62880
52473
47564
33673
20943
44632
24699
69611
3367
6124
45168
67684
79326
68165
48540
88856
89283
90141
82740
29158
75792
64027
92490
46447
11469
94781
68690
20854
4235
83812
9630
70143
40840
54647
50505
13388
98944
94645
83363
73523
28437
85234
26913
85442
56385
84089
89501
41264
29818
79080
49339
58878
36434
58821
76100
10116
37879
2079
98295
53213
5342
14690
45568
48184
22685
11346
87145
36348
20102
59279
52798
32130
78259
35032
38510
91432
34288
31579
31002
72740
77502
39029
51411
17742
36194
11465
588
12102
70202
28267
55956
47134
44053
23543
43062
78770
59810
79215
31796
59713
95715
19949
25278
94023
95194
34304
2847
32518
72787
78613
55230
81631
89232
65227
3530
20611
16325
3905
72881
96518
7062
26665
43883
20626
93351
46154
6849
94184
91587
72855
78068
94738
66853
99937
53634
9903
43528
18520
18241
69392
25233
22263
51487
10993
27632
15828
73265
61995
11152
5224
70535
55884
19913
30777
32290
41062
76386
21112
83460
42813
59771
93286
47116
68638
61184
1365
15994
81644
70071
40263
47840
83463
48219
33144
76066
32522
26194
28136
3811
97158
87025
11758
55236
46782
79252
54099
55978
16945
3065
53224
81037
36785
60709
29344
1416
64344
90954
565
77171
66240
79113
41082
67437
40014
17611
41553
85879
31581
13849
32936
66269
80362
13562
30347
86144
1273
76160
89801
88442
22179
49872
69101
22332
41138
94609
3005
13732
74389
93060
66971
26129
40179
28452
55706
81459
47671
34412
35159
65672
7150
72557
15472
48423
16789
56862
20514
43968
12875
1467
93658
42866
14226
89243
85674
16666
16552
90128
72140
8094
6564
35684
33581
76484
35375
45504
39532
3185
31569
95741
23714
23734
90683
48405
61337
17235
29259
78538
35245
20694
3166
57602
61789
22200
18175
47171
78000
26557
2535
65134
70378
6377
89
32751
95853
27366
94015
80409
17884
23617
18274
93308
18792
2855
76722
51952
33648
1388
9935
93041
9388
41992
45086
48932
83038
14179
43307
90016
63314
40146
71879
9276
12663
89955
48265
77942
77141
65444
89859
99539
56305
20518
28988
73909
37489
49556
21656
45951
2874
61105
49121
13730
64108
72200
77541
51950
84753
21873
70079
89004
13457
88762
47365
46320
13081
63806
53240
82314
38824
35647
39272
57631
6422
4240
4812
87640
84034
7455
95693
75706
1783
18265
11093
39277
18033
18957
67736
11589
37069
79292
60438
1898
79122
32250
43220
46665
1954
27104
66510
46816
33172
183
60472
6146
41543
22287
84393
63123
74240
24155
95399
41914
67959
98506
94613
96346
68649
44786
84667
15574
58746
70834
35218
18686
13278
58371
79198
79513
67666
60135
23878
33025
65340
29377
28143
11306
87690
78803
63338
46231
75822
86335
60811
33773
91487
74453
98565
13623
49520
79687
96509
17529
41791
45826
26632
74840
75998
64274
60066
26288
98011
30249
28881
73701
14175
60927
49430
20605
25209
87394
52906
20936
9041
66544
29162
16911
88198
18811
92519
17765
4931
83321
27936
22600
7334
30321
57619
74165
52983
76365
4735
92746
467
64173
24037
10130
58646
37595
98463
74059
58146
95312
84798
27185
41715
99166
61030
55466
10960
14785
25063
49675
48256
96705
82383
2857
4155
48323
79064
74969
87178
22164
19031
22649
63233
74113
25240
60262
18266
98725
88412
70953
8224
60616
97657
12466
9395
17722
32655
78442
6102
53529
6128
10174
82357
62629
11616
19555
97149
42040
77654
63101
57743
54438
13493
9639
75606
40123
53060
54606
97399
21651
93737
36492
45774
24747
85188
30004
30004
95089
57387
72696
94782
3831
22781
79185
45090
55987
94542
17933
32688
48575
62184
16365
23342
33024
88300
7731
53009
41321
94542
59874
41825
78309
44356
99896
18161
48001
45202
50946
44266
62555
69058
23000
562
98756
64034
38895
2824
36098
65775
61160
22335
58701
83127
81845
25947
13664
97554
6198
86468
3644
27205
22742
21695
47270
89666
31514
25839
48175
51474
39900
77151
27081
23216
62680
94174
19168
50960
34534
76326
4735
73090
66886
57344
19403
72215
58401
3804
69088
5800
70733
701
68210
10898
21078
42255
67306
37390
90063
21029
9480
38000
90795
99508
55219
75649
27861
4750
80941
7023
26220
10899
64377
17704
39673
73385
7699
84294
37461
87757
19524
93728
39751
96027
93752
40776
2003
20772
20231
19920
55261
59814
65865
54132
22095
73409
64893
83017
48310
42424
40189
30755
66595
95454
47501
14226
53262
44707
95716
77454
19002
31988
20238
34586
7381
16675
94573
39733
54858
44170
90771
26350
80912
57887
62532
28665
81789
86350
25805
77283
97177
12302
8440
1588
13729
50191
74012
37491
13195
46021
17087
21155
7786
15481
28027
21050
54652
8501
61769
22696
2597
6018
14551
37303
20252
73223
11134
92099
79116
21482
76926
77122
63437
12376
78654
45988
91794
27346
21225
26428
38815
32953
69005
9317
86953
20400
81177
16382
78439
53225
81398
75994
60232
42928
44141
62965
20508
86999
54694
23898
68846
54848
47842
45408
83897
57710
8774
49211
55733
15266
94510
42889
61386
51895
89860
4448
6546
29888
9723
3364
12913
14674
12750
52354
41339
90475
61581
72582
16699
7954
93706
57224
5410
61508
87592
93385
66000
39508
17307
92940
86650
8236
97184
50980
84576
76614
44282
42107
70410
58469
11834
72318
29378
8828
17905
17560
13705
8885
4394
47558
58507
22152
45979
79710
29624
87041
71998
42279
22403
45380
64545
78487
41053
35835
15217
35141
14848
77575
64194
37228
74214
65660
91486
11740
41012
37551
10872
91532
76589
55959
19615
16254
68347
46034
47819
56593
25349
32023
16787
43972
1607
24496
81637
87254
84368
99101
54342
46520
29710
49546
21946
23289
21545
84011
82545
45960
81842
9494
38412
53886
43717
5304
20986
89133
20640
39470
67215
24269
15074
60699
14132
65583
79051
73006
25426
33408
4069
83573
65850
90674
8162
35058
82459
13302
58085
71903
93726
15498
35378
44942
5704
27927
72437
35128
40236
70862
66155
41034
50159
24761
99748
83591
13803
52514
48606
44815
46691
53152
48622
35367
57899
33322
92880
25969
6125
18254
26600
47754
39723
19387
15661
78575
65316
50428
64821
806
7819
8251
97611
36237
39245
69041
50518
70745
39401
59390
33952
44008
64306
92528
73580
6963
94355
58526
80470
15864
54311
94451
3749
46456
21558
75438
83390
79731
49655
30549
13273
64078
7703
13930
59637
89319
68907
84477
99903
8959
84087
63957
46981
71932
40168
68342
12625
43014
38416
53147
7349
68070
42389
68229
26460
73150
96386
35967
7819
89550
27804
34259
68722
5101
85245
73202
48529
27355
12427
66481
3516
53673
30831
30030
61837
37277
35834
28834
91916
30972
32298
12195
48887
5203
92952
54525
13950
78390
81632
56064
84744
92836
9789
6134
95425
46379
32825
41481
80803
54330
91444
40864
7648
44354
40976
24125
28731
54783
21945
71804
79011
15793
75121
46740
64541
17854
64642
38575
70223
3169
10488
79681
99504
31700
48054
41862
87280
53569
36422
98641
39775
83538
12032
50216
97712
17589
73300
66340
75119
57947
40736
40008
5561
29889
53314
29960
46759
30308
95685
6324
56422
91014
76781
61581
73455
54076
57183
13475
96037
17868
64954
92467
41721
5059
55669
12167
81871
95558
44622
96238
48817
38249
88440
86823
83085
24838
8734
66202
54317
75004
32509
41877
66820
91148
289
49408
15380
41020
8981
53022
77216
28551
5373
70453
49044
35470
63983
35838
36220
91275
78053
28160
30918
64351
50450
13382
64912
86742
56058
82311
1699
93783
8942
29804
73858
39238
41101
99306
68608
28846
71783
1600
82299
67175
32480
28781
92957
69086
74583
74216
49731
28291
46403
94644
34197
78278
77110
78338
12637
86130
53763
19441
620
21458
7248
45589
97458
95891
39537
46195
1769
93170
23352
46262
53544
47763
90750
94100
40977
17214
41692
14878
24364
57073
12073
6856
28430
57000
16988
69416
88417
27620
58727
67954
57037
33855
52441
26984
55161
36888
71750
11251
24901
42685
68286
13397
38255
21884
19874
88789
40482
81426
53330
50254
37516
86717
17023
3061
64492
23366
41053
94866
58468
95235
89011
68571
52980
75720
34154
6518
48680
54766
48531
90174
26305
86580
14317
83536
34891
76112
68093
91887
69511
52126
69352
95763
28692
22161
95168
79233
91886
87809
15142
42349
87829
55698
139
86736
6501
91032
74192
788
33940
63841
26209
97621
85121
7752
47048
44018
78489
64576
41295
59751
24748
40617
74897
70061
4169
62120
88892
89547
21016
91941
80968
49556
1066
85270
35751
12200
41863
13561
35882
96799
55660
8415
73564
30528
74417
92519
93918
46984
73388
88227
89488
49516
12998
47489
68369
22052
71178
48258
83368
5295
95589
97271
23782
29321
24243
77902
14619
2060
58979
57166
22063
91643
12418
81689
19463
35068
6987
28456
88930
99236
51876
16372
88239
51214
7195
36129
36468
91611
59126
39296
86093
99279
77436
90979
78917
4758
98881
42138
79044
32805
50105
60346
33672
1590
2798
31437
85433
19797
3955
18668
77753
57801
99255
24136
76898
29385
9577
45307
92317
34346
47419
45340
77561
59212
54288
5685
83704
79074
14833
37057
89954
79016
81459
21314
50961
17344
56118
80217
7689
17050
96096
47087
41762
87130
34584
14043
11731
3121
77009
52955
81550
24536
39141
19436
73921
39130
6600
1563
14327
89326
62879
73236
81692
63513
69218
13459
57450
7807
86659
38266
93671
77128
71327
57044
71926
5086
88366
76138
54985
80796
63559
46510
79458
71212
72418
16957
87641
1364
69016
76840
92146
56894
36681
90496
27563
41171
3840
28040
54338
87990
94608
18942
21138
42027
84283
63629
12081
97887
8603
65351
2325
97038
20905
6589
8247
98857
76831
7533
9202
16970
42805
20218
73028
56124
50727
45165
41681
56416
60796
46014
46646
26891
74334
37715
33430
20494
617
15512
8976
72831
45302
43599
58896
80770
41327
3765
40865
62483
8369
4141
4766
7375
46742
88649
57547
9299
37974
69271
37235
11228
99109
93175
79475
97644
19102
33052
5437
46905
71965
48649
70303
27600
95470
40317
42490
94513
81835
40299
7215
15321
95249
37081
31443
11004
25160
83652
32519
2191
30733
6653
5543
88211
59203
79664
80808
10724
93263
81314
85262
53043
13489
94295
86259
3928
11637
17246
16951
1426
16048
3556
93943
10300
22164
82486
58655
11514
47174
72349
42523
93189
4286
25111
57308
55682
34836
57823
98057
69790
395
14449
4040
41386
93041
99468
385
44617
86449
56410
13243
22854
80739
96139
12211
72448
73231
6788
20451
4432
21774
64407
6782
11555
48338
91941
25046
72825
12952
95902
54053
89691
38227
78187
94449
35147
82836
99306
60403
63045
44519
8318
5490
44959
52729
1447
40307
50967
86951
35909
96453
82034
50728
69733
31862
20356
8128
35681
63363
83752
80086
9439
81448
21237
82756
42421
36557
71163
75866
6188
9630
93179
15969
41484
10648
83659
96096
4409
8860
51309
20995
97107
45301
54694
5885
40150
66865
44972
34792
61568
4069
90627
30843
18378
70864
92375
9713
46180
92650
33976
23190
33131
23259
61025
52163
7197
33122
70956
24610
95175
72269
73390
66212
89058
22219
59105
20719
85182
51268
82317
87646
36991
86518
87755
15009
744
11452
31410
59839
99189
6131
40480
76781
86716
86037
95404
17516
7741
40017
948
37672
93325
77526
75361
22215
69980
98076
86537
44684
27292
62634
55584
15320
77266
6074
55740
17649
31185
77349
87270
44238
46285
58131
17339
45010
38527
73752
53868
62747
15267
37851
92686
44311
25145
33403
46500
28975
82465
68455
36263
55200
3509
25549
65284
58396
22332
14144
41400
53035
41603
36390
65679
93129
25015
88737
60994
68188
22601
60652
65675
83923
52947
91124
76509
11781
79465
47969
10121
26584
75927
52744
27360
26837
4838
57414
81777
24694
72551
49824
41423
36934
46993
59872
45796
56944
13108
93626
8214
50423
60420
36256
84813
37529
33955
45781
3381
46039
5497
53769
23491
85526
17798
2338
2037
1479
94064
31172
4416
1851
79104
99315
85705
79905
63639
923
46946
75459
89214
97063
93124
88020
37568
73753
23629
40566
22415
95627
31327
80900
72064
34197
50924
5207
3836
3077
92953
27333
79728
43597
42404
87500
57133
97638
43880
61412
55713
66344
52550
72110
24242
86698
94568
19646
44197
54744
27430
33069
96439
11892
53796
82337
11448
91415
7012
84571
48493
48952
42538
23574
65847
57536
24449
28850
28134
62409
51242
96568
88173
11664
37754
58776
12613
93642
56297
42477
9920
88833
30207
84820
87757
92360
53704
82917
10722
38460
46383
2411
36141
14875
30993
93547
77386
72117
89870
56054
26054
55480
67868
59975
51605
23508
97120
69561
12767
29719
87817
23843
60361
51700
18277
99956
17429
62544
93997
25642
60728
16879
81916
94876
46921
58399
90901
41169
10747
64154
56198
70392
27809
17924
5401
25488
90188
79113
29595
76416
5721
6462
52182
51151
6190
67930
84586
56432
5154
88115
62751
95590
15082
96215
98183
34104
74511
31438
24984
46369
63770
66695
30725
63022
78815
26996
17335
76302
68099
95611
11429
9413
11715
60850
45692
30090
47511
64765
50337
24531
57702
73509
26915
98060
27852
4687
1787
34157
91854
8194
46849
77069
56915
13273
82066
29757
96661
33516
85827
8478
47741
81516
36042
20889
60284
41257
59765
35295
86745
91688
90522
79383
44059
53591
86761
93688
65889
60933
16782
15118
40815
37422
1415
41405
51394
73861
85079
26535
64174
24111
13356
7954
33478
70643
75097
35509
25689
90876
31967
55511
74822
29229
86242
36983
62310
67303
14886
93281
39493
44663
81899
20757
59063
61047
17882
57788
74339
41255
179
90179
52061
95554
26951
67606
76418
18008
91783
52705
98740
17328
41719
44012
96933
54051
89732
50707
8278
98637
62232
44908
13493
72323
36908
11943
26335
37267
76852
11520
37925
59858
19890
32528
12474
39544
66333
69418
89128
58673
36797
70526
18704
27293
83275
67159
45921
99842
30908
25370
45699
40647
37001
43459
26550
62593
57465
90563
93839
76125
88454
32672
98208
23961
3046
2008
75173
45276
92926
83179
49250
91783
61121
51321
82031
44948
29137
93373
3488
6465
62468
7493
80985
28348
42542
7074
60899
37956
28774
13085
30365
70565
13286
28195
23026
73566
78837
77055
16798
99441
52099
7541
19499
67604
29860
69159
91470
4472
73041
71610
17104
8720
88962
24462
76518
34144
18753
7345
56
70800
72377
98971
23908
65352
16897
65832
32377
30406
42749
7106
65480
90576
25119
43944
18900
83744
59701
54340
33522
91055
99111
31492
22684
3910
19861
87958
91430
14035
7604
53632
40378
85434
63512
86399
34000
33992
82403
50154
2005
50607
53245
76268
94585
20942
55052
80923
75557
58583
76168
13710
25130
14373
28974
41528
84088
42639
77775
27044
650
81382
68542
69510
33999
30429
38745
23025
44219
36461
84766
4395
807
2895
74136
33374
79906
85511
50015
44913
74938
54730
87891
45720
16437
7436
6006
18754
52197
45909
91645
45411
27722
9858
55165
26194
3984
69522
35632
65216
54903
93516
74829
28745
81759
87785
70213
99181
28391
86345
31430
40772
99690
40524
98135
62116
93158
92108
22107
42586
49895
69923
13602
56532
30443
50414
66281
7485
5519
5675
9047
96845
57449
61651
50107
17356
18093
40479
89394
12066
90370
6403
92476
37979
89597
56385
96447
15311
24505
4272
94940
58651
91425
93826
87530
97100
94835
67113
9193
45248
80373
44701
26532
565
61700
85614
69414
27106
56133
37381
71191
35210
45226
30147
83982
84144
83463
83814
94666
74871
90314
77499
47582
60522
88380
59205
64754
89086
51507
24212
95531
65775
9750
96252
19997
73591
42863
63019
79307
46275
14244
36782
29238
75428
48660
79050
4376
5713
51066
39158
21636
82717
25961
67904
13670
43391
30720
91981
29564
80561
94970
40147
44228
5441
28114
38161
19639
57314
51373
18643
48769
38520
60948
53394
14691
12074
5524
98341
2324
87930
83134
48610
96319
66049
24064
85675
5805
61061
34966
4873
70808
21212
72000
5126
82315
41746
38989
22017
76598
80722
43736
93436
9660
79436
50250
40849
2209
49674
44359
40701
92632
53479
45208
32569
12989
48931
64043
6500
22582
65862
27474
88459
35855
85184
73259
40836
63878
48762
14269
46340
95575
67992
39849
91441
55597
25364
22177
56813
33070
80605
37930
27986
11053
13703
93692
51267
161
90393
50963
33365
30999
52228
71393
24359
71547
10168
19455
34182
2697
7834
28838
95573
50498
13174
27105
77891
12883
50281
56444
56838
55998
45228
17635
65704
72772
83873
94429
79622
10707
5117
77849
43431
31362
14701
54991
93392
94861
49344
20748
71175
13323
18144
90151
61073
20125
61084
59597
41645
69538
41689
17567
17224
21823
79587
16597
20291
32211
29005
15944
25476
39882
70632
54511
2039
54120
96651
73054
97719
99074
77748
78533
95933
14699
85231
22645
61794
2401
34379
13723
92126
53923
36315
47922
6354
20297
68425
60602
77122
94762
5232
60980
13385
25548
89436
92280
83828
91947
42587
17577
19017
51359
95212
86224
81642
41405
14821
16717
88267
88316
26501
24512
22157
15009
65227
84375
95460
43250
37942
28884
28655
67801
34023
72161
40240
41083
47000
36865
14040
49430
38179
23614
48171
17449
69867
82856
44280
99777
55540
30832
3932
43313
18325
50300
19108
41393
53215
17362
9152
20780
70762
38162
75185
95997
82460
11798
87879
95773
11355
14895
18070
17399
84824
57039
91743
45273
21463
41026
46691
90459
15294
99396
29608
7379
15037
16730
59885
24235
85888
91042
14672
64602
76204
90485
70995
4010
39523
12574
58083
50849
41515
68694
81627
43410
2978
50830
54375
37658
53090
9427
27272
68383
76356
20376
82080
3197
66966
39776
36454
70658
60335
7761
6709
65188
2806
61169
45742
82092
83396
29537
33924
79988
73902
18686
29261
81024
43611
35566
60206
98863
63143
28162
42886
82936
78347
15898
79822
96505
87292
95326
69188
94635
39393
37867
62534
20151
57290
79876
63777
88708
30050
67523
92247
72739
42481
47694
13968
29792
96062
23728
21505
6488
48596
36407
96344
54095
60313
2242
45346
28044
79312
48818
25721
77754
64297
7183
47875
95087
24577
50417
54947
7181
86708
34391
53397
85821
3347
44430
13894
52058
7400
93233
67241
26642
93902
16083
37720
53036
13765
55724
18374
46671
4195
85339
38044
10193
33989
90884
54238
28321
54859
54141
37753
92051
91010
16821
85883
72559
65675
80146
83473
29978
29969
59133
47373
34024
62739
7484
31888
55520
51152
69219
42887
46260
40042
94436
32772
16671
20569
95721
16168
71207
43904
22151
60081
1992
16283
11663
10103
49341
28127
86205
21285
1411
55366
21838
20529
8660
59932
68487
43224
15777
34375
44611
68996
97260
29248
14965
15721
54629
61252
5567
88641
34054
42863
47826
47297
72582
55677
64597
65479
11012
39860
89345
78368
28477
62759
13358
26090
20504
81366
6881
93322
54638
27510
26476
13983
1401
14465
60009
24780
92011
34405
17034
84673
56251
83552
63431
21042
88654
65358
78637
11943
21302
6527
88029
33062
37344
41024
42228
3321
31798
86470
500
68514
10039
31939
11724
66396
71720
62411
65122
34948
49394
23527
29514
5683
8121
30500
60699
94555
97490
37836
67681
64392
27883
9231
17576
78987
94022
84468
23548
28278
72678
66445
96531
79340
9140
29864
39417
1826
84206
41124
23360
45354
21691
11613
45081
39894
17013
79462
14531
96512
49138
65704
14662
56284
789
39756
25960
58923
46980
92709
1989
81587
47309
42748
89056
53694
2136
2546
79283
38813
65326
25061
43937
21128
38381
87855
18778
19048
97416
51720
91911
85525
95921
66321
72687
640
39392
15877
27408
45486
4087
40058
12033
11628
10098
66541
88130
89841
63851
16980
52543
67506
39054
3594
25112
93510
1905
5619
24598
96946
99250
55771
19326
54793
20279
5621
50501
40748
85501
19732
92093
97694
76658
53568
38401
32140
37724
54772
21992
12624
75196
5116
46917
14800
99347
33122
76970
49325
75253
72007
68809
84473
98837
76114
43740
44648
16877
67334
80511
89148
62950
54294
21015
8910
47357
49887
73807
7597
50286
23179
65091
725
58074
287
40205
76347
60506
89924
73385
2996
55571
1965
12151
78979
62675
45985
19243
22809
1303
41478
53909
44735
21632
91466
31345
35351
44397
44146
46381
66962
72603
93609
26712
59203
78612
1194
98414
8300
45979
4194
11542
23149
56727
33687
28931
27991
78459
27765
26876
1502
18376
8094
41385
77423
4170
82877
73876
86647
64385
66744
80757
33321
17729
27267
67525
8993
18511
34898
45103
37969
99511
1683
17019
64069
20447
27887
40241
36943
86196
79059
97809
20961
54540
54990
27439
4031
31181
49214
51655
50283
30604
82870
80498
87069
70724
57430
73503
9627
99470
69594
70218
4705
57942
86729
91281
49400
69699
64697
1254
70167
59572
37431
47248
46806
83044
72016
79404
80084
29452
31270
59153
98926
75688
9317
38152
62471
16558
25186
37737
23698
19004
73423
43841
73687
72698
2211
41852
28806
8961
66749
61037
21796
30648
29826
73956
94035
15357
34342
29766
25180
73032
86393
13026
23254
44766
93499
25984
81693
4904
84112
3685
28174
94451
36264
74467
77537
25402
65778
51580
64763
57174
67195
60477
95273
44871
52029
60791
2783
55390
17227
65961
41571
28003
6789
39666
94065
64274
87546
53006
34941
25880
3161
41323
64394
82732
11799
27483
96816
22767
13693
74730
59663
29137
17689
45779
62807
16576
93992
94541
50107
92823
7941
35969
21872
34603
59268
28593
19100
795
96961
18988
93005
75922
59046
82848
67127
79383
87139
96335
48265
77830
40122
85218
79078
36790
88841
11152
87944
94749
7840
919
76387
42880
53209
6126
2198
64283
20728
26740
97684
48409
72472
6019
35796
13446
42990
3691
78841
78597
17757
90384
69787
45114
86463
68278
4637
1794
27627
32109
54537
93056
29165
70771
11452
79412
16724
32062
43617
67041
1486
79733
37423
43531
3965
2512
280
79058
62469
35237
80645
51842
758
70302
13616
8937
63989
13549
80494
36083
56463
36644
96928
91014
17759
94643
68101
62035
30250
81909
45171
16258
95422
99629
19022
63142
28569
29496
99647
16342
69301
5357
58124
88610
44523
43191
62026
94279
5028
18877
31989
35543
25776
27259
28203
35615
11039
57932
88300
38666
17615
16225
52882
47021
76380
36875
50301
2837
63592
41782
59436
40869
9333
80210
61678
48043
83534
68510
5290
60507
46701
98397
59911
93300
62013
89663
29530
73355
90931
41231
82001
6923
99798
5859
2579
70040
632
90194
37406
77013
92602
62511
29156
35060
98754
23741
96936
53291
44661
54764
54297
91287
28828
82207
28745
88528
97151
449
45450
68891
40669
61421
17244
98236
75199
49659
83189
14918
67043
56818
48571
7388
74322
22672
82338
14188
36932
30589
9154
33155
69449
9532
73960
21651
89055
82932
22661
67307
77689
7971
45095
34611
20453
9792
27864
90391
42229
68421
60912
72475
22345
41350
41711
69583
2772
88338
42634
41597
85585
25919
26553
52031
1689
47155
90877
55857
36094
53803
74367
63675
8933
3491
40064
59100
3885
19694
33239
54059
11788
95861
10690
63770
67093
92462
49304
72343
85163
27607
50302
20046
74041
48987
72416
58644
7048
56031
49448
90234
43775
63996
37019
61950
45299
78785
75563
21065
77650
93936
52264
63051
81005
33242
34120
44896
22224
12691
77214
2918
19683
87527
15054
58062
17524
24899
16380
80166
93512
16055
91080
9986
38254
85235
44718
43685
78073
46713
65214
14323
97937
12086
34652
27963
10634
56728
42577
15392
9815
40692
50512
62488
66959
82484
33820
16717
29086
40809
6274
72991
4152
2631
50354
29329
40329
89465
94971
72347
7442
27948
97030
74343
19723
23119
99237
24682
20188
13533
44358
74568
36276
16282
22710
52933
5728
77673
71493
40804
9868
54118
5994
82120
12589
62070
37275
27239
6796
90326
4366
16983
29334
44464
90786
4236
81645
56112
29617
63346
21021
55276
78407
14725
25112
44596
16679
78116
20047
35260
65007
45631
771
29086
40001
89359
18956
10440
64514
73297
21066
89029
8928
19252
1812
34897
92810
4214
65439
84526
39133
61955
21517
29744
82850
46836
72000
69132
34944
62163
45294
93299
58745
72718
2754
42507
67899
83994
75716
7652
64346
51069
9559
95691
5898
32252
27848
30469
26064
66698
26573
97772
8417
80540
11158
31756
33795
4212
89733
48734
23621
11910
53840
42185
70185
4176
13995
47446
49343
12175
32593
68962
61929
18519
97468
18350
91278
66522
9528
18229
46730
65466
31694
17447
54481
90872
37967
29430
29891
32231
50107
14876
93535
56839
56574
95330
98584
66233
89371
31414
78819
53514
69080
60063
97163
64532
83385
58467
71758
18958
8296
86722
60638
65338
18472
47463
43288
51860
99530
43086
62364
11174
74988
31443
28486
17899
61565
39464
67905
62547
6100
89664
88090
20433
16456
81235
90963
7878
85633
24537
46774
24859
63876
78757
18233
80198
93398
37243
74960
58592
15161
72579
13195
51320
34519
97163
38286
89202
90950
7347
32908
22108
267
1302
21009
22008
29874
76303
67758
28181
14053
92086
83325
28544
58883
39933
98807
49160
8010
17170
37713
55779
67435
6654
49221
5693
93759
80999
9422
75269
42761
2977
63593
54124
93765
71505
6
45171
37767
99193
78718
98235
84717
35281
48574
46622
60603
97370
81175
90122
67789
24177
47876
84062
31026
53387
9354
38110
29456
68963
15714
51341
98020
49781
67042
32505
46105
59627
84339
3753
54148
36730
36925
90835
30105
75668
32042
65936
7362
18825
60841
95365
26790
74845
42550
18525
67847
24676
82981
87596
94383
70208
23831
55862
65111
24210
81395
71378
78748
94356
30545
16243
49608
40645
21360
56774
61946
85245
26837
58610
82763
71841
32901
89882
45291
49553
91408
28976
76066
15021
81239
38233
74469
74746
5580
78867
50026
30914
36544
71569
91373
57395
36465
28447
20942
6790
76941
36872
4244
9462
20908
52261
67249
50663
42003
92329
18036
55155
40414
20716
61371
77771
7803
67940
24975
83687
21054
50597
91424
1598
77234
86768
45953
82531
68769
92444
54565
95342
97151
21801
42181
23253
7203
37786
36803
82112
59373
41345
67672
95878
42690
73357
75904
36252
5117
62113
34174
62130
14664
6894
82815
36022
8437
22747
5964
22789
39149
90555
28688
5384
76187
88891
43009
17120
39851
46059
14318
20049
61337
60345
42797
49907
43475
18537
6473
87700
8329
5163
93710
13339
2869
41027
72468
33403
42174
76826
763
37091
89195
51350
40374
80189
53258
92405
65358
95774
71427
73551
79142
47046
73368
69022
96067
65721
96555
13473
69489
10185
21780
20333
99699
90412
62145
68701
82843
49260
68482
63154
53901
84280
55468
66966
70122
76291
42373
64407
80567
5469
66043
68780
57035
66624
72493
56317
38357
11499
47227
87159
59200
62751
49222
33319
30409
71144
82374
67472
27459
66341
76939
76656
7234
19754
14373
38705
98001
84155
78275
35278
87081
67356
56983
44756
80780
58862
86986
130
84892
60103
45991
66790
32315
19364
95061
43768
38419
83752
21147
86253
37486
79689
20076
19671
91923
41095
11979
78842
96641
51478
49566
26848
93078
80305
71174
44622
5040
57419
22412
13758
98392
8396
93025
31451
74622
29747
75301
5484
41126
89451
59270
28980
42915
56475
16338
42680
87669
19248
42709
85742
96271
22226
75667
87371
43992
93514
20647
25810
11958
46860
57198
34536
31148
78785
64260
95490
89293
63402
39167
54913
91750
38904
27332
26051
57092
92695
40656
27299
70065
50321
24284
98766
73625
81263
92444
87666
17998
61396
81208
33802
90732
5609
31754
67095
82328
42213
28355
15148
34586
15019
7211
13191
47041
85733
58059
67184
66918
28210
83849
24677
66382
89582
50193
45578
19439
370
93583
31488
24517
57984
54143
7444
8330
54189
59621
34985
55908
44819
59894
54372
18528
10469
84860
5868
58091
7891
15955
51954
60286
51865
45030
22224
2748
55943
5331
23050
77415
42003
34586
91222
85845
56936
5380
46874
5157
25828
20774
69987
30742
25411
43083
48905
15735
42827
37881
63522
39557
24564
84364
49776
2436
97843
19355
22531
51859
6882
97738
37663
104
73545
52973
94251
81354
47404
34700
7977
42322
67134
14613
66339
65734
96168
62252
76981
93998
60038
78829
83828
36493
90599
12228
17948
13088
95716
85916
69199
72974
58974
77594
11352
20724
3014
95401
11353
57490
56752
9597
10620
9384
12013
479
15069
96150
42744
66669
84535
75477
80711
25247
74807
38084
70607
16580
33099
17626
66752
6301
82982
44294
38543
54973
27582
83799
83834
85113
56525
74364
91515
48080
37844
99207
3204
93960
35354
5751
56389
51759
61863
25927
49205
48427
83370
76494
46229
35482
22902
80614
14057
39770
34196
96795
48612
10303
52465
80844
4555
61139
76724
71414
6818
39883
17042
58556
61402
10201
13947
74594
41680
70725
55680
95138
99674
4217
81455
95233
70941
39158
46625
3478
85735
54899
63099
70067
37760
68724
20383
39326
76030
37886
54461
87276
73072
61310
36810
6387
52053
99331
27886
51015
32888
36778
58267
50923
94479
78871
50098
67569
41152
68207
97860
99017
54249
24986
52104
6429
5681
94183
70356
33037
12326
57064
27924
84289
70431
9261
65782
30290
90999
5071
45794
58493
17990
58074
40449
15208
57923
57595
49925
19060
35555
33927
74903
28067
24121
85306
2432
23548
33646
17197
33471
37237
78877
91809
56718
56714
77765
36007
67683
2383
2183
58581
51730
21841
84265
2133
67702
77880
67200
13150
51175
52564
19810
51405
56287
75539
99044
67821
66303
73432
44156
35724
1263
39281
5412
30879
79890
91948
32814
53067
82491
60053
39774
98598
27622
64006
74684
57937
99523
7077
78124
2878
96761
63527
71753
56933
12538
60573
88643
77078
34867
28795
72977
51730
76299
13318
49494
35478
36059
80642
40645
44093
57988
94756
22361
24587
54256
26191
88712
91514
75646
10011
48081
32702
79566
78833
76505
5582
19989
62559
27814
69115
52747
37771
4113
62158
52071
13088
59586
23409
75111
40810
11595
7082
15131
61022
97904
53244
53142
26861
22540
90978
97917
26850
82686
2119
79697
11985
56711
64475
8628
32594
54454
8042
67153
63809
49949
97843
46018
89994
76634
74195
12578
19311
83718
30736
9493
92313
66908
42029
44059
64043
52748
62577
7521
53400
38323
92406
85605
32321
97852
11763
37018
67704
37056
23654
83910
23812
88893
88557
11187
66447
62516
23374
79677
75873
84928
47978
30389
48830
59378
71762
22973
70153
81673
40502
79391
63369
24924
28908
50784
9737
99835
82828
58995
46608
72281
97943
35019
14043
57208
6543
14644
36225
60337
1465
87661
46973
30933
65649
97032
76200
32895
25774
44521
45704
73935
68022
45844
67326
97771
47866
99621
45951
25505
42124
55588
87027
70396
69632
77853
95545
41628
24867
86782
25177
38999
37620
26686
59847
1838
36743
33508
29781
92563
50357
3442
70304
941
49668
77709
91911
82392
55161
11499
78103
88435
13196
4147
12922
52909
95581
94017
83922
48074
9087
90426
79805
38231
27764
4114
57822
28680
13066
4507
82921
41000
41198
85248
68788
33109
36583
73318
64498
38130
86127
42530
73343
62312
28856
58803
81160
45748
55896
3910
31655
2937
93443
19819
74290
21207
33452
19608
22181
52849
12389
59826
80517
4244
61013
49454
61034
51923
56957
57527
75569
72418
80381
92468
27076
16712
57187
86260
57893
1229
85378
62297
39403
15561
85637
89570
59477
42497
99035
35627
97328
85816
72517
60455
72339
28168
23399
81054
88135
98394
3321
47529
20080
95398
32603
58117
30160
24900
60417
84886
95809
60702
3395
86595
14188
55519
21300
53001
44237
86068
59930
47185
90122
13205
38804
11711
98240
2216
19758
94630
52600
48546
96070
79088
86495
57071
15044
61292
85355
5638
6682
41754
88288
87948
99180
50634
39467
2209
167
11824
68395
78671
35030
9215
95749
86426
34570
59065
10523
31940
63396
40825
78081
40772
87460
97036
97363
12072
42659
81243
16451
69580
79998
76786
90035
47547
94035
7750
4615
98950
71165
26243
71215
41765
541
93061
30373
33258
77194
26584
36708
861
5918
3877
19960
58408
1315
6463
48152
52235
15598
63191
358
66245
15531
47411
20050
6612
87750
65385
2295
51897
95750
38689
71416
95022
22142
57040
48907
2740
64585
51527
92221
42078
37738
2269
75943
68157
10647
25501
90731
95741
86696
43241
6689
21038
22753
95840
18877
92846
3414
66627
50510
53418
48015
20765
33670
15039
83613
25846
22119
49527
82298
92095
88505
67715
41055
36096
91908
24114
80805
99478
49137
50015
50185
42392
78212
99426
32669
1145
60728
4921
75461
136
83326
25668
32953
60362
7139
62775
44584
47842
84514
44541
70430
69933
29685
98276
64314
96728
60213
89156
47706
47247
60106
42777
33052
46168
52519
40000
87086
15960
10700
96975
50894
15154
5751
16850
89754
55518
48946
65723
21869
74474
15989
97381
72768
98410
73205
74775
50829
87747
22845
20192
31615
9862
57967
60173
7012
91329
19275
43344
58977
71583
58035
66542
95481
49121
26371
40564
99077
93904
10948
67190
75094
67725
80292
72798
20722
70291
2077
86328
74980
60060
33738
95338
71657
79824
92350
92783
94310
86308
75008
52807
54965
62876
14147
67518
15333
14013
89475
897
22042
7947
93124
73730
13007
51667
52906
16747
19509
68324
27906
86603
74190
82470
15195
38839
4613
20506
35297
53344
95898
22993
48338
33526
3147
12017
55544
4153
72828
987
24389
35897
59952
6819
2618
53246
41305
14723
62345
50539
1557
47657
43824
69292
35595
22127
52281
31296
60899
29046
98911
78865
76123
59607
40674
61416
15053
74748
90832
61119
42909
70093
77793
9801
76402
17277
62026
23985
35398
26485
2544
1305
7473
16339
56271
31384
45973
62477
82129
61681
58372
85519
91351
45308
51835
40129
73012
64509
10779
95220
36898
54073
34471
82219
11551
7029
57565
70036
75821
92807
85158
79257
79071
54117
90955
54874
72630
86529
83301
36419
42063
39128
49895
52229
4311
21206
43732
78456
85299
40833
15237
18956
41456
3072
25767
20841
44751
20464
37964
27123
66611
7529
81659
58849
12555
94206
69095
21048
60400
35513
10357
63803
52664
31654
86442
37002
83441
68648
40227
29592
7135
44124
65532
6996
56043
57777
57941
48979
59302
70246
96403
88371
12646
54430
19636
85462
3273
16009
80613
65055
12549
11697
33674
14294
95178
28382
80272
11343
24231
17963
24261
34627
66528
908
10937
67293
90558
6649
98739
81324
24936
6643
8964
94534
73020
36561
8305
85089
66013
85352
7023
35398
62881
35632
2219
51006
62491
62072
42839
36929
25252
70642
17579
88829
69666
5744
18227
9908
69653
1959
812
53647
15766
42988
50293
33526
61895
6025
80571
91272
42978
97374
51913
61021
32733
73206
78287
24536
45611
57622
27528
76965
86388
25807
22042
17689
77257
86979
46527
11645
89938
35349
22657
10803
25104
14933
44053
96178
23241
33663
36635
23197
98055
24399
55647
26758
62907
95700
28820
5301
76077
33716
57219
18858
91105
63363
82083
151
69011
46229
27345
45907
53661
2072
99762
37296
91346
84070
80625
24164
68760
74128
20279
7251
50378
5776
85022
42763
94288
62612
70634
10837
7442
84160
30830
20993
66907
48264
74008
96490
28804
60154
58567
30972
85574
64898
59667
26835
95560
78987
30816
99761
37801
35069
79742
22652
84988
50615
28284
15362
81922
28016
6914
14101
63540
56177
71040
49512
33688
25160
86564
82098
20770
25440
2095
61097
63135
72084
76249
36603
74125
70669
214
37196
26956
86813
34426
68795
59805
49622
62145
96420
30780
80810
323
95868
18402
20327
11861
13406
11333
4637
13855
56527
68745
86798
23113
66432
65051
71181
96959
77996
28847
66433
50676
96394
17776
29582
62665
54014
32531
37908
80417
67723
34100
42102
28163
54869
30142
13254
12168
3485
45853
74306
33616
84143
8362
32761
51246
93274
77424
65402
62209
52390
90492
84574
45447
97166
58734
36648
65867
93382
17764
70576
81762
14105
75037
37784
66282
9281
76710
92259
56806
78880
29186
49714
16489
9072
54387
44214
88600
91266
30104
31943
60221
78508
82318
82833
86354
79551
6871
93653
73759
66497
57202
7657
96356
50709
87192
92231
14668
20982
81589
40272
56768
93928
28356
35734
54561
58259
45990
1487
23869
28129
33005
65736
4400
89059
64260
55949
20520
17931
74957
880
69438
25944
25503
45416
45371
59080
70341
47246
56129
44502
71646
1516
63983
71550
20277
64137
72511
88526
96489
25738
84842
59152
28893
8437
39515
88543
27967
41140
37925
9498
47579
42014
80074
88482
18991
37785
62844
19783
57651
93372
65176
66407
46337
84488
82575
18683
1503
11583
72717
73718
72121
75892
71916
7156
77399
40551
11329
25008
45469
3409
64502
28958
17202
56830
95644
1812
4488
25364
29419
98508
12526
16210
14946
81244
55310
53119
83388
97291
79217
94308
94977
77623
36280
52639
53862
14449
59625
88059
72206
23890
91871
71282
75112
22121
96929
58197
14951
71806
23773
76660
41365
93628
27749
14054
94896
98244
33154
86094
51884
18326
72864
14135
18474
30451
459
9688
82619
63679
58728
76759
28518
65276
28259
76150
69338
12562
88294
35050
5911
95897
55758
31409
83612
60029
47871
37584
55323
85764
39334
734
85411
41065
64516
53415
28782
34159
7218
79907
79774
21586
45252
75830
23821
3301
92893
30175
37193
45112
90411
24027
4152
32314
50518
62023
93840
55619
73127
30579
5190
94120
23910
37507
52599
449
99999
1188
25605
69049
28167
33980
41981
99269
8554
23456
99906
71079
76848
44957
71565
21058
38295
63701
71409
24732
28772
45356
52077
32333
47219
72573
88341
13643
68065
39893
30491
71685
97227
53591
53598
24828
59480
87115
23041
25718
82972
87423
58886
35410
68487
62877
51926
6155
79487
3376
81956
70250
28886
12454
56521
22834
85759
50116
7745
56673
26879
33768
71545
83829
33070
84063
41187
97504
21963
46188
11286
51982
44278
90777
75419
44627
85517
10833
64066
77642
4741
78499
47526
66214
28131
86931
12775
20924
4079
77167
78213
20267
65300
10271
35138
4251
80477
91603
42759
23826
34849
85304
93874
44895
60935
61785
77906
89641
94571
2622
20046
62397
84816
11449
3283
60618
45546
32545
96902
47225
12158
27697
5930
21868
97354
30465
7615
21236
68135
39125
21434
85350
43848
83029
35635
5918
13847
55474
90687
73856
19394
10438
73847
40091
2842
14872
30158
71627
3319
81078
36419
29637
74813
12334
58735
8752
60496
70646
369
87469
58838
34440
44012
32764
26180
61126
53885
2838
26066
4498
85450
80890
95051
21672
77079
56154
36776
65370
34638
37286
89269
53788
77111
22276
87894
88
77712
19884
37218
98084
9896
42168
24020
75114
75352
74136
10159
53335
95006
43769
4541
63936
61189
3660
50181
52790
73962
91465
9832
34381
64561
76283
93390
7987
80069
45113
60616
59926
69307
23187
25876
96554
97587
96585
78897
69827
11095
9934
6412
21989
65632
62322
96222
53974
69520
32372
19260
47331
87387
6484
38776
42605
36682
95061
62473
86044
47140
44146
41049
10452
75233
70564
71612
94946
40226
77227
52177
36089
75446
89184
27375
25471
14702
43089
57093
93551
48655
68912
65998
20598
26664
56934
34152
98288
80900
8215
21972
87508
79462
85074
45262
8462
78327
67542
53121
53128
91329
93595
15689
52017
59873
13397
79332
22390
1102
34966
32271
40188
41760
42766
14127
78994
73386
31922
49255
4670
3749
80592
79145
88538
60995
8102
51369
50742
92272
73315
10939
34614
56183
14311
62743
62356
31329
66231
48704
57965
48317
25167
12652
95450
2898
49802
45841
89817
1875
74810
25110
24574
76356
60796
53050
7362
3513
14423
4820
8820
73486
54763
497
95817
4028
74177
86690
70348
35057
39708
5592
71224
39182
32564
86871
53393
56358
72761
90424
77928
54061
50225
13239
72163
60420
28323
94066
30958
12040
92555
43008
7371
58321
62889
83269
30058
3394
13124
21333
71444
29752
15954
72882
70295
18384
36357
12558
62298
91634
8646
58747
36831
53492
33953
32585
30038
82989
23925
81001
83070
15395
21203
45111
18789
82392
77717
27977
98128
53252
75422
65897
61687
15367
62149
34090
63999
24224
14446
233
83899
88772
42356
25052
61020
77276
80594
65340
23041
86110
47253
46756
22655
92475
76833
82910
87186
87402
67744
39903
28926
88736
54805
12809
52294
99461
35223
77320
18737
60897
60368
11175
8939
81160
4109
5630
95820
58973
84126
49171
83091
45730
86663
57712
53396
21789
29701
79196
70820
57205
25504
22606
19385
26735
24647
49358
2122
28748
98931
10853
71003
94477
89072
23698
16109
95617
60186
86159
48731
8880
64057
47011
79941
94363
8413
70308
43710
32445
39600
85377
726
10229
49978
9726
57323
49101
71324
42615
63051
71304
67975
6013
59135
55076
44638
16275
24256
90042
86908
28691
33706
6835
71634
80694
2924
16978
97491
9433
8540
53474
96496
95348
88454
68187
52177
73637
62831
24647
68799
12310
60619
40723
76952
63328
43585
29729
3967
87159
55985
11995
24001
16226
23950
45106
56466
83091
80039
87843
39660
38151
64935
56564
24397
7021
35254
55770
86454
44882
48913
73466
40586
30451
81145
55196
26946
93106
28640
54178
65534
88672
48773
66833
56854
20841
17384
8289
14435
83427
49809
8041
82066
33906
40133
39522
72385
46511
93253
79366
42512
94864
52075
75716
38018
61432
72433
55649
29311
88179
34995
43616
29080
4336
54894
29405
39143
88064
40829
3468
14271
3647
94970
68435
18845
69823
47209
80875
92763
54260
70158
71996
26470
19637
88556
42116
19149
22875
23819
40669
412
53297
61273
207
11077
48919
30040
77914
43385
83298
90875
81879
24023
32104
65014
20907
54818
49076
61634
72288
99093
48061
71652
3346
30142
427
41420
83968
6418
83863
3301
34789
22177
70558
6392
21149
85271
19245
22380
69526
36228
22675
261
18899
49688
42065
78975
14930
43748
30702
75549
30635
90838
23668
19286
59529
73164
72424
36258
44894
12923
411
83740
39292
57128
59917
20839
7287
60719
16420
61353
76370
21517
42393
46454
27218
17383
94684
67642
31257
71837
18687
70708
81662
13998
90142
98918
86808
33636
31998
32392
35820
59759
7284
28316
47204
35825
30228
70197
63674
8777
69670
10856
35869
35446
62904
49534
26713
67520
69767
75564
24678
85465
37871
38831
54059
40988
43498
51719
34695
6443
39847
22537
1125
43997
40897
58970
5733
70612
25949
52615
75525
7747
59157
74435
41601
38401
2623
70732
41193
61142
42337
46214
45799
90766
97983
15008
68084
34876
85593
7521
37073
34162
77244
67139
1121
80043
56418
97090
78946
13472
85799
29436
69852
27088
73961
99660
64718
10156
86563
18785
58185
36429
95684
30627
14281
91302
37373
70115
93889
10798
54371
5862
13034
37723
92805
29380
44573
85202
68400
64503
62145
42498
65424
96236
61696
80024
20813
84231
3610
99035
46869
3859
26082
39362
37076
97286
76468
92702
5474
72596
23681
11611
96866
66680
89654
88058
11353
59716
3397
74865
24382
94265
70490
13998
26430
47142
80489
50997
20777
49251
12628
98855
22986
80969
42384
56727
18821
16862
5988
14872
10837
88672
14843
52161
13452
23273
17283
21796
25526
32779
31685
15437
58706
99981
15007
37607
7904
44189
61474
36619
13346
31897
21157
39848
2174
42272
96827
44907
63264
80508
36270
47705
81887
24612
68953
13674
14276
15147
36195
92491
62804
23481
77694
92228
49957
21652
5277
33221
69041
81092
20720
67307
30513
7990
70732
47717
9168
79375
62698
9246
95547
93998
63895
81736
16865
39936
15274
84382
12347
19468
90295
28985
37266
31323
66462
62483
59349
48552
65464
37961
96630
17109
72359
91921
27193
3170
37569
17721
52089
40144
84845
5713
34500
61900
11615
97121
13549
50027
76141
92105
41749
15443
176
73542
53176
12570
9256
83895
86078
1666
69447
33265
92433
68718
69073
94615
48439
81877
7965
61713
32409
22109
26958
13650
58788
93904
36628
21102
40061
55886
82485
21274
68796
86593
44606
36500
80296
41706
91104
50513
24241
9985
13389
57050
44385
88011
18809
88918
93550
24575
64154
47110
89511
61603
42792
52615
52727
9718
80061
93376
54807
72829
18767
40784
24940
90488
25317
60075
20515
49540
17491
41467
87593
40419
64327
96636
88494
19855
76412
23994
90449
11500
54708
19948
77056
26281
53628
64391
35409
50201
11175
91932
88278
41009
60391
76300
73029
80681
78528
13011
44492
56558
25865
49779
9260
99958
23120
6075
7867
57
48656
51599
87036
61741
37456
77946
22052
4587
63868
98126
26985
18386
63469
62581
95672
68895
50403
82641
65713
56939
93497
57538
94877
30301
13786
86084
20770
19769
83239
4561
41182
26264
57059
35019
45871
11540
79667
70917
8021
95246
44562
5270
23350
91876
93748
18143
8495
42989
1156
70332
60514
52243
91452
24216
3870
38416
53539
69939
75671
39534
72013
23750
81173
90321
92958
74996
17427
42021
42793
37530
9709
96817
36649
6888
73670
12649
81458
8880
20843
68559
19395
62103
89305
16326
67724
57613
94207
89377
64627
62326
41930
79401
46555
10044
96977
30622
55357
55667
30491
71630
45743
14022
31794
34571
27489
23124
17174
54732
56581
29291
91075
7233
81550
58082
31650
63080
51044
88144
73658
63677
92620
61923
8286
81578
26730
29815
78385
23837
56250
91383
54288
77179
17428
71494
97016
38594
74803
18525
22865
39193
73501
65730
19680
83454
91329
1787
53522
78836
75103
98871
87028
3236
95202
268
53458
57861
10901
6910
27921
56752
22662
95037
25522
40657
14903
68515
99324
87622
38924
14153
37793
24726
30336
43198
20958
28129
18142
54256
76636
72248
2193
23137
50966
65316
2633
16196
66210
55358
12728
98345
15181
22432
23423
40481
40208
42018
15344
99218
97795
7926
17611
63907
28878
83686
41384
9608
75001
85689
3243
64002
51446
48844
69230
72186
71231
36093
35916
76920
88980
74997
34431
9226
96040
34641
35203
37817
51516
98846
66930
7131
12664
22467
95275
57077
91912
75612
72859
58290
30048
36351
5414
32729
8534
67377
43547
2312
3513
4542
52729
86392
30367
53872
96256
89148
49191
85083
86586
54331
37869
59765
84943
34327
51029
22554
47657
33468
27016
97981
23329
36122
29370
1497
94408
86670
97915
90115
64606
86936
67868
76724
94613
42961
25698
22453
36843
1472
29828
85713
11669
71639
26744
22638
58076
58401
84959
67632
10569
46040
31813
54574
52481
54418
10631
70217
61319
33323
91749
96735
58189
89474
91452
54624
81079
28800
30803
54176
51607
910
71174
13355
5091
48882
58404
38519
71821
2941
2809
24099
7928
16395
43344
4591
83473
76496
1573
46541
12768
55408
65472
11537
52918
32132
73210
76457
6592
94393
67187
2407
34767
69454
76573
82068
64929
43249
54484
32953
35628
83845
23531
4740
64659
49184
2235
11677
65891
3682
6919
29587
29514
20319
87134
19046
54467
69473
9442
43943
93863
74716
12612
53091
12481
74928
61454
83172
63258
9205
10376
66036
30192
2273
33968
16961
49069
60576
97124
32847
38705
45940
83547
15468
60655
30775
89312
81427
88113
59423
3619
90604
39771
77801
62182
2064
22232
93372
37911
12506
10041
50430
33162
75314
78134
71169
26017
47411
90039
34919
18382
55135
22366
29872
67352
94683
86433
11271
50918
74063
87523
70720
13309
13797
75428
15011
40354
20041
5716
73384
90291
88228
95857
35035
39914
1516
50549
84683
37194
52331
86353
95717
26302
73194
79754
70604
52331
53918
63740
22820
13214
26671
76262
67238
84347
72156
32877
26265
4141
40581
89779
52877
70198
80099
82686
37337
63159
82334
53490
45851
9429
5115
20227
68235
23470
65401
76289
98180
46769
28017
85061
64545
53231
62203
91647
50020
29659
75345
83841
40593
5783
87357
91704
91906
37789
32539
11513
43277
98801
8026
42221
15014
6047
6935
68437
61875
38218
99326
44871
73629
48339
48152
8317
52645
37943
81797
44859
69044
10741
96649
81521
52333
52440
24830
54276
37926
53749
66362
31729
21369
47850
34029
92078
72266
29668
75137
21198
88231
94656
7660
38290
55815
9363
80400
54295
55242
52090
51334
23775
2665
39247
31310
95468
93164
22145
12078
3684
64491
17977
31814
83483
40625
76998
33626
23294
35237
86721
35
60043
99556
64369
16773
25857
93026
39503
78312
73934
37979
37880
73480
40473
68480
21618
75523
65757
46012
65118
45388
57986
25451
17505
62052
346
66353
61460
18904
69105
62338
8697
91279
83017
74923
92137
71561
93466
39232
58527
50528
3892
74284
51283
31449
5921
33856
88795
36951
54344
92756
27592
909
31326
9996
51085
12035
9030
39638
63647
57904
12803
54182
7722
49436
36370
65564
72508
95775
27942
55479
56751
54160
23427
2846
90361
43589
87388
66557
5789
75357
72294
260
2429
94069
57137
9649
54667
69362
79385
62989
12107
76981
43328
99278
97670
25287
38461
21490
79283
70797
38607
32368
70630
68782
85785
94947
80139
5387
77635
71943
77531
83926
1146
30891
69353
34203
75499
80230
52972
30379
64122
93114
5120
13331
27431
64569
90226
33810
77772
77786
85954
90881
91994
25739
82466
93286
90754
84967
80030
38666
66105
47099
3092
8545
60002
82263
71344
46762
72834
46505
2031
10026
99910
94821
88811
86941
18138
86820
8223
95657
343
19619
64081
984
39898
87860
8982
81592
40956
34714
13050
3795
7176
53754
97441
58764
57455
10743
35927
93542
67908
9506
17762
8032
61618
31326
98969
66637
51448
64818
65056
58458
8870
43983
17496
30476
1935
93319
85933
2851
34837
3832
32172
92385
20222
30342
22759
59498
98857
75046
69541
4177
49875
2952
26081
1533
20850
53267
97103
67066
1878
34655
75393
21150
57945
31429
16954
46114
37107
52523
21842
8509
65874
96305
36171
43214
86139
59841
64179
20193
10656
99557
78994
84895
98566
66391
94455
99691
10119
30642
26777
20820
63407
34975
16377
30960
11131
87795
23651
9388
78403
3380
68997
90405
54600
98077
54288
91740
220
62183
6343
55319
70308
198
13147
32642
92148
12760
80071
48650
67527
67807
58487
46058
24695
36595
76194
94194
54048
45862
52095
95816
33026
54475
35164
28753
30413
34666
78832
95894
76470
96937
64461
12124
81236
58655
55959
76424
91331
65008
26253
7473
46320
31372
7345
62474
59258
96160
59364
1476
55787
99913
32295
62617
98144
44203
51273
74383
54911
9064
76143
47278
97789
33682
28251
59695
17007
27587
79902
39361
4906
61579
95859
10097
95620
56202
70159
38836
38019
80107
5580
91192
50872
28476
54893
94392
48714
21909
61875
534
13593
59282
87600
81988
60300
51132
99177
38625
2127
21533
81358
25353
99238
16050
66232
1870
69280
67100
65961
45060
56886
83435
4237
22965
24254
75252
68031
36762
4714
8589
95754
6903
96456
37586
85543
41977
43391
84930
61183
7408
40162
78040
12209
79920
59554
1631
84893
18389
55578
14570
54346
84015
8198
51344
21258
43538
22893
58257
1913
27488
21185
8944
11444
31510
36207
16913
32216
20710
63010
33762
99887
99690
53543
32071
25967
51156
99028
97168
37504
61281
61473
51745
5570
80325
11888
64678
37218
44012
80878
38999
92648
83423
70311
51689
80405
13778
97842
77933
12760
3671
25632
75713
24679
97061
48919
30340
94189
23471
6035
19303
31050
97695
78802
83672
13405
16644
78530
15497
84622
99941
54345
29709
31651
47876
25677
90944
85239
4263
71556
83006
61371
2544
22898
14648
45733
43385
79654
66070
27764
46080
70078
74164
8545
77194
99267
89404
23380
22302
68020
52382
26713
10184
86588
14642
50334
84126
30472
10324
48004
74922
49911
60986
16254
69613
1124
67665
15773
65362
73208
89692
57424
88212
46636
85000
47880
24963
7744
45892
34713
84066
26684
34716
44023
96440
1630
25141
39179
99507
81674
74966
19166
30020
99571
24889
95410
43799
59493
74647
9974
50085
52105
15628
45096
7923
39210
75456
93217
49533
70255
76618
74561
97494
25687
82961
26400
2672
7983
22580
22487
67952
33233
59314
63554
35273
2715
28903
27909
16384
28133
44280
63347
2618
18571
24194
84962
36222
42892
57046
12148
53347
17062
97029
27346
21439
5239
86865
43509
84834
52111
16670
4600
90359
95968
70758
20509
67148
10679
9924
23034
30213
89615
28103
6642
14098
15171
14062
90444
52220
26984
95148
44823
91850
91423
13753
16448
32420
96378
24615
70382
90423
53689
92753
90115
30599
99498
1171
75614
25470
10174
98738
55077
91211
91945
16367
31011
79350
76041
3419
52471
74798
43722
42691
37283
2214
36355
50262
73907
78281
8388
57134
63956
638
95740
60533
31995
48338
92408
36240
19388
30441
14798
11627
74317
42010
58088
30745
23743
46530
33526
25797
54475
27772
47773
69816
58982
27102
3460
79611
33430
50621
23523
33611
32776
43177
9241
64288
45712
60511
24700
56261
35663
56617
86991
29434
54306
85171
48422
68691
1862
288
38453
12043
38578
91149
45206
60189
80512
37332
12496
64783
9834
28070
23651
99247
91818
71700
98893
14275
59140
60714
99192
13956
38356
34885
9574
86714
6798
54428
50864
31225
9006
69252
72487
69408
30537
26026
29645
56506
80241
43082
78653
83286
40544
41481
32579
66397
37691
78552
58122
10648
50964
47981
13950
38837
6644
14735
98917
58926
75873
4344
42613
66831
74037
59739
39618
11849
91371
73493
43373
83461
39903
14921
28870
10946
87361
75726
48715
64098
63796
74008
38646
12245
7794
98431
2989
35181
1623
49226
1773
24855
95139
91191
54149
3343
49378
34866
77533
38382
42451
45928
27082
30056
73026
15500
61451
59339
24239
41855
98167
32921
829
7262
7568
41706
26391
32861
9172
13313
23573
92976
71472
43342
34148
53113
38692
62425
47637
1831
7293
25261
50112
32847
3355
68114
87606
57541
63468
44551
17074
89352
90391
5079
22967
29285
9704
93490
27604
9472
43776
22210
32621
51509
93305
68223
472
38459
19607
41157
49148
8143
5139
55170
39259
64779
65167
36925
9954
28750
86079
75307
82610
3899
97086
61683
17264
54158
93259
32931
15713
35801
27424
45991
67056
21801
5156
83691
44091
98700
62131
81811
8331
3050
38292
28009
1509
92295
39386
93675
94440
49543
57685
66342
44759
12811
3572
79708
51638
50379
83332
9092
92537
10163
92686
39149
34682
61483
65880
5958
3337
367
15251
43906
90401
25628
81334
77874
92569
45402
90673
72390
30829
306
10320
8594
95963
88453
29459
98989
20897
23203
11771
69235
89131
22544
20097
20209
94674
39083
20252
4280
23552
59674
42356
11373
43071
38835
10664
38365
48864
9214
29527
44374
86011
2321
21624
38786
17809
4866
52247
35807
84463
41716
71696
63187
24775
5843
24832
79464
99328
83534
9744
54103
7883
81665
37293
29742
42262
12570
96083
76770
20990
40893
31209
39202
75170
33694
69039
52137
79558
91350
40539
15452
52543
89451
15043
46629
83598
97702
53128
41122
25428
26237
45443
72448
12810
46490
49084
50688
1474
78254
87877
33476
16440
8060
5861
15236
55535
95161
48209
26640
63506
9955
84830
32017
4522
73503
73362
50156
17509
9635
47443
82795
38957
18524
79164
44308
8689
5485
93536
84386
91074
56711
64450
42099
74993
91292
67371
85486
53515
70776
36218
98752
58267
96526
29541
74471
77996
1319
99947
89623
94625
20023
48224
16663
25168
99173
9799
3116
77208
55301
23388
39358
62860
86044
66469
76959
15906
26823
44
73055
7279
80807
28635
59285
41365
20928
53893
25560
33711
7409
4797
89288
18212
34824
14999
9302
87039
26644
20038
34550
78467
57261
25268
61632
16863
619
70414
75304
39928
39014
32091
18291
35721
36744
27807
69314
90855
74332
9175
54825
93707
63947
37879
65364
67590
17255
99111
8864
51327
92988
79836
90121
3305
6902
89909
91331
34156
96207
4681
21469
5246
75817
44897
11865
3931
81709
52298
92248
58378
10969
18960
61667
90807
2836
58095
5538
55122
75197
87484
5141
75904
20262
54984
46066
887
29435
37225
26146
57773
50403
71403
73491
40585
43184
77947
25184
80194
95688
74764
24046
56972
78523
60785
20313
1118
20768
52190
76162
66922
91059
70439
325
30062
28615
67664
65062
8395
72066
13013
63404
56060
68403
46095
14170
80247
28624
4834
39147
92775
2333
30676
36432
38003
99657
87105
90833
89345
74980
28281
6754
64530
28721
21496
6761
94664
26714
36260
845
8531
75455
36268
6209
84792
676
59178
73461
47193
90470
22387
56668
65505
3344
20247
77737
52536
22262
68975
64004
26308
25425
90974
58940
47676
8348
68459
10501
75284
13496
51471
65446
59227
35280
82270
51783
46698
92959
84047
85824
57213
84031
10812
42127
15812
75504
37325
75867
89180
59873
54510
67403
87750
22122
7093
72151
29922
40925
87562
50158
79057
18166
236
57404
98527
22194
23469
87513
54843
42237
99904
42773
88961
43403
45646
52006
16436
36561
2345
28213
54088
26367
12635
99349
62330
90113
45411
81115
56623
53802
78287
3067
87416
8976
58244
63537
60021
83743
13537
13334
20384
40619
20308
16335
38368
24010
39885
41593
61229
42491
90911
42957
56411
60306
6362
26086
51454
85419
40176
70239
59909
22112
5774
91457
82198
91222
94386
66065
11166
32209
92395
14910
1354
50355
34975
35686
31094
43066
43229
15149
13283
8752
85535
46947
54645
61253
20313
68035
73981
11781
33249
77792
63462
69664
54366
885
80926
68506
19101
79760
87126
70611
1561
1389
22018
43816
92344
33115
19318
91746
64183
82832
82665
47471
36554
33446
4868
400
80264
6373
12537
11944
46457
70641
96357
70687
62115
56828
29335
28173
99279
94906
51708
35833
94006
93729
11747
23983
85039
21380
30065
16282
10353
38747
36994
42556
5674
49471
39529
27022
83370
41670
57749
38111
5949
29406
78128
82642
76953
41771
42529
46306
18446
85300
61151
52183
9053
59876
97854
95884
26195
24849
50335
31768
9528
61925
70915
58342
16681
45998
62753
71813
56124
39282
22947
42223
84872
79738
93941
24942
46740
71754
96800
16951
63032
68391
22404
77217
93312
79724
54625
35808
24988
15108
57126
89357
58074
11299
51724
95739
24799
34553
93245
66468
64746
41619
74182
13870
11723
26177
14407
7248
80191
64413
60184
12974
70536
40537
78950
20834
60024
61616
10297
7013
46361
82507
43881
23085
10319
21768
92274
1643
32073
15620
28620
79753
6142
66113
20130
58525
92945
16001
53113
66947
10709
11949
72932
16337
60603
12893
84310
17473
13412
78463
31773
42970
2484
20528
72925
90275
59516
60759
94241
79766
2457
144
97521
69008
76640
70005
86898
86875
52679
96159
1242
28791
39055
34498
26259
65445
58089
11122
23853
98968
13586
23726
89088
24282
96582
97029
94202
7529
75718
31617
73775
99948
17451
77141
15715
18000
13393
89788
75640
20232
80483
18848
61993
9490
83024
61246
85620
57866
6737
20914
63656
83689
17055
13332
21469
44861
88488
17364
53291
95843
71041
83554
21455
63945
75089
83023
64918
23074
27009
10222
95347
30371
84878
55578
66452
50530
86137
97350
90096
87961
71885
93444
33614
23519
69806
6059
66860
72559
62703
50936
92292
67469
83350
33707
16983
40502
3603
846
4301
58907
27749
69148
26416
68324
65569
82154
51574
97960
22885
3720
70800
79520
5886
3393
61129
27694
5494
34279
42224
39087
65254
83851
43963
41448
65470
51396
23921
16821
86879
92294
17324
21327
88808
21697
61402
6854
74457
78974
8981
23529
26626
72641
68891
7012
43946
1012
61401
44464
77194
37940
10368
93564
45758
5789
45221
2068
51733
91758
50272
10447
48287
93584
35397
9348
11216
59744
65722
40040
13632
85498
55608
5574
61798
29203
13539
46486
92672
49668
68568
64308
23500
93035
7717
13866
52091
69497
57411
12228
99881
58522
65624
50448
96733
51848
15562
53001
58580
29134
25827
90583
82742
43967
78647
78400
53029
26918
38813
70856
54441
18511
3644
34741
29017
49776
94246
64227
53117
29256
3511
28587
7147
526
80812
27130
9425
71250
40198
98751
52738
51047
43230
84916
83188
22292
50237
3012
41325
74396
2757
76904
93914
93136
15018
81754
26885
37138
58426
68991
3972
44312
1528
3680
10757
94392
32850
97845
79809
4147
4339
2202
62282
45048
80776
66114
96165
80477
88224
49821
80453
80009
67320
22937
2745
49942
61137
51834
47246
89102
13234
51770
7658
10204
6434
81609
71414
45942
78164
12745
63289
25062
47638
74257
75541
36936
19545
83905
88376
22217
71810
68247
85603
94811
33271
63328
17017
69165
78798
55551
71295
77628
3787
80102
83635
55063
15087
27512
37267
18863
4212
76570
11829
5997
38465
28464
95055
26772
85556
70151
73577
9194
47694
11538
26873
19760
74935
45407
76703
56207
82950
55520
39807
92829
25368
93877
31802
58019
80968
35797
35731
90303
7411
35781
80498
97180
61905
16475
76094
89178
51854
53522
86316
35170
4308
65490
65294
12676
24487
6285
88275
16305
23530
43449
24103
99058
8568
8518
55640
64683
62908
63404
67358
89248
42483
21160
67604
95586
2139
27232
45729
74026
37886
82596
20967
7703
53260
78793
48408
97542
40489
37948
84940
347
52399
12193
82586
66883
83258
23610
11384
50889
55175
98387
74635
7289
43062
27049
99617
43140
40884
63093
99127
26218
15325
69912
20688
30906
15935
7116
5845
83133
52018
61156
13658
72678
48775
9764
13707
40636
15292
12025
82832
78751
49627
63285
30682
1987
57839
29431
2121
819
51940
47010
18401
70858
85607
43608
39785
17192
77136
3169
59764
40489
61191
23614
30762
50461
79159
340
8863
1675
9379
6420
96470
73471
42040
25806
49923
37010
57936
44659
15188
49347
23823
58568
14082
40211
31746
12736
41408
3290
3372
75040
34323
61448
78513
6569
78899
83097
524
101
5725
24173
59973
63161
63402
13275
9437
4793
86782
85653
16286
58308
43360
66777
18001
20272
43688
48555
3390
98737
1100
93583
37733
10263
65521
17326
91252
19128
23655
16869
41680
23137
35140
60498
25286
39398
9722
38197
52889
7030
42195
89136
63549
51024
90507
96542
86503
59685
95374
86632
89355
91373
79541
20382
95127
59092
53617
9717
35141
78305
52885
33782
74104
32333
91961
34889
72079
80349
60872
91202
5766
81148
50350
92554
74093
27222
39937
63726
52064
65775
79714
27391
86608
51317
4003
11880
75325
3022
66546
4885
96236
12577
46136
13853
10004
66943
70268
23806
77414
68415
60462
23522
28986
75678
29802
97202
19890
24227
4908
81059
37709
96455
95309
86466
64103
89519
75508
92227
99621
39060
48317
14823
22110
84081
43040
70899
34966
77322
43723
96402
96766
43821
87526
45478
22626
20134
71474
80233
21690
71766
97301
21065
90925
2753
7397
39787
52007
96034
79311
84988
42415
20945
36525
4217
6964
6353
63498
44122
95522
56188
98362
60183
98121
33991
12812
42366
23022
66247
34889
68104
43969
29072
95195
65734
49565
74902
34271
5050
89050
71439
44032
77195
61178
29984
70106
11077
49342
63292
33414
37006
49776
81242
57506
64664
56316
43142
19457
33557
62466
3528
73731
38833
23332
77281
40155
84819
74127
92096
93176
46374
2033
34175
76083
14876
25978
41684
34713
50960
13341
69431
19956
36425
83971
44342
7275
11023
34118
2479
70537
3743
95723
2429
43996
99072
37820
74219
85951
94663
27753
95819
18518
94563
7585
89192
61425
65332
85661
16035
71188
12035
60215
42600
31839
41368
43313
89797
99774
52568
39634
42332
93654
92239
51868
88740
47720
84875
33358
79161
70235
99298
73255
42735
78728
505
92285
93708
25953
3339
32983
24829
76891
28539
64192
22167
4177
54550
45351
46558
10415
35462
42251
12032
22753
69640
72922
73934
50424
88970
48275
7154
5018
86673
36705
10486
75903
64227
47464
3371
66782
80908
1653
15454
37488
63866
92187
13657
49506
61260
15036
90186
91820
76320
56567
9072
54711
60294
52109
5234
95091
33645
21316
36909
82883
54334
87280
3967
34733
88617
62811
32438
69879
86218
65218
58240
36516
38154
70103
63940
9279
62760
72654
72712
43511
13366
31692
2238
30862
13661
54086
35839
47684
36847
20325
44683
71153
50845
11968
14837
36336
7946
78209
72134
17063
56344
27727
96756
45736
28633
82119
97497
71810
4272
13330
25912
91483
17852
90794
99584
50102
40733
13914
8402
6898
88370
9710
10195
72946
37493
45960
1109
40527
50435
72734
15607
86112
8492
21231
69430
75491
37449
16667
49453
73793
38985
89107
5195
20234
86282
9623
52823
72746
7199
35929
8713
28034
73252
55848
70719
20785
96648
19882
49718
33072
48331
85301
19642
45507
55189
9560
72110
834
42040
67863
84835
37479
89075
85015
17680
88731
5481
42090
96078
14827
52315
82222
3546
10233
95148
58955
92852
40429
75072
67820
97305
8800
22071
84686
40375
79519
7191
43773
74421
53788
83234
80060
30119
30863
98626
69945
58129
45053
92675
85987
27871
24040
39143
45616
23314
5073
56699
26561
79446
19754
29661
40027
79159
18549
58969
22131
99144
10247
18139
42922
69241
59276
96997
60428
33144
33755
14098
19379
65313
76020
67795
4624
63150
15946
45876
90857
82002
55644
5619
91361
43868
92218
12813
64136
77837
14213
77744
91524
31783
90042
79638
78655
6319
29335
10153
12396
49003
34090
53985
49041
42529
7761
72655
33297
26317
80238
22841
58588
41365
43353
79915
17428
12760
98402
12853
19486
81724
7489
20170
36860
74458
60348
80945
27240
25002
50286
47795
5576
15506
19427
6350
40434
87518
2060
89297
64730
33316
34094
80234
70461
97299
64556
67409
26853
65526
98446
25811
96423
62252
96343
9035
7562
20796
26073
80704
69901
10397
33708
7143
69230
42877
38793
15377
98778
55770
36550
49285
33127
26967
50661
76536
27854
26223
20440
3619
99999
78270
31979
22605
666
18522
31190
44020
20218
35354
1293
44798
22909
38912
87713
21207
20206
6289
14851
28832
36496
17529
95058
82403
80912
71612
76040
28419
8958
22557
27832
87871
43202
6326
53989
41388
69135
49704
30680
55062
6023
72327
14178
90820
99689
55251
7325
19402
44589
20197
28744
2911
98839
54089
19550
83507
33397
69210
70324
45011
75996
80603
53727
46776
76183
57008
3461
72382
91985
10368
72402
958
30881
2620
31045
29579
84133
69383
6121
90470
95791
99904
676
82388
71007
73169
72131
50819
1720
19104
5129
32930
86479
63562
79669
18438
48818
79067
38710
22316
11407
40663
87221
9148
73630
51572
64591
85404
17615
50245
69812
19864
87221
85986
72976
30562
76431
44115
6527
1352
91333
19998
5563
2079
58792
93649
44479
32690
55757
34317
67021
96770
75284
35763
11675
96158
97
22965
69570
30796
66576
19473
46101
12766
5434
19672
45359
43939
47622
94720
39974
90355
8091
50287
60114
17777
67540
25579
19153
19989
15987
3995
82677
61328
87251
13358
4050
46747
18693
30544
35803
387
39448
99959
87186
20181
4117
7709
11213
84381
68687
81046
68019
82486
58907
19848
65035
95830
92245
69758
12539
82581
76218
33714
36211
30733
86157
53267
16813
46590
68151
86328
27692
7623
93070
37626
82859
77831
3441
83981
27960
49806
88732
32215
11441
27249
15049
18565
45838
50775
37966
55904
10384
61174
77932
48941
93067
97563
371
40659
56512
74557
84518
84534
55505
45954
17031
52448
34904
9385
85235
34738
86862
43031
29894
74261
4176
85197
19284
50570
52181
10806
42223
3860
64461
44165
5672
78978
21196
677
76041
66100
59820
46837
53781
26036
16830
29292
36219
60278
46589
76013
81697
73495
96422
29187
58551
98415
94238
81510
91906
28984
73246
77614
39624
9543
28305
23504
65294
84077
97343
44967
14578
58565
44672
43292
6942
59210
65747
43167
72004
42576
34197
83152
67255
37571
52762
27092
26096
9724
30372
97067
32555
99706
61986
37896
29292
41887
38395
96208
92022
231
87205
38484
97522
10333
12685
15260
31291
10486
29408
7546
26143
11141
64169
49122
22540
38903
15512
59134
57687
95309
38919
46281
37852
80085
36325
61743
18821
126
20482
46977
43965
15357
78180
33903
3647
59728
6121
94437
73941
38869
11686
24197
49924
40362
68074
59394
53773
81563
35973
20520
87225
658
8481
74383
71304
6817
89101
33673
58712
87418
12361
18661
57239
10365
36417
770
88364
91580
37570
35496
46850
80009
24937
63107
10166
71934
3393
7393
53710
81375
44580
11388
59546
11537
45538
42681
22610
67870
22734
73374
92320
46947
75586
65370
29661
51400
40125
37362
78970
69975
35550
52872
6836
40728
16352
66865
14991
24672
89558
660
4006
70633
63162
13862
68639
45556
64282
14458
32810
96580
83950
43304
53448
85698
76254
75332
48510
56835
72902
33146
14099
18036
20671
35526
68835
36679
76679
3510
19786
59142
89756
37597
25620
36850
98210
90110
77070
82825
29943
81436
22493
27706
77350
3380
86079
27762
90845
49901
10494
74820
69173
98581
20801
72813
88125
81728
12745
45856
5397
89867
29704
70476
59810
35202
45693
96711
41318
85917
95692
64884
75311
84936
65193
33931
79060
41302
59989
12219
44902
50085
65299
96022
50599
28560
8768
10144
67779
35690
79826
692
67755
40646
73948
1255
94536
80001
46627
70249
4840
30109
82047
40439
88128
61559
51597
23087
6544
20909
21542
32210
28393
92486
69294
10945
72997
73847
12813
56290
79403
73328
31437
87846
51891
5617
75330
41740
81761
37920
18552
87698
73460
52553
26461
98934
77357
44050
41388
38877
27549
23473
12304
36098
18871
60447
62540
7183
44567
55231
88014
77882
48125
7987
65935
74492
9891
45981
55876
58772
70416
54823
93375
65374
78649
11182
61159
39599
20567
31706
42650
60786
93756
48074
51335
39596
54674
7881
88514
88688
46373
49047
71916
41532
69680
2858
69448
73363
3829
10635
23500
74375
97907
83232
46313
18326
74474
90934
12750
73002
27198
3400
37021
26409
93352
25916
82906
18034
48152
80322
99309
78483
31641
88166
29640
27581
14949
59471
38783
40445
38452
30583
31308
77041
97390
74180
91457
36272
92052
34935
16097
49940
85671
27666
10624
70314
70001
83374
27761
67696
34602
64091
33334
60298
21286
27860
68959
24865
87030
71319
88343
80644
80308
90906
18815
83595
57721
16535
57993
33253
27218
76307
14393
41672
47312
28733
72366
50731
46636
81206
56515
45790
83606
2188
30350
56418
54333
23659
67945
41793
37784
26682
76572
83448
28846
8444
26758
73401
73609
79696
27363
82387
28568
19523
83221
85955
65812
43263
17576
47146
57675
86270
82416
60967
17936
26569
69982
90764
25817
41931
13162
17361
8811
44262
97821
40211
57856
87932
66127
81119
26070
75567
86992
55077
28182
69958
60580
14569
38060
13851
83830
84342
66559
65704
78282
41003
15403
76586
98128
10983
78185
32076
19747
78592
70449
30247
88410
28655
57422
10257
46121
24646
27209
61586
12835
11454
27746
89215
21655
86070
63988
821
79526
60744
81184
20644
8458
70249
5869
70593
77047
15377
25178
8659
83100
89817
14048
43647
1695
26037
99676
87557
34909
95595
41567
90882
97163
95107
23531
20850
78414
19011
44200
70696
4844
42421
29879
66795
94317
39412
47003
18756
72657
85408
50552
51565
4893
3087
46498
1993
65503
14050
45966
89949
1246
63549
61490
33237
99956
23713
36717
96187
92951
2161
98751
76448
75107
51054
68614
55392
77175
92830
16363
5082
53672
13474
42236
67996
88324
98856
96554
86471
95871
64417
37573
86545
95505
22968
53667
91306
32662
60079
59668
33602
91946
69132
34184
16272
62159
17147
44406
72161
60731
95585
44377
77534
15319
54005
45472
42020
63379
24495
12337
34051
97559
46596
43557
77890
38934
46444
41342
55781
33356
26278
55476
32856
90545
84004
3378
7965
34422
27042
4287
46529
15771
19970
48040
18798
90443
71693
23517
85130
76134
80613
61523
1941
54476
62797
46592
80398
71884
84829
48051
18897
1354
81203
48693
96210
37173
78804
94692
5253
36289
78902
88411
37236
61631
28569
93455
26172
13348
7614
59055
93493
50366
46914
67343
42554
1295
3729
67893
53757
90281
51177
33827
7029
87399
93364
46095
93032
55658
85573
61424
82050
21920
99006
6511
26543
28764
98628
20750
74831
1215
75943
33363
11145
85789
35267
49024
53467
8808
27550
48593
61077
3494
88228
90732
27012
34681
96742
54504
16405
96400
13465
27962
89376
57822
96102
4637
37330
4343
39291
36423
8212
7787
54372
91268
39502
91314
42205
11485
51581
6159
33244
34303
38003
16563
68858
17462
82947
76669
87512
80170
26073
87092
86323
77781
76877
90488
14415
55607
83002
51161
82123
89102
98380
81858
81
81153
50916
63457
17440
29399
48512
12996
58828
80130
94004
86508
88956
37561
47494
99723
89178
12077
33536
92268
64509
83817
30443
58904
55696
56021
75378
17663
93524
40627
89009
97844
82838
90282
82142
71367
74622
81618
8226
5887
1656
95023
10746
69592
96817
79897
13143
80195
57383
38763
63000
8835
96751
73183
13606
26557
45478
1499
11961
39871
85282
22930
79567
12823
72737
78652
98266
97585
24772
63174
53941
22350
74598
15044
69398
61140
32303
44924
17106
70315
89429
4483
32569
68810
15707
17409
60597
76942
37951
61471
84487
97135
12928
34246
1783
21732
68455
15083
80120
20327
27550
70736
10110
73193
28288
57958
80419
44397
41962
79632
82915
64089
24910
15259
96260
26612
37176
19848
65637
41566
57783
34562
10924
94352
22027
44483
49515
91955
33237
30881
58186
30469
46698
95988
55543
62897
70609
29930
24887
25638
70811
60895
44618
36372
38681
94860
48328
64203
15425
28050
55665
18671
76816
90768
57313
52285
55250
9507
67949
71352
59780
88128
2773
60380
45486
61583
64765
62598
39932
59799
94268
98405
17371
85808
70711
6064
74091
64282
50319
806
55176
93082
57358
88500
69660
80229
95964
18225
29058
48353
29593
51502
3938
43765
76686
2271
41670
86560
8951
94031
47377
66074
19889
59400
97018
62885
73099
55600
62066
94291
94098
77546
45648
49293
58068
3193
11408
50912
96588
73327
32363
42835
6743
78028
33182
2617
98796
98135
37009
14975
16528
89876
55199
64861
25721
40678
270
1580
52708
303
98906
15352
92233
59913
49132
9207
63445
13460
38140
18318
42691
54946
87793
28313
11118
3177
10091
31349
50013
95550
71821
20393
43986
47475
17932
63495
2505
39224
53410
44142
15376
74203
14338
21337
49534
68513
37723
30341
23753
86599
61559
10269
55816
1424
20319
44075
18248
90549
12067
22272
34735
56798
73517
52251
86903
98021
49539
85219
67193
94327
46074
65587
26873
58858
8357
77814
4797
82029
82501
29589
46718
29046
61337
82781
458
64270
31587
15310
77988
6965
82221
70638
90639
45391
41248
68543
58158
49359
5371
10550
47776
2947
64215
37838
21508
64893
98826
57790
60470
89314
64330
64751
25645
77445
8004
62869
24300
80961
73077
8655
83482
50837
50480
81604
65287
82830
41248
85476
9322
22792
69453
87253
3151
22384
22306
55404
34198
91835
2415
73834
58958
14471
16643
77367
94785
87668
17391
86868
35977
21888
63148
19169
64825
9413
1208
16469
17012
71862
96457
89409
60519
20455
39318
31002
1429
27848
2965
19194
13623
73427
79850
43022
54822
28492
31362
10744
75456
44554
83405
38601
84579
38894
56156
68054
80072
34689
26348
65563
82287
5471
44659
11643
56524
6499
53204
25762
26153
69736
3605
54488
13043
88891
99272
16143
78542
53700
40570
38905
55970
33415
55511
2837
12184
98193
92641
95459
35742
80526
3411
21198
99913
68793
56083
9579
75972
79293
79432
82252
64149
56594
1390
99118
95447
41374
53490
71943
93892
39355
61629
3831
75410
63228
74815
63807
37202
47065
76789
41278
42037
3858
65204
43935
9090
5029
75247
37157
38777
92712
60180
13563
10444
75493
92780
61824
86206
51919
54036
43704
90109
98465
97761
10638
51483
82388
55674
23193
15906
94260
50396
54100
36087
24652
9773
62459
42930
14727
72572
596
79246
3931
36282
19552
97864
66542
34721
24060
65434
96561
42443
41882
53754
53634
50199
93364
3462
60867
16388
2249
40089
40718
44452
64290
2461
92691
77268
57253
41018
445
99385
1204
73556
62554
60759
79161
64408
73347
15616
90300
78659
70250
65690
10929
85734
59371
96674
99662
38376
41545
89804
66026
32797
31794
59931
33004
18997
95643
69782
17115
34946
46212
36427
38931
22942
60737
93186
93992
10272
18605
16656
42559
58783
84075
38142
40894
79876
92819
21592
55645
5537
95666
63579
37121
60358
38190
2097
86948
16818
34888
33155
51298
33673
13801
94528
43311
49480
14987
68088
94209
4465
99516
22702
62913
39372
42132
82416
33932
55131
90110
81457
95618
94511
84150
67922
64675
60735
84597
10203
51292
27189
67713
87280
3233
45266
57176
67243
16797
74195
42690
2159
73466
32619
79797
36535
62426
77062
30874
85175
61880
35311
78283
43359
49699
41817
64324
40540
80099
93661
54971
37476
77737
94634
90882
32373
78908
19607
11187
95220
23056
82641
27398
49643
8656
46297
55531
51049
10925
96671
33824
69448
34312
63614
62054
24180
50263
14817
80777
72976
96776
28304
38754
26697
45931
99604
25454
87020
4904
32742
4830
63200
18207
5314
49464
77800
11365
5697
3838
67288
48131
10924
19071
53394
92365
77998
4756
10866
9670
28343
1210
42462
2158
59879
63126
71630
34918
89064
27253
10270
14463
46340
15711
99759
92656
52048
65260
61884
93840
71870
99474
28475
3140
50166
93862
77134
41255
60134
9089
98778
73301
31028
87853
33820
91374
58298
71790
60689
57179
49207
27120
9482
58415
75206
11619
85419
85905
67600
96462
16068
85773
73282
30351
68493
7667
50592
49921
63407
26716
92879
72590
95047
21580
22694
16808
50540
93423
68724
41508
84528
13331
77435
5178
91171
6202
82943
90433
30714
27966
37623
17436
67561
69186
17815
20185
44119
56996
46476
97788
54048
48681
2003
73347
47651
6175
72023
24848
86587
84623
78156
56741
99393
50571
71508
39541
5811
76734
7108
33873
48492
69975
37044
87795
85084
57834
22858
22419
98489
39203
38721
16261
35925
3221
82826
50533
25221
39267
74703
44151
15406
38011
85128
81534
45490
60265
14561
32112
91563
70989
52503
87596
45789
65466
36221
24984
14943
50847
66640
90105
90282
59823
96110
73121
62483
56
51312
98379
37922
52584
35308
84486
16808
14485
59595
25250
750
80444
82737
29743
38702
7839
7044
20452
16444
78569
66710
79787
17150
86524
97749
88012
35997
3006
52908
68100
52109
13689
51378
54360
20372
71447
43451
64798
12848
93831
89218
27311
68055
4149
4428
49985
58184
74942
50238
46092
93870
73695
58412
29843
82740
65038
18965
56949
3039
21240
82263
62092
73607
86936
64859
18591
52377
22849
75523
69510
56031
79618
70912
39405
69914
34035
31439
71186
48469
84505
47773
14781
53351
17527
33428
21235
98491
76986
26451
20353
8312
82086
57261
64659
4262
22068
45848
86571
14339
68913
77778
47932
70639
24806
22053
65980
25845
30455
28250
15922
5286
33312
83389
16005
2250
37156
33077
72501
53281
58536
1165
50473
90898
87995
54686
119
68487
72003
54172
20574
80974
68145
9700
64278
72623
31882
57134
31974
40283
83955
61648
76322
91339
62856
22435
27803
62014
71563
25656
4294
43500
94983
36398
5060
12279
3643
3775
95437
91897
29325
48889
49510
78974
48746
7544
21168
27318
92167
94178
12575
10971
35648
46148
19764
53177
30629
46389
91757
2326
46980
45814
61232
89375
56238
45066
5084
65816
47685
93804
73505
13515
27418
99229
63807
29300
29177
56652
17603
69313
28566
7534
71166
17133
9940
75730
92262
21713
60846
8008
7424
86658
44018
22474
51673
47101
83549
11378
52793
10757
22866
47694
87249
80549
81139
89141
49808
87660
78195
64446
91407
37406
17322
28999
11116
53084
32976
53759
59073
18754
68294
41176
40680
31321
88387
60883
57769
93519
31770
19317
6971
96916
32330
95701
30453
24160
52335
73529
99852
88154
92545
52192
53901
97667
18934
71620
12336
11519
55081
30277
53432
75425
69325
75530
80326
4965
94977
62656
80755
47829
36614
1393
96806
75292
72836
54690
38783
12226
9475
60134
14528
31222
14903
17140
66853
25829
57051
36202
80305
64231
75631
71206
83793
59845
40868
37984
73260
18012
19522
94433
20730
43143
9100
55550
64362
37048
54407
72314
45206
78274
79618
76642
32132
71235
61352
67861
42901
52344
42675
32788
12758
30103
51073
21539
21901
97986
50878
89608
20247
41791
85236
9830
8970
22420
27900
87684
71039
50416
54644
49844
14767
24690
43906
34949
75047
7788
76231
87478
5569
87644
35362
67038
77999
44680
24889
32721
49450
92951
71597
36908
84268
24368
70593
15582
2053
12791
59097
32150
38154
19778
70955
58454
56689
57853
86354
44931
41611
10195
21113
46417
66481
43164
2533
53498
15674
76179
26121
96381
23765
15662
28863
78584
78203
12620
64502
17969
39158
77260
24219
3135
96780
23381
37365
89012
52524
60856
59758
19644
80254
86504
61520
39709
68026
99193
55145
99694
66294
66468
51435
45928
26130
40325
31958
29710
61700
60260
93096
62671
63281
91047
12590
1247
93095
77064
80472
3380
43859
38323
10939
41340
15847
83204
78073
49792
85759
52543
99780
11134
78761
4790
81866
60156
18390
87927
29903
49988
25730
52904
25360
3932
9852
56737
38130
73205
4644
31674
24687
80878
98728
20566
91931
25063
88511
85042
44621
56614
90698
5830
97680
11807
24208
36727
28760
13790
58685
71060
77327
98770
35854
69023
1546
66311
47115
92346
66134
48884
86185
47688
90420
6348
76042
9822
96362
7422
50174
13618
34624
42189
39948
92663
10192
37865
4392
10561
46039
85244
6316
1248
13987
47234
69810
43146
68947
414
38489
56797
84304
97288
99844
30435
41008
83935
15207
53948
90881
70443
25491
92959
20753
25668
56714
28214
9745
27298
56808
17957
2702
49011
34961
72756
64104
29699
29637
19752
93113
22490
7830
96754
91335
28377
90664
49808
22214
76360
11589
77661
43466
86533
45595
80736
13038
77046
60132
29809
47210
64360
41751
32930
53820
21454
39776
92456
92626
38947
40976
68240
71807
19307
68444
51253
71612
87100
61761
71673
31256
70370
78044
43
13068
47723
45254
37591
21014
89570
53812
64962
24274
6767
76087
75367
17584
22715
6076
42564
79633
24314
40033
27699
62895
85684
94451
85650
40102
40804
68667
1061
86578
54754
13774
19587
49973
61795
44791
77818
2804
38826
34586
49404
33946
65826
73618
73769
98315
59696
25142
65028
22806
83673
3004
66459
3452
34506
204
24468
52124
30366
36683
55505
86058
67180
93679
18994
1167
362
37362
64018
78385
7190
40053
54451
68425
7662
29566
87325
90067
52232
95971
86961
49878
53610
72772
6407
53287
17631
4037
48458
70950
28360
68511
57979
17162
33234
13135
48668
76046
11006
94058
56910
80471
96975
52778
6545
51291
53239
61846
20709
35539
21237
1063
48234
25990
18206
41403
59028
88273
44487
93666
83300
56906
69324
67206
49441
50953
42981
7206
74632
50712
88809
84271
70104
78109
42595
90676
91104
58821
23633
46434
63889
43629
87999
80638
31758
38709
17227
24299
60792
50718
5079
80694
30078
29858
56596
440
55554
24762
70829
85374
59252
37284
94261
47965
22423
86899
56354
58301
40265
30809
9315
61329
79299
36699
87589
46018
13355
79222
19092
65129
50189
82794
76099
45959
43169
24352
54503
88319
35412
12938
60061
9250
45997
83002
45068
89177
78237
50990
36324
2803
19921
72345
77581
3965
62536
43117
84143
15461
63652
65093
88079
99524
9747
21574
82610
6946
75155
20878
49570
53278
53558
83687
73303
23025
8464
45105
31361
49522
76882
60467
42623
28881
26926
39017
66380
75362
97235
6949
31175
28673
60003
4613
99131
20670
49766
95517
90224
87632
30410
726
67800
40346
77969
14476
63515
26433
30417
69815
80580
34288
72370
59375
64198
43210
12478
17011
85254
58257
18244
61197
21246
37768
18624
84362
1219
10457
5660
84480
60851
79323
9791
51324
95060
48423
83215
45581
31340
7863
24527
77234
58319
80459
17551
66259
72010
19136
67522
30025
56086
8648
65154
27301
23698
87882
65953
44151
45655
65429
2579
64275
1784
80067
76491
90886
10248
69387
82380
26094
46641
52724
20580
17476
61307
12157
66200
3525
6294
15090
28937
55743
87156
50430
85822
97216
26499
45158
24945
91647
9845
17088
4657
41395
50640
59549
76815
26905
26792
49818
27160
52657
49961
84238
5511
64500
59906
88605
72185
93494
4074
27535
68710
71935
6313
93381
50828
82660
65031
60756
56315
73809
42829
84968
80010
6085
68356
60280
21383
85185
634
88855
79875
65838
4012
41214
25909
59036
81084
68905
14360
58356
31269
66601
29834
54171
26899
21885
4372
91180
44063
67108
87852
7913
21698
58754
75377
72101
51907
52168
36878
42669
11290
77354
49701
32602
89449
24945
37408
37538
50835
89944
77830
17385
12137
20169
20293
88459
77333
5668
6539
70455
65668
48146
959
99976
72549
96553
52834
75740
76051
23518
4166
76278
17610
78016
75279
33733
67487
22336
46239
88430
19673
52878
11157
78513
5668
21743
74902
35588
89968
88640
5665
22666
77606
34856
74638
37206
14375
88981
27774
72253
18082
39945
6631
38223
85250
54124
54003
42494
14061
64537
33141
87014
62454
25158
12030
75703
98340
3833
7547
66953
14025
89606
69821
86701
12685
75179
29236
76203
94361
35976
82278
60712
93980
49495
443
44610
62478
18557
82250
28232
10299
58655
23812
2633
67786
98857
73885
66585
62256
49507
52264
68737
39010
49421
86929
52999
75996
73261
81616
69465
58301
71100
60431
42160
47948
42494
71874
48694
47054
316
85754
51717
52900
9872
44347
70129
96726
74883
74249
46726
68993
47407
69093
26608
2782
99617
15950
11818
69845
64015
79062
82041
29471
3198
52492
35890
70203
36672
23472
40579
90827
69676
30802
57099
36783
95756
22840
27796
49221
75714
88361
2620
46731
92540
69254
32
75256
11804
97703
54671
27999
90217
81031
23963
95185
23588
53201
53938
3201
67140
57513
49499
30202
6335
28663
97894
73218
22832
11988
24548
2020
23954
58464
8125
25502
90467
86465
8567
10563
80596
50089
98444
96375
28431
66972
39343
92082
47092
40180
26700
72111
621
74600
55957
28480
93354
64303
47285
61934
61531
53515
91052
80592
88960
34991
56498
85357
95323
43898
68320
10661
70664
8798
14924
21409
57990
95013
4349
94285
46983
67676
77112
62175
94324
12202
9983
41407
50441
5113
43549
39973
50909
85498
75661
39336
30564
85341
97530
33028
45348
2877
12465
57822
60319
2941
4398
95004
31685
96381
85262
53119
53609
89214
24806
64711
35855
98378
24397
74725
90899
67694
29120
70333
33528
33879
38641
4843
57125
1906
42963
21944
32511
37835
17140
75618
81495
66664
82797
77653
28292
50491
22316
96916
65974
37969
60585
27759
77368
6341
29405
36983
37824
90967
53953
26765
12472
75635
50559
93482
92561
35
15149
62511
82101
86148
24486
41788
92413
4428
19553
47159
75942
70001
48412
9508
37694
14392
12936
48681
405
61828
50787
19516
31462
41676
21093
69584
35655
83676
62269
36242
26117
95848
89615
35187
8856
86046
75009
67839
45471
2302
32600
85923
96507
30586
12574
33096
33058
7961
61327
87245
52696
4222
37766
43091
20964
44618
72685
37104
75989
90137
34032
74268
82173
20846
45240
43656
75944
38495
36838
81658
85360
57969
60705
49256
78109
14372
32973
80965
91187
25794
13799
22457
42082
17401
99672
54994
78736
58123
11053
73453
30745
29206
81924
85435
89299
25027
63896
34324
36480
52742
24178
83969
22538
78159
89786
89525
17471
13031
75016
3349
83855
52057
78038
71067
97452
10150
17299
6384
99108
97975
89312
48532
29627
38242
66959
87464
5397
66767
74960
2430
712
32444
64040
16022
50491
65892
40394
69296
83714
28680
13625
68386
47164
73678
34619
80456
41868
98747
68977
70344
45017
32341
19656
42988
16484
43946
36600
47211
40516
32352
37957
78992
94824
77624
17229
28290
89953
45530
80620
91534
46652
13567
7437
76778
73659
54128
49302
45624
64153
21698
74205
4456
25004
84592
83733
16564
76243
38701
62118
7898
37838
80227
10801
77514
11701
71909
28748
89133
99827
95509
62648
53031
16135
43639
41962
11813
14290
62047
36495
66976
15754
69858
76158
9882
32065
96238
3535
18097
33951
61567
52346
90178
84350
30167
12823
67587
61484
41550
78139
25056
21755
35204
65584
29784
99682
79481
44457
65471
99313
39352
49347
40405
99864
93598
66762
846
2684
21238
79152
71290
48697
60323
99100
59365
89888
14580
4283
31921
27196
68727
3312
67471
45101
90473
62523
82166
35543
93886
10869
37698
78780
66187
11082
40939
13032
79008
25103
34223
77041
41104
66626
22714
27424
60695
63731
61509
73126
83305
70231
5328
84994
48003
58746
20523
16805
83999
98401
46697
8613
25290
31277
46052
11019
21083
10543
22989
58363
85074
27627
54544
16841
98582
92929
54551
24027
45452
50656
97176
41606
24380
61407
52658
5779
28474
64569
361
82542
23857
87643
64418
70829
51733
45342
49483
28020
72462
16506
57033
28890
12625
76522
33153
70112
20855
8655
482
82035
84073
10124
5055
61253
2284
9580
35748
55539
27583
93457
53282
16948
89232
19962
1703
95589
40450
12949
60901
88871
42897
97661
67471
3149
69333
8016
92142
21076
45793
42836
19169
78664
66516
11023
6411
5719
39791
64824
38058
20215
36770
705
27612
65574
50124
97700
45156
1938
71115
80618
46464
80724
67445
20235
35812
22553
80086
5918
69482
69600
86390
19148
21520
74901
91533
3594
71209
34788
56172
32783
58212
64616
86252
31109
69994
63122
42149
38067
52220
12050
92476
86655
43593
19733
89259
30451
88150
74934
11642
17197
21082
73274
45286
73274
69793
59202
66445
56593
8045
77322
52235
49342
16927
96876
2392
11772
2464
22075
41561
93817
53299
11934
91300
52879
40889
62419
74468
31157
29440
14133
33186
94522
98941
24502
40543
76827
83964
66784
11787
65828
85938
79330
75131
63207
6431
36476
27347
34645
67976
24780
72459
62920
39196
3636
86057
18050
34015
63845
2893
57176
68064
72726
16790
57348
30925
81765
14697
16459
34035
48147
40243
66539
49532
50037
92908
66584
27042
15370
57488
57996
80434
4824
13241
50026
9070
90209
29908
58988
8331
14853
27304
81927
49574
86971
42632
99226
60317
51725
28820
114
72700
20541
93175
42987
25632
6764
74669
65603
85195
57590
26261
39689
65548
39141
66227
70000
75357
48306
84083
60304
44101
98350
21285
58988
8715
19966
16512
77415
58898
353
55743
59900
15747
23971
38888
34431
31076
39729
25173
63779
37880
65773
63601
48113
22287
32891
97090
24237
82138
18478
85621
43880
19055
45449
60778
80980
84860
41926
33306
53200
30617
90327
64138
76721
82132
82620
29949
17416
76122
88695
98488
75999
87827
20422
37885
47607
16254
35197
75439
23020
21376
20968
61565
81962
53337
25324
77510
90313
90703
22811
25599
2336
31167
38439
19703
21886
88892
92980
75456
76067
73749
68065
38492
1115
88317
70323
93743
55225
61282
96401
9269
74670
35846
88800
50308
95234
18968
51207
32508
2531
34481
29091
51514
77740
1065
48313
34652
69521
28850
36328
87162
21381
20757
16925
4911
24628
37224
20973
32208
36194
3780
5659
21299
81442
60024
23915
30455
40884
60720
72502
76884
9334
99677
85760
1146
31366
18568
65827
8518
62213
57803
85567
34299
96127
27222
6246
19021
77275
26820
1478
59997
69769
57409
92233
56469
53366
28692
86733
18088
53645
51744
14760
88663
42483
6016
24152
14390
81853
43124
99835
1212
9461
46727
63698
93923
72006
50894
7283
97179
67789
7082
88886
85438
86151
99819
80095
84951
61918
97319
52508
83987
3329
60041
77303
58178
95101
93630
63420
89336
52644
25760
63999
11794
14330
84000
33469
79894
63542
60452
69624
98974
98748
53174
45784
24276
39238
85152
46666
66457
65421
39862
66393
31161
5061
56410
98516
11927
70212
85422
23095
14961
31497
56245
25156
78745
94134
54067
39227
4848
74916
89011
55613
39579
44887
80487
80671
7822
26817
5187
77903
95663
18569
32350
21066
78994
43423
30934
14376
86949
79384
23523
89055
80610
34477
28024
50150
89278
37272
20444
79439
92108
54260
93302
890
43834
89408
51889
93481
79392
86061
9160
88429
70867
79332
69326
40289
90204
17254
69976
35896
51504
80790
68241
84187
81352
30363
40033
24306
44123
40443
65009
59044
1827
76385
30929
1493
99751
55892
67723
49270
75046
87441
61746
70864
4460
5492
35390
80996
36448
58841
24406
7019
16688
18379
27176
29570
82585
18916
12361
34535
32379
55336
99256
6609
58965
66210
21345
16427
45760
52592
86228
33747
75959
66818
44503
35359
12776
87748
73555
70783
22451
13052
56617
56968
95791
20573
24846
88377
64424
18880
74315
19315
93606
20872
17917
40927
5439
66250
2743
81366
22549
80981
74300
95135
74201
58552
57175
93549
51642
95370
94246
80142
59731
38993
65212
38256
13345
41953
55289
71800
71219
32795
51072
85248
75875
25997
19460
18799
1794
56616
23067
9318
48054
27589
51830
69505
79810
65604
1213
98133
31280
32009
99369
43992
29587
49738
40066
53674
22137
9433
54061
91018
78363
42332
40450
47914
48973
33186
13630
56659
77219
46278
62902
92573
51014
11327
76712
68011
97399
53343
94539
12339
44821
66194
55768
17092
21532
63089
95353
15774
47453
68370
1959
27939
907
63113
86135
54305
327
17359
73815
95661
45697
48748
44935
87180
67566
57043
65679
90109
14951
59375
602
52800
93457
56444
4917
55086
66948
98303
30803
9731
7729
39053
67984
14535
15908
87855
84620
18406
41881
49998
86307
5604
43840
54254
20249
92918
68788
45428
70832
75226
80153
91404
90687
89690
73745
79028
38759
99783
99974
6429
79697
63441
87476
92074
69832
20854
55614
37084
31114
86513
35991
61683
96985
63351
36509
14068
93941
99548
37064
65037
79611
73322
63882
84830
4320
30225
93477
332
33864
64051
7121
53104
81836
3855
46290
2843
67399
48998
46047
38038
9581
19980
14538
4899
38294
23711
87093
24502
66345
85442
58224
71245
96207
13511
54544
58349
36622
74096
76031
17751
50999
94497
51198
14934
78045
52117
9242
52895
76433
51781
14932
98958
48393
49841
2644
73536
98056
11589
4036
15042
80693
52496
83082
92671
8573
48801
34355
71772
62225
8299
61359
13821
15451
18437
15968
80662
36233
52665
28458
59513
25555
3354
87749
4074
38697
96902
77191
20047
81440
29632
19072
69599
20543
12213
27564
3471
68637
67136
34298
37387
71457
96161
88047
30912
18596
96089
99517
14477
94600
85178
23951
93395
61602
69326
88680
17859
94150
50003
5149
14611
72889
93335
58849
46822
19572
56214
61119
62277
43563
27109
11493
13952
48534
5614
62851
9010
2568
92708
10971
40254
70576
52162
73666
3067
25497
13272
63177
76815
57608
27513
45702
33944
69221
46833
10767
45226
49295
62503
55040
64564
55554
13659
18092
75533
51649
2847
59627
92466
63787
49024
13957
87280
71245
65270
32307
21671
47755
10274
26261
37433
40432
67389
16391
40804
27050
11198
94547
160
76220
3579
18576
10764
87431
99223
69604
44119
65381
45914
41612
34720
66205
19946
75383
37002
56390
81200
91804
23691
60586
43948
82186
35852
71700
86783
4855
89528
94271
39570
46621
5050
90931
61572
26093
93388
79624
99163
80743
19906
43366
37786
27238
78875
68396
57186
9789
81117
38528
52176
35422
12843
75340
47446
17163
53460
3937
74548
76154
57653
18626
53038
44502
89440
58648
2507
65768
33823
88622
14072
41542
37545
47900
35901
4847
51808
62156
26721
19692
18393
66062
77426
59121
54610
70261
87972
52021
24714
30411
4273
77791
60776
42311
63538
45508
62047
77147
58093
14257
21861
22014
50334
2700
63001
78600
30388
65023
65592
4544
18076
66406
9767
51029
82671
45374
97814
87655
39495
96218
55024
60710
74798
14561
23336
46168
68055
28408
85598
27495
38864
75848
83099
87317
46555
86763
73578
72663
43200
23467
93412
20179
88482
22080
99727
78769
67076
10427
65582
93962
13103
23369
85549
66061
46642
81631
31661
88926
11589
7833
53621
61574
10876
77115
9985
73835
40374
1623
26261
48879
84407
46293
21227
44533
63922
84924
5631
22081
41391
81043
6988
32233
38571
26008
17807
66574
27923
40891
91168
84329
18750
12964
57943
11262
2775
3365
41096
23172
75611
88069
84498
74238
98260
55346
55500
16967
33861
47321
9601
53504
55435
63134
91137
93131
93451
22916
5852
818
2346
74010
61048
30185
91241
57419
41626
2209
99650
47867
22970
88124
27801
71870
78599
61697
12821
37886
20507
53221
27333
12435
42688
71478
80764
49926
39417
2573
42470
84603
64918
87188
67410
14687
53990
57856
88114
46954
73831
73683
24300
35749
76838
58737
82252
4349
43521
94194
6895
54092
3379
70103
36101
88692
85040
12346
83436
40747
69753
41968
72783
72974
82429
67962
23119
92851
57812
96927
11544
27973
87309
82118
11628
78133
85969
42602
48106
10771
34893
11856
35725
75759
52138
21669
79211
39759
39234
82621
31638
94590
87927
17133
98611
19378
51027
64254
72400
43090
17386
88313
62791
7387
85388
90692
769
19448
47005
55214
11844
15388
6248
84998
80946
4927
44993
73863
66271
13591
30503
40566
19960
46054
57761
23378
71495
50785
68519
15578
74515
64391
85308
87635
82568
19928
43353
31037
98306
10864
85045
71608
23939
77635
13554
54703
91102
41364
22817
54621
5942
33463
15232
41412
77074
44940
11167
51815
35463
1650
37056
90895
774
7732
1267
99837
89936
31535
28569
92030
85001
35697
28938
7617
40536
16130
8336
86061
90604
90577
23919
83760
90452
52842
40907
62350
35726
71648
9605
49775
65959
98025
89263
58140
49448
65123
59702
65871
77135
24168
91481
33812
19859
98623
40829
75187
81113
54125
22390
69363
70074
37934
95959
34003
14706
76321
536
90247
97218
32046
68299
62866
3126
42457
45289
66159
63763
40898
26174
83831
64700
53885
49179
62162
72350
57994
39490
31899
25022
69715
52587
88787
41060
44653
74764
54294
86620
50386
66208
71066
66051
56728
19097
6559
43855
31258
49354
18422
75472
18876
15707
55062
96016
43129
11580
72173
61276
51364
72908
71361
84929
18029
45835
29338
58163
45798
55043
68006
15155
17307
82509
85447
50211
22694
62865
54110
17841
22567
22362
6865
85012
9455
36297
30346
56794
90466
74831
78501
17719
54102
65497
23959
75635
12207
58592
80691
89932
37244
47701
586
39834
18672
18332
15977
72758
73648
97827
15665
29792
15658
70375
42048
65878
91996
44474
41383
43831
91638
80387
13418
27695
77444
43596
27099
91671
12761
24796
95942
32253
98915
62118
32844
53564
64993
26761
86921
38853
93057
90997
82179
72247
51795
6432
21949
24432
95520
78854
82549
53166
82454
27180
18564
94405
71058
2095
32617
96856
2274
63682
22080
4370
3007
91210
7830
97426
81456
49645
20453
34709
33484
56594
41591
71604
4531
73715
43530
46252
13194
96238
86070
82638
43425
24816
1115
75117
73874
57623
70659
71704
14224
79406
67498
13460
25279
5740
50586
97874
40375
44716
97499
62517
54823
5585
40885
93863
98578
41060
71019
37486
18813
55616
21144
38108
43902
65989
35214
93850
85979
31218
88752
84999
33127
96400
48362
25309
36615
52554
35239
4150
66817
80643
60996
96873
24655
30746
15457
68005
68328
24074
20199
26562
67942
52190
45136
1890
25000
84024
69331
24995
80096
11724
60950
74484
34217
74477
26184
10378
84929
34658
88453
94985
7858
16681
70142
68732
26718
51283
72361
35169
70872
17721
51745
26962
64314
33404
68363
76546
11809
61795
64697
4375
4152
19217
82504
26045
88028
25049
17604
13355
31906
55151
19300
32838
62611
88177
59443
16546
42569
83930
63644
87237
86263
10497
34365
41727
58792
44548
24009
52197
82953
77088
91363
25780
39263
86385
46284
69429
68977
54745
32500
34044
81700
72651
49834
61348
57641
58275
48403
93253
77780
42796
64136
53543
42423
98927
35467
58160
99334
68671
55005
17979
33292
47006
66087
87173
80577
28216
45715
26299
45420
78876
13550
88046
23899
20335
39247
54464
66885
27560
62443
39297
7314
26430
39094
88849
86052
12820
97549
30922
70808
32051
69477
85838
12161
96221
77435
12512
22716
54221
71495
78650
7933
20207
12448
64193
20247
72374
3097
91198
7181
19843
72550
87132
44312
11620
38644
5965
71486
60449
11752
6828
51660
92287
72326
20154
53154
82122
49764
89739
26390
24601
2974
19355
97544
22170
38640
96664
28440
37632
55322
4405
8993
45427
27567
56874
46075
71952
88501
87507
40987
6110
10645
97955
78519
54362
98003
10695
87468
67087
46420
23922
66520
82752
72677
90865
55936
83818
92107
89799
63853
19468
22009
96997
36258
40671
26470
97998
18212
52372
55864
68938
64055
43646
65306
19205
74668
52663
59193
46017
34950
13851
91410
923
91161
1110
77455
65214
89910
86286
41313
39880
69196
81742
47818
20985
53077
20168
18841
58348
23977
75455
23618
65283
52048
67821
34568
30043
33698
91125
13651
58943
2825
38367
9746
76259
55784
25041
62279
53092
16283
68769
37188
56020
8193
2033
20721
7751
12989
15877
20100
26834
69788
32101
75859
76901
7142
58665
95509
40942
39805
60060
44742
20806
28019
11905
54311
95186
74452
94287
74956
71827
40811
16956
63331
83558
9140
7704
31792
67771
69201
15913
92634
56890
51246
30192
61689
30161
28100
27030
78708
92871
53322
30477
53895
49487
16323
18526
24990
42243
87948
80319
40636
48074
71063
52792
50794
80794
8143
76711
37082
21861
56593
66326
79861
11260
8645
17479
71407
22001
3105
82582
27655
49501
74953
68336
86423
70410
1448
94602
41939
52850
24837
92231
26417
16113
27240
33584
28236
13809
23020
59580
91495
37941
81349
36330
40439
73033
60991
66842
4652
12418
75385
67332
23660
64184
50897
35173
59938
91310
62864
11810
58766
66554
10421
41764
10080
41695
6064
33560
75767
29843
65979
20050
112
65650
11481
79376
18836
75048
11819
53165
84980
49270
36008
18835
58940
85143
25419
77949
50421
33206
18952
94369
85075
74785
96320
56375
81298
51115
93960
8586
38955
64008
48621
49819
17828
20703
13045
23034
15348
9145
21053
44366
26871
86277
57012
69003
8193
37354
77992
80136
99076
57034
54093
49723
95693
19141
47950
81605
40383
22387
47320
75359
59197
89874
47482
16576
99262
64916
3433
15614
1305
61270
72309
85691
6545
52294
76689
4884
90258
85211
25867
4389
98091
16058
49128
95645
24829
14972
36115
50117
7288
86929
28707
19892
14128
8088
39371
65914
71827
26990
19018
19691
47935
53144
20182
6183
11135
39732
51016
1442
69560
67819
78970
66875
66691
28309
28991
77472
2155
25938
35062
91961
29778
22525
44713
75419
23002
87975
5895
794
27668
84859
53285
14431
4836
33693
95732
10660
98405
5432
95088
74578
65655
89213
85886
76135
67292
88772
26750
79144
11058
22652
65620
60711
72785
24263
52277
8773
34957
25360
95914
68439
18063
18337
61394
72980
56183
41654
86222
35035
56188
9174
60878
56590
65494
79821
19692
4437
10800
72451
34144
68709
98993
282
69437
62775
2212
36683
89573
58212
99750
46954
9036
2728
82570
26852
6138
83624
8131
51617
52454
3384
53040
62396
97560
29954
98715
57115
57059
27232
79731
9852
1784
26200
21761
21226
24716
6591
57820
32202
1362
39485
52945
71526
75489
57806
65045
30224
59470
37910
59262
22761
93062
41811
19339
15175
78011
88473
66892
71876
84130
50821
17130
33669
78576
31484
88316
83063
54201
86848
12553
7874
48014
80654
99808
71173
64728
89019
84855
20543
64591
60598
33491
11210
76635
82866
92231
79240
7616
69204
33057
7497
57720
45641
39497
19206
36207
65138
23887
13792
122
94699
88400
17780
87487
7641
11742
19486
92094
96035
70011
97818
96435
67499
9026
28204
68621
83490
47712
13685
33989
37293
20352
64115
6014
8819
97685
21394
98906
22919
96122
3758
37433
33986
3766
42339
49895
73321
40090
94187
24702
11249
35863
48108
28330
38931
73928
91797
4864
56145
70802
96185
49190
55781
89890
90111
3028
54240
3857
85451
80742
11552
18221
40312
74650
63355
32320
21488
79735
34889
94378
51644
11693
65081
26998
58534
49670
76136
50624
30382
94760
69289
99343
22133
42405
51654
27531
84688
77698
27783
63144
42857
72176
8410
19391
41762
57564
33574
2938
3182
57219
88204
45474
13887
88687
50992
86984
28116
94988
68334
94259
66813
35057
13402
15492
83385
11356
90344
41642
55414
70240
85047
7006
54924
72664
12202
40222
61130
63884
37982
62092
84842
96857
99631
31189
17084
59053
56686
89788
23317
52260
93428
26405
23740
57477
35285
47350
74067
83555
95274
86844
96714
65148
749
15356
58939
53712
19531
39133
96372
31137
46639
68845
81984
46420
66199
7665
21945
20523
41801
7671
11176
58668
9670
91142
44341
51396
2172
74732
77838
43309
96167
41494
20336
89854
73559
59599
74549
5955
46839
70216
31455
24795
8550
29555
71233
30752
74241
40804
6607
94283
99456
48334
28642
21423
80258
17240
68572
63630
89635
52974
4409
86404
98475
60532
64869
55995
26231
61504
88575
53129
57559
33672
34458
58588
61721
8824
55899
45991
4027
10841
51670
12776
67933
75660
54382
24573
18851
46139
95758
1068
89436
61385
40433
84685
2263
36829
3702
97136
47822
99454
19135
27617
28231
13516
810
75352
56368
42900
3652
30382
26703
21860
29234
18262
43868
68276
66909
29370
44298
34041
25848
70346
44002
36384
82097
38018
70750
12021
52214
58320
54009
80555
68032
48575
58341
95092
15881
48881
62005
42183
45561
93841
22481
59093
17441
80787
48109
31172
14945
39886
32020
58246
63854
1159
69674
55978
89951
68760
21170
71215
85038
98289
62752
63132
75119
71322
21460
71304
23101
90675
71603
56107
71830
95715
16600
46129
29252
7777
15976
45111
13415
85223
17081
74742
84951
61353
81271
72600
76316
25454
64589
59496
5774
87168
61930
27725
55935
79620
73339
56057
75450
62797
34327
75720
50606
76312
60306
9944
48044
64373
50810
18026
60174
46771
38914
55064
24041
51353
23360
54456
61070
57912
33340
40159
25279
31481
86639
34038
13861
60339
92956
97751
26616
25800
93125
60631
51215
45073
30394
67288
61173
5532
66018
94691
55457
26211
55263
3672
24565
16128
68688
45709
82195
4329
44345
78880
72336
19729
4579
98493
21612
10031
13130
19227
47062
91502
37386
93283
66243
49192
70621
14166
12471
43261
14353
85180
56824
41225
59958
66934
67695
57839
26202
59561
13758
60478
64804
97481
41501
63858
47098
54499
84103
1357
42443
63704
76315
1411
16195
48441
3812
40063
17185
59761
38032
75336
31774
916
10321
16185
10423
26060
19360
47927
89391
74440
78599
88728
88571
94318
98438
71705
93318
66936
73825
72358
32558
67184
60200
97963
77135
10781
66587
13799
55339
9697
44893
3783
98243
77731
20005
71976
46501
45322
99272
60450
15973
12629
24500
43435
15230
16907
64739
36836
55006
99694
87339
60716
71638
49409
85090
88212
46079
68733
22801
47748
89567
66346
81251
96042
43175
81778
30462
51223
14800
29174
56557
26670
60561
15673
95743
23390
64906
27046
66612
7824
85026
82981
4498
2069
45003
58813
86784
86839
15097
65273
52535
57353
69568
61005
83070
49100
20316
42086
70255
79975
24971
33120
80090
17881
43117
82620
66538
70386
40027
32040
94741
19891
66457
41443
62936
16711
98858
32802
25908
28901
63401
7403
85974
15623
98521
89360
44156
17801
33655
53379
26020
11185
34728
74150
88072
59197
83815
19610
80755
8442
66355
69706
41132
30080
60341
76618
71370
41148
23755
9016
4901
45198
24201
68975
32752
19446
95002
14380
45772
30386
54831
11559
66442
61590
65807
47677
52806
87247
64164
73
44902
32995
57783
32112
70605
44102
59983
67559
80244
70280
3361
57672
45421
89732
52116
26877
94486
70203
68028
57320
11221
55953
58545
41964
76674
29566
68925
15737
26855
6375
54814
92972
26422
50739
10419
40692
45120
40748
99637
29558
23676
98067
29696
11916
4649
52427
80493
47343
33878
84665
45250
3125
70582
17246
55587
86710
91963
56299
78403
11712
39107
46438
90143
25458
44338
31758
86288
69872
32929
93015
6001
8329
23925
4735
10636
61293
58393
43960
21902
52846
4435
42337
20
20757
50290
74810
86767
49993
26247
2109
62211
17997
29633
17018
28241
16433
32091
48004
13910
96669
48943
46984
81190
31005
24087
87746
93673
57136
89562
80855
7160
40939
51750
99860
56647
37572
94001
34479
12610
93715
58068
5037
13063
74498
97285
48113
77977
84662
88357
58953
83827
4727
66399
93048
87893
43831
77243
51198
6721
32418
6582
74077
8528
97504
99534
79081
44039
52637
26065
23001
64777
76153
70122
11163
51898
55198
89562
99163
32237
89711
90862
62531
58307
21637
13137
3348
46895
39588
60107
48148
31289
15577
38129
85341
81435
68354
22751
9890
87794
74841
30882
19068
89747
30022
60166
86347
34324
3043
32290
75038
61872
13334
4277
93854
8351
99122
23827
56918
50433
96177
15456
10793
9864
43901
46848
12128
55849
59239
8413
14263
42701
65772
29045
75613
11235
61127
39137
91969
66518
42057
22804
39978
16665
43544
60039
1646
69659
27811
62903
60958
37305
2255
12483
99403
53137
82412
62949
71808
8641
11001
97321
17090
16303
6144
20765
16544
634
54027
94912
92366
40928
42125
33141
29893
75090
62208
41241
26642
70741
6710
84731
83322
78117
6106
26891
75149
97158
18026
24206
41394
73339
82785
34539
38738
44091
27798
23752
74710
26081
76997
46263
18522
16520
1210
62207
93518
45596
23252
99960
73971
30186
48399
96420
85973
88371
80516
95433
65609
39232
14871
83635
48658
51316
37777
30269
15962
88975
43524
80542
33236
16547
8425
99088
49569
38006
47640
94188
6545
66754
54356
70587
75963
17494
4517
49703
69738
14075
52384
84282
15895
89607
14033
40955
72309
65416
34455
76195
34030
15682
12111
17685
2641
87234
31168
3227
61429
340
17976
93130
59772
46771
24393
13676
39476
99290
42717
14693
12009
72099
76759
94422
5679
30890
65952
41044
69242
35837
15582
64696
78254
23739
52858
86250
32353
43194
22958
3383
90035
99700
35921
22081
34578
65355
65978
48935
24310
32704
95397
32010
31771
80576
66623
95394
36595
90230
60390
32470
74767
91642
85669
99998
76839
24429
66460
86834
47683
27901
58641
23526
77293
3594
15294
41814
19717
62302
41839
15939
49169
61978
20610
29475
39668
70072
43553
47240
49161
71513
91065
67684
31316
62987
20508
95706
3097
89277
69747
22693
4355
92416
77232
64729
23149
20353
95116
32524
98438
25472
57921
38444
2274
67066
95677
22854
94960
87963
26396
84877
26928
64592
74538
48395
73677
26588
19112
61375
87917
94829
75366
13773
37928
77587
85044
11461
60732
12828
21675
42709
19386
8231
10454
18338
43112
37238
38247
85095
25211
16684
43976
69911
27942
43183
41826
16282
55775
60042
48127
32603
95226
55585
62437
82401
15045
31679
79562
800
3728
89401
97109
70120
11539
25287
38961
12055
93248
77584
72952
59834
79285
3811
54448
57713
12172
47694
34173
70123
60264
49429
35513
8802
79946
52447
70420
96358
30867
50647
94068
51054
60737
1197
34640
94447
90280
72124
9689
30340
44274
38099
77060
97411
8067
66983
25041
47
90122
21798
63113
36230
31965
10984
46241
55096
65471
43176
51286
14165
99287
22799
1171
39679
19437
39287
11499
13563
17673
83858
9651
88403
40217
83344
55382
35134
58081
29373
3220
16313
96159
94061
80166
78554
72969
92249
50904
60881
73577
68900
57480
39155
2490
20669
35357
24726
34149
79690
58250
14163
46802
21938
32347
42420
94044
71617
25570
61950
58087
26910
74201
45094
68848
69748
94037
38018
21917
25711
20441
83152
67785
69658
27844
45235
20675
88234
76411
6407
80471
67689
66111
42758
16111
55786
15363
50595
45038
87812
83951
70633
97699
68420
31665
71930
2943
90645
75012
36988
83296
19573
66905
26101
69763
84747
3973
37594
16181
24542
35934
76130
18863
35749
36061
10548
19518
19965
87644
63519
32342
42057
47434
30886
82060
74725
72669
72305
71833
54128
42168
1882
59647
27831
23535
95789
82000
22959
80377
16377
3672
94278
8732
55500
57437
8467
33215
95106
89307
83641
17385
89199
26645
80196
68445
24831
54986
66048
78348
75743
88984
66972
71689
44597
77428
78914
26247
79489
85524
13582
60598
64932
31061
87972
38730
66922
52382
83961
99223
12524
5030
33976
31485
80921
72396
90130
12955
75018
17786
21170
29000
72635
60967
75343
96009
63978
63664
63218
66887
15905
84199
46828
37156
81923
32553
42426
70438
84539
25985
47433
94275
53073
72156
71542
57668
28913
41739
21733
73669
78374
3361
87312
60545
48101
86166
77265
25934
70477
79776
21797
59334
52998
70784
62504
81842
10917
33734
28511
91156
85036
54596
77110
18943
6104
44507
47010
52769
90034
34378
43930
36548
94266
3209
36827
12718
29466
26179
57205
1607
66839
52341
73871
51445
75032
92946
79959
76343
52102
3150
91129
33833
37874
28820
67009
42561
5058
41635
71651
64767
68405
9784
44179
31999
30296
2608
52486
54592
60443
88261
10000
75
29444
73421
40768
60797
95553
42439
18633
37810
82764
93160
27566
47371
37920
36321
94432
30216
85281
58612
84197
1798
40605
31779
51892
94172
60480
79324
79463
69993
40228
50811
42730
48594
88755
35391
53694
71055
34600
86843
60427
43004
56417
95099
62222
94400
20860
45282
83269
45699
24504
73763
39236
111
80418
40941
3220
2376
64740
91588
34172
7240
8160
39838
68892
66770
97852
14930
53954
38346
89564
54011
78333
65046
23891
53415
94166
56596
3376
16640
28012
72297
4647
44508
52214
89658
51724
34239
61694
540
24099
31126
35140
30501
72220
95009
45904
17637
98373
87839
41573
81752
9840
39523
90811
11649
76425
90441
12765
5823
19237
85335
82169
68607
37756
39338
52464
52465
27900
18440
99279
89117
57306
12905
86262
12699
51513
83504
25850
29925
61608
15275
59888
1510
68126
92316
45788
69574
88144
57407
58479
14789
38035
7364
23426
58636
85233
85123
11108
34810
17656
6566
18353
85339
79720
49909
64421
79808
7655
60253
88227
75868
8215
61231
54282
69164
83871
12449
22885
55642
43407
29749
21470
11346
26960
74816
68573
34982
89585
49916
3509
95308
61319
57815
48724
83963
1039
60809
38612
41234
14806
69738
13892
86422
2006
14801
23875
63322
61552
70710
4142
11958
5036
90826
10936
33106
58674
61207
12952
26696
37822
83909
96108
64750
3395
92227
56295
75914
41359
53684
46368
31996
7084
18204
25783
30424
99090
90741
46868
71737
29040
53333
93341
33321
23149
97252
35310
95091
32741
80337
47165
8636
30539
83805
18141
36310
60039
18211
60560
76738
96849
39762
42320
43230
64850
42130
27131
83374
45014
69859
38803
48227
54057
71604
79012
71279
14053
73289
26704
64599
95606
21420
34085
43637
98565
4527
54852
86754
53195
13246
21294
94521
27362
11165
34406
28049
35626
75020
78173
36475
7975
58504
71752
29002
70267
33309
64412
78489
8646
5669
67541
65249
69163
65342
24063
72355
44260
69854
55561
60477
84106
23313
90993
21900
23495
27320
62596
70670
60741
73447
20464
64444
60574
65855
44085
79282
12283
25496
81258
80679
57338
36304
99622
13770
41527
31583
48964
90031
11860
63132
34756
51690
61721
51386
97753
13599
23675
20344
3415
91160
72310
78513
54553
91195
59429
83716
11474
39185
7595
4732
11178
84286
19049
53408
4844
52731
21723
41373
13700
15091
94182
59905
36612
29881
23807
53735
10062
4367
50011
62954
16834
46071
70788
40614
35754
41627
90915
65739
87662
30903
19368
12720
21359
75191
17527
20368
73909
24275
10703
25942
1413
99901
10603
64415
20115
90982
68872
22813
62912
72331
91324
28677
37032
10486
72187
85377
79686
79328
91428
18457
34531
51694
58079
98573
27976
30081
19314
4423
79644
77873
89254
4948
15984
76384
36400
90317
8045
99700
64867
37588
50320
92549
47879
75761
47700
18024
76060
82199
45050
91509
62373
27635
86864
28237
26287
26908
65816
17268
63142
67467
58216
73993
43781
61489
57129
23513
37431
4661
34909
47696
89596
43918
84738
52488
77718
33016
36494
48544
96614
58516
32260
77407
42092
61806
92127
37274
56662
50412
78323
38109
71602
34413
52361
65663
19098
43907
83102
41905
88292
61043
75355
26947
48516
56885
92019
29782
85189
33208
78812
45791
77820
67025
67150
88057
7355
34968
83701
96804
56094
91680
86215
27861
34647
29756
15900
9682
51870
23043
16193
92927
78750
80213
2140
32857
33404
75792
28423
80562
92109
8057
65635
21569
10089
83968
13421
67259
12761
71019
72780
73897
70300
19210
4187
62684
91792
67835
456
35632
6960
15599
88487
65345
77988
42867
34940
92792
35735
60577
1953
61684
48167
49999
47589
80660
22933
25136
22088
30703
62015
5887
64995
3733
82159
47431
18090
83668
59750
33474
5841
63039
88042
39406
45728
11089
90987
11700
65507
55927
30116
14770
76222
62774
56735
80557
85049
4832
41333
33975
81291
92607
40239
17103
61495
88795
63634
59480
3128
16755
44831
36206
97938
82700
19561
57281
63562
12321
43014
23050
8008
54619
48907
86362
11242
44377
94300
61930
48617
1764
84892
82585
57638
45819
62691
70077
45557
44754
97641
71916
34942
53715
38384
85795
76071
43133
80167
84973
13526
88907
66313
20244
62119
16820
42757
5348
50665
96369
46059
62226
15408
44750
9765
70510
9043
8158
62367
87884
16295
64729
47275
43993
80591
12388
51068
45357
83086
100
81837
4312
5544
78536
15804
4729
65008
18389
74460
67866
28994
25643
36625
99416
91008
35884
59537
48589
52911
39029
95086
47713
62658
33122
11285
31984
82431
43320
40503
87628
15536
56335
83479
80608
12542
74890
69714
72660
55528
90705
73093
14408
45922
25418
55256
63681
6407
13193
56596
92620
74773
5308
97809
3299
87456
72600
52006
30887
41171
43017
25488
58922
44746
63893
10589
43025
67220
31512
10052
24733
3115
78038
2279
99598
47346
22304
80080
26772
67138
17607
69361
76861
36036
53212
16805
79573
47179
72096
56260
60113
58710
35282
54575
73628
96600
41228
64306
86879
32207
60227
31806
19853
64655
90809
14211
9322
95097
39224
30110
44952
59338
32040
61185
29040
94250
16634
80384
64086
30918
8739
41458
33434
62800
46462
74420
79811
36687
1559
61715
96255
60188
52024
32392
68525
31942
98797
51048
35585
82187
36012
15618
1686
12704
83907
22740
13808
64838
32429
62424
51684
13889
48788
39104
58637
22382
81174
26252
60440
66015
54731
45273
9034
72283
30240
92385
66517
30888
48166
34789
97952
30479
11952
19378
45179
50971
10223
17088
91760
5094
69335
23931
6853
18038
85342
97624
59109
16668
38872
84942
93284
53711
5731
32142
11824
5346
75886
23235
54105
89637
57408
25809
7028
4112
26254
97848
5794
6845
23375
14468
97777
15474
87295
93213
38081
13698
52712
1470
68622
90121
16594
48380
64869
4052
27228
56254
53049
74140
98847
35469
44532
12824
84344
30271
47841
4950
17861
92012
89238
7996
7605
4587
69215
92091
34231
39625
16618
74538
70256
62954
29351
29033
65097
9539
87852
34802
1589
94033
59298
63692
40256
21231
13569
94993
63483
20928
22037
17760
27722
68830
56515
84468
70280
26162
74358
19559
8805
92167
86694
2666
8725
71560
86531
15868
74943
77869
75882
79407
74322
83821
28439
53137
55819
65039
72043
68804
18921
60789
88085
51168
15473
72997
46969
61103
15686
98058
17876
53399
42381
53622
96603
81786
58624
65688
95551
25108
59968
68080
78149
20677
21324
70783
64738
81933
69607
39879
62429
85630
29921
91214
18131
39730
4042
8037
62295
14744
82657
19965
90361
91233
95740
13780
8269
66429
8264
65224
25024
13485
99678
87291
77253
72011
69701
23834
3935
35539
73659
89469
86985
74858
60000
84623
48635
75908
37664
63010
16494
60747
23989
53461
51356
20603
51686
69386
81214
79489
2137
54557
58858
54770
58919
58721
37884
82684
81218
59962
77869
33642
79438
75077
57971
10229
66217
42359
25250
19261
76100
12596
40643
80985
92541
19585
62311
62520
15355
13155
90992
25002
51896
51233
47539
15880
72850
84813
96404
53172
56852
38233
59071
38992
39304
27289
1009
11474
20546
54675
30952
59862
48781
72167
47548
9324
55152
84752
47105
53050
10967
23874
2467
53791
95318
96436
75461
82345
21290
37315
14849
18913
60609
59980
28962
91874
5886
92139
78056
71568
24383
2508
24261
5660
96850
91931
51437
97693
77782
25042
49034
2572
1521
84553
80668
64583
40040
23650
10462
7692
81688
18263
47105
94028
85470
68775
75549
95758
96676
61174
31990
58159
21116
58961
45775
30303
86077
44742
97301
15412
28497
3673
16630
13922
96392
92903
43153
59166
24085
63007
8109
90946
16453
22128
71720
48986
75673
53010
31826
67906
57979
42318
62950
82196
80565
72807
81384
8342
74938
95186
11647
68228
61297
19414
24218
82516
93336
50077
16823
14059
79018
20043
16328
80780
1497
80774
42114
36077
46559
29605
63577
62728
2728
24535
21680
90119
26060
772
72014
703
57034
20313
84519
52278
15914
4264
72685
69649
67242
11806
21930
89481
21464
71182
77070
31825
97191
97630
73765
92526
9574
45243
55212
45794
13118
68669
69129
19085
96029
97813
72630
24664
82166
24406
32542
40072
93225
96212
37493
80352
45228
48899
57834
22769
28666
7367
95928
73904
61262
79367
65852
84425
57462
39659
35791
63129
61795
89184
67538
58961
75877
79491
80355
52636
7364
49457
1485
13256
40674
39134
70128
41555
19324
71032
85093
45529
58512
19279
4178
5816
74574
50327
32870
64361
44587
31010
95444
28227
52016
88119
7898
8712
13447
18954
9825
50280
32574
83194
25670
1789
23254
19944
324
3263
87442
32170
51953
77176
82580
49976
25817
41981
57120
24821
85604
33409
1642
56085
88221
96630
54489
55822
79475
61159
13019
39740
96617
76033
54653
77041
16376
66583
4163
33100
53044
54676
15572
47886
48875
29980
71663
76184
13332
89646
79958
38264
62465
47085
47408
3182
9620
40711
97449
46937
12955
17034
73441
66382
83171
99737
40851
97337
38873
16651
59577
13096
88988
63813
24070
26357
66710
55408
16981
30378
60361
9649
93161
57015
15398
5758
97330
72820
23621
24224
28147
58359
94517
47262
54575
62796
51957
80058
57505
49806
715
61531
71945
6350
75945
65129
65117
47488
71227
24213
14567
29592
71151
33222
39818
20990
82996
48205
62347
75505
22072
60131
69245
53078
30489
5409
95667
61235
27799
96027
83848
39439
78192
3887
91186
88788
7940
82120
24465
32946
47304
22921
52509
57538
51384
36737
62413
18094
42145
74166
68350
99687
58092
39425
30128
13904
15360
30767
5345
40382
35477
32750
29317
21999
29413
25065
61487
17407
13616
58588
77578
96262
55628
60917
76656
74315
42326
42424
14469
28841
45967
97425
90299
36058
20183
61436
48503
85411
10999
86918
54641
59578
67998
71611
90063
58412
46819
90304
55957
50086
50327
17556
52710
48869
68250
88952
75114
69878
52874
13990
69538
13387
48268
30233
44495
15445
13174
91865
17247
85982
35827
38867
33160
244
94208
12488
5082
32605
34156
99177
31217
93546
67240
59228
66803
12038
37931
35752
97955
67682
42043
75272
85909
76865
69721
3444
63463
29992
59681
451
92103
58094
90429
63818
3537
12985
23897
23691
70318
41519
54707
27453
31714
88673
6970
18668
93184
87390
87811
87227
83989
67966
94549
71078
17046
72213
82441
21754
2124
24472
88474
52610
93550
86782
61418
70612
92532
68135
25283
29062
1279
1420
31967
56960
43325
94167
59111
89339
11133
88290
84047
23542
30648
81540
86500
17564
8196
76904
56287
55537
2166
44176
16767
44422
58579
21231
88327
65196
95791
63088
81584
47633
35437
28004
69531
63102
11819
98778
53967
58542
17591
94396
68475
13775
36137
29191
293
99712
45434
54928
81763
2093
94399
16549
5335
80499
82947
28754
90943
26498
31496
13274
71974
81173
81694
34278
72415
92776
77905
62380
96449
43055
66890
74194
53463
62675
50157
95356
60511
14263
10511
20181
66114
3362
56293
25308
1531
82276
38727
32846
91459
53503
36241
44191
46035
50344
86696
41915
46701
83877
25616
84413
50720
87321
94135
56826
63931
66754
19318
52568
84329
94821
31203
63211
7206
95318
56855
95343
28056
51770
20523
9654
85802
34238
43481
31254
92559
34676
77683
87356
71152
11745
38753
51648
79092
99455
37886
9579
36665
9242
80034
78837
97052
48116
21890
71407
42941
86514
99730
16712
14338
27494
58058
3114
42601
61358
22579
5646
83785
39175
28021
93262
46783
51052
85090
87658
64937
87395
73970
57471
60215
85579
46690
90536
37481
23392
26635
47444
79789
86827
71103
48693
60016
42113
25069
4465
60194
98374
7688
60204
38027
88417
14356
142
5774
92641
73178
22036
12945
55452
35490
94141
80530
23627
90501
69886
18109
62147
57069
8668
12243
6267
81424
38487
87250
41267
204
88198
68004
38967
3509
30530
4068
76377
10566
45831
99411
38236
71892
70801
9864
45488
87019
11420
13562
66672
73552
7010
88042
55901
6979
27473
90986
24855
84480
22879
40381
60227
37819
87778
50937
35829
87904
26311
82344
77954
88746
74738
59220
38676
431
12545
98269
1821
6275
84907
19641
92729
35226
47618
42840
15241
20480
55692
91202
89009
85903
53836
51169
35581
1644
89686
11998
74407
37638
87574
22596
46586
46613
5823
73326
68703
72766
77859
30109
40097
30070
14995
73041
75744
36000
88853
26539
12993
46424
11772
66141
3928
57572
49564
67476
87362
24678
56606
19818
91506
69637
75530
40362
60517
90426
64359
79758
45863
97792
51177
10198
39666
90416
14582
23293
93599
62695
13516
20581
79581
81808
20280
22494
92690
70183
25650
9534
58736
51900
16286
54144
98031
10071
78004
93383
99569
644
38051
35430
90625
41838
29170
49787
92851
86221
36248
36195
47412
39921
14671
50362
30214
8924
904
79349
70426
72457
12736
39774
7724
87497
18958
62469
92298
29653
46444
64780
20302
10299
86887
12856
92305
95320
80772
96934
20882
20718
89200
52375
79057
53671
80182
27109
41400
16601
69200
81184
53515
27918
22832
81673
22440
66111
70367
79272
8872
18100
71107
89530
11763
67731
15734
18019
80642
70144
85598
78839
31022
14834
88251
21867
86616
33296
33831
64315
68882
66413
60209
94619
43188
15699
47074
98073
915
9825
39823
5225
93988
90569
63204
48698
88081
7457
82142
63153
50470
19376
79806
42881
96644
92497
32611
13407
82488
89024
16836
52648
94791
49021
26970
38305
13328
84312
78834
41554
51506
81997
24301
80027
57412
55763
76320
55435
79096
66506
25835
50223
91185
95418
12349
22957
99673
96290
13222
91883
67741
22570
43902
20323
54906
77928
54803
29097
21645
15604
41953
15373
97429
72626
61218
93806
25169
37608
68865
87233
12
90573
81043
20759
32902
26284
58593
33584
8017
80215
660
68992
44594
97754
49322
82093
70629
93815
90601
33812
51532
65118
63200
28742
51278
9230
69370
76327
17271
55355
97579
66884
34053
46748
91482
40526
26117
64853
26947
33275
81083
44933
20644
94395
62067
77831
56472
84691
53528
44728
92022
79388
88160
25752
17474
50144
7279
14898
68100
36347
42159
25969
17714
62691
80179
88880
38511
44474
10722
12534
54541
40959
25687
17020
23753
29998
86097
26615
54719
13514
63611
39123
61734
35379
79339
77390
77712
28506
66205
47738
40525
30390
86585
65747
75401
63893
47912
33214
30719
6695
54464
396
60891
88833
93874
90418
66046
18136
93846
2777
26799
61548
17821
78388
20564
60758
97452
96511
49349
28452
12859
75859
48395
20884
951
91087
80346
14457
78965
86296
85971
42811
47560
84707
26017
31881
42169
86328
12369
25719
57614
3811
24620
25730
13008
25945
88412
52660
15663
98347
12838
3704
40548
92888
87628
85968
9959
74887
63476
4439
35836
36550
76168
80903
67937
87144
31798
75518
34778
23530
85254
28752
75290
66170
70593
74096
46234
43767
76123
47045
31365
15270
65697
20778
33319
14769
26434
34142
96490
51975
87368
16661
56186
11425
22668
96166
6972
35015
51879
53021
72887
6738
58388
97982
54851
32175
32253
39334
49592
86449
99042
16958
53654
33690
69105
68348
11402
45031
14067
27192
20633
75005
39568
92372
80495
57821
97066
22576
48224
32599
72963
60870
99192
59631
29742
16949
21074
88389
56004
8113
8793
58978
83842
72643
26279
54789
18410
73077
96821
21032
72212
4896
45962
50359
77612
32815
74703
35374
82698
39477
95145
13468
45915
73239
28192
14149
79935
98962
37162
32142
92038
9886
96016
74107
90838
70694
15641
99090
40312
32739
42810
58419
11517
59365
21571
69151
63606
71261
75055
28551
44336
51019
50290
70232
42908
63550
33058
81663
19821
63957
16697
98547
18584
15899
44005
91415
3421
50467
12606
85541
72711
76860
1319
68796
2081
50663
79546
48463
11832
38910
42877
79096
33103
31643
54957
47992
36663
16064
21255
14425
84891
36651
90550
179
41819
30814
3633
30466
88911
53112
43014
97874
42381
75408
45178
64258
56448
25477
62136
99734
83651
83535
12006
99487
62967
76270
8911
99758
23391
50082
11725
22112
21788
73579
37071
62339
10190
17894
44254
11595
13685
79845
60225
5195
52798
47542
76393
88196
19204
81034
77747
52988
47016
544
1594
89426
24391
96962
47815
18553
20915
2433
3769
75146
43475
75463
65878
74078
57244
36207
18616
71782
82874
58849
33678
9171
49073
18345
98492
76953
34937
27617
71285
76685
68444
68900
15131
50582
25393
24539
76616
58859
78195
26377
44084
47086
51545
38314
64144
9941
89331
35797
89295
73876
34417
22524
56737
6175
72305
37251
41678
17862
77911
66655
74965
57836
42066
25449
52472
77714
29779
51685
9697
31972
29513
3787
54638
45287
76443
25171
25970
58830
24217
66787
56052
60217
62751
96450
84828
77165
22778
90445
3488
29967
19561
13663
25129
68903
24030
68345
62633
83047
10679
94776
68722
58898
19121
92140
55898
38114
87094
95309
578
4887
32170
93434
85714
84366
97993
4445
92711
92361
66988
25475
34814
79064
51683
17040
98149
45870
32056
25135
17089
36408
31904
41161
11469
98561
85543
58964
12307
61685
38716
32651
10780
3050
25030
26013
65547
94396
68124
56517
52054
72164
1561
69102
60652
67662
97761
27578
91039
61715
72790
6303
14828
42214
6514
57757
75706
14138
26924
91389
6230
27206
66409
62187
55557
66537
37530
39641
81871
33118
95154
20544
88700
35428
99257
93244
1064
96186
19584
72515
41007
43461
11954
29156
91444
90112
46252
19809
63806
45043
39600
97290
99847
55234
47046
14537
24170
18447
98892
9335
9683
81108
6762
37697
17789
28149
5553
80086
5052
50303
91051
64754
93947
12829
12465
38526
84122
90927
61744
34146
98051
80321
51562
92559
98335
86065
79536
1274
45841
29213
27428
31696
95043
11123
93090
13206
59586
91668
11026
86478
34340
83579
84269
20822
95157
72182
49854
24823
99162
97006
2853
55760
85041
89121
22667
47586
87404
43513
24785
3418
19761
55169
16674
49022
69749
86240
1089
53523
7416
39837
8636
57552
87589
80438
36152
12344
42552
52402
60738
44379
89732
71685
15002
47500
48946
82174
8333
74436
44297
14392
1601
54183
99541
40216
6671
53360
95528
51593
61503
18668
19773
97086
88364
50351
40213
58436
67934
99953
22567
39625
12855
28021
33602
62170
18320
39213
44824
27471
48672
46255
42340
79393
48501
51911
56660
75961
28104
87709
50050
87772
81423
29876
31827
12785
62424
37297
94743
68677
25670
26451
11831
61784
11388
73393
19524
59578
49926
60345
5090
30572
43731
99262
82432
46190
96657
63176
38972
56464
59210
44525
28515
51795
24593
28476
14799
97273
18338
7885
7618
1189
12935
7320
69709
59842
27739
14515
38533
31365
71951
82705
46644
16550
64137
58607
50307
79682
54015
96732
44108
32764
58054
29398
74107
10374
45894
49507
25134
2929
29168
21121
22531
24424
80812
97574
70193
8660
36497
10558
69034
70754
78070
70414
67667
31841
45306
79783
15263
33686
20366
47563
3596
58322
48356
69890
35574
99545
92289
1010
4166
87635
24838
25944
86204
43252
59697
97014
1692
65894
60058
81163
84647
7350
19276
71694
29555
58377
56080
39394
98691
55017
85862
44445
40924
34074
96559
34597
89849
76859
39119
1250
1637
5098
25381
41004
62596
39318
85574
66038
17836
43281
70306
39
5512
41747
52731
80193
697
26191
56119
47802
9570
37288
69913
12591
91209
12569
57179
85818
13782
75975
61060
6079
7919
72016
90186
34824
44956
68537
76797
64664
34846
93368
94396
40251
89877
52988
67887
24537
96345
25353
54906
65386
91828
51393
59191
97833
18523
47869
37871
58717
67668
60144
35969
95947
10334
47928
54209
73444
45447
12224
1928
6948
5643
62649
87174
41881
34374
19339
18934
3842
2188
641
51159
32688
7233
95976
9375
97306
52793
24598
49831
90846
66076
1717
46183
53877
80403
53350
85221
58625
22352
45539
24704
52388
3607
97443
28285
32157
2252
21032
67140
3261
92103
11430
33828
77682
34046
50001
73559
95308
5240
46387
70698
94376
47095
24600
34355
29507
62124
2911
99315
87753
41893
94277
19199
67521
39786
9487
68843
5754
60866
54793
4056
11500
2291
45291
14358
67800
51679
56302
42939
5711
26645
30498
98189
73636
17158
65244
18708
86568
15335
68645
20232
99661
59261
16386
79407
70226
99379
67854
92853
18580
72491
6863
49888
13744
44445
45121
1615
49116
3787
30021
11526
76250
92211
69109
97773
30030
82943
50061
48002
63668
18535
42171
21273
35188
19499
1924
44572
75167
79603
49672
83401
75703
97597
70950
36490
63647
89714
16338
77618
64735
14825
12400
45380
1989
22031
66204
89094
37065
16399
12873
13576
34861
42465
11264
78869
64131
48476
12575
30077
89323
13645
94634
21773
64749
45280
33066
86432
57713
5627
71215
92396
69040
72194
89658
26896
41966
93995
62966
27178
28442
58277
46996
99055
96924
55310
54789
63883
442
60441
36124
96769
81087
79167
7803
77281
70117
94061
37127
96082
30741
64606
79372
38288
66319
66438
82324
8806
1346
59776
10905
58466
8308
46596
42491
35403
7731
37604
25227
91414
78094
74892
89954
43200
94278
36129
97357
20389
57777
22111
28677
66958
92990
57491
11131
22054
91684
50176
86748
44118
33242
37652
53724
9547
40725
28146
71988
46393
7103
89960
99894
58477
85699
29471
42332
86985
58548
9212
49249
54650
93515
42597
5004
12312
12692
74456
85079
50828
43850
37815
17314
25098
55303
53107
9230
93724
43567
75688
24580
63584
26033
20298
34318
39771
92937
84343
71398
49119
24083
44534
4991
5742
16163
14522
44517
58820
81483
99609
9492
17793
43665
92957
68988
45584
49158
49812
60015
2163
34737
80023
30392
87389
96523
65308
53755
76498
88332
50698
58157
34022
23990
48889
95493
83632
93904
17231
32780
2696
97246
36824
68395
40145
98327
50326
20131
25382
50895
85979
65886
11902
44644
63455
85765
19910
65859
11230
94985
66344
69103
78903
24451
79964
7216
33303
11601
24117
23120
29595
77917
26189
17044
94272
44063
26309
78733
81211
48752
57819
78961
8248
39634
51995
10373
89215
63255
58452
23525
97422
25912
73688
61874
59202
75329
86933
67980
24795
33403
40970
51147
74852
32492
81363
10558
51388
45718
52507
57579
60278
61105
46004
69687
12624
58271
35778
50705
33715
22207
22301
14267
50413
75123
14850
93112
59302
35772
87230
90510
94191
48648
15799
88467
22845
27888
67323
7324
46387
12385
29089
69770
28795
88018
46689
91451
98983
53796
98268
24168
89014
70623
74941
46629
85991
43191
22029
88785
78816
13262
33788
60765
25725
9106
31333
5718
93100
20791
2761
6507
51604
59915
50750
81327
94786
91007
37422
6044
38567
12682
47599
70650
97921
190
2285
29647
71222
24187
58170
96924
49341
73857
93894
20474
20404
21753
85133
34313
12181
71739
68301
85305
83929
77863
77328
71661
74385
66514
38451
5983
63267
28046
95054
77770
71839
59519
27399
27410
43100
64673
71055
57149
81100
15917
56071
65975
73733
4525
82895
57372
64947
28566
62866
98953
50713
26023
49621
45236
75910
53782
10183
78149
26079
126
41641
68777
1314
61782
58026
12585
63213
7389
27316
41154
89831
43843
38369
39073
24645
85477
80698
16280
6710
84861
70222
50717
92960
32195
39121
21224
15170
34627
48259
38928
77175
83855
94362
68543
48121
7271
5659
21307
86369
89193
58002
93068
25788
49668
55018
41313
19956
17771
68228
71095
9503
83623
5811
27394
84705
24099
19354
52503
63539
99389
72459
61550
20476
3954
43353
94644
60823
40786
99684
46955
24038
58090
49920
77777
31264
93743
17218
58011
8762
45226
57142
7350
56216
28416
85089
31656
25049
70321
62531
69073
85
68522
74025
14768
81515
14228
59924
86287
47909
96129
43343
34907
29751
89036
78170
25154
12707
28161
82474
56502
37151
48167
23210
48764
45547
22997
85453
48500
42847
327
78688
14400
63926
37145
58461
89113
81929
50673
50388
20365
18725
20413
61023
15116
6278
96943
32644
88086
34329
24051
19529
75488
557
81707
64428
65102
92275
38140
35281
37118
98834
69107
89825
21797
22
10155
2096
89897
20163
72059
82967
13282
41045
12098
28126
59851
8373
60356
81211
33100
29094
26260
79184
93601
72268
18631
75970
81579
55962
43846
51513
18414
62019
93826
57003
39243
47403
6822
5708
73862
486
27234
34928
4033
48306
33368
6165
92131
39693
71082
33418
87543
6394
32733
70228
44998
86457
24428
54174
96916
49226
60891
68270
23234
24132
45847
49009
18229
80415
33229
15854
69290
17355
18203
73869
35732
85309
24755
28320
22581
31460
30648
44138
79246
51205
29081
99194
31256
3710
66525
70691
94043
41175
87007
62532
87713
272
54682
2113
52711
41354
57795
11061
59137
17701
87054
49534
86355
2842
5822
47455
51595
43962
27177
56153
59544
18494
12172
30614
45821
9851
72923
44667
83378
49132
97900
8170
4581
48349
76841
46655
30151
35046
62519
43738
97055
85061
51249
1619
96041
44730
23262
662
57503
18786
45277
15817
72625
54166
70195
25134
48504
63322
92654
31674
77859
22995
28494
86050
81178
83177
53047
25870
5767
29935
76192
27489
68022
56271
66764
72441
60356
85492
10065
686
95470
91833
91931
72642
62295
19023
4737
55923
90673
88357
61581
6672
87145
70727
25748
45158
77284
45970
67765
24689
73420
38968
91723
63959
35272
45480
12988
2565
81644
54243
77306
66264
62114
13189
12796
84955
66399
15275
63937
13647
24925
57567
52355
75773
70625
41695
94155
60760
21398
21574
25169
58388
79199
39931
23061
99323
33697
58600
69060
92112
58059
1820
28373
87409
3611
83652
94917
89936
73713
13147
37273
97604
31285
32791
45969
64359
94375
32039
12493
1838
50342
53560
78410
78772
77611
8223
9236
85256
55376
2347
61191
41285
55870
68021
16060
1793
17978
81713
33376
42149
91722
20033
63674
54938
10832
51536
62271
12257
75554
38128
1889
86492
96296
26288
94992
80134
32954
48587
17956
85562
29384
77025
80743
80558
1538
60605
12794
95210
44491
81143
72698
1427
63730
91879
89812
42229
15147
33641
14520
41918
63608
63570
93965
99220
4926
36436
12134
24118
83940
37925
79329
86105
64636
44576
12460
19403
83326
54367
93441
9934
54753
35401
48655
26317
6614
82712
97298
47498
94337
91173
19042
63742
47
60570
86094
88595
66816
47602
5976
71254
56125
48886
4571
72549
61316
96220
20023
19944
53130
74588
87219
72135
10123
41761
52480
99710
23507
97092
50339
79537
8671
88550
22957
83290
75091
35376
41540
49060
28666
28928
512
83929
92122
64512
39851
61674
62891
78601
59873
1138
13268
46720
19507
23632
14394
45461
90527
71941
62822
84550
98933
60609
33309
82563
30978
77205
27892
65640
94860
22217
49260
12236
20359
1215
22741
13078
23643
4442
80646
46122
87629
99630
52963
3603
94429
15276
717
7537
72265
32178
37680
39138
27681
19790
24911
74025
79846
77872
21033
62237
70960
67280
76148
40125
59292
72503
65510
91872
4089
21845
16751
70505
40425
90752
21782
87560
46620
4307
50562
5739
5605
70865
17794
62199
10403
1304
36339
26590
87437
82734
64497
25022
77007
37583
46006
29702
24967
43172
22276
973
83837
16800
18710
60265
51398
43762
27818
98334
105
39503
97166
98956
45262
83525
92647
38506
15083
35045
49368
53195
98881
8360
58685
54425
2906
63830
91090
20992
32407
26027
83827
8854
86301
75147
4398
68848
64328
63095
5182
879
61804
51801
92714
1466
56177
97821
60160
91790
67646
67706
9745
34041
83818
95594
74849
33597
94070
56538
76039
67770
43526
79238
20936
695
77005
54540
97937
66266
65979
62140
97777
65873
88465
38534
17430
62091
25865
58273
46017
80782
71230
74008
944
44205
45625
30666
54886
34487
11577
34198
50580
33427
70459
76342
13491
30718
77584
91591
77706
33289
50852
79330
71210
93263
41305
71719
37502
60790
59680
13792
29272
2848
64637
9243
40105
38159
7725
22206
14407
27199
75265
29600
79135
1851
56968
43359
56888
59152
28148
23835
57585
68879
45703
52839
80947
50452
47237
46597
38718
91014
33959
78263
67424
85549
32730
55246
42402
88480
15001
37239
72471
59864
32539
71524
75074
51150
52846
53245
38937
76710
77130
51901
86417
56368
21816
99844
65788
35771
32660
90803
55847
72705
99692
37500
38398
77476
62120
72283
82471
78651
93566
83792
66662
49242
2238
6603
64210
46353
31112
52123
81124
11053
89304
84431
22203
68577
47766
78191
3329
26417
85375
45565
1759
76752
4086
99983
79260
92906
4042
61853
98224
60308
86038
44404
21861
81676
61306
13953
29743
38436
14437
40895
50561
64573
38514
95568
72256
75638
63217
14849
10084
17447
96900
17813
50344
71817
32633
25259
24523
12067
2342
59956
62791
42481
60869
30949
52382
69433
14700
2094
36893
66695
76704
58658
60005
73229
88733
69759
8451
13553
88455
38133
19501
27587
99786
2846
30675
14533
5784
72037
98737
83523
87916
41205
63155
41502
92926
17063
40335
5393
93888
734
33670
96376
92818
44728
2840
31175
28250
29346
96050
28225
83026
13609
63888
94473
14426
24756
88943
21267
80523
6225
42928
68360
21396
19793
52625
26245
77174
55043
44603
64367
74269
45413
8373
55994
2205
75578
20098
83083
63036
43019
64670
87007
61330
91609
78712
35398
41500
35325
20030
13561
98245
16081
947
4374
44834
10318
40280
64333
89030
46083
54849
64328
70844
71228
58312
61460
29908
66836
80235
8908
81825
81418
45701
12075
93015
47631
63166
99789
43670
71088
97254
21952
74271
76204
79012
23128
11974
81025
24088
74688
39676
66603
75801
73887
53200
48680
37372
97205
93507
51321
14932
84171
42196
10384
51624
86873
68199
22982
57751
60820
11601
18269
70510
745
18549
45800
37725
19691
30328
15820
58106
9942
54247
65554
45304
37858
64233
98126
62568
44747
93708
2809
53775
62997
34742
17442
87472
78479
80998
17923
12134
74592
39606
59537
28381
20259
95735
95534
7246
91716
44645
41989
53527
67267
29766
66405
18599
40079
61644
97677
18625
46662
10165
68209
83742
93159
7195
91395
53731
242
10136
78539
41316
45692
20521
6061
44108
3207
19696
16299
11402
99564
33442
27691
69534
30082
42748
95950
80391
50046
18165
89287
10132
6186
49962
72296
88175
57007
98600
19155
20175
55140
83709
55265
55841
16422
68988
45993
76713
56461
86295
57008
87810
92976
14584
67991
93880
29083
27425
20313
21062
44184
87163
44133
25880
79757
46448
41110
67399
41575
36411
70808
20715
68797
73875
53536
68711
67379
50953
44461
82822
28287
55580
6118
64845
8322
44094
85708
11315
43874
12356
65468
49879
62734
95181
65537
6119
1720
53892
24205
70284
80833
77355
624
73657
83171
49208
47386
41355
4005
19852
11944
43447
59682
8518
36427
24722
48349
43996
6295
27551
99460
59792
24287
70323
35262
28505
99638
65180
71787
95492
62945
18802
72650
58257
20290
45136
27332
94249
18709
44273
54851
54649
81662
1461
1932
50867
78559
12393
84849
349
48564
53824
68450
67976
14082
98326
84179
19580
53434
50167
75565
49798
18348
12451
1284
9122
24965
73629
42475
74457
24158
8317
80287
92996
59100
48602
43128
54730
73908
98678
9511
15286
28269
46329
1070
59162
86218
72193
44887
30279
79859
7362
55859
60101
81423
85713
4090
95207
89163
60926
3935
92154
51829
31398
7195
51744
91555
10761
56610
87456
87478
36301
53185
57081
3034
9568
65569
46527
68503
52699
91827
88691
93300
18603
4757
18909
99977
60244
4889
12646
91021
13764
72009
38021
22171
39974
86244
1382
92826
84401
22398
19675
89230
27459
34779
42230
27943
53574
80718
46974
84211
71388
34659
78485
93657
37959
31966
31697
84466
18662
19472
68626
66028
13155
30579
69518
37400
87547
52678
60367
13713
13257
48593
12362
5436
68833
90927
6962
35296
75030
91749
80738
31856
95383
82306
61303
70850
64681
96303
41050
88281
3490
74498
51042
80234
22178
9475
84051
13940
35463
40969
53842
96648
21049
29417
65194
24453
80582
25924
80560
64466
38196
55203
7261
65721
1083
13368
84183
73912
29489
71833
33370
87884
76497
60854
57953
32370
95690
24330
68404
77145
91938
67590
46204
96408
86366
57699
43059
10964
62577
57558
57122
69662
66424
7198
42234
40646
35734
17698
95208
73093
98001
93018
92874
88829
98567
35077
93685
40786
7044
92582
73602
55680
82105
58094
47188
19495
63670
28695
22027
70066
90681
7721
63910
12568
32261
1314
50492
90442
62487
10807
14125
14116
18021
52803
50299
26174
59240
23103
62014
30338
37492
25802
57355
99247
94886
77514
53572
62821
93292
77713
3234
31583
85573
56309
42320
36332
10185
27139
67688
50598
91994
39270
93502
73575
68961
1412
2439
49282
43595
34073
46207
14477
59974
36336
81352
71197
64958
17238
95914
13554
56933
51943
43111
82244
94534
52307
85950
68867
53886
38124
28109
64786
91276
76517
9192
38429
23811
70428
48203
85339
73103
3621
6664
86143
62717
50401
90184
90183
51132
53299
11865
37003
96362
22685
66678
55125
1491
6433
95988
30517
46353
74202
63810
2655
68313
95225
20553
28333
34038
40771
98854
17126
95458
35640
32058
24511
14409
17332
99693
19528
23712
30341
84057
28003
32520
80035
87527
62595
77564
76426
25215
27826
8813
60629
87484
7315
26107
29836
895
10098
72394
78975
74484
3377
6542
35020
15236
28714
14872
60580
73695
42193
52480
24575
69323
73618
58695
11456
4869
81898
71353
67824
12042
62802
69886
11706
71609
8342
49511
81237
78868
25205
59004
68317
65529
98675
38334
58358
40881
10089
88863
84092
11212
55435
59914
9440
46101
91060
71859
52030
63118
51270
28075
60294
62308
86270
21519
43146
29046
58965
68831
11977
99400
63778
97827
38103
7040
25943
67640
41283
29904
27405
8990
28636
97342
20507
91189
36577
41937
1124
62036
85127
20344
26651
32371
91879
39004
79914
23649
50952
31996
44191
53440
58064
59240
51318
42793
24272
31812
60006
75264
6817
56917
28217
38184
34360
78999
65050
51297
82167
89609
38030
27762
25151
43755
4511
89705
48457
33270
8610
3451
74309
74451
56998
22650
69141
67123
14310
19619
25490
62898
61465
57536
62334
1465
91474
54463
27139
24064
85957
57198
68271
42935
25347
33945
57082
57284
47333
58005
59564
89346
31251
17362
57213
295
54206
63415
3784
23391
28877
961
59812
55344
97843
70839
59694
23825
27
25489
45997
3524
23836
19693
63806
34326
7034
92736
12359
56113
32216
52504
2794
95627
16567
46308
71828
39872
38024
46233
4246
86953
53593
45452
22218
77262
14853
29409
34546
30977
3070
81876
72397
97945
9542
38445
29558
40686
84665
55745
90619
26553
32466
63626
70443
68128
51795
69491
65999
96910
11981
14240
74793
37799
56966
34242
16564
24104
98037
23767
39074
79869
26031
38984
5187
28101
85303
85737
40673
31659
14264
49460
26311
96812
11312
10975
56974
68770
3473
52259
88169
44792
42711
59621
77995
3621
5431
95185
81033
62875
46504
97972
41210
54577
26725
14911
96920
59744
87107
60616
91850
46883
83029
73691
671
60966
49882
59916
82296
93203
21166
86285
90351
25423
69824
94253
39937
69595
95381
69515
48830
56435
26167
77932
57669
58922
20707
59037
68706
36897
8857
75381
41887
52446
43852
75944
68730
47949
29932
32810
25032
37187
75984
7994
52633
57193
60965
23755
66087
50319
53317
1152
92229
84540
46829
20123
31849
52781
10406
58275
89698
71951
91825
1561
13300
81604
67794
69631
91171
78348
16546
77391
86837
15381
32036
51034
91528
74373
49793
29984
11901
11724
64621
73263
88669
61980
57995
47765
4842
96807
22358
36438
77135
73498
85794
37927
48867
75860
41293
16664
63396
59417
27374
48097
41505
96462
81782
14122
60532
76210
7670
11417
92113
91675
47407
46182
75398
72405
77733
8835
61086
60148
20691
29656
93769
83452
93564
20606
44002
28031
92733
68097
60746
71757
59939
35071
18921
83318
56227
38049
6682
27698
45003
51457
78536
92326
51207
97527
74131
79237
6422
2378
69836
85190
24197
23358
3935
33911
15453
22880
53484
9907
44749
15946
74518
57535
71259
38259
25342
12657
81495
68011
70171
39906
97922
79102
76608
29311
84594
68464
58944
21380
73400
23890
52061
86052
19769
13388
69371
10359
30864
36027
22274
45646
63430
4513
56027
2401
2098
69862
22812
55521
67681
76397
65516
80988
94265
38430
34978
16193
19303
47561
9051
28246
82999
59851
97031
11901
25283
6807
84736
5083
80073
89255
40634
25204
60467
72185
56683
14437
93513
66177
20755
12429
18139
98843
43529
15642
69144
16506
81222
32290
45993
42657
68827
32809
51611
36312
12524
70254
46363
90656
47891
20691
34311
29711
92990
72612
14542
39276
98280
42415
46081
34806
15329
1372
86087
75289
56074
90336
30277
16922
9764
21704
22795
33668
72422
98617
15992
14455
53324
40016
42536
59413
19092
44497
86886
91321
99283
55056
44565
14378
46115
22462
79117
24054
28897
83576
7611
90610
14668
59524
39125
65175
78658
99821
8549
72859
26250
79737
37231
77995
90666
82155
63646
1332
76313
49162
88353
91923
29421
72245
21491
27873
90950
94069
2517
75161
68321
39586
46184
55500
64747
49264
41764
96154
26282
49927
95653
2410
31781
62909
90824
94224
94395
60415
63118
26266
19449
69416
8048
34338
5546
46332
67658
55276
55451
77578
40535
28607
41652
86078
21934
64506
11557
33427
19348
23140
82713
41027
29963
56233
89301
16994
55475
8126
85979
18643
66716
15154
37182
17584
94175
918
41628
34936
61358
5334
23975
15801
80206
83796
43217
30820
83377
51111
32882
92182
80222
46626
78273
52519
62999
54859
99412
95979
84596
5937
30975
99166
34928
41793
89558
58261
99373
87580
9982
22667
65760
1293
35098
66963
43723
32126
70669
44219
30106
16318
36946
29055
75529
65915
44960
89915
36172
14997
32515
50248
97179
51174
67050
86327
54607
86118
73611
98083
26409
4823
75095
41993
39161
75454
67949
44124
15007
22256
82621
8574
88202
25453
66512
95298
75254
91770
10399
30937
2745
88496
16022
10515
88196
73874
69887
64463
47484
45995
53061
50768
51268
79910
50729
95617
30586
14098
93436
44630
865
14452
10749
13855
3030
73085
92976
78577
5930
5656
50913
59170
20628
75810
92060
89495
46223
85712
66952
17222
11488
30088
1154
79144
62733
19164
12131
69268
53601
22516
1551
9508
54395
14845
69704
5362
19869
134
71869
10975
45884
84682
21677
21929
74596
53352
40164
68397
1797
50865
67798
73233
11026
78807
71942
59371
64906
72807
44275
84198
23948
10937
45321
73579
3929
76217
45904
28050
87954
16304
97352
89158
38103
76520
96472
21343
7122
31555
50296
92969
28522
3203
97349
38567
20074
87018
822
9532
99412
78823
41561
41646
92262
30564
82843
7981
69077
52163
93273
94381
17661
6910
8980
43542
6089
40176
7760
5862
63853
86524
70937
16168
81468
70782
93752
54348
94308
13272
60942
91044
56363
71737
62679
67124
89650
92336
83181
70055
96012
96638
21029
21317
7018
92360
16309
22616
14252
18219
95110
95106
24280
61416
21858
19714
17743
43274
80384
61798
18425
23328
3951
45542
30767
71761
76635
25977
61665
17754
54583
54562
10729
65983
33846
37552
59387
99086
97431
23430
9989
53973
91623
24597
80553
51393
48314
18021
57901
83322
17068
30066
5652
61393
4445
76995
90583
54910
14949
84870
61994
98962
94454
82191
56490
15453
74022
99308
74559
83955
99656
1966
2584
2369
44182
49970
8886
85599
99741
95863
97563
69682
25966
47589
12268
66754
83668
10244
69156
45257
7378
90632
97443
96930
65092
83493
60954
69737
91357
42027
81963
35314
70009
36539
1612
76842
42802
97235
42460
83887
20817
4727
78312
56633
42620
46952
30311
8701
88826
27067
99290
9718
55110
43469
27574
27638
61684
31038
74554
65298
63943
2385
19806
24611
42095
78192
70958
73231
20551
15189
5749
23181
27619
90538
18577
96970
68115
57432
2691
73209
93775
78236
71535
5841
15882
28637
12313
84534
4374
73946
36210
52282
53358
84906
36239
19056
91500
11792
93093
36112
38955
47125
55778
4927
76673
2607
96059
96532
18042
19975
41144
81954
88548
40551
53282
35414
74029
8621
11513
30629
27876
83717
96454
40823
63636
99903
23105
13053
72258
9146
14613
15397
92464
54940
92443
33495
78218
19161
55764
22706
44980
13292
71028
86452
15663
66493
25625
9157
67898
55852
59860
63329
12150
20436
80604
99750
4162
53343
3174
46182
63335
21944
84436
86551
26446
88315
23034
10368
55680
74404
60967
14435
8809
6598
58266
61050
59315
83734
14080
15521
16564
54747
59125
90360
66149
98346
16362
14660
24128
77850
82525
90059
79663
89808
46119
35399
26926
48366
59342
22254
18332
74122
38530
84100
82615
34663
8956
43752
46229
27420
73963
11014
75419
31574
74482
19515
87312
39079
73251
10660
20716
84298
28743
18162
90377
94799
12707
91488
53692
35195
10696
23574
75419
54958
48177
64109
30472
27892
60212
62332
48320
71839
75856
85807
98577
97738
73936
76313
24016
85840
76634
85117
42155
65153
31514
66324
18635
28681
38361
70561
23876
33057
3364
10478
57706
50074
74633
33637
43339
24043
45348
68115
28155
86491
19089
80804
36242
9047
36704
63673
53872
54525
58134
54185
93416
55104
62800
87452
60056
61163
4283
84698
11857
19568
53624
49727
700
82435
91370
89528
61408
14783
32194
25660
52107
43316
83528
30781
98904
87548
84418
19347
60937
64568
29219
11289
30796
16835
37654
29298
14900
27941
81725
85019
98772
21673
6498
53987
97279
22562
48875
28848
63084
78350
21302
75623
89745
33672
52662
13515
24556
61168
4830
18548
18625
55496
11007
66729
96452
15075
55179
10037
1279
30448
34114
8598
7682
61223
47529
49191
95289
44739
82373
5224
79891
29630
11788
14871
54095
78807
17372
72602
72876
54191
31863
79916
56914
87156
6713
31411
994
88077
44797
55561
54424
62680
58945
44535
66951
44968
8082
12205
40840
14938
52472
70240
2311
67616
7114
45783
70363
29708
54079
83548
89133
85470
63038
80989
18911
94975
2038
29249
52293
5885
84099
86619
97217
95223
63083
36247
72238
84291
24266
624
75507
46076
8274
86889
41812
11522
7103
407
90003
11309
33365
11430
24735
55188
61156
12342
57365
48073
64792
27638
58634
93769
57939
81408
485
40366
58441
62454
59097
20476
22254
85500
20746
27133
2980
2532
83417
38046
11232
36862
72871
75548
93666
29881
58494
57849
34437
66522
81277
67125
8230
26883
15093
47514
98244
68395
92618
80262
35758
97137
92908
54409
64941
61154
62718
29503
45822
34810
65128
66466
56880
67357
23750
82205
68754
69008
47320
87116
73877
7172
4715
87598
76927
53132
35179
75519
56684
69518
5565
20767
21005
11501
84748
76624
4240
36849
22017
82525
66942
41957
64950
88735
67429
10612
96588
92777
1171
76636
78297
61495
56559
71547
62785
81544
54852
7373
11531
39954
61769
84236
98321
95992
32705
5754
99774
10260
7455
40212
87344
90056
70747
29642
49893
45468
85097
63187
52214
6057
90665
2588
75463
27144
46687
74817
96410
42868
67237
39464
29193
14086
2026
32493
66185
91395
45872
88102
34707
98862
76560
62203
32323
56187
49112
33128
19869
94403
73317
93626
10280
14957
98494
23311
3346
9895
41356
19163
58117
14470
9499
28480
18899
96767
30919
52932
65848
78257
29535
76533
2472
22880
71530
42372
16910
13394
56309
61629
18926
18430
39444
58285
11323
97297
41482
98020
5656
5166
19236
77352
3838
14721
70155
83206
43212
7818
72266
88474
72781
27415
34002
5575
3300
58327
2348
27335
80433
45256
42188
58263
21398
59654
12973
84896
88754
3251
61163
71462
5895
60752
96485
66203
81644
48116
90153
42866
5657
33820
98796
51858
67572
1694
58437
72909
68489
19861
79980
81207
32129
24588
8001
72567
93861
730
19893
56131
44897
89918
63994
60530
83901
90198
12685
44924
9319
10505
97015
97443
24218
72489
60163
84402
87102
71879
28390
46946
128
41126
25520
79719
14931
42944
29409
29668
15622
61759
22239
70722
69251
66229
67695
22439
11917
79280
73125
47543
19871
11871
67017
61317
92456
62351
56277
87602
46375
11489
8619
44616
15661
8450
3335
34147
51642
46931
55169
10732
22806
73980
99961
11550
1692
99076
20006
31520
37116
11037
73092
53095
87627
93821
63873
85491
48546
79413
26259
37643
79784
54342
65955
58727
31507
99861
77477
45957
52420
62584
39838
8208
34085
84444
94091
90479
71300
93167
7018
7774
16856
88074
52626
55145
95804
24199
85555
59558
78579
51398
77940
19179
6072
18192
61454
45423
3016
31071
2941
95559
57523
94918
56162
26226
68453
89930
51072
78319
50222
68893
98548
77389
5856
22302
9792
46559
55276
69425
88136
99959
26726
41876
7796
52624
29269
2026
75135
36262
84143
77271
63314
74938
13665
67297
47829
56412
24344
90596
91200
20360
93130
43558
77794
40835
84532
24296
85508
76179
51628
84965
61039
12217
38072
81208
56400
22963
93184
86882
56934
38207
55426
9868
49270
92871
70035
43584
81826
57804
94057
43930
60435
96648
21076
77222
959
29778
55650
68264
23846
70366
63952
69674
2959
26638
29420
80668
51914
98810
88254
9754
80934
22975
34792
21363
51222
4942
28039
10365
17524
77990
78945
84539
84489
86552
78538
16372
14955
85108
82649
73054
33934
6185
45445
68469
64704
1935
38354
64644
26482
73888
21341
15619
67748
35011
26194
55609
158
55209
66696
61284
63697
87176
61193
86420
51291
347
57917
56758
5638
53478
36891
82542
87675
30472
33750
43806
87703
23170
89425
87029
78586
62024
82198
82391
91388
35254
78636
12788
45033
76755
6865
30227
32244
81643
93054
62886
79193
60033
52288
3643
28449
51843
52810
51966
18006
87700
82019
37730
98596
72199
53973
44352
40374
81209
50734
74214
83629
117
12042
54833
79859
8496
96729
82273
97673
29747
60145
93036
34545
17951
804
78118
81244
5638
76087
69781
62999
91809
76430
86195
47259
55939
15769
32326
46034
1407
60049
20367
45153
72525
35284
2808
64528
66525
30417
86097
84996
89930
4907
68225
48228
8239
57742
59940
12364
40454
88930
69055
14522
24678
57279
46309
14992
38250
46105
7127
60312
49246
77266
54380
44604
75804
96164
45288
93387
54759
7704
72239
74453
29885
25220
81626
94631
90026
96783
66576
36479
26767
67793
54678
19657
5036
91843
12410
67728
49877
62452
3033
8480
73448
22971
57789
29942
18889
37675
41692
68217
97681
2492
81877
36189
59778
68462
67402
35680
72405
92159
48543
74557
16101
23806
22085
38396
66434
62090
14043
56506
28611
68180
22348
70092
92622
34670
33345
29083
94277
6225
15128
25034
66407
24552
375
92205
14000
28515
25311
66022
25323
34991
72641
40043
81722
89064
43277
43865
3664
70014
68843
2172
42805
63771
49602
97257
73671
77810
90523
23836
44651
66394
28071
39389
63923
74862
86603
48941
71743
22918
96150
61559
88019
59415
21496
32293
96371
55680
25210
95456
56089
64376
63155
36985
79686
9486
38882
14067
22109
44776
14934
70510
8079
94708
40268
84951
99732
8161
44348
8324
57393
86361
66524
65375
87079
50016
99438
59432
57552
47926
58815
21176
21572
22867
78982
19803
60116
18779
26809
53657
10496
13051
59748
56426
23359
84311
15311
51032
57420
88987
10372
57320
51473
14083
6363
49440
30438
49705
98066
69297
60296
2932
16212
70483
47225
43771
65332
21753
56206
15306
652
26285
91829
87654
12072
15761
29067
58637
65409
44249
3854
97702
6681
91244
25353
70824
64725
26166
13008
40175
79932
63734
84698
2221
30906
76098
94525
88011
25087
44222
23420
95668
94279
44526
49514
35592
53856
76626
97381
72088
14568
82090
85486
21343
60690
18278
27042
9837
43273
96723
88740
34673
34274
66153
39823
52713
89869
99507
45505
48971
45434
36741
92450
47440
18731
57065
62108
33404
54475
44125
45510
76962
80742
60794
53683
41218
93643
79811
42766
88595
26534
30539
19690
89106
57182
74212
91917
40801
40085
55424
36865
84449
30980
49300
77863
44775
4298
301
24462
38873
60973
38502
17743
16858
91144
73274
54114
24024
29350
30348
68032
49136
90242
8415
24351
82851
36055
93275
87517
2120
3968
92767
8678
19122
53005
81307
69807
92523
94250
48493
39254
65727
62667
47589
75917
51762
42451
67715
89943
91482
48873
69593
91465
13227
85253
2318
96149
40339
88513
41518
50413
9961
51936
6896
67910
13649
11008
83277
20690
516
78287
66092
88819
25786
52005
89498
38041
28545
35800
32607
77668
74689
8798
48222
71997
78168
74598
3872
78779
70461
94177
1582
6740
99408
8245
54736
95951
80868
64369
34183
44661
54091
6136
97782
85423
45352
81675
34539
12394
19022
3995
90894
94769
21616
87809
24862
48972
67773
96519
90803
25098
27677
27905
32046
55434
58604
93098
21373
21534
54200
33784
3176
91333
94080
2747
32427
81677
19469
542
1284
7422
2502
81842
43681
36517
63048
45035
77406
5523
74777
55
96556
80638
53345
8907
95248
65588
73594
7359
61713
13158
66023
50041
84439
25359
29126
60850
2213
7957
6277
74589
45742
58722
39064
34481
55589
37986
23893
37585
55326
5350
1621
60568
99009
93156
52198
5306
38595
91203
80464
65076
37279
78368
98288
50511
54180
78771
12021
46976
91463
22622
51249
541
98512
80180
10351
95962
53199
19968
73272
57788
64297
92339
29987
86648
9993
36114
24033
85145
29731
41187
31488
81319
98825
77989
55617
33936
43972
45926
31753
28087
50248
68459
36678
6835
21590
63163
53554
94759
79200
72721
30939
78620
30604
94499
68819
84201
39254
37993
15168
17366
88492
31000
28815
31553
21678
85252
9790
50974
87885
60002
46936
72401
27894
47558
81437
71292
14937
97042
52333
28638
84271
16990
87476
81702
85967
56931
88203
43699
54806
20574
97961
17200
56431
4727
135
239
23150
38654
27463
26097
69950
41460
84706
61945
42602
82201
15700
36772
76843
66961
57073
40197
40239
83737
47188
75077
29890
14593
5271
2144
2815
45962
19530
83254
30531
40741
8025
1620
11912
53711
44315
74508
92518
20465
86531
61273
18786
61663
50072
78795
74739
89927
31469
33038
83359
3486
50838
48313
54344
60286
10772
32307
43672
39010
96440
44739
8627
85302
70869
97528
20901
56155
47608
61422
8591
23827
26422
81912
51289
79498
16524
34073
29233
15480
26973
58791
74531
35178
1973
82745
2367
73369
39176
59898
6372
25771
98066
96915
36134
91421
81509
92354
31022
94073
36276
48455
56497
65986
8707
49905
75662
69557
7476
53599
2044
98251
72435
37616
88992
78878
22138
87251
12347
46235
44130
82544
80880
47862
47313
535
1861
65751
99110
81969
89583
23451
79668
98504
23043
33969
69099
37549
55502
77035
15755
80555
64500
48757
90623
58421
96134
57533
53000
43526
36458
88287
38275
87028
67562
90324
54133
26291
81946
2262
85064
1733
92445
15010
92444
86827
76719
36512
74364
36053
80420
60792
47607
30447
57080
51857
77907
22345
67871
79434
76211
92873
1486
68583
35929
78075
22145
27215
97788
93171
54219
4126
19366
23410
74387
8035
69010
79205
33707
66540
54230
59775
66953
26582
33954
71371
58391
86356
89711
84288
53677
47125
86930
73214
75530
39745
71945
2213
11960
75670
49040
21074
41381
18336
92533
25419
54477
40787
27588
5223
14664
51404
84186
58654
75511
55422
51557
92293
12664
26246
54946
59971
52097
4228
20984
78968
62600
72433
10602
85481
11631
79170
81455
44068
96796
48250
2503
51676
70707
2368
14635
38866
55088
8032
64391
52576
75039
5655
51831
71506
61169
60020
71075
74499
56382
10436
79957
48576
93390
61553
10073
58900
60056
4315
42930
88836
81937
1321
43555
32513
43523
48579
45277
86876
79945
18205
73654
11455
75792
69672
4992
98507
26618
22406
25506
3821
59354
87515
69546
20762
78205
20529
50357
19906
66531
97109
48844
35485
84040
86591
75339
2376
37817
91793
66528
42118
79190
86353
33225
23995
93567
10057
66004
29815
18126
62533
23438
56415
62805
54810
3838
90907
693
95986
73434
52789
69049
84956
49561
34012
96776
39538
28599
33292
94333
16610
69230
52693
67173
18026
38875
22487
15580
9163
13153
39495
28985
11587
53777
95318
27570
41514
83679
89827
66211
62557
60229
89946
29180
20797
94819
11917
61725
8118
79528
99777
12567
96717
37659
20416
53222
17607
69762
10166
33903
94867
83755
60877
64277
18895
49207
24107
78917
65007
74483
1978
31122
18500
57901
89857
96417
7900
26055
57184
36141
44160
94633
1353
52395
32559
22787
30755
67162
9188
14860
1726
15118
82620
53582
354
14125
7049
59889
15769
92939
78363
14756
84694
27655
49896
67924
38414
17170
92967
39541
23672
60710
74283
35655
17807
1278
7683
371
36809
86659
85686
98958
44552
90080
87502
83550
81732
49094
64261
35683
61080
30368
85579
17880
92588
50967
44665
6734
62824
33538
97840
90991
88689
23596
51442
56125
55505
64714
77193
72206
61490
767
86430
71620
24001
3983
19698
42056
12328
98924
69534
67588
30220
21473
10555
44677
95212
54987
6578
1441
97706
15667
74226
96222
70235
63945
74513
13920
54461
59066
85725
21669
97990
90358
12660
93045
74295
98828
5567
14168
50691
22032
72071
84127
4095
93329
80216
75028
63088
46871
34061
40387
83781
31938
25413
59764
3698
60082
84928
92797
99781
87237
33052
61991
11773
20985
1658
53072
23338
38890
46462
83734
59860
2609
31156
73832
88566
69983
635
4008
97373
66152
76181
63326
95869
90176
48397
94910
31584
83490
57298
35992
58383
32404
9047
82192
15879
46504
74894
50688
9030
29203
61600
56321
11694
46565
12041
6819
60173
39814
28820
26759
87673
18502
90876
22759
87929
42121
749
63886
93618
90079
37106
20080
3748
45973
19155
78624
46997
50500
73233
69249
28344
54987
37933
73317
89182
85802
19699
74478
5372
93749
83187
24942
26896
84139
8301
25134
50896
61363
11258
83458
90069
16593
11350
85228
78412
32289
40535
1716
2997
4959
11671
5630
40068
81078
50680
37717
4907
58731
62549
24682
68615
51288
68060
38015
74235
24296
54507
90679
12439
86756
34991
95763
1772
2265
52636
56814
21191
42809
48003
29983
20346
35398
97695
38102
10530
78301
95550
24013
8505
34142
34600
33935
2124
60064
27235
54437
45335
61901
39227
62378
8801
4211
59518
71546
49857
33884
65574
43457
82408
36095
5686
65733
81317
5916
33323
12745
72933
39730
48045
49452
64683
99845
32572
99789
6561
40170
42843
79418
54724
32717
70289
8856
8392
75043
85890
3855
14194
39840
79577
34452
54518
20526
99445
6250
89418
58115
13420
57097
37960
40296
6406
62029
56317
44796
22234
24887
78646
15685
20243
99318
85053
8240
10880
20964
77263
44685
3239
89391
57550
53019
17637
80472
66349
81408
91061
15438
43127
89904
65839
9158
33584
54536
69219
59594
96570
65416
50614
44151
82149
11578
29779
64267
19661
55432
85188
33856
57344
87296
5293
69209
83458
84777
33294
56891
25600
87506
84505
29529
59661
79557
59581
123
87353
83328
66669
5579
19703
1322
50514
45337
14256
12638
93148
17315
605
60709
90645
72286
93224
60122
6520
90671
91237
59201
22509
58895
69492
6803
64361
6856
39834
53013
14136
649
30641
95858
78682
14892
81760
94979
38537
72451
23653
74196
65358
62203
10077
57810
84624
37644
21098
19609
70449
35615
87044
43869
17182
87382
7150
50607
87788
19487
37123
6037
20250
11053
30396
51665
79471
24572
44330
19703
11742
89653
43479
94277
21815
19440
94052
67160
56545
25785
49718
91996
54098
44098
37874
69839
873
63682
72833
17251
35935
58671
87199
27210
56800
92903
11311
60535
27912
55959
97155
89283
35952
49727
95722
39781
20995
98485
29959
88582
96467
22182
75943
14314
48092
74307
18443
84158
34139
88759
56062
98966
3534
43387
8192
7135
75436
81768
81331
19042
75093
8983
21884
12375
89214
29398
8382
49453
78405
99165
10188
90566
42723
9043
75188
53925
62438
4697
28781
38811
90447
85759
81533
73470
99886
57908
41390
2643
40376
6266
76338
60124
16788
55243
29423
2066
69821
55574
71908
72316
17830
59066
37842
5470
15025
24480
13819
71314
26494
11888
48614
31699
1952
85518
98912
74855
97242
4652
42974
19928
99019
41658
38141
81732
9678
2804
64329
12267
54949
95678
25151
92293
77720
71404
24425
26922
47795
25983
13266
21944
45543
29097
8644
71928
33916
53623
260
26312
64508
43220
61133
87680
3003
70141
64174
32171
30940
4991
55133
33134
36946
66014
5845
71145
45348
40632
85952
25299
67438
71104
16224
47553
50027
14922
50425
44137
24179
23769
65460
64675
66602
19096
99625
11231
22005
660
59516
57064
4193
55089
57514
15751
65783
89420
21034
76549
12021
58748
38372
32439
27835
13373
77531
51602
70414
97992
28969
45560
47107
66681
88987
78939
28870
78089
15327
5179
32958
17042
90679
25902
11437
83181
64064
22181
86084
87299
47639
48059
62770
34190
20221
70026
8816
1756
19514
14910
49296
21594
19852
61974
36262
25807
8939
5153
1769
56541
93220
18579
32564
934
14960
14674
58692
7880
80292
60192
55889
45586
67391
41316
76842
76933
99236
18175
23826
45622
10910
63764
17875
23686
18250
81466
88968
39652
32189
39237
1777
53362
49628
65995
15089
58784
54798
98484
92137
20091
55565
76207
73040
3537
92415
1896
35714
81169
21037
21550
38872
67592
72926
15599
70069
72638
28122
22183
44344
35453
24618
94438
74108
84751
69583
22765
85401
27762
15565
47177
12268
80420
32122
18097
40726
3857
87600
92045
86308
72482
78289
15392
14409
52082
91657
18580
83564
42644
33466
29254
16732
39803
85292
35296
88492
48582
40034
81146
61862
9341
64815
48165
34880
42284
93252
22271
87351
93532
14478
54268
22778
28734
72877
21556
34635
94955
52629
97372
87382
25208
22646
47309
95110
16933
73083
81816
37737
26618
48523
51406
939
42234
22745
99683
74928
50506
78217
98408
10022
94088
58994
70973
95934
98513
8006
15550
17545
68625
86034
96236
79184
99250
88647
32057
84487
93408
89407
34793
29535
32184
61967
11778
44455
52984
28692
60647
27682
81913
84415
78029
35868
34374
20837
66421
76295
54154
66886
94539
70771
94590
40878
37346
20117
13301
67740
48132
19203
83988
38676
291
88333
69315
91711
63349
8446
22018
26855
35252
66748
20691
43409
15551
15713
35685
97542
85783
76826
62499
49782
32912
50242
3481
17707
72692
6599
43976
8093
42781
99367
18941
22406
2490
67433
92264
53082
71272
77368
75057
80706
51640
91638
65997
58614
87264
24845
66167
95468
32657
56290
65148
99337
80828
82283
15485
57112
75168
6370
53727
87076
6951
51977
60224
55153
77055
95333
61852
32279
78966
36997
36130
17248
781
21701
86889
24703
71392
56151
55634
14178
54130
63753
86074
42093
36148
8496
62236
34603
32518
56086
44552
1734
22825
84159
14895
31189
91098
24150
68736
39839
19218
45972
60692
68296
96215
39951
7853
85968
96327
71962
5801
13111
44912
46247
68334
73862
77651
11674
11117
22161
17715
91510
59955
18788
56282
34147
13938
63481
33103
55107
68036
55346
89
78316
31466
55145
15407
78662
88382
35546
59391
7475
6400
89099
80494
27147
45829
28470
59982
83606
77670
36152
59188
3344
15307
39952
44305
13650
25535
55314
66401
88952
83004
19291
85748
31443
33916
44846
70667
490
18880
77968
49398
58586
85216
24511
52894
74411
99314
87719
70969
56659
94532
75447
69727
55305
75218
88542
32689
84340
15560
76071
55920
9773
79270
55857
81480
13022
16832
30876
65660
82408
67378
30310
67543
23647
47451
78427
84835
49545
1442
1066
63412
38679
29647
62542
5170
31823
92842
51243
58585
30032
17481
15074
40186
47669
92534
31911
9269
30177
87660
27457
52213
93907
93494
52937
82754
70021
44117
53668
43983
78198
9978
72338
81806
8967
51108
69570
90491
63013
31942
29951
1050
84166
50813
60507
62832
35090
50574
70200
73120
6110
34904
30380
23997
66281
10810
15798
4295
22545
14099
50076
18086
39583
39972
55061
92051
98315
61741
29435
70732
90185
78363
98985
86274
34734
9504
38445
57972
72964
25223
1725
54442
45266
17476
66726
36896
69528
47143
27235
29867
10544
68623
89811
72339
73113
64566
15117
45410
3280
34362
32626
33412
9670
94261
78058
15655
99695
32444
8134
14323
18266
82049
53052
87460
98554
87207
22554
39146
76913
10739
96376
49304
95125
27878
13597
43670
35017
17046
73910
11399
20011
76463
67093
27617
91248
47141
15836
98031
332
38153
38552
96467
12346
48543
49802
282
42957
61549
12457
64458
68714
68163
40695
87079
95751
70911
80085
28461
34767
42075
64856
56284
66490
25949
91010
47655
34487
95508
18996
26123
90879
83717
25797
96184
52364
72764
83179
24667
55845
48875
50653
22533
80804
61707
94135
26038
82122
73803
68031
28976
57570
20436
26901
76937
80799
62716
11556
68494
42898
17728
84475
8377
50684
16852
51938
37601
78481
1524
18493
76866
98427
53548
74579
73444
5671
6227
59426
62294
41700
90388
51473
40593
2518
75375
47375
65834
74477
39314
49052
14719
95672
72338
88262
70818
77328
58945
17164
424
49171
53441
80346
78053
82234
58941
61455
58260
35096
92889
83710
75415
43025
5047
39752
49025
21750
95565
72495
27583
31641
94474
58455
90690
82518
78054
65348
19401
47683
8926
64387
83770
41824
66219
25187
14903
24677
17189
78213
60054
18433
68833
68578
11257
39169
47729
9977
7728
41080
51031
23439
70238
32825
38786
92400
99073
98352
48098
15390
16829
84764
23345
71334
92828
29208
61984
38989
89202
16176
68008
31321
52845
12029
20622
6636
39548
24029
61842
52585
9011
19868
29447
35608
49382
32704
57861
2393
68772
18336
30924
29889
2621
44309
30244
44928
55201
40526
43456
37518
46606
75734
76995
71795
70925
65249
26396
7881
54467
5333
28724
14419
16944
73569
44632
54536
4365
34671
81209
82655
30169
46717
94204
11455
97959
19732
4694
74555
94180
55306
87898
25664
20322
24906
19665
10608
36337
6104
12132
69117
45219
39877
7579
4451
92005
97466
37622
39137
80584
36507
62861
31337
79572
63472
41209
19504
98169
34006
99460
58140
90518
18755
73129
41406
80333
63295
54645
67090
68799
26874
53746
40850
52263
63390
53256
8718
62570
44474
51895
58264
72999
91397
27146
11073
60696
75970
2397
40127
74943
56704
76178
2622
54825
72823
73110
25653
87494
45430
20664
27392
24555
31606
54780
77555
98472
63430
79815
22228
73916
12837
64480
16545
22821
62584
23223
50353
59624
59991
89703
5283
96331
40859
4579
72574
82001
79547
33202
22758
46023
26319
32016
59137
70921
70072
83117
38652
20365
61793
24403
47469
64944
60538
31844
13694
8677
3271
81149
98921
29688
36412
33999
60927
23129
11908
28900
20083
60260
34873
49076
67985
13282
27357
21488
45091
60600
86478
29938
64704
10963
48991
33801
93160
14072
3206
34417
71119
8260
49355
37031
98939
87850
9852
3227
50238
73060
6509
17486
61123
33541
20958
33594
50068
86113
61714
87690
73236
21184
10290
92300
64603
75301
28074
12026
33965
54159
9848
20848
89837
32496
44588
46055
8344
17565
290
32361
96946
36686
54339
22583
98514
40089
46747
68398
60706
35029
89120
13608
5403
75633
16356
15028
97771
38390
86264
78143
57325
25648
83703
17595
12494
44149
84593
99577
32116
69266
39542
66814
63067
76864
9656
93266
55981
82246
30009
82222
46475
29564
55227
10383
90783
17025
21930
7917
17601
33553
46555
30912
88263
43660
482
21912
19832
77145
73649
19387
57543
76320
1689
13899
73686
56680
20855
24994
50003
50658
9342
98698
55655
65111
3581
6388
20676
83931
15605
75372
12966
97004
64396
46892
41609
40654
92641
68167
12790
49595
53081
15469
75486
49620
55692
22381
23671
46865
62559
217
70458
19691
65714
47669
64431
10579
9195
62718
25401
46040
36097
17501
6390
65061
30878
78134
4320
53723
66418
57868
15876
22027
43026
33369
79266
49090
53312
79381
36413
20540
4910
38202
52879
92283
31888
83361
30269
21949
86387
15022
33477
22149
11836
69326
54352
20298
71860
53039
16337
84312
97111
88711
52443
11296
98123
43679
74868
76411
78237
31317
87115
23754
97243
65834
52419
23229
91495
68503
98137
56048
72769
27117
96106
28719
66827
35535
54831
87414
94770
15364
30571
93687
86802
19742
2715
32058
90291
2428
96626
58445
89048
41514
58601
3790
15881
89352
88200
57227
58471
7555
38090
19187
23809
47953
16009
28030
45787
49473
97179
2605
38381
7113
36400
28979
96135
60405
16036
98807
5228
97889
62692
92202
1201
35682
87201
13218
40560
42525
41452
81311
74169
55340
65956
4601
75675
92689
37375
65978
75324
60258
94386
89804
9852
16857
40494
16833
52207
75040
96975
60729
58643
66485
79211
75652
86749
77533
39646
77360
54800
96081
81062
59434
52180
17574
18170
51210
90230
97750
13129
61002
43764
28731
49510
41119
88841
31850
2735
90490
4785
43956
76008
34877
42485
42325
13319
76340
64489
71031
22998
5466
10579
27692
10499
5305
96746
25056
42178
70429
56211
48824
95721
1045
60289
92854
23604
7665
76864
38433
42748
50153
426
20992
5783
51207
44105
11858
67127
22041
40693
98557
96039
11562
92496
45353
65279
22043
990
32475
85709
98016
86356
264
29282
78617
34385
71154
68220
58703
28163
85903
40800
68983
36324
58159
69126
48077
43813
71947
99784
27052
62242
67908
16829
9875
84978
71138
60992
18081
83685
95526
94276
74137
24191
56455
12586
21214
2504
72104
41873
11428
10445
64898
34555
18290
84589
46848
28286
89314
90327
57826
86651
80128
80519
4532
37986
6818
10419
75539
67946
1117
19457
50189
46802
17807
27487
15231
84510
40460
10272
43868
92934
75546
34559
36298
5937
97218
88731
37233
67599
81351
49005
6723
74181
73575
29199
55711
28332
75943
9269
86236
30333
44536
51635
11796
41401
75138
92878
96234
36918
37110
9860
79276
39792
74886
31256
71051
21253
62337
58929
42211
23851
33149
31647
42563
27367
4977
42415
44102
92359
90012
77491
97139
26905
26523
30299
87902
34376
30639
4330
97161
1620
46560
12866
4064
36222
24445
78809
11268
45299
44110
8103
86297
48758
32102
67036
30263
26822
72843
75321
28710
83119
30891
80295
66750
86803
73575
32726
71096
32259
82451
45535
57188
31134
93379
12446
71658
75111
8650
98618
21051
80981
23041
30493
12818
75444
54163
92970
20851
55126
6827
94606
71690
73802
60113
60328
43255
37510
84684
38533
59661
89138
31147
41486
68192
68598
80933
26873
80685
55577
62510
35092
17451
13822
50348
17035
52345
15378
3327
6951
88467
87655
11756
24572
38198
25579
72444
50352
88809
70108
67007
27398
50598
75069
52633
46112
50968
69639
58866
70495
54416
58896
52206
49856
57137
6346
74410
61442
20329
91650
4872
86987
78273
27462
40151
52196
24906
63521
58875
51776
35842
48967
59832
19137
22111
69063
34379
73628
17834
24510
37860
17181
89075
87896
70863
68451
8909
29373
65496
6620
50025
45673
88973
25215
77574
30068
13036
42929
61721
74211
84173
4337
95915
78655
82645
31447
19013
42821
28051
28596
84793
35982
45807
62708
93991
65787
74938
22482
7950
52752
87474
8103
8888
31189
22767
19575
71443
57270
71203
55872
91370
44244
35955
67572
63912
98967
48918
35473
75602
6787
40560
10456
77629
78341
41362
82145
86601
28044
44210
64801
18255
88005
16189
28895
92295
56558
3383
91570
82037
68450
37478
85768
55574
62787
97284
5571
75970
87198
46904
21599
41015
10577
7071
14702
80417
3343
88604
36916
99762
4996
7552
6106
57530
35289
31609
52367
86533
62448
55527
57543
30728
40680
7752
48007
6303
73766
5919
20979
81288
28072
61664
61062
45037
30995
75383
51054
59844
41937
74455
5904
53271
37246
99212
2539
64153
61954
15312
97566
9799
72656
95674
58031
39947
30143
40197
67864
29219
99653
71687
69477
56301
90991
11348
38231
28282
19246
38931
96293
62479
55289
51723
86273
44269
77928
3097
37252
1808
87605
60514
87989
73087
5713
64922
12601
53544
36567
19223
44893
34146
95405
47548
4948
94617
14655
91931
42057
66178
80104
28095
52778
56922
98549
33605
49826
9578
22113
12494
13208
2429
2064
22171
53926
53589
96415
43333
73352
24503
27650
59482
93231
69806
7504
46100
5185
7978
90320
73877
13496
55633
75966
29985
6654
40999
66766
78979
20492
89560
84835
63352
49246
77677
60899
80649
44278
52982
67915
90380
45326
10920
15807
49309
99769
12042
28397
1891
127
35195
97186
8645
53184
56451
38569
10072
30739
67419
79813
8131
74407
21002
40326
62824
92887
53226
52164
30577
37185
20330
84837
3575
24551
38619
97855
30032
85934
10180
91752
17826
95010
81517
27980
95320
55866
70432
33769
6959
89785
13725
96221
64886
33970
80473
23027
69939
66933
7564
32671
72351
46846
8771
72125
65346
35661
89038
49976
2952
28499
12183
796
18468
35785
77059
54933
81481
22455
27396
1786
21120
69003
67417
91083
64578
18641
81891
336
16977
30746
61301
42220
59693
77420
52703
76395
52778
86556
68419
84053
14195
56987
37558
1035
90498
49989
55010
11609
3703
13107
3536
87593
20882
71391
27155
58002
92757
70272
38967
89743
43
92266
74233
36849
84145
5551
45279
50858
80175
28110
89752
50289
6236
12201
85305
46693
7813
52642
49469
17270
96309
30995
79605
67324
63328
15170
41053
49336
64065
6829
54863
70919
64340
38737
9691
10393
30628
28386
210
14089
41100
50045
19684
1566
61555
60564
98658
81383
91271
52103
85550
1275
40590
60751
13961
51505
48111
82847
64251
67788
47916
69803
94934
44480
38942
28383
77744
98287
5035
64947
4183
53874
88195
36981
79462
43133
80219
67834
14160
78658
38657
29080
58152
14760
93836
36785
4895
91043
52060
29898
17179
64034
66284
46590
19291
25928
30634
41036
44949
94488
60447
27363
97340
86124
41130
73889
15191
84270
92254
33087
67729
43120
42927
84294
54037
64417
90694
89391
74479
55356
91943
59526
8290
10520
81681
58909
57034
42821
36804
86463
88867
578
44035
3185
31844
99194
82403
62141
75288
58271
45575
74054
16233
92193
91591
71646
89747
853
94012
21355
89592
99589
86994
61396
35997
60703
23834
31275
92032
92416
10184
55415
70651
80812
39375
23065
57691
88064
12027
82307
75120
90535
50253
76592
33575
91944
876
67167
33716
53023
50482
10666
30675
96721
59064
20793
24287
75722
65485
58462
93786
79953
80962
56739
57256
5475
36650
24758
78566
1975
73919
13100
78862
39644
18495
47378
69647
85622
15894
15352
7641
69402
69227
97906
82556
21711
86154
50668
26558
16817
6392
66755
6136
65344
22678
50138
88254
73273
7673
20744
66811
70990
93679
1305
70684
72794
4388
99387
91252
58467
55120
93847
25445
92269
55077
94089
13382
50897
50490
28959
98334
73111
23835
67936
42119
40919
45290
73134
72709
90670
4421
10952
28851
88804
63485
9683
33542
7463
91476
52245
82047
62098
59940
60125
96590
69908
38531
46502
99484
44185
30586
49540
53844
69489
91577
36422
81024
15148
36693
58814
31137
85854
99613
36860
6144
77789
30503
93015
91546
54148
77686
52858
95186
24220
57618
34917
40000
49995
20989
76476
46104
32947
68238
88176
15133
62533
6822
19897
31877
23119
47319
68618
4534
3240
54961
78758
64526
69319
46116
50110
3653
17653
68940
11509
91906
63941
51358
6024
87022
82898
40224
45232
96193
41562
48329
28509
30899
98192
79156
75565
24506
95081
63922
84213
10182
63564
1013
9011
27986
14625
73771
69620
98641
4536
33938
54684
95613
91809
81758
37873
43089
14162
28265
26235
45309
91649
10134
75742
35352
10366
30101
80737
86531
87640
69057
75455
34695
33945
30544
928
17178
53842
30349
5104
33588
42832
23729
78642
71494
17624
44004
13465
59728
4292
87643
12882
92939
83896
38069
90609
90587
57427
40335
75086
90956
30063
98704
69596
69355
12385
82161
35295
53488
75341
28991
49987
16890
14234
38383
99868
13682
70096
85765
56800
99949
23741
44788
46144
30341
30341
2592
28885
20653
69922
46011
29598
6241
98983
16378
44823
94869
53686
66996
3765
77846
10836
94194
15034
83359
41577
93861
20884
82773
34498
97147
2816
3283
86105
58141
59111
54880
5674
10872
68986
45089
71473
70346
53650
46733
51247
68974
41742
60958
21214
64756
1479
89473
3152
21985
20421
154
59377
60561
79006
69817
89818
5146
33927
68509
64834
84809
2447
25612
74142
49427
73186
23954
42467
78295
43128
79881
18048
93566
5059
26540
58640
91754
50401
40898
82731
49498
18853
11434
36984
24145
48433
57519
91678
82999
50959
49386
883
92858
29385
34471
7669
1573
16956
99566
96691
87726
72384
36485
53564
30299
45819
99129
53211
86785
60850
90713
39823
92799
39116
89263
80965
1787
20192
69384
99453
32656
6349
49695
85313
81580
74120
48973
26099
63373
5388
69262
88992
52384
12084
75784
36833
59732
25307
37011
12304
42205
39522
94511
51009
98813
4407
74053
69096
79258
14627
24502
18884
81827
29433
69849
71950
86126
20012
69255
62863
71381
35406
39554
14925
65434
42354
40979
12857
28278
29562
83773
23839
81292
32833
83524
6635
48592
39127
86768
11510
77260
9814
89842
35249
29610
60075
6161
74872
64652
25387
4797
5052
22860
4291
43921
77228
13965
89568
86772
50629
50672
33626
49688
72335
47196
68054
11896
47375
94360
59779
63888
76390
20856
99322
16391
45868
2642
21572
40244
83338
55950
2272
38414
57072
82233
76187
89189
29058
76976
45545
99598
95111
30653
92254
42885
82120
6468
830
19556
84080
43077
2177
66397
72807
31877
8096
57419
57588
83030
74194
49624
74481
24996
72314
60709
46096
92422
93439
33966
30697
84144
3611
39667
56813
35869
42914
80141
95888
92199
6646
39714
9278
60280
55311
75700
42794
24142
85492
65058
85662
34774
27640
89304
68320
94261
43756
10350
32138
53513
6704
3700
89421
48236
48849
96887
82050
90143
25609
58360
44700
94016
1030
43850
78510
2276
4048
41879
41059
72242
76003
1840
29291
44044
86057
67163
12668
97570
62912
99809
83133
21651
30254
57976
84009
45239
28664
35736
99723
83901
51211
25896
18901
74032
33911
96152
40351
75522
83839
59564
60165
447
30607
83236
61257
49445
69374
22154
69512
80300
50976
22860
80506
63536
33231
37680
85231
29054
86525
60920
38663
43609
81847
38960
73603
18304
74066
56485
85096
24531
74741
65538
67505
2627
67473
94683
74414
47161
59574
51721
9358
45025
90892
89856
66623
74132
61992
25222
83550
49288
17425
21926
40282
29315
30780
82310
22620
67953
73047
22632
17929
29314
92970
62590
91058
703
72659
34893
397
4562
9571
19629
83807
11948
37366
70726
82623
86699
80044
32589
29710
89223
30837
27304
59449
68138
73218
82661
38054
58993
56534
93241
760
61788
17897
23427
17059
50716
94561
72147
59919
40506
8281
63910
66900
20587
79655
65079
39583
26763
86463
97613
7933
25993
17904
48255
97368
20696
43671
66659
57163
43216
9720
41755
68674
54977
79116
27777
57578
70446
50780
17137
98385
74142
18544
56381
46463
92603
6855
22278
53204
29673
70295
18202
61184
44096
95731
56308
39151
40961
53520
87773
45979
20048
38854
12557
16758
38622
18804
67055
95543
1256
35934
72850
77998
58016
8400
88910
21485
80431
88133
86203
99784
78979
11461
42639
17192
25887
53102
26830
21239
60465
98824
57971
88614
92819
80630
98583
88600
56860
86621
71718
75018
26515
46329
20319
37799
584
2032
36946
70082
19115
6440
60039
36651
60760
31318
38188
99740
99638
82854
42309
35678
44500
42522
3012
81055
99585
39137
3824
38983
58265
75768
7189
26743
17374
4606
53725
1322
70704
36457
86996
35096
87176
91487
87654
90407
22923
60987
96869
61963
20322
16752
70332
40865
14888
70691
30380
80775
7240
40157
82596
83106
97722
34054
11987
9985
56829
657
48885
31188
26178
480
44599
26414
34399
99647
23348
49565
56495
63277
20871
69680
13542
70887
48270
80221
7641
61339
46969
73499
8628
97578
78665
10530
84502
57525
31852
9427
89457
30510
8537
5485
12251
48573
4191
22738
20995
34886
66711
44277
46336
28300
73061
78676
71459
99128
14565
42268
27983
5781
2964
25809
49314
87601
25508
27601
61611
74099
12235
73557
33429
63427
98761
85690
79301
22026
16545
80150
58220
54731
95462
287
42599
16290
55678
51723
95405
3299
99830
44281
42122
98349
68052
49567
26423
24668
77906
62689
77190
82915
41998
11457
3791
99190
91779
41533
79491
53306
74710
67955
54186
4545
8440
92066
83970
40888
30851
24588
50635
50682
23508
40744
61231
91837
92479
67684
41181
50738
61670
42078
81330
39140
88527
36017
54031
31008
74487
33114
17063
65170
3036
13721
98992
20366
16944
32054
38993
15435
87200
33061
15626
86017
10808
53987
55649
54472
8590
75697
55679
32800
1663
10709
43731
32891
73718
67526
75363
25875
29143
75273
58929
94814
6144
62832
83561
82095
24281
53346
29256
21052
81769
65326
18277
4204
58287
24808
25921
34181
87562
69561
98152
17193
61726
95645
19955
53208
24271
97816
88964
41945
50359
13851
79023
85275
12152
34551
71863
67767
45960
1883
60657
58732
79084
6289
21466
4236
18118
98995
83520
75933
96634
42161
1667
49747
52767
27550
52112
10072
78096
5178
8220
52137
94693
56447
75181
77276
36263
70970
77150
92210
40901
68045
20996
84363
50865
94437
21933
59363
21415
61306
40098
39711
13315
21277
53862
51507
94768
94241
38760
91898
71562
90003
32811
76144
54026
29443
20062
78717
13945
35371
95526
60842
68124
8370
26206
69600
13144
63024
3718
40905
62718
87274
98352
36192
69917
66632
17014
73731
62613
4434
13808
95911
84834
81624
86775
91582
36639
8887
53887
31376
57715
35821
4585
34028
96247
1155
87794
58264
92438
71652
17295
68794
56726
31120
18741
11466
21268
64079
70639
44763
16688
36586
72556
41540
23413
6268
19013
13425
90450
64640
55628
81094
24503
22723
74184
43850
14510
23576
49001
67642
26064
7281
52074
3919
39810
52113
34124
49725
5133
93896
43993
18784
88708
72430
32354
33200
14233
51575
87171
37047
25373
71870
21264
46729
41766
62138
56614
65610
4831
76353
91617
68731
42092
62147
94915
35604
16677
99603
42392
5332
34952
42847
20251
24337
44580
81049
88735
36747
55060
65439
33365
99415
76672
86553
77698
30473
2626
97385
74393
48206
1437
71211
11959
32699
87518
36945
45368
36900
82583
40508
29265
16297
12296
85512
86363
63817
5554
9299
99982
70241
62151
3838
89510
68004
71450
21960
92276
68956
80619
85007
56371
41268
14518
43370
13216
98736
29555
22793
51212
55152
3191
63232
52956
50552
17810
76551
37691
40274
73519
75078
96082
33490
86230
1086
7218
44311
24554
38683
95406
56184
90964
98127
45082
55041
21427
28643
99036
18600
76526
40151
22074
66887
48979
14695
71763
47670
84983
97253
90191
24249
88427
3520
22965
70641
53821
91218
95975
99242
75199
67902
68827
98408
46271
69752
3672
20921
18958
32118
95611
17227
64482
49786
28769
22122
79992
79808
56665
66293
22192
82938
95359
5888
29027
7718
67377
33004
63614
70036
30181
97824
7318
49261
27650
52716
55484
20440
6749
63825
42841
21409
94484
17572
15789
50464
45426
93944
20792
58550
32473
16850
25704
18605
66217
60962
48491
31890
43110
3428
14686
21383
36117
79943
50204
2944
51089
19446
52559
4147
97162
29005
86186
9644
66788
88227
54933
13331
76979
12633
27960
60379
44352
63704
84786
11419
36121
13092
95740
50689
39338
49174
78231
60931
61838
52913
54761
73452
60748
77728
95503
7375
47844
21482
13592
80405
31705
24745
28560
22030
65584
57768
12548
24275
52796
66896
20981
49128
79859
85686
91112
63039
10193
48112
37889
81306
31867
54511
61401
77443
18830
31056
96623
41953
78449
66503
19830
43115
14036
23811
26346
803
26184
94527
67742
33186
77316
67175
46942
66070
76990
80673
81556
47515
43928
4633
86480
85415
41220
97073
44094
6267
64037
84219
99127
6597
74676
50718
947
28594
42088
49275
48921
79809
72681
64501
43949
78711
4537
30431
59968
63460
43580
54728
86934
23734
96758
53106
17120
29673
28144
66644
465
8131
36711
28273
24135
94114
18996
57727
35261
13937
50743
9809
15941
91527
22926
57278
49895
65455
98459
55120
41780
32994
91316
44276
61978
61867
39689
79815
81820
79039
66799
24999
76864
88156
2334
1586
55085
67627
61664
75595
8737
8100
54449
77419
29837
82697
42603
81504
12147
9692
37301
91975
15179
5938
74445
29050
67601
99690
97757
47289
36197
5726
94070
7854
53586
65374
57693
41341
56494
64786
45914
88410
73335
35846
16959
83865
60574
56249
30821
10989
25505
56290
58577
4057
90495
16298
2431
80944
1542
58116
65235
8981
37691
84931
62352
28288
55167
39321
66004
76268
73064
34325
3780
1893
36126
85441
18270
48462
29136
43444
78638
99029
66889
66555
65629
22544
17596
18841
85641
15214
56871
35482
15359
41122
40486
78619
98315
81706
69330
3722
95001
83286
11343
27411
61363
36103
66345
96045
3211
99522
1011
12422
79188
84716
63347
80991
63642
86908
78428
58463
60405
51457
24951
37101
19733
9880
43879
69571
18593
61345
42842
10001
93516
20619
862
90886
61859
44587
84974
71830
2933
81747
5580
85015
65869
88537
94966
67455
80412
75371
70402
40792
46148
38511
48473
95228
87166
18017
86654
78665
71392
59329
57588
18015
93946
96219
74284
9653
3654
47133
51683
25806
22921
61186
92898
23758
97549
55332
65193
66610
59616
36531
40563
94617
3911
72814
47847
40482
17209
55149
72552
38726
85093
7209
78691
51824
7270
30792
15986
30175
74275
16448
49973
16216
843
55952
93539
60796
56323
7625
63772
97376
37008
34725
5080
41729
86269
40403
37544
92232
77419
19460
88406
52380
94275
63793
37491
82998
58317
36745
67979
49711
40341
98855
53833
10584
89273
68993
66587
31592
31623
24517
34611
21120
6832
61862
27994
32195
84735
19842
1871
61798
64230
72961
82863
44290
90939
94328
86653
27234
75381
46372
91286
25222
54744
55316
74855
51616
11482
14703
21446
59266
85981
23584
87291
16872
16804
98073
82154
93574
22168
21464
5848
70524
54406
26481
11589
26685
49596
99329
94957
45645
78860
43375
15166
18821
59275
35599
68439
66990
21650
11993
8027
19129
75573
34095
70963
2678
3063
64663
81536
57259
63987
63107
59842
25148
38475
1575
65978
50111
20654
42742
41386
25471
11596
92051
27795
52616
97026
45144
64443
9898
75395
32678
85208
9860
63677
99861
38657
73215
76552
12106
98088
89942
3007
5795
67013
45114
89809
75118
46978
94694
25165
39707
68142
83742
40688
49310
34012
36131
81997
49357
17845
56194
18739
46291
32749
37214
38324
20839
69059
16767
25619
62584
22346
42354
48214
98822
25365
10426
37191
58157
93066
72867
42338
39666
39854
18111
96106
31673
80675
9688
2381
16085
46258
28705
93017
65299
49748
78526
77147
62556
32862
71314
37404
62739
56009
54636
2162
16647
7176
20344
47091
33438
14104
75659
30108
12888
55488
38477
9140
90526
99407
88813
95016
17338
95353
50850
8050
1855
70473
835
93763
53056
84858
81322
47946
6036
54774
68305
83167
60092
34286
6472
56279
41867
80719
39031
97768
21821
58185
55037
47782
82379
34200
28264
53206
46999
76533
76822
83003
61283
64071
79662
24562
56353
66769
50180
58238
81269
29483
47492
93571
97772
99503
93537
33124
24996
61424
14554
5342
63916
25029
80417
12651
43169
89882
94667
6856
92787
85985
24282
12974
55121
92951
99438
60654
35561
61038
98461
98773
75693
92449
91501
87845
32130
26409
28147
67334
99272
48408
71172
81372
3273
51865
92521
81673
25095
79343
11221
79762
41982
43358
99420
5953
9984
50205
46933
37719
51875
30807
23410
62799
45602
97189
23504
37104
10309
82216
45313
19376
76503
5501
54279
85523
38236
84761
50623
49454
44070
90338
98683
47605
82828
79041
47679
38970
47086
91677
64694
72420
90504
25131
27684
63064
75113
90932
13119
50650
47107
71108
73524
53906
52053
61586
13206
79671
76216
87432
41919
67975
70992
90550
28742
12124
54399
65486
32288
55118
10074
28164
93103
24708
46942
77727
46530
21453
69926
74786
15940
82858
44783
77894
82495
978
27746
14423
12159
42479
1645
4667
42717
30213
75892
32289
87452
74698
83985
73390
41477
15361
54986
54560
21984
52331
54468
70023
33445
94580
40249
51911
83742
31818
98810
49731
65512
27384
92926
80910
95377
96267
74024
86617
96021
25971
17206
19090
12214
87745
83743
26641
10640
62758
48696
89434
29136
52713
28604
38068
64547
3748
52545
61458
8677
84643
42414
54212
14110
50283
11704
17182
91369
48199
49976
17643
91379
37104
69508
27914
60369
6174
99522
93548
3352
39795
28970
23898
15185
51288
49041
12620
45775
63351
72798
50222
43841
75483
98025
66849
59370
77486
29226
54122
80195
60315
37893
77731
84379
39628
53511
48678
50726
21553
66906
61710
86803
82175
3221
95035
35198
73070
44674
87144
89560
55911
45670
3415
30764
9458
23851
63375
99994
61783
33692
25475
33698
39742
98209
48363
49418
89709
26095
59556
26867
25151
89069
52390
27817
39599
51920
36173
40088
94498
58396
21060
52232
70739
21509
42355
72299
81749
94981
64605
68922
66653
7576
12708
10236
84273
2987
20270
24553
87352
24369
62378
38598
91800
2846
95312
87856
45349
92282
68153
3963
56503
44931
64938
81390
97918
11933
84318
64242
4059
12019
33959
7524
87792
79729
16698
43764
88342
51563
51892
73309
55120
36623
23328
21730
13350
21338
47428
22812
62568
73164
95019
95939
7745
11708
72192
71785
95720
43766
54642
84887
73291
10606
64028
58793
96821
54153
29424
68503
2152
81034
79128
75518
8124
73534
95854
32505
96092
96939
8532
18731
326
47505
90360
88078
50227
93289
88958
26812
86401
42725
46812
35530
52072
79387
85551
51318
76012
41136
94901
55707
6872
80739
22024
99828
35910
36540
89557
85517
92825
67974
27745
175
64196
86747
49070
59346
41676
12894
9723
75653
21193
32925
10571
44526
91875
80226
50605
68828
93234
93011
27368
46741
39844
3483
32798
12405
80497
59352
73981
9436
87754
82927
9573
81165
51537
96761
65588
97240
70826
87096
30136
53889
32879
1725
38167
33289
95096
86617
56464
31075
55918
56993
20910
72252
89902
39420
21943
88961
59984
62477
24875
62041
83226
74818
37331
9464
27987
30333
30871
74172
32072
18334
64909
89060
25101
89645
18518
60259
36413
23420
31773
72728
65434
41377
55053
49662
18622
17607
42408
10096
63873
72556
61739
78931
4054
3047
95209
89800
56565
57851
91809
13911
82445
41581
33445
95921
65328
47573
10017
20445
50903
97364
35771
13084
43686
5261
77972
39886
68689
956
80409
69046
42165
47208
17057
71251
81880
52962
28927
65540
71336
84440
1094
86697
79064
63094
92439
52232
43440
27859
24810
51722
95320
65682
90858
47172
29390
3718
36600
53267
36984
766
16379
48973
96094
36913
68775
92829
37357
40560
76744
60051
33714
52948
56954
99118
42473
98399
95636
22003
71935
75012
32361
87710
78065
33826
36187
3315
33999
44187
6815
87191
2895
39463
34648
92618
67610
32253
48029
93681
59574
64011
33360
70087
45581
16768
73423
60948
29120
2903
26695
93374
80269
89317
76633
86895
64705
30868
90528
3464
93566
72914
71222
48273
40749
48107
94563
64548
38698
45167
10836
28705
50683
59547
35927
24954
82838
35074
79957
93635
47332
61339
76762
83887
33693
1373
58209
64337
30605
73699
87912
68655
32444
86003
20311
50700
13991
91374
95639
36047
93478
77697
62818
24599
42073
88153
54271
57656
14473
59900
96251
46872
97441
46002
45232
8373
27088
47871
1533
74086
59731
29633
8763
33371
28911
78760
11227
29183
10785
5730
34469
97009
89983
85270
70672
1155
55028
30534
390
75742
37114
50528
38025
59696
23191
93118
20941
78993
15376
18516
1059
23974
98191
79639
13743
577
85402
76581
67441
72051
43299
58182
37009
38039
24705
52952
81874
39299
27174
27762
68688
51045
3970
34641
24091
4003
49586
33721
37467
97113
86296
54935
57990
26225
75660
20814
14154
29535
9868
25339
1430
17279
59349
93469
79028
9739
82759
56899
40200
29094
80392
54527
40832
67084
36093
62608
72001
74445
42202
89692
94179
34379
99656
39730
35928
50677
70656
67070
68843
22844
41335
51596
76061
97304
90885
43937
10778
37865
90324
41037
976
8552
20462
16170
55398
21325
5033
68153
96614
75003
54623
27826
89522
90326
6078
57396
40619
38269
8402
84215
90628
76040
1438
22175
6998
73997
92435
29382
24133
7803
12028
90855
38301
7950
35707
81934
7086
57543
13214
20910
10878
16780
18602
14049
2204
95734
19479
66626
81055
10328
89632
27889
67865
34242
62287
74272
50633
7317
78529
18372
96449
16381
44338
76931
76367
31461
8398
62525
87833
59498
10981
38391
69423
12696
65890
77196
77277
80389
18414
14711
20892
34880
91566
73871
69888
37727
63521
88354
90871
80115
57030
41272
19465
62926
99274
34557
9066
30990
82251
84080
27438
27396
46239
41828
53469
55077
38791
31510
44086
7875
86480
86729
79756
28964
22892
37060
87142
21426
11280
87144
87265
94390
57726
2730
86638
14714
89799
97744
34359
1868
90945
61531
28114
69931
72543
69926
27693
67911
93211
55062
79521
56857
41892
67217
14730
93341
5836
89847
62350
81721
31958
13686
95109
88947
36173
48136
1215
82272
35440
98806
7078
94908
85964
70170
49347
71095
60099
15038
24061
80193
98049
82336
9599
89851
43283
67519
39749
35282
3164
71846
93106
14314
27167
5537
67943
92447
60452
17702
68294
19672
92677
63741
79485
52502
69155
1236
75426
68951
77875
21132
61828
20812
39691
37130
6244
50073
19013
40111
42842
16646
69278
81098
59856
89810
22013
68820
77396
15812
85716
23602
15938
17856
28407
93934
60389
20633
35769
2972
57094
90754
88623
3571
33909
65379
53008
954
35983
79445
25180
54040
9507
51732
39107
16146
32615
17652
16041
70899
97775
10391
72621
94379
79697
98621
6109
57170
60212
77768
85955
12971
30251
44781
90299
75791
27316
56157
59265
80874
32449
35011
532
10222
99914
66244
65084
47916
53147
46308
69178
14208
14412
4690
1617
59581
30599
34310
59869
10689
35447
88059
55179
59977
35530
61601
87515
47040
42920
68206
71401
4336
60959
73452
17385
92472
49424
32221
4664
91809
41075
74703
27225
21822
2804
18453
78064
91054
42176
57611
28148
62966
94630
1833
57738
14435
83519
76003
4039
4489
99276
92911
71193
9377
12438
93078
90869
3267
95315
90038
26470
97365
96243
5574
90722
33300
81755
45250
36225
63021
6119
9698
14399
984
33761
75695
19895
88619
89122
39528
95479
78216
76824
7755
6089
83528
51857
60515
88283
64064
59657
5060
14912
98575
69337
72383
83469
71566
1158
90092
54945
12110
33932
86894
91895
51863
79974
89952
40430
99163
96621
27245
79076
50037
26351
90238
85710
7329
33519
78257
34038
89931
98051
49903
43543
8360
24988
67721
94581
26132
76891
86127
11098
6085
42559
2371
93050
26739
1995
77681
62743
36605
34168
27935
84694
91509
15845
55407
28793
53796
24915
19294
81232
31064
76323
1324
79481
17253
87557
16548
49847
15105
14064
21972
10463
97848
85788
89684
48196
35406
15547
98001
70861
54329
88572
84580
33685
66983
53099
30616
38510
36206
82178
16976
91641
90879
4869
37861
26812
51007
8859
84748
46007
9077
89152
83989
68126
95724
82568
56698
69973
96958
71378
71490
54745
47595
53258
16620
8508
88228
40219
2136
58933
44584
79
37741
693
14861
53009
86578
7710
38298
28993
49631
19511
59237
28505
90808
89133
86704
37549
30557
89185
1884
26445
60773
56368
41004
92790
21554
9652
25151
82499
73059
44064
47949
70548
77730
22144
78255
10843
43757
72388
36314
92783
28267
31261
61124
44868
63681
37655
34802
75345
44572
75979
75893
31387
28013
65163
2968
3536
84016
84499
73716
95700
34866
71372
7505
92324
94755
77153
26108
51097
59658
9088
72562
67908
76814
67185
54010
15669
72709
43090
963
98252
54
82773
9178
20111
6263
95225
64182
76089
12593
76780
19985
21303
47824
30991
29161
39600
66233
47436
84243
66623
57560
56088
92177
12176
97954
38018
37595
1185
39419
57928
79726
95977
92754
17380
15841
21388
44143
89030
38533
55120
14733
45731
94984
8073
13092
88963
58205
9645
68526
50172
80334
94117
26966
25580
87519
63989
37019
75780
10857
3964
98087
29772
18107
6779
90073
58002
55497
20114
99431
55603
85234
97689
22405
57830
53517
88603
46556
86643
58196
39918
1270
35166
8760
53645
53511
58677
18669
39483
20012
61206
55123
71560
4145
38074
49496
21043
40874
73765
21242
41032
94482
54537
57315
91162
28648
83965
6893
72807
89823
63768
37089
99697
94692
42136
4858
91261
7883
70115
99331
58895
10044
97923
70211
11832
44775
79719
60218
4113
76700
67966
61248
6743
83348
66565
82411
98297
8111
12514
20641
86202
50655
96072
94664
2117
85669
86513
29348
81901
66170
39569
57266
49883
54264
16407
79152
92894
92532
75066
88246
12973
51148
73371
71041
89514
87682
23154
76
83774
37678
75672
13046
87159
43757
80900
8455
20398
45965
6616
6853
63532
91885
74443
30258
62994
27277
25245
56620
34133
93341
31535
99070
41829
76524
61412
24755
46691
25893
89673
1209
94709
352
87569
50667
83549
20297
88667
59555
26642
18506
81515
49972
54100
64083
60048
92865
26145
48551
63935
51127
98523
86524
43453
54904
63467
12709
62267
45743
88730
23108
90025
31244
94039
37538
43077
58678
42119
70336
98757
59515
48408
50523
22678
79938
92689
3408
40551
15196
94154
79772
50554
88005
42168
70410
15130
14295
28996
96197
26578
12387
76063
79312
3962
39915
35487
48328
25630
94688
54154
87211
79434
92557
68551
97688
34270
27546
2757
20194
55074
36546
29194
89942
814
88461
68234
29508
84696
75262
63864
35514
51312
62305
33027
32292
89016
26205
99242
82087
46980
77743
76522
11738
12616
39737
94215
310
41675
31447
11787
86688
40708
41407
65755
85497
45702
9168
54767
28446
25950
42889
88344
74166
37928
29998
15854
63837
97507
62651
27674
9708
16939
26156
16339
76851
48004
15587
28573
34815
70009
67790
76713
37732
10182
60053
63807
3475
91433
80301
64149
11818
13172
46153
1084
96362
88275
38567
17879
55606
85460
2099
49323
1362
3095
61924
88005
43120
25431
91369
88956
82020
61373
66463
70691
70445
4980
71793
3674
60166
52444
93102
877
16626
47195
50964
64927
15487
32718
13989
24920
64315
80811
31323
98888
66909
24071
27526
29924
73682
99397
96248
45784
14221
58212
67104
80607
8184
69356
61281
67988
18369
66103
48792
32549
78100
575
49461
5427
83617
13920
76546
73756
60548
50700
85948
84687
43218
98545
28822
35677
90915
25518
62403
78025
81737
83517
27470
69966
61004
43051
15886
36421
86647
80172
21436
74047
12340
56989
70
19771
1197
62508
63033
9097
26905
45659
79492
59533
58587
27467
3490
84313
35924
89940
21147
53707
97071
83998
2455
17818
70506
7726
16535
48796
94945
74822
93772
31637
54829
92727
93433
4600
741
60027
982
84358
99692
77785
37606
33788
64399
95572
71664
12327
19496
3654
17660
34491
49103
27940
27564
6080
17525
57538
96552
30046
10391
20452
7491
5165
85994
47029
80227
65510
31047
89725
56328
79786
58659
51088
21048
33951
23820
46343
6216
12053
9847
71894
25975
22463
54043
27159
31765
85716
51629
26505
38678
5285
73674
6775
70940
91116
12039
99100
59234
4104
83491
57006
84475
73317
90160
61100
66553
24343
37392
97659
62713
97287
64744
6038
15054
27115
21546
1024
66173
55932
17591
14668
61886
89284
69300
9854
725
63782
45590
63495
25462
68981
91646
73648
97203
87197
82377
25318
87990
37662
82795
73795
81725
56534
34583
91226
86593
45432
35286
11984
20670
15946
21675
67573
46955
7213
14785
82607
48560
70920
41937
39852
49024
84207
49038
67867
94764
30917
72338
42119
13350
78171
98964
80676
8077
30532
64715
46597
56315
69134
72612
14968
39746
23607
16020
70372
31894
52456
94679
94580
24288
98394
20622
9193
14610
60245
94306
76323
43926
23592
10096
58003
29379
41497
56942
17240
62053
11967
18612
74806
90284
46226
34931
34181
47815
89307
76785
85665
82923
14908
71069
46919
50601
73810
35629
77631
49378
45721
32884
13418
46369
67463
75815
24846
3924
16073
22708
72125
58827
86574
76432
28374
55023
83877
61661
25316
15576
19822
31837
69970
10436
23015
75066
22505
14017
83364
46910
48502
28335
71738
73237
81376
19903
3960
3730
97138
28544
50391
62219
47615
63773
68797
87385
97100
957
50963
28149
92476
20869
6245
66334
96159
26849
19809
73221
27116
39579
69265
49533
44661
7529
17171
31044
81177
69481
63511
16914
35313
27364
55146
44535
88924
63763
25923
70045
24907
80193
2051
31191
21890
47113
11263
47943
30489
8185
66386
40670
74242
67235
81581
35429
6938
69456
54706
63584
56555
20604
1920
54300
35527
18180
82969
11314
50765
73200
71808
59805
89205
34013
54418
86162
26598
10470
5215
82277
42083
17865
76365
43441
82477
99406
18390
61536
29350
25832
43180
92610
19559
51473
95865
15744
71110
48816
55505
14956
30712
25713
70786
48059
54362
67890
69641
12404
76022
23285
65667
90072
41931
61664
41876
45096
18340
88345
15697
72116
9733
90438
6668
54330
24903
57543
20265
32591
37959
47199
96776
78415
69560
73675
25358
44939
36543
44006
70271
37152
32375
65129
6267
9998
69648
23667
10698
53136
11400
26260
94367
60353
31764
54901
26800
13179
62226
64428
82746
66728
83350
2658
83422
97094
79093
22934
32482
92512
18793
38808
60003
74292
58385
28890
24640
65350
48784
94786
97272
27201
92126
49648
1012
52350
73463
96494
48613
83166
6675
37243
41772
91445
5045
28138
78615
3885
75311
60510
32544
83052
32824
78068
72595
22326
30985
97013
13762
34433
27400
55015
98637
95845
90395
16227
76291
41977
75910
37128
80539
90823
81135
42258
51889
88855
32094
35006
55772
76461
9230
48121
26175
23928
16808
79726
16354
27862
7177
88584
23855
50904
67960
54324
41031
73724
67157
62445
81566
64535
13158
39270
10335
33191
69741
97250
90240
53118
22351
8520
54129
26229
8560
71100
29216
74071
58748
47394
20380
86631
63041
7542
3041
92353
50634
85563
35886
45556
47888
11624
68617
57791
80006
78742
92289
71648
50511
725
19481
11026
58099
95277
6938
29271
35491
59158
37953
72801
91218
22229
58287
59004
29368
76508
12322
22167
99128
93660
7869
63638
34318
42883
6775
64937
87542
17431
8126
36262
27895
32951
46511
31514
5102
11225
70545
64638
97352
11053
55437
4979
88378
92244
73183
52752
19616
67846
76145
2135
75961
15738
42125
33224
78447
56298
86248
58123
75479
83999
63577
15710
42001
14578
69552
67305
35849
36539
56139
37263
97010
19620
14355
87781
30338
88594
80736
50876
12867
58462
2418
35813
63214
71265
17630
28149
46056
3517
79778
13383
81509
62256
93808
69847
47080
67479
1444
85921
72841
84630
11142
29796
67354
89013
20866
79594
4309
34989
43217
11487
99396
7784
2243
53144
35280
76151
39349
12647
91790
99600
69029
48292
32606
15813
10637
8029
27352
93461
40457
38168
49875
36764
4287
57779
59862
16668
36938
92028
20998
62509
98720
96880
60379
13488
4289
89175
43003
12165
97232
1203
13884
6095
99960
72578
54476
5560
91441
19063
72817
41231
39338
13704
95487
80884
66485
11973
48353
22373
1871
42269
8359
58110
73950
73222
33954
70161
20288
38950
37894
94696
4633
78785
4296
5564
75156
41558
2303
47464
7456
99920
72173
5241
42118
40257
28848
10755
69434
83359
9967
56041
13075
95675
7771
23332
52828
89336
52274
892
60106
4995
69017
19329
88461
76191
65592
8142
28241
89592
8252
50687
45795
13456
72356
74238
94993
99072
27943
26751
61689
17497
69148
28987
76053
64685
27057
85257
72693
1666
45101
22386
85444
3409
6622
47105
58999
2255
80376
18846
62906
44463
60721
47213
32650
31163
58791
15649
49692
12096
25232
86404
238
65441
66818
45219
53203
34840
9320
92200
90434
8549
41235
179
89004
77790
43303
77746
49944
62739
13385
72197
47441
47220
29425
25261
40193
42397
35864
44516
94593
12453
94844
91820
39232
41248
92621
19400
46175
81994
33770
83696
1994
21387
76001
7760
12099
69010
97593
63250
31960
70154
53869
67926
66199
76506
55480
43285
20152
36979
55260
22992
57153
65112
63343
30329
77042
11095
21973
81687
58808
61760
90121
70060
89756
29489
39024
34002
68894
2988
38529
74967
3043
23113
26296
99398
26486
78240
26092
96077
19218
65928
2789
10085
38833
50436
74418
35056
21574
57051
18489
79803
70624
7130
15008
99209
43666
44838
4276
49137
71147
56573
61316
67818
91673
98457
5997
17973
40432
59875
74270
53796
50906
5930
2017
24801
91135
6160
72202
91437
78153
38795
21481
93391
75479
31662
63528
72815
14389
61675
90087
60932
40535
64813
81733
33802
81468
4305
76427
99555
31255
71343
82661
66096
47934
44639
21720
7197
49332
78088
8169
6021
57594
68490
45302
65987
21095
54226
80775
61848
10924
7343
28545
41146
70184
19220
87529
95672
21018
27621
42580
39757
1743
73946
62941
12848
49239
43626
78023
47603
10104
49955
58102
66216
10718
84091
92179
77963
99097
54161
46495
65235
24537
10852
48965
3114
48366
62151
30476
11857
17707
55432
4196
38382
67512
39736
73297
10514
12403
41254
16790
51485
41299
64074
23233
64906
36437
96836
61210
98995
65007
27131
80627
86222
2294
10458
25418
46029
66438
66167
83874
50068
98911
96564
32732
89405
91199
35735
49071
23000
14021
69231
26008
85920
94592
67050
99698
63004
32655
27761
62922
45021
39014
21025
17481
11514
39074
85959
17365
15133
74022
15141
33488
85614
34210
83864
88909
10075
87140
82481
44339
99374
40343
18282
16599
74730
38964
40683
38666
50719
77382
92664
50378
60395
95005
58795
67191
56094
34
72554
33712
9825
46526
24417
68923
59583
89844
7592
60704
36171
68525
34666
72911
51710
24039
22588
40599
70266
46867
65269
68433
94297
42862
18360
8828
90712
32652
5954
75984
91563
85867
64351
12991
2628
19960
5958
34818
1911
81318
85000
48952
80971
68129
63267
75219
93833
20261
17749
36812
36383
47408
5178
45599
10487
5426
16522
98971
38590
3579
74683
58353
90495
60842
76806
88779
5419
23960
99932
48966
27608
93307
5193
1542
95839
24958
47279
52091
59574
43974
67233
50176
19847
70646
54163
42420
54616
25760
99391
32776
95809
38408
45865
84264
85722
49301
98567
56718
82223
38186
85428
28979
12748
88620
5929
86243
8952
84836
42461
6189
22478
91610
173
25013
48873
42795
30614
38404
97986
71440
11902
91078
48680
11793
65961
79468
50275
68489
1153
57760
46250
18981
88860
69256
49172
10191
1105
94662
2246
35188
17880
86276
44044
94312
75039
27181
59257
11126
71781
71296
95523
69238
62677
4630
87073
15716
79447
69924
74316
45583
65401
73490
70663
80095
47395
89288
38170
22046
66436
79326
34313
70592
4348
51346
96402
93621
14347
27512
55506
83319
76679
21288
12154
24262
36985
99477
53728
31629
16347
20195
33056
62767
35176
47091
97835
25428
59347
16092
94497
12837
31278
7317
1701
78118
18931
26646
69041
57855
61109
76594
46963
76692
1079
78966
574
68132
76078
74634
65956
18229
56632
62783
57908
36508
75493
71809
20374
57762
26546
52855
92936
74078
69666
51625
95382
1175
508
10912
75694
34269
91548
87140
83443
49837
84734
62263
46507
65534
90607
15612
56774
36442
48986
26146
42796
38386
58721
55950
99215
75378
51950
95377
21883
62289
54957
45753
92534
49376
12931
27661
18279
35529
89579
99573
36450
16728
43983
51828
39819
8355
31934
32712
15566
29402
26143
89757
17573
67749
85871
50488
73564
13199
60873
10418
18119
97946
46150
99251
71367
72015
10045
28221
217
99138
79988
58124
37177
71418
98751
5200
65462
21762
91746
23468
68023
81724
12006
98952
79750
1486
61022
59406
20491
15294
33498
99026
28556
73425
54497
93391
86170
76350
87057
32305
56830
7372
61530
83128
31717
82711
6849
99859
39098
25410
91964
12955
91918
94280
26319
51593
27588
5428
41761
81738
18268
85687
5480
95481
72598
22537
10500
61193
49601
45745
74557
19045
47325
3180
31673
39635
37525
44750
77416
7001
25898
59830
84483
82471
6323
81829
90360
55961
18360
76173
9372
53254
22578
9360
21611
94815
455
72372
12291
81758
42360
18640
68487
40817
29892
18432
97416
2282
4782
1474
48957
42921
76254
75260
10427
97375
99159
92199
18505
4581
97334
91583
39399
59768
71683
56339
66611
95546
13956
64278
8038
23828
83625
88117
17353
82155
80161
16909
99915
38377
32998
28206
34869
91822
70669
17079
11544
51911
73726
19120
56080
64930
93433
15102
75765
84514
40798
75670
79643
97409
81060
95155
31151
79818
65107
91520
62839
96726
6525
3060
15833
42238
92917
92294
56963
50406
99375
57602
77329
34069
84914
59511
84437
88348
6067
32175
57980
33405
71777
2355
48190
21919
77249
71922
68451
58335
10640
94074
61194
17269
31464
72272
11304
82705
30094
12557
21917
20495
21058
98728
71609
91893
52368
66607
27809
39139
60593
26551
22471
52810
98918
4124
79233
84251
65571
93229
688
32293
21687
33647
29797
87267
15333
24157
84610
60744
79717
97067
49590
7961
80915
58922
75877
16460
74625
5358
49501
79225
83125
45636
14062
26593
96803
34718
87196
69650
85074
28842
69286
87932
33940
31065
22503
68113
46775
348
55559
24861
79484
43687
77199
23397
76246
92634
93201
88722
95401
56712
47703
77969
70655
60993
79843
53342
5875
3255
30075
8025
87249
96281
77806
27252
76453
26094
39284
81990
48513
74562
99756
78082
82392
44356
50693
95041
4515
89328
70975
57064
95037
12915
61899
31234
11558
30040
827
1392
17926
64591
45985
69025
98136
40652
79986
55251
91336
64999
95172
15039
99657
21089
19977
75499
32532
34134
99326
24478
8484
19124
37009
37974
54060
71940
6087
25598
34206
68665
41142
84854
45790
43664
90827
68371
39081
15566
62022
71900
60273
79305
58455
82597
59730
35992
33869
75615
53116
44012
3025
2228
62031
70428
37191
41120
73241
11622
21998
60308
48701
82655
53777
13399
92944
48307
41396
39350
36369
57695
94820
14564
72468
58279
43173
70195
99299
95255
51292
14432
82158
93844
37514
10734
26012
71746
11741
85517
91346
36960
76785
34051
88313
46862
78447
81688
13832
95623
77439
40961
49914
5575
5455
38282
30786
57555
90766
6473
75392
20711
24912
5730
25103
49416
87102
94774
8160
6580
19522
50830
96643
7037
88080
56291
34459
75306
40805
15477
61300
78198
14827
20034
75674
46170
60370
31958
94709
53310
7758
29085
74608
61064
28590
28233
71624
50088
49852
17397
54172
14359
94252
27980
60321
68887
29751
13329
33238
66502
27158
85050
54885
82427
27827
83098
24816
80339
26807
18968
44595
9147
37499
59130
8296
1557
94036
96489
36636
2686
94897
29233
82895
46472
16209
42668
15553
65383
46435
15564
87846
78558
37015
19906
3297
15790
10739
24666
24596
14380
62821
72188
74443
54718
36465
79183
73302
30404
11069
3766
96325
38439
63718
84232
30198
15942
43809
33034
69529
41998
84520
34892
13208
43692
31040
58323
94557
56416
29912
38300
57019
62418
77855
50073
45644
50995
29656
90151
23238
10947
57694
56317
27912
38323
65076
11425
76858
91809
10543
22603
46393
82950
32168
86639
77816
35621
28770
19800
75274
40148
58999
11729
10569
97396
5292
3384
46828
30044
77878
95478
39493
47526
23297
79912
25016
65420
2125
12147
35904
39110
96242
64104
73361
38648
71287
70556
74058
62706
45272
29516
19927
41654
78538
6341
69541
26170
25933
23204
86530
79644
15248
39151
31274
16430
71476
85347
9148
17307
67673
99452
91607
4267
3570
5284
71089
23267
84893
69680
20457
53350
42136
19079
9546
37816
67359
13183
5433
71591
60852
19475
14878
38803
52192
82123
24687
96204
78955
86226
33517
41049
29613
38973
75047
11546
46861
35301
79834
42454
96588
70008
85028
39132
67630
6981
71204
57189
47115
37512
9105
78880
56889
83190
11350
35626
1489
37331
21287
6512
10565
92274
40894
24879
79170
11937
32386
58229
13654
17195
58453
71178
52116
75293
18848
80811
95145
72987
63404
88247
92574
40897
38842
55050
64156
50526
71964
47642
51028
70923
24949
61760
64358
57395
87155
52773
96681
28767
2062
76957
31374
41101
9325
17850
57879
96702
99993
41775
68591
76060
26009
39166
30752
37625
20145
17952
77755
1911
96721
48743
85482
26763
76101
24891
9167
74526
43010
68826
57230
5946
51145
12660
99483
46925
75831
19294
94945
14548
26852
95674
10202
6556
14688
80531
67717
4208
30311
86690
83815
9776
12215
50326
96653
65713
17037
51320
43894
93513
29892
53079
12026
22810
57634
38643
19949
89415
29786
57765
97654
98092
35110
3611
85818
78392
16170
18279
92528
18100
6839
69812
33067
98263
2421
71129
6228
44110
66558
7836
8504
20001
39271
75738
12562
61464
74699
33370
22268
40949
73084
94018
62392
29129
49891
95708
68567
82775
40419
89282
47027
56284
86333
97839
63630
60121
85598
32341
71689
29359
31766
39533
14767
20609
79161
70144
95050
71460
7765
89862
61356
90776
44097
3274
9138
15868
59668
10588
92444
75258
7876
75602
51121
30728
45688
15609
74973
57917
72837
48855
6429
85122
80351
46567
84470
88430
71129
94583
49446
88558
68287
43718
65584
45413
44366
6087
20971
27731
81983
6296
79492
78636
64743
26108
90699
47662
17498
4063
53901
97787
98590
78423
30073
16025
48431
92518
20482
87443
98153
51628
30087
88356
10861
19829
18913
8889
80495
39251
65610
29723
74434
84057
26520
33435
74398
30098
99356
46429
67682
8590
46801
70669
57501
91697
9779
26867
71669
98015
37218
22248
88063
85415
75341
62791
99772
98367
66089
27621
8746
67222
69758
3520
74527
47145
4507
89989
30092
43579
61568
79194
14446
97679
87442
46560
42270
39652
574
34229
55261
75526
63845
74116
98234
50460
19784
13705
7766
5432
18885
32804
65546
49625
88262
68004
9890
63994
28262
37650
29082
65125
15371
40660
57179
64703
55546
86845
18554
38092
84946
14435
21710
45416
27108
55758
41476
59581
95863
3886
12924
76087
56990
54761
90795
98486
52465
39745
73016
42566
55043
42416
66321
61847
1718
37670
44911
53808
98925
1822
42636
46429
76135
87089
84569
57106
66422
59517
39193
866
34114
83870
45360
30981
39797
70602
80648
94784
79444
44621
30307
47870
23567
80258
85015
97886
22444
33472
68178
60237
89457
54958
78882
67566
10544
47358
65491
7650
29287
31821
8606
86218
61085
96461
32412
22191
51991
35474
20810
13052
67205
54590
42384
77450
62068
55082
11085
33291
46848
4129
78987
36299
74943
21408
8586
15162
70293
16812
39916
42741
73796
9387
10918
71190
21679
55607
47393
45152
532
42370
7615
82995
84664
49484
96734
67890
44020
77134
31786
10461
56099
1615
70066
59972
22045
30051
77429
37633
78287
38715
67212
29512
35205
5376
34543
63490
16455
10587
12499
26010
29512
78730
58272
37732
96179
20239
49953
95317
80937
36242
2055
61742
47283
60973
14462
74
19648
18970
6956
69808
48626
35239
30262
86675
84193
14695
98171
5991
86177
66625
94078
46616
78650
54576
69902
2962
68304
46954
69389
10259
17210
85997
73098
32254
37787
70008
96395
91819
96841
29270
99874
44430
19298
64134
49435
56891
99105
18271
28156
21015
80570
85415
85494
16873
85126
52613
2552
6134
72157
75838
79185
18927
93137
24265
87773
2361
78031
87446
56173
36336
64217
86988
79993
6790
5160
81144
21780
98353
79432
96254
14131
42556
30768
91778
14576
6885
80630
77179
18695
53648
65600
39841
58399
10422
41576
39838
30005
27529
75017
99798
99882
52864
73510
25518
14385
97041
79138
40154
79046
99505
45619
33199
70908
12090
91850
4323
82616
86043
54863
77679
75529
66486
35480
12140
142
82144
20664
1232
67599
58758
37595
55219
67893
13157
53044
79519
304
65824
46453
27853
61890
85394
38187
79050
89315
85462
77859
81793
79313
99158
1012
87079
32600
70001
49133
6286
7625
26345
89451
12514
25364
67016
39460
37891
68288
45021
54428
59295
1115
32870
59070
93233
66666
30779
26440
41501
90521
77818
91923
61717
50963
83950
48295
18984
43321
66181
17708
25784
91241
40174
90887
52404
62680
19322
46387
86247
56913
57158
6194
32083
33645
85362
10068
52244
98028
8755
85963
10855
88664
94202
26148
51577
82745
57897
75692
67979
22858
36421
39
61876
64351
6798
72560
93132
53130
85344
33254
42406
35628
42563
50068
37830
46704
95604
30177
46872
19325
31190
64821
47333
65164
5166
13919
1752
39147
58298
77136
28866
19300
23386
36720
52488
52570
49110
97583
54251
30309
81894
84150
37532
14690
57248
78580
27409
9216
42987
71281
94137
83296
90873
79433
57639
76622
37513
95418
16281
56599
55953
23544
25545
77078
9985
20177
42122
71688
29693
84056
40639
66729
73948
84919
66828
94348
42313
28666
16370
50343
39909
3303
54781
13136
6815
33547
61330
67344
72798
12142
88695
79103
95056
39426
18332
28299
89150
51538
28056
93670
81020
45714
86838
70293
21024
37954
83803
20236
44335
86934
95704
91290
35120
23516
34130
88284
35453
20308
5100
99061
42238
13129
63311
36730
16655
10149
22500
5967
33950
89491
54314
438
64150
66545
62308
42028
25017
82499
11420
16896
70068
74189
22857
33402
1728
4022
80885
32353
2067
81113
8226
42628
27631
74234
17734
14319
69184
93266
53679
27677
57129
1829
55845
65077
60624
85114
63394
20501
41369
27052
48093
77684
94108
75867
99247
85087
44182
15937
37939
76531
74842
984
28945
96939
41948
42290
90806
97584
17652
37747
55874
83216
67002
31184
65952
92822
6740
72814
39516
39692
79915
24870
71251
662
84386
2426
14919
90742
2083
5029
30059
79214
55894
80321
73350
17865
43406
64555
82478
16400
93569
21034
28827
57156
57992
83187
55886
45609
57377
17985
66383
66446
88078
91457
85403
16798
94170
5054
63294
24481
20076
48293
18465
72486
92739
31685
32135
4616
65904
53893
99986
5027
2057
25799
10616
83929
20084
57588
41398
17741
26674
93569
4777
17007
59936
28809
21426
96201
80797
99207
68803
88903
5319
27192
96754
27000
60680
75900
35577
53286
64825
24574
52670
90044
90722
46063
27355
86400
78621
62318
9199
21098
65149
81541
75739
334
58480
5737
8611
13625
90965
30326
44178
89471
21361
18126
67730
10752
38988
89425
93953
49283
47300
74716
19915
14962
54313
55146
42203
11932
751
22791
94437
7836
71196
67662
60194
71655
56674
11355
4176
38702
61535
5674
34311
72403
42938
24128
47382
92964
12585
40571
92621
6251
1530
28543
95540
18545
23869
15581
63897
61132
68734
10948
98398
30648
49072
50813
21451
2409
14368
89052
62169
45112
56542
2697
69498
42790
14931
18137
71805
76468
83749
32832
64050
73410
74848
34552
33006
96395
25901
78515
30725
17605
58927
7549
99091
27538
62766
67750
44925
18892
75878
73633
14753
91889
88945
30587
75733
4807
15743
68799
6635
88340
86976
95769
22327
38107
50438
97380
67831
96288
48522
42883
86713
24942
32873
61475
44584
14302
54452
47149
44066
15850
32190
88183
50400
84713
65925
2703
22669
53225
45727
36586
73310
8112
9915
94124
51129
73425
50387
42802
7199
5647
8378
83087
95326
40686
62000
21414
91764
56986
53205
3903
91141
44418
59303
84297
14460
65740
17686
81300
34352
93201
39224
11301
3642
54197
64226
83831
78944
13641
31494
61936
33430
55279
54803
83928
59844
9092
98436
6723
30699
67369
15209
40823
7489
82863
76074
37437
160
98614
67390
30707
89400
99302
96007
96254
81199
83297
11716
19211
29318
606
2621
2111
53974
62502
18855
13276
16996
31948
38630
25104
10943
70429
48668
23515
16831
24609
14831
39009
54199
70786
21488
78246
913
99082
14172
40830
65475
69034
32496
26738
83641
24429
59341
58319
37889
79659
31726
16873
89376
14185
89988
63748
14987
62724
24529
1425
18
62464
41929
87333
59829
40524
49479
12756
92376
78848
2431
26603
70833
94541
52736
11087
80212
30814
39882
86340
408
47924
85396
6952
51543
95963
37849
76785
4042
96787
35055
31316
87783
50406
71508
96014
56044
22987
28950
56151
76988
99058
31905
35277
45212
75989
5153
41732
44627
805
60625
9319
60879
86464
26269
85310
12202
88623
17069
78467
54969
68819
88985
37235
48200
42413
76086
73170
38472
71514
40448
44610
18402
34251
60886
3800
47662
45695
65179
4788
59869
14409
68126
38070
38233
46728
92462
8379
80753
4052
56441
47269
29064
94563
47108
14494
45758
86609
41884
86135
25091
16654
87584
73347
62301
95377
63970
56467
33033
69818
59590
71068
40540
13993
55548
66336
52966
80858
6621
22744
89642
89868
34269
92686
90003
43569
80780
31346
61146
81138
14650
78699
29039
25707
50764
72517
18999
40865
54645
98234
12817
75468
23797
9363
10774
6406
57125
62846
47148
92451
30499
90940
19585
69171
51609
11895
84300
75958
59863
75244
17537
60364
60423
20261
18580
10484
60178
70629
99760
37266
47743
88889
31817
71865
76884
46061
96016
59170
87335
39232
27240
5332
93636
7179
9902
6409
45979
9675
31015
8522
8739
77418
86116
82410
4371
78093
98047
57335
17467
52216
5363
37428
2049
39316
39908
16113
67042
81155
73267
54017
93317
78888
14253
29265
14727
97566
64209
15821
21263
1774
337
88421
28371
49280
53620
63960
95699
69442
23924
22964
24668
23458
46964
65456
33043
80124
30830
97158
54234
1039
7919
76316
80605
22646
50675
26334
82035
51525
15367
97232
21636
77139
69692
78281
93817
47367
1857
95191
32079
7199
11871
61122
99269
98564
88412
36918
34095
38985
31141
28381
93081
37610
51753
92928
32354
66378
12451
12388
37114
83213
26106
8532
43570
39869
86085
6844
94436
52035
9545
60417
20003
93656
48653
63165
39559
426
23362
23253
99321
13167
82887
44496
58507
10369
78821
79938
56603
63162
86823
376
85514
1794
71437
10916
89542
89003
27218
19073
8353
27856
46788
81694
82578
57228
2757
55668
76943
99371
4169
20430
77421
26391
11630
37524
22994
29355
1594
43022
20222
35589
6338
21651
97642
29666
56925
21209
99790
77749
35588
44706
56443
1683
25111
2378
52668
73449
63325
13273
42056
14649
58819
28580
24160
98239
97168
71114
55102
77614
97216
24123
14861
30839
81521
38702
80632
86945
24074
40451
87774
88183
70357
61466
2898
13045
56036
91734
62466
54263
12693
37817
7832
30441
19807
57849
50082
20862
3902
98276
59927
88934
22472
25472
95114
2939
17413
96790
94602
50568
87347
89255
7806
87986
21437
50407
61139
65381
46888
9050
4975
96390
74045
60133
27278
41598
20285
20708
15929
2720
66483
51219
25781
58555
31232
78185
73908
72216
87107
14979
51680
89238
52619
9078
24735
96895
34125
42201
25760
30625
69375
31419
18620
88771
45266
22886
60454
18215
2694
71630
73641
44727
2021
96005
75886
10094
82645
469
38298
16598
18638
72763
99091
63524
63911
2739
58922
41496
91244
36188
97265
72315
91959
51311
29287
57844
95314
167
96300
32439
88997
26898
72806
28040
7668
78594
89369
11623
76528
93008
46740
39284
33052
22990
58795
24068
85621
67874
77557
73429
48266
23411
67922
27675
97126
79517
22657
21430
47625
85498
79317
79621
33644
73029
48144
41026
84168
28552
79033
14699
59196
26506
10677
45288
51174
11881
20615
2513
33381
77399
24573
30048
9775
98510
81861
71904
68518
82819
36296
92671
44494
26127
18141
49705
47448
50312
86928
90656
14287
43248
41637
3927
2917
37135
31799
38983
87171
47689
62432
57755
93599
56870
75119
78871
30032
90441
57950
1245
72284
77518
3629
40180
47237
13446
63295
83163
28499
27925
4737
23549
33639
70901
10995
8024
89387
80641
18848
37895
86391
28545
83030
91252
43700
90605
91594
21618
15430
65102
74183
14858
70076
90972
60965
77908
85504
80380
11222
18037
66873
95030
49663
40008
41633
98911
2587
74070
31963
9385
20706
40521
56730
186
79288
27282
75599
53759
69763
89008
8095
29422
7744
88775
45048
34857
2679
92348
3299
6779
6169
43393
84530
43849
75410
34431
65801
68340
93714
88027
98570
37778
39136
91680
23865
58630
73924
63665
6301
15705
94640
43727
58882
13563
66418
75621
98906
60768
5053
57823
88306
21069
74347
54142
78498
34126
79059
36639
35625
32181
35775
3766
80906
48750
64658
34109
5320
90054
69476
86163
19044
10005
20751
1022
45336
41883
96886
69240
69351
947
79386
86177
27349
29741
55883
13652
966
75010
52760
57645
60220
6643
54896
76639
82512
77968
76422
55351
61255
55444
91306
30454
5369
10998
43075
7576
21417
33387
10645
80801
95675
80832
16616
25337
45390
31750
81736
89494
18948
40524
43092
59717
65144
64182
72182
79167
27976
92601
22106
31653
86650
8107
42509
69989
21326
83728
92797
56719
7995
42972
10319
8399
72953
43656
65076
21028
4545
76381
85694
87476
19718
54862
78619
47731
83492
43041
45545
92954
84903
28527
47549
19970
14907
66820
93486
4647
10602
72187
29918
89524
3215
23849
69431
77558
78638
30502
12175
18382
52089
35030
31413
4394
81763
56464
22534
29518
61141
23708
17636
54523
99255
49658
682
1726
85518
31634
27138
23637
20795
6624
30670
20762
40018
61781
77976
66525
39491
94318
57943
65154
6271
27602
96392
53331
68796
85571
35133
98272
66040
62000
2150
90254
76684
98640
12067
88952
9857
32082
23650
53435
97207
46352
89867
42412
94467
75582
4068
74989
29465
3069
82678
30137
8555
9352
38184
49499
87141
21092
80021
88414
57421
28533
85525
79019
29563
81714
76599
42732
91831
2960
11375
16407
54476
70296
65419
96058
38889
10651
72929
21035
32875
46549
46005
80632
92398
76454
79015
20858
23274
15143
11111
77825
30427
77670
60496
77618
98073
82322
45330
87646
85605
69792
21879
21439
31223
18626
19380
59325
43509
49224
39256
36617
10811
29796
31766
75269
81159
36913
71748
4543
70248
18886
74745
25728
44114
78601
40819
17353
7359
26876
76417
89958
60886
52004
36945
51714
70651
72572
33372
15992
3876
52443
57437
42601
25854
76701
1218
84976
90064
2094
89121
31352
26549
34716
84586
2222
91377
67471
36276
79374
79687
78372
91069
8180
21439
89052
15857
35433
39781
73593
1046
75579
1355
85805
70176
72868
27764
62961
23570
5754
42720
44092
86805
21605
32093
74974
91809
16401
22947
78902
74213
58385
12382
13319
30794
54086
11650
48658
14214
64434
39214
41412
43418
27499
47589
12126
50367
51909
22602
69528
8224
90652
77668
88108
14622
62613
14299
24366
27460
40055
17657
36298
87792
18476
78530
54715
43820
65764
21413
18018
58825
91566
41392
81943
56249
77667
59066
23196
72246
93988
78651
7431
97772
27673
41038
88256
2509
90122
38864
80323
19448
24206
84423
18064
50853
20154
71688
80345
81744
33688
99129
85266
17140
63183
56594
59395
75099
56370
4905
88110
59449
84391
33359
46021
80023
63936
64086
92014
67204
11177
98947
96286
18317
85090
61869
76549
2437
39534
84079
51793
92276
28493
60115
76437
69817
82782
25815
53135
98332
6113
26287
17716
17756
45942
74468
45497
87486
57799
58549
50912
78814
17219
94389
42569
41856
88415
69571
85514
1164
31394
76441
15917
75289
64166
2737
3678
11767
83530
97575
68284
69711
1355
51174
60003
57488
4093
44126
35987
72003
29658
96734
27848
37537
28604
64506
39923
69752
77557
49742
631
44652
9683
10664
90738
8870
20710
89759
10347
38044
64673
36338
41450
676
47089
99976
82514
86233
78785
35322
20053
68940
77752
37249
3425
35748
75474
42827
99997
34568
25369
73160
36
2515
88342
46892
93667
43765
17782
34441
2167
81486
85807
47877
61554
27248
84666
97910
55355
64150
46918
883
39564
15751
30938
92996
85257
56718
94728
69981
38433
83391
85961
66511
61461
65541
74653
57422
58389
87539
32011
71006
82193
64623
99692
17099
43224
2345
84255
48701
72365
39434
29691
37808
85065
26808
52892
7165
88794
68125
12788
42205
64930
36680
82676
75252
12059
15443
51777
92453
13121
49205
51158
12217
95373
46825
89071
24369
89123
66516
36752
29594
11349
10164
99356
72230
93581
56179
59889
27027
25267
42464
7065
46135
5581
25869
16790
59463
14156
3618
53991
91375
85396
90920
65767
78177
72161
55817
15990
42636
16629
98585
78156
80140
78922
8926
90692
21153
6574
40580
15532
88835
12869
53801
66206
3985
41923
80427
78868
13142
9732
46651
44224
92638
79810
7385
72506
73500
57942
87765
54366
93605
240
81240
31033
661
89969
75728
63610
70158
39259
68789
58319
54637
79068
77507
19188
24490
85556
73174
60605
48088
64104
71702
59371
62112
2294
22600
55697
84065
85704
52430
52681
56911
63227
96071
14787
26086
73274
12099
1640
70939
82957
60507
27162
1677
87809
97488
30406
29071
46293
30729
97081
4704
7716
18661
87438
5154
64632
98643
72832
11875
50521
40539
84957
95373
38913
28872
27620
84788
36481
29621
27375
69729
62342
1580
36802
58057
83364
75590
26146
91052
23101
82434
59422
46564
74136
50875
64946
68183
32158
19190
85077
57906
54997
30767
42474
7226
84867
83455
55838
58081
29104
92673
40190
4700
29941
13593
74286
26376
15208
20424
57942
44548
77391
86029
69993
74741
68203
81423
69664
82271
62702
75297
89564
20016
65719
88296
26207
20936
3432
23475
74715
38029
5736
78788
62210
45862
77595
50156
82516
2872
21238
29122
16093
85967
4192
23183
33170
72546
60681
99291
99338
27780
95126
79098
88838
69094
22303
99562
12836
43016
66211
40013
30838
68834
60530
29285
53152
57532
39786
1261
27714
97320
47976
74714
17431
15278
67182
84550
37643
39867
93325
71339
90040
13834
96959
20046
81836
72749
49738
24326
42601
65900
80982
33488
93148
42356
61996
34831
15459
78416
84896
2067
58232
57154
60588
44470
68650
6270
91591
44364
2181
40427
29825
32439
81181
19190
31472
9565
16354
78312
89975
14132
4827
11887
16645
44278
22429
32306
10736
85259
724
51105
53273
84155
14825
76212
31842
36715
52811
41855
70007
44944
21243
27144
48108
15594
11615
93584
77572
50978
42558
38766
84355
81398
42258
8152
51972
64766
17053
69315
9315
76255
28316
86288
97777
76676
18803
28497
95842
2594
23458
50211
61996
21632
74908
58319
23914
50099
54567
87566
65350
41042
33420
68417
3512
47315
29033
74733
74629
67072
13389
26191
24275
53797
83025
73391
16931
33420
62413
22637
74112
63207
36696
93622
40608
22009
56325
86165
96982
75170
59979
15241
5053
35300
93521
44092
24602
52717
98473
48911
11906
50616
40294
51456
46658
34901
13887
40133
50234
37204
2411
80367
38556
64967
25527
72219
90391
9642
25963
65271
54556
45364
18869
42694
22452
52229
89555
20531
75854
80225
76565
32770
60864
24393
68124
45645
44149
11351
62587
42952
60006
93477
22099
52090
18450
29991
62904
58250
12626
94622
10290
68020
13172
32117
84445
35554
36240
54937
3503
77529
84527
20175
32728
49041
5384
95625
88164
4757
75267
70514
96583
5268
65595
58526
83817
46688
29231
23602
56405
81853
71916
75884
51379
52596
89094
97842
8311
22700
4824
41454
63026
76337
10857
85508
49681
89894
65288
59057
21870
15313
5147
6063
29013
30962
6693
70006
56787
66215
29110
52469
58595
30117
16723
80564
44961
98516
55989
33443
58644
78906
92735
89945
88656
92170
70385
32797
62211
24921
27722
19857
53294
27382
5074
33861
78483
28693
82180
82739
85253
9815
70828
43291
42311
58250
91467
48660
66297
20048
68204
50593
57060
77179
87663
51724
14643
72917
44047
57017
41269
89627
98535
57507
17590
2575
15803
84907
75798
98676
95719
4349
33274
16887
4750
53323
6953
79717
53915
1375
11938
47373
56509
27916
17219
94032
68531
72038
14548
30323
29692
7432
74678
30432
46175
20030
14561
5950
862
33104
24588
72928
29295
23587
81738
48380
2582
15942
67978
98669
11431
3609
88144
27223
93325
45743
18168
99720
18113
90202
99003
32976
65137
87652
61571
42430
3664
66129
7999
49275
72037
81933
52387
64110
41564
27842
49655
81611
41347
83607
83286
72296
26194
94333
64296
16237
98908
28748
18273
15569
71414
3471
50578
80409
11293
97021
56342
51204
68576
95356
7262
57943
17789
29593
66239
94831
54
7706
93716
88517
66239
82927
5086
44301
19718
87573
17379
19247
44736
98044
74396
52728
48925
72862
77424
21432
2507
16204
55018
16858
76156
72262
11405
22844
73412
27463
18800
99472
46205
21519
78351
71205
48418
34372
44555
5107
76293
91358
93976
14487
15619
14077
26468
48646
54167
28196
62319
58952
93211
25846
67786
99307
36507
11524
258
63740
14255
63420
22289
18448
15426
91353
98403
93668
67287
39573
90031
87488
77348
83251
688
24207
61812
24505
80108
94287
91616
13624
35102
16940
60813
26996
34172
14873
14262
29949
70094
78307
94775
40325
12747
30584
80688
91306
65711
82859
24674
27638
5675
80897
11509
79876
23228
86685
59841
33346
12411
22610
19915
88159
75699
84748
12635
61143
55023
42004
85151
60722
988
60168
22818
83099
98404
98289
73564
76067
38549
55232
51385
8093
11882
17932
99768
74614
61317
86338
96541
41095
76707
75881
1998
44410
33779
66643
97593
48919
24146
85725
33394
56143
28600
50812
82754
78854
132
34304
71246
52687
96888
70968
37114
2030
64186
80072
37066
95140
32501
24761
56648
31276
88970
965
8277
10548
22642
12787
10300
25811
21954
52036
22288
22771
36930
27329
14326
76992
69534
59795
63932
5148
38053
94345
66171
50824
78170
22881
29854
22703
71328
90080
83203
99165
30947
87621
51863
38728
92003
40996
79406
99401
90669
28233
90890
17066
57123
97158
87474
30908
47022
36992
78602
64879
98211
36574
25889
38326
35162
44412
84820
91391
32214
33079
47511
9950
38237
58436
68429
96901
1773
76213
72461
29825
20753
96334
31639
61792
99122
66263
11424
59289
17756
81326
20691
19193
20189
75750
50274
96763
95228
79182
8597
9444
30655
75924
34547
90515
13009
67470
14259
3198
19616
3440
14032
54824
78280
63621
87384
75150
96976
52528
11176
4279
5780
64550
67102
38100
98190
96147
87425
14902
40175
28488
14571
63628
52973
23458
56358
66764
39914
33336
64818
48216
21717
25302
74158
78742
31236
14066
5212
80609
50903
44086
12259
93214
63760
38765
2812
95798
97284
23762
30545
29279
28535
37203
42738
97450
85926
48878
29295
96958
56253
3009
87317
6597
98827
61691
21906
58139
48439
2754
40815
65323
41679
85706
49389
65418
34840
12059
79678
59489
96303
38846
91040
30586
85677
78950
40911
93271
13835
42002
8931
237
35462
89646
89885
19826
26006
31765
17401
68591
40927
92859
41726
24745
17733
92077
57245
72138
89492
10632
96846
23043
69279
342
1954
90188
60214
12899
15020
35605
10750
24315
78906
27982
94771
10565
75695
3612
83562
30121
18574
67827
62865
93650
11884
91127
98547
17889
57532
37751
43970
7547
14394
76662
94594
33971
2524
47997
27019
24858
66953
89396
2568
89812
33438
43468
14742
36350
55693
23130
87497
20639
44854
84547
52944
96308
3234
40455
29749
58008
59312
40298
52453
33238
48977
4781
65227
37197
5116
10515
1044
67402
53100
98091
25178
41440
53062
62766
27118
79703
49266
46723
11315
46976
16618
95270
74530
95041
98652
30636
76370
58235
71633
59011
8655
43260
16438
49431
475
40625
3954
51804
70047
33992
60525
36660
12752
371
11571
21051
93882
66444
89266
15023
36520
42567
78573
20196
29130
91766
49538
35514
68027
31389
10184
3019
34092
90918
50045
20055
74841
69686
70843
92539
32702
49492
99486
16226
12947
69945
20836
54633
13982
71497
45639
74551
50491
34848
59336
69884
86208
13659
78911
4891
88339
51838
82728
60233
8925
42057
70571
66563
41516
96907
77913
71353
19652
89853
5211
16053
75998
62313
83336
63501
28491
46680
47992
93883
38748
25752
78146
44997
62603
73804
87604
28289
30903
6861
17539
45311
61242
68502
83461
98429
29463
42894
1044
34894
83336
47518
52481
10125
25736
87522
73873
87483
98239
127
57646
20049
24194
41522
70789
76341
89000
10629
15139
78479
33954
93872
86040
85153
5011
59165
15358
48003
13776
86773
32639
89670
23566
69419
44466
94643
27334
11992
70966
83866
30133
28078
54466
23694
56953
10358
76595
81579
45300
78201
22276
86857
45193
42422
97473
59748
79994
69250
40140
23591
42017
64681
93761
23824
75098
37636
59008
74681
61087
47881
33972
75926
52820
54898
26104
87639
26462
66598
50037
1987
89886
4269
43178
56174
79329
94715
29248
49125
1581
38709
92878
75426
51590
95450
42832
56384
48051
74650
51047
5933
80035
45627
3719
12897
672
17912
5211
7722
11315
75666
44571
22226
31145
58485
80483
11795
69730
24977
14953
76741
77237
11160
35919
16398
90500
74914
85840
36054
79025
33061
73519
62903
18146
22534
96970
44719
35180
3390
41757
81988
31926
95733
69783
80015
73663
53334
25612
75341
36134
35867
60977
73624
78852
26322
21485
93501
17291
27978
67921
68437
68808
85745
1717
86253
84140
73208
50860
48189
62252
35773
41357
21468
95481
32085
78487
62191
81626
97948
72391
8571
28942
55890
32287
25163
26188
49008
69953
88335
30797
91761
92344
10930
77460
27284
68154
66535
36254
55210
50805
93230
9164
21425
560
40083
33757
72998
23875
28157
50755
18575
86654
73570
23396
70845
56723
28260
29755
96100
7573
89191
96480
55327
85012
19433
22283
19941
230
1623
83884
40963
87949
69589
69907
6613
86400
78786
34359
61756
2755
59265
14747
66999
26569
22438
31699
13621
52424
68396
55208
13561
99300
84421
41145
81443
14908
28469
9121
75414
70946
22253
1316
52507
86169
33933
93280
60866
6111
92264
99299
4795
68603
10803
43581
41081
40803
31481
10148
6575
77645
58484
22767
19544
28705
62802
29523
3935
84589
18483
19032
74843
53278
41373
46595
24637
75580
16310
28279
43622
54789
64175
21935
67706
36774
60080
50197
32153
91010
353
43534
26006
93482
62300
6075
55361
26831
75460
63836
18187
37970
78875
30174
50062
67374
17653
3669
72238
41617
58220
68778
26094
53441
1297
26642
16242
39227
80807
41340
33742
3233
18231
86873
73644
68696
3475
53160
57969
80104
29618
12213
62237
31418
87162
33028
28404
34850
93424
5670
8072
82777
77069
16440
47033
97516
81617
56455
69865
44425
10942
17534
77918
60162
81282
41626
70278
45846
85359
11605
8980
72898
16374
63033
23449
3338
17868
18302
12724
91806
81651
20501
49878
21948
68918
6658
24668
91976
18707
2332
56820
3132
65318
33231
83159
2071
21777
23458
92261
14151
44375
96199
71571
72085
35875
15429
79772
33191
70097
95651
44037
76917
77263
7796
43078
77430
39306
48853
56090
73901
93072
23962
40665
15368
58508
66697
63675
6939
46417
2177
9175
58662
28107
560
40290
16975
55204
66947
74917
44871
35767
99413
88025
88814
94621
27497
67924
96892
11789
65332
29943
53751
90138
89375
85671
61174
86163
62750
83337
52801
65396
11534
33888
54293
12586
7352
78087
11088
71302
24764
10541
96401
16779
58789
19548
85409
22746
42201
82998
86143
74923
52818
66762
54414
64046
11869
91772
71991
3791
48864
3722
84726
55039
33183
94725
79953
14622
59638
55654
53362
44940
34123
43978
71319
25083
89870
39014
56016
84954
85414
13798
12060
98796
82300
9757
19398
18261
85761
2074
84606
31517
80647
86930
60711
72943
37166
27224
19776
23258
61282
52487
1778
23443
10978
95837
62502
72888
88615
14404
9953
79050
82944
5491
67790
35756
66662
40527
20745
94955
24554
63071
78921
60036
47237
70754
21638
71845
75029
49209
58390
20048
96400
33359
31648
5715
11788
11123
81444
54043
64095
26662
69158
28522
93229
17809
54390
92169
47451
35753
75209
51437
36277
96678
92304
793
25661
68039
98025
16397
46907
1588
31335
84214
33460
88757
88592
37894
46122
34263
59452
3263
57844
49032
7370
97753
18449
52301
82666
27233
49901
48883
97516
98206
60719
91825
45599
12707
66628
66774
14913
52892
79983
63939
43865
9024
14942
18036
7582
44725
80165
28314
61128
94806
91474
72150
31834
20703
46139
50637
46496
81756
70288
91279
37860
19177
75580
54810
32257
78487
17252
36004
80873
59408
23563
68731
44751
43350
26543
12739
35845
14835
60002
96923
24598
56428
46232
56566
29630
61788
12507
1475
23280
65185
67721
74388
15567
76250
90110
44266
91151
89041
67270
10750
66717
80113
18921
70255
2073
24659
37892
92254
21547
27776
96890
51292
5878
16565
29340
70448
49613
37812
1658
70986
41676
65472
56977
34318
88554
59393
2083
54131
30991
68940
32389
9142
19597
12276
69880
8418
10971
17463
85290
56527
45008
23968
91402
50658
8905
91887
53681
57304
9483
37077
37933
14380
13165
1695
32181
13215
95816
97534
81481
42745
7626
28696
55373
59586
93365
46560
10087
47809
27996
85203
78742
52248
65778
1236
28974
54896
51715
82485
18835
86136
21211
75678
76149
58818
20224
14321
6765
32639
5332
1594
68859
91613
50634
24553
22825
11316
7502
65283
49546
36990
82542
92857
61396
27937
83509
90406
27716
75699
33985
50701
86728
99096
43438
94374
20643
12088
78122
23486
55317
38761
56488
38637
94874
28233
54265
68478
7784
80591
9254
12515
90211
20048
61838
99095
77824
50623
56350
16739
3889
90989
353
47642
54116
24204
29413
65545
99699
83999
72335
97980
63154
74146
59812
15535
33639
38900
90742
98905
63168
11761
13921
53837
99177
40379
39088
50253
64749
71859
22039
2345
65972
15585
83074
94300
86361
78349
93573
20254
68230
59436
5475
73876
84034
37708
99145
83849
41712
75675
13821
97864
61343
3710
95195
82481
16712
27559
69849
80110
56854
69826
20688
43213
33764
54525
44112
87422
93198
24846
8336
48502
61312
25625
84927
28335
30898
91305
12345
98704
57245
65429
58920
28087
95025
95804
54865
88086
49465
41652
2637
90569
30490
21732
91383
63272
82576
67716
97686
40060
48902
30090
32546
49492
3561
5001
85588
8587
45686
53766
66648
85055
50096
60324
78831
60901
86559
58002
10272
32294
32932
72675
93081
28777
41293
83668
87347
98823
25766
8588
7824
33142
51541
8289
3155
95321
95565
3575
7951
79600
30134
69820
66183
79144
18439
62995
48487
7570
56796
34949
85511
9745
69880
65409
53997
32088
29700
40814
41514
94032
26692
59728
47271
46167
1760
15409
74381
17980
7928
41741
63832
94115
51114
95224
75625
11794
87681
96469
43404
42753
4141
10223
53544
65726
4182
55520
60992
38023
92607
3134
4240
90608
65977
54160
36876
39850
6418
84764
75051
53078
26368
53432
3309
40715
87643
34636
97380
97081
81057
27966
82920
66217
22901
76507
25937
74502
63483
16568
37942
72607
18976
29039
84020
66292
65437
76377
45657
68906
60038
5969
68781
33391
80212
56224
49842
72801
76743
46868
51404
53204
9628
42616
89090
78855
71796
33140
64924
1418
58118
47470
99191
45846
52788
30375
45276
75670
5480
17312
19007
41824
90260
94134
531
9037
62820
52393
23815
90313
11519
26747
12135
83332
89596
82565
32586
64787
27429
46823
11419
40810
91315
35804
1089
4462
14279
75474
29523
42392
61303
23182
48085
33179
46640
23079
43920
88769
53182
96036
35318
49836
93543
8490
68995
70297
66298
58690
33587
13527
37175
94796
6000
85082
5476
42553
13145
79292
13627
98370
46816
37567
20293
11143
28528
23095
8327
94542
54080
39893
96847
76014
35877
62875
11633
61589
27791
62015
38644
49294
76028
73171
87988
73566
92000
30884
76907
43904
78581
19772
30799
93437
373
86353
72248
74488
94632
87627
91241
61987
30003
98096
22877
2933
68858
82962
23626
89740
48387
53804
45619
35385
52944
68098
12235
81081
64649
58089
75531
17756
84096
57854
84668
99753
8161
357
65358
88791
5056
6968
93475
97634
39891
57258
59989
38723
3897
34990
48586
14764
99959
10754
95080
59229
98159
38231
81355
36445
66698
52069
4704
89740
36903
27188
51892
67956
94423
95620
52480
62521
16157
93957
40364
78593
50331
82160
54225
35214
15754
28906
66231
54625
50201
89452
24184
73218
42400
23849
16740
52299
86527
12123
99595
57295
44119
83807
9426
45119
86871
33267
81595
60548
74668
50893
92681
95767
21319
16968
73317
80922
89635
47155
5786
29220
10825
12698
80200
95464
30135
90079
83848
92275
10816
31316
63095
74852
41938
11772
43697
99027
40554
87297
91130
52730
71369
5718
37151
107
96138
76399
13884
64600
88314
40507
72569
81223
98115
53056
86053
35923
46873
75026
71994
42411
69319
43894
90985
47209
95009
77081
38792
86801
3265
20320
96728
24945
94005
39462
45350
40067
30172
89935
39296
98330
81779
18664
74555
87534
28650
33585
38363
19639
35253
87790
90834
75772
41396
81772
15449
15129
90950
73352
73244
90304
81994
31141
25700
60720
34020
10461
17445
85953
34468
15316
38846
36708
29559
16404
51327
44962
70542
80693
19538
36233
45850
24698
55261
55084
84983
30154
88361
29013
28697
68459
33788
97941
56441
29871
60572
20334
64004
12681
70235
23643
28826
399
26812
92409
63778
88877
94846
85426
63147
28801
89749
28058
88561
56298
77885
77150
79556
30292
59439
67880
39226
6999
65643
32194
40739
8845
45137
2076
95256
21599
35231
28309
71616
46350
30374
45287
19647
62748
52509
68067
20641
44679
24514
79054
53661
6017
77092
79463
5660
39768
68012
25213
17833
44865
15732
50213
30210
76711
54569
22265
14565
61886
58453
42944
76580
14528
51487
37220
82203
58386
9781
6073
35590
12303
68462
93286
44774
18953
73275
30654
97185
8986
74900
1997
69644
41275
33274
55176
1353
91327
23476
1721
78672
13965
68675
21511
46127
52978
40910
59054
16729
25206
3201
63213
94560
9390
63357
49516
38202
75022
91317
13215
91747
79755
11644
16421
4494
74091
45249
93082
82194
82904
97428
37279
20822
86717
61025
94274
19389
66383
41681
95105
26174
58301
60311
13277
66482
27312
61039
40970
78638
49239
59593
9132
65225
29114
25317
54482
730
97789
91841
13406
70961
53391
62267
4587
19144
47592
46996
61707
64051
60235
302
15862
47362
67023
75660
26302
24555
11336
80854
31053
58763
55634
19128
49795
29614
22656
33744
72043
3105
79110
49808
69285
41142
17859
60237
2902
3243
99704
19900
50387
19585
89141
28265
45977
81536
1895
13257
76852
46918
10283
16599
47656
26491
65454
53008
63023
32251
93666
85387
29323
2951
45270
15446
90208
43757
23751
82087
14088
96003
58742
15910
87442
60783
98606
208
89280
98764
81498
99749
91696
86962
9855
75644
6956
29857
71058
22248
66390
41804
76975
62620
12360
85838
79436
84485
36026
22502
80211
91201
67640
10240
4592
74277
16473
2968
1508
63653
75474
75322
24897
84159
82305
9271
28641
29955
19723
22003
89630
37128
6928
58854
27007
601
23790
4799
97984
22880
16642
99955
48769
59306
45249
91171
36892
147
66835
67608
2673
2663
40251
32048
76259
68786
75861
15190
92326
88719
61280
92800
76189
36945
45503
35207
14353
805
28209
63251
66304
81281
78359
50764
47727
51274
22045
25313
86649
97107
34673
65094
52009
22385
61056
23528
14286
685
11587
41058
32322
77522
22947
61549
38572
85711
72880
44573
82395
97840
59446
14354
67858
54447
93106
29460
54341
64502
23802
86212
82084
9997
14778
61168
20276
9434
80384
68229
52451
52592
77456
26189
4283
94009
90797
50444
77668
32443
84494
21656
8603
42214
24987
14696
88878
82943
56815
70250
55525
91285
50362
9547
73240
59655
88214
17648
20046
60936
28529
54649
29046
36954
5636
77972
45138
33029
25790
89461
86443
72996
18230
23105
7887
73194
95399
63038
60565
24667
1630
19794
20431
56899
89699
15326
70541
71505
59754
891
36693
50273
81904
94212
21515
6221
63439
36117
91962
88761
70790
54720
39755
86859
29390
59149
26946
76927
6133
45246
29815
1631
85786
60322
15765
27425
74612
35869
58878
46720
80731
39129
23791
50504
98224
64469
58993
58141
2605
39918
69919
17404
11766
8694
19391
29231
13505
93048
36550
84775
18506
95253
2894
56302
26733
23589
58615
12761
23629
36504
72069
69364
47871
79805
22144
51106
65449
33346
35168
14262
84967
52367
41025
97588
67708
47227
49271
50110
6246
47984
89142
70620
66191
79484
16348
18972
6090
38832
62761
49450
44818
3676
4363
78753
99754
40903
38875
73068
75991
95247
43874
25540
51982
99025
16024
2672
46130
40240
38633
71955
47052
98148
8157
14175
60074
17899
38262
39369
98254
49111
20130
31446
57280
85448
47647
91422
80671
41401
1672
37812
77261
2003
77930
71526
3537
95381
18210
34319
27376
97613
67274
19933
27996
89110
63046
52435
10583
56443
71541
56564
78047
88587
35916
90377
25406
4712
61863
65281
92080
11730
66530
74407
38588
75831
59184
16887
10459
26667
21385
56081
89197
7057
164
65979
79640
22804
3851
24988
55213
48066
96940
13660
21857
24826
45826
96409
29781
97320
11402
73131
1154
50942
56292
87156
15673
86548
35213
59745
25334
31689
847
25473
31287
97922
330
30832
77963
2589
50991
81586
43339
86980
48172
52542
44278
37604
54479
91027
510
44758
3506
7365
97112
59390
44991
5275
20652
92620
77988
22774
74863
74158
21758
63312
77668
37274
79487
43553
13121
23515
96536
11471
73030
34007
47861
72793
24748
49795
53346
22748
16837
86931
52222
59628
64471
74909
17350
9157
60035
15747
75333
7565
59406
25688
77480
70511
37648
9676
85334
45322
32847
12251
98685
81858
49083
41113
94505
54639
26693
83585
43340
16781
56882
99174
66097
37979
20924
4156
91603
5123
91039
38577
92542
18588
14552
23776
47993
57447
16371
96580
41634
94456
16207
68816
61358
19537
47271
82257
35691
36936
563
99915
55980
87708
6194
96164
87689
14238
50618
40490
11176
47306
6140
10652
73557
16247
45889
41092
55956
12325
27666
29942
98947
59483
81261
71986
64902
91773
7633
20546
14023
93802
92955
32169
58736
52012
22853
58877
34754
91030
99496
70555
1213
87994
39729
2383
86325
17102
88219
90459
21988
34152
6182
17931
49724
73128
55433
46373
26951
24291
82101
37517
80593
24210
2155
58445
50333
12540
37071
3673
18474
33245
58946
41877
21064
57170
46159
86722
73255
15129
54562
4231
10781
7624
92607
18980
49471
37661
75828
42838
2355
68165
10123
25898
7079
90301
45634
1650
46757
47176
10301
78646
42068
6957
49809
96176
78936
17829
68796
82575
17339
38470
93675
55877
61472
44153
52914
11792
75227
806
88219
38371
44445
93478
34544
92179
18661
14460
1912
56838
32860
7315
37350
54169
29143
49219
3372
19594
4736
34671
74090
2202
9695
9098
74965
18465
78472
42648
40136
97537
37097
39337
76601
25230
21662
16383
45013
52354
38545
88685
50245
99772
81357
56328
77633
35130
39620
7904
96097
62172
91031
85414
56513
65110
21119
80713
32641
84315
37397
84979
68748
96418
17772
70818
91562
24305
29195
73046
28311
20569
57359
67644
63616
18255
35214
62051
48239
86355
5258
48687
81389
50902
62126
30621
57039
22986
78501
97112
64512
94019
4367
56227
4462
43948
21199
83378
47799
56206
56063
59773
85888
51853
38812
96076
19344
69968
3815
14938
23048
73160
40086
97704
91089
84021
95305
87756
14152
45606
22420
70575
42747
95614
54142
85654
18250
15158
92484
74171
17916
27171
39925
46610
38555
35705
33251
90624
92072
99104
99207
50069
63579
26969
71799
9934
26346
11925
51291
93155
59369
55472
44612
40987
34516
59707
63481
56093
99571
10218
25324
81261
78980
26
95550
51774
99961
63255
93590
12132
26723
77194
16083
83862
55008
48141
92727
19336
17766
61461
50602
21681
42380
45865
8486
44707
18404
99159
60801
78886
94482
6808
30994
83570
87047
40099
98750
67875
3919
82840
99824
51372
90264
37900
41620
84570
63015
71713
53062
53331
16232
40762
82422
96902
88838
26313
74834
90012
40007
47339
6788
75461
25579
77194
35818
22637
5857
49324
58193
80802
37439
93824
68838
67738
10714
55775
41130
1392
17625
17186
28270
45118
36399
24645
82440
12237
39473
38691
9350
65114
39146
24330
87000
35856
17919
39210
91917
40003
43318
24837
52372
49044
71037
45061
64625
92051
14721
80847
65296
59783
81136
14213
54401
64366
8825
26467
38114
18426
5215
17817
28239
95528
23773
81980
93513
93451
62107
33994
22077
83050
36409
78827
24765
8065
57327
17702
27734
43624
14631
2263
26181
72456
86872
57206
65771
267
60620
46889
76311
49655
73361
2484
11777
20699
43638
82323
76535
58167
76442
58252
99538
46863
59594
68834
19910
1080
41455
34100
91751
62787
67235
30871
20134
16770
83523
55057
35168
32953
11746
87603
68409
20820
36015
29656
7907
65760
26699
32577
12665
67989
68021
57653
31147
66024
99795
36998
90643
44884
39521
4127
18692
93755
56605
75954
12637
34924
74426
28567
87935
13528
82371
72500
89947
97613
19569
12051
76607
37843
39829
35580
74584
41541
142
95443
25051
63902
49908
69623
29853
49340
74979
79185
55744
9842
86155
56149
9871
494
79536
67026
10566
44898
64753
95378
47715
64833
85891
97620
86737
32422
44148
75568
59755
60671
98533
20523
46318
80052
80449
46356
97395
42320
37652
7973
64994
88284
97184
11698
6177
74315
78779
78272
77657
20456
71030
23959
67286
88535
9645
20526
31245
7488
45754
81330
16190
44783
66137
99541
89208
37528
61603
38721
73207
2424
64673
65804
17476
36376
41555
13021
64224
30724
16811
48515
63309
76303
44641
74089
42935
67377
97978
25249
39474
11947
32731
57052
87603
48455
54914
95224
51360
45940
96086
9949
53017
24250
59685
13065
79577
58818
90271
37211
26766
23870
32470
57378
22028
38109
21114
27734
12528
24235
85037
71738
1309
65419
76591
37179
57530
3878
4682
89703
70271
9279
81934
52195
73692
8107
50875
25947
12012
62187
36091
52849
12397
23572
40861
92927
7429
31366
51522
65505
3496
71379
65892
71432
95054
98020
87337
93427
41298
69088
70100
32707
33510
46202
85543
88190
43451
91412
89883
26087
58174
63048
62838
42287
8628
10860
50792
87880
20340
12519
44926
3090
9358
48285
41514
30047
95873
61070
57158
5703
16778
33387
74682
63376
58621
72360
60030
75283
59919
70721
34697
71553
71775
98609
54968
53042
38511
32517
59262
17859
75402
95519
20297
49291
28617
58980
6242
30125
60633
21823
16671
91658
17871
23663
43026
24096
62933
59648
46556
46403
88259
815
91595
48306
41298
40559
57621
8050
18306
72787
45775
44893
70696
97759
35091
92011
99058
74931
58663
40
30447
99381
31957
13897
7587
22478
73596
89563
26844
34151
30052
86328
98393
34385
4697
73044
77986
48659
96073
13986
14363
99597
36583
27996
93356
76893
29585
53959
95137
23566
31656
73276
22431
91403
42386
70994
1308
16233
14666
13068
56617
14867
1832
33511
59080
29662
90347
29823
96947
2358
86030
81780
19290
26532
1452
42204
54689
54005
25050
5572
96842
2861
45620
89736
9695
52161
84383
43602
48726
38926
48544
39686
18455
96879
74356
91589
36102
90153
42203
98525
71239
40018
24700
17795
10736
62075
89594
52097
61435
60709
10209
3290
68640
50299
12239
18886
66765
85945
76295
51057
12100
87385
76412
50374
9301
25234
64074
37934
67666
24805
85240
58990
29958
76339
75777
61605
45977
25779
66030
17562
63235
28087
81508
92440
68544
16191
82405
27865
50060
67299
2057
27639
30941
15101
83810
54237
70838
13276
56608
96258
64658
19406
39662
5911
88993
42736
81780
28708
92646
17587
3262
47604
92839
64306
12030
12067
61282
8804
2517
76083
98526
83911
94403
41483
36141
55911
36266
1315
29371
25441
92757
9693
59226
25878
39626
30705
8119
9676
34691
8990
54315
59538
14086
51776
46581
41628
58584
98635
83407
62391
86556
77544
55284
16198
47393
59504
99455
84534
58327
92263
5056
7144
34287
11995
2760
16821
6194
51687
20600
90563
74856
93739
21867
35896
57366
68625
5669
73824
75650
38624
39179
65136
49449
43752
10371
3857
21607
53272
18068
88775
48753
58688
39250
31289
76148
35794
36034
93215
2572
52539
8774
21565
91856
86156
18008
12373
62637
49114
62698
36671
54279
78777
31747
29886
53691
19021
66576
28422
49246
48206
7162
89225
61659
77847
92748
16292
52971
44269
74468
71265
55226
39758
17914
86495
90594
470
71936
66206
39831
21375
47341
6223
12089
43343
29122
12954
42184
37543
68181
27331
41020
18887
72848
80026
23232
55227
64673
76746
11633
41694
21829
40761
71031
17808
65345
69710
10823
54232
31951
61495
85432
10332
2992
18577
82712
28770
16304
47002
26866
27728
52449
86338
42472
44162
30517
46812
18389
91050
82557
15618
47883
93895
70585
74206
93379
25317
87956
4641
73427
31402
17700
77631
28922
42197
73807
62218
19061
70785
76037
6275
12823
90775
62047
78712
73502
7551
90815
61081
28519
13161
81585
12835
43055
12776
25886
82379
87158
97893
49455
23043
39464
44785
45974
43336
5872
72523
89755
19150
52897
31020
2470
79886
71096
98880
30488
41792
14645
98024
44892
61641
90849
35252
48236
44954
98028
50018
94533
80269
51367
6030
62630
99435
54201
60140
25121
96171
35817
36521
7229
21567
82264
34424
58855
39505
79041
98172
94374
76583
3202
33597
50236
67047
71861
27761
82855
36190
52247
14125
57846
93852
94557
45360
52121
71600
36740
30896
24714
50477
34568
37871
75618
63023
52783
6519
24418
78158
18596
41248
35994
49739
31199
25910
66370
34810
86998
78164
20573
84120
21868
19608
3772
83741
83892
88055
66732
97485
76463
86433
33118
18078
72370
89145
49530
85547
37902
66676
70889
12034
52307
55835
71172
6186
21903
59323
32487
38536
31466
21965
50905
37173
99303
73407
18079
38894
91343
36612
47748
6695
68481
34965
94028
39439
9352
17719
9194
4963
34055
25428
10804
87986
43018
48041
51245
76964
22548
2674
47772
61706
15259
26142
45146
1721
69378
44887
51471
78072
29419
45597
74905
34074
42306
76876
1156
65430
10542
65682
35315
68082
1592
69496
95318
92471
82186
18549
45433
4300
39550
25637
23784
97789
95506
153
16213
50584
35785
52349
37903
67329
39523
91040
2053
23375
69295
70955
24129
66497
27242
89089
3605
87066
25095
52829
39087
92371
9320
24799
66379
11309
77941
77262
5288
94449
3743
14519
3703
18589
48900
68772
64597
65274
335
31289
36641
69915
23363
75696
56109
49192
63859
11713
40627
46063
60173
67898
26762
60899
17553
70975
22840
31365
53493
61714
61797
9210
26934
74078
60049
16809
67811
89092
85083
40084
48185
84285
76207
67189
7034
27453
41801
10403
5421
11843
50091
44057
38015
16874
59872
68842
97067
22190
83691
73928
72481
6798
34396
95484
60539
34129
95761
6955
95739
81530
47502
989
53552
79911
68375
98735
24011
79738
96280
25794
11334
70021
86030
42422
29290
282
93151
30188
96682
28256
671
28623
73853
41759
41786
71513
85631
7847
66982
24037
58119
9343
67351
79278
74688
72387
99461
12738
34368
41313
62368
26657
80840
87211
63002
30220
2671
96220
62563
12490
52851
8603
64870
97648
95818
12044
49919
73994
14395
134
54204
76662
64364
3224
99472
32849
37286
5255
76003
27702
8318
61861
91586
15250
56754
87179
69599
49345
28592
18562
55320
27248
74632
73619
51886
12537
98186
51738
22965
49789
41531
22760
93419
20830
53323
73569
79269
31686
12601
43693
21661
40047
77813
85750
56323
22786
2278
60520
55481
60188
68203
14340
28038
81965
72443
8057
15044
55394
45234
46165
46944
46342
28561
29860
67046
65163
84740
81459
35322
64706
90610
4777
23759
39353
35118
4481
11579
17001
28127
99599
36707
84004
84196
7564
61051
39159
14336
86290
12431
40138
91422
48303
12461
62268
52101
77525
24236
84334
24612
47603
38895
24171
33687
45272
42692
75829
21487
88881
25322
28334
90072
78227
40342
51059
88108
96516
81038
86712
93125
50253
60094
52712
46710
12488
24915
37389
44757
6246
6615
34138
45260
63361
59091
73553
36673
56366
31661
34312
66788
84911
35208
52646
38386
61445
2680
29517
44628
98064
1536
1386
19535
4406
22929
66015
93347
6726
53059
10870
93933
96755
36151
83991
37282
31347
44590
27639
704
48563
28526
39406
18229
67091
7738
39091
81474
24852
57804
47917
18068
83817
66906
40000
32494
37022
65501
91492
94546
95873
99924
49179
11097
96647
81955
94468
53088
27420
30661
886
32391
858
41485
5053
37690
64660
24424
84293
76458
57486
19906
94667
11214
42143
51307
97390
40540
58218
16872
2329
46783
53770
46344
42451
26003
71252
2991
28444
8016
26632
15582
31394
63964
42163
85760
46441
77341
48314
64570
40055
593
47064
74582
35228
73018
3027
87909
26970
10568
50804
73465
96260
56913
37969
12253
9211
30307
44563
31908
9644
46320
14122
76474
46120
64295
93213
14769
47649
95111
71848
75840
85685
74848
22761
63541
44557
54209
79984
35381
36315
31733
7022
79688
8233
30231
50039
62782
94707
79012
37284
90023
84262
31330
85419
72378
79519
53388
71484
10611
77952
39238
23189
61522
84281
56547
77264
13053
49402
41448
60076
28708
36785
18260
56179
90546
76319
90148
71374
50059
97805
84643
83031
93313
91301
97190
5008
80266
71092
48273
94436
88779
12784
31607
44905
52775
49446
25110
42134
21490
29210
58663
92197
63217
11130
29467
86926
98385
96993
48023
35991
35828
96338
29456
11639
37409
13209
45329
48220
67904
5620
40331
61368
74301
5939
94176
89720
83388
45686
65409
93134
42519
36629
83571
68044
38872
94334
98569
4696
67873
7197
66954
56147
22339
86220
90901
88057
70206
92574
8804
3365
22796
5272
51277
49159
74320
76812
66722
2033
18408
45234
62328
85960
91833
46552
14295
83786
54607
61057
13334
84581
23897
88136
38013
28891
24713
45694
57354
50263
63131
72039
25371
57521
48581
76854
32659
25505
20755
18370
14833
27676
6329
69750
60799
78277
39181
35223
20774
13121
29869
9715
25160
12195
99759
46131
57604
38161
3677
48319
61319
1235
58386
43453
70332
28184
53312
79430
96395
29809
14084
39031
99893
37806
81214
48497
79006
6724
81771
51465
72622
70899
45123
96927
43076
43918
9738
33676
31434
12733
62268
13252
89463
58753
27475
12220
86580
73452
59523
80057
76242
12990
84148
92096
10510
77623
91505
92838
50076
15561
16019
92500
60216
31412
90081
59901
48293
34129
63943
89741
58889
10476
32129
93231
91088
55
93066
51207
18439
66
90607
73560
22267
69912
48378
31919
46647
54758
84530
44407
78267
95778
42723
35945
11281
8925
55730
76113
1900
1049
67568
13250
51028
61409
54492
58543
57864
82672
50579
17911
16121
29527
37709
41832
79885
79752
63552
82742
26116
83577
85837
76614
43202
8003
93466
26205
12355
40929
37708
5121
68449
96576
41987
54782
87838
48157
21048
53744
94305
9782
69841
68119
33288
83608
95609
17842
26712
20974
87644
10090
95984
40930
59602
30393
2630
34635
1955
47500
19636
89040
90082
44325
74787
73934
3084
99205
19805
5373
52004
77364
17089
25841
83324
43510
26662
28262
61588
3340
8771
98675
41992
26141
78972
93783
19935
28256
75371
28553
51183
73291
51129
63819
97835
99884
63770
82092
65147
54627
60247
86622
95670
45519
42032
88909
26130
45393
28561
52303
31800
25710
79543
25781
71337
76472
5216
66373
37242
168
54812
75622
47372
26729
40623
89283
7442
53699
78660
68729
44501
52664
50792
24402
37888
92097
73331
26631
13506
6540
61175
96031
84490
30112
71519
10915
85287
94051
76106
74982
54646
66132
74880
99220
16248
39253
60213
69533
68602
82100
76535
47072
39314
44055
66875
85731
35516
62306
59011
87775
67797
94058
78363
5034
70230
34072
27589
94780
96889
80504
32920
54304
77921
40841
54807
80951
43511
44982
49948
71488
42061
18495
44631
53082
33883
51373
36817
20949
50428
11669
49926
82952
36241
34780
92162
55406
51635
48308
20967
80486
83022
3134
70017
26101
23390
35077
68562
23199
84471
10123
80456
38889
72596
62473
35255
61087
56582
1543
57349
12707
58815
60881
12134
62176
17036
74708
32240
60373
85642
44440
7892
607
1881
45408
22270
48868
76072
47409
12633
78483
74166
73125
56893
99831
3013
27798
93250
50621
93258
55934
46923
69718
31588
29512
69521
58406
10354
88738
67728
42074
18660
45911
66398
76293
96134
76030
89434
63734
59797
39209
20910
42757
21751
80634
53608
37723
72976
19209
15034
22450
45944
10465
86083
73880
2082
88387
69113
2646
659
13517
59009
85985
31069
52194
72758
93181
94811
56076
36913
17351
571
73486
25396
35807
37933
43192
59948
36331
96488
51959
35003
79774
4229
42183
85983
89820
13833
36801
3010
1562
44464
69247
17724
21523
82663
71050
49217
46152
48974
65098
45129
18596
26221
40935
86762
97138
3167
82754
73375
86471
19642
24703
65557
1163
54112
2283
17824
22598
24182
66786
36409
65822
68580
55058
26911
82055
6842
50439
45553
58798
71316
73926
82064
43724
49004
21382
75580
9095
10004
72191
94419
63456
71588
33100
1589
41049
94646
71244
4633
37356
28440
3195
23514
34330
76260
85272
87643
55751
80962
47487
41706
94961
422
70723
94451
27915
27746
64149
39017
36036
93742
26452
87209
638
38199
22845
49786
37306
61044
92151
62834
43796
33768
92832
57582
77597
89493
64798
66166
1972
26560
76553
58457
5352
95241
84570
40679
99401
94700
45439
14213
27590
40948
27203
5891
7398
65106
71418
81622
41991
93867
42383
72662
66006
91592
7226
49227
63067
66400
23233
39908
22764
36910
10155
37519
60126
96714
31265
65119
21696
98252
33534
65088
17261
67628
61681
91634
24015
37186
19841
67418
19679
59867
45237
11817
48677
81747
5440
27130
51018
35430
80011
90191
62661
3803
49852
75590
66213
47061
59563
22535
67403
9732
105
55364
21472
82151
66935
25820
24564
94363
73539
20994
880
66665
81485
79895
5583
39275
78435
89791
45657
29995
78182
72367
77741
20188
59328
34727
5166
62790
73835
93813
87363
30782
39850
42587
19901
41392
61550
51143
69776
20570
36669
79103
17532
85562
51161
25216
67487
7811
52733
28947
61405
93284
16939
80040
72859
63469
90694
60457
11446
3185
24079
71360
44043
45914
16650
64226
60263
61981
83580
77666
97626
9199
22630
33383
85366
57493
77197
76550
61254
31468
49481
1570
14473
99087
60180
48473
47569
38575
1324
72258
74710
18141
52102
82534
71078
67996
66622
35779
1921
42484
56841
23670
36418
60347
84610
94412
52324
26639
56204
24105
19664
26301
26749
12346
8220
94203
17725
44001
37778
60133
17075
8641
12845
91947
77326
63729
90045
17735
51853
35409
88488
91121
75514
6357
82657
71165
11830
31032
74626
385
32819
99655
65879
13941
87561
47829
58456
39547
11197
51815
96015
26201
7400
85841
90255
55810
78883
33638
228
45700
43373
33036
93831
39424
11013
15782
76111
421
77527
63937
20453
56757
38537
83190
27461
98244
37591
99597
30911
88724
97827
71533
32801
48856
43629
24017
28638
14338
58161
63972
96044
57687
54483
5059
34130
75562
18773
17638
55386
33108
19762
96997
83327
44552
86783
45464
80627
60850
19545
46629
96056
18350
94251
14956
13785
31175
9804
77748
95703
98928
92895
49463
66124
22130
31946
82441
83967
35939
98597
87484
96722
18306
40163
48043
16879
97984
5599
40946
99348
50359
25365
50857
64982
39467
19727
64880
29017
50207
21734
65303
9429
60233
814
24021
16538
72912
82755
29432
72274
42242
20946
25584
12998
58381
34486
57264
32776
3752
3675
90341
56669
12576
8718
59357
91568
73597
54895
20985
52076
62951
15872
52233
8066
51727
29587
51956
68402
84941
50424
41353
58421
87408
85691
28326
60158
83581
20857
43194
45780
14518
14856
68126
95716
89369
23062
76554
27848
53221
93026
99615
66102
86914
97017
17037
95063
3907
96580
33127
77589
85852
13146
66978
18469
92829
74080
96137
70816
70564
72654
3752
23455
27894
16103
16723
59993
26400
28075
52631
33049
12781
20931
12020
21653
21879
70581
44206
51938
1208
88161
94905
76252
30232
40906
42061
36781
4943
96149
52106
41313
98054
7577
81853
77321
73552
87198
68127
68726
87200
84172
57735
61606
9255
807
1320
23608
48631
4727
57451
81660
62973
92528
5473
3895
88724
16690
96448
29953
51132
33711
17879
71208
94453
6162
25926
41747
19303
95584
99908
99967
40225
51359
4996
89223
30915
39923
78692
83758
73494
6532
8429
14446
97820
86592
35068
17729
33780
76919
7656
17991
24442
83129
70636
57677
38178
10430
7435
24078
56704
17190
12209
75624
20078
98047
95537
61010
24718
70284
73490
1426
37993
28484
25362
24289
3555
27358
70364
87311
61944
54475
36243
34346
75621
79910
44974
79109
77
21489
47732
13710
67446
76841
43255
44762
94128
27544
42428
36213
11167
95642
16745
37474
25808
61470
97769
12296
30964
65914
58529
31425
30889
59846
10714
42263
27823
93802
10885
98865
24144
75663
9842
53158
49025
65842
35262
6898
4993
65887
88263
13882
3406
9327
86362
56824
93064
46841
51673
86350
83940
75534
63176
62511
78942
72861
7720
52180
64067
60864
87783
64712
72199
49746
68097
56987
11235
60786
48803
34372
22255
3846
70903
65358
21358
98468
33959
38661
1604
90390
78531
51641
25357
49086
78631
36859
27465
44639
83179
57791
93767
25196
22070
66430
36235
84754
88392
27837
25751
78342
65844
98110
37479
93927
72983
1056
16209
74868
5458
85300
5507
90068
23085
46154
24506
59191
10197
47346
91800
15885
92572
55436
84045
17104
62653
43451
67185
81226
26302
1817
13411
36714
30650
20390
81474
20909
2859
13970
67094
75108
87348
23098
63148
17927
56513
76948
91163
60385
88890
84432
53868
18682
94665
90384
48415
66494
48143
22995
39356
72626
47436
41368
27451
31686
88790
46665
40222
13513
74303
67945
90856
83652
51539
73756
99837
35957
81129
838
27331
27714
56424
79245
51599
83232
17501
24877
23665
21898
9306
22157
75226
5318
10268
12601
65143
12821
82060
83578
7671
40370
96793
98926
93041
14920
62818
93510
57250
47405
47022
70866
39678
50532
98118
5072
7245
68880
1867
88938
34568
71162
43051
40868
37176
36929
31856
90321
12859
54140
88597
31429
75498
15883
54825
29649
95505
53283
63251
8344
21913
46869
28688
14037
2172
96529
4563
8285
61891
65457
41531
25634
45490
617
77531
60594
21665
25771
52837
68939
43680
4059
20592
27978
31509
69958
11714
97339
61946
85214
87779
17762
53818
92362
34368
40124
16477
88398
84291
8810
61542
37744
70603
1520
27686
94923
2992
13750
93333
60305
62853
75481
65291
79063
96689
94751
72146
75935
73968
54938
92467
38286
27200
72947
17600
28890
31294
58063
22057
73682
84463
25911
46494
80660
82335
75506
10816
51275
36503
97898
58419
19580
64823
13350
50806
86957
17148
84960
40797
17824
50236
56283
5262
44351
85843
54300
1519
9243
53168
75890
14863
28405
51952
19115
32780
73458
99377
90827
69197
79451
25282
80632
35663
36419
48700
24030
63642
51172
43928
28459
69457
96700
78602
47078
4931
91426
15523
84937
43170
47604
2257
59515
30034
65731
7903
76273
15853
44937
83744
39057
28552
56541
83288
88770
5967
21066
26508
64601
26177
22149
65843
65678
44631
92426
61210
49452
86771
86035
35484
20058
68264
53218
6660
68467
4532
51892
74493
20863
80743
45830
17815
21829
41504
73698
36813
88327
36661
6010
94984
22838
9877
95014
70658
60527
7686
62113
62958
15970
28201
55106
13230
40876
91700
94242
6923
86805
56006
39670
45768
93134
67778
6348
70949
98948
56603
41404
19732
52779
52718
35271
26687
90828
49854
2058
35976
50332
97313
88873
74078
9604
21195
76009
14282
8922
6459
90919
9395
3551
43270
10606
3051
61352
89261
13986
98149
93911
53141
55047
21798
62147
83071
46755
32602
79217
64670
34049
52667
56491
46134
68535
14360
60409
95770
88336
8169
10294
42864
92603
24901
65616
31260
42656
43286
48239
57005
30947
95477
87343
35423
20069
78569
84019
19463
80331
82542
93840
73954
17286
29163
89644
18866
62161
94517
79637
98035
31148
35641
74875
15717
23020
36811
8754
52813
86243
93026
81253
10545
53789
15803
91999
27935
58212
15661
12364
26542
81970
70838
50334
59033
14253
4599
61069
23736
17205
71294
53564
41533
75692
81543
71430
8803
49689
17070
47547
30543
48334
50608
36533
76570
21820
3287
54005
87250
45447
97379
76747
92076
33548
13964
79458
79464
98971
45768
71410
2748
97836
30879
16525
70825
36675
11002
24453
32673
72388
1759
49618
99839
24191
41077
8697
79388
79454
89891
22064
31003
15723
80723
67146
2795
93699
53444
21489
91743
41378
6666
35785
10547
86552
42314
53093
98961
63496
887
30125
85234
68466
97427
16120
97199
74797
52610
68181
45518
30798
61810
86656
18669
48067
16494
5360
71101
41886
60021
67488
23161
73468
98571
26409
72309
91959
1381
51064
5179
3490
22226
78577
59110
5741
46257
26588
70382
15964
21742
71737
72999
59575
98197
17396
98210
5088
88350
12831
18428
45875
21364
9743
58378
84980
13814
46488
25537
75275
98966
93573
72308
68554
32901
9375
6489
58612
94290
87481
78265
38346
12253
50105
29034
26230
43980
42432
78144
13887
86855
69088
7787
24294
20257
81275
43763
66539
61208
46723
88801
49521
40551
68215
78929
97151
36944
54296
48189
71245
59659
9975
13904
50947
70471
31106
45774
74740
53730
54173
8006
59283
73311
18152
71484
48524
79151
6546
36377
4199
17639
57332
51549
10135
63949
24641
63937
13543
46517
19995
31204
4698
83756
82502
63706
8853
2640
89114
78060
75290
57714
70545
66998
54694
60507
75930
96000
2196
25224
4103
5754
23789
62487
62931
88059
49489
22546
75120
77997
87964
54264
87368
7895
46201
93266
62798
23650
53899
86087
20434
32622
73735
58336
3586
7805
68464
28237
56422
74973
35298
20402
4328
43970
78811
72537
10667
88603
86266
13722
28168
60521
54184
78131
16036
34082
25826
82095
89254
47567
9964
72064
71106
91728
66174
4151
17139
18626
12900
97717
74569
47088
67049
92195
78461
92334
33409
77265
5998
39132
68188
97850
36520
56981
26026
32638
38124
36803
74684
42627
90035
18083
43446
38674
58995
7285
46335
25278
84137
7381
97923
22777
40467
1514
56701
84900
69065
41136
57447
61964
57578
88803
99360
36573
77784
62571
81407
32489
15574
34362
87018
39061
42427
37403
73094
14719
58773
37236
99126
91264
94393
53290
65261
2712
35882
70365
83161
52130
146
64385
5794
92044
40297
47803
91631
15123
92865
44910
38700
59818
1283
50800
82005
61680
80666
60251
10133
70246
73379
69049
1485
46591
3699
71407
18591
58241
85229
41819
20125
23219
21691
81245
59172
73988
83303
54424
68435
23237
94142
73830
72912
96441
57292
53339
15348
80670
63305
95565
15100
44381
19715
20479
62980
79607
58362
70717
73787
54591
1526
1208
3907
38167
90678
41257
40566
17638
87110
98181
19734
65054
91054
90059
46689
23758
39901
69381
83119
870
92273
23412
58633
47201
75887
78640
84038
15902
91679
72860
88791
25089
56784
58351
61484
72781
21449
5120
55092
39801
12472
40752
48233
43297
35809
99342
98446
72933
28490
64299
36727
98038
54658
17772
95076
23007
65606
13935
73527
46307
89969
46398
19515
78491
68427
9410
62300
96245
71111
72438
64330
79594
83570
1147
23191
55857
71407
36792
11890
40753
51302
68495
11274
9130
33529
96037
686
34148
76645
1117
23594
43136
79992
65924
79457
48796
91978
32787
67622
71301
4062
45779
24120
95794
67085
22234
96189
76660
39166
98871
56546
93330
66699
76719
5678
55682
52729
96744
55088
88912
95737
83531
84459
74132
66580
16234
8821
4079
16958
25344
95749
27261
55553
39099
89859
94271
71305
76003
73914
47171
48085
92183
14177
81657
75325
73386
14899
9809
63807
22255
52375
69761
27298
96514
77054
44800
21627
13498
46390
81727
70512
90664
68347
25442
48946
25748
37965
18937
82562
44795
14324
53245
10452
72269
62008
95298
97179
34786
13740
65813
49521
70131
65474
18988
46091
77835
72231
69325
1327
28333
44722
32149
54932
93075
28514
99300
2475
92437
33888
10048
56220
51477
52634
63359
77524
8047
33062
27614
13013
92399
76299
33461
183
1760
2059
13896
54014
10778
72311
2150
28567
30331
67537
16649
56692
4052
887
11340
22809
63336
29662
54608
19549
120
83512
60234
7720
62422
93709
31737
49247
19736
22019
98934
26341
92073
50337
55242
1163
72011
26682
44063
52348
16826
17105
96106
66059
2437
59046
7026
5979
95519
4979
74797
53475
93130
26721
83603
30871
48696
41495
65487
45664
72948
47631
18364
18505
47130
47278
28031
86256
29476
83946
31239
5317
7998
69083
42142
84656
12063
31293
23806
45539
77495
33847
50271
59175
44328
61583
91682
76256
21869
79589
73961
56892
48542
16932
25610
36581
88985
68669
76851
32498
40512
4714
53970
22531
55064
7951
72678
57701
70105
31316
18123
25498
60554
36141
95140
78373
98136
75006
57312
91778
53812
86365
56903
53273
32191
20214
9303
5191
2093
91970
95095
81241
29466
23847
49168
71380
82200
17727
94558
30106
80459
10583
89694
43403
51193
4185
63462
30665
61311
36069
29893
97270
96536
75624
59561
33868
5716
72093
9615
89143
59960
35059
57570
85501
79819
38365
10778
53494
9100
71923
41027
31861
33869
37738
94523
27436
12030
74858
48265
12732
76042
53211
1018
41777
73713
35737
52915
38019
95268
96714
60655
32069
5333
41594
80514
9022
17958
2105
50501
25634
38487
63590
15326
28037
25586
4115
66390
99297
15185
17849
56949
35257
51576
72845
48465
18003
33546
40634
55992
24885
69970
69568
20908
37446
58001
13304
23105
87776
61178
44981
61496
11189
53801
82039
64784
84460
72474
25660
69196
2040
72022
12073
32592
77330
79005
64733
21443
68588
12518
89388
66114
76056
39502
56950
27841
73723
94420
5335
52137
15838
85402
82693
1614
9401
24414
30958
21334
6658
66329
30761
10066
6436
65161
29581
23516
22190
8527
15485
73755
35734
18000
88789
29347
57063
81709
5158
66707
57422
92717
78338
77149
51954
66852
58269
99769
51492
2675
37922
80392
27969
17748
14213
74879
37627
44341
91513
70895
2556
62262
19630
85361
27050
53905
25192
46405
81468
94879
10564
48492
3430
80724
83679
47708
993
29434
9203
37825
51403
95892
7096
46975
41284
82333
34454
54684
46818
18032
62294
75882
32640
35127
39229
88409
35795
7796
57659
57469
7478
77922
50261
52861
48433
60784
62311
29350
48747
98982
35840
18342
53244
75121
65310
14469
35502
93141
81849
97765
35778
98425
70317
32738
89126
14573
93869
68272
67516
69643
67020
96620
40300
78509
39497
27122
1874
76317
13826
94577
79987
82918
77294
29325
41144
15896
10508
26917
32353
6258
96129
54895
96039
14283
26131
28646
42900
41322
68376
8117
80569
94806
8476
68081
73515
32408
76929
27119
4754
44339
32293
52787
25188
23179
96376
48605
34974
72690
45720
29854
15756
94065
9382
1544
4853
16517
31042
78293
34707
69686
52860
78684
58998
25362
89069
97319
72748
27592
89134
48314
36390
78217
95371
24605
96408
61126
1483
73499
61500
42496
7835
53408
80774
24697
89959
42621
24819
13180
16682
89131
6519
19297
53543
99702
5075
34273
77736
37270
30675
64155
70520
81895
24652
17578
97765
72299
62666
49306
74773
94869
62130
1654
42796
40565
90683
94478
42421
97959
47536
70425
95816
13268
75743
31834
58893
44268
13447
86262
39727
73406
33507
7204
57923
76967
66709
13666
14715
24902
29244
14207
82331
55007
21083
2068
34652
17664
2379
32819
88062
9469
76955
83497
13784
5827
67857
91136
60038
18982
20551
57622
42523
91083
73773
64403
47350
70745
84661
35488
59083
32524
62122
15002
55216
11408
34016
38000
70487
97332
67075
75967
94476
94819
29355
65507
7840
70868
29159
24509
71243
13337
4396
17187
54334
57152
59158
37207
13201
62655
47980
90476
71711
65742
51616
88127
79439
1228
31972
52560
8943
50403
7968
9752
7834
31520
38665
39715
94751
30984
93200
99474
66793
96122
73404
72756
45767
31212
84777
18149
92281
14623
88736
44054
22688
72286
3926
61485
41638
11208
79765
82602
19146
2110
94800
65852
33486
94756
95072
77423
4690
79221
12019
69089
33249
15781
50786
53388
88616
58459
65266
27229
55501
30734
77240
11345
47099
85912
19400
49699
693
43859
53364
16684
20779
71680
3443
79669
55528
57756
71804
74306
92772
24794
22343
64170
4795
62452
42294
20329
69145
45953
31154
71068
44834
82693
90940
35250
55272
15047
90313
77517
23942
45215
75799
36710
72513
41484
9389
70122
3950
84748
31559
7602
42620
89844
86845
97450
36179
28299
56467
61887
29459
4726
17017
26389
11433
17055
14249
55802
67857
3687
69113
25278
97127
1878
24570
91130
82490
16575
53265
16739
44970
11254
26108
43589
86410
39268
42946
51747
66966
59244
23957
77007
27138
94945
91926
19270
9673
9774
68327
91614
5748
39543
48311
83798
90974
82451
61822
91569
61808
32
4001
90391
2371
40190
81881
26514
71754
43975
84538
94725
68024
78256
48428
34650
98933
94707
30185
38356
34250
6246
24895
59466
74734
65528
89820
35484
91033
35328
7953
94566
82606
45278
92913
96784
5828
88178
71961
13900
49717
12447
97964
28662
7537
89255
56191
76769
22467
14106
91400
28962
12532
61482
77859
82201
37673
81495
47375
57548
31414
71707
55224
91657
93618
59945
94841
82341
77835
79130
94520
17511
5774
75757
46078
24485
80795
5774
98635
20187
26075
60751
59919
8047
33377
56344
22888
91925
1791
51290
26973
40736
31922
63709
24273
19338
2197
15933
40732
48467
47552
47890
32602
81485
30581
64061
87460
30458
98967
99688
36504
66999
61030
54033
52727
56522
64176
86352
22110
67994
53252
87513
106
50706
7079
82921
92615
22048
10759
62894
40431
71859
81245
70142
53629
5038
80540
70282
62602
58955
24658
35410
81611
15196
85941
3529
36706
72367
3656
44098
63144
63053
86451
6661
83690
20629
44922
33015
71558
33910
79180
13339
97574
99914
30559
69866
59720
53159
11939
32019
70828
35853
63789
44712
18203
86288
56834
60535
84767
59181
51507
13819
29744
20634
79007
98232
83968
42572
64995
13536
84653
96331
11604
7775
55245
74389
10749
32956
16176
70648
49003
36084
62215
94055
48240
14807
15258
28718
3835
78382
2287
77283
51095
39672
62990
3817
45145
27227
14582
64913
64240
41240
26405
82216
37248
84953
52434
1867
80342
75490
41812
2200
39786
32762
45097
19012
31928
73736
80027
74915
89358
11478
4920
7205
7750
22117
29771
27341
8914
69707
97168
4378
9595
40762
35188
13145
28933
56569
83656
92307
54462
71999
8444
45458
54936
92331
78902
3418
74394
57313
58210
7330
94165
60624
67411
95465
98451
95384
56217
34213
64516
9796
63850
40214
48003
22411
57717
41140
16782
56638
18315
457
73767
34259
69933
52901
70942
79284
15159
47288
15586
50512
23482
82858
85281
90343
57509
48620
98818
56331
42340
82064
61780
12773
24048
91959
27418
48365
29319
97857
93944
19107
21616
78617
13161
25777
11978
51523
91584
7906
64165
1794
56087
20976
2432
58884
66626
382
70358
53061
26722
83931
8391
30844
59653
12946
18650
40110
46165
53214
10571
21958
19815
20144
47527
64778
72100
91511
76284
19217
24181
30029
56444
59397
39912
38300
70902
25396
29861
68609
9556
34150
77773
94775
50453
48551
62149
86810
60737
49982
79158
31767
34809
76407
62888
10678
1623
42051
84385
38908
57878
89329
90959
37442
41742
60845
80867
9793
77800
98937
7798
69056
65588
75861
20591
65006
56665
90279
58963
44272
4449
26968
30821
37869
77349
41959
50150
53865
31145
80757
87781
60464
30971
32511
4940
69897
88374
60657
37235
3876
86775
21399
46453
70729
10133
58718
55603
85471
33789
74663
68469
68003
4252
87097
66075
72878
31839
67947
28470
3655
72940
39172
61884
3494
60420
31219
74071
68026
1293
14211
23800
65859
86717
25084
85539
11765
93431
65584
44830
30028
27927
51217
21295
68632
47482
33522
98864
80647
65082
11036
16072
38140
90238
88932
80829
80072
67242
78492
19892
93448
66433
5813
23892
81527
88747
92823
47760
77092
60125
21570
27228
22032
72028
24311
89129
20845
87943
20583
96489
27400
56787
28274
52498
65082
78227
54741
83342
8136
92569
61839
3393
63456
60063
18611
88966
40306
31338
14962
83654
40056
97674
97336
42098
62422
45627
28968
1232
2890
76472
80158
55696
5233
24745
3443
17695
58375
7970
47943
90173
56201
95753
68827
58940
68216
90168
31116
45258
33549
87906
55035
99999
41241
66985
12792
63626
79936
86897
96552
89395
60072
38265
5692
23569
63156
85516
58755
38442
64901
55022
30760
93845
10249
83649
69416
48722
34039
70240
36586
85600
41786
20230
66940
34586
70560
14792
31396
92224
19822
90426
2142
89033
23009
86101
22856
7005
63361
40590
96433
50447
14911
86583
14056
16139
78986
55284
44948
97249
25341
53885
8260
4631
29637
20780
27001
31688
4592
87829
12870
46770
86488
98859
94985
7554
50871
41352
17743
20424
80369
46553
78021
90840
69277
3132
73897
60621
40642
44342
76416
92000
21754
63445
56795
85549
7096
25022
94895
43741
93935
30073
2158
78441
85921
42885
77316
99538
9724
91411
24872
98777
78952
71442
36091
42656
18550
94006
26220
18219
84611
20872
53788
47807
4550
48260
8279
86060
41122
59536
96914
18030
66286
16022
78440
5624
78504
36784
58072
14561
37183
12572
30198
37256
34900
55207
58506
72333
22999
31825
40804
47301
16481
90426
94774
57025
70653
32365
36117
40227
60277
75465
27086
3618
97056
18358
50891
26432
84516
64358
90459
1632
79258
48208
17283
57966
49993
44481
61353
32450
20454
79743
19664
59332
77780
66091
49998
4224
42087
92734
56780
91607
63116
37550
85341
63128
25104
59273
12734
58510
86848
45240
29464
13404
94207
42954
41868
73979
10000
8696
32945
5858
84137
24616
451
59647
14966
29987
22273
36360
72011
75878
68088
5226
97374
39217
93086
10498
29435
88047
67045
40243
53862
80360
7936
36601
79050
68722
57881
40443
39701
39312
74897
34417
33546
21951
89010
60417
52941
37080
94471
92472
82590
87204
12474
90624
5853
68110
82311
75824
66140
64472
75920
9614
47806
82933
57933
87708
54070
80057
17603
4215
93049
28968
95525
85245
26850
56801
64264
16127
48990
73879
40690
94800
29546
16126
70301
2713
86112
79845
90038
38554
79059
60386
30262
29363
96428
11870
11780
52547
49145
10469
9315
15391
83602
31344
50687
42132
40995
70412
8032
64413
99865
25745
17240
97045
62880
63846
33810
44113
33022
73449
6254
45041
99709
10526
51331
96531
6725
80291
29673
18288
97383
77204
6010
54013
27873
43872
79910
58287
2906
8266
59464
98568
34560
55481
40195
21224
15506
48630
93055
81236
74387
9214
93020
17969
35770
72021
27167
67673
91051
43394
38004
45914
90765
94887
67657
26761
86299
19913
52631
28830
56417
82505
77425
87034
51029
35358
4915
95631
5327
2475
98842
5663
36090
13784
95317
62843
71670
6877
85233
17424
48708
59760
12533
93034
88825
68669
24322
37942
37193
43376
26449
40174
78410
56289
70255
43113
39100
57157
51002
19849
47713
54697
21613
11932
55524
45474
38481
71602
6425
56983
18242
26203
59252
11729
72396
53009
31798
91148
6185
53470
68933
97868
93787
13116
22889
77655
75558
89975
25599
39046
76586
89707
16775
44753
61727
89417
60458
12967
23447
47018
12935
63302
58779
65876
77763
2555
76838
62244
37620
17266
64022
45191
57321
99299
81054
11017
70800
60929
15658
39428
68915
36910
50967
79330
60868
14752
94191
7255
53455
48417
89370
30040
81593
20073
88482
20771
48712
65567
94142
6887
27125
9157
46711
91910
96664
71242
15666
5218
62453
13112
23875
47080
92951
16496
77623
48115
2159
35619
35968
55839
48858
22108
13710
32603
10473
44985
84295
99399
61530
91327
25004
30360
72149
42533
34578
62433
76645
52359
50911
80147
58481
48053
73307
41277
30800
81667
57992
81299
71115
17354
16170
8796
21130
29125
13907
79206
52788
24772
3798
37085
44633
6540
79544
76794
27885
55162
69369
9525
1722
42130
9173
25429
99547
81370
95728
92829
51308
65317
41517
97785
38161
6098
95403
96401
75525
8946
34757
61018
61607
23109
63368
85270
68036
2432
29979
10739
49417
75403
21548
16583
16815
45661
61859
9593
86404
22781
97296
43327
50435
20197
78191
96810
3123
27326
51232
34088
92342
57187
56206
62736
21957
99246
71902
7984
6657
66289
76462
36429
39935
30702
46907
45880
55718
15522
76473
74254
5365
83135
44815
19398
15643
69489
99510
51227
2955
53967
47192
22319
18958
80717
48518
95191
70299
1467
99941
65540
28347
43499
43103
70373
87349
61627
60800
93757
22583
77748
97139
41674
47298
31820
48944
76881
60441
4850
49781
86756
45516
241
46044
41085
26290
28680
64413
93031
66847
27263
60251
68982
79388
91090
16861
27055
94908
64139
3042
91676
87737
57615
7718
56056
26817
91785
31640
77553
30450
37355
47517
20022
14424
64204
17105
11511
68659
69865
84254
19300
38363
77427
56274
18888
13541
53284
73710
18362
1536
76783
4645
37008
46488
60705
95854
23655
39766
49678
78745
48630
28436
53993
4210
30826
60598
38128
46540
45744
71427
43483
31227
6301
11191
27372
78032
65095
41484
86631
48909
68553
12882
16623
9282
28045
89175
92391
30785
61663
95927
80395
68797
80831
27159
28861
2696
54622
26974
22834
95468
65028
75614
39198
58926
78179
24080
59868
82124
40000
50362
40106
48545
65767
14921
24957
11532
56485
90235
79402
44630
14824
77876
32140
26516
74616
85529
84961
38766
35514
89799
6413
8405
7222
65985
56138
42319
19982
55160
67443
4669
29077
26019
22744
9135
20033
87448
23158
47869
80709
7171
39228
67698
53196
47712
88833
69488
4568
79852
72919
23413
59079
96174
83139
16872
99836
53213
35939
68150
2521
58767
83246
15384
29267
30691
61694
41442
72945
81314
63180
81725
8674
35849
3629
66146
77633
5256
19689
42217
40179
91501
368
68818
59878
62097
60976
62727
15686
74141
75011
14038
60308
22884
83256
35731
10970
20086
2985
68695
30974
8820
56980
57912
51082
71818
75380
52758
67784
53726
83851
23775
49402
76359
70207
75299
87030
27747
18101
29276
74065
16591
37771
17977
90136
38561
64978
34230
38058
77232
14560
72673
38277
83359
34315
57946
22368
18909
80972
57581
29366
46288
71483
88088
44533
60403
5589
27603
90051
81330
68181
22149
17761
51930
27596
25728
13166
42511
8409
15799
41785
87589
81584
58266
2228
32925
41030
28535
59
80711
81637
99305
69161
10124
82472
59701
95882
88757
98563
34474
77686
24582
34180
55744
74904
34693
80559
52783
31519
55808
90464
86001
74609
39648
9834
53302
40318
10700
39510
44041
73634
47814
10925
2272
48876
11116
51933
18036
1163
10621
7147
19288
8126
39201
40598
28369
15749
90179
71099
50638
58826
15103
98931
16932
46707
92735
17342
13988
33251
83920
31354
40365
84685
97985
71755
16881
33631
94623
43103
89133
67996
85913
30472
5692
4535
37707
21888
96005
80770
93156
90857
41190
46484
98872
50916
68098
74277
24891
43758
46391
42006
99092
60835
7358
28249
7043
36893
735
59319
14704
68225
21438
65594
6307
45961
23171
47694
93968
13489
23502
92648
57042
76346
75711
9593
53045
97424
90373
62785
72038
14966
42801
99971
8733
27895
61263
7257
35288
91148
56349
86790
59591
71172
77546
15279
6090
30320
43122
83626
50193
92520
88412
39634
93877
96332
48485
85481
63099
96325
29535
10535
55953
48699
38120
40210
8995
22157
51352
86795
80188
25020
375
6778
45261
30224
82948
39
22278
72704
25646
11365
88128
89315
66469
65515
69677
61218
24415
86186
39442
40941
66904
28110
60568
38054
85600
59358
8805
53576
17099
50126
12879
80289
45317
7741
93064
25799
68242
23083
29542
83137
57715
30782
3694
26119
41943
2106
14719
42044
72485
18440
97552
49207
10838
45931
62125
87485
15038
33420
30687
18946
66868
5403
65750
55859
19422
55943
68065
82505
54981
93077
74018
18113
21896
92323
21931
21239
3764
85751
67396
58222
65178
41064
66518
30831
36012
47679
59584
71527
17602
20453
45915
92961
14387
47515
5361
76166
47701
97601
64509
21000
21374
21453
75321
58639
21443
72297
40626
494
12568
9145
38198
6677
28917
15964
84117
23699
27497
63949
31338
41146
75
45394
43804
93375
8714
11130
67438
74635
22682
51583
293
77568
1921
92284
60805
97363
27275
76505
19262
45945
94937
84586
40981
31479
96977
85844
11568
72094
37729
38209
94186
61467
48159
97753
67295
24966
19
86843
45269
21900
94689
77180
31390
13077
91220
58917
55878
73896
96932
21623
28352
58194
2158
19580
76010
26726
97235
40838
80007
6013
78835
11247
62195
96921
38258
48031
39964
82784
29330
69182
88122
98387
94012
15907
92823
84048
17758
17033
25098
97641
45746
67610
8659
88144
70451
93388
49966
12382
46388
25795
80808
69575
46227
85524
11689
50414
25814
89050
27447
3289
61762
72272
37453
52572
76617
71213
36984
76715
3576
46171
11074
39773
89992
61693
46351
52049
98886
9546
31617
79110
43636
77026
33667
53238
87572
51547
10654
68457
57236
50382
94846
42121
91708
61849
52428
40718
85912
47543
90906
17744
41180
91127
15706
92675
9468
64968
84224
85957
95681
4380
41036
29650
76001
863
71517
83420
57105
94090
98374
9352
21440
65722
40329
1139
12544
47853
84381
76609
78967
9097
86300
32970
19873
73628
74466
99831
14703
42470
44605
76522
99196
49467
14437
64334
3931
99758
30486
87511
25974
10730
73823
9235
10499
48249
4844
37021
69424
54753
73861
74970
63662
65248
8174
55845
83608
15036
86728
36872
41407
13385
27878
43880
26415
56937
57587
38883
44255
70997
85254
60365
95454
47978
89087
84517
87104
36131
4983
90525
48644
81848
10112
9068
55208
66044
80088
27829
64857
78711
74027
30219
67973
64566
68802
2051
34790
65119
87235
99865
96288
2578
30775
92169
20895
67637
92157
77456
54227
79012
90859
70810
4607
1992
95483
78425
89964
96040
59412
4698
45832
7507
42398
60840
96505
37049
9599
11872
52960
81530
9012
22438
57995
27989
44124
4032
90803
20413
43540
85172
27920
60693
36105
15222
33213
72800
24934
70625
4480
91500
37819
62302
50024
88975
28619
28557
25718
5403
77910
51168
40439
24426
63623
34385
41381
32138
53110
32039
78849
75975
82908
63513
28832
99393
3348
95000
68753
40610
47024
27387
31112
91648
85527
63507
94843
7907
88081
22354
85139
44590
97041
80317
45965
45208
14726
10124
77262
86324
10401
18867
67555
17568
62706
25300
91115
46218
70620
93737
84209
68010
90205
13673
79985
29841
78710
37192
55163
64183
11068
58876
56753
19441
76159
84255
1816
53189
23041
45683
7446
85458
68091
16332
80173
8488
65745
78426
27894
21968
52961
50561
33222
19306
81297
15934
47753
60414
50208
93384
60518
45654
38839
56317
56975
81812
18260
36071
50834
60711
75438
91697
8621
97629
77425
61184
42308
13033
10815
67426
40457
68440
69484
74752
57669
66364
65878
24131
51058
60024
9630
274
86467
30090
1806
20358
9750
40867
72927
98389
8783
8233
95636
52378
78942
93311
21076
10867
46699
65594
93697
41867
40952
7679
35785
61622
12960
26531
19327
35142
59908
44298
72148
8807
54439
69675
67319
35826
9711
43656
55637
35017
90845
58007
34494
80774
8554
96529
24336
43304
34325
84071
89928
75513
1592
96915
12447
80967
15256
46691
77058
49837
43334
26759
21394
16168
58223
19853
83678
48915
11564
72130
79800
294
21390
11238
58471
36677
11017
38801
26406
29719
32841
55685
50305
59475
11104
45247
76654
77829
29058
44472
41934
59323
84358
74652
85041
37968
18379
53545
73015
11730
81775
70565
70025
16753
70035
47568
93970
89052
38092
46553
50704
11403
20142
96727
30692
44930
9705
35885
68245
61665
55234
76687
39568
20387
76598
72714
9438
46061
70904
41216
53765
59027
19406
42083
94048
11226
62385
92655
36459
74136
30417
13803
15735
4931
51327
29689
94098
27848
65354
66159
53265
22392
7429
67333
44353
10929
28326
70969
80994
20143
97168
96537
84949
15819
43234
55313
18144
81466
35715
31975
13952
76940
38387
30851
86426
39037
58034
52470
47704
62408
54330
80578
95287
66201
16820
78851
77124
44485
73103
19591
55080
26271
38935
73197
25409
72811
14861
84601
35802
36029
50497
28164
7304
66743
93979
63278
2940
72524
49707
52275
32704
3956
9496
26940
99397
54792
37317
30089
32088
6499
80729
29835
83209
71418
43417
74257
13497
8545
51402
21932
77499
98944
19351
21430
5811
74179
94716
53495
50342
7800
30440
79122
96740
91265
39110
10397
49994
91337
1752
32794
29928
39535
39557
42579
11979
16620
30176
43125
80005
80779
87982
69421
46072
6048
64280
61216
69255
20772
47236
89989
20056
61561
23769
87863
28827
21358
87680
57512
81485
10387
14361
85997
60855
52292
97898
21551
62292
53277
81673
13674
28482
47697
55975
6188
76489
34278
48177
97295
25356
53756
8111
63880
16577
99892
20568
55094
29802
25480
61286
14305
95152
94155
17878
49595
50261
44559
14932
95043
55241
72887
71113
16903
32964
56752
49011
16259
93922
56070
70436
31031
59906
41512
98799
71193
79665
37858
18209
85500
53271
93023
37873
44973
86509
61550
88131
23074
98716
21057
49144
30093
75367
18987
90016
20604
39259
18892
58450
27971
91103
67016
72535
12896
77661
16338
92924
32500
72759
50145
85516
53461
8655
94701
34477
10335
19236
78498
1237
74947
11685
75603
42973
74625
58080
84839
63358
99331
28862
52716
1824
14681
78880
3333
99820
6558
52517
6352
50590
1862
61949
79428
5290
247
52041
47744
69789
95404
75839
58706
44846
43888
33755
95405
81265
59363
83830
95973
67391
59329
43722
31644
60047
48006
64241
34724
24645
79966
43864
46984
25162
56919
40953
22476
53838
7206
59335
23408
16003
1009
6513
18717
77547
53550
77073
31997
57175
59728
6150
12278
18399
58346
10053
66972
38343
69869
30609
1116
16328
66449
99247
70845
43778
22108
20794
31591
18008
20928
50848
67971
2695
9351
80255
65729
46619
79657
524
28873
15674
47801
85747
86040
90724
99206
63941
39152
49558
69313
31518
32708
66309
1765
61101
92633
17127
66895
19026
92670
36481
29340
67515
98436
15969
61266
43089
95899
12252
47123
52205
65750
88226
64575
84858
35629
92849
31894
34729
92939
57287
10919
85988
10403
79069
59410
6023
26954
23600
16380
41357
67919
67585
29672
47472
29846
8915
71326
82562
99545
99434
46395
51779
28339
71123
2646
87778
28866
85568
10400
46205
19213
32685
69673
79045
78702
79097
13332
39794
39449
5491
82116
72774
96983
78167
49192
16471
54008
62765
4175
81719
2529
38793
91036
94269
49876
97163
8983
72521
4361
44078
8075
88946
19139
56960
20551
70289
57361
23311
63647
1638
73009
60038
60883
14049
81010
29088
99192
67918
47962
15398
84030
69979
58506
75305
70042
48384
4481
49526
77189
55845
15727
59069
19795
92956
48779
49898
85985
70891
76660
39265
47198
33597
96178
11155
26426
15838
16511
14018
83181
24507
5990
33752
4996
12579
34135
15392
26526
26610
38026
90344
2114
47388
61796
65624
82167
34684
82227
42475
18359
60565
68556
33323
35290
16677
40031
41225
39585
74380
41983
93389
59733
33451
6512
16074
13127
75729
53798
54201
73329
64893
7062
4691
20877
1902
65173
89449
17278
97314
90272
77660
59835
44682
80713
18150
69490
76292
74048
76803
8891
73637
14916
37406
43738
10999
88697
820
47201
40174
26121
68783
15655
601
10183
16997
31630
44658
63557
79002
58127
87695
45621
3274
60970
82251
73575
72961
67839
92650
17586
17890
71711
61966
88273
44740
67478
76662
87131
55774
15891
69775
44142
11022
4222
45990
70143
78151
17045
77656
2966
6840
71043
13262
49762
31056
79575
35404
13192
11209
72337
65882
68717
46854
93509
97419
58279
25420
21377
77768
13402
43792
82232
3110
17225
33415
50167
11393
91680
97773
16677
12295
98075
18453
2072
25903
46456
23851
36335
30003
61755
68896
99695
82801
95264
98171
56663
41139
86205
3820
85510
28869
96031
48041
4136
63077
92161
72177
12032
47022
35813
9351
14363
11360
75658
98511
45343
42312
43014
9145
30462
6531
3403
20723
41923
98089
86846
88110
89997
65970
9039
94855
53005
59696
53823
81599
70089
3211
34777
92934
25112
22505
67935
49978
18114
11906
87433
99956
57154
41755
32274
76473
3679
77344
71008
53364
64344
35230
64421
82930
47633
73501
64457
99141
13149
62412
18868
14812
29297
66931
78661
32091
14026
84832
49631
72209
87702
64197
31025
90410
64546
67023
41069
6464
32390
50786
91810
38717
58839
58319
98395
13651
59451
55434
69269
64668
6390
75356
19079
75387
86071
78759
27113
37469
89783
68281
86844
13050
23538
8322
64469
519
22532
17609
36424
55129
35352
74413
75604
2986
26240
96981
38281
65125
78946
33960
30901
14
18941
21191
7158
1973
99204
24076
86105
58990
49764
94572
69682
7493
24944
69388
9629
78469
89758
35461
781
9098
48094
49278
65679
70846
56668
97061
85112
57954
53645
24262
53625
63890
6870
71093
47594
85479
46855
65967
15484
66179
31713
21335
84937
14534
55189
45892
51020
13488
35343
21574
86004
99352
32964
88178
97301
64164
60195
8043
28114
22005
59939
70425
32543
33301
5145
12811
67308
50900
49876
76302
70992
57448
14572
67541
26282
58209
55461
95111
11178
88313
45840
91118
23349
17412
43313
41305
34133
73993
3536
78486
38497
22126
77894
54874
58264
65480
16044
11251
93639
10390
29134
14085
4563
41726
6420
1148
11783
44998
72202
61864
59964
33991
89406
2627
63025
79851
2265
61543
93412
13673
6775
4081
26146
93298
89475
1582
65167
26542
3097
16122
64968
61280
37113
8079
62402
29979
31345
5901
90936
77301
93499
95797
59410
90672
47848
76049
77676
44477
99920
33436
87703
31199
94908
31949
66045
53356
30651
1475
39848
82019
22942
83421
71693
90020
55185
52015
87002
56565
4469
44414
85439
20079
80429
59931
51047
38302
36985
35298
2744
38058
14082
29490
52909
74062
53033
58451
99379
32652
99586
77076
44476
26838
30300
93918
26599
67788
44190
49990
4384
75517
65458
15616
42722
77340
86948
23106
71058
74806
89581
6963
48063
711
71957
67742
64410
95822
89903
4355
73286
7734
17759
79100
4607
67245
40147
41443
13580
51022
28149
60248
69148
18639
2744
36743
20815
71338
78483
48802
23071
29050
97048
705
73649
43694
89338
10826
37482
60575
8612
73240
20437
50316
28521
94338
54259
23702
59568
61454
301
5617
49918
90374
22774
78017
90398
89027
49367
55357
53120
79644
12660
71982
10578
43922
83454
81781
68299
94714
80872
6044
98185
21982
765
43369
71016
51832
75902
94256
47555
34232
47105
75843
49406
36825
72337
46752
96391
52875
41087
56819
95405
29314
67621
52634
48774
19537
18371
57812
62738
4697
84334
36849
64732
40344
56092
40744
70679
46347
53309
99908
83153
91321
30045
15291
10745
36791
3600
28936
79798
28995
89248
7416
70206
92367
62131
22500
21440
67755
25051
92692
94399
37797
51975
61548
28508
7368
68449
81301
26663
40818
9709
36145
17013
9070
66261
93516
34762
40158
56122
42502
80357
69082
67455
84913
58216
19978
45664
74
68239
65563
95692
54654
63967
40718
5267
90595
76597
31539
46248
45398
13789
13897
70146
75041
20809
18187
99896
20292
54533
58998
40905
32961
31630
31794
17323
41349
13102
77780
97216
6881
58890
51749
69663
29053
94087
33163
63710
13385
2703
95295
50314
30892
77142
91372
33268
75215
197
18836
16332
71895
84088
5004
89553
89327
97302
48443
8951
88491
51981
10418
42493
24400
65293
56044
53
59757
94493
66035
73052
49214
89760
95280
88648
42119
20538
83556
35524
73186
17119
61550
93405
48542
58
5730
77574
92702
36059
5136
4029
69863
83853
12460
79733
74558
69085
78276
42971
30858
90707
53624
21320
40853
29588
84714
97965
34250
64662
16493
35104
80390
76483
2770
80745
69988
60722
94486
15878
12012
64325
15580
61932
83166
46100
35691
34047
72615
2070
47501
9501
98403
40062
94426
359
90080
98296
46557
40977
80346
21058
58861
29520
84938
48307
49168
79844
7233
67162
43707
22949
42295
40872
53836
92056
72448
26726
94703
59894
7332
45884
62137
4652
28448
69
49130
6680
11486
74141
95473
10397
40756
81253
93503
6309
99760
99450
32723
5488
57747
62818
46402
82830
94521
82745
59846
95185
5685
14685
85263
24304
62032
37438
72170
71608
18990
31701
35997
80648
78041
82111
30762
94504
33660
52075
33417
42874
72541
33759
85197
78162
16328
72221
57071
41611
76363
50541
37551
11859
19376
65928
96675
77473
55361
39652
16200
41376
84918
79791
94824
43475
87979
62323
23418
82780
27978
25100
57545
57421
51189
97793
47769
11233
38996
64120
84049
14139
78263
14206
3207
2723
61852
364
59210
4105
35224
78048
11273
7949
54203
50763
29318
73675
60849
92139
5658
81161
18327
47007
61853
87873
46388
49155
69112
71498
83759
30665
95892
5165
77924
50375
79665
60485
80556
37499
6711
91870
38755
75496
81653
55995
19562
31942
36360
50390
65331
87028
90947
17437
16818
31058
68570
63155
4256
33966
45119
43555
34805
45438
97320
10079
81993
27784
50047
97629
50426
13338
44119
94458
50398
12365
57905
95759
90687
23890
37574
33098
49910
31048
74809
36471
73291
32821
57413
1001
80257
95814
26650
51338
57117
88155
14068
18551
65686
87710
43442
47680
96587
70877
97098
161
58559
8164
58628
49859
62555
18379
64236
34421
53425
58014
54773
66739
63889
36016
15881
16530
46298
17828
48294
56402
20206
20496
84993
6191
49618
81763
88480
60883
69719
42555
98447
4168
93741
57578
8642
97468
63755
57889
48245
43363
81054
6745
95592
3477
98700
80677
91128
64518
63469
91192
76358
30295
72221
95709
77657
11303
12528
17741
86975
28440
50792
94427
30543
96170
12039
66657
29606
87437
63703
45313
94106
49882
71516
16179
39695
84977
85554
36587
20889
20728
38500
97307
52539
83587
9173
29772
27327
84774
78037
71213
70025
87882
95668
14359
5525
48930
45555
82084
65551
95414
73097
24340
23351
65353
59869
53
30633
69677
32275
26609
96315
45840
30959
89192
28298
95299
63808
23882
18919
1011
99457
50626
42811
2129
88860
60034
75149
22936
48521
90618
13558
73139
66365
19970
74347
32796
64071
59821
7574
67458
70244
31317
14849
36819
41900
30141
54107
36060
64517
78513
27216
25571
179
53146
69302
74685
74520
67546
78005
31397
23831
41837
31532
13837
3539
53307
88842
59485
88382
15344
9714
39563
54642
61659
6504
26260
56370
73499
87220
68849
72451
30665
66375
22500
37977
96434
70894
73789
39322
10729
7147
50517
3431
33192
51445
77580
72252
89448
16759
59479
16436
48558
71092
92419
26770
86438
86205
4291
66026
19278
35634
14751
10493
65923
55185
55833
19043
9761
54327
80441
89098
16230
21358
56365
1750
19116
81524
84599
72791
47023
79282
3994
55732
1304
7638
43860
88042
97281
88304
10371
14636
89314
35555
74875
61356
62993
1918
51244
19314
9743
39176
71394
67509
18547
49948
88468
28702
72869
5608
222
64356
31801
96384
28728
9594
69822
17482
12907
28541
31032
74894
53658
5005
61509
49270
79788
63101
74237
35568
57816
85409
61494
98930
56049
57142
36295
65142
51794
74060
21596
67314
47190
39010
56827
69371
9445
56343
32027
9754
13664
57466
98706
86713
2791
7946
22836
24516
178
11658
18293
77876
76867
71027
42718
20429
36773
33357
59358
69124
47256
87734
39067
22504
29684
29481
44468
91534
60073
74889
22039
18930
4063
81635
37041
16904
39734
32556
19890
2174
53019
70013
75940
68735
72719
88964
22406
90906
23679
74762
72454
2810
90987
45312
38322
78256
57913
2279
3670
61912
76264
50051
75197
10301
4237
46303
58143
13227
91512
28827
58294
58746
53654
27702
24087
73015
78184
70648
71937
18504
44848
74902
10646
84888
63360
5708
80550
2154
35473
86959
40698
6394
59208
61287
88168
99098
86748
87616
56643
93664
72675
97657
53899
86950
81198
92572
79264
42405
41542
6747
43582
38941
49199
54405
51775
8989
81293
17760
83638
24809
68330
33044
34438
14447
47092
60442
25199
53688
79840
32132
20696
46917
65684
23227
35891
54975
64371
19536
90599
53263
87704
9070
35722
74160
95391
87027
1045
7303
78908
78140
88898
19300
17104
99456
95385
46757
5799
81358
87870
40307
77536
16847
59235
96560
56694
29437
29418
21735
73940
11502
47833
46483
5017
26711
37635
37278
35025
26948
48343
98389
86726
46748
57153
79920
78018
83988
31642
97498
49924
24462
47555
29494
17717
90112
29355
67601
44536
71233
53414
14044
60216
59676
69174
93845
61509
10080
45125
69961
53428
40037
57675
56066
45456
12431
29287
14984
52425
72008
11916
89275
55901
54637
5502
57912
18123
59101
22641
20406
31663
92924
35802
66345
28639
60436
31117
5553
25778
17986
48620
69052
73150
59861
37412
53676
35682
76701
36057
73806
31217
97630
87902
4692
13089
71136
88444
22167
18489
29439
43204
86602
92137
78521
82817
83855
37999
78265
5954
70840
78945
46610
58090
16323
92491
98554
37826
16953
98012
11076
57860
69288
91109
68827
14717
29162
67569
53758
97463
798
17607
43194
887
93154
31337
59401
56618
17304
95926
15994
11573
66892
68037
45306
11901
50544
47005
5573
75409
8859
25240
6159
15178
68155
58130
52537
50271
46528
26765
51074
78269
43618
59372
8640
87195
32830
63977
81471
63223
6452
39187
64912
64491
80177
15412
84246
30599
82851
8437
24249
97153
94803
68466
19293
56538
69068
22087
40109
26308
45458
40007
29701
71
99632
43503
29776
22187
73476
84823
57172
41756
15719
68260
69805
62233
48333
67377
25358
31986
55429
16645
12977
86806
16988
82261
32935
30096
62622
92504
58120
29536
84799
69451
7173
72105
26787
96605
84020
89483
86833
80249
81459
22355
81897
87152
73663
10489
86467
10960
74541
32260
31375
56638
51805
97825
2350
38970
66810
45428
15294
36378
95947
97859
75231
52405
59891
30508
39978
54936
22132
99501
64821
38396
40234
18769
21564
10621
37369
69608
33117
87358
61302
15310
42177
83462
34764
22754
38360
30276
99696
8971
88237
81187
21555
38614
93884
80909
10088
2609
68836
49831
34718
84773
48502
92562
55875
28338
93022
12202
40559
39476
35709
18149
8198
8404
91313
17591
25743
86017
37911
66050
76143
2378
97809
93919
7807
78595
28591
3542
69355
17353
72262
56609
42458
6927
26714
71417
30728
25021
45379
83344
22248
22886
45704
61113
88001
67219
63351
20684
81300
5083
45355
49270
12509
43398
21616
57316
17846
77785
64287
22556
74565
46281
50113
36381
72408
29382
85408
90765
42835
83871
39792
42929
10398
43634
11177
24230
51636
37245
43720
23383
88215
38621
38170
99571
67700
61345
52503
85374
96015
87531
33838
88794
70446
17988
68951
86851
83793
17549
72536
78266
87143
56191
53958
3888
41300
14733
79233
25054
49671
92190
60590
94320
61596
83020
26119
49667
42085
49489
62650
25329
50998
30403
45873
15489
65318
58909
26280
40660
99143
76550
75287
19466
18840
65688
23468
91311
92120
93819
66284
86293
96579
75082
89749
45246
12195
96944
42508
43521
8629
14402
27019
5563
3345
72317
627
63583
6256
73811
74160
14341
41957
8938
88491
21167
44120
70197
68559
26373
30827
62543
64322
8647
58971
77539
42245
61887
5993
51821
98525
4327
69622
94415
17760
85101
88454
62255
98606
6648
81945
28321
99746
82557
37323
81940
38094
61742
83578
7158
57302
17005
3303
82446
39557
45358
79393
10713
11977
4891
8946
16064
8382
97941
66139
28444
16594
76595
31602
82751
25843
17123
6455
62739
27306
6016
22683
87064
8053
35135
80931
88388
58571
35208
10673
52118
18002
54975
39715
48721
79308
7522
48072
34665
93229
74029
4621
79097
21065
63876
9091
26020
13224
85593
48528
98451
71020
8214
55268
9557
27867
57671
47554
5102
35069
75046
7557
1403
32631
20406
38424
18200
92326
26149
41714
69148
88122
30566
91919
46131
29121
66046
74530
74198
39391
71522
98798
55074
58105
87434
95796
32557
89375
8542
20692
55240
94089
25037
32387
99582
96505
33059
23483
58160
59178
42353
76814
4983
95478
72934
1050
60340
59859
19639
99638
26500
75111
43185
148
43458
22600
80706
17763
25560
47590
87760
53228
96601
84393
42227
38023
95924
55788
78936
11817
6046
1244
306
94
26106
54027
38045
40664
68901
61671
95046
39149
73057
38196
49203
75837
39317
56629
53313
11688
3691
95301
52930
35760
49378
22603
56858
43292
66717
51459
25295
69529
42397
84385
83138
57373
62966
98371
34046
13008
84793
13852
78915
17321
32683
62100
4760
39473
42444
13700
71794
13668
25843
92132
72806
86578
74467
28724
60957
18178
75835
12685
26462
78249
62601
69378
49733
46715
33991
34942
76939
29236
71305
51140
83089
78616
15473
37891
95739
57929
65255
86501
65499
92425
41196
55239
14392
91702
23727
66828
38747
69638
75122
14778
69385
56966
81580
78461
50571
60145
30111
92326
92201
43079
49817
5394
85960
88980
88149
75908
25528
86436
42929
96997
32894
79774
66489
72831
75283
44586
70125
33598
78839
57864
55134
19571
41419
41504
49175
26307
89751
88693
55560
8587
90041
38890
13801
33170
23341
56515
38767
56164
9194
9181
97673
52453
20014
74324
30705
57493
33710
84685
47835
80897
17233
66405
24572
50568
28882
12202
71088
85662
71260
35829
30864
50047
11709
24388
77541
47736
26063
60155
56158
23747
18616
39229
49995
64690
16378
16544
31863
10118
2904
79021
8692
26652
63832
51411
75115
44227
66775
13050
67809
99519
98897
66729
75686
76168
60176
16860
42176
57529
94051
60124
45305
38291
62915
2615
95274
65112
22857
69886
34299
97020
57749
34181
99144
57854
77304
86805
37895
53078
52045
24317
63698
6970
5017
33895
4098
14844
62412
5396
47698
66431
68176
2485
97796
44714
98746
8499
75976
98702
46896
39371
90724
94624
58880
87573
96828
42090
51949
38997
49310
79601
81629
31382
19209
14125
44846
79984
72902
3184
42241
71911
84245
90234
24082
78070
21197
17020
39202
48675
47413
20503
23965
61712
47542
25065
92560
39198
33104
7898
58365
13762
97149
15339
20434
95403
57097
8413
50456
97262
89442
50908
8600
74630
78528
40052
21262
27269
81799
71861
78037
38320
80741
62178
98575
19915
84378
19897
32862
50684
24362
39038
94562
69917
71666
79614
83288
25173
36825
94360
80832
63096
2338
57917
35416
79116
69033
87267
29886
4045
39970
68273
85831
89756
33317
29228
56626
89268
21308
40556
56589
74758
74688
72714
29638
92231
3944
23030
41755
90828
41460
55022
24221
73292
43372
76919
46999
5798
97899
42671
64848
98120
81400
65279
37428
38911
21820
43269
18346
38762
59414
85708
21551
635
86535
89366
73063
81628
85693
61206
10477
66383
63683
68332
67353
39420
55830
90167
27315
1823
79492
48138
31658
96209
90431
25412
5822
15040
65335
325
10513
19502
59980
58830
66234
29599
97187
93460
37659
49374
15574
73811
7972
31018
34847
11685
49028
94380
21980
66025
9066
72073
20497
22350
48119
41153
23748
30859
93021
56101
11028
74954
86046
29100
8871
63665
86723
58019
28296
90121
35530
95877
10012
27486
23520
15244
79263
14045
75715
40369
44013
30621
37953
32116
71363
63921
97339
2516
55072
44115
71148
88379
71891
44720
3842
2080
26615
32691
59922
93184
46137
34273
93785
75024
75505
85593
28154
98722
19330
85268
41175
25362
23006
99369
35746
68499
67474
96089
15354
68527
7261
98627
89226
96856
3446
18587
1297
95371
24597
53620
66177
32348
5837
97490
46376
72080
92905
20200
3068
9266
76233
29275
70574
54962
7456
9891
40837
48049
52227
55307
81052
18439
45775
55054
8771
42874
64748
97653
7860
64652
25421
99031
91404
6699
24640
46913
51119
54532
86888
52593
76325
74323
68135
95080
9019
95022
27186
88017
36271
85683
49114
69769
3275
28790
21687
25277
59183
83826
79953
12887
8142
30959
53903
66096
41418
25427
91470
74558
76646
58248
36556
40842
47567
23719
3241
6501
49440
40127
3396
94717
47190
20803
35430
56688
93236
39718
5584
42758
16200
22418
6849
36384
16606
4714
45359
85965
7011
92232
65318
3288
98850
24816
92028
12409
88842
23945
67789
17786
62384
64045
8667
81767
28913
42732
56893
3063
64522
42581
14687
60816
55841
3715
80535
85794
9250
46720
16209
65979
39226
55789
95308
2304
46161
71153
25761
73336
99628
70420
94962
37315
70147
27949
16589
92873
98188
15483
4129
66549
61378
95567
78271
33599
74771
25176
79533
92174
8056
32520
57744
64356
15515
13176
70869
83680
681
74722
2513
15876
53591
29669
88728
85073
21733
16686
82368
88370
93031
15304
3516
92003
35188
70969
7056
11071
59921
66272
36416
75848
87414
78935
87112
52762
5553
76833
95027
44673
15711
25569
80952
19309
96187
68882
55499
94779
26248
33191
7764
79710
24412
30132
88442
28955
65663
64800
27844
19396
46764
40774
35484
60327
40040
66019
33426
93043
87122
26634
15002
38391
70430
72419
72563
30077
48033
40918
16243
81148
7631
60423
31035
92583
26988
29312
69600
39512
40191
45918
60985
27438
38824
68860
47350
54599
72916
97671
33940
40328
85281
71754
99332
86052
15683
58790
60448
44572
87650
8125
76792
46988
72073
37141
64546
84654
70484
68092
33641
93862
77176
92280
18153
8410
84367
72623
72020
83746
64889
80519
75628
28785
85406
64351
6370
50845
46507
80073
34570
13048
13305
8129
27193
73071
39741
7951
68326
99898
94586
40567
37810
77625
31631
2258
91236
67855
20678
92158
54933
24342
23537
66405
2343
61544
49978
50107
29246
93827
36802
27629
70209
19016
19938
43503
58148
58164
89661
70117
60032
54853
74154
31513
96616
10206
84689
33887
3628
36790
22345
61195
35382
9221
12548
9114
5115
69652
47274
12086
44881
28659
66460
55425
21232
74934
94381
10294
29134
1649
55714
52577
97838
52949
84525
11458
57489
53500
13231
30883
98193
87225
85633
71231
78953
74878
10921
64194
16301
72561
72286
59668
18878
87364
61704
27681
91140
35171
86176
39604
69726
78154
86717
76781
22415
76855
33536
87328
26763
78713
11370
81260
44634
79959
49520
89480
12050
96052
45491
35953
29298
23636
34817
26280
43050
44962
23658
68762
73297
25406
62502
80175
43721
29619
90729
27249
48635
74971
87094
90901
76277
68252
63275
7602
34868
69465
59876
27489
11965
68757
27412
18559
27273
98247
52918
85261
22338
63178
488
3371
59863
8199
13824
50264
4578
73443
35734
18192
55471
85865
41407
33974
78563
21224
35389
61737
98992
30899
93650
77014
76783
22162
74685
63392
74705
89255
53420
41548
60245
70895
90058
83026
92513
14361
13185
42059
84384
44144
95681
20027
801
13637
89599
85419
88103
85961
18752
67141
83884
76120
58227
96543
68912
27876
85807
88796
38335
52760
45105
84614
37408
3071
22768
9029
30441
53252
14224
232
56383
86845
36379
26573
33552
80389
73785
52318
45055
15831
24400
65641
60390
95455
9145
95603
93774
39704
10374
15244
99748
17163
72611
87193
45258
75666
33241
11211
80900
55445
47070
50769
95419
40650
79424
86138
98942
46747
58617
23908
71212
11796
5724
99275
85860
83565
14138
66193
40124
6691
18118
54576
46853
11576
71690
34724
10602
6785
4315
62452
20040
65667
21048
22685
59167
51029
92347
22237
35033
41040
16128
4600
5605
14742
27497
6614
79790
12543
62483
67363
47916
52608
42364
93227
41947
54059
80154
36861
21422
1897
31869
16285
68939
3575
17672
63138
29665
39081
68119
48870
97693
23908
22662
53188
13700
63668
73357
33626
60142
64699
28878
92845
22630
46067
53892
79208
41899
85269
6859
94530
41035
50834
38717
22693
36183
7647
39463
51683
32385
69022
25210
21803
5721
55600
91143
5718
10536
35376
70679
88570
88816
59099
29662
95184
52616
21656
73303
93820
64827
33093
12308
34531
69129
80525
62403
53462
44742
35201
68226
56066
4372
31755
27829
39822
33309
29701
71880
80027
79706
2566
10568
57513
95936
51001
73834
85458
16386
33544
19894
27715
36937
60156
76564
62490
97753
48290
60452
16273
87269
61514
69908
97548
90343
30176
67693
75933
44167
31091
98425
25802
49433
20318
66983
94006
65944
28068
62718
93590
70364
36554
8108
68552
38807
57406
7706
62084
20154
94582
93170
24568
17757
69654
14635
83409
85611
89617
95475
82921
49981
16933
26566
91064
97491
44826
86975
77027
1448
15023
43316
93252
99275
97979
59950
31804
45677
20815
19851
93999
87154
60669
85447
52761
42623
41090
42189
55497
35234
76626
56975
60451
78523
89497
66916
33540
85717
21651
32200
53346
78965
52649
42214
48517
1959
98796
27491
63115
81179
56961
93594
18221
69734
20725
5988
93644
23075
41310
47876
5502
10379
20061
10673
95567
49300
75444
79239
41928
26444
12785
96253
73372
38772
66062
31693
70626
34253
66100
39797
2919
55793
97759
63466
1295
93861
13196
47101
39755
2168
54364
18917
10451
76811
94230
98047
4866
48817
74252
16132
55618
97033
53559
9957
17869
33410
64130
98677
22127
90855
50632
99386
64637
71762
17310
48228
39860
19029
14761
3169
63497
45202
92866
26870
38680
99843
9985
43376
72665
89021
34792
89852
81879
3015
8045
67934
28626
69111
92693
10951
18301
92618
62348
91673
74225
23828
30215
59056
96959
28941
22719
35860
97284
93435
11760
92233
73466
97583
84378
61423
80438
52122
11817
14553
66784
77319
26130
63907
53556
95427
79108
19396
92094
69957
19614
44196
11329
24963
66664
82215
31100
67935
56694
5304
65680
61504
32410
7665
28149
14769
49253
99686
98388
73775
26198
25274
14727
33092
59116
56224
68653
66607
19226
34026
16204
16533
12393
18295
65233
75606
75352
90742
60441
93175
48078
21400
26200
11629
97495
67672
93017
58377
81143
17854
911
64823
80653
26292
20287
50247
18906
27672
84684
65994
22007
56271
83478
46821
3487
42543
86930
75098
87680
83698
79460
60617
6768
93921
34300
56882
68765
462
58032
30113
72682
58216
89702
45592
41299
31956
92345
29345
94201
40771
39463
70127
19641
50791
83696
36720
91194
63024
46333
97292
36884
90164
33921
15403
85084
31695
41898
48981
36237
88451
25996
6116
84835
61621
56599
99921
55994
88945
21822
16415
25272
77749
48488
16831
7794
74455
56800
17479
2436
86560
49476
80836
38322
22704
39644
4028
80911
65392
20005
63251
53581
75941
56396
21348
54821
24984
99455
45252
79150
76203
10392
37942
1669
4574
43996
86033
53827
73998
80280
39009
24195
46308
37671
84799
18003
17425
19722
90404
45446
52038
57786
47624
58000
29654
19492
4905
29745
3925
22642
6480
55841
71562
97582
90986
93053
57520
56387
66378
78428
78184
71007
93656
62953
54841
41569
57121
20917
77862
54723
43856
30210
16634
60024
43051
63179
94665
59604
8441
39191
4773
77869
71351
67866
4753
42138
6581
73177
91105
3031
82819
41892
35925
76471
6603
50774
15116
81484
83553
20899
56688
28410
89966
37694
16536
17728
12780
95543
37168
67378
26357
67739
18631
20061
94445
21896
32215
70766
54828
21918
13310
70681
64352
99785
66589
44227
50255
14269
75588
9351
35746
89692
36784
63819
11714
31074
31280
85898
1897
56985
91414
35909
5280
47184
8674
60926
47537
42822
41470
69184
43641
96699
39512
7287
57375
17416
29050
25195
21067
84850
83353
43277
55193
6937
29737
53168
90425
39033
42648
45567
38148
55322
23320
85230
44653
88324
60351
36281
9947
96820
90497
38462
42594
4700
51809
19557
71921
88625
21834
84921
38054
71243
79403
67227
60265
74055
86114
91145
47085
61888
27401
88525
14564
53945
56963
3724
34208
67637
24283
55104
10724
23056
47444
92414
862
66427
78110
34457
38058
19230
27497
62885
98494
38863
49599
96613
13666
18253
59476
14930
26235
5866
54448
77207
26227
68633
57980
18141
85319
79324
41594
42362
50841
25570
25907
8978
38720
51665
3773
49714
92783
93196
66084
82042
77272
41809
47774
24010
6311
30950
85506
95378
40389
63951
37403
19014
27566
21126
11661
55258
62
46812
5260
48516
70723
16527
97301
65270
52493
7335
9001
33789
91010
30811
88962
47835
1378
86289
23516
7452
5791
2463
22889
89435
1275
30394
23876
74407
58599
39624
77931
50587
88025
58362
21466
36909
7283
48528
43279
78242
23900
46055
95448
34507
48880
7094
12851
63758
56483
65086
539
67192
92837
33335
85461
29106
1544
94149
53686
41316
75662
2589
60043
14637
6676
43103
19986
82506
60353
84409
48782
53575
40320
17755
17523
37723
66956
20346
21592
41171
41805
50732
92542
21763
33969
89807
37756
63903
69551
29798
92598
53322
28992
87687
89319
43502
36551
45661
59750
82835
54333
38994
81640
67081
83950
72806
10860
90036
20712
793
83978
11350
41801
93783
13107
81905
61195
32758
39349
22733
17105
78649
99226
27802
28410
95701
43448
53343
46846
36502
49149
38122
54210
96270
50650
13714
46349
51472
24012
59236
96937
52736
64943
81835
3270
794
45961
95400
31060
17894
83981
68400
54612
96632
48388
45619
38114
31624
76113
19702
33216
5267
35543
66966
50319
88146
20629
52779
7869
16405
44602
65565
9882
7688
33378
10755
91756
16965
54304
2386
37074
5367
32087
10384
3643
43697
19446
84523
78220
85305
73702
40213
27825
58403
87137
11375
4215
47580
42839
65528
73234
43857
39528
56230
18834
12757
87101
59487
2090
67260
39058
88016
84990
55893
93160
5418
78536
66814
79314
92133
37464
80102
18806
47703
5310
64530
56770
93621
55094
9049
77720
13292
76553
70858
8902
13308
45141
94720
29528
51105
10719
91532
98043
19204
58656
30384
83148
49578
79223
27349
44764
84394
27305
4537
44801
52436
92239
41951
85223
89238
38719
29187
7039
41887
52394
11510
5708
80584
24141
95677
48817
59868
55460
98693
95594
90370
99406
34236
42563
18980
41759
99449
2676
98852
84782
17567
43064
19466
42219
17797
68132
20396
48877
91086
22238
76667
19459
63767
38609
69312
38539
10025
49005
90163
5332
8381
52032
78416
66669
15225
95700
47632
37188
86887
20910
22426
14846
93260
51492
14535
96277
16576
7279
21855
48454
72285
70721
92527
88804
69743
61569
45526
21238
79218
74528
22886
18439
19282
67675
80158
71691
4513
36192
58234
24238
39770
91847
85060
50403
26646
37793
50818
79700
38280
89171
62681
78221
50632
40805
65589
11204
34868
89346
22828
26300
51154
49473
28513
87071
52614
92295
76095
98671
25865
40575
82711
29105
18093
21179
74664
29451
29288
60164
10228
50588
23041
84815
52927
87087
38199
55114
2480
32542
93261
66106
70950
72004
23993
56206
74850
52713
34881
26012
43662
16339
60972
19791
898
65528
43644
48126
99180
86385
49946
90185
11016
75358
4294
76346
81289
60291
44523
57650
28164
11663
88825
79332
78026
87808
81577
33419
26319
76863
11555
17508
25442
88623
80525
84082
86629
14141
95291
25906
3182
78535
77704
83791
82572
5437
65817
64024
18148
63289
88263
70554
82694
47193
50439
39119
42812
5045
1189
7118
92912
57254
32344
77707
96098
63346
52309
61320
80954
1758
31506
39222
54077
96207
21835
27269
38079
78107
77813
51807
76895
79929
1728
58388
35282
78468
47824
96099
95421
98827
83228
89026
67567
51705
60192
19744
33841
30218
39746
83759
5846
42431
21565
88022
19163
1896
62799
66505
5933
77826
86190
9008
43448
33452
53626
50098
1162
36024
20552
75688
13679
41189
59560
26721
51257
41593
12072
16864
9552
96025
50384
34130
6850
26400
25866
40964
1098
31198
17595
41986
19425
6894
13530
15445
72471
23558
86871
3480
37255
6219
55934
72437
64769
23502
13738
13364
69702
238
8256
44750
14397
91221
32877
11775
83983
82677
19390
67800
1237
98931
76963
43263
28888
11034
22444
74663
40283
54763
4495
60826
69128
25670
39014
81633
43834
37781
93266
11049
28028
48132
60056
15471
47445
33436
27907
71974
50539
49940
44019
77336
82252
64318
50589
61376
96003
44394
26199
57239
97500
52314
34777
82703
20857
71273
65005
81124
20011
56403
76776
23477
56903
7361
48406
96218
35046
51887
33979
26768
2942
32538
27708
21300
42501
38193
77682
74262
32826
93633
24358
66517
16721
55869
84957
70793
19540
91613
57200
12667
76080
7247
98049
77571
85250
24322
86262
56482
6073
37351
33762
64203
78381
6232
32816
99391
48669
59979
18509
92479
69157
92795
3812
52437
79170
57805
26104
3883
41230
17114
50300
72132
18007
87078
56626
97093
42175
89258
61929
61634
56237
42578
82497
75906
75288
4685
30135
55678
29475
13084
87811
28272
97941
52405
27844
85954
12554
98361
23047
2294
49816
59074
53118
75557
12721
64654
49483
38201
39788
63027
98414
71502
13280
55965
35532
73851
56690
63024
2509
8112
82122
11637
540
59985
44634
35763
71987
48058
90397
3764
27889
42555
21374
20631
27721
53191
54058
92116
92911
44149
17195
64399
20360
54725
84104
93417
18842
81222
85343
49941
29428
9614
90187
23830
72117
50654
16660
69247
32080
66109
23596
55641
19299
96682
19545
55281
74432
27045
82072
62796
86789
61331
5133
42214
49686
94183
64091
86575
42907
91570
75703
96092
90774
37798
93685
62052
81360
35179
11920
12648
33986
68429
77102
38862
5874
40477
27075
49335
38751
25851
72688
67264
20301
57413
53709
32541
48601
21334
20840
76281
45251
97231
37817
18401
60390
60352
29369
10408
4837
8962
28258
9271
95633
40464
41817
75793
73990
22987
81476
9893
25886
88555
95059
58929
29113
90950
92013
58063
74649
47638
41587
80189
95898
4929
47384
68471
74524
89641
67021
27576
54350
73431
72425
26965
98794
72292
85540
41600
15512
50687
8645
24346
56652
40799
60248
12032
73285
14224
73088
28955
57303
10768
62113
39840
86137
28271
30043
57433
72427
65598
12042
91997
41695
48539
93754
45446
55291
17795
20133
92246
39072
64542
1340
64676
2536
81473
69798
25499
94285
17638
96417
70830
81073
69301
92318
86271
7132
97855
6822
69291
6943
96027
7369
93133
17905
79242
70075
57649
74149
229
95343
78843
37066
80500
32506
91459
49364
39588
63735
69393
38320
18547
11470
38907
88483
31637
14752
36844
86604
45510
60225
84796
26150
67867
5038
17629
23490
24829
58559
22924
86090
16151
78301
13223
15279
39279
56692
7718
14447
96618
16725
10885
5873
7905
77795
57126
59745
73577
95367
65673
15645
82981
69743
97666
1941
69512
95262
44009
18068
93136
46012
89064
74919
13959
20460
4726
82329
46691
49654
31702
28204
71005
60751
64822
33118
32479
78298
41232
89283
19822
71078
37362
53458
85608
58074
69875
22304
67173
29667
99670
32954
51881
29866
61077
8983
85507
64764
61863
29081
93761
4887
77526
51241
22738
68359
57639
77797
33084
85337
86978
87947
36993
25388
64341
57620
52992
25759
75645
81935
68691
29049
88542
50270
98484
95798
61396
90910
9415
55288
29919
35623
83648
1046
14381
83123
73682
40658
46487
18946
15162
77806
53751
52783
69937
91221
52050
14205
66083
10168
1136
42413
33483
30269
95698
68542
1347
16326
919
98281
26096
93083
58662
39228
50384
78304
67766
19354
75968
59118
72562
37617
19150
27813
57486
27576
67526
15345
83822
5498
56191
25667
46467
75455
23351
34944
14614
60659
25669
36207
83102
89753
63886
29780
43321
22589
49727
66559
80040
20494
68465
64952
13571
72078
49525
93677
62697
71415
56344
20420
20069
21383
48462
5184
41730
20364
76782
76828
19475
67668
70483
39321
44350
46411
53338
71800
17063
60605
49622
66903
91913
27363
37656
49420
77263
10045
95404
85345
61650
75374
45891
61268
1533
73757
18803
90184
71397
56751
89891
3561
98538
66094
51196
18113
29827
77246
57734
92922
94865
62312
3805
66035
79885
46956
18930
18492
18918
99518
29282
96511
52162
4895
88030
48350
1975
63254
87078
91367
91233
57174
63189
6796
5985
70282
94970
36427
33766
8067
93900
16158
71734
55211
33743
74540
12898
46629
11090
48090
25022
40344
46547
67158
15894
45820
86265
27494
60446
84097
37775
71363
86438
83173
18608
86290
30152
24667
27626
31116
82342
67601
52520
53137
95362
3379
8467
67921
92948
58053
44115
97159
39564
28999
4055
73683
5827
28094
52389
79739
16146
21959
23200
64683
19405
39364
91121
68856
26460
37940
54946
39865
46911
51277
6264
41901
15198
84683
31193
72600
8234
38617
60964
52207
79949
84101
75049
93034
77970
91579
53132
21463
4787
47706
54620
22292
46634
70840
43699
42366
11489
22021
52997
59161
96435
24496
14576
6300
59818
4997
60176
32903
25154
3058
51380
82365
50650
50214
47385
28353
48308
64857
71032
63886
26204
74995
87101
43426
14957
9201
30560
22659
14069
90642
82018
83919
23271
49815
63650
85306
15376
2116
13642
31154
54570
79518
40920
1765
36498
53379
39983
38440
226
1978
62162
39647
18340
40462
48401
26749
54949
17992
62281
80447
58972
53455
2648
90416
16419
21656
45463
16300
97459
1593
90017
7906
4152
73910
15624
39069
22952
50875
62351
77031
33989
98626
43029
52223
55344
8163
2531
85405
72478
59482
59121
91571
40157
76054
83085
18754
99955
65652
75621
97299
12536
10566
58244
49596
37279
40190
55614
33542
76857
86877
59624
94953
95081
94990
90009
86294
26540
831
41070
41735
51825
79632
83776
28600
84402
75137
67281
56620
96407
68682
4719
18739
53652
61989
95980
5898
36138
74651
97542
60586
71524
37171
35365
85268
51756
69806
36600
19750
67082
52914
60422
92461
71887
43084
58577
66718
51644
89177
41862
88013
86258
96959
17114
64329
68637
16698
70112
77533
25809
60500
98591
17169
11578
56547
12642
94500
21825
67448
36760
46682
99068
66397
56994
42344
6734
51488
47433
475
60705
73221
54785
35384
78085
99747
39384
43742
74936
51024
28600
11031
15701
20002
86426
44285
49196
37651
4814
89228
1013
22997
42865
83045
20724
24650
16640
56460
42986
34195
3929
31766
58261
20979
28192
28961
94316
45644
84782
17779
4681
88251
91295
32172
65489
91065
11793
67263
97631
32092
76838
94853
38113
23296
47200
74306
79018
54954
37945
60700
23357
79990
17860
86272
53488
87754
55644
86107
13034
98794
55535
96212
72080
8738
71134
65986
98586
73354
70557
48335
66353
75780
68908
22981
99997
16658
94590
91446
32930
93307
97277
28572
10466
19704
12756
48365
23971
59354
53936
55962
59336
34795
52230
89035
59153
34115
9943
4127
61959
86259
69314
17257
88529
23530
24575
46703
20392
49934
83573
98531
94559
2778
62170
16853
98697
64039
45943
72038
34642
43256
12246
86638
48083
1338
79199
58761
65158
50812
38527
44463
70131
59417
79830
82703
2999
15811
74058
30485
42964
11227
6525
29227
90971
94813
76229
1460
33022
23258
1776
87295
69137
36549
69345
17448
16701
50973
82093
21217
95868
39094
72675
14157
49237
84689
22050
84380
82499
54912
76042
51438
93662
87817
18401
85059
98685
92502
67232
18155
98466
58581
37636
90622
83697
55061
10478
1859
9101
72553
50303
25703
43683
69795
99855
37464
64940
42241
23405
92836
978
52597
13067
97482
30520
53925
50818
34254
29021
88391
67017
63751
90139
35703
32367
9472
49518
71338
7361
93475
5873
29270
16344
18902
81736
92256
41005
26636
3790
45827
1562
47363
62722
2040
95960
3447
25103
9910
6906
63348
91980
35892
55597
92748
422
13380
47239
21748
12399
82930
29536
92068
82944
13208
54187
2486
47368
67663
73961
52881
94965
57354
52254
43024
43640
36897
10969
40488
66499
9749
9274
56859
66664
20518
90140
32297
83757
19905
47301
43060
87471
86418
78277
85546
29129
97987
81074
12365
94104
40238
6146
30700
90088
75083
64291
19467
78075
70454
59710
1431
63338
28839
13014
85405
29287
85668
22394
22678
99818
3407
17863
92854
54939
58360
36643
51652
54391
52476
5530
87250
94620
52504
54026
88668
31825
66125
78492
56995
97446
10742
24785
93545
46354
71958
75551
56163
89807
62770
87983
75237
38857
2632
89856
23171
17145
42170
80647
14912
19746
88417
32024
98706
96809
34908
57065
21616
56648
49238
22750
77394
41043
42690
91146
12926
85690
15542
71811
69182
22621
70739
60181
71562
28778
1754
97560
24038
50813
38384
22204
54679
77302
2216
74592
338
7376
29448
75921
76802
52009
34362
41592
23702
83578
44266
64034
60402
30875
5144
69762
95623
97443
72978
63028
86249
31745
42975
41480
47769
74932
111
39931
16509
81576
94497
84023
85463
16292
88534
19233
58990
70086
22046
4213
56274
59304
79052
95683
22327
13493
86274
82240
85563
96922
13760
91155
27115
51373
94834
64594
46171
28814
68879
50165
2283
55909
42549
80026
96670
8804
11010
23576
7238
57743
97924
43053
35805
94073
91188
7829
43382
3916
471
12244
33188
81621
79048
30947
36780
68048
84894
8815
57401
6424
17538
41283
38098
14384
95705
42959
52259
85417
63015
55092
61996
39359
32569
49745
46316
98048
18656
42666
6215
20837
90326
56492
88948
72398
79685
75217
36008
71345
40727
7568
94244
57378
63410
98579
51697
39053
15408
8219
92804
54291
52537
73661
8379
57898
61830
36500
46504
42294
96338
62351
38158
63242
55375
557
66155
12359
52755
58040
6274
63
84213
96328
18666
81255
45356
12914
33100
84858
70051
49899
62177
5812
71424
45165
81269
9949
97878
98580
60970
47256
3789
73621
55999
58225
95097
16979
75669
95917
45946
55689
71777
67364
3989
31486
39618
4535
3831
69663
82670
90237
30120
94159
79136
82200
56646
65029
3677
78435
63864
17079
50258
85541
44963
20539
74459
39854
2036
30207
66963
68537
43736
2477
10753
29215
45071
33156
48655
9045
43533
52268
75690
45730
25278
85058
18486
97192
90274
64373
18303
58033
59907
44701
91536
63250
75353
25951
71810
49129
45647
52933
74947
55044
64523
28465
44612
88009
46289
78453
89615
68056
17792
97871
42017
13143
75718
86573
15154
95278
11480
22945
19225
52198
80379
11501
28685
40372
64112
70790
21106
83503
12463
84497
28427
28565
41572
39972
43150
97416
30816
85394
96096
57540
80803
10374
67029
21114
39996
51464
51947
37088
89352
27558
51413
47013
26517
78448
20410
64464
80354
75210
89311
15416
82071
47498
72472
13393
57687
20760
39393
73094
89469
61287
44688
63983
95417
24419
55916
699
43942
73520
29837
43983
13801
26492
49147
42858
52784
59080
55182
70560
53902
76347
23812
30523
92125
26941
37017
69744
5424
73975
21622
92924
25379
2803
64197
9396
80500
37528
90277
87576
57295
71926
48377
22260
68524
29664
74639
9769
74258
56272
14960
59666
31046
6697
37368
37381
27446
4557
56007
76865
47610
74645
61025
4340
90449
32810
32344
57237
67183
54114
28186
59678
84461
29562
19597
79303
69458
65792
37370
78165
97859
86120
15598
74556
76014
99016
23250
2854
82845
46640
26865
69065
23038
10219
90730
24302
55111
88491
80431
60497
38834
19956
13102
86075
7975
23100
7995
56264
49641
37622
70898
99211
99302
71077
38243
85588
86698
4975
96781
13379
96954
30516
82446
71761
81964
42528
79165
36525
18543
56439
63309
88241
48462
28229
10493
94775
23550
20341
69866
26658
53075
35953
82327
62171
26291
96864
63841
77531
38970
6609
63867
37419
89044
15772
88446
75278
29339
59758
28928
29672
26165
9902
90137
50345
63437
75515
57755
76901
76706
1868
14414
10478
75369
72236
82965
38505
30922
17278
21091
550
80639
58713
85669
7320
89446
58635
21006
57301
39598
14933
22980
95302
15586
90661
56762
84301
13483
53642
22043
26626
55777
66466
90471
32676
58949
80457
9198
71914
75710
84903
64456
96812
27814
22578
94680
64813
14334
5687
59377
55560
7946
64464
73970
96752
29693
94126
24792
10006
22584
57948
3540
12369
79707
51196
60530
43301
60527
62715
50706
72239
10996
13173
19577
74803
67711
79662
86107
14669
12257
18501
48109
18111
63201
58493
89489
48704
43965
64797
3874
74241
42846
33219
1456
57106
57899
37934
76201
57797
68785
8157
50813
13709
45633
32240
22600
17462
30057
89185
79655
74918
47368
42556
15343
18322
94706
74449
56874
86671
82268
21830
35435
24451
28187
72546
42161
31419
75310
40914
27222
36421
37093
41553
59985
15955
81672
25625
51917
27358
16252
20110
95261
72800
30533
51658
27480
37587
93072
65908
74131
19125
1183
35636
32498
10216
68971
58207
44055
93323
50562
21085
43631
26136
64173
36548
29490
38592
73554
52738
12036
37742
36620
60384
12568
33202
41812
29729
60034
38203
73858
87578
6887
54307
88522
24135
40116
69347
58122
9724
96696
22446
53743
39840
14682
28001
64524
8383
91722
56965
36082
62131
12917
84169
21902
54171
71192
39380
4992
70958
86552
80100
6220
94451
48233
67201
62499
85117
82468
60148
49930
18877
72389
28149
11288
36231
2336
87279
99045
49984
79257
58579
70560
28360
57862
50958
3595
91028
53365
70646
47732
73226
98718
49611
74823
32239
60807
5201
78508
36032
80402
99621
43774
14396
22568
17935
3013
76146
58003
18109
9790
4665
23069
57667
2353
33608
94826
76693
32708
29387
26560
89417
7451
90346
85545
25348
86928
45539
37461
98216
20445
42443
65346
76400
95458
71572
33112
68127
65887
9546
30836
16418
9080
65264
69368
29946
51753
77841
33601
88947
80532
41687
77490
15488
25375
22135
71239
75600
9128
86569
80432
77818
66153
57962
88312
31054
88942
14755
78336
406
92855
42214
80984
86020
1988
3177
34087
93257
55810
67864
7753
79914
64131
47467
91135
81117
82836
76668
47109
62017
22450
54534
47703
63014
37270
63250
74313
52589
67770
90481
84287
9212
65269
42713
99277
18927
880
35189
31290
85523
26880
4279
25622
43458
72354
41997
66844
33175
23137
18433
54676
59759
61958
26318
77603
58619
61371
40773
31101
63007
86737
21838
92686
64892
45202
91744
29049
88285
57730
69663
26
60152
24345
93098
26036
18583
37971
55685
30198
62992
20246
39755
79232
59287
56475
72315
88140
96480
36302
92567
93308
65331
60539
65338
96559
54140
73238
35145
66833
53527
92772
2310
71360
17950
89979
62209
18923
93647
14423
20095
75039
30627
76771
35294
76780
76674
28058
46457
40056
1264
86696
67007
81101
10337
63846
55676
35657
90064
27443
1663
29684
85713
75974
63909
47272
48384
22460
29620
10936
69647
30737
75010
62202
4789
3198
12114
25933
51417
46947
35733
99232
82592
54757
90809
98043
43266
85064
485
15069
42460
63331
20240
50325
60043
8048
93847
39862
48173
82243
32505
77606
92104
45186
75186
53372
15217
84889
22983
31401
27724
97136
46791
58356
14094
27001
79102
46944
28395
57437
60863
91647
16264
90097
17667
72181
21003
55796
81723
70915
18136
60896
97862
28284
22247
65750
7900
57149
89938
70560
97131
77454
75841
78392
17558
35183
4272
20081
90134
17149
58536
52157
34309
84717
82287
32471
52746
90756
98317
61783
77014
16749
32983
13863
969
3665
98887
45008
25458
8215
14669
86597
72967
90243
34016
56172
17415
60387
34660
55665
69941
82087
39164
91916
89860
19866
2575
17983
4850
76105
10409
50875
45128
72393
60530
85771
32835
40999
54702
39997
70717
84294
25721
43974
47431
54503
19450
23805
5214
73226
27575
60275
59513
22622
58431
56932
92774
97776
89123
75993
5068
84200
30018
80213
37661
875
20028
65834
78415
11634
47612
7239
67638
94651
55212
63765
35452
20005
12466
53082
67513
60588
45803
78003
60958
28131
13408
69075
45779
13578
38076
22812
23343
32633
63233
34881
96596
77094
33146
88351
94818
14779
11997
5172
32745
95382
75864
15488
52691
25620
31410
24793
49940
50900
77603
97933
19218
8584
64988
73786
4394
87209
46081
74680
28275
86514
19049
10473
38020
50227
8659
50856
58470
59444
91330
46849
54427
37037
7300
30242
72721
19309
53585
45820
74332
79548
78591
60074
78353
70094
87634
36091
90260
52513
99277
29850
8083
59008
69338
4340
30569
31339
44088
60509
24036
74660
30071
35766
35827
78951
66975
727
35364
57315
20654
10294
68402
90618
17854
5593
33973
10653
44962
86999
70835
37079
79836
74962
16598
1912
91297
23533
4289
46762
21693
96172
64170
60574
93460
80219
11667
38942
65500
81240
27387
97033
46364
24815
85089
73860
68420
78852
90987
57049
34336
40533
27388
74626
117
42478
31454
45805
84196
24223
58517
16666
58936
4343
30297
74548
70887
61146
83243
69493
49997
27697
37376
17362
58963
88155
10091
56823
69229
55688
77089
67196
71509
51668
32709
14236
6489
63433
69624
50997
32899
18290
47575
3085
98415
24332
10336
67426
97539
53503
48497
17475
14274
61081
35368
59389
80065
11384
60648
71899
91122
41755
30377
3714
44840
99297
28329
60378
79819
86469
31181
51486
51905
31962
12660
22796
63472
90405
30444
17582
61255
93258
45449
88630
87581
3228
15657
32328
22656
31653
2162
84624
16377
20977
85162
35542
12565
92043
22819
4968
64085
58336
33479
95926
54176
48693
63600
77795
44683
55633
43184
8339
55950
55153
84010
91249
35227
30975
71354
12042
28407
73329
77827
79971
29832
36356
23231
56124
39872
56423
41572
96659
58494
27044
81035
36862
43680
41082
24732
7544
27777
60784
23457
77631
85669
65783
54309
33557
9700
77180
61231
42143
68137
45481
69217
45885
5961
16773
90919
73324
48714
32997
16807
29128
55953
81061
67784
12494
59316
26870
73631
44159
74910
75025
46662
83383
35582
60415
58871
95380
73877
23894
99425
36367
57134
14934
52431
86166
79997
97636
65503
13814
71423
72797
91565
74479
77769
9715
43772
45782
32459
50267
36804
91289
45484
22215
16096
94819
6422
82772
62667
49987
1171
15019
79853
33082
4429
49871
24952
64078
42323
30533
38107
16092
18452
25491
2108
14510
57591
61597
16244
46134
52921
69436
93616
95075
15266
2249
15100
65926
57848
57263
51012
47185
90044
59717
907
98307
23926
26391
46613
12936
76716
6545
28527
55073
3822
23901
42200
87411
398
53288
89554
65543
40097
11076
96786
98314
38997
52747
92209
8669
72918
53522
88376
85634
65079
91911
83991
3138
38094
60963
98382
23430
53534
53706
43083
15347
76869
26833
49467
74407
97307
32945
27622
29121
77545
28200
91563
21790
967
57861
81108
35365
23274
81588
25326
74414
68748
36613
59895
81182
55741
86154
39394
16066
36343
46388
14212
93866
646
48783
66937
30125
90619
49231
65134
32129
52699
93239
2847
89013
27598
88475
26227
47139
7752
50
24902
85556
73911
31087
83403
29063
62620
55564
15688
89055
47018
35877
86010
36183
39997
24155
62628
22413
14686
13146
71724
18956
97036
55557
69082
7149
21287
79754
3277
47016
39784
98410
21512
20169
76425
96377
9416
44084
36261
89655
85822
51082
63738
56271
88433
97798
49993
89501
37696
59604
73629
8145
74253
58575
92214
36455
49125
98662
61571
56537
62101
13867
27391
88896
61667
12597
22811
5032
11379
83819
20411
14220
89460
89757
40503
22357
75476
93305
83653
49352
75331
46206
55887
15799
69847
34306
19053
60077
29937
49734
26607
30197
29298
68619
5631
91881
5583
94668
509
89989
75000
43715
69947
99692
20549
86810
21745
4470
52588
99550
31802
34155
57252
84625
21480
4348
1269
71967
46542
41615
39320
15364
64452
32426
19595
38458
62784
32224
72400
90376
18990
80624
59195
23856
58182
51902
78427
87544
71114
67072
95112
98265
29115
76247
2448
21896
8303
99950
98117
61243
16211
80186
17286
97644
6460
87834
37854
70352
26578
61326
70734
73711
76644
72450
33293
33347
21552
30164
67575
3415
56938
13793
38254
3519
18180
6603
35297
37236
75347
3277
45756
11745
72271
61366
51676
47261
13515
6109
86559
86476
21603
34310
93869
41603
13638
29580
66415
94677
79127
79406
68814
34587
23585
7715
24238
19110
79076
25467
95493
37519
73001
31305
32164
83386
65359
98024
65841
91806
98575
8351
36424
97172
45593
10983
14804
97947
40037
29607
83346
5801
42402
8825
25542
76074
81923
51133
69637
21531
59993
68089
25397
55529
52093
69544
2507
51767
65998
65345
38929
21742
18239
19639
14682
92478
71263
81973
38731
61464
3495
64582
48663
85205
12854
3709
29929
29139
95938
87166
53151
34822
85212
14486
12488
22762
35551
30842
97882
52762
89080
38877
8680
53902
12973
3106
77845
3219
48120
42476
87132
99203
43017
25995
46885
20220
44367
34067
28637
11335
28552
38403
26509
94322
74368
21133
26405
44866
235
19556
29479
52956
6977
90998
1103
89024
49880
84904
53580
8995
88125
74325
61024
53732
60937
24417
25334
94998
32547
457
87776
79286
6467
41276
66649
15293
8538
38009
10017
45062
42268
87557
11448
50407
11050
8410
19008
99005
88908
74150
64160
24887
30314
61934
22528
64840
68319
1173
71379
97018
42864
1711
47572
99842
74972
14530
86709
38921
86082
97056
61982
86460
30257
66566
46924
6838
32382
36955
11936
28460
14632
36898
77992
71357
88541
5752
92889
83717
22843
29054
56534
13840
5053
19806
11350
56322
59887
6467
34085
34990
23916
78451
9775
11343
39723
77365
64394
56769
35923
25630
53568
1887
91694
769
25504
920
52483
87662
84587
13404
81202
64459
70342
63572
61936
89677
34323
73160
96421
2498
79754
7723
56361
52544
65162
74487
68339
59581
10620
84184
39193
36863
33343
57636
49944
28060
53466
35647
2850
19341
94142
18269
45254
17412
80443
61060
3179
75309
70303
52926
31037
36671
49937
97735
11917
35564
56616
85224
90539
77610
67388
60220
16116
27212
74154
89223
99290
73946
80501
27577
49269
13847
36382
21759
34439
64717
4639
15216
64991
68989
49930
30633
50175
38333
49868
60547
81750
96530
28601
38135
33758
94456
24433
34288
10124
76748
99150
56564
92133
9497
6324
13820
48568
56186
59707
47173
42144
96912
37024
75824
28230
61249
64871
21686
34311
1603
31709
65004
24926
92718
79968
88501
68271
55887
96879
71798
6290
75243
80149
43470
12986
9320
66961
35974
80747
22567
96553
20663
50427
76596
56709
75900
87686
89014
51359
15583
48355
99673
13393
11875
892
4559
94522
94532
70606
58853
50510
82981
31082
35960
87395
87164
93114
6197
57768
48849
26553
22923
42554
92352
28394
50046
85331
26106
89576
76224
35282
40810
26174
21888
3434
63427
15527
87430
83726
93975
53908
21997
71766
79690
50417
75925
85462
58594
60966
24582
66752
53036
90155
73522
74122
52555
67366
29157
72051
45434
16693
52357
49929
29548
17264
25322
48327
66422
61164
3781
88181
41871
43408
86749
96843
63050
37020
80047
78045
38388
19296
2960
54190
88819
88995
35620
34315
95389
27683
46686
54219
22846
91639
81243
36491
55387
28818
7231
19934
35488
65580
9677
64962
32957
70393
21837
40753
66600
63733
52018
66200
10175
82413
65279
65068
24134
53201
28236
26551
69150
60074
99487
34213
51865
42676
62114
7723
96113
37634
4209
16385
99686
72823
43604
60353
56328
27084
92715
16748
43919
72077
22071
63722
3782
37266
4045
26842
84249
28931
35232
44191
91534
2905
48940
11734
88046
86775
4118
15907
80459
7551
33605
57711
98631
860
34213
41183
42406
17887
43443
3268
79891
79320
55878
18379
51603
74620
67694
75374
64988
94018
19345
51678
19181
3773
63415
7296
19340
69598
71403
70595
16193
7005
23966
97344
28587
87771
53841
13156
2372
98127
43064
18543
2698
4158
86560
58465
4057
59029
83728
66921
33958
84245
88090
65140
91912
35863
29453
37337
15277
80511
9148
72693
8156
75980
28620
70047
94777
69104
30801
75162
98796
25864
67386
84591
9148
72834
34519
23773
94560
11893
95480
45023
843
61936
54536
68328
63493
7020
28957
24022
50295
5995
51021
88916
74139
80232
11570
56675
98285
61290
45355
39369
50948
7741
65698
53532
31657
69157
69496
74010
92852
60702
59723
54809
12908
66232
9964
89442
88897
85734
47667
4227
3469
57609
21219
19756
98029
74981
87902
28310
76735
5898
50130
59934
76317
38473
53931
16282
21241
77120
67712
83216
86494
96466
31628
49156
57812
10567
23236
64019
58671
73733
96102
25586
98437
20196
59596
56512
67007
95577
70131
12881
89308
90396
64340
41044
62189
71626
90060
25175
6348
35860
58304
2072
94073
10194
79056
19074
24285
38781
68564
99143
96075
47049
87390
62053
1062
54829
1928
70567
37104
52670
44048
93521
99472
92440
23997
77366
92523
57992
39958
88236
50110
41557
19086
86227
39492
85218
12147
52674
29828
27885
55981
53551
67634
1249
4213
13927
51760
20815
67762
40425
72772
49309
27860
56634
74518
54011
40693
23220
88191
4107
37204
57349
58377
27993
93525
67441
69167
55396
85761
66817
17141
74817
5036
79416
87647
82775
9069
95624
62477
74556
69974
76113
73163
46389
98998
29743
30071
68351
59839
27927
46088
77027
78961
53421
36573
66465
23424
7389
66276
99594
34728
40007
45759
43074
75420
78655
1299
99207
90464
70235
50527
56338
41090
36170
77891
345
58839
49596
97160
42915
26759
80391
89253
96578
34899
84578
69909
83754
2634
71205
15329
82500
10215
53309
22394
14626
36781
57068
10317
58462
53860
50830
42495
35207
82991
75236
90518
66173
52708
7208
64737
10579
10845
16468
86984
77755
94437
62269
96710
67189
44083
80395
21151
16572
28936
55337
22038
47618
46894
97227
4915
43277
48292
31950
17521
1603
51539
38078
33284
99479
65978
34674
4310
73779
23761
13891
69973
67949
72753
2466
47599
10952
50504
99622
98433
17649
65230
61699
1554
69116
53190
29034
87683
99525
71980
2110
79297
19168
78636
12058
4336
15046
30170
27609
21826
46860
72142
33084
67743
86250
76426
78601
53376
28621
40499
37800
44374
97546
73488
46335
39841
50437
49422
90309
50554
13524
41264
2822
94980
42745
18118
8070
99205
90918
47494
28294
26004
3497
30350
94866
80800
31550
81217
16105
77774
63502
65356
96866
16715
29428
57745
29639
82443
29156
54414
25580
30628
98990
32130
24008
78620
95559
7268
8793
23362
47010
63327
98386
3486
18764
33818
57138
79098
60963
1272
67826
48605
89421
84230
87490
69264
96294
22081
50529
96734
27312
40189
62746
84063
38247
62878
14582
58418
72106
18230
26834
81138
42335
59393
22694
40402
82427
94051
98825
2825
90778
18220
98611
40245
88949
64192
90425
96306
55403
76226
54564
15941
16930
59910
70023
73005
44566
1428
56036
33825
1748
17905
31140
59305
19186
5710
6442
93227
61017
58327
57814
97849
92489
87618
67943
55638
471
26285
79006
19013
25838
15382
88859
7434
10609
9974
32701
12854
20789
52593
49758
73621
987
86087
49852
66733
50400
56738
81775
46275
25213
65165
18101
60250
99818
48697
59304
15616
79433
42575
53961
14943
69407
89328
27157
42009
16591
61627
27307
29214
30510
58483
63793
23106
44220
98533
32498
98065
47058
62501
94037
35418
17284
68918
81879
16366
40291
79166
37170
19680
15437
876
19480
30049
32398
83652
10365
93467
30397
53423
1090
77641
76855
90783
52637
99906
67133
40525
19785
79214
26169
27467
44223
57808
6144
7255
55419
93694
80101
99264
22988
81311
5496
65225
17252
81210
60294
89262
43736
55118
62856
8538
25435
34227
34963
43774
18633
99671
15479
58700
13380
63351
79902
70897
26064
85329
6902
92488
78916
72976
2140
76047
69083
99176
85493
54599
44129
48556
91806
13547
90161
83383
55242
1760
44753
33004
86099
51767
22136
83013
96511
13990
82552
58407
45070
95084
60423
56642
74989
19223
30953
43719
13474
31463
14102
92281
5248
96804
68396
42817
97001
31660
64613
18955
17902
96907
11511
30769
35195
71319
97151
