4087
683
526
214436
3327
1270174
2199
356
481
1067645
137517
273752
7511858
88
3612353
5496181
5531
276520
1045
6234067
12327853
357420
10341666
128
2305550
638484
718
962
3473794
33310176
2063
3112118
66663
3490328
5439057
6995296
1165726
2781118
591556
2756005
1000
69
591556
5439057
24864029
1111
8277339
1391161
739
826
11649169
1974
3508
8178
10321497
1604461
650910
202334
189
1165726
4294041
7511858
1292
1249395
203477525
472830037
6168792
2142
829
1351422
3172576
5010238
1153
7466
48247166
15330159
1432
834
456909952
7014326
121257
4870897
1715
42422
4911
1315
137736618
5497
712188
568574941
1551
573020
3027476
3782
2345
897
8470957
14437308
4542
2766897
20896382
8552265
6958939
8552265
12995
1158
9094
15900971
2007
1875
3027476
76936634
5080286
65797303
2942121
5488084
9699125
22169972
2379
8211004
30720810
261470
356
6302516
2716
15663178
573020
27636608
4004694
23253527
677174
1833
472
1312
674932663
9988
1671
1003
2029
1233
8875249
7435468
4621306
30506499
4908
23359257
901
28912
339507476
32561625
55769495
11109571
25824
757964
69723305
55856371
10781
193356
2247093
119911588
16699709
61273756
47829552
599371429
6323635
1954
31552503
4053
3546997
10903489
3290
1812001
910693264
10378134
2222
1064096
26248559
20822571
4104
2119
2180
916150214
2372
34605260
7113
241948415
1958
14630464
2681
2749489
15168199
11703138
1440
5951950
1924
3620
241948415
15839320
86173680
4878206
87967
48629
31552503
23782581
982562
203420
1676
96061538
32873804
1349349
19137
189183
12516444
13506660
48651885
2805
3671
1812
16405187
634390393
17686448
77479
1654124
280559593
6379115
10042417
31552892
3965
31002071
8303
466729
194732602
11768922
1256974
3619034
3059
1618964
37248396
3549574
52575987
15361489
18256698
685092
290192867
22731750
3241
6922
4442
3936
15617658
2521
4626
33161003
30158
6152499
1157808
13536397
48199962
6217
1185
107909026
20769769
764510
2019
17426315
219549596
39464874
11487524
13748
22954776
1135377332
18052549
845711301
7033196
127277
224443970
987120
988548
4266
48767
9818
47161524
63621406
1556948
2879295
13233
2306986
74189806
2627391
11265
1366863
130023200
1046166273
8208
29130720
4178
1504542935
5222
21609740
4979
3306
2692296
1814149
5622
9087
8144113
46788800
16695
11785
59027219
69894915
28884467
40692991
6762
48117617
63988824
3120
93578979
5740
6640
3972
25977084
3156978
54710912
18631418
11548
974750
6314675
41342289
261581624
2116513
74205931
12032570
27947084
72913294
8680
4622604
163411092
2484
309963906
51737623
27947084
1708457
52334053
2313250
55022414
18581996
5844
63327042
2887
5782
1373756
26098
5355157
10051664
1284197295
1779313228
47883544
2865017
32661
5220091
12683
31686
26264150
1867531807
118270099
123847448
80718928
5729
1616315
7172
5934743
4019744
232063
14152
1616315
110666590
56475
30196427
10439253
123313354
34111152
65463
31784
2296871
9148
4418
217883219
252850
30693521
12082470
42247791
333192599
4362
100970872
6020
26819
53059415
57902881
44142109
43551259
7783845
33844242
5526
53819575
11466
3373107
79773
8114
2717040
77550357
109064
1356830
9722244
12419250
129038686
7664
52113677
1557723946
15001356
61281262
1296386
32549
12114
1356830
5782747
2532814
35397055
21497839
153543817
202506
3688292
2320715856
20091238
8207
6971
40369220
3688292
76829335
52718314
2154814
20091238
5015630
10159
28466319
181688308
357354944
5944
24156518
26686066
59153
6004
8272
111665
4067969
2322048
44073157
6724717
1893622583
13950716
4897
20088201
15074
48989679
3019248
203673203
3588132
17508167
13950716
47189959
10204
15001356
10230
64842803
38549099
47189959
123442853
9781
6724717
7540
2545849
1356830
12691704
9569
44884
28201470
27871647
3033746
10658
10683253
38549099
10876
3232798922
12658357
3233478972
2545849
104224918
394080030
11210
9871
8946
40953868
37910007
4516
48707
10683253
21485961
332035
166577
261656623
28972
55543
67322484
6518
21485961
3249555
83953
10271
172452
932392538
22009
123448845
51318829
3249555
197418428
133078204
5723
15001356
3019248
10572
12002
99210679
5693
1356830
14052
4964
42030558
9389396
478684828
291614678
37910007
7267853
5629258
49593607
225017179
22246
44148142
32449688
81439957
4516190
43022157
37345287
2851717
6343
12134277
2920617470
15192365
256163396
7139683
273750293
9116202
13285480
24311
39961639
4495
13950716
81440094
3437880
21867
34139
254195517
10402
477972
57589872
74603604
31668
101224460
43209610
429353541
6504
103209449
28409351
12307
44522606
115489998
2647406
14553
115659866
44522606
44252226
11686
32129218
9673631
23942
222382005
13952068
55271941
124382
11440
20464542
12281
6278
15388
98047
41757307
222217562
21610
3570214
2874543601
34718578
37979490
6461
93744245
15088005
15436845
58084
10421
33017201
38056301
26236
4631
45841986
53140
33202
57590112
12537
10396
60508557
247668423
7204
11170
15425187
9524
12595
201591900
5913
44522606
172906338
62660337
12983569
74761812
21207
6247
2777294
59150259
13952068
672230
62815457
20091238
115662038
35913
5645105
81239560
722946
5195
304453420
62815457
24672088
115662038
4351575
15603
13724960
45129702
14045194
49092693
137702433
145095666
122641253
11493
25461
12310
11174711
105985836
15340
11087960
17496
62816379
14266320
4521
1146478558
876969
115662700
78077494
27537372
119301588
49093636
7096
17192871
16841106
4351575
46939159
297231057
81647066
63674916
53225128
7472
6867
433165
8252
12165951
6821
35501122
12751
64624914
46417228
1224490542
46077146
12165951
12634
10828
122641253
3307547
234515859
20269298
49786256
11507
125561974
10846
6338
220147613
16798127
176283
160837205
7430161
14088
27537372
123592914
26082
4828236
19025478
49476
550458744
25332258
28164
13781
76570367
30270
53570802
2567
558423310
1268371548
4184610399
101398
210674
17025642
2665793716
132550934
10598
44498820
2665793716
4755
3785048
13784
100182638
15150070
14266320
58203948
161640505
15837
4943494
11536
12950371
131807828
13302
20018428
43133
26188367
37682611
312785386
72342083
54244518
10450283
14266320
28252360
126911736
566251688
28252360
14011
58204371
3999557
3785048
7814
83440957
5489
13466
35743454
15016
12204
6585460
20593
7291
53532167
8534580
15537
317227946
47723256
8534580
45653
53181913
580015434
32155
5654068
7390
45228
28607
52026
12863
9680673
92194676
282676123
22416
10569931
21916840
71901
5819453
24728
59985491
66023964
129261466
211432837
4571
47624
22848927
1508085594
40591548
10793085
125607
8747501
17050
103155365
21916840
7438
14312
10149952
1469182
10742
53696860
103396450
3607957
50848478
254964603
22321372
362584222
306784384
32122
31830834
20699043
23052636
56963591
18922
6306
189355871
274405034
27277
144151286
196246
6604335
39806
60699616
191567986
58475864
35473
3205413047
58129313
5955746
26005090
21373326
38738
16623
175048470
34594810
370366652
27772312
19857
154470388
13712
17421434
34594810
25688555
304498438
154470388
60591585
29990857
13625
131537965
8002
60943365
1551273187
14236
95262091
7515
15083
382831
38757
19301
70872694
95262091
319642962
21586295
7951
17188
8075
13292
52459845
197324713
45569
170902831
6796369
4583785
10878
58475864
30730024
14158
9618
26251
87572
15218724
2336798
5552632
1557779567
51084
111527572
63240503
5244183176
762044055
17967
12679
1055773
14632
15992386
59181472
60591585
59826531
425367096
12076
15680
212115
273972257
18153
11141767
18769
121210526
35009
377417183
4677712
18172862
729364004
174976578
177040
65675960
7946
16275437
44401625
88346515
119476032
600457
208602265
29135670
208602265
4574141748
211563
14703
289085
27602493
72266
1523240
8295940
11346214
11110
61118491
9099
30087688
50995
174976578
61118491
19260
22519
1432816
10997
11716219
161629275
9981619
145404004
7349336
5597393174
16739
1408773
1055773
35990279
19448932
222105485
2518814
3507577
5291786
385302488
157665616
15992386
10624893
129894492
6224712
18788
80563896
65735866
167165499
7642049
339601381
67765102
157666260
10743449
16490154
11115
17421419
187480457
3497071586
58291551
40751
6224712
8868
3425100438
197905730
81879960
7642049
394290189
113460582
4340046
7939496
40504114
13370
755031548
39701
17403675
25856
144822423
14251
24227126
4687989
168874005
18729
73089
69132471
11605795
170292585
71042463
43116
147208
66859
107600536
30857224
69132471
334795
137368712
16623
396228631
37419
3036086
107600536
67686340
8124223
4905224
24494006
19018
100939433
30342
8932316
30004
22992
9994910
11073
253774
254229788
95858137
14777
18361
66087711
31762984
22138
128632233
4715726
8498982
95858137
215532644
254229788
38294
15941
21152
4620350
66933227
389768374
461115049
74118159
3959804305
75622946
9886
29567208
11286
168294194
69559253
80109911
84295169
199276455
291048632
858789853
16541826
18279
42204
12055
51272
13857995
71988714
12916
14875
35582547
5757244
133532516
36622523
25666
757923
479540407
18684618
50382180
102683035
236892079
4739920
68217984
16541826
14083
17032
13026
17205
81227916
21424689
19289
27075
81012057
920361473
98747
10541
50018236
182340946
347723
471307469
35582547
67498349
30450876
17848
51701086
251518166
45145
23349
75202944
2114993172
16542680
18684618
23604
15658
20979
262068146
412139536
25239896
71073
5715696
76087888
500151336
51750684
8879538
54025683
2502777486
56378
945845522
137504469
415965226
21821
13595
20555148
30201183
22227
14762
8879538
16453
2130466218
137504469
8452553
124547966
265954530
95431544
13707874
8998888
15100
413595
271325171
171842
10150804
24575
37716095
444555384
951239312
200190417
255665516
25366
92753694
493938520
8452553
155997387
40251
29847
331014155
93458724
214550382
52215938
24931
164619072
933206744
6636199
27796610
9877736
139908094
24221
59358504
85544824
14916
79991646
20627
262399051
87628121
26839395
196799789
32372664
11250831
74315
16760
90478502
30180
4022107
26324
11853
251249087
72835304
25857898
422493558
19609553
22198
21394
14429660
166444670
21748
54303049
95470
250378065
109709547
21836
29065205
68718
81957838
11076
18141
38045879
25857898
41932858
37433
154537
87346637
101989070
73232
642177782
119861313
9515016
7795699
1024430741
21947
97053054
97245752
278458201
164866678
29961307
99752
2643440
38050
501136186
11421753
10527
9382
12077
121351
16824
101847398
57067502
6956361
39280792
494283811
57533718
15506066
126384537
166726426
4431312712
171280930
39280792
18117
97053279
464161771
6944952
535732692
77943
3056222
254610007
186273503
254264925
2501936
171280930
4540
22243
15271177
700155
942446485
1114189281
10590662
7512
186273503
8333363
872005
34703
2637564
21647
4504239621
942446485
60186
57521528
6416186
8000117
28165023
98595274
46313
22481199
467995121
96131445
77137
22481199
10191560
217809634
535811232
23097177
87346637
10290176
51993
57521528
872005
97945
95275
61380518
27402
7416884480
28368527
27306
1116337745
173013
258941770
393115607
7417950101
334309299
10675946
93758854
151152549
15752201
23749865
57183146
151152549
3936936
11053
6353075928
2237584187
1052714469
211306
10275787
105362
5476172
237367
96334221
16843038
26927557
107393277
47820
54677
15752201
28236
5476172
105509531
285737010
11807357
570099960
30359419
474237446
8797178
6596706615
38714
8697858
23473
134899811
558521838
7673586135
133531039
20704
6821748
287610518
382647147
92900153
352453961
108681199
10663845
386489097
126652188
28421
187978
383475117
280466071
73657
386489097
220503
70169
7719655504
20558
6958461
27132820
485833407
485833407
1034385188
477363790
16867220
576914232
38046266
6048735
13455
387784
214345629
11857
13055845
21522
18097534
143947937
19611621
106337657
18097534
70022
258975076
94885659
109581511
963010
66191702
16328
93502149
16212103
2212497
28970
259006612
13780
36573965
22689
3279177
9851
23929919
36997
15941645
467764840
13544
151519741
63467457
314932815
485453271
19811
580990792
8962184
27484
59375862
130949593
24838122
23272
213798059
126294
23929919
142749457
213798059
82184949
38046266
7733786
112077590
93460180
446423604
25545864
16993
58532
267183139
93460180
12963
33200
18752006
17174726
2567813889
27108
591009304
10522
106062
61744545
118774848
19112122
29038
85575273
19611621
125038502
47896093
44841
14186195
20480240
88898178
40217798
13220021
38046266
1667530
17037855
27654
19364192
382675481
246624179
10193
7189171379
14711
14186195
12693
21308003
570746
511353081
29212
18620
151332925
258942774
266822860
31177
32014
96729047
71911154
30565
17182280
20480240
55652718
61744545
2628505
61630
14362
30905979
38795183
176515732
38046266
71911154
96729047
1182696632
15480
13393106
7818
55750
4471921
32334
105281277
48824441
17590391
10090
1230717553
38795183
39482621
471535047
82587
626550395
126733
7661
13616822
93290295
30980
222926
497723054
97477960
3384201
8822
93100669
13880389
277973540
413037794
7228367217
30566552
8897216
355893650
65304984
497723054
90134
32994
167695
52830
15502
31278
44401866
15860
74199
26716
15608
199777
66548345
9578564
413037794
99465
19466
15379346
18713760
16466
13897108
173702
921386229
151859
423284566
1441935
311125797
120720312
8346
351565546
283761
216636442
24523
362885827
18713760
73958440
27164
18265
26348335
236860992
34361812
284651746
21945
9449
439195
681541447
8657
22628181
43089
8811
27737
311137073
78516867
240052232
7852597048
420117
150966478
423285014
23074
46982
186698784
259717162
46471
11440
135138807
37388
150966478
89626825
161806
423285014
15390
45292
101696854
15015
8795
122906002
198156304
15677
12425439
89626825
133179
53156
135138807
8598076
1702332
281466
44278
35212888
12931
464512970
3800194
31495
46638162
10990
9367939
1157377
18411
42986654
7135968
349353213
285294458
35394450
9758776
17834966
533834255
19415130
121772751
16903
71178221
246755
203825344
195716963
64583
129243973
135605207
18771
405437704
29844
265363404
196287926
265363404
18943676
175688357
73428854
329850035
43120
672592
3110303
19166570
120952
14248012
227192817
46364
29195
484401027
13102665
14951
1412885981
72531591
907071
5489532
15457
10308434
112796211
435965076
336178879
47859150
116475
131461305
106858
26405229
78612
36236590
10637632
99401
15225270
728422234
10308434
336153113
138008420
3894345
109587582
124126248
18349308
357863802
31839967
36236590
73051
10042976
75598
347575457
3729557
160844762
486292
138351
352943690
15534633
495325407
25818
21408372
411734
27994
121369784
19640
72534311
48627260
19709480
357863802
15069
315250039
290041789
24158
122042
55024
121369784
6279764788
131594265
8103904
27105
214002627
357796103
272624428
157811290
26191
124806432
33327
161735
170247512
128241
20054
142968497
32526
15829
15887531
31741
73059096
144634464
19826
284028802
218259055
28363
433389405
73607585
63392
20688230
141231855
33165
556558157
134481127
21263155
24757386
33612
803888385
105159
15723
14802
175770757
484616360
56592
284326
96636028
803888385
48627260
23235178
218188991
113234
268660
55595
9801627
78029
292258517
36612
72534311
13982
16457
30836
252232309
616931631
15954
5147259
38699
299131665
22766539
484616360
40156766
132184708
100240411
36992914
134976883
39363
8769659
807062470
175748308
51704
9097631506
116543401
38492
40156766
68684
198316169
223462
11903
111368
66633770
35112
136046662
342050161
296325918
36207
11329392
31812885
10476059
782873095
8456288
18641181
12480970
151739420
82428
14562
145412123
119581828
342050161
81639
21263155
299132503
58794
23153
16580
9556
72534311
10307517
90763893
9445
192651
15721
26739
20910878
45826
19988
31824
3662377113
212836453
4215945
21263155
28084
91234936
256642
49570
562404054
64051
10844786210
3739257881
259669402
206159
97181469
14803734
16253
440753
36547
306041887
291682
13488
33853
9654080
36488
57642642
25795488
33169
26838
50196117
916686168
101122568
1145821007
35462563
153681961
1732728518
80654793
9818464
35215375
36175375
20946947
337316701
39948
31127
5739360
27723043
476549
33398
67039
33972
630185
524916495
31314
128395648
11063469
743875
137233172
5981292
8492448
43646513
462381888
60275020
380553986
42501
457675396
43646513
34216
21134428
524916495
73732814
10693
37385
20823877
34906
21154890
16999
31745
306041887
51080896
306041887
173199618
43111
124441
241372366
161144901
5034
17999
152444183
462381888
143293846
24670130
25851173
104327107
107408
38530
1830618829
27723043
111758
157625656
20620
160311535
104679
341994611
233108
36635191
23044
36635191
915838153
49148
1880128278
227455689
64556
293745942
517573184
929391780
16026
10926295
47913
64634450
22100
8446368472
1908577337
930569568
733020483
610327210
184535564
567564737
18170
408609424
846583
8451954614
360676165
65111882
28708720
44020
79887502
20406664
36353
444091882
258587463
276031918
37775071
226025273
402343710
12622898
136374839
11607434
101794
20808604
158989357
35949
10614654
21353
256227
69609476
11425
20245
239643209
10198757
48068831
38127090
578257249
153918531
49959
339558246
549335202
585662787
350523545
18526
11725
87475
1683086
466842
18318
19566
57405140
18483575
33544
10614654
55331
1081928394
87538
22542533
45005
180424
111715586
17114060
181741932
55113154
419150195
211464
39506603
89586
24258125
43220
310254230
48941
31350997
25306904
467772551
249314676
1880141688
18966
580548
80305026
2697741
60883
38131402
38131402
12843965
111303350
176176085
19325
11366
48682
650197
752076146
37091
47365
8751759185
31702
11196361258
57804
84987940
67758
328966562
6111
357349293
13655
144120
43247
419874964
20342479
171937130
2279363
12034
475283607
63568
752918765
89400
974446327
138097080
10630164
294768856
60545143
45879
105869
263233578
48920
78536
26068906
337578281
35361
53278
61675532
21768
25467666
136625325
37480949
185369012
148475
212566924
84020
431626410
119982662
393786267
9577888
386820745
136625325
22070
959168
87389683
9127136723
386795189
22347492
197146348
8914942
309865
62685188
39385382
487364503
1095011279
121568
74764044
50710043
38887
200535
19540
44041
160268716
48385
40086082
328781098
200407911
87389951
278758
22715832
136625325
86526
2094702526
188874181
47838982
51210
13642532
40086082
131055188
585964018
23939
117765873
60856
22715832
33686
119982662
14648
89131
6165
190206886
538385986
54085
340993
35286
51625415
40987
38185
31808
501277323
1121701969
23506
35698
672685832
473183
48072
38787
336271970
90575126
10174161
9114321452
36648
191883692
135663557
62046859
318888
21449935
2030775115
15906960
90575126
222773
188043756
141218
90575126
86457001
560151078
56546
32652931
32652931
121413230
2559564
678198198
51402
17484
65897972
63102027
38246
178605389
311095
28267640
115006
48337
18787125
161082864
14321515531
168233210
42988278
2088215387
26213
50298
3687197
73920345
1072710707
41373732
13577
22279291
16340
43851
419677422
669410
2088215387
65941488
1186414140
145661008
54170
80058974
617971
1072772213
390675662
1198039
516601667
14016059
516601667
822634667
16753960
390675662
151549
9835388218
14410177888
1346875
22279291
15586065
3394776
90941967
322639931
593915
131488
63674
91924996
392953397
178934644
123735827
49431
152699997
42144502
80058974
25277
297310304
201361844
124144679
516562
607089825
14016059
297310304
13958
88765
68740820
27654967
574606003
533013
201628171
702424642
23494
68914858
25328
50411
2265338390
126285686
2155637033
29538
145421
48411
38403
48489
12748964585
22222
49482
205182715
28596502
312466695
74976189
1209402659
51414
854393
16753960
1161154533
19121
20675
410658411
17820
15812079
133803330
14082
68914858
40441
1472860046
3498166
5388105
321308
42988278
856885146
215745144
45955
28596502
821599
32554922
6953134
117549
14875885
185829939
25676
12634
99094
10709515
80058974
24184
13612
682489006
697227653
21140
45578
271893374
1164480862
150207
47916868
129511790
29061505
69065828
496150282
47916868
4322399
5787687
13106315996
40802
257357865
1601617
597849170
10307435618
301351331
806526687
41362383
748647
586393
360096
157778648
14263184
48845424
21492299
14263184
1247360372
70937988
806526687
716642500
206943398
410850777
157213696
58336
66224483
613321203
96880797
435594646
13528787902
10316037165
141080571
157778648
45772
423241925
91625
85694426
102325446
187792554
226044608
375403330
18601960
78257
171535
35433
33045076
28470
410850777
283437615
238811
349365641
10318655235
16866540
283437615
28193
700315
138846523
435594646
25616664
375403330
767579812
594697
166421559
58481
775594478
15421398
120072
17280758
50895
52657
155507
25616664
37087637
744952704
56032592
197705712
48845424
41362383
47055
226456418
5389180539
2284737902
108103
19363
25866
218153
19060
139810243
145781313
2161088
193085325
247869387
17553
48756
214780309
1995386
194781289
458080590
214780309
265245
376352609
157778648
410084005
39421
30565073
687784177
1995386
145181
83014
198387822
16877380
5392866561
410300707
216845838
15354419479
55489
25910
78683281
1569722371
26211
192018600
323378976
8592427
11535968
28606
15133934
1293309971
322315645
165699020
26278
229959716
194340644
467330088
438160001
382373
50076715
493962
627484033
39328
39838231
262423
14796
53893498
44985203
3931086212
48453294
15071
13625160
33957907
812776227
203879682
105036486
59424770
46624
40521427
15381809
8773963
92583448
111994957
11658848
228814179
71705071
25580
74597135
22606
1205999830
1089360440
592889724
155307659
26643806
13318672
206740186
33302
60479
61771
476157773
177869361
26204
28467
407827059
8785559
24578
92583448
47675
61115691
824845
76222955
479531742
35931
29525
27539
191887
73829928
31892
181717
612594786
407827059
365483728
31974905
15902048635
34379801
108857
43642
153319375
146828717
479532872
847207415
440532536
390757440
9258
139225421
236852464
201445500
43712
11658848
85850
2125636
15381809
105821
11289881281
21786920
186985127
12185625
683065566
35073432
25565695
305925
16680
1089505156
450305386
1337306
450305386
87750
2389813
11837408
407827059
32327363
60620
62791
206309714
170286641
19967
390366316
17062
26135944
446488052
487549624
40028672
27511526
698969824
80198340
148574
277653
346598
393079459
206309714
600127212
29605953
49834
11350281694
298660199
1663611953
58562
59722
21858
83544
327170
24592
19890660
13686917
5762246645
848151085
47476
35247967
11837408
129577
170418008
847780417
832759126
192806
116954
44553
8940485
100962
228151178
383426761
42651288
26357
396255005
63573
61632
79111076
16864532375
115357662
11483875223
224630
17157102
15627809
772361747
19889244
29720
38585
1373317930
47386
954880127
2515668283
176005
214025274
458247388
193154589
24507
334355
14762600210
247813
228151178
91384
407828855
2557556936
30626868
18010160
260110
247176069
92591224
170418008
137762
41259
232700
115333300
134707
101921
148226817
55003450
115357662
851018720
199088867
24826
17487312
82312
12152141
30626868
51993580
26974
11837408
93943
176668
609338309
881385830
32844521
690729307
31212
344105436
5957097650
45703
216434774
17714736
47365323
304877
314019
124365
69822
22222164
47365323
26830106
684763782
432326532
69203
31291
609338309
73758
50416
2417497958
31469
172424705
47365323
2568350849
28142
1096371485
26387
1278849
35596516
19689620
809479
507257
631453556
965483498
44036
727966344
17076870693
306414399
27710155
25350
14527894093
402104879
346317909
61461374
21959
167460427
202131863
453669103
416713963
41928139
468496
2546312
53685
2439563952
73292
458800281
66753
900354071
28679546
2439563952
53153
20534660
92309
89420
58128
54612
202553297
238743048
71576
48868
202967135
249823
579293527
37764
11906528
294411947
118457345
403554455
455421132
26389
21175904
969607030
111253
69971
297253
14318302
93150
14368887
150086274
11538213903
30984767
236021842
2970510763
320882
340131
875699291
512151233
476328
28794
35917
14476413
689479734
119333
79924872
43986
164248770
22909661
6345993
419834299
752944243
1142806704
11624623686
164248770
210755657
52419845
170677653
50378822
14642168
113435846
26306
25745
60372
23308
1499667
317652031
109243193
223162061
222865456
988344
44512070
60500
6345993
494879523
52152
75939505
242042792
1292896
66121
65616
766683313
67879341
67879341
704685826
12092978
36945175
228146711
208766590
3196579
11845429605
467638943
166091
264182
33081
29513266
2851253
12927450
2258828
2258828
376852
28104817
75939505
176209
62403712
410411471
53705
103653850
52136494
1432693856
75939505
33704540
52136494
419834299
207836
189720627
485051125
147227
485962889
946999104
152383168
154855774
56342
57474
45682747
47968159
4585099
25688
712508
254273627
2683413188
220772
650771658
57968377
45611
47927
144254
24314
2554853284
210842253
258356
88785768
3337707
176896714
179691061
339555
18033712832
400622867
527953471
111479
29719486
55078
51164
59754
27663
55635
47968159
227673103
6414984
6414984
49965
33949
488043991
118231
18075883116
130219
18079825508
47568
1082285
16877
380231325
1024983054
12358578
2581699932
21565614
49330
45684910
2604906402
424907598
100930033
33111014
24443
152419280
383165985
28747236
70732
4585099
64470
94927
519809201
62912
246792034
67896
17111309
38747367
699363
11249932
51990
69682
359115763
1316758365
520757279
823530279
927371365
118424258
22843
46028872
488672613
36011037
395504
1316758365
315108
220460412
246596
922566761
70572
62745
291336
15105120
15388237
32382270
86400132
152978873
324170986
1058091
54535
15722372031
56254
2567242
34573947
34573947
390953570
6101970
760165422
107344117
697187689
2779650
94054
218283356
776929020
79453
12752818
531541525
29796
150478662
611970185
6769416
93501
220460412
21096
318968352
211153914
35888096
80449
261692944
47968159
2369625
35888096
792478320
128235430
47968159
1039981430
15317254
124163
508201176
59497
230480807
289089
52338
259006355
65762
26940354
747320739
177069
59663
6351005508
34772754
15962
1470794265
317865768
69515669
59174
212742758
894532115
41683
184936577
1870197293
26116
235765624
57770164
17561309
862391813
154291501
135107
56238435
154451
897755
318891
15388237
52718436
32616548
300643
1235000455
3951667
760165422
2307289
123178
6824904
538676849
39424667
63067
201311
227679
495563323
427275408
697187689
50723
127972166
323750
98611
39424667
6432554696
227340191
17561700
159352
48490
66245
12215623490
534574928
800801147
418540
365526810
32240
64528
2652520025
1484202521
282858
30784042
618297045
800801147
489721443
905008278
427275408
522965818
188940596
905008278
255091183
112671045
1914410350
56238435
54325
28252
2815849197
41191
874625659
153425286
83865
526159969
82596
33366
24772010
85499
15911
26787
872481
411322760
180888929
120919
172488
12297664183
62005498
37276743
2291309
181146973
18422
193490391
193490391
125220
270643145
127770
55506
143760
230967437
158449491
31348266
47018
56294855
47691
1492932594
30809586
809295755
277137800
54246238
59378
114251081
2864459433
141808
31348266
1044483640
979136761
181833445
49476792
222187492
63421
454344
47400
497496871
471240429
220722338
776257611
2770905918
52516532
6471098039
318297598
18809339136
6354026
206665
19447173
31970
117764112
108109931
182267297
65797
1044483640
192248317
15758835
262908631
72091853
42356
30663
59281
26342
93664860
75187524
60044
280573834
171590
93856589
3509223
70757
38583528
810395588
67985387
88758362
6600563229
142544874
751601208
60850
958638719
1184025
992598436
53866551
193123383
115649087
212613
13336818
442178790
249117313
62041123
145487
32785
331907841
38403017
62041123
495863978
51548
57074
174303363
31060
2439984
19244110058
8513943
628838
71793358
869628307
69983917
146129579
195081887
1523523643
36316107
31662587
177662
493770
57472514
1397267878
31799137
249117313
360009
63531
511833340
829132823
4330634
77943
30198
29944
47072
115649087
48378
840950291
275048093
26626
199227
523790157
27285
69999615
75007227
31732
47813638
128274144
251257
16982333555
829346004
118354553
80381
61556706
62152873
68304
58287
16049801
1190721
527629278
21283
231106668
137092569
57573
168092
53031
227406228
90623
1091555875
210124
1018113804
7398408
13228307398
26601
176685673
2845160240
6174568
20302563
31585596
266316634
17368
104384570
70167615
189967
2837640141
495863978
118354553
1538085577
2375105
47381
966561491
99537083
87312
198111475
53097
3974030379
1363086588
188538
546308115
21501841
52273
1306222016
165430
33880590
169497763
495863978
139418
1421215184
425744496
110817
813198367
47851657
2395985
129994
31585596
829346004
27047
908288648
532288486
302806
24371273
66128
39621222
83758900
550715359
283792742
74462
203196897
819851672
239248869
72838588
966599510
36074
2977814
57405
33970
27267
74595
76825
62337301
9733
929718779
1431822551
76199418
42061086
28411
137092569
52290
2858850573
52833
14571546
657263820
37195
966600075
206977092
58761592
1021222391
76784
236162108
539289482
62768
524191559
399078233
19556476
196065657
26635
51476
62221428
262130633
159583
158757
196424
37738
62221428
63375
106013
338721163
53186
115958
137092569
101332271
265783020
245704
7645128
429935000
247855984
77153
1565393430
43227605
91560
981894578
60407
955684799
882739
1560114907
129730
2201398
17257942
44461
43059
34867
102491927
807807
2467265
1560114907
273552421
125434269
118560363
92862952
9734
84619027
245556757
576843
59605217
22658
188683735
31604
22231681
213088
189008010
3169550
57624166
189008010
2179869
201260694
203802612
1592335861
1112381528
129568
290565041
28503
201260792
74079869
71238
19975428950
32687821
140014772
870693940
1766644
167780
7645226
508801
1050053932
1477802975
26191
41986
53592316
13183773212
32692386
665343695
181045
133861074
133861074
74083004
59071
35273
346101
443949
54984
17593
77483
18485240
446883
53126
13238641824
560832809
1051583418
140340378
281747211
149017
1112996054
26488
1487769711
2525344
2450571403
247114533
665345135
58953191
854523906
20074292125
17425794
39445541
129245
33399337
33043555
249570908
94398126
66099751
1071244835
683728
35217145
35217145
261697
32818430
32765
207967330
37709
30308
2037614698
466667438
33032
466667438
754241214
513720
592386093
101557
32537
262896299
58836
617284
196959202
265379695
448160
12648973
407554612
102674371
28448
754241214
124608070
209798980
37356
102674371
10280880
69925
666926447
33052973
1609449126
2059649149
3791763
28373
187367802
41614
468255566
7857670
965184467
67292
63812
41998328
312461
1077157480
251786858
3009361335
279468774
56498
433924264
7857670
2593304
53100
673081983
22399
21843
93578345
243577617
21395495
34657
35441
574636
777877025
2593304
18952636
673100183
205112560
28246172
194100181
2347634
129074
280341878
169318154
977476838
571616687
41436973
38897
60654
64260
1646309762
34022295
21056
25429254
61353
491314333
41337335
526745
327812
470553878
16941499
980622206
125456766
9804165919
50012
148752077
233376
38763
62025979
1561714
3065367883
20854546955
128517659
887382004
18237644748
386515502
28975052
10168897
207290344
1528427939
8097286
491497197
288127783
31298
639474172
61557780
276134
191825872
1043870556
447158
34022295
38400
249869004
38504
263219172
315833591
62581507
34198031
36489197
76436
63914938
37311
291174555
366719669
64765917
512378223
922835
149359
55985
585603276
20195
38516579
43741525
990585543
2126836998
262387440
921840073
57951
91982
14263683309
213325
639902212
895664847
148430862
207386024
45484266
561215965
58563
491815977
222728
95546
242261469
366743449
35306
65993
19598122811
2920837158
985197610
268967433
198490
1673450752
14327530036
13596500
36255
35195944
28759196
55601
584989648
52199
22159356
1575518418
3169058195
106738211
265726359
84918
62193
604656
56446
455526285
110483721
243605136
17403684
7162742
490248475
35340673
203391
368897089
1667525016
243605136
1103224
56932101
17403684
15778694
66887685
17403684
42930585
18164
67622763
110769
616075749
216400524
326827379
2684779
18598557
172458
696946720
158263
257348149
472162428
60365
462092560
36900197
708926
106653
24119842
11878514
25855334
217301137
18598557
490837518
3169618069
8172742
743207426
29806581
113812
283626954
198781871
56471
51467
484980564
79097880
99875153
87918
1164536854
511074984
491097189
416070121
19422886
154688121
218232
1182382112
174002196
63308
19422886
57809
1704579745
45912385
32657659
190406
369715
701487691
466690738
104651
1593097892
56481
623858813
35277
314145222
129404101
53313817
475230249
547947824
287444494
114275
64802920
272921
61394
221954247
266573
26145134
100359867
3379304308
265573848
114849
35881923
29945
41855
454146785
47184
134246009
44326600
1593101042
144518076
206611
43581
58549
26145134
1078236065
75727
13248210
282708
74380
84365073
16075754
61768
3144009718
581464566
271700
5715498
120628274
60830
682236406
593526609
202005086
62285
6928090
212655227
84365073
8519302
52592
181674713
2732155
39004
212655227
36061928
1688856427
109311
71511
29947755
171993
314145222
9586898
2166674506
363793
75715
1195585959
3207980099
913340484
1731799183
18680943
133001209
14640731019
276071
88895
1195585959
271084293
212655227
592634919
156572578
22108
120756146
68727993
46454866
87300
5651884
1693567444
43464352
19625614
2755567
717198702
313179359
20797
76089
65412
3158990136
61205
37601127
1219591604
38115
596599177
1094729
43555
47087564
592363220
147446
946301617
364448614
214011241
1449842
80337958
109070
45577
518233636
117866
929624487
2755567
25672
7411388611
67806368
113923386
32301
78093
95113
36093799
134755
2177352658
1152249264
3238657958
219567
85162646
244582766
54921
23031980
162643432
67416
11484
1458999322
3173617362
65090657
18075224
42879
30403
159320654
56766
122249781
1426116959
137334246
39561
214011241
634667733
61817
184333
113923386
489046862
43464352
355913
93293372
47598144
634667733
462783068
285915364
223637185
28790
69516
280933395
68286743
214011241
21174
1066229401
14091842
39841
462783068
36033179
182407
186086
137806
30666393
105078
4372545
145625
326838
1147317446
226532494
83340943
584254239
38672
946778
858669630
657485
17892969
1039913759
1207747781
138534643
266000543
667997436
1505939243
185814
14927194714
1731789162
138534643
122284
18337484
125471
16130414
34155
950236545
83340943
76506
82211
6133019816
306379624
244510623
65609
95942297
641560991
54406647
32937
91413
113187
73282
30939193
73828
227101672
7527593462
8598538
67126155
104231
79263
10712327
851225421
104957
156400
33031
30161
76902
54600495
1765292822
234369
122543690
993101716
29267
22407239840
87156
512390821
135525
557673981
211284
720423
593679759
299845229
368349014
1745650923
54600495
82621
200390131
1245462744
64519
248877589
276286609
57545
276286609
2422637
3244867602
65344141
647162620
78551
159822
147621
292004
68294
980143404
36777979
65520
459391
946918338
61168
122547026
138912745
607005221
504010300
1247820749
19593658056
66577
2234301464
345980996
153001
89847
156733
43716343
881518972
383603500
85932
1750307322
45495
1054555
874371391
123524714
65804
604039213
67443003
93559
123524714
139797
303378863
54910967
604039213
81226
221419129
1770111668
139308612
2238957863
1073276046
120272
190186
33471
541457591
138912745
49528713
47525
3806464
345980996
8846794
248877589
39536004
139821610
509705050
53299
1990124
726883134
3589843167
175117
509705050
3394581417
39127694
653593345
228075
55501967
17032885
226124
1499385
106598617
213863291
242358
188375974
44747365
108730
46056010
37092979
1762473072
2255366339
19889272
626079877
98296
19919719
533258689
903224279
46056010
33740
903224279
173048203
528426014
42510038
236337318
66957
88213
230130378
3593292294
33495
20103396
243820
251031
1063173
380907318
323372987
145568978
126064
179825752
508008001
2950723
397615860
32144119
40767584
264691184
3632356087
24132932
33107
513924225
259428247
322164828
614869
83406
169963
82846
3416760781
903571881
57620
562360842
82517
51308
892140771
2348302246
849714368
402838300
3479654492
52692253
23667252862
44615820
629083981
38779691
45854149
325263883
77455
322165662
1003947082
496798
129639
71067
17032885
81896
562360842
498545509
90503373
192365
103966
73863222
50906494
48689
51838
483044
241431926
172470
905866262
89185948
71322
1009246489
1734325245
56980255
367526976
330426
119319
35256675
415326
440888
221067319
34951
73356
209867880
536431206
307615336
61132
313348139
132108122
240977446
45854149
1128991837
9360586
78137
15898336247
66871
357325020
2203832
217334
49422
331509894
26063
195368974
1139536843
770080642
195368974
770080642
51999
147843020
225810
73219034
1063780742
517686273
19417309
1314606123
118016851
161430802
629784075
661232545
89004643
320874
76112691
3505053301
3054907
927313269
110572
316881119
135597962
1681834764
282476
83123
690977006
226494
332119422
282492492
24845036
1010260948
151439828
332119422
3054907
566221668
299605052
22135093
606996153
9652042
29604329
58179591
161430802
1379154379
921560698
329883196
46627690
2842969
669375
750716988
142225
63432
149847
532687588
51767708
53918293
96952
209609448
750716988
63374238
184449352
67209
629784212
224625809
1015865998
107328332
360404225
31451
924238011
16225971866
79481
50659
3096559
95204
58612991
272493170
54946003
136494
65986
529630465
159147
1015865998
89475499
33789
48070
179073627
66514
3536136336
47413858
44314
286945790
22708
1406352153
86790076
785836373
642801231
3536344408
32353
94876
751080080
24459679086
11957138
1142575525
417429304
1178690021
273226634
128363311
407069118
1779005333
85903
250422224
41077486
97049770
201916
361986267
441330504
104642
48117
78668
1733556675
1054020
3770857390
1903124405
1168978050
25286477
152491136
83678
47842245
21322481853
316881563
64369
152491371
1142575525
317681651
429122722
72359941
362070030
37374
35272
547919528
1940838666
580669
56353017
2713489
949143739
117985
24599614256
675922865
85765
126185
559792920
1426339182
754533230
362070030
73284
96680634
56382617
180668
16439706581
153826706
33458
77479506
293078413
541148215
47992109
21725166953
730170
188791050
21729252693
76693236
73254471
2485508826
347442
535191
46564
247321
205968302
8484721902
427231191
157921
1214736267
86893
73386
553841212
94254809
252449686
8505275215
255106629
62021
63142
1991240725
40426875
325340612
161722938
1809968807
2493928383
325340612
89920348
16751290352
131711110
38369
351152532
97112
73684838
960832097
626178665
351152532
680399692
1197427
564368980
140193362
867826483
35067313
2021818581
645500
900001
94254809
325363814
3900885633
1761253375
18344550
1771686392
597270725
132830254
252449686
25265973465
157886954
44171111
64540
375064754
44171111
2519185036
20647408
13718267
353439780
60737633
252470926
1186130220
78266901
25312499602
280921249
277663
171112
38143
551213538
180524
1845411846
58973
240171515
2521115830
36577
282924753
3922056213
252866190
122407307
821250286
59361
12342
38325
602883417
119779
53693287
2294640
82750
135097
64304
39241
2521115830
142672026
678808421
60234
227238
1849018058
586375953
149744648
329271365
68192
36261
286091318
597108103
1090262
129132
1348926359
86188681
743516974
1193154
103730
37191
57676177
1444898
35234535
53922
325964255
194262871
61866299
583008
18852134
22390777
32600
3943655722
561259417
279132989
561259417
1232218128
1062784640
80180970
3724587729
109837
266805584
758256576
74862
1458184066
41795
102215424
282924753
553222865
53823537
108275
982435
122408990
867665813
79580682
41270
100852
187093167
16621128419
684161083
311473030
95315028
122408990
640921738
182640
571210979
191293540
690527878
465169
1917882640
79496
613449027
1381644102
286325808
275492051
762468940
73324945
250918
159847
3783116580
65540
35728303
253483
3807070377
341698157
36169
386052
705158188
327409709
270497
2041890498
52055
2597708653
10531594
621203092
78971861
81499802
36765
1010311601
627322459
1397212
600478833
313566299
38026
43158988
35935972
83893
582088869
1205039637
1409905291
40490
50630253
2598027298
1454645
19134054
136937336
73018
889801
3351676
82352
235148
491166
223072202
339022309
52873243
10531594
162931813
448688564
74248
622139118
1991982
39677
292648435
43369
31011177
1325358
22938136938
45282
293082433
1398803
50390052
144382
57754511
8895346899
43158988
292648435
118716154
32399
23286938
622139118
705276799
69292
1899969770
1899969770
19078421
1257013405
3825144564
22969525807
294886286
88367
2879592631
339022309
266688110
215882177
1051304324
292193595
849754501
82428294
160603932
431797
387495077
609078340
1505330881
52873715
64618814
714551669
441563678
67030
145181945
622139118
67630
215389302
1023049803
42672339
65805
979431370
182893
699341282
527837
35534
3377884
767791876
83904
63767505
622139118
2156414
3377884
2056659192
2095912174
127555
708671863
792531226
36409522
271027321
185257
45801383
582892
506456
1916659731
199395
61777
98554
65387114
100792
374547019
1293415
63561
694614659
81808
59783
115507
17208865607
194505
23430950
42613
45801383
50782587
707072382
41538
35682
329944561
97312870
21730675
699197304
53387740
59024
635128497
38295
233572
97312870
1415801466
274245957
76777
10531594
339022309
390800
17764847378
55680422
275357926
26653734454
129955
131673
1128835514
90560
84148
1914050057
27899382
1023391935
101533935
67339
1914050057
97627110
4083520468
51720
1024235327
627675041
2084555386
85175
2090715288
2090715288
365809486
798610646
783715352
1546061
374991826
43309
330673960
31492777
2538214
92258
76063306
184451
151895
42508
204841959
25571
1540001658
79962724
8472437
172799302
101533935
204841959
86553
210621
30164837
1427795652
742858793
368476208
217770953
1317258638
293770995
1821197470
56303405
368476208
301140610
30164837
282946
42587
17900805071
98917
146224130
635188594
714028876
1278958701
56303405
1352615
2668361988
27899382
1204147734
27576
121971488
2690590512
742860515
1152815837
9424844
60169879
671260018
43840359
635128497
35618
3916308386
714028876
37131375
304383122
165443517
2109779657
48148
36725
4572841
77075408
135334
46792188
377361523
58880196
206566498
613017154
22026305
355553618
393834
103926866
24054018
1238497734
84233080
74119
562167116
299754490
325307004
28047222
2120163737
606307132
1138780627
126833
1427798184
46896020
84233080
62249
119048
207638
87297
24120
926018739
196869180
142434308
83922530
258054
42573
192699
751845927
67869775
643111496
37795
1037921651
37781666
4155779492
547435
51019929
594436123
31438823
97854072
39520976
248999
530641
703812373
30371881
95960
27225224417
42910
37490050
88076
46628
38089992
91186
342811809
36176
1551597390
50822
22545655
37819
69106935
1188310997
62329927
387178683
276768380
47866
45915
1188310997
70400
197038471
90534
276859531
600880823
34466
20521795
2800942
293899
78652
101534181
2211508561
65979
102353
121971488
45101491
81695364
10729790
27502744987
46741
45255579
10729790
293778345
1322583773
37878026
70790
99284
643111496
71460
140920
712105787
121971488
356773395
73881
2212364449
27532741514
1140010
106498706
145200518
659211
806837397
1442639
335056720
876851581
45693
1013842255
215307819
387085
288016999
293778345
2015120083
457436913
359327810
98830775
207235
746084358
280653320
715209197
97107
153642
102104
2767264395
41105
19848614
1470134
1565395037
278519545
155529
137050
724481672
10909610
364994
226371845
23272083
771048
32984443
96566
302878533
32568
216924579
147077429
895485581
606483918
100989
46824
236848
60271452
60271452
147125537
83350818
1265451117
739798084
151432
44582
25393640
289884618
489641
1204414039
173320980
46445685
63562
100428
2628342
87838
393222618
94286
308115
199093
220583494
164817
393222618
1279102605
1200732982
381877769
38763801
2193732484
344725450
394223213
1996334107
70945507
98349
96128
422032733
1203112142
291885007
357407973
743970331
1111778986
411559
1279102605
153598565
394660333
80879
3854447
86604
130541
66075
394660333
150193772
15903501
24731630
396222756
40801
68064
150260153
113985
468938923
31372
79820784
49405284
663436350
426031367
11451050
693945
423233970
116338
396672
27845
13250395
289167821
381877769
3689515
108102642
809307
4440690064
19169920693
4198517072
45013
425926526
1138875136
298072
233397942
93285
346891073
1383732503
502280917
653351296
87662882
818007
109159367
131931
76723
135135698
64218383
400327
958720146
47788805
430738091
382467
1126273936
90213
681349838
743970331
289181
768677673
385662
292918006
348775223
403512216
1379331735
4162621682
49674701
354345333
627459003
424272077
4241588818
25496631
98429
71958087
47068931
80155904
84247
108574098
115494
116100
877033804
2150071
866679804
61322475
88074628
101100
297330770
47068931
309961
400607581
47284811
85530
1061994294
968672
130887409
111379
1294195638
23702478
25810131
108589842
136320718
63370940
268454335
108589842
499100
446059
64218383
666805466
298420316
363719729
77725
1393010199
44139
200250
453612180
244419
53780897
77325
153191
363977057
50089
58931
182156618
403049081
110329326
1300909746
594704507
4539758671
25968006
88921258
131331
54012026
18936286615
284459
748218768
284554
66375
84718
2904447044
462947
104018
47732951
89045598
9130485
541828705
1052035
141118
354945123
972238893
40278
4565454045
57582
71079
1365879600
972310971
62562140
107587
154261
32532
109500044
443391
1092114931
102225
324937215
372275885
5423804
50887512
790816089
814817623
43237
166927
47007
1139544
112136
2505939
256584776
434727
64540924
54694
19274408701
114595
51788
40042
154307523
1189861894
49412
4809465
2175640807
672583275
134500369
161039
412287076
495818592
41187
1437112951
242779421
1437112951
92389
92998698
55256877
24845869
330686001
227349363
1441188103
10166112491
2193593065
19465210710
1007991
1430300590
2124786129
154890939
100066
100796
230328299
163390
2412099
80569
1624063329
157757405
703094356
26631381
9362016
2309817223
26631381
712626877
93293448
650900411
66621820
44252
32024
476125
56162566
63374
19522016840
56336684
77061
77835
24794178
24794178
98914
14896641
216468654
468264
26271620298
91427185
91427185
30921900
421929532
210966
93407
45218
51943066
1436442568
45558004
871506255
3912679
27408153
156958203
41346291
26311367477
596171
76803149
703094356
10235347831
48945911
420866211
59966875
42856
1328763764
95872056
815964405
137948314
198246
135572038
65582273
324651
367023012
111842
95497455
791623957
468645931
822953365
68031127
118602409
88553
191659338
208298
184615221
16388057550
2253044110
10249604867
311051451
484201
177738
56643
12020330
114928055
197726
66086601
1427265099
2092672542
90982823
3912679
40096
45440
685632696
1427265099
102268
2224286289
19696461264
68031127
173911
332694993
1448468038
76854
367023012
305411155
3912679
459277377
220195
300385927
49674941
117180188
677019288
677019288
48946244
129259
227864
26417708520
51311230
1301820668
1715650732
177737
658405883
830397786
141944958
19706958089
77687
378229657
167342587
20295780724
67290844
52280182
230017
1202010869
24890293
269109
28249
159383945
88381
726562534
129562
28019282
1266760139
165917
353370038
1094648
9965994
222295414
28090524
132638
20405842490
83042
12416426
84292
282835489
426964908
42157530
29105
42868
34660
1312551791
116091
149356
76413
368437516
1449658
1134034995
287610
275924
49080
89515
144766659
1453841776
693584
222295414
841044322
188274968
200044
798966597
161198123
846680628
846680628
52896383
412085428
1617768674
187812
113234
457750516
67158291
30891140466
397848657
707746977
2496238207
1466989660
138301201
1007144034
37575792
52896383
199833418
71718
367880
93288345
67449009
85443
44994
538657561
193834
4045293
328454800
148892
55384
1158509128
45545
287095
134788
672994795
187958
30154
191798
809309433
58203284
356619731
88822
65002440
77546
824340418
741534610
462602518
35280
692173018
154392
1019387670
149595769
845868271
359501473
118039667
120092120
2179340927
145924039
78446
52409
12952490
98843892
86919032
396470853
12952490
2357188926
827941526
804547789
83180
84724
52333977
105523
804547789
1764658998
193708281
827941526
830329334
351476168
861817435
1534885492
367468107
404762735
901357
32717766
804547789
587684
149595769
326558514
55032454
83291
94493
108285
99293829
877921401
46279117
99293829
326372
688378030
12952490
199490483
126476
311700579
827661046
68892402
29049903
166338083
877921401
63034656
51821491
53864433
1245839641
182393
844048946
1352603
118039667
547423104
163987
827941680
1037400928
312698
157283
867652
102878
2357739947
483597305
71003574
1264105261
78233160
270631
838094
2357889995
66827
2192995967
443245
162364
483709
10328758
369346709
71978860
94141433
21259071359
241755735
827942538
52783057
800939
129077
149600529
1244660139
118039667
17573465
745263586
4127445
298595
172795
1490767605
120644
229615004
4984834074
119954
344039098
70646228
397189963
854329660
1363580430
4986838974
12952490
109477
306531284
99376563
1363580430
70646228
199797883
69989
126297
87844
1213094645
186769
259635394
444861936
465857208
690272062
830992456
465857208
4986838974
1691082430
32792820
236285317
108973
1967081
15038728
77699
3066302
1259207495
29267237
399768845
314574099
375552441
4157685
465857208
59832786
831913154
46102
54760
474990379
229508
246675715
840013599
246675715
95318
735150
412089898
853809200
180494
174127
79756
446929448
949703
31149
2577029924
94906743
76799
85397
424498947
100025766
32429180598
79502
101425
76855
43607803
697218150
784517432
104089
129911147
1219182652
333877144
911878922
28386756
54949142
459289478
169413167
2604847196
405521270
151507466
52392362
17316
48672
29695087
4800528406
76618
123032
1269934815
326729849
370998186
1874355957
1584298830
1585487714
88856
60472371
126876
344394
4205737
49230
21103878416
379631593
109823
4205737
824104286
92244
96877803
155385
46720
236706
98362
49604
44345
479323014
479323014
81697
102172914
4205737
40397
96877803
114749
538559492
536946987
473894
835936831
891790563
54271292
333931990
267182
33492
95337
334053870
207520800
4602247572
64251
13404074
21923128061
2265051169
391101601
124728483
320313991
431285067
777571272
66721782
165317483
229354
108830069
516872
461949245
335234153
335234153
846398526
26852163
90114958
40453020
71895967
5197408876
127514868
1306643394
104905
102172914
448936
368162719
26852163
62389
1923002080
84253448
214830184
13467434
99425
338878084
758629948
4602247572
85553
4854384564
120486
1539538322
267338314
464468849
104949
102310824
845000780
158475
159671
314475
133745480
476716706
216145
464468849
99049973
61278364
776403243
50683
65453981
65062
846399098
767761000
1199101
897235749
53619
5132865433
139133
72389875
85806959
723594701
81293
450119099
511272048
29080881
72389875
2749100
139558
545211067
120630
79206
52566
719700836
142201
47707
205528396
392448270
1230008
233477
119062604
103157658
1438575051
286007
464468849
105834
102773
57483
370918202
873654004
205566821
769524930
383974078
170741387
96666
53172
71446
153542
149586166
60462
465037588
5181667773
132114380
104273
116035
512351214
84825667
139595
1292453783
216682261
52521
4630433859
426154979
2634114774
53096
34203
53025302
1767609627
4266217
2465739446
95828
784644884
439466006
73599979
1292453783
222490
287788127
1641942789
29641
216682261
68410
100161
303204030
1364079348
1564913598
126605
134184
589860
2155838
3183050832
88307
2482431
85130
2754577
168308
50147
170741495
142895
49293
269606
905681103
210247
783196712
4659870
256698
512354334
1122623860
972396049
343197947
287788127
58449911
55945792
144936
37989116
22750808
30505954
56639
601604
40576708
56066172
784665476
90235
1414439831
45915
1903208171
36586927
143346
798821909
532601807
67463
22291162497
2246521774
177795
137353130
36586927
4285585
505978
21637900119
396358770
732992164
29287002
256364665
1572165028
127708
33634307245
36128
324829
1414439831
732992164
2517854906
470301193
205136
57197
732992164
4929942515
219851853
40771308
1905033042
4301785
44614
588537
342332
968228
470301193
26144579
86002151
132597
432218435
786845312
260033
42184
100539643
45116219
119073
273365
371203557
907293433
907293433
569066321
151564798
4932973990
476766861
490737158
313109
125568275
185857985
29287002
46461
206758838
51023
44782
389589615
569066321
1631819730
743388363
396358770
101796823
86002151
1308593826
104315
11266617226
1969109318
497796
99797
262616602
290291820
56749560
1912891371
99369
651881
16304463
13664546
106436
77436209
7809344
149595526
338455407
991517497
1384010686
203915899
1136857547
273207168
58670
1299195534
94146
1572165979
132867710
56749560
203915899
514161931
53120
369790
1917333996
2107480
66642182
60090305
104313826
771783216
338600367
27298880737
4358125
355647334
11328385140
136291503
54086054
142499
4716456946
30970711
122046
440991
402832
463926726
543844
1969677638
1315582
1917333996
92167
1793870259
489246629
178230017
161869
685841
394093
2429691
54307
158928
743774179
59189103
80331
88720
138599
1913100348
25141794
40771308
3247453639
94764
2317609699
5275638753
4991511914
860132596
99824
1656710681
309655489
150446680
67207
1319258286
7210634
29654329921
813284217
105268372
4736752534
559866
54182
125503
41362683
13986146
546482
552085581
68241
168386
1125839
45580259
179092163
57204586
17805
765062835
100916
1300648485
269783965
63589
67864532
664588000
269783965
939077295
45910
3287580
2530898660
873211181
104311
45933876
205847
67661
93449
156839058
84782
109624
156649475
1870197
1477454542
5089127121
128721
1634213614
534035923
92085
873211181
180997205
46122108
3491194
25397154
2584001338
1156452110
716329
144719
90447
61407717
1107641431
1107742433
151873
54084
271415
139181663
1156452110
3076705
358138864
1699037
376475
3389367
28240610
57029968
30396627
2406180435
457872
2160092
790162463
559298142
365086949
76637485
74268706
4799384701
365086949
478537260
1706840489
222016
756986
89136
1337868238
766843401
939431301
412355707
302024164
10934008462
63876343
5126233840
92282
511558253
69475
11668893606
1634213614
2012082679
183195005
112957
499340111
109696750
71871
896859927
896859927
507773367
1369032076
58435703
3585360
260755320
94708
433295736
775730
69178
35557
439179
310912
14145122
499340111
57631076
95863
62508363
1464431079
185587
368033
28753827
260755320
69557272
67778
2604061349
953972276
104334
891144447
514283157
1243058598
35142157250
1532783909
797892536
886268070
810353013
21978682
789068309
206823
63000869
1055299487
178240071
906504953
893466
80918689
32186601
2061692744
214855
4922279337
147638
105743
2446069087
1188880293
35696963588
88763
56372837
109873
1510496749
19073710
231041193
38402829
166222
11977477747
99284
1082102
110116
31089169561
1889487132
825201006
231187113
369697043
439369117
35703064127
24537075
903270938
129991647
214263044
11982202963
723944441
112521930
220374349
1656034468
23742260901
11982202963
220374349
439369117
479716
389306273
292622
318734
304851
94011586
2099130
381128945
233296553
1148398571
88754
365122
107963
1905213172
1387431129
528189017
52687771
381128945
4331476
356506
584086577
108643573
1148398571
4696480
189052049
368422
285970272
216257
928922183
3403489127
392735761
910009498
31380925729
726192
67651
143243
110519471
54761
38626133
15486072
31240002
5575903462
110519471
442503646
953974661
76201178
221991273
80229
499437736
971061808
283417310
29566109
233296553
167213
37951592
217346452
108413
853632451
2661384104
834063527
74522344
285970830
445988296
2905863234
644297
633432
38176817
24035592284
159008225
153376
201968
515714797
87495
1758806077
838268417
40471706
31623063696
1394313832
97530
910696002
389740929
2694152765
162848600
473354047
47678437
463835027
2694152765
374173405
61810
412356615
124765502
68973
302907
660479
48963
2693669553
919039264
116409
1399067244
960289007
113291436
361489361
473354047
157157290
199183
31527407
23463212548
426274613
932784
285970830
29456107
73246797
95477677
135213
49645
919039264
97944
1588699416
24337754289
1352312897
4793104
79239815
357919
244170
2949083931
834356470
52096766
70752
990507354
39166
193543817
162848600
1207065309
429813930
104725
12378070659
18622
400198227
453556400
92644
150162322
256230
61479454
1171131126
466128158
828569419
36887629235
701496
100647
858758170
1097477463
81295
105549
164101160
926539774
598615567
400444735
336411
572360373
993964474
302404
1800783
24620444799
364332713
54896
453973640
66791
456040330
107633277
194940215
109585
152361290
528642
1427740956
97153604
2899787
84626144
436103
5422166258
867113188
1217661031
84626144
975579627
219801204
38826389
107633277
80487142
1422785619
30456054
121700
2726546186
122673
2529745154
36310
5731343582
5731343582
139697
750110
109733508
1404335
2051163
45945
148062
694640
926551777
780802
2977750744
1556030
290368587
58404
5422757112
115955
457166056
193030425
1555833872
30456054
23900650128
188243
92257
1407837641
39709862
469023045
300380098
230457069
389885
152361290
79126
386797537
290368587
39928017
458662277
462604476
143895
315048
96199
12791017
191285
615027
268919
62155897
319259
11488706
129094
6168895
540642414
241142953
31761782
525229258
408667897
840228888
31761782
1408204805
5866370710
157898
667066813
52816
111733988
2164092592
543253878
455187532
71334584
94875529
109867883
31936907
232080
5607630517
58685
111172878
79779260
411218059
96824
392959
571576
556471402
396910003
83794442
60678
258709122
858157179
40775434
179924
2774003843
120875973
358980842
146762
1248849331
180514
473342484
159297
366759
224874
543253878
76283839
289979
50332
1148020
101134
199699883
39767945
543207647
893616243
400393
875529152
235862381
133191
646010521
77363
164144537
244043433
512825
215201
442793293
110508523
646794161
2288837
34518682
146110
169212710
476434599
560179623
37612
858799135
93044
164144537
110508523
371265096
307697
2013713404
268787367
95435891
37089
122046852
4935376
683523949
1899541549
476434599
413184168
491938451
918348
1596331422
531216096
1471971760
371265096
2476287
114279
2849285515
1523006155
876907168
277815
14901402
99246
491938451
305216
5238525757
935132239
34547
5645477156
38487
118141
76509
898578910
866562557
1134959649
63087453
40092
1187083
150028793
260385267
378056
646794161
491938451
1759624
71282784
370023211
111587399
959269590
1909308521
31482521
232499
580611070
93370
2910393
40433625
1754157475
866823256
87862992
163669
1754157475
61737
77469257
12869667138
218608
41910383
57685
198332061
276787
279177600
57821
416781507
879153649
456347479
141770
279818
170388836
3089958086
375653658
26965520
77096
1217623559
1265394554
51310
323443
228601
477781300
1035031085
879153649
2823632386
1031824823
567612304
965399544
32944837
63742032
96842
58289
41525694
2885529652
448065602
31505081
399260974
63556649
98034411
2614119079
865688
200025
279177600
1217999783
38359720658
57443
1433205016
26965520
5934037999
90424352
73879
129385
147249
416781507
12875817638
1433205016
95106185
73528
97315
454025166
8607506668
347680996
2617491561
178254
320780
38372072701
113324
51251
161209
57649
38369710860
126527167
399260974
61979
1466440474
1539521183
57844
1036504571
481969719
394661
12881215498
417540099
3612915652
15278635
295020222
537223449
63742032
27171280
112658469
568110292
66758365
138870253
363579141
299614392
830580423
624414774
112658469
105416
1897650234
125293670
113788057
98034411
424969
433889
354598506
7504953
5777797721
19093
122004
3623445256
970611244
29022342
690585
913778
77762882
873545715
937660017
66758365
438600
2911542764
569278058
66758365
106995
521705672
524607680
486846006
156664891
240293
83331
1901170996
33029987
62007875
2832388021
652761297
1651281594
937660017
487858754
139020423
937660017
240349451
64937
150125
358902
587095
240349451
1467509659
126135473
1513955368
245525673
1148609711
6139038094
418585335
364446723
894024716
139020423
72007
894024716
97789
1673484725
882178962
1155177403
992303241
860053745
175807662
5842062103
2678438397
112493
201574
31500066
27319440
120996
143750
45411843
86599537
456508937
40887078
5842062103
67723433
602487
79655132
5842514579
7691145
2062581308
467171
229126838
87839
1001119504
298399
123021
34257138150
178122442
368136
2078845686
2697615468
53103232
658405
1096111453
1534382298
1722848503
119937
25459975364
115256
4355668
60492
319250
141931
39303999504
499291847
467212738
97382
94777
116091
185335
26238058936
128931
493629
115817982
114342879
128318
565437993
160517
968937487
243933735
139931
581983523
100835751
1481390024
143469
34290139591
35912212
1572456323
151407915
5066164
408257494
120265
140749451
314742
266492552
907409837
325862
60232
99640
3142817634
1942819469
1075541
481364569
99052
1048958502
123627
107945325
5066164
363932580
5408811482
99343
58876
87415028
26274144880
5168115
372948474
225027
566529
92533635
208235310
59443
249839453
2339446
200633757
13224385307
1104999
147652
3168047668
500529287
66530
594707680
590603764
101328479
306141614
80691
288044
13348262839
102706
567969135
190829
1007223515
13348263820
6322358584
123115
3754666838
62109
463221254
505131511
1602342694
68858
25903362709
59373
74709
140421
475370132
103151683
1553303750
1575777053
161091838
1973545405
40953
360056
316425821
62318
211571123
505131511
463221254
73506826
92378640
2753062538
206657
43746478
132916
220489
148044
133701
3011056515
3995758
183435
119934
41075
3771840342
157613
81181
66690416
1011101415
93965411
200827951
2657361
204688
382125280
62921269
2753065454
26002112978
371549215
1694816210
116449529
676307
106423
109296
3227670837
68566067
96102
1485714139
670979308
93932
250585871
103046
5543165626
968938407
5192452
996187
5192452
5557201306
497046736
67652530
576531033
509268707
89020181
932697547
1022022999
1485715002
105906317
309631
181870912
734473
26171529727
63589489
1310084965
1995648476
42365125
103967995
88211557
470951517
1022598041
598799343
123320
1022598041
115190005
677226
46726443
124729
250750813
6354607896
502281
1455631
460825
2263501176
2764389458
174773270
1310084965
159410095
253155283
656234171
69002065
117273422
149395
1474351435
553706351
93816
107500975
1144557
159410095
51698
58742
54527455
3276345743
116702
40441035772
42808645
3840036024
1125029505
111998
1575914062
166868
2263501645
77459
121667
111931
119482
509268707
171958
15749011
847553
89879015
1575914062
510042186
75416
16036761
377733901
82761757
54844
5627198227
105535
237597
248826
837632
388997
1490095942
971235107
681454668
42843757
2017014423
243881
116354
1440108470
195752
125404
296314116
42843757
161135089
292559463
5258044
215813489
37085914
146556
141822
126245
603119347
27944699
509268707
5945903
284976
215813489
2269145085
1065084267
394470364
95637971
113584
468894
171804380
609653217
215813489
238742
95637971
941161122
112374
101961
432945779
67710481
591842380
187374
40816816310
211203
308258
83305
579594
902685078
165149
156980
1590928037
134172
27495436973
98770682
144548357
970905921
1822147
166234
62839
122006
182011
140685
3312530928
4299181
51108230
110028
443604794
175835735
317714572
119129003
1226496157
123291
902685078
64618069
39271
515417278
89436395
75686
2039983499
103967995
105773643
60116
971235233
175835735
121140
1591646398
2040413976
82079
175835735
119134331
256125441
410588
37463637
1736950397
690078285
28447541
422064197
27537759124
1118995
405115025
52820
516026722
433270415
79606
5683658333
490825
5304880
1048790821
118570228
561628731
129798
188241714
1048790821
1105397
245652
161429
124270
135580686
1750387295
304774
176139710
118570228
27625893093
1502965801
95637971
490853360
164212701
605077
256413519
560092415
1234846172
363687
214598
27691284029
435118343
2790643313
401461
224368201
123844
100349
94696
1275827
443604794
3881633
2505770832
527459268
116425
48456843
5553169277
106505354
897343252
245707581
1307027428
2327078247
2819876168
38177
926026578
485415311
16461331
325122671
166974981
988120020
3080682502
21329
272942
258899726
944226810
920757353
418930661
108823487
28970421
193307
391845892
304824343
122235986
140685
13996188367
517861181
426906625
1785155259
36972643
485415311
44447
419038422
69972623
241141012
68756961
138664
196474225
65684869
966097977
1246494236
444062481
407530269
3098412158
118644
59607
2819876515
43892926
5730750
106923
1317576250
35212781
35212781
517861181
865762
27343065794
138098616
196474225
122652
529230
196474225
381596
2079409785
28168210965
68882209
1358213274
182224
138098616
5432716
241141012
324624838
632434
617564600
567630431
78633
131164
173444
57377668
123030416
36591500413
8069066
408370221
127905
179770040
62836
530332322
726029
587465612
2251860658
937043982
280615390
54677
2251949773
149607
5521928
210196420
1814614958
1074465587
2018863
3187057087
533492182
46809177
92873608
43418
956737294
36947367577
391227
466776
1716575446
1350604526
14290169439
524429828
1717135726
108357985
85533034
175528658
2114020539
6382266795
272935
1815583103
273091
1085365933
716302724
85533034
87769
48930043
439526297
97641
3419441171
265744
170509869
351932
2415019989
85027
60784871
44584400
265880399
542782
1085365933
507218588
425915353
61836
3758419
1591714
622543
67270789
29592501
197478
110313
65567
1729599926
719551269
353590385
250170
169786810
178949
592780027
60558
1013734494
2367101251
42510781075
14392349553
80342
169786810
1927858650
67176193
534758649
139437357
73309680
1325695912
155575
1927860380
1035224
268166479
80490
2257732612
2418369554
2266815187
662782
25772498
49264643
261577
1729599926
156173
1011602216
310155
176316
1677917612
501799285
121905318
425915353
121905318
1184170
523938179
622948199
631664906
2125182033
71513356
113195
170509869
81228507
1090137634
144960
129964
171246659
1734849807
123085151
3464589321
198534195
250926
1011602216
361937
8414906
968526130
1162299994
113785
645897
1347517088
44242
990980560
1098985174
131484
109125
16796947
62365
103116819
268195713
2870356982
64985
1552140884
101969638
28102788540
71858504
36333
715868574
227540766
95084958
1812538591
506738893
704693
86354564
122711
15569358
16796947
72324166
277886
13579685
627378132
87230
538108913
140562349
4102383920
157434
177933
508197884
455331
110447592
227540766
109538921
172223
48838722
203587
81932
1754030775
333145
876835829
102119
3229974557
6001561178
14596008856
1754030775
1633863776
343214
3998678
175111
5611528
6002032
28957890480
39148591
251093
35756906
194755
57819
461011629
5145282
37701729151
58435878
1107489651
171654
531990
115470494
197509
164154
1055106
30909941
1302756540
123061154
297801
612113114
5632300
3227353536
104559
2463066439
6042244216
79420468
631217142
1110383282
1694459312
2147921430
508197884
84544
1117847622
256060594
256060594
311574252
45864273
2489679466
45864273
35756906
990443231
643096608
544834533
958864819
221999
2925762155
653566700
441634629
486164
1015756682
361795667
158494527
36409411
100474
111298059
316691
75030138
11765284
96095177
31076341
111651
158494527
138997861
123118901
312052
171286
66693
1182256379
1552209535
1975348267
1000306702
256060594
3111087
645197843
485062
310985
1975348267
9609479
2081204
156443
5745874
297007877
96646916
103116819
619875
58835189
405168790
45967995
654359822
42505
113005
36464166
216368
124363322
174923364
44541
3535129468
1121628595
1184511163
468344209
200275
2112777
43165
1231358
1855740
166530
472736
985997953
405478914
6559021848
1624707371
111634901
253249717
207405439
739288394
145351
25982666900
986476063
739288394
138033
965666341
429098172
991909461
108124
131666
69149
138606
1977473763
73248314
1305058
1719664711
739288394
6954118025
532729357
168378
260835
163525
1977473763
2498606492
6635517285
68703265
3339927522
82935
97501101
1457273481
456071606
3343684700
456071606
161764
91106420
1734369221
1031260451
135154764
1457273481
131365
113277696
178909609
233464644
1232702886
2397475859
443902201
523109370
131129
191633
98580343
510383
89729131
2402621107
76817507
178909609
1899024420
523109370
155903
86234
159436292
2539295262
3585223106
1213701071
1167341376
453452
2539295262
50646426
975758222
31214602
31214602
946282220
2235999899
98847095
5800744
2017148313
130538
151508
267286286
206955
719152157
645343605
178370
475947
133306549
44761823243
113296071
15346337
3378247169
226321485
211445559
89343
1235333980
126869438
7108565265
127948782
6755282712
546414522
277623551
462894776
39972170
270422082
107323
563625288
165452
114343442
6299503659
68117
87219
1577600084
147925768
1491708710
40941298
1841190408
146612
1420125
1762575825
129498
483060840
218929
182661259
1906721671
57177
211445559
1018073148
61187000
1491708710
1156334724
47080533
2239702003
1007271920
5834260
61209165
610475
84921385
114898062
530405918
41497
132054
630835130
53339608
39493934039
75362081
1595384340
374591088
180761
70698
624788546
1036329120
672396977
772378769
278167
147979783
530405918
96532
1453611
1121472
178551711
3371834488
530191
153049
45218455438
624788546
16273515
182661917
3440717351
278945371
283651870
178551711
130926
474467153
91221
120417
7235449281
2045490888
69164
347411753
89709630
2441144607
75580333
241359
47371824
90822614
210772
75362081
211445559
155276
45342995804
518175337
182661917
627182976
106138739
278973071
644110538
145437616
374676336
182661917
134069129
168500
1438732370
702602
548505
778912149
2589705002
187059
116692
2288166
337235
103025
553271393
106138739
229001469
1438732370
211445559
184177067
285098270
1438732370
115969671
106138739
99629843
72385679
772259879
115969671
7314814107
297132
772259879
343895979
139406
2476054086
62662575
1207515452
996194
555556790
6390519693
56861
581924955
76739493
1081845
581924955
1445232352
334507
2612593584
938100960
1807574258
2530368781
2090800
199677
524530029
102029922
123400
113906
4712381
272635068
72385679
3491852
170131
110038
2277057582
427136421
571341554
3487185086
555556790
176269
1599205589
191364627
68889
126302
152885
79145431
5926072
348556620
1081387566
30778415334
362867
43942
144064
64428
41701902
1973485690
86690755
491407657
556318670
136057
1601806193
492948
3388895352
1037486087
1880966302
460159380
38584336
1207436058
3683030295
62528427
658145807
329402693
212541549
86690755
6930288909
1808096532
496348
1082076425
766402
41985959
1880966302
3683044413
1107045782
990319
128347
186005765
1743035
353945916
562726792
2087708801
50897975
279247
128796286
1028167
93760063
1060441557
135313
2300257736
496256682
2638558009
479025595
179251
1523020183
634689
73758
664289077
518661924
586054646
2087708801
665787679
1457436032
87794
578962289
160322
66093
241180547
132363
494741182
181862058
73909747
1220826379
800997
18268435
820219
646548650
521283018
356548334
203709
1097611965
1221523390
808143
667015618
2879756
1212223501
145000
2561308468
152689664
356548796
101675
1838800706
79795735
2519321663
382402556
226538
1296723585
1637697
171686
137296225
1951890027
48276058
1187650935
31390419193
79795735
1222971459
119734
166996898
453665
179557
169483
40748610920
1738234263
254888
1738234263
152689664
159225
3532344723
244643
182300286
455073058
455073058
88314544
89819
74727907
103642923
646781984
969949762
1306709207
417723
116494
153848009
186976
1051893000
145242930
289635056
72956
1992290
566540116
2904353
41994796
286246
950071
79161019
114268
1963819131
6047392
1027213784
1301056238
425028
3205164
38085904
267590977
102306
16511989
133407
4034020698
143699
1308230205
30844712414
289635056
163675
1308230205
167857
57101
305962331
1068449974
277272453
39638245
464494384
7110045
69194
139939016
1212224411
44596
1200951
613190409
184637784
132459
412797
4857329436
646781984
1250937646
1375461
141362
133745141
133306
41337193259
290021616
646781984
281931
592841182
2264686
184864512
97424
573353770
38714878
1141314650
115207
308150
139939016
16046877922
130662602
1399387033
133780274
1083664683
167875185
1052771
1211140
353212
804216
371851674
480688295
7122301268
105360660
6080404
212510
706495
43101103
295003
74359
155087030
651691669
124233989
7528911297
117477
100309203
43101103
114895
43101103
57891
80731995
392041986
141346
121861698
565358957
521465984
4528472304
47287447376
2577954113
105360660
123307774
90056521
155087030
464689479
165552
1644572234
90411
214306085
2022537096
131302738
18574478
291583216
25265957
134859770
72220
4537901796
578086978
64889
128082
7127673188
695398579
246428
123499
90970
1251046941
671654
598766874
137707
578219492
51875
176937
506450593
525200734
652351616
46211
137849
123307774
1046402957
466587547
581813992
122373110
97415
502450551
130932
857018
64157077
402515995
194289
507879735
16176260552
136604
215998
284546901
2389241961
136672196
83662
1070727171
1256579286
692931598
1756654488
73769
3651630573
248232146
136672196
124494
215524883
507879735
1227781972
505153
472453929
1756654488
174730297
169261
2367892840
185435142
412842
1353738517
206855
452136254
581687727
49565088
451098
115836
31418272402
55036058
465174963
138411
70838
39544378
9139740
119359
838151
6883359038
813656069
2273802
131098
174802
3207215641
2451199
1137772299
10345162
101693829
28405934257
444511
586973344
813656069
81786811
108741440
300085
828068344
286741
197965
1089146465
914652
68766
18807182
259440
699539716
359574049
1235274980
2405001061
1194602093
65856280
136934456
1070638413
63234
76952227
31615151692
985815
1181066893
3590939239
661074119
2409768805
574637509
3716298427
72837
44259283
146103
145580
216585377
73517
76839
122628422
617903220
194637905
293160176
31613843169
1073160480
177937
250286864
154018
73804
32131847
539986
67374
66212440
45423
595509828
1070639298
1534057
124082107
472820209
353058
161860981
1311544499
2029434345
291665
2171039847
46122
61784
59348
170788854
55962
2171071521
48344
53995153
167967
155418
2429431549
128787
1658633928
1195662082
822614552
2706102864
3282336
1195662082
6220912
625276427
2029463163
1082377836
482321443
1091920051
2638615173
625331133
269878
606493
2429431549
184486
148750
150541
205300
593485697
176831
173571
1253421058
406530259
147930
1195770389
54250706
197165884
3769230276
3629850876
283620037
1289218132
822614552
3207435119
4604751
1090714380
44718806
691911529
44357
610517800
1673708644
564499
69691019
463086804
67064599
57447133
7890219217
102703711
2037118203
7890219217
300613199
260915
229754
6822123735
98870175
510520
6822123735
1315333475
1111476523
1039280871
3225994319
144827
843596
124386275
191723
32930236752
253374638
108127
406533079
198902
2136964
58054
310907
2433169651
11379328
593486323
712346736
281304
143555674
297473
3901746143
694682561
1167158670
169284
82681559
371049466
1674261408
78166027
264318
666739417
1868169893
3229579028
193641
232029
118418
102703711
830430697
83316451
521775045
149264
360597
2195965518
494333251
119325
263177
110304417
32304039633
122706305
88919
704218171
9256238
99656
1282802512
45700
150049
735105057
859841
128743
237641
294726
209540
158101
1548149649
1296397263
197468513
71337
719989485
591134734
133952068
103012
426147
47355
134611
7550997310
122075
100272015
1334165652
49321453401
316422
111724802
306656498
1580635628
83791075
51404458
3971993878
1116174925
706233979
757450
92641
259398
2676247738
82821819
197468513
192295343
152297
232408
6968467656
125913420
264928
485501
129421074
41257160
3286732354
111947269
2093135636
1139078772
127544
841337864
208980
125913420
841538657
87957
129421074
83791075
362016
3976546562
33546214591
177875
841337968
200625
200669
83046422
266312
104837041
1290482
2093135636
1119099799
99839
292321400
93983280
139728
242817552
230142
4751989859
16859950896
221031089
182955
3286732507
43286339225
154992
185181
2182094
2562554
33684547
7566639839
6396495
11931978717
1093813582
130618
425951
43396840659
1106992332
33625887602
190259
145587
1409007118
246938
525713733
1106992332
670720739
1698190953
165817197
293726
41481115
1296907911
63052425
1117020708
765967167
58285159
730264458
58867
78431
414174403
1334165652
3514548
173683054
36313370
51737791
263033
293975
41481115
78206856
1593368979
2501179334
1596891641
1219642497
3875795
710249232
84276823
1596891641
3833270654
373475409
4775118471
400843
1175524582
1115793966
9658975
1285416506
604927936
236998
96303
1149124102
2440393742
91648
100914365
155363
41749610
1107448322
5401891
344912184
84276823
1149124102
2698211494
45608120
197482
1342138708
100263
653892
112369279
4010863308
1121447487
499936080
2343974
694687
174174102
854526257
84886583
938912205
288676
69133998
2712614330
737210039
1484227685
40817888
222160849
499936080
854526257
675137811
48157
220145
238754
3755385841
1421363258
161444
60426
43918079899
2712614330
207276774
1350936532
615628410
1116600263
50062666601
1973748254
83982560
113214862
123125
539685
75617
1150277380
1226032
42365185
284627
76732
170909
417135
195325640
141494679
247952
169120
420421483
113547781
1326670599
3877450890
299588120
267681
2712764266
136955684
9916290
271658
157344
1297616053
1123973058
2216887156
23453
50056
1849075680
83991589
621444626
1714689011
58958559
1326670599
169540
102097565
121773
1426448582
677549740
855827
347809816
2089995
94604839
347810304
156090302
56389453
231349
300038680
1124130277
130047904
153650
459801
2146454596
925583
40316532
626357
519787059
605119
141496503
33756867
58958921
1616770137
7719349584
141196
1616770137
73533
1171989
649068274
4068215925
79656
222160849
295987659
2178339048
553571
660705
725284149
118750
325028
1068070122
577891779
19360484
1970820
52785145
264257345
100777
110083
58958921
250647255
717281920
1126503971
17177134
3922126444
375915
84885769
141496503
195034
1505527594
52970176
43003850
298819
3394176716
200134808
59038815
616908556
222160849
141496503
50699686099
358236
141496503
84194907
40817888
13714209
315805045
131138499
148322
728863749
141496503
297858659
867926023
48724
418308
1212870091
110272
78326
352168
111846
190962
150451
222160849
12525725303
7538461495
656942720
1548047630
619823556
210107
380913242
510547985
530375
130743324
2749806564
750726
2353794479
2515369704
479605
1381398016
2102677367
220834
165512
137992524
117281866
2169316723
753787541
1134537591
1137886919
53342254
103910065
199262078
545939480
1139151543
51050866397
693420563
1878146726
733474725
2029060959
251046485
222160849
619823556
549314033
448793508
756691937
1978404
511672526
645706668
1351693132
78327
85652497
619823556
450561
1607301240
805566
304964120
137633
265095
251046485
722654122
1351693132
835448
53890565
1216155561
461011461
269883962
16200013
213912993
189796
269883962
190772
549314033
74934
2828730628
270203
85681843
290928
2218570112
349975304
128373
153972
481779473
434909672
75858
116024626
1273198231
3963504536
627676174
213912993
2172804950
123798
1644000626
60226621
1140085427
34066947
53993915
8101852
34918349582
1754455
154098
200297858
270854639
506418
409235092
2544299135
527058073
91061
104590740
222160849
2035511593
1045254
137992966
27374067
201045722
652164160
876616183
142639
1861089585
752647920
210281
8678966
141523
185447
131714
51565712943
93967
691659419
662802789
193967
516430405
4184070573
87871261
379018
47388589
143053143
116799679
3870635370
810563
87871261
1150496065
488485284
39949406
166602
652685
118694250
512492647
214642
587518041
43976658
1328232479
1150496065
2046524361
30895130322
1760887327
599808
657325
450615
922124
7277679109
18577055
456276
384643369
640917
570872
345189913
327035
40716311
78809
1338561369
178831
319081
80880
1338592391
691659419
502313154
78988
164020
102060189
882085223
157589
267780
34658947
1478741
226931629
1468011517
32450858389
146309
86700687
1274349762
49312
17691994402
572287528
98250
1274349762
643614577
174679053
1540046261
884653378
1151417602
594831977
1671459769
1338594097
119828682
410623
152998250
261332189
2851904971
85618008
1383964949
621707158
1468011517
86718327
329678709
111853100
86718327
777621015
42163763
25559056
1336406654
486760
111853100
35282232813
43976658
2242751278
4979625428
146323209
1468011517
128600
488933407
7929103140
11805757
1673891341
167389
884653378
63223
134886153
3106556
164844
628067203
4979625428
1139232143
137993464
638190758
868011
160558
1155472808
389550
599686495
1383965469
257789
164143630
299774377
594473
1922650306
1922650306
80377333
203165572
79620249
214466376
882085223
227086
6689449
165198
6689449
554909935
1540751680
535971896
86206663
96577
47688283
295218
1628123164
117118461
77988
164621
269503
696333112
134413392
30427235
164757
638190758
132861
515530545
2600457
746256746
35460306548
1146787401
91575305
2587956895
517311101
780539564
37365598
2773129768
155385180
168296
74238
335485
1472516797
216006070
275659109
605446294
354392287
31792968
1644776330
319816
295879
175805889
611283184
157024
1278326969
1234251408
17797997879
45798908008
1644776330
3564745604
428584
232904
197015615
517931403
157951
1386087422
52526
337593
157148
136297
4015149573
386196
1355895423
184378
2777034699
165412
490519615
129329
1246419
2777034699
206585
197707
123165615
50278
503715707
186122
226535
214667101
17833181806
2637065121
82975
189389342
2587963207
313244792
354392287
24984
734923
1327745
232979197
112585482
88481021
644211416
81064
103458371
656649835
2426657542
196810
1240239434
138217
44382503
44382503
8434977380
3305427
290120
1164657814
193972
88254098
332472975
672674878
626994160
78688
1164657814
726807892
314829432
35416550
1823101110
142803
503715707
656649835
725322560
216007876
890302573
72081403
44382503
314829432
44382503
20031725
64650
332472975
2784371
10220991
54994130
99274
647391166
72249516
119318123
164683
658281709
1454475120
358854400
199020
154538
86996113
86996113
201175
63002
2100548719
163064490
2786676581
35746939093
155675470
65857
158590
1703503566
122069973
934425
3590259055
88401795
86996113
1366585081
29595673
2054121
1207613431
154697
113547
32976601
2786676581
200235
2413321692
4042484979
2291976450
2786676581
114574428
1188862
315646736
614954267
1283524341
128609411
119770724
106528121
673211142
67654
1685414
119770724
20031725
8490356487
131223
35520785
179773
315831056
982531139
8490357499
4410536
1778858
1192235537
495282631
194858
229021
123705524
1211680951
153355
1017841
2100685399
88508727
2654978391
358854472
7428141928
8491496091
46224207350
4238676630
309449
103743
728882545
2921537874
34790227167
569386501
728882545
269224
188767
148636068
46415717225
1253824607
159167
148636068
643369
161703
1293376570
120406670
638737989
650551
2302192565
18085364981
53002748263
706565433
1253825194
315831056
272132
183729
1570752925
482058649
709796210
1499964864
499621493
96785
319315216
2683894204
2311761261
1187303125
1502390157
337460778
234983907
234983907
1103402
1108318
744286
24706
61975532
510096588
734986984
179123667
145822981
575974914
1974569
334299
1051294
1159976520
1214904
204166
2012414766
311836
157111964
2118428562
8119849107
511030572
123824
67470640
67470640
138292
284308548
1229823753
78479
710182
36244294817
500348505
2659346020
89534957
8406289423
656578034
191896
43994513
681714206
285705
2118428562
76490
774776195
192686
326979
98292
445442
46845472355
3647357927
1244533265
1845062135
672542849
189315
205507
83615
137455
318186
2853681785
808614770
6931081
2315968155
4024827
265726
1175166171
200487
4221730
492666196
191123
488243
3748514
160788594
46216880
2330874360
687799444
332994
47377264153
8198230265
151478
211488
3003203858
3003203858
358809841
105048
1286836205
514901
254444
8637749550
1508040856
4032977139
121269934
6954229
1311304624
20157141
435968
146263712
56536994
90488274
2332790268
2822634
133478
189603
65418
4038881647
56536994
237086820
285295
344789194
685381
20807481
190251707
1796637564
5740182
691938902
162178
515908
190251707
1182181278
288605652
556066065
1184611372
1245014729
35784814901
314155324
1605627913
43484807
314155324
791466014
324462251
270990
470976321
1204447923
1212924768
133443
139212116
190740319
164670
110209118
221393577
2674782350
1416974
1481020054
670528668
47641991787
108432873
1400303579
80568
111336656
181710
37193733
4069310152
140362
1400303579
106191
2148434306
225464630
6994693
186736
924432007
1403882231
81120
4145686377
310748
155607
7643675281
83836
777270239
168191
1435183468
198083
157314
330084123
108432873
149603
1363955
163871
2100441151
1403882453
192706076
1255347619
490191
186253
281126
135484
771092552
80457
228107
285358755
744377
64761855
5225966526
83900
1300015481
796289062
110911176
2742542
1198823070
67703
177882
2344740744
694103818
570189652
2567674
1331526352
933555937
1545262253
75350191
85617
7060238
84591
8793374157
536029438
406910303
5259186098
75350191
46270324
94141492
53497
4431522839
660364165
37782413
799163710
5259186098
1306382205
660364165
138445
50413
167269
197502
5034731
147876314
300836
882988252
934586177
321205
162765
3509771
662249449
406910303
107438
8343576710
406910303
4457421109
32022318
154928
1208437529
196028
85910
2131659977
138123
192153
2413337672
55188
697035416
255525
6756625
108520
382839
934586177
50027381
92592907
2742130830
27187261
106738
3096372420
1549955659
2919027
1628774696
61030767
726647
108164
105420
46876816
1332724100
551326
2759288302
1261004637
369464665
51088
236638071
205476
2429255
831217
543651003
403713
983192
131989
287797
215359
7109018
151159994
1554084890
21372666
111957
296128230
190792
18467866846
207808
65095755
110502433
17892057
47047426
515793562
12279271
1265461596
37627959912
246621
351033693
202623
821922
1669747
224274102
327375636
803226351
327375636
1755352524
183323
546693943
576368415
527602
117685
5299128267
1235492400
1814721442
17700345329
5300093094
1832255732
32068544
55495114866
522952810
50216
1141438
457696058
55535322603
88801634
153503
390442
96331232
1574865
2529121624
50203396
27334892
446359
2243496
142470
5715701325
766149882
967074419
96406
2529121624
83765
140480
150408522
946493433
496363
771541528
253366
9040684
7151714
682889347
552160578
99395
549957890
143189
50203396
2737795925
309260542
58212695
1896525006
3129615170
300330
237771903
136530
82998
1637272094
2153015331
510847
92490118
142166
684280601
1305708
583235179
165569
4157158637
112521998
58212695
1896527415
1168418
197372029
780839689
197741731
1216517029
411842191
160851
2942955048
290558926
809094927
194064722
125319238
657327373
80627
831785
339614175
3743613070
137510
146731745
1351821808
3744952947
1761988387
237771903
2214371948
8282489127
10977212
3144451305
290558926
704982260
76688683
556479927
7205390
19043115295
1575254686
166042
132101567
8947832675
227658
225546210
1444966325
1707624335
766152777
2411818
62130507
110793
523235565
1532690879
38465293
160868
49337835125
173734
300226761
190249
114930564
19191017489
175050
695049249
791587975
1441376850
746672727
25993396
2964331030
688386003
13763151
227067434
356582221
248489378
710885770
50410
144931523
2964331030
176319
290558926
113004
3142009881
123311339
4199464215
144297
56322641491
268741
1704192
9062163491
846514822
59358297
1232028
681445984
112239948
3799398511
187068
171296
3158652001
45965879
106705
104864
183600
2562625999
133997
62163841
55887
2457336233
415868174
831679
110306
1603939
208613
335284594
115562764
458453
171724
94420
966381139
735307
327890
552235949
37400258377
2914170
527096863
9096692984
1324375972
1324545
435926740
965859877
1262565348
2397450
6586626
5391499017
324994
302476443
802805527
49725828294
614058
127717608
1232733742
170101
208691
710944059
3466963
679489
177148111
115566414
1596839305
1802056031
670647527
139295
330626
153797250
1290684597
426885
159986482
61046796
1250969481
1250969481
458505
1938910319
87693
112856475
3197687826
1296637798
212557
276812
1874623071
145479
296121358
851321476
8426611
598947
5228549
8501603
349919764
2439782088
967003037
2205794846
707477919
77698509
116269530
3205197138
160574035
59692
94715
3225615701
825094320
110833
5412997157
55986
410367
3766368
3210504735
220110
256478408
1379396444
1802984478
159471156
339634
207231361
721634437
296163760
256478408
1874653859
127858274
1451605478
46470975
38806153536
759464
124755631
128893409
83810
339022887
824111833
1694381524
2840742707
296576680
8700818212
1822314263
1252929909
151649
296576680
683064
1611734547
681513312
190744
829706836
854244721
2828917
222074
98327996
96014
1603232283
1822680993
2864691966
1608400264
1980273005
74112893
334906
156155930
1694381524
37916574317
86283
647802
1286915256
275213
829706836
601433
813250553
222865
350209585
84530
2408628731
178027
112913568
323707
350209585
1312238613
724163785
1312238613
132068638
5480979104
68053
2505565768
557317
56333
181056
45563184
792225577
293033794
2846198617
8090649254
257862978
96253543
57799609088
182531011
1622225207
575729227
1314759061
4272623
496444
78188638
44602226
298818550
362626754
1292680208
473084845
575729227
691514665
147941854
684207384
298818550
160209
859739425
684207384
519905801
726432475
96253543
82639
129806201
126476306
66963558
144532
562889355
257862978
122187
425338386
171823039
820307291
96253543
142166458
82817306
154385
246405511
37828517918
627972100
241094182
22765353
90086
4386506181
171573
1220717317
1715312
113202
217217
1292680208
684207384
3245086760
297394077
92668697
215292539
684207384
1372364804
575729227
57660
354108
142166458
575729227
111430
1372364804
304409
2653664699
499264
223317539
59721
117686905
363270757
158987332
3097994005
1373808076
2522379340
308999760
1539166734
116341216
631083390
361107
355206705
1707866124
805442298
27504472145
1707866124
1486297187
444725
4217380498
144215
306389
391240489
177264
1324287
163103880
732681806
51021029479
303946750
51021029479
1604222422
265014
127938703
193871
574086577
248934401
364254
142704
143637018
88512
740014333
118954930
491304
184345
1152006
224684675
1071323
60406187
143637018
2669499609
1644500477
825826983
577551
725022104
487024
59046
356450865
2259199381
47276100
154670
543537462
706507
131732212
350120809
131732212
228512
144663
443801
810474072
1112478
142987
602055930
430880
1488485607
84013
572437939
647765
157421406
779713354
2890515844
117497
158957
89666072
123941
743938943
3304089209
86884
70037205
639825773
5547509766
150543
90698
110757
251621694
89215
5579798742
20036007124
101363
178855
750332389
3870580
110960
94345757
3299672041
3299672041
28454
1640688
7580621
2916137
1305830253
213087277
462194
382955
695671530
177955
1669973183
85376
101141702
1920889239
242188
645472778
5594357
186210
190445
3180878
1351458
5590050486
2966820305
190499
1322624022
3333080269
51849654117
1876180000
836712226
723093775
127938703
750850545
645798698
1740208815
7616765
629636
101388490
3982856376
1307664964
288091
2925541268
70727405
1740208815
4751707713
133378536
1507115396
484419987
87098
2788770
150744
39972625
1468205
65336943
2699151327
3214365
142129
443289
2568998289
263610018
372273417
229348673
3974607723
181557
117893788
710739
877063939
93983924
2356222282
608910298
39678050043
89623
620240
1196008
1019666808
210530652
1920999069
7627577
1401526343
4380676602
48470548
1507115560
244696293
585236980
117392
2932842164
587820652
2058217617
2932842164
1870254824
31417056
277691
1920999069
1725529
18794032
6688326
1743266
1022271718
2372867634
20121245057
242905
118841
39187027346
812167
20121245057
453152
50302812
81284117
40354860002
94963793
711675
184613
239994
358926385
738549857
187024
878485933
244696293
647114988
530108497
223961
529267
40961756
445321
738549857
587202411
5622128454
315716
468683
315195384
40283345
1100222825
237265
518704
614678689
199137
170578
131239395
530451
98932510
611889
2386477058
377148
2386477058
402189263
3353454176
363675185
1357563245
723374280
3390453160
3353454176
252410
178565
99608205
1499443946
2386477058
178670
205636
363675185
1357563245
4592186181
446220960
31271830
316070190
478538
4424953394
230184
6010004
358038
1340113679
188741
365271840
992606
5352781
1694800809
3393614878
3221401934
147480
153605678
179694953
849911627
91272
67144820
315929422
1407228254
253680
72217705
150254
381271
2426549132
1945762516
617232769
96187673
126334
60362526183
256540663
96214553
220106
560234854
52651340
61999147
8349928270
60807
369214461
82216860
183954
211957
164025432
1644475730
92364
219885
655895953
2160248535
135486389
119604961
8389735393
752271847
4448855175
1389768569
830128310
3418749823
50715560311
151972
1352344013
1475874910
4826303391
52950725676
234220
886655569
404260692
1529987877
736717216
234472
1707243778
41020305
192174
641028
52983189286
763065482
177941
562755
1428523667
4828979967
5557756
617499975
854703106
404260692
123090185
159065
7739573
294990
571339
317431140
1707244139
93819
706049815
154899574
2981815942
366537313
599599690
366531
96639173
1574272
237249
30380
1428782815
366537313
90540
115636
601992448
850829059
242618
617499975
217925473
1390463865
404260692
1370984371
1618812023
1423570941
255449544
154141
1390463865
2569214298
82561952
355239
181597
204034746
4453603205
119464417
806780
889519386
1618812023
1355853180
272359824
511416
24498746
4642016900
189608
272359824
390882
309578
1955472505
2633224
1723735480
120015
241909
74743
122043
1189910
124896
9869411
165164212
834734860
605342491
1659411
756301
269415
1933578022
359017
1434233095
662823835
9244228
120522829
522582
818756880
76911
369021
51452106
4760934
742025677
99743881
679962
20635160973
101419306
284479
426437
2771614120
327664
97584137
625014157
101538297
94324
4110727289
1636243333
170915
867346618
40286985371
144157788
2649763309
55362245
1636243333
3050527676
486261
2649763309
840871804
759589299
41339345
603463429
1535818
1537064938
275420614
174931
41339345
241536051
1743856206
2589968547
378713833
306980782
238291
41533807810
712113
357552544
2358316759
1545195633
2751158890
1032713441
1438376514
126417
163129
890205
434152201
2216381768
1496260988
235419
241955
2429640901
193410
101768
160766
154490114
8480072455
773455556
5749557271
1972509118
1944772945
4496836994
219083
124828
184220
1929990
1384623145
457396493
91840
94878
121438012
890360697
9812044391
4894397193
1440915531
182855329
155638
455323
88903
2235625007
1944370
167656492
867878700
63552
157654
2437202231
1966142
644843
85281809
781991
125831279
382555586
2800496826
322618
3440054775
763355099
41801093252
1299430149
446916
1350329421
4535553801
54059955416
416267108
302016
61869586614
135244765
103095929
66681
63185399
259095
376087
669648955
1455684628
75242689
416267108
268135383
781904819
2442869603
615726261
1378869216
226307
279762710
98885297
9366486899
760125841
202755
1756848220
1795068233
682763
193866
20867876564
760125841
2369353142
91273
41890481402
1569532129
2800498216
867886760
63185399
159858370
4723812596
531380057
418843878
628583739
3652696
12205182
762902375
875853304
875853304
393982
786672535
856050315
125681
3791977
127320429
76604889
277239120
617895180
1381241911
104308989
283463832
90295
4215685590
2778105604
226284
3120805844
94430
5906220191
271950993
271950993
8708932334
136411907
229008
862388790
491705
195752
436413
4618968068
1440136
719036753
64029732
381940123
66991
617895180
100281
261979
677003268
90998
177320823
127320429
1386052
160099250
52014298
2461799235
257266
90328
1777625224
1491589245
377186550
1474796240
281623
161391818
56374367
64222386
9011512
979719
618070284
293452844
120831
1454166715
139726589
9460842414
106999594
996768637
389704290
144899465
238084
240749
760596264
426505280
15270823453
876451648
1429633557
127320429
1429633557
1832684706
283378489
175824
208768804
791269015
845020942
94813
94141
406386
426505280
56374367
642952629
508420515
1435686431
170162940
581739167
109511
8733855839
223937552
64621785
63072657183
1728356485
2095180
5042332632
530552
803406161
1725035654
934655
170163948
926795
87735828
1199060
469737176
392895832
847383
315297
48747904
1463608
21376946769
331594799
166400
864489005
753256462
276905
481397
933285687
160410400
242148
1764926798
623554
63732
156995068
192495
161127
284759372
386215323
2849869503
399621
68247
137559817
2422910
4792172216
41671226486
25397690
45594507
141183289
400594
773977123
2716692146
621011202
800354123
838372
152304
25397690
262029863
52544173
284857612
3531998473
2571300873
300111
1533630454
584562009
793536415
1069256489
96001
170858180
42961409945
1488944530
1503203036
195875
241684
289458
1451067361
4683395595
284857612
1776317854
107818650
1805395333
755092296
458082
883542304
162671022
466968
506092
166177
98332
27380539
1776317854
3177339901
57030222
2037791538
273855903
273855903
2793244
133409
1115904
755092296
91663
764223524
4822257455
587205689
43015697689
1406434601
212061766
796787741
1437784716
1491968971
357305569
1749883379
1184135
859200130
2499473986
513953329
2419804540
4241731091
170611771
27320960
1615413893
199147
98481
2852632439
487820077
42295505
245191
125216
303460
11826403
63805939757
3616817860
115468205
4307483
2512645659
201953
787222489
69124046
53813049
1412665004
692117
64889
286097
245810
160496665
3141917114
1453463649
18708822
957361
25791098
3621684920
8293814
397126499
766408
939320120
229337454
138660849
85867862
3163334922
775285684
128741429
651811
844663181
42815505
197191
3467388535
335480845
785103
65731
198913
1474472799
9625289164
172972271
224596
133123
82227
363245
2056505389
104003
139329161
294197
318646
738844611
1435689851
268712
170097
1631511286
883861985
108057058
3167558938
886216357
164834870
188848365
75910207
642492286
218925
124142
26032058
232050764
135518
386323299
128906004
163165
228785
455735
4181297284
400173
327907
639359287
2450042344
6064718501
336363073
1435689851
114812990
65244
392250817
391373832
886216357
122407982
706999
92317
161212553
775285684
54150868
52706923
2524376651
1763935006
2665952038
1501297685
176951
190023671
82527
85945269
917522
2445199790
64266026055
180139152
165205230
395306094
4241735907
3176302348
6071500061
108621223
9648871437
388325
174747
81909
1435689851
873165042
85382
28468547
185557
873052
800115153
52706923
198498
220621
6071500061
275384463
668274
274796488
3493596544
500151506
897494344
2022943953
165405382
398464577
187245
3496700967
80189
1441944969
168269
54150868
909036715
292854962
52706923
8640164
1359114
435753293
64464585084
224668
4863588234
232639
15708066
571524
803024256
232200234
65050
8811021
203389
639197112
182418335
590667942
803024256
2974561273
156605
131111
321019
1488150
792430785
213738
3178206728
3579845721
193509
285669616
175662231
93904
68471121
123131
69931115
157089
483711856
8942590741
165405522
735591
1769342526
952039458
65374
184733270
510259
207587
134177161
4512486
289607
320159
3597188129
64776004800
165875170
66249
197527
1119916454
77729797
4335946014
1638958740
21842048897
330417890
187314
952333259
189378
288337
156927
1551967
1027092
2345977507
1713486187
1801880962
66376199
812275433
649479210
184733270
109079901
181796208
26230926
781881556
516165
2578772569
83528
340243048
545279
1104626169
493807
610451
4905369390
288770980
269594
643384998
14999866
53106854
70484497
1897255674
883645998
166247106
464085594
109668535
194644
797061015
4784540595
56813550825
402501
43856077550
233674450
208359
201224
1264445
107732151
26240910
109723261
198845
489147975
178741
279196241
602959
1780355012
1485943576
1532863223
643448178
389202
1714542838
58061665
96619
175906
70491517
8661495541
1650132711
43896671564
491681
27605588
489938583
115608
279683349
1521690336
128539
132664
243373
3252242766
247582
10337688402
1073795
406064
66490743
1653180378
1652890257
1652890257
298480
173180
110828315
1136511523
102899346
162260741
1849916280
818210131
58295291
218887945
128991418
204291
2590373
2471723672
141954714
44138454484
22065016628
132524
310586
2098443641
1131212
319704
53513393
2471723672
44203757965
22065016682
959214
219701494
403159
397521004
110909929
1530114960
78093945
2474263332
5574498
3684423452
66761937
199730
141201
183274
106671
1824468326
71214816
1495946314
1433021380
495216362
713493
1909999214
202317
314169
523526
222429
86727
961007976
704653
499028347
3228746295
236264526
384423
2843198396
866805
3697233053
83977
1542075697
343500
934275214
2483049267
602516586
9093495247
398639724
68333
55244172
13239951
234871
1542075697
171571
779268141
93624
1495946314
35917629256
222429
167223
24177960
381132
787587335
1541379970
101099
2079147657
124469
102025
78376252
111253499
399249101
2662134085
32114
604029076
407303564
182139019
4854752521
88452364
483325
129830290
1715280
281125113
1541379970
293660
666676980
182139019
3656575296
166672409
1607486288
1517417323
10547619188
3261667428
374010827
160401
65269
57924854748
403194029
1928880763
2122042731
346826
3306969176
789387367
164133685
186402627
923877290
265662
594470202
165469
502290856
206764
9191715210
383385172
833326925
1738411783
814572
1187204
59606900
188176
3676140972
789308150
1151862951
255048
1134338
931562606
262963
608091192
59606900
340981020
812207915
124702
103484
170076018
907775
223210564
112989667
360171
143928060
281125113
1400569
197243
2135138514
198573
175556
5077404851
3334556366
131388
6809884362
937330541
1628427765
66865535530
679935973
2976322186
387502
3072110
131698
43907633168
10213227
103040
111011117
171536
5082517636
8514956
968154389
143928060
824970704
2383457761
703711197
2495536769
708422
101991
239847
2653181560
604763
968154389
144458
818879465
1560571376
185251
10259404
83822
1797905308
339678136
2782671977
389065
405902566
165080661
304547252
199315
277791962
1842290763
1557309893
291866
205265
101081
200120
179488160
1750924265
308064
2980717225
445203226
770083405
79433045
58565471079
197383
820535
2498624773
1570908341
1064877
181125
111301881
3313654697
60332255
813641
165080661
248097
1230062
5347955468
141300
406822305
937623217
907673
243392
72810464
2144291462
45266427941
22553806071
728299852
79121
248822
293764
67566
1519884215
1565149818
1557309893
53749643
2996336
22567387113
67025275517
45302081353
557892926
916201259
381225642
1697918583
206023
950078597
1761432
26805866
304548225
254771382
132112483
113346459
613967203
414964546
346076
254771382
253541
971689
26915114
3782013142
198364185
208859
10164224397
113346459
683295027
3004620966
244149
10164224397
937634
1519884215
3340850408
3070763
228735
1842290763
359539
147564
407668790
699183
1947985637
2144591302
205472
65949
2436131
2388953659
193594
798466059
113346459
728299852
282010745
18336595
10170318282
175173
105751
973256583
141477
545789396
545789396
408519585
67209453377
2762684
152407
340333480
329220
685172089
205261
1707940428
211709
3021156263
2136180435
666986746
185217491
2388953659
67471203038
240807
215941
2163810073
4492592388
1644164723
1545517194
104910
378196
170370035
44433803796
3732678599
173280847
264694
180955
691435899
3744244139
126735
2124371
10273176861
238407
4507208610
186782978
1551920497
10844974977
959323180
685192676
106141419
551818
9442207433
676793
3769020076
2172177524
294821
1894829447
85082
287117763
306717
19396422
129161
208413
433302124
517029
856522476
27192336
277383
453162673
69031512
1894829447
151205585
890621
210363830
681961837
102143
296507693
71256850
314605545
188070297
1656225026
856522476
20556069001
1137679
246747914
175418509
2524690503
165953301
186162902
201074279
74070885
421637
5032480638
231212
1560068746
553136708
412820745
3374020842
359400787
4519302905
523999
2715829312
1538008109
695239967
1656225026
145346420
68271490224
175080639
588664026
857230436
1616310179
3849474673
1896417847
2033728
5041305996
128380
242159
137105716
800176292
1500688165
685256802
685256802
1293774
163628
4914634
186814543
213428
236340
202290032
800176292
336417119
1580868139
424515464
10321449278
57933042
116527816
964072436
928745476
843289
360143929
46365010470
293656
116527816
260061
244988
5175922743
13889630170
743183927
59902780814
800956820
1998910828
1876372214
765628512
260948874
2768050823
995742911
1533624918
6471054510
3755898597
739824
195379
22521683
419513
108634026
134207467
3438968328
9518404593
928745476
384288
298195
3447418395
5190615447
555973975
252912
180482895
4528511960
1202325250
210392
34428100
176471155
1163716540
244836
412375818
931566524
128713
22806836239
4299027
1580868139
6472542745
134228033
10928928992
151762013
513967682
803423732
1602574484
1423198248
1163716540
129714
231324391
2167766763
91930564
803423732
425823451
4911941
10957776
2202848966
136863
146032
1777213
687974
523450
967581833
803424370
9015799
398131
837055789
286118
1001442
69039625600
931851716
1779568705
362104963
58349697
187968748
248599
191660810
1541329644
516377413
683144895
411100
691412272
1789831353
307802188
1272843
138861289
614199
177279933
116867014
185096
117065750
186047331
3029909582
1617248763
111292
828145140
6506444530
901940
2063629
145389127
2184880148
704582071
177279933
691412272
633948807
308260723
104362
2184880148
139744
1090234
169554
105904
92997974
416974736
2784113515
1145609
215059
416974736
1895134482
831515218
425400
60619938338
9170649
55948500
61992711
2747486909
364099406
131507
3821548372
1617248763
463340580
146688
1498462
704582071
634393657
58607676
75353750
196542
68125
3814175556
1184736
204997132
349956
46899912974
198320
501943
631213
62097729
3162111
140536
814906494
222244
989047402
1006679515
704582071
146363
204997132
1482446211
1601021421
5567608306
182551
1164870
870688643
1298108
242957
255970
193142
190421018
4618726806
1192311
3080122484
2539763942
1224697863
1686266825
116461793
564240418
834519877
167369127
349831214
3914833120
85596
1081811
180436
7766571
3106281275
189018
234619192
953766369
854835735
241879
179123065
118598716
702922313
13512414
10547886584
279380
469081280
934994420
843577883
1614185949
117485949
118811720
1894481
50252544
393707
266794719
568649338
266794719
423916623
814906494
641795136
2651257677
53543831
568649338
72432
713318569
52352099
312937780
252702
868327
2792318540
838023379
2914212081
814906494
169937
230234
295822327
569641398
185382
275704
576967
956231507
2223469476
137309
250103762
1011235
1699180842
3477259148
1297168608
2223469476
763156825
334534489
1920739083
6595457022
103158
62837068
103885
571175862
259563
66998
71343460
2421418
6605476230
326894
54124805
695479158
137742723
108032
2822362099
1672246568
939641372
70404339853
1554960245
3493580610
1363133
136922938
644970094
886790609
987572497
1625616578
5673443044
766155288
4651173574
302807
106953
46243098
108116
69960
300803
188604
119682
1240717363
437867876
437867876
264264
214290
67716
170649380
268720
211421
196544873
958917
782756
816346350
886315114
85153152
2519944
996471
435989
108810
443221
3899226466
797840
886315114
520987
3914202543
1253144332
324591
223462
1036601
1051292
78233339
311133
1785276189
718262106
90640
170551318
1957600017
24138796347
301898
170649380
4635822680
164510
72103555
431521026
1253144332
879881331
704843172
370686
3989107019
46752747301
268055
322192883
238762
2831160970
650317
272263
1424404
11294433418
225402
769543517
272666
103507
163413
181309765
2565382545
245099
11660494
442291362
281912065
1712661878
1634629363
754459
346113
943090946
133476
139737789
156421980
95860293
130279
430992053
2245076625
1634629363
1595468651
101609
1259350147
1741631
13528648
511780
9873394035
2016321
2255321100
868613
1551265
270332
260613
1641594269
430992053
1950648384
216474
327781
3919866990
60169251
962146
648224682
1715111752
208482
281487715
444554513
423423
201431
2963375022
530060108
260746
2963375022
260028
898285961
1643067377
103744
890179486
590844
1327470
1545299255
265035
227168
212800
756254
106829
528809212
119364246
1634940997
394230410
156710756
3919885080
653627
177600
4739425909
1547148343
226330
170649380
3355316953
147088
3919885080
81741
2373560078
171266692
2512248515
189382
711224923
157072330
148167409
854354995
71304008837
201667
325293
226831
2969467158
3918965399
78205470
3605073017
142859860
239493583
86953552
215553749
3932544391
1663288216
10703352874
191760227
1626672
1201168
771515413
124149707
948632818
272852203
765376
857901874
635448240
1713082
6736262428
861719135
181693978
105167
2023930
3256277
5261486682
62940751619
304600989
2016549521
283990
973332218
2202180
48662686630
898127946
75535
62943888168
40473371
727035803
222547
121504744
158365973
11453147208
158365973
24179188596
5277610356
1986404524
222110
2263479163
533657845
6016674
255409594
335164
861393775
253020
118955
335385008
273616267
11456259849
270411
1483633429
52937427
1565711979
24400192849
255471994
1986955638
217021
113950
90627
442089718
10849563121
266508
183227975
904232375
29035124
180661
172772060
132633522
377995574
1060690
1271464190
75219
438257404
200021997
819936
143536887
2987499543
716071747
866977
173478702
71911860723
322738815
727073477
1964612309
359849
442089718
192655
433334
29035124
3405032
1663309015
173478702
660476
107997
459144446
1809701538
20410027
1565711979
727324264
1041505198
156177160
885438
241965592
63128759305
173478702
71374
47409095536
3973495980
473417
103705
132831
517959
149256163
112670
78939678
195011
681499858
3648279413
906905727
3963793960
1030447
120487045
727073477
184174
165966
885027448
2888524695
72001425258
1707351367
184591
4784405436
614577
114958689
339489598
1667307144
132975
1615398411
1673873098
727073477
522546
70630
382801
205999289
2870951913
212182121
906905727
454424
11458031890
858431
2110270117
901597165
3657945209
656587756
173478702
727073477
257747
2558543735
777352414
121814180
294657
70293
144775912
834003489
274789
1805705355
6781345836
119331250
1611881039
478393854
1671819386
847051
658262934
94856
29587316
1271464190
333999
2558544968
314506
29587316
61037110
185869
222436
253178
194253483
779037019
1671025736
917876
209084
293681
660738842
73961392
104035022
72572403870
1975690244
740840954
273428
10042959495
1966098
10900389961
1864536869
6187888
279557
10042959495
2030530226
73913
2298696747
263325819
1692572508
447144133
2030530226
345837578
105044
11515017891
1396154
207228
6812347420
1043546549
141514284
1245483900
1749769246
115481889
69231
88486801
5865626548
911283350
3014691104
116821
4050441
1068731218
198075
184898119
452107784
445817719
63724544553
199676033
179022
3235837665
661960264
132195
4054391650
288974
4046107491
293820
74394840
266117
2635149192
3697548890
1822835005
240194
4221231
345870422
4843405534
199676033
1448288
123991202
13905684
994301017
88486801
198723823
1686234389
454182734
4009335926
432133
90086
380127
1835080578
2594517915
363644176
307795624
1985167036
2486318
786939837
904967996
287530
737670686
965194676
94002
218775
166013204
280288924
138363
918536
449636
24817693830
174679
88720293
1690325461
4055812819
878198249
920379180
1050908573
1756176129
1048864367
123816982
907136426
122042965
2143604
2594519179
385098155
2640338976
791445
1729295271
695438
212606
1031748921
262080
241491791
907136426
139681
412089
121875
243919939
307795624
385098155
920498412
2072160
365941
586791
110694
45160834
1259929717
2156426580
1991324198
3607432296
666094518
372358398
343621475
216766
705804
457023274
64306715140
24898757705
1174231
281538718
52693286
5505281151
194898
140057
648018
218504
596475008
72343
4094445389
914159175
324578
451237239
317182
892901336
5936552087
1738098989
161160328
111720
439526
909823254
9673842
99024420
917747245
223003
458714685
169689
3726374944
791225857
209148
355070886
191463
2204742
128774
116973717
1163575182
5983814074
198737
1653669
2534094
228247
1054841837
161186378
856706091
5529628521
48292359
62510522
3589738943
12785955
48292359
459214348
1602598784
264289
6000662164
791225857
199094
1627357
199420433
141633
739281751
5700840
895936
69762
308635174
187252115
979115532
3625813056
149214
200150927
73249
890110230
550922709
197014
1725089102
3976969499
449180
199538
553731
1863673128
3774059997
50188644157
256956
1376857
340782
905276
78026
5962350
125211332
1326654
329333
413636832
600844852
64937437025
265744879
11101441391
6820941
1411485
5438752243
2069152219
1153369
600844852
4124397814
3774840967
201148250
294888
356798
5573758963
862018871
185590
250505
66440864
893249
739725741
739725741
2635388001
1233717
2193080801
443489
461693546
1306809
1095744858
213404
3627352666
1811347
48619289
740144565
4124401630
30048159
64985589789
556069
183935
382819
48821734664
177883
4279804
5035816
11135314401
74013
736506786
305315
5448563438
2198970
174381
35994
2076349546
76462139
93645
796096708
1769093353
2941037
1569868044
11789584562
1602562
1444655
108398
175012
1724730977
2052324
90081621
513431
287325860
48987817265
201694
149337527
4915509461
222206
63084692
226795
179059
451676755
4138390935
220174
796096708
3298939477
235323
50450846685
1653763552
34524512
265744879
992525534
1730237473
201148250
287325860
193657
126300726
2250860765
78401
187989509
3077623492
222470
2334937161
393147559
81171636
146807
30048159
126064492
41336204
246852
1074280296
30048159
24725650
1015925
119061837
3712661
119061837
278619
65309707447
137701
3955860
316314
1073598
175511
181011
918748724
265744879
3300208717
680624486
455299155
5621067997
138514
200455717
773615
114530
4110628
293031
9902542
208954675
2673468
4932727204
145122
307215
7037002254
4110495982
1010386074
5492425770
65410250378
749442794
223234
2658339244
1975177264
218456
142136
1867461
4172828920
196295
90698041
2356767
741232935
2023951986
556171856
3079462284
3079462284
661518
573626
405153
3218541747
611927
1078053520
278819043
154405
2226365384
11208316160
673477712
289643054
125349412
25519733927
63166707
3022828834
204731
1771597777
3645496872
700747
1321232427
125349412
934218366
1293484888
1914403555
38793799
221536
1744961812
293846
1079821228
282502
520625
4125104603
616256
90698041
235924
4117368876
165045
1413201
81614179
10156701559
1659498273
954146372
1781529361
368463
6106302640
2072850
3478371
67034056
367500741
455396435
318143
119994713
107951
7703686355
1228477
3654465928
221428
74912669139
190024
498186295
65685996640
180111611
3684119
11872478962
153563918
127482693
77297666
455396435
198695
311034580
22647742
901601301
9951574
918970264
191620
6128582824
113935
455396435
472857
1801031981
120364313
959863608
12062524
291180236
202371373
349995
6132144564
127482693
2374611966
959863608
77606051
189202
869571357
200505388
3824245018
226380
553660
892799461
77606051
1443049
584674
758003177
267240437
683489320
109489
74896
1748834852
1669187926
251384926
472686329
189610
222794235
182497
920894164
894988183
5137052
1963253
1002399898
49639123466
333644128
228390
499485505
1262983892
909539135
252719512
233387
312739885
252719512
374867
30437151
371409825
572574
568203
120750293
40132887
154735
82284904
412110440
1089021660
67573943
942089074
128558074
198146
3141383500
2361450043
191432693
6159524008
347326
457749075
237385
754756297
757188276
3267194322
1747129522
3676163272
211006667
26972793
25899469531
212559556
1802582257
375176721
474509882
2133756394
191393
76608
118609
198017
1029308748
11363669274
271612839
1476543833
698740
155202244
10548934590
945041931
129141843
349481
1014260530
203381492
3162434860
881637
30738399
224239
1764134726
4514548
4236235092
720812
759668232
95346
756671841
382177
78982975
55463699
2133756394
67692547
16255399
913437243
210171
323685
1965500863
4180311312
1094060483
826106
186816
336937243
2886119
11407870399
129141843
155202244
401937
253738726
271612839
1679680717
511702665
930243565
509573961
295074808
1393587838
685912
3011179538
1078507743
71925
152258552
1816478096
504150850
1700944
375935
771917474
665181
1319886073
336937243
1903732318
85595
82828236
336835
9096689
167269792
233561
4186158114
1319886365
759883096
352211
3176389360
168060670
463955686
911295322
3004236
816889740
214041916
295623
618913996
229588
147538
122273642
3406357050
2122205637
898859609
1938459552
5775446175
184687406
3903693817
255882706
778442079
778442079
2409257290
480675707
7219977074
679902
26211041908
12157834298
627955
898859609
273920
463957642
364096204
2400670772
394767
1095982235
2994770238
332560
308907
103164546
239350
225698434
84881869
558883
1941433432
156253994
254023
959792645
192723813
2728014541
30906399
482473827
2436801
340540
5649285611
149787608
1110758200
184687406
128623278
700151542
1084631685
169095376
6249572
700151542
451262
242890
1498795544
314834
193562
1713964542
730241497
936086611
778442079
226981
79185939
590577
898866952
2407078401
1812147
250166
80618
621853
898866952
214041916
10679602810
96312
80752219
257228095
675271
195134
1342909
5006676
208807264
539743
3824272
208807264
3200104332
116076
510619341
936776504
510619341
239387
1047630082
374295821
353107
1368045021
3132490419
207696292
980933042
187224526
828622
379012623
3059375307
1114702392
117757
518900
65284360
1026513147
194927849
3098256590
119023
150591104
3098256590
703217194
318802015
68834668
1946333912
283953
92511
10716761782
703217194
2298768152
228268795
909034436
77935
961752847
244904
2451082482
983303566
625376969
110489
1779922236
52409689660
275727125
337357
661927
1229469
2886042
61137237
657857
270757
193343
228268795
1655120177
1149004923
3431336494
9481268
502993
1805772875
82034
1702310722
118035
116680
1084632252
113972
5113651464
61318737
3112191
10704995
228268795
909034912
170276551
113817
118202
696323
2432504661
69077448
152265099
240361
3789880
279718177
50843639
773952216
774787919
295975
94075567
10759997181
170756392
364393
208882540
1790155467
462152
1953309192
215954
211350145
1031663379
269619
322869490
250646
273134
103958008
3075047884
120838
1119078948
341928327
7295060331
61987816
629435
115803
2195854
924319250
2032886105
344546145
301510
10280765
116424
709962238
1073604
953502443
1035836784
279762
784879973
207509
2902401
828189
1727465178
1157170759
384489425
375034
266895
523548225
7268175542
4359555187
4288075111
584408645
1252637
51102159
109342
193245
158047187
1578751444
1826743103
784881075
584408645
584408645
68426877294
971255851
69318076
164622
890185
293950
237156
5502566754
238820
3697821
68575909568
401345
1102961847
142444
127259050
11745113805
10318457
3818906259
963302158
323916
147114
430038
489791157
2113351129
234858
346362722
3974048437
115455
231136779
1109293005
216568237
374601931
26680724931
355033
150090
5645798
132813370
389576
410568657
4474733
243181
80273112
1719296826
247101
51277519
1129387524
62627756
10331345
2711930
122937
2120506823
802199995
945031
490420768
112434
1161940554
51277519
245400
3824697450
2832397993
168431
339570
275451
1761230
192561295
2202373163
213013806
53144833197
132967046
2165572433
477411373
324187345
3990829161
139432460
2461364832
159776865
12173448
944299751
197820
1161996339
424317
893651
3385349223
234680
3108493646
1853162867
233096
452290
3472119013
228418
2810468352
132542
270508
2835575774
2210729132
79727
133354
31727011
105337864
56469006
84288
27692269
213217390
501961
11635573
2485321232
125607
154135
3718908
31856462
276175
1050595986
154289621
105467785
4009320249
304507
239561
55395480
3243081312
257993
213708118
621358
495524961
254046
69170236219
326755210
1986756821
220413
789204947
5327929
383136
1367973361
264424432
1766267340
243794
2177427673
348285790
81223076
203860
128242
148016
165254
719863641
3247627400
226678
2510550326
736188
591040815
224519
7409789260
629078
135364
3168144716
487687
213708118
243852
139921
276992123
4407218506
750488
69989701
1044834919
270889
389977265
374912
578942
1896664893
495524961
180718
1750644694
1004928648
478386733
480654
166317256
1109960798
95650621
67125433
1838249762
1750644694
197934333
3882187531
158306257
2479446268
574569
271819
1161054795
101729
478386733
568072
208547126
303719908
1351329029
3251716006
1838901602
4361904026
1138452976
1852520829
1171753581
729104
571835
200135142
190107
213709268
298917
303719908
1004928648
479459373
125695
2517081279
155605
250219
696934616
315346
316789
95650621
2795590972
348285790
52302302040
1664490838
3251716006
125251090
721792648
214421
3241951
476823
566233
213709268
244060
186220486
201060
1125619111
272286
182162
169069
31956121
155514989
232943
159234982
313445
214417668
5822974735
2350199078
86118891
1775191538
6387800404
1849015550
75683
132789422
1117829645
509797
344019
931907399
1009506942
3436819046
168728
4053681024
2363274245
133229272
392579993
306207148
221746
151158
1763070207
969150960
972423611
3108471900
225632
1753076446
201905778
54185599191
2494970292
932425577
2154556239
10513181
1118700779
241310
128279
64120655
216509232
52023119
1775191538
2154556239
382065101
64357256
305298
4075315306
782881
333777
347186
1773417971
348558876
1919222852
966820430
12916713
240196
218702
3155735131
969249428
1149368307
252125
330854530
1763070207
392579993
162428
215315404
1183042593
78509074246
210484
392579993
52037023
2836738
238296086
3158156950
3158156950
1785789
67915503
3444075038
1907524128
338356278
1784551227
534349026
803656842
1149996515
405886
998046519
5342672
54240160619
942245497
97562321
80252
1016602185
52685418623
2161666000
854926198
6031771988
1772186021
2302701
303383
235495569
426566
579223
307581898
423522192
191904
4423375695
126899590
260690
1000143624
1099919285
76434256
1001824451
818610
132098
1191079431
3944909688
152009
4118584
5331463860
27492649354
98186721
2214501354
3171370430
1873599230
314405
1156862595
12053684499
260809
1956407766
2026339092
244049235
3472742321
1116483115
176509
254806
626792
135706716
255228
32217636
2947078159
3352328368
499682
455167
71920434
12053653
118239
864752404
816342960
2947079101
516246
337057945
3190432373
4529947884
300237968
238110909
390025611
361129420
1088509806
162334767
312530
972583606
1484606
205604281
311790748
1011452707
957567049
10662329
606563556
217023
52936223
2297138035
6600629588
1144461410
6106418778
1144461410
814806208
2928872
289083
205629497
814653777
99635721
5417158977
211028
1031033997
957567049
332017
5601345
1031033997
1059169
162472517
819577986
238283809
2287835
2213628
6635926688
3139416
159924557
1417482533
128868550
2427442785
3270749
1657027233
302954
994044798
2604133581
198203
55247289261
1908451928
543498
303168
53089492
520373
10698293
154852
1796296395
355933
258336
6666173152
3481732166
231125498
515727286
1112227390
994044798
390510671
390510671
83324
12894273040
237598
140549868
1174430328
1018411683
1877974
7853732
5526864
872677617
178868792
514480
99746321
108586189
53089492
928804325
878657365
1803474767
163761837
3210327911
168116
1432714458
178868792
2604133581
177306631
151968
815314020
251425
5449892340
205462722
438168462
222738294
242394
347629
126251
172440
199838
3395921659
207038027
211349
513314069
82214973221
59241262
1480539010
361282523
3285960931
1984765466
1605553186
72658119
109038355
158862
198745
6727316981
6727316981
123378
1990205428
88483012
507206
364111545
3536007669
56134814884
130552960
53460052
1703092987
332983
211058
176003
6749959403
567576
4619744
314280
145667
1051557931
972612729
163064
215325
88739649
231129804
225954350
252542
828613938
286822
706722
3419604171
843041008
494709128
1027811461
1347878
104274
25927335
1092049746
751639723
437113661
4558648355
316603879
3693860056
12356702413
167246093
177316341
6749959403
252602
56160967462
2958125013
881707196
3536007669
10879949
267832
516334274
1820414303
602003
173855
1989647035
5132019
1092049746
1443482658
2089947348
1286571760
751639723
1443482658
56167338990
275432626
408912
1477333259
209921240
1006030709
1443482658
11466645994
1010074
1092049746
986088
1484655
255898
2340288505
139679248
1186747500
504072
295252
871951
246191
252845
1186747500
1005469298
2128026013
620725
670592614
6751118845
4076369
211771
1186747500
1223376932
72787130584
259589
105182
303293
495961565
65954221
180839735
342001564
836729072
1138727875
2335532050
253334
121250
3333947154
156940130
520285775
66196096
142933053
184494530
181091899
834465799
1480704319
54710005819
907204249
1010449849
1493987
216824
1032447956
497902045
1227605435
3557320598
142720506
4643191564
6237078414
84779273
149863
2129029392
110196880
256841
1926156110
1227605435
252726
12412911925
317850520
2238158405
1478212
789443
202529
260658
1486388401
223671
2256190879
143687864
172834
244867621
71737605
89554340
256036
630153
690039
636157
189386
326638
1934305640
1222054842
7830408216
1952687175
73312708868
119590
1036074
5174048536
519742795
95750
1042047784
242194
1042047784
993864958
810032715
6764296467
163152763
298096
211593053
780423
520728012
993350890
4626774452
2111169610
1232705876
3475720885
1038373645
472177
411958
1172710444
66546721
4100135421
1298122
3728338787
632848
405008
825578
520728012
526173472
760045
1020715102
237129
4486942
263607
562141338
435902
3683411
83183844031
2972199154
226417558
3578001322
254480
102074361
838142808
74306709
4690240977
355678
412058
234709
56864933012
72012555
1861417
4709594
212919257
6148045558
129553
185049
2138888552
3514154
319459970
23065683
888569
383994
394801
98380
1939445864
85223013
85223013
418154
1017723649
3282088308
365683
6302801678
504007
501324070
845773185
849452558
4210095324
204020
143854411
601203
281082
1883046
4254042747
1028952
74498147
53685012
1707870
1166262
361351
1187640167
839877972
912564
13229455397
67107346
1044932549
129191
7342147683
3370209140
271516
788374
989159
70913104
167651109
2373801021
1850841533
841325784
1365840901
145060659
2019812929
492080241
1112973523
496554
13251550071
679862125
2688692457
226417558
1046646243
942519
67107346
1049868784
217325766
2019812929
111137774
2380360113
296981
177123
2148639976
221547
1467943793
1103908028
625252305
158692
464312
2041157884
5645690445
335736
1148904386
1156583
679863925
90053
1148904386
133020248
4666561262
2021705116
177654
1371771
2991978298
1814704675
1024651425
1047524757
111137774
134385
5661071919
52255670
124835
1954391251
295332061
208386358
97202
449691
135291
1246556470
324963
106416
84546416220
32973020
98483
13295477032
6334569667
402815081
2282570408
57307872809
300614143
442101
236733102
127157
124601
499568
1061196
7912158059
536439
266000
133397828
652523
86334656
4666968993
1736407
115742928
5791774
870871767
1702719738
226417558
180979600
1247357926
184335279
11724946385
701510
846467730
144143599
14960239
931747
7925112595
279414578
325958545
843852041
1153619847
74097097979
169270528
2651809
360371
1181487572
285497
11747555492
130200
192243
236866977
625729
236866977
250300
18254130
111704753
5540005
252343
300746542
4169850001
133421348
900725280
168187870
1830813048
4666969489
247089
134711
55893725570
267440
57583118307
164539
2142241407
11775544652
174222
827096373
264119
311052
74497988410
381864
266935
11162870
165524935
629694769
226417558
1178806
616795
168023
6911338909
215819097
3510910587
2002912919
275701
446136639
29029956189
303048934
91719
507261486
326798623
446136639
33976747
11794217878
326798623
849493215
2849861
18131288
5675772449
135272
1734340
849493215
886777
9360679
3617606892
301285
1066101
2062461244
1253240456
169273453
56020619585
464514
402819265
261858
1253240456
270173
1186675370
1843672
1603076
529286508
11199398
431630
112479505
1216920509
448896747
258689
6299767671
3522156514
73739633
269324
332177
102246653
664769802
144719759
502127
575401154
165658
407451127
690160376
776762114
272651
688188280
2728471959
1524529093
132065
170435296
144719759
63205787
742640517
91547726
359910926
4211147165
186395508
1389937
219691
872431421
631574816
2539067152
21322026
364768
55525866
2204146371
145150167
330138
3117617936
2673029413
404228521
827274
1031705725
148277630
531263
3438122253
232916740
3072368682
325171
535138
170250679
270802
910426956
1840321106
126328
306263424
166782856
966732263
206648
145150167
1984501969
4348971760
2051144419
187120219
4811604798
1497590700
847565721
5721964162
305929
1224797782
134793908
1109501487
155163
267557
169702563
5735037661
11896038644
3666134166
6985465014
310888
4246286609
181088
532803988
131955
144947453
3565758598
1224955602
337269
261312
170250679
3926939
564036
252007
1000350
532145932
1017421300
134966528
225258
407451360
3441900378
3831831905
74187159
2163192041
70028720
480680
3618849114
25241681
372052020
1987817041
18994534
3142159567
2723186
404616
88021
1893902653
398387
3361096039
1060323
2546909225
258939
2085657840
3459999858
1534073
1001252288
1027525666
4249455239
1051531441
1661806
329634
56841618947
7006172976
3684269208
103100653
149168770
320459
34133419
181378
535128811
1029120658
2068046741
1536627522
212889057
2553612277
509893166
58608211573
58608211573
11308406
3572856778
12874744112
2068046741
2469540629
13597634974
330852961
330852961
136191668
8106748520
696422680
175126
785657376
480645
179423
171591
301182
786988343
286228
70380095
347164
320721
1174482
272506
641995
7010809436
118790
223564
3572856778
3378950351
912123
2221250874
3831833225
75753308933
306386658
221275241
272915
1017421300
1290653
377588
188265898
25218370
1399460
637395
3380368383
6345155760
160022266
4368534219
1436224
55816746
1199837229
11309056
3721071
6345155760
927414
1220513858
577019261
374664280
73114409
3695735792
2766794011
2558129611
2008906043
238475
208997
874397572
916562388
188265898
1510035903
2558129611
547408
957188
453818814
84283
1220513858
228044
3698191823
56949409155
263761
136254259
286158715
90764
407451360
320499
2470243558
126367175
76620482
645044
6477806377
1119380361
1048036178
1196967
296484
1197481862
2015058
491585
861074636
2114443765
5745163615
634671
152845
272348
5159971952
698559082
536527481
136676359
81651972
673638
130453
1893933728
201104
1062472085
235734884
253072453
4503526
1237638697
13662093841
76091452631
103796453
2074127365
6494813625
863843682
138330
5765943892
911500
12513778
4284028199
169745
1212654615
88081268
1223890474
172076479
214786241
253869
279893
210284
76731325
856887114
477829648
790453247
873816777
223671
136891399
408818593
206243
2079651022
4379151554
1964097525
267669
5765943892
136891399
264164
1053025118
234287031
117764
247627332
549188
16197371
3030336622
1392650
228601832
134028
2700334456
1241085889
11341744
2045950034
418623784
933487
612293
6316032
24276855624
1080191236
365093432
74859132
3678304370
1924149547
1633123029
1924149547
2700334456
268761
4810306480
51875391633
9559905
645381820
132836
55816746
29720473763
704779432
3004341136
874554863
108398057
138003
1108615428
874432405
1120286265
76497655082
147506345
521589172
236917268
2849009
1895744
132774
308423029
873236029
4928151004
4861215269
543543895
56263146
171152925
789780
130198
973503213
115767648
1070568651
135415
1850305173
4830998166
973980341
332693
252736
2581119780
37744211
1231330474
3222521345
482907
410707369
1935333514
71109845
171152925
172486399
288713221
1863087144
1190181946
1639492
4831202038
57573175089
5818548319
516225
1222177826
1195562
541219
1867211180
86527
190502443
626024
121798
105245997
1087071803
708516664
308729
3746072772
1231330474
2278752
59325348552
2838067
114993
182580
274746
256900
3141655374
47789284
1068384781
173729194
179733
1190208923
2093105118
1938188590
2093105118
77020896314
2588635600
56669226
527265253
1128774921
21267503517
2125979213
926507
672616
381977
1464691
212904
9938706
875195290
3262384927
734757
1640434
217217137
944695
116152978
319008
523466
29930259294
1252325017
1795803
2173564746
934035379
274517
2735124537
887810632
132245
748883
2854338236
40808465
223591849
13872795802
1197082473
4345485912
139774
239132628
260327
267507
223591849
596353868
6463894771
4861228513
317391
27248920
299199
1879181243
18746000
57860159381
335551645
426580
20383970
631619
600109766
318043
496139
335551645
335551645
413373679
702206475
2309898147
175366659
1560408
4917860867
236692
265285
544658211
4425228663
544658211
172652
890705058
4861917555
57084711
2416564455
88359974587
12216175038
231508
615786
290625352
891058267
177453063
11546980
303314
206087
256738
255007
418912
490309
1355355
423105
408145
87513
139099531
117633
4979975623
150086131
252864
4980192915
91872
167945
2418748695
1096546968
320249
416693377
58020270247
94480720
118221
1953686
3460672952
2418748695
734026
2078978461
403191
1120439517
2735366344
3308889865
3098823732
30047413435
4340551
255983543
280596
1836301
144878369
177453063
6743592
384829848
803516091
175366659
2078978461
5664031
707418
271054
878073545
318851066
2020309271
1374650
3100199364
260159
1141527068
93415094
161260
177453063
1537180901
116673901
63255009
1255915786
1895703039
156868
265862
1785081
94511072
3100199364
2228039894
1035007867
1035007867
7192630623
149830637
1256364750
4430819603
2228039894
2532191617
236334
239820420
35558827
1086585797
11187941085
77554285340
532779493
83983158
58149854300
240503060
2532191617
940263
455884
59927852861
934035379
626450
2388986760
2099119532
291411478
172765887
341754
2785995
637069684
253259494
805824227
272873
3899554906
153026778
221273
1897562491
256354823
1897562491
139691809
336563953
132295
4944812302
25569772
1061877851
78385782
13219030599
415022598
468288926
193582811
549672
78385782
57672551
239656658
1205092615
70544326
256354823
3272213546
718019152
777941
2374890
1098064403
88757338133
225121216
3324238038
328820
3102066538
3102066538
219575142
4123946
1897562491
4944814034
78560106
607380033
1263453560
849910
133762
271157
1104119331
314365
200474
2025680065
12255234683
943143737
3324583532
140525
808709397
293176966
76228418
175366659
257108303
239656658
3555174357
415198
1123084000
77760617461
2129902556
55235362
153265479
140150
4949256329
1039525545
1266769544
1571462
453315
1955794584
1877593
368516
516845
1897562491
177453063
97661713
11663136
897594746
219582
255815564
76355553
554438989
375485101
2447507765
516752
2447507765
3592552
330841
126468
3103175243
177453063
375485101
129959
4442569609
4909321805
535075093
3918589184
6681800922
654129
227966
145101
271401
437922
720192988
161390
897767706
253604662
7227029295
275527
170931376
190097
35660011
4996017448
88901340173
1874432
239657275
1039525545
292306
106124
90800
1085134948
90597012
238305
2633105485
481079
21878783
244531
319764880
551283741
2243705156
417808522
293388871
346326
381856
257191
4916925466
29575268
160449253
1103095578
456701
897767706
139902745
202765
469210582
152195512
4362079296
140030
549969
7208024128
13292829134
632857
77824092223
293451196
549628
413322
5692714
346128
2860041671
415301968
896431970
250046
420008986
2250547056
214464
128474
1961948964
384823
54642520
318924723
1710408
253604662
221164526
636448
95322175
1258166710
4918377866
533409253
800106
119575
131696
137975
3202327429
175366659
416118588
323094
1211321694
1967857378
423466858
2217206807
3658408711
139099
2860041671
238045
1088019977
153749991
153749991
4456372391
1343145308
94863
3137921757
11987267594
3664518339
339096
5894060858
1269796459
294498256
274038
228758
2258658536
6155253459
355705
153907787
239018
132042
830709491
14076964909
92199
178177
2802694922
267317
942329873
78072867094
258559753
294540637
660874049
178141
59348506
2343996741
140953
78074512590
95448732
149565128
138842
287535
5810159772
6696437553
2220443
1244472964
58212711
12330954352
88841
3145648942
3828966641
5698458
141940
555138
272326
92065
321853372
1571542055
180260935
4988146961
225802048
1571542055
6696557877
1789809456
1549933563
880834
1313701424
298239
5012358961
197732
3148865083
267069
6699769397
1918693
424913410
825012
870497749
2460541973
261229
348884
322579
76494853
4950061
2397232941
154080827
268331
58430311
268673
1125046730
4464612158
6719038517
1923916276
1923916276
153634804
330477
11716308
147135
151606370
964182
13399716835
1105264128
241947
220460
77295561
637955
230082
1157884593
6551537119
2251050461
176791817
343842501
30379587301
1277257201
457537
272829
1277257201
154080827
1245513124
242180829
312882
238905
159440
196269
322365692
2120471184
7275077536
612793408
3607359779
2763734059
2902857945
413789
2150530
60622299833
719730
428286
1107358430
13620967
260598
860766
799559185
1785421
335558
268247
824445
58430311
805179
73523338
2660637972
2763853724
690383
380866906
258938313
180994
223043934
154254279
119576
2368313169
534104
239378
284122
1247138844
70049400
726443
557805523
895855486
612793408
256679
344823015
154254279
2150059101
92210558
1273323149
137700
230550
3386223338
27411415
1273323149
322772028
541891
237132
469469
88521
547231173
13455906670
895855486
8410485129
96494357
3386332185
108369172
8410485129
133503
366586
1119015724
176092278
7067821
735968
54194224
2161963259
1113952160
758871
2005818763
1126254
177835
35979499
3191379647
1548552194
397077
191671
102650266
1510915
133190
418479418
4423497107
176092278
176092278
270002
227794900
1100207
93264
919136856
977988
297595717
3887476569
557805523
6312996
819414035
279023
698504
7289727821
459824
124844
173800197
92210558
2121502525
2258617948
150930
196910
2763935670
245316851
756109
729610985
472101614
152262656
1556599723
3887480636
314709
225413155
2266683474
246302171
440243
896734120
1174610001
1159436604
943869806
2258724969
1124935880
182146873
143082944
155496798
3899123590
641070
1577679350
2021288
478553
276450
1174610001
6027517
154871867
1128586156
919136856
1093640906
897369610
54314005
374445
277190
822584235
303846
5105523510
4579434909
122697
227794900
265496
2422026371
275806
90392856007
184399
90410441918
556401
4492780915
108535772
89946
60972256722
2424171705
307922742
266718
551092
328162
822294549
276111
260102792
751672
540629
2589488234
951243
2679174656
273146
59227016720
92564450
901192676
65417982
141186658
461873
1953240856
1007795
2649518102
3294652
963713255
416694
12335283527
2925403
381384
1291795090
188263
209215
94032
182512
2282941947
108535772
739685
3417176298
41072979
3651301818
238727567
1320769313
610955952
1108785605
901205418
107769
134763
1579377338
324877816
2293831660
293446
13571543676
80347336
178404175
1368743484
30659068523
3595066970
960664205
903201529
1321334
347431008
4123159537
220848970
4841316
269066
223428542
239112
638127
149707
417635
2013638547
2386558029
731559296
1953240856
1108786337
1572151302
133880
12529447521
2170613879
1284685620
7338137684
2220969
436145793
3462467839
6014063595
59324200
1128985516
2786700422
352250751
534024
2282943239
93168
606421
436145793
1849033126
875391
384727
90831387618
1954585621
914854001
123268
7345278850
285000
394908
377967
2692706562
5148396302
385074467
248257355
260702482
228828313
397567
475271975
142755
714723
183102463
972906
265075
13654921556
172714
8510115485
1586310
2013653877
1302997198
279458
2013653877
283190
1302997198
248257355
1958067
2065479652
549867
350381086
3629352820
277224
217040633
271560
3417518577
6011300428
268903
6852463388
308117
301425
735803048
121574
200671266
198928655
200671266
146711
471117
2299414348
1141074349
156085700
423945
559454470
154819
673182605
418663322
2977631041
59627185804
232704
1303189159
178726
3660477906
159159
310755
2516743988
3480612287
311130
92758
1066606403
905319555
557793700
6014075189
2013658041
372218
1144237
38229834
1759867
65968248
560751698
2013658041
153899422
216024
120779
2787702780
152647844
77699254
395872089
2130990875
79747881720
3208239233
618923797
154168
77749779
6696722219
1177876086
1332162176
477208955
3208239233
164475
453293
178047978
74202537
3954911236
248281183
6868313704
270223
94162890
12593460227
915628298
259219
2183098056
1296265710
1111298
90591
341758
736433498
229416161
3678574846
308971
3954911496
437628
1089879
314378
2078835688
191496
243201
1333837927
261704282
6712562898
1588894483
907393946
154223644
358106
183855
91337118262
261704282
2043671607
230766
398820
94427
907393946
1272361
61632163694
2286434662
237092
201638650
2611800396
737475122
269117
266623
109523
1304096019
232928
59863289609
1304096019
279534
910045876
956663596
8574530453
285418
4021023063
840998
2210952
737475122
6015461300
99564431
837868593
207341
870117398
932310
837868593
327195792
6030815593
190126
1624730
142209
127309647
143240848
1976567673
5129010245
908904526
388979822
563843
582243
4473263931
410623
435097
4544513
386579
92195
249549433
36662837
180345365
138739
94085
1070474203
1976974538
2209212057
124863
2081908566
59474600
4563308114
3757266513
8590017980
2928659478
6730323759
1057561019
138634
1070474203
1125082089
178306008
236744
12651869614
110526572
2802693630
2552390
2624371869
5136963635
2054417223
390493907
1241780874
60039029049
229943333
6905055998
137504
249638305
1240254
1976974538
676065646
6031087838
1336553327
11933771
565138130
398977
1553472
1303266460
183667403
31049073821
1114602410
1976974538
1789950
395327
133111844
80170391092
13777118229
327196178
137957
1006878
440171
8590156300
1308839950
1149223963
102533434
426618557
75350242
1241873832
217806
303988
1594488822
279021
424358
142747
14546929861
81295611
621345052
3644901494
1241873832
2055481916
96820
75608617
166008
574383749
316055
6057389761
1241873832
75608617
110526572
355488724
230735
265620
1982085434
997476
1586562750
1241873832
114524884
5224131110
417082
2149249553
21754498
565944530
479837479
1114885108
144254
575677
147172
138396
36923152
2200015622
664045
203072442
513945
1982085434
3017983
3975469554
220194
173466
181082
393617
3014635692
283372
181442290
2551287608
915013750
847731553
2811739170
2928823
133677
2650864314
3465009823
199453
2333399139
234219
366977
95289219
144830
1154699217
1151634684
264046530
70490660
1313546191
745152338
9104525
100096548
226556
9351081
2482643752
181442290
65859307
917124460
3465010750
2865937
2069523261
664795
192802
181442290
144362248
659654
280802
3150451244
1715600153
1155152344
236307
60499226076
622345305
139417
1321104955
1082132844
643041
201312
230879312
100096548
574383749
1719769
2091725310
2819744773
547357
3806389770
392932444
744640
62310350819
3299781
80889500078
12754744787
142700
2221995710
14742464643
1075840
183667403
198092
1296893662
1395487
231683
572600530
1162651367
230880710
347866
181946695
182777015
266294886
1616798238
250930881
252277329
3810539562
9829687
51639750
294406
701788
2506747862
197139
262939555
3732244605
566826594
92073
679901342
2257199024
134562
284808
3810540214
566830
144405
749762711
14778399939
262939555
852398917
2257199024
573313002
1162641980
266294886
329520659
525233
428407
573313002
555515
1997658378
623473689
1130768
133507
1322842715
62745231312
396646537
159596967
1997658378
852398917
1322842715
4526139577
307777039
316846
1084866252
3262930806
157230210
828077
79048544
14784444957
95405
12229236
489638717
2113810110
150220
124628750
1644681
400706
14847873956
1035769
46142
1167630607
555418
75731617
2796349571
1277709107
4105531149
651541
173065
145012
37158928
701492
309029356
1293959695
83310947
6841274289
403711710
2088859321
1847762037
1497211441
125337
2088859321
240802
83310947
252446646
248073
3024412135
340420
229176
475019159
641211307
262939643
441766833
427450527
403711710
3908869420
403711710
223592
14106768733
987041
75731617
163620910
14106768733
329641637
1170988738
96207654
37165072
163927
926577264
274670
2342016497
93273054405
101393905
1171608465
97699
681146079
577547
396873808
183823210
396873808
427548767
553728047
403711710
320048
1176479827
1766717706
3042535654
253274035
2098459141
146320552
198753
2786747980
1117805
4650679958
14936084754
362210284
2187292
6147710242
637108
2596365014
2306981675
202454
143825
1159612
329641771
399283443
250930881
2105788279
2443707086
229267
3332341951
1093552454
427548767
308237
362821096
81865032681
8461081283
1285259475
25703287
1609122
2953724
2605415202
159093312
1093552454
448350
184097985
1152485266
80128369
2122271614
1413318340
757645487
2550184039
186314473
611056
1175951390
264783923
4076177532
3995386
474913
114261998
2446103437
54184016
60289680
12244609
1175894264
784093
1126274725
388742
363386860
80227777
76424639
267355588
6877402804
34604546
1222833
935646393
363386860
80227777
399921
935646393
400693467
5317496546
63415061434
93777628642
232020414
2702605750
959393372
2235148
2612850134
4136382957
494871118
7633909050
3714043541
144925
745535
1967216
300845
1155071994
31838898755
584803385
1336169081
932763655
94573
270060
155794404
159330496
47904
247115
431903795
431903795
96788
126484415
184667
126484415
1179409358
14231596477
865725071
44988836
2799341004
4141548547
382205
1928674
50314631
2864679015
1100616199
1100616199
405654526
14232982147
15020438111
574370
704766
2702605750
4157540066
2268327398
144893
1637134026
695118
269021
439005
292345
195818
325410
462484
4700157260
1161214244
235486013
431931425
1259546358
187047825
91771
5340715759
3561597156
1630895811
365914708
130962258
1563984
185665324
935735994
21398182
1129171100
2001740210
548748
146573
136850
60550672
210211168
4181248817
3276316897
4566396368
112991088
144826
498442504
2310672348
2379186411
23409984
5313567996
94284457101
149039314
7187944956
1333605
162883335
232825182
303271
620736457
235486013
194808
444003342
431931425
628247411
2633416172
3277266477
103145028
580100698
1130686885
253562078
499437580
77005139
446643366
1392913110
3798910312
5120770970
370922
339261
585905842
37647728
186471676
379235
5122037624
3899055702
435063
159548894
1175896208
186471676
82884539107
5333124485
967588
751439
97760
367003
269252104
1730270
28495152
1112305738
99091
519592
335992179
269252104
2129409708
263791575
13060135033
2721273997
4192942289
586938706
288176
4126515746
198240
1166771894
1111000
1297878314
288041
160502164
764683287
3786340897
586318
77787764
274765
2282436
918788743
187759105
6973532511
60765712
2692217
2245606
755087
2654325292
3793863833
93254419745
3909772758
233911134
62513131021
255031686
243882
83148495622
808502
255031686
187584608
317120
187277724
448433574
191265
2841058055
432540074
336152371
1195696765
20660992
4608576816
1402083611
3176801626
299107
6293012259
2011048208
1402083611
494122
212346747
264222291
68499553
448433574
85566968
966664982
37964336
4139162777
77604872
2526892
809368
188047674
7662492
271172067
999606176
2012105
2298739630
144804
4747029815
2137248362
14427672986
147267
3076172574
2338218332
408598618
98836104
64432960
5351013343
588769905
5157662535
297498634
287240
3076172574
710199
8915306880
1141159
1613784
370564939
973907
3828937777
30357383
408044466
397718
768431535
879373213
12577660
14444651937
130769574
2033326991
2209597
5162371135
151886
258056
1654650120
160123
168705
397097
1665175186
568645
81794718
1591814052
993107
453479
337290833
2532435684
1365478302
1403930999
319727
186411990
7779533446
408598618
931900234
1114591135
751085
81794718
1388932339
652109982
311386
434583246
99109608
12578560
503506504
3327941
14459608798
5376882370
1176042544
2430923428
238771501
370626
2103659295
128051629
3814783457
7291752175
1365632194
2600408483
64815206011
149886
162781320
2592777313
157748
165035211
124097426
48839
1367878663
2177310
1372492243
4203226280
410486158
408044466
688144
954770950
5378644014
12135294
2830658
13248115520
137614
5886664
82243333
91644
274211
327552
1215486652
285039
451102902
942882585
1273075985
196852
343927
884027615
4778550428
3334260090
14520504698
79149569
149778595
4660288448
150530
337534865
589365789
3645719
128376602
5167903669
403491
117633
659526
7319597
339296031
296853
1591536
13262036940
1282012
246087
1660995481
437281776
1006427081
1660995481
447540
434598545
2941680239
7057195382
1368391567
184624
2181859872
2431261537
12647284
7057197894
63160558624
15336918788
181977
255031686
406864
954770950
14457272145
506657011
5388826850
383401
129829
955356706
274851461
244866
752241
4208503759
75829538
25694579039
1391988349
214541898
348673751
79149569
2147633
949008864
1152576
3850946464
691796577
137834
141769
63380412217
763818
254935848
886615159
96179987505
1771623
2334568024
2141047144
295701
159649
278846
3343003424
247878
115432578
274851461
2101565958
774883743
693260143
6277970764
1431321
335593
372830
1979486583
1277201264
4208503759
193489
97732
152575
96211474725
163244092
135125938
3572800839
794137595
693560010
1181651405
451796933
4197260811
212448223
3393849
208338
1684084814
1092846
317915417
348302
267097352
340566
12755644
357701
15927578
935446462
86703909
592820698
201534
79149569
258123
191923608
279719
1162814465
125705077
586004
295685
65565783890
859570
2226138079
2237214
285192
346404
255304742
137810
102486399
4223209604
2533585143
745813
1427714401
778871751
197315
3097348665
2442347897
1692288374
294556
2437957067
396417
440448622
99525706
704830
168331211
282716
14677410946
246167
23751743050
2356173
1383677292
6316287476
13367591421
242673
32930332614
267815
280991556
6316287476
445137
2447397473
168331211
1205952244
1221632050
1692288374
237866612
137513
2198460658
1723829
1161841
2198460658
1384621642
1191387887
778871751
1695520129
976131569
188482
256817
188802
319382786
4236561975
611289791
2642033
1151227071
168581707
695633003
129186
2270731
146974
563773
95076
163588106
39022792
230586
18425756
437348
278274
2438930836
96741918673
2895932347
249590
163588106
891673739
270781
129726962
105046635
1282110594
327225542
298865
3950307856
132970
594930138
2357884209
281258
96751370936
151238095
5491137980
662678850
594930138
4236947151
2393022885
131916
65674327664
567313
150402
273878
105176
616109
590252643
281736
3360350943
238278692
1019114393
238950
847856
140505
1428595102
3523318
2798897381
2895932347
143212
115826678
151739470
83977868
1463032
9092442901
3818796
375607651
12803452
1233473823
16340584
75234194
65819528081
698305387
7933863366
138661
1680609330
3918679765
446038273
2365278769
892349911
9942096
12487974
142373
93971
87756736
13433379237
1196962655
152695
596619738
97029368159
2179545189
1196962655
1287466466
887600876
84220388
1199423329
1586141
5210238343
5210238343
892349911
7402556
1245012
227741
3972494854
385235
477798151
513245929
192960934
2733216420
1222506519
596010844
513245929
5210238343
2988173547
2807204998
635287161
63021904
3496452625
192960934
513245929
105385927
377125375
3362832318
287426
105385927
2212453490
178452307
232097
116152178
1165640150
33098252914
1223809353
132141
7148699901
3411552
638400
10481279
39177928
1308716314
283749953
130149596
523346
80039819
218895479
2313307756
165816
5520370654
151030
113350
1025840709
99404
66086644813
283831
5928058
1171806
64251650088
151646
2525781
7789990384
2653956003
191408115
1710611481
1201759001
4395125
2185285185
970648512
2470390245
2159029759
97363417546
287662
161981
14798980810
635287161
1290705441
130399549
105585026
419919
152264
277672433
564445
1360672
286824
343202
143157
4736029431
7486908299
635287161
381930
705139
238278692
347695718
411758864
64291745006
1226800687
5230853820
148663
2470897047
238278692
968333266
144887
378932071
7966400593
383181
35334568
1396238171
202696
66158171756
785109705
141143
6148681594
144282
7966400593
611312
101147307
684182
191059
2855563
116506
353331
1845505888
3074871741
39322312
268127205
297760
311745
16881686
1502248
1069788
1205829165
2816188039
606872308
349744
2239289758
831734
1216756018
220632078
2192854815
3935128085
219423685
253337
1466783
1024898935
7511505980
20715283
7511505980
968333266
999671
384225
101515
152366
756512
2756469384
2756469384
3018208682
131013
899692844
3405037
1206593673
1206623115
2551650268
703735443
1235604375
64378315256
5465691859
3936719605
141060
131012006
378388
5234587846
456576380
574358
2661816482
268127205
1208899535
244603959
106288680
294284
901413778
255458
239628052
201545
4024360094
728754
1208899535
515293973
2761357324
352860
12898294
231320759
1174836005
507343
2941439035
7994100008
64324743
25934161
1216756018
39610696
5709797383
5572795084
9200362501
977312
166053954
1444244585
491644
812000
324022432
402087
668471406
1705844567
4029380068
903198262
418631
185675
1211290547
635836
3365065078
465107
145050
84995526
251177
97951341454
206042
20080856
600701932
13543704400
387542
10400351
129352
1409065370
1235604375
1241963664
2346857
221350537
936660
12923566
600701932
221691271
144532
953482883
2426759639
412465
2484060039
825374
1147158161
2500362
609952456
70254900
1213419297
221691271
412488
516973955
316752
39802696
1247344160
93259
1673848
7572745652
3965030433
812527
411758864
106932034
332044
33687043019
3971891833
1250063370
247607027
600701932
414578262
458084
85580206
1255344
2704817299
1254385144
592561859
3832156
15895392609
80693069
167195769
311204
360072854
475527
2412705876
145712
1540383
1223841165
708655566
4987221409
789431
195799825
422479
445382832
100903
139891
2870025973
397976
3169289304
67280097440
6495148265
3685325733
1130714453
117195
465191
2572865334
613572091
151856
2277533356
97625375
152323
105451451
2176395640
602097132
42038610
363768
2227386392
2125234491
1308224728
2354491788
94290299
346851
284059
1181949898
1459681061
466648
516122
1220351528
77208695
60818200
761074
1225971150
281770
167897
48399144172
300316
1246032705
323025
2460534835
603171172
4566662
1969997
258374046
298810
522867380
194831974
133416368
64860423
985389958
4066120280
593261613
453868162
1051666861
167840139
1690317
279729725
13705630037
7646616081
2058275
2713931678
13107994
1255686
549897
296664
155949001
198225
7298880405
2096403038
224103675
2505582857
2713931678
290332
279729725
4842632948
7298880405
1463269896
15947937450
759619
1316536669
3080262913
1316536669
2369583
68296495
1227078100
2176569004
86936037288
241620580
311098
15949381306
805311747
5670069633
1463269896
13107994
5269791332
105846
161118
224186514
504766
355596516
40323799
386164
522867380
3687965670
1241752715
157112
1250465645
2424998859
86118788
2506294217
260793
1431257185
713472
289252
389907
2075246587
1014869
224186514
253678
9323394536
257595
9323394536
913347
4843979186
676446
99254070665
355596516
197405089
382363
2890926
485199
103643399
990427821
33936003215
249598
918725264
359356
15964314563
292644
7876951
813740
4066120280
637433142
64860423
254013
869412
637433142
1225865488
355596516
138375735
397904
156076681
423622
216946
1251552141
3750876253
392663
7660354001
3963102071
3403541588
5519389244
241620580
251470286
617470608
96130
726472
156076681
617470608
4320610819
745143
241620580
40323799
2805548164
153573
568632
4066120280
9351614576
154039
142729
67742911351
241482210
454746182
617470608
354706
1956999993
3571351
6496847149
2805548164
86555653
40458166
356691561
156490801
259416968
286316
4860740467
86555653
2556726
423445647
2807873004
2282133484
329419972
359342
358328195
3881672239
197241
1320469774
4003641202
99874174
387833839
210783084
87157416782
993946969
1053975106
151008
81200444
2717297999
5313740
256512
251470286
2472297423
251470286
2472297423
616312
3403541880
138085
2717297999
358328195
1437632
260573
65537210
388288987
1434074785
1653511673
221041
199414
429986
2817293051
1548330
298090
157055281
1075690
153451
133422
201923
241541
2243353089
1160079066
782561
260304376
1440771600
168623
81832783
9397860530
5692926510
608616658
2288591844
8213777480
598714605
445175
2743411219
2298394942
199133049
5329417250
729403
6234873
816393
623168652
294773049
65757194
2489493140
2489493140
16113437146
202929
244255
359817241
245744
152929
117782129
1378671057
66450049059
643472678
962711
999540
198943706
920798
1482225148
511676
4022639
134845561
268700
155535
1565800
134845561
4429547897
259384
97245
1347058
3228962042
782541382
707148
132469
599620169
1270269179
2831891891
15281629154
157655041
117782129
494778
408012
243204
2451855918
13289290
3423861656
4000161725
26827487094
87171118
3122528560
927485520
4026149274
333352366
2919944413
312197
2265091025
738960
611108954
5336405274
526939
2087460991
15361476690
9352286
145551
1465179
1589906
604714147
158385001
199975385
1030880359
104937568
313368
66448508
2469035696
199940164
1280001011
67004358995
1338783555
187526
425811141
1254832867
2268299255
933845229
668372
287709
200443010
1010811859
2503083878
228284148
321053
87944860
99409
2316293761
302027
4983775558
3261207809
466318
255210
2313971
614890
7433636618
387862
265427
257733762
2214746855
1671564
2281266419
200414954
150109
428217
48932102
8364097884
1039111
10276554
610667669
1080527484
6679438198
258115154
476031
1406816
427156177
1265178067
2782561061
3051044770
421356709
4063445710
8364139041
486806
41459526
88266340
431065
4484236297
430718837
467496998
1786502038
229790508
427156177
2179006
5419735108
3169954383
5818621012
428909726
119515329
980946451
1082684873
7451723033
2515061691
331139
14074279761
2104051247
640105
366986903
201967573
2530686946
466180760
397892672
464007
11291069837
1196273828
2531413430
261002
5823043034
12619491
284052
791809
7854683823
150677
4189363550
4495216328
402470
1267990843
7453250823
230496255
172877939
2531413430
1340814847
1038954378
2107742661
211005
3172597815
114419426
468373654
1264147223
1021435382
1016843373
1288426435
162572
276348
67623440755
435075371
324570
41626182
34870305330
102061249910
468373654
430530954
202481501
2974514
1083338207
652157904
1083058692
1810290567
172877939
14080385422
1469869325
1271307532
727109723
289159921
253220
432600587
301830
21505740
3082894575
321211
377179
1038696351
7868558217
5159401188
137211540
66787708
1236964
423285
303295
443807
467319
89613617493
273001
564610
103920
1353260244
430531529
8400755759
1293742965
2537681727
201520794
4095255421
1810694537
15580967566
164791
177919187
5451768243
16449679123
646512
137219028
730382746
172913590
5160827319
136247
1267384716
800668
336142
332484
161288
534626
1347843934
653772259
201713
406935
1290711674
1045287769
624368996
1186579617
178175039
92200829
88680327
111255377
522848
3298333095
219096
178175039
1045287769
315496
3298333095
1516940169
949359258
384102
941039
246101540
3176492520
310093
193228
6699517736
216544939
16495573835
1805754
2631769669
467342264
732651038
150109
1811230842
2227681
1516940169
1500899739
470728344
404696
3176492520
1954677
405152
195619
2893472173
1266158516
14106658349
613030590
625869156
2362699681
120105429
2496631488
69753976250
428838
5160827319
6699517736
146170
1084750254
292835
1714977
111440741
532088620
1240737
314511
178175039
265934
184323
604873
2565605568
202222
163730302
102417170190
1197460560
5463015405
1053457775
989352905
253682
1350724
1000286
1299068731
1352012552
477770594
4106820937
2565605568
137336
1346318
1266992986
137579
2562277907
448545
320123
129698525
887760
80486073
596145644
542080501
407356
315295
136707
291712
1266992986
341076563
5732043443
1266992986
362366
1477290034
397385
88763047
1360476354
2549231591
266322
1477290034
1269523
205187
613030590
2229684860
489227
1280417068
102506154343
137186
370260829
1582448
1597116
2562277907
456609
9725962
625869916
625869916
4189376861
625869916
3315357588
108005590
35989776565
2630176
1657887
120105429
2549231591
1270273613
84440784
134492
232504969
1811230842
84440784
6959159
7490407294
320544
102329
353028
989810509
1264459773
5820450
233478718
2576924836
160399379
150952
849833
4189378393
746286
1219861
2505310889
7240155
1307097641
2919245252
1360476354
152750
470728344
3121818
1264623
102795910599
149970
2883299
4498435397
68147943660
729482
112262684
441538
370383133
14174776946
374733
195953
2995492780
2576924836
854923
120105429
7973078437
160568219
3674915167
2594330371
281200302
229504
160568219
93165183
3100586798
1206376013
1426818133
838694603
735761773
138645791
1915292
401385666
3329848772
436926843
2581912309
1356107823
5191069333
1299631813
3101878418
1268907473
1028587149
1233381
2259420
174518055
1084996
737106022
1024047808
1665245
1827527953
5765386865
112840727
16691591533
427466
292756083
1648727
1529856464
240080
454172
203944160
316250
554019
465431
9646464584
1229864
156673
1090495794
737106022
222147
2517571074
2652118384
761028
86757245803
103296748516
986063
742900
808261
249894292
435909
1809090622
760055
204000158
198251
179680899
842594777
2029515
2377339775
6752057170
138243
180123393
113071619
5013867756
93854718
175129508
444026360
695900722
3451044
385137
301148
121226129
3845770716
736654
8058259954
349968
891184
84810159
537891
845258777
292756083
2606033585
1291471663
1033869658
235469989
2342964974
1236907860
434202878
6497178490
180092899
223725
1281938457
2344024223
2829561970
262961
67884840
104442
70903655783
3224496815
3846707739
1335494
14356298471
21824534
94459081
320175
372796647
2886758
1291471663
3838779877
96534288912
381407
4158864759
150049557
1224109
7457305
103873234888
6758579077
68928517605
205317912
67922600
998388428
329760465
4538561357
1563217
629815260
1494188852
304715423
2345118503
300118
845333369
236238394
320821
3849001020
1030995943
13705126
89874127
175605472
113394922
151211
263311097
267609
1100362012
278560
342123
372834087
137819856
2402801958
175605472
1283184573
304090
252830
4230693980
357549
279703
335230
196298
397622
236351494
85523784
3811379119
625554
1224760373
85523784
5954181
280445
37046165
1031333289
926331
312255
651909234
407452332
5787680700
542325969
4179148519
2349993023
740136565
1566611189
2152932704
121331918
284498411
308879
4112695248
258975931
1237722674
6768276610
33367351743
1105114422
71268044175
269512752
1366666454
3149645029
957459
5304947136
555491
157857
8571776677
5787681984
382019
2427580174
1276049
1506130135
2334792669
534052
2432676942
4546232660
738369
763883
232745
71364634141
2625258702
629781
708040
598418420
629815910
2568273435
1847347602
629815910
159488
847944089
226667565
968945188
494816
1068057
3744331052
163672859
278592
1371204823
270815
505684
1330372109
2568151212
5787682971
457436090
924975
3274148
1831642312
1551731838
281540546
438024
239662
6754427151
347307170
4230693980
355308971
4368367
35826849902
276571
662208738
8597985643
1074928
2568273435
271677
1042747701
95128503
5939279626
14951166
177782782
157542
505074
1552523985
3851070153
42818369
7615337
3156918772
342135
205332228
206591865
437965557
3851070153
112912
745861618
745861618
1334658249
3527709566
236994408
329022
359605195
311166
377613882
1062194146
2587560
214139
177750611
1511779856
1862597221
2634529367
87624562
5558088689
3527709566
2353987425
308884
25724458
206416
582180119
16025136913
6778310301
86091377
3986924
2566592
3261695662
2441455054
1336049672
915836
247289
5558822849
1051577725
816085
5954970978
237874377
14620327243
625356738
3529174274
854075483
630987
273380
1302697342
1263241
4251666018
1010220176
414359
139942
5178280197
1010220176
3864904292
481817534
2657803426
102118
453666
757923
8132370498
266326773
155821
559378847
1009839250
17011322478
179768126
68938073
1693344
161442
1483115
238508955
4582021541
1309901237
265195
1074226268
1349805998
255275572
3371934304
288174
1309901237
664362277
1210161501
2048168
749160524
398819473
4590761588
376179
281918321
6002759891
627403612
977226148
592056
179041985
183768351
110492712
647217
627403612
965422
209454890
484144594
1122198455
200984
4615493852
2603566595
105309
1079192870
630240048
1357348
1215393552
6872013
1055727086
321479
327582
142912063
3900337250
819078
5614592825
268276
107051
106671702
413028
422703
110667810
4363323
9968657087
36406184983
226963
126368406
223760
14104413
142912063
479341237
5852816239
124370529
1357028
320530
124370529
3293353403
2661357648
35514526
3293353403
276187
755784467
1257202689
419107
1016198758
529263
855032
4236099600
336217
310134076
1122427528
2874038048
2308137700
86681194
72491301286
996475
2674041170
158004
2603567613
1355069801
267554
3208934055
4294034874
328650225
3002668058
9503587
1893494520
1257202689
2595582287
9975538290
1859294392
139638
2164263233
380671
667346523
667473199
4262200950
1531803928
6866427570
1021631463
1531803928
330801
2674041170
4608628986
103410
256622
1346256
21497422
362667
1522086794
17118895906
17120277018
70608659942
17129247087
158432
1865710464
1319630759
43294913
1065931861
1055729308
70749666692
1230179
1322206243
8788805301
72861132672
209753292
517541
214418
89469749804
986247706
227136
181434792
108928
146999
5626376853
1866184
210352440
257769060
3120927214
4608628986
124370529
3310226801
349652
208460
320054
325917128
106494352197
1079962984
1529867826
111129310
210794997
588821
16311011029
7844572230
250147
990413
1264900776
989839552
209048362
1897803147
159966
7881665142
349890
381061004
1900574859
1878439472
241665238
93961416144
312808566
111670543
69454873
1314507646
4174774
612957
1913880936
670098486
210593490
2784759887
441836
6896978114
833431
1332781245
364441
453189
155699
187308519
8853962042
2664010172
143519
5658649217
184194923
1546307671
2111210
3140415103
2664010172
107014309507
1335618824
636646352
1336190095
1411302419
957913
180690561
481317925
97321702
7900649107
7902093499
1264900776
757429214
289681
4320913358
515277
706171
1285776
1338558202
4312211007
578009
2643852899
258898644
2799472759
1526354
5263247981
277380
228600
17298255602
1336190095
1601113764
670487674
280744
242114861
1185110
1785128
1598003
17123731816
4320913358
448124199
3335262030
636489577
3037420792
4319721638
8876811593
302859
2744271
1185130063
2176926205
212299790
1267225343
94267648156
676909538
995045583
1267225343
5478681262
482332909
8877521387
5891533765
165607
2176926205
228494
1067876033
321604
387328
813190
14308901
125218929
2357456344
401884
2357456344
165228
168726399
94300579883
283068
384288672
581463
183510597
336569
8322703225
2498165326
384288672
1208538
330933
3037420832
353010
2068483
284160
43761041
4000717905
2710745116
493297133
270421221
188022515
4327748330
636646352
419774392
118053
473706
589430
59494642
43894289
1063023171
158309
97443846
281219883
208945272
3429402175
160203
596658
305190987
673440424
2648355834
43894289
413579
342950
4335100358
112126177
40043188
309673
11744191
234878
455872
4076784907
2078633
270604
16446312843
613645844
188285003
2479764125
1298204544
1315520596
1890752203
470407
153238
2061886620
1028251486
37067633402
71711400878
669505
471361433
327552
496106183
648612
1302238904
1135750393
1302238904
488624
210573
322594
262729
1402605139
1315520596
6188222793
299855
404076
314506847
803275
4096252
867410
1380839285
872016468
44155601
285741
1541409024
1277829994
1403534799
112419085
900740
290728859
451668102
145214779
125218929
2308233
228077137
2357456649
109890
277934
304713782
184862938
181724907
5936093718
675845931
125218929
605406
105058
70451775
679251769
8335112702
73890283632
762166483
725428810
1382214337
2821077
1304583544
6206038526
1152305
1003386
4360473
122287
675845931
2303668
7965810026
406296721
212964307
169550158
185556975
394722
451668287
3269964068
1278351962
273110953
4006662861
1085667757
667856
145675130
435995
105722
14040543
307478
98051433
125700529
5509901830
114860
430148
1228875141
220804
357477888
88391877
765933636
378133
2442080053
88391877
299818
2711138209
3602271919
2906013
290731991
1374875562
678554935
410112
2478935778
442916
878633844
8371785672
160602
1181038
109586
573080
189455083
571533
162939
108366157738
152643
18032767
392434
2695431404
338790
1340974574
771093946
263381776
702075
146314164
285911372
107401891432
680593757
809077
415513
157481
2487224584
7986886155
1229269575
2520634716
975841
4437001
70578994
2716892868
2855004
959530121
186115
1388522941
4347986522
5331413837
498128
290141
450178046
964271197
70595002
10223866872
64415577295
1561621333
340220
3356722935
1612266940
170022238
2660192379
185758843
167362
8407634264
320053
386727
1899904135
690219
497040545
5533332867
5992048443
1223093
1427507662
641983502
433172
2195517070
10181300
432062
3458324122
2722518461
8933746001
1819665
164777
2491680095
950834
8935632549
648192815
2801455736
108550981971
263686
3359559773
145404
1383751708
144999
3177485407
1082280994
1293084798
4024159205
176371
44413472
454398620
94935136
8935634531
4347987531
3360541026
108580710577
648489775
2729760712
2365198913
6956878538
1110746462
147435118
36282159
307091744
1313864
1429175728
612240
170022238
74358356395
156741
8435693898
681326583
3090438158
650806575
1347289001
164098
95639125106
367873
1904863535
395392
3283825089
263631837
577008271
219603
72414216
667942
4024159682
306759661
1114513072
1435156873
5805410880
1565535559
158031
231212
6985665683
263631837
390630282
2365198913
2671537209
95696662302
10959758
108953892697
216924
119941322
44353854
217873586
109010964381
562578
1324526713
577618483
1324526713
636256
577618483
863160
232608
2757649282
399640
639201693
3525842482
499367605
98954097
2721598
216700276
7756617840
166455
2505198510
104194
6996079727
1581704
2365198913
623332
1570323389
283134
143025
151425
216700276
5994025819
4381191992
425168409
1926074
2617295
111095
109070528100
2455409651
347849
6764592
230184
914913
95261081
422895
2196421430
2761314091
227828
411510
3634725
425168409
4392035160
250070077
651257135
6267991315
243457
4402713259
459857
291013613
3542068138
488593735
216770136
549377
4385156572
454007035
342114
254925
1146512
344763
1390826908
398815
238216
1324527317
3111607736
1354624175
462559
185923547
215088
8499494461
2505200154
2807723228
6076450343
655312
1397812491
324970
2463778
5370831658
195734901
286660826
215633032
504057
221468
1017400956
2458862
653128495
1967777
126416169
685106357
424366
283502
625779
327632
1394704598
1325756024
219329
1091714152
2480455497
3001652
200543568
14611665
1378501
347351
7118927
126416169
92107299469
872915
461459
96206826992
155780
1370711
2693971184
8544774426
360725
1692806
4406955216
214535
685106357
552982
549617
653130290
170930303
2762263554
458047798
817213
126416169
615413
109553895547
157573
360573
71478505
276893441
352512
2546733364
113762945
1400292686
2546733364
140262175
140035967
1282905114
99720973
217370193
290584563
103947
1591335150
4708040906
148495001
10932879
214428273
187858185
4967988
217303
126416169
454007035
95666221
781566
197211932
155871
453767
311319
444899
5393620943
3925845
1099960340
580798273
1437336166
215633032
2514665453
10380822019
327374
172178938
219650
514735
44863019
8122070215
333344
2705583
1147223107
265569950
37780451332
367007
217629
676448
8735973440
291013613
1585913553
429448115
507005765
4720803056
1402825252
687540965
563331
96470509271
982510
99877586
215739
7038256547
581568001
5393622364
460236418
1127565104
1021102
99877586
5825454128
11440282157
192529839
99877586
54582783
1829350
248834
38288167
1104003213
99877586
261524
37785854046
148815700
348288
4399038928
157051
291013613
648214
364358208
195641
339010
2460018
349084
2783985964
1402825252
392676267
1923342095
5831316346
3556671293
126980369
2553382132
188279052
507005765
3004480425
5011412
392676267
3029277378
687540965
364358208
14929291327
156800
187312979
251293628
337119
14712033
5607518275
361933
5410575084
274489855
4413551608
71769705
790325
1106517543
3225497897
5868444553
454627
7075688529
717962
1196108990
270499
763583
216655
8593460624
1131552300
648775232
275783
324618
3013572524
283109
4429738174
188353945
7075688529
787682495
1247593972
96779651
787682495
218871708
511058165
1939892525
9937026
2776553654
211898
127617369
511058165
215522093
71900905
1940906325
1940906325
231964
3406452778
73670178967
216768
363376
142933
692791
432587730
1770043254
215522093
4095272020
3111544
2336999
6352491954
3570856342
5887924502
412011
3637677592
2764109
322116267
1733025
312915786
905956
1294689317
90501882
2802977573
392332
314019871
2791336
333350
1542249908
652259306
45200555
8176392800
881123
45374699
110886168002
97436813337
722355201
220838
156572
659500142
1462049541
14788569
1156562
10463555598
1744607
4763592387
442990
1600461367
1421373804
14831985
903824628
527499
311092
4778209227
5460745832
72459945
285756
38271833610
1342911119
215237
101191782
388179
484616
347225
526103
194876591
1954195325
190535714
9178804560
706034
101191782
515001279
325013
1118422814
151440
6372534794
347891
101191782
1485317409
384324
655402586
176009
1117376133
4474114364
5754248480
1699414
2880566490
4465706683
1993708495
1466768061
10520748993
655402586
156996
39666460
8844941
218283977
3442204819
1606003884
1651900885
8699715151
4874346991
515470989
2225883920
701833298
749881745
661650542
2522620283
288461
170043
172958
38280302650
4465706683
234376
397495
1466768061
1260358335
2428886166
2556975404
195223083
17136956308
701833650
100199
178175
2556975404
3442204819
269203952
4474115388
386958
1342634229
1086666
392881
587077
3274195606
4474115388
174756058
8236395311
153327801
4143920485
307848
494367095
111930
98374096
696079271
1148981976
161780
574949
1270934580
4475699164
906062388
218607627
2428886166
2793795041
6191198372
880943
436336134
5945514110
14570516
4475699164
1612373951
4502133312
290547236
860414
6397600173
16865640
190890346
3050292631
1180076123
123006142
4487706396
189728973
282791929
1270934580
674107
189846421
1043230282
2227874312
1333403
590465
6192715029
542620
17219066591
4487706396
150637
116391614
722760
2529961907
1270934580
8753337120
379413
12975835
318520294
181917
1387136986
1432617496
116391614
1100133214
3202189505
18162879961
2889007520
124265
655402586
1602820
17800376
483051
2010231
592911703
2799749452
1387136986
10585423305
5499305171
361982
4144685534
1343350435
518101979
1398282515
1319553
334048
2003612725
291139001
1398282515
8283378467
191548732
1433915947
468042676
3297820120
116418872
269203952
1487709777
1961987885
4492792036
10861430
1398282515
7182595738
332570
123371179
7182595738
161775
288243
1121305119
280049
6325984
269150
128768169
370797627
959117
177069
4492792036
397173869
1043530238
114866
117625
58149604
74642345604
4814756
189925089
325017347
2850841
1576263205
219990627
1385036
803742
3203041465
278095
17228219837
221483850
3833524
151729
229298
1155587806
4492792036
4506366029
1184819004
2598093207
593061091
1471383307
151845
866100
9229007671
392313
582532
14978145
798229739
2417819379
370797627
2568760926
4533054272
403621833
1961987885
335997
218607627
1615188331
4537268552
1619840648
370748714
120805251
2241427024
667198
3557040562
52601933816
1389653136
1984166
3020435055
66790017473
1968498125
222136062
326098427
1124587563
1360524549
152819954
5713447327
1416551
149438
222588633
209986
419955
297536
708710
4195855383
219379276
55330080
68340390
159789
88237622
476508
217473
1998222291
816998
2789019
74955255314
99315647
98220116
148021
5521832942
292687000
4457978270
1313349872
1770334
16535483
351747
102888534
8829267989
803108575
1392437802
520335
1052017094
339348
1404920104
299781844
3533664581
1052017094
2548571394
92510656
3311202094
552246
670387837
305558
172703
328691
112700427520
342666
490221
342062
8324346398
706750711
3672731271
534567
4928652726
3450954
1969510650
4929360445
221427
471739008
192617009
7248217025
322705
99034419368
166019
2606538253
7248217025
75063494150
3415255664
660033685
2013356247
13419251
169968
8324346398
704860
99041214978
868172
286610
475407605
223035519
368964
55274
4532279499
270511448
324848
2769451692
176220622
488940
269918160
450357
113975
178550
803108575
106024
297416
110926
565939
1281817105
2927398
270448208
360464
1133895845
10641928841
547221910
460448
232926
6633209
300117583
285447670
778221
1085716743
4864078249
3005765
1402103369
521729077
46407372
99089325103
596183650
197020685
93257281
158739
319953
1279958972
221973947
3415382486
844223
1356308495
1356308495
4533234777
75112766139
1668142100
383728419
796648
2024956
176350
936561
471739008
1627134417
524596457
6376609
261862
343897
75097624251
77269060424
677167
475407605
103108827
894838
1160338507
163362
159689
3415382486
328550421
77282423577
2362181
98284727
7250945138
217769
617094
285819606
917343682
596657394
167439
3076586598
968536
2558524589
1122401233
2921927777
223383585
374116530
8365405207
285819606
1625423041
1141070463
9310402183
117456982
370647
285344
1340820050
4422024
19941119
112601
1130981884
439634
529877
286509
7570818
1505167
1445300190
1359149443
5731302933
1359149443
1074167
6266549280
3237231014
99272558970
46586700
1501235651
161362
3685991219
1015039
9883939
329320467
1202696061
453026
285783
2014373137
1369409981
6478873838
1143020890
402042
46588044
1083212
337740
1160646487
643933908
5736422294
1363980931
921928099
2782365888
2938237589
644764
459591665
3694966451
1279958972
156517
430482
337213
414366
2421538
220894998
490372
660758545
220894998
124763683
77467524573
698725
441704156
660921256
303155
2874614461
177815721
264245
896005
527578497
5551590720
93257281
1158031
70374926
4955886536
3516851276
2524655
6630850
4548929287
497571946
300848
66924011802
527578497
509861
1231655
1315075
198595822
226449
3696891635
1133272796
192566344
601431480
224174906
6785125225
449368
234859
2863008493
2777116
193987422
2786585376
695754
1491249706
223862
1628826207
219441
125025469
177966501
7118237393
99333639424
527578497
1138991
2832505671
2258503696
601431480
1166186109
2065620
17416732133
359959695
152450
707099756
4445879308
3242854556
295965416
3688167011
641159
1093532582
1053950270
6490811291
287253695
1205612468
2726314
2623391057
2571477834
3085891179
311471
163574
15167185
4628977
198595822
528015
5749228755
685836
472564418
400634
419191
1093532582
3327895335
160291
921392962
259733083
1511309910
3327895335
2348622348
1122266329
1637045425
661835
4588781907
75481504488
3688167011
9346296019
1214587739
98672242
34047047
1447867304
242157
8852454779
8402373042
1264977
173229
93782656
335123
154076792
7185429724
443248242
4960495919
3245834032
167874
1531640
6065078508
2615830669
125025469
4553538670
1285036343
708750494
6490854152
866034
300629471
6300296941
96804361
1515223512
2684287
2370478
77778079485
1745487274
698232
922503850
379008
585911
328994
1287743243
223706697
3176266371
1514370041
477064
1515223512
6072457050
1095467410
410735
2503730170
335948
226528068
1451010711
1515224206
2204889
1618386
6073253251
1363982067
502332514
240913
4601250127
15233965
326342
2113142
1055684365
260375558
7298707065
3522810767
198950554
1323829
2792750779
260375558
2885980528
603165900
100959329
15873844450
309318
118240027
224254001
1129850
2588697
18324476
6491611835
1418523466
74566231
2845034698
4997253753
470568
2725072436
352583
260375558
346075
662627163
77835809814
333954
821423561
922503850
676042
15257761
75727666276
224254001
222684
10040304954
299072
10789433882
1692407184
39219369233
1515224206
446622936
12708088
353024
1274339
473305196
1642081746
2634901289
78114068145
155527538
657129174
344685
958544402
1031813
40931060
293911773
413830271
2801077454
2801077454
986466
4998975545
1061454705
991979908
3155975
100154482442
531277
593856
3702116088
272024
15291781
1142595158
733792
170063
501665
473305196
76016872887
224772806
93782656
2622399
1463984217
2801232789
161885
114081655780
501078
415485
1515224206
1501157410
1120833976
1156869773
289985691
227049103
152971758
258780
216956
680265215
160615
6304358292
606868516
75260818
2522972626
1099255151
1423264618
1363982067
5841810340
4475743
1695904089
5002478125
301341809
155630520
553502
195204649
17604482079
219301
262233930
225389
2532567958
649746
352627
441452019
2636949929
93782656
2382574
126409737
1383180
126409737
548397
1467294063
9408282607
221354621
1142705678
75472658
178725021
287215
481703
1379548351
2258506616
325407062
374230
665175079
221718
195204649
7538597
2927982
163325
194748868
301341809
435315
39276395905
1687179
2026252146
3702116088
6100150504
3702116088
115507
15923111525
1214449114
1423289338
78252688021
588843
78252688021
15328753
2854515166
1651715238
729223658
78253164004
4600012418
416878232
93782656
176727
415825
108004
1303986587
3151886
1423289338
110381
641062
329260
2641193448
380415497
5860155
82489715
5604071572
4264654099
15352117
319450
39346889411
6308057429
5790110377
717123570
292468
477399
195505136
477943630
5604071572
75825376
93885406
2999438992
222519829
588438
1108089138
446180
1568953
2239305
345280
2873992268
661157
100001269058
669096695
347445
609082338
364484
114468768145
342172
746992865
380415497
540140377
217067
15952921562
3476417301
1064099418
540575
1651715238
561966
100495712120
15952921562
276101
1651715238
8965536674
47240916
263047732
462136
336090
224745178
342917
216716
99923417
1515249929
199826026
261789
4628623088
178997601
6517491457
78359844799
108455
8465935029
251395
448243872
226587061
726392
166797
100557435995
1361245683
1651715238
1079252
3269398301
298520568
325870670
289787
156728
2596499857
195797752
1147167964
1147167964
890848
1823454876
1064099418
1097521
540140377
181497
448243872
1013252
1132064
60494139
347004
1704463238
609355794
8478798282
609355794
1743488
312584
405255479
1767218877
1516619375
2846633
6130505812
1368251266
1707310
380802743
199842918
1064099418
2806746570
8478798282
5020768156
1468766229
3703200648
2901567
10829648584
599669
6765401
1220186196
2875574562
170451
323353
105070485
655051454
315543
1112236046
502332514
277323
94237906
278291
473334652
1112236046
239071
199842918
2378759
114610983022
155607
16152265
78436794722
3703204632
502332514
1468766229
76319437510
442967
521283
905675
726215
114656616060
301341809
721654525
1652102484
1707923716
181559
3285945748
299339736
610190088
2027833201
263357206
1307982231
2027833201
1066150430
333551
471123541
696171
601507
450716
18633242395
2657658605
721654525
413389
3438023
8975479228
216596
82519175
3011864264
343242
3715018365
2604903174
473334652
105093768
175914
196163479
8482525034
112635
341032
9225442
2875577487
4064961
84198840
2014162082
3248803718
4638139578
105093768
1652567676
76387692830
42617914
1526307754
17664982263
344509
115189
1368915168
2809039258
549151
240417
118656
1265621593
4987432845
420012370
359546
827747151
1368915168
1526307754
723924
130721708
1710000353
1662425437
2469027
155966
39438875007
4987433491
2875577487
749267
2649028667
1368915168
23228633
721116252
105446794
966656664
721654525
202433166
2917549694
2819911283
151597
1476890557
6157671525
234124
53665
827747151
4275600329
57652462
478738558
122879
350219
100424124
197144576
1668283265
919158
505566610
685715
8522083056
2031927340
2653362862
1356111113
4666627341
428010
6159834524
2570060
1476890557
2915888574
405986
245966
527630127
76350176
4666627341
4666627341
1066043
1184446
6168156662
1224064369
478738558
2549559964
2428663033
939360482
277496
293746
39674792873
571021
167469
52169132
300152464
101261341303
538244601
459254
494078
1224064369
1153739
47812884
1130771928
2661724290
302941012
168104
2937843602
2268555294
114856223480
2034048622
717668
196784728
4642031970
421008095
336876
1071863802
90966966
2733561
392150
27970969027
4627770
479016478
2877341295
5026615808
215368
163420
327635607
453035336
5026615808
1453052
100897414
181029976
335633547
334587
830782582
2829996026
6168483383
181633
509778
3014699016
1161910408
327637917
198192306
177905
613857670
336813
872050
119019
2661724290
363591
1161910408
542576077
421012099
687012851
157594737
228274378
10955374464
1674018058
3969021
481722
542576077
7465430005
941052144
181029976
4278561191
1903025
15477985
479018260
479018260
540163
101096459
350259
3725318579
18829362268
194449
379798022
1233939
284448071
5837896933
1161910408
1028832
394622378
1389155
47976936
131775675
17850505470
479018260
2945911078
116803
832222618
2042316187
6580077932
386644982
535459
1083195
266534813
43683106
244729
1440164629
2030063742
7468326388
10680382
1250561
1393616820
31745953
1487129879
2930082505
76377374
158187799
5005010716
421012099
39769273048
18774088
3328190026
2042316187
4699522950
7468326388
15512941
197589158
153220
763529
1327087561
1327087561
821762
19746211
1191947
198222401
9557939668
503194
198222401
2030419942
419309
1177107964
921754
179616
711414227
727080
173326
950317088
1422341
173524
355150
7476049678
5631088761
5043763389
101661134162
2634950509
19011125
166695
95057006
284448071
483149451
8113295
113814211
470893
3143062200
3816148
4311656571
288026
256249522
922349
324271
958119
121504012
2846130417
598150
1371438047
1446014373
463151
2943366040
122686
857647
519399
679694657
267621098
226343590
330307530
767628
476943
174135
76773854
385568
116063013007
6194659653
345062
682314057
164783
118964
299694
547114
362166
159301063
11027179932
682314057
1446644969
1015801937
198653454
72071248
754599073
342576
6425725200
3694073
2847795033
18930678380
181481896
48315939
1534880737
76799454
650736
484411898
6634265020
423292832
1165999648
102138936938
300295529
5646775975
2849876073
176877
1434782505
1375754309
4728260318
529857
3537668125
6449444907
121637068
4731068779
3538325677
388786469
284577351
1197433459
4094654
1086861602
96693483
369371
121637068
1229257852
1229257852
1685121194
450688
121637068
344498
708081
303981
95886131
683698597
202964102
2008868
4329843122
676571
237910
177866
161886
526366
76799454
2919394483
1100104
2966818260
728485
438945
1543276601
1007238
6639245845
5872559752
132712975
3158500239
1448514863
8656108421
244714690
836842824
334269
306340771
3402152636
456366
1380217487
618816319
2948564776
16274886511
5087373186
508596522
3787807011
1197433459
2649684031
116454744512
184434
2583259064
40024263377
162004
233177
1556446691
332149154
18006425429
224219055
1836075
165454
2486229280
480885535
230986
268480741
344776
733174849
480885535
71164125
2977788461
2054243398
2977788461
308585464
2484434
9966777
347822
121922
116584991427
1441588753
199187645
284813287
1494178459
789077492
2397973
1091589722
6245821747
534862
5123133970
4344203031
545845
758011
437878
171983
48315939
199187645
1338668929
199187645
609664
2058568663
3164096070
7547266747
337666450
48315939
13146547
699778854
7313608533
891774
18045390363
203426366
1373621
255364
359807
8784724
101973479
425182922
3614596
1499550181
842152
721779
2296762740
1692346440
2059878181
107895819
954904711
3416468738
2968430144
130458734
286165879
286165879
15969899107
356036
368321
10008675
2059878181
5901399398
3180313
3615283530
228327927
572972
967514
204142422
1545387548
225141
326144
35407882
1432691
80115627858
718855
1347941995
1799906
3069361123
95353082
1450089153
686334
228327927
4869432758
269563379
313998
292769266
391935128
702976294
286165879
181332
199653559
11125147
1838486390
9205485588
77067294
130505346
332148
6803277
7616711700
181329
48586083
19090070554
9205485588
9662100783
2065597251
439732
2298653356
296588186
174144
1908583
117214447052
57861550
9068530
416532
107084
1319148813
476348
286481
356188
3617170542
3370178463
430216
572432
1094536486
1454305573
1390853471
77067294
1193387192
574510
3827745919
357987
500333
334255988
304181914
2705628926
296588186
552160588
122770298
1385211642
2443628
1457187472
307229
447248
4114520
204403030
205297
262296
431577
1390853471
157973
4716521734
3185114033
292104
6272939356
6273758524
281087
1373943
1254239
365039
358358
48586083
355411
71630076
199689015
108615801
305001082
623736052
6273758524
3075746551
459554
1515204485
2936409375
3860168
1693200667
16393264230
189093
737564015
3620186100
2538307272
1700788453
130505346
241641
1856814
686831279
2065597251
553974761
382660
6524709554
282359
130505346
7637408362
1502586241
16393268908
334255988
1458008318
481621
188703
3827745919
1354702093
957342962
104618587
475192
181513
1416415
302195
158306
29717933
200593143
48845283
2996269905
3075746551
167217
96813697
2936409375
19115304067
337562
2601736424
1700789125
543338
342071
1249016513
1502589148
117611
287736148
624825325
1182436
130771635
321926
716173
2541142
703330340
678544
415699
5199165
287736148
1799278
449653
6727785244
6728077068
2601737277
1197634746
2077091235
96813697
3774208257
130771635
730458
727760
9698621129
204857212
175137
5160599923
483016
162886
96813697
230653668
462461284
102543413
386264
102543413
6756538610
442521
1392390
4257938
2271229
159364
6527147581
927162
962408386
342863
485149072
3830183941
7066839
8748625052
118017265366
488222342
2727119482
3643425323
1362741586
697916
1059326909
5177832046
371352
134623
96813961
2049007
4371648945
4876046
205436
718180
553458402
5964575547
11172425146
1101590350
1362741586
1463882121
6756538918
6319430806
540162337
4784178923
6319430806
251973
18268193233
175711
3460531836
553458402
736552
1530450832
18301193620
131845136
6761982979
738994278
2727825328
628910707
1144378684
320323
512940069
191796
352998
1469642202
2122950997
2601737277
185327
1394849188
349218
296742
1197641658
132146488
1217282650
272785074
335618468
743208734
664097
426781
1161641
4797520083
4797520083
124181552
463866490
178321
112583840
56792
382197
6554044536
1187892171
221618
364229
96184701
1471679321
696968
6794498919
419532
2097075343
18376295428
705862180
239702
606671
1765114778
3017753430
4025073
288364
1704629
301676618
1138700458
4809192067
232661275
1108246
4791922778
401316769
5220752669
1368507283
978862
81456698741
19415417254
2310313407
3021249144
7568371
345992
365615
359243
202177029
127486
284730
172485
5220752669
3021249144
336817
631729679
1399611942
1399611942
4809192067
710221860
251234
127366
1841367
5220752669
1729822980
622777
1368507911
6561942470
5821401359
3241061930
1148939350
686661
3424093469
15890968
8424981147
302284166
97655461
232500
79269876056
623982
3207552
6561944000
486518
261424
346001669
477882
512940069
8799144487
373307
299215
84815618
3606212934
79270793848
287736770
454232
746135851
110428987
79279645568
2178440837
1768969839
690633
521989502
15922288
1161073
1679771
5249179362
1105539
318078792
465984120
1194784901
289115218
18457603921
314413
346793369
353309
1588848205
77714334
1479996112
976429652
1158452
451115
3250045897
77714334
3412178
1141435
176335
311540
6054001878
1393031
234439700
1116661927
2629531381
7704071
698435
237974074
11288594871
19510424413
107225711
4389708695
1427343728
208072048
104632852
4522232
310426138
322836
16675863524
238402294
636908885
1739649863
4860596395
637905227
238834357
11033895
733195
491947279
487501426
692915771
439351
359625
2728238725
982525208
854151384
454452
4840274865
302867
442057
3271117816
1080228
7356727488
238628
131518
479843
1285904928
6588342267
1604171
4836025708
301764
282252
527599753
491947279
186110
16725596374
5268666690
569720
205593447
2325788859
82376657126
2627844
68980945147
2975299614
754713055
16078204
346620
754049
208959496
6383831059
3698311
2640972616
118073
175605
349567
590732
712220102
8881853020
9946803377
1411343958
696743837
3054675794
80220665523
706824394
241929
387112
165057222
1224631517
427765
774239
431790
1745377506
41314671034
1152867552
549711
1572835531
1437942031
3733001551
156649
558668382
3733001551
165101211
19625095175
189725
311309706
3118118110
1495722839
165330022
6572074830
159305659
349182
3807807282
339475490
209890386
320861687
291773148
1749323995
2130346
126794978
7198859
6108954799
881657998
78244885
82666252675
236402046
49290237
18646918883
11400715455
10631478063
5906072882
366431
498863133
289164
6112106689
105909510773
322402
3060455181
407743855
350659655
15734843
320861687
250245
458801
98268211
1211971352
1755476815
41631098508
642942242
306372
371398
380041
308812746
3298537956
134862141
98380711
3123657010
169649
341583
139182716
237324246
207235398
38438337
2800588915
622062
185252
1587612959
1645717
207810331
322819088
322819088
1417176255
16221174
902000
325616
16913658402
340702757
321796
3130021345
2650182479
1613423727
135586685
1220123722
8989224953
314185193
127857431
281175911
410607172
1453253247
1809915726
315169225
2138959907
8989224953
352682370
1418691687
745842
1141972
56437441
652278
248467
704947029
1809915726
19868303317
6689265909
4097879
2993564027
5267053988
1217250716
962663
357240
178621
3704123390
1414020497
127884689
1517293520
348863
167527
997836973
6476305702
242532127
281531233
121535471519
723174080
12052107
1167670213
2812414779
112314888
3704301722
2254439
16964196144
509543272
508407
4697907067
1007559
16275642
1618708859
756405042
3081250375
756405042
9577843610
3831138098
2814767987
342444584
48829154
6491467888
208456216
309992
1458829531
3129815290
1414020497
476518125
2997625331
226345554
1166527697
4462126764
476518125
238006
479713
2138969602
16987282566
953643983
1867924795
310956
5283396797
4999663
304455
520323234
756405042
1458829531
561022627
41917122394
3589056550
330714
10066758236
936487
441332
17007946756
563472487
4931237506
1414020497
382108
289067
104312683
1225685462
3002688596
24467458
1148422345
11523816101
324988
5325269944
5345439698
243498489
1418932344
246014
1000929032
375134
1000929032
317808
6008583750
780988853
189291
184895
2161999
83808116715
288929697
704795
1169341268
167715067
3001757681
4905572967
1624595925
249715
342444584
508408249
143393061
299161
326154376
478600231
86786444
771671377
353935
351315
326799
4943485570
81694334276
1903377
16401662
1518367
3341230410
213656433
112956245
116857
3001758486
335322
1002974984
507029245
414218796
1707025
81731344899
47577188
1047465
563474182
772728833
168016521
484994
246025
983116
3001758486
1430306513
7041474268
772728833
1391804343
1249421207
16401662
244565724
6031525395
107339116
244565724
726831754
1607460052
1342969
213801869
1466141226
210386330
580089
188368
1573536545
2148604991
1573536545
168367520
3520273042
261708
109888
297702469
9642542643
1006603
313798
99117749
316524
1469790806
1281646710
524896
1233794653
288123520
741510
174267
559750
214246829
42269877685
526717167
198479
711485613
115062
3878874816
4291396
654575147
2859556785
294079255
529763
3540375642
511129286
16436906
108096041122
2861774902
739854
6585798319
119452
2807407
3125144702
2793955214
520134
184217061
84485220484
156367
4677878899
406804
382478
256746
1183562409
463236
1313145735
1798086908
19048047212
357067672
1504980
325874
2928113
169055625
320578213
1258241569
9654406362
1183826667
3007693822
6790019271
4701881
332268
71923940
1918742
719566255
624497
2972736
1407074
1551305
1589968
3141132498
3820812171
115164
1074435
357737432
1141711
137192529
1258241569
446813
5402821965
878116226
506285
443111593
473338
769831265
314356934
538000
486639984
79851374
907775
157421
489033
3007693822
434422
3747295313
3127334582
214731293
192034934
84562980469
501015
3149200829
752888584
236081079
357737432
405135
6244061580
344460386
527435599
1185214683
3362964580
7919261555
3362964580
3362964580
984522
9682023391
17189062606
438281
236081079
2737471
84587026005
1186625629
1419941199
2740573
123205714657
296583
482767191
511758
1767284374
373919
237395676
170412737
527435599
656975567
5831945
1151854
1690982
82457949580
1240755287
3637153421
257835
1156066265
11666256628
789576476
9129876649
434661
566091468
178907
474801
181514
512057126
483231645
646196
610861
2798516944
3637153421
1349490
20122664067
1559059
113726
271976
1399645437
1308922
3645489752
6071966368
285611808
514514981
582594
1589500051
7946269724
5000027082
239407
44820600
236585
206032221
1589776799
9158782471
928052
179192
197932
173066
330594456
2784621164
289013
4966802643
316310
286605
3046350663
883375181
3559460903
493956
1400061
2678253214
622111
175488
773173778
515141004
465959968
6675910993
665592
423626
285611808
2702185734
3559460903
1402941831
142216967
260105058
451272
880439
1589776799
237101577
100141587
4021768153
445830127
8776525009
162912
84977504660
885417585
2177579056
129986
314162971
466469
7120445458
531920
238037935
1132573776
193079486
1664468158
188886
316117966
394450
420446
5007168974
186049
1631846098
727623617
9723861272
722530283
213612884
906328
2198558414
296527
1248320039
3655929535
1270663
2808504322
16644930
3150457522
10290986832
3025904832
1023169
6090647778
324407
823290
369027
21609728
20217646349
3934950802
170882957
82878039880
2945298
556723
1194440377
5736022
118848749
2257650
885417585
266624
3067363752
108856213
571509
317013528
988853
297815972
131002370
142408005
55787818
37150848
2809255396
17274554572
317013528
42777135375
1453665699
3025907310
3505315
346653591
3657412204
4979122562
1322099873
1014830375
662956473
2807228465
2809255396
9745286586
173582
720377492
109318983109
170882957
350669
1014830375
3057039268
264358
10294597311
529731
4987863216
71526508973
109044918
7841032
258386
194215544
255272
9764293465
7766038
1596292075
244866952
1254387587
1549684
5028553217
214828259
1163553921
755634
257087
3666845
329154
19231974989
6706407945
1411805586
6121761442
166519135
758502
20289153880
3676785091
517540959
372052
1035755
3589845466
2254468682
8006763820
367938
388527
3146150668
318183
1257674
131353721
1585869771
377043
3237776577
8006763820
387260
1165379077
475671
185669
2412385433
621216
7888825
4572892096
1252076329
249106153
2178749
3680791243
4022749
9227575302
1201961137
318533580
184736
1809312059
5003278
767369
308375
533651
305926
3799621370
5043924377
1259617946
2759412541
686791
1576487
3593186404
9240016809
2232216069
1563446907
1362767694
41684970
551625
3258368665
665278277
585252
26063119
535972058
340651
1260890906
258436529
201940
325821005
43083822779
517648
114714004
325772
3933416912
1665272
900459
110087518541
1204056665
249433549
157548119
246109
9799380477
131406
3378487774
8020746721
3598104584
102279887
3421338419
1563722793
1811742974
13270506
2200213243
205032
666860655
3956533008
37641728
81509492
16765566
5801172
666860655
1169055573
3850511
4066162616
1253795529
3171988197
140240480
993065
229667
195258251
655898
75930929
300084
535972058
789037534
4066162616
761050
188838
5465837994
289613181
382399
330222
204903
4066162616
4616075968
3421518657
748603201
178152
525246760
195557291
462298
90281125
2621910
2331001
17489286417
971163919
509247
1341221
20421531443
18966168
83651078563
490113936
216307497
6345583902
1569294556
11837113721
49940063
3473349
5482259664
340283
382230
326091
502426
291106367
915542
3289644138
276639212
249489209
40405145
319259
27211348
319236058
3076240797
296995
1572786719
432980
1512736007
110422712654
733309
602750
301820455
424843681
591943
122406
353880
7543610
8033165967
1177294195
1505315
694707
133297
1564505301
125230
57892
5500430217
3627128984
525376520
247332
6765199275
228161157
425155306
102434723
2426651693
2847460770
144200705
110522996037
516321
11856380069
488126
316876
144200705
3412955753
355133096
6139425576
250147
396749
3732191102
399714
1002253
5056064736
414187150
576372898
1288767593
460746
1264510436
1817083612
144200705
577233
454174939
1211430545
486942
109993143
7936150
2189088
3121883985
304839143
5068762936
6959509169
84018182096
86395813450
466832
454361179
356965532
380364
1820337118
43316618757
132247
183986
490339
1880967704
4656808945
196459451
537988853
158774
853600
113677173
419942
6382428173
3302381469
247163002
5826243
63144469
2789523108
178687
5068762936
1212908985
9286680332
464853
514632
356965532
359159
477183
2806574690
454361929
925237
50298011
258569
291863337
126008522975
319907434
120977759
212903184
132531257
250809554
5437674543
291765
794570734
5071447148
174156402
1690944992
3438093551
5439279532
8080979295
1031515122
1829269203
1759614491
8490254360
5071447148
286791
5526116478
364422021
526363524
512262
3897360348
1690944992
1166821650
531909991
406091
200870
263261
2923695346
537988853
445899534
6155754546
389890
130530
2431949877
506351
383050
824584
43430351230
1911575
41651959
2806574690
176146
369297
213540008
3438094616
1031515122
225950
797337666
1475681248
364422021
1113392
391411
736238
733937921
141471528
1840740198
3986040229
208489
3833483100
1202110
141492937
3188618999
133260647
3332236962
7253954485
2752711124
3837553660
2864370919
3724024645
901722232
528839613
535690861
3724024645
123915
5452339292
789346606
1429367715
901722232
5528404817
86661334430
4683661379
535690861
1871001
2007672
426716110
884396
506221
320600
188190
240346
733937921
5528404817
247543885
6414613575
1893477577
5088771025
1519158525
51262653
2223054944
7253956210
1527291
1173695
3205383797
321277259
273545
265340
3721763
197115754
197320294
1629723260
713185
1180981601
791264015
2259493
1283854
675814235
126743813439
141839004
251485565
355792
232240
241967273
613769
455605265
473103
2836248667
218826835
675945899
19536076681
1717830
374144
1491620648
737064058
2739228
111002915
251542661
292960410
1634387330
597590
194302
366917381
718110778
3641593584
3146685994
1149220
7265237033
1460335829
82504964
1343710777
171444
9377044194
17723375610
4107746442
793471
367901091
7008460853
2255700695
358969182
1347406716
944493
198346774
2930049419
127148376978
1034730570
3575438333
564956
537128626
1504432757
43789832409
3645470724
446955
1347406716
1716918081
82679364
12007013078
1678198881
103601723
127187020896
902527975
19562630420
2845913823
337956388
739073512
2872937537
479081
87226068320
203740
900514
41268413
111414635
252472118
1678960599
8143340
7013843983
4236981
1678960599
192974
353696
1184169269
1596184002
337956388
111414635
198604234
1239513
1211330282
472609
20664736738
196280905
4699623741
497206324
3330721
117069559
448266
68376609
3628108
799649
1275942214
1282133662
459386603
419499
1304854554
3005125190
1600408986
340861
314585239
145762509
142475854
2500032
499742
111619085
126284
955105
1758422
194716
1721917350
539354881
294012830
17144353
3374456782
1599147222
9938254
19624935523
231068
10582322557
911774248
1043325647
2857022797
9827785
3496245058
85223610613
175778233
184138
350950
1648340721
1287145104
337146367
818254276
1449547597
9425499303
63657003
16577058
403382
1726116996
496141
1858982471
337002
5112188974
111985215
179626
87666672778
5112188974
6474222524
1012086
527649
4045024394
1888486
770787
4730129786
5112188974
112496930006
176696
1686118530
3662903550
588294950
331895
337146367
1540128625
364972284
1605390475
3770371148
541550640
463725
42916063
600737
242716
1449547597
1256179
112139845
1045328975
5582200787
1293248571
920986
541550640
225059196
332745
788435
500767984
1544385
581187
6619803768
190375
2321900718
3236383875
1195047061
7130974127
383158
296359957
217504424
37482980
327272
342669701
3250765470
1648387943
128947572351
2134865648
168490
1959152
469063
113070187
2991115
526013
977755
13330434010
195790
188913
7402643076
398049
10062605720
2907789583
434083521
1054913373
536156907
548799
551313251
1321349921
375120
1903570
771394120
172457
623200
7157562968
9228610839
373853207
418528
3391700482
816307760
373853207
118814639
3797311306
83512644
771394120
5852088
6973188474
1546163666
1387246
118760849
5192197025
2909749339
6324303501
317865
44539270790
5555385824
922371819
381609
937011
692178
552627
24541258
970802
339993931
3710961
12203209231
248565491
533445
803424
464080305
3801665323
492156
1935509681
17345629
3801665323
398793
7411507694
2870519089
3620629
2561837221
350682
4781215332
224264503
17345629
775052360
46645072
1546169818
8289030152
105868223
7172977542
5196582681
178963845
93062029
1664210349
376846
372904
2280475481
1141758
1204777179
591807498
174361
1392247
8304014689
6338653085
3034157280
1204777179
741920870
5585317553
204586
226909284
383198
8897038
147114353
521920
2800932525
5588225537
4094400963
129614436104
193402
1871277012
1101177
465703767
219072798
259310
245177319
492602
1058825
190880318
202961486
202961486
1027721
690244671
202961486
1623587993
7791572138
1555091097
59872788
2167762407
2282335331
2925609858
690244671
270399
1567401987
340564515
382286
367630467
91434337446
1171668
46832305
17357473
1291253482
245755481
1250400304
549352965
1205981
523029
1567401987
4122964370
713514291
179221369
214474
1205379633
591807498
199924
436066
1313414288
23216225
1567401987
382287
89006272005
514272
1384671712
466392
1816531
820176389
8306922673
549352965
136859557
375127
1895527362
202242
2056242
125142
6564306034
2927788470
225110235
1472052943
1205383701
1339742373
1528106412
113852972
167350
340564515
995167
274266429
902697695
8306922673
3282459204
212837
219072798
202913
9621533099
3433304384
1667322621
56995
17392717
927329813
521147
806875945
1554978498
2406194
250193
274728
331436
1941551146
312424
460011
106510327
10159280030
1473595876
408084
1631217555
254546501
5192652272
44858648927
1621344
5658272889
12316876761
100500630
393641
119836606
195964
6350489682
938176
255599
118703727
1570832179
89166838525
203344
3304285
820789652
2531845939
1317915
755167554
7003712040
341078427
1038317
666992
408697
755167554
2334450
3287424051
439965618
7434757539
319201175
928268660
634813
544130849
440433471
3815986967
252884
1523916538
3955693257
129543
1679508055
228095020
992613
137137450
6350490401
17412193
179662623
544130849
125922
780580062
300346704
12316880787
1746370947
463497
137272123
137272123
1028761
86798004375
12316880787
137272123
134906
315094
213697
89241807613
510243
1063693950
2544110383
4019678213
3040858168
10775353465
10774356441
10192359160
7194019533
1673050661
3223898737
598666
377246
17412193
225645926
471923
203608286
341078427
12338372312
713166
2052345
214325
409690
784393
304035
1905690018
1210095209
1681813285
329171933
5252898727
52553100
521761
1635459849
82465914
1257081671
1386035893
932332291
762081
20068797492
8349084197
318480
84611174
3530301925
345764
1258171217
329171933
5679694644
135358
933595852
1587969
44103844
212725
584913
814727
378718
319201175
822598701
545848271
3212889075
2554340729
10781857797
549689243
250328
106692577
254264
810805071
1548707340
3450799124
319201175
2554340729
329171933
593020148
6601417447
2236729
17412193
442222614
505825
1065751427
13839340
130597286397
6364945453
1908759490
933595852
55836427
8349084197
84611174
114265022
1789810
130611636616
398317
377909077
12390899147
2942630560
385875
549689243
514211
220389656
604067488
1640081355
120292266
1675876690
294864
139130735
316910
8350143755
1647300
630016
8350143755
539121
130808487701
1067930579
84733570
1536788563
1915530618
1360013
5695898334
319201175
560175935
7478309473
144343844
467390522
513357996
190762
220479404
348536826
1841138
222417743
1377118
146907170
457446
545848271
1284742
5230884432
17508265
4222942791
10258478213
313420
226842503
226842503
562672103
7019417423
3756282778
3327315783
1555002910
1391485703
325424
319201175
2303488515
489880
263036
313420
287157437
800687
780580373
14510559
2931831244
1570832675
420547
698854015
1647024059
562672103
2325261985
146907170
1321636346
144247
1750057029
775648
1215984197
411393
302413576
10866931240
4037257172
52628940
4037257172
1720914138
4929923
227492
249694363
320224103
1321636346
5287585516
130987917755
197123
247109
1132648
332975
3835479891
317605
748583
319079
3433310
89854102324
914572
1683840307
2303488921
143321
542756
1215984197
4196994394
22787249
2679687
580242
561009
827670
1572956875
698854015
138785404
1959530313
5639204021
5639204021
1231274
493575
180772028
4254157
320266244
471482400
1919119974
181192
594476096
2569866393
378664743
1640880285
1990795449
198420
471482400
371533374
62152
477436
119429997
302557372
230040519
1392429753
277590592
1011514
104103922
2293554001
3054333065
925059
6386487718
312832
115269806710
180866144
1727417073
21306050516
1487176810
3460848235
257130513
1390984783
1685951315
6386487718
533377
392304
1651480734
377299
371533374
931328
342222619
502208
447346983
5266051238
2576359555
348427541
149237081
12495159827
621169
105133989
2856261
227958333
349966671
1560510178
236368
13511265
348660271
700612489
1934586
250305149
830404132
174925
1562266376
206308
3330738065
1562266376
761732168
8416703803
147073217
396596
257570588
114977194
2108406331
1646973619
809225
509417
1652511684
1560754785
325857
5708292982
2070415
1916993285
342222619
523247
217159
250305149
194519
804880
4044890804
1207977
4228350590
211270
9767746732
513498
3330738065
2959721180
563657767
186143
1964698934
9555277025
3335703323
139106263
839816
953431
488539
9767746732
1576315323
196733
188642
4864031397
17637649
3555056710
1701669809
4046174114
594256
3037994234
1618070
3330738065
927695
4204054900
1336639249
18232003
403713
147239882
149237081
3037994234
7082585970
555532
275356232
228439853
596920824
86748068
4642559
331345
1565067658
3340791523
12098553
1658385334
90264985477
343701243
419613
223140216
3865735000
131774179303
374792166
206722
107898281
5673494511
4803472760
350176060
17664937
254861
5292907670
830808218
4054490132
3805823
1967517936
5252204874
407090
18490433311
250965047
276886
181646011
394082
343828755
303195
1274306817
1650069673
4879571391
206119742
12519247394
90373493338
3776578451
119948122
1749835
830808218
8440815025
2401747
532628
2968578407
478618178
317611
92115288
1339794045
1903514887
623634
850674
251509586
7152322
199850
701572117
45534644430
63010
131605077594
175074
557638355
108326531
1335442829
419781
2397063
3245965309
406753
408647
1339794045
517512702
302303029
817389977
1893432859
261984281
4742526
831819564
456882108
88094717624
1932080233
20334984936
2436346
224885
817389977
4032602763
3248362093
4185214097
223618318
6419728826
139647958
1567893631
1568312513
380470348
3792657391
1276762313
3792657391
2384915653
257012023
13952210
17688625
1974013091
5731549734
669521
1064994
189624
517512702
1893241
287523
88122416844
462778
4240169155
1652311253
4240169155
251509586
1918222065
704772857
21471445651
350331024
957500
67173163
3248362093
231194943
1803502434
381090058
3351608596
23994522
523178
3231925235
589813
7573494061
769789
7264232986
350331024
426972
937537
195247
122573005
5304893846
2352708706
558561
148089467
12228432443
476966
1674371219
1078175716
208909
842077604
1748340480
90848151179
35772398
207168482
21525865105
1496759236
263711
343102
3496119870
1409738151
8658041
7264232986
207169742
1674383069
767330465
3591065472
4233235009
2327151796
518561
3096932094
20430675794
195562
1978308536
358497129
55824610
6439529805
3591116869
42391457
3055627556
3055627556
1450638699
1279138951
4251672361
1323874871
828509
1073273
764584
1767879030
2650993
306439840
886627173
3595847644
603802756
2883055
478451
87247588
207349502
54174240
269274
620938
1323926327
2226887
21560364422
2329498110
251554060
337735
933152
644111144
17463421
1226696575
1751653391
7132417868
519533
3810975442
186538
108511031
2598453722
772552
767330465
116212736
140283439
199509
122681858
20451030668
1654072
835597510
1570626202
265626
959056
3303234716
5772289643
6796674
452805518
7264233226
197305
807225
986516
814087
182874975
3061624484
996474
133243
54366240
1892514
4251672361
1282378663
186317
1342344803
4251672361
1753329746
1114772
395342
18628417295
150284281
395638
594652
630316
502837
1677448269
1392362
6452023097
186983
1142360
1229426683
263585
232278503
1698332921
335607146
5773680
264007686
482700608
183312478
1416326564
479210
554482881
542604
1084292260
392870
344441
149188914
225288628
150674181
422389
3136119772
233003623
957893
133395
150674181
316011
1340534758
2498156
376052880
554163
522681762
784921308
3117454111
466944
123314479
8499420085
455150033
398018
534801
3374796830
708939263
264498492
416788
708939263
2975944403
796687
416100
3074702188
957025619
705096
5718772920
783204
17807101
305744885
12644582663
5328442807
233047295
1686793239
2975944403
1620574
4907626062
4264720478
4113328166
5727838841
2142904
2372486722
269613
512619
2999610548
522681762
515987
324168884
3011257892
8537487461
12647485007
116796476
265582
292185223
123530
1581914550
6481716064
332090
1666957
3375437252
1604489
608238906
45992397957
191155
626640
990176
208458302
17807101
54645216
727178
390624
1234792145
351402
1953165822
3290467549
208801022
789972703
6001713040
770892849
352938306
277072
571739054
560943
384773754
424021
260961506
123593
2521552
1236299551
424920
385123194
247571
3133715078
531877406
226293357
260267
5750583639
824000200
657764
6496044224
2812573
273942
5812075163
213152
5733597031
89189889855
88126846
1587885704
10497236914
254172
7211346380
8288114061
3001947213
276680
839647505
251327
183699
1634257741
3080450796
17827009
4055631620
1349252129
4392027
772329777
385266974
319289
1588479630
414567
551023
651752
309450807
89241291333
117535909266
570009
338253
609418212
266606952
3408571089
151266843
552633483
2111823
7217456708
231439600
766369
555733262
2178578
609418212
54782304
216364
2385860381
337572322
46120120193
266606952
377759618
46120120193
89310576692
253917121
3945081973
1011118
150101507
527425
534443
346586
309604
14229436
63108
3139280737
546335
226456014
3636048166
7674313238
3298149056
58924990
341968
1670090
88341566
54958176
309840711
416157
572762030
710262929
560359
5371025802
11054674175
1009599
150101507
151266843
2621337502
1580675
5417591
141165559
3423942
338369778
565815001
2354904920
46140689300
1182047
1426270757
7223489252
1095181209
963308424
1939785442
402214
10542657663
962741
1422302
2621337502
3945082642
5757944409
4135786427
572804926
4135786427
4334388
182830
10222052
501172
234969311
91872988971
1631618
1426270757
559023598
2385860381
1729428587
210406
8563543534
710262929
8563543534
18745369312
2134856
408156
4855900
539571
109069041
5761407922
524683516
899912
550749108
1559538927
251000
2385860381
551574
5400898752
832500
794734462
13724221
1593102849
802529534
1796611131
1350005417
4892521720
20708862155
794734462
554053325
209290891
3297524393
368796
1519832169
409926
855845
20710764199
567272065
789136
428582
353517
1686449241
4274591475
235340523
711213695
446042
1438660
1239248
1302226049
2705618
141488266
407280
483905
312320
3304644967
842147024
404908
5386671504
1344266634
141488266
309092
7305391
151817043
4080512663
3112979
270096
1342002730
5352057942
266818317
6520279078
546003
261726388
524565
7235881997
1899852669
983237
1302245333
1302245333
1242677637
109244541
339707014
1736110974
389883
313347
636976
46120696
12701170047
1736110974
8225462207
559251476
3390615494
295606
21908587822
3499097
141488266
1801077318
2122920
557281
55382112
381516
3125640097
2361691383
4080986423
583218
1683154087
400595
55382112
559251476
7002570
1058074538
1304796976
89664549362
11095076781
3042985383
489082428
5855804341
20780894895
442744
1304796976
17943649
5375175120
1974834166
30209755
410745
340101802
1999010273
542034
720804
479741
200963
21936531599
178337
3107857466
1773385
4702927
3297526905
1100946357
21938521607
3044955087
5859840371
63601560
1684528316
969230925
1356957837
3315432551
615443598
1010003
3953782440
498500
2147701115
398743
3809289
831226552
2353415261
4292861124
5381170182
713981171
55674144
11122105419
3298778777
191494
368269
1854700
410625
3148025409
836033
1801736
624949
340101802
9632759
1801759923
5791295874
544054
384236587
210619771
998218
544188
425665
340101802
1690091189
340101802
2004549
248743
403426
1785472989
986152
845437741
18838159069
226077
187267
1356980986
92417982774
4031100
207670
142038739
1641733
330908296
5209649
624598
2408833008
8960374
3017148740
3112179590
2408833008
833808
846811819
828736
576734326
550418
428207
4149502691
6548334720
151182526
4292883949
1361344285
55800288
812225
5390037486
1807844859
5436974484
1978663054
405665
7714943875
271264
186490
118136540
201181
1353991787
3437242290
1750111681
1960394483
332811
1791023927
615665
1432978402
118339345
776964752
363222
416687
4120447080
4120447080
1599179261
1612899283
412234
20149707
269420028
1758673636
3448901220
358191
534071
1531876871
661973
92937194749
2017601587
1251051852
589430
90412490551
620969990
186904221
3304854913
151890378
710349
371217
1333498584
499708
400774
314897364
266949
5920919946
1614046783
7254880533
333815
3044706091
256949
1766288
3077778045
153161981
4147826352
119122578
11267057539
318733
3685967200
977816529
3586644388
373454
7386038540
1360464239
4148246397
3136158794
803863388
6888357800
456597
224171
10043472963
690455
3077778045
239448562
3997796252
803112
7311126
18220309
826699587
3461813501
9252859540
211972
734226422
435576
144011886
533548096
1508973814
12583687546
3722110291
8609446
136299074021
578958
38380085
86726217
314246992
188075581
5517386
555727
174853
3146454374
142797
412055
72107261
181544741
344576580
1771863702
5486351085
355977853
10747059094
4652661
10077839106
153035803
549886
131538
195586
566798082
18303065
4794159
126844141
546593
188311212
2005268235
508010
1447655814
1620178
335226113
4028382437
10089972414
496211805
871752581
355977853
1735355
342068212
2473786
93878755302
240655896
3736653198
3375213759
21031441206
213098
1717758844
626217307
2008242283
2461326008
9530578
10089972414
6136201877
5485251353
93986986564
1446860
1320849262
1515338
179596
119866173
1459380
519697
1661686
188737803
19162272504
153628751
552206
2232679
847103426
5600264
10793869309
469086125
7471377691
5964698348
1323860780
94381311723
1782578554
577113718
348634780
3454646600
1266936983
274018831
1875854879
507538
1368149901
274018831
208876
605623
3759795918
2063995
2420946046
373733
2478160413
1630161787
120845474853
1007468
1299581
329501
1317440791
498017
769438
120315963
255560
945476
1388715989
847103426
273747
1267361497
94052730
558779
88130808
205148
1523382
997409
570631
6963274891
401761
94448471148
11390099208
139023
1141357
7312162
7471952294
4382918378
46594064573
1981367
5912999162
377637
1267361497
163539881
120907021355
1104603
421296
679323
131618
265385
496437657
3050013
111947962
496437657
317685235
746048
194564
3196083583
90405911
434806
1630161787
579939238
544077
1387801
388105806
5019617
1998443630
2043258999
4247236207
175365545
555244
2478160413
63516099
1388715989
489813905
274658416
1927155908
2526861
411210
368694502
1552490164
371827
3396241398
642003
154106253
155268981
1556644696
3171811546
1232141
19242157225
3609575988
10157737031
1267361497
47474430651
579939238
2423456064
6938107
2875473
1326618137
1309251
1992981
1636176268
3777656374
1592415770
1378420489
517973
297029
198501
137790133524
415977
188121
786866
847103426
7480744515
1168603
376162544
123629
3609577287
688746
230936784
939063461
471484391
2496311203
1556644696
78599330
3196084091
5914017477
1789595520
2429100464
638431
5507410041
231046476
876584
197425
90477271
262547459
275198632
583270498
277614
1466475733
1272214175
1556644696
7962477648
10171888030
2696279191
1640685220
1617970
21864750
190459122
3047716
816035
472052795
128353556
144520835
65017
571447349
4158596
369368
92290805854
537887
4260912679
146212981
1328282595
23253260
626901917
583270498
420803
3201454951
36130480
217127874
949043
2464242
155363481
18477413
4210551274
19310813233
198245
2429827709
184727
155213559
3124052578
497283077
19310813233
246618
426695
120972553
390171969
613074
55954909
1749993968
306968
585257842
18817135705
1592773
3179040491
155213559
92366531198
194704
816289063
633568
3790677172
6014842242
8803219763
201813687
239565904
1794636823
886490
541824528
619210
847635531
18477413
275993584
239565904
368694502
955112041
363287
2843077562
1817060149
1794136435
472756268
847059040
79670782
909563
2429827709
498286
146212981
319815817
1640685220
1348476
90792139
1165604
1328626493
7403093503
128546586
493857
1373436633
4210555324
107324303
10893819192
522759
1637461387
22546235348
133128
415204
90792139
12957956
190996538
847192
1008839
284210
583002148
818577703
413084
1466930008
10901271451
541824528
102515037
2006438449
585257842
2046758023
697797280
339542449
840774
4860386
11468676135
542665324
22604861402
19352226479
1280958600
3065690025
874534
3391159952
113153830
1640685220
683245
512053
416277
240268679
201489
4396571259
747128
11479741611
56815509
283007
508409
218109243
56815509
3962104446
8005844917
1758602518
388518
871772096
1644498291
1561111628
1093762
388079
271724976
4222316044
5942876990
370424264
320009
127985
56815509
7439430850
466441
567741
272902
3233404717
203429
6807491522
3393770294
585257842
601565
972488
1375305903
422949
21445040428
218109243
500084
277360025
1284302
2016207621
344030021
988366
4513802
177917513
155591157
495994770
353405581
2197393
569131
1282882894
498229263
502285
475337810
502574
820033943
3995473841
5464488964
9474384925
3813130320
3489011291
244925361
893099
340083809
186359
410234
3140628976
3536367735
3071598439
19409625439
271724976
990873788
1255198
95442044380
340083809
330808
22626388008
144238
245164733
5958555291
1848189019
147221074
2041126943
585257842
585257842
5574803869
4110346771
1335455917
625491
1800389574
337452
3624882616
3493307431
1130151
409761
401193679
21445821917
128917236
3813130320
486695
534045
497061667
29835841
38759958
62334203
282354
666983
508746
4002215667
2294887496
833751
1646544136
214550720
155637690
4425308021
477395
361215089
4110726442
6823364146
19439400070
18599957
691741
3625002187
657896
340402161
5549061907
346399434
7568825596
3556185
125083944
1339494728
8902318066
48119568050
553408
321509778
2198605
1415726547
1246684
6864171490
3454872833
3454429805
10979349435
191726563
4132259509
5680773186
2523297788
279057462
741593840
1385860985
93383323593
6001006267
7612098544
414857
19546164102
2523297788
10986401285
3093065195
7362248007
222233
355805829
8061867519
7612098544
372465310
190775
1578399084
306393
1415726547
91616085
205761
284381
5602216989
4061731
423341
179208
91616085
46933272
273560676
206966
5464107
191088
9939233
1810500530
1817401262
208135
3169674764
157802703
264665469
215609
408773
6092042940
10325524112
503149975
1687370
2054705652
113695705
290549
881320807
21587683733
865789
484852
1754022934
216719
52193701
1454644
3742392
272328
825975
264665469
4153983412
91616085
263340
3564415795
492927
294779
243610744
1480429168
2042546292
147890
884663782
1003389395
148966870
192988391
214979
140321539802
4153983412
192988391
344762129
123043137
638209293
1390764234
183422
123919
1646780997
2435525231
4295523078
873738
551671405
3826133
642845
1231183
1404321090
2864588
221233512
386002
114459580
1021064
560295
4467568332
3469833594
376215941
211818
11026779174
91776746
452730
1583909559
22839656383
479897045
1671350
4298028770
566911
372832155
5605769927
191745
576982
187970709
7653728808
3523401767
1768056982
1176696
885004996
243787147
338346
5607694399
247313660
201972
129596
727244
795606
57362380
120767494
56775000
6019360508
3093065346
492266
346192289
4476718471
2102981434
4351223
880571
837216663
294557
7563457
247938252
270901
215451
2279566
6923217419
5080829
837216663
421858
6290968
266961
28922306
408698010
440982
814664752
3266318965
586149013
575073
397945039
250968
180673
413952
1296751634
2717353242
837216663
855012
21713272037
750572711
1498328438
1502054578
3586357519
209952
1857639785
1759447
193866415
443701
124304346118
8153221286
19734385823
220219
94413986669
751871627
325632621
421074
158818403
1137492
1424621
2756140
682346
764001
2071232120
984479
1159968180
397945039
1357711959
18993221
3194466616
359945679
48890900111
1013672
3993988
1130880
7717367372
410499810
154597890
3887199508
1782020414
807245
57590284
871783630
4073121087
482442398
871783630
63643
1305456136
20533955
1035618988
1010673482
284924192
124804882184
705500
264666137
235953627
424266
1860723102
13400567768
8196975070
406361
300646
137133
208799
4438647269
7187806440
457382
348028082
354610793
458494793
1775887874
114989335
130958706
4048485
557459762
97584773852
11145551690
586149013
840286534
1359599973
934090
314992500
7191363573
49023463398
246244288
8197441171
1860723102
66398
194663964
290535
5688059989
685895321
2395840
5688059989
3895639214
588861490
1703962
19851141587
1272888
1402519751
195059183
484252
3447666980
376945
24801169
388117
195059183
3277654582
49092327628
558714380
1147109
279306896
1844498015
366390
1772211
1844498015
281201
457237
3433562083
794143
509096015
1663619166
362059883
920227
8208668164
3281214251
250163052
72431535
142048910252
246428099
49102272195
2575651533
158878603
206390
1835856091
4209608047
830440
318775855
8376549
298578031
370470
436687
1168556916
535611
888721
413722
1663619824
250163052
599554
585163114
250163052
5958228368
1110338
1863998179
1418817698
1772466
1362215761
403894
19876422360
558714380
204432832
1839067655
499254
456724
497917
58021132
7008460667
2124055199
131435510
4350529277
824396
49072657177
213909
978741
5670927891
455846
3509798743
151143352
6966371
142160247600
5670927891
349621458
1864161364
3099414313
410346
1443257086
3901350783
653477
3574410989
657058
1311572188
1512984069
4523105458
1466388
4523105458
510845073
545814
897476454
4357543165
595880
586145
10513480934
236272177
897476454
2341472
871964732
2091525600
431209
568264
585256807
1168644828
1362845705
128426
266641023
221320
643079140
543074
898503170
8183173
4555304
159213903
181000
13479955574
1993132
4502327
5148146263
4523105458
7794224597
1862594217
1864967399
4209932580
409508
2325128
6146625786
3234573
607780
1752408
825369444
2530013250
22025625968
750429
296486
675421
4411378635
146989
246621842
514664
983201
10535135969
1444588
825369444
125549926412
1419081222
350035154
329496506
56564610
4523105458
1444886307
2814743
2342551
431598
1740629780
1362845705
329690318
172333233
643048676
3563095
19160029
58228108
1139429
3296957301
559979970
333904
643444470
151691521
374360
873464729
95469432620
2096681526
98168869403
848226367
236272177
666576
2077109357
335737
5726871003
1590910004
1684393253
7028265101
246848628
5187795661
268012
373116906
350035154
1315899968
510896721
2947586697
152161665
3429475
132109186
1444886307
528964
132109186
365484
559979970
250520243
93110961
35537135
1013427239
159163469
3119952297
4226379404
758808743
140024
440024
1268042
19173569
145901
202465
95615186421
186582
559171
3014109
2132924004
116037332
2641197412
3918026067
1629451549
1866474051
1629451549
534832
125877620043
390581
7605130968
4228549403
489206416
125021281
567474
217086
7609564010
1173479509
513033961
231171870
3231246799
14563657
364603376
4290524
1273727548
676734
1791153832
1673184412
122243301
1629451549
876504093
195057
460579
58555276
1833212
586068275
1796959988
5207671507
5207671507
747358
1673184412
3303116079
22124367671
7609564010
98624031173
887951
1175831821
200550
188565
267575415
251458779
1427334468
351903250
2141014383
761323019
2527515142
490418203
5713233314
442879
4232171100
1866475149
4475640298
1363801503
350638753
1857787115
624571
464660
13578751953
1907981
5233421
236930659
267575415
244351627
1673184412
267575415
4475640298
383204
1824409
1452394602
3095375232
1175831821
7254276667
4477185418
1800977946
4326055
578465
26254731
7056213925
351903800
2756170
638611192
2146217958
1230942
5713467105
594645
116959082
754145
442068
2024521
191030
405614775
152696836
1409683531
207383
1368828199
542107
267575415
1873818290
1862555997
11307303282
4433453630
438470
1508614
7205105655
4554016423
2766865030
851067
2146995229
248705913
126012467
372947896
763399043
1803317308
4487368508
4242659306
365591528
373149
4433453630
1151549
729705
331134788
331134788
22148044649
3664235837
280631546
1823012
9250080654
5269991
8278218504
287035736
369127
4553708910
283273
98809140312
226982
248707718
1898743320
467788
644340910
853221033
17136625
191312
202515
143537746977
98810409267
479712
644340910
1412233375
549857
1679869702
271411
453384
1246039608
589438
207309
3690895951
9250080654
2769098450
4667810
2728230757
1453383756
583961
70379865
2095806694
199536
586069440
334814
226138977
1129805
202077
340981
1935409
216926
1816822024
8284574701
910398
602168961
5797743246
4870523
1525734474
22192189858
23426128503
6234314803
314900
3554221573
376302006
7835320928
6095240
59565196
1249387
4519549347
1853438
399304
647917460
1888743386
6236198032
12405642
385911
11357068031
143867902790
130387
143682
148534
206347
198367300
348420
1243226
292809
2606689889
931008
99199314894
49860202211
565055
568071909
1379508487
1379508487
126925869242
834390488
766861784
538076
2016396
59565196
417787221
161918409
1391585
750581
4456461275
9293685343
252818487
131624
2380563
375785
198683747
625583
1889081880
198683747
208036
6252311358
901748
365082
568915
46016976
525058
382029
38829481
3953191022
5303986485
249886053
896955
133495554
1823712774
522596357
901903
96532390208
568071909
49874845058
4427673587
3348965462
638334
140929
1049435
1431113564
1952254
598971251
419894
1027350685
1312006411
614803
4854346
424243
2787669677
6267925701
3334048832
161918409
12020676044
193122
795637
1716327
161918409
2661568
4173011276
394891
295685
200984
7272908726
462161
133680326
227075193
353366
561345
8324524176
13679650929
161919663
7844154132
440540389
344290
2108415157
4173011276
1459514947
252878309
227075193
358335
217265
582296
63527526
4475965701
2619742597
2257377
769149605
161919663
5821856823
270533537
187632
13714499397
6293626415
299780
569419886
4535840373
409351802
2799223753
3165494774
95291761
1185120371
4287106949
364113
157936325
3258943128
18601739
95646655629
4535840373
1036670
250722066
2619742597
1185120371
332667
441056
2619742597
1830051768
23574363235
117980854
3565302789
3709077915
409535
426192
7351480141
1438338796
3351832100
610752
357575960
22374913174
117980854
607862925
335863226
1808541354
1695403873
358038
241073377
135211
1178914
923012338
439637
65270680
97022189193
241076447
173849791
1471932
1879459234
162311226
1887966
4538939365
1926647445
379167724
11452364499
3574463663
11452364499
5836296197
4540337965
723220
154409974
1466162906
21308495
215779
7844460375
127175534
13752956279
3732420275
5840965197
15197398
917390854
5548922
225123
187684
150561394
154542799
1543797920
3165494774
97151287196
1727795005
7949869927
856060370
241248741
409495052
3811543
1467751631
61914667
607862925
1543797920
7750640824
3165494774
213781
1701900782
329660
270533537
1035701605
7119194770
1769952748
40211928
4193739896
466869
1701900782
360024
4542050586
118124104
134720698
118124104
99889414979
7867101087
12093787620
228368296
50185155540
409495052
249954679
131665870
2802324190
3732420275
50191366696
5321545048
1856226
894559798
4708697
60096652
5843958837
489474
641743
4301887614
357575960
19569836
755038
1150114
292594
11466097463
565964
1707397718
4193740002
555524
2122600611
3717220053
427873
231952
284454793
4306865847
7143571250
1347196
219878
918449847
5888891118
5892212871
333452
869124
5852354410
756919
590709
1883474610
421347329
1037421648
7052468963
578709
3363402999
5322718462
135564
4456470403
374140
648421
1662893
270801583
1888281300
453533
919896164
336917209
2867178
3748021900
161960494
1707398473
8336586764
1665615226
337366832
303172
