7045895
153365947
285377632
10791413
294016104
8692971
59429818
121424338
254076842
352833430
474938295
355291109
42414902
861764576
499040573
681875603
66569384
37549336
401833046
283736264
278360440
860205879
174946184
1165744156
570469341
432921167
9114617
761011100
415525521
959614390
178127156
1257629699
1065846657
74835762
1565082911
165281513
410454357
1106974479
425939498
1392659578
913106531
1306519558
1171076132
291966902
1529590672
1396549067
1333820849
155525322
1287286444
1715676867
962676697
1012724665
2052511314
1607080878
279372766
1593356329
479591467
367453043
2001730477
114804086
1495991546
2127084904
1638306211
1795092179
2535438082
2346604175
1037175789
373311529
2236112499
133857343
142653575
667202837
807542954
2768526668
1863315530
1035010309
2069067742
2723905976
2706671184
2602613313
2892747360
2400719766
760220707
3255029534
473315520
2275867026
896539921
1778084571
2990088903
1090915607
501550154
95301516
1286020590
4245644363
3584790539
3943720597
2501526372
174375798
2630220451
3951737650
4554923123
3356469779
2050503836
1242692516
679920488
619645013
2204157583
1905764408
4674097090
1800917343
4401830197
5144373839
887128407
2529807977
2436887972
5051864216
4941083723
3685202853
4642244652
4922872838
313639866
545326622
1612997574
2268082967
4997007146
93264834
3899560023
3740143080
3570469990
1021085880
3752302540
4462529361
2303185136
1736133098
3143113106
2234130320
234721333
3430281601
3896931825
5719915556
145450356
1543006339
1899772841
5663979744
5919339043
383463749
992228649
3820285164
6744543
4034230224
5678893917
3773512152
4757283471
5014819186
3845052468
6488274133
2460358683
210806333
1420704533
1453764074
4285797691
6176023811
6058770804
6646325243
378149223
4745630939
3030899275
3911887943
5539590046
6227377728
5795566308
6717427399
836569351
918913318
725152856
4098166451
3762500986
1603785446
1768742130
1622059162
386627548
4523011740
2875678506
3936208723
6169571483
3028024418
691235464
1981971255
175998690
125679651
1845354562
4230417918
7307947007
333195021
6987649974
4383687167
3669213000
7135181572
1675704347
1758161461
755716502
7730914428
1363149964
291393010
6768814728
5157994609
5630209196
4935864304
57243615
8374463309
5211926544
3990789267
7794289520
2091482777
8124984816
4329192619
7994835781
1149019235
8203223414
8189618318
4270528785
9778416569
6669993570
8687618176
1359860790
7670742098
7987848866
8353047824
5070117292
1694339897
2146647929
10006968907
9744540160
9992754588
8579319074
2269893336
6714484147
1481374846
5535413060
7591456790
10004528491
10599966343
8103036713
6890281534
9962306781
7375304858
1877245645
3614441968
153362417
2585844565
137204133
9842594101
10253013570
5217402424
428248085
1894492934
484863001
7795842594
8154467431
863517547
3870473841
2195239256
10889370095
11232919566
7247558106
2928087115
9449234172
1781508825
8908945408
5171197134
7123543935
10434639079
10766798579
10692627219
3485912996
3587077240
10689221774
12050033930
7282990453
11690567254
3204129216
3518916700
797788888
1449300355
7178581309
72957144
1242227507
11505185828
2964551058
606595582
11458651321
894907045
10296330389
10114886520
580198404
3878201339
10662863972
4223079332
11694826261
4973923570
311218131
47854541
10740277117
2890875999
9325041464
10123415482
3824872113
5244170151
10397430084
10562222069
9208750717
11523805252
8662138013
12150340529
1092277198
4860562
124822937
13331480539
124621990
9873225194
12849918471
6620037021
661162040
4047523648
10365997676
10114183658
11898303718
9795642636
4356040582
3885594077
2368802564
10454590097
765225277
885314111
1917966523
10121494395
1778781593
13689136258
824780712
10298263829
7724708561
637463447
317813420
14046199269
14621968525
976599751
12696633334
3185467157
2047772470
14603700681
4962536193
13776556671
781293777
2642289763
5133283859
14962103311
8699450999
3471754204
2354882267
11322360124
14895049236
8067221408
658392142
11496519577
13774103368
960678405
1576214249
14535528267
1490833103
9007543557
1657498119
80024016
1652279529
1659722592
7435615810
4499728400
14158277995
619695778
10288573302
13159212656
11365740846
9030592437
2718411769
1717669484
367980249
10351649329
2894700977
14114905194
7323577172
3128155056
6073153306
10785611815
2482106720
7726903611
6947616555
5500416256
1618839608
14432131921
10761758979
16162950114
13377861960
475133242
129051556
13088702688
7925416755
3832047882
15070339783
4775355945
5577610097
13085301377
11034583356
13130268183
14892026994
11568777930
6482713396
11824376230
13112568714
14280497706
4152744306
16965764100
1325660987
4327479417
6641049735
111861073
4565005035
2047492282
1495565475
8688082268
9240790015
106031618
13860539347
2050455723
3155531342
804587076
2704383057
6459921451
15389234249
14080367415
17028935430
8482400846
13777332168
14870153215
637247105
587746277
535913451
1278997205
2133706750
12111315905
14809897756
755719545
9055875734
3059026631
17333284326
10136034252
3478546527
8163946180
13199703603
5561032190
16842854305
4873579997
15270105239
17062817772
2412868234
13560555493
3546431993
18305314566
13167052273
2607217162
17913991217
6176333039
6435812093
4246830744
3149846935
4691734808
811533407
9709216619
13718953039
16520310638
18703614913
19494923498
11169820748
6509073613
445301627
14937379517
289882343
15465193419
1708315050
14003316494
1848895655
803227101
2675944666
16916837208
18727266493
4896607214
4855050410
19276571410
10033006072
9773579159
921303039
4295185928
3832699195
383448612
1175242336
17809985035
4140252474
1840946312
13831423757
199774476
8042734328
18731688434
20482981358
11257759150
15447188137
16814593994
15972377045
19159015213
1405463894
1741958743
5682651126
3584113734
838971939
19369373928
14021969584
17968466106
17754066138
18334414081
20857284498
12867729922
21601800036
12297850406
18633155380
14888683594
6770780470
14535962363
11984194320
12089255314
7354342770
11878623564
17441705969
13016364596
19284746690
791202266
10386062959
83963252
160128101
20322264587
2719240575
10766752449
3894865440
6881386804
1641393110
7243094000
14470430516
10258267251
21696070659
20805874170
22442339715
6139483501
13241034395
19153910405
7832876318
7504068529
18307410660
15435213346
22233297803
17276080249
9524547479
2138291573
17653184124
12866201915
9111122737
14990121230
12681762658
14493891222
559314095
2686149610
9388355286
11078641025
4201307968
22013717033
16479189206
8708487813
15470184
16559709523
2507558054
3245385355
5922479364
1757266105
13502128147
1925272207
8191956712
22271242056
14859131984
14435994190
5085541352
16937684177
595739852
4887805177
23022288785
13266404881
20318828767
10574289647
21115402025
12617932326
2297380396
22739073405
6991214221
16108478192
305540584
4691139384
12052260375
7673083958
451505310
19532888775
15105418496
15207946039
2950333588
14530154830
4248570637
14247877022
1403734699
22777824459
1267370122
7891523537
22983414740
6377294300
23213259
21427040308
13590741916
15799232181
4490508165
2178979923
19928977417
24486756826
16427668449
18286432466
18137447731
16168269693
611823937
10148341587
21520856472
13172140096
14535355762
21016780170
2882370178
13538599962
7296120194
1672245972
7170189170
24202598188
16948313341
18223957777
21527876013
16724831273
2624595839
16170461290
8948821081
19272530300
118742625
12107599293
3710089696
24074767785
13407843312
3718009255
16642673070
6048330729
25331746702
25521325847
1781390196
11080439481
15692754939
22850585485
21283366726
3253685223
11362612420
1869333834
1536136780
2099195442
5644460376
18894055647
25313299613
19701100884
1576581904
22997001982
13808606652
23576831760
22004781337
19116657166
24232675795
6966830193
923799967
5039017212
2697847879
17100911388
12291370400
6487986259
24105670043
25487040831
22688688942
937656358
22605704077
16778025934
26696618142
25781123130
15222469299
22255042014
3910945376
25482782917
23187239609
18349821668
23646998792
27228839921
19864757252
27210535963
7884676291
22560987255
26718779611
26836616699
21358021174
7567460252
10844764663
24208369633
12238796401
8330167919
11661872611
1176773000
26864767967
19998793964
4179834350
22341291327
4471245758
17016372980
2553720210
16534474149
27085592497
19397150197
18441070330
3377264940
1669832790
1186377857
5292428246
26083146110
15153125358
1483072228
25578269330
3258488179
1876674822
2062546180
26234513234
13504982037
4456737034
16245144071
17437337743
26096038762
27799147105
1554885585
28164556588
8858684759
3093127477
24230094875
10172674774
28324296174
2744344581
7153681050
1410730323
22148593409
6250716319
5242284551
12347059594
21156452673
11877284053
14821200666
27509968953
23990140430
22010659055
2365253726
26896823117
3840674979
8060541275
27722678622
9185807946
23145798588
14267093550
13839163794
14425363626
29545321629
15423263918
22756590224
26000116030
26254312731
8942979148
1240738345
3505258391
24974253024
5647165756
8920155950
24785894460
20516711660
25069429795
11120067097
3011034631
10579363784
22409634492
23670556348
20825691316
21337718952
23559307617
2691154979
14803866358
20248960374
7335681698
16727949096
21022884475
1256998326
4740381981
24713673509
18221981998
16206986136
28824306816
1741054886
24689943333
29484661090
13433553538
9038348200
16388941183
1935290825
5962973419
953801607
21536384772
30246094971
3376072615
2649591287
28883639123
4937614341
29039347266
3028480136
6878518494
22161282633
30411958094
27745988137
11078492035
32548276589
29458577380
18057980246
2169965485
8736069246
1550091736
24966163643
32735103198
25167440719
4939061853
1960887573
12696890002
11118858534
7163038008
14480296309
786606158
30028407011
25498460594
28079892963
412839223
22494706487
31548904398
23049034092
33346213976
9767559308
11769273666
423445850
6687626339
20105066556
20201742200
31983151186
4605959067
5203674613
13814728775
20526572752
1776222476
33902101706
29768747888
1976793683
3617286698
7953607242
1912432286
16656962068
8403301997
33073675936
4731152462
16704472353
1176774194
23993591842
3031082512
2871379710
6916652621
29707204017
34968824483
27729404794
5715483365
24777283268
18462788203
29814814191
2657664360
10484826722
22426575708
6147264154
7577853110
4604929843
25717436020
2213080651
33434139665
26286310287
28081209444
13677009090
965618320
32812586235
27556732793
13416545946
11290563175
7212960414
2156619786
35006197801
13949586004
24864785609
30644409645
28546266317
29779239617
18254678229
4267971506
14868540900
34894185929
6955256822
10062346465
12913915874
19952036056
9321484643
33601504076
36325525003
4514902971
26258141595
23707606640
11702571455
30412582977
24206705931
34935803214
36291232260
31140292788
33083373506
3400210745
2166172929
33451770775
21865615528
27755870759
18986497875
19735906805
32656503049
26166622697
4802063482
1777160489
19072972769
18142599526
9811534163
7400891771
26122695687
26357959471
27965245674
6491236628
34188361403
1816538536
21146250604
1817099892
35907133147
34287554179
34362627099
21330340308
33849759667
7570449299
37102946131
1645486913
2439881819
35368536717
32537991285
7902805135
33623594530
3259067630
476789972
19498214648
27305638736
15603393753
2807881798
12447015391
6922736943
13707967796
5502924196
16951314045
36891656074
11505922382
8124680218
39123692749
34024145777
24036061678
21732742756
4630240736
23104608635
15671036433
12266200851
15548713756
39577750290
175116015
4461311675
2913322035
35488916363
13266663336
810096181
38183698546
14123025924
28842633564
28656029963
842202823
26236687839
30650791865
3975010573
6811107846
6970939614
26460369393
7319742134
34421672088
37307222026
946485700
29371114830
40736344366
34162881988
19540457267
31058672736
22450589658
23348745079
14078712195
7337250098
15397544413
28196181261
1532506520
19998562582
1052454043
9132000496
41126225718
21996018487
2245044708
23790662631
35385005337
40732302594
1837561424
29681306518
2813742720
10113619823
34554312289
2735347513
23807901218
37468812835
7738595998
34586092463
5666697320
41498093151
30507398882
35031073675
716488456
2113378481
28338248447
35051301078
1918706066
37773532854
41260564389
21270128324
39629494036
22733365374
424114103
10675647543
7950449668
39010163933
3734133663
34630638089
32742580724
24444207478
5828671315
23130363332
16823226475
3313948281
26365050698
22217216842
11767316673
6287385175
7272250834
36567293517
2127433453
38520382881
783557634
1548846810
7441457749
29645554169
28443561425
43142652974
14631799495
2216093142
30522232786
1983968678
34612625676
2155348631
11028629892
39918930191
34832943095
21676116484
14984986654
18567429698
8972702639
19568876076
29563359807
20023562050
5917497435
37801200268
34951948382
26702441820
26097703628
21362084172
35855748117
43905717123
587645749
636558580
42518505144
22972910020
14359800517
35873799290
37924716206
13333189535
3008813094
9369087643
33121897422
8766506315
40264182549
34153291071
22644341024
5553383906
3995825468
24904958754
1149749246
40647350606
12189099989
42141949903
8368352570
13789800254
11306367797
1535524814
478897738
34050994374
1371347996
39803936583
19204830686
1635322038
599360117
39201891234
36235077021
20688166869
976592535
9612441945
42948499248
7458164420
3151956908
2478305958
31181914555
322632614
5447923696
35492574884
7601285327
41417057072
3255912301
38967131670
35272584359
35463338567
46180486496
45798776692
13055103942
14865896142
22450043074
22511848596
43685044762
18046326936
787849909
37756815263
21263020664
38240489040
36677413148
36839554458
5383461817
9569150904
19967272805
6938755423
13308471648
38935488372
29990214081
46512039081
19682581134
39935985724
12276610730
37772658007
45176779846
39967264799
9182895281
8684480026
8603551980
7880587756
546383290
7526728409
3869484655
13181752029
27177980143
24599381693
30419280858
21536050840
23505791999
46179583390
37604663705
45131704642
19523556345
14860362008
12155618395
33633169008
14415165800
2004634461
31655020360
7686348228
46535965335
20118960019
40586455097
40737518777
42819677317
5742442579
35007113273
828443815
5242169637
34566025491
7083852105
2464040773
3947472742
2606282478
8526859871
2409493851
7899733308
47131632630
26470649496
2235403704
4448518085
46779236980
18731792718
34477064594
3131093310
34522246907
11325996483
47771088322
19507260845
1248566272
39410327327
48316587028
48673494269
3498362905
7603068566
42552699927
18784265923
1919255283
22415648613
8247669398
2730846116
47558697827
29665767190
12363245153
27427347183
34466750527
49244045509
47280585624
20719280993
8116130913
2297998049
37712392139
6569911206
47121829335
828058955
1470908657
10296840230
20530635724
41840309068
9464988351
39465826844
7967503634
50281840253
1739323424
16152365
17878284561
8536643064
2877743144
50466478588
35160040081
431674541
36208266934
8038360008
11034586808
39514086037
30628503469
19628166583
5109592605
15217325653
46968783764
3609549291
6860221245
1887160207
3430952443
48903318371
50468034470
10674264894
14993860544
24237691215
4299011844
3491918250
37515520360
16835262890
4923921140
8112111174
3253725378
20584932867
47493746464
45676742791
1032618050
52293289462
9662013380
12260121134
15606466974
17183690899
15600968374
44958048719
3302118103
42585922554
48655699455
2795872616
27512649838
50139167867
50544662983
2898908136
2526583852
13936183325
13194525709
42252351766
40353681278
3333351326
38029771898
48979510860
25666643400
52340819354
8153398270
42401871858
11318536250
14384181367
46999077240
44322321490
22309465290
30145813129
11699375136
281214496
52141521478
51477099008
24055788417
30617315007
15620074023
4154148119
1168393602
588586555
3820363316
17558850671
1346151380
22885546326
1423922235
2314053815
3257269068
6783759251
9363786097
32380011106
44811233095
2345668064
10791784919
41642525477
4527680097
53628799955
42590911669
2531727415
18640916344
44406464446
9191987872
10700244240
1247553283
18722477720
11254823487
33176207775
6085439833
7346519531
9190619012
44985507932
51619767942
24074832915
10111113277
6395329197
7568150422
26892968310
35501764066
48503903563
7742770580
23536706116
48247268058
27194542132
5972218339
39933412495
7128015417
14498583335
4360413781
53405167048
78523071
52519932812
14756629464
52303477411
31995366530
42029191621
52716326501
960592189
26268341639
5930420694
33631252144
9463484117
49558296636
47876038466
51209257342
55125303365
48214504140
41395017189
14915847914
39995305124
29330274813
8716822356
34356982140
55072056422
49719013043
36311209442
52048297147
41287683277
47693876340
8197785929
23384955093
6921588378
8984640602
41888763653
27264931114
2149756777
8931371164
6738082140
4603179007
17152143634
27925125518
19229256925
21379879452
2668620641
52815456526
12312976787
15058389074
29103464325
53407722351
4679422563
13834223152
33993461860
42826405323
51714375062
17717280903
1811358489
9360148631
44182683252
54489236132
10598681665
35188269161
56146914524
20424416731
4425568110
31656552131
35530195255
2046561685
1663750421
6662863138
45327146503
183512659
53869502789
7468080550
30438066712
196831910
54847372101
8396506547
55774309773
34432308694
51211063997
3041810025
5122825112
52958183088
718606725
36103707054
23028374955
45115949206
48131477411
30839026534
18761459916
58771039267
27085187468
40824915194
3019627878
40947868001
4893877903
6149414663
7887348043
36407476507
56510177236
562545874
28206400301
5145864324
12146059174
3748823062
2307439465
42495216308
51986752063
57471978337
14800139618
2163921047
8309110136
7520463047
42082999786
55951671133
25639374045
34394886602
3849912841
35516534952
7426894682
52211307646
42937562872
24130485230
2691675567
8763956494
1650701285
3132889513
51285102611
50207428804
14168693301
10705659196
55650461305
256557290
45725710411
27170541251
38701252981
2838245418
35904618460
56985107916
58491619767
979074044
23642049708
5012764766
22179669464
12382740453
33378419344
54720875942
33839523513
51402242487
22288589457
53442176870
22334445850
6283206124
6096801948
8392632367
30766336831
4587257202
3453671465
54722284543
5615602492
5655101810
43373870092
48268128923
17637828669
23177377115
54774234790
16317770504
61881024708
21084171068
36410008934
16495400167
40146794407
22255450265
60831905837
60588847413
51134606139
3187129407
3434788533
18497452038
21672980317
32743984568
12237041900
60973814891
9029201407
55883198671
15966751358
48339732752
21443144791
5690047706
27275662896
25729109124
54890685239
16497969644
4959321447
639679153
28075527910
60842668326
22342165625
21329410260
12864739011
21009236092
23592481622
50272733470
25937881302
32391016486
5638415766
8260264612
49376733008
24737890904
13516277445
4296508926
50822642008
16637628734
35589267483
267595471
25089072418
2846665122
4084335614
1137936633
17874855541
28222688843
64281336395
59812066839
8390892284
27475222310
12353546783
37062001637
55239204736
4394082738
63917404823
6791256118
5368666562
50831284286
37626925835
64949844389
17334044066
65167587941
6401183443
55099292553
53580751381
774113053
23558863142
11565803328
62967787368
26031843671
7338511618
4305170717
1450409474
7895951676
2360515675
50256420619
38567925154
2042185021
53725691628
20453728505
64617802464
16273851619
2143964385
57166267572
65351214543
41948028418
4164026398
51382587167
6313897025
62331072536
53382620378
17717745384
22147448342
25700688158
37173534887
20205247508
38562866743
53049029321
9468938974
14569252242
56775286844
32973250087
30131789862
16407773740
42659034569
5246718548
11016754423
320185538
5577159431
57337269408
12908904424
17423528361
11579130436
3573905237
11153420259
3399417631
9848012021
21861736262
19535786766
30271982867
48598215551
41075968895
40581583063
12474559268
37301917171
52296286678
67863925038
6206109264
8439550063
11011529218
36894054636
12604801516
24724861816
11635145609
41930424728
33018249909
29153789804
53766614714
57861957903
65484810823
4384410338
67008589556
48968765287
5003719546
7768536989
33970378996
11485314846
62109255945
64463765799
19664405120
57090172140
46270842061
46149224096
58445590060
67190797454
7748870006
4981105375
33123232296
11090094063
56187499876
44264833072
59381884372
1216511687
68372262870
51519970791
24248295886
2294380676
3872675468
62627736281
2191623940
4910793423
37172577659
2354055505
66309160159
3452177723
14762340379
8267945022
25266575260
44430011720
3552059420
5366698244
47496819753
9451610258
24885603941
67166122687
11149104072
53449368687
50548631407
12833128987
35044333316
41839371812
40679341323
18091807772
13657174993
9868582322
20130643599
55880428451
34641722080
39131953796
12445440667
43975401174
4057063007
14378555956
64624382427
5338111162
10318232411
8829891113
36581756387
228870879
17184711121
63760443010
62010411925
6755350616
7307469036
43672615244
9227488231
66188431958
69661651860
7280877577
71392975469
55670001139
1522614891
12086030606
4930324792
35664256088
24032903401
2676690147
3683210975
48330326563
72059344180
3850298301
14657205817
48093320637
68808455923
25270323524
41053959124
20259453507
16926874722
56863469117
19199020636
56980427366
65046623662
44687422347
70274706624
4802708242
26062382118
35991422509
951567553
70655180490
2065317254
20269229760
57691525315
69291702027
25007868846
31183381485
370625340
43923095925
72211359143
62840334167
60851066914
71128289845
13603814013
29587593330
36160749587
28973271125
10750844557
72985019309
42554648886
40525513448
67779539533
16549033393
62951837592
24112700903
34360253820
71490682161
40257185502
61420134493
26423470793
12447877585
38401681954
56878265107
43060146129
19691362494
51407537695
38697655885
12692322715
4104746906
69546088255
26912382232
30790627520
49243978632
33267221981
21001471876
72831517758
17863843841
19471413800
62256472175
64722068623
962577359
25646735444
3193357222
64312608221
61219545248
71114010276
74002367195
45618397144
63459234348
1617886549
59047892086
12471421118
51481466309
42479447345
2595395541
71943186390
56139742514
67587087281
27770501281
64425585559
63296770014
74823066432
3193136937
6692892091
32173080665
57311549903
22922538208
34808520004
20841822141
24657061414
14010572529
24482319027
37945573598
52784895305
14991511476
18654373655
24938362177
6327984417
3306307610
16153880673
11860374895
41150429508
10230319201
74271384895
31257895818
11077024505
20602754286
53185655399
1832801290
2473953017
67736016641
25099885189
14062147015
29180303466
1363723488
38189965696
28614938887
74553336032
73959947478
56344800615
60039668915
1410512267
33452955558
32639993351
29597526286
10858268862
3225036737
76147616287
70514925269
18048392388
71207629265
51264984690
77228398361
44433429152
14013292250
48868113353
2579700530
76957570722
3305190533
24889042241
19908057506
66999611684
54788638383
70309155662
54628784693
27472843033
51581501702
71132874158
76241262324
20098406962
62576198282
70166951346
48796567602
28418290385
77675670464
26745870802
3138804821
18571858597
22139959088
68618683202
8854128457
35582643795
5290557931
10734650881
43272121152
58905642186
27162546588
73572267518
3163241979
69398054149
35585994905
1875233632
63869987333
41087055563
48867163570
56078169787
18021703196
59369453023
72544037895
78790033332
55162054208
75681613354
21702431148
41507174699
15678863387
152639204
10704684077
63897188904
59771599853
78464825164
6984339643
54845272550
58831161176
66053012736
78331812466
71915227228
69758154575
77097108687
65162353818
6429266876
25883105697
2663749587
14201005744
56498926978
2154204839
79239053361
17941326267
77960969214
4033452979
52641940989
10862839394
2293888108
28275222182
7284149074
63894383461
56920670297
77840782539
72226431029
6889966228
73576819004
23006093025
10576086882
22584070959
14861732235
8233278588
2808448449
77571834708
44747396615
1099552486
76548789509
47535821748
11183580882
33809950652
66777751785
66365891598
10033533639
79158110815
4099685585
65354569826
14732243537
66598462663
32331374851
35992610719
3908659110
338231427
43170329832
55565677541
43674759621
17757539825
79863807981
16355558231
34816206643
3176191108
55014919572
23006887111
5824686552
81387878917
73425950861
5001635998
3008247591
9828087226
10302904272
8987512747
68226391098
23480598391
19141445856
27656305928
4063071787
22179606421
17849803206
49758373448
69783013252
80305485557
44674647823
3196538199
51721990231
64971543284
216286416
12906146439
78503507493
13624641623
68642857498
55914511851
11731637526
18838273997
20319951077
74749111287
38060689627
58740098780
57401925558
80777695959
3651399579
29278546577
231882584
12293376045
17895952895
71267053612
33644884482
51450798522
18312425437
40266270767
41571711177
52462072190
81471257341
60197254197
31510549874
675484591
29121713049
83609299395
57999008539
45259738490
14390006709
27945046182
14900961393
75096952086
59682233723
73684863109
35119504675
5697868335
83946063292
56045328179
59558626981
82344937809
25851445202
52644365833
27638968601
43360994037
75997027076
58797032816
5858375001
57120624515
65995633357
81485210572
69807221166
82603319631
81167647763
1117763124
72871515062
20578622941
80281246348
36670324225
6350312101
56238843660
63045010730
61894239497
6904140243
84581144156
77070674170
713768941
67920444688
56530853707
62705239744
11425363276
19227967933
15702123106
61724789115
56063216105
6578663178
77212998979
67853737810
82024446970
66054931442
3675444594
3542146341
82957686276
16585672963
23410911790
64036412537
20383481927
60103245439
72014759181
25733423055
9355222488
54322666529
13616253289
77095954019
10389811737
20480894694
2096094160
34872016020
44226880624
66401987693
21040538982
13513726858
70378138000
43784708817
45358004609
2847705433
52455983317
81431441936
21268713324
26179033629
20242582460
1991153907
8148384075
81074793350
71402733821
69209517642
12920099338
60378877650
86062492332
43755728632
65385650854
2357404864
43807065749
83068762077
5027504279
65547814365
62009247480
4526302826
32015794750
24721558766
41368677046
8830988173
9543986580
33979064057
5521918414
87114367252
66532129255
3680771155
86452506367
53651371191
28703708719
17468285784
83317087875
5503511180
84424919549
75727517213
6952687948
72248834828
65966776946
88296002287
26833825836
88139950632
23208666463
51518536929
86117535224
88461027591
51755748181
51303508187
5504565456
67786359716
70044581763
75834734381
24453624629
65792430778
67959588299
73901564956
190629847
81052792622
64613474827
16471555596
88365285682
88967231657
1456554439
2516816985
80226989095
14199800078
14322969526
67292344497
904485550
7107822323
75753402295
10620407125
7317281715
84738680119
5444567630
12907826090
13732378552
1120534944
84086866973
32094286506
55467930246
47559226979
50756982840
90779667968
60362762767
69529291198
73202376752
39254443491
30322632788
43718048328
80580421928
39652341893
6102350183
59159829565
87314317262
30098355094
14335114288
89163975850
7341695357
75574681880
86558382347
70443210620
84523481542
55826328309
1699056346
81989143181
49839685485
10078874754
30386201593
87135946855
60621734581
42148640502
82998311819
69231212574
23716443678
87911230465
35678254805
14785502971
42620115143
4223944366
91688906100
25710424415
11859827030
7708000344
42518427310
52070820123
2811086917
86380718889
76927542300
13101764473
26233583744
9667191284
18219135736
14272973615
68888828000
79984573925
86981249526
69758612192
37858456015
16939673520
72924045364
65565281257
89021930051
24308688429
32618680884
29000421209
82556911237
90711753083
27521757155
51727927984
2186935989
63451146356
91972140678
29574734925
26854905807
53125041204
92201259247
53937386804
52287212320
23693890027
18194934719
83903195839
2144337485
5316673384
62797237699
65389528562
84984541841
6594097337
78686913344
87803667755
87691683579
15906983586
56405821954
57472324074
93232363181
38667102616
17693242127
86447753083
52529422930
55644963174
49411209745
19548926708
70135725122
64960014744
65972568940
90571672108
21340329118
16480852544
50760174931
5433256748
85510032445
1627877293
33489197126
14271729136
74938240140
13034001158
44672020366
3193094071
76104801968
2535256840
91583029125
34016873063
543954883
38939821301
10392790627
21518500968
84663658765
49986209498
11724948845
16540986836
42411847438
94024096767
8324394845
25524963779
42445689341
88400331022
6797248068
7206523396
904464293
18475193390
26141424618
91887171875
75050162898
62949013130
96819117043
56137778202
46197086268
33644935561
40029684735
80497562409
55634083573
3668562055
47547415591
69153480658
67537693912
85802785079
93873383089
1896743354
78638026749
49444873130
72222101856
1713082577
20745887368
42121177401
5668901183
85074264588
48258673136
74806174365
55882301151
25949738326
49850698373
87077466796
92249071593
64071172338
39428045116
73238021244
25341152652
2343080646
24246854105
68260507863
90029330307
14214501569
10957332093
8737301832
58779012954
92072440724
100442971
15604738205
78089764682
64186607550
65236495533
27687810961
82695285831
94398805685
38897285732
71313519839
68901534735
27670552733
24069622073
11248675289
23983535357
5072907364
11699869818
74141381599
27928067584
46899192599
10329940027
31617987719
93785123924
39032511423
69305011588
55498874263
61687749495
22948784859
37260346556
57216108273
95608047013
4138129396
41070272128
92921644145
34184308069
94670502650
4395677
20430096806
3449996231
88939059352
9089681445
99424136341
357023923
97154340299
84798160732
49750985364
16697693355
23680612589
87509792453
24863258958
48005187913
53758876300
52508920418
94975780830
99923697199
93896831146
94384032546
5958529399
97651559210
97336616976
42938300968
86700047513
97451562646
47005180151
97876511205
85656200000
52287941651
52015919914
19273270343
80995938398
66351135537
33145581879
20670003710
77882153169
6197896831
91739973269
1849190856
3266132247
52214941851
28794162960
2386696055
83385846587
45691069671
74655722173
42541534325
68618845684
3590046446
57901127851
97603115155
18949453760
45902343739
67546476292
14217233447
12829934842
85131312539
83335516020
22014843055
81244065573
16985359165
9206112065
94917359639
50350811972
97181616956
99659598079
72193972992
23707257217
92607140726
6089375367
86006858391
48472286963
96074116773
4779255981
74709228792
3955857804
14810649592
44351569473
43691553662
25661216387
30695029433
33529642660
101857404776
74946669028
96306067155
23707625511
83874894040
6819455974
76067723150
38172708139
17220190575
18363649109
35747338267
931004406
35139470939
928777252
93931241604
57237270789
94290087170
94843536931
102428865304
87954889047
96845333927
16174111770
83241297817
17989182005
91242907344
85912252506
8637456636
37272638669
67962610892
88050939831
96321018077
100089421461
87813479439
60473593281
17573292402
95526758016
1131521750
81534258197
82992788174
26455366966
1427082530
31237291299
53809530949
33483351766
28556046679
11912443941
50536773765
96343301577
24197851168
83101553753
12092459517
563722640
103872458566
3958377098
48690960494
5343143347
6482009564
462696960
19644479023
62747229216
37494416212
54110244091
84580187401
101214548883
96395299647
11142153350
25090705598
71171067733
24160595592
15336201752
22926933750
53625093969
79646603350
51858601206
64435884146
99848540478
6565057848
84426237571
1328898196
95379059096
52975777968
42381643417
42344756664
1710654386
94962813426
95126740931
40756343714
64076092682
103284742665
10947620527
28121953615
27785991227
9873694853
75377371823
88841288094
20598859403
91312813727
1537053591
101809114503
16569414789
4356309137
4028680616
91461503730
82059473429
103204600412
2686444715
21429369370
79151560011
45164268736
69337131193
61253718278
5786844708
72547160087
4939706967
90033087378
105401242769
101695796393
25214737307
80914222791
29501090625
72522855179
99960036268
3471003001
39023120664
1687084247
73734914459
1227628247
64996157962
29430763929
17842962928
17982384827
103273334331
24300150027
86933957422
101973708138
14084381331
64372022691
8588975106
62176149897
14429581951
105877602618
87903736694
14280460704
20310303620
87351489202
93494866619
62332888623
86761449549
8010434358
40452999808
64388494549
86282199949
47920909670
78326896808
17307362536
2600044676
70432771389
107997570677
27771488145
29281884874
42412184353
8453311470
19656932422
20776690799
66685740306
7268030183
87965185606
39713990212
86672255155
30438894886
30147759889
5425593245
14898460919
71321019122
3318564312
107666742586
19294677368
21586152240
81485948624
101892657415
97947019334
34282853411
68541411673
501720641
10089030806
99621770880
15284099670
14061117918
84440272710
3069809386
99794908714
33461211536
17288270598
90228981838
89627693417
11384761659
108229575308
58891341330
3160767306
57284880240
11284742493
60341232990
102346268779
3711528207
24649750314
4098900983
11222792611
97363503352
59932458193
90242361596
23487995507
5477625851
19922371161
101933707457
8168547368
87579803279
65813976677
10401780485
21773153079
17485989022
85280682241
64503164573
31718024383
9048275535
8537642052
24018850175
1091748401
20376093143
20804631328
77514283036
104375846100
73938342744
5962446019
16128374493
60576015837
7564509367
10454490369
20684220131
88248085757
24606770298
13797865102
108283697134
73496873719
5954093923
4587918455
95006252301
10932037650
107035585348
21182310274
55097084123
105957671315
2611832712
105364458769
3548142975
24376664137
78522185333
48808967731
45655883739
6795114869
19377549600
108433871978
22058122268
104452518579
92531346693
39458767524
101685851281
43470146057
68367197193
33899446166
10509405341
12495561600
85895267974
111707329250
70723388129
86593491535
72775040967
108423178744
36707388893
51046819895
8648368582
17077699711
85990350889
28967897132
41267332039
63580665620
107547021784
107234766020
66471006217
109636853276
58760548327
109486336515
30379162631
97054220622
75889809653
47541086130
112043032770
76629816731
111541333377
79626140761
70002477353
94799597919
23464422499
92484205253
6919648791
109233335929
72836392228
640853885
21324330519
87042508396
99392565835
94215513364
112698831371
27733829254
3762735026
78295717572
94201746973
53877369849
44839253419
2886997425
111968802240
73576055423
71548097168
6028089897
8804563337
16644380420
106566695239
8041897763
18841851333
72801844953
69920268135
8870289974
5181553570
3557247717
30027061467
110690409545
8925849172
54975327236
5492532808
108354216905
20174871507
20928922578
61675804915
75439677669
13220001065
113479020925
83098501300
109288824367
1625041720
89428582858
20851955189
84788467462
3721227865
111647015026
89176599488
110425839921
5150750810
80618290641
2032778683
112205295719
105395614273
96323967490
114085122615
104141298547
107996244180
89310387753
36826974757
42586966648
73689530820
59383105430
110706092014
108605198682
42947547971
5140102106
115066926184
92804954791
41849069772
57778585878
42486452957
20401749515
42758572570
112132095067
65854164959
94946441781
58849169639
48987879802
101915583732
6761117995
45750801047
86348850357
7415462487
1897394509
4064785328
84012670686
64217155633
93022222069
1722932902
58833148511
416307236
12980570566
61667833006
20064770650
63931180248
88117322117
63994536768
19322796333
22116350401
66706817838
12353451827
6412801692
32700695810
14685585729
114527733473
69826268599
10017217322
15880673664
14482307372
58105462795
75719544148
25183043202
16497470745
62989269434
45845030496
54229061214
14139497742
101942191009
99482676680
435456769
114726027519
108738699853
114529279347
7027916614
3775139912
40813166795
95991967242
45144612621
41219437805
4531541867
55369970747
60088759233
113450268853
63485823173
7568894862
116547278163
3935793267
7091836409
95423880802
106328858579
1718941253
117738403536
31471667331
7488570215
111657389521
9136777006
114514742452
65129491803
113639600618
31793604300
2103871056
44703317850
115161938319
165144504
1357928758
9280316210
3804091454
98260724813
9004624266
23142297565
7427313956
104465717762
16088295087
486773789
68909121575
119395951642
68860094022
60159929571
7823050181
9508175650
80931656064
4627617436
15120735758
7082584308
86139882010
30522996612
79024412011
110491500836
21906803579
114582974402
106739256419
56569856412
119484692436
97148255411
68104703347
34071186192
22720372490
6515275200
52377520105
107923595903
5790347947
120759761084
98960122370
99082217008
16214797363
78832850208
116066762463
83771328968
48952350692
119493373889
79688963407
81826832093
93686670133
2041875928
32530210609
26293862588
28949668907
105202919348
92004263430
63884920792
106891249567
100162710823
86769662217
42670925255
89161253077
120029743324
4473351546
77273022435
11577992340
112302427548
109251431147
68146907337
92496079477
106025849449
21503801031
52969057902
83501037214
30388754842
112236757554
81282144671
97432552095
14952294454
110404739363
6209775852
98576532140
70766349183
18185234738
59947983175
86331114230
19882042558
88343795171
89198645077
13029606780
114843191753
74062425699
7037189627
118251444046
2187221213
38993458585
68760938788
48330930024
18005073375
107987639552
615747269
16348683544
98888952129
102734079280
19140653556
101860666406
25251754398
17722615710
75016364786
118040115666
51548477896
119494591859
21801205697
9450559231
103611541656
4180730331
116279681119
101412877395
87689432438
73041215871
112706390068
113437142032
116649952664
4175023807
98677971403
38494694530
34889833648
29948575456
24314210703
52755977978
6405971752
41820962241
56545537733
35568059067
107513202102
8376497925
77093293614
23210279556
14110078978
113062336298
1507579088
51240816018
54682794920
121397061798
82592860341
29717529651
57419333022
79514728052
98894329223
99382921165
13623462956
20909778683
73510553700
120477848911
3407278688
67085953676
105682057894
3460371185
16249556887
56212009832
3123561561
48548356374
84130066168
124694655684
4851784911
54633199777
38397831296
45753865466
104203039558
49465601412
83938406129
71364572208
126401203720
120533666282
123343383425
83550705063
80150344336
7035684642
22520725431
826677887
15067288004
126624878018
123642117366
117239611729
112664761771
115472268445
21655589864
3786581588
111633272516
89243538158
61891454665
97900999085
126485839861
86326232625
31351631529
97981849058
69647209318
87661490024
67203508046
1736106228
11936241217
75886626293
12969481620
118955130112
23931646813
79908686240
8008187329
110129575925
17898530640
51362685189
52176092245
11664361048
121343045779
92459602405
41663686621
108502583903
16523442923
99792511425
114076508339
2479432089
1741270055
13247012585
106083861513
54101198457
14396094943
36940195148
127931537137
77215770356
1992792762
3276968280
74818834
12091210330
1837244324
16884105238
71435593439
19933129271
88714349832
14816690596
42743931191
29011212946
122984435193
108459149430
30572245715
74437787873
77845254096
48436623239
4870866234
3551005188
46984705811
98273100003
3729613045
109494155523
13627508836
84854381933
87957022417
34650114526
127599108023
30140592887
71608520217
19565585649
9208181771
41683158220
40801110094
3057077097
15705232591
63868993058
19745715447
106116967283
43220737140
110197229238
88976110649
8645929526
125406881136
88526075787
123248384116
115407319069
43862654122
120504617339
111458046548
80499295892
89812941130
70488183660
4210765493
108439349256
31321199103
58193181874
9097879815
37220207569
12782526729
65084933623
108819842998
45669339399
27916150799
124845196681
9629685215
101062758571
92044121110
48589509309
86642915194
25141881875
121829237959
88834281403
10414019068
1483269114
77273984695
129755583172
129705429250
127789036472
12879810867
114906018686
95213173562
119860192275
80446840473
78923847419
91353886768
97830511878
46539641534
12016276519
118124572581
2483009701
104881262918
6914467101
129166658346
116239958682
12409609298
128014651164
84540462940
74311853563
117970749616
102930310252
47697706187
33790213559
7950990317
120773444326
124708178226
9619606256
111910086900
31960895469
87828028212
17524351250
70260163640
7189297497
130982730540
128882725522
110659457390
114713645926
24995605229
94600928247
6256191840
132285078149
133217165924
132371926764
131167558226
42107667526
128710336636
8705974335
26286106583
26948553039
111972748399
11544260026
93501259057
110501608990
64268988315
132405669258
93269135269
43323944143
114393036147
104088881070
131879088222
79887972559
13657237899
32987807074
32786137676
117202360132
133485114451
19284462587
6225133994
41108223124
104586840988
106792077468
121861106277
96190009826
16161449374
3816311053
52011001097
50237087082
8697704018
40107481528
25939488590
121815807694
127212540679
74245247554
999555901
109644277955
92157146245
75833107173
102594791484
124330010729
10781603412
13108145884
83591504699
110154358692
19584772018
118389644092
547092459
111105204560
41177636636
33088646908
105333011132
101557727135
20261923845
11948767771
92269350984
101923284818
101957580601
107856700188
28217901722
3277827261
102461913994
14246227471
66010514749
41705651069
11783950114
123355281657
114089162169
103690575109
7439647747
97495194614
4347117251
120823886183
10971825206
4745381516
2285516590
88853812261
19388756096
39516115469
117392711422
30949077662
108327477872
40144720235
16303693689
23480739830
53209186319
61261235969
10887410463
614035141
59043844167
36888489032
61731212265
1753246413
9160583643
121804889920
88305761293
134628207821
33210732272
16886931090
384177828
1138362268
114228402984
93350539227
56547877312
2164427695
35352085742
5839345106
24593735626
3464624691
66866392832
7016695797
72758234025
133672102790
15923419889
90393417757
14683714413
29526800587
122098293226
118468279252
9603703987
136248405766
59801296419
46009273204
104486021447
56131732899
7827658516
137354787047
75072847773
81364564071
118367409320
108521772153
2420437110
78120273964
64067784091
72621060768
118546595475
14382020909
129600742586
121334420385
20471406573
95246730798
94432666036
32532409245
116687720254
136647734984
23229000595
51255037713
54376702026
124009860237
44547758643
7972675637
11632863652
71725939542
136333833214
116740980837
7741222772
4484335575
138933262953
76753876027
132660857784
34291094537
21233342189
57698185072
27069055744
115585315518
56441413457
45693674416
138271448935
62327887215
133504422912
84221658422
116701566396
128180316103
11195369656
90414807245
133572026920
10244506843
22369543004
85768957752
23462374676
92954698764
22250693535
10095149626
99749890383
21651534037
34130903883
129209245197
30244856530
51170685528
2205446560
37974734625
102030195482
128691124556
6544876920
138808648774
4103391119
122415915076
14664284311
17011649396
9398468670
6303605501
85610507692
120283114595
133219328328
12822717049
119887553786
76817857762
71086390397
134278230119
113639057182
118124396846
73407392588
105466651800
3038592648
22345155763
13926362044
109915903907
63439997859
2125898902
131139380752
12567341127
88143518677
138612466543
133509986788
32004282696
119514012996
68937946354
3563317468
13146594505
62406986248
7144190927
3122554065
780742234
139339430998
97333172573
137588308183
95452905597
4608668605
28278101302
38110304705
93864322706
107288565968
7631957248
18799635535
126041679595
141441745033
3222502953
5207366140
96280658245
52119360132
114035102358
140832465268
137927556248
43428900084
52164657445
56604219032
34138829031
56099769911
29110540791
15597985955
114693159287
104974890785
10220140515
12073035602
124658676992
124919457653
86967287785
19490818863
130497108779
112146196227
76653241670
139887704121
117781314077
139855060778
13986197450
36426240900
36215103600
5477032783
140739594254
16063361767
20505569063
1693626627
9239132049
135112492132
135950424132
130346989143
8676299714
138130355789
65469992497
17089269557
45922526255
135369145498
23941754433
15231734551
31804899487
2013066765
55820417942
11202918986
74752050456
78878768524
31478209217
126190475107
38726640639
3723698578
59992797842
142749233691
125740448996
2479508223
20206525951
94326365634
125087657982
354041114
19053492961
23767484070
33194068033
1003767478
97783346984
143206261724
73423529002
144103569822
141829578396
137452616781
9086025463
124323720538
129663480081
142217545784
139716639980
12544468760
109607880907
11810601975
30007321914
65917376356
75311076811
94946108529
80381782259
7746471413
2714737073
130815902601
28846948963
133886811341
125804857673
90854931721
98967191114
49108545388
71666139411
119273522107
111921623819
77634196452
144853387435
127008057431
17945384063
22622702616
49923713624
54719522554
12607476984
79241075064
57220399746
131643511614
116021207613
89251559368
105310649630
15275623167
137479947250
94610476875
24782882992
25192066683
144983877346
39171537853
14563601067
106661851017
41358973978
136467552684
18370237581
88798122312
105255027696
660515507
143213168982
107403081470
143786391654
7031557828
138543763623
49400606723
51074522817
136794632291
138474428688
128007116616
140734687235
53969919281
53045218045
135556575842
41697230357
113771397402
8581052753
136879649949
12751393803
53537729582
6440642740
24534285491
39536331209
133330970861
61410500250
136181134862
118952171980
11887210636
5177124176
137003536845
146983870875
146502122662
12882709892
92570394915
68085065362
49326662379
110270624747
89709211443
31337115146
116437585888
20638764922
65083648833
142608399382
60957131307
148554655717
132911818646
125718800756
145200241706
13173172309
75628148355
128530201684
147154006827
134173001850
143493343221
146948487134
125846726663
86378404351
75696372742
99999313473
4477606854
139276914876
60225882308
138215307508
133981295137
138128637667
114678140456
13482204023
12228834679
69309799894
66112003963
147179722647
45982770875
36990370076
9044246677
92756307168
121217924514
120913778432
78197042172
58501888346
37542224395
127343290460
93174396140
117090590452
36514520461
133170909196
44454287376
143066359928
62566165464
60807209380
52816049810
141367175087
150829780477
3449781118
10819748547
18046727853
150933380971
38944078099
18797751182
151393458451
5542266488
3977239071
388352424
148158184406
43221064883
142562326701
15756936917
6848973988
65800929040
128592976583
12002237206
61247149066
69878927115
96716578380
112615673647
93912725154
81219917561
75511547408
142983034250
65197590495
136869417833
144513726240
6822685408
150336053328
86163091913
17908556928
62188267115
107265530194
111479909959
125855433947
89505052329
103450004489
60446283263
139323651180
8453799618
49380004423
120455342741
8552535462
146203680543
151436206974
112890641053
135926646097
21225507646
82829292218
94536019428
119717705624
58550717497
19959977015
3027042556
3769906060
71122825865
147983575757
127557966496
76207631589
120036674604
78190635346
139345822625
151248277672
20426536306
141678382716
103781295252
147377046007
143522727122
109923953328
141426224309
31693487834
145842661418
151274906704
138104464617
153254540563
125776475537
119240400379
4703658352
2827227135
93747071431
28337100721
124318504392
147361699821
76211455104
143260152023
144747717451
3312225392
99511285706
91861866891
153438539871
129811405133
90538918381
28750520930
21541067049
133735086565
98816512548
84479800678
108874672016
5260132478
106330320229
139927132462
153822347987
125645595020
37961878496
151661799836
5190504565
737978941
39204696780
17241129208
119128729292
82055457160
152717350237
49345916735
153642845423
108684761635
73361586500
12854327249
42828244767
109672111802
141664892918
151536727028
32857671173
4942032974
29838057381
101928658225
66061943717
79054612958
129963013457
27596172127
95873559389
78563237690
130012317346
138604502424
18834882349
120322977912
9576269839
116817350544
24881121027
98776231515
140106792438
103590949130
10614517974
91215350043
105447481405
25570571829
3677227428
60255563453
21931233249
42134192044
85794279199
128577636902
92921263954
152688182773
3185588849
90459918997
62790852995
10579967071
151986725517
23585223153
65415528775
16883971008
31675554152
76472543383
81914769128
24108848460
150607470427
16623543880
115211721755
84483569263
150055696731
16140811020
16580047464
43182828507
141063927738
130124025268
46864209255
26767304969
21377472776
138710170302
15025450079
7571123377
14557861417
11423804219
16080242359
19626233310
138542001512
22180203127
4940290414
151083430422
89009669030
149768466355
4955623114
140391580442
12115362076
142379092653
51122125112
58667116877
22844593213
8508177474
60215525511
12822527129
6758095730
155865110905
41461739002
353398067
140102249062
41949816567
8725589103
108609302579
147946167753
12738390441
97646017898
156186371298
55072069752
148420830614
150780182459
118705244568
38969443804
105083158750
12749903744
138195980234
69507935891
154013358802
16263278313
105867056430
54784019289
112479724758
32148996561
156121695555
155405559500
154290545395
20837444527
111746556328
69541666393
11653201926
6631257219
420673573
105162570488
96058080792
2980437422
41118249244
149134273747
64052982911
112057401205
31542932599
1011945750
120456525584
152881569031
69794813933
11382053432
5246672159
145642148667
126928459865
132459513699
128178510090
131516836961
81950681018
5248953985
51084380041
155507949751
147109862469
73435996624
27758931906
1846403293
117692664402
79847156592
101121590022
157533070377
56255882133
10721726469
4205693180
107090156718
118970904722
24934493761
20300704532
144473782587
20968283812
156214340119
5361300522
86695980335
155693464608
114841947537
157480007351
104015815759
93280994918
159801516369
1346395275
153722149289
21786197048
2664051364
14955839012
11203282008
143573589117
2449522397
82588435684
116341330463
144882608690
55163045180
10205275021
17786176009
24117793610
122151450723
31150565307
1293609428
32152126784
9194250033
114334346183
40416507094
71839782288
48224663727
109876002293
155490779579
121729231777
160182852057
156966539530
21766893711
33573700417
91471890114
150951113931
66992008307
155960169020
34841902302
125009959037
108230663056
144527050507
15623240420
98257452069
82362163766
83923648794
10939599155
150581695130
96711173874
5282845445
148412975437
83576532333
33319862192
128231303711
3383409916
8823966765
123174178868
7878639167
106596868517
61180549980
149780368307
161191926609
156454683244
48093761303
144334154665
42196900090
56679673162
30601427880
40709895256
54184237361
15032189000
25048740938
1855324798
23657935387
46063290936
158792544662
119933351503
14573679777
150503897490
151035778187
134615631554
117440949362
15305129654
161486383727
60928807217
152502044417
3049752762
2384438257
133836966260
123008730569
154097138228
44429577635
18941185851
159844277411
106133977929
9036621006
29382540164
103531855943
28850475608
100608973989
103269795380
6598393190
29270711605
59471622392
49897369122
9162458670
134411490360
69047629167
148481476825
35608965212
14525686269
153674863947
145564736270
86786019051
139582740439
21065102966
113974322019
2008107529
12003407171
157076790045
71608067714
68645239965
10083322166
72072425960
119563461544
142232021227
102572454385
3878367332
6397257898
1004879363
148297533312
150960559717
85906449201
122174237390
154870516051
134983117684
6375385527
22295940828
14930669670
133344858187
1656275578
160558579038
156090107217
11650966469
161291236362
165296655689
150650444441
29655419044
12542977305
33867989067
11888027168
16804614103
132669143297
13550283364
157262172298
79720621023
69046877875
114900116384
137283461808
137635135245
102567834149
33982207241
30896214444
18966622887
23791414205
3925072565
55474323531
15853438763
114051594201
35606649618
59338098192
148090066770
69267257077
48420742787
894313988
43737924146
5420465181
28808292978
147056633905
13574221833
81129277901
90745346396
101766855542
91377281080
164763988631
35169507923
164938661071
146776313120
105034500702
11631089316
142992518637
76303137209
107273453675
57393266544
12534598599
9346165291
107359957523
21108892974
62322623478
9208770217
39090441485
164088676573
156995384555
158474858488
22180226605
26515091301
9740867684
58846731186
18733319519
82037320820
94576810589
110532236429
117178604406
25450200235
82355971439
61188445706
11701909767
75516586936
119579757473
95365824867
162731491360
44444937202
9781651270
94417362529
3053113061
94922719798
3241980208
2808379841
26551915449
19468845976
163020574535
1392005681
93873172607
125751462549
92370944174
16518751047
36949611091
34958582726
165400901409
16588759482
2300583804
155044643279
5318993999
126973292227
54959658933
155865408298
128955667612
163872885309
8110612891
46936507562
37676152011
16697281274
17613970001
88843004781
3006169906
78958689163
45359480784
87282086577
156657804135
3726361933
163404325536
721936979
16104169390
168542668176
15957994364
80694032762
82757299354
30118181453
142859060210
4427867168
44023758969
129109477651
158996775291
122057534870
11443609127
99128661283
14083450909
16425609084
13994915246
161939150893
156818289427
136728846654
9053467461
74042968006
160428831254
165791391921
89993786497
88971631671
38689593674
159691988808
23009379956
32020408721
10394138289
61750368637
9269444772
171142049819
146667395565
126359591125
76439876689
16633462666
111502606059
12246865045
63231190341
114495596432
129265401149
1092493338
54739021613
103396832398
69931884537
148633045005
6227035121
3945474531
171013598976
157478346914
113206767022
694971173
87848913297
40165976883
116372214705
165126814253
3609990369
7519605593
25587615070
14411270672
20161485056
164929370261
58250830746
131451661393
94368495568
106580543771
64058225940
33034290188
156697524814
105272373632
120248745511
16674815141
123227327761
81618427173
130457599782
170773390227
147467129331
126698357873
30394833886
48180660571
150910483470
120219663540
20921783596
148327722404
15240973493
98118318892
137584090675
81611992927
107114805645
12181234890
95120588661
27071245200
162301784055
155039337583
119968625001
77053155293
157241587462
6578051600
152346504542
53050490171
134005421020
99230809493
138334985257
86354868289
171801750398
36428014169
171271622369
88704912883
146494867609
112469721775
43355649360
154636172966
580180689
163925076629
18240677191
154330070817
96605807710
65946908843
13743807699
61302512751
173187925830
3275100550
135717903646
68947680704
160438731865
6208702007
59830914138
84997975669
146828012990
11616325414
7323000762
171050602955
98179343994
170902722313
135411522621
169942366876
170372945421
106930808601
83671158593
89396458810
701739222
65253687695
141404183088
39309496219
38168552100
50628832519
6827496688
93181240023
31429670846
91884519163
1917518439
152245785870
11140843425
154187307599
8081433701
86489402513
105798637456
49124941411
15653309873
147086472488
8963219259
164436436142
169714155463
2868053196
11964379817
25655249538
16360755392
162626322017
135646014394
1473825001
9045429386
153346051593
94559162865
145674704042
22721915246
4784842006
175912650099
86419224149
170125939952
175945094320
47081978869
93959947101
91695154541
119843165051
173629759190
105421974083
10442681802
158224962191
113595736497
157681678545
102730892634
7802984075
19946829736
153848140192
159710759250
81706226090
157395673870
25349301479
84358347452
163735688327
173547186991
12757666398
16015344289
170952382148
53767120076
107928396615
14806959999
19987701195
150728649295
16945655004
8062059808
2862110247
82127170142
134952770423
163648047055
163110922367
174988576145
25900453712
129154752100
94656485996
124947267513
23639334046
33183279730
17471108468
142229498687
16281181173
13161944018
179222886701
6108128926
8446117644
54439260226
56097510485
28728865304
96588246716
37307566310
167700602619
8608599135
15630161525
146984842921
8000367813
179875243018
19584926254
168680575687
173932735285
14007065516
154704042464
175196737099
10040435742
12518749614
13097169412
13783021292
24493585390
180376469092
43085179755
119667528562
174832186038
16593721724
124719249755
122282207123
105616362401
4385781335
22203410823
18315293407
16907920832
20061196442
2990076638
24867198688
180637312808
149157341249
34591943762
167929659865
119048453627
179198427095
10878234641
17346592118
23737527780
18321378798
133156225768
97778894917
65177771562
115449345800
16127524383
30953498374
11987226658
143166881908
10595914584
15309109503
5775023976
62638314844
39074331981
172586324184
54096012195
129695780774
12095740407
114267810362
4743159009
175351637203
25817547072
101634696085
17525048559
13629087888
41347189500
166410523788
45592582342
113663411737
15417242317
28509101598
178144002178
170979845347
110974899726
75661722462
93176708997
96355255698
6128618033
21575382604
181084825916
163104236202
10553505087
176465279546
178699484866
621167819
130166828431
168342289829
147121629632
742529904
71304775754
130059734250
12870400432
114820447073
14662436312
98546008672
76375581741
22780568170
9415717669
76460409146
20762295966
91881876796
6164213565
100345266804
183702684973
15921743224
79758226586
22452551057
173084969617
115429092997
14041921614
25196020046
18293694619
168227183067
138723064358
80342849966
74505973551
26015000137
6196474494
21793977914
133334202657
54549968230
55502218799
77285646373
37105923832
45609666541
10080452887
153384013869
47918688817
17200191559
181972524045
92197507609
22825668077
45615327711
2493460899
176777966978
98393028978
128714896892
103120045436
32847178395
182006061280
63661633270
41420357318
137951089676
41022808808
119611624939
9726610524
131516934341
15999283152
45465075148
166708653308
76712205404
174165235817
73153263675
155940746328
137582877863
87656120022
100861036222
85983325907
182212925233
113446392798
5972067930
134649710894
161402888714
26394454289
157181591219
168400497166
43475910914
184234548259
155726193414
17859825279
116728929379
619143220
9675335826
17951382852
167155529938
98935397748
58596610966
43508684378
155302131227
98067422472
168800273803
689190162
2551606057
20060828398
116820996160
155699990640
91848006787
43569653269
51958468065
36103352420
48345444144
185839803234
166237894007
22533389620
10020905367
146964952418
84874941622
101569516382
29984978540
178102507444
143012327006
3179457732
129021400007
50370188339
7947018364
186492972420
41112326261
6065013596
127483874482
12472700796
121638321661
20031686167
131836523766
10482399325
84054534167
132050070515
174869892751
135147774632
172174172461
138447407715
11132726965
128389428932
162379803201
93038988550
184895613446
166312950357
59616999724
163201514272
10846011351
107460072356
80410424167
185749799382
62268136739
174664661105
47726231739
5958307804
12394656014
188319035280
35098295937
102604754676
186524498247
146958403173
81615328268
1250709549
155256087811
59744700826
176008389853
82351605608
25160954011
137407683839
81938010664
181845211479
136744005557
30113350972
180079843258
128846007417
73093456277
187165984366
133763375076
7965787580
6251137217
185549371060
113470134125
52747113505
65910756330
129575966075
5493668399
90857762466
158582390534
175969239343
52736641451
10072077813
73461533870
187822939129
155830733388
26651913096
4152609065
147910626424
189664989196
36539221084
163423560255
55623563235
40651624320
175394926371
5048685831
32841801650
153470023601
50199015808
123315455846
25430838824
82200869668
43254657706
100747076980
4546540715
9034094525
7466196233
149365182520
20607639855
68748450823
10307843766
100071156775
52603489483
40566848395
186106229985
73270584654
251973153
15462712433
102404739394
128344750003
74343016910
99436028353
72806276018
190351879005
154060878104
169583760676
109088968631
3062091384
15451715602
10028222819
189006253922
27016995325
8859142590
141591280508
165556461621
11495586500
191459791429
69228548579
43551720586
21304635455
70557077336
16741064870
62932236113
2376235337
77190386316
49520285306
18379909972
122054982335
1538042297
29052784661
88927312755
102880198092
24200683991
186829448712
131367435593
139943257964
68355936008
182159151807
45969888711
132349122974
4206031680
2122656159
55734339995
10250360430
186832118820
42186464135
23306201133
1158660608
183252653060
167586464016
41800517241
11420105682
13363788870
153011648632
77622456222
71667419304
114561566714
41395051288
89099371995
190523520708
75437289311
176246623431
1460935300
8214420303
181557435735
126415831543
9887238261
50771271757
82898168537
117698168239
144984115538
2095988583
130274862111
154895693840
157656096041
177152263783
2597413970
103958675060
90619058952
11791724014
176715207252
169371740741
130649057900
25041395768
18796439969
122103156668
188759675885
50434577612
185469178200
9514130276
68357059189
157352468040
23223354403
150889708213
11351787581
59722862123
3807585510
9662385845
59514337122
21989094187
50748116406
120671925327
184571089654
97386816695
165506413436
169333984222
174295943733
61646835264
151485014099
3658909683
148810617249
180349237277
57045537543
182626319446
111722988670
174157805354
49009586002
175746704139
184339867196
190828961516
3570029762
103801975370
155290424861
14096921043
32571943783
67157446534
38261534844
11709363124
3968659407
194753612331
7983904637
113261578405
18072570338
113820317145
59469944960
59362941911
147813239806
146641802672
75226188107
18961429744
134276971313
119015963971
135055672163
39266930620
142269339727
21904947077
109405532493
178162957849
103792740959
193957270126
14370344888
168274121846
161491153766
165363120780
191129983714
25020749503
141051665000
188968980872
194193796860
16529613087
41210240527
197655496794
36204284280
20066791134
11894891648
97235373504
1404048309
179331378676
81621243771
166560717771
181293814803
128724532914
23267487717
4943040127
160673388619
18946066406
4181479645
128956294047
114990486318
110334986842
96369977810
170656271111
195567943377
155658205707
119277857268
159027315267
42756045401
7625768928
32417819389
117625608727
165913244609
14969164102
2627102172
27602632711
77064273491
46120854931
27932423144
171579049812
199657052772
70910776903
1865432114
148673123881
153500594377
168409810023
173191341448
8845502765
146884058371
133549699612
196073609075
125967264650
83649002089
27568770516
106122205882
32704111139
37246293809
62500090753
11643261967
118013057061
48512690244
49796014206
15253675904
95918779922
3815894478
119310670045
166117307151
90179304354
113698852249
94757163627
112035367560
87521570758
18129487107
184646122484
21467712110
195146729247
146292643734
197546093438
36740041452
164518687158
23946631689
118484575793
150533774906
29354548257
10528350624
78862717877
107421154846
4259697209
197211847065
185006805549
122133201635
28680759204
171616741292
117393254353
9981848372
138082410358
170412187794
38305458243
121368900998
43281769404
43459693292
27303488036
13687935918
21525689874
19495753046
100199906774
32062229076
23945126194
23079892524
27402596168
176609706044
131423479726
72614038835
1096788703
134408866228
150312788977
127962661674
19816511757
1674693069
93064973199
35311054671
127704113004
171671669844
27776701969
144732647328
115646838785
114691227848
177734063140
11512663554
4231778534
124000813760
51976495583
99834333331
183946477171
108290643180
55634538229
172285278559
28088235780
192915313987
175248048506
146395407429
6064924633
74857471568
27636220903
140474301091
45878449661
82507121787
122851346639
121422469995
120977934008
184623359581
84320646430
139594661177
146556122615
33703086348
97390898608
44337696241
6845001072
97781713237
29472851938
178064775567
7937331010
109643298627
159957780298
196502269848
89053035178
202580248420
2668416149
202266019301
201915685867
37097257390
13308423931
117767769316
131642118953
205289133524
53729204308
68472434408
5118223020
16476078171
171770979757
168291526785
135492350428
35842856694
121669371934
65122623848
5368901344
194505727901
66244163168
77010492445
94610162870
21762097200
17421222925
115953273716
197919010312
120292293217
155305180650
196769944370
87478434530
16338436913
134631189503
196994056542
189887910361
144801926221
168922393709
205671498011
134369847325
145997378338
202143839644
1802984778
173422309474
201493999633
45177615109
121213294685
25487984015
8483092149
174654284155
115043034713
86762759354
145574151322
82976495537
150668535232
162445193280
140055830917
78314727507
64973325542
89583838294
194286692689
26785497697
204472615704
145389159501
150312666263
48650258481
206134350767
4954804727
16291325593
186474689726
30819535611
189430168648
34211803983
44182013615
204822757606
34018890690
21460084598
16371272174
103730074469
68056668984
144351651415
15214645278
147158844606
201398810091
179820322783
8582635514
7647957119
200538161909
35283809278
85839364049
33558171090
127183748842
168124863753
10740898755
61650274510
176150756767
15432275792
201444975273
11972213607
117818193785
185199982469
52300596302
6444470723
41250796018
69338698438
135156723119
51831766984
25581770139
6011421612
143787795262
94176615217
30131992271
20928311577
197048179212
165247714707
194633406216
43596439693
184418080689
206711278125
19190629734
158232874242
41400525294
119396293308
80084378466
168214799414
45018423913
63580313061
37162869405
121542711000
145394462364
6198505045
14434778841
161675261865
195341688346
67838115620
186721135804
33830778362
13941963070
101077752859
88574570579
200043144473
65788855181
64343452492
20752057727
203078548457
193105222945
104525275195
11738316748
54063988481
32378023619
182770083501
91649552984
8686501015
178078428067
143003475240
153899683949
30161787218
118605834367
22270737214
121657317110
155851669919
48115818408
19073912507
128025512635
14101311276
117910716935
5135344793
182261895641
49885822372
190660711867
138887961839
72407951725
41911605602
30066524542
13164318655
178318819563
44769293032
117802590580
102862214343
30297999546
12173534440
162972130946
166528295003
12848607784
29866485759
118580832329
75945094849
180022875719
1364150353
22799140929
155249752506
5894106466
21789946239
19981500258
168453869745
187387036969
11185078237
164435082210
198773309034
5221248045
205510843401
9159190141
11353832358
174868102842
121663435069
183518268363
15921921546
17204355757
17769663274
25029916293
87229046166
199979697687
140562164513
17529227590
147857459993
90597649011
2895831660
133735600946
20069944708
74887134883
58706887586
22764468144
40116153506
71247953555
37789902283
94506463173
122869153817
171412996936
179611219003
212702942792
36478913113
185004438948
163842926134
39420920950
37225922085
167893565343
210958241753
46080883458
7868346093
140278376207
107457692055
581210536
130410886611
203043189900
33720911137
52541674988
211717444750
4357580832
61964995261
4348434082
53652689637
31890708232
172192691876
90014511861
34569130703
71819902454
114609542424
29156135610
173995170863
186398626280
1063995893
8570642335
207937352373
3513856206
123215713635
40217169737
58100874515
23432215508
22689768766
75413204215
84235822332
147454415577
51108517640
139321466307
87479114683
211129152957
66047495720
201233538324
81082669706
130347180295
167438553304
61989139376
176228337352
87595360401
209582969495
17688138886
185020776879
121214589624
82700115039
22015510914
43500830245
213902673262
39453563946
124104438672
213529568813
213970228040
200785999316
29509227374
129555148054
136510755788
107255523271
164875397448
5342999181
102647138113
80768321379
54560913602
131901434386
183835168430
145646948720
34165547473
816712017
6489948105
23234948544
16856935691
144406408284
216834813622
99078482616
142263195477
16652331183
174192528932
60738352046
80895626004
183762115275
187278993867
8738998277
6410666112
22569093887
148129100282
21616944034
10585673390
91553155507
154911382850
632304210
138855316077
79057619095
55448752724
57127919552
158278064912
209301986951
173248574747
28246999761
201100806949
93292144029
17277205676
24433319669
86181882490
126132410205
217791426696
213200317409
26270963544
13453444435
37892035198
90407133819
177782574588
3853752543
35758083132
128989812527
18755025775
37566501559
23781717820
71021132146
8090622934
20615183289
189176174850
23388676359
80059087926
13102484260
81066981026
211448973202
152300077535
209948572989
166769836626
143678140677
154917092917
197736006817
15593821506
15181784974
138481611908
79897805550
182619537638
188693641685
212793448819
217514938023
186048521371
131337257651
29295007005
212119408944
15140831533
216662381459
38970564664
4276347025
7752019117
215828128114
211945579446
199822801391
136225822681
143681972379
5227203640
179529401995
92002050694
22027545722
185990568368
185982125841
10809468068
9555396224
174621708731
213203807959
184658752359
179207543918
12743115836
149859688395
68718267435
101418478397
165385591593
18765209403
22285465946
135676804044
118122768111
87382560527
94805271487
157660157109
63382659814
25830544704
213937118322
167261210402
7614938130
60034352454
11748772555
28745806731
82087731222
38805098639
167044804716
286859669
200025011273
22853651905
192244809903
57459934698
213261296356
31241639398
143830550396
208478555178
219583350972
120190907688
187462468491
168794445454
95028727630
164807683385
94292554721
212817321272
134294379193
221319958836
120047901385
24442461142
714950933
108327511366
79631789712
162697947254
23227416849
205464183326
40688934750
122219309235
219076313835
5417857274
97747093164
147447676176
218155375098
213378868679
84005356322
130061468448
46223524646
34301769491
12094667004
25287429962
44902741658
53771700995
47822626045
124278373421
211808807106
89132396588
153458877080
16112781948
200769780503
90273131510
529677800
149186640302
38222099240
220860334217
130322355510
27347583862
30072022685
164260645514
48872336526
185495649756
91417763438
197152214745
15919965878
54007388935
7178962306
222652439801
71150359856
193787994474
48468482889
6172774135
111143385441
218736969057
10363118637
216000806041
3292850120
205687789825
6081979129
14639113823
51515531465
165186693645
221251868017
99106773558
189160899967
210069900098
133379522180
182673467823
34162855709
189383682500
178135450569
28177684051
1037498560
202726183169
68847366625
203752509137
89661041730
221556728874
35554181725
19716539493
220614674087
208117619948
47210862345
12761466118
217122732220
41369290319
182640789583
31654513325
152175317540
19717424013
183980763870
59653455160
108652015986
11875104875
161369379763
30238441112
133386604382
94713421687
23448989819
128789283777
196057562696
203681601321
65008357414
14582207484
74372600729
224321663445
83117795736
55060779601
59831494413
126920900146
72205189605
224954832957
13793460026
49904967818
4688254211
165077559671
125553604934
22053589611
66276059496
6579028597
144900151230
193292699738
122114137001
31313327129
157242225949
17813208885
46054731105
50280970205
144242110998
21102238043
135750183578
208063557807
23696396046
7779939440
90407858548
12581619365
167589354040
205905321880
216271740660
45035336041
178176378473
89005060327
147850802141
26152324952
201807860127
101369161932
20471187021
189652525594
14481419610
178095780961
57525483251
188889277049
131383924262
25140317336
584098618
203222448395
21043552221
1202254085
12403800332
79323170276
192664157831
218086050368
166786942533
213883039355
120031590680
5446862624
52802221746
6877048675
20712689088
19553809193
439135320
161155176070
159036941843
33927988114
211241715039
16391271080
109530654744
148110789238
173824928296
11361454565
119087808876
60215878859
181423297425
43162272467
160346776946
107071386762
121185605782
226712808896
87794438731
9853696129
104653553196
8942869616
13525062639
188439026304
120233074217
61892608480
92043176570
210482132069
166215299183
32799507079
42187776376
9969123801
18434889138
113029696501
125617713165
223376383009
105350108755
17762904632
226636693771
3724839738
60485997064
32212039734
74090334268
8044793171
152841921266
105790559685
26210433379
94371728131
2782285212
23653129980
229042060642
48665183630
60039765379
225938217670
156908621569
17603291207
2078608415
205109496499
12000629163
11306162413
42551113630
87484353980
200375935758
34169359489
204515580561
218275429986
177111068233
31476974382
20949476497
39568575860
193503998285
49207921049
181298599874
230020276447
162830110536
70287753273
194195731031
85853145188
24029840787
216530150775
184484077111
156776762051
2796071271
230525139962
12273831093
85476455550
40755818495
176737167334
112015805336
174161532730
17738811449
35617999560
231622323059
33473985934
8394469589
159402886582
102814103529
116637394116
33248311154
222456633778
165111632351
17275947386
99719484207
56919244527
204024841528
102784602932
5506936885
196936693376
6813588193
81380632751
190988880809
56240392713
4051020635
228159089789
50812602167
6134650638
213218048063
103171685258
229006834120
153291573818
13838657215
16726183243
17704134975
135009629270
200135225859
66518673786
80788528890
156085914851
132118144723
186196490009
15857561967
196253506332
146582667214
69923166731
219500209976
14444493943
32927239995
19437110655
103641479206
2851623008
26954326922
3384015750
36248622480
7919864869
84825878584
188332831769
3299835500
174327371402
479921587
135907901543
156526461822
115502631129
11750370440
46755163604
217150009922
77134915095
31650453632
1135593996
127165166059
228852962883
132958279734
4477227177
45896740599
59012816017
129131332630
19450898848
82375710521
9766380524
67458796730
32044584313
202279223631
112384941060
4780387914
134182111488
101037451789
124962658294
216703607649
26255619693
215971528808
174315880004
107437725764
167747656256
18095036255
18459072387
49765688224
209261431417
127179125158
122447641630
61468825446
37967341899
218269017898
174842373074
212755795898
176513688319
202323462154
21057413929
44990665206
28649312965
3668149434
228348441016
75415522663
41390072195
169165636210
75456818297
134479300369
2266820477
1443716077
591555975
45431746098
76230076472
20971441265
199270454810
215800536093
155900580130
55726988367
228480959142
171191996642
7997369396
3741850559
5330449528
230084516412
162740618615
17396684077
35189088822
210996447830
39742379354
167960291591
7591163950
90800493490
94630903918
48945578739
142302713588
173324119783
1302666228
194182763813
140898741691
218711360812
235985084310
83551467719
3506260293
218719220884
236551700785
7594133563
119936581131
179886264286
179050778727
36401819028
32407701806
61802435139
45811644200
146483343521
166546992932
137984109694
124384538466
38065050293
83998401865
160169865711
52521255920
52353491134
7283834450
12178251091
216877044187
229130651650
94538955796
42858438248
163904280611
238456110559
102256057085
38333163711
24322520089
35182355212
221223242075
168955833152
227460128258
179847517101
183405656612
232450746577
1125964744
6853887767
208475164825
229583401943
227195802778
33817431023
72955836785
28789735787
23303545775
191248269986
35476264042
146917864266
208155432098
163524967510
130220609966
64923599053
148840803090
223464728933
116610665675
189238072838
24328539059
225489533792
73532109651
207247513865
71757758544
174094807642
229396895463
23102053549
106223103912
14417306991
11743561834
38264872129
46625036787
234133044780
178027034681
16345396645
7201473332
96611230044
15530090146
28296351457
231811213501
1504006465
87237903122
12165257309
126730355102
214115548422
201455787358
166232189510
58183102216
4276665624
123647424404
69302787693
52400132236
47246990935
39555394614
232642415032
30730684922
141305256434
239494985747
34885088176
167026519197
105508745882
161638828173
136848953544
127929997382
231378057068
17165411657
233677386015
7607242514
181613435223
3462013835
166208755653
203038431908
220504901764
198674129596
74774669955
13538653067
41288872592
7056794231
71331514302
190426771254
210850118279
91337493756
3384323797
25319885217
64997274802
96317375175
104082116480
197989708227
129457441773
18491036081
105590824829
198750529805
75102423411
16287973067
204260964082
181200861183
90261932985
163477248249
12180654543
14352356766
13562155739
41347056801
236507918085
6546715705
201116033551
51535039222
12555713757
175066619996
223131935243
79291681551
241827628014
32281802627
113117079844
227965093686
22604284264
227353168384
219679024318
74382382348
86384395753
228898029774
4495888075
193226776669
98440363457
188911756028
63741067925
238344612233
219910996576
124451813339
45211656054
220080170927
92167980349
202394604641
3016151634
167601937822
139685362250
109751588739
142099523181
173181062593
234804476787
24479393888
213928014962
46773755201
1823923373
9371875395
140879312344
226888304106
206568027741
5849106833
134460565368
57013777703
223772217676
186370741090
225669254225
195247712591
239007488107
152940509806
237875780351
80581424813
216985395084
115813428388
28864939273
69809337593
201963098257
20243995771
137678641468
31507862356
52519096274
119866824155
5039679380
123846324587
224828429152
117166350717
52900043463
197763406197
214729776128
117235068061
133204523588
115604734133
219257875584
140142170213
18021463330
74040179973
26657369263
31415412372
217391034335
147799258280
164550456185
210569647154
13178661747
155522545156
165979847696
231668081190
31224051783
163737185593
218760854221
236764547522
189695673351
37079659875
107156702720
171570139532
109494559537
224697057670
239356231126
244995831294
231998027805
66015952289
6473564639
1402610860
242942931828
243146406693
167616283917
124881809758
13884108005
126862031186
151102965414
163151865915
3357138646
8936057428
238446613842
184837020995
226390246877
34097916435
7290425010
42850355630
92680172532
101653202112
220827895001
27680911467
8262782844
15233365780
4968755055
2362858643
14650902051
249129153854
123123396244
23152806086
48069031524
93748123614
8402006126
146980917741
25188452658
81461566689
3192330052
184397010611
190169283486
230762225970
108651763473
19299491747
74806960693
213069772121
17168296491
230693822238
152462853697
235199684171
41579481982
108995095650
237229845218
30284748122
21315452949
157214791646
121221741212
41896775444
188337913212
162519783159
222435173653
24287050436
171412439681
250263125622
219113011577
8071722988
212039395838
148134224060
140106806849
32707294930
208216093497
14785984928
104671110745
166062501890
42486261336
83774827808
32661032409
34991052832
30780057496
122088922201
25648374885
21064621504
244530147285
53490121521
66111674278
29749508511
17044673882
197135422246
135117928663
94449624953
195541676279
42874575839
125073341378
144182503710
155006082884
25252055223
86582447980
69273254464
31999105829
23657648848
238158822537
58541295358
107735794821
8810350685
220371171363
15784262995
221958846019
89852713728
11006699797
185521348858
125200020104
3359666724
66857464285
75748253465
88474565821
234093811881
232061964532
50002774722
5359144415
8360326148
109968862682
102150407101
112805459779
242284488243
239977791766
87175762785
3632322260
167613811792
91617003475
25799783226
37709864161
243335064749
28653051618
4060860339
13000974661
196022687910
15704794699
63007254826
62490878931
210851378705
196602849689
2149951824
35287753877
234472744097
85308737868
223200672917
254832368145
150640266932
34926935263
252709876025
211172160376
166160455870
155436795106
177964891367
226276711325
245366687705
16027042665
154625711521
29088802764
93838206206
40601404669
84720520170
87132476883
214986919555
39832360651
16149690487
228563701348
212046989452
251551156599
75190032620
65818112862
29212568673
24337763538
18270843248
247541986688
243598090888
174951399355
71074008423
14750738557
112590129070
237293431924
15570259234
72762275560
40076670573
34393930248
154851866712
249869605284
125488295495
218291999313
221675866134
135369103786
46564403297
89059140366
66011890918
163787529856
190608653753
184602988691
39466429489
17905241951
191615028306
14441375024
18518575155
78753275015
41678779634
251818794165
158261084067
62773876267
180300872921
8447115168
26439431948
128963222029
18732755491
82316026084
105917206732
149068955694
21618730794
102852683942
134598604648
251183834690
8841328640
17742293661
179771821999
23611612106
23233885359
144037116771
129224864356
210669154222
50339808644
113562006915
250618986474
51212437323
60866849085
50825835631
256966230899
37272795981
35298631351
215614799256
228321665246
237882601940
48246566189
180405165418
61319256270
237447777660
7657243754
257669481068
30675435090
228604198551
139807945826
184821284750
72964971096
73793103615
104377214683
13928419876
5745858000
25618707022
13930858500
164309555724
191390875450
207275451000
118186714519
54375843379
37670870348
145335655884
30070360343
55497197418
48444098815
19179036248
11098311095
120573040552
68173247515
176592956849
258186842251
30893389572
189930917274
106118653047
149871374217
84826337956
30409058542
98345764286
70382284660
244362086978
223605938703
153497963304
34497328859
155210539539
254416604263
15234633871
245926508447
236381029078
246103441204
148941814797
162658104422
116714309141
91742609379
203584042279
254459110506
176455687080
22489986663
184682591060
42877907351
243393523678
73903179409
24364322054
236754372326
224014145584
118007785052
62495465987
13430098085
125705511870
16088667700
9201669406
6125981569
178849724958
54526676580
257738025447
62222246501
1981357822
180240820902
243181744147
82817910169
73858217799
626058448
10392509337
139807274461
15941399078
138070265093
161344482604
199019881662
210330840257
13611423385
241822492433
45925637515
198180612669
19716689778
91364098428
7314972684
116958691538
32384595556
253344851115
114756801024
129149962565
1497184390
197880775651
186973681249
58751226578
22280837099
24684554691
258332151292
238061599607
191559797503
99009377659
115827729014
103231530555
138528859136
243597097037
11519598628
214015421343
197935508128
132508218787
239548027729
28740806415
145220595889
224226797940
24014598376
167219414705
14183629149
239183013583
18711839569
13725735948
167389576465
65388602593
15885905953
215554098771
242090868660
201769974181
10466948996
23005011425
40382490978
22767348702
222201472933
17815862312
222261797102
89990531718
37186867214
94034428745
65496819302
37394313986
147618753722
251721296409
30305559694
155780191612
7108493404
238898842206
22519476141
198931327294
24767041299
44475662752
62342289850
52063079797
1092895796
190050864528
258639102191
252932453819
232087963045
227069496900
134934430579
246353507820
257136166612
164601827887
3839593446
150960277910
163022739819
261755668812
264465001661
12534322033
37516603397
102376553662
255587897560
19243430857
262849741214
65320474290
89461023791
8715029580
248880754418
149860584973
52139948756
1489778722
209202202128
185526544573
143193169287
253847566296
139346369168
32855038815
230372063042
64131324215
68866884723
18077184735
21694450903
86959868490
30860454377
91065967233
168103621869
243356718779
244204912457
232983466083
43338363093
16285315191
252530047774
183416364240
162708728505
176051485098
199106318626
214105854582
262596262023
112817233204
239319548607
63444914726
141263256115
193539568660
123247408577
239992812950
230697127076
116175591185
17260385516
18147017563
190032979681
155854283353
106223051675
118565463216
93795951668
206203196276
63005913752
26422763549
75910509636
200004296871
193743405360
89854203448
128674780188
232885401136
212610835238
19540109772
198220127780
5102824319
19245661807
40742255906
140508989898
210535492168
227522818058
191611001819
228068447200
55612153263
234213627226
208888223659
250763999421
76848160131
160989525349
10523077474
160733109688
267946071516
20074271152
267762362417
108594023512
48283089502
116015932864
190093042945
223694909709
163532931994
148744119640
228184053136
177253949324
203031335538
93956168899
13167862403
242758654495
246478102930
123366491045
129025496849
108923178413
24511592886
159300657523
166788150915
11924778171
264826770914
26431607501
225796930143
233059783636
178219975999
125237185728
19562867254
204767424299
7801078805
140299206157
70217137723
45161428378
261749361045
209183395
13050680099
244265918653
131939111719
123995459047
133662984763
224662903554
219465508654
257372304058
125057340281
17356478191
65686184782
9882333938
3685320694
238929224380
20661795373
87293921359
21434812663
20830192386
169991859988
82337598189
35519846273
259651242991
33923967834
82260068184
107659458794
47581477357
238579275369
211795490846
149199706538
200054950197
163767116755
180182308532
265896435274
196127519877
15085736590
253757702736
30617868470
13965817762
55651671434
183222930407
13077718151
230160170833
20945155247
164815673630
268548249831
33618113757
26181559750
43077469837
17738010545
199571107894
170497790801
101581382431
47835507268
123556366609
199242166103
2310006572
99291716691
116885161500
260595514541
46314454900
26017277551
226579134244
268118064811
84034817443
170652215515
262755923605
247572985264
108050561336
118822648475
77550431041
155784879934
226691399301
266934082600
131974248368
31834460406
3505220000
266162202724
26407745535
266546568136
97477566088
229493365012
102218092863
136944458077
121872737291
40736797733
204381046200
207645423683
216210288229
256627908529
243556397785
173708025238
159634950017
56336379869
167658749880
198151857875
205981058354
201896372476
216372536069
46157797093
25874572020
97293970364
34136114710
229346838002
251902250715
224354232994
202996062279
28220916638
1387632054
3277380854
246006978417
16518830389
154131451836
54904857358
178796322998
20779120447
262327466057
250301881782
37946736172
19552624486
261498700229
48519915023
70883924535
89337884577
244403837788
36343366010
83237699568
169036465687
272425749270
228447236865
249391774687
40742896479
130372078738
51200009295
240914702911
267266983359
153019211991
36340590606
150370419774
174792822852
257423658472
223667289534
226422883020
245094274805
259091936200
238341163863
25028026205
109285668052
37756095469
67891548476
113104455445
32151756407
2244755715
46639562349
2839790257
89194932402
35928287584
14567798236
178725580614
76894661186
33597646161
146602831112
116043424907
261997169774
96136202238
125449851675
19793798581
92025019211
4827569550
254853155408
31412557253
24756602383
274602046439
47124729421
258128889350
192162684959
23079749504
18748891125
42041245529
170068403015
5101372814
1314549500
205069666626
87216878524
258252472324
43038866720
1722744727
128045479641
8612608738
183571664942
154328395952
134993666411
275117609909
235135531901
72507459726
50962265246
146093631240
5354890661
274130273841
30022741676
253106144305
3029203245
114330992818
37444558636
254371858344
108858092519
48543212560
250783920529
276227744124
265513871577
193673380271
69769687718
36916566690
166298979616
269133373745
7119023554
57109210450
236224199050
196822897977
25968934545
1943010069
215613681340
266351713803
21612028747
22025434810
22776150904
48396204976
222761827971
228130724965
166972314939
260398189526
5861654643
208559114000
91088415119
274606356694
230294888706
172939962970
27644528753
12951277362
277265809129
223828775926
210723550604
3734812651
170570998152
261201682741
155206814600
162311714212
181524283884
46119547559
33385743089
227935673294
201007443138
100488506124
31733667830
154827229506
151728517983
184427606165
270300003547
233351052980
269077669062
204996772625
55277323705
190240173326
11854049264
41177266682
258785797349
83305976222
28509480764
227960808047
28968722057
269219426886
211861640363
127346029223
199448197929
47231142115
211385268514
100488874378
46636752943
274243252787
222134347550
9371753122
141841581467
47933423238
159670267852
257698707352
191524165694
236532593308
205033960338
20423384661
207733054067
167682430226
175565383658
185659694582
168360754814
231828533008
82409798010
39289233030
38539837354
214782496547
2517957061
144792205617
260752001816
77480936863
24239750785
171055831925
242736968747
40717783286
125669305130
166665621635
250340678988
60157912379
37719446592
133874200040
129374390146
206403074097
227550900727
279990629694
246509845269
1919250706
80329059328
2435226226
21833218027
27901803745
176310619876
2160178567
215969328893
11931103266
251925692107
260788364087
268064592925
32837821327
207917389452
279394454394
69314524677
278257859597
33867787622
19963953805
49807267510
28397002314
123381909401
273510865279
80965873435
277934815928
275364007965
49369890705
26188172280
2498414232
10963387981
160466443810
113883757665
251607308617
5476713186
172664414789
34170712656
4411434286
45747564880
235479956676
48559510121
237247920684
277769322792
272520411122
96267074586
163049595773
95261621334
256105212448
145611965711
100282650651
10616757061
102176746690
2584446839
32236885719
15025115494
38607964413
25347744249
275579223435
131832066700
184133211426
17967572655
184014191851
281717472901
162166114760
58424481
252433797523
282214120920
163279787056
240017538313
25222646503
165587989526
280596408212
31445766073
95521910356
256999905133
54480504333
260259840950
252062114711
232465066986
24770897869
42237603482
113739806944
279375398120
148298089968
258398813228
120590062093
72509980493
273832550370
83600459093
110455445089
353113082
1161917655
7106324371
8646546789
173729832571
242824800710
187183737433
223276968024
121670000164
54628402300
250419355684
132901175635
99723953321
228520538753
277236618469
13821551509
2377337497
35092640955
57562944657
252494901224
3074549807
59413486719
175366215818
63399932705
16330238369
184487440440
186559095676
14094556117
256480613346
158404767482
162953327749
210492077547
140924130285
65452312417
119753287072
56799973929
37456300763
271847648019
155941552851
251407292316
275736058322
246911408283
177625704527
10182929180
48606961968
39375977752
186557266508
37860506776
115937112360
260693702384
213876689485
3268259125
282453207598
887633977
172512782676
211975992710
239622836190
129709699792
10539854757
18024817078
278447125773
216521768405
1308526582
279333698896
30873465210
115352747450
128407240019
41191665260
24483058611
153607578784
80728928123
128465123297
276722225072
270466898617
275383106509
178469295190
85630362221
132464012451
172620204602
60792739793
24174459001
6293913610
35140976817
54236813369
286760989413
150446653305
187881253097
126433335830
105715311326
138774427222
77863180436
44863033887
273712415259
165437942721
4385321241
244143595019
243416545968
79216123979
262138767227
264084529116
20267721292
24186575086
57480779392
32594278648
34639975077
150675254529
43073381470
287031156869
26061937878
33434770993
44672298820
237606378531
46894808410
58037905396
167100564844
6698303085
186193203777
243336647788
187101075021
101164685415
215526911830
94109888297
164554412160
10268373775
146991377469
46266116894
103391565644
100870108564
202550124452
278898266075
12814309177
228588860309
30451734193
90993589438
59246370015
72947526775
7267163923
31890921335
260949747503
131363661216
278687134531
220878214842
265982832798
85680211081
100770065227
240365458259
145328907415
133724614451
3688743571
18573772313
14021943208
46912258135
220241514058
232462220564
4849247053
137440442323
284816585045
21486848991
219905316202
130986131385
25223313262
268443326608
163848857476
252903116138
229337936016
277052180875
58947981554
8174873188
26840052578
221316575434
51981233429
189308781375
4384256255
12550654853
36409198613
193805065324
287725882193
266115846821
29233929568
122017958643
3021943618
174287376621
226807598199
37322672530
270109923154
182972091722
132185675816
55244654567
79740224167
234477455075
58831268433
223159428947
40421172735
267652467365
290501658402
162742192096
194218156333
9459762658
171493491948
276740111124
14779580671
195927784763
7351409864
20306164606
28066791391
248953462945
12336078585
10743793129
258129075491
102205455240
261355481779
281208285478
86398282803
33589430508
213011292037
134175399298
111552724317
181517593439
258396491719
240089946207
56253735241
257311244222
142649525579
17077019521
212153434633
45028996873
286471111254
62613127205
272554037462
26349530922
289824791700
20475821751
238962693372
283707551842
249031013047
2582645479
271546094099
127815006445
138189978015
136862233247
64215509973
109567231540
109421304222
270047337855
206945607346
107856469498
289238223267
230552997242
195654449609
200134245038
28658828099
289661162474
11364470935
281876125121
75045919845
268503305112
41663948884
7279484823
190339730431
97703763792
15535386400
4856481897
140150297632
22203870105
144215498199
146446930614
200352570306
50150713583
191064018906
95330266492
24410739216
41493521094
22230182699
173169182625
162308387306
271120729649
13565604713
18824277003
477486780
55812970535
124263332068
129001357569
222394607107
254039889601
182009878449
7813607098
248889194071
127853493809
106799884751
216941799714
271160562465
2819381975
269721995259
17135284305
121434127726
241728120295
280167465733
288316815523
184662016451
11057636053
209739379923
119838732364
216191708519
257929657111
293753432244
83565504096
158399106056
280678639512
75165318236
278715560851
28860382534
54818739082
218757671129
267196034404
112789366336
37686211665
104784723954
13855413951
181162317903
220293891600
31690136767
245393105559
291625187762
187119040352
36634432004
98593763147
43308147070
99124039742
288706211395
71306827144
142728470282
134329117320
170028132844
117872002130
24756022633
122095760033
54698381395
52750391392
218335581966
31735383451
109890155864
77552905988
260382249095
19962542431
286278073159
284012473846
152249504567
62370898346
11473025128
294658110557
236565798447
230437163424
232605805013
282434967291
7612670924
112115802151
268555849094
272862444808
292343778244
156642358751
120681511695
282345889719
241954757821
30914749818
74833905103
264126392967
15352286211
12573245603
250316177501
57662212289
129347633392
26283183945
116849580852
240256340211
214381255510
295630820723
271699525688
6043234148
61571731331
75403198762
172265373728
243399677412
77332805716
296759243238
282014066232
267593222862
54119755040
194742294884
150662033658
243272473867
14756974040
279223952863
51857455729
189478098770
163523311313
109430965582
112234224845
291053387001
274190845170
47492589736
79986060927
41870005886
34448121535
38300478178
9098896817
127321865634
14618114141
297702532532
24031892763
226415276627
22760091056
33584744271
55184595430
231241736381
294380229384
27184105875
267205730735
70069333078
299714881233
297313278062
36529630629
22958467254
71450179880
297779016675
150156096804
208697571543
258643406234
279030790488
297151658901
249344507313
127971707605
136431872104
198713776516
82457851936
200444116815
9715112462
147926564916
25480602638
298827259012
104742004062
153998291790
223767750578
224319365507
38395515924
177423046645
290819078934
216347941094
284154995411
106435389453
53709806314
301560876978
52999600408
259621702361
180803819872
80902315815
160549170008
293989398834
223657724716
199371473814
184966464210
193019603108
205417734345
70267068693
9670499669
56541422620
115513276131
15771542518
62967444472
6103812714
236081140453
85315560563
90342182416
98414616391
17414751856
240393389220
69144456748
68125452616
284138991454
163983141352
14651611674
107229853015
85925601216
222657897711
208226440721
267813528918
221848447292
277691938858
23622360200
74145324739
98751550041
53542769318
300267342886
131383300531
6458871281
146335260670
172251998679
215885878264
135293957759
48001111789
114258359942
280232135546
303141945930
32736294707
145249705209
136553190510
171291086083
49376712978
134480771007
304623769770
303691041044
250959173262
10913302518
7205354123
83330462169
186623000080
78883339172
6265682843
292846365940
304528865460
210518295463
121354301720
260622475454
252191307991
225828432192
3806341085
203580376322
69909003497
38387974438
3367377227
45237042825
256000019836
157127455601
16375635450
273981768084
284921695667
49154079522
29198918784
92500313092
183712362287
158931181908
179305332700
41363572832
42264903429
10163559601
162620991293
2766423960
115943475736
259283719359
276161745605
270498780095
7487708071
278490210542
45646113265
211879246475
78058938372
149495782710
300545867918
267684240456
98774458845
281791161468
284694560052
151096715121
245083004033
304052742202
247036625571
228601785300
32047792564
33816426642
167953158658
74362768132
38168868107
218130677833
243623728208
289271791577
41719542286
16872056204
34193202906
234738766222
167612039046
58081581920
211443762849
8652803239
175701223888
40352379682
80935457603
165861268665
7163113660
197267056452
299770361277
25958746159
162300852074
19878273630
303102941394
164582501698
42228651748
299067252151
303479397271
282101926631
25693367048
251842186435
32468766379
226843700591
294596365286
265113424816
287732211376
262188323688
154352694129
64989180546
159522304161
159631251835
151967105857
23098779616
308231216433
36200854652
282417068450
112378642946
3606390465
150819827081
15817489390
86854236706
206396164056
234370228900
103561353766
96802694398
96682376974
14537557751
185424074341
51259781780
299233037113
13163754955
118804212878
280519969269
12359650893
51155375304
300477813863
52869343431
153809501951
289684694507
216615121663
236742291010
236035896973
35107407554
261751823647
209589058199
217412609108
38828445766
25809054973
293920220578
238100449634
274999889110
109798861768
120281683226
69321426335
296286652504
285100738793
307023019567
12203529171
243977311972
62879598079
149107005621
109765422359
279537360063
271470071090
56285701090
197777002014
209281835159
46210959113
273037869804
199060854809
138906124408
96138791972
1848920598
47973238747
1613644491
53648898446
130998683476
291564020326
294975460783
308293284396
77446682417
309424647125
47142483029
235129979998
173348564070
309826809287
138442118997
237807487876
174049954811
85948525618
224724253078
311818402814
102170891126
156257889620
77514155951
177209601041
15005665418
68313399069
62404872827
293191120833
247681677403
156023413049
251233868326
3522297563
67673059884
100391841971
2334947405
270101324023
232203259820
142572948030
25684284258
88956789051
82162478147
44309632543
43561933191
308095982196
57719602794
33113004792
242104597524
44380680226
69845874801
238719472730
138255200895
115787093783
26974846292
120885773391
309395307281
294914582366
55089352387
27383459595
174557061292
135552664513
115053897686
1707689021
29823403230
97204765242
306844470451
311291498155
105584169551
180408816534
40607083894
164519592964
31486551031
299433715804
222498852915
115341085645
114297968112
222592296251
29001135196
217646006352
31022888282
292362613382
272559757900
307700604384
123882657928
253236697729
40063484741
310329881155
233216598504
28162315399
20209992863
188714373597
117817257549
226119651502
47497230521
108973433949
63957998385
93669824924
258167044349
178390094599
84051640618
197540833505
135104827249
184954708066
221094923007
238348114697
59890014293
111045144852
149129574801
17900306863
33916719321
316102194409
190933715533
190441869685
230673554699
35723441008
158425596319
60265014507
274874886482
18271332365
62500793338
217501151651
40733084031
211640001821
93464821435
203905354631
232520534375
310389378549
163604166927
236217310844
229177716801
269128983980
246120114637
288445842819
122008992701
44321057661
51610912428
138219333301
196882871821
229135774350
222443530414
253720513892
57028220868
297922777565
611560319
192191768787
288185725193
317698789057
129310804395
28464930277
254104646826
317539009734
36155471204
17882665110
298702718820
41103976834
261813517766
313677245030
10894174185
243265320602
286638688143
314568864301
249180432842
274165457851
222597333760
307993346925
208287499605
78505900089
172273853793
109773580227
81205297193
311455543557
33137100406
277367397161
30252375732
73351477209
195093234013
195856695995
43857064427
60227025320
32328365309
260576013725
28313944360
18546688694
268387110744
271474416226
268430984624
237470485093
308801087231
200452917105
180153971151
126854563597
137057304606
256312196235
39502566692
166712514250
310999760895
286990238516
232339213803
226253511708
32823055369
163647840054
21752497652
318724986489
308513458454
313475625534
14777473251
137185324280
2358852313
218086279972
298259525046
222416510685
286141948395
94989226766
269539924446
268810757085
9946004750
233931657573
56750163600
6287227915
145680783166
29771414292
34421051071
217197897264
310521520163
293278439840
320082478794
220197159680
102474907147
294959238637
314598615892
258568015504
28166838401
318268798087
51421249575
195677444182
312526129139
167279929630
221921437516
103059745631
45404143420
49594906218
302607421516
279423426230
235982423884
40461303291
105454086293
236292885835
35694299695
245222447378
47818214916
7104095482
299170524804
34994388462
181997760713
38590450776
167633624075
103725479497
22510443720
174984656165
132824777544
214877374890
318124017366
13826873374
283810775951
197740917130
132645653875
290359890842
314211526826
48137884701
212819596398
138315946483
39401024429
1460500874
240139580977
101717518358
229108226246
249316860911
292447955978
3256467057
182226259004
4570470266
177542117742
263644086956
172780044588
156655537264
296397473033
18226167014
37252250705
73681656300
152833134741
135312197143
235412219837
61550116913
279101623163
65134976975
2712342404
244196436428
8355614986
270010664937
278516981316
320575470186
25366378191
59045321806
284533416253
160530593982
246137623554
18212109675
218692987109
20990636894
60967941810
302625176999
4545057653
197825148589
35943272375
180818313408
245164578557
314011309155
183383103729
314309035088
319831351286
256829926919
58520762296
38386128371
21561986875
49548860268
74540207708
237639784299
263539039301
257216715252
57701903954
308057803729
146935063604
156079709687
77300343676
229516781031
250901077936
66230907523
306334165680
14104232390
108552024350
66791202235
132978659812
10172524246
288351066475
279404289500
146528108620
44944482932
295468474285
36271249417
29374778319
123740237064
34011562551
273822258877
9752058523
41696110359
311112852540
227052751905
321727038991
198863562113
176408842225
11166979211
129251588696
151059711693
323764606480
209322407757
1879996529
4377727474
30071818314
294693379440
54066179993
266989257420
178950446879
52918553185
14748566191
257393760065
202284430417
314025527230
101056096961
29798555641
294612606195
216139918488
62681352487
309424525011
165741627272
235413493542
216507544169
60228248595
20365781766
13526951335
50766776937
61484737448
225581479016
151130992847
2994439114
14648690174
298384029102
300690829243
315653243215
6316500896
200303014955
49235289911
185095063534
232311253451
294884823846
304464131642
220554572732
209549773212
227658732588
178022952612
63373069892
21758298330
325166026916
297558886892
102245127098
36998901844
39118405015
326207458889
12229881286
163938313970
1952080882
299218027706
321665588005
101578572675
126868154271
52286343809
2415993190
242138662207
151441542161
92119436595
232905374783
319481518908
149915986256
144052481454
43644194281
4090880694
302075830387
252813023760
131568398727
251197893400
2948370723
158588929320
288332390018
309348048311
6274713097
80634842343
298434331932
178116370253
155533360420
84991693942
273036003872
196507744018
108219820639
255413878952
100847591493
210450579322
307756905566
37368741679
136549390594
56173366994
309398103589
46003002897
51987993504
308679239399
284016821725
313114815556
317946193466
93669339748
167065994884
170443099970
265101992243
1884978425
47854741603
5019277887
36477444939
57821683659
207246819168
35291752869
106391498792
255147630966
324623977294
262787625383
302798308076
114284629139
36256223147
12709897822
27818915092
106060009911
124659770854
41612300949
293591547967
207800348919
301917737640
106562090051
1208917781
22642170867
27766568167
20847295171
151784981781
48912451890
320412358431
1125102782
283421615421
140704372217
154983634015
262282598089
16422256735
116562880175
3199460033
2710005308
12305590768
55532462552
38806155313
273651942644
55606495752
320710500590
168757508318
294993155120
311000454788
239620525777
289119016903
209687716067
72774266908
28379227675
146412099099
170486691380
118824500525
268878181165
207896366209
4018188979
124572565924
60831073789
259349353817
107412373618
168677335052
19151040543
242375028436
197764314971
318991944526
302274192446
123444346696
184642567519
202217056974
58062881336
65150250607
222730263446
329787261880
101825551617
172738304083
16747720674
286361528723
102242018556
34144630693
118267715176
9602456076
124239917963
294578256883
5259739518
285608408961
321440963955
309475730956
280032503259
275648318353
44213855452
38912022204
301533789331
276656261216
156303164674
79357963456
312745253648
170896470967
107725946237
262899702369
94737614836
184133007187
61885783203
314863370410
95696928451
16225525030
52463463593
290800695652
161202168656
25936961400
1836607415
224778642081
145095529943
322734045381
30843344224
22572542388
328142664083
238924104076
223738663841
326642289446
258031826951
32467411790
92530634544
222221220967
8981203139
258298094582
329683685753
177875335123
91943173832
69477451420
70394659478
319353000295
329654850189
315666565198
333686377895
6696630186
217931146246
24688131430
17029924898
290539871608
18887390985
38110865979
167251133359
321995775813
120705190331
251693542669
300785042611
147554074525
323001485246
296640258899
79390167197
326275850927
220844631625
282057286213
28563899440
297883222234
21610078495
10201336439
132840896265
311795282601
325153451304
160040240485
298919832918
241061725918
146839962822
250704315327
34374482567
331289782383
250013014480
122390958277
7198204764
121124853449
240920229481
16122707358
16447506493
13447214377
109544280926
217951941084
327184972881
119559621540
37784798665
160373412238
282465640526
54529182160
15025843253
194605764250
82331010879
20475252764
213660163301
4147713964
193460925456
33393961388
149684872851
221042587208
1557172649
280557514937
310444175794
16629497717
266609429746
212483284862
190964763072
226643451032
335083292958
104886224843
101450196523
37352674575
227633963578
207329327317
13831213015
56689837139
217182261333
6254240588
144603141098
232463517171
23944040551
321141934573
5425209229
180338077923
170390600583
181235702631
301161995848
59426795833
331907031380
288330903372
329002983514
193363129363
102479767344
86401838110
259719075821
83310751841
157247221006
308569452717
43596940608
198055843477
179195099257
62218560902
261246129461
78294423332
152281961086
37997679583
13113550811
286707871819
81808376514
87337257672
18722561787
237247254202
48855314009
2396346724
293380681288
223750476753
200975471649
39539153761
173384276392
201076702379
291533137046
321301958598
338410421951
302410783498
101847783741
260150654860
224573961677
45125183822
335845445175
300507639360
300735896214
43992106053
208864386903
66436159088
59891614890
210676051637
338765879294
33887683319
211176384621
227355748439
68268672472
206999841251
72749343277
85881045332
201046176894
283018008924
160132619332
101305701367
38110310293
246422453667
90757755062
17458510730
42176631324
133110292051
37642161824
228861804853
196611344860
295200812525
108925447069
106681367191
328467929753
203139030922
269189305555
141232666461
289416801243
60318463649
115532465101
34907038951
106612500615
290055264619
332812382305
323371461300
337605762953
65473844604
304758291149
44873436695
12810190617
311045281167
1791966579
160232078675
302348138779
8745123967
212588692756
4551510297
26007357412
44812334916
23363368733
99362135206
340503630647
237908796737
1875127382
158537707521
321286658577
102698038813
288227789448
232218288315
82235001298
176293174309
222627988420
48161203961
120841729225
60520445768
89197142885
197849582578
221241356213
7357993176
288535186357
228365245042
35740577338
149362195665
185758061447
305677092803
50909827440
41221625930
289722358061
20430277961
313045194834
137417928927
253192974233
136768623341
159725496958
101769548745
21576602467
191887469640
194139225527
307861839723
26170512880
170642782229
16273133177
78813065236
184497338159
329184069680
91046992760
85605830903
16793429885
160626214139
273083877835
139852075561
24777628014
285244382726
218815502000
37211014928
39603334901
281301253729
204845089431
10220609220
200124049051
172392164249
12185232288
207429016712
47479291864
207641539266
317926060306
18129303701
342231864493
59323003249
332151624912
126542334194
149946947996
30747847589
182310080644
334154568434
327301883211
111617634553
311476747568
266984818156
14940849099
227022845320
273975450771
322417842754
186081369340
68903735144
98427099004
215090585057
15998771678
125282556732
280779042830
319565307232
339944031495
122570596139
261963134496
211954173076
162237874389
496307922
191006985858
56960936471
2470841039
261908370843
243545545667
295076807766
337090261092
313335511465
341851331626
295137533906
278974706321
208609052157
43104973929
266698755105
299468130967
215666628015
343637362535
338294153704
68218583485
301035859429
291026441239
137947888702
114775219691
148897261199
248416479837
162547442682
129146458441
187311494647
336673067748
47461944459
262116706923
343517688006
321795351835
12095980290
218780065545
337915061862
44456661299
170992260536
262414607536
344487004863
72221767753
1705111655
129473328175
3947605440
21606006507
331131134369
4041481712
17438615887
41928624956
156751778275
326985932570
315892562357
268787622294
78985358907
270796198852
43878422288
182469356367
247989167278
286236524576
224666623621
32956500504
33697175807
216910060971
55175821214
110810688824
170305234501
16709134741
80935599253
271694191134
17472006282
333731111133
203939730004
170945922191
248613602174
145931072397
61028157543
42413726932
68442405906
242172327376
69575015665
16051059118
109509728029
84004244347
333416130638
185451553540
229574267920
30304215945
14149964430
279996008071
182647471900
40118331150
319077572309
126584099665
301376000650
298036434348
271480990640
283641285444
58176884792
94268836435
342078215946
125290404676
345997432840
334855183960
15429696038
219426012879
254398074771
41120857195
260069932640
178254015857
272352633170
62323052126
85231037293
182063746350
35244384533
323261668790
206365537358
136534422314
347163089272
269160675894
162007255848
33496770121
183806249109
295834850499
275845466221
179230869287
270059861366
135623724815
42129263164
155700551365
281301259638
92604000533
32494111598
258637902293
321121892037
340591267740
307119984509
122787908594
243085581343
206255163865
15715985730
52079084888
46515079696
40261501583
179833411536
118368150622
162238136411
17681585485
304856819470
31435831223
10594690434
63909671109
283390227392
345542605081
45942836647
96192390712
1315618568
348222037686
211178421247
253247885097
59722909888
273081606536
297988997672
229541258707
34846895211
244748474550
58940520246
341685256641
289477650946
162264861627
181653040405
104196095943
248252592053
205612345175
218703555228
250971545285
12234330509
144375306617
83088058434
44628142075
335999560343
350050091374
99712734294
291991531177
180908160351
240093023303
222717090289
1580924864
63341527238
222245468938
3133656530
263070937058
350729973415
341390435376
261319742197
259307965
104048486939
81110898483
91057294488
332520681517
64852384792
337269895795
112079634356
170651273191
287333225361
77044516023
131271396968
85450172778
125471417288
124327417654
269290950567
131031667214
350812573782
188186259019
77237173163
55509683728
244548471376
129701949999
72947944593
197952878354
290146927764
288400009171
297704564855
215021828117
31510984385
349235861874
15773996902
183706792446
249377587521
15365794468
285981796224
139169265753
71090708333
348193729717
337591046139
275143613568
238570261044
85153083207
2940971500
224775475828
13077076370
269794625891
342315879737
204050665653
337052356349
191494622623
139104322027
301316985442
341469435122
172128947985
233533464733
348455477026
10175662460
299834585350
106844817162
351323820457
285379120670
42621471404
192427450604
47812644399
32476838270
323492549347
316380360748
346375451852
46115817220
268936833293
294244056053
331921094234
183946445738
347314065046
32475469679
55742967166
320818199323
5708546412
20922035586
44676203023
338706376590
219470865736
353116958247
264931247261
41388250325
312198369618
14236608225
233220489626
21213930595
34614322476
241667593096
205741088524
333404924462
276881294130
331427357595
334178693130
54841210569
71363845639
207014590863
27780889766
346072213181
148884711330
41409454095
321101879311
271596230227
289397518840
128823399361
20729682366
309099412620
237774658771
311721651867
1872388692
143272797436
44940685620
161498238582
316787273718
350154138460
18345657334
178331763395
97264757103
191973608851
342695009686
137087841629
315827072167
126112823398
352325707463
349899761957
186270332229
117735002146
341907647236
30509147912
26084988611
75886084725
271538764519
28806612612
341725949590
222552797568
297890783767
247398875204
130395225242
344801451703
18529751408
267665382134
349904711408
353470677246
31654674089
344774787353
16402529087
50423800022
20330876100
2322635327
309364501637
140650919704
6385610966
125426386485
187781398957
323158440294
349350048033
60603833095
6538909323
100485362598
275050160718
236716296442
242047420159
353916291228
328912335469
141901154231
35185939969
198594915481
347241817946
65414057475
19821747384
340322502814
329252094162
23687112610
316572171688
271949202691
72926134619
155541471501
183322918069
356586170756
342253213393
139924208512
245970204306
20563930944
84588545792
313810661556
15682634798
63453135080
260550558479
29684374121
357676054321
182250858269
92911964457
145229041220
98932221063
177934027606
186123738952
349567520189
214184448848
86919494280
330179250665
111554397711
29469008138
94572430728
40094184278
319248789089
24725957230
41882655247
294569792590
323335255656
318289151761
253481964043
284793700386
22596051874
283294029678
229731218358
308786980924
239390045747
242409671453
337550832116
59347599455
61084376927
39739021332
293608993677
337493119095
210950942283
46857148533
303601527566
139615963468
20324477182
304575391672
63872257800
24682328826
8404960434
167176818020
48226548654
341990024358
76839389162
249608638733
340890670360
259905713198
352976696515
6602201087
171387906693
51783174832
98994644001
52389672949
307996949387
28431162705
352207245901
254671578310
113542130181
24015126862
325208638500
124131733421
214587637257
116512473954
315001590713
294757926551
28167411722
311722379121
244129507346
267041444109
211656850417
182375746073
334429417815
207325978486
71153526598
339906796845
130852160600
317438592896
283861169762
6291752037
46040369820
150801078563
292776519326
144967850839
299507803638
8673459955
322577281393
21173415298
226771833690
115020879226
331821242307
315163899857
173167744588
137206371429
319294586625
230120722055
120861333125
164424532207
23711951425
183833196788
43306872154
284816857596
66533368164
22938431629
146171693805
350476750965
6658790284
12208476279
1021983450
350354661237
170468588295
349827711811
177870670905
215881138282
47460187437
202719222633
347536512259
321479178831
328896794514
353968489712
245247558208
5499961067
25931555781
113398497043
103788170507
354669415657
71289333115
43293819087
49541202539
164015583789
253380477511
311871439679
31348301599
234851862413
344784999111
97188542355
217716248967
26832905981
269842332725
135122941460
158481805685
38803098064
311915012425
198951332930
126128419802
42247735781
201579651918
340329801937
286555908178
292576318942
35302847294
362100721633
41028521067
58289232954
283624753092
160052643893
283382858337
329109495577
252310563080
307828716403
18979924056
99082754908
109341132773
339300327440
58777123904
345147562872
264340944353
107808342558
281110106557
234276792414
298619404242
268509089648
331241242015
321381027291
226997712172
316429485233
148959801065
3979430133
248333880227
132751525004
14900824704
363972311968
348664135838
178417837087
255277355830
296666420973
39104619776
361441994912
11921143214
182459621469
268763448636
301887081889
152144064945
336612211419
353089117868
50496125613
25716179671
136442188884
356017906756
363695695289
276376059212
11409591221
222453925380
330542418579
354209034731
108300324640
6774251995
291073594900
182731490392
353365867655
303540269515
109324488188
130311218665
251321656947
120591710645
359459257393
37989236828
56712893075
341435671800
29513679676
3207693511
317209044151
21760436395
30748922956
248183262371
69732115748
81787315825
17424149650
254199233291
376490583
160549792304
349187485714
213662769113
138885407497
276443535184
155164360036
348367194861
364349282656
304670939088
299735226135
349715269530
331668483181
2560454075
8097792220
18075468865
349270884651
150980535232
8920888668
156139264755
15704120483
134318756446
205624897378
142640643496
366071258678
330536985515
59051337893
365079210899
54341619566
362773199276
185845587380
93873796961
5857190465
9402187900
329816456639
170967288946
145932633538
173119294303
359842011095
31885467931
8794326672
266621391545
133839391642
11661947724
352752497604
339516068282
122139255157
333224503283
5651092001
212099315672
52298337581
359902827379
66153572988
181888624181
20434083555
176966143529
43582464491
345818247991
92671260465
54620585486
41096617893
115021410587
357350796741
28029032280
54157224312
70969769631
114006462635
61443158676
312831908240
301593267381
75633010804
32412158685
365709059070
368566921064
369367079320
42205107158
357831839469
15406901055
214017813856
339945595637
345046722201
349132907290
60970951641
217374160230
56894106071
45127558057
206850851824
328813756919
7224166917
85753653045
81416006881
55339804266
92369291844
197832721833
123590552318
69217836768
32770849659
16676978699
156253713914
304428648253
1577072649
342088542334
25987940618
174817482049
273732391199
35559048479
11552116640
91551215790
15346620558
313051683425
13091179162
371108621861
335349613155
42979276300
308850195795
17834622520
142356564666
50596525880
73285612866
23464397797
248032003314
263360573345
43075714493
366437927535
316051857565
26758912934
274091108942
25487903969
271324940615
358817747548
146638682609
348519391953
6626956283
360612233392
367007169638
367744966341
285063392449
276161965936
128044737991
367524048153
179680269229
128576049871
308488541350
305129995738
8614248120
360442786080
64781727977
356111007684
69061438344
354137016208
263664558754
168064382137
38769334348
281033664648
90151053510
337259277607
353734620163
340372205261
355591401743
59299710490
94513117766
286822615276
170299494177
165269240664
329831584790
264054372038
197758897993
190002622650
252906103350
52432869571
27967524381
338602659941
276090754245
98160252991
42715361607
16858529652
346730453929
21558001536
74656581322
345833998539
3593723151
227175484656
53401070854
30426243613
368028574137
57744376950
370791366262
209451431441
136232044259
92468405316
3180234034
79497964997
65754867192
253318075720
261720288057
5063139030
110436520461
11686996144
50465164186
357549015033
208423042528
360497663059
236414858029
309203787760
9024736622
367988271953
141937504500
14342140016
219013082511
110249099768
11941044824
23578744045
10362051757
13891492277
292834652836
267697078479
102220609309
252542666638
41139532397
8546468919
366227397298
245829720796
151891545719
376363780306
82379932404
329160328926
302820207705
356153557624
24769247556
334772128054
123994204402
312380462518
358726786615
147442311444
317538452888
309472545377
100623083609
326940666148
37750805370
191759769461
344678831189
26064768351
110371294514
117131440641
202623897423
372596078926
16967398853
320311993482
356413534417
140260360349
223322507809
12161854219
29939312971
174073630141
64736234680
68438265187
277061645372
265573244747
330563234932
156613567281
159850675355
94102688140
27308440419
160801905465
220163097732
319856747744
342915334896
332018582395
188035662243
71192988858
94220563890
352719232218
117683843276
192167500676
204298950657
194245029884
66787811576
63158063785
13926066037
28748334256
144752118375
359604138017
12125295757
110597894864
311028675832
58248854460
329981240988
80052841964
216264715400
90652374006
21125298021
378030096254
336697567084
24045848916
31393713033
340667169481
2407758035
368692457889
295468025082
203313652756
339788536266
185804603237
75235348267
261588001687
291799066958
358352919377
270592902835
271976396557
86335319220
38794177192
378016533240
332812717923
12584848871
202580750804
65231205386
64354633694
17354986023
250709700675
360778797402
122051904459
200960081335
35877133574
249718086351
371190299105
368655889706
114649204772
330282588673
113244955195
203124528347
300718945226
350824925113
48644421923
170843393135
16372412711
214436282717
29805550156
39426733995
29429560623
104899666113
7326562791
45524434971
246697858283
330941630448
114261264987
5352890532
188224584655
42613289887
320359818002
101621771252
109638612405
364286068935
37406250997
278433024321
67416234259
17943253079
371498803531
373477253935
35133829600
365374687843
251266438796
162323868196
67302504988
17029674247
338608054973
372164623048
11765012571
15635637168
73748894638
32261726441
268868414948
27908964940
88356092220
50361383669
86645676297
360059008413
335758392474
381215277858
240659268285
58185629304
325572123404
289104635920
2204861915
273816767117
369323069856
170969277920
139987183066
366122826581
12463505003
37064755787
299158070254
350486853367
37193670588
6627647810
344715310266
136281586571
248336465160
27537575043
17364042499
143699433765
5631605830
235783596683
368181521833
344930613454
156062602645
229974609437
337339016516
226497459749
110110283586
83614929739
293261700657
18877277728
121391299
379091391191
8546712740
299442372232
92019778312
139361776754
178968442864
149987526869
95628066496
2677878319
109669952699
182878741591
174806632235
243801290855
292415577691
214265605085
265058312280
55415215996
134944851331
352259449053
349873367585
160878869827
366853056462
148724759156
347897061827
162367597638
158464182025
185947306129
250127402281
120948383668
55316770626
8719135924
197261113324
292097244669
273575504278
275927080682
99404429216
270777057742
256941749341
143275922066
251899821098
100746481206
155041367375
374343861872
173149955966
194878364
78736565766
342356526484
3096372286
187153584568
374452566118
349141382095
55414585559
335525787687
336904873990
22785203729
64468099637
109885900185
72574365837
380002941877
139818174356
233848041283
385157855985
362548075310
35517533579
357796269813
384534818139
332839576147
374372014944
341646847038
384651097912
373031245083
375823448865
383785459589
256349065607
198191571415
208429645281
64838950461
14278842471
376807207520
64439106531
63214111096
378746455153
202289777289
315240275152
181657272625
47441232140
33968764932
333119069005
71791003866
2844790785
34249984157
37765505823
205854742776
375787908576
75173776539
2095392293
145434520306
291989845482
79600721578
181933216598
315319349581
217494647494
295811727148
67670330077
249513430664
14189432888
184993797373
139503643469
42775867627
363038689402
185201874084
373295536329
289535942362
63230327967
265628315855
48358694844
340357822206
183600355810
27107908260
194150069925
358997595774
264276456080
26556754144
190018945001
21285286819
684266436
63561608271
142025271668
121441282183
22501450684
280545184384
384271920276
219195705604
380083092516
26424489755
26367541803
289887556671
99371487205
33972674191
206656776012
110186135107
1655207139
373957434460
387804308432
268591108073
128156880216
237039715690
289218131466
271546601934
22133901149
364273270182
364667482399
191204459542
318058996739
315402079812
234463168162
205212166553
357586313849
198653042365
323751202467
112469031378
8742922221
192236589697
63031189778
327742210007
129023643681
300095197900
369240098782
182496116263
129437578916
128241285896
257065581385
168781323405
301763404327
375023929912
33562308348
200245683609
39129601261
124676252557
297103158223
370578709445
209134648905
111191477652
149204003898
172484256378
16886423674
351823699773
192767997151
140396334468
383341348732
198714890562
362831431321
302386360486
3301865848
41248780460
202067863503
147610309174
20360889148
303122888510
52239914049
1284822173
356872783094
250084786200
10563472216
386726453403
70998671728
160710134453
39030385414
16681836766
318814906881
295116395259
231017892415
327093371908
157388297640
156743038146
9349588139
156432573732
134116368468
388649168097
246714465310
349844257879
43267697584
352860763718
312081941448
344634927302
336865729487
361412098105
108537190872
114052994438
374106518552
273347222862
55521714405
150721584939
24427210236
189844747691
297227484012
1239737224
70049896586
66302303417
63496532471
41310645115
179189214589
354163001085
306575630422
178022810827
358923884338
60029041189
210005915123
380604434987
60453178185
85907495327
289140996648
267457041889
382306024450
45816319085
57270495952
24203612527
374882666876
302913020756
26167182518
13394336173
384405589931
18670582212
95191411069
57399042433
11625605561
375265543381
371368155845
343618985614
346243473048
21919889849
307127346344
379017897747
143897889035
15239928459
274124424281
37481469161
173402836860
42795248410
111230307458
3975541302
136017220417
6538872004
294248018183
115311646438
219016986559
297804820538
374161674310
332211642123
55333592157
38559045484
56438893142
200496411089
276378017566
198328695456
361058801476
1362686681
72611953237
28865514020
94648551696
381116940880
53366659391
17454070387
21000300433
96044280753
197221005443
250442832700
7711725838
303322548150
385289609019
364134182036
311819390248
309688774568
283619530689
380892370717
6669031713
352200327856
10667287172
43663966131
264385983757
33926047383
177631531850
82949295122
189270198598
57318007785
331271189699
10395405102
357410084049
159924427579
1585652787
199501581213
272061743342
93455301507
317339683362
244413291260
385024585229
380935889821
156607847198
86604051923
340321207418
22045383062
150523420379
393922180824
377525727157
91621423079
150236750240
14232931020
219405418827
1316485312
229640770245
147351536793
58551010759
83143871183
27597592159
13890886215
384553938344
343309631645
290798962145
72375874745
10973077701
163911551452
38881819278
59610548485
134799943158
394855177088
188036337623
201782179246
74896800267
152024800761
394782208510
286726359055
325031731442
265653591582
35518005896
118189956340
125124281157
314242135299
23539731352
312467750422
393753265754
126735380555
25531782693
388423055035
228478874202
269566767123
257465703029
29282050040
387764288615
234688117104
141770872572
151886997520
175277592531
32778684542
189009300199
151311510048
342095053618
84554261107
192576654477
8692878299
158402139830
15559499475
93946091199
24734316909
257358616109
230980902955
39264779271
74300412388
389259281059
124263816067
130564200103
335119325408
97565057221
382409474568
287822671275
187871839015
391073604895
282325286220
101964842051
64966510173
397781840468
291520467327
13045864188
151517946059
130140052453
45871949424
337426041247
365350690715
139490899079
390343154115
38305713843
379698277796
29315681591
18739773312
294566591424
123251449112
15926674660
14945986288
93629276964
352929707751
59922168076
25008549735
59433115981
211322822532
330082334537
149340608313
34018215634
33743851465
30211417910
380433778056
307851581004
69286775696
82720161490
377258483773
397730842142
379761180123
226463233866
208960217111
381658065697
83755213630
101515541289
9346431287
360572732985
80753905671
56968327192
124648268544
99929239195
22795826879
33369485721
352456205582
128026048795
62619885060
13335230872
299754323014
12862884394
205029785677
391766780345
346482682638
266943040888
392460373879
3870765179
394376854259
36329346440
344123847605
388587558353
165936173834
379311605310
26062455396
131545834280
357897054445
13748419954
92670537050
278462690469
334354151561
354860386449
263142148315
118886701053
13788220027
304613286368
284170523672
7084170704
271849135984
172503590093
233989713915
176547102837
276968438457
9929772011
200821940318
402025312601
69420430201
6136011619
160165791508
55578907269
395518360746
8402360690
361086356629
149980691628
152210688538
1988153924
295070840805
58806645940
337096312783
348853551591
34523383047
312322833418
340604460288
25755894105
2639361245
71602405053
139745090841
151867747981
230014714685
135343341069
20736456005
160129969187
301435033621
352378381623
235152525715
368162078614
30486715630
394510877371
272209674899
271845805450
59997868168
7866304317
172626478727
278576406350
196065454689
5644368258
279046615646
404019974909
70550884416
10086075594
349440202759
226417034653
4317011691
283721754299
173578238536
108313077984
404269962847
375612305199
225237060106
329977520101
142192787021
400687393798
204840913413
108841121241
280942373569
181076138665
250068394927
230464195055
337742474617
261998351692
308028126794
74535148096
75613067635
321409052339
264407129006
152630158591
230121386707
399670091878
148680769997
204683558816
202869601022
60851286028
235818000470
264991608426
400519805463
26451086199
279158170379
387347682555
17717430008
400386096890
367403497930
312485984699
23553129535
241726019463
79119557698
74148240563
355171988568
383523458696
283548489881
114426207586
46789280505
91934000966
374618019099
149149060224
280237308932
271172864063
22571684837
135393089264
88981772299
305312469626
396986139306
128953408810
115195000508
387840035778
17368971655
159799672648
17207730395
343741959579
372247527714
170896504860
357354095899
290923579144
395305963160
128296645165
392640020477
185672210517
317231962654
196747367815
147854696479
74470290647
198097052082
171807572595
347238081298
296944599721
404782657151
88678418423
151907207950
33373847320
200018966466
230432350709
23603034202
19623947534
22005698828
10478670786
183074943124
68684098894
389539650246
58412003498
169155700261
264062997458
11456034975
35701766327
26794742706
74011756433
393300056502
396602593506
209536160525
72132235382
45957598156
357212329431
370322429850
287027868782
67032784136
18708121333
227004648606
408187757801
345912734370
270381710321
20579585366
125783936551
355563462962
36440404463
324312753097
409381325460
6726666274
398030548568
301257548575
305678926554
171338387334
198605184364
372129166453
73297368526
146737545326
219276097993
264988389274
258256943766
181575272625
92042460106
364958115945
386702092995
408256405329
11869088097
84109720759
7359644889
289249053294
402258014903
382957910105
41744500926
108998792545
368507493673
28273162148
14504150367
357039627067
373982320867
311902007065
369131024237
18954167429
309786722417
173874390967
31966568898
383252968815
23335456870
3973785786
50130450520
278403051260
45787421808
28078289259
411542881554
394550197827
134481547974
375144182360
87126815276
389950296962
410795877649
301940259009
13111521202
299709575185
29047481238
85524346529
118670988895
381443421797
412197309087
213753784475
1694613503
328530693028
310161545824
202439720236
234779194771
308670266744
92139963808
322574417010
14374451371
350331037433
293591381761
58359777550
74192169918
232651497689
311090425999
2076236815
336843654580
399978758845
64137217161
359240771047
252236860116
272086763092
236857915904
73482799805
58802079197
409851116191
77274032039
347528238036
30688244047
331905526189
6980157482
172075262065
332935180839
4835801583
29425523894
90960345741
74513194656
48745315981
21201554017
410002304224
238965355434
11709756574
232609095692
21612280273
5549633204
4816674228
94110475273
395941418358
365124477506
110586428735
398638600059
127283462519
305802837037
396435910488
23623629848
338798937433
11873677819
380733743532
214228658070
178709207181
138363258768
406140341052
221151040607
388309459427
401796354677
6438152101
174284238925
407015541633
24670938265
42874403807
397761701235
55205447504
366012524327
167282313976
398431075359
2037427410
166202017663
172782447655
371005334219
370249335587
80903157392
23993934746
263402112215
63471451733
35169421617
251682921908
3088461486
150737995210
402912799511
351697626638
137731412519
331620156981
403713571390
230054702285
184941050104
101861980824
28906677574
118219222328
114984171022
356669881178
19457260991
75615898887
97597948940
19440193588
91318233525
51185716128
154216431865
22933021496
96319591703
33226492486
411305884654
6110661893
90836514807
218429527895
23230346209
281671778375
136344128570
355529400134
315706568615
212614856633
373995917234
292539490579
403609823608
30316683203
5521183332
235636200192
183107229471
330755144594
353233541978
328635325574
101503784830
384588659652
73094025899
145540973355
64074769458
392304172144
59650108821
387083619486
70705037772
265138588385
347394786887
40641356814
87787700913
411210328895
382921605499
31166983243
299390284690
154781794821
413393212505
291293690002
386568591777
75765421962
414665608520
95847267623
396550539229
6375114348
406187822774
133848827216
39715802169
411951719247
2475551949
110467930956
20244501209
167662915021
278127512089
54757450071
374733410605
69710285903
12751700468
23379451823
3988388363
182006516313
266434956192
48052444539
252242224656
386160674462
326296643637
73526947015
24280146473
125036364166
324151374454
87166264893
414789999367
262034982434
337172768007
14891719251
114916286516
224821854710
203474174637
278353214573
401503383458
72613171183
107596074888
294828583354
42638983595
362751998733
136169510364
412493206022
15743115980
73417952172
379828186484
3117562345
410599481919
409576089801
187532445783
387762059548
328937082219
91362953522
97028212297
96724227939
223238297223
167668977228
227525697084
417316826888
70177261484
394298697554
29514855225
326979982996
387918944734
147922879470
33764430415
387682407393
345043500509
15128143004
92661353409
83078345705
27361749390
23421082903
37788666516
7675305493
4476017724
118502833562
286608020026
251452159160
113742167597
10141968245
264258451274
379010457699
384555467034
488694446
398096361069
22384056024
221230625367
31043180821
292291742780
105788901572
339850683943
138730862941
234914502710
406988072281
29216627155
23577125829
405399211318
146635520275
32248500607
72345271990
246310110260
58790197252
37938889963
149088060857
375145270436
341365872234
206549992825
242356430545
405124802848
118680706725
83044652205
1045859414
19795899800
416332777908
408402933818
337728706275
389777561484
416941684748
125533171252
188450655599
298032914707
419951385081
411877619456
384286529311
283421503542
6669278456
293249189937
166649753254
18200476655
242724796790
33285286013
10600526330
26801352612
392403749683
116768676516
56808884011
362060677795
133702325713
217833182256
77076089378
350804553069
269004536719
173088919417
369827220821
161252066448
191426814865
418316380629
311931469107
279998451392
175347665764
166305224721
148121732683
6628751083
208771016903
4224626898
21561716175
420545604210
69489082834
411685289990
9334762829
311539738969
104426088268
269092402913
377291867162
306424852950
133821977173
80476675086
123166965741
334679263999
217117644806
41093467936
154804157905
386999167222
165376916028
286589888223
317135092127
180742029118
17062904637
183619683264
15113549591
414445088630
290598598415
6755570428
396369170131
363814801146
155464779977
352453158664
378207983804
158309374328
227267439914
134406901830
9123941091
173179824429
120321783422
12027122821
150212433683
36582652826
4489041719
173307108177
381177705390
36465192534
347564196449
41808337449
424086364266
380635435475
107998356805
307882328482
152051113473
29523928792
419845709801
94793383989
82059740758
54280671254
426919203461
233352940495
417892552995
38262014185
1448789733
99482115911
115579963273
414091971750
415250755495
27067587752
132839378544
48298191251
412089678537
409662824886
121649098033
169274874520
49282342462
155987069895
213682432089
394702976035
31887516610
30577789422
244676206223
254550814387
395349347617
159870205250
195149663999
417188475462
376122482937
21415266287
424820720436
137298973375
385606811426
232093257493
196021479943
293809996519
414127916879
1623593634
54260958203
363793170207
100581102191
29338028669
374805039191
393337849221
227450763519
378116692654
40587899816
89575920033
66627079024
70637752574
70992503863
294119398779
72140670075
349602157876
425865096620
193843317352
145324876886
44910394192
265150062704
26009794724
411802872582
42019880902
33693118342
418830739757
72681622061
135278671857
269078219055
193602593528
26392696317
311763815208
375063017627
321260471635
403441652535
154905684515
372881371084
42392438536
314583094875
188996859166
350847128508
330490936454
95355924325
170440214660
13577321986
228176054352
386251535396
409116836331
205418105335
13453722455
336974645553
74328280095
419419071341
378713326400
188203943041
59849091085
33339146173
103491402607
272426984571
423465225087
204292259614
281243701638
345890676991
361155367959
39587059700
161492228466
294072263454
5114427277
72966482372
128218626995
179998836089
16936115839
41005389574
124883805898
60444168009
395890781092
232583202359
215047804777
42380438713
204212939969
211467134103
428973204765
52484227148
259419901311
430515230353
388878636587
283929577993
244688361489
430980484982
261021358498
70053314455
347447638986
395372315791
340426407117
261324741005
2446477559
189766692234
19105648286
288057907961
82377909345
353384614558
37203495112
368456998531
59609998190
24689719347
423715869528
47710256333
72360197787
375453895201
424778683044
33361431518
266105850958
26693067316
64514394558
378976073050
410253009182
57547918225
21331873989
426845381691
246563096826
424735799118
22411911924
78456844928
127787463631
333103846470
246784087488
73771857361
69867713004
106013531770
130104802393
325881028072
105609744763
9844588207
42337376740
426908659129
9291674182
402522976576
373331882632
3462076696
259421066769
334392921310
18528548884
429228316789
67092897526
393481320803
378946205162
3473681031
376990452981
130970928004
282454822730
27337581209
43234795993
101730324298
429994000358
110615784726
402646003901
12335727972
3681149869
7265518072
384288704522
154350113136
376631469007
7042634850
215075026823
316323311962
251319589624
324579154742
121366341642
80471844568
40734320818
26648904799
391210881486
408725145846
52091355918
46882331283
413869002510
4341836165
400406075848
391273825376
98879656630
364343075386
5640802686
319785263552
235816008561
389352374631
303942628831
251317236663
433620931839
272788707567
18908350129
115042255440
241831471262
51174388580
81098882897
45584378765
181704890763
27244338714
364968122159
251937270254
171425191505
236744388236
435247636484
421907377689
212463409259
202766876615
417277428650
391946203717
12514067606
168108691706
243255019707
39839551318
396946376086
60770870421
376142520917
38541143196
140707177405
429233059130
412125568751
137220514539
181323121266
405666298146
428474655945
340958209238
408232694439
394953957305
335543136808
20065953336
96171384582
431609807554
434350485858
426662338763
156202717127
280919255119
54970072759
303653399450
214365141607
277288524365
1449891350
290288593817
159263360701
41622442738
23145391201
127388646422
67046336090
373511594125
44352617795
396284514782
172595086377
162258056750
234765692221
18534979384
362076143399
334981656920
308382016041
32755329399
2508961233
232401551829
44727825544
313343722988
240371976041
16441232915
434815344062
360408956403
127804835409
38641419299
420470478468
122569013958
389154856157
7107455553
369926241315
359396139556
357084463864
324331050830
70858619179
348422962005
433642945610
148518480528
62480002956
352439416260
256510780783
73692658546
55125582197
350988777991
16087860762
234677627941
85326462261
395234523424
421923124812
32077131930
17841710469
47276178364
329686644056
61028872564
413897795395
273231609198
328925455914
24477041783
52717736240
431239230081
85844575024
259792230128
243062668220
13768512169
46437724642
364561877233
347995907792
180542299119
101672580711
102418329670
385593315922
152070778092
153014041825
45113245127
33801088950
291487171795
165037734447
426608740363
405273959350
194296147037
102586087419
193398562176
70878194698
320755165648
309598400559
307538031749
326221418101
291642306858
247865842780
100869544189
406953828786
349661630702
247475859188
41509779483
6225176985
274942480194
113231725681
82440613997
190566193093
109197833290
260069278624
207621286631
16691132373
7798855974
182439604483
50340826209
16672637536
364202959087
338084605579
4241606304
195065782110
344560880244
246053239355
33825381084
430109648019
96025137709
55057536772
395798248111
1628367832
292243582374
24823549792
339935232447
424422417891
321033342208
149796913126
94867342208
220775541387
35499615524
78218266148
204442234083
407307601560
222112360861
442287719804
296650345341
357134613523
354097198636
97276928409
50681715862
98202781049
124020385176
220360138382
187850025416
252090415709
51342930978
416594375981
302038931857
354732606493
292187051507
106188105709
424595845988
9665501846
36936438951
130563697064
407229037763
110991668774
18335564643
436452304181
37060731884
384321158471
257574711324
381125652448
37755078986
382598806398
187928147555
317365882830
74431603447
226709217861
28117890409
26823493682
357382630360
404895746282
399539872542
433572096438
45252991883
244516560423
435364770050
106440946037
370632385696
29628896708
26730194777
180854258051
370793616947
329629658885
443257148531
54222309176
390587833824
440375072687
367009663919
98567961496
302907735891
438678738241
294995359496
30281756302
50739659452
208424575029
3460895567
105141964505
186247710773
27881229281
161839024482
360277972525
130316825741
165754324942
6965869593
297026827593
187134521759
197755709366
243016673963
339990584598
92635851429
110979387269
435425919785
6580991572
426565251629
266837941158
400702709569
383448565170
3076697261
325723768507
444989249588
86600089789
441478318424
391778832333
234440621671
118781583498
25333706442
379945460414
201296823103
189381415472
32200712538
73705853643
301141696629
231905912495
42028015949
142033297687
129300461018
113320886389
77501774562
69089822745
123319100557
37663484722
300542388933
23383876991
423151362157
144963328203
249965695183
170953138055
410971608708
427063594943
89694072932
36138655604
11376562834
390713697490
291456507128
103574529404
54369601561
304368387314
23817996408
314930134932
432602884071
217911672552
63026690644
305311504103
71095945566
83164923541
436756397416
384235808065
229316187921
432046048346
441594130668
2420731921
49800844877
383803992747
196810305488
2217060234
3438233387
147489790423
29157935667
269064753694
295745468788
293491139600
334979356394
438538730614
296056960062
428213301051
188545515137
9758484668
438214363663
88297712788
436424548230
180052218810
237992159279
178439123690
27839164773
161111268043
24376493279
29527799049
1505103399
97926442426
335024822000
423909235713
345471400061
384193791192
249025256197
443477259197
103594337927
347738050526
154842354478
200496293450
421836286518
408374077050
337189773208
73526954046
25265147940
63653607817
223540621179
34166357077
80849506207
435156481886
219609486965
143447817815
56530224294
189941539440
18897952875
5797875311
40182115804
182436084729
258699310262
189433494357
70553139976
166110021210
271913081025
264945027827
433610723420
21186882553
82240447113
260386281270
220403215300
418247703909
90321838068
18517541252
25362499928
15475806189
434069686765
48253136883
223124756671
361651817286
411757333769
416379689111
447333518219
12760650811
365378453393
295144202626
287295567584
441232691170
4398244511
401625924126
319279697917
70801603934
86367027531
445024298363
10753546753
177298658500
433855343523
7031268176
24844821513
323966496441
204866554839
61395430068
238365692932
297948221302
308230348821
324929997030
94727815703
363969989427
393043652297
29948904701
351065044393
222533307014
443960921973
16525108163
42897860949
310064623424
56345052507
2016913089
63251279182
239881995744
323637557320
452941822384
449017837121
373285700522
202357280272
388915971688
73250692354
74260487910
218440633184
190054004147
331966351779
156455376468
11060729550
43756948611
67492083941
32480827982
438290601567
66150248681
208450011888
333955349245
313514651420
228077486948
446863435354
79853301095
379340552128
415678505795
39874641941
199632997551
130278479041
99801002093
31686391437
67887778492
13346383340
76468232212
73052905642
42581144789
148821074679
211267945300
434648655679
203948575667
61626556084
264458050010
442654304351
56239813156
148920448364
362047601006
161990008601
336426323174
339814664975
381321243032
9394367784
409153018768
387328941349
309778967184
229827277825
228064373841
455271005748
271225811236
41022693323
7275644985
361249727040
383969875289
362974099221
244405362612
295087492234
426647653169
228694494459
386819658309
456161620655
448537489410
191364686075
414546102245
44080390802
251609266675
12347074544
442127792283
200092592769
39889282069
9609830297
388590762011
366989016487
9782488772
408515277453
272254496470
41418406852
144054308257
239462108921
28974265602
443601534029
18585482390
454338452795
389277732064
3744318009
4579904495
95428698443
167556120986
354607285134
155284044096
68943105322
123721451848
137576124219
199810217643
110333200782
104804943089
60002254010
139232666997
287652556792
400745618730
430548648879
451482698619
103990235509
265321797824
377744755893
271728304211
383015973087
27650325819
204885140000
301578334819
58388659223
20639032383
60210100238
419958212684
229011808797
50211218305
444363384991
423895928255
446919266250
94317215523
81674448470
334686830086
416164726933
247316243236
79956453156
15278482662
101694844562
360225741770
6966278479
261957850045
295073406959
103580215463
64344071267
388038952727
35240927172
265822840642
357173277032
278768078069
15824157148
261956802075
37885387735
233016060028
415569290812
454153276176
96770738992
14483001137
285075144755
404374709913
149011532047
331436101334
92328493258
57410071870
21488394046
457821561641
240431520491
178722735928
433774958948
449695271595
10840650224
29652404300
447312448626
286039528858
32380629331
227334232406
455356796870
31321504340
297874396668
153348758288
119015118098
30486302169
279343725775
452374672334
406524002069
206630343556
204972335776
175047908439
42861717931
86893023447
88526542481
423047087669
69113648627
68550955966
433569121262
287253944114
449841055292
34749490709
100493889473
89895074225
401439546741
276444303353
245094626750
113226490039
245928553686
439024994377
293156086970
255842377415
198883098042
26122763908
37221505589
78693796905
131429359131
355476212369
8214713327
220410425424
387626789907
288676464946
205594458288
368583798195
50303260788
350983584461
125034940022
38658843662
217938994748
425988062185
38491441930
80948358186
160345530180
450746526275
29203757101
113598483910
454032891706
419855276052
462041758297
199309479238
460596116157
32708952530
301224227131
229241663377
126112980314
45709799247
331166257275
99038528341
4604434510
147883521596
113421990548
117775746720
179520590041
8637415533
392744109135
16930094714
454456446425
115027108998
70796840975
236318099146
27328200487
444377579512
461826210499
33754273190
266873025501
344804059635
264565414935
26357800675
50211659221
13769220639
387985366926
374941377615
442635265908
97178604489
16296735440
165517435372
450338206541
305467736714
273313591465
457340557773
288455898823
464152345633
119645584653
403052296577
42848693986
74245809370
260089141194
331274637777
353479283848
308763798695
18950414766
24454060625
53962752208
127473113458
301091655976
48342696112
219569995201
237046363842
145447805939
109976941399
378030741927
383325329141
132596895177
86165241641
16633168836
25225177673
452037544260
420164456166
82423937240
22523158025
59020121907
465265266187
2503687781
460182903861
198553387213
115559180778
420116713578
45123046776
31529662737
158133737325
261288239861
26906173324
169966890908
276953959988
235677878571
411232455675
20448192404
57443745121
1947082834
11559680935
185210087074
328023666070
170107642634
18827468367
416351534945
48776616508
144411503548
175062947822
210640891660
420679681496
136101159070
456606733683
50948195481
117576068016
225032609562
455768358532
310202405798
254627689411
356962442120
94612793554
452142104528
404661133296
51197512062
200446291150
138472858641
3173313452
45387655272
616789837
32245190191
290800048855
426056102684
266081275310
18222012381
35421313402
211380756462
96776885069
75440503171
284088062709
3439196565
463581628508
375972181914
153199472635
461398100751
357929724719
41514829434
241856419088
44229973539
182188811683
267861636841
65514453823
70817607652
200283245224
48830427801
99923861605
24496897680
458712511176
145795098672
49616928111
51457420491
366983213215
76165973585
164322270812
83687272929
318058844686
221454385122
14557121059
320553234676
284631290041
267608233407
151251750885
344549144842
373519978946
38414748872
416943483033
139870622417
396282697412
121996663304
248657359470
57904212655
273406392029
39744960953
30300934466
203619942894
335866070222
302565306527
4007165637
218836154683
67007940129
236181628222
294243235875
153936282040
247655933932
204280696209
428997886854
334891950924
335043167778
452620558805
429905470367
36366084149
390940542723
123552293098
72605489195
459160571169
59843962135
23470586547
3385102419
434138153206
251688037360
254723490782
135437832738
30248447940
181407329776
304396737516
395491947480
67300842070
203581211232
390155208630
82614748765
420839588268
182153866356
328722067061
187453646085
452304801697
21908067619
5076157674
388987952237
53679478007
170844399769
270863030622
428977580918
17749065773
400724022390
212073871834
199479767175
283204408972
67178816088
160127746883
21989212189
376483220834
27947232527
461480254791
162167794517
207614821936
369496028712
116083936421
121940317753
439286559008
303311330093
205026884117
45358917508
443684916659
270144812741
135694768414
287001193984
67540400470
197595963900
89631803181
154565856721
341220674042
109250695043
288988136349
474234450310
340492872961
6824301217
411712698899
373410623508
197018956623
395970856006
391094564926
107861087755
246956353829
60727519926
66501922389
73900693257
15945922027
458395691869
13710997553
40725841142
448642179285
72819342620
93801838358
202483421572
395114496468
31968630073
91471344715
141119062754
111853809068
6772091682
64158629353
168300699991
407095959201
317307762366
168202620624
475057664825
68750313842
466817001385
160174907472
335280904742
415695816288
46705122934
435009017407
421904230212
371730256591
129537138509
21732262877
435762608731
304941444857
457136172397
380569215165
71231492548
23263042741
387856085002
44363882764
163870017734
449063584379
294200881722
74398511530
227880387749
99145847237
431988318399
205218172915
9322634059
131896179970
304572471263
44176178191
271900380183
219231047511
437623511651
120949003675
257085546335
65342965540
473930403185
39282758420
228303697099
98328805870
214873550133
451264959025
21142683399
461688664006
119733054031
351055546480
154664170808
295813147339
466540486026
252189759067
272769344817
84640758223
398690615921
81228251755
439515074044
241401855035
281244749477
354374376448
396460009637
376148383346
68081226343
23742837612
476115823822
430850906105
86360907420
435944076445
376238839459
309110559929
387809555133
65839026236
60186540859
383685232070
432668615139
472078595488
430466940171
133482584073
421857115136
438359276175
255308503226
391618996018
232586762708
55408115403
53579393514
289433662467
177686096388
45443407892
186648842130
71454352646
17957632117
326412959880
425173208396
478117477899
433270394804
25568849962
26924736096
212662082597
477288783112
40984066050
195577943751
285997452170
421392553260
408396863019
368626726325
12440523540
375042501179
369330246473
101659315993
270281640984
62347572181
377156081530
428932586369
9220277557
443838796301
138611356056
316830012635
345840925268
399213304238
18307279905
101123007900
28961489023
460425409885
273030033666
236408196449
431728505455
61325793574
142995380899
45392222256
225571612348
299768626128
183871466640
221705144523
13572540425
36509205619
62837705455
438887209122
156839733830
65873204053
64104556275
148496572149
31450724486
312062959791
23353059398
23167843366
191217432054
5917294824
274060761033
266251732274
312501131058
22688591844
365514559060
71534807430
474766685908
24714246960
183425193167
106729215045
434285506805
335313680604
23381976590
285175981292
457145594955
90954391927
148722410622
187932302846
7581510108
73551170609
45900773608
61545985786
323087010137
101723755797
77058009882
75578009016
343746291158
420018894219
11305108597
59434359500
444886560053
479207044205
17420756239
337083191905
111018147410
365388830716
143312114714
130960029534
320705066608
110659897644
447258051440
52327500082
75750104711
16276690092
137399606087
481796446715
28085587702
425862727656
288688240030
326391918247
218037324277
297348089515
148566441990
455861718603
82021114144
16963726297
458718215071
27965848082
33357251117
349855446390
268113905446
292339476120
79823713282
19318316246
15965650593
96095603958
388039398208
9390533507
42424479366
239160592097
481331159638
115265229638
24604640546
59251206879
280456697151
353256434115
128103705601
445046944746
476885502223
227425578574
402198651433
97439965708
182885748119
49204745486
376171172005
473471854895
43180846981
265057533503
96418351084
38974296081
422360913008
399222049075
50026436052
480355911025
366743420525
40987850496
221548179718
417123162075
378617883725
461856888584
67226177719
81148182384
251493935768
185211778778
93843258142
418993059039
54352637155
370722557656
11990960334
359466581756
351107517994
250427352323
70313221424
465120534361
202669216158
353037504692
449050885878
312538198864
400766183518
60524354052
53611181193
38984988132
284621439544
55899300672
204470375609
160282918981
424741282282
28361445095
475165088883
60335892546
140071355924
416070516543
307630613229
26755220491
149786155079
28861815676
70606622816
332496697818
10335745859
380567555175
184228971175
278347225960
6811251153
25369868499
216732869351
416171625526
440225352501
205056262507
29969881250
30995421839
429642423466
368233626235
385350660131
474390115658
13562278705
191706730644
484117600679
28144604073
441159533459
86583683614
355145574719
390778351752
35495954281
412573564654
486794598584
410457253669
143279542536
95350442381
464901916734
12914720911
136509819905
12429684132
392822703419
21905596342
478378108941
416066817282
354222172731
372088083800
462187830401
172457889361
295055781269
424537459679
385823698935
3191872387
402343320407
264049477338
470181581685
163207341418
365907967710
72855166950
320676857870
30849499510
267406289952
419737606044
53389861745
42723182613
368542118001
278513962592
168884930655
467825171677
358297246731
237024330414
463192716162
211249412394
235431520762
83706966273
36666506206
78442812617
428942780148
41301624778
19970011451
366896219850
51859208853
403711802333
409577926393
224288692507
143989773613
426569690016
440936658123
452736301190
269122251938
143068567426
36182706885
5745447103
118616777754
226594846278
46960282658
110194507846
483603870920
324198964038
2276303484
50080936785
349389343811
258747589727
397260037794
360495995819
251952869534
284613242791
36403599019
33548669722
340701332530
26115435889
440474607335
20016979261
20020044901
296295440061
51234301784
1660268592
34526380263
184957246042
21943171433
56625152522
258063765612
97817443995
221168661983
383347671006
241185249958
97756089542
44216726079
94583643110
405601022973
362065538468
334916115987
84703648524
27641756899
424361611178
42786299769
384659172442
484234229223
318730180327
230024819976
361898086192
373417724569
313777525491
117359487988
201522755980
42304763616
288472889287
106594143588
68273298815
234837077053
295863517584
401880122679
30516501055
206693542944
401824781489
98725113406
417985983491
395906152971
65596407789
466346591091
90324875973
163712458231
457111250258
470883957409
39399291537
446628360016
15941937424
146550093618
427584188171
4037373901
54541979207
49298011144
97204610745
286139078581
475414663961
132148244242
25439973685
23452943802
232781449580
36304892976
151487797046
39968499711
343432324715
440917720446
243329225136
46872733297
262312705397
493054596386
447902561667
126574776733
433793645236
494049097742
6039315143
402169078650
285012220439
119677005752
12110416517
440345290150
1720455917
354373911570
50247070760
358690428949
24198656813
76086229442
415714486337
212977748630
452625336954
428629255658
461494038423
10282086391
16205007930
466912416729
116255869905
350642413102
93161087396
481952464816
139463928069
117982932253
427580072148
491698594243
189017870407
300122156614
36379558370
296702211388
159731490301
483260412217
427396755480
61177970317
292010130887
161813793654
282291557635
157837459686
391985067786
376568611902
3415659260
381461796843
9309995117
493627168418
67715881180
123320895245
94496314889
347263386732
458430302377
482595330930
371819180856
495836892278
18036273948
485294435757
178563279343
442540445148
312434367859
383392144681
237417090181
474615017147
239512557235
380191590635
494474764139
77345636763
387914816246
224053585998
8489908736
41920280769
87259028298
272933787927
25268785743
4164356224
489569207733
153734208920
278922060037
53455450928
56646196213
8311999255
88454232295
173547765254
111139564819
494835221814
128435395695
43267071653
28083975435
455627451592
43243852717
51460245100
231465389038
448627075846
234567658583
231371750754
70968191522
436108456032
75295443400
114442099310
74715361924
4372482189
344194585475
329052932829
244705913011
218196928809
87909529070
24511556153
475743437164
342408339499
112389030299
149058834235
39400299100
76610840692
350520861073
293152650169
315858290899
302091274262
189868001772
244718741233
454709695666
61636515985
1807168022
14093026879
281802569431
243388488678
67910974442
364837734684
14895623229
416697404980
56915389735
491683159788
462290355292
162729019476
369619521893
37801905670
188108377497
348942797929
157357181428
23889980767
69135014081
284148122577
70947738586
279883236227
85182669439
3086465813
268875221712
249840626074
402901164126
478976315166
498247287123
30675337156
375341743457
158770524893
305398906363
164951897661
77480023912
278324593491
182756846986
401450028071
5418738206
154932209829
26644381137
270812915896
300429039992
293580324369
52283807480
449237442923
55070305831
369416602479
32526288861
446697095114
479466863631
243817207018
9099246242
347307431718
379619205183
40600878828
80991445879
187845402744
426159833758
153186693548
21413346844
19547179936
98490858536
468484488395
16762917027
390816273245
126288470468
96276220596
6552861791
492125621905
285036185287
247034355916
232661140514
403967069658
76540569156
255039554050
147842382983
341665202919
355842836637
500055683882
178780962535
450570162544
57826883792
332515840159
171490131239
36254687074
468847670008
499702099867
170220525494
322795807538
58993438626
207562737879
500941211774
110063285670
271982565259
157509544146
47919095757
95526651955
199737618436
43809973875
256258990488
34081614946
116876473620
155760421252
12362417262
350138362154
213902179384
69143221491
125638628162
264907764996
96167425418
446752099801
12514076974
381356391631
50298645345
459830948760
164121209523
73848346286
444200897574
335772473832
140202233236
64419866557
64647450357
80529392947
58246599221
41974597374
276751706366
154779511034
268295041155
395376704197
11936706825
323154752597
290655437522
479838448773
500043239563
305398629292
30824634299
107887188231
84085972802
452701088709
15348215059
8525534068
14770536836
423978878168
405189551742
44184639524
282164470676
138988181996
94950868189
317349303439
486898653941
496333134167
365737379095
41762291132
496359030479
482116208912
356571566892
202573981705
27959708633
30073879860
446543120375
456626011306
386508577209
500759881996
152953867083
410533015866
365030244355
240561880924
44497022823
437686256524
404341112477
433968936244
466992046481
127248202352
489204037585
190621210638
284418636703
477469764904
457189185134
166638975218
367447214491
228642163945
101127735105
100156004737
298671800616
473568489543
75081713246
35448432482
139847463924
208120644031
244710082317
50314781966
30415840688
44484616202
407516274876
417544011667
91494875761
252263974641
66162583680
211674205978
23251113303
362702864399
64119714535
259057301674
450716514878
399693527674
328651582911
79754514333
144541366729
394721196400
128465546476
490788289586
35974622642
408651314739
134860394841
282546910060
151868865657
64935471039
455969217035
272616661736
115083352523
39020130529
322617612090
93369859299
502044680972
269759368251
72722677969
428602217690
348155051471
5978244417
69586433101
270733329915
95424736489
362171392230
449824360725
54365749280
459284763461
136729045214
387516676837
259901282008
113862335435
62084832902
34842338307
59111078251
94873638626
202681603111
410206597471
452952264326
307513464639
481489011723
31798185453
51231771599
343369360766
212929401152
379175096997
377477614638
34434191705
59100418896
6466275290
347567048404
445389871716
14390840524
127357476760
261325232136
246635372150
91593309590
492707018405
293293672002
492382914534
158598616077
149065407545
13474317625
474973552151
414316323810
505509098622
65915388705
163247713076
30988762124
391130003521
332292690198
293015827633
331791071818
479567168426
8708923779
31759703219
62598218488
371240348336
486681675925
466803892652
454591143112
504556494415
58751219968
41112301842
15200222546
286239948720
390714268787
285834924699
39595523553
423050997535
19897578106
328684125756
465321181419
286842818982
453277860849
214868320405
424375229178
224152559325
406670545748
464301518364
74708900029
38131704032
294863270934
13663054226
8607370986
173065438835
273878204980
293609670638
21114417327
7159420417
8779791567
70258619713
96507801335
182860230107
278809418964
131146434913
15897320201
172274769167
488454621116
475584398155
506091248027
22695580467
2713690783
83630584912
447947438580
72745001827
147406267380
400589389834
56873329570
316262509526
52684333485
145425503471
61176187190
70348641484
49856322949
504155659937
392822174665
99626473738
475461732733
90742281824
234790349106
424863203908
216010973656
32441428521
243188723701
433090906223
343265214662
495549296856
32226044513
25348502790
491065642609
368634341826
404818177177
308282155879
491725496618
90268573716
290801467545
285781253003
113503281443
507277938777
482449819870
174647677072
511628209750
506555985253
8547054825
13799107087
467323544811
108568807632
98546906372
160616335449
34150077723
223952879411
311021996768
288891950037
227998598827
224807283160
498177451435
479664871076
250666348017
110561723687
502496316237
478892458163
190440124086
322336817880
90685775347
34777205656
505969337554
87672404055
438706841374
408670806569
79110594985
53381371934
475111408434
10581103155
230160881497
480473601492
197253480137
370002229098
501090395421
1510504050
505570284264
22305407892
39437393005
495882374643
10897679478
55327812031
213867896612
89967948394
408401542265
153529414578
18258025548
210342526867
48759173476
312543858915
247907815353
265553315769
21255442971
91888990106
515686723948
460921879997
294423488338
196654868765
158259887555
11546883383
484407690285
336855427853
7888795566
27359230877
174884431145
177167905297
16674075683
478667596238
456617750830
250929614816
266417507869
327117320945
55008349910
497999152556
260902915569
187734085705
467446043345
283884294694
431203535158
68303075665
131909614533
32787242762
362139957844
482749170087
3253104725
465913947687
32557699116
338870275004
444532547569
517779703458
59590773708
449009661695
426904473299
517902802610
443418357481
181438112037
407844066022
439028777747
4755310129
450757474576
511763806880
3292106315
315513531576
78166195211
492878834002
1095361604
311434517116
497086890073
60079166640
87803049181
487848098240
131126424213
389728403617
479444997062
395149772086
135986118097
480050639309
229510902540
408329598458
141777586346
157823781676
241819243964
316246312172
29977021023
169990001400
447856534412
374384784277
77416976209
439931002497
100952089073
154412398526
85312339923
55730834199
506003548597
99313179412
147202838997
253401507086
32029732613
518869010916
16037377456
7218126390
477973993468
365558785857
41673111738
142509752199
233586012386
364511089780
315725955399
503953513402
475416159034
418826112667
462865523888
69416664516
513643874294
504374282658
454203141774
168059767621
277320930699
511729741741
369159427076
334007240147
24024451469
72147085191
372758702580
353170677476
34442685340
408614182160
63835755698
283306263535
8535356698
120641875834
68352505474
495337128185
231222641710
110090037640
495298331629
155522392078
13184907293
304920744876
520496446875
484341445220
471018700377
31079009655
2608607681
43001346486
173092956370
13076361991
28635512936
84832674030
442987136676
87938933579
25733547180
311850973749
34992290085
521109565058
413334112238
320792224249
29243939983
96192767432
200865038691
130641860557
390263050224
270616351634
36528729351
490141818588
337698042264
243633354927
59433425571
135746912585
142125509888
151032571754
434185461709
418424721455
11706630913
428854977095
48794338308
13164209807
31466311076
110590116734
114464497418
23839782204
216094240365
31268584842
461040786494
115300246104
484667595350
172212974338
507856867807
416002263455
330074533683
474493750628
168982131063
327420848677
86513382196
37179089384
12244990314
318227154824
65776175019
321551744258
111794593717
27841001183
1866482811
465245253543
478939961559
401340048679
438194756854
15730889212
88243714859
42984791849
482348601431
508617577769
226163670346
18030337043
357306211940
128648700357
115607523967
179078630123
391698321981
480874084317
511527349301
23135982233
165849033175
320046465150
88977616286
438012023187
115648530646
228967456584
102141489581
424952581915
67315091154
378321311194
409736002831
502092250429
79618063222
307381543767
271328046542
454269212350
499363805299
225937780685
398970828663
485927121017
521384447176
393813208001
273238074976
213822146004
481484712549
1347738687
322359413452
449002035964
291087125400
10139694464
30401427574
35522834019
509445276612
449453255790
42872144282
28988554995
211462694794
363941085164
442485588461
15303068822
241804421513
137669463602
387183213098
35301419729
476347221196
6143777786
399126755465
24020449090
27133793898
116897534064
300694124848
431574487469
155977675118
160502287803
284187904546
336081547077
31537208234
22429507982
339979838151
267126649510
435004086586
526301696651
274329629625
119038670493
350079506785
403887411296
378976134180
408934133973
227559477194
22214713060
407655568126
15424326661
48223938196
37534726531
522465798780
45776850377
257757511895
339179940186
5193739221
437069508913
454668521149
105491412542
504419186157
153264487917
39252737402
515562408520
266472987208
521409467854
9402136258
142383041048
395692596932
8622618589
515727024875
477455560559
411344172510
269686140957
71263452616
81531337562
8413359509
6100241865
140081501450
126024035055
350014759307
445849416867
99828567725
371518214856
515986317603
49733679920
287710635914
20201405542
305101751264
336442434370
57491686359
530532375685
525191866653
298509189051
90978069013
529833580382
427005422028
283987800043
419892120510
193216868680
103621270631
89769181939
244410790770
363420922753
529201003046
192128243295
290744398767
99774794254
480366703509
20112264340
383752542754
500041492378
315809737981
54171012678
340541043559
420664647363
411975451905
55911867397
15001003127
171602500504
81439961668
205871132619
419015470096
292896289310
62795395815
217586870592
551065632
322595524720
28302061992
340309839554
12186449929
190553209295
524394626906
114275545030
39808242514
27941202778
31996842089
508749240781
133403479513
167450722462
179335721
495454710795
156322106171
386286438688
470746549248
187795369022
211540609640
350951417497
60905816997
296963234118
264030098848
475227221291
201960465544
231717832789
83739468716
460690401174
86852089420
93863522917
80061796507
145696680591
403578661556
225918173440
4603584360
383697848973
353189758585
507113558579
510422662556
492815950779
383086825924
365546613458
218117469816
372443601238
9636460889
54827062216
50559687655
389281864899
448742231143
297874835370
227631908128
494029607646
47628344236
533466851627
47835792941
357418933364
498412782436
236931464519
214896053600
172546475809
10811629129
210845249458
409515920282
265025700441
225362367508
159547229315
53722073216
159196970831
364494256335
42694552410
71182940934
7280047667
469571082027
391260045671
237478220364
226123133541
103585635450
190557836647
355494683606
59414476899
23527386126
342508898401
88222651656
71782540848
298650316073
270545516561
303660276801
522893797189
360184880229
318114149611
263067177330
359932108017
197928918409
492776708865
383627076304
122913011319
516989934539
263953255934
286841137534
493939772763
361166161558
76470264789
311384407053
198172732326
413098583338
495248622223
172329899413
34516723320
320706332386
483474386624
27656595595
10913803968
38582626958
327503124959
51252443330
528915129277
219592773231
275193627378
28749137866
21932719093
524976680766
521957601494
503127613990
175902539692
533960920123
230243362384
209981381910
476982310685
6312447549
516991114026
38728647149
1537801689
407623511016
139858827672
18881158502
373848053187
48716802362
517142609546
335796775237
152306258751
528025757935
2148459759
244322198219
268584914584
73795031074
79836486736
328615784015
194461328044
519908433363
268628340265
342580656620
18345309841
437087732014
521471445047
488817191130
199432987750
259539052945
459355006685
62725320203
473383980903
503046607717
48610947687
349645184701
313301820430
13227080925
73194644954
384205701076
522500524429
22915645021
192676551993
29828470245
434911579399
471907862550
491000553416
266974981154
342401565900
137104710745
47807217167
418474955909
68102090034
538135936868
103756362780
392811790184
463090931609
457657353351
23228520294
2520046506
505660165233
124722582063
299971385933
387346717664
316435361721
538714911585
9225999361
484027019945
127036821031
419969647297
168780444812
164267778861
24070891682
529277452204
277340560441
15461092728
61664670099
4626660568
383920192779
50542248855
470204175073
95637274983
268737775925
394100213045
492329585529
217995071238
145763582261
58603471438
75106716399
453834435721
515131381722
406118632897
194417920493
338639795697
93561551015
498130323591
172036473842
480844040135
169144877040
168410609360
259689643821
412969047978
145337607978
342137832742
26964923675
109138418141
106771156202
535568305945
331412970105
468396756615
534339572996
199107022135
280786750456
530145486998
151389626199
525261234843
23084676232
267640353385
161128357561
515250976316
230547560517
440214326824
539772659726
13720592331
39998359561
39657119650
64342227248
535380763744
24370677860
91247809
7482821913
539407413263
66052664855
221976206575
223787175571
44083093256
36374979983
232381940768
270849000954
277803173205
455126058088
27369259398
517722327892
53961490492
538099773377
59896090006
295704854775
277041948482
455551236255
258998877989
453966917981
534208019563
203427686134
180490725638
38730299959
314932838295
122339936361
195047346917
70948228625
441694788709
418491125456
377888110779
87516493201
298942423153
529809697018
483292473358
502458665184
290310696613
516445162062
256300183157
49313285785
194168808955
520398511122
517033703675
117424247080
343322908139
454628900304
531180417173
85122704191
163483520379
532632418489
453761334719
271287621729
118432542667
56919760052
50638536269
322109446899
518276097978
27450931828
430962843067
543461877613
511759090092
226625993558
217361042234
147106156523
277802261109
29576643938
344133578835
72265875795
522432421101
206892829297
543854693724
218953697804
238229690933
66105437909
353987379778
540459098389
371018161808
408326473820
72752383316
488515059164
275815477088
144825503197
458509025663
46572414473
448899649757
541339005080
130632820688
386461802286
149716383457
507658784117
541640167114
387594920531
157096764964
387341050058
26229975422
499489227606
254254575186
5596594532
111664260286
249360697360
10775954646
45202564963
327129483040
3562281442
528662141545
323903634514
502093071658
352328956169
473858100107
381423159199
508709323458
30587548602
541891150864
98422300534
540220475019
115346347106
347634565281
426895655293
263059730856
15229025480
80596170344
184852241338
144650278268
18684781757
356852236523
25374247339
19391772510
99095005953
35955966431
93718809900
13581095239
545167785538
517521490194
440034484561
63203291049
411948192700
192891468972
209803584681
154367453655
310972607700
110798931498
396935208878
484610957849
347994351398
474798403029
472684616888
530595150000
171748226487
118305128354
303796439481
135251111686
465216523059
379253170891
69095818288
39646947873
7793991198
12310107991
347162618601
486663847296
205635631692
548030654835
238831222315
52906806203
403893512345
64180371063
319550430563
8644499701
438605712516
492812877438
524173926738
14415980200
490439114896
427868132979
228762710887
461123790043
503698054886
525399597156
97826179342
47674342792
26868857452
89477948856
436241226649
4086289889
283847023693
434469707333
344529307780
535226849374
76214812572
515794488149
247684323655
328623296071
544290764069
103903722278
500686483879
160044141116
520361873781
532875957786
530567805043
117884159133
645194893
35805677838
534208684378
528261176732
95036715054
78142662503
53666133763
222389501252
442000831570
492514967377
274023829324
6580094070
231638093184
10659807519
546105455149
7826974190
504399198766
62219543004
7832403291
211320088397
21758903267
79137492755
498411301631
444030176553
20704867675
181045503030
25250815982
67983552189
66512473787
484241409043
308550461464
246620644597
456243111452
162252233474
24273288432
391726630882
315187934052
107903696520
423795059794
501757600248
316409371191
88819876758
81233796187
436306284151
411026964605
263904402099
89838950462
273680175562
116294221504
518395989796
372996756913
116403604262
336003352683
340510982684
371664026728
542533059086
427902840805
34552407748
24365595187
394873583748
516753927501
98233252089
291073403187
242195688391
9970351492
4468140070
29766711367
23077087914
386630131388
527603082525
552072183875
19197512123
256529794573
70356550310
235724466031
45429101461
309946403028
400316424832
104845606042
459147478722
73040521987
465585553181
39574499325
479216032563
289051863206
273161837780
397601684503
438959745050
468721059021
53924355539
24847027954
275974424749
437200629279
29424271849
51406787582
447356072139
481421753058
455874331009
20487164190
302387074560
408310969454
101043349500
158667439868
40922778806
317102710691
468676525221
471003869153
150742967876
514726310304
535710745030
75255409728
520247970879
22388834717
226929309176
56375054930
315548279771
135016166751
53785049022
238435116945
231490174081
333556964928
213027372390
346113289002
493538002589
3216338098
482776169841
11396980092
8684111658
349804596183
275112325208
209827853514
496038198645
191180020594
270558885094
410258047655
474370773836
546522855409
327828190866
134476977602
117995563509
141816897682
72649725895
109727059260
70083929107
467823902433
518984872547
483433568777
38616113009
58321312694
416521348283
402968107927
52593159024
153296606568
314503466366
298872110812
479396729729
388563490556
98660235876
473162983617
389612685574
80580919217
107252249780
45931686097
20611358566
553527824199
544092387548
501748746307
88794623289
325431141834
500083707028
198706012139
46248714644
222101905850
186387697563
237262212011
189081399516
28894341625
484290739271
24805491324
60645623139
18247987354
65801983438
75313704722
43552137181
62084184516
7276101361
43486689199
114947004123
166830596882
80800190274
204794214326
194016918607
87936216643
170143216237
2636055547
232984109382
46883382463
451949361791
404614299682
527027770265
465799360937
343169136356
508302296370
535048339984
312969747118
547745305334
21436133325
5619396492
466931228667
280727428047
537250107590
445045258309
250126088521
495247034632
558150657139
13071697876
63167475426
194694658221
184310511867
447606151867
20826527708
146898579402
525932969792
471683253956
539054617335
551467768084
458721661130
80192605837
198699181807
303355452667
431747848320
18082584303
550687831530
242525038657
292162896929
519158655636
540717303889
22081479329
89689502949
460728571904
500606303851
155371418525
289577102746
59755333678
503340704404
31417801740
423129909947
506542309781
193056410088
454521849710
44797533429
17442358441
210233326430
559965218483
366567192747
472434162140
18722820834
19133788942
67422580663
443046706085
260967408813
125993896080
312486577811
13345191894
85126198483
342907984044
523247817786
109194181444
504641824761
273404697082
68117273532
51601972534
398765245093
281629397536
153879243596
118095393961
147804287207
439897127176
491335681315
484986634338
104158865661
10918176095
557161030156
503832892610
357466723168
41076426047
241167971551
26121308925
395352691743
24941740130
117895081080
51132774544
373066198947
6256504837
358837667010
15855899573
479504276358
20070024977
54173392672
273255509537
442628725167
299088785248
21835441375
96680923396
524060231401
254263628693
14060329140
540939960514
276893947825
178314068562
486591889014
519501181277
161312371053
308829211558
400268971769
19779155783
560405587254
122294372813
57205740989
51641564525
40341794666
478069208738
28163305189
104035248889
228548796826
162177390215
489317795341
530053528273
83510782549
473018765819
356739078357
196394064060
348514119495
40530314549
538699639737
530216837500
38337861640
262531961319
423825483043
6832424309
426027293129
403566209785
486895020708
41605734160
136324172056
526629253374
690170620
67269762088
492627271782
501843673831
83857032023
234781986745
548276896612
237621234212
50272902964
548601543504
17326822381
41750248514
61441618731
285635322998
138395448416
340230661857
559981881377
260668135747
72868175707
230074015594
59429465502
458952992859
543024661536
252592813821
20635114004
547035133534
54421992070
550346653045
52613573406
556929507797
209795465226
190220791608
517952346150
222219351268
379497517091
10778811553
248359877446
509622533475
217225859267
543012804714
163061273249
447620707303
541903322910
5063157768
29806174426
535541866863
436246568070
460532719475
18047853111
524166084185
31307638203
515279823613
225228379603
272750112141
3744349416
234220966274
549752923625
260548711146
192243965566
95692661950
182251619582
62049659930
151768865271
275955877285
560257652366
371802654464
471060319126
120542162762
81845042028
515341957969
158588749677
165498125175
537472335221
415104998108
384106489273
414630030047
274627292308
434771740712
94301563930
418745833558
144755815030
3970159721
52578235057
256874602176
239777350256
361701376216
143972718067
555414518012
15926093788
314568966107
428820561671
44805952550
268471675154
8282721526
327388367091
529137252374
363915239403
473985234568
158787070139
559955432591
529488898677
512456762837
38239532959
402647289467
175262468604
522718641682
346067028614
301910714849
154173303732
122149757908
52938224494
54080091440
550793146443
443068832711
381258978808
527173501318
224887348007
366770465714
390335932843
543467006351
31073183014
194566859931
418625750630
45981996475
32347154949
481079303224
111065857471
29487889457
550025343751
43901512622
506551365727
968289054
299898987315
85393269131
312998292730
57418824387
518599335564
294135796979
58636188239
185387189468
544897324413
492731083827
526394896194
12762931889
456430407704
437824068193
524189279801
165035059005
483117646223
67312188547
224648972505
405022651389
33415059523
562665811184
561053118088
175065349853
168721083586
105716302229
350990996997
188516549369
554326150428
109267459754
557369660521
38383551219
304300996427
308565817564
317431208381
82801397327
90134215636
516047892518
570354070110
470832430470
473679296708
515111439354
237571478498
34738493909
358188414741
241755628115
152588158392
184110795876
129506467617
517671807695
209863244747
513215742406
152018113874
87291242046
356489352543
11282748559
182861774997
73315158020
334440803124
36668826246
184620651077
264190120943
5863506807
7710649690
109668780587
516052639177
59618374705
388056413358
25525492217
572537956491
525614400485
120092636061
466953162542
558393786478
21551217350
40730646444
62566203767
4622639026
144356490750
462206130344
66488754478
7669862280
90490957519
383041955740
205897559732
34452658386
542424142414
490033596480
232097534654
120443479476
562267781189
288859859216
303163730491
70200165192
382345081648
27346125975
426234092424
571190478931
39176833992
569345868105
31382737407
370501020
517210517282
346506919070
483060006360
7240162109
46405799164
237863275138
245433624393
522401260008
567593775734
524688477347
4617073022
525840758701
181999712041
92610943315
549824389012
432737776763
92062059986
108282120133
353024819515
29056183013
518695462802
530386181717
527668681866
18138999205
527979738699
99505580681
79336085946
107657374428
449358340187
199551303343
288621870390
481881648560
540324332826
281900761087
26935425597
28560100628
354956346828
27798453243
11892855967
449844667146
563407491265
78349720982
356983335226
78731466584
446543500520
140105569362
19948073159
92555123645
58003458993
3646313099
478658637491
522551283335
116060755432
43653041983
91778503546
13059399205
530024786849
371439655822
460077042805
64910630821
378166062031
32844026603
569875686151
133754337522
26358918497
478573624362
166387187063
400597292425
504377051437
21462189215
176280026527
52664198246
111976138804
107975979302
55262602871
452195764916
444349221283
343036901480
55875465811
89223886844
431997567247
316804339702
66271627171
46717996937
23318583499
21239696227
334279007611
229326842130
36330352174
486753237963
85629011051
577358317509
367950678368
207305448891
67084581124
389781723746
309559118007
526431816776
530704936695
336968853591
190404925157
81593939985
8830044467
476032934062
198269351160
114483400721
92219351748
14220243241
354784109620
559063405036
500938184327
264293032826
572488072102
418950110934
575674567757
465605009760
382720696110
169282896875
539020993841
16876225754
418978572782
533569867293
7038586622
260430050224
11989409850
17299448287
401218872239
506669174766
519447567584
557047674097
482059587619
580064201496
8681878303
11024997602
514666652789
33328757946
105385690798
29348618211
472898583451
12035108327
573507806620
258399408368
339136903482
548736758179
507836230277
49040114205
392981316852
67426254440
233635735740
5907811915
66635545994
492637536959
169553854197
212386026238
265135125176
498346273602
513311762235
519732518380
255797293776
543771943592
256238855183
827497800
574333716525
95490608497
55233753316
28270856139
230572871490
500841535293
527399698004
445672698117
555455151933
152309565016
219082952064
165521351931
79667762064
356089697385
45346708548
248466223603
40564902854
457112096470
196469888016
560475686449
113997024037
357429541849
239981848130
545027391557
542380857521
572388107508
3903599903
28759108939
92923604509
388680211527
502944886724
289875566423
21836484429
247599813854
6635178645
579194863648
538532464661
49224648996
64582825462
163476166793
37052262528
46106171614
384505495135
582415018242
574161522245
382294295657
9021688978
92199813909
572079616626
229466048356
256047402189
80550430138
540305444028
533425412407
89804173199
286095400583
8263458990
357639749717
83411814672
472163496461
405356346673
57830186957
435779070863
9766767747
170486143129
219487952194
513877791039
157285391447
201134531269
329908521477
39414411044
564393500111
499137481266
180583071353
487617728678
53196766066
532301006415
582188211199
566438877904
28977360814
122564107843
407081418815
51292840377
483724687650
91957833838
173032816256
13768442427
193488026689
506304694929
20258695852
521067841074
61444536876
189188007081
48988652842
68233648128
64541790156
46214120663
22763625544
49537109671
509346826781
546108566466
59218222566
477235394759
419684504882
453845404448
228796920814
554910430984
19721354432
579056510690
4660515856
199679909713
552196778388
460206501448
63065496854
53875419243
210189764477
352592474739
429267641201
234504147991
537298307462
299974020023
126965897877
486395523092
585056039690
305317914928
49743581024
42207691308
525828878736
176596197915
451803945369
84079248302
16458643368
67431365041
45109722241
199839761217
235316079054
260633380859
409276625919
200733637281
501396972491
546743120303
341744650374
122126510809
42412993894
282236408958
9812514575
433918799672
212897641557
105184795801
47074495873
470298799523
579015678461
439411487351
30819355909
215601818632
62042445048
116405485403
543927490258
563877673524
378531748168
296207985561
204922168521
206816466068
344466479654
578529578705
564436711227
48913976186
86658102225
491113235105
456598991933
220292646025
46366920713
505043125941
45010929281
574621036030
142800368535
286269490142
7003350513
169771666020
430701616551
58974175835
566198890084
466897454861
57937651284
78821990582
339584609702
281689900348
585701831869
77183691929
96585878103
287288000840
549655106346
99815400966
8511355294
507491667841
442597691772
90949280402
55850250269
572419038467
483774838370
433689293035
558114885279
61115116048
114150291864
506351581108
310979382304
342128711335
280083832025
362999864233
106663177548
39994410821
568120729098
420776216881
102726718991
210444117140
459869091305
42269333383
437117533623
138254776139
109239843506
216258760279
26750235504
336810098369
118557444314
305963735653
72409099695
258280341346
177127457628
550929684770
93097936024
383267775926
510304017961
530210158127
149006227551
449437279780
378726323607
474700893538
588964053445
208897962717
510163547353
570239435435
492231527916
176124791293
134335117991
151265522480
359691691924
467621996635
297871341441
421340089761
350980557023
244870849351
582438966942
505959653929
241162329058
577542242228
328210437098
587173408317
585411146521
364801164855
52794545759
84258884967
470204271477
105474385808
408427952422
542122604635
2017768614
244660487605
146513377650
501856334979
120396638420
498424153043
77949481747
234190977545
225765505788
93699498002
76987319560
567924161222
556412523262
538406691306
132111480815
528058572546
27645225349
582545848205
93928523232
68887614263
109524807335
501686289993
579821967376
209113214996
548238858171
382235225718
659874124
500235733432
196569495539
141719676643
44646991087
585588224696
70840562423
30193309073
443655174198
137609440911
105377365010
264119141804
86452406860
163508631117
60922603558
547515850629
533184116139
397108325492
452350495735
31581009022
504633031839
592986448930
108307870170
155580814053
67662420578
347654704466
458291680441
579070920380
463765927045
26935828479
538119912060
37325125399
273964875216
261973050045
144571901021
592319352682
90091985526
582398454106
591865571618
412357470301
190575111489
391252573995
569177365344
57250117429
242406707388
577376465870
82328341144
553404186408
45208793552
518215827847
535438184752
488655862332
483410117111
94977348384
53271905739
76523345657
62848532745
557028353022
491100330876
9143723386
255053810402
238031985175
136071475779
594320160866
260682138813
82372502927
131173985294
279690613602
345084201389
559684278813
360545083131
584065795644
425635618250
88568597903
333489267153
313983600385
578627829394
114934018589
426062423885
570822076281
171829814385
478069846716
28798479183
442172255269
291897657380
273897784785
242541181333
560613465279
411376240942
90693272199
399623425522
47196548449
481023979025
74978815463
260857593237
223163721618
593537734017
257851031620
218084352913
27617322109
385875814326
358799350202
156565175956
43069211169
266542869517
232789819519
583310040429
249686089958
399723505004
158401592391
291497866725
199177688706
267415631603
137383198071
351161643198
595784497967
33312502943
467776790377
584806498545
35456725041
441983899309
28463104215
498498483123
496475233688
475768111220
170516945140
2882064416
373483258579
348189938543
559231487602
281588392926
308724544854
257618241608
431779934035
593547762309
441787302854
83219971690
50706838292
67757314700
56391492852
46658001673
3827006013
429506381543
486453650406
573927297783
535951264874
549187167457
558011820599
171166264966
30585621028
4149916421
99135893309
24399449483
375972704160
200068586058
1954171023
22439783205
161394091984
47140507698
48994215367
309351338034
219742676424
342433648784
60302883236
209744671484
196604690812
452680192971
14263195427
565641456722
494540760047
562158536461
85181958443
142790252203
495926123099
372712714001
438879140845
521940922640
504698406837
347652260715
385411624309
514602113708
487328417931
316040838420
282144624310
540409799356
577790364637
66134932134
365440350462
14541356952
445621340464
387619479681
448506289751
110945187201
193444667131
590044434141
7308412419
547234257727
7773559099
54781800109
95271950928
523159553189
593612204672
67423796322
36725524711
586197411649
227861628703
23307987707
150569810301
444769903255
81333933377
241349736350
232483493912
294771422172
442406056420
494844385115
47244171211
390016518522
369032289769
538069892648
146967831618
589775094620
596443377536
16587231087
202322038256
581311439524
46643857235
102905086832
588095366462
167068116285
151622943198
123715409373
33462787425
569525699538
484973453965
380432834279
116320376556
16101699139
59627528337
335324843530
8201888028
418222468852
601217076892
9433408143
376101959978
28132047001
595375721318
132333644023
517657462990
413752549409
88010547497
231139810076
117274731101
2222622540
94729839804
4384718779
61518344401
502023671749
13720109084
572886374111
321730707592
29670412287
58056135084
556890528169
594227640220
315298886361
55419154
426868045844
483788511089
8622246335
480492611371
104117898415
21009105196
113185255575
3261616878
13308373513
87152165491
205994756256
568287691066
5420484175
492032613866
342143154101
21722459711
34375149590
267624775126
460376789778
141852816543
270803340938
436115327349
501973944364
509902863949
28578668765
59902015344
4710226721
50589588654
196506924307
239076206793
81680047217
56702355151
61679155592
571665526036
144988484925
166104835776
533004729235
505019990550
56386417548
455500696038
516788337957
10424382925
66208070771
96039606423
523525203575
192270362568
505758219984
567099122219
570128485737
28696741405
265983739968
313453774625
498675130031
184463348306
139704501839
157630980575
433974249277
291297475605
574993584567
201658130274
585449588651
603207041490
179989771891
28138447593
600223683265
13976813946
498662680113
302551175827
268791447730
557615184575
109342712400
97257209429
392639908951
396313179272
77840351354
498489977970
32968535756
222986373555
239096557222
572272592366
373071389350
4743385508
116490795310
47538079461
582017972889
141632907967
85491062059
82681607074
318505807680
541842573246
448360581874
605663812955
565457402851
36073812063
98031525119
115109361294
31474063650
276475964194
48110748823
210524411337
183079069455
82069304356
7262710269
335755627728
28993264835
392316381053
38395184232
470225754650
23594588097
523448962350
165982884224
589679267019
50316245267
465047969666
44581701370
494851571468
313895092053
182298487799
176558505370
240369155866
435003864054
446678044439
491174214727
493764800414
109755724005
284761515551
553493473448
604168644989
61617516755
579878722582
19656574808
225566306020
577547325382
146120312735
87632130924
332149761270
424793954962
213156174208
18834721243
219284263873
48556899113
565677771247
458045054418
392176434197
358019805203
147263555858
530680225075
565104023202
93115507551
184473613928
386682076853
197634302345
564838796689
200475238928
580014487742
241557838413
64606308429
134379822950
320921549943
101778386961
362995113187
70349351774
389199017852
300892965697
209976282039
21865898691
441959391391
59534733349
110032893604
23822157722
14392712618
532670202112
604791334784
570580149885
229786586692
605630036208
61643874643
250441602178
167850926550
143888538399
427685028977
440467813491
516381374518
536296724708
178807578115
132573436412
373039733937
376009819785
167138737508
168189489500
539163320643
54078439444
260961174619
541431668430
475791637802
375413116325
439862512090
589587677036
573548413750
25208652673
319482100677
436927000969
8570145538
608686783155
21591421825
83813986334
591563903191
546280559786
297147877212
316905767287
319706637290
366369282785
505705377395
113684598232
5020552070
15001634591
285810404518
599138739054
609240036253
280893619042
353406007929
150890085069
164405206893
552043984888
353122404057
19826008966
546930070099
608360256298
356938312109
65941923327
343117122361
2884376137
91180013791
87213751809
438020878535
402034088560
430564866522
69908162749
404487624884
182876119727
548432881345
566382145880
102367673859
61276819843
22715350285
149271627607
595721157243
609198665359
591607528436
117647081340
491426579804
337825352136
60218416107
99154267333
126239998696
77251264701
339416958071
119561777413
87440951542
601956099768
312023335583
130089149467
370854822697
258913634028
605436309340
567321760330
203505066389
115110742693
609185518189
114659275828
51742587156
339418131384
75216175847
31190882605
559159050646
42806546380
68616525521
506502754678
323782307282
514194121346
474999770657
477752790460
608939858430
577897552392
594532699995
582500386645
36170307218
612712758571
222334533787
491855234327
255696431787
187290534192
20118918579
371699691336
25699205070
323348365484
420180204563
9069163196
180666457700
321207828805
541728844308
308856650084
257047957179
440054389024
227337032351
597315628659
297553265266
78563540123
100341873941
53895016540
504826680897
58208454132
423672194284
8145648848
93418809344
527810775509
431450776226
605243981619
597453225245
174526200618
278382888199
23688510313
25314701751
575875421199
197440130889
11210840374
317783407580
185496607286
308672229781
534763715127
31607859389
355392209193
345585511524
301532236435
549505766959
588967687963
369791838799
91783228714
112022987817
230185545121
476250798078
64239555435
526094206424
355991939254
13428910391
141773699453
4289425296
2222721467
592714680284
253032355493
220796381661
289998413728
65783081871
419366127743
383567876802
582600579696
433772901854
26465565291
68137189674
451716071252
22427672643
281350010375
65675634373
590472087926
76028047270
75369272846
252302930771
423965561773
580721237907
7176038334
300453289367
613025226540
607171457989
387965821620
615529402833
414499221937
17094316979
6407162437
466163064970
77065929515
203749080831
29227191222
392136680833
50860618075
548268097497
578883574106
520913553074
545115023517
353292373157
116643181077
34461354795
394056820382
566553429113
573039338416
428233341662
542461232385
497489266419
569246958522
534280168813
512194144424
602761870705
30521464788
27090410791
354341331432
23455181953
47775404430
319465798969
44165147848
482513568408
226627848140
94864632123
618290772136
411270905848
496373024417
280361652331
609660772863
437639759024
165025029274
18248075561
124487619847
477552248105
67084023459
126611207852
557832658663
66012396951
523629094715
370048490233
67071253746
572232670335
535066012631
542242827323
562366380147
57122601457
218629092796
447186849392
177670364783
616126717489
542315577239
8664687471
245170084107
500088311096
300390397388
158393824076
36303804117
21006905872
614591636685
457982193198
420722629689
181538832836
35420490592
329791554962
290812401693
70650370627
607866560485
610000152113
585619960919
28500046240
413494381304
373142182045
174651520083
19261305164
198093629152
321713830595
306580283337
30100499250
63635903658
374400779419
187739285153
607057802034
587376374133
289410390870
190151111309
126750529816
467345235065
110800297369
331584170739
127908503547
69049655844
15644270599
477822284568
351565057568
313468739759
394389077156
39150902450
544140105156
14160036169
560913961130
68735665418
480803778630
8586738614
110147067465
420626972824
117591312821
617600273147
192185368862
177641417975
59808121879
64838379591
575430887427
60242803856
10591691461
68178485114
100295940338
63280532975
440388358880
421267352175
47787927953
607688630140
85772815138
56106015662
295902251765
61418675722
28269847941
357714785781
77097277896
176060965559
549974037189
461264310709
21256725119
26021397430
460962662695
238649918701
435242845693
482585687145
122969633537
585338799903
48562830908
553362930452
360362346862
51603980756
434410226196
608284520777
375238408707
168468312460
368541279444
343018569132
236498482442
405158221349
532164057960
399108808205
11523414624
88716620882
558100834435
317386717018
477169823458
136157414619
40545967590
524624394955
423063350390
48050303869
622690852479
365343088324
122886754911
53280959374
149828189634
84020627669
530395034105
474171813440
582447827098
648578978
107041687100
452274884807
96617693677
562226622893
391386786611
554765153006
601227857985
622411176214
157992940834
142864811104
341886002324
111946714765
297179482337
156917415701
546772570972
422385691208
124261138643
569366248664
417316182737
4390195197
36868223684
287394488878
187751538043
14177404912
26683923207
401096669554
100707616589
27124107286
448145969281
300479577160
395455497614
610624285844
119414025225
31110199496
28137854737
23957357166
161369872749
148373929044
122799846043
168994182159
533436913421
13528779194
369439134842
159504592164
276749381645
41311232260
395369861384
37778580272
122580719123
102111981630
12927060967
354238748556
434547585103
204220452968
455615013450
80497144908
154337154569
194815259201
614672191509
588782129941
576402493974
360796475395
18642087578
319104658141
271957721681
263739138616
521932008499
135660577454
163631561088
160080469880
541521088408
564206505844
282417848685
537520325361
620980218381
25210616162
595220586843
566334487885
17721649318
4305463118
473736597258
383435878228
78827323671
32938408660
11095151509
114523770504
621572019130
202130464203
411932165088
101591035740
518787419846
355209961561
305027942401
93174850191
611563177305
618209727875
224887058220
588245352041
182208327525
595224234296
618375283779
12708778254
94479073739
98376801960
518269194958
326540260935
277639615719
83174854075
118818143193
518498159814
33290700756
95199255176
8212032212
554975934090
386921642751
16248925303
498983542254
243788842327
235824240498
40725223135
412399500686
80934632927
85798556500
76917478699
161067551777
598926633946
588837438599
420171651593
15182585223
424081462770
578330396803
274526402528
97560940568
629445211054
612322537177
342894266796
28211572029
182315688243
563811313133
627748280356
568065167950
426921831187
62178145538
553336639401
151030303138
10866947297
2118858130
74238310861
197460566569
580660814860
486308940186
488790142089
623563593205
202496170125
39357867569
73600897642
112811654235
11004050142
458954319127
623100586981
40474945188
179864184614
261738363506
93636624105
326638201226
121408076507
137535287700
24180067458
10337872208
184670333166
287000414865
206933792046
623038267428
319202217655
411493338456
473837900091
50405594884
79699408324
449054264218
291739684951
591761505011
162145168909
150703634763
198092313310
18815948553
32522417489
113524566004
559545096039
472311183627
525299526294
86946557605
630931374101
161365921964
606237860813
99156680521
553534603327
424886032755
34812891367
197079330691
496576002947
260706643507
618073518584
570635578849
312386110327
114883062841
17206733007
334888155742
115925828002
595667519843
59209241854
84754191650
129105767409
152553294947
423421613327
626111146845
512106574033
6593997268
24706996953
62847318958
248450592684
145779583617
367471855217
368806799061
578225323845
171413217034
536406001558
91910268251
357868337229
166007340345
102926529768
41836400370
58080308853
39062013765
572789949366
556515802444
309504686890
144551095652
527225279821
496959484135
28467506220
599846300661
613541302402
65346497987
355143983453
91901286295
591011256434
314062683203
117211784635
310064874604
119101752498
151758170945
577565166339
461411048657
535631745039
337302481903
450191842972
143064287392
562969764200
132786491741
399218834442
599509283469
352270838688
610454536620
591730379136
606745337158
303429337470
22510006681
612952536392
414466593604
18262991315
523270817757
95896020406
32025087361
48855209837
527650350396
409412931809
310830664709
577988795257
320472892712
26842361372
562231659616
376085975811
74943792645
617366475978
564788840246
389335443410
6341351298
521102746874
538989102710
473868896087
54717033559
560126004285
429958175651
62179547216
323832970287
21207729843
355516211150
57627806219
260516019192
39577474947
22837162305
8687143666
383116329361
45338760308
537281763603
469981790914
8089489957
401189822096
51459703632
482553121307
209215975671
497242429773
74873371000
600892576850
140262100501
635676108987
178542535216
565646844315
133903327424
111549658287
33123204557
39792549338
257297877939
218711917825
590134555423
166951475528
588768224837
182258295624
619292431572
376161692664
345797193
532789106172
232654970664
260946066834
6269303537
628184444180
27577154394
631398802837
493345783660
294227796529
113577871253
506789062948
80106722926
574217452219
416561102499
632177155401
466239490381
127833670432
541709268996
632958633178
170063080315
266801069446
164890879097
591867572945
361497752849
617299908995
8704165514
47830990436
61863298565
404558269264
607127850959
424361576031
158558023254
621509773698
476905191542
547561945503
8091155537
348641777780
611742555035
608391690648
199947478543
91696395300
460487779404
324938219469
588578102616
44545032453
267438813378
227452546641
414302805574
1861946764
122334777537
515040019940
116066655054
125693455943
67951376885
87555733006
604031300579
383020214215
230848291889
628668736917
70230525554
628777112751
579941738350
102722003574
58778003355
575024504865
148328283126
623415260493
251017987749
208191652983
150467449642
636220834564
66806532139
77482695276
506562526206
386505273717
93592876010
189980254536
590050674293
84756752306
506499606447
19129061800
532575057383
634161581901
601941987936
631942706310
325763595527
533307881504
95954275838
125423806855
607557619546
146859095463
139622505386
5284676225
329330467146
402619105561
1970088014
108187423108
500103245375
330000268913
121681405971
95415454060
49589892933
16907911054
381369458762
183126941897
373081530812
63731367357
14649954567
111647805879
29370817720
300117523715
616315487828
480902535447
616149500075
472856027969
96660614100
581585736516
482602047131
53958555085
208973933818
69493008957
22282478129
640305487518
594411854595
59258290110
8923722324
545780320556
195413775207
56512186899
32217259027
335114401418
71838450121
599727750136
338569113696
571956309014
545595751817
538143394646
475768521338
457046610658
479196632734
621352211999
135294616681
364923360921
128117049959
579605182450
606000145685
628029032388
15176715874
225215976414
89232376322
264029623595
17517454766
559345495764
294871977324
32460254615
149113669009
180372197623
483448005977
59194428505
445040633869
537849032164
9539807160
75184067757
636517085218
417431669766
258140985247
450709101001
525546359275
285134287349
591704659857
460131891031
504355852817
633669854142
13172353138
587837968001
632508481497
289478105563
4402480880
309899815060
227166855904
630540564049
561480767818
47030690738
447617401040
9338455649
574143515515
620652583218
602947460649
51652637025
102287450594
230113986444
564458699323
408739013067
370672683633
341078596793
588373137717
444663628150
610072404506
528707901007
38789100432
132150871655
601088540555
378511275931
128430220682
445448828637
18816219823
12336807317
668906305
73423584654
36852722581
587806876402
158412046576
134134438404
236726743754
522591207721
60237461561
638087131891
360125187842
249436174621
309814024299
564583553196
565481109832
632395603854
55866717639
66418221827
143040488189
587474891839
142548435720
49810102955
211564303259
609777704726
631963797211
288729698793
348866498491
363743175932
489410828568
372054742431
472335929070
374942078950
55885786806
116128251249
530300849394
492076252273
107298820443
96974749119
27280533657
393799759172
292214728110
3559833749
419707875878
25632752576
612401739589
25511515891
278557466088
227733122565
51402011598
422451550403
396876534343
539027995457
621095884445
59887599035
99186833011
441148505509
394201713084
595587079139
80530039430
251238454581
580406112738
107835166637
174799538455
33910450505
605411487590
48159905646
252325082367
335409742255
248266596657
400048091774
125859446976
382115387794
598062655620
576846200984
83798034771
538880076558
505789869355
314522504396
515198556489
548853052532
349463932908
21475106242
643243551445
560320187869
71612501860
269732250943
180943347496
269802197960
547978123357
30020764190
1179006925
493578109247
56205992527
620121758064
203707889119
212229982449
345300889669
128491506692
112005339188
595559090432
260877471718
600852706429
237521487444
55845436356
31858342615
53466261036
11485077164
431980484335
599737509216
597250011875
496820667985
556554333180
550649561648
62163774694
137470184840
186731334512
191955390043
567269821345
310646072211
77050092463
613651079553
28674931561
258296613841
117917265395
91922664604
266016169615
249797791636
459742263779
50569975192
198781509117
139311252389
62579323198
84698269450
258436666698
577061612046
20700813619
494040933934
229002926678
35354579691
559893332212
139103652120
517820695372
88919321016
34554522751
605873486500
149888152330
76968804408
107087672640
95372539242
394215220320
615060365970
64307988447
353459650302
86801934919
141000176431
94509115052
555901903498
280944903577
630592314186
616105597861
105360315916
16050034461
576571047649
437997355057
565309886510
561095022232
37781738714
626333325636
373328195688
117957055863
3293194041
425051482444
41271186638
450997511253
630736224827
25303672762
353921688307
539527448571
423022063579
