296
464
97387445
147552618
125606691
147493024
379250849
1089
1688
1073
254358193
525647635
756998954
570249331
555781101
795754002
740243440
4009
678558729
989
2301
637643713
2652
974
1075700930
1231055299
1357847370
1132122447
1390409536
1373696349
7022
838882285
4456
5659
7673
1324685096
5320
2029701331
1880081963
6578
1413320204
7738
2092567680
1748934463
1680056456
7567
2090688372
8426
2222124838
2106289490
1729691645
1630876967
1432297589
9158
6564
7034
2279147110
1415240783
1653485569
9100
10239
1085
1955394799
9774
1370933066
2200396558
1656839261
8124
2684478763
13307
12431
2392326854
1979983177
14238
3027466601
3660649710
2311592578
3874031191
1144
2294029233
2152518715
3605064150
2373
3737366775
17899
2708369906
3088
18256
2668575727
18613
10652
10687
2257967721
4184202488
2209285292
2823962107
1882402557
4252749227
3931347632
19771
8884
4647580663
3684409258
4263358198
12570
4340613014
4995326997
3510620397
3011923212
4878943833
2349741959
3712551910
4614375734
3015199397
15596
3444129268
24621
13973
5587461808
24531
5533
2836
6039
22522
6052188845
18355
5419620904
29352
4382
4277
13106
4171046361
4023302999
3612896102
8474351062
22713
16305
5619272319
31763
38050
25355
8716940855
8869092268
5524952406
6477045508
38270
9831896850
6484
2943
5226210441
9910544158
9670792162
38580
5157936002
25438
7354598532
32232
5020070673
6863
9648824180
7608
6017686396
11715222004
11677051048
29690
6816053110
7432189543
13813
6129838027
5432030692
8321637923
9336603531
33557
10539182738
9843025251
35162
7286
11508498404
31565
36491
5540798463
40351
43485
8825601797
45732
11000222695
12197162306
37293
11959514660
19075
30729
10626088072
13470364417
9849115884
5807084155
12871557008
7373
12473897308
12560287322
12795074178
41669
11138171355
43770
25603
47783
6266494253
12832800247
38438
8054
32444
13822379694
13864638383
41620
46989
8707001201
8619
8393490912
6678666526
14737781160
7562184808
10954182296
10056
37843
30426
15561240784
61169
14795362496
41637
8640
21280
65518
9449069804
11231633835
6787926659
11567731438
44739
10945129118
65233
15002539498
42094
54604
54107
15099401747
9772
33405
14248306952
16022380872
11440369324
25737
15091400370
61302
17675
12126108100
30014
55602
20071
1624
10210314273
7225333021
8196844046
56892
6992124974
30240
13761
18578
15267707091
16150425981
16261944389
12639197127
7684240989
53595
5899
21684
15962673066
71615
16106879753
47550
15870545094
30008
58618
16233365435
15527502689
53452
6759
12592886129
62557
70868
50505
21256
12105020867
12634590140
25307
17403689270
56395
18145298051
12167
12013182445
14098378262
41279
11887
17954319475
75243
39545
12024560300
10209
8415070554
19216058698
19510
9479073515
80974
19097466144
17586487825
17560135108
13075566498
6358
20988
77034
14888113232
13984313287
17596
53927
56318
15956331541
18142318836
76976
12093211841
1133
4580
19487136734
10291086043
71283
63744
19774053306
79082
13833
9115836727
11799677245
11363861332
11367
22028
74935
20441513613
12854447336
20719636659
10574953198
8541
17379861039
32302
49381
14337535803
21751
17059587465
40303
21348071005
18227072526
21780614632
26942
67909
9458
71715
59857
75860
15079
18683866392
10979619010
7545
13381240641
21016753675
33496
19544471156
2935
13196
23925377748
7001
28361
9711911561
59400
11596517971
89185
8303
46310
62789
23848787186
10855756055
20957774324
23745624234
23161265594
17068037266
24469707333
44386
21238258896
82699
24951128388
14503
84350
23794151734
25477212785
23372284292
17017597800
18414997454
99811
23320294545
4267
92663
80821
65319
23527483048
75620
23376456579
105936
94586
95097
19667953600
18589739808
26110029109
15023
18685005108
17757091026
17320143028
25334094007
90902
77667
27325087509
19290466809
25622643798
94594
20345043806
9221
21355030214
22448174202
15328
27602012722
22834639619
100675
100518
8829
26373597535
26935116287
96640
100783
14102381168
60362
27677813198
74549
19143811941
102408
23696118231
57334
84758
27016946403
17888
70325
40788
27495246042
112574
16757
47880
98503
58930
121087
50782
84790
90355
15203946449
29313632761
13859202649
8354
19388144890
76972
30175095671
77018
23900204682
118718
23598201135
78148
17717636153
25012151595
28212557026
30260630278
99619
32037165534
28932961657
74308
33180669296
98693
116535
61420
32708595300
76216
12451
23687120179
128084
79514
11735
120366
22497949727
18399
25432266010
133501
32414284125
28853581439
29121431259
33583404389
34357643123
113052
86902
30455655978
47373
30425035718
28534818950
22133007704
131215
75619
20988201691
34603651545
52862
34541645540
32153748965
30483643837
42303
138967
32622089544
12518
22766741722
131285
92520
29365725354
144612
24158576999
58898
35122260114
14665668239
20519467372
29638838728
56091
57871
27067189737
35795204120
31545895893
24495762082
18351970093
16650591948
29001928350
36743504302
36563568016
27729
31807597038
29631435537
21803
26371801888
143443
72317
38528814011
35339291126
38563085844
30702222610
22956730298
84968
113766
17496690169
117238
38037
144189
99516
33143016036
4330
118630
37145169710
101595
16582
39393008743
67712
72037
38831452134
120155
16318600407
89451
127219
146542
150537
23659
39757862941
89967
28522388423
19446311652
100053
40750994546
102685
39740157690
40334913430
12789
131167
91627
17720
33802059119
39386
150208
30311853695
29350313622
34415941824
41976259760
41800
26912239769
26245687233
111055
127803
91262
16237849676
143927
29518
151368
113675
43349088361
3549
82531
100433
26181392781
24959148665
29128716665
138021
66186
30473615286
40119
21616886320
127116
40708014494
128162
24575
122758
99087
172495
13403
19529
34825838835
41446055457
47133
35399867639
87297
20369296772
36406
60628
122895
18763667697
40392922977
19451
40520
17866
33698507191
43992192804
43976287860
38398175519
41384800423
171931
45066702662
41009024968
43750386816
38062665526
23811016058
39472626007
106386
41712635526
36742773237
161626
147557
10098
33796260230
44941
96735
44940277691
35604525170
147379
58847
21674197087
41423662919
38369064098
57322
45360200871
149147
102702
42545605394
65728
126876
46994715512
133704
93150
116085
156803
47580375512
11519
131275
30287338250
27966648380
101707
132870
27752680136
110257
43689532124
42759876539
168361
47302711703
48410938275
35601276278
70917
38638724754
38396086776
41583775270
138093
22770949019
169867
154487
42588948875
136556
22120
145903
41862300625
3814
105256
111438
44219985245
137125
48965848079
149759
178207
160248
162006
195379
113944
10405
32036479389
46113
188733
48637170727
115935
178022
47606224861
44995768525
123855
46614142086
2978
31644712226
50392316068
31327774142
142631
27169980736
86799
50030786238
40744272470
25059975809
146786
38162182254
50468082611
41455
30784157808
48669063546
51000
49904262849
40002536481
201435
19638698153
129346
129336
39046874440
40992515791
45367852961
31239347218
56768
49473879410
153264
168681
51496906612
95839
211391
48071997210
32341578386
51854901485
182375
25462536663
178701
50960286383
51410991907
108671
127842
161703
34111233730
197935
186489
76864
46268828107
85823
31976359416
25123090476
26413
52271221239
19111040248
171834
45913
37012
30010656654
92770
61712
188946
30714
24350995011
33146267611
52259933695
44553789988
48449368380
180334
179141
116048
62242
25068264569
127840
88917
23297417345
44650
86845
183274
27127753653
43115106900
116095
92688
30035429873
123688
204719
27643032400
53505502085
149803
27116107481
91369
34872390786
191102
220109
39951892660
24703334442
41326117138
22835
209049
126214
27433454308
53478092824
6430
95471
44574209603
32625212226
136372
78458
127754
33976061083
51012
35696326374
57562010053
50208926981
34980827676
65779
40328409448
38413873140
4145
78766
55342700415
25115
143977
43487550814
28633
16345
48263
25304
53955511677
36481448885
52739973797
39980601729
30251355350
147554
96524
29060317451
57649519864
226354
45268315763
56861167921
178589
8067
34270895071
31693098126
104297
30896381549
56415495072
54221118851
48692370774
102177
39290
99763
43263945338
143032
50526312662
46184924690
158475
59514242162
104740
58054322419
30963062974
209495
79350
26014466307
39583
54008543238
32699650659
37666
28296699837
135328
211699
146486
50937161343
57203639990
47456973052
30474
57078514288
29012270173
49133980201
232652
47523009178
147137
241045
33278
34470879313
49409727319
51785
58552844210
43570594938
23418
135394
209868
19926
34054083521
30336
60921848114
144124
209369
33266036828
438328
34861199899
105670
58499102823
47872002680
44862816305
135654
44705019175
57672271875
59343381021
172519
52005977690
57942038528
49470257843
55897582448
58404
197932
26611
172989
27413001681
24438794619
61526216629
39758667497
56426993118
37720493305
59976835284
218806
219442
180211
62800268668
59408549929
48779626526
58493914466
61338151249
32898333765
38523676141
59285310241
59669719013
56272863971
54149916894
62688719411
37401026786
38325309780
52620239472
60030740961
60482080022
53693307014
84764
50896678837
172328
63250767136
210363
63968525428
59970773080
43856485477
61407572620
21304
31427661348
38954218276
193271
54435478300
2638
39289137375
30383532299
113230
58047117595
48842408691
250618
219410
78554
135247
63308904223
53740796407
132846
140603
220343
44278937527
54548751184
54255354686
116297
36721433752
243143
78054
230074
104096
166147
168898
54501825524
61148424578
132899
62638233751
231315
64740969656
49902379247
56211017950
167124
263597
119900
20813
68601067559
55913121136
52519631656
140805
250313
39509225992
26244
62448647510
43434235102
62062640263
64813684509
8950
60827093521
57660413862
65250777384
69483965852
38725039074
122704
52209396966
59540047925
238608
50911997979
55441610972
49925795745
43770246594
65822423345
79308
151400
115098
127706
24257
68195248202
68337661315
69778678026
64880477397
44616273000
63794717649
51788415029
281344
199588
149601
58848756048
123585
47016674827
27894
69266428985
60042
42638098057
279009
62602011890
162736
156308
65699852952
307731
83280
193254
51943375700
18264
49215030801
33722373732
53836070193
45947
52947
37900566251
31855
47301816485
58840979528
71878463576
72178723582
131659
68351870326
43646
148195
373556
66151597751
53736415898
64940213510
107163
18947
259508
111908
53082683165
69308726345
145128
74338723694
4147
71805648749
49479
153673
176065
13431
98496
220278
221050
143033
125899
185615
164898
43541666646
63789388234
50951995921
256091
138857
196223
34520019163
41265893440
174822
281158
64292526485
50771707766
150671
21233
39232926404
96583
62858128655
172476
50162
75041591075
140755
62697902650
180912
237470
73401613351
82320
48742435796
72867458701
55113549480
224754
36855
53184371596
32339776964
291314
195407
194933
103771
66469323315
59728384664
73187715841
74418342430
43280195241
174249
131279
73873963063
69131416055
75282079184
141929
251481
59886562063
69213392508
262028
57251001572
78188142585
49579660387
37615630764
105892
67946122835
284736
256284
43983271545
155657
25559
56892113833
71175295579
74606790616
56650
8613
8945
294560
230751
75408975741
77613130419
311982
45642
218464
65246913891
144139
90945
103284
69054618072
273708
17111
50353279109
49419774546
230509
43203
14241
75122697710
32889074533
197255
102914
280687
32844162692
70912615261
75002300664
304497
69177
54919569121
281850
163041
184745
78273218032
48465135927
175173
46885
75308095721
62144709299
68183073428
309836
33672776755
261347
202565
9197
77414252544
294267
178068
279023
49263899839
313345
166465
79024213229
71144
80731838248
271040
274055
60232143075
58199786837
82574395005
122888
78201409531
77344376977
79084767817
305851
76746606450
226997
66014406111
250922
81755310729
77275
282508
294155
54118854562
42445707439
23279
49810
56179732629
14504
62800364664
50420
78723193598
35221
75413564039
63336681611
30362
35981247754
71859
134844
83061244171
66058
53390520583
135415
168612
274558
37573841833
318374
60316352335
285891
58140132249
194730
229951
83366271586
150392
68016520286
78690953025
17094
61918641883
82988173364
155609
42040953461
42488620294
68235908012
311648
39457849840
184013
33820742239
187215
39042256860
82540708830
180396
229759
56028649941
64934076277
63977348211
70216679787
4840
282498
72114461215
85415129780
83321819694
67104917066
79096345380
72243
353354
85388452762
154634
76118568106
85349096992
83876303291
64374915593
36618043129
337406
53971306056
297188
45409276659
55526586460
55862950268
147379
66075513705
317850
183480
65349189704
278017
150870
73709495425
81276407845
49402771143
62606832138
63861643037
86548300012
60091396623
69748453421
88851
35660449983
85591831579
39109
45939
86760858858
183721
42231717913
311936
38734313764
84260055157
20313
49286749331
258837
69088918900
208483
103568
58966360119
81949
130810
55830515566
40304484828
52327270499
116652
135113
50843396148
118630
84890277135
66316465551
24090
82545227279
53923
297336
55635579773
253774
298943
263864
58940
80170688077
295038
84977327003
41353553750
140756
102251
133900
293211
346581
263021
51701113738
584354
80646
87415304006
90029
303194
86735445126
178298
37479070102
184958
48396
42917231649
83926204072
48029766355
78601
87020660727
57522
26942
38333157130
135317
95083
82702132284
121895
77216806588
150482
85210293159
177534
66464320938
441177
79580711152
85794360621
68117619989
183796
86487804041
90874528332
35978853642
72405
12598
38193
103565
87426497797
75246115564
70341457341
276532
42619486881
42595881327
90273159609
64420330265
90437946809
157905
75194672816
58250491322
87907638361
81384596943
66724
85569384234
18599
37464
354335
83865
36935091468
198000
158038
49075101440
195090
92500065475
83704451792
329822
41849318122
276420
161974
76349600098
366648
93930819216
84894033091
206787
275304
183962
72976513299
84346963528
7631
336401
48392679716
74178
84682913478
132365
140292
147958
93645302303
236788
89362826121
319304
12075
81073473497
191876
590184
83805134407
85257
138777
142951
91096868484
74590458034
27181
95884316887
77604917019
296751
69097911585
65355
47653196957
96047314584
206382
360392
42418653663
39252968062
92228461585
41828529902
7283
367203
64451340730
72357876932
215867
66994715876
93185643371
42862626738
315956
92787518280
305541
73553915505
79151332834
88144773062
93863386470
85738384833
193541
84299132144
51737
89606750950
50370603819
85771
419816
41014979012
291532
377587
50663962485
134036
228439
89611578166
218204
71809255647
96814089566
322757
85026461148
39010749441
61406402603
232542
220702
104758
5436
88902488933
221758
21437
93943756902
243036
64630353486
62408337103
279418
81007954379
46793957683
93223949244
74620287896
52696541942
95083071506
105464
41898
81878761104
94517104511
77704
389631
41917396198
30285
324156
81776821632
97900832835
97243
362957
192595
100766876162
54009811362
53154780101
83907
72710
74681147307
273753
350066
200420
218256
28235
88289998559
66699610205
322311
126545
101964138399
97457105938
84167984757
281024
359128
100253697083
78018529751
269784
363498
355217
55293467510
68772766374
89962340148
231919
53558682817
40374718507
355069
94163642737
99768613851
101703430796
120684
147396
217872
57122875327
100782276756
102066734957
30735
221502
43167
88391882118
228730
43207563219
92803232532
45594002059
245398
82949094984
82577
72474957775
258525
214123
106585213263
75400336987
101453899727
98556041264
53900164446
96020343770
286088
99814855331
71428631367
102177027271
387053
104563
106489182881
95556123224
78698058932
64989544680
68432999132
42911396037
253834
100628669598
170287
363900
87349
93847166257
78093236693
79224687439
107534185995
94055
215619
155897
259002
106069754368
193631
370890
318952
175022
250673
68092337489
82085793374
105524301907
109798
403442
95735280414
349649
44792514436
48876
88800433518
230606
188653
157116
337071
215873
56590826724
52117472113
75954703495
349397
68586
86988780182
230220
71745415459
88070360517
197646
48841369556
389865
298028
388299
83317872457
103677069306
92905082475
319865
5336
108138093620
101676324394
107497044878
104616199723
73330619163
351868
80538286666
300907
232652
252269
130666
93362661500
33869
257122
102326174977
78446990016
88444582508
73596999845
30233
91929558943
87607
89119
93030587143
352283
81325
111873
48610108323
108523633962
343332
210980
23666
106750251701
45379041116
318747
159862
80196103966
510693
259469
391498
185884
72499305266
83859526860
67352036267
211158
177613
182271
72298310312
70065956270
86497032127
102163009117
401187
102953489766
98500781182
76729
189652
106251194372
351556
279570
123968
91014240261
256747
114482
468883
57549367155
419601
389320
377972
49177
58983680405
102764825273
72552
333135
44281589016
208421
104429414729
22056
107536149076
384689
110125082240
316799
107310042332
105155547373
103739105025
102949367635
22758
234410
95854081151
61458892109
106873579759
53191392783
393219
407837
108343778326
29375
420300
64860
391434
86662
302467
55378786875
107902329489
105176925523
57390
111141055756
51069340397
418662
67725
113277506103
80925707129
99172205974
59526
99820361416
92200039184
241739
330236
47456714805
256942
309273
236633
304922
108927706402
97889073253
293527
79351
88564281905
85602881267
338221
68776
99051210484
240647
116077
64105
49881077041
329611
55053061364
96078203938
115655208045
110719037647
99326710213
268162
261863
180456
56153280923
116051043324
66566290583
309118
456299
114454024264
85291784994
113486154617
390109
65112
316515
38529
91392058338
81102413022
227422
119383
91487975719
247705
324509
116931096407
91665635293
81700102307
87496437832
31068
42619134631
89308090424
114491759704
66174472025
357105
96814917971
372457
42788
353210
255916
349681
213203
107283
117286067016
117838814843
112054498432
99140
342009
17219
112846855422
324459
28801
417761
86047792613
363204
410165
231135
378091
455422
219350
132708
109964640669
303613
108635420011
119994831397
460557
376529
70394325360
103137
332682
394578
122103681502
105873823720
12913
61023117945
120922020073
478262
69017
338039
109079423561
116812469224
111082
58383161087
6277
102227312282
121817442643
48681634860
119561162919
211186
205715
107628136495
476048
409930
57632888395
89207
79738
102070035366
435711
119529687516
93790370219
77321
48890
9767
35972
172151
83165176564
162241
200537
49735453699
197373
343506
135172
270118
105845698983
313199
58367281246
100669
70000787589
433429
469531
674878
434009
390116
344636
98034092155
296769
52613555025
395823
84026443154
121839065525
123969824904
479241
109584
106603234844
111220034420
85208519244
438812
120317076321
122685487759
119861561540
307051
118584627252
478010
464089
51241
150555
88642278323
183210
130986
68716174817
370951
121172742869
365154
107491533976
57560087196
88940986416
85769137222
360011
108970508989
33585
102006660175
120389792292
97436137202
127539095763
75348
71878833819
243548
133078
149172
126727967310
51134773481
77463068088
89377216225
386116
209763
436157
125846086813
499583
325264
124678324018
258872
128642458536
112307216521
372647
88443
79690638667
197396
112599421455
120853665550
155973
25086
368328
80222
49994983553
326071
215219
104687357708
116441442610
91725949206
115328550033
68140766416
129963005122
54343757189
102230108353
366065
469157
76327831357
106663624260
486807
344878
82828534673
125232980938
302567
74305140169
78642294549
76198
75349
102053671265
94299805585
330781
54897405566
307660
113193329816
18056
121034118160
266088
131901736993
298619
79370549100
472576
203090
56872761367
91205539754
500688
99206653513
346384
111461632723
509997
140778
72065702388
126347573069
370440
94532932640
230806
54089725225
843087
131929448260
395340
40858
85166
469317
90656124892
93201
69871617272
532349
124043982036
130731145849
112122256805
127691176603
91439856378
290057
350001
131603575134
122371191565
127480471778
129343948662
386954
35606
437544
69072505796
181218
97037265504
54820
121489711138
116715149771
57098630050
131385739927
432824
102294367683
472265
31934
534826
3964
128492314919
517048
470682
131889866513
96999966150
110301688735
122692637771
72547365960
90298925635
129093115649
100272115357
111706430172
272657
132568579278
311039
128042471027
218335
64215417822
68177735197
102161971603
70248
192200
85261992399
137202729412
163526
141628
73447249350
307645
264047
136467892139
732708
460442
117407077323
409457
99547840581
138110059254
122747105941
87323994328
462023
525086
102477
16327
76412963248
599985
457784
138281978791
524563
83696550849
375375
228888
69534
71391625493
380401
17021
455477
133468489244
131144373662
114671
136719520296
133881012323
344472
79785258758
57076
125451317452
139938
129418467331
136857369378
319574
113309044126
27632
70222
85300098472
467842
374241
133922653376
67310978840
291013
127606432350
195687
64393646076
114932336789
130532496520
139512566305
139099
159211
391845
104764937756
135248856724
130808538201
708747
119818108829
134145353029
95294608213
127824686062
333975
164957
164241
111230
130709332339
96380552579
675041
57729
356072
137055485098
393993
139591741802
110375653394
139648749576
95573833821
367183
120253685455
110060019010
14157
579001
69024783569
218948
228966
303544
494363
457937
194565
131202329697
69444610433
117112230875
554299
73092765811
140166722195
94824562035
88122483817
424710
136293090145
92247618232
101685462418
69441410815
70142
69965679496
560821
134790
34053
213689
579232
254927
206038
115393353575
135462494603
276032
454744
79707
187235
147095
56953698776
401479
114563432013
275091
83351697915
263378
141504692935
103956
216520
18129
495122
112333304806
134623489560
29399
343571
60893303115
137761719581
308793
301543
55188202630
551632
234416
257347
135124227955
157881
79971
466677
103910258873
498176
91852
134002660691
558411
67624
138667313091
561069
25617
39247
62138726781
62551890569
143015759897
120788146957
137643207519
79297904173
140741523141
131880052417
141618582941
462692
491584
136354010852
140787813546
81761837433
129942118613
390818
92918195521
129296543722
115704655319
120814174034
133531892572
383982
94673
134133819323
18483
366397
187161
135625709793
132563124351
499938
71943507275
100736036521
173414
109675361986
79902873122
117256118409
133089061815
242023
98588474925
409425
46690
124420879064
144659973171
95239178218
32087
476020
98307257542
212145
116606188680
122866047777
93223380072
263078
270439
448669
32659
437968
45056
374306
130909
138518821091
75565127963
99309789982
124755539862
124597025061
130206751323
121828320413
630407
389276
262077
325818
224052
125966819049
416667
135098090018
137816977088
101724867515
135548052351
142111949640
97322524797
102411996803
100606544297
188629
537475
396373
568067
55722421655
148727464044
137994145024
139935667639
540188
296847
721292
335996
540199
72740
330093
143567345122
133452984639
100933
143489062654
316659
129881233263
95292980447
93440
140705693977
141491156473
133674467857
601920
177979
326909
96654633986
140822
147572342320
82569040238
437618
150694564703
125196352379
71964
150226533414
495528
529816
87844504135
23450
144159601538
148593692122
131212815594
122705334757
130575082736
142883536412
134657
491512
288078
123105531570
148794056705
131833595871
64069
138213
96259895791
60882889977
28248
77676
587284
101694907601
146946926051
453593
110758
508197
150280453137
133382325947
537185
147961533017
128307
70947998117
114859400649
246697
141279209144
504329
146575718988
610429
129410799186
130048246333
151730211705
532095
101253574436
81833709678
73030457894
127097341033
38088
223623
440377
177357
77955371372
89530451268
127859045284
110159665197
222514
59869262909
537941
238912
147565717624
516391
114014726801
249322
149437307271
115869240026
119311806566
128879670493
601899
261182
468963
114049
144011783056
105859082001
542704
137918284888
85528
265333
97236490879
71206870834
67919575321
135123090180
443524
151044791041
524982
154711019325
201561
152520133466
237006
153528680414
71915061603
104621642098
501985
582944
121501855518
487164
270556
119772887012
331896
154950
174854
95547227605
42260
124179606916
278229
134185442886
432291
122833388771
294947
575634
146970909439
424288
60978546618
97833484095
481516
207551
185644
155903062707
154477162807
22769
76822507440
93536758776
121833305342
158585614679
301441
58361598508
106657041628
466454
289504
145138543910
146933921362
132562310725
312499
575833
136070217831
369138
172743
87311469158
417433
216416
114029802181
155108140639
102002714157
27282
600977
148668941787
553245
96022716297
84729386180
295085
98037897367
144229038128
135788
532748
110067915845
72205
146225994580
98929027169
150744227241
67143380645
274518
249781
98199121560
143980392870
379459
187793
122696864564
100342603041
63487696368
581865
81325
151783788540
162005801538
461682
155943918974
293682
157360762285
430562
293478
92527
533678
375764
509074
514681
40593
123168147602
119139734516
366679
162683556089
119436
575366
156890139203
158004352517
152946403134
157102064799
170905
137044
143240700039
156801500387
148000140288
620099
111793897223
143232819997
519242
99225283941
491422
353688
107343240484
134021424260
160409460350
129720981782
156194158619
413340
158863270742
123274917218
106417
71674147406
603382
349098
160688478342
101638876320
149734388424
66821724077
118097499871
517559
90062797672
155463888526
124279082158
157183050837
220336
521773
85944493171
130481276306
119043124762
107768195534
130396
577241
117715
69768
289509
293335
153327363689
420237
136846488281
102647
64700827634
300087
573470
140517391073
21009
81151103543
615849
158372522116
140721263460
151090648222
553294
93482
63902581281
21992
650555
532668
460264
164688810860
104078931951
495078
108558962839
45511
63100175582
347747
445608
136090788194
142563647728
540074
92390995768
384100
575467
588637
79576
163426623746
394820
671297
26652
159174
433002
968495
112978236684
261341
154290009135
2855
156236149506
297119
136542464089
496445
493788
89257199802
137575989740
115815770372
409011
630438
141296440456
107223
633634
223690
549512
112143434529
167286260254
165982115289
138461039889
170681836635
533837
361423
110143588615
87055
212727
91484084308
422520
382728
18040
92297565333
174090
161730848008
111132568510
426176
243214
21800
583617
153038301567
290831
587925
377178
516967
141582788507
561459
168449239909
532179
70100737489
99506889823
375405
217478
117955101534
153057909895
628282
78772888665
605596
147507445022
96788092232
99104
148990203264
135154519530
169281991179
240110
1039907
220485
577169
157925825586
40547
125980853659
32230
168041458952
436429
104021124978
141395279017
95151
525739
83086210734
165544706967
82157443908
144757058170
84342582776
128926610631
519068
332967
47506
85037486858
589499
146333
162401671540
171171634447
101877702215
122478407080
92174082359
904133
171915350730
96286835323
159738994455
132426903991
1084205
685089
115925521087
166738
159197816170
447154
42074
170529050725
163309911619
333318
113924985835
166269113640
505466
336686
143907991207
125301152195
426949
93086
210750
88733805585
142945468252
669459
193064
403831
86965876022
14358
88710
159365587740
262694
95751
171052840616
153984488577
387510
449161
111493688013
130025
180674
95026
158439436529
617758
120547797840
166957335655
483739
131274699972
119350134789
80299287293
99255222383
94106380821
518030
101879731831
174285135018
166031064834
352547
146305129304
382587
321225
116344
276903
29655
94691725276
357533
172203157552
129112397887
425487
318102
220819
356023
72151395591
172811720004
87516611913
173958167240
16473
173199027116
524570
162883135783
155265866572
304510
94188262090
496509
172039667170
138820710671
685104
157432692028
649989
178682005543
147699938659
89839059210
175745715620
433696
44507
93679969912
157769682847
61162
35503
30598
577284
446427
176943689814
462801
298622
371952
81238716420
152657
152844307595
660258
100959164186
123341004577
506753
175836718192
174399713944
379709
158017523579
170079222548
155513605424
162236795666
84640502046
159067064162
156536173145
373200
155625363687
171737908254
715310
236550
112951641407
119633683304
167276454980
173196300955
288242
86924836720
179390899293
1141243
60604
153417489824
69167
164764268396
101694836294
167314599767
581755
21677
171755943868
684505
121951424257
141725093436
51709
149226
92815238912
130434292819
3859
124991571911
176364043940
119431825560
169697991744
181031711522
513986
64207
98169
114076871030
175482609476
165126284374
175358465553
123583
89274222370
124248729330
170488592562
166887309384
486733
171094718470
72177
157407754467
371485
370646
546928
479429
132226348482
165417189142
170097402742
141392235111
292640
105053641719
176818281954
171035264591
125299
189441
359357
510632
424760
152748948026
166576333029
125536988035
182165020369
139818682758
136504249097
174098296652
162943853815
82223031791
134058515118
616365
144559652836
327506
495027
182344570636
173838006474
408771
164778
385544
549679
89593948059
105555894974
349172
160645929109
468117
184540
98460810801
903739
174515024298
443006
210235
643694
173355335887
164421784309
165290112675
175822543748
146738974937
417451
135233973965
202287
688087
117661704251
366602
93574164882
129265528369
101250335539
146064327109
159966
537128
175931070732
87113931475
157287853790
47470
170128205450
432452
86429
84420350100
545949
604396
177609153487
65309
99567
129924784399
152466243948
358296
184037515402
111044376079
101101223097
673189
168749635508
101363132225
20168
107163251201
637756
606836
380148
464329
183723633820
413816
14939
719279
143223817288
138506931198
333108
158712471885
126842332213
265635
153781342389
311138
177659
106540019279
86036701636
736757
588363
140064442291
176662296242
184612011934
122766443618
414971
174389148022
578500
173974883378
168212039262
752523
139515962583
107873975680
117533031534
88637744059
185526077482
331381
316552
89719846940
19118
208922
753628
661747
175809158573
31686
143698823153
217340
466732
161010700945
169725417813
170444040672
439256
168665426004
223351
504466
160894624615
109892211245
171824286020
47292
189910507231
259673
735360
306861
722964
531283
89812712277
352861
410545
178472019025
182456267941
84927998725
97924
167170491102
186365535570
478769
707867
522820
108481843440
217588
171753810049
167650
160831927543
88961
504244
121595958453
178022475270
643735
146829416126
25133
49616
257236
145498853026
387534
178878237124
477719
110315
861062
176544121940
40590
167556576944
406378
200612
115876241180
191381615212
133612144837
96431387201
103939276799
150721784770
77000814962
165729125835
544434
175582701985
143758
175685381191
665210
653353
706812
95748980116
259414
110208946708
89977310791
312426
587143
445145
157108052832
184063681835
191089145934
143521
187917335199
598640
115128604645
144230395678
154401970820
110249743791
86466397590
225309
129917098252
42067
640280
175349947749
117282
130365548650
622008
152042098300
197807
492283
184572271277
213029
130242510202
322799
130373
192874615207
511240
163665122803
180679420533
172070001698
442010
766767
91367321931
277319
183023182132
47547
586672
125829257022
159343642976
192116163320
192329926280
186201587080
188772611249
163081284956
729791
231396
563703
614785
275724
427063
742776
147794782472
148677756900
420778
131356184276
163045412334
147850521877
19094
432168
133009112402
38449
611824
345789
645116
429332
104314289088
392855
665990
763389
100042882588
182171
179153045709
196206905987
188899695878
188647818135
207829
1155399
184013291670
185816618212
615768
174292
80418476844
189311902392
123450321605
151890110018
117902155118
1025791
576075
633255
107078562856
193862381441
187124805871
610922
412883
604633
195888924527
322756
196229256093
89339052584
235274
168616987614
195938824196
191931524895
302005
282884
81743373618
122300819386
620760
180254502540
196992298331
91759489073
751287
6678
90108
168000806023
623016
127619808869
521123
38613
160888404238
660846
164871776796
348564
86764040023
523574
185862
711849
174256409157
198847505753
183622619804
188943968231
142060502685
134850431947
151942328201
733190
183232305448
627639
317148
191158864474
103023855168
270546
197475631120
183784659561
453502
179429795381
653146
321682
196276247591
82647981653
701030
96604038350
140836906281
148652386300
358128
144844647821
6313
521979
606433
675157
361103
190209521811
192262581029
156438
586425
481839
187760546264
109182542269
335907
105375046239
111349313983
150729568462
336037
78866
169876106398
147907332832
901869
309603
440652
167757917462
92080500982
666099
304652
232755
196814922991
91713466335
160736768939
564226
476160
811622
1473879
791675
148721602382
83522317679
265588
138750822459
538154
676180
99438
85478778956
811271
150913537193
81462
179732774504
175146
925724
191923204316
700467
749472
661854
736117
86577580077
97102970967
194202681878
745754
564074
104434531825
684269
745863
1154158
131218981923
196940346975
62714
110753828264
188439750252
238218
188785593371
175782272975
187119
190557740851
602242
102534210755
202818288451
180193696467
627668
638573
796446
151414347778
182239722803
158532038123
302734
301918
127374494144
623125
96192393529
199558921388
86021
104209801188
114660781707
801943
173703461190
181660109131
193234096274
188421999022
84302481306
448350
641934
160704523082
741537
392244
188549799893
659739
165730245933
130976802427
187202923254
114010042665
504543
791286
355738
553369
150764403042
192366093066
193136179208
25135
397295
206294863591
197718172334
953696
128519
97708034867
189834980822
109773405881
407627
174962792331
190776507309
680300
99175
551922
157286719227
204399678361
694024
175057570774
124122331035
593136
142555071038
57482
118028573134
180706833985
178158216013
727210
431307
267985
76265
27158
603294
201890529421
203807608198
120774517752
700377
178214631497
111996765379
196132813950
87972316315
144478397330
196414103317
129917
282419
428783
749358
342094
161258371080
207665665961
792304
823884
202790252965
127615465388
691939
180152387746
109550979449
271909
156969
583291
213236
200788924620
102637
157877415125
132753259286
119862167653
193466634370
150318555542
153970637622
206947273643
199453959564
189117
408660
848153
101131
88683844963
188963736731
194971922022
667461
1178995
390974
644746
192133
191931252383
91022226121
350144
283362
242687
396740
197108497037
446749
129619130441
136333335333
208044970146
65564
199624854987
143674704903
107311162027
752343
149087664751
198360755505
1306947
674120
209183785802
66916
568964
114255
110355052848
904163
53555
161219
164057446502
174734160756
376463
156446484885
345744
110760084988
105722473902
719830
253325
619349
45731
185147397344
54977
208829274252
907748
142741501519
206683465592
364607
846073
671538
108355999150
208664018536
354346
202040224314
429095
773006
168610
357974
584181
130851051059
102641
33012
157184847002
145941
193430589938
373417
433355
166004738742
619953
186129306991
93434
195692422590
470250
668386
325468
142212036393
147550988009
641415
113676633019
472712
551283
104929422180
213557470681
171324
860933
378915
137675
204843588991
341288
124386328661
202793178129
214523608176
191785433091
187405569511
162421
98034180352
556512
16354
366733
209210
149713023618
160887872522
196553174531
430493
202888314101
187524922721
1425734
158615549558
285823
132770652690
72875
217554976967
155394830800
566298
83136115416
209495541382
197833397329
116646
164984
509832
289179
177651990575
804341
143982636002
837244
112550383518
552661
120442733740
209650811799
579241
476149
91420704509
637321
164831175545
214214692283
177290810474
114505265431
425560
600033
797412
846106
108516
201297155886
195562668544
150418914252
207350693501
198916938250
125353879950
135847644842
411323
486094
454444
288915
206962212726
191734838974
574875
586248
37220
172088
268363
1633934
694411
98968545382
678912
193438437371
99424316652
109444187072
216890225893
40455
184619183937
159938
257865
113419859987
149896470012
220958461501
149118858049
476340
192581941135
281356
200775267358
641678
1728199
102679746827
168792502312
318973
313572
137000468916
524606
696521
223859863647
186880314062
153182809673
760785
800203
189015605532
1252417
55167
215650743533
214299714158
880121
864302
182378852851
208212760064
120887781907
98708633902
684041
217781594401
205868108024
212589951719
383786
515182
823176
372694
450845
177534011395
83930761234
627696
888006
149337766315
864320
734213
52805
1044612
681751
881071
158789157742
496511
539
223727497979
224238092779
114489467918
792476
566015
413634
46142
198780782620
94858
209213242819
369431
427235
76403
202546903096
96834
182318446479
1311641
99325156570
221128532366
591375
206777361293
157333163765
200518859067
176912900075
165990464243
131967293599
83764929445
1396975
672282
81426
1381472
160736893793
483556
363360
895751
168290220280
451286
720017
187410381381
306494
48124
499849
832337
175481858822
102325764826
727922
105399766786
614179
191227434199
805299
296096
214003282553
495933
576068
432589
706188
95979140803
96911474214
563172
204430464618
138735093967
185978
213668575366
872965
169196596399
770759
169752388556
795136
344260
52877
773118
553735
537198
102037800193
443827
221122679310
162257360968
118935
475996
206949568217
808855
133616
123383703837
137690
223941065859
153639
219708
150052972554
231427668825
231165972034
132139242140
727202
128954785366
336338
49909
190458359237
95901333274
638676
466116
160151645755
152057108457
128390080908
225864784515
111068275502
56920
167126
166316632577
191617617428
145151
217833835407
206802117304
102589502041
93802217789
213316266118
506701
775001
271595
890457
125420012750
906624
499352
96471188280
65631
141055665805
11371
117432491670
705167
228937
192621596612
115752006554
191271951723
124379354447
80502
548116
227662417879
623953
110543592232
232415072105
471188
524818
201709003742
175499995320
166147849747
619402
136438
234695084912
933104
126733861548
24682
225527921421
218123126081
207144013841
138034839002
249258
156976567441
134642191200
694108
110861975969
222431200154
900936
204492459152
793185
221705798545
212825672632
502468
213098679900
228417949100
164445099846
228382671420
108754788264
235328335837
233462599714
737110
565786
35667
209416
576892
342919
234901583369
225493112163
490669
154878844264
233674114759
92835584909
159461344217
219997
686640
41431
759882
323229
138100887255
191355175478
233184982463
123497014170
125296
101021
137661794584
233285022955
571279
719746
141576886158
228168833450
939961
232883963573
392053
523908
746917
273868
177429
110211947205
188933663495
767641
796118
444736
208763588077
180313642338
234063921830
219573513286
803890
748857
418675
825995
230286714130
217940626941
237238693944
237763204749
182501
237352266823
183247922474
212972
237829526843
142567682679
75409
225045520566
229854828370
89536715317
158981056693
141368817899
951210
304809
329012
132604556906
176438766506
673390
521786
183896972055
760430
218167085122
118540
128230486918
187203714187
219894047609
125035437947
217679143391
229024176691
199348731863
200537349689
883203
234857818972
936732
622311
346320
507678
834507
582671
393610
484521
228004818552
867762
241021551083
114087876839
849058
663824
174181203707
177730295698
240314738978
491347
212956754233
170278967955
137990988999
183386866960
241191987667
200244344803
180277522757
143657
109515037584
235657733896
951518
159060700770
842005
213848747294
523128
236878300434
185275783422
468964
101308
176268034201
803906
251910
194150240536
105221802022
140860641706
122234888319
615769
179799685661
850294
211770217687
1107335
227271275378
172743185812
1264678
322387
347073
196189709381
401406
182150889911
229673979258
542831
931285
748273
142727441034
123900
94609066266
576271
239306533827
153036895410
235597230282
139710968383
199385314816
624751
201562923679
225343485727
176552650811
97961327658
326804
408458
281991
203116
92441257657
141467688668
485414
626704
882735
621883
998380
227953007784
154660968642
401341
106460509207
212891136864
100894383172
229635389980
346064
209617606648
173397911857
216128239676
229536478106
157903665726
232607992535
64671
887721
242742473065
204063332644
238187132296
724935
334348
223276264939
361271
721152
236170774837
138456
757681
224313501613
135093728332
940933
234305
1241621
235434677692
114326331735
207917053498
231324545807
395021
110187781638
223378570694
203019404378
207565826216
45942
385644
754933
858103
1080795
386088
527786
608597
130400922992
312312
193383487425
973179
124860934876
247170927128
222607794222
744301
647219
97841769528
908593
236073658128
529464
161802024294
123692343378
568825
226731559539
118019791962
238181792016
200538504806
719290
213958
294309
240222891130
973652
203552549862
895032
545773
55093
194287065133
235250943723
214263837769
140751770790
249754170872
200694900481
28179
220269502838
214520005674
158683445054
178942637557
1432566
246917348279
125517566812
167687286030
727950
772631
130035008011
742771
206593959793
505754
156731351369
148016392794
649651
229417786513
189465327905
101177904693
239871543915
235710948264
128748630890
122956647257
55055
231299328531
390362
146623811685
169084685845
18054
243147529426
411713
531531
203923512983
225868839974
178495854644
210683653616
243857154684
158873463499
420600
196632752301
226232550981
562751
247676640932
246025701193
652462
70515
100067042727
194871331859
186590787849
588495
329979
419890
244920843732
246927178956
225969103820
468903
215340569992
237723691069
255425026573
174475793840
240971188581
135270608139
200228563026
207161552069
247370726614
174878798918
105984
456589
1032028
131357454603
826281
695853
234650328572
171047555542
208740066467
966813
165055
971036
581392
99746
701159
212771115112
227439216234
841453
189480136700
245977068783
150999661056
249767353041
219511233914
170869875052
105663762084
582807
265545
221961210165
208847909040
1203463
250805
219246148921
95538923931
103554132752
118159477768
156256237126
139982140475
224585729435
200884723152
939495
193322994144
230414126293
646512
102036
144623173944
97277
801434
201819074354
200085150394
133643661171
355571
339059
258326987140
124234844912
113430392770
228121997577
216499455019
973116
215894479770
989456
104324153475
257431475649
499318
354134
809816
247535473513
137564
203970879706
221333602407
120404346823
364480
132951133637
253543546823
576197
205623693363
966589
26652
406222
254622976789
610532
252321904684
775766
234686716857
104182
237068
1872226
376061
251152503855
208017036108
262050932770
257301
261021946038
861197
244086459049
137492849951
253827714244
318712
247493936837
125405864275
126174873627
194972587296
200199472159
872899
825569
782341
841369
412308
574086
747388
190613800595
205038506227
239323451987
984490
149395
220564303795
256954615454
562915
651315
106207
263557824100
196059940194
158959312099
294759
1414475
1034632
242673867988
788950
701736
387236
249919078788
953744
212849881114
171064478260
195270601409
166474630362
359249
168767950921
251049139193
154053929874
954519
159282603954
203998614724
575364
256436
143391911317
20486
167363951041
506207
423660
250242936222
150798866799
154742938884
255708274227
137681602282
361759
184286862743
888444
214212
251893154495
33549
122940454988
152716345402
578002
860454
263337108011
1062809
1042580
805415
258680258917
242323676629
243252364610
304518
231024
623195
244837504746
131024524131
707106
811327
783011
983
131935886893
460567
199735567595
938382
434255
969760
539684
18975
34909
1226340
174843190864
235444179965
243618723135
1194993
411094
672441
696140
215590053922
168364903061
171440104212
262137625426
253236311479
883210
252869126271
122486442307
265428319656
160416
779152
233950944560
264190293926
550308
341947
132417123583
533093
394288
209498518745
308904
270628625857
272033821424
163355487595
139443494877
499852
262830649048
356443
206498130311
244996004897
49186
68966
262580327259
373856
237952
636284
250207327572
209268777195
148062717023
219049620229
237565027475
1002650
176533101464
227293469444
130769879410
266635818092
119439608071
220642456558
268727721640
356291
262623148455
333725
158139341018
775106
694976
250298560007
932877
49739
254969032515
348038
98447
127215581682
304424
246876487715
752369
259108164014
226266982554
328012
267027434780
272967458624
976771
246248602224
239702500439
16950
1061453
259370041595
183649274992
254970867612
824135
256473270563
216345558838
122848
219662908969
917408
114982769874
239189222884
262516937677
112513
849525
227333570310
279939
183416423458
242874351856
150451640824
183548919542
872231
581164
234163883765
690082
254766647300
270348
267104470933
172431482316
161028708981
251947376148
213134758582
980302
753417
1472974
260893614125
85706
274214816980
1075949
889709
508554
152310344184
1004569
429288
104717
11105
1105824
218180082766
264195813585
141047336778
128994151174
154895280188
138525932562
188335700434
209483
879312
145155176396
477036
309331
542717
1002165
208342662791
161004353210
40717
203634606062
207118
415329
150916972898
219542116849
856950
245609812113
110898662392
993258
860782
164754586330
385605
652432
999582
1038197
267448828173
251688670724
246403280703
210276683031
1105599
38213
115451772922
270175876346
745200
145595772236
245341444237
608491
239182534255
30661
234455588981
626176
579525
120088130693
198198145587
101563223984
226739257934
263941661997
204604760675
604809
407828
120028803663
252406489498
188479099796
259352102953
737471
1038075
101572884488
257216257546
216906939051
513038
887528
159065224795
190674558915
969937
150831096329
849119
266758629951
248945000806
1339413
244063491736
698824
152761628005
1836425
214625656132
263015947569
200553
376092
253599
521974
1054242
257096812071
1125043
217597614567
207870782645
462299
1117979
236909689184
564142
185212367029
210693024078
270226996950
281463801099
125590753810
182065273017
215785187594
902958
102254
262484275812
1042475
27403
106718
278564588802
355471
50424
129042594508
180470612531
172874513999
260356240402
155657
959524
112542397648
210279
1114434
966276
116402545190
280558726701
445617
145339827700
154486123567
167849421877
240896245589
258513079261
319604
136878259719
121109727666
1037746
138153
120731508048
272869828268
179110131288
242036623884
79755
93406
259091451387
799693
277740284848
105005
906325
787212
265068333710
245460227698
240443437061
1134560
618938
350357
50704
1082338
606443
38869
112060171512
401871
755769
183215305126
255967741773
240913507051
221469180635
186014785894
1110578
265219636906
438730
11482
216131832731
274866582712
1146991
303210
636100
246801693105
240140617847
282617833150
276720677512
282129785552
249249315443
741456
234092
735843
76527
1126631
1087609
258433045707
1074090
181408614640
125023002404
277345756338
152039899762
286184574649
253998949136
949612
244677445332
612149
267110638913
750023
123985
284254986559
270425738131
1107538
258786326859
261666798237
269416669580
158755055308
347386
123231
944514
780010
494173
183536668315
160089537719
140020357441
834736
1175314
183700653460
268404238728
203536256278
230535809428
200346705831
153829179820
501613
246807456734
246536443968
355840
210846317251
275300997826
189117926246
337631
133581
185691268467
295587
278935693786
735187
793881
139098128351
754760
473342
443051
289584
1009957
126280105021
780179
212449
172534094025
270520
276525456297
274720703178
421632
133533951280
228137903615
270389401045
280131484607
155215949839
279301137935
849207
261694279792
204075833211
174290624746
860394
1052521
845496
266048904529
367357
224820552766
235509066519
260198489560
969485
631900
139072903092
143082807127
380327
1144498
265193223675
931894
215383723203
956368
416074
167921641822
267132737073
239133076831
373645
229183250485
651663
565122
272099466814
1101761
274412763803
427909
587821
123803809653
64535
268267507916
506645
275414163584
279727
256695
995358
954333
259725269395
621648
290398
155914740065
166150878317
39019
407484
291621321425
149546
212393691320
281956114909
963097
97045
128974516364
278012493540
388599
767751
573594
270504158727
285869673174
289525266100
1566947
214239141087
234598242475
282304591372
1157583
50542
564757
252873225410
154085
212259202333
291852432892
919623
754247
85699
782782
164886253857
1176854
539506
517460
594734
228767924510
252181033480
586692
508834
557193
536983
1043957
234640363789
1180298
193285
214702547003
248429463639
285989718185
1139080
289364394018
274787435507
288590056172
986380
148060402570
284836219175
244365966119
659327
711057
286538282041
640085
261516
282928588974
989740
488522
1126730
685014
292079
715790
248506329373
460793
1004906
409140
661639
902477
247188
278700087908
541143
1089199
148719930694
136442011436
200445842317
284341337388
130459
277738856083
262879280303
243925429392
240158083261
1264893
587263
75929
1131705
268545393814
1169835
296112978031
1024720
197801769892
1155888
908067
1123549
357205
861247
135102414855
124654
245738944235
1051067
1375868
191174368659
278667
203403731343
131019
265928125546
134705959845
240694745269
216308816024
1460588
546607
341238
130236863180
260298780507
764533
37549
798045
260124871677
1284038
96793
292265474790
250883
391133
524208
296598027352
254023090731
249310703823
610424
3023200
272673552096
255463925101
220835223089
29864
173092657213
293620058283
810916
237397729593
283601996108
281198541013
1031706
250883
186939733800
298045711021
203000402451
874085
285159730420
287116836814
286090136186
1202056
272542864745
1209220
939432
1153374
274945503282
292756166553
440168
882691
225547320144
897681
1170073
494482
914716
266423145688
275264740099
237426167527
669472
289241964489
554912
1162381
222625124344
195200883121
216627958369
1091320
287703673202
256414480580
472116
238713315768
260245081413
287460953571
602802
252697525973
1331038
287287042121
278843724490
296525734515
284928397770
143201706945
280983642549
265806950269
962582
253825787594
527865
92450
158502128491
234984568559
1415737
288726174037
139181283210
70482
299805376724
211820019967
294019386279
317190
1009304
1015066
99119
287238707990
664738
128721676013
1100057
463773
587035
216801
291649712562
902396
130596429536
577763
1017646
171794
415804
1235814
353769
221454839953
1620850
633740
402390
130487417839
121579389777
411969
295982063842
702861
256189100752
596936
619086
923147
523939
841359
276522074959
1006573
255103182017
411085
751720
523039
478181
1164769
224983330367
292963331025
931077
149427658678
296973313782
744060
139214
512882
224328
182315440379
142111367948
903356
299893584964
1077790
286112419867
443147
376330
287097302586
300675079633
267975113285
149641
1778394
295915145574
351037
234980248358
273785728303
836576
769833
492493
138557
183468390883
942877
23003
1063539
297328637074
80067
285740090465
770596
280412973390
1172651
115037
269042205380
367295
403436
277265131657
289694162425
651016
268578
658273
270907166799
591571
654989
192848733707
294763744531
249193470636
30772
261268796707
1090712
307436204502
668041
308303374098
672230
264517971599
193343200691
268810228943
1242749
794843
189821
844428
298613857605
297655750473
234035985113
501083
214039720167
29900
33566
500631
1216807
765097
860700
272226254154
256335938324
1034056
250852406698
302276341965
256000874255
173398924380
1219597
135573843917
311286094926
1046006
2368056
421045
1072177
305896360326
348603
127346
302184301289
140144766446
162641294672
672279
396158
304265749059
735292
278913260894
174838285897
1233230
168195
1247753
639261
176272229079
209337354571
410791
784987
105251
522569
223723848559
281158576508
308540613718
294834772448
308145453123
264662423516
814252
505961
302489660731
295292990089
1020635
126367942130
823928
90828
1252477
296511928693
285000036996
283839
939203
337654
240821822318
292097183073
281524167116
115958
46607
350253
441286
138689816714
349619
293776905536
295994599858
240082166874
132984931006
81055
68435
233852
363014
562558
145353878019
1001145
432627
299370372618
199959523045
243872
213380
1214579
158618721840
295722140124
980728
301844337171
255484969031
980922
194313656090
365297
299823804161
214519692404
309761767935
555619
298496780462
293615
167976075034
252762913595
602142
54897
274715631389
261848923076
711942
1139013
152152
682898
130660871205
1086518
264299979581
306630275244
280772343232
218789
306536921119
225140295211
357180
555022
1032920
271259167035
174101
275415621161
679975
246741009660
308046627807
329133
309989045704
82977
210532297074
682948
216069028676
243493748012
241857315219
139307942425
230721220650
143080
1038438
45149
283753256881
443659
303788336362
835551
1078359
256753324567
33599
1118936
257469858410
319689141064
739356
271163048863
1105845
943400
229451712418
300761344803
237678932296
560708
790783
928702
1068698
229015
1110549
242007676103
948221
255907189605
311392951784
1287575
303968
234809422352
1567917
275179672931
306441956260
293966361288
299599836451
314959180354
577017
462755
69700
203038
575781
255947193978
146922786908
1266658
259982221407
521725
444823
267129917963
316319088201
885583
800360
171679221619
250079183688
886730
1081334
310850
219687677110
230310316440
276831212261
318817283052
255030
194234131544
77222
176738139749
1096566
473190
229427330013
279399948545
1065768
280666212529
146874084615
266891237479
1279619
301163372671
261691497639
222050
315836187177
742299
197826049708
1036856
157625110605
597429
1278809
318914294636
281699010500
299058554696
176633026398
1977360
78055
105261
306116381391
191138182757
832359
430302
289098881864
226655
596881
219135719834
301272322239
157264772428
1185844
697951
1229406
294510956623
335932
317169777959
868851
1048706
693233
281834599356
310375038720
948413
57787
420181
297618541077
138745051060
280854448123
254496696140
300883561501
1002223
416609
264447212786
224959138710
581314
281452060048
1040341
1267713
138188367377
243524837214
234598202260
86742
911860
312502689574
1956460
624376
214976532992
314004566879
321735
134650122426
1266703
931599
17579
714333
303387695300
709263
324406859134
306118676762
1007404
1618891
141635713941
1181042
1121202
326274346146
255716439636
433209
1118638
812302
311025450933
321468319252
1251423
1017996
128064
325038135993
180087
138256016275
583009
136262551945
364439
236714458761
303286371384
1095663
864214
940337
247135175456
326890288555
1069145
1166755
263481081105
146227
1001072
143875649098
423123
278902490520
266419888601
274490481104
394534
916523
1152280
218246784537
315519611153
91132
454186
305762567441
659709
243628404688
514261
325856852311
1270696
885259
1208945
318472046157
429078
747112
304469254376
1648293
303525300649
265038414232
309523875458
239950
1088131
1109613
99701
1657467
1188905
189681380965
327005489070
824097
310771
297149579525
318040828277
234246720919
218104786276
898776
180683712628
105398
854402
279988391556
288037819238
291173055253
59200
1185674
148236507963
333623454481
1299389
191643322977
319672465659
1073962
309192328765
857684
285452397096
352671
1034054
558910
1066203
325852423929
299962706188
209831676930
247196894191
161701970312
1825663
180809609566
261061625785
308608006568
196667977804
282930110335
243544
270012643490
317058585569
989007
1250581
334484176843
1252341
11307
790866
167272080027
154035264327
1113799
591197
207973
191341
528949
731917
159247216398
1409571
161540490465
495017
149922392605
132788806248
204893
291092873252
956471
329118860028
1229226
1090129
761555
472038
296349186219
1352473
977064
368319
321329523570
1026977
305761097651
292439891893
1270657
417859
316790239218
1272298
276850716041
230495410241
247201936306
197393951524
316267024433
1162779
1251188
328329667995
1112770
876811
147955400909
312883430927
1063963
725188
300764445400
72127
743915
855458
199825883153
228530
1059442
204746019406
290486341964
327179316907
194027464247
873881
210838215965
1137267
690493
227589240304
110473
686223
1220598
325601958311
12826
1286028
148262652682
176652204007
285905258719
1337713
285240
532140
1357055
864733
667972
314130666501
255772
906552
144159
299989
799504
312179933749
224025604832
986205
206185157046
320668325852
329847199504
180558002604
142074170398
4132
1007537
200119985029
13978
207646338762
335936855752
143448075615
315072585697
198712
258042203482
10373
165324211331
833972
1313288
553535
235984292075
255951479340
316397204080
869826
140882838475
267713842216
288905617383
884885
209191096499
633022
149139
314897859929
1336500
1222648
877432
1211112
812248
307904195907
357890
228200433174
306848063951
776148
225280
237183
214097
316020722643
186251919481
86047
763098
324931489364
946784
1249369
514827
310873478603
77623
587514
1380401
303311215226
2311353
175562839102
547223
1655178
309315657225
1362161
188779454725
285732114564
99952
855557
290230605664
810024
1412148
305492891717
217001132104
641157
932181
334476153078
187619265983
862736
328095293879
290551623352
254818902154
263170994552
164868468479
1236514
278993528908
770040
365647
125356
330700590744
865987
942371
628733
83297
138060455623
309711316020
1064499
272344330316
1345011
591241
145789
326699845099
240349721310
1327198
179945
302122005322
309810765938
331006
919667
307401727001
319582779529
332623507151
146289
240374281820
345917246098
274543
319556451570
644142
194954
1143930
282508154101
325288364995
154848526433
1007299
328558517294
1224385
305354
690522
795585
1398649
318443972307
570085
245216
336737920407
292254591280
213897682031
310319065315
298511613770
230255402045
1029632
260227140910
114705
302514278957
956773
270002314388
240629497407
661118
298639560957
549584
263569537960
570118
211742407290
315381498946
1856947
298663686104
327962274812
257107939932
275740648005
1359410
242719
619908
766759
1864300
331376
166891991757
320075203442
288136483879
202778581461
490551
325481106527
345808454544
271752569689
100155
1041187
1052071
346793499547
142381773689
174222
194434483457
35264
1123591
138309374793
308808036368
344198683413
338877795065
340120681900
750671
307326831550
1295672
1132702
326769986449
445416
347388124196
238332478255
331786017725
329860249437
268399320247
217623
158514602934
169195596106
784851
271458813213
299452799043
1405911
769123
566495
345155710580
305889013560
304813388044
334939273257
347660847198
1173382
37869
2182601
229229207712
242202512933
337352065045
887376
784934
296702627571
271150975179
1063528
277857012920
191091456910
134552046956
289284024207
455996
1202222
200507665340
204653
337859763173
152404751638
836009
312069234103
344309509525
23124
362695
187196
1411949
307863
337282814692
284706326760
327911590318
1279097
321351169937
338697978520
111744
111293
673138
892060
178293
1286242
251454219485
444416
234750987300
1214325
1380440
1336469
34188
2011923
1241939
320661033861
684318
1196414
614247
566846
1398254
226774285147
1138383
1096727
906698
176869978336
785909
351374285160
1319489
152776
159415
349394017495
1419809
322491147008
1143130
297762944856
222884803783
1012720
1191227
974932
261118467013
483027
731216
208796414617
321515249579
231701253119
347077538912
346473773737
1449034
814094
403114
291752303769
345921824589
249045286694
170911494022
741773
245840354493
243717123456
228564510019
351431021508
319187743913
881714
319091553378
261591
221144701635
424591
1150279
360308416204
538414
338336667591
1982662
337792744678
336199338825
346692237144
326527213437
740193
250121
169934435013
299570
1420350
194340824867
1127011
1264166
351857432906
1090453
328705746644
1625301
482621
676612
308526675971
263994362516
1103615
192101305387
1269596
1186799
335400469779
800335
1431679
273020501735
1258161
279667740337
58102
804035
898107
176826918881
362046
225958256434
1154159
477060
329148717959
264631980379
2035197
781673
301980579860
179292886519
156122752920
540751
203044596874
179368996001
343191117813
673559
165024472572
197830522507
252485756815
172981640206
342355691463
215732927398
148441925662
350100624103
551095
237835277533
1013319
155099625972
781188
1268196
1382687
319920390875
311896606605
73591
245209
942315
296823751035
1294628
254316059500
356840983252
232209837063
2110157
315691
336285184660
782006
264448070029
323955882429
1107264
330179060013
1052157
304614401369
342533774016
316276
174044767410
336910389644
366569549589
921922
332001221064
183800112693
243794772733
709346
396990
1068559
1349061
1311016
305628104158
366147519055
15953
1277795
362015653011
306088212905
852358
1085438
1194162
204479
281890
410782
288062
386927
358782336373
569940
1096856
868412
141340
551571
583731
365640091507
1012486
586842
181589596646
1396847
34405
922702
324423420909
1399129
189534
1167600
1268100
341536545036
326376036863
862558
1734497
280664794858
315545
206865329935
1232758
257423
1213698
1407947
1290789
366653250878
321875
793076
432637
969877
344983336347
356106604926
331706440362
178528457533
360464679672
348890867347
271341
2495134
1114765
176223886281
359566109214
274276146634
280831
1420339
360032439399
307668385111
292338320913
581087
211964229733
720901
329492117362
351566
362296777305
206552994339
1136155
1627696
261472092582
827121
346700715658
367356768105
256967700777
153586328808
823301
298736
315108992469
300277
878484
90816
561168
344887926101
930696
1310603
306531
2149985
1113075
357155
362974464892
252927115663
177166442016
359209374135
1373294
367850790185
274770260785
350313672657
656550
340363
174874143029
143146
1492121
825254
1224649
344622571740
213966956224
1226574
190805
822126
338209419725
344955992548
360875996799
269683111134
698646
274667915833
882432
804712
350411387589
237526289898
366054586058
431428
1465419
197832519603
1017447
471523
166345187656
375029765497
1206620
854776
674213
1432914
336834922444
222723455699
411485
560103
1154871
189723
361455070133
440999
270005257776
175135757786
673991
226106217400
245379210187
300577761194
1173147
1358915
358775337117
1003294
302473
934961
608115
1415491
175784076419
125367
1106051
351923969574
956398
297932325280
1179579
374949569627
1388548
274614431963
590999
357236431654
246257615281
271278025009
1135573
353336772197
382545
103120
359543023896
189082483932
189656876426
228595413518
1482147
434861
316388
216068458902
236471875816
213522287653
953420
715995
302343401738
318512290166
670889
1473821
322004091911
308681784345
284501968756
1215852
355898080633
363391965526
856078
309040253197
865825
368645860813
149294719940
1281868
322114054547
271417911717
1300037
162259
103131
159418096262
2250485
261689786372
1237024
167619602695
2442538
323795531557
328443935213
793094
368099933751
1381345
316466
898780
367430322156
373388148075
821650
305843287725
586220
331083036490
763714
342984
418761
326914627585
351046629130
1303611
315147534489
694908
367337390843
301934782827
1059850
226067
158816379061
1283521
236502049043
182720152053
1609596
128411
587390
1145411
241491
220697
290119
262482
378196183657
969741
1466252
298599096030
168286894324
300194107680
255198218011
172681393694
319096125149
326382763976
1047845
1056788
270310940336
338551188562
1116503
487636
319221610139
283657680063
330275070781
449943
216430389014
847994
336006660528
818991
319859656801
176793696151
431145
290650020786
359344878367
237087237337
292503985513
324880749649
358851279056
1172122
1106731
338799952668
85135
856005
1518313
1498856
854396
370311534185
318430747983
737030
317833400672
333494305054
318066557735
374412
739404
298284725729
380634581299
849294
318882
379599244709
389395
205634964372
429748
1504319
301476540026
295956673402
351899530556
1222054
237430637460
327277
360262872159
159680
190345999158
318794130379
259290270338
292602780573
307968845686
1197356
1085596
43994
351320370529
219830306042
379019287409
1011996
365339569466
693739
871423
368803019878
1199615
1534876
1252869
234846711844
1200122
372480
1376490
869755
216875118854
203394
1688979
226964359783
2700559
417478
311842785057
1506315
562060
386653436843
371720087661
212632
1136201
156994910329
2140907
1414223
316735271256
196868328671
1242397
368424609384
954367
333317005290
320134296396
358432544642
1340548
366046154210
628936
367825371916
287381847044
326650246979
386761843262
87421
1210227
374709262173
221937823958
362448746627
1005739
857346
100271
348155397108
532376
658930
335030579645
300446301948
1078975
223458985179
350333518177
267866
326118056452
1344515
259676435757
702451
514655
368034648513
797586
323565351753
375201419210
265679412609
1209571
1369028
114343
1232667
585288
511337
335262785776
528542
1185609
281875605480
265678478998
330540552532
40345
680530
158386794097
702422
451072
211809
1059484
925147
316155
391464344100
341808713588
1023569
235703492799
870323
183919365513
815111
916928
359344050813
1205528
169599942337
258626
373863050483
1339025
917514
204751
390810162195
1543187
1498151
292746489648
1626536
160607706352
1005274
382612
1189401
664375
293212381491
374507256288
234833181119
325907992258
175970188748
252572981145
346930987218
370839128872
369897862672
336498256138
193778103564
2826215
1446639
266954701557
348895272005
384852809333
487820
829893
338930271534
351340985933
171837002488
371545328583
1191926
178443370989
1523726
876100
587931
386204871160
386547728999
370938828752
325306702678
334445436795
1037444
396582864543
374595106887
298777420686
43300
1409049
892849
626488
370601226239
262292752652
307448220159
1201642
837471
915073
394162
826895
1638412
1240420
1299386
318405191896
452277
53757
1474216
69905
368977132773
1359960
396197980918
1270277
245005
840860
385026678801
215850335227
370122621821
408999
375025924433
360772031386
378410849980
400573365206
690825
331694854330
217506902007
391122227922
318727312714
368146
234643782145
1090054
171634
373116258499
167300785769
1066846
746635
555974
198949702441
866170
775303
372171993345
892431
356323045920
232149961957
357497164973
375476422945
1326757
380869782151
916142
365663376984
378938556989
344072599777
367079891057
197298146995
1332085
378426776911
448403
376909535442
379585930220
396512969585
988773
297697258944
1189551
377296951359
312437575295
1155924
391542196878
402048572249
1446393
323342826666
1097244
227402809223
1108435
212443
394351966850
345924447193
370524153782
393049310695
364952001486
358522
403017
495454
39789
342756313594
1325472
94102
1161891
399904203758
503559
249337175371
1286482
1584899
305867297280
242196
384520696017
377510924619
1499413
1431271
1032779
187997
2434484
1233256
385895238741
1352213
687285
1484975
369551574147
348431
246292778776
316010585635
1094636
196534282847
404469
261127260224
2898067
1513488
1106929
329148419679
312514600433
41422
641235
161238024361
310036305314
225786
405313266636
349223532530
498259
348696269877
890241
298871107352
41411
374940839462
1434248
392229327773
396581527421
386924173397
359847916995
314809
2234340
396091607040
391832807081
367751960373
227704054491
166963981615
396942816484
276878934915
1055090
400399989956
1258755
702993
357936698262
9068
396361644402
1024982
387650422880
406417324810
346736900993
270997085338
113763
405489167262
202742516867
164568010228
920875
390136576640
388012299898
3132246
256842688512
338113053025
40039
381651177616
1515901
388297413299
207600
266634726804
1622861
400608714943
960557
383102080522
272415
63756
405191
313327129903
350722165275
1378311
1140075
1082322
409338785803
400772033466
313468957315
946852
956287
175161237748
698514
598695
1562643
271224709439
364731438321
323542321687
294126524971
376681120604
234525544396
316854230529
1005196
489362
393170633078
412639932736
490388
1493573
400827558247
481439
328312376616
703529
386552978463
908562
207802206383
395198796234
267813697910
375922959745
387901078185
1117613
205818245886
357873987099
1088170
267133
1531309
301908869178
1135178
170529679864
325565305244
391582053729
268441258345
1182776
358061145281
392055598362
1505450
1081084
1313881
892300
361939287911
355529374350
1565373
1406134
494219
402723811761
401540992261
1176679
1048900
274133578000
1622059
397996368118
251157
530957
408104
360532204004
385867508935
297577198287
785814
1178720
406853153927
171137575684
573631
1088816
397007374887
759684
113807
1442401
206717
776324
375766107417
250865665608
287137581798
1643759
1450393
1638826
333386021554
354846
161238
302603
405371
392124487547
16576
207213
410105862752
984801
2692343
329227442762
243269081867
397788710949
1601343
393796331221
115994
263141
238881431648
385307140312
91010
797494
164150
272782118622
1365691
412593741518
385538068139
258889204842
348755549149
129006
392763759116
506939
520831
283471996678
386135604403
1975542
390705965773
312774
313720520537
363242073361
1548261
271942426208
398377177535
458682
1518145
404079096960
602062
1240324
478626
392152341428
2543609
347227518503
1523210
928637
2086554
232159999436
354752694052
318390743565
1337180
407916346944
264638906671
279186124145
89727
357556049450
400345280699
396816
880839
405914149671
604771
412249192690
397139407269
375569461314
906918
378534614969
340053
638923
1038620
401925103337
279182838759
377002034676
1337764
419049329219
1651303
418032290917
280629859134
2099689
366423767004
417677207755
1590368
1075687
1107951
205836525368
700899
494976
415970260390
287174911379
370173476847
347562
85199
191721390640
361158
318551639573
396786643707
323100355847
210597261522
936148
409507296768
330769159850
1110584
468622
207200637443
417366438030
168799330999
386683537142
1032694
1420454
416806387020
178353
342687876002
1915364
1074550
177421737009
403924482223
2242919
214038147624
353441695234
1302169
1260998
458926
375852311938
53472
378465
395940433977
296579344881
412136332162
479517
371165028583
1113012
79221
16119
1198602
729469
602404
206542632242
421569226214
951156
302434145998
2222500
806455
1426236
420623831077
591534
402879679466
704933
284934946385
1260783
174249446951
161214
1798126
1706214
381672176167
1561368
851960
412376196988
1032010
1535037
398339855977
213150
859771
379886666009
802374
1399083
1324757
407490353817
1466303
322999690207
357270626188
1098755
393431738680
408293883203
1957390
766681
628677
507652
1635753
427628011474
1103282
394007105732
1005773
391395053101
217359700573
478451
1661762
619668
360136786398
418974682456
373496419245
800353
1546491
409206989451
416076219277
1537987
265494461694
766238
1206384
212801325015
653483
424170474696
338522651574
437261
1304416
178090738133
1121085
1603535
425174940093
839436
530898
57034
239523950062
1680062
424025225367
216316905336
351762739998
406526398137
373447968572
961832
316734319171
427497989174
203150608278
314408824666
350713949503
515948
350877787302
425036410479
271594730054
1060641
364506596157
730454
115799
347450
424906462651
1747843
1370356
346706564862
400171616026
1402423
3006398
43442
602571
1315026
189177
329349026291
261123
1650914
646427
314603634607
1562890
227942182113
227118
352925659617
36379
249688
395111939620
956871
303855279931
868840
1720337
610815
700919
226354830557
515562
1124443
231804371936
359174
626942
367495974115
303969292961
420148123568
1509916
1073160
1533399
1505801
1767191
161581
404651597098
145520
935996
1094824
381270
1720818
418717482765
830013
360685825079
813193
1493899
1155213
261136458556
215326
823493
1189890
325501
306524084655
397774590100
415340836356
372629971687
383947621880
275466
370729835503
539417
414288961509
1641847
1253219
383110680183
317093899414
1002487
650911
248465749443
1613165
274492983443
355553285826
1038289
292129
520378
250799506061
282053155261
227294611155
236393576015
347882
234925562093
309239153162
1144122
261463781991
1184797
1332396
1147646
315810570002
440840
274995351491
501471
1389607
414771525692
709414
329606
388862561736
398798269654
1041987
366625105459
481577
54422
1009969
418573398001
1322607
327619345203
371245832166
674158
1216288
1423451
415369639135
409551366226
1655816
420881906788
982440
423004096067
575984
238040
191670
417460521775
289594297227
309331546017
576598
584704
406976970670
1694612
407225
419975214770
414606425835
1961225
863345
175621473568
211978
701283
353876649035
333420427098
394463855546
433915764614
1128242
186182165047
1511637
363515
1283325
174427048312
1467919
319715607633
437650021436
314397774138
405345146880
226785699829
378888504449
375037
468305
1364958
434088029800
424305920738
435169143318
353847068402
405652256335
768722
424970426354
602348
426749501503
3212799
1501749
426461648574
1480625
344349
1962771
273450050072
329710498757
42585
357130755470
430149340303
416047479114
258414665860
434317883005
441440696485
1707222
239230902982
361525178426
220678
1143091
439705094725
63174
440661185763
1382482
537472
169372794423
162592
412814113163
411685359506
1506508
1121035
675059
369149936759
111869
431734539153
366711609468
263910227666
293013183661
41519
326812759257
311312773833
677625
429271545296
432224560113
381336
396887734252
441167676087
203650
404474499148
220948
406790433250
916769
419843089887
770008
363452820444
808891
316447253533
398937390720
985150
1714835
442398589170
444434063821
704931
380900727375
972581
438782491647
417813468449
491064
1594793
388924380276
193248390707
29889
247480832370
1221120
308830255092
399254949305
211170759642
406030071226
402646172157
423942495566
2847770
1501303
353350
1252004
10709
439438428371
421583652027
1092020
247030
392011949601
306305254815
1660810
184149882232
376824822595
291870060862
1713004
962970
422463367282
217435144068
70186
248430996900
402135359293
63703
622660
324961440428
1188229
363151272075
950405
210100131197
408727534087
420510923103
322265323624
1596954
2144158
306446173072
682101
264882575188
333477507123
426554
908102
1549534
259986051786
431195998366
426358441384
236907035040
419187945735
413812240789
426451186529
327694006189
391830691246
406892095689
1194431
444757389150
311017609348
2756137
1066949
1935411
199297853099
300959541685
325512676828
725426
178518033612
2384578
189432524650
1298192
346672044632
226852
1421463
1224167
407206572216
382294686339
1250111
4771249
323503
345660840598
394829713609
2546325
1399505
1788650
1088177
693608
400821245673
1162909
322441464506
262011295009
401335
1103869
414793131239
325620650445
297824151126
1121075
438023679938
1491523
2589624
286226462675
1681848
369462407954
331727974317
441182716317
1763400
385946838656
435686322212
59183
1321010
451018301644
872772
273754820088
1653897
322717943780
448511688230
103654
1407651
379427418469
414111184383
1726696
218745062337
405248492521
431840724650
1622279
284214594290
540899
255197331715
1759559
329090104148
390921190313
275189744673
432493008138
425084711457
249885
381538530861
430215747405
391326000161
445130360210
229599749104
1028340
695514
407872
410979401394
1213843
448591159534
558331
431705127075
1375497
441971063183
318262422559
435311295361
1565565
351028327698
952178
700726
436342735412
388108020825
433206660862
447159612941
233515233285
433260314645
430375855099
411502228659
1640601
320603603952
1160454
348062124857
218795
182019091681
1417777
454197078253
974999
218375058126
404304745775
257933458745
1059644
2533678
350152969670
387729244662
426076
402653387515
1720092
435909338220
343770208519
228886031285
1021874
178608755591
210782628181
1784892
241288439252
433788742629
1660226
152736
449446812035
265262882940
414920266560
350198128968
420469
1113760
2216666
548797
596748
435810136813
433129580520
385746
1101785
1632279
203912986500
1289654
316257826351
362458010510
508484
1539931
253250842324
251547
1417809
1650563
452466076808
443751802305
286286216779
1621685
409126320872
457253924998
389471
603594
360095471964
1523331
1703130
450336166534
1836537
305595
377468178619
212057024940
928168
446280079367
441409781044
307096872947
226141424539
206002990578
1551565
1162966
259936426742
431344886109
244328170562
457934779855
1475118
195052
1384584
335921078103
1454491
325643277369
238193080888
225056342909
326650208119
373091236937
428042019653
835611
1484314
1514875
1251962
734590
258962090763
451331989852
261958043450
404019722675
419469227197
1028402
1044653
393804423108
795973
227618704752
795669
195893
596330
299327124965
669256
1380648
1161228
994124
324409592197
1274107
242744
1836320
1860833
1625808
665907
2043694
372106
1224698
265642518621
1163935
433826509096
432054253683
432779764753
441323071175
272728928699
1201654
452539176249
1398851
296855522763
438389090983
312842396688
1009614
424824814092
1201377
379358710480
807275
168335914202
212818005868
363755365849
1483126
415270
186176749681
263448418007
205917683311
758190
209583291446
2741028
75209
1808910
1249198
376345344516
200923
398305999014
2584352
246296176092
323037681952
336197798005
1259621
1811176
882879
765095
458350074130
1188440
363621568863
201616924334
450279800773
344539317196
409447365279
460103
392455437715
1221615
2117404
1209245
386552903932
404641518137
216740
220105210166
287518365150
573290
1170145
450214983964
396579
595699
395939082504
435566318053
2716235
1771668
451219394989
625466
832002
1593978
333763140252
2514736
764723
444630678412
1222589
674261
1390998
190536267010
1449502
2286039
1052975
232335599361
1218759
1470801
393603896045
1308300
3792590
326249928020
358583114285
2884634
658803
429916876853
430093015769
439962253167
1324380
262874061533
923481
500280
209153543592
379012273796
436040367793
438783826645
399992385813
220097609752
250350568026
1139926
376108109185
1029890
213417532589
1178501
466265936591
431990089046
1115912
76014
1502091
465428238637
2047201
442641912108
361504490551
1764796
639408
2288217
428698669887
1755369
468054946514
1520275
247824756091
1413612
1935882
378019534913
55919
142904
318628399479
2441051
406531183346
891516
427938151036
272702812026
167012
440800327997
402051661596
969825
641204
304770846670
798841
431579726335
278248741598
385770297859
1435898
361717
1779745
1886558
421620126524
1044583
1524526
359280096141
404203912940
1241054
236230026172
1100140
386232448049
697753
342619228362
889773
1203561
824158
1558518
196662018731
462311809958
445481623621
974808
1323907
454605566348
1398060
954963
1272925
469786097818
416880560260
580829
778095
281098373870
1746952
1544819
469178756290
804812
420168688914
814197
705058
1014687
1220808
423787355102
336910646907
1341337
428606601226
282259432743
441594
310078426996
555904
439780
340330573731
856944
210101251409
273973161010
1444450
452255503241
310735218881
427272740945
732788
633841
468210881545
1314482
450733520718
816426
73944
368342086052
447603232590
373740292139
203868206431
394931553583
404059
669237
54956
463308763289
437114739280
1621256
675552
114954
439086821018
184376985374
1169548
320225987435
1485171
454592896506
460886838781
1060900
1300616
469861367050
454798609164
900130
357956675965
362922283631
318720535406
392471484462
496931
440474582673
1890387
258320237836
442149828078
268900911460
248555
1630860
46242
1527552
1561080
361285
184362156931
322044
284046295581
531038
701795
1250055
377089335862
437079756109
1104497
287453708026
1563331
1644882
3187958
1809005
468404946063
327572446861
373376
346223
453905372608
315016832531
471643839177
904676
334434141412
447618753974
2189820
1056342
367067763580
709131
366517023975
233920904505
1317377
1768792
1576876
221810
2990014
1400549
442953909106
1841235
321873
457340776121
292867384453
460082668016
460453533528
196793053148
449143251154
417985333911
51333
1295482
451807921112
332576916752
42795
984388
433486850390
1238914
1398173
1714776
587485
2029088
1563078
361442624058
1839659
1858086
833256
461359023393
37197
1757783
445438519861
457920633535
477048972474
382857896182
168844
1068501
432355647120
481509
1044116
249942103445
343967248545
1297445
245780335309
213429203021
324482946601
1698265
408986
1499396
269598077856
2532503
761669
1612020
384085488534
205366838467
1371876
433913938166
295879777005
941517
304533666498
587779
1718818
368021542880
1579002
1732315
767894
3526660
440306922306
751343
215876952445
104542
443910055021
348633714078
22949
469819406940
476335780621
467082877459
470460539732
46997
470466487254
1280015
232086040170
397711111581
467132
317676866073
1691392
263804979805
434526313869
768047
172724
296936
1775972
460514528810
192482
601521
465987723436
185838
1105643
1675268
468782013321
209826838162
230316118714
445307001488
400045795631
985409
474351297809
443274966969
438915273640
312745
462925469048
773508
455575044280
1086689
236864336078
114524
356447
430138371648
367490200924
482185165145
1517073
450400381623
314851822162
2329952
668135
352859388322
484658672239
479699260348
342458119957
475330844434
762294
276937583057
1466937
317874394300
22468
429305983260
346531
381095314502
433936604056
420582
317010221634
789812
482650795571
1567402
430033
913749
433655308201
477651195491
1818450
481909562212
1472328
325400393782
1219238
244196257891
428283399345
432613569556
1277053
452721953560
323515
442454941242
1177962
483687419467
357187551070
359592186677
3382211
884818
1226394
891805
355648510349
316168245322
1063937
354499322311
294080245072
459960
337842
320358349186
367336
220850
2576311
1911077
1534796
257257766175
432070353085
634997
548297
1083946
860254
460865841840
223681684750
464383153177
1319275
261341041489
613683
1722010
396477207392
315680908082
482389658457
943427
426640749173
489244651279
1314834
442729747792
229713202867
792049
215449389055
271056476245
286584713758
1167703
518099
306840058928
472990635380
888997
260366406780
1761712
2159538
423294
1011915
611406
451266793614
462280999618
263038992715
210230643929
340594149917
79789
443095073350
843647
194752940188
149109
115765
1724031
1113398
1171875
1859586
436134284940
585992
450623371508
191810089093
317084222616
89603
1456664
461932830050
980645
353739178343
483934821720
461695149748
340201868942
2200959
395369813368
878984
228335849993
1113427
482716351664
1390232
456433697115
265800528533
2031104
936205
384569859938
489615290585
1071870
452426522295
705194
493879050489
466989341718
738334
481863437313
477568143752
1184587
470431014572
344287465103
471515074008
1360048
485135151090
1635901
1419741
1295430
302162576357
263654147490
225617101851
477547652547
474143109016
15326
1867999
2725429
1038188
476650311740
1822157
278417649540
396599361228
489483703043
494165
1279759
246341270153
1275942
1831811
390850630542
213558355915
474653175187
494595768928
274981
684333
417781604944
2431190
411040522306
877805
1043942
1890879
422393079248
270206315402
2016449
406019957475
229753089442
1176944
301227347678
481950209247
436372210160
1647398
432371826583
237907786202
1855894
358299426371
467489801304
485029
1802167
436171
392355464509
1526378
819482
166185
224476879878
213892
1481529
1810853
313723326340
623873
504940
1879337
372936
543482
457399317352
1703242
494284073639
786532
466074
301385942637
425812
1083684
329738479359
403336221374
480480361842
964788
1147850
476510011634
439282826558
1209303
1698002
390785954032
1580220
422711928295
38093
785196
406218739323
426838385869
868750
684180
346691212695
38415
212530178018
452469961141
275982198484
334969
674050
146473
805390
475497128738
1605229
484909
473696155469
484847905409
495400976079
1172046
1882420
1982487
585643
33183
1819333
470486948369
1512592
767708
424880410336
463810692134
488982043649
20757
79784
479631470036
894228
978312
393663479094
83795
1536856
49908
504666561936
1822613
504751816501
1981858
357703
1336712
333240179992
451477709151
492291220581
247474233062
452451620757
801542
497186109122
1891401
670383
487971461269
441646364280
447256231165
1360472
772520
1631080
1322222
504310119716
408166125252
349905752702
683867
481352818394
304105227003
1149786
1961263
468882774227
57501
2373122
304437559368
797653
336131873726
646902
360677721110
448671121300
482433246052
193556
370789646818
438605099102
3049203
1617753
440513047227
431070049035
455179153551
463739616253
1241361
405167
266403575160
1699199
440051128148
426884519841
1149722
490103625202
1850320
400748603678
317344
2021141
312588812420
204500831142
483504681090
493334138582
192050284353
1622410
330196173046
597485
483661757769
498219568082
483553935342
720143
447756561556
401244350947
244297463040
1055071
221226352313
162585
252614312709
267872168851
490979287461
1187631
809004
321284649034
504263457743
1332329
505043025367
476118377708
415602249466
380109758099
353201138614
215558503312
754974
358953858595
993024
508757669573
443443272067
662693
394251154041
350667121562
298299705311
1738510
452415042432
316137151600
393155982172
478533723223
511266275907
278452229563
1588418
193831
405804841111
326565486715
1702026
444586504385
529211
1215217
502150427942
1726876
76123
495203982746
2007654
1625539
211774213258
150475
1298677
2617428
505555
848651
491782092255
84469
1778257
466772759285
293709
2384116
465851840149
153061
253198886806
477782047027
1469951
422352
263623988476
391353767824
501130988451
475610481581
449490719168
806299
1964891
468073
942349
450485071093
512864976350
472954396022
55652
1356198
215915809182
1544130
1067439
813830
446255116276
494105708285
302727
374758413523
504444270743
1414310
515446209892
1824495
407144681351
483281045638
1029304
489203917793
1531732
1296900
497879335884
438534534522
846892
720590
2434598
515779660749
1611656
833654
506254168423
507076848633
930139
1198991
486569604515
4186729
2007294
709716
511206419401
949149
498887218197
49353
352113945465
412069466708
273914587666
488676096475
1326690
317057214940
509288566274
693973
1744407
2234042
1666599
433819680217
289457
450391486245
257334
386793259657
415563847345
377080713475
980344
437801437681
253641932690
513168370497
1091016
1485177
685462
411099194972
1058601
201908389265
1333769
2681890
1127235
464718
1605437
1106227
1041269
514450485787
338884281346
1182117
383784869278
1924744
310947
472284935492
208676077450
405755200009
237965336678
1764942
1981112
139449
419124829046
505831
527302
846164
315912386866
2123097
348224
33510
331137168714
739968
432621497782
1809443
311348244706
2013991
433367505770
481618931228
1277330
424129363623
581416
387419393142
1180776
441821514865
1265113
1109676
486855027708
409136896456
1036505
1711871
326563883308
1888554
277243877795
1101781
219501051423
431242634094
478316225569
390882570908
2387035
1463728
139464
1764425
664043
1670139
1164526
465552406177
506487193460
463763
515082489263
372126545612
110882
214701399928
1661117
1035147
518698135218
1782230
513432711181
1977440
1159449
328244180616
883840
214287145131
770820
1849445
513498704799
1797332
1539969
466629675966
113860
479892696049
1862125
518449344799
1709421
316676967882
273045
430697931283
189240676117
497449274546
748991
420263
476902157514
2086222
1187873
1148323
1114903
597736
269547475138
509912118402
364772838454
697524
512133349659
1758977
374401813173
522531104632
521477398148
427739613007
2420607
2007407
2774588
510613978842
511342764227
494173793661
518325252802
499942066689
294187665441
484700423251
505404655832
20306
1175909
486129966865
2099546
1596800
564061
494917070492
49982
484330306781
437598942888
1110853
371038018878
810489
831329
280752147636
644370
1632993
514617913647
216707496550
494150143982
424270368854
430453769437
333805570866
259516264749
163972
281895650641
283690442691
297602350641
489535053421
1781166
346594932067
458309
421713371061
511474938080
507313446613
1354863
459380179609
1086704
1811561
374234309762
1049404
422208126238
287742046360
1643439
448886
481212817816
475085416344
1995820
1781769
435294498506
2420324
1858660
1941154
1138889
217711992804
248653526766
495825363806
1457025
272000079127
1489733
428754
1686162
152110
254345727347
1660291
506235051548
53270
435033701806
517395421712
531077
1315514
250610861990
291747381848
1572619
520585860405
86588
498788799623
464983818162
525514674191
261412452265
1598449
1818008
480587236249
471424501265
213966817068
220779
475602391135
413089
403572
1059143
1454743
454183
386280
524976943906
1694679
1765445
513369388016
1759369
2850130
1025078
405515053873
1629553
230465
389873
251849689437
2230254
204167
304977442762
350755
88559
510721701386
422773490538
522907969118
276430316041
1974020
219788665634
330596915791
392851805526
237432613829
1158522
496787264593
416160866209
704591
485774
1446971
519264875364
202328725192
1184934
525952948921
3739033
928821
479068915435
444030204390
526206085087
1280076
513448166128
522937699949
522438836953
421055810189
233769269145
1994318
443672807523
413759919957
1064962
513776916265
770235
2170551
381738786867
111143
514323528574
479500572398
516100077745
697688
1537448
2500223
223746
326994026789
453966738105
1488919
380182855738
1649105
502433569383
1264271
464513711430
383618861384
362640026892
226958
389111729665
519611067203
683448
1437074
406410240279
1406084
520635165947
845266
564152
3462691
460955518514
472847131102
1645988
817835
328042403516
508636660298
323114013560
388533442505
368375
227178
529946320713
370989156124
1628369
2268905
354933305514
490283722448
378631036913
1492372
506264312695
1682518
776206
1928752
357205874867
357989432289
1121700
946785
359797
276630806209
506799059206
2107809
325149545880
1110445
4652
416044
236233480044
295089652873
402157284294
488109661333
242862948334
529899536109
237205
832958
193258
1173478
1345744
521211528665
356961578638
521028788369
445016796765
651109
665127
1773053
2460633
2436930
492925923753
1459347
130237
341934052761
466444302973
819003
1623854
1824371
2111244
1490831
1268384
537396667639
435218582212
961771
497135805630
657682
525943316180
304600107467
522276971773
517123104941
370598517545
633967
529456825622
494579019684
1220045
1814443
1565952
1285979
1886628
217811192549
1155055
296579
326594602390
1620371
542079933268
421688576076
536998698684
222055638725
540241828360
2104318
380630950228
745591
500949502637
543454207918
511400592288
1709770
509656460301
878135
1101547
863517
86472
1190541
430232959953
665288
505919380788
567329
1071765
367298
866745
1952092
1531633
1588572
387671857151
451022
235091931165
2677169
236744439990
221333172233
439036
1374583
1833267
311915457999
3343301
311607249774
224029385214
342443350213
534476934810
498468761462
544012953697
516775931193
584886
358652995235
328174
433999606943
1780777
324711
536069
332115136672
3181555
1496032
458542257622
2064452
1595902
491503808651
319730
1243321
138864
253616501840
450121958966
238002387398
537405191931
852355
508632912683
450210987933
529974706144
1048981
514429235323
546581495269
546802429819
514667752180
1282443
503055104367
421942388662
368645978488
43280
2098909
539728671857
1302056
451426561513
342979126349
1789059
351359384843
351311588728
1042125
239002
1988948
486940754062
542143568618
227549668958
417608628357
769474
498161249060
228443
343074234822
276693983731
568092
408883
531969277983
510421
493334602494
290594535347
285687634227
358524784953
1087111
216549617660
512887
202677797858
1244863
101844
496829973448
557031
1570970
489095913618
452344892535
69980
697698
293882722841
252966460803
856650
551338525126
552603
365193590187
1576232
1592362
424799019721
524421806365
432929
337204548282
1223682
505436268205
1829785
538650673288
55814
354741627701
286982544678
1045712
743231
456557411190
502723
888133
540467320308
782284
547052533297
2298059
2229341
1106557
2005055
519801729022
542717444210
75997
122962
233426489354
536652891386
1817474
539234159601
234987
489546026659
2201249
1618660
318756150254
459918586413
486917552319
974836
538179919821
2604302
213056
894037
521622342357
592200
435753630974
233748668848
547935844653
461217700590
3190525
373138031392
1908112
537930220353
255018433416
1457650
1701417
439091872504
516168243514
1225125
1877428
2098983
1956259
519784416436
457428154552
545328099290
487617
1270176
511273244975
266201721156
501099294876
481866291102
2028603
503464223482
913184
491899049712
1070781
500494737573
333145249428
495880898543
493899210413
398031751978
1587538
423555833520
1720609
354237331130
223930842921
275360022756
435266483630
1595179
543541624429
1908809
1438002
307305733276
387950841849
479939021910
1209077
1677534
524037582021
556748299777
473505985363
286822207772
526158449288
2184461
519128086909
1242743
482094510048
327724545025
197137
477047385882
2178579
540720269887
90120
326832593258
751481
373570
1275059
1226357
283391311503
1046577
742441
2020452
1972215
1722758
530659397532
2666289
1112391
356627
423800354582
420337586246
347910125339
1633445
17082
3017964
2226287
488166758617
541840569727
539174785770
515290188522
295628897703
2370837
303622694138
364838616961
545997621725
423691738415
440871515595
10315
539167050998
453061755007
111210
2248199
527120794666
1972037
503128937089
501918946938
472700552197
265776419552
1657436
1616683
528332922913
918271
479868570812
478215583019
538967996151
323403412298
99701
1403376
323312178051
889927
1394048
325510287664
2034895
260083
458479438415
554342681867
512868412358
251728
1416080
556311044305
703994
393132976923
556331042827
52623
256199511634
2998640
467124736860
1845719
797289
267640
1968245
484020491768
1226206
2018109
445146536682
350565410811
332351873102
556333976632
370183352927
526317790325
476526301332
1909548
339780481411
560774218773
74523
541850477703
799311
564474
353219848171
544447004915
515849513784
246381446558
442451312110
1727337
430708234077
999538
1990755
1747021
520862338476
570373
2224977
948372
499325446150
278529
526910805721
408190721609
548218609912
3894411
2202549
556040762857
251738442975
841982
451462343078
262229
412511672405
400750989043
1203014
1756057
1543901
2107545
525889082072
659905
1758875
404835414302
1169401
1766209
462867363548
460684309172
1126916
551252602348
267440738678
1263333
407272308747
522642828923
470745038530
509008119233
455358832432
442351415057
1068777
761779
280506
1081556
377896142491
1411886
1201559
1416202
1803094
557352607474
1615668
553330151463
2227362
1914905
468786092119
336730496840
1429381
550190016736
299273296081
427159891091
371335481125
1291667
1021304
1775130
489242805414
479494884580
559045067412
1973372
1878974
529057308682
1237596
567885
525800795735
841463
1511756
498543038466
283498119460
543889574670
570652
1178092
1520284
465677006098
494830173045
521939027314
538490718978
264774634865
318739396036
473801930120
413167887578
555975361787
1560937
490619443553
549064999764
183266
565163634503
484805173373
1084282
181407
496540738917
549915356635
406009803164
348207592547
518678885001
1275755
3984187
1443651
1053736
537761356182
295486718286
237507
528347
2434280
1479280
2502177
534788560081
523672664529
528638912211
565889693332
512187003216
1413483
2110859
525235981770
982570
484135
1077305
1877690
485415281273
1270811
272461580639
341412733405
1516379
1029270
322709
236833497328
515917495731
1324729
502017
561175554189
426671532029
377078825957
350839152823
1062174
2964556
509322956932
502932531703
463487824080
417541575025
1164591
2240269
477183907659
416679534270
397597312420
1082129
1110071
2209846
282509738300
530025351600
1964691
1786103
2326489
2153130
2031805
267527284998
1837069
448995503042
429685496297
1879042
535019782855
2675313
122117
304590274117
1103944
835702
1717409
254225
394207315959
534782833361
531613818504
546033795682
1962300
74909
281623784381
1604159
565584030680
379183
1177749
1615545
1977810
1457254
694521
1745795
966656
1650175
1227378
550827044834
3301101
1858165
349983236031
499776638214
543144228448
557528897286
537449326624
3112506
555627406812
2571341
495792198625
749207
551799
333330059036
565719386401
540927148400
540560598018
2948912
523503271866
273684997564
357563353248
577326237426
366502754823
1448715
834673
509571259726
417080
2144014
552097927099
1782266
573598
556940899503
337895159229
1346642
439778644306
298440946215
122686
2007890
308019817239
361002149476
1686214
1102525
415332241096
257072
554432067347
696687
545867938620
486807074254
537951396092
564166078812
284672559415
2059761
3233727
426700
2078430
344501
529784627701
718445
3700310
448707454131
336265490195
365780095835
1135785
475957
368655629783
3197118
472882514842
359290620675
1051235
434020979941
533039822707
447848517438
1699081
432873649729
579005804480
670430
1161555
547173544832
1384363
3631443
500163823919
541080234923
5576503
643069
552411204986
459415971381
2088710
26294
393772389446
524439280296
459533200665
925954
416275998348
470429754244
2110171
555736631611
549700717977
1138123
2183497
297372883515
290370605572
2282176
1914231
514698028661
485224078415
273368142556
1777972
1163917
422291742559
988549
1750395
546533270446
520473845391
297736474289
4348932
572432666637
564691
1310362
546178274154
1262423
560794662659
544476393274
496201221439
454592824436
1635055
304876759772
457302824886
1105739
491103177242
229803730882
1299765
448222617364
1778939
2158498
319300027552
554476189328
522254068012
477518264955
909623
367880886770
1678966
2124684
555970978054
1075682
364253
582867817127
1710534
2109718
1178987
168131
516239315382
1671531
564037
455289331553
481008
213876
1113542
1704650
570265704346
388316
2099332
485722966340
460573
466521
374467058552
537497007517
562485873342
530430179705
927889
500548961797
250241548432
348429338499
548874414095
453595
1608466
579625028202
2164797
2297012
331444175601
562506667595
585761467739
1692802
421448
547137917109
624685
2119540
579175215856
2275116
512772071161
543335390592
797982
922272
551849563186
527320114973
1704927
544732739236
543960566772
334944554387
763243
1916587
567144028885
495189764169
354156862258
1214742
30578
298836157932
1853609
49436
231123893421
525482372133
979407
21917
2159996
549528417491
2700939
1812892
1758504
1677859
1709680
959024
511065672205
561234886904
2350206
3532101
565726036936
2495932
1109370
566139783525
1335674
528674377108
517602330365
546636324618
4610899
516732239557
675136
450182067024
284231927485
2143583
4209779
551555
1125850
1560085
586593170944
522142775761
1266125
1120188
1240957
447306639769
460968384434
491321
1727334
201138
554575682560
2081192
24398
391320668020
1796369
314429671757
522731
387584556929
530442503594
504004119505
4083559
249803388232
781834
738947
2355136
2247754
573690
1094193
413467635159
289641
405491372420
852579
481361453097
435801943658
507310
1169415
2051462
334525293735
1081431
363044202940
566582950119
697422
592532862027
2286544
318913017827
404672780909
505760060998
580127100482
1254292
169233
549819589775
342921903939
453963
393212055434
324511491131
2049463
245284609860
68960
368108590844
367259
389204785015
1902937
479855631337
2156630
2211373
798815
437757361185
526153264089
2300003
936998
506978
492759048492
561656044942
1081419
372573423920
582418986897
2382644
4484877
492820270116
1028323
402382855457
1177973
379307458657
372909
565710
293941891707
564147812884
1811477
400051959709
541814099825
1197107
258417
491350108835
2017860
1014694
2301019
383540086633
460756646268
3513856
1240862
1163488
1590016
1518368
254944426102
2111036
1140923
567393243264
359666362411
718994
1851467
345033944424
1026072
867323
583526935400
989070
581906989738
2403139
365234443771
554550888880
548515699950
1983935
463059460594
236841
2223552
536493296049
526286715503
562000062686
1734462
598001280732
1344823
563799930300
693359
534775760304
563695250897
469168009636
358686
7703
421058815969
319436915358
3355062
452779311350
1986330
533751907224
1691036
593445826462
435841513060
890351
1308660
2118899
1102577
865105
503650041803
459148996445
551995630180
1579628
591294335741
234395
481700338743
369598642163
2282161
352062321298
1267645
343977813485
317679820743
2240342
3284149
1560791
1340167
1041039
1306045
496817885855
593233238271
1803282
529639368581
359003032623
600955932677
702729
539511498066
3076226
1324837
86331
1072681
157562
591793375394
580057344702
411105673074
582104179598
593361674836
3261561
435326870994
380148437139
577382990681
474093264769
1491602
535220241758
1543227
390515311872
1379963
2577607
338764
353063618435
525801584281
1447964
554811238581
378375111475
573667
1062013
1452606
483861
2242773
526731779507
605796210607
1133761
249143217699
598160099100
402700495237
330347795413
288463467775
1162631
523847912110
548154151385
483299
1899051
464915
553610252750
587458588238
1226089
508504802379
603534712104
825299
2367378
2220192
4211951
2135273
2276168
2358161
327392667093
262819
172016
535553716575
878064
1355379
320784242395
564984157874
1376213
883344
2493727
787650
1544403
3525812
529876522446
638074
65977
549255653371
1212943
2050054
2372702
531742949556
2349048
310117
580189840219
396661369953
2608139
530043794397
1713775
741117
296039326161
495374311229
513744921403
580329514072
515347984181
2148795
301991218128
375112606358
1581872
2297745
4710961
899453
142586
1620744
1819710
632446
580578416456
1869497
583747165815
2292491
1567284
609395775436
1511929
587884537763
560973
478032
10706
596004379936
2163580
573732215110
2052681
518397875676
473438808417
285699
489745536815
359724659111
1631888
297730160168
1041507
577323613397
311700968736
20951
302162504732
506292161752
393022656198
456601829105
2962722
285979
566091363099
405613812081
351412902339
2295194
513376281172
271852759734
2242245
399470
482648868321
473599780938
975369
681868
502879529912
1964934
2087314
1506813
312778885006
573990576520
381797831844
1466102
566937682731
543592665353
450154213304
695886
314952707085
363033066453
615424
606016237731
633850
889031
379082195875
587801172916
2271808
558454329493
1507514
415916
3472623
469514941281
4580175
575265832464
417701869797
301394319254
592608239960
611303436637
573345767848
599972128236
329409106299
1449803
538953003096
299026594504
598792004350
322781
557316146543
1681006
734047
436621509103
3501688
415363
517542935138
1961229
2386842
891141
2124319
316659
56816
430731953364
324953319136
102754
265929
593618799671
2189490
605240494664
564183192202
485747340054
562003018130
581619620379
308326472782
1869101
1061884
1095575
532492658439
513743737264
496652556077
568643780554
1700116
1830873
5057274
961137
1515649
874300
3455097
503754327973
1158359
1145678
260110
1466620
195219
441001577882
1457935
443554688419
496581111811
431559058531
413054968518
1222315
2011874
3139291
616992355028
1628122
520045504329
1017664
1140393
580097130015
1190812
533314951004
575575695338
122057
2284805
508704265684
31303
345041787687
442153734559
1965853
4099057
603591141374
611718912741
393024
1412973
623565795455
320460824486
513140092073
460958564511
2229217
596719358046
722004
484197110688
1646991
1245665
4704146
1237166
586977024072
377560841181
1637485
512995881050
612828091116
526448
538026332760
531008028017
349662153625
1468190
413106640248
486174547331
687554
612270571425
607109033065
2311149
429115212190
1894682
1224498
1406436
527748176744
795254
1114065
921703
597698017133
2195155
369951
1734502
2369111
435401292861
1783962
1636900
417324983040
864179
419045
526673844629
1200199
1089261
295541981632
1971
534845183578
340813
534962753478
578604947756
595040508630
578926414193
2013121
2101030
454334
2100255
1204723
2197983
590045627662
523501331523
449707783846
1315226
399213743598
523219878402
1937564
368787495507
1158891
586807758192
2383484
921492
385185684706
516234658098
1700416
864548
242634
622007454683
2135982
693837
2873591
759928
2263900
839485
2286103
309699857373
445638
600112321131
440089318556
868084
577686296271
613648736819
1968624
362437240640
562158978911
612287
2241057
575326
337552632866
278564901425
1465630
401032281130
2338052
430992357669
611788667303
1192603
2274340
1591008
601991530957
1303142
276239841102
849176
1507516
938764
1368454
298469
335616801574
2292659
266301482674
578098838229
395839940977
3307913
375581
324025765905
473906
430530
500279697509
375333
761815
526497
334202
338192967713
581550173335
1567503
3151247
572456064595
408801061743
603598538583
262308533169
1423631
603901
597551319224
1398076
378856671132
395628932255
1389629
518491411370
777932
1252884
480931804790
993125
592450087451
322270257155
1118819
2098884
491506154031
559329157422
568549398908
3637642
594773150119
1152242
849732
1282440
358559
114548
1960629
1118749
549996402411
314874
1932845
435116677941
1535150
517466357223
1563261
2514500
1350131
394266049200
809668
315553253835
304452
3814011
1686945
129633
478701532672
1344409
4169146
240313338995
498120604395
2932540
2243871
601136766205
151832
253881403100
2035572
2468292
1401305
526662844864
437086
395243935486
532349
636813
435767270855
532819512603
607192246293
323757
290065725971
507676500785
577450888689
586094799876
1038345
610896006198
697845
265800646317
2221228
2212132
1856676
452437961655
2326026
3338082
347150070495
527878936419
4384196
636198109934
823109
2064284
1343248
1301488
307614673547
518449383436
603153710463
318961906438
1762057
1340826
637517642097
494627
601559108862
367404284196
493203701805
550233319632
414558965203
4423147
22561
3649740
583670073477
523889114032
1336393
436745355753
521503977028
710092
2351107
656905
447018739691
1722157
431379980729
453846169204
635903770389
338194
500212112242
407120654031
3617752
57103
594838134644
624448135837
1659445
983668
447409365410
4547796
570438830987
440135121535
2295972
638461890441
2204575
1013572
629622916322
707227
2622149
582288645610
635885527047
2170729
754469
639741046803
605010714864
450840073309
2320894
738993
1909799
329924304112
2210589
402137863429
623746118330
2945273
1707616
538586130921
561983341490
459755531666
582366148106
627549266713
551289312401
501496
292098846880
371695835383
378133651805
480526447336
616211796512
377443414306
713450
3306539
385494
307643976920
1473201
563565658129
641430523260
60879
517253992178
445813386388
609151653595
1821016
2014011
1536647
436411622630
3324098
407025789380
543705
1432812
474469564249
1338682
271782009916
502159425155
321659436845
464815098788
275577315771
350926
600270710430
1088931
690563
542786417614
415131484723
2697853
1698260
1516297
565042304211
638613881860
323774575771
611940333383
1450268
977973
613238602575
905363
605192363751
545335
2247473
1019529
799824
2222640
1718880
460738824403
1422184
311681948046
494182480802
1849710
50743
970686
461769487053
427945157731
532422847609
1970262
634643340632
387356205792
2231299
576708880456
189146
611829215861
371105676662
276852086106
1389295
615921896381
368764466203
622697092511
443706501561
925464
526996902338
1596583
528760000928
291854
102164
603919023181
4405035
2508239
590054690497
619427353634
408754545941
474045329103
476400413490
603045932790
680900
491880
1648677
2564290
328663698734
123106
356488
1288136
180610
614944510098
1804448
890833
1224619
459543404888
563808312672
582363044798
3420821
559705590940
3293814
2119054
77958
133945
1486239
361218268000
839175
2579110
651551568402
1444061
572520311459
644661469321
2049681
2585416
467716
75639
2208570
597812576454
377312151651
4583200
412130644977
1634490
534921619756
359392453159
1893072
316799223966
1020722
530995863490
519588932536
1364692
613495342265
2517938
1322647
613115199269
608782989453
1005909
628226877135
1617799
650210755600
933973
653279477986
1868708
305253873394
651657603344
2265969
332928247001
458172187500
296101664314
2293159
170849
636007710193
2393088
2345978
641400270797
616564845752
2311047
551779082527
2111581
2127206
648219478097
655687083838
1293252
332664348628
314776560129
1382073
648129324055
402267635886
470423732472
417814792761
5109900
644865
564651060512
1380839
534167
2146290
1268587
1071274
3472353
1406648
2217473
1454656
398395
2027972
1965936
511257564927
264665427363
280407205219
334259337481
3247300
3912011
2584396
575145504706
1519501
1133284
581614642257
656631665519
591362026090
1118018
464598047412
466629753529
1705267
2871940
3132168
2782610
645301373424
584974100885
591905058449
544024
455369097858
1576083
69336
979367
553118690073
539885
568005399835
627789548439
2640887
486650089672
3773949
569833639800
416243164570
833314
601065569015
303445
108306
468325082012
322660346342
1956395
519274836192
363478938563
457988895597
189915
626443703820
264723566275
3103481
1321463
2285406
343305254873
629792902420
386879
525914249503
422574771149
578482805369
1014314
2019428
1683794
607332242616
299089547256
609098723722
1647235
630691010539
1755196
604824506577
520800
605154471646
622278182734
637590268154
2762094
375747959225
294894326316
359153324192
592388808801
784012
5184852
2013504
771810
465618582017
729498
575192116495
1194041
3551773
342735013258
1466379
580092070196
481670039887
532486476249
489029880062
390678575143
650314008312
406765780849
620617571323
642376133150
371823470401
2548942
985095
597096580140
2560948
431942827068
305329717155
584876350387
486917722952
324433773253
485019522509
697857
1621264
2196659
1769207
649059034048
1004791
640796781401
2339765
396329564148
2646031
475574023719
561630554188
2965628
2306090
653612776293
2243404
455820385830
634864424570
622018
2050069
312678350787
629090204192
2289197
1495828
645395274669
2042757
1048062
660244958496
2459446
2049813
610822509428
377087930445
2180824
325067328754
5610108
547708
2474448
571372934216
395064657419
608595856507
1688143
1818911
644212409843
1167842
308649743817
46430
616653517639
61485
613801448806
1240062
2411908
947972
632218
2337644
395265630226
2747206
635505686739
1604910
304533321175
1544075
654820758651
2224568
862922
656297388015
632787396710
656298981582
655396093104
407506884174
843924
3237625
470907
3652934
523904392033
1114660
1643028
355583929773
2193930
528932580613
1654029
324036375876
630622378929
2764466
608898
568837755704
532601154895
613713
380007994898
947266
1024031
538857662531
453732139843
2077662
568408605517
449977707300
664363
656747554897
219323
631910802782
434385520760
2140329
3557376
494653276112
137921
1039297
415088636427
483789784636
760005
407114335449
551955959036
553001647432
647828832136
2568663
2477842
959105
1689885
509962
580561745948
610717379891
520131278791
1875677
488536868138
652682425401
2130744
572640038474
665656720902
293870020524
670783521162
1423267
601892611561
947081
2302854
492919078175
551622466108
266946665615
656956804207
537235183638
3063604
492129
795099
2221808
650306314976
623522603324
1643724
473663
1096191
655376139583
934155
631984855301
675961002381
947251
2477179
1953442
1886416
351294173196
1516189
1464456
609933858747
270925651493
539228598311
652789804175
665901126225
468114540444
368529435657
1251151
1158869
442041
585420528571
451576925905
531257378446
457938764346
1187405
645960034248
288248910148
424893331768
2502772
891397
483867212190
1724946
496724692164
1801746
139974
1182018
208957
67373
188374
546205322101
637770404551
672421880980
657460416475
495320775158
1277445
619054072155
1043146
2587618
2509723
298479
588219472173
881105
1486689
649838864629
449197541231
645826945379
563044
593890009907
1438653
2650917
633292279781
508257764036
515726990331
673283152537
1054053
639001481950
468822330665
204383
1760606
2205306
474940407016
671480
390843
1510305
616544838518
1452900
661918
390440463693
1154298
574484
537897
2175465
590001088296
304206342712
466030627416
376749610685
1173751
2470895
395469621095
858848
112898
457341528411
2280259
636716753823
1052749
634188678950
612605
495059744230
85408
2111401
3468742
569177149190
1161519
376572380229
646220304891
471388256540
3514603
1682236
494594358159
1083838
1589851
573583668918
480555264561
1555742
679093354889
615205557042
3369712
421234
2361872
3523684
2265162
660309616497
467553545557
627355393150
2417851
2697386
1448914
3999385
505717235895
2179693
2685587
417193873673
1030092
398479634407
656250480757
679127922143
354723
126460
574816502122
353518954207
843621
78615
1515861
385867960901
226806
2668469
645494627935
589289297604
1643439
3053851
3194942
503236250438
570577581664
3205356
653660966174
546121276662
650801646474
1041564
519133007356
419861328167
492209950850
1110212
473790975331
587093913998
1949157
504642003306
549884325403
616750675438
665177928962
589170
1991865
479483391747
628867
1565473
1145610
2403816
1188616
584200165940
2040091
293710
103967
2507289
670208260296
427386
1439983
312110014297
61558
1587125
2074188
360520
2027888
339133874538
586436535387
1372608
2863789
445502573759
1427808
2316845
670631599901
2456913
599786145819
520519893316
453349
608438083479
595643497131
508057382509
655590374481
649639144748
1312281
397590193601
647539244136
540370476845
288362
1477021
688613175581
2035734
1543849
4641782
271652311451
289856934978
2456985
303723
5309318
636879381184
74567
523776760734
2553342
642009589585
653497316101
634669770190
2310506
43901
1116973
344054950295
670952427615
615586766411
1473941
2510055
1645524
562298241977
1466931
2209209
672405
1595716
686747537703
2461288
1483712
481842691629
622909
456512046320
900720
1475633
683235878169
540596805016
629525471481
2654922
349631918629
1552479
676662397861
5029
1455613
1616859
366882175392
358136015893
196416
445433
693632996102
3944634
1530284
4370069
461107
2262168
558048216330
513600263884
692730984691
1153197
951231
579451800313
1483366
657760713170
4190920
630809352289
1080097
1577781
165415
686279132247
2745930
524425442015
353061
692491398160
1534833
591021443579
683765699266
4946827
296787278759
2472760
2770067
993386
662660422107
501009165738
2243392
1485387
648348673095
647460584858
411890744248
514738261499
2080161
519456025918
4275609
2401551
1456094
677922824972
1019648
1161171
536857725197
608976110090
310995195804
683793774855
1404288
661921011611
2219481
898103
2754654
527984285534
429612453222
1526317
641439325777
461519
647113097742
550645314895
633780822096
2398980
511966002865
682811
2708709
2430622
422937695681
6751115
333865338131
571715639220
620793188715
79279
632430969297
2543282
334193172133
694459034282
430807552921
2769526
653184070370
2376478
408936403256
4960031
659237183198
699109113871
113712
812984
1326408
554477
668331489182
4027320
804439
6837714
1732764
624705
531808483972
668904063145
682927971214
670665642384
413049526187
1491354
321074948955
265307256257
280867184652
368852811146
2688776
2030078
2644858
3841701
728131
787429
324842299185
1873113
568040464014
547864438069
641231772347
4235692
650587168863
307083
325931
608797885745
134996
552057
3435205
641497163165
687168968877
668021586065
646821453696
658661250936
1896579
582952261878
1565440
653835773185
700900659820
276442370452
700912930703
2736568
562381236038
1694951
3008537
676341930958
612362414804
690468594563
673161785712
628298486312
576302668514
423287801403
360991
688187426335
129597
690747498632
1302353
476013934741
2098632
104746
1738620
1641050
1910090
2433888
679781375517
1643289
132166
1121350
607705745142
661182199062
437182773345
658000659398
549155175361
913679
2694693
2646334
634067591103
564902871628
387019550547
624100814393
625064461601
1073864
290878545018
663166273739
660696898551
312705343129
903460
319117479861
6134
1500190
458749994139
370973734820
697605671964
692193514193
3712309
2719504
1457594
1176666
519801
633483643591
478507
1141373
2513528
554355919762
1519942
1266208
664077638994
2189185
2581014
4045836
447077384323
214843
2662748
428710722235
651087560520
298024793980
636783466459
371963384485
2107669
651323
661712380555
1902607
1557842
649765181555
227434
397630068456
638236253318
1518355
368704777405
494713982344
4598137
2394517
672698459296
542742154782
3033038
1833849
694273162237
606925
697207931944
663007128804
1397686
2996500
380343849959
321374277949
185975
1960736
691049265701
2940879
527060
1241560
2535455
649713509479
92468
670311900094
1335609
709192826735
2680745
267642
1125181
457163175559
225675
682903646483
588997118394
618337561419
1565931
661263360974
4279468
330166680906
299180675843
1429806
628429357918
2008366
3003284
636270200730
491195
493385095739
1109226
325677782907
1884578
2167980
366321831932
595469
435589984761
493400866954
2353181
1125893
4478713
543691430517
1383434
404181
6459359
1112426
452191087121
1249383
1189017
537446525787
702799324716
570814785934
2154721
3570776
667459
655840191067
2496506
423926559254
42677
1502041
1159991
705557244103
678207470748
1965794
4227093
586245368333
447493436623
2224400
3793698
293186
2007819
187062
332706442714
57784
492957980847
1966859
582521
1782658
1039423
688013814318
703834680227
597416800934
829743
1195988
600077
333486356875
671706192083
1122947
2125316
2602181
113199
227063
1531409
807673
1522027
717727838959
297518
510646851474
502243889439
425307799914
384325
2821087
707211388295
669944
680814666089
720127
557951804936
2769010
1993427
3555004
694354092558
699102405509
782527
354736553585
440342422670
560128596155
1958735
1015190
977201
289972323403
678498197969
686471972744
600439
516068514517
719739407979
1006564
1084842
473728207731
668250105338
678471155748
642768826269
631223306036
1351297
585427575547
704890960882
499112987358
268342694780
670957243678
1781870
545169053703
718548755751
1909217
3364131
584795679478
1571737
2226301
669416188108
463271129373
1198421
1687209
1291061
285535
706562554919
4198719
645312530020
942898
669805438285
687055264440
884878
644446102920
246806
816720
389787
2042225
2364436
2559817
656761654361
379835
623477688646
1132897
2845693
455477938812
337401713002
711294636945
437358
713177689791
521550517963
321652410536
1844875
722583273989
524650469780
2864811
1579933
573025185784
41728
660572436440
1107136
688130201796
168139
313490
645418
356111
480580135445
311506874377
949371
604239419770
590491423142
1287532
652701997895
466222760809
569356
649791
543343170934
2354582
415597
127309
461634310025
2127315
4708505
2563105
225429
669322036012
666711529245
316530
547760973488
3201533
2617197
1706748
434805776301
2446911
380152483515
275730
712075541544
543797158235
2507416
2091331
692952310817
676024752160
684225513922
672149948429
473386130804
656233926135
2107724
445990509614
3563088
3076748
577935442858
608143401571
318494687935
1029245
530000264421
2209939
674231947922
794420
417442225353
367437293671
695120392663
515799544640
2150382
2603375
384791020601
344937525416
1757455
1015006
1529746
114986
667153697174
725233643687
325526
709164176062
543273484795
685705476950
401017404552
1721502
2311548
4096271
361537894670
2843436
4874232
1962624
728292449608
373959
1555744
447267628856
679055557581
2699399
644238069476
1015409
1122188
2387647
368833470237
803912
536623971271
130712
2687242
1775083
2615487
373382941024
184425
672496118263
939336
420145630148
2664192
1534183
479842535315
2335462
497517873677
605853
601521554419
611232430559
601266245689
3748572
6376290
440841055276
470264137535
275679037027
1706805
530420
265760
683592055837
691879964560
721767185702
3628713
696028895912
350564
270367469207
3360290
346199174817
595087877181
555475730620
696023254729
368984508199
584878708827
1679285
611392
5060919
672103921089
702049379905
642670862501
3996502
692256262659
1271289
538079473398
1847105
2046609
716528477093
525541605210
567733860358
625045
522983902203
643411769243
697719721986
691283873692
726005262626
558289458731
4859931
2129623
4308829
571123302217
946075
477984538320
1273538
3185465
2468361
612862587233
613918980045
2450298
2717823
702090871669
627182537648
1232937
381752
1788963
1640363
428521375464
2349585
350884053987
683303115631
567121268194
666440471809
1979376
730733611438
2973312
658762511694
490278850976
586460132791
392209
491798069417
528481822002
639994514599
1523816
1622331
386580
2876379
629650759777
602066106797
403403882488
725098023302
547176929813
597433945130
3679321
662062989419
385400332507
663097104064
678935813915
446071923999
649660890333
2535364
708584800450
2421106
437130611424
1482034
2410656
551898373646
2553624
2426769
1800432
170799
1829317
659820419308
595818248798
410867545207
91731
175451
710456243740
442276329102
537475172234
1032098
2703785
330894905926
732898277083
654533541575
1090502
171559
2193591
530494113496
18306
598640786116
699751825602
1889274
141660
361467313112
2543964
1206995
427992
4284135
624368062566
636020266587
118507
679335268632
198457
2798706
2020807
835424
515895165017
330712881576
2780556
557991
2466702
345782184733
2605541
1707942
1308950
599599264385
564358572731
2433374
2868593
507805496980
1117432
571210973183
608514675784
537490376894
358843056209
445238624901
242607
2260223
357548547944
1338926
2690868
2531495
592712655699
661654902243
398259
689016008360
553148947910
3543495
346733490067
1917862
485873720665
615251009942
475345700745
678252750149
597761080255
932961
1772661
2924559
3319000
656565597157
499553
328310993713
2033425
556371342086
719858979518
456691719834
243352
720242581316
733492096366
665032
713804386006
2230611
690215071141
3861612
618244075412
4948562
2187147
652563836854
2173769
2103657
1560043
632124365511
645383437580
554910242301
639698
2578837
730388030198
566926369411
617494965912
1982406
2492091
115175
335410300832
727169593783
723642212922
597193
631840004164
554833639629
689805307690
563919903590
301141145558
4272210
3399003
720941138394
717481204267
562925156421
577483
624713206496
699369488920
2138228
343581199096
616112469836
2810056
2920758
2655082
732023152460
2749858
2543951
681044413478
582236
730374446619
2301078
1607499
394643021077
553845249445
771841
573504619505
648080175808
331543099337
1720207
1498049
574770515960
451768271050
699680212828
755416
3490463
735025918621
1931813
250006
733538168723
373667997575
1644628
1119444
720257200090
497971463943
3136813
634236
1722956
354172240133
1847074
2153844
437606259494
704762045539
698165830391
327192905327
651856396227
587964455432
2547833
390816681556
342373565989
4095320
705880
522493897131
4468116
693463187914
451562306084
669408793702
2506919
5801877
298474419666
722440814139
363160209810
2913006
3643822
721880225764
407358
640418438931
397385710143
691146294832
659923842311
387343659852
515441843030
1006599
1001996
613288568231
1556240
654340123887
379103230585
2418862
689372858230
1298289
362651276973
737517811093
2662733
453312941902
706625384551
157658
569588341950
399085641233
3192133
2331166
586396228274
548989427610
1777176
444225999998
316196
425424382690
2848290
513416621403
767016
1929095
2132232
592531953454
3691501
456468452102
2785671
479079030968
1875720
289526243946
217617
458676
372665777349
871417
197897
1246573
499118559048
353824254144
535519
602622994846
2119415
1764590
2375486
689284124390
2026174
2163806
746354550317
677824550072
1867279
462004800304
714490600184
653527793767
365869094770
1092168
498453795632
2601550
538390110900
575090065255
495828
412253990272
711254
2338911
2820220
692056394918
364064444399
677163758523
686328825054
356520075887
437781550152
12038
2244983
485660909730
399943
459807541924
743302185232
615265129254
709987333513
689919438763
2210142
120807
634270675519
2735893
659191405926
80321
171804
661302625421
692118536768
602274
483403738991
3928812
532942
589051578218
1390022
717995290668
86004
351293912576
661536938424
733008466519
2465745
627278447866
2378879
1073227
3309235
346602117817
1106655
1909585
591805599636
652437981613
750913701152
678438649961
561754105845
990595
691181579192
5151210
566876533467
1370249
1894924
1665060
557786088208
334081075677
3028171
2466551
1969584
706585541718
2136000
263972
1259282
1187375
2239991
742717029826
352638771381
794962
2948403
2039675
510886833622
603043
1531960
527885443771
698804681274
1527963
691968096969
722808036773
382390997067
720166389147
705413082029
381653058368
834941
1903813
1591073
545109939661
695135488398
440648334483
564178987935
1948610
1928455
709567989348
1322551
1572148
1933367
739203805074
7111806
3135280
647580932777
1669939
485502127734
602849
2580429
388638385297
329731594072
734094751456
441191931522
358246
2452268
523671800991
664916374573
391862
424764729508
4479646
493276370601
323968391697
694140527750
4932606
4767883
704420041843
757596529806
486999
719223942962
700716051240
440034392123
667805665972
606669604905
2823777
2432482
2563439
1817771
683234272914
317105355959
866313
636683095232
2405726
1957553
1432660
737406257648
657813669075
1424272
686449556913
394623276674
1164469
2079471
340708216606
720317056599
3008665
442354648411
2549738
1084046
2190213
733419378164
538668
2980096
663927056102
3449193
292220224713
748707065921
694055266399
725579587498
1197209
1989897
1469529
670836462999
527125710661
27200
3340537
2017674
784378
444595801626
724777
3237619
721658011073
404217059482
375871
505411066696
464814704114
162299
2653290
1086043
2235898
753845593237
2552147
5033741
2352355
732507340487
691380126535
606083102360
127599
724163363801
2462254
2258685
501579045369
2878837
553348132525
493234471557
5879538
601915458710
599078
369097282059
492331329359
640866905881
1598407
672904659967
655557745151
554321456520
503690
706880370388
1832516
1799760
744153
692373971828
1188397
366504575444
2035818
1316500
555459326992
1995226
744485506631
716277272004
708985218419
393479244280
2106137
662600
676435202536
181355
3475203
677044183949
194451
3881494
430379
9270
4474010
620428667090
507921996728
101104
2658722
464580255183
1523240
1191123
2301579
429628687487
754876585403
732266585662
348895
680896011506
734087489661
60435
4809664
972975
3525698
466651
723650
665648914439
749437181841
1187756
723661710607
336062
659182949937
401926401945
523109297863
2800504
2621120
400811
343307
18412
384343275250
634480150225
2827741
1490179
403566555735
631068661279
2173140
756800916870
2497957
444606999650
357458577332
845063
1471253
2603480
2859319
1111379
436563
341442833651
730021611164
546551788437
386131092649
3569135
766898424450
918198
1969101
553777074735
323809
2359638
656774
771449
669585066246
695868561575
726881278478
711350
1493382
404812301613
681549
668042642788
2729635
927431
2880353
618425656078
548855893608
561962983875
202348
420937271045
590312582719
1447794
564974604581
457671647031
1015751
317827101044
706356696857
2900986
347697708485
2851218
759627445242
684244884460
1448669
502741018450
1345695
1346106
178125
603062339334
609615377319
2885549
1173829
574024
751875497258
2992676
2739438
735632961778
1498980
626846350631
2937618
2166670
649554974398
2400695
3377625
517480080696
474306816427
369673
767667833524
627327
309874641013
488773100833
2985988
705414818129
531469557414
727975730271
2179090
724945455121
523977730596
566750604661
520869167600
1265090
2640277
2120199
3300587
677597533712
2423289
607022278223
739292049711
718516435864
572441911251
764848327279
1601908
732743116974
3090781
773536108383
801931
1909453
267880
393586383751
775823995494
621310861148
608327585707
5696857
741527742658
1913552
582453751408
346355961980
313208371578
777347966426
5180542
574751849083
453675166208
336946408766
2622186
715882
681592793325
767959154790
542124531108
247351
842807
401046790326
329199608414
666877908613
1192272
416493460070
2560672
705051339396
1326038
741020964958
425069388471
2833471
1384887
473954377941
339376713965
762362453865
2652120
697525
5179623
1813604
1544435
3850335
1805699
437460152332
464147244493
384424550398
613445238975
2336361
349299166011
1164982
2114200
986009
598917221715
2119184
486500
1739887
772088282720
870543
1772981
1795801
2288314
1807915
709133
2494937
3032776
715880958771
653515485387
530620
588779529910
273615
755582191531
345580961336
759211649491
4081358
698237873972
759759387566
1805028
437113755852
2470078
696217749751
1427282
612479
1089575
748067261675
738477080356
381148115895
442628960855
515613058996
2214244
646524136345
595695048661
126771
1659944
680926490140
696087814801
720452319858
611884191684
324493
2117085
477956784053
2852616
36352
514275
404121578262
460538
633790016410
762794745117
78861
996661
671363549419
685845821291
322696888275
543679
1283024
452351554449
2146540
770599339335
2811072
1996880
5068176
1746980
720621871141
2754656
731272540573
603235582332
1103100
1982671
453738269861
2936653
2571625
1315608
1582587
3384934
2864625
247150
703369224984
522851
2255780
939056
447934471879
1568991
480116244320
368549
494775095500
1119154
2173665
516584
486043107118
2055195
4386270
2428265
783897
4576189
690904244004
2083506
53115
2990159
3104862
3145309
1195051
434870331156
426327808613
2896769
491339692761
741301104050
706305251025
360777666283
767815713443
667869
1071203
1476830
1446999
763988564516
1653943
730447574539
629917363624
2950435
2961567
3132776
675359
457391318642
2304136
785824484430
763981592281
4815682
780443202703
353138965251
5011490
1150136
3981130
680884939897
790131310439
739147428951
854840
643985
385427
657602591968
760719971733
727027
2613594
2923907
1306998
535944102603
2146101
587474607561
376649022569
771345286611
789279306042
666090754919
663886243435
3845872
450091461485
2841496
446604152623
2080649
741599286178
2080976
2532899
486191252581
2315414
729107460199
746694416166
481088036822
5581438
579221781635
384684374221
372905183765
866562
788761435757
496301313410
1271172
1385722
712303108867
772179803992
1202447
1599505
4591315
547854736621
946004
413571
795536102578
663391344067
3033110
587569572269
72855
546638
3010815
424355594754
2979720
760229866354
685237305048
529705316701
1693191
146518
677095078106
1159038
784922357592
739968131365
3890211
425866034136
660652266820
418356992098
747467599977
582832
2531812
696655531161
2975520
555245311129
1168956
78786
484431879403
1993555
2921360
711440640718
572571024557
703473634739
349964258709
1845925
110855
3155100
526677432275
2894093
782896837645
749541017316
1856582
747272928001
329425
761441018338
716351328102
716808619350
435451432059
798254763507
656404944284
719115497650
650494441564
417039510130
477277067037
1978006
1536104
3300830
1087296
19408
2072092
348938008817
455501912973
3159215
2456863
707828145409
774123156446
1334478
895033
785433421296
391680242633
3133497
326776766412
570399806794
488923
1311210
755199811688
1514886
618984975374
1878405
452718663109
742367424877
570680988705
650934497670
3107422
702565824896
1314022
698656783173
1260712
2743827
522772980010
1549177
5075610
1975867
3898862
765521421897
555274369526
741577789878
728854
779741900267
474189805961
1380404
430739192110
356631593218
1034290
2069646
2959907
658540793089
1671067
2261223
104440
639426330300
652133775890
599649442729
517992914263
747120001012
688239202438
748399457309
531035723142
644731700114
553747514768
693770688352
1283223
441733211407
515402651986
798171788454
876093
2055851
139039
685371397811
778079688304
823441
746778411109
2599040
2536384
667268418513
2516260
422360390186
2091803
2333844
676370376133
2332082
2448326
373420142802
738863077085
2225882
776796982742
2838357
456030735821
572167944957
556956561170
386118474251
2969050
4048054
2656827
796064636750
611702389136
588791291118
649988236724
783915508991
1073479
580147509525
789744575083
2585883
2431204
2096651
382836254595
7998473
514802135233
71865
700827386708
260942
1745026
391800298338
1764486
6018012
1673369
662364151290
1326676
572470649655
797867243674
761482407520
1832188
4503720
776427117139
900915
2775995
914821
2778514
216788
411223041269
1511881
2576702
2007216
585024934712
807507768959
524750
478089562629
1693378
2778014
1925938
2073815
221882
1009647
1214485
658629006041
2267612
383304411446
430812428648
3054379
2579821
2093657
1631197
2660118
1851312
1341120
796054970106
394733933131
821995
1667481
4154727
726070744053
545617134577
2489820
748724251007
1240882
715631595141
867971
398118589163
453220045976
1028849
808579
427568019168
595341449460
1304251
1362751
1713572
1413438
734795902040
361614151171
2859950
585998100001
463334064875
740821937594
1449804
513174159350
393108435689
2102171
3126852
574073605832
1277882
806307426259
630651460683
615820878577
751906131519
772766364199
2814990
1969550
923140
800001293010
973129
421331404672
1191676
485237471112
722807004745
1186615
1932444
2939949
753936807642
3681972
646209683075
395255256432
327228631121
675012142614
792198621841
570961568208
688808902285
657287455515
1966234
267114
1828329
3419315
3084337
669775685893
619046216778
591161399285
790426442353
3282367
2642138
435873576038
727368012662
646642606130
632564317977
3222015
558399399608
2638731
744658016559
785742430703
354374
1772390
2902690
162960
1714887
779194082534
714089
268051
1789204
3279897
1986647
603514787964
2135679
232360
3088637
2955173
416078611175
751956996428
723560836580
2283666
781175116021
1711732
589637040197
1692545
404324580136
1350874
798744595201
561852050831
5761018
1368466
600468245638
760469348179
744314529679
531387538879
529165139582
363128861131
788665854023
3060427
270223
679213600127
795240643228
798394745027
1645496
1156460
1149240
784052821153
3217113
796577937373
1453997
1951011
171894
1230838
2739841
629215819492
535106
812253890536
524023212355
493037463053
2889392
658169045856
2371570
2672931
608655997359
643364152157
2898427
493873
1678625
730143333348
3226441
2781509
653168371754
445400
1380070
370878
1144330
2399521
750513666315
498316253192
9151
1836335
681272268974
2455409
4878540
663230081638
644714325246
809291158543
765386287782
801305555671
3537770
3068362
14692
823732
1831986
821168
515004
2376558
367608678175
636062275931
644820739465
125797
382619488899
1951837
3523597
2520915
3681157
3132756
2698875
400276509576
552776948952
708782
303032702806
1953254
2656638
660918113428
542642499077
658430456017
49874
2935802
2965712
1069306
2563893
459292
763074693257
316199723164
310475
827764
590795837044
794827876179
51953
587996296151
1437984
482612449545
1479150
659038058376
4625273
1820428
542261517130
121589
574320595678
1462242
729680533465
3088081
623832653879
5012910
616990810984
698126183418
2203083
770357327609
764921015093
585748
599309523289
2802104
4566981
588070
712124778303
591907
364551
57218
2008645
244095
659460834501
5399101
4151578
1836021
4387606
2407849
2367613
555625398609
467964540769
1146960
2933204
2042482
348653385868
2298389
749164731887
1706669
457071480011
2380251
512243
589635688166
3164327
756428989720
779906055576
783761016642
678292541474
2205585
2880388
673832282509
819114592594
794383203151
622596373638
404310911886
1527335
2879453
2809192
4562552
807188654330
361664802209
2120869
494068538708
383328
499578
811114605218
2517983
387058319674
670974045997
2036851
2952003
553075012242
119668
3178619
695761629520
783706646967
519292
1616014
2493724
414108437088
5277991
476339169246
379364704747
1310220
660464650862
785833658476
856174
784755846347
961688
567612710152
353922882694
750164235748
2343458
470411430537
661425434695
730289141321
780433468849
1017602
562943394172
1603905
812645704044
1022643
2925928
634820459018
675242039211
682639984298
822824819350
656814410057
345302359141
2938899
1438558
788018175419
402848102686
720488887012
3234965
812043686961
824650962755
5286478
1505652
3289050
1486337
641065
383500518830
582772834586
2122927
600564748365
587461106152
3840128
572330
2458345
829761633310
780518279445
782785267514
1033091
720283275704
781230486030
571867069770
670011791815
891541
3192388
1013041
344781113865
806674083622
1611343
816325007517
739211946594
4609609
457571124892
316669
589605
484667197358
2356659
604602830162
469458080112
2377837
694859
2027179
375138621357
791782
544389345034
872469
747268880395
4344587
498275033760
753551073089
659408070608
731296783809
517819934976
803011
1928671
797811782631
1354404
2023918
819752424397
821257403451
577274247632
524245129536
826610878803
2284530
3717207
633059084704
3584027
756952934533
1654589
620222467585
632509899110
541775897080
434110
197878
1631921
1386585
3236380
737397376320
399063726812
4345244
763901160214
782953280405
1201171
393737
3036021
2673518
3448233
358308
6539185
2085718
829815135966
1975945
395410288152
827669627366
1435529
1466153
405452449167
3018783
1113071
374246757819
1660594
1292406
1776566
1163977
678074282745
769493626124
253928
518531062139
1800951
394472283762
710575448992
811017515318
742677165212
917550
973325
5832547
809179432240
1390203
652119476048
1566678
2109819
2992006
1318736
804589283691
527335141725
649137668233
690533788955
1972902
521761315093
800514297621
2538851
2700331
773162653189
1883579
765904078453
792757181061
508649444504
2415218
188314
510329132368
414188161356
3098385
1259806
3002526
778609436525
726441479772
515632371381
525699878072
3302504
675308201451
2353744
3286946
794944605123
549483193186
2541892
878662
732839807832
2533516
723796945661
716955284927
678574458668
1665094
788598417040
581545
2594033
620825538878
476970
3109974
764544255746
648738428506
771731497039
5064076
737620883817
3101340
583130
7915220
675452
2325552
2679218
935313
1316780
105680
1887466
613611842224
2290577
1003971
414356618770
314510
355610500403
2302073
719325014663
839772084544
923716
836480357461
4278434
3988931
2383499
472654859555
1222702
397746037896
1799053
776255065394
744037336603
354320
1877725
4840361
704070363587
573283
380259945817
505894
738698
795332450671
800690512680
2759013
1503087
2155710
658627993693
1129372
5227950
2647128
752465406074
557200685631
825580545930
1686099
533737324101
640369258379
1227563
28974
1618535
1193024
3016234
1233767
843888481931
179514
1668522
1172809
113664
439932771213
511866474848
1081692
852323637815
640107435956
827733451182
2194807
3354571
1022783
1344293
1078940
831050647324
700614934690
2420321
158241
2433163
2836636
803494117209
465204046951
1405618
792494158632
675330510177
1078793
153818
669479541471
1722164
512682617204
4189367
311291
846967
77272
852562824286
800215859202
4406643
517459634960
391059973429
827757952400
1189629
720409712184
1098518
818667312017
660816815219
681668746303
806695215395
794150487644
1684415
1295789
2275140
391018
84740
845443168377
645396705020
1549565
2128194
800647256558
1603683
3991753
2158335
541610
3067933
425543298776
2707317
702761957836
1041589
416930629570
828911627772
382564854324
834268963059
2567587
2134630
1457341
1512759
810603273460
836301040568
561084443930
781863409223
3215999
755060094892
2340056
835401252242
731171402716
228033
435827328019
603098900614
814378001692
1075866
252155
654668722687
554390466463
505434362299
2747574
816897946499
4339600
2475513
409165014668
821099734107
731597594065
1308801
1287538
712840059453
514913502855
818252903467
578863478040
740552253425
491103430967
358892
2342199
522851784134
2448392
601923478211
3458903
619387
1179182
5601167
2601993
3452001
1270000
379658253035
339836869195
687814575341
1284964
1538121
1618906
3032074
833372451046
795809312115
812440741168
807129898551
652077029370
399752081909
1257082
721688508621
3120675
2045570
636375807514
826214
974416
561670854672
2090128
499353975450
1687373
754406926931
546995590650
408192219222
851235175472
1284021
839167
3233366
679661773882
710420921807
1708723
3999750
3300152
3379927
4666032
718062203765
2666650
1786110
426715
787046498973
383314584394
79865
622555410973
2224971
376461780817
2198401
797808874792
811703
2507812
709576184701
538762
595952125141
3409597
1735844
855933018552
843080
522777749281
82443
453114953377
841912457862
1135503
810791556412
564091458956
533605673056
626826
369316
776056081726
4900323
787562248621
500708127717
549967
793132169127
2543644
794021718062
921035
3290434
770069
610981549535
643014483177
439686679483
3714991
790043758759
2394560
2202676
382919587916
328567
371056462977
839835187179
785688317568
68489
531676163437
545094166261
3097962
706904444165
767175406535
4314108
1930818
1937655
784959032499
562131908908
243903
858391812406
792615049819
2589989
548414482882
2039147
1526706
853992351988
776570804658
853221763831
603518629269
450738543245
8159950
1316869
731053586071
568967
538978777174
767442547766
1374949
456934878363
156459
941130
4941621
742446255073
1331375
2871785
855347514756
851917108432
860921104767
1155222
435242201592
2997635
446775561274
2352629
2639143
3724678
780286312230
831170329451
1283006
1908294
798427873908
489771826408
424614296981
2835424
1531332
810358679623
3190607
1169894
449761445261
2483178
1348202
576639634488
1467237
498919692674
1206733
1152525
395612991918
443142255629
774191648513
802627137861
495736720476
565242
829283689701
722776206364
1627365
758293857501
3370810
633526874930
815723582516
630189279397
727451519841
799490607073
662611459599
723992510105
182775
729642808257
2617700
421620266891
782863615151
868182996958
3062211
541235240506
2711972
691345628709
1076837
20710
26942
713900089145
764137900810
758073434698
929122
1549060
2513128
1012221
788141584117
707940569224
1248208
611507494531
2533554
682506351172
2539378
574646901550
787642981269
4638986
2985451
430660089448
255608
1012709
379914565500
646732533782
777113964796
286589
357543608327
2771296
1489887
1687589
2416536
804852811961
719438679922
3189266
794738980526
1342178
1047613
629877316740
2336883
830235639318
323067025788
845560654438
676665759860
183855
809406487789
645564444614
637739826532
2893745
5653409
757333544811
523625053948
614221225000
466392681862
630098835074
856468474517
145417
3281983
950447
1889113
759828032162
849661386494
1344990
730637371697
489898
2278879
863880900740
3722710
704722933631
436715
159814
836913739220
648045453888
803116662342
832937155189
812765547254
1264916
5980480
2996004
805813542039
864055376899
507413901648
1972156
1086906
350730209589
859366586373
1185157
1100813
2355515
1129721
1142384
5765220
695408851249
2196555
372453742683
826815049764
794993138862
3323700
1796667
6136093
2163455
821179994991
2095169
697003480778
483042915993
864359673249
604701690911
1125578
5318483
1301083
864193936237
761446614778
1947365
772768392620
3465366
1156017
428955
1515129
575685464726
833625990148
3492836
769457435984
1821329
1530908
2766569
806422158264
4051600
268923
842956945062
1769850
554752894653
5346832
407638339191
3496040
2024210
872879775615
3737296
860471141873
774954154296
609483683435
2227619
4170017
587329
585263136854
847747966767
2727534
3374783
833418
5134831
794845712722
3370563
1616663
2255408
2360485
544281692662
420529
1840795
2796481
238216
754255
764264085605
2339907
222823
850260078756
686901438239
275951
857142495529
565994327264
745654166778
584508952824
767398266080
3039405
766745326392
875927
945099
332174
842954274542
460102513715
822367584566
552194963380
169608
6143791
879718710859
839317645068
1295950
846404102090
458633444585
824243566329
822449124507
420611416337
749100219977
709425
571879505158
7492082
3304673
111245
853105206480
479303655824
827151074055
5814551
806288949710
209012
2443598
872903812915
464195
2054056
2341018
3138833
713768443290
492201816003
2627518
569573744716
586207004940
237553
847058880480
637847498536
334421613052
782694671788
630611559650
327674
5571938
1102785
745185523343
685052
879968410689
87498
701199883403
486319676502
3503646
3197046
757058851814
377978034163
841564
501070732288
863383614646
3307984
1783931
2962595
2354876
1661907
746798612229
1186117
1913441
2557848
476536484687
607404877543
2330036
863921789912
1446799
842328760182
2486514
5186191
3334117
838550596351
80061
414256165206
1553021
780426027286
833120377133
1232841
643300119189
836036100674
2847314
2662628
2353175
687966791207
682905457635
878512806883
4175741
833628399274
1524886
368558043134
723848431089
257328
3261061
790864118001
671153728851
2460039
333027
676234080736
683790550619
2352060
3280353
645025
3719261
4459835
828633771027
467804
609914294003
3027545
812083871656
730572440028
839667470527
3411905
2369834
1852491
1335060
822487161424
462925204482
580279031742
804089946206
854341270730
1387491
1471212
883317596207
1159065
132563
5641595
466793208315
877661068494
3462682
168299
606215994291
873851696186
869931001856
827896834932
3511637
731846179394
525133181110
668773843435
590620447740
622480467617
1908449
794537618220
154432
1355964
555864360783
719265013424
424417
556908508042
695683068193
3476626
1308698
2828321
350244446597
1346800
1401797
1685097
768749403002
2135070
3358702
810939424756
805005097113
1374691
677035280917
503593581074
768570808713
3577640
3020949
765376824947
798379711176
560746949718
9166952
1849249
612320451998
760689926850
861615443664
669357132719
1830479
845955869069
398304251834
869570815712
5651681
2531266
699361
859698338091
730405287522
762111883736
2788694
785659145414
879935281480
1678167
1254413
1330189
1445962
769187859213
3134375
869006675304
829356686731
2684523
882365
2941490
608230452226
831132934574
2424925
824979789122
3841576
700921516160
2860430
33601
224673
818143007500
2965494
846657188281
869247681322
771094586768
730775040665
320763
808536800163
4094144
370590
1132176
5663725
2448879
277408
936531
463510625901
2135412
403726874340
874026798781
1038568
360319516676
855176369867
601504933497
395718344214
790138907534
272398
1115457
2921367
1039937
2655501
2186594
768873105322
4898042
400851882444
836021763164
2184791
733585819994
2951120
625812204467
469906
1298502
1258320
741970158320
2587438
735948590358
690464334472
401069068002
823101
533934090012
748500
2049113
841890736299
390153065234
1559368
651717372571
1258616
694856719329
869204071461
2656271
868671118964
3488485
5206625
1414833
466742165251
403954982702
2499974
650502127198
680462639629
595227902754
379231047448
752381214792
1052234
741994358357
793312212254
841767006694
2557524
1794209
3188663
702924082927
2126977
772676509676
1621610
622651602966
717417
901289298481
841597211129
573629786404
3162753
2325809
870940773310
5294050
860267178081
4980605
6589343
381617622922
426958499408
570205690830
1829105
5811640
2545630
423339877770
841614327831
474071618435
2279661
1001699
858884025610
680009237608
863293660099
725580284297
893430275214
705761750654
3296593
863581893825
2596340
773696428458
640178860943
1579669
1527283
4195188
499137785651
1109944
718521944362
655274222758
672035243355
1977916
4323781
857850274638
782693040837
4624574
2927055
1096221
389807683113
3415925
885188588312
896399018861
4111973
2602781
3315960
1913548
1135223
5862468
576402298219
557472
6002200
1584595
2912815
888148902847
803061802874
743715031904
3770111
2282170
1914374
3311475
795674480158
10142065
381464
560127837714
2035620
4533665
909372
745378860173
454257
710825232889
419815950842
1761217
876793591502
1696337
570674446315
865233528952
888686614913
908039726518
3419045
879309699484
2587794
2502329
4992209
2016260
903145564159
1684419
837454530551
860438106692
607925311797
861535219597
733577184054
2382840
2613385
901034793829
2576361
1019736
686591701422
4360453
399683212822
4935166
1698081
892415548286
888412754698
798940700878
3252710
882650063366
798112500459
2862318
3288276
3686885
909823
35207
3021962
823195785842
906428448287
882579254254
743325270893
847418463575
3580978
705913825564
832845951198
563770
696244687581
781579593207
585569509423
895289847279
1562803
697293752643
245509
734204777372
1424976
951292
896596144654
418784337466
3737443
586664808022
683837228089
763271998469
904351972193
621451225534
583899443804
262515
2456744
4891187
440900192297
780730795307
488738794800
853766848421
2068329
3431706
741662741295
2345150
512129513588
842360242627
812900194009
830163741859
28649
880432410600
610183230114
861249350414
634472525210
3447386
401946
532144514849
3965963
885182950956
2181743
800107864055
1696404
870555626812
912295266702
768797
2696940
625985487292
1673177
855688324376
677003525512
788494017760
888901107334
310014
2791402
4461891
3493660
1850832
459392910338
489210
110200
830688364266
2506895
785754545096
575904425952
885413220483
1459553
725279997596
3334598
3414919
715575684707
3008691
883147539572
751668246295
718069913037
883104922306
692582479688
369959886641
817565988917
532145
832845995031
1051688
492296634378
811049173286
803149120243
536722160286
3508721
4161172
485787280295
633067494441
2750845
2533031
2787790
643138310137
354773566598
389561435196
2787790
2221583
3707343
1210965
53403
2215418
2794034
780633484865
2619786
1923353
3841266
916590974644
2585434
375000242428
3715305
3031240
912642853830
1375256
650097126628
493217303908
1582334
477870805603
1730023
871119909499
648423911761
593122101163
890456909820
1115702
54182
645847547854
839102396959
495814389447
2976864
3528544
1589764
915816074921
790212413878
2040648
838006692147
3236162
1811436
829458143909
2966046
903982706314
392159
1549715
906544
561197473947
2969436
526716636424
642545682024
3368422
640646
823163970135
698017
300112
857667
456302
2576421
814342142809
805209
3632812
718464294199
1732181
3752897
1190110
537320280089
508781
862424792645
547077877048
897289498157
1861170
509806
925117049669
2487757
1050216
860934737444
817715846726
751769297716
894536553868
882305007345
2797119
652913072871
1807497
713236708622
444106210063
3954993
868888996724
1798881
852346520037
2126181
2917854
915499527587
1420659
229314
417057844200
2444479
4308886
9234608
6669293
2332782
1309963
2043845
2631516
3381658
3449708
864893307761
669631
611396615961
823818119891
519066111062
602753524325
2734668
465587
2394747
889093916127
898582425331
2062528
670764512094
3568030
2600998
708397930224
1686413
4591295
898529645604
3348465
663740
593873301815
720799373567
888582046247
910877966440
922470843119
401990299948
920562840895
2349117
1377961
479324142520
640328295807
1221675
415127058233
639051282911
544169261319
2343224
599431998194
747485213518
759626527403
1332363
732860583027
3524587
412549342049
2103800
901702981678
383978840141
495128927304
286689
912929478908
265968
823085136805
2016427
891581458095
902466340272
836908602627
734775923277
883678272977
796677206614
544680895785
674434070952
883380089450
715908274036
3513309
1187662
642592717387
781771737936
867421333244
2713453
723478864295
3489994
3584639
3491229
463498555748
282927
2681353
2842322
4072883
896496188246
683688978743
756057074591
401360714206
686634400031
356573286332
881585267502
1296932
3118887
2038294
499654710114
378810795218
1438784
878052383475
878385260527
923769793170
865094730751
577090421337
278317
807314528940
3946010
3676162
915492176100
3483057
839162
855051694512
2701864
730428742195
3121903
566601
851371
644332269423
835340616295
539378397949
930711493645
211344
2902978
2533058
808308
1903425
361925768615
3340922
678127041015
744240247079
1313100
403820
568867992841
718448235975
511930803045
716489312176
496733733248
837930600927
3157441
1069216
642657873324
2852424
2687472
4548472
2356435
891775351873
1733390
1167048
888879058958
666813345299
3577678
640895
639415630876
2849721
1047685
494371851636
818115146213
399908351200
628434478184
2092151
3373633
3541922
316754
44145
767674158072
562602777940
553037993420
867694871047
758020856127
400369606933
600866339433
2291944
2332997
657065332481
49190
3698751
255860
873805709021
922724524387
713121027471
793122648704
4406469
523427150953
571918132565
2900266
4546021
4722402
665123033311
654312099618
3280940
2435509
890137705322
89922
806535
709727692433
1240546
1924012
9189329
486601208085
502335735015
699723277889
574702230911
559564998357
1385878
2510672
3164449
221269
3881807
821224012139
644079694243
701056694037
840708330068
3317233
549024203324
2755765
57626
919943584895
2796205
552097592504
639179235928
916776249521
658454951993
2140895
805289813622
565328180074
747784913180
890099726134
95078
698085583608
5049044
437545
469809
899544318131
681034263849
1723194
3169573
3921961
714488382897
3861202
626630347453
356100
3801848
860971636990
702767650030
885063216992
820927
659009058623
3282801
3593788
1065190
1246057
1281295
1665604
1588353
381427639738
1263924
378864786044
891481750076
2082943
2791495
1026472
835525038550
538436646703
6897273
2087506
1218098
3309123
837102
1487470
850194969671
6344234
840343227542
221546
3324640
198622
891357873074
852426380448
631683375128
964053
397156671449
7391554
3186365
851342128828
1710308
898108976668
3523183
376937645251
870458631203
440898532958
4058091
49322
405323671194
927146145375
4595031
1307867
3297441
854747746172
675723586850
1343134
4091069
501242
1542987
558425509807
890075984327
1533621
836077161662
864860319085
603766349554
660655727949
2249217
1622384
611127507958
823240105648
902609889197
866090759785
913086908109
27980
899847036278
1554151
733494215975
671108283335
915412697664
497832409843
25598
721681040215
2993496
2371271
811468646812
870772034493
832959189352
629966265078
937403166167
3593595
618278630931
3718370
694727285097
748237235059
642194983647
5818257
1056503
445921
2275573
946610
889432451369
167241
1385640
906317075772
837501411956
821458270514
1022485
867392168070
1322533
1412658
550975656486
97430
6343127
1899567
33813
894793366895
882082207159
971077
928226389078
3381255
855972770308
684367948479
709090177552
944721047413
806299881394
778977646373
4033573
1037894
898906987840
929453411524
827071153084
3186438
1458070
698565744843
888216899793
3555332
923048300318
3062147
2535438
646393980184
1045554
660704543431
713335950510
474697655432
737569423914
4926975
3271149
894318372961
3162037
2618642
2715130
877329780941
566959602395
742975814709
589541628912
684040465282
719303379529
943877552746
1520961
1978769
924476598037
855390227745
631949927960
3073299
803221153481
2923857
719415316382
2095387
5496447
1096416
277523
2263024
888585989798
3031795
640962469714
2089167
937175655751
811736
33466
952881335200
3413241
900745565454
3371716
1483776
701121995801
3132803
796951376320
738659301464
2798677
935942440127
5442639
484656037760
179608
930076800587
899339834116
963116
5643684
466888
275012
1711713
446518
1093746
643640737066
889031934385
420204272084
752753321649
1509268
1883610
806445055768
3198955
856762675023
780952017547
340122069486
788863434071
884127426447
826387682005
2151927
766368203254
1580345
949663
691642242807
893477262160
812106292938
510012907256
5326202
832008677142
894723757335
528237
912811099544
2256929
2974877
410773684882
2965028
3591661
1295447
124007
701007386303
2231653
1869781
2555236
3047339
3089015
6438542
1908561
762705
836700872816
1182817
3080333
1452078
2806047
256223
583400
695250671483
753841406158
1102048
717559045557
6135754
530972458891
3804673
3070011
936686933066
247471
2237398
877527728012
3330828
1307946
880601697534
921079288385
897402004303
835368
2334469
894295876487
452489112240
469993
547616964058
2621034
628854181847
492958
855936302035
861301272381
212018
2757205
949638254629
2437699
5125715
1983505
453511406101
1698200
935583526964
212366
2188489
946080261306
683695077405
2594281
1646542
849692582403
888028372471
2146009
794291
2462261
3020085
724567458430
187663
1983156
899607981365
428634671113
667214481278
726970574958
844399968872
437049621757
618308355542
4666465
1950881
723098769835
2630853
3050129
5266995
682455314702
1954394
604166197881
3454980
948652044490
2455173
871695785809
2754403
801958576786
3574045
1244771
906506875706
621821
5969314
932019755605
2485226
598148
442236516775
942802082793
386016
899887861338
959073156992
921078722764
1093827
876496406800
845687297881
662173221472
1224204
859712120500
7198068
3971640
941470190430
410113673564
251036
636034407866
876520670863
826726045686
2530035
1184738
730478
709133756086
3779364
669129928391
942167449241
646249271743
903789249304
3371785
1684474
2600484
1598940
905459455106
926805
31207
448225461404
2731032
635936887322
796104984396
359644
2879974
265526
844427778509
4640392
487243982218
838940830024
863987981494
6281593
1394311
704044310288
672165026578
2069565
672680024865
939636674791
766614868305
2470768
2278954
910461700098
3576460
3696764
5526252
491179287594
946230515921
1825143
2576331
692492599516
868937574555
898274945413
982165
930039024174
878178792286
2121839
906400619049
936491
4523909
910071353315
949326520700
4008978
2500171
3226725
521029
649068033494
772730
1872482
711656323994
1076596
2854287
878716472963
3335176
1058434
504514183029
766818551474
2251589
599656737293
3835469
90313
1498409
5220241
419848470502
132526
2516362
814983074974
1447557
3614969
2260134
728923361759
517874567213
521043281333
928269277765
624226
947261884581
488001939152
3172191
2477709
3318936
429209305676
6382297
792495279568
873519
812861425221
1082531
149227
947205327160
11921187
3333123
894595
1198402
608792778171
660376463465
1426655
404234266064
581475865919
462148212422
780329786597
468392
1597471
651378
2977664
2819061
3809479
2287152
1250794
655924206513
573812311055
626177292546
734621
4949977
3819966
948589407375
879083766972
741510740730
2405752
182441
1720421
731872471361
4005096
4295769
2459683
4465814
2504857
688906443078
528458160013
806310844883
3066342
1050964
926346
778687324116
527459020438
344125
1006731
204534
965371223900
961237933746
796392989550
714273275130
963288129305
2776503
877055309643
3003142
935617
113982
2514643
600842
616714062732
683029761151
544812434322
741190332517
918115603680
652123375278
5525413
427990
969473
637258285735
1892166
748560
227692
946665934845
913881929933
2282443
386218475089
885873829762
1551905
847766884159
685546669347
2859668
1739212
493226404438
200514
393378029507
746920370127
3483195
751164735326
1127871
798420712764
1530155
813790347928
931147
582193055990
2579299
4629811
797161008103
1527470
887953217962
5403007
750968836442
3409532
2829210
1683820
684511444019
936124544727
2464093
3678334
944916353674
787207750392
3153563
641599903236
897340765472
1972931
3231630
1717541
927121161876
917496396423
415394438892
1800758
2465795
3364434
3741424
912913531032
685179
743013120995
878710304371
1820572
1214958
2999975
887014
3350160
1783082
653484200276
1515961
5683834
932292441817
2076478
1496118
693896
769491949820
899398038393
2791872
611619453104
629027965470
468819885676
3667655
527431962708
3209188
749357179340
782620834486
3567495
939452353439
4368375
2209464
418652922422
946426395984
957364099176
790100599079
565184
964881609120
830529287475
913982005686
3097889
1913950
862265035878
274038
176035
2540940
721965
2971311
3111460
924621664420
4305330
1546447
7728844
458854807282
721970606193
799589227204
2913552
223087
2685384
240704
899406225757
788161856724
3033045
905743
792803589098
784721988569
165503
310396
464022
3197895
1021667
463610302236
583908387737
760542
484586
409425092026
910637884660
6289686
747850142700
880700920816
968743
1856689
366654807211
813503617882
3335664
3461801
503425458481
2470940
822476232345
694704948414
3456120
787030695090
3760533
1495236
348167
801653
65688
480477035476
1678373
898991051489
158015
600746
4455645
900222212079
730938062547
948625418176
731362299816
1829475
2347577
1351068
986473
399788535754
963856037629
924981933691
865559642850
843217350367
877405627912
908896470374
570461107866
3601897
975838057890
846319
912608068419
591544277120
929316676128
3683930
598915995924
551594
907006271812
859687419914
874462003102
3112536
1156543
455840908853
486158508087
942004311904
799258204214
2058377
816934537557
418259
610665744615
7208207
512561162389
2874966
3651538
499023426164
100935
793556876117
3349031
3522122
888759328594
6273242
4218959
658890856953
4502113
2963986
3124675
2817959
852173266483
945999503934
954396888612
930631745408
3866468
596787
799817908203
677506821466
4721842
968817387073
3093551
323486
3456975
613339162077
856678166123
381476217937
939361906406
2300774
949961473533
530356956700
937698329936
653179285669
2790435
6565799
622568
3306608
954268993303
484942711788
947496491870
918885325338
2659397
619303511161
476777629605
2530330
568488265266
890806210896
984655538383
3331075
2208170
529381612784
947186395132
483076551647
720387662161
835644595619
3018076
4631307
2260710
970404742997
972108
1672773
879843503025
903162430294
837696
485892
572036280073
753005827755
934970748843
766028
675234119435
851877386365
2585391
2636806
628791630847
468829406588
935163089935
1748829
492666304619
895883035845
2307633
909456516810
7719236
3879222
834557621405
748351
621305792780
2008322
2197730
770145508197
698242975548
3853814
788040365591
1975389
265368
874819596305
516588920012
6175066
808657
856524979327
610900937156
684533822567
885390640248
3242073
3869712
950643253204
284584
2381401
863971209712
983663226315
680236200432
605726149985
348889
5141913
1986953
986917484103
2122139
578216910250
764946911915
885558813357
792225624789
504074055294
2015403
1041092
599085597721
906612484438
2121689
3636958
495109453732
4804554
964315186746
493175
906164613329
3524575
452225330413
424436692321
354682509607
676397722522
981501521743
830699125847
668818511585
1480761
3563517
916510301332
970002895720
18441
504417
437774371995
902640446250
649329171785
414494397333
947648452409
586233645277
1141999
834258424481
831048886088
2313924
706240916929
570620216700
249157
827899595773
2966564
906121621901
110264
819836607249
891112634228
1284742
924301879220
657628426709
966438515958
490698813355
1246829
642352
753913255938
6547074
2522008
958182384375
2225585
5262353
1605498
4826356
4146972
1404143
547331700934
981367668783
389712228338
905047164994
1448231
866684748686
2611316
921186871996
731150109380
945136978037
901702141253
2367937
3588583
790273558823
3539918
2473559
2140858
768455670269
681969253386
648930479176
2297479
543604926233
753344488874
1670674
862368143090
799159617888
711585293061
2938064
3405075
3280107
714759139647
956895948374
885266059011
482018
1232118
1499710
1331392
1220074
3789219
407961060926
2057312
721338809390
719849285264
882329238886
416037013855
770529182210
843540095367
2311678
2326922
1399337
987499368861
980221763099
191476
2052422
3816561
810491
962393559913
790865328293
3912581
696522122520
2017645
856862
3432830
3545155
5133164
5414047
53405
533352
673034409454
730115481913
757362255369
735495052294
910969605232
4641010
2991083
875408447476
841414241244
929125177970
4787486
974324927053
3926103
555256666410
2440824
987025
3813478
928210257951
760287420611
1043280
2920746
3732963
1688833
2399962
4094603
976587992407
784029465293
2689455
1693810
2633442
3212549
660374796875
580830286304
817775797229
774610229777
971903863732
431484655300
3531525
3326813
977279467755
1164684
3503260
751641167499
1832017
2064318
994005530856
985028544278
4702065
3510533
666091749683
3133939
712219835198
1720993
3747576
897547810660
978884814099
931685139003
746243
937313194097
968024690726
2615394
1609552
565854287363
695196131157
4823550
3314856
2411731
698191849424
871923816513
2189099
658339613742
874677774392
555083936875
96795
2808904
695677373502
1193908
2168217
984655361845
935391008572
980959650249
707927
3650214
841434
2918825
3718956
2485349
470585
2943437
2693054
488490523343
822968958991
3802988
850477269931
2939133
928902717700
949294503338
186004
7547996
2667103
423457
488176893695
4192808
801583
3343213
597561069047
3180531
2928928
446445522153
855106479947
405067642163
617109890191
922526762328
1187900
824922323053
2197485
722083848844
830632942131
3038982
3094641
700396238883
363027493797
1055602
2333147
6178237
1027053
558539234285
4416698
1004939356543
924647261607
918346189393
892144744335
1122446
628182474408
748160275071
2232752
879412944660
787864830685
4329043
558576585257
2281744
3017197
3361851
540267641055
989087864300
281314
833990698938
602698180832
291277
2181494
942295118575
745899451138
573272730280
2120699
833496390642
998714999463
2006057
2970636
837919
621564864226
218987
482648497437
397989202578
1046292
981743541534
989699379159
4070162
2000708
3429828
924950407910
1009403288162
3561401
745599274585
994163317686
520632795993
1004125
3439895
1298183
1878117
2003055
436253436581
2367342
567372543625
614597407687
4547606
617283315331
2898013
1012187222038
421658861827
5753057
952392923950
2790271
3077200
683326500288
445131325488
746782343645
2413857
1013816
855960927832
1221882
982204919707
934396285020
466080054757
809486147023
2642851
881041149815
538206443650
981886407211
625043533156
647267132285
3256469
815646369949
8637948
412432179834
3623723
763132739322
866683583100
1112702
807023090524
1572329
819981082915
2027732
2031909
1011429960748
2762361
791709
312207
3240795
692339059085
930853617252
843342955093
1306639
678910147276
1001517614243
1009225409629
2560929
925428
579615617339
3930515
983970176520
2828808
3693575
1380573
660529
3750245
258885
906614074916
1926544
492897180936
943285760840
3762530
3746242
760531577553
972354360164
974695359599
3845889
366084
972623703386
989354271941
942590384482
870259804923
436240
2940478
2053336
3553019
905256965672
831028276537
454619350985
981485067398
498570367108
809572
544708639534
861310553353
669078
924428
667413125275
747383754331
1645608
950257577319
5589641
927063431469
534392953986
879179174712
1321320
2993346
982215458698
3551034
968535977404
4374273
125959
872554565933
473704549160
445584489177
429671288500
986054
7797742
858132725606
999276332067
993099029481
3528224
410591382204
970321126476
757588500282
4341217
3285798
547534235335
6865236
373892
4880797
1287619
616928564325
549425
2817640
2608981
1766626
2335371
712868314862
879598456644
986463167237
567178614699
4951804
131611
895210828484
6711443
2845770
3345649
945791696417
754692555696
954242540459
2654578
2204290
1008411092589
3163554
699264607108
955453435188
997196609001
234461
766763508289
717950833899
985219338107
3430321
487910044726
883955518303
409376130436
5558601
179042
477177
2387340
47293
1910685
924096508917
2168352
999167266530
709910603900
3653161
961239049199
953019250775
961600813050
948837
719900
2427642
916742495275
990058221925
612445972523
673549458582
3063261
979394680101
1578079
687539022098
1943799
1011045859967
463059
1485885
2919108
2680582
940017758855
943736877110
973487654212
3431227
3643061
1583718
892465245961
171457
2393689
3263845
775218
947781766817
934231361641
533792662773
6826865
2986008
821814
4934504
851327611511
3054600
147723
888471838579
944272381987
831159394825
957378708515
996312251888
1416146
406466871585
749769115605
473578369573
578068686631
719510
1020693000879
5019488
540869726428
416584909486
914012888071
5584346
833196433538
857616693552
3156925
930599732248
885651880262
956787817190
3068325
496816818738
501326164671
991478096255
870333785409
5586431
575288407219
76031
525397694099
1322903
2038373
3053002
850037714546
872236628313
424166664696
2302804
447670400706
966899978686
1787464
3213127
408424981543
1940892
1003160977825
570297720271
746637706975
88117
1888698
623627497924
975503192536
629660309314
710547140461
955704270075
974109744320
1574620
792652790308
1015537637173
2825440
743158296989
4175136
614708230407
10066366
565718670575
1355527
2032132
882950718780
735070199083
994024206205
868481138650
1029059941388
1203428
1268893
781067704656
727198339132
2932376
3250500
620565614176
516871418048
6908295
947893989182
1559983
1009855566665
980568162168
480018
1432344
554880
493681737079
4809873
693888343173
2691108
992896030455
889506
2323085
924572382784
1327743
809033160804
3819655
1031885372736
960842835265
6723600
998854545172
8994255
3993917
1044380
2153772
943139907440
3728244
960482521208
982635316695
322042
1020647862167
1082731
908855
1336298
981283186108
2920866
809772918563
2412780
987113733248
922984275444
865021059214
4403092
914129226281
829104043857
3573143
728019131089
3152625
1757077
689607601438
1013528184076
555495403574
950359
501563966865
3237554
986513776663
1015297970254
1327800
1381820
1909807
485865
648769372675
714243639206
834625638534
2824314
4225906
1820871
953829
2156127
20463
965448988034
880853073668
1029188
546609
924317727397
670103430905
2934510
902794999743
1138403
928020757008
795764617315
945084044593
875193095099
820297089372
755046446690
3744856
245221
416232423200
985923170396
1916543
1305541
6377167
846621480677
549841788450
2615874
763836
988810935701
1010510599909
3366134
550643840444
997784498057
982284942937
3368963
765404997448
957899
3329975
3298378
1036408069486
4854508
744325316691
936629
3998681
624447
2987613
568086907942
1040654132507
2510424
3903310
851284288035
1005517023040
3146334
593164816375
1772244
6515508
3408455
560021969177
10722879
1030645854038
460807723380
2812801
5757212
943658544179
149105
4689815
4296593
915044470587
791669187089
982347011765
646342286984
989667862495
796187761252
3340157
5219822
6716969
943295383461
2544070
751109480222
824658771369
1015613840471
3823480
1025889402260
4168063
1037922491098
1139
780198890111
782510
802445909478
1010438891536
982903378702
526230242221
984172447034
1039695663493
1039461
3546006
1010781868872
882435057402
644205732014
1008465700092
1172353
618646262820
200173
965354610885
1038897305973
3260204
438082881070
556461062892
1398201
1017708820563
765831603593
761383495074
782691947473
649181048645
512731977428
2597215
4057484
960898382952
413779706036
704186397401
4135407
878330
3267061
925491251504
1434527
1004351436181
1265707
777344550441
929501199719
2346169
551811277573
3143489
2019814
820473
1018708137197
971253003495
1011981533034
773375923597
971295263345
4317582
1885139
904689061061
694358720617
535616520232
561032095166
978288392991
2195290
1018554460049
3686310
661751
706602023053
3537526
1025282324071
724516790309
966481175423
566815940907
1160083
1362198
3577536
1208363
2764205
2729748
993103876979
1113807
2437614
709854645802
788107
7833124
3371726
977927982859
954375553206
5017875
738603567609
1006362132935
1675071
996636745649
947316682260
845545
734956318216
3231364
847855189761
2671090
863146002425
3918008
462687029089
873623603073
682350286470
1019494709987
926886567434
3840721
937618339737
677987176293
823872182315
1220468
2111030
2134550
515533977731
861697553863
619530490297
2815000
5346530
953312641689
666424495894
4563132
1937726
931005279824
75828
879473
