273032647
134034911
338445179
282496771
518279520
419920224
29796233
34692496
10712662
330112564
94589938
418203609
326134901
347204850
401334210
656103465
589595580
34819772
188893302
20131324
944140561
421879595
626902072
67501430
298218120
1060529577
1171025266
6697451
138007169
674558352
1006366527
550865084
1051828078
1186797979
816966746
1246725
907759342
1240335181
1808855715
1580124462
46356089
6854488
791993824
1057421864
1710201654
1375718901
1237581030
11909100
908001767
902720736
539253053
992081877
2623649237
1725430392
959743779
2405778158
2108971400
1481496673
54142642
20097652
160544507
2811354137
2647357596
1285752002
418109078
2572645060
2705248188
114566759
3215390500
2537595625
1642481235
629163321
2338505008
2563159986
1663872345
49747302
304018582
330215806
3257532035
113162785
197384179
59497957
3622863770
36511387
1044507487
2123773235
3532211005
219060367
2267507599
405694895
21238357
4197921156
4157478976
304534464
72204441
972786263
227795386
196750592
1931806699
321775373
2757834831
735004595
961948273
1649155048
275136438
3206171140
119727304
3989321899
37354382
351994901
3682362006
112613974
3601009608
213721297
4433258374
161254885
1448000684
2040150926
4138898381
4822729241
16752599
3915562636
192018372
4174721031
2791121381
22665787
96969756
5031052320
3815780768
11117280
3340923803
2462475673
134513432
3873024320
2512786798
686707195
192427863
3599793711
4270117655
322060271
5630661853
3192406685
5477994424
3955301261
3086708868
536981899
3809477278
5547749306
1402119311
353149116
5637536858
3026257349
43716977
4824284390
6241098717
223412023
6327514424
274704180
4787713637
3061955952
1675644567
3139568829
818463138
1079526546
798191369
4181191278
6365070484
47928047
445226285
566207590
3882218685
6331492353
1898300815
580214370
1209462725
147151054
2789641496
7129360700
3809737336
7117861234
1809331539
1238397812
6854589582
1644728412
344015590
6049650647
3720538103
3985867059
2150073932
149435097
3837485843
3483396023
4443685115
49339082
35007463
6620139730
3523804504
4839657137
466176218
4333743500
5823938044
5084271471
2218704730
4705396326
6168749811
42151410
601157001
4550207193
5648059759
1936103504
7232897416
6401434627
144469826
354947091
7729429686
1055469919
5180666715
6030450743
1131935529
6923374644
4555450749
203735218
10082212
5397629172
7151700263
285710512
623830941
8105900672
237789134
3200719525
8645455494
4081579165
6601445194
2945757523
2302772819
2030518293
3922139626
6626259979
6066098404
6357393110
127630874
8064887655
3020780049
3432711563
3232681554
1031566265
115637150
8292751133
7780229543
6601222181
9221378285
8497487455
938191517
199944558
555398805
1726802823
380547122
2506532825
5715522935
9910368180
5531027825
4007283375
4721308088
9591007196
10021939729
8467193960
4892414110
6599758643
767138480
54132483
4001011226
10087298869
9208434780
7614491124
8548155984
1568750966
4061547664
5344660132
10734112745
9071021489
649297732
10152610133
7145933164
491405670
2833157774
9110965155
7320069587
285754194
11248364093
2000472879
6294900886
7757391266
11392247188
237960834
10803939590
9072005167
9986824722
8843570211
11200148162
11973551389
9813760820
9223704827
6701589127
5445048104
5700960426
9680180129
465514822
1168731460
89486360
12259746753
9706367086
1161482385
1718665418
11156628616
474315146
8561089940
12301023698
5377658448
11601365069
5830798255
1611248280
21993394
9041700846
441869237
4724384602
7682325499
5372926755
482355003
753568365
12234809529
424206663
13322899616
8957502178
1739357748
7730774338
11584482791
6032503161
8942692122
398791149
1133277160
7074511179
11089390206
12544172200
1856615827
5509282168
13585177166
1027922166
791475227
3167983804
565062441
463070118
707049856
9844782968
7408994512
6027116565
579984892
1193561234
787850169
2577716667
9966139478
15155378041
12827541124
13647545945
9140210833
1786849273
8274422939
1697208758
4460278286
384494489
11755338723
15414529206
677235059
9554727152
6633074593
13501333292
3243145504
7613256078
2152378358
10671557528
258682828
10409215079
12471298661
5647750576
15575858271
783194354
5447524390
10444943949
4496519342
1828823028
7093357109
11940744074
5231628706
15951925560
11397533545
7520049353
3449082982
366901274
11494706739
3156266194
696133218
16231966533
832075155
4697350651
1594304285
4801552679
13990440826
2297180887
9997797760
17348157087
16704996156
12656866708
17568799184
10870200495
9212767049
10396405637
17775810547
889628657
1961962365
2541436463
7726315050
4588992214
3091360792
16170952003
2211849873
3724293801
18531456257
273803767
349540430
1734601635
6163950392
285608007
2937733905
14848067473
3373627771
5394426335
4491553212
598583178
3079822037
1665571504
3314091981
1516253776
485916494
5360550032
17789735997
14364205756
3805615072
17782927162
15449778051
1004641681
14392822157
18134806886
17656730006
18087999311
3363427857
9122577229
2227694015
1633026272
13930741437
660163673
16143699269
1475201397
18844979261
1113225187
12262038955
7953459209
4884405590
10534091255
19603289958
16035671488
1792057370
613146263
16293076471
17510891355
10134555048
129216459
1893019185
17353657
17362003677
16815818654
14740357564
14859400796
2228187645
6676903436
17106165084
4158831922
10955443150
17347875438
15400520148
2355988115
777129264
20960749831
322705520
6644568835
6951852496
21283220797
2928345033
5552069648
11521144155
566953118
13584442804
21716622963
1270842251
8381229505
8872345119
7047871042
21795688283
2419604844
10087452271
21839013402
8170073350
5817780198
723928414
11835522362
1102487078
2305798249
2712218282
16494911804
21858757751
21443410475
20887385321
4112691826
19945772918
22158162958
1087026309
6962148880
16999489721
8497372624
10030461968
4189771878
4581714765
19641784234
6033290281
10144382852
19137839813
10829670536
22800395650
13590150897
3423167556
10523714650
2699051484
8553258800
18791677779
1423939767
9561798232
22956121330
14802899915
222828842
1210151620
23367255123
8818576149
21485835808
15600023453
5379343584
7024021557
18931786372
11979427322
20008127523
12625932468
22745079893
22949278738
22940629701
11914991538
12109537205
2060516449
8823664994
23787004526
13590570438
60739073
18713297508
5918247267
14712461287
19921603169
22557312181
4707571065
15010332530
23530955504
3926621483
6025605394
23547289202
16068676467
23184118824
2170417489
1602113339
5204689117
11507762482
15622702853
18011556025
2877128028
3031119518
12402776469
764773146
2451369933
17276826544
2106924911
11515502167
22348182286
20856079478
1629902275
18257170325
9009476868
17667005190
24599947203
14227944341
21314547366
13381603309
24729872486
15338141680
18313181705
3757635288
23013793797
4892750045
21487504584
23592993515
1070767014
23305153712
378417694
1078183417
3746286250
3981193768
8284974467
26064429467
13467095812
1310326796
25587035134
5273865803
15393685732
1857553602
20522394658
1863288585
5232752780
1953275475
3704690906
25155505143
3343456753
24326730743
23670519377
886124940
1899174938
24331003870
11011188836
15546857776
906240141
23711297869
1158161039
26037542276
18079372628
26539668551
19410006884
6491739325
23250276265
21634480970
27195799101
27147504832
8383233366
1816728907
19818744853
5249607720
16839121706
1661671058
16969979136
25152045894
26402628923
20936065946
2861064367
2328619280
7427525634
3574772141
3568424570
1179840369
16292735552
7573753196
7945177417
11965092007
13525673020
26642536103
3003621474
11514678686
6992337626
9399115695
12466278598
24050824801
8876788770
20615382130
28301029548
4285956503
1581091119
5387203748
7792532449
25782366152
1249340666
18482875017
20867399556
28984132007
28115074894
27997347080
25723048389
28242777159
6279560094
14138585091
16822740579
28835761212
28741147496
14056994635
17806174518
3174478369
25480190248
29273601259
15121066647
452200646
20641720
3880386023
26441821315
24530565398
24501402221
15800801962
142738961
2355026589
293200138
29603375452
2083400066
326487932
18429120653
7530048163
6357345773
4375286580
17904660738
18667900374
29219731016
3606674410
28733779205
25456759498
2159427749
26569306740
554802038
21697367488
14579876787
2857653309
28245277247
28135021311
28957307207
26731704210
22267464126
25285727124
27152906996
6322528802
9395495500
26819376321
28926494578
4189662552
29836391051
30226757862
1356624651
1601927248
1081972150
28204924031
11246459972
6811868776
12344782353
2166264419
29877867105
3193043288
24763865501
18680486997
4433002163
29136551743
17532942958
31746662104
31191248920
27220571936
14418085886
16201249520
1069160660
4923991016
5804301859
26712171775
30637631706
8266829500
8359153712
2408414254
24483466861
14225802283
5241515970
1975229255
30058633428
3935079179
24504447630
23041197997
2109125121
28667250421
23521253103
31610058426
2822619630
5039349439
4200295154
17743661187
26482235015
2291314091
5825652704
762060027
4608991339
31265849678
33177066463
33387130759
24037371060
24313897065
17572788251
33361161322
19190684409
12423835574
25992528133
9666867348
22997906386
1409420574
1580951048
29743706784
6734560880
26184434738
33068729150
5745272364
99641650
2603396836
10579817224
33927595187
28417212033
8359564241
2018535588
33934201468
5702429176
11399529878
34370120037
2358435431
32485529323
2588465954
17858266956
30152795982
1565939196
7116960921
3397422570
31702140807
32948000261
742813997
2873168753
4792631493
29236537321
25396038656
17173033686
2095310861
22702172587
6562834729
19768176857
21316334028
22237716275
2485939505
3539652916
29114963522
302151941
18069703262
30675012899
35243809433
4457471849
662750014
7007926680
28257928865
1027920260
27379273581
29492305115
24861378802
21227041701
3254407665
8005263459
9382749599
36206859885
2219214054
8095809714
30443701213
20904667528
27648895840
19250052831
25302364735
11756884937
2600249795
17656215151
29463063660
15277445856
34799201131
2006907822
28876087830
7596953005
1100075614
32054098313
19764145032
21995185510
1163666774
28418121016
14641050828
3911208846
14324986344
120054260
36918341827
27957456911
16246930294
27543709505
29494627983
36626447000
29629850602
26180051837
36170624525
15184802159
2265673840
38067467091
31411356240
545024464
21803339113
2611735934
36981436356
1683124251
33753222309
38414852282
35932680365
23462409692
20873474937
36617375674
147185915
34145667089
30828253319
21421365391
12922338202
29326650207
32413770508
7583685593
3013109615
1659262616
2727064051
38953725248
36097193895
39028944725
718552261
38063018490
4830077256
2991747536
6910110885
2892958367
2096015690
38483864814
18423763012
35079267293
1139764623
19990660022
30800459146
23905452831
38929988283
34519925044
1097895638
2019469916
3751505500
34458366240
36731762090
36320844683
28308130520
27588915408
37139462617
88288338
522670486
408332336
2294953695
6499735345
28018241881
10536137772
31104159512
29525653814
25273145009
10213907722
710454080
30556797931
39594933289
14019439231
17773376143
25148133634
17816110201
24838883331
2133402429
9642948777
40162744885
27513191863
2847871257
15343685106
4762822115
17988275012
37627515267
2365926322
2729563291
40498637782
19271774150
17278925835
32407666597
9852525290
6028459122
20054169212
38984680283
22233799581
20493434259
4009887967
32831540842
37079465266
4107041431
39269482015
39814279391
23081048074
15786586439
38241493422
5387819274
35593363215
38492190271
41227202725
41408824941
3596456440
28173160368
29106736779
27635371741
37849112950
37764755939
622045204
4460391811
119308678
21074487240
16294094334
33440928151
22548905912
22532625755
36782899500
41569953068
3548519322
13536824399
2212269650
3559798662
29564352931
13399766732
35749803215
24302895367
26287808833
27194904189
1610508317
34972958690
11548225353
612128159
5998840793
35327681346
15186266313
37871675541
9495680133
19989279586
20444901311
42689409657
24068080978
41284976981
1315767311
2067979497
39032634929
2541441028
4248584715
675127945
41173850974
40589972072
34739856003
9451711139
7931279130
39703623053
4125972233
1199207051
11470150141
24455626786
37362095635
39479540886
3107670967
29605570675
6666298427
43256366625
18001713588
15087762208
3982242752
5055974014
41566335546
1942729386
11445777470
27519366055
33394495820
25150067895
43293604185
39753081282
44104349683
38578525792
33164636778
3921137916
37936351917
4946895601
33771486571
42119277109
3071467126
40828617512
19876797880
1094422557
8946976074
7204637279
17010288191
3641271263
25588503072
42330618121
3273753306
21713531256
18302645107
11519567085
5382190264
10091641438
38669795678
5328837079
23667995834
43912463340
38908179196
14066969684
3705239252
44245414123
27412937421
2282229108
6172865539
40791040866
36999389325
29845884477
10832301298
9533943233
1882790373
43482723405
2712257727
44695387386
2809715336
6018417429
41258665688
17750333258
25424014477
22705167310
1364443041
39326179868
11928111754
1876167309
1397551361
39090902366
3543921083
46055353557
45347974124
6163508265
3920533662
7911357090
7726906637
15933548502
9216649362
28820250646
21024612450
44704990513
1536026029
46025546302
23701934233
44283328449
32066537057
41324561517
44487047748
7023043612
37457840713
37447861734
34471004430
1558448720
46570584854
2512804626
20004138269
37658059252
32965116161
2334470713
11492026000
941941965
7967778849
2024018423
45919743218
5604616217
44851855355
44523155077
19983086286
40394123023
29450748967
2138049770
47355076289
3658450202
36294952422
33682250699
2298067797
12407128150
5190658503
4541443841
27900696789
1391818362
7179012128
3065832694
14130155812
38066866547
7755335655
40798499915
45723795027
730909717
1552245132
29692532721
664907916
112222219
6665141631
37513418130
3640964536
11397966077
13639518974
11829438101
30786775250
42107556125
35593955434
782442541
14275983315
2558307453
12776029662
39506838372
44854707111
38215054650
43217011598
1266564257
27637674600
29529837659
42076438168
49161577384
42696668629
17997333367
48599784984
40344618778
38579571625
8832194736
3360709384
8216787254
48711851711
1850582946
49500601508
48645711171
22175676436
40731415551
23583819548
7822707674
41663625238
34917003060
50405880435
36597953266
1680328616
42754557762
1655243740
7107287231
50639580510
2498806962
50484619255
17321293287
23886052106
3801773943
50423221091
1494123431
2166769160
1659648006
4520430764
42540515465
1062015593
36678651557
1513358688
384880954
3555506339
5050439074
46960018004
6184623442
37419374629
40947991387
10183344506
6373649749
24172310055
4210726371
1475720660
50368243156
16350840651
40226319353
44998083999
16863791573
4900551795
51293726227
5459126505
9389399736
7011155298
34807669993
10998778067
50614881452
20056281866
12337062014
50530193864
17843384326
9838861297
8506506458
41112557415
8039238359
43566604100
7302409093
33703056698
24356461294
38719488010
13454005081
13771941427
46090102320
8712999715
2841755915
44374595408
40241412200
43510414862
52419506501
30466329917
49302863078
76539060
38830073363
51112242486
5791020137
30171601778
8158835817
38624923145
47552194762
26141593831
8991603403
43212028596
17040433133
7166657523
52225026885
25939247690
6259105503
45240956471
21275102559
50352754729
3795858829
4151641451
46642807870
24666098822
45646953747
50527374550
7094950235
46934469769
14560856277
6136381566
27865225995
26601604482
51818895324
30383727249
52454461369
33570693157
17396522302
42630018374
50600229470
26214310257
1289811291
52688115291
48097044822
37694096160
3285019578
40173610913
39257628724
30233876923
52721194239
9489561938
49360806776
35943878754
23255944829
47253006399
31567590725
46230605690
49108862527
26205094647
50911594489
1035496127
554398499
18022016743
4347309977
30870784127
20205511788
32284995486
6954010790
51208956797
4852373092
44339743693
5967132553
21609135540
35022172585
1604925782
1961383788
50694521836
5429462971
5449670578
47194971777
33432375384
42738589426
51168174315
7751561699
39992995688
50684464902
46912187197
45740127006
15868706286
34574504163
49611775893
3578680326
23184145195
4755158950
48408512533
10585097788
13035282691
8141288328
48992143623
8293014978
1229849179
35106325738
256109763
51038645467
20003960707
22373355918
45877376867
8121613944
8282961296
47146819714
50778474220
2982958657
45617921140
12546258317
32165616505
54143454148
10935290348
36025026455
26907764071
20899001925
2763703178
55079643031
54410145083
9280199060
27941987678
1693362156
115502409
55858798606
47315567778
54511049725
50648151048
21920978104
7397069309
12047222050
5172069456
23955024667
3083771337
28169471753
3698345764
33820152138
53105086871
54177393882
8125949583
15118466815
28179067299
57369427551
31596927628
16133494926
5592708317
57451732923
2379675493
52090960896
8425167713
57315372069
2103198058
29927667761
57069289712
55726738482
1271692977
16256278314
1350608830
57267894277
14955605790
17336568976
14979142231
26102308671
23938802632
52478466186
19381490776
53020504495
7441250120
23212668689
41941535486
6831673093
15959748527
16341729022
54630871323
10134465021
48404387542
34055068449
15447379884
53352530126
4817458583
38065336259
36068982340
55776068639
56035753039
14263770112
21642876053
5095410611
8939000872
2844882075
7590448166
58358561298
12294984981
34146910100
1216066011
42601278860
47686359007
3261572767
12160504057
7941877619
703620649
7269161467
51975281212
41751063323
56648395612
56486593261
15942810439
59391507603
3771429276
26171077958
12977427006
18793898416
59066099612
34653177121
41729872289
40792127375
28727488203
5542697805
16571305622
57516774059
59399206836
54042861402
24476059485
8807944500
23349635080
7904442995
30104458464
6076732270
29683721365
27658190227
6471999081
2925695640
1314884184
5035472268
3007157394
54417793960
53607989666
6997459401
49778984866
47533019522
47814701953
53715648137
38857479668
25029678519
172727033
6673633279
23361219032
52612222370
60021745733
48168284068
6820112080
49547022292
1685008943
16946348124
6314726780
32040901876
51442676139
60388666485
45012914651
32087211444
51472010633
48223131126
36582771774
22773041093
2061907270
6052158507
22612618290
23856642681
38886837395
12819607899
32480328312
2741432640
28608384998
61693391500
14086622829
32905688589
49124814095
54566762594
2067521668
54897216400
39012147672
18153227224
246353115
19030609383
2039528730
51887924063
3551307700
53334814606
20744376439
55736679402
59446386137
14065272340
28910868986
57553065677
29887421992
2255240753
15537336359
2242048659
55135783373
6643131029
2930578958
55268091544
6376678418
58126234504
61004134100
24062770039
41772151489
45873725527
22202282969
17075419838
57638705725
11283859644
60834882229
12363999484
49337826186
1248019687
1177982161
609186780
35814246681
17657513495
61811144735
62556956438
1563396510
57266751789
6018156992
39288320127
21002940952
8793670947
19436443358
2152942035
32782321667
36631493667
62902752966
62474332622
62497994464
22551701505
3817672293
25929790788
5522945991
50240348212
3811325196
46291977000
46456188833
64241226220
43910185985
36292329056
61098701919
28147869090
10066987543
8361959552
20826547404
64228632799
21046121430
6585806893
64728100001
11340224634
4452311893
9281850613
9833635415
64333220205
58557715613
18700510877
27828100312
56618675718
3934294913
58678382959
54271662331
151709874
64365704668
57627949109
11823496862
64733231796
61947210159
46425271446
4809650753
14722854846
63285036733
2515770830
19555377596
7925359741
56203119615
15602499123
4153182666
12221778659
38643071450
63462177819
38468745525
46053526111
21909325911
4314071167
4366898644
17388393904
64644248754
8799776717
311259481
13851605756
11416535284
57514982554
14897503689
66362505872
39787650447
65471960346
63100057889
16562041313
54894545706
5237446103
26152406967
5027871678
21180726323
65949036663
6584255334
47543535198
61439817869
23597463849
8670379786
23570071299
28626064312
60406983249
57872652699
1855242414
12773129066
1151013553
38500501976
38387489100
66288958003
59818171312
4422021713
14508910601
25762626173
1296921896
40922925529
4690526178
59201092600
4682855735
51470712101
28890308968
40028559666
65004658113
35288731153
4279462083
39557685319
35771268495
37191328943
48645445617
2795724231
41508283361
2385627761
68206006768
16330824697
67320998182
14124356509
68569002159
66029926342
68377322257
66226196977
44497383107
50265061070
33464510031
59892560203
5501929777
57885766969
65619019790
46753654902
49757132696
40255892036
68795675275
24558148779
64755982427
69565837602
36640683437
59607108716
664923242
62631494328
13941046161
6556153645
24028399819
33787260300
67857016534
67643746421
9348160262
59426544815
68730119059
10287283702
48024552793
63736365241
66783071216
70526810245
6081785455
70251720132
58390445444
9098411141
69887787396
69696324824
50925736657
31868573998
50927675573
7517463211
8270802464
1650456045
19015699754
581479070
56192432926
16672287390
15105970924
247746277
30594977228
61815945780
19337276418
4281874733
60493076425
51364913957
60296726787
71026762782
40373594395
37247217581
61572726715
2419643747
2864432827
3825794012
39664700651
1680484621
26335160706
54683153097
70667782040
62576713928
26405245078
65836483815
12421104207
9321470734
59724362884
6303639227
6526412427
63303810739
39464402133
8692552309
69558296709
57312417233
47004202273
58541825966
68665349920
71355880983
70790372835
62694858446
6616120475
1043722888
10734332825
7605466612
6784851828
59968226475
47323472597
3035006011
41179012172
15968312237
52261667613
69315370603
10109633925
7419503844
50393669211
40120536688
27951671110
717924048
68816677678
70853994970
58984656581
72917213533
48569376668
6500987017
2149526975
9784669931
45253764788
7699084948
55811276859
63756589988
72125791580
2651565606
65501853692
10327154896
4604828063
12848335564
11009934809
70660479840
64759239586
27612974282
61780599095
68588607714
32439340701
17713937094
30544832582
1638511240
71600580427
19759170448
3263722235
64875362919
63106129717
13879848727
57859869303
64137844819
1709721825
6405368954
7447780096
2638486448
11203403903
37593030558
52959897910
318090697
29613192732
54618804039
72469542365
75426289590
29554275845
43565547275
2584801932
13146903343
18491868380
38607491549
30357837438
69862031210
46538873747
55192338522
41093138917
10313121489
67788691837
7571440447
56641185354
3646707452
36451392801
54025825072
2570691967
10224344213
67878082702
64128399287
4599316660
3362078207
7524791049
61439199030
70305247392
16908095690
6516394273
76824481170
3257520456
73471208912
57261248661
49456544950
48823716086
42124898507
3726000113
5258957195
51855076386
15368016757
19037247165
1312505557
42307035003
76013596368
18249719519
42349369331
76207399665
41148178358
6398206148
74650725446
38143140404
1037749058
43925364074
24929853038
75860681985
50707446939
67928604234
70126673692
75959688014
54988203968
75279962121
32880741065
4340687878
13789695793
11854702550
69263892342
11018321901
1878839424
481949039
78227763862
75761684047
31975965513
74025690922
77062043545
929533776
76153930275
76298579801
72647330944
13710474581
14729098101
76930632929
47613695577
6476422810
16383978857
1636331249
2852868798
24250825782
48536004090
29118100542
5399520645
37390898046
17777142134
2402676639
77097086658
78739613244
42241857354
70287546581
10639654743
58461581196
76201167190
74178286551
17638993260
67191927612
53389909446
56761855495
9963699854
78373398806
79032927073
36526195063
3749073073
52880516941
77541418132
37887246674
53990339494
7694101216
38491324970
60197220142
43048886803
78266502472
80364542278
28702506810
13177742559
68272227259
12333418707
315811218
3444804927
18188152890
27454184808
14539908497
76030334563
44182779331
69120757340
53891318367
11503905675
74920717003
6533747161
68144215123
79143168902
5801189648
16058655502
23000002887
12070537301
40444822645
8079747610
79816499522
63661750987
78868982736
23126240361
69680636163
12769009676
8430360735
897556357
66891629251
1351490203
20923982606
55075325941
24143965157
53429113194
2531708350
61034987289
10233710890
19193364370
52060794352
4896915417
18653889449
82192305459
23335747916
11319334316
82297973887
4538159076
10263848904
50145227354
68428330989
26270269977
59218635550
9867086373
47083834056
67894179642
14778739922
69390239771
4330710216
12589765853
79686258422
23865720741
9733686392
69989846729
64136080640
82179439937
68327334119
65737202485
11840580504
6358605200
15966528743
80792999185
23431402799
53911595214
74869936243
80458633120
75064842726
9540609850
27656949530
9171241573
22311191489
14335681673
567516434
53093624564
34306585431
10334403750
10567589890
84169843835
78255880775
83737364268
3041112794
71594658709
84459371159
4424246151
82390773785
81541550373
8655234397
43201281280
57258124457
22105164996
4048765395
30069931101
51582114228
72170275130
2691596111
77077500447
83921913997
3834363092
39372399164
11176700183
4715610331
83043602398
43391040245
43190746905
73563008088
736083075
48817127992
36788517938
82222554732
12812643566
80898370359
16574758314
24881807108
29860409629
6798051238
8738800456
49031217119
83612009882
85752238366
41388450022
11641731555
47776357567
23019259043
77181604665
7179307278
37524153281
72345341679
83684962544
66087480838
1996259794
25778232147
85892244989
20298941859
3772966880
1977145862
23980707745
59539976887
74186072447
19458601239
8100514434
9343596301
9741934428
78275813152
74282619186
84475239513
78701515736
86079145371
13080789748
56568779564
8874728690
77866905448
51782863437
14681462081
19714183000
46665951953
63422371690
63876476541
10136822579
17429134655
12243456284
37068905362
46546793650
49145415890
87640701859
3364280278
3851485481
27888872392
50351460179
8008931022
20589384023
2004445064
74836155146
42983309157
4607097575
5028808326
974393220
48692873633
804780349
34114240893
10433481057
77518503381
5765360728
81760387073
65238406778
18659814473
6688072829
690326404
46590516295
75736976259
42855884945
4481910871
19542996490
2924576141
4140074456
82515323197
41205219450
80018858012
86909965966
88300555024
67815112245
87586321270
79199674068
53750653701
89001074082
61973281748
19170075454
63112015755
21353004437
37054704842
13696674491
9301893656
14585439002
21429130763
83880890702
16915531729
11350162752
11419508905
80142658382
81414911826
85539083574
86051057527
16175452886
6401252659
8196623774
2010502515
17642242017
87269163911
82119154471
87777510015
81355481279
32281694079
11369326919
44444357835
76956302088
4726808599
69120999713
53582635608
24075477952
25920574472
39476125365
56583481192
24376133152
84264529572
57748794477
88807866786
49035667255
16993713739
4448301665
59920173835
33462487606
70347927787
17646829784
48452348225
82009423204
4139736498
39880170932
77357496115
90665783937
85792045185
11540561027
36848069751
25136548492
4281330343
72986075138
26023506190
58720998650
189357540
4872701488
73208326196
35418769122
86620711005
87772181878
14038384989
64714897984
36303323080
19919528544
74644076010
12751134931
811481351
62662818478
83603128250
14775816988
56614103825
68854543964
68692319599
88205815106
76336343362
81758888294
58934246059
58773835258
55546959463
91003029016
91789636132
91168716929
9916058448
91161353134
7933513085
681327528
9156962704
73332345905
39043833894
25987640693
11089649746
13826051417
4381162990
55248283544
16049188119
84337960529
76861434798
92422023357
91446113309
6266685015
22438666376
73261252137
89772865187
38885650446
92653144454
45794044250
69283674317
4134550292
84836973306
13230120851
67238855312
75680578675
17884617078
35015537506
93646106134
16775972810
92824474046
56741886615
2983448571
7584717317
2430321955
31310854106
43563276328
39686041593
70158993125
60147147988
20069317553
3617957853
34521263877
43466773140
89999625735
92950898277
67264521759
5589152357
82739089612
62609822530
22998782164
7431157426
91660366329
4882327756
21734592352
92641348477
28838366672
1506880608
10559460013
71174038604
33607045223
3862660479
64725924787
13009896700
46770418894
23578797243
89449309142
63619713071
95211389547
68519664110
77393204399
8778024886
90269539269
2555658923
4892377874
41517483190
83325751489
12702102477
86587410569
80561343168
70275700022
94485436404
94738281739
85419404601
43819134787
32684571406
22877140407
84424462799
7935962042
39715802942
41814290690
1830381618
71719705771
89831219849
77666482583
95940466040
42051049652
95435455410
47606999148
11339368847
38370102411
16093000416
56744395556
71038516454
80730773439
80389182604
88645646952
26225231482
77164786116
12061577425
83786134439
50364982871
21360222104
39856413852
89233794902
90046081207
77867722505
25105492589
55164738906
43788040854
87084329933
41898776489
71912101363
69493351162
13499218756
41655921426
13761752254
94735369924
94910560557
95066448389
96928366109
94443838054
29047256024
96839269838
7220472130
6600642942
16373574641
49313806227
62645711492
88614832507
5633395938
13772206714
56709414383
44878448601
84758871079
9822011010
16550125561
10477484864
88893944925
93008704109
84076311509
7749803810
91629010303
3057600798
64814568088
86170810212
88213245943
80420244343
57193998030
99077777076
16064933204
78316275820
65435009658
8079501063
85340733665
86644690157
90684652373
7756852853
46633752924
75786433826
62388067663
27368857410
95850766553
97577495912
17883324740
25040652706
99010426306
70265390390
90552469465
56655411405
75007603301
12414240810
6884668130
16364764643
96972482037
94717676574
15333478122
12259718436
15533886339
1978054149
5421351465
63381319643
18997474469
10502765164
99151384893
91452435856
8279032367
59951290022
4461632345
85518380195
50344314166
7318003579
98377661027
6097067307
67394170616
92573273716
15939268512
62321082205
2493362465
45005125532
12500633193
18478020105
71562104271
56228873548
99503708661
35119364573
88642442355
84432347709
87603720211
3417354317
96471329864
28287749667
70050240110
6424957200
38292828870
100862022312
6634014530
100608168425
61306958
81610153639
15051217821
4878519483
8616761287
48433389497
12718380267
62220038345
6802549017
30384819855
91381720873
23300394985
45173559096
85277870670
100956480431
93035596241
36667397948
55412281766
3725758122
96734802985
93512468264
59897419961
79275742300
72911912692
6576139876
86962468037
12612044509
89272363815
83970703615
5075652308
100582116733
102500632994
2462012550
15878484344
22020313381
97369112182
68690462546
8574220352
79731068568
11378679219
78659072823
30531717035
38676621558
24426392401
1394799832
73615267143
60812141134
10733546381
100668695714
76340946529
37333535800
7173263437
1940297776
4717485965
25218612
60593290388
27834536835
22397130398
100507572747
68713436410
51851093002
78045763215
19770797333
71042698845
19707504927
50815003887
46351724672
8046434364
76457425529
68892742099
7842984457
31927192246
46339677875
596861449
3100775673
95877382061
101265524897
5389307069
90353058580
14298985471
98073983009
452635992
2087539687
35759960047
101040942713
64022303286
37812549576
38286466246
47414287301
11877264286
89536755444
97993742409
102383616442
8232925016
66848644004
35951370569
2528682306
23468174124
5747250373
98151630132
57851404937
9992656187
27378501993
21482188631
100564702498
15892616496
100798825771
83194145214
95335743726
36260063291
98244590009
10123161947
85415990188
71046229561
260181791
17457356779
12944755464
7412196110
4712122381
86855225054
54204347663
89733859473
70409748700
1464733618
97724788392
12464875962
77696661608
15712614359
38596548081
16847215224
3370209905
94939428634
43597866037
34267039625
67887482128
15723737022
12371374479
94699435294
81143917204
99729051631
7274077337
2725225774
49191239775
14469624123
68925966776
76489445280
59327629604
3179335345
7248687871
72174986355
11093860897
95768922555
106379094739
55642717382
16930663604
13863892061
26181592557
68508926849
9392970736
36591270710
91079025338
4464072953
107240692020
2876180621
83398971607
59777048465
37228669569
104509196690
3763541579
79639395400
4990794614
80509987828
102906660035
90658953551
83054785063
87399017482
80721747265
40519093876
3146279878
99726829241
32986718870
93916542659
107314029746
94807053517
21485039179
73048539934
1998179890
25265844213
42514604127
104213356865
101501603588
3790571031
12954664099
99871661963
96643105714
35188275248
97362551741
4986729154
7075862031
73774919658
3524778663
17113639948
1177386299
1177622650
11499932363
33836628426
80211596354
88523592437
229277681
2973794747
104989269101
84949050605
89615209664
906518836
27209933250
10904908267
48791930890
8424263876
50692803245
67875084331
45196581244
100794297539
105351310718
11936912053
50003646235
96512392141
4784109041
24870329999
104754721218
36520607797
78705360665
108822784325
82680884252
15438049735
38922493221
26045518289
72018701021
104621912727
108737358443
14883204978
12659504509
5860259611
85862040712
69342167494
107198536515
5315673889
28838373405
10493550428
80488253652
5391846382
57874414770
15695756515
51055874947
12508289310
16048884904
99891926250
34681093578
11858245118
110864471705
27794403287
87147529888
96608301830
17330235757
17762473574
43149834327
3053295852
61340900205
11805658764
39112815910
99453718262
80657301363
110353512432
42104098785
36740764878
26600248240
6121745776
108090750247
40943860336
101503927435
59003749974
33516573424
101107033087
103052699785
9155648535
111488960595
28704205354
22575357306
95129781754
14802901432
26649502078
89422178182
24744149524
81676794417
20353776498
14109157980
57579242280
42467222507
1400934550
55523476289
105727305186
2139965378
27372720701
58798220202
5241780628
112774460738
99452687109
88094821064
77601133283
53627797500
19271794776
26678871594
99468481175
19642240040
87647684186
22992153507
82974232790
43815590438
46092291344
105115709585
103202785945
75546694017
12210824345
107801304840
104847323790
2330850480
43202264418
43031168473
43375642700
89849191576
90857104374
109526034298
112821653044
9965412458
97397417920
38151161046
7764749371
10718914885
33537522341
45130042778
14601915599
4779777884
87683814055
5092527579
34939899045
93909531478
107248383830
28867623914
26991703048
78441997031
42579820667
21280389383
35987523114
91645642365
112356333511
106490652354
8030230579
46078971317
12248283853
110767961007
64631193852
8429627846
70227920252
105543685008
73447287477
20739108091
30671442791
96855036034
110612548629
91494621721
19728131643
99546179084
7603849537
24802537240
15383354875
47098615596
5298034268
2615908038
41582252901
11387144679
23127912459
35363042762
47888571745
62497537699
67955349722
110185743163
29715445583
26964323969
2780767503
379831425
72717122174
235027634
46368146545
98003202908
2544136741
6921763269
13617582405
14216091721
49805526505
111848136996
80575705057
9378739828
74188891469
27764455259
17128753519
21161760855
41235070701
70238673384
10229358133
94915210611
531054269
7331530060
22803164168
39296009095
24258538618
4351305932
17509261821
88945807498
20332048398
142186241
12911500789
19238272465
7999434201
1850399407
9969697463
5123535957
16976109116
16554978771
4203392300
61764079333
11395392748
82294490450
3748899110
108018830084
6804625277
22447937768
82295092148
112887734487
78471225699
41903157388
91359721753
44441034883
26842695431
105080354639
35979069740
91445464391
108312742855
26629161693
3760798658
53956537860
13510489017
97242665688
89332420145
11840969659
8728132344
108029710331
101971094850
44450183635
113004464987
52465756663
75024854055
104380833277
6801512198
10069581895
114533901421
17513473622
70996201688
52778890814
45472146177
62451824090
96860873485
54513340705
52583014581
5671828791
9603452171
76649092001
105014938412
74062588784
36436458790
13088820188
60134854106
62647095569
78252222405
117226757890
26139518918
82949878293
31912582074
52663377715
74660854412
8004869464
51777577623
54707158494
2699400503
21608984369
25603337296
116461693329
19140307951
69349924374
117932159252
18805932848
34952212543
82209392558
60634995670
29539079917
104787432308
4287435347
114698567365
4879547036
86338845430
106567124269
111738708006
11429761482
13156197395
108951120152
18949393930
33760100355
16738708279
13045776574
118983361113
18158036938
23668220383
114573656571
92829990714
2178308158
70474172577
14100024468
113643429667
2260810232
116258809366
41817798796
56739767409
64733388433
41014059771
117220875698
40749856942
76541014790
116455490199
111109147978
9633030527
15387089124
119747723161
109509939539
50441691298
83232991891
104168057111
119777938455
109406276219
14551047739
103111416791
13667602750
4964694033
4446298525
46491320277
98024926411
2297914851
57314494539
111325591587
19135439541
46818436395
108710076008
82324326720
81834230848
103941782102
18335505235
6625214444
102765003830
7913404462
109137759479
110323544958
60749824934
26822042727
31763196259
3209065782
112078990103
4977959120
27093344383
9946772885
71786005663
104509323308
102583833429
5588452642
84215672405
29114470433
6168635557
109409834784
117693750334
99981761105
109914305514
60847581680
19124564232
118674672508
110971069314
65422629014
15408031739
20248593607
108374063809
6278925751
25737350008
112223009231
5059098514
7842649405
4910109392
8554978257
61576263350
16952662103
26290074834
19877875630
474883673
29574600584
157529014
119861337980
108312213216
19076383189
40515474546
118139813901
39276377290
11387063579
5168032086
76067282121
44969528767
12634680236
1799066488
71134817406
3213711341
120402850703
18654845405
10199171385
107405835016
768784193
309547432
73227577471
17783997680
54267884468
56031141022
113477172507
96495775943
54348635250
1339581103
84921554210
96944818601
119522917362
121425177963
13230053447
122906020012
19397839323
44138971864
10819720395
110950059742
6649358584
110687810283
33681146386
112598992321
110874637455
99401421416
21328464004
105104186608
19263206740
14733744785
110597767888
6195909830
118420582972
68382657485
113479951733
72774904366
4612017714
109985916320
7431287170
113423740380
13597488025
92347542099
1546154952
123473764460
111650480406
104782699961
16531259131
106251416321
16666144094
16615938139
94259866373
2434578247
46840909161
122177994915
33451583094
88030152663
2027306334
3419406027
2211557710
120348594649
45744299747
23775090142
22505693708
24495927433
15173692753
53331409035
97624314733
84068347555
104001375445
24006787939
108063758257
103348730085
2076409931
114107066612
114319088448
118314705173
107925007134
12424605736
6105370379
42574138742
17622793410
116066393601
120628406459
104629796586
91397402788
1926722098
85640902711
97085824542
59297962371
123843489594
86055419854
99178783254
75851932890
2418680154
89643749944
119898731795
4840905781
37960367212
124408137203
42021905590
835334371
58748655469
54514868829
109715578773
76302434964
76442337599
29764083042
34420362928
6833965387
53112103531
36159224221
112621487056
120992837711
66185002654
890301249
97452850761
55147145054
75415058274
96354977417
12843150021
28641299597
128527884777
95422412923
116917012968
120110008627
109718719291
12338340553
113308662889
101245513949
116339183623
1366157514
90443061862
1617289721
102625829
115928394362
21914681077
96835929304
63706221584
29679200283
113084099426
87445078907
65524206637
10378195703
127780808135
1514921237
6753759216
8758339644
3600399920
31693479187
124737753618
122461377124
12177193253
54054565642
120556892864
87321413333
87878628865
56116999933
39265290298
18107260608
102215923143
38599983770
48910486226
103344762185
126750996278
85653735418
73455839205
84793536056
127026678303
38677419353
119581428567
116138955896
54055165887
65863052068
90601113962
120412337910
15989755233
22746712471
38995382524
17310072006
3562796841
6706473698
128095035519
13179875113
72288411261
75418264381
4515782120
5459523274
59848592546
78990985647
104334187651
24408415200
111381084477
98765452358
29665120078
89657811883
22376986974
84759218890
67222114679
118075486084
81867092116
22880099859
13895791486
29172415902
101194438148
129168283427
3767315241
1585572490
105537615815
16606042855
93059247631
7785543958
21416236707
41969875853
124907287059
55965409816
16281295333
3678352985
129800277228
106204516523
14199100402
1626531309
132167982563
130815442554
109124661395
73320808720
52324639888
22504828902
3366730482
121591198028
10817836458
69085047893
93129815359
100012261292
81288164524
120346689023
112588840677
13718687211
4634013512
38926325892
119459382656
63433693710
82645334421
79089931954
133263443536
106966639315
64715870290
127145210079
128647289490
48319171957
23334468693
100030959162
107551210800
37050705172
29225398771
72795944914
17030805591
131913582434
71716115246
68879662114
93098454641
125888500634
69343464322
359871239
58618431620
10050503874
134495452868
3837485706
105152235752
130579514764
121125457890
50075794905
6044880299
123490800295
88148212310
32170852728
6792999306
108372916903
12026203640
53751155499
135537451432
128963970644
6950320007
134373053616
133458585260
113837007940
28598078486
7205799941
51899271559
99471140575
133384293920
78261349242
75904320022
34843967263
7924797177
116988433604
129399548972
135641959002
2174335649
128466575433
131630801548
75859564653
71564360588
96042445844
23629597942
19924945130
2670463975
15383762745
99833653300
3242233999
14506483521
13217887153
126962199438
132021658438
13207823746
125557189765
8498201013
131346759820
134234499811
130496725046
57817940460
63483604623
6094841677
83423757855
124675816342
43635499424
2270129257
126810046797
135382405710
80344037971
73850688099
20020305821
129559150934
6980753893
136687066257
17034849152
356573785
76424352169
4346437730
6339224409
126269443065
31550538495
33604733240
8178955884
134349806673
119752603154
138438749404
3094018197
4356854140
38815179111
11756732721
1574208348
2840055695
55172080520
89308680498
90354364677
10396541215
62645994587
33680090680
18500127534
18531127330
136971264047
33234965350
60455709165
7800135127
773743712
12542111183
113491579461
55976165017
27407645539
137745552090
15293432031
20491272903
21997658326
78241299640
12112579360
131852046120
62602382563
74458889224
12938405905
4312630894
137874518992
121490156407
130962705980
95640129629
8098259976
63962475125
74162920700
8518656384
67672539364
114519470609
74217916209
68655515856
71393255842
39953240497
44099035014
72609838241
28321832932
5389690819
64091753358
125147627150
13678418568
107504399893
43775082055
89699093780
137991867369
115053641689
28766038069
113590672996
137432054053
118906871341
103138631997
133593468351
1639314489
33247773869
118450899535
13691589113
15265504174
118994653940
78125111371
60760421915
98916923719
107803473118
123818784847
49578361750
74441720824
43188071976
33551631024
92632419543
84018691820
3788431667
8898986276
29995479807
106542586860
77834260626
71332555745
97470523485
15040457892
70710895054
9209924403
137464151319
78932076888
88260845992
120713670044
2786470128
14453788399
438700722
140514766717
133118018502
60514688952
18099628988
125445345739
17519535577
108843113266
53255347856
136659339665
60776094584
140650260866
74224082426
135264591047
12684470898
7758101168
596629128
116768788697
86270344686
99412604335
89356821310
75503543035
140080358261
70739719598
934249443
105923142397
24302955541
61126898858
111734928619
17382861621
83948091143
60563153843
105606160479
8846933922
97475718649
20607991753
26823844948
60480927275
101877572954
99171185610
114517146937
21529848899
74794680223
98327057321
76714034272
46464531132
4035353349
14676264815
60367177089
70304282418
140413246731
26472163814
132325010874
44922971792
2681381534
102879053099
104844200718
105076959281
30326117909
72942647355
114124695113
11887383961
13353875306
85966764559
62932800897
81740818919
44908020412
15614023817
107771932983
79589464387
132938939385
3561854185
5857986499
48441790588
41347068828
140053215642
120869771189
116508944093
105319300173
131916030242
19016641242
72392886219
84514828204
123370241082
44758275190
39831194857
37093155321
542127183
6010537738
144641716567
36282614068
75495426319
82092015721
117836888323
67140867978
146799633650
14630990126
146116481700
100705757217
119998263753
146726468171
135219168056
11154849267
24836848043
120607353284
136518070840
37344824263
11367089476
16354142260
145425253873
146540102367
22309456994
136465574890
127924841051
141126559923
97550841797
35559218722
147150053855
17620889644
23033749447
90193372403
92983450395
21054971440
107571676529
119269562452
87339790371
19386258575
480840353
134685800099
20251005364
112516746272
64187865394
6580925139
140221865388
48136059657
15671769465
3586406640
90534663101
59142760183
79405505802
106141307469
101521886799
4371028154
22971440254
141695728163
91884070869
10307270872
79309544498
115747334828
5080755231
136695424943
64926802406
10331875422
3739638617
66451257369
89809547245
60681831350
105665599963
147940190719
2812705069
143437912845
2295338310
12973726314
25019755737
142001631535
16814209199
131745081253
125984399625
72861363220
40683515742
62478969398
21722785846
48217288263
134310365278
100765287226
16716367949
7337402368
150386442803
135084241385
150831721839
126236989456
25728729922
80547891076
16756944649
3286559259
12669612626
85863314694
147753296991
7014076493
113606151245
82994684630
54986562390
23734310972
587389460
151475161491
18670824273
103999550247
39641632369
1965955949
117381321028
35929959160
89100793666
31022212269
13171152871
11787492412
16429560474
39826450195
134726834889
51924782510
107550653491
105691441534
151934142570
102711795857
137878267066
101618193576
143997598824
25840269459
137432217976
52918338964
69520901742
126019698802
66593031897
125539748408
3704811895
7725245916
132266501640
144190624539
7379175486
4082798890
114202822830
138994067611
18718795351
3617511281
136831578193
140024753044
131188390259
91605415455
1303586711
124762461079
16760693306
148034845556
75759926735
120993791254
149915086304
152575989479
23448655603
146740181121
139695413787
26990131278
150849617064
15148217259
21718908566
134815024948
147901371898
19755760291
79380910774
15105871879
151020915894
2180408857
138097822090
78903208149
76729924404
115249835173
150033107042
110188528734
11891918533
50373698289
112811638246
114555978275
52040387941
64168213958
137063632547
215629032
96813284215
15249229372
12350466987
152857652465
8398941127
151133383950
18260944484
23364719704
4001064912
130764671077
91396066489
70788257760
96027500199
48917626585
31342987715
14527717928
105340498201
154802803691
87595227871
148561409926
125862124153
85965071120
41562884592
151596500823
8234356145
1410287556
10075032761
139120574949
134405193593
83307309844
93654159065
18716690386
38199276260
101435566910
50699387234
84788081625
144992026335
6401367650
111088085547
134063341035
48054190715
156063279247
115450982185
45945167962
129965699135
43786906980
17065429954
16818744855
133321104599
71815230846
111416415946
148783195436
131095184230
137246746183
17573735362
113523310765
1956498459
148542054728
126977667340
109744409705
111013560056
129629145196
102000364007
85683043584
3729110640
78028194847
142750346607
115629690433
4593563604
157184501257
126223346381
83191134862
156456308659
64203360703
138084643191
47602707387
138710606378
69115538527
122821606149
152358973411
14062339123
9248714898
19846317092
148105563082
151542374175
131618924496
1732751213
35056165656
116789167064
58744724639
43505085362
151874939494
32116486116
6213506010
5224821544
28834179746
136580893321
48326927368
7027242565
142340043227
116610846591
96050416953
73975671212
155193863688
92440391470
9423125996
147834853824
2954975723
98261081015
147336814787
10747471231
20588032923
90849198044
78252959983
61709330999
99104693975
146274462765
22432629335
26038100321
53593984214
120331024808
81284503799
26566330635
34807190509
73646095185
1292512548
2096445789
54296134351
122305823049
152453308580
10677419778
1171354897
150780149700
124948479347
106761560724
136596317007
17479952565
25212422503
19215420285
98391888640
158893393167
150138751007
13017614595
132158075480
78398170591
5021810705
86613879891
67179899015
5665902398
29331937511
157993605932
33985659548
115203881725
110593060492
11194339519
132756595112
141488330839
132867380462
21409534096
13688374102
155306913420
10874752857
60688355218
131138253043
35880042127
94621573025
163019327
160130190443
47655722085
59893005931
80543163770
47373682663
155335706433
119920511537
111134438963
28520759343
53380008060
66806785435
101153247677
6466910424
56635413287
37477312742
73143024199
86819794451
19417939034
157785238255
32375029193
144801430047
157271442081
2381727149
32767353126
86768151855
155484489335
48915304119
147750564465
146830749282
7578949641
140838128745
51016955156
140685610113
7971988767
62716842650
59818367549
19398697140
15325754625
156680448696
6500569536
25057830800
1685053624
110191124336
13203640063
28686790086
53845084355
24618413641
3938558218
152527939472
38400531462
18897792565
138789201198
46074088050
94251503881
44704313994
155043053050
9153846952
93636028154
52020432321
85665251940
54601714420
23688979151
10756844834
117117913793
28765985301
6424357772
2849875125
111321770739
5542070994
128141259011
123616437047
4748927401
139219341638
93125336426
47358661730
157901430560
49030406882
38004994005
86843484178
12778892069
3614785725
145464329521
30428265985
13352708225
87606621151
21006086994
97186623029
17831094997
16331351911
81336510757
89788150815
51235998730
107863898801
152101550246
75048122340
80391058825
143214427483
9769324860
2830762340
144094290494
64791749319
29993996582
47958159708
14621942176
112860466645
146284994186
31574749999
67287111337
9137641867
23015086405
114636014444
76028958964
6334535814
64815550753
31111174763
91852436580
142451618630
97559838795
5085103817
65127279953
131096114664
129600267507
120359564925
20392884717
16914746334
22801364310
159283700060
53849077479
157378056292
117761313309
149504942326
8507053134
62187547149
541379175
24023616914
13798155823
124727866064
1444501905
73768257146
165127583637
21502653299
90170367142
159470284091
161056879179
11403770713
150412831371
95707069199
66827434142
165685373578
142851284657
11735730633
97544130270
76450750928
22583941427
150672664663
2047813738
43008523699
12818250697
80541135979
148969898842
143345476001
127954507229
140093053026
49334217092
161061689169
144501193777
11516588380
160426206987
46269941314
164945216197
141812165793
80279853843
61748564708
123266868264
141971901083
3499094399
160330675886
3797771873
9280676683
11769530420
12277976226
26518425549
119547987859
160453598346
166081312023
9660936749
71087495274
153333065230
113626898817
165010525500
141596348894
91214381315
65170999102
4848414304
140463686647
21192174113
18390494521
73188672369
87758091867
163970932008
103259747136
8118036248
9477497695
45869843439
67316313871
89567092393
54255280512
15908282195
119273473237
66595511246
136225769398
145512737316
152821996264
13775092229
81899163520
44481358930
8544761181
3203656350
129275214758
155657612698
23342676996
19731702048
159609190403
87641684525
11491036855
59144522761
165407924976
89355583781
70905786387
167422793291
43421209074
80539103437
105892310652
127009015352
164348770767
78495140757
156167154329
145295046078
58106327970
140706831792
155578579307
125376376673
155445219320
26315784624
153741336599
3127996408
108869683046
65429097924
10579518806
159352277377
67463646650
158191413137
5604881242
81810715478
39234952479
10720897514
147673485196
3405627930
13785964784
164979864353
112130020396
27927059464
12934068960
134121558973
4256241856
14571584534
101670568069
22864972310
27337198689
62108064648
22806046463
151522457234
24636800083
37058806478
154600013664
84374210547
76088467744
47787870908
93476713404
159620482862
121065454075
164703976914
44618229610
158991656728
20095595730
29323904479
7327241009
127234404431
23738854199
1148713776
90121362528
35394125702
84749790132
41985396328
29384804144
38960022426
132180958787
45240935623
9288570471
138643552003
119363653229
141898830999
51821252774
79610260403
7558465383
58608605046
131880998046
152388789343
26812396693
130869468630
8801706242
33074595863
52910504509
657104052
68188673487
171162174145
116025748164
115104133474
43696424692
116893120296
107486232881
44377018406
27897402148
171136144404
171921095658
146801602657
111338895674
33726551415
151627327665
156302660350
191746737
42957245810
2107292860
126367623887
70641726532
118509558632
137460015456
14455818729
222472294
12317355167
148403952890
172303366798
21776481140
132922179931
22759097641
21682311948
39508924243
9342016146
155996163499
75813481123
171171975911
127179136950
111979813321
34938129466
10010304766
68720686660
134720221922
170128375732
17080615851
43675117590
173726431013
122328859936
123674940149
149966648087
172685435977
71043911743
58190130099
173405018036
2776283856
37567739304
115200625256
170339694287
137609255761
156942265013
164747975342
76980356274
54158973527
168505692110
171610620827
8690260806
25419747064
57499237258
14273663570
5383401227
4336168934
26958711416
166625090327
108551786220
169460879788
173211977649
5916592082
2898517734
131665024494
143824920779
128956085461
13070197212
170976126167
112797873185
134977073751
116389603550
40314015813
108456924994
162589679117
1494264470
5393336767
119513508564
95282911475
114697619570
174010204512
110770895716
53128373325
165537327763
69663265225
88823910732
46047231114
101687124369
135087608378
25074260628
171310329429
3687785139
1009291918
4053449917
168657355684
164644210457
166898400623
99783215937
1027808190
28988354986
5956610983
101793581863
42339001334
153164938470
160102827371
52292157025
175525205723
123688874563
120319274042
17999437753
5942880803
10328293124
93995440721
91756063566
3915900691
13552187457
54256911542
38710723873
59146419090
171565129949
167894420209
55182214751
176935683237
155575200626
126041869490
229847379
55645191336
1601758677
89235727165
155396274984
18486850793
4104061039
83667023615
158660358712
41211419893
31679790267
164251741531
49650919298
150303715863
140664366121
58568193729
140147055898
102567296535
155246247276
39550360418
22865756900
14777244052
20661256389
76332100772
65657744923
175680869691
83375891168
110412476461
138863156677
31884570882
145542582662
118660302591
11764025757
163391392242
80443175535
28324660340
122627077951
68152707819
47418670922
80997790937
92159892409
123864018266
75563965344
153551753645
12080005248
144271803260
89780422444
21009747261
11900468644
70553032843
62112845505
79915870830
36670052191
61481569472
175602803335
143351963939
47415699409
15643100070
168186397610
104272039834
57634745917
71152990883
72795132545
25528887826
82349635341
21985237424
91439324685
140484326244
4561445614
102737844932
23334298746
7215731395
3416100044
163991979808
100813339153
26604715823
173643379052
153694753395
96733655632
22449510108
171271290283
143253582184
129677894061
119022395744
118617523937
86077525841
50066527490
164390026278
4879362662
149418865087
50366416325
174541562887
86682210565
13395761452
157509546751
163833145484
176798803019
19202709088
179097428829
70187310639
13836081329
53938490114
10440128177
31224292080
121244257096
147157209632
14766791418
59711087050
71748493465
24409350724
20171408140
138822808909
176132583293
4510451310
24069061351
162313030768
126419571390
93597908523
116756056597
61830016796
172773094403
124569346275
8524211208
86085216877
130173962081
165507415542
12799000299
146844019201
151914647961
21492393540
161998123100
173412554321
114467961183
10055453782
55162953356
123762332972
25965899747
181204830033
19260379830
131488361911
129614784053
4397166283
3653635071
8919311539
47795327708
26292905547
177394240277
39670295979
3349753462
174947913028
60059491011
57874586792
96569614303
23078703119
167976241970
42224849641
34607931891
95330388985
1216936994
128276145628
15102530631
64637060885
178617782083
167959691903
22555932856
12679089925
185164991
176170751672
3260009511
2413085134
21459636392
100117093451
52570318014
112078833073
78156603335
23252498504
112185964170
133937717021
175050346452
116361672574
178449287916
8865621512
157305697020
50662982045
30067975801
127277365070
116879760259
160421295598
56368072418
158331373220
179353011030
57119583397
181742150051
4905547955
88599777294
1360648207
88154854582
7396638836
57678264392
5675010374
36206492584
28524956365
180757295115
178530558321
170470198685
25374181236
171737388526
94829347338
180753086902
34019789684
129401868262
182254856414
139788595408
181563344319
35875171534
146296637261
80347589366
75782076360
59925192062
619546680
76562150338
184104923893
159529484901
2052210887
30282023627
111944248363
7449440108
111561494045
171906443195
23962325341
79214091204
178018690198
180222912326
15189774984
159450527403
148303228000
175069257108
77249833826
16799618553
161643713020
8364639358
76583176118
106974382186
77892727283
11492525571
12260792110
22692534769
48518904561
118688497388
128268968522
103788742496
123342347989
185567558078
140229696737
182754409843
37067188042
137853456284
93359714091
8419462719
123622308914
118349054831
78241953163
112230448173
25026707281
1342383226
47327290990
45098470742
13903169023
161241772768
176046737469
27063434889
120076706
58749768696
1854161793
20582375821
117774481156
23887372988
27855276459
3438272476
148366426082
11299032681
122613661355
3875285010
130392278555
26131719161
102855596757
61207816637
6689766405
39286316886
35731245952
5765917509
17866674526
95087434045
171798203150
186557378333
32660825789
15129098499
183796237629
173392622507
184763796930
3364330700
173353441558
123496368879
5331871889
138182449666
9847836391
126139342867
50565013245
46370870136
163719232200
49352495853
170386650700
2118388027
116134290481
88560909873
138160637821
95843378902
51225826149
168106860550
82559433699
186848712343
179341500238
181200644378
166922184921
13849446340
101572063834
187395598584
126709778022
32076354686
150326075402
187518041436
154135282657
146792016896
172760702979
171673719585
20111263736
142994202559
23488899356
72165262568
118949845392
30388798329
45608309914
187242438484
139273915917
35937817027
9345619978
50950245334
10869068969
185155726397
164889669118
134379602246
41813188757
73282915583
6427318768
5069760919
27810254573
17938460995
178356083242
92547373224
172384357643
43823256650
165996842771
20941698198
9975834756
188033541593
101869976222
178154726228
187927714402
19845552118
150043050851
59828733353
133707214550
74683050692
179252523674
114279907164
6682716691
10799263501
10628550622
151225900963
45807539843
24819432876
125998679553
8840540451
51877583548
28951824682
162366592084
76851832928
39664607313
82413391641
115708313975
9859703897
55544597056
120481702313
27883166615
185609526124
180218441568
187587415311
19197393544
80484910514
185866299094
120288863837
163229582626
5952612196
123325101066
182732617151
12169228438
22043952892
121273158298
6447745258
120902522825
185374245360
77570393553
128902473911
156312429268
7891876054
22710766559
9987974626
79764614759
77034165259
123541724478
174883650190
14301975068
46560260467
140385809809
162517975128
54019532655
158219671469
38656645815
80770135958
92322572390
131991936370
6495457809
185888572721
109659527712
8751453403
178414849571
17178675939
101279429640
9313141783
120455110367
157039656311
95177661378
6187195125
2519106188
170802045100
105787687777
23375454672
182489836847
4214611224
163953768900
84431119504
12858620575
79337678410
124478177156
28819947326
189593515227
36940012574
103452265409
185317425888
66911593675
169466513905
165615106808
191388299301
192593352660
7458115440
925959491
82484677807
111050368030
1227816451
25484510234
162626418375
56831229955
128658597925
76774298170
131094148079
150106744912
51170037558
189992502347
8103849049
83542268111
75730419147
119202370045
84644378565
42922713183
8434107734
19032877613
161289358109
155807124192
9679785032
27640197777
65010543573
108134964667
13781067698
13935040323
1855531610
190120990495
181141287885
139805798751
129858719981
135070219074
18660206228
24030916154
179133713749
70827902114
116826302381
132418175544
195440473418
89589878977
25145814304
158215981643
190626330238
61147259465
31740652250
193083106610
126464068219
20832220594
142130716392
1098569638
25287361115
113251854508
57988816324
184073925741
315470045
2695909299
119146788642
137342644408
87572788997
62051010975
67208442389
66689685403
115103742833
20375855917
160180697885
48668892976
189471893581
4470700133
47622672108
58927923639
172399990175
58405534256
108360870862
135015968676
99306292027
95711334433
124991851055
7909044367
5892216799
197484983138
31155361696
181447620808
72832946047
60484591013
21673264775
93807126803
112319823070
169373544285
84146552448
197782846298
169652327986
154954808211
13927904992
142735910860
88437812135
90438440743
131109135568
172053847963
140978445982
185572237370
22109953730
143761379215
174459351709
125762939057
182116398005
173710270145
74574094626
196718893135
41545598851
171668767735
74250180799
25751428689
8313648510
198518336740
158429552494
7876167840
55746702631
140837647203
182412566913
431548487
30705301852
20805357014
88201216998
172035397643
25506006245
21501818893
195452532444
178648687555
185172389614
1428546911
21850473998
74677959743
152565662613
9272601436
63276792372
2977389691
9086924099
53193827030
135941065444
32370992693
183352771139
176735846536
169279762948
5939477662
112532116328
22641935359
32215041432
56700465975
1283195332
194738465140
105322513672
93415652900
125679960787
179890980912
60998359405
12754818931
168278003623
4968407985
109204296025
171127128644
13782612321
181524810863
53390290099
131190654895
41902659653
175808617684
155987208870
186735788045
30358477436
45323059997
200247955678
35436479717
104974314050
142287128323
15805795400
6788556421
31286022404
55954375451
11708964121
77171230526
201260703174
11420141079
156909246620
87457049200
171234530417
123137173618
115611348012
31591117351
126281162022
198042584111
14266698440
71509713600
49329680333
21393034331
200213205309
86903890141
180064657939
195572344466
79232636556
157569883812
2485035773
54447203410
173746076066
3283757371
174388139923
72560203159
146046359634
4239307861
99907762573
135720021468
197928595339
169365498261
201027148903
165474200237
2541123756
58057672338
22398251721
195510748611
192593097713
13209206383
4566955343
188057844980
181034417816
120352898746
200803354762
128763023770
161438080931
25587022579
201466227161
60819294043
97043450736
79854579476
68788242311
34124799450
11350385278
192600567831
104643999935
193102676349
160568913716
54305988553
173473812812
140559872351
16207613348
147123525809
199907241304
107812860915
195192543877
127157684265
38862658941
134418358485
106677157903
80458335004
3716498943
166356029232
82354855008
178356556725
50830242227
189816805697
31524777480
189980531563
54224818819
162106958807
33371780551
20197801979
186260738916
201526646730
10811898811
204420436976
170204170280
10450793810
204353357211
175171352960
100840719210
68625335495
1852094143
2689577906
45519865869
109448247058
121659015809
147494440058
162966994338
44425303171
144047207535
108056720763
7042616461
196042838565
12306762147
70225054630
112455793572
118482744126
157176298785
197285112744
92983321673
189794016598
4827686693
160514885688
94620331921
29139654869
15170053699
19687902844
17174177102
651581847
172658092443
202045550504
16488448658
95640952647
158548880658
128625130883
56026168957
119326053279
55568919405
196927142142
53247892791
2114650545
146948730904
123503991323
3809921465
199385729681
203171035447
31955523764
106990765144
35473642411
7443625768
72729183025
150830316603
12643735808
136223546705
50286003988
202721308555
110842623785
3668076229
39997615366
29718274730
28130572159
45336316430
9102110454
152813178074
9377373467
63112008925
187275694288
175375508555
23350795147
200860661566
171544064711
10503311023
147881436342
83159566248
139315014921
118401418424
172841664603
3998541495
203261826539
192994139982
108282527469
21484214547
200700819790
164087507190
24955398829
17486151609
95146426958
40489905475
65329631266
84774405074
205045762065
130473220590
172063393192
197709583232
197178650755
116813689829
196282915773
16532493496
61985887147
11149577948
106153421586
195096809948
60536687163
107834087911
70342387690
116214011356
23848464948
35582898372
55017284494
31450587985
142140585571
150692656581
112334967268
157720242937
11756012769
816205144
80412165808
172277197884
17834021080
187394223283
203780767621
4514080333
38627611274
175659800763
111961179697
206902381232
80840788576
5322328335
80675468179
55376495037
70408259491
12061974517
200043790060
27351090328
190157383253
114826646030
7802477666
203579730120
204237767732
142769392321
148144711145
172850044547
64703988179
183762071122
116484890882
126391518174
176387495190
117795828838
36048451480
176452984838
198558078332
183099459361
1958060429
206676527141
105755730693
41913108667
7954732252
83065871908
7849186108
1368680396
86189442137
200443696525
185410554393
56867452529
22706065146
10307681427
139873543797
187453344026
992970385
170562990509
19219695813
189134825568
88681877267
58464156334
9205148727
81302502701
94254757888
160900919412
31588582184
58499242429
82897394188
17162803652
166353798760
2679778419
164428535417
820720611
193710218437
99103828013
1570247944
67369197928
9265203015
2548828887
82079480206
210403046636
41972456272
3343432138
140309125512
196447836348
206224914975
15904359647
16667894477
27192529155
149941748767
72446992601
205487260169
83748029301
17690719434
201771531177
59993805593
169989536618
104917352951
39944011646
97605985760
42717049127
3432791040
203501336565
137160930657
210974332822
200400091395
35457116826
68163777186
207283020919
175824698242
40021670081
106109670950
109025080149
38703449952
108767148407
5561443159
5651023553
45930876601
78398943179
4139772217
209604685982
28965938691
154482964265
17680196049
6742421107
196331329526
28223019533
71704499468
20566933726
200380726981
27497538795
56143053406
201723891732
169923704156
179133978828
201541294649
10940230948
134656447635
174671563216
53078478651
205589629502
211056777699
13272808831
144151124099
40422295798
144682874323
23955867774
171814584447
38979313364
126762724010
165896661481
204696186683
184602794880
195148821955
13243085196
181980060485
19466082418
101436970335
56778378051
80534326889
98615672749
141178123880
39496250306
170099388241
16480761426
186953988143
515415735
81694680707
29757143951
26078779096
18989293495
175254519643
56303143018
63409630495
209770223488
180717419102
131320871002
24033104708
40427444563
57310841663
82985160667
29366214781
94172935857
209882074733
1188032598
214038170740
213847382885
77314572973
193267863765
125263815821
147135996839
201485611263
184013545390
720440186
7895719299
194870373700
212510812666
175937316336
14044243139
52530713349
51522435045
132538429032
169735150772
203556275931
52456964320
163453700608
142037572536
68061102477
216069745354
23792034550
55997895377
190022121041
41022159760
56397255579
73085508006
22772146290
95377663135
173896976635
22699108090
46178577916
6911330140
208164450785
213910331650
37253866341
166097921756
30881401016
99700585748
65759337034
107885585221
184471574072
90580337143
206647342277
187849340360
200996098060
216440141195
213004360405
186872997601
217717729630
11615933944
139990724506
46568791830
111638425896
101614521126
175605752650
208612127550
170053110439
187524725728
18873182912
179634518207
550911425
189617835109
16706086579
10054893343
127074346535
40404376193
210436996446
127052595655
212315392390
41237980758
9861081499
216834426757
5391531998
39550118106
61294309447
166222676638
136588514511
1393880423
4406778489
176513591579
193234209049
198603932819
74942942682
134503933285
175496514623
28947562435
218286247582
147764150220
215762293816
157721077995
61380778446
125904042196
144204498151
173821096722
218104836578
190577859057
67863460484
137628031064
95605021127
132254197482
181837998859
156256557378
34016313715
207890653149
152238863260
25328122382
208236158332
17926190040
62822376924
13242680142
74964555127
86699528270
91584524253
218663955997
183104587001
26093409399
25793158159
5395445604
155475508428
96761223425
178101797613
8114094487
30241954681
18225629686
21685801965
39151764947
205700545668
161914525083
36572091517
18048177009
193446451134
64896496541
142024341773
63224625332
28992095977
117936268089
126052301213
181114513354
113372878229
83922715
2201726410
42023568115
44846329542
142634567667
195469157521
40236875079
189241183676
111717056259
157547605856
211433085507
30644175882
161732322756
66319698711
210057176918
155096996656
216804521095
47947118930
58131738021
159592550520
207252175818
170251845140
182101504387
115375959632
133405220126
22342554390
213916689084
185829677962
211508464998
24061345309
66642110906
52810326904
31751202124
115096356587
42166161263
2059651822
3653327635
54316554278
184343800276
218366808076
189797324021
216457730014
171358123248
66251822159
200683087320
194071123971
1118134751
4279193566
40212485636
221171575983
84510552911
128202102259
131567949819
15352817323
133371281865
34710802781
128796614427
210668335724
20883652709
91706383734
18761361268
17183130001
192106836409
57668728348
214337225238
5443965853
117943187155
75532692888
123912631247
64665944378
21382782027
46522643025
9472778012
53805153279
220460630012
5167615910
221697414017
7098354900
42951295974
69822573450
30866793854
111406022516
65802142306
131696122210
220819453835
181880748773
161534091751
88050486423
37515369594
221813490207
12328964601
8645504396
221906856897
20987344921
222830980501
137733482634
216606270758
202206940455
86988483595
78504788597
199405884303
198354549686
89481695987
222302230704
219272606936
152575243643
11029430168
184841063369
109130002915
3866294103
32291406651
223238796640
38415720318
129204140917
116811257621
206382395231
120983638273
4917543156
142581230905
61385233101
48257692342
222407039915
99078388426
200532050204
202879518645
116091053820
209235464242
189940398282
1064026491
20153304903
6888380251
221766106171
151236582570
25569357024
7598932503
181971562844
172684412
176694701382
88990486005
67494755406
14383012455
191786495515
191948959705
48508403004
202716236631
36894401956
12501175918
224414107325
154352697577
11466140094
141113441032
161265163644
48269635443
26409833441
202973385695
16983957904
151144751116
153761247130
151408438584
16230065515
9443996411
161191573651
25778986922
195285274682
109809481517
222648233748
210922875669
125010630802
48039017527
154347331331
210285009124
193991548419
217187432900
220354652999
7836306462
206421893052
12313237279
210075079288
184626857591
18471891245
50463020911
86605111911
73898635036
22199891273
77948206755
183987228065
98993150533
114740144071
77036307432
29302225961
64622909923
129524194109
10014035175
205134345592
8732139042
5640647099
16615339490
53740986347
213454986640
84150530777
214350742619
40679161014
71464276533
165221778669
83612025125
70791739523
184575745374
21874890405
184853187516
75898061360
214145363544
188680073803
75072560272
27398052940
173443558319
158316828665
171210958838
3172207621
87302274555
213146711332
69109166428
55058485419
161299520094
26647551411
125212047734
6624509173
128594352983
67631535322
115678052294
177643276438
148780273935
159811855110
222114487818
167052082786
130302772413
81373760049
25808982622
188465487724
227586489398
16794808767
1321197010
135724157953
12779381178
54708516962
94488428743
222108569537
22266850083
218668590771
26919014785
221942540529
33828612426
149528573156
137614376505
135817808295
100942566755
37841044851
191051339297
12343147963
51203863744
204021330858
116098927605
37970718199
4378647154
142191477417
212069087740
84740450801
87795949788
183070007790
7572544074
158229294146
218642044612
116408855042
115701606022
204899668905
146363928186
207179987821
19956603839
187155861114
105848312020
226917650573
220842802057
206567200022
39295378968
48739115806
62042115288
103837584460
223059415942
205649863578
55137371571
177767363581
1789476596
31899984843
225157497420
40406793313
166956389469
225272842348
62021816460
27226996183
141523935044
147376201095
2968667317
201048799800
188100128643
7454169998
2134181378
203605689110
118081360271
45316695123
99040559227
42670355368
231015764019
217454873698
164864934826
218478385631
101638779350
230076154410
135385007008
13641395295
230984760311
25816800902
37064492569
231852022062
51348517363
189460054208
17124741770
186561120048
81100069094
191478008642
108960314267
122427495829
131354156708
94138899179
68550788976
4654932821
21843050493
96755401950
13828431801
625152810
209133475770
13119989763
48612825989
206216644040
453885763
71175107526
212848162669
61001498179
195381259911
150556982765
66765493893
98742243355
226693443005
129167876183
41427977604
130863413455
2814581970
99626704711
195859826130
27948152337
220360009320
35126024429
27426594520
188520727343
227754516944
178108819526
132335729700
95699885936
3191965747
158315267492
37562775047
201441414076
9134351754
203143075228
21712225463
39009150989
148870999947
8305941182
151498330206
146306047472
8804613164
66761313062
232239842948
213439741115
75398823285
220603249977
146746087307
8857405736
77482821787
52062755494
17209559259
8067261109
202279889058
7719622227
40235536903
161975828671
55507974876
6400844979
224229771000
88759283942
87720602536
9340693950
79731260079
126894518279
888754729
230849114726
167686885193
185251320008
211390263899
38473266441
153369611692
136622431919
89325452811
74784164552
12560221638
226928790440
3537618978
29198577511
25940235981
223484771970
137471086219
47737055703
225083272105
84448606511
56992027244
178347849290
126880683613
15723645933
156786608857
38807338262
175871147238
230174599964
13735364317
225314029971
38172119099
204484831952
3361823714
60286111618
34949526581
122316558247
232189664808
232307663987
46933305256
25149231110
165947088595
202624951540
37673989076
11213755923
28352682706
214499016160
183093044185
223484423830
39867251368
7308890493
122430677109
216385484036
148300817045
131118605051
196168394816
27439443322
26119797572
21512400836
14481433547
93215451611
30833900256
41724548754
69847668595
45969633336
9274216596
51789812278
234142555733
23733888934
79578108879
208741021090
135330187782
94855680982
52187793756
41942802112
51440035603
91971512810
234554500536
117005039776
159228772714
9865410685
14133510292
138755874886
185123865075
90131749669
21232022763
162399527095
41052090755
21206415938
90832031413
19061207704
29235126929
26643179346
108693108941
223362804548
120247670578
64799103938
143342613872
59657337294
235732453494
229259180154
187668075033
167913580437
39411800159
92011808551
8260753665
53729609228
132337033048
40740970746
10263232590
131935444690
136841843206
180543369948
173844786079
87265210001
5453820838
23016804843
223041002830
85129315191
31474059005
227000444944
11830886966
51866147387
97192244520
4232537707
121901859639
132517929983
54070424786
193921661729
32423764835
215570228592
115583818638
129982185029
206737598673
228364737231
139014462152
166107085214
239234804141
36133811152
230707413678
168092686388
78592027894
207815064539
118220801904
74115160908
217714519958
220760445739
2176373956
179203933992
2768110860
150527494013
175942492460
106841507529
114268384602
14392358005
129605577816
227276864757
94886287439
183608173099
237168321115
102541780596
40608260371
201472935300
223488811956
98946386636
58736029597
124757496441
238178419323
14661259071
104303301904
2494430201
203769716466
177201047578
139904899672
49466435276
240528332537
2210267652
22179910836
228895113381
171759058437
53838179852
119297408858
61132947278
148360538010
85342439278
36224888442
49063014332
225728003181
228470668024
77173830340
216093542677
178403658077
3220391385
29623850941
1963972774
192876759694
22337613143
226694826362
96660544215
157457207112
84021884853
233561960854
211851442158
138367776844
100227372277
28506867038
15206038762
210584841865
235647519349
122773010698
15484281991
108655595412
31283174578
139179105635
33837689524
76427084971
164610336563
75512716894
12254677873
32276337362
17709786058
2077027597
56832465874
2743023604
27325585840
52883724726
233933423193
8362319990
129103133161
22882693749
173573662292
30657482210
73749035735
59048130306
137967752664
102760671596
103759323067
199737558001
166756678574
161708457434
48232905327
191783815044
768030900
54767087396
191922428415
79789994214
13770174896
6189450755
224683521082
216477406403
155185346810
7956056393
85248846744
45380960356
3143275803
95747811411
121183728818
241793783100
63732916976
130793029188
192378280425
29847026036
211212124483
214214328826
196884121327
26161288730
239420034604
141686297
222647298323
49235361895
31766732478
126503946559
231552087290
186276208422
133543046168
20465399229
13024563582
89945421465
243831881235
242895278825
50490693929
155877882802
11318562368
204094636402
240570511394
37659406148
2061414262
6552339838
179010495395
25547339887
239043674207
178274370350
164245316298
101947804809
213296851738
10673811522
56535639563
40570788
140071174510
45382761836
121479956193
143405824116
92268385770
56679399183
225543583505
32484962251
208786226499
25288163610
31058700816
32405474250
235367221418
232680331591
171137330313
224579758792
199271966008
56494995959
238934477644
200911275465
20598691769
86046212320
237541705988
23758811395
21248878800
199373203864
38232062322
122746261738
17010633313
89179090201
236310733275
142233579051
6218190846
3616793489
49646972104
233413367833
41056271395
228174328719
29669498544
28066962813
115536261777
34504208836
101337971600
61709328413
8091995544
140956701410
240836275432
93408749881
111537820725
3346658286
29624912772
75970143914
244164669851
188430679566
228717686088
236913772305
3374840757
230923063779
8765179316
8111208937
80213782020
10180453078
229318461655
6117900730
33599560126
42608625204
3509868895
13319722455
221607901302
78639139734
37287242859
244735123895
8327044703
167026691900
106850277022
172678114518
246251065720
103549486916
90954842969
186692154809
224970648746
146185024518
20104494100
130572622923
134287026534
130086148589
27535705098
97968910880
154961940561
40932143104
16395114181
141193088501
64401076547
188028590173
102097704908
80692380716
118594906436
28046100347
30440797803
176408904742
123534353209
10662974875
128269060642
93626356723
47092023131
50274599045
21526819186
22633215038
81119474340
244950440136
36578669770
33087573215
157252402170
699990164
74557980228
152619548395
3057690497
198421302730
87486242034
59870044640
166119135215
4732973765
92893144665
86783957627
177241652674
232093169393
235081826968
26106645052
228821675183
54581025146
8301738198
194671841363
131303864242
5637946177
40044388654
8164631462
94789090419
245485355933
139275696654
84953860657
33443224672
169886274557
238972288141
209258610314
195909614503
133704535
24437357490
233572834693
569062244
175915361011
178856986847
70629344553
29256853130
238280718032
67230550249
54127626592
222931781966
13913894746
91058738980
38962672784
1192296833
75650920141
166588020279
112561712057
217234811312
7302635650
2935464979
249514609843
25490929019
66687151494
146040075130
44892102093
122869010943
156437330296
10478150675
40758613513
2520139529
191565635277
198397033142
13550672277
176336389946
212538016287
24901346637
211932695377
120435848448
183282046531
145452146436
144010940746
19676314952
246333990573
133013162044
237179756004
43147658175
182608294213
20893535445
146884507153
54214760633
8836598862
92682270210
24942564288
30566032394
103592407493
107344784211
164307899893
206600243253
130494817898
44626086
166096684667
4579900205
170333995168
220203910503
214932753299
246374025668
164657003047
123541216261
25691987204
144029817306
110650935212
36668382207
227767335836
182599970649
252084542968
149487243509
54570834575
112374097116
238108902427
36590542086
12811941561
163827946477
12062708263
243268552380
169670856007
6488948508
242270629483
167592112114
25446497915
78922988918
9800220945
217331478098
24843029485
167971960713
33663371656
34483902367
45217752452
6652725994
1374419584
87948728130
117107132282
166378188893
147025339753
84726578688
125364117443
195833736351
188249689660
155642467688
175495828026
111036377748
220013703445
174332083306
122827913951
248033221024
183371094048
96748525543
127499732389
83174130727
217575864390
17453136876
55628065151
17960487418
18436677025
195230706610
165991588683
246176857926
171258580045
230636583397
20783999204
13011146552
6464558575
19227146384
6073476415
201515392179
120592331707
253264618968
213481617245
186622287051
25410303329
205127446758
32628755409
174418438023
161952441549
123128098280
73348967061
227705168904
46098985812
221165752876
160263318871
242365033441
32878179900
4257964882
251140229836
2996307410
53334784202
238321866802
40452401455
99513343349
151628059352
18162963246
19978677956
27588946888
13480589846
154619532780
236703063820
32758308119
1230545207
160287164865
148550852384
195092394311
226724127615
230571799776
192700835011
224658662166
252849328810
219553804615
53252291115
99752604853
176524514987
19235746654
252260351432
20641398025
115168350787
107102743710
12954540155
249129415514
36150671517
219354581832
132512002457
24490620876
163806191547
81698232963
175389807255
160059443686
41460330782
153053746143
256677449258
182129002399
38503518344
2972174687
78819019780
22573016158
1834485591
13730482254
171837289545
3902315005
16759935612
183146064681
126360005878
154937086854
91286158418
50937745251
214902552644
117248510569
476314728
17654106810
227611354150
150733288218
16261815269
192456107472
13716778337
253308747549
18695482827
17216889244
9744938312
170842356635
181615142060
254936615292
2408729732
245306701340
233306161708
222531227682
251063288308
89672165422
215880733152
177803200980
203963051049
24382562553
8328364017
50161761419
159033848669
47316327303
178189620925
142914848762
65938738557
119413392744
117866347984
16060318175
59053615168
23493054988
19324681796
153861746763
5962672466
91725329471
423795813
247483435287
152416145584
3951510409
229264778891
225254673758
236997581731
80544039033
56279210133
210020587823
163132515969
7908900643
7240065621
17301119175
254476255116
230707090067
56441219640
16163724097
191265370610
164132951286
4459064532
33117073469
164746595614
228583477281
241685738313
11202365992
56934507256
118310399900
229091501113
209331995309
114937052939
105069460592
19998296530
37454670952
245427361755
239564425809
257340765068
253702338160
237299898821
249013220654
76233669752
33030251443
223513079568
1379396180
251177597575
158397327629
87864048721
39179369366
129065561954
53884187762
50224898101
205841592272
33770626075
168016629845
252379125321
233799282448
170731203304
190382488249
87759715534
26966437133
23663520803
251416564629
9085927446
208207041083
100303009993
3951305464
234082905507
238722011914
56714259986
38889395722
170399867897
163796412084
4144676520
84006958291
206547929798
166549658837
220974745192
190655367341
62232350288
251735878053
57410950331
76850499456
208575371203
181039594167
216293585663
250777432434
99054332952
135490968568
238141056549
173063786125
227249720662
25536471634
246729761466
186818377453
107150152710
96279971265
216602865945
35389281764
210113955511
15162866670
8100525903
154635443456
38739011267
215058411986
248997658578
235895508609
109856592734
226028765732
159929909478
36214970414
190249497892
20835890489
186933747462
211100170827
50520866949
27176121019
87969287668
139870931673
142301853311
120548076505
245677517303
1325476347
19086745347
84446287910
16900166443
34241874031
654842103
205734742637
44999098925
16966944147
30286479085
243131388444
31130377499
188582620502
194875930253
226603365538
250300823663
55973212928
172403688406
31952656152
252780706835
247829659793
261634401842
41608156380
248211085941
49859089080
17241539381
65105359162
80392966175
214756719940
5584514740
7616453827
52459388422
232360963845
22234406326
257706091098
134931220576
61700154281
102221832831
9503131156
201253397413
142005815379
181241297089
98681617642
108795423420
7022279773
23499056037
23227736043
30337029725
200519067752
86106836329
16527104504
211358756189
112063606760
80902241236
17832044395
237874611483
81301638120
216796921660
257748594896
265003285512
88260366954
795383993
17869352322
227757558921
215381357514
50416427715
260210550460
111954837887
11772598216
18017277006
45559959041
182311789415
208541519518
11561988349
73072366083
2962625454
46598180298
47988242459
138226303389
59918782329
18364719173
256027750478
242057250575
6304344932
216569130884
232888437316
62069652050
161479213192
92892224680
79279929628
190373479284
118139007762
75083114004
163472716941
66118052919
159007202451
242157053385
246630617225
59284863569
211168720546
132284071571
255617404156
205389458824
35300234122
265377173402
66547867913
13903942964
27811832091
62295320204
127496903013
196975523686
261822976140
12688522056
3972412677
133032198201
228403867459
148078174067
137165460565
121962606968
99529962883
15395577716
28553755812
45423426767
162126406504
267787688362
268603041726
132542368281
190589132030
16081275709
28399879533
219762814043
118105773300
91739113188
269117229807
179510374030
70758069179
49514984219
13923034158
32414319368
27271602396
240923839526
15877471826
740335309
153483056804
218479429178
234866562173
76239519572
240627115621
20130162534
77928617285
69404301411
258375972070
18273657608
164328122396
110287198167
262682499009
206959495923
253949622776
58164808365
9102076707
3766537023
28979155718
144006800341
261986824636
193077571977
117324997009
127845187737
7047964636
7366006932
266491875004
198589405357
237948995129
270884627147
108151849093
161993018212
22769707036
271295365038
184374802221
17084819140
138069236747
30320330974
250100504591
42017939185
235868474884
120820021126
13965344829
65545769070
235274735082
257668794941
114992004796
268458564296
137444944306
168521889046
210609207341
105548563434
255751405389
21246237297
142802183595
270988247167
130117631614
205464805422
132515883905
120258787253
266431007977
237964421156
19696215774
37931692488
245833510980
144568585893
263993975320
83907182099
9225525603
219032262370
262538362908
115088677341
4686808401
259678787139
119137569275
10743365186
15090987677
149329615907
58538531456
6130614981
254617948385
222774391072
29443154348
187718277328
2230817029
214602111077
93212007560
158314394
50180169015
6467648757
20049455453
214215222441
3045148053
168987363379
140375234373
137524577261
264941435162
65370951869
230824629891
212475866370
116456149161
45350175142
263088264745
241034878798
246081485184
105640836984
41874520402
4216023620
876798094
272455483469
231346414204
231384354107
110190105876
170297493606
175895262943
41170813566
24350269362
48578263079
10718965036
43839320927
145660423834
141671847016
23789601381
78005812416
202140585940
4344116678
103881633154
273889308387
1321483563
132047548359
241432333073
226863917556
18109673994
176335706118
67395593481
221924318112
265615389721
236068902059
9574100207
270740657356
259252159756
49734464836
66306153535
265498018271
180410370711
151767783151
18475098285
176059872773
254259901090
63737071595
223589262606
196100371038
255170383263
103086770307
260916828456
274826572063
25299965166
218482753592
30606576892
162069643199
47945854467
270695477026
39960181431
243487882299
157977234358
14143401478
120789177953
262671373973
270265551531
11878558187
9875130624
231247604894
44327320249
213527711313
31433921315
68329109972
54485152478
175313059510
229461240925
120743555370
181623583517
249107887694
200360827414
87293596175
230941380047
273767040890
232782707357
159238991647
178797458769
263500113215
8407348213
43598881158
127795491632
143337333298
63402137865
108469491120
35972977561
142819972523
33021693644
254046475680
66047591015
138755010132
260289927996
86887394626
86789333513
56836983803
274090487798
31748109213
260113937332
239547274035
249420789009
177689387462
73151279453
27758439105
266468431452
133279960456
219982865320
9205680182
38402094706
12267803407
619305285
241765286179
20781032166
247123157286
67392090169
95631838383
219566389000
157950389431
156281638585
24305359318
213509852684
169859283466
259364253352
10875385886
83245445339
277470920123
36274502227
205147912372
31479082886
257970362793
251346094409
67449519303
17482510119
241078330723
108950542811
114476777271
70823359049
211047911803
254829741312
33697349399
67235792749
54650726341
226394816342
17618118923
238554959616
43533988571
251416881982
202177277592
268156738643
209649889003
276114470924
127852449078
91092271827
67390382359
238556710177
110388632658
193759711485
60983437426
18382729019
43012184980
37135204961
180890781982
115227049924
2196469435
57958308382
266580325964
128627335933
98712222809
249964283048
214181395165
273452566884
247856331649
27274849358
147881836287
112614728293
27363399037
277506368299
123414671746
3432996259
194326121353
274759585175
102444941751
228566313521
209856118834
273317800877
8642321861
151390529513
119359777153
112188682623
274785862067
67824547450
35933173098
181545502864
123436909379
23605447207
271415226015
149004051206
64448215756
279715225618
246932222863
85463140134
18891947500
269550669851
1203779613
119719949583
229500112121
272512658476
99190465063
192769073181
8009354130
271372045761
195277838244
27512465889
266915661753
142773816662
211478672669
108523550256
252376729908
236897252292
206038539306
41780660112
45224941021
246834081175
132252146847
162514494700
211388942207
117348391311
277630199444
211940285824
224776248210
185600860042
259699605064
194733579467
37848990636
183481311903
114031726771
80043152182
271588142450
35526589777
192689080668
238228956836
106873929613
253590212204
100549824197
267846577826
25067630035
15389258002
71014982496
137514681429
88952520952
83313359304
62280591873
108604862907
116680789329
261146083173
204031222518
192456495722
75580085343
271815467461
144079211349
242149508461
244902968116
53923679625
185219319055
259944057264
173967019107
254405240962
81711248558
59294271235
27822281958
7522980465
27714126816
224794802883
261278842497
202877164606
197992369873
40384479628
24318325261
277474227309
273208174120
57664115879
3808916651
36946073782
173262705522
280466891996
249316025149
34393296336
74528421094
223518257845
190976010601
247280889882
32154351416
38056554892
33666318618
84913977964
13622236891
68579294075
46187529848
50544926961
44999369842
227841759691
21651449103
15525989779
166769640280
158966956444
29395099064
33433800800
8950842447
158117075972
30079379834
136001191630
186113510981
126914190004
139483965103
16939747940
257891373173
280080104821
12799207787
18801065778
260925194598
43597442676
23113525605
269630921533
134401834160
250455365346
45801853817
15067184433
143914998839
279238468608
68471320356
119206474244
242322148244
267497423523
32555449892
99477154667
281083466120
102361491211
54377005427
192378778358
204628754900
8069052330
250748007207
57295087459
52980035944
2968885618
39738944510
45670064795
198657616589
27936399844
187750699093
96998008357
279271031979
275901179614
282583787501
180816443156
276669192810
8099669140
30879417136
178713378785
37441663212
244816466986
280282299927
52175436566
117955334944
4039874236
243390838025
74923198728
7883241746
128941828936
136518480244
240287975050
278458478481
214788385938
126033437619
221425596046
265560360390
124912729226
263251853180
245072779733
122438568636
219256010888
10822403086
28587666923
132304698885
189143137411
36273161782
57122050767
85819448334
195758914028
52996059043
30960054115
259044426145
76975941098
14384317746
196880048014
94029833379
213590543962
263052457233
149466008150
273941399412
187083665276
104490789998
70478167911
228464885165
19486697604
263931823543
187594313976
170528763495
262233032178
121761609128
284747341954
271421992749
129788660217
147585931779
152208967125
216758639890
245753645160
58906676278
14163338175
268424151529
27580816271
30964130826
240923109812
100480530521
143101871966
8484145729
56146341737
241470349279
51227688526
89800728767
196788495764
153504648023
285646736619
121861920878
246980510533
67089505835
127313225210
7064239014
21688986274
31823080655
283930261352
272054031460
211030401772
74233170296
272139443165
14752395650
3835210309
135898691717
280819559098
282235267375
269703101605
30041995572
163345648475
214671542332
73593614785
74302596044
71483958083
45954003839
96980784142
227406259380
201155849112
76286986400
138172991084
218448060647
40743732351
30423213370
27176392352
229857661907
51481655484
22403528312
8430157557
30955817286
267346266946
26629041406
119698066100
271839997739
267099973879
159066145026
213237168493
192766856357
289778793274
8621324809
251309640252
213029756004
196470656545
11084966111
20780676755
26360328238
142205105561
105313142036
278689754114
254172138653
11977686696
8310658527
184855772959
256270170452
182009643926
239166266905
20946736587
169558674320
174398275726
6550473477
273036453747
260686491867
148862489982
274505502001
285363078915
175838453795
7878263425
268923754137
51760755215
208213889750
22336976895
212226753829
221655457317
29248637359
207220686077
37252283572
20618173067
290469102324
96612095283
118525325500
1713990791
90090937590
129509055294
151736795055
254289148350
273275463637
99214136162
58808456352
135967837734
1249071852
93491905445
183267780720
255596529667
258740555991
81438026624
123417855848
215774162947
17649213051
260939258539
216379120418
40033289347
66301514690
31292778899
120217930890
2030512692
221552678041
36551790726
24395768666
257813813500
285896371987
11406090829
251805870193
184811963565
23082316751
76843606079
194235956880
199150956241
4885329430
282773681778
225278952318
34816200395
145515515096
116165327725
15482698516
273422854385
54394482349
210594659172
290031185288
250714714228
61645874944
250119108235
192581568528
109870379711
20943226539
50969836952
20513793594
118172786865
39154372400
120835474805
205448778885
154137373006
242023466312
241571264630
97033023327
86302677831
79469278125
42631611240
29307885634
258091205921
291354306559
27227336698
78154426275
236267036116
292800250486
242555861281
54675112972
44793597716
210990620002
216314204144
249779163942
19104944774
102832822458
137297912171
61155662325
216521832101
286336525417
212923114808
22933297342
6015078419
289970742183
211953228417
60223312303
3698547235
92582289752
30637738333
248808717122
91109843962
268572266823
274409512848
22345188675
10951327647
294618864939
287854715032
288212648063
258125734512
84808085710
58943642770
70098006951
11206401748
198334501088
194816947902
238140616820
2735246900
236745090769
116933024450
22748532726
53856677122
289110879401
12334823234
293511876624
245481586820
35136751279
233661962635
132948652192
221294898639
71464848604
220280954043
212098997178
267763210878
169619309838
123212156917
293188699385
10377445874
18333932453
154491237672
10714579014
254289209260
132442519308
235635638015
32620506451
112404450427
230213026182
201994110232
42501559399
25519162541
118505919761
290440686918
23970903614
275099724794
217334869326
196672056801
182622891686
240235512422
18389250053
99704917531
42697436932
296654236262
17249063679
8253272895
132001188074
62514359692
150303095824
183148918540
296422207601
269483146763
289789424090
290231829373
31417993849
20736012877
16647711413
231002317269
11430446627
232170615042
282751272867
38849078990
214508638685
182412359472
270653214397
220905107050
295642189724
198490604260
46304418254
13608848068
33567846283
144837987566
61418734814
116734642928
239684383775
7835329678
176277626724
10008815985
283970163110
262015448201
143123279147
185994249902
90035336040
128590747705
20862967288
193446821721
259534720380
73951447815
223242286390
98124335796
287623005257
191089760360
295002329310
164562268764
26677867829
57549161780
17762281385
72732940450
259216149943
22572723024
212801621847
167799973779
35693264211
201582142918
207062506894
56150777126
189050366720
296020237045
125331054728
280448320938
162019902926
234913566173
54518920760
189151788422
137900233900
139174050139
287551375746
9784412181
230608116435
217820955288
160244030414
185627183534
260191329514
288344684515
86009207499
3201225510
230061887509
207794845987
62223521936
9167120889
86583716012
259426766020
2859329426
2257119063
250051060839
27017839675
163969401939
200382782676
39380437563
224473715245
274024486218
198134513633
114223147254
21979862103
15468498586
15524418763
298883951431
42318742637
10828034070
286532273292
29380193672
153655839427
131428171629
119637104
253436821101
56171402835
290878039698
199357414350
300976323332
26587095074
63884530741
271706714586
193197166474
62837216015
34368319811
295790089293
270533395164
251942877403
41706069542
279837072395
159074137488
12840119760
224520986277
152770986769
5741167655
12707737244
2229949810
84467341917
293789482874
162448539892
266514648226
198159690847
284537909870
33383490698
173597583635
6628651108
16174363170
198805427235
89122117293
61605988557
100410811183
39696214039
207850645560
11311719974
27464421941
23745728611
145093023730
122606685295
220229159249
157695121177
8006526887
29655183737
123447649348
2663620759
130471039619
222159315393
101431129802
268167445488
264766815207
14744361075
47046819102
18386319440
58061352883
8643925644
74551455065
16601034764
264451566409
21029328947
19313865562
60326458973
284931241489
55156699848
14095213132
300761845520
40984231641
183699361934
74091082331
290545628711
31681238818
258004509850
101426477514
219409358444
27342959060
280162088218
240205718880
194674014275
238581790911
258877678338
17745579126
298634400428
20427409146
165561472340
211676293210
129371742121
109650235590
7988623366
11562769184
302983280958
66385099915
300679850048
69204258652
278742242298
7874674815
173255682396
163575710386
289032462614
3107922349
199255673495
193292737
288059726993
233002834264
79604423977
303412032601
305583006957
17407242250
9249444586
194413189073
28846937253
38413100491
300430511764
81489001530
161915853590
39378588665
1556665682
13427848828
253381932275
57653260439
300115059775
6167960345
13073259519
50058956182
46919788714
244744321675
109426856022
236949238965
3905133942
17400420015
12790324113
301689543894
166605010031
291730476173
256285711790
214402965217
257840398282
162596761012
270595506294
96741983463
306679752768
266569519497
158484206335
271951442709
221702470598
18239767579
158675804527
1343089436
45384178056
283514844118
29753548308
140400943059
195885150536
48279650644
33707717448
243259484685
136410173355
239469509191
52663704434
141805652575
259048277213
299861119950
4749785463
288960118103
137805605445
218534891714
17698195723
11361319284
298827000179
19153153489
168480764686
282738358881
277373584833
140455747488
25735916133
111105125132
189962542644
305404857092
45847902785
1327010888
163973655904
212547864167
252081001518
225500172579
276898914120
69435584498
246621936705
44513061151
11859063090
14933980890
302384019216
68305291574
1552890643
304139498057
282863040064
5776174536
57177830636
146681388042
102471550715
302247295091
35582212439
270920509061
221393205283
150440724090
236638573516
71592934556
10613054696
9874714012
275870520648
37635693832
293984962132
13243691088
167395555391
256827663698
13727875476
104336308386
193279102363
188226798882
23695864896
151732018494
55056085735
177980272137
308971037475
65873567891
162741875617
275316257237
247147945110
92549768736
19105237880
50491097508
90950270279
125158275414
31698032556
91955525357
176256861605
25482216879
28421172457
10554462286
239400702140
162115148602
130465280319
292357857265
206779819041
210643936771
65970646932
234312845918
25372368391
24314187859
305374226151
162314077169
129299537752
283210724743
1600121263
269003573320
270345470175
104625196855
247043720796
312079005229
271307390181
22900189722
7820522080
67028207058
18791247267
202547431876
303554101671
42262935169
15722189165
205437980866
9206886889
32488013683
227937336914
45440998135
260888635252
306747770275
9150759318
254266242439
306910773841
4915921095
214795330378
139200524614
190094195630
299085963128
262186061886
309686321583
2727942247
228634615593
197337766668
309470809372
84621590370
275814103589
23560317374
210149486021
228100995200
119725578637
34211805004
114018282633
263267633947
126945152720
313235187123
201860727347
177276732444
225245367929
13029534159
297082257604
311984393826
18357343188
90658401543
18821786141
161921205208
37155611080
209647529517
195637802653
234630411145
62254323310
229643120883
179514001268
157727675055
34629594109
145408145070
35801325944
1847864902
5531672405
128377398051
164063479732
309978387029
267264146571
227936065407
26526299674
269697895641
296841783983
62166241835
285614238805
273251789628
246277393296
40872202658
240876721705
203516400042
3405286408
75745290208
37463656752
283887161217
298008645438
287645671180
12811217249
110937943755
5569182304
20258559422
98133186255
6397856536
275848079489
95705139047
287983630236
7914260440
312547132516
289288174257
186676182980
223315624790
21246851120
191356492688
281193724977
136307098232
3530745102
295985833331
259917508822
65012539213
298295156402
12528963403
307137346111
11788267353
168037582593
112044063630
285443852347
196811744308
84659001377
150284642064
34512852321
41361354983
205784125191
45744828642
1450557159
290101248794
83986597332
307161525819
10521358101
35527719919
554998529
266456514933
311384477944
198331802516
20176801846
8737326655
201574305764
103223229855
305100763609
139521693130
36953605448
29490993355
309860517630
56869667645
12238758413
208157281837
5656012745
26368834496
245831100260
258837864894
22686622591
142179311091
146953617278
245952746610
255651633867
177097945310
29641846573
177121293781
276402537284
116002753730
224857562783
229235686108
306350816771
308025682102
249998524069
1398483588
272924661677
85592573734
75112097787
286276995905
287553364585
58928125818
245905812784
14586106008
227890388777
111121504231
22920974083
12000398090
46538016140
193814265861
24363615658
19700100058
180821601453
311678985420
214795475198
311284591460
139056566264
317335420519
181390345513
213455599910
14727975705
219549144288
306368882278
100276915246
208914607208
94858969586
300570228879
151252149945
277919166247
316743698565
276390401986
318665743362
4966341797
134317933618
269694499885
252061863370
316936445704
61550898992
34952461836
25624999366
216229177143
211400420821
213497979055
4284013856
199382867521
93388120110
161197674617
16789654180
176050633404
33062390696
82286761855
170652827432
266837306448
236949667538
27958408797
79479598348
304095112265
1501772350
150790246727
315801256611
33045010074
247657709415
15928601520
204210693005
241546214099
54795858979
294790948497
47269603144
316840262947
316751779781
99178423927
91884750181
265011388798
88097725448
2856114276
170923356820
43010985046
288856635158
257879479307
57502985658
211696335455
311071852316
15522665576
15253704620
21341582199
279886488459
26794114980
36364975676
8201144767
263876185230
141151189226
296275515712
43189772377
113560309085
124830973701
242768093987
4316541829
300795208702
267128273781
198689974462
50612168738
173083386669
290992940181
6827300456
260392344486
74478254312
22072541704
17867374381
27411065802
275563260467
148867600241
2353690631
199740248166
243637814588
44897563007
31364041126
25592556582
233177742110
3592244680
33647508618
198764543884
217244735581
209050722574
33864753744
42435096760
32919235210
119724855705
187703196814
2368716245
247374663385
7067930960
120555065424
171917704875
24080212353
56806216073
21132923672
225442527073
50295091113
232718527247
15654416232
26303073117
285180346222
186154880082
250444201056
316927695549
129219380937
296483172765
52637891688
144785317629
322234077211
19132003711
17835871946
7916067419
57160017479
255846057369
79653918791
320086479303
260596244489
12466222539
213556799664
7611057904
212429683644
6298350372
64484100579
265329341637
9971441979
37106395981
124135579334
148266271657
296116137651
223370598906
279319747655
67409176953
321837102300
323155641675
265368426514
24506758578
130243430466
176391348780
43868278695
127248292630
30757581568
103192474508
6151073406
196746023585
247770616398
40110945831
200659658436
184660907354
303102825835
66997224315
308152628242
37399116857
193096182307
270909730705
41759153427
191709475950
123141088318
27161007880
247139672761
9115950451
293726684404
30607838016
270240619686
137928623498
11065856486
266094005058
2101466087
186798215426
214942680611
52393022669
21644306881
213383186776
56937500234
324916478699
1662737949
168311045217
275513950232
880890789
3674640375
120622268506
55547348737
23853052926
252080645459
152982751268
52256532630
6419649779
58540940718
193200928501
100483821782
234975720130
305713435776
6533286900
321791752884
192624005163
311135328058
43687703558
116209059888
5064241252
8269930889
280406467501
48407455513
277558158902
267190279739
51761461985
100575279280
37024827675
62518135164
1182911117
11938770730
39489659808
179128334186
303343322141
282069292568
8435981939
326269213202
168739208858
27441839934
318158664394
12100225990
35944630140
135899686923
280846539578
3629306592
138757754646
164071110146
3182862954
18650703663
157943066455
110740232727
154619681744
149308057020
36566524329
7671789755
321367559665
5445460354
53157503486
33523377042
105635635848
1267334719
311688037287
19493455548
14324982328
328820780558
203694178511
165504146768
182098089731
9595741886
292988528217
34126103234
40148122378
216460898529
285052291097
252471022556
89341504408
234208366449
106513237990
300116972007
38409411
29858503288
219233354036
22282437490
10875720505
253156747638
61684531605
175812906965
250826160014
324677811750
50214042913
96314478376
150808817929
208326666356
7561290856
330655409963
241104402371
299606096737
315696197271
313676354629
19955752242
47279270767
233184097451
290180246210
245199024918
172098689842
150406920823
329886391647
11998471034
66160719462
41223350589
324888397067
37508361626
268992302261
40316213707
247613579760
9181448117
52322642066
201577712290
8514616587
138275587246
39429785557
316236258038
315239332371
204977475135
176349300149
266312757195
231227664840
22234183463
5566950747
51512585652
140662244071
67519657127
240193893623
65172213851
218540993956
315927116128
330768296881
136687985970
274260682243
6173916629
54486182421
304911329208
9925862082
25130880715
331979140156
158631662439
25500699142
278993078739
164472112245
32709058365
303833476868
324254715778
236056186396
78080491545
220500262824
317580585047
24938850203
21238779370
309412305611
251787965021
328451628908
321884151236
187727976181
205051938629
71112814662
4306297802
288098329312
7494135949
9349687843
50091308614
244020424823
69942527470
30035364378
3148859747
73179481525
285442117358
160461583710
329034329452
21609696564
102780892442
42125625894
282205427962
13684793442
80254194525
281967495303
265076023322
33281031600
22182698629
5312366165
203501086224
41024656995
119216805120
163788800244
195439202000
182585308182
335560459251
165351112219
303606376846
8503207542
221565863347
334655314141
289446132054
233945964523
55364506660
21551569975
230719904490
218697031617
716767571
320800042678
281735801708
31479100063
52639674774
64727204713
96111469521
154839447347
216816938670
23221417940
20663573795
331564544064
273801972368
93181991179
245196800138
8985957091
48475055578
329261087484
224670806778
333504486094
116168161060
293422741183
298278089606
155406642999
332271057281
288181191492
139735405445
329781876794
31733482954
80730400720
202025794400
154156783798
260792264277
170950221201
111220601792
78987843956
29756149261
328193587327
318220597662
275857909232
227724225532
233751878591
220285958988
278498130759
256793600589
300783038262
119739876443
156534814808
309930303631
13511522628
314517092244
321436664043
31880771930
217049293683
31632736079
300729814964
109372890203
210863339579
250477093032
333808643168
38605971212
269463919744
26196939996
8555218324
9577366409
319214948236
267419710532
328944837338
70261195093
15374663670
21146377758
135912600975
73231861583
218487535481
114623519917
311856341388
291721352585
32595849500
51132861478
294988581365
263330302057
7771528268
184123424923
32219981276
245654207942
29536564527
323895435829
259293378963
323377780549
197479766525
104555460347
275791422246
14102320017
336049534689
5569977680
119518363429
110609037893
204344854918
336257391051
182826133145
293947333573
34106614056
99708926856
238972748992
21199043741
23575218738
305279593500
24129166499
63122125901
172314797335
211806768135
38272767279
17665122399
166262245120
313936480049
14395096080
337730714626
307158772028
120338128850
13001730115
155114288455
309584420725
197519282810
337208804738
238931525631
216234452233
198106326694
267537648130
28597276053
331498398332
42058516291
254222078091
67931221194
33596675994
326835392342
301270670382
249619279189
291242845270
66889625964
44137653699
24340135940
256630665565
214846540601
87883242534
120010421388
18942037056
331784742256
287422447242
232818417764
302008111593
43544991855
142383854281
137146399321
90632999475
144538116387
228830872008
13038313557
233820954981
13275325014
28864788706
94504189873
201684831241
341235050203
42249822213
11925131441
68399202424
7738177192
56658937143
137624209674
311373197355
59533260309
178841051801
32750042355
3386744573
245948821694
3737832815
97601230985
135857723369
24905243813
301080032960
333594710801
310896772925
162023265633
10058617659
30117987159
95165624304
326191426024
253675027398
279447389862
7376600980
162446992029
29986226671
276730082561
196442052947
115945233199
20815894774
253267357875
339519208973
262560957109
316633615305
216264490092
12753558400
6719170206
146001359008
33125742578
271229278348
107370881611
57823119586
329885754288
17005957736
244598110014
66113060485
191386029525
9790105181
323115966905
16048514612
241892877695
128776005012
332324128138
331196533304
36267651446
49227003870
68083937127
215826282432
141124677498
31842032904
200920872009
68010316428
147887305116
326204318776
14812257877
100129503344
203522141714
317065888921
252844320677
285473751070
256022223073
312440722357
127146700347
18378971471
110841491993
209690395638
15439710620
35406757119
336121227527
326912247127
329391139929
197725673470
345415736722
331624121260
82012691209
150678338483
144122841301
29349798358
237794929778
89506853405
86009155404
46166581121
15200219844
4423531135
256998974325
271337741250
18336256132
147122442632
322154439322
131674440442
24536075540
306621120681
318608407026
187458298504
182284174352
188239861768
129329884150
306759759721
79603391925
156605896962
322260476706
76787468503
21009936524
85466350679
77312731907
159977386573
4052973343
245252277941
243834498228
227180078122
136033046012
197843894359
41619706919
7566621562
152096491216
214743504615
43378661278
341303756109
266539071051
32632031884
288844161295
2152871882
294588916553
287376693206
17069927778
30357446616
56955529878
155507620821
288236214577
296894526402
306524935024
241446350143
147511679301
45949290206
132674772281
21134866977
228916116104
224880439751
52476235230
347555642334
96053406348
62748585863
9240623885
14465265882
102589997067
334785294992
132317331782
116948445344
271167653723
80023704925
266411305365
207113792581
27015345192
311148230931
25489830323
255120510720
256020929158
200175407308
210799522543
7773337571
41780514701
242075378001
173193305708
117933146434
165700053498
162340664871
228672063952
287198925983
24912716738
345109354239
35108264574
29455820483
58253067592
331618598975
48663070446
276140820922
54155265697
210818078879
64347113916
297175827345
10734728586
224052816949
339450388079
340758777358
1680831325
55151929339
302044351330
178257597231
325607548488
256344049402
141572957497
24344819926
323183893083
73111667117
233153262782
171686268574
1565611140
34158553186
193065350793
274274110911
38397798966
71959608534
13543599656
190734794888
11678434508
273043245200
189005534476
291105778177
68024222453
326744860543
319143154977
137761933386
51539511251
9567582529
236701828150
73531630186
343256566812
204008363460
25506107712
327502959011
347628197775
327174247666
167631451677
56706656293
164942282018
113089743971
310630531546
327755272605
4890423215
287240853474
196918160593
162137399581
51245829551
317232933713
5672792569
26206522243
24713062315
83637313543
316924312464
206369339718
349690349157
27692409534
48665363456
10758119872
343294209650
84642409404
117017041811
349505975544
35343222112
326942173730
151192604271
19841182612
146199429131
331915409851
327469353007
241253107082
108769869052
44658296024
344699086334
114521609615
165523541408
30785850125
234395612630
232073754744
310023767220
209459720757
79799818958
349816269037
280840341114
31778144315
275357186422
68692701836
80028522409
6194145911
8952379344
342862233313
239883858257
183418061149
70095650959
349088126758
353443398594
83186489407
5162735126
272206271168
27135995281
66852311199
283098928839
209252571489
115529664765
12151179409
83951812709
275656230766
167006273749
181655909306
60820877834
345603273833
75339330800
73577709627
265956271191
58438777692
314716204770
26763497962
57172926240
52532583258
314209774537
217618309497
347588001289
247551511032
206095540054
341279036672
347700103262
206339096083
185951837689
266140152867
23708561935
321305562988
11432613158
40089835479
111104392669
317095979094
3718811218
106355139175
26831342673
345849352834
298970811456
235401812652
325264189504
80103406543
273376346784
253746363666
267057499982
344747867738
226721518377
32855639169
27240633227
239926219597
230590824798
80836736975
169456744608
240198394475
44781456823
340088488737
171546359252
1638972135
10492039923
278180416784
105050628486
299621534081
32638784737
113997130052
62062252395
50704686238
48987670716
27094567036
4773960092
173529022759
14269779266
318771292037
225501315026
41831774549
355640025737
312942418235
54782094214
71475725265
336635239547
144011639585
13145629330
5639755236
4880619899
71623313638
295897096502
237961827390
6114851801
195423767515
344813618722
256988837097
11899996105
203844465931
4281143764
32709670765
98015450718
196305101351
350844429757
292140782367
158745128360
50625252733
125144068607
161418751740
190812495104
203213504119
244292867953
4775755331
280274486854
345516414566
1291936076
310557507217
292751353388
282228923408
71396559406
34450263356
16509566880
249232122382
147866307840
29837566226
338980436796
258942706859
320437540229
14578593980
256953217015
219801657870
306118435978
37885433570
224580925673
317902762947
287547995774
188243781143
4887187161
10266632818
184406249023
357724799956
296046723013
239746955062
19637715718
77439435111
6346004529
101080129692
148410598124
199900399909
264583808043
222736693524
246279512529
27301679417
145020574889
251052782635
57758374869
10317576254
251761145293
141194921165
283339919188
87940629168
155761917157
252659020474
280995921708
24992383447
96527048500
84284695574
311024250139
72850362494
159525513373
118368100616
317623236175
68632256478
274101236823
54716222775
221638131282
36412179324
89386965902
120669112204
197990011175
238921374787
107462944576
228304224098
41221212196
177743930574
297495387693
193794173259
209992389804
12923517794
8144188204
32162078475
358556213853
362764406273
22297500397
112497754741
10836013743
135277144783
301633249917
230095079883
301866817836
70814608539
97067375558
190565677707
220081110959
43056349847
348208884948
3418226399
326551781894
321530411120
40653610254
126240215735
236632323779
354594888412
165292335075
40692949167
149358209091
293380514414
297221997691
361732229287
241830726161
348481804870
97136553522
132613788192
112680689787
133336479390
226360022154
337801481290
25435162829
29279622897
43249393749
362972257300
128600434415
142122203410
320576722877
306819394766
74186370047
10462754691
9722286142
267395900986
40416375737
280739018475
121181159915
88323381200
73614491700
284262207314
5572914878
103101821983
336695231860
48621716620
319800622064
247652760952
364165085949
44632025308
307389466386
113820137979
107477001765
78058795781
7502832429
39528349062
123467720874
351239579044
53565529636
193698793369
3378690248
55312836346
358383853238
351763125344
133070908784
151552682337
19930595626
288685715707
363587917015
102239776010
90517219481
77611291785
332403305003
242861404166
121799955011
97205485789
40030557942
307191090996
2847116888
164844968982
91747444245
1309191406
127059718664
364006421288
128076640837
7265580027
121320555801
21082455003
63763480083
241435112156
28335530609
33277868937
67481390873
21866705507
100270655810
200980859710
311297156688
196716770885
351567625858
48136013559
188754152966
107090633432
13941937459
6022343196
129882210765
87142693328
179137841023
144769140707
359873624529
36896556897
101361468953
95051561926
118837053033
85234163800
219711538412
83237455966
28101585622
215742679118
206850047542
361070237708
17215054182
100237030493
103931036527
50396307051
283993793030
245837449127
82086720521
158215969078
74970950310
41723928170
239824464683
344196425278
48670431990
335145376449
202876462313
10893387293
81351081557
239387416842
97986809065
250130631107
349130223327
253812040266
40252775987
367082500286
243243869075
309940562352
85369841433
288191959389
39910420197
11121134811
359372605998
109617813612
333920982439
322577212279
10691302751
189065602312
328688943351
217714254737
258101497168
144250330347
9570855655
247912970408
51749161940
149820082985
81787900636
42615735011
75393288272
128369972229
333439137626
55625359025
345266082679
218265127837
344604644389
83365730086
34596129864
43916744452
32741638834
53375223763
312637918988
319040242209
157973149001
8054841926
247602818034
338489683950
251907041225
239622052738
287096418756
80157433828
81068384456
69803918384
13042617990
281019758402
131821285601
4072486102
22856109094
138366606769
9158432540
2891637883
334685683778
370432237145
140343858051
48068084928
343849849784
339652524319
72572198910
173883039936
341694106113
84200059930
56211872724
71819576701
42332442881
362157553154
133444895489
12464243460
93011094325
327302843969
254841087359
150006402029
221421193922
22311984365
14098247456
344384561453
148372045581
223897285284
39110616900
291076025478
308489870401
274588889643
301796819661
12360167832
295142634780
215752362911
307586252290
148457319869
60421372291
197558577885
159197098712
360516363899
367820883349
12717983038
295248949948
11043166000
31612804221
73500920542
53728130418
319499487405
260590399951
143440253321
309419503850
29775637277
87409485203
93118370037
156124203166
52791668245
1389863409
1999793422
28785355647
17027417481
253298883837
218711877043
223285985392
964232119
135720127648
112277580292
294271605471
235811704096
19374687990
231942793265
295067645774
346961598122
357404179510
5775137976
10754269399
340822074083
147956218249
351795898675
141659572729
140375414718
163133038657
327917116579
40899101548
120225115804
58990968404
66652423000
42321849210
345107591413
198859598729
138542675104
51062473613
9868545830
36387332320
108995262683
364562369805
184979037535
99544398615
129258142768
78499867778
31468361152
59992493598
318919512783
289761259344
124108491635
244645075844
4838785956
140313633995
123639182355
19579857629
311997261052
71344295717
189690666681
118930028401
341639604387
116689134538
276506158666
361886896257
356164854999
258701606775
279245026544
69043968792
277354984758
124693390164
368400463827
306079305666
358465300482
51132253750
370391913406
149812791503
20455933607
31583314555
71769219761
23136154364
117119391134
44379967099
65799239522
84146333155
355646148551
317854636795
44366817991
310469127174
177946626514
337289248899
18039130587
362503877391
29537428478
14411541550
120208156658
374962414483
362450298844
100430222367
50883771863
362536738277
249883171970
127723472085
217922987935
256949409245
71949327927
96159972532
300007000707
138960060940
16276827860
110814891027
216754326780
241621735986
74525927860
373543575450
348764195847
25347840033
343019729043
6017181544
361710563103
42858934917
20820111899
284402002233
353573960468
57728504067
12847415025
217203611803
20978558142
325408596019
147683155334
353487730931
68545626472
12523237906
336068361342
73861573250
243608071777
308884882400
196530383982
308543037305
235690432578
9978640927
323269971646
296492727972
254135993286
6990720930
263852659367
134083554208
355422196279
257333195329
128231794566
348267957930
6166176242
370585947379
98195731548
335982631762
148161015672
292316591753
159063758582
271602675517
367530735611
246727664982
232467415211
14687664863
239961128900
311201315395
373102731679
252534054449
24186820665
256113576172
128508268811
19698637010
338954521256
352771616554
4911652815
11746560666
362571576248
211362849572
12458187704
216025321343
378737959302
88219872717
78098755159
158736060931
34873071977
364382390178
8764447751
42035175972
353197089917
378159639188
356094551329
358684123611
309193154646
340888861574
239804362939
323180856602
40291366501
229109821694
275917965370
68921528784
151389353320
7118654607
114853423632
346480216594
120464613184
318194558463
268852391244
1531088426
143138574184
189501785309
365220521526
38052552546
227120204566
227130183980
48029859924
366636091077
215946773929
363286859721
185276988006
365403636811
350012612460
152411226181
89408099297
370580667083
225711372093
243736885441
162090032978
304592035930
64269101824
371555886530
216186137755
208398614297
31629297469
303904946249
113185857143
35482672456
237496092091
338732199016
208539513602
355415529875
7358244904
111883155894
234778376359
356710142482
225690029642
373701340112
28984360839
362079373545
249806030934
182907896257
37629258946
309561293932
55004360984
19573216732
355073472218
359388600144
350971110909
16495884885
375403217004
282118395866
27257032506
16477328876
357864838337
286152394884
266263321904
174681002211
364082856868
381410345904
66713755258
57762555714
102027885743
366366924074
16142672319
315125734536
266982489303
309827318562
341404350834
84216032232
52660065424
196298826127
1040643958
225885988680
9924036577
121176170093
12633754245
31149911540
22267147131
142819180765
189519918821
14815899100
192306142835
47357108162
240055105753
341754474721
79027638107
251430695913
254558626198
5219948155
318873402969
103327168818
103835423872
80441401571
202959128381
280629714424
86825752878
226188294278
4024307777
41710206154
230174646828
120098176838
332335103665
377836942718
114475421289
25740823147
104977313137
224515865496
267509194083
313094361275
250048941040
291596171989
296561406910
288568546245
183476545122
42201366372
185612503325
77503410350
185004660426
67637609563
263930635822
65508676195
32837234857
78688983880
28826832899
351862150755
323282198144
157970136280
13047600230
344104077552
283631339385
40863726667
103443853931
331422987308
19741839424
309672556362
93405937210
125017664913
382484361700
380337156944
25159671618
257557807406
44113118367
363172063423
1378035847
340065608912
6815526969
346109453688
65297541937
275082632792
316317713843
52448120378
368602508908
20539705833
264003569016
2263460387
304921668977
206359805634
355083140714
343055230196
240703042300
23573575956
182446220997
307713101911
42853902951
49789577579
69617715511
216606824206
24946443490
82802306643
5425194512
272647474106
311245761424
275127190812
7585811654
35422972182
359342827396
3022599440
141699774068
282941660377
317154377418
7577701479
320581226505
277870831142
384481771974
44275627633
216557675216
113799623430
335502897880
160219894765
48910609802
32350467576
191039856504
236940787867
91259108626
12482553447
337038146705
333292333233
343933277327
25999817982
385411595999
214719467891
353253084716
152336096093
280030340353
388891804556
4590927580
21714408750
21220033829
114853452890
230817481090
294835944265
387245015019
332916428662
358949184556
117900811021
342826102557
36282898692
110609809607
15729552835
377787351728
12500326509
47297520522
19490525854
28353488282
3040018801
222871774709
255334150241
26155797273
34764099228
278300656717
2194628126
24078909919
60689714062
204161362826
41198909790
320762673871
124270609827
112000916345
289944696182
370234352547
383181804100
304730921897
60517683778
363324512168
351460456500
338387067819
286681934114
260347868310
343992877613
233596173640
191045398844
104153692227
158137926939
213275188691
254541463450
2374743844
378775928566
364469608642
372498247385
29046543967
3020193564
299854300726
26422213505
69612227233
53242392489
67446487819
17520883673
6302814716
322146416142
78378233502
323229373588
136681893449
287683227571
25743581522
37058650649
76884753100
45712835080
53282826318
51002011375
287607966258
47523880097
60840770638
12662428679
390810535264
259867084159
168436237326
386894539791
81922211845
158793816412
164299468886
388696958619
227977881552
45208141992
312827252666
203424438149
5698409510
127178918574
383313827023
7048008997
54140121796
13465946547
102456801753
72155019878
51831030397
248993003288
316213782657
371055696771
206659928297
288179292389
362582878186
276635170336
349477858144
386244622990
246291867611
386654763633
312280610019
23680518362
353704589158
132504865921
261057293870
141396530936
392746629021
44239998883
16564041239
214043179233
70005606885
198468517049
100255902790
157564078734
34883037017
23970627753
98181080486
202773490097
382900429096
107424139133
348903892707
322377036523
285289093274
323997900531
207922978882
111832331372
135976664383
2674381270
288057480093
252681431331
8132934338
29618576833
19830854587
381788779481
100352123686
185737053226
149246978759
280697429676
10701132136
243747404010
81800204547
91902303102
181943413870
390512486155
189799858467
387019280487
318396786334
352691284672
380678887950
113751852166
274529002020
346448395903
134676624950
22824570675
322424498634
295303461258
127117131232
94142118853
129400460574
164905514890
368899813895
298039328285
33459504488
306727061248
357238330492
388065853168
24363788253
205734005213
327513410982
18440888833
67393754122
170165931824
59290713829
309530040520
14608029773
245712163439
30940363909
161242509050
316907711237
352220804330
48031000330
309548723215
366538809688
394439050686
10268458178
376112465588
34095323653
13857334275
156482975759
291302014773
2081201347
295810601956
80777287133
208384891486
394437763533
302025753626
38363806955
389309086751
59428460110
111897802569
75326643579
330795630770
376527011259
383343155364
10646499818
98288001093
4863765268
144557457198
308312524586
110144749498
38894412106
213685336162
387514376529
19492860177
346236930233
184884092905
207580887277
137008459354
359781933652
149899103687
141666778782
320005041637
298785044551
323508625674
81026405062
260436895570
28433379040
95012778487
264508190144
185787181128
352446338668
334422360014
71068502644
25812294910
393397431140
396335232621
180016028639
22931589646
364029662198
330816851032
312513067134
145518558036
324649092252
14684190248
256871933662
206526192740
182649809627
397091010700
217478570629
356816059519
252961744936
5473282896
62739195181
185614514540
279090592387
20777276232
183378495090
221720640251
53712879629
106866604690
242523751988
38761925373
104763674473
64781377868
104832532901
19200946036
4656050506
7834096150
343684955276
205149402208
398796557008
241488309401
334337440650
24026609705
396958923950
360918417855
28263395080
191928720896
127448309550
385160918819
362264554018
336642338621
371556006266
375358347741
171267773236
273198571871
282548567166
53400713048
379107484226
375368198364
14879514051
291052469052
153164053080
46346258460
352486677246
35564264749
392361229227
28725917054
322379710882
33160260513
354790967914
155945177125
54598873421
103461530339
148955049751
147911903550
393183297026
10406312009
93993152169
1934166858
164761559660
4740567273
240026638470
299701354183
383390775437
302372164295
264131774102
395036264972
52211206550
38386865368
133120450517
360871006957
372723904186
145201682838
10623782534
282865369616
343361982422
67026866046
218375944733
271433060297
181885135163
125193362153
82631350938
26107280927
130775857139
136731670984
84816120335
394827662096
267724213271
57913449960
266705571110
4596934097
394686375489
383166910190
89831266963
352883649103
313305154770
18036291767
196335695960
222956403788
355270529673
316830789805
370347861349
334020765019
342556051570
42004766226
21981837863
169505434742
131471848964
342512310528
174722914788
20522823803
38257581580
398608310416
389975820524
131866597723
119769223629
3430942642
143215201837
204202070883
197865566427
29540116610
269160748414
268226340636
30639019205
71351546693
399356675337
397387848422
305305134629
323804772962
372643737588
395461664234
69855874883
303735538905
357564717525
190436366469
49871859796
191351562978
60748121695
94188742429
63338158048
86253372833
132150269942
347788619565
144374332418
187389679070
359268809121
27594919141
244577537581
12949970329
36722386045
34490640477
2903443736
16558895382
101151930173
29745479564
18886902751
4562838905
344686983612
233673370184
51025529212
533121958
213419326329
402214306040
357576910104
217897250627
355998763906
378615587402
379711121557
37509279003
241868654102
405565856722
280719482352
99176656033
275035779137
94355121577
213824040134
20182574261
22814110095
75248383103
70779455764
405536433726
239101718212
328854673696
79232335933
174663245494
22441854570
35591415607
170916716092
170254850616
121981520768
308878154633
349472876820
409999379340
409098783990
122336419812
14008107464
21043805421
72856622335
143023282089
189499326734
283849711572
9949280104
406449157444
294120006062
12087851512
20200386498
367801589188
23071440719
323571664470
71559969954
291487894674
344596348709
377265671206
219801776623
359136094840
248825283758
36261671506
57031787583
25571645128
61888923919
24992110612
205994386352
61343280709
330714906758
369675110488
151293343063
118598076547
229301423167
121047143955
364745345976
3162377229
327322784865
249976725709
19456783669
333152215911
23654083443
85665091438
55255400205
82382266093
287850827375
351420419929
65633897041
69565463168
15213952386
410929686366
105291315320
41610313875
378414253534
13256819048
269996074152
51526622296
32478638644
18895009640
371589833957
41526073526
194460211657
192152189179
32622436879
408736049468
124195044251
35439390700
149906631970
391837081608
286443243586
36128403798
34415037524
43186014404
339163589094
11717756268
223849595026
347315937445
199909305484
377618752272
303988246103
138169838008
298599604508
287508222465
150469859308
228763324862
404581976179
408249031059
309732617991
284077005010
412737724627
3209574822
8235625821
358380325565
225008586036
407001253377
124050838637
365769222359
55462427281
186081493911
47771167567
178666215342
407009480675
382777285489
152711901337
21156519564
32330976043
20630905347
42156048388
383882355558
162760253941
409240926371
36432823190
395054884611
393551868453
166341996714
262678904301
276267998631
167974340367
252021123079
384736750006
412580447252
323177084612
407604917342
305931037835
168274664378
391297697755
5506249880
69201303757
75464550408
99426025135
101019600349
93099122039
264369502557
59534261283
50992585891
199747777189
249938518580
340732421844
21770424484
82070124846
2071060546
99131125024
351344988788
254338142230
81895943472
294280727873
20750842617
17179968963
283532006516
341125478693
287522939833
46523325697
413838514410
261451210162
343841263087
52204183979
20971211690
202459988288
58854290808
64936698102
337011465462
280886657470
213140808373
376825360451
383632632565
113878933488
324507514669
158139006997
340313121605
375520823584
353850924276
409168335351
48942492067
295080485329
127987695918
409900713595
402490269939
13444335944
6960258893
309099602309
347272429188
193167609748
30482328575
374197507647
27045828392
3186668851
28773336506
381970327825
375114230223
324120022300
397384767320
401096919725
288509022718
379828626319
86613283825
202335417578
346706336027
387296852112
201710338931
360260689479
413696441274
396038869623
46911171752
272276788037
265576893852
16866380836
365912576332
419055128903
342605850937
307971436147
5187361022
317661456932
322031351597
311638500070
13614958771
385325828055
3220531904
312072168427
26414002652
412315790127
218409418416
358553928877
90671848061
89239124625
335645180312
376637218639
419952896451
5186511288
258008551837
57454678429
378685756831
66277657981
366013298255
143932115712
166873266790
56919654184
105211591835
362388486361
336325827977
46032505473
155029656844
21693229790
23522330778
121263875159
267207804526
301409486282
66279956099
177288793724
309204944724
327859215030
25658484052
20822437609
353093829732
369880944781
28322219124
68568500542
141668839177
407397900332
401165836744
258017874021
257969050458
6548138162
295926416954
83573964144
80919767078
211354063107
80959144401
172178543505
85734964391
112315543009
15316472907
16411827096
93578337466
34850506057
355291080217
14931135257
378043165638
312679489356
139922778617
42254354657
264783131327
375624245719
4716188573
252999495901
60885678185
5162336240
114003670607
411469169468
298586093208
192072420040
370855800330
350996006280
64561999403
184805656994
347514364041
306051591312
238171620756
147669684091
16717605954
22137881978
98114868428
21571360208
194320136948
301101364244
13526404096
89624730235
279204352358
421131133297
406541583664
72502445554
361952710496
91899543794
134973350429
411254477363
43993301688
390356241051
117058666969
397934511657
412196894532
408491329191
408398751787
295163092425
92823719497
112765674202
384064974786
86697945533
374684247036
413521819664
238308951192
108043492044
314710506366
331928407168
110256541536
42960781054
226262680448
68672672616
365324502876
137807066129
14352227711
287091917996
296385328304
31289814249
219938255807
15025134042
408323634900
138327089374
160786179432
22413820532
403372354608
338722897922
22300208158
308565084017
410124295681
31724054154
29684523163
24267381769
63708152534
362836802057
10840452064
40512385729
20362802446
2157356848
251567450681
35194767044
117937127045
313135725058
30138795262
362389847271
72543321277
195488065986
394397721622
283005349298
66164483303
177158826084
1753556838
401688804881
339622491588
161514163593
157078053018
370686064850
4768922897
129954050251
426697497142
276228167614
173014322070
129961591939
43961377468
380209954052
259614480882
384511430101
313224899253
171081773286
165732156195
357617506743
286108756921
168525335414
220423802306
77008905268
419506302209
427468220249
326218257789
3227711553
101495471180
286773579914
81386045144
1898511475
186356948150
407218180361
278210212113
39754249252
392096795013
38705851129
953136839
27412428282
49981283541
14587122856
130949736698
345485814686
352593863014
18113313477
265896074310
405805132608
272959215735
274492326805
75937959227
267284023596
208754772775
208753941805
39529402
17546794769
175419010269
23991282313
47514552328
156975073990
105656926035
190226691316
122914912099
73999418564
42556744065
198166702847
134835283579
381519651627
419953752875
376517495373
44465788999
51077565007
14443839314
89515205025
425690910288
427777304160
294289622399
44368700137
13198248480
153520157688
110657731455
64330954752
402380906558
30149034707
54155217183
183696330424
109617175519
422877721619
117031822170
16617465216
141135403775
423157169958
267706464019
396217965888
57674607318
114731461388
60241558000
430283015084
282817485962
409411347853
46630945239
328288968077
408286961350
346102197493
414344906036
131945703109
1858536294
2485111251
97873838353
395023136162
240538953159
322499028491
198224534988
110318512420
258568175431
34175990850
142887585939
2043529410
79410181851
326586360738
207974471251
373651950351
404934673226
28880638855
57565634466
322001004644
365101525263
36240313382
48986526289
60394711568
320323624678
344088452561
307720903229
1645657981
335833466860
387463657831
69769445514
289370965248
347082107433
132825742972
248523180703
425162516670
371037823065
12997018994
410867486608
278106938399
155538128908
108063048086
323250811040
317840569127
269678521863
360557791482
412133595498
243934660486
401128539663
319528111165
288253971278
406738464296
6350517469
12469234267
411656679130
46391351988
148727022904
387257721069
11618167422
173917544267
265615319641
34340736430
376736158951
15796234265
68723688934
422845677113
389616011919
433330988818
13386619279
344794713707
38021112795
397143121871
323694150446
223205186346
144199305250
191866837471
382373852906
374069767222
406428104934
54327205503
245136776158
434228746735
29452821368
147232797154
428720439762
395625522564
179617670222
86777684433
271200757184
27225214863
363902739024
429285951689
302551795000
435728424714
391967103878
164457298600
18984232470
116677705286
21274195911
172826356273
403367554185
183594197158
72158341240
37881330018
109232363844
423941905430
329056065295
402979072071
185808072158
426548579595
254769730116
182068227745
109097489783
303195318624
62659624638
422549089120
323840468111
271830580316
21081971284
323864290445
37690149314
41234713489
193847744673
204663069414
398394178470
310153113967
232859074479
210984220267
226459334296
389848119159
8086118331
125495468538
53885167135
258025399156
6207050639
71676299626
23966960852
298412343268
27761845225
62581840512
210014646801
47330464501
110452761141
433206262261
395826779267
84619537964
208572750524
140249390173
63187093316
436438896205
197492880322
255478257941
384646556780
350331670700
437847448433
328924141242
373498009617
8791772172
17055765288
48730839626
642959284
373660174360
101115615610
387090231256
102563964290
10547468411
149397463888
309262986153
151850972472
251410844396
134114982823
427928869604
415516878610
365452807003
273008503350
127374859094
20663464559
364530640523
429937922913
174121102911
282549887009
405004099389
434755325767
369001309705
109350865728
326433283050
328391682964
278510520453
361450875065
214257701819
79155279572
19720732702
203802240958
19202033707
310400887290
22659429540
310500902088
302977073159
205271819443
341170903241
11238312254
407347172350
4393556274
391342864673
41420193998
428101605216
240648381621
12902222133
153229834247
28042656335
415198204303
371485623144
206175966768
139986725099
17059767645
337182436213
420413405225
390742901762
388000112849
427002785225
383152109087
363437813611
378820941024
265653907387
46170295371
88642455015
128979119078
408464837739
6823549973
190841625349
395467173972
221798447872
61847855558
422770458592
1059126994
19720247820
11891952881
154384074240
421329554131
218261474744
53725665936
100413576792
304137704736
36336238592
133142007816
216741988555
418103410498
180913001919
52797350109
427009466306
23996535943
311974692091
3890051197
72409774016
190865984204
33903382333
19480364918
106829153394
80645946893
312291165003
182336719433
97429133432
426433153892
442328836215
107669511016
41830749594
115892279090
381040887290
396442042290
21818952577
152816831307
7157522738
25750620407
340328087040
91240606365
140491063345
408135785498
421311220542
273035363970
133982845155
385025947089
340019430527
113717459193
127847977407
16603174633
104859359559
286614894748
37940139317
414678472488
434400419846
20658081337
434133141191
344173062871
218663570840
326556972635
355524214469
69003902079
192226824016
277118480510
411917225829
72431110141
105231233508
37699941603
38355288502
188834788429
227724585040
435288160069
420098932576
136746244863
58436111873
47854816913
57373655417
84016450639
17848923110
437843376768
313367523365
42179806155
42902031584
371196711588
34555481811
293729099183
419257519026
269871913992
438982637337
148560104024
56471893480
420809764145
23909762254
317184801794
250694901171
384517103062
103763912361
53753705795
384632316912
94529946280
419330207075
398119224825
374295164699
16541550408
55369893090
284505518956
96397462937
288054992537
83181612569
382901577276
316992190159
434661687168
10527271626
203504355303
8345398827
84446385812
440500964594
358249734762
390763600291
57802618859
398562395484
24297467145
441641411552
9920918595
344202241863
196481646839
31473724310
83402460050
23915419171
435819466251
193978493154
24718467843
196822391010
440595744618
64706915533
41418630032
334082428230
217214326558
436543362900
311615371556
6229215334
28468767037
14868263120
320689948633
68120336407
433064174326
128040830744
203477742693
197776055693
354328603554
86124942978
3134416281
108786176735
406344217373
139975586965
65999484767
448148661245
318511944837
33515673314
115842361418
65699872591
444349415530
203953663967
413347671184
17581034546
419674496958
342346349207
105623896832
399445347887
333079392317
179380952093
334511274433
208407025498
72700271153
160709771510
68673348178
322645736110
376067230648
208498395985
99026021420
161848025443
2459267863
359277039676
40147656077
385526754005
70619704366
73756267036
152678236321
360218984479
441433972289
203387155742
430625679646
344246024055
391464925381
20180207468
388765259919
196879471545
108786720186
430128174109
383995226337
421378870534
100319186548
11321885560
216689615620
59142681712
54106320975
448584046592
33505463727
47776100524
375918628164
219643224547
430983839627
384646601151
108680141459
140569129132
194494275916
142501077540
18743490576
342050785407
448573952838
19255212857
444591428228
346165218874
175540198091
324832222590
294124785089
413543306408
2601079261
292728929472
186841481535
29612730193
360737800816
10706760142
400683319031
108977684839
262532455495
339376098535
164944243326
85587611574
335870989544
86164760775
295863095153
253861363549
121175374019
363375150318
437542445089
37073513717
57347727209
232585668824
50751107393
102929323422
886860327
212289462333
130319685890
128812549341
49729062370
88987760727
34096552044
96740813902
20303614983
29980289017
146851882257
73320270059
450082386708
19611077703
442202143628
349083202785
67412245317
51748040809
28561050534
259460281674
115557592895
27009545987
352144671530
149719861436
45419801210
167910273610
52869461070
116323519017
173775485155
248956477314
389055471553
30491748518
355185987668
140221987270
23413715997
114077920449
19289664464
210792567767
225101174124
433854306706
36083273557
256120392613
349518765280
94107379650
145639177979
288849946541
180436042890
23768851921
289721450445
34931222232
250175869083
39910339127
450598393015
300645106965
217193655115
379689182005
82954492584
310536542489
367041951747
79662579854
446911686611
3962068221
170630381434
220100828090
63206388577
421635195991
219738873039
237232533234
451329131700
19157345570
17118598010
393977732145
331946380151
23986725153
393732886832
184407008161
76638559544
439686017343
429680939427
222590565593
440511174559
36173497636
440787077474
31791508332
82747387540
102429556978
15410619871
137649607436
87622953564
286184719426
200701013005
207721971568
11951093075
16625136461
424514887548
34224014547
430742331091
157249482584
50087367491
21759795432
454472138986
36901092144
391471974463
343420746088
27196642267
198199671598
298251648792
208013889681
29196406719
155917829297
436137938013
139120931831
116783673922
385552325450
446251231407
339580256102
157485400033
403628180971
206443362612
20922776095
394054234498
235150981609
183750057135
448213465311
264907164232
442048946484
364543769313
80664784646
16372631078
88730131515
193895547794
434371305842
403410422626
254492204102
358931574220
131268696578
2276289654
265802983381
175555265551
302916414632
23832082246
26289254101
374574733874
167218335613
329973965627
122477840527
78534450136
6183225738
185520649688
8811328795
225185426879
368908565753
304497248612
447767768885
238317193885
375946836277
129604348838
171814139854
174888217583
245721679577
23795715048
207862686931
458426739792
9633279901
36631323767
410332247957
68449034254
17430079294
330518795187
335784648394
214777900802
271156890877
324573669551
322810449209
239986592614
168361492945
40369299900
19398697561
102939502730
355215873966
406057422710
208306521211
137532901376
38918843930
301080701528
361399014581
188549955739
77437131174
11018152911
85191564874
299064394694
26577782222
420226966284
82440377423
320936576157
446237996150
450842750381
317437829224
327210478462
446388672381
200277262592
16809304453
274714459858
457811624443
106613972386
391185462190
3508694757
447887161798
425627749304
98002123137
272825345758
341520193010
408925757608
450261177568
272357973371
111895970873
436712575473
231650713740
461278266172
402479960393
29405216957
228382860509
224009912052
445964547686
446120254400
349316200842
102438486074
452154859888
448149906472
96537362168
66106906032
334828161381
268956301297
257509966114
16018138690
9104533283
455826323340
389584486339
125456540805
407258188108
450978869865
432301701562
396480727309
388248301465
388446002526
432250842591
15240350145
5476279195
237240108254
298329477044
215800126310
134238815245
41338223779
175350218232
172202769817
336006824022
129120982209
175913636348
151447374287
413488945555
253699499094
411885204568
447392895339
94036511482
101686362550
260791349049
36485468649
456501085026
60679809166
290433019291
55952398463
107296187802
373736271219
359575510777
355942548841
315177082631
28118175708
44032907499
380273641677
262244586265
53112822218
128412124015
429315967196
235125913749
202099790063
198047812895
47524957950
455578923806
221619132453
77021845159
364366818664
440822583508
45157694297
251181972262
17829616029
142515203175
227751143922
461406082304
209306065374
270058409426
372069195493
60932401610
335730537520
137416841266
412439825623
361343632342
256895539143
3520253602
254921157014
350266850272
71499306892
123568625585
291646139372
2550277275
339280326218
397444953997
385662779974
312868918448
445576810416
112663681180
443327792235
399773812704
26075067790
212059043985
334523826118
52568797613
76843672118
23509075560
427922126539
385829406272
51632287608
298307529112
11818287834
145531517840
35807398361
340469935268
457932053082
66905041369
16556704683
349178352560
426847389481
164093765837
2874313619
400227420266
261330296815
361781203275
379517077464
284005873307
276461742399
299160008696
197068496263
392982414804
50958068461
47562924943
83549767544
424925481814
9377810658
7191721665
324265981349
126283544253
104942154312
120276470815
234541156179
36524184367
301007473303
19291912766
409284462827
343318917107
7643346369
109202681995
57913983793
3728114608
174493765501
455837520839
341487346816
5807431548
383499566572
396569821212
238634636202
438959876492
172117569929
123868964882
368045827084
428532639070
36030155176
438060061544
421754105555
24225548957
63294397110
459675099490
130580664908
126734159481
151391082357
291532094059
227817986342
2147560363
149514010001
3172176231
382152887883
343734298942
235370992283
226173516904
4469849839
293773475159
19350843845
335231458867
77014489442
48497593923
120573901594
230581717277
43374522683
18261738037
455748049315
468363535895
19315873571
14741730498
196348133035
42051869511
454272962216
243549224266
466359074743
213080592518
442348099253
462626690173
424191162011
24006012819
158045221355
109401634027
305489535506
13509358754
450903654601
176888571726
281168877011
398045643483
420939541335
284833327955
225643666930
21285068825
458568238241
177945345136
387565704945
402829216495
101733702074
17441790717
180083677004
90191649652
106110248398
435962818557
390112776391
17738248104
102586230576
149199100410
188528051503
258202860487
450749041829
145137421936
259699127995
430922986116
10621362189
464284994254
232161551281
435660724385
469425499384
55579872951
464062689940
409835342034
430856550773
37588645602
68200940118
52830265242
33007000997
345408820775
37831956382
103126645977
49492085709
48414329793
298691106983
130930194730
5268440888
411073511044
72503460339
27318627612
467125346183
404640471538
8462034933
440356468233
205840833474
106736262071
47072208533
149146353228
460970119988
421600764432
39130177014
74933775963
462162989612
121073065303
192090500227
95691986940
338297051945
83259808763
169266443912
27341444223
148198210216
28947639646
464502693665
295361506368
234263091950
220967828784
222682419246
22842857002
314370830407
406036811168
463062239090
177491854870
305525560717
385306694382
400822382951
461102122354
13899499351
292344993042
413158867992
96990990323
468992389030
456441447616
369305599243
32692567009
223038400798
444990144735
468504278998
164298606704
353335193907
174864463218
448657740545
91684329740
191792903342
87930563864
117021960007
356722737666
15657155752
105699020465
323808099821
143506043644
340661341316
63637300418
461051767781
366873390808
135282167095
466091777457
40720660334
421041536066
157118514480
364190997631
439129748991
448503444257
196894026453
224668292871
474318526759
50494421916
16177757315
468650568243
212076566694
43337316622
226349742151
52790395058
424369366751
89416758099
244878864466
289724821707
76515521157
473623723947
63336425549
410108660555
150091834004
161050158418
59842746741
319146088959
102651575853
471086493692
249483955561
147110884023
20589398036
44607955816
9911475184
383964794511
376961634659
110936567530
67402207969
473658600636
324939909175
444035690728
13148946132
195773650071
320013031531
465607818050
205444141635
434359717436
392296477219
157621132978
359023815250
436671164500
156775664251
17820151728
266305444340
25652281884
4302016131
11396861074
431530931428
38287080579
69730291086
415990382204
68792205366
460178833773
26213848293
41620221102
6568169771
257798017430
453778006343
52480174114
432154468021
276619112256
279056920171
57873024845
127703090910
13698722426
320549106773
114530895360
475648858894
190608696128
398301099433
12059297248
10968783864
206707961305
305607093282
436989961750
425853784450
476041943238
469536215347
383201727398
385127821775
177526418354
52859635813
448203836074
14163030302
190326993130
463603110388
35471475333
449524241986
202076528048
252504156664
478075298326
109102873681
190162151185
357643238796
87269420365
213838712299
439474025218
442337813795
20672019553
310296944761
335980949088
135874314932
2575786278
56638241403
418334510581
10969610724
83620178850
104461251567
471711048067
418710224553
319475252
466130285671
259217314726
35742524398
96360749976
61877645560
187861121212
302985025465
304430750773
478854635525
43799548588
14195506028
25875630017
59794140378
421122416592
141776133231
390960584252
460184795418
60572522367
113181245996
202993686872
290234218032
194389565
235952616948
454877259752
329577917769
56142299547
9680822084
235512814404
297563619115
30956379855
75701734169
147343766467
135358350732
137848025383
12775151357
44381033682
190999431898
5628171606
472785269486
452381353680
57601210814
394330287925
223349150602
429677710186
438797636092
480560011747
225127326154
96162497385
125407312523
289824971700
59518485372
27218677560
150327791372
36710516166
240667549053
92121496249
255994516920
24709944424
40452151604
1506357824
3102199727
396374241079
193161160860
367699388027
14617274301
19366867204
14847781629
300082450630
39543261671
58111241474
289023140553
84717055684
68824800501
74124147163
285281605688
233033048861
459929677525
393593510614
60969883955
35796938283
406159984920
358644683711
519465626
3555553156
166116356127
284910184328
26033071193
18908107665
210313383010
288557244624
418396654970
452996189229
480318512660
8059018597
5969978701
10341990907
359516106889
477801162543
425944255489
409106680847
30122438940
97322488998
38797004343
426951533027
35905243572
16597016474
102352065534
479273358816
289969223913
481926391011
205470627947
213907451814
1955846035
453398629448
244038633847
5102927372
40735443264
51665964823
131181569320
450277160252
102109518013
280764553940
221018727473
477158488028
304879988597
446151731727
195227965507
340798343564
248246504396
290322116386
313506344440
19562421444
185382178401
70658934025
47495601030
28045033316
454442708465
66738885094
413821288087
34634125048
397083501256
91015545835
69011249864
20425713919
475682776939
290677718143
42832119384
484777836353
150727981634
369553450462
293960893139
290555188697
64845522104
437037350449
139987323547
6571583568
397037667
271461729407
432407288440
44569171783
349936012023
77346366891
403857297711
151534629360
253044556795
454123863897
311187509746
463456877830
286180793552
463632919625
401912323161
23145345703
258321338976
93048974444
341101335629
238293898778
456881429982
94976575829
444429384164
454147883972
184753105193
236205222726
196071911920
475978957315
95754188823
199334962712
369601360602
51576229262
76352113137
368002254364
202349205827
284732972843
263245663977
427118783534
46694886238
30493016176
323333083150
65560703224
168628290189
18752767698
274495876960
478598508411
25674376785
15013983861
16795601855
425464105604
311199285628
268629283494
475684151343
46167665134
105187590967
182280777797
485223142057
468934684624
204618520873
218105639809
398767084458
14322747645
252316297406
446520571924
480099046956
48256862332
406686025152
105780795353
57991857002
166339833282
196019423483
146104619897
479850626722
359988399704
86757451655
379468999246
383616587745
209610177336
42494269981
54461350823
345060745163
344300735896
246623834148
53280619433
202384804680
437919608068
399454255349
6024949391
114800063093
272719391144
11235200369
419250358264
58339059805
74421446202
488220850243
1850939794
102704816626
244974519267
850129445
53661716184
444243381127
112437701463
174155313385
433344531404
413744816131
150938158302
10091172122
133062055
181853366043
30535487920
263857059451
52300357126
232871649406
14270910384
9150034887
144106351228
89025715876
444333660306
422586327309
114421260437
318844536387
59782096752
121865705460
295891590974
485751657234
395669795723
471604517273
168409623906
472797572863
275394439697
391692464758
484931479232
463152978892
25387539026
208465908744
51624033410
303610912441
488054038230
208948381971
376600179462
382206275988
63898536699
1663986933
429923481469
334204328005
52504021414
307139418569
262471691015
482150909665
348180960515
437665319729
193007854877
370713238982
92431064190
468691272573
380412636515
294807118049
261471810259
459309595460
174644594771
262971429584
224448321662
370619120389
190250560710
22413249428
484200829786
37694585586
452530702796
414609736835
2446867206
17175567317
466634736786
315490401551
121405453400
483529239881
450794413275
453379477825
473208501211
405107828168
203728028648
458129087858
9100639944
205458611893
12842427081
264908539735
411380861474
8471816588
79236569244
66189435589
15189268081
424545697380
96475438706
132837502738
489244897229
373770973229
414236756699
275390718403
422628731003
237483659041
481308300332
7944312142
403939924577
126925265255
70768555587
458012907858
275838371696
434165206599
118045110068
80312513241
358666940067
470014648582
479863434782
378259850862
484723913988
57458806327
290000430704
470597538540
30260282568
395477591121
300084873207
50143587596
8260432516
74106138624
22592478789
471373405886
75181936110
161032996217
359500285991
413351602513
4623560747
119879250570
16816674991
427888274083
52140629209
130253477260
60009669542
25893923684
28172612042
460895142706
480891727557
463137943812
273527374880
427472955090
27637560437
372121381592
367550720686
305188183616
91133735096
436437805081
400198803803
175694454355
281770768249
21459255160
235522231506
452312914588
406528681881
60985832970
335233715471
343077132997
153332935469
5550853858
18380776948
458561283666
323533919369
207814619260
336537989871
30825169296
479468746194
186820220079
159508940782
25594443152
56362667942
483687975804
42630741817
106250015655
101066423205
62723534655
40013615129
40765126137
411903125497
454375892471
477399467918
182289421048
409893304427
12536650837
405108807720
45383565703
468306792175
157426608492
29921077102
420916121971
453396269288
30635396491
44445559376
491149311865
89572982747
165961883622
45250631301
370699334158
91981980198
420690956261
45854276186
4456025457
351525468499
454147168643
243818318729
386236705049
39099343857
107269847336
195738181438
5455345324
432360789095
482038518736
490533945402
197382636694
141943308041
88870698512
15595103864
193602206832
286464342613
404082942216
120702174521
84276104624
21205559540
108712212369
335425019708
307788271841
70544328217
327027396763
38342376266
78561715720
419625506937
222586728437
79654597656
15213654648
380679247959
266226285326
457737873586
250883191924
469125168420
2289166962
446667936394
437350365471
464351660214
56546567349
25445889592
125856094659
121472322155
426292085421
318381267868
464093672216
46830831654
477542028393
177590482075
178927713023
486749107487
265641145028
480723855585
54518492290
10078793373
151333095907
189188534449
54428886586
123143756350
285618933399
128363260572
162689141651
21565118000
119391640423
495551144362
417023356653
96850139202
26874884631
480494168717
125367040040
324619838950
117087836517
14995951565
73051613885
214080663633
67733932991
283531604979
308631985895
381098240750
416855705283
43896608940
121979171767
385435295297
425296485468
354351327889
55736052384
141041070432
488462986403
35254162638
151884983012
334686107886
415413606555
10900087947
42662005709
496403228713
79042513589
495135293589
365951872901
437493305983
346968979284
109220149746
69351623087
16235872626
432013257891
494188511746
459199380501
207810379480
469275360400
157362661463
401091312809
44740353801
336741375379
71473985752
152542983199
336448517870
236882601722
161927004189
67964277869
167369324997
168497946654
215033201868
412450138621
454665005195
25345398357
80616063844
377149371962
427008891640
37343350346
374501869355
3663129780
314581049781
384616120353
9032529133
304872022541
445727061549
21934337354
144311642475
290597063883
299812524754
490567895162
360519343553
399508792374
249946475512
7351530489
44960481072
414730103964
199007225787
246687034682
67936011021
361158554557
41981750777
166325186682
54653267820
289069191531
67258318252
70547757813
86308466586
40139618055
24084272014
255385045962
265962806222
160788750143
393485349465
7955860261
253286894330
105740920788
2073512190
324410687941
175776235191
30931333974
429915058980
285534664396
183213330038
354457629607
333554705884
442859224584
352208591356
9222028169
470965847546
492864185121
96041141525
262077894096
322108065273
492739636825
283250492480
366452078283
426771373583
498257657408
301504472453
14949911132
49874799864
61530172136
498804309560
434643729313
95787246736
60136231450
329533638250
491994213039
387317237108
476711850531
64686043676
94179693618
67255518262
341054831719
419167980993
39906912575
73223221858
40621440317
51167600884
44390074583
469683517275
8941733629
174941070100
349857216467
457562988474
250667301365
201527434225
23302441809
166602928888
73715792709
413496817312
495167593460
359113159290
5399844887
481403709841
25630821100
139564607189
34188229448
427646368723
411062512927
169058104731
470284049345
12661976591
36407512638
501918875662
470302673785
36329287260
372494413577
259269570079
32912598215
22308726991
245619634026
271638768658
284075606229
74520887106
380366933764
103603845937
202344375729
414171728340
126549178920
154500275801
161144708001
22702913073
6838375004
314626440922
471151615808
37768218022
494047614736
6546528375
314852820870
316541299747
71090347133
242981350288
247097171533
45055244012
7115674095
12002301344
173595163649
460078791319
175430293181
338684661119
58416772628
421249963917
438511489889
486960857579
119775273722
192611754001
415963068282
439036081002
282780625844
499760916418
18659618342
31696516780
37726063464
275193182318
128897699561
42343062575
2212889476
242384591211
254400366627
113313193503
30034856788
88949430530
410020764305
452063487476
355368604989
208828564403
5107022701
39893047977
136178879327
492396259129
442497894222
477548808522
258465974192
335385663629
460185059453
98067905492
332595846051
485489329788
493990173210
15232532089
276675367736
403054579500
13430705006
108639561067
302695884232
46840117662
282091985192
2583164464
94099246668
34343756070
61765062709
419423705766
106850517850
370414364576
375989097680
242242340230
497333587443
496361898010
18862627456
480697157729
43031012443
93653705855
346640995913
437367868159
480426120637
275905790766
23648432153
497687928697
240654752390
99759605205
304036922332
333202145552
434008437651
27873807462
137275156755
225942385362
452383301035
463820510817
93793811985
91294679478
496369633793
362981959718
488264901319
454737259944
4915968259
483393749614
260928462986
263817981743
63461211271
141896295951
14916046781
430082620644
14721260238
330227225354
128605304523
498608428646
393064326120
141642270762
458250862761
419967525259
337442578798
99906465224
468703168021
334044980
60735314984
297158766354
289627476477
73637599345
422454229767
502640672509
310133110602
14396040264
504834984580
114129584099
326362619538
15634502585
264834940127
397592763974
290036917310
170662838982
506645399143
347525329167
477136573859
31396394974
45700019645
3361638965
124730861123
388965285642
195142261298
502606652430
21860996587
433998174238
399072452015
89869925967
43131516990
469939001779
20862878509
239564065100
96736920062
119036221932
19131189116
487579046118
423775215957
389240721395
201718490961
371345779734
1726056476
333183583203
380742747236
435532985398
359602087811
155877178920
167622841569
44725327302
409842993091
308429163216
364973399748
510852656523
33877666449
11271619558
172007523195
35511213994
269170395554
65019129719
309441167406
147992218345
26744469717
189155963408
501411623193
9549852778
11270013915
19960718734
506856099125
118263818976
49103721026
358132805721
6556948797
488622259084
170273376021
462575540324
477479871766
32799964394
251861144367
370343702482
48884610941
297483075898
408830351734
512889793265
381719414580
79340407608
51104484786
488739080310
52481754715
151572852929
205012349810
283944169223
423075703931
342927662206
475611397611
503653848074
429870517136
458863577949
89292383122
182977545089
271298959917
334924141101
62967002951
266525267307
430517975677
183106323965
306747429661
431699735885
31367173972
494029660911
442095620234
302788869108
404216189871
104273704341
6038096659
114334473650
72733684277
155610548807
104489664606
490210772980
248350967461
13967058220
8532940125
105080370247
146354950002
60362311218
434033516049
57726272231
384278979866
189342763018
321658491645
66535161139
110132538310
363818575063
45410574163
333340203297
54648686240
74738000306
312373343596
378303563327
452821215349
395975191555
291252190481
335950646641
276677444800
159946507244
356564582619
221238691379
163433804965
80589235454
509322934251
147423980415
227782787009
28711148227
272584416540
397191866396
146437222496
195254828175
437278846953
391863863888
497973037787
465456992863
34659890389
36668647987
270884724470
33286261510
480062630211
59351455114
479394270228
392513398221
154419772250
90643526695
28752259918
48303683740
246995090525
160313487628
147382273557
342931991061
79451127856
35355024765
200399685776
74490007093
15942145766
134989451622
436880641819
20605378678
509201219917
431930818893
133352695621
163246428117
52148902466
52492066045
205756692242
15054033122
264236888427
435514419297
207210989007
467411205910
258424016319
87972352374
232084331646
112284300964
200670791758
47378940540
58595792047
46298956942
498655316703
21961100903
123807851293
101418492776
510982804659
346221220018
16276608488
291593669023
345054395743
37018015523
467775061275
38844521994
517020690547
489114894933
83489381842
418439137377
17195272055
15846822878
220472549905
481276526526
278439693395
418960256362
207542639953
205280117004
214012997844
25925894225
319841975721
509051018415
240543103801
497368163637
394672532978
356927203356
422848472347
436595289444
324690070065
42218638899
432467587814
35068133622
493726995070
411313511435
501714415011
14410952551
344250895063
418732845021
16295018941
53478685179
390112861484
123923558887
378409044928
498668452268
69889153334
211213493112
411008454991
18411518689
147678261589
73040011238
311667581826
59761433608
471731507858
447195475961
64430870883
39070132374
149858677775
215094646241
516532626234
396945351155
14463953950
269901981135
51944007572
43875176980
425392747804
26527175494
438802189040
286201170391
111539709430
185589338064
512171278977
165687460261
226808240677
356686551192
451214216271
502139751188
276414136247
71805971441
43192244335
14105474128
146444643886
22232346999
433108813749
493884997226
392904489248
470145678666
120608129087
480022618855
428133474375
508784500641
36902328572
471743405498
117195961170
463274400091
138973335305
25286354894
384188020348
33989348354
488235786726
492115656668
517619335340
59231949427
151896331005
489781301515
32163773899
355910315789
12362677839
477360373362
63928726423
435036652917
14364249375
209601201712
504549230420
79374531108
367536575655
491485182462
60184462948
420279090926
123987916116
93067682491
367249165587
11382450911
476204838293
488819917703
514925567703
150251227696
81578831905
517443979656
311356870521
388213441465
473700459983
63712374732
433721154359
429692218056
233412642044
73206989214
198857967065
49573451885
86004056145
434486934087
11417566690
498102303493
22260811180
276131876300
171949524734
242031175323
50482827449
202380105127
327002530534
62579265535
382179521514
285314698092
207747833797
496833781883
472188999670
137806068459
129450206210
510201393707
493353702024
394931224035
75733470720
507065028404
310419184798
22731225562
83184690373
493976127242
487243978176
520512387481
368456434243
35055068646
491272777856
387675879464
457880159184
167511282717
19788141579
56521966515
80965690291
5312180114
85705168316
452931634393
520113391299
362098159285
45984670961
8478521842
20436739719
424454584095
299593994630
168498843610
348860104426
322704957972
498603330912
90565467580
78212251160
130037706535
4258812397
292583839471
33112833718
493520490929
475766058953
57243637014
281245094501
332575674658
518895525076
270697138913
265115895189
522585981946
317811773502
59559064948
224894019614
12982596518
187073469499
390913379433
379994606542
48375328177
294295949268
94468450643
356424322643
104607343025
446831515815
45386520397
459547172983
504891589493
500173126042
324247446166
456968572074
522550518680
355557036280
133022122526
337124179938
133242796143
261866999243
101724029963
111120831236
165352281279
519746687708
107264349778
318832126579
156869604024
339572949402
214309763242
98586426904
14777770542
99825915122
496780592008
508715419361
172123609290
484589217183
236211287980
524330668796
131807222181
17851151883
43005516873
55778525619
64821789114
132282645569
169795604003
419897378841
14186751316
129992767993
97967573429
362932666209
211361285921
168298268023
441185518467
23631047962
366193696886
257081692364
212492968083
432595394091
24717171629
32316821384
35353370174
194112532269
234652984779
385205164876
115318010543
345073764695
340235297677
4217263064
77535607862
37549397023
5188978873
175722032999
480986787060
352479863949
3761375901
7732561810
111358461499
484443553954
107645060297
149418167153
357895246396
25332936609
488926385479
41799095989
37852572447
53230673515
32322815707
100812561397
58617590985
274461630596
18782761171
452193817772
518948344454
99397739419
427631342047
524083001972
476206712241
367273923362
137391344547
42468535356
379020139132
368746244476
50730201667
378885991107
111110517783
351417991668
37965449865
225943683984
295062226910
241022199784
86854518188
89578032256
368520466948
102737651886
525215196068
508710402790
529160699069
306114610018
507009479907
10062977321
115210741042
96848656073
530058209630
247480323529
103814887340
517695328976
73070356061
96150066306
199595321542
140716865869
149899133975
258931406978
489136445889
157175572040
487257850096
514470416415
36784808117
459983345981
517522285320
509294857365
72479639206
512700786668
49393134344
97419340190
86280235809
215877652793
526371566618
144668588410
253469554202
75059411841
18711921994
335999779176
409188230557
33493208325
368355799165
10463678592
392615736804
74836640297
433512012671
113508562748
507009100568
13362040082
41614811494
93904730264
522805217299
323907455030
125260109427
378576330042
466505971991
91990815464
51232880494
64994374482
8784067116
63132555092
143703159757
12989737431
404527079981
447204066623
470126962042
35039486901
19126818609
466456824593
391654465758
459795176003
28976272342
432569651137
10711555737
388433380475
522596934707
215576303338
208601446485
97843496800
435331308357
532430225548
168482568929
475635826397
300408937377
517244095772
28135719445
203255054436
520270634753
59069183633
135128667953
320455879380
153536223875
220562197511
79662077778
156819227483
162114175972
474591856341
339635471634
501757987676
270284672308
516047263210
222621197561
104664641233
123585483102
338651293194
307631622580
427122448460
267574942005
6204554726
450150102906
457808944669
223992746736
258361542126
532155257378
21442898401
395858805431
91612662918
77941644208
447836935424
150646124157
104874345330
528720222318
362981524183
1056126638
521762002152
445375599274
523734354850
495055009313
280258149
259835638864
61382250549
450071187898
58768733256
220083656807
17312181542
96535737030
96727701160
159755250561
79625394359
534966266078
385960725405
99747400750
66715960876
48211183383
504520964810
77656825349
435812762038
337601601242
332672601755
291844828824
50649269145
361615664766
74807171974
395036024627
18603998850
369825144542
519023489268
318312642454
501241019369
14778565332
453632028691
149401753336
473702203696
83256188956
68554322132
305699614386
521997012719
30571172486
273903368613
326771740914
363798403784
174149358981
177840820827
79794644154
497567648797
28858448801
28536900034
473708385507
13486519221
7872553835
327249426375
28284757122
90818342939
339994426834
5904827330
386601998596
323109930954
213158029620
134254229770
297759977790
5576485665
66981034854
521220776226
520428530723
210030472391
32818986574
29629785499
10179833534
254076650652
288698865257
68731134129
31217321937
3740036787
191802460497
509743982479
23729450345
12790082663
325356892452
8011176643
58148214186
229727515758
33195047190
508275472632
398053891215
45357563011
259173684359
478824516784
44031023993
85895150958
71614518068
509134305171
150923638915
476858862212
495140591838
138797270858
86376913310
514157062548
69918885925
46362358640
41293281023
516496286466
85213307300
37088126795
322832546135
462230788425
514565594602
417837457870
475663242657
186178616724
520820141877
3027016343
398850692756
272286258860
240339580805
203074562785
294636896899
530533807297
246610971272
515131658931
411110156491
60711262058
190984861746
4366138193
77058840872
419596998239
428689218273
29061842602
352219070389
437158353630
500728629335
300538296555
5577040253
19488414924
22470586193
70851884029
79299669852
55923564772
17711228272
529650060895
29471341716
351815003589
87379123736
56376314439
520436558089
413032497864
225616314414
194498075415
498552508546
40053888756
493889852363
39097948300
349627029019
266868123735
416315376870
2278033581
220819808209
476493291486
293487778921
194753554154
436599982231
484461402549
319456539356
451870692277
292001793254
310666453471
105871664233
289809864344
265964783128
395662751499
264876612607
419764590364
209248022406
471229210708
162361001636
410593479319
391408010611
92262595056
42917869450
266417195685
92078455881
411376472164
335352658872
47688132269
382393442003
484412381221
325767109998
94558009613
449520413228
515280256431
279347052404
123970455145
307919568186
386987333496
66692211662
9987310739
176469847299
438436837079
45711269845
241663813262
102528713925
522707648781
417861675657
69682160220
295619678907
427212935614
279976224640
252887589620
62407318667
77990270132
48378162540
432334460161
16242908600
485211892673
382487798669
120265220894
399654436342
90088449025
512497368795
458850397918
436484150720
77508654335
171591298388
539773188444
531896456281
526306659949
123798013421
454884538122
539797276909
529892977380
362662379744
18174090788
463650524609
111888658411
523701077184
400058945
446583724614
57536677339
463479357453
367847536646
513422278023
91975855091
474131416455
577449245
357593863181
29050459721
72749369076
412092543457
489515743305
74928278693
387589706477
60865607690
49447100838
458636879937
254642386795
17399874842
50447528595
295335401530
181126065334
507556051610
319521490830
537137096370
401277151605
415930580038
464939272445
54225003899
536655706066
371355102040
47608968728
526699924649
482671391005
22323607435
484145479244
227958950814
231247314913
224627803692
122729457764
222626518412
464142265613
197595066320
528269296990
217949002837
48437689869
524716202521
17810152379
528732828926
537847628148
475004867898
289480653112
41662377241
516058120773
192450664065
47134465960
546800018291
37125181135
102862245791
208343537906
377902414940
495488154676
137628708943
1409076790
137715684730
192519208482
373893947100
129903060922
185147324773
393927130054
514260867261
529792218316
60349698926
295225635651
88000581575
107435181181
65345817148
347158711273
133579238560
530462654384
682463541
120012000730
263887211347
510869447449
516956945075
531183258662
502363042362
48986357663
305010807050
107699455130
484489086013
38597716628
402838898378
528267645714
148662528599
32121629428
536662813942
34401786399
542977515617
154429030089
221674685169
455251038127
528147616080
373593832232
442178977258
2778187806
486804628157
338838200926
93000891797
336360584430
510012140151
481702763223
99478610209
546384250852
290311778065
117834959516
209845534675
212387288845
185691255633
309354846745
526596054460
21598568604
535293202968
237289733742
513072639872
97356746532
49895086060
501473307918
64094528669
158291287781
27914951552
544010716026
422880324057
135329696628
383185280826
436439548539
506633616274
362215548836
77703647841
149018557365
415180625120
186966492217
170613808299
467833070893
444555828239
436798213018
513507471971
402597255493
302145940959
11830680428
248519514323
112699177199
85489223823
364456997078
45914216509
80028446573
509015364143
193648911557
340937604298
6075222926
30706682105
522084833335
74998869713
61878888304
134018247825
331186047368
37481718009
210103588404
393148646096
467463079012
280760554807
72212893016
306337470397
1819215556
39820713897
177440347094
104091794956
36650748558
38751670025
530507105482
258690354452
485867342571
477563278979
233058575412
97766276231
362585708107
98289920209
418303652741
538073772485
141423818409
255945689331
3631004663
126137089828
412701091540
549503454446
331714005153
330661413231
218886463286
14209161674
33287902737
2320885350
258647372416
392976147518
79427693757
362332974204
93826400882
325432038683
451477410439
531255519190
131055470911
398529342323
443630103564
457335617284
543313492844
32093449132
141015929992
131549888649
110202194793
55641366695
110933127976
350310930187
382396341646
413962564215
521656368345
220759509071
77176741844
224037933749
340835685939
381519231665
7727772799
234419964293
241535680020
112799171781
444009661848
265636035036
87555333338
412441754898
69248978342
282485849466
80613913809
45484367300
516205981113
125240375563
98268144574
394991168233
114400601096
468047049078
374448855199
80869741788
478377923292
48040241448
536401078421
57685458710
78330171799
538563735743
198007257121
14894759937
466785514641
318953112606
535006414826
91697845305
398489544652
48470634601
231116007255
432066519561
334194951028
58875707927
385508937311
345503497474
2985811668
554811887265
51235504151
520778818101
90097425863
436476278622
351845548544
431272650259
549338458230
16698604512
54437476327
491768872170
6838907791
546525424564
15892364323
444435298163
60033182992
44151473698
536340475865
294743381539
527234266125
81328928528
396205132446
42759038837
356815188948
550814489733
4665433925
335757035744
549155246634
550683243694
416888050048
106069031868
377742627420
8550710747
547851365965
155280052476
125191902002
325925922356
475845357761
506399945977
401921821365
266279720351
55735421231
111521347063
432561771621
64292347004
252826557748
541358273063
546940744187
340415546638
90851242019
553937599412
67995741060
319057764972
143356625152
339396163333
223404374185
511578566241
280763829645
127468773204
76483239139
157642702713
23797518934
357133750736
53326961837
59791604099
447245148247
297642138313
550471327514
455547956706
432162224666
141038210396
266485306030
79945286626
422558978697
18343382325
239081215839
540582027004
469588238041
4421258712
80893782718
429509311453
7634897260
339425320086
84275514770
911741321
101914149913
52281411445
52394236096
550632273292
386757516947
95723249762
558576893397
232262787690
202651271609
3693986373
303242633130
444915867156
117695296917
57809480246
271890734842
160857528145
38734607738
538979798500
270486119459
138112247975
302551706290
10137900279
503405435611
448447534122
537808242832
106832057622
560364010044
2918230893
49429068542
249918510298
432577320122
330690946703
15380482823
110204161923
70422771821
33869671740
272847001398
531540860760
275812023281
68180136504
222003278342
190850602676
70398393277
99279021655
149865308266
217484497766
169772948381
110503609878
23566005243
257377627081
42543145459
22050489905
343632388023
421567603753
351790068287
293129275383
30144095529
215640799351
319450889172
465475790150
373656296838
358326177293
63260901583
554687798168
469286470325
82958761386
448135985434
250778688254
483460387391
428475947899
557638707134
29263816265
45231136035
112469461339
50797504241
117599019298
120183111047
13456264030
267179702435
86418403823
64141501136
103804490054
548946630332
183546967530
87778850172
543725924901
214189056122
47286342424
392931415220
67714694238
546239622541
101135551221
21993050999
128660382438
345872770785
457586193712
87125692369
393275153467
104712911039
88459611914
386298623821
511947689753
524783500546
243307359238
409559450828
443129481825
501373523022
405529779603
318310438042
163158752241
60258447605
431557117755
133214408749
473472322413
517692368887
364635043912
126500316886
127852510174
41356840728
358048721792
53469301527
32561658168
417757388474
524557886120
516603540586
276608251701
355758136312
261797656990
412963499495
561194475873
35353194564
82579852119
478284148085
472779680972
5257028
533132802172
524644592584
128786686001
44924409315
48941191626
226404584466
518939983200
494936010748
133186366584
102932892009
563671109085
342583494791
439592606478
218717226921
456278901049
548754721352
563259140610
49999144684
443440324845
64619827923
479698790336
293343589094
502361854944
34114120425
402674419005
101682603999
362496100859
487951313845
483796563457
100371164081
55724109048
75165409350
109834405642
439351703849
100144953526
44483101468
243917834813
14764322346
557967231565
473381952805
414330187899
349397807404
507184821869
191802723360
562982470560
375370221984
368831176073
547527741116
524047792589
498450606277
476788806808
438190583698
15369000715
55537876075
114806849842
97319865735
290347778648
427980727151
203579204229
220070503990
290391840438
206445836522
468780267119
242463903810
520289121402
13049922836
316824749435
43838291614
539849485372
488394564759
203745997036
138749425715
192629848701
32461923014
429751385851
534231402338
181682305134
499751630163
53121153094
98636662424
160394777517
408775492198
85795314875
13646510819
543934866168
25945682044
79884516952
552854082981
90915692891
479643219809
409744022870
544041698718
414131752138
299055863190
291072231467
55656685172
497668163219
237159083176
562340456320
546306554538
63314824283
545261903792
6224364239
67737477867
495794468465
73629438696
467824446132
9604349828
361522827720
27029026808
514032850243
173852238359
445185374548
562410910670
253683569792
82251985570
113453624183
4168570084
508143176099
38795830919
290994202440
2899022201
91214078444
311923907579
185256030964
62898522229
31224338129
566943670047
563290295168
97576332533
124576680599
498267207549
174976503616
46392284201
122140266357
66523792360
422556986413
127091883686
569968542844
303363633361
569857853465
82223071255
388630800078
558298616387
166751879826
298410301013
506203726745
547004785138
570329577909
75134546421
500079704577
151636754265
336085953551
25412080007
260944572152
340057809567
470277613812
564015819283
94311471852
175176752156
22267961470
334503006685
570419823698
352777130398
19158065024
401542036750
366399780859
50230128692
239200746436
500313197023
97613549532
292761528906
299879881777
9473425597
403512852114
45733364566
375917674583
141277904002
559999980870
398728026995
288867642460
212869180760
526583662489
37238828980
151517685902
550832472192
348788197882
4882113556
383623500586
121195754941
264103126081
441382029573
521997647983
25140761084
574374362548
488436346044
62733108408
482449803196
363178768309
520667909022
92587242539
444225751459
547333173236
367003065475
30275052436
121423312649
112713937510
237560024601
105497057311
22704066630
22001470853
218963922782
240197826497
409455636300
1055592984
10251698320
158889561960
417501866016
479963943228
561769459481
573827655158
374757800471
53790539777
367544836304
517279747109
370213466587
176916791107
242198273688
527219118116
92637642812
3070452930
251933303165
13865167682
136033148326
564302964193
352231732406
46025879523
474689801366
112358757196
72775590902
498531551452
575726534908
44331466711
177120912948
377333918933
140317414326
418435261294
110231384415
119243017494
203575727686
549541590707
70201832103
75345604057
479916420480
61369746669
55691830784
539306082606
568464874220
137845226530
411643162164
139475660610
396378986686
8884758924
75465799352
527597242463
153229496094
78218327731
49801358860
17963261995
230375111820
564049392805
101175636269
43556659618
32561970907
275301436976
39587207737
546094843511
431116313363
465720396033
527622816646
466597032474
21357432359
21482044951
57761942917
574949845062
247989973540
358651039906
9562921892
481576354383
218949130835
501887207665
199611344957
141447667788
215573140624
381477746616
96225025763
292030377215
483427546252
432307137800
535940586381
21906962767
435578657992
362686157534
535435791496
349720460857
342945707575
478529857156
39133021101
309799695342
534074330804
35514959861
48799434196
484692789533
387433957151
278555440436
7785527143
22982717621
348002526172
111265588582
140155996702
313385561260
149960021151
215859256608
26600166163
340528384635
532224870652
90505370964
17212424437
292138206027
533358321830
331787246351
561402483330
458074659308
313827196155
33335429688
130206367018
472320909420
546256956620
201002095055
422607754346
241671436129
119241277044
6058994
527939997833
37960558474
372663747384
54712956432
475674346668
90671057280
262786313363
160678013323
433643300963
69559217148
110004842031
579468947102
393965071533
523837823604
499343260942
431223755572
546872128185
575694726718
491040481937
86388469582
79414737240
34358486538
62937350972
132289549526
322724372768
323502572992
372389184945
215183590764
73303815336
212251982570
59934925199
536982154190
327300715495
228468148933
267218585142
528401683030
101793832597
13372132416
574459354662
266000100274
87974932804
60752061766
423414713368
115758207712
35129223190
515142901558
3298758007
230995418761
571816367114
219981585243
61001194380
417692113883
249564399140
5738124093
160161110656
288084716378
9753622357
268908725833
522016580612
52231458334
550565884779
123986229539
569977015474
188178404506
551472715898
204706681550
513501561458
43164543881
530257256031
573224570092
505547371202
209558155447
471523879426
518750950017
275146106
517413088282
557563471894
82426322638
356562909164
216745081720
342033548760
434078683296
423591241852
32178979046
102158707441
422658809384
412705329331
167679057219
42384705236
107233555005
530376598833
488716236872
489774337720
332260639189
455041263041
67005597668
531000194140
34044867924
517185851079
113471037731
562531850524
549715915106
576451106336
29333807094
478177916907
23859709380
500722175731
423699387359
120832228209
357385085007
38916819871
498437983974
581480621735
541185330858
557058565875
338170182198
407259152092
144479662303
389970651110
79990256617
580442803029
218079736345
108979621200
41532712748
462207687012
526876861427
315759808141
109775841873
482946134112
236095723900
93233632918
85726487045
566974035415
341230122156
559736863430
461297938822
51480918358
2442572080
497210838900
367452033434
89040723903
37819567425
9642220007
36079646984
563622155705
188890761415
366142656226
28298552302
514732434830
54518477348
569020905685
463333568582
582089887433
555250594387
530471750697
138916679647
530203614148
343596329313
42697834229
369088975387
224645785679
306675010166
104242811000
27962642016
4822654349
48189989783
81633749462
558996843366
127262794551
13541250314
143944368860
53180250713
576086315518
68677706174
44568015158
240438514795
310540508402
138796542775
457229954594
392884926683
205218167894
58008290017
269714033955
232692661577
246458132047
193502639108
492935158699
484067483306
71648793259
464235995176
165167798924
38155161275
65765891330
554245291074
183168805064
574747372102
25185734939
533655292507
571021920175
163612618699
176561891358
263018757719
436027205668
313521304906
97844498582
22243585042
197267455556
305554590263
58184325481
547899364806
550355221177
81674497512
432496697336
52413962419
13982135698
562373584761
414910346470
5065095159
98519550934
554760696837
339501089819
142543104087
566979489924
60023932305
539329179425
209622673302
582485717345
183589376341
269438635907
122645781570
585284406296
403653989461
501331868953
583154254947
45440699533
43838302326
156852503032
83258305442
326934218859
26145113035
47261200604
3708801568
456122923336
476596566862
7280089019
315638325
78236987696
330208628527
70982576393
494644362636
513121265814
314870712266
15099058023
485134885717
21504583931
20215232599
41409525552
74748797415
239171302886
421384323716
584486189124
241447461100
334748665753
83712830073
556109806265
276642784356
213470898413
148053617480
573686231526
576450940180
18960193209
368390080448
331209835576
398911239817
163626248819
90869233378
27618931206
372295043332
124240850450
16475325778
34800332814
477208866462
11990450956
35872141239
61425699912
499400354041
127386135156
346360778706
157815193568
273819708617
486868536665
47374309744
577437731741
21105817375
353217864746
370779904636
256168105173
14499110063
48556399960
181439940433
139676787357
144779646498
209757590715
402342477811
528883013144
282523997382
169381909160
432637925121
400827122001
359643141230
131187327999
402014162367
564941350929
248987837172
455734106001
268300041658
442792908895
469535105735
13349667391
401958705315
292660186341
506121366564
21131574339
454955819975
394941905499
170323282512
26413561807
246031648912
171985536731
586293714595
216774008999
548632315630
511600511626
32600015336
63843844137
410848528028
425363995231
98478780409
448569224843
14505166483
180457453850
89915641147
27097369656
518650293576
214748712308
580955452727
219973325562
223020207507
159589436747
414844556816
486521730079
494844631352
71525627127
507250797526
565816924707
511514145066
281784726288
22628122708
110628718159
55809183506
567686577181
583540027030
554482554879
348234948928
146492612186
244037275447
483711050891
78214780944
387770823869
57969755836
435688314989
417009852864
544141534315
162057577578
575970124249
4949724986
427744477033
22872938557
384573255914
74452388414
82675671786
71564784298
168975274575
65463883289
183825273570
245422653005
504136324151
508838478621
535752271452
106963206769
183789383223
62870344483
191025878535
352926406951
68803046865
37997895033
33646264848
40038282050
88252762974
136960423117
432222564653
468708140589
434480969553
449796367469
556014513019
486719138353
411336129269
410950389505
414277312948
69085783052
300252661442
401985857470
310970339850
107110672772
564849026512
407882051244
190583236344
367204160896
12303101842
571080632316
91769275075
71522436414
406025737227
101936132531
147617535119
162392897140
184877990544
313083872787
562666730257
82308386325
485905000198
476561551948
386750644114
570982627299
157179002725
31207048326
32985899409
591091018469
461423266432
392436033700
503543400548
119444990179
437142480369
593951249312
588399880321
543522321225
541445071228
251362963714
96135009398
509552254643
540894204208
4300480563
595867860169
519418531463
580000019917
442817636239
49836432631
194557310832
115473411275
2565955061
422185104764
23055229385
15795043474
372845043189
227173874870
355229540367
74570121728
35456805838
576637098810
347954836021
441060850785
62432930137
505825643716
107492309179
136221725919
495971686474
266553265737
49425313829
130962626475
33256252280
562563883532
93611790651
355596810530
415551136030
124338681471
307256826924
350466054716
68723157706
38139752337
593425485797
196525337831
6391791147
315906923830
73790351904
46535456743
58223886080
99751615869
252716592038
111062964512
126459924009
523999942357
283090748802
31384903652
91923467994
92647083902
3015806339
576484885367
300131950723
54890694206
66468745800
43779154248
170921281753
88388174291
114136489998
401367271061
34836452092
375562333731
47166878506
595749388279
13082688554
300926121073
150617912042
596352174007
574714289911
411899644780
188033311294
597996301397
578663446209
4932068488
185518100589
55654534552
418282857773
14436645305
492360124411
19294927522
487709500888
213803680058
44292782657
143745766000
582994340390
172332283982
247996298598
265594900143
467059225068
261796296839
591351619774
37596085783
443237021852
555288961197
241208398747
16314986621
592238384154
70783104524
537065803230
155228403222
92020670494
546744262895
54784878298
506078268541
385551775252
368228672038
73359293996
341214242919
284617927020
524001862496
100666041528
450256603925
40431766122
399488569965
328821545635
44087808465
122874059463
332357469931
42091223378
292084096612
177513613469
359839934873
110665771630
393717819355
204540875030
600660131037
39323147267
361224681652
103920931002
453187279594
312861227408
78678518168
54816203279
43975847904
291890194622
511309748424
154209498969
594144726389
416112832337
67506715359
344110013458
587728422199
140297281304
572785851484
62599330604
215015940643
241825042529
37655274648
538893923189
96524679321
406987960861
407159824922
365144583919
601022392415
149054229409
402745363233
193029937774
114784901557
521610655742
166358063457
583112343580
61453550800
412585206425
296549779939
586722004485
528719973095
279999081458
275950598149
441769497627
279255924053
288391803931
601757678040
443870756794
437244822897
139631850464
4168162049
56580046171
247350712279
427742710340
26719250828
519719262282
371767762634
587730802068
517461593044
119805934593
96533210260
313783515752
278397131353
451639235789
40403376044
75773825659
409990530270
462914594724
20184363488
364857948594
323227678617
380684536745
96466129356
327112788871
566825241188
171722737643
26472818124
466029438699
65356615186
241289194890
570145705146
2254708876
572009538751
573662474671
115230918129
106644612344
455707776671
251300618126
257992769450
534473797139
538188163557
499800568853
77598028004
530997253092
79790674091
495841720375
582798540108
548926064833
471100905721
574742045092
38381117844
12160533918
168782253153
516805973476
225390553964
586320488168
480558999493
528125257395
257887682105
348157045263
68612727045
386265954777
425364820777
318391693338
568820668036
433079697817
419714044776
368811993540
332570453370
232135368903
263488783184
345854302123
551611324762
152818009438
450989228832
4472216635
276236968202
558232088963
308983339692
234815454727
421450646339
580858533372
40787386921
50542417075
299021710537
446133897804
569666762538
88498779634
124357334115
221045591059
366717799438
89621428712
106653215200
151848032367
480770759916
450289869665
551546510938
237031535040
595039494254
329184586312
529725589267
252066007269
43681384760
511387624205
584824465109
579366977398
375483436643
326883109630
201193280428
402715294337
416997931565
428806891413
177952685108
180422797841
540281804508
192148654440
487905169111
279031526117
320271064807
347482838204
164043127991
233513834803
556520364953
15034387831
17962905832
112158437698
531860913652
591996951039
480036978699
434158181826
12878829366
601148339904
88076368747
232140308284
114592500231
579180858810
295897898244
71590071516
7700327970
217454177493
500965130135
579757746704
537971015515
455035054577
10307414234
28685101920
591037334932
497643687967
57440196600
35142863043
534020837130
425563036127
590711928350
37934751811
605897936174
121841024912
266157525454
41372766583
102039411198
600899415522
35222575688
565065594326
364893085153
49956299579
122373659043
463085739168
159437891859
501329347296
283057744234
2713274228
103189098766
399536387398
27499244420
415632698018
5737529793
389238499002
3328851679
588815186324
114119254128
483285249352
203249055490
263714388950
329515800227
11193501345
17749050947
131219116511
2282132089
176072058382
90207088485
31223846861
20392105757
107910559303
511234920642
37628205644
13677134169
317655067851
582942330247
435576228298
563311986565
553205934463
580519400526
47650336481
245070007173
351603698635
103922280318
603544069006
242129566291
604991747260
80515019987
147207584561
579632688380
601185938868
258499345620
26576499339
486756865745
129985255122
395651955289
506913103062
268634664491
53579785784
559137406308
60900008742
48184265774
194604415918
597835421319
298085430532
262364161536
446651896149
566747190603
599806379547
29556302615
390036107435
191509705056
114889999042
50482165283
19204198124
446197100000
13398847457
362601415113
114349645089
63162423449
106300693187
39292246087
221514573381
145418504708
530166181078
123910700596
46734455331
534857211341
585224320649
311186683906
43365488231
284208392894
67463885473
87832586064
569228335492
45954474266
14949578640
597094932477
605948122292
24171442291
246030188448
383786121255
595943035304
390203582335
36002323892
428183235073
7274933880
17989330611
52008480483
435521891568
601663127621
605893760266
385177549384
545633593385
557433114972
495208040672
14043270058
488338562178
55984940479
525930137656
320675557238
450056296192
567750467657
58342460406
514666755097
514360165077
437368605930
419648809003
599504313504
159633977568
447205484747
366334611435
285029167482
340319678981
181633349809
123856652990
55342945249
302895628457
176084294864
546147618269
544067576035
65849246407
64385065115
522468621983
563235413371
55913225707
19950675604
88068411037
142408568540
205805389980
357143248950
391209713686
578306382337
430790658388
197109561203
362651956433
150475213290
297881684967
427682652824
78875611828
344249905333
604322481600
76091309256
263763798229
419920083813
10753969152
139001259295
28552711717
512225903285
51276617829
186394222614
592235116492
93679432416
597591703658
359610892461
266383005796
601988213066
12690861748
74549080130
241153223360
608968429208
428924182361
68447398632
323077460228
121964307708
510894894455
537899432253
448500922890
521031459085
521082737790
604402453282
535671833081
423777256334
260443607137
43501846556
274324108864
165922130684
284277443999
64210849088
590233811656
475789705874
425484579957
131457265793
595097903874
447306975570
280501635080
462008060547
474855191980
19183557395
209287268438
12658871521
34923000555
608165364473
608246564347
92981604292
309931211765
573454124388
492365394812
513493217153
567678216059
463091498942
190199657341
212564968885
170576240581
411813741042
77592938074
45830609202
514385342409
132216197306
80196607502
212486820008
333063034246
554980519790
581214723627
522262746845
480871870632
87656666628
512949654971
590119713201
170407975928
321193319767
307852804098
181929835951
493644276326
1330577639
525698937209
76868997197
451381541872
611964424802
290810209905
488491041980
339863790507
506245825672
76204574156
269077844837
161629919576
70750880901
55221063967
158716210513
53169319079
33117592394
379105422802
102882394414
107006572905
53831288826
591071518502
368513134305
61924913965
15827591785
13325903438
85108162059
320483278163
570914377386
502642182395
273736151854
2938487083
480694110144
557125749120
197593230164
23964875878
441182051887
440239830282
158184588598
74241361663
350963973379
574159852236
102881064242
605018402212
601240816907
485674378648
378336277201
490562029460
362422795349
227682270781
192552910787
488345833720
597851217481
429402816162
19493009207
110096135478
133740527919
464423342332
100836675233
284200962140
83203799703
23054061126
154207406278
240196047343
101931208492
420899361863
88037308871
615130032916
59133698376
590068479952
477147944955
423978060216
558316173573
168469218905
507010832782
147516227817
138916115269
514211283439
574473612434
439958173326
566083517155
183429529912
114773231595
397040315032
390226260306
592981610774
442929807437
253560486600
383989584239
51939563507
600113895426
591333033099
459557189550
33381186582
222091926831
220172098412
455514138635
152025106235
579459807548
207647234333
617314251337
5035331801
453080027696
600832302579
71470930642
416813888562
220482856909
618419732544
468404082998
22413729809
443604062030
50805612862
13073754596
10936669280
167230797170
581634586200
508074450457
270077262452
20783496567
619049576523
469419124516
517380478177
370910179557
319273814664
193486624389
249655805471
597083662660
519874939269
39317456339
590326603221
21860084618
176219568939
109168379730
573405445627
80942777782
197093377844
276370519010
161396167446
53299417484
24987789626
253351863845
178941313820
425239557964
9441108042
424922082850
234658012491
237637059502
577565363961
608778455016
352031042120
268546018566
340427174781
308194911826
40439372616
476314404218
563892005100
386515158304
80748958204
475662362471
213707823172
571724320347
335926072646
478614841009
571008158197
355872767649
36758181074
291177490972
579833309817
547953201649
525517378234
160336789516
137716988614
416161624352
27274972280
423488327653
492602733731
550835399380
62276434305
58320393843
34859258262
3775892853
131635983805
397330116688
396256758062
392737545510
180670343189
504393680915
162089482914
42938349570
190722874282
573822474990
489465672171
407202675021
586918157051
25030439306
247138601888
366086324975
377533054351
621744338591
337148012764
624192603654
415606746078
198425288598
47325029990
535663167897
73484913724
498822749000
158192633793
478949300922
619024953139
619581413269
135636882917
49304621223
93733286904
620137913207
473841474164
545692321134
606794322907
294062395871
88060777151
306079733389
53123001067
598595236153
391896960699
90707651402
454566947838
29745506392
588048424189
611572885951
130075352332
538006155839
352774663473
600570950504
606829653320
464142167793
408804701262
458592862389
240036482327
389484952325
548190511808
316956290394
553630999992
196311037022
481514157134
286005599021
615930165792
371807072759
76205026642
98214009956
103021835352
316861159188
610615999673
219772239375
451723870616
621601548653
86925122575
609887936859
385068385706
176162330039
44901751390
26801114559
475506303559
330484121741
519954547447
230374881647
177365720659
23226480822
28827334105
30526737606
53939496067
111381871819
17463588461
395102968956
66506186138
23232623774
590300828899
58048376267
70969840012
617618109376
236720901674
51134049022
90361404339
431932224805
150993991664
479206544570
215014331113
288451784080
333038025529
100277053585
360506611240
49339438716
177104022727
33059924269
609539394867
172021789695
101829294420
382535772141
55121728447
29662093138
467949722573
618355298253
47002003130
579354165320
606765389504
42287723218
75979871589
308940640860
63608935154
62792857473
71704213169
98689335156
68751759926
76532657072
110556874728
52990887780
78268417727
65843788394
419343488260
289526753525
90056737395
470107588564
316826126055
331790441989
111304412729
615650352690
62778974918
595461207183
526961770266
418198451593
262036488978
227355307795
414050811294
553486886794
45003353552
45825075401
612710655669
630442633769
630394003448
218226212144
195548029353
67547484365
29084839348
367535333468
171661087809
595208241039
218466127220
149413104560
269254294432
9958929840
111916570707
612015047606
414025173447
388630386779
336496807487
325221818495
114384614044
276763325706
623890450768
265082466578
563123594086
631631310723
598873603716
192435637163
593175323461
137439099894
604543944066
629942834866
99129443154
192598791338
583062489719
4903391624
64996239480
514607968154
499997319071
415031091419
623703287985
93953466143
379767348097
631074566985
49355849988
533275197799
632435322162
312236946633
39992102659
630853571239
16079741198
66195114174
289568459157
535187618402
137322978754
32022042871
325157349183
608084761236
611967734317
8485973687
212312656246
535031865748
611716092749
249293339631
136348378071
629151787259
622140777435
571299148603
576297292668
2077760693
132880127769
215920269001
563013965349
273336990196
112276917336
98642477318
620850161023
354781466175
551095279141
569549763487
1977631937
608846904549
42503094928
474746547366
384976551577
622950663674
339810859632
338032401032
249221487054
415836228498
226552180471
197436065995
56495820127
586064844601
80689393869
335085223188
619612596991
197114528225
608414255017
489678280247
42157766645
98887021912
600407337711
79615521268
372371562081
18574519074
61241047372
96974117936
634115390391
332459583142
335031841186
118796622233
420819654523
100848922772
482725225268
628896819309
419811492493
634824777693
56917698108
166643857203
3603744557
65855474576
282215376973
566033065823
493218769560
597365975574
305913310447
474484658426
135180812608
162124325028
608850122656
629077781430
258272834928
409973364551
46216158171
331972837114
73737570737
88496052919
336098343561
291979823842
629887123055
124710851933
150049941653
543324639326
110446754978
106908055397
106891736291
524525045133
210177806170
282734818900
215708542178
219823468485
365705093450
36017497897
371701788633
599134667118
34033427018
623281999785
267788068840
265626341405
147074601649
147356694345
464316657802
53089840850
37913089474
629509498734
130327498594
155788114215
62705529995
38714824882
112457831108
530529892990
401348403806
50650243363
352736973475
113454677548
303872159929
32900037854
322752449034
340332403764
284028581105
228434504525
275189227371
103663637086
97351577413
236768492690
46231466905
156141116108
93794196381
178697278191
6003752094
356083625248
42688191175
385363442692
120744029599
94952385570
261450815530
80854727800
295819950670
633493139882
34015355053
103501370003
412509520939
625419843501
81955892146
282454058414
464364241184
556133289001
131841359876
103562017395
426595642383
426677508773
185345189424
38225639758
78094024948
319784763306
596353917718
131397875409
521237109546
272318397992
617181510219
462955858860
362846530615
11618979599
288419773051
131384502602
90714860562
100290227308
502894441141
575172347547
15724597278
560076254782
633717216973
464152172799
5007460724
541843523959
3047045284
21407476966
597759733155
531849228132
427472188737
127082238562
398545178022
458047077911
238952174654
37702899647
403929641453
61740081084
68059839143
360175308169
63171336161
605778595997
86319202243
621722547184
563333672183
607130518286
288134988734
561866873320
14118438019
21319980525
577471184302
448646111507
606264698290
369357935020
611266148998
620627128775
607303227716
103887742942
513282557226
108637144728
10419847157
459704074669
493772852642
178094447399
684294248
79647280941
554892039142
295006342036
340708793771
130278861864
186565453227
597870857808
279388459418
83503961805
101649283247
334075596278
291036992554
195832052049
23203337379
17720765305
619451743697
614480572000
322275747727
611960997918
69971495924
3977374982
78759111443
454972383048
594471814441
460564621613
217392107705
40854345466
343227633935
247832587371
604953705804
541376120851
98557517438
603541887975
31204843483
206356940590
220586505532
633304382450
267952985741
34038753974
516294254461
630491991601
6769622865
99668129985
278513781272
431713394326
314752879816
224211968206
594878664335
288576776605
44016773650
5374745816
637889559622
632439656982
45113998748
615504573846
614595226054
7912186911
122314383926
189040195423
359910181157
635684425128
320626257812
73663810737
384688427470
282139587261
219407924528
456247966668
194653420959
417426210447
106096490852
216651996103
438438018652
135270832138
264811593507
285961398860
56882158200
435764095871
60847486170
39762526306
611851897679
517736442820
246306812818
202110416751
75243575963
596568536017
91856075743
618190725209
42375735142
102220532666
391587255731
131036345834
282299088261
3216540829
394294417108
625080418344
88577703336
571318403327
615904343047
427773994546
345060024593
502193118596
464341940840
24107269403
59507646309
203525447148
25858903954
118308534311
636269250106
378244586331
54239407967
546667445296
343358917986
353167029344
36055223798
476785833151
319102272766
275874388971
89240773215
642500716424
491452141073
274718834147
646391887925
627238826223
640395314903
450770540030
610736359422
51607244529
507435707270
286457996462
616597623037
338274621280
251329818082
617877165614
71963162588
201327774619
609226260131
620591794943
41625509750
103797974567
588082575566
29052677079
503601103391
406631904646
550083726258
49814524285
607164159390
46771432981
314058329663
194664932056
540861339750
76253182459
437406713803
640962545428
643256412973
542143213853
528893792110
5145031683
117491206862
505058712982
643220180969
102887067116
185503789537
611904728677
531520705280
285381974136
470411661654
638046009243
435423364353
597176701483
150768522300
162785937064
83799968084
599369145065
631000810687
340725696827
273987259836
45383876064
315022002192
18110538168
407529816971
232938338734
64509534213
232825582724
208025167757
53602987517
213757404239
41794276618
580954754831
21109792311
395693560501
412426829234
330087364994
