119175772
392608488
779368674
724992103
679305780
814812742
199870016
76077042
583852860
773590523
968213284
129189551
628616108
274382367
822729642
116337324
701010740
323359744
4980838
264250564
757122891
989158218
548254064
42792200
578533317
26618673
102082071
230525738
79892667
775904512
343935020
600030522
83439124
963605811
906712288
5565427
28409517
975276692
33713397
503498050
669875583
817940593
171820184
358604842
214915019
935989235
853031772
362984223
492354339
211157343
257332013
2840699
799855219
973865340
35837616
846567305
643771207
735542436
86459268
311756638
965022478
906843600
842606467
132069280
2293659
22998106
227499604
941269457
255340041
166613561
513776340
596633132
207341582
818275306
370569710
505172838
505328668
462285932
68577060
216130831
65997037
245115899
319965327
862960922
918138839
844487176
235396636
45092852
103758649
406797825
815300194
587571450
684020167
89376492
54081796
713138906
197880639
621945202
472885513
902888219
140403709
89302052
160002459
461173823
693548070
536078712
243964399
519744315
956658739
573905692
792691488
187362070
396967366
306031438
376266009
142846754
61551476
45095778
457350915
706376116
992746851
211637138
229478861
501553688
735325148
143317342
73693253
528043266
84723057
597891268
100350239
872601848
520463021
269076291
15100054
179268709
165035990
20498205
656656083
398896888
90957072
327778499
82465030
151501172
32452736
461132351
28253241
305746886
6911061
957032896
74940131
858091876
861391568
107324754
599929850
942642605
927072471
266938494
43220755
323368661
667653431
762515642
828249125
473252747
65301484
573924126
436024820
333106767
745839470
315029427
117975635
150379557
617174816
577736962
932907162
839742158
883650830
570984584
948821764
467671918
73845207
112943766
2194629
571347219
518688457
71060009
618695388
903210989
33660205
302406663
405019456
623254115
893461408
223215794
214266850
293863118
901778877
80921705
759780247
146661684
500134134
989624694
136018868
588454457
317868556
228725614
327164434
195373873
851453824
106751426
515055386
35777581
669074197
572999004
397998196
501416023
365210684
176424617
106732102
348084843
821397708
969782787
231346659
864182930
664185037
69768914
380351894
213083622
287239188
319716875
973063
312609836
769457469
410995910
716683138
762190526
244348712
410898379
612741229
215070792
997255728
118126385
429100654
839993401
660687458
862788134
624282312
796539352
289849090
218159775
946692555
153606965
788059796
533261117
133798702
422530070
438459204
86314329
141916922
85535141
19507633
110850261
714953986
447242855
825621614
21197923
26258325
75113670
172621436
474673680
333334577
800685386
964838240
346774223
573633274
919280472
817278311
947167823
854681587
818059164
561889823
319805291
880448070
479632605
507197348
960975128
512901444
270280339
673201241
674507982
272775435
343661884
632839247
351118552
856085310
477084164
70079648
596517917
294238594
24751686
29200615
809933580
552408935
10877563
54356664
775709031
478075826
201405135
136039415
644365336
627706962
255268815
251355102
429703140
620411184
159004650
68657217
653511959
207199034
132072166
210594132
410962644
204864793
13074578
51528998
261607919
675284669
619318316
724811770
197695153
107653103
252761509
320805371
318957365
944563355
136449752
476234471
428911973
363274833
39145409
549604114
389563509
298098721
255752734
39044586
94117386
394053660
105453137
202882642
329576231
51525556
28258709
327877907
813890466
603373439
32338959
23479945
270337106
493012356
430968800
340391233
990765802
290037510
172299446
315743424
486161586
167456268
890647760
477551161
367098978
218155064
223718823
850096815
116492501
717485385
782389897
127978223
349971792
602704715
451053668
388790161
304067833
143842694
230859731
58233063
384144514
981826184
138728658
321552631
628000769
351360567
1013692
304337270
263490922
917082871
779975673
754937348
962328248
304078230
764766083
634823741
854589950
840615247
418926151
22956266
380017523
180999222
705126386
651686482
722351772
67767584
178220271
14322623
235354626
359977471
946669089
923289511
690087738
291951156
20103067
638093070
879684183
997535944
616664066
950620450
562698718
725234367
101711392
772098621
221089451
482121023
77232983
417970700
666941818
461615461
22256772
706926642
659497440
915068763
766461692
895150960
823615893
63409026
109362001
104229570
607955058
133982567
595228126
675918815
255563410
217240851
118959492
242190093
249257722
58420521
253775927
934062603
700274592
486665949
79434394
58662516
261312763
43499099
176719324
426541966
901257887
13487781
240292990
949267371
830987018
338465345
652604126
44371742
916681585
442587252
208637067
947846036
782615767
146741195
861835388
282561526
249608874
141731151
658203847
821199718
315588787
670302226
94552106
769140945
146874416
824906831
564883906
319852035
381902999
230945334
706077620
218346696
563533182
396606215
266750206
835002579
337808098
780143814
110023155
950306727
926123452
474948691
561864649
320307771
335508422
286062683
722742027
87068777
216265017
383386192
988603478
591759885
389339697
418044670
392427567
29848615
513665496
413980069
193264005
889664776
289726678
277862218
586153849
886771853
88946389
28013119
94306247
648375925
26445477
709330024
608278563
435051796
779061597
615595458
878955660
666269945
744641933
112347090
313685375
236379107
709004696
753297677
167040780
276067181
438217769
344074626
186690377
458873595
304344736
183369330
313315951
84987248
973175817
57491801
674837875
815133188
421405272
400248870
18027087
213875023
726631476
432969225
19000816
948087060
490470599
344796913
770167438
147995282
606119244
855615631
184129271
529023501
1243370
899033352
561478017
173187653
556014053
450507433
138569692
502627881
160406220
154266594
810756555
995128468
997897052
382304225
177548718
140891619
218596624
883863129
462534127
190539012
14738297
206161917
343797317
259107040
560695770
385781123
16283035
316984174
129585843
147651082
5354268
470923951
133966914
816659905
31051300
866644995
382599683
130809462
564306122
418568601
552725728
15770997
572002983
325946390
28211937
138094372
652536071
861643509
442314594
959625684
14669721
380941022
543343514
711669341
222102267
927238184
783543677
794153455
455381575
858162191
201475091
693331861
135780769
833384076
734392911
451498921
778863460
332917615
285691352
90293889
733045571
418520172
43916130
454245188
107334179
409416741
866828948
178889366
257143073
961855137
158407155
983907647
635764282
591809856
47912575
244896512
374794392
196211882
916598068
232368533
560490929
408627033
204261504
380619831
955748374
219917356
492456754
268868901
164789581
84163598
564262669
356765429
177546910
53778017
680053442
149957135
579188128
115839583
42766430
794305782
480843219
231613096
812542048
53248078
921612321
380843401
974272521
223568046
40486690
185362952
84820091
986921376
240240456
285781414
56101704
388319753
306301470
295198478
19916624
34219139
398662562
829390124
486517030
275499501
848449476
537398928
559343561
247513542
8717014
588525946
257035512
603204311
185815749
1372058
192258954
346249061
497898789
413390238
98560196
650246274
900142692
765252980
38976524
339063118
816156537
41268239
201786753
196303191
224882855
389263925
491543749
524782
241762850
568764478
74832802
566743435
395670872
264377048
76145338
805930174
181284847
940628991
778482932
916969619
288426255
997705938
41481797
599953106
700727798
730858463
64376887
157906684
468442447
928724476
89976730
996678574
599957058
690342595
578456784
949090485
892543480
715602277
691659578
630661087
950002188
525161
590737766
424833104
551920565
843215646
204326541
623115293
300199520
627254407
315261305
187777082
315170470
280178552
231445067
871656906
10197395
211283995
891786146
225452974
816945102
591235503
772235781
180000982
870780762
410233724
981276101
171224418
737517849
716577402
40139239
396997199
838259197
144770930
158101476
411940521
235575698
463763756
681432451
194879532
119564248
81034392
138454436
130054073
364801927
185333351
316158314
269065776
772733236
421915978
796965090
372328216
709343572
512326024
101037738
207803125
766229446
151115500
64351579
142431773
444609738
111209307
53907131
57501733
388851034
345175199
294569291
108292057
899778202
902236161
116440858
557473782
877774594
282079006
159976025
287736748
663757189
617874691
61492916
619913376
181182150
119788364
917706456
865839433
465280092
236406377
228122924
422418954
234808632
343898069
609059611
192466977
665185163
64907786
654824451
420703899
442378581
665943542
379794719
989237012
472574695
602041537
367995748
367803278
270136689
476688870
699044696
771802106
911353535
345803505
217339358
340273448
437690094
86214949
568222056
603939345
422003784
465033222
850807422
479443218
377301640
653626460
528858988
466094991
30815776
793799210
7206742
64187477
292545776
455413322
612008627
168899748
142597651
119379728
409809853
535359041
911161063
376955405
874230272
439576815
708831457
5058116
823065141
921493744
118470014
332505167
864820559
984819955
372477991
542022070
727857808
412570856
89405700
132359687
265471660
486854162
90402940
464709936
583513601
821027183
451719683
74176596
833681582
387040787
25920572
429189492
38134385
89723102
470998871
238129222
73675280
251274677
400833697
323073842
672072339
936760895
518404023
57903771
235423814
261016239
931650839
885090609
749126994
364068417
411055216
226232713
698063258
425235044
151764326
691251800
855122017
279478800
722243551
851483302
448818646
168132959
158289349
189203233
301524656
324591144
730768944
139443872
796370724
623450397
364788973
739492968
183215186
902249490
157699375
346631677
555449352
188010074
489372034
174573271
306042956
293164302
734069422
773411062
877645142
220701417
579317359
869029577
117245334
317794007
463140259
862268212
2311465
424697840
842771148
391756051
93059507
43069371
982602088
270743781
552717747
601286059
45592636
51875375
438753269
374853252
875434974
388962831
231775578
181864273
746001902
599028562
735225609
504187096
890935070
874966465
115373521
632972260
883722250
137124604
277686010
982837673
541143262
900730410
276998601
655929306
472910006
80965018
271105654
950449767
1239955
274579216
14106300
72820306
603896517
786891810
217795769
430869439
62676022
534154937
984719118
642737922
835775352
392767605
772608176
218475635
619222729
1373273
188609981
859796393
490060013
281200114
93992289
854278270
277227593
697159440
223289987
57094660
114515133
720151302
326152265
152590046
987040451
795053964
499431997
619099035
644085050
851107473
727264977
13827444
225685126
208478744
454180220
361441521
813538578
12070760
335990818
284550660
42803850
58183066
17721178
461294960
302922506
547607374
942033312
894687200
604117644
549983980
318733544
527924634
771333624
576758700
610738036
370218386
640762868
962350914
476011818
720128431
269661398
834346187
623812562
593904188
276723128
801984589
245856076
49761410
36042342
71188480
397719130
92837379
645002267
117601155
377188342
433555956
62546588
352722752
786110265
782899966
652717732
399778721
444100077
932385988
928483012
583810461
207589464
850047179
286646421
493816984
705831869
746895763
215493352
347175652
580688209
372238689
203951310
331356558
795589605
4751238
841069367
480879006
191734998
930723539
664571702
496975227
872736106
759619452
261718607
532064582
167059682
203813202
340471594
402501014
656868704
310321444
82836986
263122260
839383305
896561765
549948952
832087978
700016710
803797237
298939674
889846069
726785672
187829623
708401221
360092497
256503641
203568780
55415695
85920791
259980533
198242704
773487654
195779211
655524252
685733038
4690691
206604006
472170561
235487490
692337678
157178766
194626235
534755592
180535698
519406029
138098138
608210360
21867788
417976946
341272132
477629548
164988716
96449904
802312428
61754845
299403364
224173294
30904945
241350477
155974508
720505913
134731612
152476203
100828240
112848506
324190293
419318831
501638181
927763656
161649628
64134902
105850328
282238626
965757110
676053783
233694426
875525824
322609480
966468576
533187672
623159566
185354244
126857464
659890030
317889403
790216675
347489400
748683445
400813647
81506263
929816227
428891059
1258157
445546852
191500927
198803886
255816170
127948518
142170468
11747966
175852850
866607842
823260911
357920176
541748416
763243366
743656741
71759518
237388054
991035637
120481288
962859469
752229190
497972918
778330818
285337983
941533117
649245591
210479862
420795707
560363057
721862442
76851659
240096103
626940418
281310480
946624042
111201608
258249101
80549455
713373580
80209896
46763938
122935827
474692688
757703743
467467875
428749800
174912512
479120872
631201374
385931089
302469413
332253772
864431110
650875462
24804989
482939386
536924513
382512390
170181512
522378521
554876098
91422815
894907862
813496208
122195907
796113349
278810013
323084455
609179859
971892249
658521303
564521138
556993168
41079639
226632036
124870240
140243741
789039260
808946757
485490534
762394216
219444065
235817674
973616408
152924708
632868809
295007268
694348826
890846688
736637186
358574679
756299408
925879507
766128130
780354317
239090816
877545324
536033201
439707849
1380054
836211927
963130489
731922025
121589919
327965897
31226542
9510224
879470151
214591710
107366961
255450544
212497963
372509902
291209978
241342112
696639780
46872866
191868729
78855530
928664177
948524399
3369951
20651874
132676034
189497472
320984537
778544496
934702922
289352081
568808852
59877340
98854743
438712450
439568457
876790980
120541941
105848990
109463917
449804469
499273734
411324014
795689894
853016377
675611224
178255255
971486447
367013895
130872098
910252309
833592448
476445307
161671799
7557463
635612442
496933566
739129584
480100869
180127520
25022746
532647719
604065340
569773439
827737943
203789086
44364232
88764923
571602448
344252332
441960213
743653835
429620980
994531945
237343586
439743626
441625461
789032794
300131415
899134815
320789309
557502086
25730401
223235744
300379826
993211006
29909888
256951435
813546106
14572914
208815270
131001243
762539080
630733708
465384410
583529402
142198610
419877736
138929549
112687915
87594744
412378208
432832954
112569024
911906187
254467156
686503583
302218054
676078001
254544114
92353470
107741841
140011895
968020035
765050403
913964788
110076634
297840526
133505726
122430825
119431633
245197308
775624973
87690760
159097380
310641177
356914240
405525643
954240649
807819737
735819488
525873844
178575047
347558492
21630557
938590982
42969522
148429414
916281694
449398717
878272609
846925845
227127280
204099472
267229760
117767723
749033612
14628050
426917250
27778430
432909505
902450318
416868191
253772147
591717581
219755685
357410370
117487128
100967294
7279508
180000233
482153817
898664981
262474767
78833861
144146873
989700732
812165732
207721331
55350010
596438027
234473092
634863751
932259082
33300069
315910561
604080343
386449698
425424524
664524192
731027548
700878023
445233317
530333867
410007143
81748034
60150263
166496722
727383900
226550493
633929708
326810159
814122243
342806129
111206704
630914022
63593994
267190512
9560583
933544300
305360317
828388415
813674081
893426154
63747635
301101184
251042090
166608454
860307262
12653617
991776483
75683820
123082784
725886962
440282617
91709672
406892158
179220898
664162950
467250524
202639017
67054764
810969229
92310657
354802393
71121548
379795676
368328740
376544852
779142254
321900040
240808128
100310716
575566730
971555634
395895919
713183775
281795337
469071468
228972946
208670828
711541286
65688000
214221021
5923378
97471850
261963228
916192826
347464758
561741348
438283528
418355106
780263792
671586902
297404307
140372037
694578214
524809528
40668974
63149813
247054387
902832670
191767817
534971184
98599283
782633321
891777254
218669728
471989185
78617934
145832108
334975743
933656160
173416725
248276534
836207728
636904605
279318425
760238978
200680530
142083538
303118788
570160722
906346100
766477331
137028558
933311385
343115
474377610
76777222
432973373
823423945
241083734
279982135
24554783
579279055
140512963
874159627
648564798
415374875
30030080
424646183
318137070
40920448
399099561
80429275
177248614
431411719
26798142
162209698
407135969
368077330
295050260
933513176
594944993
415303783
327913311
203233326
195936184
484080930
332673235
836223016
677825234
715404424
737821980
487050527
430499946
752740690
356172735
8534192
120429478
756002998
258053374
525549278
538083793
794016010
151206500
458015054
670133404
442543418
7841524
797709462
707751042
358394943
58404273
76932912
826895595
966506556
431098799
298751986
132152341
877691309
481822905
1086608
886652870
470009686
20756588
118561069
273887556
603314868
467688038
119747645
89733615
71697628
204512252
103927038
248317531
380489783
1496322
279790784
994174707
614990323
816964696
228799160
127822996
338779203
218293180
489938606
269202416
979773709
961156806
241300277
289215226
988228372
30079668
111031520
952118385
497581400
272884212
49708796
94576226
407070409
230824392
218900471
313054812
160245575
706671906
750667418
8195488
206848502
645348882
159135572
310693675
393595889
816270344
322954510
162245
222538209
136104230
122662259
886635616
87897674
944447697
894594663
607546548
177847961
441903696
567368605
872256296
272189075
969802860
164095437
937802150
455068879
678220748
605274400
581267787
680865196
722147162
69898156
475378386
636510671
552235924
643111717
738144303
180446068
782824591
320183196
851811631
106970024
420244703
378100043
616528999
496120389
867377716
280662552
450731045
186334907
967816457
677539284
477651539
973132220
621141562
577279210
470145321
277597002
33160011
363206657
784246619
102438046
105591072
244356376
945053709
54777410
798573853
321116946
305299830
441027426
138187219
914248918
455269489
858471594
263491673
37590457
19181703
17578354
227846681
854927789
97667266
504698220
689185356
472514160
272084324
55633371
268572078
481956569
158366814
422688901
244128128
289512596
241979842
602473569
179369794
338239297
483036295
604341471
68549964
818290327
48978369
482043080
536937282
774194169
225698086
686133849
80831482
766182557
586239631
959289358
555203138
494860357
126434720
752742488
774773471
490772771
23420820
108717470
432233151
801893909
478247237
8477902
16849113
434493922
598881227
576341262
748196063
46155175
253359437
307328090
150749123
846862527
321644729
215406787
830358894
143275034
501259664
989055808
885297552
210718688
740310423
364855763
346885516
174545297
192391236
108929193
153837853
126344908
592016261
598388455
598713737
848118240
23781188
430697015
123202244
564553003
175417664
63667413
932334324
135723617
430324653
631079887
394876854
433531044
919728093
227100409
463905233
167198082
798997958
128766672
325298543
271015819
485912918
354291976
251427950
438800024
731096975
854395480
921803986
632725312
415916464
139727570
826414388
171579997
466328844
131114892
71788614
261357048
85522865
803942672
129706419
506550296
469434625
776805611
707685691
52229832
855393043
8836765
55731044
290427224
835124990
916635762
816506678
538014544
459395296
454118279
667237883
789851202
461836140
266378306
540461130
197388844
170599331
213550066
721549751
314817804
451133902
273014859
502551497
888103475
524245736
655892780
133022351
766374174
818399015
550471605
771293738
322607412
635700896
284226295
479117872
963795184
247430841
321320495
884704326
154724120
753771496
668623945
241905114
521749202
978901372
412435144
655442603
145797708
42248625
462211442
335215494
139090052
664083582
364427562
993390468
275394275
195317870
663681691
855226029
182227791
832233835
20201380
723721531
228974700
743030497
254377292
334061736
663982872
64147387
930932531
264118192
155949904
4884693
911437384
853331930
214575338
307668611
170592480
698511078
247472743
378653444
147909762
163135440
902842861
349385132
565216036
208441756
52079304
595983272
176352518
703547597
687262236
643127178
374215536
565332576
689562355
258229424
444506056
172196990
30535558
90247849
216770688
45481236
127871585
393045692
759955726
297792565
25550123
345765808
259370006
256087029
438787035
635015189
112951483
263854938
53004887
547203026
811703248
899964382
782459419
281408247
331590789
354703168
658538543
955741595
899798519
683353609
66018886
234931134
612403760
314553420
276566904
290134327
961809235
967214332
211311778
128743470
495224832
451743919
699355557
102887109
354485496
255232493
218012579
142030225
318556966
449743030
68747331
97379779
250182131
199813837
727927308
719320799
430961784
154602616
889295824
40546264
986389957
666634022
812778462
467772465
744803979
414521736
154427703
427644513
608152338
436564377
319665033
850474202
158777991
80648719
270488918
208336432
987721109
874116721
153647240
899037957
294647547
445561348
268076301
592114921
209562465
188667171
384875204
622809518
67944182
286219644
351153423
433181670
891139497
618768409
706391582
177215516
596062506
592365281
310577360
73775488
239563028
156477815
957104525
183839078
775066849
790398806
262223497
722136482
218771242
712092328
467849496
822859359
684594571
109617185
560420096
617260780
663092078
260129340
219871232
575329488
24864993
795361368
40272611
383115628
650684582
296499527
267361004
734857276
820885036
156743553
862368414
934304762
160530902
639825305
11018154
530642736
811325512
96700278
514681860
6555052
224480955
236939928
777559548
707900760
720731207
875650704
392897042
211169921
151314789
442175788
217147993
121077977
969549673
421010991
707219817
652263400
380695517
138650889
541792096
52924058
374624445
359792753
219375806
460074333
356692097
234832399
680601617
604550090
190201124
286984208
136185448
736626010
197714640
387910386
458319312
996365857
686148988
151301748
989042995
365613126
48925908
895574355
899200236
83663455
156439691
250681582
229559546
906708002
170903215
648742454
619357442
832276247
721155665
426235961
685456224
445208318
528643922
366561029
211656558
199906835
305999517
937040904
132574068
436888352
547232973
70313664
407582274
432635204
360969300
888632583
370069503
309
707623828
734144337
781636674
180603081
271685634
356685227
30474322
227952084
867087316
140639073
210961750
240315087
280083292
114547731
2798507
363173541
121692251
576748690
286741498
229313446
903424782
962467818
924082103
617940028
345460374
20893608
120294562
612442508
331016717
333834179
477229077
85340935
290341934
703810222
518844836
141151878
705222208
523285126
861776048
818381001
607769278
666864558
628891194
43104171
606966445
255423943
372646844
430822308
84467048
708357825
496072644
712435220
285627453
741996217
81990210
965193626
41206384
840322355
333880088
845169235
237246183
938089205
540368432
97754071
963925412
287742161
36351640
389915803
441136956
970246816
277785673
933230181
84791614
806020803
308006372
933513218
156971358
173927223
856523369
658777431
92033482
393026960
213504846
410941536
108827962
213515207
530418206
767050715
46498954
794399136
682668905
315209225
110021977
636392902
79961911
88964366
296876536
395699090
74966593
829192492
839107847
695867952
239889960
529412222
731799100
52645845
492158290
115360354
83672258
613291944
947239624
609216056
107074165
175783698
111760426
11930752
31800879
992216196
886047722
15163936
413047793
532208619
160432705
899476355
521485025
285057709
323941479
130157796
183541975
456694956
902803930
260827868
86140440
288299861
568416301
511196132
346232221
410009527
49046634
132016264
394462536
823289420
7835682
323015755
598916922
820412361
742223486
592681509
345371424
8887037
372187217
38146836
903301123
370660793
355541727
397098359
131413865
772086617
865163385
221204981
73615108
226553206
201282954
363325191
360051604
229965348
419573416
377359242
765358252
643303349
214351638
865443101
105082480
271454411
605359252
765676443
530864520
715022745
105221000
980273015
40881030
591376058
73974831
531789965
550601035
25643586
620987693
382146606
929046728
737430942
99490632
962332670
257044860
605110728
328525118
181185214
284159643
566272782
347721367
595405440
881525498
267684071
878522464
109596185
523932864
390237036
166410678
727654788
96280892
218969
526061221
253831232
108716864
555781536
13984036
92000060
588188630
599419677
222229133
413654209
500163214
325688581
848906643
497438076
398714543
936010365
995868486
526205798
888186750
664204485
984805857
139074692
53297179
25459658
386277756
726115737
217265483
8341385
441273015
661185260
139601750
721313616
958507161
837448647
407090042
608183009
499814352
565844166
87628114
956177893
700051064
640500462
116916980
521066516
190278934
452465376
305471816
367135846
165852062
806116067
8612784
886129335
538027780
97213080
399440700
253500918
581563567
857177762
57005285
428709913
890889547
103911750
260413652
169897991
186463175
408109345
890653755
189020353
494935641
10534747
145879056
777101994
421376431
392057326
620059170
153740622
266199042
652246284
878359052
730235539
734467802
307334350
786255248
283542868
971815548
821391630
366064653
792688389
773609807
202417974
916537979
358509502
388174147
880760054
136014834
30186396
759055163
290235817
270264162
40174525
310778938
212516393
552036201
855421469
463908031
853811520
931081463
480049730
278208024
258568299
719491813
386261500
11933484
499992351
297277079
938947316
79364996
277947380
278733412
869323856
375613861
244258108
217369779
373859958
230015092
266333808
247468881
547805892
980534909
691846928
849617225
543024532
284312801
199533984
203044768
140557185
242260851
204690091
25206614
172391510
403450203
304518420
25486038
185940734
76602663
277673445
637471631
355204588
346973874
566927020
921555500
517767912
277780516
820770607
938644739
188035962
522280356
648031167
85481936
675545112
701662210
628859395
712081972
413909458
525777452
217352182
312919327
178796518
846112515
51252762
352186868
76782081
31093140
216015819
657408133
347259334
950872754
606588496
743116366
182921076
977969472
907246416
137191078
100681187
214968640
399448958
129793398
37811748
52266604
244880608
436642894
962186942
474831334
208514682
96379542
5710190
365615582
418611359
159346250
992904896
327120575
577362204
447414657
103714959
778543478
243449284
284898254
726855864
58518891
92074161
632496540
245579020
358456967
178459076
397736014
80935405
811308138
96600334
28576465
971629038
334740215
948036910
841943022
631953919
652671449
187371668
27481436
207920278
173650325
493983620
310423013
703571260
266113638
107941367
11854020
346534810
413440527
16263345
423049154
22367885
211471835
366250137
271223708
703060086
346177869
534883607
374011183
482663060
38042767
892291799
609115514
736359708
463311352
60183053
62443413
696779852
65274154
118305713
986290705
778108575
16119944
166140948
9620600
178234793
667479658
186369138
418737323
349396866
688749981
318177957
12454244
675053806
592892013
204139108
227825230
833831582
426337414
594882572
196248619
3963784
655590555
310852986
116642134
206633744
460224284
702471114
751952437
120297020
147205841
165739513
10681368
3429514
779396257
625236475
852055743
591785997
248068123
808769479
782560628
144525979
100341059
901181916
382422597
185993822
919218735
427128652
923242349
29737904
105336842
282978625
12710491
353627648
259705585
199256747
14963487
286316461
518404737
828887149
703937269
831557130
596266882
280497486
513777951
984025304
98118269
992421685
598807655
732804471
153434805
421028810
295934566
10833795
489092895
167900314
656303714
330257282
151139742
481729050
283882312
471887230
590405278
363814593
209476085
686554940
131162484
64354214
652929894
329910780
763973315
128806485
188780841
50854047
970684570
850217801
896147757
236842888
530066062
278018996
251818622
938760100
901513749
942071332
384635702
299315202
15750497
159554542
38031234
34349962
52207044
121026177
120093251
163934154
800303954
237749053
849407046
170721119
131609516
132240026
389417979
848090662
800833490
4524887
243295907
453539157
424922217
139907128
70824982
19514414
528903319
339807127
739047234
109351736
234757070
325715394
960320604
967271886
974663710
609193310
349108973
691960753
940455777
168976618
108097508
816586126
541179252
965331796
776969712
682878732
125361627
922672040
365901281
948915226
235315572
20108015
215124055
441709557
32074192
349214986
387930693
400455726
185824124
903466704
714817102
500767284
299330213
716483636
490412823
161636538
291440552
108228810
30528218
493415693
743589522
192227123
570983802
203546601
565648059
274349684
465385169
54353350
930527635
69924563
344715404
501117951
913501813
111994287
133607450
564224875
164939477
151164040
243557715
256486257
123230014
781183044
86923008
296410543
172555067
181540311
35524006
568371090
842279390
586086194
177552492
397395213
359502407
404727648
726059122
516847016
151948012
564689283
223768962
469713084
158515059
759898363
383673081
554247535
28036500
223104717
255763829
874476665
420621769
602791742
83309504
74317667
100165513
328708873
322617836
185101
589961678
680357422
491404236
846353804
453322981
203805155
348984967
93551171
410357735
33177329
693856014
433046802
466614338
386222843
623540927
277547454
66752480
32040528
657945338
687254198
438098035
685551348
691781454
405123441
234012810
406993085
137402611
27712475
42161838
506878543
74384734
193304922
325278765
118911135
423722418
714918389
810316071
2783448
307040081
585565392
898980364
270619204
727854261
957680443
124798791
515257639
164763128
414185038
83466708
654861478
104923645
469122364
261047928
429497975
311532627
226814953
211179504
262022949
224766242
285784502
255632132
590910452
63851487
925924378
736358679
523617501
588433894
475273646
10873341
70907335
708242923
587360048
192413564
658202982
741343333
104218248
385130738
271770037
473133568
78184922
924134675
288408443
207630406
47087746
78972254
908556162
736080074
389636833
261185790
176134748
687544023
369866081
684314966
294980892
289691012
106755767
191438443
246695647
436485914
549036894
776424935
985459284
132635447
472504418
633988361
212927392
165376245
454606791
210268211
532167549
892521257
263533352
516592288
947946936
195790311
296605412
960004124
412682346
147432502
283093811
563859558
907425788
255905006
581801478
971447998
63571620
625468384
808458286
575159434
42972003
487502553
88422660
923159613
315076190
436687325
294086077
864952144
844966264
289504304
940861278
184995674
790804995
542122270
704194956
797486415
595858518
314252815
520210188
581955574
11936404
472880132
435759062
786393432
801874631
398832933
57120055
595872140
369537064
365080649
558888088
972053682
400537054
726276866
71427727
357060286
674963836
350678946
249029303
267839689
851240094
101172357
736818131
341278373
50062290
289139817
653066456
853380978
39871611
459412390
216008282
354613768
568247308
282471184
181464915
457411566
86526025
101637755
252292991
122653100
803660772
793552598
694197948
121472262
188411865
846010305
467080350
176449839
160945317
660897240
721573828
72938208
570230994
907032392
169449639
140450910
297926138
755492676
455351248
257379571
415746238
755437942
498270072
638511429
436984406
724527086
60792441
370674556
135300419
683363535
389055472
832852460
818766264
103455570
381477789
17963847
859465433
479251458
385594430
462975446
754990896
986195494
76828202
236256672
45516301
656825985
960966167
28198081
775139644
58109658
240947404
51163846
203652103
947376318
942347715
857770439
823547524
770823306
792118749
828974560
32882957
412538990
779128074
379928266
212824280
982676014
618369300
104571514
611576894
318395911
990182695
402983802
661964255
218705740
51568906
539095685
891204586
40458488
488652005
318994063
821290237
308374813
780672348
582372588
14897185
450715760
792033052
294906048
49076623
76007767
168306959
94471606
842727029
211409931
613537320
124808350
785426371
181313788
571896866
911510405
881858435
13757371
226696757
79196175
117783049
257443683
840564281
466734120
227788209
437163494
518032615
483997212
131747682
94935698
470813388
797830505
16164347
253641356
536855682
266704575
175269153
379025273
127728444
730489340
990423651
207203733
499764774
661906904
724703255
191022217
530177599
498243011
801592729
239864195
754453785
106535358
285632066
136315317
220079165
818906761
39113895
92991724
329609603
58926108
8368802
920997584
390727110
46503306
175053566
84119732
32586522
117185678
234788769
263875386
831076510
54343074
600210310
72292542
339164949
363988283
273465668
290814462
708014622
428019630
408635221
936687074
904989831
73475484
347355776
489707054
656518695
365623114
25665962
378601062
472490326
453892952
200860463
123006653
716991098
418107728
370115949
322092141
172759557
386492698
748731627
348698052
33509743
518417064
140585497
962666327
303142876
402728784
684030858
816794017
82646042
948465596
374518371
675840640
106218335
60214744
665154804
608254127
908760605
713048199
768694816
472585303
561004162
886634602
64389588
23382950
73001475
145350604
85750952
262811058
225122929
775464036
554883392
141635312
554422250
490010772
175545827
11296056
89646123
275082259
101472432
584781908
137744139
184181779
76762661
188767700
415583
410394669
179259985
161343167
641941001
416077342
37926136
978889643
840701046
838955630
133942820
716727326
206062146
74766627
131017089
574841415
467214578
227621868
953440327
157234119
95179271
166078206
544923586
682451140
431098120
709351552
250448120
881810615
974970817
510426384
509256795
864347338
419797474
50413116
230725670
463649189
209751048
600009078
772483487
597731457
339523055
250995855
114646794
66230571
764858066
174677745
628651659
17792657
173431535
321002359
533290850
381746362
495075828
1319855
289420400
610994604
491431084
42500435
76148236
42227078
245960054
212761320
757327674
188704493
242001770
209161212
638764746
237611073
173271804
441187183
864173749
259961538
219782935
349780612
400247571
234241419
784749706
61091408
952991487
234189509
970073486
951286944
294605057
533381203
205669291
64748014
429546827
455133051
277870988
197476427
208434008
697045847
505849542
29675348
323614300
570096716
203981049
676722715
713973097
624858281
37049823
203813925
542364590
829359542
451504645
40616712
714071855
608386237
354132965
699979294
275673951
145270878
767540694
149352152
674717923
42068679
977523249
346195551
890716772
600565091
616209137
527990675
66952593
297189588
154670178
151509347
342004423
449579338
738918233
385504824
581514279
875852634
831178168
67144444
45209805
149629462
764174515
12423199
792411832
428379248
563369412
968428871
312922776
922251403
78492275
742639096
662722221
443044232
495732631
688742346
315279978
424715420
846576207
425239316
70250477
722393932
739145951
101634385
785199542
276062512
396381377
167117583
377729519
924346818
353885053
323978867
609521069
282528490
732719058
45719397
742424741
101099131
944779118
990279710
475374106
843221163
465167330
239242226
181676550
164445982
95108849
74503040
173427143
281719646
403828971
724288008
570605574
286691846
94825012
53567400
22316626
306867236
118593131
808170928
973898991
489960515
584752936
431101586
768976620
740627702
56355162
960893132
28118877
283604057
89389281
19606707
551393486
692815725
47404184
183552769
73171688
551914642
49387046
475207943
142380488
301177907
695380645
890695930
328694406
63566392
827464664
419637677
831385328
194633242
499214370
867305293
973308888
699287794
78781820
162989577
663055357
458456548
395320616
770334942
200314351
121067014
678616762
754596565
441149678
174128321
712788752
8647168
765504883
332283494
292682974
195646460
176248233
221884414
272748418
619682902
905423564
747422106
807809003
80242464
156870759
412534462
390657125
462471704
880579643
576483153
425631084
59574437
437829181
174364883
520166904
114291937
99004845
524887975
182648970
508402625
11082489
488809012
308673902
33585498
115301938
495302353
60913292
166960528
322113632
301367314
577762744
573993563
101883030
855692312
220557503
681798896
903700327
268335786
777112797
537157395
712622248
152310058
437310851
354244346
368518442
49246179
219326117
76524822
634961563
172559071
318842891
672309016
294261979
160449044
204948021
99496644
430665368
657543310
247821757
304812642
236700930
379245404
399019245
132455025
967867079
685844967
659431704
81620636
612462451
178607490
126005484
834390066
547334167
664029522
111601028
111673304
173692196
226389430
240690102
384649049
713208125
202586880
170032614
54110467
257852214
218099340
601141156
895999330
770653866
968853646
785136601
861758833
949810925
731142789
597805827
727947892
555852707
50826327
405218218
410629528
935053657
119168392
577163098
584970099
66139605
11001578
336114836
815142269
3796241
11066841
906258969
297569292
216146528
282984562
380410076
12471596
795188975
60052070
377972411
68126791
65964562
74902085
936424514
670232880
119668130
539305833
38944863
107224897
459582582
86890889
80215873
618259489
100169478
918416372
482361362
857044888
77985058
598855220
97045469
583683732
47151012
237116893
312257864
143155460
751198893
217451127
966727712
71765873
754911644
772529150
901876263
800538759
239233414
949996900
150499445
767952821
817123378
118561358
866536652
12611133
534459284
453648706
986616254
242081952
230291895
474339629
312445504
843665436
902753525
38655069
119729542
462721325
989833141
603409807
501781475
444614832
11769170
729318422
812842992
665747576
89756198
26406567
37604456
740399205
236183940
794562919
968601662
35648833
160318090
112144230
233346654
930055624
289045347
245149880
302069391
909716298
209921350
415764844
9309808
30769882
104056200
350750799
634953527
31929433
51393055
642087152
67782104
337061531
659876059
919572878
858763077
351232221
245193049
236801461
146806125
805186284
453258544
690729615
776822615
330261531
696191056
783485771
65235393
208841636
164153728
377245524
652671897
229394489
748080524
892077646
862772019
785012290
343980260
489070538
830968557
145731996
97690990
824031492
318399261
901987546
119626992
667511099
830160659
378595982
159485870
673979438
625382411
69883522
459777792
256312805
10247847
91293808
223532880
228099171
117985951
399321053
783444622
339461508
322136508
708946486
491946144
644040548
468931906
196347500
522940332
345555188
667005510
221779750
636812213
289296
867263259
218161386
344068415
8099792
863463224
491809250
243705998
893917801
190400885
52452590
729356613
967845133
283246986
7626204
741140630
731214684
239633513
576898394
478318960
709352548
571059120
797039580
1071878
153253569
5246593
147767558
117168971
698271810
878577107
56751626
283151718
600184205
957839831
458557323
978849656
140593975
803406044
794255391
529256155
462570890
737776143
88432012
183539831
449987748
576537919
405017056
974630036
930176049
642697552
34314016
939936101
104351348
441489344
71811869
754183852
439725776
559774724
97177341
889171670
490568238
686975354
506999203
346928884
340156956
381106188
381119929
382183363
617377964
281550090
497079377
207036529
15019972
954015132
360254808
375592899
466647736
107986808
772367220
878131098
747888652
56122232
118291185
585911417
976741061
64661834
867463192
977137788
287487959
898605138
656836221
207530881
194592261
843694650
603613897
855229125
11090635
642622520
74937290
826097086
523898021
29597682
40732157
307714904
972658213
312626903
877518069
304867762
639579091
224295872
883971662
235342978
462612206
898338226
209607202
353960530
738590361
738534602
748782329
26162467
102588058
826560658
420892003
55902243
635757212
480720949
34087304
675623254
954091621
238917163
962895214
70002709
724580118
655255309
544558587
736604765
200778230
264820279
69954426
6904682
808372770
405470541
480762662
492098586
333476909
352937788
254049599
529371832
664683638
917362670
833148977
597256631
23859898
517055701
38294969
707419975
794495519
115814274
48309134
363019350
855141529
149466602
776795853
553220154
375039017
175668243
888579416
454563996
798182116
989977221
693003048
605716742
199176001
72541010
416831518
123599974
438957978
959145562
711664233
139584149
109611390
257295924
598506622
267437148
485810883
244254820
579794158
103454189
726286198
320287308
220020777
904988997
411670324
45520565
942017074
885244804
53580837
226020590
224196903
314816207
381119340
851971688
911371417
962276774
544203284
527138085
85387194
68980904
443733088
123536058
294192528
696152555
538180982
316772497
136059510
311162712
820820284
256776604
546530740
946066965
128992178
337213609
817609487
237268037
342218805
91542005
311220258
104717522
201152226
118200395
48262279
686016789
93964149
220351101
130453319
215469223
981306603
81507188
476403783
805083956
37672664
521880842
190761084
698983564
926754421
964882265
167569078
911344699
667982467
831508531
612522099
132996672
233601317
670367199
191959875
32664094
765708156
426799204
346986102
23090577
875500728
14416333
513531291
153053052
125404442
342746421
741346512
169891390
496200132
729504329
77176759
539109990
353664796
488650657
952416829
49185485
433911771
230576469
626079415
26653430
448236941
216478230
888721864
314939981
891415993
247218363
687327676
264435197
300762454
171852404
345703490
42068130
800577704
797541347
43658
35199981
946586266
750424847
262702821
904970810
612437526
219496313
295011843
75133276
681971220
172852152
722578385
20675340
141539169
572747116
779004921
453731653
284850462
395671234
278402662
653835156
276011378
689288542
60282477
124029759
917467996
915511510
333933141
573040891
319926536
31175573
704496490
220016992
497604586
167275511
154340846
147819876
631865191
258538145
459128651
414335412
1911179
273224544
123435225
391164273
107216851
29060205
50465518
876754404
668711520
354753882
322095641
218040200
671638526
767016670
169292883
154546475
732402691
613910533
209324523
668754048
957564595
547815422
154354125
109314048
674316825
211521450
378769706
510618583
338604538
322891682
391404662
966305461
686568911
433315318
426477681
433275885
211582282
976389370
323760426
882753821
66810159
758549347
120905480
52100894
131400488
872965928
521348852
244888612
34526209
860338
877102395
182216236
355095710
598638597
320575304
754995702
575562633
108759192
362572156
711425450
42551899
158048060
918795814
870177296
813000730
344565891
10341236
274176446
765820075
437428893
182381735
505715204
728704682
49811459
28714188
979233250
350852610
460183576
51200376
676834940
990689625
810812371
602031183
191530513
943732477
605049471
76849726
556470491
258518764
451483753
852627619
153760692
173604779
200276416
947672447
837842
983434783
794507778
678255288
701787548
850700469
608323492
195125084
871422453
626361568
134733906
431316270
53059465
632222275
144823728
512200169
112307680
93023187
143554155
777123049
740575498
474387742
910896638
255685774
431704970
430948652
346418838
394015144
132399647
242592222
668748786
294988997
793130607
918027824
509931990
39353047
118914981
957719376
228424962
903165122
149997670
71164447
2825383
193107429
398405626
430264465
59029350
255274569
112304474
631782632
548616010
461634914
366030161
315431554
534535384
126679396
374526920
353581802
824106253
170820732
219379450
152673062
983176624
192242202
807581680
477308846
129143960
230442550
969104391
421484245
44842540
703660240
30588372
246729677
787199798
982693280
812887058
189301189
474993895
391319242
685471524
143602171
730742860
357376350
775315182
537249616
472297482
752622048
180492580
477188901
71544214
259686698
40046810
728563349
920413527
818206875
751084104
288041158
339502344
349169086
364960248
853414552
138137918
427236893
736868919
858443762
443283985
343562221
62720170
53992552
373738318
378444712
185430761
50590239
568886286
853428228
198976695
742487614
101308356
184061416
22890036
299605425
224484090
639053214
136305934
722664135
556933652
883926048
647117242
204371455
280731411
592007998
898648935
353632040
747051075
671254850
156798509
699227768
47719172
88023425
541520825
616479555
440488218
681032409
372289217
337040207
573702489
188547993
599543929
627255792
423161310
609034748
627957652
77537185
487518309
76231493
865336163
430677168
106251194
420396814
461289644
813460687
798003330
42296312
97125451
213877200
889995846
691061668
448079967
64012141
291293152
268870003
801977340
934616619
934651023
531092493
30034198
978608793
531180904
880787777
114837027
986679821
324554250
2825246
991188079
940018827
526201055
128860027
134881374
862332934
125109575
26128112
50734410
119302632
152287951
562815792
834586234
118388330
658028773
71543815
259911837
124394045
269360814
926423330
231903344
327255105
666060680
164792765
68403705
78386422
218295155
987678004
663141670
854268606
960568199
28546989
253087778
922511676
368607396
986763524
174503777
204350803
984344010
374439628
570874855
957989798
362936887
639205178
133618725
699170939
622777146
240556895
612793764
275362469
434223333
393528980
890537509
726362652
316624355
447659543
375607086
600932038
545650974
140887336
717572826
375629758
506572479
515532767
62880538
180505884
220510854
370274050
694585466
438535219
590888847
915987298
293923746
275753747
413566427
86404352
900224504
29871880
785813714
755997558
672039468
899683176
825836038
273171792
548191471
502198744
90278719
221824878
882959820
104735486
156528138
286482290
869478786
260496386
202677159
187214545
90891884
342758437
290403918
360238328
860713948
96409635
827797605
280083764
538395911
751362516
159322333
772307492
33905024
388090566
149208942
65705732
975898274
948347830
48179829
116205354
905139084
879484273
5654874
902439584
593139812
772824762
427032741
869052293
325837190
345863393
435176212
611208281
33245796
116962511
194257449
141903229
300537324
18181374
103148527
14047954
816248955
172219955
635148664
104061072
318290617
975788198
927478779
426844370
403740241
128464378
136827014
124692588
362634534
131632338
949652311
55487937
105427655
45367168
354187676
100159141
913853528
110556435
941488510
269096507
28823756
191794901
725805289
245497615
582402886
967635708
254102415
289071201
882380890
405193749
176665242
99428709
6059311
777424251
166663449
389682608
58502810
910113025
981426069
850462059
497493099
3705189
467262808
840476316
230043930
226081466
895844606
604405200
54980855
611282649
722428184
272454401
745628611
846077941
195540617
35788223
2452454
31171791
649810294
941978949
1663794
960071825
61574178
276664082
701109746
424078846
112571951
150153360
249939299
15545229
458816998
365560620
216540862
8785611
264073155
267798131
263707434
534537400
591632195
547961096
521674958
178567272
831273960
244572805
271441080
172618130
817143925
28709778
292075631
127593877
927529203
543119166
595171889
551587335
25053585
250944835
360675132
243401969
381047550
59524446
697704797
401599032
366887034
365110415
356784859
303198794
768695412
323991876
891135083
222180542
334813453
23644121
290014136
278135042
547662672
489978120
7758714
301383414
632235327
252175124
293558973
919800605
837244587
257383879
212377446
3356621
354931717
110587641
889254222
29809506
830995659
126305718
110529676
311626023
621239333
8894468
34289345
125495906
48312618
527783280
330808285
484891140
303541104
651185525
284072044
71781065
273179302
739641697
828324344
93396596
233918649
626636528
887670959
126549580
153216099
102918507
42729914
490667419
628246872
111543030
676285674
211040694
847157134
213990879
215095476
222668223
801505451
500410186
176238415
850258428
646275652
90888386
237063075
743824912
434698412
124602702
434810408
950001756
206411108
366538984
10837169
37517594
796385403
255698022
735749761
831332825
237017708
754313060
41428119
274452369
936218263
80627138
14553720
259839777
283040470
403158858
842285884
674989405
531032616
150831179
23319828
337956286
362253366
856936076
541204578
814429836
747520921
946163836
949697569
342609002
54006736
524488118
117570553
126707133
969293252
275406646
39770512
232361915
680552922
722742868
218432015
904019286
487065652
57135552
914005124
284331642
63317518
201339226
539801714
458960258
934068996
272466947
207287608
19412013
206299908
971085510
158664083
332361167
786097805
397990834
158630917
485573108
166445156
46887758
138858746
343109853
834012443
871161664
482389650
96496258
231372807
22198974
460345868
482102816
151848033
724196454
200203558
305776582
222931497
56103535
579915817
736748269
380669690
930812438
437085930
355270957
389914382
410913602
668754361
279566354
407118289
15344295
776587949
465318860
299362936
415409828
250150448
205554213
15659112
779427472
414546734
271912709
407865265
137548765
283411803
573819314
94239925
867242890
809456796
141360034
105985568
959820445
895575114
330688571
228463879
479639312
736394810
284916073
194469251
431979993
2686805
135237825
35786262
874405600
320598642
843901049
580281343
458802825
981906779
825249066
511914329
833497053
667006419
732209960
10362440
443415471
922192271
380295966
311586257
328965063
205719012
628779663
871288967
114582672
73513617
91985795
470560093
46356716
238618578
496202108
290948223
395759946
89152271
694981223
822103491
397036564
823406621
30095596
122157170
802969317
37979765
322459818
186054754
747814666
25042189
159095091
57813155
652515862
262966632
95262385
83075657
516298038
133555634
572181092
182470354
323098853
323927236
602103579
483769347
39241697
647435576
268950801
623865700
468966723
375461410
45209212
245868078
653188529
843196880
203541214
893747902
55032217
222676554
149215884
158289313
467331419
957322675
56924428
284765992
840235918
372347676
92626882
600433260
449025436
659570891
114117870
151533265
690997356
973916353
911158984
312051208
26533187
234407691
163245326
119324723
975612906
206648323
353878114
114745292
276586482
947629704
445949620
645953871
589175298
666578954
77390716
51237470
536411488
248979666
48693381
698716810
216657834
949863690
69818994
321413271
44231649
600542232
569669604
756608065
260427028
637305922
384047274
440152534
247630037
266773479
152272394
666540448
120540680
460255320
349875916
618636723
540269358
226401260
90776848
23873328
966287074
677182303
22660771
677154416
127369250
839142587
654896312
449975636
973303521
915047824
949606314
260202660
515535695
29926423
276046342
920915076
90280654
790340760
227820244
972978914
178203648
82880933
539644947
636804748
799984348
645382956
54873376
912880402
398373356
346910441
227303446
161917695
496906971
90707547
638890921
60928329
396708290
210054200
247371053
808371978
629911535
954113506
620955352
826141589
207546103
426232954
435645102
324422911
30249100
156470666
70033286
666347294
681757813
168012666
455107157
32323023
55825495
422311915
510503910
796388504
930263644
296131058
817542144
77148311
164152153
393185000
941405155
313801268
478205462
991898836
517976579
291544391
82087620
601790114
358175389
202475846
610363215
432047890
205258645
507960608
538231139
372157816
466193913
96640437
60406514
630095830
86020535
162756902
129315773
145402679
757996657
575186211
974544776
963029131
337201084
397092008
351133020
329902848
756937932
743842381
389820052
286875051
66073004
572931403
67107903
157730363
75522152
927592998
605679589
610480950
598471421
532307007
517789572
333103155
30786813
491437643
246752027
225492644
282661367
605976590
762038802
256445312
459712167
975941727
311444906
117872345
914682474
38161284
79672173
496151916
272843564
63805761
402643410
364275638
160160885
953997045
457488475
175691641
667542586
811373694
284060132
280256171
397673052
128538420
179957389
118996637
282449755
191507375
401211216
57602107
280528926
551746672
177540893
765404491
381108914
901113005
101852778
589793520
128976488
405531093
152683528
75233
542087112
946476703
292260686
163387239
467597932
196338348
453342096
750428433
149677299
754460883
830686506
788223905
702316850
165572337
188361103
373465462
927742998
645755239
29042062
865508746
549508626
273759958
630045382
512283868
384196314
479183978
432394569
760662347
638257893
17330311
273916043
438035332
804134728
331547145
89474190
139399161
26593236
72252043
268140440
598104764
781621658
204535056
74618630
187257594
369895823
89327433
33947332
447847678
775165045
956272762
4745821
471714074
50894868
185999175
668331032
993432334
273804232
270476261
91505458
713507692
874004888
19765872
998142182
820285179
15542171
610027074
995264268
25735276
193739044
387522652
436111039
944743811
969714284
159909450
517989654
164582261
197673548
339352928
474321618
100947777
340333100
526632344
418080378
672442716
247506712
10410416
722416463
510986394
481162218
484602875
782299206
319014338
713028576
868942810
490323026
973353689
401509385
879838496
318935564
175280070
843254968
657575684
871237068
245465796
557858417
181356262
359946138
382024406
42949840
308867404
739817403
343477047
844954575
523123634
84469469
414945369
607687739
656575579
987728706
17410698
273355251
537641335
78774290
598278367
131947314
311451760
354046314
493959054
227798458
142342206
888696760
31428292
611026910
396886622
470529140
646478481
872096921
186659099
587501013
345680935
13929590
83176604
301243548
627601077
112242226
916339014
337678723
212062969
441882801
810835188
928148880
783839546
859059986
527509930
195234707
498403725
273591972
41034528
225797788
622634840
881472027
727329449
203190895
193016872
625607739
82983416
145395823
899548783
976433699
415236449
859880295
537277951
531198912
899072261
622452162
273736389
262025365
2074551
121253411
612712636
733638620
385705635
756021744
669116990
426435464
958557616
688087232
198857292
409939306
916066194
428099592
479652880
155404325
84092071
359796697
255369284
279100658
656351890
368670158
85657190
167425665
515443348
474720164
115170304
934662831
394494606
388056794
21562878
80581306
636824892
93843655
730920806
934982633
986946281
5151655
700202519
679999457
142051654
220696923
634939955
160304703
273464695
589521564
675114981
532780339
594917433
380748560
643022186
424053540
666062880
107562958
218725051
375654959
917102583
262445430
699860398
223221453
400697906
594638625
190784794
216990964
411614103
815657028
727179059
600046025
635570019
933401259
65344384
167562
245478053
884471599
499943560
203215058
99465088
345621228
225388883
681998962
728528940
448246305
19338676
34618937
397138886
10184855
33442988
918234954
886929845
522085210
482477974
66089198
43830359
164435762
71999063
9329856
128103801
813972574
276015928
133228091
243555972
451517397
468940413
275528473
708323597
940278597
540783373
221415993
335742536
156272243
983813735
59759135
980720714
324773438
856943055
508574280
265579529
265291619
390564186
492583834
275250276
736045546
112303811
362169599
960181663
156732476
928351059
434403250
114307148
588758033
465281034
27002355
425805434
748937306
227064989
112072333
967801595
852826253
268759841
43653370
549490862
994105886
70007532
166135748
187176485
206145242
609980421
287120204
989315222
78484763
927070390
665255760
131077872
354902168
566168134
41665343
77871389
596267630
880176334
369792587
20743482
303941854
809871328
221719214
355155466
512339633
499361940
27520420
257224144
72160346
783173223
34413258
89246870
192810634
397044072
425192525
957825408
495794308
130199677
974304584
764854415
139524058
661204011
19444155
314482215
241046377
441320040
809634187
44254322
72220729
612945646
885983966
40132030
369014532
133857614
761826400
641731657
347977241
592965925
783834033
526379939
190627090
988579730
372739625
965134843
370668608
830897615
932708670
953119313
803337060
68073321
250147774
206072439
240093938
678536972
774388109
45822107
8893125
571437944
366731144
708764059
275593194
234586171
860303639
60935986
964880445
173406691
243306854
20338162
658473612
551701967
217853854
401919597
368151941
514067622
623722304
681285336
487946109
837062895
489470017
347229734
779175535
457806470
649891480
16636282
352151504
508717918
995937759
289673614
464041182
408270594
301650168
191187148
912205484
311735623
602937898
319739169
173864358
649252143
732348015
390671826
223272512
192063567
464831623
521813250
746969795
412616786
775669681
167320331
465288125
117896140
149584713
259778642
437243307
370866239
122897192
425300256
168106009
285329355
256048427
763336484
829995806
455788167
397741007
331290340
528541730
28405967
42138717
309428088
84208470
841719052
303124047
105400408
12956978
546025020
225599148
820116098
187148452
5641300
52296076
656529498
856245659
934769351
406281734
672949789
369688955
569476612
244610786
115891507
744385487
172907163
31284097
94163779
221114501
619287482
201120966
463402601
380322688
744188358
810995828
501097836
231911357
218653222
477164698
36574156
237123775
966303599
355554752
334479360
336573962
144015156
725992090
819646007
122786667
56591531
262372108
141391674
202999706
531947064
59073443
27330612
116445854
463414011
950891627
273168922
577892616
575546223
593006595
327342792
610611052
372684586
253728970
452161411
42055277
368174798
476463274
956546064
899105581
123708638
106305470
23882928
959257614
180979404
321881742
260135715
100896169
57394456
129712857
475090001
217661472
557190902
194574134
44549131
362459725
357050442
385282589
875914254
152871577
236591961
253696472
814575744
606724253
129407828
69524100
117083683
529876636
366528820
941127248
997962986
492630583
783078619
241673638
158029883
618540955
484399802
71141006
336682632
844119704
25369078
105002681
1448359
9984149
154401959
727502719
532367266
443273575
796055019
123467731
639201398
322121
105808453
354365330
260874236
449632244
945382584
45075270
518700681
85321735
623238612
707439456
78476882
722988785
414535364
523917139
480277299
320073098
487751706
820918692
953573348
386267276
812174862
459764266
491340702
389775658
302632814
96963916
262005550
144886826
265710802
84959915
928021118
909555022
111801212
647436891
214021480
162652673
286857158
142018043
707637953
928181698
145987226
567913493
231205463
504134652
516703406
656247519
42770904
251704313
432407337
119240878
474894850
824657188
32077145
159752632
96292888
123833626
418334528
834649358
464688743
275598393
680070820
387121889
399279671
564925451
832574109
735254180
51997530
559823772
266444827
110560471
6219700
647786082
867696069
432999565
964363347
561101134
17437404
589530303
4409746
408801266
588069211
687530375
853352174
61096952
495531999
406418699
107536758
222084713
63648916
137062869
917788074
844498751
120533513
984076349
364917557
207276604
933985072
529856889
935300972
497016908
887540970
408066396
431024134
7504366
639171739
646690760
203015984
670769082
55007978
544975979
27207868
879808686
308771917
825868898
669224182
720067723
793224524
623221961
846027431
141259325
7783748
280763671
4782067
723030986
612091866
343332276
916134983
15901528
480202103
19198770
696149086
769947522
473216344
43844636
584184229
966546901
564783790
126395403
132065300
921854311
328857718
923721609
20569545
884267238
230632566
531065476
561814284
225771080
217379787
668548672
88130371
79487519
666629000
951095646
520044770
915785002
6135735
35985318
412394902
714360448
98657746
412361637
214169352
785999053
88284261
186458597
677345123
985846884
755047680
506885015
433673913
129228030
67066591
788339236
438703949
437339116
169432214
344823973
448754202
841994686
681802870
595760722
898276088
399252151
253594744
4025766
449833706
123776792
23107426
305091179
927870018
734618024
990227246
327850152
14831736
83639627
790073525
590865316
36281760
860878931
936622084
552964134
36051161
508870871
710925017
165920643
373201433
337250332
749126228
260697206
64554116
660282482
284633106
142598951
335959808
370537974
183810958
690886473
802221275
984807984
613473403
793448103
900034
68675168
128384606
178902269
40820022
718742098
668792911
2123976
915989630
532617055
410317925
103070504
853915749
756556602
235964806
86997111
683022619
86125200
132875435
381386784
136249530
384934673
256574538
173838403
17183932
42029470
129345353
24829850
365799555
31453555
137440262
631932230
81260610
5441700
165366449
737070631
65756358
449139393
240937855
767952492
167658901
814438396
303942682
720180382
554352610
942478054
302974803
175255010
716014743
578670812
133118047
456487687
185866560
262409891
490888249
630853477
98353943
955453480
138958126
600616690
143367136
212009630
497018901
966306069
173941401
624507104
436671814
551178210
838077722
497258004
906154818
128008042
931690761
200385603
598052863
36632014
783727335
45519967
916307620
60221457
261361478
616900877
720863075
116104620
29915357
360668042
67288359
298237582
242653103
2946884
63148471
230101743
825529845
135846959
335005134
19599198
775537312
816522779
175678848
380109480
904707257
54052565
499584570
181410666
724566247
120801261
499687063
176954911
93199080
60067290
679247963
43962200
932873295
109425189
857551308
225238183
851364325
138319228
109080895
1079731
464877635
505271688
367147688
639588356
241414738
993415932
518171805
308047950
200352553
26739339
824428164
355385598
836881759
128714642
261031474
840017988
627303232
625442187
746059419
86044590
257081300
397554550
347686218
881324290
430231433
350551477
719325453
62836872
111202833
782762428
326716757
53359314
662603216
985824792
320507972
253001388
190806581
887829833
515867510
203612000
844011800
69242279
903472487
11178436
502679603
706292591
835743893
959327628
17336449
865981406
99498560
901096677
341044487
765321509
13963276
777373299
481182978
715479828
30886263
302030488
136304756
358358997
873701152
427209770
947980503
710969334
241431805
395364323
401791191
395108570
154261672
420096031
25477474
111732962
369512658
476696661
166423587
47794050
896182862
740219938
994228702
572554594
734359852
230226248
350536510
435385192
567155625
446334922
643594059
29124075
261468176
462057125
738627968
294465911
529390563
212341289
579799161
939213736
224467964
18985280
314918340
393318765
952972523
704828478
476593446
391446653
81173864
201929108
370253572
721318545
24347668
331481616
169542470
577952677
385185024
866847929
307472639
343196920
768652334
438883628
186041852
992354993
88941588
402881460
908502508
16661860
262154802
454066420
112576092
403613511
567744659
763644540
647251209
63121904
494366748
613646044
354005407
199986816
124461379
808988669
596456532
982386169
818934955
110053657
472266
950510365
485390540
553145804
418321812
149218590
137665212
910142608
689874469
658319128
162757549
179505060
320760719
170897330
134611163
331485600
925766024
491201090
556374002
168943168
174262264
528186975
749299101
552520622
371112120
201457344
227444095
513259381
151630582
160975334
316426117
51012924
98805529
889988971
72443339
424203985
404058894
316781692
422493862
31749060
4005899
786534602
160328510
484162045
139878824
128215442
96973467
291607690
685018644
372002000
972882236
784385634
45026809
349285975
113037617
277273027
96866833
384266406
284932404
421215287
134632440
799163496
741094208
913695793
17728690
264642350
238655570
42877808
239897899
867015280
161486161
980966003
29380994
941128167
502122169
385263357
392221247
279537228
966673581
919191967
112800749
464506118
757857946
226431440
969197490
125861405
519305994
908595674
525467872
504596596
300058825
759673456
845208324
990094700
215838725
197322509
142567864
209039305
416584425
481195632
76493366
504133690
397720074
606406053
305771584
484197504
608320141
967270300
585520679
456321832
173975174
911001856
526064331
764422947
34500978
239964232
281431727
278042620
124222099
446412596
393384167
141978189
797138198
73897484
46462578
98050828
517311374
142446915
310117875
992082162
424090537
224053467
331496964
34579530
394154333
201204832
490879677
140324521
397809109
809473331
122037420
9071975
984273214
572787444
693928249
927761722
5542385
58208127
596322977
256801655
786901461
388474036
305842116
288644312
113656197
375880147
239120534
12687257
467607365
692457490
823030361
392803350
649599767
606734158
135568752
65908207
175229396
235040856
105193233
17039347
896222799
978256162
876313691
26906602
83162128
357288474
147643169
315088659
932485469
258311134
216879146
366815313
249041352
917649534
541766110
19884480
119362203
177357462
761350560
244737588
868923053
441901118
12253519
14553805
789568528
677160229
292940002
176275669
10490298
288186041
105772692
878138200
50210126
522199615
38851130
574651452
888306045
144191855
102127335
618803155
499151413
353171940
284864014
196980158
241644180
304474477
53845028
841801812
516026597
678746468
303045825
148016480
37431338
675124636
420199773
935526874
30484198
439001655
776623526
640527321
343131501
267548162
501541603
8568671
138599170
892145601
523551612
252848368
475368110
783979625
423672316
551950222
235217494
406919924
389193760
5856664
91982237
468791003
365610873
830147740
39091271
424814069
619284378
205233480
821837874
140005278
933969234
960479368
828425964
976215299
908771589
754370258
293017074
481568762
420490392
919629652
407066955
952019096
45677531
510215761
523268354
701398249
747054819
777220724
138948509
684439602
273994881
965916258
355252491
945181248
135509880
562131696
370935121
76194965
172474365
158756305
769002890
954145491
491383665
118226303
592029150
81665590
301803787
40862972
180016106
991026128
314237874
980336535
712888454
43144990
895005198
802305467
419055225
115846691
662736335
645039740
119812887
478049991
762900524
462425014
553510351
9110490
843456143
420006350
440825186
486028656
849707433
536672540
114089005
304674865
970678573
246005750
528514027
953010343
229558107
592085640
143770173
264467682
98785826
930579313
410186855
238011395
761132362
841386585
46921088
296555727
280517182
621921795
758695898
257188485
277755817
382742963
832920689
653911023
450151921
663928771
912980363
647759088
982384937
365564122
744780688
768852648
862992647
158203745
120352166
838255339
688380367
940541544
297627715
826514495
808669572
940965223
673295152
379600700
612505040
507061716
788170130
450458804
756960968
991029193
462621109
440011679
786935679
16656128
903382097
972901580
844478618
102487986
86485084
558280037
4818040
568934833
973794442
829363847
67419732
804179549
341757393
36518862
699546587
280611163
339653996
60941407
605514985
248906393
500530161
312750995
540795740
320272956
68131327
42213227
35077588
136416532
839006996
485069934
574703366
58095656
903928178
345933996
996927664
26086182
788090284
774900409
272606722
480965688
123882517
239929578
322240956
113442062
242343755
138478014
819060877
185574927
22814209
852631317
283045056
921012222
861059175
850503556
886906287
278286711
419014265
405910488
423024224
197599668
565758325
813568906
329399530
724266446
146288958
229415064
394404390
303498645
184143513
37126235
282994182
1727004
443654991
211715607
778989124
271035158
263846970
351536193
291031849
962003114
701314289
160863285
454871163
280814738
763492111
107361606
119397558
674741154
557733827
201443783
859425568
882065705
452458963
163218053
212193179
656139083
609200520
104707572
678157106
281232676
269439190
570250914
443213280
277899637
317249090
139263762
902520086
343022453
918176852
485203596
213225127
861175196
252137458
779082831
5760441
856778058
67118492
673166260
553408993
113982984
692349534
622077534
58655166
241976708
73050649
267094599
353888546
865697210
244968214
879003992
472995440
424500591
134373820
242981233
58325061
957529866
674087201
710785599
510420092
222946701
933098661
94531999
148373478
389915802
471110631
932567656
991504640
153060201
543935251
260498803
640516956
398715710
418286181
725649174
505946319
410191381
388645321
252422292
944924016
883860726
22495854
27395802
198900263
340646354
38727819
584410215
788807726
536843378
675860753
74937035
524516350
439904384
3301044
190278953
864882782
855633642
616274154
35561079
363171738
756026375
753761897
238753797
551993640
141136308
671290984
25189076
926327429
769782337
249803183
481747307
671957725
388598206
280003548
105656151
168084159
386065266
417168471
794562366
56622373
797050993
674404402
887664108
254225302
617606331
847516943
739610534
738822437
994225989
472726570
527643673
608264844
328502312
126854822
445147446
104029985
825731472
988201031
91195142
239797517
214633272
188709282
650981282
750183781
309573415
270636706
429052824
162776476
220640953
591180228
659109447
336858676
820137031
174991176
7284953
561003168
376896260
135027141
196570148
365171966
47249599
216469234
276484248
53999337
304089667
414798860
386428860
588295256
749804857
450448133
450632364
24811858
162465035
32112654
206419022
803359992
307588748
238523225
155493378
854686967
946397417
44283265
104579898
207143785
333195366
849896000
868559481
744308884
439291111
239435993
849513045
209222039
229345300
664111000
543333920
825550539
566172046
330898993
438797192
857729402
745838354
99629201
642729975
188383452
351418263
385045140
931274017
335729698
844088337
232822188
42943078
583078132
473342094
487697679
681261757
317921175
813211906
217460647
910933524
398519839
246869911
314004884
77052928
82372854
888738210
857694405
222645133
268800494
368683773
651223782
12776911
552190335
39153672
701563076
348578740
79650563
406232621
972020578
142989723
897333059
728794484
98950021
463292294
64830946
900362437
142702729
114870887
364329106
841598428
200374394
116851855
396976299
324600883
347444392
581058780
136863563
212181865
236309349
870090445
653112714
596563793
257565470
160698080
892412213
719340085
195253673
232093380
378052150
536354533
308378229
340668777
300171234
701296546
58345972
146050522
949599919
434238506
261517383
343930459
96097894
586999326
406877976
726126714
416811768
386515410
66594330
658459743
149443307
968333667
51807174
443113578
452405245
317454832
942725756
636019359
503555331
941967636
224420343
483821592
73506940
642490689
598628570
421244904
293027554
681309117
921516230
182180688
501639517
486347580
65239790
66502358
153305521
359384943
293051776
796252408
806158168
457229244
612065225
353572388
119963031
19330879
459916104
511049894
239524049
45274140
422179438
271996404
991526791
560153894
685017577
151572776
646921177
915922724
162836843
385324871
689541033
861060936
45811221
136218133
2354736
154003642
220291398
148812167
264230588
783893810
726872239
161849688
333033853
235589418
325146859
24918186
450611806
90537454
315846166
90849350
735082649
241666719
930543641
430473900
526570582
730991674
52574668
327919172
197390213
3327351
372079649
439805723
875295848
215956344
435988615
709704638
232114831
412923704
195539768
831579861
302497112
51236721
171222355
428006718
893258330
180620157
5870306
72035477
858691734
217291644
834966505
146221303
857182855
230424891
846208774
770687609
6885783
367477030
351231386
485534217
83681909
46297471
965488671
357465568
86462131
825031320
36900407
827232819
581492589
256812801
505560019
655098812
332368594
828636391
183112598
272074234
950838808
260390078
338191368
228619454
504724449
134121519
206685836
938692829
705927328
70233404
72315288
981953661
274996106
535535205
89073375
848044076
581791524
515050075
519637851
261561248
525043135
34910104
5924043
590405390
377741620
920225514
139730570
145411919
456296826
392857547
146408610
532175208
305655360
893318810
114255
129512098
314804033
819414722
48503440
398994322
173427358
828027842
322784181
115075796
977799169
715803510
21969928
955081749
56631439
261922601
406099980
574605825
616403321
174901548
121977342
326083274
296269408
608412487
343146542
313527753
53775641
287291057
250523427
893599584
831870282
293971757
328289811
992714
190544907
162505200
260924067
965096811
296074599
335699371
373233697
612847848
198436476
294891862
575555110
671703024
524657358
968414584
232515202
28952466
980584194
498601420
601646296
430065491
651413113
411450289
275944127
473243120
139857345
876787380
679556391
757672532
368289566
583356122
77827154
115989531
665618941
707602380
203605613
370127965
171071818
506326662
429695734
37465827
337266
854216384
728855544
489043564
640063358
297340208
285359048
46802251
611159018
256393889
355936808
874506786
81535863
542197167
103289263
849959463
996229638
403079072
494180344
206024422
385749371
45527822
560099926
18464607
134286994
414304799
564170138
191566913
24487277
36450684
422444110
901756184
859890887
896265249
989002806
325881792
272780348
855285236
774555335
441794073
738029816
206408003
35568203
100414387
427669059
106797282
225944850
612554844
570961406
617315961
113321178
587365985
412958612
887306855
22230366
870488271
774857784
135545357
937577914
69714087
839663900
615899766
973797048
640342911
693242908
278511262
77708390
232079628
448995017
1029507
386990488
380763359
350597423
311119664
356045493
126784692
805285955
943582184
392221447
580299653
446225037
19476280
841542299
389456336
31229815
72823869
481443091
284518366
695189953
376847525
578114697
368908320
837435993
415198508
112784981
649451818
936770453
696631062
307106593
665116644
209528513
102909451
32212243
30295679
244991785
159902470
37393460
640075665
839738545
658211615
38997941
267849832
695578403
605475848
60108538
170009050
183800144
428808072
24438585
958740380
213761039
254998465
206856402
958529020
687522365
12898766
575050423
458126460
323106043
460038374
966894398
821788436
114032253
715064710
448220513
655207783
79985712
406150090
330423036
245721996
289322312
455403702
881818337
27830791
120916650
491839420
889102798
180557037
485826863
592691522
328303561
99315122
582927214
930542719
467866012
286500054
216106257
70680674
274761326
806856340
292075174
453200760
23295363
378193201
94515432
32602371
513246266
211951410
684510646
40775870
980334045
263284794
182951081
604576806
84930919
960295164
735792922
935848591
473017392
920429026
72155858
145117118
164427690
432205346
301618156
447318333
67741349
904575797
298398354
139179174
438071265
377599782
831489806
346330916
102059341
866159304
605573325
53119498
143063747
158888812
867640713
232756206
594121999
867861767
180537131
258932066
114374732
743724772
83677907
65055892
921926618
307353940
57228868
561562260
171671363
753003364
151485853
288591384
733033765
911159709
173879714
176620334
896803476
338346538
208002583
36133727
993274168
754237295
290778601
469439863
40684751
637167347
553728946
76893896
878231136
14378136
577012932
119245111
686106590
63871569
48909975
116034143
351459647
17645286
788534940
91849475
347558912
42488199
559097240
137914513
370348689
821587824
244377738
893146071
790410597
423846050
232577121
954176380
818379105
608988360
931154410
190150694
852105120
744976313
41294114
889291135
95487791
511652277
15464354
915079683
650333835
625954838
241546253
465686960
233159096
49111267
185751108
396179883
417627087
219820043
414639126
761440683
39254035
964089737
587686056
856409525
64666470
268408085
503109187
178353658
943231316
870771175
480693448
857402915
153679014
122099212
196533913
610269897
562136460
395247538
274749048
373004329
605671333
595770101
937644142
153045295
782884431
688540178
31523368
441070157
198946298
72966183
663095298
415030887
759533359
852226223
865254582
50852326
285798693
404617549
88942384
103056020
216431963
219634955
263283029
594823954
498345170
397375069
780916566
778768245
196524934
174777013
872854731
109085170
284467674
948838701
228490142
781298078
827670096
551382893
424778144
978394199
114626165
149723147
629094635
587695910
63684542
105980738
27029943
317885461
649723674
826659967
85243422
148710979
65360948
577545703
290574188
608289310
296589641
97337050
668428578
653988513
109153398
464213958
729326652
822046430
285348738
340690885
165573221
380592420
988840883
173294179
68854968
304539553
156697978
842688259
964113584
372487142
11267368
176898846
232368734
169459950
607225952
283886612
53830327
638397600
716215955
97262696
129715298
4274624
79972437
7031372
499035372
960844464
84112043
188269345
125638056
101702384
427295719
828076497
518310478
306559728
625257146
546853554
382231320
940909521
917147141
364113284
94061052
49270578
15797879
106604600
932798401
695406160
137755684
178198643
944554051
629999418
54065078
62389696
529861240
247073093
475428625
451102938
118893479
621991385
436445533
517917040
284725963
397270249
614790291
147115673
121455002
645725524
79263366
327338270
707826554
665775276
762309160
690680484
563290211
188566221
879680701
417376266
138520459
881570463
742040906
240381521
846699049
762885813
183258219
468327921
954882690
162511972
500738566
518744792
793366445
208926503
364085666
390063624
622344589
490652136
275153528
65912766
503842114
243169758
978272645
954923875
852933700
200601961
6538522
756671699
80127996
333202254
220102
225209336
168604757
147228856
489350021
995719143
325011061
665420151
873264874
242154515
8803259
466759855
19906238
163052630
311783538
328662462
887942648
229668168
54658396
368537116
82929784
289710421
37178511
25961098
267200768
939500249
307562320
168720874
192727829
640771974
83379329
16646459
409200266
376304938
209931459
779642996
127765864
989406877
53248306
527035132
249076251
262627070
38446522
319522961
712779450
16073222
908587322
38584177
296521219
944499426
339771133
348206328
196477147
499685960
91174373
943250235
267199979
114937353
979226674
545325738
23523922
740539661
242773132
657109822
92802117
22919402
297709682
756307883
263822012
215353330
482519128
380657986
247703865
655126659
202830703
227009300
262220651
270500179
338087652
724120396
966674313
98760056
28228445
582277589
228765644
496234303
435984892
859489919
536468369
762356464
918215394
932373277
241379942
913337140
682379726
290574272
290923422
673459065
400777501
381471428
174333686
962550444
427010856
870203962
534222875
28605544
127613152
80502865
364415446
82723632
488512828
515225482
895111354
997428751
529256675
11453375
872943298
293540704
550074409
285982748
97563909
445968784
810387673
886456666
762425573
510618363
566035656
626378113
478910499
612910784
818295573
425050763
257440239
173831402
310237140
161877544
446379494
593451418
660059852
405267355
726929912
476175656
287265265
912572130
980092349
284419304
418540285
550830180
282394731
15353655
744212180
380360425
577355298
884772684
27274732
103840814
743378654
956306225
984319038
575145918
266000416
234525589
609157545
302554833
809842227
995855118
219474172
397223665
444737918
198608220
583272557
365268226
422015943
340944256
38896954
727360293
347830966
227424010
571527161
66605809
913872993
254330570
576096895
67056191
429864323
50724364
106918076
204859909
620290539
171917526
197313313
771583745
196501210
23671121
63811254
508664590
96924009
814830356
514065701
822620372
672048571
479097254
467392068
956612162
189982977
308726886
947347308
625990545
238412047
72777495
734768206
277292133
258101181
399220065
953359629
211645076
3074736
557952121
857596076
893332814
791877253
254831962
885938073
372356673
269091892
288486136
21308790
73509422
863063144
553618299
20681978
336012448
267254272
23961778
991032034
164880613
17506445
698763038
539758981
365074671
787308040
755809341
321339333
26767980
123491066
408499764
890678142
51252998
123703852
488814534
331327398
359261412
657963502
195848335
173400164
15315153
9979978
369979793
282518340
711204045
372929063
499709079
738807930
360698624
321147518
212363387
368280133
331422478
583264872
504085745
342999897
386877712
693993183
89587760
994231785
744685148
931688565
918425317
615148578
497675324
921427691
211023088
786471687
380574746
222834186
776436939
387250964
908207167
361710699
677885303
125215246
453379076
94676306
613611904
358101320
45293292
902350302
704453205
924633217
55296850
846120325
887772054
103620051
141560717
791149778
392994877
438620041
8445839
215687469
360999341
363735902
335077983
743643202
911532779
326654361
502261630
137229286
143478288
121810154
715820390
40423623
734698213
115444322
163801526
650476479
26410261
662069633
573939120
818742754
551010608
7985572
567240535
220612606
25103893
344686407
219873523
691689524
130054625
622963939
287360916
166954652
825628049
199919254
211457228
200877904
920073676
637956971
989028662
331149796
158004059
178224463
135531034
717295990
846559653
950581621
675420175
38328538
153667631
115829224
679857724
18700254
32853908
471352500
89230114
81090067
429665788
42805270
284780140
338462153
529508762
249770332
189702876
268865139
324083770
169730100
318229348
573590852
181636374
52497768
373325487
767753824
158946928
245863856
818019318
118357366
231902989
187765748
607971642
314976262
237719334
787206100
106651323
474816429
200157647
150576236
127250360
11809262
51689554
950695725
342727703
859606955
254613269
429456006
515803722
358983049
76726146
92646420
346457393
486569533
621968218
291367680
601954040
521083571
46572800
452668694
380242018
877371698
933587697
15906730
520432159
685194717
138801166
308096930
422352146
143798058
266984350
954705978
139477151
134199654
783077552
953961808
659639836
434838497
571542679
494867751
52005139
168357794
527202011
186420352
143545623
838403432
395758038
750803699
227077729
670757388
584368253
278892597
365395953
194914762
631387926
631076893
53337441
587867351
567639552
400737611
401014176
132445940
977708134
160209769
172266877
95490935
592102430
91257787
810977727
37915944
652363445
832030622
866204297
373811768
633865524
236630114
29087529
439537808
496995168
28282149
760146581
493753775
911814638
50027993
957064935
325637223
576080335
292937661
363065952
137184345
686396094
25895248
304717893
959090661
22723873
540278061
470071494
393536567
33941282
473763326
444992701
175585519
101148825
145053905
186760994
561884674
748900057
648595643
475812549
987666758
810736153
921097063
204488291
494598310
154912406
608197095
933359071
782382939
153446755
527075491
135133627
862972938
259610371
452414937
52733389
460600243
165820006
655080761
800630178
440936975
249339289
496807686
296835252
249314186
837771389
961704300
788670190
575597318
60231170
212474043
676359014
236469096
535400242
796682018
478389534
3056422
278607948
593160614
428435381
358695908
6060531
87991677
260296661
623959162
821892821
143917592
274024654
31826897
16637560
381297461
914290677
31511513
882809946
40238532
93011377
402045018
97543575
131806260
464525600
427410770
120715208
60136418
241533841
434876298
372742691
51474181
44126890
159476241
301889250
5457023
394262914
877667716
787516203
94666919
2466398
161176172
200935284
238808191
556906916
451657516
942349240
784270492
283448349
120381301
322984760
396755461
480342803
964934989
400399902
303713618
230408593
224517660
712794336
464868870
52228969
460733404
141433940
160802546
247125138
32338397
214870422
336864582
71085765
403726239
513305370
235403602
214316603
333370207
321965550
241497950
99479031
535429733
62929720
739018046
154005166
470554041
157668499
170551174
348961504
429537322
573716952
225007449
711666336
888337308
892683356
758772192
451659906
16232737
107213169
131496464
122624953
254676622
66854468
208395087
156837220
982255321
308160683
312064029
67568689
78072313
471461481
690633514
349052699
276247657
231585132
135560224
674572735
463112754
270992303
864329272
10547004
638561658
15710966
361177725
319618704
306513082
124322726
144259419
532248719
463868813
53759023
859259169
665384450
527913785
59278098
268111283
335746042
794321460
213776633
156940824
213923367
742697997
582240022
386226919
969808607
578264872
142377291
128005609
120325066
516265929
292427075
58359672
144571765
514335500
543876462
216656289
277922969
116904775
571828852
871567079
404668350
600865481
715199852
419832
638745316
280543576
628249980
267160239
335421533
234373995
473573296
605860909
1924053
709837879
57173023
568312032
154161111
666263625
30241549
496864466
52579852
714303356
326781441
109891516
980278622
484165560
708357713
647165052
259047490
8878678
649184233
586372094
137954340
480162905
420198136
247217304
164901560
807972206
61319681
977415398
678085973
714087019
214833068
653832029
288175522
247192977
546459651
908545353
212566633
666174013
73978558
695553982
595073080
385750312
191947512
335267235
635346916
474827612
528019140
499541207
155441754
422004165
921319184
62222811
950467562
5307069
217620819
694030718
455206217
241894652
290990147
546780360
242489300
435931896
380287368
745216576
151978052
123256680
871259520
716645379
240988304
800703834
79491585
428311637
231242274
51739027
22518827
807231938
210324772
218071412
41291312
273246514
365133963
775723921
982268881
580545240
302102144
325058444
339328345
219899962
987446525
253691573
352621980
101941022
5561214
211028739
179214326
594672329
544378530
248387890
70905945
118242380
467553957
738651122
456489058
787848830
274735114
26572835
768771810
127473956
648804174
513351430
704092906
610789355
673319473
18223656
178266027
199842130
746584892
614134747
941123283
728526054
200670659
425556634
575575981
423632776
996905903
545677295
386466610
189162621
831521695
948175982
172662983
423374786
363779930
878369988
466400029
411527454
530745384
769927194
43143958
56526151
339249876
376215663
543808772
990744456
8870247
984019137
357137208
170086752
819798415
658348535
49700094
645226636
254765966
340879016
13441444
38725667
505116817
138343091
16563884
29210608
387321430
751434250
657468460
944598461
781670657
593445592
549231634
901517296
51482681
704040340
15120659
769457588
707860283
137635625
382955708
575856830
44510165
62577529
29688550
174942379
130261427
263380195
324086104
287754044
296483213
47126129
76110604
203773740
375558658
81087038
985939
325063794
286302059
457000508
621325778
905865402
101601349
253928164
252865617
945153144
944495097
388664351
594384616
165326182
912422573
30562967
928929141
563788915
280305700
610366677
627704679
552148320
120302324
809072267
760334748
93582040
35766233
243522384
13074875
173940556
212241120
139820825
177656180
187541695
711371177
204205951
259117176
40843801
266873382
207751614
698110730
566087077
877158018
466684363
563135442
949987488
728067448
188075554
339431168
58663119
695161313
891338069
443100314
646322040
644771583
462161749
455854688
510521485
847251703
30701867
872509136
215174466
326172891
5115268
634881254
308793041
904820675
380738362
940618375
921341550
732069930
310187547
714481727
404745489
710988498
465994258
28617822
669709994
443710164
452898948
405622334
139651464
99961552
220436258
509487356
480752790
846475192
200498452
29993859
233754124
434089002
451441276
81075848
208752764
430884770
392150741
389119612
245844272
58613871
612020012
456234976
682484546
151171928
643046729
111108813
19080809
629501299
968660599
741320517
304395499
672354003
786961634
981896369
4457917
445166366
915928472
157641746
138942706
316890234
72956712
387931517
907335042
651424192
932379850
149028936
824697260
465443232
463304823
814461477
341920560
65182962
903492374
996397073
4620569
259146356
170822334
259921178
407602541
549022399
456167067
274973201
285040140
457310205
437929055
99969054
293867782
363345456
868950489
708338823
514395779
65897963
64451632
953711680
388170408
240788590
243239898
648170876
376245925
870187416
151682862
136293087
828710618
744036085
195318564
138958849
236114526
722281369
491348013
15017658
46893416
779261900
190567338
85577318
854659160
606793808
112356172
44596383
270922632
376553342
165590848
646176357
524677908
710339584
548835030
724599752
25719960
356226722
139167942
388877312
660084044
15114056
61074454
404111590
76514881
727754816
252010530
926037201
639307958
186030041
314208866
771738687
427287852
372874422
37507414
494110305
917058854
121628816
65830897
318327716
821439958
452899200
293602837
143006831
518694523
33062174
106876415
529600496
20664954
61185348
72382512
651828225
351805335
553476768
256216219
385763156
218773078
81081756
649588619
803368413
714247960
946850164
50723993
344753520
580161518
758121789
920615280
749546720
947764997
775953611
156342556
631192211
81741149
649732701
787833475
927336664
471643853
284554778
142343207
119398956
519801095
364052852
498316867
532466424
134826968
143195136
475828576
18684186
637873291
90805771
144607848
313748338
839887227
689082796
995830201
339870756
490495802
570170505
420717115
18850774
113040791
625492016
322615508
176171878
477606948
131258265
65829397
11886411
72223676
380954232
886102347
107216037
512374244
917126904
199583577
912246556
567316490
541953842
443383975
260070262
780432152
374821687
934137433
314433146
97786871
176419442
802432964
375195654
535845311
398943281
443666434
455806438
167659351
192485174
863088650
677076448
159031031
104716849
602488598
898272481
495796335
244929763
306344927
253207076
632109493
37310959
514225747
133072250
70924717
59670637
244186
295918636
135824530
810676160
716147742
365047856
670934760
833410508
412242530
648833378
758400541
111392712
261752658
284733356
591756912
770730470
395626064
485655578
540049250
99995050
421914603
165463432
88982394
187364470
82077543
448334414
138625087
755970164
690622517
632884530
726158128
796618154
271996813
724173624
724059714
637537711
231839862
168886425
440265331
46956007
259289722
279609022
910289972
915301779
248070474
49785668
106795989
866225909
224775902
582080981
215141974
605021801
329013990
417087431
516437045
574716608
629745678
255580365
854673133
297127536
667313627
980012576
697574134
941429067
216230967
229460611
42925379
782043174
666827421
844001956
127886919
64150029
249348955
450770651
35107348
971442880
288295962
138385197
660795962
64625260
304010506
358050024
477292396
65310161
693784316
932394962
799868969
639224943
735603834
636195457
674221002
319667989
502532781
315216416
406959605
376939167
638141509
978052658
207252226
395919458
105886438
352943746
11525334
151719346
349886905
148479024
580604801
273044529
198722401
249378221
619577804
95100403
247498934
552405666
232559645
467186308
59145752
525812416
228105930
28944506
265932102
15358983
474728257
61828445
367048972
719641229
490217310
50533265
48410260
154390185
794049074
442880494
225736527
783850231
36824339
126608827
318354188
939171191
207535885
379996744
660905364
947472437
35292525
973622837
932544114
773534802
543429372
669401672
785175286
526083624
132681490
717920745
350419800
366803898
508261477
499227834
980330844
383317986
54731934
271326777
706914351
324455789
90117168
690698528
37762909
235325845
174454192
149359749
985191047
306057722
817734477
380400533
287432244
192483291
376491938
305060223
119922547
20992926
133609288
166169880
156253036
296703407
489338837
685500558
256989399
265580278
432877776
85775753
733538756
356103782
707530396
544160335
858959721
408809989
678336603
175064941
837777823
144141972
53976132
349271825
958357041
221304799
7745493
917061944
303270491
193557320
19248178
462864794
287647695
97373664
736652748
241725528
538683755
41317000
883146734
5637942
731240386
356921152
759295877
388917523
557881255
240328736
277394762
223529528
980972581
452285887
9960098
303167982
1679870
976499617
399207227
44214668
36442774
784240940
479005849
587213996
287609769
867357310
72027771
338690410
172744490
684254130
406503529
358054258
142370737
464034132
932686440
173444736
861781932
941312740
260586419
639118250
60567147
325690455
692017050
579791859
417795101
334965229
633146414
839950863
287161187
421019179
255501241
617685373
179896261
369323354
673337801
711388596
241953916
314235517
789810688
148766021
216851561
394107651
516886671
883675685
370322709
133949662
316581292
917405158
884110087
930787055
186888297
695009825
460564229
145621371
546849678
7233148
58621568
935372888
613030109
688759616
69551406
960883081
498476224
815335509
312602306
856207162
182805952
713783984
284911380
645356068
139803234
818499981
987664680
320508853
277877519
239576609
251603788
382927348
505111689
996477385
716246453
635622148
820295703
99915612
198013177
245453162
746501950
100834437
65118469
638516629
215559535
60299047
274253360
808470326
255168875
559039305
786706595
150160539
309508167
997236911
551227812
227077483
194250514
113938172
276520433
12020790
954571106
518479716
606634929
596968091
917487497
34248646
688857684
897662707
844526722
153166088
168883098
974332486
18045612
54928574
169413137
670993611
207900304
950320155
919726126
819695342
74968007
219063268
722039777
719717546
151974795
372452467
101293074
856340116
156310221
9252114
459693548
886668911
77449136
632928070
64271189
54111774
788667447
328265736
76124110
146692302
207755732
330977589
975360454
867684914
206192049
39379721
684569731
603068420
234241763
27057133
483210378
894233587
969959994
69238065
745496229
276807771
447539983
68228225
200126636
292475476
378704994
16614426
76513530
862798857
530863707
380165498
174993044
91806387
392063178
452406921
163596385
941485221
940307122
475583802
129259579
180567172
145786300
98744213
682048817
123511016
363612984
275251553
125722586
383169221
163484353
973055674
401189334
904644861
438978976
546659363
160071459
115734497
992716098
760250414
971887080
304676619
195508571
13142739
50864195
227440318
111461108
917058253
222326107
734525128
857206491
155098971
973929516
87194888
99563372
648652104
780629031
747315195
865321
47654711
155569830
311186214
261460434
268604352
801779027
82822372
619345501
166351678
545901688
510434590
517484452
745817254
732552258
68229696
971390890
715081083
837032441
41840308
177823572
220588797
740961114
710929848
69717288
41442284
148221220
716172311
435989298
229919599
282343657
800097966
684915514
480615706
136172774
135380318
965249086
522590144
61964058
425189296
787342320
437118167
263370008
249447574
802414189
564921275
150108870
76857848
621534917
8894588
447197936
386408163
436868935
256288065
766409566
376821750
198886020
921947321
295961931
961618814
253781852
873204191
309545858
61063142
37434891
349490186
345181970
512013027
123122803
348560223
928790286
460720494
270564185
331317536
322803202
444183082
10240071
54820673
496898901
488390571
160455210
784135503
693088552
123702759
399842816
60393483
494345964
814583033
259783757
834416314
293781479
994427325
244443940
497348276
492722246
169038995
455192151
253021026
171140093
581301493
186078475
34776688
894878714
361605901
686104310
134393825
682484562
863774493
283344584
923150019
191687704
279867180
481795897
263441820
373708008
439176991
112833360
513988944
435350823
283678841
31960002
533060667
263191186
687648491
574617378
602917157
16147243
497133932
461628331
88655202
220895207
349414487
582973478
58554763
175570386
158230376
320300360
340832929
105503951
938589948
581089677
450835076
59698392
70755133
296950344
166654264
952042998
675644834
638098076
763216587
62763515
748538480
330492144
668652662
318052168
106990220
360120393
185729343
856278442
705940779
282406184
611531968
352154030
460308064
652453230
367033516
195620283
19699011
939299828
143983610
770516118
29936797
108425567
41655524
69217845
117449228
368433774
164002365
498585284
65646304
177587471
627513573
737722666
292612712
936784825
36881669
20417912
433010604
718564727
19054516
380939236
147878546
137790627
160209381
466153323
354698354
716091980
313622101
302531682
951113628
303911159
43230140
17049985
423332759
392406771
326948609
982511644
181730756
174326017
800365054
96366518
520335176
480116878
619095177
791074625
805483621
794133206
109429073
940729728
344429448
718887704
146599702
182155248
416239601
290809112
300291096
235088896
285887571
38367743
434479340
416049640
895670119
546553196
606123116
713112830
324197572
361176003
23060079
395650858
177632880
159546499
122373886
465485941
316494402
210928909
661725521
101490551
107434854
229224214
36207018
833243173
52405371
471867654
151933618
605869127
861187013
934174948
890225115
765915669
40086006
135226462
201792488
269904646
919777064
121926075
49817596
819728008
462539232
345394855
74096887
962393803
798247836
952173912
138078927
29828042
187973269
109842017
370157784
486289919
420537931
244562787
483047644
705115466
186472274
95103864
330462464
2320606
868934699
561252788
323728281
169638714
202321607
74031656
914903606
164550323
598418437
830571296
3564782
66684331
9060274
153719894
694993715
238566216
710221581
964614801
369703220
878832583
641385863
702221388
679184600
21304316
414611546
318030403
941700296
186037296
308367972
643870122
790383712
171358124
256306613
99536380
312751054
478570774
291207530
756886983
748188
470937120
48606562
305373190
823872877
583157980
263309400
684753796
52553072
372838432
749719719
20832287
344971757
317718677
277091086
604526556
683325038
443999982
567423489
192870308
29141655
29712147
212437209
798122768
548858781
417415479
639047732
672250007
249037163
440654416
253001973
271368285
701515715
780927959
751284375
967312765
497022374
408416646
588970061
109155148
708819139
171139477
125857977
467151059
922164794
443038710
342131749
252087099
54305931
646981484
477646574
150915736
34458870
745227479
335323552
755925417
24709535
393551722
206264902
143996251
402039330
772194450
996603314
798993765
702717774
544888084
361825500
761762655
488041953
181724890
802063228
596661402
90186987
429806662
153563980
310515516
172787936
102237008
796744066
160552904
477439404
821552242
474265784
928039986
8826327
259246598
707130759
932993408
235934006
436571840
979769483
809322971
841415307
570291074
583109207
301437894
817901916
731256153
633354155
126429881
238571726
114993650
950605028
19459196
815544913
562869741
814010052
461073281
605710015
237904450
364929841
194312284
102127861
25572862
851311061
768980713
200369384
124750039
329156112
18898583
586888375
264095987
669406917
677852949
614631979
35968075
169815496
157393868
448134968
139191656
662564026
414298057
271234978
180210013
497569733
781927777
595354655
330481528
329103336
153279667
236458730
558416402
466729610
258516638
840850588
286929615
348530205
191905235
808192615
850658560
625183771
904536664
727359783
692465730
856579717
916746004
121512977
897494321
21773940
652811027
48970481
893991575
446305279
347875256
174274944
416023311
229729852
191983010
774398606
11085191
699086952
661792070
807054470
54066596
375247611
877131113
932457809
286273542
12765988
431933295
13170432
85727004
79321248
93538420
787690060
779786601
215588884
799951556
345594658
211332420
112872082
653144556
401029254
23995294
365655946
10378823
89896168
983833314
621006872
177422393
842270584
614670849
909398173
447872576
492688166
188665920
39366962
231742950
62887650
876698432
184321536
949991526
226268180
789816391
811639658
905077280
1189240
636600576
294534949
94050953
840964425
46894069
250457954
469929166
940521326
410005008
837651024
512285288
120503253
421850575
250080646
488652247
116485028
94272801
159345307
285190648
569890914
175584993
984654312
437826714
955806048
724980575
287717599
562882
876717978
229903914
179697525
604036112
314072111
4947068
637004975
921522411
284283138
159826859
923563667
310352287
61852814
498571696
735907725
477665761
319298810
