10000 1
35639 35640
2789 2790
12108 12109
1367 1368
29289 29290
15490 15491
29321 29322
29045 29046
7341 7342
5960 5961
20255 20256
24559 24560
18048 18049
3607 3608
17349 17350
21494 21495
36101 36102
335 336
12781 12782
28715 28716
6353 6354
722 723
9397 9398
38556 38557
9016 9017
31123 31124
23714 23715
6912 6913
8543 8544
12947 12948
5374 5375
9181 9182
30950 30951
3637 3638
16769 16770
36291 36292
14719 14720
10714 10715
34947 34948
1662 1663
12498 12499
21726 21727
2345 2346
12786 12787
32313 32314
604 605
15568 15569
30837 30838
3800 3801
16502 16503
25069 25070
29116 29117
9875 9876
4492 4493
9968 9969
29831 29832
12363 12364
17320 17321
31228 31229
10543 10544
32010 32011
1218 1219
26544 26545
36592 36593
12286 12287
26382 26383
24369 24370
13385 13386
6911 6912
11320 11321
7786 7787
5820 5821
14427 14428
1056 1057
6152 6153
13496 13497
24693 24694
8589 8590
24961 24962
14866 14867
3179 3180
3129 3130
38865 38866
29972 29973
14763 14764
897 898
28939 28940
10462 10463
39568 39569
39945 39946
16562 16563
28849 28850
16188 16189
33337 33338
20042 20043
30728 30729
3311 3312
4147 4148
2265 2266
39720 39721
3427 3428
15667 15668
391 392
5803 5804
21463 21464
3345 3346
33425 33426
383 384
17263 17264
37897 37898
13862 13863
32533 32534
37016 37017
14733 14734
18204 18205
33055 33056
6454 6455
30362 30363
21386 21387
3973 3974
24610 24611
28538 28539
3981 3982
37387 37388
8028 8029
5175 5176
4720 4721
39097 39098
19283 19284
28575 28576
38968 38969
9870 9871
28688 28689
21309 21310
24407 24408
7737 7738
22236 22237
12505 12506
593 594
15892 15893
39072 39073
6957 6958
32893 32894
7156 7157
23705 23706
31960 31961
35131 35132
25953 25954
19168 19169
14395 14396
9510 9511
595 596
12991 12992
34620 34621
8845 8846
36174 36175
36412 36413
18160 18161
11023 11024
7019 7020
36061 36062
3634 3635
37410 37411
29242 29243
5037 5038
38016 38017
26158 26159
5826 5827
3087 3088
19260 19261
38770 38771
8986 8987
13954 13955
1860 1861
10743 10744
17797 17798
14972 14973
34892 34893
31123 31124
16731 16732
33757 33758
30117 30118
1001 1002
38070 38071
11752 11753
21223 21224
21612 21613
28961 28962
19675 19676
8869 8870
33189 33190
38424 38425
39435 39436
24924 24925
2638 2639
23111 23112
39825 39826
17471 17472
30219 30220
32737 32738
32327 32328
33287 33288
29003 29004
6374 6375
12122 12123
11550 11551
13380 13381
26304 26305
27613 27614
14741 14742
38814 38815
19332 19333
36584 36585
6358 6359
33212 33213
38679 38680
39925 39926
14786 14787
24936 24937
14228 14229
9333 9334
17077 17078
39967 39968
2106 2107
13380 13381
22182 22183
4227 4228
3783 3784
34222 34223
2740 2741
617 618
5262 5263
28660 28661
39858 39859
15467 15468
9869 9870
39548 39549
14804 14805
14390 14391
37802 37803
3327 3328
16770 16771
30192 30193
25822 25823
19299 19300
6658 6659
33324 33325
33490 33491
5372 5373
2590 2591
39197 39198
20185 20186
15899 15900
34123 34124
36895 36896
13883 13884
23366 23367
29791 29792
131 132
23142 23143
33021 33022
38398 38399
17067 17068
21430 21431
27229 27230
653 654
26546 26547
33022 33023
5846 5847
10169 10170
34849 34850
15369 15370
34766 34767
1279 1280
22366 22367
36692 36693
26236 26237
17863 17864
33932 33933
8686 8687
12052 12053
5204 5205
28692 28693
16963 16964
11205 11206
21859 21860
30368 30369
34522 34523
25774 25775
28438 28439
17253 17254
19364 19365
5079 5080
32990 32991
1747 1748
30022 30023
39584 39585
23311 23312
12542 12543
1054 1055
21529 21530
505 506
15825 15826
31383 31384
31804 31805
33319 33320
32965 32966
7869 7870
31151 31152
813 814
24634 24635
10175 10176
14998 14999
26438 26439
9058 9059
15562 15563
7788 7789
21922 21923
12385 12386
3243 3244
7473 7474
30885 30886
6832 6833
38993 38994
31180 31181
8973 8974
29203 29204
5200 5201
20528 20529
38637 38638
37101 37102
14071 14072
4653 4654
19470 19471
39135 39136
39800 39801
24580 24581
27017 27018
34578 34579
34837 34838
18036 18037
35992 35993
12973 12974
20313 20314
2252 2253
1215 1216
37042 37043
26897 26898
11714 11715
6364 6365
9125 9126
5714 5715
19645 19646
33713 33714
3811 3812
36957 36958
10978 10979
17864 17865
17141 17142
18507 18508
31559 31560
15953 15954
34959 34960
6203 6204
20753 20754
34953 34954
34826 34827
11837 11838
17529 17530
2156 2157
29202 29203
16116 16117
29103 29104
29848 29849
30496 30497
27560 27561
33480 33481
33429 33430
9640 9641
16827 16828
11224 11225
23042 23043
18618 18619
32365 32366
10355 10356
1264 1265
38493 38494
35254 35255
26169 26170
19342 19343
32906 32907
1754 1755
30928 30929
33653 33654
14857 14858
28702 28703
4905 4906
25966 25967
24872 24873
3134 3135
15316 15317
24405 24406
36421 36422
23467 23468
16973 16974
15301 15302
24029 24030
16311 16312
1910 1911
7666 7667
15265 15266
19013 19014
25625 25626
16446 16447
2322 2323
36219 36220
16689 16690
36524 36525
1193 1194
19431 19432
20609 20610
22039 22040
39673 39674
37137 37138
30190 30191
35290 35291
2202 2203
18470 18471
34970 34971
33284 33285
7727 7728
4838 4839
25625 25626
26616 26617
33483 33484
29132 29133
19396 19397
38123 38124
30146 30147
23452 23453
32747 32748
14309 14310
32847 32848
32644 32645
16536 16537
9579 9580
23705 23706
34942 34943
3346 3347
35616 35617
33911 33912
33939 33940
27719 27720
27332 27333
30470 30471
20763 20764
27536 27537
6697 6698
11984 11985
35353 35354
2475 2476
11599 11600
31066 31067
6135 6136
14839 14840
12031 12032
16841 16842
16393 16394
26879 26880
30021 30022
24180 24181
9865 9866
23264 23265
23824 23825
6783 6784
23891 23892
25995 25996
31561 31562
242 243
9655 9656
7740 7741
2017 2018
27254 27255
17599 17600
6915 6916
19295 19296
10137 10138
1875 1876
1597 1598
20386 20387
23735 23736
28679 28680
39829 39830
11261 11262
29310 29311
32453 32454
35038 35039
8135 8136
17863 17864
11019 11020
31514 31515
37622 37623
33410 33411
39558 39559
34475 34476
39957 39958
23969 23970
516 517
37456 37457
14890 14891
37464 37465
15104 15105
25217 25218
13154 13155
12266 12267
2703 2704
37466 37467
28926 28927
23301 23302
34178 34179
37318 37319
21790 21791
14936 14937
26565 26566
37209 37210
18305 18306
33093 33094
19301 19302
3861 3862
5601 5602
9814 9815
24017 24018
32551 32552
32900 32901
36285 36286
11057 11058
18326 18327
31448 31449
425 426
30690 30691
4578 4579
13695 13696
28382 28383
9008 9009
12031 12032
5398 5399
1187 1188
24873 24874
32369 32370
37414 37415
4376 4377
32899 32900
25656 25657
29801 29802
34019 34020
26463 26464
30676 30677
6236 6237
4083 4084
7054 7055
14601 14602
10472 10473
12896 12897
39303 39304
845 846
27848 27849
7022 7023
8864 8865
38487 38488
38459 38460
30091 30092
7648 7649
102 103
27795 27796
15292 15293
20937 20938
14118 14119
341 342
18576 18577
12992 12993
6381 6382
27059 27060
21053 21054
12588 12589
19841 19842
15158 15159
37485 37486
31743 31744
16939 16940
13867 13868
27492 27493
10378 10379
32690 32691
1354 1355
24643 24644
3685 3686
14396 14397
31725 31726
37826 37827
29609 29610
8870 8871
7257 7258
28177 28178
18827 18828
15771 15772
39478 39479
15555 15556
26822 26823
3999 4000
9189 9190
9889 9890
20302 20303
16858 16859
6929 6930
6939 6940
35688 35689
3604 3605
13283 13284
28017 28018
13375 13376
20628 20629
3378 3379
29703 29704
3845 3846
31776 31777
20702 20703
22304 22305
3059 3060
10712 10713
11484 11485
37495 37496
15766 15767
39184 39185
39838 39839
25645 25646
36642 36643
19377 19378
35802 35803
12069 12070
6759 6760
30106 30107
33925 33926
31440 31441
12001 12002
21489 21490
36544 36545
4437 4438
2272 2273
21037 21038
198 199
34831 34832
25700 25701
9854 9855
6454 6455
10865 10866
13865 13866
39374 39375
18915 18916
21849 21850
8460 8461
15035 15036
21713 21714
9029 9030
6897 6898
27897 27898
28334 28335
37814 37815
15123 15124
19886 19887
37556 37557
1592 1593
28191 28192
34557 34558
14688 14689
16433 16434
17064 17065
17182 17183
2614 2615
18585 18586
16957 16958
38777 38778
27478 27479
7175 7176
34643 34644
13747 13748
38462 38463
34369 34370
111 112
3880 3881
17459 17460
10074 10075
30429 30430
24511 24512
36350 36351
28810 28811
8874 8875
14673 14674
23239 23240
29452 29453
21845 21846
27690 27691
14471 14472
9983 9984
12810 12811
4987 4988
1664 1665
23346 23347
8148 8149
5518 5519
25236 25237
38900 38901
6260 6261
38987 38988
4102 4103
19709 19710
17908 17909
31242 31243
6430 6431
16956 16957
19932 19933
2508 2509
26303 26304
1166 1167
8245 8246
17782 17783
5201 5202
32949 32950
5196 5197
30827 30828
33204 33205
9760 9761
35805 35806
3336 3337
5068 5069
11844 11845
16518 16519
655 656
21930 21931
26690 26691
11635 11636
21434 21435
29345 29346
27275 27276
8019 8020
28578 28579
12946 12947
1863 1864
39645 39646
4007 4008
33024 33025
26514 26515
31186 31187
6710 6711
1420 1421
5993 5994
2931 2932
20099 20100
31033 31034
13444 13445
29899 29900
30303 30304
31903 31904
35811 35812
6157 6158
33398 33399
9038 9039
22828 22829
11745 11746
7675 7676
19718 19719
25668 25669
7756 7757
20854 20855
4974 4975
22357 22358
36382 36383
12723 12724
28614 28615
25129 25130
13610 13611
32797 32798
18222 18223
27574 27575
15400 15401
23173 23174
31363 31364
711 712
14580 14581
3161 3162
22173 22174
24436 24437
27244 27245
15705 15706
12704 12705
38666 38667
13282 13283
36485 36486
28308 28309
38233 38234
20621 20622
21793 21794
12330 12331
14068 14069
561 562
2019 2020
33125 33126
22106 22107
11805 11806
7423 7424
20315 20316
25243 25244
6085 6086
12505 12506
24761 24762
29970 29971
26713 26714
7422 7423
9851 9852
19082 19083
22407 22408
18548 18549
22701 22702
13686 13687
12562 12563
15195 15196
1957 1958
13186 13187
6070 6071
4750 4751
31845 31846
35013 35014
10498 10499
9724 9725
34233 34234
13015 13016
11541 11542
28564 28565
3731 3732
27787 27788
9913 9914
37892 37893
177 178
38163 38164
4828 4829
16833 16834
13404 13405
37843 37844
31014 31015
39704 39705
4233 4234
24138 24139
32777 32778
28147 28148
2726 2727
36760 36761
3638 3639
30692 30693
33871 33872
23970 23971
2092 2093
22240 22241
32374 32375
16122 16123
23369 23370
5633 5634
10696 10697
8064 8065
14839 14840
18313 18314
1742 1743
2332 2333
10865 10866
10368 10369
9332 9333
485 486
29838 29839
1438 1439
29931 29932
24292 24293
25764 25765
3248 3249
34557 34558
16397 16398
23049 23050
23331 23332
17497 17498
7523 7524
14601 14602
24519 24520
24801 24802
31464 31465
1269 1270
6676 6677
457 458
9460 9461
22786 22787
624 625
35116 35117
12673 12674
31340 31341
24145 24146
25936 25937
21348 21349
15336 15337
28818 28819
39706 39707
32760 32761
33793 33794
30097 30098
11742 11743
38312 38313
29313 29314
32509 32510
33588 33589
18825 18826
20855 20856
1982 1983
22838 22839
18615 18616
498 499
17092 17093
30535 30536
16122 16123
11836 11837
2830 2831
17723 17724
14188 14189
24412 24413
21334 21335
8850 8851
22719 22720
16323 16324
14180 14181
29939 29940
33890 33891
3351 3352
6577 6578
2711 2712
3264 3265
30662 30663
23879 23880
21738 21739
4628 4629
11655 11656
39918 39919
14654 14655
6597 6598
6478 6479
38482 38483
34582 34583
34279 34280
10864 10865
13076 13077
15834 15835
17075 17076
22716 22717
18823 18824
25769 25770
17526 17527
3530 3531
18408 18409
34606 34607
30558 30559
34010 34011
18738 18739
17000 17001
35846 35847
22973 22974
31470 31471
24815 24816
27910 27911
21537 21538
18064 18065
590 591
26937 26938
2270 2271
3020 3021
33642 33643
31 32
18279 18280
19609 19610
24711 24712
4343 4344
18300 18301
32509 32510
24673 24674
22843 22844
36105 36106
33641 33642
18077 18078
16433 16434
1825 1826
5481 5482
9616 9617
14317 14318
36643 36644
12928 12929
34094 34095
20326 20327
7828 7829
31286 31287
3223 3224
38295 38296
30937 30938
38951 38952
30695 30696
23487 23488
18617 18618
18009 18010
30520 30521
19593 19594
18749 18750
6740 6741
39685 39686
5024 5025
12152 12153
20000 20001
18240 18241
30545 30546
2925 2926
23202 23203
24417 24418
16620 16621
6541 6542
15896 15897
17703 17704
28346 28347
13455 13456
6482 6483
36565 36566
37922 37923
30872 30873
38393 38394
28951 28952
23109 23110
3333 3334
35486 35487
7247 7248
26051 26052
12956 12957
21554 21555
7519 7520
12089 12090
13584 13585
19723 19724
5829 5830
35293 35294
10449 10450
14595 14596
17524 17525
6189 6190
29949 29950
18190 18191
6873 6874
14879 14880
25934 25935
13367 13368
30839 30840
27690 27691
7859 7860
32083 32084
27732 27733
17946 17947
25485 25486
26726 26727
32479 32480
33212 33213
34421 34422
10949 10950
17511 17512
6726 6727
17162 17163
4191 4192
2884 2885
3173 3174
35806 35807
21729 21730
21670 21671
24334 24335
25402 25403
20345 20346
1625 1626
9723 9724
8701 8702
16313 16314
4297 4298
19561 19562
12855 12856
36906 36907
19856 19857
13290 13291
1566 1567
7324 7325
22383 22384
18176 18177
39824 39825
29454 29455
22079 22080
22520 22521
484 485
30683 30684
15203 15204
30220 30221
31738 31739
26936 26937
6879 6880
7294 7295
771 772
35043 35044
25478 25479
34794 34795
31705 31706
28814 28815
14766 14767
31129 31130
27344 27345
20489 20490
21135 21136
22618 22619
13164 13165
21573 21574
18806 18807
36205 36206
16549 16550
5018 5019
13888 13889
36796 36797
3964 3965
5618 5619
30519 30520
11721 11722
7843 7844
31119 31120
23163 23164
266 267
34671 34672
26693 26694
29478 29479
7325 7326
10481 10482
25030 25031
29658 29659
12358 12359
2664 2665
17205 17206
22395 22396
36199 36200
7197 7198
23702 23703
4515 4516
5595 5596
25744 25745
26990 26991
13683 13684
1485 1486
20801 20802
26066 26067
18552 18553
5785 5786
5799 5800
34719 34720
19284 19285
33823 33824
19917 19918
1754 1755
15357 15358
18393 18394
36417 36418
32550 32551
10562 10563
3297 3298
25635 25636
6490 6491
1785 1786
10806 10807
23920 23921
25803 25804
36039 36040
3920 3921
31235 31236
4331 4332
10480 10481
4703 4704
18229 18230
11646 11647
9838 9839
14670 14671
23237 23238
4200 4201
69 70
15512 15513
27969 27970
33426 33427
27242 27243
3501 3502
15795 15796
28449 28450
15503 15504
18304 18305
38034 38035
23159 23160
30752 30753
24802 24803
20558 20559
22813 22814
3271 3272
9606 9607
9651 9652
24758 24759
11893 11894
21203 21204
12309 12310
480 481
1994 1995
35397 35398
30964 30965
15754 15755
9703 9704
627 628
6730 6731
17221 17222
25688 25689
10914 10915
2646 2647
2663 2664
12913 12914
25540 25541
8747 8748
34270 34271
12949 12950
36763 36764
13698 13699
10049 10050
5638 5639
22575 22576
5971 5972
36155 36156
37346 37347
16306 16307
17670 17671
14308 14309
23685 23686
29246 29247
18436 18437
32819 32820
11412 11413
22016 22017
36627 36628
14540 14541
28421 28422
27938 27939
324 325
26649 26650
32226 32227
38398 38399
14916 14917
36447 36448
24070 24071
5331 5332
7779 7780
29916 29917
26938 26939
18462 18463
31793 31794
38334 38335
18621 18622
20497 20498
11802 11803
6745 6746
13410 13411
17028 17029
1532 1533
29499 29500
6104 6105
27081 27082
35232 35233
39971 39972
13803 13804
26840 26841
24089 24090
25326 25327
12390 12391
29012 29013
17387 17388
22948 22949
12928 12929
37603 37604
26052 26053
21060 21061
6387 6388
5389 5390
8856 8857
14969 14970
37874 37875
15079 15080
22469 22470
19875 19876
24881 24882
36906 36907
16308 16309
7124 7125
1155 1156
25610 25611
7882 7883
14677 14678
6177 6178
31843 31844
12359 12360
6461 6462
38164 38165
38085 38086
35259 35260
1763 1764
37616 37617
10012 10013
27698 27699
5214 5215
7626 7627
19242 19243
30859 30860
24840 24841
6499 6500
22174 22175
10324 10325
9185 9186
35854 35855
19802 19803
9087 9088
17110 17111
33668 33669
18248 18249
7267 7268
22518 22519
32816 32817
33925 33926
1329 1330
9282 9283
20022 20023
16323 16324
35739 35740
16098 16099
8878 8879
37151 37152
19923 19924
12842 12843
26063 26064
39813 39814
22943 22944
22110 22111
3276 3277
26407 26408
3622 3623
37877 37878
38659 38660
19676 19677
32846 32847
12764 12765
19338 19339
27880 27881
36911 36912
14766 14767
7638 7639
17087 17088
14528 14529
38416 38417
21504 21505
32503 32504
11210 11211
9163 9164
38477 38478
20612 20613
19051 19052
19913 19914
9228 9229
23787 23788
8087 8088
34849 34850
17341 17342
4443 4444
25597 25598
29461 29462
15990 15991
26418 26419
22234 22235
6487 6488
38993 38994
26590 26591
9679 9680
39877 39878
29184 29185
5416 5417
23215 23216
25495 25496
30669 30670
33047 33048
36160 36161
1792 1793
26010 26011
15 16
24236 24237
38166 38167
35841 35842
30658 30659
35722 35723
2559 2560
5668 5669
20073 20074
24189 24190
13021 13022
23046 23047
5139 5140
1554 1555
27272 27273
38691 38692
36052 36053
7052 7053
14695 14696
8739 8740
671 672
33333 33334
11702 11703
19416 19417
15191 15192
2059 2060
6714 6715
18654 18655
1341 1342
32293 32294
24596 24597
37012 37013
24407 24408
30110 30111
21070 21071
1239 1240
3084 3085
25414 25415
35293 35294
30804 30805
34659 34660
31714 31715
711 712
36853 36854
29224 29225
4669 4670
886 887
17218 17219
4746 4747
26352 26353
58 59
33972 33973
31147 31148
27505 27506
20009 20010
27759 27760
13881 13882
21447 21448
6959 6960
18728 18729
15256 15257
869 870
20619 20620
31496 31497
6505 6506
6518 6519
16497 16498
16014 16015
17780 17781
3689 3690
35387 35388
9880 9881
3082 3083
18544 18545
7874 7875
39207 39208
25553 25554
25558 25559
24654 24655
17454 17455
1911 1912
25465 25466
12584 12585
2076 2077
797 798
14875 14876
10232 10233
28362 28363
32529 32530
35828 35829
20654 20655
11281 11282
9764 9765
3458 3459
31778 31779
10595 10596
6365 6366
1040 1041
14246 14247
17617 17618
19819 19820
30956 30957
29255 29256
20604 20605
16582 16583
2598 2599
25803 25804
27075 27076
20177 20178
4216 4217
24056 24057
22863 22864
10210 10211
3808 3809
24545 24546
30844 30845
11005 11006
14239 14240
13206 13207
17017 17018
17863 17864
36044 36045
36935 36936
4225 4226
24120 24121
19421 19422
12710 12711
9631 9632
30495 30496
4207 4208
19654 19655
6211 6212
4125 4126
33551 33552
19066 19067
38268 38269
15894 15895
19385 19386
19773 19774
36316 36317
17117 17118
21301 21302
6897 6898
31086 31087
7661 7662
38056 38057
20138 20139
9548 9549
11399 11400
31067 31068
1054 1055
5606 5607
4089 4090
21771 21772
8301 8302
17434 17435
29076 29077
14595 14596
38219 38220
24472 24473
26092 26093
38349 38350
21686 21687
8996 8997
27202 27203
33122 33123
22046 22047
18663 18664
35318 35319
23752 23753
31450 31451
24349 24350
35088 35089
31951 31952
38349 38350
23538 23539
38983 38984
1282 1283
30271 30272
25577 25578
8837 8838
25523 25524
7284 7285
6679 6680
32450 32451
25626 25627
562 563
22197 22198
17711 17712
31958 31959
14179 14180
23308 23309
13437 13438
39350 39351
26059 26060
31570 31571
3926 3927
31483 31484
7588 7589
6112 6113
15020 15021
37240 37241
29966 29967
3732 3733
34137 34138
12523 12524
26734 26735
12429 12430
21741 21742
29966 29967
24718 24719
4345 4346
20962 20963
29436 29437
234 235
16405 16406
21914 21915
6907 6908
22925 22926
20937 20938
10380 10381
15651 15652
15212 15213
7330 7331
9165 9166
30763 30764
10344 10345
12067 12068
34466 34467
11547 11548
20621 20622
18427 18428
21896 21897
38621 38622
11257 11258
27277 27278
3078 3079
20113 20114
14878 14879
39242 39243
4331 4332
19522 19523
18989 18990
23700 23701
30485 30486
9752 9753
34960 34961
4827 4828
39676 39677
27605 27606
24666 24667
2832 2833
25653 25654
16826 16827
4714 4715
12291 12292
3863 3864
14000 14001
13489 13490
4920 4921
6880 6881
1988 1989
24846 24847
39592 39593
15367 15368
3072 3073
9762 9763
19849 19850
35114 35115
33652 33653
6675 6676
26327 26328
2711 2712
20048 20049
24311 24312
38294 38295
28871 28872
2912 2913
21628 21629
23399 23400
8962 8963
21431 21432
112 113
39222 39223
11902 11903
23979 23980
21550 21551
26165 26166
36644 36645
21310 21311
26349 26350
18865 18866
26536 26537
3745 3746
3703 3704
5924 5925
12292 12293
34226 34227
27649 27650
30568 30569
35827 35828
27302 27303
12502 12503
1052 1053
5405 5406
895 896
25355 25356
32839 32840
37860 37861
38448 38449
32785 32786
22986 22987
21945 21946
2877 2878
15769 15770
12896 12897
12168 12169
16817 16818
39918 39919
19608 19609
6954 6955
19074 19075
21158 21159
12166 12167
7980 7981
14523 14524
21466 21467
12021 12022
35956 35957
39135 39136
38849 38850
35620 35621
15632 15633
2772 2773
579 580
25546 25547
36417 36418
3124 3125
17775 17776
4521 4522
8751 8752
39380 39381
16576 16577
36325 36326
22411 22412
23963 23964
36740 36741
949 950
22927 22928
5798 5799
29999 30000
35522 35523
16397 16398
39257 39258
6261 6262
10763 10764
29742 29743
38382 38383
16817 16818
20718 20719
989 990
38466 38467
38533 38534
35390 35391
10118 10119
12064 12065
17467 17468
39835 39836
5619 5620
11312 11313
6752 6753
26254 26255
16825 16826
16926 16927
12470 12471
19914 19915
35265 35266
10966 10967
14660 14661
38599 38600
35356 35357
2350 2351
3385 3386
9702 9703
17052 17053
4123 4124
2956 2957
3330 3331
7306 7307
32037 32038
24831 24832
13580 13581
15787 15788
12340 12341
1115 1116
7779 7780
1052 1053
20025 20026
38271 38272
32516 32517
9365 9366
20619 20620
8316 8317
39265 39266
16283 16284
7907 7908
30062 30063
39776 39777
28375 28376
38606 38607
15772 15773
28517 28518
24187 24188
24517 24518
3615 3616
15999 16000
9038 9039
29984 29985
5278 5279
20335 20336
36171 36172
1020 1021
28358 28359
25195 25196
6070 6071
10885 10886
28153 28154
31895 31896
18211 18212
29925 29926
15086 15087
2901 2902
10560 10561
15949 15950
1681 1682
48 49
19281 19282
26146 26147
23335 23336
16519 16520
10700 10701
27137 27138
10798 10799
16516 16517
7083 7084
9625 9626
38454 38455
8682 8683
31767 31768
23722 23723
557 558
33 34
23125 23126
12336 12337
5122 5123
26059 26060
28972 28973
8748 8749
11421 11422
23148 23149
20709 20710
268 269
28712 28713
39801 39802
34670 34671
38992 38993
746 747
8610 8611
37916 37917
12541 12542
22027 22028
12284 12285
26435 26436
6969 6970
6437 6438
39014 39015
26217 26218
11043 11044
31731 31732
17661 17662
9403 9404
10041 10042
1079 1080
35102 35103
18880 18881
18455 18456
28265 28266
38861 38862
2259 2260
9846 9847
1243 1244
26307 26308
25759 25760
35059 35060
36236 36237
31280 31281
3754 3755
36001 36002
23173 23174
19627 19628
31549 31550
7556 7557
7802 7803
12365 12366
21624 21625
17174 17175
17340 17341
35358 35359
35334 35335
8959 8960
34288 34289
35303 35304
16837 16838
9026 9027
36340 36341
24697 24698
13033 13034
373 374
24699 24700
859 860
9843 9844
37237 37238
5921 5922
23674 23675
20807 20808
2613 2614
15042 15043
20098 20099
2760 2761
2235 2236
20222 20223
33599 33600
10299 10300
21396 21397
39795 39796
14754 14755
11677 11678
21762 21763
8401 8402
9551 9552
26251 26252
3184 3185
8893 8894
9743 9744
32508 32509
34929 34930
28769 28770
26275 26276
20288 20289
2570 2571
7434 7435
21937 21938
20953 20954
39543 39544
2202 2203
23055 23056
6129 6130
33253 33254
6702 6703
977 978
15029 15030
32613 32614
31870 31871
37905 37906
30244 30245
17666 17667
34644 34645
33593 33594
11498 11499
4353 4354
34517 34518
1747 1748
36846 36847
18443 18444
5109 5110
25299 25300
7038 7039
9451 9452
15990 15991
15024 15025
29890 29891
25971 25972
35416 35417
36024 36025
31472 31473
7558 7559
6855 6856
36511 36512
1335 1336
7411 7412
29353 29354
26851 26852
25702 25703
38654 38655
17365 17366
38388 38389
5757 5758
6180 6181
26017 26018
6227 6228
19986 19987
26875 26876
38661 38662
5748 5749
6692 6693
22974 22975
17273 17274
9532 9533
5180 5181
30711 30712
14951 14952
7100 7101
22275 22276
31047 31048
10340 10341
23485 23486
5029 5030
33398 33399
23437 23438
20134 20135
5307 5308
27314 27315
10141 10142
20639 20640
34104 34105
12014 12015
22923 22924
29764 29765
29523 29524
38766 38767
26154 26155
327 328
26207 26208
15236 15237
33644 33645
10732 10733
35817 35818
17145 17146
5943 5944
13309 13310
9515 9516
2265 2266
7077 7078
27044 27045
30578 30579
3862 3863
9686 9687
24883 24884
21013 21014
9371 9372
27621 27622
39938 39939
36502 36503
34069 34070
6618 6619
11000 11001
30158 30159
4555 4556
8116 8117
4412 4413
34338 34339
8432 8433
22941 22942
16614 16615
28113 28114
15573 15574
33100 33101
37979 37980
36683 36684
15337 15338
29300 29301
36247 36248
30386 30387
36204 36205
32652 32653
212 213
11456 11457
12872 12873
16126 16127
12524 12525
17226 17227
17348 17349
11652 11653
5018 5019
38485 38486
31174 31175
5823 5824
34730 34731
18069 18070
31094 31095
27350 27351
33656 33657
7286 7287
14069 14070
2628 2629
20454 20455
218 219
27239 27240
30638 30639
17350 17351
25070 25071
21098 21099
38345 38346
16336 16337
27151 27152
4461 4462
26031 26032
29492 29493
7065 7066
6877 6878
26305 26306
11150 11151
15275 15276
32853 32854
18406 18407
20656 20657
23064 23065
366 367
30025 30026
18799 18800
7601 7602
33439 33440
28326 28327
15115 15116
1441 1442
21379 21380
14659 14660
8175 8176
25397 25398
184 185
22169 22170
32568 32569
5537 5538
1346 1347
29446 29447
22138 22139
27729 27730
25916 25917
35896 35897
25789 25790
30260 30261
22110 22111
16412 16413
21559 21560
5618 5619
646 647
32533 32534
5778 5779
8862 8863
17572 17573
39783 39784
12584 12585
13605 13606
22173 22174
35988 35989
91 92
9430 9431
11464 11465
33148 33149
22209 22210
5129 5130
13205 13206
30666 30667
3352 3353
26929 26930
10183 10184
9029 9030
29763 29764
1810 1811
15979 15980
6294 6295
24319 24320
20359 20360
33611 33612
18810 18811
36879 36880
26274 26275
2017 2018
7093 7094
11826 11827
8895 8896
12667 12668
6290 6291
22141 22142
35339 35340
209 210
14088 14089
22944 22945
8427 8428
35356 35357
7315 7316
14357 14358
31455 31456
29009 29010
35464 35465
14064 14065
31722 31723
6345 6346
15649 15650
600 601
8230 8231
25011 25012
20610 20611
17568 17569
37980 37981
21482 21483
15904 15905
1927 1928
23420 23421
195 196
14119 14120
25650 25651
32405 32406
2079 2080
30120 30121
5140 5141
16633 16634
9996 9997
14080 14081
38927 38928
10475 10476
16084 16085
4681 4682
36487 36488
39284 39285
18037 18038
5060 5061
21537 21538
10529 10530
39562 39563
24167 24168
17834 17835
5292 5293
21123 21124
8724 8725
26482 26483
33859 33860
30565 30566
17170 17171
36182 36183
29561 29562
12089 12090
17866 17867
25488 25489
32461 32462
29671 29672
29278 29279
12976 12977
8656 8657
14486 14487
37864 37865
6829 6830
31108 31109
16954 16955
7846 7847
5110 5111
12143 12144
5752 5753
30397 30398
27001 27002
29555 29556
2810 2811
26262 26263
6882 6883
17005 17006
5588 5589
8278 8279
1448 1449
10491 10492
25483 25484
4143 4144
29398 29399
18897 18898
33393 33394
31793 31794
11248 11249
3535 3536
35004 35005
27076 27077
11190 11191
37641 37642
35197 35198
13278 13279
9158 9159
18000 18001
24040 24041
17149 17150
33403 33404
22534 22535
25207 25208
846 847
6482 6483
10063 10064
12569 12570
10644 10645
15370 15371
32121 32122
2984 2985
4788 4789
12953 12954
281 282
12461 12462
1759 1760
2382 2383
18724 18725
15386 15387
5152 5153
32344 32345
25615 25616
7933 7934
14724 14725
17992 17993
4512 4513
36434 36435
23142 23143
37450 37451
15064 15065
28493 28494
20520 20521
4038 4039
12280 12281
30665 30666
14355 14356
38352 38353
38513 38514
4344 4345
35171 35172
13759 13760
23886 23887
21310 21311
21846 21847
33365 33366
35686 35687
27952 27953
20847 20848
22131 22132
27767 27768
7024 7025
30318 30319
8828 8829
19784 19785
29158 29159
9638 9639
30738 30739
39500 39501
17532 17533
25586 25587
22195 22196
1791 1792
26019 26020
13869 13870
3801 3802
15832 15833
13275 13276
33600 33601
33892 33893
16522 16523
16240 16241
7624 7625
684 685
11589 11590
35743 35744
16373 16374
37344 37345
39611 39612
28807 28808
6213 6214
17584 17585
25595 25596
10483 10484
29890 29891
39088 39089
1746 1747
33461 33462
12548 12549
950 951
5869 5870
18014 18015
37786 37787
35411 35412
38413 38414
36561 36562
36434 36435
31814 31815
5349 5350
27399 27400
20812 20813
19944 19945
2219 2220
6825 6826
19700 19701
10042 10043
575 576
11305 11306
19212 19213
23528 23529
32170 32171
17149 17150
39597 39598
39336 39337
526 527
24494 24495
23348 23349
37803 37804
37260 37261
10216 10217
8625 8626
6596 6597
10640 10641
4218 4219
12755 12756
20838 20839
13902 13903
21953 21954
37141 37142
27435 27436
29076 29077
8881 8882
12065 12066
31312 31313
28878 28879
9657 9658
30814 30815
2380 2381
24879 24880
36921 36922
12106 12107
6753 6754
27881 27882
19553 19554
1388 1389
16981 16982
14789 14790
6084 6085
35227 35228
15315 15316
13012 13013
24894 24895
34920 34921
5275 5276
38440 38441
2900 2901
8246 8247
19012 19013
37875 37876
30712 30713
10616 10617
17192 17193
31768 31769
21203 21204
28693 28694
5879 5880
5576 5577
37027 37028
19249 19250
15110 15111
27440 27441
17393 17394
1765 1766
29558 29559
7680 7681
29330 29331
38717 38718
1906 1907
12646 12647
15622 15623
13209 13210
31305 31306
2864 2865
12789 12790
8009 8010
24908 24909
5587 5588
28285 28286
34361 34362
17331 17332
37033 37034
29148 29149
12437 12438
39511 39512
31854 31855
10643 10644
37086 37087
8770 8771
14731 14732
14376 14377
36415 36416
35143 35144
28209 28210
35061 35062
7339 7340
16640 16641
31509 31510
21529 21530
2971 2972
4969 4970
25054 25055
1053 1054
24231 24232
36270 36271
11537 11538
24157 24158
4453 4454
11769 11770
7888 7889
14150 14151
39101 39102
39004 39005
13698 13699
30410 30411
36595 36596
22997 22998
20354 20355
39490 39491
33993 33994
14374 14375
25055 25056
22942 22943
22190 22191
33711 33712
37533 37534
12160 12161
5392 5393
17541 17542
1974 1975
29447 29448
30812 30813
36447 36448
17814 17815
5212 5213
10087 10088
28023 28024
8805 8806
10842 10843
8369 8370
4827 4828
10269 10270
4822 4823
20912 20913
5687 5688
30516 30517
13089 13090
6173 6174
2568 2569
13629 13630
3170 3171
39458 39459
5713 5714
3807 3808
37994 37995
16259 16260
3903 3904
12097 12098
8673 8674
6055 6056
12779 12780
30125 30126
19080 19081
29099 29100
17313 17314
19692 19693
7772 7773
23707 23708
6737 6738
38190 38191
32912 32913
3100 3101
9129 9130
16363 16364
35056 35057
15147 15148
18177 18178
29661 29662
30171 30172
11847 11848
10766 10767
25321 25322
4442 4443
11762 11763
22320 22321
25749 25750
6722 6723
36308 36309
19596 19597
23328 23329
39438 39439
38308 38309
30002 30003
35834 35835
16331 16332
22946 22947
721 722
5679 5680
33266 33267
12830 12831
38511 38512
37508 37509
5649 5650
25105 25106
17431 17432
22707 22708
31045 31046
10733 10734
32625 32626
1839 1840
36750 36751
14084 14085
35291 35292
2465 2466
9043 9044
31424 31425
28356 28357
18176 18177
31885 31886
17947 17948
2991 2992
33170 33171
3785 3786
20608 20609
22266 22267
22955 22956
29837 29838
4845 4846
18364 18365
18966 18967
6507 6508
26967 26968
33681 33682
25511 25512
11559 11560
3569 3570
5542 5543
30619 30620
14745 14746
31977 31978
3034 3035
10487 10488
25375 25376
5029 5030
8077 8078
37543 37544
17802 17803
25738 25739
5570 5571
2382 2383
27536 27537
24663 24664
35777 35778
21477 21478
12049 12050
13567 13568
4339 4340
34631 34632
19214 19215
8690 8691
8392 8393
175 176
5633 5634
3409 3410
8988 8989
22936 22937
33898 33899
33169 33170
29143 29144
30989 30990
28087 28088
6484 6485
13659 13660
14255 14256
10247 10248
36046 36047
16399 16400
2054 2055
35676 35677
5072 5073
22259 22260
21241 21242
21452 21453
19192 19193
23037 23038
19133 19134
38592 38593
18615 18616
25719 25720
13379 13380
37212 37213
13377 13378
3115 3116
31176 31177
32385 32386
23008 23009
39591 39592
19199 19200
25897 25898
20447 20448
13516 13517
16935 16936
9740 9741
32155 32156
14773 14774
26166 26167
15638 15639
25542 25543
39506 39507
16306 16307
2248 2249
5534 5535
14087 14088
38020 38021
2381 2382
14561 14562
6040 6041
4757 4758
26672 26673
35915 35916
31768 31769
16899 16900
37834 37835
2031 2032
26842 26843
19754 19755
15757 15758
18965 18966
7664 7665
21002 21003
5700 5701
35584 35585
9158 9159
31221 31222
18701 18702
9269 9270
408 409
28664 28665
37363 37364
36268 36269
2855 2856
33252 33253
29630 29631
20760 20761
17602 17603
9691 9692
2529 2530
8483 8484
20337 20338
8612 8613
29359 29360
11952 11953
13514 13515
15858 15859
24024 24025
3911 3912
8077 8078
37483 37484
24657 24658
18961 18962
3395 3396
14422 14423
6991 6992
34587 34588
34795 34796
13167 13168
13744 13745
38790 38791
18868 18869
6368 6369
37362 37363
14138 14139
23750 23751
27592 27593
20158 20159
12087 12088
12644 12645
8324 8325
38775 38776
6309 6310
821 822
22653 22654
21596 21597
10963 10964
14775 14776
33953 33954
26773 26774
16796 16797
22913 22914
28085 28086
7512 7513
34336 34337
28199 28200
12416 12417
30093 30094
9171 9172
34607 34608
26165 26166
32989 32990
2988 2989
5994 5995
16467 16468
37226 37227
10543 10544
4882 4883
6011 6012
36607 36608
5402 5403
20730 20731
36118 36119
20155 20156
15607 15608
2923 2924
19797 19798
29370 29371
27181 27182
26594 26595
13149 13150
39536 39537
38562 38563
22715 22716
20385 20386
28010 28011
31152 31153
741 742
16769 16770
38316 38317
19924 19925
20781 20782
8975 8976
32470 32471
30715 30716
8360 8361
13287 13288
10025 10026
26441 26442
23224 23225
33518 33519
5530 5531
15769 15770
12034 12035
39547 39548
15301 15302
32819 32820
37945 37946
12407 12408
6600 6601
21759 21760
22722 22723
21199 21200
798 799
18856 18857
22881 22882
12113 12114
2201 2202
38697 38698
24485 24486
29285 29286
23067 23068
30822 30823
35995 35996
15647 15648
19790 19791
38073 38074
36218 36219
26358 26359
10617 10618
22503 22504
23095 23096
29171 29172
21655 21656
23524 23525
13418 13419
28775 28776
13810 13811
32911 32912
21126 21127
12285 12286
10 11
10525 10526
7928 7929
4969 4970
15408 15409
9152 9153
24433 24434
36677 36678
20457 20458
2323 2324
14292 14293
21244 21245
25875 25876
29757 29758
18725 18726
3256 3257
38761 38762
37084 37085
34544 34545
13182 13183
9455 9456
3878 3879
21133 21134
5411 5412
13975 13976
36866 36867
32325 32326
4320 4321
20788 20789
29759 29760
21009 21010
32208 32209
22500 22501
8435 8436
27434 27435
34631 34632
1814 1815
5786 5787
24781 24782
32422 32423
39363 39364
5982 5983
37806 37807
18253 18254
32985 32986
36348 36349
27788 27789
39610 39611
19544 19545
14703 14704
34720 34721
24677 24678
35863 35864
6886 6887
33900 33901
5906 5907
25614 25615
3493 3494
4474 4475
19415 19416
3254 3255
18136 18137
34865 34866
27251 27252
12109 12110
17358 17359
2470 2471
7977 7978
17959 17960
32326 32327
8766 8767
30697 30698
32512 32513
32978 32979
5709 5710
39873 39874
23851 23852
22029 22030
30421 30422
5598 5599
28940 28941
35302 35303
2261 2262
22245 22246
10509 10510
11131 11132
5844 5845
10912 10913
36030 36031
36945 36946
36761 36762
90 91
11195 11196
34638 34639
25750 25751
23541 23542
7565 7566
35582 35583
23672 23673
5959 5960
2548 2549
2008 2009
8111 8112
8708 8709
27627 27628
4585 4586
30375 30376
18626 18627
39062 39063
25006 25007
2351 2352
34869 34870
37912 37913
29762 29763
750 751
1307 1308
38460 38461
29126 29127
6551 6552
38539 38540
11346 11347
14417 14418
36148 36149
24109 24110
19138 19139
28613 28614
28929 28930
34908 34909
23708 23709
23018 23019
27026 27027
1591 1592
15649 15650
27566 27567
3488 3489
35460 35461
31889 31890
10780 10781
33657 33658
36170 36171
8192 8193
39269 39270
15698 15699
2395 2396
7099 7100
6527 6528
16220 16221
19748 19749
34918 34919
16413 16414
22759 22760
2050 2051
20814 20815
12958 12959
22655 22656
5474 5475
29821 29822
33097 33098
13428 13429
34602 34603
23063 23064
7649 7650
23879 23880
16534 16535
33619 33620
36043 36044
23741 23742
17399 17400
24300 24301
7807 7808
15459 15460
23443 23444
9061 9062
23551 23552
28297 28298
34826 34827
8406 8407
16001 16002
4262 4263
28043 28044
10859 10860
27785 27786
17291 17292
16045 16046
26846 26847
27113 27114
32491 32492
27663 27664
2548 2549
31052 31053
35578 35579
13193 13194
18680 18681
5780 5781
29616 29617
17506 17507
38270 38271
10258 10259
21861 21862
23651 23652
2152 2153
36328 36329
6202 6203
21434 21435
4374 4375
30187 30188
30853 30854
39630 39631
26147 26148
3342 3343
37147 37148
13213 13214
6465 6466
13051 13052
36469 36470
4742 4743
8951 8952
11749 11750
10563 10564
27828 27829
38220 38221
35835 35836
36732 36733
1786 1787
17331 17332
1443 1444
37407 37408
17961 17962
24027 24028
9536 9537
36712 36713
12198 12199
3330 3331
4384 4385
16079 16080
32240 32241
34030 34031
6480 6481
16385 16386
12791 12792
23330 23331
6295 6296
27576 27577
10332 10333
22516 22517
21692 21693
37700 37701
15227 15228
14247 14248
37558 37559
7100 7101
29690 29691
18487 18488
13552 13553
33831 33832
5000 5001
20949 20950
24537 24538
16769 16770
18270 18271
12137 12138
16242 16243
4992 4993
12874 12875
33581 33582
37017 37018
3866 3867
8242 8243
14745 14746
3392 3393
3793 3794
3377 3378
18760 18761
8412 8413
1350 1351
8422 8423
13718 13719
39703 39704
33781 33782
10224 10225
6029 6030
17978 17979
13554 13555
31580 31581
32252 32253
8081 8082
22562 22563
27985 27986
11427 11428
29244 29245
25317 25318
35411 35412
161 162
34409 34410
13887 13888
841 842
5059 5060
18954 18955
4851 4852
24992 24993
9153 9154
28977 28978
19683 19684
25174 25175
19044 19045
24225 24226
6110 6111
37200 37201
36568 36569
29546 29547
31610 31611
21256 21257
33005 33006
9625 9626
19731 19732
36003 36004
23966 23967
10083 10084
8492 8493
6487 6488
15717 15718
7540 7541
27195 27196
31463 31464
37616 37617
30999 31000
22412 22413
18439 18440
37379 37380
29710 29711
21986 21987
36492 36493
14154 14155
534 535
16099 16100
5363 5364
32515 32516
9801 9802
24928 24929
30886 30887
38002 38003
17025 17026
33489 33490
28704 28705
27436 27437
10143 10144
8156 8157
15134 15135
35711 35712
31929 31930
28704 28705
29280 29281
36655 36656
16830 16831
35005 35006
16032 16033
19424 19425
6233 6234
18139 18140
32035 32036
22087 22088
7194 7195
1022 1023
16421 16422
20865 20866
27206 27207
23217 23218
8544 8545
17943 17944
9354 9355
26269 26270
4330 4331
6942 6943
8233 8234
1133 1134
26008 26009
10998 10999
5864 5865
23775 23776
8247 8248
34134 34135
33822 33823
15510 15511
29261 29262
20226 20227
17702 17703
15367 15368
14249 14250
13818 13819
14792 14793
16126 16127
10135 10136
10507 10508
32242 32243
16954 16955
21020 21021
31899 31900
36285 36286
26940 26941
6827 6828
7763 7764
11531 11532
8806 8807
11567 11568
7176 7177
12853 12854
3517 3518
700 701
37395 37396
34507 34508
16917 16918
33537 33538
9074 9075
19839 19840
32929 32930
17977 17978
16740 16741
14817 14818
11497 11498
4331 4332
2169 2170
22234 22235
24946 24947
20553 20554
249 250
12857 12858
16342 16343
21800 21801
22020 22021
24560 24561
31194 31195
6801 6802
3559 3560
14352 14353
34065 34066
7687 7688
33885 33886
21116 21117
1648 1649
18517 18518
36684 36685
21214 21215
25795 25796
37351 37352
34807 34808
8355 8356
4372 4373
560 561
3182 3183
39057 39058
30305 30306
21635 21636
17317 17318
15972 15973
10721 10722
38821 38822
38208 38209
26067 26068
27196 27197
28915 28916
38408 38409
36005 36006
34193 34194
30544 30545
4917 4918
19334 19335
14376 14377
8516 8517
32873 32874
35697 35698
3668 3669
36568 36569
24943 24944
36209 36210
34496 34497
29706 29707
29160 29161
38801 38802
14035 14036
22881 22882
14262 14263
23683 23684
20941 20942
37638 37639
4191 4192
12364 12365
21187 21188
4245 4246
39785 39786
7120 7121
24551 24552
24019 24020
10469 10470
12807 12808
32415 32416
39091 39092
32763 32764
1707 1708
6511 6512
26016 26017
37855 37856
21433 21434
31791 31792
20780 20781
24137 24138
24952 24953
25544 25545
17018 17019
4421 4422
23145 23146
9182 9183
7013 7014
18608 18609
15369 15370
31350 31351
10881 10882
6075 6076
4302 4303
20164 20165
7826 7827
7126 7127
20765 20766
3997 3998
29695 29696
31960 31961
4142 4143
28305 28306
18568 18569
37439 37440
21846 21847
4354 4355
26464 26465
19553 19554
26901 26902
37440 37441
12016 12017
5469 5470
10997 10998
12656 12657
31878 31879
18989 18990
691 692
21007 21008
21430 21431
2486 2487
34933 34934
37270 37271
27441 27442
2911 2912
11697 11698
6560 6561
18323 18324
39306 39307
29930 29931
10272 10273
10151 10152
30875 30876
2965 2966
29609 29610
16348 16349
19524 19525
7003 7004
28128 28129
1404 1405
8298 8299
20257 20258
2825 2826
7234 7235
26772 26773
38819 38820
20660 20661
631 632
14181 14182
30588 30589
1292 1293
28932 28933
20787 20788
7492 7493
15200 15201
21892 21893
19825 19826
38599 38600
19962 19963
12147 12148
20574 20575
38879 38880
14782 14783
17536 17537
11522 11523
5561 5562
33737 33738
6337 6338
33746 33747
22995 22996
29241 29242
33155 33156
12500 12501
10078 10079
32253 32254
1907 1908
24650 24651
4978 4979
889 890
14934 14935
24153 24154
14755 14756
19668 19669
8318 8319
39363 39364
10275 10276
24054 24055
31365 31366
19004 19005
18681 18682
34077 34078
35433 35434
23043 23044
13758 13759
19887 19888
9432 9433
4516 4517
15034 15035
6700 6701
5083 5084
34713 34714
5248 5249
3813 3814
7311 7312
27478 27479
35128 35129
26716 26717
32814 32815
13166 13167
19915 19916
5391 5392
20919 20920
31284 31285
16331 16332
8511 8512
37778 37779
33629 33630
20380 20381
26109 26110
31637 31638
35118 35119
23374 23375
20123 20124
27394 27395
15905 15906
3786 3787
19058 19059
11089 11090
20304 20305
39303 39304
32086 32087
27816 27817
4436 4437
181 182
6708 6709
36932 36933
18691 18692
36629 36630
2782 2783
1003 1004
21894 21895
28084 28085
32760 32761
1144 1145
37600 37601
3681 3682
1967 1968
35569 35570
10388 10389
15368 15369
7785 7786
11908 11909
12380 12381
9301 9302
33981 33982
31254 31255
14010 14011
31712 31713
3373 3374
31498 31499
23008 23009
33884 33885
13879 13880
37784 37785
18771 18772
26667 26668
32884 32885
20215 20216
16489 16490
34409 34410
31302 31303
18827 18828
25105 25106
30626 30627
5977 5978
13114 13115
8065 8066
38059 38060
14333 14334
28262 28263
32648 32649
26483 26484
3003 3004
876 877
11287 11288
5180 5181
11531 11532
6262 6263
26343 26344
29525 29526
7578 7579
5710 5711
35674 35675
12150 12151
1945 1946
34131 34132
28224 28225
15639 15640
37472 37473
2923 2924
20293 20294
29270 29271
17688 17689
36203 36204
24514 24515
28111 28112
26286 26287
22212 22213
8106 8107
9068 9069
35815 35816
34359 34360
9377 9378
26673 26674
20284 20285
11865 11866
39038 39039
38176 38177
9057 9058
15511 15512
37851 37852
13643 13644
38610 38611
29934 29935
36755 36756
7429 7430
1749 1750
20346 20347
13484 13485
23998 23999
36953 36954
36303 36304
19709 19710
14646 14647
28053 28054
12596 12597
17404 17405
20203 20204
26684 26685
23432 23433
37114 37115
8816 8817
2987 2988
27841 27842
8571 8572
18319 18320
17294 17295
24221 24222
27234 27235
35187 35188
6370 6371
19236 19237
8466 8467
35104 35105
3275 3276
3741 3742
34303 34304
17963 17964
32600 32601
35526 35527
30554 30555
5649 5650
18368 18369
9344 9345
31776 31777
2295 2296
34928 34929
38251 38252
21319 21320
10482 10483
23065 23066
8235 8236
14124 14125
17915 17916
4269 4270
37562 37563
37869 37870
17864 17865
12706 12707
8631 8632
26210 26211
19751 19752
37428 37429
11214 11215
23587 23588
9987 9988
6344 6345
9321 9322
25302 25303
20830 20831
30556 30557
33286 33287
1275 1276
35370 35371
6438 6439
18331 18332
8231 8232
22014 22015
31516 31517
31465 31466
35033 35034
6103 6104
20976 20977
28029 28030
13932 13933
26940 26941
28474 28475
25559 25560
39408 39409
2753 2754
36460 36461
14597 14598
33460 33461
20053 20054
10657 10658
34542 34543
6539 6540
11804 11805
8619 8620
34054 34055
21606 21607
33221 33222
21559 21560
3220 3221
23445 23446
31808 31809
16616 16617
31371 31372
20401 20402
30043 30044
19418 19419
23345 23346
37215 37216
14090 14091
19721 19722
27729 27730
9879 9880
4153 4154
39677 39678
29509 29510
24431 24432
1547 1548
24986 24987
33736 33737
35375 35376
18484 18485
29829 29830
20889 20890
20578 20579
13415 13416
30938 30939
12477 12478
37993 37994
6212 6213
11974 11975
8809 8810
26089 26090
22696 22697
14050 14051
16221 16222
11976 11977
27119 27120
30961 30962
30520 30521
38016 38017
20505 20506
18081 18082
25993 25994
20485 20486
16882 16883
25613 25614
32770 32771
21964 21965
22643 22644
31743 31744
18301 18302
14208 14209
36572 36573
24397 24398
4935 4936
39594 39595
24322 24323
15303 15304
27164 27165
16292 16293
35823 35824
27126 27127
12391 12392
9834 9835
3089 3090
20447 20448
6115 6116
36645 36646
24957 24958
23845 23846
39069 39070
35389 35390
31972 31973
5256 5257
13771 13772
21962 21963
15111 15112
38524 38525
2885 2886
25341 25342
12106 12107
21908 21909
39823 39824
7523 7524
2428 2429
19548 19549
21805 21806
23057 23058
18343 18344
5413 5414
25875 25876
797 798
18366 18367
17531 17532
37894 37895
3273 3274
34008 34009
2244 2245
13189 13190
12736 12737
20465 20466
16301 16302
20237 20238
7352 7353
8889 8890
23421 23422
22657 22658
8450 8451
27667 27668
17380 17381
18299 18300
14842 14843
7499 7500
3939 3940
12503 12504
4188 4189
4006 4007
13016 13017
14694 14695
17246 17247
14748 14749
26498 26499
17601 17602
13140 13141
15694 15695
38491 38492
8277 8278
16179 16180
5782 5783
12652 12653
11703 11704
18496 18497
20109 20110
2192 2193
15253 15254
17314 17315
2412 2413
18903 18904
898 899
11683 11684
11728 11729
31435 31436
21876 21877
2882 2883
11606 11607
15236 15237
28348 28349
12361 12362
2292 2293
36712 36713
24362 24363
28686 28687
17710 17711
6736 6737
2856 2857
5408 5409
8627 8628
2170 2171
10688 10689
16615 16616
31369 31370
1402 1403
17140 17141
31977 31978
39272 39273
11398 11399
24310 24311
4109 4110
38274 38275
28594 28595
38812 38813
4541 4542
19734 19735
3883 3884
19662 19663
607 608
11399 11400
122 123
19960 19961
22509 22510
1220 1221
15839 15840
4952 4953
9164 9165
22405 22406
5063 5064
13670 13671
23378 23379
18381 18382
4306 4307
17478 17479
37162 37163
30571 30572
26392 26393
29716 29717
29018 29019
33240 33241
26353 26354
35204 35205
35225 35226
6915 6916
21057 21058
23799 23800
18566 18567
30302 30303
5809 5810
32726 32727
1782 1783
18844 18845
25309 25310
31473 31474
36748 36749
30103 30104
9856 9857
28465 28466
20319 20320
14098 14099
14450 14451
33267 33268
23093 23094
39221 39222
12769 12770
39823 39824
16165 16166
3712 3713
11247 11248
29645 29646
14547 14548
24731 24732
6304 6305
39411 39412
12859 12860
11377 11378
18488 18489
11922 11923
5579 5580
3811 3812
33500 33501
21772 21773
3566 3567
3793 3794
2753 2754
8651 8652
11369 11370
21099 21100
13045 13046
24403 24404
18203 18204
33162 33163
17300 17301
18836 18837
19597 19598
21403 21404
28315 28316
25001 25002
35577 35578
30000 30001
33025 33026
29001 29002
28046 28047
32530 32531
29588 29589
12914 12915
14609 14610
12441 12442
16257 16258
16480 16481
27183 27184
26099 26100
13844 13845
33204 33205
6688 6689
18833 18834
25585 25586
5515 5516
11431 11432
23743 23744
24052 24053
14968 14969
18269 18270
510 511
28008 28009
21296 21297
26090 26091
27319 27320
3402 3403
4591 4592
5718 5719
19676 19677
13784 13785
5520 5521
33734 33735
9848 9849
37847 37848
29498 29499
74 75
9529 9530
16588 16589
23066 23067
9301 9302
32310 32311
17185 17186
22584 22585
9187 9188
30622 30623
38683 38684
12360 12361
25695 25696
14306 14307
27227 27228
34326 34327
4206 4207
4445 4446
27306 27307
34730 34731
31143 31144
12544 12545
19835 19836
21591 21592
21436 21437
36474 36475
19049 19050
10790 10791
22029 22030
21354 21355
10653 10654
1760 1761
4623 4624
7799 7800
1117 1118
28772 28773
26237 26238
25505 25506
6036 6037
21555 21556
25068 25069
15173 15174
12799 12800
16941 16942
8855 8856
12038 12039
33652 33653
31417 31418
22465 22466
31051 31052
24754 24755
36765 36766
20381 20382
27703 27704
554 555
16295 16296
37803 37804
31439 31440
15299 15300
11138 11139
23200 23201
19408 19409
35417 35418
33850 33851
19647 19648
16817 16818
1815 1816
20884 20885
15068 15069
37469 37470
5753 5754
766 767
39389 39390
4160 4161
29604 29605
3036 3037
9778 9779
31256 31257
16315 16316
10190 10191
35050 35051
22014 22015
28169 28170
28367 28368
36180 36181
19570 19571
4111 4112
20127 20128
19211 19212
35150 35151
28912 28913
11787 11788
32758 32759
6508 6509
36212 36213
39980 39981
13721 13722
9595 9596
9123 9124
8735 8736
2114 2115
2649 2650
1463 1464
36035 36036
22601 22602
14796 14797
2185 2186
29158 29159
8710 8711
8663 8664
1671 1672
11413 11414
11375 11376
10812 10813
35054 35055
16879 16880
10714 10715
13797 13798
1917 1918
22917 22918
32428 32429
950 951
19210 19211
22624 22625
7353 7354
25243 25244
39993 39994
25041 25042
15168 15169
86 87
25218 25219
18695 18696
8103 8104
5888 5889
22646 22647
20170 20171
11567 11568
32353 32354
27769 27770
9571 9572
19978 19979
12397 12398
32707 32708
21190 21191
17808 17809
31115 31116
28464 28465
27304 27305
34611 34612
5534 5535
22483 22484
17028 17029
8392 8393
2333 2334
2819 2820
18063 18064
30363 30364
7348 7349
5111 5112
11037 11038
11302 11303
34704 34705
6998 6999
6659 6660
21256 21257
30792 30793
25405 25406
17684 17685
33227 33228
19346 19347
33824 33825
27040 27041
38581 38582
14245 14246
15548 15549
17580 17581
26969 26970
17718 17719
35832 35833
16126 16127
33428 33429
31105 31106
39838 39839
36641 36642
20778 20779
32878 32879
24321 24322
24768 24769
419 420
25859 25860
13831 13832
38162 38163
10078 10079
34983 34984
24799 24800
23232 23233
37363 37364
379 380
27517 27518
29340 29341
39746 39747
25453 25454
15523 15524
1771 1772
39086 39087
35490 35491
31320 31321
15774 15775
22607 22608
10478 10479
7006 7007
3994 3995
24982 24983
25281 25282
23874 23875
24402 24403
7230 7231
17536 17537
31342 31343
33679 33680
27651 27652
6029 6030
3334 3335
23140 23141
21320 21321
30736 30737
34307 34308
23092 23093
31107 31108
39575 39576
18957 18958
19658 19659
6802 6803
21829 21830
20895 20896
28119 28120
27705 27706
6496 6497
26745 26746
4312 4313
39407 39408
35167 35168
35797 35798
38581 38582
25043 25044
29618 29619
3017 3018
28933 28934
33343 33344
12052 12053
22183 22184
17994 17995
16228 16229
27922 27923
1570 1571
15651 15652
9923 9924
14478 14479
25785 25786
17900 17901
20761 20762
15586 15587
10843 10844
31639 31640
2506 2507
27043 27044
23587 23588
321 322
13587 13588
18954 18955
36251 36252
18318 18319
12098 12099
12377 12378
19352 19353
17476 17477
17631 17632
17438 17439
39559 39560
37169 37170
26277 26278
36232 36233
20018 20019
1576 1577
29497 29498
36422 36423
36475 36476
19327 19328
6185 6186
25680 25681
4973 4974
25890 25891
39945 39946
7808 7809
12272 12273
28143 28144
3122 3123
16356 16357
2008 2009
9950 9951
17224 17225
28209 28210
4742 4743
4279 4280
9899 9900
12950 12951
11585 11586
2022 2023
17955 17956
28647 28648
25186 25187
16892 16893
30272 30273
16411 16412
16844 16845
22878 22879
19775 19776
12428 12429
6612 6613
5322 5323
17279 17280
26409 26410
27981 27982
12580 12581
24027 24028
19007 19008
24301 24302
13350 13351
2695 2696
8479 8480
37899 37900
36704 36705
32415 32416
32669 32670
25212 25213
15537 15538
24106 24107
21169 21170
2427 2428
37860 37861
6011 6012
6707 6708
21264 21265
34231 34232
6817 6818
32068 32069
32300 32301
1443 1444
39610 39611
25094 25095
33493 33494
8513 8514
16041 16042
1381 1382
33126 33127
25926 25927
30737 30738
18802 18803
2051 2052
635 636
13511 13512
29982 29983
23254 23255
30513 30514
38856 38857
4570 4571
20893 20894
11359 11360
21908 21909
30133 30134
11893 11894
25291 25292
5482 5483
6753 6754
25765 25766
8968 8969
33379 33380
24286 24287
26331 26332
9658 9659
30350 30351
17948 17949
19257 19258
26452 26453
19793 19794
35304 35305
22483 22484
7014 7015
4231 4232
6159 6160
8258 8259
29130 29131
8112 8113
16914 16915
6036 6037
34322 34323
39407 39408
31932 31933
6754 6755
6103 6104
21991 21992
12454 12455
35739 35740
28646 28647
12809 12810
16788 16789
18100 18101
5655 5656
688 689
39871 39872
34073 34074
38811 38812
15959 15960
5470 5471
4851 4852
3445 3446
22026 22027
37436 37437
25854 25855
8033 8034
29693 29694
16383 16384
6178 6179
37112 37113
22926 22927
35147 35148
1010 1011
14450 14451
26979 26980
28755 28756
37610 37611
16372 16373
3661 3662
26855 26856
18868 18869
16135 16136
34933 34934
11008 11009
31645 31646
9688 9689
2258 2259
14774 14775
26255 26256
14169 14170
25418 25419
5826 5827
27266 27267
39542 39543
28740 28741
14247 14248
3903 3904
33407 33408
2537 2538
36508 36509
12391 12392
33761 33762
3042 3043
34271 34272
36212 36213
38778 38779
32840 32841
6206 6207
3007 3008
22603 22604
13604 13605
11392 11393
27324 27325
8707 8708
3873 3874
28600 28601
26334 26335
24151 24152
38303 38304
5791 5792
24445 24446
38571 38572
28297 28298
6785 6786
376 377
23894 23895
13291 13292
35349 35350
4895 4896
9301 9302
10075 10076
4902 4903
39070 39071
5833 5834
24686 24687
32153 32154
27874 27875
23126 23127
9514 9515
33656 33657
27062 27063
32477 32478
15457 15458
3639 3640
34297 34298
31061 31062
38956 38957
9728 9729
9972 9973
18841 18842
27294 27295
3910 3911
14843 14844
22814 22815
17562 17563
6059 6060
19400 19401
11792 11793
32083 32084
27682 27683
25781 25782
26874 26875
26418 26419
4199 4200
2456 2457
22042 22043
30831 30832
15926 15927
32818 32819
22334 22335
39978 39979
26700 26701
10527 10528
17525 17526
34700 34701
13374 13375
25079 25080
34212 34213
5835 5836
32800 32801
21931 21932
5727 5728
17022 17023
28364 28365
12832 12833
33779 33780
10016 10017
5249 5250
2580 2581
19973 19974
26749 26750
4075 4076
29250 29251
38779 38780
10409 10410
15544 15545
11697 11698
11756 11757
19281 19282
26180 26181
120 121
7407 7408
39957 39958
14295 14296
20816 20817
37039 37040
25149 25150
4490 4491
7905 7906
19898 19899
13175 13176
1277 1278
32295 32296
2359 2360
3052 3053
18696 18697
28735 28736
27502 27503
35698 35699
19464 19465
35476 35477
27983 27984
34421 34422
5699 5700
25851 25852
35892 35893
15054 15055
10638 10639
17907 17908
332 333
17769 17770
20408 20409
33517 33518
37918 37919
9353 9354
2134 2135
24711 24712
13383 13384
23095 23096
13273 13274
37999 38000
13107 13108
20250 20251
22893 22894
3433 3434
15824 15825
5172 5173
37229 37230
35098 35099
17493 17494
33862 33863
16938 16939
731 732
28679 28680
36989 36990
17465 17466
23596 23597
32683 32684
24410 24411
31952 31953
8931 8932
19446 19447
960 961
5447 5448
36401 36402
15814 15815
19435 19436
29817 29818
14990 14991
6561 6562
23350 23351
29760 29761
33759 33760
22409 22410
37090 37091
27899 27900
25790 25791
18618 18619
34915 34916
34991 34992
34870 34871
34830 34831
5312 5313
25566 25567
30795 30796
22317 22318
34875 34876
25706 25707
8138 8139
6962 6963
30966 30967
23402 23403
22811 22812
20778 20779
24145 24146
27462 27463
8726 8727
8891 8892
13641 13642
11818 11819
14359 14360
21068 21069
3619 3620
24886 24887
24957 24958
25337 25338
15348 15349
12147 12148
12478 12479
19900 19901
30550 30551
365 366
39532 39533
30093 30094
1436 1437
7813 7814
10243 10244
31310 31311
32419 32420
27029 27030
29436 29437
13889 13890
17744 17745
4433 4434
20597 20598
2698 2699
36739 36740
959 960
23873 23874
10132 10133
9317 9318
2151 2152
7899 7900
1707 1708
36730 36731
9435 9436
14487 14488
133 134
5463 5464
20668 20669
22921 22922
9266 9267
4289 4290
35500 35501
32100 32101
7316 7317
13921 13922
32282 32283
13450 13451
2651 2652
35624 35625
9343 9344
20368 20369
20588 20589
19032 19033
27694 27695
7960 7961
16000 16001
36422 36423
31770 31771
6527 6528
36676 36677
20109 20110
14859 14860
18179 18180
35168 35169
39230 39231
22675 22676
6456 6457
38332 38333
36464 36465
149 150
32977 32978
26452 26453
9581 9582
20628 20629
5197 5198
37528 37529
4914 4915
30414 30415
8900 8901
25657 25658
12957 12958
2629 2630
21507 21508
13562 13563
38958 38959
35289 35290
1388 1389
8897 8898
27549 27550
30217 30218
14768 14769
26183 26184
36540 36541
17391 17392
25071 25072
33793 33794
19945 19946
876 877
28650 28651
30307 30308
35526 35527
15389 15390
5370 5371
36539 36540
32847 32848
4440 4441
16760 16761
4495 4496
33144 33145
38499 38500
17445 17446
31403 31404
15063 15064
1266 1267
13043 13044
906 907
19404 19405
29462 29463
10665 10666
22664 22665
14405 14406
22656 22657
35359 35360
6978 6979
2953 2954
1204 1205
17320 17321
14631 14632
3367 3368
31360 31361
28041 28042
22339 22340
7114 7115
19045 19046
11110 11111
38858 38859
16166 16167
9108 9109
30900 30901
5451 5452
19160 19161
27876 27877
7725 7726
35569 35570
33121 33122
29292 29293
24441 24442
19555 19556
31616 31617
27180 27181
17107 17108
17136 17137
27229 27230
9966 9967
4214 4215
13832 13833
12826 12827
17128 17129
33719 33720
5307 5308
8327 8328
35588 35589
13405 13406
21598 21599
33572 33573
25563 25564
21460 21461
33141 33142
4622 4623
6972 6973
27623 27624
4184 4185
17453 17454
38380 38381
22802 22803
9531 9532
36084 36085
18458 18459
19948 19949
19139 19140
17923 17924
4494 4495
36196 36197
16704 16705
14339 14340
35024 35025
12312 12313
22746 22747
9381 9382
7074 7075
3780 3781
24580 24581
2333 2334
1414 1415
38641 38642
31403 31404
12079 12080
6854 6855
14966 14967
19563 19564
14294 14295
7336 7337
3909 3910
1885 1886
16528 16529
20321 20322
4599 4600
34477 34478
30072 30073
15884 15885
39932 39933
4163 4164
34643 34644
22348 22349
23764 23765
28608 28609
4413 4414
12457 12458
16063 16064
17975 17976
30267 30268
3782 3783
6087 6088
33908 33909
11534 11535
8671 8672
2237 2238
31279 31280
33142 33143
20328 20329
19825 19826
28112 28113
1193 1194
18290 18291
21148 21149
37841 37842
6018 6019
16789 16790
14179 14180
25226 25227
28753 28754
1642 1643
1319 1320
12833 12834
31539 31540
32915 32916
15635 15636
39974 39975
10670 10671
16417 16418
12925 12926
35936 35937
8690 8691
10511 10512
25599 25600
38053 38054
18952 18953
20514 20515
8391 8392
34213 34214
28022 28023
36738 36739
16095 16096
13442 13443
33524 33525
26126 26127
9644 9645
4099 4100
10226 10227
30054 30055
28046 28047
17266 17267
31544 31545
17499 17500
17137 17138
22190 22191
30662 30663
36437 36438
8808 8809
32884 32885
22330 22331
178 179
5605 5606
38814 38815
6812 6813
34059 34060
37252 37253
20988 20989
2713 2714
29247 29248
2258 2259
17331 17332
15744 15745
6523 6524
25509 25510
34920 34921
5827 5828
29604 29605
9025 9026
17457 17458
8779 8780
12590 12591
30028 30029
3339 3340
1454 1455
22793 22794
26889 26890
21171 21172
124 125
33008 33009
9336 9337
20401 20402
34599 34600
14038 14039
1290 1291
17699 17700
952 953
4528 4529
12182 12183
3225 3226
31822 31823
34661 34662
33874 33875
9965 9966
8018 8019
20375 20376
29805 29806
35654 35655
20513 20514
22138 22139
22453 22454
2153 2154
4768 4769
27540 27541
18119 18120
39415 39416
20063 20064
15802 15803
19462 19463
19399 19400
6565 6566
36541 36542
7774 7775
30989 30990
6936 6937
18040 18041
23343 23344
23108 23109
26379 26380
23329 23330
11457 11458
7390 7391
13232 13233
24127 24128
27694 27695
23922 23923
21478 21479
9275 9276
33740 33741
11427 11428
14999 15000
32820 32821
2175 2176
26920 26921
13507 13508
5587 5588
31957 31958
18700 18701
15366 15367
19268 19269
12433 12434
20339 20340
8122 8123
32598 32599
28527 28528
9133 9134
26207 26208
37153 37154
16709 16710
36264 36265
27994 27995
2979 2980
34523 34524
12013 12014
1917 1918
7258 7259
177 178
8971 8972
6094 6095
10138 10139
2914 2915
2096 2097
1092 1093
30611 30612
30622 30623
10230 10231
5024 5025
31098 31099
9290 9291
35285 35286
21102 21103
26190 26191
20373 20374
2893 2894
28423 28424
18455 18456
16696 16697
24084 24085
36073 36074
26144 26145
7721 7722
10179 10180
8096 8097
12588 12589
16769 16770
9637 9638
39386 39387
23178 23179
6737 6738
37687 37688
26769 26770
8793 8794
33333 33334
32712 32713
14010 14011
38043 38044
22079 22080
14374 14375
29150 29151
3460 3461
32337 32338
11032 11033
13397 13398
38615 38616
29528 29529
5373 5374
30029 30030
22800 22801
21517 21518
22012 22013
32226 32227
19041 19042
33044 33045
11591 11592
5859 5860
38106 38107
3789 3790
10490 10491
33503 33504
19685 19686
18484 18485
5234 5235
16468 16469
39995 39996
19563 19564
11550 11551
7313 7314
19127 19128
11691 11692
20302 20303
8315 8316
36665 36666
37711 37712
18626 18627
35206 35207
36870 36871
31058 31059
22004 22005
24221 24222
15979 15980
39291 39292
10165 10166
1325 1326
1463 1464
30307 30308
37281 37282
12424 12425
7556 7557
23011 23012
6709 6710
28469 28470
4633 4634
30309 30310
11177 11178
17517 17518
37559 37560
14347 14348
4740 4741
26751 26752
34334 34335
35693 35694
39261 39262
31597 31598
37474 37475
35365 35366
21762 21763
7667 7668
7051 7052
21110 21111
14928 14929
2481 2482
32095 32096
558 559
8840 8841
1992 1993
38318 38319
5595 5596
17505 17506
32330 32331
12971 12972
38011 38012
34532 34533
13246 13247
38229 38230
35604 35605
5091 5092
36291 36292
1190 1191
35671 35672
7843 7844
23398 23399
32263 32264
39473 39474
3152 3153
35417 35418
31937 31938
16580 16581
24883 24884
6070 6071
37557 37558
38963 38964
36228 36229
14647 14648
7467 7468
37825 37826
23717 23718
18597 18598
22681 22682
34238 34239
10319 10320
22412 22413
34521 34522
11032 11033
28736 28737
11137 11138
2691 2692
20695 20696
9524 9525
28221 28222
32465 32466
11446 11447
6345 6346
39409 39410
26793 26794
7325 7326
39034 39035
32597 32598
3214 3215
17487 17488
27952 27953
35495 35496
11019 11020
29521 29522
23406 23407
16949 16950
11268 11269
29673 29674
34481 34482
16888 16889
37667 37668
36975 36976
2357 2358
7193 7194
19367 19368
39849 39850
14516 14517
39386 39387
33547 33548
15564 15565
18683 18684
13894 13895
8532 8533
14274 14275
16013 16014
38528 38529
11954 11955
14218 14219
21019 21020
8369 8370
26744 26745
15300 15301
25245 25246
12587 12588
35158 35159
85 86
22734 22735
7068 7069
24665 24666
32440 32441
38833 38834
26410 26411
25515 25516
15295 15296
282 283
13522 13523
19748 19749
33806 33807
8241 8242
2668 2669
28485 28486
5393 5394
9572 9573
27719 27720
1936 1937
27975 27976
17328 17329
20156 20157
20024 20025
16756 16757
14922 14923
14469 14470
1944 1945
28807 28808
23817 23818
25511 25512
38309 38310
15695 15696
31898 31899
16703 16704
11755 11756
5305 5306
592 593
32993 32994
38665 38666
34694 34695
2454 2455
27732 27733
18076 18077
2319 2320
14466 14467
12880 12881
25758 25759
22997 22998
19278 19279
37835 37836
22945 22946
17093 17094
5386 5387
5376 5377
9298 9299
13047 13048
36675 36676
23866 23867
8975 8976
25510 25511
36780 36781
19148 19149
13408 13409
8993 8994
5060 5061
22054 22055
9608 9609
18480 18481
34572 34573
27081 27082
36545 36546
29291 29292
1368 1369
29867 29868
34539 34540
21162 21163
14967 14968
3832 3833
15920 15921
10252 10253
16459 16460
33627 33628
29758 29759
32613 32614
12460 12461
3469 3470
25947 25948
39437 39438
15783 15784
12097 12098
12626 12627
11430 11431
13888 13889
6502 6503
1969 1970
1592 1593
20913 20914
19524 19525
22093 22094
21678 21679
3674 3675
27101 27102
27210 27211
13817 13818
14143 14144
6722 6723
18725 18726
13425 13426
6356 6357
30304 30305
10665 10666
6801 6802
19263 19264
35192 35193
1258 1259
28857 28858
30341 30342
6322 6323
6284 6285
22360 22361
35538 35539
20299 20300
24910 24911
21350 21351
16017 16018
8386 8387
675 676
22523 22524
32149 32150
12001 12002
25523 25524
3066 3067
9791 9792
39763 39764
29095 29096
24294 24295
18478 18479
25070 25071
22798 22799
6500 6501
21335 21336
12408 12409
7948 7949
34372 34373
12914 12915
14444 14445
14639 14640
36896 36897
6629 6630
25577 25578
2340 2341
479 480
18993 18994
3575 3576
19095 19096
36358 36359
29513 29514
37265 37266
33726 33727
1927 1928
1637 1638
38639 38640
14614 14615
16512 16513
35001 35002
15230 15231
38297 38298
5549 5550
34962 34963
34648 34649
24735 24736
30142 30143
2115 2116
17378 17379
22356 22357
35217 35218
475 476
9379 9380
7545 7546
24926 24927
34384 34385
36016 36017
25003 25004
2425 2426
21978 21979
33845 33846
206 207
36188 36189
233 234
5865 5866
4094 4095
26878 26879
34310 34311
12468 12469
9954 9955
35587 35588
21065 21066
17396 17397
28355 28356
14081 14082
5461 5462
60 61
35436 35437
15001 15002
21617 21618
7192 7193
10290 10291
39113 39114
29870 29871
36486 36487
18046 18047
7330 7331
35203 35204
2431 2432
31340 31341
4194 4195
12289 12290
18665 18666
37240 37241
28925 28926
34009 34010
17252 17253
17393 17394
16452 16453
30974 30975
7479 7480
32630 32631
29953 29954
31558 31559
19155 19156
35847 35848
977 978
30113 30114
33993 33994
11060 11061
9363 9364
29820 29821
36329 36330
9884 9885
3958 3959
6967 6968
23871 23872
36124 36125
20860 20861
20822 20823
38355 38356
10234 10235
31499 31500
35463 35464
21148 21149
17629 17630
8360 8361
11070 11071
19330 19331
31911 31912
15018 15019
9761 9762
4579 4580
15157 15158
28923 28924
728 729
12664 12665
2777 2778
3300 3301
26611 26612
19882 19883
2558 2559
38891 38892
20589 20590
26281 26282
5837 5838
3863 3864
24533 24534
28490 28491
33611 33612
37847 37848
35717 35718
12355 12356
21886 21887
25845 25846
2650 2651
6129 6130
22651 22652
29845 29846
9418 9419
33305 33306
32715 32716
24522 24523
6393 6394
32232 32233
11107 11108
4175 4176
11166 11167
34246 34247
10789 10790
11468 11469
34531 34532
16473 16474
14285 14286
35603 35604
19730 19731
20794 20795
372 373
13388 13389
12409 12410
14898 14899
37702 37703
24274 24275
34701 34702
28748 28749
23263 23264
18126 18127
32473 32474
18647 18648
84 85
28358 28359
28884 28885
33131 33132
27106 27107
36296 36297
22311 22312
4452 4453
24037 24038
8267 8268
13257 13258
10726 10727
19154 19155
6423 6424
22442 22443
38438 38439
29234 29235
32217 32218
8301 8302
15595 15596
35053 35054
925 926
19350 19351
2070 2071
7662 7663
35750 35751
18327 18328
24297 24298
9262 9263
3951 3952
39566 39567
28586 28587
19015 19016
30008 30009
28204 28205
28159 28160
5644 5645
16016 16017
28000 28001
32839 32840
20544 20545
36235 36236
37476 37477
34222 34223
24575 24576
35116 35117
32299 32300
15869 15870
17396 17397
17379 17380
39568 39569
17716 17717
17224 17225
242 243
87 88
7421 7422
23572 23573
30584 30585
10625 10626
39390 39391
33716 33717
29978 29979
6787 6788
33074 33075
12912 12913
12273 12274
39634 39635
39590 39591
24167 24168
36044 36045
4341 4342
19398 19399
2253 2254
8847 8848
31701 31702
39754 39755
12665 12666
33012 33013
16286 16287
23765 23766
21198 21199
38684 38685
33677 33678
39319 39320
1653 1654
22326 22327
23509 23510
1908 1909
30209 30210
26196 26197
30169 30170
21829 21830
15052 15053
11847 11848
26304 26305
1212 1213
34030 34031
33502 33503
29627 29628
9823 9824
20022 20023
23157 23158
20255 20256
31623 31624
11144 11145
37475 37476
13521 13522
21012 21013
3434 3435
30396 30397
2426 2427
37410 37411
12391 12392
19805 19806
7816 7817
8373 8374
34184 34185
37933 37934
8105 8106
30324 30325
39345 39346
16355 16356
8241 8242
26333 26334
17543 17544
29413 29414
21279 21280
6406 6407
33159 33160
8337 8338
36857 36858
14188 14189
28125 28126
8372 8373
24137 24138
27775 27776
2311 2312
30125 30126
11284 11285
20982 20983
7069 7070
27401 27402
39233 39234
32466 32467
36555 36556
18590 18591
6339 6340
35075 35076
7978 7979
13474 13475
9513 9514
37448 37449
12016 12017
35616 35617
1773 1774
22489 22490
6056 6057
9899 9900
36507 36508
13107 13108
26042 26043
11148 11149
6092 6093
122 123
38003 38004
34773 34774
32633 32634
28677 28678
9739 9740
37166 37167
20423 20424
32966 32967
12564 12565
28867 28868
14328 14329
35603 35604
19147 19148
39872 39873
20000 20001
25427 25428
5424 5425
33494 33495
3048 3049
16661 16662
29561 29562
5415 5416
18320 18321
30656 30657
26000 26001
21927 21928
15397 15398
14319 14320
25323 25324
34121 34122
16369 16370
2663 2664
26895 26896
27341 27342
25584 25585
10410 10411
30572 30573
37084 37085
21626 21627
11482 11483
18448 18449
29817 29818
14749 14750
28248 28249
35255 35256
13244 13245
15064 15065
18622 18623
2173 2174
6224 6225
35329 35330
9237 9238
11778 11779
26828 26829
34128 34129
22358 22359
7222 7223
33010 33011
35890 35891
22162 22163
3373 3374
33389 33390
26203 26204
7489 7490
8977 8978
38875 38876
38572 38573
31779 31780
20509 20510
15801 15802
32886 32887
37610 37611
18398 18399
38636 38637
4683 4684
28659 28660
14432 14433
25502 25503
8750 8751
33010 33011
32646 32647
4255 4256
31297 31298
3619 3620
11816 11817
6348 6349
1617 1618
30286 30287
19709 19710
9370 9371
3209 3210
26255 26256
20747 20748
10594 10595
717 718
37553 37554
21175 21176
16149 16150
6430 6431
33294 33295
25748 25749
6369 6370
1892 1893
39923 39924
21513 21514
39976 39977
33326 33327
4293 4294
9508 9509
11787 11788
8290 8291
7596 7597
5013 5014
3453 3454
23814 23815
18387 18388
38350 38351
18989 18990
34700 34701
12284 12285
1301 1302
15906 15907
11643 11644
31940 31941
23431 23432
33031 33032
9550 9551
10383 10384
10090 10091
38356 38357
19549 19550
31410 31411
2349 2350
13095 13096
16246 16247
22039 22040
30112 30113
38207 38208
433 434
15612 15613
39243 39244
36323 36324
35494 35495
34048 34049
31748 31749
11857 11858
38903 38904
33045 33046
38796 38797
39521 39522
27289 27290
32885 32886
27934 27935
11690 11691
32903 32904
4902 4903
30408 30409
31625 31626
34280 34281
12179 12180
4381 4382
27424 27425
21134 21135
35231 35232
28679 28680
1843 1844
3583 3584
5107 5108
1148 1149
7589 7590
10022 10023
20195 20196
2532 2533
11701 11702
1795 1796
21870 21871
13729 13730
9441 9442
36452 36453
36163 36164
28164 28165
29334 29335
19360 19361
21090 21091
27321 27322
11301 11302
2436 2437
31523 31524
29497 29498
35181 35182
21051 21052
15183 15184
3726 3727
30301 30302
21080 21081
13445 13446
39076 39077
996 997
25011 25012
11728 11729
38165 38166
39963 39964
12238 12239
17997 17998
1917 1918
19467 19468
17531 17532
1654 1655
22132 22133
37838 37839
25030 25031
20896 20897
34792 34793
21759 21760
33519 33520
10178 10179
4245 4246
32668 32669
8997 8998
33422 33423
15764 15765
18504 18505
15777 15778
20779 20780
24764 24765
15959 15960
35590 35591
12558 12559
26184 26185
10218 10219
15314 15315
39189 39190
36205 36206
25447 25448
28451 28452
28493 28494
9409 9410
33861 33862
34320 34321
27185 27186
35915 35916
38154 38155
8366 8367
5699 5700
18995 18996
32829 32830
26645 26646
16 17
31952 31953
33644 33645
26496 26497
8577 8578
17878 17879
32401 32402
27282 27283
4421 4422
21970 21971
23320 23321
23280 23281
10870 10871
30343 30344
3044 3045
28136 28137
4716 4717
15742 15743
30402 30403
38257 38258
19468 19469
37085 37086
10331 10332
27442 27443
35485 35486
26166 26167
11824 11825
34837 34838
35209 35210
5859 5860
29408 29409
413 414
5637 5638
11569 11570
30184 30185
38054 38055
1588 1589
26261 26262
8006 8007
14072 14073
4878 4879
424 425
10496 10497
13241 13242
35934 35935
1753 1754
15879 15880
1738 1739
27875 27876
10762 10763
11084 11085
36520 36521
14720 14721
24911 24912
12958 12959
4964 4965
1355 1356
14463 14464
6915 6916
24129 24130
37378 37379
8886 8887
21450 21451
175 176
15759 15760
10044 10045
21821 21822
31606 31607
5013 5014
8115 8116
12329 12330
20810 20811
27155 27156
23180 23181
11096 11097
3814 3815
29433 29434
35774 35775
36045 36046
36156 36157
13351 13352
5355 5356
9194 9195
3000 3001
31406 31407
29855 29856
19636 19637
16660 16661
24340 24341
24000 24001
2536 2537
12823 12824
14852 14853
8080 8081
19513 19514
31779 31780
942 943
39137 39138
7341 7342
35309 35310
35847 35848
12023 12024
27514 27515
30725 30726
20548 20549
12938 12939
23174 23175
21555 21556
34417 34418
33827 33828
1471 1472
3900 3901
19296 19297
15306 15307
21285 21286
9662 9663
2958 2959
26018 26019
24212 24213
35520 35521
27364 27365
11559 11560
3131 3132
23232 23233
25557 25558
30627 30628
14657 14658
3438 3439
19250 19251
31370 31371
74 75
35465 35466
14473 14474
39912 39913
29146 29147
16668 16669
12738 12739
57 58
14569 14570
15692 15693
28846 28847
19882 19883
20569 20570
21452 21453
2841 2842
8682 8683
13702 13703
38545 38546
6548 6549
8893 8894
16887 16888
31752 31753
580 581
10907 10908
19634 19635
30952 30953
15569 15570
24681 24682
13291 13292
15909 15910
28331 28332
6898 6899
18750 18751
21806 21807
36738 36739
29210 29211
12704 12705
4707 4708
37107 37108
33987 33988
26952 26953
36498 36499
22037 22038
15235 15236
15235 15236
33421 33422
3856 3857
18962 18963
229 230
16175 16176
22116 22117
36339 36340
26776 26777
11400 11401
4091 4092
19007 19008
1689 1690
11023 11024
2537 2538
7615 7616
19014 19015
33402 33403
37054 37055
10536 10537
870 871
2054 2055
39454 39455
28831 28832
6227 6228
1477 1478
7483 7484
23189 23190
19318 19319
2480 2481
3858 3859
29248 29249
18678 18679
10909 10910
11507 11508
39719 39720
10727 10728
842 843
5848 5849
11696 11697
38471 38472
34710 34711
19632 19633
17023 17024
34058 34059
29629 29630
1116 1117
19255 19256
11372 11373
14615 14616
24031 24032
3393 3394
15322 15323
33973 33974
12096 12097
300 301
5088 5089
25020 25021
24927 24928
33886 33887
17302 17303
10472 10473
18365 18366
22171 22172
29391 29392
3681 3682
19878 19879
14940 14941
12715 12716
34235 34236
13690 13691
21858 21859
13831 13832
18383 18384
36750 36751
1897 1898
32828 32829
30773 30774
26129 26130
31245 31246
34065 34066
20532 20533
29508 29509
32775 32776
11728 11729
20601 20602
18441 18442
37242 37243
23435 23436
18115 18116
33920 33921
18795 18796
34188 34189
13160 13161
30491 30492
30597 30598
32571 32572
6507 6508
27373 27374
28194 28195
37753 37754
27670 27671
9072 9073
13040 13041
37669 37670
27122 27123
645 646
15713 15714
17369 17370
12105 12106
28083 28084
1107 1108
25985 25986
38259 38260
3745 3746
27877 27878
37030 37031
2652 2653
13721 13722
33496 33497
19781 19782
29659 29660
23888 23889
29050 29051
2350 2351
18273 18274
38004 38005
32604 32605
39268 39269
7175 7176
31038 31039
12620 12621
35744 35745
25756 25757
18950 18951
5689 5690
21571 21572
13237 13238
8433 8434
21701 21702
23496 23497
30037 30038
17415 17416
10892 10893
25401 25402
33281 33282
22943 22944
39853 39854
37767 37768
24289 24290
1879 1880
37385 37386
19560 19561
36533 36534
24952 24953
17079 17080
34696 34697
21032 21033
22507 22508
35391 35392
21070 21071
3439 3440
10410 10411
17674 17675
7351 7352
14460 14461
15378 15379
22727 22728
2398 2399
13245 13246
8197 8198
37568 37569
948 949
38081 38082
11910 11911
33584 33585
11436 11437
10784 10785
9506 9507
36327 36328
3187 3188
15762 15763
31286 31287
13225 13226
16316 16317
23642 23643
36437 36438
36681 36682
6177 6178
2508 2509
35311 35312
5517 5518
20573 20574
3654 3655
22200 22201
14450 14451
39486 39487
18919 18920
12462 12463
28354 28355
5094 5095
39248 39249
1593 1594
887 888
34537 34538
17538 17539
11003 11004
30454 30455
3724 3725
31378 31379
17355 17356
30924 30925
38382 38383
12346 12347
21011 21012
38056 38057
20704 20705
29671 29672
26144 26145
26299 26300
893 894
1517 1518
15560 15561
9410 9411
39816 39817
15956 15957
26618 26619
10431 10432
7870 7871
6354 6355
17637 17638
3180 3181
25845 25846
26995 26996
11658 11659
33308 33309
9755 9756
28338 28339
35196 35197
19209 19210
30929 30930
38556 38557
1801 1802
21913 21914
10417 10418
18758 18759
9821 9822
25705 25706
25094 25095
2021 2022
34291 34292
23877 23878
5417 5418
39817 39818
38407 38408
30138 30139
33243 33244
14802 14803
29259 29260
13573 13574
26876 26877
26721 26722
28326 28327
18528 18529
16027 16028
7097 7098
19610 19611
4942 4943
39995 39996
9318 9319
13648 13649
7133 7134
27218 27219
26624 26625
15547 15548
8281 8282
18293 18294
38969 38970
37718 37719
20835 20836
31585 31586
12819 12820
14024 14025
32889 32890
37220 37221
34636 34637
7075 7076
38818 38819
6303 6304
34611 34612
6286 6287
26326 26327
1899 1900
31011 31012
37485 37486
10906 10907
34898 34899
38112 38113
4707 4708
12533 12534
12619 12620
24703 24704
2498 2499
31766 31767
14539 14540
32329 32330
37887 37888
32097 32098
37213 37214
5386 5387
20372 20373
39630 39631
16416 16417
21145 21146
30230 30231
39294 39295
21716 21717
29560 29561
31913 31914
40 41
19070 19071
433 434
37650 37651
16588 16589
28410 28411
29933 29934
8379 8380
15190 15191
31081 31082
26641 26642
23343 23344
28878 28879
30126 30127
1865 1866
21774 21775
6678 6679
36302 36303
24581 24582
586 587
10209 10210
26483 26484
36980 36981
19410 19411
31351 31352
8917 8918
28354 28355
15120 15121
37591 37592
1492 1493
11739 11740
24973 24974
38029 38030
2278 2279
24710 24711
33707 33708
15764 15765
38123 38124
33873 33874
4286 4287
30915 30916
29510 29511
11583 11584
26465 26466
35032 35033
4012 4013
29677 29678
8705 8706
10291 10292
15287 15288
32624 32625
21122 21123
36820 36821
33891 33892
9775 9776
31748 31749
13909 13910
1694 1695
36787 36788
25165 25166
22938 22939
34273 34274
35010 35011
24985 24986
776 777
28136 28137
1404 1405
29891 29892
4396 4397
33242 33243
37064 37065
14664 14665
30432 30433
17240 17241
15220 15221
39760 39761
8400 8401
2812 2813
36430 36431
18338 18339
24424 24425
8949 8950
5068 5069
14178 14179
15051 15052
14396 14397
13179 13180
36416 36417
28312 28313
29292 29293
30664 30665
12131 12132
26896 26897
31598 31599
28208 28209
34025 34026
3326 3327
14591 14592
23279 23280
27997 27998
14503 14504
2726 2727
2088 2089
29304 29305
7987 7988
8726 8727
22343 22344
3895 3896
35780 35781
18594 18595
1427 1428
15719 15720
8402 8403
14782 14783
7432 7433
29497 29498
24401 24402
9261 9262
8750 8751
20483 20484
1169 1170
10978 10979
21176 21177
11502 11503
21649 21650
18383 18384
18380 18381
30082 30083
14794 14795
6934 6935
30600 30601
2282 2283
5387 5388
18568 18569
20571 20572
21899 21900
33647 33648
20580 20581
2828 2829
32664 32665
25545 25546
39705 39706
39829 39830
6177 6178
1972 1973
31025 31026
2943 2944
12238 12239
6550 6551
16661 16662
39855 39856
16998 16999
22738 22739
15133 15134
19828 19829
7881 7882
13244 13245
14978 14979
6503 6504
8650 8651
25668 25669
37881 37882
13277 13278
11498 11499
17145 17146
16302 16303
10926 10927
11499 11500
4197 4198
27379 27380
30678 30679
30230 30231
15080 15081
39420 39421
34789 34790
29210 29211
9077 9078
17265 17266
13517 13518
12049 12050
33688 33689
15412 15413
38671 38672
13075 13076
12419 12420
14151 14152
15579 15580
29944 29945
2259 2260
4370 4371
18081 18082
427 428
36431 36432
29067 29068
16064 16065
5198 5199
27858 27859
22460 22461
3338 3339
32211 32212
1318 1319
15658 15659
39487 39488
34527 34528
16560 16561
36447 36448
6958 6959
36924 36925
16626 16627
25715 25716
24921 24922
23658 23659
19288 19289
7590 7591
34941 34942
22754 22755
37442 37443
20579 20580
36129 36130
33027 33028
27139 27140
3968 3969
20962 20963
1918 1919
8083 8084
32425 32426
12557 12558
35388 35389
21523 21524
24272 24273
22988 22989
30666 30667
15350 15351
12474 12475
27841 27842
27579 27580
39309 39310
1612 1613
443 444
37105 37106
6065 6066
4543 4544
127 128
16940 16941
26651 26652
7505 7506
6465 6466
39935 39936
13580 13581
36782 36783
23946 23947
36092 36093
26752 26753
3623 3624
21472 21473
31431 31432
28187 28188
13299 13300
17194 17195
20188 20189
29999 30000
4308 4309
12899 12900
25457 25458
19952 19953
30974 30975
27425 27426
19156 19157
24614 24615
39488 39489
37543 37544
25677 25678
30214 30215
1789 1790
12389 12390
35315 35316
8221 8222
8499 8500
37016 37017
13418 13419
16996 16997
7168 7169
15002 15003
26518 26519
2464 2465
23988 23989
13758 13759
16782 16783
33194 33195
20128 20129
3672 3673
19930 19931
1964 1965
4634 4635
16855 16856
9989 9990
4440 4441
1928 1929
16949 16950
152 153
30447 30448
28655 28656
4857 4858
10778 10779
10279 10280
9099 9100
15740 15741
11571 11572
34363 34364
1647 1648
29083 29084
30507 30508
11856 11857
39714 39715
336 337
25525 25526
32047 32048
33152 33153
32814 32815
32323 32324
38339 38340
11640 11641
31591 31592
13233 13234
6827 6828
13725 13726
1004 1005
37579 37580
21541 21542
12777 12778
19180 19181
1462 1463
18333 18334
29053 29054
20163 20164
24963 24964
6590 6591
25913 25914
20332 20333
22861 22862
39876 39877
15745 15746
17770 17771
8217 8218
17971 17972
17555 17556
30610 30611
3034 3035
23145 23146
9191 9192
36186 36187
28101 28102
23624 23625
25850 25851
7326 7327
26033 26034
12180 12181
1537 1538
14073 14074
1629 1630
31299 31300
37507 37508
17778 17779
35921 35922
37220 37221
39642 39643
39495 39496
10644 10645
21756 21757
37865 37866
24154 24155
35933 35934
29640 29641
5708 5709
27317 27318
17863 17864
8925 8926
18361 18362
35284 35285
18787 18788
11606 11607
36692 36693
30665 30666
24267 24268
34234 34235
34548 34549
1760 1761
26618 26619
23219 23220
30795 30796
8137 8138
38456 38457
10672 10673
20596 20597
31214 31215
37209 37210
16287 16288
29715 29716
28782 28783
2625 2626
18932 18933
15159 15160
30082 30083
33958 33959
4861 4862
4259 4260
20075 20076
1740 1741
11390 11391
17738 17739
6672 6673
9175 9176
19440 19441
33467 33468
1607 1608
7854 7855
26669 26670
15771 15772
33916 33917
34820 34821
36715 36716
34751 34752
10232 10233
13295 13296
18079 18080
31650 31651
4184 4185
22222 22223
24718 24719
14517 14518
21616 21617
13381 13382
18629 18630
12614 12615
31421 31422
21412 21413
23927 23928
10330 10331
7288 7289
1070 1071
17581 17582
30523 30524
18040 18041
31623 31624
37699 37700
6291 6292
19963 19964
6057 6058
24075 24076
38463 38464
36251 36252
28522 28523
24863 24864
4801 4802
29804 29805
23705 23706
17619 17620
23107 23108
21086 21087
13255 13256
34182 34183
22905 22906
27810 27811
36855 36856
36858 36859
37996 37997
34677 34678
22829 22830
13398 13399
9709 9710
24557 24558
26008 26009
28914 28915
3792 3793
6524 6525
11076 11077
12266 12267
2862 2863
505 506
5876 5877
23438 23439
3346 3347
34299 34300
4262 4263
25822 25823
9858 9859
5630 5631
20371 20372
16790 16791
36601 36602
25992 25993
336 337
39855 39856
33369 33370
21460 21461
19339 19340
31445 31446
33718 33719
21938 21939
323 324
28448 28449
31479 31480
11854 11855
23212 23213
36660 36661
11965 11966
35794 35795
8418 8419
32364 32365
15374 15375
9474 9475
7938 7939
34862 34863
2839 2840
10807 10808
35408 35409
14750 14751
29325 29326
5131 5132
20783 20784
11223 11224
1074 1075
27434 27435
23334 23335
1016 1017
38460 38461
7689 7690
36378 36379
21641 21642
2908 2909
26380 26381
30205 30206
16274 16275
14665 14666
14448 14449
33722 33723
37747 37748
30909 30910
24699 24700
57 58
33240 33241
22116 22117
33195 33196
2094 2095
36973 36974
402 403
14265 14266
27004 27005
14671 14672
26350 26351
28637 28638
35137 35138
21871 21872
30409 30410
20878 20879
27934 27935
26376 26377
13276 13277
204 205
37566 37567
38044 38045
25881 25882
32852 32853
21537 21538
29647 29648
21589 21590
1293 1294
13491 13492
9493 9494
32256 32257
35454 35455
17033 17034
14170 14171
38905 38906
19704 19705
23170 23171
3972 3973
3134 3135
28311 28312
17189 17190
12019 12020
26280 26281
37517 37518
16246 16247
33553 33554
19636 19637
24003 24004
39646 39647
13179 13180
18660 18661
21828 21829
25109 25110
15560 15561
2570 2571
27049 27050
26516 26517
17627 17628
18117 18118
10649 10650
8768 8769
19614 19615
29423 29424
5683 5684
14054 14055
13805 13806
23220 23221
1137 1138
3405 3406
407 408
35455 35456
2076 2077
18379 18380
24897 24898
17040 17041
27398 27399
34994 34995
26373 26374
26210 26211
641 642
1999 2000
22485 22486
33584 33585
32423 32424
31405 31406
12506 12507
36544 36545
24437 24438
29326 29327
23393 23394
31209 31210
8748 8749
27630 27631
26583 26584
19203 19204
17878 17879
7647 7648
32782 32783
9481 9482
33959 33960
1994 1995
38230 38231
39548 39549
23412 23413
8055 8056
23211 23212
13613 13614
12768 12769
31699 31700
29648 29649
14817 14818
13896 13897
8873 8874
10909 10910
34087 34088
4244 4245
39853 39854
38115 38116
27663 27664
6074 6075
337 338
1738 1739
3123 3124
4166 4167
18767 18768
23517 23518
11950 11951
30251 30252
12975 12976
15316 15317
12975 12976
28574 28575
26233 26234
1656 1657
22591 22592
14580 14581
18353 18354
29019 29020
23083 23084
11160 11161
10297 10298
9891 9892
32241 32242
14078 14079
20166 20167
20769 20770
2028 2029
13222 13223
38755 38756
33863 33864
4524 4525
31052 31053
31285 31286
29665 29666
4111 4112
9575 9576
17252 17253
32390 32391
19733 19734
5697 5698
24360 24361
29342 29343
32505 32506
22980 22981
32219 32220
9185 9186
19374 19375
39394 39395
36594 36595
3041 3042
16399 16400
30901 30902
34906 34907
7802 7803
12873 12874
31465 31466
25559 25560
32375 32376
2109 2110
17774 17775
4412 4413
26089 26090
7369 7370
18265 18266
12933 12934
35304 35305
29960 29961
10104 10105
12152 12153
14086 14087
11975 11976
15486 15487
4965 4966
7224 7225
7098 7099
29845 29846
37434 37435
33531 33532
22493 22494
34552 34553
9909 9910
5358 5359
6806 6807
4038 4039
17404 17405
14559 14560
6452 6453
31373 31374
32161 32162
3156 3157
11398 11399
22489 22490
26691 26692
3351 3352
1357 1358
20591 20592
38025 38026
25591 25592
36771 36772
28427 28428
36232 36233
23017 23018
17744 17745
13779 13780
1174 1175
10863 10864
28768 28769
20771 20772
17179 17180
4649 4650
7744 7745
22715 22716
27325 27326
36384 36385
36706 36707
17672 17673
12099 12100
36211 36212
12047 12048
33469 33470
4402 4403
21528 21529
33956 33957
30440 30441
21792 21793
17064 17065
3538 3539
17693 17694
36242 36243
5101 5102
20212 20213
4719 4720
32007 32008
35588 35589
12970 12971
37044 37045
8715 8716
17791 17792
37298 37299
9880 9881
25441 25442
9832 9833
3446 3447
35263 35264
22277 22278
8344 8345
39609 39610
17364 17365
31897 31898
22220 22221
9667 9668
15911 15912
22005 22006
38872 38873
15285 15286
1206 1207
28851 28852
37567 37568
39433 39434
34072 34073
5487 5488
37411 37412
6347 6348
28924 28925
11298 11299
1696 1697
27355 27356
24129 24130
16735 16736
29720 29721
4813 4814
3332 3333
20825 20826
9345 9346
18541 18542
37803 37804
29433 29434
23436 23437
7186 7187
28544 28545
9359 9360
28389 28390
14931 14932
1588 1589
19676 19677
32913 32914
8057 8058
17259 17260
33380 33381
38026 38027
39339 39340
17509 17510
11681 11682
19169 19170
13303 13304
7433 7434
17053 17054
5019 5020
11023 11024
29313 29314
32802 32803
37738 37739
17604 17605
16939 16940
16373 16374
38540 38541
28638 28639
24003 24004
5529 5530
4815 4816
39224 39225
28189 28190
38528 38529
4421 4422
34352 34353
30529 30530
8374 8375
28193 28194
5855 5856
39996 39997
39422 39423
38131 38132
28201 28202
20738 20739
11716 11717
22820 22821
4482 4483
24519 24520
34916 34917
12651 12652
23211 23212
16826 16827
2956 2957
22801 22802
16923 16924
7324 7325
3985 3986
35216 35217
18771 18772
9173 9174
16613 16614
1157 1158
33662 33663
26423 26424
18684 18685
18092 18093
22242 22243
7110 7111
38671 38672
14096 14097
8383 8384
21728 21729
10707 10708
13311 13312
30116 30117
37079 37080
30319 30320
30663 30664
4364 4365
3568 3569
10465 10466
18303 18304
6001 6002
6139 6140
2070 2071
28967 28968
11853 11854
29880 29881
2402 2403
2088 2089
22041 22042
16037 16038
19395 19396
6799 6800
39808 39809
36487 36488
9179 9180
32025 32026
9431 9432
13458 13459
27000 27001
26915 26916
1 2
24340 24341
38798 38799
16616 16617
20414 20415
26699 26700
6236 6237
17262 17263
37292 37293
30436 30437
4222 4223
16380 16381
18745 18746
14430 14431
29934 29935
38496 38497
8623 8624
15942 15943
14318 14319
8750 8751
28270 28271
30319 30320
810 811
31335 31336
10370 10371
34752 34753
38427 38428
34952 34953
31230 31231
16955 16956
13185 13186
16575 16576
17154 17155
5065 5066
39819 39820
20408 20409
34451 34452
30980 30981
19838 19839
16415 16416
3131 3132
6869 6870
9252 9253
9077 9078
33219 33220
15057 15058
19026 19027
35731 35732
30802 30803
319 320
21004 21005
33835 33836
28457 28458
13838 13839
24521 24522
32056 32057
33702 33703
4381 4382
27296 27297
13988 13989
26900 26901
18171 18172
3153 3154
14226 14227
34405 34406
21911 21912
5267 5268
11088 11089
29896 29897
35829 35830
4695 4696
34838 34839
31524 31525
24864 24865
30237 30238
10856 10857
38472 38473
28451 28452
3865 3866
39880 39881
15124 15125
22170 22171
90 91
433 434
32833 32834
28846 28847
18149 18150
23517 23518
33890 33891
38758 38759
39370 39371
28033 28034
35651 35652
10087 10088
35503 35504
11930 11931
19743 19744
20213 20214
4650 4651
13729 13730
7413 7414
32969 32970
9830 9831
20592 20593
31072 31073
13366 13367
36947 36948
20261 20262
16731 16732
8630 8631
30957 30958
35224 35225
8305 8306
31255 31256
38162 38163
18428 18429
10415 10416
19705 19706
1576 1577
11046 11047
36605 36606
27714 27715
17691 17692
24993 24994
20282 20283
33458 33459
1176 1177
19869 19870
35918 35919
15866 15867
25400 25401
18391 18392
39068 39069
19319 19320
29186 29187
16877 16878
31765 31766
13058 13059
38791 38792
13333 13334
16618 16619
11166 11167
33980 33981
36519 36520
33258 33259
9292 9293
18468 18469
23725 23726
23556 23557
7282 7283
30936 30937
39448 39449
27163 27164
19365 19366
8762 8763
5595 5596
14412 14413
3497 3498
23377 23378
28365 28366
13973 13974
26002 26003
35432 35433
11859 11860
39743 39744
31922 31923
8324 8325
1061 1062
951 952
37374 37375
14862 14863
30118 30119
26916 26917
39744 39745
27716 27717
5040 5041
31667 31668
38760 38761
29777 29778
1888 1889
24637 24638
33936 33937
13154 13155
28764 28765
3206 3207
39410 39411
16898 16899
36008 36009
9048 9049
7205 7206
6724 6725
37663 37664
2366 2367
20464 20465
32916 32917
15748 15749
20077 20078
16686 16687
35605 35606
16606 16607
19389 19390
23442 23443
15795 15796
34307 34308
15453 15454
30308 30309
10800 10801
18527 18528
13958 13959
3702 3703
12255 12256
11472 11473
22213 22214
23621 23622
27296 27297
39986 39987
2723 2724
6542 6543
3153 3154
39897 39898
18584 18585
21120 21121
24405 24406
24248 24249
24999 25000
8897 8898
17302 17303
32029 32030
4298 4299
17863 17864
37712 37713
4953 4954
1287 1288
25421 25422
16469 16470
34221 34222
20615 20616
11121 11122
27412 27413
23252 23253
36336 36337
26433 26434
38238 38239
13924 13925
8485 8486
37340 37341
8398 8399
4875 4876
16332 16333
36344 36345
28503 28504
492 493
5532 5533
25830 25831
3712 3713
32114 32115
37068 37069
32427 32428
1819 1820
13043 13044
26663 26664
36359 36360
23774 23775
18513 18514
29376 29377
4002 4003
13659 13660
402 403
33445 33446
2298 2299
30562 30563
2939 2940
30423 30424
2816 2817
28193 28194
26024 26025
5700 5701
10819 10820
14094 14095
19437 19438
35655 35656
27631 27632
15966 15967
36799 36800
39480 39481
1864 1865
22456 22457
37228 37229
22798 22799
21286 21287
4848 4849
22967 22968
32126 32127
27088 27089
27561 27562
1340 1341
14016 14017
36818 36819
39267 39268
5795 5796
21510 21511
28934 28935
37196 37197
29267 29268
33474 33475
17344 17345
16746 16747
9136 9137
33734 33735
25466 25467
11389 11390
28416 28417
27552 27553
1274 1275
22108 22109
35156 35157
21047 21048
10643 10644
31235 31236
27440 27441
37945 37946
6003 6004
19066 19067
19330 19331
3491 3492
10702 10703
21546 21547
14430 14431
6978 6979
6362 6363
33615 33616
30307 30308
21918 21919
8830 8831
12220 12221
37970 37971
34128 34129
246 247
5332 5333
10279 10280
11646 11647
5758 5759
18573 18574
4118 4119
20358 20359
4613 4614
18766 18767
17833 17834
14150 14151
28378 28379
14669 14670
11399 11400
31570 31571
27687 27688
15780 15781
12533 12534
28269 28270
25337 25338
29275 29276
2770 2771
10673 10674
30562 30563
24778 24779
20914 20915
12773 12774
32311 32312
30318 30319
30854 30855
31837 31838
10699 10700
6628 6629
25246 25247
36906 36907
29415 29416
4095 4096
20125 20126
23056 23057
10246 10247
5323 5324
321 322
18467 18468
9083 9084
2714 2715
6960 6961
10746 10747
9743 9744
5561 5562
18819 18820
3101 3102
28716 28717
36613 36614
19319 19320
4915 4916
26373 26374
6599 6600
3627 3628
18540 18541
35773 35774
37303 37304
20083 20084
29968 29969
6359 6360
25943 25944
39043 39044
11969 11970
19596 19597
3001 3002
36989 36990
33766 33767
5914 5915
30785 30786
19461 19462
15263 15264
18130 18131
7510 7511
24743 24744
30835 30836
22035 22036
25836 25837
27072 27073
30365 30366
8948 8949
3984 3985
9472 9473
39921 39922
13989 13990
34355 34356
37699 37700
2816 2817
2372 2373
20241 20242
30570 30571
21764 21765
4535 4536
6984 6985
23561 23562
27111 27112
23094 23095
29643 29644
1460 1461
17249 17250
29884 29885
546 547
8027 8028
30218 30219
14145 14146
7288 7289
28269 28270
27467 27468
25248 25249
35177 35178
35510 35511
10240 10241
4121 4122
21876 21877
17413 17414
29574 29575
17976 17977
14412 14413
25177 25178
39821 39822
31594 31595
21984 21985
32984 32985
27989 27990
7351 7352
36457 36458
20484 20485
4626 4627
11157 11158
32375 32376
36979 36980
7557 7558
39467 39468
22004 22005
11717 11718
32561 32562
11839 11840
23077 23078
25099 25100
20810 20811
15002 15003
38162 38163
22680 22681
25528 25529
11147 11148
17052 17053
12491 12492
17245 17246
22548 22549
4489 4490
25406 25407
37346 37347
39301 39302
8365 8366
17310 17311
35030 35031
31081 31082
3762 3763
25353 25354
20058 20059
25513 25514
5854 5855
34598 34599
8393 8394
9730 9731
13639 13640
27756 27757
38164 38165
6493 6494
2715 2716
16983 16984
5902 5903
10873 10874
34124 34125
13845 13846
28491 28492
37048 37049
6236 6237
22417 22418
39873 39874
7112 7113
23143 23144
5801 5802
12011 12012
23421 23422
28463 28464
29319 29320
38813 38814
35604 35605
33007 33008
15072 15073
10553 10554
1772 1773
12690 12691
5360 5361
38777 38778
7513 7514
31803 31804
36167 36168
35996 35997
12548 12549
8694 8695
26501 26502
13406 13407
12159 12160
16021 16022
11674 11675
24547 24548
39620 39621
3693 3694
4079 4080
21322 21323
29376 29377
26928 26929
28822 28823
27528 27529
29885 29886
5586 5587
30890 30891
35760 35761
18668 18669
31384 31385
22289 22290
12576 12577
1952 1953
23420 23421
10822 10823
20049 20050
8766 8767
12854 12855
18869 18870
6156 6157
33814 33815
22135 22136
13222 13223
6878 6879
35153 35154
17509 17510
30037 30038
14939 14940
15333 15334
24128 24129
881 882
27451 27452
28164 28165
28965 28966
818 819
15086 15087
28979 28980
13840 13841
21336 21337
19818 19819
11023 11024
7396 7397
14684 14685
3554 3555
8490 8491
9118 9119
14531 14532
4950 4951
22174 22175
10857 10858
3736 3737
22781 22782
7648 7649
5980 5981
20633 20634
7502 7503
38089 38090
12465 12466
7630 7631
18712 18713
38076 38077
32341 32342
14626 14627
21047 21048
17774 17775
12845 12846
18496 18497
32927 32928
5349 5350
29577 29578
11494 11495
2612 2613
36471 36472
31592 31593
2403 2404
9039 9040
7978 7979
16131 16132
14878 14879
32783 32784
1290 1291
28049 28050
13811 13812
5319 5320
27787 27788
28246 28247
25589 25590
36106 36107
4541 4542
14843 14844
13713 13714
37783 37784
5398 5399
16908 16909
31153 31154
32194 32195
12196 12197
15140 15141
18580 18581
20007 20008
6577 6578
12735 12736
9608 9609
33785 33786
31623 31624
24228 24229
7787 7788
14555 14556
30009 30010
14390 14391
19131 19132
11970 11971
19819 19820
9915 9916
15658 15659
560 561
20803 20804
2650 2651
11937 11938
23277 23278
26788 26789
29803 29804
36818 36819
38314 38315
28526 28527
777 778
5605 5606
18512 18513
32256 32257
25081 25082
27492 27493
3219 3220
9789 9790
37236 37237
23998 23999
14079 14080
17353 17354
39532 39533
38466 38467
26575 26576
30156 30157
8758 8759
39344 39345
13739 13740
586 587
12661 12662
11547 11548
9101 9102
11682 11683
35991 35992
25102 25103
8493 8494
7821 7822
2915 2916
34250 34251
8942 8943
34253 34254
4518 4519
39578 39579
27939 27940
17840 17841
23950 23951
12094 12095
25569 25570
35395 35396
32885 32886
21599 21600
5767 5768
28980 28981
14168 14169
15013 15014
30870 30871
26467 26468
39874 39875
11217 11218
10173 10174
7642 7643
15899 15900
3864 3865
1372 1373
21986 21987
13997 13998
28866 28867
22449 22450
7327 7328
28264 28265
1146 1147
16698 16699
22001 22002
34580 34581
8745 8746
10090 10091
35254 35255
14606 14607
3440 3441
24172 24173
9090 9091
1001 1002
8969 8970
2892 2893
16658 16659
39133 39134
17252 17253
16012 16013
15126 15127
19582 19583
8502 8503
31295 31296
32201 32202
25479 25480
13716 13717
14438 14439
8019 8020
9982 9983
1840 1841
2190 2191
3961 3962
28844 28845
11055 11056
32202 32203
35077 35078
24033 24034
11453 11454
7426 7427
5260 5261
14018 14019
20179 20180
32981 32982
3055 3056
31240 31241
15231 15232
3797 3798
14020 14021
12710 12711
2050 2051
28382 28383
37119 37120
5843 5844
7338 7339
21775 21776
16784 16785
28431 28432
38551 38552
37265 37266
480 481
22266 22267
9366 9367
30009 30010
19670 19671
20323 20324
21692 21693
2740 2741
39999 40000
33571 33572
8908 8909
35545 35546
10726 10727
17373 17374
24965 24966
21998 21999
33807 33808
9007 9008
30530 30531
11677 11678
39045 39046
21189 21190
9989 9990
18636 18637
16283 16284
13051 13052
3151 3152
18133 18134
34814 34815
11145 11146
37631 37632
34205 34206
7063 7064
38550 38551
23073 23074
16677 16678
37986 37987
15179 15180
39693 39694
9266 9267
832 833
6099 6100
33852 33853
32562 32563
13053 13054
1892 1893
14464 14465
21712 21713
4389 4390
37701 37702
36060 36061
15413 15414
17675 17676
4148 4149
30123 30124
37396 37397
25629 25630
16817 16818
35311 35312
36725 36726
22391 22392
31126 31127
12778 12779
32062 32063
25052 25053
18350 18351
22179 22180
21835 21836
3879 3880
30513 30514
31719 31720
5931 5932
4803 4804
38380 38381
35033 35034
27473 27474
34975 34976
16651 16652
8900 8901
23403 23404
817 818
11762 11763
25627 25628
17734 17735
15369 15370
22707 22708
36720 36721
12847 12848
38419 38420
10110 10111
18287 18288
21020 21021
19740 19741
36636 36637
17289 17290
14070 14071
14231 14232
23748 23749
38792 38793
2413 2414
27696 27697
36457 36458
2534 2535
27716 27717
36836 36837
14630 14631
28956 28957
27672 27673
22242 22243
9714 9715
35277 35278
6799 6800
18468 18469
28215 28216
17615 17616
12496 12497
3139 3140
26599 26600
36489 36490
18721 18722
18140 18141
33318 33319
37285 37286
12735 12736
4605 4606
9372 9373
28353 28354
12597 12598
22608 22609
29143 29144
23402 23403
856 857
17827 17828
35349 35350
20392 20393
20884 20885
11153 11154
24151 24152
31810 31811
17175 17176
29693 29694
17221 17222
12778 12779
14650 14651
20362 20363
39718 39719
32981 32982
30727 30728
37690 37691
32689 32690
2856 2857
32882 32883
11752 11753
15186 15187
13329 13330
32828 32829
29373 29374
37265 37266
21053 21054
13120 13121
19719 19720
39717 39718
8620 8621
31804 31805
13974 13975
24877 24878
27279 27280
32061 32062
28504 28505
34710 34711
7959 7960
13116 13117
15213 15214
25801 25802
27564 27565
10771 10772
10654 10655
15835 15836
35214 35215
22581 22582
12219 12220
7087 7088
26719 26720
7977 7978
35394 35395
20576 20577
30409 30410
26773 26774
38016 38017
1788 1789
37266 37267
23579 23580
25329 25330
8817 8818
29703 29704
26048 26049
6245 6246
6996 6997
10014 10015
28779 28780
8036 8037
8452 8453
1804 1805
32359 32360
11902 11903
11388 11389
15559 15560
11373 11374
26736 26737
37687 37688
27221 27222
5405 5406
12537 12538
13119 13120
29662 29663
22839 22840
5471 5472
14567 14568
17494 17495
553 554
32323 32324
412 413
3342 3343
38530 38531
39099 39100
29858 29859
6082 6083
7544 7545
35575 35576
18113 18114
1577 1578
21148 21149
16840 16841
3014 3015
4001 4002
31327 31328
15903 15904
31374 31375
27460 27461
32391 32392
14344 14345
5192 5193
18732 18733
39859 39860
38874 38875
27463 27464
661 662
24148 24149
13564 13565
2739 2740
20476 20477
34548 34549
20503 20504
13339 13340
26596 26597
27055 27056
25862 25863
16490 16491
35769 35770
21360 21361
2342 2343
21468 21469
26836 26837
11762 11763
24322 24323
1948 1949
14490 14491
14453 14454
37228 37229
4616 4617
36116 36117
33765 33766
15788 15789
11607 11608
31790 31791
6944 6945
18439 18440
33263 33264
3975 3976
11920 11921
32850 32851
17005 17006
3663 3664
25468 25469
26639 26640
15572 15573
17128 17129
26262 26263
7817 7818
33007 33008
19739 19740
38554 38555
25347 25348
5803 5804
28552 28553
17894 17895
28084 28085
16865 16866
2771 2772
25814 25815
30116 30117
2346 2347
24803 24804
7801 7802
16722 16723
16195 16196
863 864
26426 26427
32259 32260
35167 35168
38017 38018
2169 2170
26125 26126
18895 18896
25786 25787
12936 12937
15432 15433
21385 21386
16294 16295
7382 7383
28183 28184
25007 25008
38982 38983
6841 6842
21529 21530
11318 11319
3637 3638
21495 21496
22446 22447
22705 22706
13316 13317
876 877
38697 38698
26112 26113
13645 13646
27444 27445
34234 34235
1758 1759
21922 21923
26061 26062
17472 17473
13022 13023
27295 27296
25813 25814
19487 19488
39493 39494
9369 9370
19384 19385
31419 31420
16363 16364
21475 21476
17153 17154
30236 30237
10971 10972
17029 17030
21947 21948
6398 6399
18049 18050
1976 1977
10432 10433
26294 26295
9048 9049
2953 2954
22269 22270
16394 16395
7913 7914
18668 18669
13890 13891
21274 21275
5270 5271
12214 12215
28562 28563
12631 12632
13828 13829
37635 37636
26136 26137
13717 13718
5526 5527
37772 37773
16072 16073
19493 19494
13837 13838
21896 21897
24115 24116
33846 33847
24353 24354
24774 24775
17967 17968
14684 14685
3604 3605
20218 20219
38276 38277
19068 19069
23904 23905
22394 22395
3448 3449
4749 4750
29071 29072
17864 17865
22365 22366
28774 28775
14134 14135
29851 29852
33755 33756
37997 37998
4120 4121
18141 18142
27618 27619
30512 30513
31596 31597
12813 12814
604 605
21210 21211
12925 12926
11464 11465
37495 37496
14532 14533
31455 31456
14996 14997
16398 16399
24051 24052
16441 16442
7996 7997
36852 36853
37134 37135
27371 27372
25668 25669
1100 1101
4262 4263
1605 1606
1727 1728
10242 10243
34997 34998
9172 9173
227 228
2278 2279
37022 37023
21717 21718
4274 4275
34749 34750
1914 1915
27382 27383
6114 6115
35751 35752
9652 9653
2242 2243
30471 30472
4228 4229
27501 27502
33018 33019
37089 37090
2489 2490
11987 11988
31585 31586
25851 25852
16404 16405
26901 26902
11821 11822
11836 11837
14643 14644
16960 16961
11688 11689
4865 4866
3758 3759
20319 20320
30451 30452
25948 25949
16415 16416
17615 17616
22495 22496
13606 13607
17174 17175
30796 30797
11808 11809
33700 33701
28394 28395
22330 22331
16162 16163
30991 30992
39734 39735
2859 2860
31265 31266
37502 37503
35175 35176
32979 32980
11824 11825
29297 29298
11928 11929
36180 36181
35226 35227
27886 27887
9332 9333
39363 39364
14853 14854
31385 31386
14895 14896
20023 20024
21166 21167
24715 24716
6143 6144
11813 11814
24388 24389
1460 1461
26280 26281
34483 34484
10249 10250
14311 14312
15670 15671
1708 1709
6087 6088
38496 38497
14644 14645
15394 15395
403 404
8602 8603
21518 21519
4195 4196
14073 14074
8856 8857
21250 21251
13716 13717
10784 10785
21363 21364
30645 30646
14456 14457
22697 22698
4620 4621
16209 16210
22678 22679
15000 15001
27874 27875
18889 18890
34730 34731
26852 26853
30277 30278
21336 21337
32856 32857
28613 28614
11845 11846
13783 13784
39302 39303
20127 20128
38821 38822
37407 37408
3481 3482
1623 1624
15703 15704
37086 37087
18604 18605
21238 21239
7787 7788
14044 14045
35893 35894
6720 6721
30521 30522
33840 33841
6052 6053
6390 6391
2868 2869
32388 32389
22509 22510
32250 32251
24462 24463
16209 16210
7643 7644
31490 31491
33256 33257
22848 22849
3286 3287
5890 5891
20997 20998
574 575
10782 10783
6637 6638
21119 21120
30466 30467
28751 28752
2702 2703
20651 20652
23080 23081
20509 20510
32614 32615
32780 32781
27610 27611
29844 29845
7551 7552
37305 37306
1909 1910
39723 39724
29207 29208
20002 20003
20541 20542
37781 37782
5739 5740
21928 21929
33496 33497
7153 7154
39563 39564
14883 14884
32301 32302
33507 33508
12370 12371
39687 39688
34968 34969
19801 19802
3167 3168
18361 18362
24937 24938
26614 26615
15823 15824
21201 21202
27991 27992
28166 28167
5265 5266
8902 8903
22075 22076
18330 18331
11657 11658
20878 20879
10579 10580
26138 26139
2227 2228
18181 18182
23849 23850
26995 26996
37375 37376
36140 36141
11966 11967
27253 27254
35059 35060
21610 21611
39083 39084
29687 29688
1933 1934
6767 6768
21123 21124
17186 17187
30118 30119
9089 9090
26965 26966
37195 37196
684 685
11233 11234
19409 19410
39613 39614
7995 7996
29241 29242
6045 6046
21784 21785
34220 34221
29557 29558
10971 10972
34110 34111
31234 31235
5777 5778
32242 32243
2877 2878
19082 19083
30872 30873
117 118
5578 5579
31537 31538
33173 33174
27582 27583
941 942
37078 37079
7492 7493
32232 32233
8578 8579
4491 4492
1391 1392
2049 2050
34916 34917
1247 1248
13898 13899
37355 37356
13183 13184
38941 38942
16932 16933
22564 22565
6257 6258
6709 6710
31204 31205
9715 9716
36516 36517
26473 26474
38747 38748
11581 11582
23629 23630
595 596
32047 32048
35423 35424
13823 13824
39346 39347
5698 5699
17097 17098
2139 2140
20426 20427
6774 6775
21208 21209
29698 29699
33886 33887
20519 20520
29370 29371
3134 3135
1776 1777
6171 6172
25877 25878
5401 5402
9241 9242
36686 36687
8530 8531
21051 21052
35810 35811
33580 33581
26592 26593
6532 6533
37523 37524
26561 26562
3348 3349
766 767
16199 16200
8101 8102
1885 1886
11093 11094
30007 30008
39507 39508
29673 29674
35332 35333
2023 2024
18298 18299
30295 30296
8907 8908
31326 31327
4399 4400
31862 31863
2464 2465
34185 34186
790 791
19159 19160
24025 24026
10284 10285
6274 6275
34367 34368
13271 13272
26334 26335
11160 11161
39710 39711
16704 16705
20678 20679
13291 13292
35250 35251
10311 10312
22700 22701
13579 13580
5600 5601
37170 37171
2999 3000
31959 31960
38012 38013
12094 12095
34323 34324
21028 21029
38868 38869
39006 39007
29450 29451
9938 9939
19361 19362
13123 13124
18096 18097
17569 17570
3019 3020
24094 24095
4143 4144
18933 18934
7761 7762
477 478
22918 22919
37478 37479
21291 21292
672 673
24609 24610
29246 29247
4557 4558
30943 30944
2937 2938
11243 11244
39946 39947
829 830
10182 10183
7124 7125
15420 15421
15326 15327
25119 25120
14512 14513
17134 17135
10008 10009
29197 29198
33693 33694
27677 27678
19149 19150
31885 31886
17759 17760
36477 36478
207 208
13045 13046
39645 39646
4908 4909
11704 11705
37818 37819
3768 3769
34223 34224
26213 26214
11390 11391
15606 15607
38431 38432
18673 18674
30347 30348
33646 33647
4414 4415
16353 16354
20863 20864
5724 5725
38655 38656
17050 17051
5992 5993
11073 11074
16764 16765
31550 31551
25457 25458
14141 14142
12043 12044
12368 12369
4730 4731
32950 32951
10516 10517
22343 22344
13725 13726
23491 23492
15020 15021
2736 2737
21600 21601
29015 29016
840 841
25385 25386
10061 10062
6980 6981
9769 9770
5466 5467
15212 15213
14672 14673
20813 20814
300 301
1911 1912
18149 18150
39844 39845
28933 28934
26848 26849
13010 13011
4050 4051
17999 18000
7243 7244
30516 30517
14726 14727
21749 21750
38598 38599
38526 38527
38399 38400
33217 33218
3628 3629
32286 32287
17109 17110
17519 17520
6699 6700
12106 12107
30135 30136
18866 18867
108 109
13351 13352
37348 37349
11626 11627
12734 12735
4204 4205
39382 39383
17790 17791
21691 21692
13121 13122
4348 4349
7378 7379
27899 27900
39204 39205
282 283
8359 8360
19015 19016
23900 23901
15921 15922
24124 24125
21165 21166
11879 11880
27373 27374
28538 28539
36136 36137
1547 1548
38697 38698
6580 6581
7000 7001
16830 16831
8784 8785
2848 2849
33969 33970
11572 11573
10419 10420
23822 23823
25162 25163
6900 6901
27334 27335
35271 35272
12725 12726
3793 3794
32165 32166
18486 18487
11981 11982
11152 11153
3682 3683
37225 37226
32757 32758
36283 36284
32234 32235
21230 21231
30719 30720
20166 20167
28667 28668
25276 25277
38174 38175
25517 25518
16553 16554
14970 14971
21739 21740
38961 38962
12321 12322
6522 6523
25631 25632
24089 24090
14210 14211
25065 25066
14831 14832
210 211
7511 7512
28953 28954
38105 38106
11940 11941
21003 21004
32093 32094
3093 3094
10255 10256
30453 30454
9476 9477
1000 1001
18755 18756
23082 23083
29917 29918
7094 7095
34545 34546
19871 19872
32619 32620
32702 32703
32914 32915
4062 4063
13604 13605
7671 7672
16514 16515
11798 11799
33213 33214
39925 39926
17552 17553
36305 36306
3349 3350
24457 24458
30195 30196
32282 32283
10320 10321
18333 18334
19956 19957
15183 15184
29193 29194
11194 11195
38047 38048
9722 9723
20661 20662
39224 39225
16529 16530
4776 4777
30739 30740
10168 10169
12096 12097
37236 37237
22521 22522
30276 30277
5062 5063
5234 5235
24055 24056
38179 38180
26909 26910
23145 23146
4508 4509
30322 30323
31804 31805
28015 28016
86 87
22197 22198
12566 12567
38824 38825
37414 37415
31412 31413
29372 29373
19823 19824
34688 34689
20035 20036
5983 5984
23016 23017
16115 16116
6217 6218
29134 29135
15183 15184
25475 25476
4202 4203
17792 17793
15304 15305
31873 31874
24256 24257
15588 15589
36856 36857
16980 16981
17371 17372
23312 23313
39482 39483
5938 5939
25270 25271
4050 4051
16209 16210
30865 30866
20549 20550
15401 15402
15415 15416
10002 10003
33087 33088
5935 5936
25335 25336
38185 38186
18052 18053
29342 29343
21869 21870
25257 25258
10561 10562
10217 10218
36579 36580
15172 15173
31692 31693
30487 30488
10660 10661
32432 32433
9227 9228
13375 13376
2173 2174
13858 13859
19772 19773
15966 15967
13525 13526
3 4
38303 38304
23940 23941
1308 1309
27421 27422
10859 10860
9628 9629
18056 18057
35283 35284
16035 16036
32657 32658
28874 28875
14026 14027
16468 16469
18703 18704
5189 5190
35287 35288
3272 3273
25140 25141
28949 28950
11512 11513
9289 9290
13457 13458
24196 24197
10461 10462
25701 25702
2851 2852
7006 7007
37912 37913
18936 18937
39646 39647
6723 6724
26123 26124
16151 16152
28540 28541
30465 30466
14446 14447
26558 26559
7370 7371
10714 10715
33772 33773
19413 19414
38819 38820
39386 39387
35712 35713
26011 26012
9828 9829
20714 20715
37877 37878
18245 18246
37526 37527
35232 35233
10633 10634
23868 23869
19758 19759
18158 18159
12100 12101
8759 8760
16524 16525
39143 39144
12971 12972
1379 1380
23897 23898
13202 13203
33754 33755
37152 37153
25 26
27527 27528
3434 3435
33005 33006
25843 25844
30776 30777
31432 31433
20224 20225
26895 26896
8183 8184
451 452
6177 6178
21604 21605
8479 8480
11349 11350
28333 28334
28444 28445
32308 32309
31430 31431
26744 26745
29030 29031
20546 20547
37680 37681
25384 25385
23716 23717
30292 30293
23888 23889
22881 22882
14517 14518
20253 20254
4169 4170
11267 11268
14481 14482
20041 20042
18146 18147
39990 39991
28317 28318
1518 1519
29930 29931
15578 15579
11547 11548
2807 2808
34397 34398
8952 8953
11387 11388
13115 13116
30137 30138
708 709
9139 9140
5685 5686
15000 15001
13799 13800
3611 3612
27506 27507
34272 34273
30100 30101
39746 39747
15161 15162
7121 7122
2557 2558
12213 12214
20021 20022
32997 32998
30892 30893
20760 20761
37032 37033
9660 9661
25932 25933
14477 14478
1679 1680
13165 13166
16534 16535
2518 2519
21824 21825
36875 36876
13367 13368
20019 20020
9878 9879
10698 10699
11909 11910
30273 30274
22090 22091
34365 34366
32096 32097
25335 25336
36817 36818
38296 38297
22250 22251
36358 36359
2144 2145
12376 12377
12924 12925
17143 17144
14625 14626
26460 26461
13281 13282
13258 13259
8127 8128
19650 19651
21846 21847
25096 25097
39394 39395
26069 26070
31558 31559
30943 30944
33622 33623
14434 14435
2360 2361
28331 28332
15535 15536
35035 35036
34804 34805
18519 18520
31168 31169
21124 21125
14943 14944
22373 22374
33732 33733
2903 2904
37049 37050
23745 23746
24850 24851
19198 19199
32231 32232
26090 26091
30017 30018
17176 17177
30880 30881
7904 7905
17901 17902
38025 38026
5759 5760
35497 35498
1751 1752
35768 35769
21235 21236
13943 13944
29891 29892
13007 13008
10020 10021
14330 14331
19024 19025
20801 20802
36190 36191
10996 10997
4365 4366
4686 4687
23154 23155
8314 8315
14636 14637
10255 10256
1157 1158
10277 10278
18517 18518
19622 19623
9725 9726
23298 23299
23491 23492
35712 35713
15723 15724
32276 32277
27102 27103
13500 13501
34306 34307
2676 2677
3990 3991
29827 29828
35087 35088
20410 20411
36902 36903
38288 38289
31002 31003
37977 37978
7560 7561
32140 32141
9835 9836
5004 5005
38350 38351
35419 35420
16545 16546
19570 19571
13530 13531
2853 2854
7359 7360
11010 11011
29485 29486
10212 10213
19765 19766
1342 1343
37844 37845
20133 20134
292 293
14555 14556
16287 16288
31746 31747
28858 28859
325 326
4437 4438
16283 16284
2512 2513
12914 12915
12778 12779
34132 34133
26544 26545
13091 13092
13136 13137
13603 13604
280 281
9091 9092
26721 26722
2169 2170
1056 1057
14101 14102
24520 24521
38333 38334
38848 38849
18122 18123
23816 23817
28675 28676
32178 32179
15228 15229
13658 13659
16491 16492
9581 9582
12236 12237
4735 4736
19486 19487
29479 29480
25954 25955
13481 13482
17306 17307
14829 14830
39774 39775
39054 39055
9599 9600
26044 26045
5069 5070
20560 20561
2380 2381
3019 3020
2369 2370
1007 1008
9256 9257
5642 5643
26330 26331
9965 9966
32843 32844
19270 19271
30300 30301
6872 6873
36011 36012
6280 6281
37803 37804
25477 25478
27832 27833
6851 6852
34252 34253
37693 37694
6048 6049
34790 34791
27025 27026
38454 38455
23064 23065
35006 35007
15962 15963
29420 29421
4270 4271
15116 15117
33351 33352
21106 21107
9816 9817
6950 6951
2028 2029
33535 33536
4964 4965
29080 29081
12716 12717
17275 17276
5449 5450
30563 30564
8061 8062
917 918
3026 3027
9554 9555
3419 3420
11636 11637
1022 1023
1036 1037
478 479
37326 37327
35423 35424
36840 36841
30637 30638
32443 32444
9704 9705
23448 23449
32808 32809
23498 23499
24081 24082
29994 29995
9060 9061
14873 14874
1891 1892
6136 6137
35661 35662
32645 32646
11486 11487
6257 6258
11508 11509
18510 18511
29796 29797
38674 38675
19028 19029
36324 36325
3337 3338
39129 39130
25533 25534
26130 26131
7279 7280
33742 33743
3248 3249
23904 23905
18554 18555
27983 27984
36342 36343
18346 18347
25296 25297
26371 26372
3936 3937
38671 38672
4485 4486
13428 13429
7144 7145
10743 10744
13309 13310
38198 38199
19083 19084
21222 21223
21485 21486
32046 32047
35102 35103
12793 12794
34219 34220
17036 17037
29314 29315
48 49
24633 24634
28447 28448
1710 1711
8139 8140
38313 38314
11662 11663
22538 22539
6429 6430
24400 24401
8058 8059
8818 8819
8683 8684
29556 29557
25912 25913
37245 37246
10982 10983
8609 8610
34426 34427
14785 14786
7206 7207
27155 27156
26913 26914
27728 27729
29624 29625
13598 13599
24455 24456
17839 17840
27098 27099
5666 5667
28135 28136
24813 24814
9984 9985
17762 17763
31564 31565
4035 4036
26605 26606
9359 9360
17807 17808
4722 4723
6685 6686
3174 3175
23848 23849
36634 36635
36297 36298
11389 11390
4950 4951
31403 31404
25536 25537
22489 22490
6909 6910
773 774
34457 34458
2573 2574
13244 13245
8123 8124
11955 11956
11025 11026
24702 24703
7794 7795
1651 1652
6005 6006
14129 14130
2710 2711
29581 29582
20512 20513
1798 1799
5960 5961
15330 15331
25766 25767
8580 8581
34058 34059
19922 19923
15439 15440
24065 24066
35056 35057
29157 29158
15544 15545
22655 22656
988 989
13280 13281
6310 6311
38304 38305
37698 37699
35896 35897
21391 21392
139 140
20965 20966
19391 19392
6606 6607
5181 5182
10534 10535
10496 10497
17025 17026
37180 37181
33563 33564
2861 2862
31993 31994
1409 1410
35528 35529
38092 38093
35643 35644
25817 25818
27636 27637
10001 10002
27062 27063
8971 8972
9059 9060
2280 2281
16993 16994
38844 38845
3740 3741
16405 16406
26260 26261
2485 2486
38326 38327
10078 10079
17957 17958
28622 28623
18468 18469
29698 29699
37020 37021
10702 10703
28153 28154
27157 27158
37452 37453
18718 18719
24025 24026
28068 28069
39435 39436
23936 23937
16304 16305
5535 5536
4470 4471
26331 26332
30963 30964
19562 19563
16997 16998
19986 19987
24039 24040
33763 33764
14121 14122
24872 24873
2078 2079
4444 4445
5668 5669
31992 31993
10842 10843
13290 13291
10873 10874
24332 24333
5365 5366
39823 39824
16963 16964
28192 28193
28339 28340
4408 4409
24751 24752
19154 19155
35280 35281
28248 28249
13968 13969
23862 23863
29729 29730
38729 38730
10912 10913
2348 2349
3500 3501
12791 12792
9940 9941
4609 4610
18393 18394
24450 24451
17173 17174
3380 3381
7283 7284
15453 15454
4127 4128
24937 24938
26913 26914
2428 2429
9215 9216
27531 27532
34759 34760
21960 21961
33048 33049
7894 7895
19581 19582
17330 17331
16878 16879
38472 38473
2603 2604
12784 12785
1409 1410
12780 12781
36767 36768
28021 28022
22370 22371
7968 7969
33 34
28539 28540
19286 19287
5585 5586
258 259
24968 24969
18653 18654
33082 33083
14841 14842
29732 29733
27284 27285
16711 16712
33039 33040
12814 12815
24568 24569
12907 12908
8441 8442
8897 8898
20036 20037
15654 15655
9937 9938
8019 8020
14018 14019
7124 7125
2364 2365
12844 12845
18473 18474
11200 11201
27220 27221
23233 23234
29721 29722
26507 26508
34756 34757
18336 18337
8179 8180
30996 30997
4213 4214
25449 25450
2743 2744
7727 7728
34100 34101
14760 14761
4117 4118
12122 12123
29589 29590
27758 27759
38650 38651
15272 15273
21155 21156
14776 14777
2717 2718
971 972
3118 3119
25160 25161
4810 4811
28383 28384
24998 24999
37310 37311
6155 6156
26380 26381
10413 10414
25429 25430
14900 14901
2837 2838
31398 31399
9920 9921
32355 32356
23312 23313
29556 29557
31581 31582
24965 24966
11543 11544
26853 26854
2933 2934
19569 19570
19628 19629
27090 27091
10102 10103
38441 38442
36915 36916
5112 5113
18435 18436
7835 7836
4465 4466
36082 36083
2020 2021
35777 35778
19657 19658
17069 17070
22566 22567
7790 7791
24404 24405
27066 27067
2968 2969
17511 17512
1182 1183
30284 30285
12473 12474
5203 5204
8468 8469
